2026-10-06T08:49:24Z INFO Logging to /tmp/logs/update_2026-10-06T08-49-24Z.log.
2026-10-06T08:49:24Z INFO Update valid-nwb-file-to-number-of-groups (base directory /tmp).
2026-10-06T08:49:24Z INFO Processing 900 items (85036 already recorded).
2026-10-06T08:49:35Z INFO [1/900] 4f10cc50-2181-44f4-8c67-ebbae92c4f29: 393 groups; 11.2 s; peak memory 159 MiB.
2026-10-06T08:49:36Z INFO [2/900] 4f1119d7-8fab-4052-94c9-07ab937341ef: 22 groups; 0.9 s; peak memory 160 MiB.
2026-10-06T08:49:37Z INFO [3/900] 4f115ddc-9f33-4e2e-813a-f5b7de2da3f2: 32 groups; 1.1 s; peak memory 160 MiB.
2026-10-06T08:49:38Z INFO [4/900] 4f11ba0c-54ee-48bc-b16c-7201d89528c8: 32 groups; 1.0 s; peak memory 160 MiB.
2026-10-06T08:49:40Z INFO [5/900] 4f126ae4-76b8-4c16-a56b-010cbabb8277: 206 groups; 1.6 s; peak memory 160 MiB.
2026-10-06T08:49:40Z INFO [6/900] 4f136388-53be-4c25-95ed-af0ee6a2fd8e: 16 groups; 0.6 s; peak memory 161 MiB.
2026-10-06T08:49:41Z INFO [7/900] 4f1370fb-d643-490c-9929-91f3b30fbd20: 32 groups; 1.0 s; peak memory 161 MiB.
2026-10-06T08:49:42Z INFO [8/900] 4f13847c-7ead-48d5-90e6-ed6367969d8e: 22 groups; 1.0 s; peak memory 161 MiB.
2026-10-06T08:49:43Z INFO [9/900] 4f13d0c9-4ac3-498c-be99-fd86d9277d63: 28 groups; 1.0 s; peak memory 161 MiB.
2026-10-06T08:49:44Z INFO [10/900] 4f140da5-20db-4a32-92f2-35d70478e7b3: 22 groups; 0.9 s; peak memory 161 MiB.
2026-10-06T08:49:54Z INFO [11/900] 4f14683b-a4cc-404f-8d2a-6aeaa8421f73: 164 groups; 10.0 s; peak memory 162 MiB.
2026-10-06T08:49:56Z INFO [12/900] 4f1590b3-56a0-484f-899a-617d834826cf: 48 groups; 1.9 s; peak memory 162 MiB.
2026-10-06T08:49:57Z INFO [13/900] 4f16e9c0-b70c-40ea-ad3d-ee37e7e6c061: 24 groups; 0.8 s; peak memory 162 MiB.
2026-10-06T08:49:59Z INFO [14/900] 4f1710fa-249b-41ee-867e-59eb5a6d257b: 341 groups; 1.8 s; peak memory 163 MiB.
2026-10-06T08:50:00Z INFO [15/900] 4f1744d7-5824-489f-a4dc-56770d82e499: 35 groups; 1.1 s; peak memory 163 MiB.
2026-10-06T08:50:01Z INFO [16/900] 4f17a37f-6ba8-470e-bab1-d13dfd2ef6d0: 35 groups; 1.1 s; peak memory 163 MiB.
2026-10-06T08:50:02Z INFO [17/900] 4f187fb4-3487-402f-ba22-d433d7663c52: 32 groups; 1.3 s; peak memory 163 MiB.
2026-10-06T08:50:03Z INFO [18/900] 4f18bbe4-6dcb-4e00-839e-8a4e7d6fbcc5: 35 groups; 1.3 s; peak memory 163 MiB.
2026-10-06T08:50:05Z INFO [19/900] 4f19ca9f-8848-4cad-be44-4e4d7d3bdb34: 32 groups; 1.0 s; peak memory 164 MiB.
2026-10-06T08:50:06Z INFO [20/900] 4f1a24fc-9958-4f21-81ac-d14211ff8be0: 22 groups; 1.0 s; peak memory 164 MiB.
2026-10-06T08:50:06Z INFO [21/900] 4f1a6f93-20c2-4ff6-af9c-c27154294d7d: 29 groups; 0.6 s; peak memory 164 MiB.
2026-10-06T08:50:07Z INFO [22/900] 4f1ac23a-10be-41e5-b03f-249c8a508520: 337 groups; 1.4 s; peak memory 164 MiB.
2026-10-06T08:50:12Z INFO [23/900] 4f1b71af-dfd3-4716-90f6-1b8162fdfbe3: 78 groups; 4.0 s; peak memory 164 MiB.
2026-10-06T08:50:13Z INFO [24/900] 4f1daba3-fb60-4540-8585-5c79079be5f9: 207 groups; 1.5 s; peak memory 164 MiB.
2026-10-06T08:50:14Z INFO [25/900] 4f1e5e7b-9a55-421b-803e-96515f39ce64: 32 groups; 0.8 s; peak memory 164 MiB.
2026-10-06T08:50:15Z INFO [26/900] 4f1ec0eb-ea54-4a24-bd3c-4fc6bf969f87: 31 groups; 0.8 s; peak memory 164 MiB.
2026-10-06T08:50:15Z INFO [27/900] 4f1f11a0-43c9-470a-9be6-637fcb0df1d1: 30 groups; 0.7 s; peak memory 164 MiB.
2026-10-06T08:50:16Z INFO [28/900] 4f1f136d-0d1f-4d7b-a409-5ed9d9c2dee4: 32 groups; 1.1 s; peak memory 164 MiB.
2026-10-06T08:52:09Z INFO [29/900] 4f1f82f2-93c2-4e28-b55c-a41b7094ff4a: 71 groups; 112.4 s; peak memory 275 MiB.
2026-10-06T08:52:10Z INFO [30/900] 4f202beb-b101-48d8-91c8-73eb298547b4: 36 groups; 1.2 s; peak memory 275 MiB.
2026-10-06T08:52:11Z INFO [31/900] 4f206762-d7d3-45c4-a312-8e0c7909f405: 28 groups; 1.0 s; peak memory 275 MiB.
2026-10-06T08:52:12Z INFO [32/900] 4f20abfc-e2a9-4d61-93d8-0620ee28c698: 17 groups; 0.7 s; peak memory 275 MiB.
2026-10-06T08:52:15Z INFO [33/900] 4f2107ef-6b2e-4bb9-b0d2-75909bedf908: 78 groups; 3.7 s; peak memory 275 MiB.
2026-10-06T08:54:22Z INFO [34/900] 4f21b37f-117e-4399-8ff4-086267983921: 77 groups; 126.4 s; peak memory 276 MiB.
2026-10-06T08:54:23Z INFO [35/900] 4f21ca74-3e5b-46da-a955-5b474fd76fec: 18 groups; 0.8 s; peak memory 276 MiB.
2026-10-06T08:54:23Z INFO [36/900] 4f239c04-b41f-41dd-95c3-d171035dbe85: 22 groups; 0.8 s; peak memory 276 MiB.
2026-10-06T08:54:24Z INFO [37/900] 4f247bf5-7569-4ac7-be6f-1c7fd563d4c7: 22 groups; 0.9 s; peak memory 276 MiB.
2026-10-06T08:54:25Z INFO [38/900] 4f24a190-4cce-4a17-9cda-0d6f4fbc3f46: 108 groups; 1.1 s; peak memory 276 MiB.
2026-10-06T08:54:26Z INFO [39/900] 4f2584e2-2e07-426b-8835-b79f8936ac1f: 22 groups; 0.8 s; peak memory 276 MiB.
2026-10-06T08:54:28Z INFO [40/900] 4f25a55a-c30f-488e-b2dd-831058e91aff: 42 groups; 1.4 s; peak memory 276 MiB.
2026-10-06T08:54:32Z INFO [41/900] 4f25b370-9767-4ef4-b9ba-2500ebd3b696: 92 groups; 4.7 s; peak memory 276 MiB.
2026-10-06T08:54:33Z INFO [42/900] 4f261818-1d57-4acc-897a-4fd5daf9fb96: 32 groups; 0.9 s; peak memory 276 MiB.
2026-10-06T08:54:34Z INFO [43/900] 4f26423e-6837-4c9c-8db3-803ccc54a87d: 22 groups; 0.9 s; peak memory 276 MiB.
2026-10-06T08:54:35Z INFO [44/900] 4f269c29-622f-4765-868f-0e2c3d4ea128: 17 groups; 0.9 s; peak memory 276 MiB.
2026-10-06T08:54:49Z INFO [45/900] 4f26d6da-690c-4d9a-b638-83978e9e688c: 27 groups; 14.2 s; peak memory 276 MiB.
2026-10-06T08:54:50Z INFO [46/900] 4f280ded-4735-448d-aa7f-f3f8a926d094: 22 groups; 0.8 s; peak memory 276 MiB.
2026-10-06T08:54:51Z INFO [47/900] 4f2866bb-b299-41d2-a35c-e2dd6b99e32d: 201 groups; 1.2 s; peak memory 276 MiB.
2026-10-06T08:54:52Z INFO [48/900] 4f293dfa-b24f-43ee-ab1c-d8cc08e46a36: 22 groups; 0.8 s; peak memory 276 MiB.
2026-10-06T08:54:53Z INFO [49/900] 4f298855-5f3b-4322-a90a-d03c30282d25: 22 groups; 1.0 s; peak memory 276 MiB.
2026-10-06T08:54:59Z INFO [50/900] 4f29b2bb-3b56-44b1-b725-9bfc49c85a48: 85 groups; 5.4 s; peak memory 276 MiB.
2026-10-06T08:54:59Z INFO [50/900] 4f29b2bb-3b56-44b1-b725-9bfc49c85a48: checkpointed 85086 records.
2026-10-06T08:54:59Z INFO [51/900] 4f29f564-1d08-4c5f-a4a9-ab24fcb17bdd: 17 groups; 0.7 s; peak memory 276 MiB.
2026-10-06T08:55:06Z INFO [52/900] 4f2a5cc2-7d4e-4238-9341-a5931b5dfc1d: 203 groups; 6.2 s; peak memory 276 MiB.
2026-10-06T08:55:06Z INFO [53/900] 4f2abddf-1f59-421f-a228-2aebef457a2e: 16 groups; 0.5 s; peak memory 276 MiB.
2026-10-06T08:55:07Z INFO [54/900] 4f2b0697-a6b6-446f-8761-723fb2fae9f0: 22 groups; 0.7 s; peak memory 276 MiB.
2026-10-06T08:55:08Z INFO [55/900] 4f2b6c8e-31c7-4315-904b-488c3b165dc1: 29 groups; 1.0 s; peak memory 276 MiB.
2026-10-06T08:55:18Z INFO [56/900] 4f2bcba6-50d5-4541-b4c7-3a1c0f787300: 225 groups; 9.9 s; peak memory 276 MiB.
2026-10-06T08:55:32Z INFO [57/900] 4f2cb5ee-72f7-432e-a1b7-92a26744f5c8: 157 groups; 14.1 s; peak memory 276 MiB.
2026-10-06T08:55:32Z INFO [58/900] 4f2cdb84-fcb4-4c6f-84da-353a7fb1c795: 30 groups; 0.8 s; peak memory 276 MiB.
2026-10-06T08:55:33Z INFO [59/900] 4f2cfc01-7896-4bcb-b8d7-e3fadd42c739: 35 groups; 1.0 s; peak memory 276 MiB.
2026-10-06T08:55:35Z INFO [60/900] 4f2df195-1b5a-42d4-8514-8c5206ac6465: 33 groups; 1.0 s; peak memory 276 MiB.
2026-10-06T09:07:41Z INFO [61/900] 4f2df256-c2e5-40eb-a252-c73bf125bb3c: 89 groups; 726.6 s; peak memory 1097 MiB.
2026-10-06T09:07:42Z INFO [62/900] 4f2ea469-fecc-4a41-bb2c-b09cacf0b69c: 22 groups; 0.9 s; peak memory 1097 MiB.
2026-10-06T09:07:43Z INFO [63/900] 4f2f0b83-6835-409f-965e-15c8065f3b55: 18 groups; 0.7 s; peak memory 1097 MiB.
2026-10-06T09:07:44Z INFO [64/900] 4f2ff241-4e43-4cb9-9615-e7786f7d3ef5: 202 groups; 1.1 s; peak memory 1097 MiB.
2026-10-06T09:07:45Z INFO [65/900] 4f2ffc3b-98be-4aa1-a5d7-6d34657cf1d4: 17 groups; 1.7 s; peak memory 1097 MiB.
2026-10-06T09:07:48Z INFO [66/900] 4f30018a-67dd-4c09-be55-385ec29a209f: 58 groups; 2.5 s; peak memory 1097 MiB.
2026-10-06T09:07:49Z INFO [67/900] 4f305c7e-f128-4aed-b827-c6d96f3f6a34: 22 groups; 0.9 s; peak memory 1097 MiB.
2026-10-06T09:07:50Z INFO [68/900] 4f30780c-8297-4e7a-b932-18ad5e8ecf62: 36 groups; 1.4 s; peak memory 1097 MiB.
2026-10-06T09:07:53Z INFO [69/900] 4f30af20-3d6e-4842-ad38-1c4e7185432e: 129 groups; 3.1 s; peak memory 1097 MiB.
2026-10-06T09:07:54Z INFO [70/900] 4f3147db-d06e-458e-80a4-b890d2fb9862: 254 groups; 1.0 s; peak memory 1097 MiB.
2026-10-06T09:08:20Z INFO [71/900] 4f3149da-4b31-425c-9a56-9dc11d12319a: 1709 groups; 25.6 s; peak memory 1097 MiB.
2026-10-06T09:08:29Z INFO [72/900] 4f327cc7-99b1-4a1c-9ef5-16362f765d6a: 96 groups; 9.2 s; peak memory 1097 MiB.
2026-10-06T09:08:30Z INFO [73/900] 4f32a213-f36d-4917-a5de-0190d43c45b8: 33 groups; 1.1 s; peak memory 1097 MiB.
2026-10-06T09:08:31Z INFO [74/900] 4f334814-b5e3-4056-a982-ab120b56c6b7: 28 groups; 0.8 s; peak memory 1097 MiB.
2026-10-06T09:08:32Z INFO [75/900] 4f33b245-ef29-4ab8-9dc7-97ce8f21a8ae: 36 groups; 1.0 s; peak memory 1097 MiB.
2026-10-06T09:08:33Z INFO [76/900] 4f3405d8-5e8b-4e03-89e4-46a3b82f1a02: 22 groups; 0.9 s; peak memory 1097 MiB.
2026-10-06T09:08:34Z INFO [77/900] 4f3407ae-470c-4b1a-897e-724f4fb9b5b2: 35 groups; 1.2 s; peak memory 1097 MiB.
2026-10-06T09:08:35Z INFO [78/900] 4f3411e2-3974-45d9-97c5-420da6ed161b: 202 groups; 1.4 s; peak memory 1097 MiB.
2026-10-06T09:08:36Z INFO [79/900] 4f3464a0-8a25-4daa-bf75-010e6ec248df: 21 groups; 1.0 s; peak memory 1097 MiB.
2026-10-06T09:08:37Z INFO [80/900] 4f34f9c7-1f3a-4ee1-aa80-5f319572e549: 32 groups; 0.9 s; peak memory 1097 MiB.
2026-10-06T09:08:38Z INFO [81/900] 4f3704e5-d47e-4fdf-849a-f6fea0ef0a6b: 16 groups; 0.7 s; peak memory 1097 MiB.
2026-10-06T09:08:39Z INFO [82/900] 4f372b91-34d1-4686-9aef-a1af13033d1e: 35 groups; 1.3 s; peak memory 1097 MiB.
2026-10-06T09:08:40Z INFO [83/900] 4f374e66-dfaa-4e16-913f-6f395fdf9d71: 25 groups; 0.9 s; peak memory 1097 MiB.
2026-10-06T09:08:41Z INFO [84/900] 4f393bc0-e7ec-4d70-ad3a-c9e7feeb0c41: 32 groups; 1.0 s; peak memory 1097 MiB.
2026-10-06T09:08:42Z INFO [85/900] 4f39698b-c391-4d7e-a5b4-48d5cdcb8599: 32 groups; 1.1 s; peak memory 1097 MiB.
2026-10-06T09:08:43Z INFO [86/900] 4f3a900b-8570-4857-9969-92bc8067f3b1: 22 groups; 0.9 s; peak memory 1097 MiB.
2026-10-06T09:08:44Z INFO [87/900] 4f3b193f-b6a2-45eb-97ab-f3260f7e2425: 32 groups; 1.2 s; peak memory 1097 MiB.
2026-10-06T09:08:45Z INFO [88/900] 4f3b7eed-2aa0-4de7-8c0b-f7466732e405: 28 groups; 0.9 s; peak memory 1097 MiB.
2026-10-06T09:08:46Z INFO [89/900] 4f3c47a2-0820-4a17-b6dd-d2e91a9cec80: 35 groups; 1.2 s; peak memory 1097 MiB.
2026-10-06T09:08:47Z INFO [90/900] 4f3d9511-bdf6-43a2-968e-08c03000c9f1: 202 groups; 0.9 s; peak memory 1097 MiB.
2026-10-06T09:08:48Z INFO [91/900] 4f3ddfd9-2bf3-4e19-a719-3aee364f9d55: 22 groups; 0.9 s; peak memory 1097 MiB.
2026-10-06T09:08:50Z INFO [92/900] 4f3e60a5-7e41-4d91-99f9-6a73052bb65c: 35 groups; 1.3 s; peak memory 1097 MiB.
2026-10-06T09:08:51Z INFO [93/900] 4f3e9439-38cf-447b-8c9a-e9de1b5a777f: 58 groups; 1.7 s; peak memory 1097 MiB.
2026-10-06T09:08:52Z INFO [94/900] 4f3ec893-14e1-498c-816e-47d7b5d7db57: 32 groups; 0.9 s; peak memory 1097 MiB.
2026-10-06T09:08:57Z INFO [95/900] 4f3f0647-66d0-4c13-a430-ff5bebc558c6: 34 groups; 5.3 s; peak memory 1097 MiB.
2026-10-06T09:08:59Z INFO [96/900] 4f3f22a5-462b-46ec-9c44-63ba669e7845: 37 groups; 1.1 s; peak memory 1097 MiB.
2026-10-06T09:09:01Z INFO [97/900] 4f3f4e0d-57c4-4512-9390-167d3e0b09c2: 48 groups; 2.5 s; peak memory 1097 MiB.
2026-10-06T09:09:02Z INFO [98/900] 4f3fc7ce-4534-40bb-b198-b89e8a175464: 29 groups; 1.2 s; peak memory 1097 MiB.
2026-10-06T09:09:03Z INFO [99/900] 4f3fdf4e-5450-437c-866d-45674c347285: 22 groups; 0.8 s; peak memory 1097 MiB.
2026-10-06T09:24:07Z INFO [100/900] 4f3fe586-aae1-42c6-93ee-a32c9f132d0c: 387 groups; 903.8 s; peak memory 1097 MiB.
2026-10-06T09:24:07Z INFO [100/900] 4f3fe586-aae1-42c6-93ee-a32c9f132d0c: checkpointed 85136 records.
2026-10-06T09:24:09Z INFO [101/900] 4f40da4d-8f2d-456a-b701-f7bc46772ec4: 32 groups; 2.0 s; peak memory 1097 MiB.
2026-10-06T09:24:10Z INFO [102/900] 4f41d001-41a8-4231-bd9e-e49ac3871034: 35 groups; 1.2 s; peak memory 1097 MiB.
2026-10-06T09:24:11Z INFO [103/900] 4f4282f5-c37c-4f82-b3cb-18723cdf16ca: 26 groups; 0.9 s; peak memory 1097 MiB.
2026-10-06T09:24:13Z INFO [104/900] 4f436394-5b6b-42b2-b312-366fe5db2c3d: 48 groups; 1.7 s; peak memory 1097 MiB.
2026-10-06T09:24:14Z INFO [105/900] 4f442ad7-2a2a-441a-adf6-1eb8ab8f3e60: 34 groups; 1.5 s; peak memory 1097 MiB.
2026-10-06T09:24:15Z INFO [106/900] 4f44d0fc-ce5b-49be-8e54-a44c005e2873: 31 groups; 0.8 s; peak memory 1097 MiB.
2026-10-06T09:24:16Z INFO [107/900] 4f45156e-3802-44ae-83ae-ad347ee2ef07: 22 groups; 0.9 s; peak memory 1097 MiB.
2026-10-06T09:24:17Z INFO [108/900] 4f4561fd-4e11-4775-8422-4a0db2b0542e: 35 groups; 1.2 s; peak memory 1097 MiB.
2026-10-06T09:24:18Z INFO [109/900] 4f456baf-3a35-4b00-92df-04846184520e: 22 groups; 1.0 s; peak memory 1097 MiB.
2026-10-06T09:24:20Z INFO [110/900] 4f458d61-f52b-4529-bb62-939faf45be31: 34 groups; 1.3 s; peak memory 1097 MiB.
2026-10-06T09:24:21Z INFO [111/900] 4f45aff5-5f9c-494e-86e0-ab3ce9bd749f: 32 groups; 0.9 s; peak memory 1097 MiB.
2026-10-06T09:24:22Z INFO [112/900] 4f45bfb2-b977-4245-8664-833683677fb0: 67 groups; 1.6 s; peak memory 1097 MiB.
2026-10-06T09:24:24Z INFO [113/900] 4f468c39-d20c-4fd1-b98f-47dd9bccce0f: 49 groups; 1.5 s; peak memory 1097 MiB.
2026-10-06T09:24:25Z INFO [114/900] 4f46ddd1-e868-432b-aa91-5db957345699: 22 groups; 0.9 s; peak memory 1097 MiB.
2026-10-06T09:24:25Z INFO [115/900] 4f475a6b-07a4-4e41-9ce0-73716da63146: 22 groups; 0.9 s; peak memory 1097 MiB.
2026-10-06T09:24:27Z INFO [116/900] 4f47b1f0-8a0f-44d4-9a53-74924fced1e4: 35 groups; 1.3 s; peak memory 1097 MiB.
2026-10-06T09:24:32Z INFO [117/900] 4f47cbf7-3df1-40d2-b382-8cdbacea16a4: 34 groups; 5.2 s; peak memory 1097 MiB.
2026-10-06T09:24:33Z INFO [118/900] 4f486551-42d9-436c-b830-baa822d6a8f8: 35 groups; 1.5 s; peak memory 1097 MiB.
2026-10-06T09:24:39Z INFO [119/900] 4f49576b-adc4-4f8c-8326-46c0588c53c1: 181 groups; 5.1 s; peak memory 1097 MiB.
2026-10-06T09:24:40Z INFO [120/900] 4f4a67a1-3ee7-4d85-9ff6-f3b738e12e60: 41 groups; 1.4 s; peak memory 1097 MiB.
2026-10-06T09:24:46Z INFO [121/900] 4f4abf09-b0e7-4605-9926-e17a98f2f30c: 48 groups; 6.2 s; peak memory 1097 MiB.
2026-10-06T09:24:48Z INFO [122/900] 4f4c4de0-5abf-40e4-ae1b-bdeb10edaa9d: 17 groups; 1.9 s; peak memory 1097 MiB.
2026-10-06T09:24:49Z INFO [123/900] 4f4cb5bd-eb80-4f32-8f49-64845582e1d9: 22 groups; 0.9 s; peak memory 1097 MiB.
2026-10-06T09:24:50Z INFO [124/900] 4f4d5ca6-6edc-426c-ab77-db91e1c4a5e1: 32 groups; 1.0 s; peak memory 1097 MiB.
2026-10-06T09:24:55Z INFO [125/900] 4f4e6ceb-3813-4d5c-aa4e-2f42230c83b7: 105 groups; 5.2 s; peak memory 1097 MiB.
2026-10-06T09:24:57Z INFO [126/900] 4f4f8136-c367-45b6-ba2b-0480bb8da3c5: 48 groups; 1.8 s; peak memory 1097 MiB.
2026-10-06T09:24:58Z INFO [127/900] 4f4fa3ca-0afd-4b0f-b086-b74a17e26c56: 35 groups; 1.0 s; peak memory 1097 MiB.
2026-10-06T09:25:00Z INFO [128/900] 4f4fc546-ba05-44f9-a415-4157410af0b6: 17 groups; 2.0 s; peak memory 1097 MiB.
2026-10-06T09:25:06Z INFO [129/900] 4f501db6-a773-4756-a70a-bcb5c53e4e69: 102 groups; 5.4 s; peak memory 1097 MiB.
2026-10-06T09:25:07Z INFO [130/900] 4f503c7b-00f1-45b7-8814-9d3345b70c8a: 33 groups; 1.3 s; peak memory 1097 MiB.
2026-10-06T09:25:08Z INFO [131/900] 4f503e43-b599-41e8-8aaf-3b3b7e62f1ad: 33 groups; 0.9 s; peak memory 1097 MiB.
2026-10-06T09:25:09Z INFO [132/900] 4f514948-dccc-4c67-887c-d9e9c912b9b5: 33 groups; 1.0 s; peak memory 1097 MiB.
2026-10-06T09:25:17Z INFO [133/900] 4f514dbd-b24f-4c56-a75c-691483e4dfbe: 191 groups; 8.8 s; peak memory 1097 MiB.
2026-10-06T09:25:18Z INFO [134/900] 4f519da3-90c2-48ca-ba8f-f212a209057e: 22 groups; 0.9 s; peak memory 1097 MiB.
2026-10-06T09:25:19Z INFO [135/900] 4f52945e-51ba-4012-8eb4-b91c93c9dcb9: 25 groups; 0.9 s; peak memory 1097 MiB.
2026-10-06T09:25:21Z INFO [136/900] 4f53d047-9bdd-40eb-ab34-fbd5fc05b34d: 35 groups; 1.3 s; peak memory 1097 MiB.
2026-10-06T09:25:28Z INFO [137/900] 4f544495-3fce-4a66-a718-fe92efc6c7c3: 76 groups; 7.5 s; peak memory 1097 MiB.
2026-10-06T09:25:29Z INFO [138/900] 4f54c2ab-cde7-4e4e-a34a-d0ab5f497bb8: 32 groups; 1.1 s; peak memory 1097 MiB.
2026-10-06T09:25:31Z INFO [139/900] 4f55f905-d753-43fa-885b-95a3a7a85a2d: 195 groups; 2.2 s; peak memory 1097 MiB.
2026-10-06T09:25:44Z INFO [140/900] 4f575e2d-69a8-4b9f-995f-157847ed4bdb: 17 groups; 12.8 s; peak memory 1097 MiB.
2026-10-06T09:25:49Z INFO [141/900] 4f57a4f2-4db6-44e9-96ea-67a70cf8eb23: 27 groups; 5.2 s; peak memory 1097 MiB.
2026-10-06T09:25:51Z INFO [142/900] 4f57ab9a-0f83-4239-8867-e0444e8e370b: 204 groups; 1.5 s; peak memory 1097 MiB.
2026-10-06T09:25:52Z INFO [143/900] 4f582479-f338-49a0-92c0-a40d6b929bcf: 22 groups; 0.8 s; peak memory 1097 MiB.
2026-10-06T09:26:16Z INFO [144/900] 4f58f8c8-0443-45e8-851a-237ffd7ceac3: 23 groups; 24.5 s; peak memory 1097 MiB.
2026-10-06T09:26:17Z INFO [145/900] 4f59b445-ece0-408b-8874-d84503606212: 17 groups; 0.8 s; peak memory 1097 MiB.
2026-10-06T09:26:28Z INFO [146/900] 4f59ff7a-0a9c-48a4-9bce-4189d6715653: 396 groups; 11.1 s; peak memory 1097 MiB.
2026-10-06T09:26:29Z INFO [147/900] 4f5aa431-09fd-4d80-8d10-8836779ea1f5: 22 groups; 1.1 s; peak memory 1097 MiB.
2026-10-06T09:26:30Z INFO [148/900] 4f5b536f-d896-425f-9289-6f8b5e52d677: 202 groups; 1.2 s; peak memory 1097 MiB.
2026-10-06T09:26:32Z INFO [149/900] 4f5ba4ea-5895-4799-b520-793ce3d6b49b: 341 groups; 1.9 s; peak memory 1097 MiB.
2026-10-06T09:26:33Z INFO [150/900] 4f5bfb94-7aca-4f1f-861b-089b892c1ace: 32 groups; 0.8 s; peak memory 1097 MiB.
2026-10-06T09:26:33Z INFO [150/900] 4f5bfb94-7aca-4f1f-861b-089b892c1ace: checkpointed 85186 records.
2026-10-06T09:26:34Z INFO [151/900] 4f5c1025-40ec-4926-a308-e9977fcba2e9: 32 groups; 1.0 s; peak memory 1097 MiB.
2026-10-06T09:26:36Z INFO [152/900] 4f5c1593-bc4a-4aa0-ab18-7540bfa7488e: 35 groups; 1.5 s; peak memory 1097 MiB.
2026-10-06T09:26:47Z INFO [153/900] 4f5c7bff-fac6-4031-be86-30b0bab8e06e: 294 groups; 11.0 s; peak memory 1097 MiB.
2026-10-06T09:26:47Z INFO [154/900] 4f5c881e-a43f-456d-905f-088358584b9c: 22 groups; 0.8 s; peak memory 1097 MiB.
2026-10-06T09:26:49Z INFO [155/900] 4f5db8e8-7d03-4786-9ea9-655bfaf7ba81: 64 groups; 2.1 s; peak memory 1097 MiB.
2026-10-06T09:27:03Z INFO [156/900] 4f5e2d13-72e6-4d06-a4a0-11df1fa83f31: 155 groups; 13.9 s; peak memory 1097 MiB.
2026-10-06T09:27:04Z INFO [157/900] 4f5e7f5d-429b-4f9c-a157-c73b2b373b9b: 22 groups; 0.9 s; peak memory 1097 MiB.
2026-10-06T09:27:05Z INFO [158/900] 4f5f0719-f9d5-4f2a-8ce3-6dfd923958ea: 22 groups; 0.9 s; peak memory 1097 MiB.
2026-10-06T09:29:13Z INFO [159/900] 4f5f2041-ec1f-4347-8cc2-0f0553d6a970: 68 groups; 127.7 s; peak memory 1097 MiB.
2026-10-06T09:29:14Z INFO [160/900] 4f5fea7b-5ffa-4ccb-84b4-d434019515a0: 26 groups; 0.8 s; peak memory 1097 MiB.
2026-10-06T09:29:15Z INFO [161/900] 4f607e55-0513-4079-b2b2-26fef6ccc7b7: 25 groups; 1.2 s; peak memory 1097 MiB.
2026-10-06T09:29:28Z INFO [162/900] 4f611cd9-85ce-4f71-95e5-096fdd697cfe: 96 groups; 13.1 s; peak memory 1097 MiB.
2026-10-06T09:29:29Z INFO [163/900] 4f611e54-6ea2-4e03-a988-6acf68f238c3: 33 groups; 1.0 s; peak memory 1097 MiB.
2026-10-06T09:29:30Z INFO [164/900] 4f61d1a0-c0ad-46c5-b21c-739d9e3b5e45: 32 groups; 1.1 s; peak memory 1097 MiB.
2026-10-06T09:29:31Z INFO [165/900] 4f622954-d6c2-4102-9761-5236ddfdc9b3: 32 groups; 0.9 s; peak memory 1097 MiB.
2026-10-06T09:29:32Z INFO [166/900] 4f62f8a9-4928-47d6-9734-11a014cac027: 103 groups; 1.2 s; peak memory 1097 MiB.
2026-10-06T09:29:33Z INFO [167/900] 4f638106-063e-43ef-9cbe-a2a56df79962: 22 groups; 0.8 s; peak memory 1097 MiB.
2026-10-06T09:29:34Z INFO [168/900] 4f63a4b5-09a9-4c9e-abd7-b633a67facc5: 33 groups; 0.8 s; peak memory 1097 MiB.
2026-10-06T09:29:36Z INFO [169/900] 4f63e8e9-4f64-4fd1-940c-2c3357b6b09e: 92 groups; 2.2 s; peak memory 1097 MiB.
2026-10-06T09:29:37Z INFO [170/900] 4f65b986-f37a-46f9-9cf0-5301a5ae29c8: 203 groups; 1.0 s; peak memory 1097 MiB.
2026-10-06T09:30:00Z INFO [171/900] 4f661787-3f6f-4454-b2e8-d03f25f317d2: 40 groups; 22.6 s; peak memory 1097 MiB.
2026-10-06T09:30:01Z INFO [172/900] 4f66906d-aad6-4151-87b5-7af17691158a: 32 groups; 1.0 s; peak memory 1097 MiB.
2026-10-06T09:30:01Z INFO [173/900] 4f670a12-734b-48de-a954-19ff1e5fd07c: 31 groups; 0.7 s; peak memory 1097 MiB.
2026-10-06T09:30:02Z INFO [174/900] 4f672e2f-8266-49b2-9b9b-b3a47dbca68a: 22 groups; 0.9 s; peak memory 1097 MiB.
2026-10-06T09:30:09Z INFO [175/900] 4f676a28-051f-4b58-93d8-bc0b7f08140f: 174 groups; 6.9 s; peak memory 1097 MiB.
2026-10-06T09:30:11Z INFO [176/900] 4f67d1f9-d9a5-4adc-acad-5ead49d74374: 48 groups; 2.1 s; peak memory 1097 MiB.
2026-10-06T09:30:12Z INFO [177/900] 4f67f033-4919-4aad-926f-94ee133ff49d: 32 groups; 1.0 s; peak memory 1097 MiB.
2026-10-06T09:30:13Z INFO [178/900] 4f684b9c-ca09-43d8-bca3-7a28f02e1655: 35 groups; 1.2 s; peak memory 1097 MiB.
2026-10-06T09:30:14Z INFO [179/900] 4f68a8c5-72e6-42fb-b94b-beea8faa6a3e: 24 groups; 1.1 s; peak memory 1097 MiB.
2026-10-06T09:30:16Z INFO [180/900] 4f68b5ea-fd54-465b-bfe3-c5bc1634c175: 29 groups; 1.3 s; peak memory 1097 MiB.
2026-10-06T09:30:22Z INFO [181/900] 4f693dab-75b7-451c-86e5-225a53f6e8e4: 120 groups; 6.5 s; peak memory 1097 MiB.
2026-10-06T09:36:58Z INFO [182/900] 4f6a54b0-a2d9-4913-a1c9-52e4de2d286f: 58 groups; 396.0 s; peak memory 1097 MiB.
2026-10-06T09:37:05Z INFO [183/900] 4f6a943a-8d3f-42ee-bf27-4d83937f3321: 193 groups; 7.1 s; peak memory 1097 MiB.
2026-10-06T09:37:06Z INFO [184/900] 4f6b3102-8c8c-4414-bc89-5819c1006866: 29 groups; 0.5 s; peak memory 1097 MiB.
2026-10-06T09:37:07Z INFO [185/900] 4f6b4045-d71d-4335-874b-b560c13e1a38: 32 groups; 1.0 s; peak memory 1097 MiB.
2026-10-06T09:37:08Z INFO [186/900] 4f6c9ff8-fa71-4b69-9402-3d634c99d10f: 206 groups; 1.6 s; peak memory 1097 MiB.
2026-10-06T09:53:41Z INFO [187/900] 4f6d185a-c253-4e7b-941c-2bfdeef41516: 171 groups; 992.4 s; peak memory 1224 MiB.
2026-10-06T09:56:26Z INFO [188/900] 4f6d7438-f01e-47cb-b560-6d6a7a24ca72: 42 groups; 165.0 s; peak memory 1432 MiB.
2026-10-06T09:56:27Z INFO [189/900] 4f6f8499-a3ab-4fc1-86fe-f457eb9cadb9: 32 groups; 0.9 s; peak memory 1432 MiB.
2026-10-06T09:56:28Z INFO [190/900] 4f701bcc-11af-4a65-8dc9-654c1e0d4e34: 22 groups; 0.8 s; peak memory 1432 MiB.
2026-10-06T09:56:34Z INFO [191/900] 4f70876c-3992-4723-a188-6bad8a1ba358: 53 groups; 6.2 s; peak memory 1432 MiB.
2026-10-06T09:56:35Z INFO [192/900] 4f709fe8-8b45-4ef6-aa5b-50f050d2f236: 32 groups; 1.1 s; peak memory 1432 MiB.
2026-10-06T09:56:36Z INFO [193/900] 4f717382-afe5-41de-af0f-a49dff59b017: 22 groups; 0.9 s; peak memory 1432 MiB.
2026-10-06T09:56:37Z INFO [194/900] 4f7198a3-9ffd-4174-b8e7-a9ed0001c8e8: 35 groups; 1.3 s; peak memory 1432 MiB.
2026-10-06T09:56:39Z INFO [195/900] 4f729548-0b7e-43dc-8a4b-7d66f5041a84: 207 groups; 1.8 s; peak memory 1432 MiB.
2026-10-06T09:56:40Z INFO [196/900] 4f7385c5-b603-4d28-b5dd-d6f9ec347645: 35 groups; 1.2 s; peak memory 1432 MiB.
2026-10-06T09:56:44Z INFO [197/900] 4f73ae92-cdc7-4267-8130-f77cd131ad9e: 78 groups; 3.9 s; peak memory 1432 MiB.
2026-10-06T09:56:45Z INFO [198/900] 4f73b21f-cc48-4100-bcf1-1a4bf3fa94b9: 337 groups; 1.4 s; peak memory 1432 MiB.
2026-10-06T09:56:47Z INFO [199/900] 4f73c152-7439-4ccf-9ebd-326653b67531: 43 groups; 1.4 s; peak memory 1432 MiB.
2026-10-06T09:56:48Z INFO [200/900] 4f73cb7b-d03a-4ebc-b297-46ba3877f193: 206 groups; 1.2 s; peak memory 1432 MiB.
2026-10-06T09:56:48Z INFO [200/900] 4f73cb7b-d03a-4ebc-b297-46ba3877f193: checkpointed 85236 records.
2026-10-06T09:56:51Z INFO [201/900] 4f73fd83-82d5-4879-9c24-39d86a01404e: 99 groups; 2.6 s; peak memory 1432 MiB.
2026-10-06T09:56:51Z INFO [202/900] 4f7406a8-17a1-4406-9327-b23ee0634182: 22 groups; 0.6 s; peak memory 1432 MiB.
2026-10-06T09:57:18Z INFO [203/900] 4f7473e2-479e-4ed7-bbfb-6149c6211b62: 2909 groups; 27.0 s; peak memory 1432 MiB.
2026-10-06T09:57:21Z INFO [204/900] 4f750fb0-1065-47a7-894a-2710489cb9d9: 50 groups; 2.3 s; peak memory 1432 MiB.
2026-10-06T09:57:21Z INFO [205/900] 4f758511-9aea-4b51-b91a-de356ef0bbb9: 16 groups; 0.7 s; peak memory 1432 MiB.
2026-10-06T09:57:22Z INFO [206/900] 4f76379a-c5b5-4769-97c0-7b33c2fb961c: 35 groups; 1.0 s; peak memory 1432 MiB.
2026-10-06T09:57:23Z INFO [207/900] 4f7665e0-ba09-41d5-ba82-4996787380d7: 32 groups; 0.9 s; peak memory 1432 MiB.
2026-10-06T09:57:24Z INFO [208/900] 4f778f13-b64e-4fd0-9427-e1fdcdc3f398: 32 groups; 0.9 s; peak memory 1432 MiB.
2026-10-06T09:57:25Z INFO [209/900] 4f77a906-4421-4aa9-a777-ae319540dbc6: 32 groups; 0.9 s; peak memory 1432 MiB.
2026-10-06T09:57:27Z INFO [210/900] 4f77f598-fab1-4bf1-8851-a4a5e9c6b238: 199 groups; 1.5 s; peak memory 1432 MiB.
2026-10-06T09:57:28Z INFO [211/900] 4f77faae-7f09-41ba-a9a6-993789e21247: 206 groups; 1.7 s; peak memory 1432 MiB.
2026-10-06T09:57:29Z INFO [212/900] 4f7839c0-f970-446f-9b01-ec608d7080ae: 22 groups; 0.9 s; peak memory 1432 MiB.
2026-10-06T09:57:30Z INFO [213/900] 4f784bd7-a494-4915-b318-0b56d04d2026: 194 groups; 1.2 s; peak memory 1432 MiB.
2026-10-06T09:57:32Z INFO [214/900] 4f7876ee-3c53-4aa2-94cd-207454f964f5: 194 groups; 1.3 s; peak memory 1432 MiB.
2026-10-06T09:57:33Z INFO [215/900] 4f7936ac-8bd5-4197-b04c-baeaf73aaef4: 32 groups; 0.9 s; peak memory 1432 MiB.
2026-10-06T09:57:34Z INFO [216/900] 4f7af6c3-99d5-4af9-88aa-f77f3a90460b: 261 groups; 1.5 s; peak memory 1432 MiB.
2026-10-06T09:57:35Z INFO [217/900] 4f7afae1-d2b7-41bb-8d9d-4e659db48445: 22 groups; 0.8 s; peak memory 1432 MiB.
2026-10-06T09:57:36Z INFO [218/900] 4f7b1da0-2ba6-48fb-b4c5-999cb5c03347: 33 groups; 1.1 s; peak memory 1432 MiB.
2026-10-06T09:57:37Z INFO [219/900] 4f7b3ec7-0a7f-449c-9740-78063d2e24c5: 25 groups; 0.9 s; peak memory 1432 MiB.
2026-10-06T09:57:38Z INFO [220/900] 4f7b5203-921b-446b-a10d-6d0d2b83061d: 103 groups; 1.2 s; peak memory 1432 MiB.
2026-10-06T09:57:39Z INFO [221/900] 4f7b8605-b4f3-43ae-a57d-fdfa268aafeb: 103 groups; 1.1 s; peak memory 1432 MiB.
2026-10-06T09:57:40Z INFO [222/900] 4f7bd14f-92ce-47b5-89b4-cfcf7f2013dc: 35 groups; 0.9 s; peak memory 1432 MiB.
2026-10-06T09:57:42Z INFO [223/900] 4f7c1c96-1ec0-4ef7-82c7-e6d043f9f712: 35 groups; 1.5 s; peak memory 1432 MiB.
2026-10-06T09:57:58Z INFO [224/900] 4f7ceb62-3d2b-4fcf-b354-228eea1353f0: 22 groups; 16.2 s; peak memory 1432 MiB.
2026-10-06T09:57:59Z INFO [225/900] 4f7e69c4-f72d-48ee-b3e1-5a34af0bd4f0: 22 groups; 0.9 s; peak memory 1432 MiB.
2026-10-06T09:58:00Z INFO [226/900] 4f7ecc40-75c1-4233-940f-91cb9526fc7c: 16 groups; 0.8 s; peak memory 1432 MiB.
2026-10-06T09:58:05Z INFO [227/900] 4f801e1b-347e-4ccc-baca-f84f6dacf6a7: 175 groups; 5.6 s; peak memory 1432 MiB.
2026-10-06T09:58:06Z INFO [228/900] 4f8084a1-0cee-49d3-a2ff-df6dc715fe2b: 32 groups; 1.1 s; peak memory 1432 MiB.
2026-10-06T09:58:07Z INFO [229/900] 4f80b7bd-3987-47d4-9e57-73f3e400fd42: 31 groups; 0.7 s; peak memory 1432 MiB.
2026-10-06T09:58:08Z INFO [230/900] 4f81a8a7-ff7f-41db-bb9a-0490559aac31: 22 groups; 0.7 s; peak memory 1432 MiB.
2026-10-06T09:58:10Z INFO [231/900] 4f81bc41-0cda-424e-9e2e-900b3d801325: 337 groups; 2.4 s; peak memory 1432 MiB.
2026-10-06T09:58:11Z INFO [232/900] 4f823acf-541a-432e-baa4-b7ea7c47ccc8: 22 groups; 0.7 s; peak memory 1432 MiB.
2026-10-06T09:58:12Z INFO [233/900] 4f827985-4e37-4417-9a5a-99c8082e08ab: 32 groups; 1.0 s; peak memory 1432 MiB.
2026-10-06T09:58:12Z INFO [234/900] 4f8301c3-fccc-4a07-8825-5a1679887dbf: 22 groups; 0.6 s; peak memory 1432 MiB.
2026-10-06T09:58:13Z INFO [235/900] 4f831b63-cedd-4885-a15e-3752b18434c9: 16 groups; 0.6 s; peak memory 1432 MiB.
2026-10-06T09:58:14Z INFO [236/900] 4f83693e-1599-4c3f-9159-31b3c0eb5d11: 35 groups; 1.1 s; peak memory 1432 MiB.
2026-10-06T09:58:20Z INFO [237/900] 4f83b54d-43db-4a53-8acd-837513c74c75: 32 groups; 5.4 s; peak memory 1432 MiB.
2026-10-06T09:58:20Z INFO [238/900] 4f84f99e-993c-48bf-b32a-850cc075cd13: 22 groups; 0.8 s; peak memory 1432 MiB.
2026-10-06T09:58:21Z INFO [239/900] 4f8509c9-1a26-4671-9ff4-d22b0bc75f64: 33 groups; 1.0 s; peak memory 1432 MiB.
2026-10-06T09:58:27Z INFO [240/900] 4f856e36-b2f3-480b-893f-9e3866334487: 217 groups; 5.1 s; peak memory 1432 MiB.
2026-10-06T09:58:45Z INFO [241/900] 4f856f66-a845-4634-83c7-d314f985a934: 2432 groups; 18.9 s; peak memory 1432 MiB.
2026-10-06T09:58:46Z INFO [242/900] 4f858d9f-b0ce-47cc-b54f-582987bd29ea: 17 groups; 0.6 s; peak memory 1432 MiB.
2026-10-06T09:59:10Z INFO [243/900] 4f85cde4-c1df-4f27-b768-5285ca5dd5f7: 23 groups; 23.9 s; peak memory 1432 MiB.
2026-10-06T09:59:11Z INFO [244/900] 4f85fda2-b3c0-418c-a388-ed923b45418d: 32 groups; 1.0 s; peak memory 1432 MiB.
2026-10-06T09:59:14Z INFO [245/900] 4f867301-77ca-4d53-a058-6d086751d814: 63 groups; 2.6 s; peak memory 1432 MiB.
2026-10-06T09:59:15Z INFO [246/900] 4f868e3e-dd13-4f42-b06b-2f04ed225145: 32 groups; 1.1 s; peak memory 1432 MiB.
2026-10-06T09:59:24Z INFO [247/900] 4f86ea33-0351-440f-9318-1962671fe8f0: 211 groups; 9.5 s; peak memory 1432 MiB.
2026-10-06T09:59:25Z INFO [248/900] 4f86ffb1-2822-4651-bf86-dad8f3c7cea6: 32 groups; 0.9 s; peak memory 1432 MiB.
2026-10-06T09:59:33Z INFO [249/900] 4f87f1d6-fb7d-4bb7-bff8-9facb3ba46eb: 217 groups; 8.3 s; peak memory 1432 MiB.
2026-10-06T09:59:37Z INFO [250/900] 4f88d80d-af75-45be-8e04-7f7c1fcaa592: 57 groups; 3.5 s; peak memory 1432 MiB.
2026-10-06T09:59:37Z INFO [250/900] 4f88d80d-af75-45be-8e04-7f7c1fcaa592: checkpointed 85286 records.
2026-10-06T09:59:38Z INFO [251/900] 4f88fd52-9a6a-4a88-ae5e-4e42af62a6c6: 22 groups; 0.8 s; peak memory 1432 MiB.
2026-10-06T09:59:39Z INFO [252/900] 4f89f1b0-4a8d-49fb-a3af-7a5ca2ee822c: 16 groups; 0.7 s; peak memory 1432 MiB.
2026-10-06T09:59:40Z INFO [253/900] 4f89f277-4d31-495b-a803-dc1894dad20b: 252 groups; 1.0 s; peak memory 1432 MiB.
2026-10-06T09:59:41Z INFO [254/900] 4f8af685-2029-4a4c-9338-f22603486145: 32 groups; 1.0 s; peak memory 1432 MiB.
2026-10-06T09:59:42Z INFO [255/900] 4f8b8f6b-80f4-484c-9d9b-2bb2fd987824: 24 groups; 0.9 s; peak memory 1432 MiB.
2026-10-06T09:59:42Z INFO [256/900] 4f8ba2db-231b-42a7-b56a-54cbf45e7eec: 22 groups; 0.6 s; peak memory 1432 MiB.
2026-10-06T09:59:43Z INFO [257/900] 4f8bdb54-5bac-416a-bf55-49c1db07befb: 32 groups; 1.3 s; peak memory 1432 MiB.
2026-10-06T09:59:44Z INFO [258/900] 4f8d15c6-8cdb-43ae-98a7-829721a68222: 31 groups; 1.1 s; peak memory 1432 MiB.
2026-10-06T09:59:49Z INFO [259/900] 4f8d1f19-7387-49e7-82b5-23de61b3783a: 230 groups; 4.3 s; peak memory 1432 MiB.
2026-10-06T09:59:55Z INFO [260/900] 4f8eb4c4-07e3-43f6-89ff-a5cb7fa6fa34: 159 groups; 6.4 s; peak memory 1432 MiB.
2026-10-06T09:59:56Z INFO [261/900] 4f8ec017-11f9-48cf-a523-f328557db6d9: 32 groups; 1.1 s; peak memory 1432 MiB.
2026-10-06T09:59:57Z INFO [262/900] 4f8f2e0a-39f2-4c03-b7fc-16d656ca75f0: 32 groups; 1.2 s; peak memory 1432 MiB.
2026-10-06T09:59:59Z INFO [263/900] 4f8f59fa-6c4f-483f-b5a1-9b820b1894b3: 35 groups; 1.1 s; peak memory 1432 MiB.
2026-10-06T10:00:00Z INFO [264/900] 4f8f5df6-dd2e-4449-9de7-dff6880504cd: 35 groups; 1.1 s; peak memory 1432 MiB.
2026-10-06T10:00:01Z INFO [265/900] 4f8fbc83-5ebf-49ab-b9e2-4dddc98493ec: 107 groups; 1.2 s; peak memory 1432 MiB.
2026-10-06T10:00:03Z INFO [266/900] 4f900b7e-02f8-4b09-b41c-3fbc705709b2: 17 groups; 2.0 s; peak memory 1432 MiB.
2026-10-06T10:00:04Z INFO [267/900] 4f902566-521f-4fc3-ba81-aca505d168c3: 22 groups; 0.8 s; peak memory 1432 MiB.
2026-10-06T10:00:09Z INFO [268/900] 4f90469d-ea32-4357-a75a-b67ac1407a89: 173 groups; 5.7 s; peak memory 1432 MiB.
2026-10-06T10:00:10Z INFO [269/900] 4f909960-aa81-4c90-923c-50e7e0a28bfc: 22 groups; 0.9 s; peak memory 1432 MiB.
2026-10-06T10:00:11Z INFO [270/900] 4f90a286-ae1a-40e3-b8a8-7edba46341d1: 16 groups; 0.7 s; peak memory 1432 MiB.
2026-10-06T10:00:13Z INFO [271/900] 4f90e0b3-8fa4-4fb4-8b4c-483d6d4defa8: 50 groups; 2.3 s; peak memory 1432 MiB.
2026-10-06T10:00:14Z INFO [272/900] 4f9248c5-0be5-4d1d-b455-b25ad31dff89: 16 groups; 0.6 s; peak memory 1432 MiB.
2026-10-06T10:00:14Z INFO [273/900] 4f925a77-e2c4-4aa0-a19c-a065d225a170: 25 groups; 0.6 s; peak memory 1432 MiB.
2026-10-06T10:00:16Z INFO [274/900] 4f92d0f5-a2c7-4da2-b739-9e5ec2c94615: 36 groups; 1.3 s; peak memory 1432 MiB.
2026-10-06T10:00:17Z INFO [275/900] 4f9342fa-f80a-4581-96a7-5e365c0e50f4: 22 groups; 0.8 s; peak memory 1432 MiB.
2026-10-06T10:00:17Z INFO [276/900] 4f93512a-0722-4a07-9824-2eb190ef3a49: 103 groups; 0.9 s; peak memory 1432 MiB.
2026-10-06T10:00:19Z INFO [277/900] 4f945e1e-b2e0-4f6a-b1f2-187aac506995: 32 groups; 1.0 s; peak memory 1432 MiB.
2026-10-06T10:00:19Z INFO [278/900] 4f9463e9-be94-4623-be7e-415af55b52b1: 32 groups; 0.9 s; peak memory 1432 MiB.
2026-10-06T10:00:20Z INFO [279/900] 4f949766-6f85-41cf-96fe-60cc3505dd73: 25 groups; 0.9 s; peak memory 1432 MiB.
2026-10-06T10:00:21Z INFO [280/900] 4f94cf9f-fb22-4906-836e-b909e650b65e: 31 groups; 0.7 s; peak memory 1432 MiB.
2026-10-06T10:00:22Z INFO [281/900] 4f953aad-b7ac-4b8e-bb25-5197bb01d02b: 35 groups; 1.2 s; peak memory 1432 MiB.
2026-10-06T10:00:23Z INFO [282/900] 4f957a4d-345c-4fca-9273-3de9038b0085: 32 groups; 1.2 s; peak memory 1432 MiB.
2026-10-06T10:00:31Z INFO [283/900] 4f9610ad-83ed-4516-a2ee-96e30146d606: 181 groups; 7.5 s; peak memory 1432 MiB.
2026-10-06T10:00:40Z INFO [284/900] 4f963793-7eb1-47ea-a1b2-98d1698e36bd: 153 groups; 9.2 s; peak memory 1432 MiB.
2026-10-06T10:00:45Z INFO [285/900] 4f96595c-9714-4b09-b2df-fc7e3288ea12: 105 groups; 5.3 s; peak memory 1432 MiB.
2026-10-06T10:00:46Z INFO [286/900] 4f96a8a7-edc0-419b-9118-f012dc1ebe97: 22 groups; 0.9 s; peak memory 1432 MiB.
2026-10-06T10:00:48Z INFO [287/900] 4f97199f-fbbe-42d6-ae4f-e74e3058fed8: 337 groups; 1.5 s; peak memory 1432 MiB.
2026-10-06T10:00:49Z INFO [288/900] 4f972c01-0743-49a1-a35c-de633f89f8ae: 202 groups; 1.5 s; peak memory 1432 MiB.
2026-10-06T10:00:50Z INFO [289/900] 4f973840-d4d4-4980-b686-1964814c4192: 32 groups; 0.8 s; peak memory 1432 MiB.
2026-10-06T10:00:51Z INFO [290/900] 4f97f3b1-ed3b-4e6e-9ba3-d9b0024a039b: 22 groups; 0.8 s; peak memory 1432 MiB.
2026-10-06T10:00:52Z INFO [291/900] 4f985ec9-ce06-4d48-a378-d193cd931d51: 32 groups; 1.1 s; peak memory 1432 MiB.
2026-10-06T10:00:53Z INFO [292/900] 4f992467-3f22-43c8-bec9-18f04938e74d: 22 groups; 0.9 s; peak memory 1432 MiB.
2026-10-06T10:03:06Z INFO [293/900] 4f9977aa-0f40-43e2-b724-c4cf56658f00: 60 groups; 133.5 s; peak memory 1432 MiB.
2026-10-06T10:03:07Z INFO [294/900] 4f999059-a179-4259-9a47-4b433a27a311: 22 groups; 1.0 s; peak memory 1432 MiB.
2026-10-06T10:03:09Z INFO [295/900] 4f99a5ef-7cee-4c54-a6c5-e6339abfeaa1: 22 groups; 1.2 s; peak memory 1432 MiB.
2026-10-06T10:03:10Z INFO [296/900] 4f99e604-3e61-4d87-8ff3-10817d17fcd9: 32 groups; 1.0 s; peak memory 1432 MiB.
2026-10-06T10:03:11Z INFO [297/900] 4f99f22c-212c-4e12-9d08-3dd51136c42d: 108 groups; 1.3 s; peak memory 1432 MiB.
2026-10-06T10:03:12Z INFO [298/900] 4f9a4db7-3bfe-4a98-a4f2-078a13799c3d: 32 groups; 1.0 s; peak memory 1432 MiB.
2026-10-06T10:03:16Z INFO [299/900] 4f9af846-ae11-4878-9865-0cf8ff44f6e1: 70 groups; 3.9 s; peak memory 1432 MiB.
2026-10-06T10:03:18Z INFO [300/900] 4f9b96e8-cfbd-4fa1-b7a8-c708d609b8b0: 200 groups; 1.9 s; peak memory 1432 MiB.
2026-10-06T10:03:18Z INFO [300/900] 4f9b96e8-cfbd-4fa1-b7a8-c708d609b8b0: checkpointed 85336 records.
2026-10-06T10:03:23Z INFO [301/900] 4f9beede-98cd-4462-b642-ee35e2276ad2: 149 groups; 5.4 s; peak memory 1432 MiB.
2026-10-06T10:03:24Z INFO [302/900] 4f9cb6e3-1238-424f-a7d5-38624b64ff4b: 255 groups; 1.2 s; peak memory 1432 MiB.
2026-10-06T10:03:25Z INFO [303/900] 4f9cbc69-ac9b-456b-aaa6-ecb7954be2ce: 32 groups; 1.1 s; peak memory 1432 MiB.
2026-10-06T10:03:26Z INFO [304/900] 4f9cf028-038b-4b46-a340-1a36ae2d7adf: 22 groups; 1.0 s; peak memory 1432 MiB.
2026-10-06T10:03:27Z INFO [305/900] 4f9f44aa-a833-42ae-802a-2f966daf683b: 252 groups; 1.0 s; peak memory 1432 MiB.
2026-10-06T10:03:30Z INFO [306/900] 4fa16c0d-ed5e-4dab-a402-fa4aa2965fbf: 17 groups; 2.2 s; peak memory 1432 MiB.
2026-10-06T10:03:31Z INFO [307/900] 4fa21ec2-6b36-439e-b17a-11e27902463b: 22 groups; 1.0 s; peak memory 1432 MiB.
2026-10-06T10:03:32Z INFO [308/900] 4fa231c8-6d24-4f1c-967a-b453d5c89444: 32 groups; 1.1 s; peak memory 1432 MiB.
2026-10-06T10:03:33Z INFO [309/900] 4fa33aa8-99f6-498f-aa2c-5746d8ef32e6: 103 groups; 1.0 s; peak memory 1432 MiB.
2026-10-06T10:03:34Z INFO [310/900] 4fa35585-c34c-45e3-98f5-39ecc05006b1: 32 groups; 0.9 s; peak memory 1432 MiB.
2026-10-06T10:03:35Z INFO [311/900] 4fa40fa6-434f-4526-8c4d-0f945b159d63: 35 groups; 1.2 s; peak memory 1432 MiB.
2026-10-06T10:03:40Z INFO [312/900] 4fa427dd-9ce0-4f43-a7c8-d421ad96f6c2: 70 groups; 5.0 s; peak memory 1432 MiB.
2026-10-06T10:03:52Z INFO [313/900] 4fa435f0-d4ba-42b5-a93c-be178625b072: 92 groups; 12.7 s; peak memory 1432 MiB.
2026-10-06T10:03:53Z INFO [314/900] 4fa482c0-9f5e-458b-98c0-deb65069a3ec: 22 groups; 1.0 s; peak memory 1432 MiB.
2026-10-06T10:03:55Z INFO [315/900] 4fa54d21-2a36-4805-adf7-62f43bdd7597: 32 groups; 1.1 s; peak memory 1432 MiB.
2026-10-06T10:03:55Z INFO [316/900] 4fa595ac-49bf-47b6-bca2-5d20ad8621fe: 27 groups; 0.8 s; peak memory 1432 MiB.
2026-10-06T10:05:13Z INFO [317/900] 4fa5d2eb-95dd-478f-a3fa-bdb4c02d4d80: 25 groups; 78.1 s; peak memory 1432 MiB.
2026-10-06T10:05:14Z INFO [318/900] 4fa65c96-46b3-4897-873d-4d487990d509: 32 groups; 0.9 s; peak memory 1432 MiB.
2026-10-06T10:05:16Z INFO [319/900] 4fa68fe0-5996-4b21-9d14-66fbcdf5c996: 35 groups; 1.4 s; peak memory 1432 MiB.
2026-10-06T10:05:17Z INFO [320/900] 4fa7bbcc-30c7-4464-941a-ee19fff2165c: 32 groups; 1.1 s; peak memory 1432 MiB.
2026-10-06T10:05:18Z INFO [321/900] 4faaa15d-4531-451d-ae88-73c6dfcebeb4: 32 groups; 1.1 s; peak memory 1432 MiB.
2026-10-06T10:05:19Z INFO [322/900] 4fab9566-4ac9-41ad-8a80-af2cfef7cdc0: 35 groups; 1.2 s; peak memory 1432 MiB.
2026-10-06T10:05:20Z INFO [323/900] 4fac168e-a2b3-480b-8b44-bea8899b6391: 67 groups; 0.9 s; peak memory 1432 MiB.
2026-10-06T10:05:21Z INFO [324/900] 4fac9754-96fc-4951-a6ca-6c114dfeda50: 194 groups; 1.2 s; peak memory 1432 MiB.
2026-10-06T10:07:43Z INFO [325/900] 4facf7f0-4d5f-43cb-adb1-7435d46373cb: 60 groups; 141.9 s; peak memory 1432 MiB.
2026-10-06T10:07:44Z INFO [326/900] 4faefb67-35c0-4aec-806a-076b790f67b1: 22 groups; 0.9 s; peak memory 1432 MiB.
2026-10-06T10:07:45Z INFO [327/900] 4fb029f5-0568-464c-9063-ecbf103730e7: 33 groups; 1.3 s; peak memory 1432 MiB.
2026-10-06T10:07:55Z INFO [328/900] 4fb06ab9-0076-46cc-b220-8e32dac24969: 298 groups; 9.5 s; peak memory 1432 MiB.
2026-10-06T10:07:56Z INFO [329/900] 4fb0d43f-621d-4860-8e4e-ccbf7faf2e5e: 22 groups; 0.9 s; peak memory 1432 MiB.
2026-10-06T10:07:56Z INFO [330/900] 4fb0dca2-03e6-4f3f-a1a0-de9412171026: 16 groups; 0.8 s; peak memory 1432 MiB.
2026-10-06T10:07:58Z INFO [331/900] 4fb11b07-fd5a-4a6c-be71-b4a93326e693: 27 groups; 1.5 s; peak memory 1432 MiB.
2026-10-06T10:07:59Z INFO [332/900] 4fb39014-6279-474d-bbf0-45b68989d082: 32 groups; 1.0 s; peak memory 1432 MiB.
2026-10-06T10:08:07Z INFO [333/900] 4fb3a54e-cd4f-4e8f-ab22-4649988ae499: 239 groups; 8.1 s; peak memory 1432 MiB.
2026-10-06T10:08:08Z INFO [334/900] 4fb3dcdd-7eae-495e-8d27-1ba162d11463: 35 groups; 1.1 s; peak memory 1432 MiB.
2026-10-06T10:08:10Z INFO [335/900] 4fb43026-cf72-4571-a693-48c11911c9ab: 35 groups; 1.5 s; peak memory 1432 MiB.
2026-10-06T10:08:16Z INFO [336/900] 4fb45abb-a6a1-42e0-9917-f36c67cf8929: 195 groups; 6.4 s; peak memory 1432 MiB.
2026-10-06T10:08:17Z INFO [337/900] 4fb5cc94-c4da-443f-bc3a-a6f09d6ba707: 36 groups; 1.3 s; peak memory 1432 MiB.
2026-10-06T10:10:34Z INFO [338/900] 4fb60d53-bc0b-4626-a087-733fa9f101a5: 63 groups; 137.0 s; peak memory 1432 MiB.
2026-10-06T10:10:38Z INFO [339/900] 4fb633b2-1cc9-4161-b699-d98d2aa0150a: 101 groups; 3.3 s; peak memory 1432 MiB.
2026-10-06T10:10:39Z INFO [340/900] 4fb69600-35e5-44bd-84c9-dfa6bb9cbd7e: 33 groups; 0.9 s; peak memory 1432 MiB.
2026-10-06T10:10:40Z INFO [341/900] 4fb71740-3ac2-460c-adf4-8a01080dfadc: 32 groups; 0.8 s; peak memory 1432 MiB.
2026-10-06T10:10:44Z INFO [342/900] 4fb727fa-c6fb-4aef-9751-c6b1a7f8e672: 154 groups; 4.9 s; peak memory 1432 MiB.
2026-10-06T10:14:11Z INFO [343/900] 4fb7392f-d6c6-4d3c-94c7-c20bffbdd735: 30 groups; 206.3 s; peak memory 1432 MiB.
2026-10-06T10:14:21Z INFO [344/900] 4fb751ba-3363-49c6-a1d2-fe09172c3c1c: 1469 groups; 10.0 s; peak memory 1432 MiB.
2026-10-06T10:14:22Z INFO [345/900] 4fb7d5e5-fcf9-465b-8d9a-f5d4dd3993f0: 26 groups; 1.1 s; peak memory 1432 MiB.
2026-10-06T10:14:23Z INFO [346/900] 4fb7face-b9d0-4e3c-8776-4bb89dafcc08: 253 groups; 1.1 s; peak memory 1432 MiB.
2026-10-06T10:14:24Z INFO [347/900] 4fb8191a-a2c3-4481-b053-b8051c800d1e: 41 groups; 1.3 s; peak memory 1432 MiB.
2026-10-06T10:14:25Z INFO [348/900] 4fb9ee6b-32ea-4c14-bdf1-667b5e2fe1ad: 22 groups; 0.8 s; peak memory 1432 MiB.
2026-10-06T10:14:26Z INFO [349/900] 4fbb35ac-b64e-410b-97d5-e0b7f6662d5c: 32 groups; 0.9 s; peak memory 1432 MiB.
2026-10-06T10:14:36Z INFO [350/900] 4fbb81e1-39fd-4a0c-b905-918c3b10445b: 18 groups; 10.4 s; peak memory 1432 MiB.
2026-10-06T10:14:37Z INFO [350/900] 4fbb81e1-39fd-4a0c-b905-918c3b10445b: checkpointed 85386 records.
2026-10-06T10:14:43Z INFO [351/900] 4fbbaa7b-d7b5-464b-b46e-1c945b45e797: 194 groups; 6.5 s; peak memory 1432 MiB.
2026-10-06T10:14:44Z INFO [352/900] 4fbbaca7-ec35-40b6-ab8f-770fe7da9898: 22 groups; 0.9 s; peak memory 1432 MiB.
2026-10-06T10:14:45Z INFO [353/900] 4fbc3894-47c7-428b-8113-7f3e35cf8a98: 32 groups; 0.9 s; peak memory 1432 MiB.
2026-10-06T10:14:46Z INFO [354/900] 4fbc5d76-5625-486e-a3ce-3f72677cc6c4: 32 groups; 1.2 s; peak memory 1432 MiB.
2026-10-06T10:14:47Z INFO [355/900] 4fbc6fd4-910a-45ef-9849-fcf2c6dc514d: 22 groups; 0.9 s; peak memory 1432 MiB.
2026-10-06T10:14:48Z INFO [356/900] 4fbcea81-b910-48b5-8826-d299bec283ce: 22 groups; 0.7 s; peak memory 1432 MiB.
2026-10-06T10:14:49Z INFO [357/900] 4fbd0f24-f3ed-4942-85e5-e08644dcc5f1: 32 groups; 1.0 s; peak memory 1432 MiB.
2026-10-06T10:14:50Z INFO [358/900] 4fbdf575-8110-4d2f-a12c-3dbf151fff5d: 25 groups; 1.4 s; peak memory 1432 MiB.
2026-10-06T10:14:56Z INFO [359/900] 4fbe4300-a684-438e-b5a5-f820c1adc8d4: 176 groups; 5.6 s; peak memory 1432 MiB.
2026-10-06T10:14:57Z INFO [360/900] 4fbe6a61-9045-480a-9f6b-17fa22f9031e: 35 groups; 1.5 s; peak memory 1432 MiB.
2026-10-06T10:15:00Z INFO [361/900] 4fbec369-c197-478f-9530-88b336bef7f2: 20 groups; 3.1 s; peak memory 1432 MiB.
2026-10-06T10:15:02Z INFO [362/900] 4fbee75f-e358-47e8-b7f6-39a22950d36d: 43 groups; 1.5 s; peak memory 1432 MiB.
2026-10-06T10:15:50Z INFO [363/900] 4fc028f3-7864-4d06-af95-c6a80a6a88dd: 50 groups; 47.8 s; peak memory 1432 MiB.
2026-10-06T10:15:50Z INFO [364/900] 4fc09a16-7986-49b7-9bf8-0f931d42df3d: 16 groups; 0.7 s; peak memory 1432 MiB.
2026-10-06T10:15:52Z INFO [365/900] 4fc1482c-ac5e-4b86-94db-8c848953af57: 35 groups; 1.3 s; peak memory 1432 MiB.
2026-10-06T10:15:53Z INFO [366/900] 4fc20172-215d-4020-ad99-a1102d8b592d: 104 groups; 1.1 s; peak memory 1432 MiB.
2026-10-06T10:15:54Z INFO [367/900] 4fc2a7ab-a0e0-49ee-b35e-b05f0a8b557b: 24 groups; 1.0 s; peak memory 1432 MiB.
2026-10-06T10:15:55Z INFO [368/900] 4fc2e427-54db-4af6-b667-ff03276176d7: 195 groups; 1.2 s; peak memory 1432 MiB.
2026-10-06T10:15:56Z INFO [369/900] 4fc30810-4769-4cb7-874e-c667c4b60feb: 258 groups; 0.9 s; peak memory 1432 MiB.
2026-10-06T10:15:57Z INFO [370/900] 4fc3d78a-ddfb-47d0-9246-6d9e8a438ad9: 28 groups; 0.9 s; peak memory 1432 MiB.
2026-10-06T10:15:58Z INFO [371/900] 4fc45719-f75c-4dfa-80c2-3ed8ebe524b8: 22 groups; 1.0 s; peak memory 1432 MiB.
2026-10-06T10:15:59Z INFO [372/900] 4fc597be-6ab5-4608-870f-ca731b9f1d28: 36 groups; 1.3 s; peak memory 1432 MiB.
2026-10-06T10:16:00Z INFO [373/900] 4fc5d4f2-8f18-4973-a513-3cf3490dcacd: 22 groups; 0.9 s; peak memory 1432 MiB.
2026-10-06T10:16:09Z INFO [374/900] 4fc5dad3-8fe3-4a33-9c96-2eeee9688097: 22 groups; 8.8 s; peak memory 1432 MiB.
2026-10-06T10:16:10Z INFO [375/900] 4fc5f01c-f5a0-42bd-8943-a1bf47473c96: 26 groups; 1.1 s; peak memory 1432 MiB.
2026-10-06T10:16:10Z INFO [376/900] 4fc666bd-5c3b-4f6c-a0f2-4e3f7eabc28f: 30 groups; 0.7 s; peak memory 1432 MiB.
2026-10-06T10:16:11Z INFO [377/900] 4fc6949f-3dc8-4d9a-8abe-cc91a0f44fe5: 27 groups; 0.9 s; peak memory 1432 MiB.
2026-10-06T10:16:15Z INFO [378/900] 4fc6c785-7a50-4346-b736-f97f385fbf82: 29 groups; 3.6 s; peak memory 1432 MiB.
2026-10-06T10:16:16Z INFO [379/900] 4fc780dc-ba48-45f5-8cf9-07ccafecc8fe: 22 groups; 0.7 s; peak memory 1432 MiB.
2026-10-06T10:16:16Z INFO [380/900] 4fc7f82a-3050-427f-aa32-9f8c35f18c30: 16 groups; 0.6 s; peak memory 1432 MiB.
2026-10-06T10:16:17Z INFO [381/900] 4fc823f2-6152-4e5a-9459-bd4dd049b696: 32 groups; 1.0 s; peak memory 1432 MiB.
2026-10-06T10:17:13Z INFO [382/900] 4fc917c6-2700-41c5-81d1-be3af1fb770d: 52 groups; 55.6 s; peak memory 1432 MiB.
2026-10-06T10:17:15Z INFO [383/900] 4fc92b61-0822-4e87-8ea2-5a79542aa9d9: 50 groups; 2.4 s; peak memory 1432 MiB.
2026-10-06T10:17:17Z INFO [384/900] 4fc9831b-79e3-44d0-a63a-e3ef88da97c7: 201 groups; 1.3 s; peak memory 1432 MiB.
2026-10-06T10:17:18Z INFO [385/900] 4fc99513-3790-46ac-90e6-5bf33ed0b572: 337 groups; 1.4 s; peak memory 1432 MiB.
2026-10-06T10:17:20Z INFO [386/900] 4fc9b946-5e40-46a4-8449-8d27e90e0c78: 48 groups; 1.7 s; peak memory 1432 MiB.
2026-10-06T10:17:22Z INFO [387/900] 4fca1e6b-152e-49cd-85de-2fb456cf95b4: 48 groups; 2.1 s; peak memory 1432 MiB.
2026-10-06T10:17:23Z INFO [388/900] 4fcac843-cd0b-4619-bc8c-badf4d79480d: 22 groups; 0.9 s; peak memory 1432 MiB.
2026-10-06T10:17:24Z INFO [389/900] 4fcb4f32-3e3d-42f8-94d9-96c02416de99: 25 groups; 0.9 s; peak memory 1432 MiB.
2026-10-06T10:17:25Z INFO [390/900] 4fcb7668-8417-4a48-b13b-727982a44ba3: 22 groups; 1.1 s; peak memory 1432 MiB.
2026-10-06T10:17:26Z INFO [391/900] 4fcbd1d5-8842-4b70-b195-7596778a6965: 22 groups; 0.8 s; peak memory 1432 MiB.
2026-10-06T10:17:26Z INFO [392/900] 4fccd6f3-77a2-495f-b0ee-ca10b7f3c6ca: 29 groups; 0.9 s; peak memory 1432 MiB.
2026-10-06T10:17:28Z INFO [393/900] 4fcd35c0-56d1-4401-8b33-b9230b750ddb: 35 groups; 1.6 s; peak memory 1432 MiB.
2026-10-06T10:17:29Z INFO [394/900] 4fcd8062-1848-4624-a790-dc4f0d7c1bef: 32 groups; 0.9 s; peak memory 1432 MiB.
2026-10-06T10:17:30Z INFO [395/900] 4fcd8cd3-dc2e-487e-bf84-b869b354ee96: 22 groups; 0.8 s; peak memory 1432 MiB.
2026-10-06T10:17:31Z INFO [396/900] 4fceabb4-0cf9-4097-b865-8246ff779e12: 207 groups; 1.6 s; peak memory 1432 MiB.
2026-10-06T10:17:40Z INFO [397/900] 4fcf2d80-56af-4c0f-83ad-6cc0ba495e74: 120 groups; 8.3 s; peak memory 1432 MiB.
2026-10-06T10:17:41Z INFO [398/900] 4fcf366f-acba-4f5f-b8ad-26a336454c99: 22 groups; 0.9 s; peak memory 1432 MiB.
2026-10-06T10:17:44Z INFO [399/900] 4fcf834f-4ea1-4788-a84b-1594ab63aa6b: 93 groups; 3.1 s; peak memory 1432 MiB.
2026-10-06T10:17:44Z INFO [400/900] 4fd0dfe0-d238-46ec-b51e-96639bbc6254: 30 groups; 0.7 s; peak memory 1432 MiB.
2026-10-06T10:17:45Z INFO [400/900] 4fd0dfe0-d238-46ec-b51e-96639bbc6254: checkpointed 85436 records.
2026-10-06T10:17:46Z INFO [401/900] 4fd0fce9-4888-4208-9239-e8289c5ef54c: 33 groups; 1.2 s; peak memory 1432 MiB.
2026-10-06T10:17:47Z INFO [402/900] 4fd182f4-5448-4496-a797-3d18c99c08aa: 22 groups; 0.7 s; peak memory 1432 MiB.
2026-10-06T10:17:47Z INFO [403/900] 4fd1a10d-4f00-4acd-8385-a85f06b182fb: 22 groups; 0.8 s; peak memory 1432 MiB.
2026-10-06T10:17:50Z INFO [404/900] 4fd1c47f-277d-497c-acf2-cb832a246ff2: 50 groups; 2.6 s; peak memory 1432 MiB.
2026-10-06T10:17:54Z INFO [405/900] 4fd24617-3815-48d8-9425-86a6277d2651: 105 groups; 3.8 s; peak memory 1432 MiB.
2026-10-06T10:17:56Z INFO [406/900] 4fd2881a-64b4-4761-a308-3dde08814c54: 54 groups; 1.7 s; peak memory 1432 MiB.
2026-10-06T10:17:57Z INFO [407/900] 4fd339e4-51ef-430c-8447-a19ad78bb962: 42 groups; 1.1 s; peak memory 1432 MiB.
2026-10-06T10:17:58Z INFO [408/900] 4fd3ef9a-0f99-456e-997d-927c2ae10125: 35 groups; 1.3 s; peak memory 1432 MiB.
2026-10-06T10:17:59Z INFO [409/900] 4fd4e789-4e37-4a09-9af3-54056b272fb2: 35 groups; 1.1 s; peak memory 1432 MiB.
2026-10-06T10:18:05Z INFO [410/900] 4fd56071-7eb4-4682-8e25-4eba30402960: 67 groups; 5.6 s; peak memory 1432 MiB.
2026-10-06T10:18:06Z INFO [411/900] 4fd69b08-ab43-410d-b620-010da61971c4: 194 groups; 1.3 s; peak memory 1432 MiB.
2026-10-06T10:18:08Z INFO [412/900] 4fd6b111-31f5-45ad-b3f5-6094536474a1: 48 groups; 2.2 s; peak memory 1432 MiB.
2026-10-06T10:18:21Z INFO [413/900] 4fd7ed2f-2565-4630-a147-92227ad92793: 240 groups; 12.6 s; peak memory 1432 MiB.
2026-10-06T10:18:22Z INFO [414/900] 4fd80bae-7431-490f-bad5-63a65d1eb48f: 32 groups; 0.8 s; peak memory 1432 MiB.
2026-10-06T10:18:22Z INFO [415/900] 4fd890db-3a81-483d-becf-bd8a7d46ca03: 30 groups; 0.8 s; peak memory 1432 MiB.
2026-10-06T10:18:24Z INFO [416/900] 4fd951e0-609e-4217-bde0-a1c3deabe3c1: 341 groups; 1.7 s; peak memory 1432 MiB.
2026-10-06T10:18:25Z INFO [417/900] 4fd9a635-94c4-441b-9c4d-cf0037d9b909: 21 groups; 0.8 s; peak memory 1432 MiB.
2026-10-06T10:18:26Z INFO [418/900] 4fd9e085-0680-4503-9b20-90b4cff9aa00: 29 groups; 0.8 s; peak memory 1432 MiB.
2026-10-06T10:18:27Z INFO [419/900] 4fd9ebe5-c3c0-4d1c-9410-ce90222ce37c: 196 groups; 1.1 s; peak memory 1432 MiB.
2026-10-06T10:18:28Z INFO [420/900] 4fda31bb-cdc8-4297-ae95-5bd3dd00c833: 46 groups; 1.2 s; peak memory 1432 MiB.
2026-10-06T10:18:30Z INFO [421/900] 4fda8725-dc6f-4c49-959d-663ab2b2a324: 35 groups; 2.1 s; peak memory 1432 MiB.
2026-10-06T10:18:31Z INFO [422/900] 4fdac84d-12cf-456e-a4dc-0a0c311565a4: 22 groups; 1.0 s; peak memory 1432 MiB.
2026-10-06T10:18:37Z INFO [423/900] 4fdae64a-8471-4631-bc5a-1ec37b58cfe0: 192 groups; 5.7 s; peak memory 1432 MiB.
2026-10-06T10:18:38Z INFO [424/900] 4fdb322f-6422-45dc-9d0c-d2860270c522: 22 groups; 0.8 s; peak memory 1432 MiB.
2026-10-06T10:18:38Z INFO [425/900] 4fdbc9af-f618-41ae-bdaa-9e50876b4f05: 22 groups; 0.9 s; peak memory 1432 MiB.
2026-10-06T10:18:39Z INFO [426/900] 4fdd39ef-fb78-48dc-8b03-282cf8906639: 22 groups; 0.8 s; peak memory 1432 MiB.
2026-10-06T10:18:40Z INFO [427/900] 4fdda424-42b6-4359-b04c-9374a476c1b9: 35 groups; 0.8 s; peak memory 1432 MiB.
2026-10-06T10:18:48Z INFO [428/900] 4fde0171-9f57-491a-a44f-450fb1659d37: 52 groups; 7.5 s; peak memory 1432 MiB.
2026-10-06T10:18:49Z INFO [429/900] 4fde884a-8bf7-453f-82b0-bb99c56573d1: 32 groups; 1.0 s; peak memory 1432 MiB.
2026-10-06T10:18:49Z INFO [430/900] 4fdea899-c02c-4d4f-a43d-55b9e5b940ed: 22 groups; 0.9 s; peak memory 1432 MiB.
2026-10-06T10:18:50Z INFO [431/900] 4fdfd841-d154-49a8-a535-55deb8273803: 22 groups; 1.0 s; peak memory 1432 MiB.
2026-10-06T10:18:51Z INFO [432/900] 4fdffe42-8eb6-49d2-b98a-38da7b33ff24: 22 groups; 0.9 s; peak memory 1432 MiB.
2026-10-06T10:18:54Z INFO [433/900] 4fe04c12-dd14-4389-ba5f-43c8a070e902: 46 groups; 2.2 s; peak memory 1432 MiB.
2026-10-06T10:18:55Z INFO [434/900] 4fe075f2-8625-4af4-a9c7-4333423c81e9: 48 groups; 1.8 s; peak memory 1432 MiB.
2026-10-06T10:18:57Z INFO [435/900] 4fe18360-9908-4b6d-bee1-7c7704520390: 200 groups; 1.1 s; peak memory 1432 MiB.
2026-10-06T10:18:58Z INFO [436/900] 4fe1ab83-bbdf-4bb7-bb31-a406891dbdd4: 22 groups; 1.0 s; peak memory 1432 MiB.
2026-10-06T10:19:02Z INFO [437/900] 4fe241cc-5df1-43bf-9129-1b1775f95bab: 161 groups; 4.9 s; peak memory 1432 MiB.
2026-10-06T10:19:03Z INFO [438/900] 4fe38cb4-db2d-4a9c-a104-1882cfd124df: 23 groups; 0.7 s; peak memory 1432 MiB.
2026-10-06T10:19:04Z INFO [439/900] 4fe3b508-0ec7-4327-82cc-30e11865cd4a: 35 groups; 1.2 s; peak memory 1432 MiB.
2026-10-06T10:19:05Z INFO [440/900] 4fe3ef01-6a61-49b2-92e8-993c9f94e03a: 32 groups; 1.0 s; peak memory 1432 MiB.
2026-10-06T10:19:07Z INFO [441/900] 4fe644ed-276b-4a3b-ae5f-8476c025abb9: 48 groups; 1.5 s; peak memory 1432 MiB.
2026-10-06T10:19:08Z INFO [442/900] 4fe66ec8-d645-4479-9a20-7df5216bbfb0: 22 groups; 1.0 s; peak memory 1432 MiB.
2026-10-06T10:19:18Z INFO [443/900] 4fe6ece7-b353-4c8f-b2a6-8a07115523a5: 39 groups; 10.2 s; peak memory 1432 MiB.
2026-10-06T10:19:19Z INFO [444/900] 4fe723c1-f71c-4615-a6f5-b0061afc4d31: 16 groups; 0.7 s; peak memory 1432 MiB.
2026-10-06T10:19:20Z INFO [445/900] 4fe7ad24-7091-4b55-ad3a-044f3c309f98: 56 groups; 0.8 s; peak memory 1432 MiB.
2026-10-06T10:19:20Z INFO [446/900] 4fe7c278-23c5-4a67-8a54-8d33d492434d: 32 groups; 0.9 s; peak memory 1432 MiB.
2026-10-06T10:19:21Z INFO [447/900] 4fe819b3-ac9e-4562-94a8-cfc95a1e03fa: 22 groups; 0.9 s; peak memory 1432 MiB.
2026-10-06T10:19:23Z INFO [448/900] 4fe837d4-a26e-452f-a6e6-4089732b503f: 195 groups; 1.2 s; peak memory 1432 MiB.
2026-10-06T10:19:27Z INFO [449/900] 4fe8c5df-ec33-4bb2-8880-515671095433: 140 groups; 4.3 s; peak memory 1432 MiB.
2026-10-06T10:19:28Z INFO [450/900] 4fe909c8-644a-42f0-ab3d-1acbb8f1416c: 33 groups; 0.8 s; peak memory 1432 MiB.
2026-10-06T10:19:28Z INFO [450/900] 4fe909c8-644a-42f0-ab3d-1acbb8f1416c: checkpointed 85486 records.
2026-10-06T10:19:29Z INFO [451/900] 4fe95f09-f77a-4f6d-b3c0-5327ee7a9eaa: 22 groups; 0.7 s; peak memory 1432 MiB.
2026-10-06T10:19:30Z INFO [452/900] 4fec1b96-fda4-403e-8de2-540553ac8235: 336 groups; 1.7 s; peak memory 1432 MiB.
2026-10-06T10:19:34Z INFO [453/900] 4fed1832-208b-4612-8285-2209396882e1: 139 groups; 3.7 s; peak memory 1432 MiB.
2026-10-06T10:19:35Z INFO [454/900] 4fed7af7-bcdc-452a-a7c5-dbf8224d0014: 22 groups; 0.8 s; peak memory 1432 MiB.
2026-10-06T10:19:36Z INFO [455/900] 4fedd5f3-2020-479a-af3c-f2a8e9889e44: 108 groups; 0.9 s; peak memory 1432 MiB.
2026-10-06T10:19:37Z INFO [456/900] 4fede59c-ecce-44db-aa38-c0d21f49bb4e: 32 groups; 1.0 s; peak memory 1432 MiB.
2026-10-06T10:19:37Z INFO [457/900] 4fedf29d-8833-448b-9c9e-2f3d5702d657: 22 groups; 0.8 s; peak memory 1432 MiB.
2026-10-06T10:19:38Z INFO [458/900] 4fef18a8-432e-4de0-b630-9f14d5e4151e: 25 groups; 0.7 s; peak memory 1432 MiB.
2026-10-06T10:19:40Z INFO [459/900] 4fefd146-da76-455d-9d0b-8dbb1f2362df: 34 groups; 2.2 s; peak memory 1432 MiB.
2026-10-06T10:19:42Z INFO [460/900] 4ff06d2f-db45-4734-94f9-49b1eb123a18: 199 groups; 1.3 s; peak memory 1432 MiB.
2026-10-06T10:19:43Z INFO [461/900] 4ff0c451-9ee5-467e-a9ea-d4ec0a72675e: 254 groups; 0.9 s; peak memory 1432 MiB.
2026-10-06T10:19:47Z INFO [462/900] 4ff170ee-1b12-486e-b5c6-b659b3a884f8: 147 groups; 4.4 s; peak memory 1432 MiB.
2026-10-06T10:19:48Z INFO [463/900] 4ff21644-2d3b-45e5-876c-cf03d3697761: 22 groups; 0.9 s; peak memory 1432 MiB.
2026-10-06T10:19:49Z INFO [464/900] 4ff262a6-c220-4585-9311-a26defc1eca3: 25 groups; 0.8 s; peak memory 1432 MiB.
2026-10-06T10:19:50Z INFO [465/900] 4ff274d1-ec86-4748-953e-be85deb576a1: 35 groups; 1.1 s; peak memory 1432 MiB.
2026-10-06T10:19:51Z INFO [466/900] 4ff28ba7-58f7-4a83-8c0d-3783cd87de14: 35 groups; 1.1 s; peak memory 1432 MiB.
2026-10-06T10:19:52Z INFO [467/900] 4ff35f99-7940-4bb8-82a0-413d00c7ff7f: 24 groups; 0.7 s; peak memory 1432 MiB.
2026-10-06T10:19:58Z INFO [468/900] 4ff3a992-3287-4ca1-95ff-9c02cdf9d6c2: 209 groups; 5.9 s; peak memory 1432 MiB.
2026-10-06T10:19:59Z INFO [469/900] 4ff4530d-0783-483e-904b-1d0e6cd3d6b2: 32 groups; 1.0 s; peak memory 1432 MiB.
2026-10-06T10:20:00Z INFO [470/900] 4ff55093-cd5c-4140-b14e-6dc665a414df: 22 groups; 1.0 s; peak memory 1432 MiB.
2026-10-06T10:20:07Z INFO [471/900] 4ff6c7bd-1613-496c-a144-831d1e5737b3: 323 groups; 7.9 s; peak memory 1432 MiB.
2026-10-06T10:20:08Z INFO [472/900] 4ff7894d-9aef-4c11-bd12-f8a8ac73cf66: 16 groups; 0.6 s; peak memory 1432 MiB.
2026-10-06T10:20:09Z INFO [473/900] 4ff80e3f-0cd4-436c-9bf8-2a3bdfe65ec5: 22 groups; 0.7 s; peak memory 1432 MiB.
2026-10-06T10:20:24Z INFO [474/900] 4ff8a213-9d7d-4259-80ef-c06cbcb05822: 309 groups; 15.2 s; peak memory 1432 MiB.
2026-10-06T10:20:26Z INFO [475/900] 4ff9198b-9469-4e58-b77d-9b04b6f7c09f: 48 groups; 1.7 s; peak memory 1432 MiB.
2026-10-06T10:20:28Z INFO [476/900] 4ff975a7-48fd-4bae-a849-4a65619fe04c: 38 groups; 1.8 s; peak memory 1432 MiB.
2026-10-06T10:20:31Z INFO [477/900] 4ffa4f48-050f-40a3-b8b6-17e26f286e35: 73 groups; 3.7 s; peak memory 1432 MiB.
2026-10-06T10:20:39Z INFO [478/900] 4ffb6aa4-5cd0-4a80-834f-38a065ee561e: 222 groups; 7.9 s; peak memory 1432 MiB.
2026-10-06T10:20:44Z INFO [479/900] 4ffbfaaa-be93-4d2e-a2f8-8ddbf40eb2ff: 181 groups; 5.4 s; peak memory 1432 MiB.
2026-10-06T10:20:45Z INFO [480/900] 4ffc1695-584b-4535-8fca-6405e4a252dc: 32 groups; 1.0 s; peak memory 1432 MiB.
2026-10-06T10:20:47Z INFO [481/900] 4ffc9204-7028-49a3-998a-c4b4c515ce3c: 32 groups; 1.2 s; peak memory 1432 MiB.
2026-10-06T10:20:47Z INFO [482/900] 4ffceb51-8967-470f-81e9-18bd5ad36246: 22 groups; 0.7 s; peak memory 1432 MiB.
2026-10-06T10:20:54Z INFO [483/900] 4ffdc53c-fe78-4137-addb-034168a7d07b: 175 groups; 7.0 s; peak memory 1432 MiB.
2026-10-06T10:20:55Z INFO [484/900] 4ffdf038-9f46-423d-a114-72c7c3b0a330: 32 groups; 1.0 s; peak memory 1432 MiB.
2026-10-06T10:20:56Z INFO [485/900] 4ffe5d5d-7b70-4021-914c-355df77a0c58: 28 groups; 0.7 s; peak memory 1432 MiB.
2026-10-06T10:20:57Z INFO [486/900] 4ffe8c9f-06c8-4eb8-bb71-9659eb77d19b: 25 groups; 0.9 s; peak memory 1432 MiB.
2026-10-06T10:21:07Z INFO [487/900] 4ffeb391-aff0-4d37-954f-2756fd8bceb1: 78 groups; 9.7 s; peak memory 1432 MiB.
2026-10-06T10:21:08Z INFO [488/900] 4fff07f4-38f2-40cf-8610-36dc840aa514: 108 groups; 1.0 s; peak memory 1432 MiB.
2026-10-06T10:21:09Z INFO [489/900] 4fff426f-0dca-4428-89e7-fcf79c0e394e: 49 groups; 1.3 s; peak memory 1432 MiB.
2026-10-06T10:21:10Z INFO [490/900] 5000f19e-b53c-4c0c-8ff1-c3045eb29c64: 29 groups; 0.7 s; peak memory 1432 MiB.
2026-10-06T10:21:11Z INFO [491/900] 50010191-d76a-46c4-ad6a-caed9a06fb6b: 206 groups; 1.4 s; peak memory 1432 MiB.
2026-10-06T10:21:12Z INFO [492/900] 5001d6c1-e05d-4f7d-91bc-6ced0704e3a0: 22 groups; 0.7 s; peak memory 1432 MiB.
2026-10-06T10:21:13Z INFO [493/900] 50020379-3887-4a24-87d3-02b7d3542e80: 22 groups; 0.7 s; peak memory 1432 MiB.
2026-10-06T10:21:14Z INFO [494/900] 500246e4-47b3-451c-9d05-969664f2e264: 35 groups; 1.1 s; peak memory 1432 MiB.
2026-10-06T10:21:24Z INFO [495/900] 50027cd2-dac6-4bce-a4c1-3fcd472e9082: 196 groups; 9.9 s; peak memory 1432 MiB.
2026-10-06T10:21:24Z INFO [496/900] 5002eced-bac9-409f-82d2-b05e64b5aab3: 32 groups; 0.9 s; peak memory 1432 MiB.
2026-10-06T10:21:26Z INFO [497/900] 50030a46-6dff-445e-ae5a-f352298c06c4: 35 groups; 1.3 s; peak memory 1432 MiB.
2026-10-06T10:21:27Z INFO [498/900] 5003b27c-3be1-4e72-9fe2-89de4d11a1d6: 22 groups; 0.8 s; peak memory 1432 MiB.
2026-10-06T10:21:28Z INFO [499/900] 5003c529-398d-43c9-94b5-161f2ad47f2d: 35 groups; 1.2 s; peak memory 1432 MiB.
2026-10-06T10:21:28Z INFO [500/900] 50047d11-1691-45a8-9074-1d64f4fc0a7b: 16 groups; 0.6 s; peak memory 1432 MiB.
2026-10-06T10:21:28Z INFO [500/900] 50047d11-1691-45a8-9074-1d64f4fc0a7b: checkpointed 85536 records.
2026-10-06T10:21:32Z INFO [501/900] 50054435-d9b5-4da5-9a89-c14944eaf21f: 468 groups; 3.2 s; peak memory 1432 MiB.
2026-10-06T10:21:33Z INFO [502/900] 50055891-d935-4360-a93e-5a7888806323: 28 groups; 0.9 s; peak memory 1432 MiB.
2026-10-06T10:21:34Z INFO [503/900] 5005e1d4-c695-4a37-b8af-6d0405dff85e: 35 groups; 1.2 s; peak memory 1432 MiB.
2026-10-06T10:21:35Z INFO [504/900] 500629d1-b55c-4995-9ba9-d41e9019701c: 22 groups; 1.0 s; peak memory 1432 MiB.
2026-10-06T10:21:39Z INFO [505/900] 50063d35-cb60-425c-9ac6-6b66b13c2428: 73 groups; 4.7 s; peak memory 1432 MiB.
2026-10-06T10:21:41Z INFO [506/900] 500647d8-dba0-4060-b6bf-027139747d53: 22 groups; 1.0 s; peak memory 1432 MiB.
2026-10-06T10:21:48Z INFO [507/900] 5006e014-e7c1-4d3c-9071-7592b58cd00b: 314 groups; 8.0 s; peak memory 1432 MiB.
2026-10-06T10:21:50Z INFO [508/900] 5007bfed-cf80-43fe-9a6a-dc17e348119b: 35 groups; 1.2 s; peak memory 1432 MiB.
2026-10-06T10:21:50Z INFO [509/900] 500855e6-3bf5-4e01-adaf-6325e2f451f0: 22 groups; 0.8 s; peak memory 1432 MiB.
2026-10-06T10:21:51Z INFO [510/900] 5008909d-a83f-43fa-8de7-8978b718fa8a: 22 groups; 0.9 s; peak memory 1432 MiB.
2026-10-06T10:21:52Z INFO [511/900] 5008b41b-4cc1-40f4-bffb-df15827a44dc: 17 groups; 0.7 s; peak memory 1432 MiB.
2026-10-06T10:21:53Z INFO [512/900] 5008efab-86ff-4b5e-88e7-6beb3bf4e2a4: 32 groups; 1.0 s; peak memory 1432 MiB.
2026-10-06T10:21:54Z INFO [513/900] 5009b311-2f20-45fe-aa39-f95ea6e90a69: 32 groups; 0.9 s; peak memory 1432 MiB.
2026-10-06T10:21:55Z INFO [514/900] 500a2751-caf0-463c-8f30-546cda7729b7: 22 groups; 0.8 s; peak memory 1432 MiB.
2026-10-06T10:22:01Z INFO [515/900] 500aab1c-52fe-436a-ba14-f6dbabf68165: 68 groups; 5.8 s; peak memory 1432 MiB.
2026-10-06T10:22:01Z INFO [516/900] 500b5731-4205-4665-8f68-a534539b04cc: 26 groups; 0.6 s; peak memory 1432 MiB.
2026-10-06T10:22:03Z INFO [517/900] 500c90d4-2447-4639-91bc-c077db59e011: 199 groups; 1.4 s; peak memory 1432 MiB.
2026-10-06T10:22:04Z INFO [518/900] 500f5d23-5c61-4635-9192-05866a0decdb: 24 groups; 0.9 s; peak memory 1432 MiB.
2026-10-06T10:22:14Z INFO [519/900] 500f7c0d-5703-40ec-ae48-e38b5f5db401: 47 groups; 11.0 s; peak memory 1432 MiB.
2026-10-06T10:22:17Z INFO [520/900] 50102e7c-ddb5-4362-a8e6-d7e779a047f2: 50 groups; 2.4 s; peak memory 1432 MiB.
2026-10-06T10:22:20Z INFO [521/900] 5010c78b-96ae-4f0f-9974-11efabe26737: 47 groups; 2.8 s; peak memory 1432 MiB.
2026-10-06T10:22:21Z INFO [522/900] 5011c2df-1635-4894-acc3-c63af9034ec1: 194 groups; 1.2 s; peak memory 1432 MiB.
2026-10-06T10:22:24Z INFO [523/900] 501298da-8492-40ca-bcfb-45f98abac41e: 63 groups; 3.0 s; peak memory 1432 MiB.
2026-10-06T10:22:25Z INFO [524/900] 5012ff1c-a8cf-4110-93e7-3918c6a3c5da: 32 groups; 0.9 s; peak memory 1432 MiB.
2026-10-06T10:22:26Z INFO [525/900] 50132d5e-afb7-4380-9e1e-965d2303e77c: 32 groups; 1.0 s; peak memory 1432 MiB.
2026-10-06T10:22:33Z INFO [526/900] 5014473a-0b1c-466c-a3f8-3a84352f9d7b: 218 groups; 7.0 s; peak memory 1432 MiB.
2026-10-06T10:22:34Z INFO [527/900] 5014501b-fc55-4390-b34c-7d1e6dc41104: 103 groups; 0.9 s; peak memory 1432 MiB.
2026-10-06T10:22:35Z INFO [528/900] 501613d6-508b-415f-96c1-4c56b676214e: 48 groups; 1.5 s; peak memory 1432 MiB.
2026-10-06T10:22:36Z INFO [529/900] 501681c7-4358-49fe-944f-449055ab9855: 32 groups; 1.0 s; peak memory 1432 MiB.
2026-10-06T10:22:37Z INFO [530/900] 50178a64-5802-466f-81b1-f54437871a5e: 22 groups; 0.8 s; peak memory 1432 MiB.
2026-10-06T10:22:38Z INFO [531/900] 50184923-e7d0-41df-b045-0fbd717f529e: 22 groups; 0.9 s; peak memory 1432 MiB.
2026-10-06T10:22:38Z INFO [532/900] 50184e38-fe77-4079-a49a-752837259ce9: 16 groups; 0.6 s; peak memory 1432 MiB.
2026-10-06T10:22:44Z INFO [533/900] 50185b0a-5cc8-426c-a7a8-bda76bac0377: 53 groups; 5.3 s; peak memory 1432 MiB.
2026-10-06T10:22:46Z INFO [534/900] 501899e7-4418-483c-9969-c6cde9f68111: 341 groups; 1.8 s; peak memory 1432 MiB.
2026-10-06T10:22:55Z INFO [535/900] 5018f4e6-4033-4fc1-99a2-a3902725cf6f: 76 groups; 9.4 s; peak memory 1432 MiB.
2026-10-06T10:22:56Z INFO [536/900] 50193eb3-e956-4ddb-9b56-0bd1504997b6: 35 groups; 1.0 s; peak memory 1432 MiB.
2026-10-06T10:22:57Z INFO [537/900] 501997e0-ebe2-4cb9-ac96-be14e20a013b: 35 groups; 1.1 s; peak memory 1432 MiB.
2026-10-06T10:23:09Z INFO [538/900] 501a80b9-534a-476e-922f-e68cae643ffd: 389 groups; 12.1 s; peak memory 1432 MiB.
2026-10-06T10:23:10Z INFO [539/900] 501a9d1a-da55-4fbb-9749-6b2490b702a8: 35 groups; 1.2 s; peak memory 1432 MiB.
2026-10-06T10:23:19Z INFO [540/900] 501b3e0d-c4f8-4a3e-abec-1a62e9c208f8: 200 groups; 8.3 s; peak memory 1432 MiB.
2026-10-06T10:23:20Z INFO [541/900] 501b5f83-c1cc-4627-b9c0-281119db8e0b: 33 groups; 1.4 s; peak memory 1432 MiB.
2026-10-06T10:23:21Z INFO [542/900] 501b7ddd-e96d-4d72-b07c-dd228ebd1e9e: 17 groups; 0.7 s; peak memory 1432 MiB.
2026-10-06T10:23:22Z INFO [543/900] 501ce0ed-a7ab-462d-88f0-8dff38104db4: 22 groups; 0.9 s; peak memory 1432 MiB.
2026-10-06T10:23:22Z INFO [544/900] 501d18a5-1c7e-4c11-949f-1e89c795fe32: 22 groups; 0.8 s; peak memory 1432 MiB.
2026-10-06T10:23:23Z INFO [545/900] 501e403e-036c-4256-a082-377719706dd3: 16 groups; 0.9 s; peak memory 1432 MiB.
2026-10-06T10:23:31Z INFO [546/900] 501e537e-6fe5-4817-a95d-96d5022e942c: 268 groups; 8.0 s; peak memory 1432 MiB.
2026-10-06T10:23:32Z INFO [547/900] 501e70c9-750a-4e38-896f-6df905b5f45b: 33 groups; 0.9 s; peak memory 1432 MiB.
2026-10-06T10:23:58Z INFO [548/900] 501ecdf7-bedb-4e03-9e28-ed699cd6677c: 26 groups; 26.1 s; peak memory 1432 MiB.
2026-10-06T10:23:59Z INFO [549/900] 501f0894-a613-42bc-9351-23cf36d210d0: 22 groups; 0.9 s; peak memory 1432 MiB.
2026-10-06T10:24:00Z INFO [550/900] 501f12e2-3003-4531-bdb3-f8d803f46cad: 22 groups; 0.8 s; peak memory 1432 MiB.
2026-10-06T10:24:00Z INFO [550/900] 501f12e2-3003-4531-bdb3-f8d803f46cad: checkpointed 85586 records.
2026-10-06T10:24:02Z INFO [551/900] 5020b4f5-0b6f-4b64-8143-f69411fea0a9: 48 groups; 1.9 s; peak memory 1432 MiB.
2026-10-06T10:24:03Z INFO [552/900] 50214aa3-7e04-4776-a065-fc613857d5af: 22 groups; 1.1 s; peak memory 1432 MiB.
2026-10-06T10:24:05Z INFO [553/900] 5021bd3e-fecd-4ffa-bbef-5c313ddf5158: 31 groups; 1.5 s; peak memory 1432 MiB.
2026-10-06T10:24:05Z INFO [554/900] 50220f3d-15cc-42fd-9b95-5e161b07a4f7: 22 groups; 0.8 s; peak memory 1432 MiB.
2026-10-06T10:24:06Z INFO [555/900] 502211a6-b86d-4bb6-aa57-acb44fde3330: 27 groups; 0.6 s; peak memory 1432 MiB.
2026-10-06T10:24:08Z INFO [556/900] 50222897-7518-417b-93bb-fdd631291da0: 196 groups; 1.5 s; peak memory 1432 MiB.
2026-10-06T10:24:09Z INFO [557/900] 50228400-df85-4db8-aec7-b0e8c4dd3535: 103 groups; 1.0 s; peak memory 1432 MiB.
2026-10-06T10:24:18Z INFO [558/900] 5022e09f-c5b1-407d-bc76-caabca02e9ed: 75 groups; 9.3 s; peak memory 1432 MiB.
2026-10-06T10:24:20Z INFO [559/900] 50230378-3751-4064-8fff-5b0fe6ee9fa3: 48 groups; 2.0 s; peak memory 1432 MiB.
2026-10-06T10:24:21Z INFO [560/900] 502359b3-cf0c-4ad7-b996-2de00c8a533c: 22 groups; 0.8 s; peak memory 1432 MiB.
2026-10-06T10:24:22Z INFO [561/900] 502372e6-069e-499a-a868-33113fd0a8d9: 21 groups; 0.9 s; peak memory 1432 MiB.
2026-10-06T10:24:23Z INFO [562/900] 50239f4f-7d2a-46a4-aaa1-7eaf39435d9c: 33 groups; 1.7 s; peak memory 1432 MiB.
2026-10-06T10:24:25Z INFO [563/900] 5023a734-95e2-47de-8379-6321166b92b2: 35 groups; 1.3 s; peak memory 1432 MiB.
2026-10-06T10:24:25Z INFO [564/900] 50245bfc-ecce-44db-8ac1-4d68ff4b9a41: 35 groups; 0.9 s; peak memory 1432 MiB.
2026-10-06T10:24:27Z INFO [565/900] 50256926-7a6f-454f-b996-55c2791a09d7: 31 groups; 1.2 s; peak memory 1432 MiB.
2026-10-06T10:24:27Z INFO [566/900] 5025b8e3-f8e8-415e-8e21-5a44c995a1e8: 26 groups; 0.7 s; peak memory 1432 MiB.
2026-10-06T10:24:28Z INFO [567/900] 5026c60d-35c7-47dc-9735-14347c8fd029: 16 groups; 0.8 s; peak memory 1432 MiB.
2026-10-06T10:24:32Z INFO [568/900] 502726d7-7e71-4de4-ba05-bf445cef5b3b: 181 groups; 4.1 s; peak memory 1432 MiB.
2026-10-06T10:24:33Z INFO [569/900] 502730a6-3b10-40c7-8136-c144f984028a: 22 groups; 0.9 s; peak memory 1432 MiB.
2026-10-06T10:24:34Z INFO [570/900] 5027f781-fde5-4d79-87d6-a096fd1f880b: 22 groups; 0.9 s; peak memory 1432 MiB.
2026-10-06T10:24:36Z INFO [571/900] 50286f99-03a3-4708-a99f-18980a0ec281: 48 groups; 2.2 s; peak memory 1432 MiB.
2026-10-06T10:24:37Z INFO [572/900] 50289bc9-b986-4e7b-9980-fddef0cab14a: 16 groups; 0.6 s; peak memory 1432 MiB.
2026-10-06T10:24:38Z INFO [573/900] 5028b632-bf05-4459-af93-b60fe32a99ab: 32 groups; 0.8 s; peak memory 1432 MiB.
2026-10-06T10:26:47Z INFO [574/900] 5028d3a1-767a-4f92-a888-2456cbd42db7: 71 groups; 129.4 s; peak memory 1432 MiB.
2026-10-06T10:26:49Z INFO [575/900] 502955d9-6fc0-4be6-aefc-3923e2d71525: 35 groups; 1.4 s; peak memory 1432 MiB.
2026-10-06T10:26:52Z INFO [576/900] 502a564e-144f-45bc-8f3f-3b2e5c7cdf76: 76 groups; 3.7 s; peak memory 1432 MiB.
2026-10-06T10:26:53Z INFO [577/900] 502b18e2-cd47-461f-9e03-ea55bf7f33cc: 32 groups; 1.2 s; peak memory 1432 MiB.
2026-10-06T10:26:54Z INFO [578/900] 502bf671-3058-4511-a797-40f2ee209223: 32 groups; 1.1 s; peak memory 1432 MiB.
2026-10-06T10:26:56Z INFO [579/900] 502c9579-adcd-4633-814a-3da55b0d4520: 22 groups; 1.1 s; peak memory 1432 MiB.
2026-10-06T10:26:58Z INFO [580/900] 502d37d9-91e9-488f-9177-27fcda763dfe: 60 groups; 2.4 s; peak memory 1432 MiB.
2026-10-06T10:26:59Z INFO [581/900] 502dcebc-2297-4fd3-961f-770235dd9b52: 31 groups; 1.4 s; peak memory 1432 MiB.
2026-10-06T10:27:00Z INFO [582/900] 502ea861-5cd7-4d2b-a1f5-d4cff61c032d: 22 groups; 0.9 s; peak memory 1432 MiB.
2026-10-06T10:27:01Z INFO [583/900] 502ecbec-7d0e-4abe-a21b-b69e456f0353: 22 groups; 1.0 s; peak memory 1432 MiB.
2026-10-06T10:27:02Z INFO [584/900] 502edbda-6101-48e0-976e-da9112f99037: 32 groups; 0.9 s; peak memory 1432 MiB.
2026-10-06T10:27:03Z INFO [585/900] 502ee13a-7021-4344-bd6f-4aa2df40c9bd: 255 groups; 1.0 s; peak memory 1432 MiB.
2026-10-06T10:27:04Z INFO [586/900] 502ee910-77a0-409f-b18f-73acb178ea7c: 31 groups; 0.8 s; peak memory 1432 MiB.
2026-10-06T10:27:05Z INFO [587/900] 502f07b5-337d-4293-ab47-7c21a0c670c8: 35 groups; 1.2 s; peak memory 1432 MiB.
2026-10-06T10:27:07Z INFO [588/900] 502ff730-474e-4e8d-8b29-13597a00b883: 73 groups; 2.0 s; peak memory 1432 MiB.
2026-10-06T10:27:08Z INFO [589/900] 503160a9-781a-4198-b60e-5840ea9dc1d4: 17 groups; 0.7 s; peak memory 1432 MiB.
2026-10-06T10:27:10Z INFO [590/900] 50321b0e-1beb-4424-81c8-dedfce4ad277: 17 groups; 1.7 s; peak memory 1432 MiB.
2026-10-06T10:27:11Z INFO [591/900] 503325cd-b85e-4378-ad4b-4e08a284f017: 40 groups; 1.8 s; peak memory 1432 MiB.
2026-10-06T10:27:14Z INFO [592/900] 503512c9-65ea-4042-af90-19e41a07b017: 50 groups; 2.2 s; peak memory 1432 MiB.
2026-10-06T10:27:14Z INFO [593/900] 50351c1e-8f07-4d79-8479-110e8793b505: 30 groups; 0.7 s; peak memory 1432 MiB.
2026-10-06T10:27:15Z INFO [594/900] 5035622a-ee56-4caf-b5f8-b268bbd371f1: 17 groups; 0.7 s; peak memory 1432 MiB.
2026-10-06T10:27:17Z INFO [595/900] 5035920e-6199-4863-b425-9b9118365ad4: 195 groups; 1.9 s; peak memory 1432 MiB.
2026-10-06T10:27:25Z INFO [596/900] 50367f0b-1fb2-4419-b487-df57e1251cdd: 626 groups; 8.5 s; peak memory 1432 MiB.
2026-10-06T10:27:26Z INFO [597/900] 50368c43-ac5a-4b02-9699-11a630caacc2: 32 groups; 0.8 s; peak memory 1432 MiB.
2026-10-06T10:27:29Z INFO [598/900] 503736e1-e4ac-4dec-9b2c-7967a4942b28: 47 groups; 3.3 s; peak memory 1432 MiB.
2026-10-06T10:27:32Z INFO [599/900] 50373ef8-d654-4592-a516-0012173fdf9e: 47 groups; 2.4 s; peak memory 1432 MiB.
2026-10-06T10:27:34Z INFO [600/900] 50386cb3-1206-4c56-93a4-1c262c9e7a0c: 48 groups; 2.1 s; peak memory 1432 MiB.
2026-10-06T10:27:34Z INFO [600/900] 50386cb3-1206-4c56-93a4-1c262c9e7a0c: checkpointed 85636 records.
2026-10-06T10:27:35Z INFO [601/900] 50394f7c-0f05-4a1d-b89d-f46dcf949b1b: 35 groups; 1.3 s; peak memory 1432 MiB.
2026-10-06T10:27:36Z INFO [602/900] 50399b70-555b-4fbc-8d0a-b62540e5961a: 32 groups; 1.1 s; peak memory 1432 MiB.
2026-10-06T10:27:38Z INFO [603/900] 5039b14c-a78b-48bf-a5f6-a1dabf4f1012: 33 groups; 1.2 s; peak memory 1432 MiB.
2026-10-06T10:27:45Z INFO [604/900] 5039bd31-cac0-45b9-acf5-8f35aa0b4b84: 201 groups; 6.9 s; peak memory 1432 MiB.
2026-10-06T10:27:46Z INFO [605/900] 503a512b-f70c-4a78-b77a-74896b27b223: 35 groups; 1.1 s; peak memory 1432 MiB.
2026-10-06T10:27:48Z INFO [606/900] 503b7188-2149-4f7b-a90e-39fccb18af50: 48 groups; 2.1 s; peak memory 1432 MiB.
2026-10-06T10:27:49Z INFO [607/900] 503ca3a8-c3c9-4e10-a0be-dbae4ebbe29d: 22 groups; 0.8 s; peak memory 1432 MiB.
2026-10-06T10:27:56Z INFO [608/900] 503cdc06-f0f1-42d5-8f61-08e761d70a14: 208 groups; 7.5 s; peak memory 1432 MiB.
2026-10-06T10:27:57Z INFO [609/900] 503e2d5f-30dc-41d8-8002-1d68cef1cbb2: 257 groups; 1.0 s; peak memory 1432 MiB.
2026-10-06T10:27:58Z INFO [610/900] 503ecef3-9d88-4372-b1bc-7431f9da29fc: 35 groups; 1.1 s; peak memory 1432 MiB.
2026-10-06T10:31:24Z INFO [611/900] 503f4d1e-212b-4c8a-ab4d-b8b5ba40ca47: 7522 groups; 206.1 s; peak memory 1432 MiB.
2026-10-06T10:31:32Z INFO [612/900] 50400073-347a-4b07-90dc-33398356b80d: 36 groups; 7.8 s; peak memory 1432 MiB.
2026-10-06T10:31:34Z INFO [613/900] 5040e665-2095-4e14-b69c-846343d93811: 341 groups; 1.7 s; peak memory 1432 MiB.
2026-10-06T10:31:35Z INFO [614/900] 50419b10-6bfc-4208-bd31-e275fd016536: 35 groups; 1.3 s; peak memory 1432 MiB.
2026-10-06T10:31:36Z INFO [615/900] 5041bb57-7e7b-42fe-812b-dd9d0a657ca0: 33 groups; 0.9 s; peak memory 1432 MiB.
2026-10-06T10:31:37Z INFO [616/900] 5041bd27-2e5d-408d-9a5f-c4646e97d9c1: 28 groups; 0.8 s; peak memory 1432 MiB.
2026-10-06T10:31:38Z INFO [617/900] 5043b077-c2eb-49b3-ba6e-52ff2d36ea17: 32 groups; 1.0 s; peak memory 1432 MiB.
2026-10-06T10:31:38Z INFO [618/900] 5043bdd0-6305-4f61-98ab-afae089c22ed: 22 groups; 0.7 s; peak memory 1432 MiB.
2026-10-06T10:31:40Z INFO [619/900] 50449dab-afbf-45df-9e2f-97937df57d4a: 32 groups; 1.1 s; peak memory 1432 MiB.
2026-10-06T10:31:42Z INFO [620/900] 5045c350-5804-4981-b15e-fb5a381704d9: 194 groups; 2.1 s; peak memory 1432 MiB.
2026-10-06T10:31:43Z INFO [621/900] 50460810-952b-4206-8bd5-9a9c2d791f91: 22 groups; 0.8 s; peak memory 1432 MiB.
2026-10-06T10:31:54Z INFO [622/900] 504622cb-21b8-4505-a20a-b17c55101ac9: 174 groups; 10.9 s; peak memory 1432 MiB.
2026-10-06T10:31:54Z INFO [623/900] 504683fa-f4c5-451c-ad8d-9ae364659a01: 22 groups; 0.9 s; peak memory 1432 MiB.
2026-10-06T10:34:16Z INFO [624/900] 5046959f-88ef-413a-aecf-33be5a1fbcb0: 60 groups; 141.6 s; peak memory 1432 MiB.
2026-10-06T10:34:17Z INFO [625/900] 50479305-1dbd-493b-acc1-f22596fd3ce6: 35 groups; 1.3 s; peak memory 1432 MiB.
2026-10-06T10:34:18Z INFO [626/900] 5047c631-ae14-4ede-a5c8-0eeef78a2e26: 33 groups; 1.0 s; peak memory 1432 MiB.
2026-10-06T10:34:19Z INFO [627/900] 50488d49-f7b0-43cb-b6bb-16b53d1e8d69: 22 groups; 1.0 s; peak memory 1432 MiB.
2026-10-06T10:34:21Z INFO [628/900] 504896e9-9a6b-45d0-b73b-12828f20b92d: 33 groups; 1.6 s; peak memory 1432 MiB.
2026-10-06T10:34:22Z INFO [629/900] 5049166d-a259-45a5-bce6-2de141a6db36: 22 groups; 0.9 s; peak memory 1432 MiB.
2026-10-06T10:34:24Z INFO [630/900] 50494d87-6d10-47e2-a5cf-f888121c0a84: 50 groups; 2.5 s; peak memory 1432 MiB.
2026-10-06T10:34:27Z INFO [631/900] 504993d9-eb94-452b-8f80-855b505eacd6: 48 groups; 2.4 s; peak memory 1432 MiB.
2026-10-06T10:34:30Z INFO [632/900] 5049c578-22aa-4284-901f-8703d6d43505: 50 groups; 2.7 s; peak memory 1432 MiB.
2026-10-06T10:34:31Z INFO [633/900] 504b3a82-22c9-4719-a711-49454c8f93ee: 35 groups; 1.1 s; peak memory 1432 MiB.
2026-10-06T10:34:32Z INFO [634/900] 504b3c6f-ea9f-4054-85a6-67d4d3dc814d: 28 groups; 0.8 s; peak memory 1432 MiB.
2026-10-06T10:34:33Z INFO [635/900] 504bdfc3-0943-4208-b849-acd692f6cbf9: 35 groups; 1.2 s; peak memory 1432 MiB.
2026-10-06T10:34:34Z INFO [636/900] 504c8cc5-28d2-4be1-91fc-d45523c9e7b5: 201 groups; 1.3 s; peak memory 1432 MiB.
2026-10-06T10:34:35Z INFO [637/900] 504c8f19-e748-4d5b-a279-ab64201369d5: 22 groups; 1.0 s; peak memory 1432 MiB.
2026-10-06T10:34:36Z INFO [638/900] 504cbb32-7468-40f7-81fe-05c2a83448cb: 47 groups; 1.3 s; peak memory 1432 MiB.
2026-10-06T10:34:37Z INFO [639/900] 504ccb41-828f-41ae-b51f-171159cf83eb: 22 groups; 1.0 s; peak memory 1432 MiB.
2026-10-06T10:34:38Z INFO [640/900] 504cfbed-c47f-4b55-a7d2-393c9d883d8b: 24 groups; 0.7 s; peak memory 1432 MiB.
2026-10-06T10:34:41Z INFO [641/900] 504e1f29-c02a-4b54-a728-f58388d610f3: 50 groups; 2.7 s; peak memory 1432 MiB.
2026-10-06T10:34:42Z INFO [642/900] 504e2269-780c-4424-bfce-db4412cfa65f: 32 groups; 0.9 s; peak memory 1432 MiB.
2026-10-06T10:34:43Z INFO [643/900] 504eb126-92f1-473a-89b6-57c28faaeb3f: 67 groups; 1.8 s; peak memory 1432 MiB.
2026-10-06T10:34:45Z INFO [644/900] 5050430c-47c4-4422-9c4e-563120c66ee6: 206 groups; 1.7 s; peak memory 1432 MiB.
2026-10-06T10:34:46Z INFO [645/900] 5050e300-c399-498a-b636-06e4f4cd65ab: 35 groups; 1.0 s; peak memory 1432 MiB.
2026-10-06T10:34:49Z INFO [646/900] 5051ecfe-3550-4f38-875b-3fac299d06a2: 36 groups; 3.0 s; peak memory 1432 MiB.
2026-10-06T10:34:50Z INFO [647/900] 5052da38-00a2-4605-a1b6-df1198b5b150: 22 groups; 0.9 s; peak memory 1432 MiB.
2026-10-06T10:34:51Z INFO [648/900] 5052f530-4789-4ff8-92d2-021526306521: 31 groups; 1.4 s; peak memory 1432 MiB.
2026-10-06T10:34:52Z INFO [649/900] 5053d34b-79cc-409b-a140-1c5f1081f065: 24 groups; 0.8 s; peak memory 1432 MiB.
2026-10-06T10:34:53Z INFO [650/900] 50545d18-c0af-4919-ab8a-aa3f49d91994: 195 groups; 1.1 s; peak memory 1432 MiB.
2026-10-06T10:34:53Z INFO [650/900] 50545d18-c0af-4919-ab8a-aa3f49d91994: checkpointed 85686 records.
2026-10-06T10:34:54Z INFO [651/900] 505460b3-9cb7-49d6-a9b6-bd4027e5126d: 22 groups; 0.8 s; peak memory 1432 MiB.
2026-10-06T10:34:55Z INFO [652/900] 5054fc2f-d9db-4604-a99e-bbcc98d3ac64: 42 groups; 1.2 s; peak memory 1432 MiB.
2026-10-06T10:34:56Z INFO [653/900] 5055075b-e88b-413e-9794-728f79094fc5: 22 groups; 0.9 s; peak memory 1432 MiB.
2026-10-06T10:34:59Z INFO [654/900] 50553989-3a05-466e-969f-745b29eacf27: 138 groups; 2.8 s; peak memory 1432 MiB.
2026-10-06T10:35:00Z INFO [655/900] 5055e6dc-b7be-4ad6-aa91-77be9139a9f1: 201 groups; 1.0 s; peak memory 1432 MiB.
2026-10-06T10:35:01Z INFO [656/900] 505645ef-8416-46f4-90d2-9833a8128166: 16 groups; 0.7 s; peak memory 1432 MiB.
2026-10-06T10:35:01Z INFO [657/900] 50568b39-66c6-4e05-8fb0-4ee08ce8d4a9: 32 groups; 0.9 s; peak memory 1432 MiB.
2026-10-06T10:35:02Z INFO [658/900] 505768fa-dd50-4f33-8936-a006d8752bb7: 32 groups; 1.0 s; peak memory 1432 MiB.
2026-10-06T10:35:04Z INFO [659/900] 50578725-695b-4d0c-95d8-61c044e81886: 35 groups; 1.1 s; peak memory 1432 MiB.
2026-10-06T10:35:07Z INFO [660/900] 505803f2-7d2e-4799-88f9-6e0a85e16cc1: 136 groups; 3.8 s; peak memory 1432 MiB.
2026-10-06T10:35:12Z INFO [661/900] 5058188c-6032-47a2-830a-c78b99f1f3df: 181 groups; 4.5 s; peak memory 1432 MiB.
2026-10-06T10:35:13Z INFO [662/900] 50593818-0aac-4383-b4bf-fb31628a5e81: 341 groups; 1.6 s; peak memory 1432 MiB.
2026-10-06T10:35:14Z INFO [663/900] 50596c92-e9f6-4217-b0c6-27620d6c9903: 32 groups; 0.9 s; peak memory 1432 MiB.
2026-10-06T10:35:15Z INFO [664/900] 5059c202-ad02-4d74-aa01-a4b8ee317d70: 16 groups; 0.5 s; peak memory 1432 MiB.
2026-10-06T10:35:16Z INFO [665/900] 5059d190-c0f7-4c54-a537-96a585192878: 22 groups; 0.8 s; peak memory 1432 MiB.
2026-10-06T10:35:18Z INFO [666/900] 505a24a4-44f4-4e59-b058-f8f07dc1b73e: 48 groups; 2.0 s; peak memory 1432 MiB.
2026-10-06T10:35:19Z INFO [667/900] 505aa4ad-d6c3-4f59-83f8-d1ce9a87b974: 32 groups; 0.9 s; peak memory 1432 MiB.
2026-10-06T10:35:19Z INFO [668/900] 505ab7ac-4d0d-4dd3-822b-dae3d951d869: 32 groups; 0.8 s; peak memory 1432 MiB.
2026-10-06T10:35:20Z INFO [669/900] 505bd956-5aa4-4cc4-9320-d94bc14700b8: 22 groups; 0.8 s; peak memory 1432 MiB.
2026-10-06T10:35:21Z INFO [670/900] 505c3c3b-81a0-480d-b65b-bd318b4d42a9: 22 groups; 0.8 s; peak memory 1432 MiB.
2026-10-06T10:35:22Z INFO [671/900] 505c4a13-0f23-4385-b4ff-4a37e28d5071: 22 groups; 0.8 s; peak memory 1432 MiB.
2026-10-06T10:35:23Z INFO [672/900] 505c67d8-0b55-4eb1-b289-d7f98ec0d381: 25 groups; 1.0 s; peak memory 1432 MiB.
2026-10-06T10:35:27Z INFO [673/900] 505c7b39-c852-429c-9275-5ab217e32221: 135 groups; 4.1 s; peak memory 1432 MiB.
2026-10-06T10:35:30Z INFO [674/900] 505d99a4-a4c1-4b7f-abad-b1be2b36925b: 55 groups; 3.1 s; peak memory 1432 MiB.
2026-10-06T10:35:31Z INFO [675/900] 505dffea-8ee1-465f-8263-613afc9ef224: 32 groups; 0.9 s; peak memory 1432 MiB.
2026-10-06T10:35:32Z INFO [676/900] 505f3533-c6fa-4521-b477-d37082d2b98f: 22 groups; 0.9 s; peak memory 1432 MiB.
2026-10-06T10:35:33Z INFO [677/900] 505fe3c2-0357-4f34-a15a-3cf5537d098d: 29 groups; 1.1 s; peak memory 1432 MiB.
2026-10-06T10:35:33Z INFO [678/900] 506049ea-dc09-470b-9d9e-43f01ea16f1e: 22 groups; 0.7 s; peak memory 1432 MiB.
2026-10-06T10:35:58Z INFO [679/900] 50610a40-184b-4035-9faa-1e6b80803fa6: 23 groups; 24.9 s; peak memory 1432 MiB.
2026-10-06T10:36:00Z INFO [680/900] 50615559-528b-4ec8-8b1d-56dde19cd7a7: 36 groups; 1.1 s; peak memory 1432 MiB.
2026-10-06T10:36:00Z INFO [681/900] 506232a5-bb0b-40a4-ac45-9cef7dc5f436: 22 groups; 0.9 s; peak memory 1432 MiB.
2026-10-06T10:36:02Z INFO [682/900] 5062a106-725a-4833-ad91-2aba44f53939: 573 groups; 1.6 s; peak memory 1432 MiB.
2026-10-06T10:36:03Z INFO [683/900] 50633f67-17c1-4634-b4cf-7281e8fa5a98: 253 groups; 1.3 s; peak memory 1432 MiB.
2026-10-06T10:36:06Z INFO [684/900] 5063b8cc-722e-4b66-9ce2-24573672f117: 50 groups; 2.3 s; peak memory 1432 MiB.
2026-10-06T10:36:14Z INFO [685/900] 5063f384-b89a-4f78-ba96-a225ecc9f42f: 172 groups; 8.2 s; peak memory 1432 MiB.
2026-10-06T10:36:15Z INFO [686/900] 5064011b-3511-461d-bd01-69ad7125c24c: 32 groups; 1.0 s; peak memory 1432 MiB.
2026-10-06T10:36:18Z INFO [687/900] 50660259-3cf1-4c47-a57a-201e3553d5c0: 115 groups; 3.6 s; peak memory 1432 MiB.
2026-10-06T10:36:21Z INFO [688/900] 50662ee3-de1a-4767-8812-d67b21b7879c: 341 groups; 2.4 s; peak memory 1432 MiB.
2026-10-06T10:36:22Z INFO [689/900] 5066c509-e1b0-4922-903f-15dbaaa63d8c: 22 groups; 0.8 s; peak memory 1432 MiB.
2026-10-06T10:36:31Z INFO [690/900] 5066f6f5-466d-4606-a66d-2d175721517d: 2255 groups; 9.6 s; peak memory 1432 MiB.
2026-10-06T10:36:32Z INFO [691/900] 506901a8-1cf7-4f84-83fa-7a7c2582a12c: 194 groups; 1.2 s; peak memory 1432 MiB.
2026-10-06T10:36:37Z INFO [692/900] 50698320-e494-44f5-a8a8-3ca85d56c4b9: 78 groups; 4.8 s; peak memory 1432 MiB.
2026-10-06T10:36:38Z INFO [693/900] 5069d55d-9ccb-41ba-9fc0-6c76091cbd30: 22 groups; 1.0 s; peak memory 1432 MiB.
2026-10-06T10:36:39Z INFO [694/900] 506a2002-a237-4c51-a22b-9c5e3bad5aee: 34 groups; 0.8 s; peak memory 1432 MiB.
2026-10-06T10:37:26Z INFO [695/900] 506a8df1-90b0-49c0-8d1c-bca17d16aa62: 27 groups; 46.7 s; peak memory 1432 MiB.
2026-10-06T10:37:26Z INFO [696/900] 506ad755-f8c6-4153-9571-0b67d652d5a2: 26 groups; 0.7 s; peak memory 1432 MiB.
2026-10-06T10:37:27Z INFO [697/900] 506af16d-b9ce-4c30-a7a5-fea4e0de1b7b: 22 groups; 0.9 s; peak memory 1432 MiB.
2026-10-06T10:37:28Z INFO [698/900] 506b86e1-efe7-45ca-a1b9-2e4b75f4b917: 33 groups; 0.8 s; peak memory 1432 MiB.
2026-10-06T10:37:32Z INFO [699/900] 506c448d-304e-4b3e-8d24-bd262701426f: 36 groups; 3.3 s; peak memory 1432 MiB.
2026-10-06T10:37:33Z INFO [700/900] 506cc164-2834-46e1-a9fe-4fcfc4a52fa0: 52 groups; 1.1 s; peak memory 1432 MiB.
2026-10-06T10:37:33Z INFO [700/900] 506cc164-2834-46e1-a9fe-4fcfc4a52fa0: checkpointed 85736 records.
2026-10-06T10:37:33Z INFO [701/900] 506dc1bf-712a-4ea7-a4c0-928b7c355622: 18 groups; 0.6 s; peak memory 1432 MiB.
2026-10-06T10:37:35Z INFO [702/900] 506ee4cf-6ef4-4bea-b0d5-c3d5cbcee813: 25 groups; 1.1 s; peak memory 1432 MiB.
2026-10-06T10:37:35Z INFO [703/900] 506f41bd-60af-4907-a0e9-b998e0f01935: 32 groups; 0.9 s; peak memory 1432 MiB.
2026-10-06T10:37:38Z INFO [704/900] 506f435a-1ec8-44dd-863b-15a4f99f4212: 50 groups; 2.5 s; peak memory 1432 MiB.
2026-10-06T10:37:39Z INFO [705/900] 5070113b-242c-470a-9cb4-861ac87a7568: 25 groups; 0.7 s; peak memory 1432 MiB.
2026-10-06T10:37:42Z INFO [706/900] 50722c2d-e3f1-4b0a-80fd-3570e2f11df4: 62 groups; 2.8 s; peak memory 1432 MiB.
2026-10-06T10:37:44Z INFO [707/900] 507257cb-9c77-47e6-8826-10f8815dfa7f: 341 groups; 2.0 s; peak memory 1432 MiB.
2026-10-06T10:37:44Z INFO [708/900] 50726f63-912b-446b-8495-192f1719c344: 22 groups; 0.7 s; peak memory 1432 MiB.
2026-10-06T10:37:46Z INFO [709/900] 50743af5-b763-43e6-bf49-88b6d93af0d3: 32 groups; 1.8 s; peak memory 1432 MiB.
2026-10-06T10:37:47Z INFO [710/900] 5074cb81-804b-4f8a-9173-55f78a7591c0: 22 groups; 1.0 s; peak memory 1432 MiB.
2026-10-06T10:37:49Z INFO [711/900] 5074dd0a-c005-4c2b-97ca-28bd07051c05: 43 groups; 1.6 s; peak memory 1432 MiB.
2026-10-06T10:37:50Z INFO [712/900] 50760348-ebb1-45a6-bbd8-0a18d5db5f54: 22 groups; 0.9 s; peak memory 1432 MiB.
2026-10-06T10:44:30Z INFO [713/900] 50769b23-139f-4c42-b96a-1e5095379e29: 35 groups; 400.1 s; peak memory 1432 MiB.
2026-10-06T10:44:31Z INFO [714/900] 5076a1f4-aedc-472e-bda1-51d3a0ad0d25: 22 groups; 0.9 s; peak memory 1432 MiB.
2026-10-06T10:44:31Z INFO [715/900] 5076dd47-b614-4c86-b52f-53070747c27f: 17 groups; 1.0 s; peak memory 1432 MiB.
2026-10-06T10:44:33Z INFO [716/900] 5077d38a-258d-4312-a3ad-bc489aad9952: 202 groups; 1.5 s; peak memory 1432 MiB.
2026-10-06T10:44:34Z INFO [717/900] 5077f70b-9ac8-40e1-873d-ff457e0f1c51: 35 groups; 1.2 s; peak memory 1432 MiB.
2026-10-06T10:44:35Z INFO [718/900] 5078d530-f83e-4650-a244-4d58417d0d7b: 22 groups; 0.9 s; peak memory 1432 MiB.
2026-10-06T10:44:36Z INFO [719/900] 50794ad7-7361-4bfe-b28f-8a1043b405b1: 32 groups; 0.9 s; peak memory 1432 MiB.
2026-10-06T10:44:37Z INFO [720/900] 5079e2fa-e893-49af-812f-89d43a563f73: 22 groups; 0.9 s; peak memory 1432 MiB.
2026-10-06T10:44:38Z INFO [721/900] 5079fc6a-2da7-4bc8-a436-0c92b08acaaf: 32 groups; 0.9 s; peak memory 1432 MiB.
2026-10-06T10:44:39Z INFO [722/900] 507a6549-8e96-4654-980a-1c48d6386885: 35 groups; 1.0 s; peak memory 1432 MiB.
2026-10-06T10:44:40Z INFO [723/900] 507aa095-f6df-4862-89b4-96e977611553: 35 groups; 1.1 s; peak memory 1432 MiB.
2026-10-06T10:44:41Z INFO [724/900] 507b3a1b-f054-4e39-b11c-81f1685e1a29: 22 groups; 0.7 s; peak memory 1432 MiB.
2026-10-06T10:44:41Z INFO [725/900] 507baaac-74fc-46d3-8940-84778b95484a: 30 groups; 0.7 s; peak memory 1432 MiB.
2026-10-06T10:44:42Z INFO [726/900] 507be56f-87a4-454d-a977-b7a75cf057b9: 32 groups; 0.8 s; peak memory 1432 MiB.
2026-10-06T10:44:50Z INFO [727/900] 507c02f7-a7a9-456e-982f-48941a321cdd: 2343 groups; 7.7 s; peak memory 1432 MiB.
2026-10-06T10:44:51Z INFO [728/900] 507cbe92-26b9-42db-9f6f-a582040d6434: 22 groups; 0.8 s; peak memory 1432 MiB.
2026-10-06T10:44:52Z INFO [729/900] 507cf8c1-75f4-4693-9c2a-44cfc08a56a5: 35 groups; 1.7 s; peak memory 1432 MiB.
2026-10-06T10:44:53Z INFO [730/900] 507d777e-c95a-4d18-97f9-4fd30e3c586d: 22 groups; 0.8 s; peak memory 1432 MiB.
2026-10-06T10:45:05Z INFO [731/900] 507e34ab-768e-4554-b044-ca74406a3d53: 235 groups; 11.9 s; peak memory 1432 MiB.
2026-10-06T10:45:07Z INFO [732/900] 507ee234-d45e-4871-8b07-2463a6fcbe49: 199 groups; 1.5 s; peak memory 1432 MiB.
2026-10-06T10:45:07Z INFO [733/900] 507f5340-b66d-47e1-ba99-3fcc601185e0: 30 groups; 0.7 s; peak memory 1432 MiB.
2026-10-06T10:45:08Z INFO [734/900] 507f84ad-114d-40ee-bf32-624604f49273: 35 groups; 1.1 s; peak memory 1432 MiB.
2026-10-06T10:45:11Z INFO [735/900] 50809945-6c58-418c-b425-06f1ff78197a: 50 groups; 2.4 s; peak memory 1432 MiB.
2026-10-06T10:45:12Z INFO [736/900] 5080b210-eb55-4aeb-96e8-b1cf71eaaea2: 25 groups; 1.0 s; peak memory 1432 MiB.
2026-10-06T10:45:13Z INFO [737/900] 50810d06-e10c-42fa-ad7a-ddc386fdbcd6: 21 groups; 1.0 s; peak memory 1432 MiB.
2026-10-06T10:45:34Z INFO [738/900] 50824ad6-adf5-4eff-9e32-25d886701932: 23 groups; 21.4 s; peak memory 1432 MiB.
2026-10-06T10:45:35Z INFO [739/900] 5082ad15-4835-4bc6-91d0-dba9cebe86d4: 32 groups; 1.2 s; peak memory 1432 MiB.
2026-10-06T10:45:36Z INFO [740/900] 5082d6a6-65be-410a-9335-f066479b032d: 22 groups; 0.9 s; peak memory 1432 MiB.
2026-10-06T11:21:42Z INFO [741/900] 508346b7-5ed0-4590-b62e-228b86e72970: 27 groups; 2165.4 s; peak memory 1432 MiB.
2026-10-06T11:21:43Z INFO [742/900] 50834841-f364-4049-a4fe-6f244b7cdd75: 32 groups; 1.0 s; peak memory 1432 MiB.
2026-10-06T11:21:44Z INFO [743/900] 50837b9e-c579-4f54-8714-75ce7eb91647: 33 groups; 1.1 s; peak memory 1432 MiB.
2026-10-06T11:21:45Z INFO [744/900] 50837d81-f4c4-489d-9652-e58e16371b5a: 17 groups; 1.6 s; peak memory 1432 MiB.
2026-10-06T11:21:46Z INFO [745/900] 508385a7-1fef-477b-bc9d-e0b4971cd6f2: 22 groups; 1.0 s; peak memory 1432 MiB.
2026-10-06T11:21:48Z INFO [746/900] 5084530e-08d2-416e-a00f-792800f6c4ab: 202 groups; 1.1 s; peak memory 1432 MiB.
2026-10-06T11:21:49Z INFO [747/900] 5087187c-0b26-4665-b3c4-05dc16bc0ca7: 48 groups; 1.9 s; peak memory 1432 MiB.
2026-10-06T11:21:50Z INFO [748/900] 508733a3-18a6-4742-9b58-4a1239eff7e5: 33 groups; 0.8 s; peak memory 1432 MiB.
2026-10-06T11:21:51Z INFO [749/900] 5087b69a-abe8-419a-be1e-70f158a38504: 28 groups; 1.2 s; peak memory 1432 MiB.
2026-10-06T11:21:55Z INFO [750/900] 5088251b-2bd5-4a38-8fb0-7dbfd2f076f8: 136 groups; 3.5 s; peak memory 1432 MiB.
2026-10-06T11:21:55Z INFO [750/900] 5088251b-2bd5-4a38-8fb0-7dbfd2f076f8: checkpointed 85786 records.
2026-10-06T11:21:56Z INFO [751/900] 508898e2-4545-4115-9e4d-5c5fdcd51e53: 196 groups; 1.3 s; peak memory 1432 MiB.
2026-10-06T11:21:57Z INFO [752/900] 5088d69d-d972-412c-96da-9bcd7122e085: 32 groups; 0.9 s; peak memory 1432 MiB.
2026-10-06T11:21:59Z INFO [753/900] 508982fb-157e-4ed1-a4ff-ba9f90dd303d: 35 groups; 1.4 s; peak memory 1432 MiB.
2026-10-06T11:22:00Z INFO [754/900] 50899f53-e950-457c-b439-799d38025867: 30 groups; 1.2 s; peak memory 1432 MiB.
2026-10-06T11:22:01Z INFO [755/900] 508a2a4f-c41d-454c-81b9-053909a3e16a: 28 groups; 0.8 s; peak memory 1432 MiB.
2026-10-06T11:22:01Z INFO [756/900] 508bf851-f117-47d4-a820-1c3c1a3c3a22: 22 groups; 0.7 s; peak memory 1432 MiB.
2026-10-06T11:22:03Z INFO [757/900] 508c164e-08f2-4dc5-8095-8fc547be06a7: 336 groups; 1.3 s; peak memory 1432 MiB.
2026-10-06T11:22:04Z INFO [758/900] 508d5e6e-a259-4174-bb2c-26e5b41ba34a: 22 groups; 0.9 s; peak memory 1432 MiB.
2026-10-06T11:22:13Z INFO [759/900] 508db30b-d439-40bb-b7d5-31dfe2a38d25: 215 groups; 9.0 s; peak memory 1432 MiB.
2026-10-06T11:22:13Z INFO [760/900] 508dcb29-01fb-4d20-8332-29ae49748234: 16 groups; 0.6 s; peak memory 1432 MiB.
2026-10-06T11:24:40Z INFO [761/900] 508e3765-c2b0-4857-9d4f-0b4574823b9f: 68 groups; 147.0 s; peak memory 1432 MiB.
2026-10-06T11:24:41Z INFO [762/900] 508e7a81-4375-42b5-9c44-6c91885d1d91: 35 groups; 1.2 s; peak memory 1432 MiB.
2026-10-06T11:24:42Z INFO [763/900] 508f32bc-c3f2-4553-8f0f-bc631972325e: 22 groups; 0.9 s; peak memory 1432 MiB.
2026-10-06T11:24:44Z INFO [764/900] 508f42bf-f854-4749-8bcb-0e346075cef6: 341 groups; 1.8 s; peak memory 1432 MiB.
2026-10-06T11:24:48Z INFO [765/900] 508fbb02-09f0-4c54-a8d6-c94b0990ba52: 230 groups; 3.4 s; peak memory 1432 MiB.
2026-10-06T11:24:49Z INFO [766/900] 508fd801-88f0-4fd8-8dd8-cd0bc50319e7: 32 groups; 1.0 s; peak memory 1432 MiB.
2026-10-06T11:24:51Z INFO [767/900] 50902e42-4cff-4619-8577-9f6318b39124: 48 groups; 2.3 s; peak memory 1432 MiB.
2026-10-06T11:24:53Z INFO [768/900] 5090a5da-ddb6-49cf-88ba-a96000a11a6f: 17 groups; 1.6 s; peak memory 1432 MiB.
2026-10-06T11:25:02Z INFO [769/900] 50913268-86ec-4951-b7ff-25c463e68598: 229 groups; 9.3 s; peak memory 1432 MiB.
2026-10-06T11:25:07Z INFO [770/900] 50913766-d339-48a7-a322-648d98f4a178: 97 groups; 5.6 s; peak memory 1432 MiB.
2026-10-06T11:25:08Z INFO [771/900] 509212f5-bf38-40b4-8d7e-a0dd3ea60584: 32 groups; 1.0 s; peak memory 1432 MiB.
2026-10-06T11:25:09Z INFO [772/900] 50928165-6423-4b26-a5e7-d96870e846ec: 31 groups; 0.7 s; peak memory 1432 MiB.
2026-10-06T11:25:10Z INFO [773/900] 50936924-0d8c-49ad-b868-33a203435360: 16 groups; 0.8 s; peak memory 1432 MiB.
2026-10-06T11:25:11Z INFO [774/900] 5093c941-4595-4520-825d-53ad90e13747: 28 groups; 0.9 s; peak memory 1432 MiB.
2026-10-06T11:25:12Z INFO [775/900] 5093e911-7323-48da-9455-d545dd14251c: 31 groups; 1.3 s; peak memory 1432 MiB.
2026-10-06T11:25:14Z INFO [776/900] 5093fe71-ec28-4e64-9bd4-0113c96a016d: 17 groups; 1.5 s; peak memory 1432 MiB.
2026-10-06T11:25:15Z INFO [777/900] 5094d476-8a7c-4eb1-a392-97664506ca19: 22 groups; 1.0 s; peak memory 1432 MiB.
2026-10-06T11:25:16Z INFO [778/900] 5094e461-6a9c-4a47-b2fb-79d2b76ff8ff: 36 groups; 1.2 s; peak memory 1432 MiB.
2026-10-06T11:25:17Z INFO [779/900] 5094f84d-0629-45e9-866f-32fc63959bf6: 253 groups; 1.0 s; peak memory 1432 MiB.
2026-10-06T11:25:19Z INFO [780/900] 50950f4b-d4e8-4742-9501-7a2307c85ca8: 53 groups; 1.9 s; peak memory 1432 MiB.
2026-10-06T11:25:30Z INFO [781/900] 50951ab7-3dcb-4ec1-93ea-a51123921887: 18 groups; 11.2 s; peak memory 1432 MiB.
2026-10-06T11:25:31Z INFO [782/900] 5095cf85-5529-4f82-83c3-f51912846dad: 35 groups; 1.1 s; peak memory 1432 MiB.
2026-10-06T11:25:57Z INFO [783/900] 50960099-1b3a-4d46-8ac5-16a06c7076bf: 23 groups; 25.6 s; peak memory 1432 MiB.
2026-10-06T11:25:58Z INFO [784/900] 50964792-8542-4026-8d72-5f527566e858: 48 groups; 1.9 s; peak memory 1432 MiB.
2026-10-06T11:26:09Z INFO [785/900] 509659e8-cf00-478f-83dc-0f529d99c3e0: 186 groups; 10.1 s; peak memory 1432 MiB.
2026-10-06T11:26:10Z INFO [786/900] 50971882-307f-4ddf-9d33-7f8e63614316: 32 groups; 1.0 s; peak memory 1432 MiB.
2026-10-06T11:26:43Z INFO [787/900] 50989a76-16e6-4cc6-953d-bf1d409fe13d: 102 groups; 33.5 s; peak memory 1432 MiB.
2026-10-06T11:26:49Z INFO [788/900] 5098a86f-083e-4ead-bbdb-19c5b227f06c: 17 groups; 5.5 s; peak memory 1432 MiB.
2026-10-06T11:26:52Z INFO [789/900] 5098db94-cba3-4456-a8dc-695ff7e1e876: 36 groups; 3.3 s; peak memory 1432 MiB.
2026-10-06T11:26:53Z INFO [790/900] 509983c6-d827-4df2-add9-ea8b00dd89ba: 32 groups; 1.1 s; peak memory 1432 MiB.
2026-10-06T11:27:02Z INFO [791/900] 5099fe73-af40-4311-8173-1213da5b5f9b: 68 groups; 9.4 s; peak memory 1432 MiB.
2026-10-06T11:27:03Z INFO [792/900] 509a706c-5c76-4159-909c-13e8c816af79: 30 groups; 1.0 s; peak memory 1432 MiB.
2026-10-06T11:27:07Z INFO [793/900] 509b1a0d-f731-47cb-8eed-9606fbcc7e18: 68 groups; 3.8 s; peak memory 1432 MiB.
2026-10-06T11:27:10Z INFO [794/900] 509b4c9f-30b6-443c-8cf4-b725dd4b596f: 54 groups; 3.0 s; peak memory 1432 MiB.
2026-10-06T11:27:11Z INFO [795/900] 509bd1bf-22d6-4aef-b786-6f47ac007cc9: 22 groups; 0.8 s; peak memory 1432 MiB.
2026-10-06T11:27:12Z INFO [796/900] 509be1e3-edf9-48de-955a-66e03dd6d4f7: 261 groups; 1.4 s; peak memory 1432 MiB.
2026-10-06T11:27:14Z INFO [797/900] 509be405-60b3-4eec-be50-a1f824944229: 48 groups; 1.6 s; peak memory 1432 MiB.
2026-10-06T11:27:18Z INFO [798/900] 509d1ae7-05a4-44f3-81fe-0118665b99b6: 155 groups; 3.7 s; peak memory 1432 MiB.
2026-10-06T11:27:18Z INFO [799/900] 509d8d2f-d224-44bb-bf1a-fb10ef1cdf5c: 31 groups; 0.8 s; peak memory 1432 MiB.
2026-10-06T11:27:20Z INFO [800/900] 509e7843-6d04-48a1-9821-27b5941428f7: 48 groups; 1.5 s; peak memory 1432 MiB.
2026-10-06T11:27:20Z INFO [800/900] 509e7843-6d04-48a1-9821-27b5941428f7: checkpointed 85836 records.
2026-10-06T11:27:21Z INFO [801/900] 509ea27c-e439-4755-99ff-dfbe49189f00: 32 groups; 1.0 s; peak memory 1432 MiB.
2026-10-06T11:27:23Z INFO [802/900] 509f3456-c921-45be-b946-94d1556f4d6a: 35 groups; 1.4 s; peak memory 1432 MiB.
2026-10-06T11:27:27Z INFO [803/900] 509fbfa1-6e61-4f32-b9e4-f19b610f6bb3: 99 groups; 4.5 s; peak memory 1432 MiB.
2026-10-06T11:27:31Z INFO [804/900] 509ff594-3111-4ee5-a263-371997f361e3: 78 groups; 3.9 s; peak memory 1432 MiB.
2026-10-06T11:27:32Z INFO [805/900] 50a068d6-8484-4db7-aa3a-2e8d7546cb17: 35 groups; 1.1 s; peak memory 1432 MiB.
2026-10-06T11:27:33Z INFO [806/900] 50a0cff9-db6a-42c0-b623-1e7a8a3fc485: 22 groups; 1.0 s; peak memory 1432 MiB.
2026-10-06T11:27:34Z INFO [807/900] 50a20844-af9e-4a99-b6d1-200d9692a7fc: 16 groups; 0.7 s; peak memory 1432 MiB.
2026-10-06T11:27:35Z INFO [808/900] 50a247d6-f724-431b-b18f-58b05be46588: 32 groups; 1.0 s; peak memory 1432 MiB.
2026-10-06T11:27:35Z INFO [809/900] 50a337c9-2d25-46a1-87d1-69ce2d520579: 22 groups; 0.7 s; peak memory 1432 MiB.
2026-10-06T11:27:36Z INFO [810/900] 50a3ab69-c549-4ef8-9805-e885eb0d9d60: 31 groups; 0.6 s; peak memory 1432 MiB.
2026-10-06T11:27:37Z INFO [811/900] 50a3cd1e-68c2-4dcb-97f6-58e5f3ae21f6: 35 groups; 1.1 s; peak memory 1432 MiB.
2026-10-06T11:27:38Z INFO [812/900] 50a3fcc3-c2fe-4fba-8127-4334e5133233: 22 groups; 0.9 s; peak memory 1432 MiB.
2026-10-06T11:27:39Z INFO [813/900] 50a51507-c6d7-4ccc-a875-e4e77259920e: 22 groups; 0.8 s; peak memory 1432 MiB.
2026-10-06T11:27:41Z INFO [814/900] 50a64907-d3ba-47a6-88e9-65a987b2dcd2: 48 groups; 2.0 s; peak memory 1432 MiB.
2026-10-06T11:27:42Z INFO [815/900] 50a65349-1811-47bc-bfb0-61029f6110fd: 32 groups; 1.1 s; peak memory 1432 MiB.
2026-10-06T11:27:44Z INFO [816/900] 50a6773f-9cc2-403b-aba5-e6aa6e91c4f7: 43 groups; 1.5 s; peak memory 1432 MiB.
2026-10-06T11:27:44Z INFO [817/900] 50a6a292-aaab-4c18-86b0-db5603b8ac37: 22 groups; 0.9 s; peak memory 1432 MiB.
2026-10-06T11:27:46Z INFO [818/900] 50a6baac-b555-4dda-82f7-13879d549a08: 36 groups; 1.1 s; peak memory 1432 MiB.
2026-10-06T11:27:53Z INFO [819/900] 50a7ddef-2916-41a0-8878-7082b3db6f0d: 248 groups; 7.7 s; peak memory 1432 MiB.
2026-10-06T11:27:55Z INFO [820/900] 50a81273-caec-48e0-9e02-be187e513827: 35 groups; 1.4 s; peak memory 1432 MiB.
2026-10-06T11:28:01Z INFO [821/900] 50a8d457-9a46-450e-bed1-7fb225b275be: 116 groups; 6.1 s; peak memory 1432 MiB.
2026-10-06T11:28:01Z INFO [822/900] 50a8e7d8-fb45-4036-956a-8e225d94d490: 18 groups; 0.7 s; peak memory 1432 MiB.
2026-10-06T11:28:04Z INFO [823/900] 50a9151e-4847-47bf-a119-56e8fc8ef7a6: 48 groups; 2.3 s; peak memory 1432 MiB.
2026-10-06T11:28:06Z INFO [824/900] 50a9bc18-d651-4e9a-8d14-83fc19c76a10: 50 groups; 2.5 s; peak memory 1432 MiB.
2026-10-06T11:28:15Z INFO [825/900] 50a9d4f5-2691-457d-9463-80cee949b389: 228 groups; 9.1 s; peak memory 1432 MiB.
2026-10-06T11:28:16Z INFO [826/900] 50a9f598-f455-416b-9716-a838ef301715: 22 groups; 0.9 s; peak memory 1432 MiB.
2026-10-06T11:28:29Z INFO [827/900] 50aada55-7038-4ea4-97ad-e65ebfa5610e: 305 groups; 12.5 s; peak memory 1432 MiB.
2026-10-06T11:28:32Z INFO [828/900] 50ab7579-d6fa-4edc-a1b7-630dade8fb93: 30 groups; 3.1 s; peak memory 1432 MiB.
2026-10-06T11:28:33Z INFO [829/900] 50ab8341-1511-4c41-809a-c7c9ae96a7bf: 207 groups; 1.6 s; peak memory 1432 MiB.
2026-10-06T11:28:42Z INFO [830/900] 50ad1d44-bd50-4f6e-ba51-af57f6949fb9: 2229 groups; 9.0 s; peak memory 1432 MiB.
2026-10-06T11:28:43Z INFO [831/900] 50ae4b77-cb10-4c9d-afd0-4c634aa57e88: 30 groups; 1.0 s; peak memory 1432 MiB.
2026-10-06T11:28:44Z INFO [832/900] 50aea068-021a-429a-8d62-4bb595ab0e97: 22 groups; 0.9 s; peak memory 1432 MiB.
2026-10-06T11:28:45Z INFO [833/900] 50af807a-7efb-4402-bc72-cb1f2c6b2f55: 22 groups; 0.9 s; peak memory 1432 MiB.
2026-10-06T11:28:46Z INFO [834/900] 50b040db-9295-414b-9943-bcb58f341526: 22 groups; 0.9 s; peak memory 1432 MiB.
2026-10-06T11:28:51Z INFO [835/900] 50b10318-71f2-4d12-8a6e-28ba6ef85164: 32 groups; 4.6 s; peak memory 1432 MiB.
2026-10-06T11:28:52Z INFO [836/900] 50b112af-9e7e-4986-92ec-5322b25dc01f: 195 groups; 1.1 s; peak memory 1432 MiB.
2026-10-06T11:28:53Z INFO [837/900] 50b1a99a-7789-4d76-9feb-ded0aaa84a49: 200 groups; 1.7 s; peak memory 1432 MiB.
2026-10-06T11:28:55Z INFO [838/900] 50b1d58e-fa5a-4af4-bac3-3ba07b732a18: 48 groups; 1.4 s; peak memory 1432 MiB.
2026-10-06T11:28:56Z INFO [839/900] 50b2076e-f4de-4486-909b-3981abb79ffb: 25 groups; 1.0 s; peak memory 1432 MiB.
2026-10-06T11:28:57Z INFO [840/900] 50b2f470-56c7-441b-964c-c33121169a74: 32 groups; 1.0 s; peak memory 1432 MiB.
2026-10-06T11:28:58Z INFO [841/900] 50b3038f-91fd-4dac-b103-28be5a860cb1: 35 groups; 0.9 s; peak memory 1432 MiB.
2026-10-06T11:29:02Z INFO [842/900] 50b32889-65a4-4e21-b92a-d64bf61fdf23: 181 groups; 4.2 s; peak memory 1432 MiB.
2026-10-06T11:29:03Z INFO [843/900] 50b39269-41ba-4fc6-915f-8eaf9fd9cddf: 35 groups; 1.1 s; peak memory 1432 MiB.
2026-10-06T11:29:04Z INFO [844/900] 50b585c9-1621-41f1-aed6-f1f9f74d680c: 32 groups; 0.9 s; peak memory 1432 MiB.
2026-10-06T11:29:05Z INFO [845/900] 50b5a9e9-3ff8-49c8-8bdd-96cbd27d25ef: 28 groups; 0.6 s; peak memory 1432 MiB.
2026-10-06T11:29:06Z INFO [846/900] 50b5e436-e250-4296-bcad-fc6dc3516908: 202 groups; 1.4 s; peak memory 1432 MiB.
2026-10-06T11:29:07Z INFO [847/900] 50b671fc-0ed9-4027-a3fa-8978cd501f23: 202 groups; 1.4 s; peak memory 1432 MiB.
2026-10-06T11:29:09Z INFO [848/900] 50b6abd1-120f-4b8f-9ec1-7e67d36f2796: 54 groups; 2.0 s; peak memory 1432 MiB.
2026-10-06T11:29:10Z INFO [849/900] 50b750fd-45be-4e6a-989d-2e1d537d1d04: 32 groups; 0.9 s; peak memory 1432 MiB.
2026-10-06T11:29:11Z INFO [850/900] 50b80e36-3573-445e-94f1-e66a57c9c174: 32 groups; 0.9 s; peak memory 1432 MiB.
2026-10-06T11:29:11Z INFO [850/900] 50b80e36-3573-445e-94f1-e66a57c9c174: checkpointed 85886 records.
2026-10-06T11:29:12Z INFO [851/900] 50b89431-13ac-487a-a514-2a1f1d67d80d: 32 groups; 1.2 s; peak memory 1432 MiB.
2026-10-06T11:29:17Z INFO [852/900] 50b8d533-74ab-4530-a01d-4c6075db6d01: 181 groups; 4.4 s; peak memory 1432 MiB.
2026-10-06T11:29:18Z INFO [853/900] 50baec8b-c218-4731-af4f-fffaa15c0fe9: 35 groups; 1.5 s; peak memory 1432 MiB.
2026-10-06T11:29:20Z INFO [854/900] 50bb15c6-42e4-4da0-bcb2-f235898d21e4: 103 groups; 1.1 s; peak memory 1432 MiB.
2026-10-06T11:29:21Z INFO [855/900] 50bc2482-e3aa-4a5c-a577-d9fa0a1db3b4: 35 groups; 1.3 s; peak memory 1432 MiB.
2026-10-06T11:29:22Z INFO [856/900] 50bcbfcc-78b8-4f4e-8a4d-f56eeba1edc5: 27 groups; 0.9 s; peak memory 1432 MiB.
2026-10-06T11:29:23Z INFO [857/900] 50bcdebb-0f2f-4ef9-91f7-8522786a1836: 33 groups; 1.7 s; peak memory 1432 MiB.
2026-10-06T11:29:24Z INFO [858/900] 50bd6652-59fc-48fd-bdd2-96545695e0bd: 22 groups; 0.8 s; peak memory 1432 MiB.
2026-10-06T11:29:26Z INFO [859/900] 50bdc87c-76df-4dc4-b4ec-b5e64be7a322: 48 groups; 2.0 s; peak memory 1432 MiB.
2026-10-06T11:29:28Z INFO [860/900] 50bfa883-f2ef-49a8-a2d5-7161408945d2: 48 groups; 2.2 s; peak memory 1432 MiB.
2026-10-06T11:29:31Z INFO [861/900] 50bfee00-c3de-462b-b93a-fa6709c6f683: 48 groups; 2.2 s; peak memory 1432 MiB.
2026-10-06T11:29:50Z INFO [862/900] 50c0067e-82b3-4671-9385-5e33f840047d: 157 groups; 19.2 s; peak memory 1432 MiB.
2026-10-06T11:29:51Z INFO [863/900] 50c14228-aa68-4787-88ed-6ee1374f5820: 22 groups; 0.7 s; peak memory 1432 MiB.
2026-10-06T11:30:06Z INFO [864/900] 50c17ed0-5e29-4aaa-a44c-51ea99740597: 24 groups; 15.1 s; peak memory 1432 MiB.
2026-10-06T11:30:07Z INFO [865/900] 50c18037-0519-45d6-bc26-6222ab4cd087: 203 groups; 1.1 s; peak memory 1432 MiB.
2026-10-06T11:30:08Z INFO [866/900] 50c25739-025d-4276-9c9d-075805fd404f: 35 groups; 1.3 s; peak memory 1432 MiB.
2026-10-06T11:30:09Z INFO [867/900] 50c2b2b4-1ead-4a70-bbd3-d7a8bb739462: 28 groups; 0.8 s; peak memory 1432 MiB.
2026-10-06T11:30:10Z INFO [868/900] 50c2c03b-87a1-47f2-9cca-a577e4cc2b0b: 32 groups; 1.0 s; peak memory 1432 MiB.
2026-10-06T11:30:11Z INFO [869/900] 50c33635-5ac0-4f55-a8f6-c56045fa472a: 22 groups; 0.9 s; peak memory 1432 MiB.
2026-10-06T11:30:12Z INFO [870/900] 50c39120-e723-4981-ba6e-46b8c60bf08a: 32 groups; 1.0 s; peak memory 1432 MiB.
2026-10-06T11:30:18Z INFO [871/900] 50c3e928-9802-4af2-b558-fa6232373fc3: 29 groups; 6.5 s; peak memory 1432 MiB.
2026-10-06T11:30:19Z INFO [872/900] 50c426c4-b51f-4673-92f0-a3b910178179: 22 groups; 0.9 s; peak memory 1432 MiB.
2026-10-06T11:30:20Z INFO [873/900] 50c45d5f-e8de-4389-9408-ef5e74675100: 33 groups; 1.1 s; peak memory 1432 MiB.
2026-10-06T11:30:26Z INFO [874/900] 50c4e9e8-3715-4172-b363-fd2030a90c1f: 155 groups; 6.3 s; peak memory 1432 MiB.
2026-10-06T11:30:28Z INFO [875/900] 50c680c5-ed50-4dbe-a629-7ef9f9292ad0: 200 groups; 1.8 s; peak memory 1432 MiB.
2026-10-06T11:30:30Z INFO [876/900] 50c70686-a61c-4e73-bf52-d3317df3661a: 48 groups; 1.9 s; peak memory 1432 MiB.
2026-10-06T11:30:34Z INFO [877/900] 50c7a4fc-9fed-490a-be8e-674cd754bec3: 121 groups; 3.8 s; peak memory 1432 MiB.
2026-10-06T11:30:42Z INFO [878/900] 50c8cfe7-0779-48a9-aecb-9b78b2a66b0c: 163 groups; 7.8 s; peak memory 1432 MiB.
2026-10-06T11:30:43Z INFO [879/900] 50c93570-647d-4846-8ca0-33028031bf6a: 32 groups; 0.9 s; peak memory 1432 MiB.
2026-10-06T11:30:43Z INFO [880/900] 50ca4e8e-6a19-4335-a732-d93652700eb0: 32 groups; 0.9 s; peak memory 1432 MiB.
2026-10-06T11:30:44Z INFO [881/900] 50ca529e-b4fa-496f-b3c6-92c8224ba35a: 26 groups; 0.7 s; peak memory 1432 MiB.
2026-10-06T11:30:45Z INFO [882/900] 50cb792f-898d-4eb9-a82f-42ad5f5123b0: 22 groups; 0.8 s; peak memory 1432 MiB.
2026-10-06T11:30:47Z INFO [883/900] 50cbb897-a5ba-4f46-9dcc-4b80d7cd36bf: 204 groups; 2.4 s; peak memory 1432 MiB.
2026-10-06T11:30:56Z INFO [884/900] 50cc1a1b-631d-4ab3-b74b-23c82aee2ffa: 818 groups; 8.2 s; peak memory 1432 MiB.
2026-10-06T11:30:57Z INFO [885/900] 50cc304a-63cb-453e-bbcd-23f1a0991a18: 33 groups; 1.3 s; peak memory 1432 MiB.
2026-10-06T11:30:58Z INFO [886/900] 50ccfebe-2662-4d84-a067-340c965ef9e5: 336 groups; 1.4 s; peak memory 1432 MiB.
2026-10-06T11:31:00Z INFO [887/900] 50ce3260-0b9b-4022-87d1-6b7c00f28e44: 35 groups; 1.8 s; peak memory 1432 MiB.
2026-10-06T11:31:04Z INFO [888/900] 50ce5719-766a-4c9f-b342-792db3b783d6: 109 groups; 3.7 s; peak memory 1432 MiB.
2026-10-06T11:31:13Z INFO [889/900] 50cfba61-080c-4b5e-90a7-9877069efcb9: 338 groups; 9.0 s; peak memory 1432 MiB.
2026-10-06T11:31:14Z INFO [890/900] 50d04a77-82d2-4222-ae4b-fafef442efa8: 203 groups; 1.1 s; peak memory 1432 MiB.
2026-10-06T11:31:17Z INFO [891/900] 50d140db-1e70-4491-a6e7-7e7663337d99: 181 groups; 3.3 s; peak memory 1432 MiB.
2026-10-06T11:31:26Z INFO [892/900] 50d1b63b-a79b-4483-babe-a9db5e569160: 22 groups; 8.6 s; peak memory 1432 MiB.
2026-10-06T11:31:27Z INFO [893/900] 50d1fc81-70ba-4bb7-a189-f0bd58944b44: 35 groups; 1.2 s; peak memory 1432 MiB.
2026-10-06T11:31:28Z INFO [894/900] 50d204ee-fdec-4e0e-9f97-b74b00f12c09: 22 groups; 0.8 s; peak memory 1432 MiB.
2026-10-06T11:31:29Z INFO [895/900] 50d2de4b-a3fe-4624-8979-32ca2173a324: 35 groups; 1.2 s; peak memory 1432 MiB.
2026-10-06T11:31:30Z INFO [896/900] 50d2f1bb-55bc-4c53-bb87-0a865ceb3891: 202 groups; 1.0 s; peak memory 1432 MiB.
2026-10-06T11:31:31Z INFO [897/900] 50d2f9f5-14a7-4d1b-a916-93db2e0dd165: 20 groups; 1.0 s; peak memory 1432 MiB.
2026-10-06T11:31:32Z INFO [898/900] 50d3b8da-880e-40b6-85b1-2fdb02285f3a: 25 groups; 0.9 s; peak memory 1432 MiB.
2026-10-06T11:31:36Z INFO [899/900] 50d43747-639e-4bfd-bc2d-3da5f2085c58: 75 groups; 4.0 s; peak memory 1432 MiB.
2026-10-06T11:31:37Z INFO [900/900] 50d51e71-3939-4ff7-a758-196222b7b600: 22 groups; 0.8 s; peak memory 1432 MiB.
2026-10-06T11:31:37Z INFO [900/900] 50d51e71-3939-4ff7-a758-196222b7b600: checkpointed 85936 records.
2026-10-06T11:31:37Z INFO Wrote 85936 records to /tmp/derivatives/valid_nwb_file_to_number_of_groups.jsonl (900 new, 0 failed) in 162.2 min (peak memory 1432 MiB).
