2026-10-09T16:42:14Z INFO Logging to /tmp/logs/update_2026-10-09T16-42-14Z.log.
2026-10-09T16:42:14Z INFO Update valid-nwb-file-to-number-of-groups (base directory /tmp).
2026-10-09T16:42:14Z INFO Processing 900 items (112036 already recorded).
2026-10-09T16:42:16Z INFO [1/900] 86f81249-e531-480a-936d-e266e7f21e20: 22 groups; 1.6 s; peak memory 121 MiB.
2026-10-09T16:42:18Z INFO [2/900] 86f904c5-7fcd-4efb-ab5e-da92c63fc243: 32 groups; 1.6 s; peak memory 124 MiB.
2026-10-09T16:42:19Z INFO [3/900] 86f91f1c-6fee-4214-a5e2-06114ff64ad5: 252 groups; 1.6 s; peak memory 125 MiB.
2026-10-09T16:42:21Z INFO [4/900] 86f94bba-cc18-440f-9958-c5255396b77f: 335 groups; 1.8 s; peak memory 125 MiB.
2026-10-09T16:42:22Z INFO [5/900] 86f98c43-d0d7-4ee4-a91c-1194af3f504f: 25 groups; 1.2 s; peak memory 126 MiB.
2026-10-09T16:42:23Z INFO [6/900] 86f9d7a5-0b45-4260-b4d2-ffb0542b9a5c: 28 groups; 1.2 s; peak memory 126 MiB.
2026-10-09T16:42:25Z INFO [7/900] 86fa3dea-809f-4e56-98cf-d6b505b7cdee: 32 groups; 1.9 s; peak memory 128 MiB.
2026-10-09T16:42:27Z INFO [8/900] 86faa121-37e3-458e-a130-be2829554a34: 32 groups; 1.7 s; peak memory 128 MiB.
2026-10-09T16:42:29Z INFO [9/900] 86faba6a-bf98-4dac-bce4-12719fae43d1: 29 groups; 1.8 s; peak memory 128 MiB.
2026-10-09T16:42:31Z INFO [10/900] 86faca73-72e3-4968-a119-0d4737af4cc2: 32 groups; 1.8 s; peak memory 128 MiB.
2026-10-09T16:42:32Z INFO [11/900] 86fadb00-e6a9-4fbf-a865-e609e34c33bd: 22 groups; 1.4 s; peak memory 128 MiB.
2026-10-09T16:42:33Z INFO [12/900] 86fb7507-038b-4f19-a01d-bb9e29d95b7e: 18 groups; 1.1 s; peak memory 128 MiB.
2026-10-09T16:42:36Z INFO [13/900] 86fb8533-916c-45cc-a85f-37dc9ac6a205: 54 groups; 2.9 s; peak memory 130 MiB.
2026-10-09T16:42:38Z INFO [14/900] 86fbc58a-f159-4e4f-91d2-c4fc67519170: 336 groups; 2.0 s; peak memory 130 MiB.
2026-10-09T16:42:39Z INFO [15/900] 86fbd08e-0d5a-43fe-976f-76479b6aca88: 31 groups; 1.4 s; peak memory 130 MiB.
2026-10-09T16:42:43Z INFO [16/900] 86fc0b16-510a-4eb9-84bf-466af961152f: 48 groups; 3.2 s; peak memory 130 MiB.
2026-10-09T16:42:58Z INFO [17/900] 86fc570b-a92e-4df3-a74a-00b5f104fb9c: 2378 groups; 15.5 s; peak memory 172 MiB.
2026-10-09T16:42:59Z INFO [18/900] 86fcf4ac-8b84-4786-8b88-7d2e10c4a130: 17 groups; 1.2 s; peak memory 172 MiB.
2026-10-09T16:43:01Z INFO [19/900] 86fd0a9f-6366-4d66-830a-92b5f7c9df56: 200 groups; 2.1 s; peak memory 172 MiB.
2026-10-09T16:43:03Z INFO [20/900] 86fd1851-c650-4684-8150-12907e72b181: 22 groups; 1.4 s; peak memory 172 MiB.
2026-10-09T16:43:05Z INFO [21/900] 86fd1acc-6946-4dd8-a2eb-39d457e70bb4: 32 groups; 1.7 s; peak memory 172 MiB.
2026-10-09T16:43:06Z INFO [22/900] 86fd6ec5-bb1f-4a80-903b-456b77a411ad: 32 groups; 1.6 s; peak memory 172 MiB.
2026-10-09T16:43:08Z INFO [23/900] 86fd761c-4236-494a-9501-ef0fbc2cc7fd: 32 groups; 1.6 s; peak memory 172 MiB.
2026-10-09T16:43:09Z INFO [24/900] 86fe7a85-2bd6-4832-b2e3-ed65d9f82f3a: 32 groups; 1.4 s; peak memory 172 MiB.
2026-10-09T16:43:11Z INFO [25/900] 86ff1f8f-ed34-48b2-b476-be196183b7d5: 202 groups; 2.0 s; peak memory 172 MiB.
2026-10-09T16:43:13Z INFO [26/900] 86ff540a-12cc-486a-a7fc-cc30d7388f2f: 22 groups; 1.3 s; peak memory 172 MiB.
2026-10-09T16:43:25Z INFO [27/900] 86ffe7a8-72c6-49e4-a35a-d1e0b1dbb7e9: 1860 groups; 12.5 s; peak memory 172 MiB.
2026-10-09T16:43:39Z INFO [28/900] 87007cca-7269-40b7-8a0b-5482ab4144c8: 225 groups; 14.1 s; peak memory 172 MiB.
2026-10-09T16:43:43Z INFO [29/900] 87008ee1-8b96-4816-a110-fe484eb7ce3a: 48 groups; 3.5 s; peak memory 172 MiB.
2026-10-09T16:43:44Z INFO [30/900] 87009131-71d9-47c4-88ef-06efdeaf7bab: 32 groups; 1.8 s; peak memory 172 MiB.
2026-10-09T16:43:47Z INFO [31/900] 87013859-7e9e-49a3-bcd5-135cf8cb2a86: 199 groups; 2.2 s; peak memory 172 MiB.
2026-10-09T16:43:48Z INFO [32/900] 87015ec9-5267-45e9-8e31-96c243ea3d2c: 32 groups; 1.9 s; peak memory 172 MiB.
2026-10-09T16:43:50Z INFO [33/900] 87015ee6-8139-40bc-9ee0-972ebc11365a: 32 groups; 1.8 s; peak memory 172 MiB.
2026-10-09T16:43:51Z INFO [34/900] 87029419-8f2a-4573-8614-58c55eef64cd: 29 groups; 1.2 s; peak memory 172 MiB.
2026-10-09T16:43:53Z INFO [35/900] 870301f3-f6d8-427e-bdc7-4beef6d47c7e: 24 groups; 1.4 s; peak memory 172 MiB.
2026-10-09T16:43:54Z INFO [36/900] 8703784d-f115-45c9-8177-a3a5adba152f: 22 groups; 1.4 s; peak memory 172 MiB.
2026-10-09T16:43:56Z INFO [37/900] 8703fec1-b12f-4cc0-a122-d6ccff6bcb56: 31 groups; 1.3 s; peak memory 172 MiB.
2026-10-09T16:43:57Z INFO [38/900] 8704050c-8718-4eeb-a796-10c51beb134d: 32 groups; 1.7 s; peak memory 172 MiB.
2026-10-09T16:44:01Z INFO [39/900] 87043dc2-840e-4599-8b97-6133c6630e8d: 50 groups; 3.9 s; peak memory 172 MiB.
2026-10-09T16:44:20Z INFO [40/900] 87045423-47f8-49a1-b34c-02a9d8357e52: 39 groups; 18.7 s; peak memory 173 MiB.
2026-10-09T16:44:22Z INFO [41/900] 87049446-8bda-4474-b249-bfe610ac6d98: 42 groups; 1.9 s; peak memory 173 MiB.
2026-10-09T16:44:24Z INFO [42/900] 8706782e-52a4-4cb8-9093-a7efb8b00bb2: 32 groups; 1.8 s; peak memory 173 MiB.
2026-10-09T16:44:25Z INFO [43/900] 87073b82-9261-47fe-863e-aabf7bf9c6aa: 17 groups; 1.1 s; peak memory 173 MiB.
2026-10-09T16:44:39Z INFO [44/900] 870805fc-26fd-4a2d-b9d6-f3338f468d24: 33 groups; 13.8 s; peak memory 173 MiB.
2026-10-09T16:49:36Z INFO [45/900] 87087e88-0687-40e4-84c1-c786ad3152eb: 81 groups; 297.9 s; peak memory 417 MiB.
2026-10-09T16:49:38Z INFO [46/900] 87088e9d-031e-4da8-97ca-54b869e7f53e: 32 groups; 1.6 s; peak memory 417 MiB.
2026-10-09T16:49:40Z INFO [47/900] 8708cc0e-e85e-49fe-8653-e122bc15aecf: 32 groups; 2.0 s; peak memory 417 MiB.
2026-10-09T16:49:42Z INFO [48/900] 87093190-0b66-4f7d-8069-189b827733bf: 35 groups; 2.1 s; peak memory 417 MiB.
2026-10-09T16:49:44Z INFO [49/900] 8709a3c0-f500-4f83-9098-6e00053d680f: 25 groups; 1.5 s; peak memory 417 MiB.
2026-10-09T16:49:46Z INFO [50/900] 8709af93-3155-4a5a-aa7d-aae5e5a366be: 33 groups; 2.5 s; peak memory 417 MiB.
2026-10-09T16:49:46Z INFO [50/900] 8709af93-3155-4a5a-aa7d-aae5e5a366be: checkpointed 112086 new records.
2026-10-09T16:49:56Z INFO [51/900] 870ad0c8-c3f9-42f2-8bb9-49b8c74a2a75: 188 groups; 9.9 s; peak memory 417 MiB.
2026-10-09T16:49:59Z INFO [52/900] 870b2134-7232-4a78-8af8-98cbab6610c4: 341 groups; 2.2 s; peak memory 417 MiB.
2026-10-09T16:50:00Z INFO [53/900] 870b3d89-97a0-46e2-81cc-e4ba0923302a: 253 groups; 1.5 s; peak memory 417 MiB.
2026-10-09T16:50:01Z INFO [54/900] 870b53b1-e0be-45fc-ba53-18fcb7263aa0: 16 groups; 1.1 s; peak memory 417 MiB.
2026-10-09T16:50:03Z INFO [55/900] 870ba234-b398-4efd-ab34-9427732ec8bf: 35 groups; 1.9 s; peak memory 417 MiB.
2026-10-09T16:50:05Z INFO [56/900] 870bdff4-208a-4a99-b06f-f0125a8e144a: 32 groups; 1.6 s; peak memory 417 MiB.
2026-10-09T16:50:10Z INFO [57/900] 870c491e-0d0c-49a8-ab78-23fd6e02a55d: 127 groups; 5.0 s; peak memory 417 MiB.
2026-10-09T16:50:12Z INFO [58/900] 870ce5b5-d2bc-4678-8f49-877affb6b1c1: 35 groups; 1.9 s; peak memory 417 MiB.
2026-10-09T16:50:13Z INFO [59/900] 870d0305-5339-4e9d-9f8d-af0d0c197a3c: 25 groups; 1.2 s; peak memory 417 MiB.
2026-10-09T16:50:14Z INFO [60/900] 870d07cb-3919-4d0e-b637-626dee9ca136: 22 groups; 1.3 s; peak memory 417 MiB.
2026-10-09T16:50:32Z INFO [61/900] 870f312c-2293-4f84-bb77-64c8e515dd7d: 320 groups; 18.0 s; peak memory 417 MiB.
2026-10-09T16:50:33Z INFO [62/900] 870f7a83-6938-4a5f-b1fe-05671b8ec4e9: 22 groups; 1.3 s; peak memory 417 MiB.
2026-10-09T16:50:35Z INFO [63/900] 87116c35-9bb7-4826-b93b-6ba3f17bbc91: 52 groups; 1.8 s; peak memory 417 MiB.
2026-10-09T16:50:37Z INFO [64/900] 87123743-e06a-49b7-9356-babe32d7d181: 207 groups; 2.0 s; peak memory 417 MiB.
2026-10-09T16:50:39Z INFO [65/900] 8712534e-b261-4609-a079-69b545fb1ce1: 207 groups; 2.1 s; peak memory 417 MiB.
2026-10-09T16:50:43Z INFO [66/900] 871284b8-57dd-422e-8769-f50bfdec9f8d: 48 groups; 3.3 s; peak memory 417 MiB.
2026-10-09T16:50:44Z INFO [67/900] 8713ae12-5dff-49e4-8fa8-17bf1e289376: 32 groups; 1.5 s; peak memory 417 MiB.
2026-10-09T16:50:46Z INFO [68/900] 87144661-2998-46cc-8fcb-13b27fc18cbe: 22 groups; 1.4 s; peak memory 417 MiB.
2026-10-09T16:51:00Z INFO [69/900] 8714ce53-672e-4b31-ada2-067f698e5765: 63 groups; 14.1 s; peak memory 417 MiB.
2026-10-09T16:51:09Z INFO [70/900] 8714df84-98a2-4ea8-bd76-433f043b022d: 48 groups; 9.5 s; peak memory 417 MiB.
2026-10-09T16:51:11Z INFO [71/900] 87153b7b-fac6-4365-8914-c05e8e710f0f: 32 groups; 1.7 s; peak memory 417 MiB.
2026-10-09T16:51:12Z INFO [72/900] 87154a67-0074-4f5c-b193-a126d409c12d: 16 groups; 1.0 s; peak memory 417 MiB.
2026-10-09T16:51:20Z INFO [73/900] 87158d5c-5c14-47d4-8e10-d1f966fc12f0: 98 groups; 7.9 s; peak memory 417 MiB.
2026-10-09T16:51:21Z INFO [74/900] 87178ba7-a64c-496d-b034-14e02c28ecb5: 32 groups; 1.6 s; peak memory 417 MiB.
2026-10-09T16:51:32Z INFO [75/900] 8717a08b-006b-4ee4-bd60-9ef5595c871a: 227 groups; 10.7 s; peak memory 417 MiB.
2026-10-09T16:51:40Z INFO [76/900] 871806cf-223a-4cbf-a16b-2150029730a2: 176 groups; 7.5 s; peak memory 417 MiB.
2026-10-09T16:51:41Z INFO [77/900] 8718611a-a711-491f-aca7-f2776a4d4d24: 32 groups; 1.6 s; peak memory 417 MiB.
2026-10-09T16:51:43Z INFO [78/900] 8718ac5a-b190-493e-959d-ef8c12a1f0af: 33 groups; 1.9 s; peak memory 417 MiB.
2026-10-09T16:51:44Z INFO [79/900] 871919a8-4f41-485b-bbdb-a60b77091bb7: 22 groups; 1.3 s; peak memory 417 MiB.
2026-10-09T16:51:57Z INFO [80/900] 8719a3f3-af1b-4619-8ea6-5fec52e84123: 200 groups; 12.3 s; peak memory 417 MiB.
2026-10-09T16:51:58Z INFO [81/900] 8719c912-1523-4552-9139-2d1cdf739438: 32 groups; 1.6 s; peak memory 417 MiB.
2026-10-09T16:52:01Z INFO [82/900] 8719d633-b1b4-49dd-a702-b4184b6bfd04: 48 groups; 3.1 s; peak memory 417 MiB.
2026-10-09T16:52:03Z INFO [83/900] 871a6841-a591-4355-bed2-0943bd8d5ec8: 32 groups; 1.7 s; peak memory 417 MiB.
2026-10-09T16:52:07Z INFO [84/900] 871a830f-7ecc-4dd2-8a3d-a517eb8fb4b0: 47 groups; 3.8 s; peak memory 417 MiB.
2026-10-09T16:52:08Z INFO [85/900] 871c1bc9-673f-4178-8b68-1bc5c2d8b010: 33 groups; 1.6 s; peak memory 417 MiB.
2026-10-09T16:52:10Z INFO [86/900] 871cfdd5-fa4b-4bd6-9c6e-d51e037ba7ca: 32 groups; 1.7 s; peak memory 417 MiB.
2026-10-09T16:52:13Z INFO [87/900] 871d5ffe-fc68-499d-9630-311af6a2ad97: 202 groups; 2.9 s; peak memory 417 MiB.
2026-10-09T16:52:15Z INFO [88/900] 871dc1f8-e937-4707-abd4-0e7a6963a8d6: 27 groups; 2.0 s; peak memory 417 MiB.
2026-10-09T16:52:16Z INFO [89/900] 871f70dc-f6f1-45a9-b4c8-6c4a37a2afdf: 19 groups; 1.3 s; peak memory 417 MiB.
2026-10-09T16:52:18Z INFO [90/900] 871f9c90-79af-4c54-b8ab-1aa498484874: 32 groups; 1.6 s; peak memory 417 MiB.
2026-10-09T16:52:21Z INFO [91/900] 871ff50d-2cfc-4270-9ea7-587b354ac24f: 48 groups; 3.5 s; peak memory 417 MiB.
2026-10-09T16:52:23Z INFO [92/900] 87206891-363e-4bdb-977b-52e270f1967e: 16 groups; 1.4 s; peak memory 417 MiB.
2026-10-09T16:52:24Z INFO [93/900] 87213605-9670-4d30-a29b-c3ac9af47b62: 22 groups; 1.4 s; peak memory 417 MiB.
2026-10-09T16:52:30Z INFO [94/900] 8721568b-cffa-4036-8a83-fc6c34dc7407: 68 groups; 5.7 s; peak memory 417 MiB.
2026-10-09T16:52:31Z INFO [95/900] 872161a9-6543-4455-bef5-a148a3a48e14: 22 groups; 1.5 s; peak memory 417 MiB.
2026-10-09T16:52:33Z INFO [96/900] 87216a90-ff3b-4c6c-a5ff-7702a9be881c: 28 groups; 1.8 s; peak memory 417 MiB.
2026-10-09T16:52:34Z INFO [97/900] 8721af44-bb85-43c3-a4c4-f97afdb83079: 22 groups; 1.4 s; peak memory 417 MiB.
2026-10-09T16:52:36Z INFO [98/900] 8722913c-29d4-4c33-8a30-fc5129cd9b0a: 22 groups; 1.3 s; peak memory 417 MiB.
2026-10-09T16:52:37Z INFO [99/900] 8722c546-dcbb-489b-ba3a-b3db9cf8d25c: 22 groups; 1.4 s; peak memory 417 MiB.
2026-10-09T16:52:43Z INFO [100/900] 87231680-c980-47b7-ad11-76ebda5849cc: 70 groups; 5.8 s; peak memory 417 MiB.
2026-10-09T16:52:43Z INFO [100/900] 87231680-c980-47b7-ad11-76ebda5849cc: checkpointed 112136 new records.
2026-10-09T16:52:45Z INFO [101/900] 8723353b-3582-457a-a26a-f0287dbbcff6: 35 groups; 1.4 s; peak memory 417 MiB.
2026-10-09T16:52:47Z INFO [102/900] 872352ea-0a6c-42b2-8647-ff39e226f2c9: 207 groups; 2.4 s; peak memory 417 MiB.
2026-10-09T16:52:49Z INFO [103/900] 8723c48d-ffa7-46d5-8112-249f6e71fe7e: 33 groups; 1.7 s; peak memory 417 MiB.
2026-10-09T16:52:50Z INFO [104/900] 87249d50-1627-4464-b278-2ce8b3a4d0d8: 17 groups; 1.1 s; peak memory 417 MiB.
2026-10-09T16:52:52Z INFO [105/900] 8724bed1-4dee-43b2-af2d-3e97d1bb9f2e: 32 groups; 2.0 s; peak memory 417 MiB.
2026-10-09T16:53:07Z INFO [106/900] 87251d65-abc7-4107-84b5-b23aaa8b8fbf: 203 groups; 15.5 s; peak memory 417 MiB.
2026-10-09T16:53:09Z INFO [107/900] 8725da8b-8c06-4ba8-9d35-462c31223f02: 24 groups; 1.7 s; peak memory 417 MiB.
2026-10-09T16:53:19Z INFO [108/900] 87264c47-f0c2-4a36-ac53-92b18c28f613: 199 groups; 10.5 s; peak memory 417 MiB.
2026-10-09T16:53:23Z INFO [109/900] 87265395-38bd-4476-9395-98aad1a08d9d: 48 groups; 3.2 s; peak memory 417 MiB.
2026-10-09T16:53:25Z INFO [110/900] 8726d7a0-6533-469e-9baf-93fe5fda6c8a: 341 groups; 2.9 s; peak memory 417 MiB.
2026-10-09T16:53:27Z INFO [111/900] 8726e88a-5503-4b5f-a901-608c0d548313: 35 groups; 1.8 s; peak memory 417 MiB.
2026-10-09T16:53:29Z INFO [112/900] 87270a79-faaa-45fa-bb83-d55e86286e37: 32 groups; 1.5 s; peak memory 417 MiB.
2026-10-09T16:53:31Z INFO [113/900] 87270bd9-5e1e-47f8-9e7f-70a1efbf3d86: 33 groups; 1.9 s; peak memory 417 MiB.
2026-10-09T16:53:47Z INFO [114/900] 8727a090-dc65-4373-9496-914fc30f110e: 268 groups; 16.2 s; peak memory 417 MiB.
2026-10-09T16:53:50Z INFO [115/900] 8727b58d-60b6-46e9-a524-d1ad89cc5969: 48 groups; 3.1 s; peak memory 417 MiB.
2026-10-09T16:53:54Z INFO [116/900] 872817ec-78da-447b-a217-449ec9b08292: 50 groups; 3.7 s; peak memory 417 MiB.
2026-10-09T16:53:56Z INFO [117/900] 872904e0-748c-47ff-92c4-8fd8da737464: 38 groups; 2.8 s; peak memory 417 MiB.
2026-10-09T16:53:58Z INFO [118/900] 872a1110-e554-4df0-8822-4b9f50528ca1: 32 groups; 1.5 s; peak memory 417 MiB.
2026-10-09T16:54:00Z INFO [119/900] 872a4996-1e1b-4e6d-8a03-7db6f70e2817: 32 groups; 1.7 s; peak memory 417 MiB.
2026-10-09T16:54:06Z INFO [120/900] 872a7feb-5c08-48c9-aec0-0b9e90a27ecc: 78 groups; 6.5 s; peak memory 417 MiB.
2026-10-09T16:54:07Z INFO [121/900] 872ac57c-4b5d-4acb-a2ba-21918a2478ee: 22 groups; 1.0 s; peak memory 417 MiB.
2026-10-09T16:54:09Z INFO [122/900] 872c4cdf-15b0-4b73-9827-99f70785df9d: 33 groups; 1.8 s; peak memory 417 MiB.
2026-10-09T16:54:10Z INFO [123/900] 872d207d-e8e9-442d-a0ca-937e6b89a8f6: 22 groups; 1.3 s; peak memory 417 MiB.
2026-10-09T16:54:12Z INFO [124/900] 872d29ba-1215-4692-b054-798f105f54f1: 35 groups; 1.7 s; peak memory 417 MiB.
2026-10-09T16:54:14Z INFO [125/900] 872d8800-313c-4a8b-b177-b334fe6cc302: 336 groups; 2.1 s; peak memory 417 MiB.
2026-10-09T16:54:16Z INFO [126/900] 872d9eac-e8f2-41ac-9041-16e21818c43b: 35 groups; 1.7 s; peak memory 417 MiB.
2026-10-09T16:54:17Z INFO [127/900] 872db6d2-8596-4f25-98fe-6267c10a4b77: 22 groups; 1.3 s; peak memory 417 MiB.
2026-10-09T16:54:18Z INFO [128/900] 872dc71d-b887-4963-adb4-00098a18e4d4: 16 groups; 1.1 s; peak memory 417 MiB.
2026-10-09T16:54:20Z INFO [129/900] 872e3d72-48a8-485a-95f2-3687fbb4fef2: 35 groups; 1.7 s; peak memory 417 MiB.
2026-10-09T16:54:21Z INFO [130/900] 872f0f41-cd6c-49cd-a21a-5dd083bf1395: 35 groups; 1.7 s; peak memory 417 MiB.
2026-10-09T16:54:23Z INFO [131/900] 8730a216-234a-43e0-b05b-434c64eeedf7: 22 groups; 1.3 s; peak memory 417 MiB.
2026-10-09T16:54:25Z INFO [132/900] 873193ef-686c-4a33-87d7-9540f8395d68: 39 groups; 1.8 s; peak memory 417 MiB.
2026-10-09T16:54:26Z INFO [133/900] 87323a7a-4fd6-4cf6-9305-705951942e21: 22 groups; 1.3 s; peak memory 417 MiB.
2026-10-09T16:54:27Z INFO [134/900] 8732b760-ac74-4939-8769-882f058c6f7d: 16 groups; 1.0 s; peak memory 417 MiB.
2026-10-09T16:54:29Z INFO [135/900] 8732c817-7613-478e-b845-df8a34856c3d: 35 groups; 1.9 s; peak memory 417 MiB.
2026-10-09T16:54:30Z INFO [136/900] 8732c96e-2807-4548-8c6b-add105bb9a7c: 29 groups; 1.5 s; peak memory 417 MiB.
2026-10-09T16:54:32Z INFO [137/900] 8732de96-e86a-4413-aafb-c987fa66b492: 35 groups; 2.0 s; peak memory 417 MiB.
2026-10-09T16:54:33Z INFO [138/900] 8732e2e1-cf74-4f01-abdc-83969a4f2966: 22 groups; 1.0 s; peak memory 417 MiB.
2026-10-09T16:54:35Z INFO [139/900] 873386d4-bd7a-47a8-9e0d-c2b959942b01: 32 groups; 1.8 s; peak memory 417 MiB.
2026-10-09T16:54:37Z INFO [140/900] 8733b10e-2aa9-497d-9106-f459295be886: 32 groups; 1.6 s; peak memory 417 MiB.
2026-10-09T16:54:51Z INFO [141/900] 873521c3-e183-41d4-83ea-e8aa4e252107: 148 groups; 14.8 s; peak memory 417 MiB.
2026-10-09T16:54:56Z INFO [142/900] 873547d5-1eec-4bf3-9d25-33ab466ff106: 97 groups; 4.3 s; peak memory 417 MiB.
2026-10-09T16:55:08Z INFO [143/900] 87360459-d519-4607-a6aa-6c4c461013b6: 63 groups; 11.8 s; peak memory 417 MiB.
2026-10-09T16:55:09Z INFO [144/900] 87361956-ce64-49a5-8aac-482f6e75d055: 18 groups; 1.2 s; peak memory 417 MiB.
2026-10-09T16:55:10Z INFO [145/900] 87363498-635e-4df8-bd2c-c6ca69d44869: 67 groups; 1.5 s; peak memory 417 MiB.
2026-10-09T16:55:12Z INFO [146/900] 87366280-8132-4abf-987f-8480e77c8689: 17 groups; 1.2 s; peak memory 417 MiB.
2026-10-09T16:55:15Z INFO [147/900] 8736c8d8-c946-4ac9-b239-717a0a01ca74: 48 groups; 3.1 s; peak memory 417 MiB.
2026-10-09T16:55:16Z INFO [148/900] 87375060-87e8-4e60-b996-4973f385ef26: 24 groups; 1.2 s; peak memory 417 MiB.
2026-10-09T16:55:17Z INFO [149/900] 873885eb-9f40-4863-ae71-bae345ca7cf7: 32 groups; 1.5 s; peak memory 417 MiB.
2026-10-09T16:55:20Z INFO [150/900] 8738b74f-72d6-4771-afe9-47c4843653c1: 71 groups; 2.2 s; peak memory 417 MiB.
2026-10-09T16:55:20Z INFO [150/900] 8738b74f-72d6-4771-afe9-47c4843653c1: checkpointed 112186 new records.
2026-10-09T16:55:22Z INFO [151/900] 8738f24c-efdd-4ce0-92dc-35df0de76e7b: 37 groups; 2.2 s; peak memory 417 MiB.
2026-10-09T16:55:24Z INFO [152/900] 8738fe64-3c4a-4fc8-876d-1a5559ad7d04: 35 groups; 1.9 s; peak memory 417 MiB.
2026-10-09T16:55:26Z INFO [153/900] 87393745-7034-470a-ba5c-cea460dc5f25: 33 groups; 1.8 s; peak memory 417 MiB.
2026-10-09T16:55:28Z INFO [154/900] 8739790e-e25c-4207-bdea-de9f140fd9c1: 33 groups; 2.2 s; peak memory 417 MiB.
2026-10-09T16:55:49Z INFO [155/900] 8739d016-7b4f-4288-ac54-75e0d365e8bd: 374 groups; 20.7 s; peak memory 417 MiB.
2026-10-09T16:55:50Z INFO [156/900] 873a9a2e-dd60-48f1-9017-419644579621: 22 groups; 1.4 s; peak memory 417 MiB.
2026-10-09T16:55:51Z INFO [157/900] 873b6bd0-6731-40a5-9395-10f174e2a220: 22 groups; 1.1 s; peak memory 417 MiB.
2026-10-09T16:56:09Z INFO [158/900] 873c1f52-7e2e-499d-8185-866def28992c: 307 groups; 17.8 s; peak memory 417 MiB.
2026-10-09T17:00:55Z INFO [159/900] 873c3356-f011-4070-b0bd-73939b5ee5c0: 93 groups; 285.6 s; peak memory 549 MiB.
2026-10-09T17:00:56Z INFO [160/900] 873c64e3-d5e3-4e1c-8d81-ec21d9aee46e: 25 groups; 1.6 s; peak memory 549 MiB.
2026-10-09T17:00:58Z INFO [161/900] 873d3b13-4e8a-497c-8bc7-c941b50e64fc: 31 groups; 2.0 s; peak memory 549 MiB.
2026-10-09T17:00:59Z INFO [162/900] 873da6d9-9c90-491d-a6e6-54914dbe7f5a: 31 groups; 1.2 s; peak memory 549 MiB.
2026-10-09T17:01:03Z INFO [163/900] 873de531-1a2e-4897-88a4-e503b8a10152: 46 groups; 3.4 s; peak memory 549 MiB.
2026-10-09T17:01:04Z INFO [164/900] 873e4941-294b-4479-88e1-07c9302b26ed: 22 groups; 1.4 s; peak memory 549 MiB.
2026-10-09T17:01:05Z INFO [165/900] 873ea181-39cd-4bdf-b3fc-c9760c459fae: 25 groups; 1.3 s; peak memory 549 MiB.
2026-10-09T17:01:09Z INFO [166/900] 873ef81e-fca5-4681-be02-6bcbf481b66e: 48 groups; 3.5 s; peak memory 549 MiB.
2026-10-09T17:01:10Z INFO [167/900] 873f713f-7784-4775-aece-18b5c61c9c03: 22 groups; 1.4 s; peak memory 549 MiB.
2026-10-09T17:01:12Z INFO [168/900] 873ff46f-3eba-4d45-a128-6f9222020110: 32 groups; 1.5 s; peak memory 549 MiB.
2026-10-09T17:01:13Z INFO [169/900] 87400f70-cb76-47d6-a16d-759b310947eb: 22 groups; 1.4 s; peak memory 549 MiB.
2026-10-09T17:01:14Z INFO [170/900] 874046a9-cb6c-400c-92d8-14bb6fc63007: 16 groups; 1.2 s; peak memory 549 MiB.
2026-10-09T17:01:16Z INFO [171/900] 87419ef9-ba05-463c-96b5-45bfe32fbd66: 32 groups; 1.5 s; peak memory 549 MiB.
2026-10-09T17:01:21Z INFO [172/900] 87429d3d-b462-4b2d-9864-d2a7ec3faf38: 67 groups; 5.0 s; peak memory 549 MiB.
2026-10-09T17:01:30Z INFO [173/900] 87448b0c-7089-49d3-a9ca-c5b2942fed97: 191 groups; 9.6 s; peak memory 549 MiB.
2026-10-09T17:01:32Z INFO [174/900] 8745804a-21ad-484a-b340-190413cdd085: 33 groups; 1.9 s; peak memory 549 MiB.
2026-10-09T17:01:34Z INFO [175/900] 8746b537-e3e4-45f1-ab53-fe5d1f7d88ab: 28 groups; 1.5 s; peak memory 549 MiB.
2026-10-09T17:01:35Z INFO [176/900] 8748a8c8-b08e-4573-b570-b0895bb9006f: 31 groups; 1.1 s; peak memory 549 MiB.
2026-10-09T17:01:36Z INFO [177/900] 87491202-996a-42d0-a2a7-dc4df907e755: 22 groups; 1.4 s; peak memory 549 MiB.
2026-10-09T17:01:38Z INFO [178/900] 874a529b-14f6-4f31-bf27-bbe4798cddee: 258 groups; 1.7 s; peak memory 549 MiB.
2026-10-09T17:01:39Z INFO [179/900] 874a8070-b88a-4e97-843e-90e9e297ce33: 16 groups; 1.0 s; peak memory 549 MiB.
2026-10-09T17:01:43Z INFO [180/900] 874b70b4-cf6f-447e-8841-0e22f18e051c: 50 groups; 3.8 s; peak memory 549 MiB.
2026-10-09T17:02:00Z INFO [181/900] 874bd1a7-d6d6-49ab-bbea-5b804d6e1d25: 459 groups; 17.4 s; peak memory 549 MiB.
2026-10-09T17:02:02Z INFO [182/900] 874ce49f-56b3-49a4-a91c-96e7e816fd39: 22 groups; 1.3 s; peak memory 549 MiB.
2026-10-09T17:02:03Z INFO [183/900] 874d2243-2b9e-4a25-94b3-5bf822d4cb87: 32 groups; 1.9 s; peak memory 549 MiB.
2026-10-09T17:02:05Z INFO [184/900] 874d5194-8470-4209-9e83-796609bc7b22: 32 groups; 1.5 s; peak memory 549 MiB.
2026-10-09T17:02:06Z INFO [185/900] 874d7692-774b-4f94-8dfe-32ccd9df6afb: 22 groups; 1.3 s; peak memory 549 MiB.
2026-10-09T17:02:08Z INFO [186/900] 874d8c47-b876-414c-8236-b396251466ff: 35 groups; 1.9 s; peak memory 549 MiB.
2026-10-09T17:02:09Z INFO [187/900] 874dfd54-46d1-4e53-97e4-bf44df03ac08: 16 groups; 1.1 s; peak memory 549 MiB.
2026-10-09T17:02:11Z INFO [188/900] 874e452c-dc4e-435d-987d-0b5a757dc7c5: 22 groups; 1.3 s; peak memory 549 MiB.
2026-10-09T17:02:12Z INFO [189/900] 874e5cb8-6db3-4e49-9c40-e0c732bbd2b9: 32 groups; 1.5 s; peak memory 549 MiB.
2026-10-09T17:02:15Z INFO [190/900] 874ea6f9-f6d7-4099-b202-df76d6f1b070: 71 groups; 3.0 s; peak memory 549 MiB.
2026-10-09T17:02:17Z INFO [191/900] 874f30f8-b2b6-48c1-8940-9a8d6a255784: 35 groups; 1.9 s; peak memory 549 MiB.
2026-10-09T17:02:18Z INFO [192/900] 874f37d3-3276-47c4-9cda-a25fcdd2950c: 22 groups; 1.3 s; peak memory 549 MiB.
2026-10-09T17:02:20Z INFO [193/900] 874f50b9-7baf-4dd9-85cf-58b2c1e38f48: 35 groups; 2.1 s; peak memory 549 MiB.
2026-10-09T17:02:28Z INFO [194/900] 874ff041-650b-4785-a6c8-62e69b0cae57: 78 groups; 7.4 s; peak memory 549 MiB.
2026-10-09T17:02:29Z INFO [195/900] 87506c15-85f4-41cd-a742-a4d00ed9e836: 17 groups; 1.3 s; peak memory 549 MiB.
2026-10-09T17:02:38Z INFO [196/900] 8750b01b-c63a-4fbb-8cd7-603b014b0f7f: 17 groups; 9.0 s; peak memory 549 MiB.
2026-10-09T17:02:41Z INFO [197/900] 8751e522-6dfd-4249-b850-0ee6f5cad1b6: 54 groups; 3.3 s; peak memory 549 MiB.
2026-10-09T17:02:43Z INFO [198/900] 8752c0e0-fe91-4f79-a393-2470339cb1ec: 203 groups; 1.7 s; peak memory 549 MiB.
2026-10-09T17:02:44Z INFO [199/900] 87549065-ce4a-4d07-82f9-19f652472c4f: 22 groups; 1.3 s; peak memory 549 MiB.
2026-10-09T17:02:46Z INFO [200/900] 87551332-ad30-4173-91e1-4843c610336e: 22 groups; 1.4 s; peak memory 549 MiB.
2026-10-09T17:02:46Z INFO [200/900] 87551332-ad30-4173-91e1-4843c610336e: checkpointed 112236 new records.
2026-10-09T17:02:48Z INFO [201/900] 875557ed-71a9-4bac-9e87-abd906874b8d: 104 groups; 2.1 s; peak memory 549 MiB.
2026-10-09T17:02:50Z INFO [202/900] 87557030-efd9-4dc7-85e3-886ec2dac705: 22 groups; 1.3 s; peak memory 549 MiB.
2026-10-09T17:02:51Z INFO [203/900] 8755a240-6f25-4bee-bbf1-5ccbb4fc7b55: 22 groups; 1.3 s; peak memory 549 MiB.
2026-10-09T17:02:52Z INFO [204/900] 8755b7b5-79b5-4559-87b2-603af7d7d560: 22 groups; 1.3 s; peak memory 549 MiB.
2026-10-09T17:02:54Z INFO [205/900] 875636b3-1324-4d4f-b075-e6707e380cd9: 32 groups; 1.5 s; peak memory 549 MiB.
2026-10-09T17:03:00Z INFO [206/900] 875654e7-4adc-4e93-b503-2a4c3cb3cc49: 181 groups; 6.3 s; peak memory 549 MiB.
2026-10-09T17:03:02Z INFO [207/900] 875692f4-eebf-4d65-82fe-b8b6ec26c14e: 35 groups; 2.1 s; peak memory 549 MiB.
2026-10-09T17:03:05Z INFO [208/900] 87584a87-4b87-4f70-a085-4f11fbac8328: 33 groups; 2.6 s; peak memory 549 MiB.
2026-10-09T17:03:06Z INFO [209/900] 875919b8-8e76-49fe-bed6-02facdb04337: 18 groups; 1.3 s; peak memory 549 MiB.
2026-10-09T17:03:08Z INFO [210/900] 87596c4c-8c6f-485a-a245-fce276952d8b: 33 groups; 2.1 s; peak memory 549 MiB.
2026-10-09T17:03:10Z INFO [211/900] 8759b66c-da23-477c-8a41-7dffcd108dd3: 196 groups; 1.7 s; peak memory 549 MiB.
2026-10-09T17:03:15Z INFO [212/900] 875a9142-a3b1-4fbc-adf7-cf4f37ee8c91: 62 groups; 4.9 s; peak memory 549 MiB.
2026-10-09T17:03:16Z INFO [213/900] 875acba8-d261-4b73-a1d3-867568f7599b: 16 groups; 1.0 s; peak memory 549 MiB.
2026-10-09T17:03:17Z INFO [214/900] 875be197-2a25-4c84-a7a8-564a9a807836: 22 groups; 1.4 s; peak memory 549 MiB.
2026-10-09T17:03:18Z INFO [215/900] 875d5297-0532-4ab8-97a1-9a8fd0cbbeee: 31 groups; 1.0 s; peak memory 549 MiB.
2026-10-09T17:03:19Z INFO [216/900] 875d8c0e-ea68-484c-825c-5ce1dbf2238a: 22 groups; 1.3 s; peak memory 549 MiB.
2026-10-09T17:03:21Z INFO [217/900] 875de72f-3836-4d63-8d44-12329d26cd38: 22 groups; 1.3 s; peak memory 549 MiB.
2026-10-09T17:03:22Z INFO [218/900] 875e1e03-f73d-4d4e-b9c3-fbdc9c91d501: 16 groups; 1.0 s; peak memory 549 MiB.
2026-10-09T17:03:23Z INFO [219/900] 875e7ae9-8a8d-4691-ad1d-0666415fb6a7: 22 groups; 1.4 s; peak memory 549 MiB.
2026-10-09T17:03:35Z INFO [220/900] 875ecf44-d77f-450c-904a-876e0ac366be: 164 groups; 11.7 s; peak memory 549 MiB.
2026-10-09T17:03:37Z INFO [221/900] 875f59c5-7a45-4cf6-be83-99d204cee1a4: 49 groups; 2.3 s; peak memory 549 MiB.
2026-10-09T17:03:39Z INFO [222/900] 875f91e9-c5dd-48ee-8429-f1bc93236fd2: 32 groups; 1.5 s; peak memory 549 MiB.
2026-10-09T17:03:40Z INFO [223/900] 876028d2-0d83-43a8-85c0-0fb0b70df092: 31 groups; 1.5 s; peak memory 549 MiB.
2026-10-09T17:03:46Z INFO [224/900] 87605cdc-5007-405f-8999-3fddc2b96a51: 181 groups; 6.0 s; peak memory 549 MiB.
2026-10-09T17:03:48Z INFO [225/900] 8760f94d-f844-48e3-beb3-267347047605: 32 groups; 1.6 s; peak memory 549 MiB.
2026-10-09T17:05:08Z INFO [226/900] 8762323d-06af-47ca-97da-ba268884ceaa: 2258 groups; 80.7 s; peak memory 549 MiB.
2026-10-09T17:05:10Z INFO [227/900] 87627d45-a3b8-4386-ac48-843b14f2022d: 33 groups; 2.0 s; peak memory 549 MiB.
2026-10-09T17:05:17Z INFO [228/900] 876308af-22f1-4680-8335-a817aae20f7b: 120 groups; 6.5 s; peak memory 549 MiB.
2026-10-09T17:05:18Z INFO [229/900] 8763c949-9ff7-4cc0-80be-0ea223c7cc70: 16 groups; 1.1 s; peak memory 549 MiB.
2026-10-09T17:05:20Z INFO [230/900] 876419b4-cfeb-4d49-9a31-9c3167db400c: 36 groups; 1.8 s; peak memory 549 MiB.
2026-10-09T17:05:21Z INFO [231/900] 876475e6-a50c-411f-9012-b061da306d09: 32 groups; 1.4 s; peak memory 549 MiB.
2026-10-09T17:05:23Z INFO [232/900] 8766406f-bd20-490f-8c80-341c06b766d1: 32 groups; 1.7 s; peak memory 549 MiB.
2026-10-09T17:05:25Z INFO [233/900] 87679fe7-9dbc-4ed6-8826-c9d7c980efbc: 32 groups; 1.7 s; peak memory 549 MiB.
2026-10-09T17:05:26Z INFO [234/900] 87691d2d-3f3f-4bcc-85ec-0506e1f5e5f1: 32 groups; 1.5 s; peak memory 549 MiB.
2026-10-09T17:05:28Z INFO [235/900] 8769f54e-d540-4241-bb5b-0be90fdbdc0d: 33 groups; 2.0 s; peak memory 549 MiB.
2026-10-09T17:05:30Z INFO [236/900] 876a8574-26b6-45e4-a1de-ae7a0f75eb5b: 35 groups; 1.9 s; peak memory 549 MiB.
2026-10-09T17:05:33Z INFO [237/900] 876a9aed-c290-46e0-a3fd-2f7e6ff62b0a: 573 groups; 2.5 s; peak memory 549 MiB.
2026-10-09T17:05:34Z INFO [238/900] 876a9f7a-fec8-4b37-a918-4204a72398de: 22 groups; 1.3 s; peak memory 549 MiB.
2026-10-09T17:05:35Z INFO [239/900] 876b1f77-c9c8-4c86-9681-cd65dd2b5a55: 256 groups; 1.6 s; peak memory 549 MiB.
2026-10-09T17:05:44Z INFO [240/900] 876b5d19-70c4-4371-ab0e-f1bb2d58274e: 30 groups; 8.6 s; peak memory 549 MiB.
2026-10-09T17:05:45Z INFO [241/900] 876b776e-75bc-46e3-8f45-719880b17ea4: 16 groups; 1.3 s; peak memory 549 MiB.
2026-10-09T17:05:47Z INFO [242/900] 876c9fde-1c6f-4ea4-82ec-b14f7e2160fd: 22 groups; 1.4 s; peak memory 549 MiB.
2026-10-09T17:05:48Z INFO [243/900] 876e5995-102f-4740-b223-89ec0db3bb37: 17 groups; 1.3 s; peak memory 549 MiB.
2026-10-09T17:05:50Z INFO [244/900] 876ed93a-4a6c-4926-a635-6185fb6c196d: 32 groups; 1.8 s; peak memory 549 MiB.
2026-10-09T17:05:51Z INFO [245/900] 876f2c72-5be9-43af-8b29-33fef8707d4d: 22 groups; 1.3 s; peak memory 549 MiB.
2026-10-09T17:05:52Z INFO [246/900] 876f378b-cbe9-49eb-b72b-5090091752b7: 18 groups; 1.1 s; peak memory 549 MiB.
2026-10-09T17:05:54Z INFO [247/900] 876f7c72-a330-4127-91b5-e270e34a6722: 336 groups; 2.2 s; peak memory 549 MiB.
2026-10-09T17:05:56Z INFO [248/900] 877025a1-7642-49a4-a7d9-08f2bd1b7922: 21 groups; 1.5 s; peak memory 549 MiB.
2026-10-09T17:05:58Z INFO [249/900] 877070d5-2d3d-46fe-b07a-be799cbba511: 195 groups; 2.1 s; peak memory 549 MiB.
2026-10-09T17:06:02Z INFO [250/900] 87716461-e73a-43ba-ac67-78db56b08730: 52 groups; 4.5 s; peak memory 549 MiB.
2026-10-09T17:06:03Z INFO [250/900] 87716461-e73a-43ba-ac67-78db56b08730: checkpointed 112286 new records.
2026-10-09T17:06:04Z INFO [251/900] 8771ecdf-a557-4a42-9153-0850f7442b7b: 28 groups; 1.7 s; peak memory 549 MiB.
2026-10-09T17:06:06Z INFO [252/900] 8771ed9d-f4f3-4648-b79b-d8e89c1bf78a: 22 groups; 1.4 s; peak memory 549 MiB.
2026-10-09T17:06:07Z INFO [253/900] 8772d7ed-bdc0-4fc0-a15d-5b6d7e1b961a: 25 groups; 1.5 s; peak memory 549 MiB.
2026-10-09T17:06:09Z INFO [254/900] 8773e464-ca06-4bb2-9e49-3876f71db38b: 32 groups; 1.7 s; peak memory 549 MiB.
2026-10-09T17:06:10Z INFO [255/900] 87741b30-446a-44fb-a415-96c9e9835d91: 29 groups; 1.2 s; peak memory 549 MiB.
2026-10-09T17:30:54Z INFO [256/900] 87751d43-b044-445e-a8d9-d07b875af218: 67 groups; 1483.6 s; peak memory 1245 MiB.
2026-10-09T17:30:56Z INFO [257/900] 877583cd-9628-4600-9b6d-bc36fcf2869a: 36 groups; 1.9 s; peak memory 1245 MiB.
2026-10-09T17:30:57Z INFO [258/900] 8775e12f-345f-48a2-97c9-a151c570b55f: 32 groups; 1.6 s; peak memory 1245 MiB.
2026-10-09T17:30:59Z INFO [259/900] 87766332-784d-47f0-a8dd-8141044c2d34: 35 groups; 1.8 s; peak memory 1245 MiB.
2026-10-09T17:31:02Z INFO [260/900] 877694d3-b57c-4c43-8e3d-7e19130e937e: 341 groups; 2.8 s; peak memory 1245 MiB.
2026-10-09T17:31:04Z INFO [261/900] 8777c2d0-cd45-4f8c-9632-105203dbdc35: 27 groups; 1.8 s; peak memory 1245 MiB.
2026-10-09T17:31:10Z INFO [262/900] 87783c40-0406-4789-a17b-f4493a518c4f: 47 groups; 6.4 s; peak memory 1245 MiB.
2026-10-09T17:31:12Z INFO [263/900] 8778ec75-f580-40a7-9310-0aec1dfcd15b: 34 groups; 1.7 s; peak memory 1245 MiB.
2026-10-09T18:14:26Z INFO [264/900] 8778ed71-ad60-40a9-bbe1-75fe057a6f33: 61 groups; 2594.2 s; peak memory 1251 MiB.
2026-10-09T18:14:56Z INFO [265/900] 877958f5-bbbe-47a8-939c-6d7faa6d702f: 23 groups; 29.9 s; peak memory 1251 MiB.
2026-10-09T18:18:15Z INFO [266/900] 8779a485-698a-4e64-a37e-5202d0dc1945: 45 groups; 199.7 s; peak memory 1275 MiB.
2026-10-09T18:18:19Z INFO [267/900] 877a5b25-c333-4a86-a385-dfd9c16c1834: 48 groups; 3.5 s; peak memory 1275 MiB.
2026-10-09T18:18:21Z INFO [268/900] 877bbf6f-12c6-4210-b653-918db454c6ab: 27 groups; 2.2 s; peak memory 1275 MiB.
2026-10-09T18:18:24Z INFO [269/900] 877c747e-aa1a-43cb-a8f2-73b5a831caef: 43 groups; 2.5 s; peak memory 1275 MiB.
2026-10-09T18:18:25Z INFO [270/900] 877cf8ec-4db5-46ac-8d10-9d79c232436d: 22 groups; 1.3 s; peak memory 1275 MiB.
2026-10-09T18:18:43Z INFO [271/900] 877d396a-adb0-4e7c-a8ed-5268b8874424: 230 groups; 17.7 s; peak memory 1275 MiB.
2026-10-09T18:18:44Z INFO [272/900] 877d7bee-8eb6-4801-b2d3-01bdcc92a3bc: 33 groups; 1.5 s; peak memory 1275 MiB.
2026-10-09T18:18:46Z INFO [273/900] 877dc129-29db-41de-b597-3ff70bfc105e: 31 groups; 1.5 s; peak memory 1275 MiB.
2026-10-09T18:18:47Z INFO [274/900] 877dee4f-5855-471e-9d62-2339dd6cf848: 16 groups; 1.3 s; peak memory 1275 MiB.
2026-10-09T18:18:49Z INFO [275/900] 877f3689-8938-40db-bc1a-2b1d6538ef87: 33 groups; 1.6 s; peak memory 1275 MiB.
2026-10-09T18:18:50Z INFO [276/900] 877f4a6b-035a-47dc-a2df-4518d6f4d71f: 22 groups; 1.4 s; peak memory 1275 MiB.
2026-10-09T18:19:01Z INFO [277/900] 87806e8b-a3de-4299-8669-7dcbe735e076: 191 groups; 10.5 s; peak memory 1275 MiB.
2026-10-09T18:19:02Z INFO [278/900] 87807fbc-3382-492f-b0db-3a43f25bd70c: 22 groups; 1.4 s; peak memory 1275 MiB.
2026-10-09T18:19:03Z INFO [279/900] 8780a04e-7958-4a33-80ce-e6f9baae6d81: 22 groups; 1.5 s; peak memory 1275 MiB.
2026-10-09T18:19:25Z INFO [280/900] 8780e5ba-047d-460f-9383-e395b4a060b1: 476 groups; 21.0 s; peak memory 1275 MiB.
2026-10-09T18:19:27Z INFO [281/900] 87810655-987d-49dc-a3c3-3edd7e202fe9: 108 groups; 2.5 s; peak memory 1275 MiB.
2026-10-09T18:19:29Z INFO [282/900] 878123b5-d809-48db-a7d9-ed0546c9462e: 35 groups; 1.7 s; peak memory 1275 MiB.
2026-10-09T18:19:39Z INFO [283/900] 87812bec-6837-42f8-91bc-7a2d1de5f724: 77 groups; 10.5 s; peak memory 1275 MiB.
2026-10-09T18:19:41Z INFO [284/900] 87821472-a7f7-4f47-936a-e0508e12b2f3: 35 groups; 1.8 s; peak memory 1275 MiB.
2026-10-09T18:19:43Z INFO [285/900] 87824590-76b2-439f-b50f-254405ec56bf: 36 groups; 2.0 s; peak memory 1275 MiB.
2026-10-09T18:19:49Z INFO [286/900] 87837ebd-0997-4e55-ace2-be478d6bc1a7: 73 groups; 6.2 s; peak memory 1275 MiB.
2026-10-09T18:19:50Z INFO [287/900] 8783db48-07f4-4f59-9deb-ea09be2e9f59: 16 groups; 1.2 s; peak memory 1275 MiB.
2026-10-09T18:19:52Z INFO [288/900] 87842088-5fcb-47d7-b080-c6cbc65b044f: 35 groups; 1.9 s; peak memory 1275 MiB.
2026-10-09T18:19:54Z INFO [289/900] 8784b2b8-b84d-4e64-bd04-08bf7a192af5: 22 groups; 1.4 s; peak memory 1275 MiB.
2026-10-09T18:19:56Z INFO [290/900] 8784d3ba-ac75-4e2a-be43-cbe5c007f223: 35 groups; 1.9 s; peak memory 1275 MiB.
2026-10-09T18:19:57Z INFO [291/900] 87854233-2f43-421b-9416-3926f2768e3d: 34 groups; 1.7 s; peak memory 1275 MiB.
2026-10-09T18:19:59Z INFO [292/900] 8785ea8b-d07f-4149-9052-0ce852c67062: 22 groups; 1.4 s; peak memory 1275 MiB.
2026-10-09T18:20:00Z INFO [293/900] 8786b41c-5fd2-4fd4-9d73-1e80caee15e9: 16 groups; 1.0 s; peak memory 1275 MiB.
2026-10-09T18:20:01Z INFO [294/900] 8786c302-1216-4cf7-9f15-8bf4f02ceb6d: 22 groups; 1.3 s; peak memory 1275 MiB.
2026-10-09T18:20:03Z INFO [295/900] 8786e45a-6c09-4fd2-a496-9885ae67db3c: 22 groups; 1.4 s; peak memory 1275 MiB.
2026-10-09T18:20:09Z INFO [296/900] 8786f193-8ba8-4150-bebe-84870033aa87: 127 groups; 6.8 s; peak memory 1275 MiB.
2026-10-09T18:20:11Z INFO [297/900] 8787ace0-1329-4963-ae20-b892d207d943: 32 groups; 1.8 s; peak memory 1275 MiB.
2026-10-09T18:20:18Z INFO [298/900] 8788296a-9d83-4a9e-92a3-c72b1c0700d8: 78 groups; 6.9 s; peak memory 1275 MiB.
2026-10-09T18:20:20Z INFO [299/900] 8788d03b-366f-4a70-8491-3bd003eb661c: 48 groups; 2.4 s; peak memory 1275 MiB.
2026-10-09T18:20:24Z INFO [300/900] 8789306b-63c3-4937-929e-df9e95d5784c: 48 groups; 3.1 s; peak memory 1275 MiB.
2026-10-09T18:20:24Z INFO [300/900] 8789306b-63c3-4937-929e-df9e95d5784c: checkpointed 112336 new records.
2026-10-09T18:20:25Z INFO [301/900] 878a6228-e77d-4b6c-ad3e-7339318eab62: 22 groups; 1.4 s; peak memory 1275 MiB.
2026-10-09T18:20:27Z INFO [302/900] 878ab7ac-9ef6-4562-ada2-79d116022b03: 22 groups; 1.6 s; peak memory 1275 MiB.
2026-10-09T18:20:28Z INFO [303/900] 878ac54c-093b-47a9-acf1-c424ba4c00f2: 22 groups; 1.5 s; peak memory 1275 MiB.
2026-10-09T18:20:36Z INFO [304/900] 878aeeb6-0448-4d01-aaa1-2336cdd5489e: 181 groups; 8.0 s; peak memory 1275 MiB.
2026-10-09T18:20:38Z INFO [305/900] 878b5202-6dc4-4dbc-98e7-3226b1606c5c: 71 groups; 1.3 s; peak memory 1275 MiB.
2026-10-09T18:20:39Z INFO [306/900] 878c2a50-77a3-4f89-a92a-eeb03a79cbe7: 22 groups; 1.4 s; peak memory 1275 MiB.
2026-10-09T18:21:23Z INFO [307/900] 878c334f-1168-4600-9e99-4a39a2b4b7b2: 22 groups; 44.1 s; peak memory 1275 MiB.
2026-10-09T18:21:24Z INFO [308/900] 878c3b45-dcf9-4aea-8c09-dc59d6face2b: 22 groups; 1.4 s; peak memory 1275 MiB.
2026-10-09T18:21:26Z INFO [309/900] 878d7fae-a19b-498b-965c-1d772819314c: 32 groups; 1.4 s; peak memory 1275 MiB.
2026-10-09T18:21:30Z INFO [310/900] 878d8b8d-12e9-4f35-9e3e-c261e9ec2215: 30 groups; 4.2 s; peak memory 1275 MiB.
2026-10-09T18:21:31Z INFO [311/900] 878dc5c6-b0bb-48c7-9e2a-09c1e217bc26: 22 groups; 1.3 s; peak memory 1275 MiB.
2026-10-09T18:21:33Z INFO [312/900] 878dcb8a-4ac3-4627-8381-891e90da21c5: 22 groups; 1.4 s; peak memory 1275 MiB.
2026-10-09T18:21:35Z INFO [313/900] 878e4f59-5053-4ae1-b05d-37a3e813967a: 195 groups; 1.8 s; peak memory 1275 MiB.
2026-10-09T18:21:38Z INFO [314/900] 878eee26-860c-4c75-8fad-9c5160225eb0: 54 groups; 3.4 s; peak memory 1275 MiB.
2026-10-09T18:21:39Z INFO [315/900] 878fc76e-7a62-4c66-b2c3-3d653640bb45: 22 groups; 1.3 s; peak memory 1275 MiB.
2026-10-09T18:21:41Z INFO [316/900] 878fdd32-1426-4299-b25c-1475ce43d58c: 29 groups; 1.9 s; peak memory 1275 MiB.
2026-10-09T18:21:46Z INFO [317/900] 879016a7-32c7-4219-a4f4-44533baa2e57: 178 groups; 5.0 s; peak memory 1275 MiB.
2026-10-09T18:21:48Z INFO [318/900] 87916f0e-4213-40d1-ad1c-60b1b1f83d29: 32 groups; 1.6 s; peak memory 1275 MiB.
2026-10-09T18:21:50Z INFO [319/900] 879200d6-4442-45a7-b3ba-10e8293c85c9: 35 groups; 2.1 s; peak memory 1275 MiB.
2026-10-09T18:21:52Z INFO [320/900] 8792155c-05e8-4ea3-b1aa-7cbd2b0cf5bb: 22 groups; 1.5 s; peak memory 1275 MiB.
2026-10-09T18:21:53Z INFO [321/900] 8792bd81-8eac-45f9-a590-77c17019eb33: 22 groups; 1.4 s; peak memory 1275 MiB.
2026-10-09T18:21:54Z INFO [322/900] 87931d0c-1042-4437-96e4-37f1bc19c4ed: 253 groups; 1.5 s; peak memory 1275 MiB.
2026-10-09T18:22:04Z INFO [323/900] 8793296e-041c-40b3-a474-2bea36af507f: 147 groups; 9.6 s; peak memory 1275 MiB.
2026-10-09T18:22:05Z INFO [324/900] 87940b0e-d6c1-4904-b5fe-10aba74846c9: 22 groups; 1.4 s; peak memory 1275 MiB.
2026-10-09T18:22:07Z INFO [325/900] 87940be2-b08e-42aa-9d2c-144b73105347: 35 groups; 2.0 s; peak memory 1275 MiB.
2026-10-09T18:22:09Z INFO [326/900] 879479e0-a565-462a-82fc-2ac4892545aa: 22 groups; 1.4 s; peak memory 1275 MiB.
2026-10-09T18:22:10Z INFO [327/900] 8795aaab-dca6-4b78-b1d5-948b59b567de: 22 groups; 1.3 s; peak memory 1275 MiB.
2026-10-09T18:22:12Z INFO [328/900] 87962b9f-622e-447c-a045-0f11636301d8: 201 groups; 1.8 s; peak memory 1275 MiB.
2026-10-09T18:22:15Z INFO [329/900] 8796574e-3dd5-48c9-afb3-83191ab37a04: 48 groups; 3.4 s; peak memory 1275 MiB.
2026-10-09T18:22:17Z INFO [330/900] 8796f292-5849-4ab7-8ec3-0c967e9cb44a: 22 groups; 1.4 s; peak memory 1275 MiB.
2026-10-09T18:22:19Z INFO [331/900] 8797451a-54d0-42ed-be48-ca2bf2ce5e05: 33 groups; 2.0 s; peak memory 1275 MiB.
2026-10-09T18:22:20Z INFO [332/900] 8797d98c-71b2-41c6-b5f0-0a76f845f7e1: 22 groups; 1.4 s; peak memory 1275 MiB.
2026-10-09T18:22:34Z INFO [333/900] 87982359-9ff6-4160-8516-36a235025d55: 26 groups; 14.0 s; peak memory 1275 MiB.
2026-10-09T18:22:35Z INFO [334/900] 8798584b-fd33-414c-9bb7-91d1a28aec81: 23 groups; 1.1 s; peak memory 1275 MiB.
2026-10-09T18:22:36Z INFO [335/900] 87985b60-c209-49f9-bd97-ca90273f25cc: 22 groups; 1.3 s; peak memory 1275 MiB.
2026-10-09T18:22:38Z INFO [336/900] 8798e63b-5820-4730-a13c-553da1fe54ba: 35 groups; 1.6 s; peak memory 1275 MiB.
2026-10-09T18:22:40Z INFO [337/900] 879a019e-db0d-466a-bdaa-f49ffef3d37f: 22 groups; 1.5 s; peak memory 1275 MiB.
2026-10-09T18:22:41Z INFO [338/900] 879a150b-d37d-4866-9940-cd9607b2698e: 31 groups; 1.5 s; peak memory 1275 MiB.
2026-10-09T18:22:43Z INFO [339/900] 879a6f0e-c237-4f43-823f-b1e655ea90ae: 17 groups; 2.0 s; peak memory 1275 MiB.
2026-10-09T18:22:45Z INFO [340/900] 879a8eda-da74-42a5-acd7-c0b1bfe38a0d: 32 groups; 2.0 s; peak memory 1275 MiB.
2026-10-09T18:22:47Z INFO [341/900] 879bbe82-5a49-429c-8e13-24911beb3343: 31 groups; 2.2 s; peak memory 1275 MiB.
2026-10-09T18:22:49Z INFO [342/900] 879c72dc-6a5f-4ad3-a344-6729bf7afcb7: 22 groups; 1.6 s; peak memory 1275 MiB.
2026-10-09T18:22:50Z INFO [343/900] 879cb61f-d66e-4652-a63c-ec14a8883f2c: 22 groups; 1.5 s; peak memory 1275 MiB.
2026-10-09T18:34:21Z INFO [344/900] 879e15af-c4b6-4ad9-92f5-c7db99c1456b: 46 groups; 690.9 s; peak memory 1277 MiB.
2026-10-09T18:34:22Z INFO [345/900] 879e5527-b228-42ad-a118-241c00c9c560: 16 groups; 1.1 s; peak memory 1277 MiB.
2026-10-09T18:34:41Z INFO [346/900] 879ed28c-19b5-4de7-81e6-c96e8c7f149c: 258 groups; 18.9 s; peak memory 1277 MiB.
2026-10-09T18:34:45Z INFO [347/900] 879f627e-024c-410b-84d7-f1da714f477f: 48 groups; 3.4 s; peak memory 1277 MiB.
2026-10-09T18:34:46Z INFO [348/900] 879fb1b8-a075-4eb5-a489-76dc8f8ca2a0: 33 groups; 1.9 s; peak memory 1277 MiB.
2026-10-09T18:34:48Z INFO [349/900] 87a12af8-056d-4369-a594-104dd019ce4e: 22 groups; 1.3 s; peak memory 1277 MiB.
2026-10-09T18:34:49Z INFO [350/900] 87a19370-40a6-4766-a05f-8d4c0b1f7a38: 35 groups; 1.5 s; peak memory 1277 MiB.
2026-10-09T18:34:50Z INFO [350/900] 87a19370-40a6-4766-a05f-8d4c0b1f7a38: checkpointed 112386 new records.
2026-10-09T18:34:51Z INFO [351/900] 87a203a4-d31d-4944-9c78-fb48e035bde3: 22 groups; 1.4 s; peak memory 1277 MiB.
2026-10-09T18:34:53Z INFO [352/900] 87a3997d-94fd-4037-8438-bb02abc82102: 35 groups; 2.0 s; peak memory 1277 MiB.
2026-10-09T18:34:57Z INFO [353/900] 87a46094-2e13-4d7e-9b4c-3b7c25bfb2d5: 50 groups; 4.4 s; peak memory 1277 MiB.
2026-10-09T18:35:01Z INFO [354/900] 87a5e07f-8ce6-47f9-a172-6eb15a126278: 50 groups; 3.6 s; peak memory 1277 MiB.
2026-10-09T18:35:03Z INFO [355/900] 87a6db20-45be-459a-a8af-f04d57a80f3a: 337 groups; 2.3 s; peak memory 1277 MiB.
2026-10-09T18:35:05Z INFO [356/900] 87a7502f-5b59-4e36-a591-4b0cf707dbf1: 22 groups; 1.5 s; peak memory 1277 MiB.
2026-10-09T18:35:08Z INFO [357/900] 87a85634-6ea0-4382-92da-5050f550ae2c: 50 groups; 3.6 s; peak memory 1277 MiB.
2026-10-09T18:35:10Z INFO [358/900] 87a8d882-64e0-4b45-a4fd-2cca4eeccfde: 35 groups; 2.0 s; peak memory 1277 MiB.
2026-10-09T18:35:13Z INFO [359/900] 87aa3c56-bf68-4582-aa61-e991a3183f5b: 202 groups; 2.2 s; peak memory 1277 MiB.
2026-10-09T18:37:52Z INFO [360/900] 87ab028d-76e6-4e8f-904c-33fb00eb3fcd: 80 groups; 159.0 s; peak memory 1277 MiB.
2026-10-09T18:37:53Z INFO [361/900] 87ab0996-d224-4365-93f5-cd603e044483: 32 groups; 1.5 s; peak memory 1277 MiB.
2026-10-09T18:37:54Z INFO [362/900] 87ab73f3-0b26-4c87-9398-4dc35760fd11: 32 groups; 1.4 s; peak memory 1277 MiB.
2026-10-09T18:37:55Z INFO [363/900] 87ab8057-04e9-4caf-8e00-77a4a098ed3c: 16 groups; 1.0 s; peak memory 1277 MiB.
2026-10-09T18:37:57Z INFO [364/900] 87ac5752-521a-4a65-aef3-b2e968e430c4: 31 groups; 1.1 s; peak memory 1277 MiB.
2026-10-09T18:37:59Z INFO [365/900] 87aca434-9b66-48b1-80de-bfd62b88e38e: 49 groups; 2.2 s; peak memory 1277 MiB.
2026-10-09T18:38:00Z INFO [366/900] 87acb206-918d-49d1-a05c-705f0018f966: 26 groups; 1.4 s; peak memory 1277 MiB.
2026-10-09T18:38:02Z INFO [367/900] 87ace625-8d51-4d39-942b-5e8b66c5f08e: 32 groups; 1.5 s; peak memory 1277 MiB.
2026-10-09T18:38:04Z INFO [368/900] 87ace7b9-4088-4d2f-ab41-2155d7570026: 204 groups; 2.6 s; peak memory 1277 MiB.
2026-10-09T18:38:06Z INFO [369/900] 87acef10-bfba-4ba2-83f1-b27fec0bcabd: 202 groups; 1.7 s; peak memory 1277 MiB.
2026-10-09T18:38:08Z INFO [370/900] 87add570-a55d-43ba-ac0e-7ddd0723df8e: 32 groups; 1.6 s; peak memory 1277 MiB.
2026-10-09T18:38:27Z INFO [371/900] 87ae7abc-2f85-497a-908f-e7112cb10061: 157 groups; 19.0 s; peak memory 1277 MiB.
2026-10-09T18:38:28Z INFO [372/900] 87ae831e-e30b-4d3b-bfbe-920cfea0d0f2: 35 groups; 1.5 s; peak memory 1277 MiB.
2026-10-09T18:38:29Z INFO [373/900] 87af31e5-553d-4f80-a0d3-fd6140d5c468: 22 groups; 1.3 s; peak memory 1277 MiB.
2026-10-09T18:38:31Z INFO [374/900] 87b08ab8-53e9-443a-98ef-e187b245f9b4: 35 groups; 2.0 s; peak memory 1277 MiB.
2026-10-09T18:38:59Z INFO [375/900] 87b15a82-28ec-4869-b692-7059ec172a40: 23 groups; 27.9 s; peak memory 1277 MiB.
2026-10-09T18:39:02Z INFO [376/900] 87b19309-b6fc-4b56-861c-3349b7cee622: 207 groups; 2.5 s; peak memory 1277 MiB.
2026-10-09T18:39:03Z INFO [377/900] 87b1c8b9-47a5-450b-af66-00b6b698ab0d: 22 groups; 1.4 s; peak memory 1277 MiB.
2026-10-09T18:39:05Z INFO [378/900] 87b238af-cf34-4b53-af78-f52e7ada9cbb: 32 groups; 1.9 s; peak memory 1277 MiB.
2026-10-09T18:39:06Z INFO [379/900] 87b26dad-0b4b-4bc6-94f6-c12e959367b1: 22 groups; 1.3 s; peak memory 1277 MiB.
2026-10-09T18:39:08Z INFO [380/900] 87b3e70a-4fbb-43b0-b9b2-47b774627c12: 32 groups; 1.5 s; peak memory 1277 MiB.
2026-10-09T18:39:12Z INFO [381/900] 87b3ed19-9537-40f1-88c8-b279a43d9ef0: 50 groups; 3.8 s; peak memory 1277 MiB.
2026-10-09T18:39:13Z INFO [382/900] 87b3f00a-aeb8-46f2-b550-ddff266649fb: 16 groups; 1.4 s; peak memory 1277 MiB.
2026-10-09T18:39:15Z INFO [383/900] 87b46a0d-3fc8-4f9a-bc04-6d4a1c69793d: 200 groups; 2.3 s; peak memory 1277 MiB.
2026-10-09T18:39:17Z INFO [384/900] 87b4830b-ea18-43cd-ba34-84ce1548be06: 22 groups; 1.4 s; peak memory 1277 MiB.
2026-10-09T18:39:18Z INFO [385/900] 87b4da5d-c94c-4142-9445-0ba684fad47e: 24 groups; 1.4 s; peak memory 1277 MiB.
2026-10-09T18:39:20Z INFO [386/900] 87b50686-1a43-42f4-ba35-461e6998f081: 32 groups; 1.9 s; peak memory 1277 MiB.
2026-10-09T18:39:22Z INFO [387/900] 87b53c55-c77a-4aeb-99d8-4cf77f77d33f: 22 groups; 1.5 s; peak memory 1277 MiB.
2026-10-09T18:39:23Z INFO [388/900] 87b685d2-8986-4172-918e-60289759aba7: 22 groups; 1.5 s; peak memory 1277 MiB.
2026-10-09T18:39:24Z INFO [389/900] 87b74aa0-add1-4744-9771-cf05df6f8a68: 35 groups; 1.5 s; peak memory 1277 MiB.
2026-10-09T18:39:26Z INFO [390/900] 87b785a3-f17d-4214-be4f-99390f39b838: 22 groups; 1.4 s; peak memory 1277 MiB.
2026-10-09T18:39:46Z INFO [391/900] 87b8059b-9b22-4c69-b4b5-82e4947b0311: 96 groups; 20.0 s; peak memory 1277 MiB.
2026-10-09T18:39:47Z INFO [392/900] 87b9e79d-07b0-458f-b7e1-82f7d5d7c89e: 22 groups; 1.4 s; peak memory 1277 MiB.
2026-10-09T18:39:48Z INFO [393/900] 87ba70ac-6e63-439e-a120-99e9152bd3bc: 30 groups; 1.1 s; peak memory 1277 MiB.
2026-10-09T18:39:50Z INFO [394/900] 87bb4f1f-a641-491a-acc3-8ad6a32d11c3: 17 groups; 1.1 s; peak memory 1277 MiB.
2026-10-09T18:39:51Z INFO [395/900] 87bc0e7a-23e9-4ad5-bee0-b7a5b074b4e1: 22 groups; 1.3 s; peak memory 1277 MiB.
2026-10-09T18:39:52Z INFO [396/900] 87bc4c01-ed3e-46c7-b9bc-1e2cfdb1779f: 22 groups; 1.3 s; peak memory 1277 MiB.
2026-10-09T18:39:54Z INFO [397/900] 87bc5c20-4151-4949-ac0a-53317aba65af: 22 groups; 1.4 s; peak memory 1277 MiB.
2026-10-09T18:39:55Z INFO [398/900] 87bd5af0-088e-4805-a33a-13ab9b1dcdcc: 22 groups; 1.3 s; peak memory 1277 MiB.
2026-10-09T18:40:01Z INFO [399/900] 87bd63d4-c80f-468c-8e0b-78041976768b: 49 groups; 5.7 s; peak memory 1277 MiB.
2026-10-09T18:40:02Z INFO [400/900] 87bdaea0-3ac9-4b40-a417-cd76a26dc7a8: 32 groups; 1.6 s; peak memory 1277 MiB.
2026-10-09T18:40:02Z INFO [400/900] 87bdaea0-3ac9-4b40-a417-cd76a26dc7a8: checkpointed 112436 new records.
2026-10-09T18:40:04Z INFO [401/900] 87be1ce6-f18f-44e6-be37-52de9b5cc207: 35 groups; 1.8 s; peak memory 1277 MiB.
2026-10-09T18:40:06Z INFO [402/900] 87be3a58-6b6f-4923-b368-0cfc22a4c43e: 103 groups; 1.7 s; peak memory 1277 MiB.
2026-10-09T18:40:07Z INFO [403/900] 87c02a43-97da-4b66-b5a8-47af48294e8f: 22 groups; 1.4 s; peak memory 1277 MiB.
2026-10-09T18:40:09Z INFO [404/900] 87c11bbf-097a-4f45-8048-3db4fee2e6b0: 32 groups; 1.8 s; peak memory 1277 MiB.
2026-10-09T18:40:10Z INFO [405/900] 87c17691-072b-4b22-a387-09b3f9a37dd0: 22 groups; 1.0 s; peak memory 1277 MiB.
2026-10-09T18:40:12Z INFO [406/900] 87c32be7-8e2c-478d-8d9b-9ef30a4f3d8f: 35 groups; 2.0 s; peak memory 1277 MiB.
2026-10-09T18:40:14Z INFO [407/900] 87c33f0e-5068-48db-b1e4-038071aa58ea: 20 groups; 1.5 s; peak memory 1277 MiB.
2026-10-09T18:40:15Z INFO [408/900] 87c3d916-5314-41c7-a6a2-677e9984721c: 22 groups; 1.3 s; peak memory 1277 MiB.
2026-10-09T18:40:16Z INFO [409/900] 87c42f78-4d21-49da-84bb-e1e61dc1e898: 22 groups; 1.3 s; peak memory 1277 MiB.
2026-10-09T18:40:18Z INFO [410/900] 87c47ea3-1138-4fe8-ad61-159d8f525e92: 22 groups; 1.4 s; peak memory 1277 MiB.
2026-10-09T18:40:20Z INFO [411/900] 87c56314-9525-4a0a-b3e1-10e5056386ae: 33 groups; 2.0 s; peak memory 1277 MiB.
2026-10-09T18:40:21Z INFO [412/900] 87c6f9b8-4c81-44de-aa9f-3aefe311dc67: 32 groups; 1.6 s; peak memory 1277 MiB.
2026-10-09T18:40:23Z INFO [413/900] 87c7d79c-9de0-4086-bd91-0c2853bfbd55: 25 groups; 1.9 s; peak memory 1277 MiB.
2026-10-09T18:40:25Z INFO [414/900] 87c8101a-e548-4cee-959c-ef2be83b054f: 33 groups; 1.7 s; peak memory 1277 MiB.
2026-10-09T18:40:31Z INFO [415/900] 87c81e29-c557-4b22-a874-adf1ac86da67: 17 groups; 5.8 s; peak memory 1277 MiB.
2026-10-09T18:40:33Z INFO [416/900] 87c86d08-e04c-4b2c-a147-f2898d334e4f: 54 groups; 2.7 s; peak memory 1277 MiB.
2026-10-09T18:40:35Z INFO [417/900] 87c92916-835f-4025-a35d-03b47e323cc8: 32 groups; 1.6 s; peak memory 1277 MiB.
2026-10-09T18:40:37Z INFO [418/900] 87ca08ac-d3f1-4b66-ae5a-b55c7451569d: 35 groups; 2.1 s; peak memory 1277 MiB.
2026-10-09T18:40:39Z INFO [419/900] 87ca276f-92ac-4a8c-969a-9a4ec582a9cd: 203 groups; 1.8 s; peak memory 1277 MiB.
2026-10-09T18:40:42Z INFO [420/900] 87ca41d4-bfa3-4066-8dbe-9ad91097dce8: 48 groups; 3.2 s; peak memory 1277 MiB.
2026-10-09T18:40:44Z INFO [421/900] 87caa121-852b-4ff5-b045-3776058ddf75: 32 groups; 1.6 s; peak memory 1277 MiB.
2026-10-09T18:40:45Z INFO [422/900] 87cb0e9a-d498-4e9f-a011-38f5eaf029cd: 22 groups; 1.1 s; peak memory 1277 MiB.
2026-10-09T18:40:46Z INFO [423/900] 87cb63d8-ebbd-43a7-b3b2-cbc9d8529580: 32 groups; 1.8 s; peak memory 1277 MiB.
2026-10-09T18:40:48Z INFO [424/900] 87cc241f-ec41-43c9-b16e-5775b1f3fe37: 30 groups; 1.1 s; peak memory 1277 MiB.
2026-10-09T18:40:51Z INFO [425/900] 87cc98f3-b8db-46bd-9e47-272f78c112e9: 48 groups; 3.1 s; peak memory 1277 MiB.
2026-10-09T18:40:52Z INFO [426/900] 87ccf9a7-ac85-4009-819b-8434954acb05: 33 groups; 1.8 s; peak memory 1277 MiB.
2026-10-09T18:40:54Z INFO [427/900] 87cd41cb-d0a8-411b-b900-067bb6bed5c5: 36 groups; 1.8 s; peak memory 1277 MiB.
2026-10-09T18:41:22Z INFO [428/900] 87cd60f2-069d-469a-9fa2-a4803cc8195d: 228 groups; 28.0 s; peak memory 1277 MiB.
2026-10-09T18:41:24Z INFO [429/900] 87cd997f-7029-440f-b2bf-66cf5cb15da8: 194 groups; 1.6 s; peak memory 1277 MiB.
2026-10-09T18:41:25Z INFO [430/900] 87ce087d-7d0a-4b7b-944d-04fb70a9232c: 25 groups; 1.6 s; peak memory 1277 MiB.
2026-10-09T18:41:27Z INFO [431/900] 87cf2fe6-3b6a-4b22-9939-9b1afd42a8a5: 22 groups; 1.3 s; peak memory 1277 MiB.
2026-10-09T18:41:28Z INFO [432/900] 87cf3b27-b1de-42c1-87ea-e782c9d9c4db: 28 groups; 1.1 s; peak memory 1277 MiB.
2026-10-09T18:41:29Z INFO [433/900] 87cf87c9-02e0-4bab-bc2d-73194d387253: 22 groups; 1.4 s; peak memory 1277 MiB.
2026-10-09T18:41:31Z INFO [434/900] 87cfb9cd-b8df-4c00-81f6-e86add088c78: 33 groups; 1.6 s; peak memory 1277 MiB.
2026-10-09T18:41:33Z INFO [435/900] 87cfd715-f449-4dcd-837f-7d3ae30a2d55: 196 groups; 1.9 s; peak memory 1277 MiB.
2026-10-09T18:41:34Z INFO [436/900] 87cff279-0ec1-4237-b68a-503370fb1663: 22 groups; 1.4 s; peak memory 1277 MiB.
2026-10-09T18:41:35Z INFO [437/900] 87d0b6fa-48c0-4e8e-88b9-c973e9c78c3b: 22 groups; 1.4 s; peak memory 1277 MiB.
2026-10-09T18:41:37Z INFO [438/900] 87d0e55a-a31b-4dc3-b1b6-c506487dd355: 22 groups; 1.3 s; peak memory 1277 MiB.
2026-10-09T18:41:38Z INFO [439/900] 87d14076-ed4d-4149-9783-ad37ebacbd83: 22 groups; 1.3 s; peak memory 1277 MiB.
2026-10-09T18:41:40Z INFO [440/900] 87d18f1e-c7d9-45cc-8994-317294413bde: 49 groups; 2.1 s; peak memory 1277 MiB.
2026-10-09T18:41:42Z INFO [441/900] 87d192d2-72d4-4588-a8e8-07c90d9aca00: 35 groups; 1.8 s; peak memory 1277 MiB.
2026-10-09T18:41:44Z INFO [442/900] 87d1a2bd-0f68-42bc-aa32-3387f21828b0: 28 groups; 1.7 s; peak memory 1277 MiB.
2026-10-09T19:04:24Z INFO [443/900] 87d20f6d-5177-432f-b6c7-471dc5da13b2: 29 groups; 1359.9 s; peak memory 1277 MiB.
2026-10-09T19:04:26Z INFO [444/900] 87d2683f-1b6b-480b-994e-4872b79f6c21: 203 groups; 2.0 s; peak memory 1277 MiB.
2026-10-09T19:04:28Z INFO [445/900] 87d2e1f2-d327-4b7a-84e4-492078caa332: 35 groups; 2.1 s; peak memory 1277 MiB.
2026-10-09T19:04:30Z INFO [446/900] 87d37c7d-4089-4bae-bbec-a3455885a0f0: 196 groups; 1.8 s; peak memory 1277 MiB.
2026-10-09T19:04:32Z INFO [447/900] 87d6dc73-0e30-4da0-b635-2ae802d5c2b2: 35 groups; 2.2 s; peak memory 1277 MiB.
2026-10-09T19:04:33Z INFO [448/900] 87d7327f-f029-41cd-b1ef-89c74ce685b3: 25 groups; 1.4 s; peak memory 1277 MiB.
2026-10-09T19:04:34Z INFO [449/900] 87d7bfb7-dffb-4ef0-bdd6-a3dd37cd9e47: 24 groups; 1.2 s; peak memory 1277 MiB.
2026-10-09T19:04:36Z INFO [450/900] 87d86921-d6f2-4e8d-9640-be2068c06ce7: 22 groups; 1.3 s; peak memory 1277 MiB.
2026-10-09T19:04:36Z INFO [450/900] 87d86921-d6f2-4e8d-9640-be2068c06ce7: checkpointed 112486 new records.
2026-10-09T19:04:51Z INFO [451/900] 87d8b68f-dfad-4933-8a48-90c93bfad612: 174 groups; 14.7 s; peak memory 1277 MiB.
2026-10-09T19:04:52Z INFO [452/900] 87d8d2c5-c621-4da7-9273-5d1bf7a93716: 22 groups; 1.3 s; peak memory 1277 MiB.
2026-10-09T19:04:54Z INFO [453/900] 87d955dd-1089-47c7-8dbf-522f9c5c4220: 22 groups; 1.5 s; peak memory 1277 MiB.
2026-10-09T19:04:59Z INFO [454/900] 87d9918d-2577-47fc-b1b9-1c7a6864f875: 119 groups; 5.1 s; peak memory 1277 MiB.
2026-10-09T19:05:00Z INFO [455/900] 87da3620-0b6a-411a-b47c-8d04efd058b7: 32 groups; 1.6 s; peak memory 1277 MiB.
2026-10-09T19:05:03Z INFO [456/900] 87da8a63-eb74-49e5-8c44-a972862dff02: 35 groups; 2.3 s; peak memory 1277 MiB.
2026-10-09T19:05:04Z INFO [457/900] 87dc653e-87d0-4b4d-804b-fc10453a9283: 32 groups; 1.7 s; peak memory 1277 MiB.
2026-10-09T19:05:06Z INFO [458/900] 87dd93c1-b705-4f09-9bd0-a7b8b8a3e148: 32 groups; 1.8 s; peak memory 1277 MiB.
2026-10-09T19:05:08Z INFO [459/900] 87ddc116-7c98-4457-ba3d-19e9bd7ff036: 34 groups; 2.0 s; peak memory 1277 MiB.
2026-10-09T19:05:09Z INFO [460/900] 87de302f-c218-4920-a104-406dcf470bb1: 28 groups; 1.3 s; peak memory 1277 MiB.
2026-10-09T19:05:11Z INFO [461/900] 87de8728-5754-46c8-9a19-aacadb435f62: 22 groups; 1.2 s; peak memory 1277 MiB.
2026-10-09T19:05:13Z INFO [462/900] 87dedff7-02a6-4954-a0ea-74144a2fb12d: 47 groups; 2.7 s; peak memory 1277 MiB.
2026-10-09T19:05:17Z INFO [463/900] 87df0cdc-dc4e-454a-ada9-386ce92627f8: 50 groups; 3.7 s; peak memory 1277 MiB.
2026-10-09T19:05:18Z INFO [464/900] 87dfb85f-c780-4bcb-9528-c297d0f6f71b: 28 groups; 1.2 s; peak memory 1277 MiB.
2026-10-09T19:05:20Z INFO [465/900] 87dfd86f-e4b3-437d-95fb-55f747df760c: 25 groups; 1.5 s; peak memory 1277 MiB.
2026-10-09T19:05:26Z INFO [466/900] 87e041ac-f15e-429f-b35c-8368a9557545: 78 groups; 6.3 s; peak memory 1277 MiB.
2026-10-09T19:05:47Z INFO [467/900] 87e0594f-e2e1-4c17-8bfb-3a8e728266c0: 27 groups; 21.2 s; peak memory 1277 MiB.
2026-10-09T19:05:49Z INFO [468/900] 87e06944-bfdc-4406-9d49-3131a0154b7d: 22 groups; 1.4 s; peak memory 1277 MiB.
2026-10-09T19:06:19Z INFO [469/900] 87e0c867-56ea-4e05-8118-c3b10eb42603: 23 groups; 29.9 s; peak memory 1277 MiB.
2026-10-09T19:06:23Z INFO [470/900] 87e12202-4dcb-4fb1-82d5-9eb9a96ad74b: 56 groups; 4.2 s; peak memory 1277 MiB.
2026-10-09T19:06:24Z INFO [471/900] 87e1341a-9f03-4273-b412-86d0aa763d93: 22 groups; 1.2 s; peak memory 1277 MiB.
2026-10-09T19:06:29Z INFO [472/900] 87e35a8e-ceae-4da0-bf38-69320c4d5eb1: 47 groups; 4.6 s; peak memory 1277 MiB.
2026-10-09T19:06:30Z INFO [473/900] 87e379a8-ec65-45bd-9fe0-721c29842039: 19 groups; 1.3 s; peak memory 1277 MiB.
2026-10-09T19:06:31Z INFO [474/900] 87e456b5-9fab-443a-b234-35d3395d2beb: 22 groups; 1.4 s; peak memory 1277 MiB.
2026-10-09T19:06:33Z INFO [475/900] 87e4a707-10fa-4472-a43e-c7f6e19549b7: 22 groups; 1.3 s; peak memory 1277 MiB.
2026-10-09T19:06:34Z INFO [476/900] 87e4b8fe-0118-40a0-ab9a-9b3aec89f218: 22 groups; 1.3 s; peak memory 1277 MiB.
2026-10-09T19:06:35Z INFO [477/900] 87e56598-ccd8-405b-bc6c-16eb55f20c88: 22 groups; 1.5 s; peak memory 1277 MiB.
2026-10-09T19:06:37Z INFO [478/900] 87e688f3-3b50-4bcf-9831-63f93073b36b: 25 groups; 1.5 s; peak memory 1277 MiB.
2026-10-09T19:06:47Z INFO [479/900] 87e814fc-e42e-493c-ae73-691c8dcc4d18: 50 groups; 10.2 s; peak memory 1277 MiB.
2026-10-09T19:06:56Z INFO [480/900] 87e8e50d-05c1-49d9-b16f-13cc54859214: 34 groups; 9.0 s; peak memory 1277 MiB.
2026-10-09T19:07:04Z INFO [481/900] 87e90dfc-5930-4c76-9ae2-f9a55cf17686: 73 groups; 7.7 s; peak memory 1277 MiB.
2026-10-09T19:07:05Z INFO [482/900] 87e96e90-1db5-40dd-9fb1-56c86da9643c: 25 groups; 1.3 s; peak memory 1277 MiB.
2026-10-09T19:07:07Z INFO [483/900] 87e9f77a-f810-46ea-87db-1aa58076b8bf: 32 groups; 1.8 s; peak memory 1277 MiB.
2026-10-09T19:07:09Z INFO [484/900] 87eaa972-a667-4232-9410-489c56b5d129: 31 groups; 1.9 s; peak memory 1277 MiB.
2026-10-09T19:07:11Z INFO [485/900] 87ead08a-5abe-4bda-9143-ebc033c7b604: 256 groups; 1.7 s; peak memory 1277 MiB.
2026-10-09T19:07:12Z INFO [486/900] 87eb34a0-a37c-4cbf-bded-95488507f065: 67 groups; 1.8 s; peak memory 1277 MiB.
2026-10-09T19:07:14Z INFO [487/900] 87eb9064-57e9-4bfe-955f-c422c2612fb8: 22 groups; 1.3 s; peak memory 1277 MiB.
2026-10-09T19:07:16Z INFO [488/900] 87ebbd34-f317-4852-8441-56fe19c83d89: 35 groups; 2.0 s; peak memory 1277 MiB.
2026-10-09T19:07:17Z INFO [489/900] 87eca891-6f55-42e7-97e7-5beb1308b50c: 35 groups; 1.6 s; peak memory 1277 MiB.
2026-10-09T19:07:18Z INFO [490/900] 87ed90ce-44d6-4c92-84dc-93dc1fea808e: 22 groups; 1.4 s; peak memory 1277 MiB.
2026-10-09T19:07:20Z INFO [491/900] 87ee2c78-3058-409e-ad21-b23195d817e6: 26 groups; 1.1 s; peak memory 1277 MiB.
2026-10-09T19:07:21Z INFO [492/900] 87ee3b0b-9fd6-48dd-ad42-2d948f4adf9d: 33 groups; 1.9 s; peak memory 1277 MiB.
2026-10-09T19:07:23Z INFO [493/900] 87ee671b-d49b-4676-ad24-4803bf85ab99: 22 groups; 1.3 s; peak memory 1277 MiB.
2026-10-09T19:18:42Z INFO [494/900] 87eebad0-ea5e-4210-8e80-29f20298d213: 46 groups; 679.5 s; peak memory 1277 MiB.
2026-10-09T19:18:44Z INFO [495/900] 87eebfec-847a-4b35-a748-782669d8e0ec: 28 groups; 1.3 s; peak memory 1277 MiB.
2026-10-09T19:18:45Z INFO [496/900] 87ef3115-f9d4-4e20-aa73-39cebb8f118e: 32 groups; 1.7 s; peak memory 1277 MiB.
2026-10-09T19:18:58Z INFO [497/900] 87ef84b5-9671-4bd9-8527-a4dbb46dec17: 89 groups; 13.1 s; peak memory 1277 MiB.
2026-10-09T19:19:00Z INFO [498/900] 87f00925-b886-4dea-91f1-ee1e1758db4b: 32 groups; 1.7 s; peak memory 1277 MiB.
2026-10-09T19:19:02Z INFO [499/900] 87f03d1a-8c21-4048-b293-c2463a6a1f26: 34 groups; 2.0 s; peak memory 1277 MiB.
2026-10-09T19:19:13Z INFO [500/900] 87f0c74c-9fee-4162-be11-c46aad26480c: 82 groups; 10.5 s; peak memory 1277 MiB.
2026-10-09T19:19:13Z INFO [500/900] 87f0c74c-9fee-4162-be11-c46aad26480c: checkpointed 112536 new records.
2026-10-09T19:19:27Z INFO [501/900] 87f1723f-e574-4258-8cda-b5b11afd1aee: 230 groups; 14.3 s; peak memory 1277 MiB.
2026-10-09T19:19:29Z INFO [502/900] 87f244dc-088f-405b-97dc-cf903dd1ce19: 32 groups; 1.6 s; peak memory 1277 MiB.
2026-10-09T19:22:10Z INFO [503/900] 87f2e86a-b95f-45bb-b8fd-b8aeed465ba0: 60 groups; 161.3 s; peak memory 1277 MiB.
2026-10-09T19:22:12Z INFO [504/900] 87f3969a-b308-442a-a9a9-84dc95edf978: 32 groups; 1.9 s; peak memory 1277 MiB.
2026-10-09T19:22:17Z INFO [505/900] 87f42b2a-c0a6-4519-82b3-93f90d52cb6d: 34 groups; 5.1 s; peak memory 1277 MiB.
2026-10-09T19:22:28Z INFO [506/900] 87f4ed54-a60b-417b-a762-d5f35d2bd080: 129 groups; 10.6 s; peak memory 1277 MiB.
2026-10-09T19:22:29Z INFO [507/900] 87f533bc-9dba-4438-986d-cab7fa34e403: 22 groups; 1.4 s; peak memory 1277 MiB.
2026-10-09T19:23:24Z INFO [508/900] 87f5a397-6ae4-4a46-be8e-765d99e04578: 27 groups; 54.9 s; peak memory 1277 MiB.
2026-10-09T19:23:37Z INFO [509/900] 87f6c0ab-d32a-4e31-bd40-0f5b8259f53b: 421 groups; 13.2 s; peak memory 1277 MiB.
2026-10-09T19:23:53Z INFO [510/900] 87f7cb63-21c2-45c9-88a2-0ac9ffc10c64: 200 groups; 15.3 s; peak memory 1277 MiB.
2026-10-09T19:23:54Z INFO [511/900] 87f80468-cabb-4c16-a587-b650eeac68eb: 31 groups; 1.2 s; peak memory 1277 MiB.
2026-10-09T19:23:56Z INFO [512/900] 87f806c2-bbdc-4968-bcda-852e590fdf59: 337 groups; 2.1 s; peak memory 1277 MiB.
2026-10-09T19:24:02Z INFO [513/900] 87f83d9e-612c-4e65-95f6-a998f0c25981: 73 groups; 6.5 s; peak memory 1277 MiB.
2026-10-09T19:24:04Z INFO [514/900] 87f92456-19dd-4271-88f4-206e84ac95d6: 17 groups; 1.3 s; peak memory 1277 MiB.
2026-10-09T19:24:07Z INFO [515/900] 87f9e3a9-c63c-496c-a8ea-84b88ca4a966: 39 groups; 3.9 s; peak memory 1277 MiB.
2026-10-09T19:24:15Z INFO [516/900] 87fa23ed-a1ae-4177-a6db-eebd3e9007ce: 120 groups; 7.3 s; peak memory 1277 MiB.
2026-10-09T19:24:17Z INFO [517/900] 87fa78be-3d85-4d61-9e46-588f52f26cd4: 202 groups; 1.9 s; peak memory 1277 MiB.
2026-10-09T19:24:18Z INFO [518/900] 87fd8f3b-bf0f-4c94-83a2-a86a3940d51a: 43 groups; 1.1 s; peak memory 1277 MiB.
2026-10-09T19:24:19Z INFO [519/900] 87fdd55d-2182-4259-b4c7-ab3148c6143c: 17 groups; 1.2 s; peak memory 1277 MiB.
2026-10-09T19:24:22Z INFO [520/900] 87fdf428-ebbd-4376-85b5-341f14f18593: 575 groups; 2.5 s; peak memory 1277 MiB.
2026-10-09T19:24:38Z INFO [521/900] 87fe13f3-8878-4e34-9067-e2cbf9a28aeb: 43 groups; 16.7 s; peak memory 1277 MiB.
2026-10-09T19:24:40Z INFO [522/900] 87fe29be-9e34-4551-9d8d-9b89fca28db7: 22 groups; 1.3 s; peak memory 1277 MiB.
2026-10-09T19:24:41Z INFO [523/900] 87fe48d4-90f9-439c-9bcf-3dc17599ab2c: 18 groups; 1.1 s; peak memory 1277 MiB.
2026-10-09T19:24:42Z INFO [524/900] 87ff45e1-17d3-4691-95b8-761e44912970: 32 groups; 1.5 s; peak memory 1277 MiB.
2026-10-09T19:25:01Z INFO [525/900] 87fff6de-a81b-4532-aea8-237515524055: 155 groups; 18.5 s; peak memory 1277 MiB.
2026-10-09T19:25:06Z INFO [526/900] 88006736-eca7-4fc7-82a6-21c71333750d: 66 groups; 5.0 s; peak memory 1277 MiB.
2026-10-09T19:25:07Z INFO [527/900] 880079ce-ef77-4d4c-97c3-5186d74b58b8: 22 groups; 1.3 s; peak memory 1277 MiB.
2026-10-09T19:25:08Z INFO [528/900] 88022cf4-f95a-4c9d-9b92-64c17f7f5cfe: 22 groups; 1.4 s; peak memory 1277 MiB.
2026-10-09T19:25:17Z INFO [529/900] 88038f2d-7393-4882-81c7-1ebb733213e0: 188 groups; 8.5 s; peak memory 1277 MiB.
2026-10-09T19:25:19Z INFO [530/900] 8803fb24-3b4d-45fe-824f-aae450eae4ac: 104 groups; 1.9 s; peak memory 1277 MiB.
2026-10-09T19:28:07Z INFO [531/900] 88040aef-16fb-4f15-8fdc-c397b1a4252a: 71 groups; 167.6 s; peak memory 1277 MiB.
2026-10-09T19:28:08Z INFO [532/900] 88041bae-aaaf-42b5-9d75-6c5b1eb7a25e: 22 groups; 1.4 s; peak memory 1277 MiB.
2026-10-09T19:28:10Z INFO [533/900] 8804b611-c6a8-4fb3-91a9-19b101e126ff: 32 groups; 1.6 s; peak memory 1277 MiB.
2026-10-09T19:29:02Z INFO [534/900] 8804f014-b7b9-484e-85d0-8e428e1421fa: 27 groups; 52.8 s; peak memory 1277 MiB.
2026-10-09T19:29:04Z INFO [535/900] 880549a1-bb0a-49bc-ac9a-7da23ff24645: 35 groups; 1.8 s; peak memory 1277 MiB.
2026-10-09T19:29:06Z INFO [536/900] 8805dbcb-19f0-43e6-b0f1-7da0e1d14edf: 25 groups; 1.5 s; peak memory 1277 MiB.
2026-10-09T19:29:07Z INFO [537/900] 88061514-7317-441f-b94a-0b2c4541a9e9: 22 groups; 1.5 s; peak memory 1277 MiB.
2026-10-09T19:29:13Z INFO [538/900] 88064fa5-a7b5-42fa-a657-f1ce4e0701ac: 73 groups; 5.7 s; peak memory 1277 MiB.
2026-10-09T19:29:16Z INFO [539/900] 88068ba3-c4b3-4470-9547-12d512bffa9d: 17 groups; 2.9 s; peak memory 1277 MiB.
2026-10-09T19:29:17Z INFO [540/900] 88072bbd-8bd1-4c14-aead-c30881bdf3a6: 33 groups; 1.5 s; peak memory 1277 MiB.
2026-10-09T19:29:25Z INFO [541/900] 8807e1df-c08c-4649-9c36-8f540f232abf: 189 groups; 8.0 s; peak memory 1277 MiB.
2026-10-09T19:33:56Z INFO [542/900] 88088101-96d4-4849-a628-7e3a597972dd: 30 groups; 271.2 s; peak memory 1277 MiB.
2026-10-09T19:33:58Z INFO [543/900] 8809c9a3-b3f4-4845-8839-6fb16ea26803: 22 groups; 1.4 s; peak memory 1277 MiB.
2026-10-09T19:34:03Z INFO [544/900] 880ad32f-0472-460d-9751-6bb2b6e1d263: 17 groups; 5.2 s; peak memory 1277 MiB.
2026-10-09T19:34:05Z INFO [545/900] 880b369e-2a3b-418f-96e3-3ded696a285d: 195 groups; 2.1 s; peak memory 1277 MiB.
2026-10-09T19:34:07Z INFO [546/900] 880c4c53-8f19-4219-9326-8474f67e75ce: 32 groups; 1.6 s; peak memory 1277 MiB.
2026-10-09T19:34:11Z INFO [547/900] 880c9581-9198-4bbb-9236-5eba00966c20: 62 groups; 4.7 s; peak memory 1277 MiB.
2026-10-09T19:34:13Z INFO [548/900] 880ccaf5-9f7e-47e0-bdf6-3535ca006e07: 25 groups; 1.5 s; peak memory 1277 MiB.
2026-10-09T19:34:22Z INFO [549/900] 880d19f9-d3fb-4181-83db-85c850774d5f: 70 groups; 9.3 s; peak memory 1277 MiB.
2026-10-09T19:34:23Z INFO [550/900] 880d511d-1126-40fc-805e-ee5e8cc1eb73: 16 groups; 1.0 s; peak memory 1277 MiB.
2026-10-09T19:34:23Z INFO [550/900] 880d511d-1126-40fc-805e-ee5e8cc1eb73: checkpointed 112586 new records.
2026-10-09T19:34:25Z INFO [551/900] 880d5fa2-1f10-4cc8-80f9-79328a45f26c: 32 groups; 1.5 s; peak memory 1277 MiB.
2026-10-09T19:34:26Z INFO [552/900] 880e1bc6-dfbc-4bfd-bec2-7cf9cc9b3045: 17 groups; 1.2 s; peak memory 1277 MiB.
2026-10-09T19:34:28Z INFO [553/900] 880fc2f9-1615-4bef-8ec5-8211199535f7: 35 groups; 1.8 s; peak memory 1277 MiB.
2026-10-09T19:34:30Z INFO [554/900] 8811647c-ea49-4008-927d-0eb485b0eb01: 35 groups; 2.3 s; peak memory 1277 MiB.
2026-10-09T19:34:41Z INFO [555/900] 88123c95-7d8d-4dda-bced-2dcb06150676: 123 groups; 10.7 s; peak memory 1277 MiB.
2026-10-09T19:34:44Z INFO [556/900] 8813ba7e-4698-42d6-b2a6-a2c73ac6e520: 66 groups; 3.0 s; peak memory 1277 MiB.
2026-10-09T19:34:46Z INFO [557/900] 8813c53c-61c9-4884-822a-f5409770ce75: 201 groups; 1.8 s; peak memory 1277 MiB.
2026-10-09T19:34:48Z INFO [558/900] 88143e9f-ee76-4e27-914b-3e841bc36e48: 199 groups; 2.0 s; peak memory 1277 MiB.
2026-10-09T19:34:49Z INFO [559/900] 8814450b-ac7a-4d93-ac9a-e987154b4aff: 22 groups; 1.3 s; peak memory 1277 MiB.
2026-10-09T19:34:51Z INFO [560/900] 88148f47-df09-4135-ae0e-720ce793615a: 35 groups; 1.9 s; peak memory 1277 MiB.
2026-10-09T19:34:54Z INFO [561/900] 8815548a-16c8-4122-b55e-c0ba24b294cd: 201 groups; 3.0 s; peak memory 1277 MiB.
2026-10-09T19:34:55Z INFO [562/900] 88156b5d-ab22-45ae-bef7-d4e98f7413a1: 22 groups; 1.4 s; peak memory 1277 MiB.
2026-10-09T19:34:57Z INFO [563/900] 881591a1-3375-4576-a71a-99d2a63d6763: 22 groups; 1.2 s; peak memory 1277 MiB.
2026-10-09T19:34:58Z INFO [564/900] 8815c955-1cb2-4856-8f30-1313ef709036: 17 groups; 1.2 s; peak memory 1277 MiB.
2026-10-09T19:34:59Z INFO [565/900] 8815cb7e-2fee-45f9-b197-9806baa66d8b: 32 groups; 1.3 s; peak memory 1277 MiB.
2026-10-09T19:35:01Z INFO [566/900] 8816301d-6b63-4be4-9f60-e26a9dab0fff: 35 groups; 1.9 s; peak memory 1277 MiB.
2026-10-09T19:35:08Z INFO [567/900] 881695d0-518e-4b17-bf89-346ded666a61: 144 groups; 7.1 s; peak memory 1277 MiB.
2026-10-09T19:35:10Z INFO [568/900] 8816a22f-29ca-431d-b363-43ded13ab719: 336 groups; 2.1 s; peak memory 1277 MiB.
2026-10-09T19:35:12Z INFO [569/900] 8816a6d4-7fa2-49b8-8077-abe7a8dcf32b: 32 groups; 1.8 s; peak memory 1277 MiB.
2026-10-09T19:35:15Z INFO [570/900] 88173332-eae2-41eb-ad5e-ddfa204f15c5: 43 groups; 2.7 s; peak memory 1277 MiB.
2026-10-09T19:35:16Z INFO [571/900] 881788e0-025a-4f50-9179-2e87fd170961: 28 groups; 1.2 s; peak memory 1277 MiB.
2026-10-09T19:35:18Z INFO [572/900] 8817d1ae-f4de-4410-9383-00b6e5b063c8: 195 groups; 2.0 s; peak memory 1277 MiB.
2026-10-09T19:35:19Z INFO [573/900] 88182888-f1d3-4c8b-8ef3-e1b8518b98c6: 22 groups; 1.4 s; peak memory 1277 MiB.
2026-10-09T19:35:21Z INFO [574/900] 88185329-e328-4c17-b66b-32b4bc2c9c42: 22 groups; 1.4 s; peak memory 1277 MiB.
2026-10-09T19:35:22Z INFO [575/900] 881987e0-c445-4d09-9072-da07e3a39def: 22 groups; 1.5 s; peak memory 1277 MiB.
2026-10-09T19:35:23Z INFO [576/900] 881a29c3-edaf-4c3d-b2ac-fa48ad41c145: 17 groups; 1.2 s; peak memory 1277 MiB.
2026-10-09T19:35:25Z INFO [577/900] 881a4210-4681-4f75-a04b-5bf76571b3f6: 103 groups; 1.7 s; peak memory 1277 MiB.
2026-10-09T19:35:43Z INFO [578/900] 881d56bb-8ec0-4def-8bf1-f03f7ee79d07: 353 groups; 17.5 s; peak memory 1277 MiB.
2026-10-09T19:35:45Z INFO [579/900] 881e6e08-65d0-4def-9b6a-2522973dae03: 26 groups; 2.1 s; peak memory 1277 MiB.
2026-10-09T19:36:38Z INFO [580/900] 881fc1b4-42b3-45f2-a56d-7961d72264b4: 27 groups; 53.4 s; peak memory 1277 MiB.
2026-10-09T19:36:39Z INFO [581/900] 88209b6e-f52e-49f4-b989-952f7911f354: 18 groups; 1.0 s; peak memory 1277 MiB.
2026-10-09T19:36:41Z INFO [582/900] 8820acca-f75c-4088-b0cc-2a32024e62cc: 25 groups; 1.6 s; peak memory 1277 MiB.
2026-10-09T19:36:48Z INFO [583/900] 8820dd11-b898-4bcc-871d-0aa86e6fdb2d: 60 groups; 7.1 s; peak memory 1277 MiB.
2026-10-09T19:36:49Z INFO [584/900] 882106a2-aabd-464c-958d-b1af31b73574: 22 groups; 1.4 s; peak memory 1277 MiB.
2026-10-09T19:36:53Z INFO [585/900] 88215b32-2ec8-4472-a3f1-08bb1424d0be: 47 groups; 3.3 s; peak memory 1277 MiB.
2026-10-09T19:36:56Z INFO [586/900] 8821efa0-bc6d-4875-984c-bc223fa81ad1: 17 groups; 3.0 s; peak memory 1277 MiB.
2026-10-09T19:37:04Z INFO [587/900] 8823e9db-8ca1-494b-bb59-ccf5850ce63f: 189 groups; 8.5 s; peak memory 1277 MiB.
2026-10-09T19:37:06Z INFO [588/900] 88244fd6-46c1-4564-a8f2-6527e87566f6: 22 groups; 1.4 s; peak memory 1277 MiB.
2026-10-09T19:37:13Z INFO [589/900] 88245acb-5b9c-457a-9910-6416ffe5b133: 75 groups; 7.3 s; peak memory 1277 MiB.
2026-10-09T19:37:14Z INFO [590/900] 88247866-3dbc-4e2c-8ec5-eba6b070a6c5: 22 groups; 1.4 s; peak memory 1277 MiB.
2026-10-09T19:37:16Z INFO [591/900] 8825393a-0e44-4baf-8779-607900ac74df: 36 groups; 1.9 s; peak memory 1277 MiB.
2026-10-09T19:39:52Z INFO [592/900] 88253c65-9b20-432b-ab47-76516bb95598: 71 groups; 155.6 s; peak memory 1277 MiB.
2026-10-09T19:39:53Z INFO [593/900] 882576e3-f0a0-4307-b49b-a1da68312221: 22 groups; 1.4 s; peak memory 1277 MiB.
2026-10-09T19:42:27Z INFO [594/900] 8826ea47-d3dd-4a88-969b-1d7c0c394124: 69 groups; 153.7 s; peak memory 1277 MiB.
2026-10-09T19:42:30Z INFO [595/900] 88286e4a-ba64-4d11-abff-dec1507c2fd0: 37 groups; 2.7 s; peak memory 1277 MiB.
2026-10-09T19:42:31Z INFO [596/900] 8828973b-6a55-4b57-a727-e1c7f9018801: 25 groups; 1.7 s; peak memory 1277 MiB.
2026-10-09T19:42:33Z INFO [597/900] 88294328-ce86-412e-af8c-2ef7660a22eb: 22 groups; 1.4 s; peak memory 1277 MiB.
2026-10-09T19:42:34Z INFO [598/900] 8829a61e-f9f8-439e-8f18-3dde604d7d70: 22 groups; 1.3 s; peak memory 1277 MiB.
2026-10-09T19:42:35Z INFO [599/900] 8829b7ba-c9ee-4584-9d2f-1a2b5ebf4cd0: 22 groups; 1.4 s; peak memory 1277 MiB.
2026-10-09T19:42:38Z INFO [600/900] 8829c120-6d9b-49bf-a3a2-0480a078e4dc: 42 groups; 2.6 s; peak memory 1277 MiB.
2026-10-09T19:42:38Z INFO [600/900] 8829c120-6d9b-49bf-a3a2-0480a078e4dc: checkpointed 112636 new records.
2026-10-09T19:42:39Z INFO [601/900] 882aa141-6d0b-4e0c-8ce2-9e3486b432bc: 16 groups; 1.2 s; peak memory 1277 MiB.
2026-10-09T19:42:40Z INFO [602/900] 882b281f-2dc9-426b-b257-216e5de91d29: 16 groups; 1.1 s; peak memory 1277 MiB.
2026-10-09T19:42:42Z INFO [603/900] 882ba129-71b0-4586-ba16-4ae2aa5096b3: 21 groups; 1.7 s; peak memory 1277 MiB.
2026-10-09T19:42:44Z INFO [604/900] 882be44a-943c-484a-ab24-84e8072ef3c5: 35 groups; 1.8 s; peak memory 1277 MiB.
2026-10-09T19:42:45Z INFO [605/900] 882c08df-3bcf-494f-bfa6-f9f424268bdd: 22 groups; 1.3 s; peak memory 1277 MiB.
2026-10-09T19:42:46Z INFO [606/900] 882c5ab6-ca6d-48a7-87ec-8112e1651bfc: 31 groups; 1.1 s; peak memory 1277 MiB.
2026-10-09T19:42:48Z INFO [607/900] 882ca8e8-00bc-48f9-a8d4-f08a43d8f911: 22 groups; 1.4 s; peak memory 1277 MiB.
2026-10-09T19:42:49Z INFO [608/900] 882cc321-1bac-490e-a00a-74ac3f60a0a5: 22 groups; 1.4 s; peak memory 1277 MiB.
2026-10-09T19:42:51Z INFO [609/900] 882d7911-39d2-4fa7-a89a-f122372aab8e: 32 groups; 1.5 s; peak memory 1277 MiB.
2026-10-09T19:42:54Z INFO [610/900] 882e4b35-a334-4fb1-8a33-e877d750606e: 50 groups; 3.8 s; peak memory 1277 MiB.
2026-10-09T19:42:56Z INFO [611/900] 882e7a63-dbbf-4e08-aca3-5faaa1d06c3f: 32 groups; 1.7 s; peak memory 1277 MiB.
2026-10-09T19:42:59Z INFO [612/900] 882ea9c0-21ee-4997-9541-544c1e8f010b: 207 groups; 2.7 s; peak memory 1277 MiB.
2026-10-09T19:43:06Z INFO [613/900] 882ee870-8fa4-4823-b6f3-dbc9b0b76b61: 78 groups; 6.9 s; peak memory 1277 MiB.
2026-10-09T19:43:21Z INFO [614/900] 882f0ad6-c10a-4fb0-87ba-e598627edd20: 163 groups; 14.9 s; peak memory 1277 MiB.
2026-10-09T19:43:22Z INFO [615/900] 882f17f0-811e-4702-bd5b-82eebfb964ed: 32 groups; 1.9 s; peak memory 1277 MiB.
2026-10-09T19:43:24Z INFO [616/900] 882f660c-fe07-4184-811c-a2f2acc844cc: 22 groups; 1.3 s; peak memory 1277 MiB.
2026-10-09T19:43:30Z INFO [617/900] 882fd610-9df1-4f4d-bfc0-e4d099e1d912: 47 groups; 6.3 s; peak memory 1277 MiB.
2026-10-09T19:43:32Z INFO [618/900] 882fe31a-12e6-4dd8-94f4-618491e389af: 196 groups; 1.8 s; peak memory 1277 MiB.
2026-10-09T19:43:33Z INFO [619/900] 883063a7-f2fc-47fa-baef-b605ba8c7d55: 32 groups; 1.5 s; peak memory 1277 MiB.
2026-10-09T19:43:40Z INFO [620/900] 8831e840-1d15-4556-bcfb-aba86dcc394b: 78 groups; 6.0 s; peak memory 1277 MiB.
2026-10-09T19:43:44Z INFO [621/900] 88321480-8942-425d-8593-0049625819e8: 117 groups; 4.6 s; peak memory 1277 MiB.
2026-10-09T19:43:46Z INFO [622/900] 88321b7a-1e70-45b6-bccf-bf4e2147f860: 32 groups; 1.6 s; peak memory 1277 MiB.
2026-10-09T19:43:51Z INFO [623/900] 88329c41-ac3a-4ccb-b1be-cf0df7f57b19: 120 groups; 5.7 s; peak memory 1277 MiB.
2026-10-09T19:43:53Z INFO [624/900] 88340502-a0d2-4923-b8fa-b0c6808ba69b: 28 groups; 1.2 s; peak memory 1277 MiB.
2026-10-09T19:44:10Z INFO [625/900] 88349ccb-6b2b-4aec-aee2-949ba9905703: 353 groups; 17.1 s; peak memory 1277 MiB.
2026-10-09T19:44:11Z INFO [626/900] 88356761-d9db-41d5-a831-689fe7843d99: 22 groups; 1.2 s; peak memory 1277 MiB.
2026-10-09T19:44:16Z INFO [627/900] 88369b30-2f12-4c65-a3ec-d399da9b84c1: 29 groups; 5.0 s; peak memory 1277 MiB.
2026-10-09T19:44:17Z INFO [628/900] 88372429-e211-4264-a449-7695def851a1: 32 groups; 1.5 s; peak memory 1277 MiB.
2026-10-09T19:44:21Z INFO [629/900] 883754a1-aed3-446a-bc9e-afd95918c60c: 48 groups; 3.4 s; peak memory 1277 MiB.
2026-10-09T19:44:22Z INFO [630/900] 8837bc16-4657-4b0b-8031-92192871c9da: 22 groups; 1.3 s; peak memory 1277 MiB.
2026-10-09T19:44:24Z INFO [631/900] 8837c926-ab80-4210-895a-eed74e9c43cd: 35 groups; 2.0 s; peak memory 1277 MiB.
2026-10-09T19:44:50Z INFO [632/900] 88388b16-38fb-44a6-a103-2d59c503e678: 23 groups; 25.4 s; peak memory 1277 MiB.
2026-10-09T19:44:51Z INFO [633/900] 8838bf6f-1b5a-44b1-9fff-d407e1f9f7cd: 22 groups; 1.4 s; peak memory 1277 MiB.
2026-10-09T19:44:53Z INFO [634/900] 88399c97-c063-4b15-976e-9a596ccf538b: 35 groups; 1.7 s; peak memory 1277 MiB.
2026-10-09T19:44:54Z INFO [635/900] 883a6242-bd6f-41fd-a7c5-2aa5d5537f89: 22 groups; 1.4 s; peak memory 1277 MiB.
2026-10-09T19:44:56Z INFO [636/900] 883b13e5-38d2-4861-8878-6edc7e5c61fa: 35 groups; 1.8 s; peak memory 1277 MiB.
2026-10-09T19:44:57Z INFO [637/900] 883c1c98-a149-43a2-acc2-588c80bff736: 22 groups; 1.4 s; peak memory 1277 MiB.
2026-10-09T19:44:59Z INFO [638/900] 883ce157-f7b8-4da1-b653-52a1af630b56: 22 groups; 1.5 s; peak memory 1277 MiB.
2026-10-09T19:45:00Z INFO [639/900] 883dc471-cd24-4ca9-9cb7-5df61ef02315: 253 groups; 1.4 s; peak memory 1277 MiB.
2026-10-09T19:45:02Z INFO [640/900] 883e1408-da1a-4ce5-95a3-8a34564e240b: 22 groups; 1.5 s; peak memory 1277 MiB.
2026-10-09T19:45:26Z INFO [641/900] 883edce7-7f79-4014-ab54-acc4bf44aba7: 2557 groups; 24.3 s; peak memory 1277 MiB.
2026-10-09T19:45:28Z INFO [642/900] 883eee09-0461-4aaa-adda-b17468bf0f7d: 35 groups; 1.9 s; peak memory 1277 MiB.
2026-10-09T19:45:33Z INFO [643/900] 883f3062-9d03-437f-b6fb-f2dd19692de5: 125 groups; 5.5 s; peak memory 1277 MiB.
2026-10-09T19:45:41Z INFO [644/900] 88409e89-ae0d-4de7-8b30-e31404317640: 167 groups; 8.0 s; peak memory 1277 MiB.
2026-10-09T19:47:30Z INFO [645/900] 8841c260-5458-4e53-a982-7c7bdf4ad142: 8361 groups; 108.5 s; peak memory 1277 MiB.
2026-10-09T19:47:31Z INFO [646/900] 8841eca5-c7a2-45c8-81cf-854f0b347b39: 30 groups; 1.2 s; peak memory 1277 MiB.
2026-10-09T19:47:32Z INFO [647/900] 8842f8fc-924c-4428-be97-8a6d9e2e8ac7: 32 groups; 1.5 s; peak memory 1277 MiB.
2026-10-09T19:47:36Z INFO [648/900] 88433e99-fb8e-408e-8614-6ad5275e27d1: 48 groups; 3.3 s; peak memory 1277 MiB.
2026-10-09T19:47:46Z INFO [649/900] 88438b48-2114-4dbb-9998-7c377660ac56: 179 groups; 10.6 s; peak memory 1277 MiB.
2026-10-09T19:47:53Z INFO [650/900] 8843b830-a5e1-4035-97a0-64f14b2173c7: 66 groups; 7.0 s; peak memory 1277 MiB.
2026-10-09T19:47:54Z INFO [650/900] 8843b830-a5e1-4035-97a0-64f14b2173c7: checkpointed 112686 new records.
2026-10-09T19:47:56Z INFO [651/900] 8843f034-45b2-458f-b98f-5173f1db8e6e: 31 groups; 2.1 s; peak memory 1277 MiB.
2026-10-09T19:47:57Z INFO [652/900] 884418f7-948a-4625-9f72-d434333a4de8: 28 groups; 1.6 s; peak memory 1277 MiB.
2026-10-09T19:47:59Z INFO [653/900] 8844e178-1772-47c7-ac4f-d01dfcefb77a: 251 groups; 1.4 s; peak memory 1277 MiB.
2026-10-09T19:48:17Z INFO [654/900] 884557d8-e5af-4580-bff5-fad327bde5f2: 27 groups; 17.9 s; peak memory 1277 MiB.
2026-10-09T19:48:18Z INFO [655/900] 8845f9e2-11f7-4f2e-bdce-63b07957f4a6: 35 groups; 1.8 s; peak memory 1277 MiB.
2026-10-09T19:48:20Z INFO [656/900] 8846b93a-4ee2-4dc7-8db0-d534199e275b: 17 groups; 1.1 s; peak memory 1277 MiB.
2026-10-09T19:48:21Z INFO [657/900] 8846b99b-34ec-41bf-ad79-82ba98bb7f00: 36 groups; 1.9 s; peak memory 1277 MiB.
2026-10-09T19:48:23Z INFO [658/900] 88472068-c124-47b1-acc8-9cb4c2ca3388: 22 groups; 1.4 s; peak memory 1277 MiB.
2026-10-09T19:48:24Z INFO [659/900] 884801b4-63ae-48e7-82df-4cd33669a9d0: 22 groups; 1.4 s; peak memory 1277 MiB.
2026-10-09T19:48:26Z INFO [660/900] 884807db-8009-40b9-ad09-03b5d9f50fd8: 35 groups; 1.7 s; peak memory 1277 MiB.
2026-10-09T19:48:50Z INFO [661/900] 884a09ee-f159-4204-9eb6-5124039ca1f0: 270 groups; 23.8 s; peak memory 1277 MiB.
2026-10-09T19:48:54Z INFO [662/900] 884a535b-1bb1-4e71-8922-87601bbb7696: 50 groups; 4.1 s; peak memory 1277 MiB.
2026-10-09T19:48:55Z INFO [663/900] 884a8fbc-fe9c-4f2b-8caf-83253542e418: 32 groups; 1.7 s; peak memory 1277 MiB.
2026-10-09T19:48:57Z INFO [664/900] 884ace57-aa98-4af1-8734-19ef2bc20d7c: 30 groups; 1.1 s; peak memory 1277 MiB.
2026-10-09T19:49:04Z INFO [665/900] 884b49ad-024d-44be-a2ff-e11bff3e27e5: 47 groups; 7.1 s; peak memory 1277 MiB.
2026-10-09T19:49:08Z INFO [666/900] 884b6416-868e-4712-ab66-41d60a32cadc: 50 groups; 3.9 s; peak memory 1277 MiB.
2026-10-09T19:49:09Z INFO [667/900] 884bf988-39a8-45c6-86bf-40f6b1fefd65: 32 groups; 1.7 s; peak memory 1277 MiB.
2026-10-09T19:49:17Z INFO [668/900] 884c24a8-d15d-4168-a2c5-b4d371ea6b4d: 120 groups; 7.5 s; peak memory 1277 MiB.
2026-10-09T19:49:20Z INFO [669/900] 884c3431-ab7b-469d-b52f-4db5cdbe44f0: 57 groups; 3.1 s; peak memory 1277 MiB.
2026-10-09T19:49:26Z INFO [670/900] 884ca76f-eacb-40d2-8400-7d9c7c0cdfc6: 78 groups; 6.1 s; peak memory 1277 MiB.
2026-10-09T19:49:27Z INFO [671/900] 884cacb1-0931-41d0-85aa-03f8cfec0f8d: 22 groups; 1.3 s; peak memory 1277 MiB.
2026-10-09T19:49:33Z INFO [672/900] 884dda43-1269-4f22-9bcf-5fe683413e51: 132 groups; 6.0 s; peak memory 1277 MiB.
2026-10-09T19:49:35Z INFO [673/900] 884e0afd-f999-48c0-9514-43c7dd87f838: 22 groups; 1.3 s; peak memory 1277 MiB.
2026-10-09T19:49:36Z INFO [674/900] 884e1a40-0c1d-4fd1-b69a-d791890a6293: 32 groups; 1.7 s; peak memory 1277 MiB.
2026-10-09T19:49:38Z INFO [675/900] 884e37f3-31ba-4172-8735-dbaddd8fae6d: 22 groups; 1.3 s; peak memory 1277 MiB.
2026-10-09T19:49:39Z INFO [676/900] 884f986a-bc41-4d5f-89f4-ee4b94b41512: 22 groups; 1.3 s; peak memory 1277 MiB.
2026-10-09T19:49:40Z INFO [677/900] 88508844-031c-4990-ac3f-c2638512b56f: 32 groups; 1.5 s; peak memory 1277 MiB.
2026-10-09T19:49:55Z INFO [678/900] 88529991-c27b-4510-8f5d-d3598f14415b: 244 groups; 15.2 s; peak memory 1277 MiB.
2026-10-09T19:50:02Z INFO [679/900] 8852d232-d27e-4cea-8087-5ac1bf54b0a0: 105 groups; 6.3 s; peak memory 1277 MiB.
2026-10-09T19:50:03Z INFO [680/900] 8853263b-453b-4c01-a76d-795252ee7969: 252 groups; 1.6 s; peak memory 1277 MiB.
2026-10-09T19:50:11Z INFO [681/900] 8854aa71-40b2-4730-a98e-b6b763ca6f41: 181 groups; 7.6 s; peak memory 1277 MiB.
2026-10-09T19:50:12Z INFO [682/900] 8855547c-ba08-4174-b732-94d4a0caef62: 16 groups; 1.0 s; peak memory 1277 MiB.
2026-10-09T19:50:14Z INFO [683/900] 8857789f-ebfe-4d7c-bc58-d9969deea589: 35 groups; 1.9 s; peak memory 1277 MiB.
2026-10-09T19:50:16Z INFO [684/900] 8857e54d-9a5d-40d4-aeb8-966c92e8109a: 33 groups; 1.8 s; peak memory 1277 MiB.
2026-10-09T19:50:17Z INFO [685/900] 885827c2-bee9-4c1c-89b1-77d6ae4cc064: 35 groups; 1.8 s; peak memory 1277 MiB.
2026-10-09T19:50:19Z INFO [686/900] 8858d244-e61a-40f4-9fe6-d4b8791e1d20: 33 groups; 1.9 s; peak memory 1277 MiB.
2026-10-09T19:50:21Z INFO [687/900] 88590dfd-f059-420e-a290-693ddbcc9694: 22 groups; 1.4 s; peak memory 1277 MiB.
2026-10-09T19:50:32Z INFO [688/900] 8859615b-d072-4ddd-b9ff-698a91861849: 191 groups; 11.3 s; peak memory 1277 MiB.
2026-10-09T19:50:33Z INFO [689/900] 8859c5e0-a870-4f25-a6f5-d06ea80d8a59: 22 groups; 1.2 s; peak memory 1277 MiB.
2026-10-09T19:50:35Z INFO [690/900] 885a581c-e8d5-427d-84e7-c106f6d99baf: 199 groups; 2.2 s; peak memory 1277 MiB.
2026-10-09T19:50:37Z INFO [691/900] 885ad756-928a-44b6-9d9c-3d246dc91269: 22 groups; 1.5 s; peak memory 1277 MiB.
2026-10-09T19:50:39Z INFO [692/900] 885c23ac-478e-4ae9-a1c1-92236249509e: 28 groups; 1.7 s; peak memory 1277 MiB.
2026-10-09T19:50:47Z INFO [693/900] 885c493d-f6c3-4d71-9d3a-8027bb5a57b2: 67 groups; 8.0 s; peak memory 1277 MiB.
2026-10-09T19:50:49Z INFO [694/900] 885cb0a3-add6-44ad-b2bd-c26e5c6e1d4b: 206 groups; 2.3 s; peak memory 1277 MiB.
2026-10-09T19:51:45Z INFO [695/900] 885d46e1-ec15-4107-9c39-8946cf5e26e3: 26 groups; 56.2 s; peak memory 1277 MiB.
2026-10-09T19:51:47Z INFO [696/900] 885ebd77-cf11-4b81-be28-09fb7fadd469: 22 groups; 1.3 s; peak memory 1277 MiB.
2026-10-09T19:51:49Z INFO [697/900] 885ee208-24b2-4c15-94de-bf9ecf7ce227: 194 groups; 2.0 s; peak memory 1277 MiB.
2026-10-09T19:51:50Z INFO [698/900] 885ef281-fe02-4f26-af92-9d489c2db63c: 31 groups; 1.9 s; peak memory 1277 MiB.
2026-10-09T19:51:52Z INFO [699/900] 885f0886-8536-4769-8865-f203cd35ee5b: 30 groups; 1.6 s; peak memory 1277 MiB.
2026-10-09T19:51:54Z INFO [700/900] 885f8f44-5baf-482c-8d95-91a4445cf443: 202 groups; 1.8 s; peak memory 1277 MiB.
2026-10-09T19:51:54Z INFO [700/900] 885f8f44-5baf-482c-8d95-91a4445cf443: checkpointed 112736 new records.
2026-10-09T19:51:56Z INFO [701/900] 885fb705-be75-49c8-b678-1612f5e5966b: 32 groups; 2.0 s; peak memory 1277 MiB.
2026-10-09T19:51:58Z INFO [702/900] 886077ea-22c8-4890-8f78-feb8ccb22861: 104 groups; 2.0 s; peak memory 1277 MiB.
2026-10-09T19:52:00Z INFO [703/900] 88611deb-fcbd-4aff-8475-f322d8722cdd: 32 groups; 1.6 s; peak memory 1277 MiB.
2026-10-09T19:52:01Z INFO [704/900] 88620bcb-cfbd-4568-9924-fcec57d812d0: 26 groups; 1.1 s; peak memory 1277 MiB.
2026-10-09T19:52:03Z INFO [705/900] 8862abbe-d7a4-4dc5-8e12-d6f9796bea00: 206 groups; 2.5 s; peak memory 1277 MiB.
2026-10-09T19:52:05Z INFO [706/900] 8862d479-cf56-4539-9b7c-6792a547ffae: 32 groups; 1.6 s; peak memory 1277 MiB.
2026-10-09T19:52:07Z INFO [707/900] 88632727-6c0d-43a0-9792-725abdad2f9f: 32 groups; 1.6 s; peak memory 1277 MiB.
2026-10-09T19:52:08Z INFO [708/900] 88638d33-e5a3-4251-ae6b-8cddd38f9f6e: 33 groups; 1.8 s; peak memory 1277 MiB.
2026-10-09T19:52:10Z INFO [709/900] 8863e2b5-6e5b-4c94-9b46-714adc009561: 22 groups; 1.4 s; peak memory 1277 MiB.
2026-10-09T19:52:18Z INFO [710/900] 8864c4d9-d7d8-4e96-bde0-1635c790e6e4: 143 groups; 7.9 s; peak memory 1277 MiB.
2026-10-09T19:52:19Z INFO [711/900] 8864cb4f-88c1-4fa0-bf4c-bf44865256d3: 16 groups; 1.1 s; peak memory 1277 MiB.
2026-10-09T19:52:26Z INFO [712/900] 88651267-cdae-46f3-acbc-c980351f2367: 117 groups; 7.2 s; peak memory 1277 MiB.
2026-10-09T19:52:27Z INFO [713/900] 8865ae73-7faa-4ba7-9521-177672996960: 16 groups; 1.1 s; peak memory 1277 MiB.
2026-10-09T19:52:29Z INFO [714/900] 8865cf24-7f79-43fe-bb54-5e23b0d4b8b3: 32 groups; 1.5 s; peak memory 1277 MiB.
2026-10-09T19:52:30Z INFO [715/900] 8865db54-9422-4649-ae2e-93509ad28cd1: 22 groups; 1.4 s; peak memory 1277 MiB.
2026-10-09T19:52:31Z INFO [716/900] 88668589-84e6-436c-bffb-04e2190ad0d4: 22 groups; 1.3 s; peak memory 1277 MiB.
2026-10-09T19:52:33Z INFO [717/900] 8866a906-2e1c-4505-8ef9-7361101f527f: 22 groups; 1.3 s; peak memory 1277 MiB.
2026-10-09T19:52:34Z INFO [718/900] 8866d5c2-13ff-44a7-a4ac-b70ce818633a: 32 groups; 1.5 s; peak memory 1277 MiB.
2026-10-09T19:52:38Z INFO [719/900] 8866e1f1-28cb-41cf-af2a-cf8247b6a511: 48 groups; 3.5 s; peak memory 1277 MiB.
2026-10-09T19:52:48Z INFO [720/900] 88671b14-1b2a-4963-bbff-790ba2df48d9: 231 groups; 10.7 s; peak memory 1277 MiB.
2026-10-09T19:52:50Z INFO [721/900] 886730f5-6b93-4885-ac8f-a7c564abdd06: 35 groups; 1.9 s; peak memory 1277 MiB.
2026-10-09T19:52:52Z INFO [722/900] 8867c0e2-403e-41ed-83e3-8314b9786cac: 36 groups; 1.8 s; peak memory 1277 MiB.
2026-10-09T19:52:54Z INFO [723/900] 88689dc8-909a-4503-982f-d0a9c92f5c5e: 32 groups; 1.6 s; peak memory 1277 MiB.
2026-10-09T19:52:55Z INFO [724/900] 88697884-5b27-4e79-91a1-64de092d1de7: 31 groups; 1.4 s; peak memory 1277 MiB.
2026-10-09T19:53:07Z INFO [725/900] 8869cefe-6fda-4d76-8385-322f91c3dd5e: 76 groups; 12.1 s; peak memory 1277 MiB.
2026-10-09T19:53:09Z INFO [726/900] 886b70f7-caab-4195-90cb-3a04ef73af5d: 35 groups; 2.0 s; peak memory 1277 MiB.
2026-10-09T20:27:57Z INFO [727/900] 886c4302-846a-4ef5-996a-6f02d6a81a5f: 425 groups; 2088.4 s; peak memory 1277 MiB.
2026-10-09T20:27:59Z INFO [728/900] 886c9068-af8a-41e1-8773-457d7074d622: 256 groups; 1.8 s; peak memory 1277 MiB.
2026-10-09T20:28:02Z INFO [729/900] 886d2f33-fa07-4259-ab1f-197a656f8cfc: 48 groups; 2.6 s; peak memory 1277 MiB.
2026-10-09T20:28:09Z INFO [730/900] 886e337d-a65f-4e0d-8be0-22617eddd4c1: 67 groups; 7.6 s; peak memory 1277 MiB.
2026-10-09T20:28:11Z INFO [731/900] 886f075f-3891-41cf-a78b-a53e5196fcaa: 32 groups; 1.7 s; peak memory 1277 MiB.
2026-10-09T20:28:13Z INFO [732/900] 886f6da3-6d4f-48cf-a63c-331cb07e152b: 32 groups; 1.7 s; peak memory 1277 MiB.
2026-10-09T20:28:14Z INFO [733/900] 886facba-a3f7-4427-8680-d446856ae1f3: 22 groups; 1.5 s; peak memory 1277 MiB.
2026-10-09T20:28:22Z INFO [734/900] 8870504f-53b4-4cf5-88d5-fac8afe74843: 181 groups; 8.2 s; peak memory 1277 MiB.
2026-10-09T20:28:50Z INFO [735/900] 88712769-beb3-4898-8d1d-85e0660d878b: 23 groups; 27.3 s; peak memory 1277 MiB.
2026-10-09T20:28:52Z INFO [736/900] 88713ba9-8836-4b54-8bb5-98cf9ec67c2c: 35 groups; 2.0 s; peak memory 1277 MiB.
2026-10-09T20:28:53Z INFO [737/900] 88720eb4-69f6-45c9-b8a0-ea07c9f00694: 32 groups; 1.6 s; peak memory 1277 MiB.
2026-10-09T20:28:55Z INFO [738/900] 88721240-2729-432f-a319-dbe488fdab17: 33 groups; 2.0 s; peak memory 1277 MiB.
2026-10-09T20:28:57Z INFO [739/900] 8873259b-b8d3-4351-a3fb-31bd1f2a1808: 33 groups; 1.3 s; peak memory 1277 MiB.
2026-10-09T20:28:58Z INFO [740/900] 88738cc9-c304-44d1-814a-c611afca2652: 24 groups; 1.5 s; peak memory 1277 MiB.
2026-10-09T20:29:00Z INFO [741/900] 8873c059-7671-4631-91e6-22c431e8b36a: 36 groups; 1.9 s; peak memory 1277 MiB.
2026-10-09T20:29:01Z INFO [742/900] 8873f5d2-3311-443a-82dc-b400a2fa1a97: 22 groups; 1.3 s; peak memory 1277 MiB.
2026-10-09T20:29:03Z INFO [743/900] 887417fe-f708-494a-8e56-11c9e4a08ad9: 195 groups; 2.0 s; peak memory 1277 MiB.
2026-10-09T20:29:07Z INFO [744/900] 887512ca-f786-4e9f-a3ae-13f194701f54: 41 groups; 3.4 s; peak memory 1277 MiB.
2026-10-09T20:29:08Z INFO [745/900] 8876121e-cb21-4c0d-8030-6d3a91ef3f60: 32 groups; 1.5 s; peak memory 1277 MiB.
2026-10-09T20:29:26Z INFO [746/900] 88776569-243f-43c4-ba92-1038b8b10511: 17 groups; 17.9 s; peak memory 1277 MiB.
2026-10-09T20:29:33Z INFO [747/900] 88785cb5-f283-45cd-b3ad-67e275a77612: 152 groups; 6.9 s; peak memory 1277 MiB.
2026-10-09T20:29:36Z INFO [748/900] 8878b0ac-0f93-4a87-b407-f07c81c56011: 48 groups; 3.3 s; peak memory 1277 MiB.
2026-10-09T20:29:39Z INFO [749/900] 887963f9-834a-4562-bdbf-a3b77fd31af8: 341 groups; 2.6 s; peak memory 1277 MiB.
2026-10-09T20:29:41Z INFO [750/900] 8879d4e0-8218-4a9b-9fda-38495084a88d: 33 groups; 1.6 s; peak memory 1277 MiB.
2026-10-09T20:29:41Z INFO [750/900] 8879d4e0-8218-4a9b-9fda-38495084a88d: checkpointed 112786 new records.
2026-10-09T20:29:43Z INFO [751/900] 887aa52b-4601-48e2-a328-7652605ae8ec: 207 groups; 2.2 s; peak memory 1277 MiB.
2026-10-09T20:29:45Z INFO [752/900] 887b2c12-8deb-44bf-95d7-35fa27822e51: 34 groups; 1.9 s; peak memory 1277 MiB.
2026-10-09T20:29:46Z INFO [753/900] 887bce8e-2778-4b15-9fd4-c5d281115b56: 30 groups; 1.1 s; peak memory 1277 MiB.
2026-10-09T20:29:47Z INFO [754/900] 887c7204-d352-4eac-94de-b2a34036231f: 22 groups; 1.5 s; peak memory 1277 MiB.
2026-10-09T20:29:49Z INFO [755/900] 887d4e67-8756-4986-927b-8c039bf0d18f: 32 groups; 1.8 s; peak memory 1277 MiB.
2026-10-09T20:29:59Z INFO [756/900] 887df7e3-a157-45f8-8439-b0bcab34032b: 56 groups; 10.3 s; peak memory 1277 MiB.
2026-10-09T20:30:07Z INFO [757/900] 887e0256-669d-41ec-a4ca-f9348d78d350: 90 groups; 7.7 s; peak memory 1277 MiB.
2026-10-09T20:30:10Z INFO [758/900] 887e9e14-4fb0-410b-9240-fa0576ca5260: 33 groups; 3.3 s; peak memory 1277 MiB.
2026-10-09T20:30:13Z INFO [759/900] 887eb9a7-5e0e-4dbe-bce4-9a52722220fc: 35 groups; 2.1 s; peak memory 1277 MiB.
2026-10-09T20:30:38Z INFO [760/900] 887ffa8c-ba68-466e-b0d2-94d9621b0b22: 285 groups; 25.7 s; peak memory 1277 MiB.
2026-10-09T20:30:39Z INFO [761/900] 8880a39a-b3de-414c-a21b-16763a2fccb1: 17 groups; 1.2 s; peak memory 1277 MiB.
2026-10-09T20:30:41Z INFO [762/900] 8880e5a0-bb8c-4287-ac2d-227f418795bf: 18 groups; 1.2 s; peak memory 1277 MiB.
2026-10-09T20:35:49Z INFO [763/900] 88815c86-3711-4dd6-856f-2461ab4ef3cc: 72 groups; 308.9 s; peak memory 1277 MiB.
2026-10-09T20:35:51Z INFO [764/900] 88823b02-dabb-4953-acec-ecae2fe2693f: 32 groups; 1.6 s; peak memory 1277 MiB.
2026-10-09T20:35:53Z INFO [765/900] 88825cf1-0d7b-4f4a-ac2e-a966ec1b2a7f: 256 groups; 1.8 s; peak memory 1277 MiB.
2026-10-09T20:36:21Z INFO [766/900] 88832249-c6cb-4cbf-af4b-89b360d7b6a1: 320 groups; 28.0 s; peak memory 1277 MiB.
2026-10-09T20:36:22Z INFO [767/900] 88837a8c-bf88-4861-99d4-033798a455a2: 253 groups; 1.5 s; peak memory 1277 MiB.
2026-10-09T20:36:26Z INFO [768/900] 8883899e-edca-44c2-9f99-f1e32e2c10b4: 576 groups; 3.4 s; peak memory 1277 MiB.
2026-10-09T20:36:27Z INFO [769/900] 8883c78d-9cf3-4c5f-83cd-e0ab1dcf0b15: 16 groups; 1.1 s; peak memory 1277 MiB.
2026-10-09T20:36:28Z INFO [770/900] 888435c0-b08d-4d3e-9199-b7f81374fc2f: 22 groups; 1.4 s; peak memory 1277 MiB.
2026-10-09T20:37:04Z INFO [771/900] 8884dbd4-817d-498d-b489-c44c3be7e619: 17 groups; 35.7 s; peak memory 1277 MiB.
2026-10-09T20:37:07Z INFO [772/900] 8884e6b8-a79f-4f0a-866f-68f734e0361b: 48 groups; 3.3 s; peak memory 1277 MiB.
2026-10-09T20:37:09Z INFO [773/900] 8885391a-f92b-4fb5-a790-1e9c95473a4c: 22 groups; 1.2 s; peak memory 1277 MiB.
2026-10-09T20:37:13Z INFO [774/900] 8885da3a-cbeb-4445-bc53-3ddfc73b5918: 50 groups; 4.1 s; peak memory 1277 MiB.
2026-10-09T20:37:14Z INFO [775/900] 88872e75-73c8-4fc9-94a6-ab574b050a56: 32 groups; 1.7 s; peak memory 1277 MiB.
2026-10-09T20:37:16Z INFO [776/900] 8887eeca-a30a-4b54-b675-5503083197be: 207 groups; 2.0 s; peak memory 1277 MiB.
2026-10-09T20:37:25Z INFO [777/900] 8888b147-fe39-453e-af14-c955483268aa: 85 groups; 8.2 s; peak memory 1277 MiB.
2026-10-09T20:37:26Z INFO [778/900] 8888e51b-387f-4466-85f6-4fb87b260a38: 22 groups; 1.3 s; peak memory 1277 MiB.
2026-10-09T20:37:28Z INFO [779/900] 88894ade-7732-474c-adda-2ff097f5abf8: 35 groups; 1.9 s; peak memory 1277 MiB.
2026-10-09T20:37:30Z INFO [780/900] 88895aa7-70bd-4283-8268-e558504fd048: 35 groups; 1.9 s; peak memory 1277 MiB.
2026-10-09T20:37:32Z INFO [781/900] 888b9be2-050a-496e-88f3-8a34e8690887: 35 groups; 1.9 s; peak memory 1277 MiB.
2026-10-09T20:40:05Z INFO [782/900] 888e230a-d148-43a6-8343-8b6fcdf1ef09: 68 groups; 153.1 s; peak memory 1277 MiB.
2026-10-09T20:40:06Z INFO [783/900] 888ea407-668c-4eea-ab31-d5778d99519d: 26 groups; 1.1 s; peak memory 1277 MiB.
2026-10-09T20:40:08Z INFO [784/900] 888eea7f-8058-4213-b6bf-0fbf66bcd198: 202 groups; 2.0 s; peak memory 1277 MiB.
2026-10-09T20:40:10Z INFO [785/900] 888ef6b8-b1cb-49b7-bb18-41306864f691: 196 groups; 1.8 s; peak memory 1277 MiB.
2026-10-09T20:40:12Z INFO [786/900] 888f1953-74a5-419c-9d48-f2606f846e9d: 33 groups; 2.0 s; peak memory 1277 MiB.
2026-10-09T20:40:38Z INFO [787/900] 888fa241-f3c6-490a-a484-fe51e0ab6eae: 23 groups; 26.5 s; peak memory 1277 MiB.
2026-10-09T20:40:40Z INFO [788/900] 88902fc1-6b7a-4fe0-9559-f13068a548d9: 32 groups; 1.7 s; peak memory 1277 MiB.
2026-10-09T20:40:41Z INFO [789/900] 88904251-fde5-469b-98f4-2249f4afbfbb: 22 groups; 1.4 s; peak memory 1277 MiB.
2026-10-09T20:40:52Z INFO [790/900] 889042a9-a6ff-4fe7-8eae-a2a1ffece90a: 230 groups; 11.0 s; peak memory 1277 MiB.
2026-10-09T20:40:55Z INFO [791/900] 8890ac5c-b8a3-4e8b-aad1-bee40f01d9bc: 48 groups; 2.4 s; peak memory 1277 MiB.
2026-10-09T20:41:05Z INFO [792/900] 889148ec-0c25-41ef-8ba1-aeddad8ed374: 49 groups; 10.6 s; peak memory 1277 MiB.
2026-10-09T20:41:08Z INFO [793/900] 8891bc81-f30f-4eed-bee7-985a38bab710: 35 groups; 2.1 s; peak memory 1277 MiB.
2026-10-09T20:41:09Z INFO [794/900] 8891f4fe-60a0-4ceb-89ff-342fae15f57e: 26 groups; 1.1 s; peak memory 1277 MiB.
2026-10-09T20:41:11Z INFO [795/900] 8892cfdb-b772-4e2a-9a12-94af503fb8f0: 35 groups; 1.9 s; peak memory 1277 MiB.
2026-10-09T20:41:13Z INFO [796/900] 88934001-0c22-4565-996b-fe6d2366772a: 201 groups; 2.0 s; peak memory 1277 MiB.
2026-10-09T20:41:14Z INFO [797/900] 88938ba6-cfd7-43d1-be04-5cce8eb7a84d: 22 groups; 1.5 s; peak memory 1277 MiB.
2026-10-09T20:41:16Z INFO [798/900] 889418fd-8530-4dc5-83f3-9f5bd85126db: 49 groups; 2.4 s; peak memory 1277 MiB.
2026-10-09T20:41:18Z INFO [799/900] 889571ed-308f-4fec-9e2f-a3ba732a2f84: 195 groups; 1.9 s; peak memory 1277 MiB.
2026-10-09T20:41:29Z INFO [800/900] 88969667-ff70-4522-a464-4693f16f67e0: 199 groups; 10.4 s; peak memory 1277 MiB.
2026-10-09T20:41:29Z INFO [800/900] 88969667-ff70-4522-a464-4693f16f67e0: checkpointed 112836 new records.
2026-10-09T20:41:31Z INFO [801/900] 88978dba-ff25-4660-af5f-251b5b4f0729: 27 groups; 2.0 s; peak memory 1277 MiB.
2026-10-09T20:41:33Z INFO [802/900] 889827e5-5a55-475a-a883-899638f5545d: 194 groups; 1.8 s; peak memory 1277 MiB.
2026-10-09T20:41:36Z INFO [803/900] 88985e5b-5ce4-4da6-8d1e-bd5b4c3b9919: 48 groups; 3.2 s; peak memory 1277 MiB.
2026-10-09T20:41:40Z INFO [804/900] 889876bc-46ad-4ed4-b1c9-03620c30d9ec: 50 groups; 3.8 s; peak memory 1277 MiB.
2026-10-09T20:41:41Z INFO [805/900] 8899013e-d70b-4f5d-91fa-7bc889741c65: 32 groups; 1.6 s; peak memory 1277 MiB.
2026-10-09T20:41:43Z INFO [806/900] 889913b0-c77a-436e-8bfc-e8fa3bec8bdc: 22 groups; 1.4 s; peak memory 1277 MiB.
2026-10-09T20:41:45Z INFO [807/900] 889b31be-66f1-40ed-a2bd-fc4f6f52a800: 31 groups; 1.9 s; peak memory 1277 MiB.
2026-10-09T20:42:03Z INFO [808/900] 889bf133-6a5b-4cb7-9468-42515d7bf806: 1284 groups; 18.0 s; peak memory 1277 MiB.
2026-10-09T20:42:04Z INFO [809/900] 889bf3f5-8e6d-4dac-b39a-b114bc9664f9: 22 groups; 1.5 s; peak memory 1277 MiB.
2026-10-09T20:42:06Z INFO [810/900] 889cd08f-6a07-4080-9f03-37c03cfa3540: 22 groups; 1.4 s; peak memory 1277 MiB.
2026-10-09T20:42:12Z INFO [811/900] 889cf281-fa2a-4a70-a929-ecc2c82645ac: 73 groups; 6.0 s; peak memory 1277 MiB.
2026-10-09T20:42:13Z INFO [812/900] 889d2804-ffee-497b-9c39-1751f62a5774: 32 groups; 1.6 s; peak memory 1277 MiB.
2026-10-09T20:42:19Z INFO [813/900] 889d314c-e2f7-4c36-a026-5fa68380d811: 63 groups; 5.9 s; peak memory 1277 MiB.
2026-10-09T20:42:29Z INFO [814/900] 889dec3f-0dc3-4fa5-970c-edfa41375c5d: 180 groups; 9.9 s; peak memory 1277 MiB.
2026-10-09T20:42:31Z INFO [815/900] 889ecf66-2eec-4ae1-aa70-86da1be29850: 201 groups; 1.9 s; peak memory 1277 MiB.
2026-10-09T20:42:38Z INFO [816/900] 889efdcb-82c8-4d2d-99b8-d6199552a0d9: 159 groups; 7.3 s; peak memory 1277 MiB.
2026-10-09T20:42:40Z INFO [817/900] 889f58c2-91cd-473e-bed9-a00c10762201: 22 groups; 1.3 s; peak memory 1277 MiB.
2026-10-09T20:42:41Z INFO [818/900] 889fb6fe-95c8-411a-b207-85a34ea6ca03: 22 groups; 1.4 s; peak memory 1277 MiB.
2026-10-09T20:43:07Z INFO [819/900] 88a05e9c-58c4-4853-ac59-0ba596a578e4: 23 groups; 26.5 s; peak memory 1277 MiB.
2026-10-09T20:43:13Z INFO [820/900] 88a0d245-3c41-4130-9cec-574bcc878e97: 78 groups; 6.0 s; peak memory 1277 MiB.
2026-10-09T20:43:21Z INFO [821/900] 88a113b8-c0e4-485d-82dc-4c6410c0cc77: 149 groups; 7.6 s; peak memory 1277 MiB.
2026-10-09T20:43:23Z INFO [822/900] 88a17428-c3d4-40bf-8207-6460df58e78a: 31 groups; 1.8 s; peak memory 1277 MiB.
2026-10-09T20:43:24Z INFO [823/900] 88a23530-3e05-4032-9d5d-058ffe8f395b: 26 groups; 1.0 s; peak memory 1277 MiB.
2026-10-09T20:43:25Z INFO [824/900] 88a276ab-a58c-4a3d-8e98-863321564eb1: 22 groups; 1.4 s; peak memory 1277 MiB.
2026-10-09T20:43:43Z INFO [825/900] 88a38263-8443-4050-9fe3-9e5875fb46e0: 203 groups; 17.3 s; peak memory 1277 MiB.
2026-10-09T20:44:04Z INFO [826/900] 88a3e0b1-537a-4818-b9fe-1f50af1097b2: 264 groups; 21.3 s; peak memory 1277 MiB.
2026-10-09T20:44:07Z INFO [827/900] 88a4a370-f1f9-435b-a57d-dd0a5bf2f9a4: 48 groups; 2.8 s; peak memory 1277 MiB.
2026-10-09T20:44:08Z INFO [828/900] 88a4cda9-81da-4689-88d6-191f792ad26f: 22 groups; 1.4 s; peak memory 1277 MiB.
2026-10-09T20:44:29Z INFO [829/900] 88a4e32a-7111-4d0d-9efb-b23a1d054be1: 368 groups; 20.7 s; peak memory 1277 MiB.
2026-10-09T20:44:30Z INFO [830/900] 88a4e4af-e6bc-42f6-9ed1-cbce92e7b489: 22 groups; 1.4 s; peak memory 1277 MiB.
2026-10-09T20:44:32Z INFO [831/900] 88a56e92-3f30-4834-af96-3b93d69886fc: 35 groups; 2.3 s; peak memory 1277 MiB.
2026-10-09T20:44:49Z INFO [832/900] 88a6da20-d80d-4b87-913f-1443ef90c6cc: 189 groups; 16.9 s; peak memory 1277 MiB.
2026-10-09T20:44:51Z INFO [833/900] 88a7cd6f-af04-4fb0-9fda-6eca44ccc408: 22 groups; 1.3 s; peak memory 1277 MiB.
2026-10-09T20:44:59Z INFO [834/900] 88a7ce49-7698-404e-b667-d95eaea8d372: 181 groups; 8.2 s; peak memory 1277 MiB.
2026-10-09T20:45:01Z INFO [835/900] 88a84241-dc25-4d0b-92f4-c58b3b5e8126: 32 groups; 1.8 s; peak memory 1277 MiB.
2026-10-09T20:45:03Z INFO [836/900] 88a8c47f-beee-40e2-ae17-97b8a4175217: 35 groups; 2.2 s; peak memory 1277 MiB.
2026-10-09T20:45:07Z INFO [837/900] 88a9a9a8-289b-448a-b196-d4e16782b3fc: 50 groups; 3.7 s; peak memory 1277 MiB.
2026-10-09T20:45:08Z INFO [838/900] 88aa79b1-fe8d-4dac-b738-cfa1064e3f35: 35 groups; 1.9 s; peak memory 1277 MiB.
2026-10-09T20:45:10Z INFO [839/900] 88aadab2-4416-43d8-ae93-8a4b4aaa04b4: 256 groups; 1.8 s; peak memory 1277 MiB.
2026-10-09T20:45:12Z INFO [840/900] 88ab5390-306c-487a-a419-eb8e5f92d4c2: 32 groups; 1.5 s; peak memory 1277 MiB.
2026-10-09T20:45:13Z INFO [841/900] 88ab9224-0207-4600-a200-a6e4f5929f64: 22 groups; 1.3 s; peak memory 1277 MiB.
2026-10-09T20:45:14Z INFO [842/900] 88abd722-d5df-4f73-a4c4-0bd6325bcf98: 22 groups; 1.3 s; peak memory 1277 MiB.
2026-10-09T20:46:06Z INFO [843/900] 88ac29b0-614a-453e-adf2-0c5d56d1c3f6: 26 groups; 51.8 s; peak memory 1277 MiB.
2026-10-09T20:46:17Z INFO [844/900] 88ac2e09-798e-4274-ad42-ff7c4ff428f9: 210 groups; 10.9 s; peak memory 1277 MiB.
2026-10-09T20:46:19Z INFO [845/900] 88acd5c0-ff30-4c77-82d8-1bc9d73c62a0: 35 groups; 1.8 s; peak memory 1277 MiB.
2026-10-09T20:46:23Z INFO [846/900] 88ad5b80-804a-425a-8775-522fbdaecd55: 50 groups; 3.9 s; peak memory 1277 MiB.
2026-10-09T20:46:27Z INFO [847/900] 88ae3c91-4c13-4a89-ac34-80272174d2db: 80 groups; 4.5 s; peak memory 1277 MiB.
2026-10-09T20:46:29Z INFO [848/900] 88ae5a01-bcf4-40ee-977d-19d3f3168677: 25 groups; 1.6 s; peak memory 1277 MiB.
2026-10-09T20:46:30Z INFO [849/900] 88af3ee9-7500-43b6-9aac-feeb71360f7c: 22 groups; 1.4 s; peak memory 1277 MiB.
2026-10-09T20:46:32Z INFO [850/900] 88b05244-7152-44d5-bc4c-5f47c7a2b289: 35 groups; 1.9 s; peak memory 1277 MiB.
2026-10-09T20:46:32Z INFO [850/900] 88b05244-7152-44d5-bc4c-5f47c7a2b289: checkpointed 112886 new records.
2026-10-09T20:46:34Z INFO [851/900] 88b08303-e9e5-48b0-b597-19b048dcee1c: 32 groups; 1.6 s; peak memory 1277 MiB.
2026-10-09T20:46:35Z INFO [852/900] 88b144b1-ae86-4bc8-be51-58d6928ffb1d: 17 groups; 1.3 s; peak memory 1277 MiB.
2026-10-09T20:46:37Z INFO [853/900] 88b152e8-2c3d-4961-9add-f7f749451c06: 22 groups; 1.4 s; peak memory 1277 MiB.
2026-10-09T20:46:38Z INFO [854/900] 88b1661d-6560-45e9-a4c8-f13b65045634: 22 groups; 1.4 s; peak memory 1277 MiB.
2026-10-09T20:46:39Z INFO [855/900] 88b19221-ab4d-425d-9008-fd866c1b955c: 22 groups; 1.4 s; peak memory 1277 MiB.
2026-10-09T20:46:41Z INFO [856/900] 88b23832-e8c5-4b29-9c38-54d775b767b1: 22 groups; 1.3 s; peak memory 1277 MiB.
2026-10-09T20:46:59Z INFO [857/900] 88b2a34d-21c7-4a41-848c-b8df8bec3315: 590 groups; 17.9 s; peak memory 1277 MiB.
2026-10-09T20:47:01Z INFO [858/900] 88b2d92c-9753-4511-845e-8b8b7ab59000: 36 groups; 2.0 s; peak memory 1277 MiB.
2026-10-09T20:47:16Z INFO [859/900] 88b3b491-49e3-4006-8e3c-fdcb9423fce2: 22 groups; 14.9 s; peak memory 1277 MiB.
2026-10-09T20:52:23Z INFO [860/900] 88b3b66c-82ad-495b-a8d0-a0c2da98fd18: 75 groups; 307.2 s; peak memory 1277 MiB.
2026-10-09T20:52:24Z INFO [861/900] 88b3b85a-3aae-4221-9461-ca91bd62ef0d: 22 groups; 1.4 s; peak memory 1277 MiB.
2026-10-09T20:52:26Z INFO [862/900] 88b407e9-d998-4e98-a69e-145ce909c032: 195 groups; 1.7 s; peak memory 1277 MiB.
2026-10-09T20:52:28Z INFO [863/900] 88b4fabe-fa60-422c-9df6-b922599563cd: 32 groups; 1.6 s; peak memory 1277 MiB.
2026-10-09T20:52:54Z INFO [864/900] 88b529bc-bd50-4abb-ae97-3830f30b893d: 157 groups; 26.0 s; peak memory 1277 MiB.
2026-10-09T20:52:55Z INFO [865/900] 88b5717c-58a5-417a-9b7a-ad7614470aad: 30 groups; 1.2 s; peak memory 1277 MiB.
2026-10-09T20:52:56Z INFO [866/900] 88b58742-2def-469b-8c3a-6f8b6b6af1be: 31 groups; 1.7 s; peak memory 1277 MiB.
2026-10-09T20:52:58Z INFO [867/900] 88b5c56d-86d3-4ef2-bcdb-d3d8d7f79317: 16 groups; 1.3 s; peak memory 1277 MiB.
2026-10-09T20:52:59Z INFO [868/900] 88b6b0ac-55a9-45bd-8727-6c77f361b550: 26 groups; 1.1 s; peak memory 1277 MiB.
2026-10-09T20:53:01Z INFO [869/900] 88b71d1e-1cd9-4bea-8412-40ad9ea17d7d: 206 groups; 2.4 s; peak memory 1277 MiB.
2026-10-09T20:53:09Z INFO [870/900] 88b732e0-075d-42d5-b006-3b225647fa41: 181 groups; 7.8 s; peak memory 1277 MiB.
2026-10-09T20:53:12Z INFO [871/900] 88b76903-7033-4999-b832-39f0bea928b3: 48 groups; 2.6 s; peak memory 1277 MiB.
2026-10-09T20:53:31Z INFO [872/900] 88b78abd-8555-4471-9c91-3ce9f23ec08c: 27 groups; 18.8 s; peak memory 1277 MiB.
2026-10-09T20:53:34Z INFO [873/900] 88b85377-72fa-4f90-9662-563b0b1fb239: 50 groups; 3.7 s; peak memory 1277 MiB.
2026-10-09T20:53:36Z INFO [874/900] 88b98784-985d-4129-8fd9-63ed4151a34e: 32 groups; 1.5 s; peak memory 1277 MiB.
2026-10-09T20:53:37Z INFO [875/900] 88ba806e-c567-4633-8273-dc4075bff34b: 31 groups; 1.4 s; peak memory 1277 MiB.
2026-10-09T20:53:39Z INFO [876/900] 88bae5e5-1fe8-460e-bf77-8e94891d4f5e: 22 groups; 1.4 s; peak memory 1277 MiB.
2026-10-09T20:53:41Z INFO [877/900] 88bb0f4b-4d50-491f-81bc-1f31c85a47c2: 35 groups; 2.0 s; peak memory 1277 MiB.
2026-10-09T20:53:42Z INFO [878/900] 88bb4aa5-614f-4271-8fc5-e83455ec73fe: 22 groups; 1.3 s; peak memory 1277 MiB.
2026-10-09T20:53:45Z INFO [879/900] 88bb88be-f377-4465-aaf2-01126b0590d6: 48 groups; 3.5 s; peak memory 1277 MiB.
2026-10-09T20:53:47Z INFO [880/900] 88bd60b8-f967-4b83-8953-998976772d32: 28 groups; 1.2 s; peak memory 1277 MiB.
2026-10-09T20:53:48Z INFO [881/900] 88bd6b76-a70e-475f-8bf7-55e8a5022278: 103 groups; 1.5 s; peak memory 1277 MiB.
2026-10-09T20:53:49Z INFO [882/900] 88bdae3e-13c1-46ee-a8bf-5064654e8f91: 30 groups; 1.1 s; peak memory 1277 MiB.
2026-10-09T20:53:51Z INFO [883/900] 88be887b-4006-410f-ae6e-f87854a0869a: 32 groups; 1.8 s; peak memory 1277 MiB.
2026-10-09T20:53:52Z INFO [884/900] 88bef878-9afc-4d14-87f1-edd5951a7295: 17 groups; 1.2 s; peak memory 1277 MiB.
2026-10-09T20:53:54Z INFO [885/900] 88bfd5b1-93f4-43de-8d0d-68cd3dec57fb: 194 groups; 2.0 s; peak memory 1277 MiB.
2026-10-09T20:53:56Z INFO [886/900] 88c01780-69a1-4196-8826-048b499c399e: 32 groups; 1.5 s; peak memory 1277 MiB.
2026-10-09T20:53:58Z INFO [887/900] 88c03b46-1412-4b01-a4a2-b158a557c0b0: 573 groups; 2.5 s; peak memory 1277 MiB.
2026-10-09T20:54:05Z INFO [888/900] 88c04533-578f-4481-9f92-328b38de92a8: 75 groups; 6.3 s; peak memory 1277 MiB.
2026-10-09T20:54:07Z INFO [889/900] 88c08e37-7b4d-4956-a561-0cc70f33c839: 207 groups; 2.4 s; peak memory 1277 MiB.
2026-10-09T20:54:23Z INFO [890/900] 88c0f60f-bd30-4693-a3bf-4a87e594d51e: 376 groups; 15.9 s; peak memory 1277 MiB.
2026-10-09T20:54:25Z INFO [891/900] 88c1399b-fa0d-47af-bdfb-6ae7e476d4db: 32 groups; 1.7 s; peak memory 1277 MiB.
2026-10-09T20:54:26Z INFO [892/900] 88c15aad-f3da-49b5-9ed4-88e48f28a42c: 32 groups; 1.6 s; peak memory 1277 MiB.
2026-10-09T20:54:27Z INFO [893/900] 88c24bfb-8358-4c01-881a-846ec5a29176: 16 groups; 1.1 s; peak memory 1277 MiB.
2026-10-09T20:54:29Z INFO [894/900] 88c27415-cf90-49a8-a803-1d76b1e098c9: 253 groups; 1.4 s; peak memory 1277 MiB.
2026-10-09T20:54:30Z INFO [895/900] 88c2f1f9-17a4-4150-a359-0e03c7934017: 32 groups; 1.6 s; peak memory 1277 MiB.
2026-10-09T20:54:37Z INFO [896/900] 88c33b92-a6a2-408f-8365-7d646d7ef10e: 132 groups; 7.2 s; peak memory 1277 MiB.
2026-10-09T20:54:39Z INFO [897/900] 88c489d1-08ba-4815-af87-df5b5484aea8: 108 groups; 1.9 s; peak memory 1277 MiB.
2026-10-09T20:54:41Z INFO [898/900] 88c5bb76-f142-4571-a295-6f9631381685: 32 groups; 1.9 s; peak memory 1277 MiB.
2026-10-09T20:54:47Z INFO [899/900] 88c85bba-766e-4804-98a7-454cd84b4b59: 68 groups; 5.7 s; peak memory 1277 MiB.
2026-10-09T20:54:48Z INFO [900/900] 88c89519-8b41-4889-9ca1-39c766811284: 18 groups; 1.1 s; peak memory 1277 MiB.
2026-10-09T20:54:48Z INFO [900/900] 88c89519-8b41-4889-9ca1-39c766811284: checkpointed 112936 new records.
2026-10-09T20:54:48Z INFO Wrote 112936 records to /tmp/derivatives/valid_nwb_file_to_number_of_groups.jsonl (900 new, 0 failed) in 252.6 min (peak memory 1277 MiB).
