2026-10-10T16:40:59Z INFO Logging to /tmp/logs/update_2026-10-10T16-40-59Z.log.
2026-10-10T16:40:59Z INFO Update valid-nwb-file-to-number-of-groups (base directory /tmp).
2026-10-10T16:40:59Z INFO Processing 900 items (120136 already recorded).
2026-10-10T16:41:01Z INFO [1/900] 97ad0260-4173-4a0f-bdbf-80098c628a48: 30 groups; 1.6 s; peak memory 121 MiB.
2026-10-10T16:41:03Z INFO [2/900] 97ae0374-f193-44cc-8b9b-69adc087900b: 41 groups; 2.0 s; peak memory 123 MiB.
2026-10-10T16:41:05Z INFO [3/900] 97ae6453-8723-49eb-b963-9202e70630e9: 38 groups; 2.8 s; peak memory 126 MiB.
2026-10-10T16:41:07Z INFO [4/900] 97b09767-3be3-466f-b0fa-1974ad2a8ee2: 29 groups; 1.7 s; peak memory 126 MiB.
2026-10-10T16:41:09Z INFO [5/900] 97b10f00-ff25-41bf-bdc3-2fdfd5f25b3f: 35 groups; 1.9 s; peak memory 126 MiB.
2026-10-10T16:41:11Z INFO [6/900] 97b14031-764c-4107-800e-b412fd022afe: 35 groups; 2.0 s; peak memory 127 MiB.
2026-10-10T16:41:13Z INFO [7/900] 97b186d6-826f-4ace-8ca9-f1a71cde2df4: 32 groups; 1.6 s; peak memory 127 MiB.
2026-10-10T16:41:15Z INFO [8/900] 97b22e32-0155-481a-ada7-f67a1c45c4dc: 341 groups; 2.6 s; peak memory 127 MiB.
2026-10-10T16:41:17Z INFO [9/900] 97b2de08-576e-402c-9e4d-546ccf94fbad: 22 groups; 1.4 s; peak memory 127 MiB.
2026-10-10T16:41:18Z INFO [10/900] 97b2f272-fa28-4a5f-9ebc-67038974263f: 22 groups; 1.4 s; peak memory 127 MiB.
2026-10-10T16:41:20Z INFO [11/900] 97b378f8-1785-47f9-a48c-e041b24392fe: 35 groups; 1.6 s; peak memory 128 MiB.
2026-10-10T16:41:21Z INFO [12/900] 97b3b752-881c-4194-a3c9-6f8ea025b400: 29 groups; 1.1 s; peak memory 128 MiB.
2026-10-10T16:41:23Z INFO [13/900] 97b3be0f-6f45-4d6f-915e-19996b362bee: 35 groups; 2.0 s; peak memory 128 MiB.
2026-10-10T16:41:30Z INFO [14/900] 97b3c5e0-8fe0-4872-bc6c-e0d10391d7b4: 75 groups; 6.8 s; peak memory 133 MiB.
2026-10-10T16:41:31Z INFO [15/900] 97b41782-112f-4acf-ac7c-d043e75a1f0d: 25 groups; 1.4 s; peak memory 134 MiB.
2026-10-10T16:41:33Z INFO [16/900] 97b48ebb-046b-4790-ac6d-2ddb3de89dc8: 256 groups; 1.8 s; peak memory 134 MiB.
2026-10-10T16:41:34Z INFO [17/900] 97b4c9c5-59b9-4d1c-9683-6d23aaf4b2b4: 16 groups; 1.1 s; peak memory 134 MiB.
2026-10-10T16:41:37Z INFO [18/900] 97b4e038-c101-4f28-a4b7-ed2544157602: 17 groups; 3.2 s; peak memory 134 MiB.
2026-10-10T16:41:39Z INFO [19/900] 97b555cd-3b4d-4126-a39e-5dc55a9753ab: 32 groups; 1.8 s; peak memory 134 MiB.
2026-10-10T16:41:57Z INFO [20/900] 97b5d2ff-f32e-4939-85d9-3cc04cb51393: 157 groups; 18.5 s; peak memory 145 MiB.
2026-10-10T16:42:02Z INFO [21/900] 97b619e6-402b-432e-9e4a-9ae20bbff281: 17 groups; 4.4 s; peak memory 145 MiB.
2026-10-10T16:42:03Z INFO [22/900] 97b64832-fcff-4c40-9745-a9160c69cf4f: 16 groups; 1.0 s; peak memory 145 MiB.
2026-10-10T16:42:05Z INFO [23/900] 97b6599a-8d24-4442-b03b-40f7a10e1302: 32 groups; 1.8 s; peak memory 145 MiB.
2026-10-10T16:42:20Z INFO [24/900] 97b689af-21a3-4218-aacf-194ea428dbc8: 230 groups; 15.0 s; peak memory 159 MiB.
2026-10-10T16:42:21Z INFO [25/900] 97b69631-ecfb-42a6-832b-4b22c1c2936e: 201 groups; 1.9 s; peak memory 159 MiB.
2026-10-10T16:42:23Z INFO [26/900] 97b6f147-a3d0-4d2f-92aa-b12c708d3687: 35 groups; 1.4 s; peak memory 159 MiB.
2026-10-10T16:42:24Z INFO [27/900] 97b6fbab-b25a-49f0-8b56-7f729cd62780: 22 groups; 1.4 s; peak memory 159 MiB.
2026-10-10T16:42:26Z INFO [28/900] 97b741e4-ba90-47c0-8d52-1a7181f0e080: 33 groups; 2.1 s; peak memory 159 MiB.
2026-10-10T16:42:28Z INFO [29/900] 97b8056d-fc2c-4d36-83bd-0eff882e9682: 22 groups; 1.4 s; peak memory 159 MiB.
2026-10-10T16:42:29Z INFO [30/900] 97b8468c-ed51-477c-a8c5-4f73c6d9f867: 32 groups; 1.5 s; peak memory 160 MiB.
2026-10-10T16:42:31Z INFO [31/900] 97b8e40b-a6b2-4465-a2b5-61c49132a6f4: 254 groups; 1.6 s; peak memory 160 MiB.
2026-10-10T16:42:42Z INFO [32/900] 97b9ff13-d26e-4e4f-be45-c7ad54c2120f: 68 groups; 10.8 s; peak memory 161 MiB.
2026-10-10T16:42:57Z INFO [33/900] 97bafbf0-417d-4f5f-ad8d-0152f38aa592: 235 groups; 15.4 s; peak memory 165 MiB.
2026-10-10T16:42:58Z INFO [34/900] 97bb2e28-a6f2-40fe-8229-6b5038f0fc42: 22 groups; 1.4 s; peak memory 165 MiB.
2026-10-10T16:42:59Z INFO [35/900] 97bc2679-690e-4e0f-bcce-b3441cfb7a44: 16 groups; 1.1 s; peak memory 166 MiB.
2026-10-10T16:43:01Z INFO [36/900] 97bc3f76-f01e-4375-9075-d1bf9460a5c9: 255 groups; 1.8 s; peak memory 166 MiB.
2026-10-10T16:43:03Z INFO [37/900] 97bcca87-093b-4c63-939f-e3bf607c084d: 22 groups; 1.4 s; peak memory 166 MiB.
2026-10-10T16:43:04Z INFO [38/900] 97bd0158-b3dd-4892-9742-523c65abcf1d: 22 groups; 1.3 s; peak memory 166 MiB.
2026-10-10T16:43:06Z INFO [39/900] 97bd2a40-8300-450c-b554-475d6021f3c4: 336 groups; 2.2 s; peak memory 166 MiB.
2026-10-10T16:43:07Z INFO [40/900] 97bd8d99-7b24-45b8-bcb0-ff7d4e3c89e1: 22 groups; 1.3 s; peak memory 166 MiB.
2026-10-10T16:43:09Z INFO [41/900] 97bef2bb-1929-45a9-8f4f-f8af4d4b2697: 22 groups; 1.3 s; peak memory 166 MiB.
2026-10-10T16:43:10Z INFO [42/900] 97c01ac2-441b-4ecc-b69f-a548050e9cac: 22 groups; 1.5 s; peak memory 166 MiB.
2026-10-10T16:43:12Z INFO [43/900] 97c1075f-0cc4-462d-9acb-25ac26ec0e64: 29 groups; 1.7 s; peak memory 166 MiB.
2026-10-10T16:43:14Z INFO [44/900] 97c11197-3143-4b28-a3b5-875d3380877f: 32 groups; 1.6 s; peak memory 166 MiB.
2026-10-10T16:43:15Z INFO [45/900] 97c21894-2e19-43ca-ab2f-3fd5f62a6df2: 16 groups; 1.2 s; peak memory 166 MiB.
2026-10-10T16:43:16Z INFO [46/900] 97c23bb2-ea87-4159-864d-727d156918c9: 22 groups; 1.3 s; peak memory 166 MiB.
2026-10-10T16:43:18Z INFO [47/900] 97c374aa-b1ed-4e3b-915b-d78b52386ab7: 35 groups; 2.1 s; peak memory 166 MiB.
2026-10-10T16:43:19Z INFO [48/900] 97c39cf1-bd74-495b-969c-699ae7e70f18: 22 groups; 1.4 s; peak memory 166 MiB.
2026-10-10T16:43:21Z INFO [49/900] 97c468c6-d0e3-4eb9-af67-29f516ec44c4: 35 groups; 1.7 s; peak memory 166 MiB.
2026-10-10T16:43:23Z INFO [50/900] 97c508d4-5c3f-44b3-b551-5483f7b685b2: 31 groups; 2.3 s; peak memory 166 MiB.
2026-10-10T16:43:24Z INFO [50/900] 97c508d4-5c3f-44b3-b551-5483f7b685b2: checkpointed 120186 new records.
2026-10-10T16:43:25Z INFO [51/900] 97c53253-201d-4eb4-b1f0-ab0b049e3af8: 22 groups; 1.3 s; peak memory 166 MiB.
2026-10-10T16:43:31Z INFO [52/900] 97c5397d-8abf-4938-ab34-681220e26999: 73 groups; 5.9 s; peak memory 166 MiB.
2026-10-10T16:43:32Z INFO [53/900] 97c5a6b5-5cd2-4a0a-9e48-5b7f6319d379: 16 groups; 1.1 s; peak memory 166 MiB.
2026-10-10T16:46:44Z INFO [54/900] 97c60bf4-49d5-48be-bfeb-66416eb59511: 58 groups; 192.1 s; peak memory 344 MiB.
2026-10-10T16:46:45Z INFO [55/900] 97c63f9a-21e8-443d-8d7f-28c3a5c12d00: 22 groups; 1.3 s; peak memory 344 MiB.
2026-10-10T16:46:48Z INFO [56/900] 97c64e3a-bc01-4c19-85ce-7e66f3d5bc99: 204 groups; 2.7 s; peak memory 344 MiB.
2026-10-10T16:46:50Z INFO [57/900] 97c657a5-80d9-4ace-b327-557fbda1f5da: 35 groups; 1.7 s; peak memory 344 MiB.
2026-10-10T16:47:08Z INFO [58/900] 97c71aad-7ae3-4af1-a7c3-30ca449f015a: 194 groups; 18.1 s; peak memory 344 MiB.
2026-10-10T16:47:10Z INFO [59/900] 97c85869-632e-40b9-8596-861efaa754d0: 33 groups; 2.0 s; peak memory 344 MiB.
2026-10-10T16:47:11Z INFO [60/900] 97c85b7c-1043-48bb-848e-3ddaccecaa41: 22 groups; 1.5 s; peak memory 344 MiB.
2026-10-10T16:47:34Z INFO [61/900] 97c8ad12-ee5b-4678-b59f-cf739595df99: 248 groups; 22.9 s; peak memory 344 MiB.
2026-10-10T16:47:54Z INFO [62/900] 97c90702-bfe0-4ee6-8b39-49cd8b8ca280: 185 groups; 19.4 s; peak memory 344 MiB.
2026-10-10T16:47:55Z INFO [63/900] 97c9bcb3-fecf-49ec-8087-954a14f29580: 41 groups; 1.7 s; peak memory 344 MiB.
2026-10-10T16:47:57Z INFO [64/900] 97cbbd9b-ef7b-4f10-9b43-bda8bac7161b: 31 groups; 1.3 s; peak memory 344 MiB.
2026-10-10T16:47:58Z INFO [65/900] 97cbe7c2-e141-483b-917f-75cfa8c28afb: 24 groups; 1.7 s; peak memory 344 MiB.
2026-10-10T16:48:00Z INFO [66/900] 97cc0d1a-e9f6-4ecc-a211-f1f65595d815: 99 groups; 1.6 s; peak memory 344 MiB.
2026-10-10T16:48:01Z INFO [67/900] 97cc9a8e-ed17-4f39-b2aa-bcbc537b22dd: 32 groups; 1.6 s; peak memory 344 MiB.
2026-10-10T16:48:03Z INFO [68/900] 97cd3e0d-1821-4720-82f5-b781330c5463: 32 groups; 1.8 s; peak memory 344 MiB.
2026-10-10T16:48:06Z INFO [69/900] 97ce2119-ad35-454f-a931-0d6294681f80: 48 groups; 3.2 s; peak memory 344 MiB.
2026-10-10T16:48:08Z INFO [70/900] 97ceb60b-e563-4931-8177-efae6c0ddaca: 32 groups; 1.7 s; peak memory 344 MiB.
2026-10-10T16:48:30Z INFO [71/900] 97d02c6e-730b-4374-9b81-c64066f6e8b6: 23 groups; 21.9 s; peak memory 344 MiB.
2026-10-10T16:48:32Z INFO [72/900] 97d054dc-ed2a-4f71-a76f-0cc0edab81bc: 40 groups; 1.9 s; peak memory 344 MiB.
2026-10-10T16:48:38Z INFO [73/900] 97d058d5-a9a4-4f53-93b5-daa98f5786b7: 34 groups; 6.2 s; peak memory 344 MiB.
2026-10-10T16:48:39Z INFO [74/900] 97d12295-9df4-4776-8c96-ca014196ff11: 22 groups; 1.3 s; peak memory 344 MiB.
2026-10-10T16:48:52Z INFO [75/900] 97d17ab1-4461-427c-85e0-ec6ec6c413cf: 63 groups; 12.4 s; peak memory 344 MiB.
2026-10-10T16:49:16Z INFO [76/900] 97d2b652-7fcb-4fd9-97bd-4b2c60d3d830: 190 groups; 24.2 s; peak memory 344 MiB.
2026-10-10T16:49:18Z INFO [77/900] 97d2dede-3566-49eb-99a5-9ee4f5458284: 337 groups; 2.1 s; peak memory 344 MiB.
2026-10-10T16:49:20Z INFO [78/900] 97d3711f-991a-4f73-9159-0ce2acbd8148: 25 groups; 1.5 s; peak memory 344 MiB.
2026-10-10T16:49:23Z INFO [79/900] 97d3c59b-4227-47c1-97f2-ce16682bf20c: 61 groups; 3.9 s; peak memory 344 MiB.
2026-10-10T16:49:26Z INFO [80/900] 97d454e7-fa78-4215-aa08-a7ed1c6bd378: 35 groups; 2.0 s; peak memory 344 MiB.
2026-10-10T16:49:27Z INFO [81/900] 97d57536-ae48-495e-8dcd-39398152ab0e: 22 groups; 1.4 s; peak memory 344 MiB.
2026-10-10T16:49:29Z INFO [82/900] 97d68574-51db-4427-b88b-40f1fefcef65: 35 groups; 1.9 s; peak memory 344 MiB.
2026-10-10T16:49:30Z INFO [83/900] 97d6fab9-3c97-4713-81e3-cc3882cce0ea: 22 groups; 1.5 s; peak memory 344 MiB.
2026-10-10T16:49:33Z INFO [84/900] 97d73ce2-7567-4d3e-9009-535ecfdd7bb1: 194 groups; 2.8 s; peak memory 344 MiB.
2026-10-10T16:49:36Z INFO [85/900] 97d7da75-42be-41ac-8733-ef0384256428: 37 groups; 2.8 s; peak memory 344 MiB.
2026-10-10T16:49:37Z INFO [86/900] 97d8095f-82d1-42bf-bf26-afb77c749e85: 25 groups; 1.1 s; peak memory 344 MiB.
2026-10-10T16:49:40Z INFO [87/900] 97d8285c-a3a8-4bac-9771-530e78585d36: 35 groups; 2.5 s; peak memory 344 MiB.
2026-10-10T16:49:42Z INFO [88/900] 97d84410-4557-4cf9-b1b4-628b191ef847: 341 groups; 2.4 s; peak memory 344 MiB.
2026-10-10T16:49:44Z INFO [89/900] 97d99790-9e1e-438a-8464-e54db4c783b6: 32 groups; 1.7 s; peak memory 344 MiB.
2026-10-10T16:49:45Z INFO [90/900] 97d9c206-a52d-4721-8efd-28495ce0a94c: 22 groups; 1.3 s; peak memory 344 MiB.
2026-10-10T16:49:46Z INFO [91/900] 97da6848-81cc-4058-9851-28d25eb72954: 22 groups; 1.0 s; peak memory 344 MiB.
2026-10-10T16:49:48Z INFO [92/900] 97daa54e-ceb4-4279-908f-b87a5e8c4d93: 35 groups; 1.8 s; peak memory 344 MiB.
2026-10-10T16:49:52Z INFO [93/900] 97db335f-8558-455e-b784-b1accef6b1a1: 87 groups; 4.6 s; peak memory 344 MiB.
2026-10-10T16:49:54Z INFO [94/900] 97db9bf8-e7bd-4208-95b7-79a63e6d4df4: 22 groups; 1.3 s; peak memory 344 MiB.
2026-10-10T16:49:56Z INFO [95/900] 97dc0ade-c9b2-4304-a1ef-b2e6433c25f3: 33 groups; 2.2 s; peak memory 344 MiB.
2026-10-10T16:49:57Z INFO [96/900] 97dcbe4f-1b86-44e5-a61b-ec7410411c2e: 25 groups; 1.3 s; peak memory 344 MiB.
2026-10-10T16:50:04Z INFO [97/900] 97dd644a-767c-49af-9f48-73ec2a110447: 47 groups; 7.4 s; peak memory 344 MiB.
2026-10-10T16:50:06Z INFO [98/900] 97dd7f42-9b0a-45f1-b9a1-b4d4b4b303a2: 22 groups; 1.3 s; peak memory 344 MiB.
2026-10-10T16:50:08Z INFO [99/900] 97de16a6-af0b-44ab-acdf-06dba3df53b2: 48 groups; 2.6 s; peak memory 344 MiB.
2026-10-10T16:50:10Z INFO [100/900] 97de4764-a1f9-4db5-bfb8-24fdde6a53d8: 22 groups; 1.4 s; peak memory 344 MiB.
2026-10-10T16:50:10Z INFO [100/900] 97de4764-a1f9-4db5-bfb8-24fdde6a53d8: checkpointed 120236 new records.
2026-10-10T16:50:12Z INFO [101/900] 97de4b1d-8e6c-4ce1-b535-40d43ad87f96: 67 groups; 1.9 s; peak memory 344 MiB.
2026-10-10T16:50:14Z INFO [102/900] 97decf94-5515-47c5-b061-8970b151e3bb: 35 groups; 1.8 s; peak memory 344 MiB.
2026-10-10T16:50:15Z INFO [103/900] 97e0215a-0b80-4a88-a784-963ca8d686a3: 17 groups; 1.0 s; peak memory 344 MiB.
2026-10-10T16:50:19Z INFO [104/900] 97e100b6-772c-4fe7-9e96-4b8fd7273f3b: 50 groups; 3.8 s; peak memory 344 MiB.
2026-10-10T16:50:20Z INFO [105/900] 97e13010-0bf6-42d1-a541-93fc4d387b41: 32 groups; 1.5 s; peak memory 344 MiB.
2026-10-10T16:50:22Z INFO [106/900] 97e1b956-1bbc-423d-ba6c-e03518c01a48: 254 groups; 1.7 s; peak memory 344 MiB.
2026-10-10T16:50:23Z INFO [107/900] 97e1d41f-2467-43c7-b763-f845c3e11319: 25 groups; 1.5 s; peak memory 344 MiB.
2026-10-10T16:52:20Z INFO [108/900] 97e4a64b-4ff9-42ba-9dad-b9b0919cb68e: 27 groups; 117.0 s; peak memory 344 MiB.
2026-10-10T16:52:22Z INFO [109/900] 97e539b1-d3c1-4134-81ad-21e263de4d56: 33 groups; 2.0 s; peak memory 344 MiB.
2026-10-10T16:52:55Z INFO [110/900] 97e65653-5bd5-4171-bbdd-0841e9e041a2: 2861 groups; 33.0 s; peak memory 344 MiB.
2026-10-10T16:52:57Z INFO [111/900] 97e6708b-25ac-47c9-a5ff-839b1fb37846: 203 groups; 1.9 s; peak memory 344 MiB.
2026-10-10T16:52:59Z INFO [112/900] 97e6c946-0c3f-4853-b7ec-0050ad26594d: 32 groups; 1.7 s; peak memory 344 MiB.
2026-10-10T16:53:01Z INFO [113/900] 97e78e8d-5c8e-4136-afac-30a86765d87e: 35 groups; 1.8 s; peak memory 344 MiB.
2026-10-10T16:53:03Z INFO [114/900] 97e78f31-dfd9-4f5c-ad63-ab51289780d1: 32 groups; 1.8 s; peak memory 344 MiB.
2026-10-10T16:53:05Z INFO [115/900] 97e7b221-1318-437b-b630-817c4c913451: 35 groups; 2.2 s; peak memory 344 MiB.
2026-10-10T16:53:11Z INFO [116/900] 97e7c5f1-cc2a-4dd6-b263-5a9fc11dda94: 149 groups; 6.1 s; peak memory 344 MiB.
2026-10-10T16:53:13Z INFO [117/900] 97e83c13-9a0e-4d5e-94a9-016130552618: 194 groups; 2.1 s; peak memory 344 MiB.
2026-10-10T16:53:15Z INFO [118/900] 97e881a7-e724-4d97-8ca7-32348268d6e1: 35 groups; 1.8 s; peak memory 344 MiB.
2026-10-10T16:53:17Z INFO [119/900] 97e8fcd5-b2cb-4cda-a734-12f8f7a68342: 35 groups; 1.8 s; peak memory 344 MiB.
2026-10-10T16:53:18Z INFO [120/900] 97e9d7a0-c3f0-47b7-8edc-3250505b8e19: 25 groups; 1.4 s; peak memory 344 MiB.
2026-10-10T16:53:19Z INFO [121/900] 97eac4c2-f9ea-4ec8-a5a0-9d3851ddb3bc: 22 groups; 1.3 s; peak memory 344 MiB.
2026-10-10T16:53:22Z INFO [122/900] 97eb353a-4e1d-472f-b21f-1d2880049c5f: 199 groups; 2.1 s; peak memory 344 MiB.
2026-10-10T16:53:25Z INFO [123/900] 97ecbc26-461d-4df8-a02f-0164578a069a: 61 groups; 3.9 s; peak memory 344 MiB.
2026-10-10T16:53:57Z INFO [124/900] 97ee020f-95bc-4004-8bf2-493b9c1362dd: 17 groups; 32.0 s; peak memory 344 MiB.
2026-10-10T16:53:59Z INFO [125/900] 97ee0ffe-d155-41b5-b694-81b032c1aedd: 17 groups; 1.3 s; peak memory 344 MiB.
2026-10-10T16:54:02Z INFO [126/900] 97ee6463-b789-4265-8574-fb56766310a9: 50 groups; 3.6 s; peak memory 344 MiB.
2026-10-10T16:54:04Z INFO [127/900] 97ee7993-3464-4e80-aad9-ec29583dc7df: 32 groups; 1.7 s; peak memory 344 MiB.
2026-10-10T16:54:06Z INFO [128/900] 97ee7cae-d3e5-4d88-ba5e-4a2968595e92: 33 groups; 1.7 s; peak memory 344 MiB.
2026-10-10T16:54:07Z INFO [129/900] 97f05036-aea8-4b61-8ff3-9f8639a64621: 29 groups; 1.6 s; peak memory 344 MiB.
2026-10-10T16:54:09Z INFO [130/900] 97f18f02-91a9-4685-8d03-c5bfe1e92ca8: 22 groups; 1.4 s; peak memory 344 MiB.
2026-10-10T16:54:10Z INFO [131/900] 97f213d5-3e1d-4473-b512-4519ddbd6c77: 35 groups; 1.8 s; peak memory 344 MiB.
2026-10-10T16:54:13Z INFO [132/900] 97f2c745-1e25-440d-bbf5-1f88f3de3ab2: 200 groups; 2.3 s; peak memory 344 MiB.
2026-10-10T16:54:14Z INFO [133/900] 97f2d5e4-01a4-4a61-88e3-4b85597d769f: 30 groups; 1.3 s; peak memory 344 MiB.
2026-10-10T16:54:15Z INFO [134/900] 97f325bb-e77b-444b-ab81-cf2d98911347: 22 groups; 1.3 s; peak memory 344 MiB.
2026-10-10T16:54:16Z INFO [135/900] 97f338c7-8d99-4151-a20a-69ee55884552: 28 groups; 1.2 s; peak memory 344 MiB.
2026-10-10T16:54:18Z INFO [136/900] 97f48979-0fea-445e-98f6-978900e88d40: 32 groups; 1.5 s; peak memory 344 MiB.
2026-10-10T16:54:19Z INFO [137/900] 97f4c002-2301-4b63-b5bd-054d90afb990: 22 groups; 1.4 s; peak memory 344 MiB.
2026-10-10T16:54:30Z INFO [138/900] 97f532ae-26b1-4439-8f76-791d038ca427: 50 groups; 11.0 s; peak memory 344 MiB.
2026-10-10T16:54:32Z INFO [139/900] 97f5b32f-767a-484c-800d-4cc3d9114518: 41 groups; 2.0 s; peak memory 344 MiB.
2026-10-10T16:54:34Z INFO [140/900] 97f5d4be-fb93-4917-938e-71a963c84452: 33 groups; 1.8 s; peak memory 344 MiB.
2026-10-10T16:54:35Z INFO [141/900] 97f5f0fd-92d5-4a21-8b49-9c6577202888: 22 groups; 1.3 s; peak memory 344 MiB.
2026-10-10T16:54:43Z INFO [142/900] 97f6b50f-1d3a-4e5f-9209-1c61b641bfa8: 166 groups; 7.4 s; peak memory 344 MiB.
2026-10-10T16:58:32Z INFO [143/900] 97f72451-d74c-48ac-a136-0260efc43dfa: 81 groups; 229.6 s; peak memory 521 MiB.
2026-10-10T16:58:34Z INFO [144/900] 97f76186-3eec-4a86-b5d5-24c513784cd5: 32 groups; 1.6 s; peak memory 521 MiB.
2026-10-10T16:58:50Z INFO [145/900] 97f87440-8c37-4351-b339-41859544124b: 471 groups; 16.0 s; peak memory 521 MiB.
2026-10-10T16:58:52Z INFO [146/900] 97f88159-014a-4bfc-9566-97648a6514b9: 35 groups; 1.9 s; peak memory 521 MiB.
2026-10-10T16:58:53Z INFO [147/900] 97f8a163-6801-476a-875d-0e95438e61ac: 16 groups; 1.3 s; peak memory 521 MiB.
2026-10-10T16:58:55Z INFO [148/900] 97f8f8fe-f337-4bd0-8d7d-0377c4c27cac: 36 groups; 1.8 s; peak memory 521 MiB.
2026-10-10T16:58:57Z INFO [149/900] 97fa5b65-7a8f-4e7e-8286-70a8072a3639: 64 groups; 2.4 s; peak memory 521 MiB.
2026-10-10T16:58:59Z INFO [150/900] 97fb0379-558c-46c0-83a7-a2c0e2ce8d39: 42 groups; 1.9 s; peak memory 521 MiB.
2026-10-10T16:58:59Z INFO [150/900] 97fb0379-558c-46c0-83a7-a2c0e2ce8d39: checkpointed 120286 new records.
2026-10-10T16:59:13Z INFO [151/900] 97fb4a0a-35b8-416f-bd80-41413401e37e: 168 groups; 13.7 s; peak memory 521 MiB.
2026-10-10T16:59:16Z INFO [152/900] 97fc4252-6718-4520-a37a-bddc9800d396: 17 groups; 3.3 s; peak memory 521 MiB.
2026-10-10T16:59:18Z INFO [153/900] 97fcdc70-3134-49a0-a213-ffcd8703e1aa: 32 groups; 1.5 s; peak memory 521 MiB.
2026-10-10T16:59:20Z INFO [154/900] 97fcf082-36b8-43dd-9e3d-875ab926fa50: 35 groups; 2.2 s; peak memory 521 MiB.
2026-10-10T16:59:21Z INFO [155/900] 97ff3f99-975e-4b89-9bf0-3eb64a143a7a: 22 groups; 1.3 s; peak memory 521 MiB.
2026-10-10T16:59:23Z INFO [156/900] 97ff5992-44e4-4695-8173-72990db60903: 22 groups; 1.3 s; peak memory 521 MiB.
2026-10-10T16:59:24Z INFO [157/900] 97ff94a5-ccc7-4d51-ad39-a2e952f89081: 31 groups; 1.2 s; peak memory 521 MiB.
2026-10-10T16:59:27Z INFO [158/900] 97ffd9a6-b9a8-4abd-996b-360faf8b0c6e: 48 groups; 3.3 s; peak memory 521 MiB.
2026-10-10T16:59:29Z INFO [159/900] 97ffe732-b523-4d2d-9602-64306ff65e15: 32 groups; 1.5 s; peak memory 521 MiB.
2026-10-10T16:59:31Z INFO [160/900] 9800923f-5eff-4e29-8171-382a71a4c7b1: 200 groups; 2.6 s; peak memory 521 MiB.
2026-10-10T16:59:33Z INFO [161/900] 9802dac1-c13e-4f38-ace9-9f965f05d6ff: 41 groups; 1.4 s; peak memory 521 MiB.
2026-10-10T16:59:35Z INFO [162/900] 9802fc45-8080-4649-a96a-8377e277a632: 200 groups; 2.2 s; peak memory 521 MiB.
2026-10-10T16:59:36Z INFO [163/900] 98032028-7317-48aa-adc4-1fd37d143f3e: 22 groups; 1.5 s; peak memory 521 MiB.
2026-10-10T16:59:55Z INFO [164/900] 98040df6-71e0-4b42-bb4e-30ab1245be4a: 23 groups; 18.7 s; peak memory 521 MiB.
2026-10-10T16:59:57Z INFO [165/900] 9804280b-80e1-4138-8d77-4b8231360729: 194 groups; 1.9 s; peak memory 521 MiB.
2026-10-10T16:59:58Z INFO [166/900] 98053986-406b-4948-bf97-92dafb9f7d99: 22 groups; 1.4 s; peak memory 521 MiB.
2026-10-10T17:00:07Z INFO [167/900] 98060160-7a82-4f2c-9cb7-ec2518f682e7: 181 groups; 8.7 s; peak memory 521 MiB.
2026-10-10T17:00:09Z INFO [168/900] 980776b3-e0af-4733-a53f-8699ddd7d975: 24 groups; 1.5 s; peak memory 521 MiB.
2026-10-10T17:00:10Z INFO [169/900] 9807fe51-e11b-4ce9-968f-2a145607d716: 22 groups; 1.5 s; peak memory 521 MiB.
2026-10-10T17:00:12Z INFO [170/900] 980876a0-c1fe-4397-a98b-5a75e35c943b: 22 groups; 1.5 s; peak memory 521 MiB.
2026-10-10T17:00:20Z INFO [171/900] 980968b4-317f-4058-96c4-fcd6bbcf2c5c: 891 groups; 8.5 s; peak memory 521 MiB.
2026-10-10T17:00:21Z INFO [172/900] 980a05d6-5e05-436c-ad26-c3c7c3b6be6f: 22 groups; 1.3 s; peak memory 521 MiB.
2026-10-10T17:00:23Z INFO [173/900] 980a4dd8-889e-4b7c-987e-16cf23fb88d8: 26 groups; 1.4 s; peak memory 521 MiB.
2026-10-10T17:00:24Z INFO [174/900] 980a579f-b6bd-4bc5-9ec3-92fa1094deb6: 22 groups; 1.3 s; peak memory 521 MiB.
2026-10-10T17:00:27Z INFO [175/900] 980a77f0-bec5-47ae-a2e5-539f396efa50: 50 groups; 3.4 s; peak memory 521 MiB.
2026-10-10T17:00:29Z INFO [176/900] 980aeb78-1e27-4d96-8a30-13d85aa0a653: 202 groups; 1.7 s; peak memory 521 MiB.
2026-10-10T17:00:31Z INFO [177/900] 980ceaea-7a89-49a0-ba9c-b81a0d7aed5a: 32 groups; 1.6 s; peak memory 521 MiB.
2026-10-10T17:00:32Z INFO [178/900] 980d9a34-9695-4c7c-b862-6dedfdc6cbde: 32 groups; 1.6 s; peak memory 521 MiB.
2026-10-10T17:16:06Z INFO [179/900] 980e6316-b072-48dd-876c-ff9648b520f9: 65 groups; 933.7 s; peak memory 1214 MiB.
2026-10-10T17:16:08Z INFO [180/900] 980f7122-4b3f-4be5-b638-fbd8dd2ab388: 202 groups; 1.9 s; peak memory 1214 MiB.
2026-10-10T17:16:10Z INFO [181/900] 9810e9b9-b5db-49ab-aa4a-c4e40c389c3f: 32 groups; 1.8 s; peak memory 1214 MiB.
2026-10-10T17:16:11Z INFO [182/900] 9810fa74-8aac-4603-aa31-78b1b6c46f42: 32 groups; 1.8 s; peak memory 1214 MiB.
2026-10-10T17:16:13Z INFO [183/900] 98112f21-2500-4e9d-98dc-9c50e7957968: 22 groups; 1.3 s; peak memory 1214 MiB.
2026-10-10T17:16:14Z INFO [184/900] 98113184-87a9-45e5-a275-c5b87b1c4fed: 32 groups; 1.8 s; peak memory 1214 MiB.
2026-10-10T17:25:48Z INFO [185/900] 9811ee83-a9ea-465a-95a5-8646c4c3ab20: 46 groups; 573.7 s; peak memory 1248 MiB.
2026-10-10T17:25:51Z INFO [186/900] 9812a3b0-a93d-4cc5-8f6f-7a249070604a: 206 groups; 2.5 s; peak memory 1248 MiB.
2026-10-10T17:25:52Z INFO [187/900] 981350fc-136d-41ae-9170-4fba7ab21def: 22 groups; 1.2 s; peak memory 1248 MiB.
2026-10-10T17:25:58Z INFO [188/900] 981421ae-1f09-4aa5-8f59-8958ae7f7be0: 78 groups; 6.0 s; peak memory 1248 MiB.
2026-10-10T17:25:59Z INFO [189/900] 9814b2c6-a957-4cc8-b037-abf0a63e1fde: 22 groups; 1.3 s; peak memory 1248 MiB.
2026-10-10T17:26:06Z INFO [190/900] 9814bef9-3ec6-48cb-b010-ed4893324886: 78 groups; 6.8 s; peak memory 1248 MiB.
2026-10-10T17:26:13Z INFO [191/900] 9814c6ad-cdf8-4a27-b641-85ee4179102f: 90 groups; 6.7 s; peak memory 1248 MiB.
2026-10-10T17:26:15Z INFO [192/900] 9815afc2-150f-4cf4-90cb-e8571a0d0776: 35 groups; 2.1 s; peak memory 1248 MiB.
2026-10-10T17:26:17Z INFO [193/900] 9815dae8-179c-4efb-90be-c8f2d9144d62: 35 groups; 2.1 s; peak memory 1248 MiB.
2026-10-10T17:26:19Z INFO [194/900] 98166d94-3d24-4038-80fe-755bca99afea: 54 groups; 2.6 s; peak memory 1248 MiB.
2026-10-10T17:26:21Z INFO [195/900] 98175412-45db-48bf-9640-81cbe5f94a15: 32 groups; 1.7 s; peak memory 1248 MiB.
2026-10-10T17:26:25Z INFO [196/900] 9817a748-eeb5-4a2a-8e46-6cee7e325a6d: 52 groups; 3.8 s; peak memory 1248 MiB.
2026-10-10T17:26:26Z INFO [197/900] 9817f25e-c9fa-48f6-8150-d14d86931aa4: 22 groups; 1.4 s; peak memory 1248 MiB.
2026-10-10T17:26:28Z INFO [198/900] 98186aaf-1983-47cf-b8d2-6c30e59ec29d: 22 groups; 1.4 s; peak memory 1248 MiB.
2026-10-10T17:26:30Z INFO [199/900] 981895e2-3dca-4eb8-9fa3-c7a460a8effb: 32 groups; 1.9 s; peak memory 1248 MiB.
2026-10-10T17:26:33Z INFO [200/900] 981999dc-b863-476f-b8eb-ed1d8de40588: 48 groups; 3.5 s; peak memory 1248 MiB.
2026-10-10T17:26:33Z INFO [200/900] 981999dc-b863-476f-b8eb-ed1d8de40588: checkpointed 120336 new records.
2026-10-10T17:26:41Z INFO [201/900] 981bd06a-7656-425e-b268-c2df049f3ab6: 181 groups; 7.4 s; peak memory 1248 MiB.
2026-10-10T17:27:11Z INFO [202/900] 981c8063-3785-423d-aed4-7749da12dc6d: 238 groups; 30.4 s; peak memory 1248 MiB.
2026-10-10T17:27:13Z INFO [203/900] 981ca42b-cde1-45f5-8cf1-258119eba0a2: 202 groups; 2.1 s; peak memory 1248 MiB.
2026-10-10T17:27:15Z INFO [204/900] 981d4858-b511-42ef-a88d-814169989577: 22 groups; 1.4 s; peak memory 1248 MiB.
2026-10-10T17:27:16Z INFO [205/900] 981e3aa4-fbb0-42a0-ae95-382730ae1340: 24 groups; 1.5 s; peak memory 1248 MiB.
2026-10-10T17:27:20Z INFO [206/900] 981ea2a3-29c4-44d6-abd1-b1717c8befe9: 61 groups; 4.0 s; peak memory 1248 MiB.
2026-10-10T17:27:37Z INFO [207/900] 981f4d7a-08a3-4c3d-ae50-92ce4408125b: 213 groups; 16.5 s; peak memory 1248 MiB.
2026-10-10T17:27:38Z INFO [208/900] 981f574d-01ba-425b-b6da-82c2b6eb1341: 32 groups; 1.7 s; peak memory 1248 MiB.
2026-10-10T17:27:40Z INFO [209/900] 981f596f-8b85-4355-a759-b347c79426ee: 36 groups; 1.7 s; peak memory 1248 MiB.
2026-10-10T17:27:47Z INFO [210/900] 981fafe2-836c-4881-940f-a8dea9ad0900: 66 groups; 6.9 s; peak memory 1248 MiB.
2026-10-10T17:27:49Z INFO [211/900] 981fd872-2ef7-45e0-a331-239ec6080dd0: 36 groups; 1.9 s; peak memory 1248 MiB.
2026-10-10T17:27:50Z INFO [212/900] 981feb6f-06b4-496a-b65a-de7fa160e902: 30 groups; 1.3 s; peak memory 1248 MiB.
2026-10-10T17:27:52Z INFO [213/900] 9820d687-3aa3-4c00-945c-3bcc92ba4e5e: 32 groups; 1.7 s; peak memory 1248 MiB.
2026-10-10T17:29:50Z INFO [214/900] 98216da1-992d-4ba6-bc5f-df66cb02b5a5: 68 groups; 117.9 s; peak memory 1248 MiB.
2026-10-10T17:29:53Z INFO [215/900] 98223c17-8c21-44ff-9c95-aae6a5f6fdd6: 81 groups; 3.0 s; peak memory 1248 MiB.
2026-10-10T17:29:56Z INFO [216/900] 98229504-d01d-4c4f-8aad-e80b1bf234ba: 48 groups; 3.0 s; peak memory 1248 MiB.
2026-10-10T17:29:57Z INFO [217/900] 9822ce6f-c904-4814-9834-ba0c13b780e0: 22 groups; 1.4 s; peak memory 1248 MiB.
2026-10-10T17:29:59Z INFO [218/900] 98239409-8455-4c57-862e-0338e32889bc: 202 groups; 2.0 s; peak memory 1248 MiB.
2026-10-10T17:30:07Z INFO [219/900] 9824a90a-e65f-437c-9372-377d1a56f899: 181 groups; 7.6 s; peak memory 1248 MiB.
2026-10-10T17:30:08Z INFO [220/900] 9824c651-ba3b-4ae2-a6cc-ade18b01cfbd: 16 groups; 1.3 s; peak memory 1248 MiB.
2026-10-10T17:30:14Z INFO [221/900] 9824ce2d-1030-47f5-abe9-6d94e6ce409f: 56 groups; 5.9 s; peak memory 1248 MiB.
2026-10-10T17:30:21Z INFO [222/900] 982542ae-63c7-4f66-b730-fc02ca77ed6d: 181 groups; 7.1 s; peak memory 1248 MiB.
2026-10-10T17:30:29Z INFO [223/900] 98257946-fa32-40cb-8d3a-c71432c8c3b8: 65 groups; 7.9 s; peak memory 1248 MiB.
2026-10-10T17:30:30Z INFO [224/900] 9825d553-cedf-408a-867d-b18cb4de0817: 25 groups; 1.4 s; peak memory 1248 MiB.
2026-10-10T17:30:32Z INFO [225/900] 9825d73f-b062-4512-941b-c9deb4051a60: 22 groups; 1.9 s; peak memory 1248 MiB.
2026-10-10T17:30:34Z INFO [226/900] 9825dbfb-9433-4bac-a3d7-9960821dfe39: 32 groups; 1.4 s; peak memory 1248 MiB.
2026-10-10T17:30:35Z INFO [227/900] 9826049a-a518-42b0-9ec1-dcf5a81f6405: 31 groups; 1.3 s; peak memory 1248 MiB.
2026-10-10T17:30:37Z INFO [228/900] 98264c40-141a-4bd5-8ee4-0a64a16d5e86: 36 groups; 1.7 s; peak memory 1248 MiB.
2026-10-10T17:30:39Z INFO [229/900] 98265583-c8e4-48f4-82cd-4b5736dc3aea: 35 groups; 2.2 s; peak memory 1248 MiB.
2026-10-10T17:30:45Z INFO [230/900] 9826cce2-b041-4ddb-b49e-88304e330f46: 110 groups; 5.6 s; peak memory 1248 MiB.
2026-10-10T17:30:46Z INFO [231/900] 98280955-6d63-4c1e-a83b-1cf911ab9c6b: 32 groups; 1.6 s; peak memory 1248 MiB.
2026-10-10T17:30:48Z INFO [232/900] 98286d16-4a86-4529-9d4a-7ab9ff1bea09: 35 groups; 1.8 s; peak memory 1248 MiB.
2026-10-10T17:30:50Z INFO [233/900] 98288780-8e3a-4e34-a047-1234c9c8b466: 32 groups; 1.6 s; peak memory 1248 MiB.
2026-10-10T17:30:58Z INFO [234/900] 982aae95-2747-4f99-999a-26fa04745328: 34 groups; 8.8 s; peak memory 1248 MiB.
2026-10-10T17:31:01Z INFO [235/900] 982b16d4-de1c-4709-816a-458dbe6e3059: 199 groups; 2.2 s; peak memory 1248 MiB.
2026-10-10T17:31:02Z INFO [236/900] 982b906f-c940-4468-a4e4-49e7b3ab2ee9: 194 groups; 1.7 s; peak memory 1248 MiB.
2026-10-10T17:31:04Z INFO [237/900] 982c2755-4779-4e21-8dbd-a8f69ee7dd90: 32 groups; 1.6 s; peak memory 1248 MiB.
2026-10-10T17:31:05Z INFO [238/900] 982cb939-2a3f-487a-be76-052eb18e3cb0: 28 groups; 1.5 s; peak memory 1248 MiB.
2026-10-10T17:31:08Z INFO [239/900] 982d1280-6ad1-4279-9564-07b26f93593e: 35 groups; 2.4 s; peak memory 1248 MiB.
2026-10-10T17:31:09Z INFO [240/900] 982e13e8-a95e-49be-a72d-e15aac1540bf: 22 groups; 1.3 s; peak memory 1248 MiB.
2026-10-10T17:31:21Z INFO [241/900] 982e180e-f52c-48eb-bd26-f49668cd9828: 76 groups; 11.5 s; peak memory 1248 MiB.
2026-10-10T17:31:23Z INFO [242/900] 982ff093-65ca-4ca4-a6e9-06ea40f37ed4: 35 groups; 2.0 s; peak memory 1248 MiB.
2026-10-10T17:31:25Z INFO [243/900] 98316b58-aa29-4e9b-bc53-71fd0322b068: 34 groups; 2.4 s; peak memory 1248 MiB.
2026-10-10T17:31:29Z INFO [244/900] 9831f261-8384-4da1-8dc7-9cd201b4271f: 50 groups; 3.6 s; peak memory 1248 MiB.
2026-10-10T17:31:35Z INFO [245/900] 98328081-309a-4be9-9dc4-d142d92d2be9: 71 groups; 6.7 s; peak memory 1248 MiB.
2026-10-10T17:32:02Z INFO [246/900] 9832c6f7-3ad4-444f-9c24-23e544de94a0: 264 groups; 27.0 s; peak memory 1248 MiB.
2026-10-10T17:32:04Z INFO [247/900] 983316e4-9322-4e52-b79b-3a24e95a9ff9: 16 groups; 1.2 s; peak memory 1248 MiB.
2026-10-10T17:32:07Z INFO [248/900] 98339204-04aa-468f-920f-b0669badc9b5: 17 groups; 2.9 s; peak memory 1248 MiB.
2026-10-10T17:32:09Z INFO [249/900] 98345bb4-aaae-40ff-a251-d994c4ea8848: 253 groups; 2.0 s; peak memory 1248 MiB.
2026-10-10T17:32:11Z INFO [250/900] 9834e893-7d30-46e5-b53a-9dda75971c27: 256 groups; 2.2 s; peak memory 1248 MiB.
2026-10-10T17:32:11Z INFO [250/900] 9834e893-7d30-46e5-b53a-9dda75971c27: checkpointed 120386 new records.
2026-10-10T17:32:12Z INFO [251/900] 98360f2e-3a73-4683-a4b8-11a1de99d925: 29 groups; 1.4 s; peak memory 1248 MiB.
2026-10-10T17:32:16Z INFO [252/900] 983652c7-8cac-4216-b972-bcac7ce88c85: 71 groups; 3.4 s; peak memory 1248 MiB.
2026-10-10T17:32:18Z INFO [253/900] 983689ec-4f05-4913-a6e0-caa90e1f8dd4: 35 groups; 1.9 s; peak memory 1248 MiB.
2026-10-10T17:32:19Z INFO [254/900] 98369d27-75e9-4794-9af6-d30722c425a2: 22 groups; 1.4 s; peak memory 1248 MiB.
2026-10-10T17:32:20Z INFO [255/900] 98372ea4-b084-4694-9a21-6a09ba60ad34: 22 groups; 1.3 s; peak memory 1248 MiB.
2026-10-10T17:32:23Z INFO [256/900] 9838525f-443a-4522-be87-92ef24f1b54c: 41 groups; 2.2 s; peak memory 1248 MiB.
2026-10-10T17:32:24Z INFO [257/900] 983896bc-2577-43f5-8442-396dffb5a01f: 29 groups; 1.5 s; peak memory 1248 MiB.
2026-10-10T17:32:26Z INFO [258/900] 9838aa0f-aed4-42cd-bd49-a49af5cfe21e: 32 groups; 1.7 s; peak memory 1248 MiB.
2026-10-10T17:32:27Z INFO [259/900] 98392275-72e6-402c-9933-35820670f653: 22 groups; 1.4 s; peak memory 1248 MiB.
2026-10-10T17:32:29Z INFO [260/900] 9839b321-6a9a-4bba-b2a8-ba8c4264b680: 32 groups; 1.5 s; peak memory 1248 MiB.
2026-10-10T17:32:30Z INFO [261/900] 983a62e2-674e-44ef-921c-428523067597: 22 groups; 1.2 s; peak memory 1248 MiB.
2026-10-10T17:33:32Z INFO [262/900] 983aa1cb-07bc-417b-a1b6-e51fb8d4d3c9: 110 groups; 61.9 s; peak memory 1248 MiB.
2026-10-10T17:33:34Z INFO [263/900] 983ae7d9-e1f0-45fc-9cac-2d70b32e1df7: 203 groups; 1.8 s; peak memory 1248 MiB.
2026-10-10T17:33:35Z INFO [264/900] 983b1fc8-d9cc-428b-bf88-23cbeb5a9921: 30 groups; 1.4 s; peak memory 1248 MiB.
2026-10-10T17:33:45Z INFO [265/900] 983b2a2a-ce7a-405c-8fb0-d22185757992: 212 groups; 9.5 s; peak memory 1248 MiB.
2026-10-10T17:33:46Z INFO [266/900] 983b546c-ffb1-499b-bc85-6b60486a6989: 336 groups; 1.8 s; peak memory 1248 MiB.
2026-10-10T17:33:50Z INFO [267/900] 983b841d-a42d-4fe3-bc83-c3c068448f78: 336 groups; 3.3 s; peak memory 1248 MiB.
2026-10-10T17:33:56Z INFO [268/900] 983c0b17-8d93-445c-b461-bbc6264b72dd: 39 groups; 6.0 s; peak memory 1248 MiB.
2026-10-10T17:33:58Z INFO [269/900] 983c4294-fbe0-4e90-af8f-05d8db1b41b9: 337 groups; 2.2 s; peak memory 1248 MiB.
2026-10-10T17:34:06Z INFO [270/900] 983cb2e7-df57-43a3-8884-2dcf64f4c027: 181 groups; 8.3 s; peak memory 1248 MiB.
2026-10-10T17:34:08Z INFO [271/900] 983cd752-9056-4194-b2c6-056c57aada2e: 32 groups; 1.6 s; peak memory 1248 MiB.
2026-10-10T17:34:19Z INFO [272/900] 983d2a66-f5dd-487a-a136-12632d1fd429: 50 groups; 11.4 s; peak memory 1248 MiB.
2026-10-10T17:34:23Z INFO [273/900] 983db773-d306-41f2-8958-7e44f47157a1: 48 groups; 3.4 s; peak memory 1248 MiB.
2026-10-10T17:34:25Z INFO [274/900] 983dd3b7-d0cc-48bf-8aa5-d80170465f93: 336 groups; 2.4 s; peak memory 1248 MiB.
2026-10-10T17:34:33Z INFO [275/900] 983e785c-1d83-4538-bcaa-6b7e5187699d: 57 groups; 7.5 s; peak memory 1248 MiB.
2026-10-10T17:34:34Z INFO [276/900] 983e9e88-7bf7-4314-a715-340d3747c545: 32 groups; 1.9 s; peak memory 1248 MiB.
2026-10-10T17:34:47Z INFO [277/900] 983eb223-7e46-4ea1-aa89-738d64fd59e6: 164 groups; 12.7 s; peak memory 1248 MiB.
2026-10-10T17:34:48Z INFO [278/900] 983f1d8e-6a46-4254-a92d-31d43f864a42: 25 groups; 1.4 s; peak memory 1248 MiB.
2026-10-10T17:35:26Z INFO [279/900] 983f73e6-4f18-4900-9c99-671bce6b95ac: 40 groups; 37.1 s; peak memory 1248 MiB.
2026-10-10T17:35:27Z INFO [280/900] 983f7de2-9dfa-4ddb-88a6-1f62721fd62b: 32 groups; 1.5 s; peak memory 1248 MiB.
2026-10-10T17:35:29Z INFO [281/900] 98403b9b-871c-4a43-9da6-b43d704d69ca: 33 groups; 2.0 s; peak memory 1248 MiB.
2026-10-10T17:35:30Z INFO [282/900] 9840ac8c-250d-4d67-8a5d-13ce2178a7fd: 16 groups; 1.1 s; peak memory 1248 MiB.
2026-10-10T17:35:32Z INFO [283/900] 9840dd66-2dc5-4ab9-9a6f-90f813c1a057: 29 groups; 1.6 s; peak memory 1248 MiB.
2026-10-10T17:35:33Z INFO [284/900] 9840e631-4bb7-4667-b741-065e2e81a189: 22 groups; 1.4 s; peak memory 1248 MiB.
2026-10-10T17:35:35Z INFO [285/900] 9840ed0b-09fd-4df0-88b8-0652cf378423: 336 groups; 2.3 s; peak memory 1248 MiB.
2026-10-10T17:35:51Z INFO [286/900] 9841cca9-d12e-4bca-a1e4-dbeebf0e9832: 271 groups; 15.6 s; peak memory 1248 MiB.
2026-10-10T17:35:52Z INFO [287/900] 9842b5d9-5cc2-4ca9-adc7-b7ed2d3a148d: 22 groups; 1.3 s; peak memory 1248 MiB.
2026-10-10T17:35:54Z INFO [288/900] 9842d79e-69a2-479c-b997-31abf6d83ff5: 22 groups; 1.3 s; peak memory 1248 MiB.
2026-10-10T17:35:55Z INFO [289/900] 98433849-d77b-4f08-8b3a-cc11925ba0e6: 22 groups; 1.3 s; peak memory 1248 MiB.
2026-10-10T17:35:57Z INFO [290/900] 98447f83-ee53-4161-9c5c-43cddfa43243: 35 groups; 1.9 s; peak memory 1248 MiB.
2026-10-10T17:35:59Z INFO [291/900] 9845eb7f-f9bc-4707-8aa7-1fa96c62d9d7: 25 groups; 1.6 s; peak memory 1248 MiB.
2026-10-10T17:36:00Z INFO [292/900] 9845ecce-ac0a-4d54-b178-98eb7886b312: 32 groups; 1.7 s; peak memory 1248 MiB.
2026-10-10T17:36:02Z INFO [293/900] 984682fa-957b-41fa-a6de-72a06ae2f217: 18 groups; 1.4 s; peak memory 1248 MiB.
2026-10-10T17:36:03Z INFO [294/900] 98468b3d-a4cc-40f0-be8c-39d38269e1ea: 22 groups; 1.2 s; peak memory 1248 MiB.
2026-10-10T17:36:26Z INFO [295/900] 9846aca7-67e3-4dde-a067-9caa7f57936f: 23 groups; 22.7 s; peak memory 1248 MiB.
2026-10-10T17:36:29Z INFO [296/900] 9846f51a-4746-4ed1-8437-c428594696eb: 45 groups; 3.5 s; peak memory 1248 MiB.
2026-10-10T17:36:31Z INFO [297/900] 9846f5a5-ba45-478d-8915-bbee1f9d23d1: 196 groups; 2.0 s; peak memory 1248 MiB.
2026-10-10T17:36:33Z INFO [298/900] 9847c998-db7a-497e-942c-de0b153f01e2: 199 groups; 2.1 s; peak memory 1248 MiB.
2026-10-10T17:36:35Z INFO [299/900] 98487689-c6e3-4f4d-887c-d57cf933f555: 33 groups; 1.9 s; peak memory 1248 MiB.
2026-10-10T17:36:38Z INFO [300/900] 9848a7ba-4bc5-45fa-98ee-f86f276fd076: 48 groups; 2.7 s; peak memory 1248 MiB.
2026-10-10T17:36:38Z INFO [300/900] 9848a7ba-4bc5-45fa-98ee-f86f276fd076: checkpointed 120436 new records.
2026-10-10T17:36:45Z INFO [301/900] 9848da80-955c-41f8-a33e-9d5036ec11fe: 85 groups; 6.9 s; peak memory 1248 MiB.
2026-10-10T17:36:46Z INFO [302/900] 98491e21-7aeb-4a3f-89d7-7e981cc2ceef: 22 groups; 1.3 s; peak memory 1248 MiB.
2026-10-10T17:36:48Z INFO [303/900] 98497a93-9e64-4d75-9789-0b5c477a6ca6: 25 groups; 1.5 s; peak memory 1248 MiB.
2026-10-10T17:36:49Z INFO [304/900] 9849ce5b-747b-4447-891b-c7115d7921ab: 17 groups; 1.3 s; peak memory 1248 MiB.
2026-10-10T17:37:02Z INFO [305/900] 984a090d-0078-459c-b05a-2a7a579f4d20: 200 groups; 12.4 s; peak memory 1248 MiB.
2026-10-10T17:39:18Z INFO [306/900] 984b7a05-822f-4782-a290-0209f8118d0e: 68 groups; 136.7 s; peak memory 1248 MiB.
2026-10-10T17:39:22Z INFO [307/900] 984ccd90-68a2-49a4-a6c2-db31a1a74dd1: 50 groups; 3.7 s; peak memory 1248 MiB.
2026-10-10T17:39:28Z INFO [308/900] 984d4d9d-810e-429e-9bd7-99a158f07bdd: 124 groups; 5.7 s; peak memory 1248 MiB.
2026-10-10T17:39:29Z INFO [309/900] 984d963e-50d2-4e4f-8609-636951a73553: 16 groups; 1.1 s; peak memory 1248 MiB.
2026-10-10T17:39:33Z INFO [310/900] 984e233b-1338-4572-97da-a56c012b64a6: 50 groups; 4.0 s; peak memory 1248 MiB.
2026-10-10T17:39:34Z INFO [311/900] 984e6e6c-89dd-4abc-b653-51fbcb37dfde: 24 groups; 1.3 s; peak memory 1248 MiB.
2026-10-10T17:39:36Z INFO [312/900] 984f55ad-c317-4abf-ad65-341238ab7418: 32 groups; 1.7 s; peak memory 1248 MiB.
2026-10-10T17:39:37Z INFO [313/900] 984f9a00-6190-4ede-8ed0-5f63db6fc46a: 32 groups; 1.7 s; peak memory 1248 MiB.
2026-10-10T17:39:53Z INFO [314/900] 984fb4f3-511a-472b-a2c3-86eb82b4e162: 210 groups; 15.6 s; peak memory 1248 MiB.
2026-10-10T17:40:01Z INFO [315/900] 98507e2d-370c-43e4-ab56-feb1ca0067d9: 190 groups; 7.8 s; peak memory 1248 MiB.
2026-10-10T17:40:02Z INFO [316/900] 9850c9ea-c29c-44d2-a282-51c40518beb2: 22 groups; 1.5 s; peak memory 1248 MiB.
2026-10-10T17:40:04Z INFO [317/900] 985158a2-d5f2-4c8e-b78c-e124e55468e8: 32 groups; 1.5 s; peak memory 1248 MiB.
2026-10-10T17:40:06Z INFO [318/900] 985192f2-6b00-4bf5-ba0b-05bfdcf2dc42: 33 groups; 1.9 s; peak memory 1248 MiB.
2026-10-10T17:40:07Z INFO [319/900] 9851b9ae-2fb3-4518-99cf-f95b8bc47494: 30 groups; 1.1 s; peak memory 1248 MiB.
2026-10-10T17:40:09Z INFO [320/900] 9851c34a-f6f2-4c00-b788-aee41fb02962: 336 groups; 2.2 s; peak memory 1248 MiB.
2026-10-10T17:40:12Z INFO [321/900] 98524711-6e17-4065-bb04-bb4711f21c8b: 48 groups; 2.8 s; peak memory 1248 MiB.
2026-10-10T17:40:14Z INFO [322/900] 9853b2c9-a67e-4bbd-9e35-23ded514bbfb: 32 groups; 1.8 s; peak memory 1248 MiB.
2026-10-10T17:40:16Z INFO [323/900] 9853ff14-5e9c-4816-91e2-43c574d743de: 35 groups; 2.2 s; peak memory 1248 MiB.
2026-10-10T17:40:19Z INFO [324/900] 98544202-b27a-4583-ac5f-d4d59933b9af: 73 groups; 3.3 s; peak memory 1248 MiB.
2026-10-10T17:40:20Z INFO [325/900] 9854761a-5907-4b4a-ab65-8d8672af6981: 22 groups; 1.4 s; peak memory 1248 MiB.
2026-10-10T17:40:22Z INFO [326/900] 98552f7b-24bb-41c3-9459-e060d374606a: 32 groups; 1.8 s; peak memory 1248 MiB.
2026-10-10T17:40:26Z INFO [327/900] 98553ccc-06c9-47ce-b2df-cd280cbe6341: 89 groups; 4.0 s; peak memory 1248 MiB.
2026-10-10T17:40:28Z INFO [328/900] 98560d05-311b-4901-868e-f6714968fbba: 32 groups; 1.5 s; peak memory 1248 MiB.
2026-10-10T17:40:31Z INFO [329/900] 985769f0-8c74-4187-b755-cd7858e60928: 38 groups; 2.9 s; peak memory 1248 MiB.
2026-10-10T17:40:39Z INFO [330/900] 9858e209-c00b-4339-9797-bae321c0e860: 181 groups; 7.9 s; peak memory 1248 MiB.
2026-10-10T17:40:42Z INFO [331/900] 985a17e6-b740-4f86-8557-5687835c04f1: 63 groups; 2.9 s; peak memory 1248 MiB.
2026-10-10T17:40:43Z INFO [332/900] 985a2ca3-880e-4d93-9fc4-ecf32cedd0b6: 32 groups; 1.8 s; peak memory 1248 MiB.
2026-10-10T17:40:46Z INFO [333/900] 985a918f-f4c3-4c11-a55a-7157e4fb467c: 35 groups; 2.4 s; peak memory 1248 MiB.
2026-10-10T17:40:57Z INFO [334/900] 985abb39-94de-4a7c-8471-d834a4335f6a: 176 groups; 11.4 s; peak memory 1248 MiB.
2026-10-10T17:41:01Z INFO [335/900] 985b0a9b-3e8b-4c2a-923e-f6de97e27f4a: 50 groups; 3.8 s; peak memory 1248 MiB.
2026-10-10T17:41:06Z INFO [336/900] 985bad23-821c-46b5-bf9a-e505c2aa2bd3: 22 groups; 5.5 s; peak memory 1248 MiB.
2026-10-10T17:41:08Z INFO [337/900] 985be56a-cb28-4614-bebb-5bfb9887872d: 22 groups; 1.3 s; peak memory 1248 MiB.
2026-10-10T17:41:09Z INFO [338/900] 985c5731-ce6b-443d-a6f7-52412421e344: 22 groups; 1.3 s; peak memory 1248 MiB.
2026-10-10T17:41:10Z INFO [339/900] 985cbc32-2209-4ebb-8291-f6b2c823a8be: 52 groups; 1.5 s; peak memory 1248 MiB.
2026-10-10T17:41:12Z INFO [340/900] 985d3a26-681a-43af-b38b-7cf9121d8899: 33 groups; 2.1 s; peak memory 1248 MiB.
2026-10-10T17:41:20Z INFO [341/900] 985d3f4c-4e4c-4a28-9731-04d5a99ab52f: 146 groups; 7.1 s; peak memory 1248 MiB.
2026-10-10T17:41:21Z INFO [342/900] 985d620b-beee-4361-ac05-41678665bd8e: 22 groups; 1.4 s; peak memory 1248 MiB.
2026-10-10T17:41:23Z INFO [343/900] 985dbe4b-b48b-4f78-9afa-1ed8afabbce3: 32 groups; 1.8 s; peak memory 1248 MiB.
2026-10-10T17:41:24Z INFO [344/900] 985e558e-2161-4550-b47b-91c8df43dba4: 22 groups; 1.5 s; peak memory 1248 MiB.
2026-10-10T17:41:26Z INFO [345/900] 985ebffb-e46d-4344-9c7d-734afcc509d5: 28 groups; 1.3 s; peak memory 1248 MiB.
2026-10-10T17:41:27Z INFO [346/900] 985f51aa-1b24-4699-b9e5-b62a6d5a22f1: 17 groups; 1.2 s; peak memory 1248 MiB.
2026-10-10T17:41:28Z INFO [347/900] 98608fd7-b8e0-4e29-9328-d59d2dc7eb27: 27 groups; 1.2 s; peak memory 1248 MiB.
2026-10-10T17:41:30Z INFO [348/900] 9860bd1b-904c-49d8-8338-3d4a3f5f43ac: 35 groups; 1.8 s; peak memory 1248 MiB.
2026-10-10T17:41:32Z INFO [349/900] 98627742-40d8-4bd6-8763-0e34d714f11f: 252 groups; 1.7 s; peak memory 1248 MiB.
2026-10-10T17:41:33Z INFO [350/900] 986515bf-d3ac-48cd-932b-76e2882191cd: 28 groups; 1.3 s; peak memory 1248 MiB.
2026-10-10T17:41:33Z INFO [350/900] 986515bf-d3ac-48cd-932b-76e2882191cd: checkpointed 120486 new records.
2026-10-10T17:41:34Z INFO [351/900] 9865df2d-ea25-4ea1-b467-1e9cc7a413ae: 18 groups; 1.1 s; peak memory 1248 MiB.
2026-10-10T17:41:36Z INFO [352/900] 98672417-0e13-49e7-a97f-b67b11121bb1: 32 groups; 1.6 s; peak memory 1248 MiB.
2026-10-10T17:41:37Z INFO [353/900] 9867632a-2f88-4423-a62c-074e450969d5: 22 groups; 1.0 s; peak memory 1248 MiB.
2026-10-10T17:41:40Z INFO [354/900] 9867d4db-ba43-4eb0-ac0e-6e7396ac9711: 64 groups; 3.3 s; peak memory 1248 MiB.
2026-10-10T17:41:41Z INFO [355/900] 98682c19-103d-4ce0-aef0-eac9c437512b: 103 groups; 1.4 s; peak memory 1248 MiB.
2026-10-10T17:41:43Z INFO [356/900] 9868b2de-0094-4da6-9bdc-52d741583f70: 32 groups; 1.8 s; peak memory 1248 MiB.
2026-10-10T17:41:45Z INFO [357/900] 9869145b-0e9d-44e5-b587-91f372ead876: 35 groups; 2.1 s; peak memory 1248 MiB.
2026-10-10T17:41:47Z INFO [358/900] 986a1619-a993-4dad-94e7-954ba2520db5: 22 groups; 1.4 s; peak memory 1248 MiB.
2026-10-10T17:41:48Z INFO [359/900] 986bab90-12d4-4b62-941a-05405cab09f1: 22 groups; 1.2 s; peak memory 1248 MiB.
2026-10-10T17:42:07Z INFO [360/900] 986c69bb-5534-4caa-a95b-b3686d2bce76: 1070 groups; 18.7 s; peak memory 1248 MiB.
2026-10-10T17:42:08Z INFO [361/900] 986cb962-dc03-4c12-a152-19dfa4303acb: 35 groups; 1.7 s; peak memory 1248 MiB.
2026-10-10T17:42:10Z INFO [362/900] 986e650f-5730-478d-beae-2c5666309c35: 36 groups; 1.6 s; peak memory 1248 MiB.
2026-10-10T17:42:11Z INFO [363/900] 986f9983-3899-4fc2-9926-89453a123c15: 22 groups; 1.3 s; peak memory 1248 MiB.
2026-10-10T17:42:13Z INFO [364/900] 986fe6d5-5174-4360-ad46-ede440b08242: 32 groups; 1.8 s; peak memory 1248 MiB.
2026-10-10T17:46:00Z INFO [365/900] 987014e8-a3a9-4862-b75c-598c52f31563: 72 groups; 227.3 s; peak memory 1248 MiB.
2026-10-10T17:46:02Z INFO [366/900] 987022bb-a04b-4477-9ac7-ba1830ae020f: 23 groups; 1.7 s; peak memory 1248 MiB.
2026-10-10T17:46:15Z INFO [367/900] 98704682-62cb-41ff-8022-a68f896eb384: 87 groups; 12.9 s; peak memory 1248 MiB.
2026-10-10T17:46:17Z INFO [368/900] 98709529-dd94-4d8e-93e2-ea5e7f0e5bf2: 35 groups; 1.9 s; peak memory 1248 MiB.
2026-10-10T17:46:19Z INFO [369/900] 9870b5bd-5f7e-49c8-925c-dd3453026c84: 67 groups; 1.7 s; peak memory 1248 MiB.
2026-10-10T17:46:20Z INFO [370/900] 9870ef10-e2a0-41ca-914b-fd2ce20d6204: 32 groups; 1.6 s; peak memory 1248 MiB.
2026-10-10T17:46:38Z INFO [371/900] 987136dc-9b82-4d6a-9563-c1ef9e68422b: 245 groups; 17.4 s; peak memory 1248 MiB.
2026-10-10T17:46:57Z INFO [372/900] 9872054c-05ee-4306-9161-d287c34d1763: 325 groups; 19.3 s; peak memory 1248 MiB.
2026-10-10T17:47:18Z INFO [373/900] 98724a55-168a-4a8e-ae78-540b85ce12d8: 608 groups; 21.4 s; peak memory 1248 MiB.
2026-10-10T17:47:20Z INFO [374/900] 98726960-be6d-4826-8aff-5dfc0242b29f: 32 groups; 1.7 s; peak memory 1248 MiB.
2026-10-10T17:47:22Z INFO [375/900] 9872e6b8-bf70-4856-ac38-815210dc3e6f: 200 groups; 2.5 s; peak memory 1248 MiB.
2026-10-10T17:47:24Z INFO [376/900] 98738089-693f-444b-830b-89c7d9bd3bc9: 32 groups; 1.8 s; peak memory 1248 MiB.
2026-10-10T17:47:26Z INFO [377/900] 9874a5c6-da4b-4e6a-a3f8-595292eea6f2: 25 groups; 1.6 s; peak memory 1248 MiB.
2026-10-10T17:47:27Z INFO [378/900] 9875c43b-7420-41a7-ba8d-2cc6c5889e7c: 71 groups; 1.4 s; peak memory 1248 MiB.
2026-10-10T17:47:29Z INFO [379/900] 98760d49-2dc7-4a18-9e19-d2a135abfafc: 52 groups; 1.7 s; peak memory 1248 MiB.
2026-10-10T17:47:31Z INFO [380/900] 98760f56-43c4-4a82-aead-e5f9dbb19dfb: 20 groups; 2.3 s; peak memory 1248 MiB.
2026-10-10T17:47:33Z INFO [381/900] 987693a4-c829-4978-aad0-c4d443d230d7: 26 groups; 1.1 s; peak memory 1248 MiB.
2026-10-10T17:47:59Z INFO [382/900] 9877398a-45fb-42a2-9908-43eb8962b926: 283 groups; 26.9 s; peak memory 1248 MiB.
2026-10-10T17:48:04Z INFO [383/900] 9878bf4a-0e69-4cda-a106-5fea7353cadc: 52 groups; 4.4 s; peak memory 1248 MiB.
2026-10-10T17:48:18Z INFO [384/900] 98795755-6d4e-47b5-b3d1-b39bba7f79c4: 33 groups; 14.3 s; peak memory 1248 MiB.
2026-10-10T17:48:24Z INFO [385/900] 9879d081-9213-46c7-9cdf-fa47c69fc031: 78 groups; 6.3 s; peak memory 1248 MiB.
2026-10-10T17:48:26Z INFO [386/900] 987b825c-8595-46a4-8025-11f77413b473: 30 groups; 1.1 s; peak memory 1248 MiB.
2026-10-10T17:48:27Z INFO [387/900] 987b9f7f-1be4-4ee1-b944-0a3339315de4: 17 groups; 1.3 s; peak memory 1248 MiB.
2026-10-10T17:48:29Z INFO [388/900] 987c5b29-02f4-498f-b950-fc320b32b8f0: 35 groups; 1.9 s; peak memory 1248 MiB.
2026-10-10T17:48:30Z INFO [389/900] 987ccdf0-ae55-4f44-bc25-4dc8bce870c1: 28 groups; 1.7 s; peak memory 1248 MiB.
2026-10-10T17:48:32Z INFO [390/900] 987d648a-f991-4a8a-a8fe-b2c71fe1507d: 31 groups; 1.3 s; peak memory 1248 MiB.
2026-10-10T17:48:35Z INFO [391/900] 987d6cd2-2044-456c-9e88-7449451c36ca: 62 groups; 3.5 s; peak memory 1248 MiB.
2026-10-10T17:48:36Z INFO [392/900] 987d734d-328b-40ca-8be1-2014f8975034: 24 groups; 1.3 s; peak memory 1248 MiB.
2026-10-10T17:48:40Z INFO [393/900] 987f6f0a-4cdf-42c8-812e-742b8ca82bee: 60 groups; 3.3 s; peak memory 1248 MiB.
2026-10-10T17:48:41Z INFO [394/900] 9880105f-d0f4-4039-a0ac-b58cb3dccd4c: 22 groups; 1.4 s; peak memory 1248 MiB.
2026-10-10T17:48:52Z INFO [395/900] 9880365f-2b28-484e-abf6-22a2385c548a: 193 groups; 10.4 s; peak memory 1248 MiB.
2026-10-10T17:48:54Z INFO [396/900] 9880de21-8896-4c8b-810e-26980ef46f2e: 195 groups; 2.0 s; peak memory 1248 MiB.
2026-10-10T17:48:56Z INFO [397/900] 98837664-aa48-4073-ab72-6d534b2d0282: 196 groups; 2.0 s; peak memory 1248 MiB.
2026-10-10T17:48:57Z INFO [398/900] 9883c95e-0d66-4466-8675-f0302ce1dc79: 253 groups; 1.9 s; peak memory 1248 MiB.
2026-10-10T17:49:03Z INFO [399/900] 9883f277-ce73-4b11-92cd-b0b511dc590b: 111 groups; 5.0 s; peak memory 1248 MiB.
2026-10-10T17:49:04Z INFO [400/900] 9883fd70-0cfa-4499-b205-4fe57c383829: 25 groups; 1.5 s; peak memory 1248 MiB.
2026-10-10T17:49:04Z INFO [400/900] 9883fd70-0cfa-4499-b205-4fe57c383829: checkpointed 120536 new records.
2026-10-10T17:49:06Z INFO [401/900] 98848448-5fa0-47bc-bd88-2b6241247314: 35 groups; 2.0 s; peak memory 1248 MiB.
2026-10-10T17:49:08Z INFO [402/900] 988510f2-8a23-4294-b5c6-19032ddba30a: 32 groups; 1.6 s; peak memory 1248 MiB.
2026-10-10T17:49:09Z INFO [403/900] 988540ca-fcac-4e25-a3ac-10fd74a26453: 22 groups; 1.4 s; peak memory 1248 MiB.
2026-10-10T17:49:11Z INFO [404/900] 98854f1f-b838-4315-a7db-61dcebd3a60b: 22 groups; 1.4 s; peak memory 1248 MiB.
2026-10-10T17:49:16Z INFO [405/900] 98856740-03c4-4b54-a947-e8c3f7df3483: 78 groups; 5.6 s; peak memory 1248 MiB.
2026-10-10T17:49:22Z INFO [406/900] 9886256b-43d1-490d-996d-2eb66223687d: 68 groups; 5.4 s; peak memory 1248 MiB.
2026-10-10T17:49:32Z INFO [407/900] 98862ce5-0550-4795-8a40-0425549a1f6a: 196 groups; 10.5 s; peak memory 1248 MiB.
2026-10-10T17:49:34Z INFO [408/900] 98866b14-5e40-4f9f-8f45-765ea3a2e0ab: 33 groups; 1.9 s; peak memory 1248 MiB.
2026-10-10T17:49:36Z INFO [409/900] 988691b1-50a3-457f-975e-e0a1c8ce5f15: 22 groups; 1.4 s; peak memory 1248 MiB.
2026-10-10T17:49:37Z INFO [410/900] 9886bdb6-f685-4807-94d2-1be6108b98c7: 22 groups; 1.4 s; peak memory 1248 MiB.
2026-10-10T17:49:38Z INFO [411/900] 9887c75b-b92d-479c-83dc-662a961ba6ad: 22 groups; 1.4 s; peak memory 1248 MiB.
2026-10-10T17:49:40Z INFO [412/900] 9888a88b-012b-4196-bf84-9d824c0e7ed0: 202 groups; 1.8 s; peak memory 1248 MiB.
2026-10-10T17:49:41Z INFO [413/900] 988ad64a-9ede-40ca-a496-ed7cbf95b606: 31 groups; 1.2 s; peak memory 1248 MiB.
2026-10-10T17:49:43Z INFO [414/900] 988bd675-e72c-48d2-8730-b52bde7656bd: 32 groups; 1.6 s; peak memory 1248 MiB.
2026-10-10T17:49:44Z INFO [415/900] 988c3eed-6ffd-47d1-8fbf-e8f2bcd56d14: 16 groups; 1.3 s; peak memory 1248 MiB.
2026-10-10T17:49:59Z INFO [416/900] 988caf65-7e80-4721-bae5-af4d4d14286c: 239 groups; 14.9 s; peak memory 1248 MiB.
2026-10-10T17:50:01Z INFO [417/900] 988ce4c9-dd22-40c3-adad-ca11b7d0a50d: 35 groups; 2.0 s; peak memory 1248 MiB.
2026-10-10T17:50:08Z INFO [418/900] 988d8064-1cb1-43d1-9caa-19b4cacf0e29: 85 groups; 6.6 s; peak memory 1248 MiB.
2026-10-10T17:50:10Z INFO [419/900] 988e0eb6-d97e-4545-aa7b-f536e30b9a5f: 35 groups; 1.9 s; peak memory 1248 MiB.
2026-10-10T17:50:11Z INFO [420/900] 988e6f40-1e66-4bf8-8251-f204e6545057: 32 groups; 1.6 s; peak memory 1248 MiB.
2026-10-10T17:50:13Z INFO [421/900] 988e7213-dc20-4697-b15a-87eb3841f4a2: 27 groups; 1.9 s; peak memory 1248 MiB.
2026-10-10T17:50:15Z INFO [422/900] 988fa894-ea50-40b9-8be5-c03d51ca1789: 22 groups; 1.4 s; peak memory 1248 MiB.
2026-10-10T17:50:16Z INFO [423/900] 988fe717-432f-4c32-b6cc-342d204da124: 30 groups; 1.5 s; peak memory 1248 MiB.
2026-10-10T17:50:21Z INFO [424/900] 989066b5-3910-4beb-bfc5-85c55f435324: 60 groups; 5.3 s; peak memory 1248 MiB.
2026-10-10T17:50:25Z INFO [425/900] 989100a3-e1d7-4912-9da7-8ad326204d9d: 54 groups; 3.5 s; peak memory 1248 MiB.
2026-10-10T17:50:27Z INFO [426/900] 98911903-d209-447f-82ea-a505f06f3431: 32 groups; 1.7 s; peak memory 1248 MiB.
2026-10-10T17:50:29Z INFO [427/900] 989198e3-7a52-4bef-a5d4-665dbf9fb563: 17 groups; 2.9 s; peak memory 1248 MiB.
2026-10-10T17:50:31Z INFO [428/900] 9891bfa0-8676-4472-8f28-f430625fe85f: 33 groups; 1.9 s; peak memory 1248 MiB.
2026-10-10T17:50:33Z INFO [429/900] 989340c0-9e78-406a-8a29-4f84065c7022: 252 groups; 1.6 s; peak memory 1248 MiB.
2026-10-10T17:52:33Z INFO [430/900] 9893e40a-a74d-439b-b519-21152ad5aec3: 70 groups; 119.8 s; peak memory 1248 MiB.
2026-10-10T17:52:36Z INFO [431/900] 9894e8d5-5942-4d4d-837a-5f3a13e59afd: 48 groups; 3.3 s; peak memory 1248 MiB.
2026-10-10T17:52:38Z INFO [432/900] 9895055a-bb85-4933-9ffb-b1ac6157edb3: 201 groups; 2.0 s; peak memory 1248 MiB.
2026-10-10T17:52:39Z INFO [433/900] 9895119c-e880-482b-b4c6-bddff26a2808: 22 groups; 1.1 s; peak memory 1248 MiB.
2026-10-10T17:52:41Z INFO [434/900] 989561d6-1146-4489-a579-ab205d2076e2: 21 groups; 1.7 s; peak memory 1248 MiB.
2026-10-10T17:52:43Z INFO [435/900] 989628c6-0d8c-42f0-9542-1851a59f03d9: 202 groups; 2.0 s; peak memory 1248 MiB.
2026-10-10T17:52:44Z INFO [436/900] 989726b0-486c-4775-9fda-422ca3921997: 22 groups; 1.4 s; peak memory 1248 MiB.
2026-10-10T17:52:46Z INFO [437/900] 98989f19-6558-4dde-bc82-147810ee2c92: 32 groups; 1.6 s; peak memory 1248 MiB.
2026-10-10T17:52:48Z INFO [438/900] 9899a3a2-a5ab-4772-a035-587afdc3a7a6: 32 groups; 1.6 s; peak memory 1248 MiB.
2026-10-10T17:52:49Z INFO [439/900] 989a0da5-ce7b-4370-991a-be16f25b6566: 32 groups; 1.5 s; peak memory 1248 MiB.
2026-10-10T17:52:59Z INFO [440/900] 989a2858-ed68-46c3-b5c2-1eed06e2496b: 197 groups; 9.5 s; peak memory 1248 MiB.
2026-10-10T17:53:00Z INFO [441/900] 989a2f0e-d6e6-41ea-9607-8ec03620e4bd: 71 groups; 1.6 s; peak memory 1248 MiB.
2026-10-10T17:53:02Z INFO [442/900] 989adc08-15ff-4f36-8240-5d4c6b18fb9d: 22 groups; 1.5 s; peak memory 1248 MiB.
2026-10-10T17:53:03Z INFO [443/900] 989af897-bc7a-4f07-ac3c-570aea43a5f5: 16 groups; 1.1 s; peak memory 1248 MiB.
2026-10-10T17:53:04Z INFO [444/900] 989b265e-191d-4292-8b86-d866b4edeb03: 22 groups; 1.5 s; peak memory 1248 MiB.
2026-10-10T17:53:06Z INFO [445/900] 989ce8e4-bfb6-42cd-a450-510622e03828: 36 groups; 1.7 s; peak memory 1248 MiB.
2026-10-10T17:53:10Z INFO [446/900] 989cfaad-892c-4847-9b93-b4500c5939fd: 50 groups; 4.1 s; peak memory 1248 MiB.
2026-10-10T17:53:15Z INFO [447/900] 989d6121-3178-403b-8d81-45318a965795: 116 groups; 5.6 s; peak memory 1248 MiB.
2026-10-10T17:53:26Z INFO [448/900] 989e437b-1202-4335-b452-dded68e5afa0: 174 groups; 10.5 s; peak memory 1248 MiB.
2026-10-10T17:53:27Z INFO [449/900] 989eaeb2-11b5-48eb-bf36-d657429041af: 22 groups; 1.4 s; peak memory 1248 MiB.
2026-10-10T17:53:29Z INFO [450/900] 989eda95-6f56-427e-9d91-98d67664a9b5: 33 groups; 1.8 s; peak memory 1248 MiB.
2026-10-10T17:53:29Z INFO [450/900] 989eda95-6f56-427e-9d91-98d67664a9b5: checkpointed 120586 new records.
2026-10-10T17:53:31Z INFO [451/900] 98a0292d-cf72-43a4-a15e-9136501cd121: 32 groups; 1.7 s; peak memory 1248 MiB.
2026-10-10T17:53:44Z INFO [452/900] 98a062f4-3d89-4141-b3e2-bd9dddeaece4: 36 groups; 13.1 s; peak memory 1248 MiB.
2026-10-10T17:53:55Z INFO [453/900] 98a2aa8f-0915-479c-b39b-e67598d29ab0: 157 groups; 10.7 s; peak memory 1248 MiB.
2026-10-10T17:53:56Z INFO [454/900] 98a32f9a-ad6b-455e-a6b7-6964c6f474f8: 22 groups; 1.4 s; peak memory 1248 MiB.
2026-10-10T17:53:58Z INFO [455/900] 98a3a56b-6613-4834-814b-0e1dcd5e8387: 253 groups; 1.7 s; peak memory 1248 MiB.
2026-10-10T17:54:01Z INFO [456/900] 98a3ac2c-b030-42cc-a5e7-61ccb3ec83d9: 336 groups; 3.3 s; peak memory 1248 MiB.
2026-10-10T17:54:03Z INFO [457/900] 98a3ae36-61df-49ef-8059-7166d892efe4: 35 groups; 2.1 s; peak memory 1248 MiB.
2026-10-10T17:54:05Z INFO [458/900] 98a3bd30-2f36-4e08-88a6-d0ccff10130e: 31 groups; 1.3 s; peak memory 1248 MiB.
2026-10-10T17:54:11Z INFO [459/900] 98a49f28-b533-43fc-8e89-017e2f930a5c: 57 groups; 6.2 s; peak memory 1248 MiB.
2026-10-10T17:54:12Z INFO [460/900] 98a4be4b-4453-4f1b-9d4b-0991a6d3969a: 25 groups; 1.5 s; peak memory 1248 MiB.
2026-10-10T18:03:22Z INFO [461/900] 98a50dda-ca38-4067-a191-c27759988d0d: 35 groups; 550.1 s; peak memory 1248 MiB.
2026-10-10T18:03:33Z INFO [462/900] 98a540b4-8408-4349-a76b-cebcb7ac1199: 228 groups; 10.5 s; peak memory 1248 MiB.
2026-10-10T18:03:54Z INFO [463/900] 98a55d89-b68c-4f0b-aae2-9ff4c8d71459: 23 groups; 21.5 s; peak memory 1248 MiB.
2026-10-10T18:04:15Z INFO [464/900] 98a6287c-d8dd-4440-9cf2-f86e9fbc20f5: 23 groups; 20.9 s; peak memory 1248 MiB.
2026-10-10T18:04:17Z INFO [465/900] 98a636ac-3a00-4d2e-a9fc-0b95bae7f7c3: 18 groups; 1.2 s; peak memory 1248 MiB.
2026-10-10T18:04:18Z INFO [466/900] 98a6e158-ab78-47fd-aa9c-c6d927027d64: 35 groups; 1.8 s; peak memory 1248 MiB.
2026-10-10T18:04:21Z INFO [467/900] 98a70484-0ba5-4fcc-a82a-7c086b3f5630: 33 groups; 2.3 s; peak memory 1248 MiB.
2026-10-10T18:04:23Z INFO [468/900] 98a7c174-a580-44d9-bab2-513b9beacaf4: 36 groups; 2.0 s; peak memory 1248 MiB.
2026-10-10T18:04:24Z INFO [469/900] 98a9488e-1fa4-45cc-bd84-fc6396a7ffa1: 35 groups; 1.8 s; peak memory 1248 MiB.
2026-10-10T18:04:27Z INFO [470/900] 98aa087a-2559-4eca-8608-dd1a87389e2c: 35 groups; 2.4 s; peak memory 1248 MiB.
2026-10-10T18:04:28Z INFO [471/900] 98aa4126-a8d5-4b7c-97f8-3f1f3b8d3d95: 22 groups; 1.4 s; peak memory 1248 MiB.
2026-10-10T18:04:30Z INFO [472/900] 98aa791c-8296-41ec-8d06-c5fa936b6dc0: 337 groups; 2.1 s; peak memory 1248 MiB.
2026-10-10T18:04:32Z INFO [473/900] 98aae4c7-aed2-4c87-be7b-b973e2a46433: 22 groups; 1.3 s; peak memory 1248 MiB.
2026-10-10T18:04:33Z INFO [474/900] 98ab24a2-63b3-45e0-893f-b5739ac3dcf7: 17 groups; 1.1 s; peak memory 1248 MiB.
2026-10-10T18:04:53Z INFO [475/900] 98ab60db-f08a-487a-93d5-616c93ae3772: 138 groups; 20.0 s; peak memory 1248 MiB.
2026-10-10T18:04:54Z INFO [476/900] 98abab86-d371-4128-9beb-e10de2641ce0: 22 groups; 1.3 s; peak memory 1248 MiB.
2026-10-10T18:04:56Z INFO [477/900] 98ac4bfe-8afe-47c6-940d-fe40c3b23952: 32 groups; 1.8 s; peak memory 1248 MiB.
2026-10-10T18:04:57Z INFO [478/900] 98ac62a7-c188-475b-b3bd-16a434303c70: 22 groups; 1.4 s; peak memory 1248 MiB.
2026-10-10T18:05:00Z INFO [479/900] 98ad5d05-c9fa-4b40-93e6-3da47b19ec30: 48 groups; 3.0 s; peak memory 1248 MiB.
2026-10-10T18:05:02Z INFO [480/900] 98ada457-c2bf-45e0-8005-726edb88cf10: 202 groups; 2.0 s; peak memory 1248 MiB.
2026-10-10T18:05:04Z INFO [481/900] 98adae34-9ad5-4b59-9ec4-c8991f1dbd70: 35 groups; 1.8 s; peak memory 1248 MiB.
2026-10-10T18:05:06Z INFO [482/900] 98af98f7-2d1f-4d50-b39e-d46c8bd804e0: 22 groups; 1.4 s; peak memory 1248 MiB.
2026-10-10T18:05:07Z INFO [483/900] 98b06589-9f77-4f3d-a104-bcb4594d24e0: 22 groups; 1.4 s; peak memory 1248 MiB.
2026-10-10T18:05:08Z INFO [484/900] 98b07139-d5b9-4fc3-b8f5-70025bfc70d4: 16 groups; 1.1 s; peak memory 1248 MiB.
2026-10-10T18:05:11Z INFO [485/900] 98b0e5fe-d40c-4300-ae8a-f90122ba88f4: 54 groups; 2.8 s; peak memory 1248 MiB.
2026-10-10T18:05:12Z INFO [486/900] 98b1e74a-c74b-4aa6-82a0-ee028caac687: 32 groups; 1.6 s; peak memory 1248 MiB.
2026-10-10T18:05:15Z INFO [487/900] 98b2376f-ca90-4a80-ba01-9c2c0e606031: 35 groups; 2.0 s; peak memory 1248 MiB.
2026-10-10T18:06:35Z INFO [488/900] 98b25cb1-310c-45f7-97cc-669fce2057b7: 46 groups; 80.2 s; peak memory 1248 MiB.
2026-10-10T18:06:41Z INFO [489/900] 98b2bc4e-53a0-432f-9b9b-6ad35dda4a17: 32 groups; 5.9 s; peak memory 1248 MiB.
2026-10-10T18:06:42Z INFO [490/900] 98b3085f-511c-4eaa-bf79-42e67eba58f4: 32 groups; 1.8 s; peak memory 1248 MiB.
2026-10-10T18:06:44Z INFO [491/900] 98b312c7-17fb-443b-a7c3-23152de15b1b: 22 groups; 1.4 s; peak memory 1248 MiB.
2026-10-10T18:06:52Z INFO [492/900] 98b3be21-72fc-4bb5-967f-b6239eb61cf1: 181 groups; 8.2 s; peak memory 1248 MiB.
2026-10-10T18:06:54Z INFO [493/900] 98b460f4-81ff-420a-b5d7-78164beedbcc: 29 groups; 1.5 s; peak memory 1248 MiB.
2026-10-10T18:06:56Z INFO [494/900] 98b49989-ad0e-4695-bda6-f279041a34ae: 337 groups; 2.4 s; peak memory 1248 MiB.
2026-10-10T18:06:57Z INFO [495/900] 98b5211a-b583-4b59-b041-c737db88b2f3: 20 groups; 1.4 s; peak memory 1248 MiB.
2026-10-10T18:07:09Z INFO [496/900] 98b5db8c-f362-4dfa-914f-72ebf2790037: 120 groups; 11.2 s; peak memory 1248 MiB.
2026-10-10T18:07:23Z INFO [497/900] 98b615c5-95b8-4cd9-9e6c-8bfc595e8e29: 26 groups; 14.9 s; peak memory 1248 MiB.
2026-10-10T18:09:29Z INFO [498/900] 98b6197e-cfd7-47e9-acd5-c17c0ddf4c32: 60 groups; 125.9 s; peak memory 1248 MiB.
2026-10-10T18:09:31Z INFO [499/900] 98b762ec-829b-401b-9e80-b00aa10cfb7c: 32 groups; 1.9 s; peak memory 1248 MiB.
2026-10-10T18:09:49Z INFO [500/900] 98b8bfb5-511e-4e1f-b807-85d8974ef5ea: 319 groups; 17.5 s; peak memory 1248 MiB.
2026-10-10T18:09:49Z INFO [500/900] 98b8bfb5-511e-4e1f-b807-85d8974ef5ea: checkpointed 120636 new records.
2026-10-10T18:09:50Z INFO [501/900] 98b9c548-badf-4d7b-aaf7-d3582f8c9d6f: 28 groups; 1.3 s; peak memory 1248 MiB.
2026-10-10T18:09:53Z INFO [502/900] 98bb6457-cdf9-4725-a5ba-ae10c62b1d1c: 35 groups; 2.3 s; peak memory 1248 MiB.
2026-10-10T18:12:00Z INFO [503/900] 98bb7f83-1923-4288-a641-b98880cc4a1d: 60 groups; 127.2 s; peak memory 1248 MiB.
2026-10-10T18:12:02Z INFO [504/900] 98bc26e6-0e94-4555-b3c7-778dda3e624c: 32 groups; 1.7 s; peak memory 1248 MiB.
2026-10-10T18:12:03Z INFO [505/900] 98be6f43-1387-41fd-bcc0-570091feb075: 25 groups; 1.4 s; peak memory 1248 MiB.
2026-10-10T18:12:09Z INFO [506/900] 98bec1ab-ce91-4070-88e5-c1b65c0eb61b: 73 groups; 6.2 s; peak memory 1248 MiB.
2026-10-10T18:12:10Z INFO [507/900] 98bf31f6-b419-498d-84b6-5409a0c1530c: 17 groups; 1.2 s; peak memory 1248 MiB.
2026-10-10T18:12:12Z INFO [508/900] 98bf5507-1990-46e5-bf63-6ca7846e9874: 36 groups; 1.8 s; peak memory 1248 MiB.
2026-10-10T18:12:14Z INFO [509/900] 98bfb156-e583-4b2f-a357-6f984d4d4b14: 36 groups; 1.8 s; peak memory 1248 MiB.
2026-10-10T18:12:16Z INFO [510/900] 98c00034-8a99-42cb-a9d6-7361e1c9f9d2: 35 groups; 1.7 s; peak memory 1248 MiB.
2026-10-10T18:12:18Z INFO [511/900] 98c14bbe-babd-4b1c-9052-6d6a37d01479: 32 groups; 1.9 s; peak memory 1248 MiB.
2026-10-10T18:12:19Z INFO [512/900] 98c16620-63bb-49a3-8b52-9f4e88d46a9c: 35 groups; 1.8 s; peak memory 1248 MiB.
2026-10-10T18:12:21Z INFO [513/900] 98c1816f-8793-41a0-a30a-e22195e01d53: 33 groups; 1.9 s; peak memory 1248 MiB.
2026-10-10T18:12:32Z INFO [514/900] 98c19581-866b-469b-a954-d419c8275200: 235 groups; 10.5 s; peak memory 1248 MiB.
2026-10-10T18:12:33Z INFO [515/900] 98c312e8-225a-4a6f-86bd-fb593978de75: 32 groups; 1.7 s; peak memory 1248 MiB.
2026-10-10T18:12:35Z INFO [516/900] 98c374f7-fbac-4a98-a682-976e5141f9ba: 103 groups; 1.9 s; peak memory 1248 MiB.
2026-10-10T18:12:43Z INFO [517/900] 98c3ea7b-ba96-42b0-9c87-dfe25c57077f: 66 groups; 7.8 s; peak memory 1248 MiB.
2026-10-10T18:12:44Z INFO [518/900] 98c405a4-db2c-425e-bb02-5d92174987d5: 22 groups; 1.3 s; peak memory 1248 MiB.
2026-10-10T18:12:48Z INFO [519/900] 98c46e12-f90f-4286-b1c2-15acdc057e25: 573 groups; 3.0 s; peak memory 1248 MiB.
2026-10-10T18:12:49Z INFO [520/900] 98c47801-b05c-48c4-a13d-60b2208a3b5e: 33 groups; 1.4 s; peak memory 1248 MiB.
2026-10-10T18:12:50Z INFO [521/900] 98c5b9ab-da35-40dd-8753-f765544cb61b: 22 groups; 1.4 s; peak memory 1248 MiB.
2026-10-10T18:12:52Z INFO [522/900] 98c64c93-7734-45cd-a311-37be0e980f46: 22 groups; 1.2 s; peak memory 1248 MiB.
2026-10-10T18:12:54Z INFO [523/900] 98c6995f-3736-4b9a-b1b4-d658d9f19392: 63 groups; 2.8 s; peak memory 1248 MiB.
2026-10-10T18:12:56Z INFO [524/900] 98c74122-b69d-4e10-8201-7e2af1aa6252: 22 groups; 1.4 s; peak memory 1248 MiB.
2026-10-10T18:13:00Z INFO [525/900] 98c7753a-1430-4f52-a533-c6b3172bb056: 56 groups; 4.2 s; peak memory 1248 MiB.
2026-10-10T18:13:04Z INFO [526/900] 98caafc2-3049-430f-adce-ba9dfa1681f0: 50 groups; 3.9 s; peak memory 1248 MiB.
2026-10-10T18:13:06Z INFO [527/900] 98cb3fc9-1a25-4eab-9f9b-f947b7120295: 35 groups; 1.8 s; peak memory 1248 MiB.
2026-10-10T18:13:07Z INFO [528/900] 98cc1cb6-46ec-4d82-9d41-357329744967: 32 groups; 1.6 s; peak memory 1248 MiB.
2026-10-10T18:13:15Z INFO [529/900] 98cdbcac-e8ab-43a5-8165-23577e5d9f00: 509 groups; 7.8 s; peak memory 1248 MiB.
2026-10-10T18:13:17Z INFO [530/900] 98cf1c8a-e422-45d2-8456-771aa6b3cbe5: 253 groups; 1.7 s; peak memory 1248 MiB.
2026-10-10T18:13:18Z INFO [531/900] 98cfbf7d-3bab-45f6-9205-b07c3ada57d9: 32 groups; 1.5 s; peak memory 1248 MiB.
2026-10-10T18:13:27Z INFO [532/900] 98d16284-7bba-4d78-977f-abd3db2d0b12: 165 groups; 8.7 s; peak memory 1248 MiB.
2026-10-10T18:13:28Z INFO [533/900] 98d1a5d2-6112-4586-87be-4514b5560a24: 22 groups; 1.4 s; peak memory 1248 MiB.
2026-10-10T18:13:31Z INFO [534/900] 98d2452e-d03d-4573-84bf-13d1cabc0925: 202 groups; 3.1 s; peak memory 1248 MiB.
2026-10-10T18:13:33Z INFO [535/900] 98d2b6fd-db56-4319-ab7d-81fb9de49276: 16 groups; 1.3 s; peak memory 1248 MiB.
2026-10-10T18:13:35Z INFO [536/900] 98d36ad3-004e-4368-9ab5-33ca89aedb23: 32 groups; 2.1 s; peak memory 1248 MiB.
2026-10-10T18:13:37Z INFO [537/900] 98d59d05-4ea2-4e64-8dde-10c530ba7a26: 195 groups; 2.0 s; peak memory 1248 MiB.
2026-10-10T18:13:38Z INFO [538/900] 98d5b4f5-90a8-4096-bd0e-d1712c5db5ad: 22 groups; 1.4 s; peak memory 1248 MiB.
2026-10-10T18:13:40Z INFO [539/900] 98d5f25b-e926-46e7-99d8-33627b1ee1f9: 32 groups; 1.8 s; peak memory 1248 MiB.
2026-10-10T18:13:44Z INFO [540/900] 98d7b163-0e03-4daf-926c-8d028adf8764: 50 groups; 3.5 s; peak memory 1248 MiB.
2026-10-10T18:13:46Z INFO [541/900] 98d7ee5b-a64f-4981-9d56-8790762bade4: 27 groups; 2.1 s; peak memory 1248 MiB.
2026-10-10T18:13:47Z INFO [542/900] 98d8a2ae-5ddb-4190-8039-07769749a3e0: 32 groups; 1.7 s; peak memory 1248 MiB.
2026-10-10T18:13:49Z INFO [543/900] 98d987b9-ba60-481b-a2f1-fca9268ebde1: 22 groups; 1.5 s; peak memory 1248 MiB.
2026-10-10T18:13:51Z INFO [544/900] 98d9a672-6544-45cd-aed4-3d2e003f2491: 203 groups; 2.0 s; peak memory 1248 MiB.
2026-10-10T18:14:02Z INFO [545/900] 98da1d69-73da-41bd-870c-d05d7bc514da: 22 groups; 11.7 s; peak memory 1248 MiB.
2026-10-10T18:14:04Z INFO [546/900] 98da25fa-9a96-484a-947c-6eaeffca2487: 22 groups; 1.4 s; peak memory 1248 MiB.
2026-10-10T18:14:08Z INFO [547/900] 98da3199-b90d-4c25-b287-38772d9e580a: 50 groups; 3.8 s; peak memory 1248 MiB.
2026-10-10T18:14:09Z INFO [548/900] 98dab313-077c-4a24-ac2f-3cf9681c99d4: 32 groups; 1.6 s; peak memory 1248 MiB.
2026-10-10T18:14:11Z INFO [549/900] 98daf432-e547-4fe4-8260-3b7d091ab217: 199 groups; 2.0 s; peak memory 1248 MiB.
2026-10-10T18:14:15Z INFO [550/900] 98dbe961-2dff-4894-b04a-c5b9782f0331: 50 groups; 4.1 s; peak memory 1248 MiB.
2026-10-10T18:14:15Z INFO [550/900] 98dbe961-2dff-4894-b04a-c5b9782f0331: checkpointed 120686 new records.
2026-10-10T18:14:19Z INFO [551/900] 98dc77e0-05cc-4714-bd83-f4cee9d10bbd: 50 groups; 3.9 s; peak memory 1248 MiB.
2026-10-10T18:14:21Z INFO [552/900] 98dd645f-6ed1-4ab3-86b1-385668a0b172: 22 groups; 1.3 s; peak memory 1248 MiB.
2026-10-10T18:14:22Z INFO [553/900] 98de839e-8ff1-4b5a-b27e-15f7dd734b91: 25 groups; 1.5 s; peak memory 1248 MiB.
2026-10-10T18:14:24Z INFO [554/900] 98dea234-7fe6-4ba5-9624-6debb84224f8: 35 groups; 1.8 s; peak memory 1248 MiB.
2026-10-10T18:14:25Z INFO [555/900] 98df1f13-869b-4b3b-b099-978c836efb45: 22 groups; 1.3 s; peak memory 1248 MiB.
2026-10-10T18:14:26Z INFO [556/900] 98df7eca-868f-4731-a2f0-d10f3896dd26: 16 groups; 1.0 s; peak memory 1248 MiB.
2026-10-10T18:14:28Z INFO [557/900] 98e05080-2fee-4b33-9ae5-36de155e743b: 22 groups; 1.3 s; peak memory 1248 MiB.
2026-10-10T18:17:15Z INFO [558/900] 98e05c8a-70f5-4866-bebc-4cf424d7b4a3: 233 groups; 167.3 s; peak memory 1248 MiB.
2026-10-10T18:17:21Z INFO [559/900] 98e06d2b-2e27-4cb9-9eb1-1a3d00fe6b4d: 78 groups; 6.2 s; peak memory 1248 MiB.
2026-10-10T18:17:23Z INFO [560/900] 98e0d361-ad9c-4190-91a4-34cda24f9bc9: 42 groups; 1.9 s; peak memory 1248 MiB.
2026-10-10T18:17:25Z INFO [561/900] 98e1e2bd-a13e-4343-9bb2-90801deda952: 254 groups; 1.6 s; peak memory 1248 MiB.
2026-10-10T18:17:26Z INFO [562/900] 98e1e67c-cf71-4f41-9895-20a6953beff1: 31 groups; 1.1 s; peak memory 1248 MiB.
2026-10-10T18:17:30Z INFO [563/900] 98e1f8c5-afed-499f-bd4a-a2a969f4c5c8: 61 groups; 4.3 s; peak memory 1248 MiB.
2026-10-10T18:17:32Z INFO [564/900] 98e1fab2-a436-4456-99e0-a8fa36c197df: 32 groups; 1.8 s; peak memory 1248 MiB.
2026-10-10T18:17:44Z INFO [565/900] 98e35c09-4497-454c-9b75-6cda0bb15217: 22 groups; 12.0 s; peak memory 1248 MiB.
2026-10-10T18:17:46Z INFO [566/900] 98e3ccb9-0074-49f8-a071-dd6621719e25: 33 groups; 2.4 s; peak memory 1248 MiB.
2026-10-10T18:17:49Z INFO [567/900] 98e490cd-dc33-46e8-b410-e74fa51a184a: 35 groups; 2.6 s; peak memory 1248 MiB.
2026-10-10T18:17:50Z INFO [568/900] 98e4a009-8613-4b67-bbb9-d5cc3aa02b36: 17 groups; 1.2 s; peak memory 1248 MiB.
2026-10-10T18:17:51Z INFO [569/900] 98e524f8-033d-4e6a-a119-90de02f8a491: 22 groups; 1.3 s; peak memory 1248 MiB.
2026-10-10T18:17:52Z INFO [570/900] 98e57afd-aa69-4afa-bd9d-e47b10180b77: 17 groups; 1.1 s; peak memory 1248 MiB.
2026-10-10T18:17:55Z INFO [571/900] 98e5a6ca-8a8d-4844-b640-65d74b0ae297: 341 groups; 2.3 s; peak memory 1248 MiB.
2026-10-10T18:17:56Z INFO [572/900] 98e5bd9a-1a2f-4f9a-8f71-799859aa1735: 22 groups; 1.4 s; peak memory 1248 MiB.
2026-10-10T18:18:54Z INFO [573/900] 98e6232b-5883-41ac-aa95-7aac083703f8: 26 groups; 58.0 s; peak memory 1248 MiB.
2026-10-10T18:18:57Z INFO [574/900] 98e698ce-eeae-486a-9c6e-230010f0e5f1: 48 groups; 2.8 s; peak memory 1248 MiB.
2026-10-10T18:18:59Z INFO [575/900] 98e7330f-593e-47e0-9943-21d7b4ff9ec0: 337 groups; 2.1 s; peak memory 1248 MiB.
2026-10-10T18:19:00Z INFO [576/900] 98e8afc9-c896-42da-9f6d-1f136790cadf: 29 groups; 1.3 s; peak memory 1248 MiB.
2026-10-10T18:19:12Z INFO [577/900] 98e8ffe4-e4e3-4c26-9137-f4840bd5c8c5: 123 groups; 11.8 s; peak memory 1248 MiB.
2026-10-10T18:19:14Z INFO [578/900] 98e93c41-714c-4289-8e40-4bc7fda75f78: 32 groups; 1.7 s; peak memory 1248 MiB.
2026-10-10T18:19:16Z INFO [579/900] 98e9d485-5b4a-41e9-8878-a6b229b0eff9: 32 groups; 1.7 s; peak memory 1248 MiB.
2026-10-10T18:21:17Z INFO [580/900] 98ea0c5e-e1e6-4db2-b3b9-d3d6dc1ea369: 81 groups; 121.6 s; peak memory 1248 MiB.
2026-10-10T18:21:19Z INFO [581/900] 98ea9946-01aa-4fed-be40-2ff29ddc7215: 32 groups; 1.5 s; peak memory 1248 MiB.
2026-10-10T18:21:22Z INFO [582/900] 98eaac48-612f-4a76-86a9-d36eedf034f0: 48 groups; 3.4 s; peak memory 1248 MiB.
2026-10-10T18:21:23Z INFO [583/900] 98ebf616-e080-40f7-ab97-1cd3f4c4596e: 29 groups; 1.5 s; peak memory 1248 MiB.
2026-10-10T18:21:25Z INFO [584/900] 98ec3400-43de-4457-b753-9bbb1cb1c37c: 29 groups; 1.6 s; peak memory 1248 MiB.
2026-10-10T18:21:27Z INFO [585/900] 98ec3a00-cd3f-4894-a193-23ca1621349b: 256 groups; 1.6 s; peak memory 1248 MiB.
2026-10-10T18:21:28Z INFO [586/900] 98ec6be6-fd30-4dd3-ac55-db80b022eddf: 22 groups; 1.4 s; peak memory 1248 MiB.
2026-10-10T18:21:37Z INFO [587/900] 98ecd7ac-6b73-4cfe-ab62-a5a4d7c75e13: 181 groups; 8.9 s; peak memory 1248 MiB.
2026-10-10T18:21:39Z INFO [588/900] 98edbc50-f3fe-40c0-9006-0ab44e255d9f: 48 groups; 2.4 s; peak memory 1248 MiB.
2026-10-10T18:21:41Z INFO [589/900] 98edd3b8-0163-4f69-b5a4-5971471f7e21: 30 groups; 1.1 s; peak memory 1248 MiB.
2026-10-10T18:21:43Z INFO [590/900] 98ee1a1f-a827-4273-aaed-9de5ddc24334: 22 groups; 2.3 s; peak memory 1248 MiB.
2026-10-10T18:21:45Z INFO [591/900] 98ee271a-77dd-4462-878b-53e746400e11: 68 groups; 1.6 s; peak memory 1248 MiB.
2026-10-10T18:21:46Z INFO [592/900] 98efa377-c1b8-49db-afb4-0342de046401: 22 groups; 1.3 s; peak memory 1248 MiB.
2026-10-10T18:21:48Z INFO [593/900] 98f2d070-6c15-432e-8acc-fd7d96f48b57: 29 groups; 1.7 s; peak memory 1248 MiB.
2026-10-10T18:21:50Z INFO [594/900] 98f2e95b-f573-45a1-bdec-8e3b0dfe4eac: 48 groups; 3.0 s; peak memory 1248 MiB.
2026-10-10T18:21:56Z INFO [595/900] 98f3aa17-9434-4364-ab19-3356b77d7fa8: 78 groups; 5.9 s; peak memory 1248 MiB.
2026-10-10T18:22:04Z INFO [596/900] 98f405b2-b6b9-4c76-afad-ecc7ec2a935b: 66 groups; 7.5 s; peak memory 1248 MiB.
2026-10-10T18:22:05Z INFO [597/900] 98f56220-39a1-4678-a9df-4455e6a5f2da: 32 groups; 1.4 s; peak memory 1248 MiB.
2026-10-10T18:22:10Z INFO [598/900] 98f621ed-499c-45a1-aacf-40f1b84bde9b: 55 groups; 4.8 s; peak memory 1248 MiB.
2026-10-10T18:22:12Z INFO [599/900] 98f6fb77-5eb4-4879-ba82-fc84054641d2: 32 groups; 1.8 s; peak memory 1248 MiB.
2026-10-10T18:22:13Z INFO [600/900] 98f8248a-c881-4d54-9f32-d78f182747a8: 31 groups; 1.3 s; peak memory 1248 MiB.
2026-10-10T18:22:14Z INFO [600/900] 98f8248a-c881-4d54-9f32-d78f182747a8: checkpointed 120736 new records.
2026-10-10T18:22:15Z INFO [601/900] 98f8b8c8-09e5-496e-9b05-74fe166fe6ed: 32 groups; 1.6 s; peak memory 1248 MiB.
2026-10-10T18:22:17Z INFO [602/900] 98f9198e-a3d3-48ac-b0f0-96f255dacf6c: 32 groups; 1.5 s; peak memory 1248 MiB.
2026-10-10T18:22:33Z INFO [603/900] 98f98003-a2e9-425f-81b7-906d7f1336c6: 93 groups; 15.9 s; peak memory 1248 MiB.
2026-10-10T18:22:35Z INFO [604/900] 98f9c413-4b61-48c9-ab76-1f1de8cbdaee: 37 groups; 2.2 s; peak memory 1248 MiB.
2026-10-10T18:22:36Z INFO [605/900] 98fa4217-ac7f-4e3a-8c32-b72e5c4ca9b7: 22 groups; 1.4 s; peak memory 1248 MiB.
2026-10-10T18:22:39Z INFO [606/900] 98fa49c1-203a-4b03-a94d-ce1cdcf15d56: 17 groups; 2.6 s; peak memory 1248 MiB.
2026-10-10T18:22:40Z INFO [607/900] 98fa6263-b727-4fcc-b16b-ac8160f2c02d: 253 groups; 1.6 s; peak memory 1248 MiB.
2026-10-10T18:22:42Z INFO [608/900] 98fa893e-52af-48f1-823e-91e9e8f208f8: 32 groups; 1.7 s; peak memory 1248 MiB.
2026-10-10T18:22:44Z INFO [609/900] 98fac3b9-6495-40ce-a1b0-40ebea6ce880: 35 groups; 2.0 s; peak memory 1248 MiB.
2026-10-10T18:22:45Z INFO [610/900] 98fb15c1-485b-4d9b-b7d1-3ceabfe4743a: 29 groups; 1.5 s; peak memory 1248 MiB.
2026-10-10T18:22:57Z INFO [611/900] 98fbb122-7534-4145-927c-78b480bb1e47: 22 groups; 11.8 s; peak memory 1248 MiB.
2026-10-10T18:23:00Z INFO [612/900] 98fc9743-e741-4d49-90e5-81ffacdf0f6f: 73 groups; 3.1 s; peak memory 1248 MiB.
2026-10-10T18:23:13Z INFO [613/900] 98fcc0f0-9215-4b95-b57f-c3307a9f22e4: 238 groups; 12.7 s; peak memory 1248 MiB.
2026-10-10T18:23:14Z INFO [614/900] 98fd66dd-f0a4-4ca4-a2f5-f4c22cc56561: 31 groups; 1.2 s; peak memory 1248 MiB.
2026-10-10T18:23:16Z INFO [615/900] 98fdb43c-af1a-4d7d-82b9-c559ff4597c5: 22 groups; 1.4 s; peak memory 1248 MiB.
2026-10-10T18:23:17Z INFO [616/900] 98fe16cc-1bdd-4d27-92cf-587265028385: 103 groups; 1.8 s; peak memory 1248 MiB.
2026-10-10T18:23:19Z INFO [617/900] 98fe3cd4-1859-4863-97b6-3134cc765b24: 32 groups; 1.9 s; peak memory 1248 MiB.
2026-10-10T18:23:21Z INFO [618/900] 98fe6b55-d90a-43e3-941a-cb02cc489c1e: 22 groups; 1.3 s; peak memory 1248 MiB.
2026-10-10T18:23:22Z INFO [619/900] 98fed36a-5274-44aa-ad5f-d99e67445569: 36 groups; 1.6 s; peak memory 1248 MiB.
2026-10-10T18:23:24Z INFO [620/900] 98feff6c-e9f6-4d46-8f25-77a8406fbfc8: 32 groups; 1.4 s; peak memory 1248 MiB.
2026-10-10T18:23:42Z INFO [621/900] 98ffa22a-4b07-498b-a86d-601d893496de: 295 groups; 18.5 s; peak memory 1248 MiB.
2026-10-10T18:23:44Z INFO [622/900] 98fffabe-9e64-4b35-80fd-623cc8185116: 32 groups; 1.5 s; peak memory 1248 MiB.
2026-10-10T19:01:03Z INFO [623/900] 990054bd-ad97-4635-be5c-ca1c0a566877: 61 groups; 2239.1 s; peak memory 1248 MiB.
2026-10-10T19:01:05Z INFO [624/900] 99005f1e-392a-40ba-86c2-c643ad488812: 199 groups; 2.3 s; peak memory 1248 MiB.
2026-10-10T19:01:08Z INFO [625/900] 990290cf-9270-430f-ba46-85ca05e20a2e: 48 groups; 3.1 s; peak memory 1248 MiB.
2026-10-10T19:01:10Z INFO [626/900] 9902af39-a418-4583-8821-ae9ea2c21985: 33 groups; 1.9 s; peak memory 1248 MiB.
2026-10-10T19:01:19Z INFO [627/900] 9903201f-1de0-4a95-a972-fce2085accc8: 181 groups; 8.8 s; peak memory 1248 MiB.
2026-10-10T19:01:20Z INFO [628/900] 990413d2-bdc0-410b-bf04-9e8a82db6624: 24 groups; 1.3 s; peak memory 1248 MiB.
2026-10-10T19:01:22Z INFO [629/900] 99047c08-6994-4510-ad9d-1e850b369cf0: 337 groups; 2.1 s; peak memory 1248 MiB.
2026-10-10T19:01:24Z INFO [630/900] 9905121e-aa4b-47bf-8e78-1806a17883fb: 35 groups; 2.1 s; peak memory 1248 MiB.
2026-10-10T19:01:30Z INFO [631/900] 99062f9f-ed95-4494-9efe-a25c74781b3d: 111 groups; 5.6 s; peak memory 1248 MiB.
2026-10-10T19:01:31Z INFO [632/900] 99069b7d-be21-491d-be0d-7f5b55c252b0: 28 groups; 1.3 s; peak memory 1248 MiB.
2026-10-10T19:01:33Z INFO [633/900] 9908221a-04f7-4834-997f-786f21c22b13: 22 groups; 1.3 s; peak memory 1248 MiB.
2026-10-10T19:01:45Z INFO [634/900] 990832e9-90e3-4f19-add6-64faf21e448d: 181 groups; 12.8 s; peak memory 1248 MiB.
2026-10-10T19:01:47Z INFO [635/900] 99084196-9b32-491a-9de7-aacbcc4c75bc: 195 groups; 1.9 s; peak memory 1248 MiB.
2026-10-10T19:01:49Z INFO [636/900] 990a3a03-db61-41c0-b30c-701f4278ef79: 22 groups; 1.4 s; peak memory 1248 MiB.
2026-10-10T19:01:52Z INFO [637/900] 990a62d6-46d2-4032-82a3-9a81d63b8238: 48 groups; 3.4 s; peak memory 1248 MiB.
2026-10-10T19:01:53Z INFO [638/900] 990a8609-ea06-4699-9f5e-c62a2bfb0c81: 20 groups; 1.4 s; peak memory 1248 MiB.
2026-10-10T19:01:56Z INFO [639/900] 990a8aad-2997-4fb0-81f4-0da24c6fb1b8: 35 groups; 2.1 s; peak memory 1248 MiB.
2026-10-10T19:01:57Z INFO [640/900] 990b3f1c-353a-4f4b-a41f-8780c8b13823: 22 groups; 1.4 s; peak memory 1248 MiB.
2026-10-10T19:02:00Z INFO [641/900] 990cbdcd-7c38-45be-9d21-11c6b8fecb40: 48 groups; 3.0 s; peak memory 1248 MiB.
2026-10-10T19:02:01Z INFO [642/900] 990d9aff-51f1-4480-a776-af6c0f9fd826: 22 groups; 1.3 s; peak memory 1248 MiB.
2026-10-10T19:02:03Z INFO [643/900] 99116488-d016-4609-95d3-d62716456294: 199 groups; 2.0 s; peak memory 1248 MiB.
2026-10-10T19:04:07Z INFO [644/900] 9911be65-b5e1-46f1-8310-aa7b421ce0c9: 60 groups; 123.9 s; peak memory 1248 MiB.
2026-10-10T19:04:09Z INFO [645/900] 9913368a-14d3-48e9-85aa-0d65b157c8ba: 194 groups; 2.2 s; peak memory 1248 MiB.
2026-10-10T19:04:11Z INFO [646/900] 9913b191-9a24-4d82-a5ef-a1fb62f52637: 35 groups; 1.8 s; peak memory 1248 MiB.
2026-10-10T19:05:29Z INFO [647/900] 99144f50-6af4-4134-a72a-31f934daeee3: 53 groups; 78.0 s; peak memory 1248 MiB.
2026-10-10T19:05:31Z INFO [648/900] 99165f44-6b77-4a9e-8d9b-573935c80779: 35 groups; 2.0 s; peak memory 1248 MiB.
2026-10-10T19:05:34Z INFO [649/900] 9916ad7d-0376-4bc8-bb0f-0159fbff1c34: 48 groups; 3.0 s; peak memory 1248 MiB.
2026-10-10T19:05:36Z INFO [650/900] 99170712-acc7-48f7-90de-8acdc810675d: 22 groups; 1.4 s; peak memory 1248 MiB.
2026-10-10T19:05:36Z INFO [650/900] 99170712-acc7-48f7-90de-8acdc810675d: checkpointed 120786 new records.
2026-10-10T19:05:38Z INFO [651/900] 99171218-204a-4eff-8765-b9cd1288d9cd: 70 groups; 1.7 s; peak memory 1248 MiB.
2026-10-10T19:05:41Z INFO [652/900] 9917283e-b9f4-4bcd-8d19-6883deca43d1: 22 groups; 3.5 s; peak memory 1248 MiB.
2026-10-10T19:05:43Z INFO [653/900] 99174d58-74bc-4b16-a198-693c753e61dd: 22 groups; 1.4 s; peak memory 1248 MiB.
2026-10-10T19:05:44Z INFO [654/900] 9917ecc4-b703-4db1-a701-f840bb5e5a42: 67 groups; 1.5 s; peak memory 1248 MiB.
2026-10-10T19:05:45Z INFO [655/900] 99185bcb-d6e3-4ad6-973c-43a42ed04d5f: 31 groups; 1.3 s; peak memory 1248 MiB.
2026-10-10T19:05:47Z INFO [656/900] 9918bce3-f4cc-44e2-8271-510fddae1d3e: 35 groups; 1.9 s; peak memory 1248 MiB.
2026-10-10T19:05:59Z INFO [657/900] 991a0881-95ab-4a5b-9b65-a54255afb972: 56 groups; 11.5 s; peak memory 1248 MiB.
2026-10-10T19:06:05Z INFO [658/900] 991a87ce-9c0c-42a1-b082-0d628cbbf980: 72 groups; 6.1 s; peak memory 1248 MiB.
2026-10-10T19:06:11Z INFO [659/900] 991afb18-d450-44d5-acc9-0381aab4ad8d: 73 groups; 6.2 s; peak memory 1248 MiB.
2026-10-10T19:06:12Z INFO [660/900] 991baa9d-352f-40fa-a196-e52f6f46a7ed: 20 groups; 1.4 s; peak memory 1248 MiB.
2026-10-10T19:06:27Z INFO [661/900] 991c12dd-050e-4cd5-8f5b-9f178e149342: 725 groups; 14.2 s; peak memory 1248 MiB.
2026-10-10T19:06:33Z INFO [662/900] 991d233a-57c1-4620-9d65-d4b7296ed317: 127 groups; 6.0 s; peak memory 1248 MiB.
2026-10-10T19:06:34Z INFO [663/900] 991d4bbc-eebd-48c1-b49a-efd409568294: 35 groups; 1.8 s; peak memory 1248 MiB.
2026-10-10T19:06:37Z INFO [664/900] 991d74da-efbf-480c-979a-9fff6f2f76f5: 196 groups; 2.7 s; peak memory 1248 MiB.
2026-10-10T19:06:40Z INFO [665/900] 991dc4e8-a0ec-43d7-a705-f318d99b369e: 17 groups; 3.3 s; peak memory 1248 MiB.
2026-10-10T19:06:42Z INFO [666/900] 991efc67-2447-4b32-b50c-95df3a270f75: 35 groups; 1.9 s; peak memory 1248 MiB.
2026-10-10T19:06:46Z INFO [667/900] 991fe81f-322d-4688-8abc-67d4a0d92e28: 71 groups; 3.8 s; peak memory 1248 MiB.
2026-10-10T19:06:56Z INFO [668/900] 99218cf1-749d-4ba3-b5cc-407a6e6cdec3: 147 groups; 10.1 s; peak memory 1248 MiB.
2026-10-10T19:07:00Z INFO [669/900] 9921d98c-c3df-4e82-95b5-e170a40c73f7: 50 groups; 3.5 s; peak memory 1248 MiB.
2026-10-10T19:07:01Z INFO [670/900] 9922bfd9-3320-407f-ac54-f429279e9b9e: 32 groups; 1.6 s; peak memory 1248 MiB.
2026-10-10T19:07:06Z INFO [671/900] 9922f97b-1814-4310-802f-0c00d3f6be31: 50 groups; 4.0 s; peak memory 1248 MiB.
2026-10-10T19:07:18Z INFO [672/900] 992362d0-6d82-4e85-9614-f9ea40bd08df: 231 groups; 12.5 s; peak memory 1248 MiB.
2026-10-10T19:07:19Z INFO [673/900] 99238989-8e51-434a-948a-04c46d8e5867: 22 groups; 1.4 s; peak memory 1248 MiB.
2026-10-10T19:07:22Z INFO [674/900] 9923b809-82f9-4333-a8c2-e6e4189c1fa5: 35 groups; 2.2 s; peak memory 1248 MiB.
2026-10-10T19:07:24Z INFO [675/900] 99241c3f-513e-4168-b10c-48d180a913d7: 26 groups; 2.7 s; peak memory 1248 MiB.
2026-10-10T19:07:26Z INFO [676/900] 99246cd6-2dc8-4d2b-9eb6-5e20b3979cdd: 49 groups; 1.8 s; peak memory 1248 MiB.
2026-10-10T19:07:47Z INFO [677/900] 9925811a-c5fd-4db4-8188-360a7123509c: 23 groups; 20.5 s; peak memory 1248 MiB.
2026-10-10T19:07:48Z INFO [678/900] 99278684-a283-4bd0-af86-992e3a50052a: 22 groups; 1.2 s; peak memory 1248 MiB.
2026-10-10T19:07:50Z INFO [679/900] 99285b5c-337a-4c1e-bd1b-a6a40f3bc077: 200 groups; 2.6 s; peak memory 1248 MiB.
2026-10-10T19:08:00Z INFO [680/900] 9929c3a4-b195-4216-ab0f-ac0b58fe41ce: 50 groups; 9.1 s; peak memory 1248 MiB.
2026-10-10T19:08:01Z INFO [681/900] 992a8c1d-c37a-46db-84ad-6dbebd27340a: 35 groups; 1.6 s; peak memory 1248 MiB.
2026-10-10T19:08:02Z INFO [682/900] 992ad73a-f425-458d-b8a4-eee2c3f49673: 22 groups; 1.2 s; peak memory 1248 MiB.
2026-10-10T19:08:04Z INFO [683/900] 992b9acd-bc75-4ac0-a0ea-d28cf9b71ff6: 32 groups; 1.6 s; peak memory 1248 MiB.
2026-10-10T19:08:05Z INFO [684/900] 992c1827-5442-42c4-b620-63413833af1c: 16 groups; 1.4 s; peak memory 1248 MiB.
2026-10-10T19:08:07Z INFO [685/900] 992cf995-43ad-4d7a-9df3-40e416842e8b: 32 groups; 1.8 s; peak memory 1248 MiB.
2026-10-10T19:08:09Z INFO [686/900] 992d05cf-6806-4ce9-87b8-33acbe15c837: 16 groups; 1.5 s; peak memory 1248 MiB.
2026-10-10T19:08:10Z INFO [687/900] 992e49b4-0181-4495-8da3-52f5e3d9c651: 22 groups; 1.4 s; peak memory 1248 MiB.
2026-10-10T19:08:20Z INFO [688/900] 992ec898-729c-439b-877c-e56f2da54fa8: 238 groups; 9.4 s; peak memory 1248 MiB.
2026-10-10T19:08:21Z INFO [689/900] 992f66a6-3d4c-4b55-bed9-3b5dc3577f45: 33 groups; 1.5 s; peak memory 1248 MiB.
2026-10-10T19:08:23Z INFO [690/900] 992ff37f-9438-4f58-9633-b370d4540994: 34 groups; 1.8 s; peak memory 1248 MiB.
2026-10-10T19:08:25Z INFO [691/900] 99300460-e969-4313-a0f6-8a80db7d43ee: 195 groups; 1.9 s; peak memory 1248 MiB.
2026-10-10T19:08:26Z INFO [692/900] 9931b2c1-cf15-4836-b40b-06dd36738c37: 32 groups; 1.6 s; peak memory 1248 MiB.
2026-10-10T19:08:33Z INFO [693/900] 9931bb74-b66f-4aed-a680-eeb1e5f4f59f: 18 groups; 6.2 s; peak memory 1248 MiB.
2026-10-10T19:08:35Z INFO [694/900] 99335327-02b8-4cc8-b8b8-e80d3d39fe8e: 26 groups; 2.4 s; peak memory 1248 MiB.
2026-10-10T19:08:37Z INFO [695/900] 9933a923-4a19-47b1-996b-3adb89278b3b: 35 groups; 2.1 s; peak memory 1248 MiB.
2026-10-10T19:08:40Z INFO [696/900] 9933ac3a-211e-4364-a850-9cda4d75c0f1: 207 groups; 2.6 s; peak memory 1248 MiB.
2026-10-10T19:08:41Z INFO [697/900] 9933e4be-b9ee-4df5-a0a5-a24fb7834020: 32 groups; 1.9 s; peak memory 1248 MiB.
2026-10-10T19:08:44Z INFO [698/900] 99348ce2-7976-4ff2-80c0-9878365759c4: 201 groups; 2.0 s; peak memory 1248 MiB.
2026-10-10T19:10:44Z INFO [699/900] 99349388-436e-4ba3-a081-978c609d34f5: 39 groups; 120.1 s; peak memory 1248 MiB.
2026-10-10T19:10:45Z INFO [700/900] 993590c4-3782-4b11-8239-cb19f9cae7a1: 36 groups; 1.8 s; peak memory 1248 MiB.
2026-10-10T19:10:46Z INFO [700/900] 993590c4-3782-4b11-8239-cb19f9cae7a1: checkpointed 120836 new records.
2026-10-10T19:10:49Z INFO [701/900] 9935c65c-3eb1-44d8-b950-04c09d71176b: 48 groups; 3.3 s; peak memory 1248 MiB.
2026-10-10T19:10:50Z INFO [702/900] 9935fbb2-9656-43af-907c-4e772849488a: 22 groups; 1.4 s; peak memory 1248 MiB.
2026-10-10T19:11:03Z INFO [703/900] 99362290-8cc5-44d7-adb8-7496bb93c115: 164 groups; 12.2 s; peak memory 1248 MiB.
2026-10-10T19:11:04Z INFO [704/900] 9936565d-18c4-4a38-ae93-7bff96594eb0: 22 groups; 1.4 s; peak memory 1248 MiB.
2026-10-10T19:11:06Z INFO [705/900] 993702dc-b713-4d08-9472-99f6e990a7f7: 194 groups; 2.0 s; peak memory 1248 MiB.
2026-10-10T19:11:16Z INFO [706/900] 99371cd9-40c3-4bb7-b678-26ff9604824c: 185 groups; 10.4 s; peak memory 1248 MiB.
2026-10-10T19:11:17Z INFO [707/900] 9937ca2e-8cd6-4415-aa87-4d1193ebf43e: 16 groups; 1.1 s; peak memory 1248 MiB.
2026-10-10T19:11:19Z INFO [708/900] 9937d53d-830f-40a4-9e3c-603d3cde79c5: 22 groups; 1.3 s; peak memory 1248 MiB.
2026-10-10T19:11:21Z INFO [709/900] 99382503-b7e1-4e69-b3b2-19593120f35d: 35 groups; 2.1 s; peak memory 1248 MiB.
2026-10-10T19:11:32Z INFO [710/900] 99386c9d-7770-466a-9889-bb5de0d082e7: 191 groups; 10.8 s; peak memory 1248 MiB.
2026-10-10T19:11:34Z INFO [711/900] 99389521-9b66-4de5-8b05-957859f32029: 203 groups; 2.0 s; peak memory 1248 MiB.
2026-10-10T19:11:46Z INFO [712/900] 99392ddb-4613-4173-b3b3-94ce6e4773a7: 185 groups; 12.5 s; peak memory 1248 MiB.
2026-10-10T19:11:54Z INFO [713/900] 99398dd9-4764-4f22-a0a5-b92d8363a3ff: 181 groups; 8.0 s; peak memory 1248 MiB.
2026-10-10T19:11:56Z INFO [714/900] 9939eeab-1fd7-4b50-8751-d87451d577d8: 32 groups; 2.0 s; peak memory 1248 MiB.
2026-10-10T19:11:57Z INFO [715/900] 993a0f9a-27e3-4cf0-a765-4f9725f4028f: 22 groups; 1.3 s; peak memory 1248 MiB.
2026-10-10T19:12:01Z INFO [716/900] 993a1778-cbee-4854-8ba4-04db3e285bcc: 54 groups; 3.4 s; peak memory 1248 MiB.
2026-10-10T19:12:03Z INFO [717/900] 993a65f4-720e-4e2e-a69c-e87c42168045: 48 groups; 2.6 s; peak memory 1248 MiB.
2026-10-10T19:12:05Z INFO [718/900] 993ad01c-d4c7-4281-8853-d028e60d9587: 32 groups; 1.5 s; peak memory 1248 MiB.
2026-10-10T19:12:07Z INFO [719/900] 993cd2f0-9db7-4292-bd09-2eebfd79ee8c: 35 groups; 1.8 s; peak memory 1248 MiB.
2026-10-10T19:12:09Z INFO [720/900] 993dbc26-49eb-45f2-847d-7b08d8daa42f: 35 groups; 2.2 s; peak memory 1248 MiB.
2026-10-10T19:12:11Z INFO [721/900] 993e4ebe-79de-4408-8228-4dd450d1eddb: 194 groups; 1.8 s; peak memory 1248 MiB.
2026-10-10T19:12:28Z INFO [722/900] 993e6e80-1e77-4985-ab82-f01463ed4dab: 226 groups; 17.3 s; peak memory 1248 MiB.
2026-10-10T19:12:29Z INFO [723/900] 993eacec-f8de-4c3a-85be-8f0a45094820: 22 groups; 1.4 s; peak memory 1248 MiB.
2026-10-10T19:12:31Z INFO [724/900] 993efb50-b408-4f34-8be9-a69aae73fd6a: 196 groups; 1.8 s; peak memory 1248 MiB.
2026-10-10T19:12:33Z INFO [725/900] 993f245d-ae38-4cc7-bf7b-e98b9e24c5d2: 35 groups; 1.7 s; peak memory 1248 MiB.
2026-10-10T19:12:36Z INFO [726/900] 99410dcf-a001-4bcf-816f-5d49ad11c195: 55 groups; 3.6 s; peak memory 1248 MiB.
2026-10-10T19:12:44Z INFO [727/900] 994142ce-bcc8-4531-ad2e-74020ebd8c63: 125 groups; 7.5 s; peak memory 1248 MiB.
2026-10-10T19:12:45Z INFO [728/900] 9941f674-fe1c-4558-b257-44f24de7bccd: 25 groups; 1.3 s; peak memory 1248 MiB.
2026-10-10T19:12:47Z INFO [729/900] 9943ef5d-c945-4985-b18f-e044a4c1e00b: 32 groups; 1.8 s; peak memory 1248 MiB.
2026-10-10T19:12:54Z INFO [730/900] 9944b28d-8539-41fd-9b4a-8f9c3d7cf2fa: 47 groups; 6.9 s; peak memory 1248 MiB.
2026-10-10T19:12:56Z INFO [731/900] 9944e6b2-70ae-45c0-89d0-1ac57bce2939: 35 groups; 1.7 s; peak memory 1248 MiB.
2026-10-10T19:12:57Z INFO [732/900] 9945edfb-90a8-4a55-b8c5-6e26df56e282: 22 groups; 1.4 s; peak memory 1248 MiB.
2026-10-10T19:13:00Z INFO [733/900] 994627ac-4dd1-48ac-88a3-b70045bb73c6: 207 groups; 2.6 s; peak memory 1248 MiB.
2026-10-10T19:13:02Z INFO [734/900] 9946a349-35bd-46e3-9e69-e73c04827a32: 35 groups; 2.3 s; peak memory 1248 MiB.
2026-10-10T19:13:04Z INFO [735/900] 9946e955-f392-40a4-91c1-898ee3ce5c45: 32 groups; 1.8 s; peak memory 1248 MiB.
2026-10-10T19:13:05Z INFO [736/900] 99475537-ff3a-463d-b799-56a9499d4942: 28 groups; 1.3 s; peak memory 1248 MiB.
2026-10-10T19:13:23Z INFO [737/900] 9948351a-3f98-4cba-a88d-7dc2bfe72dc3: 89 groups; 18.0 s; peak memory 1248 MiB.
2026-10-10T19:13:26Z INFO [738/900] 99492715-c089-4ed4-9fe5-6b2603d3d2d9: 17 groups; 3.1 s; peak memory 1248 MiB.
2026-10-10T19:13:28Z INFO [739/900] 99494274-655c-46da-8fb4-17788fcc553e: 25 groups; 1.6 s; peak memory 1248 MiB.
2026-10-10T19:13:29Z INFO [740/900] 99497075-9bc7-4859-85ce-c0e3468c1ee0: 22 groups; 1.3 s; peak memory 1248 MiB.
2026-10-10T19:13:40Z INFO [741/900] 994dd363-32d7-4159-b535-65ae031e54f1: 185 groups; 11.6 s; peak memory 1248 MiB.
2026-10-10T19:13:49Z INFO [742/900] 994e3250-758e-4f7d-b458-99e570d7f8af: 33 groups; 8.6 s; peak memory 1248 MiB.
2026-10-10T19:13:57Z INFO [743/900] 994e6894-831b-4a48-bd7f-5d26e4c5ead8: 29 groups; 8.0 s; peak memory 1248 MiB.
2026-10-10T19:13:58Z INFO [744/900] 994e7084-1a11-4e3c-8920-1af206d22f35: 16 groups; 1.0 s; peak memory 1248 MiB.
2026-10-10T19:13:59Z INFO [745/900] 994e7647-fb12-4455-b6ce-c19c2d2e5bfd: 31 groups; 1.2 s; peak memory 1248 MiB.
2026-10-10T19:14:20Z INFO [746/900] 994f903b-5c5d-45ae-a164-4f2d2bdedca0: 23 groups; 20.7 s; peak memory 1248 MiB.
2026-10-10T19:14:21Z INFO [747/900] 994fc7ff-b97e-4fcb-87a4-c77e879a7d42: 22 groups; 1.3 s; peak memory 1248 MiB.
2026-10-10T19:14:23Z INFO [748/900] 9950863b-aa04-4c35-9fd1-9f66feaa222a: 25 groups; 1.5 s; peak memory 1248 MiB.
2026-10-10T19:14:24Z INFO [749/900] 9952233e-5199-4568-8c19-e8bd99391d33: 24 groups; 1.2 s; peak memory 1248 MiB.
2026-10-10T19:14:26Z INFO [750/900] 9952ae42-00b0-450d-99ce-bffe74cfa676: 33 groups; 1.7 s; peak memory 1248 MiB.
2026-10-10T19:14:26Z INFO [750/900] 9952ae42-00b0-450d-99ce-bffe74cfa676: checkpointed 120886 new records.
2026-10-10T19:14:28Z INFO [751/900] 9952f8e7-39bc-4e9e-805a-3e35843bd105: 200 groups; 2.2 s; peak memory 1248 MiB.
2026-10-10T19:14:30Z INFO [752/900] 995412ad-bbb2-4d6f-84aa-a2bfea15aacc: 22 groups; 1.4 s; peak memory 1248 MiB.
2026-10-10T19:14:47Z INFO [753/900] 99541e1f-b7cd-4c7f-a352-a021a4e6292d: 27 groups; 16.9 s; peak memory 1248 MiB.
2026-10-10T19:14:48Z INFO [754/900] 995451eb-1a8f-4cf2-b2ff-9cbe1b9da327: 25 groups; 1.4 s; peak memory 1248 MiB.
2026-10-10T19:14:49Z INFO [755/900] 99548cdd-7619-4ef2-9d10-986ab771fab8: 22 groups; 1.3 s; peak memory 1248 MiB.
2026-10-10T19:15:07Z INFO [756/900] 9954bfdd-6118-4ef0-94b3-46a81872dc62: 18 groups; 18.1 s; peak memory 1248 MiB.
2026-10-10T19:15:09Z INFO [757/900] 99564a51-8bc5-4c2a-b2b1-59ca9db7d07e: 22 groups; 1.3 s; peak memory 1248 MiB.
2026-10-10T19:15:10Z INFO [758/900] 99568686-8e8e-4b0b-9c46-2f178b53252a: 29 groups; 1.5 s; peak memory 1248 MiB.
2026-10-10T19:15:17Z INFO [759/900] 995737e8-a602-46c4-8662-48c6cc173a12: 47 groups; 6.9 s; peak memory 1248 MiB.
2026-10-10T19:15:19Z INFO [760/900] 99586cba-c14c-4311-9882-d5fcf70a6ca6: 16 groups; 1.5 s; peak memory 1248 MiB.
2026-10-10T19:15:25Z INFO [761/900] 99587449-08d4-4d05-a36b-73aaaca0f01e: 78 groups; 6.6 s; peak memory 1248 MiB.
2026-10-10T19:15:27Z INFO [762/900] 9958dc77-22a7-46c3-857b-82626f1750af: 40 groups; 1.7 s; peak memory 1248 MiB.
2026-10-10T19:15:31Z INFO [763/900] 9958fb0b-d39f-4510-bf5d-0ecb9389e16b: 48 groups; 3.6 s; peak memory 1248 MiB.
2026-10-10T19:15:33Z INFO [764/900] 995a29ae-286b-4777-8d33-f7fdfeadbe68: 32 groups; 2.1 s; peak memory 1248 MiB.
2026-10-10T19:15:34Z INFO [765/900] 995a519f-22c7-4e61-9c4a-1052564fe0ce: 31 groups; 1.2 s; peak memory 1248 MiB.
2026-10-10T19:15:35Z INFO [766/900] 995aeed4-7e5f-4d6b-b2ce-97089825b7da: 22 groups; 1.4 s; peak memory 1248 MiB.
2026-10-10T19:16:59Z INFO [767/900] 995bbf1e-3adf-46d9-a9c1-3209dac8d46f: 22 groups; 83.8 s; peak memory 1248 MiB.
2026-10-10T19:17:00Z INFO [768/900] 995c8da9-e537-4a8c-b89d-a5ad87c65962: 22 groups; 1.3 s; peak memory 1248 MiB.
2026-10-10T19:17:02Z INFO [769/900] 995cc652-1e6c-4744-a9b8-e390e5d054e7: 34 groups; 1.6 s; peak memory 1248 MiB.
2026-10-10T19:17:03Z INFO [770/900] 995d2a9f-bdb5-48ff-b705-0280c3cb0204: 16 groups; 1.1 s; peak memory 1248 MiB.
2026-10-10T19:17:05Z INFO [771/900] 995d5d6d-48ce-4e15-8e7f-1321a7e613bb: 206 groups; 2.2 s; peak memory 1248 MiB.
2026-10-10T19:17:06Z INFO [772/900] 995d9d69-c408-4d2b-bc86-7c13f039968f: 17 groups; 1.2 s; peak memory 1248 MiB.
2026-10-10T19:17:08Z INFO [773/900] 995e7a64-ba36-4cdc-a693-6b53f555941e: 22 groups; 1.4 s; peak memory 1248 MiB.
2026-10-10T19:17:11Z INFO [774/900] 995f4411-514c-4bf3-aec0-8e6009920e12: 336 groups; 3.2 s; peak memory 1248 MiB.
2026-10-10T19:41:03Z INFO [775/900] 995f4e8d-dd2f-4677-bc89-355e3ad2750c: 67 groups; 1432.0 s; peak memory 1248 MiB.
2026-10-10T19:41:04Z INFO [776/900] 995f9571-59f4-46a1-a1b6-72a9dff297c7: 30 groups; 1.1 s; peak memory 1248 MiB.
2026-10-10T19:41:06Z INFO [777/900] 995fb25c-ed3c-4ac9-82b1-14f362bee571: 33 groups; 2.1 s; peak memory 1248 MiB.
2026-10-10T19:41:08Z INFO [778/900] 995fe1e5-3753-4750-af6a-e0238b3ef1f9: 255 groups; 1.8 s; peak memory 1248 MiB.
2026-10-10T19:41:27Z INFO [779/900] 99605cc7-740d-4fc1-b633-f0ac1d859c26: 223 groups; 19.2 s; peak memory 1248 MiB.
2026-10-10T19:41:29Z INFO [780/900] 99637b33-3db3-4632-ac73-8e3fa97ef0e0: 22 groups; 1.5 s; peak memory 1248 MiB.
2026-10-10T19:42:00Z INFO [781/900] 99638051-40f3-457f-8632-41cf4d4dfd58: 17 groups; 31.1 s; peak memory 1248 MiB.
2026-10-10T19:42:01Z INFO [782/900] 996387e6-9fba-4c09-ae92-1ff7792a9f24: 22 groups; 1.3 s; peak memory 1248 MiB.
2026-10-10T19:42:02Z INFO [783/900] 9964b64e-ca1f-4296-87c7-889a1381f81f: 22 groups; 1.3 s; peak memory 1248 MiB.
2026-10-10T19:42:10Z INFO [784/900] 9964e0ed-5b0b-4ba8-b4a8-fd909aa0896f: 771 groups; 8.0 s; peak memory 1248 MiB.
2026-10-10T19:42:12Z INFO [785/900] 9964e4d1-e527-4090-a0f1-d1285095e27e: 26 groups; 1.9 s; peak memory 1248 MiB.
2026-10-10T19:42:14Z INFO [786/900] 996516c6-b8d7-4580-8cc1-5813427991ea: 22 groups; 1.4 s; peak memory 1248 MiB.
2026-10-10T19:42:15Z INFO [787/900] 996532c2-fa74-456f-acb1-3e3f406eee16: 28 groups; 1.2 s; peak memory 1248 MiB.
2026-10-10T19:42:16Z INFO [788/900] 9965ada3-1798-4ad9-8c9b-c0773b7bf62a: 22 groups; 1.3 s; peak memory 1248 MiB.
2026-10-10T19:42:20Z INFO [789/900] 9966fa4c-2b46-40f9-90b8-142cb50b0336: 50 groups; 3.7 s; peak memory 1248 MiB.
2026-10-10T19:42:31Z INFO [790/900] 99675fad-01ce-455a-b3b5-446d98ce92ae: 22 groups; 11.5 s; peak memory 1248 MiB.
2026-10-10T19:42:33Z INFO [791/900] 99688c27-ee0e-4246-9581-ade52806bccc: 22 groups; 1.4 s; peak memory 1248 MiB.
2026-10-10T19:42:35Z INFO [792/900] 996902ae-934c-4995-adc4-60cb7f48672e: 36 groups; 1.7 s; peak memory 1248 MiB.
2026-10-10T19:42:37Z INFO [793/900] 99692d6a-7fd5-411c-a312-7bd17f2c48e0: 202 groups; 2.0 s; peak memory 1248 MiB.
2026-10-10T19:42:38Z INFO [794/900] 996a39ea-eb28-4bd6-aa4a-1bbb9c3bec67: 22 groups; 1.3 s; peak memory 1248 MiB.
2026-10-10T19:42:39Z INFO [795/900] 996a4d69-71ab-4909-93fc-1441e843eec3: 22 groups; 1.4 s; peak memory 1248 MiB.
2026-10-10T19:42:40Z INFO [796/900] 996a8124-e2a3-488e-8ba7-bf1dbb589384: 16 groups; 1.0 s; peak memory 1248 MiB.
2026-10-10T19:42:42Z INFO [797/900] 996aa437-0eca-4b5e-8b75-e731a63e7b9f: 254 groups; 1.6 s; peak memory 1248 MiB.
2026-10-10T19:42:43Z INFO [798/900] 996b28cb-2504-4eb5-8de3-6f491c067e07: 33 groups; 1.3 s; peak memory 1248 MiB.
2026-10-10T19:42:44Z INFO [799/900] 996c46f0-3453-4bfe-ab5a-d1741be26702: 33 groups; 1.3 s; peak memory 1248 MiB.
2026-10-10T19:42:49Z INFO [800/900] 996ceb3f-d892-4d21-8760-92fc346d3241: 52 groups; 4.6 s; peak memory 1248 MiB.
2026-10-10T19:42:49Z INFO [800/900] 996ceb3f-d892-4d21-8760-92fc346d3241: checkpointed 120936 new records.
2026-10-10T19:42:52Z INFO [801/900] 996d2b22-bf6c-43cf-8c97-e6ff74e31f76: 207 groups; 2.4 s; peak memory 1248 MiB.
2026-10-10T19:42:53Z INFO [802/900] 996de6c5-e38f-4660-9453-0e45ba953401: 22 groups; 1.3 s; peak memory 1248 MiB.
2026-10-10T19:42:55Z INFO [803/900] 996e0086-1082-4359-9854-dced9a67b51c: 35 groups; 2.5 s; peak memory 1248 MiB.
2026-10-10T19:42:57Z INFO [804/900] 996ea447-a4c3-4023-a2a8-d08a553dfdd4: 33 groups; 1.8 s; peak memory 1248 MiB.
2026-10-10T19:42:59Z INFO [805/900] 996f045a-cc14-4486-afed-30d686abb427: 32 groups; 1.6 s; peak memory 1248 MiB.
2026-10-10T19:43:12Z INFO [806/900] 996fdf6a-4e8d-4ee5-b4ca-d32220b164e3: 36 groups; 13.4 s; peak memory 1248 MiB.
2026-10-10T19:43:14Z INFO [807/900] 9971fa40-8712-46c3-a40f-35a6f75248fe: 202 groups; 1.9 s; peak memory 1248 MiB.
2026-10-10T19:43:17Z INFO [808/900] 99721eab-5a23-449a-bdd9-a4535e9102c7: 48 groups; 2.7 s; peak memory 1248 MiB.
2026-10-10T19:43:18Z INFO [809/900] 99728073-cdf3-4f44-b11d-46def34b4ebe: 20 groups; 1.3 s; peak memory 1248 MiB.
2026-10-10T19:43:19Z INFO [810/900] 99744da2-5641-4ca4-ad4d-476d8e2dea4a: 22 groups; 1.4 s; peak memory 1248 MiB.
2026-10-10T19:43:41Z INFO [811/900] 99745588-e75d-4341-bbbd-e51fd03a7010: 26 groups; 21.2 s; peak memory 1248 MiB.
2026-10-10T19:43:43Z INFO [812/900] 99746706-9183-43f6-8cc3-36d581be4138: 35 groups; 2.2 s; peak memory 1248 MiB.
2026-10-10T19:43:50Z INFO [813/900] 9974b7ec-feb7-447c-b8a8-d1cbf9d45138: 67 groups; 6.7 s; peak memory 1248 MiB.
2026-10-10T19:43:52Z INFO [814/900] 9974fc28-0c02-428e-a6e6-7f5779700877: 17 groups; 2.8 s; peak memory 1248 MiB.
2026-10-10T19:43:54Z INFO [815/900] 99753845-c542-40e9-9953-2c398d3e9f6a: 22 groups; 1.3 s; peak memory 1248 MiB.
2026-10-10T19:43:55Z INFO [816/900] 99758652-f92f-4adf-bff8-c49bf49a009d: 28 groups; 1.3 s; peak memory 1248 MiB.
2026-10-10T19:43:56Z INFO [817/900] 99768dba-6701-4e2a-b770-555955a16e81: 26 groups; 1.1 s; peak memory 1248 MiB.
2026-10-10T19:43:58Z INFO [818/900] 99771620-46c0-4922-a1f2-70c185e85d06: 254 groups; 1.6 s; peak memory 1248 MiB.
2026-10-10T19:43:59Z INFO [819/900] 99777839-41f8-4562-83c1-4963b6d2a385: 22 groups; 1.4 s; peak memory 1248 MiB.
2026-10-10T19:44:00Z INFO [820/900] 99791b95-256e-406b-9a63-d3aa5a91f3bc: 22 groups; 1.4 s; peak memory 1248 MiB.
2026-10-10T19:44:03Z INFO [821/900] 9979f41b-ead8-4118-b6df-dd623c675bc2: 35 groups; 2.2 s; peak memory 1248 MiB.
2026-10-10T19:53:09Z INFO [822/900] 997c4c23-6a94-460e-b703-f5f3cfa43cf5: 46 groups; 546.5 s; peak memory 1262 MiB.
2026-10-10T19:53:11Z INFO [823/900] 997c555a-3c75-433a-a5fc-ce0bb39e0b55: 22 groups; 1.5 s; peak memory 1262 MiB.
2026-10-10T19:53:22Z INFO [824/900] 997cf0cf-32d4-4e5b-a372-d559f7d241ec: 1503 groups; 11.8 s; peak memory 1262 MiB.
2026-10-10T19:53:24Z INFO [825/900] 997d658a-b1a2-4609-b898-92f0bd764033: 22 groups; 1.5 s; peak memory 1262 MiB.
2026-10-10T19:53:29Z INFO [826/900] 997dbaa9-3df7-496a-be25-0e8ba9fd9a05: 97 groups; 4.9 s; peak memory 1262 MiB.
2026-10-10T19:53:47Z INFO [827/900] 997dde1e-5056-4737-aa59-54ad663902c8: 27 groups; 18.5 s; peak memory 1262 MiB.
2026-10-10T19:53:49Z INFO [828/900] 997e6f6a-0a39-4d4f-970e-10f7122038af: 29 groups; 1.2 s; peak memory 1262 MiB.
2026-10-10T19:53:52Z INFO [829/900] 997eaed0-b02c-4789-b825-687c4192d68e: 47 groups; 3.8 s; peak memory 1262 MiB.
2026-10-10T19:53:54Z INFO [830/900] 997f34dc-af15-4a24-a1ff-f6f8b312feef: 22 groups; 1.4 s; peak memory 1262 MiB.
2026-10-10T19:54:01Z INFO [831/900] 997f51cd-0af5-4f03-8346-239f242da215: 105 groups; 7.3 s; peak memory 1262 MiB.
2026-10-10T19:54:03Z INFO [832/900] 998085bd-f5bf-4641-a559-bcc5b62c95c6: 32 groups; 1.8 s; peak memory 1262 MiB.
2026-10-10T19:54:05Z INFO [833/900] 9980c74d-b5f4-487b-b13e-794cff2f2009: 49 groups; 2.4 s; peak memory 1262 MiB.
2026-10-10T19:54:07Z INFO [834/900] 9980d38b-748c-4647-86f0-9ec78a1e4434: 28 groups; 1.3 s; peak memory 1262 MiB.
2026-10-10T19:54:13Z INFO [835/900] 99810087-2ff3-493a-9446-1718734c5c07: 74 groups; 6.4 s; peak memory 1262 MiB.
2026-10-10T19:54:14Z INFO [836/900] 998203e6-7118-4530-8675-b324a42bf9d8: 22 groups; 1.4 s; peak memory 1262 MiB.
2026-10-10T19:54:16Z INFO [837/900] 9982f762-3b64-4ddd-8746-51b7596c2568: 22 groups; 1.5 s; peak memory 1262 MiB.
2026-10-10T19:54:17Z INFO [838/900] 99831892-d4ac-43b4-bd64-b82b6eab99e9: 22 groups; 1.4 s; peak memory 1262 MiB.
2026-10-10T19:54:34Z INFO [839/900] 99832e0f-b740-4916-8742-f392f2749420: 124 groups; 16.7 s; peak memory 1262 MiB.
2026-10-10T19:54:35Z INFO [840/900] 998355f2-febd-4a9a-ab83-2589f7ea07cb: 22 groups; 1.4 s; peak memory 1262 MiB.
2026-10-10T19:54:43Z INFO [841/900] 99837290-4905-490e-a13f-0455d567456d: 92 groups; 7.3 s; peak memory 1262 MiB.
2026-10-10T19:54:44Z INFO [842/900] 99840cbe-0075-4881-a042-2ab2aaec3f6d: 18 groups; 1.1 s; peak memory 1262 MiB.
2026-10-10T19:54:45Z INFO [843/900] 99841bd4-1d65-4552-9088-7986894041a9: 252 groups; 1.5 s; peak memory 1262 MiB.
2026-10-10T19:54:48Z INFO [844/900] 99843156-c691-481c-ad36-b7fe53f83087: 37 groups; 2.5 s; peak memory 1262 MiB.
2026-10-10T19:54:49Z INFO [845/900] 99844de1-cc0b-479c-9ab1-e3e713eec1a7: 17 groups; 1.4 s; peak memory 1262 MiB.
2026-10-10T19:54:52Z INFO [846/900] 998504a7-482c-4d48-86ab-e302e35871b8: 33 groups; 2.4 s; peak memory 1262 MiB.
2026-10-10T19:54:53Z INFO [847/900] 99854987-f48d-48af-a0f4-dabf5861cc51: 22 groups; 1.3 s; peak memory 1262 MiB.
2026-10-10T19:54:55Z INFO [848/900] 99858d5c-0065-4b0d-af08-dc2aa8e5f4be: 32 groups; 1.7 s; peak memory 1262 MiB.
2026-10-10T19:54:58Z INFO [849/900] 9985cd7c-f746-409e-bac7-18f9606c8938: 50 groups; 3.5 s; peak memory 1262 MiB.
2026-10-10T19:55:00Z INFO [850/900] 9985ef33-d644-4646-bd8d-7b9153cc5a24: 22 groups; 1.5 s; peak memory 1262 MiB.
2026-10-10T19:55:00Z INFO [850/900] 9985ef33-d644-4646-bd8d-7b9153cc5a24: checkpointed 120986 new records.
2026-10-10T19:55:02Z INFO [851/900] 9985faf2-a728-4a76-a555-36941850cf6b: 201 groups; 1.9 s; peak memory 1262 MiB.
2026-10-10T19:55:03Z INFO [852/900] 9987b77f-95a2-43f0-9bf8-380da289abfd: 22 groups; 1.3 s; peak memory 1262 MiB.
2026-10-10T19:55:16Z INFO [853/900] 998854cd-4cd7-4b62-9d5f-65cc4726b6fe: 197 groups; 12.7 s; peak memory 1262 MiB.
2026-10-10T19:55:17Z INFO [854/900] 99888215-d47c-4c00-b610-d936f5943587: 253 groups; 1.4 s; peak memory 1262 MiB.
2026-10-10T19:55:19Z INFO [855/900] 99889c70-7266-4b6f-bfea-7e46eb9b31df: 32 groups; 1.6 s; peak memory 1262 MiB.
2026-10-10T19:55:29Z INFO [856/900] 99891942-d526-4bbf-9a6e-01c577551212: 123 groups; 10.6 s; peak memory 1262 MiB.
2026-10-10T19:55:31Z INFO [857/900] 99894c7b-571e-425f-8948-aa15b293fb1e: 22 groups; 1.4 s; peak memory 1262 MiB.
2026-10-10T19:55:32Z INFO [858/900] 998aeb76-aca2-4b5f-baf3-0fe3173007c1: 27 groups; 1.6 s; peak memory 1262 MiB.
2026-10-10T19:55:34Z INFO [859/900] 998bcb43-64ac-4c85-ab5f-214ac1be4f79: 22 groups; 1.4 s; peak memory 1262 MiB.
2026-10-10T19:55:35Z INFO [860/900] 998c01ac-b417-4c14-ab40-a6ebe9a9d152: 16 groups; 1.1 s; peak memory 1262 MiB.
2026-10-10T19:55:41Z INFO [861/900] 998c2524-4093-41e2-ba88-1b6c8e15fa45: 29 groups; 6.3 s; peak memory 1262 MiB.
2026-10-10T19:55:58Z INFO [862/900] 998c89be-fbd3-43af-b368-075bfe7c12cb: 27 groups; 16.9 s; peak memory 1262 MiB.
2026-10-10T19:56:03Z INFO [863/900] 998dd148-f5d9-4282-9bf2-9508667b1764: 75 groups; 5.4 s; peak memory 1262 MiB.
2026-10-10T19:56:05Z INFO [864/900] 998ded40-77dc-4fea-a0a5-151a8228f745: 202 groups; 1.9 s; peak memory 1262 MiB.
2026-10-10T19:56:07Z INFO [865/900] 998e0119-de99-4dd0-ab73-a1df075af570: 336 groups; 2.0 s; peak memory 1262 MiB.
2026-10-10T19:56:17Z INFO [866/900] 998e4a2c-5330-478b-97c6-1509fe37cf6e: 149 groups; 9.9 s; peak memory 1262 MiB.
2026-10-10T19:56:19Z INFO [867/900] 99916649-adb5-43d9-8611-e51a1ab8e38a: 35 groups; 2.0 s; peak memory 1262 MiB.
2026-10-10T19:56:21Z INFO [868/900] 99929632-8784-4463-932c-a79e18f4a9f4: 32 groups; 1.5 s; peak memory 1262 MiB.
2026-10-10T19:56:22Z INFO [869/900] 9992a9a3-a338-4a62-8bde-e61adb110972: 20 groups; 1.4 s; peak memory 1262 MiB.
2026-10-10T19:56:26Z INFO [870/900] 99931c69-973c-40b1-be5d-94647e5b250b: 118 groups; 4.3 s; peak memory 1262 MiB.
2026-10-10T19:56:29Z INFO [871/900] 99933f09-b891-4cfe-8e2c-c9ae81c88a89: 200 groups; 2.2 s; peak memory 1262 MiB.
2026-10-10T19:56:30Z INFO [872/900] 9994a519-0f21-45ab-adc1-07069272e885: 32 groups; 1.8 s; peak memory 1262 MiB.
2026-10-10T19:56:32Z INFO [873/900] 9994eaf1-4b15-4695-8b44-de3342d6cf31: 16 groups; 1.2 s; peak memory 1262 MiB.
2026-10-10T19:56:38Z INFO [874/900] 99953385-017a-4c41-9a66-7a90a16a41c1: 78 groups; 6.4 s; peak memory 1262 MiB.
2026-10-10T19:56:48Z INFO [875/900] 999717c1-85e4-4142-8fed-f7b617a9f04d: 42 groups; 10.3 s; peak memory 1262 MiB.
2026-10-10T19:56:50Z INFO [876/900] 9997f00b-e18b-4694-b54b-035e61a48061: 193 groups; 1.6 s; peak memory 1262 MiB.
2026-10-10T19:56:52Z INFO [877/900] 99985672-bbeb-47b8-a07a-ded8410e7aeb: 193 groups; 1.9 s; peak memory 1262 MiB.
2026-10-10T19:56:54Z INFO [878/900] 99986082-8c1c-4188-b29b-23677395bdab: 33 groups; 2.0 s; peak memory 1262 MiB.
2026-10-10T19:56:57Z INFO [879/900] 99994c4d-2066-4ae5-ac1a-19ef92435412: 38 groups; 2.9 s; peak memory 1262 MiB.
2026-10-10T19:56:59Z INFO [880/900] 9999bab9-30a3-4a36-b206-e0cce300b585: 193 groups; 2.6 s; peak memory 1262 MiB.
2026-10-10T19:57:02Z INFO [881/900] 999bb2e7-9088-4a6b-9bdf-da84afb17784: 56 groups; 3.1 s; peak memory 1262 MiB.
2026-10-10T19:57:04Z INFO [882/900] 999c90ea-e2d3-4968-aefe-a03f34f97964: 30 groups; 1.5 s; peak memory 1262 MiB.
2026-10-10T19:57:07Z INFO [883/900] 999ca9ab-a5f6-4362-8610-a5edc1babdc9: 24 groups; 3.3 s; peak memory 1262 MiB.
2026-10-10T19:59:06Z INFO [884/900] 999cb8c8-543e-46a4-adb8-e8a5db849fcc: 72 groups; 118.9 s; peak memory 1262 MiB.
2026-10-10T19:59:27Z INFO [885/900] 999d8741-17f7-4716-9621-5be26d1dbf34: 1278 groups; 20.8 s; peak memory 1262 MiB.
2026-10-10T19:59:29Z INFO [886/900] 999fbdc9-15b5-4c27-af06-ed86b78ed619: 32 groups; 1.6 s; peak memory 1262 MiB.
2026-10-10T19:59:30Z INFO [887/900] 99a0442f-4f05-4ab1-b275-74ba5470c430: 22 groups; 1.3 s; peak memory 1262 MiB.
2026-10-10T19:59:31Z INFO [888/900] 99a1115b-4c1c-4d7a-b2b3-4e94ce608847: 30 groups; 1.5 s; peak memory 1262 MiB.
2026-10-10T19:59:33Z INFO [889/900] 99a11c58-7c46-4d53-bc46-f7b1034769bc: 22 groups; 1.4 s; peak memory 1262 MiB.
2026-10-10T19:59:34Z INFO [890/900] 99a2a7d9-f732-4b57-ac45-56cb4b463cf2: 32 groups; 1.6 s; peak memory 1262 MiB.
2026-10-10T19:59:43Z INFO [891/900] 99a2ebc1-4adc-454e-a166-8a091f6498ae: 17 groups; 8.5 s; peak memory 1262 MiB.
2026-10-10T19:59:45Z INFO [892/900] 99a4678e-3431-4d20-828e-ba2052b318e6: 45 groups; 2.7 s; peak memory 1262 MiB.
2026-10-10T19:59:47Z INFO [893/900] 99a48ae8-4242-4a93-ad90-cb55bce9c9d4: 22 groups; 1.5 s; peak memory 1262 MiB.
2026-10-10T19:59:49Z INFO [894/900] 99a4fc13-e386-47e0-8ad6-2325af655b0c: 202 groups; 2.1 s; peak memory 1262 MiB.
2026-10-10T19:59:51Z INFO [895/900] 99a5a39d-42ba-4662-a67f-88278e51eab1: 202 groups; 1.9 s; peak memory 1262 MiB.
2026-10-10T19:59:52Z INFO [896/900] 99a67b35-ccb9-4d50-ad9f-a558d2b4d479: 30 groups; 1.4 s; peak memory 1262 MiB.
2026-10-10T19:59:55Z INFO [897/900] 99a728fe-c819-4463-8952-beacf43cb39d: 341 groups; 2.4 s; peak memory 1262 MiB.
2026-10-10T19:59:56Z INFO [898/900] 99a7670d-53ed-4fde-90a6-1f495e3157bd: 20 groups; 1.4 s; peak memory 1262 MiB.
2026-10-10T20:00:00Z INFO [899/900] 99a81736-ba11-431a-879c-dbc8515d2e34: 89 groups; 4.0 s; peak memory 1262 MiB.
2026-10-10T20:00:21Z INFO [900/900] 99a967db-9cfc-44ed-a93d-0b77d5aa7ab7: 253 groups; 20.9 s; peak memory 1262 MiB.
2026-10-10T20:00:21Z INFO [900/900] 99a967db-9cfc-44ed-a93d-0b77d5aa7ab7: checkpointed 121036 new records.
2026-10-10T20:00:21Z INFO Wrote 121036 records to /tmp/derivatives/valid_nwb_file_to_number_of_groups.jsonl (900 new, 0 failed) in 199.4 min (peak memory 1262 MiB).
