2026-10-03T21:26:11Z INFO Logging to /tmp/logs/update_2026-10-03T21-26-11Z.log.
2026-10-03T21:26:11Z INFO Update valid-nwb-file-to-number-of-groups (base directory /tmp).
2026-10-03T21:26:11Z INFO Processing 900 items (69736 already recorded).
2026-10-03T21:26:13Z INFO [1/900] 2f2f2439-941f-4014-93f7-469fdfc4b9da: 32 groups; 1.1 s; peak memory 106 MiB.
2026-10-03T21:26:13Z INFO [2/900] 2f2f3816-e613-4adc-be68-0f96f784d872: 26 groups; 0.6 s; peak memory 106 MiB.
2026-10-03T21:26:15Z INFO [3/900] 2f2f4320-0483-4ef2-86c5-9a3ebc2c520d: 48 groups; 1.9 s; peak memory 109 MiB.
2026-10-03T21:26:17Z INFO [4/900] 2f2f9a1c-b729-4233-b5e6-28be79ba0cf2: 207 groups; 1.7 s; peak memory 110 MiB.
2026-10-03T21:26:20Z INFO [5/900] 2f2fce73-a53e-4b37-9d39-07656dc52785: 227 groups; 3.7 s; peak memory 120 MiB.
2026-10-03T21:26:21Z INFO [6/900] 2f302ddd-7709-4cff-b4de-48bc083588a0: 22 groups; 0.7 s; peak memory 120 MiB.
2026-10-03T21:26:31Z INFO [7/900] 2f30ffe6-1e5e-42b2-8587-41f303bc6748: 183 groups; 9.9 s; peak memory 150 MiB.
2026-10-03T21:26:32Z INFO [8/900] 2f311ea6-7156-4412-bc59-38eaf02a36b5: 103 groups; 0.9 s; peak memory 150 MiB.
2026-10-03T21:26:33Z INFO [9/900] 2f31707b-f5e2-4802-b844-ffbc723b0122: 32 groups; 0.9 s; peak memory 150 MiB.
2026-10-03T21:26:35Z INFO [10/900] 2f31e928-bdfa-44d9-bcd6-7337c75c5021: 54 groups; 1.7 s; peak memory 151 MiB.
2026-10-03T21:26:36Z INFO [11/900] 2f31ecff-6f8d-4de5-9da3-7bd3b9102938: 32 groups; 1.0 s; peak memory 151 MiB.
2026-10-03T21:26:36Z INFO [12/900] 2f3223bb-b495-44e8-bb33-d904e01383b2: 32 groups; 0.6 s; peak memory 151 MiB.
2026-10-03T21:26:39Z INFO [13/900] 2f324ab6-c03c-446b-8b4c-f72e11260b55: 17 groups; 3.0 s; peak memory 151 MiB.
2026-10-03T21:26:40Z INFO [14/900] 2f329e56-abac-403b-9d89-baa7cdf87c67: 22 groups; 0.6 s; peak memory 151 MiB.
2026-10-03T21:26:41Z INFO [15/900] 2f32f476-dab4-472b-869a-728a677034a6: 22 groups; 0.8 s; peak memory 151 MiB.
2026-10-03T21:26:41Z INFO [16/900] 2f33edc7-66cf-4a80-9908-a26f180da285: 33 groups; 0.8 s; peak memory 151 MiB.
2026-10-03T21:26:42Z INFO [17/900] 2f35501f-2b61-40a4-acd8-2e52b4f59daf: 71 groups; 1.1 s; peak memory 151 MiB.
2026-10-03T21:26:49Z INFO [18/900] 2f35731e-0b41-461a-8515-68155997b2b0: 218 groups; 6.8 s; peak memory 152 MiB.
2026-10-03T21:26:57Z INFO [19/900] 2f359ec0-df33-489b-bc58-3357f09b841d: 34 groups; 8.1 s; peak memory 153 MiB.
2026-10-03T21:26:59Z INFO [20/900] 2f36565d-964d-4321-868f-c309f62172df: 336 groups; 1.2 s; peak memory 153 MiB.
2026-10-03T21:26:59Z INFO [21/900] 2f3678c7-06e0-4910-a6d8-0f09d93dd58a: 22 groups; 0.7 s; peak memory 153 MiB.
2026-10-03T21:27:01Z INFO [22/900] 2f380983-0971-47a7-ac0a-a0e477315934: 207 groups; 1.6 s; peak memory 153 MiB.
2026-10-03T21:27:02Z INFO [23/900] 2f383eb8-a2e6-4cd6-a8bb-edd3f8efcc48: 22 groups; 0.7 s; peak memory 153 MiB.
2026-10-03T21:27:02Z INFO [24/900] 2f39b413-b43d-4152-a6ee-a178e0700ea6: 33 groups; 0.8 s; peak memory 153 MiB.
2026-10-03T21:27:04Z INFO [25/900] 2f3a47de-85f1-4b68-9247-c3a450fe59b8: 206 groups; 1.2 s; peak memory 153 MiB.
2026-10-03T21:27:04Z INFO [26/900] 2f3ad8b5-c584-461d-be5d-73ba0b7bdabf: 32 groups; 0.7 s; peak memory 153 MiB.
2026-10-03T21:27:05Z INFO [27/900] 2f3ad9b4-540e-4da0-bebb-1c454678ece2: 35 groups; 0.9 s; peak memory 153 MiB.
2026-10-03T21:27:06Z INFO [28/900] 2f3b94bc-78fa-4039-94f5-14fc93aeb66b: 32 groups; 0.7 s; peak memory 153 MiB.
2026-10-03T21:27:07Z INFO [29/900] 2f3bf754-7cf7-447a-811c-a579a17c6f5b: 35 groups; 0.9 s; peak memory 153 MiB.
2026-10-03T21:27:09Z INFO [30/900] 2f3c7629-a283-4e42-ac3e-a36585c00fb3: 48 groups; 1.8 s; peak memory 153 MiB.
2026-10-03T21:27:09Z INFO [31/900] 2f3cb872-9491-46e5-a2b6-c1547641f1f2: 22 groups; 0.7 s; peak memory 153 MiB.
2026-10-03T21:27:11Z INFO [32/900] 2f3d5d19-defc-4d62-b927-0034efbd8baa: 17 groups; 1.8 s; peak memory 153 MiB.
2026-10-03T21:27:12Z INFO [33/900] 2f3e16b0-394a-4535-bb3b-db3fe38376ed: 203 groups; 0.8 s; peak memory 153 MiB.
2026-10-03T21:27:13Z INFO [34/900] 2f3e469b-5b31-47d6-b2be-8ff162affb1b: 32 groups; 0.8 s; peak memory 153 MiB.
2026-10-03T21:27:17Z INFO [35/900] 2f3e630d-2a88-4aee-b900-60968ce94d84: 78 groups; 3.6 s; peak memory 153 MiB.
2026-10-03T21:27:17Z INFO [36/900] 2f3e656c-d3ba-40ea-93fa-2b6308053323: 16 groups; 0.5 s; peak memory 153 MiB.
2026-10-03T21:27:18Z INFO [37/900] 2f3edc58-b09e-4571-bb1c-1ffb2f768b57: 23 groups; 0.8 s; peak memory 153 MiB.
2026-10-03T21:27:18Z INFO [38/900] 2f3f0436-ba08-4d4c-802d-1d4cebf6dd4d: 22 groups; 0.6 s; peak memory 153 MiB.
2026-10-03T21:27:19Z INFO [39/900] 2f40523a-a115-4971-b790-65f5da538c5c: 32 groups; 1.0 s; peak memory 153 MiB.
2026-10-03T21:27:20Z INFO [40/900] 2f407657-f57c-4399-b16a-f9bb5fc12a0a: 22 groups; 0.6 s; peak memory 153 MiB.
2026-10-03T21:27:21Z INFO [41/900] 2f40b757-ba60-4c63-befc-ad15994531c2: 22 groups; 0.6 s; peak memory 153 MiB.
2026-10-03T21:27:21Z INFO [42/900] 2f40f7ba-b960-4106-9ac8-6d364b4759d3: 24 groups; 0.5 s; peak memory 153 MiB.
2026-10-03T21:29:32Z INFO [43/900] 2f41a04a-9ffe-49a2-8110-e966e1094e7e: 68 groups; 131.0 s; peak memory 291 MiB.
2026-10-03T21:29:33Z INFO [44/900] 2f4234cf-8bae-4dee-9500-ecf366c39f3f: 22 groups; 0.8 s; peak memory 291 MiB.
2026-10-03T21:29:34Z INFO [45/900] 2f4280da-01b9-4e02-ae78-825172a0a57a: 28 groups; 0.8 s; peak memory 291 MiB.
2026-10-03T21:29:35Z INFO [46/900] 2f42ac2d-a024-4d37-a230-fd74bcf02942: 22 groups; 0.9 s; peak memory 291 MiB.
2026-10-03T21:29:35Z INFO [47/900] 2f4308f1-a0ce-4479-8d1e-c2170fe841d7: 16 groups; 0.6 s; peak memory 291 MiB.
2026-10-03T21:29:36Z INFO [48/900] 2f44728c-9c3f-4a3c-8700-9a27eacd0d01: 29 groups; 1.2 s; peak memory 291 MiB.
2026-10-03T21:29:37Z INFO [49/900] 2f4563b7-bb1b-482d-bed1-ddb81e66eda9: 35 groups; 1.0 s; peak memory 291 MiB.
2026-10-03T21:29:38Z INFO [50/900] 2f46689c-1ccc-4f44-b33a-8b14cf16366a: 29 groups; 1.0 s; peak memory 291 MiB.
2026-10-03T21:29:39Z INFO [50/900] 2f46689c-1ccc-4f44-b33a-8b14cf16366a: checkpointed 69786 records.
2026-10-03T21:29:39Z INFO [51/900] 2f46eaff-dede-4e8d-927d-fc23505179fd: 32 groups; 0.9 s; peak memory 291 MiB.
2026-10-03T21:29:40Z INFO [52/900] 2f471eee-918f-41cf-8772-d74ac3d34d4d: 24 groups; 0.6 s; peak memory 291 MiB.
2026-10-03T21:29:45Z INFO [53/900] 2f47bc82-abec-4d3c-9f34-409540312ec9: 85 groups; 4.7 s; peak memory 291 MiB.
2026-10-03T21:29:45Z INFO [54/900] 2f484be6-9818-4a27-b859-f68b6995e619: 22 groups; 0.5 s; peak memory 291 MiB.
2026-10-03T21:29:46Z INFO [55/900] 2f4a6a12-fb68-45dc-b699-c3944c5446f8: 200 groups; 1.0 s; peak memory 291 MiB.
2026-10-03T21:29:48Z INFO [56/900] 2f4ada86-2ada-427f-9e7d-c39e421d2ed7: 35 groups; 1.2 s; peak memory 291 MiB.
2026-10-03T21:29:48Z INFO [57/900] 2f4ae043-37f5-4179-bf94-e0ec5c0a123c: 35 groups; 0.9 s; peak memory 291 MiB.
2026-10-03T21:29:50Z INFO [58/900] 2f4b9350-f9e6-48d6-86a4-7057940949c3: 199 groups; 1.4 s; peak memory 291 MiB.
2026-10-03T21:29:52Z INFO [59/900] 2f4db86c-6c5d-41ae-af6b-154ded83bdcd: 30 groups; 2.0 s; peak memory 291 MiB.
2026-10-03T21:29:53Z INFO [60/900] 2f4f25f4-e41c-49fd-be50-8012893ec3c2: 36 groups; 1.0 s; peak memory 291 MiB.
2026-10-03T21:29:54Z INFO [61/900] 2f506bdd-82f8-41c8-a1e4-3ebc69288de9: 32 groups; 1.1 s; peak memory 291 MiB.
2026-10-03T21:29:55Z INFO [62/900] 2f508d4e-d3d2-4466-b6bc-61099fd6353c: 35 groups; 0.8 s; peak memory 291 MiB.
2026-10-03T21:29:56Z INFO [63/900] 2f50ad5f-b0aa-40af-ad2f-3b634d6a9eda: 35 groups; 0.8 s; peak memory 291 MiB.
2026-10-03T21:29:56Z INFO [64/900] 2f50b2a6-dca0-456f-97a7-37dd9cfd0050: 35 groups; 0.9 s; peak memory 291 MiB.
2026-10-03T21:29:57Z INFO [65/900] 2f5145b0-2e1f-42b5-bf01-a17b1ee8ec7c: 17 groups; 0.6 s; peak memory 291 MiB.
2026-10-03T21:29:58Z INFO [66/900] 2f517be1-e40b-4dde-a28e-a7c2fe200bad: 35 groups; 0.8 s; peak memory 291 MiB.
2026-10-03T21:29:59Z INFO [67/900] 2f522ed8-6a29-4afd-a401-78b813164d75: 33 groups; 0.7 s; peak memory 291 MiB.
2026-10-03T21:30:00Z INFO [68/900] 2f52302e-542a-43e1-967d-5fbdc4a50cba: 195 groups; 1.0 s; peak memory 291 MiB.
2026-10-03T21:30:00Z INFO [69/900] 2f52747b-2875-4a83-bca2-6a24b4b07873: 22 groups; 0.8 s; peak memory 291 MiB.
2026-10-03T21:30:03Z INFO [70/900] 2f52ec14-783f-4722-9460-88b4cc0dbbca: 65 groups; 2.9 s; peak memory 291 MiB.
2026-10-03T21:30:04Z INFO [71/900] 2f53bcc7-cfab-4c11-a116-ba5b4fb38184: 22 groups; 0.7 s; peak memory 291 MiB.
2026-10-03T21:30:04Z INFO [72/900] 2f546f45-43c1-4f23-9f1f-3713d1571d13: 22 groups; 0.4 s; peak memory 291 MiB.
2026-10-03T21:30:05Z INFO [73/900] 2f54f291-7ce6-424f-bb3e-7b0edccfc8f6: 32 groups; 0.8 s; peak memory 291 MiB.
2026-10-03T21:30:06Z INFO [74/900] 2f552b89-84da-4b7e-96e3-12730a55ac69: 103 groups; 0.8 s; peak memory 291 MiB.
2026-10-03T21:30:06Z INFO [75/900] 2f56eea3-745d-46cb-9c65-51df6e0ec81e: 16 groups; 0.4 s; peak memory 291 MiB.
2026-10-03T21:30:08Z INFO [76/900] 2f56fa3a-bceb-4b0b-9bc9-1fb415a08a43: 28 groups; 2.0 s; peak memory 291 MiB.
2026-10-03T21:30:09Z INFO [77/900] 2f57d455-2cff-453f-9d31-ce8d427be8d3: 20 groups; 0.6 s; peak memory 291 MiB.
2026-10-03T21:30:10Z INFO [78/900] 2f5888f3-20fc-496c-9821-dc7897584404: 33 groups; 0.9 s; peak memory 291 MiB.
2026-10-03T21:30:11Z INFO [79/900] 2f58e290-05f3-41a5-8f22-ca83cf6c1d54: 33 groups; 1.1 s; peak memory 291 MiB.
2026-10-03T21:30:12Z INFO [80/900] 2f5ac776-cada-43cf-9b27-8665fa497763: 22 groups; 0.8 s; peak memory 291 MiB.
2026-10-03T21:30:13Z INFO [81/900] 2f5d6166-bc2a-4f0b-8306-2822e49ec3a0: 207 groups; 1.2 s; peak memory 291 MiB.
2026-10-03T21:30:22Z INFO [82/900] 2f5dafc7-d22d-40db-8193-d3ed24f1ff33: 162 groups; 9.4 s; peak memory 291 MiB.
2026-10-03T21:30:23Z INFO [83/900] 2f5dc5a3-31f4-4224-b742-3ba41b576803: 32 groups; 0.8 s; peak memory 291 MiB.
2026-10-03T21:30:24Z INFO [84/900] 2f5dd9d7-4d06-4562-b283-db520cf6c353: 26 groups; 0.6 s; peak memory 291 MiB.
2026-10-03T21:30:25Z INFO [85/900] 2f5ea876-3687-4908-b01c-815207b3e1a9: 48 groups; 1.4 s; peak memory 291 MiB.
2026-10-03T21:30:26Z INFO [86/900] 2f5ead23-ed11-4481-8979-78af0e43b3d3: 22 groups; 0.8 s; peak memory 291 MiB.
2026-10-03T21:30:27Z INFO [87/900] 2f5edc0e-8c59-4b01-a5f6-7b24e8309e0b: 32 groups; 0.7 s; peak memory 291 MiB.
2026-10-03T21:30:28Z INFO [88/900] 2f5f03f8-9781-4ed5-8ffb-aba769c2f51b: 203 groups; 0.8 s; peak memory 291 MiB.
2026-10-03T21:30:29Z INFO [89/900] 2f5f4714-bf20-409a-9244-c8b16a39dfaa: 195 groups; 1.1 s; peak memory 291 MiB.
2026-10-03T21:30:30Z INFO [90/900] 2f604e8f-3cc0-498d-8421-d7161d4e45fa: 33 groups; 1.0 s; peak memory 291 MiB.
2026-10-03T21:30:30Z INFO [91/900] 2f6080b0-2604-4ef9-b0ed-c0c964a03735: 32 groups; 0.8 s; peak memory 291 MiB.
2026-10-03T21:30:31Z INFO [92/900] 2f60a392-097a-4150-8aaa-8a7d07f23734: 22 groups; 0.7 s; peak memory 291 MiB.
2026-10-03T21:30:32Z INFO [93/900] 2f60b471-b26e-4464-84fc-75fd44d11794: 32 groups; 0.7 s; peak memory 291 MiB.
2026-10-03T21:30:36Z INFO [94/900] 2f60b944-4fa3-4394-9d8c-c7bb1e9a3624: 47 groups; 4.3 s; peak memory 291 MiB.
2026-10-03T21:30:39Z INFO [95/900] 2f60fb0e-7456-4186-8e05-3c5ef186f31f: 145 groups; 2.7 s; peak memory 291 MiB.
2026-10-03T21:30:40Z INFO [96/900] 2f61c227-fafd-4bef-9ed9-b1d8041498c9: 49 groups; 1.1 s; peak memory 291 MiB.
2026-10-03T21:30:41Z INFO [97/900] 2f626ce3-7e1b-4108-afc4-7c2773ca972b: 22 groups; 0.6 s; peak memory 291 MiB.
2026-10-03T21:30:42Z INFO [98/900] 2f639bfe-ea94-4f33-9854-79d294a57cc3: 48 groups; 1.6 s; peak memory 291 MiB.
2026-10-03T21:30:44Z INFO [99/900] 2f63c6fd-6f26-4b4c-8303-19491f5e46f3: 50 groups; 1.8 s; peak memory 291 MiB.
2026-10-03T21:30:45Z INFO [100/900] 2f648507-c96c-4afc-993c-84fb9d730f97: 22 groups; 0.7 s; peak memory 291 MiB.
2026-10-03T21:30:45Z INFO [100/900] 2f648507-c96c-4afc-993c-84fb9d730f97: checkpointed 69836 records.
2026-10-03T21:30:46Z INFO [101/900] 2f6507ec-7839-48c5-b6de-b5770fb04f8e: 32 groups; 1.0 s; peak memory 291 MiB.
2026-10-03T21:30:47Z INFO [102/900] 2f65b0ed-f05c-48e3-b2e3-e73716e5a6da: 206 groups; 0.9 s; peak memory 291 MiB.
2026-10-03T21:30:48Z INFO [103/900] 2f65d2d8-f87f-4f9f-a3da-1eddaa8ee689: 22 groups; 0.7 s; peak memory 291 MiB.
2026-10-03T21:30:48Z INFO [104/900] 2f65e128-38f9-4e25-a3c8-05a3c14a2613: 34 groups; 0.8 s; peak memory 291 MiB.
2026-10-03T21:30:49Z INFO [105/900] 2f65f371-9711-48b6-868a-48db55a94b83: 16 groups; 0.5 s; peak memory 291 MiB.
2026-10-03T21:30:50Z INFO [106/900] 2f666b30-3d1e-4244-88e8-7bb22f8368d1: 32 groups; 0.8 s; peak memory 291 MiB.
2026-10-03T21:30:50Z INFO [107/900] 2f66a25b-88ec-45e7-afdb-2394713b4184: 22 groups; 0.6 s; peak memory 291 MiB.
2026-10-03T21:31:03Z INFO [108/900] 2f67bfcd-9a73-4743-9e53-ae099fd950cb: 307 groups; 12.3 s; peak memory 291 MiB.
2026-10-03T21:31:03Z INFO [109/900] 2f67e413-47a7-42f0-983a-c14173f990f8: 35 groups; 0.8 s; peak memory 291 MiB.
2026-10-03T21:31:04Z INFO [110/900] 2f680d03-d06c-42eb-a2ee-5ffa7b73df1d: 27 groups; 0.7 s; peak memory 291 MiB.
2026-10-03T21:31:05Z INFO [111/900] 2f686d7e-5c95-4d30-b452-9ef1b0dd8f66: 31 groups; 0.7 s; peak memory 291 MiB.
2026-10-03T21:31:13Z INFO [112/900] 2f68ae90-0afa-4959-b03b-f46e582ebe52: 281 groups; 8.0 s; peak memory 291 MiB.
2026-10-03T21:31:14Z INFO [113/900] 2f68de4e-9790-4a79-a1b1-797677e0cb6c: 22 groups; 0.8 s; peak memory 291 MiB.
2026-10-03T21:31:16Z INFO [114/900] 2f6961bc-8281-4a90-ba9c-a7fdb49f3f41: 47 groups; 2.3 s; peak memory 291 MiB.
2026-10-03T21:31:18Z INFO [115/900] 2f698c2d-71ef-4773-b09e-56f6c26da48e: 46 groups; 1.9 s; peak memory 291 MiB.
2026-10-03T21:31:18Z INFO [116/900] 2f6a0b81-64bc-4d99-a97d-f83efe0a6b87: 22 groups; 0.7 s; peak memory 291 MiB.
2026-10-03T21:31:24Z INFO [117/900] 2f6a2388-0509-4380-886a-649dc45fb01a: 295 groups; 5.7 s; peak memory 291 MiB.
2026-10-03T21:31:25Z INFO [118/900] 2f6a2ee7-dd13-4c79-b047-65ff385255b8: 22 groups; 0.9 s; peak memory 291 MiB.
2026-10-03T21:31:26Z INFO [119/900] 2f6a76d5-6f39-4c68-8dfa-715d6d3945ef: 22 groups; 0.6 s; peak memory 291 MiB.
2026-10-03T21:31:26Z INFO [120/900] 2f6a89f9-4389-40ae-89b9-f69d9e9ef373: 254 groups; 0.7 s; peak memory 291 MiB.
2026-10-03T21:31:27Z INFO [121/900] 2f6ac43a-8536-433e-93e7-18174c29c571: 32 groups; 0.8 s; peak memory 291 MiB.
2026-10-03T21:31:28Z INFO [122/900] 2f6ad8e1-f635-4343-bc35-6f2a3059cfa7: 204 groups; 1.1 s; peak memory 291 MiB.
2026-10-03T21:32:04Z INFO [123/900] 2f6b7ef7-4f59-4b82-b040-d4d6f633a61e: 4702 groups; 36.0 s; peak memory 315 MiB.
2026-10-03T21:32:05Z INFO [124/900] 2f6bec2c-6758-468e-9624-07f2a6f24d95: 22 groups; 0.8 s; peak memory 315 MiB.
2026-10-03T21:32:13Z INFO [125/900] 2f6c63bb-a725-4dde-bebd-a187878ac111: 367 groups; 7.8 s; peak memory 315 MiB.
2026-10-03T21:32:13Z INFO [126/900] 2f6c9905-87d2-4a46-8852-49b2f0f75d0f: 26 groups; 0.7 s; peak memory 315 MiB.
2026-10-03T21:32:17Z INFO [127/900] 2f6d8e13-4659-42d8-b0fd-dd62c531bdc2: 78 groups; 3.1 s; peak memory 315 MiB.
2026-10-03T21:32:17Z INFO [128/900] 2f6dd27b-3bb7-4acd-9d3d-c8f2cc3ac2a8: 32 groups; 0.8 s; peak memory 315 MiB.
2026-10-03T21:32:18Z INFO [129/900] 2f6dfc9f-9084-49e2-a7bf-de0ea6d90954: 22 groups; 0.8 s; peak memory 315 MiB.
2026-10-03T21:32:19Z INFO [130/900] 2f6e2052-c69e-4b63-8671-eacb55670c30: 17 groups; 0.6 s; peak memory 315 MiB.
2026-10-03T21:32:20Z INFO [131/900] 2f6e635a-1c6d-43af-b941-a0a31d59f29e: 32 groups; 0.8 s; peak memory 315 MiB.
2026-10-03T21:32:21Z INFO [132/900] 2f6ec102-f4bf-4d47-b713-c9af4c142429: 32 groups; 0.9 s; peak memory 315 MiB.
2026-10-03T21:32:21Z INFO [133/900] 2f70dc87-87f0-45b4-a744-05445ff54ca4: 24 groups; 0.6 s; peak memory 315 MiB.
2026-10-03T21:32:22Z INFO [134/900] 2f714f61-80c0-4d8a-b6aa-fa397a15664a: 22 groups; 0.7 s; peak memory 315 MiB.
2026-10-03T21:32:23Z INFO [135/900] 2f71a7cc-2e83-4727-bb21-d302ddfdf9c2: 22 groups; 0.8 s; peak memory 315 MiB.
2026-10-03T21:32:24Z INFO [136/900] 2f7250fe-1fd2-465e-b5bf-f2aabccecfff: 33 groups; 0.9 s; peak memory 315 MiB.
2026-10-03T21:32:24Z INFO [137/900] 2f728b44-038a-4251-aadb-4a75d580b614: 20 groups; 0.8 s; peak memory 315 MiB.
2026-10-03T21:32:25Z INFO [138/900] 2f72fc05-08b1-4cb6-97ed-41ff12b86e78: 22 groups; 0.8 s; peak memory 315 MiB.
2026-10-03T21:32:26Z INFO [139/900] 2f735588-1f18-4f01-982d-c8a632ca4244: 32 groups; 0.8 s; peak memory 315 MiB.
2026-10-03T21:32:27Z INFO [140/900] 2f739173-c54d-46a7-a2a5-4b9871a21f7c: 30 groups; 0.5 s; peak memory 315 MiB.
2026-10-03T21:32:27Z INFO [141/900] 2f749bc0-8103-4720-89d0-aa8cf3d9eab6: 22 groups; 0.5 s; peak memory 315 MiB.
2026-10-03T21:32:38Z INFO [142/900] 2f74e972-6ab7-4ea9-b744-f8af52767210: 1659 groups; 10.7 s; peak memory 315 MiB.
2026-10-03T21:32:39Z INFO [143/900] 2f763288-ed47-4a0f-b56e-7b62d5a78db7: 35 groups; 0.9 s; peak memory 315 MiB.
2026-10-03T21:32:39Z INFO [144/900] 2f766420-0167-41e7-b019-9cd5bacaef95: 22 groups; 0.7 s; peak memory 315 MiB.
2026-10-03T21:32:40Z INFO [145/900] 2f775b9c-a40c-403b-b0f5-d901129d393a: 22 groups; 0.7 s; peak memory 315 MiB.
2026-10-03T21:32:41Z INFO [146/900] 2f776771-36bb-4934-a5f8-0a48c62599c1: 22 groups; 0.5 s; peak memory 315 MiB.
2026-10-03T21:32:46Z INFO [147/900] 2f779fa1-098b-49d4-a198-8b601d94cf7e: 68 groups; 5.6 s; peak memory 315 MiB.
2026-10-03T21:32:47Z INFO [148/900] 2f77c022-4377-4f15-a127-c68e2ae0d10a: 32 groups; 0.7 s; peak memory 315 MiB.
2026-10-03T21:32:52Z INFO [149/900] 2f79b51f-3e94-431c-a0ae-27c9aa2e4287: 68 groups; 5.2 s; peak memory 315 MiB.
2026-10-03T21:32:57Z INFO [150/900] 2f79fdce-a1f4-4b7c-9c45-3335f5a2af85: 103 groups; 5.1 s; peak memory 315 MiB.
2026-10-03T21:32:57Z INFO [150/900] 2f79fdce-a1f4-4b7c-9c45-3335f5a2af85: checkpointed 69886 records.
2026-10-03T21:33:02Z INFO [151/900] 2f7aaf88-0eb7-4a43-b346-7436bd7b63db: 204 groups; 4.5 s; peak memory 315 MiB.
2026-10-03T21:33:05Z INFO [152/900] 2f7affbe-4d89-474a-8d48-40c082d90110: 72 groups; 3.3 s; peak memory 315 MiB.
2026-10-03T21:33:06Z INFO [153/900] 2f7b690a-fab4-4f91-a866-9ae50e39214b: 22 groups; 0.5 s; peak memory 315 MiB.
2026-10-03T21:33:07Z INFO [154/900] 2f7b788b-77f1-48a7-a71f-af0a0c4bec24: 54 groups; 1.4 s; peak memory 315 MiB.
2026-10-03T21:33:08Z INFO [155/900] 2f7bab07-7c82-4ccc-ac2a-5765353ac243: 22 groups; 0.7 s; peak memory 315 MiB.
2026-10-03T21:33:13Z INFO [156/900] 2f7c5524-deb5-4412-adbd-4dae87f81616: 200 groups; 5.6 s; peak memory 315 MiB.
2026-10-03T21:33:14Z INFO [157/900] 2f7c6920-bb8f-45b4-97f6-244ad89e348c: 22 groups; 0.8 s; peak memory 315 MiB.
2026-10-03T21:33:15Z INFO [158/900] 2f7ced24-6469-4e6d-a6f3-562708987d46: 32 groups; 0.7 s; peak memory 315 MiB.
2026-10-03T21:35:19Z INFO [159/900] 2f7d9b01-1830-4964-84d9-9e22159ec015: 77 groups; 124.3 s; peak memory 315 MiB.
2026-10-03T21:35:21Z INFO [160/900] 2f7feabf-d44e-4d01-9e43-814cbe3bc929: 50 groups; 2.0 s; peak memory 315 MiB.
2026-10-03T21:35:22Z INFO [161/900] 2f806b20-aadf-4f81-b3e8-811fb028f137: 29 groups; 1.0 s; peak memory 315 MiB.
2026-10-03T21:35:23Z INFO [162/900] 2f8105f7-ad14-4d77-a5c9-79759e21c17c: 32 groups; 0.9 s; peak memory 315 MiB.
2026-10-03T21:35:24Z INFO [163/900] 2f817def-d0be-451a-b0b6-0e6a47ba44af: 22 groups; 0.7 s; peak memory 315 MiB.
2026-10-03T21:35:24Z INFO [164/900] 2f819ab8-aa3d-4b79-91dd-fd7572ec910c: 25 groups; 0.5 s; peak memory 315 MiB.
2026-10-03T21:35:25Z INFO [165/900] 2f82382d-be23-4d37-a70f-a9f4fadf53ce: 22 groups; 0.7 s; peak memory 315 MiB.
2026-10-03T21:35:26Z INFO [166/900] 2f829c85-555b-449c-a715-79e61da5e062: 22 groups; 0.8 s; peak memory 315 MiB.
2026-10-03T21:35:27Z INFO [167/900] 2f8405bb-e072-42e1-b447-6ce2e5a2c8db: 32 groups; 0.9 s; peak memory 315 MiB.
2026-10-03T21:35:28Z INFO [168/900] 2f85d9e1-f59c-4536-834b-5185a8229501: 202 groups; 1.1 s; peak memory 315 MiB.
2026-10-03T21:35:29Z INFO [169/900] 2f85fcb7-2313-4fc6-83a7-36d66544fc3e: 25 groups; 1.0 s; peak memory 315 MiB.
2026-10-03T21:35:29Z INFO [170/900] 2f86302a-5664-4af3-8c4b-a3d04ccc7aff: 22 groups; 0.7 s; peak memory 315 MiB.
2026-10-03T21:35:32Z INFO [171/900] 2f865c0a-baa6-4b29-b834-2fac69f5f701: 121 groups; 3.0 s; peak memory 315 MiB.
2026-10-03T21:35:43Z INFO [172/900] 2f8675bb-b53c-4f36-a6aa-6d73dfbfd65a: 333 groups; 10.4 s; peak memory 315 MiB.
2026-10-03T21:35:44Z INFO [173/900] 2f87361f-d1bd-4da5-9577-27f8b407fbfc: 200 groups; 0.9 s; peak memory 315 MiB.
2026-10-03T21:36:00Z INFO [174/900] 2f875bee-48bf-4f0d-9205-7fa72e9377cf: 202 groups; 15.9 s; peak memory 315 MiB.
2026-10-03T21:36:01Z INFO [175/900] 2f87949a-0ca7-4b62-b52d-53e86498149b: 35 groups; 1.1 s; peak memory 315 MiB.
2026-10-03T21:36:03Z INFO [176/900] 2f87a6ca-fa41-4b1e-bceb-fc27c6821f36: 50 groups; 2.0 s; peak memory 315 MiB.
2026-10-03T21:36:04Z INFO [177/900] 2f882cb0-1454-4432-9427-fe1ab1404409: 196 groups; 1.1 s; peak memory 315 MiB.
2026-10-03T21:36:04Z INFO [178/900] 2f884d28-9070-420d-88b2-5c958f9c43c3: 22 groups; 0.7 s; peak memory 315 MiB.
2026-10-03T21:36:05Z INFO [179/900] 2f88adc3-fa4d-4c48-8794-56920c81a7f2: 22 groups; 0.8 s; peak memory 315 MiB.
2026-10-03T21:36:06Z INFO [180/900] 2f88c70e-35ae-47e5-b5a5-f28e3400105a: 35 groups; 0.9 s; peak memory 315 MiB.
2026-10-03T21:36:07Z INFO [181/900] 2f88e21c-d476-4efd-af46-86416764f7bd: 22 groups; 1.0 s; peak memory 316 MiB.
2026-10-03T21:36:08Z INFO [182/900] 2f88fc22-6059-47ea-87e2-df664bd07e50: 22 groups; 0.8 s; peak memory 316 MiB.
2026-10-03T21:36:08Z INFO [183/900] 2f896f23-ea8e-4f8d-b8a1-0e28e6c95b57: 22 groups; 0.5 s; peak memory 316 MiB.
2026-10-03T21:36:09Z INFO [184/900] 2f8a6cc6-5831-4667-8547-7ed2c915ddd4: 341 groups; 1.1 s; peak memory 316 MiB.
2026-10-03T21:36:11Z INFO [185/900] 2f8accfe-97fa-4ca7-8643-f13d8bdddfc3: 32 groups; 1.2 s; peak memory 316 MiB.
2026-10-03T21:36:12Z INFO [186/900] 2f8ae534-18cd-47f4-870d-2872735a6334: 32 groups; 0.8 s; peak memory 316 MiB.
2026-10-03T21:36:12Z INFO [187/900] 2f8aef39-9b40-4ed0-9ea5-27b4b0dfc7bc: 22 groups; 0.8 s; peak memory 316 MiB.
2026-10-03T21:36:13Z INFO [188/900] 2f8c60c7-737a-4747-a422-192ef3154261: 28 groups; 0.7 s; peak memory 316 MiB.
2026-10-03T21:36:14Z INFO [189/900] 2f8cae71-439a-4e3f-b710-dcd880fa9fa9: 32 groups; 0.8 s; peak memory 316 MiB.
2026-10-03T21:36:14Z INFO [190/900] 2f8cd2e6-4595-4b1b-8024-6cb141dd321c: 31 groups; 0.6 s; peak memory 316 MiB.
2026-10-03T21:36:16Z INFO [191/900] 2f8d8b12-346d-4640-8050-7a80f238eaeb: 35 groups; 1.3 s; peak memory 316 MiB.
2026-10-03T21:36:16Z INFO [192/900] 2f8e27ea-3fa9-4357-9146-8f4401daac6f: 22 groups; 0.7 s; peak memory 316 MiB.
2026-10-03T21:36:17Z INFO [193/900] 2f8f74eb-4fd2-448e-b9b8-6d4ce4e3c2bd: 22 groups; 0.8 s; peak memory 316 MiB.
2026-10-03T21:36:18Z INFO [194/900] 2f915891-1b0a-4d34-b9dc-613911875f61: 28 groups; 0.6 s; peak memory 316 MiB.
2026-10-03T21:36:20Z INFO [195/900] 2f91a513-8cff-44e8-be01-eae12f2f99fc: 66 groups; 2.3 s; peak memory 316 MiB.
2026-10-03T21:36:21Z INFO [196/900] 2f91bf7f-224c-4570-a21b-20902ab7777e: 196 groups; 1.1 s; peak memory 316 MiB.
2026-10-03T21:36:22Z INFO [197/900] 2f9264fc-8b6e-4f60-979c-99ca3e3bc041: 22 groups; 0.8 s; peak memory 316 MiB.
2026-10-03T21:36:23Z INFO [198/900] 2f92d6d8-ac9c-456f-bba7-3faee4f37954: 32 groups; 0.9 s; peak memory 316 MiB.
2026-10-03T21:36:24Z INFO [199/900] 2f937054-4906-44c9-bdfa-7277f096406c: 49 groups; 1.2 s; peak memory 316 MiB.
2026-10-03T21:36:25Z INFO [200/900] 2f93f3c2-e0ef-480e-8056-143737bddb8c: 22 groups; 0.6 s; peak memory 316 MiB.
2026-10-03T21:36:25Z INFO [200/900] 2f93f3c2-e0ef-480e-8056-143737bddb8c: checkpointed 69936 records.
2026-10-03T21:36:25Z INFO [201/900] 2f945b44-1e5b-437e-979e-c364207843fc: 17 groups; 0.4 s; peak memory 316 MiB.
2026-10-03T21:36:26Z INFO [202/900] 2f945fd0-9112-4318-ae4f-f7a96fe8c7fd: 22 groups; 0.7 s; peak memory 316 MiB.
2026-10-03T21:36:27Z INFO [203/900] 2f95cfbc-c7cb-43e9-98e4-62a4428a0515: 32 groups; 0.7 s; peak memory 316 MiB.
2026-10-03T21:36:28Z INFO [204/900] 2f96d035-2d48-4be5-af25-f4a9fc88d20e: 104 groups; 1.0 s; peak memory 316 MiB.
2026-10-03T21:36:28Z INFO [205/900] 2f96ee89-a282-4480-a925-f69698c90edf: 32 groups; 0.9 s; peak memory 316 MiB.
2026-10-03T21:38:25Z INFO [206/900] 2f9767c2-a253-491f-af89-7e45e677fe7b: 72 groups; 116.7 s; peak memory 316 MiB.
2026-10-03T21:38:26Z INFO [207/900] 2f97bd19-5734-4596-a28b-85de67c9ddd9: 32 groups; 1.0 s; peak memory 316 MiB.
2026-10-03T21:38:27Z INFO [208/900] 2f9880da-825d-4dc8-9cd9-64f0a9251ee1: 35 groups; 1.1 s; peak memory 316 MiB.
2026-10-03T21:38:28Z INFO [209/900] 2f98ed52-c091-4f05-a7e7-9f3d32c66731: 35 groups; 0.9 s; peak memory 316 MiB.
2026-10-03T21:38:29Z INFO [210/900] 2f994179-236b-44e0-b6ca-3073638330f3: 22 groups; 0.7 s; peak memory 316 MiB.
2026-10-03T21:38:30Z INFO [211/900] 2f9ac4fa-a039-4c6c-8e69-383aac9b7d49: 22 groups; 0.8 s; peak memory 316 MiB.
2026-10-03T21:38:30Z INFO [212/900] 2f9ada38-6d2b-4e10-8d10-7e2bd3fa6bb2: 32 groups; 0.8 s; peak memory 316 MiB.
2026-10-03T21:38:35Z INFO [213/900] 2f9dbe35-ddfd-49fd-befb-05fe3d9974a5: 66 groups; 4.2 s; peak memory 316 MiB.
2026-10-03T21:38:36Z INFO [214/900] 2f9debcc-bd7e-464f-9366-e9ce7360f2cd: 54 groups; 1.3 s; peak memory 316 MiB.
2026-10-03T21:38:40Z INFO [215/900] 2f9e51a6-0c23-4477-8052-5b0397f8f403: 59 groups; 3.6 s; peak memory 316 MiB.
2026-10-03T21:42:33Z INFO [216/900] 2f9e6b18-ce0d-4552-850a-d5205ceb76f1: 73 groups; 233.7 s; peak memory 421 MiB.
2026-10-03T21:42:34Z INFO [217/900] 2f9eb9b0-e767-45dd-ab17-866c8f473b3b: 22 groups; 0.8 s; peak memory 421 MiB.
2026-10-03T21:42:35Z INFO [218/900] 2f9f62d1-6134-45ee-a522-d75edd0a54fc: 35 groups; 0.9 s; peak memory 421 MiB.
2026-10-03T21:42:36Z INFO [219/900] 2f9fd694-d3dc-4557-acb8-96b56e459055: 32 groups; 0.9 s; peak memory 421 MiB.
2026-10-03T21:42:37Z INFO [220/900] 2fa139b6-9793-431f-93cc-dc633dcca215: 32 groups; 0.9 s; peak memory 421 MiB.
2026-10-03T21:42:38Z INFO [221/900] 2fa13e24-7fc2-4873-9c1c-0bba641ef2e9: 32 groups; 0.9 s; peak memory 421 MiB.
2026-10-03T21:42:38Z INFO [222/900] 2fa1c26a-cc92-4056-940c-9f22ba8e9e23: 32 groups; 0.8 s; peak memory 421 MiB.
2026-10-03T21:42:43Z INFO [223/900] 2fa1e6d9-ffa2-4eb9-9bce-9112760ebcb1: 181 groups; 4.2 s; peak memory 421 MiB.
2026-10-03T21:42:43Z INFO [224/900] 2fa2d637-5e97-4c9b-a9da-91b1937fffa3: 22 groups; 0.8 s; peak memory 421 MiB.
2026-10-03T21:42:44Z INFO [225/900] 2fa30739-6339-44f4-96ba-78ed1617497e: 22 groups; 0.5 s; peak memory 421 MiB.
2026-10-03T21:42:45Z INFO [226/900] 2fa442a8-8419-4a0d-8536-03620ba6c8c7: 32 groups; 0.9 s; peak memory 421 MiB.
2026-10-03T21:42:45Z INFO [227/900] 2fa45f41-4d64-4b5d-98e3-3ea6ea238545: 22 groups; 0.7 s; peak memory 421 MiB.
2026-10-03T21:42:46Z INFO [228/900] 2fa4c2ff-4dfa-42e7-a0bb-97f9b0a2be59: 22 groups; 0.7 s; peak memory 421 MiB.
2026-10-03T21:42:47Z INFO [229/900] 2fa4d741-21e1-4f28-a721-34ae650edaff: 22 groups; 0.7 s; peak memory 421 MiB.
2026-10-03T21:42:48Z INFO [230/900] 2fa51740-22e1-4a8e-99d6-699474dfca6a: 196 groups; 1.1 s; peak memory 421 MiB.
2026-10-03T21:42:49Z INFO [231/900] 2fa5af64-e38f-480f-9782-dc27022d50fd: 22 groups; 0.8 s; peak memory 421 MiB.
2026-10-03T21:42:50Z INFO [232/900] 2fa63182-259e-4fe4-8763-dea91fbb2d21: 32 groups; 0.9 s; peak memory 421 MiB.
2026-10-03T21:42:50Z INFO [233/900] 2fa6985b-589a-432e-a119-2e61c2d0201c: 32 groups; 0.7 s; peak memory 421 MiB.
2026-10-03T21:42:56Z INFO [234/900] 2fa69b36-2ea6-46d5-85e4-abef4930a640: 64 groups; 5.3 s; peak memory 421 MiB.
2026-10-03T21:42:57Z INFO [235/900] 2fa6e82f-aa69-4c6a-8091-408782a2c56f: 43 groups; 1.2 s; peak memory 421 MiB.
2026-10-03T21:42:58Z INFO [236/900] 2fa72dbd-74b4-4da7-a5a3-8591ba503fd2: 103 groups; 1.0 s; peak memory 421 MiB.
2026-10-03T21:42:59Z INFO [237/900] 2fa91a78-a67f-4067-869b-ab840bd53b76: 24 groups; 0.8 s; peak memory 421 MiB.
2026-10-03T21:43:00Z INFO [238/900] 2faa61f2-0025-479e-ae77-2817b89209bb: 49 groups; 1.2 s; peak memory 421 MiB.
2026-10-03T21:43:00Z INFO [239/900] 2faa831c-26a9-4025-8871-2e7df2d879eb: 17 groups; 0.6 s; peak memory 421 MiB.
2026-10-03T21:43:08Z INFO [240/900] 2fab892a-59ba-4de1-bd3b-3c03acba0293: 331 groups; 7.4 s; peak memory 421 MiB.
2026-10-03T21:43:09Z INFO [241/900] 2facc963-9046-4fe3-baf3-228f3c23acf4: 42 groups; 0.9 s; peak memory 421 MiB.
2026-10-03T21:43:11Z INFO [242/900] 2fad13da-3d4c-4e0c-83cc-e661a6ff4769: 50 groups; 1.8 s; peak memory 421 MiB.
2026-10-03T21:43:11Z INFO [243/900] 2fae4752-cca6-47d9-834d-3447bd8777a7: 32 groups; 0.9 s; peak memory 421 MiB.
2026-10-03T21:43:12Z INFO [244/900] 2faef46a-f8a2-41d1-be28-895f368996c7: 22 groups; 0.7 s; peak memory 421 MiB.
2026-10-03T21:44:48Z INFO [245/900] 2faf397f-82dc-4110-8442-3d7489aa7c08: 45 groups; 95.5 s; peak memory 1137 MiB.
2026-10-03T21:44:49Z INFO [246/900] 2faf53db-e788-42b0-be69-1e56d9954ab5: 195 groups; 1.3 s; peak memory 1137 MiB.
2026-10-03T21:44:50Z INFO [247/900] 2faf8025-b3b3-4aa4-984f-f4426ef8ba48: 22 groups; 0.8 s; peak memory 1137 MiB.
2026-10-03T21:44:51Z INFO [248/900] 2fafc11a-6646-4b87-97e7-1fdfb4e5c79e: 22 groups; 0.7 s; peak memory 1137 MiB.
2026-10-03T21:46:43Z INFO [249/900] 2fafc4e1-27a7-4295-aac2-5cba4dbfb331: 77 groups; 112.7 s; peak memory 1137 MiB.
2026-10-03T21:46:50Z INFO [250/900] 2faffe45-9e0f-4238-9756-c873fdd3c78b: 202 groups; 6.5 s; peak memory 1137 MiB.
2026-10-03T21:46:50Z INFO [250/900] 2faffe45-9e0f-4238-9756-c873fdd3c78b: checkpointed 69986 records.
2026-10-03T21:46:51Z INFO [251/900] 2fb002b2-35cf-463d-b337-c1b22960c8ae: 35 groups; 0.9 s; peak memory 1137 MiB.
2026-10-03T21:49:00Z INFO [252/900] 2fb04db5-40cc-4acc-89e5-5f85a66c1766: 72 groups; 129.3 s; peak memory 1137 MiB.
2026-10-03T21:49:10Z INFO [253/900] 2fb1ab95-a70d-400a-beb0-c901924fe55e: 27 groups; 9.8 s; peak memory 1137 MiB.
2026-10-03T21:49:13Z INFO [254/900] 2fb20dea-d85c-4bc8-a9ea-076cdfd7ab01: 133 groups; 2.8 s; peak memory 1137 MiB.
2026-10-03T21:49:13Z INFO [255/900] 2fb21efc-07d4-40d0-bd6f-84332d1ac537: 24 groups; 0.6 s; peak memory 1137 MiB.
2026-10-03T21:49:14Z INFO [256/900] 2fb24e8f-bb16-41fa-b2b2-04e8a130b247: 32 groups; 0.7 s; peak memory 1137 MiB.
2026-10-03T21:49:15Z INFO [257/900] 2fb36f81-c913-4498-a0f1-55426ba80e72: 33 groups; 1.2 s; peak memory 1137 MiB.
2026-10-03T21:49:16Z INFO [258/900] 2fb5418c-bc99-4278-a7cb-f2b9c1f00a34: 27 groups; 1.3 s; peak memory 1137 MiB.
2026-10-03T21:49:18Z INFO [259/900] 2fb5502e-0df4-48b1-98a1-44d0cfb5e3e3: 341 groups; 1.6 s; peak memory 1137 MiB.
2026-10-03T21:49:19Z INFO [260/900] 2fb76a44-9d34-461a-8356-b72106602ac8: 22 groups; 0.9 s; peak memory 1137 MiB.
2026-10-03T21:49:20Z INFO [261/900] 2fb82b78-605c-40bb-a04d-d920da0e62d1: 25 groups; 0.7 s; peak memory 1137 MiB.
2026-10-03T21:49:20Z INFO [262/900] 2fb910db-17ce-4baf-8d04-151f334c514b: 28 groups; 0.6 s; peak memory 1137 MiB.
2026-10-03T21:49:21Z INFO [263/900] 2fba444a-edbf-4ae9-9c5c-43e6d0ae613a: 22 groups; 0.7 s; peak memory 1137 MiB.
2026-10-03T21:49:22Z INFO [264/900] 2fbab916-1df0-40d9-a8d9-81f280e59aea: 22 groups; 0.8 s; peak memory 1137 MiB.
2026-10-03T21:49:22Z INFO [265/900] 2fbb4c0f-ab3a-4344-ae8a-6500954cb02f: 32 groups; 0.8 s; peak memory 1137 MiB.
2026-10-03T21:49:24Z INFO [266/900] 2fbb62ca-a5c0-419b-bab7-e016235a9162: 58 groups; 2.1 s; peak memory 1137 MiB.
2026-10-03T21:49:28Z INFO [267/900] 2fbc1cb9-5793-45a2-87f8-d52593162de3: 78 groups; 3.2 s; peak memory 1137 MiB.
2026-10-03T21:49:28Z INFO [268/900] 2fbc8d78-96fe-47b0-8c1c-41fe378b933a: 22 groups; 0.8 s; peak memory 1137 MiB.
2026-10-03T21:49:30Z INFO [269/900] 2fbc9aeb-a338-4e37-a059-fcdb088f6253: 48 groups; 1.6 s; peak memory 1137 MiB.
2026-10-03T21:49:31Z INFO [270/900] 2fbcc4a7-5ba1-4966-842b-27fbe8775f16: 18 groups; 0.5 s; peak memory 1137 MiB.
2026-10-03T21:49:32Z INFO [271/900] 2fbce988-b46e-4067-b419-9c7664ea1feb: 48 groups; 1.6 s; peak memory 1137 MiB.
2026-10-03T21:49:33Z INFO [272/900] 2fbd6e54-4bca-4749-a52c-bff4e11a6ce5: 22 groups; 0.7 s; peak memory 1137 MiB.
2026-10-03T21:49:33Z INFO [273/900] 2fbe3a20-8d9d-4595-933f-77b9eaa2d123: 22 groups; 0.7 s; peak memory 1137 MiB.
2026-10-03T21:49:35Z INFO [274/900] 2fbeea2d-72cc-498f-a3b4-74fb6723b6bd: 207 groups; 1.4 s; peak memory 1137 MiB.
2026-10-03T21:49:35Z INFO [275/900] 2fbf01ba-6487-4420-b8bd-8706d80b6dc0: 25 groups; 0.7 s; peak memory 1137 MiB.
2026-10-03T21:49:36Z INFO [276/900] 2fbf1e29-3cbc-42d4-bfa4-e17931dfc928: 32 groups; 0.8 s; peak memory 1137 MiB.
2026-10-03T21:49:37Z INFO [277/900] 2fc00c01-3928-468e-8ce7-395b2e0d8d4c: 202 groups; 1.0 s; peak memory 1137 MiB.
2026-10-03T21:49:38Z INFO [278/900] 2fc05f50-2626-4811-9c00-cfff30554260: 32 groups; 0.7 s; peak memory 1137 MiB.
2026-10-03T21:49:39Z INFO [279/900] 2fc0e74a-c63e-4d63-b2b3-509a0f605308: 35 groups; 0.8 s; peak memory 1137 MiB.
2026-10-03T21:49:40Z INFO [280/900] 2fc103b1-b693-46d5-8a29-f34365601398: 35 groups; 0.9 s; peak memory 1137 MiB.
2026-10-03T21:49:41Z INFO [281/900] 2fc166ed-ac84-483d-9e18-880bd5eef2f2: 17 groups; 1.6 s; peak memory 1137 MiB.
2026-10-03T21:49:42Z INFO [282/900] 2fc222f5-1617-4134-8c94-76065a57864f: 22 groups; 0.8 s; peak memory 1137 MiB.
2026-10-03T21:49:49Z INFO [283/900] 2fc300d5-9670-4f4f-b925-b819b5467fde: 235 groups; 6.8 s; peak memory 1137 MiB.
2026-10-03T21:49:49Z INFO [284/900] 2fc39e0b-0ba0-4af7-b2ca-626690153987: 22 groups; 0.7 s; peak memory 1137 MiB.
2026-10-03T21:49:50Z INFO [285/900] 2fc470b7-d317-40c1-8b07-7591478bf09b: 32 groups; 0.8 s; peak memory 1137 MiB.
2026-10-03T21:49:56Z INFO [286/900] 2fc48635-b6b2-4963-b06b-6a7bcd076291: 50 groups; 5.9 s; peak memory 1137 MiB.
2026-10-03T21:49:57Z INFO [287/900] 2fc5ec89-ff99-4c8b-9e33-27082c448eda: 341 groups; 1.3 s; peak memory 1137 MiB.
2026-10-03T21:49:58Z INFO [288/900] 2fc67db2-cd98-4574-9b37-8c077f8bc976: 22 groups; 0.7 s; peak memory 1137 MiB.
2026-10-03T21:49:59Z INFO [289/900] 2fc68f7c-c0a7-49e1-88fc-138ae2bc4931: 22 groups; 0.7 s; peak memory 1137 MiB.
2026-10-03T21:50:00Z INFO [290/900] 2fc7af82-6ca0-41cf-8ae0-b71d71cdeccf: 22 groups; 0.7 s; peak memory 1137 MiB.
2026-10-03T21:50:00Z INFO [291/900] 2fc7d656-f7d0-4f24-8ddf-d77f3393520c: 32 groups; 0.8 s; peak memory 1137 MiB.
2026-10-03T21:50:01Z INFO [292/900] 2fc85d7c-72a1-4e0b-832c-fbf72ac516ee: 35 groups; 1.0 s; peak memory 1137 MiB.
2026-10-03T21:50:02Z INFO [293/900] 2fcc85f7-1a68-4613-a1f2-e21e91e57701: 22 groups; 0.8 s; peak memory 1137 MiB.
2026-10-03T21:50:03Z INFO [294/900] 2fce20e8-1857-476d-95d7-c3f1f06c4f37: 194 groups; 1.0 s; peak memory 1137 MiB.
2026-10-03T21:50:04Z INFO [295/900] 2fceabe8-908b-461a-b49d-9f4c9af88da5: 22 groups; 0.5 s; peak memory 1137 MiB.
2026-10-03T21:50:04Z INFO [296/900] 2fcfa42c-ab82-4209-acbf-a6e1200039ae: 33 groups; 0.6 s; peak memory 1137 MiB.
2026-10-03T21:50:05Z INFO [297/900] 2fcfacc0-4571-447b-a393-5612a8e85cb7: 27 groups; 0.6 s; peak memory 1137 MiB.
2026-10-03T21:50:05Z INFO [298/900] 2fd0079b-fe11-48b4-a3e5-88be4aae37cb: 22 groups; 0.7 s; peak memory 1137 MiB.
2026-10-03T21:50:06Z INFO [299/900] 2fd07044-726f-41b7-8632-dfa1829a2c62: 22 groups; 0.6 s; peak memory 1137 MiB.
2026-10-03T21:50:12Z INFO [300/900] 2fd07e45-3329-4ffd-889d-da97793e5b47: 50 groups; 5.4 s; peak memory 1137 MiB.
2026-10-03T21:50:12Z INFO [300/900] 2fd07e45-3329-4ffd-889d-da97793e5b47: checkpointed 70036 records.
2026-10-03T21:50:12Z INFO [301/900] 2fd082b3-3f50-4ab8-9e26-bbbce5957fc1: 254 groups; 0.8 s; peak memory 1137 MiB.
2026-10-03T21:50:13Z INFO [302/900] 2fd0bd52-08da-4a70-b68f-afb05db8f212: 22 groups; 0.5 s; peak memory 1137 MiB.
2026-10-03T21:50:18Z INFO [303/900] 2fd11725-1b38-4972-a89a-5421cd6dfed2: 123 groups; 5.5 s; peak memory 1137 MiB.
2026-10-03T21:50:19Z INFO [304/900] 2fd25591-f725-4bec-9d4f-74d9432c1a7c: 31 groups; 0.6 s; peak memory 1137 MiB.
2026-10-03T21:50:21Z INFO [305/900] 2fd28c06-b010-4efe-85f9-9156e0fbe833: 48 groups; 1.7 s; peak memory 1137 MiB.
2026-10-03T21:50:22Z INFO [306/900] 2fd2b6c4-f24b-42bc-bb8a-bbd13f154e94: 35 groups; 1.2 s; peak memory 1137 MiB.
2026-10-03T21:50:34Z INFO [307/900] 2fd482e3-a4da-4583-8b71-de2ddd6d169a: 236 groups; 12.4 s; peak memory 1137 MiB.
2026-10-03T21:50:35Z INFO [308/900] 2fd6088a-6271-4c12-a964-03c4ba29794a: 35 groups; 1.0 s; peak memory 1137 MiB.
2026-10-03T21:50:37Z INFO [309/900] 2fd80dfc-8783-4059-9f98-aee9d63fdd02: 53 groups; 1.7 s; peak memory 1137 MiB.
2026-10-03T21:50:39Z INFO [310/900] 2fd851dd-5f8d-4a2a-9609-c58424db51da: 60 groups; 1.7 s; peak memory 1137 MiB.
2026-10-03T21:52:38Z INFO [311/900] 2fd89b2b-72d3-48c3-9e6f-5afb84af18cf: 60 groups; 118.8 s; peak memory 1137 MiB.
2026-10-03T21:52:38Z INFO [312/900] 2fd8a3db-999c-48eb-8c48-ca527008fd9b: 252 groups; 0.8 s; peak memory 1137 MiB.
2026-10-03T21:52:40Z INFO [313/900] 2fd8a79b-cb1f-45e2-bdae-1059af436b74: 48 groups; 1.6 s; peak memory 1137 MiB.
2026-10-03T21:52:44Z INFO [314/900] 2fd8fb12-3c21-4067-b8e8-44972b064b50: 90 groups; 4.3 s; peak memory 1137 MiB.
2026-10-03T21:52:46Z INFO [315/900] 2fda9454-e0d4-4748-9671-e2dcaee8fbea: 33 groups; 1.5 s; peak memory 1137 MiB.
2026-10-03T21:52:47Z INFO [316/900] 2fdafd7a-a966-45c2-b313-8fe4da10af1a: 22 groups; 0.9 s; peak memory 1137 MiB.
2026-10-03T21:52:48Z INFO [317/900] 2fdb240e-bf77-42ce-9d5d-2fddc134c802: 35 groups; 1.0 s; peak memory 1137 MiB.
2026-10-03T21:53:12Z INFO [318/900] 2fdbacdd-1e13-4f89-b49b-db9443a30dc0: 23 groups; 24.4 s; peak memory 1137 MiB.
2026-10-03T21:53:13Z INFO [319/900] 2fdbb5c2-c3d7-4849-b481-af3b74ad7c37: 199 groups; 1.1 s; peak memory 1137 MiB.
2026-10-03T21:53:14Z INFO [320/900] 2fdc4da7-a02f-41fe-b55a-84bb1e6324bd: 16 groups; 0.6 s; peak memory 1137 MiB.
2026-10-03T21:53:15Z INFO [321/900] 2fdc860a-855f-4489-95e3-badb25c5105e: 22 groups; 0.9 s; peak memory 1137 MiB.
2026-10-03T21:53:15Z INFO [322/900] 2fdd0468-b69a-421d-b4ce-931d29bff96a: 25 groups; 0.6 s; peak memory 1137 MiB.
2026-10-03T21:54:20Z INFO [323/900] 2fdd6f75-8fa7-46d5-b291-346248c5cdc5: 102 groups; 64.7 s; peak memory 1137 MiB.
2026-10-03T21:54:21Z INFO [324/900] 2fdf979a-b08e-41ed-8c8d-806960ba04fb: 32 groups; 1.0 s; peak memory 1137 MiB.
2026-10-03T21:54:32Z INFO [325/900] 2fdffbd2-f158-4877-86dd-f456446f67c8: 247 groups; 11.3 s; peak memory 1137 MiB.
2026-10-03T21:54:33Z INFO [326/900] 2fe06762-0ead-4f30-a0ab-3e38c3e356bf: 35 groups; 1.1 s; peak memory 1137 MiB.
2026-10-03T21:54:34Z INFO [327/900] 2fe07e51-03c6-4b3f-88cf-628e43df3611: 16 groups; 0.5 s; peak memory 1137 MiB.
2026-10-03T21:54:35Z INFO [328/900] 2fe0a851-aebb-43f9-a1ae-a6e335fe0ea6: 22 groups; 0.7 s; peak memory 1137 MiB.
2026-10-03T21:54:35Z INFO [329/900] 2fe0aa06-4a80-42e7-913c-02a240694ed5: 21 groups; 0.9 s; peak memory 1137 MiB.
2026-10-03T21:54:41Z INFO [330/900] 2fe0c247-bbc5-4d06-a134-55c1db9f1b76: 1664 groups; 5.8 s; peak memory 1137 MiB.
2026-10-03T21:54:42Z INFO [331/900] 2fe0dea8-1108-4aee-b7f0-3ae19c350117: 22 groups; 0.9 s; peak memory 1137 MiB.
2026-10-03T21:56:32Z INFO [332/900] 2fe196d8-074e-40cd-8e9b-12c93fe38182: 72 groups; 109.5 s; peak memory 1137 MiB.
2026-10-03T21:56:32Z INFO [333/900] 2fe1de67-2094-4c49-9bb3-30ae104c0827: 39 groups; 0.6 s; peak memory 1137 MiB.
2026-10-03T21:56:33Z INFO [334/900] 2fe1f372-c36d-4f6e-b887-3b38231c33cd: 22 groups; 0.9 s; peak memory 1137 MiB.
2026-10-03T21:56:34Z INFO [335/900] 2fe330e2-2e8b-4a6f-93db-7f25975e7f4e: 22 groups; 0.8 s; peak memory 1137 MiB.
2026-10-03T21:56:35Z INFO [336/900] 2fe4d6dc-1dd0-4a04-ae49-3058d22bc8fa: 29 groups; 1.2 s; peak memory 1137 MiB.
2026-10-03T21:56:36Z INFO [337/900] 2fe5446e-de35-47db-a452-4ed89e6ac20a: 22 groups; 0.7 s; peak memory 1137 MiB.
2026-10-03T21:56:42Z INFO [338/900] 2fe55396-582e-402c-bf00-5ae485f088ef: 36 groups; 6.0 s; peak memory 1137 MiB.
2026-10-03T21:56:43Z INFO [339/900] 2fe5b2b9-8538-410d-8064-f07a4a2b9e43: 32 groups; 0.8 s; peak memory 1137 MiB.
2026-10-03T21:56:44Z INFO [340/900] 2fe62a03-4d1b-49b0-9306-8860ac0043ba: 36 groups; 1.0 s; peak memory 1137 MiB.
2026-10-03T21:56:47Z INFO [341/900] 2fe6a73b-32e6-41c8-84db-0662a7126b12: 202 groups; 3.5 s; peak memory 1137 MiB.
2026-10-03T21:56:49Z INFO [342/900] 2fe6c799-3257-4e19-8ab8-a2bc43b4fbd2: 341 groups; 1.6 s; peak memory 1137 MiB.
2026-10-03T21:56:50Z INFO [343/900] 2fe6f64c-e185-4112-95ee-c754b645d8e6: 26 groups; 0.8 s; peak memory 1137 MiB.
2026-10-03T21:56:50Z INFO [344/900] 2fe761ff-2692-4845-984e-0df4d80738dd: 35 groups; 0.9 s; peak memory 1137 MiB.
2026-10-03T21:56:51Z INFO [345/900] 2fe7eb78-d99a-4db6-8bfb-8780591839da: 71 groups; 0.7 s; peak memory 1137 MiB.
2026-10-03T21:56:52Z INFO [346/900] 2fe7f55b-e96f-44a2-a329-4d1a4ae9f7b5: 30 groups; 0.6 s; peak memory 1137 MiB.
2026-10-03T21:56:53Z INFO [347/900] 2fe7f714-e4bb-4044-a9f9-3fdd8a91fe61: 22 groups; 0.8 s; peak memory 1137 MiB.
2026-10-03T21:56:57Z INFO [348/900] 2fe8eef1-fc29-4d5d-a5af-3d796cb3910e: 68 groups; 4.8 s; peak memory 1137 MiB.
2026-10-03T21:56:58Z INFO [349/900] 2fe90ca7-44b8-41b5-b274-61ba2041973a: 35 groups; 0.9 s; peak memory 1137 MiB.
2026-10-03T21:56:59Z INFO [350/900] 2fe92278-632e-4a8d-b0fe-891f5a5d18ed: 35 groups; 1.1 s; peak memory 1137 MiB.
2026-10-03T21:57:00Z INFO [350/900] 2fe92278-632e-4a8d-b0fe-891f5a5d18ed: checkpointed 70086 records.
2026-10-03T21:57:00Z INFO [351/900] 2fea5400-ea0a-4c5c-81a9-626cee780ed5: 22 groups; 0.8 s; peak memory 1137 MiB.
2026-10-03T21:57:02Z INFO [352/900] 2feb567a-aff2-4d35-97f1-5392802fef2c: 35 groups; 1.2 s; peak memory 1137 MiB.
2026-10-03T21:57:02Z INFO [353/900] 2feb6c4b-46d0-404d-b6d1-0016992f152f: 32 groups; 0.9 s; peak memory 1137 MiB.
2026-10-03T21:57:03Z INFO [354/900] 2febda45-fcfd-45a8-adc8-f7d905e86f76: 35 groups; 0.8 s; peak memory 1137 MiB.
2026-10-03T21:57:04Z INFO [355/900] 2febfe33-3470-42f6-8fbd-9da94ff0c3b0: 32 groups; 0.9 s; peak memory 1137 MiB.
2026-10-03T21:57:07Z INFO [356/900] 2fec4726-eddb-4df5-a9eb-6ec0ccabbf18: 78 groups; 2.9 s; peak memory 1137 MiB.
2026-10-03T21:57:08Z INFO [357/900] 2fec7c14-33de-4a7d-8783-e098a9d6b13d: 194 groups; 1.1 s; peak memory 1137 MiB.
2026-10-03T21:57:09Z INFO [358/900] 2fed9856-cea3-4713-b7ff-4f1adea6c3c3: 35 groups; 0.9 s; peak memory 1137 MiB.
2026-10-03T21:57:10Z INFO [359/900] 2fedf89e-5c22-4ea1-b860-eba17f8d70a8: 32 groups; 0.8 s; peak memory 1137 MiB.
2026-10-03T21:57:14Z INFO [360/900] 2fedfab2-8fd4-49ac-952e-41c40ca717a1: 34 groups; 4.4 s; peak memory 1137 MiB.
2026-10-03T21:57:16Z INFO [361/900] 2fee08ca-ab01-42b0-bf15-2423d1287a01: 24 groups; 1.7 s; peak memory 1137 MiB.
2026-10-03T21:57:17Z INFO [362/900] 2fee2ba9-8fa0-4929-ad4a-769b0f81936a: 32 groups; 0.8 s; peak memory 1137 MiB.
2026-10-03T21:57:17Z INFO [363/900] 2feebe94-a691-42ce-ba57-935a9e7d1640: 16 groups; 0.6 s; peak memory 1137 MiB.
2026-10-03T21:57:18Z INFO [364/900] 2ff08cc0-d468-4601-94e9-e143c3add33e: 22 groups; 0.8 s; peak memory 1137 MiB.
2026-10-03T21:57:19Z INFO [365/900] 2ff0c742-c514-4a86-b365-4dbbba312f46: 22 groups; 0.7 s; peak memory 1137 MiB.
2026-10-03T21:57:20Z INFO [366/900] 2ff14f91-dfe8-4ad7-baf2-062161f16271: 35 groups; 0.9 s; peak memory 1137 MiB.
2026-10-03T21:57:21Z INFO [367/900] 2ff1888b-1e2d-4b61-8f80-280ac2a15fa0: 33 groups; 1.0 s; peak memory 1137 MiB.
2026-10-03T21:57:23Z INFO [368/900] 2ff23b53-7b74-4c7e-b549-0fb759805e6c: 48 groups; 1.9 s; peak memory 1137 MiB.
2026-10-03T21:57:24Z INFO [369/900] 2ff2bc6c-dc3b-4b44-bad1-a19d1c8d133c: 337 groups; 1.1 s; peak memory 1137 MiB.
2026-10-03T21:57:27Z INFO [370/900] 2ff65432-f9d4-4e25-8128-02e2df861049: 105 groups; 3.3 s; peak memory 1137 MiB.
2026-10-03T21:57:28Z INFO [371/900] 2ff74983-db36-4ee0-8ab8-a469862a68a4: 336 groups; 1.2 s; peak memory 1137 MiB.
2026-10-03T21:57:29Z INFO [372/900] 2ff78595-b562-4ae1-83a6-65410a25c8a1: 22 groups; 0.9 s; peak memory 1137 MiB.
2026-10-03T21:57:40Z INFO [373/900] 2ff7b869-2cf4-4d42-9d03-1e9523f3dd27: 217 groups; 10.6 s; peak memory 1137 MiB.
2026-10-03T21:57:41Z INFO [374/900] 2ff8789d-ac06-4f32-850e-94438562c1f9: 33 groups; 1.2 s; peak memory 1137 MiB.
2026-10-03T21:57:42Z INFO [375/900] 2ff87d5b-3ca7-446c-8fd0-d511d743309d: 33 groups; 0.8 s; peak memory 1137 MiB.
2026-10-03T21:57:42Z INFO [376/900] 2ff89045-4770-44f5-839b-df684698b209: 22 groups; 0.7 s; peak memory 1137 MiB.
2026-10-03T21:57:43Z INFO [377/900] 2ff8d74c-72a2-4f25-ac47-fc703464dade: 35 groups; 1.0 s; peak memory 1137 MiB.
2026-10-03T21:57:44Z INFO [378/900] 2ff93d66-0ead-4015-b735-5407e60d0f46: 66 groups; 0.5 s; peak memory 1137 MiB.
2026-10-03T21:57:47Z INFO [379/900] 2ff95333-dfe9-4bb7-9282-ee55f12f5145: 34 groups; 2.7 s; peak memory 1137 MiB.
2026-10-03T21:57:48Z INFO [380/900] 2ff9cfc3-d140-46d6-895d-4c58974556c5: 32 groups; 1.0 s; peak memory 1137 MiB.
2026-10-03T21:57:49Z INFO [381/900] 2ffab574-e0a9-441e-a502-73a9cc0f2256: 35 groups; 1.2 s; peak memory 1137 MiB.
2026-10-03T21:59:41Z INFO [382/900] 2ffb88cc-dce2-4295-bc54-cfd9870cf982: 60 groups; 112.3 s; peak memory 1137 MiB.
2026-10-03T21:59:42Z INFO [383/900] 2ffc842b-9406-40c7-91b4-53c1a92e8ab2: 195 groups; 1.0 s; peak memory 1137 MiB.
2026-10-03T22:00:25Z INFO [384/900] 2ffe2382-c5ee-4f37-a774-b3f8af0399f4: 1719 groups; 42.5 s; peak memory 1137 MiB.
2026-10-03T22:00:25Z INFO [385/900] 2ffe29f9-bbcd-45e1-ae77-d39e8c7b4444: 22 groups; 0.8 s; peak memory 1137 MiB.
2026-10-03T22:00:26Z INFO [386/900] 2ffe2b1b-6c16-4e88-aa08-6406c41799b5: 31 groups; 0.7 s; peak memory 1137 MiB.
2026-10-03T22:01:59Z INFO [387/900] 2ffe82e1-3f36-4a76-a120-8841b86cb581: 4124 groups; 93.0 s; peak memory 1137 MiB.
2026-10-03T22:02:00Z INFO [388/900] 2fff0a70-3393-4a3c-9b0c-54bc6668dc5b: 103 groups; 0.8 s; peak memory 1137 MiB.
2026-10-03T22:02:02Z INFO [389/900] 2fff39c9-5a00-4e1d-95c0-2dc6aac62259: 95 groups; 2.3 s; peak memory 1137 MiB.
2026-10-03T22:02:04Z INFO [390/900] 3002050b-75ad-4ac0-95f5-da83c9d0eca2: 17 groups; 1.9 s; peak memory 1137 MiB.
2026-10-03T22:02:05Z INFO [391/900] 3002517f-6866-47c7-ac6a-4a9d54a6e464: 16 groups; 0.5 s; peak memory 1137 MiB.
2026-10-03T22:02:06Z INFO [392/900] 3002fcc0-7c31-4dfe-8c6f-48193cbc7997: 48 groups; 1.8 s; peak memory 1137 MiB.
2026-10-03T22:02:07Z INFO [393/900] 30037b42-19be-4a28-8c05-ba6a61ba4a92: 16 groups; 0.5 s; peak memory 1137 MiB.
2026-10-03T22:02:08Z INFO [394/900] 300408fa-91df-408d-bfd1-d4e00790d8a1: 200 groups; 1.1 s; peak memory 1137 MiB.
2026-10-03T22:02:09Z INFO [395/900] 30046e69-e6c1-42c1-b461-4e08c56401ec: 35 groups; 0.9 s; peak memory 1137 MiB.
2026-10-03T22:02:10Z INFO [396/900] 3006018a-8ed1-470f-8ed1-4e2babb3198a: 32 groups; 0.7 s; peak memory 1137 MiB.
2026-10-03T22:02:11Z INFO [397/900] 300634be-277b-411b-ba00-71c549f95ec2: 32 groups; 0.9 s; peak memory 1137 MiB.
2026-10-03T22:02:19Z INFO [398/900] 3006a7ce-3807-453f-a640-4e1c31986884: 195 groups; 8.0 s; peak memory 1137 MiB.
2026-10-03T22:02:19Z INFO [399/900] 30079bd7-e356-4bd6-b564-1ebe81f1c087: 52 groups; 0.9 s; peak memory 1137 MiB.
2026-10-03T22:02:26Z INFO [400/900] 30080dd7-cac9-4718-85fc-59370b62aba8: 628 groups; 6.6 s; peak memory 1137 MiB.
2026-10-03T22:02:26Z INFO [400/900] 30080dd7-cac9-4718-85fc-59370b62aba8: checkpointed 70136 records.
2026-10-03T22:02:34Z INFO [401/900] 30081900-2918-44bf-bddb-5788ad7fad05: 273 groups; 7.8 s; peak memory 1137 MiB.
2026-10-03T22:02:35Z INFO [402/900] 3008731e-3411-4fef-9d15-4293fc5f8d05: 35 groups; 0.9 s; peak memory 1137 MiB.
2026-10-03T22:02:40Z INFO [403/900] 300876ce-24ae-4027-be6e-bf013dbd2734: 120 groups; 4.7 s; peak memory 1137 MiB.
2026-10-03T22:02:40Z INFO [404/900] 30091b1f-6498-4f84-9806-7080b0dac6e3: 18 groups; 0.5 s; peak memory 1137 MiB.
2026-10-03T22:02:41Z INFO [405/900] 30099515-f46e-4a0a-9238-78979f61220a: 251 groups; 0.8 s; peak memory 1137 MiB.
2026-10-03T22:02:46Z INFO [406/900] 3009b407-7bf5-4a53-91f8-89c1efa0ea36: 66 groups; 4.7 s; peak memory 1137 MiB.
2026-10-03T22:02:46Z INFO [407/900] 300a5f13-697c-49cf-82e0-273e843db47f: 22 groups; 0.8 s; peak memory 1137 MiB.
2026-10-03T22:02:47Z INFO [408/900] 300bf8fd-3657-400d-b179-a8d892512c15: 31 groups; 0.7 s; peak memory 1137 MiB.
2026-10-03T22:02:48Z INFO [409/900] 300d9f03-1b8a-471a-b383-7a10f8c4ceb0: 28 groups; 0.8 s; peak memory 1137 MiB.
2026-10-03T22:02:49Z INFO [410/900] 300e2fae-1018-4a3e-b7d4-14cbd071f70f: 35 groups; 1.0 s; peak memory 1137 MiB.
2026-10-03T22:02:50Z INFO [411/900] 300e5806-3269-485b-bde4-f86f56069303: 202 groups; 1.1 s; peak memory 1137 MiB.
2026-10-03T22:02:51Z INFO [412/900] 300e7372-896c-4a85-8e8d-25b02d789126: 196 groups; 1.2 s; peak memory 1137 MiB.
2026-10-03T22:02:53Z INFO [413/900] 300ec169-67c5-462b-9e64-d5d73c12acef: 50 groups; 1.9 s; peak memory 1137 MiB.
2026-10-03T22:02:54Z INFO [414/900] 3010280c-f399-4834-9587-adbacdfafdc2: 25 groups; 0.6 s; peak memory 1137 MiB.
2026-10-03T22:02:54Z INFO [415/900] 30109668-6bac-47a6-b8fd-dbd60519f8d1: 17 groups; 0.6 s; peak memory 1137 MiB.
2026-10-03T22:02:55Z INFO [416/900] 301188f1-66f5-4d02-8244-951e287da9f3: 32 groups; 0.7 s; peak memory 1137 MiB.
2026-10-03T22:03:01Z INFO [417/900] 30121ee7-74c1-4829-9346-ab6b4e8ac43d: 68 groups; 5.7 s; peak memory 1137 MiB.
2026-10-03T22:03:02Z INFO [418/900] 3012b631-4a84-425b-b67f-7bccca44dabe: 32 groups; 1.0 s; peak memory 1137 MiB.
2026-10-03T22:03:02Z INFO [419/900] 30133e18-2ad8-4ff9-a1d0-6c196eb44b61: 16 groups; 0.5 s; peak memory 1137 MiB.
2026-10-03T22:03:03Z INFO [420/900] 301393e4-2805-47e1-8274-3d1f2f6f34f8: 32 groups; 0.9 s; peak memory 1137 MiB.
2026-10-03T22:03:04Z INFO [421/900] 3014132b-29df-4bab-84da-457eca6234a9: 24 groups; 0.6 s; peak memory 1137 MiB.
2026-10-03T22:03:05Z INFO [422/900] 3015b4a7-5d9e-443a-8e20-ae3cc8fdc29c: 49 groups; 1.1 s; peak memory 1137 MiB.
2026-10-03T22:03:09Z INFO [423/900] 30165233-8974-46f5-88e1-818e92561761: 953 groups; 4.1 s; peak memory 1137 MiB.
2026-10-03T22:03:19Z INFO [424/900] 3016ac95-3b72-46b3-9424-9aefa38e50a5: 182 groups; 10.3 s; peak memory 1137 MiB.
2026-10-03T22:03:20Z INFO [425/900] 3016c0ca-ca51-42d8-815c-59479965c762: 22 groups; 0.6 s; peak memory 1137 MiB.
2026-10-03T22:03:20Z INFO [426/900] 3016db27-1afc-4859-b7b3-42bc70a1536c: 32 groups; 0.6 s; peak memory 1137 MiB.
2026-10-03T22:03:21Z INFO [427/900] 30171521-dd47-42b9-b41a-f3b7018845d2: 22 groups; 0.7 s; peak memory 1137 MiB.
2026-10-03T22:03:22Z INFO [428/900] 3017601c-d7a7-4416-b3bd-ddacce5779df: 22 groups; 0.8 s; peak memory 1137 MiB.
2026-10-03T22:03:23Z INFO [429/900] 3017ce56-6db6-4f1b-9f43-daf710104617: 31 groups; 0.5 s; peak memory 1137 MiB.
2026-10-03T22:03:26Z INFO [430/900] 30186cf2-8269-4ddd-8022-9e40da07b8e3: 78 groups; 3.4 s; peak memory 1137 MiB.
2026-10-03T22:03:27Z INFO [431/900] 30193bdc-ec3d-41d1-b617-9a0dcca924d7: 42 groups; 0.9 s; peak memory 1137 MiB.
2026-10-03T22:03:28Z INFO [432/900] 30194e62-ff02-4a5c-ac7f-5040b900a55f: 336 groups; 1.0 s; peak memory 1137 MiB.
2026-10-03T22:03:29Z INFO [433/900] 3019e55b-d166-4666-b115-96b0c273c523: 32 groups; 0.9 s; peak memory 1137 MiB.
2026-10-03T22:03:29Z INFO [434/900] 301a4d8e-7c98-4a78-9a8d-936a2105c85d: 22 groups; 0.6 s; peak memory 1137 MiB.
2026-10-03T22:03:39Z INFO [435/900] 301ad94f-fa10-4152-8797-8ae9a2cc6264: 298 groups; 9.6 s; peak memory 1137 MiB.
2026-10-03T22:03:40Z INFO [436/900] 301b2026-6d8b-4b8a-82a5-8890e2a2a190: 103 groups; 0.8 s; peak memory 1137 MiB.
2026-10-03T22:03:41Z INFO [437/900] 301b9179-3e46-451f-80fd-f4222c88a64b: 32 groups; 0.8 s; peak memory 1137 MiB.
2026-10-03T22:03:43Z INFO [438/900] 301bb1d5-846d-43b3-af62-ed479d2d6070: 47 groups; 2.2 s; peak memory 1137 MiB.
2026-10-03T22:03:44Z INFO [439/900] 301d0b9b-196d-4e60-9d34-b0b06046d0e6: 195 groups; 1.0 s; peak memory 1137 MiB.
2026-10-03T22:03:44Z INFO [440/900] 301dbfe5-0f36-4c3d-8764-16bf70644946: 253 groups; 0.7 s; peak memory 1137 MiB.
2026-10-03T22:03:45Z INFO [441/900] 301e9f10-e9dc-4afe-ac8d-c2b0579f68c9: 32 groups; 0.7 s; peak memory 1137 MiB.
2026-10-03T22:03:46Z INFO [442/900] 301ea335-7e01-4b2d-8c32-9daea047a4f2: 32 groups; 0.7 s; peak memory 1137 MiB.
2026-10-03T22:03:53Z INFO [443/900] 301f0c06-c833-405e-99eb-a8b7da6a1165: 208 groups; 7.3 s; peak memory 1137 MiB.
2026-10-03T22:03:54Z INFO [444/900] 301f9126-0bd9-41e5-8ec6-ceea578de836: 32 groups; 0.7 s; peak memory 1137 MiB.
2026-10-03T22:03:55Z INFO [445/900] 301fdbaa-3919-4f1f-8089-92334f7c88d7: 32 groups; 0.9 s; peak memory 1137 MiB.
2026-10-03T22:03:56Z INFO [446/900] 3020670d-8799-4efc-aab1-8385e7895a64: 108 groups; 1.2 s; peak memory 1137 MiB.
2026-10-03T22:03:57Z INFO [447/900] 30208de7-7d6c-4626-95b1-44677848c843: 32 groups; 0.7 s; peak memory 1137 MiB.
2026-10-03T22:03:58Z INFO [448/900] 302129dd-63e5-46d6-bed8-90b89b4063e5: 32 groups; 0.9 s; peak memory 1137 MiB.
2026-10-03T22:04:00Z INFO [449/900] 30217a66-4eec-4216-816b-0ef5e2fc483f: 336 groups; 2.1 s; peak memory 1137 MiB.
2026-10-03T22:04:01Z INFO [450/900] 3021efb0-383c-43d1-91b4-f2cc90c5e2e5: 35 groups; 0.9 s; peak memory 1137 MiB.
2026-10-03T22:04:01Z INFO [450/900] 3021efb0-383c-43d1-91b4-f2cc90c5e2e5: checkpointed 70186 records.
2026-10-03T22:04:02Z INFO [451/900] 3024048c-489a-4041-8233-250e3addd0f5: 195 groups; 1.0 s; peak memory 1137 MiB.
2026-10-03T22:04:02Z INFO [452/900] 30241f65-077a-4804-ae37-dd3e106c05c1: 22 groups; 0.8 s; peak memory 1137 MiB.
2026-10-03T22:04:03Z INFO [453/900] 30243036-cdd4-4036-b060-161bff3ec84b: 35 groups; 0.9 s; peak memory 1137 MiB.
2026-10-03T22:04:04Z INFO [454/900] 302440e9-c14f-41b0-acbe-7f2031aeaef7: 32 groups; 0.8 s; peak memory 1137 MiB.
2026-10-03T22:04:10Z INFO [455/900] 3024adeb-1aa8-4aef-9847-f55cb29ebfa2: 36 groups; 5.8 s; peak memory 1137 MiB.
2026-10-03T22:04:12Z INFO [456/900] 30255eb6-fb49-4326-83cf-bc69d839f90f: 48 groups; 1.9 s; peak memory 1137 MiB.
2026-10-03T22:04:13Z INFO [457/900] 30270bc5-0ef3-44db-ab7b-a0085987fd63: 35 groups; 1.2 s; peak memory 1137 MiB.
2026-10-03T22:04:14Z INFO [458/900] 302712c7-595b-446d-9dfb-0e71944eb67c: 17 groups; 0.5 s; peak memory 1137 MiB.
2026-10-03T22:04:14Z INFO [459/900] 30279b8c-5387-4e47-a6e2-865c71805cea: 67 groups; 0.7 s; peak memory 1137 MiB.
2026-10-03T22:04:15Z INFO [460/900] 30285dc8-ca04-4c66-bd41-41593848f150: 35 groups; 1.0 s; peak memory 1137 MiB.
2026-10-03T22:04:16Z INFO [461/900] 3028df35-f0e6-48ea-81a1-4a076648922c: 31 groups; 0.6 s; peak memory 1137 MiB.
2026-10-03T22:04:17Z INFO [462/900] 3028fbb4-e652-4c9e-9e94-c8235ffb41fb: 48 groups; 1.6 s; peak memory 1137 MiB.
2026-10-03T22:04:19Z INFO [463/900] 30296886-06e9-4f42-b022-618b9573c0ff: 203 groups; 1.1 s; peak memory 1137 MiB.
2026-10-03T22:04:19Z INFO [464/900] 302a6985-3d49-4438-a3ab-ec5b5a92b41d: 29 groups; 0.9 s; peak memory 1137 MiB.
2026-10-03T22:04:20Z INFO [465/900] 302aaf85-66ce-4734-8183-77613f584f69: 256 groups; 0.8 s; peak memory 1137 MiB.
2026-10-03T22:04:21Z INFO [466/900] 302b0249-1480-4c81-88ab-6c709c6f5ad3: 22 groups; 0.7 s; peak memory 1137 MiB.
2026-10-03T22:04:22Z INFO [467/900] 302ba4f7-e7a5-425a-b48a-3f0c18228b64: 16 groups; 0.5 s; peak memory 1137 MiB.
2026-10-03T22:04:22Z INFO [468/900] 302c270c-1665-4e5f-abbc-70303f0ec0b9: 16 groups; 0.6 s; peak memory 1137 MiB.
2026-10-03T22:04:23Z INFO [469/900] 302c8334-0f9e-41ff-904d-2311193ad7f4: 52 groups; 0.9 s; peak memory 1137 MiB.
2026-10-03T22:04:24Z INFO [470/900] 302cf91d-973c-44bc-b204-ebf908820d00: 22 groups; 0.7 s; peak memory 1137 MiB.
2026-10-03T22:04:26Z INFO [471/900] 302d8698-f581-42c4-8060-a750936c9f75: 48 groups; 1.9 s; peak memory 1137 MiB.
2026-10-03T22:04:26Z INFO [472/900] 302ddb65-91e2-4abc-ab7c-040a95d8e61c: 32 groups; 0.6 s; peak memory 1137 MiB.
2026-10-03T22:04:27Z INFO [473/900] 302de564-bb86-4674-8233-830ca580e409: 18 groups; 0.6 s; peak memory 1137 MiB.
2026-10-03T22:04:29Z INFO [474/900] 302ea13b-a680-42bb-88a8-b096888483c7: 45 groups; 1.6 s; peak memory 1137 MiB.
2026-10-03T22:04:29Z INFO [475/900] 302ec7e9-ebc1-4ea9-a876-831b67013435: 22 groups; 0.9 s; peak memory 1137 MiB.
2026-10-03T22:04:34Z INFO [476/900] 302f4f28-aab3-47d4-9a3e-3327ea90fccd: 27 groups; 4.9 s; peak memory 1137 MiB.
2026-10-03T22:04:42Z INFO [477/900] 30309452-5f2b-47d0-9d18-d75ff154367f: 2182 groups; 7.5 s; peak memory 1137 MiB.
2026-10-03T22:04:43Z INFO [478/900] 3030e6cf-72da-47b2-9bc6-b7e7375a501f: 25 groups; 0.8 s; peak memory 1137 MiB.
2026-10-03T22:04:50Z INFO [479/900] 3030eb5a-f27b-4f4f-bc34-5131aa1023ff: 221 groups; 7.3 s; peak memory 1137 MiB.
2026-10-03T22:04:51Z INFO [480/900] 3031c416-3834-4895-b929-cc9e883ebd9a: 22 groups; 0.8 s; peak memory 1137 MiB.
2026-10-03T22:04:51Z INFO [481/900] 3032cd62-b0e5-44a4-bf19-a8b8875bde3a: 32 groups; 0.8 s; peak memory 1137 MiB.
2026-10-03T22:05:04Z INFO [482/900] 3032e9cc-dd87-426c-96aa-94fd5e9f729c: 188 groups; 12.3 s; peak memory 1137 MiB.
2026-10-03T22:05:05Z INFO [483/900] 30336e38-d33f-4319-8d14-dab67b9e509c: 207 groups; 1.3 s; peak memory 1137 MiB.
2026-10-03T22:05:07Z INFO [484/900] 303390b3-3e21-4ad6-bf0a-97d124b98271: 48 groups; 2.0 s; peak memory 1137 MiB.
2026-10-03T22:05:08Z INFO [485/900] 30351c62-d94a-486b-9e0c-57671ff269bd: 254 groups; 0.8 s; peak memory 1137 MiB.
2026-10-03T22:05:09Z INFO [486/900] 303599c0-8dae-445b-9c1e-ec0dddbf782d: 24 groups; 0.7 s; peak memory 1137 MiB.
2026-10-03T22:05:09Z INFO [487/900] 30373a5f-2fa0-4d5e-98d4-7892cd30aee6: 32 groups; 0.8 s; peak memory 1137 MiB.
2026-10-03T22:05:10Z INFO [488/900] 3037f608-2e9e-4fb2-b9b1-c68a027732d8: 32 groups; 1.0 s; peak memory 1137 MiB.
2026-10-03T22:05:11Z INFO [489/900] 3038a616-eb0b-4534-9a07-280e8d997163: 22 groups; 0.8 s; peak memory 1137 MiB.
2026-10-03T22:05:12Z INFO [490/900] 3038c2d8-8d58-4533-8d56-e38698882674: 24 groups; 0.7 s; peak memory 1137 MiB.
2026-10-03T22:05:21Z INFO [491/900] 3038cb87-6708-49c1-9582-919c582c0703: 27 groups; 9.4 s; peak memory 1137 MiB.
2026-10-03T22:05:23Z INFO [492/900] 3038fb4b-e2f3-480c-82b6-a06d7592c188: 48 groups; 1.8 s; peak memory 1137 MiB.
2026-10-03T22:05:25Z INFO [493/900] 3039a6b2-8065-41e6-9f31-339a64f3d910: 50 groups; 1.9 s; peak memory 1137 MiB.
2026-10-03T22:05:26Z INFO [494/900] 303b2958-7b13-4ead-b4d6-08c4f4311a84: 22 groups; 0.8 s; peak memory 1137 MiB.
2026-10-03T22:05:27Z INFO [495/900] 303bc03f-c5bf-48bd-9e96-cf154595b39b: 36 groups; 1.1 s; peak memory 1137 MiB.
2026-10-03T22:05:28Z INFO [496/900] 303bdde4-c220-4b03-9ba4-82be9113654c: 336 groups; 1.1 s; peak memory 1137 MiB.
2026-10-03T22:05:29Z INFO [497/900] 303c1c25-618e-489f-a11e-61e6742c9edd: 32 groups; 0.8 s; peak memory 1137 MiB.
2026-10-03T22:05:29Z INFO [498/900] 303c66a2-f7f5-4e8a-bbf9-6f8b1fb6e6ac: 16 groups; 0.4 s; peak memory 1137 MiB.
2026-10-03T22:05:30Z INFO [499/900] 303ceb0c-3319-455a-89af-f173386d920b: 31 groups; 0.5 s; peak memory 1137 MiB.
2026-10-03T22:05:33Z INFO [500/900] 303dbdb7-6c32-4945-b9a8-4633a555691d: 116 groups; 2.9 s; peak memory 1137 MiB.
2026-10-03T22:05:33Z INFO [500/900] 303dbdb7-6c32-4945-b9a8-4633a555691d: checkpointed 70236 records.
2026-10-03T22:05:33Z INFO [501/900] 303ebaac-6365-4053-a7d4-3ab8b8ad1a45: 26 groups; 0.5 s; peak memory 1137 MiB.
2026-10-03T22:05:34Z INFO [502/900] 303ec446-9e1a-4a01-a74b-a83cda91bf13: 32 groups; 0.8 s; peak memory 1137 MiB.
2026-10-03T22:07:27Z INFO [503/900] 303fa28e-98f3-4169-9d89-66fb940226cb: 60 groups; 113.1 s; peak memory 1137 MiB.
2026-10-03T22:07:28Z INFO [504/900] 304024f9-24e0-44b1-b62d-f89444519a9b: 22 groups; 0.8 s; peak memory 1137 MiB.
2026-10-03T22:07:29Z INFO [505/900] 3040b46a-e3dd-4f28-85b0-cc275a64b3e8: 17 groups; 0.7 s; peak memory 1137 MiB.
2026-10-03T22:07:30Z INFO [506/900] 3040dfc4-1b3c-4664-bd1b-2aed750c5bce: 35 groups; 1.2 s; peak memory 1137 MiB.
2026-10-03T22:07:30Z INFO [507/900] 30412042-b5e8-43f8-a506-5946d5947860: 22 groups; 0.6 s; peak memory 1137 MiB.
2026-10-03T22:07:31Z INFO [508/900] 30413e06-13d9-4aa2-9c7f-b8aa355e6076: 32 groups; 0.7 s; peak memory 1137 MiB.
2026-10-03T22:07:32Z INFO [509/900] 304147c8-7c81-4a5f-97c4-510e3ed8076f: 35 groups; 1.0 s; peak memory 1137 MiB.
2026-10-03T22:07:43Z INFO [510/900] 3041d5dc-53cf-4bec-b051-f92fafe05a2c: 372 groups; 10.9 s; peak memory 1137 MiB.
2026-10-03T22:07:46Z INFO [511/900] 3041da37-d7d1-46ca-a2e2-bb7908379b51: 181 groups; 2.9 s; peak memory 1137 MiB.
2026-10-03T22:07:48Z INFO [512/900] 30431e03-d813-4210-900c-35094a5b567b: 48 groups; 1.7 s; peak memory 1137 MiB.
2026-10-03T22:07:48Z INFO [513/900] 30442f1d-2972-4fd3-8fbd-3935fcc3ed86: 22 groups; 0.7 s; peak memory 1137 MiB.
2026-10-03T22:07:50Z INFO [514/900] 304459f9-1ba1-498a-827b-58d3abe6a15e: 35 groups; 1.1 s; peak memory 1137 MiB.
2026-10-03T22:07:50Z INFO [515/900] 304464a3-c9a2-4f25-8270-c553557bbc24: 35 groups; 0.9 s; peak memory 1137 MiB.
2026-10-03T22:07:51Z INFO [516/900] 3044b08c-e0f4-449b-8a7b-6f0b77930028: 72 groups; 0.8 s; peak memory 1137 MiB.
2026-10-03T22:07:52Z INFO [517/900] 3044d27e-42ca-4981-89fa-3ccee23909a9: 18 groups; 0.7 s; peak memory 1137 MiB.
2026-10-03T22:07:56Z INFO [518/900] 30461416-a690-45b3-9375-5d3fcbeb09b0: 197 groups; 4.4 s; peak memory 1137 MiB.
2026-10-03T22:07:57Z INFO [519/900] 30474f92-76c8-4a2a-8f3c-4a33cca5f45a: 206 groups; 0.9 s; peak memory 1137 MiB.
2026-10-03T22:07:58Z INFO [520/900] 30479a56-c787-4527-9277-702aa124b8ca: 22 groups; 0.7 s; peak memory 1137 MiB.
2026-10-03T22:07:59Z INFO [521/900] 30486273-7706-452d-a588-061b693ee906: 33 groups; 1.2 s; peak memory 1137 MiB.
2026-10-03T22:08:01Z INFO [522/900] 30492cb4-16e9-430d-a270-164b5deffa60: 48 groups; 1.8 s; peak memory 1137 MiB.
2026-10-03T22:08:02Z INFO [523/900] 30495042-eb6a-4740-ad66-7dd09c33f282: 22 groups; 0.8 s; peak memory 1137 MiB.
2026-10-03T22:08:02Z INFO [524/900] 30497f1e-c121-40dd-99a0-dab1ce80d1e7: 35 groups; 0.9 s; peak memory 1137 MiB.
2026-10-03T22:08:03Z INFO [525/900] 3049cbe5-7751-422f-94cf-cbef7127d38b: 22 groups; 0.7 s; peak memory 1137 MiB.
2026-10-03T22:08:04Z INFO [526/900] 3049faf1-c2c5-429b-87e7-7c9deb6a5cc3: 22 groups; 0.6 s; peak memory 1137 MiB.
2026-10-03T22:08:05Z INFO [527/900] 304a6305-7d29-49fc-b7c5-fedd98247c9a: 33 groups; 0.8 s; peak memory 1137 MiB.
2026-10-03T22:08:12Z INFO [528/900] 304aea29-e6fb-4b59-bc9e-89ab71c1805d: 88 groups; 7.2 s; peak memory 1137 MiB.
2026-10-03T22:08:12Z INFO [529/900] 304b285e-1cce-47f3-85b3-4beba70a27a0: 22 groups; 0.7 s; peak memory 1137 MiB.
2026-10-03T22:08:13Z INFO [530/900] 304c0cc1-280c-450c-b907-d84b5b315b87: 22 groups; 0.6 s; peak memory 1137 MiB.
2026-10-03T22:08:14Z INFO [531/900] 304c8aae-3c0b-4caf-bc02-46d0607c801a: 336 groups; 1.1 s; peak memory 1137 MiB.
2026-10-03T22:08:17Z INFO [532/900] 304d37bc-07e6-4c15-b442-a8516cad5345: 149 groups; 3.2 s; peak memory 1137 MiB.
2026-10-03T22:08:18Z INFO [533/900] 304f2f0f-5cfd-44d3-b2ff-bf9f313e16d1: 337 groups; 1.0 s; peak memory 1137 MiB.
2026-10-03T22:08:19Z INFO [534/900] 304f3c54-1af3-422c-9250-2f386ac0e34d: 28 groups; 0.5 s; peak memory 1137 MiB.
2026-10-03T22:08:22Z INFO [535/900] 304f8def-f7d2-4e2f-a31d-e6853282b389: 118 groups; 2.9 s; peak memory 1137 MiB.
2026-10-03T22:08:23Z INFO [536/900] 30510363-ab08-4998-b8f7-6632ae0b9f65: 22 groups; 0.9 s; peak memory 1137 MiB.
2026-10-03T22:08:23Z INFO [537/900] 30512f63-0599-4366-8176-329e31619a56: 32 groups; 0.7 s; peak memory 1137 MiB.
2026-10-03T22:08:24Z INFO [538/900] 30513c0b-a658-46e5-b835-2b7f4ebfaaeb: 35 groups; 1.0 s; peak memory 1137 MiB.
2026-10-03T22:08:25Z INFO [539/900] 30513dec-d8b3-4d13-beef-015298b46d37: 32 groups; 0.9 s; peak memory 1137 MiB.
2026-10-03T22:08:27Z INFO [540/900] 3051738f-7672-45aa-b0f3-247812e9bacb: 17 groups; 1.5 s; peak memory 1137 MiB.
2026-10-03T22:08:28Z INFO [541/900] 30520da9-3aef-49c5-9e5c-15108e3db5ba: 41 groups; 0.9 s; peak memory 1137 MiB.
2026-10-03T22:08:28Z INFO [542/900] 30523a6c-bd9b-4910-9e2c-cb002207eb47: 22 groups; 0.8 s; peak memory 1137 MiB.
2026-10-03T22:08:30Z INFO [543/900] 3052c5a2-4e11-4d8d-a12c-6df526a9911d: 203 groups; 1.1 s; peak memory 1137 MiB.
2026-10-03T22:08:30Z INFO [544/900] 3053d189-3c1d-4151-b30e-7effef40ac1c: 202 groups; 0.9 s; peak memory 1137 MiB.
2026-10-03T22:08:31Z INFO [545/900] 3054c186-0008-4c26-bf65-ac107d4bece8: 71 groups; 0.7 s; peak memory 1137 MiB.
2026-10-03T22:08:32Z INFO [546/900] 3055af49-3a47-4a2e-b04f-e4bee048d90d: 256 groups; 0.9 s; peak memory 1137 MiB.
2026-10-03T22:08:33Z INFO [547/900] 3056093d-d371-4364-bb55-7a1fff8d926c: 33 groups; 1.0 s; peak memory 1137 MiB.
2026-10-03T22:08:34Z INFO [548/900] 305632e4-ca42-4435-bfc5-fa014e69c1d9: 19 groups; 0.6 s; peak memory 1137 MiB.
2026-10-03T22:08:35Z INFO [549/900] 30563e67-0938-4462-b222-077e75fb5ac0: 43 groups; 1.6 s; peak memory 1137 MiB.
2026-10-03T22:08:36Z INFO [550/900] 305662d2-2152-4210-84e1-56e5aa821615: 35 groups; 0.8 s; peak memory 1137 MiB.
2026-10-03T22:08:36Z INFO [550/900] 305662d2-2152-4210-84e1-56e5aa821615: checkpointed 70286 records.
2026-10-03T22:08:37Z INFO [551/900] 305665f3-de94-4e00-8f65-c03d60690903: 42 groups; 1.2 s; peak memory 1137 MiB.
2026-10-03T22:09:12Z INFO [552/900] 305685fa-c7fe-49e6-bf91-68c67cab21ff: 27 groups; 34.6 s; peak memory 1137 MiB.
2026-10-03T22:09:13Z INFO [553/900] 30574f93-0cbd-4d9a-84eb-6eca055855ea: 202 groups; 1.1 s; peak memory 1137 MiB.
2026-10-03T22:09:14Z INFO [554/900] 3057a9c5-9629-4c31-9718-5484afe4cc1a: 27 groups; 1.2 s; peak memory 1137 MiB.
2026-10-03T22:09:15Z INFO [555/900] 3057b791-d6e6-4db1-8801-fce60737a631: 199 groups; 1.2 s; peak memory 1137 MiB.
2026-10-03T22:09:20Z INFO [556/900] 3057eb88-0190-4aef-9d96-9979fec39774: 66 groups; 4.8 s; peak memory 1137 MiB.
2026-10-03T22:09:21Z INFO [557/900] 30580c88-96c6-438b-8fa5-4dbe0bffd482: 336 groups; 1.2 s; peak memory 1137 MiB.
2026-10-03T22:09:22Z INFO [558/900] 3058f8a7-6a62-4ee3-9ff5-24ce0f6fe687: 21 groups; 0.8 s; peak memory 1137 MiB.
2026-10-03T22:09:23Z INFO [559/900] 30596a2e-2b31-452d-8ffd-5e521b0f6110: 22 groups; 0.8 s; peak memory 1137 MiB.
2026-10-03T22:09:24Z INFO [560/900] 305b2471-82a4-42fe-8c2d-6301c96252e4: 32 groups; 0.8 s; peak memory 1137 MiB.
2026-10-03T22:09:25Z INFO [561/900] 305b8bfa-1ac9-45be-a95f-af11b5be7f6b: 35 groups; 1.0 s; peak memory 1137 MiB.
2026-10-03T22:09:25Z INFO [562/900] 305c22f9-7b1a-4331-8e66-6b3e73eb59e0: 30 groups; 0.6 s; peak memory 1137 MiB.
2026-10-03T22:09:29Z INFO [563/900] 305c8c2b-a31b-4200-827b-acae517d586b: 24 groups; 3.1 s; peak memory 1137 MiB.
2026-10-03T22:09:30Z INFO [564/900] 305cdf66-c7d1-4f7b-8d00-7f3e1a92d4a3: 35 groups; 1.3 s; peak memory 1137 MiB.
2026-10-03T22:09:30Z INFO [565/900] 305d633c-b6da-49e1-b538-5fafbfd4f893: 254 groups; 0.6 s; peak memory 1137 MiB.
2026-10-03T22:09:31Z INFO [566/900] 305ddee0-4ec9-4b70-9197-73f7d684d27b: 32 groups; 0.8 s; peak memory 1137 MiB.
2026-10-03T22:09:32Z INFO [567/900] 305e0e9c-e18b-426a-b312-5d116722482b: 31 groups; 1.1 s; peak memory 1137 MiB.
2026-10-03T22:09:33Z INFO [568/900] 305e692f-fc01-4d5c-881b-5f24b26bcc48: 108 groups; 0.8 s; peak memory 1137 MiB.
2026-10-03T22:09:38Z INFO [569/900] 305f9c17-c166-45c2-bcc4-e6c1008084ef: 34 groups; 4.9 s; peak memory 1137 MiB.
2026-10-03T22:09:39Z INFO [570/900] 30606448-7ce3-4cc5-a015-5bd18d4a24b2: 17 groups; 0.5 s; peak memory 1137 MiB.
2026-10-03T22:10:00Z INFO [571/900] 30608516-8422-434f-9728-4ed8c1adab72: 23 groups; 20.9 s; peak memory 1137 MiB.
2026-10-03T22:10:00Z INFO [572/900] 30609203-8293-4cdf-95cb-fbc1372d25e5: 16 groups; 0.6 s; peak memory 1137 MiB.
2026-10-03T22:10:08Z INFO [573/900] 3062572b-cc05-4df6-8bbe-9c49225ce92f: 270 groups; 8.4 s; peak memory 1137 MiB.
2026-10-03T22:10:29Z INFO [574/900] 3062dad1-3377-4084-92aa-d1814b53675e: 23 groups; 20.2 s; peak memory 1137 MiB.
2026-10-03T22:10:30Z INFO [575/900] 3062f091-6fe1-497e-8de1-851c8d7473b9: 32 groups; 0.9 s; peak memory 1137 MiB.
2026-10-03T22:10:33Z INFO [576/900] 3062f1b3-1dd7-4e24-b10b-7e5b390bd4fc: 78 groups; 3.0 s; peak memory 1137 MiB.
2026-10-03T22:10:34Z INFO [577/900] 30636b64-534f-40fa-99f8-b0a0375fe3f8: 37 groups; 1.4 s; peak memory 1137 MiB.
2026-10-03T22:10:35Z INFO [578/900] 3063ac74-0bd9-458f-933b-8fa46f86dc3c: 32 groups; 0.9 s; peak memory 1137 MiB.
2026-10-03T22:10:36Z INFO [579/900] 3063f80f-678b-4da2-81ce-5c980fe62b1a: 35 groups; 0.9 s; peak memory 1137 MiB.
2026-10-03T22:10:37Z INFO [580/900] 30649013-f661-42b8-91bd-47edf62e4c94: 32 groups; 0.8 s; peak memory 1137 MiB.
2026-10-03T22:10:37Z INFO [581/900] 3065c013-b3c9-4b70-8a94-9566b66225bf: 22 groups; 0.7 s; peak memory 1137 MiB.
2026-10-03T22:10:39Z INFO [582/900] 3066559f-041c-462a-8f01-202427f78240: 48 groups; 1.8 s; peak memory 1137 MiB.
2026-10-03T22:10:40Z INFO [583/900] 30666e10-a77d-4a9a-9c4b-7760c95c71ea: 35 groups; 0.8 s; peak memory 1137 MiB.
2026-10-03T22:10:42Z INFO [584/900] 3066b2f5-11cd-438c-ac09-f10af85abd0a: 56 groups; 1.9 s; peak memory 1137 MiB.
2026-10-03T22:10:43Z INFO [585/900] 3066e5d2-5c5d-4b6a-ba3a-2e0823b82d33: 35 groups; 1.0 s; peak memory 1137 MiB.
2026-10-03T22:10:52Z INFO [586/900] 30671319-6da7-4032-a808-9868f61df856: 267 groups; 9.2 s; peak memory 1137 MiB.
2026-10-03T22:10:53Z INFO [587/900] 306786e7-801f-4ef9-bc1a-8237c501ba2f: 22 groups; 0.7 s; peak memory 1137 MiB.
2026-10-03T22:10:54Z INFO [588/900] 30683c0a-6116-44d8-9507-15c916e89419: 207 groups; 1.1 s; peak memory 1137 MiB.
2026-10-03T22:10:57Z INFO [589/900] 30689b44-8054-4928-b2d9-8e255b2d3015: 78 groups; 3.4 s; peak memory 1137 MiB.
2026-10-03T22:11:01Z INFO [590/900] 30697761-b0d7-4e04-95a0-67cf98fcd5ea: 78 groups; 4.0 s; peak memory 1137 MiB.
2026-10-03T22:11:03Z INFO [591/900] 306a2bd9-0c9e-4fa3-ad6e-5f7d72f216f6: 53 groups; 1.6 s; peak memory 1137 MiB.
2026-10-03T22:11:04Z INFO [592/900] 306aadb8-2e7a-456f-bf69-dd6db6837dcc: 32 groups; 0.8 s; peak memory 1137 MiB.
2026-10-03T22:11:04Z INFO [593/900] 306af565-3e6f-48d0-b755-8bca5ca3404a: 26 groups; 0.8 s; peak memory 1137 MiB.
2026-10-03T22:11:05Z INFO [594/900] 306b2d07-67d0-4e21-a15f-c3e24221fa8a: 22 groups; 0.8 s; peak memory 1137 MiB.
2026-10-03T22:11:13Z INFO [595/900] 306bf4d7-e270-40f6-9f07-d67db5a82c4e: 224 groups; 7.6 s; peak memory 1137 MiB.
2026-10-03T22:11:14Z INFO [596/900] 306c56f9-9bc5-45c1-8ae8-7ec084eed895: 32 groups; 1.0 s; peak memory 1137 MiB.
2026-10-03T22:11:23Z INFO [597/900] 306d0419-1145-4566-a3bf-da3a5dda5ed4: 27 groups; 8.7 s; peak memory 1137 MiB.
2026-10-03T22:11:23Z INFO [598/900] 306dc447-62ec-4870-9b69-e6e2c6b1dc99: 31 groups; 0.6 s; peak memory 1137 MiB.
2026-10-03T22:11:24Z INFO [599/900] 306ddde6-ab7a-41dd-9ba7-8981afd0c924: 31 groups; 0.9 s; peak memory 1137 MiB.
2026-10-03T22:11:25Z INFO [600/900] 306ee6c8-e909-4e63-b70d-a155e0480894: 16 groups; 0.5 s; peak memory 1137 MiB.
2026-10-03T22:11:25Z INFO [600/900] 306ee6c8-e909-4e63-b70d-a155e0480894: checkpointed 70336 records.
2026-10-03T22:11:26Z INFO [601/900] 306f9857-5631-4365-94ed-71ed0b697235: 35 groups; 0.9 s; peak memory 1137 MiB.
2026-10-03T22:11:27Z INFO [602/900] 306fdf25-6894-4004-94be-0918d3265c84: 32 groups; 0.9 s; peak memory 1137 MiB.
2026-10-03T22:11:27Z INFO [603/900] 3070055a-3f8d-492a-8685-ee43c1e007cc: 22 groups; 0.7 s; peak memory 1137 MiB.
2026-10-03T22:11:28Z INFO [604/900] 30701b36-e7d6-453d-bc4f-7edb8f0b1982: 32 groups; 0.9 s; peak memory 1137 MiB.
2026-10-03T22:11:29Z INFO [605/900] 3070574b-c8d0-4b17-bdd4-577b0ec9a351: 25 groups; 0.6 s; peak memory 1137 MiB.
2026-10-03T22:11:30Z INFO [606/900] 30707bee-5ef2-4b3f-8a08-3ae3affb4204: 32 groups; 0.8 s; peak memory 1137 MiB.
2026-10-03T22:11:30Z INFO [607/900] 30711949-12be-4704-9fa9-80f109b9ff68: 22 groups; 0.6 s; peak memory 1137 MiB.
2026-10-03T22:11:52Z INFO [608/900] 307120e1-ba7c-43c9-bfef-a8015c7f86a7: 23 groups; 21.3 s; peak memory 1137 MiB.
2026-10-03T22:11:54Z INFO [609/900] 307127ca-3279-4091-b337-36076979c33c: 47 groups; 2.7 s; peak memory 1137 MiB.
2026-10-03T22:11:55Z INFO [610/900] 30716c7c-c05a-4fa9-bde3-2e407f1b1b64: 22 groups; 0.7 s; peak memory 1137 MiB.
2026-10-03T22:12:00Z INFO [611/900] 307230d8-0001-46c4-a4d2-5e0f9ef37129: 67 groups; 4.9 s; peak memory 1137 MiB.
2026-10-03T22:12:02Z INFO [612/900] 307283ea-a446-40a0-89ac-f832fe37debf: 48 groups; 1.8 s; peak memory 1137 MiB.
2026-10-03T22:12:04Z INFO [613/900] 3074c3a1-304a-456e-b63b-cd7b300f6669: 56 groups; 2.1 s; peak memory 1137 MiB.
2026-10-03T22:12:05Z INFO [614/900] 3074dab7-0662-46a7-856b-1d84221615d8: 22 groups; 0.8 s; peak memory 1137 MiB.
2026-10-03T22:12:05Z INFO [615/900] 3076e7d3-d659-4771-b55f-7ffab00e12b1: 22 groups; 0.6 s; peak memory 1137 MiB.
2026-10-03T22:12:07Z INFO [616/900] 3077dd62-3360-472b-8871-28d9c8cd7e3f: 54 groups; 1.4 s; peak memory 1137 MiB.
2026-10-03T22:12:07Z INFO [617/900] 3078e445-4e90-4309-8dcc-4ad861b3e6f3: 22 groups; 0.7 s; peak memory 1137 MiB.
2026-10-03T22:12:08Z INFO [618/900] 307981fe-e75d-4f76-b815-ac44f6aa8d89: 22 groups; 0.8 s; peak memory 1137 MiB.
2026-10-03T22:12:09Z INFO [619/900] 3079b27c-1dc4-4b74-b822-9500eceb1868: 21 groups; 0.8 s; peak memory 1137 MiB.
2026-10-03T22:12:22Z INFO [620/900] 3079d75a-69dc-4bd2-a274-485a9cc88535: 27 groups; 12.8 s; peak memory 1137 MiB.
2026-10-03T22:12:23Z INFO [621/900] 307a0a90-874a-48c1-b6bf-5b83c2b5fc5a: 33 groups; 1.0 s; peak memory 1137 MiB.
2026-10-03T22:12:24Z INFO [622/900] 307b192c-74b7-4f84-9bff-03481b09d6d8: 22 groups; 0.8 s; peak memory 1137 MiB.
2026-10-03T22:12:24Z INFO [623/900] 307c6cb1-bc66-4e3e-8cfd-5f22946608e8: 32 groups; 0.8 s; peak memory 1137 MiB.
2026-10-03T22:12:25Z INFO [624/900] 307c7eeb-61d0-46ac-86b1-e7fb7c14cd86: 26 groups; 0.5 s; peak memory 1137 MiB.
2026-10-03T22:12:26Z INFO [625/900] 307c9884-9977-4b24-b433-2cfed73a1fcf: 25 groups; 0.8 s; peak memory 1137 MiB.
2026-10-03T22:12:26Z INFO [626/900] 307ccf35-bd08-4459-8760-33194f0f42b6: 22 groups; 0.9 s; peak memory 1137 MiB.
2026-10-03T22:12:27Z INFO [627/900] 307d58c8-04ad-463c-9357-9a46752cf3bf: 31 groups; 0.6 s; peak memory 1137 MiB.
2026-10-03T22:12:28Z INFO [628/900] 307e0a0d-923d-4a22-a124-9e36e1e934fa: 22 groups; 0.8 s; peak memory 1137 MiB.
2026-10-03T22:12:29Z INFO [629/900] 307e1237-529d-4c06-929d-73317122106e: 32 groups; 1.0 s; peak memory 1137 MiB.
2026-10-03T22:12:30Z INFO [630/900] 307e14a6-706c-419c-8848-36c906876ce5: 22 groups; 0.8 s; peak memory 1137 MiB.
2026-10-03T22:12:33Z INFO [631/900] 307efb72-b862-4188-9027-2f463da6c666: 104 groups; 3.3 s; peak memory 1137 MiB.
2026-10-03T22:12:38Z INFO [632/900] 307f062d-5c32-4be7-82e2-f6aacd131a8c: 34 groups; 5.3 s; peak memory 1137 MiB.
2026-10-03T22:12:39Z INFO [633/900] 307f1307-8e43-4907-9c0d-151d4029ce06: 24 groups; 0.8 s; peak memory 1137 MiB.
2026-10-03T22:12:40Z INFO [634/900] 3080e311-1e83-4aab-8207-a03c2c1b969c: 32 groups; 0.8 s; peak memory 1137 MiB.
2026-10-03T22:12:41Z INFO [635/900] 308102e0-260c-4e97-8806-08db37fd8b0a: 31 groups; 0.9 s; peak memory 1137 MiB.
2026-10-03T22:12:42Z INFO [636/900] 30824136-2a9c-4bc9-a2a5-54168a37855d: 36 groups; 1.1 s; peak memory 1137 MiB.
2026-10-03T22:12:43Z INFO [637/900] 30829fe7-ed9d-44a5-ac70-4666b1dbff92: 30 groups; 0.9 s; peak memory 1137 MiB.
2026-10-03T22:12:44Z INFO [638/900] 3083197b-8188-4a8e-a85a-ed434df5e6e5: 32 groups; 0.7 s; peak memory 1137 MiB.
2026-10-03T22:12:44Z INFO [639/900] 3083312d-a44c-4fb2-8f74-684174bcf6f1: 26 groups; 0.7 s; peak memory 1137 MiB.
2026-10-03T22:12:45Z INFO [640/900] 308397a8-0e81-4646-8baf-0edcb62e9188: 35 groups; 0.9 s; peak memory 1137 MiB.
2026-10-03T22:12:46Z INFO [641/900] 3083f795-d65b-4d3a-8f8d-6e906fa0ce4b: 32 groups; 0.9 s; peak memory 1137 MiB.
2026-10-03T22:12:47Z INFO [642/900] 3085963b-2858-4595-922b-7eab4bb982a8: 22 groups; 0.7 s; peak memory 1137 MiB.
2026-10-03T22:12:48Z INFO [643/900] 308668ac-44a1-4763-8494-26f09e186bb0: 33 groups; 1.1 s; peak memory 1137 MiB.
2026-10-03T22:12:48Z INFO [644/900] 30868161-2843-445b-9d55-be81a7810b33: 16 groups; 0.5 s; peak memory 1137 MiB.
2026-10-03T22:12:49Z INFO [645/900] 3086a0f7-0368-4aa5-9cfe-fd93e9af9997: 22 groups; 0.8 s; peak memory 1137 MiB.
2026-10-03T22:12:51Z INFO [646/900] 3086ca67-10b7-461c-9071-6002488ba8c7: 48 groups; 1.6 s; peak memory 1137 MiB.
2026-10-03T22:12:52Z INFO [647/900] 30879d6d-5999-4ace-8426-1e61c200d2b7: 22 groups; 0.7 s; peak memory 1137 MiB.
2026-10-03T22:12:52Z INFO [648/900] 30880ded-5aa6-409e-becd-f59bd060694d: 35 groups; 0.9 s; peak memory 1137 MiB.
2026-10-03T22:12:55Z INFO [649/900] 3088193b-6299-4237-a710-22f7ef780bf5: 106 groups; 2.5 s; peak memory 1137 MiB.
2026-10-03T22:12:57Z INFO [650/900] 30886ad4-0369-493d-b273-12a022edd8fb: 341 groups; 1.8 s; peak memory 1137 MiB.
2026-10-03T22:12:57Z INFO [650/900] 30886ad4-0369-493d-b273-12a022edd8fb: checkpointed 70386 records.
2026-10-03T22:12:57Z INFO [651/900] 3088b5f1-afa6-42c5-bb0c-fbee1fdb7f6e: 16 groups; 0.4 s; peak memory 1137 MiB.
2026-10-03T22:12:58Z INFO [652/900] 3088d5da-a611-4425-8132-16a9a19390f0: 22 groups; 0.7 s; peak memory 1137 MiB.
2026-10-03T22:12:59Z INFO [653/900] 3088def3-39fb-4b1e-a2b4-60636578d494: 29 groups; 0.8 s; peak memory 1137 MiB.
2026-10-03T22:12:59Z INFO [654/900] 3088e8f5-cbc6-4ec5-b8a5-db699643742c: 22 groups; 0.6 s; peak memory 1137 MiB.
2026-10-03T22:13:00Z INFO [655/900] 3088ff06-5b4b-434b-b0d6-c7249eabc9d5: 24 groups; 0.6 s; peak memory 1137 MiB.
2026-10-03T22:13:01Z INFO [656/900] 30890f7d-d3ad-43fb-977e-f415877f8d3f: 35 groups; 0.9 s; peak memory 1137 MiB.
2026-10-03T22:13:02Z INFO [657/900] 30893f61-941b-47b7-980d-5f6f1f972ab4: 22 groups; 0.7 s; peak memory 1137 MiB.
2026-10-03T22:13:02Z INFO [658/900] 3089d16e-2432-4049-981e-7bc0abb0eda4: 25 groups; 0.8 s; peak memory 1137 MiB.
2026-10-03T22:13:03Z INFO [659/900] 308a964d-a8ce-4415-91ff-dbb0cacc7ac9: 22 groups; 0.6 s; peak memory 1137 MiB.
2026-10-03T22:13:09Z INFO [660/900] 308aa2dc-a1bc-41ae-b59b-ec0c01f76425: 49 groups; 6.1 s; peak memory 1137 MiB.
2026-10-03T22:13:10Z INFO [661/900] 308bbae9-7bef-43f5-ab11-44df121a060d: 32 groups; 0.8 s; peak memory 1137 MiB.
2026-10-03T22:13:15Z INFO [662/900] 308cb999-aa5a-43d5-9e7a-b92090d983b7: 34 groups; 5.0 s; peak memory 1137 MiB.
2026-10-03T22:13:18Z INFO [663/900] 308d36a3-f834-4f11-bbc6-7388fa6aa493: 132 groups; 3.3 s; peak memory 1137 MiB.
2026-10-03T22:13:27Z INFO [664/900] 308d9fb6-2de2-4e28-9247-6b6ddde4475c: 148 groups; 9.1 s; peak memory 1137 MiB.
2026-10-03T22:13:36Z INFO [665/900] 308dfbd5-9fb4-4cda-bc6e-bfacb52bfe64: 490 groups; 9.0 s; peak memory 1137 MiB.
2026-10-03T22:13:39Z INFO [666/900] 308e2de4-5fc5-4f60-bfd1-6b2eeea1332a: 75 groups; 3.1 s; peak memory 1137 MiB.
2026-10-03T22:13:45Z INFO [667/900] 308e334f-d83c-4a1c-a069-3aff760e0447: 216 groups; 5.4 s; peak memory 1137 MiB.
2026-10-03T22:13:47Z INFO [668/900] 308e7f32-dff0-4b1c-889e-4391dd69c783: 50 groups; 1.8 s; peak memory 1137 MiB.
2026-10-03T22:13:47Z INFO [669/900] 308ea4a8-876d-4602-a354-c3e1fb1f6981: 32 groups; 0.7 s; peak memory 1137 MiB.
2026-10-03T22:13:48Z INFO [670/900] 308eee38-f306-48a0-82ac-a1a83e48fe37: 200 groups; 1.1 s; peak memory 1137 MiB.
2026-10-03T22:13:57Z INFO [671/900] 308f5e16-987a-41ee-9ff3-0bdb3b6e8523: 89 groups; 8.1 s; peak memory 1137 MiB.
2026-10-03T22:13:57Z INFO [672/900] 308f788f-b014-4f88-a8bb-ea465039d7d9: 22 groups; 0.6 s; peak memory 1137 MiB.
2026-10-03T22:13:58Z INFO [673/900] 309027a3-87d2-42c0-9841-8b06598677c9: 26 groups; 0.9 s; peak memory 1137 MiB.
2026-10-03T22:13:59Z INFO [674/900] 30907b44-f638-4a49-90d7-3c563758f2ea: 199 groups; 0.8 s; peak memory 1137 MiB.
2026-10-03T22:14:00Z INFO [675/900] 3090aa6b-f808-4907-81e0-a2dd286bdc54: 34 groups; 0.9 s; peak memory 1137 MiB.
2026-10-03T22:14:01Z INFO [676/900] 3093511d-29d9-483c-b60b-d715dbf6e8b9: 31 groups; 0.9 s; peak memory 1137 MiB.
2026-10-03T22:14:02Z INFO [677/900] 30935d07-1988-4736-b9d7-1acdfd08e84c: 60 groups; 1.4 s; peak memory 1137 MiB.
2026-10-03T22:14:03Z INFO [678/900] 30940837-f095-498f-aa03-4eab8081606b: 22 groups; 0.7 s; peak memory 1137 MiB.
2026-10-03T22:14:04Z INFO [679/900] 30969ad6-aa5a-403e-bd94-a6a711451cc4: 32 groups; 0.8 s; peak memory 1137 MiB.
2026-10-03T22:14:05Z INFO [680/900] 3096c05f-ba9d-416d-8598-d0a274e8a864: 17 groups; 1.2 s; peak memory 1137 MiB.
2026-10-03T22:24:21Z INFO [681/900] 3096eb8b-ce71-44db-a7af-fcad51273109: 29 groups; 616.3 s; peak memory 1184 MiB.
2026-10-03T22:24:24Z INFO [682/900] 3096fcfc-578d-43d9-ac5f-c5b052f04f54: 158 groups; 3.3 s; peak memory 1184 MiB.
2026-10-03T22:24:25Z INFO [683/900] 3097f2e8-af10-4250-9e71-886709795066: 22 groups; 0.6 s; peak memory 1184 MiB.
2026-10-03T22:24:26Z INFO [684/900] 30984d74-0dd3-4879-9633-362c0dcaee94: 196 groups; 0.9 s; peak memory 1184 MiB.
2026-10-03T22:24:27Z INFO [685/900] 309857c1-c3bf-476d-9233-791c590d2149: 31 groups; 1.2 s; peak memory 1184 MiB.
2026-10-03T22:24:28Z INFO [686/900] 30985a2c-01e2-4c8d-85a6-151390693b03: 108 groups; 1.0 s; peak memory 1184 MiB.
2026-10-03T22:24:29Z INFO [687/900] 3098f674-b27c-4f22-99d8-269beaa8378c: 33 groups; 0.7 s; peak memory 1184 MiB.
2026-10-03T22:24:29Z INFO [688/900] 30992a3a-9b3e-4b8a-a1ce-385d697328b6: 24 groups; 0.6 s; peak memory 1184 MiB.
2026-10-03T22:24:30Z INFO [689/900] 30993f70-a753-45d3-bae2-9ef3c285e0c2: 22 groups; 0.8 s; peak memory 1184 MiB.
2026-10-03T22:24:31Z INFO [690/900] 30994a1a-6d5f-4cf8-a240-a36a70d46ccd: 28 groups; 0.7 s; peak memory 1184 MiB.
2026-10-03T22:24:31Z INFO [691/900] 309a3746-e7c2-464f-90bf-feff1e107ba3: 22 groups; 0.7 s; peak memory 1184 MiB.
2026-10-03T22:24:32Z INFO [692/900] 309a8ceb-be94-47d5-b505-0d901723885e: 32 groups; 0.9 s; peak memory 1184 MiB.
2026-10-03T22:24:33Z INFO [693/900] 309ada3d-705f-4675-8a19-6247a8dc0c1c: 22 groups; 0.6 s; peak memory 1184 MiB.
2026-10-03T22:24:34Z INFO [694/900] 309ce804-3cdf-43f4-a37a-a017203ab70b: 33 groups; 0.9 s; peak memory 1184 MiB.
2026-10-03T22:24:35Z INFO [695/900] 309da27b-fd76-4cdd-b144-9d1358aa4801: 35 groups; 0.8 s; peak memory 1184 MiB.
2026-10-03T22:24:36Z INFO [696/900] 309dcb2f-4b2e-4e4f-b281-83602aef211a: 48 groups; 1.7 s; peak memory 1184 MiB.
2026-10-03T22:24:37Z INFO [697/900] 309e3883-ad3f-4481-988d-caf7b85e2f07: 30 groups; 0.5 s; peak memory 1184 MiB.
2026-10-03T22:24:39Z INFO [698/900] 30a0203a-7689-4531-8929-e81b97d6c1c3: 50 groups; 1.9 s; peak memory 1184 MiB.
2026-10-03T22:24:40Z INFO [699/900] 30a022df-bfa7-483a-9cd2-b9ea836184dd: 17 groups; 1.3 s; peak memory 1184 MiB.
2026-10-03T22:24:41Z INFO [700/900] 30a0bf39-a41a-47fc-a46b-2dae2e7f9bc8: 22 groups; 0.7 s; peak memory 1184 MiB.
2026-10-03T22:24:41Z INFO [700/900] 30a0bf39-a41a-47fc-a46b-2dae2e7f9bc8: checkpointed 70436 records.
2026-10-03T22:24:42Z INFO [701/900] 30a10880-91fd-48ae-a6b3-ec1b3e9b5bbb: 35 groups; 1.2 s; peak memory 1184 MiB.
2026-10-03T22:24:43Z INFO [702/900] 30a13a16-e08a-40f1-85cd-5482427cd34f: 24 groups; 0.8 s; peak memory 1184 MiB.
2026-10-03T22:24:44Z INFO [703/900] 30a217a1-f4ff-4497-b3c7-d68cbde6f161: 48 groups; 0.8 s; peak memory 1184 MiB.
2026-10-03T22:24:52Z INFO [704/900] 30a22a83-065b-4e2e-9148-da2d3e1ed906: 258 groups; 8.4 s; peak memory 1184 MiB.
2026-10-03T22:24:53Z INFO [705/900] 30a30ed8-fe64-4a44-bf33-54adbafc5f72: 196 groups; 1.1 s; peak memory 1184 MiB.
2026-10-03T22:24:54Z INFO [706/900] 30a3654c-b904-47ff-8e86-7bf1e874d788: 22 groups; 0.7 s; peak memory 1184 MiB.
2026-10-03T22:24:57Z INFO [707/900] 30a44e97-ef38-4cc5-85bf-b3a49169986e: 34 groups; 2.5 s; peak memory 1184 MiB.
2026-10-03T22:24:58Z INFO [708/900] 30a4d686-5e5b-48c2-a863-8196d0ddf3ea: 32 groups; 1.0 s; peak memory 1184 MiB.
2026-10-03T22:25:03Z INFO [709/900] 30a5279e-2206-4235-8bcd-b2444ed4c4f1: 60 groups; 5.7 s; peak memory 1184 MiB.
2026-10-03T22:25:04Z INFO [710/900] 30a52817-d99a-4bbb-9653-f31674b83aeb: 22 groups; 0.9 s; peak memory 1184 MiB.
2026-10-03T22:25:26Z INFO [711/900] 30a59ce7-4edb-4e79-84c2-ce662aaa1960: 23 groups; 22.2 s; peak memory 1184 MiB.
2026-10-03T22:25:27Z INFO [712/900] 30a60709-1ca3-487b-abbb-8b0be4bd80b8: 32 groups; 0.8 s; peak memory 1184 MiB.
2026-10-03T22:25:28Z INFO [713/900] 30a6d023-2337-4565-b1a2-28bf27cb6434: 30 groups; 0.6 s; peak memory 1184 MiB.
2026-10-03T22:25:31Z INFO [714/900] 30a75664-717f-4749-bd00-cb686540c315: 78 groups; 3.2 s; peak memory 1184 MiB.
2026-10-03T22:25:32Z INFO [715/900] 30a75ce7-f4ce-4007-893f-fb10d342bc59: 33 groups; 0.7 s; peak memory 1184 MiB.
2026-10-03T22:25:33Z INFO [716/900] 30a7ada3-55e8-4e56-9d16-de23d5f0ab37: 195 groups; 1.2 s; peak memory 1184 MiB.
2026-10-03T22:25:34Z INFO [717/900] 30a7fd76-71d9-442c-9ee9-36258efe16b9: 22 groups; 1.1 s; peak memory 1184 MiB.
2026-10-03T22:25:35Z INFO [718/900] 30a80a3b-1204-4004-a70b-eec23ac28092: 36 groups; 1.0 s; peak memory 1184 MiB.
2026-10-03T22:25:36Z INFO [719/900] 30a8d023-8fc6-4882-be36-9d07fe5ea8c7: 206 groups; 1.0 s; peak memory 1184 MiB.
2026-10-03T22:25:37Z INFO [720/900] 30a8ea31-08b1-4346-8864-d505eaa8eec4: 17 groups; 1.3 s; peak memory 1184 MiB.
2026-10-03T22:25:39Z INFO [721/900] 30aa81f5-bee3-4728-9a6c-ea58b298559c: 199 groups; 1.3 s; peak memory 1184 MiB.
2026-10-03T22:25:39Z INFO [722/900] 30ab109a-90e1-4152-b61a-d753b1dc535d: 16 groups; 0.6 s; peak memory 1184 MiB.
2026-10-03T22:25:41Z INFO [723/900] 30ab37ff-9a3d-4df8-9747-6017a56386a6: 48 groups; 1.5 s; peak memory 1184 MiB.
2026-10-03T22:25:41Z INFO [724/900] 30abc27d-7f41-4564-ac92-4baf901a9b1a: 31 groups; 0.5 s; peak memory 1184 MiB.
2026-10-03T22:25:42Z INFO [725/900] 30abc41e-ec92-428e-b3b5-153a28f451c0: 22 groups; 0.7 s; peak memory 1184 MiB.
2026-10-03T22:25:43Z INFO [726/900] 30ac1366-f952-4c4e-87f0-94942d3934f6: 35 groups; 1.0 s; peak memory 1184 MiB.
2026-10-03T22:25:44Z INFO [727/900] 30acbe0c-c367-4338-910d-a056519268c4: 194 groups; 0.8 s; peak memory 1184 MiB.
2026-10-03T22:25:49Z INFO [728/900] 30acf26b-e3e9-444e-8808-357466ac2d8d: 278 groups; 5.4 s; peak memory 1184 MiB.
2026-10-03T22:25:50Z INFO [729/900] 30ad524d-04b2-49ab-944c-25c428c6daa2: 32 groups; 0.9 s; peak memory 1184 MiB.
2026-10-03T22:25:50Z INFO [730/900] 30ad52fe-2f1f-45a3-a3a7-8dd3f1b40fdf: 28 groups; 0.5 s; peak memory 1184 MiB.
2026-10-03T22:25:51Z INFO [731/900] 30adcb8c-bed3-4386-b71c-e3ffe580beb0: 22 groups; 0.7 s; peak memory 1184 MiB.
2026-10-03T22:26:00Z INFO [732/900] 30aef2f3-13a0-4ac0-a901-c342bd7475d7: 270 groups; 8.7 s; peak memory 1184 MiB.
2026-10-03T22:26:01Z INFO [733/900] 30b07ac0-2d0a-41be-ad7e-68312f503b80: 22 groups; 0.8 s; peak memory 1184 MiB.
2026-10-03T22:26:08Z INFO [734/900] 30b0da25-030b-40f6-a53c-09b73cbc695f: 235 groups; 7.7 s; peak memory 1184 MiB.
2026-10-03T22:26:09Z INFO [735/900] 30b0e635-7ed5-4fb3-b9b5-8fc5ef024628: 32 groups; 1.0 s; peak memory 1184 MiB.
2026-10-03T22:26:11Z INFO [736/900] 30b150b4-c638-484c-8f7d-a1a5bdc9ec7b: 93 groups; 2.0 s; peak memory 1184 MiB.
2026-10-03T22:26:12Z INFO [737/900] 30b15556-d956-4c10-8b1a-92386f3f7b50: 203 groups; 1.1 s; peak memory 1184 MiB.
2026-10-03T22:26:14Z INFO [738/900] 30b1ca09-99fe-4014-a494-70bc48612823: 36 groups; 1.8 s; peak memory 1184 MiB.
2026-10-03T22:26:27Z INFO [739/900] 30b27a0b-15d3-4fdc-beeb-9c9c5e9a1c96: 155 groups; 13.2 s; peak memory 1184 MiB.
2026-10-03T22:26:29Z INFO [740/900] 30b3ba64-7012-45ce-8c88-10238aa041ef: 48 groups; 1.5 s; peak memory 1184 MiB.
2026-10-03T22:26:30Z INFO [741/900] 30b4173d-42db-4f0d-9143-819bb2a03709: 17 groups; 1.5 s; peak memory 1184 MiB.
2026-10-03T22:26:56Z INFO [742/900] 30b4a55e-b609-486a-af92-1931531f9086: 5662 groups; 25.8 s; peak memory 1184 MiB.
2026-10-03T22:26:57Z INFO [743/900] 30b52cb3-36d8-41a6-839f-92e59c3cec21: 35 groups; 1.0 s; peak memory 1184 MiB.
2026-10-03T22:26:58Z INFO [744/900] 30b59d66-b561-4ef0-8a85-b270d6b63ee5: 35 groups; 1.0 s; peak memory 1184 MiB.
2026-10-03T22:26:59Z INFO [745/900] 30b5b3a1-b366-4f7f-95eb-972cd23d1b2a: 201 groups; 0.9 s; peak memory 1184 MiB.
2026-10-03T22:27:03Z INFO [746/900] 30b5c7da-5146-49b2-9fb5-d9bfa08a21de: 181 groups; 3.7 s; peak memory 1184 MiB.
2026-10-03T22:27:04Z INFO [747/900] 30b6da1b-5631-4d65-8632-ae3491fa74cd: 32 groups; 0.8 s; peak memory 1184 MiB.
2026-10-03T22:27:04Z INFO [748/900] 30b847d6-5332-431c-a49d-2e123a790c2d: 16 groups; 0.4 s; peak memory 1184 MiB.
2026-10-03T22:27:05Z INFO [749/900] 30bb0724-559c-4caf-a339-68a928434094: 35 groups; 0.8 s; peak memory 1184 MiB.
2026-10-03T22:27:06Z INFO [750/900] 30bba676-0406-423b-a137-72c3b147060e: 45 groups; 1.6 s; peak memory 1184 MiB.
2026-10-03T22:27:06Z INFO [750/900] 30bba676-0406-423b-a137-72c3b147060e: checkpointed 70486 records.
2026-10-03T22:27:07Z INFO [751/900] 30bbffed-8272-41b8-b5b4-b86a03fda7a1: 35 groups; 0.9 s; peak memory 1184 MiB.
2026-10-03T22:27:09Z INFO [752/900] 30bc03c2-dd30-47cf-8c15-b484c290b112: 38 groups; 1.5 s; peak memory 1184 MiB.
2026-10-03T22:27:10Z INFO [753/900] 30bc1bae-2727-4a2e-a659-67877fe63e01: 32 groups; 0.8 s; peak memory 1184 MiB.
2026-10-03T22:27:10Z INFO [754/900] 30bc5834-1187-41cd-93fb-af6f3f8c914f: 30 groups; 0.7 s; peak memory 1184 MiB.
2026-10-03T22:27:11Z INFO [755/900] 30bd2700-8405-4572-8688-00923c69cff1: 32 groups; 0.6 s; peak memory 1184 MiB.
2026-10-03T22:27:12Z INFO [756/900] 30bd3bd1-6492-40d0-bd86-ee7834b14995: 207 groups; 1.3 s; peak memory 1184 MiB.
2026-10-03T22:27:26Z INFO [757/900] 30bd603c-8431-44e3-a81f-e470d1c6b19c: 308 groups; 13.5 s; peak memory 1184 MiB.
2026-10-03T22:27:26Z INFO [758/900] 30bdec26-8c22-40af-894d-a00b0c8d9002: 32 groups; 0.6 s; peak memory 1184 MiB.
2026-10-03T22:27:27Z INFO [759/900] 30bdfa4c-d0e8-4324-9c79-caa8406ed84e: 32 groups; 1.1 s; peak memory 1184 MiB.
2026-10-03T22:27:33Z INFO [760/900] 30be195a-143b-4485-9ba1-f3f2cf73573d: 210 groups; 5.5 s; peak memory 1184 MiB.
2026-10-03T22:27:45Z INFO [761/900] 30be5dca-19fc-420a-8ae1-d1c974e831d4: 96 groups; 11.9 s; peak memory 1184 MiB.
2026-10-03T22:28:01Z INFO [762/900] 30be67d0-7975-494a-bc64-977731a71b8f: 2909 groups; 16.6 s; peak memory 1184 MiB.
2026-10-03T22:28:02Z INFO [763/900] 30bea3de-56dd-4aed-85f0-5fd9b7382e05: 22 groups; 0.7 s; peak memory 1184 MiB.
2026-10-03T22:28:03Z INFO [764/900] 30bed16d-5154-4bf9-95a3-74acc4637e8a: 22 groups; 0.8 s; peak memory 1184 MiB.
2026-10-03T22:28:04Z INFO [765/900] 30befdf7-4004-40c8-b1b9-72b238308aad: 32 groups; 0.8 s; peak memory 1184 MiB.
2026-10-03T22:28:04Z INFO [766/900] 30bf0f42-e689-4b0a-bd22-5c71759e43a3: 20 groups; 0.6 s; peak memory 1184 MiB.
2026-10-03T22:28:05Z INFO [767/900] 30c053a1-7f0d-4e1c-a394-a4895b1799c4: 22 groups; 0.7 s; peak memory 1184 MiB.
2026-10-03T22:28:27Z INFO [768/900] 30c1d6b9-a31b-4fe6-a315-cfbb6bd70f16: 23 groups; 22.4 s; peak memory 1184 MiB.
2026-10-03T22:28:28Z INFO [769/900] 30c1eb72-317c-4654-a706-797f2f5ade3e: 22 groups; 0.8 s; peak memory 1184 MiB.
2026-10-03T22:28:29Z INFO [770/900] 30c2c64d-cd5b-4a31-a61c-919593ce1ded: 18 groups; 0.4 s; peak memory 1184 MiB.
2026-10-03T22:28:29Z INFO [771/900] 30c2ffe7-ce0c-4e81-94ba-baf337800cd3: 22 groups; 0.6 s; peak memory 1184 MiB.
2026-10-03T22:28:30Z INFO [772/900] 30c4229f-a2c1-4b21-9be7-8007925d6ad3: 16 groups; 0.4 s; peak memory 1184 MiB.
2026-10-03T22:28:30Z INFO [773/900] 30c47e52-a774-40d5-89da-b86b301abd64: 22 groups; 0.8 s; peak memory 1184 MiB.
2026-10-03T22:28:31Z INFO [774/900] 30c4868d-439b-4c3d-bd3a-f3af464704ac: 22 groups; 0.8 s; peak memory 1184 MiB.
2026-10-03T22:28:32Z INFO [775/900] 30c6ce6a-deeb-4779-8b5a-3ac0a76700c2: 22 groups; 0.7 s; peak memory 1184 MiB.
2026-10-03T22:28:32Z INFO [776/900] 30c749e1-11bd-4f14-8161-e4734f8f8e59: 16 groups; 0.6 s; peak memory 1184 MiB.
2026-10-03T22:28:33Z INFO [777/900] 30c7d7e0-d1a7-4209-a202-0d07e215621b: 32 groups; 0.7 s; peak memory 1184 MiB.
2026-10-03T22:28:34Z INFO [778/900] 30c8467d-faca-44bd-99fd-436a845a0f38: 22 groups; 0.9 s; peak memory 1184 MiB.
2026-10-03T22:28:35Z INFO [779/900] 30c89ec8-80ff-41a2-ae49-e332c4e47d9e: 35 groups; 1.0 s; peak memory 1184 MiB.
2026-10-03T22:28:36Z INFO [780/900] 30c99789-33aa-4d8a-9022-59b89704b8f5: 33 groups; 1.4 s; peak memory 1184 MiB.
2026-10-03T22:28:37Z INFO [781/900] 30c9fec4-4dc9-4dc9-8087-45a7cf5c48e0: 22 groups; 0.9 s; peak memory 1184 MiB.
2026-10-03T22:28:38Z INFO [782/900] 30ca8630-c73e-4a13-95d4-a869b834e77d: 32 groups; 0.9 s; peak memory 1184 MiB.
2026-10-03T22:28:39Z INFO [783/900] 30ca987b-7400-4a4e-8283-b9de0dc41ba6: 35 groups; 0.7 s; peak memory 1184 MiB.
2026-10-03T22:28:42Z INFO [784/900] 30cbc6bd-38fc-4320-a902-6a29ad0790a5: 118 groups; 2.9 s; peak memory 1184 MiB.
2026-10-03T22:28:43Z INFO [785/900] 30cbfbfb-7cec-4676-94ae-1510e3440fdf: 48 groups; 1.7 s; peak memory 1184 MiB.
2026-10-03T22:28:44Z INFO [786/900] 30cc040a-e764-4f38-8ed0-d74652d86d44: 35 groups; 0.9 s; peak memory 1184 MiB.
2026-10-03T22:28:45Z INFO [787/900] 30cc1ff6-c879-44bb-8d63-2fa1659b717d: 22 groups; 0.8 s; peak memory 1184 MiB.
2026-10-03T22:30:08Z INFO [788/900] 30cc3ac2-fa14-4e09-a615-0ba888ffe76b: 27 groups; 82.5 s; peak memory 1184 MiB.
2026-10-03T22:30:09Z INFO [789/900] 30cc7167-04a2-4f2e-854a-3eed6f4db2d5: 207 groups; 0.8 s; peak memory 1184 MiB.
2026-10-03T22:30:09Z INFO [790/900] 30cd4988-d6bd-4af9-b499-e8d971e39240: 33 groups; 0.7 s; peak memory 1184 MiB.
2026-10-03T22:30:11Z INFO [791/900] 30ce23f1-12b9-41d0-98e1-cc210c93456f: 50 groups; 1.9 s; peak memory 1184 MiB.
2026-10-03T22:30:12Z INFO [792/900] 30ce3b47-c8e5-4e42-be69-2e041fae8096: 28 groups; 0.7 s; peak memory 1184 MiB.
2026-10-03T22:30:13Z INFO [793/900] 30ce9b5c-3589-44b2-81b2-a26a23513fb3: 35 groups; 1.1 s; peak memory 1184 MiB.
2026-10-03T22:30:14Z INFO [794/900] 30ced3b7-864d-422f-a502-a3b06b818b28: 17 groups; 0.7 s; peak memory 1184 MiB.
2026-10-03T22:30:34Z INFO [795/900] 30cf78cf-df77-4a16-bf35-7d9036e89b03: 51 groups; 20.2 s; peak memory 1184 MiB.
2026-10-03T22:30:35Z INFO [796/900] 30d02aea-eac3-41db-aba4-89c19dbdf604: 202 groups; 1.2 s; peak memory 1184 MiB.
2026-10-03T22:30:37Z INFO [797/900] 30d03a5a-b34c-4060-87ce-76a4f3db2552: 48 groups; 1.8 s; peak memory 1184 MiB.
2026-10-03T22:30:38Z INFO [798/900] 30d18d2d-b769-432f-bf8c-06812789cdd7: 28 groups; 0.7 s; peak memory 1184 MiB.
2026-10-03T22:30:39Z INFO [799/900] 30d1eb15-27e9-4ba3-a294-ff2e4be6b342: 104 groups; 1.0 s; peak memory 1184 MiB.
2026-10-03T22:30:41Z INFO [800/900] 30d23559-297c-484d-bfaf-811637eb9794: 50 groups; 2.0 s; peak memory 1184 MiB.
2026-10-03T22:30:41Z INFO [800/900] 30d23559-297c-484d-bfaf-811637eb9794: checkpointed 70536 records.
2026-10-03T22:30:41Z INFO [801/900] 30d2839e-0e3e-4c4e-908a-8e3ffe323749: 16 groups; 0.6 s; peak memory 1184 MiB.
2026-10-03T22:30:43Z INFO [802/900] 30d2f1a3-44a4-49c5-8504-7214121f959a: 336 groups; 1.1 s; peak memory 1184 MiB.
2026-10-03T22:30:44Z INFO [803/900] 30d45a91-a5cb-40dd-876d-70554bc4a40c: 37 groups; 1.3 s; peak memory 1184 MiB.
2026-10-03T22:30:45Z INFO [804/900] 30d461f5-2cda-4f0e-bca5-f5817207d42f: 17 groups; 0.7 s; peak memory 1184 MiB.
2026-10-03T22:30:51Z INFO [805/900] 30d47557-f86a-404a-aee3-eaf8c4a97683: 208 groups; 6.0 s; peak memory 1184 MiB.
2026-10-03T22:30:52Z INFO [806/900] 30d5ea65-67b7-408c-8243-aa38fd08f3f7: 35 groups; 1.1 s; peak memory 1184 MiB.
2026-10-03T22:30:52Z INFO [807/900] 30d5f240-5426-4af4-b109-0239acff92cc: 16 groups; 0.4 s; peak memory 1184 MiB.
2026-10-03T22:30:55Z INFO [808/900] 30d6b144-ec81-432e-9b03-15aae92fd962: 125 groups; 3.4 s; peak memory 1184 MiB.
2026-10-03T22:30:56Z INFO [809/900] 30d6ed36-636f-4cea-9a0d-fc12c43b1386: 32 groups; 0.7 s; peak memory 1184 MiB.
2026-10-03T22:30:57Z INFO [810/900] 30d6f5a7-9814-454d-a199-f9fdf2d3e553: 22 groups; 0.7 s; peak memory 1184 MiB.
2026-10-03T22:30:58Z INFO [811/900] 30d7fde8-52a0-43cf-bcbe-693826953e49: 41 groups; 1.0 s; peak memory 1184 MiB.
2026-10-03T22:31:05Z INFO [812/900] 30d83545-4306-4a2a-b2af-61294b4040d7: 56 groups; 7.0 s; peak memory 1184 MiB.
2026-10-03T22:31:11Z INFO [813/900] 30d8f65d-3433-4b75-a576-7c201890b1ec: 33 groups; 6.3 s; peak memory 1184 MiB.
2026-10-03T22:31:14Z INFO [814/900] 30d9f9e6-0b81-4e4d-86fb-5f76042c6dba: 134 groups; 3.0 s; peak memory 1184 MiB.
2026-10-03T22:31:15Z INFO [815/900] 30da447a-50a5-4397-aff9-95f12b21e331: 16 groups; 0.4 s; peak memory 1184 MiB.
2026-10-03T22:31:15Z INFO [816/900] 30db515a-2b76-4893-8f05-1b1c1c255178: 16 groups; 0.5 s; peak memory 1184 MiB.
2026-10-03T22:31:17Z INFO [817/900] 30dc5e56-7c06-4b12-9eb7-6be011126714: 50 groups; 2.1 s; peak memory 1184 MiB.
2026-10-03T22:31:18Z INFO [818/900] 30dd08cf-5b50-4563-8a2d-4a588a829e7c: 32 groups; 0.7 s; peak memory 1184 MiB.
2026-10-03T22:31:19Z INFO [819/900] 30ded37c-c56c-457b-997b-402b1737b2be: 35 groups; 0.9 s; peak memory 1184 MiB.
2026-10-03T22:31:20Z INFO [820/900] 30df507a-33e0-4147-bc98-08b1efb86fe7: 35 groups; 1.2 s; peak memory 1184 MiB.
2026-10-03T22:31:24Z INFO [821/900] 30e1afa2-6387-4b2b-8da0-6c10e6d5fa57: 29 groups; 3.9 s; peak memory 1184 MiB.
2026-10-03T22:31:58Z INFO [822/900] 30e3117e-51d2-4e83-9c3a-29cf96d2d220: 26 groups; 33.8 s; peak memory 1184 MiB.
2026-10-03T22:31:59Z INFO [823/900] 30e33031-9a61-4702-b66a-2ec9cc80223e: 207 groups; 1.4 s; peak memory 1184 MiB.
2026-10-03T22:35:34Z INFO [824/900] 30e37d14-4504-4414-b887-8367b86a054b: 70 groups; 214.9 s; peak memory 1184 MiB.
2026-10-03T22:35:35Z INFO [825/900] 30e51cde-590a-499a-8726-5213206a56ce: 30 groups; 0.8 s; peak memory 1184 MiB.
2026-10-03T22:35:36Z INFO [826/900] 30e5e5be-c958-420f-b794-cf2f1f716d33: 28 groups; 0.7 s; peak memory 1184 MiB.
2026-10-03T22:35:36Z INFO [827/900] 30e6236d-083a-4e12-8f02-8739263b445b: 254 groups; 0.8 s; peak memory 1184 MiB.
2026-10-03T22:35:38Z INFO [828/900] 30e68e07-7351-4901-af7a-4dfcdc659cea: 35 groups; 1.2 s; peak memory 1184 MiB.
2026-10-03T22:35:39Z INFO [829/900] 30e6d82b-b9d7-48ff-8af9-2856bbaa6f85: 32 groups; 0.9 s; peak memory 1184 MiB.
2026-10-03T22:35:39Z INFO [830/900] 30e775aa-5edd-4e13-aa11-dc1963a8d676: 29 groups; 0.8 s; peak memory 1184 MiB.
2026-10-03T22:35:41Z INFO [831/900] 30e80a6e-0999-4fe6-b66f-76231d0523e3: 52 groups; 1.5 s; peak memory 1184 MiB.
2026-10-03T22:35:44Z INFO [832/900] 30e86267-63b7-445f-8f17-1752fbeca4b9: 121 groups; 3.0 s; peak memory 1184 MiB.
2026-10-03T22:35:44Z INFO [833/900] 30e8640b-eaef-4394-acd8-518fac8f650a: 33 groups; 0.7 s; peak memory 1184 MiB.
2026-10-03T22:35:48Z INFO [834/900] 30e8cfc4-86aa-409f-8f87-2a4569bff6fc: 75 groups; 3.7 s; peak memory 1184 MiB.
2026-10-03T22:35:49Z INFO [835/900] 30e8f952-ca80-457b-8a55-28fb8d461983: 253 groups; 0.8 s; peak memory 1184 MiB.
2026-10-03T22:35:50Z INFO [836/900] 30e933df-ce05-463e-adda-0bc2e6408767: 22 groups; 0.9 s; peak memory 1184 MiB.
2026-10-03T22:35:51Z INFO [837/900] 30e9e4fc-c88f-4356-8623-96e87d77f5dc: 22 groups; 0.7 s; peak memory 1184 MiB.
2026-10-03T22:35:52Z INFO [838/900] 30ea5ad8-80c2-4c41-9e38-faeb4fdc4964: 35 groups; 0.9 s; peak memory 1184 MiB.
2026-10-03T22:36:09Z INFO [839/900] 30ea84d1-c797-4325-a463-1b7ee422dc3f: 52 groups; 17.4 s; peak memory 1184 MiB.
2026-10-03T22:36:10Z INFO [840/900] 30eb61c0-53b3-4e2c-9a2d-776b42930e93: 32 groups; 0.8 s; peak memory 1184 MiB.
2026-10-03T22:36:11Z INFO [841/900] 30eb7278-358b-4bea-9d5d-155e0473d4e2: 29 groups; 0.8 s; peak memory 1184 MiB.
2026-10-03T22:36:11Z INFO [842/900] 30eb9ca3-fdb3-4e25-b41c-163339f9c353: 22 groups; 0.7 s; peak memory 1184 MiB.
2026-10-03T22:36:12Z INFO [843/900] 30eba6a5-4a81-44b3-ae9a-eb9105ca6df4: 32 groups; 0.8 s; peak memory 1184 MiB.
2026-10-03T22:36:13Z INFO [844/900] 30ebbc98-852f-4858-a3ca-599aa0b6f363: 196 groups; 1.1 s; peak memory 1184 MiB.
2026-10-03T22:36:14Z INFO [845/900] 30ebeb50-de58-48c2-9ca8-57d2b4ae6559: 32 groups; 0.8 s; peak memory 1184 MiB.
2026-10-03T22:36:16Z INFO [846/900] 30ed4a72-22ef-4313-b00d-56a30237757f: 62 groups; 2.6 s; peak memory 1184 MiB.
2026-10-03T22:36:17Z INFO [847/900] 30ed5b52-f07a-4eb2-8853-9967dcc011bc: 32 groups; 1.0 s; peak memory 1184 MiB.
2026-10-03T22:36:18Z INFO [848/900] 30edc55e-e02b-4783-b979-eb6d38ab1d47: 21 groups; 0.7 s; peak memory 1184 MiB.
2026-10-03T22:36:19Z INFO [849/900] 30ee03ac-fc3b-489c-8169-268c89dfd6c5: 22 groups; 0.7 s; peak memory 1184 MiB.
2026-10-03T22:36:19Z INFO [850/900] 30ee0d15-cd24-442b-a0ef-6ae65572cd12: 24 groups; 0.5 s; peak memory 1184 MiB.
2026-10-03T22:36:19Z INFO [850/900] 30ee0d15-cd24-442b-a0ef-6ae65572cd12: checkpointed 70586 records.
2026-10-03T22:51:17Z INFO [851/900] 30ee3109-05d5-4b38-a2b9-c87d277ea346: 29 groups; 897.4 s; peak memory 1204 MiB.
2026-10-03T22:51:25Z INFO [852/900] 30eead7a-6d48-4adc-bcd3-833d013ef38c: 285 groups; 8.1 s; peak memory 1204 MiB.
2026-10-03T22:51:26Z INFO [853/900] 30ef4de0-e34c-4e97-a2ec-7894e8ae13f1: 200 groups; 0.9 s; peak memory 1204 MiB.
2026-10-03T22:51:27Z INFO [854/900] 30ef6b7b-0152-42ab-8165-e3041fd616ce: 30 groups; 1.4 s; peak memory 1204 MiB.
2026-10-03T22:51:28Z INFO [855/900] 30f0a8dd-2910-4701-9312-7d212e47395e: 35 groups; 1.1 s; peak memory 1204 MiB.
2026-10-03T22:51:34Z INFO [856/900] 30f1df10-3d77-4b61-a909-38911a0f3281: 76 groups; 5.5 s; peak memory 1204 MiB.
2026-10-03T22:51:34Z INFO [857/900] 30f25c31-c37e-4783-842e-65e2ec88cb4b: 22 groups; 0.6 s; peak memory 1204 MiB.
2026-10-03T22:51:36Z INFO [858/900] 30f2d465-c2f1-4c6f-9389-da894ce0d965: 206 groups; 1.6 s; peak memory 1204 MiB.
2026-10-03T22:51:37Z INFO [859/900] 30f2e6cf-dca3-4113-88bb-f73ff8b352cd: 199 groups; 1.0 s; peak memory 1204 MiB.
2026-10-03T22:51:38Z INFO [860/900] 30f352bb-32d3-492b-8c9b-d945d81cc841: 32 groups; 0.8 s; peak memory 1204 MiB.
2026-10-03T22:51:42Z INFO [861/900] 30f3a5b4-1c2e-4342-8fe8-774511c38392: 143 groups; 4.2 s; peak memory 1204 MiB.
2026-10-03T22:51:48Z INFO [862/900] 30f3f66b-1520-451e-a011-709e8d1ad949: 36 groups; 5.8 s; peak memory 1204 MiB.
2026-10-03T22:51:49Z INFO [863/900] 30f455c4-6fe3-4e79-ba0d-fc699aab842b: 35 groups; 1.0 s; peak memory 1204 MiB.
2026-10-03T22:51:49Z INFO [864/900] 30f4685f-da5d-4a0e-8481-ec151b55e277: 22 groups; 0.6 s; peak memory 1204 MiB.
2026-10-03T22:51:50Z INFO [865/900] 30f49bab-67b5-4bdb-8a4a-11cdb1d06650: 22 groups; 0.6 s; peak memory 1204 MiB.
2026-10-03T22:51:51Z INFO [866/900] 30f4c79c-5538-4eeb-973d-30ebe46cfd96: 253 groups; 0.7 s; peak memory 1204 MiB.
2026-10-03T22:51:52Z INFO [867/900] 30f63606-2389-474c-938a-ae2220619779: 37 groups; 1.3 s; peak memory 1204 MiB.
2026-10-03T22:51:58Z INFO [868/900] 30f642dc-f6bf-46a0-8c9d-fe4211f37dbb: 153 groups; 6.0 s; peak memory 1204 MiB.
2026-10-03T22:51:59Z INFO [869/900] 30f69d76-66bd-400a-8fbd-26d874a51ffc: 32 groups; 0.8 s; peak memory 1204 MiB.
2026-10-03T22:52:06Z INFO [870/900] 30f6b72f-acb9-4b8c-8981-75be5fc8317b: 197 groups; 7.0 s; peak memory 1204 MiB.
2026-10-03T22:52:07Z INFO [871/900] 30f711a1-302b-4547-995e-3f241a878eb3: 194 groups; 0.9 s; peak memory 1204 MiB.
2026-10-03T22:52:08Z INFO [872/900] 30f7b96e-05cd-4816-8a38-3c6ef33ba0b4: 48 groups; 1.2 s; peak memory 1204 MiB.
2026-10-03T22:54:02Z INFO [873/900] 30f8f080-424a-484f-91e1-6b18289dfdc5: 60 groups; 113.6 s; peak memory 1204 MiB.
2026-10-03T22:54:03Z INFO [874/900] 30f8fcb6-6e90-4cfa-8f25-fffb5346cf1c: 32 groups; 0.9 s; peak memory 1204 MiB.
2026-10-03T22:54:05Z INFO [875/900] 30f91e27-6be5-4d74-933e-15917069ef16: 196 groups; 2.0 s; peak memory 1204 MiB.
2026-10-03T22:54:47Z INFO [876/900] 30f94bc2-522a-42c4-84d9-0e899ce1f3c8: 6108 groups; 42.6 s; peak memory 1204 MiB.
2026-10-03T22:54:55Z INFO [877/900] 30fa452a-e0cb-4ee4-9b7c-0d8cfd0a6030: 195 groups; 7.6 s; peak memory 1204 MiB.
2026-10-03T22:54:56Z INFO [878/900] 30fa5220-f69a-470b-9b45-faffc49c2789: 201 groups; 1.0 s; peak memory 1204 MiB.
2026-10-03T22:54:56Z INFO [879/900] 30fa81ce-88dd-4388-b20a-528961797ebf: 16 groups; 0.7 s; peak memory 1204 MiB.
2026-10-03T22:54:58Z INFO [880/900] 30fa91e5-f607-445d-8746-eebfdec4604d: 201 groups; 1.7 s; peak memory 1204 MiB.
2026-10-03T22:54:59Z INFO [881/900] 30fb62e7-dfbe-417e-8b54-af1ca6feba3e: 32 groups; 0.7 s; peak memory 1204 MiB.
2026-10-03T22:55:00Z INFO [882/900] 30fbb904-b6af-48b0-bea0-07d075100eb3: 35 groups; 0.9 s; peak memory 1204 MiB.
2026-10-03T22:55:00Z INFO [883/900] 30fc523f-83db-41bf-923e-5386b62ca016: 18 groups; 0.6 s; peak memory 1204 MiB.
2026-10-03T22:55:07Z INFO [884/900] 30fc6cd2-2d8e-4e3f-a792-4dad026ced5e: 307 groups; 6.4 s; peak memory 1204 MiB.
2026-10-03T22:55:07Z INFO [885/900] 30fc8709-f2eb-4921-82e7-57f027d1f2b3: 32 groups; 0.8 s; peak memory 1204 MiB.
2026-10-03T22:55:08Z INFO [886/900] 30fc90df-000b-4230-aa98-5ff0595332a6: 32 groups; 0.8 s; peak memory 1204 MiB.
2026-10-03T22:55:09Z INFO [887/900] 30fd0dff-a99f-4cbc-96db-5668725dcf5b: 32 groups; 0.8 s; peak memory 1204 MiB.
2026-10-03T22:55:17Z INFO [888/900] 30fdc39a-6c6a-49e6-985d-07aa37782207: 219 groups; 8.4 s; peak memory 1204 MiB.
2026-10-03T22:55:18Z INFO [889/900] 30fe2bdd-52ca-4d31-b6bf-75ce95062999: 16 groups; 0.4 s; peak memory 1204 MiB.
2026-10-03T22:55:19Z INFO [890/900] 30fe9f05-9d4f-497b-bd0b-d312501fcc8e: 22 groups; 0.8 s; peak memory 1204 MiB.
2026-10-03T22:55:19Z INFO [891/900] 30feb4ef-c3eb-4228-9e53-b6c3eb58bcef: 16 groups; 0.7 s; peak memory 1204 MiB.
2026-10-03T22:55:20Z INFO [892/900] 30fef3ad-2fd3-4df1-b772-70f51afde401: 103 groups; 0.9 s; peak memory 1204 MiB.
2026-10-03T22:55:26Z INFO [893/900] 30ff30e9-042b-4648-9e19-1f1d851ce4f3: 62 groups; 5.6 s; peak memory 1204 MiB.
2026-10-03T22:55:30Z INFO [894/900] 30ff53c9-2905-4198-86b6-52e816eb7c37: 117 groups; 4.5 s; peak memory 1204 MiB.
2026-10-03T22:55:31Z INFO [895/900] 30ff6464-505a-4277-b2e1-1118d93523a8: 32 groups; 0.7 s; peak memory 1204 MiB.
2026-10-03T22:55:32Z INFO [896/900] 30ffb7a4-4742-4e68-9cdd-a6cb1e391be0: 32 groups; 0.6 s; peak memory 1204 MiB.
2026-10-03T22:55:38Z INFO [897/900] 30ffdd8d-b24e-4a41-97fe-abfd03fae23c: 56 groups; 6.1 s; peak memory 1204 MiB.
2026-10-03T22:55:39Z INFO [898/900] 31008dab-25e1-4b92-aefd-f8af566eb217: 23 groups; 0.8 s; peak memory 1204 MiB.
2026-10-03T22:55:40Z INFO [899/900] 3100c9a9-a5c2-4050-bc83-207a30cac920: 194 groups; 1.2 s; peak memory 1204 MiB.
2026-10-03T22:55:41Z INFO [900/900] 31020320-c404-4984-be5e-d2790a7152a3: 33 groups; 0.8 s; peak memory 1204 MiB.
2026-10-03T22:55:41Z INFO [900/900] 31020320-c404-4984-be5e-d2790a7152a3: checkpointed 70636 records.
2026-10-03T22:55:41Z INFO Wrote 70636 records to /tmp/derivatives/valid_nwb_file_to_number_of_groups.jsonl (900 new, 0 failed) in 89.5 min (peak memory 1204 MiB).
