2026-10-08T10:55:12Z INFO Logging to /tmp/logs/update_2026-10-08T10-55-12Z.log.
2026-10-08T10:55:12Z INFO Update valid-nwb-file-to-number-of-groups (base directory /tmp).
2026-10-08T10:55:13Z INFO Processing 900 items (100336 already recorded).
2026-10-08T10:55:14Z INFO [1/900] 0431d4f6-850f-4864-871f-7629ac8d725b: 20 groups; 1.1 s; peak memory 112 MiB.
2026-10-08T10:55:15Z INFO [2/900] 0ca8020a-b27d-4f5e-9d1d-0b311b511212: 20 groups; 1.0 s; peak memory 112 MiB.
2026-10-08T10:55:15Z INFO [3/900] 1e7a2dbc-469c-4985-9e60-ef1a4a694f63: 20 groups; 0.8 s; peak memory 113 MiB.
2026-10-08T10:55:16Z INFO [4/900] 2a006f9c-2eda-43a2-b3a8-982d6b3de521: 20 groups; 0.9 s; peak memory 113 MiB.
2026-10-08T10:55:17Z INFO [5/900] 2c08f99e-a1eb-49f5-b245-4c7c8929dc0d: 20 groups; 0.8 s; peak memory 113 MiB.
2026-10-08T10:55:18Z INFO [6/900] 485067a0-53a9-405c-8c21-1869ac64ef86: 20 groups; 0.9 s; peak memory 113 MiB.
2026-10-08T10:55:19Z INFO [7/900] 51cd6996-b496-4e90-94eb-58ae1bb91d24: 20 groups; 0.8 s; peak memory 114 MiB.
2026-10-08T10:55:20Z INFO [8/900] 5a0cfc4c-cef5-4a5f-851f-ca3718cb38ec: 20 groups; 1.1 s; peak memory 114 MiB.
2026-10-08T10:55:21Z INFO [9/900] 69e2fda1-2968-4d6e-bd36-1c50c6917362: 20 groups; 0.9 s; peak memory 114 MiB.
2026-10-08T10:55:22Z INFO [10/900] 6ee20fc9-743d-45aa-8650-7e869b0f628d: 35 groups; 1.1 s; peak memory 118 MiB.
2026-10-08T10:55:23Z INFO [11/900] 6ee2c870-9d80-4720-843d-2296d073c879: 28 groups; 0.9 s; peak memory 118 MiB.
2026-10-08T10:55:24Z INFO [12/900] 6ee30086-2acf-4587-97d0-1432b6571706: 34 groups; 0.9 s; peak memory 118 MiB.
2026-10-08T10:55:25Z INFO [13/900] 6ee3206f-4c0f-40f3-b302-98af00f81d41: 22 groups; 0.8 s; peak memory 118 MiB.
2026-10-08T10:55:25Z INFO [14/900] 6ee3493f-b156-425d-89df-399b322ae1f2: 22 groups; 0.7 s; peak memory 118 MiB.
2026-10-08T10:55:35Z INFO [15/900] 6ee3c03a-2d9b-4c62-8165-c7ce3655ae45: 284 groups; 9.4 s; peak memory 158 MiB.
2026-10-08T10:55:35Z INFO [16/900] 6ee48cdf-1c8b-469c-8b07-78db6764af32: 16 groups; 0.6 s; peak memory 159 MiB.
2026-10-08T10:55:59Z INFO [17/900] 6ee64f55-2156-47d7-9606-b3e0511aaf73: 3644 groups; 24.0 s; peak memory 219 MiB.
2026-10-08T10:56:01Z INFO [18/900] 6ee6861e-c9b1-42b5-8287-b7c8961c8774: 35 groups; 1.2 s; peak memory 219 MiB.
2026-10-08T10:56:08Z INFO [19/900] 6ee76c47-d07b-4f80-ae1c-37badbcbf42a: 244 groups; 7.6 s; peak memory 219 MiB.
2026-10-08T10:56:09Z INFO [20/900] 6ee79f76-e9e8-40d3-b35e-18290766a504: 25 groups; 0.9 s; peak memory 219 MiB.
2026-10-08T10:56:16Z INFO [21/900] 6ee86eed-b171-412f-8ebe-262177b4a04b: 76 groups; 6.7 s; peak memory 219 MiB.
2026-10-08T10:56:17Z INFO [22/900] 6ee8821e-85dd-4cf0-981e-edcf13625168: 33 groups; 1.6 s; peak memory 219 MiB.
2026-10-08T10:56:18Z INFO [23/900] 6ee88f61-7aff-4a3d-bf5e-a1565af97675: 31 groups; 1.1 s; peak memory 219 MiB.
2026-10-08T10:56:28Z INFO [24/900] 6ee95d2d-5fd6-4a8e-ac41-4716c77ec0f2: 225 groups; 9.3 s; peak memory 219 MiB.
2026-10-08T10:56:29Z INFO [25/900] 6eeaab79-7780-4379-adc8-7815ac9f640d: 32 groups; 1.1 s; peak memory 219 MiB.
2026-10-08T10:56:30Z INFO [26/900] 6eead875-0749-4015-856f-a42dc4853260: 22 groups; 0.7 s; peak memory 219 MiB.
2026-10-08T10:56:30Z INFO [27/900] 6eed57e8-bc0e-4ed9-b712-5f35f432fc74: 29 groups; 0.9 s; peak memory 219 MiB.
2026-10-08T10:56:31Z INFO [28/900] 6eed695f-3227-45af-a285-31466d831140: 22 groups; 0.5 s; peak memory 219 MiB.
2026-10-08T10:56:32Z INFO [29/900] 6eed75fd-12d0-472d-85dc-a5a15cc5e38e: 32 groups; 1.0 s; peak memory 219 MiB.
2026-10-08T10:56:33Z INFO [30/900] 6eef3f7b-f566-4e8e-a310-0f4da386ff3b: 33 groups; 0.6 s; peak memory 219 MiB.
2026-10-08T10:56:34Z INFO [31/900] 6eef4c3d-822f-4945-838f-03c4bb05dde0: 33 groups; 1.9 s; peak memory 219 MiB.
2026-10-08T10:56:35Z INFO [32/900] 6eef4e37-f278-4b7c-aea4-2de35801d206: 32 groups; 0.9 s; peak memory 219 MiB.
2026-10-08T10:56:36Z INFO [33/900] 6eefba11-a2f9-4b97-87bc-711e6f7b269e: 17 groups; 0.7 s; peak memory 219 MiB.
2026-10-08T10:56:37Z INFO [34/900] 6ef03645-09bc-4987-8491-2b6394b60896: 254 groups; 0.7 s; peak memory 219 MiB.
2026-10-08T10:56:38Z INFO [35/900] 6ef05ea6-3bf6-490a-be48-c9780a59ec5b: 22 groups; 0.9 s; peak memory 219 MiB.
2026-10-08T10:56:39Z INFO [36/900] 6ef14ef4-f43e-4ed2-9d59-206260b5e0e7: 22 groups; 1.0 s; peak memory 219 MiB.
2026-10-08T10:56:47Z INFO [37/900] 6ef19c07-1ffc-4c6f-b133-286237cbaa0d: 27 groups; 8.3 s; peak memory 219 MiB.
2026-10-08T10:57:07Z INFO [38/900] 6ef213a4-4009-49af-8fea-28cc8b68a61e: 157 groups; 20.1 s; peak memory 219 MiB.
2026-10-08T10:57:08Z INFO [39/900] 6ef336d6-ec97-4946-b3d1-0648da967f17: 22 groups; 1.0 s; peak memory 219 MiB.
2026-10-08T10:57:09Z INFO [40/900] 6ef3a213-c106-4e5a-b3e8-f8164a1fb601: 35 groups; 0.7 s; peak memory 219 MiB.
2026-10-08T10:57:10Z INFO [41/900] 6ef3eeaa-9512-469b-ac36-dda9d8628a3a: 34 groups; 1.3 s; peak memory 219 MiB.
2026-10-08T10:57:11Z INFO [42/900] 6ef40164-0003-4e91-9fcf-5c7bacfb0332: 31 groups; 0.7 s; peak memory 219 MiB.
2026-10-08T10:57:12Z INFO [43/900] 6ef43e90-8a8d-447b-b619-a1a35794c42e: 32 groups; 0.9 s; peak memory 219 MiB.
2026-10-08T10:57:13Z INFO [44/900] 6ef51239-d056-4126-9ac2-707720a336b9: 253 groups; 1.1 s; peak memory 219 MiB.
2026-10-08T10:57:14Z INFO [45/900] 6ef54036-1b68-4580-9e0a-ffd58ccb2d3f: 29 groups; 0.8 s; peak memory 219 MiB.
2026-10-08T10:57:14Z INFO [46/900] 6ef61049-827f-4940-8f97-6d2020103167: 103 groups; 0.8 s; peak memory 219 MiB.
2026-10-08T10:57:15Z INFO [47/900] 6ef6b593-1c9b-4c29-a0ed-d8997b4baf69: 31 groups; 0.6 s; peak memory 219 MiB.
2026-10-08T10:57:16Z INFO [48/900] 6ef75801-a19f-47e2-b7b1-7ee89b7d980d: 22 groups; 0.9 s; peak memory 219 MiB.
2026-10-08T10:57:21Z INFO [49/900] 6ef86917-4c05-4f68-bce4-cf1e067fec05: 34 groups; 5.4 s; peak memory 219 MiB.
2026-10-08T10:57:22Z INFO [50/900] 6ef93922-26c7-488d-b034-4abc43ae3d5e: 30 groups; 0.9 s; peak memory 219 MiB.
2026-10-08T10:57:22Z INFO [50/900] 6ef93922-26c7-488d-b034-4abc43ae3d5e: checkpointed 100386 records.
2026-10-08T10:57:23Z INFO [51/900] 6ef939b9-4846-4dc6-9ff8-128f8483a995: 22 groups; 0.5 s; peak memory 219 MiB.
2026-10-08T10:59:15Z INFO [52/900] 6ef9992d-c415-488b-812f-f4ca074a2dec: 27 groups; 112.0 s; peak memory 309 MiB.
2026-10-08T10:59:21Z INFO [53/900] 6ef99c9b-dc16-43e6-9430-f590a1e68ce7: 212 groups; 6.5 s; peak memory 309 MiB.
2026-10-08T10:59:22Z INFO [54/900] 6efa7798-9a32-4c18-94f4-17330446a278: 16 groups; 0.7 s; peak memory 309 MiB.
2026-10-08T10:59:23Z INFO [55/900] 6efa8a88-0ed9-49cd-a104-57b742543b7b: 195 groups; 1.2 s; peak memory 309 MiB.
2026-10-08T10:59:27Z INFO [56/900] 6efb6ea9-7a72-43df-a183-b9609ced74af: 139 groups; 3.3 s; peak memory 309 MiB.
2026-10-08T10:59:28Z INFO [57/900] 6efb9b09-3b8f-4b2b-a303-5d387cbb740c: 48 groups; 1.3 s; peak memory 309 MiB.
2026-10-08T10:59:30Z INFO [58/900] 6efbcffa-9f17-4a1a-9a11-b1da2abe7c0e: 48 groups; 1.6 s; peak memory 309 MiB.
2026-10-08T10:59:32Z INFO [59/900] 6efbe6b8-24f5-42d0-97ad-8f15e7c9609b: 57 groups; 2.1 s; peak memory 309 MiB.
2026-10-08T10:59:34Z INFO [60/900] 6efca6ea-c7e3-4c03-ba25-d6cb0eb328e2: 53 groups; 1.9 s; peak memory 309 MiB.
2026-10-08T10:59:35Z INFO [61/900] 6efcedf5-c83d-4529-b076-a13fd32fb1e9: 35 groups; 1.2 s; peak memory 309 MiB.
2026-10-08T10:59:36Z INFO [62/900] 6efda9e8-cda3-4e67-8b8d-e5cd5bd13683: 32 groups; 0.8 s; peak memory 309 MiB.
2026-10-08T10:59:37Z INFO [63/900] 6efe6e5a-157e-40b4-817c-5cba2d7d01c0: 200 groups; 1.3 s; peak memory 309 MiB.
2026-10-08T10:59:38Z INFO [64/900] 6efebbfc-4a34-4891-8f21-24271c525e65: 25 groups; 0.8 s; peak memory 309 MiB.
2026-10-08T10:59:38Z INFO [65/900] 6eff16e5-5013-4c17-8d75-1ce951bdc630: 22 groups; 0.6 s; peak memory 309 MiB.
2026-10-08T10:59:43Z INFO [66/900] 6effcf43-38d6-4a5c-8dbc-f01185bee478: 66 groups; 4.9 s; peak memory 309 MiB.
2026-10-08T10:59:44Z INFO [67/900] 6f005b5a-3833-4f22-b618-28bc38436a72: 22 groups; 0.8 s; peak memory 309 MiB.
2026-10-08T10:59:45Z INFO [68/900] 6f00aceb-7bc5-4930-a28c-1e64930f08df: 22 groups; 0.9 s; peak memory 309 MiB.
2026-10-08T10:59:54Z INFO [69/900] 6f019d2c-9d97-4f4b-a23b-e4689923caa6: 150 groups; 9.2 s; peak memory 309 MiB.
2026-10-08T10:59:55Z INFO [70/900] 6f021006-1807-4ca3-a498-ed1826aa2882: 32 groups; 1.0 s; peak memory 309 MiB.
2026-10-08T10:59:56Z INFO [71/900] 6f02a2d3-bf23-47ba-8c6b-c406856402e3: 35 groups; 0.9 s; peak memory 309 MiB.
2026-10-08T10:59:57Z INFO [72/900] 6f03d90c-d797-4c33-a0ed-6638fe9d6fec: 28 groups; 0.8 s; peak memory 309 MiB.
2026-10-08T10:59:58Z INFO [73/900] 6f03e5bf-a8ab-40c8-a094-9ea05b47d050: 26 groups; 0.7 s; peak memory 309 MiB.
2026-10-08T11:00:00Z INFO [74/900] 6f04930a-f48d-43ac-83e8-c0ddec3d0f80: 50 groups; 2.1 s; peak memory 309 MiB.
2026-10-08T11:00:00Z INFO [75/900] 6f0585bb-0549-4056-91ee-f882698d697b: 30 groups; 0.7 s; peak memory 309 MiB.
2026-10-08T11:00:01Z INFO [76/900] 6f05f4f1-be1e-490b-9876-3f2833ff19c1: 254 groups; 0.9 s; peak memory 309 MiB.
2026-10-08T11:00:03Z INFO [77/900] 6f0684b6-9b37-42e5-ae3a-0167658bd6fb: 37 groups; 1.5 s; peak memory 309 MiB.
2026-10-08T11:00:06Z INFO [78/900] 6f06c376-d3be-4d26-96ba-cfa0167e8dd4: 78 groups; 3.1 s; peak memory 309 MiB.
2026-10-08T11:00:07Z INFO [79/900] 6f073ee3-1959-4edd-8340-adaa1406cc54: 22 groups; 0.8 s; peak memory 309 MiB.
2026-10-08T11:00:07Z INFO [80/900] 6f07b7b0-0f3b-4926-a1f4-87539b5b8873: 35 groups; 0.9 s; peak memory 309 MiB.
2026-10-08T11:00:09Z INFO [81/900] 6f07dbe4-0186-4918-9797-09b8210a36ef: 33 groups; 1.4 s; peak memory 309 MiB.
2026-10-08T11:00:15Z INFO [82/900] 6f080f96-a5b8-4ac2-a019-666374e606c9: 205 groups; 6.1 s; peak memory 309 MiB.
2026-10-08T11:00:16Z INFO [83/900] 6f09ea0a-3538-4444-88a9-1dde77dceca3: 22 groups; 1.0 s; peak memory 309 MiB.
2026-10-08T11:00:17Z INFO [84/900] 6f0a3a7d-bbc9-4c72-8caf-8e42a3c70e0f: 22 groups; 0.8 s; peak memory 309 MiB.
2026-10-08T11:00:18Z INFO [85/900] 6f0b19ac-e435-4090-ac1f-d73d99ce3add: 22 groups; 0.9 s; peak memory 309 MiB.
2026-10-08T11:00:18Z INFO [86/900] 6f0b9cab-156d-47c1-89b6-0984c43689f5: 26 groups; 0.5 s; peak memory 309 MiB.
2026-10-08T11:00:19Z INFO [87/900] 6f0bd43e-25ae-4b76-a679-a3287c66a810: 22 groups; 0.5 s; peak memory 309 MiB.
2026-10-08T11:00:19Z INFO [88/900] 6f0d1391-7548-4f5a-9307-57f76f21f936: 18 groups; 0.8 s; peak memory 309 MiB.
2026-10-08T11:00:20Z INFO [89/900] 6f0d44e0-408a-4326-8859-b652471912fb: 32 groups; 0.9 s; peak memory 309 MiB.
2026-10-08T11:00:21Z INFO [90/900] 6f0de6b0-e4c6-4437-bc74-80599be1b8d4: 20 groups; 1.1 s; peak memory 309 MiB.
2026-10-08T11:00:22Z INFO [91/900] 6f0e2dfa-4fd1-455f-b872-2b9b1ae82a85: 202 groups; 1.0 s; peak memory 309 MiB.
2026-10-08T11:00:23Z INFO [92/900] 6f0e5403-fd11-4848-9e07-c62def9b1c8a: 22 groups; 1.0 s; peak memory 309 MiB.
2026-10-08T11:00:24Z INFO [93/900] 6f10eb79-c38f-421b-a3a8-b1e3eddd5c19: 32 groups; 0.9 s; peak memory 309 MiB.
2026-10-08T11:00:25Z INFO [94/900] 6f119f51-0c58-4749-b6b7-8f9972eb9b54: 32 groups; 0.9 s; peak memory 309 MiB.
2026-10-08T11:00:34Z INFO [95/900] 6f11dca1-4264-45b4-b468-fe5049f8c3a9: 228 groups; 8.6 s; peak memory 309 MiB.
2026-10-08T11:00:35Z INFO [96/900] 6f12a605-a05b-4cf7-a6d8-86973a5b23a2: 254 groups; 1.0 s; peak memory 309 MiB.
2026-10-08T11:00:41Z INFO [97/900] 6f12f79f-900c-4c8e-964c-43acc62f4a53: 32 groups; 6.0 s; peak memory 309 MiB.
2026-10-08T11:00:42Z INFO [98/900] 6f1331b5-4ff4-4d39-96fb-e66406a7d9d4: 29 groups; 1.0 s; peak memory 309 MiB.
2026-10-08T11:00:42Z INFO [99/900] 6f141f6a-2709-4d21-b539-aba03d24edeb: 17 groups; 0.8 s; peak memory 309 MiB.
2026-10-08T11:00:43Z INFO [100/900] 6f146437-44ee-4415-84d4-cf53a8684be1: 22 groups; 0.9 s; peak memory 309 MiB.
2026-10-08T11:00:44Z INFO [100/900] 6f146437-44ee-4415-84d4-cf53a8684be1: checkpointed 100436 records.
2026-10-08T11:00:45Z INFO [101/900] 6f1482ab-8a82-40e0-aa60-0d39a85c04ac: 35 groups; 1.2 s; peak memory 309 MiB.
2026-10-08T11:05:19Z INFO [102/900] 6f14f78c-9758-46d9-b97f-89559106904c: 72 groups; 274.0 s; peak memory 408 MiB.
2026-10-08T11:05:20Z INFO [103/900] 6f1587ce-7cae-46fe-b050-b449a157114e: 22 groups; 1.3 s; peak memory 408 MiB.
2026-10-08T11:05:34Z INFO [104/900] 6f159309-1305-4064-b12a-05430255dee6: 89 groups; 13.6 s; peak memory 408 MiB.
2026-10-08T11:05:37Z INFO [105/900] 6f15cb90-2ec1-4e6e-b5d0-a5202291058c: 105 groups; 3.7 s; peak memory 408 MiB.
2026-10-08T11:05:38Z INFO [106/900] 6f1615e3-6dae-4bec-9eca-34857e78242b: 201 groups; 0.9 s; peak memory 408 MiB.
2026-10-08T11:05:47Z INFO [107/900] 6f164e63-6aa3-4b42-a81b-ee35e927945c: 216 groups; 9.2 s; peak memory 408 MiB.
2026-10-08T11:05:54Z INFO [108/900] 6f166b62-5885-40f4-bb5a-77769a4e12a2: 207 groups; 6.7 s; peak memory 408 MiB.
2026-10-08T11:05:55Z INFO [109/900] 6f178bb0-bb95-4071-8c36-b99bd94d8344: 197 groups; 1.2 s; peak memory 408 MiB.
2026-10-08T11:05:57Z INFO [110/900] 6f17ed5c-bba0-4f77-ac6e-05339118420b: 48 groups; 2.0 s; peak memory 408 MiB.
2026-10-08T11:06:05Z INFO [111/900] 6f186050-d1e1-4806-8f70-616418b67d8e: 179 groups; 8.1 s; peak memory 408 MiB.
2026-10-08T11:06:07Z INFO [112/900] 6f19543b-dcb8-40f4-b977-ebe3b5fefc76: 336 groups; 1.6 s; peak memory 408 MiB.
2026-10-08T11:06:08Z INFO [113/900] 6f19585b-8af6-470c-be9f-f546f5dac9a3: 16 groups; 0.6 s; peak memory 408 MiB.
2026-10-08T11:06:09Z INFO [114/900] 6f196d25-6c0a-4377-a196-893a5581a270: 32 groups; 1.1 s; peak memory 408 MiB.
2026-10-08T11:06:35Z INFO [115/900] 6f1aa38e-6555-402d-99d5-771171b96a94: 928 groups; 26.2 s; peak memory 408 MiB.
2026-10-08T11:06:43Z INFO [116/900] 6f1b0e8f-7891-4066-b451-4004bb2373c5: 295 groups; 8.0 s; peak memory 408 MiB.
2026-10-08T11:06:44Z INFO [117/900] 6f1b8f25-8eab-4078-aaeb-bf152cb12978: 32 groups; 0.8 s; peak memory 408 MiB.
2026-10-08T11:06:48Z INFO [118/900] 6f1c11e7-db0a-4c8d-8116-8e75a173dcc9: 78 groups; 4.0 s; peak memory 408 MiB.
2026-10-08T11:06:54Z INFO [119/900] 6f1c7e4c-d379-4637-980d-f15934e6b140: 120 groups; 6.7 s; peak memory 408 MiB.
2026-10-08T11:06:55Z INFO [120/900] 6f1c9c75-c580-4886-85b3-4d4dc03d0092: 22 groups; 0.9 s; peak memory 408 MiB.
2026-10-08T11:06:57Z INFO [121/900] 6f1d5770-d337-47f1-8a20-98162b22c816: 195 groups; 1.5 s; peak memory 408 MiB.
2026-10-08T11:06:58Z INFO [122/900] 6f1d6fa5-bbe8-4a54-9637-0241976e7f16: 35 groups; 1.1 s; peak memory 408 MiB.
2026-10-08T11:06:59Z INFO [123/900] 6f1ed2b0-e1df-408b-bcaf-1c83f52745d2: 22 groups; 0.9 s; peak memory 408 MiB.
2026-10-08T11:07:00Z INFO [124/900] 6f204045-a89e-497c-82e5-c71fa23dce53: 32 groups; 1.0 s; peak memory 408 MiB.
2026-10-08T11:07:01Z INFO [125/900] 6f206bb7-ac6d-4b38-be55-9d3d621d3455: 35 groups; 1.3 s; peak memory 408 MiB.
2026-10-08T11:07:03Z INFO [126/900] 6f21025a-8ae7-47d1-bd91-571a48b604fe: 204 groups; 1.7 s; peak memory 408 MiB.
2026-10-08T11:07:03Z INFO [127/900] 6f2300e0-06da-4a8d-8c46-9720bf481638: 16 groups; 0.7 s; peak memory 408 MiB.
2026-10-08T11:09:26Z INFO [128/900] 6f2346cb-39fb-45f8-9c1a-3cc1bbc0ca3c: 66 groups; 143.0 s; peak memory 408 MiB.
2026-10-08T11:09:28Z INFO [129/900] 6f2359fd-eb0f-49eb-9542-f0acb1b8d8e9: 336 groups; 1.5 s; peak memory 408 MiB.
2026-10-08T11:09:29Z INFO [130/900] 6f243a12-6886-4ea5-b917-be63fe369468: 22 groups; 0.9 s; peak memory 408 MiB.
2026-10-08T11:09:30Z INFO [131/900] 6f25fae9-0539-458c-a228-380766a44ebf: 35 groups; 1.0 s; peak memory 408 MiB.
2026-10-08T11:09:31Z INFO [132/900] 6f265b5a-c048-4a30-b052-aa69e439be90: 197 groups; 1.2 s; peak memory 408 MiB.
2026-10-08T11:09:32Z INFO [133/900] 6f274da6-4d9d-402b-9045-ba2cd969ba99: 22 groups; 0.9 s; peak memory 408 MiB.
2026-10-08T11:09:54Z INFO [134/900] 6f2757ee-e4dd-4258-89bc-60b6ae462a2b: 1587 groups; 22.0 s; peak memory 408 MiB.
2026-10-08T11:09:55Z INFO [135/900] 6f281cc0-02c1-4a22-8bf8-e21720b01c26: 22 groups; 0.9 s; peak memory 408 MiB.
2026-10-08T11:09:56Z INFO [136/900] 6f2855d4-2f07-46de-b194-b23e5dacf825: 33 groups; 1.2 s; peak memory 408 MiB.
2026-10-08T11:09:57Z INFO [137/900] 6f292c6e-28f5-4f77-b698-ab4c7068f6fe: 32 groups; 0.9 s; peak memory 408 MiB.
2026-10-08T11:09:58Z INFO [138/900] 6f295f38-311a-4846-9c52-e92964023183: 32 groups; 0.9 s; peak memory 408 MiB.
2026-10-08T11:10:00Z INFO [139/900] 6f29841f-9e91-413e-b9a9-ac9e73c3fe56: 64 groups; 1.7 s; peak memory 408 MiB.
2026-10-08T11:10:07Z INFO [140/900] 6f2b6d1e-57e3-47d7-a9f4-4e22e23cd6b1: 259 groups; 7.5 s; peak memory 408 MiB.
2026-10-08T11:10:17Z INFO [141/900] 6f2b9cd1-cf86-4930-b6b2-f0fa18a3faa8: 200 groups; 10.0 s; peak memory 408 MiB.
2026-10-08T11:10:25Z INFO [142/900] 6f2bab22-2137-4d95-a25b-1b70cc205569: 27 groups; 8.3 s; peak memory 408 MiB.
2026-10-08T11:10:29Z INFO [143/900] 6f2cdcd0-2010-4ef3-93dd-13306e6d3000: 128 groups; 3.3 s; peak memory 408 MiB.
2026-10-08T11:10:30Z INFO [144/900] 6f2ce4b6-e1a3-450e-ab17-616c61192c7a: 195 groups; 1.2 s; peak memory 408 MiB.
2026-10-08T11:10:31Z INFO [145/900] 6f2d410d-1487-472c-a519-b869bd19bb74: 32 groups; 1.0 s; peak memory 408 MiB.
2026-10-08T11:10:32Z INFO [146/900] 6f2ec316-55e0-4430-abb8-3031d43a899e: 199 groups; 1.3 s; peak memory 408 MiB.
2026-10-08T11:10:33Z INFO [147/900] 6f2ec60e-9c48-4485-b186-fcabe4c6b1f8: 32 groups; 0.9 s; peak memory 408 MiB.
2026-10-08T11:10:34Z INFO [148/900] 6f2ed948-78b4-424d-94a2-bbd154a90eda: 194 groups; 1.3 s; peak memory 408 MiB.
2026-10-08T11:10:42Z INFO [149/900] 6f2effc6-8c67-445e-8d9b-d3d340de789a: 192 groups; 7.9 s; peak memory 408 MiB.
2026-10-08T11:10:45Z INFO [150/900] 6f2f5fca-3c8c-4f67-a101-418e49c0c156: 181 groups; 3.0 s; peak memory 408 MiB.
2026-10-08T11:10:46Z INFO [150/900] 6f2f5fca-3c8c-4f67-a101-418e49c0c156: checkpointed 100486 records.
2026-10-08T11:10:46Z INFO [151/900] 6f2faef8-343f-42ef-b28b-fdfc8d0dbfca: 22 groups; 0.8 s; peak memory 408 MiB.
2026-10-08T11:10:47Z INFO [152/900] 6f313be1-511e-4128-8869-10697d8ffe6b: 22 groups; 1.0 s; peak memory 408 MiB.
2026-10-08T11:10:59Z INFO [153/900] 6f315f9f-ad5c-460e-a840-046ef918fbbc: 155 groups; 11.3 s; peak memory 408 MiB.
2026-10-08T11:11:01Z INFO [154/900] 6f31b84d-31d4-470a-a9c5-e190fe7fbd45: 48 groups; 2.2 s; peak memory 408 MiB.
2026-10-08T11:11:02Z INFO [155/900] 6f325274-7e0a-47da-b40c-47a4c96fe459: 48 groups; 1.6 s; peak memory 408 MiB.
2026-10-08T11:11:03Z INFO [156/900] 6f325cb4-7eb1-401a-a1bf-f5db0329f0bc: 33 groups; 1.0 s; peak memory 408 MiB.
2026-10-08T11:11:05Z INFO [157/900] 6f32a37f-76ad-4c0e-b6c3-084ddb27388a: 108 groups; 1.5 s; peak memory 408 MiB.
2026-10-08T11:11:06Z INFO [158/900] 6f32f0e9-f347-43b9-aa15-109dc4c08209: 33 groups; 1.1 s; peak memory 408 MiB.
2026-10-08T11:11:11Z INFO [159/900] 6f33003d-2dc8-499c-984e-62fe41ec09f8: 125 groups; 4.8 s; peak memory 408 MiB.
2026-10-08T11:11:11Z INFO [160/900] 6f3345b4-2d53-42d4-b9bc-8f904a824f66: 32 groups; 0.8 s; peak memory 408 MiB.
2026-10-08T11:11:12Z INFO [161/900] 6f346d2f-d96a-4abf-adbf-1bb1b42edd1e: 22 groups; 0.9 s; peak memory 408 MiB.
2026-10-08T11:11:13Z INFO [162/900] 6f3516fb-de82-4a45-8454-5d4985e37db7: 22 groups; 1.0 s; peak memory 408 MiB.
2026-10-08T11:11:21Z INFO [163/900] 6f359084-b7df-4158-9b5b-4e6f9909cbb7: 234 groups; 7.6 s; peak memory 408 MiB.
2026-10-08T11:11:25Z INFO [164/900] 6f359d76-3bb7-44bd-8410-f0397aa6c00d: 29 groups; 4.2 s; peak memory 408 MiB.
2026-10-08T11:11:26Z INFO [165/900] 6f36f8e1-1ed6-46d1-a1a4-42044bab55c0: 32 groups; 0.9 s; peak memory 408 MiB.
2026-10-08T11:11:27Z INFO [166/900] 6f37a5fc-0af8-4280-9f2b-3466176e467f: 35 groups; 1.1 s; peak memory 408 MiB.
2026-10-08T11:11:28Z INFO [167/900] 6f380417-02b6-4581-b4e6-6b5ff5da2ace: 22 groups; 0.9 s; peak memory 408 MiB.
2026-10-08T11:11:29Z INFO [168/900] 6f387745-b955-44e0-a9eb-92fce226cc01: 22 groups; 0.9 s; peak memory 408 MiB.
2026-10-08T11:11:30Z INFO [169/900] 6f3899bf-9024-499b-974c-a06a9a43366e: 22 groups; 0.8 s; peak memory 408 MiB.
2026-10-08T11:11:33Z INFO [170/900] 6f3acb6c-781f-47e6-ac6f-46c5f1eef70f: 181 groups; 3.4 s; peak memory 408 MiB.
2026-10-08T11:11:35Z INFO [171/900] 6f3b23c7-758b-4267-b592-9ddefd1f9f97: 29 groups; 1.4 s; peak memory 408 MiB.
2026-10-08T11:11:38Z INFO [172/900] 6f3b4396-b871-4d0c-818a-890650e2fa9f: 47 groups; 3.0 s; peak memory 408 MiB.
2026-10-08T11:11:39Z INFO [173/900] 6f3bb939-6dd6-4807-b892-7a7416ee0ec6: 199 groups; 1.4 s; peak memory 408 MiB.
2026-10-08T11:11:40Z INFO [174/900] 6f3c04dd-3478-4d32-9cb1-9327edf0988c: 33 groups; 0.8 s; peak memory 408 MiB.
2026-10-08T11:11:41Z INFO [175/900] 6f3c8ced-eb32-443d-b243-4c372bfd303e: 22 groups; 0.9 s; peak memory 408 MiB.
2026-10-08T11:11:41Z INFO [176/900] 6f3cbe3f-bc98-48a1-9a9c-bf7e1ac22758: 22 groups; 0.9 s; peak memory 408 MiB.
2026-10-08T11:11:46Z INFO [177/900] 6f3d023d-9a45-4e41-90dd-a51a2964c9a8: 52 groups; 4.2 s; peak memory 408 MiB.
2026-10-08T11:11:46Z INFO [178/900] 6f3d5907-a6ec-41f5-b451-170c9aee1ea8: 31 groups; 0.7 s; peak memory 408 MiB.
2026-10-08T11:11:47Z INFO [179/900] 6f3d6729-45a6-4250-9767-5561874b6020: 28 groups; 0.7 s; peak memory 408 MiB.
2026-10-08T11:11:48Z INFO [180/900] 6f3d9bff-a1e4-4a2c-b8fb-30ab190580be: 22 groups; 0.9 s; peak memory 408 MiB.
2026-10-08T11:11:49Z INFO [181/900] 6f3f5b60-3537-4172-a6e9-abdc04f54021: 25 groups; 1.3 s; peak memory 408 MiB.
2026-10-08T11:11:51Z INFO [182/900] 6f3f8b74-7ac4-4b06-a6b8-4c68b1192209: 201 groups; 1.3 s; peak memory 408 MiB.
2026-10-08T11:11:51Z INFO [183/900] 6f3fdf6f-da31-4fc1-8058-0815b51be3db: 22 groups; 0.8 s; peak memory 408 MiB.
2026-10-08T11:11:52Z INFO [184/900] 6f416a49-5f3b-49a8-93db-7b71db6de41c: 22 groups; 0.7 s; peak memory 408 MiB.
2026-10-08T11:11:55Z INFO [185/900] 6f4225c6-2515-401c-99e2-3678beb877bb: 50 groups; 2.7 s; peak memory 408 MiB.
2026-10-08T11:11:56Z INFO [186/900] 6f4339ed-97b9-4cc5-9d4a-c052f330a279: 30 groups; 0.9 s; peak memory 408 MiB.
2026-10-08T11:11:56Z INFO [187/900] 6f4344f5-61b7-4217-9073-2dadcd8b50bf: 22 groups; 0.6 s; peak memory 408 MiB.
2026-10-08T11:16:05Z INFO [188/900] 6f43d0d0-91ea-48e6-ab61-8f724b8db0fb: 85 groups; 248.4 s; peak memory 428 MiB.
2026-10-08T11:16:06Z INFO [189/900] 6f441f47-f086-4d0c-aff1-99bb385a6551: 35 groups; 1.2 s; peak memory 428 MiB.
2026-10-08T11:16:07Z INFO [190/900] 6f443dec-1ff9-49a8-a772-c92413164c89: 22 groups; 0.9 s; peak memory 428 MiB.
2026-10-08T11:16:11Z INFO [191/900] 6f44ab8d-daef-498f-b0ce-018574b7dfac: 75 groups; 3.9 s; peak memory 428 MiB.
2026-10-08T11:16:11Z INFO [192/900] 6f4557b1-2b90-4194-9149-26044154d5ce: 22 groups; 0.8 s; peak memory 428 MiB.
2026-10-08T11:16:12Z INFO [193/900] 6f45cf98-1be1-4bb9-bf07-fdd2d1f17702: 22 groups; 1.0 s; peak memory 428 MiB.
2026-10-08T11:16:14Z INFO [194/900] 6f45d592-6001-433e-b255-f2afcaa896c8: 27 groups; 1.3 s; peak memory 428 MiB.
2026-10-08T11:16:16Z INFO [195/900] 6f45dbe4-41aa-4747-b127-1bba586c2f2d: 35 groups; 2.2 s; peak memory 428 MiB.
2026-10-08T11:16:17Z INFO [196/900] 6f45e2e5-d56e-48d6-ae4d-8f6d137ff3d4: 71 groups; 1.0 s; peak memory 428 MiB.
2026-10-08T11:16:33Z INFO [197/900] 6f461a7e-2089-4c3e-bb5f-668373fe33ac: 212 groups; 15.5 s; peak memory 428 MiB.
2026-10-08T11:16:34Z INFO [198/900] 6f46222f-9d2c-4d57-9a7d-67be4f455bed: 32 groups; 1.0 s; peak memory 428 MiB.
2026-10-08T11:16:36Z INFO [199/900] 6f46aae2-4fbd-4be3-b3c7-dd2a798e5c75: 341 groups; 2.3 s; peak memory 428 MiB.
2026-10-08T11:16:37Z INFO [200/900] 6f47cbf7-62a2-4a4b-8604-1b5ad5a9c513: 22 groups; 0.8 s; peak memory 428 MiB.
2026-10-08T11:16:37Z INFO [200/900] 6f47cbf7-62a2-4a4b-8604-1b5ad5a9c513: checkpointed 100536 records.
2026-10-08T11:16:38Z INFO [201/900] 6f486754-d2a6-4a06-929b-1503a9ff462c: 22 groups; 0.8 s; peak memory 428 MiB.
2026-10-08T11:16:39Z INFO [202/900] 6f4884e5-3c5e-4a2b-a3e9-e586e661a35f: 22 groups; 0.8 s; peak memory 428 MiB.
2026-10-08T11:16:40Z INFO [203/900] 6f4a3032-a999-499f-8a66-b0abe50232b6: 48 groups; 1.7 s; peak memory 428 MiB.
2026-10-08T11:16:41Z INFO [204/900] 6f4af435-0cc2-41c5-99bf-f5cfc8825255: 24 groups; 1.1 s; peak memory 428 MiB.
2026-10-08T11:16:42Z INFO [205/900] 6f4b7cac-9b7c-4328-866c-b558a7f21c73: 16 groups; 0.5 s; peak memory 428 MiB.
2026-10-08T11:16:43Z INFO [206/900] 6f4bac6d-c320-40f1-b1e9-2ad32f398983: 36 groups; 1.1 s; peak memory 428 MiB.
2026-10-08T11:16:44Z INFO [207/900] 6f4be5c6-39b2-4fc6-b829-7e7586a41aa4: 32 groups; 0.8 s; peak memory 428 MiB.
2026-10-08T11:16:44Z INFO [208/900] 6f4be826-a2f9-4139-bf21-d11bf88a28c3: 33 groups; 0.7 s; peak memory 428 MiB.
2026-10-08T11:16:45Z INFO [209/900] 6f4c10a3-ed2d-4b47-b298-03bebf77ea2d: 252 groups; 0.8 s; peak memory 428 MiB.
2026-10-08T11:16:46Z INFO [210/900] 6f4c213f-f0a3-401e-a18c-ad2e2dc373c3: 22 groups; 0.9 s; peak memory 428 MiB.
2026-10-08T11:16:48Z INFO [211/900] 6f4c34b1-6e70-4e55-bed7-c649bf4fa434: 196 groups; 1.4 s; peak memory 428 MiB.
2026-10-08T11:16:48Z INFO [212/900] 6f4c3b46-871f-48e7-9f66-0d616000db27: 16 groups; 0.6 s; peak memory 428 MiB.
2026-10-08T11:16:49Z INFO [213/900] 6f4de55e-16c1-470b-ba30-e3705633856a: 103 groups; 0.9 s; peak memory 428 MiB.
2026-10-08T11:16:51Z INFO [214/900] 6f4dfc9c-b71e-43b7-a91b-584a62ede84f: 341 groups; 1.6 s; peak memory 428 MiB.
2026-10-08T11:16:56Z INFO [215/900] 6f4e60b4-7755-4e98-affc-86d6f5ec2356: 66 groups; 5.3 s; peak memory 428 MiB.
2026-10-08T11:16:57Z INFO [216/900] 6f4ea0d2-61c5-4cb1-a185-64a2451f1e17: 252 groups; 0.9 s; peak memory 428 MiB.
2026-10-08T11:16:58Z INFO [217/900] 6f4ed908-4035-4cb8-8feb-4a6f10ea6546: 32 groups; 1.0 s; peak memory 428 MiB.
2026-10-08T11:16:59Z INFO [218/900] 6f4f20ff-4a8f-454a-9041-8d3edb105306: 28 groups; 1.0 s; peak memory 428 MiB.
2026-10-08T11:17:00Z INFO [219/900] 6f4f6ecc-2727-4f78-a3e3-df62bef9ad05: 48 groups; 1.4 s; peak memory 428 MiB.
2026-10-08T11:19:19Z INFO [220/900] 6f4ff83c-61c0-40e4-ad47-b8d6accd23a5: 60 groups; 139.1 s; peak memory 428 MiB.
2026-10-08T11:19:20Z INFO [221/900] 6f50b62f-5d90-40c6-a24c-b1045c91d623: 27 groups; 1.0 s; peak memory 428 MiB.
2026-10-08T11:19:23Z INFO [222/900] 6f50e28a-1626-470e-b2d5-e34ff976af33: 194 groups; 2.5 s; peak memory 428 MiB.
2026-10-08T11:19:24Z INFO [223/900] 6f51c116-cdad-4298-858e-5f6b071e6b98: 194 groups; 1.2 s; peak memory 428 MiB.
2026-10-08T11:19:26Z INFO [224/900] 6f51e9a4-3e55-4175-9810-5f66fdb494f2: 35 groups; 1.4 s; peak memory 428 MiB.
2026-10-08T11:19:27Z INFO [225/900] 6f51ff73-5730-48f5-a20c-d5fad4a6cdc9: 62 groups; 1.8 s; peak memory 428 MiB.
2026-10-08T11:19:29Z INFO [226/900] 6f522bf3-6d01-4249-b650-38dea4afecc4: 35 groups; 1.3 s; peak memory 428 MiB.
2026-10-08T11:19:30Z INFO [227/900] 6f522f1e-c037-4b49-93b6-4aeb20aef117: 35 groups; 1.2 s; peak memory 428 MiB.
2026-10-08T11:19:31Z INFO [228/900] 6f527e4e-2d65-4598-8785-ca61cea234e3: 341 groups; 1.5 s; peak memory 428 MiB.
2026-10-08T11:19:33Z INFO [229/900] 6f52997b-484d-4359-860e-c008e71de9d3: 54 groups; 2.1 s; peak memory 428 MiB.
2026-10-08T11:19:35Z INFO [230/900] 6f52d979-80cb-4ddf-9f5c-ae40234fe182: 21 groups; 1.1 s; peak memory 428 MiB.
2026-10-08T11:19:36Z INFO [231/900] 6f5324f0-a76d-47a2-b22b-d5df87e4c1c3: 32 groups; 1.1 s; peak memory 428 MiB.
2026-10-08T11:19:36Z INFO [232/900] 6f536c12-76be-4039-9c83-8acc7e0a599e: 30 groups; 0.7 s; peak memory 428 MiB.
2026-10-08T11:19:38Z INFO [233/900] 6f537ac6-6451-4441-8e8f-ebdf565ec223: 35 groups; 1.3 s; peak memory 428 MiB.
2026-10-08T11:19:51Z INFO [234/900] 6f53fa2b-b173-4d61-bcb2-fec4206aeb95: 520 groups; 13.1 s; peak memory 428 MiB.
2026-10-08T11:19:53Z INFO [235/900] 6f542b28-915a-40ce-b8ac-cde086777e12: 50 groups; 2.3 s; peak memory 428 MiB.
2026-10-08T11:19:54Z INFO [236/900] 6f54ff4d-2cbd-454f-b849-bd39c8401742: 108 groups; 1.3 s; peak memory 428 MiB.
2026-10-08T11:19:55Z INFO [237/900] 6f5541e4-3a12-440b-9bb5-077b758f0ac1: 29 groups; 1.0 s; peak memory 428 MiB.
2026-10-08T11:20:21Z INFO [238/900] 6f569e27-920d-46ae-8028-f9164d45b714: 23 groups; 25.5 s; peak memory 428 MiB.
2026-10-08T11:20:22Z INFO [239/900] 6f5766ed-bd2e-4537-89da-9114fee8b033: 32 groups; 1.1 s; peak memory 428 MiB.
2026-10-08T11:20:26Z INFO [240/900] 6f577b4c-031e-475d-ba2c-8c06f49a5c70: 17 groups; 3.8 s; peak memory 428 MiB.
2026-10-08T11:20:28Z INFO [241/900] 6f577f97-8bf2-46ff-b195-d77260d59245: 17 groups; 1.8 s; peak memory 428 MiB.
2026-10-08T11:20:55Z INFO [242/900] 6f57a8a3-2075-49c7-aef1-d80ac3c668d2: 23 groups; 27.4 s; peak memory 428 MiB.
2026-10-08T11:20:56Z INFO [243/900] 6f57b22f-975f-4b99-91d3-de5a21c3cfd8: 32 groups; 1.1 s; peak memory 428 MiB.
2026-10-08T11:20:58Z INFO [244/900] 6f57e2b3-6189-436b-aaed-58e9c7cd3145: 48 groups; 1.8 s; peak memory 428 MiB.
2026-10-08T11:20:59Z INFO [245/900] 6f586b9c-3ee4-48a3-aa89-bbb9dc2b53b8: 22 groups; 0.9 s; peak memory 428 MiB.
2026-10-08T11:21:00Z INFO [246/900] 6f58d5ba-9fab-4318-8fc2-363ab7a1f36f: 33 groups; 0.9 s; peak memory 428 MiB.
2026-10-08T11:21:00Z INFO [247/900] 6f591431-22b4-4de3-b052-ddc472d0e038: 18 groups; 0.8 s; peak memory 428 MiB.
2026-10-08T11:21:02Z INFO [248/900] 6f59fd89-a663-406b-84fe-cdde58343beb: 33 groups; 1.4 s; peak memory 428 MiB.
2026-10-08T11:21:03Z INFO [249/900] 6f5a9677-9622-467c-9111-12fc5eedbd06: 36 groups; 1.0 s; peak memory 428 MiB.
2026-10-08T11:21:07Z INFO [250/900] 6f5ad0cf-5b5d-4e4a-932c-cbc06c6124cb: 119 groups; 4.1 s; peak memory 428 MiB.
2026-10-08T11:21:07Z INFO [250/900] 6f5ad0cf-5b5d-4e4a-932c-cbc06c6124cb: checkpointed 100586 records.
2026-10-08T11:21:11Z INFO [251/900] 6f5b887f-0b7e-4290-aa8f-e869ed23f7aa: 138 groups; 4.1 s; peak memory 428 MiB.
2026-10-08T11:21:12Z INFO [252/900] 6f5ba768-3d7b-48ca-ac7a-bbb41cfbfb5b: 22 groups; 0.9 s; peak memory 428 MiB.
2026-10-08T11:21:13Z INFO [253/900] 6f5bee20-a4e0-4009-bfb8-83c6414388ba: 22 groups; 0.7 s; peak memory 428 MiB.
2026-10-08T11:21:18Z INFO [254/900] 6f5d6422-3978-4fe6-aabe-84cbac7781b1: 47 groups; 4.5 s; peak memory 428 MiB.
2026-10-08T11:21:18Z INFO [255/900] 6f5dadd0-8a49-4ff8-ab3a-6818289c6685: 22 groups; 1.0 s; peak memory 428 MiB.
2026-10-08T11:21:20Z INFO [256/900] 6f5e893b-be76-4154-b053-f6a749920a56: 50 groups; 2.0 s; peak memory 428 MiB.
2026-10-08T11:21:21Z INFO [257/900] 6f60a9be-35f5-4d7d-8478-0298bd13a53c: 16 groups; 0.7 s; peak memory 428 MiB.
2026-10-08T11:21:23Z INFO [258/900] 6f61bfcc-3c19-4a94-926c-dab650d368a8: 341 groups; 1.6 s; peak memory 428 MiB.
2026-10-08T11:21:25Z INFO [259/900] 6f62af11-09ae-4982-986e-8833f7add2d0: 50 groups; 2.6 s; peak memory 428 MiB.
2026-10-08T11:21:27Z INFO [260/900] 6f62ca3d-a901-433b-bb93-5d07ec521d15: 25 groups; 1.2 s; peak memory 428 MiB.
2026-10-08T11:21:28Z INFO [261/900] 6f63bd3e-2dc0-42df-8080-ed48026835ec: 101 groups; 0.9 s; peak memory 428 MiB.
2026-10-08T11:21:34Z INFO [262/900] 6f642e88-135f-438f-8392-23eca9283eb9: 208 groups; 6.3 s; peak memory 428 MiB.
2026-10-08T11:21:35Z INFO [263/900] 6f645b48-d8d7-414a-84f4-246a094c88d5: 32 groups; 1.0 s; peak memory 428 MiB.
2026-10-08T11:21:36Z INFO [264/900] 6f65014f-20a1-4002-a1c9-f427f8216ea2: 22 groups; 0.7 s; peak memory 428 MiB.
2026-10-08T11:21:49Z INFO [265/900] 6f655fb6-9d1d-4d0d-84fd-d6f1f7a52808: 22 groups; 14.0 s; peak memory 428 MiB.
2026-10-08T11:21:51Z INFO [266/900] 6f66ec7d-9cd7-4807-aa40-1dd6301437bc: 22 groups; 1.0 s; peak memory 428 MiB.
2026-10-08T11:21:55Z INFO [267/900] 6f66f9ee-63bb-4899-9e70-e669dd507d8d: 47 groups; 4.0 s; peak memory 428 MiB.
2026-10-08T11:21:56Z INFO [268/900] 6f682f4e-ff35-4724-9787-c2f19f90fc09: 48 groups; 1.6 s; peak memory 428 MiB.
2026-10-08T11:21:57Z INFO [269/900] 6f68a27c-a7bf-4ff2-9ca8-0a885fdf812f: 22 groups; 0.7 s; peak memory 428 MiB.
2026-10-08T11:21:58Z INFO [270/900] 6f69e363-5d83-4f1c-8f3b-4501a450c49f: 22 groups; 0.8 s; peak memory 428 MiB.
2026-10-08T11:21:59Z INFO [271/900] 6f6a45ee-c58c-4721-9e21-96cc2400ae68: 22 groups; 0.9 s; peak memory 428 MiB.
2026-10-08T11:22:00Z INFO [272/900] 6f6a53dc-a766-481b-9cbf-9d46879366b9: 32 groups; 0.9 s; peak memory 428 MiB.
2026-10-08T11:22:00Z INFO [273/900] 6f6b52f0-247d-47fa-b6e3-24d41451f8bd: 16 groups; 0.6 s; peak memory 428 MiB.
2026-10-08T11:22:01Z INFO [274/900] 6f6c2916-c97e-433e-8c7d-b308da5200ef: 32 groups; 0.9 s; peak memory 428 MiB.
2026-10-08T11:22:02Z INFO [275/900] 6f6d854e-9237-476b-b763-94f5589e1652: 28 groups; 0.8 s; peak memory 428 MiB.
2026-10-08T11:22:03Z INFO [276/900] 6f6db766-3cc9-4bc0-a1a6-9e2920f5840a: 32 groups; 0.9 s; peak memory 428 MiB.
2026-10-08T11:22:03Z INFO [277/900] 6f6dc791-b876-4143-b30d-89879c91831f: 16 groups; 0.7 s; peak memory 428 MiB.
2026-10-08T11:22:04Z INFO [278/900] 6f6e2fd4-459b-4732-bcf6-79d98b9f98ac: 22 groups; 0.8 s; peak memory 428 MiB.
2026-10-08T11:22:05Z INFO [279/900] 6f70f500-218d-4021-b2fd-a49b76a04796: 32 groups; 1.0 s; peak memory 428 MiB.
2026-10-08T11:22:06Z INFO [280/900] 6f71e00b-68c6-456b-9ff8-09c3f450c727: 16 groups; 0.5 s; peak memory 428 MiB.
2026-10-08T11:22:07Z INFO [281/900] 6f72d3ca-028e-4d9a-8f07-6cd0e11a55c5: 195 groups; 1.2 s; peak memory 428 MiB.
2026-10-08T11:22:07Z INFO [282/900] 6f73b4f1-4379-43c8-ba92-526aab69019f: 16 groups; 0.5 s; peak memory 428 MiB.
2026-10-08T11:22:08Z INFO [283/900] 6f73d3c4-597f-4bf7-b9e9-150f2474ebc7: 22 groups; 1.0 s; peak memory 428 MiB.
2026-10-08T11:22:09Z INFO [284/900] 6f744747-438b-44d0-86cc-4e9e613b0c90: 35 groups; 1.0 s; peak memory 428 MiB.
2026-10-08T11:24:30Z INFO [285/900] 6f74668d-20af-4e5a-a451-c584eee5463d: 89 groups; 140.5 s; peak memory 428 MiB.
2026-10-08T11:24:34Z INFO [286/900] 6f787add-2d03-477d-ae3f-ce5a1d7c3788: 118 groups; 4.3 s; peak memory 428 MiB.
2026-10-08T11:25:00Z INFO [287/900] 6f788791-7c4e-480e-a392-189ee8dbe3cf: 23 groups; 26.0 s; peak memory 428 MiB.
2026-10-08T11:25:01Z INFO [288/900] 6f7897a4-23a0-4ac9-81fd-5c57a4bd663f: 16 groups; 0.6 s; peak memory 428 MiB.
2026-10-08T11:25:02Z INFO [289/900] 6f7a08ed-c58e-4de7-b300-83915d5e8577: 22 groups; 0.6 s; peak memory 428 MiB.
2026-10-08T11:25:30Z INFO [290/900] 6f7a37f7-c96c-48fe-a78f-d78022d19b1b: 982 groups; 28.7 s; peak memory 428 MiB.
2026-10-08T11:25:32Z INFO [291/900] 6f7ad704-1997-493b-9f1b-29089ed7d3a8: 203 groups; 1.3 s; peak memory 428 MiB.
2026-10-08T11:25:32Z INFO [292/900] 6f7b4c48-6303-421d-afbf-ccf571b4d56a: 22 groups; 0.7 s; peak memory 428 MiB.
2026-10-08T11:26:20Z INFO [293/900] 6f7b69a7-67af-476f-bfe3-b925061a3975: 1134 groups; 48.1 s; peak memory 428 MiB.
2026-10-08T11:26:21Z INFO [294/900] 6f7dd3e9-d61c-4a60-854e-b52e621e696e: 22 groups; 0.9 s; peak memory 428 MiB.
2026-10-08T11:26:23Z INFO [295/900] 6f7e2dcd-0cdf-4ff0-aace-57c35d057d10: 54 groups; 1.7 s; peak memory 428 MiB.
2026-10-08T11:26:27Z INFO [296/900] 6f7e7c92-1ecf-432b-a4c6-4274482dd3ce: 71 groups; 3.6 s; peak memory 428 MiB.
2026-10-08T11:26:28Z INFO [297/900] 6f7eb47b-828b-49d3-ad5a-037aee997867: 43 groups; 1.6 s; peak memory 428 MiB.
2026-10-08T11:26:29Z INFO [298/900] 6f7f3aed-e251-4c49-9d08-5fafc5525e9c: 22 groups; 0.8 s; peak memory 428 MiB.
2026-10-08T11:26:34Z INFO [299/900] 6f7fcaa2-0a96-45df-9ffb-30d268fa2dc2: 50 groups; 4.6 s; peak memory 428 MiB.
2026-10-08T11:26:57Z INFO [300/900] 6f7fe214-6393-40b3-a0be-0261b585cf18: 1022 groups; 22.9 s; peak memory 428 MiB.
2026-10-08T11:26:57Z INFO [300/900] 6f7fe214-6393-40b3-a0be-0261b585cf18: checkpointed 100636 records.
2026-10-08T11:26:59Z INFO [301/900] 6f802954-0d09-431d-ab74-e375a2763392: 48 groups; 1.9 s; peak memory 428 MiB.
2026-10-08T11:27:01Z INFO [302/900] 6f8036e2-66fe-4e45-92a6-b372a64d6466: 50 groups; 2.0 s; peak memory 428 MiB.
2026-10-08T11:27:02Z INFO [303/900] 6f8062cf-f1f9-448a-b267-d06fd4b24281: 32 groups; 1.0 s; peak memory 428 MiB.
2026-10-08T11:27:08Z INFO [304/900] 6f80f174-1c7a-4d48-b0d8-bf4fd117ed71: 120 groups; 6.6 s; peak memory 428 MiB.
2026-10-08T11:27:09Z INFO [305/900] 6f83135d-e892-41be-a2c0-c094685a1b02: 35 groups; 1.1 s; peak memory 428 MiB.
2026-10-08T11:27:10Z INFO [306/900] 6f838702-c83d-4622-aa9e-18eb45eeacfe: 32 groups; 1.0 s; peak memory 428 MiB.
2026-10-08T11:27:11Z INFO [307/900] 6f83e996-92b8-4fc7-ab0f-a207bc1c6a98: 22 groups; 0.9 s; peak memory 428 MiB.
2026-10-08T11:27:15Z INFO [308/900] 6f8437ae-0210-475f-a080-ec0d48c54992: 181 groups; 4.2 s; peak memory 428 MiB.
2026-10-08T11:27:16Z INFO [309/900] 6f848586-54f9-45a3-a742-e433f9820075: 16 groups; 0.6 s; peak memory 428 MiB.
2026-10-08T11:27:17Z INFO [310/900] 6f849a36-f4ad-45ce-9951-44be0fc23623: 35 groups; 1.3 s; peak memory 428 MiB.
2026-10-08T11:27:18Z INFO [311/900] 6f851712-2cd8-4898-bb43-9a4bc62d0385: 22 groups; 0.8 s; peak memory 428 MiB.
2026-10-08T11:27:19Z INFO [312/900] 6f856b78-1327-4a1b-8676-35ca7444f313: 34 groups; 0.9 s; peak memory 428 MiB.
2026-10-08T11:27:20Z INFO [313/900] 6f85779f-a917-4959-a8e1-7d324f9b96ea: 16 groups; 0.5 s; peak memory 428 MiB.
2026-10-08T11:27:20Z INFO [314/900] 6f858f37-2192-4277-a280-ce01fe3cd08a: 18 groups; 0.8 s; peak memory 428 MiB.
2026-10-08T11:27:21Z INFO [315/900] 6f876cfb-0aed-4453-af51-626b508b030d: 22 groups; 0.7 s; peak memory 428 MiB.
2026-10-08T11:27:22Z INFO [316/900] 6f88c892-50f4-4b16-ae45-fe8e206a0e9b: 29 groups; 1.1 s; peak memory 428 MiB.
2026-10-08T11:27:23Z INFO [317/900] 6f8a015d-1934-4317-9e8c-32cc3a01dd50: 199 groups; 1.2 s; peak memory 428 MiB.
2026-10-08T11:27:24Z INFO [318/900] 6f8a5bce-4d00-415b-87a8-b09ad64d33f6: 32 groups; 0.9 s; peak memory 428 MiB.
2026-10-08T11:27:27Z INFO [319/900] 6f8b0301-cb17-4966-8af8-9e1e00234dd1: 48 groups; 2.3 s; peak memory 428 MiB.
2026-10-08T11:27:31Z INFO [320/900] 6f8b7226-e8fa-4394-9990-4eb40800bd3b: 78 groups; 4.0 s; peak memory 428 MiB.
2026-10-08T11:27:32Z INFO [321/900] 6f8c6e6f-15ec-4486-a793-d3fc79d47216: 35 groups; 1.4 s; peak memory 428 MiB.
2026-10-08T11:27:37Z INFO [322/900] 6f8d4be7-35fb-442a-a572-1e545d68f2ee: 181 groups; 4.9 s; peak memory 428 MiB.
2026-10-08T11:27:38Z INFO [323/900] 6f8e78dd-e183-4a6a-a551-da8e42d1acb9: 32 groups; 1.1 s; peak memory 428 MiB.
2026-10-08T11:27:39Z INFO [324/900] 6f8ea59c-2675-46b8-a202-bcfbe9181bd9: 32 groups; 1.0 s; peak memory 428 MiB.
2026-10-08T11:27:40Z INFO [325/900] 6f8eadd8-5cf0-46b4-863e-bd20920d1f39: 32 groups; 1.1 s; peak memory 428 MiB.
2026-10-08T11:27:41Z INFO [326/900] 6f9064e6-e4bc-4f92-9774-993ea604914f: 35 groups; 1.1 s; peak memory 428 MiB.
2026-10-08T11:27:43Z INFO [327/900] 6f9078a1-5cfb-491c-a179-d895907b95ab: 36 groups; 1.3 s; peak memory 428 MiB.
2026-10-08T11:27:43Z INFO [328/900] 6f909fb0-8cec-4da2-bc6e-b5c817f975e2: 31 groups; 0.7 s; peak memory 428 MiB.
2026-10-08T11:27:45Z INFO [329/900] 6f90d605-b86a-4d9b-b4c5-5c5b350fc08b: 46 groups; 1.4 s; peak memory 428 MiB.
2026-10-08T11:27:47Z INFO [330/900] 6f9146d2-dbeb-419b-8b50-9204b7181f8d: 48 groups; 2.3 s; peak memory 428 MiB.
2026-10-08T11:27:48Z INFO [331/900] 6f9176eb-fda0-4c47-adc4-08e7ea0f7c2a: 22 groups; 0.8 s; peak memory 428 MiB.
2026-10-08T11:27:50Z INFO [332/900] 6f92f6f8-78a6-40df-918d-65a07a3d57ce: 31 groups; 1.7 s; peak memory 428 MiB.
2026-10-08T11:27:50Z INFO [333/900] 6f92faf3-d6f8-4baf-bf40-e1551a61750c: 17 groups; 0.6 s; peak memory 428 MiB.
2026-10-08T11:28:04Z INFO [334/900] 6f931ea9-89fd-44cd-8bc5-247df16eaaeb: 17 groups; 14.1 s; peak memory 428 MiB.
2026-10-08T11:28:05Z INFO [335/900] 6f9487d0-4d62-4972-b942-aa5cc71584a2: 255 groups; 1.1 s; peak memory 428 MiB.
2026-10-08T11:28:06Z INFO [336/900] 6f94f734-1ba0-4e05-ba31-d588a68c2506: 17 groups; 0.6 s; peak memory 428 MiB.
2026-10-08T11:28:28Z INFO [337/900] 6f952d94-f02a-4103-834f-49c729e339f4: 26 groups; 22.4 s; peak memory 428 MiB.
2026-10-08T11:28:30Z INFO [338/900] 6f9677af-52c5-41d0-bcd4-a94f25e0b6c6: 204 groups; 1.6 s; peak memory 428 MiB.
2026-10-08T11:28:31Z INFO [339/900] 6f9703d4-c844-43aa-b2a0-db5ad62d622f: 256 groups; 1.1 s; peak memory 428 MiB.
2026-10-08T11:28:33Z INFO [340/900] 6f975223-8d2a-4ecb-a8cf-bcf4b3258e16: 48 groups; 1.9 s; peak memory 428 MiB.
2026-10-08T11:28:34Z INFO [341/900] 6f97b6f3-c0f3-4c7b-9e60-c8ac24a86788: 33 groups; 1.2 s; peak memory 428 MiB.
2026-10-08T11:28:35Z INFO [342/900] 6f986501-6abe-4718-a032-104c47c43fc9: 22 groups; 0.9 s; peak memory 428 MiB.
2026-10-08T11:28:36Z INFO [343/900] 6f9a0af0-06ea-4a46-9020-5e387b547715: 30 groups; 0.8 s; peak memory 428 MiB.
2026-10-08T11:28:37Z INFO [344/900] 6f9a9d27-8b00-43c2-8a66-b509d14e56ed: 336 groups; 1.6 s; peak memory 428 MiB.
2026-10-08T11:28:38Z INFO [345/900] 6f9aaf64-49e0-494e-a809-237e5ce224cf: 24 groups; 0.7 s; peak memory 428 MiB.
2026-10-08T11:28:40Z INFO [346/900] 6f9be99f-0dde-4edd-8cee-06335b5618ef: 36 groups; 1.5 s; peak memory 428 MiB.
2026-10-08T11:29:10Z INFO [347/900] 6f9c5cfd-e542-41b2-ba96-7a8b1ae474b7: 102 groups; 30.7 s; peak memory 428 MiB.
2026-10-08T11:29:11Z INFO [348/900] 6f9cee43-8c77-4410-97fe-22cdee3c3686: 36 groups; 1.0 s; peak memory 428 MiB.
2026-10-08T11:29:12Z INFO [349/900] 6f9cf1f4-86fc-4bd1-84ba-d764e2bb80a7: 22 groups; 0.9 s; peak memory 428 MiB.
2026-10-08T11:29:13Z INFO [350/900] 6f9d1c67-e058-4515-9dfe-e509dbd85708: 99 groups; 1.1 s; peak memory 428 MiB.
2026-10-08T11:29:14Z INFO [350/900] 6f9d1c67-e058-4515-9dfe-e509dbd85708: checkpointed 100686 records.
2026-10-08T11:29:14Z INFO [351/900] 6f9dc762-be18-459a-94b9-215d181600d7: 16 groups; 0.5 s; peak memory 428 MiB.
2026-10-08T11:29:15Z INFO [352/900] 6f9e6bed-6d21-4fdd-9aea-2530c2f72d79: 336 groups; 1.3 s; peak memory 428 MiB.
2026-10-08T11:29:16Z INFO [353/900] 6fa0607b-1633-4f56-817a-20288d6db1d2: 252 groups; 1.0 s; peak memory 428 MiB.
2026-10-08T11:29:18Z INFO [354/900] 6fa0f8e0-dc49-48de-87da-8b894c6909e4: 195 groups; 1.3 s; peak memory 428 MiB.
2026-10-08T11:29:19Z INFO [355/900] 6fa18b34-4e8f-4cfe-bff5-6eb433801c3c: 203 groups; 1.0 s; peak memory 428 MiB.
2026-10-08T11:29:21Z INFO [356/900] 6fa1c9f8-b08a-4ff5-a876-5487406eaccc: 54 groups; 2.5 s; peak memory 428 MiB.
2026-10-08T11:29:28Z INFO [357/900] 6fa355c8-539d-43c0-bd8f-9a84cca7ecde: 70 groups; 6.6 s; peak memory 428 MiB.
2026-10-08T11:29:30Z INFO [358/900] 6fa427c1-83bd-411a-84c1-7326eedb4099: 48 groups; 2.2 s; peak memory 428 MiB.
2026-10-08T11:29:31Z INFO [359/900] 6fa42e02-1cf5-473d-a04f-fd4ea8065362: 25 groups; 0.9 s; peak memory 428 MiB.
2026-10-08T11:29:32Z INFO [360/900] 6fa57398-81be-46f2-a64b-c98ab3e1333d: 35 groups; 1.2 s; peak memory 428 MiB.
2026-10-08T11:29:33Z INFO [361/900] 6fa59fb8-b7cd-491d-93d3-e4579313a897: 103 groups; 1.1 s; peak memory 428 MiB.
2026-10-08T11:29:34Z INFO [362/900] 6fa6be32-7ab7-417d-8904-1d3e7656472f: 28 groups; 1.0 s; peak memory 428 MiB.
2026-10-08T11:29:35Z INFO [363/900] 6fa6d1c3-b326-4fd2-bbfb-2f5b01986655: 22 groups; 0.9 s; peak memory 428 MiB.
2026-10-08T11:29:36Z INFO [364/900] 6fa6e0e9-9173-4843-9c9e-291dc5df7a8d: 32 groups; 1.1 s; peak memory 428 MiB.
2026-10-08T11:29:37Z INFO [365/900] 6fa6e485-4dd0-4a6a-b4df-beb5fbbba100: 32 groups; 0.8 s; peak memory 428 MiB.
2026-10-08T11:29:38Z INFO [366/900] 6fa76fe2-ecd7-4fa9-b56d-197a736c0e60: 22 groups; 0.9 s; peak memory 428 MiB.
2026-10-08T11:29:39Z INFO [367/900] 6fa8cf1a-9348-41b3-83bf-9fe92ff817f5: 36 groups; 1.1 s; peak memory 428 MiB.
2026-10-08T11:29:40Z INFO [368/900] 6fa8eaa2-1c86-4efa-908e-e6eb58ddf498: 35 groups; 1.0 s; peak memory 428 MiB.
2026-10-08T11:29:41Z INFO [369/900] 6fa90456-a012-42fe-b69d-1749dbf14d04: 32 groups; 1.1 s; peak memory 428 MiB.
2026-10-08T11:29:42Z INFO [370/900] 6fa90615-5aa1-438c-add7-38b169885c86: 42 groups; 1.1 s; peak memory 428 MiB.
2026-10-08T11:29:43Z INFO [371/900] 6fa960a1-1acf-411e-b49d-e97a89c49dcf: 103 groups; 1.0 s; peak memory 428 MiB.
2026-10-08T11:29:43Z INFO [372/900] 6fa9c144-49e2-4ec8-83f7-b8bcb5836a4c: 18 groups; 0.6 s; peak memory 428 MiB.
2026-10-08T11:29:45Z INFO [373/900] 6fa9ee9c-1484-4c94-adf6-8f79d2d17cdd: 32 groups; 1.2 s; peak memory 428 MiB.
2026-10-08T11:29:46Z INFO [374/900] 6faa0a8b-39a4-49b2-bab6-9c12c3dce1bd: 33 groups; 0.9 s; peak memory 428 MiB.
2026-10-08T11:29:46Z INFO [375/900] 6fac5a29-62e1-4527-8273-8680048859bf: 21 groups; 0.9 s; peak memory 428 MiB.
2026-10-08T11:29:47Z INFO [376/900] 6fac8df7-0585-4752-bcce-4a0077ffe37c: 22 groups; 0.7 s; peak memory 428 MiB.
2026-10-08T11:29:48Z INFO [377/900] 6fac8f44-8fb4-472b-bcec-9c337472f9ba: 22 groups; 0.9 s; peak memory 428 MiB.
2026-10-08T11:29:49Z INFO [378/900] 6fad7833-1e1c-43b6-8284-af7e8671dad6: 147 groups; 1.0 s; peak memory 428 MiB.
2026-10-08T11:30:03Z INFO [379/900] 6fae6ecb-7e86-4b67-aff9-5b43e16bb92e: 253 groups; 14.1 s; peak memory 428 MiB.
2026-10-08T11:30:18Z INFO [380/900] 6faf23a7-215e-4f9a-a5f0-6454f8dc3780: 27 groups; 14.8 s; peak memory 428 MiB.
2026-10-08T11:30:19Z INFO [381/900] 6faf5e36-9637-44ab-988e-e297c8f25c8e: 22 groups; 0.7 s; peak memory 428 MiB.
2026-10-08T11:30:21Z INFO [382/900] 6faff647-afc4-467a-b604-39d5b257ff7f: 86 groups; 2.3 s; peak memory 428 MiB.
2026-10-08T11:30:26Z INFO [383/900] 6fb08b3c-763f-4946-a45e-74487b152111: 120 groups; 4.5 s; peak memory 428 MiB.
2026-10-08T11:30:40Z INFO [384/900] 6fb0d233-2ae6-44e5-befd-43cc8bed936f: 96 groups; 14.0 s; peak memory 428 MiB.
2026-10-08T11:30:40Z INFO [385/900] 6fb0efe5-2501-4fbb-a967-64faecda9d3e: 22 groups; 0.8 s; peak memory 428 MiB.
2026-10-08T11:30:48Z INFO [386/900] 6fb0f946-014b-4d2d-9103-bdb8f6870f35: 184 groups; 8.0 s; peak memory 428 MiB.
2026-10-08T11:31:02Z INFO [387/900] 6fb13667-29e7-47ee-8e5d-3513da7051d2: 453 groups; 13.2 s; peak memory 428 MiB.
2026-10-08T11:31:03Z INFO [388/900] 6fb1637f-a4ac-4d53-aea0-bfb09a1b4365: 99 groups; 1.2 s; peak memory 428 MiB.
2026-10-08T11:31:04Z INFO [389/900] 6fb1b6e9-3593-40c7-8cbd-4e4b7a9ba881: 28 groups; 0.9 s; peak memory 428 MiB.
2026-10-08T11:31:04Z INFO [390/900] 6fb23e16-2b03-42e6-9fc3-1c3b9ae86c9a: 22 groups; 0.9 s; peak memory 428 MiB.
2026-10-08T11:31:06Z INFO [391/900] 6fb347a1-030a-41e7-91a5-35577b7c0e30: 35 groups; 1.4 s; peak memory 428 MiB.
2026-10-08T11:31:07Z INFO [392/900] 6fb3d7aa-1389-4c54-b18e-4debe28565a8: 25 groups; 0.8 s; peak memory 428 MiB.
2026-10-08T11:31:09Z INFO [393/900] 6fb4b1ff-c6d5-4c5b-96fc-107a0c77182e: 81 groups; 2.8 s; peak memory 428 MiB.
2026-10-08T11:31:13Z INFO [394/900] 6fb4f09f-1157-4cda-a864-bf130fab5154: 54 groups; 3.2 s; peak memory 428 MiB.
2026-10-08T11:31:15Z INFO [395/900] 6fb575d0-e304-4bd6-9a27-cc30fa083477: 43 groups; 2.3 s; peak memory 428 MiB.
2026-10-08T11:31:16Z INFO [396/900] 6fb71242-b04c-48f2-a34f-98fbe41beeef: 22 groups; 1.0 s; peak memory 428 MiB.
2026-10-08T11:31:17Z INFO [397/900] 6fb7d8d6-68fa-4f20-8fef-b02506f85808: 16 groups; 1.1 s; peak memory 428 MiB.
2026-10-08T11:31:18Z INFO [398/900] 6fb99166-825d-4455-8066-295b755265e2: 22 groups; 1.0 s; peak memory 428 MiB.
2026-10-08T11:31:19Z INFO [399/900] 6fb9af97-dd40-4904-a936-81f6c572a66b: 22 groups; 0.8 s; peak memory 428 MiB.
2026-10-08T11:31:23Z INFO [400/900] 6fb9b880-9cdf-4ae2-aed1-5c98806d7875: 78 groups; 3.8 s; peak memory 428 MiB.
2026-10-08T11:31:23Z INFO [400/900] 6fb9b880-9cdf-4ae2-aed1-5c98806d7875: checkpointed 100736 records.
2026-10-08T11:31:24Z INFO [401/900] 6fba1c61-d308-4eed-ad6d-b1e8532a5ab0: 35 groups; 1.2 s; peak memory 428 MiB.
2026-10-08T11:31:25Z INFO [402/900] 6fbb629d-c668-428a-9b38-c0f6d675c22c: 32 groups; 0.9 s; peak memory 428 MiB.
2026-10-08T11:31:26Z INFO [403/900] 6fbd8984-8b88-4ee3-8caf-adc910e6f743: 35 groups; 0.9 s; peak memory 428 MiB.
2026-10-08T11:31:27Z INFO [404/900] 6fbdcd3a-7b24-4abf-af0b-85bdd3a61b2b: 31 groups; 1.5 s; peak memory 428 MiB.
2026-10-08T11:31:28Z INFO [405/900] 6fbe3ea6-1bd4-45fe-ab56-3b936170045a: 32 groups; 1.1 s; peak memory 428 MiB.
2026-10-08T11:31:31Z INFO [406/900] 6fbea951-87a1-483a-8b75-07d3aba8a2fa: 42 groups; 2.1 s; peak memory 428 MiB.
2026-10-08T11:31:32Z INFO [407/900] 6fbf7659-b99b-4df9-b860-979c6c3c9f56: 32 groups; 1.0 s; peak memory 428 MiB.
2026-10-08T11:31:33Z INFO [408/900] 6fc01327-38ef-48b0-b180-30372d45e61f: 337 groups; 1.1 s; peak memory 428 MiB.
2026-10-08T11:31:34Z INFO [409/900] 6fc04e66-d284-47a2-a66c-ef7f89ebb9cf: 35 groups; 1.0 s; peak memory 428 MiB.
2026-10-08T11:31:35Z INFO [410/900] 6fc0c22c-ee63-48be-9538-63b4e3169556: 22 groups; 0.9 s; peak memory 428 MiB.
2026-10-08T11:31:35Z INFO [411/900] 6fc0cee6-0261-4950-919b-5fab25488514: 25 groups; 0.6 s; peak memory 428 MiB.
2026-10-08T11:31:37Z INFO [412/900] 6fc2e8af-4ca8-4400-b011-3dca55a06a2f: 35 groups; 1.5 s; peak memory 428 MiB.
2026-10-08T11:31:38Z INFO [413/900] 6fc2fa92-3bdd-4c06-8362-308d33abb506: 35 groups; 1.2 s; peak memory 428 MiB.
2026-10-08T11:33:46Z INFO [414/900] 6fc5e97a-8530-4fe4-879c-71d96fdce2c7: 69 groups; 128.5 s; peak memory 428 MiB.
2026-10-08T11:33:47Z INFO [415/900] 6fc5e99f-ce1e-43e4-936f-1185b5ab2451: 32 groups; 1.0 s; peak memory 428 MiB.
2026-10-08T11:33:49Z INFO [416/900] 6fc659f4-6519-49f5-9617-2f267712ff82: 336 groups; 1.2 s; peak memory 428 MiB.
2026-10-08T11:33:52Z INFO [417/900] 6fc79361-70aa-4681-b0ac-2c783d424f16: 78 groups; 3.5 s; peak memory 428 MiB.
2026-10-08T11:34:03Z INFO [418/900] 6fc7dd0a-2adb-4d56-b83d-14d7e16da0f6: 211 groups; 10.7 s; peak memory 428 MiB.
2026-10-08T11:34:24Z INFO [419/900] 6fc7f898-0839-4924-a134-86832da35023: 157 groups; 21.3 s; peak memory 428 MiB.
2026-10-08T11:34:25Z INFO [420/900] 6fc89b78-e27e-448b-9e26-1d23fc64957b: 201 groups; 1.1 s; peak memory 428 MiB.
2026-10-08T11:34:27Z INFO [421/900] 6fc976dc-63ff-4b8b-84fa-c113800e4351: 37 groups; 1.5 s; peak memory 428 MiB.
2026-10-08T11:34:32Z INFO [422/900] 6fcac978-3164-498d-b67c-f0dd672c3363: 188 groups; 5.4 s; peak memory 428 MiB.
2026-10-08T11:34:33Z INFO [423/900] 6fcc31e6-eca6-474e-9173-884257cc49cf: 22 groups; 1.1 s; peak memory 428 MiB.
2026-10-08T11:34:35Z INFO [424/900] 6fcc33e4-c8ec-48d4-bc2e-eab41b360fe8: 24 groups; 1.3 s; peak memory 428 MiB.
2026-10-08T11:34:36Z INFO [425/900] 6fcc910c-1583-4792-b240-307ac59a631b: 48 groups; 1.6 s; peak memory 428 MiB.
2026-10-08T11:34:41Z INFO [426/900] 6fcce9fd-4273-405b-b582-7f505a302504: 1539 groups; 5.2 s; peak memory 428 MiB.
2026-10-08T11:34:42Z INFO [427/900] 6fcddce6-3fcf-4f27-80d7-2c02fe6e9917: 32 groups; 1.2 s; peak memory 428 MiB.
2026-10-08T11:34:45Z INFO [428/900] 6fcde5fc-342a-4ca6-aebe-7b2eb862e32d: 202 groups; 2.5 s; peak memory 428 MiB.
2026-10-08T11:34:46Z INFO [429/900] 6fcdf6cd-0604-4e31-a709-e448ff2af7d4: 35 groups; 1.2 s; peak memory 428 MiB.
2026-10-08T11:34:47Z INFO [430/900] 6fce1768-23c9-42ec-b6ba-71e285e6ae72: 37 groups; 1.0 s; peak memory 428 MiB.
2026-10-08T11:34:48Z INFO [431/900] 6fce972e-b08c-4a16-aab2-cf2141b8ddf0: 32 groups; 1.2 s; peak memory 428 MiB.
2026-10-08T11:34:50Z INFO [432/900] 6fcecbe6-d61f-498f-b5cc-562bc9421f7d: 200 groups; 1.8 s; peak memory 428 MiB.
2026-10-08T11:34:52Z INFO [433/900] 6fcfabee-5cd7-4946-bb96-ba7e84f9e247: 48 groups; 1.9 s; peak memory 428 MiB.
2026-10-08T11:34:53Z INFO [434/900] 6fcff83b-5503-4c8b-9eb7-d673c0538dcf: 22 groups; 1.0 s; peak memory 428 MiB.
2026-10-08T11:34:54Z INFO [435/900] 6fd036ba-f9fd-40ec-b18f-a8247fc08931: 32 groups; 0.8 s; peak memory 428 MiB.
2026-10-08T11:34:55Z INFO [436/900] 6fd14358-90c2-44e8-8821-303634c8fad7: 29 groups; 1.0 s; peak memory 428 MiB.
2026-10-08T11:35:16Z INFO [437/900] 6fd16ae7-10f0-4b08-a510-7734715a43df: 3534 groups; 21.3 s; peak memory 428 MiB.
2026-10-08T11:35:17Z INFO [438/900] 6fd1701a-5d7a-4daf-adcb-3afde8a29351: 22 groups; 0.9 s; peak memory 428 MiB.
2026-10-08T11:35:18Z INFO [439/900] 6fd313c4-5653-460b-b02c-815e748f7ee9: 22 groups; 0.8 s; peak memory 428 MiB.
2026-10-08T11:35:19Z INFO [440/900] 6fd3e1f1-2124-4ce0-8592-04aa1eb4124d: 17 groups; 1.5 s; peak memory 428 MiB.
2026-10-08T11:35:20Z INFO [441/900] 6fd3e2ee-9cd6-4faf-9687-e60a43a13684: 32 groups; 1.0 s; peak memory 428 MiB.
2026-10-08T11:35:21Z INFO [442/900] 6fd4e1ef-effd-4f34-bf47-1afdb2e090ac: 35 groups; 1.2 s; peak memory 428 MiB.
2026-10-08T11:35:22Z INFO [443/900] 6fd4e3a3-6663-4891-8a8f-1825a9f19536: 17 groups; 0.8 s; peak memory 428 MiB.
2026-10-08T11:35:36Z INFO [444/900] 6fd57938-1de3-4adb-9e53-f1167923af1c: 258 groups; 13.7 s; peak memory 428 MiB.
2026-10-08T11:35:37Z INFO [445/900] 6fd58b53-22d7-4579-a637-d8f1e1ebc67f: 25 groups; 0.9 s; peak memory 428 MiB.
2026-10-08T11:35:53Z INFO [446/900] 6fd641e6-c519-464d-aa58-790fc2375b9d: 3140 groups; 15.7 s; peak memory 428 MiB.
2026-10-08T11:35:53Z INFO [447/900] 6fd670c3-3501-46d4-a061-5d571fa37eda: 22 groups; 0.9 s; peak memory 428 MiB.
2026-10-08T11:35:54Z INFO [448/900] 6fd8cd65-3af3-484f-b82b-64840c0187d4: 27 groups; 1.0 s; peak memory 428 MiB.
2026-10-08T11:35:56Z INFO [449/900] 6fd977f2-21fe-4bed-8a49-413e6c010fa6: 22 groups; 1.1 s; peak memory 428 MiB.
2026-10-08T11:35:56Z INFO [450/900] 6fda3fa0-ac11-4235-b24a-e04470b518ff: 22 groups; 0.8 s; peak memory 428 MiB.
2026-10-08T11:35:57Z INFO [450/900] 6fda3fa0-ac11-4235-b24a-e04470b518ff: checkpointed 100786 records.
2026-10-08T11:36:01Z INFO [451/900] 6fda84e8-d11f-4aba-8d4b-f94929b131b9: 181 groups; 4.7 s; peak memory 428 MiB.
2026-10-08T11:36:03Z INFO [452/900] 6fdb9cca-27f6-4b00-b654-a554c3c3ac8c: 17 groups; 1.8 s; peak memory 428 MiB.
2026-10-08T11:36:04Z INFO [453/900] 6fdbc7a2-1d7d-4590-abed-3ef42bec3a66: 259 groups; 1.4 s; peak memory 428 MiB.
2026-10-08T11:36:05Z INFO [454/900] 6fdd8e2b-f96f-4f04-a33b-52f621a3dc3c: 32 groups; 1.0 s; peak memory 428 MiB.
2026-10-08T11:36:06Z INFO [455/900] 6fdd9ccf-4e44-4535-9c05-6aab0d39c197: 33 groups; 1.0 s; peak memory 428 MiB.
2026-10-08T11:36:33Z INFO [456/900] 6fde50a3-9247-447e-ab1b-ecd9d5673315: 23 groups; 27.0 s; peak memory 428 MiB.
2026-10-08T11:36:34Z INFO [457/900] 6fdeba90-92fb-48e7-be0b-64178f0aa726: 35 groups; 1.0 s; peak memory 428 MiB.
2026-10-08T11:36:36Z INFO [458/900] 6fdec22f-ddd8-46a2-a7b7-a57253490a1f: 64 groups; 2.1 s; peak memory 428 MiB.
2026-10-08T11:37:28Z INFO [459/900] 6fdff2b4-c17c-4de3-a5f2-6ae36b49feef: 27 groups; 51.4 s; peak memory 428 MiB.
2026-10-08T11:37:30Z INFO [460/900] 6fe0e3bc-7910-406f-b39f-3117e14eeb0d: 48 groups; 1.6 s; peak memory 428 MiB.
2026-10-08T11:37:31Z INFO [461/900] 6fe1b033-81a2-41cf-8e55-d24af761bdf3: 49 groups; 1.6 s; peak memory 428 MiB.
2026-10-08T11:37:44Z INFO [462/900] 6fe2030a-c0ce-473a-913f-19bbc78a33f7: 112 groups; 12.8 s; peak memory 428 MiB.
2026-10-08T11:37:49Z INFO [463/900] 6fe230e3-d632-4106-8d0e-a8ff028f2f1d: 57 groups; 5.2 s; peak memory 428 MiB.
2026-10-08T11:41:05Z INFO [464/900] 6fe36830-b8c5-40f5-9dbb-0cda83b04c98: 42 groups; 196.1 s; peak memory 1230 MiB.
2026-10-08T11:41:06Z INFO [465/900] 6fe5034e-e5ca-4f18-b882-d3b53fe2d9de: 32 groups; 1.1 s; peak memory 1230 MiB.
2026-10-08T11:41:35Z INFO [466/900] 6fe51afc-c827-4c00-b973-4b2852367641: 39 groups; 28.5 s; peak memory 1230 MiB.
2026-10-08T11:41:36Z INFO [467/900] 6fe5bf16-0ecc-490b-a879-9ac8cd9e11f5: 28 groups; 0.7 s; peak memory 1230 MiB.
2026-10-08T11:42:37Z INFO [468/900] 6fe60bfc-660f-4044-b96f-cdd7264a22e5: 32 groups; 61.5 s; peak memory 1230 MiB.
2026-10-08T11:42:38Z INFO [469/900] 6fe6b769-737b-4f6b-b397-ebb4fa4fa8df: 20 groups; 1.1 s; peak memory 1230 MiB.
2026-10-08T11:42:43Z INFO [470/900] 6fe72fc3-8cf9-42a6-982a-fd087a73d258: 64 groups; 5.3 s; peak memory 1230 MiB.
2026-10-08T11:42:57Z INFO [471/900] 6fe740ae-4909-445c-8e37-3b0267b88064: 325 groups; 13.9 s; peak memory 1230 MiB.
2026-10-08T11:43:00Z INFO [472/900] 6fe85b3b-1ed3-4041-b934-11f07ddad408: 25 groups; 3.1 s; peak memory 1230 MiB.
2026-10-08T11:43:02Z INFO [473/900] 6fe99c4a-e55a-446c-aaef-e162e3df681d: 46 groups; 1.8 s; peak memory 1230 MiB.
2026-10-08T11:43:03Z INFO [474/900] 6fe9da22-179b-4b25-8dcf-ebb205a5c7ea: 32 groups; 0.8 s; peak memory 1230 MiB.
2026-10-08T11:43:05Z INFO [475/900] 6fe9f52d-af51-4b91-9c28-08f8cc0a4d72: 50 groups; 2.4 s; peak memory 1230 MiB.
2026-10-08T11:43:06Z INFO [476/900] 6fe9f7ae-387b-4ebf-bfe4-80f61c39e3eb: 32 groups; 1.0 s; peak memory 1230 MiB.
2026-10-08T11:43:08Z INFO [477/900] 6fea45a1-4df0-4ba4-95db-14b2fc0c35fe: 203 groups; 1.3 s; peak memory 1230 MiB.
2026-10-08T11:43:08Z INFO [478/900] 6fec7080-c1f1-4ece-9ce9-988e66270a15: 26 groups; 0.6 s; peak memory 1230 MiB.
2026-10-08T11:44:33Z INFO [479/900] 6fecd619-905a-4d3c-a998-89fa92d00d0a: 2232 groups; 85.1 s; peak memory 1230 MiB.
2026-10-08T11:44:34Z INFO [480/900] 6fecddb4-3c13-4c25-b466-d7d504f4b718: 29 groups; 1.0 s; peak memory 1230 MiB.
2026-10-08T11:44:36Z INFO [481/900] 6fedc994-7660-480e-9b98-8e71ef8ab0b4: 200 groups; 1.5 s; peak memory 1230 MiB.
2026-10-08T11:44:38Z INFO [482/900] 6fee0df0-4013-496c-882f-43e5fe25fb79: 50 groups; 2.4 s; peak memory 1230 MiB.
2026-10-08T11:44:40Z INFO [483/900] 6fee634d-51a0-42df-9569-64b0a9418746: 35 groups; 1.2 s; peak memory 1230 MiB.
2026-10-08T11:44:41Z INFO [484/900] 6fee8f91-0a08-4283-b49a-15b77e1d657f: 341 groups; 1.6 s; peak memory 1230 MiB.
2026-10-08T11:44:43Z INFO [485/900] 6feeb336-16d1-44b2-8039-0a48bbf2bbdb: 202 groups; 1.6 s; peak memory 1230 MiB.
2026-10-08T11:44:47Z INFO [486/900] 6feee7e7-3ae7-4071-a194-785fcaf77df2: 126 groups; 4.6 s; peak memory 1230 MiB.
2026-10-08T11:44:48Z INFO [487/900] 6fef0588-443f-43ff-b1a2-f2d1af99c02f: 253 groups; 0.9 s; peak memory 1230 MiB.
2026-10-08T11:44:49Z INFO [488/900] 6fef421c-4795-4950-bfe6-161408866c1d: 22 groups; 1.0 s; peak memory 1230 MiB.
2026-10-08T11:45:03Z INFO [489/900] 6fefaaa9-4012-478e-9133-a8df7525cf08: 92 groups; 13.5 s; peak memory 1230 MiB.
2026-10-08T11:45:05Z INFO [490/900] 6fefcec7-625c-4afd-9f6d-d197ee05662c: 49 groups; 2.2 s; peak memory 1230 MiB.
2026-10-08T11:45:06Z INFO [491/900] 6fefed41-4d23-40ff-9693-17630cadc154: 22 groups; 0.9 s; peak memory 1230 MiB.
2026-10-08T11:45:07Z INFO [492/900] 6ff011ac-dc49-406c-adab-1c5fbd391712: 253 groups; 1.1 s; peak memory 1230 MiB.
2026-10-08T11:45:08Z INFO [493/900] 6ff1a971-b4f3-459e-a0fc-b147acf0c716: 194 groups; 1.2 s; peak memory 1230 MiB.
2026-10-08T11:45:09Z INFO [494/900] 6ff234ec-0e10-4be4-a28f-cb58ca6caf5f: 32 groups; 0.8 s; peak memory 1230 MiB.
2026-10-08T11:45:10Z INFO [495/900] 6ff291fa-93bf-4fae-9a99-eb39cc2a4c64: 22 groups; 0.8 s; peak memory 1230 MiB.
2026-10-08T11:45:11Z INFO [496/900] 6ff297b5-9c7d-4916-8f41-61174aa12f4a: 256 groups; 1.2 s; peak memory 1230 MiB.
2026-10-08T11:45:12Z INFO [497/900] 6ff2e695-3a9b-4966-a865-4a9a60452da6: 43 groups; 1.2 s; peak memory 1230 MiB.
2026-10-08T11:45:17Z INFO [498/900] 6ff35204-00ba-4f52-8b42-6a7a2fb25662: 34 groups; 5.0 s; peak memory 1230 MiB.
2026-10-08T11:45:18Z INFO [499/900] 6ff35717-0565-4643-818f-a520fa010cec: 35 groups; 1.2 s; peak memory 1230 MiB.
2026-10-08T11:45:19Z INFO [500/900] 6ff3ff58-79b9-473a-a8cc-00588dfc9ade: 103 groups; 1.0 s; peak memory 1230 MiB.
2026-10-08T11:45:20Z INFO [500/900] 6ff3ff58-79b9-473a-a8cc-00588dfc9ade: checkpointed 100836 records.
2026-10-08T11:45:23Z INFO [501/900] 6ff415d5-7e67-45b4-b1de-54d3f91b82a2: 17 groups; 3.3 s; peak memory 1230 MiB.
2026-10-08T11:45:24Z INFO [502/900] 6ff47305-e0d0-4061-bb4a-640e178d73d5: 337 groups; 1.4 s; peak memory 1230 MiB.
2026-10-08T11:45:25Z INFO [503/900] 6ff4ce05-8a43-4c22-8fb7-c30e0826ae02: 194 groups; 1.2 s; peak memory 1230 MiB.
2026-10-08T11:45:27Z INFO [504/900] 6ff58d5c-6434-430a-81f4-dbd60e543133: 67 groups; 2.1 s; peak memory 1230 MiB.
2026-10-08T11:45:29Z INFO [505/900] 6ff6a76b-9e7b-4afb-adc8-7976408b64e9: 43 groups; 1.5 s; peak memory 1230 MiB.
2026-10-08T11:45:31Z INFO [506/900] 6ff78c42-7c1c-492d-ac48-cf39f5a3870f: 46 groups; 2.5 s; peak memory 1230 MiB.
2026-10-08T11:45:32Z INFO [507/900] 6ff7a1a6-27ab-423a-95e8-01b7f8c696f8: 32 groups; 1.0 s; peak memory 1230 MiB.
2026-10-08T11:45:43Z INFO [508/900] 6ff7f8c4-b154-498e-a999-514a2ab3ada8: 266 groups; 11.0 s; peak memory 1230 MiB.
2026-10-08T11:45:44Z INFO [509/900] 6ff8835c-d2d7-4980-806a-7cc88c84e35f: 30 groups; 0.6 s; peak memory 1230 MiB.
2026-10-08T11:45:45Z INFO [510/900] 6ff8ae02-b46b-43e9-8f6c-6f2319e2881f: 32 groups; 0.9 s; peak memory 1230 MiB.
2026-10-08T11:45:46Z INFO [511/900] 6ff94d12-4dea-4a77-8a5c-ed328739f718: 28 groups; 0.8 s; peak memory 1230 MiB.
2026-10-08T11:45:47Z INFO [512/900] 6ff9af95-68e4-435c-90df-2cf55f767420: 32 groups; 1.0 s; peak memory 1230 MiB.
2026-10-08T11:45:48Z INFO [513/900] 6ffa3f2c-ceef-4706-a3a4-4fdb15704bbc: 24 groups; 0.8 s; peak memory 1230 MiB.
2026-10-08T11:45:48Z INFO [514/900] 6ffa5071-2d6a-4e22-93df-f554b3deca74: 32 groups; 1.0 s; peak memory 1230 MiB.
2026-10-08T11:45:57Z INFO [515/900] 6ffa6641-d133-49ad-bf80-b6a698db8b47: 273 groups; 8.6 s; peak memory 1230 MiB.
2026-10-08T11:45:58Z INFO [516/900] 6ffa668f-ac12-4365-b7c8-b2baf6ac4187: 32 groups; 0.8 s; peak memory 1230 MiB.
2026-10-08T11:45:59Z INFO [517/900] 6ffabede-e45f-4ce9-89c5-a4d6f17db58f: 37 groups; 1.6 s; peak memory 1230 MiB.
2026-10-08T11:46:00Z INFO [518/900] 6ffb5106-230d-43e5-a2c3-6999c861cf1e: 33 groups; 0.9 s; peak memory 1230 MiB.
2026-10-08T11:46:01Z INFO [519/900] 6ffb584c-ac5d-467e-9765-3172347029ec: 22 groups; 0.8 s; peak memory 1230 MiB.
2026-10-08T11:46:02Z INFO [520/900] 6ffc080a-a9a8-4bff-87a9-fa2f9f2c5b8b: 32 groups; 0.9 s; peak memory 1230 MiB.
2026-10-08T11:46:03Z INFO [521/900] 6ffcb039-fb42-4dd9-9518-d2f99b2155e2: 336 groups; 1.2 s; peak memory 1230 MiB.
2026-10-08T11:46:07Z INFO [522/900] 6ffd5f2b-160a-4381-8e70-12d800ef7c82: 78 groups; 3.6 s; peak memory 1230 MiB.
2026-10-08T11:46:08Z INFO [523/900] 6ffd6563-e380-4fb1-91f6-1b7846184c58: 194 groups; 1.5 s; peak memory 1230 MiB.
2026-10-08T11:46:09Z INFO [524/900] 6ffd8184-c57f-49ab-9642-df2221d2cf2b: 35 groups; 0.8 s; peak memory 1230 MiB.
2026-10-08T11:46:10Z INFO [525/900] 6ffeff10-2a6e-4e21-8418-622c68a1e723: 22 groups; 0.9 s; peak memory 1230 MiB.
2026-10-08T11:46:15Z INFO [526/900] 6fff52ed-b7ac-499b-b4ba-46fc661690f8: 47 groups; 4.6 s; peak memory 1230 MiB.
2026-10-08T11:46:23Z INFO [527/900] 70002eb4-c502-44cd-ba5c-fb32ef82ce66: 164 groups; 8.0 s; peak memory 1230 MiB.
2026-10-08T11:46:24Z INFO [528/900] 70005e16-4fa7-4286-8789-19e04c1b7af0: 22 groups; 0.9 s; peak memory 1230 MiB.
2026-10-08T11:46:24Z INFO [529/900] 700074f5-e872-4720-8b66-d8119f2de73e: 22 groups; 0.8 s; peak memory 1230 MiB.
2026-10-08T11:46:29Z INFO [530/900] 7000e6fa-d41a-46d1-890a-42c170155314: 139 groups; 4.3 s; peak memory 1230 MiB.
2026-10-08T11:52:46Z INFO [531/900] 7001107e-ba22-42a4-b54a-f09023fe9a47: 35 groups; 377.1 s; peak memory 1230 MiB.
2026-10-08T11:53:13Z INFO [532/900] 70014141-dfc8-4d13-956f-afe2fe20395c: 22 groups; 27.0 s; peak memory 1230 MiB.
2026-10-08T11:53:14Z INFO [533/900] 70018972-5e6e-472a-a4ce-c55f66eb93e9: 32 groups; 0.9 s; peak memory 1230 MiB.
2026-10-08T11:53:14Z INFO [534/900] 70022345-77a9-41a6-ad19-c169a3be7a46: 16 groups; 0.6 s; peak memory 1230 MiB.
2026-10-08T11:53:15Z INFO [535/900] 700229cf-1a3e-4725-8ab1-e7f119ca9636: 32 groups; 1.0 s; peak memory 1230 MiB.
2026-10-08T11:53:16Z INFO [536/900] 70026cfc-c108-40cb-99d9-a99304dac1cf: 32 groups; 1.1 s; peak memory 1230 MiB.
2026-10-08T11:53:17Z INFO [537/900] 70028e76-2a08-417a-8881-b8801fe83534: 22 groups; 0.9 s; peak memory 1230 MiB.
2026-10-08T11:53:18Z INFO [538/900] 7002be2f-173f-4b5d-bced-83866d81d533: 25 groups; 1.0 s; peak memory 1230 MiB.
2026-10-08T11:53:19Z INFO [539/900] 7002e937-1e6f-4833-b938-54358922ac95: 25 groups; 0.9 s; peak memory 1230 MiB.
2026-10-08T11:53:21Z INFO [540/900] 700303dd-55e6-4248-8968-8d979994ad36: 336 groups; 1.4 s; peak memory 1230 MiB.
2026-10-08T11:53:22Z INFO [541/900] 7003306f-59fc-4be5-932f-101a83d42deb: 253 groups; 1.0 s; peak memory 1230 MiB.
2026-10-08T11:53:22Z INFO [542/900] 7003343f-7ed9-4476-a10d-bb505c89bc67: 16 groups; 0.6 s; peak memory 1230 MiB.
2026-10-08T11:53:24Z INFO [543/900] 700414f3-c28b-4d5b-bbd2-3586a39c1e57: 54 groups; 1.7 s; peak memory 1230 MiB.
2026-10-08T11:53:25Z INFO [544/900] 70054e08-7b12-4ef6-baac-2363a5609b9f: 21 groups; 0.9 s; peak memory 1230 MiB.
2026-10-08T11:53:26Z INFO [545/900] 70074e0e-636a-4628-8392-19dbc489acb4: 35 groups; 1.0 s; peak memory 1230 MiB.
2026-10-08T11:53:27Z INFO [546/900] 700750a1-f4db-4985-91a4-6de3e7b9a6d3: 32 groups; 0.7 s; peak memory 1230 MiB.
2026-10-08T11:53:28Z INFO [547/900] 7007ed9e-5c14-4982-a7d8-c8b093beb5c0: 42 groups; 1.0 s; peak memory 1230 MiB.
2026-10-08T11:53:29Z INFO [548/900] 70094106-ab62-4180-b0e4-6ab418ae4097: 35 groups; 1.2 s; peak memory 1230 MiB.
2026-10-08T11:53:39Z INFO [549/900] 70095b4e-f73a-4378-a546-f030b0045865: 272 groups; 9.9 s; peak memory 1230 MiB.
2026-10-08T11:53:45Z INFO [550/900] 70097638-bde6-417e-80e9-e4db3c9d6b2c: 123 groups; 5.8 s; peak memory 1230 MiB.
2026-10-08T11:53:45Z INFO [550/900] 70097638-bde6-417e-80e9-e4db3c9d6b2c: checkpointed 100886 records.
2026-10-08T11:53:47Z INFO [551/900] 700991b8-861c-4b95-a550-eb1ef7629431: 206 groups; 1.9 s; peak memory 1230 MiB.
2026-10-08T11:53:55Z INFO [552/900] 700bf7b2-363c-48d0-9355-2fb4c0ac2522: 59 groups; 7.9 s; peak memory 1230 MiB.
2026-10-08T11:54:08Z INFO [553/900] 700c821f-4cca-4aa1-a742-582260a8ef3e: 148 groups; 13.6 s; peak memory 1230 MiB.
2026-10-08T11:54:11Z INFO [554/900] 700cd4f2-2d9c-478b-abf6-8cc7ee5fb0a8: 30 groups; 2.7 s; peak memory 1230 MiB.
2026-10-08T11:54:15Z INFO [555/900] 700d89a8-57f8-4a24-aed1-b5665ca73abc: 181 groups; 4.3 s; peak memory 1230 MiB.
2026-10-08T11:54:20Z INFO [556/900] 700e5935-9a18-4358-9fc8-0fb84a2216b1: 66 groups; 5.3 s; peak memory 1230 MiB.
2026-10-08T11:54:21Z INFO [557/900] 700ebd19-6eec-4b97-ac12-dc1335a148bc: 22 groups; 0.8 s; peak memory 1230 MiB.
2026-10-08T11:54:32Z INFO [558/900] 700f6367-c66d-4b95-b46f-9bec561566bd: 243 groups; 10.6 s; peak memory 1230 MiB.
2026-10-08T11:54:33Z INFO [559/900] 700f843d-9375-416c-9aaf-de54d0e5d85e: 22 groups; 0.9 s; peak memory 1230 MiB.
2026-10-08T11:54:33Z INFO [560/900] 700fbe29-442c-41e9-aad4-d53ff783930e: 22 groups; 0.8 s; peak memory 1230 MiB.
2026-10-08T11:54:34Z INFO [561/900] 700fcd79-1aa0-421c-8b6f-790aeb5a43bd: 33 groups; 1.0 s; peak memory 1230 MiB.
2026-10-08T11:54:39Z INFO [562/900] 7010161f-d488-425b-89b7-2db70a083517: 47 groups; 4.1 s; peak memory 1230 MiB.
2026-10-08T11:54:39Z INFO [563/900] 70104e71-9ddd-4012-a746-398c1de96785: 32 groups; 0.9 s; peak memory 1230 MiB.
2026-10-08T11:54:41Z INFO [564/900] 7010f6fd-6efc-4ae3-80c3-df899677f7ae: 35 groups; 1.2 s; peak memory 1230 MiB.
2026-10-08T11:54:49Z INFO [565/900] 7010fd50-9574-4731-ae3a-bf66c29ca587: 223 groups; 8.8 s; peak memory 1230 MiB.
2026-10-08T11:54:51Z INFO [566/900] 70115ef0-5eee-4dc1-bb62-7a77b46d2fae: 32 groups; 1.1 s; peak memory 1230 MiB.
2026-10-08T11:54:51Z INFO [567/900] 70120b34-c385-46f2-9b93-1845625b4631: 195 groups; 0.9 s; peak memory 1230 MiB.
2026-10-08T11:54:52Z INFO [568/900] 7013ecc0-e112-4930-b4d6-43981fd1210b: 22 groups; 0.7 s; peak memory 1230 MiB.
2026-10-08T11:54:53Z INFO [569/900] 7014616d-ea86-4548-9647-093c52407b29: 32 groups; 0.8 s; peak memory 1230 MiB.
2026-10-08T11:54:54Z INFO [570/900] 7014a66e-15cb-480f-a972-0e2941e8afaf: 22 groups; 0.7 s; peak memory 1230 MiB.
2026-10-08T11:54:54Z INFO [571/900] 70160974-8a76-4b2b-819d-0e91ca07b37c: 22 groups; 0.8 s; peak memory 1230 MiB.
2026-10-08T11:54:56Z INFO [572/900] 70163500-e4fd-4a6e-994f-f1edcf1413fa: 33 groups; 1.2 s; peak memory 1230 MiB.
2026-10-08T11:54:56Z INFO [573/900] 70170746-a7e1-439f-9e36-f46b238f41d5: 22 groups; 0.7 s; peak memory 1230 MiB.
2026-10-08T11:54:57Z INFO [574/900] 7017f52c-3b31-4ad5-94b9-c25c4a628c53: 31 groups; 1.0 s; peak memory 1230 MiB.
2026-10-08T11:54:58Z INFO [575/900] 7018a5d1-57cb-40a4-a071-efa957321424: 22 groups; 0.8 s; peak memory 1230 MiB.
2026-10-08T11:54:59Z INFO [576/900] 7018db80-ec8b-4fe3-915d-c5597a57e4e9: 35 groups; 1.2 s; peak memory 1230 MiB.
2026-10-08T11:55:00Z INFO [577/900] 701a11b7-44e5-4c74-9d78-93117b62671b: 16 groups; 0.6 s; peak memory 1230 MiB.
2026-10-08T11:55:01Z INFO [578/900] 701a2cfb-6ea7-48a5-a268-90f895d2751a: 103 groups; 0.7 s; peak memory 1230 MiB.
2026-10-08T11:55:08Z INFO [579/900] 701b4320-27cf-45f4-94ff-89809d9f3ab6: 68 groups; 7.0 s; peak memory 1230 MiB.
2026-10-08T11:55:09Z INFO [580/900] 701bb747-b79b-4000-a76b-8c1b3a94ba3c: 27 groups; 1.0 s; peak memory 1230 MiB.
2026-10-08T11:55:10Z INFO [581/900] 701c652b-7e18-40b2-9a5e-4c58c53c44b8: 36 groups; 1.3 s; peak memory 1230 MiB.
2026-10-08T11:55:11Z INFO [582/900] 701c6ad8-5498-4796-bdf3-e1b57c064429: 32 groups; 1.0 s; peak memory 1230 MiB.
2026-10-08T11:55:13Z INFO [583/900] 701c7cf4-ad1c-451c-9398-426aa645b07d: 49 groups; 1.5 s; peak memory 1230 MiB.
2026-10-08T11:55:24Z INFO [584/900] 701daf2d-7647-4b18-a4ce-7d22399ac8b3: 214 groups; 11.5 s; peak memory 1230 MiB.
2026-10-08T11:55:28Z INFO [585/900] 701dd2be-6aea-44c4-b9f4-cc034f4f69e2: 149 groups; 4.2 s; peak memory 1230 MiB.
2026-10-08T11:55:30Z INFO [586/900] 701e1475-cb2c-49f8-90dc-b37fbdefaa94: 200 groups; 1.4 s; peak memory 1230 MiB.
2026-10-08T11:55:31Z INFO [587/900] 701e2ddc-6b33-423d-9d18-3c355d4e7e4d: 32 groups; 1.0 s; peak memory 1230 MiB.
2026-10-08T11:55:32Z INFO [588/900] 701e384d-7423-4491-a072-eb07a9daa9c7: 32 groups; 1.3 s; peak memory 1230 MiB.
2026-10-08T11:55:34Z INFO [589/900] 701f2907-6006-4bd2-97b3-701fca8d56c6: 17 groups; 1.7 s; peak memory 1230 MiB.
2026-10-08T11:55:35Z INFO [590/900] 701f968a-3178-4f56-a57c-2b4f220b67b0: 28 groups; 1.1 s; peak memory 1230 MiB.
2026-10-08T11:55:36Z INFO [591/900] 7020944a-fad2-4ca3-a21a-7fb3ebed4cde: 337 groups; 1.4 s; peak memory 1230 MiB.
2026-10-08T11:55:37Z INFO [592/900] 70220c83-9aed-4f6d-9070-ef09e63f8e21: 36 groups; 1.1 s; peak memory 1230 MiB.
2026-10-08T11:55:38Z INFO [593/900] 7022e298-7094-431c-a0b6-45a985554777: 32 groups; 1.1 s; peak memory 1230 MiB.
2026-10-08T11:55:40Z INFO [594/900] 7023302e-1949-45af-b788-b205037181bb: 341 groups; 1.8 s; peak memory 1230 MiB.
2026-10-08T11:55:41Z INFO [595/900] 7023ca7b-27dd-4000-b884-8983886a974f: 31 groups; 0.7 s; peak memory 1230 MiB.
2026-10-08T11:55:42Z INFO [596/900] 7025de32-bca8-4821-b8c6-a4cbe589fb91: 22 groups; 0.8 s; peak memory 1230 MiB.
2026-10-08T11:55:43Z INFO [597/900] 7025e1ad-3165-48b6-a374-852515e5dd0b: 33 groups; 0.9 s; peak memory 1230 MiB.
2026-10-08T11:55:44Z INFO [598/900] 70261ab8-b491-4c4e-90bc-64382f426d03: 336 groups; 1.3 s; peak memory 1230 MiB.
2026-10-08T11:55:45Z INFO [599/900] 70265e71-4d5c-4a5f-968b-705a33b5d448: 18 groups; 0.7 s; peak memory 1230 MiB.
2026-10-08T11:55:45Z INFO [600/900] 7026c92c-ae3c-488b-b7cc-71d90de53abc: 25 groups; 0.8 s; peak memory 1230 MiB.
2026-10-08T11:55:46Z INFO [600/900] 7026c92c-ae3c-488b-b7cc-71d90de53abc: checkpointed 100936 records.
2026-10-08T11:55:47Z INFO [601/900] 7026d928-0fdd-4214-ba0b-647ef3d197b9: 32 groups; 1.3 s; peak memory 1230 MiB.
2026-10-08T11:55:51Z INFO [602/900] 70273ed1-a9f9-41e3-a243-bd8da89f4c63: 116 groups; 4.3 s; peak memory 1230 MiB.
2026-10-08T11:55:52Z INFO [603/900] 702857a5-eb5f-49ee-8fa0-292c2cfbe8f9: 24 groups; 1.1 s; peak memory 1230 MiB.
2026-10-08T11:59:59Z INFO [604/900] 702904b1-63fb-48be-a291-ab7f099a9164: 251 groups; 246.4 s; peak memory 1230 MiB.
2026-10-08T11:59:59Z INFO [605/900] 7029562f-486a-4a0e-9efc-4e2bb017ecef: 32 groups; 0.7 s; peak memory 1230 MiB.
2026-10-08T12:00:00Z INFO [606/900] 70299ce5-039b-4de0-95a0-f1ac2a23287d: 33 groups; 1.1 s; peak memory 1230 MiB.
2026-10-08T12:00:02Z INFO [607/900] 7029eb59-f1a4-48e2-abb1-c3c6c063fbd7: 32 groups; 1.1 s; peak memory 1230 MiB.
2026-10-08T12:00:03Z INFO [608/900] 702ba38f-03d4-4436-9968-5f5964790abb: 35 groups; 1.3 s; peak memory 1230 MiB.
2026-10-08T12:00:04Z INFO [609/900] 702c1f15-4426-4b67-8ff3-a20980058727: 32 groups; 1.1 s; peak memory 1230 MiB.
2026-10-08T12:00:06Z INFO [610/900] 702c3a86-17ca-4c1d-a0bd-7c58bbf4a3d8: 35 groups; 1.5 s; peak memory 1230 MiB.
2026-10-08T12:00:06Z INFO [611/900] 702ce84d-f255-4e5a-b426-a2ddef82a227: 22 groups; 0.9 s; peak memory 1230 MiB.
2026-10-08T12:00:07Z INFO [612/900] 702d7fd8-ae96-4e5d-a8c4-30a2e678eb0e: 35 groups; 1.0 s; peak memory 1230 MiB.
2026-10-08T12:00:08Z INFO [613/900] 702df033-e419-4e79-8b6b-96da670f82a4: 22 groups; 1.0 s; peak memory 1230 MiB.
2026-10-08T12:00:19Z INFO [614/900] 702e17af-673f-4027-9a29-4d3a5a67f952: 89 groups; 10.5 s; peak memory 1230 MiB.
2026-10-08T12:00:20Z INFO [615/900] 702e232b-c8e2-4fee-bac9-d98d2520c422: 35 groups; 1.3 s; peak memory 1230 MiB.
2026-10-08T12:00:28Z INFO [616/900] 702e6cc1-94f8-4ece-9008-e39182f90c69: 191 groups; 7.6 s; peak memory 1230 MiB.
2026-10-08T12:00:29Z INFO [617/900] 702ec1df-c2e2-4498-bd6c-098b12fba9e6: 25 groups; 0.8 s; peak memory 1230 MiB.
2026-10-08T12:00:30Z INFO [618/900] 702ee306-8cd6-49eb-a743-e8b177d9edbe: 32 groups; 1.2 s; peak memory 1230 MiB.
2026-10-08T12:00:32Z INFO [619/900] 702f6b46-f910-45d7-adf8-fad65e1290f7: 206 groups; 2.2 s; peak memory 1230 MiB.
2026-10-08T12:00:40Z INFO [620/900] 7030a3e2-d85f-4125-a921-5e6cf26f727b: 88 groups; 7.5 s; peak memory 1230 MiB.
2026-10-08T12:00:41Z INFO [621/900] 7031572d-e5c4-4f57-a0a9-7c0f375b0a8d: 36 groups; 1.2 s; peak memory 1230 MiB.
2026-10-08T12:00:42Z INFO [622/900] 70316e12-2a7d-4020-9983-d43c68ae7543: 32 groups; 1.2 s; peak memory 1230 MiB.
2026-10-08T12:00:43Z INFO [623/900] 7031bced-a30d-42fb-8a63-a1f46cd309a7: 22 groups; 1.0 s; peak memory 1230 MiB.
2026-10-08T12:00:44Z INFO [624/900] 7032f29c-19f4-4def-a90f-d5d6821d01df: 32 groups; 0.9 s; peak memory 1230 MiB.
2026-10-08T12:00:45Z INFO [625/900] 70348ffc-f1bd-4698-b134-ca97b26f8e5d: 22 groups; 0.9 s; peak memory 1230 MiB.
2026-10-08T12:00:51Z INFO [626/900] 70359e3f-5597-40ec-a939-4d72fbc5f2df: 163 groups; 6.1 s; peak memory 1230 MiB.
2026-10-08T12:00:52Z INFO [627/900] 70364b0f-0dc9-4dd3-805c-3d3c645407ce: 22 groups; 0.8 s; peak memory 1230 MiB.
2026-10-08T12:00:52Z INFO [628/900] 7036b003-674b-4e7b-afc9-fccd7abb53d1: 22 groups; 0.8 s; peak memory 1230 MiB.
2026-10-08T12:00:54Z INFO [629/900] 7036e77b-94e1-44d9-93b6-0ba919203e36: 27 groups; 1.4 s; peak memory 1230 MiB.
2026-10-08T12:03:12Z INFO [630/900] 7037f39c-45ff-4b34-9748-c12054e70642: 71 groups; 138.0 s; peak memory 1230 MiB.
2026-10-08T12:03:13Z INFO [631/900] 7038344a-31cd-4e2c-9369-d1732dc00025: 25 groups; 0.8 s; peak memory 1230 MiB.
2026-10-08T12:03:22Z INFO [632/900] 703856fd-f0c5-49eb-8a73-8034d96e3add: 193 groups; 8.9 s; peak memory 1230 MiB.
2026-10-08T12:03:22Z INFO [633/900] 703911a1-dba2-491a-a9b6-7e509e2fc843: 30 groups; 0.7 s; peak memory 1230 MiB.
2026-10-08T12:03:26Z INFO [634/900] 703a634c-bae0-486a-8f61-be6eb13ac7b9: 422 groups; 4.1 s; peak memory 1230 MiB.
2026-10-08T12:03:27Z INFO [635/900] 703a80f5-1ca5-40bc-8c6d-1dd15a60cd98: 32 groups; 0.9 s; peak memory 1230 MiB.
2026-10-08T12:03:29Z INFO [636/900] 703ad94f-d0f2-4962-8e24-bd66f2be8d69: 35 groups; 1.3 s; peak memory 1230 MiB.
2026-10-08T12:03:33Z INFO [637/900] 703af902-1bcb-4389-9e5d-d5d77b7c3b94: 181 groups; 4.4 s; peak memory 1230 MiB.
2026-10-08T12:03:45Z INFO [638/900] 703c6f68-d293-4a25-baa8-97f32a378b0e: 311 groups; 11.7 s; peak memory 1230 MiB.
2026-10-08T12:04:08Z INFO [639/900] 703c7052-dcf7-4aea-b966-02361f3f74a5: 2909 groups; 22.9 s; peak memory 1230 MiB.
2026-10-08T12:04:09Z INFO [640/900] 703d0da0-813a-4d67-96d5-58b32df4784e: 32 groups; 1.2 s; peak memory 1230 MiB.
2026-10-08T12:04:10Z INFO [641/900] 703d2b5a-7dad-46b6-9212-04002d69a4b0: 22 groups; 0.9 s; peak memory 1230 MiB.
2026-10-08T12:04:11Z INFO [642/900] 703d9c5e-e816-4b09-bc92-6d9b90730fe4: 22 groups; 1.1 s; peak memory 1230 MiB.
2026-10-08T12:04:12Z INFO [643/900] 703da1f9-31b8-47b8-b3b5-4ac1bbaf1a10: 32 groups; 1.2 s; peak memory 1230 MiB.
2026-10-08T12:04:13Z INFO [644/900] 703e9254-b194-4679-9c3a-4a3423ce01d9: 22 groups; 0.9 s; peak memory 1230 MiB.
2026-10-08T12:04:13Z INFO [645/900] 703f41c0-cb15-4ba6-8d59-a1cd416c606d: 17 groups; 0.7 s; peak memory 1230 MiB.
2026-10-08T12:04:15Z INFO [646/900] 703fb9dc-ab6c-47f9-b121-e58bbfc66fb0: 195 groups; 1.4 s; peak memory 1230 MiB.
2026-10-08T12:04:16Z INFO [647/900] 70409325-2e3c-4fb3-a360-e718f515d443: 34 groups; 1.0 s; peak memory 1230 MiB.
2026-10-08T12:04:21Z INFO [648/900] 7040a805-f825-4c04-b556-aa33325afaef: 105 groups; 4.8 s; peak memory 1230 MiB.
2026-10-08T12:04:22Z INFO [649/900] 7040d6c9-52cd-443e-8618-46f6136062ce: 29 groups; 1.0 s; peak memory 1230 MiB.
2026-10-08T12:04:23Z INFO [650/900] 70414a1a-22d7-4a2e-8467-40471935ec0b: 22 groups; 1.1 s; peak memory 1230 MiB.
2026-10-08T12:04:23Z INFO [650/900] 70414a1a-22d7-4a2e-8467-40471935ec0b: checkpointed 100986 records.
2026-10-08T12:04:24Z INFO [651/900] 70417f31-a9e0-423a-afc7-11e8a7992852: 32 groups; 1.1 s; peak memory 1230 MiB.
2026-10-08T12:04:26Z INFO [652/900] 70426159-48ca-4a35-8fde-258244f33d6d: 48 groups; 1.9 s; peak memory 1230 MiB.
2026-10-08T12:04:30Z INFO [653/900] 7042a51a-15bd-43c9-941a-fb9a59686463: 126 groups; 4.5 s; peak memory 1230 MiB.
2026-10-08T12:04:32Z INFO [654/900] 7042b536-ef2b-4116-877c-be55145e5a6e: 32 groups; 1.5 s; peak memory 1230 MiB.
2026-10-08T12:04:33Z INFO [655/900] 7042ef77-6c2f-4f51-823e-8e93491d3ea3: 29 groups; 1.2 s; peak memory 1230 MiB.
2026-10-08T12:04:36Z INFO [656/900] 7043b1db-bc30-410e-82b1-0bedce9b81b7: 71 groups; 3.2 s; peak memory 1230 MiB.
2026-10-08T12:04:38Z INFO [657/900] 70459371-8b95-4ce0-8a7c-d10636fc32f6: 341 groups; 1.3 s; peak memory 1230 MiB.
2026-10-08T12:04:39Z INFO [658/900] 7045a163-808e-4e1c-96dd-7b26513130ff: 202 groups; 1.3 s; peak memory 1230 MiB.
2026-10-08T12:04:40Z INFO [659/900] 7045abaa-b8ec-4470-84f5-7ed05d4a1c92: 32 groups; 0.8 s; peak memory 1230 MiB.
2026-10-08T12:04:41Z INFO [660/900] 7045e0a1-35f3-4239-abce-cc8563e7adbb: 32 groups; 1.0 s; peak memory 1230 MiB.
2026-10-08T12:04:42Z INFO [661/900] 70463b3c-bf5d-46cd-9438-ac55d09fb0cc: 32 groups; 1.0 s; peak memory 1230 MiB.
2026-10-08T12:04:42Z INFO [662/900] 70465bff-8769-480d-ac11-41ecc56685c0: 25 groups; 0.7 s; peak memory 1230 MiB.
2026-10-08T12:04:43Z INFO [663/900] 704692d8-d73c-4543-b6a5-8034ab90ec21: 22 groups; 0.6 s; peak memory 1230 MiB.
2026-10-08T12:04:47Z INFO [664/900] 70475271-f698-4c4a-acca-88b2f6c16d26: 78 groups; 4.3 s; peak memory 1230 MiB.
2026-10-08T12:05:08Z INFO [665/900] 7048276b-d04e-4392-af2a-4e23323ad45d: 26 groups; 21.2 s; peak memory 1230 MiB.
2026-10-08T12:05:16Z INFO [666/900] 70483547-a6bf-43be-87ae-a26ec6e42d8c: 76 groups; 7.8 s; peak memory 1230 MiB.
2026-10-08T12:05:17Z INFO [667/900] 70493165-c158-4111-9b48-30f3c58da538: 36 groups; 1.2 s; peak memory 1230 MiB.
2026-10-08T12:05:18Z INFO [668/900] 70495ca4-b636-48d7-ba8a-2ce18beb79b4: 22 groups; 0.9 s; peak memory 1230 MiB.
2026-10-08T12:05:20Z INFO [669/900] 704a0f54-98f0-4560-a7ce-ca034c431977: 35 groups; 1.3 s; peak memory 1230 MiB.
2026-10-08T12:05:21Z INFO [670/900] 704a3d1d-165b-44f4-af0e-06188b17b7c0: 32 groups; 1.0 s; peak memory 1230 MiB.
2026-10-08T12:05:22Z INFO [671/900] 704a4766-ab58-4bb5-9f90-cc106e57ecdc: 22 groups; 0.8 s; peak memory 1230 MiB.
2026-10-08T12:05:23Z INFO [672/900] 704ac206-de38-4135-b56c-170f92d3a92e: 33 groups; 1.3 s; peak memory 1230 MiB.
2026-10-08T12:05:24Z INFO [673/900] 704ad2e0-b3e4-47ba-8d42-a79e47012c5b: 32 groups; 1.0 s; peak memory 1230 MiB.
2026-10-08T12:05:25Z INFO [674/900] 704d0e26-c259-40e6-8dc4-112a926afce8: 22 groups; 0.8 s; peak memory 1230 MiB.
2026-10-08T12:05:26Z INFO [675/900] 704d9b4c-6a6a-4bc1-b7b7-002413850408: 34 groups; 1.8 s; peak memory 1230 MiB.
2026-10-08T12:05:27Z INFO [676/900] 704dd469-95f0-438a-964f-c508891c97c3: 18 groups; 0.7 s; peak memory 1230 MiB.
2026-10-08T12:05:28Z INFO [677/900] 704e032b-7674-4c20-8a69-8af98d1f24e7: 32 groups; 1.4 s; peak memory 1230 MiB.
2026-10-08T12:05:30Z INFO [678/900] 704e8dd3-d64a-4f60-9843-9f1d468f23c7: 202 groups; 1.1 s; peak memory 1230 MiB.
2026-10-08T12:05:30Z INFO [679/900] 704fc708-2b98-4759-be72-3b3268d02d5f: 22 groups; 0.8 s; peak memory 1230 MiB.
2026-10-08T12:05:31Z INFO [680/900] 70506012-eda6-43f7-8bd7-4b280f95cbf1: 17 groups; 0.8 s; peak memory 1230 MiB.
2026-10-08T12:05:32Z INFO [681/900] 705134cb-ec34-4b10-8dd2-2cefbcba6d60: 22 groups; 1.0 s; peak memory 1230 MiB.
2026-10-08T12:05:33Z INFO [682/900] 705241a6-56f8-4b93-bf4a-6528acf3833a: 32 groups; 0.9 s; peak memory 1230 MiB.
2026-10-08T12:05:33Z INFO [683/900] 7052c0e3-f176-4333-8486-2dd18c1bf5bf: 31 groups; 0.5 s; peak memory 1230 MiB.
2026-10-08T12:05:34Z INFO [684/900] 7052f13f-5695-41ec-9b9f-ecaf3ac23492: 16 groups; 0.7 s; peak memory 1230 MiB.
2026-10-08T12:05:35Z INFO [685/900] 7053fffa-a0d2-4189-92e9-a1ec56608b0e: 17 groups; 0.8 s; peak memory 1230 MiB.
2026-10-08T12:05:36Z INFO [686/900] 70541325-5f5c-45b6-9fcf-a7901f9013cd: 49 groups; 1.4 s; peak memory 1230 MiB.
2026-10-08T12:08:17Z INFO [687/900] 70550672-beb4-41e8-a5f7-b0234f8b790f: 87 groups; 161.0 s; peak memory 1230 MiB.
2026-10-08T12:08:19Z INFO [688/900] 7055eb8c-4c11-43aa-b193-ec25a85da4eb: 108 groups; 1.3 s; peak memory 1230 MiB.
2026-10-08T12:08:19Z INFO [689/900] 7056c439-0925-496f-b133-ba622fbeb626: 27 groups; 0.9 s; peak memory 1230 MiB.
2026-10-08T12:08:21Z INFO [690/900] 7056c564-6d78-4dc2-84aa-52e40b0a29ee: 104 groups; 1.2 s; peak memory 1230 MiB.
2026-10-08T12:08:22Z INFO [691/900] 7057f809-a976-479b-96e0-2af9c854e294: 194 groups; 1.1 s; peak memory 1230 MiB.
2026-10-08T12:08:23Z INFO [692/900] 70584c83-0840-44ee-a29b-1e91f085070c: 22 groups; 0.9 s; peak memory 1230 MiB.
2026-10-08T12:08:24Z INFO [693/900] 70588303-a1c1-458b-9b95-34e5880ec3f4: 201 groups; 1.2 s; peak memory 1230 MiB.
2026-10-08T12:08:25Z INFO [694/900] 70588b92-3058-4c5f-85b5-2233675d904b: 22 groups; 1.0 s; peak memory 1230 MiB.
2026-10-08T12:08:27Z INFO [695/900] 7058d494-c1fd-42d9-92cf-cee7a62ded0a: 202 groups; 1.8 s; peak memory 1230 MiB.
2026-10-08T12:09:13Z INFO [696/900] 7059142c-b922-415e-b797-055a8214a6db: 1524 groups; 46.3 s; peak memory 1230 MiB.
2026-10-08T12:09:17Z INFO [697/900] 7059c0dc-1ead-4a7e-83b8-a193f49eb50c: 57 groups; 4.3 s; peak memory 1230 MiB.
2026-10-08T12:11:39Z INFO [698/900] 705a59ed-2595-4596-bd37-70e6b26bff67: 60 groups; 141.3 s; peak memory 1230 MiB.
2026-10-08T12:11:40Z INFO [699/900] 705ad904-ab5e-41dd-adc6-bc3431b47736: 35 groups; 1.1 s; peak memory 1230 MiB.
2026-10-08T12:11:40Z INFO [700/900] 705afb66-e717-48ed-836d-1542399e334c: 22 groups; 0.9 s; peak memory 1230 MiB.
2026-10-08T12:11:41Z INFO [700/900] 705afb66-e717-48ed-836d-1542399e334c: checkpointed 101036 records.
2026-10-08T12:11:41Z INFO [701/900] 705bf3a6-0a08-4425-8bbc-08c1e118c17f: 16 groups; 0.7 s; peak memory 1230 MiB.
2026-10-08T12:11:43Z INFO [702/900] 705bfc76-0c3c-4252-925c-afa1a7cc4c87: 35 groups; 1.2 s; peak memory 1230 MiB.
2026-10-08T12:11:44Z INFO [703/900] 705c47df-5a88-445a-b8ac-29f1fa71da7f: 204 groups; 1.6 s; peak memory 1230 MiB.
2026-10-08T12:11:46Z INFO [704/900] 705e028e-2706-4d08-85c6-29f9401cf5ec: 48 groups; 2.1 s; peak memory 1230 MiB.
2026-10-08T12:11:48Z INFO [705/900] 705e6331-ddc8-4364-81f4-76bd7b1bc19b: 32 groups; 1.2 s; peak memory 1230 MiB.
2026-10-08T12:11:50Z INFO [706/900] 705eaae1-04cc-499a-92b1-98c7deda7438: 34 groups; 2.6 s; peak memory 1230 MiB.
2026-10-08T12:11:51Z INFO [707/900] 705ec373-bcaa-4d75-9bf1-6b9204bf95c9: 22 groups; 0.8 s; peak memory 1230 MiB.
2026-10-08T12:11:52Z INFO [708/900] 705eea3e-0951-4632-a656-150f1da11e2e: 32 groups; 1.1 s; peak memory 1230 MiB.
2026-10-08T12:11:53Z INFO [709/900] 705f5bbe-7fa4-4f9d-8f85-62e1dd55c9a2: 199 groups; 1.4 s; peak memory 1230 MiB.
2026-10-08T12:12:24Z INFO [710/900] 7060007f-8bf1-488b-bc6b-e5028c4d4050: 33 groups; 31.0 s; peak memory 1230 MiB.
2026-10-08T12:12:27Z INFO [711/900] 706031e7-5493-4d5a-8932-0a00c357f9f2: 121 groups; 3.2 s; peak memory 1230 MiB.
2026-10-08T12:12:29Z INFO [712/900] 70604020-3008-40ba-9335-e8989ad179b3: 35 groups; 1.2 s; peak memory 1230 MiB.
2026-10-08T12:12:30Z INFO [713/900] 7060d7c8-9aae-47bd-b7f4-76c31c8585a0: 22 groups; 1.1 s; peak memory 1230 MiB.
2026-10-08T12:12:31Z INFO [714/900] 706203a5-a140-4415-aba7-3c588cd3a609: 22 groups; 0.8 s; peak memory 1230 MiB.
2026-10-08T12:12:32Z INFO [715/900] 706215de-cf4f-45e2-9857-b6af9960f288: 35 groups; 1.2 s; peak memory 1230 MiB.
2026-10-08T12:12:33Z INFO [716/900] 706244eb-b52d-4951-9735-7998c519f5cc: 42 groups; 1.2 s; peak memory 1230 MiB.
2026-10-08T12:12:34Z INFO [717/900] 70626875-805b-4d65-9530-cf721c6f4ef9: 29 groups; 0.9 s; peak memory 1230 MiB.
2026-10-08T12:12:35Z INFO [718/900] 70627160-22d5-460a-99ee-3bae86750e86: 24 groups; 0.6 s; peak memory 1230 MiB.
2026-10-08T12:12:35Z INFO [719/900] 70627bf9-2213-4e35-bb7b-04221e4bc236: 29 groups; 0.8 s; peak memory 1230 MiB.
2026-10-08T12:12:36Z INFO [720/900] 70629c43-0ad2-40a3-bc8e-b6c9ac6a8980: 22 groups; 0.8 s; peak memory 1230 MiB.
2026-10-08T12:12:37Z INFO [721/900] 7062d021-23fa-4da7-9bc0-a18687e41239: 22 groups; 0.8 s; peak memory 1230 MiB.
2026-10-08T12:12:38Z INFO [722/900] 7063c7c4-134c-45a8-b13d-7ec3b4acc971: 207 groups; 1.4 s; peak memory 1230 MiB.
2026-10-08T12:12:39Z INFO [723/900] 7063d753-b41c-4a32-995e-c077c45bd733: 196 groups; 1.1 s; peak memory 1230 MiB.
2026-10-08T12:12:40Z INFO [724/900] 70648346-3fae-44e9-9688-b5089065e5e3: 32 groups; 1.0 s; peak memory 1230 MiB.
2026-10-08T12:12:48Z INFO [725/900] 7064af98-25bf-43e1-b7a2-2961a6cb800a: 208 groups; 7.4 s; peak memory 1230 MiB.
2026-10-08T12:12:49Z INFO [726/900] 7064d047-b1d2-454a-80a5-653da8d15910: 32 groups; 0.9 s; peak memory 1230 MiB.
2026-10-08T12:12:54Z INFO [727/900] 70657b77-40bc-41c4-b5cb-ba11573bbef8: 68 groups; 5.6 s; peak memory 1230 MiB.
2026-10-08T12:12:55Z INFO [728/900] 7065b494-1114-44d6-98fc-dc0189b2e558: 31 groups; 0.8 s; peak memory 1230 MiB.
2026-10-08T12:12:56Z INFO [729/900] 70661066-88ca-444e-8a63-0a9acac653e0: 22 groups; 1.0 s; peak memory 1230 MiB.
2026-10-08T12:13:03Z INFO [730/900] 706669b6-bf10-4af1-ad66-6df178a36f3b: 54 groups; 6.7 s; peak memory 1230 MiB.
2026-10-08T12:13:04Z INFO [731/900] 70682620-621f-40be-990e-b2a1b0f2cdae: 22 groups; 0.8 s; peak memory 1230 MiB.
2026-10-08T12:13:05Z INFO [732/900] 70689b71-b368-4d87-8f54-e672719dc6a6: 32 groups; 1.2 s; peak memory 1230 MiB.
2026-10-08T12:13:06Z INFO [733/900] 70689f7a-27a5-4fe6-8425-4311feceb82e: 104 groups; 1.3 s; peak memory 1230 MiB.
2026-10-08T12:13:07Z INFO [734/900] 70698a73-3e53-42d5-bfb5-adf11912a15f: 195 groups; 1.2 s; peak memory 1230 MiB.
2026-10-08T12:13:10Z INFO [735/900] 7069b42c-a57f-4984-b0dc-4f8cbe5f284e: 50 groups; 2.3 s; peak memory 1230 MiB.
2026-10-08T12:13:14Z INFO [736/900] 706a016f-0159-46ed-88f8-b0da50cb15e5: 27 groups; 4.1 s; peak memory 1230 MiB.
2026-10-08T12:13:15Z INFO [737/900] 706a6d04-8f26-4328-9a02-b72de139e54d: 35 groups; 1.2 s; peak memory 1230 MiB.
2026-10-08T12:13:16Z INFO [738/900] 706a721c-5297-4fed-abce-dd787775d6eb: 48 groups; 1.5 s; peak memory 1230 MiB.
2026-10-08T12:13:18Z INFO [739/900] 706ab56e-b652-4860-a40b-6fffb30e046b: 35 groups; 1.3 s; peak memory 1230 MiB.
2026-10-08T12:13:19Z INFO [740/900] 706abcdb-30d1-4729-bc7a-f41a80cc0426: 42 groups; 1.3 s; peak memory 1230 MiB.
2026-10-08T12:13:23Z INFO [741/900] 706adebe-4543-4a6c-903f-f3542720243f: 181 groups; 4.2 s; peak memory 1230 MiB.
2026-10-08T12:13:30Z INFO [742/900] 706b0090-a898-4804-aafd-3a52c4ce2a02: 144 groups; 6.5 s; peak memory 1230 MiB.
2026-10-08T12:13:31Z INFO [743/900] 706b3bea-7c89-40dd-aa60-d822a5b49ddf: 35 groups; 1.0 s; peak memory 1230 MiB.
2026-10-08T12:13:35Z INFO [744/900] 706be1e1-6675-4de2-bc46-533a9f1a74e8: 17 groups; 3.9 s; peak memory 1230 MiB.
2026-10-08T12:13:37Z INFO [745/900] 706ce21a-4360-4a2c-886f-695665b095d6: 64 groups; 1.9 s; peak memory 1230 MiB.
2026-10-08T12:13:38Z INFO [746/900] 706de2c6-dda7-4d58-b3d4-a3a2359ebacb: 48 groups; 1.3 s; peak memory 1230 MiB.
2026-10-08T12:13:39Z INFO [747/900] 70703423-3429-4f33-851e-339e96a7167b: 32 groups; 0.8 s; peak memory 1230 MiB.
2026-10-08T12:13:43Z INFO [748/900] 70706abd-9740-4ec1-88ac-192f8655e274: 73 groups; 4.3 s; peak memory 1230 MiB.
2026-10-08T12:13:44Z INFO [749/900] 70710396-4c1d-477b-866f-69d47b0e1b2a: 22 groups; 0.9 s; peak memory 1230 MiB.
2026-10-08T12:13:45Z INFO [750/900] 707242d8-a367-4300-ae72-cc2c82f25edc: 54 groups; 1.4 s; peak memory 1230 MiB.
2026-10-08T12:13:46Z INFO [750/900] 707242d8-a367-4300-ae72-cc2c82f25edc: checkpointed 101086 records.
2026-10-08T12:13:47Z INFO [751/900] 7072e3bf-891d-4fd9-aa8f-19129ea6faec: 206 groups; 1.5 s; peak memory 1230 MiB.
2026-10-08T12:13:48Z INFO [752/900] 707354fd-11b1-4212-b704-c5c07755314d: 22 groups; 1.0 s; peak memory 1230 MiB.
2026-10-08T12:13:49Z INFO [753/900] 70736440-ab13-4135-9d67-8e67166dad96: 32 groups; 0.8 s; peak memory 1230 MiB.
2026-10-08T12:13:50Z INFO [754/900] 7073d242-3866-4ac7-9049-5f51867ac057: 195 groups; 1.0 s; peak memory 1230 MiB.
2026-10-08T12:13:51Z INFO [755/900] 7073db48-1589-4d94-98f4-e546a7502053: 35 groups; 0.7 s; peak memory 1230 MiB.
2026-10-08T12:13:53Z INFO [756/900] 7075152a-3920-41d3-8e3a-7a2bb4656c05: 341 groups; 2.0 s; peak memory 1230 MiB.
2026-10-08T12:14:08Z INFO [757/900] 707538e7-8673-416b-905f-0ef2c6ff9467: 346 groups; 15.1 s; peak memory 1230 MiB.
2026-10-08T12:14:09Z INFO [758/900] 70753ef3-12d4-47b2-ac92-3aae313b4efa: 35 groups; 1.0 s; peak memory 1230 MiB.
2026-10-08T12:14:14Z INFO [759/900] 70759420-dc26-4758-a0c2-4ca64c133fe8: 26 groups; 5.9 s; peak memory 1230 MiB.
2026-10-08T12:14:16Z INFO [760/900] 7075c06e-507f-4b8e-b260-1fb4c2bb4744: 32 groups; 1.0 s; peak memory 1230 MiB.
2026-10-08T12:14:16Z INFO [761/900] 7075d32a-3469-497b-bc1c-967d741a524d: 22 groups; 0.7 s; peak memory 1230 MiB.
2026-10-08T12:14:17Z INFO [762/900] 7075ffbf-be35-4eaf-9b63-15d8c3644137: 35 groups; 1.1 s; peak memory 1230 MiB.
2026-10-08T12:14:18Z INFO [763/900] 70773226-e666-42f4-9d82-2a04731e9ea7: 35 groups; 0.9 s; peak memory 1230 MiB.
2026-10-08T12:14:19Z INFO [764/900] 7078ad3e-e83f-4d61-8acb-43ffd98dce5c: 31 groups; 1.0 s; peak memory 1230 MiB.
2026-10-08T12:14:20Z INFO [765/900] 70791532-915a-4034-b2a2-6c07471de661: 32 groups; 1.1 s; peak memory 1230 MiB.
2026-10-08T12:14:22Z INFO [766/900] 707a36cd-c33e-4cef-9e0b-3e8b3d7929d3: 65 groups; 1.4 s; peak memory 1230 MiB.
2026-10-08T12:14:23Z INFO [767/900] 707bafe3-be21-4332-a397-1d97ab438735: 22 groups; 0.9 s; peak memory 1230 MiB.
2026-10-08T12:14:24Z INFO [768/900] 707bf51e-630b-4e82-9dba-7c619de1c393: 25 groups; 1.1 s; peak memory 1230 MiB.
2026-10-08T12:14:37Z INFO [769/900] 707c0720-5a16-4e15-a417-d8d5ce621e69: 2919 groups; 12.9 s; peak memory 1230 MiB.
2026-10-08T12:14:38Z INFO [770/900] 707c0a97-1e8e-4fcb-b249-5a9cf43c4ddf: 35 groups; 1.2 s; peak memory 1230 MiB.
2026-10-08T12:14:48Z INFO [771/900] 707cd3d0-f48e-4fab-9688-6ae5ba294171: 88 groups; 10.2 s; peak memory 1230 MiB.
2026-10-08T12:14:54Z INFO [772/900] 707cf6c3-db01-470e-8c8a-5a21deb2ad99: 67 groups; 5.6 s; peak memory 1230 MiB.
2026-10-08T12:14:55Z INFO [773/900] 707d4a1d-42d5-4358-b123-101febff3560: 27 groups; 1.4 s; peak memory 1230 MiB.
2026-10-08T12:14:57Z INFO [774/900] 707e3e84-4f5f-4cac-9b3b-a2b607d29c05: 30 groups; 2.0 s; peak memory 1230 MiB.
2026-10-08T12:15:06Z INFO [775/900] 707ff494-8b9d-411c-b45a-62a6f08a2f6d: 224 groups; 9.2 s; peak memory 1230 MiB.
2026-10-08T12:15:08Z INFO [776/900] 708079a2-439a-4424-bcb1-574cc4c90efa: 35 groups; 1.5 s; peak memory 1230 MiB.
2026-10-08T12:15:08Z INFO [777/900] 70807abb-64bb-4ff8-9343-4f33e9f52739: 16 groups; 0.6 s; peak memory 1230 MiB.
2026-10-08T12:15:09Z INFO [778/900] 708186a3-5f12-4ffc-ae1e-6f61b30fdc1e: 22 groups; 0.8 s; peak memory 1230 MiB.
2026-10-08T12:15:10Z INFO [779/900] 7081de4f-90ce-4848-b618-dc47e8a5a5dd: 25 groups; 0.8 s; peak memory 1230 MiB.
2026-10-08T12:15:11Z INFO [780/900] 70823518-350f-4929-840c-ba2122bcbcce: 337 groups; 1.4 s; peak memory 1230 MiB.
2026-10-08T12:15:21Z INFO [781/900] 7082546f-3aa4-4c90-8f71-15d8b79a955b: 304 groups; 9.6 s; peak memory 1230 MiB.
2026-10-08T12:15:22Z INFO [782/900] 70831a2f-be94-4aed-837b-970b444f6e88: 21 groups; 0.9 s; peak memory 1230 MiB.
2026-10-08T12:15:26Z INFO [783/900] 70846e1e-abc0-4ad8-9d7a-959cafef526f: 181 groups; 4.3 s; peak memory 1230 MiB.
2026-10-08T12:15:27Z INFO [784/900] 70847f6d-1be5-4fc3-8f68-088a0c64e0ba: 35 groups; 1.1 s; peak memory 1230 MiB.
2026-10-08T12:15:28Z INFO [785/900] 7084e793-26ad-4147-9701-62717df4e1cb: 35 groups; 1.2 s; peak memory 1230 MiB.
2026-10-08T12:15:31Z INFO [786/900] 70856cbf-5d08-413a-b4b8-92e04d0f4834: 101 groups; 2.5 s; peak memory 1230 MiB.
2026-10-08T12:15:35Z INFO [787/900] 7085d3f4-f4b5-4524-aae6-6110d6843a88: 78 groups; 4.1 s; peak memory 1230 MiB.
2026-10-08T12:15:36Z INFO [788/900] 7086a4f7-00fd-4112-afa7-fe5b55a8b175: 22 groups; 0.9 s; peak memory 1230 MiB.
2026-10-08T12:15:44Z INFO [789/900] 708719ec-47fd-4d10-878e-5d1df2d96434: 229 groups; 7.6 s; peak memory 1230 MiB.
2026-10-08T12:15:45Z INFO [790/900] 708785b5-2a73-4a6e-a117-9b3e619cd1db: 32 groups; 1.0 s; peak memory 1230 MiB.
2026-10-08T12:15:45Z INFO [791/900] 7087fcde-bbfe-4348-8858-3d3dbef8503b: 22 groups; 0.9 s; peak memory 1230 MiB.
2026-10-08T12:15:46Z INFO [792/900] 70882b80-11f6-4f04-821b-e3fbf166f60d: 22 groups; 0.9 s; peak memory 1230 MiB.
2026-10-08T12:15:48Z INFO [793/900] 708839fa-18aa-4ced-ae9c-eba6bdb0d7fe: 57 groups; 2.0 s; peak memory 1230 MiB.
2026-10-08T12:15:50Z INFO [794/900] 70889cf1-381c-409a-b980-4cb683195899: 35 groups; 1.2 s; peak memory 1230 MiB.
2026-10-08T12:15:51Z INFO [795/900] 7088e582-3e1d-419a-9817-dc2e2f8e6bb5: 36 groups; 1.2 s; peak memory 1230 MiB.
2026-10-08T12:15:51Z INFO [796/900] 708a0d91-b330-4db0-9b4a-febdf034e610: 25 groups; 0.7 s; peak memory 1230 MiB.
2026-10-08T12:15:52Z INFO [797/900] 708a5d65-b8e3-4847-8881-47edb4d605f0: 22 groups; 0.9 s; peak memory 1230 MiB.
2026-10-08T12:16:05Z INFO [798/900] 708a74d2-7e42-427d-b17c-04be0bdf2efc: 171 groups; 12.5 s; peak memory 1230 MiB.
2026-10-08T12:16:06Z INFO [799/900] 708af02a-a021-4278-a0f0-fd1b3d3be615: 17 groups; 1.4 s; peak memory 1230 MiB.
2026-10-08T12:16:07Z INFO [800/900] 708b8828-92ff-4970-ae3f-9c5c48fce0d2: 32 groups; 0.8 s; peak memory 1230 MiB.
2026-10-08T12:16:07Z INFO [800/900] 708b8828-92ff-4970-ae3f-9c5c48fce0d2: checkpointed 101136 records.
2026-10-08T12:16:08Z INFO [801/900] 708cd296-6ff2-46e1-ba6d-3ad5c3cea0d4: 32 groups; 0.9 s; peak memory 1230 MiB.
2026-10-08T12:16:09Z INFO [802/900] 708cddf5-de83-4739-a479-5968fd01cb5e: 32 groups; 1.2 s; peak memory 1230 MiB.
2026-10-08T12:16:12Z INFO [803/900] 708d05d7-7ec2-4b26-a9e4-e7402b22657a: 37 groups; 2.3 s; peak memory 1230 MiB.
2026-10-08T12:16:13Z INFO [804/900] 708d719c-5264-44e5-96f4-34e3f4925af0: 32 groups; 1.0 s; peak memory 1230 MiB.
2026-10-08T12:16:14Z INFO [805/900] 708e644c-3ad4-4020-aeb5-7d21a046d54f: 22 groups; 1.0 s; peak memory 1230 MiB.
2026-10-08T12:16:15Z INFO [806/900] 70902ee5-cafa-4250-aad4-163482bfc3b6: 22 groups; 0.9 s; peak memory 1230 MiB.
2026-10-08T12:16:16Z INFO [807/900] 7090b075-4741-4b90-a43a-d05bc4c1f360: 195 groups; 1.4 s; peak memory 1230 MiB.
2026-10-08T12:16:17Z INFO [808/900] 70912252-fe73-44f1-9046-a03d90c9892a: 35 groups; 1.1 s; peak memory 1230 MiB.
2026-10-08T12:16:19Z INFO [809/900] 70916613-405c-4f26-8728-a5b1a30ea039: 72 groups; 1.6 s; peak memory 1230 MiB.
2026-10-08T12:16:20Z INFO [810/900] 7091bbe9-8716-4324-8e64-442056c9d5fb: 35 groups; 1.0 s; peak memory 1230 MiB.
2026-10-08T12:16:21Z INFO [811/900] 7091d934-24f4-4509-a409-cc50af224fcd: 32 groups; 1.0 s; peak memory 1230 MiB.
2026-10-08T12:16:22Z INFO [812/900] 7091dba7-e788-4c50-b03b-6a148b7bc8ff: 25 groups; 0.8 s; peak memory 1230 MiB.
2026-10-08T12:16:23Z INFO [813/900] 709215a2-294f-4a7b-a95f-e43522a411f9: 32 groups; 1.0 s; peak memory 1230 MiB.
2026-10-08T12:16:24Z INFO [814/900] 709338a4-a7a0-4c04-b17f-9d874b10f488: 42 groups; 1.3 s; peak memory 1230 MiB.
2026-10-08T12:16:25Z INFO [815/900] 7093b928-c2fb-4cd3-be83-850ddc9a8955: 52 groups; 1.0 s; peak memory 1230 MiB.
2026-10-08T12:16:26Z INFO [816/900] 7094d6ed-7adb-4b75-bfc2-7e1a4404c222: 22 groups; 1.1 s; peak memory 1230 MiB.
2026-10-08T12:16:27Z INFO [817/900] 70953697-4106-4d28-91f2-035a87bb78dc: 32 groups; 0.8 s; peak memory 1230 MiB.
2026-10-08T12:16:29Z INFO [818/900] 7095cfbc-fc37-4dda-8ff5-828b2c407973: 108 groups; 1.9 s; peak memory 1230 MiB.
2026-10-08T12:16:30Z INFO [819/900] 70967274-8e54-419f-a743-3fa0a5968c2f: 22 groups; 0.9 s; peak memory 1230 MiB.
2026-10-08T12:16:31Z INFO [820/900] 7096ae63-e71a-4f25-a681-756e495e268c: 32 groups; 1.2 s; peak memory 1230 MiB.
2026-10-08T12:16:32Z INFO [821/900] 7096b42b-dada-400d-a9c8-2749d23dc70f: 35 groups; 1.0 s; peak memory 1230 MiB.
2026-10-08T12:16:32Z INFO [822/900] 70972f2c-c658-42cd-9235-2c78548a67f8: 17 groups; 0.7 s; peak memory 1230 MiB.
2026-10-08T12:16:40Z INFO [823/900] 7097cd41-c237-4d99-9e94-6e67c0c0154f: 211 groups; 7.4 s; peak memory 1230 MiB.
2026-10-08T12:16:41Z INFO [824/900] 7098b019-e2ee-4b5c-a515-90bf7a1484f1: 31 groups; 1.5 s; peak memory 1230 MiB.
2026-10-08T12:16:43Z INFO [825/900] 7099854a-8840-4c3a-bed4-82931e63c854: 341 groups; 1.3 s; peak memory 1230 MiB.
2026-10-08T12:16:50Z INFO [826/900] 7099a40e-4f82-4c11-90c9-5eb64a6bc82b: 49 groups; 7.4 s; peak memory 1230 MiB.
2026-10-08T12:16:51Z INFO [827/900] 7099edce-5ec3-4bdc-a1fc-16493bb33789: 16 groups; 0.5 s; peak memory 1230 MiB.
2026-10-08T12:16:52Z INFO [828/900] 709af380-833c-460b-9d68-1f46be5e39e1: 194 groups; 1.0 s; peak memory 1230 MiB.
2026-10-08T12:17:01Z INFO [829/900] 709baad9-f46e-4135-ad81-9017c0d047e5: 325 groups; 9.5 s; peak memory 1230 MiB.
2026-10-08T12:17:05Z INFO [830/900] 709c1caa-b753-482b-9654-f0d765a261c9: 78 groups; 4.0 s; peak memory 1230 MiB.
2026-10-08T12:17:08Z INFO [831/900] 709ca0d9-d988-4349-8c84-9cdd2ed7f493: 45 groups; 2.5 s; peak memory 1230 MiB.
2026-10-08T12:17:08Z INFO [832/900] 709db00d-f120-4242-bad6-1a5c1e716653: 32 groups; 0.9 s; peak memory 1230 MiB.
2026-10-08T12:17:09Z INFO [833/900] 709dc419-be32-4fae-90eb-97c953a53e9d: 22 groups; 0.9 s; peak memory 1230 MiB.
2026-10-08T12:21:59Z INFO [834/900] 709e3da8-eeb1-40b4-ab66-6acf92a7c3bd: 72 groups; 289.6 s; peak memory 1230 MiB.
2026-10-08T12:22:00Z INFO [835/900] 709f3e0b-e9a6-46d6-a045-d6896a3dc280: 103 groups; 1.0 s; peak memory 1230 MiB.
2026-10-08T12:22:01Z INFO [836/900] 70a01be8-8a47-4bed-a960-ae0efc93beb9: 28 groups; 1.1 s; peak memory 1230 MiB.
2026-10-08T12:22:02Z INFO [837/900] 70a02f41-ada0-440a-b215-f05e6ffbf8e9: 18 groups; 0.8 s; peak memory 1230 MiB.
2026-10-08T12:22:12Z INFO [838/900] 70a078d2-ea3f-4ba7-8a9c-9a6a5005fe78: 238 groups; 10.5 s; peak memory 1230 MiB.
2026-10-08T12:22:13Z INFO [839/900] 70a15c04-fe6e-4400-855a-690f1f625b45: 22 groups; 1.1 s; peak memory 1230 MiB.
2026-10-08T12:22:21Z INFO [840/900] 70a2616a-e01f-4ef9-bc6c-83af7b9ffe65: 162 groups; 7.3 s; peak memory 1230 MiB.
2026-10-08T12:22:34Z INFO [841/900] 70a2ae24-b1d6-425c-bc52-88845ada4b33: 590 groups; 13.3 s; peak memory 1230 MiB.
2026-10-08T12:22:36Z INFO [842/900] 70a36f13-b7c1-4888-804f-06ad097f0d6b: 48 groups; 2.2 s; peak memory 1230 MiB.
2026-10-08T12:22:37Z INFO [843/900] 70a39927-1090-4bd9-bfad-6dea37da28e7: 26 groups; 0.9 s; peak memory 1230 MiB.
2026-10-08T12:22:45Z INFO [844/900] 70a43d92-8111-4bb8-bc60-e777700f7c52: 314 groups; 7.8 s; peak memory 1230 MiB.
2026-10-08T12:22:54Z INFO [845/900] 70a6e6c0-24bd-44c5-bde0-c6f1dc57235a: 33 groups; 9.1 s; peak memory 1230 MiB.
2026-10-08T12:22:55Z INFO [846/900] 70a73a41-08da-494a-9556-c284a43fd62d: 32 groups; 0.9 s; peak memory 1230 MiB.
2026-10-08T12:22:56Z INFO [847/900] 70a74cd1-5d70-41ca-8a7b-64368a4478e8: 24 groups; 0.9 s; peak memory 1230 MiB.
2026-10-08T12:22:57Z INFO [848/900] 70a8687b-bcb4-495c-8cac-b9b3753e44ba: 201 groups; 1.3 s; peak memory 1230 MiB.
2026-10-08T12:22:58Z INFO [849/900] 70a9eb1e-fe09-4047-8125-647f782bd9e7: 16 groups; 0.6 s; peak memory 1230 MiB.
2026-10-08T12:25:33Z INFO [850/900] 70aa05a8-e69c-4793-98f2-7c25b8274d3e: 69 groups; 155.4 s; peak memory 1230 MiB.
2026-10-08T12:25:33Z INFO [850/900] 70aa05a8-e69c-4793-98f2-7c25b8274d3e: checkpointed 101186 records.
2026-10-08T12:25:35Z INFO [851/900] 70aa46b0-62e1-4d93-aae2-7e4ef6172962: 32 groups; 1.2 s; peak memory 1230 MiB.
2026-10-08T12:25:42Z INFO [852/900] 70aa8234-0cd7-4f27-a791-f49fbce3322f: 66 groups; 7.2 s; peak memory 1230 MiB.
2026-10-08T12:25:43Z INFO [853/900] 70aaa60f-4a4e-4109-a48d-4872b8bfd782: 32 groups; 1.3 s; peak memory 1230 MiB.
2026-10-08T12:25:44Z INFO [854/900] 70aabeea-3372-4b0c-8f84-700d070ad005: 22 groups; 0.9 s; peak memory 1230 MiB.
2026-10-08T12:25:45Z INFO [855/900] 70aae0fa-162f-441e-8fb4-b964d16ac42f: 103 groups; 0.9 s; peak memory 1230 MiB.
2026-10-08T12:25:46Z INFO [856/900] 70ab2bbd-6e46-4901-9525-4d703c8a6cf8: 22 groups; 0.9 s; peak memory 1230 MiB.
2026-10-08T12:25:47Z INFO [857/900] 70ac67c7-d0b8-4c4f-b5e4-6048f47e6e8f: 253 groups; 1.0 s; peak memory 1230 MiB.
2026-10-08T12:25:48Z INFO [858/900] 70ac8459-a5a0-4fdb-aee1-a814efd0db5c: 35 groups; 1.0 s; peak memory 1230 MiB.
2026-10-08T12:25:49Z INFO [859/900] 70accc4b-fcc6-4229-b80a-2fed5358019b: 34 groups; 1.3 s; peak memory 1230 MiB.
2026-10-08T12:25:51Z INFO [860/900] 70ad990d-cf5a-4e4c-8047-5e87bb0d9b19: 48 groups; 2.1 s; peak memory 1230 MiB.
2026-10-08T12:25:54Z INFO [861/900] 70adcf7f-b3f3-4e66-b9cb-efd79b253cdb: 50 groups; 2.4 s; peak memory 1230 MiB.
2026-10-08T12:25:55Z INFO [862/900] 70af15af-fee8-40a8-b8af-69719ad5f981: 32 groups; 1.2 s; peak memory 1230 MiB.
2026-10-08T12:25:56Z INFO [863/900] 70af4406-2dad-4b4d-8b03-03cc0a74f37a: 22 groups; 0.9 s; peak memory 1230 MiB.
2026-10-08T12:25:57Z INFO [864/900] 70afc695-8f15-4203-8964-6d8f1ee13de7: 35 groups; 1.3 s; peak memory 1230 MiB.
2026-10-08T12:25:58Z INFO [865/900] 70b11157-d4ef-46d6-b5cc-431630c2e491: 32 groups; 1.0 s; peak memory 1230 MiB.
2026-10-08T12:27:42Z INFO [866/900] 70b16fcb-bfa6-4ae0-8a4b-6a70a9c4c37d: 27 groups; 104.4 s; peak memory 1230 MiB.
2026-10-08T12:27:43Z INFO [867/900] 70b1e6e3-550e-4873-8146-b8c313ab3e28: 31 groups; 0.7 s; peak memory 1230 MiB.
2026-10-08T12:32:01Z INFO [868/900] 70b25e5d-39f6-4a86-ba99-05284159bbb0: 93 groups; 258.2 s; peak memory 1230 MiB.
2026-10-08T12:32:03Z INFO [869/900] 70b266dc-e984-4297-981a-80d85c929405: 59 groups; 1.8 s; peak memory 1230 MiB.
2026-10-08T12:32:04Z INFO [870/900] 70b2ec93-7776-420f-b5ce-66789fd3eb88: 35 groups; 1.3 s; peak memory 1230 MiB.
2026-10-08T12:32:05Z INFO [871/900] 70b2fb58-e69c-42b6-9d3d-7509df527ab2: 26 groups; 0.7 s; peak memory 1230 MiB.
2026-10-08T12:39:57Z INFO [872/900] 70b4cd26-4661-4a21-9f5b-4ff652a2abd7: 39 groups; 472.0 s; peak memory 1230 MiB.
2026-10-08T12:39:58Z INFO [873/900] 70b4eccf-9ceb-4de2-94d4-fb7004df1d7c: 22 groups; 0.8 s; peak memory 1230 MiB.
2026-10-08T12:40:00Z INFO [874/900] 70b5ae12-104c-44b2-8dc9-ef7a31f20cd4: 50 groups; 2.4 s; peak memory 1230 MiB.
2026-10-08T12:40:01Z INFO [875/900] 70b5e747-123b-4da9-a9b9-5115d3b3f3f1: 16 groups; 0.6 s; peak memory 1230 MiB.
2026-10-08T12:40:02Z INFO [876/900] 70b65952-e6fc-4fcb-b046-f3596526b264: 202 groups; 1.4 s; peak memory 1230 MiB.
2026-10-08T12:40:03Z INFO [877/900] 70b68aca-a66b-45de-8ab4-052aa50ccd9c: 22 groups; 1.0 s; peak memory 1230 MiB.
2026-10-08T12:40:23Z INFO [878/900] 70b76087-9db2-47e0-aad3-0a3aa0f8886d: 3295 groups; 20.1 s; peak memory 1230 MiB.
2026-10-08T12:40:25Z INFO [879/900] 70b781fa-cf5e-4c00-8841-e2fe3abb0b08: 35 groups; 1.2 s; peak memory 1230 MiB.
2026-10-08T12:40:26Z INFO [880/900] 70b8b579-311d-48b6-8462-4a3598eb14a3: 25 groups; 1.0 s; peak memory 1230 MiB.
2026-10-08T12:40:27Z INFO [881/900] 70b8eeb2-bc4b-478f-86ad-c9a0345fb36f: 253 groups; 1.1 s; peak memory 1230 MiB.
2026-10-08T12:40:28Z INFO [882/900] 70b91668-7a86-41ed-af49-8b16273e9f22: 71 groups; 1.7 s; peak memory 1230 MiB.
2026-10-08T12:40:30Z INFO [883/900] 70b97d25-66ee-428b-a648-9ddbed02e03f: 202 groups; 1.2 s; peak memory 1230 MiB.
2026-10-08T12:40:31Z INFO [884/900] 70b9894c-0cb5-4534-9b2a-f9fd2d7d0143: 22 groups; 0.9 s; peak memory 1230 MiB.
2026-10-08T12:40:35Z INFO [885/900] 70b9ac7c-d5d7-49ba-be5d-2be0848a8c56: 73 groups; 4.8 s; peak memory 1230 MiB.
2026-10-08T12:40:51Z INFO [886/900] 70bab17b-60b8-4f9a-9d03-91e03762424c: 157 groups; 16.1 s; peak memory 1230 MiB.
2026-10-08T12:40:52Z INFO [887/900] 70bb3472-a33c-48c3-8910-c88fe734fa2e: 31 groups; 0.8 s; peak memory 1230 MiB.
2026-10-08T12:40:53Z INFO [888/900] 70bb3ba9-73d8-4241-91ef-e872d3a79103: 22 groups; 0.9 s; peak memory 1230 MiB.
2026-10-08T12:40:54Z INFO [889/900] 70bb4b6d-13b0-4f11-adbf-b1cdca590073: 22 groups; 1.0 s; peak memory 1230 MiB.
2026-10-08T12:40:57Z INFO [890/900] 70bba950-b320-456f-a8a2-20bf6171b903: 28 groups; 2.5 s; peak memory 1230 MiB.
2026-10-08T12:43:00Z INFO [891/900] 70bbb19c-67c6-42bc-a1c8-a77d51d42b0d: 80 groups; 123.2 s; peak memory 1230 MiB.
2026-10-08T12:43:01Z INFO [892/900] 70bc8514-bd81-4fd9-ae99-b0ae72494f6c: 338 groups; 1.3 s; peak memory 1230 MiB.
2026-10-08T12:43:02Z INFO [893/900] 70bcbe8d-72e0-4f4e-b1cd-1c87ca46d79b: 22 groups; 1.0 s; peak memory 1230 MiB.
2026-10-08T12:43:03Z INFO [894/900] 70bd6e96-40b3-4bc5-8697-0d20ab37c87c: 34 groups; 1.2 s; peak memory 1230 MiB.
2026-10-08T12:43:04Z INFO [895/900] 70bd714f-759f-483e-89da-4d9e7cc11571: 29 groups; 1.0 s; peak memory 1230 MiB.
2026-10-08T12:43:06Z INFO [896/900] 70bd9686-2d31-46a1-8104-07fe10b15a7f: 60 groups; 2.1 s; peak memory 1230 MiB.
2026-10-08T12:43:15Z INFO [897/900] 70be16ad-9a8b-4665-85fd-202972de21cc: 285 groups; 8.5 s; peak memory 1230 MiB.
2026-10-08T12:43:16Z INFO [898/900] 70be19d0-d833-4e21-9bab-cce47c7a7693: 32 groups; 1.2 s; peak memory 1230 MiB.
2026-10-08T12:43:18Z INFO [899/900] 70bfc3e7-2dc2-45e3-b441-ab20df7041e0: 336 groups; 1.5 s; peak memory 1230 MiB.
2026-10-08T12:43:18Z INFO [900/900] 70c07197-1afc-4328-b866-58efd7c94342: 22 groups; 0.8 s; peak memory 1230 MiB.
2026-10-08T12:43:19Z INFO [900/900] 70c07197-1afc-4328-b866-58efd7c94342: checkpointed 101236 records.
2026-10-08T12:43:19Z INFO Wrote 101236 records to /tmp/derivatives/valid_nwb_file_to_number_of_groups.jsonl (900 new, 0 failed) in 108.1 min (peak memory 1230 MiB).
