2026-10-05T15:47:28Z INFO Logging to /tmp/logs/update_2026-10-05T15-47-28Z.log.
2026-10-05T15:47:28Z INFO Update valid-nwb-file-to-number-of-groups (base directory /tmp).
2026-10-05T15:47:28Z INFO Processing 900 items (80536 already recorded).
2026-10-05T15:47:30Z INFO [1/900] 45c384f2-8d23-48c2-9344-17bbfe2828e3: 34 groups; 1.2 s; peak memory 106 MiB.
2026-10-05T15:47:30Z INFO [2/900] 45c4722f-a5f6-4a5a-8e12-a15fa81443b4: 32 groups; 0.9 s; peak memory 110 MiB.
2026-10-05T15:47:33Z INFO [3/900] 45c48141-c888-4285-9a14-78ca2601318f: 125 groups; 2.9 s; peak memory 119 MiB.
2026-10-05T15:47:38Z INFO [4/900] 45c4e887-a8bf-4fd6-adb1-10e3e124c2f5: 66 groups; 4.6 s; peak memory 123 MiB.
2026-10-05T15:47:39Z INFO [5/900] 45c53445-3e8d-4076-b015-c93d538a8d83: 22 groups; 1.1 s; peak memory 123 MiB.
2026-10-05T15:47:40Z INFO [6/900] 45c5817a-4b95-4f34-a1d1-ab3b39391062: 16 groups; 0.6 s; peak memory 123 MiB.
2026-10-05T15:47:40Z INFO [7/900] 45c5a17c-aeaf-4cd0-bd7c-f87e48593772: 22 groups; 0.7 s; peak memory 123 MiB.
2026-10-05T15:47:42Z INFO [8/900] 45c5cb6f-6dba-4992-aa77-64090cbc55a4: 22 groups; 1.2 s; peak memory 123 MiB.
2026-10-05T15:47:42Z INFO [9/900] 45c5da83-964b-4f2d-8674-c07bb087236f: 32 groups; 0.9 s; peak memory 123 MiB.
2026-10-05T15:48:06Z INFO [10/900] 45c641db-9e9a-4ebb-ab3a-4cabf0dae0c8: 23 groups; 23.5 s; peak memory 137 MiB.
2026-10-05T15:48:15Z INFO [11/900] 45c65802-beb4-4d70-94ec-ce61f52a4135: 170 groups; 9.0 s; peak memory 156 MiB.
2026-10-05T15:48:16Z INFO [12/900] 45c69e04-6473-41cb-adef-805806c01377: 32 groups; 0.8 s; peak memory 156 MiB.
2026-10-05T15:48:17Z INFO [13/900] 45c6d446-1bac-4b10-bad7-0363fae2ada7: 252 groups; 0.7 s; peak memory 156 MiB.
2026-10-05T15:48:18Z INFO [14/900] 45c74ce6-f1ef-454a-88cd-d64ae8f18cda: 341 groups; 1.4 s; peak memory 157 MiB.
2026-10-05T15:48:23Z INFO [15/900] 45c793a0-f7a1-4228-b76e-2a0397cd685b: 1391 groups; 4.8 s; peak memory 178 MiB.
2026-10-05T15:48:23Z INFO [16/900] 45c7a4b6-3116-4b6c-8342-af0b94ef3f58: 17 groups; 0.7 s; peak memory 178 MiB.
2026-10-05T15:48:25Z INFO [17/900] 45c7fc4a-c0ee-452c-baf4-488f741822e3: 17 groups; 1.5 s; peak memory 178 MiB.
2026-10-05T15:48:26Z INFO [18/900] 45c848cb-3086-4ccf-b831-911481fddb23: 32 groups; 0.9 s; peak memory 178 MiB.
2026-10-05T15:48:27Z INFO [19/900] 45c8e728-869c-4eff-8e0f-c9eea6d848c5: 71 groups; 1.0 s; peak memory 178 MiB.
2026-10-05T15:48:28Z INFO [20/900] 45c9a104-deb4-480b-8842-22d7c5fa79c2: 22 groups; 0.9 s; peak memory 178 MiB.
2026-10-05T15:48:28Z INFO [21/900] 45ca890d-917f-4fc2-8372-33df2277b7e7: 22 groups; 0.9 s; peak memory 178 MiB.
2026-10-05T15:48:31Z INFO [22/900] 45ca9146-1ea4-46f0-a42e-ae57e443df53: 48 groups; 2.1 s; peak memory 178 MiB.
2026-10-05T15:48:33Z INFO [23/900] 45ca93ff-aebe-4c35-a322-e09cbe9177aa: 17 groups; 2.0 s; peak memory 178 MiB.
2026-10-05T15:48:38Z INFO [24/900] 45cbdd2f-20ab-4de8-9618-7e290bfec156: 261 groups; 5.8 s; peak memory 178 MiB.
2026-10-05T15:48:42Z INFO [25/900] 45cc1a2b-d095-4406-960b-5c26830e2545: 181 groups; 4.0 s; peak memory 178 MiB.
2026-10-05T15:48:43Z INFO [26/900] 45cca95e-1bcd-44b6-a7ae-c582850820c5: 35 groups; 1.1 s; peak memory 178 MiB.
2026-10-05T15:48:45Z INFO [27/900] 45cd3f14-56c1-439e-9196-c6a88ba27706: 50 groups; 2.1 s; peak memory 178 MiB.
2026-10-05T15:48:46Z INFO [28/900] 45cda9d3-92bb-4463-98a9-24c6e5fee888: 33 groups; 0.9 s; peak memory 178 MiB.
2026-10-05T15:48:47Z INFO [29/900] 45cdc598-c91e-47bf-8c23-fbd002126047: 32 groups; 0.9 s; peak memory 178 MiB.
2026-10-05T15:49:10Z INFO [30/900] 45cdea05-5e13-49e2-b465-f6294a06093f: 17 groups; 22.9 s; peak memory 193 MiB.
2026-10-05T15:49:11Z INFO [31/900] 45cebb70-7e50-4025-a940-cad6b1b88089: 22 groups; 1.0 s; peak memory 193 MiB.
2026-10-05T15:49:12Z INFO [32/900] 45d0105f-6421-4368-93f9-dca645ca584c: 32 groups; 0.9 s; peak memory 193 MiB.
2026-10-05T15:49:18Z INFO [33/900] 45d09b8a-c729-4cda-bafa-371b20738d61: 176 groups; 6.2 s; peak memory 193 MiB.
2026-10-05T15:49:19Z INFO [34/900] 45d1ba1e-7a03-4d4c-aff6-26f063929c3a: 27 groups; 1.3 s; peak memory 193 MiB.
2026-10-05T15:49:20Z INFO [35/900] 45d233a6-47f2-44f8-ac5d-7dd523293335: 21 groups; 0.8 s; peak memory 193 MiB.
2026-10-05T15:49:21Z INFO [36/900] 45d33049-43fa-43f8-be45-4ded15c72aa0: 29 groups; 1.2 s; peak memory 193 MiB.
2026-10-05T15:49:23Z INFO [37/900] 45d37b4e-ea39-46dc-b44b-0835beb3deed: 200 groups; 1.6 s; peak memory 193 MiB.
2026-10-05T15:49:24Z INFO [38/900] 45d3b727-dfc3-4756-9477-0456bac82861: 18 groups; 0.5 s; peak memory 193 MiB.
2026-10-05T15:49:26Z INFO [39/900] 45d3c992-4026-4587-89bc-7d7627394f42: 48 groups; 2.2 s; peak memory 193 MiB.
2026-10-05T15:49:27Z INFO [40/900] 45d3f8bf-05f3-4402-a0d2-cabf05044a61: 34 groups; 1.1 s; peak memory 193 MiB.
2026-10-05T15:49:32Z INFO [41/900] 45d45972-e08b-4300-9b9d-12ec06077268: 121 groups; 4.9 s; peak memory 193 MiB.
2026-10-05T15:49:56Z INFO [42/900] 45d4aa67-f75f-40ec-8e1b-5e0b6456001f: 23 groups; 24.2 s; peak memory 193 MiB.
2026-10-05T15:49:57Z INFO [43/900] 45d53c34-859f-4f19-be4f-1de293899521: 108 groups; 1.1 s; peak memory 193 MiB.
2026-10-05T15:49:58Z INFO [44/900] 45d55695-576f-4ae1-ad06-150060ab75d9: 22 groups; 0.7 s; peak memory 193 MiB.
2026-10-05T15:49:58Z INFO [45/900] 45d59419-da8b-4209-b979-7546d9220047: 31 groups; 0.7 s; peak memory 193 MiB.
2026-10-05T15:50:01Z INFO [46/900] 45d5e536-64c1-4032-a144-4acf12d6a403: 57 groups; 2.4 s; peak memory 193 MiB.
2026-10-05T15:50:07Z INFO [47/900] 45d5f13a-d26f-4686-a695-d593c4b9e48f: 276 groups; 6.2 s; peak memory 193 MiB.
2026-10-05T15:50:08Z INFO [48/900] 45d65bf2-d9e2-4dd3-90fb-57053e16697c: 28 groups; 0.8 s; peak memory 193 MiB.
2026-10-05T15:50:08Z INFO [49/900] 45d6964e-63a0-4b1c-af2a-b719aa2d7969: 16 groups; 0.5 s; peak memory 193 MiB.
2026-10-05T15:50:09Z INFO [50/900] 45d86027-784e-4965-ae07-46297d5bc39b: 32 groups; 1.0 s; peak memory 193 MiB.
2026-10-05T15:50:09Z INFO [50/900] 45d86027-784e-4965-ae07-46297d5bc39b: checkpointed 80586 records.
2026-10-05T15:50:10Z INFO [51/900] 45d88b60-bee5-44ff-a8f7-a6c68cbca82c: 31 groups; 0.8 s; peak memory 193 MiB.
2026-10-05T15:50:12Z INFO [52/900] 45d89076-5cad-48eb-870c-f1919eb37e1a: 48 groups; 1.7 s; peak memory 193 MiB.
2026-10-05T15:50:13Z INFO [53/900] 45d8b0e5-26be-48b6-89dc-9302798d24c1: 35 groups; 1.3 s; peak memory 193 MiB.
2026-10-05T15:50:14Z INFO [54/900] 45da0b82-b445-4255-b832-059928b42852: 32 groups; 0.8 s; peak memory 193 MiB.
2026-10-05T15:50:15Z INFO [55/900] 45da821d-623b-4995-b214-ab9bcb042d89: 22 groups; 0.8 s; peak memory 193 MiB.
2026-10-05T15:50:15Z INFO [56/900] 45da8ebf-9954-4c43-bb1c-24108aa87b10: 27 groups; 0.5 s; peak memory 193 MiB.
2026-10-05T15:50:16Z INFO [57/900] 45db304a-0257-4797-9424-b0711561a174: 201 groups; 1.0 s; peak memory 193 MiB.
2026-10-05T15:50:17Z INFO [58/900] 45db315e-587d-4dde-91f6-4464a7f50c36: 29 groups; 1.1 s; peak memory 193 MiB.
2026-10-05T15:50:19Z INFO [59/900] 45dcb2c5-50aa-48eb-96a7-660a4b6b1e3f: 35 groups; 1.1 s; peak memory 193 MiB.
2026-10-05T15:50:20Z INFO [60/900] 45de2c83-6d7b-4403-8659-95508d20ae3e: 341 groups; 1.9 s; peak memory 193 MiB.
2026-10-05T15:50:21Z INFO [61/900] 45de2d95-983e-482c-9dbe-a8ea9864832b: 22 groups; 0.9 s; peak memory 193 MiB.
2026-10-05T15:50:22Z INFO [62/900] 45de6b60-0891-4f3f-beab-8f2ed55726a5: 17 groups; 0.6 s; peak memory 193 MiB.
2026-10-05T15:50:22Z INFO [63/900] 45ded475-75c5-435b-aeee-1ac3afa971e0: 30 groups; 0.6 s; peak memory 193 MiB.
2026-10-05T15:50:23Z INFO [64/900] 45def5b4-42da-4f23-89a5-bb6436a0d2df: 32 groups; 1.1 s; peak memory 193 MiB.
2026-10-05T15:50:24Z INFO [65/900] 45df6d8e-2f00-48bb-bf09-6dcd9adcdd9d: 22 groups; 0.7 s; peak memory 193 MiB.
2026-10-05T15:50:36Z INFO [66/900] 45dfe85e-8e3c-4de8-9273-bdea2205d626: 27 groups; 11.6 s; peak memory 193 MiB.
2026-10-05T15:50:36Z INFO [67/900] 45e0559c-7f54-4f1f-a36d-a78634bd50ce: 17 groups; 0.7 s; peak memory 193 MiB.
2026-10-05T15:50:37Z INFO [68/900] 45e0f563-4e45-4a68-a2a2-2d8bee0c4378: 32 groups; 0.9 s; peak memory 193 MiB.
2026-10-05T15:50:38Z INFO [69/900] 45e1a677-17aa-4fef-b98f-b80fa62061df: 32 groups; 1.0 s; peak memory 193 MiB.
2026-10-05T15:50:40Z INFO [70/900] 45e2a062-e55e-46f7-b12e-8b9b55dbc46b: 194 groups; 1.2 s; peak memory 193 MiB.
2026-10-05T15:51:13Z INFO [71/900] 45e2c6f0-4669-4907-89ee-834e7bba1d69: 3212 groups; 33.4 s; peak memory 316 MiB.
2026-10-05T15:51:14Z INFO [72/900] 45e2d1c1-15f0-4b9f-a23d-67cf2c8bace3: 35 groups; 1.0 s; peak memory 316 MiB.
2026-10-05T15:51:18Z INFO [73/900] 45e2f95e-e2af-4d3e-b553-f4fe35bef36d: 181 groups; 4.1 s; peak memory 316 MiB.
2026-10-05T15:51:19Z INFO [74/900] 45e4ef71-9c74-4748-aa78-4d0a241d9162: 28 groups; 0.7 s; peak memory 316 MiB.
2026-10-05T15:51:20Z INFO [75/900] 45e5513d-c688-47b0-9065-f6a88a0fb6cb: 25 groups; 1.0 s; peak memory 316 MiB.
2026-10-05T15:51:21Z INFO [76/900] 45e5f0fa-08cd-44c9-9c0d-1099fb76ad2b: 207 groups; 1.4 s; peak memory 316 MiB.
2026-10-05T16:13:59Z INFO [77/900] 45e62320-455c-49ad-b75f-72fabd50fe31: 25 groups; 1357.8 s; peak memory 1142 MiB.
2026-10-05T16:14:00Z INFO [78/900] 45e62375-6fbb-4b7d-b5b0-3ac3b0ef375c: 43 groups; 1.5 s; peak memory 1142 MiB.
2026-10-05T16:14:01Z INFO [79/900] 45e6f9ca-8340-480a-b989-7f92dde4d6b3: 22 groups; 0.9 s; peak memory 1142 MiB.
2026-10-05T16:14:02Z INFO [80/900] 45e86b7f-9adc-4280-ba86-a63a728bdb9e: 22 groups; 0.8 s; peak memory 1142 MiB.
2026-10-05T16:14:03Z INFO [81/900] 45e8b1c1-5eb0-4afc-8630-d496762e8c9a: 22 groups; 0.9 s; peak memory 1142 MiB.
2026-10-05T16:14:04Z INFO [82/900] 45e8e916-5b48-46d6-b655-aeca8fdcfd2c: 25 groups; 0.7 s; peak memory 1142 MiB.
2026-10-05T16:14:05Z INFO [83/900] 45e95b54-a4da-4bd1-9057-42cb7ee89220: 36 groups; 1.2 s; peak memory 1142 MiB.
2026-10-05T16:14:06Z INFO [84/900] 45e9cf26-6b77-4cc8-9ed4-36a84d320099: 22 groups; 1.0 s; peak memory 1142 MiB.
2026-10-05T16:14:07Z INFO [85/900] 45ea3741-6273-4c67-a2c8-72d4b05007c7: 33 groups; 0.7 s; peak memory 1142 MiB.
2026-10-05T16:14:09Z INFO [86/900] 45ea52f7-3acd-48a7-9bfb-478c2c9509ba: 199 groups; 1.9 s; peak memory 1142 MiB.
2026-10-05T16:14:10Z INFO [87/900] 45ea6bbb-3cc4-4146-ab8e-9379e17bd8d3: 32 groups; 0.9 s; peak memory 1142 MiB.
2026-10-05T16:14:10Z INFO [88/900] 45ea95be-ada5-446c-9090-7360e1da9d89: 25 groups; 0.8 s; peak memory 1142 MiB.
2026-10-05T16:14:12Z INFO [89/900] 45eb1efb-c769-4b8b-b3c5-0a6ad9b4ce38: 31 groups; 1.5 s; peak memory 1142 MiB.
2026-10-05T16:14:17Z INFO [90/900] 45eb7615-ebaa-4459-bd2a-ef61b26f6626: 47 groups; 4.7 s; peak memory 1142 MiB.
2026-10-05T16:14:18Z INFO [91/900] 45ec03c8-2bb8-40f0-9926-165683bb2244: 32 groups; 1.0 s; peak memory 1142 MiB.
2026-10-05T16:14:19Z INFO [92/900] 45ed5d95-db0a-4d93-89c1-a57a27c1fc30: 32 groups; 1.0 s; peak memory 1142 MiB.
2026-10-05T16:14:20Z INFO [93/900] 45ef13d5-074d-43c3-8715-cc2e88d7b814: 29 groups; 1.1 s; peak memory 1142 MiB.
2026-10-05T16:14:21Z INFO [94/900] 45ef8b85-cedb-48a6-bfe3-6e6dd22927d5: 35 groups; 1.1 s; peak memory 1142 MiB.
2026-10-05T16:14:21Z INFO [95/900] 45f306fb-d10b-4c3a-b5ca-3825822b7755: 22 groups; 0.6 s; peak memory 1142 MiB.
2026-10-05T16:14:24Z INFO [96/900] 45f44a47-3a4e-4c4a-a7e9-a463e5ea9b9a: 50 groups; 2.3 s; peak memory 1142 MiB.
2026-10-05T16:14:32Z INFO [97/900] 45f50dde-e1c6-4983-827d-dcb696d4300c: 249 groups; 8.3 s; peak memory 1142 MiB.
2026-10-05T16:14:33Z INFO [98/900] 45f52314-aaeb-4bfa-bba2-c61cb12c0b47: 32 groups; 1.0 s; peak memory 1142 MiB.
2026-10-05T16:14:34Z INFO [99/900] 45f58784-260f-47d9-81a3-51d9ad24062a: 22 groups; 0.9 s; peak memory 1142 MiB.
2026-10-05T16:14:35Z INFO [100/900] 45f602d1-1a73-439b-b8c3-2363af97f760: 22 groups; 0.9 s; peak memory 1142 MiB.
2026-10-05T16:14:35Z INFO [100/900] 45f602d1-1a73-439b-b8c3-2363af97f760: checkpointed 80636 records.
2026-10-05T16:18:58Z INFO [101/900] 45f67eaf-47aa-4774-8236-c34d83f82dcc: 72 groups; 262.9 s; peak memory 1142 MiB.
2026-10-05T16:18:59Z INFO [102/900] 45f77b4a-c292-4f7e-8fbb-1661b2dc0afc: 341 groups; 1.3 s; peak memory 1142 MiB.
2026-10-05T16:19:04Z INFO [103/900] 45f7cdd5-73a7-4d15-9dd7-c1f855ef166e: 150 groups; 5.5 s; peak memory 1142 MiB.
2026-10-05T16:19:06Z INFO [104/900] 45f7f806-7b53-4223-9caa-e7165c3c600f: 33 groups; 1.3 s; peak memory 1142 MiB.
2026-10-05T16:19:07Z INFO [105/900] 45f83566-ab9a-4f67-8d59-036a3415345d: 22 groups; 0.8 s; peak memory 1142 MiB.
2026-10-05T16:19:08Z INFO [106/900] 45f83a7f-d831-4ac1-b348-c713e7546a7b: 71 groups; 0.9 s; peak memory 1142 MiB.
2026-10-05T16:21:21Z INFO [107/900] 45f8cd37-5178-4034-a62b-f0d3a930745d: 42 groups; 133.7 s; peak memory 1308 MiB.
2026-10-05T16:21:22Z INFO [108/900] 45f92796-6952-4ae1-a74b-cdd794ffb528: 22 groups; 0.9 s; peak memory 1308 MiB.
2026-10-05T16:21:26Z INFO [109/900] 45f93904-0033-4448-b729-09651a6de2d8: 47 groups; 4.1 s; peak memory 1308 MiB.
2026-10-05T16:21:27Z INFO [110/900] 45fa2d3a-f424-4395-a421-7a95cee41bc5: 22 groups; 0.8 s; peak memory 1308 MiB.
2026-10-05T16:21:33Z INFO [111/900] 45fa4c75-deb8-4b9c-810a-4a81c06488f3: 367 groups; 6.3 s; peak memory 1308 MiB.
2026-10-05T16:21:35Z INFO [112/900] 45fa7cb0-d477-466c-9590-68ef69a69ceb: 207 groups; 1.3 s; peak memory 1308 MiB.
2026-10-05T16:21:36Z INFO [113/900] 45fad482-6438-4679-a430-d1de8eb0994f: 29 groups; 0.9 s; peak memory 1308 MiB.
2026-10-05T16:21:45Z INFO [114/900] 45fae52b-e64f-460d-9bbf-44a05d16363e: 207 groups; 9.1 s; peak memory 1308 MiB.
2026-10-05T16:21:48Z INFO [115/900] 45fae588-22be-44df-8fc8-eca8ca281949: 117 groups; 3.7 s; peak memory 1308 MiB.
2026-10-05T16:21:49Z INFO [116/900] 45fcda97-a698-494c-aead-5f7c05f59b2f: 253 groups; 1.0 s; peak memory 1308 MiB.
2026-10-05T16:22:05Z INFO [117/900] 45fcf05c-60e2-4322-a674-6f61c1e3121f: 155 groups; 15.4 s; peak memory 1308 MiB.
2026-10-05T16:22:06Z INFO [118/900] 45fd597b-0f2a-4550-920c-d8932a6555f5: 35 groups; 1.0 s; peak memory 1308 MiB.
2026-10-05T16:22:10Z INFO [119/900] 45fd5e60-2086-4b99-b07a-8a33e2e366c7: 122 groups; 4.3 s; peak memory 1308 MiB.
2026-10-05T16:22:15Z INFO [120/900] 45fd7356-6c67-4e25-8c17-7fdf671b7860: 47 groups; 5.1 s; peak memory 1308 MiB.
2026-10-05T16:22:17Z INFO [121/900] 45fe1092-0387-4a0b-bf97-1a45e92845e5: 50 groups; 2.0 s; peak memory 1308 MiB.
2026-10-05T16:22:18Z INFO [122/900] 45fe596b-b0e0-4a9b-80d6-3f048c5262a5: 22 groups; 0.7 s; peak memory 1308 MiB.
2026-10-05T16:22:18Z INFO [123/900] 46007f1d-ea2f-495a-adc4-adba8251f6bb: 17 groups; 0.6 s; peak memory 1308 MiB.
2026-10-05T16:22:19Z INFO [124/900] 4600da93-ff6a-434a-8962-678ecde5df81: 22 groups; 0.9 s; peak memory 1308 MiB.
2026-10-05T16:22:21Z INFO [125/900] 4600ff42-0718-4f4a-a625-5e0a1512a361: 48 groups; 1.7 s; peak memory 1308 MiB.
2026-10-05T16:22:23Z INFO [126/900] 460122dc-5a19-479d-b8fb-678bdbbdeda9: 48 groups; 1.9 s; peak memory 1308 MiB.
2026-10-05T16:22:24Z INFO [127/900] 4601d8a3-ff49-4ec0-850a-8e0a873ee2e1: 22 groups; 0.8 s; peak memory 1308 MiB.
2026-10-05T16:22:25Z INFO [128/900] 460287f3-3312-43ad-8a01-667cdf6c27ed: 34 groups; 1.0 s; peak memory 1308 MiB.
2026-10-05T16:22:26Z INFO [129/900] 4602abe3-2537-4c9d-a911-5cb30fd9bffe: 32 groups; 1.0 s; peak memory 1308 MiB.
2026-10-05T16:22:27Z INFO [130/900] 4603265c-0fcc-424d-91d9-e79307800444: 256 groups; 0.8 s; peak memory 1308 MiB.
2026-10-05T16:22:28Z INFO [131/900] 4603e027-2248-4daf-a796-5fe9fafc2e13: 103 groups; 1.0 s; peak memory 1308 MiB.
2026-10-05T16:22:56Z INFO [132/900] 460573cd-b6c8-49b1-a4cf-135003c3a5c3: 23 groups; 28.1 s; peak memory 1308 MiB.
2026-10-05T16:22:57Z INFO [133/900] 46058e49-7eab-4610-8177-8623e1ece889: 32 groups; 1.0 s; peak memory 1308 MiB.
2026-10-05T16:22:58Z INFO [134/900] 4605eee1-3d3d-44d4-b56a-77651186b4dd: 32 groups; 1.0 s; peak memory 1308 MiB.
2026-10-05T16:22:59Z INFO [135/900] 46066e5b-f1c3-499b-bc53-9d756595928c: 25 groups; 0.8 s; peak memory 1308 MiB.
2026-10-05T16:23:01Z INFO [136/900] 4607da25-0918-476f-9356-7e88c532f893: 336 groups; 2.0 s; peak memory 1308 MiB.
2026-10-05T16:23:06Z INFO [137/900] 460809c3-dfa3-4c36-bca9-9fb658d9d3b2: 67 groups; 5.5 s; peak memory 1308 MiB.
2026-10-05T16:23:07Z INFO [138/900] 46084c08-fb02-4337-b2f9-716bb8708cca: 32 groups; 0.9 s; peak memory 1308 MiB.
2026-10-05T16:23:13Z INFO [139/900] 460957b7-5fbb-4313-a43b-9d4388a8111b: 36 groups; 6.3 s; peak memory 1308 MiB.
2026-10-05T16:23:14Z INFO [140/900] 4609b366-86e5-4c52-8f2d-4c2a88ad286e: 32 groups; 0.8 s; peak memory 1308 MiB.
2026-10-05T16:23:15Z INFO [141/900] 460b155c-f6ef-412c-8455-13272c4415d9: 22 groups; 0.8 s; peak memory 1308 MiB.
2026-10-05T16:23:16Z INFO [142/900] 460b3fe0-2283-4e9c-af7f-99c0a07ef400: 36 groups; 1.0 s; peak memory 1308 MiB.
2026-10-05T16:23:23Z INFO [143/900] 460bbe41-4177-415c-acfa-f658706457dc: 241 groups; 7.6 s; peak memory 1308 MiB.
2026-10-05T16:23:24Z INFO [144/900] 460bdc5f-2424-459b-8326-14fa1997bf44: 24 groups; 0.6 s; peak memory 1308 MiB.
2026-10-05T16:23:25Z INFO [145/900] 460be9fb-c49e-4356-905f-1935e275a073: 33 groups; 1.1 s; peak memory 1308 MiB.
2026-10-05T16:23:26Z INFO [146/900] 460ca138-bde5-40e9-bdcb-13f9cf44cd70: 32 groups; 0.8 s; peak memory 1308 MiB.
2026-10-05T16:23:27Z INFO [147/900] 460ca295-05a5-45d1-9d06-8c073c23cfc1: 35 groups; 1.1 s; peak memory 1308 MiB.
2026-10-05T16:23:28Z INFO [148/900] 460d2d9e-f0fd-4ac6-9f68-b38567ccbe84: 67 groups; 0.9 s; peak memory 1308 MiB.
2026-10-05T16:23:30Z INFO [149/900] 460e30ee-6b75-4863-a908-f8f5aa5a823f: 48 groups; 1.7 s; peak memory 1308 MiB.
2026-10-05T16:23:30Z INFO [150/900] 460e8833-4b24-43ee-b64c-79fe84d0391a: 22 groups; 0.8 s; peak memory 1308 MiB.
2026-10-05T16:23:30Z INFO [150/900] 460e8833-4b24-43ee-b64c-79fe84d0391a: checkpointed 80686 records.
2026-10-05T16:23:31Z INFO [151/900] 460eb320-a4d7-4eaf-893f-e66a64469586: 26 groups; 0.7 s; peak memory 1308 MiB.
2026-10-05T16:23:33Z INFO [152/900] 460fa42b-22ab-4eaf-993e-38dc020c4985: 48 groups; 1.9 s; peak memory 1308 MiB.
2026-10-05T16:23:48Z INFO [153/900] 4610e995-7a0c-4af9-a928-26899f01f927: 3152 groups; 14.7 s; peak memory 1308 MiB.
2026-10-05T16:23:49Z INFO [154/900] 46118300-e433-4432-990f-02b9ee38984a: 25 groups; 0.9 s; peak memory 1308 MiB.
2026-10-05T16:23:50Z INFO [155/900] 4611e314-a833-47b0-81fb-8bcf0323db4d: 35 groups; 1.1 s; peak memory 1308 MiB.
2026-10-05T16:23:57Z INFO [156/900] 46127332-0cdd-433f-91c1-a248776f2663: 36 groups; 7.5 s; peak memory 1308 MiB.
2026-10-05T16:23:58Z INFO [157/900] 4612fd41-17a0-40f1-8049-1cafddea0cbf: 203 groups; 1.1 s; peak memory 1308 MiB.
2026-10-05T16:23:59Z INFO [158/900] 4613d288-aaf8-4f90-accf-c74fe03cb405: 22 groups; 0.8 s; peak memory 1308 MiB.
2026-10-05T16:24:07Z INFO [159/900] 46143dfc-a830-42f3-89c7-06e063f41080: 1812 groups; 7.5 s; peak memory 1308 MiB.
2026-10-05T16:26:20Z INFO [160/900] 46152a74-bed4-45b7-8b9b-096102d7bda7: 77 groups; 133.1 s; peak memory 1308 MiB.
2026-10-05T16:26:21Z INFO [161/900] 461637df-d633-4089-b642-0300cc7e0235: 25 groups; 0.9 s; peak memory 1308 MiB.
2026-10-05T16:26:22Z INFO [162/900] 46163b74-f7c9-410b-9583-aab4b5e49b05: 22 groups; 0.9 s; peak memory 1308 MiB.
2026-10-05T16:26:23Z INFO [163/900] 4616aa87-714d-407b-b06f-7e3d597cabb6: 22 groups; 0.9 s; peak memory 1308 MiB.
2026-10-05T16:26:24Z INFO [164/900] 4616efb1-c859-4a4c-b878-b0e61dee4954: 35 groups; 1.3 s; peak memory 1308 MiB.
2026-10-05T16:26:25Z INFO [165/900] 46182edb-4d95-4511-9420-0e976776ca2e: 48 groups; 1.7 s; peak memory 1308 MiB.
2026-10-05T16:26:27Z INFO [166/900] 461905be-76ef-4a2b-9574-833d629fb203: 48 groups; 1.5 s; peak memory 1308 MiB.
2026-10-05T16:26:28Z INFO [167/900] 4619c159-e123-4041-b4f4-4f1489b62b68: 35 groups; 1.0 s; peak memory 1308 MiB.
2026-10-05T16:26:29Z INFO [168/900] 4619c20b-e64a-4d93-b3e0-e7bd76bd5e24: 71 groups; 0.7 s; peak memory 1308 MiB.
2026-10-05T16:26:29Z INFO [169/900] 4619d01d-ece7-4bbb-bcc5-04265a8ada9b: 22 groups; 0.8 s; peak memory 1308 MiB.
2026-10-05T16:26:37Z INFO [170/900] 461a11d6-77a9-416e-9d36-334da3e458a7: 158 groups; 7.8 s; peak memory 1308 MiB.
2026-10-05T16:27:35Z INFO [171/900] 461a2cb3-314e-4745-b416-13c2700f8909: 36 groups; 57.4 s; peak memory 1308 MiB.
2026-10-05T16:27:35Z INFO [172/900] 461a37c4-a9a4-42ad-b888-d2c97d8d7d74: 30 groups; 0.7 s; peak memory 1308 MiB.
2026-10-05T16:27:40Z INFO [173/900] 461a61e2-9ffc-4c67-9b1f-84be2e468b78: 238 groups; 4.7 s; peak memory 1308 MiB.
2026-10-05T16:27:42Z INFO [174/900] 461adc06-c97f-4b61-a02f-9136f9b2159e: 48 groups; 1.7 s; peak memory 1308 MiB.
2026-10-05T16:27:46Z INFO [175/900] 461c4cd1-bc7c-44de-ae16-77153bcff4cb: 113 groups; 4.3 s; peak memory 1308 MiB.
2026-10-05T16:27:47Z INFO [176/900] 461ce1c9-d56d-4bbc-b286-187b5f36a0b5: 28 groups; 1.0 s; peak memory 1308 MiB.
2026-10-05T16:27:48Z INFO [177/900] 461dd48e-7c21-443c-aac2-42bc46d1bbc8: 33 groups; 1.0 s; peak memory 1308 MiB.
2026-10-05T16:27:49Z INFO [178/900] 461de6d4-43ed-4ef8-a5c7-6f078f68fa3f: 22 groups; 0.8 s; peak memory 1308 MiB.
2026-10-05T16:27:49Z INFO [179/900] 461e3572-4d70-4a54-9edf-0b0214bdb80d: 33 groups; 0.8 s; peak memory 1308 MiB.
2026-10-05T16:27:51Z INFO [180/900] 461f9618-df47-4586-aac2-d45088a5e99c: 195 groups; 1.4 s; peak memory 1308 MiB.
2026-10-05T16:27:52Z INFO [181/900] 461f98d2-080c-48ef-aa03-1156cc755824: 32 groups; 0.8 s; peak memory 1308 MiB.
2026-10-05T16:27:52Z INFO [182/900] 4620135a-1cba-46d1-afa8-018e0db3f815: 32 groups; 0.8 s; peak memory 1308 MiB.
2026-10-05T16:27:54Z INFO [183/900] 46207bd1-67ea-412d-b252-dd9b8e346f1c: 35 groups; 1.1 s; peak memory 1308 MiB.
2026-10-05T16:28:04Z INFO [184/900] 4620c13e-5700-442d-8eac-96e88e531129: 260 groups; 10.4 s; peak memory 1308 MiB.
2026-10-05T16:28:05Z INFO [185/900] 4623b507-2905-48a4-a226-63e657a38999: 22 groups; 0.7 s; peak memory 1308 MiB.
2026-10-05T16:28:06Z INFO [186/900] 4623d2e5-f783-4ec4-baa5-67b3a4ce35f3: 35 groups; 1.2 s; peak memory 1308 MiB.
2026-10-05T16:28:08Z INFO [187/900] 4623dc56-7098-48ff-98fc-bd932f2c4726: 17 groups; 1.9 s; peak memory 1308 MiB.
2026-10-05T16:28:08Z INFO [188/900] 4623e248-cd17-4de4-b27f-02a8ac610460: 31 groups; 0.6 s; peak memory 1308 MiB.
2026-10-05T16:28:09Z INFO [189/900] 462431be-e07f-4328-ad02-fbcd819f81d4: 32 groups; 0.8 s; peak memory 1308 MiB.
2026-10-05T16:28:10Z INFO [190/900] 46246b57-57cc-4993-89d6-f6cd01ee7fc9: 201 groups; 1.1 s; peak memory 1308 MiB.
2026-10-05T16:28:11Z INFO [191/900] 46248875-0d6d-4a22-9617-e6b66e1de05a: 32 groups; 0.9 s; peak memory 1308 MiB.
2026-10-05T16:28:13Z INFO [192/900] 46253a2c-009c-4c88-b1ec-2717de5c71bd: 48 groups; 1.7 s; peak memory 1308 MiB.
2026-10-05T16:28:14Z INFO [193/900] 4625628f-97e2-4b80-a4f5-1305806d9078: 32 groups; 1.1 s; peak memory 1308 MiB.
2026-10-05T16:28:15Z INFO [194/900] 4625baca-0586-4262-9d00-d95f6b18305f: 35 groups; 1.1 s; peak memory 1308 MiB.
2026-10-05T16:28:17Z INFO [195/900] 4626a217-388e-4d03-9ef4-f30f4c6db32b: 72 groups; 1.6 s; peak memory 1308 MiB.
2026-10-05T16:28:19Z INFO [196/900] 4626c13a-6ddf-4582-9817-8aa1a1e07b65: 129 groups; 2.9 s; peak memory 1308 MiB.
2026-10-05T16:28:20Z INFO [197/900] 4627346e-0a83-48e0-a178-884265d660e0: 28 groups; 0.7 s; peak memory 1308 MiB.
2026-10-05T16:28:21Z INFO [198/900] 4627b1a3-a9e0-47a1-9fc5-c5664ee958f4: 16 groups; 0.5 s; peak memory 1308 MiB.
2026-10-05T16:28:22Z INFO [199/900] 462840d2-bf47-4b05-a72f-fde3c90cf241: 35 groups; 1.2 s; peak memory 1308 MiB.
2026-10-05T16:28:23Z INFO [200/900] 46287be8-e413-4ea4-902a-b92a3a75a631: 43 groups; 1.1 s; peak memory 1308 MiB.
2026-10-05T16:28:23Z INFO [200/900] 46287be8-e413-4ea4-902a-b92a3a75a631: checkpointed 80736 records.
2026-10-05T16:28:24Z INFO [201/900] 46289c6c-687e-4e0c-82f6-bffb9549f83d: 35 groups; 1.2 s; peak memory 1308 MiB.
2026-10-05T16:28:25Z INFO [202/900] 4628d4da-f2a8-491f-b5aa-832627389c58: 35 groups; 1.0 s; peak memory 1308 MiB.
2026-10-05T16:28:30Z INFO [203/900] 462921b1-649a-49ba-9310-b525b202a046: 85 groups; 4.6 s; peak memory 1308 MiB.
2026-10-05T16:28:31Z INFO [204/900] 462a5ec7-ace1-4765-9c2a-03c300259a65: 16 groups; 0.7 s; peak memory 1308 MiB.
2026-10-05T16:28:31Z INFO [205/900] 462a9247-5bd6-455b-9db2-f322f7e18a2a: 30 groups; 0.5 s; peak memory 1308 MiB.
2026-10-05T16:28:32Z INFO [206/900] 462b4449-bc94-472f-b2b5-dfde49a4c9ca: 25 groups; 0.8 s; peak memory 1308 MiB.
2026-10-05T16:28:33Z INFO [207/900] 462b8f6f-04aa-4c85-b7c4-dfe27006c623: 194 groups; 1.0 s; peak memory 1308 MiB.
2026-10-05T16:28:34Z INFO [208/900] 462c0806-bbaa-4702-8b14-b625e5ff9cd5: 22 groups; 0.7 s; peak memory 1308 MiB.
2026-10-05T16:28:36Z INFO [209/900] 462c28fc-7b88-4e7e-a61d-ea8a5d26af79: 71 groups; 2.3 s; peak memory 1308 MiB.
2026-10-05T16:28:38Z INFO [210/900] 462c4a48-1c40-48ff-8015-3b6b0fc52782: 17 groups; 1.7 s; peak memory 1308 MiB.
2026-10-05T16:28:38Z INFO [211/900] 462d145c-7c2d-4fe3-82df-ad5988f113d3: 25 groups; 0.6 s; peak memory 1308 MiB.
2026-10-05T16:28:39Z INFO [212/900] 462d2d23-cf56-4927-bb66-f8700dc28026: 32 groups; 0.9 s; peak memory 1308 MiB.
2026-10-05T16:28:40Z INFO [213/900] 462dbdb3-1810-4b56-a9d7-90a7e771ea0c: 35 groups; 1.1 s; peak memory 1308 MiB.
2026-10-05T16:28:41Z INFO [214/900] 462ebb0c-ad56-4c77-a882-dcac9478c922: 22 groups; 0.8 s; peak memory 1308 MiB.
2026-10-05T16:28:42Z INFO [215/900] 46305d48-e71c-4cd5-ac0f-6729919630fe: 22 groups; 0.9 s; peak memory 1308 MiB.
2026-10-05T16:28:43Z INFO [216/900] 4630c94e-e5ca-4709-8d70-35691affcd63: 35 groups; 1.1 s; peak memory 1308 MiB.
2026-10-05T16:28:44Z INFO [217/900] 4630f6b2-3537-44e2-b77a-509c250914fb: 35 groups; 1.2 s; peak memory 1308 MiB.
2026-10-05T16:28:45Z INFO [218/900] 4631122f-e007-4277-bef5-0b2ecd3d2900: 22 groups; 0.7 s; peak memory 1308 MiB.
2026-10-05T16:30:52Z INFO [219/900] 46315156-48e6-42bb-87cb-1abe5128db58: 81 groups; 127.6 s; peak memory 1308 MiB.
2026-10-05T16:30:54Z INFO [220/900] 463282f4-5259-4848-8d36-e49a4714e4ab: 29 groups; 1.0 s; peak memory 1308 MiB.
2026-10-05T16:30:54Z INFO [221/900] 4632bfb4-a04e-491c-a4f0-813df601e77b: 22 groups; 0.9 s; peak memory 1308 MiB.
2026-10-05T16:30:56Z INFO [222/900] 463350d4-3be5-45c4-a18b-dc4d55283a79: 36 groups; 1.6 s; peak memory 1308 MiB.
2026-10-05T16:30:57Z INFO [223/900] 463380a0-5bbf-4ec5-bc67-bea07fd2e793: 32 groups; 1.0 s; peak memory 1308 MiB.
2026-10-05T16:31:10Z INFO [224/900] 46344a61-a16c-4402-8275-df631a010039: 1709 groups; 13.3 s; peak memory 1308 MiB.
2026-10-05T16:31:11Z INFO [225/900] 463673bc-54e1-4063-8e9f-435969523710: 22 groups; 0.8 s; peak memory 1308 MiB.
2026-10-05T16:31:12Z INFO [226/900] 4636bbde-594c-4d4c-853b-90981aaf913d: 22 groups; 0.8 s; peak memory 1308 MiB.
2026-10-05T16:31:13Z INFO [227/900] 4637d113-4656-470f-b927-9d3d4d7ce679: 35 groups; 1.0 s; peak memory 1308 MiB.
2026-10-05T16:31:14Z INFO [228/900] 4637d87c-591a-4a7e-b360-2f2fc8b64409: 24 groups; 1.1 s; peak memory 1308 MiB.
2026-10-05T16:31:15Z INFO [229/900] 4638152f-266a-4dd4-bac4-3d20fffd2d60: 71 groups; 0.8 s; peak memory 1308 MiB.
2026-10-05T16:31:16Z INFO [230/900] 4638e8f3-f9a6-4655-81b8-c8b7dc599c3d: 32 groups; 1.0 s; peak memory 1308 MiB.
2026-10-05T16:31:17Z INFO [231/900] 4638f9f3-50d5-40cc-8ba3-ce4943752bca: 54 groups; 1.6 s; peak memory 1308 MiB.
2026-10-05T16:31:19Z INFO [232/900] 4639015d-28f6-4742-9dfc-9394b4fed929: 43 groups; 1.0 s; peak memory 1308 MiB.
2026-10-05T16:31:19Z INFO [233/900] 46391962-9193-4fb0-9578-efe275fb8d97: 16 groups; 0.5 s; peak memory 1308 MiB.
2026-10-05T16:31:20Z INFO [234/900] 4639b2cb-a25b-4c53-960b-d8e1b0c47934: 25 groups; 0.7 s; peak memory 1308 MiB.
2026-10-05T16:31:21Z INFO [235/900] 4639eaf5-c3f3-44d4-8278-717c10b9d712: 22 groups; 0.8 s; peak memory 1308 MiB.
2026-10-05T16:31:21Z INFO [236/900] 4639f640-47e3-443d-9507-5617b4733d57: 22 groups; 0.9 s; peak memory 1308 MiB.
2026-10-05T16:31:22Z INFO [237/900] 4639fdd6-7fca-4c48-9f98-cd4792f0e655: 22 groups; 1.0 s; peak memory 1308 MiB.
2026-10-05T16:31:23Z INFO [238/900] 463a29db-77f7-4354-8ff6-397eec5f1795: 28 groups; 0.6 s; peak memory 1308 MiB.
2026-10-05T16:31:24Z INFO [239/900] 463a37b2-8960-476b-94f6-29c6a73bd999: 22 groups; 0.9 s; peak memory 1308 MiB.
2026-10-05T16:31:25Z INFO [240/900] 463a3956-53b5-4267-8e9d-3b89d53c19c3: 30 groups; 1.0 s; peak memory 1308 MiB.
2026-10-05T16:31:26Z INFO [241/900] 463a774c-0f8a-446e-9e20-738650299d80: 22 groups; 0.7 s; peak memory 1308 MiB.
2026-10-05T16:31:27Z INFO [242/900] 463b4310-af01-461f-8505-2fb58c66d5cb: 32 groups; 0.9 s; peak memory 1308 MiB.
2026-10-05T16:31:27Z INFO [243/900] 463ca0cc-a4aa-4311-9a6c-4800ea933bfd: 33 groups; 0.7 s; peak memory 1308 MiB.
2026-10-05T16:31:37Z INFO [244/900] 463d5e40-5f5e-4743-b252-a2357402e4cc: 212 groups; 9.9 s; peak memory 1308 MiB.
2026-10-05T16:31:38Z INFO [245/900] 463db8b7-d2d9-4445-af60-9077286d4be7: 33 groups; 0.8 s; peak memory 1308 MiB.
2026-10-05T16:31:43Z INFO [246/900] 463dccf9-e8d4-4d92-bc3b-f771a2f8da54: 509 groups; 5.3 s; peak memory 1308 MiB.
2026-10-05T16:31:44Z INFO [247/900] 463eff0b-2c5b-4b4b-b693-2d9e38bce508: 35 groups; 1.1 s; peak memory 1308 MiB.
2026-10-05T16:31:49Z INFO [248/900] 463f1e0a-3d4d-4d65-9d21-6ceb94cda230: 181 groups; 4.3 s; peak memory 1308 MiB.
2026-10-05T16:31:49Z INFO [249/900] 463f89a3-4cd6-43ce-8096-60c80e4f366e: 29 groups; 0.7 s; peak memory 1308 MiB.
2026-10-05T16:31:53Z INFO [250/900] 464016f3-9d60-4120-9e3e-f392602189b7: 78 groups; 3.3 s; peak memory 1308 MiB.
2026-10-05T16:31:53Z INFO [250/900] 464016f3-9d60-4120-9e3e-f392602189b7: checkpointed 80786 records.
2026-10-05T17:00:30Z INFO [251/900] 4640691a-4965-4632-8047-c2f3572dd1b5: 175 groups; 1717.0 s; peak memory 1308 MiB.
2026-10-05T17:00:53Z INFO [252/900] 4641cee3-9280-4418-a24e-4ea4ec1bb6da: 23 groups; 23.3 s; peak memory 1308 MiB.
2026-10-05T17:00:55Z INFO [253/900] 464219e0-ba1c-4954-8ae7-f39794374640: 52 groups; 2.2 s; peak memory 1308 MiB.
2026-10-05T17:00:56Z INFO [254/900] 4642bbc4-1138-4fde-a68a-39b635746253: 32 groups; 0.8 s; peak memory 1308 MiB.
2026-10-05T17:00:57Z INFO [255/900] 4642ce85-1d4b-4f50-aba1-fddcce817b90: 16 groups; 0.6 s; peak memory 1308 MiB.
2026-10-05T17:00:58Z INFO [256/900] 46430eb6-ec32-48f3-9185-f8724ddb576f: 29 groups; 0.9 s; peak memory 1308 MiB.
2026-10-05T17:00:58Z INFO [257/900] 46432f51-5efa-4f04-83ed-810b71588720: 32 groups; 0.9 s; peak memory 1308 MiB.
2026-10-05T17:00:59Z INFO [258/900] 46435156-d835-4442-933f-965bbf7fcd69: 52 groups; 1.0 s; peak memory 1308 MiB.
2026-10-05T17:01:00Z INFO [259/900] 4643ec03-06eb-4dce-b64b-69fee453c0a6: 22 groups; 0.7 s; peak memory 1308 MiB.
2026-10-05T17:01:01Z INFO [260/900] 464548fb-e0ae-490d-8936-563dcc2ffe04: 18 groups; 0.6 s; peak memory 1308 MiB.
2026-10-05T17:01:02Z INFO [261/900] 464571d9-466a-4a20-aa98-cdb63dd35579: 31 groups; 1.5 s; peak memory 1308 MiB.
2026-10-05T17:01:03Z INFO [262/900] 464795e6-2621-45ac-aec3-dd297271c5a9: 24 groups; 0.8 s; peak memory 1308 MiB.
2026-10-05T17:01:10Z INFO [263/900] 46485275-81e1-48cb-9bde-0f06d3045bc3: 68 groups; 7.3 s; peak memory 1308 MiB.
2026-10-05T17:01:11Z INFO [264/900] 464869e2-c50f-465e-baa1-7c84956d8b82: 17 groups; 0.6 s; peak memory 1308 MiB.
2026-10-05T17:01:12Z INFO [265/900] 4649353c-1add-4861-adab-63680aa935e3: 33 groups; 0.8 s; peak memory 1308 MiB.
2026-10-05T17:01:14Z INFO [266/900] 4649d85e-eb1e-4edc-97e0-2f2c64453cc4: 67 groups; 1.8 s; peak memory 1308 MiB.
2026-10-05T17:01:17Z INFO [267/900] 464a3018-cf1b-4ed0-b69c-dd2f6325462b: 131 groups; 3.7 s; peak memory 1308 MiB.
2026-10-05T17:01:18Z INFO [268/900] 464a5319-3647-46a7-9dbb-5a51c0117b7e: 202 groups; 0.9 s; peak memory 1308 MiB.
2026-10-05T17:01:19Z INFO [269/900] 464ac320-886d-41bf-8d8e-355f7c75edc4: 35 groups; 1.3 s; peak memory 1308 MiB.
2026-10-05T17:01:20Z INFO [270/900] 464b62bc-4a68-4e24-af21-62d654c507a9: 25 groups; 0.7 s; peak memory 1308 MiB.
2026-10-05T17:01:27Z INFO [271/900] 464bd9d2-6ef6-4b36-936a-9cc31d2b9448: 221 groups; 7.3 s; peak memory 1308 MiB.
2026-10-05T17:01:36Z INFO [272/900] 464be8e2-62fc-424b-8ab3-4a7e728e8736: 300 groups; 8.6 s; peak memory 1308 MiB.
2026-10-05T17:01:37Z INFO [273/900] 464c4b71-67cc-4035-8f6b-af0080ce6145: 22 groups; 0.7 s; peak memory 1308 MiB.
2026-10-05T17:33:12Z INFO [274/900] 464d038f-aa58-40dd-ac6d-9dc745bc4456: 32 groups; 1895.5 s; peak memory 1308 MiB.
2026-10-05T17:33:14Z INFO [275/900] 464f742c-3649-43d8-b275-a5c25d3b6771: 50 groups; 2.1 s; peak memory 1308 MiB.
2026-10-05T17:33:15Z INFO [276/900] 464f8317-8151-4025-a5de-b13973d6527a: 26 groups; 0.7 s; peak memory 1308 MiB.
2026-10-05T17:33:23Z INFO [277/900] 46507562-407f-4ba5-8205-e6e411dd9788: 273 groups; 7.8 s; peak memory 1308 MiB.
2026-10-05T17:33:24Z INFO [278/900] 4650bdf6-8943-4c29-aaeb-96c2321462b4: 207 groups; 1.4 s; peak memory 1308 MiB.
2026-10-05T17:33:25Z INFO [279/900] 4651b1d7-8a10-4d9a-8a1c-fcac12992887: 21 groups; 0.9 s; peak memory 1308 MiB.
2026-10-05T17:33:26Z INFO [280/900] 46524aa8-1967-4cfb-8beb-b66bd98514c4: 22 groups; 0.8 s; peak memory 1308 MiB.
2026-10-05T17:33:28Z INFO [281/900] 4653e017-c923-4bb4-ae77-45c525ee6df7: 35 groups; 2.3 s; peak memory 1308 MiB.
2026-10-05T17:33:29Z INFO [282/900] 4655612d-7cac-45a3-a07f-09005815a87a: 27 groups; 1.1 s; peak memory 1308 MiB.
2026-10-05T17:33:30Z INFO [283/900] 4656bb48-f71d-43c2-97a9-5afc8e814a5b: 28 groups; 0.6 s; peak memory 1308 MiB.
2026-10-05T17:33:31Z INFO [284/900] 4658085b-8a0c-44df-9d36-9752aa5a7587: 336 groups; 1.4 s; peak memory 1308 MiB.
2026-10-05T17:33:32Z INFO [285/900] 4658c4fc-b084-40e8-bdba-1efb4358d287: 35 groups; 0.9 s; peak memory 1308 MiB.
2026-10-05T17:33:33Z INFO [286/900] 4659c573-6947-42a4-b690-d7702d9fe0f1: 22 groups; 0.7 s; peak memory 1308 MiB.
2026-10-05T17:33:39Z INFO [287/900] 4659d96b-478b-42e4-84a3-a958bb2ac008: 195 groups; 6.5 s; peak memory 1308 MiB.
2026-10-05T17:33:41Z INFO [288/900] 4659ea12-f81b-4c21-af65-bedd05b6a687: 64 groups; 1.7 s; peak memory 1308 MiB.
2026-10-05T17:33:42Z INFO [289/900] 465a7e9b-5832-40df-92a3-cc8176861753: 35 groups; 1.0 s; peak memory 1308 MiB.
2026-10-05T17:33:43Z INFO [290/900] 465a80e1-b49a-400a-a049-2ab6c0473674: 71 groups; 1.5 s; peak memory 1308 MiB.
2026-10-05T17:33:44Z INFO [291/900] 465a81d3-7007-4571-ba49-ae6869ac3880: 29 groups; 0.6 s; peak memory 1308 MiB.
2026-10-05T17:33:45Z INFO [292/900] 465ab31a-e332-4d5b-93d2-9527f74851f2: 22 groups; 0.7 s; peak memory 1308 MiB.
2026-10-05T17:33:45Z INFO [293/900] 465ac9eb-8a19-4b1c-9c96-0b209de89705: 17 groups; 0.7 s; peak memory 1308 MiB.
2026-10-05T17:33:50Z INFO [294/900] 465b4060-9439-48f9-82fc-79427b839d58: 105 groups; 4.4 s; peak memory 1308 MiB.
2026-10-05T17:33:51Z INFO [295/900] 465b4c90-9cf7-4dd1-8551-02324bae6350: 36 groups; 1.0 s; peak memory 1308 MiB.
2026-10-05T17:33:52Z INFO [296/900] 465b68b6-c713-484d-a938-4e7131af3d11: 44 groups; 0.8 s; peak memory 1308 MiB.
2026-10-05T17:33:53Z INFO [297/900] 465c8d05-2c06-4468-abd3-026cf08eb27f: 35 groups; 1.0 s; peak memory 1308 MiB.
2026-10-05T17:33:53Z INFO [298/900] 465c9745-01ce-4aee-a045-b9cfdc98fc40: 31 groups; 0.6 s; peak memory 1308 MiB.
2026-10-05T17:33:54Z INFO [299/900] 465cc58a-910b-4fe1-9e52-d006672e93e1: 26 groups; 0.8 s; peak memory 1308 MiB.
2026-10-05T17:33:55Z INFO [300/900] 465cd262-dfcd-49ff-8048-b01ab7245b05: 35 groups; 1.0 s; peak memory 1308 MiB.
2026-10-05T17:33:55Z INFO [300/900] 465cd262-dfcd-49ff-8048-b01ab7245b05: checkpointed 80836 records.
2026-10-05T17:34:14Z INFO [301/900] 465dbea6-9571-4ea5-9d60-babc0efef793: 3032 groups; 18.7 s; peak memory 1308 MiB.
2026-10-05T17:34:15Z INFO [302/900] 465df313-8c3e-423a-b277-fea07db81ac7: 22 groups; 0.9 s; peak memory 1308 MiB.
2026-10-05T17:34:17Z INFO [303/900] 465eb035-5c1e-4ea6-8a98-8e018c361eec: 50 groups; 2.2 s; peak memory 1308 MiB.
2026-10-05T17:34:18Z INFO [304/900] 465f3223-a998-42a8-ab69-b200236ec412: 22 groups; 0.8 s; peak memory 1308 MiB.
2026-10-05T17:34:18Z INFO [305/900] 465f3a43-155c-4c54-8246-110637eb2caa: 103 groups; 0.8 s; peak memory 1308 MiB.
2026-10-05T17:34:20Z INFO [306/900] 46619c9f-b66a-4818-8d78-117b42663514: 17 groups; 1.4 s; peak memory 1308 MiB.
2026-10-05T17:34:20Z INFO [307/900] 4661a7ee-c3d7-4ac9-8182-9321bf6251ad: 22 groups; 0.7 s; peak memory 1308 MiB.
2026-10-05T17:34:21Z INFO [308/900] 4661af19-62ea-4896-8a53-e948215c0c8c: 22 groups; 0.7 s; peak memory 1308 MiB.
2026-10-05T17:34:22Z INFO [309/900] 4662c596-59d0-491b-bd55-fe416818b96a: 22 groups; 0.8 s; peak memory 1308 MiB.
2026-10-05T17:34:23Z INFO [310/900] 4663a657-d797-4181-8f9c-9c7e36aded84: 22 groups; 0.7 s; peak memory 1308 MiB.
2026-10-05T17:34:23Z INFO [311/900] 4663f9e8-067f-4a09-a836-a818989516fb: 22 groups; 0.7 s; peak memory 1308 MiB.
2026-10-05T17:34:24Z INFO [312/900] 4664746e-6a40-44a0-9f27-89ec28938e7b: 35 groups; 1.0 s; peak memory 1308 MiB.
2026-10-05T17:34:25Z INFO [313/900] 46650974-00a6-4a3e-850f-050e9c0541b6: 202 groups; 1.1 s; peak memory 1308 MiB.
2026-10-05T17:34:26Z INFO [314/900] 46651db0-9f5a-436e-bb72-125b94f73928: 32 groups; 0.8 s; peak memory 1308 MiB.
2026-10-05T17:34:27Z INFO [315/900] 4665ab15-57ec-4c41-bc35-bbd8d74d9503: 16 groups; 0.5 s; peak memory 1308 MiB.
2026-10-05T17:34:52Z INFO [316/900] 466631c4-ec62-450c-897d-143596bde9e3: 23 groups; 25.2 s; peak memory 1308 MiB.
2026-10-05T17:34:53Z INFO [317/900] 4666369f-9a41-4d9b-a9a9-dba758196e89: 22 groups; 0.9 s; peak memory 1308 MiB.
2026-10-05T17:34:54Z INFO [318/900] 46667faa-9ec4-4403-ae38-42f59e146d8f: 32 groups; 0.9 s; peak memory 1308 MiB.
2026-10-05T17:34:59Z INFO [319/900] 466687f8-ebc3-43c4-b294-93c5d2a60a70: 153 groups; 5.1 s; peak memory 1308 MiB.
2026-10-05T17:35:00Z INFO [320/900] 4666b79e-35ef-4c00-81eb-3252ca4411d8: 32 groups; 1.0 s; peak memory 1308 MiB.
2026-10-05T17:35:00Z INFO [321/900] 46671f54-1e29-4ed6-8577-e85644aca21f: 16 groups; 0.7 s; peak memory 1308 MiB.
2026-10-05T17:35:02Z INFO [322/900] 466766fd-3c52-4ea6-89bd-bb47525938c3: 48 groups; 1.8 s; peak memory 1308 MiB.
2026-10-05T17:35:04Z INFO [323/900] 46692956-d6de-4ddf-8955-5b5452be0590: 48 groups; 2.0 s; peak memory 1308 MiB.
2026-10-05T17:35:05Z INFO [324/900] 466a6d79-a42e-49f5-86f8-18e745573364: 87 groups; 0.9 s; peak memory 1308 MiB.
2026-10-05T17:35:06Z INFO [325/900] 466a7323-19e3-4131-8d4d-3561db67e87d: 25 groups; 0.8 s; peak memory 1308 MiB.
2026-10-05T17:35:22Z INFO [326/900] 466ae1de-6811-4e03-95fd-53333d9eb5c0: 227 groups; 15.6 s; peak memory 1308 MiB.
2026-10-05T17:35:22Z INFO [327/900] 466c0e8b-fe4a-428c-92d5-f2fd5ec95e37: 24 groups; 0.8 s; peak memory 1308 MiB.
2026-10-05T17:35:23Z INFO [328/900] 466d699c-3131-4ff7-88ae-77357f50298f: 22 groups; 0.8 s; peak memory 1308 MiB.
2026-10-05T17:35:28Z INFO [329/900] 466eb78b-065a-47fb-a959-8633a41ef213: 43 groups; 5.4 s; peak memory 1308 MiB.
2026-10-05T17:37:29Z INFO [330/900] 466f8d45-0d94-4dae-8a18-6b0b00eb81ee: 60 groups; 120.9 s; peak memory 1308 MiB.
2026-10-05T17:37:31Z INFO [331/900] 46700832-8aba-4f6d-a831-c91c659956d0: 35 groups; 1.3 s; peak memory 1308 MiB.
2026-10-05T17:37:32Z INFO [332/900] 46701072-666b-43e4-8b4e-31e5733e2f30: 195 groups; 1.1 s; peak memory 1308 MiB.
2026-10-05T17:37:33Z INFO [333/900] 4670adfe-7d0d-45fa-a988-ce40c68252a1: 22 groups; 0.8 s; peak memory 1308 MiB.
2026-10-05T17:37:36Z INFO [334/900] 467113a6-be1b-444e-b81a-5d9bd7543278: 181 groups; 3.0 s; peak memory 1308 MiB.
2026-10-05T17:37:37Z INFO [335/900] 46712642-7948-4615-90cc-f3cf257dcea7: 36 groups; 1.1 s; peak memory 1308 MiB.
2026-10-05T18:05:53Z INFO [336/900] 4671de95-7147-4d63-b6fd-33956d619158: 496 groups; 1696.7 s; peak memory 1308 MiB.
2026-10-05T18:05:54Z INFO [337/900] 46723583-bc68-47f4-8a8e-6f0ab0f5d303: 31 groups; 0.8 s; peak memory 1308 MiB.
2026-10-05T18:05:55Z INFO [338/900] 46723fab-b1c5-4bb9-b2bd-5a8b39cdb3ec: 16 groups; 0.6 s; peak memory 1308 MiB.
2026-10-05T18:05:56Z INFO [339/900] 46724cab-1f91-49be-b064-156060c04648: 22 groups; 0.8 s; peak memory 1308 MiB.
2026-10-05T18:05:56Z INFO [340/900] 467295be-6b0d-45be-99fd-d08628c4e3b4: 16 groups; 0.6 s; peak memory 1308 MiB.
2026-10-05T18:05:57Z INFO [341/900] 4672aac2-2072-4b3f-8a3e-b6ffb4efaae1: 20 groups; 0.6 s; peak memory 1308 MiB.
2026-10-05T18:05:58Z INFO [342/900] 4672de5b-1eb0-4bff-bfb6-959194d3d605: 25 groups; 0.9 s; peak memory 1308 MiB.
2026-10-05T18:05:59Z INFO [343/900] 46732718-8e5e-4c14-9188-683f469f3d4c: 22 groups; 0.9 s; peak memory 1308 MiB.
2026-10-05T18:05:59Z INFO [344/900] 4673bc32-3b83-4921-b8d3-725e83305884: 16 groups; 0.5 s; peak memory 1308 MiB.
2026-10-05T18:06:01Z INFO [345/900] 4673c413-a8d3-4658-a953-8e2eaf4bba34: 64 groups; 1.7 s; peak memory 1308 MiB.
2026-10-05T18:06:02Z INFO [346/900] 4673e0bd-b48b-42fb-8c21-2d4678d747c4: 252 groups; 0.7 s; peak memory 1308 MiB.
2026-10-05T18:06:03Z INFO [347/900] 467401cd-333d-4c0b-a69b-41c9f9b4873d: 35 groups; 0.9 s; peak memory 1308 MiB.
2026-10-05T18:06:03Z INFO [348/900] 4674240a-3e99-4f81-b042-cd3aab941016: 17 groups; 0.8 s; peak memory 1308 MiB.
2026-10-05T18:06:14Z INFO [349/900] 4674881d-d6f9-43b1-b68f-d71c15a8f11e: 417 groups; 11.2 s; peak memory 1308 MiB.
2026-10-05T18:06:15Z INFO [350/900] 4674d0fb-25f0-4324-948f-139a0f8743bd: 32 groups; 0.9 s; peak memory 1308 MiB.
2026-10-05T18:06:16Z INFO [350/900] 4674d0fb-25f0-4324-948f-139a0f8743bd: checkpointed 80886 records.
2026-10-05T18:08:28Z INFO [351/900] 46760986-9aca-4730-885d-0b554d57b4da: 60 groups; 132.3 s; peak memory 1308 MiB.
2026-10-05T18:08:29Z INFO [352/900] 467613c4-f1b0-4ca1-ae91-73245406334d: 48 groups; 1.7 s; peak memory 1308 MiB.
2026-10-05T18:08:31Z INFO [353/900] 46779862-53a4-4a23-a40b-6f1fb138b1c4: 36 groups; 1.3 s; peak memory 1308 MiB.
2026-10-05T18:08:32Z INFO [354/900] 4677e37c-4b1b-4e6b-9638-e598ffd742b2: 22 groups; 0.8 s; peak memory 1308 MiB.
2026-10-05T18:08:40Z INFO [355/900] 46782052-86f8-49a7-8e65-b298cb82e9b6: 268 groups; 8.0 s; peak memory 1308 MiB.
2026-10-05T18:08:41Z INFO [356/900] 46792aac-8342-408e-b44c-a8c0660f2537: 32 groups; 1.0 s; peak memory 1308 MiB.
2026-10-05T18:08:41Z INFO [357/900] 467a10cb-0240-400e-bbc2-943f097462ce: 17 groups; 0.7 s; peak memory 1308 MiB.
2026-10-05T18:08:43Z INFO [358/900] 467a689e-6254-474d-8024-8b38c833bdb6: 35 groups; 1.4 s; peak memory 1308 MiB.
2026-10-05T18:08:44Z INFO [359/900] 467b9ec7-f226-4fa0-9464-56ae7cf84bd2: 22 groups; 0.9 s; peak memory 1308 MiB.
2026-10-05T18:08:45Z INFO [360/900] 467caf67-bad5-475c-9d0d-7c24349ba73f: 36 groups; 1.2 s; peak memory 1308 MiB.
2026-10-05T18:08:45Z INFO [361/900] 467d43da-6099-4e82-8103-2135dfdf8d46: 22 groups; 0.8 s; peak memory 1308 MiB.
2026-10-05T18:08:58Z INFO [362/900] 467e79e8-d447-4ad7-8d97-dba154bc6706: 197 groups; 12.7 s; peak memory 1308 MiB.
2026-10-05T18:08:59Z INFO [363/900] 467eba23-4684-4abb-8a9b-2b159d2e2a87: 35 groups; 1.0 s; peak memory 1308 MiB.
2026-10-05T18:09:03Z INFO [364/900] 467f7c37-397d-46d1-8bf5-e18193a9efca: 153 groups; 3.8 s; peak memory 1308 MiB.
2026-10-05T18:09:04Z INFO [365/900] 4680e74f-43e9-44ae-9848-bf4a545d6e06: 22 groups; 0.8 s; peak memory 1308 MiB.
2026-10-05T18:09:05Z INFO [366/900] 46810e9b-6df6-4f4a-b34a-78e3cee64de1: 52 groups; 1.1 s; peak memory 1308 MiB.
2026-10-05T18:09:06Z INFO [367/900] 4681625a-4340-4ee1-bbc2-8287b47220dd: 48 groups; 1.8 s; peak memory 1308 MiB.
2026-10-05T18:09:07Z INFO [368/900] 4681ec99-7cea-40e7-a68e-40fc8461c56b: 32 groups; 1.0 s; peak memory 1308 MiB.
2026-10-05T18:09:08Z INFO [369/900] 46830368-18cf-468c-985e-6a963c8b13ab: 22 groups; 0.8 s; peak memory 1308 MiB.
2026-10-05T18:09:09Z INFO [370/900] 468333dd-91fa-4cc0-b002-fd633bd739e0: 29 groups; 0.9 s; peak memory 1308 MiB.
2026-10-05T18:09:11Z INFO [371/900] 46833512-4d55-42d2-8404-29ca63ebb481: 48 groups; 1.5 s; peak memory 1308 MiB.
2026-10-05T18:09:12Z INFO [372/900] 46845751-6295-4bea-bc39-cc72806b06cf: 573 groups; 1.7 s; peak memory 1308 MiB.
2026-10-05T18:09:14Z INFO [373/900] 4684a6ae-a4ae-427d-91f7-f69aa40569e8: 50 groups; 2.1 s; peak memory 1308 MiB.
2026-10-05T18:09:15Z INFO [374/900] 4685429d-a661-4462-98c9-63f07b98dc7d: 32 groups; 0.8 s; peak memory 1308 MiB.
2026-10-05T18:09:16Z INFO [375/900] 4685b18e-362a-46a2-b321-0c20620ba471: 25 groups; 0.8 s; peak memory 1308 MiB.
2026-10-05T18:09:20Z INFO [376/900] 4685ceb2-f04b-4ba7-a330-4395345b6a16: 159 groups; 3.8 s; peak memory 1308 MiB.
2026-10-05T18:09:21Z INFO [377/900] 46861d56-107e-4978-8679-db12149c63ad: 32 groups; 0.9 s; peak memory 1308 MiB.
2026-10-05T18:09:21Z INFO [378/900] 46862dd0-4ddd-4307-adb9-f1d65134112e: 24 groups; 0.6 s; peak memory 1308 MiB.
2026-10-05T18:09:22Z INFO [379/900] 4686bcda-c050-4d1d-b75d-2d5836bd66ef: 103 groups; 0.8 s; peak memory 1308 MiB.
2026-10-05T18:09:27Z INFO [380/900] 4686c918-99c4-489e-af73-18ab81d78785: 34 groups; 4.9 s; peak memory 1308 MiB.
2026-10-05T18:09:28Z INFO [381/900] 4686ede4-53d4-479c-a9fa-d52a03b22f96: 24 groups; 0.8 s; peak memory 1308 MiB.
2026-10-05T18:09:29Z INFO [382/900] 468755e6-2de0-449b-80d1-af42ed733aea: 21 groups; 0.8 s; peak memory 1308 MiB.
2026-10-05T18:09:30Z INFO [383/900] 4687dc81-13c5-4d94-a1bd-a6e1f0677fec: 22 groups; 0.9 s; peak memory 1308 MiB.
2026-10-05T18:09:30Z INFO [384/900] 46883c44-25ee-4742-88f2-259116b77e35: 254 groups; 0.9 s; peak memory 1308 MiB.
2026-10-05T18:09:31Z INFO [385/900] 4689132f-c1bf-42ba-8313-e83238396f6e: 22 groups; 1.0 s; peak memory 1308 MiB.
2026-10-05T18:09:34Z INFO [386/900] 46899126-38a6-4e40-8b07-3114d08d4e56: 48 groups; 2.1 s; peak memory 1308 MiB.
2026-10-05T18:09:34Z INFO [387/900] 46899d01-627d-4764-87e1-c16332655277: 22 groups; 0.7 s; peak memory 1308 MiB.
2026-10-05T18:09:37Z INFO [388/900] 4689f243-3c13-4033-896d-6e8ae0223acb: 46 groups; 2.4 s; peak memory 1308 MiB.
2026-10-05T18:09:38Z INFO [389/900] 468a2370-912e-497e-b9a6-5236e2b0370a: 22 groups; 0.9 s; peak memory 1308 MiB.
2026-10-05T18:09:48Z INFO [390/900] 468a7c9c-695d-4d26-b6c7-f19729a4f0f3: 63 groups; 10.8 s; peak memory 1308 MiB.
2026-10-05T18:09:50Z INFO [391/900] 468bb7d2-19c0-47be-af15-f9344e4ecb9c: 36 groups; 1.1 s; peak memory 1308 MiB.
2026-10-05T18:09:56Z INFO [392/900] 468c051a-7a1c-45d1-a47c-7f5afb2185e0: 195 groups; 6.3 s; peak memory 1308 MiB.
2026-10-05T18:09:57Z INFO [393/900] 468cccfa-a2dc-4824-998a-71c04c0861cc: 22 groups; 0.8 s; peak memory 1308 MiB.
2026-10-05T18:09:58Z INFO [394/900] 468d6de2-93e4-4e19-a5a4-3f02533a5eda: 21 groups; 0.9 s; peak memory 1308 MiB.
2026-10-05T18:09:59Z INFO [395/900] 468e70d3-3797-4b97-8fd5-b25c15ded526: 202 groups; 1.0 s; peak memory 1308 MiB.
2026-10-05T18:10:00Z INFO [396/900] 468f9334-6fd6-45db-b202-56fe6e3093b3: 207 groups; 1.3 s; peak memory 1308 MiB.
2026-10-05T18:10:01Z INFO [397/900] 46904f22-3924-4d00-a7e4-4e354657caf3: 22 groups; 0.8 s; peak memory 1308 MiB.
2026-10-05T18:10:02Z INFO [398/900] 4690930d-dda2-426d-92f7-c763ff6f070e: 35 groups; 0.9 s; peak memory 1308 MiB.
2026-10-05T18:10:03Z INFO [399/900] 469220e5-d30e-413b-beb1-8141f143dcbe: 33 groups; 1.1 s; peak memory 1308 MiB.
2026-10-05T18:10:04Z INFO [400/900] 46922baf-a181-4cc3-a516-e150f599ce1e: 337 groups; 1.0 s; peak memory 1308 MiB.
2026-10-05T18:10:04Z INFO [400/900] 46922baf-a181-4cc3-a516-e150f599ce1e: checkpointed 80936 records.
2026-10-05T18:12:10Z INFO [401/900] 46925db1-deb1-467b-9db1-65eb8e40bba0: 60 groups; 126.6 s; peak memory 1308 MiB.
2026-10-05T18:12:11Z INFO [402/900] 46928587-2013-4bf3-b245-facc662e71e4: 18 groups; 0.8 s; peak memory 1308 MiB.
2026-10-05T18:12:13Z INFO [403/900] 469418c4-240e-4cbe-a0fb-1c2784c41dbf: 48 groups; 1.7 s; peak memory 1308 MiB.
2026-10-05T18:12:14Z INFO [404/900] 46947c7a-49f7-4c32-847f-fa7b0ae7f9ed: 253 groups; 0.9 s; peak memory 1308 MiB.
2026-10-05T18:12:19Z INFO [405/900] 46948910-c01e-494f-acf2-bcf3533fba25: 53 groups; 5.4 s; peak memory 1308 MiB.
2026-10-05T18:12:20Z INFO [406/900] 4694b42d-d3d8-4788-9dbf-6853b96926e1: 35 groups; 1.0 s; peak memory 1308 MiB.
2026-10-05T18:12:22Z INFO [407/900] 4694cac1-92ba-41f6-9c05-e99b8c256a29: 71 groups; 1.9 s; peak memory 1308 MiB.
2026-10-05T18:12:23Z INFO [408/900] 4694e044-d838-4826-b6ea-9ac6f794ea8e: 22 groups; 0.8 s; peak memory 1308 MiB.
2026-10-05T18:12:24Z INFO [409/900] 4695025c-0c59-45b1-a144-f3f3bc89e394: 32 groups; 0.9 s; peak memory 1308 MiB.
2026-10-05T18:12:25Z INFO [410/900] 469505ff-f5ce-4721-9d95-969aff239ce6: 40 groups; 1.1 s; peak memory 1308 MiB.
2026-10-05T18:12:26Z INFO [411/900] 46963d94-b69a-4176-8c6c-f4081186c1e2: 33 groups; 0.9 s; peak memory 1308 MiB.
2026-10-05T18:12:27Z INFO [412/900] 46979187-25a8-4795-ba0c-d7cfc9788e93: 24 groups; 0.9 s; peak memory 1308 MiB.
2026-10-05T18:12:28Z INFO [413/900] 46980788-d7af-417b-ab2a-16be9e82dcee: 17 groups; 1.2 s; peak memory 1308 MiB.
2026-10-05T18:12:28Z INFO [414/900] 4698a39a-00f5-42af-b91c-30acad7e746d: 30 groups; 0.6 s; peak memory 1308 MiB.
2026-10-05T18:12:33Z INFO [415/900] 46991963-133d-4cf9-9a92-f0e4862d24be: 157 groups; 4.5 s; peak memory 1308 MiB.
2026-10-05T18:12:34Z INFO [416/900] 469928aa-e4d9-449c-bbbc-52cca332b095: 35 groups; 1.0 s; peak memory 1308 MiB.
2026-10-05T18:12:39Z INFO [417/900] 46995319-5b91-4419-99ca-1f41844c121a: 67 groups; 4.8 s; peak memory 1308 MiB.
2026-10-05T18:12:43Z INFO [418/900] 469a53c2-0d64-4055-8503-36d0d75b6746: 75 groups; 4.8 s; peak memory 1308 MiB.
2026-10-05T18:12:52Z INFO [419/900] 469aa04c-d254-45db-a30e-939256274662: 49 groups; 8.1 s; peak memory 1308 MiB.
2026-10-05T18:12:52Z INFO [420/900] 469af2cd-4e35-4046-89f6-e795926f472f: 22 groups; 1.0 s; peak memory 1308 MiB.
2026-10-05T18:12:54Z INFO [421/900] 469b7aa5-5189-4108-b6fe-116ec213bd7e: 253 groups; 1.1 s; peak memory 1308 MiB.
2026-10-05T18:12:54Z INFO [422/900] 469bc4bd-6abe-47ea-8d7d-8e6d2f15a7df: 16 groups; 0.6 s; peak memory 1308 MiB.
2026-10-05T18:14:37Z INFO [423/900] 469c42a5-8456-4cf9-9820-853807a51da1: 27 groups; 102.7 s; peak memory 1308 MiB.
2026-10-05T18:14:39Z INFO [424/900] 469c5f98-dcda-447e-9474-5028bb492a48: 27 groups; 1.7 s; peak memory 1308 MiB.
2026-10-05T18:14:39Z INFO [425/900] 469cf1ca-c94b-4f24-a7bd-12c6dd55ae51: 16 groups; 0.7 s; peak memory 1308 MiB.
2026-10-05T18:14:41Z INFO [426/900] 469d7db9-e0f0-4562-9125-9801ff0339b6: 31 groups; 1.5 s; peak memory 1308 MiB.
2026-10-05T18:14:42Z INFO [427/900] 46a03d54-22c0-43b3-bb16-3809c6597a12: 22 groups; 0.8 s; peak memory 1308 MiB.
2026-10-05T18:14:42Z INFO [428/900] 46a0715f-7609-495b-a293-e22ae40bf34a: 22 groups; 0.9 s; peak memory 1308 MiB.
2026-10-05T18:14:43Z INFO [429/900] 46a0f908-78a4-47e9-bf83-8a0008f52ae5: 32 groups; 0.8 s; peak memory 1308 MiB.
2026-10-05T18:14:46Z INFO [430/900] 46a12529-22b9-4642-b6ad-13a6d32686b7: 47 groups; 2.4 s; peak memory 1308 MiB.
2026-10-05T18:14:46Z INFO [431/900] 46a1a0d9-77c5-41e8-90f0-333df8b0d3e2: 33 groups; 0.7 s; peak memory 1308 MiB.
2026-10-05T18:14:47Z INFO [432/900] 46a1ddea-2ae9-4407-ad17-a26968835bfc: 35 groups; 1.0 s; peak memory 1308 MiB.
2026-10-05T18:14:48Z INFO [433/900] 46a2a25a-a643-45fb-ada8-8c80f0fc99b3: 25 groups; 0.8 s; peak memory 1308 MiB.
2026-10-05T18:14:59Z INFO [434/900] 46a32c4a-473c-4db8-be60-30b0f176607f: 197 groups; 11.1 s; peak memory 1308 MiB.
2026-10-05T18:15:04Z INFO [435/900] 46a3b578-03bd-4fb1-ba6e-1e4adeeac8ed: 66 groups; 4.8 s; peak memory 1308 MiB.
2026-10-05T18:15:05Z INFO [436/900] 46a3e5c7-d7c7-4100-b1b2-532e391c86a9: 41 groups; 1.0 s; peak memory 1308 MiB.
2026-10-05T18:15:06Z INFO [437/900] 46a67229-615d-4e1f-858c-4bbd3c4ca919: 99 groups; 1.1 s; peak memory 1308 MiB.
2026-10-05T18:15:07Z INFO [438/900] 46a6cf93-1bac-477d-bd15-65d73297e163: 16 groups; 0.6 s; peak memory 1308 MiB.
2026-10-05T18:15:08Z INFO [439/900] 46a6fb04-8720-458b-acac-d6a51adce813: 17 groups; 0.7 s; peak memory 1308 MiB.
2026-10-05T18:15:09Z INFO [440/900] 46a72d48-d4e1-43a5-91d3-7155e5bea561: 195 groups; 1.0 s; peak memory 1308 MiB.
2026-10-05T18:15:13Z INFO [441/900] 46a73c8c-838a-4ced-9eac-069e7e5aa9d4: 144 groups; 4.7 s; peak memory 1308 MiB.
2026-10-05T18:15:14Z INFO [442/900] 46a74538-b8db-49ef-a29b-49c8ca2d6c32: 35 groups; 1.0 s; peak memory 1308 MiB.
2026-10-05T18:15:16Z INFO [443/900] 46a798a8-e652-4631-b3e3-8b6d53b71a03: 32 groups; 1.3 s; peak memory 1308 MiB.
2026-10-05T18:15:16Z INFO [444/900] 46a7bd5e-066d-4b0a-929e-9fa75f101346: 22 groups; 0.9 s; peak memory 1308 MiB.
2026-10-05T18:17:27Z INFO [445/900] 46a87cf4-1459-4584-85ba-d9c444220e30: 71 groups; 131.0 s; peak memory 1308 MiB.
2026-10-05T18:17:40Z INFO [446/900] 46a99eed-4ec8-4fcf-9f17-16bd21681f6b: 22 groups; 13.0 s; peak memory 1308 MiB.
2026-10-05T18:18:56Z INFO [447/900] 46a9dd3e-b89e-4591-8986-0bb81ec5b922: 33 groups; 75.5 s; peak memory 1308 MiB.
2026-10-05T18:18:57Z INFO [448/900] 46a9fb13-b2e3-4da5-a951-e3eb95a6c0e3: 35 groups; 1.0 s; peak memory 1308 MiB.
2026-10-05T18:19:03Z INFO [449/900] 46aa4933-7b28-47ba-a19f-81d9941ffe6a: 337 groups; 6.4 s; peak memory 1308 MiB.
2026-10-05T18:19:17Z INFO [450/900] 46aab66e-2da9-4845-af08-e09a5b957cec: 22 groups; 13.2 s; peak memory 1308 MiB.
2026-10-05T18:19:17Z INFO [450/900] 46aab66e-2da9-4845-af08-e09a5b957cec: checkpointed 80986 records.
2026-10-05T18:19:17Z INFO [451/900] 46ace690-348e-443e-9d95-aa3331ef2aec: 16 groups; 0.5 s; peak memory 1308 MiB.
2026-10-05T18:22:36Z INFO [452/900] 46ad0297-4846-4eca-b52b-494d4097f94c: 30 groups; 198.7 s; peak memory 1308 MiB.
2026-10-05T18:22:37Z INFO [453/900] 46ad5778-e4ea-4620-b87c-baaddc5e259d: 22 groups; 1.0 s; peak memory 1308 MiB.
2026-10-05T18:22:42Z INFO [454/900] 46ae58d7-d648-4c37-a11a-5ac744f7bf49: 164 groups; 4.9 s; peak memory 1308 MiB.
2026-10-05T18:22:43Z INFO [455/900] 46aed21c-af78-4032-8dd1-f73f5e0906ee: 206 groups; 1.3 s; peak memory 1308 MiB.
2026-10-05T18:22:59Z INFO [456/900] 46b032fd-75c4-4beb-867b-a4529a1b199e: 157 groups; 16.2 s; peak memory 1308 MiB.
2026-10-05T18:23:00Z INFO [457/900] 46b04030-8eb9-4bdb-909e-98f22eba9228: 201 groups; 1.1 s; peak memory 1308 MiB.
2026-10-05T18:23:01Z INFO [458/900] 46b05f5b-3ac8-4c9a-b515-fce1d84d54af: 33 groups; 0.7 s; peak memory 1308 MiB.
2026-10-05T18:23:02Z INFO [459/900] 46b0dfc9-9c2c-47fa-9472-224d39ad7743: 22 groups; 1.0 s; peak memory 1308 MiB.
2026-10-05T18:23:03Z INFO [460/900] 46b0ffbe-4af8-4401-b518-f22b1380e2e8: 35 groups; 1.5 s; peak memory 1308 MiB.
2026-10-05T18:23:04Z INFO [461/900] 46b13cb8-888d-4e88-8921-325253c942c2: 26 groups; 0.9 s; peak memory 1308 MiB.
2026-10-05T18:23:06Z INFO [462/900] 46b1b11c-dc1e-4a3d-a115-000c9fd1a1b5: 35 groups; 1.6 s; peak memory 1308 MiB.
2026-10-05T18:23:08Z INFO [463/900] 46b1fb1c-225c-4115-9fb8-edc489c80cd1: 48 groups; 2.0 s; peak memory 1308 MiB.
2026-10-05T18:28:05Z INFO [464/900] 46b22e8a-8d8f-40f8-95a2-55ec265f1ba2: 81 groups; 297.4 s; peak memory 1308 MiB.
2026-10-05T18:28:10Z INFO [465/900] 46b46195-6527-4c9d-86bf-8945a7575556: 90 groups; 4.5 s; peak memory 1308 MiB.
2026-10-05T18:28:11Z INFO [466/900] 46b6bcbf-0d5a-4616-a386-67cdc46507d7: 31 groups; 1.5 s; peak memory 1308 MiB.
2026-10-05T18:28:12Z INFO [467/900] 46b73e1c-1f9a-4039-9a48-246601fd9268: 17 groups; 0.7 s; peak memory 1308 MiB.
2026-10-05T18:28:13Z INFO [468/900] 46b74c22-a738-45ba-9b9e-7ea89bdb9d2c: 195 groups; 1.2 s; peak memory 1308 MiB.
2026-10-05T18:28:14Z INFO [469/900] 46b79a1d-2cf7-46c4-9ccd-57a46691ab87: 28 groups; 0.8 s; peak memory 1308 MiB.
2026-10-05T18:28:15Z INFO [470/900] 46b84b93-3b7b-424a-80c4-83394f008a12: 22 groups; 0.9 s; peak memory 1308 MiB.
2026-10-05T18:28:17Z INFO [471/900] 46b9d3b5-0f13-4b18-9b50-13e64a3c157c: 34 groups; 2.2 s; peak memory 1308 MiB.
2026-10-05T19:04:59Z INFO [472/900] 46ba777a-36e5-4ffb-a336-841ec7a94a5e: 572 groups; 2202.0 s; peak memory 1308 MiB.
2026-10-05T19:05:00Z INFO [473/900] 46babf90-74ce-4184-8403-cace5db14db9: 31 groups; 0.8 s; peak memory 1308 MiB.
2026-10-05T19:05:01Z INFO [474/900] 46bafc09-f478-4c7c-96b9-e4f6ab1b395b: 32 groups; 0.9 s; peak memory 1308 MiB.
2026-10-05T19:05:02Z INFO [475/900] 46bb65aa-37a4-4c7f-b806-b475ab38fea7: 22 groups; 0.9 s; peak memory 1308 MiB.
2026-10-05T19:05:22Z INFO [476/900] 46bc3a44-ff74-4860-bbd3-646e2e5e2d64: 157 groups; 20.6 s; peak memory 1308 MiB.
2026-10-05T19:05:23Z INFO [477/900] 46bc4866-f642-4af4-9881-95bb41f6236e: 103 groups; 0.8 s; peak memory 1308 MiB.
2026-10-05T19:05:24Z INFO [478/900] 46bcb2e6-a789-44d8-9565-62d7c39e46b8: 33 groups; 1.0 s; peak memory 1308 MiB.
2026-10-05T19:05:25Z INFO [479/900] 46bcbe0c-2f76-48bb-886a-98eb07bec4d9: 22 groups; 0.9 s; peak memory 1308 MiB.
2026-10-05T19:05:26Z INFO [480/900] 46bd25f3-b52c-4261-b690-c0b07b4d6844: 26 groups; 0.7 s; peak memory 1308 MiB.
2026-10-05T19:05:27Z INFO [481/900] 46bdb1c2-efb5-41e9-b0e8-2e4c6e6ad84b: 33 groups; 1.2 s; peak memory 1308 MiB.
2026-10-05T19:05:28Z INFO [482/900] 46be57db-b07e-49f4-879a-7d58757c8211: 31 groups; 0.9 s; peak memory 1308 MiB.
2026-10-05T19:05:29Z INFO [483/900] 46be5fda-9434-4fec-a4d3-f6a7d061ac4c: 32 groups; 0.9 s; peak memory 1308 MiB.
2026-10-05T19:05:32Z INFO [484/900] 46beb57a-c1ac-4f59-9f37-6dfa3e2bf1f5: 22 groups; 3.2 s; peak memory 1308 MiB.
2026-10-05T19:05:33Z INFO [485/900] 46bf420f-9680-4864-b3ac-78642b7e767c: 33 groups; 1.0 s; peak memory 1308 MiB.
2026-10-05T19:05:34Z INFO [486/900] 46c00e78-d815-4611-b474-0866cc68c2e5: 32 groups; 1.0 s; peak memory 1308 MiB.
2026-10-05T19:05:36Z INFO [487/900] 46c089c8-db0c-48d0-bd22-c3ce6d326093: 48 groups; 1.8 s; peak memory 1308 MiB.
2026-10-05T19:05:36Z INFO [488/900] 46c0d266-26b3-4082-8363-e6452e475619: 32 groups; 0.6 s; peak memory 1308 MiB.
2026-10-05T19:05:41Z INFO [489/900] 46c0d548-fafa-4a7f-a56b-7c0720fcfc8e: 73 groups; 5.0 s; peak memory 1308 MiB.
2026-10-05T19:05:42Z INFO [490/900] 46c12015-0bab-4d36-8daf-63e91464ba69: 35 groups; 0.9 s; peak memory 1308 MiB.
2026-10-05T19:05:43Z INFO [491/900] 46c19959-7a36-4cf0-a614-15a739606042: 22 groups; 0.9 s; peak memory 1308 MiB.
2026-10-05T19:05:44Z INFO [492/900] 46c31ab3-1027-4869-9ec4-544f7a9c49f5: 32 groups; 1.0 s; peak memory 1308 MiB.
2026-10-05T19:05:46Z INFO [493/900] 46c35ee2-8343-4017-9e37-4749be722d5f: 48 groups; 1.9 s; peak memory 1308 MiB.
2026-10-05T19:05:47Z INFO [494/900] 46c39673-1703-497e-bba1-afe9def0ea50: 22 groups; 0.7 s; peak memory 1308 MiB.
2026-10-05T19:05:48Z INFO [495/900] 46c3e98a-9891-40e2-99ce-bb9893a397a7: 17 groups; 0.7 s; peak memory 1308 MiB.
2026-10-05T19:06:17Z INFO [496/900] 46c420e5-56ef-497c-97b7-71d960d0ed79: 121 groups; 29.7 s; peak memory 1308 MiB.
2026-10-05T19:06:18Z INFO [497/900] 46c47d7b-40ca-494f-9955-0e6fcf1a1cf6: 24 groups; 1.1 s; peak memory 1308 MiB.
2026-10-05T19:06:19Z INFO [498/900] 46c4a882-66dc-4a3a-bc0d-e91cd387e192: 16 groups; 0.8 s; peak memory 1308 MiB.
2026-10-05T19:06:20Z INFO [499/900] 46c63016-26ba-4560-b853-72a732e2d80c: 22 groups; 1.0 s; peak memory 1308 MiB.
2026-10-05T19:06:21Z INFO [500/900] 46c86dc1-6e9d-43df-8b1c-6dc5b83143c1: 22 groups; 0.9 s; peak memory 1308 MiB.
2026-10-05T19:06:21Z INFO [500/900] 46c86dc1-6e9d-43df-8b1c-6dc5b83143c1: checkpointed 81036 records.
2026-10-05T19:06:22Z INFO [501/900] 46c88894-9537-409f-ad55-4e244e439653: 22 groups; 1.0 s; peak memory 1308 MiB.
2026-10-05T19:06:31Z INFO [502/900] 46c8966d-6ab5-49f6-b044-960125f7b514: 200 groups; 8.8 s; peak memory 1308 MiB.
2026-10-05T19:06:33Z INFO [503/900] 46c8fbc7-1aae-4b92-a09d-db77b80a37ac: 50 groups; 2.4 s; peak memory 1308 MiB.
2026-10-05T19:06:35Z INFO [504/900] 46c9b968-433a-46a1-b06c-ee70f8beb1ae: 17 groups; 1.9 s; peak memory 1308 MiB.
2026-10-05T19:06:36Z INFO [505/900] 46ca8222-2e1b-49d3-9d9c-7b5793a3943c: 26 groups; 0.6 s; peak memory 1308 MiB.
2026-10-05T19:06:38Z INFO [506/900] 46cb55e1-8226-4a8a-baf3-0cbc62bc7237: 336 groups; 1.6 s; peak memory 1308 MiB.
2026-10-05T19:06:42Z INFO [507/900] 46cba098-485e-4d55-bf38-80159d241973: 162 groups; 4.9 s; peak memory 1308 MiB.
2026-10-05T19:06:43Z INFO [508/900] 46cbd727-35c6-4a03-b751-e01a7b0f29a9: 25 groups; 0.7 s; peak memory 1308 MiB.
2026-10-05T19:06:44Z INFO [509/900] 46cca8df-5408-4857-b78b-83206f7f5410: 22 groups; 0.8 s; peak memory 1308 MiB.
2026-10-05T19:06:45Z INFO [510/900] 46ccb636-1d83-461d-ac59-6ad9390644a0: 22 groups; 0.8 s; peak memory 1308 MiB.
2026-10-05T19:06:46Z INFO [511/900] 46cd96c9-5099-41f2-9472-b7db8d5abef2: 22 groups; 0.9 s; peak memory 1308 MiB.
2026-10-05T19:06:47Z INFO [512/900] 46cda730-8e48-4366-a702-dda39e60a94e: 25 groups; 0.8 s; peak memory 1308 MiB.
2026-10-05T19:06:57Z INFO [513/900] 46cdc412-72cc-4a48-ad8f-ef08b5cda1a4: 138 groups; 10.7 s; peak memory 1308 MiB.
2026-10-05T19:07:00Z INFO [514/900] 46ce1bce-575a-4601-b0ff-84083d7e8f28: 48 groups; 2.5 s; peak memory 1308 MiB.
2026-10-05T19:07:01Z INFO [515/900] 46cf472d-97f7-4e7e-a96e-33fd7d070ef6: 22 groups; 1.0 s; peak memory 1308 MiB.
2026-10-05T19:07:02Z INFO [516/900] 46d006eb-c6fe-479e-8011-10b74a811dd9: 22 groups; 1.0 s; peak memory 1308 MiB.
2026-10-05T19:07:02Z INFO [517/900] 46d01f74-aedd-415e-ac02-a1b22dfd83fd: 27 groups; 0.7 s; peak memory 1308 MiB.
2026-10-05T19:07:03Z INFO [518/900] 46d0db40-7444-4d29-b87d-854ad1af8d76: 31 groups; 0.6 s; peak memory 1308 MiB.
2026-10-05T19:07:04Z INFO [519/900] 46d0eaac-6f10-4b89-bf9e-13d198473478: 32 groups; 0.9 s; peak memory 1308 MiB.
2026-10-05T19:07:05Z INFO [520/900] 46d23a25-3672-479e-9f36-868a854dd295: 22 groups; 1.0 s; peak memory 1308 MiB.
2026-10-05T19:07:06Z INFO [521/900] 46d2e166-e27f-48b9-9e25-cfd5dbcbe62c: 35 groups; 1.2 s; peak memory 1308 MiB.
2026-10-05T19:07:07Z INFO [522/900] 46d2e375-4720-4b60-8601-2870af1e4a1a: 336 groups; 1.3 s; peak memory 1308 MiB.
2026-10-05T19:07:09Z INFO [523/900] 46d33db8-8f21-4ae9-b82b-fe93c727ca1e: 35 groups; 1.1 s; peak memory 1308 MiB.
2026-10-05T19:07:09Z INFO [524/900] 46d3e2a6-260a-43ac-92d0-3a5313fb2d91: 22 groups; 0.7 s; peak memory 1308 MiB.
2026-10-05T19:07:11Z INFO [525/900] 46d49e02-677c-436a-8ed8-bfc61368f1b5: 43 groups; 1.8 s; peak memory 1308 MiB.
2026-10-05T19:07:12Z INFO [526/900] 46d4e2cb-7a28-49e3-b963-59c42cd240e9: 32 groups; 1.1 s; peak memory 1308 MiB.
2026-10-05T19:07:18Z INFO [527/900] 46d622a5-234e-4e33-be61-0998dbca61a6: 202 groups; 6.3 s; peak memory 1308 MiB.
2026-10-05T19:07:29Z INFO [528/900] 46d68fb6-1b60-4acc-8ff1-7b9152845215: 243 groups; 10.6 s; peak memory 1308 MiB.
2026-10-05T19:07:40Z INFO [529/900] 46d6f483-144b-4360-81b4-ed263f13061f: 22 groups; 11.4 s; peak memory 1308 MiB.
2026-10-05T19:07:41Z INFO [530/900] 46d6f517-5156-48ee-8f75-87a67955d1f5: 22 groups; 0.9 s; peak memory 1308 MiB.
2026-10-05T19:07:43Z INFO [531/900] 46d7a807-9eff-4386-9b02-c37e271e1453: 36 groups; 1.5 s; peak memory 1308 MiB.
2026-10-05T19:07:44Z INFO [532/900] 46d87340-5a72-4bd9-b7ee-bffb8aedfcc7: 22 groups; 0.7 s; peak memory 1308 MiB.
2026-10-05T19:07:44Z INFO [533/900] 46d8a526-cf2a-4eb8-a50c-8f22630c0287: 22 groups; 0.9 s; peak memory 1308 MiB.
2026-10-05T19:07:46Z INFO [534/900] 46d920ea-ae45-46d5-a5f6-319328e8c4af: 203 groups; 1.3 s; peak memory 1308 MiB.
2026-10-05T19:07:48Z INFO [535/900] 46d9c8c8-40fc-4716-8255-0cbc884f535d: 202 groups; 2.1 s; peak memory 1308 MiB.
2026-10-05T19:07:49Z INFO [536/900] 46da2a11-814c-428d-95b8-c419ce6316f4: 25 groups; 1.0 s; peak memory 1308 MiB.
2026-10-05T19:07:50Z INFO [537/900] 46db5af3-b61d-4715-a6bc-fabdb1f74b38: 32 groups; 0.9 s; peak memory 1308 MiB.
2026-10-05T19:07:54Z INFO [538/900] 46dbf978-db28-4b21-a54a-3c95583d9d99: 59 groups; 4.6 s; peak memory 1308 MiB.
2026-10-05T19:07:55Z INFO [539/900] 46dc947b-6382-44b2-abf1-efc5033d5983: 17 groups; 0.7 s; peak memory 1308 MiB.
2026-10-05T19:08:02Z INFO [540/900] 46dd74e3-18ed-4bdf-8742-bb8234c8b1a9: 299 groups; 7.5 s; peak memory 1308 MiB.
2026-10-05T19:08:03Z INFO [541/900] 46dd9327-5467-4d68-8190-7bed9d44b4e7: 35 groups; 1.0 s; peak memory 1308 MiB.
2026-10-05T19:08:04Z INFO [542/900] 46ddd2f8-35ec-48b6-ac17-41296a343180: 16 groups; 0.6 s; peak memory 1308 MiB.
2026-10-05T19:08:05Z INFO [543/900] 46df58ae-9373-48ca-b313-4ea89af257e5: 32 groups; 0.9 s; peak memory 1308 MiB.
2026-10-05T19:08:06Z INFO [544/900] 46df5ee1-c0c4-4315-a55c-7ae10a48cef2: 202 groups; 1.3 s; peak memory 1308 MiB.
2026-10-05T19:08:07Z INFO [545/900] 46e03202-d6cf-4085-b78a-12982115e922: 22 groups; 0.7 s; peak memory 1308 MiB.
2026-10-05T19:08:09Z INFO [546/900] 46e0dce7-fc25-44a3-9e62-d594fbfecb15: 54 groups; 1.6 s; peak memory 1308 MiB.
2026-10-05T19:08:09Z INFO [547/900] 46e17945-0e15-4d5a-8cc6-c9ebc689d6c6: 16 groups; 0.6 s; peak memory 1308 MiB.
2026-10-05T19:08:11Z INFO [548/900] 46e1f3c8-dd0b-4b5e-be80-f59ff90863f5: 48 groups; 2.0 s; peak memory 1308 MiB.
2026-10-05T19:08:12Z INFO [549/900] 46e26b96-af66-47e9-95ea-9f838bedf262: 22 groups; 0.9 s; peak memory 1308 MiB.
2026-10-05T19:08:13Z INFO [550/900] 46e39d01-dd30-4869-93fc-44a3a5e99b7a: 33 groups; 1.2 s; peak memory 1308 MiB.
2026-10-05T19:08:13Z INFO [550/900] 46e39d01-dd30-4869-93fc-44a3a5e99b7a: checkpointed 81086 records.
2026-10-05T19:08:18Z INFO [551/900] 46e42969-ce54-4b8a-8b4f-95d95022f8e9: 73 groups; 4.1 s; peak memory 1308 MiB.
2026-10-05T19:08:18Z INFO [552/900] 46e44258-6502-42fd-a559-5d0a4b33363b: 32 groups; 1.0 s; peak memory 1308 MiB.
2026-10-05T19:08:24Z INFO [553/900] 46e45663-66d3-4742-8a10-d286df83f9a7: 66 groups; 5.4 s; peak memory 1308 MiB.
2026-10-05T19:08:25Z INFO [554/900] 46e50454-17ab-4b26-8404-5d906da6fe87: 40 groups; 1.3 s; peak memory 1308 MiB.
2026-10-05T19:08:27Z INFO [555/900] 46e51ba3-233f-4f56-9f87-c2ea271599d8: 28 groups; 1.3 s; peak memory 1308 MiB.
2026-10-05T19:08:27Z INFO [556/900] 46e52958-6a9e-4a58-b880-05ba2efb952b: 35 groups; 0.9 s; peak memory 1308 MiB.
2026-10-05T19:08:31Z INFO [557/900] 46e59940-7c6c-4569-bd22-bf36a8e6a456: 113 groups; 3.2 s; peak memory 1308 MiB.
2026-10-05T19:08:33Z INFO [558/900] 46e69923-53d0-466d-86bf-b771bdf33d41: 207 groups; 1.9 s; peak memory 1308 MiB.
2026-10-05T19:08:39Z INFO [559/900] 46e6f04a-3b37-4762-9446-e37ab6cc8bfa: 53 groups; 6.5 s; peak memory 1308 MiB.
2026-10-05T19:11:15Z INFO [560/900] 46e7c4df-979b-4147-a5ac-c9a78380f0f6: 69 groups; 155.6 s; peak memory 1308 MiB.
2026-10-05T19:11:20Z INFO [561/900] 46e7d3d2-a1f9-4a7b-a804-007d2f7a7611: 66 groups; 5.7 s; peak memory 1308 MiB.
2026-10-05T19:11:23Z INFO [562/900] 46e80972-47af-4be9-924c-824b9402dce2: 34 groups; 2.2 s; peak memory 1308 MiB.
2026-10-05T19:11:24Z INFO [563/900] 46e9e960-45a1-4f62-9138-90056daa4767: 195 groups; 1.3 s; peak memory 1308 MiB.
2026-10-05T19:11:25Z INFO [564/900] 46ea2039-d8aa-4a9a-a4a4-3faa0daa436e: 35 groups; 0.8 s; peak memory 1308 MiB.
2026-10-05T19:11:33Z INFO [565/900] 46eab65c-79c2-4921-a549-d7a31508d3c3: 159 groups; 8.5 s; peak memory 1308 MiB.
2026-10-05T19:11:36Z INFO [566/900] 46eb24fb-743b-4c12-a43b-65f46744289e: 181 groups; 3.1 s; peak memory 1308 MiB.
2026-10-05T19:11:37Z INFO [567/900] 46ecaad4-d5ac-4a7b-92f4-46e9ee0e904d: 30 groups; 0.9 s; peak memory 1308 MiB.
2026-10-05T19:11:47Z INFO [568/900] 46ed1fbf-e88f-4757-910a-ebed2b340967: 2861 groups; 9.5 s; peak memory 1308 MiB.
2026-10-05T19:11:48Z INFO [569/900] 46ee611e-a50d-4a59-baa1-2022b416f01f: 22 groups; 1.1 s; peak memory 1308 MiB.
2026-10-05T19:14:36Z INFO [570/900] 46ef8593-349e-4733-904d-091374248f41: 71 groups; 168.2 s; peak memory 1308 MiB.
2026-10-05T19:14:37Z INFO [571/900] 46ef9bb4-005d-46d8-a5b1-7608fe87c17d: 22 groups; 0.9 s; peak memory 1308 MiB.
2026-10-05T19:14:38Z INFO [572/900] 46f03469-4dae-4258-9192-fae2ef68a214: 29 groups; 0.9 s; peak memory 1308 MiB.
2026-10-05T19:14:39Z INFO [573/900] 46f15a98-3493-42bf-a978-880e09c75694: 22 groups; 0.9 s; peak memory 1308 MiB.
2026-10-05T19:14:39Z INFO [574/900] 46f2efc6-791e-411a-b840-8791ad9e422d: 16 groups; 0.6 s; peak memory 1308 MiB.
2026-10-05T19:14:41Z INFO [575/900] 46f336d6-3641-4ec1-b2d3-533318eb24b1: 337 groups; 1.6 s; peak memory 1308 MiB.
2026-10-05T19:14:48Z INFO [576/900] 46f387c6-3b74-4713-a0ed-82946d1ab4d8: 269 groups; 7.2 s; peak memory 1308 MiB.
2026-10-05T19:14:49Z INFO [577/900] 46f413c1-bf86-4ad3-9780-edfad46b1f87: 25 groups; 0.6 s; peak memory 1308 MiB.
2026-10-05T19:14:49Z INFO [578/900] 46f4bb5e-feda-48a9-aa03-b390f929e52a: 22 groups; 0.9 s; peak memory 1308 MiB.
2026-10-05T19:14:51Z INFO [579/900] 46f5374a-d8db-4659-8655-8831d2466c05: 337 groups; 1.6 s; peak memory 1308 MiB.
2026-10-05T19:14:52Z INFO [580/900] 46f553ed-111d-4e5e-b4ba-ffeb31eeda5b: 26 groups; 1.2 s; peak memory 1308 MiB.
2026-10-05T19:14:53Z INFO [581/900] 46f57797-ae0b-4220-ac57-89e9984445f5: 253 groups; 0.9 s; peak memory 1308 MiB.
2026-10-05T19:14:54Z INFO [582/900] 46f5dbbd-8685-48c2-ac73-28341d4a61f4: 22 groups; 0.9 s; peak memory 1308 MiB.
2026-10-05T19:14:55Z INFO [583/900] 46f6528d-9a74-40b1-a359-502e2e4bc81e: 32 groups; 1.0 s; peak memory 1308 MiB.
2026-10-05T19:14:56Z INFO [584/900] 46f78bda-146d-456b-9b7d-7ecb126c65a8: 22 groups; 0.9 s; peak memory 1308 MiB.
2026-10-05T19:15:02Z INFO [585/900] 46f80c1a-8c84-42eb-8abd-f029449bdb47: 230 groups; 6.0 s; peak memory 1308 MiB.
2026-10-05T19:15:07Z INFO [586/900] 46f83d4e-3af6-4159-b2a1-c70081cdfbe8: 120 groups; 5.6 s; peak memory 1308 MiB.
2026-10-05T19:15:08Z INFO [587/900] 46f90c74-81b2-4e9f-9919-094254023219: 22 groups; 1.0 s; peak memory 1308 MiB.
2026-10-05T19:15:13Z INFO [588/900] 46f9546e-d861-46e1-a535-dc68ec50ea4e: 59 groups; 5.0 s; peak memory 1308 MiB.
2026-10-05T19:15:14Z INFO [589/900] 46f979f8-e239-4053-987a-acd85c44a167: 27 groups; 1.0 s; peak memory 1308 MiB.
2026-10-05T19:15:20Z INFO [590/900] 46fa1456-4ad2-440a-be28-b798d8b6798b: 67 groups; 5.4 s; peak memory 1308 MiB.
2026-10-05T19:15:27Z INFO [591/900] 46fb0f00-920d-4216-963a-12d4e6c613cd: 190 groups; 7.7 s; peak memory 1308 MiB.
2026-10-05T19:15:28Z INFO [592/900] 46fbaa93-18ad-4c4d-8f76-2e7ff4dff3d4: 22 groups; 1.0 s; peak memory 1308 MiB.
2026-10-05T19:15:29Z INFO [593/900] 46fbb68e-c841-4725-878c-0be7fec974e8: 32 groups; 0.8 s; peak memory 1308 MiB.
2026-10-05T19:15:30Z INFO [594/900] 46fbe652-09c5-4fec-aceb-382e1d0f061d: 22 groups; 1.1 s; peak memory 1308 MiB.
2026-10-05T19:15:31Z INFO [595/900] 46fcd95b-8897-4e91-8afa-ae78f70c17d3: 103 groups; 1.0 s; peak memory 1308 MiB.
2026-10-05T19:15:32Z INFO [596/900] 46fd1fee-5327-4996-81bd-6f91f589cb83: 22 groups; 1.0 s; peak memory 1308 MiB.
2026-10-05T19:15:34Z INFO [597/900] 46fd961a-f4cf-4cad-a3c0-230b9e491e29: 32 groups; 1.1 s; peak memory 1308 MiB.
2026-10-05T19:15:34Z INFO [598/900] 46fedc79-9af5-4775-b5be-e8d22efca61c: 253 groups; 0.8 s; peak memory 1308 MiB.
2026-10-05T19:15:35Z INFO [599/900] 46fedef6-1f7f-4f21-8feb-d44cdc07e851: 32 groups; 0.9 s; peak memory 1308 MiB.
2026-10-05T19:15:36Z INFO [600/900] 46fee66f-8d17-4f97-ae91-8bab18d5a98f: 29 groups; 0.8 s; peak memory 1308 MiB.
2026-10-05T19:15:36Z INFO [600/900] 46fee66f-8d17-4f97-ae91-8bab18d5a98f: checkpointed 81136 records.
2026-10-05T19:15:37Z INFO [601/900] 46feff2a-8c15-4a2a-a125-03fc206e1dcd: 22 groups; 1.1 s; peak memory 1308 MiB.
2026-10-05T19:15:38Z INFO [602/900] 46ff0f4c-6546-4dc0-b1a6-08813c78adc0: 32 groups; 0.8 s; peak memory 1308 MiB.
2026-10-05T19:15:39Z INFO [603/900] 47011612-bb7f-4beb-9193-eb974da299aa: 22 groups; 1.0 s; peak memory 1308 MiB.
2026-10-05T19:15:43Z INFO [604/900] 4701a563-00c5-4f81-ae2c-3286551f10c7: 26 groups; 4.0 s; peak memory 1308 MiB.
2026-10-05T19:15:47Z INFO [605/900] 4701a6d0-9bf2-461a-9752-8f800c1845cb: 71 groups; 4.0 s; peak memory 1308 MiB.
2026-10-05T19:18:37Z INFO [606/900] 470214f1-7c46-43bd-b083-168f89b614cb: 69 groups; 169.6 s; peak memory 1308 MiB.
2026-10-05T19:18:38Z INFO [607/900] 47024dad-1f65-4565-b9fa-0912c1061b33: 22 groups; 1.0 s; peak memory 1308 MiB.
2026-10-05T19:18:39Z INFO [608/900] 47029ba5-c160-458f-8a8c-e3d5911ab814: 22 groups; 1.1 s; peak memory 1308 MiB.
2026-10-05T19:18:40Z INFO [609/900] 4702c2ee-fb95-428d-94d0-2604a05a2ef3: 32 groups; 1.1 s; peak memory 1308 MiB.
2026-10-05T19:18:41Z INFO [610/900] 4702dbc0-bea6-40a1-b866-4e5f012b26d8: 22 groups; 0.9 s; peak memory 1308 MiB.
2026-10-05T19:18:41Z INFO [611/900] 47038e63-4dcd-4794-b194-699ffd40c880: 16 groups; 0.6 s; peak memory 1308 MiB.
2026-10-05T19:18:43Z INFO [612/900] 4703db5c-df94-432b-b38f-30c110233b3f: 202 groups; 1.6 s; peak memory 1308 MiB.
2026-10-05T19:18:44Z INFO [613/900] 47041fc7-73b1-451d-9989-c093163980dc: 17 groups; 1.0 s; peak memory 1308 MiB.
2026-10-05T19:18:45Z INFO [614/900] 47045940-b7e0-469b-bc33-fef5286ad5c8: 16 groups; 0.6 s; peak memory 1308 MiB.
2026-10-05T19:18:46Z INFO [615/900] 47048199-6066-4e9e-a086-7e8af80931d8: 33 groups; 1.6 s; peak memory 1308 MiB.
2026-10-05T19:18:48Z INFO [616/900] 47049da1-371c-41b8-aae2-90cfbea4aa8e: 48 groups; 1.9 s; peak memory 1308 MiB.
2026-10-05T19:18:49Z INFO [617/900] 4705e67d-097f-49cd-a777-231612c7b5a2: 28 groups; 0.9 s; peak memory 1308 MiB.
2026-10-05T19:18:50Z INFO [618/900] 4705fe33-2ce9-4788-ac9d-5a104b831fe0: 31 groups; 0.8 s; peak memory 1308 MiB.
2026-10-05T19:18:51Z INFO [619/900] 47064aa5-4f13-40ed-90ba-293b50c0537c: 22 groups; 0.8 s; peak memory 1308 MiB.
2026-10-05T19:18:52Z INFO [620/900] 4708c36b-d7db-4070-afda-324e8c437a7e: 48 groups; 1.7 s; peak memory 1308 MiB.
2026-10-05T19:18:54Z INFO [621/900] 47096357-46f6-4c69-a42e-b1efd37be26c: 36 groups; 1.3 s; peak memory 1308 MiB.
2026-10-05T19:18:54Z INFO [622/900] 47098884-bea9-48ac-be4b-ac92439e42bd: 16 groups; 0.5 s; peak memory 1308 MiB.
2026-10-05T19:18:59Z INFO [623/900] 47098951-30e8-495b-a976-f6bd92b3950d: 224 groups; 5.2 s; peak memory 1308 MiB.
2026-10-05T19:32:39Z INFO [624/900] 47099ffe-0c64-4cbe-9906-596f3575854e: 89 groups; 819.4 s; peak memory 1308 MiB.
2026-10-05T19:32:47Z INFO [625/900] 4709eed3-6f0f-4873-9976-387c980e914e: 307 groups; 8.0 s; peak memory 1308 MiB.
2026-10-05T19:32:48Z INFO [626/900] 470a2976-07f7-495e-838e-f644faa7d5d2: 32 groups; 1.0 s; peak memory 1308 MiB.
2026-10-05T19:32:49Z INFO [627/900] 470a7fc4-6314-48d3-abe0-549ed679d2b5: 35 groups; 1.0 s; peak memory 1308 MiB.
2026-10-05T19:32:49Z INFO [628/900] 470ae834-0594-4c8d-ae1d-01b8a6073940: 32 groups; 0.8 s; peak memory 1308 MiB.
2026-10-05T19:32:57Z INFO [629/900] 470bf1fb-81dd-4bb9-a068-fcd9dc620b05: 213 groups; 7.2 s; peak memory 1308 MiB.
2026-10-05T19:33:00Z INFO [630/900] 470c0015-b688-4e80-ac15-46340921c84d: 62 groups; 3.0 s; peak memory 1308 MiB.
2026-10-05T19:33:59Z INFO [631/900] 470d28b4-4181-488b-ac0e-ca3d1bfee678: 2712 groups; 59.6 s; peak memory 1308 MiB.
2026-10-05T19:34:00Z INFO [632/900] 470d9bb6-5858-4e6b-94f6-bf956254d2a8: 22 groups; 1.0 s; peak memory 1308 MiB.
2026-10-05T19:34:01Z INFO [633/900] 470e9600-fd3d-4ee8-8e76-b8c4d2551815: 32 groups; 0.9 s; peak memory 1308 MiB.
2026-10-05T19:34:02Z INFO [634/900] 470ed460-86ee-4cb8-97c1-de98d3680138: 31 groups; 0.6 s; peak memory 1308 MiB.
2026-10-05T19:34:06Z INFO [635/900] 4712543d-e747-44e6-8eb7-f3fd06b6c10d: 165 groups; 3.9 s; peak memory 1308 MiB.
2026-10-05T19:34:12Z INFO [636/900] 4713aa21-5be0-48ef-8d9d-5a366edf96c4: 207 groups; 5.9 s; peak memory 1308 MiB.
2026-10-05T19:34:13Z INFO [637/900] 47140115-47d2-4522-bfb8-25bcd6dd857c: 337 groups; 1.4 s; peak memory 1308 MiB.
2026-10-05T19:35:39Z INFO [638/900] 47140e5d-9a0f-4223-9f3c-918a8f642740: 36 groups; 85.8 s; peak memory 1308 MiB.
2026-10-05T19:35:50Z INFO [639/900] 47146522-e54c-4d4f-b02e-613b4e4b0825: 1166 groups; 11.3 s; peak memory 1308 MiB.
2026-10-05T19:35:51Z INFO [640/900] 4714a5b3-c5b3-4c3b-90cf-6a578cb83a92: 25 groups; 0.8 s; peak memory 1308 MiB.
2026-10-05T19:35:52Z INFO [641/900] 4714c7b8-3d1d-44eb-a4cd-6f1115b0903d: 32 groups; 1.2 s; peak memory 1308 MiB.
2026-10-05T19:35:53Z INFO [642/900] 4714d612-f371-4110-8965-682a60ac26e3: 32 groups; 1.3 s; peak memory 1308 MiB.
2026-10-05T19:35:54Z INFO [643/900] 47158121-dab3-405d-a880-148530138ace: 28 groups; 0.8 s; peak memory 1308 MiB.
2026-10-05T19:35:55Z INFO [644/900] 4715cca8-7545-4f79-98d9-c39237ba4384: 22 groups; 0.6 s; peak memory 1308 MiB.
2026-10-05T19:35:56Z INFO [645/900] 4715e403-3560-4bef-bc01-d04379ffa1e1: 35 groups; 1.1 s; peak memory 1308 MiB.
2026-10-05T19:35:57Z INFO [646/900] 4715eee3-b8c7-4523-9818-66e11427518f: 29 groups; 1.3 s; peak memory 1308 MiB.
2026-10-05T19:35:58Z INFO [647/900] 47164be9-4552-4976-92a9-1142025d83d8: 32 groups; 0.9 s; peak memory 1308 MiB.
2026-10-05T19:35:59Z INFO [648/900] 47180910-692a-42f0-ba33-b20fea184e70: 22 groups; 0.8 s; peak memory 1308 MiB.
2026-10-05T19:36:00Z INFO [649/900] 471955e8-0d8e-4cb8-a602-4b9b9049f749: 22 groups; 1.0 s; peak memory 1308 MiB.
2026-10-05T19:36:01Z INFO [650/900] 471a4577-1bf4-461d-a95a-9ef1072d340f: 22 groups; 0.9 s; peak memory 1308 MiB.
2026-10-05T19:36:01Z INFO [650/900] 471a4577-1bf4-461d-a95a-9ef1072d340f: checkpointed 81186 records.
2026-10-05T19:36:02Z INFO [651/900] 471a4aa4-3700-42e5-be12-27ad39847976: 22 groups; 1.1 s; peak memory 1308 MiB.
2026-10-05T19:36:03Z INFO [652/900] 471a5d63-b6f9-4ce0-85d3-30633e835d45: 32 groups; 0.8 s; peak memory 1308 MiB.
2026-10-05T19:36:04Z INFO [653/900] 471a8e07-3023-441b-a556-7e619aab603c: 35 groups; 1.2 s; peak memory 1308 MiB.
2026-10-05T19:36:05Z INFO [654/900] 471aec1d-fdeb-46cb-a3c7-1e36c8eb84de: 32 groups; 1.0 s; peak memory 1308 MiB.
2026-10-05T19:36:06Z INFO [655/900] 471b4bb7-aa60-499f-8168-ddb96f63c005: 22 groups; 0.8 s; peak memory 1308 MiB.
2026-10-05T19:36:15Z INFO [656/900] 471db47f-fd6a-482b-aa0e-e0d55483b482: 288 groups; 9.0 s; peak memory 1308 MiB.
2026-10-05T19:36:16Z INFO [657/900] 471dd600-ea7d-43dc-a0a2-bea6738551e9: 103 groups; 1.0 s; peak memory 1308 MiB.
2026-10-05T19:36:17Z INFO [658/900] 471ddeba-3feb-4859-ac64-f09e395cfeed: 202 groups; 1.5 s; peak memory 1308 MiB.
2026-10-05T19:36:19Z INFO [659/900] 471e616d-8d6d-484d-a3b4-ca73387ff110: 35 groups; 1.3 s; peak memory 1308 MiB.
2026-10-05T19:36:20Z INFO [660/900] 471ea708-2692-47ea-acc3-83dfc8bc5430: 36 groups; 1.2 s; peak memory 1308 MiB.
2026-10-05T19:36:21Z INFO [661/900] 471ec2d1-99c8-437a-b711-d35ed26aa24f: 33 groups; 1.0 s; peak memory 1308 MiB.
2026-10-05T19:36:22Z INFO [662/900] 471ed6f6-d090-47c3-934a-1a017754136f: 22 groups; 0.9 s; peak memory 1308 MiB.
2026-10-05T19:36:28Z INFO [663/900] 471f527a-a46b-4798-826f-19c65a30fa38: 26 groups; 6.4 s; peak memory 1308 MiB.
2026-10-05T19:36:29Z INFO [664/900] 471f590e-7e39-433f-a8bc-6f58c37d3929: 31 groups; 0.6 s; peak memory 1308 MiB.
2026-10-05T19:36:30Z INFO [665/900] 471fd805-e9cd-452b-a0ec-d366e5067714: 32 groups; 0.8 s; peak memory 1308 MiB.
2026-10-05T19:36:37Z INFO [666/900] 4720c8d4-682f-4a47-bc28-fa894428d565: 380 groups; 7.9 s; peak memory 1308 MiB.
2026-10-05T19:36:38Z INFO [667/900] 472141ad-fb10-46e3-a10c-afb609aae386: 22 groups; 0.9 s; peak memory 1308 MiB.
2026-10-05T19:36:39Z INFO [668/900] 4721f8bf-559c-4707-b237-7cc7ef6f6456: 22 groups; 0.8 s; peak memory 1308 MiB.
2026-10-05T19:36:40Z INFO [669/900] 47225603-fae1-49ae-a4db-0339791edb56: 30 groups; 0.7 s; peak memory 1308 MiB.
2026-10-05T19:36:41Z INFO [670/900] 4722666a-d583-4780-9248-c2791e883723: 22 groups; 0.9 s; peak memory 1308 MiB.
2026-10-05T19:36:42Z INFO [671/900] 4722b57d-4e09-4c24-8071-a87f76575f34: 202 groups; 1.3 s; peak memory 1308 MiB.
2026-10-05T19:36:43Z INFO [672/900] 47235d69-181d-409d-89ba-b2ce2ba16450: 35 groups; 1.3 s; peak memory 1308 MiB.
2026-10-05T19:36:45Z INFO [673/900] 472370cc-0919-4b2f-9f4e-9ff244029f72: 207 groups; 1.6 s; peak memory 1308 MiB.
2026-10-05T19:36:45Z INFO [674/900] 47239cbf-5d39-42cc-9bff-9ac5089b2a16: 32 groups; 0.8 s; peak memory 1308 MiB.
2026-10-05T19:36:48Z INFO [675/900] 4723a17b-0393-43ed-b25f-5f815e9c249a: 139 groups; 2.9 s; peak memory 1308 MiB.
2026-10-05T19:36:49Z INFO [676/900] 4723be02-70a4-4df2-9748-0d2aca842d4f: 32 groups; 1.2 s; peak memory 1308 MiB.
2026-10-05T19:36:51Z INFO [677/900] 4725ea4d-a89d-4f0c-9211-174c1c92f15b: 32 groups; 1.0 s; peak memory 1308 MiB.
2026-10-05T19:36:52Z INFO [678/900] 47264946-9bb3-491f-9a31-5704d7929c94: 29 groups; 1.1 s; peak memory 1308 MiB.
2026-10-05T19:36:53Z INFO [679/900] 47265d50-f24c-4fbb-aa28-d4e2f47d6005: 48 groups; 1.8 s; peak memory 1308 MiB.
2026-10-05T19:36:54Z INFO [680/900] 4726d7fe-4f63-48cb-b551-5a3698fce11d: 17 groups; 0.6 s; peak memory 1308 MiB.
2026-10-05T19:36:55Z INFO [681/900] 4728d5b9-41d8-43a5-bca1-bf3850b20155: 22 groups; 0.8 s; peak memory 1308 MiB.
2026-10-05T19:36:55Z INFO [682/900] 4728dce4-772e-4078-9541-48ea58c1b113: 22 groups; 0.7 s; peak memory 1308 MiB.
2026-10-05T19:36:59Z INFO [683/900] 47293cdb-28eb-4a3b-a291-6e83f88fca46: 22 groups; 3.3 s; peak memory 1308 MiB.
2026-10-05T19:37:05Z INFO [684/900] 4729422b-bf1f-40a0-aee5-45f54f8d84d2: 175 groups; 6.3 s; peak memory 1308 MiB.
2026-10-05T19:37:06Z INFO [685/900] 4729b9cb-416a-4214-a6d1-ec6739d178ae: 103 groups; 0.9 s; peak memory 1308 MiB.
2026-10-05T19:37:07Z INFO [686/900] 4729bf6c-e130-4fda-8d4f-bf909fc38866: 35 groups; 0.9 s; peak memory 1308 MiB.
2026-10-05T19:37:09Z INFO [687/900] 472a7992-fdad-429d-842c-634d33e09f8c: 64 groups; 1.6 s; peak memory 1308 MiB.
2026-10-05T19:37:09Z INFO [688/900] 472af150-9f68-4bf0-aafc-8bfde6180abb: 196 groups; 0.9 s; peak memory 1308 MiB.
2026-10-05T19:37:13Z INFO [689/900] 472b65f5-91d0-43ef-8936-fcec30ac9121: 42 groups; 3.2 s; peak memory 1308 MiB.
2026-10-05T19:37:13Z INFO [690/900] 472b8e84-9ad3-415c-8701-9a9fb4a40cb4: 25 groups; 0.8 s; peak memory 1308 MiB.
2026-10-05T19:37:18Z INFO [691/900] 472c3061-4123-4fa3-aae3-9e612b213826: 124 groups; 4.7 s; peak memory 1308 MiB.
2026-10-05T19:37:24Z INFO [692/900] 472c6efc-5964-441f-8e38-3af50d727518: 48 groups; 5.7 s; peak memory 1308 MiB.
2026-10-05T19:37:25Z INFO [693/900] 472cceed-e429-439a-909c-faa1a09b98d6: 32 groups; 0.7 s; peak memory 1308 MiB.
2026-10-05T19:37:26Z INFO [694/900] 472d3d5d-8631-4244-99db-496a8aec6902: 48 groups; 1.8 s; peak memory 1308 MiB.
2026-10-05T19:37:27Z INFO [695/900] 472de65e-80b9-42bd-97cc-ca4a6bf48e56: 22 groups; 0.9 s; peak memory 1308 MiB.
2026-10-05T19:37:29Z INFO [696/900] 472f44f7-d276-4ddb-ae99-333aa965f4f2: 48 groups; 1.6 s; peak memory 1308 MiB.
2026-10-05T19:37:43Z INFO [697/900] 472f7c43-cde1-4a55-9884-ec205623622e: 297 groups; 13.9 s; peak memory 1308 MiB.
2026-10-05T19:37:44Z INFO [698/900] 47301bac-dec7-46a9-a258-d096bc0e75a6: 195 groups; 1.2 s; peak memory 1308 MiB.
2026-10-05T19:37:48Z INFO [699/900] 4730ff8e-ce52-45db-bdf3-15ed39992ec0: 124 groups; 3.7 s; peak memory 1308 MiB.
2026-10-05T19:37:48Z INFO [700/900] 47312967-da05-4989-9d23-abc3da807144: 31 groups; 0.7 s; peak memory 1308 MiB.
2026-10-05T19:37:49Z INFO [700/900] 47312967-da05-4989-9d23-abc3da807144: checkpointed 81236 records.
2026-10-05T19:37:50Z INFO [701/900] 47334721-b108-4c9a-a59d-f128f71da36d: 32 groups; 1.1 s; peak memory 1308 MiB.
2026-10-05T19:37:52Z INFO [702/900] 4733567a-4165-4572-95be-d744a7658121: 45 groups; 2.5 s; peak memory 1308 MiB.
2026-10-05T19:37:53Z INFO [703/900] 47339ed4-441a-4a98-a516-dd5f20e4a85a: 32 groups; 1.0 s; peak memory 1308 MiB.
2026-10-05T19:37:54Z INFO [704/900] 4733e34b-8b89-4b71-86e3-5ea9dbddbd29: 32 groups; 1.1 s; peak memory 1308 MiB.
2026-10-05T19:43:14Z INFO [705/900] 47341d83-6f4a-4528-82df-de87d0ad7f3e: 39 groups; 320.1 s; peak memory 1308 MiB.
2026-10-05T19:43:16Z INFO [706/900] 473584ef-fe8f-4a39-87e1-ac2630b6ff6a: 43 groups; 1.8 s; peak memory 1308 MiB.
2026-10-05T19:43:22Z INFO [707/900] 4735b89a-6507-480b-96df-41055f3bbe91: 50 groups; 5.8 s; peak memory 1308 MiB.
2026-10-05T19:43:23Z INFO [708/900] 473647d7-a75a-4b5a-b0fe-ca86ccad6bab: 16 groups; 0.7 s; peak memory 1308 MiB.
2026-10-05T19:43:30Z INFO [709/900] 4736c270-4d6f-45e2-8ce2-5a999dc5c24b: 204 groups; 7.0 s; peak memory 1308 MiB.
2026-10-05T19:43:31Z INFO [710/900] 47377049-88d2-4107-b9f9-40d22cc2286b: 32 groups; 1.0 s; peak memory 1308 MiB.
2026-10-05T19:43:31Z INFO [711/900] 47388693-9d52-4949-904f-e52cbd4be067: 18 groups; 0.6 s; peak memory 1308 MiB.
2026-10-05T19:43:33Z INFO [712/900] 473889e8-3de2-45d5-8e85-6316109ea6dc: 49 groups; 1.4 s; peak memory 1308 MiB.
2026-10-05T19:43:35Z INFO [713/900] 473893f6-7a1e-4cb5-abf1-2893cb91ba4d: 194 groups; 2.4 s; peak memory 1308 MiB.
2026-10-05T19:43:36Z INFO [714/900] 47391bc9-82c2-4ddc-a6f3-ca867a677f85: 22 groups; 0.9 s; peak memory 1308 MiB.
2026-10-05T19:43:41Z INFO [715/900] 4739bbf7-314a-49e0-b7ba-ea9f4379e64b: 34 groups; 5.1 s; peak memory 1308 MiB.
2026-10-05T19:43:42Z INFO [716/900] 4739cfd7-eddd-4e3f-9689-e68b9114fe84: 32 groups; 1.0 s; peak memory 1308 MiB.
2026-10-05T19:43:44Z INFO [717/900] 4739f000-7f51-4fb7-b161-9b469b01ad32: 199 groups; 1.6 s; peak memory 1308 MiB.
2026-10-05T19:43:45Z INFO [718/900] 473a2e36-7b6d-48e0-8350-086d900caf6c: 207 groups; 1.2 s; peak memory 1308 MiB.
2026-10-05T19:43:46Z INFO [719/900] 473a9ce7-8834-46db-aa10-479618328cd6: 259 groups; 1.3 s; peak memory 1308 MiB.
2026-10-05T19:43:48Z INFO [720/900] 473acb11-aa54-4897-8a45-556e38abb57b: 207 groups; 1.7 s; peak memory 1308 MiB.
2026-10-05T19:43:49Z INFO [721/900] 473b199d-1f30-4e04-9e8e-e91aec3442ea: 22 groups; 0.9 s; peak memory 1308 MiB.
2026-10-05T19:43:59Z INFO [722/900] 473b34db-9c43-496f-be5a-f53ca79f7d91: 199 groups; 10.3 s; peak memory 1308 MiB.
2026-10-05T19:44:01Z INFO [723/900] 473b6d66-0da7-4e0a-a72f-258519e91464: 22 groups; 2.0 s; peak memory 1308 MiB.
2026-10-05T19:44:04Z INFO [724/900] 473b9a68-bc4f-44ea-81b0-8f36304449e6: 54 groups; 2.7 s; peak memory 1308 MiB.
2026-10-05T19:44:05Z INFO [725/900] 473bdbc2-ce76-498f-ac77-fd34da6362b6: 32 groups; 1.0 s; peak memory 1308 MiB.
2026-10-05T19:44:05Z INFO [726/900] 473c17d4-354c-474f-ae5a-6b741942c5b8: 26 groups; 0.7 s; peak memory 1308 MiB.
2026-10-05T19:44:07Z INFO [727/900] 473ca9b6-b5ba-4ca3-90dd-2ce625e0448b: 336 groups; 1.8 s; peak memory 1308 MiB.
2026-10-05T19:44:08Z INFO [728/900] 473d16b2-0ee6-497b-9aaf-f047f03ce07b: 32 groups; 1.0 s; peak memory 1308 MiB.
2026-10-05T19:44:10Z INFO [729/900] 473eef64-fd77-4c64-ad50-c9439335167a: 573 groups; 1.4 s; peak memory 1308 MiB.
2026-10-05T19:44:10Z INFO [730/900] 473efae8-4e93-4495-b0f9-ceecb270f544: 32 groups; 0.6 s; peak memory 1308 MiB.
2026-10-05T19:44:11Z INFO [731/900] 4740ef06-9da1-44ed-ae0b-14324be62eee: 22 groups; 0.9 s; peak memory 1308 MiB.
2026-10-05T19:44:14Z INFO [732/900] 4741d395-d308-456b-8475-5e4ff4dffda3: 113 groups; 2.5 s; peak memory 1308 MiB.
2026-10-05T19:44:15Z INFO [733/900] 47422c3c-1a7a-4fdc-af2f-47a759c07546: 22 groups; 0.8 s; peak memory 1308 MiB.
2026-10-05T19:44:15Z INFO [734/900] 47427e2e-5cd3-41ec-ac44-42adcd148de0: 26 groups; 0.6 s; peak memory 1308 MiB.
2026-10-05T19:44:17Z INFO [735/900] 47427ef8-7d72-4e86-94b3-b2d6dd2ea520: 48 groups; 2.2 s; peak memory 1308 MiB.
2026-10-05T19:44:19Z INFO [736/900] 474316fa-3bbd-4e5c-8571-45f1901f8179: 48 groups; 1.6 s; peak memory 1308 MiB.
2026-10-05T19:44:20Z INFO [737/900] 4743dfd6-765c-4e82-b036-bb7b7cfa5420: 32 groups; 1.0 s; peak memory 1308 MiB.
2026-10-05T19:44:21Z INFO [738/900] 474567ef-d760-46a9-a550-3c6ece58269d: 32 groups; 1.0 s; peak memory 1308 MiB.
2026-10-05T19:44:22Z INFO [739/900] 47457052-fbc8-42a2-a3ad-7fbbd28e1c80: 32 groups; 0.8 s; peak memory 1308 MiB.
2026-10-05T19:44:24Z INFO [740/900] 4745abfb-b296-409b-a986-eaf576c5f9ff: 48 groups; 2.3 s; peak memory 1308 MiB.
2026-10-05T19:44:29Z INFO [741/900] 4746b695-168d-41ca-aa1b-1de034379d55: 191 groups; 4.9 s; peak memory 1308 MiB.
2026-10-05T19:44:30Z INFO [742/900] 4746ce1f-9daf-4c79-aedb-395ac21ab11f: 22 groups; 1.1 s; peak memory 1308 MiB.
2026-10-05T19:44:31Z INFO [743/900] 4747bc1d-8eee-4e0c-af3a-07bcc52ec962: 35 groups; 0.9 s; peak memory 1308 MiB.
2026-10-05T19:44:33Z INFO [744/900] 474a2748-82b8-4588-b56d-0da270b3d40b: 50 groups; 2.2 s; peak memory 1308 MiB.
2026-10-05T19:44:52Z INFO [745/900] 474b8547-3eff-42d9-9b97-e1c1191c2ad1: 3595 groups; 18.5 s; peak memory 1308 MiB.
2026-10-05T19:47:36Z INFO [746/900] 474c73e3-04a4-43c0-a8da-64e60fad9f29: 69 groups; 164.6 s; peak memory 1308 MiB.
2026-10-05T19:47:37Z INFO [747/900] 474cb693-5e6f-4948-80b0-f5fff9d0d3c5: 22 groups; 1.0 s; peak memory 1308 MiB.
2026-10-05T19:47:38Z INFO [748/900] 474cf175-3daf-4845-bbb4-a4763acaf3f0: 25 groups; 1.1 s; peak memory 1308 MiB.
2026-10-05T19:47:40Z INFO [749/900] 474d352f-37e0-4ce2-89a3-8ef88f5fafa5: 32 groups; 1.1 s; peak memory 1308 MiB.
2026-10-05T19:47:41Z INFO [750/900] 474d8c8c-ade1-4f14-9164-9deb368f84db: 35 groups; 1.0 s; peak memory 1308 MiB.
2026-10-05T19:47:41Z INFO [750/900] 474d8c8c-ade1-4f14-9164-9deb368f84db: checkpointed 81286 records.
2026-10-05T19:47:42Z INFO [751/900] 474dd6ed-1c9d-473c-be6b-ae4856768371: 35 groups; 1.1 s; peak memory 1308 MiB.
2026-10-05T19:47:46Z INFO [752/900] 474e1435-dccb-47be-8e56-3495164579dc: 132 groups; 4.0 s; peak memory 1308 MiB.
2026-10-05T19:47:47Z INFO [753/900] 474e3250-c31f-4892-aa72-6bcee2be41ce: 22 groups; 0.9 s; peak memory 1308 MiB.
2026-10-05T19:47:47Z INFO [754/900] 474fe87f-cca2-4aed-bcbb-0634d47bc323: 22 groups; 0.9 s; peak memory 1308 MiB.
2026-10-05T19:47:54Z INFO [755/900] 4750b4df-dd7c-40f1-9861-17738a13ecfb: 27 groups; 6.3 s; peak memory 1308 MiB.
2026-10-05T19:47:54Z INFO [756/900] 47511e6d-045b-4b0f-9c55-2fc7dba2c658: 16 groups; 0.6 s; peak memory 1308 MiB.
2026-10-05T19:47:55Z INFO [757/900] 4751f7ce-3529-4567-a32b-4b6df6c4d005: 26 groups; 0.8 s; peak memory 1308 MiB.
2026-10-05T19:47:56Z INFO [758/900] 475230cd-5e23-4244-98dc-fe821cc75bbf: 36 groups; 1.3 s; peak memory 1308 MiB.
2026-10-05T19:47:57Z INFO [759/900] 475261c0-0e8c-413e-8cb3-e82d4240a2bd: 16 groups; 0.7 s; peak memory 1308 MiB.
2026-10-05T19:47:58Z INFO [760/900] 475280f1-9bf3-4dda-8d68-06266b2448cc: 43 groups; 0.9 s; peak memory 1308 MiB.
2026-10-05T19:47:59Z INFO [761/900] 47542bd0-33cf-4003-a955-482fbd59f808: 35 groups; 1.1 s; peak memory 1308 MiB.
2026-10-05T19:48:02Z INFO [762/900] 47548519-10dc-48ce-89f7-d816caaed2f7: 87 groups; 2.5 s; peak memory 1308 MiB.
2026-10-05T19:48:03Z INFO [763/900] 47549ffa-4c17-4bed-8ac4-9f330d7bd215: 35 groups; 0.9 s; peak memory 1308 MiB.
2026-10-05T19:48:04Z INFO [764/900] 4754e8b6-0f6c-4845-96f2-7a9c01522fa8: 35 groups; 1.2 s; peak memory 1308 MiB.
2026-10-05T19:48:05Z INFO [765/900] 47558301-9f7f-47e7-bb38-216056cd1bef: 103 groups; 0.9 s; peak memory 1308 MiB.
2026-10-05T19:48:06Z INFO [766/900] 4755ebc9-0382-4d4b-a4f1-57985b7fcc75: 32 groups; 0.9 s; peak memory 1308 MiB.
2026-10-05T19:48:06Z INFO [767/900] 47569584-8dd8-472e-8f7a-05cc0aefa4af: 16 groups; 0.5 s; peak memory 1308 MiB.
2026-10-05T19:48:07Z INFO [768/900] 47588b42-7c76-4213-8c95-ac30a312fd6d: 31 groups; 0.7 s; peak memory 1308 MiB.
2026-10-05T19:48:08Z INFO [769/900] 475925d4-14d3-494b-8635-6a199e16be2e: 35 groups; 1.1 s; peak memory 1308 MiB.
2026-10-05T19:48:09Z INFO [770/900] 475992d4-c0c2-4d90-9d6e-1a4768347767: 251 groups; 0.8 s; peak memory 1308 MiB.
2026-10-05T19:48:10Z INFO [771/900] 4759f6f2-ddd4-4da0-9b63-dbc021d31838: 37 groups; 1.2 s; peak memory 1308 MiB.
2026-10-05T19:48:12Z INFO [772/900] 475a37b1-ce38-4c4c-8353-e93d8b9ceed2: 32 groups; 1.9 s; peak memory 1308 MiB.
2026-10-05T19:48:13Z INFO [773/900] 475abd63-127c-4b5a-ae63-59a0977cf654: 25 groups; 0.8 s; peak memory 1308 MiB.
2026-10-05T19:48:13Z INFO [774/900] 475b45d5-b289-4ef4-8e42-0ab3499f9f79: 22 groups; 0.9 s; peak memory 1308 MiB.
2026-10-05T19:48:15Z INFO [775/900] 475bb3b1-5060-4d00-8cb4-6024875d8ad6: 48 groups; 1.9 s; peak memory 1308 MiB.
2026-10-05T19:48:18Z INFO [776/900] 475c9bec-6839-4d60-8c3b-877e57340743: 59 groups; 2.3 s; peak memory 1308 MiB.
2026-10-05T19:48:23Z INFO [777/900] 475d6cce-17ee-45b4-906b-ab243eb28d59: 191 groups; 4.9 s; peak memory 1308 MiB.
2026-10-05T19:48:25Z INFO [778/900] 475fc644-9303-4fdd-9ede-8d2c3ccc2c5e: 86 groups; 2.0 s; peak memory 1308 MiB.
2026-10-05T19:48:25Z INFO [779/900] 47600f2f-7c00-4bde-93c8-6fe8556a6903: 22 groups; 0.9 s; peak memory 1308 MiB.
2026-10-05T19:48:36Z INFO [780/900] 4760960f-deb4-4d5f-a2c6-ea3eb1f4cd6b: 176 groups; 10.3 s; peak memory 1308 MiB.
2026-10-05T19:48:41Z INFO [781/900] 4760bb06-c5c2-48a7-9ac5-60c7b4a235a5: 34 groups; 4.7 s; peak memory 1308 MiB.
2026-10-05T19:48:44Z INFO [782/900] 4761054d-2a7a-465c-810d-231d38124922: 128 groups; 3.9 s; peak memory 1308 MiB.
2026-10-05T19:48:45Z INFO [783/900] 4761e048-42d3-4d43-ba30-3e876b85ad6a: 22 groups; 0.9 s; peak memory 1308 MiB.
2026-10-05T19:48:46Z INFO [784/900] 4761fab4-5423-405c-8424-b239f922a386: 22 groups; 0.7 s; peak memory 1308 MiB.
2026-10-05T19:48:47Z INFO [785/900] 476388be-108c-455f-9f1e-5e96b6a1362b: 32 groups; 1.1 s; peak memory 1308 MiB.
2026-10-05T19:48:48Z INFO [786/900] 47650194-d57e-406e-9b36-9a62e7b68a3e: 22 groups; 0.9 s; peak memory 1308 MiB.
2026-10-05T19:48:49Z INFO [787/900] 47653e00-6e3c-45f3-94cb-78724beb42b4: 22 groups; 0.8 s; peak memory 1308 MiB.
2026-10-05T19:48:52Z INFO [788/900] 476541ff-335b-4e68-83a4-67e922a6cc68: 116 groups; 2.7 s; peak memory 1308 MiB.
2026-10-05T19:48:59Z INFO [789/900] 4765833a-08a0-485c-bd5b-3eda26cfa11f: 172 groups; 7.0 s; peak memory 1308 MiB.
2026-10-05T19:48:59Z INFO [790/900] 4765ac65-75cd-40f8-92cd-2b43f4109b4f: 22 groups; 0.8 s; peak memory 1308 MiB.
2026-10-05T19:49:00Z INFO [791/900] 47666158-f8b7-44af-8c54-521a89812de5: 32 groups; 0.6 s; peak memory 1308 MiB.
2026-10-05T19:49:01Z INFO [792/900] 47676745-fa89-4743-b9d5-6d750a0dd159: 22 groups; 0.8 s; peak memory 1308 MiB.
2026-10-05T19:49:01Z INFO [793/900] 47682013-eb72-4c73-bd0f-a57cfbaa49ce: 16 groups; 0.5 s; peak memory 1308 MiB.
2026-10-05T19:49:03Z INFO [794/900] 476899c7-cfe2-4683-a80a-1909e2e51e61: 207 groups; 1.8 s; peak memory 1308 MiB.
2026-10-05T19:49:05Z INFO [795/900] 476914a6-3200-42a9-8434-1655146ae35c: 17 groups; 2.3 s; peak memory 1308 MiB.
2026-10-05T19:49:06Z INFO [796/900] 47698cbc-91be-40a4-915c-47d44bd4f0bb: 28 groups; 0.6 s; peak memory 1308 MiB.
2026-10-05T19:49:07Z INFO [797/900] 476ac601-2a97-4b20-aed6-683183370580: 33 groups; 1.1 s; peak memory 1308 MiB.
2026-10-05T19:49:08Z INFO [798/900] 476b28bf-8204-4ae0-89eb-c7bf0b550da8: 16 groups; 0.5 s; peak memory 1308 MiB.
2026-10-05T19:49:08Z INFO [799/900] 476b75ef-9331-410e-a56d-8bb294aaf4b3: 31 groups; 0.9 s; peak memory 1308 MiB.
2026-10-05T19:49:10Z INFO [800/900] 476bacf6-7d24-44c7-9f28-3884bd585789: 202 groups; 1.1 s; peak memory 1308 MiB.
2026-10-05T19:49:10Z INFO [800/900] 476bacf6-7d24-44c7-9f28-3884bd585789: checkpointed 81336 records.
2026-10-05T19:49:14Z INFO [801/900] 476c12c4-c3ec-4fc6-81ea-5c04290fb417: 47 groups; 4.5 s; peak memory 1308 MiB.
2026-10-05T19:49:15Z INFO [802/900] 476c8980-18a2-4ae9-96e5-19056bceae66: 19 groups; 0.8 s; peak memory 1308 MiB.
2026-10-05T19:49:16Z INFO [803/900] 476d31fd-446c-47f0-81d6-f0cbd4eb7d5e: 32 groups; 1.4 s; peak memory 1308 MiB.
2026-10-05T19:49:17Z INFO [804/900] 476dcfc8-2034-4e77-a0f6-ed209b75583e: 16 groups; 0.6 s; peak memory 1308 MiB.
2026-10-05T19:49:22Z INFO [805/900] 476f7942-30a1-46a3-9c65-914ae32e882e: 34 groups; 5.5 s; peak memory 1308 MiB.
2026-10-05T19:49:48Z INFO [806/900] 476f9e1b-6e2a-43c3-a8ca-97e214fd530a: 23 groups; 26.0 s; peak memory 1308 MiB.
2026-10-05T19:49:49Z INFO [807/900] 476fcd9d-80cb-4238-9de8-b141666efeee: 35 groups; 0.9 s; peak memory 1308 MiB.
2026-10-05T19:49:52Z INFO [808/900] 477104d3-30e1-4a7b-a44c-b47c1d719cda: 46 groups; 2.3 s; peak memory 1308 MiB.
2026-10-05T19:49:52Z INFO [809/900] 477163da-9d5e-4797-81a7-f3008e63d125: 32 groups; 0.8 s; peak memory 1308 MiB.
2026-10-05T19:49:55Z INFO [810/900] 47718fda-7e9d-49ce-871a-e0bcc24dbdbc: 50 groups; 2.5 s; peak memory 1308 MiB.
2026-10-05T19:49:56Z INFO [811/900] 4772169c-e689-4fd9-a1c2-a6cfe37b126b: 204 groups; 1.4 s; peak memory 1308 MiB.
2026-10-05T19:49:57Z INFO [812/900] 47728718-0d15-410e-a1f5-706a3d1e8c79: 32 groups; 0.8 s; peak memory 1308 MiB.
2026-10-05T19:49:59Z INFO [813/900] 4772c270-d60a-4a60-8677-65e6c78b9c5d: 89 groups; 2.2 s; peak memory 1308 MiB.
2026-10-05T19:50:00Z INFO [814/900] 4772d0a7-9391-4ab3-9cfd-804e04f32527: 22 groups; 0.9 s; peak memory 1308 MiB.
2026-10-05T19:50:01Z INFO [815/900] 47744e66-1d9d-48a4-a173-0d32787abcb3: 22 groups; 0.7 s; peak memory 1308 MiB.
2026-10-05T19:50:03Z INFO [816/900] 477499e4-dc59-45a4-8b20-de72e47711bd: 48 groups; 1.7 s; peak memory 1308 MiB.
2026-10-05T19:50:04Z INFO [817/900] 4774a885-8bf9-4268-bc60-b2e2d7b6e7a8: 35 groups; 1.0 s; peak memory 1308 MiB.
2026-10-05T19:50:30Z INFO [818/900] 47766140-595d-46c4-883c-f12ee1e3c42c: 23 groups; 26.8 s; peak memory 1308 MiB.
2026-10-05T19:50:31Z INFO [819/900] 477701e2-dee8-4f80-9a2e-bf6f646e9692: 32 groups; 0.7 s; peak memory 1308 MiB.
2026-10-05T19:50:32Z INFO [820/900] 4779c813-fae3-411c-8e3a-fd087f88ce72: 35 groups; 1.1 s; peak memory 1308 MiB.
2026-10-05T19:50:33Z INFO [821/900] 4779da63-36b5-4d98-805e-de690d2809cd: 31 groups; 0.9 s; peak memory 1308 MiB.
2026-10-05T19:50:35Z INFO [822/900] 477b7cc4-e847-4c61-9c0c-f98cfabedf50: 35 groups; 1.5 s; peak memory 1308 MiB.
2026-10-05T19:50:44Z INFO [823/900] 477bb390-535c-43a0-84b1-e2db92b74f53: 291 groups; 9.3 s; peak memory 1308 MiB.
2026-10-05T19:50:45Z INFO [824/900] 477ca414-6ea7-4f8d-aa98-27d094caa359: 22 groups; 0.9 s; peak memory 1308 MiB.
2026-10-05T19:50:46Z INFO [825/900] 477cceeb-b564-4ae9-9fef-d73e79aca8be: 30 groups; 1.8 s; peak memory 1308 MiB.
2026-10-05T19:50:49Z INFO [826/900] 477db5dc-043b-41a6-8784-3e0021cb03ac: 88 groups; 2.5 s; peak memory 1308 MiB.
2026-10-05T19:50:59Z INFO [827/900] 477df2ce-aa34-4775-8a4d-9e42a88f2b7d: 233 groups; 9.8 s; peak memory 1308 MiB.
2026-10-05T19:51:00Z INFO [828/900] 477e2f65-296e-4b4c-95e4-e82a30e14c42: 32 groups; 0.9 s; peak memory 1308 MiB.
2026-10-05T19:51:00Z INFO [829/900] 477e6009-64f1-4d22-b756-cb5fd4f6739a: 31 groups; 0.7 s; peak memory 1308 MiB.
2026-10-05T19:51:02Z INFO [830/900] 477ef3c5-8548-4f37-a468-0556f7d28246: 195 groups; 1.2 s; peak memory 1308 MiB.
2026-10-05T19:51:02Z INFO [831/900] 477f1f55-5c74-4849-ab61-7f65c616261e: 22 groups; 0.7 s; peak memory 1308 MiB.
2026-10-05T19:51:07Z INFO [832/900] 477faa3a-3e54-4e22-9ade-2e3e433d32b7: 47 groups; 4.4 s; peak memory 1308 MiB.
2026-10-05T19:51:08Z INFO [833/900] 478050f6-856b-49b5-9a66-777a4789c658: 32 groups; 0.8 s; peak memory 1308 MiB.
2026-10-05T19:51:08Z INFO [834/900] 4780921b-cde3-4020-9347-5aea1e0b093b: 32 groups; 0.8 s; peak memory 1308 MiB.
2026-10-05T19:51:09Z INFO [835/900] 4780ab01-449a-4ec4-a56c-7f38310f7691: 35 groups; 1.0 s; peak memory 1308 MiB.
2026-10-05T19:51:10Z INFO [836/900] 4780d460-d348-4d76-9d5b-43cfaa657a0e: 16 groups; 0.5 s; peak memory 1308 MiB.
2026-10-05T19:51:12Z INFO [837/900] 47816ac0-012b-4c3a-a55d-df55b5bbee7d: 50 groups; 2.3 s; peak memory 1308 MiB.
2026-10-05T19:51:13Z INFO [838/900] 4781c0d9-7b50-4138-a750-3cef764a738e: 32 groups; 1.3 s; peak memory 1308 MiB.
2026-10-05T19:51:14Z INFO [839/900] 4781e0ed-1038-403f-83b2-5928aa55fad3: 22 groups; 1.0 s; peak memory 1308 MiB.
2026-10-05T19:51:15Z INFO [840/900] 47820b8a-c7f5-4402-878a-a0656298ed9f: 32 groups; 0.9 s; peak memory 1308 MiB.
2026-10-05T19:51:16Z INFO [841/900] 47823cd6-79d1-4f05-926d-c3b35565f500: 34 groups; 1.0 s; peak memory 1308 MiB.
2026-10-05T19:51:28Z INFO [842/900] 4782617c-e1cd-40f4-afb6-a0962c0048d0: 157 groups; 11.7 s; peak memory 1308 MiB.
2026-10-05T19:51:33Z INFO [843/900] 47826343-355c-435d-9e16-925d4339cce0: 78 groups; 4.5 s; peak memory 1308 MiB.
2026-10-05T19:51:33Z INFO [844/900] 47829ab4-491e-4d52-b9ee-492f2691b9d4: 22 groups; 0.9 s; peak memory 1308 MiB.
2026-10-05T19:51:35Z INFO [845/900] 4782bbd0-5338-4038-bc62-3d69c3c5a107: 35 groups; 1.1 s; peak memory 1308 MiB.
2026-10-05T19:51:41Z INFO [846/900] 47832e20-0163-45f4-aef2-da3ab99c47e7: 29 groups; 6.9 s; peak memory 1308 MiB.
2026-10-05T19:51:42Z INFO [847/900] 47832ea9-5b96-4713-aab2-80305f613da5: 35 groups; 1.0 s; peak memory 1308 MiB.
2026-10-05T19:51:43Z INFO [848/900] 47842fd4-fa88-4f14-96dd-eb7ec8b1345f: 32 groups; 0.9 s; peak memory 1308 MiB.
2026-10-05T19:51:44Z INFO [849/900] 478455ce-f6b1-4cc8-95ae-1ee0e298ddde: 32 groups; 0.8 s; peak memory 1308 MiB.
2026-10-05T19:51:45Z INFO [850/900] 47847628-8357-4e1b-bf72-011fe64ea404: 22 groups; 1.1 s; peak memory 1308 MiB.
2026-10-05T19:51:45Z INFO [850/900] 47847628-8357-4e1b-bf72-011fe64ea404: checkpointed 81386 records.
2026-10-05T19:51:46Z INFO [851/900] 4785dda7-7dcf-433d-b2b1-265c6b4aa3bf: 16 groups; 0.6 s; peak memory 1308 MiB.
2026-10-05T19:52:02Z INFO [852/900] 47867cf0-74c8-4f25-93b0-18321d73e53e: 155 groups; 15.9 s; peak memory 1308 MiB.
2026-10-05T19:52:03Z INFO [853/900] 47868605-540a-47e1-969f-cad4eab69bde: 35 groups; 1.3 s; peak memory 1308 MiB.
2026-10-05T19:52:05Z INFO [854/900] 4786b90c-26bd-45eb-b92f-24f4d320a06e: 31 groups; 1.6 s; peak memory 1308 MiB.
2026-10-05T19:52:05Z INFO [855/900] 4786e769-4811-435c-b002-fa114f12d833: 33 groups; 0.7 s; peak memory 1308 MiB.
2026-10-05T19:52:15Z INFO [856/900] 478847ba-9f28-4ce4-88f8-f6dec14626cf: 265 groups; 9.5 s; peak memory 1308 MiB.
2026-10-05T19:52:24Z INFO [857/900] 478b00f4-643c-4a0d-a468-e6298e3ae36f: 1360 groups; 9.0 s; peak memory 1308 MiB.
2026-10-05T19:52:34Z INFO [858/900] 478b2393-8e21-405c-975f-dad7f08fdb09: 308 groups; 10.5 s; peak memory 1308 MiB.
2026-10-05T19:52:36Z INFO [859/900] 478bbe73-d73c-4637-822c-40fb8c33ed79: 200 groups; 1.2 s; peak memory 1308 MiB.
2026-10-05T19:52:36Z INFO [860/900] 478c14ea-fe9c-44b6-94f6-d19ac42488ea: 22 groups; 0.8 s; peak memory 1308 MiB.
2026-10-05T19:52:40Z INFO [861/900] 478c8129-89e0-4c1d-932a-a8911f0a80a0: 78 groups; 4.1 s; peak memory 1308 MiB.
2026-10-05T19:52:42Z INFO [862/900] 478cb842-461b-4437-a2ca-1a738db450a0: 199 groups; 1.4 s; peak memory 1308 MiB.
2026-10-05T19:52:43Z INFO [863/900] 478cb902-7692-4765-97c4-53bde4b6ac4a: 32 groups; 0.9 s; peak memory 1308 MiB.
2026-10-05T19:52:50Z INFO [864/900] 478cca4a-8dff-4716-b56a-f054e59c6871: 2315 groups; 6.9 s; peak memory 1308 MiB.
2026-10-05T19:52:52Z INFO [865/900] 478d01f7-ab1e-4d8c-96b8-421ebab41a9b: 48 groups; 2.0 s; peak memory 1308 MiB.
2026-10-05T19:52:53Z INFO [866/900] 478d6eb4-732a-4bd7-915f-84db2ed9b3db: 32 groups; 0.9 s; peak memory 1308 MiB.
2026-10-05T19:52:57Z INFO [867/900] 478da05e-5686-42bf-9318-e665e12623d6: 75 groups; 4.3 s; peak memory 1308 MiB.
2026-10-05T19:52:58Z INFO [868/900] 478da626-2762-4fed-a56d-70a988ba8781: 35 groups; 1.1 s; peak memory 1308 MiB.
2026-10-05T19:52:59Z INFO [869/900] 478dbf8b-dc75-4555-956c-0849ee01fc37: 22 groups; 0.8 s; peak memory 1308 MiB.
2026-10-05T19:53:00Z INFO [870/900] 478e56d8-bb8f-43a0-a322-a5c1a9a4ff9d: 22 groups; 0.9 s; peak memory 1308 MiB.
2026-10-05T19:53:00Z INFO [871/900] 478fadc5-32b3-478a-899e-d1e5ac5ec110: 22 groups; 0.8 s; peak memory 1308 MiB.
2026-10-05T19:53:02Z INFO [872/900] 478fc615-2c16-4373-a16c-1b663b33e418: 61 groups; 2.1 s; peak memory 1308 MiB.
2026-10-05T19:53:03Z INFO [873/900] 47915263-3970-4b2d-9be3-21e1b9a6e553: 32 groups; 0.8 s; peak memory 1308 MiB.
2026-10-05T19:53:04Z INFO [874/900] 4791584f-909c-4558-8825-3bac38773d83: 32 groups; 0.9 s; peak memory 1308 MiB.
2026-10-05T19:53:05Z INFO [875/900] 4791c2de-f207-4ea6-9aac-27fadd4a9906: 22 groups; 0.9 s; peak memory 1308 MiB.
2026-10-05T19:53:09Z INFO [876/900] 47925bd8-0688-4167-aa4a-1abe1e6ed99d: 73 groups; 4.2 s; peak memory 1308 MiB.
2026-10-05T19:53:10Z INFO [877/900] 479275ac-f657-49b4-996c-a486379805ff: 22 groups; 0.8 s; peak memory 1308 MiB.
2026-10-05T19:53:11Z INFO [878/900] 47927966-e169-4cfb-b3bf-1d6d73ac71a2: 255 groups; 1.1 s; peak memory 1308 MiB.
2026-10-05T19:53:12Z INFO [879/900] 4792a2fa-bb71-4f45-b53a-1f4da96d9639: 103 groups; 1.0 s; peak memory 1308 MiB.
2026-10-05T19:53:13Z INFO [880/900] 47930f8a-d913-4eee-8738-dd3b8f3bc609: 22 groups; 0.9 s; peak memory 1308 MiB.
2026-10-05T19:53:15Z INFO [881/900] 479349f6-0e8c-4165-b178-444f928d1d06: 43 groups; 1.4 s; peak memory 1308 MiB.
2026-10-05T19:53:23Z INFO [882/900] 47938a87-9d79-4ef3-9314-e1a73221e72e: 491 groups; 9.0 s; peak memory 1308 MiB.
2026-10-05T19:53:25Z INFO [883/900] 4793bcc7-fbe1-4339-8c74-683d43fc5a77: 35 groups; 1.1 s; peak memory 1308 MiB.
2026-10-05T19:53:37Z INFO [884/900] 4793d94a-1a48-47f8-a4f7-0ca82e9d1f13: 1018 groups; 12.4 s; peak memory 1308 MiB.
2026-10-05T19:53:38Z INFO [885/900] 4794c8ab-9fd2-455d-ac27-dc3d82b4e5b4: 22 groups; 1.0 s; peak memory 1308 MiB.
2026-10-05T19:53:39Z INFO [886/900] 4795798c-d57d-45d9-9f49-c9a93c6dcaee: 31 groups; 0.6 s; peak memory 1308 MiB.
2026-10-05T19:53:39Z INFO [887/900] 4795917e-3245-4eba-9dfe-2d37df22cbe4: 32 groups; 0.8 s; peak memory 1308 MiB.
2026-10-05T19:53:40Z INFO [888/900] 4795c6ca-3a7a-4930-b275-d9682510dddb: 22 groups; 0.8 s; peak memory 1308 MiB.
2026-10-05T19:53:48Z INFO [889/900] 47964522-2190-4fb5-9bde-7f6a8613839d: 266 groups; 8.1 s; peak memory 1308 MiB.
2026-10-05T19:54:01Z INFO [890/900] 4796d33e-884d-4fa4-9b9e-dcf4eea33038: 519 groups; 13.2 s; peak memory 1308 MiB.
2026-10-05T19:55:11Z INFO [891/900] 4797dbab-5573-4320-9391-f44f40ab3383: 36 groups; 69.4 s; peak memory 1308 MiB.
2026-10-05T19:55:12Z INFO [892/900] 4797e6ed-d20d-48de-a9a4-dcba59faf246: 30 groups; 0.7 s; peak memory 1308 MiB.
2026-10-05T19:55:12Z INFO [893/900] 47981312-51a2-43b0-99f6-74f37c221b99: 22 groups; 0.7 s; peak memory 1308 MiB.
2026-10-05T19:55:14Z INFO [894/900] 4799a9a9-bed4-4502-bd29-941a23129df8: 202 groups; 1.4 s; peak memory 1308 MiB.
2026-10-05T19:55:15Z INFO [895/900] 479a5d97-a315-4026-941b-52dd3a08a0a9: 207 groups; 1.5 s; peak memory 1308 MiB.
2026-10-05T19:56:02Z INFO [896/900] 479a8816-de69-4f0b-9c61-1c8a9a6fb323: 26 groups; 46.7 s; peak memory 1308 MiB.
2026-10-05T19:56:06Z INFO [897/900] 479c0c3c-b0d6-4867-b1a7-cdda20b0a493: 181 groups; 4.1 s; peak memory 1308 MiB.
2026-10-05T19:56:07Z INFO [898/900] 479c56f6-cf8d-4014-95e8-fbbb15de547e: 36 groups; 1.5 s; peak memory 1308 MiB.
2026-10-05T19:56:08Z INFO [899/900] 479e2401-c63c-48c1-a0ef-2b743519f740: 16 groups; 0.6 s; peak memory 1308 MiB.
2026-10-05T19:56:09Z INFO [900/900] 479ec858-6cc7-4e63-a748-2578207d90f2: 22 groups; 1.0 s; peak memory 1308 MiB.
2026-10-05T19:56:09Z INFO [900/900] 479ec858-6cc7-4e63-a748-2578207d90f2: checkpointed 81436 records.
2026-10-05T19:56:09Z INFO Wrote 81436 records to /tmp/derivatives/valid_nwb_file_to_number_of_groups.jsonl (900 new, 0 failed) in 248.7 min (peak memory 1308 MiB).
