2026-10-04T00:45:10Z INFO Logging to /tmp/logs/update_2026-10-04T00-45-10Z.log.
2026-10-04T00:45:10Z INFO Update valid-nwb-file-to-number-of-groups (base directory /tmp).
2026-10-04T00:45:10Z INFO Processing 900 items (70636 already recorded).
2026-10-04T00:45:32Z INFO [1/900] 31020f5f-0467-4f8e-990a-d1f6fb6c1e5e: 258 groups; 21.4 s; peak memory 156 MiB.
2026-10-04T00:45:37Z INFO [2/900] 31023fce-2d7d-41b4-8893-3d3d02099564: 116 groups; 4.8 s; peak memory 156 MiB.
2026-10-04T00:45:38Z INFO [3/900] 3102c0de-e437-4e7a-b478-fc864949cd19: 22 groups; 1.4 s; peak memory 156 MiB.
2026-10-04T00:45:39Z INFO [4/900] 3102e7cd-cb40-4486-a4de-30dbb32e3515: 22 groups; 1.2 s; peak memory 156 MiB.
2026-10-04T00:45:41Z INFO [5/900] 3103eb9d-032d-4325-a4d8-610c1f1a77d1: 35 groups; 1.6 s; peak memory 156 MiB.
2026-10-04T00:45:42Z INFO [6/900] 3104a3e3-b781-4d98-b432-c049c63e75af: 33 groups; 1.5 s; peak memory 156 MiB.
2026-10-04T00:45:44Z INFO [7/900] 3104f934-8a39-4c2f-a126-21bb783899dd: 337 groups; 1.9 s; peak memory 156 MiB.
2026-10-04T00:46:05Z INFO [8/900] 31056cef-6002-47a3-9307-830ef09c9c1d: 232 groups; 21.3 s; peak memory 165 MiB.
2026-10-04T00:46:07Z INFO [9/900] 3105726d-0f4c-4349-9083-3ac03c17de6a: 31 groups; 1.6 s; peak memory 165 MiB.
2026-10-04T00:46:09Z INFO [10/900] 31059d91-eab6-4cf2-b729-bab37a5e7a28: 32 groups; 1.6 s; peak memory 165 MiB.
2026-10-04T00:46:19Z INFO [11/900] 3105bce9-fab0-446b-a8d8-40964ef14a55: 189 groups; 10.0 s; peak memory 165 MiB.
2026-10-04T00:46:20Z INFO [12/900] 3106113e-9084-45fa-b027-7748830640a9: 29 groups; 1.5 s; peak memory 165 MiB.
2026-10-04T00:46:22Z INFO [13/900] 31062446-a6cb-4579-b4f9-c5e6bf667f0a: 196 groups; 1.7 s; peak memory 165 MiB.
2026-10-04T00:46:24Z INFO [14/900] 31062866-f0c6-488e-a620-e4dd710914aa: 35 groups; 1.8 s; peak memory 165 MiB.
2026-10-04T00:46:25Z INFO [15/900] 31062f66-8950-451d-876c-2662a3409311: 22 groups; 1.3 s; peak memory 165 MiB.
2026-10-04T00:46:26Z INFO [16/900] 31066cfc-78d9-4844-8b58-48d9c06625c5: 253 groups; 1.6 s; peak memory 165 MiB.
2026-10-04T00:46:30Z INFO [17/900] 31077d99-ab33-4081-8081-7897054ba44c: 54 groups; 3.2 s; peak memory 165 MiB.
2026-10-04T00:46:31Z INFO [18/900] 3107bd9a-9346-4b32-8169-123f6f76ce9f: 22 groups; 1.3 s; peak memory 165 MiB.
2026-10-04T00:46:32Z INFO [19/900] 3107d64b-2a20-4381-b5bb-f1b265baa2c9: 16 groups; 1.0 s; peak memory 165 MiB.
2026-10-04T00:46:36Z INFO [20/900] 3108a2ec-7d93-4dd6-b909-e4ec1aec2c8f: 47 groups; 3.9 s; peak memory 165 MiB.
2026-10-04T00:46:39Z INFO [21/900] 31090745-ee51-4900-bda6-02d47bb1fc36: 48 groups; 2.9 s; peak memory 165 MiB.
2026-10-04T00:46:41Z INFO [22/900] 3109a4b6-42d2-415e-808d-3982244b24d2: 48 groups; 2.4 s; peak memory 165 MiB.
2026-10-04T00:46:43Z INFO [23/900] 310a1431-7e0e-450a-a02c-ec2e0ce5f2a3: 22 groups; 1.5 s; peak memory 165 MiB.
2026-10-04T00:46:44Z INFO [24/900] 310a8d0d-d790-45ce-b577-97649e93da88: 16 groups; 1.1 s; peak memory 165 MiB.
2026-10-04T00:46:45Z INFO [25/900] 310b1125-fd59-45b0-bfed-bf1b9fc580a3: 32 groups; 1.5 s; peak memory 165 MiB.
2026-10-04T00:46:46Z INFO [26/900] 310b5b2d-7e74-4a99-8a84-6f690a290efb: 28 groups; 1.0 s; peak memory 165 MiB.
2026-10-04T00:46:48Z INFO [27/900] 310bcccf-8372-44fe-8b94-f6ca45e6e440: 32 groups; 1.5 s; peak memory 165 MiB.
2026-10-04T00:46:49Z INFO [28/900] 310c5a64-5690-4bbd-b257-c54a3ae8f090: 25 groups; 1.7 s; peak memory 165 MiB.
2026-10-04T00:46:56Z INFO [29/900] 310dde27-880e-4dc2-aa73-9997998b2f02: 181 groups; 6.9 s; peak memory 165 MiB.
2026-10-04T00:46:58Z INFO [30/900] 310de400-2703-461e-937d-2fa6043c04bd: 207 groups; 2.0 s; peak memory 165 MiB.
2026-10-04T00:47:00Z INFO [31/900] 310e43e2-7c2a-43a4-a4e7-99e54163ca68: 103 groups; 1.5 s; peak memory 165 MiB.
2026-10-04T00:47:01Z INFO [32/900] 310ebfa9-fae7-4446-bd78-589ada72e03f: 30 groups; 1.0 s; peak memory 165 MiB.
2026-10-04T00:47:08Z INFO [33/900] 310ed642-7a87-4b09-b224-9a5ba6f826c5: 128 groups; 7.4 s; peak memory 165 MiB.
2026-10-04T00:47:09Z INFO [34/900] 310efb19-9f03-4c8e-a066-8d08a8057efd: 22 groups; 1.3 s; peak memory 165 MiB.
2026-10-04T00:47:17Z INFO [35/900] 31108498-5eea-4726-afb8-deca26d05060: 34 groups; 7.4 s; peak memory 165 MiB.
2026-10-04T00:47:19Z INFO [36/900] 31118036-3752-4212-a567-f6b4d3ef6e8c: 66 groups; 1.7 s; peak memory 165 MiB.
2026-10-04T00:47:20Z INFO [37/900] 31119d4b-dcb2-456a-964c-419ca4a84760: 33 groups; 1.5 s; peak memory 165 MiB.
2026-10-04T00:47:21Z INFO [38/900] 31123ce2-8740-4694-bdae-1b7851097bfe: 26 groups; 1.3 s; peak memory 165 MiB.
2026-10-04T00:47:23Z INFO [39/900] 31124b62-65c1-455b-a387-c1ef4a45a08d: 35 groups; 1.8 s; peak memory 165 MiB.
2026-10-04T00:47:25Z INFO [40/900] 3112d7f1-4ce1-4b8b-8a5e-62f5026d5c8f: 32 groups; 1.5 s; peak memory 165 MiB.
2026-10-04T00:47:26Z INFO [41/900] 31133e89-4101-4eee-90e6-ecd1427c4871: 36 groups; 1.7 s; peak memory 165 MiB.
2026-10-04T00:47:28Z INFO [42/900] 31136ef8-809b-4d1f-b042-084d41e9db3e: 32 groups; 1.6 s; peak memory 165 MiB.
2026-10-04T00:47:44Z INFO [43/900] 3113958a-148a-426c-ae87-bed28c5ccd35: 590 groups; 16.1 s; peak memory 165 MiB.
2026-10-04T00:47:47Z INFO [44/900] 3113c4a0-eddb-4d18-a218-5f328f890c1a: 48 groups; 2.6 s; peak memory 165 MiB.
2026-10-04T00:47:49Z INFO [45/900] 3113d794-776b-491f-9221-e2beb8636873: 35 groups; 2.0 s; peak memory 165 MiB.
2026-10-04T00:47:50Z INFO [46/900] 3114bf1e-e131-4bde-9eea-9605f4a1f5ea: 16 groups; 1.0 s; peak memory 165 MiB.
2026-10-04T00:47:51Z INFO [47/900] 3115bbde-a396-4f28-91c6-9c7ae4adf989: 26 groups; 1.1 s; peak memory 165 MiB.
2026-10-04T00:48:01Z INFO [48/900] 3115e0c2-c0ec-4be8-b76f-e3d7c67eb8a8: 120 groups; 10.1 s; peak memory 165 MiB.
2026-10-04T00:48:02Z INFO [49/900] 31162e8e-35e3-440a-8228-fd836114f0b0: 22 groups; 1.3 s; peak memory 165 MiB.
2026-10-04T00:48:04Z INFO [50/900] 3116bbdb-5dff-4bc7-acd8-1f0ce471f446: 103 groups; 1.7 s; peak memory 165 MiB.
2026-10-04T00:48:04Z INFO [50/900] 3116bbdb-5dff-4bc7-acd8-1f0ce471f446: checkpointed 70686 records.
2026-10-04T00:48:05Z INFO [51/900] 3116c9e4-ea63-4bed-ac93-635448eee146: 22 groups; 1.3 s; peak memory 165 MiB.
2026-10-04T00:48:06Z INFO [52/900] 31171df3-633a-4f18-ae14-7622bd76fcb3: 16 groups; 1.0 s; peak memory 165 MiB.
2026-10-04T00:48:07Z INFO [53/900] 31177dba-b681-4731-9046-63e3245fdd46: 22 groups; 1.2 s; peak memory 165 MiB.
2026-10-04T00:48:09Z INFO [54/900] 311787d9-cb2a-44a4-b76a-78280bd798ff: 22 groups; 1.1 s; peak memory 165 MiB.
2026-10-04T00:48:10Z INFO [55/900] 31180c86-7edc-412b-89e4-030713d90300: 194 groups; 1.7 s; peak memory 165 MiB.
2026-10-04T00:48:12Z INFO [56/900] 3118cf6c-fc3e-47b2-9fcb-63a6743f63e1: 32 groups; 1.7 s; peak memory 165 MiB.
2026-10-04T00:48:13Z INFO [57/900] 31197207-8861-4218-a882-f748e28dba1a: 253 groups; 1.3 s; peak memory 165 MiB.
2026-10-04T00:48:16Z INFO [58/900] 3119f413-a2ee-46bc-a477-ab1bdc347b97: 48 groups; 2.4 s; peak memory 165 MiB.
2026-10-04T00:48:18Z INFO [59/900] 311a3e46-21ee-447d-a621-894a4a74edd2: 48 groups; 2.6 s; peak memory 165 MiB.
2026-10-04T00:48:19Z INFO [60/900] 311ab478-583f-4fb5-871a-fec80b8eb603: 16 groups; 1.1 s; peak memory 165 MiB.
2026-10-04T00:48:22Z INFO [61/900] 311b305c-245e-4af2-9f8d-17aef6bfacbf: 48 groups; 2.8 s; peak memory 165 MiB.
2026-10-04T00:48:23Z INFO [62/900] 311cb068-f92b-4699-a043-b35bda1f53f6: 17 groups; 1.1 s; peak memory 165 MiB.
2026-10-04T00:48:25Z INFO [63/900] 311e8bad-e0c8-44f8-a6ef-b7e23b1a7b8a: 35 groups; 2.2 s; peak memory 165 MiB.
2026-10-04T00:48:28Z INFO [64/900] 311fb806-6a81-4ad4-862f-509cbc68b44b: 42 groups; 2.3 s; peak memory 165 MiB.
2026-10-04T00:48:29Z INFO [65/900] 3120527f-35bd-404d-8156-15264b007819: 87 groups; 1.6 s; peak memory 165 MiB.
2026-10-04T00:48:32Z INFO [66/900] 3120a46d-afe3-4747-95e5-cf03ac1efcaf: 33 groups; 2.8 s; peak memory 165 MiB.
2026-10-04T00:48:33Z INFO [67/900] 31210438-44c8-485c-b23d-85c99ba51c41: 25 groups; 1.4 s; peak memory 165 MiB.
2026-10-04T00:48:36Z INFO [68/900] 31221f7b-2dfd-4a21-a2e2-1ce99cf7cddc: 48 groups; 3.0 s; peak memory 165 MiB.
2026-10-04T00:48:38Z INFO [69/900] 31234530-d485-4cbe-b2c1-be8b8aecc0f8: 22 groups; 1.1 s; peak memory 165 MiB.
2026-10-04T00:48:39Z INFO [70/900] 3123a287-7e17-4446-bb13-5604e53c4b17: 36 groups; 1.7 s; peak memory 165 MiB.
2026-10-04T00:48:46Z INFO [71/900] 3123ab78-b983-48c8-8514-a81c1b1b5f2f: 120 groups; 6.6 s; peak memory 165 MiB.
2026-10-04T00:48:47Z INFO [72/900] 3123c004-5c91-4189-9cb9-71050e9ba7c4: 103 groups; 1.3 s; peak memory 165 MiB.
2026-10-04T00:48:50Z INFO [73/900] 3124418d-5955-44fa-9eb2-5dbd8bb3eb16: 48 groups; 2.7 s; peak memory 165 MiB.
2026-10-04T00:48:51Z INFO [74/900] 3124677d-02ea-414a-8fb4-77ae931f8884: 22 groups; 1.3 s; peak memory 165 MiB.
2026-10-04T00:48:54Z INFO [75/900] 31246add-aa8b-4b50-aef1-2510dc1c9511: 48 groups; 3.1 s; peak memory 165 MiB.
2026-10-04T00:48:55Z INFO [76/900] 31248d7c-ffb8-4636-9948-4c81bfde076c: 16 groups; 1.1 s; peak memory 165 MiB.
2026-10-04T00:48:57Z INFO [77/900] 3124b85b-7e26-4022-8dd5-ac4098c449b4: 22 groups; 1.2 s; peak memory 165 MiB.
2026-10-04T00:48:58Z INFO [78/900] 31252bc0-856b-4e61-9ee3-1fe7a77dd4b9: 20 groups; 1.2 s; peak memory 165 MiB.
2026-10-04T00:49:00Z INFO [79/900] 312590cb-9968-4642-b19d-c1321445d110: 195 groups; 1.9 s; peak memory 165 MiB.
2026-10-04T00:49:01Z INFO [80/900] 31263599-d80c-4887-b54c-97de8d8d65ef: 35 groups; 1.5 s; peak memory 165 MiB.
2026-10-04T00:49:02Z INFO [81/900] 31264b98-54e1-4291-ae28-2103ab50472b: 16 groups; 1.3 s; peak memory 165 MiB.
2026-10-04T00:49:04Z INFO [82/900] 31267731-94e1-465d-b7e9-e807861016c4: 29 groups; 1.9 s; peak memory 165 MiB.
2026-10-04T00:49:07Z INFO [83/900] 3126e78e-d1eb-43a8-a0d8-1aa8c477903f: 48 groups; 2.3 s; peak memory 165 MiB.
2026-10-04T00:49:08Z INFO [84/900] 3126fd02-3a5b-411d-a65c-b01a5208a5dc: 22 groups; 1.3 s; peak memory 165 MiB.
2026-10-04T00:49:09Z INFO [85/900] 312726bd-e149-46d7-8662-dc26e666f253: 35 groups; 1.5 s; peak memory 165 MiB.
2026-10-04T00:49:11Z INFO [86/900] 312784aa-6355-48f6-8ef7-558988e4d61b: 32 groups; 1.4 s; peak memory 165 MiB.
2026-10-04T00:49:19Z INFO [87/900] 312824cf-07d3-4706-be02-8f12cad053fa: 160 groups; 8.2 s; peak memory 165 MiB.
2026-10-04T00:49:20Z INFO [88/900] 31284433-7a61-48c1-b0a7-5289459f601d: 29 groups; 1.6 s; peak memory 165 MiB.
2026-10-04T00:53:44Z INFO [89/900] 31289670-2713-4daf-9b35-bdaca32f4620: 6908 groups; 263.2 s; peak memory 651 MiB.
2026-10-04T00:53:45Z INFO [90/900] 3128a124-4ccd-4320-91ce-f20d28481c4f: 26 groups; 1.1 s; peak memory 651 MiB.
2026-10-04T00:53:46Z INFO [91/900] 3129068d-033c-46a3-9578-41f9c6fe2911: 22 groups; 1.3 s; peak memory 651 MiB.
2026-10-04T00:53:48Z INFO [92/900] 31297c69-4ebe-4c41-b749-aaa05520ae42: 202 groups; 1.6 s; peak memory 651 MiB.
2026-10-04T00:54:04Z INFO [93/900] 312a0e06-e260-4ef3-a363-27f56aa3122d: 386 groups; 16.5 s; peak memory 651 MiB.
2026-10-04T00:54:06Z INFO [94/900] 312a6740-7a59-4314-88f7-22ec9c02454a: 22 groups; 1.2 s; peak memory 651 MiB.
2026-10-04T00:54:07Z INFO [95/900] 312a8596-1338-47a5-abb1-f2762b10f569: 22 groups; 1.3 s; peak memory 651 MiB.
2026-10-04T00:54:19Z INFO [96/900] 312ad8dc-11dc-4b53-86be-051c8b575ef2: 241 groups; 12.2 s; peak memory 651 MiB.
2026-10-04T00:54:22Z INFO [97/900] 312b526c-98da-45e3-bf71-3b74c1f3ca18: 26 groups; 3.3 s; peak memory 651 MiB.
2026-10-04T00:54:24Z INFO [98/900] 312c6415-8da7-4458-908b-eac6707f44d4: 22 groups; 1.3 s; peak memory 651 MiB.
2026-10-04T00:54:26Z INFO [99/900] 312d101d-01e4-43b2-bc06-c3329175c2dd: 337 groups; 1.9 s; peak memory 651 MiB.
2026-10-04T00:54:27Z INFO [100/900] 312d6c63-8369-4cd8-a0d3-a14586c83ed8: 35 groups; 1.9 s; peak memory 651 MiB.
2026-10-04T00:54:27Z INFO [100/900] 312d6c63-8369-4cd8-a0d3-a14586c83ed8: checkpointed 70736 records.
2026-10-04T00:54:29Z INFO [101/900] 312d9be2-368d-4e61-a714-7b336ca93545: 22 groups; 1.2 s; peak memory 651 MiB.
2026-10-04T00:54:37Z INFO [102/900] 312db348-e868-4877-a7a1-bf988156b278: 17 groups; 8.2 s; peak memory 651 MiB.
2026-10-04T00:54:38Z INFO [103/900] 312f0cec-95bd-41fe-88d4-b541a76eaaf0: 34 groups; 1.6 s; peak memory 651 MiB.
2026-10-04T00:54:47Z INFO [104/900] 312f4e0c-e4b1-47de-8e9c-b9f26572d252: 181 groups; 8.1 s; peak memory 651 MiB.
2026-10-04T00:54:48Z INFO [105/900] 312fed39-7478-4cbc-bfe0-a8639af9ccc7: 30 groups; 1.0 s; peak memory 651 MiB.
2026-10-04T00:54:49Z INFO [106/900] 31302ced-6227-44ca-9b5b-71121fb7fdd6: 22 groups; 1.3 s; peak memory 651 MiB.
2026-10-04T00:54:50Z INFO [107/900] 3130587d-a9dd-4d37-ad01-345a73c105bd: 16 groups; 0.9 s; peak memory 651 MiB.
2026-10-04T00:54:51Z INFO [108/900] 3130aa91-3210-4b8f-a381-381c13e08953: 22 groups; 1.2 s; peak memory 651 MiB.
2026-10-04T00:55:19Z INFO [109/900] 3130e989-707b-4080-b02c-5128794258d4: 23 groups; 28.5 s; peak memory 651 MiB.
2026-10-04T00:55:34Z INFO [110/900] 31313f4c-0cac-47b7-9ca4-9a16f3b6a4cc: 590 groups; 14.5 s; peak memory 651 MiB.
2026-10-04T00:55:35Z INFO [111/900] 31316164-b68b-45c3-96ad-bec318e31e47: 252 groups; 1.4 s; peak memory 651 MiB.
2026-10-04T00:55:37Z INFO [112/900] 31322d58-4b27-4c2a-9d1f-875df06397f0: 201 groups; 1.8 s; peak memory 651 MiB.
2026-10-04T00:55:39Z INFO [113/900] 313242f1-f117-41b1-93ab-8c33b0ffa97c: 253 groups; 1.4 s; peak memory 651 MiB.
2026-10-04T00:55:40Z INFO [114/900] 31332fb5-fa27-4a0d-a537-e2f427fa5c2f: 35 groups; 1.8 s; peak memory 651 MiB.
2026-10-04T00:55:42Z INFO [115/900] 31355e8a-895f-4e6e-8a21-d0a5463682d0: 22 groups; 1.2 s; peak memory 651 MiB.
2026-10-04T00:55:45Z INFO [116/900] 31361d82-80e6-4af4-885c-1509f073a2bc: 48 groups; 3.2 s; peak memory 651 MiB.
2026-10-04T00:55:52Z INFO [117/900] 31364926-180e-4bf1-835b-d584c286072f: 137 groups; 7.3 s; peak memory 651 MiB.
2026-10-04T00:55:54Z INFO [118/900] 31377a44-0b44-4950-b195-0d5dbaab429f: 35 groups; 1.7 s; peak memory 651 MiB.
2026-10-04T00:55:55Z INFO [119/900] 3138b6dd-e0dd-46d2-aa6b-155416183a36: 32 groups; 1.6 s; peak memory 651 MiB.
2026-10-04T00:55:57Z INFO [120/900] 31390e0b-e8d1-4875-a779-a846e2b6ba09: 32 groups; 1.3 s; peak memory 651 MiB.
2026-10-04T00:56:00Z INFO [121/900] 313939b4-f0d7-4057-91b2-6eb19692568e: 50 groups; 3.4 s; peak memory 651 MiB.
2026-10-04T00:56:01Z INFO [122/900] 313b117e-4349-419c-a998-b69a863a5ea8: 16 groups; 0.9 s; peak memory 651 MiB.
2026-10-04T00:56:02Z INFO [123/900] 313b2ab2-bcb2-4cca-9e2a-8e7debe40d36: 32 groups; 1.4 s; peak memory 651 MiB.
2026-10-04T00:56:04Z INFO [124/900] 313d2834-9318-4deb-830b-ef2eae7577cf: 32 groups; 1.5 s; peak memory 651 MiB.
2026-10-04T00:56:05Z INFO [125/900] 313e96d1-7e40-4ee5-bacb-250568bb2ea1: 32 groups; 1.5 s; peak memory 651 MiB.
2026-10-04T00:56:07Z INFO [126/900] 313ec340-ec4e-4519-9372-94b3aff45e5a: 35 groups; 1.8 s; peak memory 651 MiB.
2026-10-04T00:56:08Z INFO [127/900] 314061ef-bfdf-4d4f-b68b-5b0669d084e1: 22 groups; 1.2 s; peak memory 651 MiB.
2026-10-04T00:56:09Z INFO [128/900] 3140f905-1245-49cf-9961-07a9b37a9c7b: 31 groups; 1.0 s; peak memory 651 MiB.
2026-10-04T00:56:11Z INFO [129/900] 31412801-4a78-41b8-aae2-ed4f5aa85658: 32 groups; 1.4 s; peak memory 651 MiB.
2026-10-04T00:56:13Z INFO [130/900] 31425db0-a8c6-4508-aab2-fb86f4232dda: 35 groups; 1.9 s; peak memory 651 MiB.
2026-10-04T00:56:15Z INFO [131/900] 314346fe-739c-4748-80b5-6e7f75480e17: 29 groups; 1.9 s; peak memory 651 MiB.
2026-10-04T00:56:22Z INFO [132/900] 31436ab6-3025-4979-828f-7df6d1185c32: 181 groups; 7.7 s; peak memory 651 MiB.
2026-10-04T00:56:24Z INFO [133/900] 3143970b-6481-4713-9476-54aa4901558d: 29 groups; 1.8 s; peak memory 651 MiB.
2026-10-04T00:56:26Z INFO [134/900] 314437f7-73f9-49c8-956b-213f65e20816: 33 groups; 1.9 s; peak memory 651 MiB.
2026-10-04T00:56:40Z INFO [135/900] 3144d621-de91-4c4f-b14c-d90985e85427: 295 groups; 14.3 s; peak memory 651 MiB.
2026-10-04T00:56:42Z INFO [136/900] 3144faf1-ebc5-4132-bc90-1db683a19590: 35 groups; 1.4 s; peak memory 651 MiB.
2026-10-04T00:56:44Z INFO [137/900] 31459b76-dbe1-452a-8642-3d44abcecbc4: 33 groups; 1.9 s; peak memory 651 MiB.
2026-10-04T00:56:45Z INFO [138/900] 3145faba-daaf-4fc2-8c35-0b721dd15345: 22 groups; 1.2 s; peak memory 651 MiB.
2026-10-04T00:56:53Z INFO [139/900] 314623f5-b3b9-41c9-af3a-93e3b5e318b5: 66 groups; 7.8 s; peak memory 651 MiB.
2026-10-04T00:57:00Z INFO [140/900] 3146c965-0def-40c4-b32c-32d11d02e46f: 631 groups; 7.0 s; peak memory 651 MiB.
2026-10-04T00:57:01Z INFO [141/900] 31482323-1c42-4b71-9ad6-84788d61f35f: 22 groups; 1.3 s; peak memory 651 MiB.
2026-10-04T00:57:02Z INFO [142/900] 31482dd6-7d87-4533-a45c-1fe5859754d8: 251 groups; 1.5 s; peak memory 651 MiB.
2026-10-04T00:57:05Z INFO [143/900] 314855f1-98bf-423f-be8f-b3c80712dfc4: 341 groups; 2.7 s; peak memory 651 MiB.
2026-10-04T00:57:07Z INFO [144/900] 3148b3de-4287-4d82-826c-01329b1d082e: 32 groups; 1.4 s; peak memory 651 MiB.
2026-10-04T00:57:21Z INFO [145/900] 3148c98f-414d-4e68-b7a3-9fc800964af7: 293 groups; 14.2 s; peak memory 651 MiB.
2026-10-04T00:57:23Z INFO [146/900] 3149e2e3-87dc-41ff-9756-c0b7e169fc85: 202 groups; 2.0 s; peak memory 651 MiB.
2026-10-04T00:57:24Z INFO [147/900] 314aaece-3975-4986-9997-8780de3f00ff: 253 groups; 1.6 s; peak memory 651 MiB.
2026-10-04T00:57:31Z INFO [148/900] 314ab146-78b6-4d83-8278-9800210eafdd: 181 groups; 6.9 s; peak memory 651 MiB.
2026-10-04T00:57:33Z INFO [149/900] 314ab196-7d42-41f7-8a7d-51d68bef30b8: 18 groups; 1.2 s; peak memory 651 MiB.
2026-10-04T00:57:34Z INFO [150/900] 314ab307-16c4-417a-b311-47c543552b33: 22 groups; 1.3 s; peak memory 651 MiB.
2026-10-04T00:57:34Z INFO [150/900] 314ab307-16c4-417a-b311-47c543552b33: checkpointed 70786 records.
2026-10-04T00:57:51Z INFO [151/900] 314abf90-d7c2-463f-9f37-468ffbc1d080: 27 groups; 16.7 s; peak memory 651 MiB.
2026-10-04T00:57:53Z INFO [152/900] 314c920c-194e-4f54-8b02-17eef9515a95: 195 groups; 2.2 s; peak memory 651 MiB.
2026-10-04T00:57:55Z INFO [153/900] 314c974b-ea1e-4a8c-b981-848ff830f8ff: 35 groups; 2.0 s; peak memory 651 MiB.
2026-10-04T00:57:56Z INFO [154/900] 314cb03f-8f2f-4eab-9d5c-e69c51852289: 18 groups; 1.1 s; peak memory 651 MiB.
2026-10-04T00:57:57Z INFO [155/900] 314cf8c7-92ed-4d1e-b38b-3462f585aaf7: 32 groups; 1.6 s; peak memory 651 MiB.
2026-10-04T00:57:59Z INFO [156/900] 314cf92d-0839-4e61-baa1-934300a33f00: 22 groups; 1.3 s; peak memory 651 MiB.
2026-10-04T00:58:00Z INFO [157/900] 314d620c-9377-4518-abce-e17deac184af: 253 groups; 1.7 s; peak memory 651 MiB.
2026-10-04T00:58:03Z INFO [158/900] 314dbc2e-5968-41d5-bd25-fc3373d57e31: 48 groups; 2.5 s; peak memory 651 MiB.
2026-10-04T00:58:04Z INFO [159/900] 314ded9f-b3c1-416a-b34f-56f7e64453b6: 26 groups; 1.1 s; peak memory 651 MiB.
2026-10-04T00:58:05Z INFO [160/900] 314e1ccd-5114-4bd2-a80f-1ae741ff5fc3: 28 groups; 1.2 s; peak memory 651 MiB.
2026-10-04T00:58:06Z INFO [161/900] 314eff6a-23aa-4ba3-b807-345760cf6a04: 31 groups; 1.2 s; peak memory 651 MiB.
2026-10-04T00:58:08Z INFO [162/900] 314f253f-558a-4259-a9eb-cf81040e5157: 17 groups; 1.1 s; peak memory 651 MiB.
2026-10-04T00:58:10Z INFO [163/900] 314f2736-5d99-4beb-a063-9a44f8cdf4c4: 58 groups; 2.7 s; peak memory 651 MiB.
2026-10-04T00:58:11Z INFO [164/900] 3150abfd-d2b4-4a96-8cf9-a174fbb02be3: 22 groups; 1.2 s; peak memory 651 MiB.
2026-10-04T00:58:13Z INFO [165/900] 315130b5-051e-4d25-9983-a68b4bc27220: 22 groups; 1.3 s; peak memory 651 MiB.
2026-10-04T00:58:14Z INFO [166/900] 3151a5f8-7a8a-48f4-ba1f-73a662887924: 30 groups; 1.2 s; peak memory 651 MiB.
2026-10-04T00:58:15Z INFO [167/900] 31523a43-757c-4f50-8fe3-4d2891513846: 30 groups; 1.2 s; peak memory 651 MiB.
2026-10-04T00:58:16Z INFO [168/900] 31526164-2fc3-4f6b-9085-0138b4c0fd67: 22 groups; 1.1 s; peak memory 651 MiB.
2026-10-04T00:58:17Z INFO [169/900] 31529fe5-4b34-438e-acda-e5f133142d10: 26 groups; 1.0 s; peak memory 651 MiB.
2026-10-04T00:58:19Z INFO [170/900] 31532a33-8449-4014-af29-9b763ef7f88a: 29 groups; 1.4 s; peak memory 651 MiB.
2026-10-04T00:58:26Z INFO [171/900] 31533409-40dd-4d48-9f5f-e8d403be0b53: 90 groups; 7.0 s; peak memory 651 MiB.
2026-10-04T00:58:31Z INFO [172/900] 31565260-7bb5-4c34-9fd9-9e4ebab6aed3: 78 groups; 5.7 s; peak memory 651 MiB.
2026-10-04T00:58:33Z INFO [173/900] 3156a589-0590-4a0b-a30b-685d9926d28a: 22 groups; 1.2 s; peak memory 651 MiB.
2026-10-04T00:58:35Z INFO [174/900] 31572ecd-0715-453c-955b-8d2e38ccb300: 47 groups; 2.8 s; peak memory 651 MiB.
2026-10-04T00:58:37Z INFO [175/900] 315813f4-3a5b-46de-a192-5e631ed52f8d: 202 groups; 1.9 s; peak memory 651 MiB.
2026-10-04T00:58:39Z INFO [176/900] 3158f855-1718-4407-909a-8f45b4a60723: 25 groups; 1.4 s; peak memory 651 MiB.
2026-10-04T00:58:45Z INFO [177/900] 3158fc2a-aa1f-4b6b-8349-2d8fee1d3d42: 112 groups; 6.3 s; peak memory 651 MiB.
2026-10-04T00:58:46Z INFO [178/900] 315a8b0b-2062-4ae6-ba77-05d33ff27e9b: 32 groups; 1.4 s; peak memory 651 MiB.
2026-10-04T00:58:47Z INFO [179/900] 315abd17-b666-4549-8f48-d57f6a936d35: 31 groups; 1.0 s; peak memory 651 MiB.
2026-10-04T00:58:49Z INFO [180/900] 315b6eb8-5666-4970-8413-b8bed8be04d1: 194 groups; 1.6 s; peak memory 651 MiB.
2026-10-04T00:58:51Z INFO [181/900] 315bd841-b68e-44bf-810d-ffc9476f9833: 103 groups; 1.6 s; peak memory 651 MiB.
2026-10-04T00:58:55Z INFO [182/900] 315e2978-33bc-4a12-8019-279abbe16e36: 83 groups; 4.2 s; peak memory 651 MiB.
2026-10-04T00:58:56Z INFO [183/900] 315e3b51-d2be-4f05-a13e-865d4b07cd0f: 32 groups; 1.4 s; peak memory 651 MiB.
2026-10-04T00:58:57Z INFO [184/900] 315e9eac-6e8b-4455-b4ba-772e2a424a58: 22 groups; 1.2 s; peak memory 651 MiB.
2026-10-04T00:58:59Z INFO [185/900] 315f9de5-e3fb-4a16-94ef-99b506e6c7a7: 29 groups; 1.2 s; peak memory 651 MiB.
2026-10-04T00:59:00Z INFO [186/900] 315fa920-8a1e-4ca2-959c-da6ce9e4f35a: 35 groups; 1.6 s; peak memory 651 MiB.
2026-10-04T00:59:02Z INFO [187/900] 3161b5df-185a-42c3-ba2c-fdec4ec5acb2: 22 groups; 1.2 s; peak memory 651 MiB.
2026-10-04T00:59:05Z INFO [188/900] 3161d1ba-7d08-4151-bf2f-b5cdf15d569c: 48 groups; 3.0 s; peak memory 651 MiB.
2026-10-04T00:59:06Z INFO [189/900] 316231ac-bda4-48f8-ab15-0e580e200fe8: 22 groups; 1.2 s; peak memory 651 MiB.
2026-10-04T00:59:08Z INFO [190/900] 31624876-d105-4d52-8eff-f935b6ba80fb: 35 groups; 2.1 s; peak memory 651 MiB.
2026-10-04T00:59:09Z INFO [191/900] 3162e139-8249-46ea-98a9-06de862d55ff: 22 groups; 1.2 s; peak memory 651 MiB.
2026-10-04T00:59:10Z INFO [192/900] 31635895-1214-467d-8ad6-ececcd43e83f: 22 groups; 1.2 s; peak memory 651 MiB.
2026-10-04T00:59:12Z INFO [193/900] 31638056-68eb-406a-ad52-ceae92b71f42: 36 groups; 1.7 s; peak memory 651 MiB.
2026-10-04T00:59:15Z INFO [194/900] 31642d94-6927-4217-86f4-d63c917f277a: 64 groups; 2.8 s; peak memory 651 MiB.
2026-10-04T00:59:16Z INFO [195/900] 3165beb0-3df6-4366-bd2c-4122b8aea9df: 28 groups; 1.1 s; peak memory 651 MiB.
2026-10-04T00:59:20Z INFO [196/900] 3165f55a-3296-4712-aa7f-cd7e367e0b9c: 17 groups; 4.5 s; peak memory 651 MiB.
2026-10-04T00:59:26Z INFO [197/900] 31664a46-1c1e-439b-950e-57573ccde466: 145 groups; 5.2 s; peak memory 651 MiB.
2026-10-04T00:59:27Z INFO [198/900] 3166b9c3-77ab-4143-ae21-f9cb5d7f0174: 25 groups; 1.4 s; peak memory 651 MiB.
2026-10-04T00:59:28Z INFO [199/900] 3167f3cb-8e48-497a-a3aa-d5d463dc02d6: 22 groups; 1.3 s; peak memory 651 MiB.
2026-10-04T00:59:30Z INFO [200/900] 31689f54-9719-40e6-b543-1f5c634e8b99: 32 groups; 1.4 s; peak memory 651 MiB.
2026-10-04T00:59:30Z INFO [200/900] 31689f54-9719-40e6-b543-1f5c634e8b99: checkpointed 70836 records.
2026-10-04T00:59:31Z INFO [201/900] 3168bde3-627a-413c-a9e5-9ddbe599c2ce: 32 groups; 1.5 s; peak memory 651 MiB.
2026-10-04T00:59:33Z INFO [202/900] 31691cb2-e1e0-46ae-a8bd-2f115a1e9fe7: 195 groups; 1.8 s; peak memory 651 MiB.
2026-10-04T00:59:34Z INFO [203/900] 3169f987-b73a-4978-b08c-d5c1354c3f91: 22 groups; 1.3 s; peak memory 651 MiB.
2026-10-04T00:59:36Z INFO [204/900] 316a3a43-5d6e-405b-b9fa-382412196933: 33 groups; 1.7 s; peak memory 651 MiB.
2026-10-04T00:59:40Z INFO [205/900] 316a77ac-a4aa-4a17-b32c-ca5ac6a42968: 22 groups; 4.1 s; peak memory 651 MiB.
2026-10-04T00:59:42Z INFO [206/900] 316aef23-75eb-45ec-997e-e4f0f123c048: 33 groups; 1.7 s; peak memory 651 MiB.
2026-10-04T00:59:43Z INFO [207/900] 316b21bb-cd11-4875-a6fa-f720c0205393: 32 groups; 1.4 s; peak memory 651 MiB.
2026-10-04T00:59:45Z INFO [208/900] 316c06e2-06d1-43d9-abdb-582b77be0540: 32 groups; 1.7 s; peak memory 651 MiB.
2026-10-04T00:59:46Z INFO [209/900] 316d02b9-86e1-412b-8f98-e3db53e4f8d1: 24 groups; 1.3 s; peak memory 651 MiB.
2026-10-04T00:59:48Z INFO [210/900] 316d27e8-e095-459f-a596-ebd685689155: 32 groups; 1.6 s; peak memory 651 MiB.
2026-10-04T00:59:49Z INFO [211/900] 316dd593-927b-4329-95c6-f30468a30b64: 22 groups; 1.2 s; peak memory 651 MiB.
2026-10-04T00:59:51Z INFO [212/900] 316ec728-da93-4458-9698-f309407c6efe: 22 groups; 1.3 s; peak memory 651 MiB.
2026-10-04T00:59:52Z INFO [213/900] 316ed6a0-d3fa-4c6f-8e11-9ac58dad78ff: 35 groups; 1.7 s; peak memory 651 MiB.
2026-10-04T00:59:53Z INFO [214/900] 316edb07-ca55-42f9-a191-5d4a3cedc300: 16 groups; 1.1 s; peak memory 651 MiB.
2026-10-04T01:00:14Z INFO [215/900] 316f0635-ef39-4a50-8680-82e836496e9d: 242 groups; 21.0 s; peak memory 651 MiB.
2026-10-04T01:00:16Z INFO [216/900] 316f462e-e538-4fbd-83bb-d51ea2f388c4: 29 groups; 1.6 s; peak memory 651 MiB.
2026-10-04T01:00:19Z INFO [217/900] 316f56fe-0595-4aa8-8069-0a7f85f4e1c7: 48 groups; 3.3 s; peak memory 651 MiB.
2026-10-04T01:00:21Z INFO [218/900] 316fccf3-9a02-46ba-81da-fe19720b4665: 32 groups; 1.9 s; peak memory 651 MiB.
2026-10-04T01:00:29Z INFO [219/900] 316fd618-e891-4fe7-a3a4-8c5c90f78b44: 29 groups; 8.0 s; peak memory 651 MiB.
2026-10-04T01:00:31Z INFO [220/900] 31717c79-32f1-4fbf-a261-c9c959df7c45: 22 groups; 1.4 s; peak memory 651 MiB.
2026-10-04T01:00:33Z INFO [221/900] 317475db-4164-4167-b900-9b14abdb9596: 341 groups; 2.6 s; peak memory 651 MiB.
2026-10-04T01:00:35Z INFO [222/900] 317487c1-9dd4-44fb-8781-9724d36fde0a: 32 groups; 1.6 s; peak memory 651 MiB.
2026-10-04T01:00:36Z INFO [223/900] 31752acc-c4c2-4e6e-9ffc-bf6a2a267bdd: 24 groups; 1.8 s; peak memory 651 MiB.
2026-10-04T01:00:38Z INFO [224/900] 31755374-e8da-4644-b180-f961a7be7d25: 194 groups; 1.8 s; peak memory 651 MiB.
2026-10-04T01:00:39Z INFO [225/900] 31757351-0498-43ab-96a1-9597b88ea00c: 22 groups; 1.2 s; peak memory 651 MiB.
2026-10-04T01:00:41Z INFO [226/900] 3175b4e8-cf19-44c6-a470-952d548aa8d1: 32 groups; 1.4 s; peak memory 651 MiB.
2026-10-04T01:00:42Z INFO [227/900] 31762cf4-142b-4929-9a0d-a09cdb1d6502: 29 groups; 1.0 s; peak memory 651 MiB.
2026-10-04T01:00:43Z INFO [228/900] 31764286-0c8e-48e3-8352-8e933cbc988d: 22 groups; 1.2 s; peak memory 651 MiB.
2026-10-04T01:00:44Z INFO [229/900] 31771ea1-4ea8-4b2f-9104-ae05720273ac: 33 groups; 1.3 s; peak memory 651 MiB.
2026-10-04T01:00:46Z INFO [230/900] 31774842-9be6-469b-ba7d-27fbd464b3fc: 22 groups; 1.3 s; peak memory 651 MiB.
2026-10-04T01:00:48Z INFO [231/900] 317765fb-f028-4b0b-8f8d-73c5ec10b503: 35 groups; 2.4 s; peak memory 651 MiB.
2026-10-04T01:00:49Z INFO [232/900] 31776ecc-0873-4385-8769-72f7b9e81a06: 22 groups; 1.2 s; peak memory 651 MiB.
2026-10-04T01:00:51Z INFO [233/900] 3177ba53-75a6-4036-ba4a-780ce19d5222: 22 groups; 1.2 s; peak memory 651 MiB.
2026-10-04T01:00:51Z INFO [234/900] 317807c0-e6ba-46d8-956c-732f3616e062: 30 groups; 1.0 s; peak memory 651 MiB.
2026-10-04T01:00:55Z INFO [235/900] 3178e136-66b3-4089-abb9-791b6afdd979: 50 groups; 3.6 s; peak memory 651 MiB.
2026-10-04T01:00:56Z INFO [236/900] 3179026a-5243-4fce-a941-bed7f554bd6d: 22 groups; 1.3 s; peak memory 651 MiB.
2026-10-04T01:00:58Z INFO [237/900] 317a27fa-1985-4ab8-86b3-167d8a7c186c: 256 groups; 1.7 s; peak memory 651 MiB.
2026-10-04T01:01:00Z INFO [238/900] 317acf76-f8b3-499d-84a9-8a1081bb9dfe: 36 groups; 1.5 s; peak memory 651 MiB.
2026-10-04T01:01:01Z INFO [239/900] 317b0d8b-586c-4601-93ec-e4f27b96f3e2: 36 groups; 1.6 s; peak memory 651 MiB.
2026-10-04T01:01:15Z INFO [240/900] 317b59a4-91cc-47e7-8f9a-cf8fad743b09: 254 groups; 14.0 s; peak memory 651 MiB.
2026-10-04T01:01:22Z INFO [241/900] 317b606b-3994-4edb-8290-4b0eeaa7da57: 121 groups; 7.0 s; peak memory 651 MiB.
2026-10-04T01:01:24Z INFO [242/900] 317b6cc2-ce10-4c5e-b557-a09fbad0d1e0: 22 groups; 1.4 s; peak memory 651 MiB.
2026-10-04T01:01:25Z INFO [243/900] 317ba07f-43c4-4925-8c95-c478cede79c2: 32 groups; 1.7 s; peak memory 651 MiB.
2026-10-04T01:01:27Z INFO [244/900] 317bae5b-b3a1-460a-9400-0afb4c319ebc: 201 groups; 1.6 s; peak memory 651 MiB.
2026-10-04T01:01:28Z INFO [245/900] 317c080c-5142-4397-95e6-7c165cf6b14f: 22 groups; 1.3 s; peak memory 651 MiB.
2026-10-04T01:01:30Z INFO [246/900] 317c1935-6a63-4488-8a62-a98aa9c6d507: 35 groups; 1.4 s; peak memory 651 MiB.
2026-10-04T01:01:31Z INFO [247/900] 317cc576-1e78-4461-a6f1-a2f272794d5f: 195 groups; 1.5 s; peak memory 651 MiB.
2026-10-04T01:01:33Z INFO [248/900] 317ddd08-f99a-4d00-bae3-892eff078dd8: 32 groups; 1.5 s; peak memory 651 MiB.
2026-10-04T01:01:34Z INFO [249/900] 317e28b5-9428-4a0d-9f39-8585df648cb5: 32 groups; 1.4 s; peak memory 651 MiB.
2026-10-04T01:01:36Z INFO [250/900] 317e8500-0675-42ba-bb88-4a9615b4d546: 24 groups; 1.9 s; peak memory 651 MiB.
2026-10-04T01:01:36Z INFO [250/900] 317e8500-0675-42ba-bb88-4a9615b4d546: checkpointed 70886 records.
2026-10-04T01:01:38Z INFO [251/900] 317ebc3a-bd0f-4130-87d9-e5699502b3ac: 36 groups; 1.7 s; peak memory 651 MiB.
2026-10-04T01:01:39Z INFO [252/900] 317f5e07-52fd-49aa-aeec-f21ce127acea: 25 groups; 1.4 s; peak memory 651 MiB.
2026-10-04T01:02:03Z INFO [253/900] 317fbef2-26c2-429c-9009-4c0e3bb0834a: 313 groups; 24.4 s; peak memory 651 MiB.
2026-10-04T01:02:05Z INFO [254/900] 31804a10-0ec4-44fa-a6d5-55ee8c5569d1: 26 groups; 1.3 s; peak memory 651 MiB.
2026-10-04T01:02:06Z INFO [255/900] 3180510c-2193-4636-882a-8e9df8ed1ebf: 17 groups; 1.2 s; peak memory 651 MiB.
2026-10-04T01:02:07Z INFO [256/900] 3180667c-53d0-441f-b0e9-122c2087353b: 22 groups; 1.4 s; peak memory 651 MiB.
2026-10-04T01:02:09Z INFO [257/900] 31810997-b0fa-41a3-bb0f-e5ab32f9e916: 32 groups; 1.6 s; peak memory 651 MiB.
2026-10-04T01:02:11Z INFO [258/900] 31814abe-0c91-43d5-acf4-0f8b3e939d67: 32 groups; 1.7 s; peak memory 651 MiB.
2026-10-04T01:02:25Z INFO [259/900] 31814cef-acd7-4aa9-a9e4-b4ce6926c90f: 252 groups; 14.2 s; peak memory 651 MiB.
2026-10-04T01:02:28Z INFO [260/900] 31818d0e-1dc4-4add-b8a5-279eb2ae4359: 34 groups; 2.7 s; peak memory 651 MiB.
2026-10-04T01:02:29Z INFO [261/900] 3181eeef-9392-4306-be56-a0a772ef1803: 54 groups; 1.9 s; peak memory 651 MiB.
2026-10-04T01:02:32Z INFO [262/900] 3182259c-bf9e-499f-af62-fc1533ba3cab: 54 groups; 2.6 s; peak memory 651 MiB.
2026-10-04T01:02:33Z INFO [263/900] 3182c229-8d90-4c40-b68b-7a2fa059e1a8: 32 groups; 1.4 s; peak memory 651 MiB.
2026-10-04T01:02:35Z INFO [264/900] 31830330-25d9-410b-9340-a13ae68049b2: 22 groups; 1.2 s; peak memory 651 MiB.
2026-10-04T01:02:37Z INFO [265/900] 31840310-c826-48be-bd5e-4908c3935946: 194 groups; 1.9 s; peak memory 651 MiB.
2026-10-04T01:02:38Z INFO [266/900] 31840e70-7871-49f1-967b-1fb290540e4b: 32 groups; 1.4 s; peak memory 651 MiB.
2026-10-04T01:02:46Z INFO [267/900] 318415e4-9515-4667-bc8c-38c57a3a93c0: 26 groups; 8.2 s; peak memory 651 MiB.
2026-10-04T01:02:48Z INFO [268/900] 318435f9-4a3a-41aa-8b8d-e9774374e210: 32 groups; 1.8 s; peak memory 651 MiB.
2026-10-04T01:02:49Z INFO [269/900] 31844e29-9502-469a-8c49-bb7a63253c7f: 16 groups; 1.1 s; peak memory 651 MiB.
2026-10-04T01:02:50Z INFO [270/900] 3184dabc-22d9-440d-a79f-b3f838580c61: 253 groups; 1.5 s; peak memory 651 MiB.
2026-10-04T01:02:52Z INFO [271/900] 318531b8-0240-4624-bf2d-281b29496c6d: 202 groups; 1.8 s; peak memory 651 MiB.
2026-10-04T01:02:54Z INFO [272/900] 31854735-d604-4586-893f-21389d8b5a7e: 103 groups; 1.5 s; peak memory 651 MiB.
2026-10-04T01:02:55Z INFO [273/900] 3185655e-c408-433d-843c-b8ad49d85464: 30 groups; 1.5 s; peak memory 651 MiB.
2026-10-04T01:02:58Z INFO [274/900] 318631e4-45c7-4821-8eda-b10097344285: 37 groups; 2.5 s; peak memory 651 MiB.
2026-10-04T01:05:16Z INFO [275/900] 3186c42b-e5b1-4fbe-8298-bdeee700ae7c: 63 groups; 138.4 s; peak memory 651 MiB.
2026-10-04T01:05:18Z INFO [276/900] 3186e1cf-5e23-423b-aa46-b3d01df66187: 32 groups; 1.5 s; peak memory 651 MiB.
2026-10-04T01:05:19Z INFO [277/900] 31877438-376e-48eb-b313-1c139ea14d81: 32 groups; 1.5 s; peak memory 651 MiB.
2026-10-04T01:05:26Z INFO [278/900] 31878e4b-aca1-4088-8f2f-3e1507f07331: 129 groups; 6.5 s; peak memory 651 MiB.
2026-10-04T01:05:27Z INFO [279/900] 3187da12-b1ed-4d14-a65f-fe47e68503e2: 20 groups; 1.2 s; peak memory 651 MiB.
2026-10-04T01:05:28Z INFO [280/900] 31880196-2054-49fe-a71a-de4957528677: 32 groups; 1.6 s; peak memory 651 MiB.
2026-10-04T01:05:30Z INFO [281/900] 31890e69-0ed5-4edd-91f4-19cd7f78e3ba: 36 groups; 1.7 s; peak memory 651 MiB.
2026-10-04T01:05:32Z INFO [282/900] 31892fd8-0ac1-47a2-b6bd-c868aa8109c3: 32 groups; 1.5 s; peak memory 651 MiB.
2026-10-04T01:05:33Z INFO [283/900] 31898aca-a048-4376-ab69-04f6ddd6cbba: 22 groups; 1.2 s; peak memory 651 MiB.
2026-10-04T01:05:34Z INFO [284/900] 3189c48d-61e8-4c29-a752-3a70b2903418: 22 groups; 1.2 s; peak memory 651 MiB.
2026-10-04T01:05:36Z INFO [285/900] 318a6686-189c-4ada-94ff-416be9326923: 32 groups; 1.6 s; peak memory 651 MiB.
2026-10-04T01:05:37Z INFO [286/900] 318b2731-3b14-4d4a-889b-d12831f4e52d: 32 groups; 1.4 s; peak memory 651 MiB.
2026-10-04T01:05:45Z INFO [287/900] 318b377b-821f-4b26-a828-bc9e00d40538: 66 groups; 7.5 s; peak memory 651 MiB.
2026-10-04T01:05:47Z INFO [288/900] 318b48e0-70d5-4442-81e3-9155b8efe468: 35 groups; 2.1 s; peak memory 651 MiB.
2026-10-04T01:05:48Z INFO [289/900] 318be094-d183-41ba-afef-217831e369c4: 17 groups; 1.2 s; peak memory 651 MiB.
2026-10-04T01:05:49Z INFO [290/900] 318cb42f-80a2-4e8e-af3c-a0b49aba6414: 32 groups; 1.4 s; peak memory 651 MiB.
2026-10-04T01:05:51Z INFO [291/900] 318cdfd3-774e-4036-83d9-957efed60e9b: 22 groups; 1.3 s; peak memory 651 MiB.
2026-10-04T01:05:53Z INFO [292/900] 318d09d7-75f8-4ed0-bc74-e0e2da228b0f: 33 groups; 2.0 s; peak memory 651 MiB.
2026-10-04T01:05:55Z INFO [293/900] 318dbfca-2ad9-42e8-a26b-d4012c4e77db: 17 groups; 2.4 s; peak memory 651 MiB.
2026-10-04T01:05:56Z INFO [294/900] 318e9e5b-01e2-4d0b-9566-95179a51150c: 26 groups; 1.2 s; peak memory 651 MiB.
2026-10-04T01:05:58Z INFO [295/900] 318f5569-2bde-4a21-adce-e00ac8b06e8d: 42 groups; 1.8 s; peak memory 651 MiB.
2026-10-04T01:06:08Z INFO [296/900] 3190ed37-ab3b-4b22-9e0b-ae6543259d4c: 46 groups; 9.7 s; peak memory 651 MiB.
2026-10-04T01:06:09Z INFO [297/900] 319164e9-e673-4bcf-ba98-55d1ad5045f6: 18 groups; 1.0 s; peak memory 651 MiB.
2026-10-04T01:06:11Z INFO [298/900] 31917639-3a7a-4c34-b683-7ef008e72027: 202 groups; 2.0 s; peak memory 651 MiB.
2026-10-04T01:06:35Z INFO [299/900] 319239ee-8adf-42fc-a7ef-38348e65465e: 23 groups; 24.7 s; peak memory 651 MiB.
2026-10-04T01:06:56Z INFO [300/900] 319294b1-8dc0-4833-99ea-b3580aba810a: 306 groups; 20.2 s; peak memory 651 MiB.
2026-10-04T01:06:56Z INFO [300/900] 319294b1-8dc0-4833-99ea-b3580aba810a: checkpointed 70936 records.
2026-10-04T01:06:57Z INFO [301/900] 31944207-c6f4-4257-8453-b3266588c782: 257 groups; 1.8 s; peak memory 651 MiB.
2026-10-04T01:07:01Z INFO [302/900] 3196ad42-61b2-405a-bd23-78a2cf0a6575: 49 groups; 3.2 s; peak memory 651 MiB.
2026-10-04T01:07:02Z INFO [303/900] 3197ad7f-508a-43d5-a3f5-165ae3040e55: 16 groups; 1.2 s; peak memory 651 MiB.
2026-10-04T01:07:16Z INFO [304/900] 3197e917-6a54-4458-8314-8667322a131c: 22 groups; 14.0 s; peak memory 651 MiB.
2026-10-04T01:07:17Z INFO [305/900] 319834ab-8340-4280-871b-845abebabb78: 24 groups; 1.3 s; peak memory 651 MiB.
2026-10-04T01:07:21Z INFO [306/900] 3198da90-381b-4f86-8d71-f08c7f4f0fe4: 50 groups; 3.5 s; peak memory 651 MiB.
2026-10-04T01:07:22Z INFO [307/900] 3198e4c5-4948-41c2-b4c8-5d4eb5fcda51: 16 groups; 1.0 s; peak memory 651 MiB.
2026-10-04T01:07:24Z INFO [308/900] 3199286b-c2f7-4d48-b2bd-e61a1f58c1ad: 35 groups; 2.0 s; peak memory 651 MiB.
2026-10-04T01:07:25Z INFO [309/900] 3199aec9-96d7-4956-a022-2fe7b62750b3: 22 groups; 1.2 s; peak memory 651 MiB.
2026-10-04T01:07:32Z INFO [310/900] 319a193c-e4a8-453d-b06a-a24885cee0f8: 34 groups; 7.6 s; peak memory 651 MiB.
2026-10-04T01:07:34Z INFO [311/900] 319ad91f-4f79-4c77-bca5-48b5cfbf9815: 32 groups; 1.4 s; peak memory 651 MiB.
2026-10-04T01:07:35Z INFO [312/900] 319b3cb0-3826-420a-8c7f-cba0ff7783b5: 22 groups; 1.2 s; peak memory 651 MiB.
2026-10-04T01:07:36Z INFO [313/900] 319b435a-ea3f-4786-9142-6b7266e01551: 22 groups; 1.2 s; peak memory 651 MiB.
2026-10-04T01:07:39Z INFO [314/900] 319c54ab-674a-475c-a261-9f91cc1702c8: 195 groups; 2.3 s; peak memory 651 MiB.
2026-10-04T01:07:40Z INFO [315/900] 319c9a82-0d62-4496-877b-eaa830272376: 29 groups; 1.0 s; peak memory 651 MiB.
2026-10-04T01:09:58Z INFO [316/900] 319cc8f4-84aa-4372-838e-d53a5b9743ac: 35 groups; 138.1 s; peak memory 651 MiB.
2026-10-04T01:09:59Z INFO [317/900] 319cdecd-d131-4ef1-ab0f-ed0804842584: 16 groups; 1.0 s; peak memory 651 MiB.
2026-10-04T01:10:01Z INFO [318/900] 319d22c8-6c6e-41bb-9bf9-9c6773d2b2ad: 575 groups; 2.7 s; peak memory 651 MiB.
2026-10-04T01:10:07Z INFO [319/900] 319e37f0-005e-4115-a8bb-b2d802074f7b: 75 groups; 5.6 s; peak memory 651 MiB.
2026-10-04T01:10:09Z INFO [320/900] 319e4509-8346-40fa-ab6d-14caf6e1e095: 104 groups; 1.6 s; peak memory 651 MiB.
2026-10-04T01:10:10Z INFO [321/900] 319f5fe9-0a09-4cb2-9664-a91b556183b3: 22 groups; 1.2 s; peak memory 651 MiB.
2026-10-04T01:10:26Z INFO [322/900] 319fcb93-7308-47c9-913b-c9aa71b9ce4f: 191 groups; 16.5 s; peak memory 651 MiB.
2026-10-04T01:10:32Z INFO [323/900] 31a05e05-48b4-4889-a8b3-8dffcdc8ef89: 71 groups; 5.3 s; peak memory 651 MiB.
2026-10-04T01:10:33Z INFO [324/900] 31a0e735-9c54-4900-9788-973f0dc3079c: 103 groups; 1.5 s; peak memory 651 MiB.
2026-10-04T01:10:34Z INFO [325/900] 31a10efd-199f-44ca-a727-d166750e13c1: 22 groups; 1.3 s; peak memory 651 MiB.
2026-10-04T01:10:36Z INFO [326/900] 31a158d9-11b3-4d55-be8c-9b96e45b3ae3: 206 groups; 1.8 s; peak memory 651 MiB.
2026-10-04T01:10:39Z INFO [327/900] 31a268c1-9779-4419-a40e-d41b3394ddce: 48 groups; 3.1 s; peak memory 651 MiB.
2026-10-04T01:10:41Z INFO [328/900] 31a279d5-62f1-4341-bd9e-417ccfe66344: 21 groups; 1.5 s; peak memory 651 MiB.
2026-10-04T01:10:51Z INFO [329/900] 31a311c9-5556-477f-bf64-5546fac23d02: 183 groups; 10.3 s; peak memory 651 MiB.
2026-10-04T01:10:53Z INFO [330/900] 31a3581a-9bf3-4949-9081-d2ceaa7859d0: 32 groups; 1.6 s; peak memory 651 MiB.
2026-10-04T01:10:55Z INFO [331/900] 31a47078-2e75-4965-b019-65b4073f54ca: 35 groups; 1.9 s; peak memory 651 MiB.
2026-10-04T01:10:56Z INFO [332/900] 31a5ee02-ae06-4093-94f6-291be4434dda: 32 groups; 1.6 s; peak memory 651 MiB.
2026-10-04T01:10:58Z INFO [333/900] 31a76d1f-4f88-48e9-aa23-f488966653eb: 43 groups; 1.7 s; peak memory 651 MiB.
2026-10-04T01:11:00Z INFO [334/900] 31a7af84-3893-43b5-9cfc-5221e5ecea70: 35 groups; 1.8 s; peak memory 651 MiB.
2026-10-04T01:11:01Z INFO [335/900] 31a80af4-8e06-4e5d-87ee-927cbb7e3814: 25 groups; 1.3 s; peak memory 651 MiB.
2026-10-04T01:11:03Z INFO [336/900] 31a83ed7-0c00-4f35-84be-c81b897ca3f1: 34 groups; 2.2 s; peak memory 651 MiB.
2026-10-04T01:11:04Z INFO [337/900] 31a83ef8-d7a2-4a95-8662-3997ef58f5a2: 16 groups; 1.0 s; peak memory 651 MiB.
2026-10-04T01:11:07Z INFO [338/900] 31a861de-0d28-4486-8660-5ef95b4fe6a3: 48 groups; 2.7 s; peak memory 651 MiB.
2026-10-04T01:11:09Z INFO [339/900] 31a8ceb7-779e-49a2-bf96-1727850c5bcb: 36 groups; 1.7 s; peak memory 651 MiB.
2026-10-04T01:11:11Z INFO [340/900] 31a9abbe-0bd5-45b1-be71-e420ed56ed49: 199 groups; 2.0 s; peak memory 651 MiB.
2026-10-04T01:11:12Z INFO [341/900] 31a9c7aa-b90f-4579-add5-dd57b06979e4: 22 groups; 1.2 s; peak memory 651 MiB.
2026-10-04T01:11:14Z INFO [342/900] 31aade36-5feb-43eb-bade-49c5dbf1b2ac: 33 groups; 1.6 s; peak memory 651 MiB.
2026-10-04T01:11:15Z INFO [343/900] 31ac2596-8ab9-4df6-9184-ae65acf67f93: 32 groups; 1.4 s; peak memory 651 MiB.
2026-10-04T01:11:17Z INFO [344/900] 31acb18e-a2e8-4137-b11c-e1578e10e4e4: 197 groups; 1.7 s; peak memory 651 MiB.
2026-10-04T01:11:19Z INFO [345/900] 31ad3a9a-60b2-4528-bd7a-c6943a970c2b: 35 groups; 2.4 s; peak memory 651 MiB.
2026-10-04T01:11:21Z INFO [346/900] 31aebcfa-c6f4-4fa4-aae7-8fc6032b7963: 22 groups; 1.3 s; peak memory 651 MiB.
2026-10-04T01:11:22Z INFO [347/900] 31afa659-09ea-4c19-adab-392e3313b865: 22 groups; 1.2 s; peak memory 651 MiB.
2026-10-04T01:11:23Z INFO [348/900] 31afaf43-ca77-4510-a001-b030d30d1bac: 22 groups; 1.3 s; peak memory 651 MiB.
2026-10-04T01:11:29Z INFO [349/900] 31b017b6-955a-44fb-b181-41c63e16c9ec: 45 groups; 5.6 s; peak memory 651 MiB.
2026-10-04T01:11:30Z INFO [350/900] 31b0b9ed-8022-4db1-8ab5-b37e6ead749e: 24 groups; 1.4 s; peak memory 651 MiB.
2026-10-04T01:11:30Z INFO [350/900] 31b0b9ed-8022-4db1-8ab5-b37e6ead749e: checkpointed 70986 records.
2026-10-04T01:11:32Z INFO [351/900] 31b1917f-779e-4e55-8229-b1bd9b20411c: 34 groups; 1.7 s; peak memory 651 MiB.
2026-10-04T01:11:36Z INFO [352/900] 31b1921e-c53c-4ca6-9295-aa71cdb8779c: 47 groups; 3.8 s; peak memory 651 MiB.
2026-10-04T01:11:37Z INFO [353/900] 31b3adec-723c-476a-b81e-1b756d1c6d3b: 32 groups; 1.4 s; peak memory 651 MiB.
2026-10-04T01:11:39Z INFO [354/900] 31b3bb50-f035-486d-a483-a335dbedf965: 36 groups; 1.8 s; peak memory 651 MiB.
2026-10-04T01:11:40Z INFO [355/900] 31b44345-6c36-4a65-bd6f-b7c82668dc66: 32 groups; 1.4 s; peak memory 651 MiB.
2026-10-04T01:11:41Z INFO [356/900] 31b49fc8-28ea-4b16-8d0f-f3e7eebe1b5b: 22 groups; 1.3 s; peak memory 651 MiB.
2026-10-04T01:11:43Z INFO [357/900] 31b4aa12-dd81-47b4-86d5-e30675545e4c: 201 groups; 1.8 s; peak memory 651 MiB.
2026-10-04T01:11:45Z INFO [358/900] 31b4b314-e703-4f3e-9ed9-3f3a1ee90e22: 22 groups; 1.2 s; peak memory 651 MiB.
2026-10-04T01:11:46Z INFO [359/900] 31b60549-504f-485b-af9e-ad4f9b9c7dc7: 35 groups; 1.6 s; peak memory 651 MiB.
2026-10-04T01:11:47Z INFO [360/900] 31b655d2-d609-4883-a0ee-ee0b7f8f0e18: 32 groups; 1.4 s; peak memory 651 MiB.
2026-10-04T01:11:49Z INFO [361/900] 31b744a5-3176-4da1-8938-a2353cf81059: 32 groups; 1.6 s; peak memory 651 MiB.
2026-10-04T01:11:57Z INFO [362/900] 31b7f55f-80ef-4834-b557-6407c8eab904: 143 groups; 8.2 s; peak memory 651 MiB.
2026-10-04T01:11:59Z INFO [363/900] 31b84a2c-37bf-4bd1-a71c-a9240f254407: 25 groups; 1.3 s; peak memory 651 MiB.
2026-10-04T01:12:00Z INFO [364/900] 31b8f101-be71-41c7-b590-5b36eba6fcf2: 35 groups; 1.9 s; peak memory 651 MiB.
2026-10-04T01:12:02Z INFO [365/900] 31ba232d-7b9d-47ea-bf60-2db6f17f65a2: 33 groups; 1.9 s; peak memory 651 MiB.
2026-10-04T01:12:28Z INFO [366/900] 31bb5b5f-3ecc-4e73-bbda-091117d638b2: 23 groups; 25.5 s; peak memory 651 MiB.
2026-10-04T01:12:52Z INFO [367/900] 31bb60d2-6de4-41ea-a6f0-376a1ff945e7: 305 groups; 23.7 s; peak memory 651 MiB.
2026-10-04T01:12:53Z INFO [368/900] 31bbf2a5-60be-45a3-a8a5-27e548145151: 32 groups; 1.4 s; peak memory 651 MiB.
2026-10-04T01:12:55Z INFO [369/900] 31bc0b25-1b2d-497e-aad6-c88e8635975f: 48 groups; 2.3 s; peak memory 651 MiB.
2026-10-04T01:12:56Z INFO [370/900] 31bc1589-105b-40d7-9149-000b05d48f52: 16 groups; 0.9 s; peak memory 651 MiB.
2026-10-04T01:54:41Z INFO [371/900] 31bc1ceb-822d-4ba5-9729-0743fca2ad22: 555 groups; 2504.5 s; peak memory 1243 MiB.
2026-10-04T01:54:42Z INFO [372/900] 31bc6b6b-31a5-4727-99f6-57caea57216a: 32 groups; 1.6 s; peak memory 1243 MiB.
2026-10-04T01:54:44Z INFO [373/900] 31bc9559-59e1-4e69-a5f6-d2fb5333938f: 35 groups; 1.7 s; peak memory 1243 MiB.
2026-10-04T01:54:47Z INFO [374/900] 31bccbbe-494f-455b-82ae-dd0bcf2626ed: 17 groups; 2.5 s; peak memory 1243 MiB.
2026-10-04T01:54:48Z INFO [375/900] 31bcdcd1-18c2-4238-aee8-dbe613ea9412: 32 groups; 1.6 s; peak memory 1243 MiB.
2026-10-04T01:54:51Z INFO [376/900] 31be05c7-3465-4bb0-8591-7c5bc3b66391: 46 groups; 3.2 s; peak memory 1243 MiB.
2026-10-04T01:54:53Z INFO [377/900] 31beb2f2-2ff9-449d-b0e5-88a9d38c58a7: 32 groups; 1.4 s; peak memory 1243 MiB.
2026-10-04T01:54:55Z INFO [378/900] 31bf72b3-6c80-4342-b7cd-3b1617ed3c9a: 194 groups; 1.7 s; peak memory 1243 MiB.
2026-10-04T01:54:56Z INFO [379/900] 31c00c34-19aa-44cd-a851-8561311418d7: 35 groups; 1.9 s; peak memory 1243 MiB.
2026-10-04T01:54:58Z INFO [380/900] 31c02da4-fde4-42dd-b796-eb2ae3518105: 32 groups; 1.6 s; peak memory 1243 MiB.
2026-10-04T01:55:00Z INFO [381/900] 31c03e1c-3916-4e3d-b3fb-f42d410473f3: 32 groups; 1.6 s; peak memory 1243 MiB.
2026-10-04T01:55:01Z INFO [382/900] 31c0541a-05a1-4f93-9e30-e2ade8860a5a: 17 groups; 1.0 s; peak memory 1243 MiB.
2026-10-04T01:55:04Z INFO [383/900] 31c0d025-7f95-4fb7-9f3e-f196f6b1777c: 336 groups; 3.0 s; peak memory 1243 MiB.
2026-10-04T01:55:05Z INFO [384/900] 31c1121a-7394-4d6d-9ff1-34da9381c01b: 29 groups; 1.6 s; peak memory 1243 MiB.
2026-10-04T01:55:07Z INFO [385/900] 31c154cd-3ddf-43c6-b499-3e7fde4bc321: 22 groups; 1.3 s; peak memory 1243 MiB.
2026-10-04T01:55:08Z INFO [386/900] 31c17cad-2aba-4711-8b2e-63646b4845f3: 52 groups; 1.6 s; peak memory 1243 MiB.
2026-10-04T01:55:10Z INFO [387/900] 31c20166-747d-41b3-82a4-f9ddee1be43c: 20 groups; 1.4 s; peak memory 1243 MiB.
2026-10-04T01:55:11Z INFO [388/900] 31c27b4f-f208-4ba2-a687-c3bcdf41a445: 99 groups; 1.5 s; peak memory 1243 MiB.
2026-10-04T01:55:14Z INFO [389/900] 31c2a107-9b1e-4311-9ae1-165ef1e4da16: 269 groups; 3.4 s; peak memory 1243 MiB.
2026-10-04T01:55:16Z INFO [390/900] 31c2b105-2467-4f86-a0c9-6d816d9f370e: 22 groups; 1.2 s; peak memory 1243 MiB.
2026-10-04T01:55:45Z INFO [391/900] 31c32271-c10f-47a5-bd94-950dd3c6bed9: 2491 groups; 29.0 s; peak memory 1243 MiB.
2026-10-04T01:55:46Z INFO [392/900] 31c3b6cd-a9df-4446-b3ad-aa58ed332a92: 22 groups; 1.2 s; peak memory 1243 MiB.
2026-10-04T01:55:47Z INFO [393/900] 31c40bc0-db0a-40c2-9857-0d23ffbcbe58: 35 groups; 1.7 s; peak memory 1243 MiB.
2026-10-04T01:55:49Z INFO [394/900] 31c43d2f-120a-44f9-a836-9757a0e402f4: 26 groups; 1.2 s; peak memory 1243 MiB.
2026-10-04T01:55:50Z INFO [395/900] 31c46997-06de-40b4-a7b8-54711ec2ef60: 33 groups; 1.6 s; peak memory 1243 MiB.
2026-10-04T01:55:52Z INFO [396/900] 31c4a4e9-736a-42e8-adc0-59fcc14a74ac: 252 groups; 1.3 s; peak memory 1243 MiB.
2026-10-04T01:55:53Z INFO [397/900] 31c53e10-8f3d-4535-8ff1-02881d4db192: 25 groups; 1.2 s; peak memory 1243 MiB.
2026-10-04T01:56:03Z INFO [398/900] 31c5f708-5755-43dc-a983-1ad7bf0e0c56: 29 groups; 9.7 s; peak memory 1243 MiB.
2026-10-04T01:56:06Z INFO [399/900] 31c60bef-c6de-4685-a06f-ad0ae6572cec: 53 groups; 3.7 s; peak memory 1243 MiB.
2026-10-04T01:56:08Z INFO [400/900] 31c6b5d1-0238-425c-a8d6-7523483de27f: 16 groups; 1.4 s; peak memory 1243 MiB.
2026-10-04T01:56:08Z INFO [400/900] 31c6b5d1-0238-425c-a8d6-7523483de27f: checkpointed 71036 records.
2026-10-04T01:56:09Z INFO [401/900] 31c8053a-6fef-4f34-94ca-59a09f7f3e6b: 196 groups; 1.6 s; peak memory 1243 MiB.
2026-10-04T01:56:11Z INFO [402/900] 31c81981-b633-4f4b-823e-b9fd683c2984: 22 groups; 1.2 s; peak memory 1243 MiB.
2026-10-04T01:56:12Z INFO [403/900] 31c8b8cf-0b37-4b23-b106-0d2d7033a874: 22 groups; 1.3 s; peak memory 1243 MiB.
2026-10-04T01:56:13Z INFO [404/900] 31c96258-89ee-45e3-8653-01f432cc2b95: 22 groups; 1.2 s; peak memory 1243 MiB.
2026-10-04T01:56:15Z INFO [405/900] 31c96a0b-4c27-46a7-80d0-3c613c8c48fb: 194 groups; 1.6 s; peak memory 1243 MiB.
2026-10-04T01:56:18Z INFO [406/900] 31c9935f-885a-4587-9f90-ae428a07a9e1: 64 groups; 3.0 s; peak memory 1243 MiB.
2026-10-04T01:56:19Z INFO [407/900] 31cac089-a44d-473c-9145-c25072d03d4f: 22 groups; 1.2 s; peak memory 1243 MiB.
2026-10-04T01:56:20Z INFO [408/900] 31caddb3-d8a0-4239-b5ff-dd965d3ca098: 22 groups; 1.2 s; peak memory 1243 MiB.
2026-10-04T01:56:22Z INFO [409/900] 31cafae4-2d83-47e3-b483-fb561c20d245: 32 groups; 1.4 s; peak memory 1243 MiB.
2026-10-04T01:56:23Z INFO [410/900] 31cb2e78-95ee-4d69-9e56-a53d0c934f93: 16 groups; 1.0 s; peak memory 1243 MiB.
2026-10-04T01:56:38Z INFO [411/900] 31cb3cb7-25dc-4cbc-8a35-9bf4b5ede990: 27 groups; 15.3 s; peak memory 1243 MiB.
2026-10-04T01:56:39Z INFO [412/900] 31ccff59-af15-4556-93f3-9ef2deb2b429: 32 groups; 1.5 s; peak memory 1243 MiB.
2026-10-04T01:56:40Z INFO [413/900] 31cdfceb-9dc9-4bf5-aade-5f34bbcae169: 22 groups; 1.2 s; peak memory 1243 MiB.
2026-10-04T01:56:41Z INFO [414/900] 31cf9dde-4bf6-4fe8-aae4-3731ca8e9c67: 16 groups; 0.9 s; peak memory 1243 MiB.
2026-10-04T01:57:32Z INFO [415/900] 31cf9f9f-12a9-4a50-aee4-427498d18a01: 47 groups; 50.4 s; peak memory 1243 MiB.
2026-10-04T01:57:33Z INFO [416/900] 31d02a2d-b5ea-40f2-80f3-a6d1c7bc70cf: 28 groups; 1.0 s; peak memory 1243 MiB.
2026-10-04T01:57:34Z INFO [417/900] 31d04351-55df-4976-8902-9e3ae4f9655a: 32 groups; 1.5 s; peak memory 1243 MiB.
2026-10-04T01:57:35Z INFO [418/900] 31d100be-f137-4121-b143-62a7b450cf6b: 17 groups; 1.0 s; peak memory 1243 MiB.
2026-10-04T01:57:36Z INFO [419/900] 31d13d3f-14fd-4126-a76e-61f43f22b764: 22 groups; 1.2 s; peak memory 1243 MiB.
2026-10-04T01:57:38Z INFO [420/900] 31d15ac3-8c93-4f41-9e01-c802c59fda41: 22 groups; 1.1 s; peak memory 1243 MiB.
2026-10-04T01:57:40Z INFO [421/900] 31d318ae-09f7-4ffd-b4b2-74a7e76c85e7: 37 groups; 2.0 s; peak memory 1243 MiB.
2026-10-04T01:57:41Z INFO [422/900] 31d37a28-7948-4cbb-a410-a4d48863347c: 22 groups; 1.2 s; peak memory 1243 MiB.
2026-10-04T01:57:42Z INFO [423/900] 31d4fe4d-1b13-43d1-b8f2-5fe9bcd919e5: 22 groups; 1.1 s; peak memory 1243 MiB.
2026-10-04T01:57:45Z INFO [424/900] 31d6c6e7-9285-40fe-afd0-969c71de9733: 48 groups; 3.6 s; peak memory 1243 MiB.
2026-10-04T01:57:47Z INFO [425/900] 31d75c8a-1d9d-43cb-8281-8e1cc9269abb: 30 groups; 1.1 s; peak memory 1243 MiB.
2026-10-04T01:57:50Z INFO [426/900] 31d7f0b5-ed53-4d2f-b88b-e09af0c84b76: 48 groups; 3.0 s; peak memory 1243 MiB.
2026-10-04T01:57:51Z INFO [427/900] 31d88335-f2a1-47bd-89f7-de20d0afb638: 32 groups; 1.5 s; peak memory 1243 MiB.
2026-10-04T01:58:08Z INFO [428/900] 31d8e14d-682f-4ddd-b161-b1e63054eb4e: 27 groups; 17.2 s; peak memory 1243 MiB.
2026-10-04T01:58:09Z INFO [429/900] 31d9530a-ed52-479b-9353-4c69a1b17813: 28 groups; 1.0 s; peak memory 1243 MiB.
2026-10-04T01:58:31Z INFO [430/900] 31da44c4-df38-42d1-b77b-114baaa48f74: 23 groups; 21.6 s; peak memory 1243 MiB.
2026-10-04T02:00:11Z INFO [431/900] 31db1b25-8d68-40d6-92d2-97e6f0a3a654: 6314 groups; 100.6 s; peak memory 1243 MiB.
2026-10-04T02:00:13Z INFO [432/900] 31dc3ba1-6b3b-4029-b782-04bd81475399: 22 groups; 1.2 s; peak memory 1243 MiB.
2026-10-04T02:00:14Z INFO [433/900] 31dd5509-e5b2-45c6-9f74-1b0750edc811: 26 groups; 1.0 s; peak memory 1243 MiB.
2026-10-04T02:00:15Z INFO [434/900] 31dd819a-2dc6-49da-bef8-3c4ce046fd15: 32 groups; 1.6 s; peak memory 1243 MiB.
2026-10-04T02:00:16Z INFO [435/900] 31de23e1-6221-42b3-8980-d02d82b35e7a: 26 groups; 1.0 s; peak memory 1243 MiB.
2026-10-04T02:00:33Z INFO [436/900] 31de3d59-a62b-44f0-8c06-b6bbbb8aedf5: 26 groups; 17.2 s; peak memory 1243 MiB.
2026-10-04T02:00:35Z INFO [437/900] 31de6afc-e26e-42c5-936b-706b59ff6364: 16 groups; 1.3 s; peak memory 1243 MiB.
2026-10-04T02:00:36Z INFO [438/900] 31df4697-1714-43c8-aee8-1126a91f6f50: 36 groups; 1.5 s; peak memory 1243 MiB.
2026-10-04T02:00:38Z INFO [439/900] 31df4e62-1ab7-4024-9e13-b7f56fc0dde0: 22 groups; 1.2 s; peak memory 1243 MiB.
2026-10-04T02:00:39Z INFO [440/900] 31df5253-d8ca-4b39-a30a-e1e91501dea8: 33 groups; 1.8 s; peak memory 1243 MiB.
2026-10-04T02:00:44Z INFO [441/900] 31df9a73-d9c2-4ee7-9c39-e91ee622f118: 34 groups; 5.0 s; peak memory 1243 MiB.
2026-10-04T02:00:46Z INFO [442/900] 31dffba2-04df-4b4f-91f4-ce9380081869: 18 groups; 1.4 s; peak memory 1243 MiB.
2026-10-04T02:00:47Z INFO [443/900] 31e185e2-8207-4b33-9b16-280d34c7e1fb: 22 groups; 1.2 s; peak memory 1243 MiB.
2026-10-04T02:00:50Z INFO [444/900] 31e1a2ad-e4fd-4abc-820b-87fe977fabe8: 57 groups; 3.2 s; peak memory 1243 MiB.
2026-10-04T02:00:51Z INFO [445/900] 31e26f8b-099a-4969-b880-4562ec0744e0: 67 groups; 1.3 s; peak memory 1243 MiB.
2026-10-04T02:00:53Z INFO [446/900] 31e274a0-407d-4797-8494-f08df0d2b29f: 22 groups; 1.3 s; peak memory 1243 MiB.
2026-10-04T02:00:54Z INFO [447/900] 31e39469-5e6e-4c32-a898-f2c27189141b: 22 groups; 1.3 s; peak memory 1243 MiB.
2026-10-04T02:00:59Z INFO [448/900] 31e39741-4248-432c-b8f1-d12272ade387: 68 groups; 5.3 s; peak memory 1243 MiB.
2026-10-04T02:01:01Z INFO [449/900] 31e4f88e-7329-40d0-b0aa-98c43f25fcf9: 103 groups; 1.6 s; peak memory 1243 MiB.
2026-10-04T02:01:03Z INFO [450/900] 31e57fb0-a40f-4ace-8d66-787ff3131de6: 194 groups; 1.6 s; peak memory 1243 MiB.
2026-10-04T02:01:03Z INFO [450/900] 31e57fb0-a40f-4ace-8d66-787ff3131de6: checkpointed 71086 records.
2026-10-04T02:01:04Z INFO [451/900] 31e5e79e-908a-4a70-bf60-4af5d5dd0954: 33 groups; 1.5 s; peak memory 1243 MiB.
2026-10-04T02:01:10Z INFO [452/900] 31e656b9-dccf-4b14-bcec-ef0ada1edea7: 128 groups; 5.7 s; peak memory 1243 MiB.
2026-10-04T02:01:11Z INFO [453/900] 31e6cb06-49f4-45a0-97f7-824b5f4321ed: 22 groups; 1.4 s; peak memory 1243 MiB.
2026-10-04T02:01:13Z INFO [454/900] 31e6e04a-7e58-4dad-a621-03ac6b559586: 37 groups; 2.2 s; peak memory 1243 MiB.
2026-10-04T02:01:16Z INFO [455/900] 31e77f26-e662-456c-b14a-70c637ef9710: 207 groups; 2.1 s; peak memory 1243 MiB.
2026-10-04T02:02:12Z INFO [456/900] 31e7a4fa-a81a-47f5-a79f-f4fa07ddfe18: 26 groups; 56.1 s; peak memory 1243 MiB.
2026-10-04T02:02:14Z INFO [457/900] 31e7aa1c-9bfc-4135-b861-3c3b6a984f2b: 35 groups; 1.8 s; peak memory 1243 MiB.
2026-10-04T02:02:15Z INFO [458/900] 31e8574d-421d-4628-a25c-5b095b086a82: 22 groups; 1.3 s; peak memory 1243 MiB.
2026-10-04T02:02:16Z INFO [459/900] 31e88bfa-9ab4-4a3e-b5c7-ed1ea94014de: 30 groups; 1.5 s; peak memory 1243 MiB.
2026-10-04T02:02:18Z INFO [460/900] 31e9377d-b0c7-4c82-a57a-67f8bf12f894: 32 groups; 1.6 s; peak memory 1243 MiB.
2026-10-04T02:02:20Z INFO [461/900] 31eb6a53-6d30-46ce-94f0-5f2a87b14e4e: 256 groups; 1.7 s; peak memory 1243 MiB.
2026-10-04T02:02:21Z INFO [462/900] 31eb7f99-ebbb-4ab0-ab1d-655fcbd52fb5: 71 groups; 1.2 s; peak memory 1243 MiB.
2026-10-04T02:02:24Z INFO [463/900] 31ebef4a-6f4d-4a32-8728-70cfdd11bc76: 44 groups; 3.2 s; peak memory 1243 MiB.
2026-10-04T02:02:28Z INFO [464/900] 31ec21ff-6b6c-4e0c-bbb0-acaa11431861: 50 groups; 3.7 s; peak memory 1243 MiB.
2026-10-04T02:03:01Z INFO [465/900] 31ecbbf3-6062-4c3a-aea7-aa4979e057fc: 354 groups; 32.8 s; peak memory 1243 MiB.
2026-10-04T02:03:03Z INFO [466/900] 31ed307f-e8a4-41d1-8896-aba639831e16: 28 groups; 2.0 s; peak memory 1243 MiB.
2026-10-04T02:03:04Z INFO [467/900] 31eebc0d-be7c-4358-bf0a-b5c9a4659461: 67 groups; 1.6 s; peak memory 1243 MiB.
2026-10-04T02:03:10Z INFO [468/900] 31eedcc7-4848-4ac3-bda9-1d6a22bccf4f: 43 groups; 5.4 s; peak memory 1243 MiB.
2026-10-04T02:03:14Z INFO [469/900] 31ef4ead-cd10-46d3-953a-43f1873da342: 30 groups; 4.2 s; peak memory 1243 MiB.
2026-10-04T02:03:25Z INFO [470/900] 31ef693b-5b29-4615-be92-f1221f7f7902: 38 groups; 10.9 s; peak memory 1243 MiB.
2026-10-04T02:03:26Z INFO [471/900] 31f0696f-9fb2-4c37-81e4-6fbedd5adcd4: 22 groups; 1.3 s; peak memory 1243 MiB.
2026-10-04T02:03:27Z INFO [472/900] 31f08f7d-9e34-41f1-924c-74fe4237ccb1: 22 groups; 1.4 s; peak memory 1243 MiB.
2026-10-04T02:03:29Z INFO [473/900] 31f0ea49-519e-4e72-8f15-0820287478f1: 32 groups; 1.5 s; peak memory 1243 MiB.
2026-10-04T02:03:30Z INFO [474/900] 31f1465f-3c34-4767-8e07-b75180214181: 32 groups; 1.5 s; peak memory 1243 MiB.
2026-10-04T02:03:41Z INFO [475/900] 31f29872-4c55-48ca-b12e-1c0b11ca01c8: 143 groups; 11.0 s; peak memory 1243 MiB.
2026-10-04T02:03:43Z INFO [476/900] 31f38b41-e4c6-4ce5-b3b7-3845549f0c5f: 35 groups; 2.0 s; peak memory 1243 MiB.
2026-10-04T02:03:47Z INFO [477/900] 31f3934e-9835-46cd-b7ad-dcfedf661ef2: 50 groups; 3.4 s; peak memory 1243 MiB.
2026-10-04T02:03:50Z INFO [478/900] 31f3aedd-0975-4c41-a61b-d38f5075b86a: 65 groups; 3.0 s; peak memory 1243 MiB.
2026-10-04T02:03:51Z INFO [479/900] 31f3d956-bee5-4578-8788-a767267b8ab8: 22 groups; 1.3 s; peak memory 1243 MiB.
2026-10-04T02:03:52Z INFO [480/900] 31f3deee-7110-450d-b626-a054b5f23abe: 22 groups; 1.2 s; peak memory 1243 MiB.
2026-10-04T02:04:05Z INFO [481/900] 31f50cf7-480b-4eb4-9ff6-efb247b17876: 231 groups; 13.0 s; peak memory 1243 MiB.
2026-10-04T02:04:07Z INFO [482/900] 31f5773b-8bdc-417e-a6d0-80c49c5917f6: 35 groups; 1.6 s; peak memory 1243 MiB.
2026-10-04T02:04:08Z INFO [483/900] 31f591b9-9234-4bec-afca-d98dd7cfef81: 35 groups; 1.5 s; peak memory 1243 MiB.
2026-10-04T02:04:11Z INFO [484/900] 31f6204e-c563-45c5-b2bf-db701b51442b: 48 groups; 3.2 s; peak memory 1243 MiB.
2026-10-04T02:04:13Z INFO [485/900] 31f638b7-61e3-4415-89e9-d8a6659dc606: 29 groups; 1.6 s; peak memory 1243 MiB.
2026-10-04T02:04:39Z INFO [486/900] 31f6536c-23cf-4596-9305-44e7d3f5a14f: 23 groups; 26.4 s; peak memory 1243 MiB.
2026-10-04T02:04:41Z INFO [487/900] 31f6dfbf-4a21-4cd8-9eee-6690b93c0598: 32 groups; 1.4 s; peak memory 1243 MiB.
2026-10-04T02:04:44Z INFO [488/900] 31f709f3-0f03-45e1-97f5-d403a06e47b6: 50 groups; 3.4 s; peak memory 1243 MiB.
2026-10-04T02:04:46Z INFO [489/900] 31f723f6-249c-4a90-91b6-2f1cdeea8275: 32 groups; 1.6 s; peak memory 1243 MiB.
2026-10-04T02:04:51Z INFO [490/900] 31f727df-42a8-4c63-8829-cbe50156aa13: 36 groups; 4.6 s; peak memory 1243 MiB.
2026-10-04T02:04:52Z INFO [491/900] 31f7333a-ca83-4cb1-a39f-366f9553e797: 71 groups; 1.5 s; peak memory 1243 MiB.
2026-10-04T02:05:02Z INFO [492/900] 31f74949-d4c4-42ba-b319-a8fe161da013: 120 groups; 9.5 s; peak memory 1243 MiB.
2026-10-04T02:05:16Z INFO [493/900] 31f7d1df-1447-4482-ab28-2fb8d31a3989: 2336 groups; 14.9 s; peak memory 1243 MiB.
2026-10-04T02:05:18Z INFO [494/900] 31f82e1b-ebc6-4823-ba61-2477981243b3: 34 groups; 2.0 s; peak memory 1243 MiB.
2026-10-04T02:05:20Z INFO [495/900] 31f9698e-d2cd-4d11-b3de-666e7d631b34: 22 groups; 1.2 s; peak memory 1243 MiB.
2026-10-04T02:05:21Z INFO [496/900] 31f97f09-5617-4914-8788-6db9f54b3227: 31 groups; 1.1 s; peak memory 1243 MiB.
2026-10-04T02:05:28Z INFO [497/900] 31f98bae-0df6-4ba4-bbdd-2e2c010ee0de: 181 groups; 7.4 s; peak memory 1243 MiB.
2026-10-04T02:05:29Z INFO [498/900] 31fa1400-50ae-4d33-be0a-95d7d90c9dd2: 22 groups; 1.3 s; peak memory 1243 MiB.
2026-10-04T02:05:31Z INFO [499/900] 31fa2f94-e99e-4a29-abc8-2320df13cca6: 32 groups; 1.4 s; peak memory 1243 MiB.
2026-10-04T02:05:32Z INFO [500/900] 31fa9b50-74d5-405a-a7c7-497bd43aaf5b: 32 groups; 1.5 s; peak memory 1243 MiB.
2026-10-04T02:05:32Z INFO [500/900] 31fa9b50-74d5-405a-a7c7-497bd43aaf5b: checkpointed 71136 records.
2026-10-04T02:05:34Z INFO [501/900] 31fc0411-4d85-48a2-b622-b271e5396b67: 32 groups; 1.7 s; peak memory 1243 MiB.
2026-10-04T02:05:35Z INFO [502/900] 31fc49e7-c6c5-4d6c-95b1-4a4a27f29f34: 22 groups; 1.3 s; peak memory 1243 MiB.
2026-10-04T02:05:37Z INFO [503/900] 31fc506f-f819-4257-b85f-ce446b0a511f: 336 groups; 1.9 s; peak memory 1243 MiB.
2026-10-04T02:05:40Z INFO [504/900] 31fc64a0-85d9-4e69-ab82-cdd3a10c7dd8: 34 groups; 2.4 s; peak memory 1243 MiB.
2026-10-04T02:05:44Z INFO [505/900] 31fc8d46-372c-4aa9-bce5-c190bb5a6891: 118 groups; 4.6 s; peak memory 1243 MiB.
2026-10-04T02:05:46Z INFO [506/900] 31fd7f97-08d9-41ba-aebe-167bfb49ab4b: 22 groups; 1.3 s; peak memory 1243 MiB.
2026-10-04T02:05:47Z INFO [507/900] 31fda4fe-0c4c-4e99-b221-6c30c1089b1d: 28 groups; 1.2 s; peak memory 1243 MiB.
2026-10-04T02:05:50Z INFO [508/900] 31fe4239-3997-4420-bb8a-37d012528a0f: 64 groups; 3.0 s; peak memory 1243 MiB.
2026-10-04T02:05:51Z INFO [509/900] 31fe5d78-4c2d-4c34-97a5-aae2d7aaa12b: 22 groups; 1.2 s; peak memory 1243 MiB.
2026-10-04T02:05:52Z INFO [510/900] 31ff4804-8898-462b-a63e-ffa352638ad2: 17 groups; 1.1 s; peak memory 1243 MiB.
2026-10-04T02:05:54Z INFO [511/900] 32002d78-29bb-4dd4-9a3b-e1de5266cfc2: 24 groups; 1.4 s; peak memory 1243 MiB.
2026-10-04T02:05:55Z INFO [512/900] 32004261-e8a6-4335-b4c5-3d0cc9ec8fe8: 32 groups; 1.4 s; peak memory 1243 MiB.
2026-10-04T02:05:57Z INFO [513/900] 32016138-e22b-4aee-9a4c-049fd0cb0fdc: 33 groups; 2.3 s; peak memory 1243 MiB.
2026-10-04T02:05:59Z INFO [514/900] 32019337-d0b8-4825-a54d-67dfb5b2d46a: 25 groups; 1.4 s; peak memory 1243 MiB.
2026-10-04T02:06:00Z INFO [515/900] 32030869-cf7f-45ab-b1a4-06275e65a7ce: 35 groups; 1.7 s; peak memory 1243 MiB.
2026-10-04T02:06:04Z INFO [516/900] 32030d26-f121-41d5-8668-9a92798c1bca: 50 groups; 3.8 s; peak memory 1243 MiB.
2026-10-04T02:06:05Z INFO [517/900] 3204f357-40ba-499c-a6c9-1f272ea60640: 22 groups; 1.3 s; peak memory 1243 MiB.
2026-10-04T02:06:07Z INFO [518/900] 3204f578-739c-48b8-b5f4-8f6bf05e2ae3: 35 groups; 1.8 s; peak memory 1243 MiB.
2026-10-04T02:06:27Z INFO [519/900] 3206e98b-81ba-4953-87ab-45e9dceec35f: 155 groups; 19.5 s; peak memory 1243 MiB.
2026-10-04T02:06:29Z INFO [520/900] 320700fd-65a3-4a83-9943-cf0a9148d3cc: 35 groups; 1.8 s; peak memory 1243 MiB.
2026-10-04T02:06:30Z INFO [521/900] 3207c1d6-ce06-4879-91c1-0d5bfe8baf0c: 19 groups; 1.5 s; peak memory 1243 MiB.
2026-10-04T02:06:31Z INFO [522/900] 3207d0ba-e48e-45c3-ace0-cc94d0eba7c8: 16 groups; 1.0 s; peak memory 1243 MiB.
2026-10-04T02:06:33Z INFO [523/900] 32083d05-cf25-4c6f-bc60-1ecb60cb66a4: 70 groups; 2.0 s; peak memory 1243 MiB.
2026-10-04T02:06:34Z INFO [524/900] 320843eb-630d-4871-8ffa-e57b37862b53: 22 groups; 1.3 s; peak memory 1243 MiB.
2026-10-04T02:06:35Z INFO [525/900] 3208707c-5c6d-4529-9ffe-51aec97d16bb: 26 groups; 1.0 s; peak memory 1243 MiB.
2026-10-04T02:06:37Z INFO [526/900] 32092dc8-089a-48f5-8cfd-252a59a4d0a5: 22 groups; 1.2 s; peak memory 1243 MiB.
2026-10-04T02:06:38Z INFO [527/900] 320973b4-5793-45db-9f14-6717357df88a: 17 groups; 1.1 s; peak memory 1243 MiB.
2026-10-04T02:06:39Z INFO [528/900] 320a3052-0c57-427c-841c-3d60711b336d: 87 groups; 1.7 s; peak memory 1243 MiB.
2026-10-04T02:06:41Z INFO [529/900] 320a55ea-e4ef-47de-8cd6-a3da43d21903: 337 groups; 2.0 s; peak memory 1243 MiB.
2026-10-04T02:06:42Z INFO [530/900] 320acb1e-c409-4bcf-973a-744819abae5d: 30 groups; 1.1 s; peak memory 1243 MiB.
2026-10-04T02:06:49Z INFO [531/900] 320acc6c-aa32-4fcb-b6a5-a5efc824e685: 59 groups; 6.1 s; peak memory 1243 MiB.
2026-10-04T02:06:50Z INFO [532/900] 320ad602-bf44-45cb-9d76-1337598873fd: 26 groups; 1.3 s; peak memory 1243 MiB.
2026-10-04T02:07:13Z INFO [533/900] 320bf5e2-d873-449b-afde-563f9ba8f902: 285 groups; 22.9 s; peak memory 1243 MiB.
2026-10-04T02:07:15Z INFO [534/900] 320c2c3d-055c-4d11-9fef-c5244a9d5674: 199 groups; 2.0 s; peak memory 1243 MiB.
2026-10-04T02:07:25Z INFO [535/900] 320c6a7f-9bd9-4a2a-858f-5e0df97d6ea3: 258 groups; 10.4 s; peak memory 1243 MiB.
2026-10-04T02:07:26Z INFO [536/900] 320dbe91-032f-4cb3-9f29-6b45f3b15795: 22 groups; 1.3 s; peak memory 1243 MiB.
2026-10-04T02:07:28Z INFO [537/900] 320e3576-5a75-46f4-9683-532be2185e7d: 22 groups; 1.4 s; peak memory 1243 MiB.
2026-10-04T02:07:29Z INFO [538/900] 320e5c54-8016-44f7-a058-4db4040e253c: 28 groups; 1.3 s; peak memory 1243 MiB.
2026-10-04T02:07:31Z INFO [539/900] 320f5d6b-6957-4605-a1b3-023cbfe978d7: 32 groups; 1.7 s; peak memory 1243 MiB.
2026-10-04T02:07:32Z INFO [540/900] 3210c40c-8e52-4307-8e8c-f82b7eb9d101: 202 groups; 1.7 s; peak memory 1243 MiB.
2026-10-04T02:07:34Z INFO [541/900] 3210ed68-fa39-45dc-8dfa-e00b2a7c2d0c: 22 groups; 1.3 s; peak memory 1243 MiB.
2026-10-04T02:07:35Z INFO [542/900] 321119b6-5459-49e0-aec1-3d58dd68b154: 22 groups; 1.3 s; peak memory 1243 MiB.
2026-10-04T02:07:36Z INFO [543/900] 32113f6a-50d3-42d6-9d01-521822a1e08f: 22 groups; 1.2 s; peak memory 1243 MiB.
2026-10-04T02:07:38Z INFO [544/900] 32116d38-0305-4e75-92dd-135653808bb4: 103 groups; 1.6 s; peak memory 1243 MiB.
2026-10-04T02:07:40Z INFO [545/900] 3211e3bd-face-41ec-a338-db7cee20468c: 32 groups; 1.7 s; peak memory 1243 MiB.
2026-10-04T02:07:47Z INFO [546/900] 32129822-c144-496a-ac50-e117d43ccacc: 140 groups; 7.5 s; peak memory 1243 MiB.
2026-10-04T02:07:48Z INFO [547/900] 3212a18d-83e4-4802-949a-cf5c1c564356: 22 groups; 1.3 s; peak memory 1243 MiB.
2026-10-04T02:07:50Z INFO [548/900] 3213413b-eb1a-474b-ae89-546517786692: 22 groups; 1.4 s; peak memory 1243 MiB.
2026-10-04T02:07:51Z INFO [549/900] 32136a79-13d9-459a-96be-4cc3cb4531ca: 21 groups; 1.4 s; peak memory 1243 MiB.
2026-10-04T02:07:52Z INFO [550/900] 32137fe2-71c0-439e-9724-8bbf639280ae: 22 groups; 1.4 s; peak memory 1243 MiB.
2026-10-04T02:07:53Z INFO [550/900] 32137fe2-71c0-439e-9724-8bbf639280ae: checkpointed 71186 records.
2026-10-04T02:08:00Z INFO [551/900] 3213b587-6902-4994-bac8-a8a9a4916924: 181 groups; 7.5 s; peak memory 1243 MiB.
2026-10-04T02:08:01Z INFO [552/900] 3214224d-1093-4111-b7fb-7045c170b357: 16 groups; 1.1 s; peak memory 1243 MiB.
2026-10-04T02:08:02Z INFO [553/900] 321433d2-1569-4db3-a391-d03157d89cfd: 22 groups; 1.3 s; peak memory 1243 MiB.
2026-10-04T02:08:12Z INFO [554/900] 3214e8d2-dfeb-4b8e-81cd-ecbd226d6dc4: 120 groups; 9.9 s; peak memory 1243 MiB.
2026-10-04T02:08:14Z INFO [555/900] 32152e47-a912-4aa6-9062-6938b766cdfc: 35 groups; 1.8 s; peak memory 1243 MiB.
2026-10-04T02:08:15Z INFO [556/900] 32155382-83fc-4dee-98f6-f433c54e46c4: 22 groups; 1.3 s; peak memory 1243 MiB.
2026-10-04T02:08:16Z INFO [557/900] 32156b4b-8c27-468b-961d-e177dd3711e6: 16 groups; 1.0 s; peak memory 1243 MiB.
2026-10-04T02:08:18Z INFO [558/900] 321589ad-1e94-4faa-a63d-4d0c9a31f1e7: 22 groups; 1.3 s; peak memory 1243 MiB.
2026-10-04T02:08:29Z INFO [559/900] 3215fb15-2930-4be1-a7f6-3775c17d0853: 174 groups; 11.8 s; peak memory 1243 MiB.
2026-10-04T02:08:31Z INFO [560/900] 3216024d-9dce-4b9e-9210-63dbd9fa8e45: 36 groups; 1.8 s; peak memory 1243 MiB.
2026-10-04T02:08:33Z INFO [561/900] 32165ac7-366f-46ce-acef-6b7f1479fc5c: 32 groups; 1.5 s; peak memory 1243 MiB.
2026-10-04T02:08:35Z INFO [562/900] 321670f0-be4e-43f6-98d8-6515a7e8bb1d: 35 groups; 1.9 s; peak memory 1243 MiB.
2026-10-04T02:08:36Z INFO [563/900] 3219664d-e41e-491c-a9c7-162dfdff40d7: 20 groups; 1.7 s; peak memory 1243 MiB.
2026-10-04T02:08:38Z INFO [564/900] 32197691-72c3-421c-ad5f-4a6fd6bc6a56: 32 groups; 1.5 s; peak memory 1243 MiB.
2026-10-04T02:08:39Z INFO [565/900] 3219ed05-4f1b-4f9f-89d1-6db277535fe1: 22 groups; 1.5 s; peak memory 1243 MiB.
2026-10-04T02:08:41Z INFO [566/900] 321abbf9-8a55-448a-8a88-3c7b4a9c9c9e: 32 groups; 1.6 s; peak memory 1243 MiB.
2026-10-04T02:08:42Z INFO [567/900] 321b02b5-6fa9-4932-a086-57ecb96b638f: 30 groups; 1.0 s; peak memory 1243 MiB.
2026-10-04T02:08:43Z INFO [568/900] 321b429a-9e13-4124-b6e3-7194c1abb98b: 22 groups; 1.3 s; peak memory 1243 MiB.
2026-10-04T02:08:45Z INFO [569/900] 321c2361-f17a-4a28-91dc-7ac5389ffd4f: 35 groups; 1.8 s; peak memory 1243 MiB.
2026-10-04T02:08:46Z INFO [570/900] 321c7cc5-3d9e-4346-95bf-a29ae62a5d31: 20 groups; 1.1 s; peak memory 1243 MiB.
2026-10-04T02:13:55Z INFO [571/900] 321cd81d-e497-4209-b8c5-ce9cbd637775: 75 groups; 309.1 s; peak memory 1243 MiB.
2026-10-04T02:13:56Z INFO [572/900] 321dd235-b3cb-4baf-aa9a-c1ae922fe2ac: 22 groups; 1.2 s; peak memory 1243 MiB.
2026-10-04T02:14:02Z INFO [573/900] 321f3fa7-1f31-4452-827e-738633e2bcf3: 131 groups; 6.0 s; peak memory 1243 MiB.
2026-10-04T02:15:03Z INFO [574/900] 32201563-f307-46e0-9bce-99f7907bd0ae: 26 groups; 60.7 s; peak memory 1243 MiB.
2026-10-04T02:15:19Z INFO [575/900] 322035b3-1fb4-4df8-a9c1-e26173b39fbb: 271 groups; 16.1 s; peak memory 1243 MiB.
2026-10-04T02:15:21Z INFO [576/900] 32208d25-072c-45d3-ae23-65565cecf6fe: 32 groups; 1.5 s; peak memory 1243 MiB.
2026-10-04T02:15:24Z INFO [577/900] 3221199b-8b50-4424-9f9f-1b81361e6e43: 17 groups; 2.8 s; peak memory 1243 MiB.
2026-10-04T02:15:25Z INFO [578/900] 32225458-ba47-46fb-bab5-fc0fd58c2ce1: 22 groups; 1.3 s; peak memory 1243 MiB.
2026-10-04T02:16:28Z INFO [579/900] 3222b37e-ae65-4e86-88d0-908cb26f451d: 2096 groups; 63.3 s; peak memory 1243 MiB.
2026-10-04T02:16:29Z INFO [580/900] 3222c242-9f08-47a9-9a09-9d4d6ee17f2c: 22 groups; 1.0 s; peak memory 1243 MiB.
2026-10-04T02:16:30Z INFO [581/900] 32230c45-34ca-4b57-bc80-9648d1971d4e: 18 groups; 1.0 s; peak memory 1243 MiB.
2026-10-04T02:16:31Z INFO [582/900] 3223321c-2848-4748-9117-9c0809458c7c: 22 groups; 1.2 s; peak memory 1243 MiB.
2026-10-04T02:16:33Z INFO [583/900] 3224561b-143f-46e0-a083-67ec0dd37569: 25 groups; 1.3 s; peak memory 1243 MiB.
2026-10-04T02:16:34Z INFO [584/900] 32248eb8-b86a-4cca-9b31-7b59f85da2c4: 32 groups; 1.6 s; peak memory 1243 MiB.
2026-10-04T02:16:36Z INFO [585/900] 3224c7ea-0a9b-4cc4-84e3-320b38db7d99: 32 groups; 1.4 s; peak memory 1243 MiB.
2026-10-04T02:16:37Z INFO [586/900] 3224e940-3e3a-4567-97a8-e4896787fde8: 16 groups; 1.0 s; peak memory 1243 MiB.
2026-10-04T02:16:38Z INFO [587/900] 322535b4-a486-45f6-a6a8-6165f0019dbf: 35 groups; 1.6 s; peak memory 1243 MiB.
2026-10-04T02:16:42Z INFO [588/900] 32274615-70c2-4384-ba26-1bb8b26c9709: 50 groups; 3.5 s; peak memory 1243 MiB.
2026-10-04T02:16:43Z INFO [589/900] 3227e51d-56cf-4011-ad5f-841db3cc927b: 22 groups; 1.3 s; peak memory 1243 MiB.
2026-10-04T02:16:45Z INFO [590/900] 3228279d-2f29-498f-bdd2-b5bc06825f77: 36 groups; 1.6 s; peak memory 1243 MiB.
2026-10-04T02:16:46Z INFO [591/900] 32284045-e003-40d1-bda0-eb0b6f94b6d0: 32 groups; 1.4 s; peak memory 1243 MiB.
2026-10-04T02:16:48Z INFO [592/900] 32292339-a902-4b61-bc0f-339f689c7275: 32 groups; 1.4 s; peak memory 1243 MiB.
2026-10-04T02:16:49Z INFO [593/900] 32292b5d-1c65-4ecb-8e0f-f5934d289bf9: 22 groups; 1.3 s; peak memory 1243 MiB.
2026-10-04T02:16:50Z INFO [594/900] 32296c29-c76b-4a4a-bd56-c928cdbba974: 24 groups; 1.2 s; peak memory 1243 MiB.
2026-10-04T02:16:57Z INFO [595/900] 3229c659-688d-41f0-9912-954a581e7272: 118 groups; 7.1 s; peak memory 1243 MiB.
2026-10-04T02:16:59Z INFO [596/900] 322a6378-8d02-4170-8259-345acd8d2aea: 30 groups; 1.5 s; peak memory 1243 MiB.
2026-10-04T02:17:00Z INFO [597/900] 322aa099-4a6c-48ef-8987-6e6dd27b1b56: 22 groups; 1.2 s; peak memory 1243 MiB.
2026-10-04T02:17:08Z INFO [598/900] 322ad4c1-324f-4933-9e4d-82aa1f2be0dd: 30 groups; 8.8 s; peak memory 1243 MiB.
2026-10-04T02:17:10Z INFO [599/900] 322b05f5-bfe0-4f97-8e46-c712745d0b55: 22 groups; 1.3 s; peak memory 1243 MiB.
2026-10-04T02:17:11Z INFO [600/900] 322b2740-b371-45e9-88d9-3958d6d08fd3: 32 groups; 1.5 s; peak memory 1243 MiB.
2026-10-04T02:17:11Z INFO [600/900] 322b2740-b371-45e9-88d9-3958d6d08fd3: checkpointed 71236 records.
2026-10-04T02:17:12Z INFO [601/900] 322b3a2b-c860-4fa7-bcdc-64213f48b4cb: 16 groups; 0.9 s; peak memory 1243 MiB.
2026-10-04T02:17:14Z INFO [602/900] 322b6972-58db-4045-96e3-37fbc92244c1: 32 groups; 1.5 s; peak memory 1243 MiB.
2026-10-04T02:17:15Z INFO [603/900] 322ba13f-c4d9-4b7d-ad76-12b9e11396e7: 26 groups; 1.0 s; peak memory 1243 MiB.
2026-10-04T02:19:47Z INFO [604/900] 322ca0f3-3fb5-4b09-97b7-2b37cf1de8e1: 81 groups; 151.9 s; peak memory 1243 MiB.
2026-10-04T02:19:53Z INFO [605/900] 322ca5d6-2dfc-4dea-94d3-275afaebc470: 78 groups; 6.1 s; peak memory 1243 MiB.
2026-10-04T02:19:55Z INFO [606/900] 322cfbce-fe38-4eec-93f7-e2548cf57fc2: 24 groups; 1.9 s; peak memory 1243 MiB.
2026-10-04T02:19:56Z INFO [607/900] 322db448-8a46-4816-880b-4c43132baf3c: 25 groups; 1.0 s; peak memory 1243 MiB.
2026-10-04T02:19:59Z INFO [608/900] 322e03a2-1460-4068-880b-0ef21fba6f18: 47 groups; 3.5 s; peak memory 1243 MiB.
2026-10-04T02:20:01Z INFO [609/900] 322ebc7b-232d-4423-98b5-b881c3497ddb: 32 groups; 1.9 s; peak memory 1243 MiB.
2026-10-04T02:20:03Z INFO [610/900] 322f4898-3687-48c2-a4e9-a9c366540cad: 32 groups; 1.6 s; peak memory 1243 MiB.
2026-10-04T02:20:04Z INFO [611/900] 322f60c0-0b9c-41b8-a7db-eba2d5ed3c2d: 25 groups; 1.5 s; peak memory 1243 MiB.
2026-10-04T02:20:06Z INFO [612/900] 3231e121-ba9b-4dd4-82a2-511401c7e2c4: 207 groups; 2.3 s; peak memory 1243 MiB.
2026-10-04T02:20:08Z INFO [613/900] 3231f2a1-bf3a-49f6-8f09-97cf66371eab: 32 groups; 1.4 s; peak memory 1243 MiB.
2026-10-04T02:20:10Z INFO [614/900] 3232226e-08ea-4dc4-88be-ce3e1abe3c2c: 32 groups; 1.7 s; peak memory 1243 MiB.
2026-10-04T02:20:39Z INFO [615/900] 32331649-8eaa-44f1-8044-de84e87f977f: 23 groups; 29.4 s; peak memory 1243 MiB.
2026-10-04T02:20:40Z INFO [616/900] 3234859e-afe8-4e2b-b10c-12acfde90f83: 32 groups; 1.4 s; peak memory 1243 MiB.
2026-10-04T02:23:09Z INFO [617/900] 3236604e-0d56-4f3c-abcf-353530d0a22c: 65 groups; 149.1 s; peak memory 1243 MiB.
2026-10-04T02:23:11Z INFO [618/900] 3236af0b-5e0f-462e-97ae-61c7dffb6287: 29 groups; 1.5 s; peak memory 1243 MiB.
2026-10-04T02:23:12Z INFO [619/900] 3236ef94-1022-40a0-9a8c-dc1f30593dc2: 22 groups; 1.2 s; peak memory 1243 MiB.
2026-10-04T02:23:14Z INFO [620/900] 3237422a-80cc-4bd8-a1e4-0af2414edf2c: 35 groups; 1.9 s; peak memory 1243 MiB.
2026-10-04T02:25:33Z INFO [621/900] 32374b91-f8ed-4790-acbf-dac2802d06ac: 71 groups; 139.3 s; peak memory 1243 MiB.
2026-10-04T02:25:59Z INFO [622/900] 32386c69-5209-480f-a102-d50683ba4a30: 3080 groups; 25.9 s; peak memory 1243 MiB.
2026-10-04T02:26:01Z INFO [623/900] 3239a6ac-da86-4269-afec-56d7de4b41dd: 33 groups; 1.3 s; peak memory 1243 MiB.
2026-10-04T02:26:02Z INFO [624/900] 3239bdde-62f9-4c2d-9ace-54aea1305641: 32 groups; 1.4 s; peak memory 1243 MiB.
2026-10-04T02:26:04Z INFO [625/900] 3239c1ca-1d65-4487-a994-cec156a0adb0: 32 groups; 1.6 s; peak memory 1243 MiB.
2026-10-04T02:26:05Z INFO [626/900] 3239c32c-31d8-4916-b10c-dd53c0c9c41f: 22 groups; 1.3 s; peak memory 1243 MiB.
2026-10-04T02:26:06Z INFO [627/900] 323a0a23-0e32-4889-b832-3064bf97a683: 22 groups; 1.2 s; peak memory 1243 MiB.
2026-10-04T02:26:07Z INFO [628/900] 323a8406-41f0-4079-8035-0e57179877d1: 16 groups; 1.0 s; peak memory 1243 MiB.
2026-10-04T02:26:08Z INFO [629/900] 323a8e6e-1ffc-4f63-bf1c-2af8ddfd64de: 16 groups; 1.0 s; peak memory 1243 MiB.
2026-10-04T02:26:11Z INFO [630/900] 323aaa40-9e49-4977-92c9-950a08d39662: 43 groups; 2.5 s; peak memory 1243 MiB.
2026-10-04T02:26:12Z INFO [631/900] 323ab7bb-af9f-4a4d-bc05-507e661f794d: 35 groups; 1.4 s; peak memory 1243 MiB.
2026-10-04T02:26:14Z INFO [632/900] 323b0750-803c-46c6-804b-611ed39ffd01: 43 groups; 1.9 s; peak memory 1243 MiB.
2026-10-04T02:26:15Z INFO [633/900] 323bf6d5-e1c1-40c0-bc80-260e37b5f45c: 22 groups; 1.3 s; peak memory 1243 MiB.
2026-10-04T02:26:17Z INFO [634/900] 323c1234-1f4b-4483-9e3a-e3c5c725fd68: 22 groups; 1.3 s; peak memory 1243 MiB.
2026-10-04T02:26:18Z INFO [635/900] 323c318f-0a6a-40d3-92d1-ee44ddc033d1: 22 groups; 1.2 s; peak memory 1243 MiB.
2026-10-04T02:26:19Z INFO [636/900] 323d2689-18a4-414f-aa0b-397407c20e06: 16 groups; 0.9 s; peak memory 1243 MiB.
2026-10-04T02:26:21Z INFO [637/900] 323e14ea-fe82-48ad-b86f-e7fb863a65bf: 207 groups; 2.6 s; peak memory 1243 MiB.
2026-10-04T02:26:23Z INFO [638/900] 323ec5d0-4e26-44da-9e46-8eb2e922e228: 28 groups; 1.5 s; peak memory 1243 MiB.
2026-10-04T02:26:25Z INFO [639/900] 323f41b5-005e-42ee-904b-2c0c0c0b34f9: 194 groups; 1.7 s; peak memory 1243 MiB.
2026-10-04T02:26:27Z INFO [640/900] 323f990c-6907-413b-a5cf-e06c01cb15d9: 48 groups; 2.7 s; peak memory 1243 MiB.
2026-10-04T02:26:28Z INFO [641/900] 323fdcd5-f98b-43d2-85aa-f3d06686bc5c: 22 groups; 1.2 s; peak memory 1243 MiB.
2026-10-04T02:26:31Z INFO [642/900] 323fedef-3c40-4c32-aab0-ef2e69c94b17: 35 groups; 2.1 s; peak memory 1243 MiB.
2026-10-04T02:26:32Z INFO [643/900] 32405cf6-4088-486d-be96-6631d83b0dc3: 33 groups; 1.9 s; peak memory 1243 MiB.
2026-10-04T02:26:35Z INFO [644/900] 32406f5f-f40d-4bc6-a4b3-87374473cd44: 48 groups; 3.0 s; peak memory 1243 MiB.
2026-10-04T02:26:36Z INFO [645/900] 3240a4c8-2d34-44a1-95e6-23b2c679797f: 22 groups; 1.0 s; peak memory 1243 MiB.
2026-10-04T02:26:40Z INFO [646/900] 3240b99a-417b-4832-b9d3-c61891af9b17: 60 groups; 3.4 s; peak memory 1243 MiB.
2026-10-04T02:26:44Z INFO [647/900] 32420f92-7da0-4e1f-8aea-5939173e060d: 749 groups; 4.4 s; peak memory 1243 MiB.
2026-10-04T02:26:46Z INFO [648/900] 3242bf92-ccf6-4cb8-b489-e98e8607239e: 32 groups; 1.4 s; peak memory 1243 MiB.
2026-10-04T02:26:47Z INFO [649/900] 32433b72-2af9-4930-9cd9-273318446fdd: 195 groups; 1.6 s; peak memory 1243 MiB.
2026-10-04T02:26:49Z INFO [650/900] 324369c8-1346-42d6-b698-e2ade141ec06: 33 groups; 2.0 s; peak memory 1243 MiB.
2026-10-04T02:26:49Z INFO [650/900] 324369c8-1346-42d6-b698-e2ade141ec06: checkpointed 71286 records.
2026-10-04T02:26:52Z INFO [651/900] 3243faae-fc9b-4141-a2a0-3934038b33c1: 31 groups; 2.3 s; peak memory 1243 MiB.
2026-10-04T02:26:58Z INFO [652/900] 32449f1d-33c1-4558-a2ee-f93a658d952a: 39 groups; 6.3 s; peak memory 1243 MiB.
2026-10-04T02:27:11Z INFO [653/900] 3245f1c4-fd99-446a-b5a1-d4a6c87f1e1f: 280 groups; 13.3 s; peak memory 1243 MiB.
2026-10-04T02:27:13Z INFO [654/900] 32465ab1-278b-4396-b15a-8b7e896eb2cd: 36 groups; 1.7 s; peak memory 1243 MiB.
2026-10-04T02:27:14Z INFO [655/900] 3246cc9c-8a54-47e5-b72b-8d4b3ebeb6d1: 16 groups; 0.9 s; peak memory 1243 MiB.
2026-10-04T02:27:15Z INFO [656/900] 32471630-a243-4aeb-ac87-b687ad2e97cb: 18 groups; 1.2 s; peak memory 1243 MiB.
2026-10-04T02:27:17Z INFO [657/900] 324727aa-041c-42db-a5ee-b737a30d6db4: 42 groups; 1.7 s; peak memory 1243 MiB.
2026-10-04T02:27:19Z INFO [658/900] 324780e6-99e0-42cc-b05e-36a7b3b2b609: 17 groups; 2.5 s; peak memory 1243 MiB.
2026-10-04T02:27:31Z INFO [659/900] 3247f916-484d-4411-9107-0261a99307ca: 216 groups; 11.3 s; peak memory 1243 MiB.
2026-10-04T02:27:32Z INFO [660/900] 3248bcb6-3459-4d5b-99d8-2429515119f5: 22 groups; 1.2 s; peak memory 1243 MiB.
2026-10-04T02:27:44Z INFO [661/900] 324ad618-09e6-48d3-9c35-0f4e98605dd6: 279 groups; 12.3 s; peak memory 1243 MiB.
2026-10-04T02:27:45Z INFO [662/900] 324afc9f-5385-4044-aa9c-cd405f03349b: 31 groups; 1.3 s; peak memory 1243 MiB.
2026-10-04T02:27:47Z INFO [663/900] 324c7bb6-547a-4898-84f3-b24433d3c916: 194 groups; 1.6 s; peak memory 1243 MiB.
2026-10-04T02:27:48Z INFO [664/900] 324c95c5-9e4d-45cb-9a5a-ad2eed33ef13: 16 groups; 0.9 s; peak memory 1243 MiB.
2026-10-04T02:27:55Z INFO [665/900] 324cb6c8-8cba-4ec3-9df5-bd8143039a11: 181 groups; 7.1 s; peak memory 1243 MiB.
2026-10-04T02:27:58Z INFO [666/900] 324ccb4d-b81e-4dbb-a29d-ef474eef0d50: 573 groups; 2.5 s; peak memory 1243 MiB.
2026-10-04T02:41:02Z INFO [667/900] 324d793f-fa45-49c1-a624-18662611391f: 42 groups; 784.1 s; peak memory 1243 MiB.
2026-10-04T02:41:07Z INFO [668/900] 324fda55-123a-4ddc-8dac-ee9dffd3cbdb: 128 groups; 5.0 s; peak memory 1243 MiB.
2026-10-04T02:41:09Z INFO [669/900] 32507165-43f0-4f69-af48-9be4c9f45900: 61 groups; 2.1 s; peak memory 1243 MiB.
2026-10-04T02:41:10Z INFO [670/900] 3250e664-7c64-4a2c-aabb-b0be773fe213: 17 groups; 1.0 s; peak memory 1243 MiB.
2026-10-04T02:41:11Z INFO [671/900] 32518e59-0253-4c0e-9f2f-ec3222f81677: 32 groups; 1.6 s; peak memory 1243 MiB.
2026-10-04T02:41:13Z INFO [672/900] 325208c5-d7a4-4180-8f52-b3be3be1db7a: 32 groups; 1.6 s; peak memory 1243 MiB.
2026-10-04T02:41:14Z INFO [673/900] 3253d6ab-b06a-4bf3-8540-0db7319daeaa: 16 groups; 1.2 s; peak memory 1243 MiB.
2026-10-04T02:41:17Z INFO [674/900] 32551331-e892-4028-96c5-03bd4f985394: 195 groups; 2.6 s; peak memory 1243 MiB.
2026-10-04T02:41:18Z INFO [675/900] 3255404a-236c-4d10-8d03-4b6b683b5d60: 22 groups; 1.2 s; peak memory 1243 MiB.
2026-10-04T02:41:19Z INFO [676/900] 32559304-aa34-42e0-b1a5-2c86996f21b5: 28 groups; 1.1 s; peak memory 1243 MiB.
2026-10-04T02:41:20Z INFO [677/900] 3255b918-4c01-40d9-933e-aef02638e9da: 35 groups; 1.5 s; peak memory 1243 MiB.
2026-10-04T02:43:41Z INFO [678/900] 3256be37-b93d-4d95-8538-87ad47c21948: 62 groups; 140.9 s; peak memory 1243 MiB.
2026-10-04T02:43:43Z INFO [679/900] 32570b30-e54c-428d-9426-cdae9dd810a3: 35 groups; 1.7 s; peak memory 1243 MiB.
2026-10-04T02:43:44Z INFO [680/900] 32570d9a-02ff-4bfd-88e2-62e59204fd78: 28 groups; 1.2 s; peak memory 1243 MiB.
2026-10-04T02:43:46Z INFO [681/900] 3258265e-e722-4df2-a3d6-29c7d770d09b: 48 groups; 2.4 s; peak memory 1243 MiB.
2026-10-04T02:43:50Z INFO [682/900] 32583274-5178-4c0d-9bf6-e7a92731d4dc: 22 groups; 3.6 s; peak memory 1243 MiB.
2026-10-04T02:46:02Z INFO [683/900] 32586096-9d1d-4182-bf9a-75d12c7cc83b: 68 groups; 131.7 s; peak memory 1243 MiB.
2026-10-04T02:46:03Z INFO [684/900] 3258b6b5-43db-492b-9136-611292c08f74: 22 groups; 1.2 s; peak memory 1243 MiB.
2026-10-04T02:46:05Z INFO [685/900] 325ad851-e761-4586-a146-b78dd0a7e73d: 21 groups; 1.6 s; peak memory 1243 MiB.
2026-10-04T02:46:06Z INFO [686/900] 325c4bad-fdb3-4e15-8f33-88f674e5e949: 22 groups; 1.3 s; peak memory 1243 MiB.
2026-10-04T02:46:07Z INFO [687/900] 325ca90a-18d6-4540-8c5b-587b4ae59ab6: 22 groups; 1.4 s; peak memory 1243 MiB.
2026-10-04T02:46:09Z INFO [688/900] 325d239a-a0ea-4574-932b-4f51ca292f16: 32 groups; 1.6 s; peak memory 1243 MiB.
2026-10-04T02:46:19Z INFO [689/900] 325d7b9b-2926-4fae-8855-47027e012532: 123 groups; 10.1 s; peak memory 1243 MiB.
2026-10-04T02:46:48Z INFO [690/900] 325f9b0b-7840-4ffc-98f9-33332e9cc1ce: 1656 groups; 29.4 s; peak memory 1243 MiB.
2026-10-04T02:46:49Z INFO [691/900] 325fd2ee-60af-4a8f-b35b-e6e7fc425e89: 30 groups; 1.1 s; peak memory 1243 MiB.
2026-10-04T02:46:56Z INFO [692/900] 32603f60-5ddf-47fb-bc33-96d8d2e638dc: 62 groups; 6.6 s; peak memory 1243 MiB.
2026-10-04T02:46:57Z INFO [693/900] 32604b75-b2e9-4cd7-ba29-e872074a43e4: 32 groups; 1.5 s; peak memory 1243 MiB.
2026-10-04T02:46:58Z INFO [694/900] 32614527-fb42-45d6-82ba-abe9e28ec6e9: 18 groups; 1.0 s; peak memory 1243 MiB.
2026-10-04T02:47:00Z INFO [695/900] 326173d0-e6ab-4645-b7f5-e33d5bfa768f: 22 groups; 1.1 s; peak memory 1243 MiB.
2026-10-04T02:47:01Z INFO [696/900] 3261c57f-9e50-467d-a479-9ab920d12b3f: 35 groups; 1.9 s; peak memory 1243 MiB.
2026-10-04T02:47:03Z INFO [697/900] 3261c8c6-eb0d-4783-8ddd-046a6c956125: 195 groups; 1.6 s; peak memory 1243 MiB.
2026-10-04T02:47:04Z INFO [698/900] 3261cca8-093f-40f7-af3a-a9345195ceb1: 24 groups; 1.4 s; peak memory 1243 MiB.
2026-10-04T02:47:06Z INFO [699/900] 3261d5cc-dee6-45b6-8672-94c596687a75: 22 groups; 1.2 s; peak memory 1243 MiB.
2026-10-04T02:47:08Z INFO [700/900] 32627eed-e137-466b-afb1-4f95d711690b: 35 groups; 2.4 s; peak memory 1243 MiB.
2026-10-04T02:47:08Z INFO [700/900] 32627eed-e137-466b-afb1-4f95d711690b: checkpointed 71336 records.
2026-10-04T02:47:20Z INFO [701/900] 32636327-a94b-4048-b453-4e3231033532: 192 groups; 12.0 s; peak memory 1243 MiB.
2026-10-04T02:47:22Z INFO [702/900] 3264aabd-aa80-4d67-a20e-107a86bb0651: 35 groups; 1.6 s; peak memory 1243 MiB.
2026-10-04T02:47:23Z INFO [703/900] 326509e0-3027-4120-9d3a-cf58c450750f: 22 groups; 1.2 s; peak memory 1243 MiB.
2026-10-04T02:47:27Z INFO [704/900] 32652fb3-019c-451a-9cc9-49e335ca544b: 33 groups; 4.0 s; peak memory 1243 MiB.
2026-10-04T02:47:30Z INFO [705/900] 326535c2-2c07-4a06-a7a4-6b6a4a332ea3: 50 groups; 3.4 s; peak memory 1243 MiB.
2026-10-04T02:47:32Z INFO [706/900] 32655372-7518-4cb6-b7b0-474d066b940e: 32 groups; 1.5 s; peak memory 1243 MiB.
2026-10-04T02:47:33Z INFO [707/900] 3265e6e8-235b-43f6-804e-88e1f6e6ecbc: 32 groups; 1.6 s; peak memory 1243 MiB.
2026-10-04T02:47:49Z INFO [708/900] 32670776-ed33-4872-bffb-baba56570471: 17 groups; 15.9 s; peak memory 1243 MiB.
2026-10-04T02:47:50Z INFO [709/900] 3267a2f4-b321-4367-8705-8c3a1f3811fa: 22 groups; 1.2 s; peak memory 1243 MiB.
2026-10-04T02:47:52Z INFO [710/900] 3267a339-1ab3-4051-ab0a-a2028cb4a675: 253 groups; 1.5 s; peak memory 1243 MiB.
2026-10-04T02:47:54Z INFO [711/900] 3267c228-8000-4636-9daa-4583f0dc8f61: 35 groups; 2.0 s; peak memory 1243 MiB.
2026-10-04T02:47:55Z INFO [712/900] 32682ccd-c0f6-4c2f-8249-60be59504833: 22 groups; 1.4 s; peak memory 1243 MiB.
2026-10-04T02:47:57Z INFO [713/900] 32682fbb-c457-4f33-9ffc-52c36e36bfe7: 31 groups; 2.0 s; peak memory 1243 MiB.
2026-10-04T02:48:00Z INFO [714/900] 32685c5c-8f19-4137-bdff-c0aa987b6c34: 202 groups; 2.7 s; peak memory 1243 MiB.
2026-10-04T02:48:02Z INFO [715/900] 326880b5-37a7-448a-8e66-e11a972d84d7: 36 groups; 1.6 s; peak memory 1243 MiB.
2026-10-04T02:48:20Z INFO [716/900] 3268b35d-8244-4a84-ba53-f9b391c56426: 180 groups; 17.9 s; peak memory 1243 MiB.
2026-10-04T02:48:21Z INFO [717/900] 32691164-8595-4854-8a2f-c6113f6fce7f: 49 groups; 1.8 s; peak memory 1243 MiB.
2026-10-04T02:48:23Z INFO [718/900] 32699bea-9ba0-4243-b231-79b63aba6530: 32 groups; 1.5 s; peak memory 1243 MiB.
2026-10-04T02:48:24Z INFO [719/900] 3269f61f-24cc-4054-a45d-c89973c45d4c: 22 groups; 1.1 s; peak memory 1243 MiB.
2026-10-04T02:48:29Z INFO [720/900] 326a233f-040d-41bf-8cf5-034cfaecfb86: 111 groups; 4.9 s; peak memory 1243 MiB.
2026-10-04T02:48:30Z INFO [721/900] 326a7034-beeb-4578-9f9d-702ac43b5641: 16 groups; 1.0 s; peak memory 1243 MiB.
2026-10-04T02:48:46Z INFO [722/900] 326b0ad3-d07b-47c2-b7c2-ea587d2a4389: 155 groups; 16.5 s; peak memory 1243 MiB.
2026-10-04T02:48:48Z INFO [723/900] 326b9ab0-4262-4b3c-b711-517e515f3749: 201 groups; 1.7 s; peak memory 1243 MiB.
2026-10-04T02:48:50Z INFO [724/900] 326c2691-117e-41dc-8de1-0d10ea9390cb: 37 groups; 1.6 s; peak memory 1243 MiB.
2026-10-04T02:49:30Z INFO [725/900] 326c6c49-e23a-4640-9ac9-f4ab184a1aac: 3389 groups; 40.7 s; peak memory 1243 MiB.
2026-10-04T02:49:36Z INFO [726/900] 326ecfda-2f75-4f83-ada6-a86f274fedb9: 78 groups; 5.3 s; peak memory 1243 MiB.
2026-10-04T02:49:37Z INFO [727/900] 326f0375-6810-4a7d-9dd3-c463cf81a2d5: 32 groups; 1.4 s; peak memory 1243 MiB.
2026-10-04T02:49:39Z INFO [728/900] 326f8d4d-ec39-4602-964f-96a2f52cfcf5: 35 groups; 1.4 s; peak memory 1243 MiB.
2026-10-04T02:49:41Z INFO [729/900] 326fceb7-0c7a-4096-9dd9-ca9508cb19b0: 43 groups; 2.8 s; peak memory 1243 MiB.
2026-10-04T02:49:44Z INFO [730/900] 3270c720-aa61-4787-8664-387f127baa7a: 48 groups; 2.8 s; peak memory 1243 MiB.
2026-10-04T02:49:46Z INFO [731/900] 3270f49a-654c-428a-99c1-c49f8bc13850: 32 groups; 1.5 s; peak memory 1243 MiB.
2026-10-04T02:49:47Z INFO [732/900] 3273d9d9-0b64-4d31-9bf1-b0891c9fd88e: 35 groups; 1.8 s; peak memory 1243 MiB.
2026-10-04T02:49:49Z INFO [733/900] 3274064e-b667-486a-b099-0e30ebc47b0f: 32 groups; 1.5 s; peak memory 1243 MiB.
2026-10-04T02:49:50Z INFO [734/900] 32740ed1-7cf0-43af-94ab-2a07bd4f5832: 25 groups; 1.0 s; peak memory 1243 MiB.
2026-10-04T02:49:57Z INFO [735/900] 327614c7-f013-428e-bb5b-ea92c60e2ca1: 105 groups; 6.8 s; peak memory 1243 MiB.
2026-10-04T02:49:58Z INFO [736/900] 3276b317-c195-42c8-8b59-e08628943a88: 29 groups; 1.6 s; peak memory 1243 MiB.
2026-10-04T02:50:05Z INFO [737/900] 3276e0cf-7028-429c-ab20-8965d1ace66f: 181 groups; 6.9 s; peak memory 1243 MiB.
2026-10-04T02:50:11Z INFO [738/900] 32774288-3474-4be5-bd73-4b6411ae27a1: 41 groups; 5.4 s; peak memory 1243 MiB.
2026-10-04T02:50:14Z INFO [739/900] 3278fc32-7772-42b8-862b-321a4c7034e0: 54 groups; 3.0 s; peak memory 1243 MiB.
2026-10-04T02:50:15Z INFO [740/900] 327959e6-a67e-4c22-ba26-163332d37146: 32 groups; 1.7 s; peak memory 1243 MiB.
2026-10-04T02:50:22Z INFO [741/900] 32796761-1a67-46c8-824f-0201e93ac690: 71 groups; 6.3 s; peak memory 1243 MiB.
2026-10-04T02:50:23Z INFO [742/900] 3279ec03-ace0-47ff-89ab-ee4708151dbc: 22 groups; 1.3 s; peak memory 1243 MiB.
2026-10-04T02:50:25Z INFO [743/900] 327a1ab0-08fc-44bc-9627-e055f7a90b05: 21 groups; 1.6 s; peak memory 1243 MiB.
2026-10-04T02:51:03Z INFO [744/900] 327b06db-2ea2-49d6-aadf-d3341d9f6041: 292 groups; 38.1 s; peak memory 1243 MiB.
2026-10-04T02:51:06Z INFO [745/900] 327c8cfe-5363-45b6-a770-05d59d184aef: 50 groups; 3.6 s; peak memory 1243 MiB.
2026-10-04T02:53:50Z INFO [746/900] 327cacff-d08a-4e28-92fc-8b4f05fa4569: 80 groups; 163.9 s; peak memory 1243 MiB.
2026-10-04T02:53:53Z INFO [747/900] 327cb323-d1fc-4287-9284-ee8617eee94c: 48 groups; 2.7 s; peak memory 1243 MiB.
2026-10-04T02:53:54Z INFO [748/900] 327d5698-0d3d-4ee0-aa7b-baa85952b334: 32 groups; 1.5 s; peak memory 1243 MiB.
2026-10-04T02:53:56Z INFO [749/900] 327e02f7-32b0-433a-93f8-5c0413bbb743: 22 groups; 1.3 s; peak memory 1243 MiB.
2026-10-04T02:53:58Z INFO [750/900] 3280dfbb-fe38-4a98-9f0f-5a63d53ce1ca: 35 groups; 2.0 s; peak memory 1243 MiB.
2026-10-04T02:53:58Z INFO [750/900] 3280dfbb-fe38-4a98-9f0f-5a63d53ce1ca: checkpointed 71386 records.
2026-10-04T02:53:59Z INFO [751/900] 328246e3-728a-437f-a4be-3b192b385296: 22 groups; 1.2 s; peak memory 1243 MiB.
2026-10-04T02:54:00Z INFO [752/900] 3282960e-efd5-44a3-988c-9ae22c468a83: 27 groups; 1.1 s; peak memory 1243 MiB.
2026-10-04T02:54:03Z INFO [753/900] 32835bbb-6726-4208-bc3e-7ff0ddf832c9: 48 groups; 3.0 s; peak memory 1243 MiB.
2026-10-04T02:54:09Z INFO [754/900] 32837ab8-8168-4384-bc86-f0dbca9bc825: 78 groups; 5.5 s; peak memory 1243 MiB.
2026-10-04T02:54:11Z INFO [755/900] 3283b37f-b8eb-4876-b47b-6e091099e918: 48 groups; 2.9 s; peak memory 1243 MiB.
2026-10-04T02:54:13Z INFO [756/900] 3283be15-7e27-4e2a-b3c4-54749f47659d: 33 groups; 1.8 s; peak memory 1243 MiB.
2026-10-04T02:54:15Z INFO [757/900] 3283c8ee-80d2-4612-a822-429680afa7c3: 32 groups; 1.4 s; peak memory 1243 MiB.
2026-10-04T02:54:16Z INFO [758/900] 32843f00-e6b5-4594-8d2c-9d7826d95810: 32 groups; 1.4 s; peak memory 1243 MiB.
2026-10-04T02:54:23Z INFO [759/900] 3284c4cd-0a95-4f46-a67a-ef344622b1de: 134 groups; 6.5 s; peak memory 1243 MiB.
2026-10-04T02:54:24Z INFO [760/900] 3284d314-c0be-4b1a-bd31-87231539459b: 34 groups; 1.5 s; peak memory 1243 MiB.
2026-10-04T02:54:28Z INFO [761/900] 3285d285-fa33-45ca-b1e3-b5d75a93a5f4: 47 groups; 3.5 s; peak memory 1243 MiB.
2026-10-04T02:54:29Z INFO [762/900] 328636a2-581d-4c65-92d0-bed562eb271a: 32 groups; 1.8 s; peak memory 1243 MiB.
2026-10-04T02:54:31Z INFO [763/900] 3286fbaa-075f-4165-9b2c-d38bd1d61db0: 32 groups; 1.5 s; peak memory 1243 MiB.
2026-10-04T02:54:33Z INFO [764/900] 3287080c-890e-4e86-be69-c76afb7c1fc7: 35 groups; 1.6 s; peak memory 1243 MiB.
2026-10-04T02:54:34Z INFO [765/900] 3289eb5d-a03a-45b8-a8d6-0b025a38c813: 103 groups; 1.7 s; peak memory 1243 MiB.
2026-10-04T02:54:36Z INFO [766/900] 328b4b47-88f6-40b9-a65f-4cc2e1be8719: 35 groups; 2.1 s; peak memory 1243 MiB.
2026-10-04T02:54:38Z INFO [767/900] 328b8b83-efae-44b7-b5c3-f49caef890df: 18 groups; 1.3 s; peak memory 1243 MiB.
2026-10-04T02:54:39Z INFO [768/900] 328c8552-8573-470e-9bda-7b43da8764e8: 22 groups; 1.3 s; peak memory 1243 MiB.
2026-10-04T02:54:44Z INFO [769/900] 328cf9b3-6258-4d0d-b9df-d1a34a36853d: 78 groups; 5.0 s; peak memory 1243 MiB.
2026-10-04T02:54:45Z INFO [770/900] 328d1f2c-b019-4041-897a-488982430c10: 22 groups; 1.2 s; peak memory 1243 MiB.
2026-10-04T02:55:11Z INFO [771/900] 328d8d68-0626-4ef4-ae9b-e0933f826286: 23 groups; 25.8 s; peak memory 1243 MiB.
2026-10-04T02:55:17Z INFO [772/900] 328d9107-2727-40eb-80dd-aaede8836991: 58 groups; 6.4 s; peak memory 1243 MiB.
2026-10-04T02:55:18Z INFO [773/900] 328dd4e7-bb38-4c9f-b7c6-64fa6a88dfb2: 32 groups; 1.3 s; peak memory 1243 MiB.
2026-10-04T02:55:22Z INFO [774/900] 328df44c-c0e1-4fd4-8608-fab1b7a222e5: 53 groups; 3.1 s; peak memory 1243 MiB.
2026-10-04T02:55:23Z INFO [775/900] 328f49ff-e9d2-4ec6-8c85-3fdd07a2cae4: 202 groups; 1.7 s; peak memory 1243 MiB.
2026-10-04T02:55:26Z INFO [776/900] 328fe152-89f2-439c-ace5-18ec61e5aac9: 17 groups; 2.9 s; peak memory 1243 MiB.
2026-10-04T02:55:28Z INFO [777/900] 329126c9-0333-4e96-a507-c9198fe653f8: 36 groups; 1.7 s; peak memory 1243 MiB.
2026-10-04T02:55:29Z INFO [778/900] 3291285a-b68d-4028-b831-4b4c31fb9146: 16 groups; 1.0 s; peak memory 1243 MiB.
2026-10-04T02:55:30Z INFO [779/900] 32930c1a-7284-42d8-8522-a1803e623ec1: 27 groups; 1.6 s; peak memory 1243 MiB.
2026-10-04T02:55:32Z INFO [780/900] 32930f6f-cda5-4cf9-b217-6c2d18afce16: 24 groups; 1.6 s; peak memory 1243 MiB.
2026-10-04T02:57:49Z INFO [781/900] 32941b00-0fb0-4e69-a86b-696a13e2714f: 89 groups; 137.2 s; peak memory 1243 MiB.
2026-10-04T02:57:50Z INFO [782/900] 3294aeda-a4a2-4a2b-8df0-03274b64e852: 22 groups; 1.2 s; peak memory 1243 MiB.
2026-10-04T02:58:04Z INFO [783/900] 3295d590-b681-4d8f-ac8f-a402a9bdb620: 22 groups; 13.4 s; peak memory 1243 MiB.
2026-10-04T02:58:06Z INFO [784/900] 3296041b-c90c-49ed-828f-6f8ec64dbf8c: 35 groups; 1.9 s; peak memory 1243 MiB.
2026-10-04T02:58:07Z INFO [785/900] 32986a4b-8d42-4885-9a93-ffcaff7a000c: 32 groups; 1.5 s; peak memory 1243 MiB.
2026-10-04T02:58:09Z INFO [786/900] 3298edd3-1a2d-4950-b507-d3f4c09b2831: 35 groups; 1.6 s; peak memory 1243 MiB.
2026-10-04T02:58:10Z INFO [787/900] 32992a10-2556-4f9d-b5d3-9e9cf7cf989b: 22 groups; 1.1 s; peak memory 1243 MiB.
2026-10-04T02:58:12Z INFO [788/900] 329a8bdf-b46f-4a4a-9f5b-8f92a83ab542: 199 groups; 2.0 s; peak memory 1243 MiB.
2026-10-04T02:58:13Z INFO [789/900] 329b29b2-bc1e-488e-a314-236e14b22742: 25 groups; 1.3 s; peak memory 1243 MiB.
2026-10-04T02:58:15Z INFO [790/900] 329b43a4-2711-464e-a6ee-f59492319e85: 21 groups; 1.4 s; peak memory 1243 MiB.
2026-10-04T02:58:17Z INFO [791/900] 329b8dfe-d1d1-46a9-9a28-af434bc13338: 108 groups; 1.8 s; peak memory 1243 MiB.
2026-10-04T02:58:19Z INFO [792/900] 329b92d6-3e1b-49fd-81c8-324e2bba272f: 49 groups; 2.0 s; peak memory 1243 MiB.
2026-10-04T02:58:20Z INFO [793/900] 329c35d5-10d4-4d99-9bd5-a59912513873: 32 groups; 1.4 s; peak memory 1243 MiB.
2026-10-04T02:59:40Z INFO [794/900] 329c51e8-8ef0-474a-bd79-0ba0dd6357f0: 33 groups; 80.2 s; peak memory 1243 MiB.
2026-10-04T02:59:43Z INFO [795/900] 329cbeb6-8cc2-4a31-bd76-0ea9b45e2634: 34 groups; 2.7 s; peak memory 1243 MiB.
2026-10-04T02:59:44Z INFO [796/900] 329cc68b-7405-43ad-a2fe-545d2bf2ec5d: 21 groups; 1.5 s; peak memory 1243 MiB.
2026-10-04T03:02:06Z INFO [797/900] 329ce769-4e1f-4f40-9887-280cd5313687: 65 groups; 142.1 s; peak memory 1243 MiB.
2026-10-04T03:02:23Z INFO [798/900] 329e5adf-296f-4234-8e21-24b0739262e1: 243 groups; 16.4 s; peak memory 1243 MiB.
2026-10-04T03:02:38Z INFO [799/900] 329e722e-67c9-413b-b78d-0b30a1b0aa51: 238 groups; 15.4 s; peak memory 1243 MiB.
2026-10-04T03:02:39Z INFO [800/900] 329f0aca-cabd-4e0c-a6c8-6dbd8c14d1b7: 27 groups; 1.0 s; peak memory 1243 MiB.
2026-10-04T03:02:39Z INFO [800/900] 329f0aca-cabd-4e0c-a6c8-6dbd8c14d1b7: checkpointed 71436 records.
2026-10-04T03:02:42Z INFO [801/900] 329f344c-ca97-4cd9-a2a2-540761693e5d: 50 groups; 2.5 s; peak memory 1243 MiB.
2026-10-04T03:02:43Z INFO [802/900] 329feccb-8251-40b3-b3cb-8c1750c75ca6: 28 groups; 1.2 s; peak memory 1243 MiB.
2026-10-04T03:02:45Z INFO [803/900] 32a032ac-7635-40d1-9ee9-5fd95bc5279f: 108 groups; 2.1 s; peak memory 1243 MiB.
2026-10-04T03:02:47Z INFO [804/900] 32a04eaa-a39a-436f-a00f-93055f268744: 32 groups; 1.3 s; peak memory 1243 MiB.
2026-10-04T03:02:48Z INFO [805/900] 32a065fb-fa2a-4246-a4e6-3a185b061906: 32 groups; 1.6 s; peak memory 1243 MiB.
2026-10-04T03:02:49Z INFO [806/900] 32a0ed27-3f99-45f7-bfa1-6841138e4306: 22 groups; 1.2 s; peak memory 1243 MiB.
2026-10-04T03:02:51Z INFO [807/900] 32a1a59c-2037-4376-a10b-7ab99e64c777: 22 groups; 1.2 s; peak memory 1243 MiB.
2026-10-04T03:02:56Z INFO [808/900] 32a26dab-c133-472f-bf0f-3642fc625166: 78 groups; 5.7 s; peak memory 1243 MiB.
2026-10-04T03:02:58Z INFO [809/900] 32a2ab22-f604-40ee-8d72-0c7de98334f0: 22 groups; 1.3 s; peak memory 1243 MiB.
2026-10-04T03:02:59Z INFO [810/900] 32a38057-e71d-4d08-be62-4b02281e86a7: 18 groups; 0.9 s; peak memory 1243 MiB.
2026-10-04T03:03:01Z INFO [811/900] 32a4c72d-fde0-4b5d-8003-52c80f521d09: 207 groups; 2.5 s; peak memory 1243 MiB.
2026-10-04T03:03:02Z INFO [812/900] 32a4d995-2bfe-45a2-a0e2-9d30e162d56c: 22 groups; 1.3 s; peak memory 1243 MiB.
2026-10-04T03:03:04Z INFO [813/900] 32a568bc-0e90-4638-bbea-6d24dd56e090: 202 groups; 1.8 s; peak memory 1243 MiB.
2026-10-04T03:04:29Z INFO [814/900] 32a5f888-5ebc-40c1-8383-5d9589f86b83: 10784 groups; 85.2 s; peak memory 1243 MiB.
2026-10-04T03:04:31Z INFO [815/900] 32a68908-6ec7-45a9-b34d-42d6269a47f7: 32 groups; 1.3 s; peak memory 1243 MiB.
2026-10-04T03:04:33Z INFO [816/900] 32a6bb8b-eff1-47fd-a8d4-d304b27c2cfb: 207 groups; 2.1 s; peak memory 1243 MiB.
2026-10-04T03:04:35Z INFO [817/900] 32a6bdbd-5ea9-4bef-81f3-d8e71dd1c100: 43 groups; 2.8 s; peak memory 1243 MiB.
2026-10-04T03:04:37Z INFO [818/900] 32a7f1c5-25fc-4eab-be91-d291c630e1a1: 22 groups; 1.2 s; peak memory 1243 MiB.
2026-10-04T03:04:38Z INFO [819/900] 32a811d6-96f1-4eaf-859a-9a747b371af8: 33 groups; 1.4 s; peak memory 1243 MiB.
2026-10-04T03:04:39Z INFO [820/900] 32a82017-69e0-48e9-9e68-9d45ba9dbf61: 22 groups; 1.3 s; peak memory 1243 MiB.
2026-10-04T03:04:42Z INFO [821/900] 32aa98c8-1347-4a30-b587-eb5304a9c776: 26 groups; 2.6 s; peak memory 1243 MiB.
2026-10-04T03:04:43Z INFO [822/900] 32aacacc-e441-490f-8e15-dd10f1e0dbd6: 24 groups; 1.3 s; peak memory 1243 MiB.
2026-10-04T03:04:45Z INFO [823/900] 32ac13a1-f070-47a4-851b-4421f48a7839: 30 groups; 1.3 s; peak memory 1243 MiB.
2026-10-04T03:04:58Z INFO [824/900] 32acd91e-4d04-4a23-aceb-79288c108854: 33 groups; 13.2 s; peak memory 1243 MiB.
2026-10-04T03:04:59Z INFO [825/900] 32acef21-ba83-430c-a0b3-5661353830f6: 16 groups; 1.0 s; peak memory 1243 MiB.
2026-10-04T03:05:01Z INFO [826/900] 32ad1afd-d0b6-4914-b2d9-15eb80793eff: 261 groups; 1.9 s; peak memory 1243 MiB.
2026-10-04T03:05:03Z INFO [827/900] 32ada568-1ee4-4b09-af1b-7ec7ec1fcf8a: 35 groups; 2.2 s; peak memory 1243 MiB.
2026-10-04T03:05:04Z INFO [828/900] 32aeda51-70b5-48cf-9b03-c7a1a7ebcbc1: 17 groups; 1.2 s; peak memory 1243 MiB.
2026-10-04T03:05:05Z INFO [829/900] 32af1df6-3f44-4834-bddc-ac949840c1dc: 22 groups; 1.3 s; peak memory 1243 MiB.
2026-10-04T03:05:07Z INFO [830/900] 32b0d120-8f6c-4902-9329-b51d1907eed4: 35 groups; 1.7 s; peak memory 1243 MiB.
2026-10-04T03:05:18Z INFO [831/900] 32b14534-4ba2-42c2-bb9a-0145e783de18: 240 groups; 10.7 s; peak memory 1243 MiB.
2026-10-04T03:05:21Z INFO [832/900] 32b1cca1-e5eb-4d2e-be7a-b6951642ff78: 50 groups; 3.5 s; peak memory 1243 MiB.
2026-10-04T03:05:23Z INFO [833/900] 32b2f632-b653-4937-9fc0-3000e361f4c5: 18 groups; 1.3 s; peak memory 1243 MiB.
2026-10-04T03:05:24Z INFO [834/900] 32b31c05-73aa-4364-bfd4-1cc1c708c376: 17 groups; 1.0 s; peak memory 1243 MiB.
2026-10-04T03:45:13Z INFO [835/900] 32b39e0e-de4d-4e1a-af2d-b65861e16ef9: 61 groups; 2389.2 s; peak memory 1243 MiB.
2026-10-04T03:45:42Z INFO [836/900] 32b3e4a5-6822-434e-b530-24137c30c623: 23 groups; 28.8 s; peak memory 1243 MiB.
2026-10-04T03:45:43Z INFO [837/900] 32b433f9-0855-4d21-8078-63a35644712c: 25 groups; 1.3 s; peak memory 1243 MiB.
2026-10-04T03:45:44Z INFO [838/900] 32b4c98e-9eb1-4cd8-ab32-28c5fcfc10e7: 22 groups; 1.2 s; peak memory 1243 MiB.
2026-10-04T03:45:45Z INFO [839/900] 32b4d122-7bb0-4481-b0da-54cde5ca985a: 22 groups; 1.2 s; peak memory 1243 MiB.
2026-10-04T03:45:47Z INFO [840/900] 32b51a6a-9ec4-4162-81ac-db44c061ca20: 22 groups; 1.3 s; peak memory 1243 MiB.
2026-10-04T03:45:55Z INFO [841/900] 32b5f639-e4b5-40c1-9ee6-40bdc4640e25: 34 groups; 8.5 s; peak memory 1243 MiB.
2026-10-04T03:50:19Z INFO [842/900] 32b71c3e-ab62-4160-b204-c92a9828ede5: 81 groups; 263.7 s; peak memory 1243 MiB.
2026-10-04T03:50:20Z INFO [843/900] 32b7a0e8-bc75-4b63-92e9-e7b631f0941d: 22 groups; 1.2 s; peak memory 1243 MiB.
2026-10-04T03:50:21Z INFO [844/900] 32b7e20f-06b3-4a00-a6fe-c2373028148e: 22 groups; 1.3 s; peak memory 1243 MiB.
2026-10-04T03:50:22Z INFO [845/900] 32b86953-0b27-45c0-932b-60e0d99ff0cd: 22 groups; 1.3 s; peak memory 1243 MiB.
2026-10-04T03:50:24Z INFO [846/900] 32b86d36-f364-4df0-aaf8-8ad58d1b3ea9: 35 groups; 1.8 s; peak memory 1243 MiB.
2026-10-04T03:50:30Z INFO [847/900] 32b871a7-ee2f-4264-80c0-9009837456d2: 78 groups; 6.2 s; peak memory 1243 MiB.
2026-10-04T03:50:32Z INFO [848/900] 32b8c425-abfb-44e4-91b6-7e050f7686c5: 32 groups; 1.4 s; peak memory 1243 MiB.
2026-10-04T03:50:33Z INFO [849/900] 32b8df61-0bfa-4419-a15f-bcdfdd5af5d2: 22 groups; 1.3 s; peak memory 1243 MiB.
2026-10-04T03:50:34Z INFO [850/900] 32b95f63-379c-47ea-94b2-6c30115cdefc: 17 groups; 1.1 s; peak memory 1243 MiB.
2026-10-04T03:50:34Z INFO [850/900] 32b95f63-379c-47ea-94b2-6c30115cdefc: checkpointed 71486 records.
2026-10-04T03:50:41Z INFO [851/900] 32b96aa8-8078-453e-a199-df36a91f8ed1: 88 groups; 6.6 s; peak memory 1243 MiB.
2026-10-04T03:50:45Z INFO [852/900] 32b9c4c2-c8c5-4986-91ef-89cf4a31acc2: 67 groups; 3.6 s; peak memory 1243 MiB.
2026-10-04T03:50:46Z INFO [853/900] 32b9dc2e-7fd9-4df5-9419-7e3e3a44e4fb: 17 groups; 1.1 s; peak memory 1243 MiB.
2026-10-04T03:50:47Z INFO [854/900] 32bb839f-859d-4438-8c03-b22ecaeea474: 22 groups; 1.3 s; peak memory 1243 MiB.
2026-10-04T03:50:48Z INFO [855/900] 32bb9b65-c5cc-405d-a362-b82511174391: 22 groups; 1.2 s; peak memory 1243 MiB.
2026-10-04T03:50:50Z INFO [856/900] 32bbbea0-88a8-40ab-bdb8-088efe7e6d50: 32 groups; 1.4 s; peak memory 1243 MiB.
2026-10-04T03:50:51Z INFO [857/900] 32bd5447-37ef-42bc-93dd-c5b83699215a: 31 groups; 1.4 s; peak memory 1243 MiB.
2026-10-04T03:50:52Z INFO [858/900] 32be05fb-6392-4442-9ef2-fa91638d3660: 32 groups; 1.6 s; peak memory 1243 MiB.
2026-10-04T03:50:54Z INFO [859/900] 32be49f8-a919-44cd-8f08-64d5e62fddc9: 31 groups; 1.8 s; peak memory 1243 MiB.
2026-10-04T03:50:55Z INFO [860/900] 32bf1637-87e4-4e59-b38b-56ab62d38a27: 16 groups; 1.1 s; peak memory 1243 MiB.
2026-10-04T03:50:57Z INFO [861/900] 32bf20a8-cf56-47df-ae6e-584e1aff9ea3: 30 groups; 1.2 s; peak memory 1243 MiB.
2026-10-04T03:51:02Z INFO [862/900] 32bf3756-a1bc-4ac5-bf0f-0e799de7078e: 181 groups; 5.9 s; peak memory 1243 MiB.
2026-10-04T03:51:04Z INFO [863/900] 32bf3a74-e560-42c7-8365-11e5889a34b6: 32 groups; 1.8 s; peak memory 1243 MiB.
2026-10-04T03:51:06Z INFO [864/900] 32bf74ba-0cc2-43b4-9f26-9b388b94df01: 201 groups; 1.8 s; peak memory 1243 MiB.
2026-10-04T03:51:08Z INFO [865/900] 32bfab24-9d4d-4db9-9a92-b5ee53c9a74d: 202 groups; 1.6 s; peak memory 1243 MiB.
2026-10-04T03:51:09Z INFO [866/900] 32bfda20-9c7d-4f73-b981-b4e018b5511f: 32 groups; 1.6 s; peak memory 1243 MiB.
2026-10-04T03:51:11Z INFO [867/900] 32c04669-a54d-4b54-80cb-9884ec98d20c: 32 groups; 1.4 s; peak memory 1243 MiB.
2026-10-04T03:52:54Z INFO [868/900] 32c056e1-2ec6-494c-8e3c-93e520775570: 30 groups; 103.3 s; peak memory 1243 MiB.
2026-10-04T03:55:13Z INFO [869/900] 32c09a7b-de90-494e-a54a-2d6faebb7a8c: 71 groups; 138.8 s; peak memory 1243 MiB.
2026-10-04T03:55:15Z INFO [870/900] 32c09b46-1b05-4fd0-bf19-74d2df8908ed: 195 groups; 1.8 s; peak memory 1243 MiB.
2026-10-04T03:55:16Z INFO [871/900] 32c0bc03-03db-46d5-b533-8a0b711c136b: 22 groups; 1.3 s; peak memory 1243 MiB.
2026-10-04T03:55:17Z INFO [872/900] 32c0fb4d-7af3-4cd4-9963-fed47a4e03cb: 22 groups; 1.3 s; peak memory 1243 MiB.
2026-10-04T03:55:40Z INFO [873/900] 32c1335b-ae4c-478b-87a6-6438964b97da: 23 groups; 22.9 s; peak memory 1243 MiB.
2026-10-04T03:55:43Z INFO [874/900] 32c1d0de-8f8a-496c-bebc-f4f409c5400f: 48 groups; 3.1 s; peak memory 1243 MiB.
2026-10-04T03:55:45Z INFO [875/900] 32c2ab31-33f8-4ee2-851b-bc851561391c: 32 groups; 1.5 s; peak memory 1243 MiB.
2026-10-04T03:55:46Z INFO [876/900] 32c4518a-04a2-464b-b5d8-9bc80b35c974: 195 groups; 1.7 s; peak memory 1243 MiB.
2026-10-04T03:55:47Z INFO [877/900] 32c4704e-84b8-4c73-8133-01abb4cdd39a: 30 groups; 1.0 s; peak memory 1243 MiB.
2026-10-04T03:57:25Z INFO [878/900] 32c472eb-940c-43db-8170-1573e617a624: 40 groups; 98.2 s; peak memory 1243 MiB.
2026-10-04T03:57:42Z INFO [879/900] 32c47377-6514-40f9-b599-925a18ea9041: 211 groups; 16.5 s; peak memory 1243 MiB.
2026-10-04T03:57:52Z INFO [880/900] 32c4a7ec-9df0-42fc-a516-f32d521b0eb7: 215 groups; 9.8 s; peak memory 1243 MiB.
2026-10-04T03:57:53Z INFO [881/900] 32c61d25-1888-4bab-9e20-0a0636438acd: 22 groups; 1.2 s; peak memory 1243 MiB.
2026-10-04T03:57:55Z INFO [882/900] 32c6c01a-5c40-4470-bbfd-7e6e1600ec8e: 35 groups; 1.8 s; peak memory 1243 MiB.
2026-10-04T03:57:56Z INFO [883/900] 32c6ca5f-679b-4c7d-b1c1-8af45aba9c1d: 22 groups; 1.2 s; peak memory 1243 MiB.
2026-10-04T03:57:57Z INFO [884/900] 32c6caaa-264f-46ed-861d-86cced5d023a: 30 groups; 1.0 s; peak memory 1243 MiB.
2026-10-04T03:58:00Z INFO [885/900] 32c6d769-5cd1-439f-8c4f-e4b0231e5f41: 204 groups; 2.5 s; peak memory 1243 MiB.
2026-10-04T03:58:01Z INFO [886/900] 32c7c2da-ef69-4d4b-a394-9fc692b1f506: 32 groups; 1.4 s; peak memory 1243 MiB.
2026-10-04T03:58:02Z INFO [887/900] 32c7cc82-af61-48c8-928f-d5cdd78f0491: 22 groups; 1.2 s; peak memory 1243 MiB.
2026-10-04T03:58:05Z INFO [888/900] 32c7cf63-7b14-4364-b6f5-3ec7e074d723: 48 groups; 3.0 s; peak memory 1243 MiB.
2026-10-04T03:58:07Z INFO [889/900] 32c7dc52-1867-4418-8703-280d291d2d2d: 33 groups; 1.2 s; peak memory 1243 MiB.
2026-10-04T03:58:08Z INFO [890/900] 32c835fa-db89-49de-a76c-4951b61bd0d3: 22 groups; 1.3 s; peak memory 1243 MiB.
2026-10-04T03:58:09Z INFO [891/900] 32c88e65-eda7-4389-aaa8-e8d7052c8610: 35 groups; 1.3 s; peak memory 1243 MiB.
2026-10-04T03:58:10Z INFO [892/900] 32c9cd5b-2289-4dec-8b95-c2cd824a9e92: 18 groups; 1.1 s; peak memory 1243 MiB.
2026-10-04T03:58:12Z INFO [893/900] 32ca3f29-6715-4fe1-8c0e-2054791265e9: 25 groups; 1.4 s; peak memory 1243 MiB.
2026-10-04T03:58:19Z INFO [894/900] 32ca857d-8960-4bb2-81ff-aaff7948723c: 71 groups; 7.9 s; peak memory 1243 MiB.
2026-10-04T03:58:21Z INFO [895/900] 32cbaa33-f755-4e56-a1e5-1761280b6529: 22 groups; 1.3 s; peak memory 1243 MiB.
2026-10-04T03:58:22Z INFO [896/900] 32cc389d-b284-4f36-8518-63b16e7cedf1: 25 groups; 1.0 s; peak memory 1243 MiB.
2026-10-04T03:58:23Z INFO [897/900] 32cce52e-ac90-4d12-b716-16a367a710d2: 71 groups; 1.5 s; peak memory 1243 MiB.
2026-10-04T03:58:33Z INFO [898/900] 32cd6466-bbd5-4ee4-9af4-a5e9742b358b: 194 groups; 10.2 s; peak memory 1243 MiB.
2026-10-04T03:58:35Z INFO [899/900] 32cd7338-43a5-4db5-8b05-9b2b46fc642c: 25 groups; 1.4 s; peak memory 1243 MiB.
2026-10-04T03:58:36Z INFO [900/900] 32cdc0f8-5dc1-4a6b-b21b-061d630e0250: 22 groups; 1.2 s; peak memory 1243 MiB.
2026-10-04T03:58:36Z INFO [900/900] 32cdc0f8-5dc1-4a6b-b21b-061d630e0250: checkpointed 71536 records.
2026-10-04T03:58:36Z INFO Wrote 71536 records to /tmp/derivatives/valid_nwb_file_to_number_of_groups.jsonl (900 new, 0 failed) in 193.4 min (peak memory 1243 MiB).
