2026-10-09T02:44:41Z INFO Logging to /tmp/logs/update_2026-10-09T02-44-41Z.log.
2026-10-09T02:44:41Z INFO Update valid-nwb-file-to-number-of-groups (base directory /tmp).
2026-10-09T02:44:42Z INFO Processing 900 items (107536 already recorded).
2026-10-09T02:44:43Z INFO [1/900] 7dc69c3e-fb46-485e-8f79-fec685b18414: 32 groups; 1.1 s; peak memory 123 MiB.
2026-10-09T02:44:44Z INFO [2/900] 7dc805d8-4680-458a-b9ff-50196deb8232: 27 groups; 1.2 s; peak memory 123 MiB.
2026-10-09T02:44:45Z INFO [3/900] 7dc80e92-694b-49a5-a6c0-ecdf82527cce: 22 groups; 0.8 s; peak memory 124 MiB.
2026-10-09T02:44:46Z INFO [4/900] 7dc9087b-dbe2-45d2-b001-c4f2f2623867: 48 groups; 1.6 s; peak memory 127 MiB.
2026-10-09T02:44:47Z INFO [5/900] 7dc93826-fa4f-4e76-82b1-4e5293ee9c09: 32 groups; 0.8 s; peak memory 127 MiB.
2026-10-09T02:44:48Z INFO [6/900] 7dcaae63-0be4-443d-9891-823ad7d223a2: 26 groups; 0.6 s; peak memory 127 MiB.
2026-10-09T02:44:49Z INFO [7/900] 7dcbaeec-6466-4fca-a3f0-37bc5bb037c2: 42 groups; 1.0 s; peak memory 128 MiB.
2026-10-09T02:44:49Z INFO [8/900] 7dcbd145-ec50-4a97-a4bc-6cd4758841f7: 32 groups; 0.9 s; peak memory 128 MiB.
2026-10-09T02:44:53Z INFO [9/900] 7dcc6409-82f3-480c-9335-557ab1ee77a3: 175 groups; 3.8 s; peak memory 144 MiB.
2026-10-09T02:44:54Z INFO [10/900] 7dcd3cda-fa8f-4e94-99b5-70528520b7e9: 32 groups; 0.7 s; peak memory 145 MiB.
2026-10-09T02:44:54Z INFO [11/900] 7dcd6251-5636-4298-86be-b7b8ddd2812e: 25 groups; 0.5 s; peak memory 145 MiB.
2026-10-09T02:44:55Z INFO [12/900] 7dcec856-fa29-4db5-b515-f09ac7268a9f: 22 groups; 0.8 s; peak memory 145 MiB.
2026-10-09T02:44:56Z INFO [13/900] 7dcf034e-9567-4d61-9b6c-d6162f7afb5c: 52 groups; 0.9 s; peak memory 145 MiB.
2026-10-09T02:44:57Z INFO [14/900] 7dcf10e8-a78b-4fc3-8aca-5a104799736d: 35 groups; 0.8 s; peak memory 145 MiB.
2026-10-09T02:44:58Z INFO [15/900] 7dcf5018-988d-4d63-bdc7-9e422e331a19: 22 groups; 0.7 s; peak memory 145 MiB.
2026-10-09T02:44:58Z INFO [16/900] 7dd06a4c-a687-4b9a-a180-11ee43d3e17a: 29 groups; 0.8 s; peak memory 145 MiB.
2026-10-09T02:44:59Z INFO [17/900] 7dd1b0d9-57c8-4d47-8657-f6b8fe2d637d: 254 groups; 0.7 s; peak memory 145 MiB.
2026-10-09T02:45:00Z INFO [18/900] 7dd33ffa-3b0b-4db4-b7a9-a8d83607238b: 194 groups; 1.2 s; peak memory 146 MiB.
2026-10-09T02:45:01Z INFO [19/900] 7dd3ad2b-2e49-46ff-97ef-daa587623a55: 22 groups; 0.7 s; peak memory 146 MiB.
2026-10-09T02:45:02Z INFO [20/900] 7dd41e92-881d-4da8-a81a-8de292ea7c9d: 22 groups; 0.8 s; peak memory 146 MiB.
2026-10-09T02:45:02Z INFO [21/900] 7dd45676-5310-4e56-9c8c-f86964f71898: 22 groups; 0.7 s; peak memory 146 MiB.
2026-10-09T02:45:03Z INFO [22/900] 7dd47adf-f3bc-4820-aa54-28bcb6921604: 25 groups; 0.7 s; peak memory 146 MiB.
2026-10-09T02:45:09Z INFO [23/900] 7dd4905e-409a-42a1-bccc-a4b28423221f: 98 groups; 6.0 s; peak memory 147 MiB.
2026-10-09T02:45:17Z INFO [24/900] 7dd524ad-347c-4658-9c7d-65068095fef6: 271 groups; 7.9 s; peak memory 169 MiB.
2026-10-09T02:45:31Z INFO [25/900] 7dd5aed4-28a7-4c29-b733-f5e2c6b14ba8: 26 groups; 14.1 s; peak memory 169 MiB.
2026-10-09T02:45:32Z INFO [26/900] 7dd6a924-7cee-436b-b629-1b619d2aa66e: 32 groups; 0.9 s; peak memory 169 MiB.
2026-10-09T02:47:29Z INFO [27/900] 7dd8a2c2-2b67-410b-b980-8169fe933867: 60 groups; 117.0 s; peak memory 291 MiB.
2026-10-09T02:47:30Z INFO [28/900] 7dd8cef0-c21e-4519-92e2-1f97a9aa1079: 32 groups; 0.8 s; peak memory 291 MiB.
2026-10-09T02:47:31Z INFO [29/900] 7dda0bcc-c568-4841-97dc-b9f0c20f2d7e: 22 groups; 0.7 s; peak memory 291 MiB.
2026-10-09T02:47:31Z INFO [30/900] 7dda4251-d0fc-44c5-86b8-5d01c15885a3: 111 groups; 0.8 s; peak memory 291 MiB.
2026-10-09T02:47:32Z INFO [31/900] 7ddaa875-595c-4844-8718-e06f57796b66: 22 groups; 0.7 s; peak memory 291 MiB.
2026-10-09T02:47:33Z INFO [32/900] 7ddbcfc3-0b32-48c9-86d9-fe8872f172fa: 32 groups; 0.7 s; peak memory 291 MiB.
2026-10-09T02:47:37Z INFO [33/900] 7ddc1e56-1a5c-4db9-a27e-100e477eb6c4: 181 groups; 3.8 s; peak memory 291 MiB.
2026-10-09T02:47:38Z INFO [34/900] 7ddcd440-0a32-4e9e-a0ef-016c2c755468: 52 groups; 1.6 s; peak memory 291 MiB.
2026-10-09T02:47:42Z INFO [35/900] 7ddd204d-5a36-42cb-bf6a-16e10cae0915: 166 groups; 3.8 s; peak memory 291 MiB.
2026-10-09T02:47:43Z INFO [36/900] 7ddd3495-bd88-4c8c-9845-f3d814c27327: 35 groups; 0.8 s; peak memory 291 MiB.
2026-10-09T02:47:44Z INFO [37/900] 7ddd3882-94db-400f-b451-40ef79ccff6c: 32 groups; 0.9 s; peak memory 291 MiB.
2026-10-09T02:48:11Z INFO [38/900] 7ddd5cf1-1460-4ca8-9950-9c604a9ff3ad: 17 groups; 27.3 s; peak memory 291 MiB.
2026-10-09T02:48:12Z INFO [39/900] 7ddd8042-5839-4330-be3a-6caad60629c9: 32 groups; 0.9 s; peak memory 291 MiB.
2026-10-09T02:48:13Z INFO [40/900] 7dddb52c-3556-4739-8aeb-a6f1a62169c3: 32 groups; 0.7 s; peak memory 291 MiB.
2026-10-09T02:48:19Z INFO [41/900] 7ddf2f29-51af-4507-8a45-1e6e4b1c1b2e: 56 groups; 5.9 s; peak memory 291 MiB.
2026-10-09T02:48:20Z INFO [42/900] 7de002e2-d0c2-47c7-a797-0ebce91037d3: 29 groups; 1.1 s; peak memory 291 MiB.
2026-10-09T02:48:21Z INFO [43/900] 7de0ef86-0ca7-436d-a724-53418c2e01d7: 35 groups; 1.1 s; peak memory 291 MiB.
2026-10-09T02:48:21Z INFO [44/900] 7de13375-b5cb-4bb7-9a39-0b27c9509428: 22 groups; 0.7 s; peak memory 291 MiB.
2026-10-09T02:48:25Z INFO [45/900] 7de17729-33ec-496d-b543-96eccc5e4603: 17 groups; 3.3 s; peak memory 291 MiB.
2026-10-09T02:48:26Z INFO [46/900] 7de1de70-a525-4111-975a-ede2db81de11: 206 groups; 0.9 s; peak memory 291 MiB.
2026-10-09T02:48:27Z INFO [47/900] 7de23c0d-9f87-4310-b767-46b440ac6812: 337 groups; 1.1 s; peak memory 291 MiB.
2026-10-09T02:48:28Z INFO [48/900] 7de25e84-5d73-43f0-ac1e-c9226a9cd0c9: 22 groups; 0.8 s; peak memory 291 MiB.
2026-10-09T02:48:28Z INFO [49/900] 7de3a283-43fc-4a88-9425-71c0f8e7112a: 22 groups; 0.7 s; peak memory 291 MiB.
2026-10-09T02:48:29Z INFO [50/900] 7de3df69-94ef-47ea-97cf-120f2db8e204: 25 groups; 1.0 s; peak memory 291 MiB.
2026-10-09T02:48:29Z INFO [50/900] 7de3df69-94ef-47ea-97cf-120f2db8e204: checkpointed 107586 new records.
2026-10-09T02:48:30Z INFO [51/900] 7de3ec34-4a88-4ccd-81bc-8558f4b7ce7d: 35 groups; 0.7 s; peak memory 291 MiB.
2026-10-09T02:48:45Z INFO [52/900] 7de40ed0-efa3-45bf-822e-9613751cfb68: 340 groups; 14.6 s; peak memory 303 MiB.
2026-10-09T02:48:48Z INFO [53/900] 7de43055-f95a-4262-859e-3bfbcb9b811c: 125 groups; 3.1 s; peak memory 303 MiB.
2026-10-09T02:48:49Z INFO [54/900] 7de4442f-b3ec-4c6a-833f-91cf5ae3ad71: 337 groups; 1.2 s; peak memory 303 MiB.
2026-10-09T02:48:56Z INFO [55/900] 7de5d488-57f8-410e-a0c7-446010de527e: 33 groups; 6.9 s; peak memory 303 MiB.
2026-10-09T02:49:00Z INFO [56/900] 7de74b00-b921-4704-b308-5ff876335ae3: 66 groups; 4.4 s; peak memory 303 MiB.
2026-10-09T02:49:01Z INFO [57/900] 7de76167-d43d-4ca1-a654-74c84e94121e: 35 groups; 0.7 s; peak memory 303 MiB.
2026-10-09T02:49:02Z INFO [58/900] 7de766c6-8144-499f-9c4d-609bb7ee6eb0: 22 groups; 0.8 s; peak memory 303 MiB.
2026-10-09T02:49:02Z INFO [59/900] 7de7c2c3-f5ba-46a8-ad60-0b73c2c8f5df: 22 groups; 0.7 s; peak memory 303 MiB.
2026-10-09T02:49:03Z INFO [60/900] 7de7cec8-04d3-407a-88c8-94464760f78b: 35 groups; 0.9 s; peak memory 303 MiB.
2026-10-09T02:49:04Z INFO [61/900] 7de7d2e2-c00f-458a-938b-33eda7a3a17d: 16 groups; 0.5 s; peak memory 303 MiB.
2026-10-09T02:49:05Z INFO [62/900] 7de8179d-260a-4b41-9a26-d87a8942fafc: 336 groups; 1.3 s; peak memory 303 MiB.
2026-10-09T02:49:06Z INFO [63/900] 7de8af02-1762-467e-bcd4-9301777f634a: 22 groups; 0.6 s; peak memory 303 MiB.
2026-10-09T02:49:06Z INFO [64/900] 7de8f143-9434-4da6-8c4e-9abfa15984a6: 22 groups; 0.5 s; peak memory 303 MiB.
2026-10-09T02:49:07Z INFO [65/900] 7dea9302-535e-4876-a6ca-69e702a6931e: 28 groups; 1.0 s; peak memory 303 MiB.
2026-10-09T02:49:08Z INFO [66/900] 7deb334e-5054-44d6-a640-906c2ed98730: 22 groups; 0.7 s; peak memory 303 MiB.
2026-10-09T02:49:29Z INFO [67/900] 7debe9ed-703e-4558-81af-060c99365bfb: 23 groups; 20.6 s; peak memory 303 MiB.
2026-10-09T02:49:29Z INFO [68/900] 7ded4e72-0a33-40eb-adbe-9bbee681c281: 253 groups; 0.7 s; peak memory 303 MiB.
2026-10-09T02:49:30Z INFO [69/900] 7ded760d-e395-4d18-8dae-8d2b25a54ede: 33 groups; 0.8 s; peak memory 303 MiB.
2026-10-09T02:49:31Z INFO [70/900] 7defdccf-1169-4fef-961d-4d75b4df7d7a: 28 groups; 0.5 s; peak memory 303 MiB.
2026-10-09T02:49:31Z INFO [71/900] 7df01b48-e96a-45c9-81fc-6dd5ff822ab6: 33 groups; 0.8 s; peak memory 303 MiB.
2026-10-09T02:49:33Z INFO [72/900] 7df0a1e8-b6f1-4673-9829-48cff3efb17a: 35 groups; 1.3 s; peak memory 303 MiB.
2026-10-09T02:49:33Z INFO [73/900] 7df0b27d-d8c3-41c2-8964-4ae0fe6d4ad3: 18 groups; 0.5 s; peak memory 303 MiB.
2026-10-09T02:49:34Z INFO [74/900] 7df1daef-323b-4542-8462-07aa26ca4df6: 22 groups; 0.7 s; peak memory 303 MiB.
2026-10-09T02:49:35Z INFO [75/900] 7df1eb07-0a53-43a9-b2d7-3faae9b741bd: 31 groups; 0.5 s; peak memory 303 MiB.
2026-10-09T02:49:35Z INFO [76/900] 7df1ecf1-b195-4e66-a9cf-a2cef843bc7d: 22 groups; 0.6 s; peak memory 303 MiB.
2026-10-09T02:49:36Z INFO [77/900] 7df2679d-51a4-419f-898c-c2372ad22cd9: 33 groups; 1.0 s; peak memory 303 MiB.
2026-10-09T02:49:37Z INFO [78/900] 7df28fb4-79a2-4ddd-a508-1f6100981421: 71 groups; 0.7 s; peak memory 303 MiB.
2026-10-09T02:49:37Z INFO [79/900] 7df50f86-aafc-478f-a794-6c3361b308e1: 25 groups; 0.6 s; peak memory 303 MiB.
2026-10-09T02:49:39Z INFO [80/900] 7df56624-58ec-45ed-b45d-e68e2521fab6: 195 groups; 1.1 s; peak memory 303 MiB.
2026-10-09T02:49:44Z INFO [81/900] 7df7968f-4729-42cb-acb4-43001987d86a: 143 groups; 5.3 s; peak memory 303 MiB.
2026-10-09T02:49:45Z INFO [82/900] 7df7d259-bf4a-4dc3-b34d-382b4794b80c: 22 groups; 0.8 s; peak memory 303 MiB.
2026-10-09T02:49:52Z INFO [83/900] 7df7e1e1-33a6-4f80-a114-f6f7b5f86ebe: 87 groups; 7.6 s; peak memory 303 MiB.
2026-10-09T02:50:01Z INFO [84/900] 7df80e1a-48b3-422e-bdda-92595c593b06: 403 groups; 9.1 s; peak memory 303 MiB.
2026-10-09T02:50:02Z INFO [85/900] 7df9607b-1558-433a-b832-791a546151ec: 43 groups; 1.0 s; peak memory 303 MiB.
2026-10-09T02:50:03Z INFO [86/900] 7df98e24-4f69-4644-b79d-e41db4ca90a3: 32 groups; 0.7 s; peak memory 303 MiB.
2026-10-09T02:50:04Z INFO [87/900] 7df9e616-29dd-4978-9412-773bd99563f7: 22 groups; 0.6 s; peak memory 303 MiB.
2026-10-09T02:50:04Z INFO [88/900] 7dfa721d-2b99-4461-a850-e75e3458e045: 28 groups; 0.5 s; peak memory 303 MiB.
2026-10-09T02:52:15Z INFO [89/900] 7dfb059b-8b56-40ae-ba97-ab38015f5f69: 68 groups; 131.1 s; peak memory 408 MiB.
2026-10-09T02:52:16Z INFO [90/900] 7dfb7f14-6243-4295-be44-c33efe43e096: 22 groups; 0.8 s; peak memory 408 MiB.
2026-10-09T02:52:18Z INFO [91/900] 7dfc384f-2ebc-49ba-a364-5f0dc34db6d6: 54 groups; 1.5 s; peak memory 408 MiB.
2026-10-09T02:52:19Z INFO [92/900] 7dfc6186-d080-4a49-9729-78f01f5d51cc: 17 groups; 1.5 s; peak memory 408 MiB.
2026-10-09T02:52:21Z INFO [93/900] 7dfc8d58-acb3-4d65-afb2-4b13dcef9661: 48 groups; 1.7 s; peak memory 408 MiB.
2026-10-09T02:52:23Z INFO [94/900] 7dfd03e3-f0ac-4c87-b306-e747e7445df9: 48 groups; 1.8 s; peak memory 408 MiB.
2026-10-09T02:52:24Z INFO [95/900] 7dfdbd22-f4f5-4783-8c68-d5575bc8c3e4: 32 groups; 1.1 s; peak memory 408 MiB.
2026-10-09T02:52:24Z INFO [96/900] 7dfe62f4-0fae-483d-8018-7db7960da978: 33 groups; 0.7 s; peak memory 408 MiB.
2026-10-09T02:52:25Z INFO [97/900] 7dfe8b0b-e8dc-465f-9d34-d39e9c5fac34: 16 groups; 0.5 s; peak memory 408 MiB.
2026-10-09T02:52:26Z INFO [98/900] 7dfee0f4-2bdb-40e4-9bd7-17afa7ce0e22: 32 groups; 0.6 s; peak memory 408 MiB.
2026-10-09T02:52:26Z INFO [99/900] 7dff75c5-d0bb-46bc-b13a-81d4615a6984: 22 groups; 0.8 s; peak memory 408 MiB.
2026-10-09T02:52:28Z INFO [100/900] 7dffa3b9-a64b-44ca-bca1-aff337b50d3b: 31 groups; 1.2 s; peak memory 408 MiB.
2026-10-09T02:52:28Z INFO [100/900] 7dffa3b9-a64b-44ca-bca1-aff337b50d3b: checkpointed 107636 new records.
2026-10-09T02:54:21Z INFO [101/900] 7e009f0f-32ca-4a9c-9488-be71657339d0: 39 groups; 113.5 s; peak memory 408 MiB.
2026-10-09T02:54:22Z INFO [102/900] 7e012ca3-43d9-46ce-a349-94cc31937484: 16 groups; 0.6 s; peak memory 408 MiB.
2026-10-09T02:54:23Z INFO [103/900] 7e0143ac-6362-4973-a7ef-2c5eaa7afc2e: 31 groups; 1.7 s; peak memory 408 MiB.
2026-10-09T02:54:24Z INFO [104/900] 7e01756b-6e3c-4efb-b6e8-6a5d34b078f1: 22 groups; 0.8 s; peak memory 408 MiB.
2026-10-09T02:54:25Z INFO [105/900] 7e018a7b-75b2-4eff-b900-c029995ba205: 32 groups; 0.9 s; peak memory 408 MiB.
2026-10-09T02:54:26Z INFO [106/900] 7e023f72-27a8-40db-9ee5-959da653dd5d: 22 groups; 0.6 s; peak memory 408 MiB.
2026-10-09T02:54:27Z INFO [107/900] 7e02988c-e53a-4188-837a-7940a6aed435: 32 groups; 0.7 s; peak memory 408 MiB.
2026-10-09T02:54:27Z INFO [108/900] 7e032721-63d9-4642-a845-f60e2c224fee: 30 groups; 0.6 s; peak memory 408 MiB.
2026-10-09T02:54:38Z INFO [109/900] 7e03907e-2e86-4a7a-ad99-0281aa1eba07: 96 groups; 11.0 s; peak memory 408 MiB.
2026-10-09T02:54:39Z INFO [110/900] 7e04435f-f92c-4722-8138-56d91d766445: 22 groups; 0.6 s; peak memory 408 MiB.
2026-10-09T02:54:40Z INFO [111/900] 7e04c6b7-a395-4cae-af67-bbb57ffbe071: 36 groups; 1.1 s; peak memory 408 MiB.
2026-10-09T02:54:41Z INFO [112/900] 7e052746-135d-4432-a0aa-c20c833c584a: 253 groups; 0.7 s; peak memory 408 MiB.
2026-10-09T02:54:42Z INFO [113/900] 7e06803d-98be-4114-a815-c63dde298f56: 35 groups; 0.9 s; peak memory 408 MiB.
2026-10-09T02:54:42Z INFO [114/900] 7e074b08-ec6f-47f9-a397-24744e5dc29c: 31 groups; 0.5 s; peak memory 408 MiB.
2026-10-09T02:54:43Z INFO [115/900] 7e07819d-855c-4abd-a05b-c4cf433c0ca1: 22 groups; 0.8 s; peak memory 408 MiB.
2026-10-09T02:54:43Z INFO [116/900] 7e07c4c0-cd6d-4389-a8c9-8c5c2476eac0: 16 groups; 0.3 s; peak memory 408 MiB.
2026-10-09T02:54:44Z INFO [117/900] 7e0826e1-3bb5-4a00-a7a4-048ae31ee6cf: 37 groups; 1.2 s; peak memory 408 MiB.
2026-10-09T02:54:45Z INFO [118/900] 7e08a21d-faa6-4deb-a1c7-4902f91ac8bf: 33 groups; 0.8 s; peak memory 408 MiB.
2026-10-09T02:54:46Z INFO [119/900] 7e0a4795-c452-4892-b933-81b2e84b1239: 35 groups; 1.0 s; peak memory 408 MiB.
2026-10-09T02:54:47Z INFO [120/900] 7e0a64ee-f77b-4cf4-8016-ec948953a462: 16 groups; 0.6 s; peak memory 408 MiB.
2026-10-09T02:54:47Z INFO [121/900] 7e0c9af1-b821-4588-93eb-2c2ef939df52: 25 groups; 0.7 s; peak memory 408 MiB.
2026-10-09T02:54:49Z INFO [122/900] 7e0cc8ee-8353-4de8-b885-5a16d78602b2: 36 groups; 1.3 s; peak memory 408 MiB.
2026-10-09T02:54:49Z INFO [123/900] 7e0dcd63-e91c-4df1-bf07-fbdb90cac7c7: 22 groups; 0.7 s; peak memory 408 MiB.
2026-10-09T02:54:50Z INFO [124/900] 7e0e5bca-7363-47c9-b9d4-069e469bd58b: 22 groups; 0.8 s; peak memory 408 MiB.
2026-10-09T02:58:25Z INFO [125/900] 7e0eb51d-324b-4212-a8a8-c9b1123e7ae7: 64 groups; 214.8 s; peak memory 511 MiB.
2026-10-09T02:58:26Z INFO [126/900] 7e0f0e63-7d17-4294-a340-6ae46c04061a: 35 groups; 1.1 s; peak memory 511 MiB.
2026-10-09T02:59:01Z INFO [127/900] 7e0f2c60-13ee-4a8c-8afb-dd9807073381: 5835 groups; 35.3 s; peak memory 511 MiB.
2026-10-09T02:59:02Z INFO [128/900] 7e0f39af-e207-4c0e-97e7-fa70a7b76686: 253 groups; 0.8 s; peak memory 511 MiB.
2026-10-09T02:59:03Z INFO [129/900] 7e11a5e6-fb07-435c-bcac-c29de7df1135: 32 groups; 0.6 s; peak memory 511 MiB.
2026-10-09T02:59:04Z INFO [130/900] 7e11ec6d-7db5-49ac-a4f7-96d68ecde505: 35 groups; 0.9 s; peak memory 511 MiB.
2026-10-09T02:59:05Z INFO [131/900] 7e1261e0-a1fc-47f4-b950-85b3a875b00a: 202 groups; 1.1 s; peak memory 511 MiB.
2026-10-09T02:59:06Z INFO [132/900] 7e12cf6d-70ce-4796-8bcc-9c97235493fc: 35 groups; 1.0 s; peak memory 511 MiB.
2026-10-09T02:59:07Z INFO [133/900] 7e1318fd-d629-444b-82a3-f36fbb9b755d: 196 groups; 0.9 s; peak memory 511 MiB.
2026-10-09T02:59:07Z INFO [134/900] 7e13675f-972f-4e93-aade-3f37a9a0c9e7: 22 groups; 0.7 s; peak memory 511 MiB.
2026-10-09T02:59:08Z INFO [135/900] 7e14722b-6ef6-4d7e-9eeb-9f157da72dcd: 31 groups; 0.7 s; peak memory 511 MiB.
2026-10-09T02:59:09Z INFO [136/900] 7e14ec7d-b880-47fd-98ef-92c51d3c9e21: 35 groups; 1.3 s; peak memory 511 MiB.
2026-10-09T02:59:10Z INFO [137/900] 7e15213d-a5a0-4c7d-973b-de1cefc4960b: 16 groups; 0.4 s; peak memory 511 MiB.
2026-10-09T02:59:16Z INFO [138/900] 7e15fdbc-c7ee-4122-876b-a2ca9c82e786: 252 groups; 6.6 s; peak memory 511 MiB.
2026-10-09T02:59:17Z INFO [139/900] 7e165644-813e-4510-b36e-21ce45f925e5: 22 groups; 0.6 s; peak memory 511 MiB.
2026-10-09T03:00:36Z INFO [140/900] 7e16a181-e162-4619-830d-39d6543367d9: 9482 groups; 78.9 s; peak memory 614 MiB.
2026-10-09T03:00:37Z INFO [141/900] 7e16b684-e761-4ae1-9c01-4c53242bb234: 25 groups; 0.8 s; peak memory 614 MiB.
2026-10-09T03:00:37Z INFO [142/900] 7e16bc93-0704-4ea8-b3ed-4b2632963c41: 30 groups; 0.7 s; peak memory 614 MiB.
2026-10-09T03:00:38Z INFO [143/900] 7e1742b4-7715-4596-9d99-adae853571ed: 16 groups; 0.4 s; peak memory 614 MiB.
2026-10-09T03:00:39Z INFO [144/900] 7e179a81-d0f6-4b7e-a049-343ff0a1203c: 33 groups; 1.3 s; peak memory 614 MiB.
2026-10-09T03:00:40Z INFO [145/900] 7e192b07-0e54-4bdc-b504-18c5e91cd6d9: 16 groups; 0.5 s; peak memory 614 MiB.
2026-10-09T03:00:41Z INFO [146/900] 7e1970d0-3159-46b3-a647-e2b21e41c866: 33 groups; 0.9 s; peak memory 614 MiB.
2026-10-09T03:00:41Z INFO [147/900] 7e1a5cf3-e658-40cd-9df3-d7eab7f063ba: 32 groups; 0.8 s; peak memory 614 MiB.
2026-10-09T03:00:42Z INFO [148/900] 7e1a6d36-d53b-4927-befe-6d8d73858cf2: 32 groups; 0.8 s; peak memory 614 MiB.
2026-10-09T03:00:43Z INFO [149/900] 7e1c646d-e0d4-4474-8e25-0f2c120f73af: 32 groups; 0.8 s; peak memory 614 MiB.
2026-10-09T03:00:44Z INFO [150/900] 7e1cc531-e35e-4c25-b050-2191852c17ca: 254 groups; 0.8 s; peak memory 614 MiB.
2026-10-09T03:00:44Z INFO [150/900] 7e1cc531-e35e-4c25-b050-2191852c17ca: checkpointed 107686 new records.
2026-10-09T03:01:01Z INFO [151/900] 7e1cc92e-62d0-43ba-9225-5d0bb0ce8132: 121 groups; 17.3 s; peak memory 614 MiB.
2026-10-09T03:01:02Z INFO [152/900] 7e1e39f7-c877-476f-a4e5-13334e219a97: 103 groups; 0.7 s; peak memory 614 MiB.
2026-10-09T03:01:03Z INFO [153/900] 7e1fcb53-2f56-41e9-977c-11db2e0af681: 22 groups; 0.8 s; peak memory 614 MiB.
2026-10-09T03:01:15Z INFO [154/900] 7e1fdae9-12d7-4c6e-b3e5-538087c7897c: 4558 groups; 12.2 s; peak memory 614 MiB.
2026-10-09T03:01:16Z INFO [155/900] 7e20a340-6ff3-4869-98c0-b7e54e2cbac7: 33 groups; 0.6 s; peak memory 614 MiB.
2026-10-09T03:05:11Z INFO [156/900] 7e219582-790d-4660-b6a8-32b84eea2df4: 72 groups; 235.2 s; peak memory 614 MiB.
2026-10-09T03:05:12Z INFO [157/900] 7e21ba93-221a-4e20-96e0-8bf84d9af74d: 35 groups; 0.8 s; peak memory 614 MiB.
2026-10-09T03:05:14Z INFO [158/900] 7e21c7b6-bbfa-46ed-a5af-99def6fe4f3c: 37 groups; 2.1 s; peak memory 614 MiB.
2026-10-09T03:05:15Z INFO [159/900] 7e21d514-58d6-4a57-a220-c92b8bff8cdd: 207 groups; 1.2 s; peak memory 614 MiB.
2026-10-09T03:05:16Z INFO [160/900] 7e227343-4229-44fb-a197-b8597e09d5dc: 35 groups; 0.9 s; peak memory 614 MiB.
2026-10-09T03:05:19Z INFO [161/900] 7e234397-c617-4e21-87b2-f0d8396d6f2a: 78 groups; 3.6 s; peak memory 614 MiB.
2026-10-09T03:05:22Z INFO [162/900] 7e245a06-3141-4d37-a6c3-9553483dd90a: 50 groups; 2.1 s; peak memory 614 MiB.
2026-10-09T03:05:22Z INFO [163/900] 7e25554c-b62f-48b0-880d-7ddb672a0ec2: 49 groups; 0.9 s; peak memory 614 MiB.
2026-10-09T03:05:23Z INFO [164/900] 7e25ec62-fd42-4343-8212-d73a98cec662: 22 groups; 0.8 s; peak memory 614 MiB.
2026-10-09T03:05:27Z INFO [165/900] 7e2686e7-7f22-4b10-8bc4-297530d02666: 73 groups; 4.1 s; peak memory 614 MiB.
2026-10-09T03:05:28Z INFO [166/900] 7e27dce1-43ce-423b-a76d-d542c1d4d12f: 22 groups; 0.7 s; peak memory 614 MiB.
2026-10-09T03:09:19Z INFO [167/900] 7e28dac0-6f4b-4b17-9f24-2b94f989dd93: 58 groups; 231.4 s; peak memory 614 MiB.
2026-10-09T03:09:20Z INFO [168/900] 7e294423-acf0-459a-ae35-60d22b6c5ff9: 206 groups; 1.0 s; peak memory 614 MiB.
2026-10-09T03:09:21Z INFO [169/900] 7e29bbd6-a96f-47fd-896e-6285e1d489e1: 16 groups; 0.6 s; peak memory 614 MiB.
2026-10-09T03:09:22Z INFO [170/900] 7e29fef6-d93f-4bb9-bcc3-6d775319704d: 22 groups; 0.8 s; peak memory 614 MiB.
2026-10-09T03:11:38Z INFO [171/900] 7e2a3846-c56d-43bd-ab7b-1617b81d3348: 65 groups; 136.6 s; peak memory 614 MiB.
2026-10-09T03:11:43Z INFO [172/900] 7e2a5eb5-3559-470d-ad4c-d379c46aa0e8: 123 groups; 5.2 s; peak memory 614 MiB.
2026-10-09T03:11:45Z INFO [173/900] 7e2b0ae0-cf8b-4329-b591-63f8e6261219: 32 groups; 1.4 s; peak memory 614 MiB.
2026-10-09T03:11:59Z INFO [174/900] 7e2b83b9-11e7-4617-8783-420a4d64169d: 152 groups; 14.0 s; peak memory 614 MiB.
2026-10-09T03:11:59Z INFO [175/900] 7e2c84b0-57b1-48c0-8416-18db879473a3: 16 groups; 0.5 s; peak memory 614 MiB.
2026-10-09T03:12:00Z INFO [176/900] 7e2cc2de-dbad-438f-a02a-acc067899c21: 30 groups; 0.6 s; peak memory 614 MiB.
2026-10-09T03:12:07Z INFO [177/900] 7e2ccaff-bb4e-47a5-86e8-f72a71b61c5f: 2147 groups; 6.9 s; peak memory 614 MiB.
2026-10-09T03:12:08Z INFO [178/900] 7e2d0f6b-ebcc-4153-8d1e-99d8ede77d5b: 22 groups; 0.7 s; peak memory 614 MiB.
2026-10-09T03:12:08Z INFO [179/900] 7e2d6a16-9e8a-406c-bd4c-96f86bcd4d31: 253 groups; 0.8 s; peak memory 614 MiB.
2026-10-09T03:12:09Z INFO [180/900] 7e2ddf6f-efa3-4baa-a618-be6b048ffc86: 206 groups; 1.1 s; peak memory 614 MiB.
2026-10-09T03:12:10Z INFO [181/900] 7e2e00c1-b254-4906-a877-95cf7f134c7d: 32 groups; 0.8 s; peak memory 614 MiB.
2026-10-09T03:12:11Z INFO [182/900] 7e2e2558-057d-4a7f-be3d-0363e8de8046: 26 groups; 1.1 s; peak memory 614 MiB.
2026-10-09T03:12:18Z INFO [183/900] 7e2ea3cc-f5e3-4bce-b540-20f4c94be7f5: 33 groups; 7.0 s; peak memory 614 MiB.
2026-10-09T03:12:19Z INFO [184/900] 7e2fc985-14e8-43e7-aad7-7f531d33e94e: 35 groups; 1.1 s; peak memory 614 MiB.
2026-10-09T03:12:20Z INFO [185/900] 7e2fffee-eb95-4378-9006-2a429e2a06c7: 32 groups; 0.8 s; peak memory 614 MiB.
2026-10-09T03:12:22Z INFO [186/900] 7e303b6a-1ce5-4816-959c-5c95165faea6: 207 groups; 1.4 s; peak memory 614 MiB.
2026-10-09T03:12:22Z INFO [187/900] 7e304043-df6e-4ed6-b20a-06d82c10c116: 33 groups; 0.8 s; peak memory 614 MiB.
2026-10-09T03:12:23Z INFO [188/900] 7e305048-c1e9-4f17-b8d2-828124067999: 35 groups; 0.9 s; peak memory 614 MiB.
2026-10-09T03:12:24Z INFO [189/900] 7e30abdd-ff67-44d3-a47e-9e5947b0bb04: 32 groups; 0.9 s; peak memory 614 MiB.
2026-10-09T03:12:25Z INFO [190/900] 7e31406f-9c79-42c0-ba4f-300b6337c0fd: 35 groups; 1.0 s; peak memory 614 MiB.
2026-10-09T03:12:28Z INFO [191/900] 7e3187a6-e0f6-4105-920b-0f9b5150964f: 125 groups; 2.9 s; peak memory 614 MiB.
2026-10-09T03:12:43Z INFO [192/900] 7e31aa98-aa09-426d-b329-a5d1664fafe0: 112 groups; 14.5 s; peak memory 614 MiB.
2026-10-09T03:12:44Z INFO [193/900] 7e3214f0-c620-44fa-aa69-4f26c34b57ef: 35 groups; 0.9 s; peak memory 614 MiB.
2026-10-09T03:12:55Z INFO [194/900] 7e328d7d-2520-4aa3-a3a4-8b97470d451f: 177 groups; 11.3 s; peak memory 614 MiB.
2026-10-09T03:12:58Z INFO [195/900] 7e356021-66a9-4076-af41-faf923f7d036: 181 groups; 3.7 s; peak memory 614 MiB.
2026-10-09T03:13:00Z INFO [196/900] 7e358b13-bc04-4cb8-825a-de36e0c764f8: 573 groups; 1.3 s; peak memory 614 MiB.
2026-10-09T03:13:01Z INFO [197/900] 7e361878-60ff-46c8-b67d-36fe2b87b284: 32 groups; 0.9 s; peak memory 614 MiB.
2026-10-09T03:13:02Z INFO [198/900] 7e37e394-69a6-47f7-bc9e-50f4babe7cda: 29 groups; 1.3 s; peak memory 614 MiB.
2026-10-09T03:13:03Z INFO [199/900] 7e382e08-614b-45ae-a704-ccffcb9814dd: 22 groups; 1.0 s; peak memory 614 MiB.
2026-10-09T03:13:04Z INFO [200/900] 7e38b3fd-a0ce-4c82-af33-4ec0d0e1f77d: 21 groups; 0.8 s; peak memory 614 MiB.
2026-10-09T03:13:04Z INFO [200/900] 7e38b3fd-a0ce-4c82-af33-4ec0d0e1f77d: checkpointed 107736 new records.
2026-10-09T03:13:05Z INFO [201/900] 7e38de32-6234-4022-8642-4ec7e5f3ed53: 22 groups; 1.0 s; peak memory 614 MiB.
2026-10-09T03:13:06Z INFO [202/900] 7e392d76-cf15-4768-9fd1-b3bca80e84c4: 71 groups; 0.7 s; peak memory 614 MiB.
2026-10-09T03:13:06Z INFO [203/900] 7e39bed8-dca0-4dad-9d8e-c937c1c48178: 33 groups; 0.8 s; peak memory 614 MiB.
2026-10-09T03:13:15Z INFO [204/900] 7e3b1617-0501-46d5-8664-0f13570d80ef: 68 groups; 8.9 s; peak memory 614 MiB.
2026-10-09T03:13:16Z INFO [205/900] 7e3c558a-9a95-4a57-af60-6d99ae11e92b: 22 groups; 0.8 s; peak memory 614 MiB.
2026-10-09T03:13:17Z INFO [206/900] 7e3cc258-3d08-46d6-a7fb-6d7bf3e5808d: 28 groups; 0.9 s; peak memory 614 MiB.
2026-10-09T03:13:18Z INFO [207/900] 7e3d5110-6cb1-4854-bdcb-e5dff3b5c608: 32 groups; 0.8 s; peak memory 614 MiB.
2026-10-09T03:13:19Z INFO [208/900] 7e3d649c-d8c6-4f46-b9e5-ecd5f2ffb5c4: 35 groups; 1.0 s; peak memory 614 MiB.
2026-10-09T03:13:20Z INFO [209/900] 7e3dfb7a-2625-4cce-b5c5-d310d038bc40: 196 groups; 0.9 s; peak memory 614 MiB.
2026-10-09T03:28:11Z INFO [210/900] 7e3e0785-4793-4d7f-b07a-bb2d63b127f2: 44 groups; 891.6 s; peak memory 1070 MiB.
2026-10-09T03:28:12Z INFO [211/900] 7e3eba24-ad48-4133-b8c0-7a663b6db6a1: 22 groups; 0.6 s; peak memory 1070 MiB.
2026-10-09T03:28:15Z INFO [212/900] 7e3f6a38-acae-4f28-8bc0-2654899b4fa3: 17 groups; 2.7 s; peak memory 1070 MiB.
2026-10-09T03:28:16Z INFO [213/900] 7e41b99a-bb8a-436f-a340-61e6b6a6e63c: 60 groups; 1.6 s; peak memory 1070 MiB.
2026-10-09T03:28:17Z INFO [214/900] 7e420815-5d70-47eb-b91c-5c3ff883af60: 31 groups; 0.7 s; peak memory 1070 MiB.
2026-10-09T03:28:18Z INFO [215/900] 7e422d0d-f9e9-4a53-b9c7-073f4d774e88: 32 groups; 0.8 s; peak memory 1070 MiB.
2026-10-09T03:28:19Z INFO [216/900] 7e42dd4f-e1cd-4541-b5b9-50be69d9e57f: 253 groups; 0.7 s; peak memory 1070 MiB.
2026-10-09T03:28:20Z INFO [217/900] 7e435deb-d840-42ea-8d17-ca245e1d8c20: 35 groups; 0.9 s; peak memory 1070 MiB.
2026-10-09T03:28:20Z INFO [218/900] 7e439440-549d-48bf-869d-0876920c5340: 32 groups; 0.7 s; peak memory 1070 MiB.
2026-10-09T03:28:21Z INFO [219/900] 7e43fc46-a642-4830-b1cd-22b46981a2a4: 35 groups; 0.9 s; peak memory 1070 MiB.
2026-10-09T03:28:23Z INFO [220/900] 7e442143-52f1-40c4-8ee6-978506998eff: 48 groups; 2.1 s; peak memory 1070 MiB.
2026-10-09T03:29:00Z INFO [221/900] 7e4426b4-99f0-40e4-8252-9a26c55573a4: 26 groups; 36.7 s; peak memory 1070 MiB.
2026-10-09T03:29:00Z INFO [222/900] 7e444130-9c1c-4ff3-85dd-07a205b24455: 30 groups; 0.6 s; peak memory 1070 MiB.
2026-10-09T03:29:01Z INFO [223/900] 7e44ef4d-5184-42aa-abfb-fdc8d61737b4: 22 groups; 0.7 s; peak memory 1070 MiB.
2026-10-09T03:29:02Z INFO [224/900] 7e452084-0e91-4a91-b210-0a01765aeab6: 22 groups; 0.8 s; peak memory 1070 MiB.
2026-10-09T03:29:04Z INFO [225/900] 7e462cce-f187-4caf-bce5-c3d8a95052d1: 48 groups; 1.7 s; peak memory 1070 MiB.
2026-10-09T03:29:15Z INFO [226/900] 7e467030-80d7-419b-a69c-64db165ccbee: 63 groups; 11.1 s; peak memory 1070 MiB.
2026-10-09T03:29:16Z INFO [227/900] 7e46b2ea-b6d5-4783-bb2f-0846bdebe50c: 17 groups; 1.5 s; peak memory 1070 MiB.
2026-10-09T03:29:17Z INFO [228/900] 7e46be7a-b0cf-4fb2-9fb9-24a3d4a5db7d: 25 groups; 0.9 s; peak memory 1070 MiB.
2026-10-09T03:29:20Z INFO [229/900] 7e46e31f-35f9-4639-a777-46c4087e029a: 53 groups; 3.0 s; peak memory 1070 MiB.
2026-10-09T03:29:21Z INFO [230/900] 7e46fb70-eec8-4693-a72e-2eaf57c2e242: 25 groups; 0.6 s; peak memory 1070 MiB.
2026-10-09T03:29:22Z INFO [231/900] 7e47cd0c-2bd9-4a55-a1d6-951abf2c9100: 32 groups; 0.7 s; peak memory 1070 MiB.
2026-10-09T03:29:22Z INFO [232/900] 7e48549c-552b-4094-9f7c-c27b03edefd1: 32 groups; 0.8 s; peak memory 1070 MiB.
2026-10-09T03:29:23Z INFO [233/900] 7e496912-005e-4e1a-89e8-0688304865b2: 29 groups; 0.8 s; peak memory 1070 MiB.
2026-10-09T03:29:24Z INFO [234/900] 7e49f8c0-0ce0-4d9c-9edf-aa7f378b42b1: 207 groups; 1.2 s; peak memory 1070 MiB.
2026-10-09T03:29:25Z INFO [235/900] 7e4a14cf-f8a5-497d-af1b-2512c9b1272d: 41 groups; 1.0 s; peak memory 1070 MiB.
2026-10-09T03:29:26Z INFO [236/900] 7e4a4d13-e6bf-4ac5-bbb3-c1f3beb2e3e7: 32 groups; 0.8 s; peak memory 1070 MiB.
2026-10-09T03:29:27Z INFO [237/900] 7e4a572f-018e-4783-94d0-6055a9521bb9: 34 groups; 1.1 s; peak memory 1070 MiB.
2026-10-09T03:29:28Z INFO [238/900] 7e4a57bf-7229-4158-ac80-b23a49dfb8ae: 32 groups; 0.6 s; peak memory 1070 MiB.
2026-10-09T03:29:29Z INFO [239/900] 7e4a7a60-68af-4a2e-b3da-48292efa8690: 22 groups; 0.9 s; peak memory 1070 MiB.
2026-10-09T03:29:29Z INFO [240/900] 7e4a7b48-bc8f-46e6-911a-4f09ee3305e6: 28 groups; 0.6 s; peak memory 1070 MiB.
2026-10-09T03:29:30Z INFO [241/900] 7e4ace64-ed0b-43a4-aca3-95223bcf147f: 22 groups; 0.8 s; peak memory 1070 MiB.
2026-10-09T03:29:31Z INFO [242/900] 7e4ad1b1-89f4-48a9-81ab-795d07b67a1b: 32 groups; 0.8 s; peak memory 1070 MiB.
2026-10-09T03:29:32Z INFO [243/900] 7e4c1a1c-4718-4ed0-9ab2-164667e09dbf: 22 groups; 0.8 s; peak memory 1070 MiB.
2026-10-09T03:29:36Z INFO [244/900] 7e4c4c2a-4ce0-4b1f-a42e-4f3a27f8ec3f: 47 groups; 4.5 s; peak memory 1070 MiB.
2026-10-09T03:29:37Z INFO [245/900] 7e4c6a5a-30f0-4ffe-92a6-4c31cb3d0a9d: 32 groups; 0.8 s; peak memory 1070 MiB.
2026-10-09T03:29:39Z INFO [246/900] 7e4cfbed-28eb-41d2-acab-d585790b20fb: 261 groups; 1.8 s; peak memory 1070 MiB.
2026-10-09T03:29:40Z INFO [247/900] 7e4d5f11-2517-4df9-9f63-0f8ab034d73c: 22 groups; 0.8 s; peak memory 1070 MiB.
2026-10-09T03:29:40Z INFO [248/900] 7e4d6cc2-175f-40bc-bae7-f1ba52a97950: 22 groups; 0.7 s; peak memory 1070 MiB.
2026-10-09T03:29:45Z INFO [249/900] 7e4e1d2c-7f39-47be-9dfc-7da768cf6c40: 163 groups; 4.3 s; peak memory 1070 MiB.
2026-10-09T03:29:45Z INFO [250/900] 7e4ec355-6d9a-442e-bf9d-78304af49f67: 22 groups; 0.7 s; peak memory 1070 MiB.
2026-10-09T03:29:46Z INFO [250/900] 7e4ec355-6d9a-442e-bf9d-78304af49f67: checkpointed 107786 new records.
2026-10-09T03:29:46Z INFO [251/900] 7e4eed7c-f1cc-4110-b6dd-c90617435339: 203 groups; 1.0 s; peak memory 1070 MiB.
2026-10-09T03:29:48Z INFO [252/900] 7e4ef086-5055-4ea8-9a1a-d7398a646321: 207 groups; 1.8 s; peak memory 1070 MiB.
2026-10-09T03:29:49Z INFO [253/900] 7e4f8e3f-31bb-49a5-8ba7-56520d7d2a8d: 16 groups; 0.6 s; peak memory 1070 MiB.
2026-10-09T03:29:54Z INFO [254/900] 7e4f91d4-8b1e-448b-b865-166bbd99c1d8: 50 groups; 5.4 s; peak memory 1070 MiB.
2026-10-09T03:29:55Z INFO [255/900] 7e4fc29f-54e6-41eb-8ab3-59fa947305ca: 194 groups; 0.9 s; peak memory 1070 MiB.
2026-10-09T03:29:56Z INFO [256/900] 7e504107-70f5-4cc1-ac96-1aae9582faa4: 206 groups; 1.1 s; peak memory 1070 MiB.
2026-10-09T03:29:58Z INFO [257/900] 7e505150-3bfa-44df-a967-be5a1324cf70: 17 groups; 1.3 s; peak memory 1070 MiB.
2026-10-09T03:30:00Z INFO [258/900] 7e505e9b-1755-41a9-8351-d9b10fd3eca3: 48 groups; 2.0 s; peak memory 1070 MiB.
2026-10-09T03:30:00Z INFO [259/900] 7e507de7-7c1d-44e3-afcf-57d198762ad6: 30 groups; 0.6 s; peak memory 1070 MiB.
2026-10-09T03:30:02Z INFO [260/900] 7e509332-ccd5-4428-9413-15a908466701: 96 groups; 2.0 s; peak memory 1070 MiB.
2026-10-09T03:30:03Z INFO [261/900] 7e50d0ab-58f1-4259-a2dd-33d7ecdac21d: 35 groups; 1.0 s; peak memory 1070 MiB.
2026-10-09T03:30:05Z INFO [262/900] 7e51a5a8-d9ee-44dd-b3b3-c3acd47e5d98: 52 groups; 1.5 s; peak memory 1070 MiB.
2026-10-09T03:30:06Z INFO [263/900] 7e52c20c-0660-4e3f-bcf5-cf3a54e43b0b: 338 groups; 1.1 s; peak memory 1070 MiB.
2026-10-09T03:30:07Z INFO [264/900] 7e52c410-bc3a-4341-bca6-1e0118584a31: 31 groups; 0.8 s; peak memory 1070 MiB.
2026-10-09T03:30:07Z INFO [265/900] 7e5415dc-77a8-4916-9ccf-9560ea365665: 22 groups; 0.6 s; peak memory 1070 MiB.
2026-10-09T03:30:09Z INFO [266/900] 7e54e9b0-7e72-4897-a911-39bfefea9a1d: 36 groups; 1.7 s; peak memory 1070 MiB.
2026-10-09T03:30:09Z INFO [267/900] 7e55998a-d7b8-46e7-bdef-c890e63d1516: 27 groups; 0.5 s; peak memory 1070 MiB.
2026-10-09T03:32:19Z INFO [268/900] 7e5795b7-4ea2-4d54-bc68-6890d622c2a7: 60 groups; 129.8 s; peak memory 1070 MiB.
2026-10-09T03:32:20Z INFO [269/900] 7e5832b4-8582-4a7f-b743-ee06c4537709: 16 groups; 0.5 s; peak memory 1070 MiB.
2026-10-09T03:32:20Z INFO [270/900] 7e58d574-7967-438e-85ee-1c014d8c0dcf: 16 groups; 0.5 s; peak memory 1070 MiB.
2026-10-09T03:32:21Z INFO [271/900] 7e58feb2-ff55-43ad-8e75-3a51251f1c76: 32 groups; 0.8 s; peak memory 1070 MiB.
2026-10-09T03:32:22Z INFO [272/900] 7e596607-b3da-4423-bbdb-3acebfdb229c: 22 groups; 0.8 s; peak memory 1070 MiB.
2026-10-09T03:32:36Z INFO [273/900] 7e5a29fb-4171-4966-98eb-c5a97324301a: 22 groups; 13.8 s; peak memory 1070 MiB.
2026-10-09T03:32:37Z INFO [274/900] 7e5a3aec-3645-4248-a5b5-20c8fefc959e: 36 groups; 1.2 s; peak memory 1070 MiB.
2026-10-09T03:32:40Z INFO [275/900] 7e5a3bda-1af1-4f31-87d3-676e7bab988c: 181 groups; 3.6 s; peak memory 1070 MiB.
2026-10-09T03:32:41Z INFO [276/900] 7e5a5260-e7e9-4639-b551-178940e4fd4c: 22 groups; 0.7 s; peak memory 1070 MiB.
2026-10-09T03:32:42Z INFO [277/900] 7e5af998-bc20-428a-8a3e-5a4063fd5604: 195 groups; 1.0 s; peak memory 1070 MiB.
2026-10-09T03:32:43Z INFO [278/900] 7e5b5344-423b-4a9f-afd9-70bc85b1567b: 253 groups; 0.7 s; peak memory 1070 MiB.
2026-10-09T03:33:12Z INFO [279/900] 7e5bf8be-c3cd-4b1f-b0b4-32eb19d79c3d: 26 groups; 29.7 s; peak memory 1070 MiB.
2026-10-09T03:33:13Z INFO [280/900] 7e5cbee3-bd64-4616-8003-ba8df9343abe: 35 groups; 0.9 s; peak memory 1070 MiB.
2026-10-09T03:33:14Z INFO [281/900] 7e5ce235-1e6c-494a-b4bc-0d6c8f5171d4: 32 groups; 0.8 s; peak memory 1070 MiB.
2026-10-09T03:33:16Z INFO [282/900] 7e5da36b-7825-4724-b722-ac18fd630adb: 48 groups; 1.5 s; peak memory 1070 MiB.
2026-10-09T03:33:16Z INFO [283/900] 7e5e2ca9-a36b-4c8b-b799-28076437f8b6: 24 groups; 0.6 s; peak memory 1070 MiB.
2026-10-09T03:33:23Z INFO [284/900] 7e5f2db6-4693-445e-9ff4-b57b83f61ebf: 1662 groups; 6.7 s; peak memory 1070 MiB.
2026-10-09T03:33:24Z INFO [285/900] 7e5f38b8-7893-415e-b8ed-38f5c49d4fea: 43 groups; 1.3 s; peak memory 1070 MiB.
2026-10-09T03:33:26Z INFO [286/900] 7e5f7e58-b2d4-40e8-b7d9-fe11643729e8: 31 groups; 1.6 s; peak memory 1070 MiB.
2026-10-09T03:33:27Z INFO [287/900] 7e5f982b-923b-4ee3-ae49-b4f9b5b5a307: 25 groups; 0.9 s; peak memory 1070 MiB.
2026-10-09T03:37:24Z INFO [288/900] 7e5fe1a7-0b47-4a5a-a33f-3228c322a132: 39 groups; 237.6 s; peak memory 1070 MiB.
2026-10-09T03:37:26Z INFO [289/900] 7e5fff16-dc42-4af4-9f4f-94cc4de07355: 31 groups; 1.3 s; peak memory 1070 MiB.
2026-10-09T03:37:27Z INFO [290/900] 7e606503-f6d6-4af2-807f-6271b5cfb56b: 196 groups; 1.0 s; peak memory 1070 MiB.
2026-10-09T03:37:28Z INFO [291/900] 7e60af26-fe64-4ac8-a4a5-6910b122d38a: 195 groups; 1.1 s; peak memory 1070 MiB.
2026-10-09T03:37:29Z INFO [292/900] 7e60c841-3fc5-460e-bba3-366c792abf35: 22 groups; 1.0 s; peak memory 1070 MiB.
2026-10-09T03:37:30Z INFO [293/900] 7e615876-7afa-4456-98bd-33a58e10f1ca: 25 groups; 0.9 s; peak memory 1070 MiB.
2026-10-09T03:37:31Z INFO [294/900] 7e618215-c8a6-4272-8346-90aa32c4e247: 22 groups; 0.8 s; peak memory 1070 MiB.
2026-10-09T03:37:53Z INFO [295/900] 7e61b6ae-a93e-41b0-a846-a50309af8967: 23 groups; 22.1 s; peak memory 1070 MiB.
2026-10-09T03:37:59Z INFO [296/900] 7e622b4a-8c07-4bc0-83c1-662ccfaca908: 293 groups; 6.5 s; peak memory 1070 MiB.
2026-10-09T03:38:04Z INFO [297/900] 7e623159-4053-4547-958c-a33e8eddcb47: 106 groups; 4.8 s; peak memory 1070 MiB.
2026-10-09T03:38:10Z INFO [298/900] 7e63718d-1c86-45e2-91d5-fff6196fbafc: 22 groups; 5.9 s; peak memory 1070 MiB.
2026-10-09T03:38:11Z INFO [299/900] 7e63d2f6-7357-4bdf-bd56-2cd9372e11f0: 18 groups; 0.9 s; peak memory 1070 MiB.
2026-10-09T03:38:14Z INFO [300/900] 7e640a78-7fea-425f-8d7f-ad0129426e49: 181 groups; 3.2 s; peak memory 1070 MiB.
2026-10-09T03:38:14Z INFO [300/900] 7e640a78-7fea-425f-8d7f-ad0129426e49: checkpointed 107836 new records.
2026-10-09T03:38:24Z INFO [301/900] 7e64574f-2ed0-4441-b8ac-e70db4e497ea: 27 groups; 10.3 s; peak memory 1070 MiB.
2026-10-09T03:38:25Z INFO [302/900] 7e65b8d1-138e-4471-9645-bf2ed0e654bc: 22 groups; 0.7 s; peak memory 1070 MiB.
2026-10-09T03:38:26Z INFO [303/900] 7e66226e-479f-4fb6-90ca-e842a6d9a73f: 22 groups; 0.7 s; peak memory 1070 MiB.
2026-10-09T03:38:46Z INFO [304/900] 7e668db0-f182-4772-b2b4-7a35a81c966b: 23 groups; 20.4 s; peak memory 1070 MiB.
2026-10-09T03:38:47Z INFO [305/900] 7e67051f-ecda-4e5c-b2c3-827fa6fdf4c5: 35 groups; 0.9 s; peak memory 1070 MiB.
2026-10-09T03:38:48Z INFO [306/900] 7e67393e-0816-4eed-b02f-7ba349ffd44b: 24 groups; 0.6 s; peak memory 1070 MiB.
2026-10-09T03:38:48Z INFO [307/900] 7e6781e3-dac5-4191-be62-e0f6b470752c: 29 groups; 0.8 s; peak memory 1070 MiB.
2026-10-09T03:38:49Z INFO [308/900] 7e67a385-c951-4dd4-b3fe-2432054bafbd: 22 groups; 0.6 s; peak memory 1070 MiB.
2026-10-09T03:38:50Z INFO [309/900] 7e680082-9b87-4656-8c6a-138fe528f82d: 17 groups; 0.7 s; peak memory 1070 MiB.
2026-10-09T03:38:53Z INFO [310/900] 7e691d7b-48a7-43c3-a53d-52393a3e3ce6: 25 groups; 3.3 s; peak memory 1070 MiB.
2026-10-09T03:38:54Z INFO [311/900] 7e696046-52c6-461f-8059-882a59a37626: 24 groups; 0.9 s; peak memory 1070 MiB.
2026-10-09T03:38:55Z INFO [312/900] 7e69cd29-1822-43e9-82bb-0acc42897cd6: 32 groups; 0.8 s; peak memory 1070 MiB.
2026-10-09T03:38:56Z INFO [313/900] 7e69dd87-09ef-4d61-873a-749948c1def9: 341 groups; 1.5 s; peak memory 1070 MiB.
2026-10-09T03:38:57Z INFO [314/900] 7e6a12cf-d9d4-4e67-acb0-ce6a319de2ad: 35 groups; 0.8 s; peak memory 1070 MiB.
2026-10-09T03:38:58Z INFO [315/900] 7e6a85cb-f362-4d69-b71c-48c6fb650331: 35 groups; 0.8 s; peak memory 1070 MiB.
2026-10-09T03:39:25Z INFO [316/900] 7e6b0638-9385-4f5e-9980-aa8609e0b75f: 17 groups; 26.9 s; peak memory 1070 MiB.
2026-10-09T03:39:26Z INFO [317/900] 7e6b7812-47e0-4090-bcde-c52c8202563f: 27 groups; 0.9 s; peak memory 1070 MiB.
2026-10-09T03:39:27Z INFO [318/900] 7e6c6840-195a-4d29-a713-e89b53edb281: 22 groups; 0.7 s; peak memory 1070 MiB.
2026-10-09T03:39:32Z INFO [319/900] 7e6d1e2f-9a38-44d0-93e7-8d52e8820d7c: 74 groups; 5.2 s; peak memory 1070 MiB.
2026-10-09T03:39:33Z INFO [320/900] 7e6d342a-0217-488f-88dd-c08564635b53: 35 groups; 0.9 s; peak memory 1070 MiB.
2026-10-09T03:39:33Z INFO [321/900] 7e6ddc42-e73d-4f14-9e0a-5aab209d2f14: 22 groups; 0.8 s; peak memory 1070 MiB.
2026-10-09T03:39:36Z INFO [322/900] 7e6f1fa9-fd9e-4ae4-8c12-db1466ea15ed: 62 groups; 2.5 s; peak memory 1070 MiB.
2026-10-09T03:39:37Z INFO [323/900] 7e6f942d-694c-4b77-9dae-2d6ec3e9b141: 32 groups; 0.8 s; peak memory 1070 MiB.
2026-10-09T03:39:37Z INFO [324/900] 7e6fbf9e-5fa9-42fb-b483-56c4f18ca2cf: 25 groups; 0.7 s; peak memory 1070 MiB.
2026-10-09T03:39:38Z INFO [325/900] 7e70551d-a42e-4a04-9386-38a157b4d548: 30 groups; 0.6 s; peak memory 1070 MiB.
2026-10-09T03:39:44Z INFO [326/900] 7e72233a-e860-4830-bf0a-01910f1b856c: 210 groups; 5.7 s; peak memory 1070 MiB.
2026-10-09T03:39:45Z INFO [327/900] 7e7294df-0387-4a9c-bfd5-3891a3ce4627: 32 groups; 0.8 s; peak memory 1070 MiB.
2026-10-09T03:39:45Z INFO [328/900] 7e72f623-46fa-4bfb-90b8-ee79a50c54bd: 22 groups; 0.7 s; peak memory 1070 MiB.
2026-10-09T03:39:46Z INFO [329/900] 7e74cbe2-abab-41cf-a5bc-5dba85a18e5c: 22 groups; 0.7 s; peak memory 1070 MiB.
2026-10-09T03:39:47Z INFO [330/900] 7e75a9be-84e2-459f-9042-f3844d0955e7: 104 groups; 1.0 s; peak memory 1070 MiB.
2026-10-09T03:39:48Z INFO [331/900] 7e760376-d8d2-4d80-9122-f9c12f74eeb9: 16 groups; 0.6 s; peak memory 1070 MiB.
2026-10-09T03:39:48Z INFO [332/900] 7e7639af-e011-4c07-9437-0e3406c68772: 35 groups; 0.9 s; peak memory 1070 MiB.
2026-10-09T03:39:50Z INFO [333/900] 7e763eab-9d07-414d-9aa0-d0b538db4570: 27 groups; 1.2 s; peak memory 1070 MiB.
2026-10-09T03:39:50Z INFO [334/900] 7e771a50-4e7d-41a7-9550-cc362ad0921e: 32 groups; 0.8 s; peak memory 1070 MiB.
2026-10-09T03:39:51Z INFO [335/900] 7e7824e9-7bd9-4294-87ab-8fdbeeb266df: 32 groups; 0.8 s; peak memory 1070 MiB.
2026-10-09T03:39:53Z INFO [336/900] 7e78639c-9521-45f0-83b5-273ca6f92e9a: 54 groups; 1.9 s; peak memory 1070 MiB.
2026-10-09T03:39:54Z INFO [337/900] 7e78aede-31fb-42a6-bd93-ce1623f205eb: 28 groups; 0.5 s; peak memory 1070 MiB.
2026-10-09T03:39:54Z INFO [338/900] 7e78b5bc-b881-4a01-823b-66c13d3819f1: 29 groups; 1.0 s; peak memory 1070 MiB.
2026-10-09T03:39:55Z INFO [339/900] 7e792ccb-87ce-43a3-af43-0cd63508c45f: 22 groups; 0.8 s; peak memory 1070 MiB.
2026-10-09T03:39:56Z INFO [340/900] 7e7a00fd-03b0-4ad7-ba87-247f32ac83e0: 200 groups; 0.9 s; peak memory 1070 MiB.
2026-10-09T03:39:57Z INFO [341/900] 7e7a282e-2df5-483e-a9e6-6914a6411977: 29 groups; 0.5 s; peak memory 1070 MiB.
2026-10-09T03:39:57Z INFO [342/900] 7e7aee0e-b17c-43b0-8700-04e4380a242d: 25 groups; 0.5 s; peak memory 1070 MiB.
2026-10-09T03:39:58Z INFO [343/900] 7e7b3143-15ad-4f6d-87f0-3aad51123f30: 22 groups; 0.7 s; peak memory 1070 MiB.
2026-10-09T03:39:59Z INFO [344/900] 7e7b6b9e-6d3e-4c50-8a4f-6e1ca60acedf: 22 groups; 0.8 s; peak memory 1070 MiB.
2026-10-09T03:39:59Z INFO [345/900] 7e7b95b2-56e2-48d5-8d53-f383596a71f5: 253 groups; 0.7 s; peak memory 1070 MiB.
2026-10-09T03:40:00Z INFO [346/900] 7e7d1b18-f16c-4344-82bd-9a995a9a9b30: 22 groups; 0.6 s; peak memory 1070 MiB.
2026-10-09T03:40:01Z INFO [347/900] 7e7d1c93-3ae2-4221-bad3-78dc2fa6643c: 32 groups; 0.7 s; peak memory 1070 MiB.
2026-10-09T03:40:24Z INFO [348/900] 7e7d26d1-28f5-43e4-8fad-bad2c40791aa: 23 groups; 23.3 s; peak memory 1070 MiB.
2026-10-09T03:40:27Z INFO [349/900] 7e7df96c-287f-4366-8cf5-871e910c389a: 101 groups; 3.4 s; peak memory 1070 MiB.
2026-10-09T03:40:29Z INFO [350/900] 7e7dfa04-54fa-4554-827a-bfa245500890: 341 groups; 1.2 s; peak memory 1070 MiB.
2026-10-09T03:40:29Z INFO [350/900] 7e7dfa04-54fa-4554-827a-bfa245500890: checkpointed 107886 new records.
2026-10-09T03:40:30Z INFO [351/900] 7e7e28cb-4167-443a-8a69-71287fa5c90a: 22 groups; 0.7 s; peak memory 1070 MiB.
2026-10-09T03:40:30Z INFO [352/900] 7e7e9855-fc0a-46f4-90b5-0dda2e960b14: 201 groups; 0.9 s; peak memory 1070 MiB.
2026-10-09T03:42:50Z INFO [353/900] 7e7edb55-7909-469e-a738-4062de690011: 72 groups; 139.5 s; peak memory 1070 MiB.
2026-10-09T03:42:52Z INFO [354/900] 7e7f62da-e08c-43df-a9d8-7a44ea05a294: 48 groups; 2.3 s; peak memory 1070 MiB.
2026-10-09T03:42:53Z INFO [355/900] 7e7fb69c-a70d-411c-b290-ad35b9d1a184: 22 groups; 0.7 s; peak memory 1070 MiB.
2026-10-09T03:42:54Z INFO [356/900] 7e800e0c-c953-48fd-b8f8-ae36de15bd4b: 204 groups; 1.3 s; peak memory 1070 MiB.
2026-10-09T03:42:55Z INFO [357/900] 7e8040b7-0a3b-4a84-bce3-6a70a2fab7eb: 22 groups; 0.8 s; peak memory 1070 MiB.
2026-10-09T03:42:56Z INFO [358/900] 7e81c136-430d-4f95-a7b0-322d2c53ff8e: 18 groups; 0.7 s; peak memory 1070 MiB.
2026-10-09T03:42:56Z INFO [359/900] 7e81cc8d-becd-4923-878c-eaf9a9915c4d: 30 groups; 0.6 s; peak memory 1070 MiB.
2026-10-09T03:43:03Z INFO [360/900] 7e81f6fd-1d95-4fc6-85a9-8e2e4c2a86a2: 191 groups; 6.4 s; peak memory 1070 MiB.
2026-10-09T03:43:04Z INFO [361/900] 7e82d19c-4ded-4254-837c-97683f481b6a: 36 groups; 1.3 s; peak memory 1070 MiB.
2026-10-09T03:43:05Z INFO [362/900] 7e838258-3776-4121-b5ac-3c58b836fa20: 32 groups; 0.9 s; peak memory 1070 MiB.
2026-10-09T03:43:07Z INFO [363/900] 7e83fd46-0608-46f3-a228-63f860d32834: 54 groups; 1.5 s; peak memory 1070 MiB.
2026-10-09T03:43:07Z INFO [364/900] 7e846622-a521-4645-b38a-db79a325219d: 22 groups; 0.7 s; peak memory 1070 MiB.
2026-10-09T03:43:08Z INFO [365/900] 7e8767a1-20a4-4e3a-8a96-4f29ab1c427a: 33 groups; 0.6 s; peak memory 1070 MiB.
2026-10-09T03:43:21Z INFO [366/900] 7e8afca4-efeb-44b0-a188-d29a5a870d34: 18 groups; 13.1 s; peak memory 1070 MiB.
2026-10-09T03:43:22Z INFO [367/900] 7e8afe54-8651-4dd5-9951-3b5de440b97d: 33 groups; 1.2 s; peak memory 1070 MiB.
2026-10-09T03:43:23Z INFO [368/900] 7e8b85c3-3ada-427a-9f3d-69a088a99a58: 22 groups; 0.7 s; peak memory 1070 MiB.
2026-10-09T03:43:27Z INFO [369/900] 7e8bbf2b-b3ab-4dd4-87c4-b253a4a5fd03: 78 groups; 3.8 s; peak memory 1070 MiB.
2026-10-09T03:43:29Z INFO [370/900] 7e8c7878-925c-4909-9274-7c7deb233823: 48 groups; 1.9 s; peak memory 1070 MiB.
2026-10-09T03:43:29Z INFO [371/900] 7e8c85fc-089a-43a7-b0ca-85007c16c466: 35 groups; 0.9 s; peak memory 1070 MiB.
2026-10-09T03:43:31Z INFO [372/900] 7e8cac1f-7fe5-4b3a-bc8d-99d1eab6f5fc: 203 groups; 1.3 s; peak memory 1070 MiB.
2026-10-09T03:43:32Z INFO [373/900] 7e8d14f5-a177-46b4-a1ca-09114245d863: 32 groups; 0.8 s; peak memory 1070 MiB.
2026-10-09T03:43:32Z INFO [374/900] 7e8d274a-5398-40ad-b0cb-9a34b8662c77: 32 groups; 0.8 s; peak memory 1070 MiB.
2026-10-09T03:43:33Z INFO [375/900] 7e8da721-249a-4042-a855-6a50a77ef5ba: 22 groups; 0.7 s; peak memory 1070 MiB.
2026-10-09T03:43:38Z INFO [376/900] 7e8dcc74-905f-4e7a-91be-dbbafabc4e77: 85 groups; 5.1 s; peak memory 1070 MiB.
2026-10-09T03:43:39Z INFO [377/900] 7e8df628-1e09-4567-a5ad-b77983f2b0a9: 22 groups; 0.7 s; peak memory 1070 MiB.
2026-10-09T03:43:42Z INFO [378/900] 7e8e209d-b951-4a35-8bbb-b04c0f26cf07: 141 groups; 3.7 s; peak memory 1070 MiB.
2026-10-09T03:43:45Z INFO [379/900] 7e8eeea3-a45d-49b8-9f6f-9a6af59079d8: 47 groups; 2.3 s; peak memory 1070 MiB.
2026-10-09T03:43:46Z INFO [380/900] 7e91241b-c3d9-4119-9d25-3f0c9f38bdb1: 35 groups; 1.0 s; peak memory 1070 MiB.
2026-10-09T03:43:47Z INFO [381/900] 7e9147e8-bcd6-4761-bfb8-8a50dd99dbb9: 22 groups; 0.8 s; peak memory 1070 MiB.
2026-10-09T03:43:47Z INFO [382/900] 7e9213f3-a254-42c9-a2a4-4910c6e80f41: 22 groups; 0.6 s; peak memory 1070 MiB.
2026-10-09T03:43:48Z INFO [383/900] 7e92a79a-439a-4b24-9ab4-88009710ed43: 22 groups; 0.7 s; peak memory 1070 MiB.
2026-10-09T03:43:49Z INFO [384/900] 7e932dd7-ca5b-4bbc-807e-f3151147a9f7: 22 groups; 0.8 s; peak memory 1070 MiB.
2026-10-09T03:43:57Z INFO [385/900] 7e9406eb-520d-447d-b1e4-e59f95b75bf4: 224 groups; 8.5 s; peak memory 1070 MiB.
2026-10-09T03:43:58Z INFO [386/900] 7e9456b3-7a05-4638-abdb-dd5b98d487cb: 201 groups; 0.9 s; peak memory 1070 MiB.
2026-10-09T03:43:59Z INFO [387/900] 7e946d05-c825-4923-9c49-0fdc50ed346f: 26 groups; 0.6 s; peak memory 1070 MiB.
2026-10-09T03:43:59Z INFO [388/900] 7e94e9b2-e014-48da-b759-5c056151d5ab: 22 groups; 0.7 s; peak memory 1070 MiB.
2026-10-09T03:44:01Z INFO [389/900] 7e956bbb-7cac-4bb7-b226-eb63b0dbf280: 29 groups; 1.1 s; peak memory 1070 MiB.
2026-10-09T03:44:02Z INFO [390/900] 7e9595e2-ac74-42f7-8edd-a40608cda556: 42 groups; 1.0 s; peak memory 1070 MiB.
2026-10-09T03:44:33Z INFO [391/900] 7e96c9af-20d0-429f-b714-3e1089b56c24: 27 groups; 31.1 s; peak memory 1070 MiB.
2026-10-09T03:44:34Z INFO [392/900] 7e9734a7-827d-442a-9da2-600cbe1af2e0: 336 groups; 1.1 s; peak memory 1070 MiB.
2026-10-09T03:44:34Z INFO [393/900] 7e97a39b-5cf3-4394-af84-6c2281c297b9: 32 groups; 0.7 s; peak memory 1070 MiB.
2026-10-09T03:44:35Z INFO [394/900] 7e97fa5d-2035-48be-9194-d38d4038fc21: 22 groups; 0.8 s; peak memory 1070 MiB.
2026-10-09T03:44:36Z INFO [395/900] 7e984aa5-b5b6-4219-a60b-df7c6c279c4c: 32 groups; 1.2 s; peak memory 1070 MiB.
2026-10-09T03:44:40Z INFO [396/900] 7e98a102-3230-45fe-96df-f64f66e56831: 105 groups; 3.5 s; peak memory 1070 MiB.
2026-10-09T03:44:41Z INFO [397/900] 7e996c34-2a3e-45ab-89ec-f4755c59e7d8: 22 groups; 0.8 s; peak memory 1070 MiB.
2026-10-09T03:44:46Z INFO [398/900] 7e9c7684-14cc-4dc9-bd0d-cb81b0396177: 320 groups; 5.7 s; peak memory 1070 MiB.
2026-10-09T03:44:47Z INFO [399/900] 7e9c784e-4720-4652-a59a-a4c80e2b7318: 35 groups; 1.0 s; peak memory 1070 MiB.
2026-10-09T03:44:53Z INFO [400/900] 7e9d107c-9e3a-4cf3-9bc7-834b9e007dd3: 196 groups; 5.8 s; peak memory 1070 MiB.
2026-10-09T03:44:53Z INFO [400/900] 7e9d107c-9e3a-4cf3-9bc7-834b9e007dd3: checkpointed 107936 new records.
2026-10-09T03:44:54Z INFO [401/900] 7e9d2ba0-6653-44da-b19e-6254325402a1: 199 groups; 0.8 s; peak memory 1070 MiB.
2026-10-09T03:44:55Z INFO [402/900] 7e9d5ed1-a451-4386-87a1-0d34d0c5c6af: 22 groups; 0.7 s; peak memory 1070 MiB.
2026-10-09T03:44:56Z INFO [403/900] 7e9e12d2-d9e4-4e34-95f5-c6c1f6f538ff: 35 groups; 0.9 s; peak memory 1070 MiB.
2026-10-09T03:44:57Z INFO [404/900] 7e9e3915-9048-497d-8b9a-28649bb106ac: 35 groups; 0.9 s; peak memory 1070 MiB.
2026-10-09T03:44:58Z INFO [405/900] 7e9e3fc3-e9fb-4068-ad98-a3739cdf88a9: 22 groups; 0.7 s; peak memory 1070 MiB.
2026-10-09T03:44:58Z INFO [406/900] 7e9eb996-0bbd-489a-b131-98ee6da85c27: 31 groups; 0.5 s; peak memory 1070 MiB.
2026-10-09T03:45:52Z INFO [407/900] 7e9fe4cd-1362-42b4-85ab-5789757dc688: 8118 groups; 53.5 s; peak memory 1070 MiB.
2026-10-09T03:45:52Z INFO [408/900] 7ea06680-aa64-46ee-9cb7-9630565cf24d: 32 groups; 0.9 s; peak memory 1070 MiB.
2026-10-09T03:45:53Z INFO [409/900] 7ea0a645-a912-4de0-b836-f980c80c8bbe: 35 groups; 1.0 s; peak memory 1070 MiB.
2026-10-09T03:45:54Z INFO [410/900] 7ea12f61-db74-4411-9861-dcb6bc62b47d: 22 groups; 1.0 s; peak memory 1070 MiB.
2026-10-09T03:45:55Z INFO [411/900] 7ea17588-bf3f-4c9e-a741-4073cf80fbee: 28 groups; 0.7 s; peak memory 1070 MiB.
2026-10-09T03:45:56Z INFO [412/900] 7ea23f0d-6acf-412e-968d-816a605e6ddd: 22 groups; 0.8 s; peak memory 1070 MiB.
2026-10-09T03:45:57Z INFO [413/900] 7ea27ce0-cc3e-4a6c-ab89-0b810f7bfcef: 32 groups; 0.8 s; peak memory 1070 MiB.
2026-10-09T03:46:09Z INFO [414/900] 7ea29782-d16a-4207-9926-96a43226ce7a: 148 groups; 12.0 s; peak memory 1070 MiB.
2026-10-09T03:46:10Z INFO [415/900] 7ea2c87d-47e7-4389-a634-2e56c047b930: 22 groups; 0.9 s; peak memory 1070 MiB.
2026-10-09T03:46:13Z INFO [416/900] 7ea3ba40-c86f-4989-80e5-16cfa5f11efb: 78 groups; 3.5 s; peak memory 1070 MiB.
2026-10-09T03:46:14Z INFO [417/900] 7ea3c766-ab70-4c16-b877-6116d26f53c9: 35 groups; 1.2 s; peak memory 1070 MiB.
2026-10-09T03:46:18Z INFO [418/900] 7ea3e83d-d037-4d73-a9bc-ade9cb667140: 158 groups; 3.7 s; peak memory 1070 MiB.
2026-10-09T03:48:19Z INFO [419/900] 7ea4ceba-ab87-43b6-84a6-135f532ed5ce: 60 groups; 120.5 s; peak memory 1070 MiB.
2026-10-09T03:48:35Z INFO [420/900] 7ea5edfd-b27b-4db0-984d-a95447f3b045: 72 groups; 16.4 s; peak memory 1070 MiB.
2026-10-09T03:48:44Z INFO [421/900] 7ea5fa52-c7f9-4a81-af1f-626777a55938: 219 groups; 8.6 s; peak memory 1070 MiB.
2026-10-09T03:50:54Z INFO [422/900] 7ea62833-d0ce-48e3-957e-0dcb808228df: 60 groups; 130.9 s; peak memory 1070 MiB.
2026-10-09T03:50:55Z INFO [423/900] 7ea69728-258a-4645-90ca-740ff41000f7: 35 groups; 1.0 s; peak memory 1070 MiB.
2026-10-09T03:50:57Z INFO [424/900] 7ea78c4b-2a34-431c-bd20-2a2b7c725798: 48 groups; 1.9 s; peak memory 1070 MiB.
2026-10-09T03:50:58Z INFO [425/900] 7ea79459-105c-42ce-b0d4-994304b9d1d1: 28 groups; 0.6 s; peak memory 1070 MiB.
2026-10-09T03:50:59Z INFO [426/900] 7ea7d05d-4260-4e0f-b23c-cacaeb5f2ec6: 29 groups; 0.7 s; peak memory 1070 MiB.
2026-10-09T03:52:40Z INFO [427/900] 7ea7e9b5-d3f3-4fc0-a3b7-a0379a64932c: 45 groups; 100.9 s; peak memory 1249 MiB.
2026-10-09T03:52:52Z INFO [428/900] 7ea8086e-cea6-49dc-baf0-022db644806a: 27 groups; 12.3 s; peak memory 1249 MiB.
2026-10-09T03:52:53Z INFO [429/900] 7ea8ad30-fa1d-4315-b0b9-d2959ba5b0b4: 18 groups; 0.6 s; peak memory 1249 MiB.
2026-10-09T03:52:53Z INFO [430/900] 7ea8b0e7-8573-410a-bb39-f6907afd6bd0: 32 groups; 0.9 s; peak memory 1249 MiB.
2026-10-09T03:52:54Z INFO [431/900] 7ea9ef08-71fa-4997-875b-65876dfa3201: 32 groups; 1.0 s; peak memory 1249 MiB.
2026-10-09T03:52:55Z INFO [432/900] 7eaa1b09-17e0-4d9f-9df5-0af24abcf2c2: 22 groups; 0.8 s; peak memory 1249 MiB.
2026-10-09T03:53:02Z INFO [433/900] 7eabeb82-c2b9-468c-b890-9c1d0e68d5ff: 224 groups; 7.0 s; peak memory 1249 MiB.
2026-10-09T03:53:04Z INFO [434/900] 7eade635-7a75-4c2f-a28e-4c0d2d161a12: 32 groups; 1.8 s; peak memory 1249 MiB.
2026-10-09T03:53:28Z INFO [435/900] 7eae60d6-2dc9-46ae-9e81-25aeb6864264: 1338 groups; 23.7 s; peak memory 1249 MiB.
2026-10-09T03:53:28Z INFO [436/900] 7eae6f81-c03f-42b1-838f-69ad1916d095: 26 groups; 0.5 s; peak memory 1249 MiB.
2026-10-09T03:53:29Z INFO [437/900] 7eaf1b58-a191-439c-8918-67b25f3cb209: 24 groups; 0.7 s; peak memory 1249 MiB.
2026-10-09T03:53:31Z INFO [438/900] 7eaf226e-663c-403e-b197-811cf1dad957: 48 groups; 1.8 s; peak memory 1249 MiB.
2026-10-09T03:53:38Z INFO [439/900] 7eaf63c7-32a1-470b-833f-89d06b3349ce: 205 groups; 7.4 s; peak memory 1249 MiB.
2026-10-09T03:53:39Z INFO [440/900] 7eaf71e9-a0d3-4ca2-b8ef-ec4903c8790d: 22 groups; 0.8 s; peak memory 1249 MiB.
2026-10-09T03:53:40Z INFO [441/900] 7eb0157b-2439-4d30-8e82-4de40c39478c: 31 groups; 0.8 s; peak memory 1249 MiB.
2026-10-09T04:27:06Z INFO [442/900] 7eb01eb6-4735-4bc7-afb1-149f9cb5b2a4: 558 groups; 2006.0 s; peak memory 1249 MiB.
2026-10-09T04:27:06Z INFO [443/900] 7eb1503a-377d-4688-9360-2aa537fe959d: 17 groups; 0.6 s; peak memory 1249 MiB.
2026-10-09T04:27:07Z INFO [444/900] 7eb2418b-e206-4f09-9212-9211a6f855b4: 25 groups; 0.9 s; peak memory 1249 MiB.
2026-10-09T04:27:10Z INFO [445/900] 7eb3d18d-72bf-49b0-a341-d3d4218a3ea0: 49 groups; 3.1 s; peak memory 1249 MiB.
2026-10-09T04:27:12Z INFO [446/900] 7eb480ac-7455-409b-8a91-9468cf2eece1: 32 groups; 1.5 s; peak memory 1249 MiB.
2026-10-09T04:27:13Z INFO [447/900] 7eb4e71f-aa9e-4903-82ed-48ff3acd25c5: 18 groups; 1.0 s; peak memory 1249 MiB.
2026-10-09T04:27:15Z INFO [448/900] 7eb5a0b5-1d3d-4f2c-85e5-ab6372d55432: 46 groups; 1.8 s; peak memory 1249 MiB.
2026-10-09T04:27:16Z INFO [449/900] 7eb5ac73-cd73-4a57-a131-20e9cad14870: 48 groups; 1.7 s; peak memory 1249 MiB.
2026-10-09T04:27:17Z INFO [450/900] 7eb5dfc7-6fe8-4c2d-afb8-243e79ae1ae0: 337 groups; 1.1 s; peak memory 1249 MiB.
2026-10-09T04:27:18Z INFO [450/900] 7eb5dfc7-6fe8-4c2d-afb8-243e79ae1ae0: checkpointed 107986 new records.
2026-10-09T04:27:19Z INFO [451/900] 7eb5f2f4-077d-467d-9849-eb6f92439935: 199 groups; 1.0 s; peak memory 1249 MiB.
2026-10-09T04:27:19Z INFO [452/900] 7eb6ae02-a0b3-4bd6-9c8a-401b2586176e: 108 groups; 0.9 s; peak memory 1249 MiB.
2026-10-09T04:27:20Z INFO [453/900] 7eb7390a-c261-46e5-9d90-892802ac68f7: 33 groups; 0.6 s; peak memory 1249 MiB.
2026-10-09T04:27:21Z INFO [454/900] 7eb7919f-d7cb-4786-823e-d480c55ae36a: 17 groups; 0.7 s; peak memory 1249 MiB.
2026-10-09T04:27:22Z INFO [455/900] 7eb796d4-b5f8-48cf-8b02-16d3cef42f42: 32 groups; 0.8 s; peak memory 1249 MiB.
2026-10-09T04:27:22Z INFO [456/900] 7eb7bd22-64cc-4087-9d04-bb09954fafce: 28 groups; 0.9 s; peak memory 1249 MiB.
2026-10-09T04:27:23Z INFO [457/900] 7eb85c5a-fc43-4cc5-a80c-edb5da01a504: 32 groups; 0.8 s; peak memory 1249 MiB.
2026-10-09T04:27:24Z INFO [458/900] 7eb8a723-f395-43f5-a871-0eab7d2abf6d: 22 groups; 0.8 s; peak memory 1249 MiB.
2026-10-09T04:27:25Z INFO [459/900] 7eb91972-56f2-4c5e-92a3-bc90a1d535c0: 32 groups; 1.0 s; peak memory 1249 MiB.
2026-10-09T04:27:26Z INFO [460/900] 7eb9ca65-7a0d-4abe-ba59-b2aa2487a549: 35 groups; 1.0 s; peak memory 1249 MiB.
2026-10-09T04:27:27Z INFO [461/900] 7eba9738-978a-40bf-bbe6-f02a0dacb275: 22 groups; 0.8 s; peak memory 1249 MiB.
2026-10-09T04:27:34Z INFO [462/900] 7ebaf0c3-c32c-44d7-96a9-80e4cfbe0b91: 158 groups; 7.5 s; peak memory 1249 MiB.
2026-10-09T04:27:35Z INFO [463/900] 7ebc8050-792a-4569-b097-8e18804a0ca9: 32 groups; 0.7 s; peak memory 1249 MiB.
2026-10-09T04:27:37Z INFO [464/900] 7ebd3d49-072a-41f1-9e9b-1a973c09cbfb: 38 groups; 2.0 s; peak memory 1249 MiB.
2026-10-09T04:27:39Z INFO [465/900] 7ebddaf7-4b10-4a0a-980f-e2b13f24e325: 336 groups; 2.3 s; peak memory 1249 MiB.
2026-10-09T04:27:41Z INFO [466/900] 7ebdfc1f-db7d-4fb8-be00-054b7bb34054: 30 groups; 2.1 s; peak memory 1249 MiB.
2026-10-09T04:27:42Z INFO [467/900] 7ebe4595-eb5a-4c1a-8776-8c909e1915b0: 32 groups; 0.7 s; peak memory 1249 MiB.
2026-10-09T04:27:48Z INFO [468/900] 7ebe5110-234a-4d5f-97c5-56f08c184935: 163 groups; 5.7 s; peak memory 1249 MiB.
2026-10-09T04:27:49Z INFO [469/900] 7ebe76ec-f000-4eef-90cf-b01673b1648e: 22 groups; 0.7 s; peak memory 1249 MiB.
2026-10-09T04:27:49Z INFO [470/900] 7ebec3e6-be74-408e-a436-2c76ff243954: 32 groups; 0.7 s; peak memory 1249 MiB.
2026-10-09T04:27:50Z INFO [471/900] 7ebefbd7-b00b-46cb-a813-71a525af3f22: 28 groups; 0.7 s; peak memory 1249 MiB.
2026-10-09T04:27:51Z INFO [472/900] 7ebfb0be-3f05-4bb8-9e41-132e215fb307: 32 groups; 0.6 s; peak memory 1249 MiB.
2026-10-09T04:27:52Z INFO [473/900] 7ec1a0c0-2847-4561-be91-63f5335588b5: 28 groups; 1.0 s; peak memory 1249 MiB.
2026-10-09T04:27:52Z INFO [474/900] 7ec202d9-7dd7-4873-83ae-1f89df906aa8: 33 groups; 0.7 s; peak memory 1249 MiB.
2026-10-09T04:27:53Z INFO [475/900] 7ec2f067-fd87-45ac-b36b-1606337ca67d: 32 groups; 1.1 s; peak memory 1249 MiB.
2026-10-09T04:27:55Z INFO [476/900] 7ec31a4d-3850-4295-bbde-1de2769e7242: 64 groups; 1.4 s; peak memory 1249 MiB.
2026-10-09T04:27:55Z INFO [477/900] 7ec35dff-0087-4293-8f76-680c5a88269a: 22 groups; 0.7 s; peak memory 1249 MiB.
2026-10-09T04:27:57Z INFO [478/900] 7ec3f165-a1e8-414a-842e-2898e94e0d91: 42 groups; 1.8 s; peak memory 1249 MiB.
2026-10-09T04:27:58Z INFO [479/900] 7ec4dce1-6942-43a1-96c1-6fe5d749698e: 27 groups; 0.8 s; peak memory 1249 MiB.
2026-10-09T04:27:59Z INFO [480/900] 7ec6364c-c273-4751-ac58-c13ecaa0dfdd: 32 groups; 0.9 s; peak memory 1249 MiB.
2026-10-09T04:27:59Z INFO [481/900] 7ec69093-3a62-4aae-aa46-455a190fe5c9: 28 groups; 0.5 s; peak memory 1249 MiB.
2026-10-09T04:28:00Z INFO [482/900] 7ec6933c-e31e-401d-9986-029deaef390a: 32 groups; 0.9 s; peak memory 1249 MiB.
2026-10-09T04:28:09Z INFO [483/900] 7ec705c1-7a89-4115-a806-011b3a79475a: 193 groups; 9.1 s; peak memory 1249 MiB.
2026-10-09T04:28:10Z INFO [484/900] 7ec7351e-64dc-4d51-8fb3-a66548acfc05: 30 groups; 0.5 s; peak memory 1249 MiB.
2026-10-09T04:28:10Z INFO [485/900] 7ec91b04-9e2b-4c28-af3d-2575c2183c37: 24 groups; 0.5 s; peak memory 1249 MiB.
2026-10-09T04:28:11Z INFO [486/900] 7ec962ae-a3b7-4fd7-be83-ee1ecfbaa7a6: 22 groups; 0.7 s; peak memory 1249 MiB.
2026-10-09T04:28:16Z INFO [487/900] 7ecaca28-2d6b-4bb1-86b8-8e2489177aa3: 160 groups; 5.0 s; peak memory 1249 MiB.
2026-10-09T04:28:20Z INFO [488/900] 7ecbb99c-77ec-4d7f-8ece-e910ab607f05: 180 groups; 3.9 s; peak memory 1249 MiB.
2026-10-09T04:28:20Z INFO [489/900] 7ecbcadc-c161-4f22-96e4-b3ec3cc7952b: 16 groups; 0.5 s; peak memory 1249 MiB.
2026-10-09T04:28:21Z INFO [490/900] 7ecd1c4e-4751-4ab4-8082-e1e75e069c74: 16 groups; 0.5 s; peak memory 1249 MiB.
2026-10-09T04:28:22Z INFO [491/900] 7ed13026-476d-4974-b713-ac441e4b46b0: 22 groups; 0.7 s; peak memory 1249 MiB.
2026-10-09T04:28:32Z INFO [492/900] 7ed1f062-6a6f-4550-b987-ce213adcfb84: 232 groups; 10.0 s; peak memory 1249 MiB.
2026-10-09T04:28:33Z INFO [493/900] 7ed2ff75-1614-4734-9de2-23336df9115b: 32 groups; 0.9 s; peak memory 1249 MiB.
2026-10-09T04:28:33Z INFO [494/900] 7ed3c0a6-45a1-4901-946d-3acdede376f1: 25 groups; 0.5 s; peak memory 1249 MiB.
2026-10-09T04:30:31Z INFO [495/900] 7ed4a397-3035-4e2d-b45b-c9b9a17319f3: 60 groups; 118.1 s; peak memory 1249 MiB.
2026-10-09T04:30:37Z INFO [496/900] 7ed588c5-56bc-4652-a354-0add547415d4: 50 groups; 5.6 s; peak memory 1249 MiB.
2026-10-09T04:30:38Z INFO [497/900] 7ed5ca26-2922-48cb-b067-0bbde611880e: 22 groups; 0.7 s; peak memory 1249 MiB.
2026-10-09T04:30:38Z INFO [498/900] 7ed5d3cd-0af8-4a66-9dc4-e1dcf3b8eb51: 32 groups; 1.0 s; peak memory 1249 MiB.
2026-10-09T04:30:39Z INFO [499/900] 7ed5fd2a-e270-4246-9b91-8212fc0e57d7: 32 groups; 0.8 s; peak memory 1249 MiB.
2026-10-09T04:30:51Z INFO [500/900] 7ed7508b-ae5f-4c6e-b132-fb71db0f72f6: 284 groups; 11.6 s; peak memory 1249 MiB.
2026-10-09T04:30:51Z INFO [500/900] 7ed7508b-ae5f-4c6e-b132-fb71db0f72f6: checkpointed 108036 new records.
2026-10-09T04:30:52Z INFO [501/900] 7ed79805-0692-4b66-9ae8-64380a2e2668: 207 groups; 1.2 s; peak memory 1249 MiB.
2026-10-09T04:30:53Z INFO [502/900] 7ed7fb19-c8a6-4017-900f-82243de6094f: 35 groups; 0.9 s; peak memory 1249 MiB.
2026-10-09T04:30:54Z INFO [503/900] 7ed91125-5166-4653-b225-eb519c585328: 22 groups; 0.7 s; peak memory 1249 MiB.
2026-10-09T04:30:55Z INFO [504/900] 7ed91fd5-4410-48d2-8512-da79f464fa7e: 22 groups; 0.8 s; peak memory 1249 MiB.
2026-10-09T04:30:56Z INFO [505/900] 7ed9bf68-2eb2-4cbe-b78f-a20a9cdf6d85: 32 groups; 0.8 s; peak memory 1249 MiB.
2026-10-09T04:30:56Z INFO [506/900] 7eda4ea2-107b-4f36-b13f-12d5ba6a0f73: 30 groups; 0.7 s; peak memory 1249 MiB.
2026-10-09T04:30:57Z INFO [507/900] 7eda6fd2-ccbe-4c02-80ef-09ab79e2a99b: 32 groups; 0.9 s; peak memory 1249 MiB.
2026-10-09T04:30:58Z INFO [508/900] 7edafce2-4b07-4e07-a3ef-d633903578bd: 32 groups; 0.7 s; peak memory 1249 MiB.
2026-10-09T04:30:59Z INFO [509/900] 7edd6d59-e5ce-4450-aacd-159d4f632d49: 32 groups; 0.7 s; peak memory 1249 MiB.
2026-10-09T04:31:00Z INFO [510/900] 7ede13d0-896f-4f1c-9751-d33ce810ee0a: 34 groups; 1.3 s; peak memory 1249 MiB.
2026-10-09T04:31:00Z INFO [511/900] 7edec16b-f920-481f-baf9-6d5f6204e187: 30 groups; 0.5 s; peak memory 1249 MiB.
2026-10-09T04:31:01Z INFO [512/900] 7edf9aae-c67f-41fa-985f-b7efcbb1145e: 35 groups; 0.8 s; peak memory 1249 MiB.
2026-10-09T04:31:02Z INFO [513/900] 7edfa233-1603-4d34-a78b-b6fd505e0ec5: 16 groups; 0.6 s; peak memory 1249 MiB.
2026-10-09T04:31:03Z INFO [514/900] 7edfdd9b-148d-4e61-84aa-5a78eaddfed3: 36 groups; 1.1 s; peak memory 1249 MiB.
2026-10-09T04:31:04Z INFO [515/900] 7ee04d86-c8cb-4f2e-9bfc-bd759daadc46: 48 groups; 1.1 s; peak memory 1249 MiB.
2026-10-09T04:31:05Z INFO [516/900] 7ee0a76b-1eb3-4a11-ade4-b1e3be12928e: 22 groups; 0.7 s; peak memory 1249 MiB.
2026-10-09T04:31:06Z INFO [517/900] 7ee2d0d5-11a9-4576-b8b2-6f92ad685d1a: 26 groups; 0.8 s; peak memory 1249 MiB.
2026-10-09T05:08:14Z INFO [518/900] 7ee31240-3229-476d-8cca-62c8c03aadeb: 588 groups; 2228.7 s; peak memory 1249 MiB.
2026-10-09T05:08:15Z INFO [519/900] 7ee3c91d-e383-4e9e-bcf7-f7df692e51b4: 32 groups; 0.8 s; peak memory 1249 MiB.
2026-10-09T05:08:16Z INFO [520/900] 7ee3e55b-f4cb-4f99-b796-b68b911cb171: 35 groups; 0.9 s; peak memory 1249 MiB.
2026-10-09T05:08:17Z INFO [521/900] 7ee40a2e-c100-4800-80df-e9b5409b46b6: 206 groups; 0.9 s; peak memory 1249 MiB.
2026-10-09T05:08:18Z INFO [522/900] 7ee4fb5f-fc59-4045-9d15-249a4eaf8582: 22 groups; 0.7 s; peak memory 1249 MiB.
2026-10-09T05:08:18Z INFO [523/900] 7ee50394-64d0-4f67-ac6f-929e353a8605: 35 groups; 0.8 s; peak memory 1249 MiB.
2026-10-09T05:08:19Z INFO [524/900] 7ee5671c-2fcb-4a7e-9641-d935e9489a79: 33 groups; 1.0 s; peak memory 1249 MiB.
2026-10-09T05:08:20Z INFO [525/900] 7ee63300-6937-4c79-b076-397355e0d178: 22 groups; 0.8 s; peak memory 1249 MiB.
2026-10-09T05:08:21Z INFO [526/900] 7ee6b352-1660-4b8a-b5f9-9fc8697a36e8: 29 groups; 0.8 s; peak memory 1249 MiB.
2026-10-09T05:08:22Z INFO [527/900] 7ee71d3c-6ede-4360-8da5-9e5618ffeaef: 33 groups; 0.9 s; peak memory 1249 MiB.
2026-10-09T05:08:23Z INFO [528/900] 7ee7d7d7-1e52-4671-8528-03a4e89f6a10: 32 groups; 0.7 s; peak memory 1249 MiB.
2026-10-09T05:08:23Z INFO [529/900] 7ee8ad18-bd9b-4984-8a2b-e3e533f5ef42: 16 groups; 0.6 s; peak memory 1249 MiB.
2026-10-09T05:08:24Z INFO [530/900] 7ee934d4-2ada-45c1-ac19-2743cb113da3: 195 groups; 1.1 s; peak memory 1249 MiB.
2026-10-09T05:08:28Z INFO [531/900] 7eeab383-0f5d-4260-9cba-9b158b010ea5: 34 groups; 3.4 s; peak memory 1249 MiB.
2026-10-09T05:08:29Z INFO [532/900] 7eec1825-2a31-4413-ba69-477516adef14: 202 groups; 1.1 s; peak memory 1249 MiB.
2026-10-09T05:08:30Z INFO [533/900] 7eec2029-f8fc-485e-8074-d292d17e7b2a: 35 groups; 0.8 s; peak memory 1249 MiB.
2026-10-09T05:08:31Z INFO [534/900] 7eec37ca-f180-4cbb-b933-bc861c04c165: 48 groups; 1.8 s; peak memory 1249 MiB.
2026-10-09T05:08:33Z INFO [535/900] 7eede8b5-3df6-49b6-98ed-33075ca9c208: 48 groups; 1.8 s; peak memory 1249 MiB.
2026-10-09T05:08:34Z INFO [536/900] 7eeee715-4777-4422-ad78-0f4e7efeea21: 32 groups; 0.7 s; peak memory 1249 MiB.
2026-10-09T05:10:30Z INFO [537/900] 7eef9f41-b57a-4c36-942a-cf52cd6aa178: 72 groups; 116.1 s; peak memory 1249 MiB.
2026-10-09T05:10:51Z INFO [538/900] 7eeff4b6-adb4-4bd6-ad5e-7f15fe2755cb: 23 groups; 21.4 s; peak memory 1249 MiB.
2026-10-09T05:10:53Z INFO [539/900] 7ef13ed7-259d-478a-a02f-7ea2ff135c2c: 35 groups; 1.2 s; peak memory 1249 MiB.
2026-10-09T05:10:53Z INFO [540/900] 7ef1c639-b1d8-4674-ac8c-61795bd00d94: 18 groups; 0.5 s; peak memory 1249 MiB.
2026-10-09T05:10:54Z INFO [541/900] 7ef24d55-b347-4b6c-87b9-1ccaa5723e9c: 22 groups; 0.9 s; peak memory 1249 MiB.
2026-10-09T05:10:55Z INFO [542/900] 7ef262c0-9c00-4a34-819a-c269c37c7cdb: 32 groups; 0.8 s; peak memory 1249 MiB.
2026-10-09T05:10:55Z INFO [543/900] 7ef2e3f6-0974-436a-9500-92c2c6b4ee15: 22 groups; 0.6 s; peak memory 1249 MiB.
2026-10-09T05:10:57Z INFO [544/900] 7ef4066b-183b-46bb-ac4a-ddda4bfab677: 72 groups; 1.4 s; peak memory 1249 MiB.
2026-10-09T05:11:01Z INFO [545/900] 7ef4d786-5301-4398-96dc-8c400694af6d: 205 groups; 3.9 s; peak memory 1249 MiB.
2026-10-09T05:13:00Z INFO [546/900] 7ef4fb56-5ce2-4950-b26d-f93e07f6f9a2: 70 groups; 119.0 s; peak memory 1249 MiB.
2026-10-09T05:13:01Z INFO [547/900] 7ef54506-234c-4d95-8953-730a8da8c64a: 196 groups; 1.2 s; peak memory 1249 MiB.
2026-10-09T05:13:02Z INFO [548/900] 7ef564e2-0408-40a9-a240-ef800fda1711: 33 groups; 0.7 s; peak memory 1249 MiB.
2026-10-09T05:13:02Z INFO [549/900] 7ef63a00-d990-4b12-9c62-3f1a7822ff2e: 32 groups; 0.8 s; peak memory 1249 MiB.
2026-10-09T05:13:04Z INFO [550/900] 7ef66785-3fe7-46ac-8472-cfddeef03b5e: 48 groups; 2.0 s; peak memory 1249 MiB.
2026-10-09T05:13:05Z INFO [550/900] 7ef66785-3fe7-46ac-8472-cfddeef03b5e: checkpointed 108086 new records.
2026-10-09T05:13:07Z INFO [551/900] 7ef668f1-82f7-4610-9e4d-0a373d9bdbc5: 37 groups; 2.3 s; peak memory 1249 MiB.
2026-10-09T05:13:08Z INFO [552/900] 7ef7487b-d90f-4017-8dcf-1fce2ebb0dbc: 207 groups; 1.1 s; peak memory 1249 MiB.
2026-10-09T05:13:49Z INFO [553/900] 7ef82011-edfc-4e5f-80dd-37a1b45595a9: 27 groups; 41.1 s; peak memory 1249 MiB.
2026-10-09T05:13:50Z INFO [554/900] 7ef89100-f6be-4351-9c30-15a1d13c5c5b: 35 groups; 1.2 s; peak memory 1249 MiB.
2026-10-09T05:13:51Z INFO [555/900] 7ef8eb9a-799b-42c8-9a9c-5fe39b274e5a: 48 groups; 1.1 s; peak memory 1249 MiB.
2026-10-09T05:13:52Z INFO [556/900] 7ef922cd-7239-4d62-8799-60c76d5e3e0d: 32 groups; 0.8 s; peak memory 1249 MiB.
2026-10-09T05:13:53Z INFO [557/900] 7efa87dd-4aec-485b-bddf-e1049150f5c9: 35 groups; 0.6 s; peak memory 1249 MiB.
2026-10-09T05:13:54Z INFO [558/900] 7efbe1aa-0fda-4856-b8ba-2d1cf7f35ff6: 27 groups; 1.2 s; peak memory 1249 MiB.
2026-10-09T05:13:55Z INFO [559/900] 7efbe8d5-6b1a-4635-b7a0-0d26bf4e070d: 22 groups; 0.5 s; peak memory 1249 MiB.
2026-10-09T05:13:55Z INFO [560/900] 7efc06f7-6392-457b-9c1a-5349897762cc: 32 groups; 0.6 s; peak memory 1249 MiB.
2026-10-09T05:13:56Z INFO [561/900] 7efc9b73-2fd0-45ed-b9f0-b0a7adfaf268: 22 groups; 0.6 s; peak memory 1249 MiB.
2026-10-09T05:16:16Z INFO [562/900] 7efcece3-667d-4165-a365-5084422ede0c: 42 groups; 140.1 s; peak memory 1441 MiB.
2026-10-09T05:16:17Z INFO [563/900] 7efe289a-b93a-400b-a1db-85c5eb6941b1: 26 groups; 0.8 s; peak memory 1441 MiB.
2026-10-09T05:16:17Z INFO [564/900] 7efe4f7c-e575-415f-8f21-3f8d3bde9f28: 17 groups; 0.7 s; peak memory 1441 MiB.
2026-10-09T05:16:18Z INFO [565/900] 7effb01d-b84d-415a-b87c-c947413f711b: 32 groups; 0.8 s; peak memory 1441 MiB.
2026-10-09T05:16:19Z INFO [566/900] 7efff795-6b5a-4d3e-8b82-1b7855d378a2: 99 groups; 1.0 s; peak memory 1441 MiB.
2026-10-09T05:16:29Z INFO [567/900] 7f00072d-b639-4779-8412-c219011af425: 18 groups; 10.0 s; peak memory 1441 MiB.
2026-10-09T05:17:09Z INFO [568/900] 7f0010c8-d169-4f9a-975e-f2277e6a94d3: 26 groups; 40.0 s; peak memory 1441 MiB.
2026-10-09T05:17:10Z INFO [569/900] 7f005220-9af2-4f9c-8439-29acf12be03f: 33 groups; 1.1 s; peak memory 1441 MiB.
2026-10-09T05:17:11Z INFO [570/900] 7f0055d4-9e05-4896-8ef9-e89bc8ed267a: 22 groups; 0.6 s; peak memory 1441 MiB.
2026-10-09T05:17:12Z INFO [571/900] 7f016a6c-18b5-4732-ac72-19060ac7c358: 42 groups; 0.9 s; peak memory 1441 MiB.
2026-10-09T05:17:13Z INFO [572/900] 7f019952-2dd2-4a6a-b521-5b58e82b749f: 22 groups; 0.9 s; peak memory 1441 MiB.
2026-10-09T05:17:13Z INFO [573/900] 7f01e339-f8bf-4419-8e4c-1d6c9fba8624: 25 groups; 0.7 s; peak memory 1441 MiB.
2026-10-09T05:17:14Z INFO [574/900] 7f03154c-9dae-41cb-9742-c4ad73e269c5: 32 groups; 1.0 s; peak memory 1441 MiB.
2026-10-09T05:17:15Z INFO [575/900] 7f03276b-ef92-48d3-a9f4-bc0e14dda6bb: 35 groups; 0.8 s; peak memory 1441 MiB.
2026-10-09T05:17:16Z INFO [576/900] 7f042ac4-57a3-4455-8dee-7f1d1da23162: 21 groups; 0.8 s; peak memory 1441 MiB.
2026-10-09T05:17:17Z INFO [577/900] 7f047c2f-738d-4dbb-aa4f-cba5e9ebc9a3: 22 groups; 0.7 s; peak memory 1441 MiB.
2026-10-09T05:17:18Z INFO [578/900] 7f050ef3-804f-4fd7-a649-51ddfa2a9a63: 35 groups; 0.9 s; peak memory 1441 MiB.
2026-10-09T05:17:18Z INFO [579/900] 7f054491-485e-415c-81cd-9b5c253f653a: 26 groups; 0.6 s; peak memory 1441 MiB.
2026-10-09T05:17:19Z INFO [580/900] 7f05bdc7-ed69-4962-ba21-67a5e3da5499: 16 groups; 0.5 s; peak memory 1441 MiB.
2026-10-09T05:17:22Z INFO [581/900] 7f063ced-a91d-4162-badc-c2c4ad8079c5: 136 groups; 3.1 s; peak memory 1441 MiB.
2026-10-09T05:17:23Z INFO [582/900] 7f07c078-167b-4669-a216-baf0ce5121cf: 48 groups; 1.5 s; peak memory 1441 MiB.
2026-10-09T05:17:24Z INFO [583/900] 7f081290-6094-4fd6-821e-4f3ef4e411c6: 22 groups; 0.7 s; peak memory 1441 MiB.
2026-10-09T05:17:25Z INFO [584/900] 7f08756c-76b5-4b9d-aa9f-b82887b923c7: 22 groups; 0.7 s; peak memory 1441 MiB.
2026-10-09T05:17:31Z INFO [585/900] 7f090e14-264d-4632-be38-fd116643e7c8: 71 groups; 6.1 s; peak memory 1441 MiB.
2026-10-09T05:17:32Z INFO [586/900] 7f095bcb-17f3-4708-afb1-ada1cc4175f4: 22 groups; 0.7 s; peak memory 1441 MiB.
2026-10-09T05:17:32Z INFO [587/900] 7f098542-fa11-4632-a60c-cef8dcad8bea: 29 groups; 0.7 s; peak memory 1441 MiB.
2026-10-09T05:17:33Z INFO [588/900] 7f0a0b59-0f24-442f-bd11-59c1122d23a2: 22 groups; 0.7 s; peak memory 1441 MiB.
2026-10-09T05:17:34Z INFO [589/900] 7f0a2c47-9fc8-43c1-8ce8-8086083e60c2: 22 groups; 0.7 s; peak memory 1441 MiB.
2026-10-09T05:17:34Z INFO [590/900] 7f0b5437-f49d-4fc0-939a-fa962fe9d9fe: 32 groups; 0.6 s; peak memory 1441 MiB.
2026-10-09T05:17:35Z INFO [591/900] 7f0c3a93-da98-46e4-afa0-3417c7377fe0: 29 groups; 0.7 s; peak memory 1441 MiB.
2026-10-09T05:17:39Z INFO [592/900] 7f0c747d-b86c-4a8d-b2a8-35cc2b9d839e: 149 groups; 4.0 s; peak memory 1441 MiB.
2026-10-09T05:17:40Z INFO [593/900] 7f0c7839-a66b-4830-89d5-865330f14a3f: 22 groups; 0.7 s; peak memory 1441 MiB.
2026-10-09T05:17:40Z INFO [594/900] 7f0d069d-47c2-4bbe-929a-25ad6ed63bf4: 22 groups; 0.6 s; peak memory 1441 MiB.
2026-10-09T05:17:41Z INFO [595/900] 7f0d7fec-a298-440d-9c02-8d51cca21f09: 22 groups; 0.6 s; peak memory 1441 MiB.
2026-10-09T05:17:42Z INFO [596/900] 7f0d8010-0c65-48b2-8345-f6eb78c5918b: 32 groups; 0.8 s; peak memory 1441 MiB.
2026-10-09T05:17:43Z INFO [597/900] 7f0f58f6-5037-4455-8d69-fcceaf824185: 203 groups; 0.9 s; peak memory 1441 MiB.
2026-10-09T05:17:46Z INFO [598/900] 7f0f8400-e314-4487-938f-f063fa25b692: 181 groups; 3.4 s; peak memory 1441 MiB.
2026-10-09T05:17:57Z INFO [599/900] 7f0fbe02-b828-43fd-8c8e-d29a27a98285: 1549 groups; 11.4 s; peak memory 1441 MiB.
2026-10-09T05:17:59Z INFO [600/900] 7f0ff968-d666-49ec-a389-ce13423f51d9: 196 groups; 1.2 s; peak memory 1441 MiB.
2026-10-09T05:17:59Z INFO [600/900] 7f0ff968-d666-49ec-a389-ce13423f51d9: checkpointed 108136 new records.
2026-10-09T05:18:04Z INFO [601/900] 7f1061ff-43cd-4046-8a2a-c70fcd9e2aba: 66 groups; 4.9 s; peak memory 1441 MiB.
2026-10-09T05:18:06Z INFO [602/900] 7f106214-0346-42f5-af5d-f738742224cc: 37 groups; 2.2 s; peak memory 1441 MiB.
2026-10-09T05:18:12Z INFO [603/900] 7f1225ad-beb3-4ba5-948b-3df83fb39daa: 50 groups; 6.4 s; peak memory 1441 MiB.
2026-10-09T05:18:14Z INFO [604/900] 7f138f37-91b8-4e41-b5a0-7afa59844922: 42 groups; 2.1 s; peak memory 1441 MiB.
2026-10-09T05:18:19Z INFO [605/900] 7f13e63d-088c-424f-9e1a-7849646e827b: 47 groups; 4.8 s; peak memory 1441 MiB.
2026-10-09T05:18:20Z INFO [606/900] 7f146d71-1731-48ab-968e-38c4221e46ff: 22 groups; 0.8 s; peak memory 1441 MiB.
2026-10-09T05:20:18Z INFO [607/900] 7f1490b8-1f05-49fa-ba20-7afabfb85d0d: 69 groups; 117.6 s; peak memory 1441 MiB.
2026-10-09T05:20:18Z INFO [608/900] 7f153847-bfdb-40d6-b87b-be91638bd0ff: 22 groups; 0.7 s; peak memory 1441 MiB.
2026-10-09T05:20:25Z INFO [609/900] 7f157370-583a-4ba6-939d-0a2b16fdf437: 243 groups; 7.2 s; peak memory 1441 MiB.
2026-10-09T05:20:27Z INFO [610/900] 7f168f29-154a-41d3-939e-d5c57f9cb394: 341 groups; 1.5 s; peak memory 1441 MiB.
2026-10-09T05:20:28Z INFO [611/900] 7f16ad6d-fec8-46be-a81d-be43507a672e: 256 groups; 1.2 s; peak memory 1441 MiB.
2026-10-09T05:20:29Z INFO [612/900] 7f16bd69-45fd-4537-95d0-209e41d56699: 30 groups; 0.6 s; peak memory 1441 MiB.
2026-10-09T05:20:30Z INFO [613/900] 7f176ebd-3eff-4f01-bda3-3cce9823080e: 53 groups; 1.3 s; peak memory 1441 MiB.
2026-10-09T05:20:31Z INFO [614/900] 7f18949d-fef4-4fa9-9c25-b193c028498d: 22 groups; 0.9 s; peak memory 1441 MiB.
2026-10-09T05:20:32Z INFO [615/900] 7f1a251c-625e-4a9e-bacb-f4fb3f040673: 33 groups; 1.0 s; peak memory 1441 MiB.
2026-10-09T05:20:33Z INFO [616/900] 7f1a3920-82d8-41f3-99c8-0618d570b066: 32 groups; 0.8 s; peak memory 1441 MiB.
2026-10-09T05:20:33Z INFO [617/900] 7f1ac84c-730d-4628-9f37-2f047b1d8b0c: 22 groups; 0.6 s; peak memory 1441 MiB.
2026-10-09T05:20:34Z INFO [618/900] 7f1aeed5-626c-4f9d-adaa-007353059d03: 24 groups; 0.6 s; peak memory 1441 MiB.
2026-10-09T05:20:35Z INFO [619/900] 7f1b405f-fb78-4e34-bf7f-0eb816922dab: 32 groups; 0.8 s; peak memory 1441 MiB.
2026-10-09T05:20:37Z INFO [620/900] 7f1bb866-155d-4e22-9f62-7e9d0737357f: 48 groups; 2.0 s; peak memory 1441 MiB.
2026-10-09T05:20:38Z INFO [621/900] 7f1cf20b-7a0c-4ebc-82be-69b11fa4e2ab: 573 groups; 1.3 s; peak memory 1441 MiB.
2026-10-09T05:24:26Z INFO [622/900] 7f1d0eb7-97d6-4127-b63f-7fdb068ea71f: 64 groups; 228.2 s; peak memory 1441 MiB.
2026-10-09T05:24:27Z INFO [623/900] 7f1d1dfa-34fc-45e4-bb54-baa9954d9dcc: 28 groups; 0.9 s; peak memory 1441 MiB.
2026-10-09T05:26:07Z INFO [624/900] 7f1d5407-4871-4865-a953-337ecd3e24d7: 2812 groups; 100.2 s; peak memory 1441 MiB.
2026-10-09T05:26:31Z INFO [625/900] 7f1d77a2-2241-4580-b8f0-47299824c752: 23 groups; 24.0 s; peak memory 1441 MiB.
2026-10-09T05:26:32Z INFO [626/900] 7f1ddc55-9e31-4c29-8f9b-98bb143e76ed: 22 groups; 0.8 s; peak memory 1441 MiB.
2026-10-09T05:26:37Z INFO [627/900] 7f1e67a0-03e5-4a22-8740-5be2bbf4a7ec: 34 groups; 5.0 s; peak memory 1441 MiB.
2026-10-09T05:30:11Z INFO [628/900] 7f1e7c1b-200b-4853-8dfa-81aec75e71fb: 58 groups; 213.6 s; peak memory 1441 MiB.
2026-10-09T05:30:12Z INFO [629/900] 7f1f243f-d5d3-4fce-bc18-23dda43cf9ad: 24 groups; 0.9 s; peak memory 1441 MiB.
2026-10-09T05:30:12Z INFO [630/900] 7f1f845b-f252-4f76-8cb4-130719a58f9f: 254 groups; 0.8 s; peak memory 1441 MiB.
2026-10-09T05:30:13Z INFO [631/900] 7f1fb596-b15a-4fe9-a541-9270016314a2: 194 groups; 1.1 s; peak memory 1441 MiB.
2026-10-09T05:30:14Z INFO [632/900] 7f20de36-10c9-4df6-8b3e-ab1ccb1b305f: 16 groups; 0.7 s; peak memory 1441 MiB.
2026-10-09T05:30:21Z INFO [633/900] 7f23a769-20b1-44c7-8403-e1635bca1268: 162 groups; 7.3 s; peak memory 1441 MiB.
2026-10-09T05:30:24Z INFO [634/900] 7f2405de-162d-4c9e-ab77-513d44648bf1: 72 groups; 2.1 s; peak memory 1441 MiB.
2026-10-09T05:30:36Z INFO [635/900] 7f24774f-e60a-4d89-bdd1-9ec96a51f2c8: 392 groups; 12.3 s; peak memory 1441 MiB.
2026-10-09T05:30:37Z INFO [636/900] 7f248c34-aedb-4d10-a8aa-5e7566d0e017: 29 groups; 1.0 s; peak memory 1441 MiB.
2026-10-09T05:30:38Z INFO [637/900] 7f24947e-593b-4a1e-ab12-04600a106ff9: 22 groups; 0.9 s; peak memory 1441 MiB.
2026-10-09T05:30:39Z INFO [638/900] 7f24995a-51d3-4391-b9ce-08252a22702b: 25 groups; 0.8 s; peak memory 1441 MiB.
2026-10-09T05:30:39Z INFO [639/900] 7f24f1f2-5f38-44f7-93a0-c0baf480bdb2: 32 groups; 0.7 s; peak memory 1441 MiB.
2026-10-09T05:30:40Z INFO [640/900] 7f24fd17-0bd6-46e4-bd83-37ee92124797: 32 groups; 0.8 s; peak memory 1441 MiB.
2026-10-09T05:30:49Z INFO [641/900] 7f2541c0-65f2-4095-8e8f-04ba2a1d2326: 176 groups; 9.4 s; peak memory 1441 MiB.
2026-10-09T05:30:50Z INFO [642/900] 7f25d3b6-af1b-4335-9563-430489b2cfdf: 22 groups; 0.7 s; peak memory 1441 MiB.
2026-10-09T05:30:51Z INFO [643/900] 7f25f294-21d7-440b-9a2c-4c76b049d3ae: 35 groups; 1.0 s; peak memory 1441 MiB.
2026-10-09T05:30:52Z INFO [644/900] 7f2660a5-eaf4-448d-9a1f-752c55fa387f: 336 groups; 1.0 s; peak memory 1441 MiB.
2026-10-09T05:30:53Z INFO [645/900] 7f266b9c-f867-4857-ab4a-e4a4cf9d4026: 22 groups; 0.9 s; peak memory 1441 MiB.
2026-10-09T05:30:54Z INFO [646/900] 7f2750cc-24af-4e76-b2e3-bc7ad6731caa: 35 groups; 0.9 s; peak memory 1441 MiB.
2026-10-09T05:30:55Z INFO [647/900] 7f2764d7-e20a-4f9c-9b8e-e5d3563d4a94: 32 groups; 0.8 s; peak memory 1441 MiB.
2026-10-09T05:31:07Z INFO [648/900] 7f2784cd-7dec-48ca-a265-7e19bcb68ff3: 92 groups; 12.6 s; peak memory 1441 MiB.
2026-10-09T05:31:08Z INFO [649/900] 7f279fad-d728-4804-bb5c-2f4b52eefdf3: 202 groups; 0.9 s; peak memory 1441 MiB.
2026-10-09T05:31:09Z INFO [650/900] 7f283b75-b21f-41d3-b270-1c5dd14b06d1: 35 groups; 0.9 s; peak memory 1441 MiB.
2026-10-09T05:31:09Z INFO [650/900] 7f283b75-b21f-41d3-b270-1c5dd14b06d1: checkpointed 108186 new records.
2026-10-09T05:31:20Z INFO [651/900] 7f28459a-b196-42e8-9805-15e47915a16b: 239 groups; 11.0 s; peak memory 1441 MiB.
2026-10-09T05:31:21Z INFO [652/900] 7f28bcc7-1a6a-4a39-b63c-81b2d1a5cd2e: 28 groups; 0.5 s; peak memory 1441 MiB.
2026-10-09T05:31:26Z INFO [653/900] 7f28c8bf-9b8d-4198-b9a0-0faadf95645c: 190 groups; 5.5 s; peak memory 1441 MiB.
2026-10-09T05:31:27Z INFO [654/900] 7f293765-cc0f-4cb5-9bca-02e8123f32a2: 35 groups; 0.9 s; peak memory 1441 MiB.
2026-10-09T05:31:33Z INFO [655/900] 7f2a31b8-7bcf-4f57-897c-e94cda25ec6d: 246 groups; 6.0 s; peak memory 1441 MiB.
2026-10-09T05:31:34Z INFO [656/900] 7f2ab6d9-4ce9-4f34-b910-381b3f469615: 22 groups; 0.9 s; peak memory 1441 MiB.
2026-10-09T05:31:35Z INFO [657/900] 7f2bc842-7fc6-4f3e-b237-112b1cf02628: 251 groups; 0.7 s; peak memory 1441 MiB.
2026-10-09T05:31:36Z INFO [658/900] 7f2c08b9-0527-4ecc-8968-4fb5d8ad7aa0: 32 groups; 0.8 s; peak memory 1441 MiB.
2026-10-09T05:31:36Z INFO [659/900] 7f2c8aa9-adbf-46e3-bd64-7b155999fcb8: 22 groups; 0.8 s; peak memory 1441 MiB.
2026-10-09T05:31:37Z INFO [660/900] 7f2cffc3-c846-4408-9143-37389945ed0b: 195 groups; 0.9 s; peak memory 1441 MiB.
2026-10-09T05:31:38Z INFO [661/900] 7f2dddec-ac46-4f80-90e7-36c7e2c16611: 22 groups; 0.7 s; peak memory 1441 MiB.
2026-10-09T05:31:42Z INFO [662/900] 7f2e0755-8ca6-4e49-b072-24f905222de8: 47 groups; 4.1 s; peak memory 1441 MiB.
2026-10-09T05:31:49Z INFO [663/900] 7f2e0871-2714-4ebb-b8d7-96d947f9ca7d: 196 groups; 6.6 s; peak memory 1441 MiB.
2026-10-09T05:32:03Z INFO [664/900] 7f2e7011-ea68-4610-ac4a-c38657851cc6: 366 groups; 14.0 s; peak memory 1441 MiB.
2026-10-09T05:32:03Z INFO [665/900] 7f2e9575-7fd8-4edb-bc00-d58b2b73a840: 25 groups; 0.6 s; peak memory 1441 MiB.
2026-10-09T05:32:05Z INFO [666/900] 7f2e9ba7-64e1-4015-96b6-16aff593b38b: 50 groups; 1.9 s; peak memory 1441 MiB.
2026-10-09T05:32:06Z INFO [667/900] 7f302cdb-f659-439c-8c2c-ef74b8f777b9: 24 groups; 0.8 s; peak memory 1441 MiB.
2026-10-09T05:32:07Z INFO [668/900] 7f315578-d5c1-44a9-b0d0-a70eba83f82d: 35 groups; 1.1 s; peak memory 1441 MiB.
2026-10-09T05:32:08Z INFO [669/900] 7f31bc09-81ba-40b6-9318-3880370b38df: 30 groups; 0.7 s; peak memory 1441 MiB.
2026-10-09T05:32:08Z INFO [670/900] 7f327a7f-9f14-417e-b2f6-ac796b204039: 33 groups; 0.9 s; peak memory 1441 MiB.
2026-10-09T05:34:25Z INFO [671/900] 7f33591a-5598-4912-8ecd-3bd813baf528: 60 groups; 136.6 s; peak memory 1441 MiB.
2026-10-09T05:34:26Z INFO [672/900] 7f335e9c-6e98-4f66-a63f-703ae2ee6db6: 42 groups; 1.2 s; peak memory 1441 MiB.
2026-10-09T05:34:29Z INFO [673/900] 7f3380ce-9f93-49f2-a582-8e9b1c8cfcee: 56 groups; 2.3 s; peak memory 1441 MiB.
2026-10-09T05:34:32Z INFO [674/900] 7f33f6a7-4710-4041-8cf5-0aa2efaad0c4: 78 groups; 3.7 s; peak memory 1441 MiB.
2026-10-09T05:34:33Z INFO [675/900] 7f3403d1-de03-4ebb-a047-eba56172d7a2: 32 groups; 0.9 s; peak memory 1441 MiB.
2026-10-09T05:34:34Z INFO [676/900] 7f341ac7-e233-4134-8071-6aabc1ff8068: 24 groups; 0.6 s; peak memory 1441 MiB.
2026-10-09T05:34:39Z INFO [677/900] 7f345b7a-2a33-4da9-85dd-843d1d6d44da: 212 groups; 5.1 s; peak memory 1441 MiB.
2026-10-09T05:36:15Z INFO [678/900] 7f3467ab-d952-402a-a75d-4aa49ecc8dcc: 27 groups; 95.8 s; peak memory 1441 MiB.
2026-10-09T05:36:16Z INFO [679/900] 7f34b115-98b7-4c06-85c3-02f0d7ce789e: 72 groups; 1.4 s; peak memory 1441 MiB.
2026-10-09T05:36:16Z INFO [680/900] 7f34cf3d-ef70-43d5-9af7-6160ae944140: 16 groups; 0.4 s; peak memory 1441 MiB.
2026-10-09T05:36:17Z INFO [681/900] 7f34daf1-233a-402a-958a-759409ca0165: 17 groups; 0.5 s; peak memory 1441 MiB.
2026-10-09T05:36:18Z INFO [682/900] 7f3802b9-3cef-430f-97a2-792aa748405d: 22 groups; 0.8 s; peak memory 1441 MiB.
2026-10-09T05:36:19Z INFO [683/900] 7f3894e3-a84f-4d81-be95-f8e020688796: 22 groups; 0.8 s; peak memory 1441 MiB.
2026-10-09T05:36:23Z INFO [684/900] 7f38b994-0a08-4830-baf4-19f6be03cbec: 17 groups; 4.9 s; peak memory 1441 MiB.
2026-10-09T05:36:24Z INFO [685/900] 7f395c62-e862-4ac0-9a55-a84a5009a821: 22 groups; 0.8 s; peak memory 1441 MiB.
2026-10-09T05:36:25Z INFO [686/900] 7f39a1cb-1e6c-428a-a8fd-35a673dfea99: 32 groups; 0.7 s; peak memory 1441 MiB.
2026-10-09T05:36:27Z INFO [687/900] 7f3ac3c8-b7e2-486c-a2a6-36dbaabebb06: 36 groups; 1.7 s; peak memory 1441 MiB.
2026-10-09T05:36:27Z INFO [688/900] 7f3b1fc8-bd0d-4c5d-97e4-9cb7d42c5bd2: 22 groups; 0.6 s; peak memory 1441 MiB.
2026-10-09T05:36:31Z INFO [689/900] 7f3bdb32-25a8-49fe-8e24-63d4ba397e9b: 181 groups; 3.9 s; peak memory 1441 MiB.
2026-10-09T05:36:32Z INFO [690/900] 7f3c2e5c-c6d3-4ad5-b9e8-1a438eda8a76: 26 groups; 0.6 s; peak memory 1441 MiB.
2026-10-09T05:36:33Z INFO [691/900] 7f3c4613-627a-44e0-9eb8-a97c12d74cbe: 30 groups; 1.0 s; peak memory 1441 MiB.
2026-10-09T05:36:34Z INFO [692/900] 7f3c7f0d-1693-47b8-9edf-c51fc7c8a1f0: 22 groups; 0.8 s; peak memory 1441 MiB.
2026-10-09T05:36:35Z INFO [693/900] 7f3cc6d0-93d5-40d0-af55-42e7fa33cdc2: 22 groups; 0.9 s; peak memory 1441 MiB.
2026-10-09T05:36:36Z INFO [694/900] 7f3dd24f-91fd-4930-beb8-25c8c3ffe79f: 64 groups; 1.6 s; peak memory 1441 MiB.
2026-10-09T05:36:57Z INFO [695/900] 7f3e6d3d-20ce-4b55-8304-0c0d26f53f6e: 23 groups; 21.1 s; peak memory 1441 MiB.
2026-10-09T05:36:58Z INFO [696/900] 7f3e7d50-4695-46cb-9bf4-f039d346b18f: 22 groups; 0.6 s; peak memory 1441 MiB.
2026-10-09T05:36:59Z INFO [697/900] 7f3eaed7-adbd-41de-afbe-6db80e3f64cf: 31 groups; 0.9 s; peak memory 1441 MiB.
2026-10-09T05:37:00Z INFO [698/900] 7f406338-482a-497b-81a2-70cd42dc1368: 35 groups; 0.8 s; peak memory 1441 MiB.
2026-10-09T05:37:00Z INFO [699/900] 7f40b61d-62dd-4615-8dd5-b60be3401cf7: 24 groups; 0.6 s; peak memory 1441 MiB.
2026-10-09T05:37:01Z INFO [700/900] 7f413096-4b77-476d-ace0-8b93ddee7859: 22 groups; 0.8 s; peak memory 1441 MiB.
2026-10-09T05:37:01Z INFO [700/900] 7f413096-4b77-476d-ace0-8b93ddee7859: checkpointed 108236 new records.
2026-10-09T05:37:02Z INFO [701/900] 7f413bdd-8ed1-4cc7-864b-033787cf38f3: 32 groups; 1.0 s; peak memory 1441 MiB.
2026-10-09T05:37:03Z INFO [702/900] 7f419780-ad2a-4706-991c-fb9561d051b1: 35 groups; 0.9 s; peak memory 1441 MiB.
2026-10-09T05:37:04Z INFO [703/900] 7f42036f-8990-444a-94ea-e23651575d0c: 32 groups; 0.9 s; peak memory 1441 MiB.
2026-10-09T05:37:05Z INFO [704/900] 7f427532-4924-4eb9-897d-46b98340f1c9: 22 groups; 0.8 s; peak memory 1441 MiB.
2026-10-09T05:37:06Z INFO [705/900] 7f42923d-4b4f-405e-b7cb-efa58d453a79: 32 groups; 1.3 s; peak memory 1441 MiB.
2026-10-09T05:37:07Z INFO [706/900] 7f43a7c8-6088-4e69-b0c0-621757a09fc6: 252 groups; 0.9 s; peak memory 1441 MiB.
2026-10-09T05:37:08Z INFO [707/900] 7f44bc33-6768-4ec2-bd04-b7c1fdc3a59c: 36 groups; 1.2 s; peak memory 1441 MiB.
2026-10-09T05:37:09Z INFO [708/900] 7f44e656-699c-4eef-a854-e3b41fa7a53d: 22 groups; 0.8 s; peak memory 1441 MiB.
2026-10-09T05:37:10Z INFO [709/900] 7f45513f-07f2-41c7-8065-ffc2a1142360: 29 groups; 0.9 s; peak memory 1441 MiB.
2026-10-09T05:37:11Z INFO [710/900] 7f45b751-d6cc-4823-a4cd-599ae7c66eea: 22 groups; 0.7 s; peak memory 1441 MiB.
2026-10-09T05:37:15Z INFO [711/900] 7f461785-797a-479a-a6be-88cee139b371: 75 groups; 4.0 s; peak memory 1441 MiB.
2026-10-09T05:37:15Z INFO [712/900] 7f4651a6-41c7-4f93-aa4b-ec995f3fbd03: 32 groups; 0.7 s; peak memory 1441 MiB.
2026-10-09T05:37:16Z INFO [713/900] 7f46c7ed-5661-4e69-9f67-2e9b4992a356: 22 groups; 0.6 s; peak memory 1441 MiB.
2026-10-09T05:37:17Z INFO [714/900] 7f4759b7-ac76-476c-96ca-36edd1d2669f: 22 groups; 0.7 s; peak memory 1441 MiB.
2026-10-09T05:37:17Z INFO [715/900] 7f481686-60d9-49f8-9584-73347598f9a2: 22 groups; 0.6 s; peak memory 1441 MiB.
2026-10-09T05:37:18Z INFO [716/900] 7f48e36f-88a4-4d96-bb07-38a575382026: 22 groups; 0.6 s; peak memory 1441 MiB.
2026-10-09T05:37:19Z INFO [717/900] 7f494ebd-8be5-4837-9c17-490d107287bc: 32 groups; 0.9 s; peak memory 1441 MiB.
2026-10-09T05:37:20Z INFO [718/900] 7f49e70d-d903-4418-be99-2b9e912d8a13: 22 groups; 0.7 s; peak memory 1441 MiB.
2026-10-09T05:37:21Z INFO [719/900] 7f4a07e4-840c-47ef-a655-aed2e3709e82: 202 groups; 0.9 s; peak memory 1441 MiB.
2026-10-09T05:37:22Z INFO [720/900] 7f4a7ca7-d170-4346-a38a-be9ba37e6139: 54 groups; 1.3 s; peak memory 1441 MiB.
2026-10-09T05:37:23Z INFO [721/900] 7f4ac6e8-5ec6-4389-8989-e361c6ca17de: 36 groups; 1.2 s; peak memory 1441 MiB.
2026-10-09T05:37:23Z INFO [722/900] 7f4c21bd-1952-498b-9659-9f739f94597f: 16 groups; 0.5 s; peak memory 1441 MiB.
2026-10-09T05:37:27Z INFO [723/900] 7f4e4e52-289c-4e76-bacc-bb86b2accca8: 181 groups; 3.8 s; peak memory 1441 MiB.
2026-10-09T05:37:29Z INFO [724/900] 7f4e8594-4493-4239-aaa5-003cc0ef136f: 54 groups; 1.7 s; peak memory 1441 MiB.
2026-10-09T05:37:30Z INFO [725/900] 7f4f8e00-cd03-4feb-995e-24c68fc4753c: 22 groups; 0.9 s; peak memory 1441 MiB.
2026-10-09T05:37:34Z INFO [726/900] 7f503f3d-266b-43fc-995c-652cd0183ea6: 181 groups; 3.7 s; peak memory 1441 MiB.
2026-10-09T05:37:37Z INFO [727/900] 7f50e288-e247-4d0b-b74f-0f885f176580: 119 groups; 3.0 s; peak memory 1441 MiB.
2026-10-09T05:37:37Z INFO [728/900] 7f50e503-9358-4325-97a0-9e807c2c476f: 32 groups; 0.7 s; peak memory 1441 MiB.
2026-10-09T05:37:39Z INFO [729/900] 7f51ba99-eb57-410d-825d-62184b1752b9: 48 groups; 1.6 s; peak memory 1441 MiB.
2026-10-09T05:37:41Z INFO [730/900] 7f533957-da87-4dd0-be45-378232134f9a: 50 groups; 1.8 s; peak memory 1441 MiB.
2026-10-09T05:37:42Z INFO [731/900] 7f53c19c-e3ec-48d6-b71b-fa640ab4e5aa: 35 groups; 0.8 s; peak memory 1441 MiB.
2026-10-09T05:37:42Z INFO [732/900] 7f540a4c-b74e-461d-b309-3ca30685a431: 32 groups; 0.8 s; peak memory 1441 MiB.
2026-10-09T05:37:43Z INFO [733/900] 7f550497-ee0f-46e2-81b0-305796b0b401: 36 groups; 1.1 s; peak memory 1441 MiB.
2026-10-09T05:37:44Z INFO [734/900] 7f552a7b-1cec-44b3-a956-da8fb29e202d: 21 groups; 0.7 s; peak memory 1441 MiB.
2026-10-09T05:37:51Z INFO [735/900] 7f556db6-157f-489e-9faa-3bcc8fc7fdb9: 76 groups; 7.4 s; peak memory 1441 MiB.
2026-10-09T05:38:04Z INFO [736/900] 7f55ecd1-779f-4d6e-a094-b780ffba7ba9: 176 groups; 12.9 s; peak memory 1441 MiB.
2026-10-09T05:38:05Z INFO [737/900] 7f56035c-ee80-45ef-a969-8a90080aa2b1: 35 groups; 1.0 s; peak memory 1441 MiB.
2026-10-09T05:38:06Z INFO [738/900] 7f56712a-6541-4e2a-bd4b-8cb0e1d39134: 22 groups; 1.0 s; peak memory 1441 MiB.
2026-10-09T05:38:07Z INFO [739/900] 7f5692af-13cd-4d22-8ebf-49116833ed43: 32 groups; 0.7 s; peak memory 1441 MiB.
2026-10-09T05:38:08Z INFO [740/900] 7f56e66c-4b3e-4c18-9599-497f332d1342: 32 groups; 0.7 s; peak memory 1441 MiB.
2026-10-09T05:38:09Z INFO [741/900] 7f5730af-cac4-4be8-a20b-55023ad2c2d1: 36 groups; 1.2 s; peak memory 1441 MiB.
2026-10-09T05:38:10Z INFO [742/900] 7f57bb9d-dea0-4ab2-b467-1d4d36a4be7a: 108 groups; 0.9 s; peak memory 1441 MiB.
2026-10-09T05:38:11Z INFO [743/900] 7f588d7a-eced-417a-abd1-dc5a76b0d893: 202 groups; 1.2 s; peak memory 1441 MiB.
2026-10-09T05:38:12Z INFO [744/900] 7f58b7d6-2fbc-437d-98c3-5fd026a0bf7b: 33 groups; 0.9 s; peak memory 1441 MiB.
2026-10-09T05:38:13Z INFO [745/900] 7f58da23-e6ab-42c1-8b65-8bac644c5c1c: 22 groups; 0.6 s; peak memory 1441 MiB.
2026-10-09T05:38:13Z INFO [746/900] 7f590e47-615a-4826-875e-79a23fafe15e: 22 groups; 0.7 s; peak memory 1441 MiB.
2026-10-09T05:38:14Z INFO [747/900] 7f594f4d-6c9a-42b1-a34d-f9676e400bcc: 32 groups; 0.7 s; peak memory 1441 MiB.
2026-10-09T05:38:21Z INFO [748/900] 7f59b479-c85f-4e79-b97a-19fe15084318: 224 groups; 6.7 s; peak memory 1441 MiB.
2026-10-09T05:38:21Z INFO [749/900] 7f59c2be-c8bb-425f-80fd-7c91f4719965: 16 groups; 0.5 s; peak memory 1441 MiB.
2026-10-09T05:39:15Z INFO [750/900] 7f5b5f0e-b87e-4ee0-8bdd-a92ffc87e696: 53 groups; 54.3 s; peak memory 1441 MiB.
2026-10-09T05:39:16Z INFO [750/900] 7f5b5f0e-b87e-4ee0-8bdd-a92ffc87e696: checkpointed 108286 new records.
2026-10-09T05:39:16Z INFO [751/900] 7f5ba9f6-4ec0-4172-bda9-d71826425188: 35 groups; 0.8 s; peak memory 1441 MiB.
2026-10-09T05:39:17Z INFO [752/900] 7f5be4c6-996d-4a36-b6b2-875821ce577c: 22 groups; 0.5 s; peak memory 1441 MiB.
2026-10-09T05:39:18Z INFO [753/900] 7f5bf327-77fa-4347-b1b2-02b274010ca2: 43 groups; 0.8 s; peak memory 1441 MiB.
2026-10-09T05:39:19Z INFO [754/900] 7f5c6750-5931-49ce-8863-a02cf1c2dc73: 105 groups; 1.7 s; peak memory 1441 MiB.
2026-10-09T05:39:20Z INFO [755/900] 7f5cca21-ad6c-4d6a-b839-6d63179f3681: 253 groups; 0.9 s; peak memory 1441 MiB.
2026-10-09T05:39:21Z INFO [756/900] 7f5cdeb6-6e33-4831-905f-4ff38a4fcab5: 33 groups; 0.8 s; peak memory 1441 MiB.
2026-10-09T05:39:22Z INFO [757/900] 7f5d053a-e6f9-4719-b92e-443a3fe0484f: 22 groups; 0.6 s; peak memory 1441 MiB.
2026-10-09T05:39:22Z INFO [758/900] 7f5db636-8d30-4265-ac97-f001b3766895: 16 groups; 0.4 s; peak memory 1441 MiB.
2026-10-09T05:39:23Z INFO [759/900] 7f5df719-4398-4a19-9b3b-9318e7d8afbc: 16 groups; 0.4 s; peak memory 1441 MiB.
2026-10-09T05:39:23Z INFO [760/900] 7f5e1578-69da-43fe-8a75-809b5aca868d: 22 groups; 0.7 s; peak memory 1441 MiB.
2026-10-09T05:40:00Z INFO [761/900] 7f5e408f-ca40-4e7b-ac9c-41166e31b279: 27 groups; 36.7 s; peak memory 1441 MiB.
2026-10-09T05:40:01Z INFO [762/900] 7f5f28d2-5a7d-4e09-8071-1c448b0e8725: 32 groups; 0.8 s; peak memory 1441 MiB.
2026-10-09T05:40:03Z INFO [763/900] 7f5f3aa1-d455-45e8-a187-eadb6f3df986: 181 groups; 2.8 s; peak memory 1441 MiB.
2026-10-09T05:40:04Z INFO [764/900] 7f620b99-1dd6-4ea4-8143-9f4407a7e53b: 33 groups; 0.7 s; peak memory 1441 MiB.
2026-10-09T05:40:05Z INFO [765/900] 7f661203-8e15-4460-bbcd-b5107637d9f0: 22 groups; 0.6 s; peak memory 1441 MiB.
2026-10-09T05:40:07Z INFO [766/900] 7f66fd51-184f-4dfb-8cc5-2bed9919bccc: 50 groups; 2.2 s; peak memory 1441 MiB.
2026-10-09T05:42:13Z INFO [767/900] 7f6792e4-df45-4a5c-894f-760c993a940f: 60 groups; 125.9 s; peak memory 1441 MiB.
2026-10-09T05:42:14Z INFO [768/900] 7f6866d0-608c-473a-94d2-7bd1bbd09842: 22 groups; 1.0 s; peak memory 1441 MiB.
2026-10-09T05:42:20Z INFO [769/900] 7f6b1ada-b97e-4f30-af74-22f2190de03a: 96 groups; 5.7 s; peak memory 1441 MiB.
2026-10-09T05:42:20Z INFO [770/900] 7f6b3f52-f304-47a9-8002-3c6eeeb2d979: 28 groups; 0.7 s; peak memory 1441 MiB.
2026-10-09T05:42:22Z INFO [771/900] 7f6b86ef-c011-4544-9d8b-828404f2aa28: 203 groups; 1.3 s; peak memory 1441 MiB.
2026-10-09T05:43:04Z INFO [772/900] 7f6c459d-d362-4e3b-9820-c0ac1da76439: 1926 groups; 42.7 s; peak memory 1441 MiB.
2026-10-09T05:43:06Z INFO [773/900] 7f6c7a7f-0c2a-4be4-8537-644a8d0edca8: 48 groups; 1.6 s; peak memory 1441 MiB.
2026-10-09T05:43:09Z INFO [774/900] 7f6cd9b9-51d6-4785-9836-3bdabd46c198: 50 groups; 3.1 s; peak memory 1441 MiB.
2026-10-09T05:43:10Z INFO [775/900] 7f6cdceb-821a-411b-873b-94a72946d714: 22 groups; 0.7 s; peak memory 1441 MiB.
2026-10-09T05:43:12Z INFO [776/900] 7f6cf361-3c18-492b-b6ea-b9613b432738: 50 groups; 2.3 s; peak memory 1441 MiB.
2026-10-09T05:43:12Z INFO [777/900] 7f6d9e78-1907-4ac2-a0ec-7ab908891025: 16 groups; 0.5 s; peak memory 1441 MiB.
2026-10-09T05:43:13Z INFO [778/900] 7f6df3ca-fb56-4744-a15f-37b26dd2fd43: 27 groups; 0.8 s; peak memory 1441 MiB.
2026-10-09T05:43:14Z INFO [779/900] 7f6ebf46-a046-42c8-9d63-fe6c5ef84aaf: 22 groups; 0.8 s; peak memory 1441 MiB.
2026-10-09T05:43:15Z INFO [780/900] 7f6eefef-c7a0-409a-922c-4cf42ea622c7: 22 groups; 0.7 s; peak memory 1441 MiB.
2026-10-09T05:43:15Z INFO [781/900] 7f6fa4a2-5cd2-4868-9b65-efc6e0192540: 22 groups; 0.8 s; peak memory 1441 MiB.
2026-10-09T05:43:16Z INFO [782/900] 7f706a11-374b-425f-9871-9df60623196e: 32 groups; 0.9 s; peak memory 1441 MiB.
2026-10-09T05:43:22Z INFO [783/900] 7f709884-5510-4635-84f0-f03af79ef839: 212 groups; 5.4 s; peak memory 1441 MiB.
2026-10-09T05:43:22Z INFO [784/900] 7f70afc4-eb49-4c93-b084-1f5f01546894: 195 groups; 0.8 s; peak memory 1441 MiB.
2026-10-09T05:43:23Z INFO [785/900] 7f70f450-2b42-402b-bb7b-efc5bd448037: 32 groups; 0.6 s; peak memory 1441 MiB.
2026-10-09T05:43:24Z INFO [786/900] 7f71a230-d52c-4f3e-9904-cd04c0a5a639: 32 groups; 0.9 s; peak memory 1441 MiB.
2026-10-09T05:43:25Z INFO [787/900] 7f720e0a-8024-4dde-bd50-a0366735af3a: 31 groups; 0.7 s; peak memory 1441 MiB.
2026-10-09T05:43:33Z INFO [788/900] 7f72b1b1-2daa-4e1b-beab-8c613625d7db: 47 groups; 8.0 s; peak memory 1441 MiB.
2026-10-09T05:43:34Z INFO [789/900] 7f72b646-ff31-4a7b-809d-61f0d6725ccf: 32 groups; 0.8 s; peak memory 1441 MiB.
2026-10-09T05:43:34Z INFO [790/900] 7f730884-4cd6-4e44-a11e-ffacbc893f9b: 17 groups; 0.7 s; peak memory 1441 MiB.
2026-10-09T05:43:35Z INFO [791/900] 7f735197-54b4-48fa-ae0d-a4066ec1b06f: 22 groups; 0.7 s; peak memory 1441 MiB.
2026-10-09T05:43:36Z INFO [792/900] 7f7384dd-a3ff-4a4c-bb65-bac9ea4a4d42: 22 groups; 0.7 s; peak memory 1441 MiB.
2026-10-09T05:43:38Z INFO [793/900] 7f73f99c-53c8-4294-8326-2f81fd8ea099: 50 groups; 2.2 s; peak memory 1441 MiB.
2026-10-09T05:43:45Z INFO [794/900] 7f7407a0-f26e-4c40-85d4-56510dfc4d46: 305 groups; 7.6 s; peak memory 1441 MiB.
2026-10-09T05:43:46Z INFO [795/900] 7f75471f-ca92-433f-a12b-866bcd3ca4c1: 35 groups; 0.9 s; peak memory 1441 MiB.
2026-10-09T05:43:50Z INFO [796/900] 7f759951-c146-4c8c-a3cd-f8b11d607a30: 178 groups; 4.0 s; peak memory 1441 MiB.
2026-10-09T05:43:51Z INFO [797/900] 7f77fc7f-7ea3-4536-a8e0-34c014ab17b4: 32 groups; 0.7 s; peak memory 1441 MiB.
2026-10-09T05:43:52Z INFO [798/900] 7f78d29b-e886-4634-b56f-6dd67e4f2688: 22 groups; 0.7 s; peak memory 1441 MiB.
2026-10-09T05:43:53Z INFO [799/900] 7f7938f8-044a-4f08-83ed-9f673e2b5ad6: 32 groups; 0.8 s; peak memory 1441 MiB.
2026-10-09T05:45:46Z INFO [800/900] 7f794f2e-d816-4a69-8e56-eb223a8a7691: 71 groups; 113.3 s; peak memory 1441 MiB.
2026-10-09T05:45:46Z INFO [800/900] 7f794f2e-d816-4a69-8e56-eb223a8a7691: checkpointed 108336 new records.
2026-10-09T05:45:47Z INFO [801/900] 7f7a1469-b2ba-4f1d-9146-6180095298d8: 27 groups; 0.5 s; peak memory 1441 MiB.
2026-10-09T05:45:48Z INFO [802/900] 7f7ad9e8-de0c-4410-93ac-ad80ba8708af: 36 groups; 1.4 s; peak memory 1441 MiB.
2026-10-09T05:45:49Z INFO [803/900] 7f7b6d16-474a-40b6-834f-ad0d5ba79ad0: 199 groups; 0.8 s; peak memory 1441 MiB.
2026-10-09T05:45:50Z INFO [804/900] 7f7bb641-cbbc-4c8f-b740-ca04f1fe7599: 17 groups; 0.7 s; peak memory 1441 MiB.
2026-10-09T05:45:50Z INFO [805/900] 7f7be826-2f38-4248-a8ab-f202e889d620: 41 groups; 0.8 s; peak memory 1441 MiB.
2026-10-09T05:45:51Z INFO [806/900] 7f7bea42-1e58-4aea-81b8-c25b85c8a81b: 22 groups; 0.7 s; peak memory 1441 MiB.
2026-10-09T05:45:52Z INFO [807/900] 7f7ca5f9-e3be-44af-97a0-d29a77e2f137: 28 groups; 0.6 s; peak memory 1441 MiB.
2026-10-09T05:45:52Z INFO [808/900] 7f7cd5df-9117-4489-9d61-5fcc78dcbf8c: 22 groups; 0.6 s; peak memory 1441 MiB.
2026-10-09T05:45:53Z INFO [809/900] 7f7d026a-8619-4d32-9cb3-97b225c09bb9: 22 groups; 0.7 s; peak memory 1441 MiB.
2026-10-09T05:45:54Z INFO [810/900] 7f7d56a2-b2f3-4482-aa8e-cc1142f2a151: 24 groups; 0.6 s; peak memory 1441 MiB.
2026-10-09T05:45:54Z INFO [811/900] 7f7d748a-cf21-4f36-9897-37734821ea7c: 22 groups; 0.6 s; peak memory 1441 MiB.
2026-10-09T05:45:55Z INFO [812/900] 7f7e4332-7bfc-4f01-a9b0-40e08dd35c05: 29 groups; 0.6 s; peak memory 1441 MiB.
2026-10-09T05:45:56Z INFO [813/900] 7f7e5161-84e4-4010-91de-deb09566d8ca: 35 groups; 0.9 s; peak memory 1441 MiB.
2026-10-09T05:45:57Z INFO [814/900] 7f7ecdb3-959f-42f8-ae68-2a3f4ad449b5: 35 groups; 0.8 s; peak memory 1441 MiB.
2026-10-09T05:45:57Z INFO [815/900] 7f80191e-525a-4d25-8714-429758ad2bcb: 22 groups; 0.7 s; peak memory 1441 MiB.
2026-10-09T05:46:07Z INFO [816/900] 7f8074b8-d317-4e09-ba34-f6d2c7705b23: 358 groups; 10.1 s; peak memory 1441 MiB.
2026-10-09T05:46:10Z INFO [817/900] 7f80cb38-68d0-4bc6-8e6c-1094f22822f9: 135 groups; 2.9 s; peak memory 1441 MiB.
2026-10-09T05:46:22Z INFO [818/900] 7f80ec7c-3baf-4113-8f78-4782a7f7e07b: 155 groups; 11.6 s; peak memory 1441 MiB.
2026-10-09T05:46:23Z INFO [819/900] 7f82db87-d358-4aa8-b641-0e28a5f8304a: 32 groups; 1.0 s; peak memory 1441 MiB.
2026-10-09T05:46:24Z INFO [820/900] 7f8317af-fb56-468d-a890-9ee95963532f: 35 groups; 0.7 s; peak memory 1441 MiB.
2026-10-09T05:46:24Z INFO [821/900] 7f832a45-35c9-4adc-8f38-e446e4774903: 16 groups; 0.4 s; peak memory 1441 MiB.
2026-10-09T05:46:24Z INFO [822/900] 7f8363bc-6915-414d-ab7f-d2217991d851: 22 groups; 0.5 s; peak memory 1441 MiB.
2026-10-09T05:46:25Z INFO [823/900] 7f8365a4-c626-4e6b-b525-423549ab68f8: 16 groups; 0.4 s; peak memory 1441 MiB.
2026-10-09T05:46:25Z INFO [824/900] 7f847953-7106-4a59-a653-b1312e9d6773: 22 groups; 0.7 s; peak memory 1441 MiB.
2026-10-09T05:46:26Z INFO [825/900] 7f850b07-e9d5-48e9-8123-adca165935aa: 35 groups; 0.8 s; peak memory 1441 MiB.
2026-10-09T05:47:02Z INFO [826/900] 7f854dd1-8c72-4e30-bdfb-aa4e656b5a69: 47 groups; 35.9 s; peak memory 1441 MiB.
2026-10-09T05:47:03Z INFO [827/900] 7f857dcc-0ea6-434e-bdad-4d1d290ad27b: 199 groups; 1.2 s; peak memory 1441 MiB.
2026-10-09T05:47:04Z INFO [828/900] 7f859603-7f76-41b3-95f5-6a1090fb3aeb: 28 groups; 0.4 s; peak memory 1441 MiB.
2026-10-09T05:47:12Z INFO [829/900] 7f86e254-6521-4252-8e40-494ae13b2830: 194 groups; 7.7 s; peak memory 1441 MiB.
2026-10-09T05:47:12Z INFO [830/900] 7f86ef08-51ce-4291-944a-adadfc8757fd: 22 groups; 0.7 s; peak memory 1441 MiB.
2026-10-09T05:47:16Z INFO [831/900] 7f88720c-4eea-42b1-bba2-f5fb602d7382: 181 groups; 3.5 s; peak memory 1441 MiB.
2026-10-09T05:47:17Z INFO [832/900] 7f88bba0-a8d3-4c0e-83e9-d8f4bc5b6827: 54 groups; 1.6 s; peak memory 1441 MiB.
2026-10-09T05:47:18Z INFO [833/900] 7f88c5e8-8220-4b4b-a24e-3553229396ad: 22 groups; 0.7 s; peak memory 1441 MiB.
2026-10-09T05:47:19Z INFO [834/900] 7f89c019-0d60-4835-8f48-9127eb23f2b7: 32 groups; 1.1 s; peak memory 1441 MiB.
2026-10-09T05:47:22Z INFO [835/900] 7f89f410-e415-4292-9375-9394b8a110d8: 127 groups; 2.8 s; peak memory 1441 MiB.
2026-10-09T05:47:23Z INFO [836/900] 7f8b9977-ea35-4a39-b8b5-6f2de3712d72: 22 groups; 0.7 s; peak memory 1441 MiB.
2026-10-09T05:47:23Z INFO [837/900] 7f8c4308-97cc-4d6c-b8eb-3606f2ad5411: 32 groups; 0.7 s; peak memory 1441 MiB.
2026-10-09T05:47:35Z INFO [838/900] 7f8ec436-88db-40ea-a518-55442fe5564c: 63 groups; 12.1 s; peak memory 1441 MiB.
2026-10-09T05:47:36Z INFO [839/900] 7f8efb4c-6d25-40fe-a797-2c39da702d6a: 32 groups; 0.8 s; peak memory 1441 MiB.
2026-10-09T05:47:37Z INFO [840/900] 7f8f20a1-ab1c-4613-966f-0c104aa55e2e: 32 groups; 0.8 s; peak memory 1441 MiB.
2026-10-09T05:47:38Z INFO [841/900] 7f8fec39-4599-4485-829c-103306974b9a: 32 groups; 0.7 s; peak memory 1441 MiB.
2026-10-09T05:47:38Z INFO [842/900] 7f902724-a5c1-4188-92e0-99a1333fbe3c: 22 groups; 0.7 s; peak memory 1441 MiB.
2026-10-09T05:47:41Z INFO [843/900] 7f91397e-e318-45e0-aa36-b220fe1676c9: 336 groups; 2.0 s; peak memory 1441 MiB.
2026-10-09T05:47:43Z INFO [844/900] 7f91ccbd-6701-4661-9ea7-c5e71080712b: 50 groups; 2.2 s; peak memory 1441 MiB.
2026-10-09T05:47:43Z INFO [845/900] 7f92711a-2a49-4e6f-a51b-dca95bb3e065: 32 groups; 0.6 s; peak memory 1441 MiB.
2026-10-09T05:47:47Z INFO [846/900] 7f92c872-092d-4869-9a7f-2acc882a722e: 22 groups; 3.7 s; peak memory 1441 MiB.
2026-10-09T05:47:48Z INFO [847/900] 7f940de7-838f-4d74-986f-4c0f22d4ca4e: 48 groups; 1.3 s; peak memory 1441 MiB.
2026-10-09T05:48:12Z INFO [848/900] 7f9451c9-0e76-4b9a-985c-be3493cc1f1f: 23 groups; 23.2 s; peak memory 1441 MiB.
2026-10-09T05:48:12Z INFO [849/900] 7f9467ec-0cc7-44a9-8376-69b189be6b7c: 33 groups; 0.6 s; peak memory 1441 MiB.
2026-10-09T05:48:13Z INFO [850/900] 7f962f10-9d8d-4cfc-ad6f-5db97ecede5d: 28 groups; 0.6 s; peak memory 1441 MiB.
2026-10-09T05:48:13Z INFO [850/900] 7f962f10-9d8d-4cfc-ad6f-5db97ecede5d: checkpointed 108386 new records.
2026-10-09T05:48:14Z INFO [851/900] 7f9659d5-01cd-4919-98e0-adbb001a83eb: 22 groups; 0.7 s; peak memory 1441 MiB.
2026-10-09T05:48:15Z INFO [852/900] 7f9753b8-3b59-4d21-a583-5aec88190120: 22 groups; 0.9 s; peak memory 1441 MiB.
2026-10-09T05:48:20Z INFO [853/900] 7f97626c-4aec-4dea-95e9-e89e2b7140ea: 168 groups; 5.2 s; peak memory 1441 MiB.
2026-10-09T05:48:21Z INFO [854/900] 7f985682-45d8-47e7-a428-637bc6786307: 32 groups; 0.9 s; peak memory 1441 MiB.
2026-10-09T05:48:27Z INFO [855/900] 7f98c085-b4c6-4fe2-9f3c-295704ddcded: 36 groups; 6.7 s; peak memory 1441 MiB.
2026-10-09T05:48:30Z INFO [856/900] 7f995137-d849-485c-bdab-409aa45a5d68: 66 groups; 2.5 s; peak memory 1441 MiB.
2026-10-09T05:48:43Z INFO [857/900] 7f9972ab-8189-4ed5-81d6-b18b92fbfa08: 245 groups; 12.7 s; peak memory 1441 MiB.
2026-10-09T05:48:48Z INFO [858/900] 7f99a719-1576-4a1d-a3ad-e3208db70537: 160 groups; 5.5 s; peak memory 1441 MiB.
2026-10-09T05:48:51Z INFO [859/900] 7f9ca0ef-c30d-405c-b1a5-e48dc69f891e: 82 groups; 2.4 s; peak memory 1441 MiB.
2026-10-09T05:48:54Z INFO [860/900] 7f9d135b-8884-4dd9-841b-46ba43bb9e25: 127 groups; 3.1 s; peak memory 1441 MiB.
2026-10-09T05:48:54Z INFO [861/900] 7f9dc332-d601-4933-9d19-4fd75d7811fe: 22 groups; 0.7 s; peak memory 1441 MiB.
2026-10-09T05:48:55Z INFO [862/900] 7f9ea3b5-4fbc-4270-911a-12daea82db97: 22 groups; 0.8 s; peak memory 1441 MiB.
2026-10-09T05:48:56Z INFO [863/900] 7f9ead21-35d1-438a-9828-13e55e6d1137: 22 groups; 0.8 s; peak memory 1441 MiB.
2026-10-09T05:48:58Z INFO [864/900] 7f9f8be5-82ca-447e-8149-e72960e63485: 58 groups; 1.5 s; peak memory 1441 MiB.
2026-10-09T05:49:19Z INFO [865/900] 7fa02d27-fc95-4d3b-815b-6dfc2f162152: 23 groups; 21.4 s; peak memory 1441 MiB.
2026-10-09T05:49:21Z INFO [866/900] 7fa104a2-5f98-4e1d-b943-023b7cf8ae06: 206 groups; 1.8 s; peak memory 1441 MiB.
2026-10-09T05:49:22Z INFO [867/900] 7fa1e82b-d554-4aa4-976a-27e3f62d8161: 22 groups; 0.9 s; peak memory 1441 MiB.
2026-10-09T05:49:23Z INFO [868/900] 7fa23b02-8d3e-44b7-8448-ca8228312c4a: 35 groups; 1.2 s; peak memory 1441 MiB.
2026-10-09T05:49:29Z INFO [869/900] 7fa25048-5e31-4b7a-9afc-6d40a8f74655: 194 groups; 6.7 s; peak memory 1441 MiB.
2026-10-09T05:49:30Z INFO [870/900] 7fa32c6e-a4ee-47c7-a66f-b3108d59691a: 32 groups; 0.7 s; peak memory 1441 MiB.
2026-10-09T05:49:31Z INFO [871/900] 7fa4adb9-4fe3-4738-9f44-a324d25a9b21: 253 groups; 0.6 s; peak memory 1441 MiB.
2026-10-09T05:49:32Z INFO [872/900] 7fa4b2d4-ec74-4e44-9375-4f0a4529d977: 17 groups; 1.5 s; peak memory 1441 MiB.
2026-10-09T05:49:34Z INFO [873/900] 7fa4f137-a4df-49a0-bc19-b88349795160: 37 groups; 1.7 s; peak memory 1441 MiB.
2026-10-09T05:49:40Z INFO [874/900] 7fa546f4-743f-4266-ad09-a00848c8ce29: 221 groups; 5.7 s; peak memory 1441 MiB.
2026-10-09T05:49:40Z INFO [875/900] 7fa55cff-91b4-4014-8816-e7bde4f6441b: 22 groups; 0.8 s; peak memory 1441 MiB.
2026-10-09T05:49:41Z INFO [876/900] 7fa75cd6-3389-44b9-a6d8-538eb5e7039b: 29 groups; 1.1 s; peak memory 1441 MiB.
2026-10-09T05:49:43Z INFO [877/900] 7fa76315-2768-4c72-a31b-ea4a703538e0: 29 groups; 1.1 s; peak memory 1441 MiB.
2026-10-09T05:49:50Z INFO [878/900] 7fa799a8-8531-47e9-849c-c80e55ea833f: 224 groups; 7.5 s; peak memory 1441 MiB.
2026-10-09T05:49:57Z INFO [879/900] 7fa81ad3-0912-4363-b963-565196e9b14f: 212 groups; 6.8 s; peak memory 1441 MiB.
2026-10-09T05:49:58Z INFO [880/900] 7fa8aca0-021a-4f42-8cdf-91c5535bb7db: 32 groups; 0.8 s; peak memory 1441 MiB.
2026-10-09T05:49:59Z INFO [881/900] 7fa91fcf-9b5e-4f33-93d1-d7b8eb31af42: 25 groups; 0.7 s; peak memory 1441 MiB.
2026-10-09T05:50:05Z INFO [882/900] 7fa92438-7207-444f-96e9-48c10ffa2da9: 33 groups; 6.9 s; peak memory 1441 MiB.
2026-10-09T05:50:06Z INFO [883/900] 7fa96301-925c-4431-be9e-dab391756ce6: 25 groups; 0.7 s; peak memory 1441 MiB.
2026-10-09T05:50:08Z INFO [884/900] 7fa96f85-87ce-4464-8f3f-ce1c78566691: 71 groups; 1.5 s; peak memory 1441 MiB.
2026-10-09T05:50:11Z INFO [885/900] 7faa7d9d-46bf-43f9-9e26-328029a431c2: 146 groups; 3.5 s; peak memory 1441 MiB.
2026-10-09T05:50:12Z INFO [886/900] 7fab16ed-b7a9-43fe-b7f9-436058067799: 202 groups; 1.2 s; peak memory 1441 MiB.
2026-10-09T05:50:13Z INFO [887/900] 7fab7c65-ae84-4b84-a751-d44f716ed141: 32 groups; 0.9 s; peak memory 1441 MiB.
2026-10-09T05:50:14Z INFO [888/900] 7fab94d0-7a1d-4bcf-ba48-37836489e45e: 336 groups; 0.9 s; peak memory 1441 MiB.
2026-10-09T05:50:21Z INFO [889/900] 7fab960e-0338-4734-9912-805c838d8440: 220 groups; 6.7 s; peak memory 1441 MiB.
2026-10-09T05:50:22Z INFO [890/900] 7fac6c7a-ca4c-4f84-917b-b5438f9abf91: 17 groups; 1.4 s; peak memory 1441 MiB.
2026-10-09T05:50:23Z INFO [891/900] 7facf65c-36b7-4df9-ad83-b7daeebcf2e4: 22 groups; 0.7 s; peak memory 1441 MiB.
2026-10-09T05:50:23Z INFO [892/900] 7fad4022-2e38-4399-bc14-5e4d45cb8d80: 22 groups; 0.6 s; peak memory 1441 MiB.
2026-10-09T05:50:24Z INFO [893/900] 7fad6ac6-56fc-41e5-8589-ff430045808b: 16 groups; 0.4 s; peak memory 1441 MiB.
2026-10-09T05:50:25Z INFO [894/900] 7fadfbba-1abf-4a00-b840-4bbe58588d31: 32 groups; 0.9 s; peak memory 1441 MiB.
2026-10-09T05:50:25Z INFO [895/900] 7fae0371-9379-4064-b89e-28586872574e: 21 groups; 0.7 s; peak memory 1441 MiB.
2026-10-09T05:50:26Z INFO [896/900] 7fae4507-5aa6-4e5e-8ee5-d5a4bd903b68: 35 groups; 0.8 s; peak memory 1441 MiB.
2026-10-09T05:50:27Z INFO [897/900] 7faeddd5-83ce-48e3-b917-28280abb52ed: 31 groups; 0.6 s; peak memory 1441 MiB.
2026-10-09T05:50:28Z INFO [898/900] 7faeec99-ca6a-4d07-b41a-7b6cc225016e: 22 groups; 0.8 s; peak memory 1441 MiB.
2026-10-09T05:50:28Z INFO [899/900] 7fafa71f-a82b-4669-887b-2030bc64452c: 16 groups; 0.5 s; peak memory 1441 MiB.
2026-10-09T05:50:29Z INFO [900/900] 7fb05688-2679-4bfb-8215-c97711ab5fdd: 26 groups; 0.5 s; peak memory 1441 MiB.
2026-10-09T05:50:29Z INFO [900/900] 7fb05688-2679-4bfb-8215-c97711ab5fdd: checkpointed 108436 new records.
2026-10-09T05:50:29Z INFO Wrote 108436 records to /tmp/derivatives/valid_nwb_file_to_number_of_groups.jsonl (900 new, 0 failed) in 185.8 min (peak memory 1441 MiB).
