2026-10-06T16:57:11Z INFO Logging to /tmp/logs/update_2026-10-06T16-57-11Z.log.
2026-10-06T16:57:11Z INFO Update valid-nwb-file-to-number-of-groups (base directory /tmp).
2026-10-06T16:57:11Z INFO Processing 900 items (87736 already recorded).
2026-10-06T16:57:14Z INFO [1/900] 54953593-2f96-4cfc-ad20-b834ca0777c5: 48 groups; 3.4 s; peak memory 111 MiB.
2026-10-06T16:57:17Z INFO [2/900] 5496085f-e723-419a-80b8-74b532c9f943: 571 groups; 2.8 s; peak memory 114 MiB.
2026-10-06T16:57:19Z INFO [3/900] 54962f64-042d-4431-8845-9b280bb5cdf2: 22 groups; 1.3 s; peak memory 115 MiB.
2026-10-06T16:57:20Z INFO [4/900] 54964fe4-808c-4851-a471-9c445ffdf5c0: 22 groups; 1.4 s; peak memory 115 MiB.
2026-10-06T16:57:21Z INFO [5/900] 549810f2-6beb-4c06-99aa-3db97147cb13: 32 groups; 1.5 s; peak memory 116 MiB.
2026-10-06T16:57:23Z INFO [6/900] 549828c9-9834-4aaf-8996-6c356cd1f3e4: 32 groups; 1.6 s; peak memory 117 MiB.
2026-10-06T16:57:24Z INFO [7/900] 549845fd-26a3-4be0-882f-a080d973eb24: 22 groups; 1.4 s; peak memory 117 MiB.
2026-10-06T16:57:26Z INFO [8/900] 54996fcd-3bd1-4ce5-a488-e23365f51a01: 32 groups; 1.6 s; peak memory 117 MiB.
2026-10-06T16:57:27Z INFO [9/900] 549a8ac9-c3d7-461e-8846-5fd84084446c: 251 groups; 1.4 s; peak memory 117 MiB.
2026-10-06T16:57:29Z INFO [10/900] 549a9b40-4b90-4cd7-8a53-ce09e9d19f34: 22 groups; 1.6 s; peak memory 117 MiB.
2026-10-06T16:57:31Z INFO [11/900] 549b0fc0-3838-48cc-b9d1-b51db5e708b4: 32 groups; 1.7 s; peak memory 118 MiB.
2026-10-06T16:57:32Z INFO [12/900] 549c6b38-5d86-4552-ad18-10abc93c1cc7: 28 groups; 1.2 s; peak memory 118 MiB.
2026-10-06T16:57:34Z INFO [13/900] 549cb737-f989-41b4-89dd-968066906e83: 201 groups; 2.1 s; peak memory 118 MiB.
2026-10-06T16:57:38Z INFO [14/900] 549cdf4f-b507-4bb9-b597-945caed4040a: 50 groups; 4.2 s; peak memory 119 MiB.
2026-10-06T16:57:40Z INFO [15/900] 549d8208-9ca9-4779-b499-7aae64e96a8e: 22 groups; 1.4 s; peak memory 119 MiB.
2026-10-06T16:57:41Z INFO [16/900] 549d84c0-dc06-4fa9-8791-b7740f6744ee: 32 groups; 1.7 s; peak memory 119 MiB.
2026-10-06T16:57:43Z INFO [17/900] 549d908c-2428-4a08-b1b2-4f9d0d3821db: 22 groups; 1.6 s; peak memory 119 MiB.
2026-10-06T16:57:45Z INFO [18/900] 549e149d-146d-48ef-9479-332c793db785: 35 groups; 1.8 s; peak memory 120 MiB.
2026-10-06T16:57:48Z INFO [19/900] 549e6f9c-244d-4bfe-9784-4f6d11899610: 48 groups; 3.6 s; peak memory 120 MiB.
2026-10-06T16:57:51Z INFO [20/900] 549f01d6-f6ab-462e-8a07-ce067ba21983: 194 groups; 2.3 s; peak memory 120 MiB.
2026-10-06T16:57:52Z INFO [21/900] 549f5a6a-30a6-4b6b-9236-4b90657d2fb0: 22 groups; 1.3 s; peak memory 120 MiB.
2026-10-06T16:57:55Z INFO [22/900] 549f83d3-d94d-4bfa-b86a-821f7b06d86f: 48 groups; 3.3 s; peak memory 120 MiB.
2026-10-06T16:58:00Z INFO [23/900] 549f8a1a-c28e-4cdf-9db4-feb291d69a2f: 57 groups; 4.4 s; peak memory 122 MiB.
2026-10-06T16:58:01Z INFO [24/900] 549fe856-4db9-40fd-9abf-08446fc49a7e: 22 groups; 1.5 s; peak memory 122 MiB.
2026-10-06T16:58:03Z INFO [25/900] 54a1281e-f298-46be-83ad-b670d45b1370: 201 groups; 2.0 s; peak memory 122 MiB.
2026-10-06T16:58:06Z INFO [26/900] 54a17a68-2b9e-47f5-91ae-894cc6aba66b: 35 groups; 2.2 s; peak memory 122 MiB.
2026-10-06T16:58:07Z INFO [27/900] 54a2b54b-236d-477e-a781-901de96ba4af: 22 groups; 1.3 s; peak memory 122 MiB.
2026-10-06T16:58:18Z INFO [28/900] 54a328a6-c5b8-43e1-913d-9b65f4e06158: 201 groups; 10.7 s; peak memory 145 MiB.
2026-10-06T16:58:19Z INFO [29/900] 54a37ece-c6f0-4c7b-975c-32ab390ecc08: 22 groups; 1.5 s; peak memory 145 MiB.
2026-10-06T16:58:21Z INFO [30/900] 54a50873-2351-49b0-8f00-0eedd3597521: 254 groups; 1.6 s; peak memory 145 MiB.
2026-10-06T16:58:22Z INFO [31/900] 54a52a38-6dff-4ee0-abfd-b5fdab79cf67: 16 groups; 1.0 s; peak memory 145 MiB.
2026-10-06T16:58:23Z INFO [32/900] 54a5474d-eac5-45e1-a378-4c9cc18d6b82: 28 groups; 1.3 s; peak memory 145 MiB.
2026-10-06T16:58:32Z INFO [33/900] 54a587e9-3eac-4291-b657-0960bb323864: 47 groups; 9.4 s; peak memory 145 MiB.
2026-10-06T16:58:40Z INFO [34/900] 54a5b51d-ec25-4a73-a702-7b4263dcf7fa: 133 groups; 7.5 s; peak memory 146 MiB.
2026-10-06T16:58:42Z INFO [35/900] 54a652cb-85b1-4abc-a19f-9709d251e52f: 35 groups; 1.8 s; peak memory 146 MiB.
2026-10-06T16:58:43Z INFO [36/900] 54a6b480-816b-49d5-8e2e-cb5dbc38e8cd: 25 groups; 1.5 s; peak memory 146 MiB.
2026-10-06T16:58:45Z INFO [37/900] 54a6c297-3f50-449e-a8bf-613b6367c847: 32 groups; 1.5 s; peak memory 146 MiB.
2026-10-06T16:58:56Z INFO [38/900] 54a7463d-156a-48bd-a60d-e22200ca33ab: 203 groups; 11.5 s; peak memory 146 MiB.
2026-10-06T16:58:58Z INFO [39/900] 54a7b981-db3a-4e3d-8563-0f5fc8114a4f: 32 groups; 1.5 s; peak memory 146 MiB.
2026-10-06T16:59:02Z INFO [40/900] 54a89c16-65ba-4b1f-8bcf-2b9516ddca64: 30 groups; 4.4 s; peak memory 146 MiB.
2026-10-06T16:59:04Z INFO [41/900] 54a90877-3854-473b-8daf-140043c303ff: 32 groups; 1.6 s; peak memory 146 MiB.
2026-10-06T16:59:05Z INFO [42/900] 54a93b4e-75e8-408f-b4f8-8f2d14fc2237: 32 groups; 1.8 s; peak memory 146 MiB.
2026-10-06T16:59:07Z INFO [43/900] 54a9b760-0b37-461d-b613-3e14124d10b3: 22 groups; 1.5 s; peak memory 147 MiB.
2026-10-06T16:59:11Z INFO [44/900] 54aa00c0-68d0-42c0-8b3c-f8763598983b: 52 groups; 4.2 s; peak memory 147 MiB.
2026-10-06T16:59:13Z INFO [45/900] 54aa2377-e229-42b3-b7e0-0634740a00c8: 255 groups; 1.9 s; peak memory 147 MiB.
2026-10-06T16:59:14Z INFO [46/900] 54aa4488-8ce1-430f-aec9-91af9a4b1f58: 22 groups; 1.4 s; peak memory 147 MiB.
2026-10-06T16:59:15Z INFO [47/900] 54aac4f9-374c-423a-b314-cec3c84e0203: 26 groups; 1.1 s; peak memory 147 MiB.
2026-10-06T16:59:17Z INFO [48/900] 54ab723f-35ff-4933-aeef-e830be4189fe: 35 groups; 1.9 s; peak memory 147 MiB.
2026-10-06T16:59:21Z INFO [49/900] 54abbd6b-073c-4d00-b323-92216abcca0e: 60 groups; 3.6 s; peak memory 147 MiB.
2026-10-06T16:59:23Z INFO [50/900] 54ac4ba3-217c-4ded-8cc5-903a465f2882: 32 groups; 1.6 s; peak memory 147 MiB.
2026-10-06T16:59:23Z INFO [50/900] 54ac4ba3-217c-4ded-8cc5-903a465f2882: checkpointed 87786 records.
2026-10-06T16:59:24Z INFO [51/900] 54acb2c4-748c-4d5f-9de7-1733cb0633c9: 32 groups; 1.8 s; peak memory 147 MiB.
2026-10-06T16:59:26Z INFO [52/900] 54ad1a6e-2ace-4d88-8178-6ddb427875a2: 22 groups; 1.3 s; peak memory 147 MiB.
2026-10-06T16:59:28Z INFO [53/900] 54ad357a-9893-4d76-917c-272d02088dd5: 35 groups; 2.2 s; peak memory 147 MiB.
2026-10-06T16:59:39Z INFO [54/900] 54af748a-e18f-439e-9a43-d8e5e667f680: 50 groups; 10.6 s; peak memory 245 MiB.
2026-10-06T16:59:40Z INFO [55/900] 54b0e07e-343d-4fa2-9b5c-0c851ab780ef: 22 groups; 1.4 s; peak memory 245 MiB.
2026-10-06T16:59:49Z INFO [56/900] 54b188d6-7625-4a69-a720-c57aa74129c4: 208 groups; 9.4 s; peak memory 246 MiB.
2026-10-06T16:59:51Z INFO [57/900] 54b1bf19-210f-4ec8-816b-d8352845c776: 22 groups; 1.4 s; peak memory 246 MiB.
2026-10-06T17:00:09Z INFO [58/900] 54b1c92f-96ef-4fdb-a4cb-da7ac41cb617: 249 groups; 18.5 s; peak memory 256 MiB.
2026-10-06T17:00:13Z INFO [59/900] 54b1f6e3-3649-445b-a773-3e3377909097: 50 groups; 3.9 s; peak memory 256 MiB.
2026-10-06T17:00:22Z INFO [60/900] 54b27756-cd03-43bc-8b87-67800c6f024e: 47 groups; 8.6 s; peak memory 256 MiB.
2026-10-06T17:00:23Z INFO [61/900] 54b32bb9-b0da-4a26-a38e-1103735ad972: 22 groups; 1.4 s; peak memory 256 MiB.
2026-10-06T17:00:24Z INFO [62/900] 54b3e43a-b0ea-468e-8ac3-9d25f79233a6: 32 groups; 1.5 s; peak memory 256 MiB.
2026-10-06T17:00:52Z INFO [63/900] 54b3ec87-ae16-4126-96df-2b141de79fe8: 315 groups; 27.9 s; peak memory 259 MiB.
2026-10-06T17:00:55Z INFO [64/900] 54b624bb-ddc0-4584-8331-853572cceed0: 48 groups; 2.9 s; peak memory 259 MiB.
2026-10-06T17:00:59Z INFO [65/900] 54b684a5-c1dc-417e-adbf-c4cfe61c9d8e: 48 groups; 3.6 s; peak memory 259 MiB.
2026-10-06T17:01:31Z INFO [66/900] 54b6b909-2283-470b-93a1-ba4834eb0cf3: 23 groups; 32.3 s; peak memory 261 MiB.
2026-10-06T17:01:33Z INFO [67/900] 54b82054-df0f-4aa4-b367-7caa67331001: 25 groups; 1.5 s; peak memory 261 MiB.
2026-10-06T17:01:35Z INFO [68/900] 54b87374-3a85-4111-8676-667ed73500ca: 35 groups; 2.1 s; peak memory 261 MiB.
2026-10-06T17:01:37Z INFO [69/900] 54b876ed-ddab-4609-b4cf-5d01e6e51c39: 33 groups; 2.1 s; peak memory 261 MiB.
2026-10-06T17:01:38Z INFO [70/900] 54b90157-7c04-47c7-8fd3-8190c43baa83: 22 groups; 1.5 s; peak memory 261 MiB.
2026-10-06T17:01:40Z INFO [71/900] 54b966a5-4365-46ff-9a0d-c47033048899: 35 groups; 1.7 s; peak memory 261 MiB.
2026-10-06T17:01:42Z INFO [72/900] 54b97575-c52a-4f1b-bcf1-c0fb75028b68: 22 groups; 1.6 s; peak memory 261 MiB.
2026-10-06T17:01:43Z INFO [73/900] 54b9d6e3-9476-433b-abdf-8e4aa454f449: 32 groups; 1.6 s; peak memory 261 MiB.
2026-10-06T17:01:45Z INFO [74/900] 54ba8d75-fbd4-4d89-9e92-9681bea1420d: 32 groups; 1.6 s; peak memory 261 MiB.
2026-10-06T17:02:13Z INFO [75/900] 54bb9946-5d4d-4175-9171-15fb6dd08f6f: 219 groups; 28.2 s; peak memory 278 MiB.
2026-10-06T17:02:14Z INFO [76/900] 54bbe1b1-2e19-4912-833a-80ee0ff1d995: 29 groups; 1.1 s; peak memory 278 MiB.
2026-10-06T17:02:18Z INFO [77/900] 54bc2261-50ab-48a1-8718-7cddcd375fb1: 48 groups; 3.4 s; peak memory 278 MiB.
2026-10-06T17:02:21Z INFO [78/900] 54bd85e0-89d4-4810-8eab-a287b18d05fb: 50 groups; 3.6 s; peak memory 278 MiB.
2026-10-06T17:02:23Z INFO [79/900] 54be4bae-be84-4c27-b2f5-bc16e0ff478e: 25 groups; 1.6 s; peak memory 278 MiB.
2026-10-06T17:02:25Z INFO [80/900] 54be6783-f4b8-4a9d-b2bd-82805de92845: 32 groups; 1.8 s; peak memory 278 MiB.
2026-10-06T17:02:26Z INFO [81/900] 54c02d25-c994-46b1-b1aa-f07ae029cb72: 22 groups; 1.3 s; peak memory 278 MiB.
2026-10-06T17:02:28Z INFO [82/900] 54c05f3b-a88a-4f7d-881c-d6eb7b8cf33b: 35 groups; 2.1 s; peak memory 278 MiB.
2026-10-06T17:02:30Z INFO [83/900] 54c31314-9781-414c-9166-8bbce4163b0e: 29 groups; 1.9 s; peak memory 278 MiB.
2026-10-06T17:02:32Z INFO [84/900] 54c3b884-5077-498e-a2c0-320b37e27244: 336 groups; 2.0 s; peak memory 278 MiB.
2026-10-06T17:02:35Z INFO [85/900] 54c456fd-e3a7-4b9e-b152-173c1132d9cb: 17 groups; 3.0 s; peak memory 278 MiB.
2026-10-06T17:02:37Z INFO [86/900] 54c4a9d6-ed43-4791-88e7-10a4a9f2ebde: 32 groups; 1.7 s; peak memory 278 MiB.
2026-10-06T17:02:38Z INFO [87/900] 54c504cc-bbb4-4979-8d3f-6e6ea556decf: 32 groups; 1.7 s; peak memory 278 MiB.
2026-10-06T17:05:42Z INFO [88/900] 54c59eec-9618-46c0-9a7f-77fe36b7de3f: 68 groups; 183.3 s; peak memory 377 MiB.
2026-10-06T17:05:43Z INFO [89/900] 54c60e5f-9213-41c0-a27c-6f5ce3e0bf71: 31 groups; 1.3 s; peak memory 377 MiB.
2026-10-06T17:05:55Z INFO [90/900] 54c6118e-1d49-4f20-b9e7-0541062fbd59: 129 groups; 12.5 s; peak memory 377 MiB.
2026-10-06T17:06:00Z INFO [91/900] 54c68a8d-61c7-41ed-8907-b2f3931439e1: 53 groups; 5.2 s; peak memory 377 MiB.
2026-10-06T17:06:02Z INFO [92/900] 54c690bd-b3c3-47a9-8c96-08b7c862b200: 36 groups; 1.7 s; peak memory 377 MiB.
2026-10-06T17:06:04Z INFO [93/900] 54c8035a-826f-4bbd-9013-187033ddeaac: 22 groups; 1.4 s; peak memory 377 MiB.
2026-10-06T17:06:09Z INFO [94/900] 54c87fc7-d09e-4b69-ad4b-efd271442195: 65 groups; 5.8 s; peak memory 377 MiB.
2026-10-06T17:06:11Z INFO [95/900] 54c901b0-18b7-4504-9a03-e14fa7365a80: 22 groups; 1.3 s; peak memory 377 MiB.
2026-10-06T17:06:12Z INFO [96/900] 54c90d9a-2ba5-4b4e-9ade-5d7e29f44283: 28 groups; 1.2 s; peak memory 377 MiB.
2026-10-06T17:06:13Z INFO [97/900] 54c93a73-cbaa-4c25-aaff-aa51a8e1a6b0: 22 groups; 1.3 s; peak memory 377 MiB.
2026-10-06T17:06:14Z INFO [98/900] 54c95d33-3cbb-4a24-b351-8fdd45c64c34: 28 groups; 1.2 s; peak memory 377 MiB.
2026-10-06T17:06:16Z INFO [99/900] 54cb1e70-62c0-4f56-abf0-e6c6683e603d: 22 groups; 1.5 s; peak memory 377 MiB.
2026-10-06T17:06:17Z INFO [100/900] 54cc4770-536b-45f1-bfc9-23398d34a9a1: 22 groups; 1.5 s; peak memory 377 MiB.
2026-10-06T17:06:18Z INFO [100/900] 54cc4770-536b-45f1-bfc9-23398d34a9a1: checkpointed 87836 records.
2026-10-06T17:06:20Z INFO [101/900] 54cc5a3a-cae9-4dd7-87b7-dbc91c84d7b8: 341 groups; 2.7 s; peak memory 377 MiB.
2026-10-06T17:06:22Z INFO [102/900] 54cccf8a-469f-494f-b5a0-a2fba8ade6fd: 31 groups; 1.2 s; peak memory 377 MiB.
2026-10-06T17:06:23Z INFO [103/900] 54ccd33b-bd79-4da3-a94e-dd9547e01e22: 28 groups; 1.2 s; peak memory 377 MiB.
2026-10-06T17:06:25Z INFO [104/900] 54ccebc1-abae-4aee-a1e0-516c6c9e32fe: 194 groups; 1.8 s; peak memory 377 MiB.
2026-10-06T17:06:26Z INFO [105/900] 54cd4f91-d28c-4fb2-bd12-6fb1daaefbb5: 201 groups; 1.9 s; peak memory 377 MiB.
2026-10-06T17:09:28Z INFO [106/900] 54cd7514-c987-4ca3-9997-79abdf46e3ad: 63 groups; 182.0 s; peak memory 377 MiB.
2026-10-06T17:09:30Z INFO [107/900] 54cdf4dd-b596-43c1-842c-4d184a2af9b4: 32 groups; 1.5 s; peak memory 377 MiB.
2026-10-06T17:09:33Z INFO [108/900] 54cecfa0-e12c-43c8-91a9-42f0794cc920: 47 groups; 3.3 s; peak memory 377 MiB.
2026-10-06T17:09:35Z INFO [109/900] 54cfe65c-45b8-4d16-9b93-e493bbe881da: 103 groups; 1.6 s; peak memory 377 MiB.
2026-10-06T17:09:37Z INFO [110/900] 54cff0f5-699c-4914-ae3e-ef04d01ef80b: 33 groups; 1.8 s; peak memory 377 MiB.
2026-10-06T17:09:38Z INFO [111/900] 54d0a95f-4e17-40c9-8f4c-0b883d28f40a: 17 groups; 1.2 s; peak memory 377 MiB.
2026-10-06T17:09:58Z INFO [112/900] 54d0ab62-9306-429c-af0d-a2093e5cf5a7: 448 groups; 19.9 s; peak memory 377 MiB.
2026-10-06T17:09:59Z INFO [113/900] 54d0e845-4733-4d51-814e-078a7bb2da39: 22 groups; 1.3 s; peak memory 377 MiB.
2026-10-06T17:10:01Z INFO [114/900] 54d0e9e9-071d-4a42-ac33-8478a677d7ce: 33 groups; 2.1 s; peak memory 377 MiB.
2026-10-06T17:10:03Z INFO [115/900] 54d1ba2f-2fce-42dd-b1a0-b2407b3acc4c: 25 groups; 1.6 s; peak memory 377 MiB.
2026-10-06T17:10:04Z INFO [116/900] 54d1d6ee-eb9b-4646-a3c1-b518385695bd: 32 groups; 1.6 s; peak memory 377 MiB.
2026-10-06T17:10:06Z INFO [117/900] 54d28c8e-be48-4d49-aa74-b20d4125e0f2: 16 groups; 1.1 s; peak memory 377 MiB.
2026-10-06T17:10:07Z INFO [118/900] 54d2a8df-90de-465d-90fa-a91ce03366bc: 22 groups; 1.4 s; peak memory 377 MiB.
2026-10-06T17:11:20Z INFO [119/900] 54d337ed-63d6-437b-b252-0860f68d78ac: 5510 groups; 73.2 s; peak memory 428 MiB.
2026-10-06T17:11:23Z INFO [120/900] 54d3d44b-e1e8-4a4a-a540-a5e72e7f7fed: 32 groups; 2.3 s; peak memory 428 MiB.
2026-10-06T17:11:24Z INFO [121/900] 54d40836-4329-4f3c-9030-67d606bff1d6: 28 groups; 1.2 s; peak memory 428 MiB.
2026-10-06T17:11:25Z INFO [122/900] 54d46edd-6515-4a1a-ae0c-95cbe47f7a2d: 22 groups; 1.4 s; peak memory 428 MiB.
2026-10-06T17:11:30Z INFO [123/900] 54d530c6-afb8-437b-be1f-10f9704a2e33: 117 groups; 4.9 s; peak memory 428 MiB.
2026-10-06T17:11:32Z INFO [124/900] 54d54bc0-d61d-4804-ab49-91ed70f23950: 22 groups; 1.4 s; peak memory 428 MiB.
2026-10-06T17:11:34Z INFO [125/900] 54d706df-e647-428a-a574-35c27edcea92: 41 groups; 2.6 s; peak memory 428 MiB.
2026-10-06T17:11:36Z INFO [126/900] 54d7a5f2-9457-4ac4-a209-ff22d13b4a5e: 22 groups; 1.4 s; peak memory 428 MiB.
2026-10-06T17:11:37Z INFO [127/900] 54d7ce4d-8d2f-4624-8729-b1f90dff23ef: 22 groups; 1.4 s; peak memory 428 MiB.
2026-10-06T17:11:39Z INFO [128/900] 54d853f6-f23e-4a56-a606-c5691a9d4fcc: 32 groups; 1.5 s; peak memory 428 MiB.
2026-10-06T17:11:59Z INFO [129/900] 54d8a318-a9d9-49a5-8fe4-49f3bfd07561: 311 groups; 21.0 s; peak memory 428 MiB.
2026-10-06T17:12:02Z INFO [130/900] 54d950d3-988a-41c5-8058-9c01ee4af988: 17 groups; 2.8 s; peak memory 428 MiB.
2026-10-06T17:12:04Z INFO [131/900] 54d96a29-9459-4404-aedc-46c616218f84: 32 groups; 1.7 s; peak memory 428 MiB.
2026-10-06T17:12:05Z INFO [132/900] 54daeb4d-5e16-4507-8b38-7b3f34e44014: 22 groups; 1.4 s; peak memory 428 MiB.
2026-10-06T17:12:07Z INFO [133/900] 54dbc608-1169-47b3-ae6f-f8452b887dc2: 18 groups; 1.3 s; peak memory 428 MiB.
2026-10-06T17:12:18Z INFO [134/900] 54dc1e5b-2249-4441-88b4-a61611153190: 123 groups; 11.4 s; peak memory 428 MiB.
2026-10-06T17:12:20Z INFO [135/900] 54dc30ba-77b0-4743-849d-42e0f3c66e7f: 32 groups; 1.6 s; peak memory 428 MiB.
2026-10-06T17:16:07Z INFO [136/900] 54dc6681-8582-4663-b95d-4521e47ba905: 45 groups; 227.5 s; peak memory 1233 MiB.
2026-10-06T17:16:08Z INFO [137/900] 54dcf538-f571-4cb8-9bfa-2528c37f6bfa: 16 groups; 1.1 s; peak memory 1233 MiB.
2026-10-06T17:16:18Z INFO [138/900] 54dcfb05-4bcb-457e-879f-8400a90d3641: 861 groups; 10.0 s; peak memory 1233 MiB.
2026-10-06T17:16:20Z INFO [139/900] 54dd1548-530a-4395-9e90-f03c9dcb1181: 32 groups; 1.6 s; peak memory 1233 MiB.
2026-10-06T17:16:21Z INFO [140/900] 54ddddfc-bbb0-492a-bb3e-a85809068075: 32 groups; 1.4 s; peak memory 1233 MiB.
2026-10-06T17:16:23Z INFO [141/900] 54de088c-ce0c-4338-813a-ec7c384cff0d: 29 groups; 1.7 s; peak memory 1233 MiB.
2026-10-06T17:16:24Z INFO [142/900] 54de0f36-e1dd-4dfb-a0fe-e88c14c70bff: 23 groups; 1.1 s; peak memory 1233 MiB.
2026-10-06T17:16:26Z INFO [143/900] 54de1913-5966-4593-812e-b5a90ea250b6: 35 groups; 2.0 s; peak memory 1233 MiB.
2026-10-06T17:16:28Z INFO [144/900] 54de2d64-4b87-4bbb-ac85-222bf9e55ba1: 28 groups; 1.6 s; peak memory 1233 MiB.
2026-10-06T17:16:43Z INFO [145/900] 54de7e2c-338e-426a-863c-ef5de7deebaf: 271 groups; 15.2 s; peak memory 1233 MiB.
2026-10-06T17:16:45Z INFO [146/900] 54de9118-97bd-4737-8a7f-61c418b1a961: 253 groups; 1.8 s; peak memory 1233 MiB.
2026-10-06T17:16:47Z INFO [147/900] 54de9e50-085c-406b-9a7d-5861e55b4b27: 35 groups; 2.1 s; peak memory 1233 MiB.
2026-10-06T17:16:50Z INFO [148/900] 54e00abf-7763-4077-bf4f-2988016c7c94: 48 groups; 3.5 s; peak memory 1233 MiB.
2026-10-06T17:16:52Z INFO [149/900] 54e0b426-f6b4-4661-be0b-d4a2bccaf83a: 32 groups; 1.8 s; peak memory 1233 MiB.
2026-10-06T17:16:58Z INFO [150/900] 54e15ce5-de26-4c1b-80ea-0cdb2da9464b: 37 groups; 6.0 s; peak memory 1233 MiB.
2026-10-06T17:16:58Z INFO [150/900] 54e15ce5-de26-4c1b-80ea-0cdb2da9464b: checkpointed 87886 records.
2026-10-06T17:17:02Z INFO [151/900] 54e1aa31-14e8-4cac-ad22-de628dc30ecc: 48 groups; 3.5 s; peak memory 1233 MiB.
2026-10-06T17:17:03Z INFO [152/900] 54e21147-8281-40cc-b716-2fcc377c3be8: 32 groups; 1.5 s; peak memory 1233 MiB.
2026-10-06T17:17:13Z INFO [153/900] 54e22459-16ee-4bea-9f91-7c3cb1c9b488: 66 groups; 9.6 s; peak memory 1233 MiB.
2026-10-06T17:17:15Z INFO [154/900] 54e22d29-1a7f-4640-ad33-20aecd7a4d87: 33 groups; 2.0 s; peak memory 1233 MiB.
2026-10-06T17:17:17Z INFO [155/900] 54e23b58-fc9d-4162-9ba0-eef559b6a50d: 196 groups; 2.2 s; peak memory 1233 MiB.
2026-10-06T17:17:34Z INFO [156/900] 54e26df4-996f-4719-ac33-e2e819d2bc5a: 184 groups; 17.1 s; peak memory 1233 MiB.
2026-10-06T17:17:36Z INFO [157/900] 54e27e01-2806-4155-8e9a-9313671857a4: 32 groups; 1.7 s; peak memory 1233 MiB.
2026-10-06T17:17:39Z INFO [158/900] 54e2c838-27c9-46db-a1a7-e1a6c7f0279e: 59 groups; 2.9 s; peak memory 1233 MiB.
2026-10-06T17:17:40Z INFO [159/900] 54e57e2c-de5f-45da-b90b-e0c50f737d40: 24 groups; 1.7 s; peak memory 1233 MiB.
2026-10-06T17:17:42Z INFO [160/900] 54e61931-5703-4a3a-9be4-c633061df25a: 22 groups; 1.6 s; peak memory 1233 MiB.
2026-10-06T17:17:44Z INFO [161/900] 54e643b4-31bb-450e-847d-e60343515177: 252 groups; 1.6 s; peak memory 1233 MiB.
2026-10-06T17:17:45Z INFO [162/900] 54e65e25-bc28-4c65-9822-9c204b748a3b: 33 groups; 1.8 s; peak memory 1233 MiB.
2026-10-06T17:18:05Z INFO [163/900] 54e67a68-b730-4c76-b49b-11f9d31f619b: 196 groups; 19.5 s; peak memory 1233 MiB.
2026-10-06T17:18:06Z INFO [164/900] 54e7dbcc-d996-4ac9-9a13-2dcafa0a512a: 22 groups; 1.3 s; peak memory 1233 MiB.
2026-10-06T17:18:08Z INFO [165/900] 54e82134-0b40-4835-a7c1-1fa30206bdec: 29 groups; 1.9 s; peak memory 1233 MiB.
2026-10-06T17:18:12Z INFO [166/900] 54e8d421-a563-4148-9624-71d0a3390656: 48 groups; 3.4 s; peak memory 1233 MiB.
2026-10-06T17:18:13Z INFO [167/900] 54ea6818-17ad-4ab4-89a3-c8ef3309f3ed: 28 groups; 1.3 s; peak memory 1233 MiB.
2026-10-06T17:18:36Z INFO [168/900] 54eb718b-6fd4-4a57-8240-6c45143c4dae: 92 groups; 23.0 s; peak memory 1233 MiB.
2026-10-06T17:18:37Z INFO [169/900] 54ebafb3-0ddf-4596-8680-91c0d7133a93: 31 groups; 1.2 s; peak memory 1233 MiB.
2026-10-06T17:18:40Z INFO [170/900] 54ebddea-541c-4f60-989c-afe4acb8d0cd: 336 groups; 2.5 s; peak memory 1233 MiB.
2026-10-06T17:18:41Z INFO [171/900] 54ec4aa4-9fb1-4045-88f2-2738ecb38b7e: 32 groups; 1.7 s; peak memory 1233 MiB.
2026-10-06T17:18:42Z INFO [172/900] 54ec6041-dd15-42dd-98ef-3c840d944f8d: 26 groups; 1.0 s; peak memory 1233 MiB.
2026-10-06T17:19:15Z INFO [173/900] 54ece582-3789-446e-9f2a-32418c96989d: 23 groups; 33.2 s; peak memory 1233 MiB.
2026-10-06T17:19:17Z INFO [174/900] 54ed412d-a198-46da-910f-940c27514268: 22 groups; 1.4 s; peak memory 1233 MiB.
2026-10-06T17:19:18Z INFO [175/900] 54ee2f3a-29c2-4acb-bfd9-944288d5ff60: 18 groups; 1.1 s; peak memory 1233 MiB.
2026-10-06T17:19:20Z INFO [176/900] 54ef2627-56db-430c-b136-1c7997e91783: 35 groups; 1.9 s; peak memory 1233 MiB.
2026-10-06T17:19:22Z INFO [177/900] 54ef7ba0-a926-4202-bce4-e251ad963407: 33 groups; 2.0 s; peak memory 1233 MiB.
2026-10-06T17:19:23Z INFO [178/900] 54f03886-24b4-4214-a089-b1b4bf451108: 16 groups; 1.0 s; peak memory 1233 MiB.
2026-10-06T17:19:24Z INFO [179/900] 54f18739-a7d3-4a53-8048-d5b220fddafc: 22 groups; 1.4 s; peak memory 1233 MiB.
2026-10-06T17:19:26Z INFO [180/900] 54f25dff-4f8e-4b7e-a538-963a7a15a393: 22 groups; 1.3 s; peak memory 1233 MiB.
2026-10-06T17:20:06Z INFO [181/900] 54f31192-7149-4b8b-8578-31399213842a: 3475 groups; 40.4 s; peak memory 1233 MiB.
2026-10-06T17:20:07Z INFO [182/900] 54f37d7f-c8c2-4e07-9d25-d40332a72cb3: 22 groups; 1.4 s; peak memory 1233 MiB.
2026-10-06T17:20:10Z INFO [183/900] 54f39fd1-64ee-4dae-9e82-9dacac171c3e: 33 groups; 2.4 s; peak memory 1233 MiB.
2026-10-06T17:20:11Z INFO [184/900] 54f3d42f-b70c-4342-913e-72adefe7bf9f: 32 groups; 1.5 s; peak memory 1233 MiB.
2026-10-06T17:20:13Z INFO [185/900] 54f3fe03-42d8-479d-b9a1-b05108a43aa7: 251 groups; 1.4 s; peak memory 1233 MiB.
2026-10-06T17:20:14Z INFO [186/900] 54f43901-dadd-4c56-812a-69c1f4d2c592: 22 groups; 1.2 s; peak memory 1233 MiB.
2026-10-06T17:20:17Z INFO [187/900] 54f4fc48-fe4e-42f8-a444-1290bed95438: 38 groups; 3.0 s; peak memory 1233 MiB.
2026-10-06T17:20:18Z INFO [188/900] 54f542a5-9dad-474f-9f66-63c356df9cd4: 16 groups; 1.1 s; peak memory 1233 MiB.
2026-10-06T17:20:20Z INFO [189/900] 54f59eb0-c008-453f-9dbc-c7b419dc243b: 22 groups; 1.6 s; peak memory 1233 MiB.
2026-10-06T17:20:21Z INFO [190/900] 54f678c4-c58c-4d06-b1be-85af3a94a401: 22 groups; 1.4 s; peak memory 1233 MiB.
2026-10-06T17:20:23Z INFO [191/900] 54f6af6b-3326-41c4-a3dc-52cac7e84153: 35 groups; 1.9 s; peak memory 1233 MiB.
2026-10-06T17:20:25Z INFO [192/900] 54f6fa85-9353-448d-a82c-7c5f83620e21: 32 groups; 1.7 s; peak memory 1233 MiB.
2026-10-06T17:20:26Z INFO [193/900] 54f6fc4f-e414-4280-8ee8-bc7716e6248d: 20 groups; 1.4 s; peak memory 1233 MiB.
2026-10-06T17:20:27Z INFO [194/900] 54f725e3-76c6-49f3-9865-da824ac3d645: 19 groups; 1.2 s; peak memory 1233 MiB.
2026-10-06T17:20:29Z INFO [195/900] 54f733b5-16da-493a-a4eb-e6e889c196c1: 32 groups; 1.5 s; peak memory 1233 MiB.
2026-10-06T17:20:36Z INFO [196/900] 54f76c49-98f9-45fc-9325-515fd4c22e5e: 136 groups; 7.1 s; peak memory 1233 MiB.
2026-10-06T17:20:38Z INFO [197/900] 54f82956-bbdb-40ca-88d3-0b000d909c6e: 32 groups; 1.9 s; peak memory 1233 MiB.
2026-10-06T17:20:39Z INFO [198/900] 54f96735-cbf2-42de-8408-4ab85b604043: 32 groups; 1.7 s; peak memory 1233 MiB.
2026-10-06T17:20:41Z INFO [199/900] 54fab18e-cb62-4ef6-bcf4-d470207fcba2: 336 groups; 2.1 s; peak memory 1233 MiB.
2026-10-06T17:20:42Z INFO [200/900] 54fc733f-78d3-4a5f-880b-db4014d2caa3: 16 groups; 1.0 s; peak memory 1233 MiB.
2026-10-06T17:20:43Z INFO [200/900] 54fc733f-78d3-4a5f-880b-db4014d2caa3: checkpointed 87936 records.
2026-10-06T17:20:45Z INFO [201/900] 54fd3bee-3fb8-414a-978b-f4c5c12ac8c0: 199 groups; 2.4 s; peak memory 1233 MiB.
2026-10-06T17:20:46Z INFO [202/900] 54fdfe31-f7b4-4801-b486-f34f5a5f066c: 16 groups; 1.0 s; peak memory 1233 MiB.
2026-10-06T17:21:01Z INFO [203/900] 54fe2e7a-8f98-4ce5-a86d-0fef465f5c71: 39 groups; 14.8 s; peak memory 1233 MiB.
2026-10-06T17:21:13Z INFO [204/900] 54ff29f2-afc6-4a1f-b6fa-1aaefd80e948: 54 groups; 11.8 s; peak memory 1233 MiB.
2026-10-06T17:21:14Z INFO [205/900] 54ff76b0-b086-4ed7-88fe-6c868bb4d46e: 26 groups; 1.3 s; peak memory 1233 MiB.
2026-10-06T17:21:15Z INFO [206/900] 54ffcf95-24a0-4d7a-a5fb-4f0388f8381c: 17 groups; 1.2 s; peak memory 1233 MiB.
2026-10-06T17:21:21Z INFO [207/900] 550017a6-4e6b-4986-aad2-d485cb03c110: 36 groups; 6.1 s; peak memory 1233 MiB.
2026-10-06T17:21:29Z INFO [208/900] 55005670-99f8-4e35-88ba-92226dd78102: 181 groups; 8.0 s; peak memory 1233 MiB.
2026-10-06T17:21:32Z INFO [209/900] 55009ebd-331f-4bc3-8ee6-4e1eec53b23f: 341 groups; 2.7 s; peak memory 1233 MiB.
2026-10-06T17:21:33Z INFO [210/900] 55014390-d89c-4e10-8799-9b3b4938ab30: 32 groups; 1.6 s; peak memory 1233 MiB.
2026-10-06T17:24:53Z INFO [211/900] 550159cd-702c-454f-90b9-847916d55595: 89 groups; 200.1 s; peak memory 1233 MiB.
2026-10-06T17:25:18Z INFO [212/900] 55015f10-a0d0-4448-8a18-23bd35b2789a: 27 groups; 24.3 s; peak memory 1233 MiB.
2026-10-06T17:25:26Z INFO [213/900] 550190b3-73b4-44e1-9ee4-2a6227ecc9d4: 85 groups; 8.0 s; peak memory 1233 MiB.
2026-10-06T17:25:27Z INFO [214/900] 55022f95-ac60-40df-846a-abdb284dbcd5: 32 groups; 1.6 s; peak memory 1233 MiB.
2026-10-06T17:25:30Z INFO [215/900] 55027a93-85ce-400d-b8cb-30fafbad4207: 17 groups; 3.1 s; peak memory 1233 MiB.
2026-10-06T17:25:32Z INFO [216/900] 550289e8-17ce-4922-8a3f-17fbfefddfaa: 35 groups; 1.9 s; peak memory 1233 MiB.
2026-10-06T17:25:35Z INFO [217/900] 550296db-e8e6-4eca-b6eb-5a78a540da75: 33 groups; 2.3 s; peak memory 1233 MiB.
2026-10-06T17:25:38Z INFO [218/900] 5502bd8f-2330-410c-aec9-8f7fcce9dc70: 43 groups; 3.5 s; peak memory 1233 MiB.
2026-10-06T17:27:37Z INFO [219/900] 55035139-6f4e-4964-a176-08e7910781d1: 33 groups; 118.6 s; peak memory 1233 MiB.
2026-10-06T17:27:38Z INFO [220/900] 55035a39-3a04-46c6-81f6-9a0dce794299: 194 groups; 1.8 s; peak memory 1233 MiB.
2026-10-06T17:27:40Z INFO [221/900] 550367d9-4d7c-4079-86e4-04d60b0f34a2: 35 groups; 2.0 s; peak memory 1233 MiB.
2026-10-06T17:27:54Z INFO [222/900] 550373ea-da93-495c-91c3-4cbb063e42d6: 338 groups; 13.5 s; peak memory 1233 MiB.
2026-10-06T17:27:56Z INFO [223/900] 5503b2fc-1eed-43bf-80ab-20b19007a8b3: 252 groups; 1.6 s; peak memory 1233 MiB.
2026-10-06T17:27:58Z INFO [224/900] 55041b4e-e8f8-46f3-9cd6-640cd1531024: 35 groups; 2.3 s; peak memory 1233 MiB.
2026-10-06T17:28:16Z INFO [225/900] 55046f9b-c80e-40e9-bff9-68a053180708: 26 groups; 18.5 s; peak memory 1233 MiB.
2026-10-06T17:28:38Z INFO [226/900] 5505d0f7-42ed-453f-b354-30dd06759c49: 376 groups; 21.5 s; peak memory 1233 MiB.
2026-10-06T17:28:39Z INFO [227/900] 55072530-b1e5-4bf7-a22f-e46507701876: 22 groups; 1.3 s; peak memory 1233 MiB.
2026-10-06T17:28:41Z INFO [228/900] 55075583-98aa-44c7-8189-1a094059ef7a: 25 groups; 1.6 s; peak memory 1233 MiB.
2026-10-06T17:28:44Z INFO [229/900] 5507819f-7c14-4552-a484-7b2cf95726eb: 207 groups; 2.7 s; peak memory 1233 MiB.
2026-10-06T17:28:45Z INFO [230/900] 5508f81c-51d5-463b-bff5-f36a1032fa06: 33 groups; 1.6 s; peak memory 1233 MiB.
2026-10-06T17:29:06Z INFO [231/900] 55095412-cc9e-46e7-ab1c-dfe63a2b3f3f: 198 groups; 20.8 s; peak memory 1233 MiB.
2026-10-06T17:29:08Z INFO [232/900] 550aa379-6fff-415e-9068-07f546e6bb48: 32 groups; 1.7 s; peak memory 1233 MiB.
2026-10-06T17:29:09Z INFO [233/900] 550ab419-423e-4ffc-b73b-2f8d6b85d631: 28 groups; 1.1 s; peak memory 1233 MiB.
2026-10-06T17:29:13Z INFO [234/900] 550ae89b-efa1-447b-99ea-2bd955b6ad22: 56 groups; 3.8 s; peak memory 1233 MiB.
2026-10-06T17:29:14Z INFO [235/900] 550b0ebd-a802-4567-84f3-2abdc0ab5235: 253 groups; 1.6 s; peak memory 1233 MiB.
2026-10-06T17:30:17Z INFO [236/900] 550b310d-944b-4737-b361-0efaa7945604: 27 groups; 63.0 s; peak memory 1233 MiB.
2026-10-06T17:30:21Z INFO [237/900] 550b9a99-5a5a-49ff-861e-8d1765ac9ec9: 50 groups; 4.1 s; peak memory 1233 MiB.
2026-10-06T17:30:23Z INFO [238/900] 550c6940-211e-439b-bec9-d87708e6634f: 32 groups; 1.5 s; peak memory 1233 MiB.
2026-10-06T17:30:24Z INFO [239/900] 550c80ff-fd34-4ba4-b0e9-2a5e19918389: 32 groups; 1.6 s; peak memory 1233 MiB.
2026-10-06T17:30:26Z INFO [240/900] 550ced0d-0b17-43ba-9489-8c0bbbdb4a64: 22 groups; 1.4 s; peak memory 1233 MiB.
2026-10-06T17:30:27Z INFO [241/900] 550e85d4-5503-46d7-8da6-ae28f15588c5: 16 groups; 1.0 s; peak memory 1233 MiB.
2026-10-06T17:30:28Z INFO [242/900] 550f1402-8fc6-4c57-818b-29a0002909bc: 30 groups; 1.1 s; peak memory 1233 MiB.
2026-10-06T17:30:30Z INFO [243/900] 550faac6-c3c6-4110-9d46-ed0444e062ef: 254 groups; 1.7 s; peak memory 1233 MiB.
2026-10-06T17:30:31Z INFO [244/900] 550fb78e-e620-4b2b-9fd2-df37e7b22878: 16 groups; 1.0 s; peak memory 1233 MiB.
2026-10-06T17:30:32Z INFO [245/900] 550fec0e-ba37-43ba-a8e9-51d6441b0507: 22 groups; 1.5 s; peak memory 1233 MiB.
2026-10-06T17:30:34Z INFO [246/900] 55102939-949a-4cf4-b0d3-8f6270e3a19a: 32 groups; 1.5 s; peak memory 1233 MiB.
2026-10-06T17:30:35Z INFO [247/900] 55110053-5e93-40cd-86b4-cec1cc21309b: 22 groups; 1.4 s; peak memory 1233 MiB.
2026-10-06T17:30:37Z INFO [248/900] 5512af97-29e9-461f-9901-42afea58121e: 29 groups; 1.8 s; peak memory 1233 MiB.
2026-10-06T17:30:39Z INFO [249/900] 55135c9e-5a46-48f0-978d-4902e196d5dd: 32 groups; 1.7 s; peak memory 1233 MiB.
2026-10-06T17:30:40Z INFO [250/900] 5513803b-69d2-4df1-a20c-63796d37f0da: 32 groups; 1.7 s; peak memory 1233 MiB.
2026-10-06T17:30:40Z INFO [250/900] 5513803b-69d2-4df1-a20c-63796d37f0da: checkpointed 87986 records.
2026-10-06T17:30:42Z INFO [251/900] 551382b7-1dc2-47b3-9c0a-60692da5045d: 31 groups; 1.5 s; peak memory 1233 MiB.
2026-10-06T17:30:52Z INFO [252/900] 5513cb08-23be-4343-a027-d5acc0fe85b5: 85 groups; 10.5 s; peak memory 1233 MiB.
2026-10-06T17:30:56Z INFO [253/900] 55147651-078b-45d5-abc0-989ef07886d0: 48 groups; 3.3 s; peak memory 1233 MiB.
2026-10-06T17:30:58Z INFO [254/900] 5514ab8f-736e-4cac-a6b2-3e67f0a2cba8: 40 groups; 2.4 s; peak memory 1233 MiB.
2026-10-06T17:31:00Z INFO [255/900] 5516975c-c112-4853-ba99-0f311b8dd6cd: 35 groups; 2.1 s; peak memory 1233 MiB.
2026-10-06T17:31:06Z INFO [256/900] 55172511-1b63-4ba1-9ad2-ca4290151304: 132 groups; 5.6 s; peak memory 1233 MiB.
2026-10-06T17:31:08Z INFO [257/900] 55180915-8c78-432b-84aa-983273518896: 32 groups; 1.9 s; peak memory 1233 MiB.
2026-10-06T17:31:08Z INFO [258/900] 551a0c07-3739-4eca-8eea-df2cc83aafd6: 16 groups; 0.9 s; peak memory 1233 MiB.
2026-10-06T17:31:10Z INFO [259/900] 551af1bd-1cea-4c0e-bbd2-3fb22eb4820b: 22 groups; 1.5 s; peak memory 1233 MiB.
2026-10-06T17:31:13Z INFO [260/900] 551b6324-b9ff-4db6-a25f-e1aab7de4199: 341 groups; 3.3 s; peak memory 1233 MiB.
2026-10-06T17:31:51Z INFO [261/900] 551b7a1f-590f-4950-b489-3d6d7f208e51: 51 groups; 37.8 s; peak memory 1233 MiB.
2026-10-06T17:31:52Z INFO [262/900] 551ba7a9-4e09-4cb1-bcdf-476f43591c39: 22 groups; 1.4 s; peak memory 1233 MiB.
2026-10-06T17:32:11Z INFO [263/900] 551c0ed9-5923-4665-b2a6-5fb6b31843de: 491 groups; 18.5 s; peak memory 1233 MiB.
2026-10-06T17:32:13Z INFO [264/900] 551c7964-57fd-4cf7-834f-c73956d20f32: 30 groups; 1.6 s; peak memory 1233 MiB.
2026-10-06T17:32:14Z INFO [265/900] 551cd2a8-1ee2-4eff-bd0f-0ddbac4c3b06: 20 groups; 1.2 s; peak memory 1233 MiB.
2026-10-06T17:32:16Z INFO [266/900] 551ceaa6-9ac6-4856-aa80-bb6cb4612b54: 35 groups; 1.8 s; peak memory 1233 MiB.
2026-10-06T17:32:19Z INFO [267/900] 551dce68-dbe4-4bc0-a36b-d5716136b0fb: 48 groups; 3.9 s; peak memory 1233 MiB.
2026-10-06T17:32:21Z INFO [268/900] 551e4b14-a18d-4c4d-bf33-011b8d5cb3fb: 254 groups; 1.6 s; peak memory 1233 MiB.
2026-10-06T17:32:23Z INFO [269/900] 551e8c2d-7e6f-4981-8a69-619ccced61bd: 35 groups; 2.0 s; peak memory 1233 MiB.
2026-10-06T17:32:26Z INFO [270/900] 551f041b-67f5-4b00-b5d7-f9c4cf93e2f7: 197 groups; 2.5 s; peak memory 1233 MiB.
2026-10-06T17:32:27Z INFO [271/900] 551f4e02-04a5-4831-ba2c-c37cca37f435: 25 groups; 1.6 s; peak memory 1233 MiB.
2026-10-06T17:32:28Z INFO [272/900] 551f5fcd-e2d4-4204-aa61-8eec5b44c2a0: 22 groups; 1.3 s; peak memory 1233 MiB.
2026-10-06T17:32:30Z INFO [273/900] 551f6992-2553-4111-ac3c-09382c16fd04: 28 groups; 1.7 s; peak memory 1233 MiB.
2026-10-06T17:32:32Z INFO [274/900] 551ff407-d721-4d2d-814e-60bea41b719e: 22 groups; 1.4 s; peak memory 1233 MiB.
2026-10-06T17:32:33Z INFO [275/900] 551ff749-761e-4253-821c-6c07cc470586: 30 groups; 1.1 s; peak memory 1233 MiB.
2026-10-06T17:32:34Z INFO [276/900] 5520084d-6654-4122-adb2-8a2132be1382: 32 groups; 1.8 s; peak memory 1233 MiB.
2026-10-06T17:32:36Z INFO [277/900] 55200c83-a892-4947-99cb-eafba84d5b72: 33 groups; 1.6 s; peak memory 1233 MiB.
2026-10-06T17:36:06Z INFO [278/900] 55207bc5-1a71-4e72-bb91-1c6a359b84c0: 60 groups; 210.3 s; peak memory 1233 MiB.
2026-10-06T17:36:08Z INFO [279/900] 55213796-6292-4252-986a-1a0f07ea191f: 22 groups; 1.5 s; peak memory 1233 MiB.
2026-10-06T17:36:27Z INFO [280/900] 5521766e-6776-46bc-8fb0-5596c048d446: 327 groups; 19.3 s; peak memory 1233 MiB.
2026-10-06T17:36:29Z INFO [281/900] 5521ab72-9d9e-42b6-9520-4c4869540f35: 25 groups; 1.5 s; peak memory 1233 MiB.
2026-10-06T17:36:30Z INFO [282/900] 5521e482-b988-4b2e-8381-b8dd44ffd4ca: 26 groups; 1.2 s; peak memory 1233 MiB.
2026-10-06T17:36:31Z INFO [283/900] 55222330-6735-400a-aded-4783026b766d: 25 groups; 1.4 s; peak memory 1233 MiB.
2026-10-06T17:36:33Z INFO [284/900] 552290f4-5aff-499c-9f35-755e516e5370: 22 groups; 1.4 s; peak memory 1233 MiB.
2026-10-06T17:36:34Z INFO [285/900] 5522d59f-8484-43c0-985b-addffb03b050: 35 groups; 1.4 s; peak memory 1233 MiB.
2026-10-06T17:39:50Z INFO [286/900] 552373fa-0b1e-40ed-9740-08a137d83064: 77 groups; 196.1 s; peak memory 1233 MiB.
2026-10-06T17:40:19Z INFO [287/900] 5523b86b-beca-44a2-b1b0-b69f036c2d31: 210 groups; 28.9 s; peak memory 1233 MiB.
2026-10-06T17:40:21Z INFO [288/900] 552443d2-96c5-4628-b003-4a29d542600a: 203 groups; 1.9 s; peak memory 1233 MiB.
2026-10-06T17:40:25Z INFO [289/900] 5524441c-42b7-4f3b-b1ab-95bb2a7e8ee9: 50 groups; 4.1 s; peak memory 1233 MiB.
2026-10-06T17:40:27Z INFO [290/900] 55245ece-1dd8-4e4a-a3c2-ef2b6fc0f8b5: 336 groups; 2.2 s; peak memory 1233 MiB.
2026-10-06T17:40:38Z INFO [291/900] 5524b886-bdae-43ac-abe0-15062c9ffaab: 120 groups; 10.5 s; peak memory 1233 MiB.
2026-10-06T17:40:39Z INFO [292/900] 5524bca5-48c6-4f8d-875f-8b4168fe534c: 35 groups; 1.7 s; peak memory 1233 MiB.
2026-10-06T17:40:41Z INFO [293/900] 5525d836-77ce-45ae-9078-b57353f3df07: 22 groups; 1.4 s; peak memory 1233 MiB.
2026-10-06T17:40:42Z INFO [294/900] 55265f89-d363-40d7-a329-a18b6bef2078: 16 groups; 1.1 s; peak memory 1233 MiB.
2026-10-06T17:40:43Z INFO [295/900] 55277ed3-9a71-41ff-b7e4-9dbeca5975ad: 22 groups; 1.4 s; peak memory 1233 MiB.
2026-10-06T17:40:45Z INFO [296/900] 5527eb89-2198-49ff-a161-c5d733e547ec: 22 groups; 1.4 s; peak memory 1233 MiB.
2026-10-06T17:40:55Z INFO [297/900] 55289694-f0fb-4ffd-b569-26879acc3d24: 17 groups; 10.5 s; peak memory 1233 MiB.
2026-10-06T17:40:58Z INFO [298/900] 5528a616-38c5-44e8-a436-fb57c4dab7e8: 48 groups; 3.4 s; peak memory 1233 MiB.
2026-10-06T17:41:00Z INFO [299/900] 55293507-fb09-4142-918f-4ab4500b5c8c: 206 groups; 2.0 s; peak memory 1233 MiB.
2026-10-06T17:41:02Z INFO [300/900] 5529490b-d1de-47e0-8422-cc285df0751a: 35 groups; 1.8 s; peak memory 1233 MiB.
2026-10-06T17:41:02Z INFO [300/900] 5529490b-d1de-47e0-8422-cc285df0751a: checkpointed 88036 records.
2026-10-06T17:41:04Z INFO [301/900] 552b30d0-aac3-4703-a7ee-5adc02353ed8: 25 groups; 1.5 s; peak memory 1233 MiB.
2026-10-06T17:41:06Z INFO [302/900] 552b7a93-a106-4325-a911-099cdba7a904: 33 groups; 1.9 s; peak memory 1233 MiB.
2026-10-06T17:41:08Z INFO [303/900] 552c9a0c-f6a7-4638-ae71-45c83ddc4f58: 35 groups; 1.9 s; peak memory 1233 MiB.
2026-10-06T17:41:56Z INFO [304/900] 552cdee7-c71b-4d7f-83c0-af6f4977d30a: 293 groups; 47.9 s; peak memory 1233 MiB.
2026-10-06T17:41:57Z INFO [305/900] 552d059c-1922-4b3f-97b0-50f590153934: 22 groups; 1.3 s; peak memory 1233 MiB.
2026-10-06T17:41:58Z INFO [306/900] 552d4035-9465-40e4-987e-f1b7964d06bf: 28 groups; 1.1 s; peak memory 1233 MiB.
2026-10-06T17:41:59Z INFO [307/900] 552dd05a-f2a9-452d-8356-527a6ee9a087: 22 groups; 1.1 s; peak memory 1233 MiB.
2026-10-06T17:42:01Z INFO [308/900] 552ef4d3-43cc-48ed-920b-c312ff4cd0cd: 32 groups; 1.6 s; peak memory 1233 MiB.
2026-10-06T17:42:04Z INFO [309/900] 55308d49-b1cb-4875-9edf-9fce3f2d898f: 50 groups; 3.6 s; peak memory 1233 MiB.
2026-10-06T17:42:06Z INFO [310/900] 5530ef0f-af2c-4a50-9138-8f188c011054: 33 groups; 1.4 s; peak memory 1233 MiB.
2026-10-06T17:43:57Z INFO [311/900] 5532a1a7-17cc-4c75-ac34-4d870b34b01a: 33 groups; 111.3 s; peak memory 1233 MiB.
2026-10-06T17:43:59Z INFO [312/900] 5532b6c0-f77d-41d7-b917-88bacc0a0025: 22 groups; 1.4 s; peak memory 1233 MiB.
2026-10-06T17:44:00Z INFO [313/900] 5532e35e-47fb-4ba2-8516-5ffd0a0c9cf5: 16 groups; 1.2 s; peak memory 1233 MiB.
2026-10-06T17:44:02Z INFO [314/900] 55337990-9078-4132-a967-74be4e19757d: 336 groups; 2.4 s; peak memory 1233 MiB.
2026-10-06T17:47:43Z INFO [315/900] 5533e4a3-b7ec-430d-b3a2-509878aa5b73: 77 groups; 220.8 s; peak memory 1233 MiB.
2026-10-06T17:47:44Z INFO [316/900] 5533f0ae-c414-4ece-8dea-a090905e2d00: 30 groups; 1.1 s; peak memory 1233 MiB.
2026-10-06T17:47:46Z INFO [317/900] 5534871d-567c-45da-83c8-abd3ba758765: 41 groups; 1.9 s; peak memory 1233 MiB.
2026-10-06T17:47:47Z INFO [318/900] 5534f251-6e3c-468f-92ef-44c87537e123: 16 groups; 1.1 s; peak memory 1233 MiB.
2026-10-06T17:47:50Z INFO [319/900] 55353f70-2845-4f4a-8fbe-54089e999f57: 202 groups; 2.4 s; peak memory 1233 MiB.
2026-10-06T17:47:51Z INFO [320/900] 55357257-5cd9-46c3-b79b-05f21b7eb440: 32 groups; 1.7 s; peak memory 1233 MiB.
2026-10-06T17:47:53Z INFO [321/900] 553579fe-3adf-41ff-95bc-a9e974764521: 22 groups; 1.4 s; peak memory 1233 MiB.
2026-10-06T17:47:54Z INFO [322/900] 553597bd-d5dd-4025-b5cb-89cd36e904c2: 22 groups; 1.5 s; peak memory 1233 MiB.
2026-10-06T17:47:57Z INFO [323/900] 55368cd0-1203-473e-900e-22f849a09616: 48 groups; 2.4 s; peak memory 1233 MiB.
2026-10-06T17:47:58Z INFO [324/900] 5536e68b-e25b-44e2-9b9e-721ba980c53f: 32 groups; 1.5 s; peak memory 1233 MiB.
2026-10-06T17:48:05Z INFO [325/900] 5537ffeb-0844-4814-bc4e-86e8f0b2e445: 116 groups; 6.5 s; peak memory 1233 MiB.
2026-10-06T17:48:07Z INFO [326/900] 5539f89b-919a-412e-a95c-ec3385429ab8: 261 groups; 2.3 s; peak memory 1233 MiB.
2026-10-06T17:48:14Z INFO [327/900] 553a4af9-6fc2-4eaa-9073-b9707e62fa9b: 71 groups; 7.6 s; peak memory 1233 MiB.
2026-10-06T17:48:16Z INFO [328/900] 553a4d29-d687-4cdb-9b14-e9d1e67d89a9: 71 groups; 1.7 s; peak memory 1233 MiB.
2026-10-06T17:48:18Z INFO [329/900] 553afde7-f6c3-4873-8da7-0a32607e8d97: 35 groups; 1.7 s; peak memory 1233 MiB.
2026-10-06T17:48:20Z INFO [330/900] 553b618d-dab3-4968-b5db-f0677a3d586e: 202 groups; 2.0 s; peak memory 1233 MiB.
2026-10-06T17:48:21Z INFO [331/900] 553cb899-e362-4cbd-9f30-decf4d6f20fd: 18 groups; 1.0 s; peak memory 1233 MiB.
2026-10-06T17:48:24Z INFO [332/900] 553d7f2f-8d21-4c75-b57f-17b81da6fb5d: 201 groups; 3.3 s; peak memory 1233 MiB.
2026-10-06T17:48:25Z INFO [333/900] 553e18a7-b934-4c1c-b377-e752500121ec: 17 groups; 1.1 s; peak memory 1233 MiB.
2026-10-06T17:48:27Z INFO [334/900] 553e69da-b567-4972-bf0d-c71cff3201da: 32 groups; 1.7 s; peak memory 1233 MiB.
2026-10-06T17:48:28Z INFO [335/900] 553faa78-5644-4c58-a103-971f116be309: 22 groups; 1.4 s; peak memory 1233 MiB.
2026-10-06T17:48:32Z INFO [336/900] 553fca6d-9497-4d50-a1e4-32fca76281f1: 81 groups; 3.3 s; peak memory 1233 MiB.
2026-10-06T17:48:33Z INFO [337/900] 554045d3-756e-4437-bc86-fde38b5163f2: 22 groups; 1.4 s; peak memory 1233 MiB.
2026-10-06T17:48:34Z INFO [338/900] 55404955-4e91-4381-8042-e7886bc65d62: 31 groups; 1.3 s; peak memory 1233 MiB.
2026-10-06T17:48:41Z INFO [339/900] 55406ba1-e4fa-4580-bd70-b528292519b8: 78 groups; 7.0 s; peak memory 1233 MiB.
2026-10-06T17:48:43Z INFO [340/900] 554103eb-e530-4746-93b9-6ffad6f327e1: 22 groups; 1.4 s; peak memory 1233 MiB.
2026-10-06T17:48:45Z INFO [341/900] 55415b79-aaba-426b-b2a4-41e8c5c5b648: 207 groups; 2.0 s; peak memory 1233 MiB.
2026-10-06T17:48:46Z INFO [342/900] 5541c8ee-73db-447c-81f0-3e6ea46934c3: 22 groups; 1.4 s; peak memory 1233 MiB.
2026-10-06T17:48:47Z INFO [343/900] 5541c9cc-e7e6-40cd-bf79-4d7a031387fc: 22 groups; 1.1 s; peak memory 1233 MiB.
2026-10-06T17:48:48Z INFO [344/900] 5541d120-776a-4258-9653-664e499d9784: 26 groups; 1.1 s; peak memory 1233 MiB.
2026-10-06T17:48:52Z INFO [345/900] 5541e68b-4a0e-40f3-b9af-66a411cbad4e: 37 groups; 3.2 s; peak memory 1233 MiB.
2026-10-06T17:48:53Z INFO [346/900] 5541fd9a-0f5c-4cf4-877f-5340b0bbb5c3: 22 groups; 1.5 s; peak memory 1233 MiB.
2026-10-06T17:48:55Z INFO [347/900] 5542c3f5-c36c-43d0-983e-cd1951ded5e8: 32 groups; 1.5 s; peak memory 1233 MiB.
2026-10-06T17:48:58Z INFO [348/900] 5542ca5b-7826-4fc1-9897-395865dc4d5b: 206 groups; 3.4 s; peak memory 1233 MiB.
2026-10-06T17:49:13Z INFO [349/900] 5542cba1-8596-4563-8d20-fd56f003aa43: 210 groups; 15.3 s; peak memory 1233 MiB.
2026-10-06T17:57:23Z INFO [350/900] 5544a6e1-6f0c-450a-8a90-c056b43e456c: 387 groups; 489.3 s; peak memory 1233 MiB.
2026-10-06T17:57:23Z INFO [350/900] 5544a6e1-6f0c-450a-8a90-c056b43e456c: checkpointed 88086 records.
2026-10-06T17:57:25Z INFO [351/900] 5544f980-2dd6-434e-8a5e-c588c1e90f9f: 35 groups; 1.9 s; peak memory 1233 MiB.
2026-10-06T17:57:27Z INFO [352/900] 55452c55-182e-4894-bf4f-2c4fdfa119d9: 32 groups; 1.9 s; peak memory 1233 MiB.
2026-10-06T17:57:28Z INFO [353/900] 55453937-13f2-4e21-9c17-b4da23b6927e: 203 groups; 1.7 s; peak memory 1233 MiB.
2026-10-06T17:57:39Z INFO [354/900] 5545776c-0d76-4522-97fc-ca80b7ef9fe6: 175 groups; 10.1 s; peak memory 1233 MiB.
2026-10-06T17:57:40Z INFO [355/900] 55460b6f-fac2-42cf-a3c9-9214ef705abe: 32 groups; 1.5 s; peak memory 1233 MiB.
2026-10-06T17:58:13Z INFO [356/900] 55468dde-0175-4c51-a348-a40c38250923: 251 groups; 32.6 s; peak memory 1233 MiB.
2026-10-06T17:58:31Z INFO [357/900] 554876ab-1a4b-4037-a62d-ea10e2c9f43c: 285 groups; 18.5 s; peak memory 1233 MiB.
2026-10-06T17:58:33Z INFO [358/900] 5548d5fd-636a-4347-b403-7808668ad6ba: 29 groups; 1.8 s; peak memory 1233 MiB.
2026-10-06T17:58:35Z INFO [359/900] 5549da22-fea5-462f-902d-76cc2b576823: 34 groups; 2.1 s; peak memory 1233 MiB.
2026-10-06T17:58:36Z INFO [360/900] 554a943e-ef66-490a-b3d5-5a2aed5ee1fd: 25 groups; 1.4 s; peak memory 1233 MiB.
2026-10-06T17:58:38Z INFO [361/900] 554c00f6-7982-4c70-8629-9c834d6783e5: 22 groups; 1.4 s; peak memory 1233 MiB.
2026-10-06T17:58:39Z INFO [362/900] 554c1391-3371-43ca-8423-a20ecd30f609: 22 groups; 1.4 s; peak memory 1233 MiB.
2026-10-06T17:58:41Z INFO [363/900] 554cb97f-0b1c-433d-b134-0629935ca0e2: 35 groups; 1.6 s; peak memory 1233 MiB.
2026-10-06T17:58:43Z INFO [364/900] 554d7554-05a4-4708-83b9-31e6de4f7292: 337 groups; 2.3 s; peak memory 1233 MiB.
2026-10-06T17:58:45Z INFO [365/900] 554d8950-ac35-438f-915d-a3ea06b21b6c: 32 groups; 1.7 s; peak memory 1233 MiB.
2026-10-06T17:58:47Z INFO [366/900] 554de486-dd35-4140-b13e-ae9f0b48c354: 35 groups; 1.9 s; peak memory 1233 MiB.
2026-10-06T17:58:48Z INFO [367/900] 554e409f-ef77-4ce5-aaea-2f9651f8b6cd: 32 groups; 1.6 s; peak memory 1233 MiB.
2026-10-06T17:58:50Z INFO [368/900] 554e486d-dc2e-453b-bb76-466aa1e5cb57: 22 groups; 1.5 s; peak memory 1233 MiB.
2026-10-06T17:59:19Z INFO [369/900] 554fccdc-5a50-4dfb-8e02-2543775455db: 2340 groups; 28.9 s; peak memory 1233 MiB.
2026-10-06T17:59:20Z INFO [370/900] 554fd5b7-c63b-4909-99b3-e1949dea7a28: 25 groups; 1.6 s; peak memory 1233 MiB.
2026-10-06T18:05:55Z INFO [371/900] 55505bc2-6d57-4f18-8dea-2f91e2aae21c: 42 groups; 394.4 s; peak memory 1336 MiB.
2026-10-06T18:05:56Z INFO [372/900] 5550f6d1-c91d-4e98-9fcd-5d789e8136be: 32 groups; 1.7 s; peak memory 1336 MiB.
2026-10-06T18:05:58Z INFO [373/900] 5552e98b-2a00-4637-a5b6-7dcc851f5a12: 22 groups; 1.4 s; peak memory 1336 MiB.
2026-10-06T18:05:59Z INFO [374/900] 555351ab-68ff-4dcf-aae3-344d3c8befdb: 32 groups; 1.5 s; peak memory 1336 MiB.
2026-10-06T18:06:01Z INFO [375/900] 5553aded-16c8-4c1a-bf49-0d62b6961f36: 35 groups; 1.9 s; peak memory 1336 MiB.
2026-10-06T18:06:03Z INFO [376/900] 555439b6-98f0-472c-ba0f-a73239dd5608: 33 groups; 1.8 s; peak memory 1336 MiB.
2026-10-06T18:06:04Z INFO [377/900] 555443ab-cd99-4bd1-9f1a-6b5849094dc7: 22 groups; 1.4 s; peak memory 1336 MiB.
2026-10-06T18:06:06Z INFO [378/900] 55548190-b3c1-46f0-ae41-c7555c1fc5f0: 22 groups; 1.3 s; peak memory 1336 MiB.
2026-10-06T18:06:07Z INFO [379/900] 5554ad63-b8ac-4e9f-ab01-23f6833a5e2e: 30 groups; 1.1 s; peak memory 1336 MiB.
2026-10-06T18:06:10Z INFO [380/900] 55550a2d-9f51-480f-95f8-531609029a78: 43 groups; 2.8 s; peak memory 1336 MiB.
2026-10-06T18:06:11Z INFO [381/900] 555544c9-c14a-4dcd-b39d-f5cdcffc58ca: 25 groups; 1.4 s; peak memory 1336 MiB.
2026-10-06T18:06:13Z INFO [382/900] 55555df6-bd61-4682-88ed-fc130e11a7ed: 22 groups; 1.5 s; peak memory 1336 MiB.
2026-10-06T18:06:15Z INFO [383/900] 55556324-3666-4a09-b403-100ac1ab2859: 207 groups; 2.6 s; peak memory 1336 MiB.
2026-10-06T18:06:16Z INFO [384/900] 555588dd-0311-48f1-a063-e20ba062187a: 17 groups; 1.2 s; peak memory 1336 MiB.
2026-10-06T18:06:18Z INFO [385/900] 55558ed7-e136-4d92-a34e-b42636f87043: 25 groups; 1.7 s; peak memory 1336 MiB.
2026-10-06T18:06:20Z INFO [386/900] 55561905-0031-4411-b372-d55ab1cc789d: 35 groups; 1.7 s; peak memory 1336 MiB.
2026-10-06T18:07:14Z INFO [387/900] 5556694c-ad11-4833-a8d0-1db3443b70ee: 102 groups; 53.7 s; peak memory 1336 MiB.
2026-10-06T18:07:15Z INFO [388/900] 5556b6da-ec98-4315-a73d-e50ed657f750: 17 groups; 1.3 s; peak memory 1336 MiB.
2026-10-06T18:07:16Z INFO [389/900] 5556e3bd-ade9-46da-ab27-9b5e7a20e34b: 32 groups; 1.5 s; peak memory 1336 MiB.
2026-10-06T18:07:19Z INFO [390/900] 5557cd29-249f-4853-8df1-4c75e6dc9032: 194 groups; 2.2 s; peak memory 1336 MiB.
2026-10-06T18:07:35Z INFO [391/900] 55587f2b-69f3-495d-86ea-f5ef01d20ee6: 278 groups; 16.9 s; peak memory 1336 MiB.
2026-10-06T18:07:37Z INFO [392/900] 5558a6e8-77ea-43b0-8480-cec343220714: 41 groups; 1.9 s; peak memory 1336 MiB.
2026-10-06T18:07:39Z INFO [393/900] 5558d922-e23d-4df5-8474-b8abf3eea31a: 32 groups; 1.7 s; peak memory 1336 MiB.
2026-10-06T18:07:40Z INFO [394/900] 5558dbca-fa03-4ff3-8d83-bfde9c4ab6e9: 30 groups; 1.3 s; peak memory 1336 MiB.
2026-10-06T18:07:42Z INFO [395/900] 5558e9ff-1007-458e-86b9-990be91b9cc5: 17 groups; 1.2 s; peak memory 1336 MiB.
2026-10-06T18:07:43Z INFO [396/900] 5558f054-a670-4335-97cc-a244a33f6ad0: 22 groups; 1.4 s; peak memory 1336 MiB.
2026-10-06T18:07:47Z INFO [397/900] 55594651-20cb-4d7b-ac6a-566ea6f3e1a7: 32 groups; 3.5 s; peak memory 1336 MiB.
2026-10-06T18:07:48Z INFO [398/900] 555a17f7-2576-41c4-b78d-523c5d940146: 32 groups; 1.9 s; peak memory 1336 MiB.
2026-10-06T18:07:50Z INFO [399/900] 555b1b1f-4e0f-4a97-b6ce-04b5a474f816: 22 groups; 1.3 s; peak memory 1336 MiB.
2026-10-06T18:07:58Z INFO [400/900] 555c66e6-acf0-4719-8199-fd87a3ed4098: 66 groups; 8.3 s; peak memory 1336 MiB.
2026-10-06T18:07:58Z INFO [400/900] 555c66e6-acf0-4719-8199-fd87a3ed4098: checkpointed 88136 records.
2026-10-06T18:08:00Z INFO [401/900] 555d04c3-fa1c-4bcc-871b-5c65651f5c95: 32 groups; 1.5 s; peak memory 1336 MiB.
2026-10-06T18:08:07Z INFO [402/900] 555d700c-e8a7-439f-ae7e-03ff0f2aa73f: 170 groups; 7.6 s; peak memory 1336 MiB.
2026-10-06T18:08:16Z INFO [403/900] 555d70ea-1e26-4552-b045-df39a1546506: 67 groups; 8.7 s; peak memory 1336 MiB.
2026-10-06T18:08:25Z INFO [404/900] 555fa735-f4ee-4888-9ef8-c07faa73e496: 70 groups; 8.6 s; peak memory 1336 MiB.
2026-10-06T18:08:26Z INFO [405/900] 555fddfb-8481-460f-9508-d93225cc71a3: 31 groups; 1.3 s; peak memory 1336 MiB.
2026-10-06T18:08:27Z INFO [406/900] 55609658-d4bc-42c2-ac2e-a2ddf083e957: 22 groups; 1.1 s; peak memory 1336 MiB.
2026-10-06T18:08:41Z INFO [407/900] 5561eb33-0c2d-4781-8d65-3051e000f226: 264 groups; 14.4 s; peak memory 1336 MiB.
2026-10-06T18:08:43Z INFO [408/900] 556398b1-5665-44bb-b5e1-78022c568efe: 22 groups; 1.4 s; peak memory 1336 MiB.
2026-10-06T18:08:44Z INFO [409/900] 55643174-a6df-416c-a3ce-0be878026066: 22 groups; 1.3 s; peak memory 1336 MiB.
2026-10-06T18:08:46Z INFO [410/900] 55643e72-563d-46b0-ac5b-23b8b61cdc92: 253 groups; 1.6 s; peak memory 1336 MiB.
2026-10-06T18:08:47Z INFO [411/900] 55648201-be13-48da-b529-4772d35fc851: 22 groups; 1.4 s; peak memory 1336 MiB.
2026-10-06T18:08:49Z INFO [412/900] 5564be04-553b-415a-8e29-5add7d8c8027: 31 groups; 1.6 s; peak memory 1336 MiB.
2026-10-06T18:08:55Z INFO [413/900] 5565bb0a-75bb-4571-bf47-8c009740fa39: 75 groups; 6.2 s; peak memory 1336 MiB.
2026-10-06T18:08:56Z INFO [414/900] 5566b4b9-3948-4a69-bc06-d4d7b3c6a6f6: 22 groups; 1.3 s; peak memory 1336 MiB.
2026-10-06T18:09:00Z INFO [415/900] 55678484-c983-49b5-835d-6364ad8e157a: 32 groups; 3.4 s; peak memory 1336 MiB.
2026-10-06T18:09:01Z INFO [416/900] 55679643-34de-4b06-a02b-6bf8bafe5eab: 22 groups; 1.4 s; peak memory 1336 MiB.
2026-10-06T18:09:03Z INFO [417/900] 5567bf8f-69cb-467c-8514-0ca13e08b088: 32 groups; 1.7 s; peak memory 1336 MiB.
2026-10-06T18:09:04Z INFO [418/900] 5568f28c-14fe-44e1-a60c-c1e028f002fb: 33 groups; 1.7 s; peak memory 1336 MiB.
2026-10-06T18:09:06Z INFO [419/900] 55693b33-78c5-4621-afff-59611d871e73: 20 groups; 1.2 s; peak memory 1336 MiB.
2026-10-06T18:09:07Z INFO [420/900] 556a45a6-5c79-4047-b9e7-5d08aed51711: 22 groups; 1.5 s; peak memory 1336 MiB.
2026-10-06T18:12:22Z INFO [421/900] 556a46a1-1ea3-4461-b957-330b6212120f: 60 groups; 195.2 s; peak memory 1336 MiB.
2026-10-06T18:12:24Z INFO [422/900] 556a86b7-deac-4ed9-a7c5-542d71778ccd: 32 groups; 1.7 s; peak memory 1336 MiB.
2026-10-06T18:12:25Z INFO [423/900] 556b0abf-01c7-4a05-9787-a781aa68a474: 22 groups; 1.4 s; peak memory 1336 MiB.
2026-10-06T18:12:27Z INFO [424/900] 556ba451-a123-40fb-8518-28e588088b1f: 32 groups; 1.9 s; peak memory 1336 MiB.
2026-10-06T18:12:29Z INFO [425/900] 556bb845-1e43-4883-b370-575a6eb90a40: 25 groups; 1.5 s; peak memory 1336 MiB.
2026-10-06T18:12:31Z INFO [426/900] 556bf577-b1a3-4fb4-af09-bf3d357e9a00: 207 groups; 2.8 s; peak memory 1336 MiB.
2026-10-06T18:12:33Z INFO [427/900] 556d1ce5-ca5a-445e-9fa3-d4c3d21bcf5a: 256 groups; 1.8 s; peak memory 1336 MiB.
2026-10-06T18:12:35Z INFO [428/900] 556d8e97-833f-430e-8a14-ee6d82b65441: 22 groups; 1.5 s; peak memory 1336 MiB.
2026-10-06T18:12:36Z INFO [429/900] 556e0517-e6b7-4aff-a7e8-28d79df43a5b: 18 groups; 1.2 s; peak memory 1336 MiB.
2026-10-06T18:12:37Z INFO [430/900] 556e30d7-a2ef-457d-bdab-506063491a77: 22 groups; 1.3 s; peak memory 1336 MiB.
2026-10-06T18:12:39Z INFO [431/900] 556e6df7-292b-40b0-a243-8d70b98d78ed: 202 groups; 1.9 s; peak memory 1336 MiB.
2026-10-06T18:12:41Z INFO [432/900] 556ea4e8-6ce3-47c4-9b3d-32d1c7495219: 22 groups; 1.5 s; peak memory 1336 MiB.
2026-10-06T18:13:11Z INFO [433/900] 556eded9-223f-4e1f-8bed-afbcb74dbe50: 354 groups; 30.3 s; peak memory 1336 MiB.
2026-10-06T18:13:14Z INFO [434/900] 556fe468-cef2-439b-88f8-0e9e15f17cdf: 48 groups; 2.9 s; peak memory 1336 MiB.
2026-10-06T18:13:15Z INFO [435/900] 556ff0b9-a7f3-4e0b-bbf6-f710e2444991: 32 groups; 1.7 s; peak memory 1336 MiB.
2026-10-06T18:13:17Z INFO [436/900] 5572737f-31ad-4a40-a890-b9ce894ad080: 25 groups; 1.2 s; peak memory 1336 MiB.
2026-10-06T18:13:18Z INFO [437/900] 5572b0c4-09d5-4b89-a97a-532f66debdd5: 32 groups; 1.6 s; peak memory 1336 MiB.
2026-10-06T18:13:20Z INFO [438/900] 55739ea9-8537-49b0-baec-0933a17fe201: 22 groups; 1.3 s; peak memory 1336 MiB.
2026-10-06T18:13:21Z INFO [439/900] 5573c272-c328-430b-99e1-40355648e2ef: 25 groups; 1.4 s; peak memory 1336 MiB.
2026-10-06T18:13:22Z INFO [440/900] 5573e9bc-c35f-4c64-b105-4c11132516ec: 31 groups; 1.4 s; peak memory 1336 MiB.
2026-10-06T18:13:24Z INFO [441/900] 557491d4-0741-434f-9be8-366475b56e02: 18 groups; 1.3 s; peak memory 1336 MiB.
2026-10-06T18:13:25Z INFO [442/900] 55752bb0-d737-4f78-b51b-7d0cfe9febb0: 30 groups; 1.4 s; peak memory 1336 MiB.
2026-10-06T18:13:26Z INFO [443/900] 55755577-335d-40cf-92f6-ab0092ed5271: 26 groups; 1.1 s; peak memory 1336 MiB.
2026-10-06T18:13:28Z INFO [444/900] 55755faf-f68b-4687-9b94-7aa98fd948db: 32 groups; 1.5 s; peak memory 1336 MiB.
2026-10-06T18:13:37Z INFO [445/900] 55760adf-6228-4b74-a967-211803b8bdbf: 71 groups; 9.5 s; peak memory 1336 MiB.
2026-10-06T18:13:41Z INFO [446/900] 5576b2cf-b386-46cd-97b0-a9cbd7736b31: 48 groups; 3.7 s; peak memory 1336 MiB.
2026-10-06T18:13:42Z INFO [447/900] 5576b696-54a0-405c-a42b-790ea5938a61: 32 groups; 1.5 s; peak memory 1336 MiB.
2026-10-06T18:13:45Z INFO [448/900] 5576cfc4-214f-4cb8-a73f-a157e3d04620: 48 groups; 3.1 s; peak memory 1336 MiB.
2026-10-06T18:17:25Z INFO [449/900] 5577fb6b-2d70-4f83-b8de-d903b3f885e9: 60 groups; 219.6 s; peak memory 1336 MiB.
2026-10-06T18:17:27Z INFO [450/900] 55780287-2422-4058-98b5-92866deec231: 207 groups; 2.1 s; peak memory 1336 MiB.
2026-10-06T18:17:27Z INFO [450/900] 55780287-2422-4058-98b5-92866deec231: checkpointed 88186 records.
2026-10-06T18:17:29Z INFO [451/900] 55781f7a-d3ce-429c-8aed-7166857237d2: 22 groups; 1.3 s; peak memory 1336 MiB.
2026-10-06T18:17:31Z INFO [452/900] 5578ed50-b605-4208-8b2f-e768c25d96a3: 54 groups; 2.8 s; peak memory 1336 MiB.
2026-10-06T18:17:33Z INFO [453/900] 5578f6e6-4fa8-4697-b71f-d507d62f10a1: 18 groups; 1.1 s; peak memory 1336 MiB.
2026-10-06T18:17:34Z INFO [454/900] 5579a3de-0fcb-407c-8bf3-292240f015ff: 194 groups; 1.9 s; peak memory 1336 MiB.
2026-10-06T18:17:39Z INFO [455/900] 5579b411-b742-4ac6-81dd-8f1d667afd3c: 115 groups; 4.7 s; peak memory 1336 MiB.
2026-10-06T18:17:41Z INFO [456/900] 557b41c2-14a0-48f5-b298-d26020ca1825: 67 groups; 1.8 s; peak memory 1336 MiB.
2026-10-06T18:17:45Z INFO [457/900] 557b7fef-0999-4e8d-99ea-ed919ae3f276: 50 groups; 4.1 s; peak memory 1336 MiB.
2026-10-06T18:17:47Z INFO [458/900] 557b979e-fd17-48d6-9a80-f2b4ae112e1b: 32 groups; 1.7 s; peak memory 1336 MiB.
2026-10-06T18:17:49Z INFO [459/900] 557c4936-5c9f-4c77-ad01-5f57cb5115b1: 35 groups; 2.0 s; peak memory 1336 MiB.
2026-10-06T18:17:50Z INFO [460/900] 557cc683-c196-4dca-8520-54a16a2c262a: 22 groups; 1.5 s; peak memory 1336 MiB.
2026-10-06T18:18:12Z INFO [461/900] 557ccf22-ff2b-4414-9ff0-e96884e77ac1: 28 groups; 22.3 s; peak memory 1336 MiB.
2026-10-06T18:18:14Z INFO [462/900] 557cee0a-d115-4211-836e-87569c839c3b: 22 groups; 1.3 s; peak memory 1336 MiB.
2026-10-06T18:18:15Z INFO [463/900] 557d55a2-5382-40d7-9244-8fe175c83678: 22 groups; 1.5 s; peak memory 1336 MiB.
2026-10-06T18:21:42Z INFO [464/900] 557d985e-4dda-48e8-943b-c8bdbb6b577a: 60 groups; 207.1 s; peak memory 1336 MiB.
2026-10-06T18:21:45Z INFO [465/900] 557f01c6-9d9c-45e2-9012-fb154096ad1d: 35 groups; 2.4 s; peak memory 1336 MiB.
2026-10-06T18:21:47Z INFO [466/900] 557f0b4b-857c-4606-9ce8-f7c153cd7adb: 341 groups; 2.5 s; peak memory 1336 MiB.
2026-10-06T18:21:51Z INFO [467/900] 557fdd15-7b20-4446-8ea3-3de70faac781: 50 groups; 3.8 s; peak memory 1336 MiB.
2026-10-06T18:21:53Z INFO [468/900] 557fe4c1-58ff-4889-9f6b-7d9631bedc43: 202 groups; 2.1 s; peak memory 1336 MiB.
2026-10-06T18:21:55Z INFO [469/900] 558180bb-3c1b-419c-a963-9637eb5f127e: 22 groups; 1.4 s; peak memory 1336 MiB.
2026-10-06T18:21:58Z INFO [470/900] 558195e8-f901-4304-956b-e21c59be1c80: 48 groups; 3.5 s; peak memory 1336 MiB.
2026-10-06T18:22:00Z INFO [471/900] 55822211-5bac-4f53-b820-e833bc79c700: 22 groups; 1.4 s; peak memory 1336 MiB.
2026-10-06T18:22:01Z INFO [472/900] 558232f5-1957-4531-8f34-dc1e802704b7: 28 groups; 1.2 s; peak memory 1336 MiB.
2026-10-06T18:22:08Z INFO [473/900] 5582cd8f-7dec-4a4d-997d-b9ec7f6faf07: 132 groups; 7.8 s; peak memory 1336 MiB.
2026-10-06T18:22:10Z INFO [474/900] 558303bb-8bce-4427-b22f-c89c1f581445: 22 groups; 1.4 s; peak memory 1336 MiB.
2026-10-06T18:22:11Z INFO [475/900] 5583e439-af5c-4ab2-9007-41a746e61719: 22 groups; 1.4 s; peak memory 1336 MiB.
2026-10-06T18:22:13Z INFO [476/900] 55847643-1c45-411b-8736-8d95ea8ea1d5: 25 groups; 1.6 s; peak memory 1336 MiB.
2026-10-06T18:25:43Z INFO [477/900] 5584b62a-5ac9-4580-ad79-f3058e8acd27: 60 groups; 209.7 s; peak memory 1336 MiB.
2026-10-06T18:25:44Z INFO [478/900] 55850dd4-8b0d-4fe9-b016-d103a843cc47: 22 groups; 1.4 s; peak memory 1336 MiB.
2026-10-06T18:25:50Z INFO [479/900] 55856673-8bf9-4de7-8603-49cd9775881b: 411 groups; 5.8 s; peak memory 1336 MiB.
2026-10-06T18:25:52Z INFO [480/900] 558733ba-25bb-4e3a-a31a-c96d3fcee510: 35 groups; 2.1 s; peak memory 1336 MiB.
2026-10-06T18:25:53Z INFO [481/900] 55876b63-addd-497c-a5f6-fd6d3105a103: 32 groups; 1.5 s; peak memory 1336 MiB.
2026-10-06T18:26:20Z INFO [482/900] 55878dc7-1cf1-49ae-bbdb-2fab24c16f8a: 229 groups; 27.0 s; peak memory 1336 MiB.
2026-10-06T18:26:22Z INFO [483/900] 5587ebe6-c13c-4ecb-8d1a-6b5c63011ad8: 22 groups; 1.3 s; peak memory 1336 MiB.
2026-10-06T18:26:23Z INFO [484/900] 558877ba-78fc-499b-9b15-35f89c3f2526: 17 groups; 1.3 s; peak memory 1336 MiB.
2026-10-06T18:26:26Z INFO [485/900] 5588ac36-2e54-4983-8200-0f8ea755c4a4: 48 groups; 2.5 s; peak memory 1336 MiB.
2026-10-06T18:26:59Z INFO [486/900] 5588c40f-b682-4f1e-8294-48f9f83b3eaf: 328 groups; 33.1 s; peak memory 1336 MiB.
2026-10-06T18:27:00Z INFO [487/900] 55890f73-3309-4836-a235-ca246c103d9c: 32 groups; 1.5 s; peak memory 1336 MiB.
2026-10-06T18:27:02Z INFO [488/900] 55896f45-7380-491b-9908-d6bceb61d486: 32 groups; 1.6 s; peak memory 1336 MiB.
2026-10-06T18:27:03Z INFO [489/900] 5589babf-83f9-480c-9dd6-fd509fedc11c: 22 groups; 1.3 s; peak memory 1336 MiB.
2026-10-06T18:27:05Z INFO [490/900] 5589caa0-85a5-4ba7-ab98-3d3ead9acc09: 34 groups; 1.9 s; peak memory 1336 MiB.
2026-10-06T18:27:06Z INFO [491/900] 558a624f-d8a0-4043-bfa5-28fc61ccfed3: 22 groups; 1.4 s; peak memory 1336 MiB.
2026-10-06T18:27:10Z INFO [492/900] 558b605f-b027-436f-baad-f3e1658279e2: 67 groups; 3.1 s; peak memory 1336 MiB.
2026-10-06T18:27:11Z INFO [493/900] 558b8e65-36f0-45a7-baa1-be0431c685ee: 32 groups; 1.6 s; peak memory 1336 MiB.
2026-10-06T18:27:14Z INFO [494/900] 558b9941-511f-4e8e-be31-c2595eee27d6: 48 groups; 3.2 s; peak memory 1336 MiB.
2026-10-06T18:27:17Z INFO [495/900] 558bbfd3-255a-448b-ae0f-027425a8da8d: 199 groups; 3.0 s; peak memory 1336 MiB.
2026-10-06T18:27:19Z INFO [496/900] 558c70de-53fa-413d-89de-950dcc4ccbd4: 22 groups; 1.3 s; peak memory 1336 MiB.
2026-10-06T18:27:21Z INFO [497/900] 558d1a79-ebc7-448a-8ef6-18b8ec07c408: 35 groups; 1.9 s; peak memory 1336 MiB.
2026-10-06T18:27:22Z INFO [498/900] 558d59cf-c4d8-4005-ae9c-40157f00a299: 22 groups; 1.3 s; peak memory 1336 MiB.
2026-10-06T18:27:23Z INFO [499/900] 558e0216-618d-4ed1-934c-31e911fa27a2: 32 groups; 1.4 s; peak memory 1336 MiB.
2026-10-06T18:27:54Z INFO [500/900] 558e5f36-9413-4dff-8572-7748ad4f3f9e: 441 groups; 30.8 s; peak memory 1336 MiB.
2026-10-06T18:27:54Z INFO [500/900] 558e5f36-9413-4dff-8572-7748ad4f3f9e: checkpointed 88236 records.
2026-10-06T18:28:12Z INFO [501/900] 558eab24-9513-489b-879c-434919056a3b: 32 groups; 17.7 s; peak memory 1336 MiB.
2026-10-06T18:28:23Z INFO [502/900] 558f54c5-46a2-4e58-bcde-a6cce1629704: 68 groups; 11.1 s; peak memory 1336 MiB.
2026-10-06T18:28:25Z INFO [503/900] 55911a93-24b6-4368-84d2-62550755ebe2: 32 groups; 1.7 s; peak memory 1336 MiB.
2026-10-06T18:28:26Z INFO [504/900] 55933cc1-e35e-4167-933d-beeb26858548: 35 groups; 1.7 s; peak memory 1336 MiB.
2026-10-06T18:28:28Z INFO [505/900] 55948495-05b2-4f41-a7b1-d5120e02b95d: 31 groups; 1.2 s; peak memory 1336 MiB.
2026-10-06T18:28:29Z INFO [506/900] 5594c120-2770-46de-a8c0-361f813eedec: 22 groups; 1.5 s; peak memory 1336 MiB.
2026-10-06T18:28:31Z INFO [507/900] 55950abd-000b-4ee1-9041-156f74b3a127: 22 groups; 1.4 s; peak memory 1336 MiB.
2026-10-06T18:28:34Z INFO [508/900] 55951be3-05f0-4b61-9686-e4ef14e35ee7: 64 groups; 3.0 s; peak memory 1336 MiB.
2026-10-06T18:28:36Z INFO [509/900] 55951d4b-031f-49c6-a476-9e9739206198: 341 groups; 2.9 s; peak memory 1336 MiB.
2026-10-06T18:28:45Z INFO [510/900] 5595502c-a5bb-45df-818a-7c3bb5075055: 127 groups; 8.1 s; peak memory 1336 MiB.
2026-10-06T18:28:46Z INFO [511/900] 5596d6d0-7576-4a0d-8fc3-57ca051e980e: 16 groups; 1.0 s; peak memory 1336 MiB.
2026-10-06T18:28:47Z INFO [512/900] 5596e333-0eae-49b6-a7a8-7dc98416a69c: 17 groups; 1.2 s; peak memory 1336 MiB.
2026-10-06T18:28:48Z INFO [513/900] 55972c92-0083-449b-bb94-9f4b9a5af0f5: 22 groups; 1.4 s; peak memory 1336 MiB.
2026-10-06T18:28:51Z INFO [514/900] 5598b386-707a-420d-9c81-9be54fc791bb: 48 groups; 3.2 s; peak memory 1336 MiB.
2026-10-06T18:28:53Z INFO [515/900] 5598fe4b-85f1-4c81-9ab5-dcd9247f1cb5: 27 groups; 1.3 s; peak memory 1336 MiB.
2026-10-06T18:28:54Z INFO [516/900] 559a9423-2839-49cc-b90f-7e5e0f08a301: 33 groups; 1.4 s; peak memory 1336 MiB.
2026-10-06T18:28:58Z INFO [517/900] 559ab044-ffb8-46a9-b0f9-9c90538c4af1: 17 groups; 4.0 s; peak memory 1336 MiB.
2026-10-06T18:29:03Z INFO [518/900] 559b60bf-3686-4f1f-a54b-49e8e9807e5b: 47 groups; 5.0 s; peak memory 1336 MiB.
2026-10-06T18:29:04Z INFO [519/900] 559c1c9a-ff27-4a4b-9b21-a089f6d8811f: 22 groups; 1.3 s; peak memory 1336 MiB.
2026-10-06T18:29:09Z INFO [520/900] 559ca3c0-456a-4699-aa7f-f471c311b8b1: 30 groups; 4.3 s; peak memory 1336 MiB.
2026-10-06T18:29:13Z INFO [521/900] 559cf5d6-26dc-41bc-a2fd-cec54a370cc1: 50 groups; 4.6 s; peak memory 1336 MiB.
2026-10-06T18:29:15Z INFO [522/900] 559d2850-454d-4b3c-bffa-9b68e6435ac1: 41 groups; 1.5 s; peak memory 1336 MiB.
2026-10-06T18:29:20Z INFO [523/900] 559dd5f2-5852-4b5a-b300-8e1320f536e6: 24 groups; 5.6 s; peak memory 1336 MiB.
2026-10-06T18:29:22Z INFO [524/900] 559f18ca-a4bf-4638-bef9-5077989a9014: 22 groups; 1.3 s; peak memory 1336 MiB.
2026-10-06T18:29:23Z INFO [525/900] 559f1990-4e31-4aed-b801-3dfacf6ffe78: 35 groups; 1.6 s; peak memory 1336 MiB.
2026-10-06T18:29:25Z INFO [526/900] 559fa962-e9f2-412e-ac52-b9e1bffda61e: 18 groups; 1.3 s; peak memory 1336 MiB.
2026-10-06T18:29:26Z INFO [527/900] 55a11c38-8614-48a2-9855-778aa5c88d09: 16 groups; 1.0 s; peak memory 1336 MiB.
2026-10-06T18:29:27Z INFO [528/900] 55a185b6-feef-4477-ac32-f80990b07233: 26 groups; 1.6 s; peak memory 1336 MiB.
2026-10-06T18:29:31Z INFO [529/900] 55a19bf8-432d-4dbf-aea2-8c3d5de61caf: 54 groups; 3.8 s; peak memory 1336 MiB.
2026-10-06T18:29:33Z INFO [530/900] 55a1eb7e-4715-40b0-a696-8f007953dc0a: 32 groups; 1.6 s; peak memory 1336 MiB.
2026-10-06T18:29:37Z INFO [531/900] 55a24fe2-3891-4ad5-b9f2-99b630f6180b: 50 groups; 4.0 s; peak memory 1336 MiB.
2026-10-06T18:29:39Z INFO [532/900] 55a3af95-311a-4529-99ed-4c4929cf5393: 35 groups; 2.5 s; peak memory 1336 MiB.
2026-10-06T18:29:49Z INFO [533/900] 55a3daa0-bee2-415d-98c3-c695013fecf2: 169 groups; 10.3 s; peak memory 1336 MiB.
2026-10-06T18:29:52Z INFO [534/900] 55a46466-cc7b-4eb8-9df1-baa2fdce8d56: 48 groups; 3.1 s; peak memory 1336 MiB.
2026-10-06T18:29:55Z INFO [535/900] 55a4a5aa-cca2-487a-bf1f-6abc79f125b8: 35 groups; 2.1 s; peak memory 1336 MiB.
2026-10-06T18:29:56Z INFO [536/900] 55a52949-fc5d-40c3-8040-f016e1abac53: 22 groups; 1.5 s; peak memory 1336 MiB.
2026-10-06T18:30:07Z INFO [537/900] 55a52e38-9ab8-40a5-a04a-e4bffa3671a0: 17 groups; 10.8 s; peak memory 1336 MiB.
2026-10-06T18:30:09Z INFO [538/900] 55a6157d-c83c-44a2-8fba-3cd2cac7768b: 32 groups; 1.7 s; peak memory 1336 MiB.
2026-10-06T18:30:10Z INFO [539/900] 55a6cc78-a7c9-4e57-8b36-b21adff7fea5: 22 groups; 1.4 s; peak memory 1336 MiB.
2026-10-06T18:30:12Z INFO [540/900] 55a6f864-a1fd-477f-b91c-effffe52d9b5: 35 groups; 1.9 s; peak memory 1336 MiB.
2026-10-06T18:30:13Z INFO [541/900] 55a8b5f7-320f-4089-afc2-eeae7f63848a: 22 groups; 1.4 s; peak memory 1336 MiB.
2026-10-06T18:30:15Z INFO [542/900] 55a91922-fd7e-4ebd-a5e3-f6dfe31e861e: 32 groups; 1.5 s; peak memory 1336 MiB.
2026-10-06T18:30:17Z INFO [543/900] 55a92f9d-652f-48ee-824d-2d9efd7d6298: 199 groups; 2.2 s; peak memory 1336 MiB.
2026-10-06T18:30:19Z INFO [544/900] 55a98510-7950-4e25-bbc6-4cd977554899: 32 groups; 1.7 s; peak memory 1336 MiB.
2026-10-06T18:30:20Z INFO [545/900] 55a9f08c-3050-4bf7-bc0b-efafaa2ec7d3: 30 groups; 1.1 s; peak memory 1336 MiB.
2026-10-06T18:30:22Z INFO [546/900] 55aa898e-8303-4801-9b64-ae5cf61164d8: 33 groups; 1.9 s; peak memory 1336 MiB.
2026-10-06T18:30:25Z INFO [547/900] 55ab3187-e11e-4ab9-946a-5744093782e4: 48 groups; 2.9 s; peak memory 1336 MiB.
2026-10-06T18:31:03Z INFO [548/900] 55ab6107-cc3a-453b-9b48-d76b85c4edd8: 23 groups; 38.7 s; peak memory 1336 MiB.
2026-10-06T18:31:12Z INFO [549/900] 55ac394a-8eea-4b72-af9f-a8e77f1e907d: 85 groups; 8.5 s; peak memory 1336 MiB.
2026-10-06T18:31:16Z INFO [550/900] 55aca4dd-bdb3-4be4-a4b8-1c69ec7ac078: 336 groups; 4.2 s; peak memory 1336 MiB.
2026-10-06T18:31:16Z INFO [550/900] 55aca4dd-bdb3-4be4-a4b8-1c69ec7ac078: checkpointed 88286 records.
2026-10-06T18:31:18Z INFO [551/900] 55ad6d7d-eea3-4a1c-a7d1-eac0dbb1ff44: 32 groups; 1.6 s; peak memory 1336 MiB.
2026-10-06T18:31:19Z INFO [552/900] 55ad8d0e-34b6-4357-be21-36c242d474f4: 22 groups; 1.5 s; peak memory 1336 MiB.
2026-10-06T18:31:20Z INFO [553/900] 55ad9265-c26b-441d-804f-a6a9d1afbc2e: 30 groups; 1.0 s; peak memory 1336 MiB.
2026-10-06T18:31:22Z INFO [554/900] 55ade208-49b1-4fd5-a892-04f0bdda6614: 31 groups; 1.9 s; peak memory 1336 MiB.
2026-10-06T18:31:23Z INFO [555/900] 55aedbbf-dd85-4f46-81bc-28d29c62c6b4: 16 groups; 1.0 s; peak memory 1336 MiB.
2026-10-06T18:31:25Z INFO [556/900] 55af375d-1e59-4169-8f04-6628f8f71afc: 35 groups; 2.2 s; peak memory 1336 MiB.
2026-10-06T18:31:27Z INFO [557/900] 55b09e31-668b-45f4-b624-bbb0285d1222: 33 groups; 2.1 s; peak memory 1336 MiB.
2026-10-06T18:31:29Z INFO [558/900] 55b0c69d-a150-484f-9520-42ad758d2f65: 22 groups; 1.5 s; peak memory 1336 MiB.
2026-10-06T18:31:31Z INFO [559/900] 55b11228-6fbd-4734-a379-2ef7a9419de3: 41 groups; 1.9 s; peak memory 1336 MiB.
2026-10-06T18:31:32Z INFO [560/900] 55b223e2-3030-4084-878c-4e11a5f19722: 254 groups; 1.6 s; peak memory 1336 MiB.
2026-10-06T18:31:34Z INFO [561/900] 55b2288e-ba37-4869-a332-7170737621a5: 16 groups; 1.1 s; peak memory 1336 MiB.
2026-10-06T18:31:35Z INFO [562/900] 55b2b544-ee1b-4566-a352-07ad43f3b274: 22 groups; 1.4 s; peak memory 1336 MiB.
2026-10-06T18:31:38Z INFO [563/900] 55b396a5-1040-48bf-85fb-13bc87f568ac: 31 groups; 2.7 s; peak memory 1336 MiB.
2026-10-06T18:31:54Z INFO [564/900] 55b4e43a-3644-4958-8a3a-5fc638daabb8: 303 groups; 16.2 s; peak memory 1336 MiB.
2026-10-06T18:31:55Z INFO [565/900] 55b50462-951d-4432-8b73-bac6a6cef6c6: 31 groups; 1.1 s; peak memory 1336 MiB.
2026-10-06T18:31:56Z INFO [566/900] 55b646ce-4e9b-465f-92e2-06ca77b8fe6d: 31 groups; 1.2 s; peak memory 1336 MiB.
2026-10-06T18:31:58Z INFO [567/900] 55b7c6fa-d635-42b3-ab61-0c649bf822b2: 32 groups; 1.7 s; peak memory 1336 MiB.
2026-10-06T18:32:01Z INFO [568/900] 55b8ec22-d988-4418-910b-e998e0f26be0: 48 groups; 2.8 s; peak memory 1336 MiB.
2026-10-06T18:32:04Z INFO [569/900] 55bb90bf-2206-40a6-9a3a-20ccc57d9a35: 17 groups; 2.9 s; peak memory 1336 MiB.
2026-10-06T18:34:57Z INFO [570/900] 55bbcd1e-c710-4030-bf7d-453cff10f68f: 3286 groups; 173.1 s; peak memory 1336 MiB.
2026-10-06T18:34:58Z INFO [571/900] 55bc0560-c741-4d34-b5a9-b5c6265ebea7: 32 groups; 1.5 s; peak memory 1336 MiB.
2026-10-06T18:35:00Z INFO [572/900] 55bc2b10-f7e7-4453-8d2e-43bd7b49ae31: 32 groups; 1.5 s; peak memory 1336 MiB.
2026-10-06T18:35:05Z INFO [573/900] 55bcfbd8-fe8a-4df2-bcc3-5673e656f8bd: 57 groups; 5.1 s; peak memory 1336 MiB.
2026-10-06T18:35:06Z INFO [574/900] 55bd2207-18f6-4f19-a1db-7f8175bbe8ba: 22 groups; 1.3 s; peak memory 1336 MiB.
2026-10-06T18:35:08Z INFO [575/900] 55be493e-33b9-44e9-a5fb-fa839247ec48: 24 groups; 1.5 s; peak memory 1336 MiB.
2026-10-06T18:35:15Z INFO [576/900] 55bf2aa6-bc91-4d4f-9b83-16d74d96c10c: 181 groups; 6.9 s; peak memory 1336 MiB.
2026-10-06T18:35:23Z INFO [577/900] 55c0b640-a3d5-4f73-be36-e49dd49f9872: 17 groups; 8.8 s; peak memory 1336 MiB.
2026-10-06T18:35:25Z INFO [578/900] 55c1ee7c-f34f-4924-a911-d5018265b597: 32 groups; 1.5 s; peak memory 1336 MiB.
2026-10-06T18:35:27Z INFO [579/900] 55c22216-79f4-4eb5-8258-b42782ba79e1: 35 groups; 2.3 s; peak memory 1336 MiB.
2026-10-06T18:35:37Z INFO [580/900] 55c2a913-66ad-441b-90b7-09c2a5295608: 68 groups; 10.0 s; peak memory 1336 MiB.
2026-10-06T18:35:46Z INFO [581/900] 55c2fd56-5905-46fc-bf27-408cffc9dbbb: 47 groups; 9.1 s; peak memory 1336 MiB.
2026-10-06T18:35:48Z INFO [582/900] 55c3c4f7-8f58-4e02-9e55-1a3feaf7db6f: 22 groups; 1.3 s; peak memory 1336 MiB.
2026-10-06T18:35:49Z INFO [583/900] 55c3ca31-6125-4dfb-9ea8-711ac812d51f: 22 groups; 1.4 s; peak memory 1336 MiB.
2026-10-06T18:35:50Z INFO [584/900] 55c45a30-6e38-430b-ad35-caebd8609dae: 16 groups; 1.2 s; peak memory 1336 MiB.
2026-10-06T18:35:52Z INFO [585/900] 55c47b71-0aae-43d9-b6cd-046f15c35dc3: 32 groups; 1.5 s; peak memory 1336 MiB.
2026-10-06T18:35:53Z INFO [586/900] 55c4a1f6-5ec8-4c82-bf3e-e260a1ec67e4: 103 groups; 1.7 s; peak memory 1336 MiB.
2026-10-06T18:36:11Z INFO [587/900] 55c517c5-a263-4d64-bab4-f1a0e2c12a21: 65 groups; 17.2 s; peak memory 1336 MiB.
2026-10-06T18:36:20Z INFO [588/900] 55c59130-00a2-487e-95ed-d78dccf2d599: 828 groups; 9.7 s; peak memory 1336 MiB.
2026-10-06T18:36:22Z INFO [589/900] 55c5f703-3e31-4011-9db1-652d2d12d052: 67 groups; 1.8 s; peak memory 1336 MiB.
2026-10-06T18:36:24Z INFO [590/900] 55c70a3c-e713-4e99-98c9-27c392c3f291: 32 groups; 1.7 s; peak memory 1336 MiB.
2026-10-06T18:36:26Z INFO [591/900] 55c732bf-2a08-4850-b799-d62d12166248: 32 groups; 2.6 s; peak memory 1336 MiB.
2026-10-06T18:36:29Z INFO [592/900] 55c7848e-0b3f-484e-9583-6c8704c6552b: 337 groups; 2.2 s; peak memory 1336 MiB.
2026-10-06T18:36:31Z INFO [593/900] 55c79076-eb79-40a9-8233-85e28b51b38e: 194 groups; 2.0 s; peak memory 1336 MiB.
2026-10-06T18:36:39Z INFO [594/900] 55c7cd7c-9ace-4ba3-9751-161f723399a1: 53 groups; 8.6 s; peak memory 1336 MiB.
2026-10-06T18:36:41Z INFO [595/900] 55c7fa26-e6bc-4c2b-bcd9-2aef59873612: 35 groups; 1.8 s; peak memory 1336 MiB.
2026-10-06T18:36:43Z INFO [596/900] 55c8e992-6274-45e6-89e6-87b91be3a0ee: 42 groups; 1.8 s; peak memory 1336 MiB.
2026-10-06T18:36:44Z INFO [597/900] 55c92e6b-ebbf-40f8-ba62-223455b6f785: 32 groups; 1.5 s; peak memory 1336 MiB.
2026-10-06T18:36:46Z INFO [598/900] 55c985f9-4b21-4c1d-88c6-d35879ea5b7d: 22 groups; 1.3 s; peak memory 1336 MiB.
2026-10-06T18:36:47Z INFO [599/900] 55ca83c2-3f94-43ac-a80a-cf011f19df33: 32 groups; 1.7 s; peak memory 1336 MiB.
2026-10-06T18:36:51Z INFO [600/900] 55caba33-d9d1-48ae-8f20-cf2ea5f59468: 50 groups; 3.8 s; peak memory 1336 MiB.
2026-10-06T18:36:51Z INFO [600/900] 55caba33-d9d1-48ae-8f20-cf2ea5f59468: checkpointed 88336 records.
2026-10-06T18:36:53Z INFO [601/900] 55cabe0c-1b55-4acd-b869-9c76c9730a57: 22 groups; 1.4 s; peak memory 1336 MiB.
2026-10-06T18:36:54Z INFO [602/900] 55cb93e8-46a5-478f-a5b2-d207c88efcb0: 22 groups; 1.3 s; peak memory 1336 MiB.
2026-10-06T18:37:08Z INFO [603/900] 55cc5f37-4931-4d2d-89ea-e1f43c6f7278: 36 groups; 13.6 s; peak memory 1336 MiB.
2026-10-06T18:37:09Z INFO [604/900] 55cd1e74-6b1b-40a1-9ebd-2b86e96bbc30: 22 groups; 1.3 s; peak memory 1336 MiB.
2026-10-06T18:37:11Z INFO [605/900] 55cdf4c1-bce2-496d-982e-624a95e0c2d9: 32 groups; 1.6 s; peak memory 1336 MiB.
2026-10-06T18:37:12Z INFO [606/900] 55ce9270-a258-49f8-9d60-2d3a687025f8: 22 groups; 1.6 s; peak memory 1336 MiB.
2026-10-06T18:37:14Z INFO [607/900] 55cf1284-71ca-4965-8599-a1cba843c2b1: 35 groups; 1.9 s; peak memory 1336 MiB.
2026-10-06T18:37:16Z INFO [608/900] 55cfb3f9-c150-4434-82a2-36bafb67c677: 22 groups; 1.4 s; peak memory 1336 MiB.
2026-10-06T18:37:17Z INFO [609/900] 55d02335-7d57-4fe2-a0cc-42288ead118e: 26 groups; 1.0 s; peak memory 1336 MiB.
2026-10-06T18:37:20Z INFO [610/900] 55d0ffab-274b-4cb9-8fe8-28ea1025d04d: 40 groups; 2.9 s; peak memory 1336 MiB.
2026-10-06T18:37:36Z INFO [611/900] 55d19e32-0074-4b45-96bb-cd214c753c1f: 231 groups; 16.3 s; peak memory 1336 MiB.
2026-10-06T18:37:37Z INFO [612/900] 55d2e588-2114-4afb-ade7-e4ea0a3efc11: 22 groups; 1.5 s; peak memory 1336 MiB.
2026-10-06T18:37:39Z INFO [613/900] 55d2f867-2e59-4242-be52-96163a41068c: 32 groups; 1.8 s; peak memory 1336 MiB.
2026-10-06T18:37:40Z INFO [614/900] 55d34307-6ef6-4d48-9750-d138bb4a670f: 28 groups; 1.2 s; peak memory 1336 MiB.
2026-10-06T18:37:42Z INFO [615/900] 55d365ea-1bc6-4e2b-b77a-0cd78948ccf7: 32 groups; 1.6 s; peak memory 1336 MiB.
2026-10-06T18:37:45Z INFO [616/900] 55d3bd10-7621-45fa-83d4-40e3560b7caf: 55 groups; 2.9 s; peak memory 1336 MiB.
2026-10-06T18:37:46Z INFO [617/900] 55d3c7c2-2635-481b-8a71-f029bfbaedd5: 32 groups; 1.6 s; peak memory 1336 MiB.
2026-10-06T18:38:13Z INFO [618/900] 55d40255-8b25-43a0-b637-45fa7cf2f56d: 279 groups; 26.9 s; peak memory 1336 MiB.
2026-10-06T18:38:15Z INFO [619/900] 55d4553d-73a5-40d0-a938-df58cd18bd02: 195 groups; 2.0 s; peak memory 1336 MiB.
2026-10-06T18:38:23Z INFO [620/900] 55d46605-6bbf-483c-a622-4a973b6a61bd: 66 groups; 8.1 s; peak memory 1336 MiB.
2026-10-06T18:38:25Z INFO [621/900] 55d4c005-3cd3-448e-93a7-73af24363e77: 22 groups; 1.3 s; peak memory 1336 MiB.
2026-10-06T18:38:35Z INFO [622/900] 55d4c952-3d8d-45ef-9789-0f85266afda9: 66 groups; 10.5 s; peak memory 1336 MiB.
2026-10-06T18:38:37Z INFO [623/900] 55d55c8f-7d79-4a82-a715-cedcd375358f: 32 groups; 1.5 s; peak memory 1336 MiB.
2026-10-06T18:38:39Z INFO [624/900] 55d7483c-6e37-49f3-877a-3a9ca25e3e82: 573 groups; 2.6 s; peak memory 1336 MiB.
2026-10-06T18:38:40Z INFO [625/900] 55d75d7a-13ac-48e0-b0bd-9715dd97ced5: 30 groups; 1.0 s; peak memory 1336 MiB.
2026-10-06T18:38:52Z INFO [626/900] 55d75ef5-691f-4d4d-b83a-85f6c619864e: 199 groups; 11.4 s; peak memory 1336 MiB.
2026-10-06T18:38:53Z INFO [627/900] 55d7b2bc-71a7-4423-a4cf-d3ec6212e02d: 22 groups; 1.4 s; peak memory 1336 MiB.
2026-10-06T18:38:55Z INFO [628/900] 55d80de5-5316-4c88-870f-de9f9a1b3eba: 35 groups; 1.7 s; peak memory 1336 MiB.
2026-10-06T18:38:57Z INFO [629/900] 55d877bf-1bfe-47ce-b9f5-909c6dd5feff: 33 groups; 2.1 s; peak memory 1336 MiB.
2026-10-06T18:38:59Z INFO [630/900] 55d8b428-9106-4c32-86c2-2512a3802488: 201 groups; 1.9 s; peak memory 1336 MiB.
2026-10-06T18:39:02Z INFO [631/900] 55d93b68-cd0f-4d0a-91f7-caf3e86b6330: 55 groups; 3.0 s; peak memory 1336 MiB.
2026-10-06T18:39:04Z INFO [632/900] 55d9687f-53ef-4665-874f-41ad15a89516: 35 groups; 2.0 s; peak memory 1336 MiB.
2026-10-06T18:39:06Z INFO [633/900] 55dac1cc-341a-469c-a384-b86b83a21807: 35 groups; 2.0 s; peak memory 1336 MiB.
2026-10-06T18:39:07Z INFO [634/900] 55dbe352-397d-4fd9-91ab-303a3eb50aef: 253 groups; 1.6 s; peak memory 1336 MiB.
2026-10-06T18:39:09Z INFO [635/900] 55dd2131-e70e-40c8-b1e5-2aeec0f287d3: 22 groups; 1.4 s; peak memory 1336 MiB.
2026-10-06T18:39:10Z INFO [636/900] 55ddf8af-4c1e-44b4-ac41-78fefd2abab8: 32 groups; 1.6 s; peak memory 1336 MiB.
2026-10-06T18:39:12Z INFO [637/900] 55de3873-df6b-44a2-9253-5435435bf455: 35 groups; 1.9 s; peak memory 1336 MiB.
2026-10-06T18:39:14Z INFO [638/900] 55de68d9-8dd7-437d-9ee6-6c1f1181e8a7: 33 groups; 1.9 s; peak memory 1336 MiB.
2026-10-06T18:39:15Z INFO [639/900] 55ded763-dc63-452c-8868-a07f457a1a96: 30 groups; 1.0 s; peak memory 1336 MiB.
2026-10-06T18:39:17Z INFO [640/900] 55df1689-a823-4a0f-ba20-138fe6565789: 22 groups; 1.4 s; peak memory 1336 MiB.
2026-10-06T18:39:18Z INFO [641/900] 55e01c61-4627-4919-b510-264097a40fcd: 29 groups; 1.1 s; peak memory 1336 MiB.
2026-10-06T18:39:47Z INFO [642/900] 55e053d7-ff6b-456b-8210-3ef9f477b938: 157 groups; 29.0 s; peak memory 1336 MiB.
2026-10-06T18:39:48Z INFO [643/900] 55e06630-8833-46ce-8b07-2d3aed21e25d: 16 groups; 0.9 s; peak memory 1336 MiB.
2026-10-06T18:40:00Z INFO [644/900] 55e0913b-1432-4c19-aa49-140c5ab23341: 2012 groups; 12.4 s; peak memory 1336 MiB.
2026-10-06T18:40:03Z INFO [645/900] 55e16123-ca44-45d5-8ba2-5d0deea55217: 33 groups; 2.5 s; peak memory 1336 MiB.
2026-10-06T18:40:10Z INFO [646/900] 55e291d7-9965-4bba-9e37-0f02ef429cda: 78 groups; 7.5 s; peak memory 1336 MiB.
2026-10-06T18:40:12Z INFO [647/900] 55e29b21-8daf-4514-bf4e-864a274da0e1: 32 groups; 1.6 s; peak memory 1336 MiB.
2026-10-06T18:40:14Z INFO [648/900] 55e3eaac-d897-49a2-995f-85a527c7cd3f: 35 groups; 2.0 s; peak memory 1336 MiB.
2026-10-06T18:40:16Z INFO [649/900] 55e44b61-d520-4724-b5c3-9980172ecfe3: 35 groups; 2.0 s; peak memory 1336 MiB.
2026-10-06T18:40:18Z INFO [650/900] 55e4b27f-682a-4a9e-a468-3c077f19424e: 42 groups; 2.4 s; peak memory 1336 MiB.
2026-10-06T18:40:18Z INFO [650/900] 55e4b27f-682a-4a9e-a468-3c077f19424e: checkpointed 88386 records.
2026-10-06T18:40:25Z INFO [651/900] 55e53fd9-116a-46e3-8b54-aba74ce34d0a: 144 groups; 6.5 s; peak memory 1336 MiB.
2026-10-06T18:40:26Z INFO [652/900] 55e5c4d1-4dfa-4895-8ca6-c318127edfb9: 22 groups; 1.4 s; peak memory 1336 MiB.
2026-10-06T18:40:28Z INFO [653/900] 55e6e2aa-58e2-42cd-a874-1da78f728a48: 196 groups; 1.9 s; peak memory 1336 MiB.
2026-10-06T18:40:30Z INFO [654/900] 55e714e9-81de-4f0f-9582-492f35033d51: 32 groups; 1.8 s; peak memory 1336 MiB.
2026-10-06T18:40:39Z INFO [655/900] 55e7fc28-2f15-4a0d-ab8d-d83b1728b0bb: 85 groups; 9.1 s; peak memory 1336 MiB.
2026-10-06T18:40:41Z INFO [656/900] 55e85e20-871a-4f19-a88d-8eff0c8ff617: 35 groups; 1.9 s; peak memory 1336 MiB.
2026-10-06T18:40:45Z INFO [657/900] 55e906a8-322f-4d8b-9aec-93cf9ef9e0c5: 50 groups; 3.8 s; peak memory 1336 MiB.
2026-10-06T18:40:46Z INFO [658/900] 55e973cb-2d8e-4ee6-bbf4-027281a92302: 22 groups; 1.4 s; peak memory 1336 MiB.
2026-10-06T18:40:47Z INFO [659/900] 55e9811a-d91b-4d08-bcb0-f09a4af704e4: 56 groups; 1.3 s; peak memory 1336 MiB.
2026-10-06T18:41:37Z INFO [660/900] 55e99931-7ad7-41e7-8a10-e6bc716eceac: 102 groups; 49.8 s; peak memory 1336 MiB.
2026-10-06T18:41:38Z INFO [661/900] 55e9fb0f-e32a-4990-a3e3-de9d850b5f64: 16 groups; 1.0 s; peak memory 1336 MiB.
2026-10-06T18:41:40Z INFO [662/900] 55ec4302-b7ba-406d-a4f0-c7d73d3d4ac9: 35 groups; 2.0 s; peak memory 1336 MiB.
2026-10-06T18:42:04Z INFO [663/900] 55ed6ad3-914b-4cfb-bbf5-24e93666beca: 401 groups; 24.0 s; peak memory 1336 MiB.
2026-10-06T18:42:06Z INFO [664/900] 55ee77a2-41d4-44fe-9558-f8b367ddd310: 32 groups; 1.6 s; peak memory 1336 MiB.
2026-10-06T18:42:07Z INFO [665/900] 55ee781f-7e66-440b-b403-263e4b343ecc: 31 groups; 1.2 s; peak memory 1336 MiB.
2026-10-06T18:42:09Z INFO [666/900] 55eec1ff-8c81-480a-9853-d1ce11a087de: 35 groups; 1.9 s; peak memory 1336 MiB.
2026-10-06T18:42:10Z INFO [667/900] 55ef69f3-be0c-44e5-ac87-547c03371bfb: 22 groups; 1.4 s; peak memory 1336 MiB.
2026-10-06T18:42:12Z INFO [668/900] 55ef95b3-17ba-47a0-852c-05da80edbcd7: 32 groups; 1.6 s; peak memory 1336 MiB.
2026-10-06T18:42:14Z INFO [669/900] 55efbffa-3392-41df-804f-9c1865beb9e2: 36 groups; 2.1 s; peak memory 1336 MiB.
2026-10-06T18:42:17Z INFO [670/900] 55f01f1c-8213-402f-88be-ffb5045b4183: 573 groups; 2.6 s; peak memory 1336 MiB.
2026-10-06T18:42:18Z INFO [671/900] 55f21d93-83db-4a7b-a6e2-4dc1520c5d32: 25 groups; 1.5 s; peak memory 1336 MiB.
2026-10-06T18:42:20Z INFO [672/900] 55f2327e-ee3c-4380-a559-b46fff1b1d2f: 35 groups; 1.9 s; peak memory 1336 MiB.
2026-10-06T18:42:22Z INFO [673/900] 55f23db4-b9ba-4ca9-901f-ce46492456fa: 35 groups; 1.8 s; peak memory 1336 MiB.
2026-10-06T18:42:27Z INFO [674/900] 55f27190-a22e-4f92-953c-25450c1ea810: 62 groups; 5.6 s; peak memory 1336 MiB.
2026-10-06T18:42:29Z INFO [675/900] 55f291f9-6013-4d5f-a053-8b28c12f2b65: 33 groups; 1.6 s; peak memory 1336 MiB.
2026-10-06T18:42:30Z INFO [676/900] 55f2bc85-1e7d-460b-b2e3-965029a7cc0a: 22 groups; 1.4 s; peak memory 1336 MiB.
2026-10-06T18:42:48Z INFO [677/900] 55f6692e-eddf-48fb-8c64-67559805b8e0: 351 groups; 17.8 s; peak memory 1336 MiB.
2026-10-06T18:42:51Z INFO [678/900] 55f6dc0e-f770-41cf-8ee7-14344b46e026: 19 groups; 2.4 s; peak memory 1336 MiB.
2026-10-06T18:43:08Z INFO [679/900] 55f7b957-84ca-49c9-ac66-66483603fa06: 45 groups; 17.2 s; peak memory 1336 MiB.
2026-10-06T18:43:09Z INFO [680/900] 55f836a7-1cb1-4f90-9de1-445e58495b51: 16 groups; 1.1 s; peak memory 1336 MiB.
2026-10-06T18:43:12Z INFO [681/900] 55f87b03-0371-4e7b-a790-9ca69ca234ec: 79 groups; 2.8 s; peak memory 1336 MiB.
2026-10-06T18:43:19Z INFO [682/900] 55f8bbc6-41b1-4d08-9751-1cecad635b94: 34 groups; 7.8 s; peak memory 1336 MiB.
2026-10-06T18:43:21Z INFO [683/900] 55fa1529-5518-43e4-a829-c544b8f98491: 71 groups; 1.4 s; peak memory 1336 MiB.
2026-10-06T18:43:23Z INFO [684/900] 55fa9f50-8174-4cc6-8e76-27be035619a6: 200 groups; 2.2 s; peak memory 1336 MiB.
2026-10-06T18:43:28Z INFO [685/900] 55faaa82-8011-449b-9651-f7f87516fcb5: 64 groups; 4.9 s; peak memory 1336 MiB.
2026-10-06T18:43:32Z INFO [686/900] 55fabb89-c907-43bf-866f-03edb0367d9c: 45 groups; 3.8 s; peak memory 1336 MiB.
2026-10-06T18:43:34Z INFO [687/900] 55fb4e7a-ed20-4997-9ab8-c2565715b5ab: 206 groups; 2.4 s; peak memory 1336 MiB.
2026-10-06T18:43:36Z INFO [688/900] 55fbea05-4081-4f4e-b035-0b86fe741aa2: 32 groups; 1.5 s; peak memory 1336 MiB.
2026-10-06T18:43:37Z INFO [689/900] 55fc5321-7feb-4401-8317-16c3e15fb6a2: 22 groups; 1.3 s; peak memory 1336 MiB.
2026-10-06T18:44:27Z INFO [690/900] 55fc8476-3017-486c-87a4-b4faeb74fa8d: 27 groups; 50.3 s; peak memory 1336 MiB.
2026-10-06T18:44:30Z INFO [691/900] 55fc9761-5697-4d7d-a8e1-21242586583c: 572 groups; 3.0 s; peak memory 1336 MiB.
2026-10-06T18:44:32Z INFO [692/900] 55fd22cc-e266-4b01-8c77-fde2fff2289c: 31 groups; 1.2 s; peak memory 1336 MiB.
2026-10-06T18:44:35Z INFO [693/900] 55fe9928-63c4-4c64-b47a-128e8d3665ae: 48 groups; 3.1 s; peak memory 1336 MiB.
2026-10-06T18:44:36Z INFO [694/900] 55ff7b81-4618-4248-b4eb-4986fd94566e: 22 groups; 1.4 s; peak memory 1336 MiB.
2026-10-06T18:44:37Z INFO [695/900] 560001ca-9b7f-471b-96b9-bf43a2ffdeb4: 22 groups; 1.4 s; peak memory 1336 MiB.
2026-10-06T18:44:39Z INFO [696/900] 56006f63-ee6b-41ff-9b14-2add984374c9: 32 groups; 1.5 s; peak memory 1336 MiB.
2026-10-06T18:44:40Z INFO [697/900] 56015d0a-de5b-428e-b5c4-cf3d81ef59f9: 26 groups; 1.3 s; peak memory 1336 MiB.
2026-10-06T18:44:42Z INFO [698/900] 560256f3-bdfa-42ec-b442-53b37863df11: 35 groups; 2.0 s; peak memory 1336 MiB.
2026-10-06T18:44:44Z INFO [699/900] 5602bddd-1fc8-4a49-81aa-574ed40b3c64: 32 groups; 1.5 s; peak memory 1336 MiB.
2026-10-06T18:44:46Z INFO [700/900] 56030d70-96bf-465e-ac4f-d7c6d6e0c0ea: 194 groups; 1.9 s; peak memory 1336 MiB.
2026-10-06T18:44:46Z INFO [700/900] 56030d70-96bf-465e-ac4f-d7c6d6e0c0ea: checkpointed 88436 records.
2026-10-06T18:44:48Z INFO [701/900] 5603777d-d3e0-463a-bcc4-3e96e0691a0f: 32 groups; 1.9 s; peak memory 1336 MiB.
2026-10-06T18:44:49Z INFO [702/900] 56046419-e2b1-46b0-813f-1a96f6f63980: 22 groups; 1.3 s; peak memory 1336 MiB.
2026-10-06T18:44:51Z INFO [703/900] 560471ac-4c5a-484d-9614-606509bd88fc: 16 groups; 1.5 s; peak memory 1336 MiB.
2026-10-06T18:44:52Z INFO [704/900] 56049900-f1e0-4d22-ad57-186fcb5bacf6: 34 groups; 1.8 s; peak memory 1336 MiB.
2026-10-06T18:44:54Z INFO [705/900] 5604f4a1-8505-40e5-8d4b-421dd335f5a8: 35 groups; 1.9 s; peak memory 1336 MiB.
2026-10-06T18:44:56Z INFO [706/900] 56062575-6720-4bc1-a222-cdb3d8b9a0d5: 35 groups; 2.0 s; peak memory 1336 MiB.
2026-10-06T18:44:58Z INFO [707/900] 560655ec-bf74-481b-acad-6caa44ec8ca4: 25 groups; 1.4 s; peak memory 1336 MiB.
2026-10-06T18:45:00Z INFO [708/900] 5606779d-2e0e-4520-bc32-8f028317ed49: 341 groups; 2.2 s; peak memory 1336 MiB.
2026-10-06T18:45:01Z INFO [709/900] 5606a256-fab9-4dcd-89b5-8dedda7bff19: 22 groups; 1.4 s; peak memory 1336 MiB.
2026-10-06T18:45:08Z INFO [710/900] 5606df75-4dd1-44e0-a89f-96ef93836c21: 155 groups; 6.5 s; peak memory 1336 MiB.
2026-10-06T18:45:23Z INFO [711/900] 56074549-09c1-4d2b-bf1e-373141928c6d: 244 groups; 14.8 s; peak memory 1336 MiB.
2026-10-06T18:45:57Z INFO [712/900] 56075350-3c48-40d3-9124-0f16810c50df: 23 groups; 34.8 s; peak memory 1336 MiB.
2026-10-06T18:45:59Z INFO [713/900] 56086a5c-352c-44e3-a97d-b9e9710e0182: 22 groups; 1.4 s; peak memory 1336 MiB.
2026-10-06T18:46:00Z INFO [714/900] 560a5cc4-f732-4b37-8942-f0926b912ece: 32 groups; 1.6 s; peak memory 1336 MiB.
2026-10-06T18:46:03Z INFO [715/900] 560aeadd-ff00-47ff-9d38-d00cef4e341d: 35 groups; 2.2 s; peak memory 1336 MiB.
2026-10-06T18:46:06Z INFO [716/900] 560c299f-0f51-4565-bc65-7d485c981b4b: 48 groups; 3.0 s; peak memory 1336 MiB.
2026-10-06T18:46:07Z INFO [717/900] 560ca3de-d43b-432d-912f-05e748acdcf2: 22 groups; 1.5 s; peak memory 1336 MiB.
2026-10-06T18:46:19Z INFO [718/900] 560cc881-e095-48aa-ba94-9c18466b190b: 272 groups; 11.5 s; peak memory 1336 MiB.
2026-10-06T18:46:20Z INFO [719/900] 560cd706-886e-48f9-8c17-31682a4c63a4: 42 groups; 1.8 s; peak memory 1336 MiB.
2026-10-06T18:46:22Z INFO [720/900] 560d259f-5088-4964-afd9-c0cbdb52c7e3: 22 groups; 1.2 s; peak memory 1336 MiB.
2026-10-06T18:46:24Z INFO [721/900] 560d8e0a-6675-4061-8bf7-910c675f9337: 35 groups; 1.9 s; peak memory 1336 MiB.
2026-10-06T18:46:25Z INFO [722/900] 560edc46-d15b-4522-9732-5e510ab0db1c: 25 groups; 1.0 s; peak memory 1336 MiB.
2026-10-06T18:46:26Z INFO [723/900] 560ef2c4-ceda-4cde-a979-0e163f997367: 22 groups; 1.3 s; peak memory 1336 MiB.
2026-10-06T18:46:27Z INFO [724/900] 560fb12d-d8ba-4eac-8342-f55bea7df2af: 22 groups; 1.3 s; peak memory 1336 MiB.
2026-10-06T18:46:29Z INFO [725/900] 560fc48f-4076-4f28-be11-28ed79cb7280: 200 groups; 2.2 s; peak memory 1336 MiB.
2026-10-06T18:46:31Z INFO [726/900] 560fddeb-2c36-4ccd-a5af-9222037c8f07: 341 groups; 2.0 s; peak memory 1336 MiB.
2026-10-06T18:46:33Z INFO [727/900] 56107389-7392-479d-ab21-a03121fda52c: 103 groups; 1.7 s; peak memory 1336 MiB.
2026-10-06T18:46:34Z INFO [728/900] 56108565-00af-4592-b447-96d1edc6a814: 22 groups; 1.3 s; peak memory 1336 MiB.
2026-10-06T18:46:37Z INFO [729/900] 5610b4f6-6ef2-438f-9279-11a4601cf140: 207 groups; 2.4 s; peak memory 1336 MiB.
2026-10-06T18:46:38Z INFO [730/900] 5610e20d-219f-4de1-8282-9a8eed09a553: 32 groups; 1.5 s; peak memory 1336 MiB.
2026-10-06T18:46:42Z INFO [731/900] 56119c82-386b-45ec-90d0-58dcb2c77835: 64 groups; 3.4 s; peak memory 1336 MiB.
2026-10-06T18:46:43Z INFO [732/900] 5611cdb9-e1ee-4c3f-9f8d-b4e4bda8e0be: 32 groups; 1.7 s; peak memory 1336 MiB.
2026-10-06T18:46:45Z INFO [733/900] 56123c07-c4d4-4eb4-a410-ed0adac34e53: 22 groups; 1.4 s; peak memory 1336 MiB.
2026-10-06T18:46:54Z INFO [734/900] 5612a839-576c-4b44-8bad-623344cab028: 202 groups; 9.8 s; peak memory 1336 MiB.
2026-10-06T18:46:56Z INFO [735/900] 56156e99-6b8e-4483-9e2e-c7499115d7fd: 256 groups; 1.7 s; peak memory 1336 MiB.
2026-10-06T18:46:58Z INFO [736/900] 56169247-259b-48be-ac1b-8fbeae858b5b: 22 groups; 1.3 s; peak memory 1336 MiB.
2026-10-06T18:46:59Z INFO [737/900] 5616f829-6058-4f36-b265-d048bebda8be: 22 groups; 1.3 s; peak memory 1336 MiB.
2026-10-06T18:47:00Z INFO [738/900] 56176277-e8cb-43a0-8b33-cf9595fcb744: 22 groups; 1.4 s; peak memory 1336 MiB.
2026-10-06T18:47:02Z INFO [739/900] 5617d561-2b63-4492-b847-446f9fedd570: 32 groups; 1.8 s; peak memory 1336 MiB.
2026-10-06T18:47:05Z INFO [740/900] 56190214-aec7-4139-a1ef-1e779c0ad84e: 35 groups; 2.8 s; peak memory 1336 MiB.
2026-10-06T18:47:07Z INFO [741/900] 56191d89-07c8-46e3-9416-3c12e18e0dea: 32 groups; 1.7 s; peak memory 1336 MiB.
2026-10-06T18:47:08Z INFO [742/900] 56192940-3970-4eff-9be5-09e55a72f2bb: 33 groups; 1.4 s; peak memory 1336 MiB.
2026-10-06T18:47:18Z INFO [743/900] 56197e4f-1b13-4e16-a647-a921957e60f7: 132 groups; 10.1 s; peak memory 1336 MiB.
2026-10-06T18:47:25Z INFO [744/900] 561a8dd8-0738-4d94-bfc7-79a03ee65dc3: 78 groups; 6.8 s; peak memory 1336 MiB.
2026-10-06T18:47:26Z INFO [745/900] 561b427d-cf2e-4aa9-bf7f-b672cee1acea: 22 groups; 1.4 s; peak memory 1336 MiB.
2026-10-06T18:47:37Z INFO [746/900] 561c3fdc-a849-42e0-a417-89b618f31531: 212 groups; 10.5 s; peak memory 1336 MiB.
2026-10-06T18:47:39Z INFO [747/900] 561d1910-0943-41ec-b7fa-faac651fc8b9: 35 groups; 1.8 s; peak memory 1336 MiB.
2026-10-06T18:47:46Z INFO [748/900] 561d2109-092f-4d59-ab5c-f4606dc4da1f: 73 groups; 7.3 s; peak memory 1336 MiB.
2026-10-06T18:47:47Z INFO [749/900] 561dca4b-7390-4f01-9818-1bcf5d52b9cf: 30 groups; 1.5 s; peak memory 1336 MiB.
2026-10-06T18:48:46Z INFO [750/900] 561e6a78-ed8e-4a1c-a2e1-fced296a1956: 26 groups; 58.6 s; peak memory 1336 MiB.
2026-10-06T18:48:46Z INFO [750/900] 561e6a78-ed8e-4a1c-a2e1-fced296a1956: checkpointed 88486 records.
2026-10-06T18:48:54Z INFO [751/900] 561ee204-9d4c-4fd8-b160-0472f9b9d6f7: 67 groups; 7.9 s; peak memory 1336 MiB.
2026-10-06T18:48:55Z INFO [752/900] 561f2d3f-2939-405d-9a7f-16ea584b65e8: 22 groups; 1.2 s; peak memory 1336 MiB.
2026-10-06T18:48:57Z INFO [753/900] 56205a27-6673-4b58-ab11-cfd99776a24e: 22 groups; 1.4 s; peak memory 1336 MiB.
2026-10-06T18:48:58Z INFO [754/900] 562066e7-8541-4dd6-a251-4a2fbabab3ea: 22 groups; 1.5 s; peak memory 1336 MiB.
2026-10-06T18:49:00Z INFO [755/900] 56206f2d-abc3-4b8f-8f90-b0064ccb431a: 33 groups; 1.8 s; peak memory 1336 MiB.
2026-10-06T18:49:01Z INFO [756/900] 5620a46b-e563-4361-b03f-ef4d05c19cb1: 22 groups; 1.4 s; peak memory 1336 MiB.
2026-10-06T18:49:02Z INFO [757/900] 5620f806-3267-42d0-9d54-fe23e07cf9d9: 16 groups; 1.0 s; peak memory 1336 MiB.
2026-10-06T18:49:05Z INFO [758/900] 56221cb6-a5c4-45ff-9126-d7059abe9fa4: 200 groups; 2.7 s; peak memory 1336 MiB.
2026-10-06T18:49:08Z INFO [759/900] 56222879-e0cd-4735-b8b9-ccae325e78d1: 87 groups; 3.5 s; peak memory 1336 MiB.
2026-10-06T18:49:13Z INFO [760/900] 5623723f-e282-4f03-8c00-3b54086196ed: 338 groups; 4.2 s; peak memory 1336 MiB.
2026-10-06T18:49:14Z INFO [761/900] 56238d9f-b2a3-400a-af57-904f2494d1cd: 22 groups; 1.5 s; peak memory 1336 MiB.
2026-10-06T18:49:16Z INFO [762/900] 56239f31-7003-4ed2-b378-cf35fcb2e352: 32 groups; 1.6 s; peak memory 1336 MiB.
2026-10-06T18:49:17Z INFO [763/900] 5624a801-e3c0-4b1c-aa9a-3ce5a504664e: 20 groups; 1.4 s; peak memory 1336 MiB.
2026-10-06T18:49:18Z INFO [764/900] 5624d890-4664-435e-a3bc-5758bddd93ed: 16 groups; 1.0 s; peak memory 1336 MiB.
2026-10-06T18:49:20Z INFO [765/900] 56251d4a-5eda-44a1-8c4c-c1d14e88c7b2: 35 groups; 1.8 s; peak memory 1336 MiB.
2026-10-06T18:49:21Z INFO [766/900] 56269fe9-bf17-4c17-b6d0-55c6ce56785f: 25 groups; 1.4 s; peak memory 1336 MiB.
2026-10-06T18:49:23Z INFO [767/900] 5626dd90-ce4d-499c-a283-4836c4f9d546: 25 groups; 1.5 s; peak memory 1336 MiB.
2026-10-06T18:49:24Z INFO [768/900] 5629714d-fa9d-488f-992a-3b7eeed576f1: 32 groups; 1.5 s; peak memory 1336 MiB.
2026-10-06T18:49:27Z INFO [769/900] 5629b1ec-4578-4d71-8946-28cf93168ed0: 17 groups; 2.9 s; peak memory 1336 MiB.
2026-10-06T18:49:36Z INFO [770/900] 562a48f8-5c5f-426f-9d8d-1d55f4504b70: 3891 groups; 9.1 s; peak memory 1336 MiB.
2026-10-06T18:49:38Z INFO [771/900] 562b1288-e5b4-4c9c-a94e-f70ed6196085: 24 groups; 1.4 s; peak memory 1336 MiB.
2026-10-06T18:49:39Z INFO [772/900] 562b409f-e093-4bd9-863c-4e59bbff4de7: 32 groups; 1.7 s; peak memory 1336 MiB.
2026-10-06T18:49:48Z INFO [773/900] 562c4496-51a9-4796-b67b-e2b12815388c: 34 groups; 8.1 s; peak memory 1336 MiB.
2026-10-06T18:49:49Z INFO [774/900] 562d466e-aa75-4d9f-b0ff-f19e80cba4b0: 22 groups; 1.5 s; peak memory 1336 MiB.
2026-10-06T18:49:51Z INFO [775/900] 562dc3bb-be99-48aa-b294-68f9284d694d: 253 groups; 1.5 s; peak memory 1336 MiB.
2026-10-06T18:49:52Z INFO [776/900] 562fa1e0-fb33-4707-9722-ec3840c73dcb: 22 groups; 1.5 s; peak memory 1336 MiB.
2026-10-06T18:49:53Z INFO [777/900] 563053b9-8bc1-4030-8f99-f3b4957f368f: 16 groups; 1.3 s; peak memory 1336 MiB.
2026-10-06T18:49:55Z INFO [778/900] 56305923-35c1-44d6-ac96-caa01b9971ca: 32 groups; 1.5 s; peak memory 1336 MiB.
2026-10-06T18:50:16Z INFO [779/900] 5630fa68-99d3-40c2-988b-49a06e4d9000: 216 groups; 20.7 s; peak memory 1336 MiB.
2026-10-06T18:50:17Z INFO [780/900] 56310591-a880-45cd-a78f-d52ca0a45d9b: 22 groups; 1.4 s; peak memory 1336 MiB.
2026-10-06T18:50:19Z INFO [781/900] 5631949c-0e16-4fc3-8ea7-bf138a7e758e: 195 groups; 2.1 s; peak memory 1336 MiB.
2026-10-06T18:50:28Z INFO [782/900] 56321a19-40b8-4a09-b56a-5dd1c574ef28: 148 groups; 8.7 s; peak memory 1336 MiB.
2026-10-06T18:50:29Z INFO [783/900] 56324f3e-bb26-4035-b73d-501c50a8a9c7: 31 groups; 1.3 s; peak memory 1336 MiB.
2026-10-06T18:50:31Z INFO [784/900] 5634756f-daec-4cd4-bd2e-671380332a1b: 254 groups; 1.7 s; peak memory 1336 MiB.
2026-10-06T18:50:32Z INFO [785/900] 5634853b-155d-4046-b9aa-c605c338ced0: 33 groups; 1.3 s; peak memory 1336 MiB.
2026-10-06T18:50:39Z INFO [786/900] 56349fa5-d4f6-409c-a805-f29b9215a9d8: 105 groups; 6.5 s; peak memory 1336 MiB.
2026-10-06T18:50:46Z INFO [787/900] 5634f189-adfb-4a98-9039-cf5cdc64d03c: 114 groups; 7.0 s; peak memory 1336 MiB.
2026-10-06T18:50:47Z INFO [788/900] 563583a3-0b9a-4d36-920e-803616dd84e0: 16 groups; 1.1 s; peak memory 1336 MiB.
2026-10-06T18:50:52Z INFO [789/900] 5635ad8e-f355-45a5-9ab9-e6a8683a6dd9: 34 groups; 5.6 s; peak memory 1336 MiB.
2026-10-06T18:50:55Z INFO [790/900] 56370b52-3ea9-4bd9-9ff0-3a7cff07a4fa: 49 groups; 2.4 s; peak memory 1336 MiB.
2026-10-06T18:50:56Z INFO [791/900] 56380c34-b64c-4a0b-aa52-8530d108ea66: 32 groups; 1.7 s; peak memory 1336 MiB.
2026-10-06T18:50:58Z INFO [792/900] 56389d55-264d-4fed-a0b0-f2d2685f686a: 22 groups; 1.3 s; peak memory 1336 MiB.
2026-10-06T18:50:59Z INFO [793/900] 5638af94-8677-45a6-a52a-126299c20b6f: 17 groups; 1.2 s; peak memory 1336 MiB.
2026-10-06T18:51:02Z INFO [794/900] 56392d26-b23e-4824-a48f-846586af2678: 48 groups; 3.6 s; peak memory 1336 MiB.
2026-10-06T18:51:04Z INFO [795/900] 563a3bb6-d295-4855-a92d-4779268605bf: 35 groups; 1.8 s; peak memory 1336 MiB.
2026-10-06T18:51:06Z INFO [796/900] 563adb63-4b19-465a-9e04-0c10c3b2ef34: 32 groups; 1.8 s; peak memory 1336 MiB.
2026-10-06T18:51:07Z INFO [797/900] 563b4ca8-2fc2-4694-9908-b3b0e9ca91ab: 22 groups; 1.5 s; peak memory 1336 MiB.
2026-10-06T18:51:15Z INFO [798/900] 563d685b-0578-40f0-bb66-d26835c79397: 67 groups; 7.9 s; peak memory 1336 MiB.
2026-10-06T18:51:19Z INFO [799/900] 563da09f-3641-473a-85b3-f6bcdb612033: 48 groups; 3.2 s; peak memory 1336 MiB.
2026-10-06T18:51:20Z INFO [800/900] 563e33f9-fa5c-4b5e-a69d-4133079688fb: 103 groups; 1.7 s; peak memory 1336 MiB.
2026-10-06T18:51:20Z INFO [800/900] 563e33f9-fa5c-4b5e-a69d-4133079688fb: checkpointed 88536 records.
2026-10-06T18:51:22Z INFO [801/900] 563e49bd-411d-4705-bd19-d33166c19fff: 32 groups; 1.7 s; peak memory 1336 MiB.
2026-10-06T18:51:23Z INFO [802/900] 563e7e6c-d1d9-4c7c-9a94-c918226d4ba3: 22 groups; 1.4 s; peak memory 1336 MiB.
2026-10-06T18:51:25Z INFO [803/900] 563e96bf-b5e9-415d-acc4-e78b23bc8438: 22 groups; 1.4 s; peak memory 1336 MiB.
2026-10-06T18:51:43Z INFO [804/900] 563fa3e2-db42-41d7-a0ac-d7ba942717c4: 309 groups; 17.7 s; peak memory 1336 MiB.
2026-10-06T18:51:44Z INFO [805/900] 563fcf9b-51fd-4e4d-a88d-5d9b073e914e: 202 groups; 2.0 s; peak memory 1336 MiB.
2026-10-06T18:51:54Z INFO [806/900] 563fff57-dd18-43fb-b966-5e153621416b: 152 groups; 9.1 s; peak memory 1336 MiB.
2026-10-06T18:51:55Z INFO [807/900] 56407ded-1c09-4a9e-9ac0-31800c469834: 32 groups; 1.6 s; peak memory 1336 MiB.
2026-10-06T18:57:42Z INFO [808/900] 5640e425-5281-4e0b-9c1c-73a85a14cc58: 75 groups; 346.6 s; peak memory 1336 MiB.
2026-10-06T18:57:43Z INFO [809/900] 5640f1c7-a1a4-4517-b27d-4f0a78f458ea: 22 groups; 1.5 s; peak memory 1336 MiB.
2026-10-06T18:57:45Z INFO [810/900] 5640f615-7ac8-44d1-b716-31cd048dafd4: 22 groups; 1.4 s; peak memory 1336 MiB.
2026-10-06T18:58:57Z INFO [811/900] 5642287a-cb09-420d-b63c-5a5fa058d7c3: 2988 groups; 72.7 s; peak memory 1336 MiB.
2026-10-06T18:58:59Z INFO [812/900] 564242e4-600e-4aeb-87e6-15c7178eb860: 32 groups; 1.5 s; peak memory 1336 MiB.
2026-10-06T18:59:00Z INFO [813/900] 5642dd72-1068-4318-ac2d-39c8f9ad2ae0: 22 groups; 1.4 s; peak memory 1336 MiB.
2026-10-06T18:59:03Z INFO [814/900] 56435068-67c9-4b26-8f0f-dc08ad3347d5: 337 groups; 2.4 s; peak memory 1336 MiB.
2026-10-06T18:59:04Z INFO [815/900] 564405b9-edf5-4e90-ac1a-4e7e564efd10: 32 groups; 1.7 s; peak memory 1336 MiB.
2026-10-06T18:59:22Z INFO [816/900] 564556c4-a212-427e-997a-ade5d1b7e821: 63 groups; 18.1 s; peak memory 1336 MiB.
2026-10-06T18:59:24Z INFO [817/900] 5646417b-e404-45f8-bafd-e19ebef279bb: 259 groups; 1.9 s; peak memory 1336 MiB.
2026-10-06T18:59:45Z INFO [818/900] 5646726b-bb5b-44e1-b0d8-952b9e845cf7: 203 groups; 20.7 s; peak memory 1336 MiB.
2026-10-06T19:00:03Z INFO [819/900] 5646966b-b522-42a1-8a27-d3f3f3c55e6b: 590 groups; 17.6 s; peak memory 1336 MiB.
2026-10-06T19:00:04Z INFO [820/900] 56471acd-519c-45b1-8fbd-5f327fe4e3dc: 33 groups; 1.7 s; peak memory 1336 MiB.
2026-10-06T19:00:06Z INFO [821/900] 56472f6a-841a-4f99-afe1-ffead5f7187b: 19 groups; 1.4 s; peak memory 1336 MiB.
2026-10-06T19:00:24Z INFO [822/900] 56473e22-faf9-4cb6-bcf9-e2509284f885: 374 groups; 17.9 s; peak memory 1336 MiB.
2026-10-06T19:00:25Z INFO [823/900] 5647a0de-a56c-416e-9128-fc8046004b27: 32 groups; 1.7 s; peak memory 1336 MiB.
2026-10-06T19:00:29Z INFO [824/900] 5647abe1-2f7d-46ae-8df1-63070246ae92: 46 groups; 3.6 s; peak memory 1336 MiB.
2026-10-06T19:00:31Z INFO [825/900] 5647ba25-361e-4afd-bf6a-32683e5b4d0f: 32 groups; 1.5 s; peak memory 1336 MiB.
2026-10-06T19:00:32Z INFO [826/900] 56490e63-084e-4c1c-8905-a937f7dae792: 22 groups; 1.3 s; peak memory 1336 MiB.
2026-10-06T19:00:33Z INFO [827/900] 564b28a8-5071-446f-86e2-09db9ed3d0ed: 22 groups; 1.6 s; peak memory 1336 MiB.
2026-10-06T19:00:35Z INFO [828/900] 564bfd56-06b4-4022-8458-6c7d6b38bf8d: 32 groups; 1.7 s; peak memory 1336 MiB.
2026-10-06T19:00:37Z INFO [829/900] 564c1f0d-f76c-4582-911a-a61dae6d5ac9: 36 groups; 2.1 s; peak memory 1336 MiB.
2026-10-06T19:00:39Z INFO [830/900] 564d4179-a379-4075-a3c9-c9b76e0f689e: 35 groups; 1.7 s; peak memory 1336 MiB.
2026-10-06T19:00:42Z INFO [831/900] 564d9bf3-e430-40bd-9161-48282a255b77: 47 groups; 3.0 s; peak memory 1336 MiB.
2026-10-06T19:00:44Z INFO [832/900] 564e04b5-67a2-4a75-b8a4-17d535232906: 35 groups; 2.0 s; peak memory 1336 MiB.
2026-10-06T19:00:45Z INFO [833/900] 564e533c-0738-4336-b38a-5e6b353cf7c3: 33 groups; 1.5 s; peak memory 1336 MiB.
2026-10-06T19:00:47Z INFO [834/900] 564e581a-0239-42c2-b81b-97270f71c92f: 36 groups; 2.1 s; peak memory 1336 MiB.
2026-10-06T19:00:49Z INFO [835/900] 564ee5d9-20e8-4a5e-a75d-43bfa4429d22: 17 groups; 1.3 s; peak memory 1336 MiB.
2026-10-06T19:00:51Z INFO [836/900] 564efe70-4e1b-4708-917c-202c30b1b3ca: 341 groups; 2.4 s; peak memory 1336 MiB.
2026-10-06T19:00:52Z INFO [837/900] 564f5611-252d-41d3-b045-645abb1073d9: 16 groups; 1.2 s; peak memory 1336 MiB.
2026-10-06T19:00:53Z INFO [838/900] 564f9231-3fef-4a22-87b4-7f207d045d62: 16 groups; 1.0 s; peak memory 1336 MiB.
2026-10-06T19:00:57Z INFO [839/900] 56515416-0a68-43b2-a052-60d7e71bafbc: 48 groups; 3.3 s; peak memory 1336 MiB.
2026-10-06T19:01:00Z INFO [840/900] 56527c3d-04b8-43ab-b058-3103947227ad: 58 groups; 3.5 s; peak memory 1336 MiB.
2026-10-06T19:01:02Z INFO [841/900] 5652886e-d486-4ea3-91e1-8884f470160a: 32 groups; 1.7 s; peak memory 1336 MiB.
2026-10-06T19:01:03Z INFO [842/900] 5653d8f8-6734-4797-8cc5-09cf975c944d: 28 groups; 1.3 s; peak memory 1336 MiB.
2026-10-06T19:01:06Z INFO [843/900] 5653dccc-f114-49c8-aa3c-b06326de3a6e: 17 groups; 2.9 s; peak memory 1336 MiB.
2026-10-06T19:01:08Z INFO [844/900] 5653e7c8-ac03-4c47-9ef2-b7181fddb4f1: 35 groups; 1.8 s; peak memory 1336 MiB.
2026-10-06T19:01:15Z INFO [845/900] 5654d331-5cbc-4c3f-8409-ba97f79b1f03: 85 groups; 6.7 s; peak memory 1336 MiB.
2026-10-06T19:01:16Z INFO [846/900] 565537d8-1688-4d02-825c-d24763dde5ae: 20 groups; 1.4 s; peak memory 1336 MiB.
2026-10-06T19:01:17Z INFO [847/900] 56554e31-03d9-4681-80a8-2ade1cb972ed: 22 groups; 1.3 s; peak memory 1336 MiB.
2026-10-06T19:01:19Z INFO [848/900] 56557c00-4c4f-4aa2-b351-6b3766146e5a: 22 groups; 1.3 s; peak memory 1336 MiB.
2026-10-06T19:01:20Z INFO [849/900] 565592ab-64cb-45c5-bf34-04d095bb058e: 35 groups; 1.5 s; peak memory 1336 MiB.
2026-10-06T19:01:37Z INFO [850/900] 5656e307-0450-45db-aa62-0a6182e0273c: 185 groups; 16.6 s; peak memory 1336 MiB.
2026-10-06T19:01:37Z INFO [850/900] 5656e307-0450-45db-aa62-0a6182e0273c: checkpointed 88586 records.
2026-10-06T19:01:38Z INFO [851/900] 56576cfd-f85b-4a5f-bd1d-b256f06cf367: 17 groups; 1.0 s; peak memory 1336 MiB.
2026-10-06T19:01:39Z INFO [852/900] 5658495b-e45a-45c1-b0b8-f92c28459704: 22 groups; 1.4 s; peak memory 1336 MiB.
2026-10-06T19:01:42Z INFO [853/900] 56586bc2-586d-45a0-8b85-a4df66ddd013: 337 groups; 2.3 s; peak memory 1336 MiB.
2026-10-06T19:02:01Z INFO [854/900] 56586e26-585d-466c-8ae4-fde5d3e7de11: 187 groups; 19.6 s; peak memory 1336 MiB.
2026-10-06T19:02:03Z INFO [855/900] 5658c2e2-0463-4341-b41c-3967139dd6a0: 22 groups; 1.4 s; peak memory 1336 MiB.
2026-10-06T19:02:04Z INFO [856/900] 56599377-d1aa-4e63-97dc-11fb9ad70ba4: 18 groups; 1.7 s; peak memory 1336 MiB.
2026-10-06T19:02:06Z INFO [857/900] 565a16ab-6a92-430e-97cf-72770693fd71: 22 groups; 1.4 s; peak memory 1336 MiB.
2026-10-06T19:02:07Z INFO [858/900] 565a3a78-68cf-4584-b668-d3c3e34aa43d: 32 groups; 1.6 s; peak memory 1336 MiB.
2026-10-06T19:02:10Z INFO [859/900] 565b85d5-eeae-4b7f-b979-e0833d14daf0: 336 groups; 2.6 s; peak memory 1336 MiB.
2026-10-06T19:02:11Z INFO [860/900] 565bf72e-6542-4fac-acd1-18afb5f917bc: 67 groups; 1.6 s; peak memory 1336 MiB.
2026-10-06T19:02:19Z INFO [861/900] 565c4e96-dd40-4b7c-bde2-531e8c881ebb: 181 groups; 7.4 s; peak memory 1336 MiB.
2026-10-06T19:02:20Z INFO [862/900] 565c75ce-ef01-40c0-b6f4-1dca446a7b34: 31 groups; 1.2 s; peak memory 1336 MiB.
2026-10-06T19:02:49Z INFO [863/900] 565c9542-6bbd-4c8e-a134-f454806c32e6: 117 groups; 29.4 s; peak memory 1336 MiB.
2026-10-06T19:03:25Z INFO [864/900] 565d8c55-b5cf-46f8-b95b-d8e5f8764335: 23 groups; 35.0 s; peak memory 1336 MiB.
2026-10-06T19:03:32Z INFO [865/900] 565da62b-0bab-4d01-9151-cfa30c2779ae: 110 groups; 7.1 s; peak memory 1336 MiB.
2026-10-06T19:04:19Z INFO [866/900] 565df09d-ead6-4179-9f93-4ac32062b8a8: 33 groups; 47.8 s; peak memory 1336 MiB.
2026-10-06T19:04:34Z INFO [867/900] 565df8ec-2182-4f71-9ff2-1e4d9ff60c63: 22 groups; 14.1 s; peak memory 1336 MiB.
2026-10-06T19:04:37Z INFO [868/900] 565e35a6-d637-4bfe-9a48-0a90f858659d: 48 groups; 3.4 s; peak memory 1336 MiB.
2026-10-06T19:04:38Z INFO [869/900] 565e5f7a-996d-4df9-8841-a30f48a8725b: 22 groups; 1.4 s; peak memory 1336 MiB.
2026-10-06T19:04:40Z INFO [870/900] 565eb65d-55f6-4c7c-ab2d-78dc589cfb04: 32 groups; 1.5 s; peak memory 1336 MiB.
2026-10-06T19:04:41Z INFO [871/900] 565fccda-e75e-4955-94ab-6cc906036887: 16 groups; 1.0 s; peak memory 1336 MiB.
2026-10-06T19:04:43Z INFO [872/900] 565ff39f-a4fb-4001-b0a1-6e90be4acd75: 22 groups; 1.7 s; peak memory 1336 MiB.
2026-10-06T19:04:44Z INFO [873/900] 5660a66c-e5b6-4783-ada7-b5b001054ead: 32 groups; 1.7 s; peak memory 1336 MiB.
2026-10-06T19:04:46Z INFO [874/900] 56617cb1-77e9-4399-92ec-e980b1bfd97a: 25 groups; 1.3 s; peak memory 1336 MiB.
2026-10-06T19:04:47Z INFO [875/900] 566233e3-2a5d-402b-a386-f6c388f3d3c2: 32 groups; 1.7 s; peak memory 1336 MiB.
2026-10-06T19:04:49Z INFO [876/900] 5662e3f0-2f7e-426a-84f4-4700933cf52a: 24 groups; 1.6 s; peak memory 1336 MiB.
2026-10-06T19:04:51Z INFO [877/900] 56630b42-f4d7-4816-a4e2-3d4a045469f9: 32 groups; 1.7 s; peak memory 1336 MiB.
2026-10-06T19:04:52Z INFO [878/900] 56642d46-09c4-40b7-9cce-321607a598e9: 26 groups; 1.2 s; peak memory 1336 MiB.
2026-10-06T19:07:58Z INFO [879/900] 5664a880-b0d9-4828-9659-967e00fc4827: 68 groups; 186.1 s; peak memory 1336 MiB.
2026-10-06T19:08:01Z INFO [880/900] 5664ae7a-18f8-4aa7-9786-a427a8d8db84: 54 groups; 3.2 s; peak memory 1336 MiB.
2026-10-06T19:08:03Z INFO [881/900] 5664db3a-3a3f-436f-af11-00a5d620c18c: 29 groups; 1.7 s; peak memory 1336 MiB.
2026-10-06T19:08:18Z INFO [882/900] 5666289a-3d2a-4d0f-be22-25b26f65ce29: 33 groups; 15.4 s; peak memory 1336 MiB.
2026-10-06T19:08:19Z INFO [883/900] 56666e4e-a2a4-427b-bfa2-a90dc81a6332: 22 groups; 1.3 s; peak memory 1336 MiB.
2026-10-06T19:08:33Z INFO [884/900] 5666c72a-4a17-4e01-870c-9a26e3bef7ef: 194 groups; 13.7 s; peak memory 1336 MiB.
2026-10-06T19:14:40Z INFO [885/900] 566804b6-f97b-4ee7-927a-87549060f1aa: 72 groups; 366.9 s; peak memory 1336 MiB.
2026-10-06T19:14:42Z INFO [886/900] 566896cb-c716-4fa9-9279-5b125812a184: 30 groups; 1.4 s; peak memory 1336 MiB.
2026-10-06T19:14:43Z INFO [887/900] 5668a730-9372-4def-8737-ff5953023239: 26 groups; 1.5 s; peak memory 1336 MiB.
2026-10-06T19:14:45Z INFO [888/900] 5668cebc-536d-4c67-bcfc-659ec6aae102: 32 groups; 1.7 s; peak memory 1336 MiB.
2026-10-06T19:14:57Z INFO [889/900] 5668e3d1-8188-4d6d-96f1-6109230a0f72: 36 groups; 12.4 s; peak memory 1336 MiB.
2026-10-06T19:15:00Z INFO [890/900] 5669763b-3a9f-4f15-8c7d-764a7b236185: 47 groups; 3.2 s; peak memory 1336 MiB.
2026-10-06T19:15:41Z INFO [891/900] 56699a40-a659-4b6d-b27d-9d92e72345c2: 23 groups; 40.4 s; peak memory 1336 MiB.
2026-10-06T19:15:46Z INFO [892/900] 5669c36a-59a0-48ca-a1fd-371ba1ca3ccc: 50 groups; 5.4 s; peak memory 1336 MiB.
2026-10-06T19:16:01Z INFO [893/900] 5669d2bd-6d8b-4abf-8b44-db2a0822b5f4: 33 groups; 15.2 s; peak memory 1336 MiB.
2026-10-06T19:16:03Z INFO [894/900] 5669e6ae-70a9-4418-a471-2960ec2db35a: 26 groups; 1.2 s; peak memory 1336 MiB.
2026-10-06T19:16:04Z INFO [895/900] 566a384b-aa14-4f9b-991c-2e35e0411b4d: 22 groups; 1.3 s; peak memory 1336 MiB.
2026-10-06T19:16:05Z INFO [896/900] 566a54a2-f0b1-4b29-8ed1-b72d5677e090: 19 groups; 1.3 s; peak memory 1336 MiB.
2026-10-06T19:16:09Z INFO [897/900] 566a8bd5-5a98-46a7-a40d-9bd1a0b1c230: 46 groups; 4.0 s; peak memory 1336 MiB.
2026-10-06T19:16:11Z INFO [898/900] 566ae3d6-fe9d-4e76-b7ff-52c513474d21: 22 groups; 1.4 s; peak memory 1336 MiB.
2026-10-06T19:16:13Z INFO [899/900] 566af0b6-b2df-439b-a734-cbb5413a772f: 207 groups; 2.3 s; peak memory 1336 MiB.
2026-10-06T19:16:15Z INFO [900/900] 566b698b-8e1b-4b4f-983d-cf2927999069: 32 groups; 1.8 s; peak memory 1336 MiB.
2026-10-06T19:16:15Z INFO [900/900] 566b698b-8e1b-4b4f-983d-cf2927999069: checkpointed 88636 records.
2026-10-06T19:16:15Z INFO Wrote 88636 records to /tmp/derivatives/valid_nwb_file_to_number_of_groups.jsonl (900 new, 0 failed) in 139.1 min (peak memory 1336 MiB).
