2026-10-03T17:25:53Z INFO Logging to /tmp/logs/update_2026-10-03T17-25-53Z.log.
2026-10-03T17:25:53Z INFO Update valid-nwb-file-to-number-of-groups (base directory /tmp).
2026-10-03T17:25:54Z INFO Processing 900 items (68836 already recorded).
2026-10-03T17:25:55Z INFO [1/900] 2d5b78aa-3036-4aef-998d-fd6be941363d: 21 groups; 1.2 s; peak memory 102 MiB.
2026-10-03T17:25:56Z INFO [2/900] 2d5bbb15-a728-46f5-9166-b38d9a872c88: 202 groups; 1.3 s; peak memory 104 MiB.
2026-10-03T17:26:01Z INFO [3/900] 2d5be0db-6482-4c3f-9107-49d7d4e41fe1: 47 groups; 4.4 s; peak memory 111 MiB.
2026-10-03T17:26:01Z INFO [4/900] 2d5be3c5-5dd4-4336-87e2-ecca3b245f70: 22 groups; 0.8 s; peak memory 112 MiB.
2026-10-03T17:26:03Z INFO [5/900] 2d5bec55-d5cb-4cb7-bf93-ecbc5cb0b079: 36 groups; 1.2 s; peak memory 112 MiB.
2026-10-03T17:26:03Z INFO [6/900] 2d5c9474-7b18-484d-a2d2-eba4bc7fe9a2: 25 groups; 0.8 s; peak memory 112 MiB.
2026-10-03T17:26:04Z INFO [7/900] 2d5cbf19-f41c-4bb5-a1f7-7d78e5a821a2: 32 groups; 1.0 s; peak memory 112 MiB.
2026-10-03T17:26:05Z INFO [8/900] 2d5d05ad-223c-4d62-a40e-28920f3ef800: 30 groups; 0.7 s; peak memory 112 MiB.
2026-10-03T17:26:06Z INFO [9/900] 2d5d70b2-4068-423e-a260-ded338b73f5f: 337 groups; 1.3 s; peak memory 113 MiB.
2026-10-03T17:26:07Z INFO [10/900] 2d5d7a3d-48d7-4671-bf72-a4f4895ca92d: 201 groups; 1.0 s; peak memory 113 MiB.
2026-10-03T17:26:08Z INFO [11/900] 2d5dc2e7-fc72-49da-9e09-51541d389c4f: 27 groups; 0.8 s; peak memory 113 MiB.
2026-10-03T17:26:10Z INFO [12/900] 2d5dea5c-d9ce-4f10-990b-8b5b6bec5b46: 50 groups; 2.1 s; peak memory 113 MiB.
2026-10-03T17:26:11Z INFO [13/900] 2d5e248c-bdf0-40e8-9a19-143e7bd89c0b: 29 groups; 0.8 s; peak memory 113 MiB.
2026-10-03T17:26:12Z INFO [14/900] 2d5ef1f9-66fd-4ba4-a8de-b7dec514b45f: 17 groups; 0.6 s; peak memory 113 MiB.
2026-10-03T17:26:12Z INFO [15/900] 2d5f6044-fa38-4800-b1ca-c49b1a81b5b6: 22 groups; 0.7 s; peak memory 113 MiB.
2026-10-03T17:26:14Z INFO [16/900] 2d5fa894-8b00-4607-9623-60e05ed0980a: 48 groups; 1.7 s; peak memory 113 MiB.
2026-10-03T17:26:23Z INFO [17/900] 2d5fec56-acf7-42b2-b6c6-76e3c196791f: 302 groups; 8.5 s; peak memory 146 MiB.
2026-10-03T17:26:24Z INFO [18/900] 2d5ffddf-6596-4111-ae47-2b3d6fb5c61e: 35 groups; 1.1 s; peak memory 146 MiB.
2026-10-03T17:26:25Z INFO [19/900] 2d601214-d5ca-4f7e-8c31-aca0288c6d98: 32 groups; 0.9 s; peak memory 147 MiB.
2026-10-03T17:26:26Z INFO [20/900] 2d609599-6cfa-4dd1-b323-443aa14a65bd: 32 groups; 0.9 s; peak memory 147 MiB.
2026-10-03T17:26:26Z INFO [21/900] 2d63beee-689c-4528-8b4c-4ca7a7db6bf4: 33 groups; 0.9 s; peak memory 147 MiB.
2026-10-03T17:26:33Z INFO [22/900] 2d64531b-b6fb-46c5-973f-f371468a5c87: 190 groups; 6.8 s; peak memory 151 MiB.
2026-10-03T17:26:34Z INFO [23/900] 2d645d00-0cd3-4161-be9c-ea20e66c4858: 99 groups; 0.8 s; peak memory 151 MiB.
2026-10-03T17:26:36Z INFO [24/900] 2d659dae-e8bf-4175-adba-d2367da0727f: 73 groups; 1.9 s; peak memory 151 MiB.
2026-10-03T17:26:42Z INFO [25/900] 2d65f764-7601-4655-94e0-171fde0cc244: 190 groups; 5.8 s; peak memory 151 MiB.
2026-10-03T17:26:43Z INFO [26/900] 2d664dce-daa5-4f44-98ff-a2b096796e1d: 252 groups; 0.9 s; peak memory 151 MiB.
2026-10-03T17:26:44Z INFO [27/900] 2d66d572-258c-4d16-8572-c200975a6dda: 35 groups; 1.0 s; peak memory 151 MiB.
2026-10-03T17:26:47Z INFO [28/900] 2d66ece4-424a-4979-af62-6e595e19b2a0: 131 groups; 3.3 s; peak memory 151 MiB.
2026-10-03T17:26:52Z INFO [29/900] 2d6766ab-bcec-4bdd-8e09-106c07d4b3cd: 66 groups; 4.5 s; peak memory 151 MiB.
2026-10-03T17:26:53Z INFO [30/900] 2d68059c-a30f-4b9c-9cd9-13e079517430: 42 groups; 1.0 s; peak memory 151 MiB.
2026-10-03T17:26:54Z INFO [31/900] 2d6839cf-d00f-497a-9663-b695a50ab524: 34 groups; 1.1 s; peak memory 151 MiB.
2026-10-03T17:26:54Z INFO [32/900] 2d688875-e51d-49cb-bfb1-106247700df8: 22 groups; 0.8 s; peak memory 151 MiB.
2026-10-03T17:26:55Z INFO [33/900] 2d688e7f-e930-4b85-a31e-b978c1843193: 22 groups; 0.7 s; peak memory 151 MiB.
2026-10-03T17:26:57Z INFO [34/900] 2d6940ef-a4a3-473d-9ca7-b12a2a8e24bc: 17 groups; 1.5 s; peak memory 151 MiB.
2026-10-03T17:26:57Z INFO [35/900] 2d69a65d-2d3d-4d6c-85f6-5dcf18a9f4e1: 32 groups; 0.8 s; peak memory 151 MiB.
2026-10-03T17:26:58Z INFO [36/900] 2d69ee7e-ecca-41b9-a49c-691c5a4bbcde: 257 groups; 0.9 s; peak memory 151 MiB.
2026-10-03T17:26:59Z INFO [37/900] 2d6a37be-b386-4d5f-86c3-5c79223d9a30: 28 groups; 0.7 s; peak memory 151 MiB.
2026-10-03T17:27:00Z INFO [38/900] 2d6ac79d-9f28-480b-a316-fe2a95c6110b: 22 groups; 0.7 s; peak memory 151 MiB.
2026-10-03T17:27:03Z INFO [39/900] 2d6b384a-ecaa-4fd6-addd-300a10b2e471: 181 groups; 3.7 s; peak memory 151 MiB.
2026-10-03T17:27:04Z INFO [40/900] 2d6b8b17-1c51-4fc9-80b5-8ce8d18347e0: 22 groups; 0.6 s; peak memory 151 MiB.
2026-10-03T17:27:05Z INFO [41/900] 2d6bb749-355f-4db1-99fa-30dfc641aede: 32 groups; 0.8 s; peak memory 151 MiB.
2026-10-03T17:27:06Z INFO [42/900] 2d6c4d52-d602-4164-a0e5-b435b19d2739: 22 groups; 0.8 s; peak memory 151 MiB.
2026-10-03T17:27:07Z INFO [43/900] 2d6d3e0b-0de1-4195-8ce3-6c69714cfe07: 203 groups; 1.3 s; peak memory 152 MiB.
2026-10-03T17:27:08Z INFO [44/900] 2d6d8ea7-016f-41cb-9705-794db91a8628: 22 groups; 0.8 s; peak memory 152 MiB.
2026-10-03T17:27:09Z INFO [45/900] 2d6edabf-27b2-4dbe-99c8-8a41ab6398ca: 22 groups; 0.8 s; peak memory 152 MiB.
2026-10-03T17:27:09Z INFO [46/900] 2d6edf30-f66a-4676-aa6e-ef0dc2c6491d: 17 groups; 0.7 s; peak memory 152 MiB.
2026-10-03T17:27:10Z INFO [47/900] 2d6f8934-1a02-4025-8d6c-b8168b6ff4b4: 22 groups; 0.7 s; peak memory 152 MiB.
2026-10-03T17:27:11Z INFO [48/900] 2d703e03-0290-4f0c-b280-c1f9a7e0a5b8: 22 groups; 0.7 s; peak memory 152 MiB.
2026-10-03T17:27:11Z INFO [49/900] 2d70ddd1-d328-4057-a0c7-e8ab7560003c: 22 groups; 0.8 s; peak memory 152 MiB.
2026-10-03T17:27:12Z INFO [50/900] 2d71126a-07bb-4201-9a9a-8cb5e0c743a3: 22 groups; 0.7 s; peak memory 152 MiB.
2026-10-03T17:27:12Z INFO [50/900] 2d71126a-07bb-4201-9a9a-8cb5e0c743a3: checkpointed 68886 records.
2026-10-03T17:27:13Z INFO [51/900] 2d711d79-eed1-404b-8399-073a2e997404: 103 groups; 0.9 s; peak memory 152 MiB.
2026-10-03T17:27:14Z INFO [52/900] 2d71f9e1-3476-4947-895a-851fb8b75555: 16 groups; 0.5 s; peak memory 152 MiB.
2026-10-03T17:27:14Z INFO [53/900] 2d720e80-f091-463b-afd8-7c68e5bc7d16: 22 groups; 0.8 s; peak memory 152 MiB.
2026-10-03T17:27:18Z INFO [54/900] 2d7219cc-5dcc-4e0b-9b2a-ae370e377816: 105 groups; 3.7 s; peak memory 152 MiB.
2026-10-03T17:27:19Z INFO [55/900] 2d72712d-9150-4c88-9824-3dcca387961b: 22 groups; 0.8 s; peak memory 152 MiB.
2026-10-03T17:27:20Z INFO [56/900] 2d72cdd8-9759-49da-9784-c832ce4aec03: 17 groups; 1.4 s; peak memory 152 MiB.
2026-10-03T17:27:21Z INFO [57/900] 2d73cdb0-b963-4e08-b9f6-006f06e5fde1: 33 groups; 0.6 s; peak memory 152 MiB.
2026-10-03T17:27:22Z INFO [58/900] 2d73ecc1-ff7a-4dd7-b3f8-47575d33fe0d: 18 groups; 0.7 s; peak memory 152 MiB.
2026-10-03T17:27:23Z INFO [59/900] 2d745019-235a-41b7-a8f4-bedc9054a0ff: 199 groups; 1.2 s; peak memory 152 MiB.
2026-10-03T17:27:24Z INFO [60/900] 2d7656b8-247f-4baf-83f3-8bffa14b2be8: 336 groups; 1.3 s; peak memory 152 MiB.
2026-10-03T17:27:25Z INFO [61/900] 2d76c9ca-8940-4c3d-986f-fa6e783525c6: 32 groups; 0.8 s; peak memory 152 MiB.
2026-10-03T17:27:25Z INFO [62/900] 2d77211d-d936-4b93-8273-7ba6d9f6fe65: 22 groups; 0.6 s; peak memory 152 MiB.
2026-10-03T17:27:26Z INFO [63/900] 2d7761d1-430c-4676-92cc-7b696330f26b: 22 groups; 0.7 s; peak memory 152 MiB.
2026-10-03T17:27:27Z INFO [64/900] 2d776de4-e068-4a98-a209-5a8dfcfb3c5a: 22 groups; 0.7 s; peak memory 152 MiB.
2026-10-03T17:27:29Z INFO [65/900] 2d77b3a7-7183-4b1e-a7ba-6c8d24c6ffcd: 73 groups; 1.7 s; peak memory 152 MiB.
2026-10-03T17:27:32Z INFO [66/900] 2d786e57-d959-4ffd-8a9f-504302092a23: 73 groups; 3.6 s; peak memory 152 MiB.
2026-10-03T17:27:33Z INFO [67/900] 2d787bbb-6a7d-4c43-97b4-047bf501c732: 22 groups; 0.9 s; peak memory 152 MiB.
2026-10-03T17:27:34Z INFO [68/900] 2d79f9e7-a060-4da0-80f2-950b5673f974: 34 groups; 0.9 s; peak memory 152 MiB.
2026-10-03T17:27:34Z INFO [69/900] 2d7b1450-8795-437d-9f52-350b308d0c5d: 22 groups; 0.5 s; peak memory 152 MiB.
2026-10-03T17:27:35Z INFO [70/900] 2d7b7dd4-7cc1-4dc0-8840-49ffc2bd5dc6: 32 groups; 0.9 s; peak memory 152 MiB.
2026-10-03T17:27:36Z INFO [71/900] 2d7cdf59-7b1c-4164-b929-a2543338dc29: 22 groups; 0.7 s; peak memory 152 MiB.
2026-10-03T17:27:37Z INFO [72/900] 2d7d76e8-6a3e-4dc6-9626-8b3bc6b87784: 22 groups; 0.6 s; peak memory 152 MiB.
2026-10-03T17:27:37Z INFO [73/900] 2d7d9eb2-cd84-4830-956e-790edfca9149: 22 groups; 0.8 s; peak memory 152 MiB.
2026-10-03T17:27:38Z INFO [74/900] 2d7e5001-8040-47a7-b3ef-f781a5e87987: 104 groups; 1.0 s; peak memory 152 MiB.
2026-10-03T17:27:41Z INFO [75/900] 2d7ead8c-a47a-4e9b-b5d7-fe251b13249f: 87 groups; 2.2 s; peak memory 152 MiB.
2026-10-03T17:27:43Z INFO [76/900] 2d7f7d48-cf9c-43a8-ad4c-9b871d4966c1: 50 groups; 1.9 s; peak memory 152 MiB.
2026-10-03T17:27:43Z INFO [77/900] 2d7fcf45-6b8e-4af5-823a-2e43a962795c: 16 groups; 0.5 s; peak memory 152 MiB.
2026-10-03T17:27:44Z INFO [78/900] 2d801315-5bca-4af2-9c61-b879b9de34d4: 32 groups; 0.8 s; peak memory 152 MiB.
2026-10-03T17:27:45Z INFO [79/900] 2d801bd6-dd45-4928-be1c-014238afaef7: 36 groups; 1.2 s; peak memory 152 MiB.
2026-10-03T17:27:46Z INFO [80/900] 2d803bfc-2308-43f6-a2f2-28551e27b75b: 32 groups; 0.8 s; peak memory 152 MiB.
2026-10-03T17:27:47Z INFO [81/900] 2d812477-4ed6-4927-b4a8-bacf4bd2da27: 33 groups; 1.0 s; peak memory 152 MiB.
2026-10-03T17:27:47Z INFO [82/900] 2d8124c7-9b4a-458c-8d1e-4077fffea7a3: 29 groups; 0.5 s; peak memory 152 MiB.
2026-10-03T17:27:48Z INFO [83/900] 2d81289d-9fe5-4f10-bfa3-872e1733cdae: 27 groups; 0.9 s; peak memory 152 MiB.
2026-10-03T17:27:49Z INFO [84/900] 2d81296d-6ca2-4148-be87-de9d5853db22: 22 groups; 0.7 s; peak memory 152 MiB.
2026-10-03T17:27:50Z INFO [85/900] 2d819acd-eb0f-447b-826b-6715d1238a15: 35 groups; 1.0 s; peak memory 152 MiB.
2026-10-03T17:27:51Z INFO [86/900] 2d821d2e-38b7-405a-af54-d880013b6278: 23 groups; 0.6 s; peak memory 152 MiB.
2026-10-03T17:27:52Z INFO [87/900] 2d821f46-b9ad-4bad-a4d2-bc6946518651: 32 groups; 0.9 s; peak memory 152 MiB.
2026-10-03T17:27:52Z INFO [88/900] 2d82398d-33c6-442b-a93b-c09d1f106a42: 32 groups; 0.8 s; peak memory 152 MiB.
2026-10-03T17:27:53Z INFO [89/900] 2d825e43-b4c3-43a9-9cdb-8eb877170ef6: 22 groups; 0.7 s; peak memory 152 MiB.
2026-10-03T17:27:54Z INFO [90/900] 2d8307dc-40ea-46cf-8bf6-5d1294cf9db5: 35 groups; 1.1 s; peak memory 152 MiB.
2026-10-03T17:27:55Z INFO [91/900] 2d835ddd-52a9-4f9c-ac18-f85452fff2e0: 16 groups; 0.5 s; peak memory 152 MiB.
2026-10-03T17:27:55Z INFO [92/900] 2d83629c-2713-4687-9eed-eff4a719b876: 32 groups; 0.7 s; peak memory 152 MiB.
2026-10-03T17:27:57Z INFO [93/900] 2d84c2f9-d6ef-4041-9367-57fc18d3b2f6: 54 groups; 1.7 s; peak memory 152 MiB.
2026-10-03T17:27:58Z INFO [94/900] 2d851eae-fe05-42b0-a0f0-459e8988b07d: 195 groups; 0.9 s; peak memory 152 MiB.
2026-10-03T17:27:59Z INFO [95/900] 2d858195-78de-4fb4-9a8b-b6eaacf87220: 22 groups; 0.8 s; peak memory 152 MiB.
2026-10-03T17:28:00Z INFO [96/900] 2d86138b-4da6-40b1-921a-cc9e5f95470a: 26 groups; 0.7 s; peak memory 152 MiB.
2026-10-03T17:28:01Z INFO [97/900] 2d862663-9b68-4d4c-97f7-25944e363fbf: 33 groups; 1.0 s; peak memory 152 MiB.
2026-10-03T17:28:02Z INFO [98/900] 2d864cde-05c5-4417-92b7-5b8d611aa174: 35 groups; 1.0 s; peak memory 152 MiB.
2026-10-03T17:28:02Z INFO [99/900] 2d866c1d-6905-4214-ab82-81cda409a79d: 23 groups; 0.8 s; peak memory 152 MiB.
2026-10-03T17:28:08Z INFO [100/900] 2d86c2d0-48d5-4cb9-9f6e-2eb4260bd450: 262 groups; 5.6 s; peak memory 152 MiB.
2026-10-03T17:28:08Z INFO [100/900] 2d86c2d0-48d5-4cb9-9f6e-2eb4260bd450: checkpointed 68936 records.
2026-10-03T17:28:15Z INFO [101/900] 2d86e08b-d81f-432d-9b0e-67e5e0452d3f: 277 groups; 7.3 s; peak memory 152 MiB.
2026-10-03T17:28:16Z INFO [102/900] 2d880099-a3db-41a6-9795-2b1f1e33799e: 254 groups; 1.0 s; peak memory 152 MiB.
2026-10-03T17:28:26Z INFO [103/900] 2d8868d9-9412-430f-819a-cd0ba513aa5b: 17 groups; 10.1 s; peak memory 154 MiB.
2026-10-03T17:28:44Z INFO [104/900] 2d89720b-f51a-4b42-a19e-686596ed4d4c: 402 groups; 17.3 s; peak memory 186 MiB.
2026-10-03T17:28:45Z INFO [105/900] 2d899c3d-20c8-4972-84be-e4d62ea3ab57: 32 groups; 0.8 s; peak memory 186 MiB.
2026-10-03T17:28:49Z INFO [106/900] 2d8b0de0-d977-4c47-9e78-d98ac012a05e: 176 groups; 4.8 s; peak memory 186 MiB.
2026-10-03T17:28:50Z INFO [107/900] 2d8b33d1-beff-4c91-9bca-ab02a3e3747d: 32 groups; 0.9 s; peak memory 186 MiB.
2026-10-03T17:28:51Z INFO [108/900] 2d8be6f0-996f-431a-83f2-bdd22267803d: 28 groups; 0.7 s; peak memory 186 MiB.
2026-10-03T17:28:56Z INFO [109/900] 2d8c3fbe-9158-4e64-b2e4-6c2c3c5e8271: 102 groups; 4.6 s; peak memory 186 MiB.
2026-10-03T17:28:57Z INFO [110/900] 2d8cb2e6-ec89-483b-bf8e-92a3003f8e66: 32 groups; 1.4 s; peak memory 186 MiB.
2026-10-03T17:28:58Z INFO [111/900] 2d8ccc0c-8ae8-45b0-bec7-7606f97c04dc: 22 groups; 0.8 s; peak memory 186 MiB.
2026-10-03T17:28:59Z INFO [112/900] 2d8d6cec-b7b7-4efc-ac1c-124b7222e511: 22 groups; 0.8 s; peak memory 186 MiB.
2026-10-03T17:28:59Z INFO [113/900] 2d8dda09-bc2d-4be7-b544-84796128b4f7: 22 groups; 0.7 s; peak memory 186 MiB.
2026-10-03T17:29:00Z INFO [114/900] 2d8e8445-6728-4773-9611-c3c495deeb00: 22 groups; 0.8 s; peak memory 186 MiB.
2026-10-03T17:29:01Z INFO [115/900] 2d8ed670-a809-4aa4-a231-acc2ed11226b: 34 groups; 0.9 s; peak memory 186 MiB.
2026-10-03T17:29:03Z INFO [116/900] 2d8f43ba-c5f0-4ec8-8cb9-2e8efe04d03a: 202 groups; 1.8 s; peak memory 186 MiB.
2026-10-03T17:29:08Z INFO [117/900] 2d8fab9b-e5ac-460a-bc4b-ea69f8ec7394: 70 groups; 5.0 s; peak memory 186 MiB.
2026-10-03T17:29:09Z INFO [118/900] 2d900eed-733d-49a2-850f-e0d865f903d9: 32 groups; 0.9 s; peak memory 186 MiB.
2026-10-03T17:29:12Z INFO [119/900] 2d903ebf-062f-45c0-81d8-a28b493262e6: 135 groups; 3.4 s; peak memory 186 MiB.
2026-10-03T17:29:13Z INFO [120/900] 2d904e3b-773c-4f4e-bce7-b6ba7cc87a06: 35 groups; 1.0 s; peak memory 186 MiB.
2026-10-03T17:29:14Z INFO [121/900] 2d90706c-8723-41b5-b094-2a65b3d653ba: 22 groups; 0.7 s; peak memory 186 MiB.
2026-10-03T17:29:15Z INFO [122/900] 2d907e7a-a52d-499a-8342-df134b5570bd: 22 groups; 0.9 s; peak memory 186 MiB.
2026-10-03T17:29:16Z INFO [123/900] 2d908c8c-2ddf-4216-be1d-0d73ce2d4de2: 35 groups; 0.9 s; peak memory 186 MiB.
2026-10-03T17:29:17Z INFO [124/900] 2d90f423-41a0-4e8d-8bf9-56056fbe97bf: 32 groups; 0.9 s; peak memory 186 MiB.
2026-10-03T17:29:18Z INFO [125/900] 2d92257c-80f8-45fc-96ac-798d79f5e530: 35 groups; 1.1 s; peak memory 186 MiB.
2026-10-03T17:29:19Z INFO [126/900] 2d94ae97-5b9b-437a-a5fa-5ae18e69bad9: 48 groups; 1.7 s; peak memory 186 MiB.
2026-10-03T17:29:20Z INFO [127/900] 2d95c506-14a1-4c27-a046-66d87fe1ecca: 32 groups; 0.8 s; peak memory 186 MiB.
2026-10-03T17:29:21Z INFO [128/900] 2d95e45f-4bd7-4d34-9634-a2c8c393bbf3: 203 groups; 1.0 s; peak memory 186 MiB.
2026-10-03T17:29:23Z INFO [129/900] 2d966913-dbd0-49b4-aa22-b781cd055974: 48 groups; 2.1 s; peak memory 186 MiB.
2026-10-03T17:29:28Z INFO [130/900] 2d968ac8-477d-4e9d-9a56-f539304553b2: 138 groups; 4.5 s; peak memory 186 MiB.
2026-10-03T17:29:28Z INFO [131/900] 2d97b37b-ed3c-4284-ae2a-9f47f09f3778: 29 groups; 0.5 s; peak memory 186 MiB.
2026-10-03T17:29:29Z INFO [132/900] 2d99636d-6d7d-4d5a-a5ab-099cc1af4896: 32 groups; 0.8 s; peak memory 186 MiB.
2026-10-03T17:29:30Z INFO [133/900] 2d998d06-8809-4a40-9561-e63bc3153a5e: 32 groups; 0.8 s; peak memory 186 MiB.
2026-10-03T17:29:31Z INFO [134/900] 2d99f1f6-cf9c-49a1-ae05-14ae8d90cd54: 22 groups; 0.7 s; peak memory 186 MiB.
2026-10-03T17:29:33Z INFO [135/900] 2d9a71eb-88b2-40f7-a749-0979cc516d22: 50 groups; 2.1 s; peak memory 186 MiB.
2026-10-03T17:29:34Z INFO [136/900] 2d9ab11a-7360-4ebe-8867-2a83fc79785a: 203 groups; 1.0 s; peak memory 186 MiB.
2026-10-03T17:29:35Z INFO [137/900] 2d9b20f7-5b0e-44f4-b039-be7a8dc5ace7: 48 groups; 1.7 s; peak memory 186 MiB.
2026-10-03T17:29:36Z INFO [138/900] 2d9b43a0-4724-40ef-aa93-e2e361db4820: 18 groups; 0.7 s; peak memory 186 MiB.
2026-10-03T17:29:37Z INFO [139/900] 2d9c516b-f7f2-4c9c-94fa-c7be388198d6: 22 groups; 0.8 s; peak memory 186 MiB.
2026-10-03T17:29:38Z INFO [140/900] 2d9d1e07-e36e-42ac-9e33-7d79b144f90f: 32 groups; 0.9 s; peak memory 186 MiB.
2026-10-03T17:29:59Z INFO [141/900] 2d9f7585-247d-449f-9098-f58526b68bd3: 23 groups; 21.0 s; peak memory 186 MiB.
2026-10-03T17:30:00Z INFO [142/900] 2d9fe19d-438f-4faf-aa96-99d7593568fc: 35 groups; 1.0 s; peak memory 186 MiB.
2026-10-03T17:30:01Z INFO [143/900] 2da0a687-008e-44ae-8038-bd9ed81b8556: 22 groups; 0.7 s; peak memory 186 MiB.
2026-10-03T17:30:30Z INFO [144/900] 2da0c6f5-ab27-413a-ab14-20f5fbe7a014: 4849 groups; 29.2 s; peak memory 344 MiB.
2026-10-03T17:30:35Z INFO [145/900] 2da0e9ac-845b-44f0-bc4b-b4a51669586f: 67 groups; 5.0 s; peak memory 344 MiB.
2026-10-03T17:30:36Z INFO [146/900] 2da200df-a879-4220-9a64-b95c2164d4b0: 194 groups; 1.1 s; peak memory 344 MiB.
2026-10-03T17:31:26Z INFO [147/900] 2da22a9c-f6b1-430c-a4d4-bfa7d3c643a6: 27 groups; 49.9 s; peak memory 344 MiB.
2026-10-03T17:31:27Z INFO [148/900] 2da28bcf-aad8-47a9-ad91-547d6f590a5d: 22 groups; 0.8 s; peak memory 344 MiB.
2026-10-03T17:57:29Z INFO [149/900] 2da2bc28-f73f-4eb9-bf9b-b8ddcf7b41af: 488 groups; 1562.4 s; peak memory 1155 MiB.
2026-10-03T17:57:30Z INFO [150/900] 2da31023-c60a-49af-bd79-90d56a26aa00: 24 groups; 0.9 s; peak memory 1155 MiB.
2026-10-03T17:57:30Z INFO [150/900] 2da31023-c60a-49af-bd79-90d56a26aa00: checkpointed 68986 records.
2026-10-03T17:57:31Z INFO [151/900] 2da364cd-e4fb-4065-acd5-dd5a5a876209: 22 groups; 0.8 s; peak memory 1155 MiB.
2026-10-03T17:57:32Z INFO [152/900] 2da3c07f-5fe5-4814-ad98-6ca00f99ad44: 32 groups; 1.0 s; peak memory 1155 MiB.
2026-10-03T17:57:34Z INFO [153/900] 2da3c3f2-a095-4d2e-ad83-69313ddca13f: 54 groups; 2.0 s; peak memory 1155 MiB.
2026-10-03T17:57:36Z INFO [154/900] 2da3ca71-7099-4725-a20d-47ba3155d39a: 50 groups; 2.0 s; peak memory 1155 MiB.
2026-10-03T17:57:37Z INFO [155/900] 2da3e092-52d5-40f3-83d2-5d3891e86b9e: 35 groups; 1.1 s; peak memory 1155 MiB.
2026-10-03T17:57:38Z INFO [156/900] 2da435f6-9399-41de-ab58-482808dd4bc7: 256 groups; 0.8 s; peak memory 1155 MiB.
2026-10-03T17:58:04Z INFO [157/900] 2da4b342-e815-4ab5-94de-2301714cf0c9: 102 groups; 25.9 s; peak memory 1155 MiB.
2026-10-03T17:58:18Z INFO [158/900] 2da55030-711c-4951-8081-fab3a79d8288: 226 groups; 13.9 s; peak memory 1155 MiB.
2026-10-03T17:58:41Z INFO [159/900] 2da6d3f9-4a66-42c3-91a8-f4f0a739b554: 23 groups; 23.1 s; peak memory 1155 MiB.
2026-10-03T17:58:41Z INFO [160/900] 2da79ec7-5559-403a-86c8-ab395ca7f755: 31 groups; 0.7 s; peak memory 1155 MiB.
2026-10-03T17:58:42Z INFO [161/900] 2da7bfbd-8d9d-4be9-be88-280b1411cd59: 22 groups; 0.7 s; peak memory 1155 MiB.
2026-10-03T17:58:43Z INFO [162/900] 2daa620c-49b0-4431-a722-060b829ada1c: 31 groups; 0.7 s; peak memory 1155 MiB.
2026-10-03T17:58:44Z INFO [163/900] 2daaf56d-023b-41a6-8ae2-c7e8bdc7734a: 25 groups; 0.9 s; peak memory 1155 MiB.
2026-10-03T17:58:44Z INFO [164/900] 2dab033a-32e5-492f-b66d-32e2c8c61756: 17 groups; 0.8 s; peak memory 1155 MiB.
2026-10-03T17:58:45Z INFO [165/900] 2dab515d-c42e-4208-b622-13d2ff73e277: 22 groups; 0.7 s; peak memory 1155 MiB.
2026-10-03T17:58:46Z INFO [166/900] 2dab8829-9af9-457e-84c2-c76c288420f6: 22 groups; 0.7 s; peak memory 1155 MiB.
2026-10-03T17:58:56Z INFO [167/900] 2dabbc3e-fbf3-4bc3-a858-b9447c698cbf: 157 groups; 10.3 s; peak memory 1155 MiB.
2026-10-03T17:59:03Z INFO [168/900] 2dac1615-eed1-4847-a69a-c6bb7b38985c: 33 groups; 6.8 s; peak memory 1155 MiB.
2026-10-03T17:59:04Z INFO [169/900] 2dac4c4e-5791-4eb4-b6a9-372541e892e6: 194 groups; 0.9 s; peak memory 1155 MiB.
2026-10-03T17:59:05Z INFO [170/900] 2dacc3b2-7dd4-4693-be96-b21a9ad61491: 22 groups; 0.8 s; peak memory 1155 MiB.
2026-10-03T17:59:05Z INFO [171/900] 2dace050-ccc2-4e2e-bc18-c57feead7a4f: 22 groups; 0.7 s; peak memory 1155 MiB.
2026-10-03T17:59:06Z INFO [172/900] 2dade966-133f-47b0-949a-835bac239578: 22 groups; 0.8 s; peak memory 1155 MiB.
2026-10-03T17:59:16Z INFO [173/900] 2dadf05a-6499-4aef-948f-88f265619071: 430 groups; 9.8 s; peak memory 1155 MiB.
2026-10-03T17:59:16Z INFO [174/900] 2dae577c-f938-4641-a644-fb0b085fa674: 24 groups; 0.7 s; peak memory 1155 MiB.
2026-10-03T17:59:17Z INFO [175/900] 2daf0627-a174-4222-99ff-22b4f7473572: 35 groups; 0.9 s; peak memory 1155 MiB.
2026-10-03T17:59:30Z INFO [176/900] 2daf16aa-bdc9-4f7a-8fed-d0825029e37b: 217 groups; 13.0 s; peak memory 1155 MiB.
2026-10-03T17:59:32Z INFO [177/900] 2db043c7-64fb-47ca-8c6f-f4c18eaf9b3a: 96 groups; 2.0 s; peak memory 1155 MiB.
2026-10-03T17:59:33Z INFO [178/900] 2db0f509-24eb-408f-9104-28df2cec67ff: 25 groups; 1.0 s; peak memory 1155 MiB.
2026-10-03T17:59:43Z INFO [179/900] 2db15ad2-9dd3-4a53-b5b5-adedebbbc860: 590 groups; 9.4 s; peak memory 1155 MiB.
2026-10-03T17:59:43Z INFO [180/900] 2db1ecb6-6c22-43a3-989a-464f34c310c5: 28 groups; 0.6 s; peak memory 1155 MiB.
2026-10-03T17:59:45Z INFO [181/900] 2db2f006-a622-44a4-9043-2921e146ef48: 31 groups; 1.1 s; peak memory 1155 MiB.
2026-10-03T17:59:45Z INFO [182/900] 2db3a2c0-59f0-491c-9ab2-5a2a8ca5b96c: 22 groups; 0.7 s; peak memory 1155 MiB.
2026-10-03T17:59:46Z INFO [183/900] 2db3a733-fbba-4787-91a0-85d7b7962d22: 22 groups; 0.7 s; peak memory 1155 MiB.
2026-10-03T17:59:51Z INFO [184/900] 2db45377-3231-4f5d-818c-3b29f8956db3: 191 groups; 4.8 s; peak memory 1155 MiB.
2026-10-03T17:59:54Z INFO [185/900] 2db45da6-0d3f-4784-810b-afd56bbaf2c6: 49 groups; 2.9 s; peak memory 1155 MiB.
2026-10-03T17:59:55Z INFO [186/900] 2db46a65-157d-4bc7-9179-9b3bf8d7a5c6: 103 groups; 0.8 s; peak memory 1155 MiB.
2026-10-03T17:59:56Z INFO [187/900] 2db51501-9606-4e3b-a975-ebecc5bf992d: 25 groups; 1.0 s; peak memory 1155 MiB.
2026-10-03T17:59:56Z INFO [188/900] 2db54bbe-457d-4e8c-ba21-6cb9ca73ef30: 16 groups; 0.5 s; peak memory 1155 MiB.
2026-10-03T17:59:57Z INFO [189/900] 2db5bfc0-2865-400b-abca-6280178c3d38: 41 groups; 1.0 s; peak memory 1155 MiB.
2026-10-03T17:59:59Z INFO [190/900] 2db5c0f0-32e8-4284-acc4-f9c0614f813f: 50 groups; 2.0 s; peak memory 1155 MiB.
2026-10-03T18:00:00Z INFO [191/900] 2db6cccf-d3d4-41e8-8372-b777ddcbf318: 22 groups; 0.7 s; peak memory 1155 MiB.
2026-10-03T18:00:01Z INFO [192/900] 2db6eef4-62f5-43d9-98bd-a92ca88877c3: 35 groups; 1.1 s; peak memory 1155 MiB.
2026-10-03T18:00:01Z INFO [193/900] 2db74fa3-01c5-466a-ad7e-5c5308282c45: 16 groups; 0.5 s; peak memory 1155 MiB.
2026-10-03T18:00:02Z INFO [194/900] 2db7d399-77fb-4760-bfb7-9c763aee2be6: 35 groups; 0.9 s; peak memory 1155 MiB.
2026-10-03T18:00:03Z INFO [195/900] 2db8ac0e-050e-4e64-9a65-5d1a0d8a66b6: 22 groups; 0.6 s; peak memory 1155 MiB.
2026-10-03T18:00:04Z INFO [196/900] 2db9d0af-8972-48a3-ae85-6dc6cf6e7424: 253 groups; 1.0 s; peak memory 1155 MiB.
2026-10-03T18:00:05Z INFO [197/900] 2dba1be1-efea-41c6-86c7-171b898bccba: 33 groups; 1.0 s; peak memory 1155 MiB.
2026-10-03T18:00:06Z INFO [198/900] 2dbbc577-3a04-4448-b911-14221d45bc33: 22 groups; 0.7 s; peak memory 1155 MiB.
2026-10-03T18:00:07Z INFO [199/900] 2dbbec5a-41bb-4bb6-8b2a-33f9cafabb0c: 39 groups; 1.0 s; peak memory 1155 MiB.
2026-10-03T18:00:08Z INFO [200/900] 2dbbfd55-f58d-4fef-8cab-ccdbcafaec3b: 35 groups; 1.0 s; peak memory 1155 MiB.
2026-10-03T18:00:08Z INFO [200/900] 2dbbfd55-f58d-4fef-8cab-ccdbcafaec3b: checkpointed 69036 records.
2026-10-03T18:00:09Z INFO [201/900] 2dbc4a42-f0ca-42e1-8bdf-162025e665df: 195 groups; 1.7 s; peak memory 1155 MiB.
2026-10-03T18:00:10Z INFO [202/900] 2dbe0d10-1b1f-467f-a623-ac41f74d945d: 28 groups; 0.7 s; peak memory 1155 MiB.
2026-10-03T18:00:14Z INFO [203/900] 2dbe17dc-33e0-4e5c-a801-4393b4c95bee: 75 groups; 3.6 s; peak memory 1155 MiB.
2026-10-03T18:00:14Z INFO [204/900] 2dbeddc8-9b09-4767-b273-a2719b881d19: 22 groups; 0.7 s; peak memory 1155 MiB.
2026-10-03T18:00:15Z INFO [205/900] 2dbf26cb-446d-48c5-b0e6-fa7f9b113785: 22 groups; 0.8 s; peak memory 1155 MiB.
2026-10-03T18:00:16Z INFO [206/900] 2dc01ab7-1cf8-4f9a-923d-671742050c2d: 32 groups; 0.8 s; peak memory 1155 MiB.
2026-10-03T18:00:17Z INFO [207/900] 2dc02af9-29e3-4876-b3cb-6a8db10dac63: 22 groups; 0.8 s; peak memory 1155 MiB.
2026-10-03T18:00:18Z INFO [208/900] 2dc0c194-e613-4387-8982-04c86eb97364: 22 groups; 0.8 s; peak memory 1155 MiB.
2026-10-03T18:00:18Z INFO [209/900] 2dc0fa3d-0aae-440a-8cc7-c562d71329ad: 19 groups; 0.6 s; peak memory 1155 MiB.
2026-10-03T18:00:19Z INFO [210/900] 2dc131c4-5f14-48e1-ad4f-40a038d29726: 35 groups; 1.3 s; peak memory 1155 MiB.
2026-10-03T18:00:20Z INFO [211/900] 2dc15ad2-1761-4289-b493-94f271a78e68: 32 groups; 0.9 s; peak memory 1155 MiB.
2026-10-03T18:00:21Z INFO [212/900] 2dc15cb8-df55-4edb-9042-e7669d12aceb: 32 groups; 0.9 s; peak memory 1155 MiB.
2026-10-03T18:00:22Z INFO [213/900] 2dc18fcf-8814-4661-8c3a-3d47d328711d: 16 groups; 0.6 s; peak memory 1155 MiB.
2026-10-03T18:00:23Z INFO [214/900] 2dc314ba-00ca-4a5f-a394-2e7551576a16: 254 groups; 0.8 s; peak memory 1155 MiB.
2026-10-03T18:00:23Z INFO [215/900] 2dc35968-890e-4a83-98b2-18e67dcbb411: 16 groups; 0.5 s; peak memory 1155 MiB.
2026-10-03T18:00:24Z INFO [216/900] 2dc3b51d-108a-402f-86cb-f59c785f18a9: 22 groups; 0.8 s; peak memory 1155 MiB.
2026-10-03T18:00:36Z INFO [217/900] 2dc569b4-9756-44b9-a333-1cdc3c7a17bd: 162 groups; 12.5 s; peak memory 1155 MiB.
2026-10-03T18:00:37Z INFO [218/900] 2dc5713a-947c-49bf-aa04-149d28e60430: 32 groups; 0.7 s; peak memory 1155 MiB.
2026-10-03T18:00:38Z INFO [219/900] 2dc57ca5-cfe2-4217-a752-ba36e789807d: 53 groups; 1.3 s; peak memory 1155 MiB.
2026-10-03T18:00:40Z INFO [220/900] 2dc6031e-83d8-410e-a020-fc74bd86a895: 207 groups; 1.1 s; peak memory 1155 MiB.
2026-10-03T18:00:46Z INFO [221/900] 2dc60966-af06-4755-8ab9-654fe9f85097: 50 groups; 6.4 s; peak memory 1155 MiB.
2026-10-03T18:00:47Z INFO [222/900] 2dc62090-9f71-493b-9ad2-bcb4e545ceb6: 32 groups; 0.9 s; peak memory 1155 MiB.
2026-10-03T18:00:48Z INFO [223/900] 2dc6ca58-2936-4043-91e7-c4a15f58f20a: 25 groups; 0.8 s; peak memory 1155 MiB.
2026-10-03T18:00:48Z INFO [224/900] 2dc7a10a-bd80-4c83-b1c8-a4dc59fae5cd: 22 groups; 0.8 s; peak memory 1155 MiB.
2026-10-03T18:00:49Z INFO [225/900] 2dc96e97-1d9a-499e-9496-d313ae175779: 22 groups; 0.8 s; peak memory 1155 MiB.
2026-10-03T18:00:50Z INFO [226/900] 2dca0a1a-f2a4-4fc7-836b-130884a9260c: 33 groups; 1.1 s; peak memory 1155 MiB.
2026-10-03T18:00:51Z INFO [227/900] 2dca44d6-b5d9-4af3-9be3-fe3c71b75db4: 22 groups; 1.0 s; peak memory 1155 MiB.
2026-10-03T18:00:52Z INFO [228/900] 2dca53fd-81a1-49a3-9978-2148cfb3c207: 32 groups; 0.9 s; peak memory 1155 MiB.
2026-10-03T18:00:53Z INFO [229/900] 2dcb57a4-cbbf-4773-8285-74600cbd45ef: 22 groups; 0.6 s; peak memory 1155 MiB.
2026-10-03T18:00:53Z INFO [230/900] 2dcc18ff-6b69-4022-8368-f0a20d58fa75: 17 groups; 0.6 s; peak memory 1155 MiB.
2026-10-03T18:00:54Z INFO [231/900] 2dcc7097-130d-4079-a98d-5be344e56f37: 32 groups; 0.9 s; peak memory 1155 MiB.
2026-10-03T18:00:55Z INFO [232/900] 2dcd4fcc-1a05-476d-8565-f98ef230a5b1: 22 groups; 0.8 s; peak memory 1155 MiB.
2026-10-03T18:00:56Z INFO [233/900] 2dce38a5-d072-474b-bb99-263b3fb53321: 32 groups; 1.0 s; peak memory 1155 MiB.
2026-10-03T18:00:57Z INFO [234/900] 2dcfaa32-204a-43da-b1a7-b13b959592c0: 16 groups; 0.5 s; peak memory 1155 MiB.
2026-10-03T18:00:57Z INFO [235/900] 2dd06c9e-2523-4e0a-92b6-a3c37ca8671e: 27 groups; 0.7 s; peak memory 1155 MiB.
2026-10-03T18:01:23Z INFO [236/900] 2dd0c971-1dac-4992-959c-2eb681240b21: 2324 groups; 25.8 s; peak memory 1155 MiB.
2026-10-03T18:01:24Z INFO [237/900] 2dd38b35-bd2b-4494-a1af-0176710ad914: 199 groups; 1.0 s; peak memory 1155 MiB.
2026-10-03T18:01:28Z INFO [238/900] 2dd3f198-bf3a-4aad-9c30-e5b9c3369380: 181 groups; 3.5 s; peak memory 1155 MiB.
2026-10-03T18:01:29Z INFO [239/900] 2dd58899-a670-4068-b594-584be94f8e82: 571 groups; 1.5 s; peak memory 1155 MiB.
2026-10-03T18:01:30Z INFO [240/900] 2dd5a227-2679-4b7b-bb8b-7b6e95485285: 22 groups; 0.8 s; peak memory 1155 MiB.
2026-10-03T18:01:32Z INFO [241/900] 2dd611a3-cf79-4325-b289-2b159de42982: 35 groups; 1.6 s; peak memory 1155 MiB.
2026-10-03T18:01:41Z INFO [242/900] 2dd6c625-7d38-44a8-b254-74b029f05019: 303 groups; 9.5 s; peak memory 1155 MiB.
2026-10-03T18:02:04Z INFO [243/900] 2dd6e229-9621-4203-b759-150a237725b0: 23 groups; 23.0 s; peak memory 1155 MiB.
2026-10-03T18:02:05Z INFO [244/900] 2dd6f83f-62f4-4bc2-bc1d-f3968f5354e4: 22 groups; 0.8 s; peak memory 1155 MiB.
2026-10-03T18:02:06Z INFO [245/900] 2dd7249f-89b5-455c-be11-6c777d91cf29: 573 groups; 1.4 s; peak memory 1155 MiB.
2026-10-03T18:02:15Z INFO [246/900] 2dd75f9a-d0b1-4aa0-a50e-2417d3cca23b: 280 groups; 9.1 s; peak memory 1155 MiB.
2026-10-03T18:02:16Z INFO [247/900] 2dd76583-8867-4a0c-a806-8dc251cc7061: 16 groups; 0.5 s; peak memory 1155 MiB.
2026-10-03T18:02:17Z INFO [248/900] 2dd76c3c-47f9-4080-bfbc-d30904bd310b: 17 groups; 1.4 s; peak memory 1155 MiB.
2026-10-03T18:02:18Z INFO [249/900] 2dd77ca6-d78c-4407-8236-337f12f1b5ad: 195 groups; 1.0 s; peak memory 1155 MiB.
2026-10-03T18:02:20Z INFO [250/900] 2dd7e595-2b1f-4b58-a84e-fdab596049b5: 17 groups; 1.6 s; peak memory 1155 MiB.
2026-10-03T18:02:20Z INFO [250/900] 2dd7e595-2b1f-4b58-a84e-fdab596049b5: checkpointed 69086 records.
2026-10-03T18:02:21Z INFO [251/900] 2dd9441f-f834-4b77-8458-d289f8af3389: 32 groups; 0.8 s; peak memory 1155 MiB.
2026-10-03T18:02:21Z INFO [252/900] 2dd9e92a-cdcb-485f-91df-027319a55779: 22 groups; 0.8 s; peak memory 1155 MiB.
2026-10-03T18:02:22Z INFO [253/900] 2dda5590-0f49-4e2b-9305-9c451ca711da: 41 groups; 1.0 s; peak memory 1155 MiB.
2026-10-03T18:02:30Z INFO [254/900] 2ddac752-807c-4fa0-8953-fa958b7e48aa: 240 groups; 8.0 s; peak memory 1155 MiB.
2026-10-03T18:02:36Z INFO [255/900] 2ddacbc4-4578-4618-b0b2-42dc24f10f43: 18 groups; 5.8 s; peak memory 1155 MiB.
2026-10-03T18:02:37Z INFO [256/900] 2ddb3cc7-6c4a-4fa3-93fe-babbb52c3f77: 39 groups; 0.9 s; peak memory 1155 MiB.
2026-10-03T18:02:38Z INFO [257/900] 2ddc46cb-2172-4408-beb8-79e4d3680c19: 32 groups; 0.9 s; peak memory 1155 MiB.
2026-10-03T18:02:39Z INFO [258/900] 2ddd19df-7f5d-4fcd-bc2a-cbb4c06e2621: 32 groups; 0.8 s; peak memory 1155 MiB.
2026-10-03T18:02:40Z INFO [259/900] 2dddfe3c-5b46-46b6-af60-4c006100bef1: 36 groups; 1.2 s; peak memory 1155 MiB.
2026-10-03T18:02:41Z INFO [260/900] 2dde18e7-513c-4427-add2-2a63de7d6502: 35 groups; 1.0 s; peak memory 1155 MiB.
2026-10-03T18:02:42Z INFO [261/900] 2dde5526-e2c8-4374-a51a-ac263297bdd6: 32 groups; 0.8 s; peak memory 1155 MiB.
2026-10-03T18:02:44Z INFO [262/900] 2dde6aa3-c5ac-47bc-b2ac-b0744bb8030f: 30 groups; 2.1 s; peak memory 1155 MiB.
2026-10-03T18:02:45Z INFO [263/900] 2ddf1982-b5a9-409f-931d-e55ad555c5d3: 99 groups; 1.1 s; peak memory 1155 MiB.
2026-10-03T18:02:47Z INFO [264/900] 2ddf9bbf-0cf2-4c71-8411-61877428b882: 81 groups; 1.8 s; peak memory 1155 MiB.
2026-10-03T18:02:47Z INFO [265/900] 2ddffdf7-7c46-4e2f-a997-b46a5def081f: 28 groups; 0.6 s; peak memory 1155 MiB.
2026-10-03T18:02:48Z INFO [266/900] 2de0b125-3c6c-42d6-b090-af70e1d235f5: 35 groups; 1.0 s; peak memory 1155 MiB.
2026-10-03T18:02:49Z INFO [267/900] 2de0e6d5-4059-44d8-8ff7-fd43ac6995e9: 35 groups; 0.9 s; peak memory 1155 MiB.
2026-10-03T18:02:50Z INFO [268/900] 2de1ebcb-0b0f-4a40-ac38-4b23d4d2a399: 196 groups; 0.9 s; peak memory 1155 MiB.
2026-10-03T18:02:51Z INFO [269/900] 2de1ef31-c03a-4f5c-b575-275851e421bd: 35 groups; 0.9 s; peak memory 1155 MiB.
2026-10-03T18:02:52Z INFO [270/900] 2de3f7a6-708e-4c56-b1a9-d48b0f97feb2: 22 groups; 0.7 s; peak memory 1155 MiB.
2026-10-03T18:03:30Z INFO [271/900] 2de44f77-8855-434a-b5a3-8d1ed04edf85: 27 groups; 38.3 s; peak memory 1155 MiB.
2026-10-03T18:03:31Z INFO [272/900] 2de45a94-d306-48da-a7e4-892461a52227: 28 groups; 0.6 s; peak memory 1155 MiB.
2026-10-03T18:03:33Z INFO [273/900] 2de47296-7bdd-4cd6-83c7-dedd1e9a0002: 48 groups; 1.7 s; peak memory 1155 MiB.
2026-10-03T18:03:37Z INFO [274/900] 2de4f212-8538-4040-b68d-245e8d3bb784: 47 groups; 4.7 s; peak memory 1155 MiB.
2026-10-03T18:03:38Z INFO [275/900] 2de5acaa-dfa4-4262-b352-a3a89677ad15: 35 groups; 1.0 s; peak memory 1155 MiB.
2026-10-03T18:03:43Z INFO [276/900] 2de5ba74-7611-4c2b-9835-aca6d0280baa: 47 groups; 4.7 s; peak memory 1155 MiB.
2026-10-03T18:03:45Z INFO [277/900] 2de600c5-4cad-4802-8220-153920c6a5c9: 69 groups; 2.4 s; peak memory 1155 MiB.
2026-10-03T18:03:46Z INFO [278/900] 2de6269e-7769-48b0-a0a6-e989fb7d2073: 33 groups; 0.9 s; peak memory 1155 MiB.
2026-10-03T18:03:47Z INFO [279/900] 2de805bb-f412-4708-bba4-7aa7c1643ae7: 17 groups; 0.6 s; peak memory 1155 MiB.
2026-10-03T18:03:48Z INFO [280/900] 2de89c01-15f7-4697-ba9c-87f9bf4adf78: 34 groups; 1.5 s; peak memory 1155 MiB.
2026-10-03T18:03:50Z INFO [281/900] 2de95263-383b-4518-bc4c-41d187af84b0: 35 groups; 1.1 s; peak memory 1155 MiB.
2026-10-03T18:03:50Z INFO [282/900] 2de955e7-e6ca-45bb-924a-e6de0a813830: 31 groups; 0.6 s; peak memory 1155 MiB.
2026-10-03T18:03:57Z INFO [283/900] 2de9aacf-58c4-456e-84f1-94c8dc3ca810: 148 groups; 6.6 s; peak memory 1155 MiB.
2026-10-03T18:03:57Z INFO [284/900] 2de9d421-619e-47d3-8296-12679febcd97: 32 groups; 0.8 s; peak memory 1155 MiB.
2026-10-03T18:04:01Z INFO [285/900] 2dea3cba-d973-4005-a374-867988b35768: 76 groups; 3.2 s; peak memory 1155 MiB.
2026-10-03T18:04:10Z INFO [286/900] 2dea6670-dc25-4125-9133-7a00e4cb82ff: 184 groups; 9.5 s; peak memory 1155 MiB.
2026-10-03T18:04:11Z INFO [287/900] 2debc9f0-fddc-4361-8245-4c6fae917b00: 22 groups; 0.8 s; peak memory 1155 MiB.
2026-10-03T18:04:12Z INFO [288/900] 2dee6c46-06a4-4872-b620-ef5edf4d7e93: 16 groups; 0.5 s; peak memory 1155 MiB.
2026-10-03T18:04:12Z INFO [289/900] 2dee8bec-d7e6-4f63-9039-4faf4d2d01da: 22 groups; 0.9 s; peak memory 1155 MiB.
2026-10-03T18:04:13Z INFO [290/900] 2deed165-0066-4c7d-8d63-b43429774eff: 195 groups; 1.1 s; peak memory 1155 MiB.
2026-10-03T18:04:18Z INFO [291/900] 2deedea2-45b8-493a-afca-858e03659c32: 181 groups; 4.2 s; peak memory 1155 MiB.
2026-10-03T18:04:18Z INFO [292/900] 2def788d-b835-4015-a346-1508ea438a0d: 25 groups; 0.7 s; peak memory 1155 MiB.
2026-10-03T18:04:19Z INFO [293/900] 2defb8ce-0561-4a83-a4d6-0f39a489b275: 22 groups; 0.7 s; peak memory 1155 MiB.
2026-10-03T18:04:20Z INFO [294/900] 2defc912-dde2-4f93-8d14-25c127e58701: 32 groups; 0.7 s; peak memory 1155 MiB.
2026-10-03T18:04:21Z INFO [295/900] 2df0c517-e3ee-400e-a077-260e90eb8438: 337 groups; 1.2 s; peak memory 1155 MiB.
2026-10-03T18:04:22Z INFO [296/900] 2df10db4-75c9-46ab-aa52-3783f98ecb42: 202 groups; 0.9 s; peak memory 1155 MiB.
2026-10-03T18:04:23Z INFO [297/900] 2df25fa8-e3fb-49c0-a0a2-912e37108310: 54 groups; 1.6 s; peak memory 1155 MiB.
2026-10-03T18:04:24Z INFO [298/900] 2df29dd5-854a-469b-b636-3782c5b44287: 42 groups; 0.9 s; peak memory 1155 MiB.
2026-10-03T18:04:27Z INFO [299/900] 2df39f87-f9b8-40e5-8de8-0fe2b8a3c2b1: 49 groups; 2.2 s; peak memory 1155 MiB.
2026-10-03T18:04:28Z INFO [300/900] 2df45f18-cda0-48f9-a118-7b05c30f8249: 32 groups; 1.0 s; peak memory 1155 MiB.
2026-10-03T18:04:28Z INFO [300/900] 2df45f18-cda0-48f9-a118-7b05c30f8249: checkpointed 69136 records.
2026-10-03T18:04:29Z INFO [301/900] 2df4682c-0719-4bc2-913b-aeed15b21e18: 32 groups; 0.8 s; peak memory 1155 MiB.
2026-10-03T18:04:37Z INFO [302/900] 2df47082-e673-46fc-88d1-e5ae8d674270: 192 groups; 8.1 s; peak memory 1155 MiB.
2026-10-03T18:04:41Z INFO [303/900] 2df48652-6c04-4972-8f39-c945708cf671: 66 groups; 4.3 s; peak memory 1155 MiB.
2026-10-03T18:04:42Z INFO [304/900] 2df4ceb0-48ae-49a6-8edf-5e33c9b7a9ea: 33 groups; 0.8 s; peak memory 1155 MiB.
2026-10-03T18:04:42Z INFO [305/900] 2df74844-10f8-4537-b224-947b9751ed32: 22 groups; 0.7 s; peak memory 1155 MiB.
2026-10-03T18:04:44Z INFO [306/900] 2df85cc8-a4d2-43a8-9f29-d9364b214d89: 32 groups; 1.2 s; peak memory 1155 MiB.
2026-10-03T18:04:48Z INFO [307/900] 2df910df-929a-4bb3-8982-03d3bedf05e5: 66 groups; 4.4 s; peak memory 1155 MiB.
2026-10-03T18:04:56Z INFO [308/900] 2df92f84-b78f-4448-bbcf-530219eb8f9a: 68 groups; 7.6 s; peak memory 1155 MiB.
2026-10-03T18:04:57Z INFO [309/900] 2df93e94-0d72-4eb9-8e3e-f271a018b0e7: 22 groups; 0.9 s; peak memory 1155 MiB.
2026-10-03T18:04:57Z INFO [310/900] 2df9774a-944d-4212-821b-95c5d428abca: 22 groups; 0.8 s; peak memory 1155 MiB.
2026-10-03T18:04:59Z INFO [311/900] 2df9972c-b16b-41e1-9a14-89c994072cf7: 36 groups; 1.3 s; peak memory 1155 MiB.
2026-10-03T18:05:01Z INFO [312/900] 2dfa1607-d19d-4b76-8635-285e4329a015: 56 groups; 2.7 s; peak memory 1155 MiB.
2026-10-03T18:05:03Z INFO [313/900] 2dfbca23-e524-40c7-8fec-094cb7deb8a7: 202 groups; 1.1 s; peak memory 1155 MiB.
2026-10-03T18:05:04Z INFO [314/900] 2dfbe920-e96a-4521-b66f-9b91a0128f19: 35 groups; 1.0 s; peak memory 1155 MiB.
2026-10-03T18:05:19Z INFO [315/900] 2dfbeeea-e910-408e-b36e-5c67c3d630fa: 287 groups; 15.9 s; peak memory 1155 MiB.
2026-10-03T18:05:21Z INFO [316/900] 2dfc2e18-1f9d-4c0f-9b30-ae202a8d0c52: 33 groups; 1.2 s; peak memory 1155 MiB.
2026-10-03T18:05:22Z INFO [317/900] 2dfce66a-27b8-4162-81b4-4d7670d7baf2: 36 groups; 0.9 s; peak memory 1155 MiB.
2026-10-03T18:05:26Z INFO [318/900] 2dfd0550-792d-4766-9b50-cf878ed37a37: 47 groups; 4.3 s; peak memory 1155 MiB.
2026-10-03T18:05:27Z INFO [319/900] 2dfd16e2-3dcb-4134-a6ea-53412e0da955: 35 groups; 1.1 s; peak memory 1155 MiB.
2026-10-03T18:05:31Z INFO [320/900] 2dfd849c-88aa-46eb-9d11-61f97701d41a: 78 groups; 3.6 s; peak memory 1155 MiB.
2026-10-03T18:05:35Z INFO [321/900] 2dfd86c7-744b-4a6e-8ad6-b8442fa01862: 156 groups; 4.4 s; peak memory 1155 MiB.
2026-10-03T18:05:36Z INFO [322/900] 2dfe2812-2b24-4cd7-91da-42ac5d2a9b9b: 24 groups; 0.8 s; peak memory 1155 MiB.
2026-10-03T18:05:37Z INFO [323/900] 2dfec1ce-aa6a-4b6b-8ba9-e4b6219f2fba: 71 groups; 1.2 s; peak memory 1155 MiB.
2026-10-03T18:05:41Z INFO [324/900] 2dfec93e-afc1-49f0-b936-2c42122dfbd2: 67 groups; 4.1 s; peak memory 1155 MiB.
2026-10-03T18:05:42Z INFO [325/900] 2dff0d13-2e8f-4ab8-81c2-28ac743acb6a: 16 groups; 0.5 s; peak memory 1155 MiB.
2026-10-03T18:05:42Z INFO [326/900] 2dff6802-4f7d-4dc5-9c81-82e44ff8e0f0: 16 groups; 0.5 s; peak memory 1155 MiB.
2026-10-03T18:05:51Z INFO [327/900] 2e0078c8-8e3b-4ea2-a43b-65c5a39093e4: 157 groups; 9.1 s; peak memory 1155 MiB.
2026-10-03T18:05:52Z INFO [328/900] 2e01cb21-1d6a-4a9c-90c0-95aec3252b4d: 22 groups; 0.7 s; peak memory 1155 MiB.
2026-10-03T18:05:53Z INFO [329/900] 2e02333d-ba65-4b97-b0bd-1965601eacc8: 22 groups; 0.8 s; peak memory 1155 MiB.
2026-10-03T18:05:54Z INFO [330/900] 2e02e7e3-6a32-461f-b89d-0af83b6dd2b5: 22 groups; 0.7 s; peak memory 1155 MiB.
2026-10-03T18:05:54Z INFO [331/900] 2e030e3f-dfd0-4558-bc15-651c25cee431: 22 groups; 0.8 s; peak memory 1155 MiB.
2026-10-03T18:06:00Z INFO [332/900] 2e03f6dd-eb6f-4792-987f-7ef51b2616f3: 236 groups; 5.5 s; peak memory 1155 MiB.
2026-10-03T18:06:40Z INFO [333/900] 2e040bac-baa9-4604-a844-fd44361be07a: 27 groups; 39.7 s; peak memory 1155 MiB.
2026-10-03T18:06:41Z INFO [334/900] 2e04cdf5-63c8-405b-a57e-4907b588b632: 32 groups; 0.9 s; peak memory 1155 MiB.
2026-10-03T18:06:41Z INFO [335/900] 2e054d31-56cb-4f7b-9972-22f877521c3c: 29 groups; 0.8 s; peak memory 1155 MiB.
2026-10-03T18:06:43Z INFO [336/900] 2e059246-0d9a-499f-8bca-1e68ed789ad2: 35 groups; 1.2 s; peak memory 1155 MiB.
2026-10-03T18:06:49Z INFO [337/900] 2e05da34-46d8-461f-9226-1406dd9fad5c: 195 groups; 6.8 s; peak memory 1155 MiB.
2026-10-03T18:06:58Z INFO [338/900] 2e06bcfb-04e6-4383-bd70-8ae534f1419c: 271 groups; 8.6 s; peak memory 1155 MiB.
2026-10-03T18:07:04Z INFO [339/900] 2e06db81-29a2-43ab-91e8-eeb32309d183: 214 groups; 6.2 s; peak memory 1155 MiB.
2026-10-03T18:07:05Z INFO [340/900] 2e070306-fa0a-402a-bcfc-88b0fcab7a8a: 206 groups; 1.3 s; peak memory 1155 MiB.
2026-10-03T18:07:06Z INFO [341/900] 2e072f21-68de-40af-a8da-0cc30d4eadc9: 35 groups; 1.0 s; peak memory 1155 MiB.
2026-10-03T18:07:07Z INFO [342/900] 2e076ed6-15db-4ca1-9c12-ea3a448a5e1e: 32 groups; 1.0 s; peak memory 1155 MiB.
2026-10-03T18:07:08Z INFO [343/900] 2e07b5fc-3973-49ba-a5f0-992922405d63: 17 groups; 0.6 s; peak memory 1155 MiB.
2026-10-03T18:10:19Z INFO [344/900] 2e07bb2e-683b-46f9-99ea-8d9fd7d42baf: 29 groups; 191.4 s; peak memory 1155 MiB.
2026-10-03T18:10:24Z INFO [345/900] 2e07ed4b-5f94-4f6e-9266-209ab153bd82: 134 groups; 4.1 s; peak memory 1155 MiB.
2026-10-03T18:10:30Z INFO [346/900] 2e0866c9-e7ca-4e3b-8a9b-2a6cfca9065a: 187 groups; 6.0 s; peak memory 1155 MiB.
2026-10-03T18:10:30Z INFO [347/900] 2e08d15a-bab4-40eb-86b7-a5cfa16c2e70: 32 groups; 0.8 s; peak memory 1155 MiB.
2026-10-03T18:10:31Z INFO [348/900] 2e0908be-dc65-46ad-9037-54621c06ee81: 22 groups; 0.8 s; peak memory 1155 MiB.
2026-10-03T18:10:32Z INFO [349/900] 2e09258f-0ce8-43b9-b997-b0d20abf04db: 195 groups; 1.0 s; peak memory 1155 MiB.
2026-10-03T18:13:07Z INFO [350/900] 2e09805a-b16e-4b0a-8e64-1297d5dee006: 62 groups; 154.9 s; peak memory 1155 MiB.
2026-10-03T18:13:07Z INFO [350/900] 2e09805a-b16e-4b0a-8e64-1297d5dee006: checkpointed 69186 records.
2026-10-03T18:13:08Z INFO [351/900] 2e099510-d818-4645-9809-f1e2ca0aab4d: 203 groups; 1.2 s; peak memory 1155 MiB.
2026-10-03T18:13:09Z INFO [352/900] 2e0a3b62-9ad4-4893-91f6-4c4525e6dca2: 22 groups; 1.0 s; peak memory 1155 MiB.
2026-10-03T18:13:10Z INFO [353/900] 2e0a6bf1-f90c-40eb-8222-6320f58ffb72: 16 groups; 0.5 s; peak memory 1155 MiB.
2026-10-03T18:13:20Z INFO [354/900] 2e0aca9e-c502-4763-a1ac-cff33903e476: 22 groups; 10.3 s; peak memory 1155 MiB.
2026-10-03T18:13:21Z INFO [355/900] 2e0c4369-c5dd-4977-bada-dfa2b1528563: 71 groups; 0.8 s; peak memory 1155 MiB.
2026-10-03T18:13:22Z INFO [356/900] 2e0c5b6a-d670-4e15-b491-cff7bfb939c1: 22 groups; 0.7 s; peak memory 1155 MiB.
2026-10-03T18:13:23Z INFO [357/900] 2e0c8eaa-f081-4489-84d7-15cd07263e09: 67 groups; 1.0 s; peak memory 1155 MiB.
2026-10-03T18:13:25Z INFO [358/900] 2e0d546b-494d-47c4-87dc-b6fdb8adc566: 50 groups; 2.2 s; peak memory 1155 MiB.
2026-10-03T18:13:26Z INFO [359/900] 2e0d8047-d8a8-4cbd-8686-2130aa03e991: 17 groups; 1.6 s; peak memory 1155 MiB.
2026-10-03T18:15:53Z INFO [360/900] 2e0d95e9-4325-4779-b087-88bde72e6799: 33 groups; 146.5 s; peak memory 1155 MiB.
2026-10-03T18:15:58Z INFO [361/900] 2e0ec76c-5c76-406b-bd34-6cd307b0629f: 34 groups; 5.2 s; peak memory 1155 MiB.
2026-10-03T18:15:59Z INFO [362/900] 2e0fab25-6b4d-4755-adcd-451c2f3d87b7: 32 groups; 0.7 s; peak memory 1155 MiB.
2026-10-03T18:16:00Z INFO [363/900] 2e0fc50e-40de-4f69-8171-022d801faf66: 29 groups; 0.7 s; peak memory 1155 MiB.
2026-10-03T18:16:00Z INFO [364/900] 2e0fcf64-a65c-4510-b514-e4b40e2729da: 32 groups; 0.8 s; peak memory 1155 MiB.
2026-10-03T18:16:01Z INFO [365/900] 2e0fdac4-0b99-4b67-8370-b22e8b1f8fd4: 32 groups; 0.8 s; peak memory 1155 MiB.
2026-10-03T18:16:02Z INFO [366/900] 2e100b05-ffd3-4609-ba10-d1cd03280ce1: 24 groups; 0.8 s; peak memory 1155 MiB.
2026-10-03T18:16:03Z INFO [367/900] 2e10349e-018b-47a6-85db-31498586d0cf: 32 groups; 0.8 s; peak memory 1155 MiB.
2026-10-03T18:16:14Z INFO [368/900] 2e104c09-1f62-4af1-993e-71797a4803ba: 326 groups; 11.1 s; peak memory 1155 MiB.
2026-10-03T18:16:15Z INFO [369/900] 2e111f45-7523-4b90-9849-cde45b78ae9a: 35 groups; 1.2 s; peak memory 1155 MiB.
2026-10-03T18:16:16Z INFO [370/900] 2e115bb5-9f15-40cd-8580-de1509d29034: 22 groups; 0.7 s; peak memory 1155 MiB.
2026-10-03T18:16:16Z INFO [371/900] 2e11d926-7ea3-4331-9f02-d5b6378d769a: 16 groups; 0.5 s; peak memory 1155 MiB.
2026-10-03T18:16:17Z INFO [372/900] 2e1369c9-250c-4d68-b46f-7728e08a3ba3: 22 groups; 0.8 s; peak memory 1155 MiB.
2026-10-03T18:16:18Z INFO [373/900] 2e1387e8-b8b4-4da7-9bbf-27ec098bc136: 17 groups; 0.6 s; peak memory 1155 MiB.
2026-10-03T18:16:18Z INFO [374/900] 2e13991c-0bab-473e-91eb-eaf52679d784: 22 groups; 0.7 s; peak memory 1155 MiB.
2026-10-03T18:16:19Z INFO [375/900] 2e13a06e-5441-4bd8-b63e-afcf9f9bc90f: 33 groups; 1.0 s; peak memory 1155 MiB.
2026-10-03T18:16:20Z INFO [376/900] 2e1455c2-f456-416f-a4ed-65f3414170cf: 18 groups; 0.6 s; peak memory 1155 MiB.
2026-10-03T18:16:21Z INFO [377/900] 2e1497b7-4113-4813-afde-efa4c8dd8a87: 35 groups; 1.0 s; peak memory 1155 MiB.
2026-10-03T18:16:22Z INFO [378/900] 2e14faaa-ac89-460c-95e8-26d9ea67c780: 22 groups; 0.7 s; peak memory 1155 MiB.
2026-10-03T18:16:23Z INFO [379/900] 2e156863-e1c1-4fe9-9268-cef50213649d: 35 groups; 0.9 s; peak memory 1155 MiB.
2026-10-03T18:16:23Z INFO [380/900] 2e16a2ef-46e8-4a1d-b7b3-83b53a3799bb: 253 groups; 0.9 s; peak memory 1155 MiB.
2026-10-03T18:16:24Z INFO [381/900] 2e1729ad-b013-4138-bf34-c69e10e7cdad: 18 groups; 0.7 s; peak memory 1155 MiB.
2026-10-03T18:16:26Z INFO [382/900] 2e178b05-a1ed-4bdb-9de5-a83054e7453f: 22 groups; 2.4 s; peak memory 1155 MiB.
2026-10-03T18:16:27Z INFO [383/900] 2e17ab7b-489c-44d4-bbfc-2ae594b72b0e: 32 groups; 0.8 s; peak memory 1155 MiB.
2026-10-03T18:16:28Z INFO [384/900] 2e17c051-3edf-44cd-aaf0-d59e08abe11f: 22 groups; 0.7 s; peak memory 1155 MiB.
2026-10-03T18:16:30Z INFO [385/900] 2e18344b-bdb6-472c-ad2f-842e57fb9e12: 54 groups; 2.0 s; peak memory 1155 MiB.
2026-10-03T18:16:31Z INFO [386/900] 2e18f026-7612-458d-a4b3-1761dcd59f93: 33 groups; 0.9 s; peak memory 1155 MiB.
2026-10-03T18:16:32Z INFO [387/900] 2e1a80d2-63c0-49d3-84f7-76afd6f70b44: 25 groups; 0.6 s; peak memory 1155 MiB.
2026-10-03T18:16:32Z INFO [388/900] 2e1a8359-fc5a-4826-b757-2a29f4c78221: 30 groups; 0.6 s; peak memory 1155 MiB.
2026-10-03T18:16:34Z INFO [389/900] 2e1ac357-7656-4229-a525-80f7fb5e9bf2: 64 groups; 1.6 s; peak memory 1155 MiB.
2026-10-03T18:16:34Z INFO [390/900] 2e1b3a37-3654-454d-9430-8d0eb0c302cd: 25 groups; 0.7 s; peak memory 1155 MiB.
2026-10-03T18:16:35Z INFO [391/900] 2e1bfb78-a104-4836-8abe-3a9372555c67: 22 groups; 0.8 s; peak memory 1155 MiB.
2026-10-03T18:16:42Z INFO [392/900] 2e1c4617-8850-434b-a92d-58bf7fbe7159: 158 groups; 6.8 s; peak memory 1155 MiB.
2026-10-03T18:16:43Z INFO [393/900] 2e1ca66f-475b-47ee-bcdc-a20e69208a9f: 22 groups; 0.8 s; peak memory 1155 MiB.
2026-10-03T18:16:44Z INFO [394/900] 2e1cca30-0abe-4afd-90b7-4f53daaa5088: 22 groups; 0.7 s; peak memory 1155 MiB.
2026-10-03T18:16:45Z INFO [395/900] 2e1d5451-cfe6-4f13-b1f0-29c1e8fcebb9: 32 groups; 0.9 s; peak memory 1155 MiB.
2026-10-03T18:16:46Z INFO [396/900] 2e1d9734-75f0-4540-8d03-69471dc44c9e: 35 groups; 1.0 s; peak memory 1155 MiB.
2026-10-03T18:16:51Z INFO [397/900] 2e1dc6e6-f2e2-4676-b207-1aad85c28d76: 201 groups; 5.4 s; peak memory 1155 MiB.
2026-10-03T18:16:55Z INFO [398/900] 2e1e36bd-b570-42e1-b907-fbe047e84da7: 105 groups; 3.7 s; peak memory 1155 MiB.
2026-10-03T18:16:55Z INFO [399/900] 2e1e95e0-f41e-4361-8ac9-9f5a866ac53e: 32 groups; 0.8 s; peak memory 1155 MiB.
2026-10-03T18:16:56Z INFO [400/900] 2e231d70-c8f5-47f3-968c-43ec5a02fe07: 20 groups; 0.6 s; peak memory 1155 MiB.
2026-10-03T18:16:56Z INFO [400/900] 2e231d70-c8f5-47f3-968c-43ec5a02fe07: checkpointed 69236 records.
2026-10-03T18:16:57Z INFO [401/900] 2e232431-5298-4220-b8f4-ab62b928aab7: 32 groups; 0.8 s; peak memory 1155 MiB.
2026-10-03T18:16:58Z INFO [402/900] 2e23c9f6-077c-4af6-a6f2-991cc7cefcbc: 32 groups; 0.8 s; peak memory 1155 MiB.
2026-10-03T18:16:59Z INFO [403/900] 2e240147-1e30-415d-bb02-cbbefc8eb012: 25 groups; 0.8 s; peak memory 1155 MiB.
2026-10-03T18:17:00Z INFO [404/900] 2e24fb4b-e38c-4516-abff-7d7ab995e1eb: 35 groups; 1.2 s; peak memory 1155 MiB.
2026-10-03T18:17:00Z INFO [405/900] 2e26188e-bc02-4df3-bf98-4e0039e9da35: 22 groups; 0.7 s; peak memory 1155 MiB.
2026-10-03T18:17:01Z INFO [406/900] 2e2753ed-5006-4aeb-a3b5-2b0424a62b7e: 254 groups; 0.9 s; peak memory 1155 MiB.
2026-10-03T18:17:08Z INFO [407/900] 2e275ff7-db88-474b-9d76-57984d7144f1: 206 groups; 6.9 s; peak memory 1155 MiB.
2026-10-03T18:17:09Z INFO [408/900] 2e27d8b0-4ac4-4d55-b1ef-f90235de7bf0: 30 groups; 0.7 s; peak memory 1155 MiB.
2026-10-03T18:17:10Z INFO [409/900] 2e299633-9047-4453-a5f8-bb2fe8442af9: 252 groups; 0.9 s; peak memory 1155 MiB.
2026-10-03T18:17:11Z INFO [410/900] 2e2a71ac-d80f-42b6-8438-b37e0e70acb8: 32 groups; 1.0 s; peak memory 1155 MiB.
2026-10-03T18:17:12Z INFO [411/900] 2e2a7365-463d-40e8-a96e-ca6425615c58: 28 groups; 0.8 s; peak memory 1155 MiB.
2026-10-03T18:17:12Z INFO [412/900] 2e2ad275-c90c-4d55-96b8-10558e5e126d: 22 groups; 0.8 s; peak memory 1155 MiB.
2026-10-03T18:17:15Z INFO [413/900] 2e2b0b74-c71f-4cff-b78b-5adf5c0d761d: 47 groups; 2.3 s; peak memory 1155 MiB.
2026-10-03T18:17:16Z INFO [414/900] 2e2b2948-dbf4-4925-85b5-40e3e53b9783: 35 groups; 1.1 s; peak memory 1155 MiB.
2026-10-03T18:17:18Z INFO [415/900] 2e2bc681-c1ee-4280-a063-1495d14c0ead: 50 groups; 2.1 s; peak memory 1155 MiB.
2026-10-03T18:17:19Z INFO [416/900] 2e2bc987-2f57-4568-820a-e2ffd00c6d35: 195 groups; 1.1 s; peak memory 1155 MiB.
2026-10-03T18:17:20Z INFO [417/900] 2e2c0579-2836-4b9c-a64d-d5a6656b59a9: 32 groups; 0.8 s; peak memory 1155 MiB.
2026-10-03T18:17:22Z INFO [418/900] 2e2cd824-39a4-4c4b-858a-79cbbd60c17c: 50 groups; 2.0 s; peak memory 1155 MiB.
2026-10-03T18:17:23Z INFO [419/900] 2e2d1e7c-e5e3-45a7-95c1-7abbba010664: 22 groups; 0.7 s; peak memory 1155 MiB.
2026-10-03T18:17:24Z INFO [420/900] 2e2e0357-44ce-46c8-aee3-c2d3301fef55: 35 groups; 1.0 s; peak memory 1155 MiB.
2026-10-03T18:19:24Z INFO [421/900] 2e2e2b2e-a960-4931-bc83-5aeaaaa9f980: 60 groups; 120.1 s; peak memory 1155 MiB.
2026-10-03T18:19:24Z INFO [422/900] 2e2e3e49-c503-46c4-ae21-10cebe98509d: 22 groups; 0.7 s; peak memory 1155 MiB.
2026-10-03T18:19:25Z INFO [423/900] 2e2edc26-c9e0-46ff-89b3-cfda43dc15c8: 18 groups; 0.5 s; peak memory 1155 MiB.
2026-10-03T18:19:26Z INFO [424/900] 2e2ee20f-6cab-421c-a202-e5949c4d97e4: 252 groups; 0.9 s; peak memory 1155 MiB.
2026-10-03T18:19:30Z INFO [425/900] 2e2f3690-7590-470d-847e-fb3296441755: 181 groups; 3.9 s; peak memory 1155 MiB.
2026-10-03T18:19:39Z INFO [426/900] 2e2fb8e5-d9c4-4173-a43a-92d321003af0: 3029 groups; 9.5 s; peak memory 1155 MiB.
2026-10-03T18:19:40Z INFO [427/900] 2e3043aa-68d7-4d6c-9f92-7c4bd26681c3: 32 groups; 0.9 s; peak memory 1155 MiB.
2026-10-03T18:19:41Z INFO [428/900] 2e3159f4-ed05-4dd1-8ee3-0bb6673aa8d7: 103 groups; 1.0 s; peak memory 1155 MiB.
2026-10-03T18:19:42Z INFO [429/900] 2e3214a8-810c-4351-a960-128d2c5cd3e5: 337 groups; 1.3 s; peak memory 1155 MiB.
2026-10-03T18:19:44Z INFO [430/900] 2e326e40-7b40-47d1-ada5-8c4d03360065: 54 groups; 1.8 s; peak memory 1155 MiB.
2026-10-03T18:19:45Z INFO [431/900] 2e3286bb-f18d-4c71-a5c1-4724393730d5: 26 groups; 0.6 s; peak memory 1155 MiB.
2026-10-03T18:19:45Z INFO [432/900] 2e328caa-a0c2-4878-84cb-a069c5e7642d: 16 groups; 0.6 s; peak memory 1155 MiB.
2026-10-03T18:19:46Z INFO [433/900] 2e32e3bc-138c-4ec8-badb-ca3ee2d7247b: 256 groups; 1.0 s; peak memory 1155 MiB.
2026-10-03T18:19:49Z INFO [434/900] 2e3331ce-8b5d-4bd9-a4aa-d33e56ded4d4: 30 groups; 2.2 s; peak memory 1155 MiB.
2026-10-03T18:19:50Z INFO [435/900] 2e336128-2672-45e1-93d8-19e4928d9d78: 32 groups; 1.0 s; peak memory 1155 MiB.
2026-10-03T18:19:52Z INFO [436/900] 2e33d6be-78cc-4cc0-ac46-083d5174bc5e: 52 groups; 2.2 s; peak memory 1155 MiB.
2026-10-03T18:19:59Z INFO [437/900] 2e351c9f-6237-425e-aed8-ed8899c474eb: 194 groups; 7.1 s; peak memory 1155 MiB.
2026-10-03T18:20:00Z INFO [438/900] 2e356abc-f0fb-4dc0-b361-f2a4ce4dd3e5: 32 groups; 0.8 s; peak memory 1155 MiB.
2026-10-03T18:20:00Z INFO [439/900] 2e35cf74-cd0a-455a-b5df-8290d7353ad6: 22 groups; 0.8 s; peak memory 1155 MiB.
2026-10-03T18:20:04Z INFO [440/900] 2e367311-f735-429b-bdb5-7c464b789305: 22 groups; 3.1 s; peak memory 1155 MiB.
2026-10-03T18:20:05Z INFO [441/900] 2e368520-8ef4-4136-a303-083caea21e0c: 33 groups; 1.0 s; peak memory 1155 MiB.
2026-10-03T18:20:05Z INFO [442/900] 2e36d41f-4f8e-49dc-888d-019e9fc31b12: 25 groups; 0.7 s; peak memory 1155 MiB.
2026-10-03T18:20:06Z INFO [443/900] 2e3786eb-9adb-4e93-a687-0f7f1ada0cbb: 254 groups; 0.8 s; peak memory 1155 MiB.
2026-10-03T18:20:09Z INFO [444/900] 2e379e03-8677-4165-b4bd-a2267e719171: 22 groups; 2.9 s; peak memory 1155 MiB.
2026-10-03T18:20:10Z INFO [445/900] 2e37edaa-d7a4-404d-bdad-b6a6e5015ecb: 16 groups; 0.7 s; peak memory 1155 MiB.
2026-10-03T18:20:16Z INFO [446/900] 2e389f8b-6b54-4ebb-9b8b-f65a2bb88143: 300 groups; 6.3 s; peak memory 1155 MiB.
2026-10-03T18:20:17Z INFO [447/900] 2e38a2a4-52d1-4436-b046-32b23286090c: 35 groups; 1.0 s; peak memory 1155 MiB.
2026-10-03T18:20:19Z INFO [448/900] 2e38af32-2720-4791-8cd6-224ff9137a2a: 47 groups; 2.2 s; peak memory 1155 MiB.
2026-10-03T18:20:21Z INFO [449/900] 2e39478d-9c18-4b84-b30f-a81054f3a5dd: 61 groups; 2.0 s; peak memory 1155 MiB.
2026-10-03T18:20:22Z INFO [450/900] 2e39b510-4669-4cbf-b42b-7d563edd30e1: 337 groups; 1.2 s; peak memory 1155 MiB.
2026-10-03T18:20:23Z INFO [450/900] 2e39b510-4669-4cbf-b42b-7d563edd30e1: checkpointed 69286 records.
2026-10-03T18:20:23Z INFO [451/900] 2e3a036e-e1ea-41b2-aedb-624979809367: 32 groups; 0.8 s; peak memory 1155 MiB.
2026-10-03T18:20:27Z INFO [452/900] 2e3a8283-aa85-4caf-8e58-846f0bc209e3: 123 groups; 4.1 s; peak memory 1155 MiB.
2026-10-03T18:20:29Z INFO [453/900] 2e3acb2a-4996-4a81-8bae-4ec7fdca29f7: 35 groups; 2.0 s; peak memory 1155 MiB.
2026-10-03T18:20:31Z INFO [454/900] 2e3afd14-9b1f-42d3-b7e0-257daabd3689: 49 groups; 1.9 s; peak memory 1155 MiB.
2026-10-03T18:20:33Z INFO [455/900] 2e3b3d34-93a9-47fd-bef0-b6fb3647561e: 48 groups; 1.2 s; peak memory 1155 MiB.
2026-10-03T18:20:33Z INFO [456/900] 2e3b7adc-a532-4c69-a24c-9cd9ad933fbb: 24 groups; 0.7 s; peak memory 1155 MiB.
2026-10-03T18:20:34Z INFO [457/900] 2e3ba004-c720-484b-87f6-15721fb370c3: 200 groups; 1.1 s; peak memory 1155 MiB.
2026-10-03T18:20:41Z INFO [458/900] 2e3bffae-b214-4dde-acb8-d95a3ead1b8b: 100 groups; 6.8 s; peak memory 1155 MiB.
2026-10-03T18:20:47Z INFO [459/900] 2e3caa19-1c9a-4075-95b1-872edc65eb21: 198 groups; 6.0 s; peak memory 1155 MiB.
2026-10-03T18:20:48Z INFO [460/900] 2e3d222b-af53-4234-a682-0d8981a1b109: 32 groups; 0.8 s; peak memory 1155 MiB.
2026-10-03T18:20:49Z INFO [461/900] 2e3d6ce8-bafc-4b9a-85f6-05bbd92ac0ed: 253 groups; 0.9 s; peak memory 1155 MiB.
2026-10-03T18:21:18Z INFO [462/900] 2e3dd82f-46d6-4b3c-b4b3-b3b70dfea1ad: 390 groups; 29.6 s; peak memory 1155 MiB.
2026-10-03T18:21:19Z INFO [463/900] 2e3dde68-f0ea-4bba-b4f3-efd3ab7a497c: 28 groups; 0.6 s; peak memory 1155 MiB.
2026-10-03T18:21:29Z INFO [464/900] 2e3e1d01-3b7e-44a2-8026-5d3fe1a01694: 303 groups; 10.3 s; peak memory 1155 MiB.
2026-10-03T18:21:35Z INFO [465/900] 2e3e3f41-ca58-458e-a4ae-7fbd5a51864c: 17 groups; 5.6 s; peak memory 1155 MiB.
2026-10-03T18:21:37Z INFO [466/900] 2e40b448-5712-46ba-b94d-5e8a17441083: 55 groups; 2.3 s; peak memory 1155 MiB.
2026-10-03T18:21:38Z INFO [467/900] 2e41c5b2-1ab9-452e-9961-3053f059670f: 35 groups; 1.2 s; peak memory 1155 MiB.
2026-10-03T18:22:02Z INFO [468/900] 2e42bcdd-22ff-4014-8247-d9dd60d76952: 63 groups; 23.5 s; peak memory 1155 MiB.
2026-10-03T18:22:03Z INFO [469/900] 2e42fea1-c4be-418a-9c44-53416419ed49: 18 groups; 0.8 s; peak memory 1155 MiB.
2026-10-03T18:22:04Z INFO [470/900] 2e430666-fedc-413e-9f86-6abf3240d48a: 32 groups; 0.9 s; peak memory 1155 MiB.
2026-10-03T18:22:04Z INFO [471/900] 2e4361dc-ca2d-42e9-9b89-dd90c2c49a0d: 22 groups; 0.8 s; peak memory 1155 MiB.
2026-10-03T18:22:05Z INFO [472/900] 2e4368b4-2481-455f-8777-d34268cac1b1: 31 groups; 0.7 s; peak memory 1155 MiB.
2026-10-03T18:22:06Z INFO [473/900] 2e4425b3-518b-460a-a049-b09321321da7: 26 groups; 0.6 s; peak memory 1155 MiB.
2026-10-03T18:22:07Z INFO [474/900] 2e44dbbb-5f9c-40ac-87e9-a9c1da073c7b: 48 groups; 1.7 s; peak memory 1155 MiB.
2026-10-03T18:22:09Z INFO [475/900] 2e452d66-f7ee-4320-855a-16f3f1b1d8b9: 31 groups; 1.4 s; peak memory 1155 MiB.
2026-10-03T18:22:09Z INFO [476/900] 2e45840d-87e6-4df2-a1c9-3adfc6c6b83b: 22 groups; 0.7 s; peak memory 1155 MiB.
2026-10-03T18:22:10Z INFO [477/900] 2e46065c-a321-404e-aa2a-378501fca630: 17 groups; 0.6 s; peak memory 1155 MiB.
2026-10-03T18:22:12Z INFO [478/900] 2e462b8f-5e7d-441b-be44-da6bc91299d5: 207 groups; 1.7 s; peak memory 1155 MiB.
2026-10-03T18:22:13Z INFO [479/900] 2e472577-d60e-4e6b-990f-48febb160d93: 32 groups; 1.0 s; peak memory 1155 MiB.
2026-10-03T18:22:21Z INFO [480/900] 2e4749b0-1f1f-4229-bda5-834a337a3438: 185 groups; 8.0 s; peak memory 1155 MiB.
2026-10-03T18:22:21Z INFO [481/900] 2e4813aa-5ddd-4aa0-9a44-6320212bc182: 22 groups; 0.7 s; peak memory 1155 MiB.
2026-10-03T18:22:32Z INFO [482/900] 2e485b43-8907-4577-be66-e1a0bc5ca06e: 189 groups; 10.1 s; peak memory 1155 MiB.
2026-10-03T18:22:32Z INFO [483/900] 2e486f35-e657-42e8-8f3c-2d4265cff6e5: 33 groups; 0.9 s; peak memory 1155 MiB.
2026-10-03T18:22:34Z INFO [484/900] 2e48f0e5-eed4-4a02-a2c1-67afb63e6ac9: 25 groups; 1.0 s; peak memory 1155 MiB.
2026-10-03T18:22:35Z INFO [485/900] 2e49bb31-6a24-4898-b933-7dabcf444ea3: 50 groups; 2.0 s; peak memory 1155 MiB.
2026-10-03T18:22:36Z INFO [486/900] 2e4a8b3d-c80c-45f2-9367-41d82777d4f1: 22 groups; 0.8 s; peak memory 1155 MiB.
2026-10-03T18:22:38Z INFO [487/900] 2e4b3afa-5e04-488f-93a1-336561dc5b04: 33 groups; 1.3 s; peak memory 1155 MiB.
2026-10-03T18:22:40Z INFO [488/900] 2e4c2cae-76a7-4052-8d97-a53f695d5a7d: 48 groups; 2.2 s; peak memory 1155 MiB.
2026-10-03T18:22:41Z INFO [489/900] 2e4c30bb-7113-4b3c-a385-1b3428f457a0: 30 groups; 0.8 s; peak memory 1155 MiB.
2026-10-03T18:22:42Z INFO [490/900] 2e4d49b7-37f4-4769-bb4f-43b5f0a850ac: 35 groups; 1.1 s; peak memory 1155 MiB.
2026-10-03T18:22:43Z INFO [491/900] 2e4d5052-3512-4584-8fe5-981c8679af6a: 32 groups; 0.8 s; peak memory 1155 MiB.
2026-10-03T18:22:46Z INFO [492/900] 2e4d56a7-3d33-4666-90ac-6006780e3f7c: 128 groups; 3.4 s; peak memory 1155 MiB.
2026-10-03T18:22:47Z INFO [493/900] 2e4dbde3-efb4-45ba-a95f-a42f9827236b: 199 groups; 1.3 s; peak memory 1155 MiB.
2026-10-03T18:22:48Z INFO [494/900] 2e4e4b63-1668-457c-baaf-2e8e0877e7b2: 202 groups; 0.9 s; peak memory 1155 MiB.
2026-10-03T18:22:49Z INFO [495/900] 2e4e630f-a4b8-42d5-8bf0-74c9a5522f14: 35 groups; 1.1 s; peak memory 1155 MiB.
2026-10-03T18:22:55Z INFO [496/900] 2e4ecb7b-1285-4ed5-8ba3-d63614443383: 228 groups; 5.7 s; peak memory 1155 MiB.
2026-10-03T18:23:04Z INFO [497/900] 2e4ef71f-7ee0-496f-aebd-9d0349f25773: 282 groups; 9.4 s; peak memory 1155 MiB.
2026-10-03T18:23:07Z INFO [498/900] 2e4f3e2b-b8cd-47b8-8a01-2ab9be4a82b4: 22 groups; 2.8 s; peak memory 1155 MiB.
2026-10-03T18:23:08Z INFO [499/900] 2e4fd5de-052e-4915-b848-b247828e5235: 22 groups; 0.8 s; peak memory 1155 MiB.
2026-10-03T18:23:09Z INFO [500/900] 2e5125a2-68f7-45a7-b726-1ce4e9820125: 22 groups; 0.8 s; peak memory 1155 MiB.
2026-10-03T18:23:09Z INFO [500/900] 2e5125a2-68f7-45a7-b726-1ce4e9820125: checkpointed 69336 records.
2026-10-03T18:23:13Z INFO [501/900] 2e51ffa0-dcff-49b5-a1fb-670bffaabd38: 64 groups; 4.0 s; peak memory 1155 MiB.
2026-10-03T18:23:14Z INFO [502/900] 2e52af8b-2ac4-4e91-b0f9-045c7e600d9a: 35 groups; 1.0 s; peak memory 1155 MiB.
2026-10-03T18:23:15Z INFO [503/900] 2e530650-b5da-4a22-b002-dca68f625e03: 32 groups; 1.0 s; peak memory 1155 MiB.
2026-10-03T18:23:16Z INFO [504/900] 2e53f018-6392-4770-8d42-819eebc7465b: 22 groups; 0.8 s; peak memory 1155 MiB.
2026-10-03T18:23:16Z INFO [505/900] 2e540e30-44cc-4b7a-8fd4-16f94e9e7095: 28 groups; 0.7 s; peak memory 1155 MiB.
2026-10-03T18:23:17Z INFO [506/900] 2e550cd3-430e-4dea-968a-656db1615d9b: 32 groups; 0.8 s; peak memory 1155 MiB.
2026-10-03T18:23:18Z INFO [507/900] 2e556b53-65f9-45e5-9ac7-2f6a97792a54: 32 groups; 0.8 s; peak memory 1155 MiB.
2026-10-03T18:23:22Z INFO [508/900] 2e55aa77-fca6-4688-b4a4-611dd7517663: 64 groups; 4.4 s; peak memory 1155 MiB.
2026-10-03T18:23:23Z INFO [509/900] 2e56aeeb-5391-4215-ac83-6b91dca6635b: 32 groups; 0.7 s; peak memory 1155 MiB.
2026-10-03T18:23:24Z INFO [510/900] 2e56d6ef-4a14-4ce0-9fb2-b80d457d8a63: 22 groups; 0.9 s; peak memory 1155 MiB.
2026-10-03T18:23:25Z INFO [511/900] 2e57262e-3a94-43a9-ab0a-cb191c834199: 194 groups; 0.8 s; peak memory 1155 MiB.
2026-10-03T18:23:34Z INFO [512/900] 2e575160-d97f-45c9-a818-b20282304c75: 28 groups; 9.7 s; peak memory 1155 MiB.
2026-10-03T18:23:35Z INFO [513/900] 2e578935-c6d3-43ac-b44c-e92c6153a8fd: 200 groups; 1.1 s; peak memory 1155 MiB.
2026-10-03T18:23:36Z INFO [514/900] 2e57d241-972d-4d2a-b604-b0f3e4be1c63: 22 groups; 0.9 s; peak memory 1155 MiB.
2026-10-03T18:23:39Z INFO [515/900] 2e57df75-dd57-4e71-8cc7-4c52c951d3c8: 62 groups; 3.0 s; peak memory 1155 MiB.
2026-10-03T18:23:40Z INFO [516/900] 2e584aff-fd05-45ad-b064-24f5c28a2e2d: 17 groups; 0.6 s; peak memory 1155 MiB.
2026-10-03T18:23:44Z INFO [517/900] 2e585a84-a685-493c-8b67-0b9630b8b7fe: 181 groups; 4.5 s; peak memory 1155 MiB.
2026-10-03T18:23:45Z INFO [518/900] 2e5868e0-2db6-4d30-8ec2-926dbc7a41e3: 16 groups; 0.5 s; peak memory 1155 MiB.
2026-10-03T18:23:46Z INFO [519/900] 2e59064a-b8de-4f7e-8af6-6e8710deda08: 32 groups; 0.9 s; peak memory 1155 MiB.
2026-10-03T18:23:47Z INFO [520/900] 2e593463-581d-418e-a90b-266ca129b917: 35 groups; 0.9 s; peak memory 1155 MiB.
2026-10-03T18:23:49Z INFO [521/900] 2e5a7355-29f3-4dbb-80e2-231ce2546f12: 49 groups; 1.9 s; peak memory 1155 MiB.
2026-10-03T18:23:49Z INFO [522/900] 2e5aaab5-96e4-4732-8cca-32cf4dc4728c: 22 groups; 0.7 s; peak memory 1155 MiB.
2026-10-03T18:23:50Z INFO [523/900] 2e5bd84c-5577-4ca1-8043-a1048b08a70b: 30 groups; 0.5 s; peak memory 1155 MiB.
2026-10-03T18:23:51Z INFO [524/900] 2e5ce688-05f6-4af3-8cd6-2ed5728968e7: 22 groups; 0.8 s; peak memory 1155 MiB.
2026-10-03T18:23:51Z INFO [525/900] 2e5d0cbc-80ec-4fd0-88d8-e5f36bedadd2: 22 groups; 0.7 s; peak memory 1155 MiB.
2026-10-03T18:23:55Z INFO [526/900] 2e5e07f2-c498-4243-bb40-ceb9aded5135: 78 groups; 3.6 s; peak memory 1155 MiB.
2026-10-03T18:23:56Z INFO [527/900] 2e5e521a-aaf2-475c-ac4d-ec550d70079c: 35 groups; 1.0 s; peak memory 1155 MiB.
2026-10-03T18:23:57Z INFO [528/900] 2e5e7058-4880-46d3-90c4-23be7328ac94: 32 groups; 0.8 s; peak memory 1155 MiB.
2026-10-03T18:23:58Z INFO [529/900] 2e5f2613-ac72-4ce2-8d51-12622c8b36c5: 35 groups; 1.0 s; peak memory 1155 MiB.
2026-10-03T18:23:59Z INFO [530/900] 2e60dc16-9c3b-4a2b-951e-b1d5ec7f0c92: 45 groups; 0.9 s; peak memory 1155 MiB.
2026-10-03T18:24:00Z INFO [531/900] 2e60f720-ba3a-45dc-a501-757f167a8539: 207 groups; 1.0 s; peak memory 1155 MiB.
2026-10-03T18:24:01Z INFO [532/900] 2e61b278-bf88-42ed-98b0-d95102b0a0bb: 22 groups; 0.8 s; peak memory 1155 MiB.
2026-10-03T18:24:02Z INFO [533/900] 2e61e89e-1cf5-4c4d-a917-32a96292b97b: 336 groups; 1.1 s; peak memory 1155 MiB.
2026-10-03T18:24:03Z INFO [534/900] 2e62640a-0092-4dd6-844e-a3abaedd692c: 32 groups; 1.0 s; peak memory 1155 MiB.
2026-10-03T18:24:03Z INFO [535/900] 2e62c8cc-10b7-40e2-82c5-e6ce26083664: 22 groups; 0.8 s; peak memory 1155 MiB.
2026-10-03T18:24:05Z INFO [536/900] 2e63ddca-31ef-42c0-b3d6-0f1a0a023f18: 341 groups; 1.4 s; peak memory 1155 MiB.
2026-10-03T18:24:06Z INFO [537/900] 2e63ecf7-bf0b-407d-bffd-e0d2146d73d4: 32 groups; 0.9 s; peak memory 1155 MiB.
2026-10-03T18:24:08Z INFO [538/900] 2e65e938-ed36-48c6-90f6-c069396aa742: 38 groups; 1.7 s; peak memory 1155 MiB.
2026-10-03T18:24:08Z INFO [539/900] 2e65fffa-2770-4108-8662-1a883544dcb5: 25 groups; 0.7 s; peak memory 1155 MiB.
2026-10-03T18:24:09Z INFO [540/900] 2e66b7e3-5311-45cf-ae36-b349ca7f9510: 29 groups; 0.9 s; peak memory 1155 MiB.
2026-10-03T18:24:10Z INFO [541/900] 2e671e82-52af-4960-8df7-5bd4c64676e0: 22 groups; 0.8 s; peak memory 1155 MiB.
2026-10-03T18:24:13Z INFO [542/900] 2e672612-01dd-46db-a045-31fcc3ee7106: 73 groups; 3.1 s; peak memory 1155 MiB.
2026-10-03T18:24:14Z INFO [543/900] 2e67831a-7897-4fab-a143-8c8ab9b6caec: 22 groups; 0.8 s; peak memory 1155 MiB.
2026-10-03T18:24:15Z INFO [544/900] 2e6788f2-9670-490d-ba97-ff856192a3a9: 28 groups; 0.8 s; peak memory 1155 MiB.
2026-10-03T18:24:21Z INFO [545/900] 2e67afd0-b0a7-4678-90dc-2fbf1f10db96: 143 groups; 6.1 s; peak memory 1155 MiB.
2026-10-03T18:24:22Z INFO [546/900] 2e67bc77-f265-4a44-957d-41684d7f0bf8: 341 groups; 1.1 s; peak memory 1155 MiB.
2026-10-03T18:24:23Z INFO [547/900] 2e680bbc-1827-4389-8385-090b6cc5b5e7: 22 groups; 0.8 s; peak memory 1155 MiB.
2026-10-03T18:24:30Z INFO [548/900] 2e68295f-c1d7-4932-8077-3e7fc461c130: 27 groups; 6.9 s; peak memory 1155 MiB.
2026-10-03T18:24:30Z INFO [549/900] 2e68b0ca-22a6-47c7-b6b8-3d512365e256: 33 groups; 0.9 s; peak memory 1155 MiB.
2026-10-03T18:24:33Z INFO [550/900] 2e68c1c0-c117-4f77-86b6-e9e0026b73ba: 17 groups; 2.9 s; peak memory 1155 MiB.
2026-10-03T18:24:33Z INFO [550/900] 2e68c1c0-c117-4f77-86b6-e9e0026b73ba: checkpointed 69386 records.
2026-10-03T18:24:34Z INFO [551/900] 2e6a4ac9-8ae5-4543-bbb1-5d445da7d515: 32 groups; 0.9 s; peak memory 1155 MiB.
2026-10-03T18:26:03Z INFO [552/900] 2e6ac94a-3144-44c1-a1b8-c6799f39bf16: 35 groups; 88.5 s; peak memory 1155 MiB.
2026-10-03T18:26:04Z INFO [553/900] 2e6cd9c2-ec7e-4d95-95be-bedb242b9377: 22 groups; 0.8 s; peak memory 1155 MiB.
2026-10-03T18:26:04Z INFO [554/900] 2e6d250e-b1dc-4ac9-90a0-6a5e96efe96d: 22 groups; 0.9 s; peak memory 1155 MiB.
2026-10-03T18:26:05Z INFO [555/900] 2e6d541b-225d-4c4c-b9cf-72eec742f893: 16 groups; 0.6 s; peak memory 1155 MiB.
2026-10-03T18:26:06Z INFO [556/900] 2e6d6177-42ff-48de-b973-67f2eb335ef4: 22 groups; 0.7 s; peak memory 1155 MiB.
2026-10-03T18:26:07Z INFO [557/900] 2e6d6a3e-fba7-4c4b-8497-cbc5299f6742: 27 groups; 1.3 s; peak memory 1155 MiB.
2026-10-03T18:27:46Z INFO [558/900] 2e6d92f8-6572-41e2-bd8f-263fd970945a: 69 groups; 98.7 s; peak memory 1155 MiB.
2026-10-03T18:27:47Z INFO [559/900] 2e6df8fb-25c8-4b14-aad3-49974e6b5f59: 29 groups; 1.0 s; peak memory 1155 MiB.
2026-10-03T18:27:48Z INFO [560/900] 2e6f46e5-1b53-4245-992c-4e94f0412ceb: 32 groups; 1.1 s; peak memory 1155 MiB.
2026-10-03T18:27:51Z INFO [561/900] 2e6fb19a-51ab-4df4-81d2-64a44ebbd14e: 181 groups; 3.0 s; peak memory 1155 MiB.
2026-10-03T18:27:52Z INFO [562/900] 2e70b656-d448-4048-851f-a9b74bc681b6: 22 groups; 0.8 s; peak memory 1155 MiB.
2026-10-03T18:27:56Z INFO [563/900] 2e737762-ceef-4c1c-ae60-08232eea14de: 66 groups; 4.0 s; peak memory 1155 MiB.
2026-10-03T18:27:56Z INFO [564/900] 2e743e50-984e-4207-b7d4-38c4df92697c: 25 groups; 0.7 s; peak memory 1155 MiB.
2026-10-03T18:27:57Z INFO [565/900] 2e748eca-2b4c-4a79-b5e8-15ededebbca7: 22 groups; 0.6 s; peak memory 1155 MiB.
2026-10-03T18:27:58Z INFO [566/900] 2e7495cf-d92c-45b1-8461-f1afd9abc6c1: 195 groups; 1.1 s; peak memory 1155 MiB.
2026-10-03T18:27:59Z INFO [567/900] 2e75146b-4b6b-44df-8ce5-97aeb8a353bc: 35 groups; 0.9 s; peak memory 1155 MiB.
2026-10-03T18:28:00Z INFO [568/900] 2e75842e-dc12-44cc-8306-637d5d7ecdae: 99 groups; 0.8 s; peak memory 1155 MiB.
2026-10-03T18:28:04Z INFO [569/900] 2e75c58e-7cf9-4a82-8a19-e0ffd2d69a32: 181 groups; 3.9 s; peak memory 1155 MiB.
2026-10-03T18:28:05Z INFO [570/900] 2e7631aa-5ba6-43fd-9cdd-2278cd577bbf: 17 groups; 1.7 s; peak memory 1155 MiB.
2026-10-03T18:28:06Z INFO [571/900] 2e763db7-8aee-47b0-aea8-029383ecdc8c: 22 groups; 0.8 s; peak memory 1155 MiB.
2026-10-03T18:28:09Z INFO [572/900] 2e769656-f1ab-4247-b7ef-d6ee9adbea29: 71 groups; 3.3 s; peak memory 1155 MiB.
2026-10-03T18:28:11Z INFO [573/900] 2e786842-1400-407b-ad5f-3f02cc9de480: 48 groups; 1.6 s; peak memory 1155 MiB.
2026-10-03T18:28:12Z INFO [574/900] 2e787832-ca0d-4c56-a9a9-ae102a1e847e: 22 groups; 0.8 s; peak memory 1155 MiB.
2026-10-03T18:28:12Z INFO [575/900] 2e789f68-f799-49fd-af33-480e8a400872: 22 groups; 0.7 s; peak memory 1155 MiB.
2026-10-03T18:28:30Z INFO [576/900] 2e78a8bc-0bec-4e9e-ae40-a27bc9ec1a87: 288 groups; 18.0 s; peak memory 1155 MiB.
2026-10-03T18:28:32Z INFO [577/900] 2e794671-0cac-4c86-a459-de6ecefbbc99: 35 groups; 1.3 s; peak memory 1155 MiB.
2026-10-03T18:28:37Z INFO [578/900] 2e79db74-ea3f-426d-a55c-acda3b2b9b83: 265 groups; 5.0 s; peak memory 1155 MiB.
2026-10-03T18:28:38Z INFO [579/900] 2e7a520e-7656-4147-b5f5-8658b9380317: 32 groups; 0.8 s; peak memory 1155 MiB.
2026-10-03T18:28:38Z INFO [580/900] 2e7a87ff-b81f-45d3-a176-3f6bbc69fcf2: 22 groups; 0.7 s; peak memory 1155 MiB.
2026-10-03T18:28:41Z INFO [581/900] 2e7c39f6-77eb-4ac1-9a11-21e24d77ebb0: 127 groups; 2.9 s; peak memory 1155 MiB.
2026-10-03T18:28:42Z INFO [582/900] 2e7ceb05-26e3-4c22-a090-87b758598fcd: 22 groups; 0.6 s; peak memory 1155 MiB.
2026-10-03T18:28:43Z INFO [583/900] 2e7d10e3-7068-4a0c-b367-49376711c94e: 22 groups; 0.9 s; peak memory 1155 MiB.
2026-10-03T18:28:46Z INFO [584/900] 2e7d2e7b-8cc9-479c-8116-2a125177f9a3: 105 groups; 3.3 s; peak memory 1155 MiB.
2026-10-03T18:28:47Z INFO [585/900] 2e7d84de-1bf0-4ed3-ac15-19ac4151185c: 32 groups; 0.9 s; peak memory 1155 MiB.
2026-10-03T18:28:48Z INFO [586/900] 2e7e2b8a-fea3-40e9-b956-e8450b31716c: 22 groups; 0.6 s; peak memory 1155 MiB.
2026-10-03T18:28:48Z INFO [587/900] 2e7e6419-ba3d-46cc-ab61-4b827aca3e89: 28 groups; 0.8 s; peak memory 1155 MiB.
2026-10-03T18:54:43Z INFO [588/900] 2e7ea814-6c42-4fb9-b4e5-b280ec80958d: 61 groups; 1554.2 s; peak memory 1215 MiB.
2026-10-03T18:54:43Z INFO [589/900] 2e7ef0c9-2973-4b01-9e4f-dc0d46b26d06: 22 groups; 0.9 s; peak memory 1215 MiB.
2026-10-03T18:54:44Z INFO [590/900] 2e802496-fa3c-495d-a5e0-debff46c8c01: 22 groups; 0.8 s; peak memory 1215 MiB.
2026-10-03T18:54:45Z INFO [591/900] 2e8080b0-3ba3-4a98-b17c-5c8e5674f4e9: 32 groups; 0.9 s; peak memory 1215 MiB.
2026-10-03T18:56:53Z INFO [592/900] 2e81091d-38cc-43fa-9470-8e5889968c11: 68 groups; 127.9 s; peak memory 1215 MiB.
2026-10-03T18:56:54Z INFO [593/900] 2e816774-0eac-4a58-8eb9-efede45f97c6: 207 groups; 1.2 s; peak memory 1215 MiB.
2026-10-03T18:56:56Z INFO [594/900] 2e8266d1-c340-4cd9-8dc4-5882abc46fcc: 48 groups; 1.7 s; peak memory 1215 MiB.
2026-10-03T18:57:02Z INFO [595/900] 2e8268c3-a03c-468c-941c-dd3ca5703fbb: 197 groups; 6.1 s; peak memory 1215 MiB.
2026-10-03T18:57:03Z INFO [596/900] 2e850d48-18f3-4471-aeac-5d9b9d89017e: 22 groups; 0.8 s; peak memory 1215 MiB.
2026-10-03T18:57:04Z INFO [597/900] 2e851380-8679-44c2-810e-e5cc79f68741: 32 groups; 0.9 s; peak memory 1215 MiB.
2026-10-03T18:57:05Z INFO [598/900] 2e85ceb1-50b7-409d-8ec0-71994d23468e: 32 groups; 0.9 s; peak memory 1215 MiB.
2026-10-03T18:57:05Z INFO [599/900] 2e85fb6b-3571-4fd6-abb9-d505f36825f0: 22 groups; 0.8 s; peak memory 1215 MiB.
2026-10-03T18:57:06Z INFO [600/900] 2e86c494-953f-4b40-88bd-473d58f1bd4a: 22 groups; 0.6 s; peak memory 1215 MiB.
2026-10-03T18:57:06Z INFO [600/900] 2e86c494-953f-4b40-88bd-473d58f1bd4a: checkpointed 69436 records.
2026-10-03T18:57:07Z INFO [601/900] 2e86e9e2-111e-4fc7-b0fc-7dadf844b61d: 201 groups; 1.1 s; peak memory 1215 MiB.
2026-10-03T18:57:09Z INFO [602/900] 2e8975bf-6b2b-4f42-90c9-9fcae4d63316: 46 groups; 1.7 s; peak memory 1215 MiB.
2026-10-03T18:57:11Z INFO [603/900] 2e8a0ed9-8c78-47e2-afaf-4fa8057783f3: 50 groups; 2.0 s; peak memory 1215 MiB.
2026-10-03T18:57:12Z INFO [604/900] 2e8a937d-b303-4da9-9c8e-2873206de443: 22 groups; 0.7 s; peak memory 1215 MiB.
2026-10-03T18:57:12Z INFO [605/900] 2e8b142c-b96b-4e0b-9e43-b7cb016d4b75: 16 groups; 0.7 s; peak memory 1215 MiB.
2026-10-03T18:57:13Z INFO [606/900] 2e8c02d3-10aa-4664-b820-d5ef6366c6ab: 199 groups; 1.2 s; peak memory 1215 MiB.
2026-10-03T18:58:08Z INFO [607/900] 2e8c2e17-434b-4b20-8e59-081982c59681: 33 groups; 54.1 s; peak memory 1215 MiB.
2026-10-03T18:58:08Z INFO [608/900] 2e8d0432-c85c-4c2d-9d1e-2440604af5b0: 24 groups; 0.7 s; peak memory 1215 MiB.
2026-10-03T18:58:12Z INFO [609/900] 2e8f4a28-d720-4445-bc2a-cfe5ede375e7: 78 groups; 4.2 s; peak memory 1215 MiB.
2026-10-03T18:58:14Z INFO [610/900] 2e8f915c-33e4-4359-8673-d39f19fa55f4: 27 groups; 1.2 s; peak memory 1215 MiB.
2026-10-03T18:58:14Z INFO [611/900] 2e8fe785-2e3b-4bf9-8308-dd61a40792f8: 22 groups; 0.8 s; peak memory 1215 MiB.
2026-10-03T18:58:19Z INFO [612/900] 2e901c79-48cb-4987-bbef-50057ff774be: 192 groups; 4.5 s; peak memory 1215 MiB.
2026-10-03T18:58:21Z INFO [613/900] 2e906c76-ebe4-4b9d-83e5-00baf1647aaa: 48 groups; 1.6 s; peak memory 1215 MiB.
2026-10-03T18:58:21Z INFO [614/900] 2e90ac13-60ee-49b0-b3ee-ca184891537a: 22 groups; 0.8 s; peak memory 1215 MiB.
2026-10-03T18:58:22Z INFO [615/900] 2e90bc80-3511-44aa-a51f-f21824cf50ff: 35 groups; 1.1 s; peak memory 1215 MiB.
2026-10-03T18:58:29Z INFO [616/900] 2e90e6d1-7b53-4490-a83d-065868ef813a: 50 groups; 6.6 s; peak memory 1215 MiB.
2026-10-03T18:58:30Z INFO [617/900] 2e9163ee-8598-4513-8e6d-44176bec7dd5: 22 groups; 0.9 s; peak memory 1215 MiB.
2026-10-03T18:58:31Z INFO [618/900] 2e91fab9-6541-476c-b6b0-b6da407a54e8: 32 groups; 0.8 s; peak memory 1215 MiB.
2026-10-03T18:58:33Z INFO [619/900] 2e922c24-e676-432a-bead-3b9c87204a06: 201 groups; 1.9 s; peak memory 1215 MiB.
2026-10-03T18:58:38Z INFO [620/900] 2e922ee3-3e31-4889-8bae-c187410fba1d: 66 groups; 5.8 s; peak memory 1215 MiB.
2026-10-03T18:58:42Z INFO [621/900] 2e92bf93-9696-4645-8ace-b6eb2e6d6718: 84 groups; 3.1 s; peak memory 1215 MiB.
2026-10-03T18:58:42Z INFO [622/900] 2e94a6b2-b676-4b5d-891a-0d30f17b5978: 32 groups; 0.9 s; peak memory 1215 MiB.
2026-10-03T18:58:43Z INFO [623/900] 2e95acdf-4fde-42d8-9d64-ea92f29e36ff: 35 groups; 1.0 s; peak memory 1215 MiB.
2026-10-03T18:58:47Z INFO [624/900] 2e96746e-b803-4a3e-8aff-05a520da443c: 78 groups; 4.1 s; peak memory 1215 MiB.
2026-10-03T18:58:48Z INFO [625/900] 2e96d3c8-6fc4-492a-9a5c-e3c0fb8b7d1b: 253 groups; 0.9 s; peak memory 1215 MiB.
2026-10-03T18:58:49Z INFO [626/900] 2e9903f5-9dd0-4820-b29a-dafe3f95d3c2: 36 groups; 1.0 s; peak memory 1215 MiB.
2026-10-03T18:58:50Z INFO [627/900] 2e99c279-b5e5-4c6b-b93c-c56ce30202a9: 22 groups; 0.8 s; peak memory 1215 MiB.
2026-10-03T18:58:57Z INFO [628/900] 2e9aad8a-aa68-4478-a3c5-d4d6e47b1780: 56 groups; 6.3 s; peak memory 1215 MiB.
2026-10-03T18:58:57Z INFO [629/900] 2e9b5f0e-8a1b-4205-b4ea-f688175f62d9: 24 groups; 0.5 s; peak memory 1215 MiB.
2026-10-03T18:58:58Z INFO [630/900] 2e9bf43e-20c5-4342-a0f9-2f620d6ed02c: 22 groups; 0.6 s; peak memory 1215 MiB.
2026-10-03T18:58:59Z INFO [631/900] 2e9d7646-df3e-44fe-a776-5ccb7ae01bd0: 29 groups; 1.2 s; peak memory 1215 MiB.
2026-10-03T18:59:00Z INFO [632/900] 2e9dd198-55d0-4b0a-9a59-088648660cdc: 195 groups; 1.1 s; peak memory 1215 MiB.
2026-10-03T18:59:00Z INFO [633/900] 2e9dd254-6575-4fe3-a0d7-45e9b89ff6d5: 31 groups; 0.5 s; peak memory 1215 MiB.
2026-10-03T18:59:02Z INFO [634/900] 2e9ddea6-b8d0-4cea-a180-40de57076366: 47 groups; 2.0 s; peak memory 1215 MiB.
2026-10-03T18:59:04Z INFO [635/900] 2e9eead4-7e78-4c61-84b3-ff501eb92ebc: 33 groups; 1.6 s; peak memory 1215 MiB.
2026-10-03T18:59:06Z INFO [636/900] 2e9fd3d6-688f-4c30-b321-7abb7bf18c2b: 54 groups; 1.6 s; peak memory 1215 MiB.
2026-10-03T18:59:07Z INFO [637/900] 2e9fec99-925f-4343-b742-8560b9eb5aeb: 48 groups; 1.4 s; peak memory 1215 MiB.
2026-10-03T18:59:07Z INFO [638/900] 2ea03fab-87ab-4695-8d91-69858c6b64e3: 16 groups; 0.5 s; peak memory 1215 MiB.
2026-10-03T18:59:09Z INFO [639/900] 2ea07369-dee9-4627-a79d-8d6470676d41: 37 groups; 1.7 s; peak memory 1215 MiB.
2026-10-03T18:59:10Z INFO [640/900] 2ea0cf47-1211-4e62-a64a-027fe9d0bf4b: 195 groups; 0.9 s; peak memory 1215 MiB.
2026-10-03T18:59:11Z INFO [641/900] 2ea181c3-c560-469a-b679-235ca52131b0: 32 groups; 0.9 s; peak memory 1215 MiB.
2026-10-03T18:59:11Z INFO [642/900] 2ea2224c-2cfc-462f-804e-5f4f79775e45: 32 groups; 0.5 s; peak memory 1215 MiB.
2026-10-03T18:59:20Z INFO [643/900] 2ea25daf-de2a-4ce4-96cd-43220b31409f: 122 groups; 8.3 s; peak memory 1215 MiB.
2026-10-03T18:59:20Z INFO [644/900] 2ea26252-2997-4707-9a4c-8203f1aa14f5: 22 groups; 0.8 s; peak memory 1215 MiB.
2026-10-03T18:59:21Z INFO [645/900] 2ea2c3d2-6c18-41b5-9b8a-841855dd9b8a: 25 groups; 0.7 s; peak memory 1215 MiB.
2026-10-03T18:59:23Z INFO [646/900] 2ea37cd3-96a0-46db-ba39-91128694b359: 22 groups; 1.6 s; peak memory 1215 MiB.
2026-10-03T18:59:23Z INFO [647/900] 2ea3eaab-be69-495a-9f09-9b5ec260633a: 31 groups; 0.7 s; peak memory 1215 MiB.
2026-10-03T18:59:28Z INFO [648/900] 2ea571ae-1bfc-4790-afe8-275b3ae401f8: 65 groups; 5.0 s; peak memory 1215 MiB.
2026-10-03T19:01:26Z INFO [649/900] 2ea67021-7dfb-4b26-8adf-4a9a6c2b2682: 89 groups; 117.2 s; peak memory 1215 MiB.
2026-10-03T19:01:32Z INFO [650/900] 2ea6f5b6-e724-42f6-9677-30f6cac155df: 68 groups; 5.9 s; peak memory 1215 MiB.
2026-10-03T19:01:32Z INFO [650/900] 2ea6f5b6-e724-42f6-9677-30f6cac155df: checkpointed 69486 records.
2026-10-03T19:01:33Z INFO [651/900] 2ea6fd18-2218-46e0-9259-e43d6edd4cea: 42 groups; 1.0 s; peak memory 1215 MiB.
2026-10-03T19:01:37Z INFO [652/900] 2ea771b0-dc65-4269-8dd1-9c52c8823d7e: 47 groups; 4.8 s; peak memory 1215 MiB.
2026-10-03T19:01:38Z INFO [653/900] 2ea804a2-33bc-4e41-83a7-9c0710fc0ddf: 258 groups; 1.0 s; peak memory 1215 MiB.
2026-10-03T19:01:40Z INFO [654/900] 2ea8b013-6a36-4921-bbd4-86fa2d511036: 206 groups; 1.2 s; peak memory 1215 MiB.
2026-10-03T19:01:40Z INFO [655/900] 2ea8f65f-ebff-44e6-a94d-ec905092b21d: 22 groups; 0.8 s; peak memory 1215 MiB.
2026-10-03T19:01:41Z INFO [656/900] 2ea94c9c-8012-47ad-a7bf-b268984b658c: 33 groups; 0.8 s; peak memory 1215 MiB.
2026-10-03T19:01:43Z INFO [657/900] 2ea9b8a4-7148-4674-9ffc-d605b0ad423b: 49 groups; 1.3 s; peak memory 1215 MiB.
2026-10-03T19:01:44Z INFO [658/900] 2eaa696e-204c-48bb-9d41-815f1a0559a2: 35 groups; 1.0 s; peak memory 1215 MiB.
2026-10-03T19:01:44Z INFO [659/900] 2eaa75b0-d01a-4770-94e2-d939f6ac548c: 252 groups; 0.8 s; peak memory 1215 MiB.
2026-10-03T19:01:46Z INFO [660/900] 2eaa8478-acf2-4644-b3ad-7eb509dba44f: 207 groups; 1.4 s; peak memory 1215 MiB.
2026-10-03T19:01:47Z INFO [661/900] 2eab4860-f591-47b1-abfd-54630a481b97: 33 groups; 0.9 s; peak memory 1215 MiB.
2026-10-03T19:01:48Z INFO [662/900] 2eac2228-2ed9-4193-9f11-4aa76786b6c3: 22 groups; 1.0 s; peak memory 1215 MiB.
2026-10-03T19:01:48Z INFO [663/900] 2ead4642-2918-4c2d-83a3-bd3bc33bfa1b: 32 groups; 0.8 s; peak memory 1215 MiB.
2026-10-03T19:01:49Z INFO [664/900] 2eae9dc2-599e-438b-964c-7ae7f24aea9e: 22 groups; 0.8 s; peak memory 1215 MiB.
2026-10-03T19:01:50Z INFO [665/900] 2eaec42c-5eb8-476d-8365-12b0901d4e57: 22 groups; 0.5 s; peak memory 1215 MiB.
2026-10-03T19:01:50Z INFO [666/900] 2eaf2058-9ec6-4f95-96b1-00aee5649440: 16 groups; 0.5 s; peak memory 1215 MiB.
2026-10-03T19:01:51Z INFO [667/900] 2eb00d42-1c3e-4f58-81ad-5d7e8b09efaa: 253 groups; 0.7 s; peak memory 1215 MiB.
2026-10-03T19:01:53Z INFO [668/900] 2eb05a6b-73b6-4689-a824-fc6f3d916719: 48 groups; 1.8 s; peak memory 1215 MiB.
2026-10-03T19:01:59Z INFO [669/900] 2eb11d36-532f-4aad-b2c5-145a3009f32e: 1694 groups; 5.9 s; peak memory 1215 MiB.
2026-10-03T19:01:59Z INFO [670/900] 2eb1942f-d3c1-4f38-8bcc-d58d270d23c7: 16 groups; 0.7 s; peak memory 1215 MiB.
2026-10-03T19:02:21Z INFO [671/900] 2eb211e8-b5a7-4ea8-9245-3321c7993ce1: 23 groups; 22.2 s; peak memory 1215 MiB.
2026-10-03T19:02:22Z INFO [672/900] 2eb2301b-699b-46c7-a5fa-67d54d0206a7: 41 groups; 0.8 s; peak memory 1215 MiB.
2026-10-03T19:02:23Z INFO [673/900] 2eb30919-9ce4-41cf-bf83-cb26695e6020: 255 groups; 1.0 s; peak memory 1215 MiB.
2026-10-03T19:02:25Z INFO [674/900] 2eb30ea5-8cc5-4f51-be76-023013118617: 48 groups; 1.5 s; peak memory 1215 MiB.
2026-10-03T19:02:26Z INFO [675/900] 2eb395bd-2528-45ef-a2e7-92ca7db61dc0: 32 groups; 0.8 s; peak memory 1215 MiB.
2026-10-03T19:03:58Z INFO [676/900] 2eb3fc4b-df12-4e8d-b745-44d6ffd73675: 35 groups; 92.2 s; peak memory 1215 MiB.
2026-10-03T19:04:03Z INFO [677/900] 2eb40a77-3c81-4ac2-896a-abf560dfcd5a: 66 groups; 5.0 s; peak memory 1215 MiB.
2026-10-03T19:04:04Z INFO [678/900] 2eb46225-13f0-48d5-86ff-434bffc66005: 336 groups; 1.5 s; peak memory 1215 MiB.
2026-10-03T19:04:11Z INFO [679/900] 2eb59def-5f29-4380-83a3-70e4085b0eaf: 209 groups; 6.2 s; peak memory 1215 MiB.
2026-10-03T19:04:11Z INFO [680/900] 2eb7e965-3ab5-4ed6-8293-0095d88db98b: 22 groups; 0.9 s; peak memory 1215 MiB.
2026-10-03T19:04:13Z INFO [681/900] 2eb94bbe-4f9b-4962-8f2e-60eb227b64f4: 200 groups; 1.1 s; peak memory 1215 MiB.
2026-10-03T19:04:14Z INFO [682/900] 2eb98413-4050-40a6-ae93-b4970f925d39: 35 groups; 1.1 s; peak memory 1215 MiB.
2026-10-03T19:04:18Z INFO [683/900] 2eb98789-3f3a-4579-9737-c528aed9e323: 178 groups; 4.0 s; peak memory 1215 MiB.
2026-10-03T19:04:19Z INFO [684/900] 2eba6bd5-52ee-42af-8777-1d165b736518: 17 groups; 1.6 s; peak memory 1215 MiB.
2026-10-03T19:04:20Z INFO [685/900] 2ebad590-0556-4c8f-88ec-3226f489239c: 27 groups; 0.8 s; peak memory 1215 MiB.
2026-10-03T19:04:24Z INFO [686/900] 2ebaf47f-3287-40fe-9613-46eb75ff0837: 47 groups; 4.1 s; peak memory 1215 MiB.
2026-10-03T19:04:25Z INFO [687/900] 2ebb03f7-2994-4f6c-b70d-9c8d53f711c2: 28 groups; 0.7 s; peak memory 1215 MiB.
2026-10-03T19:04:26Z INFO [688/900] 2ebb054a-52fb-4139-b148-ba5264595b36: 31 groups; 0.7 s; peak memory 1215 MiB.
2026-10-03T19:04:26Z INFO [689/900] 2ebc6efa-0eba-4e0a-a9b6-c91f5ddcae20: 32 groups; 0.8 s; peak memory 1215 MiB.
2026-10-03T19:04:27Z INFO [690/900] 2ebc825a-a723-4f23-96b8-d6bbe7844e32: 32 groups; 0.9 s; peak memory 1215 MiB.
2026-10-03T19:04:34Z INFO [691/900] 2ebd7006-dcbd-4cce-ae7c-05686cbe35dd: 289 groups; 6.7 s; peak memory 1215 MiB.
2026-10-03T19:04:38Z INFO [692/900] 2ebd9aab-247b-4e9b-b971-f275549792b1: 181 groups; 4.1 s; peak memory 1215 MiB.
2026-10-03T19:04:39Z INFO [693/900] 2ebe05b6-80f9-44b4-9692-0d8f3adeaa95: 22 groups; 0.8 s; peak memory 1215 MiB.
2026-10-03T19:04:40Z INFO [694/900] 2ebe19fa-0e9b-451e-8e21-5006c08bd040: 33 groups; 1.0 s; peak memory 1215 MiB.
2026-10-03T19:04:41Z INFO [695/900] 2ebee549-44f5-4df3-abfc-f483df8e69fd: 22 groups; 0.7 s; peak memory 1215 MiB.
2026-10-03T19:04:44Z INFO [696/900] 2ebee7dd-5b25-48d9-a1d1-5bb954cbb11a: 78 groups; 3.4 s; peak memory 1215 MiB.
2026-10-03T19:04:45Z INFO [697/900] 2ebf481c-0e5b-420e-af69-e53c1285b239: 32 groups; 0.9 s; peak memory 1215 MiB.
2026-10-03T19:04:46Z INFO [698/900] 2ec0d019-0a1f-4570-908b-f709775e1ac9: 29 groups; 0.9 s; peak memory 1215 MiB.
2026-10-03T19:04:47Z INFO [699/900] 2ec0ec38-f026-4b07-9d0a-7496c35da831: 35 groups; 1.5 s; peak memory 1215 MiB.
2026-10-03T19:04:48Z INFO [700/900] 2ec0fcfe-0e7b-49cf-987e-362d16d9b0bc: 32 groups; 0.9 s; peak memory 1215 MiB.
2026-10-03T19:04:48Z INFO [700/900] 2ec0fcfe-0e7b-49cf-987e-362d16d9b0bc: checkpointed 69536 records.
2026-10-03T19:04:50Z INFO [701/900] 2ec20fb3-dbe3-4d2d-b1d9-4e351bb37890: 52 groups; 1.7 s; peak memory 1215 MiB.
2026-10-03T19:04:52Z INFO [702/900] 2ec4449c-3371-4bc7-8399-6f19f426c59a: 48 groups; 1.6 s; peak memory 1215 MiB.
2026-10-03T19:04:54Z INFO [703/900] 2ec66f44-db65-4a98-bf42-217c483f147b: 58 groups; 2.6 s; peak memory 1215 MiB.
2026-10-03T19:04:55Z INFO [704/900] 2ec742af-e8b0-4137-a592-2a1cc1e7f1c6: 22 groups; 0.8 s; peak memory 1215 MiB.
2026-10-03T19:04:56Z INFO [705/900] 2ec7f135-cde7-423c-986c-5a9fe746e985: 202 groups; 1.0 s; peak memory 1215 MiB.
2026-10-03T19:04:57Z INFO [706/900] 2ec85010-c08e-4388-bb90-1bed9b88ade6: 17 groups; 0.7 s; peak memory 1215 MiB.
2026-10-03T19:05:00Z INFO [707/900] 2ec85658-b25c-4eeb-96de-c9af8330822a: 71 groups; 3.3 s; peak memory 1215 MiB.
2026-10-03T19:05:01Z INFO [708/900] 2ec8c26b-fcd8-4a1b-9b5a-7a399850bb62: 42 groups; 1.1 s; peak memory 1215 MiB.
2026-10-03T19:05:02Z INFO [709/900] 2ec8f592-9a1f-43ab-ae04-d6737570a80a: 41 groups; 0.8 s; peak memory 1215 MiB.
2026-10-03T19:05:10Z INFO [710/900] 2ec989d3-b6a0-41a5-bce1-f7ca9e1a23c8: 294 groups; 8.3 s; peak memory 1215 MiB.
2026-10-03T19:05:11Z INFO [711/900] 2ec9c020-3e6d-433a-9120-8749101be3cf: 32 groups; 0.8 s; peak memory 1215 MiB.
2026-10-03T19:05:12Z INFO [712/900] 2eca04b6-f056-4aea-a310-b3b07f313566: 32 groups; 0.7 s; peak memory 1215 MiB.
2026-10-03T19:05:12Z INFO [713/900] 2ecac856-697e-463b-b5da-8c8b061104eb: 29 groups; 0.6 s; peak memory 1215 MiB.
2026-10-03T19:05:16Z INFO [714/900] 2ecaec3c-5333-42ef-a383-81c9719ce586: 67 groups; 3.8 s; peak memory 1215 MiB.
2026-10-03T19:05:17Z INFO [715/900] 2eccc862-dfe9-4b16-ac47-49039bfa7888: 33 groups; 0.9 s; peak memory 1215 MiB.
2026-10-03T19:05:18Z INFO [716/900] 2ece73cd-d2b5-4e3d-a285-2796635f4714: 32 groups; 0.8 s; peak memory 1215 MiB.
2026-10-03T19:05:19Z INFO [717/900] 2ece8e62-b83d-4dae-b637-707367e6c320: 22 groups; 0.7 s; peak memory 1215 MiB.
2026-10-03T19:05:32Z INFO [718/900] 2ed06f36-517a-4847-975c-281b4ec97671: 1111 groups; 13.1 s; peak memory 1215 MiB.
2026-10-03T19:05:33Z INFO [719/900] 2ed0ee8e-2011-4646-9d01-fa165ef97c83: 35 groups; 1.0 s; peak memory 1215 MiB.
2026-10-03T19:05:33Z INFO [720/900] 2ed13956-fc78-4409-b123-d9f561e1a2cd: 22 groups; 0.7 s; peak memory 1215 MiB.
2026-10-03T19:05:46Z INFO [721/900] 2ed14e18-fc15-472f-a8bf-3cd7c69db8ad: 63 groups; 12.5 s; peak memory 1215 MiB.
2026-10-03T19:05:50Z INFO [722/900] 2ed2b1ca-5547-4cb3-b4f3-17434a71f90a: 34 groups; 4.2 s; peak memory 1215 MiB.
2026-10-03T19:05:51Z INFO [723/900] 2ed2e554-a350-448a-baeb-2a2fd2f0983f: 201 groups; 1.1 s; peak memory 1215 MiB.
2026-10-03T19:05:52Z INFO [724/900] 2ed37b79-f2b7-4e2b-aeeb-48856df4934c: 16 groups; 0.5 s; peak memory 1215 MiB.
2026-10-03T19:05:53Z INFO [725/900] 2ed3ed60-b07b-4f9d-8153-16963cec172d: 35 groups; 0.8 s; peak memory 1215 MiB.
2026-10-03T19:05:53Z INFO [726/900] 2ed53bc7-245d-4e25-a016-4598c17630f1: 22 groups; 0.6 s; peak memory 1215 MiB.
2026-10-03T19:06:16Z INFO [727/900] 2ed5c456-2614-4ca8-b091-68aaae4b9da6: 23 groups; 22.5 s; peak memory 1215 MiB.
2026-10-03T19:06:16Z INFO [728/900] 2ed5f227-cb1a-41b2-bc0b-6591f4758cc9: 17 groups; 0.6 s; peak memory 1215 MiB.
2026-10-03T19:06:17Z INFO [729/900] 2ed63fa0-0e1e-410d-b96d-eeac8ddf513a: 22 groups; 0.9 s; peak memory 1215 MiB.
2026-10-03T19:06:20Z INFO [730/900] 2ed64b20-dcbd-4179-a6f4-ed804a831e83: 68 groups; 2.9 s; peak memory 1215 MiB.
2026-10-03T19:06:22Z INFO [731/900] 2ed6938e-b7f0-4741-82ff-e24db9407138: 50 groups; 2.1 s; peak memory 1215 MiB.
2026-10-03T19:06:23Z INFO [732/900] 2ed6db19-fadd-4262-a1a4-c6398c0fca08: 33 groups; 1.1 s; peak memory 1215 MiB.
2026-10-03T19:06:24Z INFO [733/900] 2ed6e6bd-6020-4bfb-b786-bc8b6e39f742: 22 groups; 0.5 s; peak memory 1215 MiB.
2026-10-03T19:06:25Z INFO [734/900] 2ed76e4a-59b2-4183-b636-e490e3dc3f21: 33 groups; 1.2 s; peak memory 1215 MiB.
2026-10-03T19:06:26Z INFO [735/900] 2ed80fa9-06d0-47ae-be0d-834ba1124369: 29 groups; 1.2 s; peak memory 1215 MiB.
2026-10-03T19:06:27Z INFO [736/900] 2ed84c75-1921-484c-bea9-90637ca35632: 22 groups; 0.9 s; peak memory 1215 MiB.
2026-10-03T19:06:38Z INFO [737/900] 2ed9ca5e-f95c-4caa-8db8-26183e5e7971: 308 groups; 10.7 s; peak memory 1215 MiB.
2026-10-03T19:06:40Z INFO [738/900] 2ed9cf2d-626d-4248-bf1b-70e2f1610c8a: 50 groups; 2.1 s; peak memory 1215 MiB.
2026-10-03T19:06:41Z INFO [739/900] 2edaa27c-2ede-4f7e-a2b2-c2d5ac7e5040: 48 groups; 1.3 s; peak memory 1215 MiB.
2026-10-03T19:06:47Z INFO [740/900] 2edabbe6-2ab7-4122-8be3-4c481a5e0a6d: 174 groups; 5.5 s; peak memory 1215 MiB.
2026-10-03T19:06:48Z INFO [741/900] 2edae55b-2505-4288-b9bd-aab705c06978: 48 groups; 1.5 s; peak memory 1215 MiB.
2026-10-03T19:06:49Z INFO [742/900] 2edb257c-7405-403f-894e-ace9397bce95: 18 groups; 0.6 s; peak memory 1215 MiB.
2026-10-03T19:06:50Z INFO [743/900] 2edb8306-0e0a-48f6-94d7-21df4dbb89ba: 199 groups; 1.4 s; peak memory 1215 MiB.
2026-10-03T19:06:51Z INFO [744/900] 2edd4604-d521-48c7-bd26-fa7a51707ca6: 35 groups; 1.0 s; peak memory 1215 MiB.
2026-10-03T19:06:52Z INFO [745/900] 2edf5ed2-f43c-4513-9eab-2430ceb82f99: 193 groups; 0.8 s; peak memory 1215 MiB.
2026-10-03T19:06:53Z INFO [746/900] 2ee09467-dfcf-43f6-be4b-dc888a298a52: 199 groups; 0.9 s; peak memory 1215 MiB.
2026-10-03T19:06:54Z INFO [747/900] 2ee120e9-f09d-4bd7-b749-f9c10ab1d191: 32 groups; 0.8 s; peak memory 1215 MiB.
2026-10-03T19:06:54Z INFO [748/900] 2ee1932f-9fe8-48cc-8565-da6da232576c: 25 groups; 0.7 s; peak memory 1215 MiB.
2026-10-03T19:06:56Z INFO [749/900] 2ee24369-1e20-495f-a6e4-fe5887e963d1: 50 groups; 1.9 s; peak memory 1215 MiB.
2026-10-03T19:06:57Z INFO [750/900] 2ee2d759-1a2c-45fc-97be-686a60595818: 16 groups; 0.6 s; peak memory 1215 MiB.
2026-10-03T19:06:57Z INFO [750/900] 2ee2d759-1a2c-45fc-97be-686a60595818: checkpointed 69586 records.
2026-10-03T19:07:01Z INFO [751/900] 2ee30cd0-7f75-4909-8db4-78f4d42f73bd: 181 groups; 3.8 s; peak memory 1215 MiB.
2026-10-03T19:07:02Z INFO [752/900] 2ee38cf0-fcc4-4cda-9314-9bd1f77369b8: 32 groups; 0.8 s; peak memory 1215 MiB.
2026-10-03T19:07:03Z INFO [753/900] 2ee4903b-5d0b-45c2-9280-9e194341ac07: 33 groups; 0.9 s; peak memory 1215 MiB.
2026-10-03T19:07:03Z INFO [754/900] 2ee53456-51b7-4b9e-8b60-c8f0df35f20f: 32 groups; 0.9 s; peak memory 1215 MiB.
2026-10-03T19:07:04Z INFO [755/900] 2ee648bd-dfa4-425c-88c6-4a052a2fefad: 33 groups; 0.9 s; peak memory 1215 MiB.
2026-10-03T19:07:06Z INFO [756/900] 2ee6b8e6-71aa-443a-a83c-545809b7fcea: 26 groups; 1.5 s; peak memory 1215 MiB.
2026-10-03T19:07:07Z INFO [757/900] 2ee79991-e5a7-4970-9eac-1e13834330c1: 35 groups; 0.9 s; peak memory 1215 MiB.
2026-10-03T19:07:11Z INFO [758/900] 2ee8aa72-42e7-46bd-a42a-665de469b881: 204 groups; 4.5 s; peak memory 1215 MiB.
2026-10-03T19:07:12Z INFO [759/900] 2ee8e247-9d70-42a9-86d7-8a523dda3639: 16 groups; 0.5 s; peak memory 1215 MiB.
2026-10-03T19:07:13Z INFO [760/900] 2ee93e85-8ad3-4315-a906-3fb2743638b5: 32 groups; 0.8 s; peak memory 1215 MiB.
2026-10-03T19:07:13Z INFO [761/900] 2eea6576-a1d9-4de4-87c4-80546046049a: 258 groups; 0.9 s; peak memory 1215 MiB.
2026-10-03T19:07:14Z INFO [762/900] 2eea7a2e-2740-4f6f-9792-e2da8bde5e9d: 16 groups; 0.5 s; peak memory 1215 MiB.
2026-10-03T19:07:16Z INFO [763/900] 2eed09c1-a146-4839-bcc1-2fc7244f4ecc: 48 groups; 1.6 s; peak memory 1215 MiB.
2026-10-03T19:07:16Z INFO [764/900] 2eeda87a-279a-4420-a1e7-baba89adb9b9: 22 groups; 0.7 s; peak memory 1215 MiB.
2026-10-03T19:07:17Z INFO [765/900] 2eee6129-82df-4b27-83f8-886b2fddba9a: 25 groups; 0.9 s; peak memory 1215 MiB.
2026-10-03T19:07:18Z INFO [766/900] 2eee84d2-a95a-4b8c-b50f-5416ceb7d3d9: 35 groups; 1.1 s; peak memory 1215 MiB.
2026-10-03T19:07:23Z INFO [767/900] 2eeed210-de35-4060-b3e6-891d6c8bce9e: 154 groups; 4.5 s; peak memory 1215 MiB.
2026-10-03T19:07:59Z INFO [768/900] 2eef123f-44f1-445a-b24c-55ada0216da6: 27 groups; 36.4 s; peak memory 1215 MiB.
2026-10-03T19:08:00Z INFO [769/900] 2eefad35-7b19-44ab-b506-13f26d88f624: 22 groups; 0.7 s; peak memory 1215 MiB.
2026-10-03T19:08:01Z INFO [770/900] 2eeff729-66fd-4e2c-bf26-17de3ff47535: 32 groups; 0.9 s; peak memory 1215 MiB.
2026-10-03T19:08:02Z INFO [771/900] 2ef06b36-0eef-4f86-8b66-7ca08af6f27d: 32 groups; 0.9 s; peak memory 1215 MiB.
2026-10-03T19:08:04Z INFO [772/900] 2ef0eebe-a557-46d3-a2b7-2f94ba748322: 50 groups; 2.1 s; peak memory 1215 MiB.
2026-10-03T19:08:05Z INFO [773/900] 2ef125fa-e305-46ad-9c0b-797449ad5d70: 200 groups; 1.6 s; peak memory 1215 MiB.
2026-10-03T19:08:06Z INFO [774/900] 2ef15f0f-268f-4320-b056-bfe74fd725ea: 31 groups; 0.7 s; peak memory 1215 MiB.
2026-10-03T19:08:07Z INFO [775/900] 2ef1ab24-ab0b-4354-a35a-9c5495b48ac1: 22 groups; 0.5 s; peak memory 1215 MiB.
2026-10-03T19:08:09Z INFO [776/900] 2ef1d92b-ab96-46b9-b650-f156078d9020: 47 groups; 2.0 s; peak memory 1215 MiB.
2026-10-03T19:08:09Z INFO [777/900] 2ef1ff5c-fcf1-4fcc-99d3-d9d03a422a04: 22 groups; 0.5 s; peak memory 1215 MiB.
2026-10-03T19:08:10Z INFO [778/900] 2ef219bd-63f0-4b2f-b9fe-54ef375ccd3c: 16 groups; 0.4 s; peak memory 1215 MiB.
2026-10-03T19:08:10Z INFO [779/900] 2ef2a144-42d2-4ea3-b86b-bf58185c2d71: 32 groups; 0.9 s; peak memory 1215 MiB.
2026-10-03T19:08:19Z INFO [780/900] 2ef317c9-379c-4c8d-9006-b52c18fa5f3c: 1486 groups; 8.3 s; peak memory 1215 MiB.
2026-10-03T19:08:20Z INFO [781/900] 2ef418b9-5817-43d7-b794-0e3513411c14: 22 groups; 0.7 s; peak memory 1215 MiB.
2026-10-03T19:08:21Z INFO [782/900] 2ef47d83-be07-43de-a057-18925447e9fd: 201 groups; 1.3 s; peak memory 1215 MiB.
2026-10-03T19:08:22Z INFO [783/900] 2ef4db1e-5f66-4281-a7b3-1a953544a502: 22 groups; 0.8 s; peak memory 1215 MiB.
2026-10-03T19:08:23Z INFO [784/900] 2ef4e170-4376-4a61-b1a7-b19fa14d5274: 32 groups; 1.1 s; peak memory 1215 MiB.
2026-10-03T19:08:23Z INFO [785/900] 2ef4e825-9a04-4e20-88e0-75cacd273bcf: 33 groups; 0.6 s; peak memory 1215 MiB.
2026-10-03T19:08:24Z INFO [786/900] 2ef5f290-6326-4194-82b9-5076e945e9e8: 25 groups; 0.7 s; peak memory 1215 MiB.
2026-10-03T19:08:28Z INFO [787/900] 2ef65201-d1c7-49bf-a4f9-63cb3e08b8d0: 47 groups; 4.5 s; peak memory 1215 MiB.
2026-10-03T19:08:29Z INFO [788/900] 2ef67774-c22c-4cc5-a0f6-d5b2bcdc45a3: 22 groups; 0.5 s; peak memory 1215 MiB.
2026-10-03T19:08:30Z INFO [789/900] 2ef71d23-9d5c-4b74-a3e8-18f57674e31d: 104 groups; 1.0 s; peak memory 1215 MiB.
2026-10-03T19:08:37Z INFO [790/900] 2ef807d6-c9da-4c51-ab7b-a90ff1215fb7: 66 groups; 7.1 s; peak memory 1215 MiB.
2026-10-03T19:08:38Z INFO [791/900] 2ef83cbc-e9a1-4092-81a7-49a8e0eebf18: 32 groups; 0.9 s; peak memory 1215 MiB.
2026-10-03T19:08:39Z INFO [792/900] 2ef8638d-0a0e-4cc8-83bb-e1b7664eff08: 254 groups; 0.8 s; peak memory 1215 MiB.
2026-10-03T19:08:40Z INFO [793/900] 2ef8a834-89f7-40e4-ade6-039454fe2a94: 32 groups; 0.8 s; peak memory 1215 MiB.
2026-10-03T19:08:44Z INFO [794/900] 2ef8acb3-9b6d-4b67-947d-44ee49be6c35: 85 groups; 4.4 s; peak memory 1215 MiB.
2026-10-03T19:08:45Z INFO [795/900] 2ef8c825-9a74-490c-ae98-04530afaa14b: 25 groups; 0.8 s; peak memory 1215 MiB.
2026-10-03T19:08:46Z INFO [796/900] 2ef9051c-60cb-467a-a315-211df286b14b: 22 groups; 0.8 s; peak memory 1215 MiB.
2026-10-03T19:08:47Z INFO [797/900] 2ef94fca-8c24-48fd-a616-8be858329f86: 37 groups; 1.4 s; peak memory 1215 MiB.
2026-10-03T19:08:48Z INFO [798/900] 2ef9a03a-465c-45b0-b87d-96d2574d1978: 254 groups; 0.7 s; peak memory 1215 MiB.
2026-10-03T19:08:50Z INFO [799/900] 2ef9ba17-b167-4f11-b512-9ab557c2e3f7: 56 groups; 1.9 s; peak memory 1215 MiB.
2026-10-03T19:08:51Z INFO [800/900] 2efb7453-e0ba-413e-a338-84b3b055fe87: 22 groups; 0.9 s; peak memory 1215 MiB.
2026-10-03T19:08:51Z INFO [800/900] 2efb7453-e0ba-413e-a338-84b3b055fe87: checkpointed 69636 records.
2026-10-03T19:08:53Z INFO [801/900] 2efc991e-9808-4351-b00d-cb6e24bd0414: 65 groups; 2.4 s; peak memory 1215 MiB.
2026-10-03T19:08:54Z INFO [802/900] 2efdc7e4-32c5-48bb-bff6-b836212b248a: 22 groups; 0.8 s; peak memory 1215 MiB.
2026-10-03T19:08:55Z INFO [803/900] 2efe14fb-67ab-411e-92dd-4d9ab550b380: 22 groups; 0.8 s; peak memory 1215 MiB.
2026-10-03T19:08:56Z INFO [804/900] 2efe6984-bc0d-49c2-817c-2b4c513e6c19: 17 groups; 1.5 s; peak memory 1215 MiB.
2026-10-03T19:08:57Z INFO [805/900] 2efe9ddb-e5c7-4878-9a98-2f4042021917: 35 groups; 0.9 s; peak memory 1215 MiB.
2026-10-03T19:09:03Z INFO [806/900] 2efedac7-6d78-47ec-8d8c-6a9b5a696b85: 205 groups; 5.7 s; peak memory 1215 MiB.
2026-10-03T19:09:03Z INFO [807/900] 2effbcab-c546-4d40-ac01-174ac1147a07: 16 groups; 0.5 s; peak memory 1215 MiB.
2026-10-03T19:09:04Z INFO [808/900] 2effce63-4d61-449b-92c7-b3e19543442c: 32 groups; 0.7 s; peak memory 1215 MiB.
2026-10-03T19:09:05Z INFO [809/900] 2f003714-d1a9-4de4-88da-4d437c79cc5c: 32 groups; 0.8 s; peak memory 1215 MiB.
2026-10-03T19:09:06Z INFO [810/900] 2f016891-10c6-45d3-ab4b-a1169dbbebf9: 32 groups; 0.8 s; peak memory 1215 MiB.
2026-10-03T19:09:07Z INFO [811/900] 2f01ac46-89d3-43f3-af9a-50fbd1145088: 336 groups; 1.2 s; peak memory 1215 MiB.
2026-10-03T19:09:42Z INFO [812/900] 2f031faa-b3d1-40f7-addd-b516e88be1e7: 27 groups; 35.4 s; peak memory 1215 MiB.
2026-10-03T19:09:52Z INFO [813/900] 2f0390f1-43e2-4acb-8152-696ca94b75d5: 590 groups; 9.8 s; peak memory 1215 MiB.
2026-10-03T19:09:53Z INFO [814/900] 2f03b127-dd59-4670-b76e-12565891c021: 32 groups; 0.8 s; peak memory 1215 MiB.
2026-10-03T19:09:58Z INFO [815/900] 2f04d4f6-58fa-4046-913d-baee9b69d4e5: 123 groups; 5.6 s; peak memory 1215 MiB.
2026-10-03T19:09:59Z INFO [816/900] 2f0515eb-8794-4d20-b49a-09b301864277: 32 groups; 0.8 s; peak memory 1215 MiB.
2026-10-03T19:10:04Z INFO [817/900] 2f06aa88-d5ba-48fa-a339-7a85eef304e8: 178 groups; 4.4 s; peak memory 1215 MiB.
2026-10-03T19:10:04Z INFO [818/900] 2f074d5d-05b2-41ff-bb33-1f1bd18525d8: 22 groups; 0.7 s; peak memory 1215 MiB.
2026-10-03T19:10:05Z INFO [819/900] 2f0803fc-18fe-4ed0-9193-6e589a6c71c4: 32 groups; 0.9 s; peak memory 1215 MiB.
2026-10-03T19:10:06Z INFO [820/900] 2f085c16-a050-438e-9736-ea9ec2a1e09a: 32 groups; 0.8 s; peak memory 1215 MiB.
2026-10-03T19:10:07Z INFO [821/900] 2f088ca8-deab-4a4f-81ff-e25d3f41c09c: 32 groups; 0.8 s; peak memory 1215 MiB.
2026-10-03T19:10:08Z INFO [822/900] 2f08f971-d9a0-4301-b2f4-6f9b04b57403: 22 groups; 0.7 s; peak memory 1215 MiB.
2026-10-03T19:10:09Z INFO [823/900] 2f0a19e1-f645-45ad-a966-a0af5c964944: 30 groups; 1.8 s; peak memory 1215 MiB.
2026-10-03T19:10:10Z INFO [824/900] 2f0ac10d-5db0-41e3-95ad-08eb5994511e: 202 groups; 1.0 s; peak memory 1215 MiB.
2026-10-03T19:10:11Z INFO [825/900] 2f0b38ba-3787-49cc-807f-b345d1e45652: 195 groups; 0.9 s; peak memory 1215 MiB.
2026-10-03T19:10:12Z INFO [826/900] 2f0bf0ee-50e9-4351-a436-66e0decaed0e: 49 groups; 1.0 s; peak memory 1215 MiB.
2026-10-03T19:10:13Z INFO [827/900] 2f0ca2df-2971-473f-9566-7af916a37335: 22 groups; 0.8 s; peak memory 1215 MiB.
2026-10-03T19:10:14Z INFO [828/900] 2f0d6163-fba5-4c65-a835-22bfcee7331d: 203 groups; 0.9 s; peak memory 1215 MiB.
2026-10-03T19:10:15Z INFO [829/900] 2f0eb560-be7d-4719-a6ca-17ecfdfbf7cf: 30 groups; 0.7 s; peak memory 1215 MiB.
2026-10-03T19:10:16Z INFO [830/900] 2f0ee4f5-5cfe-49d9-9ef1-f42ee86c422b: 32 groups; 1.0 s; peak memory 1215 MiB.
2026-10-03T19:10:17Z INFO [831/900] 2f0f097b-224f-49b0-b3d3-13c251bb47e2: 32 groups; 0.9 s; peak memory 1215 MiB.
2026-10-03T19:10:17Z INFO [832/900] 2f0fa340-ba3a-4aa0-97d3-2c2715733331: 32 groups; 0.9 s; peak memory 1215 MiB.
2026-10-03T19:10:19Z INFO [833/900] 2f0fc706-150e-4387-a353-8e550739b551: 48 groups; 1.7 s; peak memory 1215 MiB.
2026-10-03T19:10:20Z INFO [834/900] 2f10566b-01b4-43e3-b649-576a112372c8: 22 groups; 0.9 s; peak memory 1215 MiB.
2026-10-03T19:10:21Z INFO [835/900] 2f1232d1-53f5-463b-a3a4-591147af5bfb: 200 groups; 1.1 s; peak memory 1215 MiB.
2026-10-03T19:10:22Z INFO [836/900] 2f1268b0-c611-4b5f-abb1-fcd26c81d46b: 22 groups; 0.9 s; peak memory 1215 MiB.
2026-10-03T19:10:24Z INFO [837/900] 2f12acf6-cf49-4237-a46b-30734d645736: 48 groups; 1.6 s; peak memory 1215 MiB.
2026-10-03T19:10:25Z INFO [838/900] 2f13035d-3f7d-4bb5-b9bc-199911960753: 194 groups; 0.9 s; peak memory 1215 MiB.
2026-10-03T19:10:25Z INFO [839/900] 2f13520c-c278-4d8f-9f6c-65bbbcd31cb3: 32 groups; 0.8 s; peak memory 1215 MiB.
2026-10-03T19:10:26Z INFO [840/900] 2f136a20-6155-4017-9cdd-b57d1e8b712d: 196 groups; 1.1 s; peak memory 1215 MiB.
2026-10-03T19:10:27Z INFO [841/900] 2f13feb7-1453-4e56-9ad0-a2b0a073cc67: 22 groups; 0.8 s; peak memory 1215 MiB.
2026-10-03T19:10:28Z INFO [842/900] 2f14e82e-b3a8-496a-9966-46ff8c7cae4b: 22 groups; 1.1 s; peak memory 1215 MiB.
2026-10-03T19:10:29Z INFO [843/900] 2f158352-5324-4fca-859d-26422d2bd95c: 32 groups; 0.8 s; peak memory 1215 MiB.
2026-10-03T19:10:30Z INFO [844/900] 2f15a7c2-634f-4a24-bf1a-52ebbd51606f: 33 groups; 0.7 s; peak memory 1215 MiB.
2026-10-03T19:10:31Z INFO [845/900] 2f15e7db-face-4b0f-961d-61066f4b0db7: 35 groups; 0.9 s; peak memory 1215 MiB.
2026-10-03T19:10:39Z INFO [846/900] 2f1616db-d713-4e1b-be99-38af4f79e2af: 229 groups; 7.9 s; peak memory 1215 MiB.
2026-10-03T19:10:40Z INFO [847/900] 2f16189e-233d-4cb6-890f-ccc0d0780afa: 22 groups; 0.9 s; peak memory 1215 MiB.
2026-10-03T19:10:40Z INFO [848/900] 2f16301d-5731-440e-b34a-14fa75f370c5: 35 groups; 0.8 s; peak memory 1215 MiB.
2026-10-03T19:10:41Z INFO [849/900] 2f16672e-488b-42ea-99d1-2de71cdbb2e6: 16 groups; 0.5 s; peak memory 1215 MiB.
2026-10-03T19:10:49Z INFO [850/900] 2f16c3d0-8cd3-4813-aa62-1130f576226c: 39 groups; 8.1 s; peak memory 1215 MiB.
2026-10-03T19:10:49Z INFO [850/900] 2f16c3d0-8cd3-4813-aa62-1130f576226c: checkpointed 69686 records.
2026-10-03T19:10:51Z INFO [851/900] 2f16dc99-08a2-43e9-bd09-5db48e7827bf: 48 groups; 2.0 s; peak memory 1215 MiB.
2026-10-03T19:11:04Z INFO [852/900] 2f176441-6b66-4a7c-b96a-a0400b346eba: 31 groups; 13.5 s; peak memory 1215 MiB.
2026-10-03T19:11:08Z INFO [853/900] 2f179647-0796-4661-8b05-c2d81511643c: 122 groups; 4.0 s; peak memory 1215 MiB.
2026-10-03T19:11:10Z INFO [854/900] 2f18a413-ed23-4a6d-a0e8-63045c2e2b9f: 195 groups; 1.2 s; peak memory 1215 MiB.
2026-10-03T19:11:12Z INFO [855/900] 2f18dee6-6a39-43ee-b63c-3271528281f0: 336 groups; 1.9 s; peak memory 1215 MiB.
2026-10-03T19:11:12Z INFO [856/900] 2f190b69-44e3-477d-9f97-9f22d2f06607: 22 groups; 0.8 s; peak memory 1215 MiB.
2026-10-03T19:11:13Z INFO [857/900] 2f1936b9-1127-4f85-81d5-326fc5d788ff: 30 groups; 0.6 s; peak memory 1215 MiB.
2026-10-03T19:11:14Z INFO [858/900] 2f1953f5-728c-4339-900c-e13e56a36aa7: 32 groups; 0.9 s; peak memory 1215 MiB.
2026-10-03T19:11:14Z INFO [859/900] 2f1a51e2-8253-4f4b-a474-2e9699c9aa7b: 28 groups; 0.7 s; peak memory 1215 MiB.
2026-10-03T19:11:15Z INFO [860/900] 2f1b2424-37d3-48b7-a020-9860e9712e9b: 25 groups; 0.7 s; peak memory 1215 MiB.
2026-10-03T19:11:16Z INFO [861/900] 2f1b6026-9af7-4b57-a92f-83b7c0856285: 25 groups; 0.5 s; peak memory 1215 MiB.
2026-10-03T19:11:17Z INFO [862/900] 2f1ba3b3-275a-4d52-a4b6-c63e53ae4a9d: 22 groups; 0.8 s; peak memory 1215 MiB.
2026-10-03T19:11:21Z INFO [863/900] 2f1bcbee-fbec-4ec3-95f3-3683febe983e: 66 groups; 4.3 s; peak memory 1215 MiB.
2026-10-03T19:11:22Z INFO [864/900] 2f1d5218-c3eb-4480-ba99-0ed7ce918577: 22 groups; 0.8 s; peak memory 1215 MiB.
2026-10-03T19:11:22Z INFO [865/900] 2f1d77e3-a168-46ec-8e6f-8c01f49b151f: 22 groups; 0.8 s; peak memory 1215 MiB.
2026-10-03T19:11:24Z INFO [866/900] 2f1d7e9c-572b-495c-8ecb-07663e98fe75: 253 groups; 1.0 s; peak memory 1215 MiB.
2026-10-03T19:11:24Z INFO [867/900] 2f1e0058-f43f-4101-bad5-00f79b0509ed: 22 groups; 0.8 s; peak memory 1215 MiB.
2026-10-03T19:11:28Z INFO [868/900] 2f20467a-b2be-4153-880e-5b1f1655e1cb: 181 groups; 3.9 s; peak memory 1215 MiB.
2026-10-03T19:11:29Z INFO [869/900] 2f20742b-748a-40c3-9f2a-becc7d2e3667: 22 groups; 0.8 s; peak memory 1215 MiB.
2026-10-03T19:11:30Z INFO [870/900] 2f20c1d1-053d-4491-b5bd-d6d324793a21: 32 groups; 0.9 s; peak memory 1215 MiB.
2026-10-03T19:11:31Z INFO [871/900] 2f211eb8-c5eb-4727-9e1e-cb46772ee21c: 336 groups; 1.0 s; peak memory 1215 MiB.
2026-10-03T19:11:32Z INFO [872/900] 2f221172-73ef-4a3f-b20e-48ea541227e8: 35 groups; 0.8 s; peak memory 1215 MiB.
2026-10-03T19:11:33Z INFO [873/900] 2f22b11a-7d81-4f10-a64d-94b6cbe7b3d4: 35 groups; 1.1 s; peak memory 1215 MiB.
2026-10-03T19:11:33Z INFO [874/900] 2f23df11-1a36-4034-b78d-daddd956ab05: 22 groups; 0.7 s; peak memory 1215 MiB.
2026-10-03T19:11:34Z INFO [875/900] 2f23f470-b3d5-4c90-8212-3951c219a838: 252 groups; 0.8 s; peak memory 1215 MiB.
2026-10-03T19:11:35Z INFO [876/900] 2f244a7a-5906-4ad6-b4fc-e710a37d6151: 22 groups; 0.8 s; peak memory 1215 MiB.
2026-10-03T19:11:36Z INFO [877/900] 2f24d0c2-48c7-4f53-bb44-0797590cabd9: 33 groups; 1.2 s; peak memory 1215 MiB.
2026-10-03T19:11:37Z INFO [878/900] 2f25baa4-bbdf-4686-ad70-298d76321b23: 22 groups; 0.8 s; peak memory 1215 MiB.
2026-10-03T19:11:38Z INFO [879/900] 2f266b7d-99c9-404a-a82d-159fb2139fcd: 22 groups; 0.8 s; peak memory 1215 MiB.
2026-10-03T19:11:39Z INFO [880/900] 2f2676be-9d81-4cce-9894-978e96f39643: 48 groups; 1.4 s; peak memory 1215 MiB.
2026-10-03T19:11:40Z INFO [881/900] 2f26a526-f4bc-4e3d-a2c1-630557050cf7: 202 groups; 0.9 s; peak memory 1215 MiB.
2026-10-03T19:11:41Z INFO [882/900] 2f2786ed-583c-4b67-a516-2c89c6fb3b41: 196 groups; 1.1 s; peak memory 1215 MiB.
2026-10-03T19:11:42Z INFO [883/900] 2f27ef6e-b794-4955-8a19-677e8b9c35bd: 22 groups; 0.7 s; peak memory 1215 MiB.
2026-10-03T19:11:43Z INFO [884/900] 2f2805e1-3ad7-48f8-bc8b-dfd831bf0412: 32 groups; 0.7 s; peak memory 1215 MiB.
2026-10-03T19:11:44Z INFO [885/900] 2f2885d5-17e3-4d62-9fbd-e445554ec718: 35 groups; 1.0 s; peak memory 1215 MiB.
2026-10-03T19:11:44Z INFO [886/900] 2f2916dc-f965-4fad-8e6a-0b33166a1f8c: 30 groups; 0.6 s; peak memory 1215 MiB.
2026-10-03T19:11:45Z INFO [887/900] 2f292d59-b718-414e-9ffd-17e0e0a1aa56: 17 groups; 0.6 s; peak memory 1215 MiB.
2026-10-03T19:11:46Z INFO [888/900] 2f2943d4-ff93-45af-8431-d0a49b02d279: 103 groups; 0.8 s; peak memory 1215 MiB.
2026-10-03T19:11:47Z INFO [889/900] 2f294ba7-16d8-4816-98b5-f83787d49255: 32 groups; 0.9 s; peak memory 1215 MiB.
2026-10-03T19:11:49Z INFO [890/900] 2f2982da-72ce-4979-8bab-a7cf1c526c36: 50 groups; 2.4 s; peak memory 1215 MiB.
2026-10-03T19:11:50Z INFO [891/900] 2f2a60a6-52d3-4a7f-914d-708fba4ef31a: 22 groups; 0.8 s; peak memory 1215 MiB.
2026-10-03T19:11:51Z INFO [892/900] 2f2aa467-3bae-4460-8c43-b95507355343: 35 groups; 0.8 s; peak memory 1215 MiB.
2026-10-03T19:11:52Z INFO [893/900] 2f2b70ee-5e50-4528-9977-01a96449cb1c: 202 groups; 1.1 s; peak memory 1215 MiB.
2026-10-03T19:11:56Z INFO [894/900] 2f2c4bc1-8be2-4ffe-9dc8-8b6cbf8d0981: 181 groups; 4.0 s; peak memory 1215 MiB.
2026-10-03T19:11:58Z INFO [895/900] 2f2c4db9-614d-479f-bade-21152e1fa222: 71 groups; 1.8 s; peak memory 1215 MiB.
2026-10-03T19:11:58Z INFO [896/900] 2f2c7649-ad03-4191-9517-c2f865d51246: 32 groups; 0.8 s; peak memory 1215 MiB.
2026-10-03T19:11:59Z INFO [897/900] 2f2d971b-c8ae-4370-9525-a1c983f4e633: 35 groups; 1.0 s; peak memory 1215 MiB.
2026-10-03T19:12:00Z INFO [898/900] 2f2de172-cb8f-442d-865b-4aa49e586e40: 206 groups; 1.2 s; peak memory 1215 MiB.
2026-10-03T19:12:01Z INFO [899/900] 2f2deeb8-5988-45c2-a9a6-0230be3765e6: 71 groups; 0.8 s; peak memory 1215 MiB.
2026-10-03T19:12:02Z INFO [900/900] 2f2e30b0-d039-4328-9fdc-db06710a2435: 22 groups; 0.8 s; peak memory 1215 MiB.
2026-10-03T19:12:02Z INFO [900/900] 2f2e30b0-d039-4328-9fdc-db06710a2435: checkpointed 69736 records.
2026-10-03T19:12:02Z INFO Wrote 69736 records to /tmp/derivatives/valid_nwb_file_to_number_of_groups.jsonl (900 new, 0 failed) in 106.1 min (peak memory 1215 MiB).
