2026-10-05T12:51:51Z INFO Logging to /tmp/logs/update_2026-10-05T12-51-51Z.log.
2026-10-05T12:51:51Z INFO Update valid-nwb-file-to-number-of-groups (base directory /tmp).
2026-10-05T12:51:51Z INFO Processing 900 items (79636 already recorded).
2026-10-05T12:51:52Z INFO [1/900] 43dea474-d073-47c3-a72d-5d6d5594c21f: 32 groups; 1.2 s; peak memory 109 MiB.
2026-10-05T12:52:01Z INFO [2/900] 43df5308-f7df-4a38-97cc-838bf179b33f: 238 groups; 8.1 s; peak memory 139 MiB.
2026-10-05T12:52:02Z INFO [3/900] 43df9fd2-4427-4674-811f-e8fd20723de7: 31 groups; 1.6 s; peak memory 140 MiB.
2026-10-05T12:52:03Z INFO [4/900] 43dfa922-af85-4da5-8039-a16100b351bc: 22 groups; 0.9 s; peak memory 140 MiB.
2026-10-05T12:52:04Z INFO [5/900] 43dfe207-815e-440d-bcd6-d96889d54277: 24 groups; 1.2 s; peak memory 140 MiB.
2026-10-05T12:52:06Z INFO [6/900] 43e12de5-bcee-4b2e-b158-8414c6e99bb2: 33 groups; 1.4 s; peak memory 140 MiB.
2026-10-05T12:52:07Z INFO [7/900] 43e1531e-5ab5-4194-9b90-a9179cd0ab13: 32 groups; 1.2 s; peak memory 141 MiB.
2026-10-05T12:52:15Z INFO [8/900] 43e200d9-3248-40e5-b11f-977754432c11: 202 groups; 8.3 s; peak memory 142 MiB.
2026-10-05T12:52:18Z INFO [9/900] 43e2eaa9-a06b-4ed4-9486-cf3152cc24c2: 17 groups; 2.3 s; peak memory 142 MiB.
2026-10-05T12:52:18Z INFO [10/900] 43e2f163-63c2-489b-96e0-ae0efb913c6c: 16 groups; 0.6 s; peak memory 142 MiB.
2026-10-05T12:52:19Z INFO [11/900] 43e2f68d-fe6d-42d6-a556-463da9338be0: 201 groups; 1.2 s; peak memory 142 MiB.
2026-10-05T12:52:21Z INFO [12/900] 43e3ba0c-3b91-480e-b924-ba8cf35b45dd: 32 groups; 1.1 s; peak memory 142 MiB.
2026-10-05T12:52:21Z INFO [13/900] 43e51ec3-2575-44e6-bb43-db20a01ee2aa: 22 groups; 0.8 s; peak memory 142 MiB.
2026-10-05T12:52:23Z INFO [14/900] 43e55c99-83a9-4b2a-8a7d-87aad00c9c4a: 32 groups; 1.2 s; peak memory 142 MiB.
2026-10-05T12:52:24Z INFO [15/900] 43e59f32-ea8b-4b7f-aad4-e988387d3ee6: 35 groups; 1.3 s; peak memory 142 MiB.
2026-10-05T12:52:25Z INFO [16/900] 43e726ce-3df9-4d67-8eca-63df605518aa: 33 groups; 1.1 s; peak memory 142 MiB.
2026-10-05T12:52:26Z INFO [17/900] 43e7ff74-7612-4aa5-ba03-edc905ce593f: 32 groups; 1.2 s; peak memory 143 MiB.
2026-10-05T12:52:29Z INFO [18/900] 43e9a381-862f-414a-9940-45e37dd0bcf0: 50 groups; 2.6 s; peak memory 143 MiB.
2026-10-05T12:52:29Z INFO [19/900] 43e9a7fc-ce9f-437d-a59a-2c8981b55977: 25 groups; 0.8 s; peak memory 143 MiB.
2026-10-05T12:52:33Z INFO [20/900] 43e9bfcb-7e5e-4074-90f0-ffc16678773b: 123 groups; 3.7 s; peak memory 144 MiB.
2026-10-05T12:52:34Z INFO [21/900] 43ea098d-6a14-4625-953a-70f685981238: 196 groups; 0.8 s; peak memory 144 MiB.
2026-10-05T12:52:35Z INFO [22/900] 43eaaa1a-9f64-4bf7-9c54-9625df556a3f: 71 groups; 1.0 s; peak memory 144 MiB.
2026-10-05T12:52:45Z INFO [23/900] 43ead1ef-479f-47a1-a524-309cc374ae19: 195 groups; 10.1 s; peak memory 151 MiB.
2026-10-05T12:52:46Z INFO [24/900] 43ebe6db-8aef-4fc2-8d55-a2be05795bba: 18 groups; 0.8 s; peak memory 151 MiB.
2026-10-05T12:52:47Z INFO [25/900] 43ec02a2-a706-48f5-9585-69fe359a7e39: 201 groups; 1.1 s; peak memory 151 MiB.
2026-10-05T12:52:51Z INFO [26/900] 43ec0c75-bca1-47a7-a731-9267f5b358da: 47 groups; 4.0 s; peak memory 151 MiB.
2026-10-05T12:52:54Z INFO [27/900] 43ec8c57-2a24-4ca3-b62f-fe932909c3a0: 48 groups; 2.6 s; peak memory 151 MiB.
2026-10-05T12:53:07Z INFO [28/900] 43eca2ce-101a-4c9a-8246-04b995ca21c3: 22 groups; 13.2 s; peak memory 151 MiB.
2026-10-05T12:53:09Z INFO [29/900] 43ecc4ce-fce9-464b-8eba-5bcafda8ed4a: 50 groups; 1.9 s; peak memory 151 MiB.
2026-10-05T12:53:11Z INFO [30/900] 43ed0188-191a-43ee-9856-176a48a4c2f3: 336 groups; 2.2 s; peak memory 151 MiB.
2026-10-05T12:53:12Z INFO [31/900] 43ed3504-fb4b-4afd-b4d3-78841e52ff22: 32 groups; 0.9 s; peak memory 151 MiB.
2026-10-05T12:53:13Z INFO [32/900] 43ee43f2-faec-4f29-bb43-70e47ef21d0c: 103 groups; 1.0 s; peak memory 151 MiB.
2026-10-05T12:53:25Z INFO [33/900] 43ee44e8-67f4-4a59-a316-7afcb4b8ae42: 317 groups; 11.8 s; peak memory 157 MiB.
2026-10-05T12:53:26Z INFO [34/900] 43ef0464-73af-4b91-bac8-50746edae4b7: 24 groups; 0.9 s; peak memory 157 MiB.
2026-10-05T12:53:27Z INFO [35/900] 43ef8e5d-f360-418f-b822-967db9efb614: 22 groups; 1.1 s; peak memory 157 MiB.
2026-10-05T12:53:29Z INFO [36/900] 43effbf3-6c65-4673-991e-4ffe3db6d6b5: 207 groups; 1.9 s; peak memory 157 MiB.
2026-10-05T12:53:34Z INFO [37/900] 43f28f27-6143-4f0f-be83-3b1d5721cf6c: 172 groups; 5.7 s; peak memory 157 MiB.
2026-10-05T12:53:35Z INFO [38/900] 43f2916c-8293-4ea0-9d5b-25faa004d760: 21 groups; 1.0 s; peak memory 157 MiB.
2026-10-05T12:53:38Z INFO [39/900] 43f2deb6-8d63-4a64-86f3-8a92288d791f: 53 groups; 3.0 s; peak memory 157 MiB.
2026-10-05T12:53:39Z INFO [40/900] 43f339f6-c8b4-41c2-941c-c1b8e6efbb33: 35 groups; 1.0 s; peak memory 157 MiB.
2026-10-05T12:53:41Z INFO [41/900] 43f38a7f-e86e-43f8-871d-f8e38b577b9b: 42 groups; 1.3 s; peak memory 157 MiB.
2026-10-05T12:53:41Z INFO [42/900] 43f3ad68-b7f7-4047-ba5a-87e5bf0a783a: 22 groups; 0.9 s; peak memory 157 MiB.
2026-10-05T12:53:43Z INFO [43/900] 43f40b62-d57c-434f-aad2-d580c8a8aa91: 259 groups; 1.1 s; peak memory 157 MiB.
2026-10-05T12:53:43Z INFO [44/900] 43f422c9-e15f-494b-87e6-d82254424b9a: 32 groups; 0.9 s; peak memory 157 MiB.
2026-10-05T12:53:46Z INFO [45/900] 43f4812e-7406-4e15-98d9-3d706274f01c: 50 groups; 2.5 s; peak memory 157 MiB.
2026-10-05T12:53:47Z INFO [46/900] 43f593b0-8b9b-403c-bcd0-26162e3f24e5: 23 groups; 0.7 s; peak memory 157 MiB.
2026-10-05T12:53:57Z INFO [47/900] 43f6219f-ac6e-4c26-8f0a-ab382e47a240: 22 groups; 10.4 s; peak memory 157 MiB.
2026-10-05T12:53:58Z INFO [48/900] 43f6389c-17cd-482c-a5a1-50993e7f89bb: 22 groups; 1.1 s; peak memory 157 MiB.
2026-10-05T12:53:59Z INFO [49/900] 43fa8501-137d-4bc8-b775-5c61f713777d: 23 groups; 0.7 s; peak memory 158 MiB.
2026-10-05T12:54:07Z INFO [50/900] 43fb9439-33b7-44b0-bc1b-d63cc718dc81: 261 groups; 7.9 s; peak memory 158 MiB.
2026-10-05T12:54:07Z INFO [50/900] 43fb9439-33b7-44b0-bc1b-d63cc718dc81: checkpointed 79686 records.
2026-10-05T12:54:08Z INFO [51/900] 43fb9945-4b3d-4441-840a-49651c00de69: 42 groups; 1.1 s; peak memory 158 MiB.
2026-10-05T12:54:11Z INFO [52/900] 43fbe02f-5492-4f3c-be99-4dada227b276: 149 groups; 3.3 s; peak memory 158 MiB.
2026-10-05T12:54:12Z INFO [53/900] 43fe010d-9991-4672-bd6d-f53afdd44e29: 35 groups; 1.1 s; peak memory 158 MiB.
2026-10-05T12:54:13Z INFO [54/900] 43ff25f1-cf3b-42fc-bd81-12f092769663: 33 groups; 0.9 s; peak memory 158 MiB.
2026-10-05T12:54:14Z INFO [55/900] 44002a05-91d4-4b82-b72c-ea359c08c9cf: 22 groups; 0.7 s; peak memory 158 MiB.
2026-10-05T12:54:15Z INFO [56/900] 4400d000-9af7-4841-aef2-8656acb6fd9b: 58 groups; 1.7 s; peak memory 158 MiB.
2026-10-05T12:54:17Z INFO [57/900] 44011696-9c9f-4ac7-b558-ed24fb28bcc3: 17 groups; 1.8 s; peak memory 158 MiB.
2026-10-05T12:54:18Z INFO [58/900] 44020a94-a64d-4177-b0d0-9b3c0a6ffee3: 22 groups; 1.0 s; peak memory 158 MiB.
2026-10-05T12:54:46Z INFO [59/900] 44023497-8ffb-40e8-b0ad-0ad0d9a0c117: 23 groups; 27.6 s; peak memory 159 MiB.
2026-10-05T12:54:47Z INFO [60/900] 44029cc2-8deb-468e-ab60-beec215da9bb: 32 groups; 1.0 s; peak memory 159 MiB.
2026-10-05T12:54:48Z INFO [61/900] 4402acd1-c5c5-4882-a9b3-68d72607d6e1: 30 groups; 1.2 s; peak memory 159 MiB.
2026-10-05T12:54:49Z INFO [62/900] 4403547c-0e21-4b24-a151-4be6bfb06129: 194 groups; 1.1 s; peak memory 159 MiB.
2026-10-05T12:54:58Z INFO [63/900] 440502da-8d0e-4988-b46f-d9185f0d8eb3: 243 groups; 8.8 s; peak memory 163 MiB.
2026-10-05T12:54:59Z INFO [64/900] 440576e4-d6a9-4008-909d-8770e0dde312: 31 groups; 1.3 s; peak memory 163 MiB.
2026-10-05T12:55:00Z INFO [65/900] 44079519-8f1e-46bd-919c-b13e3950b86d: 35 groups; 1.2 s; peak memory 163 MiB.
2026-10-05T12:55:04Z INFO [66/900] 4407a8a1-0b1d-48e8-b2be-d88c9859fabb: 78 groups; 4.0 s; peak memory 163 MiB.
2026-10-05T12:55:05Z INFO [67/900] 4408597a-6d4d-4d5f-8fd3-17d9ec0d074d: 31 groups; 0.8 s; peak memory 163 MiB.
2026-10-05T12:55:06Z INFO [68/900] 44092aed-d6fa-4e26-9637-32ad5dea5e08: 25 groups; 1.0 s; peak memory 163 MiB.
2026-10-05T12:55:07Z INFO [69/900] 44096ff8-b585-4867-9b9e-a5d4e11900ad: 22 groups; 1.0 s; peak memory 163 MiB.
2026-10-05T12:55:08Z INFO [70/900] 440974c7-5080-4eab-8358-cbf6b452f812: 32 groups; 1.2 s; peak memory 163 MiB.
2026-10-05T12:55:09Z INFO [71/900] 4409e7ff-f653-48c4-be52-6b4aa95cbb2b: 16 groups; 0.7 s; peak memory 163 MiB.
2026-10-05T12:55:10Z INFO [72/900] 4409e89b-348d-419e-90a0-506f28ebf36c: 32 groups; 0.9 s; peak memory 163 MiB.
2026-10-05T12:55:11Z INFO [73/900] 440a71b6-95eb-4b2f-b23d-ecf0c61be3c6: 33 groups; 1.5 s; peak memory 163 MiB.
2026-10-05T12:55:13Z INFO [74/900] 440b3529-5480-47f1-a57f-f7294b3178b2: 32 groups; 1.2 s; peak memory 163 MiB.
2026-10-05T12:55:23Z INFO [75/900] 440b6562-2fff-4c38-b437-4d3188fbbb44: 271 groups; 10.0 s; peak memory 165 MiB.
2026-10-05T12:55:24Z INFO [76/900] 440b9674-53d2-4c84-8759-5c72ea6070d3: 22 groups; 1.0 s; peak memory 165 MiB.
2026-10-05T12:55:27Z INFO [77/900] 440bd9e7-c875-4ae3-9d22-8db9efdb5ee7: 103 groups; 3.0 s; peak memory 165 MiB.
2026-10-05T12:55:36Z INFO [78/900] 440c449e-6284-415e-b6a8-9555dde19efb: 177 groups; 9.8 s; peak memory 165 MiB.
2026-10-05T12:55:37Z INFO [79/900] 440c4be8-b050-4071-9f75-29c804e63d51: 32 groups; 0.8 s; peak memory 165 MiB.
2026-10-05T12:55:39Z INFO [80/900] 440c9c25-9164-4cca-a3df-1851c5639c58: 73 groups; 2.3 s; peak memory 165 MiB.
2026-10-05T12:55:40Z INFO [81/900] 440c9c47-09d6-41e3-b4c2-6bc4f101071a: 17 groups; 0.9 s; peak memory 165 MiB.
2026-10-05T12:55:44Z INFO [82/900] 440ccce5-12ed-44c9-961f-819ed9ae8d97: 62 groups; 3.7 s; peak memory 165 MiB.
2026-10-05T12:55:48Z INFO [83/900] 440d326e-6f0e-42ee-9467-6355a9a6f51e: 181 groups; 4.0 s; peak memory 165 MiB.
2026-10-05T12:55:50Z INFO [84/900] 440d4fde-169c-4f44-aa32-806745464584: 50 groups; 2.0 s; peak memory 165 MiB.
2026-10-05T12:55:51Z INFO [85/900] 440e41c5-46c4-4432-8057-2c3ad3f9705f: 35 groups; 1.3 s; peak memory 165 MiB.
2026-10-05T12:55:53Z INFO [86/900] 440f8132-8a4c-40ff-a063-459bae3e8c62: 48 groups; 1.7 s; peak memory 165 MiB.
2026-10-05T12:55:54Z INFO [87/900] 440f9de0-e3c8-4965-986c-7e50827e142d: 32 groups; 1.1 s; peak memory 165 MiB.
2026-10-05T12:55:55Z INFO [88/900] 4410ffce-0b92-4849-b0f0-8a91d908f0cd: 22 groups; 1.0 s; peak memory 165 MiB.
2026-10-05T12:55:56Z INFO [89/900] 44110f1f-4f52-411a-b4c1-a73a5d0490ca: 16 groups; 0.7 s; peak memory 165 MiB.
2026-10-05T12:55:57Z INFO [90/900] 44121ae4-a4a9-4c6e-9e14-ffde9acb50d8: 32 groups; 1.1 s; peak memory 165 MiB.
2026-10-05T12:55:58Z INFO [91/900] 441260f8-2032-45e8-bca3-7584eefb37ec: 22 groups; 0.9 s; peak memory 165 MiB.
2026-10-05T12:55:59Z INFO [92/900] 44133491-53fc-46e2-98ba-21c449649b31: 16 groups; 0.6 s; peak memory 165 MiB.
2026-10-05T12:56:00Z INFO [93/900] 4413495c-a19a-4a72-bdbd-7ba9102d3878: 103 groups; 1.1 s; peak memory 165 MiB.
2026-10-05T12:56:00Z INFO [94/900] 441365a4-8055-45ed-9f55-0997b9dc3117: 22 groups; 0.8 s; peak memory 165 MiB.
2026-10-05T12:56:02Z INFO [95/900] 441390c7-f2e6-46e0-bb6f-42da321854a1: 32 groups; 1.0 s; peak memory 165 MiB.
2026-10-05T12:56:03Z INFO [96/900] 4415cb52-4d1f-4d1d-a400-4f605593db16: 35 groups; 1.1 s; peak memory 165 MiB.
2026-10-05T12:56:04Z INFO [97/900] 44166645-d68d-4bab-b41d-a25a10a67640: 27 groups; 1.1 s; peak memory 165 MiB.
2026-10-05T12:56:05Z INFO [98/900] 44167364-34fd-4315-a27e-037a83da1e9f: 22 groups; 0.8 s; peak memory 165 MiB.
2026-10-05T12:56:09Z INFO [99/900] 44173bc4-7d00-46ea-abf0-4638936634c5: 57 groups; 4.8 s; peak memory 165 MiB.
2026-10-05T12:56:10Z INFO [100/900] 44176ec8-2764-4d10-9334-351bdd53d057: 22 groups; 0.8 s; peak memory 165 MiB.
2026-10-05T12:56:10Z INFO [100/900] 44176ec8-2764-4d10-9334-351bdd53d057: checkpointed 79736 records.
2026-10-05T12:56:13Z INFO [101/900] 44179968-2c75-48b9-ba6f-f7cd93a0ead4: 58 groups; 2.7 s; peak memory 165 MiB.
2026-10-05T12:56:15Z INFO [102/900] 4417d22f-9c8c-49d7-ad17-3327ca146f53: 50 groups; 2.0 s; peak memory 165 MiB.
2026-10-05T12:56:15Z INFO [103/900] 4419aec3-1dee-490f-b298-a8eeac58cd70: 16 groups; 0.5 s; peak memory 165 MiB.
2026-10-05T12:56:16Z INFO [104/900] 441a761f-d06e-434a-b74b-8920d614844c: 35 groups; 1.1 s; peak memory 165 MiB.
2026-10-05T12:56:24Z INFO [105/900] 441b082d-7be5-4543-a009-c47d19f40ea2: 175 groups; 7.6 s; peak memory 165 MiB.
2026-10-05T12:56:25Z INFO [106/900] 441b662d-05db-4d54-8367-3dfbd6a950e0: 32 groups; 1.1 s; peak memory 165 MiB.
2026-10-05T12:56:26Z INFO [107/900] 441bad4d-7250-4e3a-8a6f-bf2a3e4b1796: 22 groups; 0.9 s; peak memory 165 MiB.
2026-10-05T12:56:31Z INFO [108/900] 441bb582-6afe-476f-9bc5-e38b3223a190: 90 groups; 5.1 s; peak memory 165 MiB.
2026-10-05T12:56:32Z INFO [109/900] 441c8d54-7a0e-469c-87c7-c019d6204baf: 42 groups; 1.1 s; peak memory 165 MiB.
2026-10-05T12:56:45Z INFO [110/900] 441d6c28-da32-45e6-ad06-ebc81aacdf1e: 18 groups; 12.8 s; peak memory 165 MiB.
2026-10-05T12:56:46Z INFO [111/900] 441d7973-4e41-465e-90be-e2a4909333f8: 16 groups; 0.7 s; peak memory 165 MiB.
2026-10-05T12:56:47Z INFO [112/900] 441e6496-b49c-4850-8596-e70a32b4a048: 32 groups; 0.8 s; peak memory 165 MiB.
2026-10-05T12:56:47Z INFO [113/900] 441ec622-1e0a-40ae-82aa-62dbe9930b5c: 22 groups; 0.8 s; peak memory 165 MiB.
2026-10-05T12:56:48Z INFO [114/900] 441ee090-1352-405c-958c-76c9bcfe2c16: 22 groups; 0.8 s; peak memory 165 MiB.
2026-10-05T12:56:49Z INFO [115/900] 441f0bec-4389-47b7-aa4f-50174d0d9aaa: 35 groups; 1.1 s; peak memory 165 MiB.
2026-10-05T12:56:50Z INFO [116/900] 441f43cc-42ef-4ba9-b667-966080fd83ad: 35 groups; 1.1 s; peak memory 165 MiB.
2026-10-05T12:56:57Z INFO [117/900] 441ff008-a306-4d1c-aaa5-be1c8c9424a9: 182 groups; 6.2 s; peak memory 165 MiB.
2026-10-05T12:56:58Z INFO [118/900] 44206623-e324-4acb-8bfc-b9166691fdbd: 203 groups; 1.2 s; peak memory 165 MiB.
2026-10-05T12:57:03Z INFO [119/900] 44216401-085e-461b-b025-6ad811c35379: 60 groups; 4.8 s; peak memory 165 MiB.
2026-10-05T12:57:03Z INFO [120/900] 442177a3-f322-497d-a6d3-f470f98506d6: 22 groups; 1.0 s; peak memory 165 MiB.
2026-10-05T12:57:04Z INFO [121/900] 4422b399-bc9f-4f61-b3e9-4f7f89434440: 28 groups; 0.7 s; peak memory 165 MiB.
2026-10-05T12:57:05Z INFO [122/900] 4422d9ad-ec67-4298-b3d0-739a582475f1: 22 groups; 0.9 s; peak memory 165 MiB.
2026-10-05T12:57:06Z INFO [123/900] 442319b6-767f-4715-adee-20003645fc6e: 19 groups; 0.8 s; peak memory 165 MiB.
2026-10-05T12:57:07Z INFO [124/900] 442373a5-de43-4da0-8a98-643fd43b3d1c: 22 groups; 0.7 s; peak memory 165 MiB.
2026-10-05T12:57:08Z INFO [125/900] 44246e59-b664-4018-9bd9-f48d7718f2e0: 108 groups; 1.0 s; peak memory 165 MiB.
2026-10-05T12:57:10Z INFO [126/900] 44259816-8392-4753-8659-b602c687b750: 48 groups; 2.3 s; peak memory 165 MiB.
2026-10-05T12:57:11Z INFO [127/900] 44259c4e-3458-4a4f-8ce0-255da4d090cf: 35 groups; 1.5 s; peak memory 165 MiB.
2026-10-05T12:57:13Z INFO [128/900] 4425c433-3f1a-42a7-a6ae-e00416407979: 24 groups; 1.2 s; peak memory 165 MiB.
2026-10-05T12:57:14Z INFO [129/900] 4425ff23-94d6-4fec-a969-3bcb414f94cd: 36 groups; 1.0 s; peak memory 165 MiB.
2026-10-05T12:57:15Z INFO [130/900] 44262b3f-3654-476e-8dfa-48ba863c85d0: 22 groups; 0.9 s; peak memory 165 MiB.
2026-10-05T12:57:16Z INFO [131/900] 4426b5c6-a89d-43c5-9e8b-1efc319bd861: 35 groups; 1.2 s; peak memory 165 MiB.
2026-10-05T12:57:17Z INFO [132/900] 4427b1ed-93de-4b44-9862-ee267be5f308: 26 groups; 0.9 s; peak memory 165 MiB.
2026-10-05T12:57:18Z INFO [133/900] 4427c256-7f48-436a-8454-13d4c4357d8b: 32 groups; 1.1 s; peak memory 165 MiB.
2026-10-05T12:57:19Z INFO [134/900] 44280349-ad19-4e24-b655-c79691f9cedc: 35 groups; 1.0 s; peak memory 165 MiB.
2026-10-05T12:57:19Z INFO [135/900] 4428563e-dd80-46cd-80f5-acc9dd4feb4c: 16 groups; 0.6 s; peak memory 165 MiB.
2026-10-05T12:57:20Z INFO [136/900] 4429887f-b216-429f-b47d-1318faecb707: 18 groups; 0.8 s; peak memory 165 MiB.
2026-10-05T12:57:21Z INFO [137/900] 4429fbd7-db87-41aa-8eec-c89572be3065: 28 groups; 0.8 s; peak memory 165 MiB.
2026-10-05T12:57:27Z INFO [138/900] 442a4633-51ed-45ff-a43b-223b8bc59690: 207 groups; 6.4 s; peak memory 165 MiB.
2026-10-05T12:57:28Z INFO [139/900] 442c5666-a9ac-4a6a-b90d-e587f8fbc69d: 22 groups; 0.8 s; peak memory 165 MiB.
2026-10-05T12:57:32Z INFO [140/900] 442d6d5e-92dd-4424-aa07-8ee60eeeafd8: 141 groups; 3.7 s; peak memory 165 MiB.
2026-10-05T12:57:34Z INFO [141/900] 442e703d-4c20-4189-8181-1cd25665a791: 206 groups; 1.7 s; peak memory 165 MiB.
2026-10-05T12:57:35Z INFO [142/900] 442f9127-20a7-459e-ab68-e2aaa81e7cc0: 22 groups; 0.9 s; peak memory 165 MiB.
2026-10-05T12:57:36Z INFO [143/900] 442fb0fb-4295-4e6b-9059-04f8951e1514: 35 groups; 1.4 s; peak memory 165 MiB.
2026-10-05T12:57:40Z INFO [144/900] 442fd769-ca0e-49e6-b41b-48c8773a7a2b: 161 groups; 4.4 s; peak memory 165 MiB.
2026-10-05T12:57:41Z INFO [145/900] 44302ab2-5447-400c-96ac-244b6102ef60: 22 groups; 0.9 s; peak memory 165 MiB.
2026-10-05T12:57:42Z INFO [146/900] 4430b76c-122d-4cae-9725-3f3394f9d26c: 35 groups; 1.1 s; peak memory 165 MiB.
2026-10-05T12:57:43Z INFO [147/900] 4430f205-4e2a-4011-aa20-8510380673ed: 22 groups; 0.9 s; peak memory 165 MiB.
2026-10-05T12:57:44Z INFO [148/900] 44312748-e0ee-4d74-b585-248cdd460a2f: 32 groups; 1.0 s; peak memory 165 MiB.
2026-10-05T12:57:45Z INFO [149/900] 44326d3c-fa84-49a3-ab65-85b498affeb3: 32 groups; 0.9 s; peak memory 165 MiB.
2026-10-05T12:57:58Z INFO [150/900] 44333275-dcd0-4665-b664-2711dbaebcab: 155 groups; 12.5 s; peak memory 165 MiB.
2026-10-05T12:57:58Z INFO [150/900] 44333275-dcd0-4665-b664-2711dbaebcab: checkpointed 79786 records.
2026-10-05T12:57:59Z INFO [151/900] 4433c8a2-1d94-421b-84bc-e8ab8fe169d1: 35 groups; 1.0 s; peak memory 165 MiB.
2026-10-05T12:58:00Z INFO [152/900] 4435a843-3349-4783-b616-50f202c86c20: 48 groups; 1.5 s; peak memory 165 MiB.
2026-10-05T12:58:08Z INFO [153/900] 443693aa-8907-4e44-b0a2-48326f1b74b1: 221 groups; 8.0 s; peak memory 165 MiB.
2026-10-05T12:58:09Z INFO [154/900] 4438d7ac-c3ec-42d4-b0d4-16761a719ec8: 25 groups; 0.8 s; peak memory 165 MiB.
2026-10-05T12:58:10Z INFO [155/900] 44396262-64ab-4a0c-bb39-1f88c5b03915: 32 groups; 1.2 s; peak memory 165 MiB.
2026-10-05T12:58:14Z INFO [156/900] 44397ff4-98c8-4023-9564-2fba6cd2d900: 160 groups; 4.3 s; peak memory 165 MiB.
2026-10-05T12:58:15Z INFO [157/900] 4439a3a7-a919-4b0b-899e-af986b71a1d6: 337 groups; 1.1 s; peak memory 165 MiB.
2026-10-05T12:58:17Z INFO [158/900] 443a371f-1362-4c3f-9484-cc72acaf03de: 29 groups; 1.1 s; peak memory 165 MiB.
2026-10-05T12:58:17Z INFO [159/900] 443b6cde-388d-474b-82e1-31facc38e9af: 16 groups; 0.7 s; peak memory 165 MiB.
2026-10-05T12:58:19Z INFO [160/900] 443b967d-87a8-4c02-be6f-f790dc5cd926: 48 groups; 1.8 s; peak memory 165 MiB.
2026-10-05T12:58:20Z INFO [161/900] 443c7159-13b3-4ddf-b75e-d1e8b0445f29: 29 groups; 0.8 s; peak memory 165 MiB.
2026-10-05T12:58:21Z INFO [162/900] 443c8bfa-36bc-48bf-9222-40b0f339d6f5: 22 groups; 0.9 s; peak memory 165 MiB.
2026-10-05T12:58:21Z INFO [163/900] 443d29ba-6c62-4f49-8186-06a5813d3aa1: 18 groups; 0.7 s; peak memory 165 MiB.
2026-10-05T12:58:22Z INFO [164/900] 443f0887-7824-48dd-9bd5-9181a7f47f8c: 252 groups; 0.9 s; peak memory 165 MiB.
2026-10-05T12:58:33Z INFO [165/900] 443f603f-3ba3-4976-a6e3-5a2ac4d794e7: 298 groups; 11.1 s; peak memory 171 MiB.
2026-10-05T12:58:34Z INFO [166/900] 443fbc41-2692-4ac6-9814-beaf69790c28: 16 groups; 0.6 s; peak memory 171 MiB.
2026-10-05T12:58:35Z INFO [167/900] 444007f8-3178-4069-9c71-e3f10132b3e8: 194 groups; 1.2 s; peak memory 171 MiB.
2026-10-05T12:58:36Z INFO [168/900] 444035d5-459b-49ec-9b5f-c73123a548c0: 32 groups; 1.2 s; peak memory 171 MiB.
2026-10-05T12:58:37Z INFO [169/900] 4440c9dd-0581-4879-b122-a3581cad3844: 103 groups; 0.9 s; peak memory 171 MiB.
2026-10-05T12:58:38Z INFO [170/900] 4441307e-00b4-472f-ab9c-29e3050b27ea: 22 groups; 1.1 s; peak memory 171 MiB.
2026-10-05T12:58:40Z INFO [171/900] 4441625c-2ac3-4fad-b695-a40cd3b54aff: 35 groups; 1.2 s; peak memory 171 MiB.
2026-10-05T12:58:40Z INFO [172/900] 444162d7-d9f5-4125-a8c4-9d5e56116754: 28 groups; 0.7 s; peak memory 171 MiB.
2026-10-05T12:58:41Z INFO [173/900] 44418587-a360-4781-b957-85420832075f: 22 groups; 0.9 s; peak memory 171 MiB.
2026-10-05T12:58:42Z INFO [174/900] 4441ede5-80b5-43f3-bfff-533941ab6d5d: 32 groups; 0.9 s; peak memory 171 MiB.
2026-10-05T12:58:43Z INFO [175/900] 444222fc-500f-434a-8f6a-d2ab0b786f4f: 22 groups; 1.0 s; peak memory 171 MiB.
2026-10-05T12:58:50Z INFO [176/900] 44429e27-b0dc-4244-b840-efb3c2eb2e05: 120 groups; 7.4 s; peak memory 171 MiB.
2026-10-05T12:58:52Z INFO [177/900] 4442a8ce-3b58-4dac-92a3-4d84d704a120: 42 groups; 1.2 s; peak memory 171 MiB.
2026-10-05T12:58:52Z INFO [178/900] 4442e79a-ac21-4fe6-a413-6452a2dec142: 31 groups; 0.8 s; peak memory 171 MiB.
2026-10-05T12:58:54Z INFO [179/900] 4443043c-74c5-4b89-8dee-cd2da011207a: 34 groups; 1.5 s; peak memory 171 MiB.
2026-10-05T12:59:03Z INFO [180/900] 444333b6-8248-4ac0-9164-b1467f14e079: 66 groups; 8.8 s; peak memory 171 MiB.
2026-10-05T12:59:04Z INFO [181/900] 4443cda5-d378-40c0-896f-1ab183eb7f1b: 22 groups; 0.9 s; peak memory 171 MiB.
2026-10-05T12:59:04Z INFO [182/900] 4443f640-3b4b-4dbf-9d7f-8b30b3f6d727: 16 groups; 0.7 s; peak memory 171 MiB.
2026-10-05T12:59:05Z INFO [183/900] 44441ded-2b0a-4b78-afb9-7e85f9f9d618: 32 groups; 1.1 s; peak memory 171 MiB.
2026-10-05T12:59:07Z INFO [184/900] 44442b8c-97fa-4831-b859-765263764814: 103 groups; 1.2 s; peak memory 171 MiB.
2026-10-05T12:59:08Z INFO [185/900] 44447fdd-5b1a-4855-a617-209ece1da830: 35 groups; 1.8 s; peak memory 171 MiB.
2026-10-05T12:59:09Z INFO [186/900] 4444fd23-254f-4fd0-a366-fa809f5bb8c6: 25 groups; 0.8 s; peak memory 171 MiB.
2026-10-05T12:59:11Z INFO [187/900] 4446cced-a176-4972-b9a2-7eaaeefca64b: 35 groups; 1.8 s; peak memory 171 MiB.
2026-10-05T12:59:12Z INFO [188/900] 4446da81-f7a5-4395-a27b-bc1ea3fdebf7: 22 groups; 1.2 s; peak memory 171 MiB.
2026-10-05T12:59:13Z INFO [189/900] 44472aed-e456-4aae-822f-e9a9c3825a5f: 337 groups; 1.4 s; peak memory 171 MiB.
2026-10-05T12:59:14Z INFO [190/900] 4447b7e0-516f-44a6-9e50-538336fe3251: 22 groups; 0.8 s; peak memory 171 MiB.
2026-10-05T12:59:19Z INFO [191/900] 4447f568-3080-44a0-9a9f-0345c00405fc: 73 groups; 4.7 s; peak memory 171 MiB.
2026-10-05T12:59:20Z INFO [192/900] 4448eca7-5ef1-4af7-87c0-aac0e53d3ce6: 22 groups; 1.0 s; peak memory 171 MiB.
2026-10-05T12:59:21Z INFO [193/900] 44494f07-88f1-4e3d-a0ff-2166cdf88e74: 30 groups; 0.8 s; peak memory 171 MiB.
2026-10-05T13:00:06Z INFO [194/900] 44496d14-ff18-45fc-9666-2beef5d22f66: 1452 groups; 45.4 s; peak memory 247 MiB.
2026-10-05T13:00:11Z INFO [195/900] 444af14f-626b-41b4-9407-5e723353bdc9: 217 groups; 4.9 s; peak memory 247 MiB.
2026-10-05T13:00:12Z INFO [196/900] 444b19e8-86c1-40fe-86cf-11aef4a552ed: 25 groups; 0.9 s; peak memory 247 MiB.
2026-10-05T13:00:13Z INFO [197/900] 444d703d-d46a-4bf4-a2c3-8a5d7dd75344: 22 groups; 1.0 s; peak memory 247 MiB.
2026-10-05T13:00:14Z INFO [198/900] 44500974-89af-411f-b535-6b40e1b7bedc: 22 groups; 0.9 s; peak memory 247 MiB.
2026-10-05T13:00:15Z INFO [199/900] 4451735d-9144-4417-8ce3-d6262a488aae: 32 groups; 0.9 s; peak memory 247 MiB.
2026-10-05T13:00:16Z INFO [200/900] 44532b31-c15e-43ac-af37-fd8eb231993a: 22 groups; 0.8 s; peak memory 247 MiB.
2026-10-05T13:00:16Z INFO [200/900] 44532b31-c15e-43ac-af37-fd8eb231993a: checkpointed 79836 records.
2026-10-05T13:00:17Z INFO [201/900] 4454b4d1-648a-42cf-a8ea-8f566f32c22a: 32 groups; 0.9 s; peak memory 247 MiB.
2026-10-05T13:00:18Z INFO [202/900] 4454ed1e-be7c-4441-bd55-6da4331b3120: 62 groups; 1.7 s; peak memory 247 MiB.
2026-10-05T13:00:19Z INFO [203/900] 4454fdf8-334d-40b9-b91f-569ec2a5ee43: 22 groups; 0.9 s; peak memory 247 MiB.
2026-10-05T13:00:21Z INFO [204/900] 44553f55-ac81-4207-818a-b9d969320212: 200 groups; 1.9 s; peak memory 247 MiB.
2026-10-05T13:00:32Z INFO [205/900] 44559e8d-d6df-4b5d-a4d9-ec3629c0b31f: 294 groups; 10.5 s; peak memory 247 MiB.
2026-10-05T13:00:33Z INFO [206/900] 4455ab7b-24e2-4d17-a137-38190b8fa344: 28 groups; 0.8 s; peak memory 247 MiB.
2026-10-05T13:00:34Z INFO [207/900] 445658e0-8d8a-4bb0-b93e-1c30deca76ff: 29 groups; 1.0 s; peak memory 247 MiB.
2026-10-05T13:00:34Z INFO [208/900] 44568b3e-0b87-4edd-8103-267518433f04: 22 groups; 0.9 s; peak memory 247 MiB.
2026-10-05T13:00:35Z INFO [209/900] 44570549-f3e7-4810-9d4d-d82c93e3ff83: 26 groups; 0.8 s; peak memory 247 MiB.
2026-10-05T13:00:36Z INFO [210/900] 44576033-9d4b-40db-acdf-fadc0964f65a: 35 groups; 1.1 s; peak memory 247 MiB.
2026-10-05T13:00:37Z INFO [211/900] 4457b769-9c97-4f43-bb39-ff983d8fa65f: 16 groups; 0.7 s; peak memory 247 MiB.
2026-10-05T13:00:40Z INFO [212/900] 44586f2b-e54d-48ab-9736-bebbdd091ccd: 30 groups; 2.9 s; peak memory 247 MiB.
2026-10-05T13:00:41Z INFO [213/900] 4458a92f-53db-4a22-9c33-8bba7f9e90a1: 31 groups; 0.7 s; peak memory 247 MiB.
2026-10-05T13:00:41Z INFO [214/900] 4458d327-c0e1-4c7d-acfc-2351f8ba408c: 17 groups; 0.8 s; peak memory 247 MiB.
2026-10-05T13:00:44Z INFO [215/900] 445979b2-7d14-46da-b746-f6c71027a353: 35 groups; 2.2 s; peak memory 247 MiB.
2026-10-05T13:00:45Z INFO [216/900] 4459a324-b3d1-485f-896c-8c693a05a1cd: 35 groups; 1.0 s; peak memory 247 MiB.
2026-10-05T13:00:46Z INFO [217/900] 445a3077-ff7e-4e2e-ae0a-20e60b1c2c81: 35 groups; 1.3 s; peak memory 247 MiB.
2026-10-05T13:00:48Z INFO [218/900] 445a8a63-e881-429a-8d6a-595f7ee3f4b5: 48 groups; 2.1 s; peak memory 247 MiB.
2026-10-05T13:00:49Z INFO [219/900] 445b781e-5516-4007-b36f-38d315dedf57: 35 groups; 1.2 s; peak memory 247 MiB.
2026-10-05T13:00:50Z INFO [220/900] 445b8c38-7755-4fb7-bb15-636b6dc12323: 202 groups; 1.2 s; peak memory 247 MiB.
2026-10-05T13:00:52Z INFO [221/900] 445cb086-f147-4a11-8eda-4ecffbd92485: 22 groups; 1.1 s; peak memory 247 MiB.
2026-10-05T13:00:53Z INFO [222/900] 445cbc1e-a4e1-41c0-ab30-0d71bc1669d8: 32 groups; 1.0 s; peak memory 247 MiB.
2026-10-05T13:00:56Z INFO [223/900] 445d7e01-a349-4973-9544-ee9b7a79c45a: 78 groups; 3.9 s; peak memory 247 MiB.
2026-10-05T13:00:57Z INFO [224/900] 445da409-147b-4306-a6f7-5385536b528d: 22 groups; 0.9 s; peak memory 247 MiB.
2026-10-05T13:01:02Z INFO [225/900] 445e1a11-42b9-44ec-8b3e-025418f5969d: 34 groups; 4.6 s; peak memory 247 MiB.
2026-10-05T13:01:03Z INFO [226/900] 445e7639-c6c8-43c4-aa86-8fa787769e28: 32 groups; 1.2 s; peak memory 247 MiB.
2026-10-05T13:01:06Z INFO [227/900] 445fcc88-3dca-4395-aba3-8ecb95863320: 34 groups; 2.5 s; peak memory 247 MiB.
2026-10-05T13:01:07Z INFO [228/900] 44601b47-87a7-4cbf-81c0-8afe70ff24c2: 48 groups; 1.8 s; peak memory 247 MiB.
2026-10-05T13:03:29Z INFO [229/900] 4460630d-17cb-4e90-ae2b-6ed5c7924e7d: 60 groups; 142.0 s; peak memory 286 MiB.
2026-10-05T13:03:30Z INFO [230/900] 4460f716-98f3-49ed-ae75-1e923bf82ad2: 17 groups; 0.8 s; peak memory 286 MiB.
2026-10-05T13:03:31Z INFO [231/900] 4461ef13-a1fa-4b4d-9a6c-574ec45ee19c: 35 groups; 1.3 s; peak memory 286 MiB.
2026-10-05T13:03:33Z INFO [232/900] 4461f012-0b2b-4ae9-8676-9a8628a745c9: 195 groups; 1.2 s; peak memory 286 MiB.
2026-10-05T13:03:34Z INFO [233/900] 44622073-a93e-4680-b9a3-78abbe1f553e: 32 groups; 1.1 s; peak memory 286 MiB.
2026-10-05T13:03:35Z INFO [234/900] 44624132-5955-4e6f-9c68-d2262d35fd18: 35 groups; 1.4 s; peak memory 286 MiB.
2026-10-05T13:03:36Z INFO [235/900] 44625006-6c8a-46a5-9a0c-3042e91d58a8: 28 groups; 1.0 s; peak memory 286 MiB.
2026-10-05T13:03:43Z INFO [236/900] 44633f59-0959-440a-b64c-90a9fa6ed1a7: 53 groups; 6.5 s; peak memory 286 MiB.
2026-10-05T13:03:54Z INFO [237/900] 44634eac-3af4-4358-beb3-c1279e1e6845: 17 groups; 11.2 s; peak memory 286 MiB.
2026-10-05T13:03:59Z INFO [238/900] 44637c57-b68b-4b4b-b5a6-ae83ec9c6c30: 78 groups; 4.9 s; peak memory 286 MiB.
2026-10-05T13:04:00Z INFO [239/900] 4465f280-f5bc-49f8-8179-000c568b5d41: 35 groups; 1.2 s; peak memory 286 MiB.
2026-10-05T13:04:13Z INFO [240/900] 44663b28-dec1-4a10-a331-876c7d0b4c99: 217 groups; 12.9 s; peak memory 286 MiB.
2026-10-05T13:04:21Z INFO [241/900] 446659d0-39a7-49fc-9bde-98b0d93e438e: 68 groups; 8.2 s; peak memory 286 MiB.
2026-10-05T13:04:22Z INFO [242/900] 446679c2-6108-4f42-ae9d-f1cb6d373c44: 22 groups; 0.8 s; peak memory 286 MiB.
2026-10-05T13:04:23Z INFO [243/900] 44682323-4375-4fe3-b902-6b93a3a95122: 22 groups; 1.1 s; peak memory 286 MiB.
2026-10-05T13:04:24Z INFO [244/900] 44687618-e9af-4d57-9eca-edbe712cbf11: 35 groups; 1.3 s; peak memory 286 MiB.
2026-10-05T13:04:29Z INFO [245/900] 4469ee1a-1bd3-4f59-af7a-67e05740524d: 129 groups; 4.4 s; peak memory 286 MiB.
2026-10-05T13:04:31Z INFO [246/900] 446a334e-47a0-4e4a-a7a0-97e652fdde61: 194 groups; 2.3 s; peak memory 286 MiB.
2026-10-05T13:04:40Z INFO [247/900] 446aacf9-cc8b-431c-a818-a1b41f812a5d: 264 groups; 9.5 s; peak memory 286 MiB.
2026-10-05T13:04:41Z INFO [248/900] 446b1a99-7004-4955-bfd8-9778ec7d9408: 31 groups; 0.8 s; peak memory 286 MiB.
2026-10-05T13:04:45Z INFO [249/900] 446b4f1c-6f94-4192-96d7-6594b8d0d3cc: 78 groups; 4.1 s; peak memory 286 MiB.
2026-10-05T13:04:46Z INFO [250/900] 446b7b3e-3eec-4317-baba-75e5ba07f2af: 33 groups; 0.9 s; peak memory 286 MiB.
2026-10-05T13:04:46Z INFO [250/900] 446b7b3e-3eec-4317-baba-75e5ba07f2af: checkpointed 79886 records.
2026-10-05T13:04:47Z INFO [251/900] 446bcbcc-3b83-4577-b7f3-0351c54e10fb: 30 groups; 0.8 s; peak memory 286 MiB.
2026-10-05T13:04:49Z INFO [252/900] 446c660a-47e9-498c-9cc3-2a3cf564f910: 47 groups; 1.7 s; peak memory 286 MiB.
2026-10-05T13:04:50Z INFO [253/900] 446c6d01-acb6-42ef-ad9f-c099c09c9e31: 25 groups; 1.0 s; peak memory 286 MiB.
2026-10-05T13:04:51Z INFO [254/900] 446d12ea-1a33-4a44-a166-d67a889e801a: 35 groups; 1.3 s; peak memory 286 MiB.
2026-10-05T13:04:52Z INFO [255/900] 446d4010-ce71-4815-8dca-a697ae794e20: 252 groups; 0.9 s; peak memory 286 MiB.
2026-10-05T13:04:53Z INFO [256/900] 446e4c95-c597-481c-8fb4-71d978833b98: 35 groups; 1.0 s; peak memory 286 MiB.
2026-10-05T13:04:54Z INFO [257/900] 446e655b-bf1e-4dd3-a5da-e50ae642da36: 22 groups; 0.9 s; peak memory 286 MiB.
2026-10-05T13:04:55Z INFO [258/900] 446e6909-3435-41b0-b97c-cbf93753d895: 32 groups; 0.8 s; peak memory 286 MiB.
2026-10-05T13:04:56Z INFO [259/900] 447095f0-6cdc-4c56-ab12-0a4c450df032: 30 groups; 1.5 s; peak memory 286 MiB.
2026-10-05T13:05:06Z INFO [260/900] 447108c8-ce11-4265-b54e-cec79548147d: 36 groups; 10.1 s; peak memory 286 MiB.
2026-10-05T13:05:08Z INFO [261/900] 44710d5e-4612-4eaa-b1c5-2e66ba09a7f1: 259 groups; 1.5 s; peak memory 286 MiB.
2026-10-05T13:05:09Z INFO [262/900] 44712854-a17d-4dad-8317-db5d337fa153: 103 groups; 0.9 s; peak memory 286 MiB.
2026-10-05T13:05:15Z INFO [263/900] 44722c49-6b56-4973-b87b-f28e7a1f426d: 244 groups; 6.7 s; peak memory 286 MiB.
2026-10-05T13:05:16Z INFO [264/900] 44729cea-65ed-4b0d-82df-7f5c09000dfa: 24 groups; 1.1 s; peak memory 286 MiB.
2026-10-05T13:05:18Z INFO [265/900] 4472b41d-4987-472a-a9a8-de95ed9ac36d: 35 groups; 1.1 s; peak memory 286 MiB.
2026-10-05T13:05:18Z INFO [266/900] 4472b615-8fba-48f4-92b1-3355c9a3b502: 25 groups; 0.8 s; peak memory 286 MiB.
2026-10-05T13:05:19Z INFO [267/900] 44730d2b-1b64-4f76-9c33-089e81d8cb14: 22 groups; 0.9 s; peak memory 286 MiB.
2026-10-05T13:05:20Z INFO [268/900] 44734561-ca85-4df6-b5f5-ee8724770033: 35 groups; 1.2 s; peak memory 286 MiB.
2026-10-05T13:05:22Z INFO [269/900] 44741cee-1a4d-4717-ac72-22b29b7704a1: 35 groups; 1.2 s; peak memory 286 MiB.
2026-10-05T13:05:23Z INFO [270/900] 4474c11e-b0bb-4fea-98bb-1033f1f38de1: 194 groups; 1.7 s; peak memory 286 MiB.
2026-10-05T13:05:26Z INFO [271/900] 4474e9ba-5702-4585-8224-bee4c54a54dc: 48 groups; 2.6 s; peak memory 286 MiB.
2026-10-05T13:05:27Z INFO [272/900] 4474f892-bb90-48cf-8bcd-d35467ad48a5: 22 groups; 0.9 s; peak memory 286 MiB.
2026-10-05T13:05:28Z INFO [273/900] 44750d6d-d11b-4d82-b2e6-a31c819edcf1: 31 groups; 0.8 s; peak memory 286 MiB.
2026-10-05T13:05:29Z INFO [274/900] 44752c6b-fd63-43e2-915f-b1aa7a0d128c: 22 groups; 0.9 s; peak memory 286 MiB.
2026-10-05T13:05:30Z INFO [275/900] 44761f49-6154-4e28-9b90-556917ce96a0: 22 groups; 1.0 s; peak memory 286 MiB.
2026-10-05T13:05:31Z INFO [276/900] 44763bb1-a25c-462b-9afa-1a82ea0626d6: 22 groups; 1.0 s; peak memory 286 MiB.
2026-10-05T13:05:32Z INFO [277/900] 447650b8-8d4e-4e44-ada1-f7458e575ac9: 33 groups; 1.1 s; peak memory 286 MiB.
2026-10-05T13:05:36Z INFO [278/900] 4476f3ee-a04f-4fd3-ae2a-edbc3e190c76: 181 groups; 3.7 s; peak memory 286 MiB.
2026-10-05T13:05:50Z INFO [279/900] 447717f5-14b4-436e-9d05-706f8cf12492: 93 groups; 14.9 s; peak memory 286 MiB.
2026-10-05T13:05:51Z INFO [280/900] 447785d6-a726-4c6c-bf8f-17437aa1e098: 22 groups; 0.9 s; peak memory 286 MiB.
2026-10-05T13:05:52Z INFO [281/900] 4477cf45-d4f3-4dc8-a24c-a4e3aef9587d: 25 groups; 1.0 s; peak memory 286 MiB.
2026-10-05T13:05:53Z INFO [282/900] 447ab2d1-b2da-4cb0-97e7-3f094f1fcbae: 31 groups; 1.0 s; peak memory 286 MiB.
2026-10-05T13:06:08Z INFO [283/900] 447b21a9-9c91-4230-a11b-5b7f714ba498: 112 groups; 15.0 s; peak memory 286 MiB.
2026-10-05T13:06:09Z INFO [284/900] 447b52b2-66d0-4803-9e12-3191deeb60eb: 22 groups; 1.0 s; peak memory 286 MiB.
2026-10-05T13:06:11Z INFO [285/900] 447b90cb-67a6-466e-9855-069e83d22f5c: 35 groups; 1.3 s; peak memory 286 MiB.
2026-10-05T13:06:12Z INFO [286/900] 447bd01a-ec54-4e72-b259-53f32329aeaa: 28 groups; 1.2 s; peak memory 286 MiB.
2026-10-05T13:06:12Z INFO [287/900] 447bde26-4006-41ab-8e4a-896af2a54988: 16 groups; 0.5 s; peak memory 286 MiB.
2026-10-05T13:06:13Z INFO [288/900] 447c647e-d0f9-488c-92a0-6453ea59d9f3: 22 groups; 0.9 s; peak memory 286 MiB.
2026-10-05T13:06:15Z INFO [289/900] 447c9980-eed1-48ff-941f-59a9e312cdba: 336 groups; 1.6 s; peak memory 286 MiB.
2026-10-05T13:06:16Z INFO [290/900] 447d19f2-e73a-4565-9ca3-58580f467aa5: 43 groups; 1.6 s; peak memory 286 MiB.
2026-10-05T13:06:17Z INFO [291/900] 447d73a9-143d-4b0e-96ca-66f71c72d80a: 16 groups; 0.5 s; peak memory 286 MiB.
2026-10-05T13:06:20Z INFO [292/900] 447dd07c-d969-468c-9da0-d3a3368f28f5: 103 groups; 2.7 s; peak memory 286 MiB.
2026-10-05T13:06:20Z INFO [293/900] 447ddf6b-fc35-4d60-abbc-39e9ca72a3ff: 16 groups; 0.7 s; peak memory 286 MiB.
2026-10-05T13:06:21Z INFO [294/900] 447e49fa-9e71-41c0-9b0c-e311237cf147: 32 groups; 1.2 s; peak memory 286 MiB.
2026-10-05T13:06:22Z INFO [295/900] 447e9d1c-10b6-419c-b49d-9fea8b6d2397: 22 groups; 0.9 s; peak memory 286 MiB.
2026-10-05T13:06:23Z INFO [296/900] 447eb3f7-6165-4384-81f4-f95cfc05152f: 16 groups; 0.7 s; peak memory 286 MiB.
2026-10-05T13:06:27Z INFO [297/900] 447f62e1-0c02-4f2e-93a6-71bee7af59b2: 105 groups; 3.6 s; peak memory 286 MiB.
2026-10-05T13:06:59Z INFO [298/900] 44806c5b-254a-4090-a3af-1c5c16430f56: 33 groups; 32.0 s; peak memory 286 MiB.
2026-10-05T13:07:08Z INFO [299/900] 448071b5-5a9d-42c0-bd85-20d9c8916c16: 142 groups; 9.5 s; peak memory 286 MiB.
2026-10-05T13:07:09Z INFO [300/900] 448079a8-02a2-4893-b3a8-406d04dd4292: 207 groups; 1.3 s; peak memory 286 MiB.
2026-10-05T13:07:10Z INFO [300/900] 448079a8-02a2-4893-b3a8-406d04dd4292: checkpointed 79936 records.
2026-10-05T13:07:11Z INFO [301/900] 448129a1-a366-4586-9a3b-87d9eb975e3d: 202 groups; 1.3 s; peak memory 286 MiB.
2026-10-05T13:07:12Z INFO [302/900] 4481a4a2-25de-40cd-80ae-012d61987bb9: 22 groups; 1.1 s; peak memory 286 MiB.
2026-10-05T13:07:13Z INFO [303/900] 4482231d-47e0-440b-a62a-dfb2ba8086ab: 22 groups; 0.8 s; peak memory 286 MiB.
2026-10-05T13:07:17Z INFO [304/900] 44831cf1-7eda-4b2b-a635-6a032ac60cc9: 181 groups; 4.5 s; peak memory 286 MiB.
2026-10-05T13:07:19Z INFO [305/900] 4483d344-ae66-4588-8e4c-15e1f842560a: 49 groups; 1.7 s; peak memory 286 MiB.
2026-10-05T13:07:20Z INFO [306/900] 4483ff57-bc6b-4cf0-ab03-0afe4241cbcc: 67 groups; 1.1 s; peak memory 286 MiB.
2026-10-05T13:07:21Z INFO [307/900] 4484817e-f4ef-4ed3-affc-2475edd9d66f: 16 groups; 0.9 s; peak memory 286 MiB.
2026-10-05T13:07:23Z INFO [308/900] 4485bef7-f2be-43dd-a420-d7e42d32a4da: 32 groups; 1.6 s; peak memory 286 MiB.
2026-10-05T13:07:24Z INFO [309/900] 4485f579-d224-4611-94cf-f9b865f336be: 49 groups; 1.3 s; peak memory 286 MiB.
2026-10-05T13:07:25Z INFO [310/900] 448686f9-987f-4786-9ff0-9de7bb7a248d: 29 groups; 0.8 s; peak memory 286 MiB.
2026-10-05T13:07:28Z INFO [311/900] 448691f1-fa2e-4b43-88b1-fa9da1fbf535: 22 groups; 3.5 s; peak memory 286 MiB.
2026-10-05T13:07:29Z INFO [312/900] 4486979b-ac20-48b6-89df-dc9169f2db9d: 22 groups; 1.0 s; peak memory 286 MiB.
2026-10-05T13:07:38Z INFO [313/900] 4487a2ac-1f78-449a-90e6-932fa206012b: 49 groups; 9.1 s; peak memory 286 MiB.
2026-10-05T13:07:43Z INFO [314/900] 4487bfd6-d7bd-4434-8ed6-a7affa2583c0: 112 groups; 4.5 s; peak memory 286 MiB.
2026-10-05T13:07:45Z INFO [315/900] 44881576-91f5-4328-b2c6-8d723c203a4a: 337 groups; 1.7 s; peak memory 286 MiB.
2026-10-05T13:07:46Z INFO [316/900] 4488b360-020e-46a5-bcba-3a1bfc270991: 33 groups; 1.1 s; peak memory 286 MiB.
2026-10-05T13:07:46Z INFO [317/900] 448999f5-83b2-4399-930a-c755d7807790: 31 groups; 0.8 s; peak memory 286 MiB.
2026-10-05T13:07:57Z INFO [318/900] 4489e17d-099b-4547-ac94-1398723152e6: 37 groups; 10.4 s; peak memory 286 MiB.
2026-10-05T13:07:58Z INFO [319/900] 448a0caf-ed79-4f38-8f35-c1bc5d31b38f: 22 groups; 1.1 s; peak memory 286 MiB.
2026-10-05T13:07:59Z INFO [320/900] 448a23b6-cfaf-4998-ae6b-a3a13da1793d: 42 groups; 1.0 s; peak memory 286 MiB.
2026-10-05T13:08:00Z INFO [321/900] 448b82a0-3622-4091-baa6-7a7df30f4e36: 35 groups; 1.2 s; peak memory 286 MiB.
2026-10-05T13:08:05Z INFO [322/900] 448bc92d-6525-43ce-acf8-eb666f9ca9bc: 59 groups; 4.9 s; peak memory 286 MiB.
2026-10-05T13:08:06Z INFO [323/900] 448d01fc-79e1-4d88-97ac-50f4da0f4189: 32 groups; 1.0 s; peak memory 286 MiB.
2026-10-05T13:08:11Z INFO [324/900] 448df345-703e-4bf7-9976-59a50ce5c293: 132 groups; 5.3 s; peak memory 286 MiB.
2026-10-05T13:08:12Z INFO [325/900] 448e0b7c-c0e6-4b18-9673-a4a975988d0e: 202 groups; 1.1 s; peak memory 286 MiB.
2026-10-05T13:08:13Z INFO [326/900] 448f0b48-ae8a-425e-8c9e-6eaead40c5da: 18 groups; 0.8 s; peak memory 286 MiB.
2026-10-05T13:08:14Z INFO [327/900] 448f4c16-65f3-40c9-b6fb-b63a4005a238: 32 groups; 0.9 s; peak memory 286 MiB.
2026-10-05T13:08:15Z INFO [328/900] 44902528-9423-4599-bb93-f50db2d903ed: 22 groups; 0.9 s; peak memory 286 MiB.
2026-10-05T13:08:17Z INFO [329/900] 4490334e-e88d-49c2-8d56-f2b2dd313e0a: 194 groups; 1.6 s; peak memory 286 MiB.
2026-10-05T13:08:17Z INFO [330/900] 44903511-fbfd-442a-8cd8-9c3f229cd14a: 16 groups; 0.6 s; peak memory 286 MiB.
2026-10-05T13:08:19Z INFO [331/900] 4490bad9-be17-4d01-8971-2bcbb56190bd: 32 groups; 1.5 s; peak memory 286 MiB.
2026-10-05T13:08:19Z INFO [332/900] 4490f768-ca9a-45fc-8565-dd7e4729bf51: 26 groups; 0.6 s; peak memory 286 MiB.
2026-10-05T13:08:20Z INFO [333/900] 4491a312-191c-49fa-b81d-93442366655c: 22 groups; 1.0 s; peak memory 286 MiB.
2026-10-05T13:08:21Z INFO [334/900] 4492577b-461b-47d7-b230-cee210ceeb05: 35 groups; 1.1 s; peak memory 286 MiB.
2026-10-05T13:08:22Z INFO [335/900] 44935c34-da8c-4590-b7b7-2b2d41d34095: 32 groups; 1.0 s; peak memory 286 MiB.
2026-10-05T13:08:24Z INFO [336/900] 44939f26-a7bb-48c5-ab68-7d6a50bec646: 206 groups; 1.4 s; peak memory 286 MiB.
2026-10-05T13:08:25Z INFO [337/900] 4493ac03-984f-47e7-a0ba-e0e0f9a536d6: 17 groups; 0.7 s; peak memory 286 MiB.
2026-10-05T13:08:26Z INFO [338/900] 4494e702-6886-431d-a9a9-dbdfca514849: 196 groups; 1.1 s; peak memory 286 MiB.
2026-10-05T13:08:27Z INFO [339/900] 449692cb-f8c3-481b-8c92-911feb07a8e6: 22 groups; 1.2 s; peak memory 286 MiB.
2026-10-05T13:08:28Z INFO [340/900] 4497fd3c-3f80-4139-856d-dfd6eaf69033: 336 groups; 1.3 s; peak memory 286 MiB.
2026-10-05T13:08:29Z INFO [341/900] 44983f87-dbed-42eb-9877-e95bb2255564: 22 groups; 0.6 s; peak memory 286 MiB.
2026-10-05T13:08:30Z INFO [342/900] 449ae0cc-5e7c-41af-b5e5-81247edee4bf: 28 groups; 0.8 s; peak memory 286 MiB.
2026-10-05T13:08:31Z INFO [343/900] 449cbae4-a521-4626-b3fd-5e0893a397d4: 32 groups; 1.2 s; peak memory 286 MiB.
2026-10-05T13:08:38Z INFO [344/900] 449d32ac-8581-484c-9b91-c94a6c1a8495: 249 groups; 7.3 s; peak memory 286 MiB.
2026-10-05T13:08:40Z INFO [345/900] 449d3c71-3d20-44b9-89d0-b69ecbb938f8: 48 groups; 2.0 s; peak memory 286 MiB.
2026-10-05T13:08:41Z INFO [346/900] 449d7065-0575-4d80-9b81-ede2529d0f77: 22 groups; 0.9 s; peak memory 286 MiB.
2026-10-05T13:08:42Z INFO [347/900] 449d8be0-851e-4296-be4e-57c439b3abc7: 18 groups; 0.7 s; peak memory 286 MiB.
2026-10-05T13:08:42Z INFO [348/900] 449da8d4-ed94-46bf-8e70-97af9e5838ff: 16 groups; 0.7 s; peak memory 286 MiB.
2026-10-05T13:08:43Z INFO [349/900] 449e51b0-60f6-4a55-826b-5409368a411d: 18 groups; 0.9 s; peak memory 286 MiB.
2026-10-05T13:08:57Z INFO [350/900] 449e6b70-e646-49ae-ae76-6586a2a63427: 250 groups; 13.4 s; peak memory 286 MiB.
2026-10-05T13:08:57Z INFO [350/900] 449e6b70-e646-49ae-ae76-6586a2a63427: checkpointed 79986 records.
2026-10-05T13:09:00Z INFO [351/900] 449e7e08-c7bb-477f-9b54-d749b1de1daa: 27 groups; 3.1 s; peak memory 286 MiB.
2026-10-05T13:09:01Z INFO [352/900] 449e7e72-5e5b-4293-8acd-05c55d7e75fa: 22 groups; 1.1 s; peak memory 286 MiB.
2026-10-05T13:09:02Z INFO [353/900] 44a0afc7-f67e-4e36-9f9f-bf326ba0e3a0: 30 groups; 0.8 s; peak memory 286 MiB.
2026-10-05T13:09:04Z INFO [354/900] 44a0b4db-9062-49c4-9acf-38bf72dacdc0: 50 groups; 2.4 s; peak memory 286 MiB.
2026-10-05T13:09:06Z INFO [355/900] 44a17b6e-ef15-4b9a-877a-aab8cf217c6f: 54 groups; 2.1 s; peak memory 286 MiB.
2026-10-05T13:09:10Z INFO [356/900] 44a21162-3d2d-4428-becc-7d097f1a1c38: 181 groups; 4.2 s; peak memory 286 MiB.
2026-10-05T13:09:11Z INFO [357/900] 44a24ea8-333d-48e5-9708-04230870b55d: 256 groups; 1.0 s; peak memory 286 MiB.
2026-10-05T13:09:14Z INFO [358/900] 44a38f70-440b-4365-bf2a-1bc0eb438238: 32 groups; 2.6 s; peak memory 286 MiB.
2026-10-05T13:09:21Z INFO [359/900] 44a45c8a-2a2b-4da0-a054-3f897985ad72: 159 groups; 7.0 s; peak memory 286 MiB.
2026-10-05T13:09:22Z INFO [360/900] 44a4752c-396a-4e82-b65e-40715feb0731: 26 groups; 0.7 s; peak memory 286 MiB.
2026-10-05T13:09:23Z INFO [361/900] 44a4fa9a-a5d0-49ad-9233-271b2ac8f042: 22 groups; 1.0 s; peak memory 286 MiB.
2026-10-05T13:09:25Z INFO [362/900] 44a51724-9ff9-41af-8d41-f355a3ed83d2: 17 groups; 2.4 s; peak memory 286 MiB.
2026-10-05T13:09:28Z INFO [363/900] 44a594ad-ab3f-445a-8204-75658678c84e: 100 groups; 2.7 s; peak memory 286 MiB.
2026-10-05T13:09:32Z INFO [364/900] 44a60ae2-5887-471a-bdbd-bf7bb967ca9a: 78 groups; 3.8 s; peak memory 286 MiB.
2026-10-05T13:09:33Z INFO [365/900] 44a644e8-485c-468b-a130-dae843a18ded: 253 groups; 1.0 s; peak memory 286 MiB.
2026-10-05T13:09:34Z INFO [366/900] 44a6bb4e-2c8d-4e14-834e-8a0d04d2026c: 32 groups; 1.1 s; peak memory 286 MiB.
2026-10-05T13:09:35Z INFO [367/900] 44a6e94a-ee60-4fb0-94f9-7abb2c49610b: 67 groups; 1.0 s; peak memory 286 MiB.
2026-10-05T13:09:36Z INFO [368/900] 44a724cd-f551-462d-9011-a3dce62d2eaa: 32 groups; 1.0 s; peak memory 286 MiB.
2026-10-05T13:09:38Z INFO [369/900] 44a7a240-a349-4fba-b96e-0556a6a4f9b7: 48 groups; 1.9 s; peak memory 286 MiB.
2026-10-05T13:09:39Z INFO [370/900] 44a81a8b-946b-4ab5-80a2-7196b7299ce1: 22 groups; 1.0 s; peak memory 286 MiB.
2026-10-05T13:09:39Z INFO [371/900] 44a89378-92ba-4890-b679-9f5929b22740: 26 groups; 0.7 s; peak memory 286 MiB.
2026-10-05T13:09:40Z INFO [372/900] 44a8d1af-07a3-4a84-ba35-55ae12a4059f: 32 groups; 1.2 s; peak memory 286 MiB.
2026-10-05T13:09:41Z INFO [373/900] 44a8f123-bb0a-467a-ae82-53e99fb672fd: 32 groups; 0.9 s; peak memory 286 MiB.
2026-10-05T13:09:42Z INFO [374/900] 44a94af7-cdcd-4433-8ffe-c0dc2f212a1e: 32 groups; 0.9 s; peak memory 286 MiB.
2026-10-05T13:09:52Z INFO [375/900] 44aa4d23-6d30-4cba-920f-3cc2ebf2112f: 162 groups; 10.1 s; peak memory 286 MiB.
2026-10-05T13:09:55Z INFO [376/900] 44aab664-73de-4289-95f2-2d15484d9d17: 58 groups; 2.4 s; peak memory 286 MiB.
2026-10-05T13:09:56Z INFO [377/900] 44ad627d-bb9f-4944-8fb4-6b0cf2f5a8f4: 201 groups; 1.3 s; peak memory 286 MiB.
2026-10-05T13:09:57Z INFO [378/900] 44adc3ed-b6f0-4e8c-a11e-4422dabd1431: 52 groups; 1.3 s; peak memory 286 MiB.
2026-10-05T13:09:59Z INFO [379/900] 44add7fb-bcf6-4008-bf41-8dae30ed0deb: 79 groups; 2.0 s; peak memory 286 MiB.
2026-10-05T13:10:00Z INFO [380/900] 44adecb1-2387-4ffd-8209-a7549922081b: 255 groups; 0.9 s; peak memory 286 MiB.
2026-10-05T13:10:02Z INFO [381/900] 44ae2cd6-7a05-4478-a2c9-c865bdd6873c: 35 groups; 1.8 s; peak memory 286 MiB.
2026-10-05T13:10:49Z INFO [382/900] 44ae3f03-20d5-4ac0-826a-ea4507ef2a8c: 52 groups; 47.5 s; peak memory 286 MiB.
2026-10-05T13:10:50Z INFO [383/900] 44aec2d3-6699-4d7f-9a6a-d1a407ab623f: 29 groups; 0.8 s; peak memory 286 MiB.
2026-10-05T13:10:51Z INFO [384/900] 44afabfe-c206-4883-8c0e-9587161992e4: 31 groups; 0.7 s; peak memory 286 MiB.
2026-10-05T13:10:53Z INFO [385/900] 44b06858-bb45-4b12-bd0e-efe024d14162: 32 groups; 1.6 s; peak memory 286 MiB.
2026-10-05T13:10:54Z INFO [386/900] 44b0fc2d-7de4-49b7-be8c-8a808dd876d5: 32 groups; 1.1 s; peak memory 286 MiB.
2026-10-05T13:10:55Z INFO [387/900] 44b181c5-1bdd-417a-99f1-b92e4d5128f6: 35 groups; 1.3 s; peak memory 286 MiB.
2026-10-05T13:10:56Z INFO [388/900] 44b22324-0573-4f4a-9e03-084cf1d7e22a: 35 groups; 1.1 s; peak memory 286 MiB.
2026-10-05T13:10:57Z INFO [389/900] 44b2322d-8323-4a11-aff5-4630d5ebaeb7: 35 groups; 1.2 s; peak memory 286 MiB.
2026-10-05T13:10:58Z INFO [390/900] 44b2df7b-1b23-4c93-a7b3-e730c53af9f4: 35 groups; 0.9 s; peak memory 286 MiB.
2026-10-05T13:10:59Z INFO [391/900] 44b39666-3827-4f3a-a3b1-005aca554d28: 25 groups; 0.9 s; peak memory 286 MiB.
2026-10-05T13:11:01Z INFO [392/900] 44b3976c-32c4-4821-a5d1-314ee7031146: 261 groups; 1.6 s; peak memory 286 MiB.
2026-10-05T13:11:02Z INFO [393/900] 44b44ddf-3ee6-4344-b959-8a82fa3e0a13: 195 groups; 1.3 s; peak memory 286 MiB.
2026-10-05T13:11:04Z INFO [394/900] 44b45436-506a-4d1c-bb09-1970b6d62038: 207 groups; 1.7 s; peak memory 286 MiB.
2026-10-05T13:11:05Z INFO [395/900] 44b4ab5a-c706-4394-b65a-da3da4754cba: 41 groups; 1.4 s; peak memory 286 MiB.
2026-10-05T13:11:16Z INFO [396/900] 44b4baf4-45e8-4b8e-ac8d-1f842c401a63: 112 groups; 11.4 s; peak memory 286 MiB.
2026-10-05T13:11:18Z INFO [397/900] 44b4e668-6abc-49b6-89a1-b227a03bd367: 32 groups; 1.2 s; peak memory 286 MiB.
2026-10-05T13:11:19Z INFO [398/900] 44b63ee7-0417-4a26-ac49-323b517a583a: 32 groups; 1.1 s; peak memory 286 MiB.
2026-10-05T13:11:20Z INFO [399/900] 44b68721-8ebf-4ca0-8e20-837df980f581: 22 groups; 1.0 s; peak memory 286 MiB.
2026-10-05T13:11:21Z INFO [400/900] 44b76263-5375-4e03-aef1-1479314ea802: 103 groups; 1.1 s; peak memory 286 MiB.
2026-10-05T13:11:21Z INFO [400/900] 44b76263-5375-4e03-aef1-1479314ea802: checkpointed 80036 records.
2026-10-05T13:11:28Z INFO [401/900] 44b76755-c390-427c-aed4-0deb0a1d4086: 71 groups; 6.7 s; peak memory 286 MiB.
2026-10-05T13:11:28Z INFO [402/900] 44b77c59-cfb8-4028-91e2-b8a2a64aa8a1: 31 groups; 0.8 s; peak memory 286 MiB.
2026-10-05T13:12:16Z INFO [403/900] 44b792bf-c64f-4586-9f14-06ca21577bd0: 110 groups; 47.3 s; peak memory 286 MiB.
2026-10-05T13:12:17Z INFO [404/900] 44b7d953-6701-49cf-b66a-612654732644: 25 groups; 0.9 s; peak memory 286 MiB.
2026-10-05T13:12:22Z INFO [405/900] 44b7e452-9459-4a7b-912c-cba8b466744f: 85 groups; 5.3 s; peak memory 286 MiB.
2026-10-05T13:12:24Z INFO [406/900] 44b901d8-345d-40ba-ae04-9c409d40f724: 336 groups; 1.7 s; peak memory 286 MiB.
2026-10-05T13:12:25Z INFO [407/900] 44b9a337-a268-4766-97d4-b6faa25bce1b: 341 groups; 1.2 s; peak memory 286 MiB.
2026-10-05T13:12:26Z INFO [408/900] 44ba0a3c-b20c-4836-a843-2143ff57b200: 33 groups; 1.2 s; peak memory 286 MiB.
2026-10-05T13:12:27Z INFO [409/900] 44bb088b-d465-44f8-8ba0-f45de901d1e0: 30 groups; 0.7 s; peak memory 286 MiB.
2026-10-05T13:12:27Z INFO [410/900] 44bc1a96-3372-4011-8049-1df4cf83452f: 32 groups; 0.7 s; peak memory 286 MiB.
2026-10-05T13:12:28Z INFO [411/900] 44bc280b-7a9b-4e85-9769-b936fe1864af: 22 groups; 1.0 s; peak memory 286 MiB.
2026-10-05T13:12:30Z INFO [412/900] 44bc4a78-4f9d-43da-9601-130f965f891e: 341 groups; 1.9 s; peak memory 286 MiB.
2026-10-05T13:12:31Z INFO [413/900] 44bca91e-c3e9-4cc7-bdda-a5ac8f4c7afa: 32 groups; 1.2 s; peak memory 286 MiB.
2026-10-05T13:12:35Z INFO [414/900] 44bd399d-ec60-491c-b844-50394419f00c: 50 groups; 3.1 s; peak memory 286 MiB.
2026-10-05T13:12:36Z INFO [415/900] 44bdf747-0e36-45f7-a925-0985eacfe2c7: 195 groups; 1.3 s; peak memory 286 MiB.
2026-10-05T13:12:41Z INFO [416/900] 44be51c0-a189-4b9c-80db-3a5c5f0d15da: 150 groups; 5.1 s; peak memory 286 MiB.
2026-10-05T13:12:47Z INFO [417/900] 44bef941-fd8e-4293-9359-02373e85f10e: 66 groups; 6.3 s; peak memory 286 MiB.
2026-10-05T13:12:48Z INFO [418/900] 44c06225-92cb-403c-b5d3-67edf026b2b9: 22 groups; 0.8 s; peak memory 286 MiB.
2026-10-05T13:12:49Z INFO [419/900] 44c22b03-d75e-4c48-a057-b5168a39b81d: 22 groups; 1.0 s; peak memory 286 MiB.
2026-10-05T13:12:50Z INFO [420/900] 44c26d9a-adba-49e6-890d-730501175cd8: 32 groups; 1.0 s; peak memory 286 MiB.
2026-10-05T13:12:51Z INFO [421/900] 44c2b893-4f1d-4d23-856f-fa62b5167ca9: 32 groups; 1.0 s; peak memory 286 MiB.
2026-10-05T13:12:52Z INFO [422/900] 44c2cc59-d1e8-4caa-9c78-654708335d76: 22 groups; 0.8 s; peak memory 286 MiB.
2026-10-05T13:12:53Z INFO [423/900] 44c2d08b-ca87-4e0f-9fd5-f21c3cc031b3: 103 groups; 1.0 s; peak memory 286 MiB.
2026-10-05T13:12:54Z INFO [424/900] 44c49686-9254-49f6-81b4-e64a5db995fb: 16 groups; 0.8 s; peak memory 286 MiB.
2026-10-05T13:12:55Z INFO [425/900] 44c4e348-9a0f-45c8-a888-89c96a3a9c17: 28 groups; 1.0 s; peak memory 286 MiB.
2026-10-05T13:12:55Z INFO [426/900] 44c4faa9-b45e-4a4c-90a9-abdaef242d49: 31 groups; 0.6 s; peak memory 286 MiB.
2026-10-05T13:12:56Z INFO [427/900] 44c624c0-89c7-46c8-81ba-01cbcdfa8657: 22 groups; 0.9 s; peak memory 286 MiB.
2026-10-05T13:12:57Z INFO [428/900] 44c6a011-09b8-4c74-ba9e-34615e94cf9e: 22 groups; 1.0 s; peak memory 286 MiB.
2026-10-05T13:12:59Z INFO [429/900] 44c6e7e8-d6c7-4bbd-b374-a823aae99520: 17 groups; 2.2 s; peak memory 286 MiB.
2026-10-05T13:13:00Z INFO [430/900] 44c708ea-d038-4a5f-803b-aa7b9bade225: 256 groups; 0.9 s; peak memory 286 MiB.
2026-10-05T13:13:02Z INFO [431/900] 44c77e64-c998-42ba-b1e6-9883e2df6f45: 42 groups; 1.3 s; peak memory 286 MiB.
2026-10-05T13:13:02Z INFO [432/900] 44c7dfdd-f1b6-45b8-855e-d35c36e45302: 17 groups; 0.7 s; peak memory 286 MiB.
2026-10-05T13:13:03Z INFO [433/900] 44c8bb52-462f-4c05-816c-f7440a2c2194: 30 groups; 1.1 s; peak memory 286 MiB.
2026-10-05T13:13:04Z INFO [434/900] 44c8d790-51a3-4fbd-90ed-607bd1804b8f: 22 groups; 0.8 s; peak memory 286 MiB.
2026-10-05T13:13:05Z INFO [435/900] 44c924e5-a983-4dc0-8012-de13c87be632: 32 groups; 0.8 s; peak memory 286 MiB.
2026-10-05T13:13:06Z INFO [436/900] 44caa0be-38ec-451c-90e8-b3e28e24ce24: 32 groups; 0.9 s; peak memory 286 MiB.
2026-10-05T13:13:10Z INFO [437/900] 44cb2693-ad39-4d2e-8fec-76739b44325b: 142 groups; 4.2 s; peak memory 286 MiB.
2026-10-05T13:13:17Z INFO [438/900] 44cb277a-3018-454e-9ec5-08248488bcc5: 66 groups; 7.0 s; peak memory 286 MiB.
2026-10-05T13:13:18Z INFO [439/900] 44cc0870-42ca-4814-aea2-f99366693202: 22 groups; 0.9 s; peak memory 286 MiB.
2026-10-05T13:13:19Z INFO [440/900] 44cd1fae-9eed-4256-93c1-619e79e73d49: 22 groups; 1.0 s; peak memory 286 MiB.
2026-10-05T13:13:20Z INFO [441/900] 44cd3de4-b792-48ac-92e2-c4486f5bfe83: 22 groups; 0.8 s; peak memory 286 MiB.
2026-10-05T13:13:21Z INFO [442/900] 44ce47b6-5bdb-47e4-bf18-32cf83039211: 22 groups; 0.9 s; peak memory 286 MiB.
2026-10-05T13:13:21Z INFO [443/900] 44cf9d6e-fda7-4ada-960c-71d9388a0a46: 16 groups; 0.6 s; peak memory 286 MiB.
2026-10-05T13:13:23Z INFO [444/900] 44d04730-71dd-4d9f-b924-6cd154b3910b: 35 groups; 1.3 s; peak memory 286 MiB.
2026-10-05T13:13:49Z INFO [445/900] 44d090d6-3ead-4e61-9274-95c72f48b873: 23 groups; 26.0 s; peak memory 286 MiB.
2026-10-05T13:13:50Z INFO [446/900] 44d0f504-0587-4a86-aaf0-7571849cfe19: 32 groups; 1.0 s; peak memory 286 MiB.
2026-10-05T13:13:51Z INFO [447/900] 44d10c53-8d6a-4dc0-a29c-d7ce0f4fe656: 196 groups; 1.1 s; peak memory 286 MiB.
2026-10-05T13:13:53Z INFO [448/900] 44d22694-2c55-4e93-b381-057d878a638a: 48 groups; 2.0 s; peak memory 286 MiB.
2026-10-05T13:13:54Z INFO [449/900] 44d2a103-b7a9-4d0a-a2ea-a5b20b38605d: 22 groups; 1.0 s; peak memory 286 MiB.
2026-10-05T13:13:55Z INFO [450/900] 44d2feb2-acf0-4491-9069-422213e23061: 22 groups; 0.9 s; peak memory 286 MiB.
2026-10-05T13:13:55Z INFO [450/900] 44d2feb2-acf0-4491-9069-422213e23061: checkpointed 80086 records.
2026-10-05T13:13:56Z INFO [451/900] 44d36ad2-6d19-4727-a492-68b90f86b277: 33 groups; 1.0 s; peak memory 286 MiB.
2026-10-05T13:13:57Z INFO [452/900] 44d3fe5d-2e42-4163-b5be-3a8e7de29e85: 104 groups; 1.3 s; peak memory 286 MiB.
2026-10-05T13:13:58Z INFO [453/900] 44d4043d-a9ba-4fcd-af56-502fa9774aa6: 49 groups; 1.1 s; peak memory 286 MiB.
2026-10-05T13:14:31Z INFO [454/900] 44d45740-96e7-44f0-88a6-29f11fe72d8c: 102 groups; 33.1 s; peak memory 286 MiB.
2026-10-05T13:14:32Z INFO [455/900] 44d49b18-ebff-48a4-9792-05618f44f649: 17 groups; 0.7 s; peak memory 286 MiB.
2026-10-05T13:14:33Z INFO [456/900] 44d5344a-d1d9-4390-83cd-ba3e48d81685: 32 groups; 1.1 s; peak memory 286 MiB.
2026-10-05T13:14:34Z INFO [457/900] 44d5c5b3-1394-415c-9876-f092fdabd49f: 25 groups; 1.0 s; peak memory 286 MiB.
2026-10-05T13:14:35Z INFO [458/900] 44d616c7-f11e-4321-82b2-7764a73445f7: 27 groups; 0.8 s; peak memory 286 MiB.
2026-10-05T13:14:36Z INFO [459/900] 44d65f4e-160a-437f-a695-4bbf08bdab8d: 22 groups; 0.9 s; peak memory 286 MiB.
2026-10-05T13:14:38Z INFO [460/900] 44d91bea-4026-4313-a4c6-dca1f8c0b9ce: 31 groups; 1.9 s; peak memory 286 MiB.
2026-10-05T13:14:38Z INFO [461/900] 44d9a932-a5d9-4586-b59e-82d162e33ed4: 22 groups; 0.9 s; peak memory 286 MiB.
2026-10-05T13:14:51Z INFO [462/900] 44da3867-1805-4925-b05f-0cc70e4d26e9: 268 groups; 12.7 s; peak memory 286 MiB.
2026-10-05T13:14:53Z INFO [463/900] 44dae3ea-bf92-436d-9aba-b1c43b9162d6: 337 groups; 1.8 s; peak memory 286 MiB.
2026-10-05T13:14:57Z INFO [464/900] 44db0817-e04d-4744-b289-1989165a3fab: 181 groups; 4.2 s; peak memory 286 MiB.
2026-10-05T13:14:59Z INFO [465/900] 44db9c87-fe8f-41d3-945d-688a4c3b6ec7: 48 groups; 1.7 s; peak memory 286 MiB.
2026-10-05T13:15:00Z INFO [466/900] 44dd0772-f8f9-4dad-9273-98b63b735644: 22 groups; 1.0 s; peak memory 286 MiB.
2026-10-05T13:15:01Z INFO [467/900] 44dd3d1d-abca-40c5-84b8-063f6fc8467a: 17 groups; 0.8 s; peak memory 286 MiB.
2026-10-05T13:15:02Z INFO [468/900] 44dd837a-fd61-40be-b8db-d16765fba141: 35 groups; 1.3 s; peak memory 286 MiB.
2026-10-05T13:15:03Z INFO [469/900] 44dec1f1-f8ba-4038-b9ff-0f4c2cd3e46f: 32 groups; 1.4 s; peak memory 286 MiB.
2026-10-05T13:15:50Z INFO [470/900] 44df0886-2345-4bc5-bd26-e42ca89edae7: 27 groups; 46.1 s; peak memory 286 MiB.
2026-10-05T13:15:56Z INFO [471/900] 44df2a17-e9d4-40be-84e3-0ecbd3c9acd2: 173 groups; 6.2 s; peak memory 286 MiB.
2026-10-05T13:15:57Z INFO [472/900] 44e0d706-b5c3-4af9-bdfa-de43c7cdd311: 32 groups; 1.1 s; peak memory 286 MiB.
2026-10-05T13:15:58Z INFO [473/900] 44e0de9a-6046-4071-977f-e5d5c38f1525: 22 groups; 0.8 s; peak memory 286 MiB.
2026-10-05T13:16:00Z INFO [474/900] 44e10741-46db-4a68-b534-34cb8278015f: 48 groups; 2.3 s; peak memory 286 MiB.
2026-10-05T13:16:01Z INFO [475/900] 44e16157-5dae-4d46-b807-b57b151877d7: 31 groups; 0.6 s; peak memory 286 MiB.
2026-10-05T13:16:02Z INFO [476/900] 44e1bc87-95bb-47c8-b7b4-a5c9e1f5476a: 22 groups; 1.0 s; peak memory 286 MiB.
2026-10-05T13:18:30Z INFO [477/900] 44e23861-3d88-451d-b14f-0b60a1146d82: 60 groups; 148.6 s; peak memory 304 MiB.
2026-10-05T13:18:31Z INFO [478/900] 44e24c0f-a5ce-4ef4-9c71-81e9f1fb1d2c: 25 groups; 0.9 s; peak memory 304 MiB.
2026-10-05T13:18:32Z INFO [479/900] 44e3f9e8-f2d7-45be-8f0d-a6a091ac4025: 40 groups; 1.3 s; peak memory 304 MiB.
2026-10-05T13:18:38Z INFO [480/900] 44e4ee57-5758-48f4-9636-d4bec260fb96: 213 groups; 5.7 s; peak memory 304 MiB.
2026-10-05T13:23:11Z INFO [481/900] 44e4f9a1-88fd-4848-b9e2-baa6e2307051: 59 groups; 272.5 s; peak memory 389 MiB.
2026-10-05T13:23:13Z INFO [482/900] 44e5d6da-63f9-4baf-b70d-385d924a48d3: 48 groups; 2.2 s; peak memory 389 MiB.
2026-10-05T13:23:14Z INFO [483/900] 44e6f9de-9795-405e-9723-9251861dd884: 35 groups; 1.2 s; peak memory 389 MiB.
2026-10-05T13:23:15Z INFO [484/900] 44e73d70-0156-429c-b87b-211591697fc1: 16 groups; 0.7 s; peak memory 389 MiB.
2026-10-05T14:16:13Z INFO [485/900] 44e7c5da-dbce-4356-9d0e-a95e373d457d: 299 groups; 3178.0 s; peak memory 1137 MiB.
2026-10-05T14:16:14Z INFO [486/900] 44e84439-1a36-4938-9b84-48e5df46eb64: 18 groups; 1.2 s; peak memory 1137 MiB.
2026-10-05T14:16:15Z INFO [487/900] 44e86c74-d5b4-4fe3-8ef4-a7f740df3e9e: 32 groups; 1.1 s; peak memory 1137 MiB.
2026-10-05T14:16:17Z INFO [488/900] 44e97198-99f0-4ca6-ac78-cd6e53c13f21: 17 groups; 1.7 s; peak memory 1137 MiB.
2026-10-05T14:16:18Z INFO [489/900] 44e985cc-dd99-4b6f-9b45-1b17f0b22800: 22 groups; 1.0 s; peak memory 1137 MiB.
2026-10-05T14:16:19Z INFO [490/900] 44e9ea4c-c398-4bb3-8366-f1badeedbbc5: 31 groups; 1.0 s; peak memory 1137 MiB.
2026-10-05T14:16:21Z INFO [491/900] 44ea1591-37ea-4678-96f7-5e4df70c7702: 50 groups; 2.4 s; peak memory 1137 MiB.
2026-10-05T14:16:22Z INFO [492/900] 44eab17d-f956-4955-a6e3-98bf83d98ad8: 22 groups; 1.0 s; peak memory 1137 MiB.
2026-10-05T14:16:23Z INFO [493/900] 44eb7b90-d966-4dde-b3bf-9cdd36e0f2e4: 18 groups; 0.7 s; peak memory 1137 MiB.
2026-10-05T14:16:37Z INFO [494/900] 44eb9a95-1ce1-4e9d-9866-e928b26b557f: 157 groups; 14.9 s; peak memory 1137 MiB.
2026-10-05T14:16:38Z INFO [495/900] 44ebba96-096e-479c-abca-00c3dbe96c68: 29 groups; 0.8 s; peak memory 1137 MiB.
2026-10-05T14:16:48Z INFO [496/900] 44ec2a9d-b8af-454a-8c9c-592e643047ef: 299 groups; 9.7 s; peak memory 1137 MiB.
2026-10-05T14:19:24Z INFO [497/900] 44ecec1f-3f55-4cf6-bd0a-b53f6771eae7: 72 groups; 155.8 s; peak memory 1137 MiB.
2026-10-05T14:19:25Z INFO [498/900] 44ed1437-eeff-4c72-8807-3cabbd64e6da: 32 groups; 1.0 s; peak memory 1137 MiB.
2026-10-05T14:19:26Z INFO [499/900] 44ed4264-9f89-4251-a529-1af0c693b03b: 195 groups; 1.2 s; peak memory 1137 MiB.
2026-10-05T14:19:27Z INFO [500/900] 44ed5757-dfc7-4450-bb40-162bff7eae4c: 22 groups; 1.0 s; peak memory 1137 MiB.
2026-10-05T14:19:27Z INFO [500/900] 44ed5757-dfc7-4450-bb40-162bff7eae4c: checkpointed 80136 records.
2026-10-05T14:19:28Z INFO [501/900] 44edf15b-156a-415b-a67a-ed8a8a42d859: 22 groups; 1.2 s; peak memory 1137 MiB.
2026-10-05T14:19:29Z INFO [502/900] 44eee19b-cf26-4c3f-9cf5-307988a2797b: 32 groups; 1.1 s; peak memory 1137 MiB.
2026-10-05T14:19:50Z INFO [503/900] 44f04af8-c5dd-4da2-88db-8c729a2867d0: 2429 groups; 20.1 s; peak memory 1137 MiB.
2026-10-05T14:19:50Z INFO [504/900] 44f0798f-3176-4335-98d0-b31241c6f0d3: 30 groups; 0.8 s; peak memory 1137 MiB.
2026-10-05T14:20:39Z INFO [505/900] 44f0ed3d-645e-4419-be64-4242c7bba535: 26 groups; 48.4 s; peak memory 1137 MiB.
2026-10-05T14:20:45Z INFO [506/900] 44f244df-e84d-4f6c-898c-ec8c5ce78c57: 207 groups; 6.6 s; peak memory 1137 MiB.
2026-10-05T14:20:47Z INFO [507/900] 44f27f8a-e32f-489b-91fb-00ebae241804: 36 groups; 1.2 s; peak memory 1137 MiB.
2026-10-05T14:20:48Z INFO [508/900] 44f293a1-77a7-430b-9f99-f38f4df1502c: 32 groups; 1.1 s; peak memory 1137 MiB.
2026-10-05T14:20:48Z INFO [509/900] 44f2b730-bf94-4430-bf19-187716e0180e: 17 groups; 0.6 s; peak memory 1137 MiB.
2026-10-05T14:20:49Z INFO [510/900] 44f3fb02-4638-42d5-b3bb-475664475805: 31 groups; 0.6 s; peak memory 1137 MiB.
2026-10-05T14:20:50Z INFO [511/900] 44f43737-b2b2-4563-ace5-b8543a6c851b: 32 groups; 1.0 s; peak memory 1137 MiB.
2026-10-05T14:20:51Z INFO [512/900] 44f46444-9799-4768-a065-963864bb344b: 32 groups; 1.1 s; peak memory 1137 MiB.
2026-10-05T14:20:52Z INFO [513/900] 44f4872f-5058-481a-a976-06151db31444: 18 groups; 1.2 s; peak memory 1137 MiB.
2026-10-05T14:21:05Z INFO [514/900] 44f56080-11cb-439a-b1d1-ca6ac1cb3658: 255 groups; 12.5 s; peak memory 1137 MiB.
2026-10-05T14:21:06Z INFO [515/900] 44f630cb-b6dc-4e97-8e83-897653e0f4de: 32 groups; 1.0 s; peak memory 1137 MiB.
2026-10-05T14:21:07Z INFO [516/900] 44f63518-a6bb-4d1e-8186-0cbec9f79d1b: 31 groups; 0.8 s; peak memory 1137 MiB.
2026-10-05T14:21:08Z INFO [517/900] 44f688f4-22a8-490b-b4e1-e20f8961b35a: 25 groups; 1.0 s; peak memory 1137 MiB.
2026-10-05T14:21:09Z INFO [518/900] 44f7c340-2ad4-48f3-9887-b8c792ba87b8: 22 groups; 1.0 s; peak memory 1137 MiB.
2026-10-05T14:22:15Z INFO [519/900] 44f7c866-8f40-455a-909e-b17e7c82fa32: 9609 groups; 66.5 s; peak memory 1137 MiB.
2026-10-05T14:22:16Z INFO [520/900] 44f8d4c8-9999-415a-92fb-9d0ed9cc7738: 41 groups; 0.9 s; peak memory 1137 MiB.
2026-10-05T15:12:02Z INFO [521/900] 44f953f9-0855-4a29-9e03-c7c028577a37: 288 groups; 2986.4 s; peak memory 1217 MiB.
2026-10-05T15:12:05Z INFO [522/900] 44f954cf-c112-4ea7-859d-fee461cf0fcf: 64 groups; 2.3 s; peak memory 1217 MiB.
2026-10-05T15:12:06Z INFO [523/900] 44f96fc2-4dc5-4884-88d3-a94a9bfbd4d0: 32 groups; 1.4 s; peak memory 1217 MiB.
2026-10-05T15:12:07Z INFO [524/900] 44fabac5-041a-42ee-b8d5-c2f01e79ec93: 22 groups; 1.1 s; peak memory 1217 MiB.
2026-10-05T15:12:09Z INFO [525/900] 44fad6c2-2255-45c1-acea-10f8e3c2fc94: 338 groups; 1.4 s; peak memory 1217 MiB.
2026-10-05T15:12:09Z INFO [526/900] 44fbb10f-b3c9-4f0f-b291-75162e101db3: 17 groups; 0.7 s; peak memory 1217 MiB.
2026-10-05T15:14:34Z INFO [527/900] 44fbde95-2e8c-4d1b-b572-e037fe4da5e3: 60 groups; 144.6 s; peak memory 1217 MiB.
2026-10-05T15:14:35Z INFO [528/900] 44fe3480-3a83-40c1-a0b4-9c3371fe6152: 337 groups; 1.4 s; peak memory 1217 MiB.
2026-10-05T15:14:37Z INFO [529/900] 44ff19bd-ed10-4f07-9cdc-e64081173efe: 337 groups; 1.4 s; peak memory 1217 MiB.
2026-10-05T15:14:39Z INFO [530/900] 44ff6f80-d1bc-498e-ae18-96772a7c99e9: 48 groups; 1.9 s; peak memory 1217 MiB.
2026-10-05T15:14:44Z INFO [531/900] 44fff8ae-de80-435c-a1d0-df2d05b514f6: 201 groups; 5.4 s; peak memory 1217 MiB.
2026-10-05T15:14:45Z INFO [532/900] 450043cf-b732-4d86-8154-2ad5463c3681: 22 groups; 0.8 s; peak memory 1217 MiB.
2026-10-05T15:14:45Z INFO [533/900] 4500c22d-deee-46f1-8a48-71f580c89b4b: 22 groups; 0.8 s; peak memory 1217 MiB.
2026-10-05T15:14:50Z INFO [534/900] 45014b94-1b8c-4971-8c4a-74081de61e2b: 78 groups; 4.7 s; peak memory 1217 MiB.
2026-10-05T15:14:52Z INFO [535/900] 4502451c-70c6-4a99-88e5-5c6a3364315e: 79 groups; 2.0 s; peak memory 1217 MiB.
2026-10-05T15:14:53Z INFO [536/900] 4502e0b3-ab88-4ad6-b01a-e37c2f5ff88c: 32 groups; 1.1 s; peak memory 1217 MiB.
2026-10-05T15:14:55Z INFO [537/900] 450317cd-57db-40fe-92fa-559de9c0137f: 32 groups; 1.2 s; peak memory 1217 MiB.
2026-10-05T15:14:55Z INFO [538/900] 4503681c-bbe5-402b-8275-6bb152ded132: 28 groups; 0.7 s; peak memory 1217 MiB.
2026-10-05T15:15:02Z INFO [539/900] 45038ae2-6bcd-4d7b-94f8-147646b72ee8: 22 groups; 7.2 s; peak memory 1217 MiB.
2026-10-05T15:15:03Z INFO [540/900] 450408df-2f48-4a7d-9b0b-1b58c0059ba6: 22 groups; 0.7 s; peak memory 1217 MiB.
2026-10-05T15:15:05Z INFO [541/900] 45044abf-60bb-492b-86e9-fcdd53dcbd65: 48 groups; 2.1 s; peak memory 1217 MiB.
2026-10-05T15:15:06Z INFO [542/900] 45050592-1cd8-48f7-ac13-4b7e6fe11bdd: 36 groups; 1.1 s; peak memory 1217 MiB.
2026-10-05T15:15:08Z INFO [543/900] 4506ba5f-4fd4-4b06-830f-aaee98383bf5: 22 groups; 1.2 s; peak memory 1217 MiB.
2026-10-05T15:15:10Z INFO [544/900] 4506e31c-97b8-412d-9697-657eee986e02: 48 groups; 2.5 s; peak memory 1217 MiB.
2026-10-05T15:15:11Z INFO [545/900] 4506e46b-bc49-46d6-8288-8202fb77670e: 32 groups; 1.2 s; peak memory 1217 MiB.
2026-10-05T15:15:12Z INFO [546/900] 450a1d14-2289-4fa9-bad4-1323e4b2b130: 23 groups; 0.6 s; peak memory 1217 MiB.
2026-10-05T15:15:13Z INFO [547/900] 450a2726-d47d-4b8b-9fa6-258a8f667242: 35 groups; 1.1 s; peak memory 1217 MiB.
2026-10-05T15:15:14Z INFO [548/900] 450aa975-bb37-482e-99f5-8b33389be911: 32 groups; 0.8 s; peak memory 1217 MiB.
2026-10-05T15:15:15Z INFO [549/900] 450ab8bd-209b-46df-aa55-88a83fa91868: 256 groups; 1.3 s; peak memory 1217 MiB.
2026-10-05T15:15:16Z INFO [550/900] 450ac851-3298-4d07-8361-87b06c872bcc: 253 groups; 1.0 s; peak memory 1217 MiB.
2026-10-05T15:15:16Z INFO [550/900] 450ac851-3298-4d07-8361-87b06c872bcc: checkpointed 80186 records.
2026-10-05T15:15:17Z INFO [551/900] 450bbc6b-378b-4eef-b3e6-c9f2569ac61e: 22 groups; 0.6 s; peak memory 1217 MiB.
2026-10-05T15:15:18Z INFO [552/900] 450c40be-b416-4bd5-8b64-9dbbac1f54ba: 49 groups; 1.4 s; peak memory 1217 MiB.
2026-10-05T15:15:19Z INFO [553/900] 450c4b97-d301-42b5-a2ec-9cb7ee044938: 32 groups; 0.8 s; peak memory 1217 MiB.
2026-10-05T15:15:22Z INFO [554/900] 450c9b9f-f734-4186-92a4-40f97af7d6e0: 50 groups; 3.0 s; peak memory 1217 MiB.
2026-10-05T15:15:24Z INFO [555/900] 450d6b84-e204-4a2d-a68c-51a5cd62da03: 17 groups; 2.1 s; peak memory 1217 MiB.
2026-10-05T15:15:30Z INFO [556/900] 450f12f3-a8a5-4c45-a779-26016540b502: 66 groups; 6.4 s; peak memory 1217 MiB.
2026-10-05T15:15:32Z INFO [557/900] 450f8341-1dde-4d10-90c1-435379176430: 35 groups; 1.2 s; peak memory 1217 MiB.
2026-10-05T15:15:33Z INFO [558/900] 4510c4c8-774d-4888-84e7-2b74f69c82ec: 25 groups; 1.3 s; peak memory 1217 MiB.
2026-10-05T15:15:35Z INFO [559/900] 4512158b-dcab-4297-a245-887804939be4: 52 groups; 2.4 s; peak memory 1217 MiB.
2026-10-05T15:15:40Z INFO [560/900] 451219a7-d171-40ca-856d-ce57d392e99a: 78 groups; 4.7 s; peak memory 1217 MiB.
2026-10-05T15:15:43Z INFO [561/900] 45135feb-19e4-4a30-bc3c-b517e587833a: 17 groups; 3.4 s; peak memory 1217 MiB.
2026-10-05T15:16:11Z INFO [562/900] 4515b266-2c49-443c-be26-dda62d547581: 23 groups; 27.8 s; peak memory 1217 MiB.
2026-10-05T15:16:12Z INFO [563/900] 451676fe-1666-4fe4-8282-dfd01522d077: 31 groups; 0.7 s; peak memory 1217 MiB.
2026-10-05T15:16:56Z INFO [564/900] 4516caa8-ea91-4e5d-8f61-11508dacc814: 27 groups; 44.5 s; peak memory 1217 MiB.
2026-10-05T15:16:57Z INFO [565/900] 45174d81-05b2-42cd-bc92-e8279dea5611: 22 groups; 1.0 s; peak memory 1217 MiB.
2026-10-05T15:16:59Z INFO [566/900] 4517c1d1-519c-4e76-8d4a-d9f20c2b3902: 32 groups; 1.1 s; peak memory 1217 MiB.
2026-10-05T15:17:00Z INFO [567/900] 4517ea6e-4a7a-47ea-a05d-2a029538a053: 32 groups; 1.2 s; peak memory 1217 MiB.
2026-10-05T15:17:01Z INFO [568/900] 4518453a-e4bd-4bf8-add2-39ed9b918ed9: 28 groups; 1.2 s; peak memory 1217 MiB.
2026-10-05T15:17:03Z INFO [569/900] 45184d10-8e95-47e6-b38b-acb2e8e72f9b: 48 groups; 2.2 s; peak memory 1217 MiB.
2026-10-05T15:17:04Z INFO [570/900] 451897c1-ddc7-4367-b4c1-32d94266a0df: 22 groups; 1.3 s; peak memory 1217 MiB.
2026-10-05T15:17:05Z INFO [571/900] 451926d8-da7b-427c-b113-ee5061057d3e: 22 groups; 0.8 s; peak memory 1217 MiB.
2026-10-05T15:17:06Z INFO [572/900] 4519b932-4445-4a93-accd-3eac742e0aa3: 195 groups; 1.1 s; peak memory 1217 MiB.
2026-10-05T15:17:07Z INFO [573/900] 451a239d-155f-44a8-96e6-1dfb2a1eb547: 32 groups; 1.1 s; peak memory 1217 MiB.
2026-10-05T15:17:08Z INFO [574/900] 451b2673-2265-4ac1-87e7-535ea307bc9b: 25 groups; 0.9 s; peak memory 1217 MiB.
2026-10-05T15:17:09Z INFO [575/900] 451c88c5-df19-4de7-86e3-6e6503aa21ba: 32 groups; 1.1 s; peak memory 1217 MiB.
2026-10-05T15:17:10Z INFO [576/900] 451c8ad8-bde3-4312-ad34-fb993b6abe5f: 32 groups; 1.0 s; peak memory 1217 MiB.
2026-10-05T15:17:12Z INFO [577/900] 451d0f07-9826-432e-abb8-962a5272505c: 50 groups; 2.1 s; peak memory 1217 MiB.
2026-10-05T15:17:17Z INFO [578/900] 451dc893-adf8-4cc0-ad9e-f72d14ffac8c: 78 groups; 4.5 s; peak memory 1217 MiB.
2026-10-05T15:17:19Z INFO [579/900] 451def53-edfe-4241-a44b-c2e24f01514b: 207 groups; 1.8 s; peak memory 1217 MiB.
2026-10-05T15:17:20Z INFO [580/900] 451ea3fb-343a-4d8f-9212-e1c2cc25040a: 22 groups; 1.0 s; peak memory 1217 MiB.
2026-10-05T15:17:22Z INFO [581/900] 451f2547-374b-4448-a44d-4d8d3fc09f7d: 48 groups; 1.9 s; peak memory 1217 MiB.
2026-10-05T15:17:23Z INFO [582/900] 451f7ecc-13f2-48f5-879a-405ec9b4fe8d: 35 groups; 1.4 s; peak memory 1217 MiB.
2026-10-05T15:17:24Z INFO [583/900] 451ffa6c-c5d1-40d6-9adc-061b28e96675: 22 groups; 0.9 s; peak memory 1217 MiB.
2026-10-05T15:17:37Z INFO [584/900] 45209cbc-112a-499b-942f-a4671f1c707a: 214 groups; 13.1 s; peak memory 1217 MiB.
2026-10-05T15:18:04Z INFO [585/900] 4520e87b-2d4e-4c2e-9a46-8d5a663269b2: 23 groups; 27.5 s; peak memory 1217 MiB.
2026-10-05T15:18:06Z INFO [586/900] 45210cdd-049e-49bd-b29d-18b8a6b0de9d: 34 groups; 1.3 s; peak memory 1217 MiB.
2026-10-05T15:18:07Z INFO [587/900] 4521190f-9d7e-4a4e-8949-bf5ee866462e: 25 groups; 0.9 s; peak memory 1217 MiB.
2026-10-05T15:18:09Z INFO [588/900] 45226179-0357-4c83-9e39-25ca3fccd68b: 341 groups; 2.0 s; peak memory 1217 MiB.
2026-10-05T15:18:17Z INFO [589/900] 4523b010-3f2b-4d14-bf15-a3f8df1e23d0: 184 groups; 8.7 s; peak memory 1217 MiB.
2026-10-05T15:18:18Z INFO [590/900] 4524a23c-8b37-49ad-8711-ffa24eafb4b6: 32 groups; 1.1 s; peak memory 1217 MiB.
2026-10-05T15:18:24Z INFO [591/900] 4524c5b1-a56f-4e87-85b8-78dc5afce0b3: 47 groups; 5.4 s; peak memory 1217 MiB.
2026-10-05T15:18:29Z INFO [592/900] 4524e249-e7a3-4a85-a0db-4ba01203d699: 70 groups; 5.0 s; peak memory 1217 MiB.
2026-10-05T15:18:30Z INFO [593/900] 4524eedb-1278-477e-931e-e2209674b3dc: 35 groups; 1.4 s; peak memory 1217 MiB.
2026-10-05T15:18:31Z INFO [594/900] 45263189-c082-43ab-83ec-52b8fed064d5: 22 groups; 0.8 s; peak memory 1217 MiB.
2026-10-05T15:18:32Z INFO [595/900] 4526e9ea-62fa-4f68-b89f-d1ac703923eb: 32 groups; 1.0 s; peak memory 1217 MiB.
2026-10-05T15:18:33Z INFO [596/900] 4527c55e-e8e6-47c9-91db-1ed328dd9490: 35 groups; 1.3 s; peak memory 1217 MiB.
2026-10-05T15:18:34Z INFO [597/900] 4527ff72-a184-4860-903f-c5ebd1fa6866: 16 groups; 0.5 s; peak memory 1217 MiB.
2026-10-05T15:18:36Z INFO [598/900] 4528a418-1d3f-42dc-8941-27fcea24b27c: 54 groups; 2.2 s; peak memory 1217 MiB.
2026-10-05T15:18:44Z INFO [599/900] 4528a9ae-cdc4-4b6c-a45f-a1aa3dc79d84: 168 groups; 7.6 s; peak memory 1217 MiB.
2026-10-05T15:18:44Z INFO [600/900] 4528b4d4-1365-4a00-b8fe-b2982cbb8334: 22 groups; 0.8 s; peak memory 1217 MiB.
2026-10-05T15:18:45Z INFO [600/900] 4528b4d4-1365-4a00-b8fe-b2982cbb8334: checkpointed 80236 records.
2026-10-05T15:18:46Z INFO [601/900] 452943e3-2efa-4d4a-9251-df61f46467e9: 35 groups; 1.0 s; peak memory 1217 MiB.
2026-10-05T15:18:46Z INFO [602/900] 45295a5d-7c36-47ca-98f6-fa2d9b956794: 22 groups; 0.9 s; peak memory 1217 MiB.
2026-10-05T15:18:47Z INFO [603/900] 452984f3-4774-4637-a960-906628df63fa: 30 groups; 0.7 s; peak memory 1217 MiB.
2026-10-05T15:18:48Z INFO [604/900] 452987b1-085a-4783-8c6f-1a0c0c0b375a: 32 groups; 0.8 s; peak memory 1217 MiB.
2026-10-05T15:18:49Z INFO [605/900] 4529a37c-9b58-4517-b0f6-af6834f9591d: 25 groups; 0.8 s; peak memory 1217 MiB.
2026-10-05T15:18:54Z INFO [606/900] 452a8286-7a97-456d-98c8-9a9bb2dc82b3: 53 groups; 4.8 s; peak memory 1217 MiB.
2026-10-05T15:18:55Z INFO [607/900] 452b21b4-1df5-4900-8f88-044346871a52: 32 groups; 0.9 s; peak memory 1217 MiB.
2026-10-05T15:18:56Z INFO [608/900] 452b3e05-66f6-4b34-85df-e46b1def3c70: 35 groups; 1.3 s; peak memory 1217 MiB.
2026-10-05T15:18:57Z INFO [609/900] 452bc455-a6b8-46a2-8b3a-2d27b3e12aec: 18 groups; 0.7 s; peak memory 1217 MiB.
2026-10-05T15:18:58Z INFO [610/900] 452c4d19-4f3f-4050-b2c3-08c7a33011ec: 196 groups; 1.1 s; peak memory 1217 MiB.
2026-10-05T15:18:59Z INFO [611/900] 452e1de9-b1f8-4ccb-9612-33f513fee6a1: 35 groups; 1.1 s; peak memory 1217 MiB.
2026-10-05T15:21:21Z INFO [612/900] 452e1e12-7124-413a-a6b1-43f792de6d83: 80 groups; 142.2 s; peak memory 1217 MiB.
2026-10-05T15:21:22Z INFO [613/900] 452fc598-b0e5-48f8-8cb4-986d085d3c98: 35 groups; 1.2 s; peak memory 1217 MiB.
2026-10-05T15:21:23Z INFO [614/900] 453028c7-f1f0-4037-a366-d3a20b35f2fd: 16 groups; 0.6 s; peak memory 1217 MiB.
2026-10-05T15:21:24Z INFO [615/900] 4531e40a-fc01-4348-a67c-16c80cf8a92d: 32 groups; 1.2 s; peak memory 1217 MiB.
2026-10-05T15:21:25Z INFO [616/900] 45331fd8-0fa5-4cc4-a262-a86dda20a3e1: 16 groups; 0.7 s; peak memory 1217 MiB.
2026-10-05T15:21:35Z INFO [617/900] 453340bb-faed-46b6-bb06-b407d8b2c70a: 162 groups; 10.5 s; peak memory 1217 MiB.
2026-10-05T15:21:36Z INFO [618/900] 45336ac8-8861-4077-95f5-ce3faaab72ec: 22 groups; 0.8 s; peak memory 1217 MiB.
2026-10-05T15:21:41Z INFO [619/900] 4533d64b-bcbc-413c-a4a5-b368cb86d7b2: 181 groups; 4.7 s; peak memory 1217 MiB.
2026-10-05T15:22:02Z INFO [620/900] 453409f9-1266-4167-afbc-830e585b0df8: 333 groups; 20.8 s; peak memory 1217 MiB.
2026-10-05T15:22:03Z INFO [621/900] 45344cbe-b236-4b60-8e7a-97410635c408: 32 groups; 1.0 s; peak memory 1217 MiB.
2026-10-05T15:22:03Z INFO [622/900] 45354ffd-5393-486a-8edf-febc3647f8bf: 30 groups; 0.9 s; peak memory 1217 MiB.
2026-10-05T15:22:06Z INFO [623/900] 4535514d-498b-4952-88e4-77dfcbd6bf33: 50 groups; 2.4 s; peak memory 1217 MiB.
2026-10-05T15:22:07Z INFO [624/900] 453587fb-2ed7-46d6-a9a9-d0dc6ed81b1a: 35 groups; 0.9 s; peak memory 1217 MiB.
2026-10-05T15:22:08Z INFO [625/900] 4535d938-28bd-4cf7-b60a-738042dcbf62: 108 groups; 1.0 s; peak memory 1217 MiB.
2026-10-05T15:22:09Z INFO [626/900] 453736eb-2792-4a59-8fe7-92e402111169: 87 groups; 1.2 s; peak memory 1217 MiB.
2026-10-05T15:22:10Z INFO [627/900] 4537ebab-15fc-4bcf-95b5-a01896e2d58e: 254 groups; 1.0 s; peak memory 1217 MiB.
2026-10-05T15:22:11Z INFO [628/900] 453863fc-43fb-4bd6-82a7-332ac8138c50: 22 groups; 1.0 s; peak memory 1217 MiB.
2026-10-05T15:22:12Z INFO [629/900] 45391e36-2c32-44c6-a3c7-49df1bd3a261: 25 groups; 1.2 s; peak memory 1217 MiB.
2026-10-05T15:22:13Z INFO [630/900] 4539bf82-3268-4949-be12-192c9b31e38a: 30 groups; 1.0 s; peak memory 1217 MiB.
2026-10-05T15:22:14Z INFO [631/900] 453a532f-105a-4cb3-8cd1-f21bfb8a0f24: 32 groups; 0.8 s; peak memory 1217 MiB.
2026-10-05T15:22:16Z INFO [632/900] 453b174b-75c8-409d-b905-88d160eaf941: 34 groups; 2.3 s; peak memory 1217 MiB.
2026-10-05T15:22:17Z INFO [633/900] 453b3870-9f18-4078-8d8d-307075b6cb05: 29 groups; 1.0 s; peak memory 1217 MiB.
2026-10-05T15:22:18Z INFO [634/900] 453bf596-2887-48a5-846e-d1e317899862: 22 groups; 1.0 s; peak memory 1217 MiB.
2026-10-05T15:22:19Z INFO [635/900] 453ce993-7153-4e7d-9c47-99195772ca84: 32 groups; 1.0 s; peak memory 1217 MiB.
2026-10-05T15:22:21Z INFO [636/900] 453d18b9-f6ee-4272-93f9-185704836d53: 61 groups; 1.9 s; peak memory 1217 MiB.
2026-10-05T15:22:25Z INFO [637/900] 453d2549-8d05-4bd3-9dc9-22243ade4dd6: 68 groups; 4.1 s; peak memory 1217 MiB.
2026-10-05T15:22:26Z INFO [638/900] 453d2bf8-5b5d-42bb-a459-7d2303b6df63: 26 groups; 0.9 s; peak memory 1217 MiB.
2026-10-05T15:22:27Z INFO [639/900] 453d3d65-7b5d-4acb-ab30-38c35eccdd23: 22 groups; 0.8 s; peak memory 1217 MiB.
2026-10-05T15:22:28Z INFO [640/900] 453d8e61-5720-49fa-8c9d-d52efbfd7047: 34 groups; 1.4 s; peak memory 1217 MiB.
2026-10-05T15:22:30Z INFO [641/900] 453e17b4-3790-4a03-822b-fe9905b17cf4: 33 groups; 1.6 s; peak memory 1217 MiB.
2026-10-05T15:22:31Z INFO [642/900] 453e6a38-a434-4cb6-82ca-093efcea3d19: 27 groups; 1.0 s; peak memory 1217 MiB.
2026-10-05T15:22:32Z INFO [643/900] 453ea9de-41c0-4f0f-944e-db89b3546136: 25 groups; 1.0 s; peak memory 1217 MiB.
2026-10-05T15:22:33Z INFO [644/900] 453ef23f-340f-4c2a-98e7-6cc9c0b56b8e: 16 groups; 0.7 s; peak memory 1217 MiB.
2026-10-05T15:22:34Z INFO [645/900] 453f12de-71c7-44f4-8c6e-88f33770cdf8: 32 groups; 1.2 s; peak memory 1217 MiB.
2026-10-05T15:22:35Z INFO [646/900] 45401c96-a88e-42b5-98d0-bc8393340be8: 33 groups; 1.2 s; peak memory 1217 MiB.
2026-10-05T15:22:36Z INFO [647/900] 4540976e-98c1-413d-8064-236ecdd0f0a8: 22 groups; 0.8 s; peak memory 1217 MiB.
2026-10-05T15:22:37Z INFO [648/900] 4540cca6-af20-42c0-9f31-ad6f66b309c4: 336 groups; 1.5 s; peak memory 1217 MiB.
2026-10-05T15:22:38Z INFO [649/900] 4541732a-b2d8-489b-8680-75035be8f2b7: 22 groups; 1.0 s; peak memory 1217 MiB.
2026-10-05T15:22:39Z INFO [650/900] 45419639-93c3-49f3-ade2-ee731e4c04ce: 21 groups; 1.0 s; peak memory 1217 MiB.
2026-10-05T15:22:39Z INFO [650/900] 45419639-93c3-49f3-ade2-ee731e4c04ce: checkpointed 80286 records.
2026-10-05T15:22:40Z INFO [651/900] 4542acf7-46db-4ea3-b92c-c07fa3570e69: 32 groups; 0.9 s; peak memory 1217 MiB.
2026-10-05T15:22:41Z INFO [652/900] 45436e5a-bf83-40e7-9b22-f4ea75f63dfb: 25 groups; 1.1 s; peak memory 1217 MiB.
2026-10-05T15:22:42Z INFO [653/900] 45438b50-00c3-4997-aed3-5f1ff51310bc: 22 groups; 0.8 s; peak memory 1217 MiB.
2026-10-05T15:22:44Z INFO [654/900] 45439dac-5005-4a08-8736-507d38af44ae: 54 groups; 1.8 s; peak memory 1217 MiB.
2026-10-05T15:22:45Z INFO [655/900] 4545622e-b175-434f-bede-ec1a8874ac49: 32 groups; 1.0 s; peak memory 1217 MiB.
2026-10-05T15:22:46Z INFO [656/900] 4545ee43-d926-4898-a486-cd54f2c1dffd: 35 groups; 1.3 s; peak memory 1217 MiB.
2026-10-05T15:22:46Z INFO [657/900] 4546621e-a7c1-46fb-9f0f-2eceb9e725d8: 16 groups; 0.5 s; peak memory 1217 MiB.
2026-10-05T15:22:48Z INFO [658/900] 45475c57-f1c2-4161-afac-a9b730795a12: 35 groups; 1.1 s; peak memory 1217 MiB.
2026-10-05T15:22:49Z INFO [659/900] 4547d910-a203-4c7f-bec1-2e54bce2e100: 48 groups; 1.9 s; peak memory 1217 MiB.
2026-10-05T15:22:53Z INFO [660/900] 4547eb13-8367-4c9f-87f4-64b35939aec4: 124 groups; 4.1 s; peak memory 1217 MiB.
2026-10-05T15:22:58Z INFO [661/900] 45480a93-822c-4ec7-bc28-f8dbcb526646: 154 groups; 4.9 s; peak memory 1217 MiB.
2026-10-05T15:23:09Z INFO [662/900] 45481e36-cd98-48d7-b4d6-5d580a7cc6ba: 84 groups; 10.4 s; peak memory 1217 MiB.
2026-10-05T15:23:10Z INFO [663/900] 4548b364-ab79-4b06-a50a-596af4dae272: 32 groups; 1.0 s; peak memory 1217 MiB.
2026-10-05T15:23:12Z INFO [664/900] 4548dc5f-834f-4040-be26-33220d6a4779: 48 groups; 2.2 s; peak memory 1217 MiB.
2026-10-05T15:23:13Z INFO [665/900] 45496115-7ddf-4f72-862e-4d063dfa4cb1: 203 groups; 1.3 s; peak memory 1217 MiB.
2026-10-05T15:23:16Z INFO [666/900] 45496f30-8a86-4d95-ba6f-59418aba068c: 48 groups; 2.5 s; peak memory 1217 MiB.
2026-10-05T15:23:17Z INFO [667/900] 4549921d-f867-447b-9863-ead1c63022b4: 22 groups; 0.8 s; peak memory 1217 MiB.
2026-10-05T15:23:18Z INFO [668/900] 4549c3d6-70c7-4ec4-98d8-a345f1bca76d: 29 groups; 0.9 s; peak memory 1217 MiB.
2026-10-05T15:23:18Z INFO [669/900] 454a8812-abde-40a2-bf7d-844a1af06495: 22 groups; 0.8 s; peak memory 1217 MiB.
2026-10-05T15:23:19Z INFO [670/900] 454aa4a7-2a99-49c8-9b0a-9a64c2cc85c7: 22 groups; 0.9 s; peak memory 1217 MiB.
2026-10-05T15:23:20Z INFO [671/900] 454caf30-59f6-4327-8c20-ef5f3b0c88ce: 22 groups; 0.8 s; peak memory 1217 MiB.
2026-10-05T15:23:21Z INFO [672/900] 454dd535-badd-429e-8c3c-a127a8342680: 22 groups; 0.8 s; peak memory 1217 MiB.
2026-10-05T15:23:44Z INFO [673/900] 454ff758-b529-4f04-8b81-10a75e764490: 23 groups; 22.7 s; peak memory 1217 MiB.
2026-10-05T15:23:45Z INFO [674/900] 45502384-1b8e-47e9-b19d-8943e2c84821: 22 groups; 1.0 s; peak memory 1217 MiB.
2026-10-05T15:23:46Z INFO [675/900] 4550c60c-bbea-4d6e-9169-252af589fb7b: 25 groups; 0.9 s; peak memory 1217 MiB.
2026-10-05T15:23:46Z INFO [676/900] 4550d571-e481-445f-b52b-0be8100e51fe: 30 groups; 0.6 s; peak memory 1217 MiB.
2026-10-05T15:23:47Z INFO [677/900] 45511b3b-cb9e-4765-a88b-245488613f6e: 32 groups; 0.9 s; peak memory 1217 MiB.
2026-10-05T15:23:48Z INFO [678/900] 45515c47-9547-4554-b241-92078d070364: 259 groups; 1.2 s; peak memory 1217 MiB.
2026-10-05T15:23:49Z INFO [679/900] 4551adc1-70ca-4d04-9830-d44feee9e7b2: 30 groups; 0.7 s; peak memory 1217 MiB.
2026-10-05T15:23:50Z INFO [680/900] 455224e3-79eb-4c35-bb59-230738c6ef10: 22 groups; 0.9 s; peak memory 1217 MiB.
2026-10-05T15:24:06Z INFO [681/900] 45529306-8321-4a6f-ad25-d76abe052579: 180 groups; 15.9 s; peak memory 1217 MiB.
2026-10-05T15:24:07Z INFO [682/900] 4552a48e-3fd5-44b1-b950-202f0850ff7b: 35 groups; 1.3 s; peak memory 1217 MiB.
2026-10-05T15:24:08Z INFO [683/900] 45531f82-4fa3-4e3e-a580-e6f7e70e11cb: 25 groups; 1.0 s; peak memory 1217 MiB.
2026-10-05T15:24:09Z INFO [684/900] 4553261e-4803-47c2-a66e-5c7dbecdb01f: 52 groups; 1.0 s; peak memory 1217 MiB.
2026-10-05T15:24:10Z INFO [685/900] 4553c4c6-9f17-448e-933a-a69785f21f3a: 32 groups; 0.9 s; peak memory 1217 MiB.
2026-10-05T15:24:11Z INFO [686/900] 4553ddd9-6d26-47e9-b327-427c1bcfffd6: 52 groups; 0.9 s; peak memory 1217 MiB.
2026-10-05T15:24:12Z INFO [687/900] 45542504-f3b5-4d97-a0a9-60a22b5889d6: 22 groups; 0.8 s; peak memory 1217 MiB.
2026-10-05T15:24:13Z INFO [688/900] 4554b638-d00b-4525-bdef-41db55b51a3d: 32 groups; 0.9 s; peak memory 1217 MiB.
2026-10-05T15:24:38Z INFO [689/900] 45550cb4-dd11-475e-8b16-d4b33fe1cfa5: 23 groups; 25.2 s; peak memory 1217 MiB.
2026-10-05T15:24:39Z INFO [690/900] 455526d5-ee82-4a98-b274-fc5a6621fa6f: 22 groups; 0.8 s; peak memory 1217 MiB.
2026-10-05T15:24:40Z INFO [691/900] 45556b10-5d3e-42af-8422-9b63ef67cb71: 43 groups; 1.1 s; peak memory 1217 MiB.
2026-10-05T15:24:41Z INFO [692/900] 45558173-c638-400e-a0c2-92d39a819105: 35 groups; 0.9 s; peak memory 1217 MiB.
2026-10-05T15:24:42Z INFO [693/900] 4555a45f-2771-45c3-9ea6-da6059a9e9e9: 25 groups; 0.9 s; peak memory 1217 MiB.
2026-10-05T15:25:07Z INFO [694/900] 4555a963-5f94-4967-88fa-85a1d2516c17: 23 groups; 25.1 s; peak memory 1217 MiB.
2026-10-05T15:25:08Z INFO [695/900] 4556bfb8-4477-4b68-979a-df8481367ef0: 48 groups; 1.4 s; peak memory 1217 MiB.
2026-10-05T15:25:09Z INFO [696/900] 4557699b-a20b-4c81-b8d3-6903dfde756b: 103 groups; 1.1 s; peak memory 1217 MiB.
2026-10-05T15:25:15Z INFO [697/900] 45579275-9839-4a6b-9427-66a315058720: 152 groups; 5.4 s; peak memory 1217 MiB.
2026-10-05T15:25:16Z INFO [698/900] 45589343-e078-4b23-afb1-141f7c794bf6: 36 groups; 1.5 s; peak memory 1217 MiB.
2026-10-05T15:25:17Z INFO [699/900] 4558981e-f433-488e-85f8-a0260a25ead6: 22 groups; 0.9 s; peak memory 1217 MiB.
2026-10-05T15:25:18Z INFO [700/900] 45589972-15d9-45b2-9569-102f0a17cd57: 29 groups; 1.1 s; peak memory 1217 MiB.
2026-10-05T15:25:18Z INFO [700/900] 45589972-15d9-45b2-9569-102f0a17cd57: checkpointed 80336 records.
2026-10-05T15:25:19Z INFO [701/900] 4559dff1-3c5c-43c9-8147-e3f58d118302: 32 groups; 1.3 s; peak memory 1217 MiB.
2026-10-05T15:25:20Z INFO [702/900] 4559f711-2132-4416-b1a3-9992f1d78763: 104 groups; 1.1 s; peak memory 1217 MiB.
2026-10-05T15:25:22Z INFO [703/900] 455a2404-0891-4f38-acff-295a912afd9b: 35 groups; 1.3 s; peak memory 1217 MiB.
2026-10-05T15:25:23Z INFO [704/900] 455aaaa5-71fc-4a27-9577-3a7c33f8a0ed: 31 groups; 0.8 s; peak memory 1217 MiB.
2026-10-05T15:25:25Z INFO [705/900] 455b49b3-a608-46a3-88f2-79ec23e243cc: 46 groups; 2.2 s; peak memory 1217 MiB.
2026-10-05T15:25:26Z INFO [706/900] 455b506b-332e-4dd7-a2ea-cb6e33fd1782: 32 groups; 1.0 s; peak memory 1217 MiB.
2026-10-05T15:25:26Z INFO [707/900] 455c378d-2b35-4991-b564-e2a3304588b1: 26 groups; 0.7 s; peak memory 1217 MiB.
2026-10-05T15:25:28Z INFO [708/900] 455c9a6e-a126-46ab-854d-b9b36873aafe: 35 groups; 1.3 s; peak memory 1217 MiB.
2026-10-05T15:25:49Z INFO [709/900] 455cb761-d78a-4e3c-9380-bde4664c6d88: 26 groups; 21.1 s; peak memory 1217 MiB.
2026-10-05T15:25:50Z INFO [710/900] 455e9adf-1fe9-4d8a-80ef-f2721f5229d2: 32 groups; 0.9 s; peak memory 1217 MiB.
2026-10-05T15:25:51Z INFO [711/900] 455f3bdd-b346-47c9-b358-1ae5937d2b6b: 202 groups; 1.4 s; peak memory 1217 MiB.
2026-10-05T15:25:52Z INFO [712/900] 45600142-5fdb-4ebb-b2d8-6ba8424a0b7a: 22 groups; 0.8 s; peak memory 1217 MiB.
2026-10-05T15:25:53Z INFO [713/900] 4560cbe3-379b-4d7d-ab9b-2bfdf6f73ef7: 33 groups; 1.0 s; peak memory 1217 MiB.
2026-10-05T15:25:55Z INFO [714/900] 45615a03-0b9f-45d3-823f-e59946ff4da1: 206 groups; 1.9 s; peak memory 1217 MiB.
2026-10-05T15:25:56Z INFO [715/900] 456198e4-3b31-43a1-bc40-b7bd86168002: 32 groups; 1.0 s; peak memory 1217 MiB.
2026-10-05T15:25:56Z INFO [716/900] 456267c6-4e26-45dc-8f7b-48a9c4cf6042: 28 groups; 0.6 s; peak memory 1217 MiB.
2026-10-05T15:25:59Z INFO [717/900] 4562cd96-b3b1-41b4-abd4-0efccd3c5c91: 48 groups; 2.3 s; peak memory 1217 MiB.
2026-10-05T15:26:00Z INFO [718/900] 4563c9bb-17d3-4524-8985-79b8b783507c: 22 groups; 0.9 s; peak memory 1217 MiB.
2026-10-05T15:26:00Z INFO [719/900] 4564fc42-f15f-46d9-98da-607662647bfe: 32 groups; 0.8 s; peak memory 1217 MiB.
2026-10-05T15:26:02Z INFO [720/900] 45650fd5-d068-4846-b981-e5b83bf00836: 35 groups; 1.4 s; peak memory 1217 MiB.
2026-10-05T15:26:03Z INFO [721/900] 4566402f-cae7-4100-93f8-94833287b14f: 22 groups; 1.1 s; peak memory 1217 MiB.
2026-10-05T15:26:04Z INFO [722/900] 45664cf2-eda9-4a84-b6e7-1f6c5cce9ecf: 22 groups; 0.9 s; peak memory 1217 MiB.
2026-10-05T15:26:08Z INFO [723/900] 45678aa4-20ca-41a3-9f33-3c13ef6e8698: 1241 groups; 4.4 s; peak memory 1217 MiB.
2026-10-05T15:26:10Z INFO [724/900] 456809d9-dbe7-40fc-bcc0-c612efa5a2a5: 48 groups; 2.2 s; peak memory 1217 MiB.
2026-10-05T15:26:12Z INFO [725/900] 45682bb0-a2e8-477c-9be5-f6a127c6e81f: 17 groups; 2.0 s; peak memory 1217 MiB.
2026-10-05T15:26:14Z INFO [726/900] 45684c83-8932-4434-8a80-c9b521101231: 17 groups; 1.8 s; peak memory 1217 MiB.
2026-10-05T15:26:25Z INFO [727/900] 4568705e-4443-4b8e-b7a2-3484ab40c034: 18 groups; 11.2 s; peak memory 1217 MiB.
2026-10-05T15:26:26Z INFO [728/900] 45693587-b691-41c8-ad45-23a12e12b0de: 32 groups; 0.9 s; peak memory 1217 MiB.
2026-10-05T15:26:27Z INFO [729/900] 456a18a5-32d0-48eb-9d09-0896bf8c595f: 337 groups; 1.0 s; peak memory 1217 MiB.
2026-10-05T15:26:32Z INFO [730/900] 456a2863-047b-487c-a2fc-5374b4a17791: 120 groups; 4.3 s; peak memory 1217 MiB.
2026-10-05T15:26:40Z INFO [731/900] 456a6ff4-c07b-40bf-8376-77f60fa84a2f: 217 groups; 8.8 s; peak memory 1217 MiB.
2026-10-05T15:26:42Z INFO [732/900] 456b17d1-0f88-4237-ae88-2494dd3bebb2: 202 groups; 1.3 s; peak memory 1217 MiB.
2026-10-05T15:26:43Z INFO [733/900] 456b791d-6b28-4dcd-b288-e508f00d8502: 27 groups; 1.3 s; peak memory 1217 MiB.
2026-10-05T15:26:44Z INFO [734/900] 456bb2c5-d539-4423-a0ae-405a63d77691: 32 groups; 0.9 s; peak memory 1217 MiB.
2026-10-05T15:26:45Z INFO [735/900] 456c7643-2a7f-4079-a7bc-284a690bca6e: 35 groups; 1.0 s; peak memory 1217 MiB.
2026-10-05T15:26:50Z INFO [736/900] 456cba92-7974-4386-ae65-b9423f87b795: 68 groups; 5.2 s; peak memory 1217 MiB.
2026-10-05T15:28:10Z INFO [737/900] 456d16f0-10cd-4516-b0ad-b4154babed2e: 33 groups; 79.5 s; peak memory 1217 MiB.
2026-10-05T15:28:11Z INFO [738/900] 456d866d-bacd-4c03-beb3-eb75c2d6c7f5: 17 groups; 1.9 s; peak memory 1217 MiB.
2026-10-05T15:28:12Z INFO [739/900] 456e621e-1c36-4625-a8a3-e0fafaf6ea82: 22 groups; 0.8 s; peak memory 1217 MiB.
2026-10-05T15:28:13Z INFO [740/900] 456eeecc-636b-446d-8719-ff50b66201bd: 22 groups; 1.0 s; peak memory 1217 MiB.
2026-10-05T15:28:14Z INFO [741/900] 456f09e9-65bd-4f15-92f5-f14bafbaa738: 35 groups; 1.2 s; peak memory 1217 MiB.
2026-10-05T15:28:17Z INFO [742/900] 456f2e21-469e-4f99-b7df-b8aaf3491823: 124 groups; 2.7 s; peak memory 1217 MiB.
2026-10-05T15:28:19Z INFO [743/900] 456f31e2-6934-4f35-9a7c-1e759723eb92: 31 groups; 1.4 s; peak memory 1217 MiB.
2026-10-05T15:28:20Z INFO [744/900] 456f36c4-fc8f-44ee-b922-9b0315a1e70f: 195 groups; 1.2 s; peak memory 1217 MiB.
2026-10-05T15:28:21Z INFO [745/900] 456f8b91-ab32-4a1e-a063-10ee1fc5d52c: 22 groups; 0.8 s; peak memory 1217 MiB.
2026-10-05T15:28:21Z INFO [746/900] 45729baf-4a9b-4172-ab8f-8dd3147fba8e: 22 groups; 0.8 s; peak memory 1217 MiB.
2026-10-05T15:28:22Z INFO [747/900] 457328a3-6c05-4264-9d5a-869fce3f96ce: 30 groups; 1.0 s; peak memory 1217 MiB.
2026-10-05T15:28:28Z INFO [748/900] 45733780-761c-4e9f-afde-09404c310854: 69 groups; 5.1 s; peak memory 1217 MiB.
2026-10-05T15:28:29Z INFO [749/900] 4573541e-568c-47ef-9bd2-becf3dad79ac: 35 groups; 1.1 s; peak memory 1217 MiB.
2026-10-05T15:28:32Z INFO [750/900] 4573a079-7107-4a68-95b2-47459f6033ab: 181 groups; 3.4 s; peak memory 1217 MiB.
2026-10-05T15:28:32Z INFO [750/900] 4573a079-7107-4a68-95b2-47459f6033ab: checkpointed 80386 records.
2026-10-05T15:28:41Z INFO [751/900] 45744cfb-4c9d-46e8-ade9-0ab4f6b1131d: 232 groups; 8.9 s; peak memory 1217 MiB.
2026-10-05T15:28:46Z INFO [752/900] 45749b0a-f470-47cc-beb2-2b93aaff7e20: 143 groups; 4.8 s; peak memory 1217 MiB.
2026-10-05T15:28:46Z INFO [753/900] 45756afd-c277-43c7-931e-3710000abd15: 22 groups; 0.6 s; peak memory 1217 MiB.
2026-10-05T15:28:49Z INFO [754/900] 45765c3a-1b50-47ff-bb5d-87ed00caedd2: 48 groups; 2.7 s; peak memory 1217 MiB.
2026-10-05T15:28:50Z INFO [755/900] 45768f29-d9b2-4e19-aeba-386fa1f52cbd: 35 groups; 1.3 s; peak memory 1217 MiB.
2026-10-05T15:29:03Z INFO [756/900] 457752dd-1c7e-4079-bf56-6914ff324b8c: 212 groups; 12.8 s; peak memory 1217 MiB.
2026-10-05T15:29:04Z INFO [757/900] 45778a72-88f8-4191-be24-c8a94485d3e5: 32 groups; 1.0 s; peak memory 1217 MiB.
2026-10-05T15:29:05Z INFO [758/900] 4577c5cc-bdf9-4221-b75d-5782ba789895: 25 groups; 0.6 s; peak memory 1217 MiB.
2026-10-05T15:29:05Z INFO [759/900] 4577efa5-b735-4f66-bf41-0df9cd166cf2: 28 groups; 0.6 s; peak memory 1217 MiB.
2026-10-05T15:29:07Z INFO [760/900] 4578596c-0c0b-4c35-bff2-aed0cbf7879d: 199 groups; 1.4 s; peak memory 1217 MiB.
2026-10-05T15:29:07Z INFO [761/900] 4578e0f5-ce6c-419e-944b-7490c0472958: 16 groups; 0.6 s; peak memory 1217 MiB.
2026-10-05T15:29:08Z INFO [762/900] 4579fe98-29f8-4548-95f5-bf5f6a720d9d: 25 groups; 0.9 s; peak memory 1217 MiB.
2026-10-05T15:29:10Z INFO [763/900] 457b68b2-53e4-4c2b-a6e4-ddf29485099f: 32 groups; 1.2 s; peak memory 1217 MiB.
2026-10-05T15:29:10Z INFO [764/900] 457bdc78-6168-47f4-b441-841a78cddfdf: 32 groups; 0.7 s; peak memory 1217 MiB.
2026-10-05T15:29:12Z INFO [765/900] 457cd8db-eca2-4726-99cf-9b1fdbbf927c: 41 groups; 1.5 s; peak memory 1217 MiB.
2026-10-05T15:29:13Z INFO [766/900] 457d37da-9c69-4fc5-909d-321b04cd005e: 35 groups; 1.2 s; peak memory 1217 MiB.
2026-10-05T15:29:20Z INFO [767/900] 457d6892-c8dd-47c8-95ab-2b8ba5dca274: 210 groups; 7.4 s; peak memory 1217 MiB.
2026-10-05T15:29:21Z INFO [768/900] 457df6a5-e9a9-4ec2-8792-c1b1d46a0f13: 25 groups; 0.8 s; peak memory 1217 MiB.
2026-10-05T15:29:22Z INFO [769/900] 457e6a37-ee85-4144-9ab7-9bda268c167d: 32 groups; 1.2 s; peak memory 1217 MiB.
2026-10-05T15:29:24Z INFO [770/900] 457eacfb-32bb-44bc-a098-58c97a88e672: 22 groups; 1.1 s; peak memory 1217 MiB.
2026-10-05T15:29:25Z INFO [771/900] 457f91f4-45df-47bd-a4dd-2b4d04706517: 33 groups; 1.5 s; peak memory 1217 MiB.
2026-10-05T15:29:27Z INFO [772/900] 457fed7d-42da-496d-bf4e-cdbf0221cc6f: 573 groups; 1.6 s; peak memory 1217 MiB.
2026-10-05T15:29:28Z INFO [773/900] 45807611-f911-45b5-879a-90c60f916ece: 256 groups; 1.0 s; peak memory 1217 MiB.
2026-10-05T15:29:29Z INFO [774/900] 45810ded-b1d2-4b78-a89f-13d81a2b2021: 257 groups; 1.2 s; peak memory 1217 MiB.
2026-10-05T15:29:30Z INFO [775/900] 458129ca-4de8-4628-8a1f-a1487f9047a3: 16 groups; 0.7 s; peak memory 1217 MiB.
2026-10-05T15:29:30Z INFO [776/900] 45819137-4076-4f3f-a298-cbf3547b9607: 22 groups; 0.8 s; peak memory 1217 MiB.
2026-10-05T15:29:31Z INFO [777/900] 4581f185-03cf-4b2d-9b5c-6655b641653b: 21 groups; 0.9 s; peak memory 1217 MiB.
2026-10-05T15:29:33Z INFO [778/900] 45827ca0-cc92-4ef4-95ee-e27c437b025e: 48 groups; 1.5 s; peak memory 1217 MiB.
2026-10-05T15:29:34Z INFO [779/900] 4583125a-b610-4be4-bed9-b7ca76d7c170: 22 groups; 0.8 s; peak memory 1217 MiB.
2026-10-05T15:29:35Z INFO [780/900] 45838082-1dfa-4eed-84d6-d25da9f9d10c: 35 groups; 1.0 s; peak memory 1217 MiB.
2026-10-05T15:29:35Z INFO [781/900] 4583bf2f-8da2-40f4-936d-5373389e72fb: 22 groups; 0.8 s; peak memory 1217 MiB.
2026-10-05T15:29:40Z INFO [782/900] 4583c273-53e5-41bf-8060-33326966870c: 176 groups; 5.1 s; peak memory 1217 MiB.
2026-10-05T15:29:42Z INFO [783/900] 45843ce7-0d02-42d3-b0d2-9dbe45f43e2e: 202 groups; 1.3 s; peak memory 1217 MiB.
2026-10-05T15:29:43Z INFO [784/900] 45848979-8eff-418e-8187-07aa838e3c9a: 81 groups; 1.5 s; peak memory 1217 MiB.
2026-10-05T15:29:49Z INFO [785/900] 4584d168-1ec4-479a-86f8-b1a6a81abdb2: 78 groups; 5.2 s; peak memory 1217 MiB.
2026-10-05T15:29:51Z INFO [786/900] 458557fb-d776-448a-a3d5-2d17bddaf4bf: 50 groups; 2.2 s; peak memory 1217 MiB.
2026-10-05T15:29:51Z INFO [787/900] 4585dba3-6a43-436e-b495-279cdf7f185a: 25 groups; 0.5 s; peak memory 1217 MiB.
2026-10-05T15:29:52Z INFO [788/900] 45860e5d-1ead-441e-86c6-a5b2d582cae5: 35 groups; 0.9 s; peak memory 1217 MiB.
2026-10-05T15:29:53Z INFO [789/900] 4586f997-6c87-47b3-9b5d-4328bb1b8e0c: 30 groups; 0.5 s; peak memory 1217 MiB.
2026-10-05T15:29:54Z INFO [790/900] 45870d5c-2e63-4898-9e74-ce539b790ac1: 21 groups; 0.8 s; peak memory 1217 MiB.
2026-10-05T15:29:57Z INFO [791/900] 458823b4-b2f9-4a18-b419-87043c97b4cd: 181 groups; 3.9 s; peak memory 1217 MiB.
2026-10-05T15:30:23Z INFO [792/900] 4588f88a-0014-4bbb-b33a-9145cc569394: 23 groups; 25.4 s; peak memory 1217 MiB.
2026-10-05T15:30:34Z INFO [793/900] 4589633e-436d-4ec6-b4e2-e62ee79ec937: 17 groups; 10.8 s; peak memory 1217 MiB.
2026-10-05T15:30:35Z INFO [794/900] 45899175-5485-4d82-aa35-ba79184adeef: 196 groups; 1.3 s; peak memory 1217 MiB.
2026-10-05T15:30:52Z INFO [795/900] 45899fcc-65da-4711-94d1-f88936ac8f9a: 35 groups; 17.2 s; peak memory 1217 MiB.
2026-10-05T15:31:00Z INFO [796/900] 4589e200-0f89-4564-859e-82e5c64071f6: 765 groups; 7.6 s; peak memory 1217 MiB.
2026-10-05T15:31:01Z INFO [797/900] 4589ef58-60f2-45c2-8881-9bf74858bf2c: 206 groups; 1.6 s; peak memory 1217 MiB.
2026-10-05T15:31:10Z INFO [798/900] 458a02ac-85d5-4b81-befc-a140648b6bd2: 272 groups; 8.6 s; peak memory 1217 MiB.
2026-10-05T15:31:21Z INFO [799/900] 458b6ca2-1b0a-422c-8383-f4b86d07eb20: 63 groups; 10.7 s; peak memory 1217 MiB.
2026-10-05T15:31:22Z INFO [800/900] 458bed9b-0713-44b8-8fa9-68e8af74c6c3: 31 groups; 0.9 s; peak memory 1217 MiB.
2026-10-05T15:31:22Z INFO [800/900] 458bed9b-0713-44b8-8fa9-68e8af74c6c3: checkpointed 80436 records.
2026-10-05T15:31:23Z INFO [801/900] 458da030-1962-4900-b2a7-35063493c933: 201 groups; 0.9 s; peak memory 1217 MiB.
2026-10-05T15:31:24Z INFO [802/900] 458e3ea0-50f9-4156-b7aa-38cc393ded6a: 22 groups; 0.9 s; peak memory 1217 MiB.
2026-10-05T15:31:25Z INFO [803/900] 458ef1bd-215b-427a-bf4c-9e7c17344845: 32 groups; 1.1 s; peak memory 1217 MiB.
2026-10-05T15:31:26Z INFO [804/900] 458fefcf-cf2c-495e-85ec-b9068929a031: 22 groups; 1.0 s; peak memory 1217 MiB.
2026-10-05T15:31:27Z INFO [805/900] 45902787-d0ab-4a35-a37e-6d76e4f5b145: 194 groups; 1.2 s; peak memory 1217 MiB.
2026-10-05T15:32:57Z INFO [806/900] 4591a539-e548-4d77-8461-5c0ea75be910: 102 groups; 90.0 s; peak memory 1217 MiB.
2026-10-05T15:33:38Z INFO [807/900] 4591f64e-2c93-4499-9c4d-9494c81db874: 26 groups; 41.0 s; peak memory 1217 MiB.
2026-10-05T15:33:39Z INFO [808/900] 459354a4-973c-48cf-93bc-c7452a85d216: 22 groups; 1.1 s; peak memory 1217 MiB.
2026-10-05T15:33:40Z INFO [809/900] 459496d3-1494-4803-ab2a-56168f7e33e1: 30 groups; 0.7 s; peak memory 1217 MiB.
2026-10-05T15:33:41Z INFO [810/900] 4594a8b5-8318-4b69-9d6e-614702a8665c: 32 groups; 1.2 s; peak memory 1217 MiB.
2026-10-05T15:33:42Z INFO [811/900] 4594eb9b-174e-4e05-b913-ca99e148117f: 32 groups; 1.1 s; peak memory 1217 MiB.
2026-10-05T15:33:44Z INFO [812/900] 45950a5f-bd0d-48aa-9340-5c3a52682354: 199 groups; 2.3 s; peak memory 1217 MiB.
2026-10-05T15:33:45Z INFO [813/900] 45960046-f1d6-45f3-9b27-83c309e3a1c5: 22 groups; 0.9 s; peak memory 1217 MiB.
2026-10-05T15:33:46Z INFO [814/900] 4596b3d5-bc35-41c2-8735-ed4950ff7f69: 32 groups; 0.9 s; peak memory 1217 MiB.
2026-10-05T15:34:34Z INFO [815/900] 45977f72-66fd-451c-a5ee-d24180500ac8: 1444 groups; 47.5 s; peak memory 1217 MiB.
2026-10-05T15:35:20Z INFO [816/900] 4597a4fc-14cc-4082-90b0-3ed69406b5b2: 110 groups; 46.0 s; peak memory 1217 MiB.
2026-10-05T15:35:21Z INFO [817/900] 4597c2ee-08c5-4430-ae33-31fb03f5ece7: 22 groups; 1.3 s; peak memory 1217 MiB.
2026-10-05T15:35:31Z INFO [818/900] 45999b5d-d4e8-41ab-94be-4a160332e606: 185 groups; 9.8 s; peak memory 1217 MiB.
2026-10-05T15:35:32Z INFO [819/900] 459a4e39-271d-4db6-af98-7aa307036997: 22 groups; 0.8 s; peak memory 1217 MiB.
2026-10-05T15:35:34Z INFO [820/900] 459a9de5-6866-4816-afb7-fef7a685ece9: 137 groups; 2.7 s; peak memory 1217 MiB.
2026-10-05T15:35:35Z INFO [821/900] 459b1a88-934e-4440-a4c9-534a226c488e: 21 groups; 1.1 s; peak memory 1217 MiB.
2026-10-05T15:35:36Z INFO [822/900] 459b27e5-5ad3-4813-b463-5ac9b506e8d0: 22 groups; 0.9 s; peak memory 1217 MiB.
2026-10-05T15:35:38Z INFO [823/900] 459c342a-aa65-40a7-8f4d-765b916df355: 195 groups; 1.2 s; peak memory 1217 MiB.
2026-10-05T15:35:41Z INFO [824/900] 459c591a-3aae-42cc-acee-b1f5c4361e4e: 181 groups; 3.7 s; peak memory 1217 MiB.
2026-10-05T15:35:42Z INFO [825/900] 459dabd1-6355-4970-8cd3-37c9d9669bdf: 35 groups; 1.1 s; peak memory 1217 MiB.
2026-10-05T15:35:44Z INFO [826/900] 459db2f6-cde9-493a-8f0f-bc9eb2c0b5c6: 200 groups; 2.0 s; peak memory 1217 MiB.
2026-10-05T15:35:45Z INFO [827/900] 459dec15-b4f1-483a-9cbb-09db1b82a928: 16 groups; 0.5 s; peak memory 1217 MiB.
2026-10-05T15:35:46Z INFO [828/900] 459e9358-12d6-4112-9be0-16b209bdce80: 22 groups; 0.8 s; peak memory 1217 MiB.
2026-10-05T15:35:46Z INFO [829/900] 459ead11-bc40-4496-a02c-feec11f5fb8f: 22 groups; 0.8 s; peak memory 1217 MiB.
2026-10-05T15:35:48Z INFO [830/900] 459f1ced-3a20-469a-a6bf-e5ec4334e01a: 28 groups; 1.1 s; peak memory 1217 MiB.
2026-10-05T15:35:49Z INFO [831/900] 45a04f1b-e206-4616-b1ae-e9a01375b4ef: 32 groups; 1.0 s; peak memory 1217 MiB.
2026-10-05T15:35:51Z INFO [832/900] 45a0a7f5-1448-4fff-a565-bf5d423d37f9: 50 groups; 2.3 s; peak memory 1217 MiB.
2026-10-05T15:35:52Z INFO [833/900] 45a0f37f-cf12-4635-8631-12f0490021ad: 22 groups; 0.9 s; peak memory 1217 MiB.
2026-10-05T15:36:01Z INFO [834/900] 45a17611-0210-47ba-8f44-d3d6a61891fa: 201 groups; 9.4 s; peak memory 1217 MiB.
2026-10-05T15:36:09Z INFO [835/900] 45a1769d-2390-4b89-9668-c64eb62dbd54: 36 groups; 7.4 s; peak memory 1217 MiB.
2026-10-05T15:36:11Z INFO [836/900] 45a1d0b8-43ab-478b-819d-e76e58727e20: 48 groups; 2.2 s; peak memory 1217 MiB.
2026-10-05T15:36:12Z INFO [837/900] 45a22e16-c040-41d3-a312-04b85c9104c8: 29 groups; 0.9 s; peak memory 1217 MiB.
2026-10-05T15:36:19Z INFO [838/900] 45a23332-8e93-4379-8ee7-8eb9d5431740: 76 groups; 7.5 s; peak memory 1217 MiB.
2026-10-05T15:36:21Z INFO [839/900] 45a23bf0-4799-429d-90d4-0aae4605ad51: 48 groups; 1.7 s; peak memory 1217 MiB.
2026-10-05T15:36:22Z INFO [840/900] 45a28541-79bc-434a-9a9a-f6dd32d634b5: 33 groups; 1.5 s; peak memory 1217 MiB.
2026-10-05T15:36:24Z INFO [841/900] 45a318c4-5445-41ca-8898-3a05866e969f: 38 groups; 1.8 s; peak memory 1217 MiB.
2026-10-05T15:36:25Z INFO [842/900] 45a37b26-ef05-43ea-8159-fd08f9279185: 22 groups; 1.0 s; peak memory 1217 MiB.
2026-10-05T15:36:26Z INFO [843/900] 45a3ebe4-1b9d-45a4-be25-0834e9803d76: 32 groups; 1.0 s; peak memory 1217 MiB.
2026-10-05T15:36:27Z INFO [844/900] 45a4c344-6fd6-4693-ad28-30aca078da38: 22 groups; 1.0 s; peak memory 1217 MiB.
2026-10-05T15:36:29Z INFO [845/900] 45a58e2f-4cae-4fd4-8015-768ed9ed055d: 27 groups; 1.6 s; peak memory 1217 MiB.
2026-10-05T15:36:29Z INFO [846/900] 45a5e8f4-d7b5-4bd0-836a-ddad0f2ebd9d: 23 groups; 0.7 s; peak memory 1217 MiB.
2026-10-05T15:36:31Z INFO [847/900] 45a630da-e976-43d1-a05c-fe7e23ec4de5: 253 groups; 1.6 s; peak memory 1217 MiB.
2026-10-05T15:36:32Z INFO [848/900] 45a6f667-b2f8-4a5c-8882-6fc65954f321: 32 groups; 1.0 s; peak memory 1217 MiB.
2026-10-05T15:36:44Z INFO [849/900] 45a71789-edf3-47d0-8167-e8ba48899ff0: 27 groups; 11.9 s; peak memory 1217 MiB.
2026-10-05T15:36:46Z INFO [850/900] 45a7d6e1-ee2b-4e04-b1f9-5c8cb416dd40: 48 groups; 2.0 s; peak memory 1217 MiB.
2026-10-05T15:36:46Z INFO [850/900] 45a7d6e1-ee2b-4e04-b1f9-5c8cb416dd40: checkpointed 80486 records.
2026-10-05T15:36:56Z INFO [851/900] 45a807bf-7cb9-46d1-9fe9-979c90a3dd40: 792 groups; 9.6 s; peak memory 1217 MiB.
2026-10-05T15:36:57Z INFO [852/900] 45a982b7-fdde-4f29-8637-2f63ebf188b4: 22 groups; 1.1 s; peak memory 1217 MiB.
2026-10-05T15:36:58Z INFO [853/900] 45a9fc03-1851-4d41-8d80-df04aa6063df: 22 groups; 1.0 s; peak memory 1217 MiB.
2026-10-05T15:36:59Z INFO [854/900] 45aa3493-7a1b-4eec-9949-8f9d45a92680: 252 groups; 1.1 s; peak memory 1217 MiB.
2026-10-05T15:37:00Z INFO [855/900] 45aa5949-dc3e-4e3c-b238-0b08cc8b1e71: 31 groups; 0.7 s; peak memory 1217 MiB.
2026-10-05T15:37:01Z INFO [856/900] 45aa6979-dbbb-4c09-9d72-6646a7fc103a: 32 groups; 1.0 s; peak memory 1217 MiB.
2026-10-05T15:37:01Z INFO [857/900] 45aa8a81-5710-4750-b363-93355ce6f4be: 22 groups; 1.0 s; peak memory 1217 MiB.
2026-10-05T15:37:02Z INFO [858/900] 45aadc6d-1cd3-42ac-9cd4-cd00c0417532: 32 groups; 0.9 s; peak memory 1217 MiB.
2026-10-05T15:37:03Z INFO [859/900] 45ab2a30-cb8b-4831-963d-7def3f79c99e: 16 groups; 0.7 s; peak memory 1217 MiB.
2026-10-05T15:37:05Z INFO [860/900] 45ac309e-02ae-4525-9faf-d0c8a31eba97: 200 groups; 2.0 s; peak memory 1217 MiB.
2026-10-05T15:39:29Z INFO [861/900] 45ac9314-e75e-4e0a-a3ce-dcdb10c9bff6: 71 groups; 144.1 s; peak memory 1217 MiB.
2026-10-05T15:39:30Z INFO [862/900] 45acd609-06b4-4c60-88e9-d5b4b5a8e897: 22 groups; 1.0 s; peak memory 1217 MiB.
2026-10-05T15:39:36Z INFO [863/900] 45acfd85-865f-42ff-a27c-8f3763f9c6b5: 32 groups; 5.5 s; peak memory 1217 MiB.
2026-10-05T15:39:46Z INFO [864/900] 45ad15fd-8f76-4331-9fdd-18d6a3b4405d: 236 groups; 10.2 s; peak memory 1217 MiB.
2026-10-05T15:39:51Z INFO [865/900] 45ad454a-06ab-481f-8e8c-a0a0dac53fe3: 181 groups; 4.9 s; peak memory 1217 MiB.
2026-10-05T15:39:52Z INFO [866/900] 45ad6096-6cdc-4b3f-9204-be27290409da: 22 groups; 1.0 s; peak memory 1217 MiB.
2026-10-05T15:39:53Z INFO [867/900] 45ad76e6-c815-4fe9-ab83-7bf3d928252a: 35 groups; 1.1 s; peak memory 1217 MiB.
2026-10-05T15:39:54Z INFO [868/900] 45ad83b6-c2fa-466f-90bd-da161aa1225e: 34 groups; 1.5 s; peak memory 1217 MiB.
2026-10-05T15:39:55Z INFO [869/900] 45adb583-bee0-4499-acbc-07fcc6dccde0: 27 groups; 0.6 s; peak memory 1217 MiB.
2026-10-05T15:44:19Z INFO [870/900] 45add1d6-1263-4394-83c4-51c0aa231f5e: 75 groups; 264.3 s; peak memory 1217 MiB.
2026-10-05T15:44:20Z INFO [871/900] 45ae0e3c-117b-482f-a98d-52ee11cc7046: 22 groups; 1.1 s; peak memory 1217 MiB.
2026-10-05T15:44:34Z INFO [872/900] 45ae273d-8904-4162-aaa2-898bab78cb0d: 109 groups; 13.7 s; peak memory 1217 MiB.
2026-10-05T15:44:35Z INFO [873/900] 45afa9ac-f9bc-4007-86fb-63221f06fa1b: 22 groups; 1.1 s; peak memory 1217 MiB.
2026-10-05T15:44:38Z INFO [874/900] 45b01598-36f5-48ea-ba6f-6a386df9ef6c: 55 groups; 2.5 s; peak memory 1217 MiB.
2026-10-05T15:44:39Z INFO [875/900] 45b0d873-48ad-4e50-b785-0afda8f10ebc: 41 groups; 1.2 s; peak memory 1217 MiB.
2026-10-05T15:44:40Z INFO [876/900] 45b172fd-f837-41d4-a1e3-0695954c32ef: 22 groups; 1.0 s; peak memory 1217 MiB.
2026-10-05T15:45:16Z INFO [877/900] 45b1bb25-ca1f-43a8-8cf8-60b28a691229: 26 groups; 36.2 s; peak memory 1217 MiB.
2026-10-05T15:45:17Z INFO [878/900] 45b21563-a346-4f76-ba39-ede0a07e8c5f: 22 groups; 0.8 s; peak memory 1217 MiB.
2026-10-05T15:45:18Z INFO [879/900] 45b39c31-1d1e-4924-867b-dcfdba37f512: 30 groups; 0.8 s; peak memory 1217 MiB.
2026-10-05T15:45:19Z INFO [880/900] 45b4914f-4a75-40f1-83c7-d181a2887163: 25 groups; 0.7 s; peak memory 1217 MiB.
2026-10-05T15:45:20Z INFO [881/900] 45b52698-6726-42ae-b334-5de4fcd2c6d0: 31 groups; 1.4 s; peak memory 1217 MiB.
2026-10-05T15:45:21Z INFO [882/900] 45b53106-34dd-49e5-9564-69edb8c1b785: 104 groups; 0.9 s; peak memory 1217 MiB.
2026-10-05T15:45:29Z INFO [883/900] 45b55560-3f32-4cf1-9a90-5563f2a3a821: 1558 groups; 8.5 s; peak memory 1217 MiB.
2026-10-05T15:45:31Z INFO [884/900] 45b5903a-8eef-4140-9398-3cff0e9fc156: 40 groups; 1.8 s; peak memory 1217 MiB.
2026-10-05T15:45:32Z INFO [885/900] 45b62aff-ac03-48df-8103-7599566451dc: 16 groups; 0.6 s; peak memory 1217 MiB.
2026-10-05T15:45:33Z INFO [886/900] 45b695f3-7e3e-458e-9062-868fe1c1581a: 33 groups; 1.2 s; peak memory 1217 MiB.
2026-10-05T15:45:34Z INFO [887/900] 45b6deb2-0ef2-4258-8f1d-49527de2abaa: 22 groups; 0.8 s; peak memory 1217 MiB.
2026-10-05T15:45:37Z INFO [888/900] 45b7b4a0-42b8-4c44-ab41-922920050a7a: 65 groups; 3.4 s; peak memory 1217 MiB.
2026-10-05T15:45:45Z INFO [889/900] 45b7bcbb-5714-40b2-ba8c-e73c54d79f11: 167 groups; 7.8 s; peak memory 1217 MiB.
2026-10-05T15:45:46Z INFO [890/900] 45b970f7-a99b-4e19-8f04-5009fee9e60b: 22 groups; 1.0 s; peak memory 1217 MiB.
2026-10-05T15:45:47Z INFO [891/900] 45ba07f5-8ee8-41d4-bcf1-92064b8b9906: 22 groups; 0.8 s; peak memory 1217 MiB.
2026-10-05T15:45:50Z INFO [892/900] 45bdc434-b8f4-4bd4-8951-97c7aaeff345: 64 groups; 3.3 s; peak memory 1217 MiB.
2026-10-05T15:45:57Z INFO [893/900] 45be8b02-20c0-4d69-a79d-99b8f1c70e5f: 207 groups; 6.6 s; peak memory 1217 MiB.
2026-10-05T15:45:58Z INFO [894/900] 45bfb1fe-cf25-44be-b9f6-1e0aeb777d70: 24 groups; 0.8 s; peak memory 1217 MiB.
2026-10-05T15:45:59Z INFO [895/900] 45bfb4f9-cbd1-411a-8a73-b193266756bd: 32 groups; 1.0 s; peak memory 1217 MiB.
2026-10-05T15:45:59Z INFO [896/900] 45c0dda2-6e85-4c8e-85f3-e515154ddbc1: 22 groups; 0.6 s; peak memory 1217 MiB.
2026-10-05T15:46:00Z INFO [897/900] 45c13e23-d1f4-4120-8318-f3d277cd9d63: 16 groups; 0.6 s; peak memory 1217 MiB.
2026-10-05T15:46:00Z INFO [898/900] 45c1d2ed-5bf2-40cc-a4df-67d7314af27e: 17 groups; 0.6 s; peak memory 1217 MiB.
2026-10-05T15:46:02Z INFO [899/900] 45c2cce8-492b-4b92-ae71-67b4ca6066ca: 27 groups; 1.5 s; peak memory 1217 MiB.
2026-10-05T15:46:03Z INFO [900/900] 45c2fff0-5464-4592-acff-f50b2d9243dd: 16 groups; 0.6 s; peak memory 1217 MiB.
2026-10-05T15:46:03Z INFO [900/900] 45c2fff0-5464-4592-acff-f50b2d9243dd: checkpointed 80536 records.
2026-10-05T15:46:03Z INFO Wrote 80536 records to /tmp/derivatives/valid_nwb_file_to_number_of_groups.jsonl (900 new, 0 failed) in 174.2 min (peak memory 1217 MiB).
