2026-10-06T11:33:14Z INFO Logging to /tmp/logs/update_2026-10-06T11-33-14Z.log.
2026-10-06T11:33:14Z INFO Update valid-nwb-file-to-number-of-groups (base directory /tmp).
2026-10-06T11:33:15Z INFO Processing 900 items (85936 already recorded).
2026-10-06T11:33:16Z INFO [1/900] 50d60029-200f-4802-9edc-8eab365ffcda: 203 groups; 1.2 s; peak memory 109 MiB.
2026-10-06T11:33:20Z INFO [2/900] 50d7dec5-330e-4b0b-8205-43bc845ca587: 66 groups; 4.0 s; peak memory 115 MiB.
2026-10-06T11:33:22Z INFO [3/900] 50d83e68-bcf4-466a-98d6-d0abaed2a5cf: 54 groups; 2.1 s; peak memory 115 MiB.
2026-10-06T11:33:27Z INFO [4/900] 50d874bd-ac4f-4e4a-b5f5-af5eb3173a01: 214 groups; 5.2 s; peak memory 136 MiB.
2026-10-06T11:33:28Z INFO [5/900] 50d93001-4245-454e-a7be-38cf48f85781: 33 groups; 0.5 s; peak memory 136 MiB.
2026-10-06T11:33:29Z INFO [6/900] 50da1d62-4a90-4dfc-8c6a-e7b2d47066e1: 51 groups; 1.5 s; peak memory 137 MiB.
2026-10-06T11:33:30Z INFO [7/900] 50da3649-8bc0-40f9-bb60-6431f4b79ea1: 27 groups; 0.5 s; peak memory 137 MiB.
2026-10-06T11:33:30Z INFO [8/900] 50da83ba-88de-49fc-b8df-d1fe6d7fa478: 22 groups; 0.6 s; peak memory 137 MiB.
2026-10-06T11:33:32Z INFO [9/900] 50db98c0-bda7-43fa-9622-07b84f42d2bf: 54 groups; 2.0 s; peak memory 137 MiB.
2026-10-06T11:33:34Z INFO [10/900] 50dbb2b7-fc36-4e43-ae0d-4080c65319c1: 103 groups; 1.9 s; peak memory 137 MiB.
2026-10-06T11:35:21Z INFO [11/900] 50dbd627-38c9-47f3-a822-112ed19d37d0: 68 groups; 107.3 s; peak memory 268 MiB.
2026-10-06T11:35:23Z INFO [12/900] 50dca60d-3e6f-48bd-acc8-fb20fbb88034: 17 groups; 1.3 s; peak memory 268 MiB.
2026-10-06T11:35:24Z INFO [13/900] 50dd93bd-ee38-4829-a25e-7bc30ded0fd3: 25 groups; 1.0 s; peak memory 268 MiB.
2026-10-06T11:35:24Z INFO [14/900] 50dee82e-ffa8-457e-8b64-1d728313b2bb: 32 groups; 0.6 s; peak memory 268 MiB.
2026-10-06T11:35:25Z INFO [15/900] 50df7d45-d30a-48e9-9f55-827e5dab1b4f: 22 groups; 0.6 s; peak memory 268 MiB.
2026-10-06T11:36:15Z INFO [16/900] 50e02f8d-564d-4edf-a9b4-e422e443db83: 36 groups; 50.5 s; peak memory 268 MiB.
2026-10-06T11:36:16Z INFO [17/900] 50e04845-11c1-401a-be96-d527cad9913b: 30 groups; 0.8 s; peak memory 268 MiB.
2026-10-06T11:36:17Z INFO [18/900] 50e0cd6a-8438-4402-81bc-4685aec5946e: 48 groups; 1.2 s; peak memory 268 MiB.
2026-10-06T11:36:18Z INFO [19/900] 50e24099-33da-49b2-9668-f75bbae1f15a: 25 groups; 0.8 s; peak memory 268 MiB.
2026-10-06T11:36:25Z INFO [20/900] 50e2c843-dd5d-459f-a7f2-37fc94657cdb: 53 groups; 7.0 s; peak memory 268 MiB.
2026-10-06T11:36:26Z INFO [21/900] 50e3ca5d-b3e6-4482-ac44-51693d7f4743: 22 groups; 0.7 s; peak memory 268 MiB.
2026-10-06T11:36:27Z INFO [22/900] 50e3fc11-bfda-403c-8c82-a2c8c51c9004: 34 groups; 1.0 s; peak memory 268 MiB.
2026-10-06T11:36:27Z INFO [23/900] 50e40d04-46ac-4ab6-b64b-ca1f60b224ef: 22 groups; 0.6 s; peak memory 268 MiB.
2026-10-06T11:39:58Z INFO [24/900] 50e474ef-dcea-4528-9d92-66623a183629: 81 groups; 210.8 s; peak memory 407 MiB.
2026-10-06T11:39:59Z INFO [25/900] 50e4a1cd-2319-4761-9ca8-96ed021183f2: 35 groups; 0.8 s; peak memory 407 MiB.
2026-10-06T11:40:00Z INFO [26/900] 50e608f9-694b-4665-b1c1-ac1d8b596927: 206 groups; 1.0 s; peak memory 407 MiB.
2026-10-06T11:40:01Z INFO [27/900] 50e71cf1-cffa-4569-b8c5-1c2fdf2199d2: 337 groups; 1.1 s; peak memory 407 MiB.
2026-10-06T11:40:02Z INFO [28/900] 50e7d9be-2a8f-4275-8513-687124e8c11d: 22 groups; 0.8 s; peak memory 407 MiB.
2026-10-06T11:40:33Z INFO [29/900] 50e8e8c0-831a-48b8-acbc-a5ca9a55c580: 27 groups; 31.3 s; peak memory 407 MiB.
2026-10-06T11:40:34Z INFO [30/900] 50e93f31-a756-470f-8cd7-419450fd8387: 32 groups; 0.6 s; peak memory 407 MiB.
2026-10-06T11:40:35Z INFO [31/900] 50eaf7bd-1205-46f2-a735-7f4f373a7e22: 29 groups; 0.8 s; peak memory 407 MiB.
2026-10-06T11:40:35Z INFO [32/900] 50eb9007-8bdc-4366-b834-fc51e4d86d53: 32 groups; 0.7 s; peak memory 407 MiB.
2026-10-06T11:41:12Z INFO [33/900] 50ec6b34-26ee-4fa6-adfc-6c1a4949371f: 26 groups; 36.6 s; peak memory 407 MiB.
2026-10-06T11:41:12Z INFO [34/900] 50ecf766-d52b-4209-875c-29440e1648dc: 32 groups; 0.6 s; peak memory 407 MiB.
2026-10-06T11:41:13Z INFO [35/900] 50ed4092-f203-4bff-93c0-e54b5322577d: 35 groups; 0.6 s; peak memory 407 MiB.
2026-10-06T11:41:15Z INFO [36/900] 50ee6816-1dd5-41ea-90e4-13835ff34d5a: 61 groups; 1.5 s; peak memory 407 MiB.
2026-10-06T11:41:16Z INFO [37/900] 50ef2dd2-f2eb-4200-8929-30a1a3248a43: 48 groups; 1.5 s; peak memory 407 MiB.
2026-10-06T11:41:17Z INFO [38/900] 50ef380b-7769-4b8c-8c8d-f2a01753d4ab: 28 groups; 0.5 s; peak memory 407 MiB.
2026-10-06T11:41:22Z INFO [39/900] 50efec10-fb3a-4138-8b1e-9e000670e903: 171 groups; 5.8 s; peak memory 407 MiB.
2026-10-06T11:41:23Z INFO [40/900] 50f0b5cc-5cc1-4594-b288-9c597e7fa083: 28 groups; 0.5 s; peak memory 407 MiB.
2026-10-06T11:41:24Z INFO [41/900] 50f14d44-423f-4fd5-8cd6-1bc536ba4af7: 35 groups; 0.7 s; peak memory 407 MiB.
2026-10-06T11:41:24Z INFO [42/900] 50f209e2-4f5a-44af-9526-68b3265d9def: 22 groups; 0.7 s; peak memory 407 MiB.
2026-10-06T11:41:25Z INFO [43/900] 50f20bb9-a796-44c8-86c6-5525c11091d3: 31 groups; 1.0 s; peak memory 407 MiB.
2026-10-06T11:41:29Z INFO [44/900] 50f218fc-a402-4940-b4e1-70a951341d8e: 34 groups; 3.5 s; peak memory 407 MiB.
2026-10-06T11:41:30Z INFO [45/900] 50f21e02-f502-48f8-88e0-32a3ece33c84: 48 groups; 1.6 s; peak memory 407 MiB.
2026-10-06T11:41:31Z INFO [46/900] 50f2583e-a2c2-45c2-9003-dc3418590d70: 22 groups; 0.7 s; peak memory 407 MiB.
2026-10-06T11:41:32Z INFO [47/900] 50f25a1a-57ff-45dd-b98d-eb7ea4b62d93: 32 groups; 0.6 s; peak memory 407 MiB.
2026-10-06T11:41:33Z INFO [48/900] 50f37c45-17bf-44b0-81fe-2ce7bbe4a753: 50 groups; 1.4 s; peak memory 407 MiB.
2026-10-06T11:41:34Z INFO [49/900] 50f3e802-bec0-4a7c-80d6-75e70ef90e44: 253 groups; 0.7 s; peak memory 407 MiB.
2026-10-06T11:41:35Z INFO [50/900] 50f4102e-f1a7-45e9-817a-1c6255841638: 29 groups; 0.8 s; peak memory 407 MiB.
2026-10-06T11:41:35Z INFO [50/900] 50f4102e-f1a7-45e9-817a-1c6255841638: checkpointed 85986 records.
2026-10-06T11:41:35Z INFO [51/900] 50f47e1f-d589-468d-8d46-9e613b5a0950: 32 groups; 0.7 s; peak memory 407 MiB.
2026-10-06T11:45:14Z INFO [52/900] 50f500ca-0526-4a7e-949c-23e56bec2aeb: 93 groups; 218.3 s; peak memory 411 MiB.
2026-10-06T11:45:14Z INFO [53/900] 50f685f6-a473-4aec-9eb8-2c48c3f94b3b: 29 groups; 0.5 s; peak memory 411 MiB.
2026-10-06T11:45:15Z INFO [54/900] 50f71f13-e300-4281-a020-197e3ef404cc: 32 groups; 0.7 s; peak memory 411 MiB.
2026-10-06T11:45:15Z INFO [55/900] 50f74fa1-e2e3-4117-a4fe-8528185dcdec: 17 groups; 0.6 s; peak memory 411 MiB.
2026-10-06T11:45:16Z INFO [56/900] 50f75dda-6091-456b-bcf5-7cf539d2a912: 35 groups; 0.9 s; peak memory 411 MiB.
2026-10-06T11:45:18Z INFO [57/900] 50f7de06-2cb3-4e36-b529-1b7d0a53692d: 48 groups; 1.5 s; peak memory 411 MiB.
2026-10-06T11:45:18Z INFO [58/900] 50f7f68b-aa87-450f-b78f-8774d9866f45: 22 groups; 0.6 s; peak memory 411 MiB.
2026-10-06T11:45:20Z INFO [59/900] 50f88c8d-c89f-4c50-bea0-5a8914d8cd78: 64 groups; 1.2 s; peak memory 411 MiB.
2026-10-06T11:45:20Z INFO [60/900] 50f97e85-a0a6-45b8-b5a9-7190448e5579: 33 groups; 0.7 s; peak memory 411 MiB.
2026-10-06T11:45:22Z INFO [61/900] 50f9fd31-3164-41aa-8ba9-dea28a435b1d: 48 groups; 1.8 s; peak memory 411 MiB.
2026-10-06T11:45:23Z INFO [62/900] 50fb2693-3acc-46b5-89fc-27746cf23128: 22 groups; 0.6 s; peak memory 411 MiB.
2026-10-06T11:45:23Z INFO [63/900] 50fcebdb-8ad3-40d2-bc04-039726e46ff5: 22 groups; 0.6 s; peak memory 411 MiB.
2026-10-06T11:47:21Z INFO [64/900] 50fd074c-697e-433c-b3ff-b65806e45366: 60 groups; 117.6 s; peak memory 411 MiB.
2026-10-06T11:47:25Z INFO [65/900] 50fec161-6519-49ad-9be0-24d9cc7cbbd1: 185 groups; 4.0 s; peak memory 411 MiB.
2026-10-06T11:47:26Z INFO [66/900] 50ff2c77-7a78-4845-aa14-d7bfcc025236: 22 groups; 0.7 s; peak memory 411 MiB.
2026-10-06T11:47:26Z INFO [67/900] 50ffc011-387a-4955-bd85-6dbc5f690327: 32 groups; 0.5 s; peak memory 411 MiB.
2026-10-06T11:47:27Z INFO [68/900] 51004fcc-fdcc-4dc7-abfa-2379e4bb7725: 32 groups; 0.7 s; peak memory 411 MiB.
2026-10-06T11:47:34Z INFO [69/900] 5100b1e8-e0d7-4b24-8568-a3f916d5bfda: 345 groups; 7.5 s; peak memory 411 MiB.
2026-10-06T11:47:35Z INFO [70/900] 5100febd-ede5-437f-97de-ec4f94b0c820: 32 groups; 0.7 s; peak memory 411 MiB.
2026-10-06T11:47:36Z INFO [71/900] 5101fc57-9cba-4485-bcec-d238c56d7e40: 36 groups; 1.0 s; peak memory 411 MiB.
2026-10-06T11:47:48Z INFO [72/900] 51028809-15b0-4a6a-aae3-e0a6b2284beb: 22 groups; 12.1 s; peak memory 411 MiB.
2026-10-06T11:47:49Z INFO [73/900] 51029263-a348-40f6-b073-9646f4016f07: 22 groups; 0.6 s; peak memory 411 MiB.
2026-10-06T11:47:50Z INFO [74/900] 51029b02-190f-4397-a24c-5eabfbfbb041: 199 groups; 1.1 s; peak memory 411 MiB.
2026-10-06T11:47:51Z INFO [75/900] 5102c8d8-681e-489a-92ea-2465ddb5223e: 35 groups; 0.9 s; peak memory 411 MiB.
2026-10-06T11:47:56Z INFO [76/900] 51035090-9ad8-4f82-bdf8-6081701c6c6c: 175 groups; 4.9 s; peak memory 411 MiB.
2026-10-06T11:51:34Z INFO [77/900] 51035225-b986-48b6-8237-572e3ed30a6b: 73 groups; 217.9 s; peak memory 411 MiB.
2026-10-06T11:51:34Z INFO [78/900] 5103686f-3b09-4408-811a-416e99aaf328: 22 groups; 0.7 s; peak memory 411 MiB.
2026-10-06T11:51:35Z INFO [79/900] 5103bc71-b3b9-4d31-acda-a4faaf5eec83: 103 groups; 0.8 s; peak memory 411 MiB.
2026-10-06T11:51:36Z INFO [80/900] 5104794e-8df2-406a-865a-56746363b736: 25 groups; 0.8 s; peak memory 411 MiB.
2026-10-06T11:51:37Z INFO [81/900] 5104f1b5-990e-4b2d-a226-ddae3eefb54b: 32 groups; 0.8 s; peak memory 411 MiB.
2026-10-06T11:51:40Z INFO [82/900] 5105af62-3473-4038-a3fe-c14d5b50bfd1: 144 groups; 3.3 s; peak memory 411 MiB.
2026-10-06T11:53:22Z INFO [83/900] 5105c4bd-4f9e-4284-9498-ab2b289a2697: 62 groups; 102.0 s; peak memory 411 MiB.
2026-10-06T11:53:23Z INFO [84/900] 5105c6b4-5a12-4d47-a911-bc3ace927a7a: 28 groups; 0.5 s; peak memory 411 MiB.
2026-10-06T11:53:23Z INFO [85/900] 51068ec6-e720-4c90-a8a6-051d48240487: 22 groups; 0.8 s; peak memory 411 MiB.
2026-10-06T11:53:24Z INFO [86/900] 510881b0-8d8d-4a81-a6f5-b09741eba62b: 22 groups; 0.6 s; peak memory 411 MiB.
2026-10-06T11:53:25Z INFO [87/900] 5108f836-6b85-43a0-8c87-b8a79b4625b7: 22 groups; 0.7 s; peak memory 411 MiB.
2026-10-06T11:53:25Z INFO [88/900] 510914cb-369f-49a4-b50d-c8f71dd1fd2a: 22 groups; 0.6 s; peak memory 411 MiB.
2026-10-06T11:53:26Z INFO [89/900] 5109b386-f1d3-4d75-a784-62470fb44f9c: 32 groups; 0.7 s; peak memory 411 MiB.
2026-10-06T11:53:26Z INFO [90/900] 5109d918-0ce9-4557-92e1-b016d720ec01: 31 groups; 0.4 s; peak memory 411 MiB.
2026-10-06T11:53:34Z INFO [91/900] 510a4bae-8bd2-40f8-a58e-d377899c404b: 368 groups; 7.5 s; peak memory 411 MiB.
2026-10-06T11:53:35Z INFO [92/900] 510ac80e-dfa7-4779-8a97-bfa2b475a813: 41 groups; 0.8 s; peak memory 411 MiB.
2026-10-06T11:53:35Z INFO [93/900] 510c41de-70bf-4e4a-9424-1a0da164a05f: 22 groups; 0.6 s; peak memory 411 MiB.
2026-10-06T11:53:36Z INFO [94/900] 510cc25c-2661-4718-b700-2f408462e63a: 25 groups; 0.6 s; peak memory 411 MiB.
2026-10-06T11:53:37Z INFO [95/900] 510ddfce-a4da-4126-a217-496e0e759c41: 22 groups; 0.6 s; peak memory 411 MiB.
2026-10-06T11:53:37Z INFO [96/900] 510ebd61-9497-440e-88dc-6c03c042fd5e: 32 groups; 0.6 s; peak memory 411 MiB.
2026-10-06T11:53:38Z INFO [97/900] 510ec8e0-a30c-47fe-815c-8cf882d1dbcc: 32 groups; 0.6 s; peak memory 411 MiB.
2026-10-06T11:53:39Z INFO [98/900] 510f28d1-8213-4a12-8ca0-bbb7628c9f23: 33 groups; 1.0 s; peak memory 411 MiB.
2026-10-06T11:53:40Z INFO [99/900] 510fce3a-806c-451e-a6e2-fe87ae68af06: 202 groups; 0.8 s; peak memory 411 MiB.
2026-10-06T12:51:30Z INFO [100/900] 510fd5b7-1ade-4c70-8dde-b78df5f7bdbe: 433 groups; 3470.3 s; peak memory 1103 MiB.
2026-10-06T12:51:30Z INFO [100/900] 510fd5b7-1ade-4c70-8dde-b78df5f7bdbe: checkpointed 86036 records.
2026-10-06T12:51:33Z INFO [101/900] 510fe2e0-9e2c-4043-88ff-686497047fc0: 37 groups; 2.9 s; peak memory 1103 MiB.
2026-10-06T12:51:35Z INFO [102/900] 510ff601-e455-4d7a-8f9f-b1701fcb7cad: 48 groups; 1.5 s; peak memory 1103 MiB.
2026-10-06T12:51:41Z INFO [103/900] 5110bdee-7488-4a05-b073-ad848f6e3956: 33 groups; 6.4 s; peak memory 1103 MiB.
2026-10-06T12:51:42Z INFO [104/900] 511118ab-a4f4-457a-913a-49446138e8df: 201 groups; 1.0 s; peak memory 1103 MiB.
2026-10-06T12:51:43Z INFO [105/900] 5112985f-785d-4829-87f7-bd0722c9bfc7: 207 groups; 1.2 s; peak memory 1103 MiB.
2026-10-06T12:51:44Z INFO [106/900] 51137754-a2c1-4fdf-9561-708c1a8ed5d5: 29 groups; 0.4 s; peak memory 1103 MiB.
2026-10-06T12:51:45Z INFO [107/900] 51148722-2ac2-4b44-a0c9-cee74668c293: 64 groups; 1.6 s; peak memory 1103 MiB.
2026-10-06T12:51:46Z INFO [108/900] 5114eea8-b98e-40a2-a936-b4cf901856be: 33 groups; 1.3 s; peak memory 1103 MiB.
2026-10-06T12:51:51Z INFO [109/900] 51152e0b-bb99-432c-b3ad-fe905fa0526c: 34 groups; 4.9 s; peak memory 1103 MiB.
2026-10-06T12:51:52Z INFO [110/900] 51154d8e-f058-4d02-95af-60805f671aa3: 201 groups; 1.1 s; peak memory 1103 MiB.
2026-10-06T12:51:53Z INFO [111/900] 5115b675-668f-4c21-90e5-68304bad37c8: 32 groups; 0.7 s; peak memory 1103 MiB.
2026-10-06T12:51:58Z INFO [112/900] 5116c483-788e-44f8-9180-7ecd046b99ad: 63 groups; 5.3 s; peak memory 1103 MiB.
2026-10-06T12:52:02Z INFO [113/900] 51172cf1-f73b-4c5a-b6d7-c09089cca5eb: 101 groups; 3.3 s; peak memory 1103 MiB.
2026-10-06T12:52:02Z INFO [114/900] 5117e0e4-45e2-4fff-8c28-3c5bc77a24b9: 32 groups; 0.7 s; peak memory 1103 MiB.
2026-10-06T12:52:03Z INFO [115/900] 511833bc-805d-4355-bd6c-fba00907509b: 35 groups; 0.8 s; peak memory 1103 MiB.
2026-10-06T12:52:05Z INFO [116/900] 511a18f5-e197-44b2-8db6-1deb17955b5c: 48 groups; 1.6 s; peak memory 1103 MiB.
2026-10-06T12:52:05Z INFO [117/900] 511a8f22-102b-4109-b9b5-2da5b1fc0aaf: 22 groups; 0.7 s; peak memory 1103 MiB.
2026-10-06T12:52:06Z INFO [118/900] 511aa2cf-8a94-41d7-a57f-741e0279e235: 202 groups; 1.0 s; peak memory 1103 MiB.
2026-10-06T12:52:08Z INFO [119/900] 511bb2bf-859e-4178-9e5d-de8e619d54be: 48 groups; 1.4 s; peak memory 1103 MiB.
2026-10-06T12:52:09Z INFO [120/900] 511c051a-1ea4-4681-b82b-1eb89cf01e48: 48 groups; 1.3 s; peak memory 1103 MiB.
2026-10-06T12:52:11Z INFO [121/900] 511c2c41-044a-4e86-b981-d9394b32df6b: 48 groups; 1.4 s; peak memory 1103 MiB.
2026-10-06T12:52:11Z INFO [122/900] 511ce2b0-7f0e-4a88-9584-29522f76f925: 22 groups; 0.8 s; peak memory 1103 MiB.
2026-10-06T12:52:13Z INFO [123/900] 511cf37d-45f4-497b-aa64-253d0b7c141b: 36 groups; 1.3 s; peak memory 1103 MiB.
2026-10-06T12:52:13Z INFO [124/900] 511d3fc1-eef6-4a13-8926-40828e950cc2: 199 groups; 0.8 s; peak memory 1103 MiB.
2026-10-06T12:52:20Z INFO [125/900] 511d485e-b761-4344-b817-d943aa4b81d7: 234 groups; 6.2 s; peak memory 1103 MiB.
2026-10-06T12:52:20Z INFO [126/900] 511e2ad7-ca6f-44da-b256-08367c61161c: 22 groups; 0.7 s; peak memory 1103 MiB.
2026-10-06T12:52:28Z INFO [127/900] 511e3036-f80b-4c1e-86a0-47cbcc5bc36f: 297 groups; 7.7 s; peak memory 1103 MiB.
2026-10-06T12:52:29Z INFO [128/900] 511f120b-be9a-446c-93ac-51635c460e5b: 32 groups; 0.7 s; peak memory 1103 MiB.
2026-10-06T12:52:30Z INFO [129/900] 511f401d-c43e-4a69-a7fd-6b0f7c95842f: 407 groups; 1.2 s; peak memory 1103 MiB.
2026-10-06T12:52:30Z INFO [130/900] 511f47b0-cdb3-4d0d-9b6f-22537889f83a: 30 groups; 0.5 s; peak memory 1103 MiB.
2026-10-06T12:52:32Z INFO [131/900] 511fdcdc-4803-4921-a628-bb920a5d7412: 33 groups; 1.1 s; peak memory 1103 MiB.
2026-10-06T12:52:34Z INFO [132/900] 512007c4-3f10-40a5-aae0-2ceb4e65b46c: 54 groups; 2.0 s; peak memory 1103 MiB.
2026-10-06T12:52:34Z INFO [133/900] 5120e3a2-d035-463f-be07-6aeca085bb71: 71 groups; 0.5 s; peak memory 1103 MiB.
2026-10-06T12:52:35Z INFO [134/900] 5121b35b-93b8-4b4d-b4bc-88deaa411a38: 32 groups; 0.7 s; peak memory 1103 MiB.
2026-10-06T12:52:35Z INFO [135/900] 5122a2f9-ea9c-474e-9a09-02987f2f1747: 25 groups; 0.6 s; peak memory 1103 MiB.
2026-10-06T12:54:08Z INFO [136/900] 5122f8a8-bcc3-4304-9447-9ce6418da50c: 27 groups; 93.0 s; peak memory 1103 MiB.
2026-10-06T12:54:09Z INFO [137/900] 512354db-cff3-4c16-811c-d0c4cfb89355: 336 groups; 1.1 s; peak memory 1103 MiB.
2026-10-06T12:54:10Z INFO [138/900] 51238c74-3c93-499b-8904-93b9dd9e9180: 22 groups; 0.6 s; peak memory 1103 MiB.
2026-10-06T12:54:11Z INFO [139/900] 51255569-2b7a-4e0d-bf77-80ec39893c99: 35 groups; 0.9 s; peak memory 1103 MiB.
2026-10-06T12:54:12Z INFO [140/900] 5125b776-694f-4a6e-b641-0b136b0ad5c0: 49 groups; 0.9 s; peak memory 1103 MiB.
2026-10-06T12:54:12Z INFO [141/900] 5125f0d2-565e-498e-9c6f-2736c9627f6e: 22 groups; 0.6 s; peak memory 1103 MiB.
2026-10-06T12:54:13Z INFO [142/900] 512721ce-eb4d-42bf-b9b1-51748cdf3fbf: 32 groups; 0.6 s; peak memory 1103 MiB.
2026-10-06T12:54:14Z INFO [143/900] 5127dcc8-e846-480a-a83a-5c05647d2be3: 32 groups; 0.8 s; peak memory 1103 MiB.
2026-10-06T12:54:14Z INFO [144/900] 51285aed-590d-4f5e-835c-9eb297e4c997: 22 groups; 0.6 s; peak memory 1103 MiB.
2026-10-06T12:54:15Z INFO [145/900] 5128abe0-9cd6-4a4a-947e-e3b0196e196f: 32 groups; 0.6 s; peak memory 1103 MiB.
2026-10-06T12:54:16Z INFO [146/900] 5129ebe6-1c83-4ea9-8538-c593d6d8b847: 36 groups; 0.9 s; peak memory 1103 MiB.
2026-10-06T12:54:16Z INFO [147/900] 512a8c5f-d9d0-4883-930f-a91fe15ea1dc: 32 groups; 0.6 s; peak memory 1103 MiB.
2026-10-06T12:54:17Z INFO [148/900] 512c109e-923c-4c20-ac84-9f760965dda8: 25 groups; 0.5 s; peak memory 1103 MiB.
2026-10-06T12:54:17Z INFO [149/900] 512c668f-855f-457c-a88e-ee190cf45a51: 16 groups; 0.4 s; peak memory 1103 MiB.
2026-10-06T12:54:18Z INFO [150/900] 512c7876-f78e-49e5-8dbe-7ff6d69160fb: 16 groups; 0.6 s; peak memory 1103 MiB.
2026-10-06T12:54:18Z INFO [150/900] 512c7876-f78e-49e5-8dbe-7ff6d69160fb: checkpointed 86086 records.
2026-10-06T12:54:19Z INFO [151/900] 512c7886-88dc-46d4-bca7-c79de4cc4d2a: 49 groups; 0.9 s; peak memory 1103 MiB.
2026-10-06T12:54:20Z INFO [152/900] 512c85d2-1430-4bac-9cd3-d7ef2fe87bcd: 22 groups; 0.7 s; peak memory 1103 MiB.
2026-10-06T12:54:20Z INFO [153/900] 512d8f29-94b5-4480-9e4b-b46762668bef: 31 groups; 0.5 s; peak memory 1103 MiB.
2026-10-06T12:54:21Z INFO [154/900] 512e2eca-a9ae-4764-ae57-0fd83066fc2e: 16 groups; 0.4 s; peak memory 1103 MiB.
2026-10-06T12:54:21Z INFO [155/900] 51305752-3c5f-4ceb-b480-d25d1cee545a: 32 groups; 0.8 s; peak memory 1103 MiB.
2026-10-06T12:54:22Z INFO [156/900] 5130d9cf-f843-4167-80a8-183e6930b3af: 22 groups; 0.7 s; peak memory 1103 MiB.
2026-10-06T12:54:23Z INFO [157/900] 5130e199-bf8c-49e3-9bac-41b61f395070: 252 groups; 0.8 s; peak memory 1103 MiB.
2026-10-06T12:54:23Z INFO [158/900] 5131010c-3d2c-4d7b-a383-8b68734fc66c: 22 groups; 0.6 s; peak memory 1103 MiB.
2026-10-06T12:54:24Z INFO [159/900] 5131dd94-e52f-4139-8740-03fc9518c992: 36 groups; 0.9 s; peak memory 1103 MiB.
2026-10-06T12:54:25Z INFO [160/900] 5132129f-43a6-4527-8b25-29a91cf629a3: 16 groups; 0.4 s; peak memory 1103 MiB.
2026-10-06T12:54:25Z INFO [161/900] 5132d946-53d4-4676-a9fc-0f82fa7ef277: 35 groups; 0.7 s; peak memory 1103 MiB.
2026-10-06T12:54:26Z INFO [162/900] 513337ac-2196-4eb7-8e38-9d087497649f: 32 groups; 0.7 s; peak memory 1103 MiB.
2026-10-06T12:54:27Z INFO [163/900] 51340eda-ce5f-4f1a-acfe-f12d19e200f1: 22 groups; 0.7 s; peak memory 1103 MiB.
2026-10-06T12:54:28Z INFO [164/900] 5134736a-39a9-4c66-8136-9b620361840e: 32 groups; 0.8 s; peak memory 1103 MiB.
2026-10-06T12:54:34Z INFO [165/900] 5135f035-31b3-40f7-ae7b-ccfd0d976770: 33 groups; 5.9 s; peak memory 1103 MiB.
2026-10-06T12:54:35Z INFO [166/900] 51374887-e16b-4b3e-a987-68e0a896c7d1: 73 groups; 1.7 s; peak memory 1103 MiB.
2026-10-06T12:54:36Z INFO [167/900] 51388b7d-969c-43d2-978b-21ff8b496d3d: 42 groups; 1.1 s; peak memory 1103 MiB.
2026-10-06T12:54:49Z INFO [168/900] 51390b38-ea0e-42b9-931d-b6831e2bca53: 152 groups; 12.3 s; peak memory 1103 MiB.
2026-10-06T12:54:49Z INFO [169/900] 513921c5-b2e6-4b96-9560-9e1cc7339541: 25 groups; 0.6 s; peak memory 1103 MiB.
2026-10-06T12:54:50Z INFO [170/900] 513a65f9-34fa-48ac-83a3-384824e2221b: 32 groups; 0.7 s; peak memory 1103 MiB.
2026-10-06T12:55:31Z INFO [171/900] 513a80ec-5fa9-4859-9fac-9fc5959b5202: 5150 groups; 40.9 s; peak memory 1103 MiB.
2026-10-06T12:55:32Z INFO [172/900] 513a954d-1f48-429a-bf00-a3438e9b578e: 36 groups; 0.7 s; peak memory 1103 MiB.
2026-10-06T12:55:32Z INFO [173/900] 513ade33-d5c5-408d-b232-2ce72ca2b428: 22 groups; 0.7 s; peak memory 1103 MiB.
2026-10-06T12:55:34Z INFO [174/900] 513bd53e-4a34-46a3-b040-1c5e21da1350: 34 groups; 2.1 s; peak memory 1103 MiB.
2026-10-06T12:55:36Z INFO [175/900] 513be939-7ef4-4471-9042-3c3f95cbc7bf: 48 groups; 1.7 s; peak memory 1103 MiB.
2026-10-06T12:55:37Z INFO [176/900] 513d5fd5-860b-40e5-a27d-c0856bb14d07: 30 groups; 0.7 s; peak memory 1103 MiB.
2026-10-06T12:55:38Z INFO [177/900] 513e78ba-ab0f-4950-bbf5-755a27438156: 17 groups; 0.8 s; peak memory 1103 MiB.
2026-10-06T12:55:38Z INFO [178/900] 513e7b91-a16b-4de2-96e7-43ad31a7ddc5: 49 groups; 0.9 s; peak memory 1103 MiB.
2026-10-06T12:55:39Z INFO [179/900] 513e80ee-0fd8-44cb-b753-b24de94a0248: 25 groups; 0.6 s; peak memory 1103 MiB.
2026-10-06T12:55:40Z INFO [180/900] 513eaed5-314c-4c8f-99fd-09fda4c32d84: 32 groups; 0.7 s; peak memory 1103 MiB.
2026-10-06T12:55:40Z INFO [181/900] 513f4403-fc25-41e1-8fe8-14dad496be4f: 22 groups; 0.5 s; peak memory 1103 MiB.
2026-10-06T12:55:41Z INFO [182/900] 513f50d0-c6ea-4d99-b118-2b26b58fac14: 30 groups; 0.6 s; peak memory 1103 MiB.
2026-10-06T12:55:43Z INFO [183/900] 513f6332-1453-4147-abb5-43eaaa38d2fc: 48 groups; 2.0 s; peak memory 1103 MiB.
2026-10-06T12:55:44Z INFO [184/900] 513f7d94-7729-45d9-bb1d-835c745747cd: 22 groups; 0.8 s; peak memory 1103 MiB.
2026-10-06T12:55:56Z INFO [185/900] 51400f2a-ecb8-434a-9fd4-b9adbc8b9e1d: 196 groups; 12.2 s; peak memory 1103 MiB.
2026-10-06T12:55:57Z INFO [186/900] 5140d7fd-5185-4c12-b545-8c87b2e53063: 36 groups; 1.2 s; peak memory 1103 MiB.
2026-10-06T12:55:58Z INFO [187/900] 51410808-96ec-4e08-a4d1-1c538e3da356: 31 groups; 1.0 s; peak memory 1103 MiB.
2026-10-06T12:55:59Z INFO [188/900] 5141ff0a-641d-40cb-bb2e-1db3ad973218: 33 groups; 0.8 s; peak memory 1103 MiB.
2026-10-06T12:56:00Z INFO [189/900] 514219a6-9b7e-408e-a1f8-ddee0f0e6dba: 22 groups; 0.8 s; peak memory 1103 MiB.
2026-10-06T12:56:01Z INFO [190/900] 5142870d-39c5-4dc8-b93a-dbca20d0bcec: 35 groups; 0.9 s; peak memory 1103 MiB.
2026-10-06T12:56:01Z INFO [191/900] 51430e9c-3c05-44d9-bd3d-1070f5fae233: 32 groups; 0.7 s; peak memory 1103 MiB.
2026-10-06T12:56:02Z INFO [192/900] 51436b99-41e4-4416-bdd2-9bd8a63101cc: 17 groups; 1.1 s; peak memory 1103 MiB.
2026-10-06T12:56:03Z INFO [193/900] 5143a960-0609-4cfa-b09c-fd3fe8b7b71e: 31 groups; 0.4 s; peak memory 1103 MiB.
2026-10-06T12:56:13Z INFO [194/900] 5144821b-078c-4172-a2b2-323761e7045d: 28 groups; 9.8 s; peak memory 1103 MiB.
2026-10-06T12:56:13Z INFO [195/900] 5144e822-2b88-4396-bf64-86f03b061cf1: 22 groups; 0.6 s; peak memory 1103 MiB.
2026-10-06T12:56:14Z INFO [196/900] 5145152c-3e45-415e-9a0a-50e8250b924e: 22 groups; 0.7 s; peak memory 1103 MiB.
2026-10-06T12:56:14Z INFO [197/900] 51456890-528a-401a-bea1-d443a1e6afb5: 31 groups; 0.5 s; peak memory 1103 MiB.
2026-10-06T12:56:15Z INFO [198/900] 5145aa59-8b4d-401a-b783-d9e69d50e896: 252 groups; 0.8 s; peak memory 1103 MiB.
2026-10-06T12:56:16Z INFO [199/900] 514733b3-4789-445e-a8d4-a8ce75bec40a: 206 groups; 0.9 s; peak memory 1103 MiB.
2026-10-06T12:56:17Z INFO [200/900] 5148868a-36d1-4936-8330-9f2c174aa620: 22 groups; 0.6 s; peak memory 1103 MiB.
2026-10-06T12:56:17Z INFO [200/900] 5148868a-36d1-4936-8330-9f2c174aa620: checkpointed 86136 records.
2026-10-06T12:56:17Z INFO [201/900] 514a3531-ea95-4022-9ad4-2f1f9498bd8a: 30 groups; 0.5 s; peak memory 1103 MiB.
2026-10-06T12:56:18Z INFO [202/900] 514acfdd-11f4-48ed-a09d-006e9f4e8188: 22 groups; 0.7 s; peak memory 1103 MiB.
2026-10-06T12:56:24Z INFO [203/900] 514af535-0e09-419b-adbd-bd8f833e3b70: 56 groups; 6.4 s; peak memory 1103 MiB.
2026-10-06T12:56:25Z INFO [204/900] 514c5050-9009-45c4-bc79-5dcb9bc1e731: 22 groups; 0.8 s; peak memory 1103 MiB.
2026-10-06T12:56:26Z INFO [205/900] 514c9338-8166-4b2b-9ff5-d05725cd8365: 49 groups; 0.9 s; peak memory 1103 MiB.
2026-10-06T12:56:53Z INFO [206/900] 514d4a19-aee4-4a4e-9e16-f82bef07c99f: 23 groups; 27.2 s; peak memory 1103 MiB.
2026-10-06T12:57:31Z INFO [207/900] 514dc62d-c73f-427a-a572-58fe670e1977: 26 groups; 37.4 s; peak memory 1103 MiB.
2026-10-06T12:57:32Z INFO [208/900] 514efccd-7bfd-4161-a074-3d6cf2e39adc: 35 groups; 0.9 s; peak memory 1103 MiB.
2026-10-06T12:57:32Z INFO [209/900] 514f8fa1-6f22-42e0-bc3d-6f3de1b8ac15: 22 groups; 0.7 s; peak memory 1103 MiB.
2026-10-06T12:57:33Z INFO [210/900] 51506f63-cd85-4556-a18b-3b3ce5e89478: 32 groups; 1.0 s; peak memory 1103 MiB.
2026-10-06T12:57:39Z INFO [211/900] 51508ee5-c489-429b-ac1a-e0abbb1145c0: 292 groups; 6.0 s; peak memory 1103 MiB.
2026-10-06T12:57:40Z INFO [212/900] 5150c93d-9098-4fdb-b52a-654bd61fea9d: 32 groups; 0.7 s; peak memory 1103 MiB.
2026-10-06T12:57:48Z INFO [213/900] 515199dd-6793-451c-918f-ce0ee03fdc00: 298 groups; 8.2 s; peak memory 1103 MiB.
2026-10-06T12:57:49Z INFO [214/900] 5151c3a9-c454-427f-8804-6e5b9961c2f9: 29 groups; 1.0 s; peak memory 1103 MiB.
2026-10-06T12:57:50Z INFO [215/900] 5153091d-86b3-470d-a1c6-55152687d84d: 256 groups; 1.1 s; peak memory 1103 MiB.
2026-10-06T12:57:51Z INFO [216/900] 51537d66-a28d-4d38-b2fd-02e04317d592: 32 groups; 0.7 s; peak memory 1103 MiB.
2026-10-06T12:57:53Z INFO [217/900] 515422e2-8692-47ad-8058-bdea3b77ba18: 50 groups; 1.9 s; peak memory 1103 MiB.
2026-10-06T12:57:53Z INFO [218/900] 51543277-1458-4700-ae5a-b9061218b3fc: 22 groups; 0.7 s; peak memory 1103 MiB.
2026-10-06T12:57:54Z INFO [219/900] 5154e70a-2f8c-4b1c-92f5-e4e108681d36: 16 groups; 0.4 s; peak memory 1103 MiB.
2026-10-06T12:57:55Z INFO [220/900] 51558b1a-8a1b-4953-a0d4-05bd7d4ee590: 22 groups; 0.7 s; peak memory 1103 MiB.
2026-10-06T12:57:56Z INFO [221/900] 51563416-2b19-472a-83ee-d0d15d46f403: 202 groups; 1.0 s; peak memory 1103 MiB.
2026-10-06T12:57:56Z INFO [222/900] 51568ab1-6c1b-4208-8ee7-86e4e14517d6: 22 groups; 0.7 s; peak memory 1103 MiB.
2026-10-06T12:57:57Z INFO [223/900] 5156a22b-99f7-4b9c-94d3-59a94a70322b: 16 groups; 0.5 s; peak memory 1103 MiB.
2026-10-06T12:57:58Z INFO [224/900] 51574441-a323-4681-9de9-3604832f19b0: 22 groups; 0.7 s; peak memory 1103 MiB.
2026-10-06T12:58:03Z INFO [225/900] 5157d36a-da7a-4722-bde8-bac0dc80352b: 159 groups; 5.6 s; peak memory 1103 MiB.
2026-10-06T12:58:04Z INFO [226/900] 5158f50e-209c-4ea5-8e42-3bd6b9a270f5: 32 groups; 0.8 s; peak memory 1103 MiB.
2026-10-06T12:58:06Z INFO [227/900] 5159549c-1faf-48ff-8f52-ead11b65c994: 50 groups; 1.6 s; peak memory 1103 MiB.
2026-10-06T12:58:11Z INFO [228/900] 51598373-a64c-4329-b178-adcfb38b4824: 85 groups; 5.3 s; peak memory 1103 MiB.
2026-10-06T12:58:16Z INFO [229/900] 5159afc7-a4ca-4d80-a55a-b92b42698141: 50 groups; 4.8 s; peak memory 1103 MiB.
2026-10-06T12:58:17Z INFO [230/900] 515a4684-c0ea-4774-8710-85f0d2b64df0: 35 groups; 0.9 s; peak memory 1103 MiB.
2026-10-06T12:58:17Z INFO [231/900] 515ad2b4-edb7-4f34-bcb5-5ec249ba5e0a: 25 groups; 0.7 s; peak memory 1103 MiB.
2026-10-06T12:58:18Z INFO [232/900] 515be986-ec2a-408b-a06f-96498321b339: 31 groups; 0.5 s; peak memory 1103 MiB.
2026-10-06T12:58:18Z INFO [233/900] 515c598b-b2e3-44ce-913f-7ac4651433d9: 33 groups; 0.7 s; peak memory 1103 MiB.
2026-10-06T12:58:19Z INFO [234/900] 515c6dca-beaf-4c8d-ab57-29a2f77f7f7d: 32 groups; 0.8 s; peak memory 1103 MiB.
2026-10-06T12:58:21Z INFO [235/900] 515c7151-e087-44b5-b2e4-79051fd33dd1: 50 groups; 1.9 s; peak memory 1103 MiB.
2026-10-06T12:58:22Z INFO [236/900] 515c80bd-f2e9-4b0c-9def-005183d83ef4: 32 groups; 0.7 s; peak memory 1103 MiB.
2026-10-06T12:58:29Z INFO [237/900] 515e3854-7fde-4eaf-a31c-9562394c1469: 238 groups; 7.3 s; peak memory 1103 MiB.
2026-10-06T12:58:36Z INFO [238/900] 515e534f-6e1e-43fa-9408-5ece4d152727: 185 groups; 7.1 s; peak memory 1103 MiB.
2026-10-06T12:58:37Z INFO [239/900] 515e7d4e-b82d-4821-aea1-bf8ed956d11a: 22 groups; 0.8 s; peak memory 1103 MiB.
2026-10-06T12:58:38Z INFO [240/900] 515fe73c-086d-4531-b37f-63f78a462098: 32 groups; 0.7 s; peak memory 1103 MiB.
2026-10-06T12:58:38Z INFO [241/900] 51607e7b-bb3a-4248-a937-312c97217220: 32 groups; 0.8 s; peak memory 1103 MiB.
2026-10-06T12:58:39Z INFO [242/900] 51608bb7-1eba-4bcb-af71-552288defec4: 22 groups; 0.7 s; peak memory 1103 MiB.
2026-10-06T12:58:40Z INFO [243/900] 5160bc60-3947-467b-802f-f46fa96630d4: 49 groups; 1.0 s; peak memory 1103 MiB.
2026-10-06T12:58:42Z INFO [244/900] 5161c515-55a6-47ff-8a22-f4da9768a49e: 50 groups; 1.7 s; peak memory 1103 MiB.
2026-10-06T12:58:43Z INFO [245/900] 5161d989-14a5-41c7-994a-f508739fc829: 22 groups; 0.8 s; peak memory 1103 MiB.
2026-10-06T12:59:07Z INFO [246/900] 51620fcd-09b9-4b5f-ae0e-2f7848aad851: 28 groups; 24.2 s; peak memory 1103 MiB.
2026-10-06T12:59:07Z INFO [247/900] 5162a1b5-a259-4ddb-8ac9-e9e6368af38f: 31 groups; 0.5 s; peak memory 1103 MiB.
2026-10-06T12:59:08Z INFO [248/900] 5162c483-f9c9-49c4-ace9-3d2c427d11e7: 32 groups; 0.7 s; peak memory 1103 MiB.
2026-10-06T12:59:09Z INFO [249/900] 51633cf0-d26e-487e-9b35-b7750ca68a5c: 28 groups; 0.6 s; peak memory 1103 MiB.
2026-10-06T12:59:09Z INFO [250/900] 5164760d-06fe-45f6-bca7-edb1c18c924b: 22 groups; 0.6 s; peak memory 1103 MiB.
2026-10-06T12:59:09Z INFO [250/900] 5164760d-06fe-45f6-bca7-edb1c18c924b: checkpointed 86186 records.
2026-10-06T12:59:10Z INFO [251/900] 5164e44b-3a5e-4125-b766-854c77906f07: 31 groups; 1.0 s; peak memory 1103 MiB.
2026-10-06T12:59:11Z INFO [252/900] 5165f244-18ca-4a83-beb6-8bbd35c44941: 32 groups; 0.7 s; peak memory 1103 MiB.
2026-10-06T12:59:12Z INFO [253/900] 5165f5cd-33b1-4dc6-ab8b-943941fd5a10: 32 groups; 0.7 s; peak memory 1103 MiB.
2026-10-06T12:59:14Z INFO [254/900] 5166e5e9-1d6a-492d-aff6-d71a2255ee2a: 122 groups; 2.5 s; peak memory 1103 MiB.
2026-10-06T12:59:15Z INFO [255/900] 5166f6a2-f804-468c-9662-9d7f18ad7c2f: 21 groups; 0.7 s; peak memory 1103 MiB.
2026-10-06T12:59:16Z INFO [256/900] 51674e98-bded-4b45-8dc2-1da1f339aa78: 71 groups; 0.7 s; peak memory 1103 MiB.
2026-10-06T12:59:17Z INFO [257/900] 51679bf9-3904-4ead-9cfb-9dcd195b9c75: 48 groups; 1.6 s; peak memory 1103 MiB.
2026-10-06T12:59:20Z INFO [258/900] 5167eed1-5fdd-4474-9828-71f10131d441: 47 groups; 2.4 s; peak memory 1103 MiB.
2026-10-06T12:59:20Z INFO [259/900] 516a2e3f-e220-49ef-ab03-44d27cbe7085: 49 groups; 0.9 s; peak memory 1103 MiB.
2026-10-06T12:59:21Z INFO [260/900] 516a77f4-2daf-4cbd-a94f-e341672115c1: 35 groups; 1.0 s; peak memory 1103 MiB.
2026-10-06T12:59:22Z INFO [261/900] 516b4468-57d4-45f1-91c9-0c6a54aaa50b: 31 groups; 0.5 s; peak memory 1103 MiB.
2026-10-06T12:59:23Z INFO [262/900] 516b7420-70fe-4a93-8ef3-c096b6c01593: 22 groups; 0.5 s; peak memory 1103 MiB.
2026-10-06T12:59:23Z INFO [263/900] 516b9d17-582b-4d54-b005-ae3a0e8fac20: 32 groups; 0.7 s; peak memory 1103 MiB.
2026-10-06T12:59:25Z INFO [264/900] 516c367e-0dd8-4651-95c8-ea7e0e3389cd: 35 groups; 1.4 s; peak memory 1103 MiB.
2026-10-06T12:59:29Z INFO [265/900] 516c4487-344e-407c-ba97-19b26a50cab9: 120 groups; 4.5 s; peak memory 1103 MiB.
2026-10-06T12:59:30Z INFO [266/900] 516c5856-84e7-44a9-84b9-df2db3ca1abb: 28 groups; 0.8 s; peak memory 1103 MiB.
2026-10-06T12:59:30Z INFO [267/900] 516c5a7f-1e05-43bc-87e6-426c13566e81: 16 groups; 0.4 s; peak memory 1103 MiB.
2026-10-06T12:59:33Z INFO [268/900] 516e0a21-5ba3-427d-ac42-d1e5f46b1d46: 181 groups; 2.7 s; peak memory 1103 MiB.
2026-10-06T12:59:34Z INFO [269/900] 516e133b-f61e-43cf-b97d-08f1d50aa55c: 32 groups; 1.0 s; peak memory 1103 MiB.
2026-10-06T12:59:36Z INFO [270/900] 516e7e76-9f4d-45fd-b48a-57be0a95aab2: 68 groups; 2.2 s; peak memory 1103 MiB.
2026-10-06T12:59:37Z INFO [271/900] 516f25d9-ed23-4b59-9ee8-0a841016f080: 31 groups; 1.1 s; peak memory 1103 MiB.
2026-10-06T12:59:38Z INFO [272/900] 516f680f-6125-4fa8-9984-e96245816b31: 22 groups; 0.6 s; peak memory 1103 MiB.
2026-10-06T12:59:38Z INFO [273/900] 51713084-0b6f-4780-b495-14f012805976: 31 groups; 0.4 s; peak memory 1103 MiB.
2026-10-06T12:59:39Z INFO [274/900] 517222e1-a6b9-40a1-a9fb-8a251d40d048: 22 groups; 0.6 s; peak memory 1103 MiB.
2026-10-06T12:59:39Z INFO [275/900] 51742092-5c81-4dce-968d-45cd47f68d7f: 16 groups; 0.4 s; peak memory 1103 MiB.
2026-10-06T12:59:40Z INFO [276/900] 51747fcc-c398-40db-b7be-805ad79463d9: 36 groups; 1.1 s; peak memory 1103 MiB.
2026-10-06T12:59:41Z INFO [277/900] 5174b3b9-51df-471f-bdc6-a31834e1804b: 22 groups; 0.7 s; peak memory 1103 MiB.
2026-10-06T12:59:42Z INFO [278/900] 51754538-c1ed-4280-81b7-3be7375491af: 35 groups; 0.7 s; peak memory 1103 MiB.
2026-10-06T12:59:42Z INFO [279/900] 51761ed0-9f47-424f-988b-2b7f8bde02b7: 25 groups; 0.5 s; peak memory 1103 MiB.
2026-10-06T12:59:49Z INFO [280/900] 5177f847-36a7-438d-bf9c-67c513bd1dec: 262 groups; 6.6 s; peak memory 1103 MiB.
2026-10-06T12:59:51Z INFO [281/900] 517825c1-7ab2-4659-9537-56c288948d50: 111 groups; 2.0 s; peak memory 1103 MiB.
2026-10-06T12:59:52Z INFO [282/900] 517855ed-4c69-471b-a4f6-6582125fb63b: 41 groups; 0.9 s; peak memory 1103 MiB.
2026-10-06T12:59:56Z INFO [283/900] 5178c29a-60b9-418b-af53-fe30746ca5b9: 150 groups; 4.3 s; peak memory 1103 MiB.
2026-10-06T12:59:57Z INFO [284/900] 5178f746-6f90-4d71-8507-1c015d7f46b2: 32 groups; 0.7 s; peak memory 1103 MiB.
2026-10-06T12:59:58Z INFO [285/900] 5179496f-c942-49fe-b9c7-29a96cdf91fd: 32 groups; 0.7 s; peak memory 1103 MiB.
2026-10-06T12:59:58Z INFO [286/900] 5179aa48-0859-425d-8fd8-98fa24f25003: 22 groups; 0.8 s; peak memory 1103 MiB.
2026-10-06T13:00:00Z INFO [287/900] 517a8819-49ad-4630-b2c9-0b06865dec97: 50 groups; 1.8 s; peak memory 1103 MiB.
2026-10-06T13:00:05Z INFO [288/900] 517adbb9-e417-450a-b57f-767cb577b15f: 85 groups; 5.4 s; peak memory 1103 MiB.
2026-10-06T13:00:06Z INFO [289/900] 517b0d98-d60f-400d-82eb-c67815301756: 32 groups; 0.7 s; peak memory 1103 MiB.
2026-10-06T13:00:07Z INFO [290/900] 517b4621-ed08-4ac4-a758-8423c2ed3d68: 32 groups; 0.8 s; peak memory 1103 MiB.
2026-10-06T13:00:08Z INFO [291/900] 517c4f7c-a402-422a-aa5e-7f2409541c36: 22 groups; 0.7 s; peak memory 1103 MiB.
2026-10-06T13:02:34Z INFO [292/900] 517cafb3-4061-419f-bd60-c02428c25626: 81 groups; 146.1 s; peak memory 1103 MiB.
2026-10-06T13:02:38Z INFO [293/900] 517d38a2-4a96-44f4-b237-2e916c5b0290: 67 groups; 3.8 s; peak memory 1103 MiB.
2026-10-06T13:02:44Z INFO [294/900] 517d4160-2026-4a68-8302-97f748aa27fa: 33 groups; 6.0 s; peak memory 1103 MiB.
2026-10-06T13:02:44Z INFO [295/900] 517db870-1cc5-44e8-8ebb-abea8718c844: 35 groups; 0.9 s; peak memory 1103 MiB.
2026-10-06T13:02:45Z INFO [296/900] 517e2336-55cf-4cf8-b6d5-ff185064e48b: 35 groups; 1.0 s; peak memory 1103 MiB.
2026-10-06T13:02:51Z INFO [297/900] 517ed7e3-114b-4aa3-81fc-8e85598699c5: 36 groups; 5.4 s; peak memory 1103 MiB.
2026-10-06T13:02:55Z INFO [298/900] 518058ae-f3b9-42ba-8c20-a20bd581f2c7: 34 groups; 4.6 s; peak memory 1103 MiB.
2026-10-06T13:02:56Z INFO [299/900] 518076b3-9b3c-4c27-9b4b-44dc61276d3a: 195 groups; 1.0 s; peak memory 1103 MiB.
2026-10-06T13:09:15Z INFO [300/900] 5180e0c5-c6f5-4ab8-804b-bf4b0596dafd: 35 groups; 378.9 s; peak memory 1194 MiB.
2026-10-06T13:09:16Z INFO [300/900] 5180e0c5-c6f5-4ab8-804b-bf4b0596dafd: checkpointed 86236 records.
2026-10-06T13:09:16Z INFO [301/900] 51811c5b-cd14-422d-a799-c73f9d681f91: 21 groups; 0.7 s; peak memory 1194 MiB.
2026-10-06T13:09:17Z INFO [302/900] 51813dc4-b6ab-4024-b9e5-426507f31a44: 35 groups; 1.0 s; peak memory 1194 MiB.
2026-10-06T13:09:18Z INFO [303/900] 51826b60-6c53-4e7d-820d-a33fa3885b43: 35 groups; 0.9 s; peak memory 1194 MiB.
2026-10-06T13:09:19Z INFO [304/900] 518309e0-2b76-4f04-999e-77b8ecaf7a8b: 22 groups; 0.9 s; peak memory 1194 MiB.
2026-10-06T13:09:19Z INFO [305/900] 51839ba2-2214-4bcf-849d-5808d340c19e: 24 groups; 0.5 s; peak memory 1194 MiB.
2026-10-06T13:09:20Z INFO [306/900] 5183b50a-773b-44f6-af62-30a95081aa04: 28 groups; 0.5 s; peak memory 1194 MiB.
2026-10-06T13:09:21Z INFO [307/900] 518439c7-7881-4e56-8e2a-f9d6ea2fbf5d: 22 groups; 0.7 s; peak memory 1194 MiB.
2026-10-06T13:09:21Z INFO [308/900] 51845760-4c5d-492b-807f-40f650e983f3: 16 groups; 0.5 s; peak memory 1194 MiB.
2026-10-06T13:09:22Z INFO [309/900] 518656c1-3f58-4162-9407-2c6c20e5f26a: 41 groups; 0.6 s; peak memory 1194 MiB.
2026-10-06T13:09:47Z INFO [310/900] 5187b3cd-6256-44be-a615-8b8f21aa321b: 23 groups; 25.7 s; peak memory 1194 MiB.
2026-10-06T13:09:48Z INFO [311/900] 5187cc8d-6de3-4aa8-b9bf-be21c900b45d: 32 groups; 0.9 s; peak memory 1194 MiB.
2026-10-06T13:09:49Z INFO [312/900] 518986b8-c760-4997-bfbe-ba17b812e22e: 32 groups; 0.8 s; peak memory 1194 MiB.
2026-10-06T13:09:49Z INFO [313/900] 518a2a7a-d446-469a-b3ec-03b5c840476b: 16 groups; 0.4 s; peak memory 1194 MiB.
2026-10-06T13:09:50Z INFO [314/900] 518a567d-3a9a-4b9c-adca-d27b246c5ab2: 32 groups; 0.7 s; peak memory 1194 MiB.
2026-10-06T13:09:54Z INFO [315/900] 518a8c55-25c9-4053-8ea8-30fc4d46b235: 181 groups; 3.3 s; peak memory 1194 MiB.
2026-10-06T13:09:54Z INFO [316/900] 518a8e5f-7cde-46e0-88bf-182f1e5cea2f: 22 groups; 0.9 s; peak memory 1194 MiB.
2026-10-06T13:09:56Z INFO [317/900] 518ac0c8-7db5-41df-b270-47505f511389: 48 groups; 1.8 s; peak memory 1194 MiB.
2026-10-06T13:09:57Z INFO [318/900] 518b433d-1b0d-4c61-8f53-e141ccf002c8: 30 groups; 0.5 s; peak memory 1194 MiB.
2026-10-06T13:10:02Z INFO [319/900] 518bd2ea-0856-4bf3-8f52-16a7e92004bf: 78 groups; 4.8 s; peak memory 1194 MiB.
2026-10-06T13:10:02Z INFO [320/900] 518bf307-b1eb-4a96-b28d-8bc7f42f9a1d: 32 groups; 0.7 s; peak memory 1194 MiB.
2026-10-06T13:10:08Z INFO [321/900] 518c54a2-e2fa-4c20-af99-74846e21433c: 172 groups; 5.9 s; peak memory 1194 MiB.
2026-10-06T13:10:09Z INFO [322/900] 518c662e-92bb-485a-a6b2-1de9cb785765: 32 groups; 0.7 s; peak memory 1194 MiB.
2026-10-06T13:10:16Z INFO [323/900] 518c704f-4a52-4f9d-8803-907ad7b0d02b: 70 groups; 6.9 s; peak memory 1194 MiB.
2026-10-06T13:10:16Z INFO [324/900] 518cb863-b478-488c-84c2-6e65a1b3d270: 22 groups; 0.7 s; peak memory 1194 MiB.
2026-10-06T13:10:17Z INFO [325/900] 518f294b-2558-453e-851f-0ff545c21039: 22 groups; 0.7 s; peak memory 1194 MiB.
2026-10-06T13:10:18Z INFO [326/900] 518fefd8-9789-43a7-855f-685789933342: 254 groups; 0.7 s; peak memory 1194 MiB.
2026-10-06T13:10:19Z INFO [327/900] 5190790f-9dbe-4671-8b68-e9259dd24854: 202 groups; 1.1 s; peak memory 1194 MiB.
2026-10-06T13:10:20Z INFO [328/900] 5191519c-55bd-481a-82ce-8b2a8cfe8998: 202 groups; 1.1 s; peak memory 1194 MiB.
2026-10-06T13:10:21Z INFO [329/900] 5191d7e8-361a-4206-b005-af53b62ef41c: 22 groups; 0.6 s; peak memory 1194 MiB.
2026-10-06T13:10:21Z INFO [330/900] 51921374-9a12-4839-8145-17f4f777fbd3: 32 groups; 0.7 s; peak memory 1194 MiB.
2026-10-06T13:10:22Z INFO [331/900] 5192d2d8-81bd-4432-9198-d9105be167c7: 16 groups; 0.5 s; peak memory 1194 MiB.
2026-10-06T13:10:22Z INFO [332/900] 51931171-7b7e-491b-b4e4-b0199d41374d: 22 groups; 0.6 s; peak memory 1194 MiB.
2026-10-06T13:10:23Z INFO [333/900] 51934eb8-69d6-4fab-9378-365e72a738bd: 22 groups; 0.8 s; peak memory 1194 MiB.
2026-10-06T13:10:24Z INFO [334/900] 5193e757-cb74-4ec0-af53-e11659d2b4a5: 35 groups; 0.8 s; peak memory 1194 MiB.
2026-10-06T13:10:25Z INFO [335/900] 5194ecf8-acd6-450a-90ce-d8c20ba6cae7: 33 groups; 0.7 s; peak memory 1194 MiB.
2026-10-06T13:10:27Z INFO [336/900] 51951ccb-fdc9-4945-892a-a746d90b458a: 48 groups; 2.0 s; peak memory 1194 MiB.
2026-10-06T13:10:43Z INFO [337/900] 5195feba-5c2d-46de-bb92-550534ea33c0: 157 groups; 16.2 s; peak memory 1194 MiB.
2026-10-06T13:10:44Z INFO [338/900] 5196db75-c098-4cd8-a978-f9c293e6f2c9: 202 groups; 1.2 s; peak memory 1194 MiB.
2026-10-06T13:10:49Z INFO [339/900] 5196f7c7-d3f0-4fc4-aee3-9cbb73b796d0: 34 groups; 4.9 s; peak memory 1194 MiB.
2026-10-06T13:10:57Z INFO [340/900] 5197e81e-edd0-40a2-8b47-5316d25a20c3: 33 groups; 7.5 s; peak memory 1194 MiB.
2026-10-06T13:10:57Z INFO [341/900] 519814c6-9791-4822-ad8c-e98e6720baca: 253 groups; 0.9 s; peak memory 1194 MiB.
2026-10-06T13:10:58Z INFO [342/900] 5198c42e-4727-4e66-9a2a-14b6d3a27227: 25 groups; 0.7 s; peak memory 1194 MiB.
2026-10-06T13:11:00Z INFO [343/900] 51991448-d3f1-47c6-bbce-5a8d4d18d2f2: 193 groups; 1.5 s; peak memory 1194 MiB.
2026-10-06T13:11:05Z INFO [344/900] 519afa07-31d1-4012-a633-cc47e43f08a0: 123 groups; 5.0 s; peak memory 1194 MiB.
2026-10-06T13:11:05Z INFO [345/900] 519b2103-ee02-4a4a-a6d3-1a509a03796e: 22 groups; 0.7 s; peak memory 1194 MiB.
2026-10-06T13:11:07Z INFO [346/900] 519c727f-4c15-403e-9c79-00246c40e65d: 206 groups; 1.2 s; peak memory 1194 MiB.
2026-10-06T13:11:10Z INFO [347/900] 519cfaab-e197-4a3a-a35a-f4aef8041b1c: 169 groups; 3.7 s; peak memory 1194 MiB.
2026-10-06T13:11:11Z INFO [348/900] 519d16f2-0d0f-44f1-8269-abf73979d168: 22 groups; 0.6 s; peak memory 1194 MiB.
2026-10-06T13:11:11Z INFO [349/900] 519d44b9-5327-4eb3-bbef-65a565070b23: 22 groups; 0.6 s; peak memory 1194 MiB.
2026-10-06T13:11:45Z INFO [350/900] 519e15d6-e04c-4b1e-b17b-55eaca4fc939: 26 groups; 33.3 s; peak memory 1194 MiB.
2026-10-06T13:11:45Z INFO [350/900] 519e15d6-e04c-4b1e-b17b-55eaca4fc939: checkpointed 86286 records.
2026-10-06T13:11:47Z INFO [351/900] 519fb692-9643-45f2-98af-f5a34ffe7f5f: 50 groups; 1.7 s; peak memory 1194 MiB.
2026-10-06T13:11:47Z INFO [352/900] 51a062c7-7aab-4004-80ed-81ab016448cf: 22 groups; 0.7 s; peak memory 1194 MiB.
2026-10-06T13:11:48Z INFO [353/900] 51a0ed01-b08b-45bf-8e95-51d3d9d80a1c: 22 groups; 0.8 s; peak memory 1194 MiB.
2026-10-06T13:11:49Z INFO [354/900] 51a20829-b254-43e4-a209-9357ec8b49c9: 341 groups; 1.1 s; peak memory 1194 MiB.
2026-10-06T13:11:50Z INFO [355/900] 51a27ba9-3427-485c-a7d4-2c1ddeef4fbb: 32 groups; 0.8 s; peak memory 1194 MiB.
2026-10-06T13:11:51Z INFO [356/900] 51a2e08a-2e9b-4f62-9876-354d8da55d60: 341 groups; 1.0 s; peak memory 1194 MiB.
2026-10-06T13:11:51Z INFO [357/900] 51a3679a-2cbe-4afa-b7d6-4fe2444863ac: 31 groups; 0.4 s; peak memory 1194 MiB.
2026-10-06T13:11:52Z INFO [358/900] 51a394d8-73d3-4dfd-b054-bb22ea95484f: 21 groups; 0.7 s; peak memory 1194 MiB.
2026-10-06T13:11:53Z INFO [359/900] 51a3cbce-9443-4a93-b670-eccad58e7d93: 35 groups; 0.9 s; peak memory 1194 MiB.
2026-10-06T13:11:59Z INFO [360/900] 51a407cc-4a3a-4bd3-b194-f6f2883eb571: 27 groups; 6.5 s; peak memory 1194 MiB.
2026-10-06T13:12:07Z INFO [361/900] 51a42128-08f2-4d2d-a325-4997302a368d: 76 groups; 8.0 s; peak memory 1194 MiB.
2026-10-06T13:12:09Z INFO [362/900] 51a43673-c8b5-4712-a42d-2b2bddf8150b: 341 groups; 1.3 s; peak memory 1194 MiB.
2026-10-06T13:12:09Z INFO [363/900] 51a4587e-00e5-4a01-8af4-224a60d23a46: 22 groups; 0.8 s; peak memory 1194 MiB.
2026-10-06T13:12:11Z INFO [364/900] 51a4b6af-8dd0-4f89-80cb-68845889a892: 259 groups; 1.1 s; peak memory 1194 MiB.
2026-10-06T13:12:11Z INFO [365/900] 51a4fc20-4bdd-45f6-af6b-b8cdc2a72d11: 35 groups; 0.7 s; peak memory 1194 MiB.
2026-10-06T13:12:12Z INFO [366/900] 51a525e8-05e4-4fd5-90b1-1805362a8599: 32 groups; 0.6 s; peak memory 1194 MiB.
2026-10-06T13:12:17Z INFO [367/900] 51a5a72b-5390-49c7-8f1c-9e9a2e83c625: 66 groups; 4.6 s; peak memory 1194 MiB.
2026-10-06T13:12:22Z INFO [368/900] 51a60457-d221-48b2-9295-2ec37965de38: 38 groups; 5.7 s; peak memory 1194 MiB.
2026-10-06T13:12:23Z INFO [369/900] 51a62ab5-1412-4c9e-90c2-7b98266bf5ff: 27 groups; 0.5 s; peak memory 1194 MiB.
2026-10-06T13:12:34Z INFO [370/900] 51a83b13-25fb-4ab5-b094-ddac787ea0d1: 278 groups; 11.4 s; peak memory 1194 MiB.
2026-10-06T13:12:35Z INFO [371/900] 51a87c36-fe76-4e79-aa63-dfeceacc4252: 35 groups; 0.8 s; peak memory 1194 MiB.
2026-10-06T13:12:37Z INFO [372/900] 51a8be92-94a0-4e3d-ae4f-813b11b65a99: 37 groups; 1.6 s; peak memory 1194 MiB.
2026-10-06T13:12:37Z INFO [373/900] 51a8f26c-f3e5-412a-9eef-95aba4311e12: 29 groups; 0.6 s; peak memory 1194 MiB.
2026-10-06T13:12:40Z INFO [374/900] 51a93616-f27b-4adc-bdce-9f128a3f1e38: 122 groups; 2.9 s; peak memory 1194 MiB.
2026-10-06T13:12:41Z INFO [375/900] 51a9853f-8309-49b7-a02c-2bc6b926eaae: 25 groups; 0.6 s; peak memory 1194 MiB.
2026-10-06T13:12:55Z INFO [376/900] 51ab90a6-716f-4f08-8024-29ab90193efd: 18 groups; 14.6 s; peak memory 1194 MiB.
2026-10-06T13:12:56Z INFO [377/900] 51ac44ba-c178-466a-b962-991953fd7696: 35 groups; 0.9 s; peak memory 1194 MiB.
2026-10-06T13:12:57Z INFO [378/900] 51acaae9-7a2e-45d4-b433-6f7872c38a63: 32 groups; 1.0 s; peak memory 1194 MiB.
2026-10-06T13:15:21Z INFO [379/900] 51af9232-94da-4ebb-a287-00959b979582: 68 groups; 143.5 s; peak memory 1194 MiB.
2026-10-06T13:15:33Z INFO [380/900] 51afb423-91df-46a2-9928-277d983dc81f: 22 groups; 12.5 s; peak memory 1194 MiB.
2026-10-06T13:15:34Z INFO [381/900] 51b09283-debe-4e0b-875d-00be3bb11f5f: 35 groups; 0.9 s; peak memory 1194 MiB.
2026-10-06T13:15:35Z INFO [382/900] 51b0ad58-43e3-4ae5-90b3-fc16ee2c01e2: 32 groups; 0.8 s; peak memory 1194 MiB.
2026-10-06T13:15:37Z INFO [383/900] 51b21878-cb19-4340-9935-22ca6318ab2d: 48 groups; 1.9 s; peak memory 1194 MiB.
2026-10-06T13:15:42Z INFO [384/900] 51b22e82-8fa8-4f74-a2ef-14bb6f5100eb: 36 groups; 5.5 s; peak memory 1194 MiB.
2026-10-06T13:15:44Z INFO [385/900] 51b32585-12e3-49a2-ba87-353afb7804ef: 67 groups; 1.8 s; peak memory 1194 MiB.
2026-10-06T13:15:45Z INFO [386/900] 51b35705-67c9-48e9-8b5f-6bfaa0434391: 21 groups; 0.8 s; peak memory 1194 MiB.
2026-10-06T13:15:46Z INFO [387/900] 51b3956d-b0f8-4319-840a-0c4d64cb6784: 18 groups; 0.8 s; peak memory 1194 MiB.
2026-10-06T13:15:47Z INFO [388/900] 51b47c31-7101-400e-af79-12108c3a4434: 31 groups; 1.2 s; peak memory 1194 MiB.
2026-10-06T13:15:50Z INFO [389/900] 51b4d96d-9c1e-4920-9bd1-ffce3d558cf5: 191 groups; 2.7 s; peak memory 1194 MiB.
2026-10-06T13:15:50Z INFO [390/900] 51b51c20-ed45-4a42-9a67-767979245123: 22 groups; 0.8 s; peak memory 1194 MiB.
2026-10-06T13:15:54Z INFO [391/900] 51b57d2d-fb0c-433d-ab4b-60081ebf7227: 67 groups; 3.5 s; peak memory 1194 MiB.
2026-10-06T13:15:54Z INFO [392/900] 51b5eb48-2552-4060-8fe3-b7c20ce8e726: 28 groups; 0.6 s; peak memory 1194 MiB.
2026-10-06T13:16:01Z INFO [393/900] 51b66170-a9ca-402b-a2f3-7d845f3b89b6: 159 groups; 6.9 s; peak memory 1194 MiB.
2026-10-06T13:16:02Z INFO [394/900] 51b673ca-a12e-4957-9ca7-5492d7232c31: 33 groups; 0.7 s; peak memory 1194 MiB.
2026-10-06T13:16:03Z INFO [395/900] 51b6ddfc-9eef-4393-91eb-2c68871d5827: 16 groups; 0.6 s; peak memory 1194 MiB.
2026-10-06T13:16:05Z INFO [396/900] 51b71440-0546-4cc5-9f1d-7cad45795d01: 48 groups; 2.0 s; peak memory 1194 MiB.
2026-10-06T13:16:05Z INFO [397/900] 51b71b30-2709-4364-98cc-18be1fc7d70c: 202 groups; 0.7 s; peak memory 1194 MiB.
2026-10-06T13:16:06Z INFO [398/900] 51b84261-b1c7-44ed-95c4-0495a3fde4f6: 22 groups; 0.7 s; peak memory 1194 MiB.
2026-10-06T13:16:07Z INFO [399/900] 51b87d7f-44d8-48a1-94f5-ff94017eb0da: 35 groups; 0.7 s; peak memory 1194 MiB.
2026-10-06T13:16:10Z INFO [400/900] 51b8b73c-9c13-40d9-ad01-4c3607dce0b7: 74 groups; 3.0 s; peak memory 1194 MiB.
2026-10-06T13:16:10Z INFO [400/900] 51b8b73c-9c13-40d9-ad01-4c3607dce0b7: checkpointed 86336 records.
2026-10-06T13:16:11Z INFO [401/900] 51b9cb8a-1ddc-4608-bd1f-ac72169714cb: 22 groups; 0.6 s; peak memory 1194 MiB.
2026-10-06T13:16:15Z INFO [402/900] 51bb8c94-b1a9-4e97-9a6e-0b0dcf083526: 145 groups; 4.4 s; peak memory 1194 MiB.
2026-10-06T13:16:16Z INFO [403/900] 51bc42da-28c1-487c-babe-524c94db5f80: 16 groups; 0.6 s; peak memory 1194 MiB.
2026-10-06T13:16:16Z INFO [404/900] 51bc5739-7d17-4b4d-bc89-427dba47224f: 35 groups; 0.8 s; peak memory 1194 MiB.
2026-10-06T13:16:18Z INFO [405/900] 51bcf5b3-91fb-46a6-9cd9-70d437260f3d: 195 groups; 1.2 s; peak memory 1194 MiB.
2026-10-06T13:16:20Z INFO [406/900] 51bd3ac2-19fe-48c4-95c1-8d63667f0908: 34 groups; 2.1 s; peak memory 1194 MiB.
2026-10-06T13:16:26Z INFO [407/900] 51bdd631-b482-4a89-a976-bc2d864ef9c5: 168 groups; 6.4 s; peak memory 1194 MiB.
2026-10-06T13:16:27Z INFO [408/900] 51becd0b-7092-4d3b-a30b-dbd2c0493b16: 32 groups; 0.9 s; peak memory 1194 MiB.
2026-10-06T13:16:28Z INFO [409/900] 51bf7775-9d86-498b-99bf-5c80fcf65dab: 35 groups; 0.8 s; peak memory 1194 MiB.
2026-10-06T13:16:28Z INFO [410/900] 51c0c51d-14dd-402b-ba1b-6f86ad021b4d: 32 groups; 0.7 s; peak memory 1194 MiB.
2026-10-06T13:16:29Z INFO [411/900] 51c14a32-bc78-48e8-a283-2f2f5e29daf8: 32 groups; 0.7 s; peak memory 1194 MiB.
2026-10-06T13:18:00Z INFO [412/900] 51c262d4-2948-4d0e-9274-b6b052c213ee: 35 groups; 91.1 s; peak memory 1194 MiB.
2026-10-06T13:20:09Z INFO [413/900] 51c3855b-0ee3-40d4-8fb2-e397db0e908d: 2906 groups; 128.7 s; peak memory 1194 MiB.
2026-10-06T13:20:10Z INFO [414/900] 51c4913a-89bf-4b10-bd13-5baee9f0d18d: 33 groups; 0.9 s; peak memory 1194 MiB.
2026-10-06T13:20:11Z INFO [415/900] 51c5c1ef-c81e-401f-ab27-04ed9c3e8c6f: 22 groups; 0.7 s; peak memory 1194 MiB.
2026-10-06T13:20:12Z INFO [416/900] 51c62e99-1d2d-40c5-9daf-8960398ca7bd: 195 groups; 1.0 s; peak memory 1194 MiB.
2026-10-06T13:20:13Z INFO [417/900] 51c6a540-6fef-4975-b34a-3084c2062603: 206 groups; 1.5 s; peak memory 1194 MiB.
2026-10-06T13:20:14Z INFO [418/900] 51c6d968-2034-4f8f-8cce-a31dbbe5f1d5: 21 groups; 0.7 s; peak memory 1194 MiB.
2026-10-06T13:20:14Z INFO [419/900] 51c787a9-ebd5-4514-857b-fafba037af46: 22 groups; 0.7 s; peak memory 1194 MiB.
2026-10-06T13:20:18Z INFO [420/900] 51c7ca73-9370-49c4-bfe1-676d249e7827: 146 groups; 3.6 s; peak memory 1194 MiB.
2026-10-06T13:20:19Z INFO [421/900] 51c8045d-9930-4616-969d-ccc57bc95ec7: 32 groups; 0.8 s; peak memory 1194 MiB.
2026-10-06T13:20:20Z INFO [422/900] 51c867eb-8cef-4bec-947e-4ddd76c87317: 22 groups; 0.7 s; peak memory 1194 MiB.
2026-10-06T13:20:20Z INFO [423/900] 51c8f96d-501a-44bc-a5df-686453fd8837: 35 groups; 0.7 s; peak memory 1194 MiB.
2026-10-06T13:20:21Z INFO [424/900] 51c96214-58cb-44ef-9a20-86ce6112ab4e: 36 groups; 0.9 s; peak memory 1194 MiB.
2026-10-06T13:20:22Z INFO [425/900] 51c9b713-6640-4dd3-9bfc-f23c2610111e: 22 groups; 0.8 s; peak memory 1194 MiB.
2026-10-06T13:20:23Z INFO [426/900] 51ca8db9-1338-45b6-be8c-b144c01dd0ae: 25 groups; 0.7 s; peak memory 1194 MiB.
2026-10-06T13:22:32Z INFO [427/900] 51caf65d-061c-4e25-9b85-9883a404da8b: 71 groups; 129.9 s; peak memory 1194 MiB.
2026-10-06T13:22:35Z INFO [428/900] 51cb132a-2102-4357-9eb1-fd532d4d0256: 50 groups; 2.2 s; peak memory 1194 MiB.
2026-10-06T13:22:35Z INFO [429/900] 51cb3574-1227-409a-85a1-0d141901cf5f: 87 groups; 0.8 s; peak memory 1194 MiB.
2026-10-06T13:22:42Z INFO [430/900] 51cb3602-a93b-49f8-ba19-f55da1b65e48: 225 groups; 6.4 s; peak memory 1194 MiB.
2026-10-06T13:22:53Z INFO [431/900] 51cb5040-eef0-498e-957e-6024f20c8ab2: 207 groups; 10.8 s; peak memory 1194 MiB.
2026-10-06T13:22:53Z INFO [432/900] 51cbae8a-b31f-4bcf-8abb-eb284ab5c433: 32 groups; 0.7 s; peak memory 1194 MiB.
2026-10-06T13:22:58Z INFO [433/900] 51cc42e0-bf07-4a00-b8b6-01abda2c9e7b: 199 groups; 4.7 s; peak memory 1194 MiB.
2026-10-06T13:23:05Z INFO [434/900] 51cc4e5e-a922-487b-aeae-4dc52f73db98: 238 groups; 7.0 s; peak memory 1194 MiB.
2026-10-06T13:23:06Z INFO [435/900] 51ccfc4f-966a-4b05-bf1f-a9c1309ca012: 35 groups; 0.8 s; peak memory 1194 MiB.
2026-10-06T13:23:10Z INFO [436/900] 51cdb930-193a-498f-bd2b-86daf6f05b18: 100 groups; 4.2 s; peak memory 1194 MiB.
2026-10-06T13:25:42Z INFO [437/900] 51cdca01-8ba3-47e3-bcc5-277e6e49740b: 77 groups; 152.3 s; peak memory 1194 MiB.
2026-10-06T13:25:43Z INFO [438/900] 51cde7e1-8446-4a29-bb1a-627b27e333fb: 32 groups; 0.7 s; peak memory 1194 MiB.
2026-10-06T13:25:49Z INFO [439/900] 51cf572f-b1cf-4ab7-a8e3-bae1cc4cd0b6: 215 groups; 6.4 s; peak memory 1194 MiB.
2026-10-06T13:25:50Z INFO [440/900] 51cf877f-d9cc-4960-9f60-0d7210dbf26c: 30 groups; 0.5 s; peak memory 1194 MiB.
2026-10-06T13:25:50Z INFO [441/900] 51d0965b-22cb-4a39-bb2f-dc79a029bbc3: 17 groups; 0.5 s; peak memory 1194 MiB.
2026-10-06T14:10:57Z INFO [442/900] 51d0cbb9-0d29-493e-8871-71364dd3d2dd: 51 groups; 2706.2 s; peak memory 1199 MiB.
2026-10-06T14:10:57Z INFO [443/900] 51d0fd04-e75e-46d1-9e4f-aca612e15329: 256 groups; 0.8 s; peak memory 1199 MiB.
2026-10-06T14:10:59Z INFO [444/900] 51d10576-e3d8-4ba3-9c98-691eae9fda58: 48 groups; 2.0 s; peak memory 1199 MiB.
2026-10-06T14:11:04Z INFO [445/900] 51d1250f-4084-4af2-aee2-23f5525add06: 283 groups; 4.4 s; peak memory 1199 MiB.
2026-10-06T14:11:04Z INFO [446/900] 51d1478f-a9f8-4870-a37b-4accadf004c5: 25 groups; 0.7 s; peak memory 1199 MiB.
2026-10-06T14:11:07Z INFO [447/900] 51d1a3e1-78a9-4a9c-93bc-5de1f6c7a0cd: 53 groups; 2.5 s; peak memory 1199 MiB.
2026-10-06T14:11:08Z INFO [448/900] 51d1cfa1-e330-45e7-ac42-d024e33a84fb: 22 groups; 0.8 s; peak memory 1199 MiB.
2026-10-06T14:11:08Z INFO [449/900] 51d25e98-2cdd-4824-bdfa-70a1e56e96ec: 22 groups; 0.6 s; peak memory 1199 MiB.
2026-10-06T14:11:10Z INFO [450/900] 51d2c40e-0fed-4e84-b5c4-30b4025945dd: 34 groups; 1.8 s; peak memory 1199 MiB.
2026-10-06T14:11:10Z INFO [450/900] 51d2c40e-0fed-4e84-b5c4-30b4025945dd: checkpointed 86386 records.
2026-10-06T14:11:11Z INFO [451/900] 51d3359e-ce78-4947-948d-5865fc048682: 31 groups; 0.6 s; peak memory 1199 MiB.
2026-10-06T14:11:17Z INFO [452/900] 51d3c8e6-e6a6-41b0-9a21-bf231c9e74a1: 85 groups; 5.8 s; peak memory 1199 MiB.
2026-10-06T14:11:19Z INFO [453/900] 51d416de-5208-4c21-b5e3-efb5e5956835: 128 groups; 2.6 s; peak memory 1199 MiB.
2026-10-06T14:11:20Z INFO [454/900] 51d51361-ef36-4a3d-9934-86ad096fe457: 30 groups; 0.5 s; peak memory 1199 MiB.
2026-10-06T14:11:20Z INFO [455/900] 51d51744-f248-4633-85ad-7a1a80fe0841: 35 groups; 0.7 s; peak memory 1199 MiB.
2026-10-06T14:11:50Z INFO [456/900] 51d52240-a706-4f03-ac3c-51437a589be0: 23 groups; 29.4 s; peak memory 1199 MiB.
2026-10-06T14:11:51Z INFO [457/900] 51d566f4-0745-447e-9fb1-5cd0e9a87dde: 34 groups; 1.0 s; peak memory 1199 MiB.
2026-10-06T14:11:52Z INFO [458/900] 51d67abb-8228-4ff6-954e-a8795e2f1136: 254 groups; 0.9 s; peak memory 1199 MiB.
2026-10-06T14:11:53Z INFO [459/900] 51d6e9f0-0077-402b-ab09-6188045b6cb1: 22 groups; 0.9 s; peak memory 1199 MiB.
2026-10-06T14:11:53Z INFO [460/900] 51d786c7-b296-4636-902b-cc781a421b6f: 32 groups; 0.7 s; peak memory 1199 MiB.
2026-10-06T14:12:16Z INFO [461/900] 51d90a4b-6073-4026-a0bb-9fcb4304d7d1: 17 groups; 22.6 s; peak memory 1199 MiB.
2026-10-06T14:12:17Z INFO [462/900] 51d912e3-3048-43e4-aa76-20c84f4e478f: 32 groups; 0.7 s; peak memory 1199 MiB.
2026-10-06T14:12:17Z INFO [463/900] 51d94a1a-4b9b-4027-ae5e-da790343df9f: 32 groups; 0.7 s; peak memory 1199 MiB.
2026-10-06T14:12:18Z INFO [464/900] 51d98f89-61dc-44ca-828a-6bb0f5577c85: 22 groups; 0.8 s; peak memory 1199 MiB.
2026-10-06T14:12:28Z INFO [465/900] 51d9c783-5580-4526-9537-860bd73163c0: 22 groups; 10.0 s; peak memory 1199 MiB.
2026-10-06T14:12:29Z INFO [466/900] 51d9e7a2-a7b3-46f4-ba5e-e527904506db: 35 groups; 0.9 s; peak memory 1199 MiB.
2026-10-06T14:12:34Z INFO [467/900] 51db2848-429e-403b-aea5-13963dbb3e12: 120 groups; 4.4 s; peak memory 1199 MiB.
2026-10-06T14:12:34Z INFO [468/900] 51db873b-a404-435d-b857-de888b2a9e48: 22 groups; 0.7 s; peak memory 1199 MiB.
2026-10-06T14:12:35Z INFO [469/900] 51db8ec7-81dc-4c0b-a28e-752ace6cbfb0: 32 groups; 0.7 s; peak memory 1199 MiB.
2026-10-06T14:12:36Z INFO [470/900] 51db9342-fd8f-4255-9a61-a706d8d334a9: 22 groups; 0.8 s; peak memory 1199 MiB.
2026-10-06T14:12:36Z INFO [471/900] 51dbea16-c99b-4ec2-b148-310c557cd111: 35 groups; 0.6 s; peak memory 1199 MiB.
2026-10-06T14:12:37Z INFO [472/900] 51dd3de6-719f-487f-ab39-c46d72b51ba1: 32 groups; 0.9 s; peak memory 1199 MiB.
2026-10-06T14:12:38Z INFO [473/900] 51dd7836-fa3f-439e-a1d7-97355770a4e7: 32 groups; 0.7 s; peak memory 1199 MiB.
2026-10-06T14:12:40Z INFO [474/900] 51dd7b5b-17b6-4fdf-9ef7-259d41b59015: 32 groups; 1.6 s; peak memory 1199 MiB.
2026-10-06T14:12:40Z INFO [475/900] 51dda47d-c696-49ae-95bf-0fee332833df: 22 groups; 0.6 s; peak memory 1199 MiB.
2026-10-06T14:12:41Z INFO [476/900] 51ddecf5-52f6-4bc1-9a50-be64fe01d12d: 35 groups; 0.9 s; peak memory 1199 MiB.
2026-10-06T14:12:42Z INFO [477/900] 51dee86c-cc79-420c-a0f3-1324746f614a: 108 groups; 1.4 s; peak memory 1199 MiB.
2026-10-06T14:12:43Z INFO [478/900] 51dff7bc-068a-4954-98f0-5746e0676eff: 253 groups; 0.9 s; peak memory 1199 MiB.
2026-10-06T14:12:44Z INFO [479/900] 51e17a65-e64e-48ee-84ca-0e7b608d0201: 22 groups; 0.6 s; peak memory 1199 MiB.
2026-10-06T14:12:44Z INFO [480/900] 51e20efa-1b42-4b57-babe-625f60023a85: 16 groups; 0.4 s; peak memory 1199 MiB.
2026-10-06T14:12:45Z INFO [481/900] 51e237b5-1dfe-493e-9c1b-092ad65d6c64: 252 groups; 0.7 s; peak memory 1199 MiB.
2026-10-06T14:12:46Z INFO [482/900] 51e24b5d-0abf-499b-8318-32a2ecb709aa: 46 groups; 0.9 s; peak memory 1199 MiB.
2026-10-06T14:12:47Z INFO [483/900] 51e3d7e5-4569-4951-bbbf-f185ce537e74: 29 groups; 0.7 s; peak memory 1199 MiB.
2026-10-06T14:12:47Z INFO [484/900] 51e44222-faf2-4537-b54c-aaf667b0266c: 29 groups; 0.7 s; peak memory 1199 MiB.
2026-10-06T14:12:54Z INFO [485/900] 51e54926-15e7-4888-bf1a-1cf7743d0d1d: 184 groups; 6.5 s; peak memory 1199 MiB.
2026-10-06T14:12:54Z INFO [486/900] 51e68642-2845-4d02-9fa7-24cfc541a885: 16 groups; 0.4 s; peak memory 1199 MiB.
2026-10-06T14:12:55Z INFO [487/900] 51e75b79-f078-4506-9dd9-60fc5b2d6d50: 32 groups; 0.7 s; peak memory 1199 MiB.
2026-10-06T14:13:00Z INFO [488/900] 51e81b75-ce05-4b37-bc95-f41459a00cc1: 217 groups; 5.1 s; peak memory 1199 MiB.
2026-10-06T14:13:07Z INFO [489/900] 51e8668b-876a-4ae9-b8c6-8d0b817ad649: 36 groups; 6.7 s; peak memory 1199 MiB.
2026-10-06T14:13:08Z INFO [490/900] 51e8e7cf-249f-43be-90af-9a5bcb2b6335: 36 groups; 1.0 s; peak memory 1199 MiB.
2026-10-06T14:13:08Z INFO [491/900] 51eac9b6-5630-4130-a0dc-454a062e615b: 16 groups; 0.4 s; peak memory 1199 MiB.
2026-10-06T14:13:09Z INFO [492/900] 51ebb6b3-8c09-4725-ae5e-cabde191b6f0: 32 groups; 0.7 s; peak memory 1199 MiB.
2026-10-06T14:13:12Z INFO [493/900] 51ebfaa4-42e1-4d44-98cc-09f22c46b4d0: 189 groups; 3.1 s; peak memory 1199 MiB.
2026-10-06T14:13:13Z INFO [494/900] 51ee20ce-f411-4e2b-b041-3cb713fbdd3b: 22 groups; 0.7 s; peak memory 1199 MiB.
2026-10-06T14:13:13Z INFO [495/900] 51ee25a3-11a3-4dbb-b123-bf66363d56a3: 22 groups; 0.6 s; peak memory 1199 MiB.
2026-10-06T14:13:15Z INFO [496/900] 51ee467d-6e6e-477e-8a8b-2b95d1d719d0: 48 groups; 1.9 s; peak memory 1199 MiB.
2026-10-06T14:13:16Z INFO [497/900] 51eef702-6a18-4cc7-bbaf-d1fb92f96d7d: 103 groups; 0.9 s; peak memory 1199 MiB.
2026-10-06T14:13:17Z INFO [498/900] 51ef05a6-d769-42ba-ae79-3811422a6faf: 16 groups; 0.4 s; peak memory 1199 MiB.
2026-10-06T14:13:17Z INFO [499/900] 51ef1cef-abdd-49f1-b3ea-db463b58bc55: 22 groups; 0.6 s; peak memory 1199 MiB.
2026-10-06T14:13:18Z INFO [500/900] 51ef26af-aed8-42cf-aaae-840fcd00fb1a: 40 groups; 1.1 s; peak memory 1199 MiB.
2026-10-06T14:13:19Z INFO [500/900] 51ef26af-aed8-42cf-aaae-840fcd00fb1a: checkpointed 86436 records.
2026-10-06T14:13:19Z INFO [501/900] 51ef2848-8e90-49dc-9325-91d3477d5235: 32 groups; 0.6 s; peak memory 1199 MiB.
2026-10-06T14:13:20Z INFO [502/900] 51ef9f12-bdaa-49fe-891b-8f3d8a8f8e6e: 22 groups; 1.0 s; peak memory 1199 MiB.
2026-10-06T14:13:28Z INFO [503/900] 51effbb5-03a3-4510-bb7c-7ce1460c56ab: 300 groups; 7.8 s; peak memory 1199 MiB.
2026-10-06T14:13:29Z INFO [504/900] 51f023f9-2bd1-465b-a2f9-a63134e19e1c: 22 groups; 0.8 s; peak memory 1199 MiB.
2026-10-06T14:13:30Z INFO [505/900] 51f05f3e-800f-491d-b6c3-4e98f28a6af6: 193 groups; 1.4 s; peak memory 1199 MiB.
2026-10-06T14:13:31Z INFO [506/900] 51f16e8c-1d84-44b4-acba-4af5ce0bebde: 36 groups; 1.3 s; peak memory 1199 MiB.
2026-10-06T14:13:32Z INFO [507/900] 51f17267-e2ff-4eb8-b803-4b74580f635f: 22 groups; 0.8 s; peak memory 1199 MiB.
2026-10-06T14:13:33Z INFO [508/900] 51f1c440-6b50-49b8-a630-e3f8ae139cde: 32 groups; 0.7 s; peak memory 1199 MiB.
2026-10-06T14:13:34Z INFO [509/900] 51f2c70f-ba8c-42a5-bf63-de8e72ca8bbf: 22 groups; 0.8 s; peak memory 1199 MiB.
2026-10-06T14:13:34Z INFO [510/900] 51f2e043-5f29-41af-9e91-8251a3b3e342: 22 groups; 0.8 s; peak memory 1199 MiB.
2026-10-06T14:13:35Z INFO [511/900] 51f441a2-6421-473b-8b83-1523cd71fa2e: 35 groups; 0.8 s; peak memory 1199 MiB.
2026-10-06T14:13:36Z INFO [512/900] 51f470f6-d3bd-41af-9373-ac3bff2ad0ed: 22 groups; 0.8 s; peak memory 1199 MiB.
2026-10-06T14:13:43Z INFO [513/900] 51f4de02-2300-4fed-a51a-20f99e940793: 243 groups; 6.5 s; peak memory 1199 MiB.
2026-10-06T14:13:43Z INFO [514/900] 51f5befb-70ea-4912-8f79-127fc757ead2: 22 groups; 0.7 s; peak memory 1199 MiB.
2026-10-06T14:13:44Z INFO [515/900] 51f6f00a-81f9-4902-a33b-09b79e9af893: 16 groups; 0.5 s; peak memory 1199 MiB.
2026-10-06T14:13:45Z INFO [516/900] 51f7795a-ea68-405f-820a-ea12cd300781: 29 groups; 1.1 s; peak memory 1199 MiB.
2026-10-06T14:13:46Z INFO [517/900] 51f78bdd-b3db-4124-a017-f1f20d97bad4: 22 groups; 0.7 s; peak memory 1199 MiB.
2026-10-06T14:13:46Z INFO [518/900] 51f8ee09-b418-4b8c-90b1-9d8b517f3cc7: 22 groups; 0.8 s; peak memory 1199 MiB.
2026-10-06T14:13:47Z INFO [519/900] 51f98e5f-c29a-43a6-8009-f63e74965967: 22 groups; 0.8 s; peak memory 1199 MiB.
2026-10-06T14:13:48Z INFO [520/900] 51faf3c4-db1c-47b1-b582-07bf06db3c2d: 22 groups; 0.6 s; peak memory 1199 MiB.
2026-10-06T14:13:49Z INFO [521/900] 51fb2369-86a7-46ba-a8f3-94473ec12923: 22 groups; 0.8 s; peak memory 1199 MiB.
2026-10-06T14:13:55Z INFO [522/900] 51fbcfd4-de3c-487a-9bf5-83227af71705: 183 groups; 6.1 s; peak memory 1199 MiB.
2026-10-06T14:13:55Z INFO [523/900] 51fcbbcf-5d5c-4ec2-ad37-28fe2880a373: 22 groups; 0.7 s; peak memory 1199 MiB.
2026-10-06T14:13:56Z INFO [524/900] 51fcf5cb-6610-42cf-9d89-85ef7f473745: 32 groups; 0.8 s; peak memory 1199 MiB.
2026-10-06T14:13:57Z INFO [525/900] 51fd7589-16b1-4b78-9a6d-cc7a636442bf: 22 groups; 0.6 s; peak memory 1199 MiB.
2026-10-06T14:13:57Z INFO [526/900] 51fdce46-b268-4b54-a246-c5747e4cb5de: 30 groups; 0.4 s; peak memory 1199 MiB.
2026-10-06T14:13:58Z INFO [527/900] 51fde0a1-c329-4577-a913-cb95317e4578: 33 groups; 1.0 s; peak memory 1199 MiB.
2026-10-06T14:13:59Z INFO [528/900] 51fdefc5-a3ad-4759-8a51-2470ab55af1c: 35 groups; 0.7 s; peak memory 1199 MiB.
2026-10-06T14:14:00Z INFO [529/900] 51fdf53d-0634-4b04-b078-24ab4094f65e: 22 groups; 0.7 s; peak memory 1199 MiB.
2026-10-06T14:14:00Z INFO [530/900] 51fe4194-f4c5-4a1f-8584-2ca6231a999e: 16 groups; 0.4 s; peak memory 1199 MiB.
2026-10-06T14:14:01Z INFO [531/900] 51fe9fd8-3f93-4543-911e-52da6a6a1c03: 20 groups; 0.6 s; peak memory 1199 MiB.
2026-10-06T14:14:04Z INFO [532/900] 51feab43-ec2f-4fa2-90a2-b0e229730eec: 1331 groups; 3.8 s; peak memory 1199 MiB.
2026-10-06T14:14:05Z INFO [533/900] 51ff1361-886d-454d-a110-3cac68371564: 32 groups; 0.7 s; peak memory 1199 MiB.
2026-10-06T14:14:06Z INFO [534/900] 51ffaea3-706a-4b40-a699-f8951d50a2db: 35 groups; 0.7 s; peak memory 1199 MiB.
2026-10-06T14:14:07Z INFO [535/900] 5200a33e-4482-4b01-8023-d4c3be1d4c41: 32 groups; 0.8 s; peak memory 1199 MiB.
2026-10-06T14:14:11Z INFO [536/900] 5202ed42-fd58-4832-8aae-b403404652c5: 1447 groups; 4.9 s; peak memory 1199 MiB.
2026-10-06T14:14:12Z INFO [537/900] 52036011-9bdc-408c-947f-3ccfead0e64d: 33 groups; 0.7 s; peak memory 1199 MiB.
2026-10-06T14:14:18Z INFO [538/900] 5203e84b-94a8-4c78-9ce8-476a35e3eaab: 64 groups; 6.1 s; peak memory 1199 MiB.
2026-10-06T14:14:20Z INFO [539/900] 5203ecdb-df75-46d3-9a13-7c35f2d383d4: 64 groups; 2.1 s; peak memory 1199 MiB.
2026-10-06T14:15:53Z INFO [540/900] 52044fe0-1108-43d2-a29c-e062723c6ac3: 33 groups; 92.6 s; peak memory 1199 MiB.
2026-10-06T14:15:57Z INFO [541/900] 5205453e-6f31-4e23-b6e4-f8d34f12d5e9: 198 groups; 3.7 s; peak memory 1199 MiB.
2026-10-06T14:15:59Z INFO [542/900] 5206c0a9-b36b-496e-bc0c-c8904a980041: 17 groups; 2.6 s; peak memory 1199 MiB.
2026-10-06T14:16:30Z INFO [543/900] 52075cd3-c9bd-4e90-b5fb-9d24967e7b5e: 23 groups; 31.1 s; peak memory 1199 MiB.
2026-10-06T14:16:35Z INFO [544/900] 520777a4-a788-408a-9d65-3dfeceb0a54d: 220 groups; 4.7 s; peak memory 1199 MiB.
2026-10-06T14:16:36Z INFO [545/900] 52096bae-c10a-4470-aece-08364a53125e: 576 groups; 1.3 s; peak memory 1199 MiB.
2026-10-06T14:16:37Z INFO [546/900] 520a1828-a18c-4109-a15a-5821c07f159f: 32 groups; 0.8 s; peak memory 1199 MiB.
2026-10-06T14:16:41Z INFO [547/900] 520ae7ad-0fae-4b3d-951c-910352ecb0d4: 106 groups; 3.8 s; peak memory 1199 MiB.
2026-10-06T14:16:42Z INFO [548/900] 520b2d60-9f16-4ad7-a8b2-fe81bdb4367e: 22 groups; 0.8 s; peak memory 1199 MiB.
2026-10-06T14:16:42Z INFO [549/900] 520bd7c6-0a25-4946-b3b8-4dd3b1f87661: 26 groups; 0.6 s; peak memory 1199 MiB.
2026-10-06T14:16:43Z INFO [550/900] 520c05c4-c0a9-4c17-866c-19b65acb0e74: 16 groups; 0.4 s; peak memory 1199 MiB.
2026-10-06T14:16:43Z INFO [550/900] 520c05c4-c0a9-4c17-866c-19b65acb0e74: checkpointed 86486 records.
2026-10-06T14:16:45Z INFO [551/900] 520c0c77-1489-41e9-b0a5-894797fde090: 50 groups; 2.2 s; peak memory 1199 MiB.
2026-10-06T14:16:46Z INFO [552/900] 520cc295-66ca-41e4-85ef-174c4ab6687c: 22 groups; 0.7 s; peak memory 1199 MiB.
2026-10-06T14:16:47Z INFO [553/900] 520d29d4-010f-443d-92a9-e278a8e5dac4: 25 groups; 0.7 s; peak memory 1199 MiB.
2026-10-06T14:16:47Z INFO [554/900] 520d96fa-92e2-45dd-bc40-20c6e52f03aa: 25 groups; 0.6 s; peak memory 1199 MiB.
2026-10-06T14:16:48Z INFO [555/900] 520dd1ed-2c9f-4e4f-9d39-d887fa7eee5d: 32 groups; 0.6 s; peak memory 1199 MiB.
2026-10-06T14:16:49Z INFO [556/900] 520e28f5-9b7a-41ed-9252-e8928f8c504b: 202 groups; 0.9 s; peak memory 1199 MiB.
2026-10-06T14:16:50Z INFO [557/900] 520e6ee6-0ee4-4cdc-a6ee-cb9604c30dd7: 54 groups; 1.6 s; peak memory 1199 MiB.
2026-10-06T14:16:56Z INFO [558/900] 520e76a0-c089-4ece-a8d8-5df6abd588b9: 164 groups; 5.6 s; peak memory 1199 MiB.
2026-10-06T14:16:57Z INFO [559/900] 520e9b61-c3cf-42d2-8ac3-4f40542ca2d4: 35 groups; 0.9 s; peak memory 1199 MiB.
2026-10-06T14:16:57Z INFO [560/900] 520eb040-3b8a-432d-bb7a-580e58a353b3: 22 groups; 0.5 s; peak memory 1199 MiB.
2026-10-06T14:16:58Z INFO [561/900] 5210f3d0-cb8d-4c76-9c04-0b4e77b9df41: 17 groups; 0.5 s; peak memory 1199 MiB.
2026-10-06T14:16:58Z INFO [562/900] 52125c98-4fd8-41f4-9306-c5ee49397f0b: 25 groups; 0.7 s; peak memory 1199 MiB.
2026-10-06T14:17:06Z INFO [563/900] 5213edbc-19dd-48a0-8139-1b79902f118a: 265 groups; 7.2 s; peak memory 1199 MiB.
2026-10-06T14:17:06Z INFO [564/900] 52148a47-9a85-4de5-9f6d-3255d70f5d30: 32 groups; 0.7 s; peak memory 1199 MiB.
2026-10-06T14:17:07Z INFO [565/900] 52156358-5717-40a7-b362-bf5963685798: 22 groups; 0.7 s; peak memory 1199 MiB.
2026-10-06T14:17:08Z INFO [566/900] 52177151-0b39-487d-a733-631f31ee3a36: 25 groups; 0.4 s; peak memory 1199 MiB.
2026-10-06T14:17:09Z INFO [567/900] 5217a89c-d8c1-4e86-b711-6cc4f9cf0438: 196 groups; 1.0 s; peak memory 1199 MiB.
2026-10-06T14:17:10Z INFO [568/900] 5218aa39-64f1-4377-a674-f805cce33d31: 35 groups; 1.0 s; peak memory 1199 MiB.
2026-10-06T14:17:10Z INFO [569/900] 52196899-6e2e-4a6d-a389-940794c6a52c: 35 groups; 0.8 s; peak memory 1199 MiB.
2026-10-06T14:17:11Z INFO [570/900] 52198707-a194-43d2-9d38-efc7738a2215: 22 groups; 0.7 s; peak memory 1199 MiB.
2026-10-06T14:17:15Z INFO [571/900] 5219fdcc-4623-47fc-980d-f7e12a34e8b2: 181 groups; 3.6 s; peak memory 1199 MiB.
2026-10-06T14:17:15Z INFO [572/900] 521a4b02-b642-4dbd-b423-f5169c43f8c9: 22 groups; 0.7 s; peak memory 1199 MiB.
2026-10-06T14:17:18Z INFO [573/900] 521aba80-2009-4c37-a676-dec56338bc2e: 134 groups; 2.4 s; peak memory 1199 MiB.
2026-10-06T14:17:19Z INFO [574/900] 521add06-673e-4eec-8441-7296ca6c3aca: 32 groups; 0.7 s; peak memory 1199 MiB.
2026-10-06T14:17:19Z INFO [575/900] 521bd027-ccb6-4dc4-9084-0785879f2adc: 21 groups; 0.8 s; peak memory 1199 MiB.
2026-10-06T14:17:23Z INFO [576/900] 521bebdf-cd96-49db-9fbe-1a972ed25596: 120 groups; 3.3 s; peak memory 1199 MiB.
2026-10-06T14:17:24Z INFO [577/900] 521c6461-2ac6-49bd-a3dd-04313e5cffd3: 35 groups; 1.0 s; peak memory 1199 MiB.
2026-10-06T14:17:24Z INFO [578/900] 521e9751-26c1-49f5-850f-2cbe0d1eeed5: 33 groups; 0.8 s; peak memory 1199 MiB.
2026-10-06T14:17:25Z INFO [579/900] 521eba9e-f706-4880-9449-fe65c9eb9a3e: 52 groups; 1.0 s; peak memory 1199 MiB.
2026-10-06T14:17:26Z INFO [580/900] 521ee0ca-701e-46ba-a054-0b3237c1ca4b: 33 groups; 0.8 s; peak memory 1199 MiB.
2026-10-06T14:17:27Z INFO [581/900] 521f9573-1614-4ef6-b51d-b4ae98569d6b: 16 groups; 0.5 s; peak memory 1199 MiB.
2026-10-06T14:17:28Z INFO [582/900] 521fad14-b522-4056-b8a3-14e059cad228: 48 groups; 1.8 s; peak memory 1199 MiB.
2026-10-06T14:17:30Z INFO [583/900] 521fb089-cf2f-41db-9f19-46bf1a63f08d: 50 groups; 1.9 s; peak memory 1199 MiB.
2026-10-06T14:17:31Z INFO [584/900] 521fc826-aa33-4135-82fb-194dfe92dcbc: 32 groups; 0.8 s; peak memory 1199 MiB.
2026-10-06T14:17:32Z INFO [585/900] 521fd0fa-d8ff-4ab5-9fa2-c88fe41ad2ed: 35 groups; 1.0 s; peak memory 1199 MiB.
2026-10-06T14:17:33Z INFO [586/900] 5221f389-b87e-4d08-b57f-27ee7ad34cc2: 18 groups; 0.6 s; peak memory 1199 MiB.
2026-10-06T14:17:33Z INFO [587/900] 52231d85-ef5d-49a0-9f0c-2779e3a072dd: 33 groups; 0.7 s; peak memory 1199 MiB.
2026-10-06T14:17:34Z INFO [588/900] 522338b0-8446-499c-8e23-9664fbe50496: 35 groups; 0.8 s; peak memory 1199 MiB.
2026-10-06T14:17:36Z INFO [589/900] 522363c8-4d37-4d6b-a25c-2658ec5c92e4: 48 groups; 1.7 s; peak memory 1199 MiB.
2026-10-06T14:17:38Z INFO [590/900] 52247dcf-3edb-4f3c-a265-d70fc669179e: 48 groups; 1.9 s; peak memory 1199 MiB.
2026-10-06T14:17:39Z INFO [591/900] 522480b4-4718-4792-9bed-63033cb22245: 32 groups; 0.7 s; peak memory 1199 MiB.
2026-10-06T14:17:39Z INFO [592/900] 522494a8-bdf1-40e6-a6f8-637e2bae4c02: 256 groups; 0.8 s; peak memory 1199 MiB.
2026-10-06T14:17:40Z INFO [593/900] 5224e217-569f-423e-a06e-05dc1729b7f8: 67 groups; 0.9 s; peak memory 1199 MiB.
2026-10-06T14:17:41Z INFO [594/900] 522541ad-f909-45d4-8ff5-f405067d3889: 196 groups; 0.9 s; peak memory 1199 MiB.
2026-10-06T14:17:42Z INFO [595/900] 5225f6c6-b92f-4a74-9e8f-f5d5286c6f59: 32 groups; 0.7 s; peak memory 1199 MiB.
2026-10-06T14:17:43Z INFO [596/900] 52261418-37b6-493c-be47-e229d869e30c: 27 groups; 0.5 s; peak memory 1199 MiB.
2026-10-06T14:17:43Z INFO [597/900] 52263eda-abdc-4aa1-b445-a33f1d3b5460: 22 groups; 0.7 s; peak memory 1199 MiB.
2026-10-06T14:17:44Z INFO [598/900] 52283c2d-25a2-4c99-9e0a-d89f4aa737ca: 16 groups; 0.4 s; peak memory 1199 MiB.
2026-10-06T14:17:45Z INFO [599/900] 5228a9c8-43b8-4bd8-b6c1-131968e3c255: 17 groups; 1.3 s; peak memory 1199 MiB.
2026-10-06T14:17:45Z INFO [600/900] 52297791-0a5d-4b8c-a0a6-833057c7f8cb: 22 groups; 0.5 s; peak memory 1199 MiB.
2026-10-06T14:17:46Z INFO [600/900] 52297791-0a5d-4b8c-a0a6-833057c7f8cb: checkpointed 86536 records.
2026-10-06T14:17:46Z INFO [601/900] 5229f33c-2121-4770-be5d-7a81693dc623: 32 groups; 0.7 s; peak memory 1199 MiB.
2026-10-06T14:17:47Z INFO [602/900] 522a351c-9dca-45a8-848e-7e0b7df53121: 33 groups; 0.6 s; peak memory 1199 MiB.
2026-10-06T14:17:49Z INFO [603/900] 522ab6ac-7f70-44fe-9072-2eafaa093ab8: 99 groups; 2.1 s; peak memory 1199 MiB.
2026-10-06T14:17:50Z INFO [604/900] 522abb1c-1560-4802-8096-9d57a52c58ff: 33 groups; 0.6 s; peak memory 1199 MiB.
2026-10-06T14:17:50Z INFO [605/900] 522b0203-1e0a-4d78-b181-5817e741ddac: 35 groups; 0.9 s; peak memory 1199 MiB.
2026-10-06T14:17:51Z INFO [606/900] 522c171f-3521-41c0-94c8-f0509ed9b79c: 33 groups; 1.0 s; peak memory 1199 MiB.
2026-10-06T14:17:58Z INFO [607/900] 522c2549-dc9f-41b8-9fcc-d02ed73d141f: 55 groups; 6.1 s; peak memory 1199 MiB.
2026-10-06T14:17:58Z INFO [608/900] 522ca7c8-c254-4206-8a7a-42fdf87dfe84: 20 groups; 0.6 s; peak memory 1199 MiB.
2026-10-06T14:17:59Z INFO [609/900] 522ce401-4366-4a1d-92a1-05959c4b1d0d: 22 groups; 0.8 s; peak memory 1199 MiB.
2026-10-06T14:18:01Z INFO [610/900] 522e2ac0-c44a-4ccf-995d-6abce7942af2: 50 groups; 2.0 s; peak memory 1199 MiB.
2026-10-06T14:18:05Z INFO [611/900] 522f2a4d-6788-4076-8c6c-0500a63f9fa4: 73 groups; 4.3 s; peak memory 1199 MiB.
2026-10-06T14:18:06Z INFO [612/900] 522facc9-0419-414a-bccd-b14c92cede02: 16 groups; 0.4 s; peak memory 1199 MiB.
2026-10-06T14:18:06Z INFO [613/900] 523071ed-e7e7-4c19-8118-15208f0bdad8: 22 groups; 0.7 s; peak memory 1199 MiB.
2026-10-06T14:18:08Z INFO [614/900] 523133a8-8e8f-41ef-a808-c063dc7b7ea9: 35 groups; 2.1 s; peak memory 1199 MiB.
2026-10-06T14:18:12Z INFO [615/900] 52314fb7-0f9c-46d7-b47f-624c544885bb: 75 groups; 3.8 s; peak memory 1199 MiB.
2026-10-06T14:18:13Z INFO [616/900] 5232aadb-d899-4a88-908f-4bcbf316c07b: 16 groups; 0.4 s; peak memory 1199 MiB.
2026-10-06T14:18:13Z INFO [617/900] 5232cb24-0194-481f-9a1e-6ce0852c51ab: 22 groups; 0.7 s; peak memory 1199 MiB.
2026-10-06T14:18:14Z INFO [618/900] 52333ad0-0a71-4552-a3a0-5b2e95e00c72: 196 groups; 0.8 s; peak memory 1199 MiB.
2026-10-06T14:18:15Z INFO [619/900] 52338cb2-6dec-4c3b-abd6-c7ca891ca354: 32 groups; 0.7 s; peak memory 1199 MiB.
2026-10-06T14:18:16Z INFO [620/900] 5233f17f-cb72-4186-8030-4b04445e226d: 17 groups; 1.4 s; peak memory 1199 MiB.
2026-10-06T14:18:18Z INFO [621/900] 5233f654-be39-4c31-b4f2-8350aad812bc: 207 groups; 1.3 s; peak memory 1199 MiB.
2026-10-06T14:18:19Z INFO [622/900] 523417e4-8c15-46a5-8ef6-97d04290fbe1: 207 groups; 1.0 s; peak memory 1199 MiB.
2026-10-06T14:18:19Z INFO [623/900] 52349a31-1b53-48c9-8987-943a8c64ecc3: 32 groups; 0.6 s; peak memory 1199 MiB.
2026-10-06T14:18:20Z INFO [624/900] 5234aa2d-e1eb-4969-82ff-9e710fffcd69: 71 groups; 0.7 s; peak memory 1199 MiB.
2026-10-06T14:18:21Z INFO [625/900] 5234c8dd-6a2e-4d29-833c-e352d6d3be68: 28 groups; 0.7 s; peak memory 1199 MiB.
2026-10-06T14:18:21Z INFO [626/900] 5235138c-a6c0-4363-9df7-24f244264ed9: 35 groups; 0.9 s; peak memory 1199 MiB.
2026-10-06T14:18:22Z INFO [627/900] 5235a7f6-d181-4849-90a3-bd914d8d4ad1: 33 groups; 0.8 s; peak memory 1199 MiB.
2026-10-06T14:18:23Z INFO [628/900] 5235e4b2-939c-4c62-86c7-b027ee79ab0a: 30 groups; 0.5 s; peak memory 1199 MiB.
2026-10-06T14:18:24Z INFO [629/900] 5236495b-cafa-4cbd-951f-12ae636cb258: 48 groups; 1.4 s; peak memory 1199 MiB.
2026-10-06T14:18:25Z INFO [630/900] 5236638c-b0e6-4d15-a191-3adfb3fb031a: 104 groups; 0.9 s; peak memory 1199 MiB.
2026-10-06T14:18:26Z INFO [631/900] 5237ff34-cfee-4301-9b25-709cb3215b1b: 32 groups; 0.7 s; peak memory 1199 MiB.
2026-10-06T14:18:26Z INFO [632/900] 5239dc96-40d4-4d91-9b5a-a1995191d9d2: 33 groups; 0.5 s; peak memory 1199 MiB.
2026-10-06T14:18:27Z INFO [633/900] 523a288c-a31b-451e-98d9-e4ec64255f89: 16 groups; 0.5 s; peak memory 1199 MiB.
2026-10-06T14:18:27Z INFO [634/900] 523af061-8e77-456a-92b1-3f4e205731ea: 18 groups; 0.5 s; peak memory 1199 MiB.
2026-10-06T14:18:28Z INFO [635/900] 523b9bdf-d0c2-4248-aa24-ea5395bbe75c: 22 groups; 0.8 s; peak memory 1199 MiB.
2026-10-06T14:18:29Z INFO [636/900] 523bc2fb-860e-4eee-a091-04ffd19084e0: 32 groups; 0.6 s; peak memory 1199 MiB.
2026-10-06T14:18:29Z INFO [637/900] 523bc529-65cf-4ec1-8abe-ee892a2080eb: 30 groups; 0.6 s; peak memory 1199 MiB.
2026-10-06T14:18:30Z INFO [638/900] 523d4569-d931-48dc-b171-13632bd819bb: 29 groups; 1.0 s; peak memory 1199 MiB.
2026-10-06T14:18:35Z INFO [639/900] 523d7efe-ba9e-4f03-8e4a-d3edfc689ccd: 78 groups; 4.4 s; peak memory 1199 MiB.
2026-10-06T14:18:37Z INFO [640/900] 523d80a7-baa8-43d4-b213-66c7c6a33be5: 58 groups; 2.0 s; peak memory 1199 MiB.
2026-10-06T14:18:37Z INFO [641/900] 523e4e24-8870-4581-8393-d8cc43d258c6: 22 groups; 0.5 s; peak memory 1199 MiB.
2026-10-06T14:19:04Z INFO [642/900] 523e65af-4e06-443d-9d53-7e56110f3f9b: 23 groups; 26.9 s; peak memory 1199 MiB.
2026-10-06T14:19:06Z INFO [643/900] 523e8473-746f-4c96-9889-09881fb28bc1: 54 groups; 1.4 s; peak memory 1199 MiB.
2026-10-06T14:19:06Z INFO [644/900] 523eaa79-954c-4581-a37c-a05e617399d0: 22 groups; 0.8 s; peak memory 1199 MiB.
2026-10-06T14:19:07Z INFO [645/900] 523fcd48-0b13-4fa6-9113-7f3133f562a0: 256 groups; 0.7 s; peak memory 1199 MiB.
2026-10-06T14:19:08Z INFO [646/900] 523fddc2-f637-4675-abd9-607df5cae816: 32 groups; 0.7 s; peak memory 1199 MiB.
2026-10-06T14:19:09Z INFO [647/900] 52400607-59ab-4214-8740-5b281ce37411: 252 groups; 0.8 s; peak memory 1199 MiB.
2026-10-06T14:19:09Z INFO [648/900] 52403ca4-da84-4a59-ba63-f1643228c252: 32 groups; 0.8 s; peak memory 1199 MiB.
2026-10-06T14:19:10Z INFO [649/900] 5240e003-ef9a-4522-853a-248721dcc6d7: 22 groups; 0.7 s; peak memory 1199 MiB.
2026-10-06T14:19:11Z INFO [650/900] 52416408-2d00-4308-bef7-e10609b90352: 22 groups; 0.6 s; peak memory 1199 MiB.
2026-10-06T14:19:11Z INFO [650/900] 52416408-2d00-4308-bef7-e10609b90352: checkpointed 86586 records.
2026-10-06T14:19:12Z INFO [651/900] 52435551-9bae-4d88-ae78-ebe8f1564981: 33 groups; 0.7 s; peak memory 1199 MiB.
2026-10-06T14:19:12Z INFO [652/900] 5243839c-1927-4283-a4e3-8497b014146b: 32 groups; 0.8 s; peak memory 1199 MiB.
2026-10-06T14:19:16Z INFO [653/900] 52440749-e662-4fbc-968b-bd8a47b76c61: 134 groups; 3.5 s; peak memory 1199 MiB.
2026-10-06T14:19:17Z INFO [654/900] 524584e5-2243-4939-b726-5484cdc63a12: 35 groups; 0.9 s; peak memory 1199 MiB.
2026-10-06T14:19:17Z INFO [655/900] 52464039-3027-4aa1-b3f3-cf6946ddd991: 32 groups; 0.8 s; peak memory 1199 MiB.
2026-10-06T14:19:18Z INFO [656/900] 524664de-b3d7-40d4-8503-f5338a59586e: 25 groups; 0.6 s; peak memory 1199 MiB.
2026-10-06T14:19:19Z INFO [657/900] 52470149-5443-49cd-8dec-1ae5f9912e4e: 32 groups; 0.7 s; peak memory 1199 MiB.
2026-10-06T14:19:20Z INFO [658/900] 52482617-235a-4121-9e0a-e77930fd8d2e: 25 groups; 0.9 s; peak memory 1199 MiB.
2026-10-06T14:19:20Z INFO [659/900] 52487051-ac23-4d68-b7f8-5ad2f582e6d9: 22 groups; 0.7 s; peak memory 1199 MiB.
2026-10-06T14:19:32Z INFO [660/900] 524983f7-df1e-49b9-b9db-bc292e9ea5d7: 27 groups; 11.6 s; peak memory 1199 MiB.
2026-10-06T14:19:33Z INFO [661/900] 5249b0c6-d0f6-4b7c-8770-88acd718d18e: 32 groups; 0.6 s; peak memory 1199 MiB.
2026-10-06T14:19:33Z INFO [662/900] 524a309e-41f8-45a5-ba24-cbb5f65c4f20: 24 groups; 0.7 s; peak memory 1199 MiB.
2026-10-06T14:19:34Z INFO [663/900] 524a43dc-592f-4098-bee5-5c6d9f36768a: 201 groups; 0.7 s; peak memory 1199 MiB.
2026-10-06T14:19:35Z INFO [664/900] 524a8942-b5b7-4da9-9d91-72c63ae4d4d0: 17 groups; 0.6 s; peak memory 1199 MiB.
2026-10-06T14:19:35Z INFO [665/900] 524aecae-59dd-4212-9711-94c9adae0ed5: 22 groups; 0.7 s; peak memory 1199 MiB.
2026-10-06T14:19:36Z INFO [666/900] 524b0168-151f-4303-a398-bdcb05c3feb8: 16 groups; 0.4 s; peak memory 1199 MiB.
2026-10-06T14:19:36Z INFO [667/900] 524b3d21-0a28-4393-be7e-88606479ece9: 22 groups; 0.7 s; peak memory 1199 MiB.
2026-10-06T14:19:40Z INFO [668/900] 524be563-22a9-4159-bfe9-63954e2c58b5: 181 groups; 3.2 s; peak memory 1199 MiB.
2026-10-06T14:22:30Z INFO [669/900] 524bec27-7872-4613-9d5a-c3e92bedc015: 68 groups; 170.7 s; peak memory 1199 MiB.
2026-10-06T14:22:35Z INFO [670/900] 524c1163-b943-4a1b-92a7-e79a5519a542: 185 groups; 4.6 s; peak memory 1199 MiB.
2026-10-06T14:22:36Z INFO [671/900] 524c5286-3162-40bc-bb1c-323eeb38ac02: 32 groups; 0.9 s; peak memory 1199 MiB.
2026-10-06T14:22:37Z INFO [672/900] 524c6ca9-11f8-4d49-9633-78acc502a9d3: 22 groups; 0.8 s; peak memory 1199 MiB.
2026-10-06T14:22:38Z INFO [673/900] 524cf42f-8625-4263-acb6-d1ec8b948fac: 194 groups; 0.9 s; peak memory 1199 MiB.
2026-10-06T14:22:38Z INFO [674/900] 524d28b2-716c-446d-87bb-0d001f288716: 35 groups; 0.8 s; peak memory 1199 MiB.
2026-10-06T14:22:40Z INFO [675/900] 524da237-793f-443e-b86b-e9d8a608d004: 33 groups; 1.3 s; peak memory 1199 MiB.
2026-10-06T14:22:41Z INFO [676/900] 524e499f-4d6b-4315-a6b3-9e195a326eb8: 50 groups; 1.7 s; peak memory 1199 MiB.
2026-10-06T14:22:42Z INFO [677/900] 524e7a91-19d3-4f32-bcdb-cc20f0b74a56: 29 groups; 0.5 s; peak memory 1199 MiB.
2026-10-06T14:22:43Z INFO [678/900] 524e869d-30f7-4665-b491-6b3cd37a4994: 32 groups; 0.7 s; peak memory 1199 MiB.
2026-10-06T14:22:50Z INFO [679/900] 524eb9af-c40f-4401-acc4-f36919a3af38: 304 groups; 7.8 s; peak memory 1199 MiB.
2026-10-06T14:22:51Z INFO [680/900] 524ec9e1-1acc-4e3a-acd4-a8255c8fab7c: 36 groups; 0.8 s; peak memory 1199 MiB.
2026-10-06T14:23:04Z INFO [681/900] 5250802f-4e69-4730-8b4a-63741217fc3e: 194 groups; 12.7 s; peak memory 1199 MiB.
2026-10-06T14:23:05Z INFO [682/900] 5250f8cd-b2df-45f7-82b5-4bcf0fed49c5: 202 groups; 1.0 s; peak memory 1199 MiB.
2026-10-06T14:23:06Z INFO [683/900] 525186be-3dc0-44f6-aebe-f4a511b6eab6: 201 groups; 1.7 s; peak memory 1199 MiB.
2026-10-06T14:23:08Z INFO [684/900] 52518878-686c-4f48-9ec0-cabc25a3eb7a: 22 groups; 1.0 s; peak memory 1199 MiB.
2026-10-06T14:23:08Z INFO [685/900] 52522170-340b-4dff-9df9-55a04bb67d86: 17 groups; 0.5 s; peak memory 1199 MiB.
2026-10-06T14:23:09Z INFO [686/900] 52524680-4349-485d-b1dc-fd8f1f3c54a2: 21 groups; 0.8 s; peak memory 1199 MiB.
2026-10-06T14:23:10Z INFO [687/900] 52528af5-7560-4abd-b1b4-5f271a32a94c: 48 groups; 1.4 s; peak memory 1199 MiB.
2026-10-06T14:23:11Z INFO [688/900] 5252d701-cb23-498c-8024-3a174f90196c: 29 groups; 0.8 s; peak memory 1199 MiB.
2026-10-06T14:23:12Z INFO [689/900] 52532d3e-d7c5-4306-80b1-49136dcb72dc: 48 groups; 1.5 s; peak memory 1199 MiB.
2026-10-06T14:26:26Z INFO [690/900] 525414cb-2c9f-4cd0-b3d5-61fd2d6fa55d: 55 groups; 193.7 s; peak memory 1199 MiB.
2026-10-06T14:26:27Z INFO [691/900] 5254657f-5ec2-40b4-8159-644d4f11a9b8: 252 groups; 0.8 s; peak memory 1199 MiB.
2026-10-06T14:26:29Z INFO [692/900] 52546d30-454f-479d-b15f-99a08f3d92ce: 28 groups; 2.4 s; peak memory 1199 MiB.
2026-10-06T14:26:30Z INFO [693/900] 52549ced-eacc-4056-811b-92e163171a58: 202 groups; 0.9 s; peak memory 1199 MiB.
2026-10-06T14:26:31Z INFO [694/900] 5254ae39-51ac-491b-b177-9c94046a0203: 30 groups; 0.6 s; peak memory 1199 MiB.
2026-10-06T14:26:38Z INFO [695/900] 5255a3ce-86aa-4974-ae1f-5bdbd1b27cae: 196 groups; 7.0 s; peak memory 1199 MiB.
2026-10-06T14:26:39Z INFO [696/900] 5255c110-5c15-4f6c-9368-816aaad42ce7: 43 groups; 1.3 s; peak memory 1199 MiB.
2026-10-06T14:26:40Z INFO [697/900] 52562c55-f824-459e-b57b-7f9ad2c06d41: 35 groups; 0.8 s; peak memory 1199 MiB.
2026-10-06T14:27:07Z INFO [698/900] 52565032-3e30-4138-bd70-00e2850d2812: 23 groups; 27.3 s; peak memory 1199 MiB.
2026-10-06T14:27:08Z INFO [699/900] 525669ee-d759-4df3-bb5b-c06e17403056: 35 groups; 0.8 s; peak memory 1199 MiB.
2026-10-06T14:27:09Z INFO [700/900] 52570f02-a45e-4c9b-8ee7-f4093bdc55a2: 195 groups; 1.0 s; peak memory 1199 MiB.
2026-10-06T14:27:09Z INFO [700/900] 52570f02-a45e-4c9b-8ee7-f4093bdc55a2: checkpointed 86636 records.
2026-10-06T14:27:10Z INFO [701/900] 52573f69-9cdf-4579-8956-d1134d65dfa0: 203 groups; 1.0 s; peak memory 1199 MiB.
2026-10-06T14:27:18Z INFO [702/900] 52580a75-21d0-41bb-8a14-d44e99321dfb: 293 groups; 7.2 s; peak memory 1199 MiB.
2026-10-06T14:27:18Z INFO [703/900] 525821fc-37d3-41a7-bde9-d557f970219b: 28 groups; 0.6 s; peak memory 1199 MiB.
2026-10-06T14:27:20Z INFO [704/900] 525848ae-4926-4f89-a790-f7e7d800bec0: 27 groups; 1.5 s; peak memory 1199 MiB.
2026-10-06T14:27:20Z INFO [705/900] 525850b5-d6c7-4356-b6a8-a67a01ac984c: 36 groups; 0.9 s; peak memory 1199 MiB.
2026-10-06T14:27:21Z INFO [706/900] 5258aacd-c8b4-44a3-aaa9-b0407abbf53b: 35 groups; 0.7 s; peak memory 1199 MiB.
2026-10-06T14:27:22Z INFO [707/900] 5258d1ae-f827-4594-abf0-bd3481bcf1cb: 22 groups; 0.7 s; peak memory 1199 MiB.
2026-10-06T14:27:23Z INFO [708/900] 525974db-fe98-4350-82eb-f5d81b7129db: 22 groups; 0.7 s; peak memory 1199 MiB.
2026-10-06T14:27:23Z INFO [709/900] 525a2802-0d87-4549-a6a2-adccb868be1f: 32 groups; 0.8 s; peak memory 1199 MiB.
2026-10-06T14:27:24Z INFO [710/900] 525ad05c-6329-4ffc-b0b4-df9e66c352f6: 24 groups; 0.7 s; peak memory 1199 MiB.
2026-10-06T14:27:25Z INFO [711/900] 525c086f-277f-4a07-8179-e6f50bdf889b: 35 groups; 0.7 s; peak memory 1199 MiB.
2026-10-06T14:27:26Z INFO [712/900] 525c295b-986e-4696-83ba-d8765b2154ea: 32 groups; 0.8 s; peak memory 1199 MiB.
2026-10-06T14:27:31Z INFO [713/900] 525c7bec-bf10-49bb-8887-ab1497d5f2ba: 218 groups; 5.8 s; peak memory 1199 MiB.
2026-10-06T14:27:37Z INFO [714/900] 525d9ff3-e12b-4051-a9ae-0105478a6241: 70 groups; 5.2 s; peak memory 1199 MiB.
2026-10-06T14:27:38Z INFO [715/900] 525db3b9-c223-4165-b20a-f4fa75ea0f01: 337 groups; 1.1 s; peak memory 1199 MiB.
2026-10-06T14:27:39Z INFO [716/900] 525dd31e-b953-4f26-9a5f-3764c8146faf: 104 groups; 0.9 s; peak memory 1199 MiB.
2026-10-06T14:27:39Z INFO [717/900] 525e186a-91ff-4873-8038-42c0d51dbb11: 26 groups; 0.5 s; peak memory 1199 MiB.
2026-10-06T14:27:40Z INFO [718/900] 525e5450-a516-4413-9631-97468e39106c: 196 groups; 1.0 s; peak memory 1199 MiB.
2026-10-06T14:27:49Z INFO [719/900] 525f0376-ff21-4094-821b-56829ddc93d5: 266 groups; 8.8 s; peak memory 1199 MiB.
2026-10-06T14:27:50Z INFO [720/900] 525f5e57-7dd0-4258-8bf4-d5c8f0cc9eb4: 32 groups; 0.8 s; peak memory 1199 MiB.
2026-10-06T14:27:50Z INFO [721/900] 525fa33b-7677-4224-b9bb-2e0e750cea77: 22 groups; 0.8 s; peak memory 1199 MiB.
2026-10-06T14:28:02Z INFO [722/900] 52609f24-eb4f-4772-9b04-2739b5566b15: 63 groups; 11.5 s; peak memory 1199 MiB.
2026-10-06T14:39:14Z INFO [723/900] 52614874-adf2-42b8-a7fc-d702523228b0: 65 groups; 672.4 s; peak memory 1199 MiB.
2026-10-06T14:39:28Z INFO [724/900] 5261f7b6-7fe1-4fe4-8c4d-6d9c437aff20: 22 groups; 13.7 s; peak memory 1199 MiB.
2026-10-06T14:39:29Z INFO [725/900] 52620a02-08a3-4232-b156-8c7417e9a129: 22 groups; 0.8 s; peak memory 1199 MiB.
2026-10-06T14:39:43Z INFO [726/900] 5262bc19-4f56-4375-8f55-8232b02443ec: 22 groups; 14.4 s; peak memory 1199 MiB.
2026-10-06T14:39:44Z INFO [727/900] 5263938e-119e-4a47-99c2-fdff1bbec42c: 32 groups; 0.6 s; peak memory 1199 MiB.
2026-10-06T14:39:44Z INFO [728/900] 526409d7-22e2-4b76-b035-47294522b791: 24 groups; 0.6 s; peak memory 1199 MiB.
2026-10-06T14:39:45Z INFO [729/900] 526439ba-597c-42e8-b2c7-ff9239288499: 22 groups; 0.7 s; peak memory 1199 MiB.
2026-10-06T14:39:46Z INFO [730/900] 52645820-368a-4a48-93b7-aa17b3f5e563: 35 groups; 0.6 s; peak memory 1199 MiB.
2026-10-06T14:39:47Z INFO [731/900] 52646708-faed-44c7-baad-4579283ca187: 573 groups; 1.2 s; peak memory 1199 MiB.
2026-10-06T14:39:47Z INFO [732/900] 5264a73c-55c8-48a5-bb83-0dcb263140b9: 26 groups; 0.7 s; peak memory 1199 MiB.
2026-10-06T14:39:48Z INFO [733/900] 52650d4b-27fa-4d51-a92a-d659c9475bb8: 23 groups; 0.5 s; peak memory 1199 MiB.
2026-10-06T14:39:49Z INFO [734/900] 5265bf78-316a-450d-af4f-06cc7342fd4f: 22 groups; 0.7 s; peak memory 1199 MiB.
2026-10-06T14:40:18Z INFO [735/900] 52665306-f334-44c3-98bd-276e956b7b38: 23 groups; 29.4 s; peak memory 1199 MiB.
2026-10-06T14:40:19Z INFO [736/900] 52666989-7822-49ab-9a27-ad162ba343f2: 34 groups; 1.4 s; peak memory 1199 MiB.
2026-10-06T14:40:22Z INFO [737/900] 52669c5d-46ef-41ad-907d-5ef70c305949: 47 groups; 2.6 s; peak memory 1199 MiB.
2026-10-06T14:40:24Z INFO [738/900] 5266be8f-2aa5-4ea1-8f8f-69b1210f04be: 34 groups; 1.6 s; peak memory 1199 MiB.
2026-10-06T14:40:24Z INFO [739/900] 526790b4-caa4-4fe3-b313-95a5bca864fc: 32 groups; 0.6 s; peak memory 1199 MiB.
2026-10-06T14:40:25Z INFO [740/900] 526831ea-3dcd-4491-b62e-681cd4304d65: 35 groups; 0.9 s; peak memory 1199 MiB.
2026-10-06T14:40:26Z INFO [741/900] 52688b7a-aa76-429a-80f8-ab4a8eb606a0: 22 groups; 0.9 s; peak memory 1199 MiB.
2026-10-06T14:40:27Z INFO [742/900] 5268a589-6fee-4128-bdd5-dfe67e585760: 99 groups; 1.0 s; peak memory 1199 MiB.
2026-10-06T14:40:28Z INFO [743/900] 5268d0c1-47b6-483e-a03c-dd253a99e0dd: 33 groups; 0.8 s; peak memory 1199 MiB.
2026-10-06T14:40:28Z INFO [744/900] 5269db4b-3bf3-4c1a-abba-e473defd8dc2: 30 groups; 0.5 s; peak memory 1199 MiB.
2026-10-06T14:40:29Z INFO [745/900] 526a2bfd-9b8d-41d6-957d-5c72d62574c3: 202 groups; 0.8 s; peak memory 1199 MiB.
2026-10-06T14:40:36Z INFO [746/900] 526b5ffc-8072-4dfa-9e1c-d5ed6fdc0ce8: 229 groups; 6.8 s; peak memory 1199 MiB.
2026-10-06T14:40:37Z INFO [747/900] 526bf7dc-bad0-4b52-944d-ca5abc4d1b11: 337 groups; 1.2 s; peak memory 1199 MiB.
2026-10-06T14:40:38Z INFO [748/900] 526c2b6f-d9d1-4d1b-88a9-70023b61cf28: 22 groups; 0.9 s; peak memory 1199 MiB.
2026-10-06T14:40:38Z INFO [749/900] 526c475f-a6f2-4b59-9c73-d947eeb95fa1: 30 groups; 0.4 s; peak memory 1199 MiB.
2026-10-06T14:40:40Z INFO [750/900] 526cc790-9828-4ab4-aac0-7235a7735862: 64 groups; 1.5 s; peak memory 1199 MiB.
2026-10-06T14:40:40Z INFO [750/900] 526cc790-9828-4ab4-aac0-7235a7735862: checkpointed 86686 records.
2026-10-06T14:40:41Z INFO [751/900] 526d6ae0-5664-4b74-ac2d-89379b75d6ec: 32 groups; 0.6 s; peak memory 1199 MiB.
2026-10-06T14:40:41Z INFO [752/900] 526db528-c113-4315-a6ea-c0699e619d32: 26 groups; 0.4 s; peak memory 1199 MiB.
2026-10-06T14:40:42Z INFO [753/900] 526e42e7-57a8-47db-b5ab-deb8d3e827e6: 202 groups; 0.9 s; peak memory 1199 MiB.
2026-10-06T14:40:48Z INFO [754/900] 526eb353-d9a4-4683-9cba-6ceea94b0890: 76 groups; 5.6 s; peak memory 1199 MiB.
2026-10-06T14:40:48Z INFO [755/900] 526f53f4-20c8-4729-84fc-67951ca58920: 35 groups; 0.6 s; peak memory 1199 MiB.
2026-10-06T14:40:49Z INFO [756/900] 52709424-34c3-458c-860c-9f5412eca6d3: 22 groups; 0.6 s; peak memory 1199 MiB.
2026-10-06T14:40:50Z INFO [757/900] 52709dbd-5606-4b3a-bb4a-53c276e66878: 255 groups; 0.8 s; peak memory 1199 MiB.
2026-10-06T14:40:54Z INFO [758/900] 5271411a-4458-45ce-a3ce-18749792be8b: 66 groups; 4.6 s; peak memory 1199 MiB.
2026-10-06T14:40:55Z INFO [759/900] 52718cca-25a2-4fbc-ba8c-145314387d63: 30 groups; 0.5 s; peak memory 1199 MiB.
2026-10-06T14:40:56Z INFO [760/900] 5271c072-1185-4075-9c08-9990871ba780: 576 groups; 1.4 s; peak memory 1199 MiB.
2026-10-06T14:41:01Z INFO [761/900] 52720990-7432-4b06-8599-38c3add6143b: 98 groups; 4.4 s; peak memory 1199 MiB.
2026-10-06T14:41:03Z INFO [762/900] 52721fa9-48c5-4663-97b6-5e5fb4ab2729: 119 groups; 2.4 s; peak memory 1199 MiB.
2026-10-06T14:41:04Z INFO [763/900] 5272207f-1409-4bd1-9ae2-8b6e1ecef318: 33 groups; 0.6 s; peak memory 1199 MiB.
2026-10-06T14:41:05Z INFO [764/900] 527235c8-6642-4248-8a9b-79d7fdac53c1: 202 groups; 1.0 s; peak memory 1199 MiB.
2026-10-06T14:41:06Z INFO [765/900] 5272a94e-f2eb-4c58-b0ad-61bb495bc0da: 35 groups; 1.3 s; peak memory 1199 MiB.
2026-10-06T14:41:07Z INFO [766/900] 5273f7e4-7bea-4b10-8d64-a781eb0e8cfe: 22 groups; 0.7 s; peak memory 1199 MiB.
2026-10-06T14:41:07Z INFO [767/900] 52746d6e-bf82-4f40-a344-1fe89dff1278: 20 groups; 0.7 s; peak memory 1199 MiB.
2026-10-06T14:41:13Z INFO [768/900] 52751a27-0491-4724-928d-b65fb6fe6f53: 85 groups; 5.4 s; peak memory 1199 MiB.
2026-10-06T14:41:14Z INFO [769/900] 52761a57-2599-40fc-8630-7aefbe2be07f: 35 groups; 1.1 s; peak memory 1199 MiB.
2026-10-06T14:41:17Z INFO [770/900] 5276394a-06f1-4b8c-a8e5-1fdbd19c55b7: 181 groups; 3.0 s; peak memory 1199 MiB.
2026-10-06T14:41:18Z INFO [771/900] 527691f1-8014-410e-86c5-712ad489b310: 63 groups; 0.9 s; peak memory 1199 MiB.
2026-10-06T14:41:18Z INFO [772/900] 5277ab0c-9b74-4a46-8d30-d340fbd91162: 22 groups; 0.7 s; peak memory 1199 MiB.
2026-10-06T14:41:19Z INFO [773/900] 527800b4-11ab-4236-8269-39699821c3b6: 16 groups; 0.4 s; peak memory 1199 MiB.
2026-10-06T14:41:19Z INFO [774/900] 527850ba-d7ef-48fd-b8ea-b30f40469f24: 17 groups; 0.6 s; peak memory 1199 MiB.
2026-10-06T14:41:20Z INFO [775/900] 527a0789-7a57-46bf-ac57-62354e1ac197: 33 groups; 0.9 s; peak memory 1199 MiB.
2026-10-06T14:41:21Z INFO [776/900] 527a1ad3-d700-48e4-90d6-377a36a6261f: 22 groups; 0.7 s; peak memory 1199 MiB.
2026-10-06T14:41:22Z INFO [777/900] 527b201a-603c-4ee5-8c29-e5a836605f1c: 32 groups; 0.7 s; peak memory 1199 MiB.
2026-10-06T14:41:22Z INFO [778/900] 527b8eed-365a-4aff-a675-5faea54ca4fc: 32 groups; 0.8 s; peak memory 1199 MiB.
2026-10-06T14:41:23Z INFO [779/900] 527c58e9-40ff-4a03-be02-6089980fd97b: 24 groups; 0.6 s; peak memory 1199 MiB.
2026-10-06T14:41:24Z INFO [780/900] 527ceeff-0c98-42ff-8215-dd273ac7a0ba: 32 groups; 0.7 s; peak memory 1199 MiB.
2026-10-06T14:41:25Z INFO [781/900] 527d4065-d42a-4110-a1cf-2fde5a1757ff: 22 groups; 0.9 s; peak memory 1199 MiB.
2026-10-06T14:41:25Z INFO [782/900] 527da3df-efb9-420d-91de-df804ec212c0: 18 groups; 0.5 s; peak memory 1199 MiB.
2026-10-06T14:41:34Z INFO [783/900] 527da47f-b00f-4ad1-afe2-5abf8d5f62a1: 157 groups; 9.3 s; peak memory 1199 MiB.
2026-10-06T14:41:35Z INFO [784/900] 527def8c-3df5-4cfb-9b3d-0558ddf944f2: 22 groups; 0.8 s; peak memory 1199 MiB.
2026-10-06T14:41:36Z INFO [785/900] 527e91d4-23bc-4bd9-99f5-b6e1dcfc51c1: 22 groups; 0.7 s; peak memory 1199 MiB.
2026-10-06T14:41:43Z INFO [786/900] 527e9f94-0fac-4d21-b2bc-8897fccaa7d4: 224 groups; 6.6 s; peak memory 1199 MiB.
2026-10-06T14:41:43Z INFO [787/900] 527f09b8-02f5-4216-b873-f35d195021a4: 21 groups; 0.7 s; peak memory 1199 MiB.
2026-10-06T14:41:44Z INFO [788/900] 527f9746-f9b1-47f8-b810-69a4204bb88b: 16 groups; 0.7 s; peak memory 1199 MiB.
2026-10-06T14:41:45Z INFO [789/900] 527ff237-ab9c-40bc-8f9e-4846f6152993: 22 groups; 0.9 s; peak memory 1199 MiB.
2026-10-06T14:41:47Z INFO [790/900] 52804750-86c1-4296-9a69-0f39eb78dfd2: 48 groups; 2.2 s; peak memory 1199 MiB.
2026-10-06T14:41:48Z INFO [791/900] 528050b5-8c18-4123-aee6-529aa1b6b24a: 22 groups; 0.8 s; peak memory 1199 MiB.
2026-10-06T14:41:48Z INFO [792/900] 52810c06-47f2-4b01-a099-dad001681f51: 25 groups; 0.7 s; peak memory 1199 MiB.
2026-10-06T14:41:49Z INFO [793/900] 528115d3-f631-4323-a6d2-9e9f3618d030: 32 groups; 0.9 s; peak memory 1199 MiB.
2026-10-06T14:41:54Z INFO [794/900] 528141d8-6ba5-42d8-9bab-b06aecd80bf9: 45 groups; 5.1 s; peak memory 1199 MiB.
2026-10-06T14:41:55Z INFO [795/900] 52815a07-d624-43fc-ae5a-41b2e7ad7cc4: 25 groups; 0.5 s; peak memory 1199 MiB.
2026-10-06T14:41:57Z INFO [796/900] 528194bc-d939-4313-8c8e-8b819a1192e9: 194 groups; 1.8 s; peak memory 1199 MiB.
2026-10-06T14:41:57Z INFO [797/900] 5281e214-6dd4-4158-9add-56ff3de6180a: 32 groups; 0.6 s; peak memory 1199 MiB.
2026-10-06T14:41:58Z INFO [798/900] 52827aea-e58a-4c32-bd09-615e2515c686: 31 groups; 0.6 s; peak memory 1199 MiB.
2026-10-06T14:41:59Z INFO [799/900] 52829792-b7c6-4443-8e31-70e99631bc61: 33 groups; 0.9 s; peak memory 1199 MiB.
2026-10-06T14:42:00Z INFO [800/900] 5282bfcb-7647-44e6-bf3d-e4780e921628: 33 groups; 0.8 s; peak memory 1199 MiB.
2026-10-06T14:42:00Z INFO [800/900] 5282bfcb-7647-44e6-bf3d-e4780e921628: checkpointed 86736 records.
2026-10-06T14:42:00Z INFO [801/900] 52836001-f933-4dda-a745-cc7e544f7391: 16 groups; 0.5 s; peak memory 1199 MiB.
2026-10-06T14:42:01Z INFO [802/900] 5283f667-a92f-4e80-a745-13f3ea8d89b1: 22 groups; 0.8 s; peak memory 1199 MiB.
2026-10-06T14:42:02Z INFO [803/900] 5284165f-8632-4d8f-8c7a-b1cc85b57997: 35 groups; 0.8 s; peak memory 1199 MiB.
2026-10-06T14:42:03Z INFO [804/900] 52841e86-93fb-4352-bccf-d4d75a93a20a: 22 groups; 0.8 s; peak memory 1199 MiB.
2026-10-06T14:42:04Z INFO [805/900] 5285401a-3fd5-4abe-a543-9dd8274bcd11: 48 groups; 1.6 s; peak memory 1199 MiB.
2026-10-06T14:42:05Z INFO [806/900] 5285dea4-3df0-451f-82b9-d408f9b9e451: 16 groups; 0.6 s; peak memory 1199 MiB.
2026-10-06T14:42:09Z INFO [807/900] 52867b26-cc27-48a2-83e2-9cf49fe2b298: 122 groups; 3.9 s; peak memory 1199 MiB.
2026-10-06T14:42:11Z INFO [808/900] 5286a2dd-3e01-473b-906d-6623829febf5: 37 groups; 1.8 s; peak memory 1199 MiB.
2026-10-06T14:42:12Z INFO [809/900] 52871285-9b7a-4ce4-9703-46429cf70946: 43 groups; 0.9 s; peak memory 1199 MiB.
2026-10-06T14:42:12Z INFO [810/900] 528879bd-d922-4321-a12f-58a6856bd460: 32 groups; 0.8 s; peak memory 1199 MiB.
2026-10-06T14:44:46Z INFO [811/900] 5288901c-0f26-4752-bed4-988449b8f6a0: 77 groups; 153.6 s; peak memory 1199 MiB.
2026-10-06T14:44:47Z INFO [812/900] 5289509a-f641-41c2-ad4a-b2243a939f71: 33 groups; 0.7 s; peak memory 1199 MiB.
2026-10-06T14:44:48Z INFO [813/900] 52896f17-262d-47b9-9788-31597bdd9e0f: 25 groups; 1.1 s; peak memory 1199 MiB.
2026-10-06T14:44:49Z INFO [814/900] 52897708-339e-462b-a21e-7c855585ad6a: 35 groups; 0.8 s; peak memory 1199 MiB.
2026-10-06T14:44:49Z INFO [815/900] 52899ea0-076c-4026-8799-e3e3cb53c44f: 103 groups; 0.7 s; peak memory 1199 MiB.
2026-10-06T14:44:50Z INFO [816/900] 5289b758-0dea-41ac-94c5-88fc72e2eb4e: 30 groups; 0.5 s; peak memory 1199 MiB.
2026-10-06T14:44:51Z INFO [817/900] 5289c4c8-328a-40ba-b809-1b3131a6485b: 202 groups; 0.9 s; peak memory 1199 MiB.
2026-10-06T14:44:53Z INFO [818/900] 5289ca9c-b589-4ba5-ad6d-b79015678ca5: 199 groups; 2.3 s; peak memory 1199 MiB.
2026-10-06T14:44:54Z INFO [819/900] 5289d66d-3dfe-4b4e-b32b-f2c9fd7dcec5: 103 groups; 0.7 s; peak memory 1199 MiB.
2026-10-06T14:44:54Z INFO [820/900] 5289f3e9-622a-4afa-91ff-1d85f582c29c: 22 groups; 0.6 s; peak memory 1199 MiB.
2026-10-06T14:44:55Z INFO [821/900] 528a32d5-41c1-47ef-8c45-76f1ba11c8fe: 22 groups; 0.7 s; peak memory 1199 MiB.
2026-10-06T14:45:00Z INFO [822/900] 528a3713-a314-4c96-8187-a88587cc4511: 184 groups; 4.6 s; peak memory 1199 MiB.
2026-10-06T14:45:01Z INFO [823/900] 528a3c51-31ae-43de-b3c9-60a16e1792ae: 32 groups; 1.1 s; peak memory 1199 MiB.
2026-10-06T14:45:12Z INFO [824/900] 528b1ca2-cf82-4537-be8e-c14782ff57bb: 270 groups; 11.7 s; peak memory 1199 MiB.
2026-10-06T14:45:20Z INFO [825/900] 528b72ad-54b1-4bd7-b8ae-ee45d3d8ef07: 247 groups; 7.7 s; peak memory 1199 MiB.
2026-10-06T14:45:23Z INFO [826/900] 528ba978-8c21-4755-97d8-91b46c53719f: 181 groups; 3.3 s; peak memory 1199 MiB.
2026-10-06T14:45:25Z INFO [827/900] 528cbb4a-f535-4c43-82b4-9afdd7dc5bf4: 195 groups; 1.2 s; peak memory 1199 MiB.
2026-10-06T14:45:25Z INFO [828/900] 528ccb4b-5b5a-4e80-ae3b-7f78e384515d: 28 groups; 0.5 s; peak memory 1199 MiB.
2026-10-06T14:45:28Z INFO [829/900] 528d1406-9641-4ef4-a215-f1620abeb7da: 110 groups; 2.7 s; peak memory 1199 MiB.
2026-10-06T14:45:29Z INFO [830/900] 528e4e7f-1a79-4812-8061-0c9d3a9ef659: 32 groups; 0.8 s; peak memory 1199 MiB.
2026-10-06T14:45:29Z INFO [831/900] 528e831a-abbe-4d89-944e-2a8598badd10: 33 groups; 0.7 s; peak memory 1199 MiB.
2026-10-06T14:45:34Z INFO [832/900] 52903a7c-9546-49c2-9fa5-43a3b6f86227: 122 groups; 4.6 s; peak memory 1199 MiB.
2026-10-06T14:45:35Z INFO [833/900] 52906132-b9a8-4594-ae36-89eee21acbd5: 22 groups; 0.6 s; peak memory 1199 MiB.
2026-10-06T14:45:35Z INFO [834/900] 5290a3f0-6bb7-452d-869d-45972c20f9ab: 22 groups; 0.6 s; peak memory 1199 MiB.
2026-10-06T14:45:36Z INFO [835/900] 5290f168-2733-498f-9324-c818b75bde89: 22 groups; 0.6 s; peak memory 1199 MiB.
2026-10-06T14:45:36Z INFO [836/900] 52910f6e-317a-4c7b-9774-71b8e1847bfc: 22 groups; 0.7 s; peak memory 1199 MiB.
2026-10-06T14:45:38Z INFO [837/900] 5291676e-4bc6-408a-bc72-5f8663d1ed99: 17 groups; 1.4 s; peak memory 1199 MiB.
2026-10-06T14:45:38Z INFO [838/900] 5291f519-a4c9-4db8-a764-bad49fdf4485: 24 groups; 0.5 s; peak memory 1199 MiB.
2026-10-06T14:45:39Z INFO [839/900] 5293a848-a104-4fb5-a575-f2bc7c80788c: 35 groups; 0.8 s; peak memory 1199 MiB.
2026-10-06T14:45:40Z INFO [840/900] 52940fb0-6c1e-442f-ad75-b8e315c278fe: 36 groups; 1.3 s; peak memory 1199 MiB.
2026-10-06T14:45:42Z INFO [841/900] 5294144e-927a-42c2-a064-57cea35bf10b: 17 groups; 1.6 s; peak memory 1199 MiB.
2026-10-06T14:45:43Z INFO [842/900] 52957c03-35a4-4e6d-ab94-0b7940a1635f: 42 groups; 1.0 s; peak memory 1199 MiB.
2026-10-06T14:45:44Z INFO [843/900] 5295cc5d-9a30-4419-ba15-012f22cce6f8: 195 groups; 1.0 s; peak memory 1199 MiB.
2026-10-06T14:45:45Z INFO [844/900] 529764f6-ccb6-425b-9567-df07bf97d709: 22 groups; 0.6 s; peak memory 1199 MiB.
2026-10-06T14:45:45Z INFO [845/900] 5297726c-5a01-43f8-8e04-aa27ad28bc6f: 32 groups; 0.8 s; peak memory 1199 MiB.
2026-10-06T14:45:50Z INFO [846/900] 52979995-bf37-443c-8cd8-061e057251f2: 66 groups; 4.7 s; peak memory 1199 MiB.
2026-10-06T14:45:51Z INFO [847/900] 5297a4b9-ea35-47a3-8a98-ced37ebb2be5: 34 groups; 0.9 s; peak memory 1199 MiB.
2026-10-06T14:46:36Z INFO [848/900] 5297df40-065f-4a91-8122-617be6a5bb72: 2816 groups; 44.9 s; peak memory 1199 MiB.
2026-10-06T14:46:39Z INFO [849/900] 5298ec83-7bb9-429c-ba9f-a9404c05a507: 67 groups; 2.8 s; peak memory 1199 MiB.
2026-10-06T14:49:29Z INFO [850/900] 52990181-9255-4c94-859a-9639b17b9db8: 31 groups; 170.8 s; peak memory 1199 MiB.
2026-10-06T14:49:30Z INFO [850/900] 52990181-9255-4c94-859a-9639b17b9db8: checkpointed 86786 records.
2026-10-06T14:49:30Z INFO [851/900] 5299cbb9-ae1f-4c31-a0b1-ef7b88153d05: 22 groups; 0.7 s; peak memory 1199 MiB.
2026-10-06T14:49:33Z INFO [852/900] 529a0134-02eb-4fd3-a955-4ef0a7ed1609: 49 groups; 2.6 s; peak memory 1199 MiB.
2026-10-06T14:49:34Z INFO [853/900] 529a22c9-ba78-4397-aabf-127824d814a9: 22 groups; 0.7 s; peak memory 1199 MiB.
2026-10-06T14:49:42Z INFO [854/900] 529b9611-8c1f-4955-8cae-e4a86354db4f: 88 groups; 8.5 s; peak memory 1199 MiB.
2026-10-06T14:49:43Z INFO [855/900] 529cde7f-dbcb-4c56-9d00-24f7a22fc806: 22 groups; 0.7 s; peak memory 1199 MiB.
2026-10-06T14:49:44Z INFO [856/900] 529ce6b4-8dad-48c5-98f1-6576aced5411: 22 groups; 0.8 s; peak memory 1199 MiB.
2026-10-06T14:49:44Z INFO [857/900] 529cf497-3c2e-4879-9af6-c10f80907142: 35 groups; 0.9 s; peak memory 1199 MiB.
2026-10-06T14:49:45Z INFO [858/900] 529d5928-a8f2-4f45-abc5-514a1f5be1cb: 32 groups; 0.8 s; peak memory 1199 MiB.
2026-10-06T14:49:46Z INFO [859/900] 529d6df3-13a9-4151-91b3-7570e60a6284: 22 groups; 0.6 s; peak memory 1199 MiB.
2026-10-06T14:49:47Z INFO [860/900] 529e01fa-8eb5-47f0-b3b9-499ff438956a: 32 groups; 0.7 s; peak memory 1199 MiB.
2026-10-06T14:49:47Z INFO [861/900] 529e50ec-faa7-4bf5-b763-2ae840dcb11f: 32 groups; 0.8 s; peak memory 1199 MiB.
2026-10-06T14:49:50Z INFO [862/900] 529ea76f-44df-428b-8983-c8b9fb982e67: 87 groups; 2.8 s; peak memory 1199 MiB.
2026-10-06T14:49:51Z INFO [863/900] 529eaa5b-6916-46fd-996e-7dc7aa48572d: 23 groups; 0.4 s; peak memory 1199 MiB.
2026-10-06T14:49:52Z INFO [864/900] 529ee7cb-e019-4d1a-8b1c-9ed9d40ec029: 200 groups; 1.5 s; peak memory 1199 MiB.
2026-10-06T14:49:53Z INFO [865/900] 529ef45c-5a5b-4e6e-bee0-225f02f1392d: 253 groups; 0.6 s; peak memory 1199 MiB.
2026-10-06T14:49:54Z INFO [866/900] 529f5582-167b-4a48-a188-4573ee4e8d2c: 22 groups; 0.8 s; peak memory 1199 MiB.
2026-10-06T14:49:55Z INFO [867/900] 529fa0ee-2c71-4043-a540-a5bb2ee25aea: 20 groups; 1.1 s; peak memory 1199 MiB.
2026-10-06T14:49:58Z INFO [868/900] 52a141e1-f8c4-4136-96f8-3aabc975dea8: 20 groups; 3.2 s; peak memory 1199 MiB.
2026-10-06T14:50:05Z INFO [869/900] 52a167bc-03d2-45aa-87b7-a9040a5cf4e2: 66 groups; 6.7 s; peak memory 1199 MiB.
2026-10-06T14:50:09Z INFO [870/900] 52a1c92c-e8cc-48dd-9d2c-aa08c9df3d57: 191 groups; 4.8 s; peak memory 1199 MiB.
2026-10-06T14:50:10Z INFO [871/900] 52a267f8-a80f-4495-a2d0-3e3768601ec5: 22 groups; 0.6 s; peak memory 1199 MiB.
2026-10-06T14:50:11Z INFO [872/900] 52a2e8de-a866-4506-b2af-5566d5846054: 32 groups; 0.9 s; peak memory 1199 MiB.
2026-10-06T14:50:12Z INFO [873/900] 52a36aba-db72-4822-b734-f48ed008fbe6: 35 groups; 0.7 s; peak memory 1199 MiB.
2026-10-06T14:50:12Z INFO [874/900] 52a4154f-6b39-4cca-82cc-7d1220d37434: 16 groups; 0.6 s; peak memory 1199 MiB.
2026-10-06T14:50:13Z INFO [875/900] 52a41fa0-adea-4b9f-a5c8-0517c5a6eb07: 16 groups; 0.6 s; peak memory 1199 MiB.
2026-10-06T14:50:14Z INFO [876/900] 52a540b5-f5e7-4e10-949e-84bcb8725df1: 207 groups; 1.4 s; peak memory 1199 MiB.
2026-10-06T14:50:16Z INFO [877/900] 52a59875-c636-408b-87fc-96b8b8eb296f: 50 groups; 2.0 s; peak memory 1199 MiB.
2026-10-06T14:50:18Z INFO [878/900] 52a5a3ff-bf4d-4254-a233-d2e95499efd4: 50 groups; 2.2 s; peak memory 1199 MiB.
2026-10-06T14:50:48Z INFO [879/900] 52a694cf-ac67-446d-a40a-aa1d013eccf3: 23 groups; 29.1 s; peak memory 1199 MiB.
2026-10-06T14:50:48Z INFO [880/900] 52a6bf38-de98-4153-bf36-3e5052ca7854: 22 groups; 0.8 s; peak memory 1199 MiB.
2026-10-06T14:50:49Z INFO [881/900] 52a75354-03f9-4abf-88e3-7bec38788859: 35 groups; 0.9 s; peak memory 1199 MiB.
2026-10-06T14:50:51Z INFO [882/900] 52a7bef5-2100-491c-93a4-9c1add65cf3d: 48 groups; 1.6 s; peak memory 1199 MiB.
2026-10-06T14:50:51Z INFO [883/900] 52a831c1-5272-41e6-a84f-7c299831f709: 25 groups; 0.5 s; peak memory 1199 MiB.
2026-10-06T14:50:52Z INFO [884/900] 52a83a17-bbe8-4088-b0b7-7974a09f9cc7: 32 groups; 0.7 s; peak memory 1199 MiB.
2026-10-06T14:50:53Z INFO [885/900] 52a8e7ee-c1ea-4968-87c1-86d118a31fd9: 22 groups; 0.9 s; peak memory 1199 MiB.
2026-10-06T14:50:54Z INFO [886/900] 52a9ceb0-397b-4c68-bb25-9b507661f98a: 22 groups; 0.7 s; peak memory 1199 MiB.
2026-10-06T14:50:54Z INFO [887/900] 52aa9c1e-2e6f-4c9d-957d-f145a87e6e98: 32 groups; 0.8 s; peak memory 1199 MiB.
2026-10-06T14:50:57Z INFO [888/900] 52ab7624-ee11-4f07-9805-077c6783eacc: 45 groups; 2.8 s; peak memory 1199 MiB.
2026-10-06T14:50:58Z INFO [889/900] 52ac0d7b-9273-45e1-8739-9d5c1d94931d: 32 groups; 0.7 s; peak memory 1199 MiB.
2026-10-06T14:50:59Z INFO [890/900] 52acac42-025b-408f-9948-c69bb2026c68: 30 groups; 0.7 s; peak memory 1199 MiB.
2026-10-06T14:52:18Z INFO [891/900] 52acc7c8-0c4e-4b4d-9520-ec4814cc8037: 31 groups; 79.2 s; peak memory 1199 MiB.
2026-10-06T14:52:32Z INFO [892/900] 52ad6b3c-e09b-4372-95a6-b1a68e6b946f: 155 groups; 13.7 s; peak memory 1199 MiB.
2026-10-06T14:52:33Z INFO [893/900] 52ad995d-cae1-4ce0-a55d-74872f314519: 35 groups; 0.9 s; peak memory 1199 MiB.
2026-10-06T14:52:36Z INFO [894/900] 52adc2ec-e8fe-43d1-85fa-ca423c928c9d: 192 groups; 3.1 s; peak memory 1199 MiB.
2026-10-06T14:52:36Z INFO [895/900] 52aee0a2-b717-435f-849a-20ef46497849: 21 groups; 0.6 s; peak memory 1199 MiB.
2026-10-06T14:52:37Z INFO [896/900] 52af073c-d4cc-41a0-ab82-394213e24208: 200 groups; 0.9 s; peak memory 1199 MiB.
2026-10-06T14:52:38Z INFO [897/900] 52af3991-229c-4d8c-82d0-fffdd718002a: 22 groups; 0.7 s; peak memory 1199 MiB.
2026-10-06T14:52:39Z INFO [898/900] 52af49ca-98d1-458a-9669-0bb115272b88: 24 groups; 0.9 s; peak memory 1199 MiB.
2026-10-06T14:52:39Z INFO [899/900] 52afddb0-ea42-4357-b17b-21e93a93877a: 16 groups; 0.4 s; peak memory 1199 MiB.
2026-10-06T14:52:46Z INFO [900/900] 52b0347b-6c93-4543-ae3e-a939f05f8c8a: 22 groups; 6.7 s; peak memory 1199 MiB.
2026-10-06T14:52:46Z INFO [900/900] 52b0347b-6c93-4543-ae3e-a939f05f8c8a: checkpointed 86836 records.
2026-10-06T14:52:46Z INFO Wrote 86836 records to /tmp/derivatives/valid_nwb_file_to_number_of_groups.jsonl (900 new, 0 failed) in 199.5 min (peak memory 1199 MiB).
