2026-10-08T14:24:16Z INFO Logging to /tmp/logs/update_2026-10-08T14-24-16Z.log.
2026-10-08T14:24:16Z INFO Update valid-nwb-file-to-number-of-groups (base directory /tmp).
2026-10-08T14:24:16Z INFO Processing 900 items (102136 already recorded).
2026-10-08T14:24:24Z INFO [1/900] 729445d2-0d99-4bea-bc1f-c9f67e61f303: 76 groups; 7.6 s; peak memory 130 MiB.
2026-10-08T14:24:24Z INFO [2/900] 7295f034-6302-4ade-9499-b254d06da3e1: 28 groups; 0.6 s; peak memory 131 MiB.
2026-10-08T14:24:25Z INFO [3/900] 72972492-fc0d-46c5-a4e6-dc350b6a8bea: 35 groups; 1.0 s; peak memory 131 MiB.
2026-10-08T14:24:26Z INFO [4/900] 729752dc-d011-43cb-9f2d-5199dda82a81: 16 groups; 0.7 s; peak memory 131 MiB.
2026-10-08T14:24:28Z INFO [5/900] 729755e4-63a5-47bd-9b2a-d4708401a1da: 54 groups; 2.0 s; peak memory 131 MiB.
2026-10-08T14:24:29Z INFO [6/900] 72987717-dd0f-47cb-8764-669cc14246b6: 22 groups; 0.7 s; peak memory 132 MiB.
2026-10-08T14:24:29Z INFO [7/900] 7298cbfe-b5cb-4285-8da8-eeaef73be849: 22 groups; 0.8 s; peak memory 132 MiB.
2026-10-08T14:24:33Z INFO [8/900] 729aab3b-ae6c-41cb-a88e-ca9d3a4423cc: 71 groups; 3.3 s; peak memory 132 MiB.
2026-10-08T14:24:34Z INFO [9/900] 729b12c2-fd17-4fd7-90c2-f1de45b987bd: 32 groups; 0.9 s; peak memory 132 MiB.
2026-10-08T14:24:34Z INFO [10/900] 729c3c15-5b4a-40e8-a1e5-e5291582e6cf: 32 groups; 0.7 s; peak memory 132 MiB.
2026-10-08T14:24:35Z INFO [11/900] 729c7948-14d5-442e-a48b-e7988351efee: 32 groups; 0.9 s; peak memory 132 MiB.
2026-10-08T14:24:36Z INFO [12/900] 729c95b1-3f54-43fc-9a12-aef8f49a00ae: 22 groups; 0.9 s; peak memory 132 MiB.
2026-10-08T14:24:37Z INFO [13/900] 729e6f6a-7338-4b24-b853-0527ff8b3f60: 22 groups; 1.0 s; peak memory 132 MiB.
2026-10-08T14:24:38Z INFO [14/900] 729f40b8-1c0d-4b09-8fca-23b303df8a9c: 33 groups; 0.8 s; peak memory 132 MiB.
2026-10-08T14:24:39Z INFO [15/900] 729fea43-245d-412a-96dc-70619cbc5a52: 195 groups; 0.8 s; peak memory 132 MiB.
2026-10-08T14:24:44Z INFO [16/900] 72a02432-4635-47ea-b6a3-303b0d47659f: 187 groups; 5.6 s; peak memory 141 MiB.
2026-10-08T14:24:45Z INFO [17/900] 72a04fbc-ba3e-4fe4-a67d-e8086d0af63f: 16 groups; 0.4 s; peak memory 141 MiB.
2026-10-08T14:24:46Z INFO [18/900] 72a07b9d-f797-480b-bbe2-22ea1bafb530: 22 groups; 0.8 s; peak memory 141 MiB.
2026-10-08T14:24:47Z INFO [19/900] 72a0ea06-aa93-4dd3-ac65-d080546e8e10: 53 groups; 1.2 s; peak memory 141 MiB.
2026-10-08T14:24:47Z INFO [20/900] 72a150d6-fc1d-4ced-a5c8-e97234b4b6f9: 30 groups; 0.6 s; peak memory 141 MiB.
2026-10-08T14:24:48Z INFO [21/900] 72a15b0d-ec43-49c1-848c-57a5489126ec: 32 groups; 0.6 s; peak memory 142 MiB.
2026-10-08T14:24:49Z INFO [22/900] 72a1b670-388b-4d2a-b819-81ae2856761a: 337 groups; 1.3 s; peak memory 142 MiB.
2026-10-08T14:24:51Z INFO [23/900] 72a2430b-1f07-4d5e-a396-26da0bdd371b: 48 groups; 1.6 s; peak memory 142 MiB.
2026-10-08T14:24:53Z INFO [24/900] 72a25b26-cd11-4d6b-b2b8-833fd13973e7: 48 groups; 1.8 s; peak memory 142 MiB.
2026-10-08T14:24:56Z INFO [25/900] 72a3d5c7-2fe9-42df-a47d-fa9111041aa5: 120 groups; 2.9 s; peak memory 142 MiB.
2026-10-08T14:25:02Z INFO [26/900] 72a3e252-1982-4ba3-ac86-5a6b6590ee7d: 76 groups; 6.0 s; peak memory 142 MiB.
2026-10-08T14:25:06Z INFO [27/900] 72a412c1-125c-49b6-9066-87904f6fc2b4: 161 groups; 4.1 s; peak memory 142 MiB.
2026-10-08T14:25:06Z INFO [28/900] 72a449f6-43fa-438b-9d2a-124ae6d66710: 32 groups; 0.7 s; peak memory 142 MiB.
2026-10-08T14:25:07Z INFO [29/900] 72a62f39-2156-4676-8aa0-647c6b5e0846: 32 groups; 0.9 s; peak memory 142 MiB.
2026-10-08T14:25:08Z INFO [30/900] 72a6da0c-740f-4134-b95f-bd7982e3be82: 35 groups; 0.9 s; peak memory 142 MiB.
2026-10-08T14:25:09Z INFO [31/900] 72a70df0-2d78-4cec-bbcb-7342b59c3343: 32 groups; 0.8 s; peak memory 142 MiB.
2026-10-08T14:25:10Z INFO [32/900] 72a78231-f74d-4b04-a7d0-bd0cc03dedf6: 22 groups; 0.8 s; peak memory 142 MiB.
2026-10-08T14:25:11Z INFO [33/900] 72a7a596-ce06-4dd8-a051-9954394f3a2f: 194 groups; 0.9 s; peak memory 142 MiB.
2026-10-08T14:25:12Z INFO [34/900] 72a7ad76-48f0-46bd-b31b-391c4406da5b: 200 groups; 1.4 s; peak memory 142 MiB.
2026-10-08T14:25:13Z INFO [35/900] 72a7c2fc-d84c-439e-8927-d2fafa9e583a: 103 groups; 0.9 s; peak memory 142 MiB.
2026-10-08T14:25:14Z INFO [36/900] 72a81b0d-c169-4441-9c97-49f055c79cec: 35 groups; 0.7 s; peak memory 142 MiB.
2026-10-08T14:25:38Z INFO [37/900] 72a8960c-8498-42aa-ac4a-e81ced579a56: 23 groups; 24.3 s; peak memory 149 MiB.
2026-10-08T14:26:05Z INFO [38/900] 72a8b954-823d-4b66-a034-3e40939881d8: 58 groups; 26.9 s; peak memory 153 MiB.
2026-10-08T14:26:06Z INFO [39/900] 72a959bc-7ceb-4195-9c3a-272562a45c13: 22 groups; 0.8 s; peak memory 153 MiB.
2026-10-08T14:26:07Z INFO [40/900] 72a98308-ef02-4b77-89c0-d39bd456605f: 36 groups; 0.9 s; peak memory 153 MiB.
2026-10-08T14:26:17Z INFO [41/900] 72a9d251-f29c-458a-916e-76251e22c651: 92 groups; 9.9 s; peak memory 153 MiB.
2026-10-08T14:26:21Z INFO [42/900] 72aa2da0-75cc-4ff6-b587-059fe74ab2b4: 78 groups; 4.3 s; peak memory 153 MiB.
2026-10-08T14:26:22Z INFO [43/900] 72abcfb8-a065-4325-8ee6-8c8cf5e91ae2: 22 groups; 0.8 s; peak memory 153 MiB.
2026-10-08T14:26:23Z INFO [44/900] 72abfedd-c235-4edb-950c-10f958a572b8: 22 groups; 0.8 s; peak memory 153 MiB.
2026-10-08T14:26:23Z INFO [45/900] 72acc1f1-eaec-41c4-9079-e9a02b1c0011: 22 groups; 0.9 s; peak memory 153 MiB.
2026-10-08T14:26:24Z INFO [46/900] 72acce38-2e92-4a4d-bcff-adcc17e263bb: 32 groups; 0.9 s; peak memory 153 MiB.
2026-10-08T14:26:25Z INFO [47/900] 72acdf15-beb3-401a-a362-9c392ec69570: 254 groups; 0.7 s; peak memory 153 MiB.
2026-10-08T14:26:26Z INFO [48/900] 72ad2a73-74a1-48f4-b030-2468920fdb17: 22 groups; 0.8 s; peak memory 153 MiB.
2026-10-08T14:26:27Z INFO [49/900] 72af00d0-1716-493e-b34a-54d9e56478ee: 32 groups; 0.8 s; peak memory 153 MiB.
2026-10-08T14:26:27Z INFO [50/900] 72afc4e2-8329-4fd5-9603-1046572ae412: 195 groups; 0.9 s; peak memory 153 MiB.
2026-10-08T14:26:28Z INFO [50/900] 72afc4e2-8329-4fd5-9603-1046572ae412: checkpointed 102186 records.
2026-10-08T14:26:28Z INFO [51/900] 72afe42f-8757-459b-8492-66316e68cc01: 254 groups; 0.8 s; peak memory 153 MiB.
2026-10-08T14:26:35Z INFO [52/900] 72b01b69-8210-4e9d-8195-79f233358e29: 181 groups; 6.7 s; peak memory 155 MiB.
2026-10-08T14:26:36Z INFO [53/900] 72b033e1-8307-48bc-a299-f3841e09534b: 22 groups; 0.8 s; peak memory 155 MiB.
2026-10-08T14:26:36Z INFO [54/900] 72b03efb-da73-4e39-b02d-d6070a8da856: 17 groups; 0.6 s; peak memory 155 MiB.
2026-10-08T14:26:38Z INFO [55/900] 72b29791-0e0c-4fca-8ae6-00c14919b7fc: 35 groups; 1.2 s; peak memory 155 MiB.
2026-10-08T14:26:38Z INFO [56/900] 72b2fb76-8252-4da9-8696-f647b0c163d3: 22 groups; 0.8 s; peak memory 155 MiB.
2026-10-08T14:26:39Z INFO [57/900] 72b33dfc-ee09-4bfa-9f1c-cbd72267ac73: 32 groups; 0.9 s; peak memory 155 MiB.
2026-10-08T14:26:40Z INFO [58/900] 72b3674a-ae1c-4c9b-b02b-dd596904db9a: 21 groups; 0.7 s; peak memory 155 MiB.
2026-10-08T14:26:41Z INFO [59/900] 72b38c38-b922-4ce2-9499-0ac11abbba04: 33 groups; 0.8 s; peak memory 155 MiB.
2026-10-08T14:26:43Z INFO [60/900] 72b3ce22-e8b3-42e3-89f9-f5cad779e328: 48 groups; 1.8 s; peak memory 155 MiB.
2026-10-08T14:29:05Z INFO [61/900] 72b4c51f-ca6f-4dd9-b3f3-8d2189debf5a: 72 groups; 142.1 s; peak memory 306 MiB.
2026-10-08T14:29:05Z INFO [62/900] 72b4f66c-ce7b-4002-baa3-d033bb73508e: 18 groups; 0.6 s; peak memory 306 MiB.
2026-10-08T14:29:06Z INFO [63/900] 72b55233-b91d-441f-bcfe-cfd7ed13e25d: 32 groups; 0.9 s; peak memory 306 MiB.
2026-10-08T14:29:07Z INFO [64/900] 72b55417-0b77-4dc6-b76b-eb609a978eab: 32 groups; 0.8 s; peak memory 306 MiB.
2026-10-08T14:29:08Z INFO [65/900] 72b576f6-f464-40e5-9ea4-728c00a7d473: 29 groups; 0.7 s; peak memory 306 MiB.
2026-10-08T14:29:08Z INFO [66/900] 72b5dec1-032a-44bb-b2e4-39bfe05a66d6: 32 groups; 0.7 s; peak memory 306 MiB.
2026-10-08T14:29:09Z INFO [67/900] 72b6b497-8248-4f35-a48f-2f8515984dc1: 25 groups; 1.0 s; peak memory 306 MiB.
2026-10-08T14:29:10Z INFO [68/900] 72b717a7-07bc-4ab2-96fe-8a6a506c73d5: 22 groups; 0.7 s; peak memory 306 MiB.
2026-10-08T14:29:11Z INFO [69/900] 72b7c91b-7941-45e4-94b3-6f60f1ab8b56: 28 groups; 0.7 s; peak memory 306 MiB.
2026-10-08T14:29:12Z INFO [70/900] 72b8126e-099e-4855-ae77-2f40407745bb: 32 groups; 0.9 s; peak memory 306 MiB.
2026-10-08T14:33:11Z INFO [71/900] 72b8445e-2fe3-4ced-8273-221c3a55b508: 75 groups; 239.0 s; peak memory 402 MiB.
2026-10-08T14:33:17Z INFO [72/900] 72b8a9a4-ab2a-4482-8a63-64f695df17c7: 36 groups; 6.8 s; peak memory 402 MiB.
2026-10-08T14:33:18Z INFO [73/900] 72b8d3dd-100d-40cd-8c1e-2db5f7912924: 22 groups; 0.9 s; peak memory 402 MiB.
2026-10-08T14:33:20Z INFO [74/900] 72b92f43-b950-4cc0-915a-c5f3757103ad: 341 groups; 1.9 s; peak memory 402 MiB.
2026-10-08T14:33:21Z INFO [75/900] 72b97b8c-5b0f-49b1-bb04-cce46e27c617: 22 groups; 0.7 s; peak memory 402 MiB.
2026-10-08T14:33:22Z INFO [76/900] 72b990b6-8507-4067-ae22-f08ff11a7718: 32 groups; 0.7 s; peak memory 402 MiB.
2026-10-08T14:33:22Z INFO [77/900] 72ba0bd0-7fa8-4fde-9534-c52924d8b9f7: 32 groups; 0.7 s; peak memory 402 MiB.
2026-10-08T14:33:45Z INFO [78/900] 72ba5106-dbfb-4a75-9196-7d5d3bda3303: 23 groups; 22.4 s; peak memory 402 MiB.
2026-10-08T14:33:45Z INFO [79/900] 72bb0ee0-db3c-42c9-ad8c-f2c7c76c8688: 25 groups; 0.7 s; peak memory 402 MiB.
2026-10-08T14:33:49Z INFO [80/900] 72bb8f8c-9ee3-4d69-827a-c1ab9c19a529: 71 groups; 3.4 s; peak memory 402 MiB.
2026-10-08T14:33:49Z INFO [81/900] 72bbdcf8-9e97-4aa0-9149-9579f4d0f4d1: 18 groups; 0.5 s; peak memory 402 MiB.
2026-10-08T14:33:51Z INFO [82/900] 72bbf903-fb0c-4a56-b7a2-7555c3874f5f: 50 groups; 1.8 s; peak memory 402 MiB.
2026-10-08T14:33:52Z INFO [83/900] 72bc0b3d-2e9b-4bf6-8386-0111052798e9: 22 groups; 0.8 s; peak memory 402 MiB.
2026-10-08T14:33:53Z INFO [84/900] 72bc56d8-0d22-4db0-be8e-1c4c488648f8: 22 groups; 0.7 s; peak memory 402 MiB.
2026-10-08T14:33:53Z INFO [85/900] 72bc6aae-7ccb-4723-8097-c767f4509356: 28 groups; 0.8 s; peak memory 402 MiB.
2026-10-08T14:33:55Z INFO [86/900] 72bdf09b-4ca0-4312-bcb1-bcfddc44ba17: 206 groups; 1.3 s; peak memory 402 MiB.
2026-10-08T14:33:56Z INFO [87/900] 72bf31a4-4683-4191-80f8-4c798e0bd050: 33 groups; 0.8 s; peak memory 402 MiB.
2026-10-08T14:34:25Z INFO [88/900] 72bf79ec-3864-4eff-a465-ee5352c0c100: 28 groups; 29.1 s; peak memory 402 MiB.
2026-10-08T14:34:25Z INFO [89/900] 72bfa0be-d0cd-4d6d-bb45-e16321346366: 22 groups; 0.8 s; peak memory 402 MiB.
2026-10-08T14:34:27Z INFO [90/900] 72c04b92-c0b8-4031-898e-9bc63f082db6: 253 groups; 1.2 s; peak memory 402 MiB.
2026-10-08T14:34:28Z INFO [91/900] 72c18b64-ff5a-4e09-8a76-bcdbfa110d24: 32 groups; 1.0 s; peak memory 402 MiB.
2026-10-08T14:34:28Z INFO [92/900] 72c3de05-8d56-491b-9f8c-d40113f72591: 22 groups; 0.7 s; peak memory 402 MiB.
2026-10-08T14:34:29Z INFO [93/900] 72c3df45-db3f-4c77-970d-e57eed96796d: 22 groups; 0.8 s; peak memory 402 MiB.
2026-10-08T14:34:30Z INFO [94/900] 72c42426-47a5-4f8c-a559-9450d1927eff: 35 groups; 1.0 s; peak memory 402 MiB.
2026-10-08T14:34:31Z INFO [95/900] 72c4b042-3ceb-4cde-aeab-39421b286541: 32 groups; 0.9 s; peak memory 402 MiB.
2026-10-08T14:34:32Z INFO [96/900] 72c4c7ca-fb5e-459b-9b49-cbe45ba95faa: 194 groups; 1.1 s; peak memory 402 MiB.
2026-10-08T14:34:33Z INFO [97/900] 72c509ae-340f-452a-834a-69fc556dd413: 22 groups; 0.6 s; peak memory 402 MiB.
2026-10-08T14:34:33Z INFO [98/900] 72c53e10-4cb1-4312-b387-37ae0ac37999: 25 groups; 0.5 s; peak memory 402 MiB.
2026-10-08T14:34:59Z INFO [99/900] 72c54934-0901-4b30-b9a3-55d5aaf69a89: 366 groups; 25.7 s; peak memory 402 MiB.
2026-10-08T14:35:06Z INFO [100/900] 72c56b35-b4cc-4758-87bf-4f1fa126fd17: 250 groups; 7.5 s; peak memory 402 MiB.
2026-10-08T14:35:07Z INFO [100/900] 72c56b35-b4cc-4758-87bf-4f1fa126fd17: checkpointed 102236 records.
2026-10-08T14:35:07Z INFO [101/900] 72c58a47-7ccb-468b-9df9-a809ce682ee3: 42 groups; 0.9 s; peak memory 402 MiB.
2026-10-08T14:35:08Z INFO [102/900] 72c5c47c-b8e9-4a8f-926d-a9bb924f370f: 22 groups; 0.8 s; peak memory 402 MiB.
2026-10-08T14:35:09Z INFO [103/900] 72c61a62-56af-4652-8f53-4405b907fac3: 22 groups; 0.7 s; peak memory 402 MiB.
2026-10-08T14:35:10Z INFO [104/900] 72c65c2f-ed27-4928-a169-7a9ffd8a035f: 32 groups; 0.9 s; peak memory 402 MiB.
2026-10-08T14:35:11Z INFO [105/900] 72c6c3ee-dff8-4994-8f7d-cb4f0499c569: 22 groups; 0.8 s; peak memory 402 MiB.
2026-10-08T14:35:12Z INFO [106/900] 72c6ff04-23ee-4463-80c7-95388e337338: 36 groups; 1.1 s; peak memory 402 MiB.
2026-10-08T14:35:12Z INFO [107/900] 72c749f0-0565-484d-80d3-cbb751c6af5d: 28 groups; 0.6 s; peak memory 402 MiB.
2026-10-08T14:35:13Z INFO [108/900] 72c77086-8af6-44f7-bf64-2cb429c3aaec: 32 groups; 0.7 s; peak memory 402 MiB.
2026-10-08T14:35:18Z INFO [109/900] 72c885d4-da12-4b26-ace7-acfacaac0beb: 191 groups; 4.6 s; peak memory 402 MiB.
2026-10-08T14:35:20Z INFO [110/900] 72c88c84-ccf1-4054-bdd4-3c91a671326a: 50 groups; 1.9 s; peak memory 402 MiB.
2026-10-08T14:35:20Z INFO [111/900] 72c987b6-e6e0-49f8-87c5-c448f6d7c625: 22 groups; 0.7 s; peak memory 402 MiB.
2026-10-08T14:35:22Z INFO [112/900] 72c98cfa-46bb-4129-9171-818bbbd9ca10: 48 groups; 1.8 s; peak memory 402 MiB.
2026-10-08T14:35:28Z INFO [113/900] 72cae4be-065d-4945-93a3-4789c4195e90: 50 groups; 6.4 s; peak memory 402 MiB.
2026-10-08T14:35:30Z INFO [114/900] 72cb9ec4-5ad3-4d85-90f0-5c429f8f812c: 35 groups; 1.2 s; peak memory 402 MiB.
2026-10-08T14:35:30Z INFO [115/900] 72cc03bc-6706-44d5-9faf-638bd051703e: 22 groups; 0.7 s; peak memory 402 MiB.
2026-10-08T14:35:31Z INFO [116/900] 72cdd7d0-c8da-4f9a-99dd-db761469f2f1: 22 groups; 0.8 s; peak memory 402 MiB.
2026-10-08T14:35:32Z INFO [117/900] 72ce37fc-4022-4c92-9240-68855bf23a6b: 16 groups; 0.4 s; peak memory 402 MiB.
2026-10-08T14:35:33Z INFO [118/900] 72ce5a90-26ef-4e6e-89a9-f6adddccbd23: 54 groups; 1.6 s; peak memory 402 MiB.
2026-10-08T14:35:35Z INFO [119/900] 72cfb666-1a2c-4c98-b110-44ae4a15c650: 48 groups; 1.7 s; peak memory 402 MiB.
2026-10-08T14:35:36Z INFO [120/900] 72cffe1f-0cf4-4aec-abe6-de42eb283419: 35 groups; 1.1 s; peak memory 402 MiB.
2026-10-08T14:35:40Z INFO [121/900] 72d09258-62d4-4c4e-9a78-8c77b61d922f: 35 groups; 3.9 s; peak memory 402 MiB.
2026-10-08T14:35:41Z INFO [122/900] 72d11dff-7739-4e85-b5e8-c48e86f87c00: 42 groups; 0.9 s; peak memory 402 MiB.
2026-10-08T14:35:42Z INFO [123/900] 72d21c08-4f60-4567-9611-f72bbc724d72: 22 groups; 0.9 s; peak memory 402 MiB.
2026-10-08T14:36:16Z INFO [124/900] 72d2aff5-7dec-4079-b2c9-08e4e6d27a76: 27 groups; 34.8 s; peak memory 402 MiB.
2026-10-08T14:36:22Z INFO [125/900] 72d3692c-865b-4cc9-b942-4c52b024427e: 120 groups; 5.8 s; peak memory 402 MiB.
2026-10-08T14:36:23Z INFO [126/900] 72d42ef0-2e17-44d9-94ec-57a1081e1c8f: 16 groups; 0.5 s; peak memory 402 MiB.
2026-10-08T14:36:23Z INFO [127/900] 72d477c4-f86c-460b-9200-d54439fa1ef4: 32 groups; 0.8 s; peak memory 402 MiB.
2026-10-08T14:36:24Z INFO [128/900] 72d7a2d9-1f8c-472a-846f-0624190005ae: 22 groups; 0.6 s; peak memory 402 MiB.
2026-10-08T14:36:25Z INFO [129/900] 72d7c37b-e200-4c4e-88e7-fa0c2ab9c9d0: 22 groups; 0.6 s; peak memory 402 MiB.
2026-10-08T14:36:32Z INFO [130/900] 72d82068-0cee-4ba9-9942-5fb233c8e6b2: 414 groups; 7.6 s; peak memory 402 MiB.
2026-10-08T14:36:40Z INFO [131/900] 72d8f115-65e8-468a-995b-290f21a7f4b1: 218 groups; 7.7 s; peak memory 402 MiB.
2026-10-08T14:36:41Z INFO [132/900] 72da2d2d-291f-4a76-8ac5-f31399cebb8f: 33 groups; 0.8 s; peak memory 402 MiB.
2026-10-08T14:36:42Z INFO [133/900] 72da8a02-baa0-4088-8771-a4f13a7ff331: 22 groups; 0.7 s; peak memory 402 MiB.
2026-10-08T14:36:43Z INFO [134/900] 72dafcc5-8773-4f3e-8e00-522057c2cd70: 33 groups; 1.1 s; peak memory 402 MiB.
2026-10-08T14:36:44Z INFO [135/900] 72dbc9f2-b4a3-466e-b6a1-2744c7f80ccd: 52 groups; 0.8 s; peak memory 402 MiB.
2026-10-08T14:36:53Z INFO [136/900] 72dbf860-4daa-43fa-95b9-a31eab022121: 301 groups; 9.6 s; peak memory 402 MiB.
2026-10-08T14:36:54Z INFO [137/900] 72dc1895-6fc1-4248-8448-6950d5329288: 32 groups; 0.7 s; peak memory 402 MiB.
2026-10-08T14:36:55Z INFO [138/900] 72dd26ae-df65-46b1-b5bf-305bb6ea4a68: 32 groups; 0.8 s; peak memory 402 MiB.
2026-10-08T14:36:56Z INFO [139/900] 72de4140-87d8-4da4-9c59-3f4e0faf4961: 27 groups; 1.0 s; peak memory 402 MiB.
2026-10-08T14:36:57Z INFO [140/900] 72df458e-016c-4210-b81b-a73780ed04e2: 48 groups; 1.5 s; peak memory 402 MiB.
2026-10-08T14:36:58Z INFO [141/900] 72df65eb-0185-42f2-8a67-03eb3aadfe6f: 32 groups; 0.8 s; peak memory 402 MiB.
2026-10-08T14:36:59Z INFO [142/900] 72e138d4-07c9-4df6-a9ad-745c9bedfbee: 22 groups; 0.8 s; peak memory 402 MiB.
2026-10-08T14:37:00Z INFO [143/900] 72e15f15-d2c3-4ac7-890c-50a142d37338: 103 groups; 0.7 s; peak memory 402 MiB.
2026-10-08T14:37:00Z INFO [144/900] 72e2b345-8034-4256-8563-94b281e65b0e: 22 groups; 0.8 s; peak memory 402 MiB.
2026-10-08T14:41:35Z INFO [145/900] 72e3258d-c80c-47a9-8f38-366fed6d176f: 81 groups; 274.9 s; peak memory 560 MiB.
2026-10-08T14:41:36Z INFO [146/900] 72e35c81-5f72-40d8-b552-37fc7a959d09: 22 groups; 0.9 s; peak memory 560 MiB.
2026-10-08T14:41:37Z INFO [147/900] 72e4073f-b925-45f5-a52b-e322aaeee43f: 253 groups; 0.9 s; peak memory 560 MiB.
2026-10-08T14:41:38Z INFO [148/900] 72e41673-3b1f-4c92-92e7-375ff75f0910: 18 groups; 0.8 s; peak memory 560 MiB.
2026-10-08T14:41:39Z INFO [149/900] 72e41a91-9306-4255-ad59-5cd437d7d861: 32 groups; 0.9 s; peak memory 560 MiB.
2026-10-08T14:42:02Z INFO [150/900] 72e463a4-8db0-4725-a99e-6fa334d5ffda: 23 groups; 23.4 s; peak memory 560 MiB.
2026-10-08T14:42:02Z INFO [150/900] 72e463a4-8db0-4725-a99e-6fa334d5ffda: checkpointed 102286 records.
2026-10-08T14:42:04Z INFO [151/900] 72e4b6db-56e2-4acf-a666-fda3147bb4f8: 17 groups; 1.4 s; peak memory 560 MiB.
2026-10-08T14:42:04Z INFO [152/900] 72e529bb-0153-4c82-a417-6a02b68a6f61: 16 groups; 0.7 s; peak memory 560 MiB.
2026-10-08T14:42:08Z INFO [153/900] 72e55f6a-dca0-4d77-8a7c-57840da474eb: 130 groups; 3.5 s; peak memory 560 MiB.
2026-10-08T14:42:11Z INFO [154/900] 72e56b8b-8476-4c25-aa0a-141cbc1ccb72: 181 groups; 2.9 s; peak memory 560 MiB.
2026-10-08T14:42:15Z INFO [155/900] 72e74269-4855-490f-a95a-ef6eb1e2f544: 147 groups; 3.9 s; peak memory 560 MiB.
2026-10-08T14:42:16Z INFO [156/900] 72e821b3-3777-4368-b248-83185b50d30f: 35 groups; 0.9 s; peak memory 560 MiB.
2026-10-08T14:42:17Z INFO [157/900] 72e85655-55a8-4f2d-a378-be5380d589da: 32 groups; 1.0 s; peak memory 560 MiB.
2026-10-08T14:42:23Z INFO [158/900] 72e8698f-557f-4bfc-8a81-17ecec68e2fd: 63 groups; 5.9 s; peak memory 560 MiB.
2026-10-08T14:42:23Z INFO [159/900] 72e90d82-df5e-4529-9766-2466c1c73a22: 35 groups; 0.9 s; peak memory 560 MiB.
2026-10-08T14:42:24Z INFO [160/900] 72ea2d63-b813-423e-a992-fecb87c54cce: 22 groups; 0.7 s; peak memory 560 MiB.
2026-10-08T14:42:26Z INFO [161/900] 72ea580f-c49e-4a96-933d-0a68a2fb80ed: 35 groups; 1.4 s; peak memory 560 MiB.
2026-10-08T14:42:26Z INFO [162/900] 72ea8368-55d4-4121-aec0-c0812be97a17: 35 groups; 0.6 s; peak memory 560 MiB.
2026-10-08T14:42:29Z INFO [163/900] 72eaa141-b549-46d6-805d-8bfeb0fd81ba: 157 groups; 2.6 s; peak memory 560 MiB.
2026-10-08T14:42:34Z INFO [164/900] 72eb1a37-4478-4b7a-a9b7-b845a2a488fc: 182 groups; 5.3 s; peak memory 560 MiB.
2026-10-08T14:42:38Z INFO [165/900] 72eb7a7f-5cf2-48e2-a14e-240e5d2f34ca: 75 groups; 3.8 s; peak memory 560 MiB.
2026-10-08T14:42:38Z INFO [166/900] 72eb9923-18a9-4a37-98e8-770249dc90d3: 31 groups; 0.6 s; peak memory 560 MiB.
2026-10-08T14:42:39Z INFO [167/900] 72ecade2-1e4e-4efa-a1ff-b667df394379: 259 groups; 0.9 s; peak memory 560 MiB.
2026-10-08T14:42:43Z INFO [168/900] 72ee6262-6a83-4087-be3f-4db9fe56c83b: 69 groups; 3.4 s; peak memory 560 MiB.
2026-10-08T14:42:47Z INFO [169/900] 72ef8530-366a-4782-a8a8-944719435fa0: 181 groups; 4.5 s; peak memory 560 MiB.
2026-10-08T14:42:48Z INFO [170/900] 72ef8ac0-bf80-41e4-b2f2-c2d5f261a854: 29 groups; 0.9 s; peak memory 560 MiB.
2026-10-08T14:42:49Z INFO [171/900] 72ef9ee6-f62b-4b54-9d7a-2bf5802b9847: 32 groups; 0.6 s; peak memory 560 MiB.
2026-10-08T14:42:49Z INFO [172/900] 72f00473-329d-445f-b8e7-7d4d06419f37: 32 groups; 0.7 s; peak memory 560 MiB.
2026-10-08T14:42:50Z INFO [173/900] 72f0fefe-27ee-47ad-81ea-b618a790448a: 32 groups; 0.8 s; peak memory 560 MiB.
2026-10-08T14:42:51Z INFO [174/900] 72f1022e-9257-4dc1-9a91-c61f2b12a0f1: 22 groups; 1.0 s; peak memory 560 MiB.
2026-10-08T14:42:52Z INFO [175/900] 72f1b449-1066-47d6-9002-75a2ed859d0c: 31 groups; 0.5 s; peak memory 560 MiB.
2026-10-08T14:42:52Z INFO [176/900] 72f20544-1e2b-4794-83d1-3ebcbd20fffd: 18 groups; 0.6 s; peak memory 560 MiB.
2026-10-08T14:42:53Z INFO [177/900] 72f2be2f-94fe-4eea-8920-af7ad2a8050b: 32 groups; 0.8 s; peak memory 560 MiB.
2026-10-08T14:42:54Z INFO [178/900] 72f46da8-e414-406e-b613-6adae2b2a096: 29 groups; 1.3 s; peak memory 560 MiB.
2026-10-08T14:42:55Z INFO [179/900] 72f47d0c-088c-4671-b0f6-90598ec49e16: 36 groups; 1.0 s; peak memory 560 MiB.
2026-10-08T14:42:56Z INFO [180/900] 72f67e2b-c94b-4183-996c-00d673bc8789: 28 groups; 0.6 s; peak memory 560 MiB.
2026-10-08T14:42:57Z INFO [181/900] 72f73e5c-e887-409d-be13-0ad2bb68c07e: 25 groups; 1.4 s; peak memory 560 MiB.
2026-10-08T14:42:59Z INFO [182/900] 72f7905a-0b01-44a3-99cc-fe69d3019bdf: 341 groups; 1.4 s; peak memory 560 MiB.
2026-10-08T14:42:59Z INFO [183/900] 72f80ae7-da89-4e1e-aa1b-d879993b155a: 22 groups; 0.7 s; peak memory 560 MiB.
2026-10-08T14:43:02Z INFO [184/900] 72f99dca-4bc8-42a8-a6a2-6452aa273d7b: 141 groups; 3.0 s; peak memory 560 MiB.
2026-10-08T14:43:03Z INFO [185/900] 72f9fca7-7640-4647-8e96-e458d866d531: 25 groups; 0.6 s; peak memory 560 MiB.
2026-10-08T14:43:04Z INFO [186/900] 72fa199d-109e-4d55-91d7-55187716f74a: 207 groups; 1.3 s; peak memory 560 MiB.
2026-10-08T14:45:02Z INFO [187/900] 72fa89f9-1eee-41f6-9517-c0d5f50a75a8: 31 groups; 117.6 s; peak memory 560 MiB.
2026-10-08T14:45:03Z INFO [188/900] 72faaff5-52f6-46bb-ac89-5fdc0ce34aca: 32 groups; 1.0 s; peak memory 560 MiB.
2026-10-08T14:45:04Z INFO [189/900] 72fb7e00-e0bc-4cc3-8972-eaf91eb08002: 25 groups; 0.9 s; peak memory 560 MiB.
2026-10-08T14:45:05Z INFO [190/900] 72fbabd2-0177-4ba5-9cdc-9414096c167b: 26 groups; 0.9 s; peak memory 560 MiB.
2026-10-08T14:45:06Z INFO [191/900] 72fc97f6-e8ff-4d4f-b43a-4a7af19b1cce: 22 groups; 0.8 s; peak memory 560 MiB.
2026-10-08T14:45:12Z INFO [192/900] 72fd8119-5510-46b5-8229-634977091c9d: 56 groups; 6.7 s; peak memory 560 MiB.
2026-10-08T14:45:14Z INFO [193/900] 72fdf1eb-7a55-4f31-a87c-3b56462baa9d: 39 groups; 1.9 s; peak memory 560 MiB.
2026-10-08T14:45:15Z INFO [194/900] 72fdfd7d-9afc-423f-ba74-0f5a5b5c4553: 22 groups; 0.8 s; peak memory 560 MiB.
2026-10-08T14:45:16Z INFO [195/900] 72fe5664-620a-4a0d-8364-a03acc7592ea: 33 groups; 0.9 s; peak memory 560 MiB.
2026-10-08T14:45:17Z INFO [196/900] 72ff3d41-db17-4f39-8828-3590ce0918f1: 22 groups; 0.7 s; peak memory 560 MiB.
2026-10-08T14:45:17Z INFO [197/900] 72ff6c25-7955-444e-b969-78a11cce5e67: 32 groups; 0.8 s; peak memory 560 MiB.
2026-10-08T14:45:19Z INFO [198/900] 72ff88ac-41b8-44d6-9279-880ab842c63a: 33 groups; 1.1 s; peak memory 560 MiB.
2026-10-08T14:47:24Z INFO [199/900] 730009ae-492d-47d9-80f4-c61472d3b399: 60 groups; 125.7 s; peak memory 560 MiB.
2026-10-08T14:47:25Z INFO [200/900] 7300736e-0a58-4e72-86be-82c819c1b19a: 203 groups; 1.0 s; peak memory 560 MiB.
2026-10-08T14:47:25Z INFO [200/900] 7300736e-0a58-4e72-86be-82c819c1b19a: checkpointed 102336 records.
2026-10-08T14:47:27Z INFO [201/900] 7300d5d5-4ca9-4154-af28-40d788ac4719: 31 groups; 1.5 s; peak memory 560 MiB.
2026-10-08T14:47:28Z INFO [202/900] 7301ced6-85dc-447e-80a9-490a8099d3ad: 29 groups; 0.8 s; peak memory 560 MiB.
2026-10-08T14:47:40Z INFO [203/900] 73021399-d64f-4ca4-9f32-ffcef8c3acec: 1086 groups; 12.0 s; peak memory 560 MiB.
2026-10-08T14:47:40Z INFO [204/900] 7302d31b-cac2-4fb0-8152-c490ab4d105a: 32 groups; 0.7 s; peak memory 560 MiB.
2026-10-08T14:47:41Z INFO [205/900] 7303c67a-8870-4dc5-8554-51dda7a92ea3: 32 groups; 0.8 s; peak memory 560 MiB.
2026-10-08T14:47:42Z INFO [206/900] 730449c2-177f-4dbf-8e98-6398af23e133: 32 groups; 0.7 s; peak memory 560 MiB.
2026-10-08T14:47:43Z INFO [207/900] 73045056-4a51-4858-8af9-a9b9a553ab6e: 20 groups; 0.6 s; peak memory 560 MiB.
2026-10-08T14:47:43Z INFO [208/900] 7305805b-8b96-408b-bdb7-ffc470ed4ccd: 202 groups; 1.0 s; peak memory 560 MiB.
2026-10-08T14:47:45Z INFO [209/900] 7305ae01-fec6-4f99-9ea5-e56a0f59bac5: 261 groups; 1.5 s; peak memory 560 MiB.
2026-10-08T14:47:46Z INFO [210/900] 7305d1af-6bda-4023-9742-4f68ec3eb0b7: 22 groups; 0.8 s; peak memory 560 MiB.
2026-10-08T14:47:47Z INFO [211/900] 730682d1-3fdd-4466-9359-21cc249d844d: 32 groups; 0.9 s; peak memory 560 MiB.
2026-10-08T14:47:47Z INFO [212/900] 73068adf-2840-421f-8055-51ec2b664d6c: 32 groups; 0.8 s; peak memory 560 MiB.
2026-10-08T14:47:48Z INFO [213/900] 73068b2c-75cb-4cd0-84d4-5d9fe2711178: 31 groups; 0.7 s; peak memory 560 MiB.
2026-10-08T14:47:52Z INFO [214/900] 73068fc4-29fa-4712-909e-cd3d80c25f64: 39 groups; 3.6 s; peak memory 560 MiB.
2026-10-08T14:47:53Z INFO [215/900] 73074293-5e78-4e95-a716-a1744daedc8b: 199 groups; 1.4 s; peak memory 560 MiB.
2026-10-08T14:47:54Z INFO [216/900] 73078379-3992-43e5-99c8-0fb8492ea922: 22 groups; 0.8 s; peak memory 560 MiB.
2026-10-08T14:47:55Z INFO [217/900] 73082dc5-5942-4ed7-bb00-8ff4b55ed262: 196 groups; 1.1 s; peak memory 560 MiB.
2026-10-08T14:47:56Z INFO [218/900] 73086eba-db8f-488a-b7d6-c6e40a5813d4: 25 groups; 0.9 s; peak memory 560 MiB.
2026-10-08T14:47:57Z INFO [219/900] 73095eb6-e91d-4f14-9847-03d6993b053a: 35 groups; 1.1 s; peak memory 560 MiB.
2026-10-08T14:47:58Z INFO [220/900] 73099d5d-137e-4817-9e53-500138317727: 22 groups; 0.6 s; peak memory 560 MiB.
2026-10-08T14:48:55Z INFO [221/900] 730a07b0-286d-4d2e-9ad9-b766aa5084e3: 8589 groups; 57.0 s; peak memory 617 MiB.
2026-10-08T14:48:55Z INFO [222/900] 730a5a59-2b8b-42c3-bebc-f79689c0d119: 30 groups; 0.7 s; peak memory 617 MiB.
2026-10-08T14:48:56Z INFO [223/900] 730ae4c3-afc3-4b5b-8e58-889302db1666: 32 groups; 0.9 s; peak memory 617 MiB.
2026-10-08T14:48:57Z INFO [224/900] 730b1db9-c67e-4567-89ea-921fdeb66c6c: 32 groups; 0.7 s; peak memory 617 MiB.
2026-10-08T14:48:58Z INFO [225/900] 730c23b1-0e42-4a7a-bf87-cfab14233f1f: 33 groups; 0.9 s; peak memory 617 MiB.
2026-10-08T14:48:59Z INFO [226/900] 730d11a1-dd0f-438e-921a-d66312ff8dad: 108 groups; 1.1 s; peak memory 617 MiB.
2026-10-08T14:48:59Z INFO [227/900] 730de3db-7122-4d67-8b72-9b61d11e909a: 16 groups; 0.5 s; peak memory 617 MiB.
2026-10-08T14:49:21Z INFO [228/900] 730e26e7-f3ee-4f7f-8b9e-262df33a6348: 23 groups; 21.8 s; peak memory 617 MiB.
2026-10-08T14:49:26Z INFO [229/900] 730e4f5d-6955-4085-aaa5-82e128263405: 224 groups; 5.2 s; peak memory 617 MiB.
2026-10-08T14:49:38Z INFO [230/900] 730e6306-37cd-4004-a416-16b497fed748: 22 groups; 12.0 s; peak memory 617 MiB.
2026-10-08T14:49:40Z INFO [231/900] 730ec038-1f7d-405d-8bc3-e0e3ad155bde: 207 groups; 1.4 s; peak memory 617 MiB.
2026-10-08T14:49:41Z INFO [232/900] 730f6ab9-42ff-4f54-b1aa-fe9fa12ce326: 32 groups; 0.8 s; peak memory 617 MiB.
2026-10-08T14:49:41Z INFO [233/900] 730fd528-945d-4281-8b5b-46353a4f5185: 23 groups; 0.6 s; peak memory 617 MiB.
2026-10-08T14:49:52Z INFO [234/900] 731000db-9078-4e82-8d21-0227210e18ee: 396 groups; 10.3 s; peak memory 617 MiB.
2026-10-08T14:49:52Z INFO [235/900] 73104ba9-9d85-417f-894b-98291f7bcf4c: 22 groups; 0.7 s; peak memory 617 MiB.
2026-10-08T14:49:53Z INFO [236/900] 73116678-2685-44a0-9f77-32ae9f0d3707: 16 groups; 0.5 s; peak memory 617 MiB.
2026-10-08T14:49:53Z INFO [237/900] 73117bb9-3bb2-4314-9332-f5d6c4fccfb2: 25 groups; 0.7 s; peak memory 617 MiB.
2026-10-08T14:49:54Z INFO [238/900] 73118c99-78af-4ecf-b414-848485600e90: 32 groups; 0.6 s; peak memory 617 MiB.
2026-10-08T14:49:55Z INFO [239/900] 7311ffdc-dd0f-4449-9676-1ad989104e99: 22 groups; 0.6 s; peak memory 617 MiB.
2026-10-08T14:49:55Z INFO [240/900] 731239b0-8e98-491f-a4fe-06d0d3aa1efe: 22 groups; 0.8 s; peak memory 617 MiB.
2026-10-08T14:49:58Z INFO [241/900] 7312bbd1-e417-45ab-9102-07fdb78e3979: 78 groups; 2.6 s; peak memory 617 MiB.
2026-10-08T14:49:59Z INFO [242/900] 73131f1c-4c3e-422e-84df-27c307caf627: 22 groups; 0.7 s; peak memory 617 MiB.
2026-10-08T14:49:59Z INFO [243/900] 7313d208-21e7-45d1-8e5f-437dcbb6ff6f: 103 groups; 0.6 s; peak memory 617 MiB.
2026-10-08T14:50:00Z INFO [244/900] 73145ee7-04b7-4f7d-999c-f83d8e44990f: 33 groups; 1.0 s; peak memory 617 MiB.
2026-10-08T14:50:01Z INFO [245/900] 7314f02d-efef-4202-89ec-f32b15a5c56b: 196 groups; 0.9 s; peak memory 617 MiB.
2026-10-08T14:50:02Z INFO [246/900] 7315084a-e2b6-46e2-b9fe-2825661ee3a6: 16 groups; 0.4 s; peak memory 617 MiB.
2026-10-08T14:50:03Z INFO [247/900] 73154035-0bfc-4c5a-8fa4-a124764ab446: 48 groups; 1.6 s; peak memory 617 MiB.
2026-10-08T14:50:05Z INFO [248/900] 731614ae-2ac9-4d33-b626-69a223b5db53: 60 groups; 1.4 s; peak memory 617 MiB.
2026-10-08T14:50:09Z INFO [249/900] 731677ae-9c82-4c4b-8341-45965e9a8db8: 107 groups; 4.0 s; peak memory 617 MiB.
2026-10-08T14:50:11Z INFO [250/900] 73168c6f-f4ee-48c8-af0c-2c6358a81343: 50 groups; 1.8 s; peak memory 617 MiB.
2026-10-08T14:50:11Z INFO [250/900] 73168c6f-f4ee-48c8-af0c-2c6358a81343: checkpointed 102386 records.
2026-10-08T14:50:11Z INFO [251/900] 7316e972-2af7-429e-9f1f-00f69e83c595: 22 groups; 0.6 s; peak memory 617 MiB.
2026-10-08T14:50:12Z INFO [252/900] 73175f59-2a54-40cc-8a38-14497581f88f: 22 groups; 0.8 s; peak memory 617 MiB.
2026-10-08T14:50:13Z INFO [253/900] 7317d488-3df9-4acc-8e64-c12c45a64785: 22 groups; 0.4 s; peak memory 617 MiB.
2026-10-08T14:50:13Z INFO [254/900] 7318058b-98a3-412e-b699-20a7d07b94c4: 22 groups; 0.8 s; peak memory 617 MiB.
2026-10-08T14:50:17Z INFO [255/900] 73181b7d-8f71-4c27-9a07-082418a57f42: 150 groups; 3.4 s; peak memory 617 MiB.
2026-10-08T14:50:17Z INFO [256/900] 731934f1-93e4-4670-9e57-f8caad2f0dbc: 31 groups; 0.5 s; peak memory 617 MiB.
2026-10-08T14:50:25Z INFO [257/900] 73193e30-c04f-4806-b948-342f46dde416: 227 groups; 7.6 s; peak memory 617 MiB.
2026-10-08T14:50:26Z INFO [258/900] 7319f498-353a-4b3f-9269-73ac30920509: 202 groups; 1.1 s; peak memory 617 MiB.
2026-10-08T14:50:28Z INFO [259/900] 731a0345-ac47-454c-bf7b-1a3b50f0cc76: 44 groups; 2.0 s; peak memory 617 MiB.
2026-10-08T14:50:28Z INFO [260/900] 731b567f-e117-467b-acf2-d51e4b2bf93a: 16 groups; 0.5 s; peak memory 617 MiB.
2026-10-08T14:50:29Z INFO [261/900] 731b9312-1fbf-4b00-b179-5ec081d8958b: 31 groups; 0.5 s; peak memory 617 MiB.
2026-10-08T14:50:30Z INFO [262/900] 731c6925-b537-4e36-b220-96614ffe510f: 16 groups; 0.6 s; peak memory 617 MiB.
2026-10-08T14:50:30Z INFO [263/900] 731ca579-8eb6-40a2-85bc-ef639f92d0d4: 35 groups; 0.9 s; peak memory 617 MiB.
2026-10-08T14:50:39Z INFO [264/900] 731cc16a-1bb6-4af9-bf04-3aa23a78b00d: 2799 groups; 8.7 s; peak memory 617 MiB.
2026-10-08T14:50:43Z INFO [265/900] 731d26c0-387e-41ef-97a5-d60d4a9aa269: 34 groups; 4.2 s; peak memory 617 MiB.
2026-10-08T14:50:44Z INFO [266/900] 731d71dc-a697-41a8-b5f0-4dc9a47efa81: 22 groups; 0.6 s; peak memory 617 MiB.
2026-10-08T14:50:45Z INFO [267/900] 731e58fb-b32f-4f05-9305-757537d85fda: 18 groups; 0.7 s; peak memory 617 MiB.
2026-10-08T14:50:46Z INFO [268/900] 731e8844-7730-4c5c-8af7-98d9c1e1ac88: 48 groups; 1.7 s; peak memory 617 MiB.
2026-10-08T14:50:47Z INFO [269/900] 731fbe7d-4e6a-4a65-a3e8-ec3009fe63ca: 35 groups; 0.8 s; peak memory 617 MiB.
2026-10-08T14:50:49Z INFO [270/900] 7320c06a-5ae0-4273-bb57-3371cc50ac81: 48 groups; 1.7 s; peak memory 617 MiB.
2026-10-08T14:50:50Z INFO [271/900] 7320d32a-6313-4fcc-a888-826b9e559eb2: 22 groups; 0.7 s; peak memory 617 MiB.
2026-10-08T14:50:50Z INFO [272/900] 73211b02-12b8-4d07-8e40-25ca0769b2c8: 22 groups; 0.9 s; peak memory 617 MiB.
2026-10-08T14:50:51Z INFO [273/900] 7321677e-53f0-4581-b696-60a8a31b690d: 32 groups; 0.9 s; peak memory 617 MiB.
2026-10-08T14:50:52Z INFO [274/900] 732192a8-5a3d-495d-8a12-e3d2adb3d47c: 22 groups; 0.8 s; peak memory 617 MiB.
2026-10-08T14:50:54Z INFO [275/900] 73225168-2a25-487b-ad5b-f2c769c2e31a: 48 groups; 1.5 s; peak memory 617 MiB.
2026-10-08T14:51:01Z INFO [276/900] 732345e0-fcc8-416c-a33a-543e1eedb7fe: 234 groups; 7.6 s; peak memory 617 MiB.
2026-10-08T14:51:02Z INFO [277/900] 7323dbcd-af1e-42c5-b257-e7e90c6ce4c1: 32 groups; 0.7 s; peak memory 617 MiB.
2026-10-08T14:51:08Z INFO [278/900] 73241121-7e58-46d4-91bc-be5b5ba7a650: 184 groups; 5.9 s; peak memory 617 MiB.
2026-10-08T14:51:09Z INFO [279/900] 73255cd5-a7a5-463e-87fe-939e4a0e2ac4: 48 groups; 1.5 s; peak memory 617 MiB.
2026-10-08T14:51:12Z INFO [280/900] 732579a9-118b-4b00-969e-7d52360d2b3d: 73 groups; 2.9 s; peak memory 617 MiB.
2026-10-08T14:51:13Z INFO [281/900] 73257a04-9683-4571-8724-5e993e2a7c07: 22 groups; 0.7 s; peak memory 617 MiB.
2026-10-08T14:51:14Z INFO [282/900] 7325b1b4-dcc2-4f77-a6b6-a1ea037677eb: 24 groups; 0.9 s; peak memory 617 MiB.
2026-10-08T14:51:15Z INFO [283/900] 73261940-00b5-4605-8e1b-6d39be0b1293: 32 groups; 1.0 s; peak memory 617 MiB.
2026-10-08T14:51:17Z INFO [284/900] 73266a1c-d52c-47d3-98ca-574393ed0aca: 48 groups; 1.9 s; peak memory 617 MiB.
2026-10-08T14:51:23Z INFO [285/900] 7326b9f5-d2c4-4789-a715-e615e815561d: 76 groups; 6.9 s; peak memory 617 MiB.
2026-10-08T14:51:24Z INFO [286/900] 73273b75-2d97-461a-ac4d-c0aa54c4093f: 18 groups; 0.5 s; peak memory 617 MiB.
2026-10-08T14:51:25Z INFO [287/900] 732a7ad7-c2ed-4f9b-8e15-c675934de349: 32 groups; 0.8 s; peak memory 617 MiB.
2026-10-08T14:51:28Z INFO [288/900] 732a7bd3-dbb0-4633-99ea-fec03db66e41: 181 groups; 3.4 s; peak memory 617 MiB.
2026-10-08T14:51:29Z INFO [289/900] 732a7cf8-5265-497a-8c49-45cc29fb9b88: 195 groups; 1.1 s; peak memory 617 MiB.
2026-10-08T14:51:30Z INFO [290/900] 732b197f-7f9d-4aa1-9d64-7012cbdc8d3d: 22 groups; 0.6 s; peak memory 617 MiB.
2026-10-08T14:52:33Z INFO [291/900] 732c5f38-466e-4c9c-8bbb-630fa630b4bc: 36 groups; 62.6 s; peak memory 617 MiB.
2026-10-08T14:52:42Z INFO [292/900] 732c623d-dd4e-414a-980d-b4f87277f2d6: 63 groups; 10.0 s; peak memory 617 MiB.
2026-10-08T14:52:43Z INFO [293/900] 732ca5cc-275f-4c29-b4ac-d1bb0ef4fdd8: 16 groups; 0.6 s; peak memory 617 MiB.
2026-10-08T14:52:51Z INFO [294/900] 732d9920-935d-4baf-8452-ebd78a32a426: 518 groups; 7.6 s; peak memory 617 MiB.
2026-10-08T14:52:51Z INFO [295/900] 732efcaa-8028-4741-865d-5bae2ab73609: 32 groups; 0.8 s; peak memory 617 MiB.
2026-10-08T14:52:53Z INFO [296/900] 732f1acd-8534-4d8b-b162-d9bda546ad9f: 52 groups; 1.1 s; peak memory 617 MiB.
2026-10-08T14:52:53Z INFO [297/900] 732ffd3a-8dcf-43de-881b-a606857c1f4c: 22 groups; 0.8 s; peak memory 617 MiB.
2026-10-08T14:52:54Z INFO [298/900] 733057f4-83c2-46b8-97d0-fe984738f80c: 18 groups; 0.5 s; peak memory 617 MiB.
2026-10-08T14:52:55Z INFO [299/900] 73307656-d061-437f-90d2-3f06590c728a: 32 groups; 0.8 s; peak memory 617 MiB.
2026-10-08T14:52:56Z INFO [300/900] 7331417c-4446-4898-869d-5a9940f95ea3: 17 groups; 1.2 s; peak memory 617 MiB.
2026-10-08T14:52:56Z INFO [300/900] 7331417c-4446-4898-869d-5a9940f95ea3: checkpointed 102436 records.
2026-10-08T14:52:57Z INFO [301/900] 73315efc-71dc-499b-8acb-558bf42e07c7: 257 groups; 0.9 s; peak memory 617 MiB.
2026-10-08T14:52:57Z INFO [302/900] 733166f4-03b7-472a-a036-60782a3cd6f2: 16 groups; 0.5 s; peak memory 617 MiB.
2026-10-08T14:52:58Z INFO [303/900] 73317953-655e-4dcb-ae39-24a7af0161ec: 35 groups; 1.0 s; peak memory 617 MiB.
2026-10-08T14:52:59Z INFO [304/900] 7332b795-662a-4fd0-aac4-dadffc075dde: 22 groups; 0.6 s; peak memory 617 MiB.
2026-10-08T14:53:00Z INFO [305/900] 733318fb-fd28-43ff-ad3c-0d035ed7a41e: 35 groups; 0.9 s; peak memory 617 MiB.
2026-10-08T14:53:01Z INFO [306/900] 7333227d-4a11-485e-90df-922b32ac132b: 32 groups; 0.8 s; peak memory 617 MiB.
2026-10-08T14:53:02Z INFO [307/900] 73337f95-a214-4180-85e7-416b5b10db9c: 341 groups; 1.7 s; peak memory 617 MiB.
2026-10-08T14:53:03Z INFO [308/900] 73341b02-b5e3-4e80-afdd-9473a8c7f719: 49 groups; 0.9 s; peak memory 617 MiB.
2026-10-08T14:53:05Z INFO [309/900] 73344f4e-2c7f-459f-b8a5-43ff17554d09: 108 groups; 1.5 s; peak memory 617 MiB.
2026-10-08T14:53:06Z INFO [310/900] 733491d6-2702-4b07-9233-1131cc27a754: 42 groups; 0.9 s; peak memory 617 MiB.
2026-10-08T14:55:15Z INFO [311/900] 7334aa10-a03b-44f6-a2f0-ba12b34a7fc3: 60 groups; 129.5 s; peak memory 617 MiB.
2026-10-08T14:55:16Z INFO [312/900] 733551fe-3b9f-4834-85f9-3d289674337e: 16 groups; 0.6 s; peak memory 617 MiB.
2026-10-08T14:55:17Z INFO [313/900] 7335ef84-813a-4dcb-924f-dbab4d8bf8f0: 28 groups; 0.8 s; peak memory 617 MiB.
2026-10-08T14:55:17Z INFO [314/900] 7335f33e-5255-4d5f-a91f-acda03939179: 32 groups; 0.9 s; peak memory 617 MiB.
2026-10-08T14:55:18Z INFO [315/900] 73360353-382b-451f-a806-d26885007e29: 22 groups; 0.7 s; peak memory 617 MiB.
2026-10-08T14:55:29Z INFO [316/900] 7336ccdd-41ea-4d41-9a3e-68fe2b6fde01: 451 groups; 10.4 s; peak memory 617 MiB.
2026-10-08T14:55:29Z INFO [317/900] 7336e620-4a38-48c8-836d-d2a37de40a92: 32 groups; 0.8 s; peak memory 617 MiB.
2026-10-08T14:55:31Z INFO [318/900] 7336ea10-c3b8-41b4-9c74-9046c93ea388: 50 groups; 2.1 s; peak memory 617 MiB.
2026-10-08T14:55:32Z INFO [319/900] 73370428-f064-4205-a3d5-d748c72a58cc: 32 groups; 0.7 s; peak memory 617 MiB.
2026-10-08T14:55:33Z INFO [320/900] 73376cd3-c43d-4f56-b6e7-0f76ab6ec6ec: 22 groups; 0.7 s; peak memory 617 MiB.
2026-10-08T14:55:34Z INFO [321/900] 73377c55-3031-4b00-8b78-47f213135972: 22 groups; 0.8 s; peak memory 617 MiB.
2026-10-08T14:55:35Z INFO [322/900] 73389177-44fd-49e5-8160-f4e84aa36695: 37 groups; 1.0 s; peak memory 617 MiB.
2026-10-08T14:55:37Z INFO [323/900] 7338ce5f-5413-4cb8-bbec-f26b35361042: 52 groups; 2.5 s; peak memory 617 MiB.
2026-10-08T14:55:38Z INFO [324/900] 7339659a-4203-4bfe-8d6f-57fdb09cb04a: 194 groups; 1.1 s; peak memory 617 MiB.
2026-10-08T14:55:40Z INFO [325/900] 733adba2-2e99-4392-bcd1-64e02fd4761c: 48 groups; 1.7 s; peak memory 617 MiB.
2026-10-08T14:55:41Z INFO [326/900] 733b9b74-35cd-4d73-84a4-c974ffb67a28: 22 groups; 0.9 s; peak memory 617 MiB.
2026-10-08T14:55:42Z INFO [327/900] 733c7fbb-3d6a-4d01-bbb8-bb1a051195a9: 252 groups; 0.7 s; peak memory 617 MiB.
2026-10-08T14:55:42Z INFO [328/900] 733cc64a-ed3a-4016-b11c-8cb89ede11ee: 16 groups; 0.4 s; peak memory 617 MiB.
2026-10-08T14:55:43Z INFO [329/900] 733d1e6e-83cb-4080-a036-908d2e60c848: 32 groups; 0.7 s; peak memory 617 MiB.
2026-10-08T14:55:44Z INFO [330/900] 733d35d1-724d-4d92-9672-9c5c8076cb96: 35 groups; 1.0 s; peak memory 617 MiB.
2026-10-08T14:55:45Z INFO [331/900] 733d481f-4635-4c3f-be29-4a05bf06072e: 48 groups; 1.6 s; peak memory 617 MiB.
2026-10-08T14:55:47Z INFO [332/900] 733e1056-32c1-4d67-86f8-f249e478f508: 81 groups; 2.0 s; peak memory 617 MiB.
2026-10-08T14:55:49Z INFO [333/900] 733e1f82-1578-4d06-897a-40ce1df7dfdf: 66 groups; 1.6 s; peak memory 617 MiB.
2026-10-08T14:55:50Z INFO [334/900] 733ec936-53be-4691-83b5-c5e388534c5f: 35 groups; 1.1 s; peak memory 617 MiB.
2026-10-08T14:55:51Z INFO [335/900] 733f2b86-dae2-41c1-9c57-c942de1d4b93: 22 groups; 0.8 s; peak memory 617 MiB.
2026-10-08T14:55:52Z INFO [336/900] 733f980d-d7d3-490b-92be-9697bde5c22c: 32 groups; 1.0 s; peak memory 617 MiB.
2026-10-08T14:55:54Z INFO [337/900] 73400136-6ec1-47de-9b5f-598d0ff543a8: 54 groups; 2.0 s; peak memory 617 MiB.
2026-10-08T14:55:55Z INFO [338/900] 73412281-3167-41c0-9f52-8e232f97a646: 22 groups; 0.8 s; peak memory 617 MiB.
2026-10-08T14:55:55Z INFO [339/900] 7341444a-5c5a-4082-8c06-5ee1f9676d01: 22 groups; 0.8 s; peak memory 617 MiB.
2026-10-08T14:55:56Z INFO [340/900] 73422c59-2e18-4b34-bcc6-75c9b0ea74ca: 25 groups; 0.7 s; peak memory 617 MiB.
2026-10-08T14:55:57Z INFO [341/900] 7343fb22-eee4-46f2-953a-9dda2bd04f22: 32 groups; 0.9 s; peak memory 617 MiB.
2026-10-08T14:55:58Z INFO [342/900] 734407bb-1125-4414-bf9d-af011da4fb07: 203 groups; 0.9 s; peak memory 617 MiB.
2026-10-08T14:55:59Z INFO [343/900] 734437d0-8704-4c06-bc1b-d0206b410288: 202 groups; 1.2 s; peak memory 617 MiB.
2026-10-08T14:56:01Z INFO [344/900] 7344a151-f427-4aaa-8521-ac0bdbca8d8d: 195 groups; 2.1 s; peak memory 617 MiB.
2026-10-08T14:56:02Z INFO [345/900] 73451e75-baa5-42c7-b963-daa8b17403f1: 256 groups; 0.9 s; peak memory 617 MiB.
2026-10-08T14:56:03Z INFO [346/900] 7345c8ac-1da3-4d41-98fb-eb8c818e0289: 22 groups; 0.8 s; peak memory 617 MiB.
2026-10-08T14:56:04Z INFO [347/900] 7346adb2-7c1a-4b6d-96a9-033f2f930f49: 34 groups; 1.2 s; peak memory 617 MiB.
2026-10-08T14:56:05Z INFO [348/900] 734732c3-310f-4f76-9d26-7b39db880c83: 35 groups; 1.0 s; peak memory 617 MiB.
2026-10-08T14:56:11Z INFO [349/900] 73474dd3-de8b-4e73-822d-0e2a81cb9f8b: 3887 groups; 6.2 s; peak memory 617 MiB.
2026-10-08T14:56:13Z INFO [350/900] 73491a0a-cb69-434f-8862-e2dbbbe3a251: 27 groups; 1.8 s; peak memory 617 MiB.
2026-10-08T14:56:13Z INFO [350/900] 73491a0a-cb69-434f-8862-e2dbbbe3a251: checkpointed 102486 records.
2026-10-08T14:56:16Z INFO [351/900] 7349c959-72d3-4939-ad05-1335fc4c5429: 68 groups; 2.7 s; peak memory 617 MiB.
2026-10-08T14:56:18Z INFO [352/900] 734a1b5f-1b0a-4ebf-bab5-293642e4e534: 56 groups; 2.2 s; peak memory 617 MiB.
2026-10-08T14:56:25Z INFO [353/900] 734a1e20-41f7-40b6-a9cf-de87709ad398: 50 groups; 6.8 s; peak memory 618 MiB.
2026-10-08T14:56:26Z INFO [354/900] 734aa134-9e4c-41b8-964d-f484552373ef: 201 groups; 1.1 s; peak memory 618 MiB.
2026-10-08T14:56:27Z INFO [355/900] 734b729a-7ca4-40ca-9ab9-98c006cf99bd: 103 groups; 0.9 s; peak memory 618 MiB.
2026-10-08T14:56:28Z INFO [356/900] 734ba66c-3bba-4f5e-9c7e-05eb901504c0: 194 groups; 1.1 s; peak memory 618 MiB.
2026-10-08T14:56:29Z INFO [357/900] 734bbb31-fff1-4112-a2a9-d735edebf2ba: 25 groups; 0.8 s; peak memory 618 MiB.
2026-10-08T14:56:32Z INFO [358/900] 734bdd7e-e4e2-40ff-93f3-922f906bb289: 78 groups; 3.5 s; peak memory 618 MiB.
2026-10-08T14:56:34Z INFO [359/900] 734be1f6-edd0-4246-88fa-c5c17a4510df: 336 groups; 1.3 s; peak memory 618 MiB.
2026-10-08T14:56:34Z INFO [360/900] 734cbfa6-57c5-4931-ba57-0e2c376c2db6: 32 groups; 0.8 s; peak memory 618 MiB.
2026-10-08T14:56:35Z INFO [361/900] 734ccb94-8efd-471c-8d09-a20836d53f20: 31 groups; 0.8 s; peak memory 618 MiB.
2026-10-08T14:56:39Z INFO [362/900] 734d1699-cc69-4c7f-838c-f41beae3bc8f: 69 groups; 3.9 s; peak memory 618 MiB.
2026-10-08T14:56:40Z INFO [363/900] 734d56e7-2c39-4645-afb6-55150759c0e1: 52 groups; 1.0 s; peak memory 618 MiB.
2026-10-08T14:56:42Z INFO [364/900] 734d8ed3-6bbf-4f04-a5aa-611e03070723: 207 groups; 1.6 s; peak memory 618 MiB.
2026-10-08T14:56:43Z INFO [365/900] 734d9b75-5aa6-4951-ae8d-a51eb221afab: 35 groups; 1.0 s; peak memory 618 MiB.
2026-10-08T14:56:43Z INFO [366/900] 734db854-73a7-40b0-9913-12a8f4dd0eb0: 35 groups; 0.8 s; peak memory 618 MiB.
2026-10-08T14:56:45Z INFO [367/900] 734df681-57a7-4cb6-8f6d-be50b068a7c4: 33 groups; 1.1 s; peak memory 618 MiB.
2026-10-08T14:56:45Z INFO [368/900] 734df742-628c-401d-8a1f-dfbccb1ea7af: 22 groups; 0.7 s; peak memory 618 MiB.
2026-10-08T14:56:53Z INFO [369/900] 734e9418-621e-4d84-83a1-e10c9f0fe09a: 270 groups; 8.2 s; peak memory 618 MiB.
2026-10-08T14:56:54Z INFO [370/900] 734e9f3d-85ec-4e5c-bbe8-d8daea245a51: 32 groups; 0.7 s; peak memory 618 MiB.
2026-10-08T14:56:55Z INFO [371/900] 734f3900-a4b1-470b-ac37-6841e95b1374: 199 groups; 1.3 s; peak memory 618 MiB.
2026-10-08T14:56:56Z INFO [372/900] 734f9783-eaa0-4d83-a945-001a9609b4fe: 32 groups; 0.8 s; peak memory 618 MiB.
2026-10-08T14:57:04Z INFO [373/900] 73509e8d-752d-40f7-9083-414a0a34b5ec: 230 groups; 7.9 s; peak memory 618 MiB.
2026-10-08T14:57:26Z INFO [374/900] 7350aa42-fc38-4ebd-9aab-4775a4219ad7: 23 groups; 22.3 s; peak memory 618 MiB.
2026-10-08T14:57:27Z INFO [375/900] 73517b65-daf4-459b-8e10-9c72177fcbed: 32 groups; 0.6 s; peak memory 618 MiB.
2026-10-08T14:57:28Z INFO [376/900] 7351e754-7548-42d6-adc0-6ab156a2bb8f: 16 groups; 0.6 s; peak memory 618 MiB.
2026-10-08T14:57:28Z INFO [377/900] 7351e943-c303-4c12-84df-895c15062397: 17 groups; 0.4 s; peak memory 618 MiB.
2026-10-08T14:57:29Z INFO [378/900] 7352cb93-ba77-4f92-ac7a-c21b5b7bb788: 202 groups; 1.2 s; peak memory 618 MiB.
2026-10-08T14:57:30Z INFO [379/900] 7354844f-612c-4b33-819b-4b688fafd413: 17 groups; 0.7 s; peak memory 618 MiB.
2026-10-08T14:57:31Z INFO [380/900] 73553fcd-8ea5-4845-bf6a-264d67e19837: 22 groups; 0.8 s; peak memory 618 MiB.
2026-10-08T14:57:35Z INFO [381/900] 7355515e-78fd-4f88-ac40-7c78b188925e: 85 groups; 4.8 s; peak memory 618 MiB.
2026-10-08T14:57:36Z INFO [382/900] 73555a5c-5b14-4704-9738-410c3a5b3dcd: 32 groups; 0.9 s; peak memory 618 MiB.
2026-10-08T14:57:38Z INFO [383/900] 735690bb-5b20-4355-968f-9b5539e5c9cc: 336 groups; 1.5 s; peak memory 618 MiB.
2026-10-08T14:57:39Z INFO [384/900] 73571844-8417-410f-9994-9332febc1eda: 32 groups; 0.7 s; peak memory 618 MiB.
2026-10-08T14:57:39Z INFO [385/900] 7357dc2b-9d5d-4961-83b5-1df1f29a6511: 32 groups; 0.8 s; peak memory 618 MiB.
2026-10-08T14:57:43Z INFO [386/900] 735943ff-b107-4638-9c5b-b2c0666e0992: 181 groups; 3.4 s; peak memory 618 MiB.
2026-10-08T14:58:06Z INFO [387/900] 7359ab89-409b-4719-96dd-cb0fcad7fa81: 23 groups; 23.2 s; peak memory 618 MiB.
2026-10-08T14:58:11Z INFO [388/900] 735a329b-e63e-44fa-a30a-3e2278e57bf2: 123 groups; 5.4 s; peak memory 618 MiB.
2026-10-08T14:58:13Z INFO [389/900] 735a5888-b713-47f8-9175-a7aca47fd56d: 37 groups; 1.3 s; peak memory 618 MiB.
2026-10-08T14:58:16Z INFO [390/900] 735a83d2-a66e-4657-a417-70341b9835a7: 78 groups; 3.1 s; peak memory 618 MiB.
2026-10-08T14:58:17Z INFO [391/900] 735baffb-c7e6-43ab-91ea-e66d61ad5454: 32 groups; 0.8 s; peak memory 618 MiB.
2026-10-08T14:58:17Z INFO [392/900] 735c6e66-46c0-4e9f-b27a-3f0773f01ce0: 22 groups; 0.6 s; peak memory 618 MiB.
2026-10-08T14:58:18Z INFO [393/900] 735d16aa-4715-4777-932a-f419d66da202: 257 groups; 1.0 s; peak memory 618 MiB.
2026-10-08T14:58:19Z INFO [394/900] 735e1c2d-09de-488f-92ab-6d414eb56ccb: 338 groups; 1.1 s; peak memory 618 MiB.
2026-10-08T14:58:20Z INFO [395/900] 735ec93f-dc20-41fd-88b6-e93235d4d298: 35 groups; 0.8 s; peak memory 618 MiB.
2026-10-08T14:58:21Z INFO [396/900] 735fa1a7-b638-431d-9e13-ee7dfe2fb4a0: 22 groups; 0.7 s; peak memory 618 MiB.
2026-10-08T14:58:22Z INFO [397/900] 735ff9ac-8361-4152-af5b-213140e82d17: 22 groups; 0.9 s; peak memory 618 MiB.
2026-10-08T14:58:25Z INFO [398/900] 73603da8-8f7b-4d11-8253-171b07329f38: 181 groups; 3.6 s; peak memory 618 MiB.
2026-10-08T14:58:26Z INFO [399/900] 73603e2c-721c-4b18-826d-4e969531fc0d: 35 groups; 1.0 s; peak memory 618 MiB.
2026-10-08T14:58:28Z INFO [400/900] 7361d1cd-4f09-4a97-8087-d8b931bae281: 35 groups; 1.3 s; peak memory 618 MiB.
2026-10-08T14:58:28Z INFO [400/900] 7361d1cd-4f09-4a97-8087-d8b931bae281: checkpointed 102536 records.
2026-10-08T14:58:29Z INFO [401/900] 7361f199-a796-47c2-b00c-3ffa521e956a: 32 groups; 0.8 s; peak memory 618 MiB.
2026-10-08T14:58:29Z INFO [402/900] 7362becb-5d6c-4cab-9f68-e1d94fa56dce: 35 groups; 0.8 s; peak memory 618 MiB.
2026-10-08T14:58:31Z INFO [403/900] 736422d2-c011-467c-a36d-7bf40acf83b2: 207 groups; 1.4 s; peak memory 618 MiB.
2026-10-08T14:58:32Z INFO [404/900] 73646563-af0d-4a24-b894-915b0c6f7987: 22 groups; 0.7 s; peak memory 618 MiB.
2026-10-08T14:58:32Z INFO [405/900] 7364bd35-048c-4232-b63e-c1fc9303a03f: 22 groups; 0.7 s; peak memory 618 MiB.
2026-10-08T14:58:34Z INFO [406/900] 7364f165-b306-4634-a6c4-159944bbcd88: 46 groups; 1.9 s; peak memory 618 MiB.
2026-10-08T14:58:35Z INFO [407/900] 7365db39-344f-4976-8dce-cf689624b132: 33 groups; 0.9 s; peak memory 618 MiB.
2026-10-08T14:58:37Z INFO [408/900] 7366d72c-7c90-4dd5-a01a-1ee40bc47f6b: 30 groups; 2.0 s; peak memory 618 MiB.
2026-10-08T14:58:38Z INFO [409/900] 73671aee-2039-4204-828b-a76d5941131b: 22 groups; 0.9 s; peak memory 618 MiB.
2026-10-08T14:58:39Z INFO [410/900] 73694c49-5d2b-4723-b43e-49b2d76af8fe: 32 groups; 0.8 s; peak memory 618 MiB.
2026-10-08T14:58:39Z INFO [411/900] 7369faaf-22ef-4c66-acac-2849e34ad39b: 253 groups; 0.8 s; peak memory 618 MiB.
2026-10-08T14:58:46Z INFO [412/900] 7369fda4-a74e-4056-91a7-691dc611b01d: 49 groups; 6.9 s; peak memory 618 MiB.
2026-10-08T14:58:49Z INFO [413/900] 736a26dd-f331-4e77-be6f-f8608822cc2d: 34 groups; 3.1 s; peak memory 618 MiB.
2026-10-08T14:58:51Z INFO [414/900] 736a7ae9-43af-4050-b6b6-0e4eb0585e1d: 29 groups; 1.3 s; peak memory 618 MiB.
2026-10-08T14:58:52Z INFO [415/900] 736a9d4d-35a4-43c5-aa48-e11583a430c0: 32 groups; 0.9 s; peak memory 618 MiB.
2026-10-08T14:58:52Z INFO [416/900] 736b5055-ca06-4c99-b351-bbb94f658efb: 35 groups; 0.7 s; peak memory 618 MiB.
2026-10-08T14:58:53Z INFO [417/900] 736b776d-fa8d-4c06-9e1c-db471dd70760: 22 groups; 0.7 s; peak memory 618 MiB.
2026-10-08T15:01:14Z INFO [418/900] 736b8391-864b-441c-8cd4-bd486425dbfb: 71 groups; 141.2 s; peak memory 618 MiB.
2026-10-08T15:01:15Z INFO [419/900] 736b8852-e063-4459-b8f8-5c512a8350ca: 32 groups; 1.0 s; peak memory 618 MiB.
2026-10-08T15:03:04Z INFO [420/900] 736be471-0263-409e-91a7-f1f2d34a9e0a: 60 groups; 108.8 s; peak memory 618 MiB.
2026-10-08T15:03:05Z INFO [421/900] 736c88ac-9968-45c1-abe2-d940b54c7f39: 32 groups; 1.1 s; peak memory 618 MiB.
2026-10-08T15:03:06Z INFO [422/900] 736d21bd-9317-44ca-8920-caea80761bd1: 32 groups; 0.7 s; peak memory 618 MiB.
2026-10-08T15:03:07Z INFO [423/900] 736da992-92f8-4d81-8fd5-c3154e27d92a: 32 groups; 0.9 s; peak memory 618 MiB.
2026-10-08T15:03:08Z INFO [424/900] 736e51c3-31b5-4969-915e-34f9dd0a7b14: 22 groups; 0.8 s; peak memory 618 MiB.
2026-10-08T15:03:08Z INFO [425/900] 736e5a78-a19d-452d-83b3-347c96c6a204: 32 groups; 0.8 s; peak memory 618 MiB.
2026-10-08T15:03:09Z INFO [426/900] 736f2436-9e60-4281-9647-8791716cfca4: 22 groups; 0.8 s; peak memory 618 MiB.
2026-10-08T15:03:16Z INFO [427/900] 736f38ca-3ef8-4731-93b9-ec4a230ff3d7: 236 groups; 7.2 s; peak memory 618 MiB.
2026-10-08T15:03:17Z INFO [428/900] 736f85d5-bd6a-4710-876e-81978c591528: 36 groups; 1.0 s; peak memory 618 MiB.
2026-10-08T15:03:18Z INFO [429/900] 736fcec3-a4ed-4ed5-888d-276169f0af7a: 22 groups; 0.7 s; peak memory 618 MiB.
2026-10-08T15:03:19Z INFO [430/900] 736ff489-2231-4b68-a51e-f2a3b1e7e66c: 19 groups; 0.6 s; peak memory 618 MiB.
2026-10-08T15:03:19Z INFO [431/900] 73708154-698a-4e02-a055-2ec2f660d6d3: 25 groups; 0.7 s; peak memory 618 MiB.
2026-10-08T15:03:24Z INFO [432/900] 737083a7-7f59-4aa8-a25d-c804963c95ef: 75 groups; 4.6 s; peak memory 618 MiB.
2026-10-08T15:03:25Z INFO [433/900] 7370c08d-c782-45ef-aeeb-1a441be2ac5b: 22 groups; 1.0 s; peak memory 618 MiB.
2026-10-08T15:03:26Z INFO [434/900] 73711358-2a09-448b-9961-645185b9d26e: 30 groups; 0.6 s; peak memory 618 MiB.
2026-10-08T15:03:27Z INFO [435/900] 73712250-1a6f-4e5f-b74b-6ae78d54fb31: 38 groups; 1.1 s; peak memory 618 MiB.
2026-10-08T15:03:28Z INFO [436/900] 7371e0a0-2919-410b-9454-87c5e02876e9: 22 groups; 0.9 s; peak memory 618 MiB.
2026-10-08T15:03:35Z INFO [437/900] 7371f577-a188-4f0f-8de3-32b6a4f9bdb3: 185 groups; 7.0 s; peak memory 618 MiB.
2026-10-08T15:03:36Z INFO [438/900] 7373a1f4-3b76-4921-840f-0230da10bf9e: 108 groups; 0.9 s; peak memory 618 MiB.
2026-10-08T15:03:36Z INFO [439/900] 7373a6a1-1a64-4a44-b459-146ef7add1f0: 32 groups; 0.8 s; peak memory 618 MiB.
2026-10-08T15:03:37Z INFO [440/900] 7373c2f2-5e44-443e-8e85-8868ad91ad27: 33 groups; 0.8 s; peak memory 618 MiB.
2026-10-08T15:03:42Z INFO [441/900] 7374f13d-4de1-40dc-b914-ec23cb4df3a4: 78 groups; 4.4 s; peak memory 618 MiB.
2026-10-08T15:03:44Z INFO [442/900] 73753c71-89c0-4a3a-bc8b-8db2c5719141: 125 groups; 2.7 s; peak memory 618 MiB.
2026-10-08T15:03:45Z INFO [443/900] 7375a959-d886-40c5-b0c7-69768d42ff7f: 23 groups; 0.5 s; peak memory 618 MiB.
2026-10-08T15:03:46Z INFO [444/900] 73760c1a-009a-4435-a1a6-bd55b4efafb6: 22 groups; 0.7 s; peak memory 618 MiB.
2026-10-08T15:03:46Z INFO [445/900] 73760cc3-ae38-40c3-b349-8d41144f065c: 22 groups; 0.6 s; peak memory 618 MiB.
2026-10-08T15:03:48Z INFO [446/900] 7376a196-6627-4bc5-ad55-4121d105abee: 50 groups; 1.8 s; peak memory 618 MiB.
2026-10-08T15:03:49Z INFO [447/900] 737753eb-bacb-4d03-a387-41e00d4e553f: 31 groups; 1.1 s; peak memory 618 MiB.
2026-10-08T15:03:58Z INFO [448/900] 737763da-04fc-4dd8-9a4b-345481be2f25: 210 groups; 9.3 s; peak memory 618 MiB.
2026-10-08T15:04:07Z INFO [449/900] 73782c0c-3692-454c-9eaa-385935a4b999: 316 groups; 8.1 s; peak memory 618 MiB.
2026-10-08T15:04:08Z INFO [450/900] 737896f9-8bb6-4cda-8b88-b41328f95a9a: 194 groups; 1.1 s; peak memory 618 MiB.
2026-10-08T15:04:08Z INFO [450/900] 737896f9-8bb6-4cda-8b88-b41328f95a9a: checkpointed 102586 records.
2026-10-08T15:04:09Z INFO [451/900] 737907d6-a27c-4eba-8120-73d40fcacc93: 32 groups; 1.1 s; peak memory 618 MiB.
2026-10-08T15:04:10Z INFO [452/900] 7379540e-e886-4b23-b25f-e77568a47cbc: 22 groups; 1.1 s; peak memory 618 MiB.
2026-10-08T15:04:12Z INFO [453/900] 73796377-3015-496b-966c-fcbe70d6b6c5: 50 groups; 2.2 s; peak memory 618 MiB.
2026-10-08T15:04:13Z INFO [454/900] 737a0600-0121-4030-b432-cf044de98f2a: 22 groups; 0.9 s; peak memory 618 MiB.
2026-10-08T15:04:17Z INFO [455/900] 737aed94-b342-4efc-95ba-f78425476571: 181 groups; 3.8 s; peak memory 618 MiB.
2026-10-08T15:04:18Z INFO [456/900] 737b114e-7e34-4ee2-94bb-2266d39f8d9c: 195 groups; 1.2 s; peak memory 618 MiB.
2026-10-08T15:04:19Z INFO [457/900] 737b2c99-1363-46bd-9edf-7d1e02d643dd: 22 groups; 0.9 s; peak memory 618 MiB.
2026-10-08T15:04:21Z INFO [458/900] 737b9df9-6263-4794-803e-bdf92ae6789e: 46 groups; 2.4 s; peak memory 618 MiB.
2026-10-08T15:04:22Z INFO [459/900] 737bcc80-0435-4723-85ce-a24b54318ff3: 32 groups; 0.8 s; peak memory 618 MiB.
2026-10-08T15:04:23Z INFO [460/900] 737bcd8f-92a6-44ac-ab09-08d5a1fad0bb: 22 groups; 0.7 s; peak memory 618 MiB.
2026-10-08T15:04:24Z INFO [461/900] 737c2496-6305-483b-a8cc-9d4dffd0aa68: 22 groups; 0.8 s; peak memory 618 MiB.
2026-10-08T15:04:24Z INFO [462/900] 737cdaa6-d891-4f1b-a9ef-f94603066cce: 16 groups; 0.4 s; peak memory 618 MiB.
2026-10-08T15:04:35Z INFO [463/900] 737d5183-3379-4c13-ac03-069013a89067: 18 groups; 10.9 s; peak memory 618 MiB.
2026-10-08T15:04:38Z INFO [464/900] 737db817-bac5-4195-8017-d156618d678c: 71 groups; 3.4 s; peak memory 618 MiB.
2026-10-08T15:04:39Z INFO [465/900] 737e612f-b311-4f51-9b95-011fde1dc69c: 30 groups; 0.5 s; peak memory 618 MiB.
2026-10-08T15:04:40Z INFO [466/900] 737f8140-e72d-4b4a-b8e7-85d7cb8e28ac: 104 groups; 1.1 s; peak memory 618 MiB.
2026-10-08T15:04:41Z INFO [467/900] 7380824e-2538-4715-8c53-7ae957878977: 26 groups; 0.6 s; peak memory 618 MiB.
2026-10-08T15:04:41Z INFO [468/900] 7380c54b-a4a8-4ce8-9046-27720d950703: 22 groups; 0.5 s; peak memory 618 MiB.
2026-10-08T15:04:42Z INFO [469/900] 73812ec4-a822-43e1-ab0f-0f6b50a4b2b6: 22 groups; 0.8 s; peak memory 618 MiB.
2026-10-08T15:04:44Z INFO [470/900] 7381610d-9588-4969-be70-bb77c1c44ef3: 54 groups; 1.8 s; peak memory 618 MiB.
2026-10-08T15:04:44Z INFO [471/900] 7381ae66-9ecd-422c-aa92-574e7dd7fad3: 32 groups; 0.8 s; peak memory 618 MiB.
2026-10-08T15:04:48Z INFO [472/900] 73830258-728f-42b3-8873-cf936a0f91a1: 195 groups; 3.6 s; peak memory 618 MiB.
2026-10-08T15:04:49Z INFO [473/900] 73831378-8e1d-447c-a313-e818c8972008: 22 groups; 0.9 s; peak memory 618 MiB.
2026-10-08T15:04:49Z INFO [474/900] 738326e9-b92c-46f2-a557-368b68d16778: 16 groups; 0.4 s; peak memory 618 MiB.
2026-10-08T15:04:50Z INFO [475/900] 738335c9-ef55-4bca-b63c-fe850e1a992c: 25 groups; 0.7 s; peak memory 618 MiB.
2026-10-08T15:04:51Z INFO [476/900] 7383507e-c716-49d1-a033-d0cf2689fe1d: 36 groups; 0.8 s; peak memory 618 MiB.
2026-10-08T15:04:51Z INFO [477/900] 73846b08-a5cd-4890-b8f1-6cb8f9aa20c3: 22 groups; 0.6 s; peak memory 618 MiB.
2026-10-08T15:04:52Z INFO [478/900] 7384aca2-0939-4e01-8887-2add59240b3f: 22 groups; 0.8 s; peak memory 618 MiB.
2026-10-08T15:04:53Z INFO [479/900] 738517c3-f043-4895-ba99-182a21e28b02: 32 groups; 0.7 s; peak memory 618 MiB.
2026-10-08T15:04:54Z INFO [480/900] 73857837-766f-4c8b-bb4f-0854a363bd8f: 32 groups; 0.8 s; peak memory 618 MiB.
2026-10-08T15:04:54Z INFO [481/900] 7385a69b-dc89-4f69-bd61-2a8263345f2e: 32 groups; 0.5 s; peak memory 618 MiB.
2026-10-08T15:04:55Z INFO [482/900] 738679a8-f749-4f22-97fe-16ff38969cbe: 35 groups; 0.7 s; peak memory 618 MiB.
2026-10-08T15:05:01Z INFO [483/900] 7386e8f7-3006-48de-9b53-0951bf179018: 313 groups; 6.2 s; peak memory 618 MiB.
2026-10-08T15:05:02Z INFO [484/900] 738717ac-ed4e-49ee-b63f-2fbb389a2f6b: 22 groups; 0.8 s; peak memory 618 MiB.
2026-10-08T15:05:02Z INFO [485/900] 738753e3-d3d4-4647-988c-562ba4d45106: 31 groups; 0.6 s; peak memory 618 MiB.
2026-10-08T15:05:03Z INFO [486/900] 738810ac-3e4f-41cd-ad16-a2bc447d79c6: 32 groups; 1.1 s; peak memory 618 MiB.
2026-10-08T15:05:04Z INFO [487/900] 73883609-854c-4d10-8ddc-d5513f683c09: 22 groups; 0.5 s; peak memory 618 MiB.
2026-10-08T15:05:05Z INFO [488/900] 73883a99-7b0f-4ce3-b30a-4aa64574100a: 18 groups; 0.6 s; peak memory 618 MiB.
2026-10-08T15:05:06Z INFO [489/900] 73885c2c-43f2-4eb8-8335-9733ff22387a: 48 groups; 1.5 s; peak memory 618 MiB.
2026-10-08T15:05:08Z INFO [490/900] 73887cbf-d66e-434e-9e4f-450c59d02400: 50 groups; 2.1 s; peak memory 618 MiB.
2026-10-08T15:05:09Z INFO [491/900] 73887da5-10bc-4553-bd34-97de9e6cf949: 99 groups; 0.8 s; peak memory 618 MiB.
2026-10-08T15:05:10Z INFO [492/900] 73888014-6002-4d3c-9be8-48db5db16c45: 17 groups; 0.5 s; peak memory 618 MiB.
2026-10-08T15:05:10Z INFO [493/900] 73899587-3fc0-4a8c-ad1c-5f9ece420402: 25 groups; 0.5 s; peak memory 618 MiB.
2026-10-08T15:05:11Z INFO [494/900] 738a9efd-cb75-4e26-a717-bc6feb821ebf: 22 groups; 0.8 s; peak memory 618 MiB.
2026-10-08T15:05:11Z INFO [495/900] 738be251-3137-4465-94a6-e8368bfb7076: 16 groups; 0.5 s; peak memory 618 MiB.
2026-10-08T15:05:17Z INFO [496/900] 738be4fd-66d9-4071-a54e-cf0064f1a1e5: 50 groups; 5.4 s; peak memory 618 MiB.
2026-10-08T15:05:18Z INFO [497/900] 738cd843-24ff-4988-8f46-1ea1af347645: 33 groups; 1.0 s; peak memory 618 MiB.
2026-10-08T15:05:20Z INFO [498/900] 738da6b2-9778-4a4c-9f95-89c08dbba37e: 56 groups; 2.5 s; peak memory 618 MiB.
2026-10-08T15:05:22Z INFO [499/900] 738e9c61-860c-45eb-b565-31f97620fb7f: 341 groups; 1.3 s; peak memory 618 MiB.
2026-10-08T15:05:32Z INFO [500/900] 738f2ea2-d582-4332-910a-6ca442c10dce: 236 groups; 10.1 s; peak memory 618 MiB.
2026-10-08T15:05:32Z INFO [500/900] 738f2ea2-d582-4332-910a-6ca442c10dce: checkpointed 102636 records.
2026-10-08T15:05:42Z INFO [501/900] 73916289-1fba-4195-a1a7-690e33175b5b: 17 groups; 10.0 s; peak memory 618 MiB.
2026-10-08T15:05:43Z INFO [502/900] 739215ca-bce8-4763-b129-44e1f2530911: 48 groups; 1.3 s; peak memory 618 MiB.
2026-10-08T15:05:44Z INFO [503/900] 73929422-6e86-43e6-b2f6-b3d3815c3bcf: 202 groups; 1.2 s; peak memory 618 MiB.
2026-10-08T15:05:45Z INFO [504/900] 7392c6a8-67b9-4e6e-8cb6-8af19d42ed59: 32 groups; 0.7 s; peak memory 618 MiB.
2026-10-08T15:05:46Z INFO [505/900] 73930135-0ca0-4732-bacc-6330afb7e88c: 24 groups; 0.5 s; peak memory 618 MiB.
2026-10-08T15:05:48Z INFO [506/900] 73936b27-30b1-43a3-81c6-312dd85a78e0: 47 groups; 2.2 s; peak memory 618 MiB.
2026-10-08T15:05:49Z INFO [507/900] 73944c33-ad1f-40ed-9c57-596b0dc1cb50: 28 groups; 1.0 s; peak memory 618 MiB.
2026-10-08T15:05:51Z INFO [508/900] 73948927-dca6-4b5c-8854-69a99796562f: 43 groups; 2.3 s; peak memory 618 MiB.
2026-10-08T15:05:52Z INFO [509/900] 739503c5-372a-46c5-aed6-9fdc3f9e3263: 202 groups; 0.9 s; peak memory 618 MiB.
2026-10-08T15:05:56Z INFO [510/900] 7395c2d7-180f-4d6c-8690-08b51c723f61: 156 groups; 3.6 s; peak memory 618 MiB.
2026-10-08T15:05:56Z INFO [511/900] 73960414-5012-40e0-ae4f-00a8edf7e599: 31 groups; 0.7 s; peak memory 618 MiB.
2026-10-08T15:05:59Z INFO [512/900] 73962c1d-d596-4761-b8ad-bad147df487a: 50 groups; 2.4 s; peak memory 618 MiB.
2026-10-08T15:05:59Z INFO [513/900] 7396813d-6405-49c2-bca8-0ef3caf040e3: 35 groups; 0.8 s; peak memory 618 MiB.
2026-10-08T15:06:01Z INFO [514/900] 73968b95-c92c-4b6e-8fbb-f1ef552e6d3a: 31 groups; 1.1 s; peak memory 618 MiB.
2026-10-08T15:06:01Z INFO [515/900] 7399123d-faea-426f-b1a0-d4038a1a500e: 21 groups; 0.7 s; peak memory 618 MiB.
2026-10-08T15:06:02Z INFO [516/900] 73992a0e-0da1-4106-8234-22bec6d2f607: 22 groups; 0.7 s; peak memory 618 MiB.
2026-10-08T15:06:04Z INFO [517/900] 73994c2e-cd20-49f4-9844-ddce9497b431: 64 groups; 1.7 s; peak memory 618 MiB.
2026-10-08T15:06:05Z INFO [518/900] 73999499-77d5-4ff6-aadf-2276749309ba: 103 groups; 0.9 s; peak memory 618 MiB.
2026-10-08T15:06:07Z INFO [519/900] 739ba5c4-dd75-4a8a-94de-b6180f0ead8c: 50 groups; 2.0 s; peak memory 618 MiB.
2026-10-08T15:06:11Z INFO [520/900] 739ba5d3-e0b0-4ff8-9344-3b5571262638: 175 groups; 4.6 s; peak memory 618 MiB.
2026-10-08T15:06:17Z INFO [521/900] 739bbe5e-eb1e-45ca-8dd2-f59adb61322e: 223 groups; 6.1 s; peak memory 618 MiB.
2026-10-08T15:06:18Z INFO [522/900] 739bf251-83aa-498d-82c0-77f627b5003f: 32 groups; 0.7 s; peak memory 618 MiB.
2026-10-08T15:06:19Z INFO [523/900] 739c04de-90f2-42bb-9c9d-6b655d654698: 32 groups; 0.9 s; peak memory 618 MiB.
2026-10-08T15:06:20Z INFO [524/900] 739c9cd9-189f-43e4-bba8-5ff9680198bb: 35 groups; 0.9 s; peak memory 618 MiB.
2026-10-08T15:06:20Z INFO [525/900] 739d8088-ebe0-4dc9-9115-5335e8a0943d: 16 groups; 0.6 s; peak memory 618 MiB.
2026-10-08T15:06:24Z INFO [526/900] 739db125-e17d-4f68-b848-a8334583ff5d: 51 groups; 3.4 s; peak memory 618 MiB.
2026-10-08T15:06:25Z INFO [527/900] 739db5d4-bc09-4b27-b770-31864b007fe4: 54 groups; 1.6 s; peak memory 618 MiB.
2026-10-08T15:06:26Z INFO [528/900] 739dcf2c-154b-4ea1-b818-87be0f782a10: 26 groups; 0.5 s; peak memory 618 MiB.
2026-10-08T15:06:28Z INFO [529/900] 739e08b8-4ebb-4fee-a816-98a808189c54: 54 groups; 2.1 s; peak memory 618 MiB.
2026-10-08T15:06:30Z INFO [530/900] 739e8aff-4890-473c-846b-bf845f33e0fe: 83 groups; 2.0 s; peak memory 618 MiB.
2026-10-08T15:06:30Z INFO [531/900] 739e8c44-50e6-492b-a888-97ab9badcce1: 30 groups; 0.7 s; peak memory 618 MiB.
2026-10-08T15:06:31Z INFO [532/900] 739ed893-d4a7-4740-a57c-92ff77ae2922: 22 groups; 0.8 s; peak memory 618 MiB.
2026-10-08T15:06:40Z INFO [533/900] 739f2ccd-b75e-4e90-a119-85f1aae07041: 205 groups; 8.7 s; peak memory 618 MiB.
2026-10-08T15:06:41Z INFO [534/900] 739fcea7-76b4-42d1-9b4a-d0ef4e7df51f: 32 groups; 0.7 s; peak memory 618 MiB.
2026-10-08T15:06:41Z INFO [535/900] 73a0dac2-089e-4b49-a813-4e4bd61eee5b: 32 groups; 0.7 s; peak memory 618 MiB.
2026-10-08T15:06:42Z INFO [536/900] 73a0f193-5224-44f2-8fa6-aa80deb7dc54: 22 groups; 0.8 s; peak memory 618 MiB.
2026-10-08T15:06:43Z INFO [537/900] 73a0fd62-ca84-4c23-ad6b-3edcb1793310: 17 groups; 0.7 s; peak memory 618 MiB.
2026-10-08T15:06:49Z INFO [538/900] 73a271dd-ce5c-4b73-91c4-772bc4343787: 193 groups; 5.8 s; peak memory 618 MiB.
2026-10-08T15:06:49Z INFO [539/900] 73a2b8bc-a23b-4c27-ac03-177a0ac91a86: 28 groups; 0.5 s; peak memory 618 MiB.
2026-10-08T15:06:50Z INFO [540/900] 73a45690-04f1-4e5a-a99b-2fc56ef43458: 35 groups; 1.0 s; peak memory 618 MiB.
2026-10-08T15:06:57Z INFO [541/900] 73a46bee-db21-4ed8-b19c-18bc6cde570a: 142 groups; 6.3 s; peak memory 618 MiB.
2026-10-08T15:06:57Z INFO [542/900] 73a4b975-5df1-422a-a874-e446fea38496: 32 groups; 0.8 s; peak memory 618 MiB.
2026-10-08T15:06:58Z INFO [543/900] 73a4c33a-a278-4457-a7a6-30c3a16b2367: 32 groups; 0.8 s; peak memory 618 MiB.
2026-10-08T15:06:59Z INFO [544/900] 73a4dd49-bfa7-4149-9ae1-74f8758cf0c3: 32 groups; 0.7 s; peak memory 618 MiB.
2026-10-08T15:07:00Z INFO [545/900] 73a69975-e6a6-45ea-96c5-8bdb8d925ff2: 22 groups; 0.7 s; peak memory 618 MiB.
2026-10-08T15:07:00Z INFO [546/900] 73a6b61c-ada2-4f28-b402-9cf6bed71a9e: 22 groups; 0.6 s; peak memory 618 MiB.
2026-10-08T15:07:01Z INFO [547/900] 73a7175e-6d31-4d39-b1d8-c07543b0261f: 16 groups; 0.6 s; peak memory 618 MiB.
2026-10-08T15:07:02Z INFO [548/900] 73a7d54f-0e72-482b-ae24-10bd5ecbce90: 32 groups; 1.0 s; peak memory 618 MiB.
2026-10-08T15:07:02Z INFO [549/900] 73a807a0-8370-4c03-802a-bf5fe7ea9f86: 16 groups; 0.4 s; peak memory 618 MiB.
2026-10-08T15:07:03Z INFO [550/900] 73a99cb0-706b-427b-bb00-ae0024c47c56: 22 groups; 0.7 s; peak memory 618 MiB.
2026-10-08T15:07:03Z INFO [550/900] 73a99cb0-706b-427b-bb00-ae0024c47c56: checkpointed 102686 records.
2026-10-08T15:07:10Z INFO [551/900] 73aa028a-5151-4854-8ccb-7dcda4e36462: 50 groups; 6.5 s; peak memory 618 MiB.
2026-10-08T15:07:12Z INFO [552/900] 73ab0771-bfd7-4f3d-87c7-4b2934b4e960: 54 groups; 2.6 s; peak memory 618 MiB.
2026-10-08T15:07:17Z INFO [553/900] 73acb1e7-65e3-464a-ab7b-b125b563c6cc: 195 groups; 5.0 s; peak memory 618 MiB.
2026-10-08T15:07:18Z INFO [554/900] 73acd7f8-97df-4dcc-a979-5d3d407392b6: 22 groups; 0.8 s; peak memory 618 MiB.
2026-10-08T15:07:22Z INFO [555/900] 73ad4d4b-2fdd-4a53-b25c-a2f1a7bd7222: 75 groups; 3.5 s; peak memory 618 MiB.
2026-10-08T15:07:22Z INFO [556/900] 73ad634c-7faf-46df-afd1-3d647755409a: 32 groups; 0.7 s; peak memory 618 MiB.
2026-10-08T15:07:23Z INFO [557/900] 73ada471-53a7-4bc9-9b39-a10aa698ce9b: 22 groups; 0.8 s; peak memory 618 MiB.
2026-10-08T15:07:24Z INFO [558/900] 73adbe63-fef2-4d27-9d73-4da8bc189dbd: 18 groups; 0.7 s; peak memory 618 MiB.
2026-10-08T15:07:25Z INFO [559/900] 73adcf45-481d-4e30-a6f5-55aedd4a84d0: 32 groups; 0.8 s; peak memory 618 MiB.
2026-10-08T15:07:27Z INFO [560/900] 73aed84f-5735-480d-b080-f092e9dcba3b: 100 groups; 2.2 s; peak memory 618 MiB.
2026-10-08T15:07:28Z INFO [561/900] 73afed63-017c-4d1a-b689-e13e29522f0c: 32 groups; 0.8 s; peak memory 618 MiB.
2026-10-08T15:07:30Z INFO [562/900] 73b06111-19f6-4583-a518-ae1149d32937: 50 groups; 2.0 s; peak memory 618 MiB.
2026-10-08T15:07:30Z INFO [563/900] 73b076b6-e525-4c7a-be63-7511761570c7: 25 groups; 0.6 s; peak memory 618 MiB.
2026-10-08T15:07:31Z INFO [564/900] 73b1f68d-4b20-4f73-a4e2-543596792df2: 22 groups; 0.7 s; peak memory 618 MiB.
2026-10-08T15:07:32Z INFO [565/900] 73b207f5-8569-439e-8ffc-ee8ca78524a8: 22 groups; 0.7 s; peak memory 618 MiB.
2026-10-08T15:07:32Z INFO [566/900] 73b2453e-2671-438b-8747-6958a3e5f1a9: 32 groups; 0.7 s; peak memory 618 MiB.
2026-10-08T15:07:33Z INFO [567/900] 73b274ef-fa7f-4e54-952d-731e2c0860a7: 22 groups; 0.7 s; peak memory 618 MiB.
2026-10-08T15:07:34Z INFO [568/900] 73b27c72-2ca5-4077-bdef-2c9b202a2279: 32 groups; 0.8 s; peak memory 618 MiB.
2026-10-08T15:07:38Z INFO [569/900] 73b2aa23-2db2-497c-ad17-d657922e5ff3: 78 groups; 4.2 s; peak memory 618 MiB.
2026-10-08T15:07:39Z INFO [570/900] 73b2ee56-2563-4dd7-8e14-e70018012549: 32 groups; 0.7 s; peak memory 618 MiB.
2026-10-08T15:07:40Z INFO [571/900] 73b3854d-b8bb-40af-bc8d-7af579b82c48: 25 groups; 0.8 s; peak memory 618 MiB.
2026-10-08T15:07:40Z INFO [572/900] 73b3a572-2fa0-4771-b815-6db06ef42a1c: 16 groups; 0.5 s; peak memory 618 MiB.
2026-10-08T15:07:42Z INFO [573/900] 73b3d8bb-6c9b-4171-a70f-0f4c2b1d9fb8: 27 groups; 1.5 s; peak memory 618 MiB.
2026-10-08T15:07:42Z INFO [574/900] 73b4636f-f5e7-4880-b645-65ed16ee83a6: 30 groups; 0.7 s; peak memory 618 MiB.
2026-10-08T15:07:43Z INFO [575/900] 73b46ddb-315c-48fe-a00f-9b85d96eeefe: 22 groups; 0.9 s; peak memory 618 MiB.
2026-10-08T15:07:44Z INFO [576/900] 73b4b1f3-33e8-456e-b41e-30654cf98889: 25 groups; 0.7 s; peak memory 618 MiB.
2026-10-08T15:07:44Z INFO [577/900] 73b5c934-5cba-45b6-b30c-29f035ca8bf6: 22 groups; 0.7 s; peak memory 618 MiB.
2026-10-08T15:07:50Z INFO [578/900] 73b689e4-937d-44ad-a470-776ade007aae: 190 groups; 5.0 s; peak memory 618 MiB.
2026-10-08T15:08:52Z INFO [579/900] 73b6e4bf-5b52-42ed-ac9f-ce7588335c28: 36 groups; 62.9 s; peak memory 618 MiB.
2026-10-08T15:08:53Z INFO [580/900] 73b71c35-a9f4-45d8-85e6-2fd73a175889: 71 groups; 0.9 s; peak memory 618 MiB.
2026-10-08T15:08:54Z INFO [581/900] 73b79510-f061-496e-b9f2-cf93d04b8f63: 22 groups; 0.9 s; peak memory 618 MiB.
2026-10-08T15:08:55Z INFO [582/900] 73b90070-387a-4960-803f-967db1e76074: 25 groups; 1.2 s; peak memory 618 MiB.
2026-10-08T15:08:57Z INFO [583/900] 73b9c82b-eb5e-4076-80df-a583cc0368c2: 48 groups; 2.0 s; peak memory 618 MiB.
2026-10-08T15:08:58Z INFO [584/900] 73ba00a6-9be9-4371-b6ae-863192f17780: 26 groups; 0.8 s; peak memory 618 MiB.
2026-10-08T15:08:59Z INFO [585/900] 73bb9ba1-3865-4183-bbfe-3d6c83da7e37: 22 groups; 0.9 s; peak memory 618 MiB.
2026-10-08T15:09:35Z INFO [586/900] 73bd913d-1a1c-459e-9cf7-9cfa03dd6849: 26 groups; 36.4 s; peak memory 618 MiB.
2026-10-08T15:09:36Z INFO [587/900] 73bddc30-6d3e-4c1b-8feb-2bf2c514e98a: 43 groups; 0.9 s; peak memory 618 MiB.
2026-10-08T15:09:37Z INFO [588/900] 73be0b5d-ece1-405e-af4b-a56764464504: 22 groups; 0.6 s; peak memory 618 MiB.
2026-10-08T15:09:39Z INFO [589/900] 73bf9859-7b3f-45cf-adba-6e9f0f258896: 341 groups; 1.9 s; peak memory 618 MiB.
2026-10-08T15:09:39Z INFO [590/900] 73c0ef6f-9f90-4905-af81-e65ead4f5c3b: 27 groups; 0.4 s; peak memory 618 MiB.
2026-10-08T15:09:43Z INFO [591/900] 73c10bf6-8664-4706-8196-1003c750998b: 105 groups; 3.4 s; peak memory 618 MiB.
2026-10-08T15:09:43Z INFO [592/900] 73c1829c-1446-45e9-8fcc-1854f83703a0: 22 groups; 0.7 s; peak memory 618 MiB.
2026-10-08T15:09:44Z INFO [593/900] 73c1a357-5001-4eb9-af86-6f9c25f29fde: 35 groups; 0.8 s; peak memory 618 MiB.
2026-10-08T15:09:51Z INFO [594/900] 73c1ee3c-c3f2-44f1-be36-8063afaedfa1: 49 groups; 6.3 s; peak memory 618 MiB.
2026-10-08T15:12:56Z INFO [595/900] 73c25cab-26aa-47a7-aae3-a98eb1b6df52: 39 groups; 185.1 s; peak memory 618 MiB.
2026-10-08T15:13:00Z INFO [596/900] 73c2e603-f276-4249-8031-73585ea83438: 218 groups; 4.1 s; peak memory 618 MiB.
2026-10-08T15:13:01Z INFO [597/900] 73c3db8c-5031-46e6-893e-422b6e0b8515: 35 groups; 1.1 s; peak memory 618 MiB.
2026-10-08T15:13:02Z INFO [598/900] 73c3ed14-e901-443c-bbcb-6bfbf045b277: 22 groups; 0.8 s; peak memory 618 MiB.
2026-10-08T15:13:02Z INFO [599/900] 73c494cf-c24b-42eb-aab2-b4b5bfbaf753: 22 groups; 0.7 s; peak memory 618 MiB.
2026-10-08T15:13:03Z INFO [600/900] 73c74ad5-b3c5-43c7-b96b-b2b8bdcbedb7: 30 groups; 0.6 s; peak memory 618 MiB.
2026-10-08T15:13:03Z INFO [600/900] 73c74ad5-b3c5-43c7-b96b-b2b8bdcbedb7: checkpointed 102736 records.
2026-10-08T15:13:12Z INFO [601/900] 73c86345-f965-42d0-8d9d-c09a7b491e9e: 189 groups; 8.4 s; peak memory 618 MiB.
2026-10-08T15:13:13Z INFO [602/900] 73ca481b-313c-4a82-a4ef-197f03b13114: 35 groups; 1.2 s; peak memory 618 MiB.
2026-10-08T15:13:14Z INFO [603/900] 73cb67b6-b8d8-4b7b-812f-266ebbe44d36: 22 groups; 0.9 s; peak memory 618 MiB.
2026-10-08T15:13:14Z INFO [604/900] 73cd4cc2-f95d-4788-8ffd-f8d533f768b5: 22 groups; 0.6 s; peak memory 618 MiB.
2026-10-08T15:13:15Z INFO [605/900] 73cd7db6-9a0f-4ae0-a694-5788b5938b5a: 16 groups; 0.6 s; peak memory 618 MiB.
2026-10-08T15:13:28Z INFO [606/900] 73ce4e7f-155c-4d59-b5b0-e5653968089a: 22 groups; 13.3 s; peak memory 618 MiB.
2026-10-08T15:13:29Z INFO [607/900] 73ceb98d-b79e-401e-aa9d-ebbe415a6923: 22 groups; 0.7 s; peak memory 618 MiB.
2026-10-08T15:13:34Z INFO [608/900] 73cecdd3-019a-4b26-ab63-ac6ff3cb5465: 178 groups; 5.4 s; peak memory 618 MiB.
2026-10-08T15:13:35Z INFO [609/900] 73cf9dc7-e868-4926-b96f-13cf45904952: 30 groups; 1.2 s; peak memory 618 MiB.
2026-10-08T15:13:37Z INFO [610/900] 73d001e8-1a45-4a80-a1d1-b9499916150a: 29 groups; 1.1 s; peak memory 618 MiB.
2026-10-08T15:13:37Z INFO [611/900] 73d03d10-d448-4edb-ae21-fdd7434d51d1: 22 groups; 0.6 s; peak memory 618 MiB.
2026-10-08T15:13:38Z INFO [612/900] 73d14f67-2f51-4f95-8032-58948e98309e: 22 groups; 0.6 s; peak memory 618 MiB.
2026-10-08T15:13:39Z INFO [613/900] 73d1c04f-dcf5-4c64-9577-47c04ac4a7af: 47 groups; 1.1 s; peak memory 618 MiB.
2026-10-08T15:13:41Z INFO [614/900] 73d20e74-49ba-46c8-9ec8-5ce152a12c2b: 37 groups; 2.1 s; peak memory 618 MiB.
2026-10-08T15:13:53Z INFO [615/900] 73d25e8e-028d-4021-bf92-e8da89943163: 216 groups; 12.5 s; peak memory 618 MiB.
2026-10-08T15:13:55Z INFO [616/900] 73d28230-fa26-4ce0-a23a-dd856071cb36: 35 groups; 1.0 s; peak memory 618 MiB.
2026-10-08T15:13:55Z INFO [617/900] 73d36499-57b0-425c-9d15-7a97fbbb685f: 22 groups; 0.9 s; peak memory 618 MiB.
2026-10-08T15:13:57Z INFO [618/900] 73d577fc-8bef-47aa-a9d5-36315d72aa10: 336 groups; 1.3 s; peak memory 618 MiB.
2026-10-08T15:13:58Z INFO [619/900] 73d73eb6-d8c6-4772-a59e-50a12cd92859: 22 groups; 1.0 s; peak memory 618 MiB.
2026-10-08T15:13:58Z INFO [620/900] 73d755c1-33aa-4c29-92ea-060a9441036e: 21 groups; 0.8 s; peak memory 618 MiB.
2026-10-08T15:13:59Z INFO [621/900] 73d82ea9-71f5-4a94-9e9f-4bac94ac7718: 25 groups; 1.0 s; peak memory 618 MiB.
2026-10-08T15:14:01Z INFO [622/900] 73d87cb4-3644-4bd5-9f97-9cf229f7eb3b: 199 groups; 1.4 s; peak memory 618 MiB.
2026-10-08T15:14:02Z INFO [623/900] 73da4ee5-a5ac-409d-b1ad-cbc270f5cdbb: 35 groups; 0.9 s; peak memory 618 MiB.
2026-10-08T15:14:02Z INFO [624/900] 73da79a8-ad2e-4c88-98f3-a497c26e38e2: 16 groups; 0.4 s; peak memory 618 MiB.
2026-10-08T15:14:03Z INFO [625/900] 73da879d-0bb1-4014-9adb-9571343fb692: 32 groups; 1.2 s; peak memory 618 MiB.
2026-10-08T15:14:04Z INFO [626/900] 73db3930-97a3-438a-b555-f24313b9ae80: 41 groups; 1.1 s; peak memory 618 MiB.
2026-10-08T15:14:05Z INFO [627/900] 73dc8e4e-047d-4fc6-bd1b-e0aae1fb43e8: 103 groups; 1.0 s; peak memory 618 MiB.
2026-10-08T15:14:06Z INFO [628/900] 73dd4223-d5f3-46a6-830d-f159e5e6c43c: 32 groups; 0.7 s; peak memory 618 MiB.
2026-10-08T15:14:07Z INFO [629/900] 73dda189-c0db-4232-ad17-b0fa88d6a21a: 32 groups; 0.8 s; peak memory 618 MiB.
2026-10-08T15:14:08Z INFO [630/900] 73ddc003-bb4a-44fe-b98b-c616a5ae1805: 22 groups; 0.8 s; peak memory 618 MiB.
2026-10-08T15:14:09Z INFO [631/900] 73ddde2d-61c8-41a7-9f33-089d428dae34: 35 groups; 0.9 s; peak memory 618 MiB.
2026-10-08T15:14:09Z INFO [632/900] 73deb471-0087-4f3e-9e48-a0592540f29f: 22 groups; 0.8 s; peak memory 618 MiB.
2026-10-08T15:14:10Z INFO [633/900] 73def424-d836-4112-adbc-bce7063e0c12: 33 groups; 0.8 s; peak memory 618 MiB.
2026-10-08T15:14:11Z INFO [634/900] 73df2126-374d-4504-a58e-b5c2408b10c1: 32 groups; 0.8 s; peak memory 618 MiB.
2026-10-08T15:14:12Z INFO [635/900] 73df7358-a24c-4378-902a-da26ff67909b: 18 groups; 0.6 s; peak memory 618 MiB.
2026-10-08T15:14:13Z INFO [636/900] 73e00deb-574a-4fbe-bb69-19ccbdff6a12: 32 groups; 1.0 s; peak memory 618 MiB.
2026-10-08T15:14:51Z INFO [637/900] 73e10d00-79bf-4eb4-905c-e8a0badffefc: 27 groups; 38.6 s; peak memory 618 MiB.
2026-10-08T15:15:37Z INFO [638/900] 73e178a0-2ab9-4c4f-b726-bf0c2e196a48: 9818 groups; 45.6 s; peak memory 618 MiB.
2026-10-08T15:15:37Z INFO [639/900] 73e1861f-e3f6-4af2-a730-11c679abf13f: 18 groups; 0.6 s; peak memory 618 MiB.
2026-10-08T15:15:39Z INFO [640/900] 73e223cd-20c2-47e3-859a-04e677127f9d: 17 groups; 1.6 s; peak memory 618 MiB.
2026-10-08T15:15:43Z INFO [641/900] 73e2f64f-2162-43f6-b975-df1b0915aafe: 181 groups; 3.8 s; peak memory 618 MiB.
2026-10-08T15:15:44Z INFO [642/900] 73e361c2-9370-44b9-a721-031517d7397e: 32 groups; 0.8 s; peak memory 618 MiB.
2026-10-08T15:15:45Z INFO [643/900] 73e38234-a7ae-4aa9-8c36-d2c03eb0fe95: 338 groups; 1.3 s; peak memory 618 MiB.
2026-10-08T15:15:46Z INFO [644/900] 73e38e45-951a-43d7-b44e-76df9cd50f6f: 22 groups; 0.6 s; peak memory 618 MiB.
2026-10-08T15:15:46Z INFO [645/900] 73e3fcb0-ba86-4fc4-9e51-5da5cca0cb25: 32 groups; 0.8 s; peak memory 618 MiB.
2026-10-08T15:15:47Z INFO [646/900] 73e44982-2b04-4e10-a091-970b79e63020: 22 groups; 0.7 s; peak memory 618 MiB.
2026-10-08T15:15:48Z INFO [647/900] 73e45081-d1ea-4223-9f8b-6cc9387c1f76: 22 groups; 0.9 s; peak memory 618 MiB.
2026-10-08T15:15:49Z INFO [648/900] 73e4939a-3de0-4eff-bece-8570fe87fd82: 25 groups; 0.6 s; peak memory 618 MiB.
2026-10-08T15:15:56Z INFO [649/900] 73e4a021-8c89-4cee-a7cd-59a5ee7c69c3: 217 groups; 7.3 s; peak memory 618 MiB.
2026-10-08T15:15:57Z INFO [650/900] 73e4ebdd-361d-4b83-9b08-38df20dee6c5: 32 groups; 0.8 s; peak memory 618 MiB.
2026-10-08T15:15:57Z INFO [650/900] 73e4ebdd-361d-4b83-9b08-38df20dee6c5: checkpointed 102786 records.
2026-10-08T15:18:07Z INFO [651/900] 73e5236a-c07b-4804-8e33-f2e52de7c4e9: 68 groups; 129.9 s; peak memory 618 MiB.
2026-10-08T15:18:08Z INFO [652/900] 73e58edc-7b68-4b12-a11f-f896df8583ec: 32 groups; 1.0 s; peak memory 618 MiB.
2026-10-08T15:18:31Z INFO [653/900] 73e5ffa6-f539-48a7-befe-17680fd08a1e: 23 groups; 23.4 s; peak memory 618 MiB.
2026-10-08T15:18:33Z INFO [654/900] 73e66609-9a7b-4c5a-9e1c-5b3ae7a2e2ce: 336 groups; 1.9 s; peak memory 618 MiB.
2026-10-08T15:18:34Z INFO [655/900] 73e6ff2d-c062-4ac4-b426-0fd40838fa7b: 35 groups; 0.9 s; peak memory 618 MiB.
2026-10-08T15:18:35Z INFO [656/900] 73e72907-015b-4879-b2c4-4153a5edc1df: 35 groups; 1.0 s; peak memory 618 MiB.
2026-10-08T15:18:36Z INFO [657/900] 73e786d5-f9e3-4ac1-8ae5-c684ece69953: 253 groups; 1.1 s; peak memory 618 MiB.
2026-10-08T15:18:38Z INFO [658/900] 73e78b8c-0dda-477d-8ffb-24ce49ac9bc6: 17 groups; 2.0 s; peak memory 618 MiB.
2026-10-08T15:18:39Z INFO [659/900] 73e9c24b-b42a-4daf-b127-09bd850ee7eb: 16 groups; 0.5 s; peak memory 618 MiB.
2026-10-08T15:18:40Z INFO [660/900] 73ea5d99-39c6-41e0-822d-d8fd15666e89: 35 groups; 0.9 s; peak memory 618 MiB.
2026-10-08T15:18:42Z INFO [661/900] 73ea827f-9367-4575-823f-b9fa404fd15a: 341 groups; 1.9 s; peak memory 618 MiB.
2026-10-08T15:18:43Z INFO [662/900] 73eac91c-2c27-4911-b842-f1333797aa4d: 35 groups; 1.1 s; peak memory 618 MiB.
2026-10-08T15:18:43Z INFO [663/900] 73eaf412-8262-4c0e-9b79-a8e070f1292e: 33 groups; 0.8 s; peak memory 618 MiB.
2026-10-08T15:18:47Z INFO [664/900] 73eb3469-b8b5-44db-b380-4ed7e71f9c8e: 121 groups; 3.7 s; peak memory 618 MiB.
2026-10-08T15:18:48Z INFO [665/900] 73eb4e3d-b794-41c0-868b-8ee2410756d5: 22 groups; 0.8 s; peak memory 618 MiB.
2026-10-08T15:18:49Z INFO [666/900] 73eb5ad4-bf64-4e2d-a1fb-b5fa580c5d17: 22 groups; 0.9 s; peak memory 618 MiB.
2026-10-08T15:18:50Z INFO [667/900] 73eb813f-aaf5-4a70-93f4-8c7b1a5e8a5a: 22 groups; 0.9 s; peak memory 618 MiB.
2026-10-08T15:18:50Z INFO [668/900] 73eb97f6-9f45-4834-b0a8-20a77086241b: 32 groups; 0.8 s; peak memory 618 MiB.
2026-10-08T15:19:01Z INFO [669/900] 73ec431f-abb7-42bb-adda-fab03653f494: 27 groups; 10.8 s; peak memory 618 MiB.
2026-10-08T15:19:02Z INFO [670/900] 73ec7efb-b0ce-47eb-ae10-feb776727b73: 32 groups; 0.8 s; peak memory 618 MiB.
2026-10-08T15:19:03Z INFO [671/900] 73ed79cf-5bf5-4665-9c85-40aee06fd331: 25 groups; 0.8 s; peak memory 618 MiB.
2026-10-08T15:20:20Z INFO [672/900] 73eda076-1fd6-4cb5-8bc6-d3757e0f195c: 69 groups; 77.7 s; peak memory 618 MiB.
2026-10-08T15:20:21Z INFO [673/900] 73ee1f79-43da-4ba1-8601-4b16a6ec2a4e: 16 groups; 0.6 s; peak memory 618 MiB.
2026-10-08T15:20:27Z INFO [674/900] 73ee7060-e5f7-47fd-9d84-e65362177d79: 155 groups; 5.6 s; peak memory 618 MiB.
2026-10-08T15:20:27Z INFO [675/900] 73ef6b9c-6c37-46b0-a998-2e37a29c494e: 22 groups; 0.7 s; peak memory 618 MiB.
2026-10-08T15:20:28Z INFO [676/900] 73f1e2df-bbb2-4e25-8506-4af36d90bfc4: 22 groups; 0.7 s; peak memory 618 MiB.
2026-10-08T15:20:29Z INFO [677/900] 73f2180e-c05b-4a12-a05a-6930aeb5b327: 32 groups; 0.8 s; peak memory 618 MiB.
2026-10-08T15:20:30Z INFO [678/900] 73f324e4-e0b4-43db-97bd-0f8e5ccd8ef1: 32 groups; 0.9 s; peak memory 618 MiB.
2026-10-08T15:20:57Z INFO [679/900] 73f43c6e-4e3d-4926-bc09-e92c2da63d7c: 4422 groups; 27.1 s; peak memory 618 MiB.
2026-10-08T15:20:58Z INFO [680/900] 73f48929-9689-4f15-8dac-6c81a0d25cd7: 87 groups; 1.1 s; peak memory 618 MiB.
2026-10-08T15:20:59Z INFO [681/900] 73f52cdf-3fba-4608-bd25-3a0184e89142: 32 groups; 1.0 s; peak memory 618 MiB.
2026-10-08T15:21:00Z INFO [682/900] 73f593ec-1a80-4393-9370-3d235224cfd2: 41 groups; 0.9 s; peak memory 618 MiB.
2026-10-08T15:21:08Z INFO [683/900] 73f5acb1-1791-4f92-8b20-d5200150a571: 201 groups; 8.1 s; peak memory 618 MiB.
2026-10-08T15:21:08Z INFO [684/900] 73f5eb9c-99b9-48b7-be1f-f4a3d8ac1134: 18 groups; 0.5 s; peak memory 618 MiB.
2026-10-08T15:21:09Z INFO [685/900] 73f5f0fc-be96-4402-b9a3-aa15be0ed961: 29 groups; 1.1 s; peak memory 618 MiB.
2026-10-08T15:21:10Z INFO [686/900] 73f66402-5569-4687-a158-1be2063a6606: 22 groups; 0.9 s; peak memory 618 MiB.
2026-10-08T15:21:11Z INFO [687/900] 73f7a653-1375-413f-bfb2-13ac179efc86: 35 groups; 1.0 s; peak memory 618 MiB.
2026-10-08T15:21:12Z INFO [688/900] 73f7b965-3821-4476-9cbb-7c59e5ad52e5: 32 groups; 0.7 s; peak memory 618 MiB.
2026-10-08T15:21:14Z INFO [689/900] 73f807df-c8ea-4012-8647-6b45ea570324: 33 groups; 1.7 s; peak memory 618 MiB.
2026-10-08T15:21:14Z INFO [690/900] 73f8cf2c-bccf-4588-a5b8-52462c569eef: 22 groups; 0.7 s; peak memory 618 MiB.
2026-10-08T15:21:15Z INFO [691/900] 73f92399-3856-4bdc-ace0-a6368626bec0: 32 groups; 1.0 s; peak memory 618 MiB.
2026-10-08T15:21:16Z INFO [692/900] 73f92e93-3c13-4e5b-be30-29c94dc04e1c: 35 groups; 0.9 s; peak memory 618 MiB.
2026-10-08T15:21:17Z INFO [693/900] 73fa0742-e956-4710-8dad-8da7a8f6ba98: 35 groups; 0.7 s; peak memory 618 MiB.
2026-10-08T15:21:18Z INFO [694/900] 73fa7d67-07ec-402a-a6b0-4e08e766979b: 206 groups; 1.1 s; peak memory 618 MiB.
2026-10-08T15:21:19Z INFO [695/900] 73fad987-074d-4784-8097-aa529405fdce: 32 groups; 0.9 s; peak memory 618 MiB.
2026-10-08T15:21:20Z INFO [696/900] 73fb31bc-945b-4239-ade4-ff18dae2cea4: 22 groups; 0.8 s; peak memory 618 MiB.
2026-10-08T15:21:21Z INFO [697/900] 73fbe554-7a0c-40a2-8767-23145c19cda6: 22 groups; 0.7 s; peak memory 618 MiB.
2026-10-08T15:21:21Z INFO [698/900] 73fca37e-922b-45d2-b92b-430947827f48: 22 groups; 0.7 s; peak memory 618 MiB.
2026-10-08T15:21:22Z INFO [699/900] 73fcc66d-50c9-4953-a333-9f0ba916906c: 21 groups; 0.7 s; peak memory 618 MiB.
2026-10-08T15:21:23Z INFO [700/900] 73fcf167-789d-4899-934e-f6a912f0c65e: 22 groups; 0.7 s; peak memory 618 MiB.
2026-10-08T15:21:23Z INFO [700/900] 73fcf167-789d-4899-934e-f6a912f0c65e: checkpointed 102836 records.
2026-10-08T15:21:24Z INFO [701/900] 73fde5ca-2408-4ada-abe8-68ee5fb27ad2: 34 groups; 0.7 s; peak memory 618 MiB.
2026-10-08T15:21:24Z INFO [702/900] 73fdea64-6237-4f91-b893-4eb25c80dd32: 32 groups; 0.7 s; peak memory 618 MiB.
2026-10-08T15:21:25Z INFO [703/900] 73fe1fc2-3728-4806-81ab-c5b439c90be1: 33 groups; 1.0 s; peak memory 618 MiB.
2026-10-08T15:21:26Z INFO [704/900] 73fe2bdd-43d0-426c-949f-90053ba80ab5: 17 groups; 0.8 s; peak memory 618 MiB.
2026-10-08T15:21:28Z INFO [705/900] 73fe7da5-e5ca-4a4b-9e53-b6ed15110faa: 48 groups; 1.6 s; peak memory 618 MiB.
2026-10-08T15:21:29Z INFO [706/900] 73ffa6a5-6c2f-4713-95fb-02d2d85c3d3b: 32 groups; 0.9 s; peak memory 618 MiB.
2026-10-08T15:21:29Z INFO [707/900] 73ffd28b-c088-4e0d-bc6a-17954eaeb738: 22 groups; 0.7 s; peak memory 618 MiB.
2026-10-08T15:21:30Z INFO [708/900] 74003e97-8e16-4a41-9cf8-10388bfcec40: 29 groups; 1.1 s; peak memory 618 MiB.
2026-10-08T15:21:32Z INFO [709/900] 740094b0-2016-48b4-8d36-b62dd24254c6: 204 groups; 1.1 s; peak memory 618 MiB.
2026-10-08T15:21:32Z INFO [710/900] 74010dac-35a4-43f6-b640-e5e062343bcd: 22 groups; 0.7 s; peak memory 618 MiB.
2026-10-08T15:21:33Z INFO [711/900] 74015152-69ae-43ca-8d7d-be48b3565ad4: 32 groups; 0.8 s; peak memory 618 MiB.
2026-10-08T15:21:34Z INFO [712/900] 74017485-5980-4bd5-a3c4-22944a91394a: 25 groups; 0.8 s; peak memory 618 MiB.
2026-10-08T15:21:38Z INFO [713/900] 7402790c-de4e-43cd-8f53-28cbfac3e176: 73 groups; 4.7 s; peak memory 618 MiB.
2026-10-08T15:21:40Z INFO [714/900] 7402879c-cf91-49c7-87be-7c796d97707d: 38 groups; 1.2 s; peak memory 618 MiB.
2026-10-08T15:21:41Z INFO [715/900] 74032e24-4342-4a47-96d9-3b4ba4b5e96a: 32 groups; 0.8 s; peak memory 618 MiB.
2026-10-08T15:21:42Z INFO [716/900] 7403bff3-5773-4ca1-8e15-5cc02b413227: 195 groups; 2.0 s; peak memory 618 MiB.
2026-10-08T15:21:46Z INFO [717/900] 7403dc1b-4d71-4b74-911e-a7dfe262bbec: 78 groups; 3.4 s; peak memory 618 MiB.
2026-10-08T15:21:48Z INFO [718/900] 7403f442-5739-496e-bc1b-fe8ecdf05a61: 47 groups; 1.7 s; peak memory 618 MiB.
2026-10-08T15:21:51Z INFO [719/900] 74040b8b-a302-4cf9-8ec6-d2ce2d8515eb: 181 groups; 3.6 s; peak memory 618 MiB.
2026-10-08T15:21:52Z INFO [720/900] 74044ce4-4911-4b6b-80f7-88c6312f6228: 22 groups; 0.8 s; peak memory 618 MiB.
2026-10-08T15:21:53Z INFO [721/900] 7405fe3d-1395-452b-a339-8fa3df7ac03a: 22 groups; 0.7 s; peak memory 618 MiB.
2026-10-08T15:21:54Z INFO [722/900] 74067ffb-eb31-4e8d-a917-c4228278cfb1: 202 groups; 1.1 s; peak memory 618 MiB.
2026-10-08T15:21:55Z INFO [723/900] 7407855f-2c6c-4e66-9e4f-34ab65b309de: 33 groups; 0.9 s; peak memory 618 MiB.
2026-10-08T15:21:59Z INFO [724/900] 74084a61-b2d2-43df-a146-fc095a08c512: 189 groups; 4.6 s; peak memory 618 MiB.
2026-10-08T15:22:00Z INFO [725/900] 74085c57-892f-4204-b086-e884f2df94f1: 22 groups; 0.7 s; peak memory 618 MiB.
2026-10-08T15:22:05Z INFO [726/900] 74099b9e-b036-4580-b0dd-dc8158ccd25d: 209 groups; 4.9 s; peak memory 618 MiB.
2026-10-08T15:22:07Z INFO [727/900] 7409f324-93e3-4372-9066-3d48c274212c: 48 groups; 2.2 s; peak memory 618 MiB.
2026-10-08T15:22:08Z INFO [728/900] 740a1aa3-2f67-45fb-b509-75c487d17ef0: 35 groups; 1.0 s; peak memory 618 MiB.
2026-10-08T15:22:12Z INFO [729/900] 740a336b-8398-44a3-900a-b348aab69588: 164 groups; 4.2 s; peak memory 618 MiB.
2026-10-08T15:22:13Z INFO [730/900] 740a4118-a374-4be1-9f49-d39530b1cfeb: 22 groups; 0.8 s; peak memory 618 MiB.
2026-10-08T15:22:14Z INFO [731/900] 740a90fe-688f-4759-99e8-83bbfe8ee422: 33 groups; 0.9 s; peak memory 618 MiB.
2026-10-08T15:22:14Z INFO [732/900] 740ad37d-ad7e-458c-afcb-40d8fc16c829: 28 groups; 0.5 s; peak memory 618 MiB.
2026-10-08T15:22:24Z INFO [733/900] 740adb71-44de-4361-99f9-39e7f2239466: 17 groups; 9.8 s; peak memory 618 MiB.
2026-10-08T15:22:25Z INFO [734/900] 740b025a-cced-429b-99d4-74c9ae9596e7: 22 groups; 0.7 s; peak memory 618 MiB.
2026-10-08T15:22:33Z INFO [735/900] 740bf846-e0dd-450c-860c-5ccbeb931639: 80 groups; 7.9 s; peak memory 618 MiB.
2026-10-08T15:22:36Z INFO [736/900] 740c8c1e-7818-4f29-9a86-6e514ec209fd: 127 groups; 3.2 s; peak memory 618 MiB.
2026-10-08T15:22:37Z INFO [737/900] 740de991-871f-4845-b872-bf1bd92b3ffa: 31 groups; 0.7 s; peak memory 618 MiB.
2026-10-08T15:24:41Z INFO [738/900] 740e8971-8af8-4691-95c5-1617b18451a6: 77 groups; 124.4 s; peak memory 618 MiB.
2026-10-08T15:24:42Z INFO [739/900] 740f48ac-b988-4937-baa4-a80be0485610: 22 groups; 0.6 s; peak memory 618 MiB.
2026-10-08T15:24:42Z INFO [740/900] 740f78f5-b788-4a37-9442-8d6fe4d92e26: 26 groups; 0.6 s; peak memory 618 MiB.
2026-10-08T15:24:43Z INFO [741/900] 740f9404-0d27-4eda-9b38-f21eac68bd71: 16 groups; 0.4 s; peak memory 618 MiB.
2026-10-08T15:25:08Z INFO [742/900] 740fd4e3-2704-4601-a841-276a4a82a2af: 23 groups; 25.5 s; peak memory 618 MiB.
2026-10-08T15:25:12Z INFO [743/900] 74104eaa-9d0e-42f3-9e84-1bc9f3773959: 78 groups; 3.6 s; peak memory 618 MiB.
2026-10-08T15:27:27Z INFO [744/900] 741182a3-ff2c-43b9-b7bb-5eebeea1d699: 60 groups; 134.9 s; peak memory 618 MiB.
2026-10-08T15:27:27Z INFO [745/900] 74125f73-64ba-47b7-8023-c8fa59611a3b: 22 groups; 0.8 s; peak memory 618 MiB.
2026-10-08T15:27:28Z INFO [746/900] 74127dd3-4cbe-47e9-94ea-74cbc31afe92: 28 groups; 0.8 s; peak memory 618 MiB.
2026-10-08T15:27:33Z INFO [747/900] 741410c4-5ae2-484b-8dfa-067201207cbe: 120 groups; 5.2 s; peak memory 618 MiB.
2026-10-08T15:27:34Z INFO [748/900] 7414713b-2978-4140-a625-801476192f06: 22 groups; 0.7 s; peak memory 618 MiB.
2026-10-08T15:27:35Z INFO [749/900] 7415133a-0e33-4ca1-a789-565fd4c74905: 34 groups; 0.9 s; peak memory 618 MiB.
2026-10-08T15:27:37Z INFO [750/900] 74152220-85db-4c84-b74c-a16318817577: 33 groups; 1.6 s; peak memory 618 MiB.
2026-10-08T15:27:37Z INFO [750/900] 74152220-85db-4c84-b74c-a16318817577: checkpointed 102886 records.
2026-10-08T15:27:50Z INFO [751/900] 7415a88a-8255-4468-a7e3-94c716b8d558: 28 groups; 12.9 s; peak memory 618 MiB.
2026-10-08T15:27:51Z INFO [752/900] 7416d6ba-c23d-4e59-b9a9-717b8edbbae7: 24 groups; 1.7 s; peak memory 618 MiB.
2026-10-08T15:27:52Z INFO [753/900] 74170b6c-5b67-49aa-b574-664def9637d5: 32 groups; 0.7 s; peak memory 618 MiB.
2026-10-08T15:27:53Z INFO [754/900] 7417cd47-5596-4f93-939d-573d6a11384a: 32 groups; 1.0 s; peak memory 618 MiB.
2026-10-08T15:27:54Z INFO [755/900] 741856da-d4f2-4d42-ab6e-43985a7ee2b8: 29 groups; 0.9 s; peak memory 618 MiB.
2026-10-08T15:27:55Z INFO [756/900] 7419f235-f21b-4443-9d09-d62765a4d731: 48 groups; 1.5 s; peak memory 618 MiB.
2026-10-08T15:27:56Z INFO [757/900] 741abf3b-198f-4bde-aca6-bb9f763047dc: 35 groups; 1.1 s; peak memory 618 MiB.
2026-10-08T15:27:57Z INFO [758/900] 741ac795-a956-473d-b37f-6b5f8ec9fb29: 32 groups; 0.7 s; peak memory 618 MiB.
2026-10-08T15:27:59Z INFO [759/900] 741b0db8-ce3d-48c7-905b-12594697fa96: 54 groups; 2.2 s; peak memory 618 MiB.
2026-10-08T15:28:01Z INFO [760/900] 741b4220-3664-47ca-b1f7-716ecabbad2e: 50 groups; 1.7 s; peak memory 618 MiB.
2026-10-08T15:28:02Z INFO [761/900] 741cb81a-8ee0-4e74-a30b-a039e9062624: 16 groups; 0.5 s; peak memory 618 MiB.
2026-10-08T15:28:02Z INFO [762/900] 741d3959-bfcd-44ea-b6a1-bbcd64307707: 22 groups; 0.8 s; peak memory 618 MiB.
2026-10-08T15:28:03Z INFO [763/900] 741edd68-9a05-4965-ad71-75296d05f1b1: 31 groups; 0.7 s; peak memory 618 MiB.
2026-10-08T15:28:04Z INFO [764/900] 741f79d2-477f-4e1c-b72d-4346a7ac7743: 21 groups; 0.7 s; peak memory 618 MiB.
2026-10-08T15:28:05Z INFO [765/900] 741fd6ad-fc36-4760-986c-eb2c70282b6e: 108 groups; 1.2 s; peak memory 618 MiB.
2026-10-08T15:28:29Z INFO [766/900] 74202863-c548-4970-8c42-6b2c7d6104b4: 23 groups; 23.6 s; peak memory 618 MiB.
2026-10-08T15:28:30Z INFO [767/900] 74207666-8e0b-4c16-9e6b-430296ba9102: 254 groups; 1.0 s; peak memory 618 MiB.
2026-10-08T15:28:32Z INFO [768/900] 742082ac-161b-4859-9e62-f59d4bc8e908: 42 groups; 2.2 s; peak memory 618 MiB.
2026-10-08T15:30:30Z INFO [769/900] 7421a825-768b-44a6-8b18-41c4074a87d8: 71 groups; 118.0 s; peak memory 618 MiB.
2026-10-08T15:30:31Z INFO [770/900] 7423660f-3e23-418a-a67b-273fcc9ff62d: 38 groups; 1.5 s; peak memory 618 MiB.
2026-10-08T15:30:32Z INFO [771/900] 7423d124-ff12-49c7-9abf-04b9298c0d02: 22 groups; 0.9 s; peak memory 618 MiB.
2026-10-08T15:30:35Z INFO [772/900] 74244814-8670-4cb4-8cf9-5389fd834642: 17 groups; 3.0 s; peak memory 618 MiB.
2026-10-08T15:30:36Z INFO [773/900] 74245ddf-71de-4e5a-b3ca-7324786e4d74: 35 groups; 0.9 s; peak memory 618 MiB.
2026-10-08T15:30:37Z INFO [774/900] 74252356-ef89-400e-8b40-8545d33a2401: 33 groups; 1.1 s; peak memory 618 MiB.
2026-10-08T15:30:43Z INFO [775/900] 74252967-39dd-432e-ba02-bddd0985c283: 178 groups; 5.2 s; peak memory 618 MiB.
2026-10-08T15:30:44Z INFO [776/900] 74261489-69b4-4c0b-9c6e-89ba190e8ab3: 32 groups; 0.9 s; peak memory 618 MiB.
2026-10-08T15:30:44Z INFO [777/900] 742674ab-25ec-44cb-9ea2-552ba6e2ba7f: 71 groups; 0.7 s; peak memory 618 MiB.
2026-10-08T15:30:45Z INFO [778/900] 7426bd71-8bae-4775-8a16-baff169e7334: 258 groups; 0.9 s; peak memory 618 MiB.
2026-10-08T15:30:46Z INFO [779/900] 742716d7-5e5d-4bc3-8f3b-d01aefea43be: 25 groups; 0.6 s; peak memory 618 MiB.
2026-10-08T15:30:47Z INFO [780/900] 74280348-9106-4e02-8695-228e078d3a10: 22 groups; 0.8 s; peak memory 618 MiB.
2026-10-08T15:30:47Z INFO [781/900] 742818ab-e993-415a-a0bd-256270722024: 35 groups; 0.9 s; peak memory 618 MiB.
2026-10-08T15:30:49Z INFO [782/900] 742913db-fa5a-43bb-b223-1ae7edf30837: 48 groups; 1.2 s; peak memory 618 MiB.
2026-10-08T15:30:49Z INFO [783/900] 7429520c-d963-4f34-8951-16bd2a41ecd8: 22 groups; 0.7 s; peak memory 618 MiB.
2026-10-08T15:30:50Z INFO [784/900] 7429c1e4-8539-4026-8dac-32f71945d211: 22 groups; 0.7 s; peak memory 618 MiB.
2026-10-08T15:30:52Z INFO [785/900] 7429cf3d-8343-4b1d-a60c-6ac700995d04: 47 groups; 2.4 s; peak memory 618 MiB.
2026-10-08T15:30:53Z INFO [786/900] 742a294b-249c-4427-8720-307877af0ef8: 22 groups; 0.6 s; peak memory 618 MiB.
2026-10-08T15:30:54Z INFO [787/900] 742a43e6-ab7a-4018-81f9-d4436c8a8424: 207 groups; 0.9 s; peak memory 618 MiB.
2026-10-08T15:30:55Z INFO [788/900] 742a6b7a-9a0c-4330-8da0-4773b7b88a33: 22 groups; 0.6 s; peak memory 618 MiB.
2026-10-08T15:30:55Z INFO [789/900] 742a92e1-3b86-4c19-8cb8-1daed4a08990: 22 groups; 0.7 s; peak memory 618 MiB.
2026-10-08T15:30:56Z INFO [790/900] 742b56a0-6ee7-4f1c-a6d0-246ef5dc78c1: 17 groups; 0.6 s; peak memory 618 MiB.
2026-10-08T15:30:57Z INFO [791/900] 742bc1e0-353b-42a3-afd0-3dfdf82d9944: 22 groups; 0.8 s; peak memory 618 MiB.
2026-10-08T15:30:59Z INFO [792/900] 742c5977-12cb-4e8f-8ea4-617163967e42: 48 groups; 2.0 s; peak memory 618 MiB.
2026-10-08T15:30:59Z INFO [793/900] 742cf972-7f96-4f75-a64a-ae737b72cd9c: 25 groups; 0.6 s; peak memory 618 MiB.
2026-10-08T15:31:00Z INFO [794/900] 742daaec-73ff-4e09-93ab-08fd2aadd057: 35 groups; 1.0 s; peak memory 618 MiB.
2026-10-08T15:31:02Z INFO [795/900] 742dc11f-8db1-48bd-a2d1-fc77b145242d: 48 groups; 1.3 s; peak memory 618 MiB.
2026-10-08T15:31:20Z INFO [796/900] 742e41c0-0627-4f4d-9dec-11f2b8592707: 3295 groups; 18.9 s; peak memory 618 MiB.
2026-10-08T15:31:21Z INFO [797/900] 742e6637-2dc7-4012-a96b-1c5692ba1ee3: 22 groups; 0.7 s; peak memory 618 MiB.
2026-10-08T15:31:22Z INFO [798/900] 742f0cd3-1f84-46d0-a7ec-194e984d4340: 23 groups; 0.5 s; peak memory 618 MiB.
2026-10-08T15:31:23Z INFO [799/900] 742fb019-6ca5-4831-8878-6ba149a08a90: 17 groups; 1.4 s; peak memory 618 MiB.
2026-10-08T15:31:24Z INFO [800/900] 74312253-d1d5-4382-a2e3-7fadd48284a6: 17 groups; 1.3 s; peak memory 618 MiB.
2026-10-08T15:31:25Z INFO [800/900] 74312253-d1d5-4382-a2e3-7fadd48284a6: checkpointed 102936 records.
2026-10-08T15:31:26Z INFO [801/900] 7431bac8-258e-43d1-8893-0950ebc19de4: 48 groups; 1.6 s; peak memory 618 MiB.
2026-10-08T15:31:27Z INFO [802/900] 74320061-2d40-49c8-bfdf-c4a6331ca5f3: 22 groups; 0.7 s; peak memory 618 MiB.
2026-10-08T15:31:27Z INFO [803/900] 74320b33-9be7-4b6a-8718-1d0c65da7aa1: 31 groups; 0.6 s; peak memory 618 MiB.
2026-10-08T15:31:39Z INFO [804/900] 74321bab-38ab-4544-ae75-312f72d70c55: 590 groups; 11.7 s; peak memory 618 MiB.
2026-10-08T15:31:40Z INFO [805/900] 74326d17-87ad-43a2-8c2e-8b7786a07cb9: 22 groups; 0.8 s; peak memory 618 MiB.
2026-10-08T15:31:41Z INFO [806/900] 74327ab1-8466-4688-89ca-49ac5ac27673: 22 groups; 0.7 s; peak memory 618 MiB.
2026-10-08T15:31:41Z INFO [807/900] 7433faf2-11df-4079-825d-c41e744fd193: 32 groups; 0.8 s; peak memory 618 MiB.
2026-10-08T15:31:42Z INFO [808/900] 743431ee-c30b-48b0-a62d-13ac393662b9: 35 groups; 0.9 s; peak memory 618 MiB.
2026-10-08T15:31:43Z INFO [809/900] 74345feb-ba0c-4d17-95d7-68a6ffac2f09: 34 groups; 0.9 s; peak memory 618 MiB.
2026-10-08T15:31:45Z INFO [810/900] 7434f4ba-749c-4b3a-a6d2-1d2f21b9c855: 87 groups; 2.0 s; peak memory 618 MiB.
2026-10-08T15:31:46Z INFO [811/900] 743547a3-f02e-4201-994f-55a1014247d9: 32 groups; 0.7 s; peak memory 618 MiB.
2026-10-08T15:31:47Z INFO [812/900] 743650bc-3c6b-4e71-b316-616baba709d7: 195 groups; 0.9 s; peak memory 618 MiB.
2026-10-08T15:31:48Z INFO [813/900] 7436e404-af37-4691-9eca-c2de28550a0a: 31 groups; 0.8 s; peak memory 618 MiB.
2026-10-08T15:31:52Z INFO [814/900] 7437cbc4-31ab-4dd7-9391-54f284fd0024: 47 groups; 4.2 s; peak memory 618 MiB.
2026-10-08T15:31:54Z INFO [815/900] 7438d714-a725-4cb9-8c68-93ba1a972573: 48 groups; 1.8 s; peak memory 618 MiB.
2026-10-08T15:31:54Z INFO [816/900] 743ade44-ad46-4bed-be12-72a532a8717e: 22 groups; 0.7 s; peak memory 618 MiB.
2026-10-08T15:31:55Z INFO [817/900] 743b6e2d-7478-473f-90e3-496528643721: 32 groups; 0.7 s; peak memory 618 MiB.
2026-10-08T15:31:56Z INFO [818/900] 743b88d4-445a-408b-bfdc-faeda7e8afd5: 29 groups; 0.9 s; peak memory 618 MiB.
2026-10-08T15:31:57Z INFO [819/900] 743c1de0-3356-4c95-9791-d8955300f321: 22 groups; 0.6 s; peak memory 618 MiB.
2026-10-08T15:31:57Z INFO [820/900] 743c7800-76bd-40e8-87bb-1faf86e68e5c: 32 groups; 0.8 s; peak memory 618 MiB.
2026-10-08T15:31:59Z INFO [821/900] 743c9272-97f4-4ab0-bb28-3573e82c1153: 48 groups; 1.6 s; peak memory 618 MiB.
2026-10-08T15:32:00Z INFO [822/900] 743ca4fa-e580-4e67-9c31-061840284173: 206 groups; 1.1 s; peak memory 618 MiB.
2026-10-08T15:32:01Z INFO [823/900] 743d3f07-2db2-42c4-b4f4-1bbcdf3142eb: 25 groups; 0.6 s; peak memory 618 MiB.
2026-10-08T15:32:02Z INFO [824/900] 743d907a-b6db-418b-af24-376bcb2748a3: 17 groups; 1.1 s; peak memory 618 MiB.
2026-10-08T15:32:03Z INFO [825/900] 743dd078-9b72-4c18-807e-e31e59358a49: 22 groups; 0.8 s; peak memory 618 MiB.
2026-10-08T15:32:10Z INFO [826/900] 743f0e47-8199-4719-bcdb-2c5bc0adb602: 223 groups; 7.4 s; peak memory 618 MiB.
2026-10-08T15:32:14Z INFO [827/900] 743f3f73-284b-40ee-abfb-e8bffd57a7bc: 78 groups; 3.7 s; peak memory 618 MiB.
2026-10-08T15:32:15Z INFO [828/900] 743f58b4-7516-4764-bf13-3a0cc4ca1690: 32 groups; 0.7 s; peak memory 618 MiB.
2026-10-08T15:32:15Z INFO [829/900] 743ff430-b287-494d-b3e3-69bbed772e99: 32 groups; 0.6 s; peak memory 618 MiB.
2026-10-08T15:32:16Z INFO [830/900] 74405b57-c6ee-466a-9563-e579755e13ea: 36 groups; 1.1 s; peak memory 618 MiB.
2026-10-08T15:32:17Z INFO [831/900] 7440d28f-c10b-46c2-aed1-4686abeb61bb: 32 groups; 0.8 s; peak memory 618 MiB.
2026-10-08T15:32:19Z INFO [832/900] 7440efbf-3784-4960-897b-7c835962006d: 50 groups; 1.8 s; peak memory 618 MiB.
2026-10-08T15:32:20Z INFO [833/900] 7440f3b5-ca48-40f6-bdff-87d5fdb31bc3: 22 groups; 0.9 s; peak memory 618 MiB.
2026-10-08T15:32:20Z INFO [834/900] 744267a2-2cb7-4626-8af6-a33e7a152ce4: 16 groups; 0.4 s; peak memory 618 MiB.
2026-10-08T15:32:22Z INFO [835/900] 74434d4e-911d-43bb-b7a1-b168bae24ef1: 54 groups; 1.4 s; peak memory 618 MiB.
2026-10-08T15:32:22Z INFO [836/900] 74435beb-a290-428f-b222-945524df4662: 28 groups; 0.7 s; peak memory 618 MiB.
2026-10-08T15:32:23Z INFO [837/900] 7444397f-5caa-44c8-86be-80dfacb63870: 32 groups; 0.7 s; peak memory 618 MiB.
2026-10-08T15:32:24Z INFO [838/900] 74451c8e-f6f8-4d84-b49a-7b8a1826a9ae: 22 groups; 0.8 s; peak memory 618 MiB.
2026-10-08T15:32:25Z INFO [839/900] 744658b2-cbb9-48b4-a1b9-61784faf34a5: 22 groups; 0.7 s; peak memory 618 MiB.
2026-10-08T15:32:26Z INFO [840/900] 7446e64e-9846-441a-a80c-8e05d2f04d74: 35 groups; 1.2 s; peak memory 618 MiB.
2026-10-08T15:32:27Z INFO [841/900] 7447619e-fc0f-470c-8b10-70605887ada9: 35 groups; 1.5 s; peak memory 618 MiB.
2026-10-08T15:32:28Z INFO [842/900] 74485052-837f-4198-baf5-5d701eb4c732: 341 groups; 1.1 s; peak memory 618 MiB.
2026-10-08T15:34:11Z INFO [843/900] 7448cc7a-5a5a-4f25-aa96-f55e8a3efc1f: 60 groups; 102.6 s; peak memory 618 MiB.
2026-10-08T15:34:12Z INFO [844/900] 7448edc2-197a-4e82-978c-aab18b69a63a: 17 groups; 0.7 s; peak memory 618 MiB.
2026-10-08T15:34:18Z INFO [845/900] 744930e9-0967-455c-8547-b8bc567e00f2: 174 groups; 6.7 s; peak memory 618 MiB.
2026-10-08T15:34:19Z INFO [846/900] 74495202-5666-4ac0-ad13-8f8c7427015f: 33 groups; 1.1 s; peak memory 618 MiB.
2026-10-08T15:34:20Z INFO [847/900] 7449616c-e38d-4463-91cf-4c9ce35d01eb: 35 groups; 0.9 s; peak memory 618 MiB.
2026-10-08T15:34:21Z INFO [848/900] 74496b5a-17d4-4e55-865a-9897f6242a46: 22 groups; 0.7 s; peak memory 618 MiB.
2026-10-08T15:34:23Z INFO [849/900] 744ac1e8-7325-4ba6-b1a4-35b8251fc5f0: 54 groups; 1.6 s; peak memory 618 MiB.
2026-10-08T15:34:23Z INFO [850/900] 744b6647-f2e0-4855-8ed4-9bb3aedf6640: 22 groups; 0.7 s; peak memory 618 MiB.
2026-10-08T15:34:24Z INFO [850/900] 744b6647-f2e0-4855-8ed4-9bb3aedf6640: checkpointed 102986 records.
2026-10-08T15:34:24Z INFO [851/900] 744bcd05-9b35-46e9-8ec7-4ac08c52441c: 22 groups; 0.8 s; peak memory 618 MiB.
2026-10-08T15:34:25Z INFO [852/900] 744c6306-4960-44e2-811a-336db9a0a14a: 32 groups; 0.7 s; peak memory 618 MiB.
2026-10-08T15:34:28Z INFO [853/900] 744e3566-748c-4a30-b8c7-11224bee00cd: 372 groups; 2.7 s; peak memory 618 MiB.
2026-10-08T15:34:36Z INFO [854/900] 744f7794-7bec-4e04-99de-98898d71a0b6: 180 groups; 7.7 s; peak memory 618 MiB.
2026-10-08T15:34:59Z INFO [855/900] 744fa802-d7f4-4980-a09e-72927ad50e74: 23 groups; 23.3 s; peak memory 618 MiB.
2026-10-08T15:35:00Z INFO [856/900] 745006d9-1317-4a15-89c4-db94104241be: 202 groups; 1.2 s; peak memory 618 MiB.
2026-10-08T15:35:02Z INFO [857/900] 7450409b-f344-490e-af8c-fe2b1c809152: 48 groups; 2.1 s; peak memory 618 MiB.
2026-10-08T15:35:03Z INFO [858/900] 7450c6da-a5fe-4e95-8dce-5348878b2dec: 62 groups; 1.3 s; peak memory 618 MiB.
2026-10-08T15:35:04Z INFO [859/900] 7450d48b-8791-4f89-a4a4-9926d65385ef: 22 groups; 0.8 s; peak memory 618 MiB.
2026-10-08T15:35:06Z INFO [860/900] 7451cc12-49e3-42bf-ae16-c04a48c589ae: 48 groups; 1.8 s; peak memory 618 MiB.
2026-10-08T15:35:07Z INFO [861/900] 74521684-3d84-4182-a42b-fd7505a7c7cb: 202 groups; 1.2 s; peak memory 618 MiB.
2026-10-08T15:35:08Z INFO [862/900] 745264ab-395e-4750-a876-a7586385ff1b: 22 groups; 0.8 s; peak memory 618 MiB.
2026-10-08T15:35:09Z INFO [863/900] 7452b2ef-c50e-4ee8-ae81-1da6478ed167: 254 groups; 0.8 s; peak memory 618 MiB.
2026-10-08T15:35:10Z INFO [864/900] 74531cec-aed7-49b9-894b-8cc1a6d62e8b: 207 groups; 1.1 s; peak memory 618 MiB.
2026-10-08T15:35:11Z INFO [865/900] 7453d616-ac10-4a18-abcd-0ce1472bafcc: 22 groups; 0.8 s; peak memory 618 MiB.
2026-10-08T15:35:11Z INFO [866/900] 74540735-1f6b-4dca-8f74-e7f29fb509ce: 22 groups; 0.7 s; peak memory 618 MiB.
2026-10-08T15:35:12Z INFO [867/900] 74545b7a-08b8-4328-bdbd-cc841bb04cad: 31 groups; 0.9 s; peak memory 618 MiB.
2026-10-08T15:35:13Z INFO [868/900] 74553bad-2d29-4870-8724-eb2c331d29cd: 52 groups; 0.7 s; peak memory 618 MiB.
2026-10-08T15:35:14Z INFO [869/900] 74558540-7f31-4ba6-b011-2d2dfad99ef7: 32 groups; 0.9 s; peak memory 618 MiB.
2026-10-08T15:35:15Z INFO [870/900] 7455cf58-33c1-4c20-90c8-69e3fcdc4697: 22 groups; 0.8 s; peak memory 618 MiB.
2026-10-08T15:35:17Z INFO [871/900] 745624b7-df67-4001-b5ec-3cf118c1fc97: 48 groups; 1.8 s; peak memory 618 MiB.
2026-10-08T15:35:20Z INFO [872/900] 74567da7-7843-4081-92a5-6048770f543f: 181 groups; 3.5 s; peak memory 618 MiB.
2026-10-08T15:35:21Z INFO [873/900] 7456925b-26ad-408c-9df3-9a132e59d7b1: 193 groups; 0.7 s; peak memory 618 MiB.
2026-10-08T15:35:21Z INFO [874/900] 74599f45-850c-47f3-9a6b-2f982f30672d: 22 groups; 0.7 s; peak memory 618 MiB.
2026-10-08T15:35:23Z INFO [875/900] 7459beb1-78c5-4f68-a837-af924555bcb0: 64 groups; 1.3 s; peak memory 618 MiB.
2026-10-08T15:35:23Z INFO [876/900] 745aaf3e-54e1-4e4d-93c9-f4b4f7108073: 22 groups; 0.8 s; peak memory 618 MiB.
2026-10-08T15:35:24Z INFO [877/900] 745adfbd-7b16-4672-ac5c-69bd1556bb7b: 22 groups; 0.8 s; peak memory 618 MiB.
2026-10-08T15:35:28Z INFO [878/900] 745b3e6f-90a8-4a33-91cb-443b550a8c54: 78 groups; 3.3 s; peak memory 618 MiB.
2026-10-08T15:35:33Z INFO [879/900] 745cddf3-df44-47da-9c93-a20d87e41b77: 120 groups; 5.0 s; peak memory 618 MiB.
2026-10-08T15:37:31Z INFO [880/900] 745d0704-4710-42a2-83e9-61258663d118: 66 groups; 118.9 s; peak memory 618 MiB.
2026-10-08T15:37:34Z INFO [881/900] 745e3610-48f5-45a3-aae0-a7fb96446327: 130 groups; 2.5 s; peak memory 618 MiB.
2026-10-08T15:37:40Z INFO [882/900] 745efa0e-dca4-4914-9374-f5288b5850f3: 70 groups; 5.7 s; peak memory 618 MiB.
2026-10-08T15:37:41Z INFO [883/900] 745efd2d-e67b-40be-b758-2636712590cd: 103 groups; 0.9 s; peak memory 618 MiB.
2026-10-08T15:37:42Z INFO [884/900] 745f3ddb-5d9b-408c-871e-ca3513e651ec: 35 groups; 1.0 s; peak memory 618 MiB.
2026-10-08T15:37:42Z INFO [885/900] 745fe416-d91a-4648-b890-3910b9b8331a: 22 groups; 0.7 s; peak memory 618 MiB.
2026-10-08T15:37:43Z INFO [886/900] 74607b31-4b7f-4fd7-8224-a0d30a6ec9b0: 16 groups; 0.5 s; peak memory 618 MiB.
2026-10-08T15:37:43Z INFO [887/900] 74617b4a-310a-4491-a5e4-6b7a27abb391: 18 groups; 0.7 s; peak memory 618 MiB.
2026-10-08T15:37:44Z INFO [888/900] 74636e60-852b-4507-9a20-767305e2c126: 337 groups; 1.0 s; peak memory 618 MiB.
2026-10-08T15:37:45Z INFO [889/900] 7464ea97-6aac-4bfd-98aa-e8598c1eb5f7: 22 groups; 0.7 s; peak memory 618 MiB.
2026-10-08T15:37:46Z INFO [890/900] 7465353e-c1ad-4ab9-9aeb-93d1c82d571f: 32 groups; 0.6 s; peak memory 618 MiB.
2026-10-08T15:37:47Z INFO [891/900] 7465e047-d5a8-4d65-96b1-744efb575f0c: 32 groups; 0.7 s; peak memory 618 MiB.
2026-10-08T15:37:50Z INFO [892/900] 7469166e-c255-4dd8-969a-a6f6ef085c49: 139 groups; 3.1 s; peak memory 618 MiB.
2026-10-08T15:37:54Z INFO [893/900] 7469b39d-df18-492f-a42d-56ebf1402f68: 67 groups; 4.8 s; peak memory 618 MiB.
2026-10-08T15:37:55Z INFO [894/900] 7469cd26-f790-40fe-a571-60fa429a44b2: 195 groups; 0.9 s; peak memory 618 MiB.
2026-10-08T15:37:58Z INFO [895/900] 746a6581-03f3-476d-8a6f-4a95737ba221: 22 groups; 3.0 s; peak memory 618 MiB.
2026-10-08T15:37:59Z INFO [896/900] 746a7653-0873-46cd-b986-25cf4f1144b6: 33 groups; 0.8 s; peak memory 618 MiB.
2026-10-08T15:38:00Z INFO [897/900] 746af2d4-33da-4405-afbb-6c12fabfa9a6: 206 groups; 1.3 s; peak memory 618 MiB.
2026-10-08T15:38:01Z INFO [898/900] 746b27a0-1017-4024-9c42-6b0f6f722ac9: 32 groups; 1.1 s; peak memory 618 MiB.
2026-10-08T15:38:02Z INFO [899/900] 746b5b68-d1ac-47e4-8838-f8184958de79: 22 groups; 0.7 s; peak memory 618 MiB.
2026-10-08T15:38:04Z INFO [900/900] 746b5d2a-80e0-4f78-944a-f1b705bf0f24: 336 groups; 1.9 s; peak memory 618 MiB.
2026-10-08T15:38:04Z INFO [900/900] 746b5d2a-80e0-4f78-944a-f1b705bf0f24: checkpointed 103036 records.
2026-10-08T15:38:04Z INFO Wrote 103036 records to /tmp/derivatives/valid_nwb_file_to_number_of_groups.jsonl (900 new, 0 failed) in 73.8 min (peak memory 618 MiB).
