2026-10-06T14:54:11Z INFO Logging to /tmp/logs/update_2026-10-06T14-54-11Z.log.
2026-10-06T14:54:11Z INFO Update valid-nwb-file-to-number-of-groups (base directory /tmp).
2026-10-06T14:54:12Z INFO Processing 900 items (86836 already recorded).
2026-10-06T14:54:13Z INFO [1/900] 52b07d66-97cb-4275-a259-6b44cc761f9c: 103 groups; 1.2 s; peak memory 108 MiB.
2026-10-06T14:54:14Z INFO [2/900] 52b0f0e1-af55-4c00-af85-6aeb871182ce: 31 groups; 0.9 s; peak memory 108 MiB.
2026-10-06T14:54:15Z INFO [3/900] 52b0f638-1b5a-4a5f-85bc-3cfd41f2b94f: 32 groups; 0.9 s; peak memory 112 MiB.
2026-10-06T14:54:16Z INFO [4/900] 52b1616d-727f-4a13-af1e-c4c5909e301f: 200 groups; 1.6 s; peak memory 113 MiB.
2026-10-06T14:54:17Z INFO [5/900] 52b16735-fb5b-4daf-8f12-2f16844a8e4d: 51 groups; 1.0 s; peak memory 113 MiB.
2026-10-06T14:54:18Z INFO [6/900] 52b1f4ee-00c5-49ce-bb2d-1f334d310b16: 22 groups; 0.8 s; peak memory 113 MiB.
2026-10-06T14:54:19Z INFO [7/900] 52b2c11f-1aba-4263-90d7-4af4ef91463c: 35 groups; 1.3 s; peak memory 114 MiB.
2026-10-06T14:54:20Z INFO [8/900] 52b395d5-2538-48b9-9776-6627b4e358c5: 32 groups; 0.9 s; peak memory 114 MiB.
2026-10-06T14:54:21Z INFO [9/900] 52b3ae6a-061e-4a20-82ff-c0eed8d0305d: 32 groups; 0.8 s; peak memory 115 MiB.
2026-10-06T14:54:22Z INFO [10/900] 52b3b4c3-0f86-4513-9237-030c1113c5d1: 22 groups; 0.8 s; peak memory 115 MiB.
2026-10-06T14:54:29Z INFO [11/900] 52b40703-6a42-4469-92c0-b5b87111011a: 186 groups; 7.5 s; peak memory 144 MiB.
2026-10-06T14:54:30Z INFO [12/900] 52b40d37-c6ec-4e59-864f-d4953632479e: 31 groups; 0.7 s; peak memory 144 MiB.
2026-10-06T14:54:31Z INFO [13/900] 52b493f4-360f-49f0-aa9e-4f609ba9ace6: 28 groups; 0.6 s; peak memory 144 MiB.
2026-10-06T14:54:36Z INFO [14/900] 52b4ffc6-6894-4801-bf35-fd41a1847bea: 66 groups; 5.9 s; peak memory 144 MiB.
2026-10-06T14:54:37Z INFO [15/900] 52b553ec-d34e-4ef7-9535-9338fd717fa6: 30 groups; 0.7 s; peak memory 144 MiB.
2026-10-06T14:54:38Z INFO [16/900] 52b60da2-95b5-45a8-a959-42a7c7769741: 22 groups; 1.0 s; peak memory 145 MiB.
2026-10-06T14:54:44Z INFO [17/900] 52b64152-e42b-4fbe-8121-d83c02313b45: 71 groups; 6.2 s; peak memory 145 MiB.
2026-10-06T14:55:03Z INFO [18/900] 52b7547b-4671-48b0-97fb-0d185f4879ce: 458 groups; 18.3 s; peak memory 192 MiB.
2026-10-06T14:55:04Z INFO [19/900] 52b96f1a-c3ab-4b1c-8d89-17f1151a3679: 28 groups; 0.9 s; peak memory 192 MiB.
2026-10-06T14:55:04Z INFO [20/900] 52b9b107-a1ef-40f7-9030-f49f627542b3: 22 groups; 0.9 s; peak memory 192 MiB.
2026-10-06T14:55:05Z INFO [21/900] 52b9d3dd-f36d-43b0-8574-6f487c94acdf: 22 groups; 0.8 s; peak memory 192 MiB.
2026-10-06T14:55:06Z INFO [22/900] 52ba028f-ba98-4e5d-9634-d7f9b8dbd9f0: 49 groups; 1.1 s; peak memory 192 MiB.
2026-10-06T14:55:07Z INFO [23/900] 52ba50e3-13df-437b-a63a-1b98e143c172: 17 groups; 0.7 s; peak memory 192 MiB.
2026-10-06T14:55:08Z INFO [24/900] 52bab93c-a020-460a-b08c-ca5b32456216: 22 groups; 0.8 s; peak memory 192 MiB.
2026-10-06T14:55:10Z INFO [25/900] 52bb8df8-1270-4f4e-ba86-b77844f04341: 201 groups; 2.3 s; peak memory 192 MiB.
2026-10-06T14:55:11Z INFO [26/900] 52bb90ea-f506-460b-8876-7eee1c546ab7: 35 groups; 1.2 s; peak memory 192 MiB.
2026-10-06T14:55:13Z INFO [27/900] 52bb928f-1f7e-4cf0-8d5e-dc99af455850: 204 groups; 1.4 s; peak memory 192 MiB.
2026-10-06T14:55:14Z INFO [28/900] 52bb96dd-40be-4932-ad61-5f1064dcc058: 202 groups; 1.2 s; peak memory 192 MiB.
2026-10-06T14:55:15Z INFO [29/900] 52bd3114-9a01-412d-9779-cbbc789eec9c: 28 groups; 0.9 s; peak memory 192 MiB.
2026-10-06T14:55:16Z INFO [30/900] 52bddb38-3352-4248-8e88-2b5e44ef547b: 27 groups; 1.0 s; peak memory 192 MiB.
2026-10-06T14:55:17Z INFO [31/900] 52be7e93-e8da-4290-8843-43aacdd413b7: 207 groups; 1.6 s; peak memory 192 MiB.
2026-10-06T14:55:25Z INFO [32/900] 52be814f-c65c-44e0-ab4b-38202b24c69c: 196 groups; 8.0 s; peak memory 192 MiB.
2026-10-06T14:55:26Z INFO [33/900] 52bea62e-484c-4c13-86db-92f5c4a7034e: 22 groups; 0.8 s; peak memory 192 MiB.
2026-10-06T14:55:27Z INFO [34/900] 52bfb80e-fe03-49f4-ae83-1d3515f0fd71: 33 groups; 0.8 s; peak memory 192 MiB.
2026-10-06T14:55:28Z INFO [35/900] 52c02713-273d-41b1-b3b8-aaaa892042e6: 41 groups; 0.9 s; peak memory 192 MiB.
2026-10-06T14:55:30Z INFO [36/900] 52c08cf4-639d-4661-bd7a-baf8b8563023: 61 groups; 1.9 s; peak memory 192 MiB.
2026-10-06T14:55:31Z INFO [37/900] 52c0d1f1-e7f8-4ee5-8fec-6c288e22b2e9: 194 groups; 1.2 s; peak memory 192 MiB.
2026-10-06T14:55:32Z INFO [38/900] 52c0f1e1-35b0-41d3-9e92-12f89517762c: 54 groups; 1.4 s; peak memory 192 MiB.
2026-10-06T14:55:40Z INFO [39/900] 52c118cd-c669-4c80-b2ce-938563c40124: 264 groups; 8.1 s; peak memory 192 MiB.
2026-10-06T14:55:42Z INFO [40/900] 52c20e8a-5677-475d-a6f9-e494a52ef171: 201 groups; 1.2 s; peak memory 192 MiB.
2026-10-06T14:55:42Z INFO [41/900] 52c2d056-8670-4c85-94d4-4bee28cb2bea: 30 groups; 0.7 s; peak memory 192 MiB.
2026-10-06T14:55:43Z INFO [42/900] 52c330c5-3a17-49eb-bd92-d21de651b4cb: 32 groups; 0.9 s; peak memory 192 MiB.
2026-10-06T14:55:44Z INFO [43/900] 52c34c90-82d5-4aae-aa0c-c28a64af3f74: 51 groups; 1.3 s; peak memory 192 MiB.
2026-10-06T14:55:45Z INFO [44/900] 52c3a615-2d61-492b-bb6e-1f7f27ad372d: 202 groups; 0.9 s; peak memory 192 MiB.
2026-10-06T14:55:54Z INFO [45/900] 52c3b1d5-1713-4386-897d-831e490065ea: 245 groups; 9.1 s; peak memory 192 MiB.
2026-10-06T14:55:55Z INFO [46/900] 52c4b5d0-2bd3-4369-b920-64dbce9d3918: 24 groups; 0.8 s; peak memory 192 MiB.
2026-10-06T14:55:56Z INFO [47/900] 52c4d260-4c31-4f4a-9449-826c55656680: 32 groups; 0.7 s; peak memory 192 MiB.
2026-10-06T14:55:57Z INFO [48/900] 52c53dd8-ad49-4f7c-905f-a2d9beb26325: 36 groups; 1.2 s; peak memory 192 MiB.
2026-10-06T14:55:58Z INFO [49/900] 52c60634-142c-4b67-ac11-c86f36c01b70: 34 groups; 1.2 s; peak memory 192 MiB.
2026-10-06T14:55:59Z INFO [50/900] 52c667b4-6e36-47ef-afe0-fcb095c08fcf: 32 groups; 0.8 s; peak memory 192 MiB.
2026-10-06T14:55:59Z INFO [50/900] 52c667b4-6e36-47ef-afe0-fcb095c08fcf: checkpointed 86886 records.
2026-10-06T14:56:01Z INFO [51/900] 52c71eec-c4ff-4426-b6e8-b4e97963ce39: 48 groups; 1.9 s; peak memory 192 MiB.
2026-10-06T14:56:02Z INFO [52/900] 52c80b13-bc86-4798-bbb0-b62bd6f9e244: 71 groups; 0.8 s; peak memory 192 MiB.
2026-10-06T14:56:03Z INFO [53/900] 52c872f5-e7da-4acd-badf-915e4702684a: 35 groups; 1.0 s; peak memory 192 MiB.
2026-10-06T14:56:06Z INFO [54/900] 52c8e97a-8c22-4ca2-992e-1da183aa8f4d: 53 groups; 2.9 s; peak memory 192 MiB.
2026-10-06T14:56:06Z INFO [55/900] 52ca2c1f-7dca-4ba0-82e2-23077f758b55: 31 groups; 0.6 s; peak memory 192 MiB.
2026-10-06T14:56:07Z INFO [56/900] 52ca6c7c-d1ec-45ed-8d67-f55d106fe877: 30 groups; 1.1 s; peak memory 192 MiB.
2026-10-06T14:56:08Z INFO [57/900] 52cab381-2fcb-4e35-ae42-a78f64ac16a2: 22 groups; 0.7 s; peak memory 192 MiB.
2026-10-06T14:56:12Z INFO [58/900] 52cb013e-7be2-480c-8a3b-b26a6d3f5d58: 432 groups; 3.9 s; peak memory 192 MiB.
2026-10-06T14:56:13Z INFO [59/900] 52cb7349-7781-46d3-af84-d4fa85e0861e: 108 groups; 1.4 s; peak memory 192 MiB.
2026-10-06T14:56:15Z INFO [60/900] 52cc2b65-3dec-47e8-bad7-796e6828842d: 200 groups; 1.8 s; peak memory 192 MiB.
2026-10-06T14:56:25Z INFO [61/900] 52ccc77a-c9fe-442c-a3bb-dfa91369e25f: 88 groups; 9.4 s; peak memory 192 MiB.
2026-10-06T14:56:25Z INFO [62/900] 52cd37d9-ed7a-4277-9e6d-f396b845d56b: 255 groups; 0.7 s; peak memory 192 MiB.
2026-10-06T14:56:29Z INFO [63/900] 52cde384-ba2a-4234-b5fe-391a0b9aaae0: 66 groups; 3.7 s; peak memory 192 MiB.
2026-10-06T14:56:30Z INFO [64/900] 52cfbbea-7db6-496c-b7f8-ce0e1df2e6d5: 32 groups; 1.0 s; peak memory 192 MiB.
2026-10-06T14:56:38Z INFO [65/900] 52d0a83a-73d6-47c5-9440-57665bc7b771: 316 groups; 7.8 s; peak memory 192 MiB.
2026-10-06T14:56:47Z INFO [66/900] 52d0b29d-f356-478f-b764-7a74bf8e9f6f: 54 groups; 9.7 s; peak memory 192 MiB.
2026-10-06T14:56:49Z INFO [67/900] 52d0ba9a-3566-49dd-a51a-0bb298c99de4: 46 groups; 1.9 s; peak memory 192 MiB.
2026-10-06T14:56:50Z INFO [68/900] 52d151fc-7bc1-415a-b491-a3ef42ae8d26: 22 groups; 0.8 s; peak memory 192 MiB.
2026-10-06T14:56:52Z INFO [69/900] 52d258e6-425a-44e9-8f74-8098bbc23376: 64 groups; 1.4 s; peak memory 192 MiB.
2026-10-06T14:56:52Z INFO [70/900] 52d2992a-4346-413f-ac1f-e9d985641886: 18 groups; 0.6 s; peak memory 192 MiB.
2026-10-06T14:56:55Z INFO [71/900] 52d33f4a-c24a-4815-b53f-ac9f47ccc2f8: 50 groups; 2.6 s; peak memory 192 MiB.
2026-10-06T14:56:56Z INFO [72/900] 52d35678-582c-4327-8728-22faa7ee39a3: 49 groups; 0.9 s; peak memory 192 MiB.
2026-10-06T14:56:56Z INFO [73/900] 52d37af0-b88c-46b7-a703-d89554214232: 17 groups; 0.6 s; peak memory 192 MiB.
2026-10-06T14:56:58Z INFO [74/900] 52d3a909-98e4-4818-969c-d8f82306c681: 54 groups; 1.5 s; peak memory 192 MiB.
2026-10-06T14:56:59Z INFO [75/900] 52d417a6-03b0-453d-a53b-9c417640f3f4: 20 groups; 0.8 s; peak memory 192 MiB.
2026-10-06T14:57:16Z INFO [76/900] 52d50e7a-ce99-4387-8441-ecbfb41ccf10: 286 groups; 16.9 s; peak memory 192 MiB.
2026-10-06T14:57:17Z INFO [77/900] 52d51c4e-e54f-4490-9913-e4c3c0938b8c: 53 groups; 1.3 s; peak memory 192 MiB.
2026-10-06T14:57:17Z INFO [78/900] 52d51c68-0de0-4846-b36c-4e9055deae2e: 31 groups; 0.6 s; peak memory 192 MiB.
2026-10-06T14:57:18Z INFO [79/900] 52d54633-5ee1-4148-a200-5bbf5a9fd202: 17 groups; 0.7 s; peak memory 192 MiB.
2026-10-06T14:57:19Z INFO [80/900] 52d64c5f-bfee-4162-83dd-e3ca6bfaff95: 30 groups; 0.9 s; peak memory 192 MiB.
2026-10-06T14:57:20Z INFO [81/900] 52d6a95a-691b-4478-a75a-4a4e9cf7316b: 22 groups; 0.6 s; peak memory 192 MiB.
2026-10-06T14:57:20Z INFO [82/900] 52d6e023-d097-41b5-9943-ac777f775b91: 33 groups; 0.8 s; peak memory 192 MiB.
2026-10-06T14:57:26Z INFO [83/900] 52d7a1ec-1fff-4be6-98b5-c8c90cdcdc9c: 50 groups; 6.0 s; peak memory 244 MiB.
2026-10-06T14:57:31Z INFO [84/900] 52d8e8f2-2466-4ffc-9cfa-8dd21e0c542b: 85 groups; 4.8 s; peak memory 244 MiB.
2026-10-06T14:57:32Z INFO [85/900] 52d91d43-58f0-48bb-a0e0-5e179cf2f2bd: 31 groups; 0.6 s; peak memory 244 MiB.
2026-10-06T14:57:33Z INFO [86/900] 52d9d7a4-1803-467d-9d00-7c9c8252626f: 33 groups; 0.8 s; peak memory 244 MiB.
2026-10-06T14:57:34Z INFO [87/900] 52d9db65-7ad0-4702-a6a2-eaa3ba8bb5ce: 52 groups; 1.0 s; peak memory 244 MiB.
2026-10-06T14:57:35Z INFO [88/900] 52da548b-ab5c-43e3-a172-900b25fa8b91: 337 groups; 1.0 s; peak memory 244 MiB.
2026-10-06T14:57:36Z INFO [89/900] 52da57c0-ea4a-4a7b-bb83-0268d4ba9dfb: 32 groups; 0.9 s; peak memory 244 MiB.
2026-10-06T14:57:36Z INFO [90/900] 52da7f64-c609-4811-95a1-c5c1258c03de: 25 groups; 0.7 s; peak memory 244 MiB.
2026-10-06T14:57:37Z INFO [91/900] 52daab0e-e8a7-4e56-9c85-3b98bdce43ef: 203 groups; 1.1 s; peak memory 244 MiB.
2026-10-06T14:57:48Z INFO [92/900] 52dabd42-6b59-4c69-8bba-19dde25f8ca5: 27 groups; 10.8 s; peak memory 273 MiB.
2026-10-06T14:57:49Z INFO [93/900] 52db8baf-ae7a-45e9-8393-ca47055ed445: 254 groups; 0.8 s; peak memory 273 MiB.
2026-10-06T14:57:50Z INFO [94/900] 52db9d97-4bdd-459b-9b34-18df9e761b61: 16 groups; 0.6 s; peak memory 273 MiB.
2026-10-06T14:58:08Z INFO [95/900] 52dc38dd-adce-402f-8b7a-4a5851c97952: 934 groups; 18.7 s; peak memory 297 MiB.
2026-10-06T14:58:09Z INFO [96/900] 52dc66b4-8cd9-4ac4-9568-6bfc989afcce: 22 groups; 0.9 s; peak memory 297 MiB.
2026-10-06T14:58:12Z INFO [97/900] 52dc9792-46cd-4044-b06d-aa51380a3745: 65 groups; 3.3 s; peak memory 297 MiB.
2026-10-06T14:58:17Z INFO [98/900] 52ddcdaf-7fad-4aec-8a21-afa964c911e6: 66 groups; 4.9 s; peak memory 297 MiB.
2026-10-06T14:58:18Z INFO [99/900] 52de47e2-3b3b-47b6-8a21-35882c378fb0: 31 groups; 0.8 s; peak memory 297 MiB.
2026-10-06T14:58:19Z INFO [100/900] 52de6100-a90f-4135-bd6a-04ada813474c: 32 groups; 0.7 s; peak memory 297 MiB.
2026-10-06T14:58:19Z INFO [100/900] 52de6100-a90f-4135-bd6a-04ada813474c: checkpointed 86936 records.
2026-10-06T14:58:21Z INFO [101/900] 52dff391-a820-4e03-bc61-f74c76619e8c: 207 groups; 1.6 s; peak memory 297 MiB.
2026-10-06T14:58:21Z INFO [102/900] 52e02e5d-19cb-4857-b83a-9b0bc14029f9: 25 groups; 0.7 s; peak memory 297 MiB.
2026-10-06T14:58:22Z INFO [103/900] 52e09ea1-b0e8-4ade-a737-6f6fe438a5e3: 35 groups; 0.9 s; peak memory 297 MiB.
2026-10-06T14:58:23Z INFO [104/900] 52e10dd4-db32-4755-807c-594d3df67b41: 32 groups; 0.8 s; peak memory 297 MiB.
2026-10-06T14:58:25Z INFO [105/900] 52e399de-701f-494f-92f5-6741eea9c010: 37 groups; 2.0 s; peak memory 297 MiB.
2026-10-06T14:58:26Z INFO [106/900] 52e3c588-11cd-44b1-a57d-61912de8ef12: 202 groups; 1.2 s; peak memory 297 MiB.
2026-10-06T14:58:27Z INFO [107/900] 52e46438-fe5c-4ef3-acbb-652cf79a96d9: 24 groups; 0.7 s; peak memory 297 MiB.
2026-10-06T14:58:28Z INFO [108/900] 52e4b134-ffeb-4848-a299-842f5aebe30c: 22 groups; 0.8 s; peak memory 297 MiB.
2026-10-06T14:58:28Z INFO [109/900] 52e50ca4-ec9a-4198-9e3c-f24cc4050e04: 17 groups; 0.6 s; peak memory 297 MiB.
2026-10-06T14:58:29Z INFO [110/900] 52e648f6-e0bf-4db3-bfbe-cf5fb674eaf7: 254 groups; 0.8 s; peak memory 297 MiB.
2026-10-06T14:58:30Z INFO [111/900] 52e7ad02-e98e-468c-9fc3-c631944a4afa: 17 groups; 0.6 s; peak memory 297 MiB.
2026-10-06T14:58:31Z INFO [112/900] 52e80401-8887-4953-8409-2a4469f90c00: 35 groups; 1.4 s; peak memory 297 MiB.
2026-10-06T14:58:32Z INFO [113/900] 52e81082-c29b-4c09-a6db-20bcf0161ca2: 22 groups; 0.8 s; peak memory 297 MiB.
2026-10-06T14:58:35Z INFO [114/900] 52e92d43-7da2-45ac-b55b-84bd5651df18: 34 groups; 3.1 s; peak memory 297 MiB.
2026-10-06T14:58:44Z INFO [115/900] 52e9bac4-0307-4a3f-9026-4e822d5f0711: 221 groups; 9.0 s; peak memory 297 MiB.
2026-10-06T14:58:45Z INFO [116/900] 52ea1c05-ec76-4425-8998-cea4a0ce0b64: 32 groups; 1.0 s; peak memory 297 MiB.
2026-10-06T14:58:46Z INFO [117/900] 52ea5c8b-2211-4d7b-968b-64f3b42992b0: 35 groups; 1.3 s; peak memory 297 MiB.
2026-10-06T14:58:47Z INFO [118/900] 52eac0e0-604f-4dc2-a0cd-daa0f14b66c2: 32 groups; 1.0 s; peak memory 297 MiB.
2026-10-06T14:58:56Z INFO [119/900] 52eac966-7fc3-4c73-8189-093c447e5fca: 78 groups; 8.4 s; peak memory 297 MiB.
2026-10-06T14:58:57Z INFO [120/900] 52eafe6b-362f-425a-862d-c623cab5f57d: 32 groups; 1.0 s; peak memory 297 MiB.
2026-10-06T14:58:58Z INFO [121/900] 52eb269a-f88d-475f-8b13-32cbfddb30ff: 35 groups; 1.0 s; peak memory 297 MiB.
2026-10-06T14:58:59Z INFO [122/900] 52eb3e16-a86d-4120-8c10-f15400cb46fd: 22 groups; 1.0 s; peak memory 297 MiB.
2026-10-06T14:59:01Z INFO [123/900] 52eb7e8a-a3ea-4a22-847c-156c49375710: 34 groups; 2.6 s; peak memory 297 MiB.
2026-10-06T14:59:02Z INFO [124/900] 52eb7fd7-3d60-4eb6-b0c8-f382c78f2b39: 18 groups; 0.6 s; peak memory 297 MiB.
2026-10-06T14:59:04Z INFO [125/900] 52ec0ab6-e684-42cb-a7a3-3a1fc952aad6: 37 groups; 1.7 s; peak memory 297 MiB.
2026-10-06T14:59:05Z INFO [126/900] 52ec7636-6035-4535-a7ef-d0d24bfff04b: 32 groups; 0.9 s; peak memory 297 MiB.
2026-10-06T14:59:06Z INFO [127/900] 52ecb0ad-299e-4aa9-8f0d-163aec4674bd: 22 groups; 1.0 s; peak memory 297 MiB.
2026-10-06T14:59:14Z INFO [128/900] 52ecda86-a739-4549-a8d9-2f344e91330d: 168 groups; 8.8 s; peak memory 297 MiB.
2026-10-06T14:59:17Z INFO [129/900] 52ed63c5-ac09-45ac-9bee-681715bfc5d0: 50 groups; 2.3 s; peak memory 297 MiB.
2026-10-06T14:59:18Z INFO [130/900] 52ed9bff-4017-4d89-b46e-ce07a2034156: 201 groups; 1.2 s; peak memory 297 MiB.
2026-10-06T14:59:19Z INFO [131/900] 52ee81b9-c746-4bc0-992e-382c3a51a61c: 32 groups; 0.9 s; peak memory 297 MiB.
2026-10-06T14:59:20Z INFO [132/900] 52eeef70-c61a-4c0a-b5dc-b1d67b959b73: 31 groups; 0.7 s; peak memory 297 MiB.
2026-10-06T15:01:36Z INFO [133/900] 52ef643e-dd49-4457-adec-cbee237e256c: 60 groups; 136.7 s; peak memory 383 MiB.
2026-10-06T15:01:38Z INFO [134/900] 52f1b485-8e6a-48c9-b067-7f90ef071ece: 35 groups; 1.6 s; peak memory 383 MiB.
2026-10-06T15:01:49Z INFO [135/900] 52f1bedf-a4b4-4460-ad4a-563e3ed87e9b: 2425 groups; 11.3 s; peak memory 383 MiB.
2026-10-06T15:01:50Z INFO [136/900] 52f1fcbb-8ff2-4467-bf61-3db5a94f0786: 22 groups; 0.8 s; peak memory 383 MiB.
2026-10-06T15:01:51Z INFO [137/900] 52f22d3f-7f45-4bc1-a943-97eab497b99a: 22 groups; 0.8 s; peak memory 383 MiB.
2026-10-06T15:01:52Z INFO [138/900] 52f252dc-7fd0-4b8f-ac2f-4ebf0ce5a4f1: 22 groups; 0.8 s; peak memory 383 MiB.
2026-10-06T15:01:53Z INFO [139/900] 52f266ac-4e4f-4c8f-beb4-ec23916594f2: 35 groups; 1.1 s; peak memory 383 MiB.
2026-10-06T15:01:53Z INFO [140/900] 52f27db3-32dc-4a71-b216-e7da046f975a: 22 groups; 0.8 s; peak memory 383 MiB.
2026-10-06T15:01:57Z INFO [141/900] 52f48e66-e805-4432-942d-d36b15f1ff2c: 47 groups; 3.1 s; peak memory 383 MiB.
2026-10-06T15:01:59Z INFO [142/900] 52f4bd55-c726-46e2-9caf-ea132f8c00d4: 207 groups; 1.9 s; peak memory 383 MiB.
2026-10-06T15:01:59Z INFO [143/900] 52f4f755-ed10-4b90-ad27-6bf4c704e906: 32 groups; 0.9 s; peak memory 383 MiB.
2026-10-06T15:02:00Z INFO [144/900] 52f5089a-16e4-45c4-bda6-0704bb1b19d9: 25 groups; 1.0 s; peak memory 383 MiB.
2026-10-06T15:02:01Z INFO [145/900] 52f5284f-0f46-43fe-b8b3-946872c55d0b: 203 groups; 1.0 s; peak memory 383 MiB.
2026-10-06T15:02:03Z INFO [146/900] 52f589fd-bb0c-49cc-97d5-469e05b738c9: 40 groups; 1.1 s; peak memory 383 MiB.
2026-10-06T15:02:09Z INFO [147/900] 52f6019f-12a0-40d7-9055-6790c2f24419: 174 groups; 6.4 s; peak memory 383 MiB.
2026-10-06T15:02:10Z INFO [148/900] 52f633d3-34e2-449f-94fa-ce6c6685dc84: 22 groups; 0.9 s; peak memory 383 MiB.
2026-10-06T15:02:14Z INFO [149/900] 52f6c850-2a22-40ef-a3e9-0332548185f5: 181 groups; 4.0 s; peak memory 383 MiB.
2026-10-06T15:02:15Z INFO [150/900] 52f7794d-1410-4d74-9955-fcfd95553dec: 196 groups; 1.4 s; peak memory 383 MiB.
2026-10-06T15:02:15Z INFO [150/900] 52f7794d-1410-4d74-9955-fcfd95553dec: checkpointed 86986 records.
2026-10-06T15:02:17Z INFO [151/900] 52f87fc4-4770-4497-9311-d801556f745d: 32 groups; 1.7 s; peak memory 383 MiB.
2026-10-06T15:02:18Z INFO [152/900] 52f8d6c2-63de-4518-a728-91713f97b57e: 46 groups; 1.3 s; peak memory 383 MiB.
2026-10-06T15:02:19Z INFO [153/900] 52f94698-8745-4bdd-9dea-32f301a2de1b: 33 groups; 1.0 s; peak memory 383 MiB.
2026-10-06T15:02:20Z INFO [154/900] 52fc4b13-e593-4f13-8844-51e6b6f1d2b7: 32 groups; 0.8 s; peak memory 383 MiB.
2026-10-06T15:02:21Z INFO [155/900] 52fc9987-c400-4d65-b061-ab71ebcd42af: 35 groups; 0.9 s; peak memory 383 MiB.
2026-10-06T15:02:22Z INFO [156/900] 52fdd99d-fec8-400f-a97f-2bee10647d0e: 28 groups; 0.7 s; peak memory 383 MiB.
2026-10-06T15:02:23Z INFO [157/900] 52fdf0a8-e583-4b68-82a0-f30af603d105: 48 groups; 1.1 s; peak memory 383 MiB.
2026-10-06T15:02:26Z INFO [158/900] 52fe08fa-7276-4cfd-8db2-a76b4886a796: 17 groups; 3.5 s; peak memory 383 MiB.
2026-10-06T15:02:35Z INFO [159/900] 52febaaa-f4c6-4c1a-be5f-e68285ebdeb2: 417 groups; 8.3 s; peak memory 383 MiB.
2026-10-06T15:02:36Z INFO [160/900] 52fef67b-8045-4b54-9d8c-89677e970db6: 28 groups; 0.8 s; peak memory 383 MiB.
2026-10-06T15:02:49Z INFO [161/900] 52ff4870-fe03-4339-b2c9-133bd7713b5f: 192 groups; 13.3 s; peak memory 383 MiB.
2026-10-06T15:02:50Z INFO [162/900] 52ff4f90-4ee5-45a6-9d01-5295611ad3e0: 32 groups; 0.9 s; peak memory 383 MiB.
2026-10-06T15:02:52Z INFO [163/900] 52ff6f37-e305-4d85-a4fb-6c510b4315c9: 48 groups; 2.3 s; peak memory 383 MiB.
2026-10-06T15:02:54Z INFO [164/900] 53038565-ec43-44b6-8fbb-b3aa71e3899e: 47 groups; 2.3 s; peak memory 383 MiB.
2026-10-06T15:02:59Z INFO [165/900] 5303c0db-89bd-4250-ac05-a34f0d85bca0: 34 groups; 5.2 s; peak memory 383 MiB.
2026-10-06T15:03:00Z INFO [166/900] 53040991-3f42-42f4-a5fb-cdf8fd25f402: 103 groups; 1.0 s; peak memory 383 MiB.
2026-10-06T15:07:41Z INFO [167/900] 53043eff-db4a-4e7b-bcb1-2169af88e569: 72 groups; 280.3 s; peak memory 508 MiB.
2026-10-06T15:07:58Z INFO [168/900] 53046e8a-d246-4542-a9a5-3142c6169d3b: 3780 groups; 17.1 s; peak memory 508 MiB.
2026-10-06T15:09:09Z INFO [169/900] 5304d4b2-cc94-446f-b0e0-f90ff695a491: 53 groups; 70.8 s; peak memory 508 MiB.
2026-10-06T15:18:26Z INFO [170/900] 5304fba0-3c56-4164-8f36-d958ec7d323f: 46 groups; 557.2 s; peak memory 1242 MiB.
2026-10-06T15:18:27Z INFO [171/900] 5304fc00-1b18-4b52-ad41-d3e7df48b1f7: 22 groups; 0.7 s; peak memory 1242 MiB.
2026-10-06T15:18:27Z INFO [172/900] 530562c2-7cae-49ba-bbe0-cd1357d26d8e: 16 groups; 0.6 s; peak memory 1242 MiB.
2026-10-06T15:18:29Z INFO [173/900] 5305d2a4-05e4-44cd-a2e6-ab59fa425b99: 337 groups; 1.4 s; peak memory 1242 MiB.
2026-10-06T15:18:30Z INFO [174/900] 5306837d-c7a4-4fbb-95c9-dc71662f3d26: 35 groups; 1.0 s; peak memory 1242 MiB.
2026-10-06T15:18:42Z INFO [175/900] 53068f32-81b2-4875-a81b-18dd8781119b: 89 groups; 12.1 s; peak memory 1242 MiB.
2026-10-06T15:18:43Z INFO [176/900] 5307e5c6-bad6-45a9-b3e7-902fd1cbd037: 32 groups; 0.9 s; peak memory 1242 MiB.
2026-10-06T15:18:44Z INFO [177/900] 53080cb0-b4ac-49db-b5c1-e5092342e7fd: 194 groups; 1.5 s; peak memory 1242 MiB.
2026-10-06T15:18:45Z INFO [178/900] 53089519-9dde-411a-bbe0-92fcfdb508d0: 41 groups; 1.1 s; peak memory 1242 MiB.
2026-10-06T15:18:53Z INFO [179/900] 5308cd29-7518-4d91-af67-b86f7dee2f61: 200 groups; 7.9 s; peak memory 1242 MiB.
2026-10-06T15:18:54Z INFO [180/900] 5308e6fb-0361-4000-9572-c4444ae11be4: 32 groups; 0.8 s; peak memory 1242 MiB.
2026-10-06T15:18:55Z INFO [181/900] 5309e342-1b81-4894-918d-c68edb5a0b85: 24 groups; 1.0 s; peak memory 1242 MiB.
2026-10-06T15:18:56Z INFO [182/900] 530a3890-a88c-4164-be5f-18e1d53e6600: 24 groups; 1.5 s; peak memory 1242 MiB.
2026-10-06T15:18:57Z INFO [183/900] 530b5c31-e882-4378-a02c-59b4b7a6eafb: 25 groups; 0.8 s; peak memory 1242 MiB.
2026-10-06T15:18:58Z INFO [184/900] 530bd751-9bb5-4f74-a9cf-a86b028ad917: 32 groups; 0.9 s; peak memory 1242 MiB.
2026-10-06T15:19:04Z INFO [185/900] 530c0d09-b0f9-4383-9f53-7810131b793e: 66 groups; 6.0 s; peak memory 1242 MiB.
2026-10-06T15:19:11Z INFO [186/900] 530c9802-b42c-4151-9e53-c7afa1846cd2: 235 groups; 6.6 s; peak memory 1242 MiB.
2026-10-06T15:19:12Z INFO [187/900] 530cb375-30ac-4c07-bb16-c77f293e344c: 17 groups; 1.8 s; peak memory 1242 MiB.
2026-10-06T15:19:13Z INFO [188/900] 530e4c8d-4d3e-483a-bfa1-f8b9fb007796: 22 groups; 0.8 s; peak memory 1242 MiB.
2026-10-06T15:19:18Z INFO [189/900] 530f0e9f-40a9-47a1-904f-9873fd7564ef: 152 groups; 4.2 s; peak memory 1242 MiB.
2026-10-06T15:19:18Z INFO [190/900] 530f742f-e945-40bd-a0db-1be0b153888d: 22 groups; 0.9 s; peak memory 1242 MiB.
2026-10-06T15:19:19Z INFO [191/900] 53109a37-db79-4c1f-b29b-b7c1720a6588: 22 groups; 1.0 s; peak memory 1242 MiB.
2026-10-06T15:19:21Z INFO [192/900] 531126e1-b19d-4d38-9723-a909eeb30768: 71 groups; 1.9 s; peak memory 1242 MiB.
2026-10-06T15:19:22Z INFO [193/900] 5311554d-c28c-4fcf-8b51-f5981e58a6c8: 35 groups; 1.0 s; peak memory 1242 MiB.
2026-10-06T15:19:24Z INFO [194/900] 5311f382-c5ac-45de-a194-c76743c17735: 35 groups; 1.3 s; peak memory 1242 MiB.
2026-10-06T15:19:24Z INFO [195/900] 5311fa1c-4236-4a75-8fc5-175dde5c0d85: 22 groups; 0.9 s; peak memory 1242 MiB.
2026-10-06T15:19:25Z INFO [196/900] 53126fd2-f366-43f0-8051-3f032272b08b: 22 groups; 0.9 s; peak memory 1242 MiB.
2026-10-06T15:19:38Z INFO [197/900] 5312a7e9-4516-4c5f-baff-aa640b050d28: 2540 groups; 12.7 s; peak memory 1242 MiB.
2026-10-06T15:19:40Z INFO [198/900] 53132bb8-b3ce-4d51-90b5-ec028619382d: 48 groups; 1.7 s; peak memory 1242 MiB.
2026-10-06T15:19:44Z INFO [199/900] 531352c8-7806-4d88-8e87-7bcda5140b0d: 135 groups; 4.3 s; peak memory 1242 MiB.
2026-10-06T15:19:45Z INFO [200/900] 53138122-e04d-4297-9751-bb60224e34eb: 32 groups; 1.0 s; peak memory 1242 MiB.
2026-10-06T15:19:45Z INFO [200/900] 53138122-e04d-4297-9751-bb60224e34eb: checkpointed 87036 records.
2026-10-06T15:19:46Z INFO [201/900] 53140d27-93aa-4117-9250-035d9ef7f71a: 252 groups; 0.9 s; peak memory 1242 MiB.
2026-10-06T15:19:47Z INFO [202/900] 53143312-6431-4618-a897-c4c68e1baf94: 22 groups; 0.7 s; peak memory 1242 MiB.
2026-10-06T15:45:11Z INFO [203/900] 5314bec9-0318-400b-b84a-ee9f77069cdf: 44 groups; 1524.4 s; peak memory 1242 MiB.
2026-10-06T15:45:14Z INFO [204/900] 5314e0c1-7da4-4281-981c-8b52d29af66c: 92 groups; 2.3 s; peak memory 1242 MiB.
2026-10-06T15:45:15Z INFO [205/900] 5315428b-c190-477e-b436-2ee13e2a99e3: 35 groups; 1.3 s; peak memory 1242 MiB.
2026-10-06T15:45:16Z INFO [206/900] 5315af96-f54b-4382-b900-d3a415ba754a: 33 groups; 1.0 s; peak memory 1242 MiB.
2026-10-06T15:45:17Z INFO [207/900] 5315d284-c5ec-445f-bb66-ee495d96dc60: 35 groups; 1.3 s; peak memory 1242 MiB.
2026-10-06T15:45:18Z INFO [208/900] 53165f1b-1dc4-439a-a309-f8d6e2dc2642: 194 groups; 1.1 s; peak memory 1242 MiB.
2026-10-06T15:45:29Z INFO [209/900] 53169691-ebac-4ad9-9a4d-44893130298c: 237 groups; 11.2 s; peak memory 1242 MiB.
2026-10-06T15:45:30Z INFO [210/900] 5316d833-f116-47f4-b54e-3f38334c3049: 22 groups; 1.1 s; peak memory 1242 MiB.
2026-10-06T15:45:33Z INFO [211/900] 5316e80e-6163-4443-b355-e83dd0840dd0: 50 groups; 2.4 s; peak memory 1242 MiB.
2026-10-06T15:45:34Z INFO [212/900] 53175b2c-7e40-4d02-918c-e92483535726: 251 groups; 0.9 s; peak memory 1242 MiB.
2026-10-06T15:45:34Z INFO [213/900] 5317c32d-a79d-4656-be6e-c78b2e8960d8: 17 groups; 0.6 s; peak memory 1242 MiB.
2026-10-06T15:45:38Z INFO [214/900] 5318356f-0b25-4775-b6f0-9926a9ab8bcb: 68 groups; 3.2 s; peak memory 1242 MiB.
2026-10-06T15:45:50Z INFO [215/900] 531981a8-711f-4a82-9ebc-709ecb378fb7: 246 groups; 12.1 s; peak memory 1242 MiB.
2026-10-06T15:45:52Z INFO [216/900] 5319b81d-f895-46c1-960a-9887b26fbee5: 94 groups; 2.6 s; peak memory 1242 MiB.
2026-10-06T15:45:53Z INFO [217/900] 531a55e9-ad4b-41d1-b60a-8599c6a938f8: 32 groups; 0.9 s; peak memory 1242 MiB.
2026-10-06T15:45:57Z INFO [218/900] 531aafa1-4578-4a18-8fb1-6494d8051845: 62 groups; 3.4 s; peak memory 1242 MiB.
2026-10-06T15:45:58Z INFO [219/900] 531b38c3-907f-497f-bf68-015a2ea7eca4: 32 groups; 0.8 s; peak memory 1242 MiB.
2026-10-06T15:45:58Z INFO [220/900] 531c1a60-5d5a-4730-87cd-2f58882b6379: 49 groups; 0.9 s; peak memory 1242 MiB.
2026-10-06T15:46:02Z INFO [221/900] 531c3a84-c642-4fd2-97f9-4e8548f2519f: 17 groups; 3.7 s; peak memory 1242 MiB.
2026-10-06T15:46:04Z INFO [222/900] 531c5493-179a-4443-a793-5cc918c9e58b: 48 groups; 2.1 s; peak memory 1242 MiB.
2026-10-06T15:46:09Z INFO [223/900] 531da23f-1f71-49d8-b26d-b001b47ff7f3: 181 groups; 4.3 s; peak memory 1242 MiB.
2026-10-06T15:46:13Z INFO [224/900] 531ed852-595d-4dd9-8a2f-7f1c3f34fdd0: 78 groups; 4.3 s; peak memory 1242 MiB.
2026-10-06T15:46:14Z INFO [225/900] 531f247d-942e-4014-b453-d7c14ef38cf2: 22 groups; 1.1 s; peak memory 1242 MiB.
2026-10-06T15:46:15Z INFO [226/900] 531f51a3-f4af-4e3f-9e06-dca1699d2d6f: 22 groups; 1.0 s; peak memory 1242 MiB.
2026-10-06T15:46:16Z INFO [227/900] 531f728e-d3ea-4117-a59a-7ad30f29f531: 22 groups; 0.9 s; peak memory 1242 MiB.
2026-10-06T15:46:19Z INFO [228/900] 531fe0d1-e0aa-4f76-a97a-42fa54f3abd3: 83 groups; 3.4 s; peak memory 1242 MiB.
2026-10-06T15:46:21Z INFO [229/900] 53200f0f-0b1c-460f-8805-de7815557925: 202 groups; 1.2 s; peak memory 1242 MiB.
2026-10-06T15:46:21Z INFO [230/900] 5320bea9-b919-45f9-a1e5-26dc158a0429: 29 groups; 0.8 s; peak memory 1242 MiB.
2026-10-06T15:46:23Z INFO [231/900] 5320f2b9-4ffa-4dea-95de-167622d6eb5e: 36 groups; 1.4 s; peak memory 1242 MiB.
2026-10-06T15:46:24Z INFO [232/900] 532217b0-b6fa-4ae2-96e8-620441e1c7a1: 22 groups; 1.1 s; peak memory 1242 MiB.
2026-10-06T15:46:25Z INFO [233/900] 53223dd8-b9dd-4cc4-a322-6d3bcff16354: 32 groups; 0.8 s; peak memory 1242 MiB.
2026-10-06T15:46:26Z INFO [234/900] 5322c319-8059-4dea-b310-e57ca34a5a7e: 32 groups; 1.1 s; peak memory 1242 MiB.
2026-10-06T15:46:27Z INFO [235/900] 5323597b-d44d-4ded-a4b6-11254157cce2: 22 groups; 1.0 s; peak memory 1242 MiB.
2026-10-06T15:46:28Z INFO [236/900] 5323b985-0f36-41db-9672-7f68a78db70d: 207 groups; 1.6 s; peak memory 1242 MiB.
2026-10-06T15:46:55Z INFO [237/900] 5323c118-4a6b-4b9a-a1fd-73ec2577b71c: 2921 groups; 26.4 s; peak memory 1242 MiB.
2026-10-06T15:46:56Z INFO [238/900] 53244f2b-b730-49c1-8eb5-ef0acb76277f: 35 groups; 1.0 s; peak memory 1242 MiB.
2026-10-06T15:46:57Z INFO [239/900] 53249451-f406-4035-bb2f-ebdc1a781e7f: 22 groups; 0.8 s; peak memory 1242 MiB.
2026-10-06T15:46:57Z INFO [240/900] 5324f626-d8b3-4068-b285-be36ca920cb2: 22 groups; 0.8 s; peak memory 1242 MiB.
2026-10-06T15:46:59Z INFO [241/900] 5325253d-6a0d-4341-be4d-b36bde0f7340: 35 groups; 1.4 s; peak memory 1242 MiB.
2026-10-06T15:47:00Z INFO [242/900] 5326e7e8-404d-4e55-b921-d90fd4eb4780: 251 groups; 0.9 s; peak memory 1242 MiB.
2026-10-06T15:47:01Z INFO [243/900] 5327602f-0bb7-4e10-a700-b2d75b2e263e: 32 groups; 0.9 s; peak memory 1242 MiB.
2026-10-06T15:47:02Z INFO [244/900] 53276677-5d50-48eb-aa5f-c60ba729a46a: 103 groups; 1.1 s; peak memory 1242 MiB.
2026-10-06T15:47:02Z INFO [245/900] 5327e011-5482-46b0-9bed-f036a68f9a67: 28 groups; 0.7 s; peak memory 1242 MiB.
2026-10-06T15:47:03Z INFO [246/900] 532906f7-91c3-467d-8157-0f7d8888ba4a: 22 groups; 0.9 s; peak memory 1242 MiB.
2026-10-06T15:47:06Z INFO [247/900] 53299466-19a6-4724-8a60-f91870cbe0f4: 54 groups; 2.4 s; peak memory 1242 MiB.
2026-10-06T15:47:07Z INFO [248/900] 532a05e6-3780-470e-9404-e19763287547: 32 groups; 1.0 s; peak memory 1242 MiB.
2026-10-06T15:47:08Z INFO [249/900] 532a1278-a0a1-4b46-afaf-49d1c2154800: 33 groups; 1.1 s; peak memory 1242 MiB.
2026-10-06T15:47:09Z INFO [250/900] 532a7017-6110-42f2-b64e-c7ca76eaaf38: 59 groups; 0.8 s; peak memory 1242 MiB.
2026-10-06T15:47:09Z INFO [250/900] 532a7017-6110-42f2-b64e-c7ca76eaaf38: checkpointed 87086 records.
2026-10-06T15:47:10Z INFO [251/900] 532ac2e6-e95e-4156-9801-73dc8080b2e1: 22 groups; 1.0 s; peak memory 1242 MiB.
2026-10-06T15:47:11Z INFO [252/900] 532af05e-14ac-4013-b054-770811d482ee: 33 groups; 0.9 s; peak memory 1242 MiB.
2026-10-06T15:47:15Z INFO [253/900] 532bb738-03ff-41f7-adb1-9d5bd005172d: 104 groups; 4.5 s; peak memory 1242 MiB.
2026-10-06T15:47:16Z INFO [254/900] 532c4c6d-8379-4b7b-b4e9-528e46a48885: 29 groups; 0.7 s; peak memory 1242 MiB.
2026-10-06T15:47:17Z INFO [255/900] 532c7fa6-4745-4ef0-a419-4e49bb398ffb: 22 groups; 0.8 s; peak memory 1242 MiB.
2026-10-06T15:47:18Z INFO [256/900] 532c81cf-a3e1-43f7-9c00-231f421d1fb5: 54 groups; 1.8 s; peak memory 1242 MiB.
2026-10-06T15:47:19Z INFO [257/900] 532e2885-e620-445a-969a-d7409159f96d: 16 groups; 0.5 s; peak memory 1242 MiB.
2026-10-06T15:47:20Z INFO [258/900] 532eb500-c260-4d3e-a883-290828388ff4: 35 groups; 0.9 s; peak memory 1242 MiB.
2026-10-06T15:47:22Z INFO [259/900] 532ee3c7-1114-4a92-b3c5-107216e1ce27: 46 groups; 2.2 s; peak memory 1242 MiB.
2026-10-06T15:47:30Z INFO [260/900] 532f7213-5487-4703-b549-b8d356f6ebe9: 33 groups; 7.6 s; peak memory 1242 MiB.
2026-10-06T15:47:31Z INFO [261/900] 53309dec-3ae1-481b-ad2e-be80c06e0550: 258 groups; 1.0 s; peak memory 1242 MiB.
2026-10-06T15:47:31Z INFO [262/900] 5330dac7-c004-4537-a4c2-8a383d6d77d5: 22 groups; 0.8 s; peak memory 1242 MiB.
2026-10-06T15:47:32Z INFO [263/900] 533179d1-ddd3-45e9-96f3-23df9c6ee0cb: 22 groups; 0.9 s; peak memory 1242 MiB.
2026-10-06T15:47:39Z INFO [264/900] 5331b8a5-93f8-46f4-a008-52a17055ac51: 46 groups; 6.5 s; peak memory 1242 MiB.
2026-10-06T15:50:12Z INFO [265/900] 53320c27-b3bc-4445-b849-ae48ec0574da: 72 groups; 153.3 s; peak memory 1242 MiB.
2026-10-06T15:52:40Z INFO [266/900] 53326278-e157-402d-aaa4-de9f20236615: 69 groups; 147.9 s; peak memory 1242 MiB.
2026-10-06T15:52:44Z INFO [267/900] 5332c67e-9094-4289-93d3-c849fd3d5fe5: 181 groups; 3.7 s; peak memory 1242 MiB.
2026-10-06T15:52:48Z INFO [268/900] 53338479-0194-40d3-b726-19c20a5dc4e6: 509 groups; 3.6 s; peak memory 1242 MiB.
2026-10-06T15:52:48Z INFO [269/900] 5334bb38-a2ff-472a-bd57-339cf0bb3abf: 22 groups; 0.7 s; peak memory 1242 MiB.
2026-10-06T15:52:49Z INFO [270/900] 53354d1a-e65e-45fe-9832-d1c86c0ce584: 22 groups; 1.0 s; peak memory 1242 MiB.
2026-10-06T15:52:51Z INFO [271/900] 5335b886-1e1d-4012-9c9e-84f97512255c: 35 groups; 1.5 s; peak memory 1242 MiB.
2026-10-06T15:53:04Z INFO [272/900] 5335c216-a4e4-4c46-ac12-7ec782522ac7: 91 groups; 13.7 s; peak memory 1242 MiB.
2026-10-06T15:53:05Z INFO [273/900] 5336dd24-588e-4b74-9902-b173f903c8bf: 30 groups; 0.6 s; peak memory 1242 MiB.
2026-10-06T15:53:06Z INFO [274/900] 53372102-59a3-4d25-8a39-66feda080644: 32 groups; 1.1 s; peak memory 1242 MiB.
2026-10-06T15:53:08Z INFO [275/900] 53374907-e283-4d3a-b90b-e3b62223dd2b: 54 groups; 2.1 s; peak memory 1242 MiB.
2026-10-06T15:53:09Z INFO [276/900] 53383f57-b66f-484e-8fb4-47cd22852967: 22 groups; 0.9 s; peak memory 1242 MiB.
2026-10-06T15:53:10Z INFO [277/900] 533881af-5bd6-45b3-9954-fac25cf6d7c1: 35 groups; 1.2 s; peak memory 1242 MiB.
2026-10-06T15:53:11Z INFO [278/900] 53389b25-f374-4ab4-9b3c-0425cda909ab: 22 groups; 0.9 s; peak memory 1242 MiB.
2026-10-06T15:53:12Z INFO [279/900] 5338a140-6252-4234-81ee-4bd166ad0741: 32 groups; 1.0 s; peak memory 1242 MiB.
2026-10-06T15:53:13Z INFO [280/900] 533a9613-6683-42fc-abcc-5ffa467eec20: 24 groups; 0.8 s; peak memory 1242 MiB.
2026-10-06T15:53:14Z INFO [281/900] 533b4a1c-df69-4b07-bbac-cc2a45b30bd6: 22 groups; 0.9 s; peak memory 1242 MiB.
2026-10-06T15:53:58Z INFO [282/900] 533c0a73-7de6-4d2c-81da-1546124e24da: 26 groups; 44.1 s; peak memory 1242 MiB.
2026-10-06T15:53:59Z INFO [283/900] 533c833a-c3ac-40ee-b566-c63d76d4a81e: 22 groups; 0.9 s; peak memory 1242 MiB.
2026-10-06T15:54:34Z INFO [284/900] 533c8740-895d-4367-89e9-eea3b1dd1547: 3430 groups; 34.7 s; peak memory 1242 MiB.
2026-10-06T15:54:35Z INFO [285/900] 533c9b03-057b-4641-8f55-811abff9d30e: 32 groups; 1.0 s; peak memory 1242 MiB.
2026-10-06T15:54:35Z INFO [286/900] 533ca96a-9fe6-4c13-8716-5095157150ec: 22 groups; 0.7 s; peak memory 1242 MiB.
2026-10-06T15:54:36Z INFO [287/900] 533f2aec-82d5-4a8c-b477-2cfa680b4231: 202 groups; 1.1 s; peak memory 1242 MiB.
2026-10-06T15:54:43Z INFO [288/900] 533fa890-cad9-4d33-bdd6-8639858a7ccc: 120 groups; 6.4 s; peak memory 1242 MiB.
2026-10-06T15:54:47Z INFO [289/900] 534125a5-d67e-4b5b-ba91-5ae175bde846: 78 groups; 4.3 s; peak memory 1242 MiB.
2026-10-06T15:54:49Z INFO [290/900] 53415886-9e05-403b-8618-d97a3191333e: 81 groups; 1.5 s; peak memory 1242 MiB.
2026-10-06T15:54:50Z INFO [291/900] 5341f230-2fba-4a5c-b440-b88077802582: 35 groups; 1.1 s; peak memory 1242 MiB.
2026-10-06T15:54:51Z INFO [292/900] 53432830-9cad-4e77-b750-f15a44adcb23: 42 groups; 1.0 s; peak memory 1242 MiB.
2026-10-06T15:54:56Z INFO [293/900] 53434084-c10a-42ac-9500-b943a4287590: 603 groups; 5.5 s; peak memory 1242 MiB.
2026-10-06T15:54:58Z INFO [294/900] 5343ea41-63f8-4929-9b84-d2468bb2259c: 50 groups; 2.1 s; peak memory 1242 MiB.
2026-10-06T15:54:59Z INFO [295/900] 53440dc9-b941-42e5-8762-5546e8aef88f: 32 groups; 0.9 s; peak memory 1242 MiB.
2026-10-06T15:55:00Z INFO [296/900] 53447c1b-21e3-4cbe-9ed0-af0b94f3bb52: 32 groups; 0.9 s; peak memory 1242 MiB.
2026-10-06T15:55:01Z INFO [297/900] 53449ae8-9f72-412d-a47a-4cc7555af729: 17 groups; 0.5 s; peak memory 1242 MiB.
2026-10-06T15:55:01Z INFO [298/900] 5345d0a6-e305-4300-845a-7dde532ebfa8: 22 groups; 0.8 s; peak memory 1242 MiB.
2026-10-06T15:55:02Z INFO [299/900] 5345dde9-169c-4ac1-93dd-3986fccfd547: 35 groups; 1.0 s; peak memory 1242 MiB.
2026-10-06T15:55:03Z INFO [300/900] 5346cb2f-c3a2-41de-9197-d74b2e54153a: 22 groups; 0.9 s; peak memory 1242 MiB.
2026-10-06T15:55:04Z INFO [300/900] 5346cb2f-c3a2-41de-9197-d74b2e54153a: checkpointed 87136 records.
2026-10-06T15:55:04Z INFO [301/900] 5346d919-5806-4b16-a9ca-d63a2574f6e7: 32 groups; 0.8 s; peak memory 1242 MiB.
2026-10-06T15:55:05Z INFO [302/900] 53481ab4-49ef-44ed-9b26-afdd00a99c08: 22 groups; 0.9 s; peak memory 1242 MiB.
2026-10-06T15:55:10Z INFO [303/900] 5348eec2-11ae-45d4-b6d3-37df19c50ee9: 34 groups; 4.7 s; peak memory 1242 MiB.
2026-10-06T15:55:11Z INFO [304/900] 53495bbd-2a29-41a2-9aae-cfe89c9dd06d: 35 groups; 1.2 s; peak memory 1242 MiB.
2026-10-06T15:55:13Z INFO [305/900] 534b8cc6-6e74-487b-bc03-669239323967: 48 groups; 1.9 s; peak memory 1242 MiB.
2026-10-06T15:55:14Z INFO [306/900] 534ba229-d71b-4019-8241-aceb8378b2d2: 35 groups; 1.0 s; peak memory 1242 MiB.
2026-10-06T15:55:15Z INFO [307/900] 534c05e1-c5ad-4c06-b6ef-e3fd2137be64: 35 groups; 1.0 s; peak memory 1242 MiB.
2026-10-06T15:55:20Z INFO [308/900] 534c0ca9-5f7d-4ed8-8eb4-ac3f65c1a36e: 144 groups; 5.3 s; peak memory 1242 MiB.
2026-10-06T15:55:21Z INFO [309/900] 534c5131-74cc-4ba6-be24-2093c4ee9a1a: 33 groups; 0.8 s; peak memory 1242 MiB.
2026-10-06T15:55:22Z INFO [310/900] 534db80f-b0ea-4910-89b4-d3fe1eeeb1d9: 32 groups; 0.9 s; peak memory 1242 MiB.
2026-10-06T15:55:23Z INFO [311/900] 534df944-273e-4594-a788-a3f254068d47: 22 groups; 1.0 s; peak memory 1242 MiB.
2026-10-06T15:55:24Z INFO [312/900] 534e0fc4-9877-4059-a756-4961a7043de2: 32 groups; 1.1 s; peak memory 1242 MiB.
2026-10-06T15:55:25Z INFO [313/900] 534ea7ba-528f-413f-94fc-ceb129989525: 22 groups; 0.9 s; peak memory 1242 MiB.
2026-10-06T15:57:48Z INFO [314/900] 534efca6-000f-4147-ad0a-f7f4cd910fa6: 34 groups; 143.3 s; peak memory 1242 MiB.
2026-10-06T15:57:49Z INFO [315/900] 534f5d38-bdba-49d4-843a-700ddb260f70: 29 groups; 1.2 s; peak memory 1242 MiB.
2026-10-06T15:57:51Z INFO [316/900] 534f8023-33d3-4762-9136-1526b9e8a128: 194 groups; 1.5 s; peak memory 1242 MiB.
2026-10-06T15:57:55Z INFO [317/900] 5351284c-b7b2-4e0d-abe9-3a5271a46bfb: 245 groups; 4.5 s; peak memory 1242 MiB.
2026-10-06T15:57:56Z INFO [318/900] 5352036c-6ff5-4440-9b71-e69ed0fc8688: 32 groups; 0.8 s; peak memory 1242 MiB.
2026-10-06T15:57:57Z INFO [319/900] 535252d6-7e7e-4368-8e8a-80d017de63d0: 29 groups; 0.8 s; peak memory 1242 MiB.
2026-10-06T15:57:58Z INFO [320/900] 53529412-3be5-4e38-becf-7b4ae9b5b5c5: 25 groups; 0.7 s; peak memory 1242 MiB.
2026-10-06T15:57:59Z INFO [321/900] 5352f032-a225-44c5-aea8-8254642a22e0: 67 groups; 1.1 s; peak memory 1242 MiB.
2026-10-06T15:58:01Z INFO [322/900] 53536a0a-5359-4315-ae64-3802d575308e: 206 groups; 2.0 s; peak memory 1242 MiB.
2026-10-06T15:58:02Z INFO [323/900] 5353743e-f159-4d89-a5a9-ee6b5e22a6e6: 22 groups; 0.9 s; peak memory 1242 MiB.
2026-10-06T15:58:03Z INFO [324/900] 5353cde1-4118-4814-9937-34883703a027: 26 groups; 1.1 s; peak memory 1242 MiB.
2026-10-06T15:58:04Z INFO [325/900] 53540cfc-a3f9-4889-82dd-6e69e0a4e031: 201 groups; 1.2 s; peak memory 1242 MiB.
2026-10-06T15:58:07Z INFO [326/900] 53544065-5833-463b-9c57-e3a985ce6cb3: 50 groups; 3.0 s; peak memory 1242 MiB.
2026-10-06T15:58:11Z INFO [327/900] 53546587-fb89-42b5-85d1-d86888b3909f: 154 groups; 3.9 s; peak memory 1242 MiB.
2026-10-06T15:58:12Z INFO [328/900] 5354ab6d-338b-4dfb-a3ea-6ff960ce6d71: 32 groups; 1.0 s; peak memory 1242 MiB.
2026-10-06T15:58:13Z INFO [329/900] 53554644-0bf5-44eb-ad2f-27bb4e4460f2: 28 groups; 0.6 s; peak memory 1242 MiB.
2026-10-06T15:58:13Z INFO [330/900] 53554696-c71c-4c99-8c8a-7ae67fb545d9: 35 groups; 0.9 s; peak memory 1242 MiB.
2026-10-06T15:58:16Z INFO [331/900] 53562e58-7a5f-4a5e-aa60-8cabe98f02b6: 104 groups; 3.0 s; peak memory 1242 MiB.
2026-10-06T15:58:17Z INFO [332/900] 5356c6d6-4f0b-447d-a4a8-a80f28480b84: 30 groups; 0.8 s; peak memory 1242 MiB.
2026-10-06T15:58:18Z INFO [333/900] 53572964-123a-4959-86c4-3df4de9e79f6: 22 groups; 0.8 s; peak memory 1242 MiB.
2026-10-06T15:58:37Z INFO [334/900] 5358162c-409e-403e-bde5-ff6effad1238: 17 groups; 18.6 s; peak memory 1242 MiB.
2026-10-06T15:58:38Z INFO [335/900] 5358efb3-755c-49c1-9f06-325f09de2f9b: 22 groups; 0.9 s; peak memory 1242 MiB.
2026-10-06T15:58:38Z INFO [336/900] 53599dba-7a6f-4485-97ac-fc6b47248fa2: 22 groups; 0.7 s; peak memory 1242 MiB.
2026-10-06T15:58:39Z INFO [337/900] 535ac598-39be-4ac6-af4f-608e866fef2c: 22 groups; 1.1 s; peak memory 1242 MiB.
2026-10-06T15:58:40Z INFO [338/900] 535bc21a-f3c0-474d-abd0-c47bb29c0e1f: 22 groups; 0.8 s; peak memory 1242 MiB.
2026-10-06T15:58:41Z INFO [339/900] 535be403-5dc6-4ed8-9198-4a2611201982: 32 groups; 1.0 s; peak memory 1242 MiB.
2026-10-06T15:58:42Z INFO [340/900] 535be48e-cc68-402f-b0cb-96d9d5059998: 30 groups; 0.7 s; peak memory 1242 MiB.
2026-10-06T15:58:43Z INFO [341/900] 535c2068-f683-4c36-bbab-2d06a629c378: 35 groups; 1.0 s; peak memory 1242 MiB.
2026-10-06T15:58:45Z INFO [342/900] 535ca793-812b-4d21-9e08-457c9685791e: 52 groups; 2.4 s; peak memory 1242 MiB.
2026-10-06T15:58:46Z INFO [343/900] 535d8444-9e80-434f-a99a-0a0688eb23de: 32 groups; 0.9 s; peak memory 1242 MiB.
2026-10-06T15:58:47Z INFO [344/900] 535e013d-3730-46e9-81ab-887e829d71f4: 25 groups; 0.9 s; peak memory 1242 MiB.
2026-10-06T15:58:59Z INFO [345/900] 535ebe8d-aac9-4ca3-ad97-98c0909286ea: 63 groups; 11.3 s; peak memory 1242 MiB.
2026-10-06T15:59:00Z INFO [346/900] 535ee29b-e902-47db-9fae-9675e8e2ea61: 31 groups; 0.9 s; peak memory 1242 MiB.
2026-10-06T15:59:00Z INFO [347/900] 535f2a21-bf34-418f-a888-ca67cb7d6a39: 22 groups; 0.9 s; peak memory 1242 MiB.
2026-10-06T15:59:01Z INFO [348/900] 535fa97e-a78a-4d7a-8d77-0323f913efeb: 22 groups; 0.9 s; peak memory 1242 MiB.
2026-10-06T15:59:04Z INFO [349/900] 5360400d-ad25-4586-82c9-f8891f00cffe: 50 groups; 2.3 s; peak memory 1242 MiB.
2026-10-06T15:59:05Z INFO [350/900] 53606d78-a72f-4798-bcb1-affc053f9e31: 35 groups; 1.1 s; peak memory 1242 MiB.
2026-10-06T15:59:05Z INFO [350/900] 53606d78-a72f-4798-bcb1-affc053f9e31: checkpointed 87186 records.
2026-10-06T15:59:06Z INFO [351/900] 53607d74-c558-411e-ae76-57831ac684c4: 41 groups; 1.1 s; peak memory 1242 MiB.
2026-10-06T15:59:07Z INFO [352/900] 53608cdb-3486-4bd3-a95c-f8960c08e740: 22 groups; 0.9 s; peak memory 1242 MiB.
2026-10-06T15:59:08Z INFO [353/900] 53613807-a9b5-411d-b9b5-a4958fee5af0: 18 groups; 0.8 s; peak memory 1242 MiB.
2026-10-06T15:59:15Z INFO [354/900] 5361ae55-6ca5-4390-97cf-3bb47b0066a8: 76 groups; 7.7 s; peak memory 1242 MiB.
2026-10-06T16:02:04Z INFO [355/900] 5361eeaa-56e6-41a8-9d4b-979cd895c754: 60 groups; 168.1 s; peak memory 1242 MiB.
2026-10-06T16:02:05Z INFO [356/900] 5362da99-8004-42f1-a5b4-0ae2f4416015: 22 groups; 1.0 s; peak memory 1242 MiB.
2026-10-06T16:02:06Z INFO [357/900] 53634aec-0c70-4c42-bea0-00834b53459c: 35 groups; 1.1 s; peak memory 1242 MiB.
2026-10-06T16:02:08Z INFO [358/900] 5364402a-af00-4b3b-b71b-ad45a5b6da4f: 48 groups; 2.0 s; peak memory 1242 MiB.
2026-10-06T16:02:09Z INFO [359/900] 53644ed2-f22c-430b-9ffb-5383cecd769d: 42 groups; 1.3 s; peak memory 1242 MiB.
2026-10-06T16:02:10Z INFO [360/900] 5364713e-9be4-42cf-a411-6280b46123b1: 32 groups; 1.0 s; peak memory 1242 MiB.
2026-10-06T16:02:11Z INFO [361/900] 536596ce-277f-42cb-8fa7-d8c0a42cbdff: 49 groups; 1.2 s; peak memory 1242 MiB.
2026-10-06T16:02:12Z INFO [362/900] 5366426a-cbe1-4cd1-ab79-73352add6218: 22 groups; 1.1 s; peak memory 1242 MiB.
2026-10-06T16:02:16Z INFO [363/900] 53668cb7-4963-4a0a-a288-c61b74dc0ba4: 78 groups; 4.0 s; peak memory 1242 MiB.
2026-10-06T16:02:21Z INFO [364/900] 5366ea50-2b81-4bff-a725-29bdde9cd736: 175 groups; 4.6 s; peak memory 1242 MiB.
2026-10-06T16:02:33Z INFO [365/900] 53673c39-5753-420d-ad1a-b2034f28752a: 201 groups; 12.0 s; peak memory 1242 MiB.
2026-10-06T16:02:34Z INFO [366/900] 53683104-049a-4870-b88e-3ee296dffe9b: 194 groups; 1.0 s; peak memory 1242 MiB.
2026-10-06T16:02:35Z INFO [367/900] 53699b87-2bf5-47e0-8dda-1eaea9018fee: 24 groups; 0.8 s; peak memory 1242 MiB.
2026-10-06T16:02:47Z INFO [368/900] 536b0f74-0380-43dc-94a0-28669c2fbf88: 364 groups; 11.9 s; peak memory 1242 MiB.
2026-10-06T16:02:48Z INFO [369/900] 536b3ee1-ebe0-427e-a108-b3d23797a115: 36 groups; 1.5 s; peak memory 1242 MiB.
2026-10-06T16:02:49Z INFO [370/900] 536b5832-5685-4750-a6b0-5b6a1c076aa5: 24 groups; 1.0 s; peak memory 1242 MiB.
2026-10-06T16:03:00Z INFO [371/900] 536d0416-4857-4e6a-9b85-5fae84c6785e: 368 groups; 10.6 s; peak memory 1242 MiB.
2026-10-06T16:03:01Z INFO [372/900] 536d610f-7b8f-4625-93c8-b38614b6ad8a: 35 groups; 1.0 s; peak memory 1242 MiB.
2026-10-06T16:03:02Z INFO [373/900] 536d9a7e-2125-49f7-b322-8489c41bee43: 33 groups; 1.2 s; peak memory 1242 MiB.
2026-10-06T16:03:03Z INFO [374/900] 536d9d6f-2641-45d2-9d94-6de8b017960f: 43 groups; 1.1 s; peak memory 1242 MiB.
2026-10-06T16:03:04Z INFO [375/900] 536dd353-fa0d-4792-8932-47776c3f1b71: 254 groups; 0.9 s; peak memory 1242 MiB.
2026-10-06T16:03:05Z INFO [376/900] 536ee0cd-2c79-4574-80b3-c30ea722e9a0: 48 groups; 1.6 s; peak memory 1242 MiB.
2026-10-06T16:03:08Z INFO [377/900] 536f765d-c600-4ab6-a93e-67f12c828476: 50 groups; 2.2 s; peak memory 1242 MiB.
2026-10-06T16:03:09Z INFO [378/900] 53704f30-98c4-449b-92a1-1915e9b031e3: 22 groups; 0.8 s; peak memory 1242 MiB.
2026-10-06T16:03:10Z INFO [379/900] 53706a5f-2b8c-4033-97dc-77fa1ad14e5d: 206 groups; 1.9 s; peak memory 1242 MiB.
2026-10-06T16:03:11Z INFO [380/900] 53708389-4e00-4aea-8041-c6dfbf4f810c: 22 groups; 0.8 s; peak memory 1242 MiB.
2026-10-06T16:03:12Z INFO [381/900] 5370f236-bdd9-4f04-970d-f61a5ab9f5f2: 35 groups; 1.2 s; peak memory 1242 MiB.
2026-10-06T16:03:14Z INFO [382/900] 5371d9d2-f286-424e-9bd6-14da0428ff15: 59 groups; 1.1 s; peak memory 1242 MiB.
2026-10-06T16:03:14Z INFO [383/900] 537277b9-1208-4cf2-9fe2-b4b9667aa75a: 16 groups; 0.7 s; peak memory 1242 MiB.
2026-10-06T16:03:15Z INFO [384/900] 5372e097-be1d-40ac-96c8-d045508aceca: 22 groups; 0.8 s; peak memory 1242 MiB.
2026-10-06T16:03:16Z INFO [385/900] 53731ecd-a4de-49b5-9bd8-c6d0039290ca: 16 groups; 0.5 s; peak memory 1242 MiB.
2026-10-06T16:03:16Z INFO [386/900] 5373bdd6-ee90-4f81-bfb8-145e9b5fbd92: 24 groups; 0.6 s; peak memory 1242 MiB.
2026-10-06T16:03:17Z INFO [387/900] 537431a9-578e-49a4-b6f6-ab131edccbca: 32 groups; 0.9 s; peak memory 1242 MiB.
2026-10-06T16:03:23Z INFO [388/900] 537462f9-45ca-4b8d-9c6e-a90c2f2ba815: 188 groups; 5.6 s; peak memory 1242 MiB.
2026-10-06T16:03:23Z INFO [389/900] 537489e4-d927-404c-8c48-cd1b60ab6d55: 18 groups; 0.5 s; peak memory 1242 MiB.
2026-10-06T16:03:24Z INFO [390/900] 5375ee81-1573-443c-9736-5ffd3917b2eb: 16 groups; 0.7 s; peak memory 1242 MiB.
2026-10-06T16:06:16Z INFO [391/900] 5376793f-9b7b-45f7-b999-81b71f20998d: 60 groups; 172.3 s; peak memory 1242 MiB.
2026-10-06T16:06:20Z INFO [392/900] 53768c85-1f50-4be3-82bb-987f5d7c62bb: 82 groups; 3.8 s; peak memory 1242 MiB.
2026-10-06T16:06:21Z INFO [393/900] 53772faa-9a2e-4031-9045-c4854901fbf7: 32 groups; 1.0 s; peak memory 1242 MiB.
2026-10-06T16:06:24Z INFO [394/900] 537784ef-9a0b-4385-ace6-fe4d31c9d1cc: 181 groups; 3.4 s; peak memory 1242 MiB.
2026-10-06T16:06:25Z INFO [395/900] 5377aa28-2231-4e2b-9833-a5b6fcf7cd80: 18 groups; 0.8 s; peak memory 1242 MiB.
2026-10-06T16:06:26Z INFO [396/900] 537804e8-5bb3-45ab-95c0-70deef0d145b: 22 groups; 1.0 s; peak memory 1242 MiB.
2026-10-06T16:06:31Z INFO [397/900] 53785dcb-5b11-4ff9-bda1-ea62658f5587: 138 groups; 4.5 s; peak memory 1242 MiB.
2026-10-06T16:06:32Z INFO [398/900] 53786af8-cf2c-441e-94a9-9723b509ed74: 32 groups; 0.9 s; peak memory 1242 MiB.
2026-10-06T16:06:33Z INFO [399/900] 53788b70-cab4-4d8b-90bc-6544c28cee41: 108 groups; 1.2 s; peak memory 1242 MiB.
2026-10-06T16:06:38Z INFO [400/900] 537990fc-aeed-49c6-a0b8-e2a5d09edd91: 64 groups; 4.8 s; peak memory 1242 MiB.
2026-10-06T16:06:38Z INFO [400/900] 537990fc-aeed-49c6-a0b8-e2a5d09edd91: checkpointed 87236 records.
2026-10-06T16:06:40Z INFO [401/900] 5379c6e4-1f51-4caf-b114-d12e6bd011c1: 195 groups; 2.3 s; peak memory 1242 MiB.
2026-10-06T16:06:41Z INFO [402/900] 5379c792-40cd-4e4e-9a9b-768ec73f032e: 35 groups; 0.9 s; peak memory 1242 MiB.
2026-10-06T16:06:44Z INFO [403/900] 5379e345-12b9-4123-b574-e5fab697bbb6: 62 groups; 3.2 s; peak memory 1242 MiB.
2026-10-06T16:07:16Z INFO [404/900] 537a708a-ca77-4363-958a-5abdf2877201: 23 groups; 31.6 s; peak memory 1242 MiB.
2026-10-06T16:07:17Z INFO [405/900] 537a86b6-ebda-4e32-9832-59cacaa08804: 32 groups; 1.0 s; peak memory 1242 MiB.
2026-10-06T16:07:18Z INFO [406/900] 537ae86c-5a4f-4fa5-967a-fb4af5028383: 25 groups; 0.9 s; peak memory 1242 MiB.
2026-10-06T16:07:20Z INFO [407/900] 537b8c4c-dcac-4f32-8ac9-ac43a5876654: 50 groups; 2.7 s; peak memory 1242 MiB.
2026-10-06T16:07:21Z INFO [408/900] 537b91f3-9179-429a-be00-78be98ce42e3: 31 groups; 0.6 s; peak memory 1242 MiB.
2026-10-06T16:07:27Z INFO [409/900] 537bcbbd-d4e9-4f6c-ba6b-1dd13d92f493: 66 groups; 5.8 s; peak memory 1242 MiB.
2026-10-06T16:07:28Z INFO [410/900] 537ca6b7-f237-44be-9d75-94bd2e40b8e5: 72 groups; 1.5 s; peak memory 1242 MiB.
2026-10-06T16:07:29Z INFO [411/900] 537d572e-b853-4854-9580-0464ec3ccd68: 22 groups; 1.0 s; peak memory 1242 MiB.
2026-10-06T16:07:30Z INFO [412/900] 537df40a-a7d9-459e-b07b-15fb7789df1a: 257 groups; 1.0 s; peak memory 1242 MiB.
2026-10-06T16:07:31Z INFO [413/900] 537e5bd2-09ea-4db8-aca8-898cc51446f3: 35 groups; 0.9 s; peak memory 1242 MiB.
2026-10-06T16:07:32Z INFO [414/900] 537eb3cd-c993-4a7d-89de-dc7ef2f009a4: 22 groups; 0.8 s; peak memory 1242 MiB.
2026-10-06T16:07:33Z INFO [415/900] 537ef8a2-309a-476e-89e9-5073c0890d1a: 29 groups; 1.0 s; peak memory 1242 MiB.
2026-10-06T16:07:41Z INFO [416/900] 537f158f-1d3c-4e4d-9d2b-6da083c76088: 194 groups; 8.0 s; peak memory 1242 MiB.
2026-10-06T16:07:42Z INFO [417/900] 537f1e37-cc72-4a97-9317-2c96a7e47296: 35 groups; 1.2 s; peak memory 1242 MiB.
2026-10-06T16:07:43Z INFO [418/900] 537feb74-d4d3-4dc4-b998-da9c47fe9502: 33 groups; 1.0 s; peak memory 1242 MiB.
2026-10-06T16:07:44Z INFO [419/900] 537fefff-72b8-4276-ac48-b998b3a2828b: 32 groups; 1.1 s; peak memory 1242 MiB.
2026-10-06T16:07:45Z INFO [420/900] 53805fe6-bb12-4b0e-a5c6-0deca0a5d1d3: 32 groups; 0.8 s; peak memory 1242 MiB.
2026-10-06T16:07:46Z INFO [421/900] 53809af7-f3a9-4290-a383-848f0f258b10: 35 groups; 1.1 s; peak memory 1242 MiB.
2026-10-06T16:07:47Z INFO [422/900] 53820567-1ebd-4c0d-8ff9-cb4f67bf4524: 17 groups; 0.9 s; peak memory 1242 MiB.
2026-10-06T16:07:48Z INFO [423/900] 5382858c-401a-4d3e-9d25-80aeecb915e1: 71 groups; 1.3 s; peak memory 1242 MiB.
2026-10-06T16:07:50Z INFO [424/900] 5382c217-44b6-4ee1-b427-101f31075cf0: 103 groups; 1.1 s; peak memory 1242 MiB.
2026-10-06T16:07:50Z INFO [425/900] 5382d20b-a989-4819-8e76-a482d296709d: 32 groups; 0.9 s; peak memory 1242 MiB.
2026-10-06T16:07:54Z INFO [426/900] 53839240-eb97-4b47-af84-1c6fec8446b9: 181 groups; 3.4 s; peak memory 1242 MiB.
2026-10-06T16:07:56Z INFO [427/900] 5384743e-1ae8-4084-91fb-8d5c70e4ae22: 98 groups; 2.6 s; peak memory 1242 MiB.
2026-10-06T16:08:00Z INFO [428/900] 53848112-a421-46ec-96d8-195bd8a8166b: 105 groups; 4.0 s; peak memory 1242 MiB.
2026-10-06T16:08:06Z INFO [429/900] 5384e32f-fcfe-4d4d-a288-56a8ddc68123: 1359 groups; 5.9 s; peak memory 1242 MiB.
2026-10-06T16:08:10Z INFO [430/900] 538536ea-b5eb-4eb4-8ed0-fd0ec72f1173: 87 groups; 3.4 s; peak memory 1242 MiB.
2026-10-06T16:08:11Z INFO [431/900] 53863b2d-6799-4938-871a-08e8d7966dda: 22 groups; 0.9 s; peak memory 1242 MiB.
2026-10-06T16:08:12Z INFO [432/900] 5387ff2b-4da0-49cd-ab34-590f8d0d315e: 207 groups; 1.9 s; peak memory 1242 MiB.
2026-10-06T16:08:14Z INFO [433/900] 53883dbe-830b-4701-81b1-f2c5b1e7cba7: 64 groups; 1.6 s; peak memory 1242 MiB.
2026-10-06T16:08:16Z INFO [434/900] 5388e2af-f58c-4b2e-8045-a1558b2fef2a: 48 groups; 2.4 s; peak memory 1242 MiB.
2026-10-06T16:08:18Z INFO [435/900] 538ab86a-65bd-4fa6-bc0d-e9ede6a0b939: 32 groups; 1.1 s; peak memory 1242 MiB.
2026-10-06T16:08:18Z INFO [436/900] 538abc4b-9ce7-4e31-acf3-d896f5334e93: 22 groups; 1.0 s; peak memory 1242 MiB.
2026-10-06T16:08:19Z INFO [437/900] 538b312d-2816-44ab-9896-1063c535a8d8: 25 groups; 0.8 s; peak memory 1242 MiB.
2026-10-06T16:08:24Z INFO [438/900] 538bb403-dba9-4972-8c93-a89a03c4e878: 138 groups; 4.9 s; peak memory 1242 MiB.
2026-10-06T16:08:25Z INFO [439/900] 538c5ed4-857a-4fd0-9de8-d17efd905e26: 32 groups; 0.8 s; peak memory 1242 MiB.
2026-10-06T16:08:26Z INFO [440/900] 538ca1f5-6773-4508-98e6-fc1cbf328289: 35 groups; 1.1 s; peak memory 1242 MiB.
2026-10-06T16:08:27Z INFO [441/900] 538cc9dd-181a-4fc9-825f-7771dea340c3: 32 groups; 0.9 s; peak memory 1242 MiB.
2026-10-06T16:08:28Z INFO [442/900] 538cd945-9fa0-4456-b513-2f2485d3339d: 30 groups; 0.8 s; peak memory 1242 MiB.
2026-10-06T16:08:29Z INFO [443/900] 538cda57-bf6a-44f0-b03b-1f80b922cb9a: 29 groups; 0.8 s; peak memory 1242 MiB.
2026-10-06T16:08:30Z INFO [444/900] 538ebbd9-f11f-446b-846e-0b2a3dd1c688: 22 groups; 0.9 s; peak memory 1242 MiB.
2026-10-06T16:08:38Z INFO [445/900] 538f0d72-4f96-4598-a909-a6c3ec2bb8b0: 299 groups; 8.2 s; peak memory 1242 MiB.
2026-10-06T16:08:39Z INFO [446/900] 538f7793-faed-4f81-91bb-306d473c9713: 22 groups; 0.9 s; peak memory 1242 MiB.
2026-10-06T16:08:41Z INFO [447/900] 538fa5b4-1b27-4025-aaad-285bf458fe44: 51 groups; 2.2 s; peak memory 1242 MiB.
2026-10-06T16:08:42Z INFO [448/900] 5390b75e-409a-44fa-adc9-b601cc070c76: 32 groups; 1.2 s; peak memory 1242 MiB.
2026-10-06T16:08:43Z INFO [449/900] 539121ef-c9a5-44fe-bde2-3089a071b5a9: 16 groups; 0.6 s; peak memory 1242 MiB.
2026-10-06T16:08:43Z INFO [450/900] 53941ea8-cb88-4b39-8731-278f3e30164c: 28 groups; 0.7 s; peak memory 1242 MiB.
2026-10-06T16:08:43Z INFO [450/900] 53941ea8-cb88-4b39-8731-278f3e30164c: checkpointed 87286 records.
2026-10-06T16:08:44Z INFO [451/900] 539463cc-7136-4446-a899-febe15dd582b: 32 groups; 1.0 s; peak memory 1242 MiB.
2026-10-06T16:08:45Z INFO [452/900] 5394e3b0-e5c4-4dd9-b1b1-35714fc79ec3: 22 groups; 0.8 s; peak memory 1242 MiB.
2026-10-06T16:08:47Z INFO [453/900] 539686e0-7ef2-4b3a-ad70-31a4d1cef237: 48 groups; 2.2 s; peak memory 1242 MiB.
2026-10-06T16:08:48Z INFO [454/900] 5397d9b2-8af5-4a41-a134-e3b878c33f70: 29 groups; 1.0 s; peak memory 1242 MiB.
2026-10-06T16:08:49Z INFO [455/900] 5398c9d5-9fe3-4c81-af11-143112ab6c97: 22 groups; 1.0 s; peak memory 1242 MiB.
2026-10-06T16:08:55Z INFO [456/900] 5398cb9a-b889-485b-90c3-8f736d61ab66: 238 groups; 5.1 s; peak memory 1242 MiB.
2026-10-06T16:09:04Z INFO [457/900] 53999984-d1a9-4dcc-a30c-bf525c2d2c30: 52 groups; 9.9 s; peak memory 1242 MiB.
2026-10-06T16:09:11Z INFO [458/900] 539a4a85-9d2a-4af1-8118-93652dcafda8: 184 groups; 6.3 s; peak memory 1242 MiB.
2026-10-06T16:09:12Z INFO [459/900] 539b5e83-bb52-44e8-b111-69f82680e7e7: 341 groups; 1.3 s; peak memory 1242 MiB.
2026-10-06T16:09:14Z INFO [460/900] 539c06bd-6b49-40c3-b48e-69b8f0a94e6f: 72 groups; 1.9 s; peak memory 1242 MiB.
2026-10-06T16:09:15Z INFO [461/900] 539c3238-4654-4976-adf7-4d09b9e18de5: 48 groups; 1.5 s; peak memory 1242 MiB.
2026-10-06T16:09:16Z INFO [462/900] 539d5d11-2e3b-478d-a7f1-83a1c5dc8b41: 22 groups; 0.9 s; peak memory 1242 MiB.
2026-10-06T16:09:17Z INFO [463/900] 539df370-91e8-40c9-8c07-69e0cc12a3a9: 22 groups; 0.9 s; peak memory 1242 MiB.
2026-10-06T16:09:18Z INFO [464/900] 539df88e-2c25-46ed-a499-5e79d3beccf9: 24 groups; 0.7 s; peak memory 1242 MiB.
2026-10-06T16:09:19Z INFO [465/900] 539e0f7f-66d1-4f7f-928e-ab70d550af2b: 22 groups; 0.7 s; peak memory 1242 MiB.
2026-10-06T16:09:20Z INFO [466/900] 539e349e-7579-438d-a70a-a056cfe7cea5: 87 groups; 1.2 s; peak memory 1242 MiB.
2026-10-06T16:09:21Z INFO [467/900] 539ed10b-a5cc-4f28-80d3-673c1a5a565f: 36 groups; 1.6 s; peak memory 1242 MiB.
2026-10-06T16:09:22Z INFO [468/900] 539ee4f9-9146-4249-b0ee-078312c8ca83: 16 groups; 0.5 s; peak memory 1242 MiB.
2026-10-06T16:09:23Z INFO [469/900] 539f6855-3fe4-41f8-aa52-64f347af015e: 32 groups; 1.1 s; peak memory 1242 MiB.
2026-10-06T16:09:24Z INFO [470/900] 539f6ebd-dccf-4fbd-8826-00d36dd55746: 31 groups; 0.8 s; peak memory 1242 MiB.
2026-10-06T16:09:25Z INFO [471/900] 539ff916-7eba-42f6-ac12-58ec11f7e30e: 22 groups; 0.9 s; peak memory 1242 MiB.
2026-10-06T16:09:25Z INFO [472/900] 53a02256-1dbc-4da8-bb4e-288e0778dd6b: 17 groups; 0.8 s; peak memory 1242 MiB.
2026-10-06T16:09:27Z INFO [473/900] 53a19cd4-583e-4e76-9c96-829d759d55c3: 35 groups; 1.0 s; peak memory 1242 MiB.
2026-10-06T16:09:31Z INFO [474/900] 53a1a33b-8567-4a8c-831b-4c992b3c726e: 140 groups; 4.2 s; peak memory 1242 MiB.
2026-10-06T16:09:32Z INFO [475/900] 53a1efcc-e302-475e-a844-160bc9ae1cf3: 103 groups; 1.0 s; peak memory 1242 MiB.
2026-10-06T16:09:33Z INFO [476/900] 53a1f692-a33c-4d3d-8dce-c93230d1a130: 25 groups; 1.0 s; peak memory 1242 MiB.
2026-10-06T16:09:34Z INFO [477/900] 53a2837b-44a9-412d-9335-255abc9f8815: 32 groups; 0.8 s; peak memory 1242 MiB.
2026-10-06T16:09:35Z INFO [478/900] 53a2acc4-43ab-493c-b938-bbb702e8c27c: 35 groups; 1.3 s; peak memory 1242 MiB.
2026-10-06T16:09:35Z INFO [479/900] 53a2ed0e-e3f9-401c-8950-3684203f2469: 18 groups; 0.6 s; peak memory 1242 MiB.
2026-10-06T16:09:36Z INFO [480/900] 53a31c3c-46af-49df-8d70-f0b9dd76002b: 32 groups; 0.9 s; peak memory 1242 MiB.
2026-10-06T16:09:38Z INFO [481/900] 53a39443-0089-4a31-a03a-4a56f7f01877: 34 groups; 1.5 s; peak memory 1242 MiB.
2026-10-06T16:09:39Z INFO [482/900] 53a3c9db-c35c-4423-9507-1e593de7ca5c: 22 groups; 0.9 s; peak memory 1242 MiB.
2026-10-06T16:09:47Z INFO [483/900] 53a401ef-f3bb-4c7d-9b21-10d41f2a2157: 289 groups; 7.7 s; peak memory 1242 MiB.
2026-10-06T16:09:53Z INFO [484/900] 53a49c54-7e0f-4480-a03a-407c9b37c36f: 22 groups; 6.9 s; peak memory 1242 MiB.
2026-10-06T16:09:56Z INFO [485/900] 53a6058f-63b5-4a5c-a918-19cd338c4041: 194 groups; 2.1 s; peak memory 1242 MiB.
2026-10-06T16:09:56Z INFO [486/900] 53a62ee0-b766-4908-8ddb-ad5c60b051e5: 30 groups; 0.9 s; peak memory 1242 MiB.
2026-10-06T16:09:57Z INFO [487/900] 53a7120b-0543-4205-a1a1-8a09ed4a594e: 32 groups; 0.9 s; peak memory 1242 MiB.
2026-10-06T16:09:58Z INFO [488/900] 53a9b2d4-6354-4af0-9498-5928cd0da24b: 22 groups; 0.9 s; peak memory 1242 MiB.
2026-10-06T16:10:00Z INFO [489/900] 53ab539b-e1bb-47b7-bb7f-9d757947bcb7: 48 groups; 1.5 s; peak memory 1242 MiB.
2026-10-06T16:10:01Z INFO [490/900] 53ab66c3-4c71-49cf-bb5d-d0281b9aa2b0: 253 groups; 0.9 s; peak memory 1242 MiB.
2026-10-06T16:10:02Z INFO [491/900] 53abc67e-3ba3-48b1-ade0-53877c7401e3: 22 groups; 0.9 s; peak memory 1242 MiB.
2026-10-06T16:10:13Z INFO [492/900] 53abeab9-1d6a-485c-83d8-639cdebbcc2b: 17 groups; 11.5 s; peak memory 1242 MiB.
2026-10-06T16:10:14Z INFO [493/900] 53acd168-139c-433f-9d3e-58a6d0dce796: 195 groups; 0.9 s; peak memory 1242 MiB.
2026-10-06T16:10:15Z INFO [494/900] 53ad6745-e796-46b8-88df-962deaad7379: 29 groups; 1.1 s; peak memory 1242 MiB.
2026-10-06T16:10:16Z INFO [495/900] 53ae0b47-72ab-4638-8eb6-f2041cb9c99d: 22 groups; 0.8 s; peak memory 1242 MiB.
2026-10-06T16:10:17Z INFO [496/900] 53ae6013-8d9f-479a-9093-f4ae100f04a6: 32 groups; 1.0 s; peak memory 1242 MiB.
2026-10-06T16:10:22Z INFO [497/900] 53aeec86-f8dd-4dd3-bdc2-6e7bd34e8063: 152 groups; 5.1 s; peak memory 1242 MiB.
2026-10-06T16:10:32Z INFO [498/900] 53af0b11-e06c-4051-9bfb-2614727ae1c6: 198 groups; 10.2 s; peak memory 1242 MiB.
2026-10-06T16:10:33Z INFO [499/900] 53af27c5-d552-4a59-832f-36fbfeffd97c: 22 groups; 0.8 s; peak memory 1242 MiB.
2026-10-06T16:11:02Z INFO [500/900] 53afd463-8453-44cd-be4a-13eb11447938: 26 groups; 29.2 s; peak memory 1242 MiB.
2026-10-06T16:11:02Z INFO [500/900] 53afd463-8453-44cd-be4a-13eb11447938: checkpointed 87336 records.
2026-10-06T16:11:03Z INFO [501/900] 53b03211-cb18-4c88-a341-a30fa639eef6: 35 groups; 1.1 s; peak memory 1242 MiB.
2026-10-06T16:11:05Z INFO [502/900] 53b141da-0637-480b-aa38-bb254cc1598d: 48 groups; 1.9 s; peak memory 1242 MiB.
2026-10-06T16:11:06Z INFO [503/900] 53b167b5-0498-412a-a896-df50d5337799: 32 groups; 1.1 s; peak memory 1242 MiB.
2026-10-06T16:11:16Z INFO [504/900] 53b17e59-b57d-4ba1-bc6b-f5655026936a: 226 groups; 9.2 s; peak memory 1242 MiB.
2026-10-06T16:11:33Z INFO [505/900] 53b1bd08-3477-4d54-99f3-eadfca799842: 24 groups; 17.2 s; peak memory 1242 MiB.
2026-10-06T16:11:34Z INFO [506/900] 53b289d9-b25c-4034-83f8-f1b0ce794c75: 48 groups; 1.3 s; peak memory 1242 MiB.
2026-10-06T16:11:35Z INFO [507/900] 53b29b1c-5025-4556-9ece-a1db77159b90: 35 groups; 1.2 s; peak memory 1242 MiB.
2026-10-06T16:11:37Z INFO [508/900] 53b2e95b-2ea3-4079-ae56-37e347f2779c: 199 groups; 1.2 s; peak memory 1242 MiB.
2026-10-06T16:11:38Z INFO [509/900] 53b3e233-dd45-401b-bacc-db956353b907: 337 groups; 1.4 s; peak memory 1242 MiB.
2026-10-06T16:11:39Z INFO [510/900] 53b3e4a9-54f3-43e8-8acb-1a836e9fc189: 35 groups; 1.1 s; peak memory 1242 MiB.
2026-10-06T16:11:40Z INFO [511/900] 53b41796-ed6e-437a-9545-913debbab721: 22 groups; 1.1 s; peak memory 1242 MiB.
2026-10-06T16:11:41Z INFO [512/900] 53b4373a-1629-4e73-9983-29649dc339dd: 42 groups; 1.1 s; peak memory 1242 MiB.
2026-10-06T16:11:47Z INFO [513/900] 53b4a14f-2a05-4e16-a5e2-544e5abfc88f: 68 groups; 6.3 s; peak memory 1242 MiB.
2026-10-06T16:11:48Z INFO [514/900] 53b4fac9-d9c3-44b0-8a52-929cd12507b3: 32 groups; 0.9 s; peak memory 1242 MiB.
2026-10-06T16:11:51Z INFO [515/900] 53b5c573-8ff2-4cd7-a7bc-7a672376b3c9: 50 groups; 3.0 s; peak memory 1242 MiB.
2026-10-06T16:11:52Z INFO [516/900] 53b722a9-20b5-4293-82b4-eff77bc2cb93: 30 groups; 0.7 s; peak memory 1242 MiB.
2026-10-06T16:11:53Z INFO [517/900] 53b7ab0f-b996-4962-97e1-bfeaa771c77c: 35 groups; 1.2 s; peak memory 1242 MiB.
2026-10-06T16:11:56Z INFO [518/900] 53b9ddee-b71f-4574-9600-db1d4e254bc5: 50 groups; 2.4 s; peak memory 1242 MiB.
2026-10-06T16:11:57Z INFO [519/900] 53ba0504-b64c-4e6e-b784-678ed0bdf7aa: 199 groups; 1.5 s; peak memory 1242 MiB.
2026-10-06T16:12:06Z INFO [520/900] 53ba0f71-0451-4f74-9663-63803576a340: 172 groups; 9.1 s; peak memory 1242 MiB.
2026-10-06T16:12:07Z INFO [521/900] 53ba0f76-6b07-4cfe-a38b-010419fc6dc1: 22 groups; 0.8 s; peak memory 1242 MiB.
2026-10-06T16:12:08Z INFO [522/900] 53baa3f1-79e2-48ee-bb9b-aa3ef283c814: 33 groups; 0.9 s; peak memory 1242 MiB.
2026-10-06T16:12:13Z INFO [523/900] 53bacade-1f17-4935-b852-916612fc0a62: 75 groups; 5.1 s; peak memory 1242 MiB.
2026-10-06T16:12:14Z INFO [524/900] 53bb9c6c-4e20-4e8a-bbd3-d4dd537a0ea2: 22 groups; 0.8 s; peak memory 1242 MiB.
2026-10-06T16:12:18Z INFO [525/900] 53bbd463-deda-44e9-9925-e8b515c0621d: 216 groups; 4.5 s; peak memory 1242 MiB.
2026-10-06T16:12:19Z INFO [526/900] 53bbfa8d-c7b9-4fd8-9265-2d7f2623d049: 32 groups; 0.8 s; peak memory 1242 MiB.
2026-10-06T16:12:21Z INFO [527/900] 53bc0e4c-a06d-4f5e-8732-6a924d7bd31a: 35 groups; 1.7 s; peak memory 1242 MiB.
2026-10-06T16:12:22Z INFO [528/900] 53bc23db-66cb-4ee0-932c-91fe8dbbc844: 33 groups; 1.0 s; peak memory 1242 MiB.
2026-10-06T16:12:23Z INFO [529/900] 53bd1073-be7b-4f04-a356-09ff606f31e7: 31 groups; 0.8 s; peak memory 1242 MiB.
2026-10-06T16:12:31Z INFO [530/900] 53bdfc40-21b5-48f6-a000-1c64ae02fdb6: 304 groups; 8.7 s; peak memory 1242 MiB.
2026-10-06T16:12:32Z INFO [531/900] 53be32bf-83e3-4163-af9b-fde1a5024227: 22 groups; 1.0 s; peak memory 1242 MiB.
2026-10-06T16:12:33Z INFO [532/900] 53bf234f-aa8e-46a5-8c93-41f7572bc98d: 25 groups; 0.7 s; peak memory 1242 MiB.
2026-10-06T16:12:34Z INFO [533/900] 53c0022a-7a60-4d8c-bed1-39f745118a4e: 26 groups; 0.6 s; peak memory 1242 MiB.
2026-10-06T16:12:35Z INFO [534/900] 53c157df-1f21-4389-a86e-a5c7605da848: 32 groups; 0.9 s; peak memory 1242 MiB.
2026-10-06T16:12:37Z INFO [535/900] 53c2d8bd-cf86-48d0-85b4-ca0d2d1ab9fa: 48 groups; 2.4 s; peak memory 1242 MiB.
2026-10-06T16:12:39Z INFO [536/900] 53c36a4f-8435-44e2-ae0e-c9399c356021: 206 groups; 1.7 s; peak memory 1242 MiB.
2026-10-06T16:12:39Z INFO [537/900] 53c46cc6-f56e-445a-8a51-2d39e7a31a62: 18 groups; 0.5 s; peak memory 1242 MiB.
2026-10-06T16:12:40Z INFO [538/900] 53c6242f-71bd-429c-ac78-ab5a78b8eb65: 16 groups; 0.8 s; peak memory 1242 MiB.
2026-10-06T16:12:41Z INFO [539/900] 53c69106-1106-449a-b737-67b8743ff98e: 22 groups; 0.8 s; peak memory 1242 MiB.
2026-10-06T16:12:43Z INFO [540/900] 53c70479-438f-4933-bd2a-def94f26faf7: 48 groups; 2.0 s; peak memory 1242 MiB.
2026-10-06T16:12:51Z INFO [541/900] 53c7083d-f812-4d28-b0b4-2876668677cc: 185 groups; 8.0 s; peak memory 1242 MiB.
2026-10-06T16:12:52Z INFO [542/900] 53ca1e4e-2ddf-41c0-b265-9e4c0613261a: 43 groups; 1.5 s; peak memory 1242 MiB.
2026-10-06T16:12:53Z INFO [543/900] 53cac459-9632-4c0c-b4ef-0224971ef7e2: 22 groups; 1.0 s; peak memory 1242 MiB.
2026-10-06T16:12:54Z INFO [544/900] 53cb0d0f-d4c5-4137-ad89-a843ceea65d2: 22 groups; 0.9 s; peak memory 1242 MiB.
2026-10-06T16:12:55Z INFO [545/900] 53cb49bf-8ff2-40ab-a830-f18f188c680c: 16 groups; 0.5 s; peak memory 1242 MiB.
2026-10-06T16:12:56Z INFO [546/900] 53cb4efa-153a-4770-a02e-7ad6046e2bbc: 253 groups; 1.1 s; peak memory 1242 MiB.
2026-10-06T16:13:05Z INFO [547/900] 53cbeb44-ae48-4735-ab25-6f759f4ab0db: 33 groups; 9.2 s; peak memory 1242 MiB.
2026-10-06T16:13:06Z INFO [548/900] 53cd6305-084d-4da6-aea0-f3d8c684e0bf: 28 groups; 0.7 s; peak memory 1242 MiB.
2026-10-06T16:13:10Z INFO [549/900] 53cd907d-5464-4ccd-bb88-a6c3ff152cf3: 145 groups; 4.3 s; peak memory 1242 MiB.
2026-10-06T16:13:11Z INFO [550/900] 53ce6497-7660-4bf4-9353-9bfd7fe8c000: 22 groups; 0.8 s; peak memory 1242 MiB.
2026-10-06T16:13:11Z INFO [550/900] 53ce6497-7660-4bf4-9353-9bfd7fe8c000: checkpointed 87386 records.
2026-10-06T16:13:12Z INFO [551/900] 53cf352f-0162-4cf0-8d9e-bcbf2511268e: 35 groups; 1.0 s; peak memory 1242 MiB.
2026-10-06T16:13:13Z INFO [552/900] 53d063e3-fea0-4f78-9acc-78209136e9b4: 103 groups; 1.1 s; peak memory 1242 MiB.
2026-10-06T16:13:15Z INFO [553/900] 53d0f5bb-fc43-4b99-b1e2-0e38ec0e6f7e: 207 groups; 1.5 s; peak memory 1242 MiB.
2026-10-06T16:13:18Z INFO [554/900] 53d0f5ee-8ef7-4fe8-8813-ecf64a7646aa: 336 groups; 3.1 s; peak memory 1242 MiB.
2026-10-06T16:13:18Z INFO [555/900] 53d18791-b52b-4e6f-8489-201f9b8a7b44: 25 groups; 0.8 s; peak memory 1242 MiB.
2026-10-06T16:13:19Z INFO [556/900] 53d20065-f53f-4ebb-bd45-31368e811df3: 25 groups; 0.9 s; peak memory 1242 MiB.
2026-10-06T16:13:20Z INFO [557/900] 53d298cf-fc27-49ff-8b75-8550f27d79c4: 22 groups; 1.0 s; peak memory 1242 MiB.
2026-10-06T16:13:22Z INFO [558/900] 53d2f926-0cf0-4221-85ac-0983afd365f6: 196 groups; 1.3 s; peak memory 1242 MiB.
2026-10-06T16:13:38Z INFO [559/900] 53d3425d-d53f-4ad1-9e4d-fbbbb068f297: 682 groups; 16.2 s; peak memory 1242 MiB.
2026-10-06T16:13:39Z INFO [560/900] 53d358b6-9af2-4a20-bafe-7b1a069f8102: 31 groups; 0.9 s; peak memory 1242 MiB.
2026-10-06T16:13:40Z INFO [561/900] 53d3a1d9-b3e2-4a7e-969c-2d9f9e29ace1: 32 groups; 1.0 s; peak memory 1242 MiB.
2026-10-06T16:13:41Z INFO [562/900] 53d515e1-eb93-43b3-a7cd-e6f4653a9bf2: 22 groups; 0.9 s; peak memory 1242 MiB.
2026-10-06T16:13:47Z INFO [563/900] 53d5742f-26e4-40b3-8d7e-86c088eef89b: 171 groups; 6.2 s; peak memory 1242 MiB.
2026-10-06T16:13:48Z INFO [564/900] 53d5c4b9-2f4d-44de-b032-4b401593051d: 32 groups; 0.9 s; peak memory 1242 MiB.
2026-10-06T16:13:48Z INFO [565/900] 53d6a990-04c4-4df6-babb-ef51f705e230: 18 groups; 0.7 s; peak memory 1242 MiB.
2026-10-06T16:13:53Z INFO [566/900] 53d7c390-4d0e-4d49-94fc-d9d35a083f20: 118 groups; 4.9 s; peak memory 1242 MiB.
2026-10-06T16:13:54Z INFO [567/900] 53d8295f-7ebc-43da-a691-b6a42f237b43: 22 groups; 1.1 s; peak memory 1242 MiB.
2026-10-06T16:13:55Z INFO [568/900] 53d9495a-60b0-4b56-9c92-187cc7cb2dac: 32 groups; 0.9 s; peak memory 1242 MiB.
2026-10-06T16:13:56Z INFO [569/900] 53d97daa-cbd9-45db-8a81-7bf879535410: 32 groups; 0.9 s; peak memory 1242 MiB.
2026-10-06T16:13:59Z INFO [570/900] 53d9d85a-d49b-4cbe-96cc-c5e5b78feb20: 50 groups; 2.6 s; peak memory 1242 MiB.
2026-10-06T16:13:59Z INFO [571/900] 53db37c1-a242-40fa-b10c-dad82e9b8b89: 16 groups; 0.6 s; peak memory 1242 MiB.
2026-10-06T16:14:00Z INFO [572/900] 53db9034-f122-43b7-9b96-7b16567366f2: 22 groups; 1.0 s; peak memory 1242 MiB.
2026-10-06T16:14:03Z INFO [573/900] 53dbf0c4-6725-4042-a1a8-51a4f22105c8: 50 groups; 2.2 s; peak memory 1242 MiB.
2026-10-06T16:14:03Z INFO [574/900] 53dc53ec-e7ff-4d7a-9a9d-bfe0a874e1a4: 16 groups; 0.5 s; peak memory 1242 MiB.
2026-10-06T16:14:04Z INFO [575/900] 53dd60d8-b27f-445c-8af9-57a36162b2a5: 32 groups; 0.9 s; peak memory 1242 MiB.
2026-10-06T16:14:07Z INFO [576/900] 53ddc806-29c8-480d-87ea-789c1f9240f5: 58 groups; 2.5 s; peak memory 1242 MiB.
2026-10-06T16:14:17Z INFO [577/900] 53de9879-f737-4e90-ad00-b5c99f73b452: 89 groups; 10.7 s; peak memory 1242 MiB.
2026-10-06T16:14:18Z INFO [578/900] 53df1d8f-3444-4b4d-b5a4-50e8d2281df3: 22 groups; 0.9 s; peak memory 1242 MiB.
2026-10-06T16:14:53Z INFO [579/900] 53df954e-60aa-4d5a-acdc-a9de75bc0d0e: 17 groups; 34.8 s; peak memory 1242 MiB.
2026-10-06T16:14:54Z INFO [580/900] 53e01965-a5e1-448d-a913-8d0e468ef3c1: 53 groups; 1.3 s; peak memory 1242 MiB.
2026-10-06T16:14:58Z INFO [581/900] 53e0267b-f34c-4b49-9844-6446858de2d9: 122 groups; 3.4 s; peak memory 1242 MiB.
2026-10-06T16:14:59Z INFO [582/900] 53e113eb-285e-497d-927f-a34ba5b1574a: 32 groups; 1.0 s; peak memory 1242 MiB.
2026-10-06T16:15:00Z INFO [583/900] 53e132e6-05cb-4ca0-a0ca-42b168621850: 42 groups; 1.2 s; peak memory 1242 MiB.
2026-10-06T16:15:03Z INFO [584/900] 53e1f805-2044-487b-96bf-86973237466d: 47 groups; 3.1 s; peak memory 1242 MiB.
2026-10-06T16:15:05Z INFO [585/900] 53e2f89d-a87a-4900-bc0f-291fce4b5c8d: 62 groups; 2.3 s; peak memory 1242 MiB.
2026-10-06T16:15:06Z INFO [586/900] 53e3a4ab-bb45-46f0-9d36-1298eb0efd84: 22 groups; 1.0 s; peak memory 1242 MiB.
2026-10-06T16:15:08Z INFO [587/900] 53e3cab1-701a-4026-a75a-d38f6ac7a958: 202 groups; 1.5 s; peak memory 1242 MiB.
2026-10-06T16:15:08Z INFO [588/900] 53e44bff-1e82-461b-af88-9624ba5dbf58: 18 groups; 0.7 s; peak memory 1242 MiB.
2026-10-06T16:15:09Z INFO [589/900] 53e5cf78-1374-43d7-a2fe-76f728f058bc: 25 groups; 0.5 s; peak memory 1242 MiB.
2026-10-06T16:15:10Z INFO [590/900] 53e629a6-f22d-42dd-ae94-5ee0f1967ea5: 35 groups; 0.9 s; peak memory 1242 MiB.
2026-10-06T16:15:11Z INFO [591/900] 53e63002-4aaa-4f22-9183-b6f44297ac17: 22 groups; 0.9 s; peak memory 1242 MiB.
2026-10-06T16:15:11Z INFO [592/900] 53e6b36b-9a42-45b8-9c37-629f29b8975f: 22 groups; 0.7 s; peak memory 1242 MiB.
2026-10-06T16:15:12Z INFO [593/900] 53e6b8dd-b725-43ee-a841-4c2903dbd50d: 253 groups; 1.0 s; peak memory 1242 MiB.
2026-10-06T16:15:14Z INFO [594/900] 53e82e7a-7204-4b2b-ac5e-c3301ee08c0b: 48 groups; 2.1 s; peak memory 1242 MiB.
2026-10-06T16:15:15Z INFO [595/900] 53e92c46-26e2-4c40-9f8b-674cc20184fa: 35 groups; 0.9 s; peak memory 1242 MiB.
2026-10-06T16:15:18Z INFO [596/900] 53e94fe3-1cca-49ea-8fe4-1dc0384c67f6: 50 groups; 2.7 s; peak memory 1242 MiB.
2026-10-06T16:15:23Z INFO [597/900] 53e9cefe-9cf5-49c7-91ca-f90ea4d64cc5: 106 groups; 5.3 s; peak memory 1242 MiB.
2026-10-06T16:15:24Z INFO [598/900] 53e9f1df-e148-47ec-b44c-8b937eb25ce2: 35 groups; 1.0 s; peak memory 1242 MiB.
2026-10-06T16:15:25Z INFO [599/900] 53ea5f48-41a2-458a-84a6-652c121767f5: 87 groups; 1.0 s; peak memory 1242 MiB.
2026-10-06T16:18:05Z INFO [600/900] 53ea8077-7176-49d8-9936-d54efe238ca2: 72 groups; 159.6 s; peak memory 1242 MiB.
2026-10-06T16:18:05Z INFO [600/900] 53ea8077-7176-49d8-9936-d54efe238ca2: checkpointed 87436 records.
2026-10-06T16:18:06Z INFO [601/900] 53eac2d2-dc24-402a-91e8-97e36d59fcd3: 16 groups; 0.6 s; peak memory 1242 MiB.
2026-10-06T16:18:07Z INFO [602/900] 53ead2b0-f920-48e6-ab9b-79e7d46546a8: 35 groups; 1.1 s; peak memory 1242 MiB.
2026-10-06T16:18:08Z INFO [603/900] 53eae5bf-3688-4f78-9ff6-85dc2e33b98a: 22 groups; 1.0 s; peak memory 1242 MiB.
2026-10-06T16:18:09Z INFO [604/900] 53eaff88-abec-4259-9273-43590d00a448: 35 groups; 1.2 s; peak memory 1242 MiB.
2026-10-06T16:18:11Z INFO [605/900] 53eb6e6d-22ee-47c0-b1e0-9fc6cb732662: 48 groups; 2.3 s; peak memory 1242 MiB.
2026-10-06T16:18:12Z INFO [606/900] 53ec8e6f-ff57-4e9c-9b59-121b67005582: 22 groups; 1.0 s; peak memory 1242 MiB.
2026-10-06T16:18:13Z INFO [607/900] 53ed04eb-3930-4c9f-90e0-938b5e8500ec: 30 groups; 0.9 s; peak memory 1242 MiB.
2026-10-06T16:18:17Z INFO [608/900] 53ed23d8-f905-4c14-9208-e5aecf7c09c0: 192 groups; 3.7 s; peak memory 1242 MiB.
2026-10-06T16:18:18Z INFO [609/900] 53edaed0-eb33-4767-af54-4cbc086d7384: 32 groups; 1.1 s; peak memory 1242 MiB.
2026-10-06T16:18:19Z INFO [610/900] 53ef5645-8e6c-4120-b78c-abce5d846325: 22 groups; 0.9 s; peak memory 1242 MiB.
2026-10-06T16:18:20Z INFO [611/900] 53ef9c97-25dc-4454-aeef-1f112920c644: 18 groups; 0.7 s; peak memory 1242 MiB.
2026-10-06T16:18:26Z INFO [612/900] 53f17ec9-68b9-44c3-9d54-f767ab1c7c1f: 26 groups; 5.9 s; peak memory 1242 MiB.
2026-10-06T16:18:31Z INFO [613/900] 53f1b0df-c32d-4b25-ac65-7fc529327eed: 187 groups; 5.7 s; peak memory 1242 MiB.
2026-10-06T16:18:32Z INFO [614/900] 53f256f7-fa0a-4ef1-bd67-4cc6a16e8290: 16 groups; 0.6 s; peak memory 1242 MiB.
2026-10-06T16:18:33Z INFO [615/900] 53f2b88e-5ca9-41a0-b7a8-7cf49ad4c1a3: 196 groups; 1.0 s; peak memory 1242 MiB.
2026-10-06T16:18:34Z INFO [616/900] 53f2eb06-5397-4e3f-b0bf-0e3dca626402: 28 groups; 0.9 s; peak memory 1242 MiB.
2026-10-06T16:18:35Z INFO [617/900] 53f347ed-3475-4870-b40b-f302a70fb088: 32 groups; 1.0 s; peak memory 1242 MiB.
2026-10-06T16:18:36Z INFO [618/900] 53f3e233-c2aa-4a9c-8f85-5a9ae741afc5: 31 groups; 0.8 s; peak memory 1242 MiB.
2026-10-06T16:18:36Z INFO [619/900] 53f44b19-db9f-42cc-ac45-44d58ab51f46: 22 groups; 0.8 s; peak memory 1242 MiB.
2026-10-06T16:18:37Z INFO [620/900] 53f52616-7fd2-4bb2-a7ce-abef6b78e2e2: 103 groups; 0.8 s; peak memory 1242 MiB.
2026-10-06T16:18:38Z INFO [621/900] 53f53e1c-8833-417a-92e3-846b8e224641: 16 groups; 0.5 s; peak memory 1242 MiB.
2026-10-06T16:18:39Z INFO [622/900] 53f5a14f-bdc2-47eb-9bbc-5375298d7817: 22 groups; 0.9 s; peak memory 1242 MiB.
2026-10-06T16:18:43Z INFO [623/900] 53f7b68a-6805-4440-a602-03028ae6d7fb: 161 groups; 4.9 s; peak memory 1242 MiB.
2026-10-06T16:18:44Z INFO [624/900] 53f7b7e7-16ef-417e-afa6-865479013cfb: 32 groups; 0.9 s; peak memory 1242 MiB.
2026-10-06T16:18:51Z INFO [625/900] 53f83673-622b-4822-a4f7-3a35f6eb462f: 206 groups; 6.6 s; peak memory 1242 MiB.
2026-10-06T16:18:57Z INFO [626/900] 53f83edd-35da-4b4a-ad2e-278a46911043: 66 groups; 6.1 s; peak memory 1242 MiB.
2026-10-06T16:21:24Z INFO [627/900] 53f86eb0-3cf1-4760-8e32-0bac6d372a49: 70 groups; 147.3 s; peak memory 1242 MiB.
2026-10-06T16:21:25Z INFO [628/900] 53f9b125-03c6-4d7a-9379-b931ee2fbff3: 17 groups; 0.6 s; peak memory 1242 MiB.
2026-10-06T16:21:27Z INFO [629/900] 53f9bdd1-4a31-4742-a6f4-0dc693ba6de9: 50 groups; 2.4 s; peak memory 1242 MiB.
2026-10-06T16:21:29Z INFO [630/900] 53fb30b4-5b95-4f32-a147-8a2089c44d2c: 32 groups; 1.1 s; peak memory 1242 MiB.
2026-10-06T16:21:29Z INFO [631/900] 53fc03f1-ad4e-421b-ba30-5f3837c34415: 25 groups; 0.9 s; peak memory 1242 MiB.
2026-10-06T16:21:30Z INFO [632/900] 53fd6450-cdd3-4f31-85d1-e34c08fc12d5: 25 groups; 1.0 s; peak memory 1242 MiB.
2026-10-06T16:21:32Z INFO [633/900] 53fe55d6-3eaf-4e72-b250-bfa8ad7ed461: 202 groups; 1.4 s; peak memory 1242 MiB.
2026-10-06T16:21:33Z INFO [634/900] 53ff35d8-e035-4a48-8832-c0b7acc7df11: 336 groups; 1.5 s; peak memory 1242 MiB.
2026-10-06T16:21:36Z INFO [635/900] 53ffbf59-5369-4953-ade1-779b4c77ab37: 338 groups; 2.3 s; peak memory 1242 MiB.
2026-10-06T16:21:37Z INFO [636/900] 53ffe718-0b1e-4bf6-a111-63567d77f33e: 32 groups; 1.1 s; peak memory 1242 MiB.
2026-10-06T16:21:39Z INFO [637/900] 5400d084-bbaf-4a3a-81c0-b76c3be19743: 48 groups; 2.5 s; peak memory 1242 MiB.
2026-10-06T16:21:41Z INFO [638/900] 54012ba9-a2f5-4664-b52d-cf5931379bf5: 35 groups; 1.3 s; peak memory 1242 MiB.
2026-10-06T16:21:42Z INFO [639/900] 54015e63-f280-40e0-b8ef-3454297242b1: 64 groups; 1.6 s; peak memory 1242 MiB.
2026-10-06T16:21:43Z INFO [640/900] 5402c36f-7491-42bc-8ae6-19d4c90f50f0: 30 groups; 0.6 s; peak memory 1242 MiB.
2026-10-06T16:21:44Z INFO [641/900] 5402cf67-e88b-447d-bd01-56605a9b20ae: 22 groups; 0.7 s; peak memory 1242 MiB.
2026-10-06T16:21:48Z INFO [642/900] 54031645-247a-4eb8-8751-d43a46b66ffb: 181 groups; 4.4 s; peak memory 1242 MiB.
2026-10-06T16:21:49Z INFO [643/900] 5403326a-bc46-489b-8fc6-15dac48f1ae8: 32 groups; 0.9 s; peak memory 1242 MiB.
2026-10-06T16:21:50Z INFO [644/900] 54033e89-85f5-4fb8-971e-498e3b06f247: 207 groups; 1.1 s; peak memory 1242 MiB.
2026-10-06T16:21:51Z INFO [645/900] 5403497d-4e9a-4cfe-be56-1634b058d1f1: 32 groups; 1.2 s; peak memory 1242 MiB.
2026-10-06T16:21:52Z INFO [646/900] 54036754-41e5-4b37-9877-e6d1d481059f: 35 groups; 1.1 s; peak memory 1242 MiB.
2026-10-06T16:21:53Z INFO [647/900] 5403b6c8-105d-4717-82b4-b59a54de0f2d: 32 groups; 0.9 s; peak memory 1242 MiB.
2026-10-06T16:21:54Z INFO [648/900] 54051148-4bb8-42ad-815a-08a3ff3d4a50: 22 groups; 0.9 s; peak memory 1242 MiB.
2026-10-06T16:21:57Z INFO [649/900] 5406afed-fcbe-411f-9056-3253dee0534f: 50 groups; 2.6 s; peak memory 1242 MiB.
2026-10-06T16:21:58Z INFO [650/900] 540712bb-02b2-4253-9ab8-50e7936375bf: 22 groups; 0.9 s; peak memory 1242 MiB.
2026-10-06T16:21:58Z INFO [650/900] 540712bb-02b2-4253-9ab8-50e7936375bf: checkpointed 87486 records.
2026-10-06T16:21:59Z INFO [651/900] 5407572d-cb87-4295-a72f-cab9fa50933e: 22 groups; 0.9 s; peak memory 1242 MiB.
2026-10-06T16:22:00Z INFO [652/900] 54099c89-e758-49c2-968e-4b497fbb9371: 35 groups; 1.1 s; peak memory 1242 MiB.
2026-10-06T16:22:01Z INFO [653/900] 540a3c6d-36f5-4037-8482-4e43f9eb3848: 22 groups; 1.1 s; peak memory 1242 MiB.
2026-10-06T16:22:02Z INFO [654/900] 540a424e-e74b-49e3-97d9-99958a2b37b4: 22 groups; 0.9 s; peak memory 1242 MiB.
2026-10-06T16:22:03Z INFO [655/900] 540a8ef6-6e53-4c09-91ee-ddc0ad5253be: 32 groups; 1.0 s; peak memory 1242 MiB.
2026-10-06T16:22:06Z INFO [656/900] 540aa71b-e303-4638-b987-9ce3da1cfc3e: 181 groups; 3.3 s; peak memory 1242 MiB.
2026-10-06T16:22:07Z INFO [657/900] 540b9110-0e49-4825-8c0a-6dc7a73c426d: 33 groups; 0.7 s; peak memory 1242 MiB.
2026-10-06T16:22:08Z INFO [658/900] 540ca773-a5d3-4286-a9f2-e15e08caf92e: 36 groups; 1.3 s; peak memory 1242 MiB.
2026-10-06T16:22:09Z INFO [659/900] 540e1f7e-e658-4379-9d26-5451bab8ff0f: 35 groups; 1.2 s; peak memory 1242 MiB.
2026-10-06T16:22:14Z INFO [660/900] 540e528f-a030-451c-8a88-ca8c82d73498: 173 groups; 4.6 s; peak memory 1242 MiB.
2026-10-06T16:22:15Z INFO [661/900] 540f17bf-5020-4451-b64e-3bbe11a635c8: 22 groups; 0.8 s; peak memory 1242 MiB.
2026-10-06T16:22:16Z INFO [662/900] 540f5b32-4e17-4878-b15e-fc525a177a5a: 32 groups; 1.0 s; peak memory 1242 MiB.
2026-10-06T16:22:16Z INFO [663/900] 540f5e4f-ab3e-4f13-a822-835328753a61: 32 groups; 0.9 s; peak memory 1242 MiB.
2026-10-06T16:22:17Z INFO [664/900] 54100f9f-a707-4571-9a69-784f4e9a27c4: 22 groups; 0.9 s; peak memory 1242 MiB.
2026-10-06T16:22:24Z INFO [665/900] 54117536-f687-4d9b-8346-aa8f7a1f9029: 66 groups; 6.2 s; peak memory 1242 MiB.
2026-10-06T16:22:24Z INFO [666/900] 54118281-50ce-4ffd-9123-195d8d4b4ee2: 22 groups; 0.8 s; peak memory 1242 MiB.
2026-10-06T16:22:32Z INFO [667/900] 54118a74-48b0-498c-a73a-e04af7fcb2bc: 238 groups; 7.6 s; peak memory 1242 MiB.
2026-10-06T16:22:33Z INFO [668/900] 5411cb13-a73d-4232-82f7-fc0942685aa0: 32 groups; 0.8 s; peak memory 1242 MiB.
2026-10-06T16:22:33Z INFO [669/900] 5412dadc-6ccf-4011-9299-58818bba49e5: 31 groups; 0.7 s; peak memory 1242 MiB.
2026-10-06T16:22:35Z INFO [670/900] 5412e944-7d1a-4ac4-869e-afb3ec8dc800: 32 groups; 1.1 s; peak memory 1242 MiB.
2026-10-06T16:22:35Z INFO [671/900] 541317e2-9227-412d-b89c-6585bdfcb7e4: 28 groups; 0.9 s; peak memory 1242 MiB.
2026-10-06T16:22:37Z INFO [672/900] 541331bd-be26-4602-b00c-dce6a1afb813: 54 groups; 1.9 s; peak memory 1242 MiB.
2026-10-06T16:22:38Z INFO [673/900] 54139b30-9f19-4b77-91e5-0a88035fb7b4: 17 groups; 0.7 s; peak memory 1242 MiB.
2026-10-06T16:22:40Z INFO [674/900] 5414459a-1b5b-495e-8070-b6f058d83034: 42 groups; 1.9 s; peak memory 1242 MiB.
2026-10-06T16:22:41Z INFO [675/900] 5415474b-1ffd-4a4a-a389-1fd1acf46ffb: 32 groups; 1.0 s; peak memory 1242 MiB.
2026-10-06T16:22:42Z INFO [676/900] 5415591a-fc96-4b89-bc90-d77ec4343363: 25 groups; 0.8 s; peak memory 1242 MiB.
2026-10-06T16:22:43Z INFO [677/900] 54155b13-8b23-4f17-915d-ed3333effa27: 49 groups; 1.3 s; peak memory 1242 MiB.
2026-10-06T16:22:49Z INFO [678/900] 54159440-b34f-4aad-a250-388a6d768726: 160 groups; 5.8 s; peak memory 1242 MiB.
2026-10-06T16:22:49Z INFO [679/900] 5415e7a2-cf02-476a-b4de-f6b2db09ad45: 16 groups; 0.5 s; peak memory 1242 MiB.
2026-10-06T16:22:50Z INFO [680/900] 5417df22-b378-426b-8bda-c45f93cce7a3: 30 groups; 0.6 s; peak memory 1242 MiB.
2026-10-06T16:22:51Z INFO [681/900] 541b82aa-4dd8-418e-8bbd-713d5c253905: 22 groups; 1.0 s; peak memory 1242 MiB.
2026-10-06T16:23:01Z INFO [682/900] 541bb9cb-3b37-4752-a5f2-8f3bfff0e723: 190 groups; 10.2 s; peak memory 1242 MiB.
2026-10-06T16:23:02Z INFO [683/900] 541cac13-130e-4290-9847-9cbbeba37c5b: 108 groups; 1.4 s; peak memory 1242 MiB.
2026-10-06T16:23:03Z INFO [684/900] 541d2ea1-3a46-466e-9244-776e5f18afe2: 30 groups; 0.6 s; peak memory 1242 MiB.
2026-10-06T16:23:04Z INFO [685/900] 541d60c8-75bc-42fc-bb15-793afd82618a: 16 groups; 0.6 s; peak memory 1242 MiB.
2026-10-06T16:23:08Z INFO [686/900] 541f9ddf-986f-48e6-8fe9-b959fd981e96: 68 groups; 4.1 s; peak memory 1242 MiB.
2026-10-06T16:23:09Z INFO [687/900] 54205e7b-6970-4951-8414-93201410dc6a: 35 groups; 1.0 s; peak memory 1242 MiB.
2026-10-06T16:23:10Z INFO [688/900] 5420710f-f05e-418f-b507-3756acce824b: 36 groups; 1.5 s; peak memory 1242 MiB.
2026-10-06T16:23:11Z INFO [689/900] 5420b399-88db-4e18-800d-17071e33feda: 35 groups; 1.1 s; peak memory 1242 MiB.
2026-10-06T16:23:12Z INFO [690/900] 54211428-8071-4f4c-a48a-dc7606d1c07e: 21 groups; 1.0 s; peak memory 1242 MiB.
2026-10-06T16:23:13Z INFO [691/900] 5421bbce-f477-448b-bdd2-890fedd5117b: 256 groups; 0.9 s; peak memory 1242 MiB.
2026-10-06T16:23:14Z INFO [692/900] 54233967-788d-409a-8709-ceda1aef4c81: 28 groups; 1.1 s; peak memory 1242 MiB.
2026-10-06T16:23:15Z INFO [693/900] 54234e1d-f4c9-4674-ba4b-a6b876808077: 35 groups; 1.1 s; peak memory 1242 MiB.
2026-10-06T16:23:16Z INFO [694/900] 54238f1b-1ead-4a11-917c-c1e4ba6e80d7: 22 groups; 0.9 s; peak memory 1242 MiB.
2026-10-06T16:23:17Z INFO [695/900] 5423979d-03a6-42f1-80d6-67da5eae214b: 30 groups; 1.1 s; peak memory 1242 MiB.
2026-10-06T16:23:18Z INFO [696/900] 5423ce41-85ce-4653-ab9e-07f191481c39: 32 groups; 0.9 s; peak memory 1242 MiB.
2026-10-06T16:23:19Z INFO [697/900] 542431f9-97d1-4bcb-914c-1cff27472f29: 22 groups; 0.8 s; peak memory 1242 MiB.
2026-10-06T16:25:16Z INFO [698/900] 54248c1c-a3a8-4cc1-a015-f4e43b4545d5: 27 groups; 117.1 s; peak memory 1242 MiB.
2026-10-06T16:25:18Z INFO [699/900] 542493a2-1f86-48bd-a7ad-988c70253141: 17 groups; 1.8 s; peak memory 1242 MiB.
2026-10-06T16:25:20Z INFO [700/900] 54255aa7-f213-4c37-9288-b2a2277e032b: 32 groups; 1.5 s; peak memory 1242 MiB.
2026-10-06T16:25:20Z INFO [700/900] 54255aa7-f213-4c37-9288-b2a2277e032b: checkpointed 87536 records.
2026-10-06T16:25:20Z INFO [701/900] 542569a4-8e42-4aac-9cc6-5d667bce5325: 20 groups; 0.8 s; peak memory 1242 MiB.
2026-10-06T16:25:22Z INFO [702/900] 54263aed-ec86-4db5-bfca-f93bcfff27e5: 199 groups; 1.1 s; peak memory 1242 MiB.
2026-10-06T16:25:24Z INFO [703/900] 5426a6c1-5571-4fda-a421-f870aff3ea5e: 48 groups; 2.1 s; peak memory 1242 MiB.
2026-10-06T16:25:29Z INFO [704/900] 5426a9c0-56f4-47a1-a874-828d2ec0d902: 174 groups; 5.4 s; peak memory 1242 MiB.
2026-10-06T16:25:30Z INFO [705/900] 54282629-3dcf-4b20-9b79-fb22ab744a9f: 32 groups; 1.0 s; peak memory 1242 MiB.
2026-10-06T16:25:31Z INFO [706/900] 5428e735-c3d2-4ee8-a019-65d91e35dc73: 22 groups; 1.0 s; peak memory 1242 MiB.
2026-10-06T16:28:15Z INFO [707/900] 5429fa88-270f-4e05-9752-55da15594dd5: 60 groups; 164.1 s; peak memory 1242 MiB.
2026-10-06T16:28:16Z INFO [708/900] 542a1dd7-2b62-4120-a87d-d3d1644b4c0c: 22 groups; 1.0 s; peak memory 1242 MiB.
2026-10-06T16:28:17Z INFO [709/900] 542a732b-5937-46fb-a84c-6eca9540a711: 32 groups; 0.8 s; peak memory 1242 MiB.
2026-10-06T16:28:58Z INFO [710/900] 542a94b4-fc7e-413a-bfd2-8cf545588449: 1994 groups; 41.4 s; peak memory 1242 MiB.
2026-10-06T16:29:00Z INFO [711/900] 542a9fd1-cae3-4e60-af3c-f4da16830d33: 25 groups; 1.5 s; peak memory 1242 MiB.
2026-10-06T16:29:01Z INFO [712/900] 542b179e-f122-45d1-bbf2-1c5c310ba4b2: 200 groups; 1.3 s; peak memory 1242 MiB.
2026-10-06T16:29:02Z INFO [713/900] 542b3a84-b27a-4ced-ae69-49fb04b68025: 22 groups; 1.1 s; peak memory 1242 MiB.
2026-10-06T16:29:06Z INFO [714/900] 542bce79-302a-48f7-b54e-4a798ef5e4a4: 146 groups; 3.9 s; peak memory 1242 MiB.
2026-10-06T16:29:07Z INFO [715/900] 542d88d5-0af3-4c3c-8043-958d2dd595de: 29 groups; 1.2 s; peak memory 1242 MiB.
2026-10-06T16:29:40Z INFO [716/900] 542dde8a-2c37-4f47-acd1-26c1d5347be9: 23 groups; 32.6 s; peak memory 1242 MiB.
2026-10-06T16:29:41Z INFO [717/900] 542e09ed-b928-453b-83fd-e8d8fd80e834: 32 groups; 0.9 s; peak memory 1242 MiB.
2026-10-06T16:29:42Z INFO [718/900] 542eb38a-64d6-4d87-a70f-19310410677a: 22 groups; 0.9 s; peak memory 1242 MiB.
2026-10-06T16:29:43Z INFO [719/900] 542edb0a-bf87-413f-b340-b5a61223a64a: 34 groups; 1.4 s; peak memory 1242 MiB.
2026-10-06T16:29:44Z INFO [720/900] 542f8efa-96c0-404b-856d-a4d6f3bfb5d8: 32 groups; 0.9 s; peak memory 1242 MiB.
2026-10-06T16:29:45Z INFO [721/900] 542f9cf0-9403-454a-86c7-9909fe78c4e0: 22 groups; 1.0 s; peak memory 1242 MiB.
2026-10-06T16:29:46Z INFO [722/900] 542fa953-b854-4e1d-99bc-5702af227459: 32 groups; 0.9 s; peak memory 1242 MiB.
2026-10-06T16:29:47Z INFO [723/900] 5430c23c-56ae-42ac-aa2b-f84f22a84b1b: 199 groups; 1.6 s; peak memory 1242 MiB.
2026-10-06T16:29:49Z INFO [724/900] 543130b9-1d6d-4440-9c5b-5650d208d251: 37 groups; 1.1 s; peak memory 1242 MiB.
2026-10-06T16:29:50Z INFO [725/900] 543239fd-5541-4f01-b84f-e9b40d7bd009: 22 groups; 1.0 s; peak memory 1242 MiB.
2026-10-06T16:29:57Z INFO [726/900] 5433875d-66f5-4bb2-b896-d36a6098e503: 202 groups; 7.6 s; peak memory 1242 MiB.
2026-10-06T16:29:59Z INFO [727/900] 54338a8e-62bd-4960-83d9-aa524b5f1e9d: 60 groups; 2.0 s; peak memory 1242 MiB.
2026-10-06T16:30:01Z INFO [728/900] 5433ae1c-ea53-4bcd-8f3b-56a4faf29b13: 338 groups; 1.5 s; peak memory 1242 MiB.
2026-10-06T16:30:02Z INFO [729/900] 5433f1e4-beee-4f01-8776-b0c226aa4d41: 52 groups; 1.4 s; peak memory 1242 MiB.
2026-10-06T16:30:03Z INFO [730/900] 543402d6-e6f6-4834-ae47-5ff4fde33ac6: 35 groups; 1.3 s; peak memory 1242 MiB.
2026-10-06T16:30:05Z INFO [731/900] 54340d07-1b14-411b-92e4-30060d9a21b1: 32 groups; 1.1 s; peak memory 1242 MiB.
2026-10-06T16:30:06Z INFO [732/900] 54349eb1-67b0-455c-98ae-6a3fb425c360: 32 groups; 1.1 s; peak memory 1242 MiB.
2026-10-06T16:30:06Z INFO [733/900] 5435e639-49d1-4715-96fd-3282852494e6: 28 groups; 0.6 s; peak memory 1242 MiB.
2026-10-06T16:30:07Z INFO [734/900] 5437728b-922a-49e1-baf2-77ea20c9843a: 22 groups; 1.0 s; peak memory 1242 MiB.
2026-10-06T16:30:10Z INFO [735/900] 5438121c-aa55-48aa-ac9e-cb8f588858fc: 37 groups; 2.4 s; peak memory 1242 MiB.
2026-10-06T16:30:11Z INFO [736/900] 5438242d-eb7b-434d-b79f-408eb1569e29: 49 groups; 1.3 s; peak memory 1242 MiB.
2026-10-06T16:30:12Z INFO [737/900] 5439c193-2500-4110-84c4-911552e08262: 35 groups; 1.2 s; peak memory 1242 MiB.
2026-10-06T16:30:14Z INFO [738/900] 543a10bb-ec21-46f8-bacd-72a1655431d4: 202 groups; 1.5 s; peak memory 1242 MiB.
2026-10-06T16:30:15Z INFO [739/900] 543a5010-cfe7-4090-a187-c1d7959d1f10: 22 groups; 0.9 s; peak memory 1242 MiB.
2026-10-06T16:30:15Z INFO [740/900] 543a6679-817f-4842-aa18-0d97d718d955: 32 groups; 0.8 s; peak memory 1242 MiB.
2026-10-06T16:30:16Z INFO [741/900] 543ae12b-5d0e-4594-8d30-f10bfb45793e: 32 groups; 1.0 s; peak memory 1242 MiB.
2026-10-06T16:30:17Z INFO [742/900] 543b1eb3-211c-432c-9b9a-d425354bd9c1: 22 groups; 0.9 s; peak memory 1242 MiB.
2026-10-06T16:30:18Z INFO [743/900] 543b8c8b-ef59-465d-a87c-cb85cdf5dfab: 30 groups; 0.6 s; peak memory 1242 MiB.
2026-10-06T16:30:19Z INFO [744/900] 543c7834-b3f4-45e1-b802-e1e4ec09cbf3: 32 groups; 0.8 s; peak memory 1242 MiB.
2026-10-06T16:30:20Z INFO [745/900] 543db71a-d296-4e5b-a193-b26864d02b0f: 42 groups; 1.0 s; peak memory 1242 MiB.
2026-10-06T16:30:21Z INFO [746/900] 543de9b7-a4f8-49d3-b4af-4c7549279313: 30 groups; 0.8 s; peak memory 1242 MiB.
2026-10-06T16:30:24Z INFO [747/900] 543e43b4-1749-42ae-bb15-9529ce367f3e: 62 groups; 3.2 s; peak memory 1242 MiB.
2026-10-06T16:30:25Z INFO [748/900] 543fc598-9de7-42bd-91bc-3b064815bebb: 41 groups; 1.1 s; peak memory 1242 MiB.
2026-10-06T16:30:29Z INFO [749/900] 5440210f-ce58-4e24-8781-f39dbf159ff7: 181 groups; 4.1 s; peak memory 1242 MiB.
2026-10-06T16:30:31Z INFO [750/900] 5440eab9-07c6-46a8-ab1b-57650026aca6: 31 groups; 1.7 s; peak memory 1242 MiB.
2026-10-06T16:30:31Z INFO [750/900] 5440eab9-07c6-46a8-ab1b-57650026aca6: checkpointed 87586 records.
2026-10-06T16:30:32Z INFO [751/900] 5441378d-2966-409f-acd4-3ee3022d682e: 25 groups; 0.8 s; peak memory 1242 MiB.
2026-10-06T16:30:33Z INFO [752/900] 5441b454-2310-4e9f-96e5-0667339f1b25: 21 groups; 0.8 s; peak memory 1242 MiB.
2026-10-06T16:30:33Z INFO [753/900] 54423dbc-bd18-41ef-84f7-6edb1ca9f0b4: 32 groups; 0.9 s; peak memory 1242 MiB.
2026-10-06T16:30:35Z INFO [754/900] 54427efa-4fc3-40d8-b1e8-c3812a420967: 25 groups; 1.1 s; peak memory 1242 MiB.
2026-10-06T16:31:11Z INFO [755/900] 5443515c-8977-4848-97f3-d4f75f0b5f16: 17 groups; 36.2 s; peak memory 1242 MiB.
2026-10-06T16:31:13Z INFO [756/900] 54439d77-e0a1-468e-beff-fe09b7290691: 54 groups; 1.8 s; peak memory 1242 MiB.
2026-10-06T16:31:13Z INFO [757/900] 5443d36f-2df3-4064-aa66-e30f19500d1a: 22 groups; 0.8 s; peak memory 1242 MiB.
2026-10-06T16:31:15Z INFO [758/900] 5444aad9-6dc3-4887-8cbe-f651ba6cc1b4: 29 groups; 1.3 s; peak memory 1242 MiB.
2026-10-06T16:31:15Z INFO [759/900] 5444cfe4-521b-41b0-9568-c56d180f86fe: 22 groups; 0.7 s; peak memory 1242 MiB.
2026-10-06T16:31:23Z INFO [760/900] 5444e180-0675-47cc-a902-f795aa65ad32: 180 groups; 7.3 s; peak memory 1242 MiB.
2026-10-06T16:31:25Z INFO [761/900] 5445efa0-d8a8-4cbc-9b53-b70c669a9fbe: 50 groups; 2.3 s; peak memory 1242 MiB.
2026-10-06T16:31:26Z INFO [762/900] 5446063a-a06a-4ea6-a5f8-519560242214: 42 groups; 1.2 s; peak memory 1242 MiB.
2026-10-06T16:31:27Z INFO [763/900] 544683af-b135-43f5-945d-2668b942a29f: 18 groups; 0.5 s; peak memory 1242 MiB.
2026-10-06T16:31:28Z INFO [764/900] 54470778-2ef9-43c4-806d-7abd78d33660: 29 groups; 1.6 s; peak memory 1242 MiB.
2026-10-06T16:38:40Z INFO [765/900] 5447455e-49ec-4ce0-9a64-4cad767bef7b: 41 groups; 431.8 s; peak memory 1242 MiB.
2026-10-06T16:38:41Z INFO [766/900] 5447a108-21b6-4503-930b-b7ab62a31fa3: 28 groups; 0.6 s; peak memory 1242 MiB.
2026-10-06T16:38:42Z INFO [767/900] 5447db1a-61a4-4fa7-bb38-64bd8220fb21: 203 groups; 1.3 s; peak memory 1242 MiB.
2026-10-06T16:38:43Z INFO [768/900] 5447f8c7-3b2c-4ef1-93f2-dacd08c3b4d5: 22 groups; 0.9 s; peak memory 1242 MiB.
2026-10-06T16:38:44Z INFO [769/900] 5448a13a-6458-4136-b431-474dd55b9233: 33 groups; 1.1 s; peak memory 1242 MiB.
2026-10-06T16:38:47Z INFO [770/900] 5449c43b-5a53-4eaa-8c6c-27651639aca4: 172 groups; 3.2 s; peak memory 1242 MiB.
2026-10-06T16:38:48Z INFO [771/900] 544a042b-c05b-411a-98de-8757a3e33e20: 30 groups; 0.8 s; peak memory 1242 MiB.
2026-10-06T16:38:49Z INFO [772/900] 544a59c2-f231-4986-b0ba-3d5e73b1a089: 16 groups; 0.7 s; peak memory 1242 MiB.
2026-10-06T16:38:50Z INFO [773/900] 544c22b7-1631-49bf-a008-0b050ca810b0: 199 groups; 1.4 s; peak memory 1242 MiB.
2026-10-06T16:38:51Z INFO [774/900] 544c8894-bc52-4ee6-810b-9ca77d128020: 32 groups; 0.8 s; peak memory 1242 MiB.
2026-10-06T16:38:52Z INFO [775/900] 544cb570-19f3-43b2-a1c9-8684f0b0738c: 33 groups; 0.9 s; peak memory 1242 MiB.
2026-10-06T16:38:53Z INFO [776/900] 544d3262-7f4a-4f82-9c0d-fe2d0cc9279e: 35 groups; 1.1 s; peak memory 1242 MiB.
2026-10-06T16:38:54Z INFO [777/900] 544e5a36-3019-4cba-99c1-d80c3d2b39f2: 36 groups; 1.2 s; peak memory 1242 MiB.
2026-10-06T16:38:55Z INFO [778/900] 544e7ac0-ec3b-48c4-ba33-113fecf92f04: 41 groups; 1.2 s; peak memory 1242 MiB.
2026-10-06T16:38:56Z INFO [779/900] 544e9044-d698-4b33-be50-49e41ed14f04: 22 groups; 0.8 s; peak memory 1242 MiB.
2026-10-06T16:38:57Z INFO [780/900] 544eba2f-1874-48f2-b701-0725140acbdd: 22 groups; 0.8 s; peak memory 1242 MiB.
2026-10-06T16:39:29Z INFO [781/900] 544feeea-4053-4d8e-8f11-60f6531f53bd: 22 groups; 31.9 s; peak memory 1242 MiB.
2026-10-06T16:39:35Z INFO [782/900] 544ff3d6-43ac-46f9-95a8-ee5c0bdcc26c: 34 groups; 5.7 s; peak memory 1242 MiB.
2026-10-06T16:39:41Z INFO [783/900] 54513849-4a4c-4914-818c-696f5d0c9798: 46 groups; 6.5 s; peak memory 1242 MiB.
2026-10-06T16:39:42Z INFO [784/900] 5451ca49-248d-455b-ae9d-520706c449a8: 25 groups; 0.7 s; peak memory 1242 MiB.
2026-10-06T16:39:43Z INFO [785/900] 545228e0-374f-4efd-b635-8c8b1b547bb4: 35 groups; 1.1 s; peak memory 1242 MiB.
2026-10-06T16:39:45Z INFO [786/900] 5452c38a-1a34-42aa-a62e-b32e4d77f746: 207 groups; 1.8 s; peak memory 1242 MiB.
2026-10-06T16:39:46Z INFO [787/900] 545338ee-7f0c-4ff5-b758-efa5aac51348: 32 groups; 1.0 s; peak memory 1242 MiB.
2026-10-06T16:39:46Z INFO [788/900] 5453837c-78ad-49d5-b2de-3efc8d22a2ca: 31 groups; 0.8 s; peak memory 1242 MiB.
2026-10-06T16:39:47Z INFO [789/900] 5453985c-9617-4d0a-95e9-564736b3f477: 22 groups; 0.7 s; peak memory 1242 MiB.
2026-10-06T16:39:48Z INFO [790/900] 545465a7-2cd1-4e54-93eb-5790893f8ae7: 22 groups; 0.8 s; peak memory 1242 MiB.
2026-10-06T16:39:49Z INFO [791/900] 54556614-5d06-4835-9dcf-79ab56b740e1: 55 groups; 1.7 s; peak memory 1242 MiB.
2026-10-06T16:40:17Z INFO [792/900] 54557d62-c05f-46dd-af8c-6abdc211092f: 23 groups; 27.5 s; peak memory 1242 MiB.
2026-10-06T16:40:18Z INFO [793/900] 54567028-98e7-4054-ac94-b86a83c7509e: 253 groups; 0.8 s; peak memory 1242 MiB.
2026-10-06T16:40:19Z INFO [794/900] 54578071-256f-4b6e-85c6-117d2af50d79: 32 groups; 0.9 s; peak memory 1242 MiB.
2026-10-06T16:40:22Z INFO [795/900] 545842f0-9458-4d58-8c58-70932e3db984: 136 groups; 3.7 s; peak memory 1242 MiB.
2026-10-06T16:40:23Z INFO [796/900] 5458a8dd-2249-4d86-84f5-1baf5db9e91f: 32 groups; 0.8 s; peak memory 1242 MiB.
2026-10-06T16:40:24Z INFO [797/900] 5459554e-89d1-482f-8438-7bd04d727a4a: 32 groups; 0.9 s; peak memory 1242 MiB.
2026-10-06T16:40:26Z INFO [798/900] 545989e3-9d0f-4ec4-872d-2a0e52333af4: 56 groups; 2.4 s; peak memory 1242 MiB.
2026-10-06T16:40:27Z INFO [799/900] 545996be-5e51-4224-ae4c-d4c2d9ecda6c: 32 groups; 0.8 s; peak memory 1242 MiB.
2026-10-06T16:42:29Z INFO [800/900] 545a1ff9-f272-46f9-a078-e0ef4b81f6ab: 42 groups; 121.3 s; peak memory 1242 MiB.
2026-10-06T16:42:29Z INFO [800/900] 545a1ff9-f272-46f9-a078-e0ef4b81f6ab: checkpointed 87636 records.
2026-10-06T16:42:30Z INFO [801/900] 545a80ef-1ff3-4783-9041-2a7bada49b68: 87 groups; 1.2 s; peak memory 1242 MiB.
2026-10-06T16:42:46Z INFO [802/900] 545acb27-dd50-47b7-8603-1dd794a05eb1: 1310 groups; 16.1 s; peak memory 1242 MiB.
2026-10-06T16:42:47Z INFO [803/900] 545b8dc8-7bc1-4aa1-9d19-d36c878d93a1: 30 groups; 0.9 s; peak memory 1242 MiB.
2026-10-06T16:42:48Z INFO [804/900] 545dd57c-287a-4d9b-a58e-dc552c950da4: 30 groups; 1.1 s; peak memory 1242 MiB.
2026-10-06T16:42:50Z INFO [805/900] 545e73f2-bf9f-4b09-885d-57cd18768629: 17 groups; 1.9 s; peak memory 1242 MiB.
2026-10-06T16:42:51Z INFO [806/900] 545f7a6a-eecc-44c5-bc5e-baa2653d4d4b: 22 groups; 1.0 s; peak memory 1242 MiB.
2026-10-06T16:42:52Z INFO [807/900] 545f93d7-5c34-40fe-abd0-edfda4dab372: 31 groups; 1.4 s; peak memory 1242 MiB.
2026-10-06T16:42:53Z INFO [808/900] 546046f3-7b6d-41cb-92fe-ebe9be1ec396: 22 groups; 1.0 s; peak memory 1242 MiB.
2026-10-06T16:42:54Z INFO [809/900] 5460ae4b-c4f2-4f42-be63-90f9665d97b4: 16 groups; 0.7 s; peak memory 1242 MiB.
2026-10-06T16:42:55Z INFO [810/900] 5460d65b-9c83-4294-bb58-43af75d521a7: 32 groups; 0.9 s; peak memory 1242 MiB.
2026-10-06T16:42:56Z INFO [811/900] 5460e591-167c-4c11-9f17-3d5f2aaaa517: 22 groups; 0.9 s; peak memory 1242 MiB.
2026-10-06T16:42:57Z INFO [812/900] 546163a9-501b-42e2-b9f5-a2ff971c1d3c: 32 groups; 0.9 s; peak memory 1242 MiB.
2026-10-06T16:43:03Z INFO [813/900] 5461d549-c696-42e1-9c5c-bcb2c32435e3: 181 groups; 6.4 s; peak memory 1242 MiB.
2026-10-06T16:43:04Z INFO [814/900] 54620b60-4c9d-415c-a07a-d205ac4fde50: 16 groups; 0.7 s; peak memory 1242 MiB.
2026-10-06T16:43:05Z INFO [815/900] 54620ed3-03d0-49a6-9020-79d3b6cd2864: 17 groups; 1.8 s; peak memory 1242 MiB.
2026-10-06T16:43:07Z INFO [816/900] 5462234a-0043-47fa-9bc6-6ee3a8b22251: 341 groups; 1.7 s; peak memory 1242 MiB.
2026-10-06T16:43:08Z INFO [817/900] 546236bd-1f28-4986-9a08-afb522988ec5: 33 groups; 0.8 s; peak memory 1242 MiB.
2026-10-06T16:43:09Z INFO [818/900] 5462ccf6-23a8-41f4-b9b9-bec80f7f6533: 207 groups; 1.1 s; peak memory 1242 MiB.
2026-10-06T16:43:10Z INFO [819/900] 54631f46-6033-46ce-a621-c55a07ee19aa: 17 groups; 0.7 s; peak memory 1242 MiB.
2026-10-06T16:43:11Z INFO [820/900] 546344bb-cef9-425c-8009-ec67f1552a9b: 22 groups; 0.8 s; peak memory 1242 MiB.
2026-10-06T16:43:12Z INFO [821/900] 5465638f-2965-495d-8d09-2b45f5f26d67: 32 groups; 0.9 s; peak memory 1242 MiB.
2026-10-06T16:43:12Z INFO [822/900] 5465f39c-2a39-45c5-a794-e0337deed235: 25 groups; 0.8 s; peak memory 1242 MiB.
2026-10-06T16:43:14Z INFO [823/900] 546671a3-f25d-4a70-899e-b2c2f7198a2e: 48 groups; 2.0 s; peak memory 1242 MiB.
2026-10-06T16:43:15Z INFO [824/900] 5466a4c4-ebf8-484e-9b3a-36087d474e77: 22 groups; 0.9 s; peak memory 1242 MiB.
2026-10-06T16:43:16Z INFO [825/900] 54673253-f06f-4413-b1b2-b945145c4e24: 35 groups; 1.1 s; peak memory 1242 MiB.
2026-10-06T16:43:17Z INFO [826/900] 54678e9c-9373-4aa4-973d-ef68bcedded3: 22 groups; 0.7 s; peak memory 1242 MiB.
2026-10-06T16:43:18Z INFO [827/900] 5467a32b-cad9-43d6-ae2e-fa34fefbc1d0: 35 groups; 0.9 s; peak memory 1242 MiB.
2026-10-06T16:43:24Z INFO [828/900] 546a0634-150c-41f3-82f5-7a131be856f7: 66 groups; 5.7 s; peak memory 1242 MiB.
2026-10-06T16:43:25Z INFO [829/900] 546a2389-4f5f-4dbb-a4b3-ccab5abd836f: 32 groups; 1.0 s; peak memory 1242 MiB.
2026-10-06T16:43:26Z INFO [830/900] 546a3894-2f94-4db6-bc12-59e2817898ce: 22 groups; 1.0 s; peak memory 1242 MiB.
2026-10-06T16:43:27Z INFO [831/900] 546a9f23-da9c-4f08-aa7c-d6fe8420272a: 201 groups; 1.2 s; peak memory 1242 MiB.
2026-10-06T16:43:28Z INFO [832/900] 546aa0a1-8660-4cf4-87c3-be96c80fffa4: 35 groups; 1.0 s; peak memory 1242 MiB.
2026-10-06T16:43:29Z INFO [833/900] 546ba3c6-69c2-458c-b05b-07d911c257f9: 22 groups; 0.9 s; peak memory 1242 MiB.
2026-10-06T16:43:31Z INFO [834/900] 546c3b3b-8bc7-449e-9dd8-956c669a7db3: 35 groups; 1.9 s; peak memory 1242 MiB.
2026-10-06T16:43:33Z INFO [835/900] 546c5511-61b2-45a1-b5d8-8e7232064f4c: 48 groups; 2.4 s; peak memory 1242 MiB.
2026-10-06T16:43:34Z INFO [836/900] 546c9a81-f978-42c9-ac12-01ce29594571: 32 groups; 1.1 s; peak memory 1242 MiB.
2026-10-06T16:43:38Z INFO [837/900] 546d28da-39d0-463b-84f2-3fb600ffd331: 181 groups; 4.1 s; peak memory 1242 MiB.
2026-10-06T16:43:39Z INFO [838/900] 546d7f9e-74fa-438e-97d0-1fca684a5498: 35 groups; 0.9 s; peak memory 1242 MiB.
2026-10-06T16:43:40Z INFO [839/900] 546dcca2-6372-4848-95e1-2bcc0593cbcb: 22 groups; 0.9 s; peak memory 1242 MiB.
2026-10-06T16:43:41Z INFO [840/900] 546de580-a4c1-4ac7-8a72-928761663cb5: 200 groups; 1.2 s; peak memory 1242 MiB.
2026-10-06T16:43:42Z INFO [841/900] 546e3dbf-adb7-4431-9baf-e64de27a7e87: 32 groups; 0.9 s; peak memory 1242 MiB.
2026-10-06T16:43:43Z INFO [842/900] 546eeb4c-175d-46df-87a1-8f33feec9674: 33 groups; 1.0 s; peak memory 1242 MiB.
2026-10-06T16:43:44Z INFO [843/900] 547029ae-8e93-4bde-819e-eee8c0cb9d52: 33 groups; 0.7 s; peak memory 1242 MiB.
2026-10-06T16:43:46Z INFO [844/900] 54719635-884d-496d-bf02-1b69f624cbbd: 48 groups; 2.3 s; peak memory 1242 MiB.
2026-10-06T16:43:47Z INFO [845/900] 5472d7df-c261-4dd1-8247-2b3364833972: 32 groups; 1.0 s; peak memory 1242 MiB.
2026-10-06T16:43:48Z INFO [846/900] 547353e0-19cf-4e1c-8531-4b19daccea43: 22 groups; 0.9 s; peak memory 1242 MiB.
2026-10-06T16:43:49Z INFO [847/900] 5474e5c6-9cae-4750-b508-ea28d5e7fe6c: 32 groups; 0.8 s; peak memory 1242 MiB.
2026-10-06T16:43:53Z INFO [848/900] 5475d0e3-f06c-4781-81a7-faf2f89da235: 156 groups; 4.2 s; peak memory 1242 MiB.
2026-10-06T16:43:54Z INFO [849/900] 5476c3d1-c0d4-48be-907d-2b4fbe343c99: 22 groups; 1.1 s; peak memory 1242 MiB.
2026-10-06T16:43:58Z INFO [850/900] 5476ccaa-16e1-4ff1-9bd2-3ea6313961cd: 78 groups; 3.8 s; peak memory 1242 MiB.
2026-10-06T16:43:58Z INFO [850/900] 5476ccaa-16e1-4ff1-9bd2-3ea6313961cd: checkpointed 87686 records.
2026-10-06T16:43:59Z INFO [851/900] 5477071f-6b1d-404e-af9e-71038e79cd61: 22 groups; 0.8 s; peak memory 1242 MiB.
2026-10-06T16:44:00Z INFO [852/900] 54771871-b7c3-4c16-bd19-6ede0b7e9b29: 35 groups; 1.2 s; peak memory 1242 MiB.
2026-10-06T16:44:01Z INFO [853/900] 54773c95-6cac-4fe4-8c8e-a4c0476e513d: 32 groups; 0.9 s; peak memory 1242 MiB.
2026-10-06T16:44:02Z INFO [854/900] 54777d71-5a01-4af3-8a43-61bd30f04cee: 33 groups; 0.8 s; peak memory 1242 MiB.
2026-10-06T16:44:06Z INFO [855/900] 5477db2b-4ce7-426e-98c0-c3bd7494befe: 34 groups; 4.6 s; peak memory 1242 MiB.
2026-10-06T16:44:07Z INFO [856/900] 54788868-9421-4c6e-8ea8-40ec3da33870: 26 groups; 0.6 s; peak memory 1242 MiB.
2026-10-06T16:44:08Z INFO [857/900] 5479dc6d-9f4f-4f9b-a946-a66b2a30db2e: 22 groups; 0.9 s; peak memory 1242 MiB.
2026-10-06T16:44:34Z INFO [858/900] 547a515d-80a1-475b-a79f-ff0ae409a78e: 23 groups; 26.2 s; peak memory 1242 MiB.
2026-10-06T16:44:40Z INFO [859/900] 547b5fb1-d11b-4b7f-9e6e-10be3e656684: 54 groups; 6.2 s; peak memory 1242 MiB.
2026-10-06T16:44:42Z INFO [860/900] 547c65b1-c144-4157-a63d-c1eb7afa2d16: 33 groups; 1.2 s; peak memory 1242 MiB.
2026-10-06T16:44:43Z INFO [861/900] 547ceca5-5477-4252-ab45-8bfb8aa78cf6: 41 groups; 1.0 s; peak memory 1242 MiB.
2026-10-06T16:44:44Z INFO [862/900] 547e8872-155e-4587-8d6f-77cb6019348d: 202 groups; 1.5 s; peak memory 1242 MiB.
2026-10-06T16:44:45Z INFO [863/900] 547f7f41-f6ac-4324-86c7-0751f95cd91c: 32 groups; 0.9 s; peak memory 1242 MiB.
2026-10-06T16:44:46Z INFO [864/900] 548028d4-353a-480f-bcd2-904b0af77e0c: 199 groups; 1.4 s; peak memory 1242 MiB.
2026-10-06T16:44:48Z INFO [865/900] 5480390e-a4da-4150-9625-90325129b456: 207 groups; 1.3 s; peak memory 1242 MiB.
2026-10-06T16:44:49Z INFO [866/900] 5480f357-2356-4a67-89fb-fe50bf1431b2: 35 groups; 1.0 s; peak memory 1242 MiB.
2026-10-06T16:44:49Z INFO [867/900] 5480f77d-4c8d-490c-adfc-416633e933db: 22 groups; 0.7 s; peak memory 1242 MiB.
2026-10-06T16:44:50Z INFO [868/900] 5481789c-3b55-4b4f-ac76-7e3f26ea634a: 22 groups; 0.8 s; peak memory 1242 MiB.
2026-10-06T16:44:51Z INFO [869/900] 54819711-59f7-4026-97c1-a7451a78cbe3: 22 groups; 0.9 s; peak memory 1242 MiB.
2026-10-06T16:44:52Z INFO [870/900] 5482899f-c7f0-4e8a-be2a-f69af796d785: 32 groups; 0.7 s; peak memory 1242 MiB.
2026-10-06T16:44:53Z INFO [871/900] 54839d05-ac2b-44ec-9236-446ab93df7ed: 25 groups; 0.8 s; peak memory 1242 MiB.
2026-10-06T16:44:55Z INFO [872/900] 54843368-3118-40d4-83cc-30af99e09688: 195 groups; 2.3 s; peak memory 1242 MiB.
2026-10-06T16:44:56Z INFO [873/900] 548449ff-1103-4cec-9470-62109e34f292: 55 groups; 1.2 s; peak memory 1242 MiB.
2026-10-06T16:45:00Z INFO [874/900] 54845e01-187e-4d6b-858a-071e0675a0de: 73 groups; 4.3 s; peak memory 1242 MiB.
2026-10-06T16:45:01Z INFO [875/900] 54849c58-6f20-4033-9b04-f2bde70915a9: 32 groups; 0.8 s; peak memory 1242 MiB.
2026-10-06T16:45:03Z INFO [876/900] 5484bce8-7f80-4765-8dc5-fd884b810633: 48 groups; 2.0 s; peak memory 1242 MiB.
2026-10-06T16:45:04Z INFO [877/900] 5484f314-d8a6-4119-bf49-a97667f91898: 22 groups; 1.1 s; peak memory 1242 MiB.
2026-10-06T16:45:05Z INFO [878/900] 54853b01-8163-41b8-be28-28279100535d: 22 groups; 0.9 s; peak memory 1242 MiB.
2026-10-06T16:45:06Z INFO [879/900] 548731da-16ec-4fe1-ae06-f20ed0ef86cb: 18 groups; 0.6 s; peak memory 1242 MiB.
2026-10-06T16:45:12Z INFO [880/900] 548798c0-e21a-4291-8a00-bed268c93d94: 218 groups; 6.3 s; peak memory 1242 MiB.
2026-10-06T16:45:13Z INFO [881/900] 54880fe7-673a-4eae-b141-79eb8fb4eaac: 35 groups; 1.1 s; peak memory 1242 MiB.
2026-10-06T16:45:14Z INFO [882/900] 5489e04a-5392-4756-8345-c6ff260e209e: 35 groups; 1.1 s; peak memory 1242 MiB.
2026-10-06T16:45:27Z INFO [883/900] 548b3842-d573-4558-a711-5657c3cb69eb: 538 groups; 13.2 s; peak memory 1242 MiB.
2026-10-06T16:45:45Z INFO [884/900] 548bab02-e867-4f6a-9629-d3e4565228c3: 155 groups; 17.7 s; peak memory 1242 MiB.
2026-10-06T16:45:46Z INFO [885/900] 548cce03-3a54-4975-ba31-76ced5975d43: 32 groups; 0.9 s; peak memory 1242 MiB.
2026-10-06T16:45:48Z INFO [886/900] 548d622d-26a7-49f1-9565-4e696bfa5f9a: 60 groups; 2.2 s; peak memory 1242 MiB.
2026-10-06T16:45:49Z INFO [887/900] 548db557-09ff-422b-bdac-79983b5bb93a: 195 groups; 1.1 s; peak memory 1242 MiB.
2026-10-06T16:45:50Z INFO [888/900] 548edd5e-9f39-4eda-a2a9-0ae9fb91855a: 16 groups; 0.7 s; peak memory 1242 MiB.
2026-10-06T16:45:56Z INFO [889/900] 548f534c-555e-417a-950e-bed94ea13c50: 29 groups; 6.5 s; peak memory 1242 MiB.
2026-10-06T16:45:58Z INFO [890/900] 548f907a-9590-42a7-9a87-0c3ffc17f98b: 202 groups; 1.1 s; peak memory 1242 MiB.
2026-10-06T16:45:58Z INFO [891/900] 548f9be3-9010-4db1-8d81-4b9d31e8256a: 22 groups; 0.9 s; peak memory 1242 MiB.
2026-10-06T16:46:00Z INFO [892/900] 54908570-5302-4d83-9cd3-4b907bee5abd: 35 groups; 1.1 s; peak memory 1242 MiB.
2026-10-06T16:50:45Z INFO [893/900] 5490b4fd-40ff-43f6-bac0-cab22df26da8: 75 groups; 285.3 s; peak memory 1242 MiB.
2026-10-06T16:50:46Z INFO [894/900] 54917031-3a12-4fa6-81fa-5decb2592758: 35 groups; 1.1 s; peak memory 1242 MiB.
2026-10-06T16:50:47Z INFO [895/900] 5491a4bc-a398-41ac-8b88-52d8b5504e81: 31 groups; 1.0 s; peak memory 1242 MiB.
2026-10-06T16:50:48Z INFO [896/900] 5492371b-8804-4b82-a560-e0aa4994a1b5: 33 groups; 0.9 s; peak memory 1242 MiB.
2026-10-06T16:50:49Z INFO [897/900] 5492f7a8-9c3e-47f3-a227-67333a10d273: 41 groups; 1.0 s; peak memory 1242 MiB.
2026-10-06T16:50:50Z INFO [898/900] 549413ab-9f2a-4121-a97b-ff5d8286dcb5: 35 groups; 1.1 s; peak memory 1242 MiB.
2026-10-06T16:55:42Z INFO [899/900] 54945538-5137-4e8e-a5e7-cdce3b65d13f: 93 groups; 292.3 s; peak memory 1242 MiB.
2026-10-06T16:55:43Z INFO [900/900] 54945613-596a-407c-94d4-5cb0e31d290e: 25 groups; 1.0 s; peak memory 1242 MiB.
2026-10-06T16:55:43Z INFO [900/900] 54945613-596a-407c-94d4-5cb0e31d290e: checkpointed 87736 records.
2026-10-06T16:55:43Z INFO Wrote 87736 records to /tmp/derivatives/valid_nwb_file_to_number_of_groups.jsonl (900 new, 0 failed) in 121.5 min (peak memory 1242 MiB).
