2026-10-05T06:16:08Z INFO Logging to /tmp/logs/update_2026-10-05T06-16-08Z.log.
2026-10-05T06:16:08Z INFO Update valid-nwb-file-to-number-of-groups (base directory /tmp).
2026-10-05T06:16:08Z INFO Processing 900 items (76936 already recorded).
2026-10-05T06:16:09Z INFO [1/900] 3e1d4402-37c5-497e-85a6-43a83f40b7d8: 32 groups; 1.4 s; peak memory 108 MiB.
2026-10-05T06:16:10Z INFO [2/900] 3e1d99b3-e63e-492a-951d-1363e75ccd84: 18 groups; 1.0 s; peak memory 108 MiB.
2026-10-05T06:16:11Z INFO [3/900] 3e1dc127-1030-4146-90b8-a9d1bc9caaec: 22 groups; 0.9 s; peak memory 109 MiB.
2026-10-05T06:16:14Z INFO [4/900] 3e1e325d-7ee3-4b3c-af06-57660955c4c6: 50 groups; 2.9 s; peak memory 111 MiB.
2026-10-05T06:16:38Z INFO [5/900] 3e1e790e-a63c-4785-9eee-c824cfd33115: 23 groups; 24.5 s; peak memory 130 MiB.
2026-10-05T06:16:40Z INFO [6/900] 3e1f0df6-be41-4f73-835f-94cb4528881c: 33 groups; 1.4 s; peak memory 130 MiB.
2026-10-05T06:16:41Z INFO [7/900] 3e1f67ad-7583-4d30-a2d4-65663626f530: 22 groups; 1.0 s; peak memory 131 MiB.
2026-10-05T06:16:42Z INFO [8/900] 3e21e8ec-8f70-4fdf-950a-66c1bc5cf896: 22 groups; 1.0 s; peak memory 131 MiB.
2026-10-05T06:16:51Z INFO [9/900] 3e222f33-a701-46e7-8b06-bd91d13958bf: 153 groups; 9.0 s; peak memory 139 MiB.
2026-10-05T06:16:53Z INFO [10/900] 3e22986e-d7b1-443f-8ae6-d871f8a39035: 48 groups; 2.2 s; peak memory 139 MiB.
2026-10-05T06:16:54Z INFO [11/900] 3e23af2b-66d8-4cae-8bdc-29e55abebc17: 21 groups; 0.8 s; peak memory 139 MiB.
2026-10-05T06:16:55Z INFO [12/900] 3e244c0a-9887-4ecc-be20-326c2d01b9a0: 32 groups; 1.1 s; peak memory 139 MiB.
2026-10-05T06:16:56Z INFO [13/900] 3e2517ba-9219-4a54-baed-4db156b5515a: 35 groups; 1.3 s; peak memory 139 MiB.
2026-10-05T06:16:59Z INFO [14/900] 3e258cb3-05fc-4287-8681-159bceeb8a46: 58 groups; 2.3 s; peak memory 139 MiB.
2026-10-05T06:17:01Z INFO [15/900] 3e262fe5-1bc6-4a13-9864-6b20c598396a: 34 groups; 2.4 s; peak memory 140 MiB.
2026-10-05T06:17:02Z INFO [16/900] 3e266c44-54f6-4e32-b94c-a1c341cc3f0a: 22 groups; 1.0 s; peak memory 140 MiB.
2026-10-05T06:17:04Z INFO [17/900] 3e278af3-bb6d-42bf-8969-993d40c59aeb: 72 groups; 2.1 s; peak memory 140 MiB.
2026-10-05T06:17:05Z INFO [18/900] 3e28039e-edc3-47db-a420-ba5879f06162: 16 groups; 0.7 s; peak memory 140 MiB.
2026-10-05T06:17:06Z INFO [19/900] 3e280d20-95c5-4c9d-81ce-521934785793: 29 groups; 1.0 s; peak memory 141 MiB.
2026-10-05T06:17:06Z INFO [20/900] 3e2961f9-de12-469e-ad1c-6c7525800a08: 22 groups; 0.7 s; peak memory 141 MiB.
2026-10-05T06:17:07Z INFO [21/900] 3e29c320-a3de-424c-925c-21dd1660e305: 17 groups; 0.7 s; peak memory 141 MiB.
2026-10-05T06:17:08Z INFO [22/900] 3e2cc46b-c428-4c66-93ad-efc3ed4f9953: 32 groups; 0.9 s; peak memory 141 MiB.
2026-10-05T06:17:10Z INFO [23/900] 3e2d0028-07ba-4c77-9236-585e1affb17e: 54 groups; 1.9 s; peak memory 141 MiB.
2026-10-05T06:17:11Z INFO [24/900] 3e2d2d88-b381-43a8-9d95-e5448df4b160: 28 groups; 1.1 s; peak memory 141 MiB.
2026-10-05T06:17:12Z INFO [25/900] 3e2d47b0-0994-4c40-bd5d-bafebc5292c5: 22 groups; 0.8 s; peak memory 141 MiB.
2026-10-05T06:17:14Z INFO [26/900] 3e2d7b85-6f2d-42a7-bc93-a5f4aca6f1fe: 50 groups; 2.4 s; peak memory 141 MiB.
2026-10-05T06:17:15Z INFO [27/900] 3e2e503d-437c-4cae-8476-f42959656e42: 22 groups; 0.8 s; peak memory 141 MiB.
2026-10-05T06:17:15Z INFO [28/900] 3e2e5a33-b879-4b78-8cdd-b6fd22f51e0c: 18 groups; 0.6 s; peak memory 141 MiB.
2026-10-05T06:17:16Z INFO [29/900] 3e2f9590-4b32-4bfa-9824-bf700e566b09: 22 groups; 0.8 s; peak memory 141 MiB.
2026-10-05T06:17:17Z INFO [30/900] 3e318e2a-18dd-477a-97ba-af096253af13: 22 groups; 0.9 s; peak memory 141 MiB.
2026-10-05T06:17:18Z INFO [31/900] 3e31a9bc-db33-4a45-8917-624c5b2c6853: 22 groups; 0.9 s; peak memory 141 MiB.
2026-10-05T06:17:19Z INFO [32/900] 3e31c409-ce96-4416-8cc9-b4f349adb983: 22 groups; 0.8 s; peak memory 141 MiB.
2026-10-05T06:17:20Z INFO [33/900] 3e325316-9273-4ecd-a6ed-95cfa7f1e4d7: 22 groups; 0.8 s; peak memory 141 MiB.
2026-10-05T06:17:21Z INFO [34/900] 3e33c425-c24e-49b5-b66f-7d3a2dc50857: 25 groups; 0.9 s; peak memory 141 MiB.
2026-10-05T06:17:22Z INFO [35/900] 3e33d2b9-6bfb-4057-a023-fcfa3e7e84fe: 341 groups; 1.7 s; peak memory 141 MiB.
2026-10-05T06:17:24Z INFO [36/900] 3e342c59-8bd8-4597-9dbf-15e3a82c8f38: 108 groups; 1.5 s; peak memory 141 MiB.
2026-10-05T06:17:24Z INFO [37/900] 3e34c14f-65d2-432c-8136-3b2812e88fa0: 26 groups; 0.7 s; peak memory 141 MiB.
2026-10-05T06:17:35Z INFO [38/900] 3e34d0da-efca-4236-88de-025540f69800: 323 groups; 10.4 s; peak memory 159 MiB.
2026-10-05T06:17:36Z INFO [39/900] 3e351378-f122-4d83-a43a-acc3a1195d42: 33 groups; 1.2 s; peak memory 159 MiB.
2026-10-05T06:17:37Z INFO [40/900] 3e35b3e6-3dc3-4ffc-8ce1-d4303c591540: 35 groups; 1.2 s; peak memory 159 MiB.
2026-10-05T06:17:38Z INFO [41/900] 3e35e40c-1a91-43de-bf0d-cedfed382519: 35 groups; 1.1 s; peak memory 159 MiB.
2026-10-05T06:17:40Z INFO [42/900] 3e3628c3-cea1-417b-a483-f34a89cbf7bf: 22 groups; 1.1 s; peak memory 159 MiB.
2026-10-05T06:17:45Z INFO [43/900] 3e363ea9-75c2-4064-962d-7a5b5661d3d1: 134 groups; 5.9 s; peak memory 160 MiB.
2026-10-05T06:17:47Z INFO [44/900] 3e383ca1-4971-4977-aae9-4a14fddfb874: 207 groups; 1.3 s; peak memory 160 MiB.
2026-10-05T06:17:49Z INFO [45/900] 3e385d6b-449e-439b-8a15-9a54ee2664b4: 54 groups; 2.1 s; peak memory 160 MiB.
2026-10-05T06:17:50Z INFO [46/900] 3e38bd66-e540-44ce-b39e-52cd09d754a1: 25 groups; 1.0 s; peak memory 160 MiB.
2026-10-05T06:17:51Z INFO [47/900] 3e39cafb-f849-442e-a2af-6ca333bd01fd: 22 groups; 1.0 s; peak memory 160 MiB.
2026-10-05T06:17:53Z INFO [48/900] 3e3a56af-89cc-4941-94b5-ae35d3b78500: 48 groups; 2.3 s; peak memory 160 MiB.
2026-10-05T06:18:01Z INFO [49/900] 3e3ae82b-5804-42fb-8135-61544f6afa3a: 91 groups; 7.7 s; peak memory 161 MiB.
2026-10-05T06:18:44Z INFO [50/900] 3e3be963-3fae-4c9c-bc72-0c2e9770b096: 27 groups; 43.4 s; peak memory 197 MiB.
2026-10-05T06:18:44Z INFO [50/900] 3e3be963-3fae-4c9c-bc72-0c2e9770b096: checkpointed 76986 records.
2026-10-05T06:18:46Z INFO [51/900] 3e3c79d5-7693-40f8-92c8-1b204db66f37: 48 groups; 1.6 s; peak memory 197 MiB.
2026-10-05T06:18:47Z INFO [52/900] 3e3cd070-7e4a-442f-b158-c1b7b27b397d: 202 groups; 1.5 s; peak memory 197 MiB.
2026-10-05T06:18:56Z INFO [53/900] 3e3cee61-45bf-407f-a58b-3433bd9ac0ca: 93 groups; 8.9 s; peak memory 197 MiB.
2026-10-05T06:18:58Z INFO [54/900] 3e3e6aec-b18a-4f3a-81e9-0aa3afcd6112: 35 groups; 1.4 s; peak memory 197 MiB.
2026-10-05T06:19:02Z INFO [55/900] 3e3eef8a-f7c2-4b36-a69e-c939bc59e692: 78 groups; 4.6 s; peak memory 197 MiB.
2026-10-05T06:19:03Z INFO [56/900] 3e3ef22c-f106-4888-ab41-24416cbe37bd: 22 groups; 0.9 s; peak memory 197 MiB.
2026-10-05T06:19:07Z INFO [57/900] 3e3f6148-eb9b-499d-ae8e-b6c1af4e99e8: 56 groups; 4.1 s; peak memory 197 MiB.
2026-10-05T06:19:08Z INFO [58/900] 3e4073ee-e73f-48c0-8612-fb58f89849fe: 32 groups; 1.0 s; peak memory 197 MiB.
2026-10-05T06:27:45Z INFO [59/900] 3e40c0dd-aba6-4442-bd40-145b8cf761af: 46 groups; 517.1 s; peak memory 1123 MiB.
2026-10-05T06:27:53Z INFO [60/900] 3e40e0fa-c256-4295-9097-bea8c4837616: 1621 groups; 7.9 s; peak memory 1123 MiB.
2026-10-05T06:28:01Z INFO [61/900] 3e4162fe-b1d4-4683-92e1-d9c98be6048b: 213 groups; 8.2 s; peak memory 1123 MiB.
2026-10-05T06:28:03Z INFO [62/900] 3e4212b1-5617-4b26-8338-378d57c0f118: 22 groups; 1.1 s; peak memory 1123 MiB.
2026-10-05T06:28:04Z INFO [63/900] 3e4236b1-e818-49df-844e-031c5b2ba52a: 202 groups; 1.1 s; peak memory 1123 MiB.
2026-10-05T06:28:05Z INFO [64/900] 3e425f89-fcd7-4ced-a633-b5585a203d6b: 22 groups; 1.0 s; peak memory 1123 MiB.
2026-10-05T06:28:06Z INFO [65/900] 3e4289f8-9228-4c22-9af0-d231964dfe73: 25 groups; 1.1 s; peak memory 1123 MiB.
2026-10-05T06:28:07Z INFO [66/900] 3e42a033-67db-4c75-8068-5dac6aaaee35: 206 groups; 1.3 s; peak memory 1123 MiB.
2026-10-05T06:28:08Z INFO [67/900] 3e42c60e-b40b-4d05-8a97-c38f812f174c: 201 groups; 1.1 s; peak memory 1123 MiB.
2026-10-05T06:28:09Z INFO [68/900] 3e43fd7e-af8e-4b85-bf23-00a57aa72853: 35 groups; 1.3 s; peak memory 1123 MiB.
2026-10-05T06:28:10Z INFO [69/900] 3e44f6bf-7b0b-4a41-ad1e-8b9794df2e38: 32 groups; 1.0 s; peak memory 1123 MiB.
2026-10-05T06:28:12Z INFO [70/900] 3e450b1a-6ad5-41ad-8eb5-8ddc25829b4d: 36 groups; 1.3 s; peak memory 1123 MiB.
2026-10-05T06:28:18Z INFO [71/900] 3e45bd10-4f76-4120-a9b0-4ae6f929fc74: 181 groups; 6.6 s; peak memory 1123 MiB.
2026-10-05T06:28:19Z INFO [72/900] 3e45e169-54c7-4895-9f4d-430ccf4d425d: 16 groups; 0.7 s; peak memory 1123 MiB.
2026-10-05T06:28:26Z INFO [73/900] 3e46f4ee-3ce6-412d-b8c0-83f186463e86: 208 groups; 7.1 s; peak memory 1123 MiB.
2026-10-05T06:28:28Z INFO [74/900] 3e486584-09e3-45ab-95ba-d733b0f4a29e: 48 groups; 1.5 s; peak memory 1123 MiB.
2026-10-05T06:28:39Z INFO [75/900] 3e48ada3-882b-4457-84ae-bb04adab9927: 380 groups; 11.6 s; peak memory 1123 MiB.
2026-10-05T06:28:40Z INFO [76/900] 3e48e2f8-005f-4475-814c-f849ee9a2f53: 22 groups; 0.8 s; peak memory 1123 MiB.
2026-10-05T06:28:41Z INFO [77/900] 3e49783f-2438-476a-a44e-ecaa653f04c9: 22 groups; 0.8 s; peak memory 1123 MiB.
2026-10-05T06:28:45Z INFO [78/900] 3e4a6fde-943f-4b08-af44-4ebdbc0ee8c3: 129 groups; 4.0 s; peak memory 1123 MiB.
2026-10-05T06:28:46Z INFO [79/900] 3e4a74cd-323a-438e-9407-bd1f21827fb8: 32 groups; 1.1 s; peak memory 1123 MiB.
2026-10-05T06:28:48Z INFO [80/900] 3e4a7ec1-980f-4cf7-a3e9-d8aa6f821b04: 48 groups; 2.2 s; peak memory 1123 MiB.
2026-10-05T06:28:49Z INFO [81/900] 3e4a8552-0954-4521-bd36-af012f494a62: 32 groups; 1.1 s; peak memory 1123 MiB.
2026-10-05T06:30:28Z INFO [82/900] 3e4ae3ba-2902-40e0-9351-a454ab590058: 27 groups; 98.8 s; peak memory 1123 MiB.
2026-10-05T06:30:29Z INFO [83/900] 3e4af666-fe63-4925-a0e5-3596e994fd5f: 32 groups; 1.1 s; peak memory 1123 MiB.
2026-10-05T06:30:30Z INFO [84/900] 3e4b37f8-4d0c-48ff-8a86-63ab744c64a5: 24 groups; 1.1 s; peak memory 1123 MiB.
2026-10-05T06:30:32Z INFO [85/900] 3e4b392e-d33b-4d4f-beb6-e4989261d027: 32 groups; 1.3 s; peak memory 1123 MiB.
2026-10-05T06:30:33Z INFO [86/900] 3e4c0299-0aa3-4b0a-ae98-9676a46b754f: 32 groups; 1.1 s; peak memory 1123 MiB.
2026-10-05T06:30:34Z INFO [87/900] 3e4c7be5-c568-430c-ac4c-34a264d63371: 32 groups; 1.0 s; peak memory 1123 MiB.
2026-10-05T06:30:36Z INFO [88/900] 3e4e8af3-0684-4441-9683-8ef331929883: 47 groups; 2.3 s; peak memory 1123 MiB.
2026-10-05T06:30:37Z INFO [89/900] 3e4ea3a9-a484-419c-b8dd-bfef75e9eb90: 35 groups; 1.4 s; peak memory 1123 MiB.
2026-10-05T06:30:38Z INFO [90/900] 3e50e1f0-d4a4-4279-adc5-6c6c0218fd68: 32 groups; 1.1 s; peak memory 1123 MiB.
2026-10-05T06:30:39Z INFO [91/900] 3e531763-d389-4881-a2b0-9014b637650c: 16 groups; 0.6 s; peak memory 1123 MiB.
2026-10-05T06:42:46Z INFO [92/900] 3e5332ed-a345-463b-84b5-82cb6ad05efd: 75 groups; 726.9 s; peak memory 1123 MiB.
2026-10-05T06:42:48Z INFO [93/900] 3e546afd-9ffe-4140-acee-7e39131173b7: 53 groups; 2.3 s; peak memory 1123 MiB.
2026-10-05T06:43:11Z INFO [94/900] 3e54cc1a-aaca-46d8-af23-bdcbe8134b56: 23 groups; 22.3 s; peak memory 1123 MiB.
2026-10-05T06:43:12Z INFO [95/900] 3e54d85e-c7dc-4578-a2a5-dade7a83e18d: 29 groups; 1.2 s; peak memory 1123 MiB.
2026-10-05T06:43:13Z INFO [96/900] 3e553503-02c7-4cf1-99b8-cf0a1420efbe: 35 groups; 1.2 s; peak memory 1123 MiB.
2026-10-05T06:43:14Z INFO [97/900] 3e562bce-7f57-42db-9124-744bd7f48f46: 32 groups; 0.9 s; peak memory 1123 MiB.
2026-10-05T06:43:15Z INFO [98/900] 3e56ac57-faad-47eb-90f8-5e743d80d27f: 35 groups; 1.1 s; peak memory 1123 MiB.
2026-10-05T06:43:20Z INFO [99/900] 3e56b8db-94df-4f6c-a8af-70f2695c5a87: 168 groups; 5.2 s; peak memory 1123 MiB.
2026-10-05T06:43:21Z INFO [100/900] 3e56db62-6ffc-499d-8791-36bce218b608: 32 groups; 1.2 s; peak memory 1123 MiB.
2026-10-05T06:43:22Z INFO [100/900] 3e56db62-6ffc-499d-8791-36bce218b608: checkpointed 77036 records.
2026-10-05T06:43:23Z INFO [101/900] 3e56e1e0-6b6e-499d-92c4-0a8725e0bf84: 32 groups; 1.1 s; peak memory 1123 MiB.
2026-10-05T06:43:24Z INFO [102/900] 3e57aee0-b66a-408b-aa8d-88fe230c7653: 33 groups; 1.2 s; peak memory 1123 MiB.
2026-10-05T06:43:25Z INFO [103/900] 3e57b94b-6b12-4c5b-b794-428d86ef6f7f: 22 groups; 0.8 s; peak memory 1123 MiB.
2026-10-05T06:43:25Z INFO [104/900] 3e581597-319d-4935-b197-043694916165: 28 groups; 0.8 s; peak memory 1123 MiB.
2026-10-05T06:43:26Z INFO [105/900] 3e58552c-2335-4d3e-95f2-f452a26cffa4: 28 groups; 0.7 s; peak memory 1123 MiB.
2026-10-05T06:43:27Z INFO [106/900] 3e58586a-73c9-4cd4-b146-6da737ec7aba: 103 groups; 1.0 s; peak memory 1123 MiB.
2026-10-05T06:43:28Z INFO [107/900] 3e5952c3-71a9-4762-8e4a-9771b6b0b20a: 16 groups; 0.8 s; peak memory 1123 MiB.
2026-10-05T06:43:29Z INFO [108/900] 3e599e65-f329-4032-b8fa-cb0b13977391: 35 groups; 1.3 s; peak memory 1123 MiB.
2026-10-05T06:43:54Z INFO [109/900] 3e5ae6d1-fb05-4f5f-ae8a-d784df99d7b4: 392 groups; 25.1 s; peak memory 1123 MiB.
2026-10-05T06:43:55Z INFO [110/900] 3e5b12e3-066b-4ce2-a4a0-b22be7828152: 25 groups; 0.8 s; peak memory 1123 MiB.
2026-10-05T06:43:57Z INFO [111/900] 3e5b7b21-a983-43fc-a8e6-0a41c6e09b76: 202 groups; 1.3 s; peak memory 1123 MiB.
2026-10-05T06:43:59Z INFO [112/900] 3e5b84bf-c83c-4417-8cc2-6364ba99ccf0: 50 groups; 2.5 s; peak memory 1123 MiB.
2026-10-05T06:44:00Z INFO [113/900] 3e5bc6e1-511d-4452-b577-4c588d6a8c56: 32 groups; 1.1 s; peak memory 1123 MiB.
2026-10-05T06:44:06Z INFO [114/900] 3e5d3311-a282-4a29-9f01-09659e1ee47e: 34 groups; 5.4 s; peak memory 1123 MiB.
2026-10-05T06:44:07Z INFO [115/900] 3e5d4f33-32c5-4249-a04e-3e8b54976cea: 200 groups; 1.3 s; peak memory 1123 MiB.
2026-10-05T06:44:08Z INFO [116/900] 3e5d9392-f7c9-463c-a0ab-69fae9eac70c: 18 groups; 0.7 s; peak memory 1123 MiB.
2026-10-05T06:44:09Z INFO [117/900] 3e5def33-5dea-419c-bb72-b85df3ce7e08: 22 groups; 1.0 s; peak memory 1123 MiB.
2026-10-05T06:44:13Z INFO [118/900] 3e5f81dd-ac82-42d6-9bd4-a1212c8c2454: 181 groups; 4.0 s; peak memory 1123 MiB.
2026-10-05T06:44:14Z INFO [119/900] 3e60273f-7466-4c35-bec4-48250372fbc2: 32 groups; 1.2 s; peak memory 1123 MiB.
2026-10-05T06:44:20Z INFO [120/900] 3e60a02c-c0c1-48ce-81f4-34bd82285d16: 285 groups; 6.5 s; peak memory 1123 MiB.
2026-10-05T06:44:22Z INFO [121/900] 3e626907-afd3-4a7e-ba15-6ba5ba023ab1: 35 groups; 1.5 s; peak memory 1123 MiB.
2026-10-05T06:44:23Z INFO [122/900] 3e64b2b2-a70e-499b-80f8-03411c048dc4: 35 groups; 1.4 s; peak memory 1123 MiB.
2026-10-05T06:44:24Z INFO [123/900] 3e64bfd9-9c01-4edd-8c24-8fa00347f5ae: 202 groups; 1.1 s; peak memory 1123 MiB.
2026-10-05T06:44:26Z INFO [124/900] 3e65f7ee-0fa1-4c50-b003-344900c747da: 29 groups; 1.2 s; peak memory 1123 MiB.
2026-10-05T06:44:26Z INFO [125/900] 3e665088-881c-4862-a911-db0c0ae79e5d: 18 groups; 0.8 s; peak memory 1123 MiB.
2026-10-05T06:44:40Z INFO [126/900] 3e66dba7-0ead-46cd-ab17-63b413b91814: 302 groups; 13.9 s; peak memory 1123 MiB.
2026-10-05T06:44:41Z INFO [127/900] 3e66fbc8-8287-4da7-a180-7d85eb10ef99: 32 groups; 1.1 s; peak memory 1123 MiB.
2026-10-05T06:44:43Z INFO [128/900] 3e677c19-e683-495e-81c5-525efbca5a1f: 35 groups; 1.2 s; peak memory 1123 MiB.
2026-10-05T06:44:44Z INFO [129/900] 3e679893-f6f2-4493-8b9e-8f1a130c0dec: 29 groups; 1.2 s; peak memory 1123 MiB.
2026-10-05T06:44:46Z INFO [130/900] 3e681382-28cd-4a55-951e-6a01973a2fb5: 206 groups; 2.2 s; peak memory 1123 MiB.
2026-10-05T06:44:47Z INFO [131/900] 3e68254f-2054-49ab-9646-9068274f64b6: 201 groups; 1.1 s; peak memory 1123 MiB.
2026-10-05T06:44:48Z INFO [132/900] 3e6b3b86-f261-4820-99d0-9dac5458a35e: 29 groups; 1.2 s; peak memory 1123 MiB.
2026-10-05T06:44:49Z INFO [133/900] 3e6c2764-fa82-46fb-98a6-7486fe4418d5: 25 groups; 0.8 s; peak memory 1123 MiB.
2026-10-05T06:44:51Z INFO [134/900] 3e6c8863-381e-4cfb-913c-c9d090a836bb: 336 groups; 1.5 s; peak memory 1123 MiB.
2026-10-05T06:44:52Z INFO [135/900] 3e6cf5b5-c5af-48da-bc2e-9ec1e2131513: 29 groups; 1.1 s; peak memory 1123 MiB.
2026-10-05T06:44:53Z INFO [136/900] 3e6d65de-aed2-4aef-90ac-4ee0cf5ab6d8: 103 groups; 1.0 s; peak memory 1123 MiB.
2026-10-05T06:44:54Z INFO [137/900] 3e6dc48b-ca25-43d3-9134-9ca7907aab72: 194 groups; 1.2 s; peak memory 1123 MiB.
2026-10-05T06:44:55Z INFO [138/900] 3e6dc611-87ee-4f1b-8f12-26527ab4ec6a: 31 groups; 0.8 s; peak memory 1123 MiB.
2026-10-05T06:44:55Z INFO [139/900] 3e6dda88-5e51-4bf2-90bd-d88b19566b2b: 32 groups; 0.7 s; peak memory 1123 MiB.
2026-10-05T06:44:56Z INFO [140/900] 3e6e504c-f270-4538-8707-54d3e3c0bfca: 35 groups; 1.0 s; peak memory 1123 MiB.
2026-10-05T06:45:01Z INFO [141/900] 3e6ebf47-2f52-46d8-9a30-60d1127492ae: 105 groups; 5.0 s; peak memory 1123 MiB.
2026-10-05T06:45:02Z INFO [142/900] 3e6ed4cb-74ac-48ce-815a-727d3d1cf6aa: 22 groups; 0.9 s; peak memory 1123 MiB.
2026-10-05T06:45:04Z INFO [143/900] 3e6ef2f0-fbc9-4c51-a678-43199e95a881: 33 groups; 1.3 s; peak memory 1123 MiB.
2026-10-05T06:45:05Z INFO [144/900] 3e71055a-af67-4af3-ad61-f75243b6a88f: 103 groups; 1.2 s; peak memory 1123 MiB.
2026-10-05T06:45:06Z INFO [145/900] 3e714a6f-d897-4127-876f-4402f61ad476: 35 groups; 1.4 s; peak memory 1123 MiB.
2026-10-05T06:45:07Z INFO [146/900] 3e71949b-cb97-44b6-8de1-5a97713f7db3: 25 groups; 0.9 s; peak memory 1123 MiB.
2026-10-05T06:50:09Z INFO [147/900] 3e7459a2-5db0-43d1-a5a9-4bb4a2d3caed: 387 groups; 302.0 s; peak memory 1123 MiB.
2026-10-05T06:50:10Z INFO [148/900] 3e74d9b0-6b7d-4041-adf0-60b02be9bbb2: 35 groups; 1.2 s; peak memory 1123 MiB.
2026-10-05T06:50:12Z INFO [149/900] 3e74f093-9e5a-4941-8aa2-265586e3c1eb: 203 groups; 1.3 s; peak memory 1123 MiB.
2026-10-05T06:50:13Z INFO [150/900] 3e76e851-e90b-401d-8c27-bc9aa3956de9: 35 groups; 1.5 s; peak memory 1123 MiB.
2026-10-05T06:50:13Z INFO [150/900] 3e76e851-e90b-401d-8c27-bc9aa3956de9: checkpointed 77086 records.
2026-10-05T06:50:14Z INFO [151/900] 3e77759c-9516-490d-ad6b-76f552ee1fd7: 203 groups; 1.1 s; peak memory 1123 MiB.
2026-10-05T06:50:15Z INFO [152/900] 3e777c54-6da0-4dda-9c62-bce6adb5bc9d: 22 groups; 1.0 s; peak memory 1123 MiB.
2026-10-05T06:50:16Z INFO [153/900] 3e77f9af-ee6e-477e-97ef-03e83a259d4f: 35 groups; 1.1 s; peak memory 1123 MiB.
2026-10-05T06:50:17Z INFO [154/900] 3e784913-568c-445a-a2d6-cfb591d63703: 17 groups; 0.8 s; peak memory 1123 MiB.
2026-10-05T06:50:18Z INFO [155/900] 3e789c9d-ac5a-4bed-8d46-db7732b6042a: 22 groups; 0.8 s; peak memory 1123 MiB.
2026-10-05T06:50:25Z INFO [156/900] 3e78b10f-710e-4420-acee-8e4bcff63e4f: 120 groups; 7.1 s; peak memory 1123 MiB.
2026-10-05T06:52:41Z INFO [157/900] 3e78d0af-6bb9-4dbd-8698-bc254adf819f: 60 groups; 136.1 s; peak memory 1123 MiB.
2026-10-05T06:52:42Z INFO [158/900] 3e7a17d2-0859-4f85-81c9-7e51ede8bdf4: 22 groups; 0.9 s; peak memory 1123 MiB.
2026-10-05T06:52:43Z INFO [159/900] 3e7a2156-baa0-4e28-ad57-dbf3e442ea2a: 32 groups; 1.4 s; peak memory 1123 MiB.
2026-10-05T06:52:45Z INFO [160/900] 3e7a826f-7fc4-4c79-8fbb-d753bf51fde3: 22 groups; 1.1 s; peak memory 1123 MiB.
2026-10-05T06:53:05Z INFO [161/900] 3e7af3cf-c7f1-4bd5-867c-e4f5145d178d: 364 groups; 20.6 s; peak memory 1123 MiB.
2026-10-05T06:53:07Z INFO [162/900] 3e7b7e96-8817-4210-a679-d65292a07934: 29 groups; 1.4 s; peak memory 1123 MiB.
2026-10-05T06:53:08Z INFO [163/900] 3e7bdc90-4f80-4fa1-a4e5-7f2a5814b159: 32 groups; 1.0 s; peak memory 1123 MiB.
2026-10-05T06:53:09Z INFO [164/900] 3e7c9f4f-f7c2-44ba-9139-a714da8467cf: 19 groups; 0.9 s; peak memory 1123 MiB.
2026-10-05T06:53:10Z INFO [165/900] 3e7e0af9-4c66-42ed-9979-4ff9ee3b889c: 206 groups; 1.7 s; peak memory 1123 MiB.
2026-10-05T06:53:12Z INFO [166/900] 3e7e84e4-81d8-4515-8675-c181879cd9f0: 48 groups; 2.2 s; peak memory 1123 MiB.
2026-10-05T06:53:14Z INFO [167/900] 3e7e9a74-7244-45db-bda8-779cce76ace7: 29 groups; 1.1 s; peak memory 1123 MiB.
2026-10-05T06:53:18Z INFO [168/900] 3e7ee7e8-271a-4516-a248-89747367e7f5: 111 groups; 4.4 s; peak memory 1123 MiB.
2026-10-05T06:53:19Z INFO [169/900] 3e7f3367-a4df-4484-a4b2-869608019c76: 32 groups; 1.2 s; peak memory 1123 MiB.
2026-10-05T06:53:20Z INFO [170/900] 3e7f3572-5dba-4596-99e3-cccd62e2edac: 26 groups; 1.0 s; peak memory 1123 MiB.
2026-10-05T06:53:21Z INFO [171/900] 3e7fa25e-edb0-4718-944c-0168bbe849ab: 22 groups; 0.9 s; peak memory 1123 MiB.
2026-10-05T06:53:22Z INFO [172/900] 3e7fb9a5-d388-48b8-8245-c441a09ac7a7: 32 groups; 1.2 s; peak memory 1123 MiB.
2026-10-05T06:53:24Z INFO [173/900] 3e7fea47-53b3-4618-bbf2-8b124a1cb4a4: 32 groups; 1.1 s; peak memory 1123 MiB.
2026-10-05T06:53:25Z INFO [174/900] 3e80d74f-d151-478c-99f6-ee4fa8fa50ee: 35 groups; 1.1 s; peak memory 1123 MiB.
2026-10-05T06:53:26Z INFO [175/900] 3e8263bb-f24c-42a9-b49b-9c2e55d5712c: 32 groups; 1.1 s; peak memory 1123 MiB.
2026-10-05T06:53:27Z INFO [176/900] 3e82ce5c-2f42-49bd-b1b2-7940699405e9: 33 groups; 1.2 s; peak memory 1123 MiB.
2026-10-05T06:53:28Z INFO [177/900] 3e836f43-36b5-4525-9e5e-4c6287e5e098: 22 groups; 0.8 s; peak memory 1123 MiB.
2026-10-05T06:53:29Z INFO [178/900] 3e8384e6-0898-454d-8bb1-651be9eff993: 22 groups; 1.0 s; peak memory 1123 MiB.
2026-10-05T06:53:30Z INFO [179/900] 3e83e6e5-67a0-4411-9879-09927ecb4253: 49 groups; 1.4 s; peak memory 1123 MiB.
2026-10-05T06:53:31Z INFO [180/900] 3e845922-e08d-4753-8e40-be2a74dd994f: 22 groups; 0.8 s; peak memory 1123 MiB.
2026-10-05T06:53:32Z INFO [181/900] 3e84a7de-06c2-406a-976e-ee3b29aa69a0: 16 groups; 0.7 s; peak memory 1123 MiB.
2026-10-05T06:53:33Z INFO [182/900] 3e851d09-2582-4029-9618-bc4138984f23: 32 groups; 0.9 s; peak memory 1123 MiB.
2026-10-05T06:53:34Z INFO [183/900] 3e856b53-19b1-4da0-9d8b-d29525b21316: 32 groups; 1.0 s; peak memory 1123 MiB.
2026-10-05T06:53:35Z INFO [184/900] 3e85b6f6-8208-45cb-bbb8-0f8d32b19971: 22 groups; 0.9 s; peak memory 1123 MiB.
2026-10-05T06:53:36Z INFO [185/900] 3e877550-cd55-4197-8632-8b2b7bb887a5: 206 groups; 1.5 s; peak memory 1123 MiB.
2026-10-05T06:53:37Z INFO [186/900] 3e87e0d4-027f-4e8f-86cc-fb36e7cb3692: 32 groups; 1.0 s; peak memory 1123 MiB.
2026-10-05T06:53:41Z INFO [187/900] 3e889112-3ce2-4483-b59e-0ea16bfa77ff: 78 groups; 4.0 s; peak memory 1123 MiB.
2026-10-05T06:54:38Z INFO [188/900] 3e88accb-991b-44d6-aead-f699ea31be28: 22 groups; 57.1 s; peak memory 1123 MiB.
2026-10-05T06:54:39Z INFO [189/900] 3e88d607-95cd-43a4-be7d-a72ce836ab0c: 29 groups; 0.8 s; peak memory 1123 MiB.
2026-10-05T06:54:40Z INFO [190/900] 3e8a1308-c509-4a27-9fb3-dc142c648ba5: 26 groups; 0.8 s; peak memory 1123 MiB.
2026-10-05T06:54:40Z INFO [191/900] 3e8a1e17-ba7a-4ac4-bd14-4212a23fb9a0: 22 groups; 0.9 s; peak memory 1123 MiB.
2026-10-05T06:54:42Z INFO [192/900] 3e8aaf21-5412-4d50-85f3-bf773bb1ddee: 35 groups; 1.3 s; peak memory 1123 MiB.
2026-10-05T06:54:43Z INFO [193/900] 3e8b0df6-ffe4-4a91-9ffa-16a502d95001: 42 groups; 1.0 s; peak memory 1123 MiB.
2026-10-05T06:54:44Z INFO [194/900] 3e8b13e9-80ab-4d99-ac14-e6aae1c2adf0: 25 groups; 1.2 s; peak memory 1123 MiB.
2026-10-05T06:54:45Z INFO [195/900] 3e8b7e68-23b9-4a4f-bc92-c5a4095f409f: 22 groups; 0.9 s; peak memory 1123 MiB.
2026-10-05T06:54:46Z INFO [196/900] 3e8c0042-3f6a-47ed-8f64-21ab34b81c93: 22 groups; 1.0 s; peak memory 1123 MiB.
2026-10-05T06:54:46Z INFO [197/900] 3e8cd581-c8fe-4389-86b1-abf2f163369c: 31 groups; 0.7 s; peak memory 1123 MiB.
2026-10-05T06:54:50Z INFO [198/900] 3e8cf3f7-81c0-4c66-b1ee-caf085e67996: 113 groups; 4.0 s; peak memory 1123 MiB.
2026-10-05T06:54:58Z INFO [199/900] 3e8d14a8-d092-4243-9b5d-427d52073949: 182 groups; 7.6 s; peak memory 1123 MiB.
2026-10-05T06:57:25Z INFO [200/900] 3e8d3d26-d8e2-4614-b618-eeaf8b992dad: 60 groups; 146.7 s; peak memory 1123 MiB.
2026-10-05T06:57:25Z INFO [200/900] 3e8d3d26-d8e2-4614-b618-eeaf8b992dad: checkpointed 77136 records.
2026-10-05T06:57:26Z INFO [201/900] 3e8d5cc4-08ba-42b9-b442-44be0607e722: 32 groups; 1.2 s; peak memory 1123 MiB.
2026-10-05T06:57:50Z INFO [202/900] 3e8e2d07-bac1-42bb-af2a-dd12d8bbe2d3: 23 groups; 23.9 s; peak memory 1123 MiB.
2026-10-05T06:58:00Z INFO [203/900] 3e8eb418-7373-4896-95d5-814d7764d364: 441 groups; 10.0 s; peak memory 1123 MiB.
2026-10-05T06:58:01Z INFO [204/900] 3e8f197b-b684-4af0-9d69-88529b6ce95e: 337 groups; 1.3 s; peak memory 1123 MiB.
2026-10-05T06:58:02Z INFO [205/900] 3e8fc6fa-8829-411f-be5c-7c654487ed47: 71 groups; 1.0 s; peak memory 1123 MiB.
2026-10-05T06:58:03Z INFO [206/900] 3e9096e7-ac47-4d83-89e1-e5730ace9478: 32 groups; 1.1 s; peak memory 1123 MiB.
2026-10-05T06:58:04Z INFO [207/900] 3e909a5a-cf6d-4259-9fdb-34b2d18cedcf: 32 groups; 1.1 s; peak memory 1123 MiB.
2026-10-05T06:58:05Z INFO [208/900] 3e91c9c9-ead6-4e1b-adc2-e99537b59136: 22 groups; 0.8 s; peak memory 1123 MiB.
2026-10-05T06:58:07Z INFO [209/900] 3e92b031-c118-4c45-a775-67d07d41dd26: 33 groups; 1.4 s; peak memory 1123 MiB.
2026-10-05T06:58:08Z INFO [210/900] 3e932ee3-f6ca-4345-827b-b71fa93c0fa1: 32 groups; 1.2 s; peak memory 1123 MiB.
2026-10-05T06:58:08Z INFO [211/900] 3e9348db-c55b-41a9-8d6b-88e03eacc776: 16 groups; 0.7 s; peak memory 1123 MiB.
2026-10-05T06:58:10Z INFO [212/900] 3e93dcd7-4ef1-4a66-a55f-ca9dceadd04f: 32 groups; 1.1 s; peak memory 1123 MiB.
2026-10-05T06:58:11Z INFO [213/900] 3e93e16c-f0b9-4c9a-a0bc-b765c9ceed76: 35 groups; 1.1 s; peak memory 1123 MiB.
2026-10-05T06:58:11Z INFO [214/900] 3e93f409-1cd9-4b9e-9e27-f70c8faea131: 18 groups; 0.5 s; peak memory 1123 MiB.
2026-10-05T06:58:12Z INFO [215/900] 3e95b595-353e-41a2-a81a-5733f3eff0a9: 22 groups; 1.1 s; peak memory 1123 MiB.
2026-10-05T06:58:13Z INFO [216/900] 3e970526-e9a5-4318-bfcf-e33224c94dd0: 22 groups; 1.0 s; peak memory 1123 MiB.
2026-10-05T06:58:18Z INFO [217/900] 3e974302-1868-4fc4-aecd-12f796718e7a: 181 groups; 4.8 s; peak memory 1123 MiB.
2026-10-05T06:58:19Z INFO [218/900] 3e97ed9c-64a7-4333-a564-e0e1b9351e4d: 194 groups; 1.2 s; peak memory 1123 MiB.
2026-10-05T06:58:20Z INFO [219/900] 3e97f2a6-8d84-46c5-bf11-49adbadc4fa9: 30 groups; 0.8 s; peak memory 1123 MiB.
2026-10-05T06:58:23Z INFO [220/900] 3e97f90d-6a59-4495-a495-3644513a40d4: 116 groups; 3.3 s; peak memory 1123 MiB.
2026-10-05T06:58:24Z INFO [221/900] 3e984ed4-4947-412f-9fa7-539487edd6b1: 22 groups; 0.9 s; peak memory 1123 MiB.
2026-10-05T06:58:25Z INFO [222/900] 3e9904cf-50cc-4fca-b93b-04edda91d21a: 35 groups; 1.1 s; peak memory 1123 MiB.
2026-10-05T06:58:27Z INFO [223/900] 3e9940ef-5ea2-4360-a686-bb8471b2e878: 22 groups; 1.1 s; peak memory 1123 MiB.
2026-10-05T06:58:28Z INFO [224/900] 3e9953c7-414a-4bda-9f5a-7e50e05e287a: 22 groups; 1.0 s; peak memory 1123 MiB.
2026-10-05T06:58:30Z INFO [225/900] 3e9965b6-c8cb-46ad-8dcc-52209fb08aeb: 50 groups; 2.5 s; peak memory 1123 MiB.
2026-10-05T06:58:31Z INFO [226/900] 3e9a0e05-3003-440c-b787-6f91b3876b08: 32 groups; 1.0 s; peak memory 1123 MiB.
2026-10-05T06:58:32Z INFO [227/900] 3e9a62e6-1d8b-4c53-aa31-00e2001594a1: 30 groups; 0.7 s; peak memory 1123 MiB.
2026-10-05T06:58:35Z INFO [228/900] 3e9af483-8aa8-4e0d-beb1-98ca05aa92fd: 181 groups; 3.0 s; peak memory 1123 MiB.
2026-10-05T06:58:46Z INFO [229/900] 3e9c0ade-d3a2-4579-be04-9c71c690fbee: 207 groups; 10.9 s; peak memory 1123 MiB.
2026-10-05T06:58:46Z INFO [230/900] 3e9cb2b9-2922-4eea-b3c5-34d267100c3f: 29 groups; 0.7 s; peak memory 1123 MiB.
2026-10-05T06:58:48Z INFO [231/900] 3e9d19f6-dcc6-41b8-8c40-6e1c83730bf9: 337 groups; 1.6 s; peak memory 1123 MiB.
2026-10-05T06:58:54Z INFO [232/900] 3e9db21b-6346-44df-b4b3-13504ca2c3a0: 161 groups; 6.0 s; peak memory 1123 MiB.
2026-10-05T06:58:55Z INFO [233/900] 3e9ebbf7-bf87-44e9-8ce4-893d8a2f3ca7: 17 groups; 0.8 s; peak memory 1123 MiB.
2026-10-05T06:58:56Z INFO [234/900] 3e9ef173-e24d-45b3-ac72-38e9d8ffc17c: 33 groups; 1.1 s; peak memory 1123 MiB.
2026-10-05T06:58:57Z INFO [235/900] 3e9f6249-8fee-4c7d-8ade-c4f8f10cb589: 35 groups; 1.0 s; peak memory 1123 MiB.
2026-10-05T06:58:58Z INFO [236/900] 3e9ff216-2637-4f1b-8d48-0368e4bf0016: 25 groups; 0.9 s; peak memory 1123 MiB.
2026-10-05T06:58:59Z INFO [237/900] 3ea01e31-a1f6-4999-bca6-1442909167da: 35 groups; 1.2 s; peak memory 1123 MiB.
2026-10-05T06:59:00Z INFO [238/900] 3ea0211e-0d20-4f0c-b9a6-84ae3391e7fb: 26 groups; 0.8 s; peak memory 1123 MiB.
2026-10-05T06:59:01Z INFO [239/900] 3ea04ab4-f823-4f01-aa66-332243d98da9: 201 groups; 1.3 s; peak memory 1123 MiB.
2026-10-05T06:59:02Z INFO [240/900] 3ea05884-d287-4d80-aad0-d10aa2e6f39b: 22 groups; 0.9 s; peak memory 1123 MiB.
2026-10-05T06:59:03Z INFO [241/900] 3ea061fa-bca8-4d05-9c70-1dc81980af8e: 35 groups; 1.1 s; peak memory 1123 MiB.
2026-10-05T07:00:04Z INFO [242/900] 3ea090ce-ae2e-4e67-8f14-d95a50129975: 53 groups; 61.3 s; peak memory 1123 MiB.
2026-10-05T07:00:05Z INFO [243/900] 3ea09afb-ff56-4662-844f-355b9c83be67: 22 groups; 1.0 s; peak memory 1123 MiB.
2026-10-05T07:00:21Z INFO [244/900] 3ea0a270-b261-4542-a3c6-0c4ad9695734: 18 groups; 16.0 s; peak memory 1123 MiB.
2026-10-05T07:01:28Z INFO [245/900] 3ea12af5-5b21-48f9-8920-228592cce6f1: 53 groups; 66.5 s; peak memory 1123 MiB.
2026-10-05T07:01:54Z INFO [246/900] 3ea1a348-e7c5-45fc-96fa-212221d83ec6: 23 groups; 25.7 s; peak memory 1123 MiB.
2026-10-05T07:01:55Z INFO [247/900] 3ea299a4-5dfb-4586-8432-4e09b415c25c: 32 groups; 1.0 s; peak memory 1123 MiB.
2026-10-05T07:01:56Z INFO [248/900] 3ea3127c-58b6-4c11-bc78-796d1736da43: 25 groups; 0.9 s; peak memory 1123 MiB.
2026-10-05T07:01:56Z INFO [249/900] 3ea514bc-7c78-487b-95bb-0a3818452a78: 30 groups; 0.7 s; peak memory 1123 MiB.
2026-10-05T07:01:58Z INFO [250/900] 3ea54d58-a291-4420-83b3-b689469621c9: 27 groups; 1.6 s; peak memory 1123 MiB.
2026-10-05T07:01:58Z INFO [250/900] 3ea54d58-a291-4420-83b3-b689469621c9: checkpointed 77186 records.
2026-10-05T07:02:00Z INFO [251/900] 3ea5b9d7-402a-4f15-b9d9-27fa81d8350e: 48 groups; 2.3 s; peak memory 1123 MiB.
2026-10-05T07:02:02Z INFO [252/900] 3ea625bc-73f1-4d16-a3f4-b367dd187134: 41 groups; 1.4 s; peak memory 1123 MiB.
2026-10-05T07:02:03Z INFO [253/900] 3ea62cbd-4d28-4799-b86b-2329a0ece0aa: 33 groups; 1.0 s; peak memory 1123 MiB.
2026-10-05T07:02:04Z INFO [254/900] 3ea62f47-278a-402c-91a4-830d2647d1df: 35 groups; 1.7 s; peak memory 1123 MiB.
2026-10-05T07:02:05Z INFO [255/900] 3ea63182-21a3-4417-9535-8de5600aeada: 201 groups; 1.2 s; peak memory 1123 MiB.
2026-10-05T07:02:16Z INFO [256/900] 3ea7bfd0-95e2-47a1-9efe-a7fed6c51d94: 278 groups; 10.6 s; peak memory 1123 MiB.
2026-10-05T07:02:17Z INFO [257/900] 3ea8030c-ffcb-46d3-ae19-089b9bd43b61: 32 groups; 1.1 s; peak memory 1123 MiB.
2026-10-05T07:02:18Z INFO [258/900] 3ea81edc-882e-4ad9-ae20-a2523be29df7: 32 groups; 1.2 s; peak memory 1123 MiB.
2026-10-05T07:02:20Z INFO [259/900] 3ea882c9-61b4-4bd8-8d4e-66cf7ddeacc3: 341 groups; 1.6 s; peak memory 1123 MiB.
2026-10-05T07:02:22Z INFO [260/900] 3ea887a7-2246-44a0-a5d2-dc25e244639b: 572 groups; 1.7 s; peak memory 1123 MiB.
2026-10-05T07:02:23Z INFO [261/900] 3ea9673b-8cdc-4637-9a6b-18787db3cb3b: 22 groups; 1.1 s; peak memory 1123 MiB.
2026-10-05T07:02:24Z INFO [262/900] 3ea99805-5485-43bb-9232-182392d0e7d7: 35 groups; 1.2 s; peak memory 1123 MiB.
2026-10-05T07:02:25Z INFO [263/900] 3ea9e5c0-7ee9-4863-ae90-53202f2ca6da: 22 groups; 0.9 s; peak memory 1123 MiB.
2026-10-05T07:02:26Z INFO [264/900] 3eaa0549-3abb-4563-969e-75aa3fa9f863: 28 groups; 0.8 s; peak memory 1123 MiB.
2026-10-05T07:02:27Z INFO [265/900] 3eaa15c9-b931-4b9c-ae52-ce72706af2f8: 35 groups; 1.3 s; peak memory 1123 MiB.
2026-10-05T07:02:29Z INFO [266/900] 3eaaf23e-75ad-45f9-9fbe-0a39be320e55: 53 groups; 1.7 s; peak memory 1123 MiB.
2026-10-05T07:02:30Z INFO [267/900] 3eac086a-21cf-461e-a131-6c2c5d24eb18: 25 groups; 1.0 s; peak memory 1123 MiB.
2026-10-05T07:02:31Z INFO [268/900] 3eac14f8-ab44-47d4-8267-fe2c91fecc09: 32 groups; 0.9 s; peak memory 1123 MiB.
2026-10-05T07:02:31Z INFO [269/900] 3eac82eb-d887-40de-8da1-2c6dac40d8d8: 17 groups; 0.6 s; peak memory 1123 MiB.
2026-10-05T07:02:33Z INFO [270/900] 3eaddd2d-43df-419a-954a-d52a558d4a0c: 35 groups; 1.4 s; peak memory 1123 MiB.
2026-10-05T07:02:34Z INFO [271/900] 3eae0975-cc16-4273-ac83-a2550b7824a9: 33 groups; 0.8 s; peak memory 1123 MiB.
2026-10-05T07:02:35Z INFO [272/900] 3eaea0a0-edc0-4d06-9546-66741a7ca6e3: 49 groups; 1.3 s; peak memory 1123 MiB.
2026-10-05T07:02:44Z INFO [273/900] 3eaf2c0c-8f1d-4c0c-9a64-bd772b057830: 316 groups; 8.8 s; peak memory 1123 MiB.
2026-10-05T07:02:44Z INFO [274/900] 3eafeb02-5810-4681-ba80-5165037886a8: 18 groups; 0.8 s; peak memory 1123 MiB.
2026-10-05T07:02:47Z INFO [275/900] 3eb075ce-75c7-4f32-94f4-6747ff07724f: 34 groups; 2.2 s; peak memory 1123 MiB.
2026-10-05T07:02:49Z INFO [276/900] 3eb22ed8-b61f-42be-b69d-6b91c2e4a940: 48 groups; 2.2 s; peak memory 1123 MiB.
2026-10-05T07:05:05Z INFO [277/900] 3eb2879d-9c2f-4c86-a252-534554293ae2: 2336 groups; 136.0 s; peak memory 1123 MiB.
2026-10-05T07:05:06Z INFO [278/900] 3eb2c7cc-47f5-49a6-9f2b-19a2767bd8c8: 26 groups; 0.7 s; peak memory 1123 MiB.
2026-10-05T07:05:07Z INFO [279/900] 3eb4d054-20fd-4f69-a51d-97e1cc0d9f1a: 254 groups; 1.1 s; peak memory 1123 MiB.
2026-10-05T07:05:09Z INFO [280/900] 3eb60195-9830-4996-a2ac-b0aba634bbbd: 202 groups; 1.8 s; peak memory 1123 MiB.
2026-10-05T07:05:09Z INFO [281/900] 3eb6293a-07f3-4db4-b0af-4ef0c61b1997: 28 groups; 0.7 s; peak memory 1123 MiB.
2026-10-05T07:05:13Z INFO [282/900] 3eb6bb35-1f7a-4c1b-8653-3e3cf2d21910: 78 groups; 3.9 s; peak memory 1123 MiB.
2026-10-05T07:05:15Z INFO [283/900] 3eb7904a-3368-4180-8bba-9d5ef05ec593: 35 groups; 1.6 s; peak memory 1123 MiB.
2026-10-05T07:05:21Z INFO [284/900] 3eb80f89-e82d-4b46-9431-ad8aa8f04503: 138 groups; 6.2 s; peak memory 1123 MiB.
2026-10-05T07:05:59Z INFO [285/900] 3eb8ca74-c07c-44fe-b34a-32bd75abd967: 169 groups; 38.3 s; peak memory 1123 MiB.
2026-10-05T07:06:00Z INFO [286/900] 3eb95cf9-4a5a-43c7-a4c3-73c4036579e1: 22 groups; 1.0 s; peak memory 1123 MiB.
2026-10-05T07:06:01Z INFO [287/900] 3eba357e-224e-4898-ac48-327442d1730c: 32 groups; 1.2 s; peak memory 1123 MiB.
2026-10-05T07:06:03Z INFO [288/900] 3eba70a2-7524-408a-af0c-0b14e8ada20e: 30 groups; 2.2 s; peak memory 1123 MiB.
2026-10-05T07:06:05Z INFO [289/900] 3eba886e-f48f-4959-9009-f87529d63f0e: 48 groups; 1.9 s; peak memory 1123 MiB.
2026-10-05T07:06:08Z INFO [290/900] 3ebad475-b37b-4bb0-a0aa-262dd284daa3: 17 groups; 2.2 s; peak memory 1123 MiB.
2026-10-05T07:06:08Z INFO [291/900] 3ebc07d9-0d3a-43d6-8cfd-301d5fd5d945: 22 groups; 0.7 s; peak memory 1123 MiB.
2026-10-05T07:06:09Z INFO [292/900] 3ebc9a5c-9e07-4666-9b94-20dbb0442410: 32 groups; 1.2 s; peak memory 1123 MiB.
2026-10-05T07:06:11Z INFO [293/900] 3ebcee95-3c86-44e0-ab67-ad9d5c9dafa0: 202 groups; 1.4 s; peak memory 1123 MiB.
2026-10-05T07:06:12Z INFO [294/900] 3ebd239c-8c93-4839-a15a-47c9f8fd2033: 22 groups; 1.0 s; peak memory 1123 MiB.
2026-10-05T07:06:13Z INFO [295/900] 3ebd7123-cbf7-4978-ab85-58a5c12e0d38: 32 groups; 1.0 s; peak memory 1123 MiB.
2026-10-05T07:06:16Z INFO [296/900] 3ebd849b-3d2d-49cd-b005-44d287e24f0b: 95 groups; 2.8 s; peak memory 1123 MiB.
2026-10-05T07:06:17Z INFO [297/900] 3ebd8d1f-8ae0-49a3-a8dd-084730ec5b0e: 36 groups; 1.4 s; peak memory 1123 MiB.
2026-10-05T07:06:19Z INFO [298/900] 3ebe15ac-8d63-4380-9fae-5ac22ae5fa1c: 31 groups; 1.8 s; peak memory 1123 MiB.
2026-10-05T07:06:20Z INFO [299/900] 3ebf45da-c6e9-4006-9a42-ebb5d58b7479: 26 groups; 1.0 s; peak memory 1123 MiB.
2026-10-05T07:06:21Z INFO [300/900] 3ebfba44-3ca1-48fc-9326-010d9007e129: 201 groups; 1.2 s; peak memory 1123 MiB.
2026-10-05T07:06:21Z INFO [300/900] 3ebfba44-3ca1-48fc-9326-010d9007e129: checkpointed 77236 records.
2026-10-05T07:06:23Z INFO [301/900] 3ec07d2c-2506-43a5-b2ef-3108b2c124c4: 25 groups; 1.3 s; peak memory 1123 MiB.
2026-10-05T07:06:24Z INFO [302/900] 3ec0948b-73ea-4df7-b88e-8ae0f72c9ee1: 32 groups; 1.4 s; peak memory 1123 MiB.
2026-10-05T07:06:25Z INFO [303/900] 3ec0dfb3-db24-4ccb-a5dd-d5f11f540201: 35 groups; 1.2 s; peak memory 1123 MiB.
2026-10-05T07:06:26Z INFO [304/900] 3ec0f0fc-0ef9-4ec9-99d1-4475b7d9a91e: 33 groups; 0.9 s; peak memory 1123 MiB.
2026-10-05T07:06:28Z INFO [305/900] 3ec14728-6bcb-4468-bea0-c400a36800f3: 50 groups; 2.4 s; peak memory 1123 MiB.
2026-10-05T07:06:31Z INFO [306/900] 3ec1b1e5-5891-4662-8641-3d2774be834a: 48 groups; 2.0 s; peak memory 1123 MiB.
2026-10-05T07:06:31Z INFO [307/900] 3ec209a4-43c5-4c92-b3fc-7bd91db92a0f: 30 groups; 0.7 s; peak memory 1123 MiB.
2026-10-05T07:06:33Z INFO [308/900] 3ec2d773-c1e5-4cdb-826d-fc471acdcc6b: 49 groups; 1.3 s; peak memory 1123 MiB.
2026-10-05T07:06:40Z INFO [309/900] 3ec458cb-9f33-4a84-9e3e-2a170e4a5b7e: 66 groups; 7.8 s; peak memory 1123 MiB.
2026-10-05T07:06:42Z INFO [310/900] 3ec458d1-5795-4642-8544-41b9a6355580: 36 groups; 1.4 s; peak memory 1123 MiB.
2026-10-05T07:06:43Z INFO [311/900] 3ec4dc9c-7236-4afb-8609-7f055083bae9: 25 groups; 1.1 s; peak memory 1123 MiB.
2026-10-05T07:06:44Z INFO [312/900] 3ec54ddc-32b1-49c0-ba03-1055acb14cab: 22 groups; 1.0 s; peak memory 1123 MiB.
2026-10-05T07:06:45Z INFO [313/900] 3ec6d954-3ea5-4cd7-81e1-1d1825d1cf1f: 255 groups; 1.3 s; peak memory 1123 MiB.
2026-10-05T07:06:46Z INFO [314/900] 3ec82e4b-9839-49c8-907c-464b469b289f: 32 groups; 1.0 s; peak memory 1123 MiB.
2026-10-05T07:06:50Z INFO [315/900] 3ec87cd4-557d-439f-96e1-af10d74e4216: 131 groups; 3.6 s; peak memory 1123 MiB.
2026-10-05T07:06:55Z INFO [316/900] 3ec95871-d2c0-4303-a016-48df463841cc: 206 groups; 5.4 s; peak memory 1123 MiB.
2026-10-05T07:06:56Z INFO [317/900] 3eca490c-2463-4c89-8ac8-65a574278747: 32 groups; 1.2 s; peak memory 1123 MiB.
2026-10-05T07:07:01Z INFO [318/900] 3eca7396-937b-420e-863a-3275ccd77e2a: 153 groups; 4.6 s; peak memory 1123 MiB.
2026-10-05T07:07:02Z INFO [319/900] 3eca8e1e-18f6-4738-9ee3-96c02337eefe: 20 groups; 0.7 s; peak memory 1123 MiB.
2026-10-05T07:07:04Z INFO [320/900] 3eca9c85-24cd-4346-9671-c764380f0873: 54 groups; 2.3 s; peak memory 1123 MiB.
2026-10-05T07:07:05Z INFO [321/900] 3ecaf277-17a6-4a29-a3ab-5172a0eeeadb: 17 groups; 0.7 s; peak memory 1123 MiB.
2026-10-05T07:07:07Z INFO [322/900] 3ecb1953-a79f-4166-b5fc-51a151dbf0ec: 48 groups; 2.1 s; peak memory 1123 MiB.
2026-10-05T07:09:33Z INFO [323/900] 3ecc0777-188d-456f-9937-8d29ffbcf7d7: 89 groups; 146.6 s; peak memory 1123 MiB.
2026-10-05T07:09:34Z INFO [324/900] 3ecc96fb-0ceb-4975-988a-f5af568deec9: 18 groups; 0.9 s; peak memory 1123 MiB.
2026-10-05T07:09:36Z INFO [325/900] 3ecca1b3-0ecd-4faa-a502-3faa714c7a0b: 32 groups; 1.4 s; peak memory 1123 MiB.
2026-10-05T07:09:37Z INFO [326/900] 3ecd2af7-0e51-4c6d-adcd-c26f4135bcc1: 22 groups; 1.0 s; peak memory 1123 MiB.
2026-10-05T07:09:38Z INFO [327/900] 3ecdb92b-8817-4b53-8ac6-878237068a25: 22 groups; 1.0 s; peak memory 1123 MiB.
2026-10-05T07:09:55Z INFO [328/900] 3ece77e2-015f-4327-8380-3a4e1172fb78: 317 groups; 16.9 s; peak memory 1123 MiB.
2026-10-05T07:09:56Z INFO [329/900] 3eceda2a-a7b3-43ba-94b4-87599f7b776d: 156 groups; 1.5 s; peak memory 1123 MiB.
2026-10-05T07:09:58Z INFO [330/900] 3ed009d6-6d4a-4f41-ac44-18717fb08911: 206 groups; 1.9 s; peak memory 1123 MiB.
2026-10-05T07:09:59Z INFO [331/900] 3ed041ca-2b06-4764-92cd-4bc53855e7ed: 22 groups; 0.8 s; peak memory 1123 MiB.
2026-10-05T07:10:00Z INFO [332/900] 3ed09cf0-34e1-4053-9d0f-023bf4722a5e: 22 groups; 0.9 s; peak memory 1123 MiB.
2026-10-05T07:10:03Z INFO [333/900] 3ed127ff-601c-4114-b0ab-f46151a4fcea: 181 groups; 3.8 s; peak memory 1123 MiB.
2026-10-05T07:12:17Z INFO [334/900] 3ed14291-3cc8-4498-822d-7a828a843904: 72 groups; 133.3 s; peak memory 1123 MiB.
2026-10-05T07:12:18Z INFO [335/900] 3ed17d1f-8777-4982-9fea-7716d8555319: 341 groups; 1.2 s; peak memory 1123 MiB.
2026-10-05T07:12:19Z INFO [336/900] 3ed2ad39-8f02-4dba-af95-cb25ce62cd54: 22 groups; 0.8 s; peak memory 1123 MiB.
2026-10-05T07:12:22Z INFO [337/900] 3ed2ca98-6545-4626-b4a2-3d2e1ec18856: 36 groups; 3.2 s; peak memory 1123 MiB.
2026-10-05T07:12:23Z INFO [338/900] 3ed321b3-307f-458e-9591-4d1ea0165e8d: 22 groups; 1.1 s; peak memory 1123 MiB.
2026-10-05T07:12:24Z INFO [339/900] 3ed34ea3-22f0-499a-b0c1-d01162c4f862: 22 groups; 0.9 s; peak memory 1123 MiB.
2026-10-05T07:12:25Z INFO [340/900] 3ed512e2-ab18-42fc-b23c-d043cff75591: 28 groups; 1.0 s; peak memory 1123 MiB.
2026-10-05T07:12:26Z INFO [341/900] 3ed51d89-095e-4daa-84c7-fb6f12998357: 22 groups; 0.8 s; peak memory 1123 MiB.
2026-10-05T07:12:30Z INFO [342/900] 3ed6da26-7462-47b4-8f63-81244f4502e3: 34 groups; 4.7 s; peak memory 1123 MiB.
2026-10-05T07:12:32Z INFO [343/900] 3ed6f14f-0758-4213-b992-da48eff73e90: 35 groups; 1.3 s; peak memory 1123 MiB.
2026-10-05T07:12:34Z INFO [344/900] 3ed737a8-9790-4be9-9779-9a99402fa020: 48 groups; 2.1 s; peak memory 1123 MiB.
2026-10-05T07:12:38Z INFO [345/900] 3ed7d26e-adae-40af-8105-f9f0c3491bcd: 181 groups; 4.5 s; peak memory 1123 MiB.
2026-10-05T07:12:39Z INFO [346/900] 3ed7fd6f-5cfc-4860-bf16-633e3202789f: 22 groups; 1.0 s; peak memory 1123 MiB.
2026-10-05T07:12:40Z INFO [347/900] 3ed85468-c020-4c48-821d-5794c990f06c: 21 groups; 0.7 s; peak memory 1123 MiB.
2026-10-05T07:12:41Z INFO [348/900] 3ed8d05e-98fc-4c39-9567-e2f38c4f6932: 32 groups; 1.1 s; peak memory 1123 MiB.
2026-10-05T07:13:57Z INFO [349/900] 3ed97390-5795-41df-8ee7-e76d5a174569: 31 groups; 76.3 s; peak memory 1123 MiB.
2026-10-05T07:13:59Z INFO [350/900] 3edb0e9b-5f8c-411e-86ab-cf6d6763d70c: 48 groups; 1.5 s; peak memory 1123 MiB.
2026-10-05T07:13:59Z INFO [350/900] 3edb0e9b-5f8c-411e-86ab-cf6d6763d70c: checkpointed 77286 records.
2026-10-05T07:14:00Z INFO [351/900] 3edba4e5-51b5-48df-bed0-242287ed002c: 31 groups; 0.7 s; peak memory 1123 MiB.
2026-10-05T07:14:01Z INFO [352/900] 3edda483-24ba-4c66-84a4-57da5d6fe442: 16 groups; 0.7 s; peak memory 1123 MiB.
2026-10-05T07:14:03Z INFO [353/900] 3edde9bc-1d0e-4c8a-8b43-3908f73da11d: 48 groups; 2.0 s; peak memory 1123 MiB.
2026-10-05T07:14:09Z INFO [354/900] 3ede5ce6-eb0f-401f-8207-765fab6d01a5: 34 groups; 6.6 s; peak memory 1123 MiB.
2026-10-05T07:14:10Z INFO [355/900] 3edebd4f-18d3-4a40-8680-87ca38844cec: 28 groups; 0.8 s; peak memory 1123 MiB.
2026-10-05T07:14:11Z INFO [356/900] 3edfa6a2-b90b-4e2e-ad3d-2db674dd2ecb: 22 groups; 0.9 s; peak memory 1123 MiB.
2026-10-05T07:14:12Z INFO [357/900] 3ee1c0ff-196e-472d-bbca-08da1ce57666: 35 groups; 1.3 s; peak memory 1123 MiB.
2026-10-05T07:14:13Z INFO [358/900] 3ee1e2c3-1c35-4301-acfb-9349792cb8e9: 194 groups; 1.3 s; peak memory 1123 MiB.
2026-10-05T07:14:14Z INFO [359/900] 3ee1f190-c9cf-48f2-aa1b-c243258902d8: 32 groups; 1.0 s; peak memory 1123 MiB.
2026-10-05T07:14:16Z INFO [360/900] 3ee235a4-7554-4cff-b9d8-2aaf3fec4b1e: 22 groups; 1.1 s; peak memory 1123 MiB.
2026-10-05T07:14:32Z INFO [361/900] 3ee2e4d0-d3ab-4c71-87a9-7f3be48cf7c1: 117 groups; 16.6 s; peak memory 1123 MiB.
2026-10-05T07:14:33Z INFO [362/900] 3ee31228-fda0-4d58-9322-7c38b720fa11: 22 groups; 0.9 s; peak memory 1123 MiB.
2026-10-05T07:14:36Z INFO [363/900] 3ee372cd-5d0c-4c7c-8d7f-4db3fb208e0a: 48 groups; 2.4 s; peak memory 1123 MiB.
2026-10-05T07:14:37Z INFO [364/900] 3ee3ef56-dc04-4ec1-959f-fa46257cd607: 25 groups; 1.2 s; peak memory 1123 MiB.
2026-10-05T07:14:39Z INFO [365/900] 3ee42317-767d-4135-844a-96a8ec7ad56b: 56 groups; 2.1 s; peak memory 1123 MiB.
2026-10-05T07:14:40Z INFO [366/900] 3ee435c5-4c98-4631-8ecb-ad09cf01fba4: 25 groups; 0.8 s; peak memory 1123 MiB.
2026-10-05T07:14:41Z INFO [367/900] 3ee443cf-f41c-4fb0-a5c4-875f937dcecb: 33 groups; 1.4 s; peak memory 1123 MiB.
2026-10-05T07:14:48Z INFO [368/900] 3ee5119b-ca06-49c9-9bd6-3461a43ec130: 191 groups; 7.0 s; peak memory 1123 MiB.
2026-10-05T07:14:49Z INFO [369/900] 3ee65e1c-4927-47ee-8a84-ae11f8704491: 256 groups; 1.1 s; peak memory 1123 MiB.
2026-10-05T07:14:50Z INFO [370/900] 3ee6d13e-63d9-4aca-8dd8-6105110ad0c3: 41 groups; 1.3 s; peak memory 1123 MiB.
2026-10-05T07:14:51Z INFO [371/900] 3ee79f93-7ae3-437f-aa23-0c77ae6f7631: 32 groups; 0.9 s; peak memory 1123 MiB.
2026-10-05T07:14:52Z INFO [372/900] 3ee809c4-e620-43f3-9032-553499afec23: 202 groups; 1.2 s; peak memory 1123 MiB.
2026-10-05T07:14:58Z INFO [373/900] 3ee854b0-fc29-4582-8109-e15b94e8420e: 34 groups; 6.1 s; peak memory 1123 MiB.
2026-10-05T07:15:00Z INFO [374/900] 3ee87796-2094-4d9e-b70e-5d49c9e81e21: 33 groups; 1.5 s; peak memory 1123 MiB.
2026-10-05T07:15:05Z INFO [375/900] 3ee9c6e9-8053-42eb-b9b9-d39648103c0a: 161 groups; 4.7 s; peak memory 1123 MiB.
2026-10-05T07:15:05Z INFO [376/900] 3eea83df-56a4-49a0-9d0d-6df717545716: 32 groups; 0.8 s; peak memory 1123 MiB.
2026-10-05T07:15:07Z INFO [377/900] 3eeabd5c-face-4eaf-8968-f6dbbf321e88: 35 groups; 1.5 s; peak memory 1123 MiB.
2026-10-05T07:15:09Z INFO [378/900] 3eeae5c0-9b63-42db-a96b-b59b0b2c5c02: 35 groups; 1.6 s; peak memory 1123 MiB.
2026-10-05T07:15:09Z INFO [379/900] 3eeaf84f-5312-4b37-b8fa-5a44808bc67f: 32 groups; 0.9 s; peak memory 1123 MiB.
2026-10-05T07:15:11Z INFO [380/900] 3eeb1b36-30a4-4d09-8398-bb9ba11772a4: 32 groups; 1.1 s; peak memory 1123 MiB.
2026-10-05T07:15:15Z INFO [381/900] 3eeb3025-62bc-4d5e-9be9-29e3d3e4e57c: 85 groups; 4.7 s; peak memory 1123 MiB.
2026-10-05T07:15:17Z INFO [382/900] 3eeb4087-03e0-4628-bf25-2a9ebb802e14: 33 groups; 1.3 s; peak memory 1123 MiB.
2026-10-05T07:15:17Z INFO [383/900] 3eec5b40-1299-4b31-bb79-9295a147f6d4: 17 groups; 0.8 s; peak memory 1123 MiB.
2026-10-05T07:15:19Z INFO [384/900] 3eecbcb9-2559-4468-bcdb-13221509108b: 32 groups; 1.1 s; peak memory 1123 MiB.
2026-10-05T07:15:28Z INFO [385/900] 3eef37a7-de37-482e-a914-158ad5e11e7f: 182 groups; 9.9 s; peak memory 1123 MiB.
2026-10-05T07:15:30Z INFO [386/900] 3eef9a84-db15-4826-965f-65d2a9bdc7d5: 36 groups; 1.4 s; peak memory 1123 MiB.
2026-10-05T07:15:30Z INFO [387/900] 3eefddf6-4237-4e94-83d9-fc27ee0c5048: 18 groups; 0.7 s; peak memory 1123 MiB.
2026-10-05T07:15:31Z INFO [388/900] 3ef03c9e-7c7e-4850-970f-125e0c914785: 16 groups; 0.7 s; peak memory 1123 MiB.
2026-10-05T07:15:32Z INFO [389/900] 3ef11c01-cc44-4700-8c2e-2b4af8c2b7c8: 22 groups; 1.0 s; peak memory 1123 MiB.
2026-10-05T07:15:33Z INFO [390/900] 3ef1bae1-d239-488f-b1ad-dff2cf1778d0: 30 groups; 0.7 s; peak memory 1123 MiB.
2026-10-05T07:15:34Z INFO [391/900] 3ef1caea-1a45-4d73-b8e0-e992130c0024: 41 groups; 1.4 s; peak memory 1123 MiB.
2026-10-05T07:18:08Z INFO [392/900] 3ef24920-df4d-44cd-b230-742dae52c754: 42 groups; 154.1 s; peak memory 1286 MiB.
2026-10-05T07:18:10Z INFO [393/900] 3ef29715-cdb9-4a09-b798-30a51ea09ea7: 341 groups; 1.5 s; peak memory 1286 MiB.
2026-10-05T07:18:11Z INFO [394/900] 3ef346df-ad98-4344-bc58-f572972f1610: 71 groups; 1.4 s; peak memory 1286 MiB.
2026-10-05T07:18:12Z INFO [395/900] 3ef860bd-bb59-4caf-bffc-c34965034b8d: 28 groups; 1.0 s; peak memory 1286 MiB.
2026-10-05T07:18:13Z INFO [396/900] 3ef8f09c-c9db-45ba-918c-b832f877426e: 32 groups; 1.1 s; peak memory 1286 MiB.
2026-10-05T07:18:15Z INFO [397/900] 3ef9dff2-90a1-45b7-85aa-a4b5f0cf060a: 35 groups; 1.6 s; peak memory 1286 MiB.
2026-10-05T07:18:17Z INFO [398/900] 3efd1f4f-3ca9-4d70-bcf6-c810353a0d9a: 203 groups; 1.6 s; peak memory 1286 MiB.
2026-10-05T07:18:18Z INFO [399/900] 3efd7ea4-9e9b-478f-bd5c-5594d369f505: 48 groups; 1.6 s; peak memory 1286 MiB.
2026-10-05T07:18:19Z INFO [400/900] 3efef937-5e8a-43f9-9e84-4754397da976: 30 groups; 0.7 s; peak memory 1286 MiB.
2026-10-05T07:18:19Z INFO [400/900] 3efef937-5e8a-43f9-9e84-4754397da976: checkpointed 77336 records.
2026-10-05T07:18:20Z INFO [401/900] 3eff57c7-707b-4e80-aa15-66831f337a0a: 22 groups; 0.8 s; peak memory 1286 MiB.
2026-10-05T07:18:21Z INFO [402/900] 3effa91f-a00c-4ec8-b6bc-4d000b8c0154: 35 groups; 1.1 s; peak memory 1286 MiB.
2026-10-05T07:18:23Z INFO [403/900] 3f005f4a-793e-417f-ad8f-72af676c6346: 48 groups; 2.0 s; peak memory 1286 MiB.
2026-10-05T07:18:24Z INFO [404/900] 3f00dbfb-25b9-4464-aaaa-e3becc4f1aa8: 32 groups; 1.1 s; peak memory 1286 MiB.
2026-10-05T07:18:25Z INFO [405/900] 3f010e2a-77c1-403a-b870-6915adad9406: 22 groups; 1.0 s; peak memory 1286 MiB.
2026-10-05T07:18:26Z INFO [406/900] 3f0166a8-1dac-44d6-8125-5b15eefc2587: 22 groups; 0.9 s; peak memory 1286 MiB.
2026-10-05T07:18:27Z INFO [407/900] 3f017c00-27be-40b2-928b-5796dcb389cc: 338 groups; 1.6 s; peak memory 1286 MiB.
2026-10-05T07:18:28Z INFO [408/900] 3f019937-5458-4248-b715-8ff3a6b6ec9f: 31 groups; 0.6 s; peak memory 1286 MiB.
2026-10-05T07:18:29Z INFO [409/900] 3f01dd87-41e2-4431-a781-b6eba69b7dbe: 36 groups; 1.4 s; peak memory 1286 MiB.
2026-10-05T07:18:32Z INFO [410/900] 3f037a81-83ad-4e36-ac43-204f21f67b44: 17 groups; 2.2 s; peak memory 1286 MiB.
2026-10-05T07:18:32Z INFO [411/900] 3f045c2e-d9da-4778-9ed0-b4267017ff6c: 16 groups; 0.7 s; peak memory 1286 MiB.
2026-10-05T07:18:33Z INFO [412/900] 3f04cd67-2805-486d-ab48-ddb9722a7a2e: 22 groups; 0.8 s; peak memory 1286 MiB.
2026-10-05T07:18:34Z INFO [413/900] 3f05759c-18de-4e88-bfc9-cebf1f0f0e32: 22 groups; 0.9 s; peak memory 1286 MiB.
2026-10-05T07:18:35Z INFO [414/900] 3f064586-2103-4c31-abb9-ec48662eb667: 32 groups; 1.1 s; peak memory 1286 MiB.
2026-10-05T07:18:46Z INFO [415/900] 3f065ae0-6839-4574-be9f-ab1a4fe4c1dc: 30 groups; 11.2 s; peak memory 1286 MiB.
2026-10-05T07:18:48Z INFO [416/900] 3f06b7d0-f46c-42a5-afac-61d960306b51: 35 groups; 1.4 s; peak memory 1286 MiB.
2026-10-05T07:18:49Z INFO [417/900] 3f06c56f-4e82-4bee-875c-e454f074e0bf: 32 groups; 0.9 s; peak memory 1286 MiB.
2026-10-05T07:18:50Z INFO [418/900] 3f070dc0-d865-4e0e-ac68-4fd128641286: 22 groups; 0.9 s; peak memory 1286 MiB.
2026-10-05T07:18:50Z INFO [419/900] 3f074c09-fae9-42b4-ac45-7e78107c27d8: 16 groups; 0.6 s; peak memory 1286 MiB.
2026-10-05T07:18:51Z INFO [420/900] 3f07917a-060e-483e-9886-a22a4b57502d: 29 groups; 1.0 s; peak memory 1286 MiB.
2026-10-05T07:18:52Z INFO [421/900] 3f086cc1-62f0-4dd5-bb92-918a3785118a: 22 groups; 0.7 s; peak memory 1286 MiB.
2026-10-05T07:18:53Z INFO [422/900] 3f098368-dc3b-448e-8d02-8754f7e5fdb5: 21 groups; 1.1 s; peak memory 1286 MiB.
2026-10-05T07:18:55Z INFO [423/900] 3f09f5c5-43c5-4831-ad65-54bbdb21e859: 50 groups; 2.3 s; peak memory 1286 MiB.
2026-10-05T07:19:01Z INFO [424/900] 3f0abe23-9ebf-43d5-95a0-158677a12e1d: 66 groups; 5.4 s; peak memory 1286 MiB.
2026-10-05T07:19:02Z INFO [425/900] 3f0bf930-322b-4e3e-9922-aa6faab60712: 32 groups; 1.0 s; peak memory 1286 MiB.
2026-10-05T07:19:09Z INFO [426/900] 3f0bfcc8-71ee-4c38-ab8d-e4634db52ed3: 210 groups; 7.0 s; peak memory 1286 MiB.
2026-10-05T07:19:10Z INFO [427/900] 3f0c2c7d-a35b-4a16-a944-7b1d7f5de81e: 32 groups; 1.2 s; peak memory 1286 MiB.
2026-10-05T07:19:11Z INFO [428/900] 3f0cfa5c-0942-48f3-8365-42c0712ebc37: 30 groups; 0.8 s; peak memory 1286 MiB.
2026-10-05T07:19:12Z INFO [429/900] 3f0d28b3-da53-4d38-91ed-c3905021c536: 195 groups; 1.2 s; peak memory 1286 MiB.
2026-10-05T07:21:38Z INFO [430/900] 3f0d3495-3d64-4fbe-bc84-77a7b77839ce: 68 groups; 145.5 s; peak memory 1286 MiB.
2026-10-05T07:21:41Z INFO [431/900] 3f0d761d-5bb7-4a3e-aa3f-39942fdf1f3d: 121 groups; 3.7 s; peak memory 1286 MiB.
2026-10-05T07:21:43Z INFO [432/900] 3f0d7621-52a0-435a-aa93-65be6454a290: 64 groups; 1.9 s; peak memory 1286 MiB.
2026-10-05T07:22:06Z INFO [433/900] 3f0e7bca-4ab5-4def-a270-f12d931c0c41: 23 groups; 22.7 s; peak memory 1286 MiB.
2026-10-05T07:22:07Z INFO [434/900] 3f0e8b3a-d911-4405-93ed-72e3cdf60c05: 18 groups; 0.7 s; peak memory 1286 MiB.
2026-10-05T07:22:08Z INFO [435/900] 3f0efe5d-7b09-4a98-ab2a-91740d7dcdb4: 22 groups; 1.0 s; peak memory 1286 MiB.
2026-10-05T07:22:09Z INFO [436/900] 3f0fcb73-edb5-47e7-b872-a4a59600c537: 35 groups; 1.6 s; peak memory 1286 MiB.
2026-10-05T07:22:11Z INFO [437/900] 3f10bb30-2843-4cca-83b6-969297c7ae4f: 200 groups; 2.0 s; peak memory 1286 MiB.
2026-10-05T07:22:18Z INFO [438/900] 3f117c66-f953-4c71-939d-b5305334746b: 50 groups; 6.4 s; peak memory 1286 MiB.
2026-10-05T07:22:28Z INFO [439/900] 3f1306ca-3bfd-4ec9-8d55-8ad2e9b0269e: 57 groups; 10.1 s; peak memory 1286 MiB.
2026-10-05T07:22:29Z INFO [440/900] 3f13f7b1-a51a-48b9-885e-d2a3b8902dd1: 32 groups; 1.0 s; peak memory 1286 MiB.
2026-10-05T07:22:30Z INFO [441/900] 3f140ec8-f9db-409f-a647-5985c92e62f6: 33 groups; 1.5 s; peak memory 1286 MiB.
2026-10-05T07:22:35Z INFO [442/900] 3f14d603-209a-4ca5-bb4d-9d92ec6d5030: 47 groups; 5.3 s; peak memory 1286 MiB.
2026-10-05T07:22:36Z INFO [443/900] 3f14f9af-4624-4493-8d46-ba20ed83efc2: 22 groups; 1.0 s; peak memory 1286 MiB.
2026-10-05T07:22:37Z INFO [444/900] 3f161649-7a47-48d3-aab5-99d2cf954fab: 71 groups; 1.1 s; peak memory 1286 MiB.
2026-10-05T07:22:39Z INFO [445/900] 3f162d7c-1a2f-4f47-a926-36e30821eeea: 35 groups; 1.9 s; peak memory 1286 MiB.
2026-10-05T07:22:44Z INFO [446/900] 3f163cd7-3a1e-46dd-990b-21bcdc26567f: 50 groups; 4.4 s; peak memory 1286 MiB.
2026-10-05T07:23:17Z INFO [447/900] 3f16e637-1225-42e6-9f59-fc1bbf9aaacd: 145 groups; 33.2 s; peak memory 1286 MiB.
2026-10-05T07:23:17Z INFO [448/900] 3f17f6f5-cb4b-4e12-a395-2063fa08357f: 16 groups; 0.6 s; peak memory 1286 MiB.
2026-10-05T07:23:25Z INFO [449/900] 3f185d01-0c1a-455c-87e1-ca97b570df1b: 219 groups; 8.0 s; peak memory 1286 MiB.
2026-10-05T07:23:27Z INFO [450/900] 3f18b2bc-ee53-491f-a384-b0b487f82ede: 33 groups; 1.1 s; peak memory 1286 MiB.
2026-10-05T07:23:27Z INFO [450/900] 3f18b2bc-ee53-491f-a384-b0b487f82ede: checkpointed 77386 records.
2026-10-05T07:23:36Z INFO [451/900] 3f18e33f-1bcb-48d3-9b78-8519e50c1a25: 22 groups; 9.7 s; peak memory 1286 MiB.
2026-10-05T07:23:42Z INFO [452/900] 3f18ec4c-6dbb-435c-80d0-ee2a8cd6521c: 66 groups; 5.5 s; peak memory 1286 MiB.
2026-10-05T07:23:43Z INFO [453/900] 3f191405-9bea-48d0-9ebb-1bd3211d24a1: 33 groups; 1.4 s; peak memory 1286 MiB.
2026-10-05T07:23:55Z INFO [454/900] 3f19b2b2-dde4-4f0b-bf3a-f9fee007c367: 2735 groups; 12.1 s; peak memory 1286 MiB.
2026-10-05T07:24:06Z INFO [455/900] 3f19bca0-3a9b-4a0f-b927-3445e16828f3: 299 groups; 10.5 s; peak memory 1286 MiB.
2026-10-05T07:24:07Z INFO [456/900] 3f1af0bd-62a2-4406-8ce3-9c6465e885fc: 336 groups; 1.4 s; peak memory 1286 MiB.
2026-10-05T07:24:17Z INFO [457/900] 3f1b3653-b84d-4730-8cd4-afd683037636: 249 groups; 9.4 s; peak memory 1286 MiB.
2026-10-05T07:24:17Z INFO [458/900] 3f1b9e70-9afc-4d82-b378-d39e67c2ed7e: 22 groups; 0.8 s; peak memory 1286 MiB.
2026-10-05T07:24:18Z INFO [459/900] 3f1bbe92-5cb0-4ac0-8989-6938b49f6041: 33 groups; 0.9 s; peak memory 1286 MiB.
2026-10-05T07:24:20Z INFO [460/900] 3f1cb9ac-9022-4ee6-9067-a0ec57645856: 336 groups; 2.1 s; peak memory 1286 MiB.
2026-10-05T07:24:21Z INFO [461/900] 3f1cdc44-6058-4128-ade5-0af61ae09408: 32 groups; 1.0 s; peak memory 1286 MiB.
2026-10-05T07:24:23Z INFO [462/900] 3f1ce467-18bf-4445-8598-709f74045979: 337 groups; 1.3 s; peak memory 1286 MiB.
2026-10-05T07:24:26Z INFO [463/900] 3f1dbb45-bc17-408d-9dc3-be9446d89a95: 181 groups; 3.6 s; peak memory 1286 MiB.
2026-10-05T07:24:28Z INFO [464/900] 3f1e0c05-3b74-4dff-a999-f48aae27c056: 194 groups; 1.9 s; peak memory 1286 MiB.
2026-10-05T07:24:31Z INFO [465/900] 3f1e60b0-0d58-4291-9a58-47f0b36a7e71: 34 groups; 2.3 s; peak memory 1286 MiB.
2026-10-05T07:24:31Z INFO [466/900] 3f1e7bd7-d73d-404e-b3d0-aebbd216532d: 20 groups; 0.9 s; peak memory 1286 MiB.
2026-10-05T07:24:33Z INFO [467/900] 3f1e7db3-81b0-4968-b7c7-4924e22adacc: 207 groups; 1.3 s; peak memory 1286 MiB.
2026-10-05T07:24:34Z INFO [468/900] 3f208125-fabe-47ff-9e6e-cc44c7cc63cf: 24 groups; 0.8 s; peak memory 1286 MiB.
2026-10-05T07:24:34Z INFO [469/900] 3f209a48-9cd8-4424-baa9-5f37c598f003: 25 groups; 0.9 s; peak memory 1286 MiB.
2026-10-05T07:24:39Z INFO [470/900] 3f20f655-a981-4809-9e0f-6760348ff7cd: 78 groups; 4.6 s; peak memory 1286 MiB.
2026-10-05T07:24:40Z INFO [471/900] 3f210137-c40f-4803-8122-644e2e2005f2: 22 groups; 0.8 s; peak memory 1286 MiB.
2026-10-05T07:24:41Z INFO [472/900] 3f212d96-9173-405c-8bb1-2b363e82715d: 33 groups; 1.3 s; peak memory 1286 MiB.
2026-10-05T07:28:47Z INFO [473/900] 3f2134ec-ab8c-4d79-95d2-445b55e0eb6a: 93 groups; 245.7 s; peak memory 1286 MiB.
2026-10-05T07:28:48Z INFO [474/900] 3f221fe5-4284-42ab-9e8b-7d1e70ea2d27: 32 groups; 1.1 s; peak memory 1286 MiB.
2026-10-05T07:28:49Z INFO [475/900] 3f2232f9-5095-476f-a210-87ef56aa17bb: 22 groups; 0.9 s; peak memory 1286 MiB.
2026-10-05T07:28:52Z INFO [476/900] 3f228e96-1b5f-4d8c-ad2f-db9757a44c7f: 50 groups; 2.8 s; peak memory 1286 MiB.
2026-10-05T07:28:53Z INFO [477/900] 3f233c3c-48db-4254-b1fa-3f3c2f830c04: 22 groups; 0.9 s; peak memory 1286 MiB.
2026-10-05T07:28:59Z INFO [478/900] 3f247f5d-a674-4a78-8577-59f4dced44de: 142 groups; 6.2 s; peak memory 1286 MiB.
2026-10-05T07:29:02Z INFO [479/900] 3f258e38-7a5d-4e91-9dbc-8d92d081d4ea: 231 groups; 3.1 s; peak memory 1286 MiB.
2026-10-05T07:29:14Z INFO [480/900] 3f26bc60-70a8-4433-b660-8aad89a46269: 257 groups; 11.9 s; peak memory 1286 MiB.
2026-10-05T07:29:15Z INFO [481/900] 3f2798e4-d887-4ee9-bd99-65043156cb3d: 49 groups; 1.4 s; peak memory 1286 MiB.
2026-10-05T07:29:16Z INFO [482/900] 3f27adfb-38be-4adc-b84c-878b4413f659: 22 groups; 1.1 s; peak memory 1286 MiB.
2026-10-05T07:29:22Z INFO [483/900] 3f2883f5-dde5-45b4-831c-af0876a4429f: 181 groups; 5.5 s; peak memory 1286 MiB.
2026-10-05T07:29:45Z INFO [484/900] 3f295d3e-9b8b-4915-8a4f-e91fdcf6a081: 23 groups; 23.1 s; peak memory 1286 MiB.
2026-10-05T07:29:49Z INFO [485/900] 3f2b522d-8023-4a15-8624-4af94cee84a6: 71 groups; 4.1 s; peak memory 1286 MiB.
2026-10-05T07:29:50Z INFO [486/900] 3f2b55b4-4521-4a53-bfbb-05531d040589: 22 groups; 0.9 s; peak memory 1286 MiB.
2026-10-05T07:29:51Z INFO [487/900] 3f2e7008-507b-49c2-beda-9a81c8068438: 203 groups; 1.2 s; peak memory 1286 MiB.
2026-10-05T07:29:53Z INFO [488/900] 3f2fa5a2-501e-4ab7-84b2-826636545109: 33 groups; 1.6 s; peak memory 1286 MiB.
2026-10-05T07:29:55Z INFO [489/900] 3f2fcbbc-ebf5-4d62-80e0-510b17088994: 54 groups; 2.2 s; peak memory 1286 MiB.
2026-10-05T07:29:56Z INFO [490/900] 3f2fd7d9-98a1-4db5-a7da-6a4412a61660: 36 groups; 1.1 s; peak memory 1286 MiB.
2026-10-05T07:29:57Z INFO [491/900] 3f306d0f-1a83-4e8e-9bb7-15e640beb886: 32 groups; 1.3 s; peak memory 1286 MiB.
2026-10-05T07:29:59Z INFO [492/900] 3f32058e-0b57-47cd-aee3-fb43c86f6749: 17 groups; 1.4 s; peak memory 1286 MiB.
2026-10-05T07:30:00Z INFO [493/900] 3f32058f-cfd9-40af-9bb5-25c1f0ea0f21: 202 groups; 1.5 s; peak memory 1286 MiB.
2026-10-05T07:30:01Z INFO [494/900] 3f329f85-8e86-4694-abe2-6a9a87cdba31: 16 groups; 0.8 s; peak memory 1286 MiB.
2026-10-05T07:30:11Z INFO [495/900] 3f32f2f5-3f8d-43ba-a725-3f2f5203221b: 240 groups; 9.8 s; peak memory 1286 MiB.
2026-10-05T07:30:19Z INFO [496/900] 3f330a5c-aa80-467e-9581-e2e1b46807cb: 58 groups; 7.8 s; peak memory 1286 MiB.
2026-10-05T07:30:19Z INFO [497/900] 3f331b76-d20b-4e80-b223-c18d14709872: 30 groups; 0.7 s; peak memory 1286 MiB.
2026-10-05T07:30:20Z INFO [498/900] 3f336034-bf77-4b22-babd-d38823767ea6: 22 groups; 1.0 s; peak memory 1286 MiB.
2026-10-05T07:30:27Z INFO [499/900] 3f34b32d-b179-4800-89e7-88208644e69a: 68 groups; 6.8 s; peak memory 1286 MiB.
2026-10-05T07:30:28Z INFO [500/900] 3f356b2b-bfc6-4619-86de-405165bd804d: 22 groups; 0.8 s; peak memory 1286 MiB.
2026-10-05T07:30:28Z INFO [500/900] 3f356b2b-bfc6-4619-86de-405165bd804d: checkpointed 77436 records.
2026-10-05T07:30:29Z INFO [501/900] 3f35a6f3-a12f-4c13-9253-e064c189059a: 35 groups; 1.2 s; peak memory 1286 MiB.
2026-10-05T07:30:30Z INFO [502/900] 3f35ced4-d80a-4fff-841e-3357fc34a66b: 32 groups; 1.0 s; peak memory 1286 MiB.
2026-10-05T07:30:32Z INFO [503/900] 3f364b1b-20e2-4966-8162-efcc359080e8: 17 groups; 1.9 s; peak memory 1286 MiB.
2026-10-05T07:30:33Z INFO [504/900] 3f371ba1-8727-49f8-be24-f041e2079119: 28 groups; 0.8 s; peak memory 1286 MiB.
2026-10-05T07:30:34Z INFO [505/900] 3f376046-ac96-43d3-b78f-bb55b8d1b9af: 32 groups; 1.0 s; peak memory 1286 MiB.
2026-10-05T07:30:35Z INFO [506/900] 3f377635-486e-4b06-bbbf-e2e6ff91eb35: 201 groups; 1.2 s; peak memory 1286 MiB.
2026-10-05T07:30:36Z INFO [507/900] 3f38ce75-7bd5-4c2e-a8ff-0996a7300a65: 22 groups; 1.0 s; peak memory 1286 MiB.
2026-10-05T07:30:37Z INFO [508/900] 3f39a558-fa72-4bf2-9b83-683c6b3dc842: 30 groups; 0.7 s; peak memory 1286 MiB.
2026-10-05T07:30:44Z INFO [509/900] 3f39f678-b380-4cad-a767-2db597c7a0d3: 212 groups; 7.2 s; peak memory 1286 MiB.
2026-10-05T07:30:45Z INFO [510/900] 3f3ad28c-a994-410c-b1d4-70bfe0fcc53f: 32 groups; 1.1 s; peak memory 1286 MiB.
2026-10-05T07:30:47Z INFO [511/900] 3f3b09ce-7c88-4ff5-807e-b70cfbd50e9b: 199 groups; 1.4 s; peak memory 1286 MiB.
2026-10-05T07:30:51Z INFO [512/900] 3f3b3217-6b4e-4dfe-9c3c-51ca448a0bc7: 127 groups; 4.4 s; peak memory 1286 MiB.
2026-10-05T07:30:52Z INFO [513/900] 3f3c0a40-78a3-4c1e-90c3-4f825563f3fb: 33 groups; 1.2 s; peak memory 1286 MiB.
2026-10-05T07:31:02Z INFO [514/900] 3f3c545f-fe1b-4dc3-ad2e-935d2df157ce: 195 groups; 9.6 s; peak memory 1286 MiB.
2026-10-05T07:31:03Z INFO [515/900] 3f3e07d6-597f-4d2a-8674-424fae7b192e: 195 groups; 1.3 s; peak memory 1286 MiB.
2026-10-05T07:31:04Z INFO [516/900] 3f3e4b48-35f9-4023-a76b-b0047938d110: 22 groups; 0.9 s; peak memory 1286 MiB.
2026-10-05T07:31:05Z INFO [517/900] 3f3eee3b-eb0f-4ce0-996e-6ed78c527d22: 35 groups; 1.1 s; peak memory 1286 MiB.
2026-10-05T07:31:06Z INFO [518/900] 3f40466f-ecaf-41e0-bf9b-74e5559df851: 22 groups; 0.7 s; peak memory 1286 MiB.
2026-10-05T07:31:07Z INFO [519/900] 3f415689-1764-4473-9080-160cd5f36951: 22 groups; 0.9 s; peak memory 1286 MiB.
2026-10-05T07:32:25Z INFO [520/900] 3f417e86-49cf-413e-acee-56fb19db95f6: 33 groups; 78.3 s; peak memory 1286 MiB.
2026-10-05T07:32:27Z INFO [521/900] 3f41a40c-7c5d-48a0-afe3-40758b2df207: 201 groups; 1.5 s; peak memory 1286 MiB.
2026-10-05T07:32:29Z INFO [522/900] 3f41c661-dad4-4c97-bd17-a4748adfcac6: 17 groups; 1.8 s; peak memory 1286 MiB.
2026-10-05T07:32:30Z INFO [523/900] 3f423e4b-cecc-45d8-a1b5-3361121f1660: 35 groups; 1.1 s; peak memory 1286 MiB.
2026-10-05T07:32:31Z INFO [524/900] 3f42b9be-4e8e-4aea-8f19-1b6bb78fd61d: 336 groups; 1.6 s; peak memory 1286 MiB.
2026-10-05T07:32:32Z INFO [525/900] 3f42d282-bd78-4e36-82a2-6dcc6894933b: 71 groups; 1.1 s; peak memory 1286 MiB.
2026-10-05T07:32:33Z INFO [526/900] 3f4364fc-c932-4d9d-95e3-70870386eead: 16 groups; 0.6 s; peak memory 1286 MiB.
2026-10-05T07:32:34Z INFO [527/900] 3f439e0d-1879-440b-a4c2-020d1d4865ff: 32 groups; 1.2 s; peak memory 1286 MiB.
2026-10-05T07:32:35Z INFO [528/900] 3f43cf16-c9db-4073-95fb-9cc7e662d713: 31 groups; 0.8 s; peak memory 1286 MiB.
2026-10-05T07:32:36Z INFO [529/900] 3f442ac6-7d18-4f16-a8ab-49ddef28b4f9: 194 groups; 1.2 s; peak memory 1286 MiB.
2026-10-05T07:32:37Z INFO [530/900] 3f44a803-7c3a-4f74-9243-3c6a7d49f9e7: 22 groups; 1.0 s; peak memory 1286 MiB.
2026-10-05T07:32:38Z INFO [531/900] 3f44b6f5-b056-451a-a7ef-25ae2909c237: 25 groups; 1.1 s; peak memory 1286 MiB.
2026-10-05T07:32:39Z INFO [532/900] 3f44f55c-4907-4fc5-a6b8-a10481bffd62: 42 groups; 1.1 s; peak memory 1286 MiB.
2026-10-05T07:32:40Z INFO [533/900] 3f450e69-bc38-4da0-80cf-7af61dbc4872: 16 groups; 0.6 s; peak memory 1286 MiB.
2026-10-05T07:32:41Z INFO [534/900] 3f455be3-ea4f-4c5e-8826-0f867c522adb: 35 groups; 1.4 s; peak memory 1286 MiB.
2026-10-05T07:32:55Z INFO [535/900] 3f45db4b-83b6-4416-826a-ef1030c86e2b: 28 groups; 13.2 s; peak memory 1286 MiB.
2026-10-05T07:32:59Z INFO [536/900] 3f47227d-4739-493a-a7dd-91ede85fffbb: 40 groups; 4.3 s; peak memory 1286 MiB.
2026-10-05T07:33:00Z INFO [537/900] 3f4734b1-14fb-4e1a-896f-888771d41318: 32 groups; 0.8 s; peak memory 1286 MiB.
2026-10-05T07:33:01Z INFO [538/900] 3f479699-6379-44df-9ee0-3479bdcff993: 32 groups; 1.1 s; peak memory 1286 MiB.
2026-10-05T07:33:01Z INFO [539/900] 3f47a697-7ed4-491a-8cda-37225e86936c: 25 groups; 0.9 s; peak memory 1286 MiB.
2026-10-05T07:33:03Z INFO [540/900] 3f47b4a5-502d-4bf5-8618-a3450d338901: 22 groups; 1.0 s; peak memory 1286 MiB.
2026-10-05T07:33:04Z INFO [541/900] 3f48bd88-7ca6-4d79-b383-c64ed159e06d: 35 groups; 1.3 s; peak memory 1286 MiB.
2026-10-05T07:33:16Z INFO [542/900] 3f48c20e-c746-4748-8a71-704316f44bc7: 213 groups; 12.7 s; peak memory 1286 MiB.
2026-10-05T07:33:18Z INFO [543/900] 3f491dd6-7a0c-4552-b718-a24ddc5bc29c: 35 groups; 1.2 s; peak memory 1286 MiB.
2026-10-05T07:33:23Z INFO [544/900] 3f49266c-d2d4-4033-8b99-4cf4f0fb646f: 66 groups; 5.3 s; peak memory 1286 MiB.
2026-10-05T07:33:24Z INFO [545/900] 3f49554a-a5bb-4ae2-80b4-c33299ba6a7b: 25 groups; 1.2 s; peak memory 1286 MiB.
2026-10-05T07:33:25Z INFO [546/900] 3f49adf3-a657-4323-a938-713cb50e99fa: 25 groups; 1.0 s; peak memory 1286 MiB.
2026-10-05T07:33:26Z INFO [547/900] 3f49d1ed-fa20-472b-9d1a-ff9b26995944: 31 groups; 0.8 s; peak memory 1286 MiB.
2026-10-05T07:33:28Z INFO [548/900] 3f49d660-7642-414d-b363-153849110115: 48 groups; 1.8 s; peak memory 1286 MiB.
2026-10-05T07:33:29Z INFO [549/900] 3f4aaf1e-22a2-4b4c-a01b-a8e4e6cfac3e: 22 groups; 0.8 s; peak memory 1286 MiB.
2026-10-05T07:33:30Z INFO [550/900] 3f4ac16f-837c-4f70-8efa-b028273bed64: 22 groups; 0.9 s; peak memory 1286 MiB.
2026-10-05T07:33:30Z INFO [550/900] 3f4ac16f-837c-4f70-8efa-b028273bed64: checkpointed 77486 records.
2026-10-05T07:33:31Z INFO [551/900] 3f4c8ad9-6cd1-401d-a949-dea0811608e4: 25 groups; 0.9 s; peak memory 1286 MiB.
2026-10-05T07:33:32Z INFO [552/900] 3f4cd382-aa38-4bf0-89c8-68af4eed5216: 22 groups; 1.0 s; peak memory 1286 MiB.
2026-10-05T07:33:36Z INFO [553/900] 3f4d3053-c3df-45c0-85f1-816054997643: 122 groups; 4.6 s; peak memory 1286 MiB.
2026-10-05T07:33:37Z INFO [554/900] 3f4d3795-e48b-429e-951f-91f3f3ba077f: 22 groups; 1.0 s; peak memory 1286 MiB.
2026-10-05T07:34:33Z INFO [555/900] 3f4e2819-6359-4610-be64-106d8d20948d: 2600 groups; 56.2 s; peak memory 1286 MiB.
2026-10-05T07:34:35Z INFO [556/900] 3f4e8807-3783-4075-a933-0dcab78c18f0: 22 groups; 1.2 s; peak memory 1286 MiB.
2026-10-05T07:34:38Z INFO [557/900] 3f4f63e5-0b75-4134-bd62-a68ae032f4b0: 30 groups; 2.9 s; peak memory 1286 MiB.
2026-10-05T07:34:38Z INFO [558/900] 3f506a48-496b-43c3-b42c-a4b5534f3927: 22 groups; 0.9 s; peak memory 1286 MiB.
2026-10-05T07:34:40Z INFO [559/900] 3f513e0d-3d65-40f9-9d7d-e648c5ad829f: 29 groups; 1.4 s; peak memory 1286 MiB.
2026-10-05T07:34:41Z INFO [560/900] 3f520ad7-b81a-4182-8005-a38723c28115: 32 groups; 1.1 s; peak memory 1286 MiB.
2026-10-05T07:34:47Z INFO [561/900] 3f52f157-b2b8-4f8d-a3a1-5dc9199dd420: 67 groups; 6.1 s; peak memory 1286 MiB.
2026-10-05T07:34:48Z INFO [562/900] 3f53c31b-0126-4aaf-b3a8-d3fcb264de77: 32 groups; 1.3 s; peak memory 1286 MiB.
2026-10-05T07:34:49Z INFO [563/900] 3f54200f-23cd-4cf6-afa6-42a92db5d466: 35 groups; 1.2 s; peak memory 1286 MiB.
2026-10-05T07:34:50Z INFO [564/900] 3f5425ce-fbfe-4b1e-9e7a-54efcd71fc6c: 35 groups; 0.9 s; peak memory 1286 MiB.
2026-10-05T07:34:51Z INFO [565/900] 3f559418-fe13-4603-891a-7bc24c5a6b22: 196 groups; 1.1 s; peak memory 1286 MiB.
2026-10-05T07:34:53Z INFO [566/900] 3f55bf06-7eb1-4550-98ae-cd91796a3949: 35 groups; 1.1 s; peak memory 1286 MiB.
2026-10-05T07:39:33Z INFO [567/900] 3f567df9-b6b8-4157-9187-6655c682e9df: 72 groups; 280.0 s; peak memory 1286 MiB.
2026-10-05T07:39:34Z INFO [568/900] 3f575c0a-ab64-47a3-aa4c-dd6d85aa9b40: 22 groups; 1.0 s; peak memory 1286 MiB.
2026-10-05T07:39:35Z INFO [569/900] 3f57fe55-24a4-447f-a816-b000120c57e6: 26 groups; 0.9 s; peak memory 1286 MiB.
2026-10-05T07:39:36Z INFO [570/900] 3f58c6b7-585e-45d1-aa3f-509a90a4aab6: 32 groups; 1.2 s; peak memory 1286 MiB.
2026-10-05T07:39:40Z INFO [571/900] 3f592f28-c986-42bb-b084-41df88c2a8ae: 78 groups; 4.7 s; peak memory 1286 MiB.
2026-10-05T07:39:42Z INFO [572/900] 3f59413d-e187-4e63-bfad-77bbbad29b7f: 341 groups; 1.8 s; peak memory 1286 MiB.
2026-10-05T07:39:44Z INFO [573/900] 3f594924-42f8-4391-8bde-a20911e99d4e: 36 groups; 1.3 s; peak memory 1286 MiB.
2026-10-05T07:39:44Z INFO [574/900] 3f59bdce-55dd-4c9d-803b-47e6d41d68dd: 22 groups; 0.9 s; peak memory 1286 MiB.
2026-10-05T07:39:53Z INFO [575/900] 3f59ebc4-ff16-40f3-a7b2-775781d0472e: 163 groups; 8.6 s; peak memory 1286 MiB.
2026-10-05T07:39:55Z INFO [576/900] 3f5bfced-311f-46b6-8dcc-7785a0c8753e: 336 groups; 1.5 s; peak memory 1286 MiB.
2026-10-05T07:39:55Z INFO [577/900] 3f5c274a-1df5-4734-8340-c5ea261b0b78: 32 groups; 0.8 s; peak memory 1286 MiB.
2026-10-05T07:39:56Z INFO [578/900] 3f5cb855-450d-4ad4-aa23-d8e3b8bca755: 31 groups; 0.7 s; peak memory 1286 MiB.
2026-10-05T07:41:13Z INFO [579/900] 3f5d0394-2465-4586-a6e4-632f4985b7f6: 33 groups; 77.0 s; peak memory 1286 MiB.
2026-10-05T07:41:14Z INFO [580/900] 3f5de459-8033-4f61-893d-4866e49c5d51: 22 groups; 0.9 s; peak memory 1286 MiB.
2026-10-05T07:41:15Z INFO [581/900] 3f5e521d-8018-4858-b9e3-c779db2beb05: 18 groups; 0.9 s; peak memory 1286 MiB.
2026-10-05T07:41:16Z INFO [582/900] 3f5e67be-692c-43f1-84dd-1f5029514c4b: 253 groups; 1.1 s; peak memory 1286 MiB.
2026-10-05T07:41:17Z INFO [583/900] 3f5e713e-e6da-4efd-a7a0-e53fda29e3c3: 32 groups; 1.2 s; peak memory 1286 MiB.
2026-10-05T07:41:19Z INFO [584/900] 3f5eb7c2-621e-4c15-b705-a8f45556e8a1: 200 groups; 1.4 s; peak memory 1286 MiB.
2026-10-05T07:41:20Z INFO [585/900] 3f602bef-7689-4f56-b1d1-eb6e6c89f6f1: 33 groups; 0.9 s; peak memory 1286 MiB.
2026-10-05T07:41:27Z INFO [586/900] 3f60be41-8a24-42cf-9a4c-6aa10fcda5db: 215 groups; 7.6 s; peak memory 1286 MiB.
2026-10-05T07:41:31Z INFO [587/900] 3f610823-ed76-4fbd-8cc9-46a5bcc7ebbb: 125 groups; 3.5 s; peak memory 1286 MiB.
2026-10-05T07:41:32Z INFO [588/900] 3f6290b5-6344-4b68-b1df-f6b1b0136315: 22 groups; 1.0 s; peak memory 1286 MiB.
2026-10-05T07:41:33Z INFO [589/900] 3f629867-a13f-4a1d-b4e7-8c00cb9ebd3d: 207 groups; 1.4 s; peak memory 1286 MiB.
2026-10-05T07:41:34Z INFO [590/900] 3f631026-ada6-4397-bf69-7cfa40a89728: 32 groups; 1.2 s; peak memory 1286 MiB.
2026-10-05T07:41:35Z INFO [591/900] 3f63d2d8-d973-4179-a55e-22be47ff3d17: 31 groups; 0.7 s; peak memory 1286 MiB.
2026-10-05T07:41:36Z INFO [592/900] 3f657ef0-ab58-4d71-b367-d73103fee35e: 22 groups; 1.1 s; peak memory 1286 MiB.
2026-10-05T07:41:47Z INFO [593/900] 3f66006c-2baf-4b42-aa40-b4a2eb77ac2c: 315 groups; 11.2 s; peak memory 1286 MiB.
2026-10-05T07:44:09Z INFO [594/900] 3f6621ac-364d-43aa-b456-d786a229f802: 60 groups; 141.9 s; peak memory 1286 MiB.
2026-10-05T07:44:12Z INFO [595/900] 3f6635c6-083f-49ef-95f6-d195d643b1d7: 47 groups; 2.7 s; peak memory 1286 MiB.
2026-10-05T07:44:13Z INFO [596/900] 3f668912-e114-4511-9892-0ea57c061e0d: 87 groups; 1.2 s; peak memory 1286 MiB.
2026-10-05T07:44:15Z INFO [597/900] 3f66fc61-183f-48b3-a1be-f91a8724a97d: 201 groups; 2.3 s; peak memory 1286 MiB.
2026-10-05T07:44:17Z INFO [598/900] 3f673a97-1ac3-47cc-a4af-d21528c67613: 29 groups; 1.4 s; peak memory 1286 MiB.
2026-10-05T07:44:30Z INFO [599/900] 3f6833e5-f5f1-40ab-943b-37c336be0808: 22 groups; 13.1 s; peak memory 1286 MiB.
2026-10-05T07:44:32Z INFO [600/900] 3f68b95b-899a-4a81-b4ab-caea7eb2a43e: 200 groups; 1.9 s; peak memory 1286 MiB.
2026-10-05T07:44:32Z INFO [600/900] 3f68b95b-899a-4a81-b4ab-caea7eb2a43e: checkpointed 77536 records.
2026-10-05T07:44:33Z INFO [601/900] 3f68d150-d78a-471d-ac7a-350a1b21021a: 35 groups; 1.4 s; peak memory 1286 MiB.
2026-10-05T07:44:40Z INFO [602/900] 3f6a103f-6cc6-49b8-b171-bcecbb7d900d: 191 groups; 6.6 s; peak memory 1286 MiB.
2026-10-05T07:44:41Z INFO [603/900] 3f6a5dcb-f6e5-47d8-869e-d170ccba27b6: 200 groups; 1.2 s; peak memory 1286 MiB.
2026-10-05T07:44:44Z INFO [604/900] 3f6a9f17-28a3-4aa9-9a52-f4cf7c9848dc: 48 groups; 2.6 s; peak memory 1286 MiB.
2026-10-05T07:44:44Z INFO [605/900] 3f6b2e4a-d3ef-4915-b601-9c461e8e2897: 32 groups; 0.9 s; peak memory 1286 MiB.
2026-10-05T07:44:49Z INFO [606/900] 3f6b7a4c-d905-456d-b08d-9bce0f4d80b3: 191 groups; 5.0 s; peak memory 1286 MiB.
2026-10-05T07:45:02Z INFO [607/900] 3f6bb7c7-9964-469d-a2f6-813808e42330: 590 groups; 12.4 s; peak memory 1286 MiB.
2026-10-05T07:45:03Z INFO [608/900] 3f6d55f3-0869-468b-8372-4bff06177928: 42 groups; 1.2 s; peak memory 1286 MiB.
2026-10-05T07:45:04Z INFO [609/900] 3f6d7012-6f4c-419b-9139-5a518b24bec0: 194 groups; 1.3 s; peak memory 1286 MiB.
2026-10-05T07:45:08Z INFO [610/900] 3f6d7a44-038f-468f-b6a4-eb929a7f986b: 130 groups; 3.5 s; peak memory 1286 MiB.
2026-10-05T07:45:09Z INFO [611/900] 3f6e543b-600e-42c0-9d35-9105731c8c0c: 32 groups; 0.9 s; peak memory 1286 MiB.
2026-10-05T07:45:12Z INFO [612/900] 3f6e615d-2dee-4553-a185-902a99c40f7c: 57 groups; 3.2 s; peak memory 1286 MiB.
2026-10-05T07:45:13Z INFO [613/900] 3f6f0a27-e651-4037-8de2-97d17c1cbb7e: 26 groups; 0.9 s; peak memory 1286 MiB.
2026-10-05T07:45:14Z INFO [614/900] 3f6fff33-d883-43f0-a7d6-a997209abaa2: 28 groups; 0.8 s; peak memory 1286 MiB.
2026-10-05T07:45:15Z INFO [615/900] 3f70685c-a967-4af8-81cb-24df56c03db5: 35 groups; 1.4 s; peak memory 1286 MiB.
2026-10-05T07:45:17Z INFO [616/900] 3f70a38e-1929-4a8e-92e5-8e2aaa416c77: 36 groups; 1.8 s; peak memory 1286 MiB.
2026-10-05T07:45:18Z INFO [617/900] 3f71480d-0ade-4f41-8c86-85855ed311cf: 32 groups; 1.0 s; peak memory 1286 MiB.
2026-10-05T07:45:19Z INFO [618/900] 3f7180cc-7340-4296-8adc-2edbd91945a2: 32 groups; 1.1 s; peak memory 1286 MiB.
2026-10-05T07:45:20Z INFO [619/900] 3f71a0b3-68f8-47dd-afe8-8973eb24269e: 30 groups; 0.9 s; peak memory 1286 MiB.
2026-10-05T07:45:22Z INFO [620/900] 3f732027-ba50-4b1f-992e-e1a925f1e8a0: 577 groups; 2.1 s; peak memory 1286 MiB.
2026-10-05T07:45:33Z INFO [621/900] 3f736eb1-2049-41a5-959e-be04c459a4ed: 28 groups; 10.8 s; peak memory 1286 MiB.
2026-10-05T07:45:34Z INFO [622/900] 3f741e63-c815-451d-9f4a-8a8a0b48c564: 22 groups; 0.8 s; peak memory 1286 MiB.
2026-10-05T07:45:35Z INFO [623/900] 3f743426-65ae-4474-b56a-8cc26f77861a: 32 groups; 1.0 s; peak memory 1286 MiB.
2026-10-05T07:45:36Z INFO [624/900] 3f766342-203e-4fbc-a559-5f104a930c1d: 336 groups; 1.4 s; peak memory 1286 MiB.
2026-10-05T07:45:37Z INFO [625/900] 3f767ae5-1824-42b7-8060-a2ada5330753: 32 groups; 1.0 s; peak memory 1286 MiB.
2026-10-05T07:45:41Z INFO [626/900] 3f76a9bf-06ce-4450-b662-653cf134ff40: 37 groups; 3.8 s; peak memory 1286 MiB.
2026-10-05T07:45:45Z INFO [627/900] 3f7712f6-d06e-40c8-a69c-165b5061e29f: 73 groups; 4.1 s; peak memory 1286 MiB.
2026-10-05T07:45:46Z INFO [628/900] 3f776c6d-6d0d-459b-a26c-12a1b9ac6f7a: 22 groups; 0.8 s; peak memory 1286 MiB.
2026-10-05T07:45:47Z INFO [629/900] 3f78070c-c65f-4f5f-a014-a1225df6c535: 36 groups; 1.4 s; peak memory 1286 MiB.
2026-10-05T07:45:48Z INFO [630/900] 3f78b50d-2f44-4028-ac7a-ef00a8b19fba: 194 groups; 1.4 s; peak memory 1286 MiB.
2026-10-05T07:45:57Z INFO [631/900] 3f78e88e-02d1-4ba8-ac54-17da3004f98a: 49 groups; 8.1 s; peak memory 1286 MiB.
2026-10-05T07:46:07Z INFO [632/900] 3f7988b3-84e9-4ba6-91fa-6382179e381c: 220 groups; 10.1 s; peak memory 1286 MiB.
2026-10-05T07:46:07Z INFO [633/900] 3f7aa65c-4352-4411-8d1e-69563af331fc: 22 groups; 0.8 s; peak memory 1286 MiB.
2026-10-05T07:46:08Z INFO [634/900] 3f7aedcc-2b54-4517-b43a-0b719818ff9c: 22 groups; 0.8 s; peak memory 1286 MiB.
2026-10-05T07:46:09Z INFO [635/900] 3f7b88c1-90c5-41d1-b322-49b7b8195a70: 32 groups; 1.0 s; peak memory 1286 MiB.
2026-10-05T07:46:10Z INFO [636/900] 3f7bc427-8cd6-4d18-85d9-4af6f0fdeb3a: 32 groups; 1.1 s; peak memory 1286 MiB.
2026-10-05T07:46:11Z INFO [637/900] 3f7bf0c9-0975-41d2-8cc1-70309fc3cfb7: 30 groups; 0.7 s; peak memory 1286 MiB.
2026-10-05T07:46:12Z INFO [638/900] 3f7bf29a-0e4f-49b8-a4f8-ac58a5f848ab: 34 groups; 1.3 s; peak memory 1286 MiB.
2026-10-05T07:46:14Z INFO [639/900] 3f7c1000-2d24-43ee-bd0d-4532ea08ed7e: 35 groups; 1.4 s; peak memory 1286 MiB.
2026-10-05T07:47:06Z INFO [640/900] 3f7d77e0-17ef-441b-8bec-182c11478de3: 732 groups; 52.8 s; peak memory 1286 MiB.
2026-10-05T07:51:10Z INFO [641/900] 3f7da8e9-8284-4983-86f5-5c82e93d1640: 81 groups; 243.5 s; peak memory 1286 MiB.
2026-10-05T07:51:14Z INFO [642/900] 3f7db5c9-e069-4cf9-8f9a-61815a8df850: 97 groups; 4.2 s; peak memory 1286 MiB.
2026-10-05T07:51:15Z INFO [643/900] 3f7eda3f-bd48-4484-903d-9f2d9d914d60: 32 groups; 1.1 s; peak memory 1286 MiB.
2026-10-05T07:51:17Z INFO [644/900] 3f7eecde-32ce-4fcb-8229-922c7a20e041: 42 groups; 1.3 s; peak memory 1286 MiB.
2026-10-05T07:51:18Z INFO [645/900] 3f7f0874-8466-48aa-bead-eb753ff6e3c6: 25 groups; 1.1 s; peak memory 1286 MiB.
2026-10-05T07:51:21Z INFO [646/900] 3f7fb5a7-1e5d-4a3c-bb4a-389e03a4ee92: 63 groups; 3.8 s; peak memory 1286 MiB.
2026-10-05T07:51:22Z INFO [647/900] 3f7ff3c5-7f25-4254-a11b-f3f4cb4490c0: 25 groups; 0.9 s; peak memory 1286 MiB.
2026-10-05T07:51:25Z INFO [648/900] 3f806e20-46a4-4415-9ab9-e82f1d1389c6: 54 groups; 2.3 s; peak memory 1286 MiB.
2026-10-05T07:51:26Z INFO [649/900] 3f80c32c-5230-4d49-b285-9c4167cd6e73: 36 groups; 1.4 s; peak memory 1286 MiB.
2026-10-05T07:51:31Z INFO [650/900] 3f80fd0e-d05f-4191-b961-414a771cedf2: 128 groups; 5.4 s; peak memory 1286 MiB.
2026-10-05T07:51:32Z INFO [650/900] 3f80fd0e-d05f-4191-b961-414a771cedf2: checkpointed 77586 records.
2026-10-05T07:51:34Z INFO [651/900] 3f816952-f066-4a2a-af76-30657f620c67: 17 groups; 1.9 s; peak memory 1286 MiB.
2026-10-05T07:51:35Z INFO [652/900] 3f82519b-5cc9-4aca-b589-1fd7ce6943bb: 33 groups; 1.1 s; peak memory 1286 MiB.
2026-10-05T07:51:36Z INFO [653/900] 3f8383b8-8028-4c1f-bd67-a977d6295373: 207 groups; 1.7 s; peak memory 1286 MiB.
2026-10-05T07:51:37Z INFO [654/900] 3f868e51-cb5e-4a7f-a29f-b218be494371: 33 groups; 0.8 s; peak memory 1286 MiB.
2026-10-05T07:51:38Z INFO [655/900] 3f868ffe-77ea-4db6-8610-f843cd4cc631: 32 groups; 1.0 s; peak memory 1286 MiB.
2026-10-05T07:51:39Z INFO [656/900] 3f86b236-438a-42f5-89f4-687a3d342018: 31 groups; 1.2 s; peak memory 1286 MiB.
2026-10-05T07:51:40Z INFO [657/900] 3f872a56-880e-4895-be4b-515e638c9c8b: 25 groups; 0.9 s; peak memory 1286 MiB.
2026-10-05T07:53:40Z INFO [658/900] 3f874bc6-613d-4e33-853d-b24e2a8b11fd: 71 groups; 119.4 s; peak memory 1286 MiB.
2026-10-05T07:53:41Z INFO [659/900] 3f881859-4941-4fe3-9ddb-ab439ba425e4: 48 groups; 1.8 s; peak memory 1286 MiB.
2026-10-05T07:53:51Z INFO [660/900] 3f8996b0-bcb3-40c1-9bdc-9f55d2c94a66: 202 groups; 10.1 s; peak memory 1286 MiB.
2026-10-05T07:53:53Z INFO [661/900] 3f89c118-e426-4aaf-94fc-83a062bddeeb: 35 groups; 1.3 s; peak memory 1286 MiB.
2026-10-05T07:53:54Z INFO [662/900] 3f89ef6b-c106-4c8b-812d-97f6bbecb602: 32 groups; 1.1 s; peak memory 1286 MiB.
2026-10-05T07:53:55Z INFO [663/900] 3f8a9aa5-2ad7-4cc7-bed2-4aae93a3f5f4: 71 groups; 0.8 s; peak memory 1286 MiB.
2026-10-05T07:53:55Z INFO [664/900] 3f8b51b5-4d4a-476c-a37e-474064623098: 22 groups; 0.8 s; peak memory 1286 MiB.
2026-10-05T07:53:56Z INFO [665/900] 3f8bbf33-7f8e-482a-8219-c39fd3711630: 18 groups; 0.6 s; peak memory 1286 MiB.
2026-10-05T07:53:57Z INFO [666/900] 3f8c1a28-723b-4b7a-8edd-b6e2f46d6702: 22 groups; 1.0 s; peak memory 1286 MiB.
2026-10-05T07:53:58Z INFO [667/900] 3f8cdcf9-ea2c-4112-86f2-616faec9d46a: 206 groups; 1.1 s; peak memory 1286 MiB.
2026-10-05T07:53:59Z INFO [668/900] 3f8d097b-7404-4665-88a1-d05c153bb435: 32 groups; 1.1 s; peak memory 1286 MiB.
2026-10-05T07:54:00Z INFO [669/900] 3f8ed64e-76d4-4800-9806-7bc591e373d6: 22 groups; 0.9 s; peak memory 1286 MiB.
2026-10-05T07:54:06Z INFO [670/900] 3f8f2460-d20b-474a-b3e1-c96a4ab94608: 29 groups; 5.5 s; peak memory 1286 MiB.
2026-10-05T07:54:07Z INFO [671/900] 3f8f24f0-771b-439e-b04a-0fb4dafbe325: 22 groups; 0.9 s; peak memory 1286 MiB.
2026-10-05T07:54:09Z INFO [672/900] 3f8fb487-76ca-469f-89f3-a3af1ea5ad5f: 48 groups; 2.1 s; peak memory 1286 MiB.
2026-10-05T07:54:10Z INFO [673/900] 3f8fe793-7d19-4296-af76-7ae96970cca6: 22 groups; 0.9 s; peak memory 1286 MiB.
2026-10-05T07:54:11Z INFO [674/900] 3f900fa2-f050-46d8-8a2a-03d6eecdac5c: 67 groups; 1.8 s; peak memory 1286 MiB.
2026-10-05T07:54:12Z INFO [675/900] 3f90b8af-1ee7-4055-bd08-793d5f43df85: 22 groups; 0.8 s; peak memory 1286 MiB.
2026-10-05T07:54:14Z INFO [676/900] 3f90de78-7170-4a5c-8808-8c236cda1706: 36 groups; 1.6 s; peak memory 1286 MiB.
2026-10-05T07:54:15Z INFO [677/900] 3f910f90-b691-4574-808b-7745d2e065c0: 21 groups; 1.1 s; peak memory 1286 MiB.
2026-10-05T07:54:16Z INFO [678/900] 3f913c3d-70c2-4f0b-8cb8-42f748764574: 25 groups; 0.9 s; peak memory 1286 MiB.
2026-10-05T07:54:17Z INFO [679/900] 3f916e21-24eb-4819-9126-6cd44b72113f: 22 groups; 1.1 s; peak memory 1286 MiB.
2026-10-05T07:54:18Z INFO [680/900] 3f91af8c-5ff9-4814-bebb-8ea047576709: 22 groups; 1.0 s; peak memory 1286 MiB.
2026-10-05T07:54:19Z INFO [681/900] 3f91d0f3-4482-40d1-a46f-2f6cecb2cee6: 32 groups; 1.0 s; peak memory 1286 MiB.
2026-10-05T07:54:21Z INFO [682/900] 3f91e8f6-561b-4ad3-a2b3-cab7a0918d2d: 62 groups; 2.5 s; peak memory 1286 MiB.
2026-10-05T07:58:20Z INFO [683/900] 3f924fa1-fcd1-4056-a3ad-21050f9921f0: 73 groups; 238.8 s; peak memory 1286 MiB.
2026-10-05T07:58:22Z INFO [684/900] 3f934b84-8beb-4a22-a0ca-272f53b13b26: 52 groups; 1.4 s; peak memory 1286 MiB.
2026-10-05T07:58:23Z INFO [685/900] 3f94341c-ac53-461e-9544-5d75d14f9faa: 35 groups; 1.4 s; peak memory 1286 MiB.
2026-10-05T07:58:25Z INFO [686/900] 3f946446-b769-44d9-ac99-f4e0c2ec397f: 108 groups; 1.6 s; peak memory 1286 MiB.
2026-10-05T07:58:30Z INFO [687/900] 3f956d0c-5dce-46a7-b39c-d0eb29beecdf: 53 groups; 5.7 s; peak memory 1286 MiB.
2026-10-05T07:58:31Z INFO [688/900] 3f957f23-7917-4d57-b027-b49a14bdbde0: 103 groups; 1.2 s; peak memory 1286 MiB.
2026-10-05T07:58:32Z INFO [689/900] 3f96101d-188d-4ac7-9795-c2ee403882ed: 31 groups; 0.9 s; peak memory 1286 MiB.
2026-10-05T07:58:33Z INFO [690/900] 3f965f30-b029-42a4-939c-30ecbf8dc6d4: 16 groups; 0.7 s; peak memory 1286 MiB.
2026-10-05T07:58:43Z INFO [691/900] 3f96672a-d57e-4bb1-842d-19c31cbdc3a4: 36 groups; 10.2 s; peak memory 1286 MiB.
2026-10-05T07:58:45Z INFO [692/900] 3f966849-34c5-4aa0-a093-cab489dae16c: 32 groups; 1.3 s; peak memory 1286 MiB.
2026-10-05T07:58:46Z INFO [693/900] 3f96766a-305d-4e40-a23b-198ee7d74e9b: 203 groups; 1.4 s; peak memory 1286 MiB.
2026-10-05T07:58:48Z INFO [694/900] 3f971502-9f3a-4f4e-876c-a0efdc229481: 48 groups; 2.3 s; peak memory 1286 MiB.
2026-10-05T07:58:49Z INFO [695/900] 3f976c9e-68cc-4a99-9a0f-11c5084c99e3: 32 groups; 1.0 s; peak memory 1286 MiB.
2026-10-05T07:58:50Z INFO [696/900] 3f984f39-0d4e-4cbd-a9df-18657a28934e: 28 groups; 0.9 s; peak memory 1286 MiB.
2026-10-05T07:58:51Z INFO [697/900] 3f988838-9f77-4c42-a7a1-528b8d9af011: 28 groups; 1.2 s; peak memory 1286 MiB.
2026-10-05T07:58:52Z INFO [698/900] 3f988918-9e59-4d86-bf24-9102bf9a6d08: 16 groups; 0.7 s; peak memory 1286 MiB.
2026-10-05T07:58:54Z INFO [699/900] 3f997f9d-98c9-431d-b33c-1dec20a1ce6a: 194 groups; 1.4 s; peak memory 1286 MiB.
2026-10-05T07:58:55Z INFO [700/900] 3f99e756-3bdf-4c0b-9ad7-f747ccfde75b: 67 groups; 1.2 s; peak memory 1286 MiB.
2026-10-05T07:58:55Z INFO [700/900] 3f99e756-3bdf-4c0b-9ad7-f747ccfde75b: checkpointed 77636 records.
2026-10-05T08:01:54Z INFO [701/900] 3f9a10a5-f32b-488e-85cc-8c239abb734a: 3047 groups; 179.1 s; peak memory 1286 MiB.
2026-10-05T08:01:55Z INFO [702/900] 3f9a3e6c-ceea-4d97-a01d-4d77814a9e34: 30 groups; 0.7 s; peak memory 1286 MiB.
2026-10-05T08:01:59Z INFO [703/900] 3f9b2b16-1007-477f-9e3e-5b865d24d400: 179 groups; 4.5 s; peak memory 1286 MiB.
2026-10-05T08:02:06Z INFO [704/900] 3f9b7cf3-6775-4657-9473-57e7fa4d752c: 56 groups; 7.2 s; peak memory 1286 MiB.
2026-10-05T08:02:07Z INFO [705/900] 3f9b7ec1-d3cd-4d13-ba37-0289d007bef2: 103 groups; 0.9 s; peak memory 1286 MiB.
2026-10-05T08:02:08Z INFO [706/900] 3f9b9a7f-87ad-406b-88f0-0b9a3ce68f36: 52 groups; 1.1 s; peak memory 1286 MiB.
2026-10-05T08:02:09Z INFO [707/900] 3f9bd4f0-b2e8-4177-b820-789bbbf589ef: 32 groups; 0.9 s; peak memory 1286 MiB.
2026-10-05T08:02:10Z INFO [708/900] 3f9c1bfd-b25e-4d68-b306-e8c58314441f: 22 groups; 0.9 s; peak memory 1286 MiB.
2026-10-05T08:02:11Z INFO [709/900] 3f9c2873-4c7e-4766-8ce3-066ec594f7f3: 22 groups; 1.0 s; peak memory 1286 MiB.
2026-10-05T08:02:12Z INFO [710/900] 3f9c3d2c-6e3b-406e-9f6a-6b34955e837b: 33 groups; 1.1 s; peak memory 1286 MiB.
2026-10-05T08:02:13Z INFO [711/900] 3f9ddeaf-190d-4349-ad0b-ba343000a027: 25 groups; 0.8 s; peak memory 1286 MiB.
2026-10-05T08:02:20Z INFO [712/900] 3f9e6eca-1b7a-4878-a541-278f2a964c12: 178 groups; 7.1 s; peak memory 1286 MiB.
2026-10-05T08:02:25Z INFO [713/900] 3f9e9757-5e50-43d2-9889-4e6d7a59ed15: 34 groups; 4.2 s; peak memory 1286 MiB.
2026-10-05T08:02:26Z INFO [714/900] 3f9eb5e2-2adb-4dc9-9e6a-36553512fb13: 36 groups; 1.4 s; peak memory 1286 MiB.
2026-10-05T08:02:29Z INFO [715/900] 3f9f0884-6c57-449d-a4fc-032c6b4f4253: 22 groups; 3.5 s; peak memory 1286 MiB.
2026-10-05T08:02:31Z INFO [716/900] 3fa041c5-06f3-443e-982b-33ea4bb529c6: 35 groups; 1.1 s; peak memory 1286 MiB.
2026-10-05T08:02:32Z INFO [717/900] 3fa08e2e-30e7-4393-a873-04db9c40585d: 25 groups; 1.0 s; peak memory 1286 MiB.
2026-10-05T08:02:33Z INFO [718/900] 3fa0f1f0-5698-476d-80c5-9fa6ff8353db: 22 groups; 1.0 s; peak memory 1286 MiB.
2026-10-05T08:02:33Z INFO [719/900] 3fa17446-194e-484f-86b0-aeeb595ec29d: 32 groups; 0.8 s; peak memory 1286 MiB.
2026-10-05T08:02:35Z INFO [720/900] 3fa21d77-4dee-401d-b401-8120689bfd55: 29 groups; 1.4 s; peak memory 1286 MiB.
2026-10-05T08:02:37Z INFO [721/900] 3fa3b681-84ca-48ba-a043-0a06ba872305: 64 groups; 2.0 s; peak memory 1286 MiB.
2026-10-05T08:02:38Z INFO [722/900] 3fa4f2d2-87f2-4de8-be39-1ee084420755: 22 groups; 0.8 s; peak memory 1286 MiB.
2026-10-05T08:02:39Z INFO [723/900] 3fa502ca-40b8-4e2f-92c9-2040809b02cb: 29 groups; 1.1 s; peak memory 1286 MiB.
2026-10-05T08:02:50Z INFO [724/900] 3fa513eb-6f53-45ef-b860-06cfd9291b3d: 224 groups; 11.3 s; peak memory 1286 MiB.
2026-10-05T08:02:52Z INFO [725/900] 3fa5236f-3add-4dea-bb91-594736b6bc6a: 48 groups; 2.6 s; peak memory 1286 MiB.
2026-10-05T08:02:53Z INFO [726/900] 3fa54eeb-dce1-493c-b58b-c0b402ab7168: 32 groups; 1.0 s; peak memory 1286 MiB.
2026-10-05T08:02:57Z INFO [727/900] 3fa59997-b2b9-4763-827d-0b2701348e58: 123 groups; 4.0 s; peak memory 1286 MiB.
2026-10-05T08:02:59Z INFO [728/900] 3fa6d657-aa61-4295-8910-b2ffe12416ea: 33 groups; 1.4 s; peak memory 1286 MiB.
2026-10-05T08:03:06Z INFO [729/900] 3fa78563-a8f1-41f9-ad66-6fce3dfdf38f: 1643 groups; 6.8 s; peak memory 1286 MiB.
2026-10-05T08:03:08Z INFO [730/900] 3fa88c8d-65bb-44db-b588-2bb97906fa70: 341 groups; 2.0 s; peak memory 1286 MiB.
2026-10-05T08:03:09Z INFO [731/900] 3fa8f938-a0ea-4e3a-93ae-c4f65a856836: 22 groups; 1.2 s; peak memory 1286 MiB.
2026-10-05T08:03:10Z INFO [732/900] 3fa931e2-6edc-4452-83c7-e63843b3c67e: 22 groups; 0.9 s; peak memory 1286 MiB.
2026-10-05T08:03:24Z INFO [733/900] 3fa93a50-38bc-4e33-abf0-3bb7c3e7f469: 203 groups; 14.4 s; peak memory 1286 MiB.
2026-10-05T08:03:25Z INFO [734/900] 3fa969db-6efa-4a97-9296-4403778bde31: 28 groups; 0.9 s; peak memory 1286 MiB.
2026-10-05T08:03:27Z INFO [735/900] 3faa9c9b-21ce-4850-80ca-995def6b1322: 35 groups; 1.5 s; peak memory 1286 MiB.
2026-10-05T08:03:28Z INFO [736/900] 3faad357-6cfe-4811-ac1a-12d2e9d7e9c8: 29 groups; 1.0 s; peak memory 1286 MiB.
2026-10-05T08:03:29Z INFO [737/900] 3fab0999-edab-4735-9903-507a29f10e27: 22 groups; 0.9 s; peak memory 1286 MiB.
2026-10-05T08:03:50Z INFO [738/900] 3fab0f5c-065b-416b-b2b8-a2f565019edf: 261 groups; 21.8 s; peak memory 1286 MiB.
2026-10-05T08:03:52Z INFO [739/900] 3fab38e7-400d-4c39-a7f5-baae9e5cc36c: 35 groups; 1.7 s; peak memory 1286 MiB.
2026-10-05T08:03:53Z INFO [740/900] 3fabc49c-4d98-4040-ab8a-7e9f444b94f8: 25 groups; 0.9 s; peak memory 1286 MiB.
2026-10-05T08:03:54Z INFO [741/900] 3fac4b08-67c3-44c3-9126-6219e31d752b: 22 groups; 1.2 s; peak memory 1286 MiB.
2026-10-05T08:03:55Z INFO [742/900] 3fac831e-eefe-409a-98fc-184d1b0ab2b5: 35 groups; 1.2 s; peak memory 1286 MiB.
2026-10-05T08:03:56Z INFO [743/900] 3fad09d5-9844-4649-b318-b534713b409e: 32 groups; 0.8 s; peak memory 1286 MiB.
2026-10-05T08:03:57Z INFO [744/900] 3fad6dce-a6f3-4719-ad3a-4d6bc2445df0: 24 groups; 0.8 s; peak memory 1286 MiB.
2026-10-05T08:03:58Z INFO [745/900] 3fad7665-6f7a-4311-ac14-feb92a69d142: 207 groups; 1.4 s; peak memory 1286 MiB.
2026-10-05T08:04:00Z INFO [746/900] 3fae92ed-8a15-4e79-9c8a-366d4ad838d5: 72 groups; 1.9 s; peak memory 1286 MiB.
2026-10-05T08:04:01Z INFO [747/900] 3faf1b15-dd76-457e-81f1-f71e871db8ed: 22 groups; 0.9 s; peak memory 1286 MiB.
2026-10-05T08:04:02Z INFO [748/900] 3faf607a-c7bb-4a1e-9e8e-0d0cf3664874: 22 groups; 1.1 s; peak memory 1286 MiB.
2026-10-05T08:04:03Z INFO [749/900] 3faf7ec7-69d0-48b3-9b3a-619a49b4794d: 25 groups; 0.9 s; peak memory 1286 MiB.
2026-10-05T08:04:04Z INFO [750/900] 3fb081a4-d762-4fa1-8bf1-5d58de3c951f: 32 groups; 1.4 s; peak memory 1286 MiB.
2026-10-05T08:04:05Z INFO [750/900] 3fb081a4-d762-4fa1-8bf1-5d58de3c951f: checkpointed 77686 records.
2026-10-05T08:04:09Z INFO [751/900] 3fb09bf0-3e45-4d9a-899a-d1d141206f59: 105 groups; 4.1 s; peak memory 1286 MiB.
2026-10-05T08:04:10Z INFO [752/900] 3fb0caea-d6cf-45c5-8f31-8caffbb3a346: 26 groups; 1.1 s; peak memory 1286 MiB.
2026-10-05T08:04:11Z INFO [753/900] 3fb11b44-4920-4e10-a654-713203709115: 22 groups; 1.0 s; peak memory 1286 MiB.
2026-10-05T08:04:12Z INFO [754/900] 3fb135c4-cab8-4cf3-89a5-b010a533e525: 33 groups; 1.3 s; peak memory 1286 MiB.
2026-10-05T08:04:19Z INFO [755/900] 3fb17183-6944-4c97-b45f-cb8f2b360f40: 191 groups; 6.6 s; peak memory 1286 MiB.
2026-10-05T08:04:19Z INFO [756/900] 3fb18030-2807-48ef-ba98-ad3e17e1d907: 28 groups; 0.8 s; peak memory 1286 MiB.
2026-10-05T08:04:20Z INFO [757/900] 3fb1a635-ab98-4d4b-9689-bfe92ef89150: 22 groups; 0.9 s; peak memory 1286 MiB.
2026-10-05T08:04:21Z INFO [758/900] 3fb1a8ef-5c7b-4d09-85a2-2718646dfe69: 31 groups; 0.7 s; peak memory 1286 MiB.
2026-10-05T08:04:22Z INFO [759/900] 3fb27f44-285c-43b3-ac29-5b5d8a439281: 22 groups; 0.8 s; peak memory 1286 MiB.
2026-10-05T08:04:23Z INFO [760/900] 3fb2c85c-faac-4163-8906-cb89530e7008: 22 groups; 0.9 s; peak memory 1286 MiB.
2026-10-05T08:04:24Z INFO [761/900] 3fb2c8b9-26db-47c0-86c2-9594678a8263: 28 groups; 0.7 s; peak memory 1286 MiB.
2026-10-05T08:04:26Z INFO [762/900] 3fb4f9a6-01ef-4ce2-95fb-d8771390ec35: 50 groups; 2.5 s; peak memory 1286 MiB.
2026-10-05T08:04:28Z INFO [763/900] 3fb5fdf9-f4ff-4b0d-ae92-bb234ab1b34a: 35 groups; 1.8 s; peak memory 1286 MiB.
2026-10-05T08:04:29Z INFO [764/900] 3fb6bf2a-275f-4a32-92c4-3670cea94192: 48 groups; 1.5 s; peak memory 1286 MiB.
2026-10-05T08:04:32Z INFO [765/900] 3fb70e17-d901-4e06-90e7-786c5251944a: 48 groups; 2.2 s; peak memory 1286 MiB.
2026-10-05T08:04:32Z INFO [766/900] 3fb795a3-6054-42ca-9690-a156025b64ec: 16 groups; 0.7 s; peak memory 1286 MiB.
2026-10-05T08:04:33Z INFO [767/900] 3fb86556-3743-48d5-9d9d-46e9ae473248: 32 groups; 1.1 s; peak memory 1286 MiB.
2026-10-05T08:04:35Z INFO [768/900] 3fb97555-129a-4ddc-a40c-426c38b54cae: 31 groups; 1.1 s; peak memory 1286 MiB.
2026-10-05T08:04:36Z INFO [769/900] 3fb9dfc9-a88f-46e5-8973-326fa6613928: 32 groups; 1.0 s; peak memory 1286 MiB.
2026-10-05T08:04:37Z INFO [770/900] 3fb9fee9-f2ec-4bc3-b448-c526e87f74ed: 22 groups; 1.0 s; peak memory 1286 MiB.
2026-10-05T08:04:42Z INFO [771/900] 3fbaed63-d4ca-4130-967f-66262c940b3b: 181 groups; 5.1 s; peak memory 1286 MiB.
2026-10-05T08:04:43Z INFO [772/900] 3fbb6ec0-e979-44e8-9efe-1c277c5e8a55: 254 groups; 1.1 s; peak memory 1286 MiB.
2026-10-05T08:04:44Z INFO [773/900] 3fbbb386-4842-4293-b88c-8b75470c6eae: 337 groups; 1.4 s; peak memory 1286 MiB.
2026-10-05T08:04:45Z INFO [774/900] 3fbc65f7-0e6b-4a2f-9ae3-805aa1405024: 28 groups; 0.6 s; peak memory 1286 MiB.
2026-10-05T08:04:46Z INFO [775/900] 3fbc9f89-3a4f-4753-8e9f-d4ab79581dea: 22 groups; 1.0 s; peak memory 1286 MiB.
2026-10-05T08:04:47Z INFO [776/900] 3fbe0b90-aa22-4b65-9229-e8cb1f64cff5: 22 groups; 1.0 s; peak memory 1286 MiB.
2026-10-05T08:04:51Z INFO [777/900] 3fbe449c-cdf4-45f6-aa54-a93a659652d0: 47 groups; 4.5 s; peak memory 1286 MiB.
2026-10-05T08:04:52Z INFO [778/900] 3fbef588-4bc0-4b3c-8b04-0bca8c167779: 22 groups; 1.1 s; peak memory 1286 MiB.
2026-10-05T08:04:53Z INFO [779/900] 3fbf1c30-735a-45d9-b505-2cf58ed2f32e: 32 groups; 1.1 s; peak memory 1286 MiB.
2026-10-05T08:04:54Z INFO [780/900] 3fbf5e2e-d99c-4d21-9611-4ab712d979a1: 22 groups; 0.8 s; peak memory 1286 MiB.
2026-10-05T08:04:57Z INFO [781/900] 3fc04348-1d09-4501-8b69-13f9c9647a57: 61 groups; 2.4 s; peak memory 1286 MiB.
2026-10-05T08:05:00Z INFO [782/900] 3fc155d7-3ad5-4044-bc8f-7589aa846f80: 109 groups; 3.5 s; peak memory 1286 MiB.
2026-10-05T08:05:01Z INFO [783/900] 3fc27fec-8512-4806-ac91-03c897c0a567: 35 groups; 1.1 s; peak memory 1286 MiB.
2026-10-05T08:05:03Z INFO [784/900] 3fc47649-b9d5-4a8f-a96b-e694eea921c5: 202 groups; 1.7 s; peak memory 1286 MiB.
2026-10-05T08:05:04Z INFO [785/900] 3fc500ae-272e-4a98-af5d-3ff2f7c00001: 22 groups; 1.1 s; peak memory 1286 MiB.
2026-10-05T08:05:05Z INFO [786/900] 3fc525d0-7482-42f9-b0ed-1fd1ead8a7d9: 24 groups; 0.8 s; peak memory 1286 MiB.
2026-10-05T08:05:06Z INFO [787/900] 3fc7c813-151b-443f-95ae-8990078ebe3f: 25 groups; 1.0 s; peak memory 1286 MiB.
2026-10-05T08:05:08Z INFO [788/900] 3fc7fd3a-c507-479d-a45a-6aad85a50abb: 48 groups; 1.8 s; peak memory 1286 MiB.
2026-10-05T08:05:12Z INFO [789/900] 3fc84a0a-fa48-4209-91a4-57d550901b61: 68 groups; 4.2 s; peak memory 1286 MiB.
2026-10-05T08:05:13Z INFO [790/900] 3fc84dcf-d912-486f-a548-b4b2dbb55878: 32 groups; 1.0 s; peak memory 1286 MiB.
2026-10-05T08:05:14Z INFO [791/900] 3fc86c8d-86d8-406e-adda-9cf0dbd98624: 35 groups; 1.3 s; peak memory 1286 MiB.
2026-10-05T08:05:16Z INFO [792/900] 3fc9a3b3-c894-4104-92d4-c25a2546c5aa: 341 groups; 1.6 s; peak memory 1286 MiB.
2026-10-05T08:05:17Z INFO [793/900] 3fc9af1f-609f-41aa-a7bc-64b99ef3fc54: 257 groups; 1.3 s; peak memory 1286 MiB.
2026-10-05T08:05:18Z INFO [794/900] 3fca3cab-e27e-4b94-a786-e68c059f3dfc: 32 groups; 0.9 s; peak memory 1286 MiB.
2026-10-05T08:05:19Z INFO [795/900] 3fca412f-f2f1-4d6d-8568-bdee6b334a82: 35 groups; 1.0 s; peak memory 1286 MiB.
2026-10-05T08:05:20Z INFO [796/900] 3fcaffaa-649f-4bf7-9069-fe2b32c5126f: 253 groups; 1.1 s; peak memory 1286 MiB.
2026-10-05T08:05:21Z INFO [797/900] 3fcb4e81-9732-4dee-bf42-d0afe43c0b2e: 16 groups; 0.5 s; peak memory 1286 MiB.
2026-10-05T08:05:22Z INFO [798/900] 3fcba058-e4d8-47ff-92b5-f7e02ecad1fe: 22 groups; 0.9 s; peak memory 1286 MiB.
2026-10-05T08:05:23Z INFO [799/900] 3fccc2b3-bb3e-4c74-b318-b542e281ffea: 22 groups; 1.0 s; peak memory 1286 MiB.
2026-10-05T08:05:23Z INFO [800/900] 3fcdc62c-d73d-4d59-b0aa-1ba662b7a92e: 16 groups; 0.6 s; peak memory 1286 MiB.
2026-10-05T08:05:23Z INFO [800/900] 3fcdc62c-d73d-4d59-b0aa-1ba662b7a92e: checkpointed 77736 records.
2026-10-05T08:05:26Z INFO [801/900] 3fceace7-baeb-436f-9fbe-254021529b16: 50 groups; 2.5 s; peak memory 1286 MiB.
2026-10-05T08:05:27Z INFO [802/900] 3fd029de-33f7-422d-9cf1-567c8f6dc528: 22 groups; 1.0 s; peak memory 1286 MiB.
2026-10-05T08:05:29Z INFO [803/900] 3fd1407b-e8ed-4a76-b79f-37535d37f766: 17 groups; 2.1 s; peak memory 1286 MiB.
2026-10-05T08:05:30Z INFO [804/900] 3fd2de1a-8e3d-44e4-889e-fe55bcfdfa0d: 32 groups; 1.4 s; peak memory 1286 MiB.
2026-10-05T08:05:40Z INFO [805/900] 3fd32270-9528-4156-8c70-9b3ce3338729: 351 groups; 9.9 s; peak memory 1286 MiB.
2026-10-05T08:05:41Z INFO [806/900] 3fd33216-7d4f-4a42-a8bc-db1a0185e773: 22 groups; 0.9 s; peak memory 1286 MiB.
2026-10-05T08:05:42Z INFO [807/900] 3fd44515-0111-4b1b-b20e-8e63d410aa53: 22 groups; 0.8 s; peak memory 1286 MiB.
2026-10-05T08:05:43Z INFO [808/900] 3fd4fc7e-b6ce-4c31-accf-e285c421834f: 22 groups; 0.9 s; peak memory 1286 MiB.
2026-10-05T08:05:44Z INFO [809/900] 3fd53502-17b0-4ad4-a6d3-2c17d91be282: 22 groups; 0.8 s; peak memory 1286 MiB.
2026-10-05T08:05:45Z INFO [810/900] 3fd664e8-4aea-4a09-a3e3-28b00d58fb46: 35 groups; 1.4 s; peak memory 1286 MiB.
2026-10-05T08:05:51Z INFO [811/900] 3fd6a25f-f6ad-4f9e-ac0a-e6703203e37c: 181 groups; 5.9 s; peak memory 1286 MiB.
2026-10-05T08:05:58Z INFO [812/900] 3fd73471-3e81-4129-b521-1f196517e28e: 199 groups; 7.1 s; peak memory 1286 MiB.
2026-10-05T08:06:00Z INFO [813/900] 3fd7988e-2abe-479e-9517-1eed358d2816: 207 groups; 1.6 s; peak memory 1286 MiB.
2026-10-05T08:14:09Z INFO [814/900] 3fd80335-9dfd-4d81-9aa2-c536b8a91d88: 39 groups; 489.0 s; peak memory 1286 MiB.
2026-10-05T08:14:10Z INFO [815/900] 3fd8458d-f0c3-40cf-80e1-79b7945c767a: 32 groups; 1.1 s; peak memory 1286 MiB.
2026-10-05T08:14:11Z INFO [816/900] 3fd87f9a-342c-42da-950e-f8056e186f2e: 22 groups; 1.0 s; peak memory 1286 MiB.
2026-10-05T08:14:13Z INFO [817/900] 3fd88081-70a6-4309-9fc9-9b1002160efd: 31 groups; 1.9 s; peak memory 1286 MiB.
2026-10-05T08:14:14Z INFO [818/900] 3fd8c2c5-390e-41c6-a6ef-d94cfeb9439f: 108 groups; 1.6 s; peak memory 1286 MiB.
2026-10-05T08:14:16Z INFO [819/900] 3fd8ce16-752a-43be-a871-c96f0a23d10d: 203 groups; 1.4 s; peak memory 1286 MiB.
2026-10-05T08:14:19Z INFO [820/900] 3fd8fc82-a87c-428a-9a48-79b7c97f99d6: 88 groups; 3.0 s; peak memory 1286 MiB.
2026-10-05T08:14:20Z INFO [821/900] 3fd974d5-262c-4416-98d6-dc5f8e3554b3: 32 groups; 1.0 s; peak memory 1286 MiB.
2026-10-05T08:14:20Z INFO [822/900] 3fd9b983-3c9e-4b0a-96db-2fd0c4cb4205: 22 groups; 0.8 s; peak memory 1286 MiB.
2026-10-05T08:14:21Z INFO [823/900] 3fd9f784-bb8d-4017-86d7-8b955410c438: 22 groups; 0.9 s; peak memory 1286 MiB.
2026-10-05T08:14:23Z INFO [824/900] 3fda2d08-0761-48bd-805c-e3fb99d185ba: 32 groups; 1.2 s; peak memory 1286 MiB.
2026-10-05T08:14:26Z INFO [825/900] 3fdad805-d3a3-4253-8616-9be64318e6c6: 78 groups; 3.8 s; peak memory 1286 MiB.
2026-10-05T08:14:27Z INFO [826/900] 3fdaf7a0-f651-4347-bc7d-9ad7fc34ac3e: 22 groups; 1.0 s; peak memory 1286 MiB.
2026-10-05T08:14:28Z INFO [827/900] 3fdbe90b-49bc-48ca-a506-c72a57b244f3: 22 groups; 0.9 s; peak memory 1286 MiB.
2026-10-05T08:14:38Z INFO [828/900] 3fdc1576-0d46-4430-9a2b-d1701d905977: 247 groups; 10.1 s; peak memory 1286 MiB.
2026-10-05T08:14:40Z INFO [829/900] 3fdc331f-67df-4fac-9385-6f333e1befa7: 199 groups; 1.5 s; peak memory 1286 MiB.
2026-10-05T08:14:41Z INFO [830/900] 3fddaf55-6ed5-44c8-b6a7-c79909f09b44: 22 groups; 0.9 s; peak memory 1286 MiB.
2026-10-05T08:14:51Z INFO [831/900] 3fdf30aa-9a6c-45c2-af61-fd0376bf5513: 244 groups; 9.8 s; peak memory 1286 MiB.
2026-10-05T08:14:52Z INFO [832/900] 3fdfabf9-a985-471f-b8ce-74df8a58931a: 17 groups; 1.9 s; peak memory 1286 MiB.
2026-10-05T08:14:53Z INFO [833/900] 3fe1a18b-cd12-4d34-bd60-a99fa4cc37b6: 22 groups; 0.9 s; peak memory 1286 MiB.
2026-10-05T08:17:17Z INFO [834/900] 3fe275d3-6034-424b-9424-c88ecb29fb23: 66 groups; 143.6 s; peak memory 1286 MiB.
2026-10-05T08:17:18Z INFO [835/900] 3fe386ee-421c-4145-a2c7-9e5cee180c65: 22 groups; 0.8 s; peak memory 1286 MiB.
2026-10-05T08:17:19Z INFO [836/900] 3fe394af-9dad-45cb-88cb-d17425c82d2c: 22 groups; 1.0 s; peak memory 1286 MiB.
2026-10-05T08:17:21Z INFO [837/900] 3fe3dfe6-3710-4dad-b078-b9e0eddc60fe: 31 groups; 2.0 s; peak memory 1286 MiB.
2026-10-05T08:17:22Z INFO [838/900] 3fe3e19b-004f-4446-b839-7046bebb57b0: 32 groups; 1.2 s; peak memory 1286 MiB.
2026-10-05T08:17:23Z INFO [839/900] 3fe48db7-bf78-4f01-a31d-4c1bc890931a: 16 groups; 0.7 s; peak memory 1286 MiB.
2026-10-05T08:17:24Z INFO [840/900] 3fe49d8f-a24d-4119-b101-d8c39c4d7c65: 32 groups; 1.2 s; peak memory 1286 MiB.
2026-10-05T08:17:25Z INFO [841/900] 3fe4dbe4-42c8-4972-b06b-663ee43e84a8: 32 groups; 1.3 s; peak memory 1286 MiB.
2026-10-05T08:17:26Z INFO [842/900] 3fe4e20d-7e63-43ff-8624-c6c34bbf35d9: 203 groups; 1.2 s; peak memory 1286 MiB.
2026-10-05T08:17:28Z INFO [843/900] 3fe54995-5bc7-44ff-95ac-2f4b0dbf4b4a: 32 groups; 1.4 s; peak memory 1286 MiB.
2026-10-05T08:17:29Z INFO [844/900] 3fe55d2f-12aa-4cf9-9381-887f0c794cd3: 35 groups; 1.4 s; peak memory 1286 MiB.
2026-10-05T08:17:30Z INFO [845/900] 3fe60296-ab26-49d0-9a83-8f901e56d8d4: 22 groups; 1.2 s; peak memory 1286 MiB.
2026-10-05T08:17:32Z INFO [846/900] 3fe69766-4f47-42f4-8c17-9f7990768fe8: 32 groups; 1.2 s; peak memory 1286 MiB.
2026-10-05T08:17:33Z INFO [847/900] 3fe6e55b-1800-4460-85d6-acf18fdfb14d: 35 groups; 1.2 s; peak memory 1286 MiB.
2026-10-05T08:17:34Z INFO [848/900] 3fe6fdbd-cf8f-4435-b2a3-44dc047c14b1: 32 groups; 1.4 s; peak memory 1286 MiB.
2026-10-05T08:17:35Z INFO [849/900] 3fe82143-8326-4d71-8a9f-c69973bc2194: 22 groups; 1.1 s; peak memory 1286 MiB.
2026-10-05T08:17:38Z INFO [850/900] 3fe93cb6-74bd-47cd-9908-8f61a003c24a: 48 groups; 2.2 s; peak memory 1286 MiB.
2026-10-05T08:17:38Z INFO [850/900] 3fe93cb6-74bd-47cd-9908-8f61a003c24a: checkpointed 77786 records.
2026-10-05T08:20:03Z INFO [851/900] 3fe97371-07f7-44c4-8391-2da33f80152d: 60 groups; 145.6 s; peak memory 1286 MiB.
2026-10-05T08:20:04Z INFO [852/900] 3fea4122-7e4f-49bb-8fd6-e1c78bea38a1: 22 groups; 0.9 s; peak memory 1286 MiB.
2026-10-05T08:20:07Z INFO [853/900] 3feab76b-eaa8-4b64-92d2-2a54738638ce: 50 groups; 2.6 s; peak memory 1286 MiB.
2026-10-05T08:20:08Z INFO [854/900] 3feb547b-8b4e-4cb6-8028-5424c3f879b1: 20 groups; 1.2 s; peak memory 1286 MiB.
2026-10-05T08:20:09Z INFO [855/900] 3febb360-5a92-4055-b34e-b9fdecdee965: 33 groups; 1.2 s; peak memory 1286 MiB.
2026-10-05T08:20:18Z INFO [856/900] 3febbcfb-025f-440d-bf58-91d3e23703d0: 22 groups; 8.7 s; peak memory 1286 MiB.
2026-10-05T08:20:20Z INFO [857/900] 3fec4414-1513-44df-8abe-22187dc1fda3: 341 groups; 2.1 s; peak memory 1286 MiB.
2026-10-05T08:20:21Z INFO [858/900] 3feca540-29bf-4653-b7e7-1b1b3c99907f: 32 groups; 1.3 s; peak memory 1286 MiB.
2026-10-05T08:20:23Z INFO [859/900] 3fed6a90-e490-41cd-b8e8-e59863a44482: 196 groups; 1.3 s; peak memory 1286 MiB.
2026-10-05T08:20:24Z INFO [860/900] 3fedfc07-4943-4937-86fb-48952ce61af9: 32 groups; 1.1 s; peak memory 1286 MiB.
2026-10-05T08:20:25Z INFO [861/900] 3fee2b0d-1efa-4092-b53f-fd2ee0932bd5: 32 groups; 1.0 s; peak memory 1286 MiB.
2026-10-05T08:20:26Z INFO [862/900] 3fee3468-ec90-408f-824f-01bd4248abca: 33 groups; 1.4 s; peak memory 1286 MiB.
2026-10-05T08:20:27Z INFO [863/900] 3feea4c2-3d49-4438-9185-eee313baaae4: 32 groups; 1.2 s; peak memory 1286 MiB.
2026-10-05T08:20:28Z INFO [864/900] 3ff0a210-9d9f-4758-83cb-8fe284da5011: 22 groups; 0.8 s; peak memory 1286 MiB.
2026-10-05T08:20:29Z INFO [865/900] 3ff0f818-2f55-4c97-b4fb-a3ca03c2b877: 25 groups; 1.0 s; peak memory 1286 MiB.
2026-10-05T08:20:31Z INFO [866/900] 3ff18b5c-071a-426d-96b5-7c3aaa9a5e5d: 206 groups; 2.1 s; peak memory 1286 MiB.
2026-10-05T08:20:32Z INFO [867/900] 3ff1f088-212a-4616-8958-1d1ccac02991: 16 groups; 0.8 s; peak memory 1286 MiB.
2026-10-05T08:20:33Z INFO [868/900] 3ff2816e-2745-4b3b-a77b-1aa78f72afd9: 202 groups; 1.2 s; peak memory 1286 MiB.
2026-10-05T08:20:34Z INFO [869/900] 3ff3dd71-7a3f-4809-93eb-d6e245dca976: 254 groups; 1.1 s; peak memory 1286 MiB.
2026-10-05T08:20:35Z INFO [870/900] 3ff4e491-4962-4e4f-aef3-71ee394af4ad: 22 groups; 0.9 s; peak memory 1286 MiB.
2026-10-05T08:20:36Z INFO [871/900] 3ff5288e-2fb8-45a2-8591-62d0414d95ab: 35 groups; 1.3 s; peak memory 1286 MiB.
2026-10-05T08:20:42Z INFO [872/900] 3ff63bd8-b19b-4ce8-ac67-deccc44fcde2: 142 groups; 5.5 s; peak memory 1286 MiB.
2026-10-05T08:20:43Z INFO [873/900] 3ff652a9-a977-4971-947c-d1c7a23d24fc: 32 groups; 0.9 s; peak memory 1286 MiB.
2026-10-05T08:20:45Z INFO [874/900] 3ff689ce-9003-4339-8d07-e9c089fd0ba6: 48 groups; 2.0 s; peak memory 1286 MiB.
2026-10-05T08:20:46Z INFO [875/900] 3ff6b1a1-35c3-4678-bb67-2321d2244b62: 35 groups; 1.4 s; peak memory 1286 MiB.
2026-10-05T08:20:48Z INFO [876/900] 3ff76cd3-ca46-4233-b78f-694f9bf6fce2: 341 groups; 2.1 s; peak memory 1286 MiB.
2026-10-05T08:20:50Z INFO [877/900] 3ff79cf5-cddb-476c-96de-10a4d7a78bbb: 46 groups; 2.1 s; peak memory 1286 MiB.
2026-10-05T08:20:51Z INFO [878/900] 3ff9a3b8-5061-4314-b518-906c3168327e: 26 groups; 0.9 s; peak memory 1286 MiB.
2026-10-05T08:20:52Z INFO [879/900] 3ffa20c0-17d4-4184-a6a2-061b39b61d39: 22 groups; 1.0 s; peak memory 1286 MiB.
2026-10-05T08:20:53Z INFO [880/900] 3ffaab0e-71af-4334-9d13-2ef98d6fc91d: 32 groups; 1.1 s; peak memory 1286 MiB.
2026-10-05T08:21:10Z INFO [881/900] 3ffacba6-4a2b-4fbf-9398-8466a8f376a4: 1030 groups; 17.1 s; peak memory 1286 MiB.
2026-10-05T08:21:12Z INFO [882/900] 3ffcc0ec-310c-47b4-82dc-c4141432a865: 22 groups; 1.1 s; peak memory 1286 MiB.
2026-10-05T08:21:13Z INFO [883/900] 3ffdbc97-8cf4-4e4f-b2f4-dae74270103f: 22 groups; 1.0 s; peak memory 1286 MiB.
2026-10-05T08:21:14Z INFO [884/900] 3ffe476b-452f-4da6-910a-db2f10b65789: 32 groups; 1.1 s; peak memory 1286 MiB.
2026-10-05T08:21:14Z INFO [885/900] 3ffef993-9347-42c9-aaab-a001a0912abc: 22 groups; 0.8 s; peak memory 1286 MiB.
2026-10-05T08:21:15Z INFO [886/900] 3fff8547-b45c-4ae8-966d-74a9348ae020: 22 groups; 1.0 s; peak memory 1286 MiB.
2026-10-05T08:21:16Z INFO [887/900] 400008b2-65b1-4a4f-aca5-45f718d2a09a: 22 groups; 0.8 s; peak memory 1286 MiB.
2026-10-05T08:21:21Z INFO [888/900] 40008f2f-f595-418c-98c6-24da91dfd378: 203 groups; 5.2 s; peak memory 1286 MiB.
2026-10-05T08:21:23Z INFO [889/900] 4001a6fd-41b7-42af-9164-2dc50d707929: 32 groups; 1.1 s; peak memory 1286 MiB.
2026-10-05T08:21:25Z INFO [890/900] 4001ba18-9b10-49bc-acfb-c3f34bf3369b: 47 groups; 2.2 s; peak memory 1286 MiB.
2026-10-05T08:21:26Z INFO [891/900] 4001dbf9-b2e7-4949-9d32-8807f6b9f5ff: 33 groups; 0.8 s; peak memory 1286 MiB.
2026-10-05T08:21:26Z INFO [892/900] 40028ec4-87ef-4662-9748-87469c92565f: 22 groups; 0.8 s; peak memory 1286 MiB.
2026-10-05T08:21:27Z INFO [893/900] 4003145c-2041-400c-aa3f-95e214bc26c4: 22 groups; 1.0 s; peak memory 1286 MiB.
2026-10-05T08:21:29Z INFO [894/900] 40034c5b-8b74-4528-a84f-0e732e852130: 33 groups; 1.2 s; peak memory 1286 MiB.
2026-10-05T08:21:30Z INFO [895/900] 40037d0a-06c5-44f8-a028-b908679f3a79: 253 groups; 1.3 s; peak memory 1286 MiB.
2026-10-05T08:21:31Z INFO [896/900] 40047214-77ee-4e27-be71-46793f73be65: 25 groups; 1.0 s; peak memory 1286 MiB.
2026-10-05T08:21:32Z INFO [897/900] 4004e41f-22e8-4a10-b305-aecb0571d0da: 18 groups; 0.7 s; peak memory 1286 MiB.
2026-10-05T08:21:33Z INFO [898/900] 4005a9fe-34c6-4eb5-a1db-b78e67909632: 29 groups; 1.1 s; peak memory 1286 MiB.
2026-10-05T08:21:34Z INFO [899/900] 4006582c-3c87-4036-a0b0-523008e650fc: 32 groups; 1.0 s; peak memory 1286 MiB.
2026-10-05T08:21:35Z INFO [900/900] 4006eacd-fd3e-42bc-a9dd-60b0d1258c37: 31 groups; 0.8 s; peak memory 1286 MiB.
2026-10-05T08:21:35Z INFO [900/900] 4006eacd-fd3e-42bc-a9dd-60b0d1258c37: checkpointed 77836 records.
2026-10-05T08:21:35Z INFO Wrote 77836 records to /tmp/derivatives/valid_nwb_file_to_number_of_groups.jsonl (900 new, 0 failed) in 125.4 min (peak memory 1286 MiB).
