2026-10-07T17:15:28Z INFO Logging to /tmp/logs/update_2026-10-07T17-15-28Z.log.
2026-10-07T17:15:28Z INFO Update valid-nwb-file-to-number-of-groups (base directory /tmp).
2026-10-07T17:15:29Z INFO Processing 900 items (94036 already recorded).
2026-10-07T17:15:39Z INFO [1/900] 6195cce3-a9b5-4275-81bf-4412a3a0dc1a: 34 groups; 10.7 s; peak memory 120 MiB.
2026-10-07T17:15:42Z INFO [2/900] 6195e5d7-1d2b-485e-9be4-2225461d7ffe: 35 groups; 2.2 s; peak memory 121 MiB.
2026-10-07T17:15:43Z INFO [3/900] 619621b2-b7f8-4670-960a-8f7de3023585: 32 groups; 1.7 s; peak memory 121 MiB.
2026-10-07T17:15:46Z INFO [4/900] 619790a1-c18f-4b02-b804-8c8002c48138: 35 groups; 2.3 s; peak memory 121 MiB.
2026-10-07T17:15:47Z INFO [5/900] 6198403e-9c7a-4fcd-b780-89f5febc6f1e: 22 groups; 1.6 s; peak memory 121 MiB.
2026-10-07T17:15:49Z INFO [6/900] 61987e81-5246-4ff4-96e0-5a86f794e19d: 32 groups; 1.7 s; peak memory 122 MiB.
2026-10-07T17:15:53Z INFO [7/900] 6198c609-0d49-464f-bf35-e0ab710be790: 47 groups; 3.7 s; peak memory 122 MiB.
2026-10-07T17:15:54Z INFO [8/900] 6199019c-8cec-446a-beca-3e2cdb45103b: 17 groups; 1.4 s; peak memory 122 MiB.
2026-10-07T17:15:56Z INFO [9/900] 619a43aa-0861-4114-a6f6-7c3a07439fa4: 22 groups; 1.5 s; peak memory 122 MiB.
2026-10-07T17:15:57Z INFO [10/900] 619a55ce-254f-46b2-985f-588fbe4e6a71: 32 groups; 1.7 s; peak memory 122 MiB.
2026-10-07T17:15:59Z INFO [11/900] 619cad95-07bb-4d35-8e72-65d868716bc9: 32 groups; 1.5 s; peak memory 122 MiB.
2026-10-07T17:16:01Z INFO [12/900] 619cbe80-f8e3-449a-b353-7304a00c174e: 32 groups; 1.8 s; peak memory 122 MiB.
2026-10-07T17:16:02Z INFO [13/900] 619d4410-3b18-428d-a6bf-c434b38ee953: 22 groups; 1.6 s; peak memory 122 MiB.
2026-10-07T17:16:04Z INFO [14/900] 619e0792-005e-40a8-abde-2457e42d680b: 41 groups; 2.1 s; peak memory 122 MiB.
2026-10-07T17:16:06Z INFO [15/900] 619e2ec8-5de7-447b-9c4e-aa98c05971c6: 22 groups; 1.4 s; peak memory 122 MiB.
2026-10-07T17:16:08Z INFO [16/900] 619eb28b-5079-412f-a301-65821f0a694b: 48 groups; 2.9 s; peak memory 123 MiB.
2026-10-07T17:16:11Z INFO [17/900] 619f5d9b-190d-481e-bb5b-6f66184c128a: 39 groups; 2.4 s; peak memory 123 MiB.
2026-10-07T17:16:12Z INFO [18/900] 619f5ea5-9390-4815-a7ee-684a1b545ebb: 22 groups; 1.5 s; peak memory 123 MiB.
2026-10-07T17:16:14Z INFO [19/900] 61a026e0-c207-472d-b035-46938554b875: 35 groups; 2.1 s; peak memory 123 MiB.
2026-10-07T17:16:16Z INFO [20/900] 61a0da9d-35f7-49e0-800e-cdcba8a517e2: 29 groups; 1.5 s; peak memory 123 MiB.
2026-10-07T17:16:19Z INFO [21/900] 61a1df34-4f96-4bc2-aaf5-396b56679d5e: 48 groups; 2.9 s; peak memory 123 MiB.
2026-10-07T17:18:59Z INFO [22/900] 61a39611-7058-4626-a7a4-63930e785e82: 65 groups; 159.9 s; peak memory 276 MiB.
2026-10-07T17:19:00Z INFO [23/900] 61a4dac2-5f9c-4253-aef9-18f9b520361e: 32 groups; 1.7 s; peak memory 276 MiB.
2026-10-07T17:19:02Z INFO [24/900] 61a5007c-d524-479f-8f4c-7c52fc099af2: 24 groups; 1.8 s; peak memory 276 MiB.
2026-10-07T17:19:05Z INFO [25/900] 61a68f93-9b9c-408b-bff9-f774f5c23044: 33 groups; 2.3 s; peak memory 276 MiB.
2026-10-07T17:19:06Z INFO [26/900] 61a6cb60-b627-4c0b-bea1-3c691f235a3f: 22 groups; 1.4 s; peak memory 276 MiB.
2026-10-07T17:19:26Z INFO [27/900] 61a6dd3f-3c78-4ba3-9603-8dfa7c19eef1: 91 groups; 20.4 s; peak memory 276 MiB.
2026-10-07T17:19:29Z INFO [28/900] 61a6f9ed-9ce6-4406-80ae-e19818a81239: 108 groups; 2.6 s; peak memory 276 MiB.
2026-10-07T17:19:31Z INFO [29/900] 61a7d00f-da99-4406-b8b8-692830d368d3: 22 groups; 1.5 s; peak memory 276 MiB.
2026-10-07T17:19:33Z INFO [30/900] 61a87328-57fc-4ba5-915d-95c79344d15b: 336 groups; 2.2 s; peak memory 276 MiB.
2026-10-07T17:19:35Z INFO [31/900] 61a8e26a-1cd8-48f6-a7be-42f365248fa3: 27 groups; 2.3 s; peak memory 276 MiB.
2026-10-07T17:19:37Z INFO [32/900] 61a9117e-44bf-43dc-aee1-f2f29b02fb74: 43 groups; 2.4 s; peak memory 276 MiB.
2026-10-07T17:19:39Z INFO [33/900] 61a956b3-6c77-4eb2-b60f-f0b5058a55cb: 195 groups; 2.0 s; peak memory 276 MiB.
2026-10-07T17:19:41Z INFO [34/900] 61aa664e-f83e-472a-84e4-806ba3b3af49: 103 groups; 2.0 s; peak memory 276 MiB.
2026-10-07T17:19:48Z INFO [35/900] 61ac0b5d-397c-4372-8f03-e188fb001efa: 71 groups; 7.1 s; peak memory 276 MiB.
2026-10-07T17:19:51Z INFO [36/900] 61ac3831-d352-4ebb-a178-fee6260ae460: 202 groups; 2.1 s; peak memory 276 MiB.
2026-10-07T17:20:02Z INFO [37/900] 61ad8e00-ee0b-46fa-a534-901aa7b01dc8: 199 groups; 11.3 s; peak memory 276 MiB.
2026-10-07T17:20:04Z INFO [38/900] 61adc893-f069-4a64-903d-0ccdee0361ad: 35 groups; 2.3 s; peak memory 276 MiB.
2026-10-07T17:20:06Z INFO [39/900] 61ae0f1f-9882-4251-8249-f4c319ac40a5: 35 groups; 2.1 s; peak memory 276 MiB.
2026-10-07T17:20:11Z INFO [40/900] 61ae1e43-60bb-423b-8ce0-268fd29fb047: 34 groups; 5.1 s; peak memory 276 MiB.
2026-10-07T17:20:13Z INFO [41/900] 61af0512-5454-49ae-b3e7-8511a9ca0cea: 22 groups; 1.3 s; peak memory 276 MiB.
2026-10-07T17:20:14Z INFO [42/900] 61af5a5e-6e7e-4845-a565-d04b43d0aba9: 22 groups; 1.5 s; peak memory 276 MiB.
2026-10-07T17:20:38Z INFO [43/900] 61af65f4-6df4-4b04-8121-c1b51d20036b: 157 groups; 24.1 s; peak memory 276 MiB.
2026-10-07T17:20:40Z INFO [44/900] 61b0ce3a-7409-47cf-b3ef-e51301234d30: 32 groups; 1.7 s; peak memory 276 MiB.
2026-10-07T17:20:42Z INFO [45/900] 61b0f851-07c4-4307-95bb-c96cef81c5a8: 35 groups; 2.2 s; peak memory 276 MiB.
2026-10-07T17:20:44Z INFO [46/900] 61b1478b-71ee-4e78-a602-63c59a91da14: 199 groups; 2.2 s; peak memory 276 MiB.
2026-10-07T17:20:46Z INFO [47/900] 61b1ad6b-f27f-49a6-994d-f49e4c28d779: 22 groups; 1.6 s; peak memory 276 MiB.
2026-10-07T17:20:48Z INFO [48/900] 61b2236f-4629-4323-8f77-de56a9afd4cf: 27 groups; 2.4 s; peak memory 276 MiB.
2026-10-07T17:20:54Z INFO [49/900] 61b25beb-3367-4076-b0ec-795ba9809d38: 57 groups; 5.3 s; peak memory 276 MiB.
2026-10-07T17:20:55Z INFO [50/900] 61b26140-c79d-4af2-8d6b-5f32581944b5: 30 groups; 1.2 s; peak memory 276 MiB.
2026-10-07T17:20:55Z INFO [50/900] 61b26140-c79d-4af2-8d6b-5f32581944b5: checkpointed 94086 records.
2026-10-07T17:20:56Z INFO [51/900] 61b60b33-cdec-4e00-b4e6-3865ceceeda8: 16 groups; 1.2 s; peak memory 276 MiB.
2026-10-07T17:20:58Z INFO [52/900] 61b6c1e3-8476-4a18-84bc-0331b0da8e0f: 32 groups; 1.6 s; peak memory 276 MiB.
2026-10-07T17:21:00Z INFO [53/900] 61b76f3e-e7f6-40c0-9c03-d536c952f01a: 32 groups; 2.0 s; peak memory 276 MiB.
2026-10-07T17:21:01Z INFO [54/900] 61b8df42-daee-4db3-b531-4f31bdf6c3e6: 22 groups; 1.4 s; peak memory 276 MiB.
2026-10-07T17:21:05Z INFO [55/900] 61b97a26-2c35-4dc1-9661-5169d91cc54c: 50 groups; 4.2 s; peak memory 276 MiB.
2026-10-07T17:21:14Z INFO [56/900] 61b9dfe7-38e6-4ec0-86ef-a4700a836666: 188 groups; 8.3 s; peak memory 276 MiB.
2026-10-07T17:21:15Z INFO [57/900] 61baa085-f7ad-4b7b-94fc-7091eec0b1b7: 24 groups; 1.5 s; peak memory 276 MiB.
2026-10-07T17:21:17Z INFO [58/900] 61bb41fc-06f2-4f0d-aa44-7979be07faaa: 42 groups; 2.1 s; peak memory 276 MiB.
2026-10-07T17:21:19Z INFO [59/900] 61bb79c6-4fbc-40ea-88cb-ead8540acfd3: 32 groups; 1.5 s; peak memory 276 MiB.
2026-10-07T17:21:21Z INFO [60/900] 61bc09d8-f885-42c8-ae7c-c2c0e5593179: 35 groups; 2.0 s; peak memory 276 MiB.
2026-10-07T17:21:23Z INFO [61/900] 61bd3961-a46f-4897-84d9-f2add1500819: 200 groups; 2.3 s; peak memory 276 MiB.
2026-10-07T17:21:24Z INFO [62/900] 61bd9c7a-d6bc-4f50-80b4-3a2d88f3032a: 22 groups; 1.3 s; peak memory 276 MiB.
2026-10-07T17:21:28Z INFO [63/900] 61be8336-08d5-4c2a-a365-6862ba678243: 48 groups; 3.7 s; peak memory 276 MiB.
2026-10-07T17:21:30Z INFO [64/900] 61be8c40-fb15-4fa7-967c-1f822f192099: 32 groups; 1.9 s; peak memory 276 MiB.
2026-10-07T17:59:10Z INFO [65/900] 61becbe5-fa15-424f-af1c-09857671415f: 187 groups; 2260.0 s; peak memory 1105 MiB.
2026-10-07T17:59:23Z INFO [66/900] 61bf0ed6-e829-457f-bd44-6110001bd759: 156 groups; 13.5 s; peak memory 1105 MiB.
2026-10-07T17:59:27Z INFO [67/900] 61bf1e32-c4ce-4403-8a4f-ff52549bcdb6: 48 groups; 3.1 s; peak memory 1105 MiB.
2026-10-07T17:59:38Z INFO [68/900] 61bf32f1-6dc7-4f2d-a937-dedc186088df: 50 groups; 11.2 s; peak memory 1105 MiB.
2026-10-07T17:59:39Z INFO [69/900] 61bfe2e4-0bf1-490b-9a11-d378adfe680d: 22 groups; 1.3 s; peak memory 1105 MiB.
2026-10-07T17:59:40Z INFO [70/900] 61c029b9-5ca1-49da-a11d-a6fa0685c554: 24 groups; 1.2 s; peak memory 1105 MiB.
2026-10-07T17:59:42Z INFO [71/900] 61c18799-3fac-4be8-98a1-8baf492b2d21: 22 groups; 1.6 s; peak memory 1105 MiB.
2026-10-07T17:59:44Z INFO [72/900] 61c28748-39ab-4021-8acc-bba2799a66dc: 32 groups; 2.1 s; peak memory 1105 MiB.
2026-10-07T17:59:45Z INFO [73/900] 61c33392-2c5f-4c2f-9d23-a458f5fcb686: 23 groups; 1.4 s; peak memory 1105 MiB.
2026-10-07T17:59:47Z INFO [74/900] 61c34bc4-4e18-4ad3-bcbc-e8d67c07d4bf: 22 groups; 1.5 s; peak memory 1105 MiB.
2026-10-07T17:59:50Z INFO [75/900] 61c3ee8c-5e4d-4bd4-9e79-ad557777b4f4: 64 groups; 3.4 s; peak memory 1105 MiB.
2026-10-07T17:59:52Z INFO [76/900] 61c40f93-fe13-4010-8683-268704fdf7f2: 24 groups; 1.5 s; peak memory 1105 MiB.
2026-10-07T17:59:53Z INFO [77/900] 61c4c1f3-a1e2-4982-ba89-5b781e55c8d7: 22 groups; 1.4 s; peak memory 1105 MiB.
2026-10-07T17:59:55Z INFO [78/900] 61c5d3c1-c0a6-4a58-a6c7-d8e85621401b: 32 groups; 1.9 s; peak memory 1105 MiB.
2026-10-07T18:00:04Z INFO [79/900] 61c636cb-0bc6-4a23-84b3-f5ece2f8def5: 70 groups; 8.7 s; peak memory 1105 MiB.
2026-10-07T18:00:05Z INFO [80/900] 61c6939a-b2b9-4a23-9ad6-cecd8abb6cc1: 32 groups; 1.8 s; peak memory 1105 MiB.
2026-10-07T18:00:07Z INFO [81/900] 61c6c587-a45a-4a97-899f-6bf513f0fa71: 26 groups; 1.4 s; peak memory 1105 MiB.
2026-10-07T18:00:08Z INFO [82/900] 61c6ee4c-5095-4402-a8de-8efaa727cf65: 22 groups; 1.5 s; peak memory 1105 MiB.
2026-10-07T18:00:10Z INFO [83/900] 61c749f1-540c-4ec9-833d-a109ff6b4aa8: 22 groups; 1.4 s; peak memory 1105 MiB.
2026-10-07T18:00:12Z INFO [84/900] 61c92bdd-200a-4798-977e-365e91295563: 195 groups; 2.0 s; peak memory 1105 MiB.
2026-10-07T18:00:14Z INFO [85/900] 61ca9c22-5eac-44de-b4d6-036389ba7750: 206 groups; 2.5 s; peak memory 1105 MiB.
2026-10-07T18:00:17Z INFO [86/900] 61cb655e-bc1d-4425-9148-cdd5c95f4f3b: 48 groups; 3.2 s; peak memory 1105 MiB.
2026-10-07T18:00:19Z INFO [87/900] 61cb74b3-1647-45ef-8623-f1a7e1d1f2a1: 253 groups; 1.5 s; peak memory 1105 MiB.
2026-10-07T18:00:21Z INFO [88/900] 61cb8c87-6d00-4ebe-b8f9-a3ff847f0dc1: 32 groups; 1.9 s; peak memory 1105 MiB.
2026-10-07T18:00:22Z INFO [89/900] 61ccb55b-f7ba-43e3-b5b0-2e2ca5465eea: 22 groups; 1.4 s; peak memory 1105 MiB.
2026-10-07T18:00:24Z INFO [90/900] 61ccbdf5-1cc1-4f95-aba7-3fda503f3462: 34 groups; 1.7 s; peak memory 1105 MiB.
2026-10-07T18:00:25Z INFO [91/900] 61cd459d-f9df-46e7-b090-810c7e3bbb88: 22 groups; 1.3 s; peak memory 1105 MiB.
2026-10-07T18:00:39Z INFO [92/900] 61cd4a21-4bcd-4dd1-9106-e0021742cc46: 76 groups; 13.3 s; peak memory 1105 MiB.
2026-10-07T18:00:41Z INFO [93/900] 61cd61b6-117f-467c-9771-9a8bfad11afe: 32 groups; 1.8 s; peak memory 1105 MiB.
2026-10-07T18:00:56Z INFO [94/900] 61ce17ed-c482-4969-8b12-ef1fd7ab5ab2: 148 groups; 15.8 s; peak memory 1105 MiB.
2026-10-07T18:00:58Z INFO [95/900] 61cef264-be15-4aed-ad00-ee9f4b7a8ae2: 35 groups; 2.1 s; peak memory 1105 MiB.
2026-10-07T18:01:17Z INFO [96/900] 61cfa74b-d784-4251-8b74-21224b9ceae7: 27 groups; 18.3 s; peak memory 1105 MiB.
2026-10-07T18:01:19Z INFO [97/900] 61d03241-d94b-4d6e-940a-9a7be3457bf1: 99 groups; 2.1 s; peak memory 1105 MiB.
2026-10-07T18:01:21Z INFO [98/900] 61d2258a-8d46-4a05-bac1-e65f73a29a38: 36 groups; 1.9 s; peak memory 1105 MiB.
2026-10-07T18:01:22Z INFO [99/900] 61d308d0-e1c1-4138-bc1a-1857f89bb9b3: 16 groups; 1.2 s; peak memory 1105 MiB.
2026-10-07T18:01:25Z INFO [100/900] 61d423b4-1f43-421b-8677-2935f5a5636b: 26 groups; 2.9 s; peak memory 1105 MiB.
2026-10-07T18:01:25Z INFO [100/900] 61d423b4-1f43-421b-8677-2935f5a5636b: checkpointed 94136 records.
2026-10-07T18:01:27Z INFO [101/900] 61d48d71-3d69-4c32-9669-8a311834b51a: 103 groups; 1.7 s; peak memory 1105 MiB.
2026-10-07T18:01:29Z INFO [102/900] 61d4b98b-8fca-48f7-baa3-cc9e1750fc7d: 32 groups; 1.8 s; peak memory 1105 MiB.
2026-10-07T18:01:30Z INFO [103/900] 61d4d802-b8b7-4a72-9f47-fba5182f3cf0: 27 groups; 1.7 s; peak memory 1105 MiB.
2026-10-07T18:01:32Z INFO [104/900] 61d502ce-cdf7-4e0c-9630-a95032436b2b: 33 groups; 2.2 s; peak memory 1105 MiB.
2026-10-07T18:01:34Z INFO [105/900] 61d51aed-d336-4fb4-a34d-491564714c7d: 32 groups; 1.7 s; peak memory 1105 MiB.
2026-10-07T18:01:50Z INFO [106/900] 61d5428e-6638-41cb-abb5-a3337dc0f0da: 231 groups; 15.6 s; peak memory 1105 MiB.
2026-10-07T18:01:52Z INFO [107/900] 61d63e2c-9679-445a-b841-a90afe0f225c: 33 groups; 2.0 s; peak memory 1105 MiB.
2026-10-07T18:01:54Z INFO [108/900] 61d7a5dd-c254-4cdd-b87a-8c1182be6451: 203 groups; 2.2 s; peak memory 1105 MiB.
2026-10-07T18:02:11Z INFO [109/900] 61d8b680-eed9-4a99-a545-ff90fc9c6687: 157 groups; 17.0 s; peak memory 1105 MiB.
2026-10-07T18:02:22Z INFO [110/900] 61d9cf5d-79e0-46ea-9095-bae80d91a685: 136 groups; 10.7 s; peak memory 1105 MiB.
2026-10-07T18:02:24Z INFO [111/900] 61da32cb-4589-4377-baae-c415d36c683c: 34 groups; 2.4 s; peak memory 1105 MiB.
2026-10-07T18:02:26Z INFO [112/900] 61da70a6-3726-4b9a-b9a7-2f24ecb325b8: 39 groups; 2.4 s; peak memory 1105 MiB.
2026-10-07T18:02:28Z INFO [113/900] 61dae4fb-b7ae-4134-ba54-e21dd2439c69: 33 groups; 2.0 s; peak memory 1105 MiB.
2026-10-07T18:02:31Z INFO [114/900] 61dc1fff-182f-4d04-bbb7-b563857a2681: 43 groups; 2.5 s; peak memory 1105 MiB.
2026-10-07T18:02:32Z INFO [115/900] 61dc355b-1f5d-4294-9ef1-0d08aaee1fd8: 22 groups; 1.5 s; peak memory 1105 MiB.
2026-10-07T18:02:47Z INFO [116/900] 61dd7501-0c61-4568-a37e-90b587a48ad5: 76 groups; 14.2 s; peak memory 1105 MiB.
2026-10-07T18:02:48Z INFO [117/900] 61de9090-20d9-4ab5-b63b-3359ed9650d5: 33 groups; 1.4 s; peak memory 1105 MiB.
2026-10-07T18:02:50Z INFO [118/900] 61df771c-7519-4566-a346-75ace9d8587f: 22 groups; 1.4 s; peak memory 1105 MiB.
2026-10-07T18:02:51Z INFO [119/900] 61e11435-1206-4025-a2db-55faf12db28e: 22 groups; 1.5 s; peak memory 1105 MiB.
2026-10-07T18:02:53Z INFO [120/900] 61e12f5a-7e09-40c0-bc49-b3189863d63d: 22 groups; 1.5 s; peak memory 1105 MiB.
2026-10-07T18:02:54Z INFO [121/900] 61e19e8d-6683-44da-9bbb-0db110e2acc3: 28 groups; 1.3 s; peak memory 1105 MiB.
2026-10-07T18:02:56Z INFO [122/900] 61e23bda-a479-4e17-8969-287537c75980: 202 groups; 1.9 s; peak memory 1105 MiB.
2026-10-07T18:02:57Z INFO [123/900] 61e2b845-65b8-4a6f-a0a0-11f0c48c1c1c: 22 groups; 1.4 s; peak memory 1105 MiB.
2026-10-07T18:02:59Z INFO [124/900] 61e31a4d-9fe8-4042-b9c6-39baa76dcca9: 22 groups; 1.4 s; peak memory 1105 MiB.
2026-10-07T18:03:07Z INFO [125/900] 61e490fd-d5a3-44be-9247-7695e94274d8: 181 groups; 8.2 s; peak memory 1105 MiB.
2026-10-07T18:03:14Z INFO [126/900] 61e4b010-72f1-4e97-a55f-264aeb5e5c94: 181 groups; 7.2 s; peak memory 1105 MiB.
2026-10-07T18:03:16Z INFO [127/900] 61e56516-0a2d-4571-b0dd-7be1321a0cff: 33 groups; 2.1 s; peak memory 1105 MiB.
2026-10-07T18:03:18Z INFO [128/900] 61e60ef5-2294-457b-9f8f-ce6d4eb28b1f: 32 groups; 1.8 s; peak memory 1105 MiB.
2026-10-07T18:03:19Z INFO [129/900] 61e67d34-b62b-4685-9293-fe1a875a9297: 16 groups; 1.2 s; peak memory 1105 MiB.
2026-10-07T18:03:21Z INFO [130/900] 61e6bc44-5f41-4b78-ba53-bfd0eaa92b2b: 22 groups; 1.6 s; peak memory 1105 MiB.
2026-10-07T18:03:30Z INFO [131/900] 61e73dab-a9b0-48ae-ae31-27f033723588: 167 groups; 8.9 s; peak memory 1105 MiB.
2026-10-07T18:04:40Z INFO [132/900] 61e7447b-5307-4e8c-b245-10d0e56008e5: 1119 groups; 70.1 s; peak memory 1105 MiB.
2026-10-07T18:04:41Z INFO [133/900] 61e79f1f-41e7-4e11-a2f3-325b39da28bd: 31 groups; 1.3 s; peak memory 1105 MiB.
2026-10-07T18:04:43Z INFO [134/900] 61e8231e-59b2-4e8c-a50d-8f58200a294b: 22 groups; 1.7 s; peak memory 1105 MiB.
2026-10-07T18:04:44Z INFO [135/900] 61e8a562-dd8e-499c-a703-940a12bfa287: 16 groups; 1.6 s; peak memory 1105 MiB.
2026-10-07T18:04:46Z INFO [136/900] 61e91d3e-0012-4755-8c5d-aaff1f542d4a: 33 groups; 1.5 s; peak memory 1105 MiB.
2026-10-07T18:04:55Z INFO [137/900] 61e97e1f-0f18-4583-9ef9-581423d4e095: 182 groups; 9.2 s; peak memory 1105 MiB.
2026-10-07T18:04:57Z INFO [138/900] 61e9e750-a629-4c4b-b350-51ccb27a05de: 35 groups; 2.1 s; peak memory 1105 MiB.
2026-10-07T18:10:26Z INFO [139/900] 61e9fd59-0042-4109-a8db-50e2b4b9f612: 7776 groups; 328.7 s; peak memory 1105 MiB.
2026-10-07T18:10:27Z INFO [140/900] 61ea0120-8cea-4939-871e-1b824ae917ec: 253 groups; 1.8 s; peak memory 1105 MiB.
2026-10-07T18:10:31Z INFO [141/900] 61ea4768-1299-483e-b9ed-f24a8cec050b: 202 groups; 3.0 s; peak memory 1105 MiB.
2026-10-07T18:10:34Z INFO [142/900] 61eb4393-3c1c-42c0-812f-d98af540f0b6: 207 groups; 3.1 s; peak memory 1105 MiB.
2026-10-07T18:10:35Z INFO [143/900] 61eb4574-9d7f-4033-986f-8631d8a6621c: 22 groups; 1.5 s; peak memory 1105 MiB.
2026-10-07T18:10:36Z INFO [144/900] 61ec627e-75de-4980-9bbd-7f0ef01abb6b: 16 groups; 1.4 s; peak memory 1105 MiB.
2026-10-07T18:10:38Z INFO [145/900] 61ee3886-cc05-40f2-a9e2-19058a466d4a: 22 groups; 1.6 s; peak memory 1105 MiB.
2026-10-07T18:10:40Z INFO [146/900] 61ee49f9-31b3-4fd4-a243-0b50371a4afe: 35 groups; 2.1 s; peak memory 1105 MiB.
2026-10-07T18:10:41Z INFO [147/900] 61eed0ad-2091-459b-b2c1-4199c95d819b: 22 groups; 1.4 s; peak memory 1105 MiB.
2026-10-07T18:10:43Z INFO [148/900] 61efb36a-f84a-4e5a-a8ad-2d22bdb7491b: 35 groups; 1.6 s; peak memory 1105 MiB.
2026-10-07T18:10:45Z INFO [149/900] 61efe845-92a0-4d78-9860-fde4fc60e9bc: 22 groups; 1.5 s; peak memory 1105 MiB.
2026-10-07T18:10:46Z INFO [150/900] 61f18b2b-36d6-4d9e-bf1d-b07798183f85: 22 groups; 1.4 s; peak memory 1105 MiB.
2026-10-07T18:10:46Z INFO [150/900] 61f18b2b-36d6-4d9e-bf1d-b07798183f85: checkpointed 94186 records.
2026-10-07T18:10:48Z INFO [151/900] 61f1932b-ab94-4230-947f-8be6079345fb: 22 groups; 1.5 s; peak memory 1105 MiB.
2026-10-07T18:10:49Z INFO [152/900] 61f1fd6c-9be0-4e71-a049-abb5c7abbe52: 22 groups; 1.6 s; peak memory 1105 MiB.
2026-10-07T18:10:51Z INFO [153/900] 61f239f4-c7a7-42a0-809c-1faf918de237: 31 groups; 2.1 s; peak memory 1105 MiB.
2026-10-07T18:10:53Z INFO [154/900] 61f33a52-e232-45fd-9e3d-8c82712d0893: 25 groups; 1.7 s; peak memory 1105 MiB.
2026-10-07T18:10:54Z INFO [155/900] 61f3f120-23dc-42de-b14d-60827d56bb71: 22 groups; 1.5 s; peak memory 1105 MiB.
2026-10-07T18:10:56Z INFO [156/900] 61f3f519-61bf-4e02-aded-422880c62162: 22 groups; 1.3 s; peak memory 1105 MiB.
2026-10-07T18:11:32Z INFO [157/900] 61f453f6-b1f5-4618-b5ca-73df7b93e657: 17 groups; 36.1 s; peak memory 1105 MiB.
2026-10-07T18:11:35Z INFO [158/900] 61f4a39a-b29b-4b11-bdd8-5a1a413f4948: 201 groups; 3.3 s; peak memory 1105 MiB.
2026-10-07T18:11:37Z INFO [159/900] 61f51c0c-1460-4d9b-a3d1-8df3c02008e2: 22 groups; 1.5 s; peak memory 1105 MiB.
2026-10-07T18:11:41Z INFO [160/900] 61f6979a-bd8a-4612-8a41-ad683612608d: 50 groups; 3.9 s; peak memory 1105 MiB.
2026-10-07T18:11:43Z INFO [161/900] 61f6b884-41aa-42ef-b981-63008288c2e1: 33 groups; 2.2 s; peak memory 1105 MiB.
2026-10-07T18:14:39Z INFO [162/900] 61f82c38-9ee2-4f6c-8001-9dff0a922d4d: 72 groups; 176.4 s; peak memory 1105 MiB.
2026-10-07T18:14:41Z INFO [163/900] 61f8a721-1831-4bab-b19b-431c8612fc56: 22 groups; 1.7 s; peak memory 1105 MiB.
2026-10-07T18:14:42Z INFO [164/900] 61f93cee-0eb6-4c7b-bc52-5ef2f8223030: 22 groups; 1.4 s; peak memory 1105 MiB.
2026-10-07T18:14:44Z INFO [165/900] 61f97de2-8e85-4540-be61-a9cdee1f2d18: 16 groups; 1.4 s; peak memory 1105 MiB.
2026-10-07T18:14:54Z INFO [166/900] 61f9d547-9565-420c-8791-4fa703031588: 50 groups; 10.2 s; peak memory 1105 MiB.
2026-10-07T18:14:57Z INFO [167/900] 61fa05ca-baf9-4a87-96df-5c67b2b50ab8: 341 groups; 2.8 s; peak memory 1105 MiB.
2026-10-07T18:15:01Z INFO [168/900] 61fa5c57-e589-4049-9ed3-59c3ce3d3a78: 47 groups; 4.7 s; peak memory 1105 MiB.
2026-10-07T18:15:03Z INFO [169/900] 61fb1b1e-fe41-40ad-abc5-38a4c27e9ef9: 22 groups; 1.6 s; peak memory 1105 MiB.
2026-10-07T18:15:07Z INFO [170/900] 61fbcc5f-8250-454b-824b-b58e2dd4a658: 50 groups; 4.1 s; peak memory 1105 MiB.
2026-10-07T18:15:09Z INFO [171/900] 61fde375-2194-4847-905a-e123aebce04f: 22 groups; 1.5 s; peak memory 1105 MiB.
2026-10-07T18:15:10Z INFO [172/900] 61fe14e9-0003-4e00-bfcd-ea60c75b79bf: 31 groups; 1.2 s; peak memory 1105 MiB.
2026-10-07T18:15:13Z INFO [173/900] 61fe35ee-01a9-4cad-be23-6862d11b1046: 48 groups; 3.1 s; peak memory 1105 MiB.
2026-10-07T18:15:15Z INFO [174/900] 62004a7e-814e-4b06-b2c5-5bbcebac6da4: 36 groups; 2.0 s; peak memory 1105 MiB.
2026-10-07T18:15:16Z INFO [175/900] 6200df25-5dd6-474f-a182-c16163e6d98c: 22 groups; 1.4 s; peak memory 1105 MiB.
2026-10-07T18:15:22Z INFO [176/900] 6200f0e6-f32c-4d46-91fa-5a67b8ac4497: 108 groups; 5.3 s; peak memory 1105 MiB.
2026-10-07T18:17:55Z INFO [177/900] 6201d8b4-0dc9-41a0-9983-51621c79e713: 68 groups; 153.8 s; peak memory 1105 MiB.
2026-10-07T18:17:57Z INFO [178/900] 62026d27-806d-4723-8c3c-951893d6439f: 22 groups; 1.5 s; peak memory 1105 MiB.
2026-10-07T18:17:58Z INFO [179/900] 6202e145-867f-4d8c-86b3-4993b1c94e48: 16 groups; 1.3 s; peak memory 1105 MiB.
2026-10-07T18:18:00Z INFO [180/900] 620307eb-587a-40b6-bc92-d801cd58f212: 32 groups; 1.7 s; peak memory 1105 MiB.
2026-10-07T18:18:06Z INFO [181/900] 62038f88-0514-4235-96d8-57bb0a7d7d41: 78 groups; 6.0 s; peak memory 1105 MiB.
2026-10-07T18:18:08Z INFO [182/900] 6203a1a8-f14b-4db2-98ea-a4d29080859f: 201 groups; 2.1 s; peak memory 1105 MiB.
2026-10-07T18:18:09Z INFO [183/900] 62061916-8204-429a-8043-9d440ca15789: 22 groups; 1.6 s; peak memory 1105 MiB.
2026-10-07T18:18:32Z INFO [184/900] 62065c22-d21e-45f6-a5db-1d21762d9766: 1014 groups; 22.3 s; peak memory 1105 MiB.
2026-10-07T18:18:34Z INFO [185/900] 62068c28-54ac-4fb5-a5e8-ee37ce4cdcd3: 35 groups; 2.1 s; peak memory 1105 MiB.
2026-10-07T18:18:35Z INFO [186/900] 6207c696-fe1b-4776-8186-cfbf5d033223: 22 groups; 1.4 s; peak memory 1105 MiB.
2026-10-07T18:18:40Z INFO [187/900] 6207ed2c-2ccb-4c77-9c2f-c52db5d3059f: 29 groups; 5.2 s; peak memory 1105 MiB.
2026-10-07T18:18:42Z INFO [188/900] 62080bf4-4fa6-4780-bb5c-9ab513e727b9: 25 groups; 1.7 s; peak memory 1105 MiB.
2026-10-07T18:18:44Z INFO [189/900] 62084142-bb35-440c-ab19-23ba8f373ca7: 253 groups; 1.8 s; peak memory 1105 MiB.
2026-10-07T18:18:45Z INFO [190/900] 620862fb-483e-43f3-a08e-13fcf618cc11: 22 groups; 1.5 s; peak memory 1105 MiB.
2026-10-07T18:18:48Z INFO [191/900] 62098c99-6303-414e-baea-a73d2d3e2492: 199 groups; 2.4 s; peak memory 1105 MiB.
2026-10-07T18:18:56Z INFO [192/900] 6209901f-2f3f-4eb6-8664-0b0672b867f7: 67 groups; 8.1 s; peak memory 1105 MiB.
2026-10-07T18:18:59Z INFO [193/900] 620ad41d-a0c9-4e0a-a0fc-c334887e36b9: 48 groups; 3.1 s; peak memory 1105 MiB.
2026-10-07T18:19:01Z INFO [194/900] 620b3886-b980-4235-88a1-68bc23fa5547: 256 groups; 1.7 s; peak memory 1105 MiB.
2026-10-07T18:19:03Z INFO [195/900] 620b3fcc-81eb-4848-8e29-9613aa0624f0: 35 groups; 2.5 s; peak memory 1105 MiB.
2026-10-07T18:19:08Z INFO [196/900] 620bfa6e-43a1-4c1a-8431-7d98e782b115: 80 groups; 4.7 s; peak memory 1105 MiB.
2026-10-07T18:19:10Z INFO [197/900] 620c73d3-aae6-44ff-90ad-0b53dc5d5d5f: 195 groups; 2.1 s; peak memory 1105 MiB.
2026-10-07T18:19:13Z INFO [198/900] 620cd999-2937-4a45-870d-2ae4771b4a01: 54 groups; 3.0 s; peak memory 1105 MiB.
2026-10-07T18:19:27Z INFO [199/900] 620cf164-2755-43f5-8805-9a6d591685df: 301 groups; 14.2 s; peak memory 1105 MiB.
2026-10-07T18:19:29Z INFO [200/900] 620d18a1-869e-4295-aafe-d3be375088d9: 22 groups; 1.6 s; peak memory 1105 MiB.
2026-10-07T18:19:29Z INFO [200/900] 620d18a1-869e-4295-aafe-d3be375088d9: checkpointed 94236 records.
2026-10-07T18:19:38Z INFO [201/900] 620d2019-73a3-47e7-89b8-d36fbe5e89a0: 34 groups; 9.1 s; peak memory 1105 MiB.
2026-10-07T18:19:42Z INFO [202/900] 620d2ed5-0d86-4fd6-999a-a8bb096408dc: 47 groups; 3.6 s; peak memory 1105 MiB.
2026-10-07T18:19:43Z INFO [203/900] 620d3b9a-8cd7-4769-8994-9f7b0193ed17: 24 groups; 1.5 s; peak memory 1105 MiB.
2026-10-07T18:19:45Z INFO [204/900] 620e0472-f739-44bd-bcf6-a30008245731: 201 groups; 2.0 s; peak memory 1105 MiB.
2026-10-07T18:19:47Z INFO [205/900] 620f635c-bb49-4757-9997-691ffe0b280f: 25 groups; 1.6 s; peak memory 1105 MiB.
2026-10-07T18:19:49Z INFO [206/900] 62102291-5730-42cd-8612-0d1fffa2560a: 336 groups; 2.4 s; peak memory 1105 MiB.
2026-10-07T18:19:51Z INFO [207/900] 6210f436-0088-4668-bfd2-899eaf7c37f7: 32 groups; 1.7 s; peak memory 1105 MiB.
2026-10-07T18:20:01Z INFO [208/900] 62115053-b3cf-42ab-8323-6a07a6a47d20: 159 groups; 9.9 s; peak memory 1105 MiB.
2026-10-07T18:20:02Z INFO [209/900] 62115969-3033-4b87-aa6b-51b4cf793044: 22 groups; 1.6 s; peak memory 1105 MiB.
2026-10-07T18:20:05Z INFO [210/900] 6211709b-0187-4d92-9f42-535e0fb8fb52: 43 groups; 2.7 s; peak memory 1105 MiB.
2026-10-07T18:20:06Z INFO [211/900] 621377d3-bef6-427d-a152-3971fa238f67: 26 groups; 1.2 s; peak memory 1105 MiB.
2026-10-07T18:20:08Z INFO [212/900] 621383d5-9c49-4cb5-b35f-62040b7b7943: 32 groups; 1.6 s; peak memory 1105 MiB.
2026-10-07T18:20:12Z INFO [213/900] 6213a812-cbb7-411e-b285-a3719d5525e8: 48 groups; 3.9 s; peak memory 1105 MiB.
2026-10-07T18:20:13Z INFO [214/900] 6216d918-9f05-4f8f-8335-7fa78ecd80a7: 22 groups; 1.3 s; peak memory 1105 MiB.
2026-10-07T18:20:15Z INFO [215/900] 6217ba88-af66-4760-8826-ea7fd88af4c2: 32 groups; 1.7 s; peak memory 1105 MiB.
2026-10-07T18:20:16Z INFO [216/900] 621903e3-6ee0-47d6-b303-eb17cecb4ae9: 16 groups; 1.2 s; peak memory 1105 MiB.
2026-10-07T18:20:17Z INFO [217/900] 62198835-95d8-4f90-ad74-162f2cc0ebe1: 22 groups; 1.4 s; peak memory 1105 MiB.
2026-10-07T18:20:29Z INFO [218/900] 621a6f73-2db4-49f8-b1c3-c4a84e1e0d70: 209 groups; 11.1 s; peak memory 1105 MiB.
2026-10-07T18:20:30Z INFO [219/900] 621a8b9f-6ec0-414b-bf76-8d0f45527871: 32 groups; 1.7 s; peak memory 1105 MiB.
2026-10-07T18:20:34Z INFO [220/900] 621bcdc3-7308-4793-a072-db7d180e4402: 56 groups; 3.7 s; peak memory 1105 MiB.
2026-10-07T18:20:36Z INFO [221/900] 621c528d-0ee5-4d04-80ba-b752761bac86: 200 groups; 2.3 s; peak memory 1105 MiB.
2026-10-07T18:20:40Z INFO [222/900] 621cd51b-393b-4956-8d18-4c44de6efdda: 50 groups; 4.0 s; peak memory 1105 MiB.
2026-10-07T18:20:42Z INFO [223/900] 621d71cf-e239-40b7-8d2b-98ab74b5744f: 29 groups; 1.6 s; peak memory 1105 MiB.
2026-10-07T18:20:43Z INFO [224/900] 621dcdcf-8da2-4972-a0bc-08ad2ae26741: 32 groups; 1.6 s; peak memory 1105 MiB.
2026-10-07T18:20:47Z INFO [225/900] 621df393-f739-4645-be80-7586a5bfe3ec: 17 groups; 3.3 s; peak memory 1105 MiB.
2026-10-07T18:20:49Z INFO [226/900] 621ed9f0-8e25-464c-bcea-0f96fe678df6: 103 groups; 1.8 s; peak memory 1105 MiB.
2026-10-07T18:20:50Z INFO [227/900] 621ee849-7c9d-46a7-b50d-fdc009640c2c: 35 groups; 1.8 s; peak memory 1105 MiB.
2026-10-07T18:21:05Z INFO [228/900] 621f5c37-d7bc-4cb6-8bd7-a712f33aae49: 33 groups; 15.0 s; peak memory 1105 MiB.
2026-10-07T18:21:09Z INFO [229/900] 621fab42-4fe3-4bf9-b9fc-252f229d9d6c: 17 groups; 3.1 s; peak memory 1105 MiB.
2026-10-07T18:21:16Z INFO [230/900] 621fd43b-659d-45fc-a13d-c3b4eccf93c7: 181 groups; 7.7 s; peak memory 1105 MiB.
2026-10-07T18:21:32Z INFO [231/900] 62200c54-ff6a-4037-82e9-f69fa7dd08bc: 2238 groups; 15.6 s; peak memory 1105 MiB.
2026-10-07T18:21:33Z INFO [232/900] 6220707d-89e8-467e-abd1-b6362f6faf9d: 22 groups; 1.5 s; peak memory 1105 MiB.
2026-10-07T18:21:35Z INFO [233/900] 62244319-a10b-4431-a836-52c514895a59: 29 groups; 2.0 s; peak memory 1105 MiB.
2026-10-07T18:21:37Z INFO [234/900] 622446a3-773f-404e-8a56-e1fdc86a0021: 22 groups; 1.5 s; peak memory 1105 MiB.
2026-10-07T18:23:30Z INFO [235/900] 62246d87-cfe6-4faa-9bae-7eff8eb65d84: 33 groups; 112.6 s; peak memory 1105 MiB.
2026-10-07T18:23:31Z INFO [236/900] 622510dd-e139-4e49-b04f-f30b8e6e781a: 28 groups; 1.7 s; peak memory 1105 MiB.
2026-10-07T18:23:32Z INFO [237/900] 62254207-50a6-464c-8bcd-678a3b03449c: 18 groups; 1.3 s; peak memory 1105 MiB.
2026-10-07T18:23:35Z INFO [238/900] 62263de8-0ec8-488a-8053-4987003cc7dd: 33 groups; 2.3 s; peak memory 1105 MiB.
2026-10-07T18:23:39Z INFO [239/900] 62265e9e-24d5-41c8-b543-4c64776ff8bb: 202 groups; 4.7 s; peak memory 1105 MiB.
2026-10-07T18:23:45Z INFO [240/900] 62269582-0edc-4cee-be41-21b75c0f17b9: 133 groups; 6.0 s; peak memory 1105 MiB.
2026-10-07T18:23:47Z INFO [241/900] 6226a76c-54bb-4ffd-acc0-d2e3c908b0d9: 22 groups; 1.6 s; peak memory 1105 MiB.
2026-10-07T18:23:55Z INFO [242/900] 6227169c-5e99-4a14-a58e-d540302c0669: 85 groups; 8.3 s; peak memory 1105 MiB.
2026-10-07T18:24:02Z INFO [243/900] 62277823-f86d-4a92-a5d1-53731181b8aa: 78 groups; 6.6 s; peak memory 1105 MiB.
2026-10-07T18:24:08Z INFO [244/900] 62297120-831b-4074-a0bc-24474451847d: 75 groups; 6.4 s; peak memory 1105 MiB.
2026-10-07T18:24:11Z INFO [245/900] 6229810a-9a35-46e0-a37c-1840bab9bf7f: 32 groups; 2.2 s; peak memory 1105 MiB.
2026-10-07T18:24:12Z INFO [246/900] 6229e3f0-4f94-41ba-b4bd-c9f10489db1a: 16 groups; 1.4 s; peak memory 1105 MiB.
2026-10-07T18:24:14Z INFO [247/900] 622a146f-c518-4f3a-beea-368f653e813c: 35 groups; 2.0 s; peak memory 1105 MiB.
2026-10-07T18:24:15Z INFO [248/900] 622acfa0-6285-4886-b650-61c9839134e0: 22 groups; 1.5 s; peak memory 1105 MiB.
2026-10-07T18:24:18Z INFO [249/900] 622adfc1-07c9-442f-b2ba-c4a1800f8a9a: 202 groups; 2.1 s; peak memory 1105 MiB.
2026-10-07T18:24:24Z INFO [250/900] 622b0936-7c09-45df-bb46-f795b6b6b925: 78 groups; 6.6 s; peak memory 1105 MiB.
2026-10-07T18:24:24Z INFO [250/900] 622b0936-7c09-45df-bb46-f795b6b6b925: checkpointed 94286 records.
2026-10-07T18:24:36Z INFO [251/900] 622b0e03-a3c4-43b7-b9af-4ea35a07ce9c: 1755 groups; 11.8 s; peak memory 1105 MiB.
2026-10-07T18:24:38Z INFO [252/900] 622b8042-ab1d-47b3-98c2-e0161b135a67: 33 groups; 2.2 s; peak memory 1105 MiB.
2026-10-07T18:24:40Z INFO [253/900] 622cae8f-51c9-430d-a5ae-30250cfa74d5: 22 groups; 1.4 s; peak memory 1105 MiB.
2026-10-07T18:24:41Z INFO [254/900] 622cbc09-d3fc-4b2c-af8b-3523206ba13c: 18 groups; 1.3 s; peak memory 1105 MiB.
2026-10-07T18:24:42Z INFO [255/900] 622d5719-2ee8-44c5-8125-a31a0f2c4922: 22 groups; 1.3 s; peak memory 1105 MiB.
2026-10-07T18:24:45Z INFO [256/900] 622e1710-f634-4700-9b94-33df2fb64627: 54 groups; 2.9 s; peak memory 1105 MiB.
2026-10-07T18:25:01Z INFO [257/900] 622e96ba-abef-4d6e-a72e-3da6aee5b4cd: 271 groups; 16.1 s; peak memory 1105 MiB.
2026-10-07T18:25:04Z INFO [258/900] 622ea6b9-7027-4f9b-9f5c-74b2d50693b0: 49 groups; 2.7 s; peak memory 1105 MiB.
2026-10-07T18:25:05Z INFO [259/900] 622fa149-8a7f-46b8-8b6c-594902950179: 22 groups; 1.4 s; peak memory 1105 MiB.
2026-10-07T18:25:08Z INFO [260/900] 62312682-f9ec-43e2-9294-263ca24ca923: 42 groups; 2.1 s; peak memory 1105 MiB.
2026-10-07T18:25:09Z INFO [261/900] 62312b4d-4e3d-4b35-a289-1ec9ec348dd0: 22 groups; 1.6 s; peak memory 1105 MiB.
2026-10-07T18:25:13Z INFO [262/900] 6231839b-a827-48cb-966e-0961fa470f5e: 48 groups; 3.5 s; peak memory 1105 MiB.
2026-10-07T18:25:14Z INFO [263/900] 6231bbfa-e36a-45ba-943f-dd60e9518c85: 22 groups; 1.4 s; peak memory 1105 MiB.
2026-10-07T18:25:16Z INFO [264/900] 6231fc43-eca1-46dd-90bd-6f32391c5268: 28 groups; 1.5 s; peak memory 1105 MiB.
2026-10-07T18:25:23Z INFO [265/900] 623240a9-ebe5-404c-91c7-61c26e5bc241: 128 groups; 7.5 s; peak memory 1105 MiB.
2026-10-07T18:25:24Z INFO [266/900] 62324e10-61a5-4be1-a057-0dd41400cab1: 31 groups; 1.3 s; peak memory 1105 MiB.
2026-10-07T18:25:28Z INFO [267/900] 6234a8cf-e478-4a05-b716-b84a269f8aca: 64 groups; 3.2 s; peak memory 1105 MiB.
2026-10-07T18:25:29Z INFO [268/900] 623560c0-80fc-4232-b846-26b627329d81: 17 groups; 1.3 s; peak memory 1105 MiB.
2026-10-07T18:25:30Z INFO [269/900] 6235e898-f78b-404f-8f42-16a59a894a5c: 17 groups; 1.5 s; peak memory 1105 MiB.
2026-10-07T18:25:32Z INFO [270/900] 6236a336-3af8-4d33-84a4-578f5784c677: 16 groups; 1.6 s; peak memory 1105 MiB.
2026-10-07T18:25:34Z INFO [271/900] 62379d85-92ea-4da5-93eb-3f511b41bc9a: 22 groups; 1.6 s; peak memory 1105 MiB.
2026-10-07T18:25:36Z INFO [272/900] 6237ff20-c7de-44a7-9b54-2f65e3778f2d: 32 groups; 2.2 s; peak memory 1105 MiB.
2026-10-07T18:25:37Z INFO [273/900] 62381c8d-9f4a-4027-9c6d-3922a9b1517e: 22 groups; 1.5 s; peak memory 1105 MiB.
2026-10-07T18:25:49Z INFO [274/900] 6238a1f8-139e-49b6-9ee8-33be5e5fcad4: 206 groups; 12.3 s; peak memory 1105 MiB.
2026-10-07T18:25:52Z INFO [275/900] 6238a24b-d66f-4898-87fe-fabc36c488e3: 35 groups; 2.2 s; peak memory 1105 MiB.
2026-10-07T18:25:53Z INFO [276/900] 623989cb-282e-431f-9d82-131cc324d939: 22 groups; 1.4 s; peak memory 1105 MiB.
2026-10-07T18:25:55Z INFO [277/900] 623ad23d-318c-468f-8a6a-d430885ad8b2: 35 groups; 2.3 s; peak memory 1105 MiB.
2026-10-07T18:25:57Z INFO [278/900] 623b0115-9c6a-47a1-bf82-6e762566acb6: 18 groups; 1.2 s; peak memory 1105 MiB.
2026-10-07T18:25:59Z INFO [279/900] 623b057e-cfce-44fb-ab49-dde56ff3b18f: 27 groups; 2.1 s; peak memory 1105 MiB.
2026-10-07T18:26:02Z INFO [280/900] 623c6412-5eed-40ab-9d9b-25efebe1901f: 338 groups; 3.3 s; peak memory 1105 MiB.
2026-10-07T18:26:03Z INFO [281/900] 623cc5aa-cbb2-47fb-af30-e0165c1075eb: 16 groups; 1.2 s; peak memory 1105 MiB.
2026-10-07T18:26:05Z INFO [282/900] 623e2edc-7acc-4704-a515-3aa028106dc5: 22 groups; 1.4 s; peak memory 1105 MiB.
2026-10-07T18:26:06Z INFO [283/900] 623e3348-0678-4b76-afe7-228264b486ff: 25 groups; 1.3 s; peak memory 1105 MiB.
2026-10-07T18:26:08Z INFO [284/900] 623e9df4-fc47-43c2-93b0-9744eb200f80: 28 groups; 1.7 s; peak memory 1105 MiB.
2026-10-07T18:26:23Z INFO [285/900] 623ee055-faf4-4a4f-9224-8d62df264eca: 275 groups; 15.7 s; peak memory 1105 MiB.
2026-10-07T18:26:25Z INFO [286/900] 623f26de-694f-45b0-9290-9a32c0fbe5f5: 32 groups; 1.5 s; peak memory 1105 MiB.
2026-10-07T18:26:28Z INFO [287/900] 62402313-198b-4ee3-b3f7-098543e41395: 54 groups; 3.6 s; peak memory 1105 MiB.
2026-10-07T18:26:30Z INFO [288/900] 6241063c-9d27-4386-a838-a08123b4743d: 103 groups; 2.1 s; peak memory 1105 MiB.
2026-10-07T18:26:32Z INFO [289/900] 6242774c-c822-4969-9147-3bfe0d46ef40: 32 groups; 1.8 s; peak memory 1105 MiB.
2026-10-07T18:26:34Z INFO [290/900] 6242e888-d562-487f-9ee9-e189baaa2645: 41 groups; 1.6 s; peak memory 1105 MiB.
2026-10-07T18:26:37Z INFO [291/900] 62430bb0-b776-4775-8dc1-b75b9f40ae84: 71 groups; 3.6 s; peak memory 1105 MiB.
2026-10-07T18:26:55Z INFO [292/900] 62438a6f-565a-4f28-83be-5256c7c68882: 216 groups; 17.1 s; peak memory 1105 MiB.
2026-10-07T18:26:56Z INFO [293/900] 6243d184-7ee1-4a71-b034-eec7ba2978d8: 32 groups; 1.7 s; peak memory 1105 MiB.
2026-10-07T18:26:58Z INFO [294/900] 6244b092-e68e-4052-8f6b-b5efac419c6c: 28 groups; 1.7 s; peak memory 1105 MiB.
2026-10-07T18:27:00Z INFO [295/900] 6245efe1-1812-45f1-bad7-4c3dfc0ab6ae: 35 groups; 2.4 s; peak memory 1105 MiB.
2026-10-07T18:27:02Z INFO [296/900] 62460465-4d67-434b-9903-ac743ec6ba30: 35 groups; 2.0 s; peak memory 1105 MiB.
2026-10-07T18:27:04Z INFO [297/900] 6247396d-249b-419f-87d8-f880aa872da7: 202 groups; 2.1 s; peak memory 1105 MiB.
2026-10-07T18:27:06Z INFO [298/900] 62480bda-112b-45e0-b127-51deda30a965: 22 groups; 1.5 s; peak memory 1105 MiB.
2026-10-07T18:27:14Z INFO [299/900] 6248115f-4293-44e3-b0fb-d3c35ed44c89: 181 groups; 8.2 s; peak memory 1105 MiB.
2026-10-07T18:27:16Z INFO [300/900] 62481c66-5a57-4a2d-96c9-d4548dae78d8: 32 groups; 1.8 s; peak memory 1105 MiB.
2026-10-07T18:27:16Z INFO [300/900] 62481c66-5a57-4a2d-96c9-d4548dae78d8: checkpointed 94336 records.
2026-10-07T18:27:18Z INFO [301/900] 62489a50-2896-40ee-990e-ebac66c428c6: 25 groups; 1.7 s; peak memory 1105 MiB.
2026-10-07T18:27:19Z INFO [302/900] 624af4a0-1a81-4f6a-98ea-c25c88933602: 22 groups; 1.6 s; peak memory 1105 MiB.
2026-10-07T18:27:21Z INFO [303/900] 624b5698-f08b-4b13-a6fb-5b92c8243d7c: 22 groups; 1.5 s; peak memory 1105 MiB.
2026-10-07T18:27:22Z INFO [304/900] 624b72a0-5e9e-4c65-b3fe-0aaec8a594cf: 32 groups; 1.6 s; peak memory 1105 MiB.
2026-10-07T18:27:26Z INFO [305/900] 624b8a18-7fa7-46fc-9571-bffa64fc5f70: 63 groups; 3.7 s; peak memory 1105 MiB.
2026-10-07T18:27:27Z INFO [306/900] 624cf7ba-c100-4b0f-b5f4-0d1bc15f7b46: 28 groups; 1.4 s; peak memory 1105 MiB.
2026-10-07T18:27:30Z INFO [307/900] 624dae2a-2d17-49b6-a301-652f117d9e5d: 29 groups; 2.4 s; peak memory 1105 MiB.
2026-10-07T18:27:32Z INFO [308/900] 624ed9c3-5172-492a-9e17-4fe5c8897f08: 36 groups; 2.4 s; peak memory 1105 MiB.
2026-10-07T18:27:46Z INFO [309/900] 624f45de-b924-4ba5-a748-08232e3c1fec: 179 groups; 13.4 s; peak memory 1105 MiB.
2026-10-07T18:27:49Z INFO [310/900] 624f8d1d-62b4-40f3-873b-ceea080c4294: 48 groups; 3.3 s; peak memory 1105 MiB.
2026-10-07T18:27:51Z INFO [311/900] 624fb085-b25e-4250-960d-120f19d08fdf: 193 groups; 1.7 s; peak memory 1105 MiB.
2026-10-07T18:27:52Z INFO [312/900] 62500e9f-db58-4273-af56-d5a006597cd3: 33 groups; 1.5 s; peak memory 1105 MiB.
2026-10-07T18:27:54Z INFO [313/900] 62501d12-00ce-4295-b817-7bf5d3c5ec1b: 22 groups; 1.5 s; peak memory 1105 MiB.
2026-10-07T18:27:55Z INFO [314/900] 62503a45-8efe-47cd-9809-625c11128d49: 32 groups; 1.4 s; peak memory 1105 MiB.
2026-10-07T18:27:57Z INFO [315/900] 625089e5-3d7f-4988-bc94-d86b556181a8: 32 groups; 1.7 s; peak memory 1105 MiB.
2026-10-07T18:27:58Z INFO [316/900] 62512280-971a-408a-bc98-1d7a21945e99: 22 groups; 1.6 s; peak memory 1105 MiB.
2026-10-07T18:28:00Z INFO [317/900] 62527da1-e9c5-455d-b40f-a279f38f7b3f: 32 groups; 1.6 s; peak memory 1105 MiB.
2026-10-07T18:28:02Z INFO [318/900] 6253cf6e-1879-46b8-bf41-18eb3f831eea: 32 groups; 1.7 s; peak memory 1105 MiB.
2026-10-07T18:28:03Z INFO [319/900] 6254af16-d990-4a66-b6f4-9d96aa1aaa41: 22 groups; 1.4 s; peak memory 1105 MiB.
2026-10-07T18:28:04Z INFO [320/900] 62562eee-875e-4232-8361-fb7f123fb64c: 28 groups; 1.4 s; peak memory 1105 MiB.
2026-10-07T18:28:07Z INFO [321/900] 62563777-5a12-4ba3-93c3-05b786a3f248: 195 groups; 2.1 s; peak memory 1105 MiB.
2026-10-07T18:28:08Z INFO [322/900] 62563d9c-94b8-4847-92cc-8d67c305dc7c: 27 groups; 1.6 s; peak memory 1105 MiB.
2026-10-07T18:28:20Z INFO [323/900] 625643e8-0681-404b-8bc0-820198438740: 165 groups; 12.0 s; peak memory 1105 MiB.
2026-10-07T18:28:27Z INFO [324/900] 62564447-450f-45bd-b576-5cdce36936e9: 125 groups; 6.4 s; peak memory 1105 MiB.
2026-10-07T18:28:28Z INFO [325/900] 6256bf00-affa-4fdc-a349-494ca12cce00: 25 groups; 1.7 s; peak memory 1105 MiB.
2026-10-07T18:28:35Z INFO [326/900] 6256ceb6-2616-4a2c-90c8-673a6ee1b062: 181 groups; 7.2 s; peak memory 1105 MiB.
2026-10-07T18:28:38Z INFO [327/900] 62570c34-92c7-44ec-b478-e37d3fc42e15: 337 groups; 2.3 s; peak memory 1105 MiB.
2026-10-07T18:29:02Z INFO [328/900] 62574ce3-ceff-4434-aa4c-c0cd4648a5f1: 23 groups; 24.4 s; peak memory 1105 MiB.
2026-10-07T18:29:04Z INFO [329/900] 6257be82-aada-4bf4-b67a-b27175f4dc79: 24 groups; 1.4 s; peak memory 1105 MiB.
2026-10-07T18:29:05Z INFO [330/900] 6257d726-50c5-47a6-bb4e-d04cd5f9d591: 22 groups; 1.5 s; peak memory 1105 MiB.
2026-10-07T18:29:07Z INFO [331/900] 62588afa-0a8f-453d-9fc8-de97692b0523: 35 groups; 2.0 s; peak memory 1105 MiB.
2026-10-07T18:29:08Z INFO [332/900] 625a3e9d-4c91-416f-9d9d-5808266d1027: 32 groups; 1.5 s; peak memory 1105 MiB.
2026-10-07T18:29:11Z INFO [333/900] 625b2e7c-e07d-4b86-b0e3-a7aa4481e922: 48 groups; 2.7 s; peak memory 1105 MiB.
2026-10-07T18:29:13Z INFO [334/900] 625c5358-7358-42a8-aea1-cdaee6ce48c6: 22 groups; 1.4 s; peak memory 1105 MiB.
2026-10-07T18:29:14Z INFO [335/900] 625c9fa4-869e-467d-948d-0e36c7d5814d: 32 groups; 1.8 s; peak memory 1105 MiB.
2026-10-07T18:29:16Z INFO [336/900] 625dfc07-3dde-4b63-bd4f-2c0f8d8a7c4c: 28 groups; 1.5 s; peak memory 1105 MiB.
2026-10-07T18:29:17Z INFO [337/900] 625e1431-7200-4211-9320-3ad19e2d4e07: 17 groups; 1.3 s; peak memory 1105 MiB.
2026-10-07T18:29:18Z INFO [338/900] 6260e458-190c-4c9c-bc25-d6ac644c1b71: 16 groups; 1.1 s; peak memory 1105 MiB.
2026-10-07T18:29:19Z INFO [339/900] 62613b6d-3a07-487c-afb4-376bc4d1f9ba: 16 groups; 1.2 s; peak memory 1105 MiB.
2026-10-07T18:29:21Z INFO [340/900] 6261d168-6642-49b1-a92a-445aae919f38: 22 groups; 1.4 s; peak memory 1105 MiB.
2026-10-07T18:29:22Z INFO [341/900] 6261dd17-7603-461b-8e7c-8c73fcaf21d0: 22 groups; 1.4 s; peak memory 1105 MiB.
2026-10-07T18:29:24Z INFO [342/900] 62632f2f-0aa7-468c-8b93-89d61427ca36: 32 groups; 1.8 s; peak memory 1105 MiB.
2026-10-07T18:29:26Z INFO [343/900] 6263362c-b5a7-431d-8f66-1fedfba4abb3: 22 groups; 1.5 s; peak memory 1105 MiB.
2026-10-07T18:29:27Z INFO [344/900] 6263e129-5e8a-4110-8087-1b0cad6d9777: 22 groups; 1.5 s; peak memory 1105 MiB.
2026-10-07T18:29:37Z INFO [345/900] 62649c37-0200-4e16-b470-0498b25a408b: 71 groups; 9.3 s; peak memory 1105 MiB.
2026-10-07T18:29:38Z INFO [346/900] 6264a00b-4113-4650-a95a-8270fd0b82e5: 22 groups; 1.3 s; peak memory 1105 MiB.
2026-10-07T18:29:39Z INFO [347/900] 6264cc42-946f-4739-9480-11ed809db9c7: 33 groups; 1.6 s; peak memory 1105 MiB.
2026-10-07T18:29:41Z INFO [348/900] 62655c80-07e3-42f9-a038-36544d8577c6: 22 groups; 1.4 s; peak memory 1105 MiB.
2026-10-07T18:29:44Z INFO [349/900] 6265c46e-2edb-47b0-ab88-d92853d303e7: 48 groups; 3.0 s; peak memory 1105 MiB.
2026-10-07T18:29:46Z INFO [350/900] 6266098d-83a8-4d4f-8cd5-986dfc7cedfa: 32 groups; 2.0 s; peak memory 1105 MiB.
2026-10-07T18:29:46Z INFO [350/900] 6266098d-83a8-4d4f-8cd5-986dfc7cedfa: checkpointed 94386 records.
2026-10-07T18:29:48Z INFO [351/900] 6266b25a-f47d-4d16-a362-67cfbaa578aa: 52 groups; 2.4 s; peak memory 1105 MiB.
2026-10-07T18:29:50Z INFO [352/900] 6268215c-5b67-4e75-ae21-9d84629cf019: 30 groups; 1.4 s; peak memory 1105 MiB.
2026-10-07T18:29:51Z INFO [353/900] 6268c2be-7d06-4746-b1f4-97acb9f1a4f7: 16 groups; 1.2 s; peak memory 1105 MiB.
2026-10-07T18:29:53Z INFO [354/900] 6268ca00-c9cb-4aa9-8dc6-d8a19321ef10: 32 groups; 1.9 s; peak memory 1105 MiB.
2026-10-07T18:29:54Z INFO [355/900] 6268de06-7890-4057-9b60-07d517ec63d1: 32 groups; 1.6 s; peak memory 1105 MiB.
2026-10-07T18:29:56Z INFO [356/900] 626918b4-c349-4514-8142-efc11ee4996e: 22 groups; 1.5 s; peak memory 1105 MiB.
2026-10-07T18:30:11Z INFO [357/900] 626a1979-59e3-450c-a6cf-d44e2cb7b9d3: 22 groups; 14.6 s; peak memory 1105 MiB.
2026-10-07T18:30:19Z INFO [358/900] 626ac373-714d-4c34-93e7-5c2faa4136a3: 22 groups; 8.6 s; peak memory 1105 MiB.
2026-10-07T18:30:36Z INFO [359/900] 626b4167-7779-4df0-9ef2-da7b896b6262: 370 groups; 16.4 s; peak memory 1105 MiB.
2026-10-07T18:30:45Z INFO [360/900] 626b75ba-abb2-4f9f-8034-113063594c6e: 160 groups; 9.0 s; peak memory 1105 MiB.
2026-10-07T18:30:46Z INFO [361/900] 626b8016-f17a-40ae-9d0c-29b9fdfdf379: 16 groups; 1.2 s; peak memory 1105 MiB.
2026-10-07T18:30:47Z INFO [362/900] 626c181b-958d-4caa-9007-d450949a8b3f: 22 groups; 1.6 s; peak memory 1105 MiB.
2026-10-07T18:30:49Z INFO [363/900] 626c2438-aea1-4bdf-9c7a-a3819f61678f: 32 groups; 1.5 s; peak memory 1105 MiB.
2026-10-07T18:30:50Z INFO [364/900] 626ca453-9820-4f58-8c05-cc6f1044c028: 24 groups; 1.4 s; peak memory 1105 MiB.
2026-10-07T18:30:52Z INFO [365/900] 626d3855-1f15-404a-aaca-239fa0747287: 22 groups; 1.6 s; peak memory 1105 MiB.
2026-10-07T18:30:54Z INFO [366/900] 626ddd9d-e6ac-4d4f-9162-3d9278f2b6ea: 32 groups; 1.8 s; peak memory 1105 MiB.
2026-10-07T18:30:55Z INFO [367/900] 626ef593-1e6b-46dd-bd6a-bc81e8e8d186: 17 groups; 1.3 s; peak memory 1105 MiB.
2026-10-07T18:30:57Z INFO [368/900] 626fc8cd-f16e-4ef6-83e3-fe47e2b1e846: 32 groups; 1.6 s; peak memory 1105 MiB.
2026-10-07T18:30:59Z INFO [369/900] 626fc9a7-c1f4-45bd-bcdd-9ef7826f75c2: 32 groups; 1.9 s; peak memory 1105 MiB.
2026-10-07T18:31:00Z INFO [370/900] 626fd07c-2ea1-450a-9fa2-fde722adab7c: 16 groups; 1.2 s; peak memory 1105 MiB.
2026-10-07T18:31:21Z INFO [371/900] 627026ee-a51a-4e5c-ae2c-81506d39ee8c: 344 groups; 21.3 s; peak memory 1105 MiB.
2026-10-07T18:31:22Z INFO [372/900] 62705856-27bf-4452-84e5-e9e0295f724c: 22 groups; 1.5 s; peak memory 1105 MiB.
2026-10-07T18:31:24Z INFO [373/900] 6271816c-100b-4cca-87e9-d476c0a61a37: 22 groups; 1.6 s; peak memory 1105 MiB.
2026-10-07T18:31:25Z INFO [374/900] 627186df-e94a-4168-935f-5dd6b3969135: 31 groups; 1.1 s; peak memory 1105 MiB.
2026-10-07T18:31:33Z INFO [375/900] 6271b0b7-96d6-4892-b6fa-97caafb27c3a: 162 groups; 7.3 s; peak memory 1105 MiB.
2026-10-07T18:31:34Z INFO [376/900] 6271c9b0-83a2-425c-b428-ae5ccba3ee58: 252 groups; 1.7 s; peak memory 1105 MiB.
2026-10-07T18:31:36Z INFO [377/900] 6272765d-c663-451d-9f5d-c00af84459f0: 18 groups; 1.5 s; peak memory 1105 MiB.
2026-10-07T18:31:38Z INFO [378/900] 6273520e-af0e-431d-b61f-4985e2d9c4c9: 336 groups; 2.5 s; peak memory 1105 MiB.
2026-10-07T18:31:39Z INFO [379/900] 62740d3c-fbd5-46f7-a437-89109466a950: 30 groups; 1.2 s; peak memory 1105 MiB.
2026-10-07T18:31:41Z INFO [380/900] 6274475d-66d2-4dd9-a9f8-fb74c4632569: 22 groups; 1.4 s; peak memory 1105 MiB.
2026-10-07T18:31:43Z INFO [381/900] 627465d1-9fe7-4cb0-a64c-e161186283d0: 22 groups; 1.7 s; peak memory 1105 MiB.
2026-10-07T18:31:44Z INFO [382/900] 62746b02-bf54-4fef-ae5d-e741750e6d7b: 258 groups; 1.8 s; peak memory 1105 MiB.
2026-10-07T18:31:46Z INFO [383/900] 62758e83-4537-4405-9673-5a1652c5b3e4: 25 groups; 1.5 s; peak memory 1105 MiB.
2026-10-07T18:31:48Z INFO [384/900] 6275dff6-9660-45b2-8154-6b001546c12d: 196 groups; 2.1 s; peak memory 1105 MiB.
2026-10-07T18:31:50Z INFO [385/900] 62763d94-6808-447e-9d9f-adc56134daac: 33 groups; 2.2 s; peak memory 1105 MiB.
2026-10-07T18:31:52Z INFO [386/900] 6276e1ad-cc93-4ab4-95ff-a5bb907681e6: 22 groups; 1.3 s; peak memory 1105 MiB.
2026-10-07T18:31:53Z INFO [387/900] 6276f292-f01e-4fc1-b214-cac4e3350382: 26 groups; 1.2 s; peak memory 1105 MiB.
2026-10-07T18:31:55Z INFO [388/900] 62770e94-4182-4496-a647-49df4516f57e: 35 groups; 2.1 s; peak memory 1105 MiB.
2026-10-07T18:31:57Z INFO [389/900] 62774143-9c2d-41f1-899a-6c4310dbdd85: 32 groups; 1.7 s; peak memory 1105 MiB.
2026-10-07T18:31:59Z INFO [390/900] 62779077-883d-4ffb-8ce9-da0dca7a2c0d: 199 groups; 2.4 s; peak memory 1105 MiB.
2026-10-07T18:32:00Z INFO [391/900] 62795ca8-a892-4e93-91b6-4467445ff7b0: 26 groups; 1.3 s; peak memory 1105 MiB.
2026-10-07T18:32:02Z INFO [392/900] 6279bd3d-72ec-4d2f-b1c2-b04266f6e311: 35 groups; 1.9 s; peak memory 1105 MiB.
2026-10-07T18:32:06Z INFO [393/900] 627a04be-9688-4fcc-bc20-4b50026603b8: 194 groups; 3.4 s; peak memory 1105 MiB.
2026-10-07T18:32:07Z INFO [394/900] 627a2248-ea79-4a44-a951-c11a4ea7ee96: 32 groups; 1.6 s; peak memory 1105 MiB.
2026-10-07T18:32:09Z INFO [395/900] 627b3398-de7d-405f-ab44-658d8b63e13d: 22 groups; 1.5 s; peak memory 1105 MiB.
2026-10-07T18:32:11Z INFO [396/900] 627c870b-d335-4197-894e-5cfcd08fc476: 28 groups; 1.8 s; peak memory 1105 MiB.
2026-10-07T18:32:15Z INFO [397/900] 627d98b8-b969-4e33-b5d2-ef822ea43c5b: 50 groups; 4.2 s; peak memory 1105 MiB.
2026-10-07T18:32:16Z INFO [398/900] 627e4564-fcb0-4726-90ae-b21daa014c54: 22 groups; 1.5 s; peak memory 1105 MiB.
2026-10-07T18:32:18Z INFO [399/900] 627ea346-68a0-484d-82a9-a0fa873a35bd: 206 groups; 2.1 s; peak memory 1105 MiB.
2026-10-07T18:32:33Z INFO [400/900] 627ecf6d-a32d-4b8d-a346-34f7a4436aea: 278 groups; 14.3 s; peak memory 1105 MiB.
2026-10-07T18:32:33Z INFO [400/900] 627ecf6d-a32d-4b8d-a346-34f7a4436aea: checkpointed 94436 records.
2026-10-07T18:32:34Z INFO [401/900] 627ed593-5c56-442b-916c-47014edb00a0: 22 groups; 1.5 s; peak memory 1105 MiB.
2026-10-07T18:32:36Z INFO [402/900] 627ed9a1-b6a5-4881-9a86-97349d04f0f6: 32 groups; 1.8 s; peak memory 1105 MiB.
2026-10-07T18:32:37Z INFO [403/900] 627ede65-f9c6-4e02-a4de-546c989e9665: 30 groups; 1.3 s; peak memory 1105 MiB.
2026-10-07T18:32:39Z INFO [404/900] 627f1324-d552-4c44-85d7-d72264c39412: 36 groups; 2.1 s; peak memory 1105 MiB.
2026-10-07T18:33:08Z INFO [405/900] 627f77eb-9472-47a5-b743-a9a63419a1e3: 23 groups; 28.2 s; peak memory 1105 MiB.
2026-10-07T18:33:11Z INFO [406/900] 62800591-701d-43c3-81e3-877180215750: 341 groups; 3.0 s; peak memory 1105 MiB.
2026-10-07T18:33:12Z INFO [407/900] 62825a08-a72b-48c6-8808-02fd1625b2d8: 22 groups; 1.4 s; peak memory 1105 MiB.
2026-10-07T18:33:14Z INFO [408/900] 6283685f-231d-450c-84d6-af27f5fa37fa: 35 groups; 1.9 s; peak memory 1105 MiB.
2026-10-07T18:33:15Z INFO [409/900] 628388a8-865b-487a-9841-cbc331b8108d: 22 groups; 1.5 s; peak memory 1105 MiB.
2026-10-07T18:57:55Z INFO [410/900] 6284ab5d-cc15-4032-952e-ac5714d2bcdf: 29 groups; 1479.7 s; peak memory 1203 MiB.
2026-10-07T18:57:57Z INFO [411/900] 6284e00d-7262-404b-983d-998eff5f5aed: 31 groups; 1.8 s; peak memory 1203 MiB.
2026-10-07T18:58:13Z INFO [412/900] 62850a39-abae-4dd4-9729-889b33a729f7: 151 groups; 16.0 s; peak memory 1203 MiB.
2026-10-07T18:58:15Z INFO [413/900] 62854854-5238-444c-b22c-e20d7f576e79: 32 groups; 1.8 s; peak memory 1203 MiB.
2026-10-07T18:58:17Z INFO [414/900] 6285caba-9ca7-4703-a43e-8221782826b3: 194 groups; 2.0 s; peak memory 1203 MiB.
2026-10-07T18:58:50Z INFO [415/900] 62860bb1-d00b-4b25-8ea6-5724168102ef: 280 groups; 33.1 s; peak memory 1203 MiB.
2026-10-07T18:58:51Z INFO [416/900] 62861b12-e772-4ce0-aa82-28bb7478f597: 28 groups; 1.5 s; peak memory 1203 MiB.
2026-10-07T18:58:53Z INFO [417/900] 6286ac5d-69e1-4347-80d3-959a7d5283d6: 35 groups; 2.0 s; peak memory 1203 MiB.
2026-10-07T18:58:56Z INFO [418/900] 62872d15-80fb-411a-81c8-537915de3b3c: 33 groups; 2.3 s; peak memory 1203 MiB.
2026-10-07T18:58:57Z INFO [419/900] 6287f1e9-d50d-4661-990a-3c8442fe4fde: 32 groups; 1.8 s; peak memory 1203 MiB.
2026-10-07T18:59:01Z INFO [420/900] 62884f48-dfd5-426d-8496-d039a178b99d: 17 groups; 3.3 s; peak memory 1203 MiB.
2026-10-07T18:59:03Z INFO [421/900] 62890b02-66d9-4429-965f-c109dfcab67b: 201 groups; 2.0 s; peak memory 1203 MiB.
2026-10-07T18:59:18Z INFO [422/900] 628997cd-3682-488b-b90f-d296c780296d: 26 groups; 15.4 s; peak memory 1203 MiB.
2026-10-07T18:59:20Z INFO [423/900] 6289a4c8-6aed-4c7f-8ed1-8c98a6bc7a6d: 147 groups; 2.1 s; peak memory 1203 MiB.
2026-10-07T18:59:21Z INFO [424/900] 628a0b77-bc2b-4715-b99c-9969d25ce2e9: 16 groups; 1.3 s; peak memory 1203 MiB.
2026-10-07T18:59:48Z INFO [425/900] 628a3a01-3f5e-47c1-bc2f-72c9d8514809: 23 groups; 26.2 s; peak memory 1203 MiB.
2026-10-07T18:59:49Z INFO [426/900] 628a5f8d-0e6c-4828-91fb-1da90db8a0e2: 33 groups; 1.8 s; peak memory 1203 MiB.
2026-10-07T18:59:51Z INFO [427/900] 628a7c32-c508-48e3-a958-e3a2eaccc00a: 22 groups; 1.6 s; peak memory 1203 MiB.
2026-10-07T18:59:53Z INFO [428/900] 628afc41-ed04-4b0b-ab8b-873a5fceb44c: 34 groups; 1.9 s; peak memory 1203 MiB.
2026-10-07T19:00:00Z INFO [429/900] 628b8f9f-4e64-4ca0-969a-20212af1588d: 78 groups; 7.6 s; peak memory 1203 MiB.
2026-10-07T19:00:02Z INFO [430/900] 628ba7d7-f685-4db5-890b-ef84ba9780fa: 22 groups; 1.6 s; peak memory 1203 MiB.
2026-10-07T19:00:04Z INFO [431/900] 628c8698-0bc1-4bb6-bf62-6fef43386e27: 35 groups; 2.0 s; peak memory 1203 MiB.
2026-10-07T19:00:11Z INFO [432/900] 628c9f24-dd29-4973-b72b-13ac565aeec8: 125 groups; 6.8 s; peak memory 1203 MiB.
2026-10-07T19:00:12Z INFO [433/900] 628d90fd-f266-44a8-bc79-bf181a25188b: 27 groups; 1.6 s; peak memory 1203 MiB.
2026-10-07T19:00:16Z INFO [434/900] 628ea4ad-620a-47f6-91a0-095e888ca076: 48 groups; 3.5 s; peak memory 1203 MiB.
2026-10-07T19:00:18Z INFO [435/900] 628ef079-ad6c-4dbf-aced-3cbdf8b24a6b: 32 groups; 2.4 s; peak memory 1203 MiB.
2026-10-07T19:00:20Z INFO [436/900] 628fb250-1773-4364-bd38-011566563b34: 28 groups; 1.3 s; peak memory 1203 MiB.
2026-10-07T19:00:37Z INFO [437/900] 628fc7ec-f8a5-4af1-819c-f33c4de9c500: 401 groups; 17.6 s; peak memory 1203 MiB.
2026-10-07T19:00:39Z INFO [438/900] 62901739-e54c-483c-97e6-319ab8fb5410: 41 groups; 2.2 s; peak memory 1203 MiB.
2026-10-07T19:00:41Z INFO [439/900] 62901f60-6f67-4573-a129-46b906b7b512: 33 groups; 1.7 s; peak memory 1203 MiB.
2026-10-07T19:00:58Z INFO [440/900] 629067f9-1f95-4f0b-a7c4-62a441218497: 18 groups; 16.8 s; peak memory 1203 MiB.
2026-10-07T19:00:59Z INFO [441/900] 6290e918-087b-4ff7-ae02-f01d375b9897: 251 groups; 1.7 s; peak memory 1203 MiB.
2026-10-07T19:01:01Z INFO [442/900] 62911d1a-4093-4ec3-b44f-0123c281d1b9: 32 groups; 2.0 s; peak memory 1203 MiB.
2026-10-07T19:01:04Z INFO [443/900] 6291984b-84ef-457d-9505-1ff399ae27e1: 48 groups; 2.4 s; peak memory 1203 MiB.
2026-10-07T19:01:07Z INFO [444/900] 6291d483-4b33-4525-9871-b8ca414fde54: 17 groups; 3.1 s; peak memory 1203 MiB.
2026-10-07T19:01:09Z INFO [445/900] 6292fc03-c359-422c-9a1a-fe5e7f0eabb5: 87 groups; 2.1 s; peak memory 1203 MiB.
2026-10-07T19:01:11Z INFO [446/900] 629340da-bf65-4e56-ae8a-0e4dae7d8bf2: 32 groups; 1.7 s; peak memory 1203 MiB.
2026-10-07T19:01:20Z INFO [447/900] 629439b7-0aeb-42b8-93d8-21acb391f462: 622 groups; 8.8 s; peak memory 1203 MiB.
2026-10-07T19:03:52Z INFO [448/900] 629449a7-1faf-4b22-8d48-72174cecae60: 77 groups; 152.2 s; peak memory 1203 MiB.
2026-10-07T19:03:54Z INFO [449/900] 6294bbcb-61f4-4505-91d7-005d266c9822: 252 groups; 1.7 s; peak memory 1203 MiB.
2026-10-07T19:03:55Z INFO [450/900] 6294d178-b38b-4920-a9e6-21738aa72b45: 26 groups; 1.5 s; peak memory 1203 MiB.
2026-10-07T19:03:55Z INFO [450/900] 6294d178-b38b-4920-a9e6-21738aa72b45: checkpointed 94486 records.
2026-10-07T19:04:08Z INFO [451/900] 6294f20e-6b79-4819-bc45-d21a734c2f59: 183 groups; 13.2 s; peak memory 1203 MiB.
2026-10-07T19:04:10Z INFO [452/900] 62963704-2bf3-4fe7-8980-035f802df985: 32 groups; 2.1 s; peak memory 1203 MiB.
2026-10-07T19:04:12Z INFO [453/900] 62977c8f-7219-4b01-8a80-aa40f867e441: 31 groups; 1.5 s; peak memory 1203 MiB.
2026-10-07T19:04:15Z INFO [454/900] 629831d0-c094-4d14-b954-5301142a78aa: 46 groups; 3.4 s; peak memory 1203 MiB.
2026-10-07T19:04:17Z INFO [455/900] 6298aec5-e337-447c-8402-60e6b863f2b1: 35 groups; 2.0 s; peak memory 1203 MiB.
2026-10-07T19:04:18Z INFO [456/900] 6298dcd2-5f1a-46c4-bddd-b414ba6ea23e: 16 groups; 1.1 s; peak memory 1203 MiB.
2026-10-07T19:04:49Z INFO [457/900] 6298f802-55b1-4468-b016-841695722017: 238 groups; 30.6 s; peak memory 1203 MiB.
2026-10-07T19:04:56Z INFO [458/900] 6299584e-2903-4f94-817c-a16fd775b23e: 142 groups; 7.4 s; peak memory 1203 MiB.
2026-10-07T19:04:58Z INFO [459/900] 6299a174-37e5-4e14-b168-3acf60fc7c6e: 16 groups; 1.2 s; peak memory 1203 MiB.
2026-10-07T19:05:07Z INFO [460/900] 629a2fae-b3be-4a91-af8e-c42864e9e489: 34 groups; 9.2 s; peak memory 1203 MiB.
2026-10-07T19:05:17Z INFO [461/900] 629a6e82-d069-4524-8e0f-ec1885c72bb9: 105 groups; 10.2 s; peak memory 1203 MiB.
2026-10-07T19:05:19Z INFO [462/900] 629b2011-4508-45ab-8f7b-13fa28e6c00e: 195 groups; 2.3 s; peak memory 1203 MiB.
2026-10-07T19:05:22Z INFO [463/900] 629b3a72-9312-4676-904d-59179f528f05: 199 groups; 2.6 s; peak memory 1203 MiB.
2026-10-07T19:05:24Z INFO [464/900] 629b7b46-7638-43ea-b04c-1e1b31c9fb9a: 42 groups; 2.2 s; peak memory 1203 MiB.
2026-10-07T19:05:27Z INFO [465/900] 629bdcd9-ffdd-4415-a42a-d1a8250b6b5c: 66 groups; 2.9 s; peak memory 1203 MiB.
2026-10-07T19:05:29Z INFO [466/900] 629c4b1a-7aac-4569-8173-15a25e906517: 202 groups; 2.1 s; peak memory 1203 MiB.
2026-10-07T19:05:31Z INFO [467/900] 629d19d6-3cc5-4a48-a4fd-5280ccc443bf: 253 groups; 1.7 s; peak memory 1203 MiB.
2026-10-07T19:05:32Z INFO [468/900] 629d1b31-60ee-4c3e-94ec-ecd64e307f0e: 255 groups; 1.7 s; peak memory 1203 MiB.
2026-10-07T19:05:37Z INFO [469/900] 629d32f2-21f3-4362-9572-11bc9a653459: 29 groups; 4.8 s; peak memory 1203 MiB.
2026-10-07T19:05:47Z INFO [470/900] 629da8a7-674b-4946-9104-99675a38b43e: 50 groups; 9.8 s; peak memory 1203 MiB.
2026-10-07T19:05:49Z INFO [471/900] 629ddb50-6360-4efc-83ff-b47a06ccd3b9: 197 groups; 1.8 s; peak memory 1203 MiB.
2026-10-07T19:05:50Z INFO [472/900] 629e6401-6336-49cc-8998-8ffdb94835e7: 17 groups; 1.4 s; peak memory 1203 MiB.
2026-10-07T19:05:54Z INFO [473/900] 629e93f4-d939-49b9-8425-f14ddfcd9b08: 50 groups; 4.3 s; peak memory 1203 MiB.
2026-10-07T19:05:58Z INFO [474/900] 629efa23-1e1c-4431-8c8f-43a0ab30eae0: 71 groups; 3.6 s; peak memory 1203 MiB.
2026-10-07T19:06:04Z INFO [475/900] 629fa505-2958-4705-a166-44fa925071f3: 78 groups; 6.3 s; peak memory 1203 MiB.
2026-10-07T19:06:06Z INFO [476/900] 629fbf9f-e8a1-4b1c-aaa6-07ea263a7497: 35 groups; 2.0 s; peak memory 1203 MiB.
2026-10-07T19:06:09Z INFO [477/900] 62a00870-366d-4ed0-b755-c8ef9300ba1e: 202 groups; 2.2 s; peak memory 1203 MiB.
2026-10-07T19:06:11Z INFO [478/900] 62a0b72f-7956-4f02-b606-d2d7d1d63eb1: 35 groups; 2.0 s; peak memory 1203 MiB.
2026-10-07T19:06:47Z INFO [479/900] 62a15fd7-1646-4050-b5ea-88dd78c04afb: 26 groups; 36.6 s; peak memory 1203 MiB.
2026-10-07T19:06:48Z INFO [480/900] 62a2b9e5-c17e-458e-9cb5-bd737decd022: 16 groups; 1.2 s; peak memory 1203 MiB.
2026-10-07T19:06:50Z INFO [481/900] 62a2d6d3-3990-4e06-ac1f-d7f62a4f9f04: 32 groups; 1.8 s; peak memory 1203 MiB.
2026-10-07T19:06:53Z INFO [482/900] 62a32858-299a-4f0a-aa9f-2c5177490a99: 26 groups; 2.4 s; peak memory 1203 MiB.
2026-10-07T19:06:55Z INFO [483/900] 62a38825-a3bb-4ae3-a20b-4d491e71582d: 200 groups; 2.2 s; peak memory 1203 MiB.
2026-10-07T19:06:57Z INFO [484/900] 62a3b921-ba26-4fc8-81d4-690e3e027658: 32 groups; 2.0 s; peak memory 1203 MiB.
2026-10-07T19:07:03Z INFO [485/900] 62a3f883-aafe-410c-a81e-61c2904de4fd: 22 groups; 6.7 s; peak memory 1203 MiB.
2026-10-07T19:07:05Z INFO [486/900] 62a45c2f-ca32-4abc-b0b9-763787884167: 22 groups; 1.9 s; peak memory 1203 MiB.
2026-10-07T19:07:07Z INFO [487/900] 62a62db1-071e-4300-92f9-1be4df9492f7: 35 groups; 2.1 s; peak memory 1203 MiB.
2026-10-07T19:07:14Z INFO [488/900] 62a6a54d-48f2-4b17-b3bb-330c0f3eaabb: 78 groups; 6.9 s; peak memory 1203 MiB.
2026-10-07T19:07:16Z INFO [489/900] 62a6c3d9-34f6-42f9-bc2f-40ab2a34639e: 18 groups; 1.5 s; peak memory 1203 MiB.
2026-10-07T19:07:17Z INFO [490/900] 62a6ed71-f790-456e-b794-ba6310fbdd07: 35 groups; 1.6 s; peak memory 1203 MiB.
2026-10-07T19:07:19Z INFO [491/900] 62a9955a-b34d-468f-beae-3c066a8eb69d: 22 groups; 1.5 s; peak memory 1203 MiB.
2026-10-07T19:07:22Z INFO [492/900] 62aa32ad-e2b5-4209-a74d-b010bd6033e6: 17 groups; 3.4 s; peak memory 1203 MiB.
2026-10-07T19:07:24Z INFO [493/900] 62aa462a-5362-4057-b3c7-c5dd0ab84969: 203 groups; 2.1 s; peak memory 1203 MiB.
2026-10-07T19:07:32Z INFO [494/900] 62aa7a54-8bea-46a1-b1c9-9698ca4cb24a: 80 groups; 7.8 s; peak memory 1203 MiB.
2026-10-07T19:07:35Z INFO [495/900] 62aae2e9-ba02-4f48-a470-b6dbb7322363: 35 groups; 2.4 s; peak memory 1203 MiB.
2026-10-07T19:07:36Z INFO [496/900] 62aae75b-e537-4cba-a261-a5083d85ccc9: 22 groups; 1.5 s; peak memory 1203 MiB.
2026-10-07T19:07:38Z INFO [497/900] 62aafba2-e7bf-4a67-af21-c524ea6c5d9f: 35 groups; 2.2 s; peak memory 1203 MiB.
2026-10-07T19:07:40Z INFO [498/900] 62ab0120-641b-4217-8520-c85b1079fdbc: 32 groups; 1.7 s; peak memory 1203 MiB.
2026-10-07T19:08:15Z INFO [499/900] 62ab5424-09c7-4463-8969-b4f5d2abd8bd: 17 groups; 34.9 s; peak memory 1203 MiB.
2026-10-07T19:08:18Z INFO [500/900] 62abb565-d7cc-489c-9e35-d5d4fe3e76b1: 206 groups; 2.8 s; peak memory 1203 MiB.
2026-10-07T19:08:18Z INFO [500/900] 62abb565-d7cc-489c-9e35-d5d4fe3e76b1: checkpointed 94536 records.
2026-10-07T19:08:19Z INFO [501/900] 62abb818-14cb-418c-a3d9-f423ee072704: 16 groups; 1.2 s; peak memory 1203 MiB.
2026-10-07T19:08:21Z INFO [502/900] 62abc4f3-19cd-45fb-a645-86acbcd13bcb: 36 groups; 1.9 s; peak memory 1203 MiB.
2026-10-07T19:08:23Z INFO [503/900] 62ac145c-acde-4bff-80c6-c356f5451ae1: 33 groups; 2.0 s; peak memory 1203 MiB.
2026-10-07T19:08:24Z INFO [504/900] 62ad7752-1793-4483-a993-8e5cf69e90d8: 22 groups; 1.3 s; peak memory 1203 MiB.
2026-10-07T19:08:28Z INFO [505/900] 62ae136e-b13a-4673-b226-4677d008897e: 37 groups; 3.9 s; peak memory 1203 MiB.
2026-10-07T19:08:35Z INFO [506/900] 62aebc57-c7c4-4871-bd5c-84e53909060d: 65 groups; 7.4 s; peak memory 1203 MiB.
2026-10-07T19:08:37Z INFO [507/900] 62af5086-90ae-4e55-90cc-e2e21348873d: 22 groups; 1.4 s; peak memory 1203 MiB.
2026-10-07T19:08:39Z INFO [508/900] 62af6647-71cd-4c96-b512-12fd999c70ef: 253 groups; 2.0 s; peak memory 1203 MiB.
2026-10-07T19:08:40Z INFO [509/900] 62b0a1aa-59c7-45b4-ac9c-a46fbc48deb1: 16 groups; 1.2 s; peak memory 1203 MiB.
2026-10-07T19:08:41Z INFO [510/900] 62b0a3ce-7734-4062-98a0-e907cf2a0f6f: 22 groups; 1.4 s; peak memory 1203 MiB.
2026-10-07T19:08:44Z INFO [511/900] 62b0bb7c-66b5-48f8-b5d3-8c89e22422d3: 201 groups; 2.2 s; peak memory 1203 MiB.
2026-10-07T19:08:45Z INFO [512/900] 62b1f541-e42e-40b5-be7c-cd5d6037fbdd: 22 groups; 1.5 s; peak memory 1203 MiB.
2026-10-07T19:08:47Z INFO [513/900] 62b2339a-af48-4e98-b8e3-f6386534022c: 25 groups; 1.6 s; peak memory 1203 MiB.
2026-10-07T19:08:48Z INFO [514/900] 62b26862-6e64-4981-bfd8-5a6617f1f88f: 22 groups; 1.5 s; peak memory 1203 MiB.
2026-10-07T19:08:51Z INFO [515/900] 62b2b26a-7363-4e42-8205-de67591a8fb3: 48 groups; 3.1 s; peak memory 1203 MiB.
2026-10-07T19:08:52Z INFO [516/900] 62b2ded3-06a5-4276-ade6-7efb007d3d65: 31 groups; 1.2 s; peak memory 1203 MiB.
2026-10-07T19:08:54Z INFO [517/900] 62b30ffa-ec42-4449-b964-55c40e9ef28a: 22 groups; 1.4 s; peak memory 1203 MiB.
2026-10-07T19:09:02Z INFO [518/900] 62b39a15-07c4-4786-9ff3-ad18a46ec66d: 73 groups; 7.8 s; peak memory 1203 MiB.
2026-10-07T19:09:03Z INFO [519/900] 62b39c53-b606-4a40-9c1b-acf888fbca54: 254 groups; 1.8 s; peak memory 1203 MiB.
2026-10-07T19:09:20Z INFO [520/900] 62b3c895-b8c0-478b-8638-0ecc47afc680: 253 groups; 16.5 s; peak memory 1203 MiB.
2026-10-07T19:09:22Z INFO [521/900] 62b5daf7-e200-45a7-8480-539413460ec4: 67 groups; 1.7 s; peak memory 1203 MiB.
2026-10-07T19:09:23Z INFO [522/900] 62b6d4f0-733b-447c-b86b-c5f23b3a9d1a: 22 groups; 1.5 s; peak memory 1203 MiB.
2026-10-07T19:09:25Z INFO [523/900] 62baf000-e84a-4a2e-b9f3-7ef85897c4ef: 35 groups; 2.1 s; peak memory 1203 MiB.
2026-10-07T19:09:27Z INFO [524/900] 62baf4d9-ef38-4f22-aee4-d776d6f6a78e: 32 groups; 1.7 s; peak memory 1203 MiB.
2026-10-07T19:09:28Z INFO [525/900] 62bbb89c-c50a-47d2-86ea-967927f218bd: 16 groups; 1.0 s; peak memory 1203 MiB.
2026-10-07T19:09:29Z INFO [526/900] 62bbde60-fd94-4bbf-803b-74e6b86a016d: 16 groups; 1.1 s; peak memory 1203 MiB.
2026-10-07T19:09:31Z INFO [527/900] 62bc1a5c-2d03-4f21-8baf-82a1d44277e4: 19 groups; 1.6 s; peak memory 1203 MiB.
2026-10-07T19:09:32Z INFO [528/900] 62bc48de-7556-4c80-9290-812861a27e5b: 22 groups; 1.5 s; peak memory 1203 MiB.
2026-10-07T19:09:34Z INFO [529/900] 62be5ff5-bfc6-4ad4-b430-45961310d54d: 32 groups; 1.9 s; peak memory 1203 MiB.
2026-10-07T19:10:21Z INFO [530/900] 62be6d0f-983b-450d-9284-27cba21b877d: 83 groups; 47.1 s; peak memory 1203 MiB.
2026-10-07T19:10:23Z INFO [531/900] 62bf1641-9867-436e-8629-b06b37698c15: 32 groups; 1.9 s; peak memory 1203 MiB.
2026-10-07T19:10:24Z INFO [532/900] 62bf4633-b04f-4056-bc63-8540815748c3: 18 groups; 1.1 s; peak memory 1203 MiB.
2026-10-07T19:10:26Z INFO [533/900] 62bfc333-e4b0-4229-9874-8840c81641ac: 22 groups; 1.4 s; peak memory 1203 MiB.
2026-10-07T19:10:28Z INFO [534/900] 62c03e5f-4313-4e74-a125-14dbef08a62c: 31 groups; 2.1 s; peak memory 1203 MiB.
2026-10-07T19:10:30Z INFO [535/900] 62c0aedb-dae9-49dc-acff-9007b9006e42: 35 groups; 2.1 s; peak memory 1203 MiB.
2026-10-07T19:10:31Z INFO [536/900] 62c1f137-addb-4237-b2dd-c5ef3b8c7e68: 16 groups; 1.2 s; peak memory 1203 MiB.
2026-10-07T19:10:40Z INFO [537/900] 62c22a2e-3e71-4d9a-b164-f88572e45df5: 67 groups; 8.8 s; peak memory 1203 MiB.
2026-10-07T19:10:41Z INFO [538/900] 62c2aad3-b798-42da-ac84-f5edb371f3c3: 16 groups; 1.2 s; peak memory 1203 MiB.
2026-10-07T19:10:45Z INFO [539/900] 62c3a12e-4dab-4879-a282-30c74e2db6ec: 48 groups; 3.4 s; peak memory 1203 MiB.
2026-10-07T19:10:46Z INFO [540/900] 62c3dfe7-f86b-41e2-a459-f1ec3ef98eca: 31 groups; 1.2 s; peak memory 1203 MiB.
2026-10-07T19:10:47Z INFO [541/900] 62c3eeaa-2c35-4844-b418-e2b3eecbff5f: 25 groups; 1.4 s; peak memory 1203 MiB.
2026-10-07T19:10:49Z INFO [542/900] 62c4d78f-18c4-4e25-9a6e-a1736fd8c752: 22 groups; 1.5 s; peak memory 1203 MiB.
2026-10-07T19:10:50Z INFO [543/900] 62c599e6-6650-492c-b595-5db2aa2d0af4: 31 groups; 1.5 s; peak memory 1203 MiB.
2026-10-07T19:10:53Z INFO [544/900] 62c60148-38b3-4ab1-b81f-6df569950a92: 32 groups; 2.2 s; peak memory 1203 MiB.
2026-10-07T19:10:54Z INFO [545/900] 62c65b20-ccb1-4df4-9a80-cac16965e5fd: 25 groups; 1.8 s; peak memory 1203 MiB.
2026-10-07T19:10:57Z INFO [546/900] 62c705a4-45d5-48ab-8fa5-c7a6eb960f38: 207 groups; 2.9 s; peak memory 1203 MiB.
2026-10-07T19:10:59Z INFO [547/900] 62c88ce2-e578-49a8-ba19-c7e79d58ef26: 17 groups; 1.6 s; peak memory 1203 MiB.
2026-10-07T19:11:00Z INFO [548/900] 62c948ff-7840-4b04-ac5f-1bcd589916db: 30 groups; 1.3 s; peak memory 1203 MiB.
2026-10-07T19:11:03Z INFO [549/900] 62c97fd4-6df1-4f36-89e9-6a33242f532c: 17 groups; 3.3 s; peak memory 1203 MiB.
2026-10-07T19:11:05Z INFO [550/900] 62c986ee-f544-44b6-86b6-4490f6e48fdb: 32 groups; 1.9 s; peak memory 1203 MiB.
2026-10-07T19:11:06Z INFO [550/900] 62c986ee-f544-44b6-86b6-4490f6e48fdb: checkpointed 94586 records.
2026-10-07T19:11:22Z INFO [551/900] 62cac4f4-4406-4968-b390-237e8b9b2dc5: 223 groups; 16.0 s; peak memory 1203 MiB.
2026-10-07T19:11:30Z INFO [552/900] 62caec41-89f5-4197-84bb-759932031380: 85 groups; 8.9 s; peak memory 1203 MiB.
2026-10-07T19:11:38Z INFO [553/900] 62cb0639-f1ae-4b87-b42f-b495d76f5c66: 59 groups; 7.6 s; peak memory 1203 MiB.
2026-10-07T19:11:40Z INFO [554/900] 62cb13d1-56c2-45db-8458-232fcd0e695d: 43 groups; 2.3 s; peak memory 1203 MiB.
2026-10-07T19:11:42Z INFO [555/900] 62cb7be8-9377-43de-831d-2c2e86919992: 35 groups; 2.0 s; peak memory 1203 MiB.
2026-10-07T19:11:44Z INFO [556/900] 62cc29ba-5e02-42f0-99d1-9705585f3b15: 32 groups; 1.8 s; peak memory 1203 MiB.
2026-10-07T19:11:46Z INFO [557/900] 62cc38da-03f0-41b6-ae59-8d1986a54f73: 22 groups; 1.5 s; peak memory 1203 MiB.
2026-10-07T19:11:47Z INFO [558/900] 62cc5f83-4544-470f-8016-aae51af4df6a: 22 groups; 1.4 s; peak memory 1203 MiB.
2026-10-07T19:11:49Z INFO [559/900] 62cca76e-ff59-4303-9604-9d2d4e3b9418: 22 groups; 1.5 s; peak memory 1203 MiB.
2026-10-07T19:11:50Z INFO [560/900] 62cd20fe-c9f7-4014-8ffb-cd271f32a32f: 22 groups; 1.6 s; peak memory 1203 MiB.
2026-10-07T19:11:52Z INFO [561/900] 62cd29f3-4249-421a-bd72-ff4814000e15: 35 groups; 2.0 s; peak memory 1203 MiB.
2026-10-07T19:11:54Z INFO [562/900] 62ce42d9-0d40-4c0d-b437-cfc51ae62bcb: 203 groups; 2.1 s; peak memory 1203 MiB.
2026-10-07T19:11:56Z INFO [563/900] 62ced1ea-c408-4623-9162-e2546182ef0a: 32 groups; 1.7 s; peak memory 1203 MiB.
2026-10-07T19:11:57Z INFO [564/900] 62ceebe8-44fa-4cfc-9038-31c157c218a7: 22 groups; 1.3 s; peak memory 1203 MiB.
2026-10-07T19:11:58Z INFO [565/900] 62cef0ab-a0dd-4a84-9d16-6b694f4f6669: 16 groups; 1.2 s; peak memory 1203 MiB.
2026-10-07T19:12:00Z INFO [566/900] 62cfe006-0668-46b6-9547-27ebd1cb480f: 25 groups; 1.6 s; peak memory 1203 MiB.
2026-10-07T19:12:04Z INFO [567/900] 62d07621-5e96-4be3-8f0a-de2edd3913e0: 22 groups; 4.4 s; peak memory 1203 MiB.
2026-10-07T19:12:24Z INFO [568/900] 62d2d12d-0aea-4bf6-bf86-fe13e040e1f5: 157 groups; 19.9 s; peak memory 1203 MiB.
2026-10-07T19:12:26Z INFO [569/900] 62d34258-0410-4dab-b83c-f7f5b664a856: 35 groups; 2.1 s; peak memory 1203 MiB.
2026-10-07T19:12:29Z INFO [570/900] 62d37220-d42c-479a-9eb4-c57275d1eab2: 206 groups; 2.7 s; peak memory 1203 MiB.
2026-10-07T19:12:31Z INFO [571/900] 62d4e6af-5a5c-457c-b7af-823043a8ec48: 25 groups; 1.5 s; peak memory 1203 MiB.
2026-10-07T19:12:32Z INFO [572/900] 62d52e56-6d1e-4ee2-a445-9a6ac46001be: 22 groups; 1.4 s; peak memory 1203 MiB.
2026-10-07T19:12:57Z INFO [573/900] 62d59b22-608d-4266-9952-9ee2d158c7f8: 2650 groups; 25.2 s; peak memory 1203 MiB.
2026-10-07T19:12:59Z INFO [574/900] 62d5fa3a-99bb-4373-89af-b0773a160a89: 194 groups; 2.0 s; peak memory 1203 MiB.
2026-10-07T19:13:01Z INFO [575/900] 62d6d34d-3f3f-43a2-933d-e2056e367d88: 29 groups; 1.3 s; peak memory 1203 MiB.
2026-10-07T19:13:02Z INFO [576/900] 62d74353-5d37-4745-bb4d-5c6bdc20d95f: 32 groups; 1.8 s; peak memory 1203 MiB.
2026-10-07T19:13:04Z INFO [577/900] 62d77b21-8f27-4ec4-912a-4bfbe1c41ab3: 22 groups; 1.4 s; peak memory 1203 MiB.
2026-10-07T19:13:06Z INFO [578/900] 62d7d298-e94c-4822-9dc6-c4bfb5a455de: 33 groups; 2.0 s; peak memory 1203 MiB.
2026-10-07T19:13:08Z INFO [579/900] 62d934dc-9617-4054-bb2d-91060613dff7: 336 groups; 2.1 s; peak memory 1203 MiB.
2026-10-07T19:13:09Z INFO [580/900] 62d96d49-dd96-456b-9eec-de8891b82a57: 22 groups; 1.4 s; peak memory 1203 MiB.
2026-10-07T19:13:15Z INFO [581/900] 62da80d4-681e-49aa-b269-57179445687f: 54 groups; 6.2 s; peak memory 1203 MiB.
2026-10-07T19:13:17Z INFO [582/900] 62dab4cd-5ea0-46e2-a948-771bd876e8e2: 32 groups; 1.8 s; peak memory 1203 MiB.
2026-10-07T19:13:30Z INFO [583/900] 62dab4e4-d63e-431b-8a77-60d73b55bde1: 171 groups; 13.0 s; peak memory 1203 MiB.
2026-10-07T19:13:33Z INFO [584/900] 62dabc3e-9ea6-4206-b63e-9df5b6f799d5: 259 groups; 2.3 s; peak memory 1203 MiB.
2026-10-07T19:13:35Z INFO [585/900] 62daec72-2e68-4f8c-8260-3c05aaeddcb1: 42 groups; 2.0 s; peak memory 1203 MiB.
2026-10-07T19:13:38Z INFO [586/900] 62db8a94-db49-470c-a59c-43c8ffad9bf2: 48 groups; 3.7 s; peak memory 1203 MiB.
2026-10-07T19:13:40Z INFO [587/900] 62de0be2-dcbd-4cdc-a00d-411763395ef4: 194 groups; 1.8 s; peak memory 1203 MiB.
2026-10-07T19:13:42Z INFO [588/900] 62de76b7-ae0c-4e6b-94eb-0d1ac478df57: 35 groups; 2.0 s; peak memory 1203 MiB.
2026-10-07T19:13:44Z INFO [589/900] 62dea948-2243-4dcd-989d-bda76f3de0a7: 32 groups; 1.8 s; peak memory 1203 MiB.
2026-10-07T19:13:46Z INFO [590/900] 62decce0-cd1d-4fa2-b830-99bea5e15567: 22 groups; 1.5 s; peak memory 1203 MiB.
2026-10-07T19:13:48Z INFO [591/900] 62df47fe-5b6a-4bb1-8664-7daa7f545a02: 30 groups; 2.7 s; peak memory 1203 MiB.
2026-10-07T19:13:50Z INFO [592/900] 62df9dcc-bba4-47bf-8b98-9a9e1ea755a2: 32 groups; 1.9 s; peak memory 1203 MiB.
2026-10-07T19:13:52Z INFO [593/900] 62e03298-0d58-496c-9929-5d75e4e23670: 87 groups; 1.8 s; peak memory 1203 MiB.
2026-10-07T19:13:54Z INFO [594/900] 62e1279f-f378-4d4d-9877-d500df69b855: 35 groups; 2.2 s; peak memory 1203 MiB.
2026-10-07T19:14:00Z INFO [595/900] 62e1d0fa-2b6f-4fb6-9bac-cbef68f0e12f: 78 groups; 6.3 s; peak memory 1203 MiB.
2026-10-07T19:14:02Z INFO [596/900] 62e269f9-f357-4840-a2e1-76f33dd6933b: 35 groups; 1.8 s; peak memory 1203 MiB.
2026-10-07T19:14:08Z INFO [597/900] 62e2bc74-1804-4227-a546-2b4752dabcef: 115 groups; 6.4 s; peak memory 1203 MiB.
2026-10-07T19:14:10Z INFO [598/900] 62e2ceb6-8a59-49f3-9336-6069ab46e82b: 22 groups; 1.2 s; peak memory 1203 MiB.
2026-10-07T19:14:11Z INFO [599/900] 62e31daa-e696-45e5-a9be-9cc5ca7b6f8b: 22 groups; 1.5 s; peak memory 1203 MiB.
2026-10-07T19:14:13Z INFO [600/900] 62e332fd-34b3-40f6-8592-d68e6c2ed254: 27 groups; 2.2 s; peak memory 1203 MiB.
2026-10-07T19:14:13Z INFO [600/900] 62e332fd-34b3-40f6-8592-d68e6c2ed254: checkpointed 94636 records.
2026-10-07T19:14:15Z INFO [601/900] 62e396dc-1015-474f-988c-468de8685475: 32 groups; 1.7 s; peak memory 1203 MiB.
2026-10-07T19:14:17Z INFO [602/900] 62e4c51d-b749-40e0-8885-0cc3277eec67: 337 groups; 2.1 s; peak memory 1203 MiB.
2026-10-07T19:14:35Z INFO [603/900] 62e4dfff-a3c2-4b64-b53e-eb3f967bbf0e: 17 groups; 17.5 s; peak memory 1203 MiB.
2026-10-07T19:14:36Z INFO [604/900] 62e4f213-308f-4978-89bf-8860412d50cd: 22 groups; 1.5 s; peak memory 1203 MiB.
2026-10-07T19:14:38Z INFO [605/900] 62e58de6-084f-44ae-b87c-53399bc83e15: 32 groups; 1.6 s; peak memory 1203 MiB.
2026-10-07T19:14:41Z INFO [606/900] 62e5f8ed-4c5b-476e-91fb-0e2b6042cfa2: 48 groups; 3.5 s; peak memory 1203 MiB.
2026-10-07T19:14:43Z INFO [607/900] 62e61e24-b2c3-4d7b-acf0-bf9eba61b64c: 36 groups; 1.9 s; peak memory 1203 MiB.
2026-10-07T19:15:00Z INFO [608/900] 62e67341-aa3c-4252-a039-a3ab200b8085: 270 groups; 16.5 s; peak memory 1203 MiB.
2026-10-07T19:15:01Z INFO [609/900] 62e69634-53c1-4deb-b825-a84e1b6fb65c: 36 groups; 1.9 s; peak memory 1203 MiB.
2026-10-07T19:15:03Z INFO [610/900] 62e699ec-c90d-4ff6-a7da-3ab741eb948a: 29 groups; 1.4 s; peak memory 1203 MiB.
2026-10-07T19:15:04Z INFO [611/900] 62e69d9c-f860-46a9-abd4-36aa34bdebf2: 16 groups; 1.3 s; peak memory 1203 MiB.
2026-10-07T19:15:06Z INFO [612/900] 62e6ef55-9ff1-420f-bb08-5e2092a0e8d2: 25 groups; 1.5 s; peak memory 1203 MiB.
2026-10-07T19:15:08Z INFO [613/900] 62e7d8cf-3740-4366-bf72-a7521c9a0333: 32 groups; 1.8 s; peak memory 1203 MiB.
2026-10-07T19:15:09Z INFO [614/900] 62e7f091-b4d1-4a51-8ed0-32588235d8d9: 35 groups; 1.8 s; peak memory 1203 MiB.
2026-10-07T19:15:11Z INFO [615/900] 62e839aa-33ba-4a73-a558-f86af9bf54aa: 32 groups; 1.6 s; peak memory 1203 MiB.
2026-10-07T19:15:13Z INFO [616/900] 62e89d42-3cda-4db6-8cd5-a25d950cb0a6: 25 groups; 1.7 s; peak memory 1203 MiB.
2026-10-07T19:15:14Z INFO [617/900] 62e96e2e-dbc4-4f92-86b1-4cebd57f3e75: 22 groups; 1.5 s; peak memory 1203 MiB.
2026-10-07T19:15:16Z INFO [618/900] 62e98ff9-d1ba-43d0-9fb9-d81f0bff90ec: 22 groups; 1.5 s; peak memory 1203 MiB.
2026-10-07T19:15:28Z INFO [619/900] 62e9a316-b5d9-44f8-b4e6-bcb002576ece: 212 groups; 12.8 s; peak memory 1203 MiB.
2026-10-07T19:15:30Z INFO [620/900] 62eab320-a08c-4082-90c3-5bb76aececaa: 22 groups; 1.6 s; peak memory 1203 MiB.
2026-10-07T19:15:32Z INFO [621/900] 62eb0f92-5414-4d0d-ba19-7c65b63f1c0a: 32 groups; 1.7 s; peak memory 1203 MiB.
2026-10-07T19:15:33Z INFO [622/900] 62ec0491-4d02-4542-817a-1e3f3c8be3ef: 33 groups; 1.4 s; peak memory 1203 MiB.
2026-10-07T19:15:35Z INFO [623/900] 62ec57ab-18f2-4f8b-8d23-312c697615ab: 202 groups; 2.0 s; peak memory 1203 MiB.
2026-10-07T19:15:37Z INFO [624/900] 62ed6cca-434f-48bf-86ee-0bd9b8accdd0: 36 groups; 1.9 s; peak memory 1203 MiB.
2026-10-07T19:15:39Z INFO [625/900] 62edc224-0a90-4ea5-a521-0ecf79370ade: 22 groups; 1.5 s; peak memory 1203 MiB.
2026-10-07T19:15:40Z INFO [626/900] 62edd109-3794-4f3d-8e1e-779fa86bb64f: 33 groups; 1.5 s; peak memory 1203 MiB.
2026-10-07T19:15:41Z INFO [627/900] 62eec640-bf04-4800-b40e-0509bf9a1803: 16 groups; 1.1 s; peak memory 1203 MiB.
2026-10-07T19:15:45Z INFO [628/900] 62efa0b9-7896-4cfb-b534-c915d7f2f32f: 48 groups; 3.8 s; peak memory 1203 MiB.
2026-10-07T19:15:47Z INFO [629/900] 62efae71-e18d-412e-8fad-19bb07ea89ac: 32 groups; 1.8 s; peak memory 1203 MiB.
2026-10-07T19:15:49Z INFO [630/900] 62f0a6a7-a7ff-41bd-9053-5c2b2b487814: 207 groups; 2.5 s; peak memory 1203 MiB.
2026-10-07T19:15:50Z INFO [631/900] 62f0cbf6-2dc5-4cdb-bf14-ef209277b1e3: 22 groups; 1.1 s; peak memory 1203 MiB.
2026-10-07T19:15:52Z INFO [632/900] 62f0e9d6-0f9f-4a74-85c3-4dc5f550f812: 22 groups; 1.5 s; peak memory 1203 MiB.
2026-10-07T19:15:53Z INFO [633/900] 62f1539b-f88a-4e55-b7c7-eb0568e0ba49: 22 groups; 1.5 s; peak memory 1203 MiB.
2026-10-07T19:15:55Z INFO [634/900] 62f32a6d-ad02-49a6-9a99-804e322bc1b6: 32 groups; 1.7 s; peak memory 1203 MiB.
2026-10-07T19:15:57Z INFO [635/900] 62f41c76-4f3e-4760-ae2b-d6507a13346d: 32 groups; 1.7 s; peak memory 1203 MiB.
2026-10-07T19:19:04Z INFO [636/900] 62f43316-3b81-4f7c-96f0-9faf8f308fa4: 72 groups; 187.4 s; peak memory 1203 MiB.
2026-10-07T19:19:06Z INFO [637/900] 62f4f312-cd59-487d-9c31-c7f2aa662bb0: 32 groups; 1.8 s; peak memory 1203 MiB.
2026-10-07T19:19:09Z INFO [638/900] 62f50376-6d9e-46cf-afbf-b2bcc4d049d6: 35 groups; 2.6 s; peak memory 1203 MiB.
2026-10-07T19:19:11Z INFO [639/900] 62f50dd1-1abe-45f5-8c4c-f2ab3966db4f: 32 groups; 2.2 s; peak memory 1203 MiB.
2026-10-07T19:19:12Z INFO [640/900] 62f68ec1-b48b-48a0-a094-c7b7e18d38f3: 28 groups; 1.4 s; peak memory 1203 MiB.
2026-10-07T19:19:13Z INFO [641/900] 62f86178-d3ee-41d5-8986-dc316303796d: 16 groups; 1.2 s; peak memory 1203 MiB.
2026-10-07T19:19:15Z INFO [642/900] 62f89426-c4db-4812-b626-7b49cc1695cd: 103 groups; 1.8 s; peak memory 1203 MiB.
2026-10-07T19:19:48Z INFO [643/900] 62f90bfc-e258-4f4e-98bf-d4d11f50a861: 382 groups; 33.0 s; peak memory 1203 MiB.
2026-10-07T19:19:52Z INFO [644/900] 62fa2dd4-ec80-419b-ae3b-d73c49d2f875: 46 groups; 3.7 s; peak memory 1203 MiB.
2026-10-07T19:19:54Z INFO [645/900] 62fc05ef-79d7-4824-b77e-a014e0863df4: 22 groups; 1.7 s; peak memory 1203 MiB.
2026-10-07T19:19:56Z INFO [646/900] 62fc5a35-fbc7-468f-9418-581383f43308: 35 groups; 2.0 s; peak memory 1203 MiB.
2026-10-07T19:20:00Z INFO [647/900] 62fc61df-79e6-44bb-9060-8fc55cfdf6c1: 50 groups; 4.1 s; peak memory 1203 MiB.
2026-10-07T19:20:01Z INFO [648/900] 62fc7a46-ddc8-4933-92c2-e99bb948181c: 22 groups; 1.7 s; peak memory 1203 MiB.
2026-10-07T19:20:03Z INFO [649/900] 62fc7e98-7732-4569-83f7-755d484400e3: 22 groups; 1.7 s; peak memory 1203 MiB.
2026-10-07T19:20:18Z INFO [650/900] 62fd22c9-56eb-479a-bb34-7d2fab2fa01e: 194 groups; 14.3 s; peak memory 1203 MiB.
2026-10-07T19:20:18Z INFO [650/900] 62fd22c9-56eb-479a-bb34-7d2fab2fa01e: checkpointed 94686 records.
2026-10-07T19:20:21Z INFO [651/900] 62fe23d0-5c02-439d-a974-fdcf696127c6: 47 groups; 3.4 s; peak memory 1203 MiB.
2026-10-07T19:20:23Z INFO [652/900] 62ff2341-276f-4d9d-b459-ec185a525c79: 36 groups; 1.9 s; peak memory 1203 MiB.
2026-10-07T19:20:24Z INFO [653/900] 62ffeb0e-5ef8-4ce9-b3b9-cda41e76a9d8: 31 groups; 1.5 s; peak memory 1203 MiB.
2026-10-07T19:20:53Z INFO [654/900] 630015c2-d5f4-410c-baf5-d497f1fb14e1: 332 groups; 28.4 s; peak memory 1203 MiB.
2026-10-07T19:20:54Z INFO [655/900] 63001da6-befb-46fd-b307-965988a81441: 28 groups; 1.3 s; peak memory 1203 MiB.
2026-10-07T19:20:56Z INFO [656/900] 630042c2-eb94-446a-8b64-d146c88bbed8: 195 groups; 2.2 s; peak memory 1203 MiB.
2026-10-07T19:20:59Z INFO [657/900] 63026b02-c169-4cf1-9564-684a687fa5ef: 48 groups; 3.2 s; peak memory 1203 MiB.
2026-10-07T19:21:01Z INFO [658/900] 63038e06-8232-4acf-b3df-8b7db8d0a126: 201 groups; 2.0 s; peak memory 1203 MiB.
2026-10-07T19:21:03Z INFO [659/900] 6303a1fb-2644-4ea8-be68-96fd5432027b: 32 groups; 1.7 s; peak memory 1203 MiB.
2026-10-07T19:21:05Z INFO [660/900] 6303a48f-7ed5-432d-a6bc-52c0900d295b: 32 groups; 1.8 s; peak memory 1203 MiB.
2026-10-07T19:21:07Z INFO [661/900] 630415ac-f8a2-42ff-ac14-7eb61daf1684: 67 groups; 1.9 s; peak memory 1203 MiB.
2026-10-07T19:21:08Z INFO [662/900] 63049d97-6a51-4377-ae62-59de8ccfc75a: 24 groups; 1.2 s; peak memory 1203 MiB.
2026-10-07T19:23:45Z INFO [663/900] 6304ab7c-946f-4841-a5c7-4c064d1dafc8: 80 groups; 156.9 s; peak memory 1203 MiB.
2026-10-07T19:23:47Z INFO [664/900] 6305db95-c805-435e-a063-b1f9c7385552: 41 groups; 2.3 s; peak memory 1203 MiB.
2026-10-07T19:23:49Z INFO [665/900] 6305f04d-1a1c-46d1-8ec4-edba6c393a69: 24 groups; 1.4 s; peak memory 1203 MiB.
2026-10-07T19:23:50Z INFO [666/900] 63063cde-1d2e-44cd-9d3f-1f3f92b2e23e: 24 groups; 1.6 s; peak memory 1203 MiB.
2026-10-07T19:23:52Z INFO [667/900] 6308235d-3207-4578-adc3-ebbaa93fadae: 32 groups; 1.7 s; peak memory 1203 MiB.
2026-10-07T19:23:54Z INFO [668/900] 63087404-a878-4140-9787-f772b111f3d8: 33 groups; 2.1 s; peak memory 1203 MiB.
2026-10-07T19:23:56Z INFO [669/900] 6309e8fe-0609-47a0-a9d9-1719dce6c51a: 32 groups; 1.9 s; peak memory 1203 MiB.
2026-10-07T19:23:59Z INFO [670/900] 630a2b7f-b1b5-4093-a6df-1af40a7c07b7: 48 groups; 3.4 s; peak memory 1203 MiB.
2026-10-07T19:24:01Z INFO [671/900] 630a39cc-f1f1-4b22-8e26-282f78653f92: 22 groups; 1.6 s; peak memory 1203 MiB.
2026-10-07T19:24:12Z INFO [672/900] 630a5f4b-8cdf-43d2-9db3-26bb7be226c3: 27 groups; 10.7 s; peak memory 1203 MiB.
2026-10-07T19:24:41Z INFO [673/900] 630c6ef9-121a-4c61-a685-de48cd2cb975: 244 groups; 29.8 s; peak memory 1203 MiB.
2026-10-07T19:24:43Z INFO [674/900] 630d12d3-d1db-4747-9047-8c8d5cfd0ee9: 30 groups; 1.3 s; peak memory 1203 MiB.
2026-10-07T19:24:52Z INFO [675/900] 630d5922-1e97-4fc3-817d-f5692381e615: 70 groups; 9.3 s; peak memory 1203 MiB.
2026-10-07T19:24:53Z INFO [676/900] 630d7aca-74bf-4758-a823-39efb0e7a852: 22 groups; 1.6 s; peak memory 1203 MiB.
2026-10-07T19:24:55Z INFO [677/900] 630e3c85-1d66-4ede-877f-0cdc4e2ee19c: 17 groups; 1.2 s; peak memory 1203 MiB.
2026-10-07T19:25:04Z INFO [678/900] 630e3f1e-3a77-4f0a-8739-a5f893b7ac23: 96 groups; 8.9 s; peak memory 1203 MiB.
2026-10-07T19:25:05Z INFO [679/900] 630f5d1f-02a1-48db-9de6-68a2df86fc13: 22 groups; 1.7 s; peak memory 1203 MiB.
2026-10-07T19:25:07Z INFO [680/900] 63107b17-2e9e-4acb-b1e3-235b4bf7f516: 108 groups; 2.1 s; peak memory 1203 MiB.
2026-10-07T19:25:10Z INFO [681/900] 63109529-6c48-470a-8643-7bdb85815519: 53 groups; 2.8 s; peak memory 1203 MiB.
2026-10-07T19:25:35Z INFO [682/900] 6310dc00-c5f5-4a4c-b073-063cf6504ab2: 23 groups; 25.1 s; peak memory 1203 MiB.
2026-10-07T19:25:38Z INFO [683/900] 6310f53e-4ada-4038-93df-e8f46767ef52: 33 groups; 2.6 s; peak memory 1203 MiB.
2026-10-07T19:25:42Z INFO [684/900] 631132e2-c1fc-433f-b7cf-f7fb65c4d000: 50 groups; 4.2 s; peak memory 1203 MiB.
2026-10-07T19:25:46Z INFO [685/900] 63122b40-e167-4fa5-91dc-c882d6be0802: 48 groups; 3.6 s; peak memory 1203 MiB.
2026-10-07T19:25:47Z INFO [686/900] 631231cb-1890-46fb-85b2-7dcf24e99bbf: 22 groups; 1.6 s; peak memory 1203 MiB.
2026-10-07T19:25:49Z INFO [687/900] 63123804-aebc-44a8-9fae-d11e2518ec49: 35 groups; 2.2 s; peak memory 1203 MiB.
2026-10-07T19:25:52Z INFO [688/900] 6312814f-39dd-4b57-993f-88bfc4a4ea5d: 203 groups; 2.3 s; peak memory 1203 MiB.
2026-10-07T19:25:55Z INFO [689/900] 6313aee7-e912-4cf6-a959-1e09daa02867: 48 groups; 3.3 s; peak memory 1203 MiB.
2026-10-07T19:25:56Z INFO [690/900] 6313b21c-e2e6-4744-990d-5ac7769b4122: 17 groups; 1.2 s; peak memory 1203 MiB.
2026-10-07T19:25:58Z INFO [691/900] 63151442-71fc-4bf9-ba4f-b2e88ef20883: 22 groups; 1.4 s; peak memory 1203 MiB.
2026-10-07T19:25:59Z INFO [692/900] 63155723-aacd-4cc8-9492-1eccb629f93e: 22 groups; 1.5 s; peak memory 1203 MiB.
2026-10-07T19:26:01Z INFO [693/900] 6316211a-aebb-4119-a077-7fa4368fc3b9: 22 groups; 1.4 s; peak memory 1203 MiB.
2026-10-07T19:26:14Z INFO [694/900] 63165492-f6cb-497c-825f-97565d0e9309: 22 groups; 13.6 s; peak memory 1203 MiB.
2026-10-07T19:26:15Z INFO [695/900] 6317ab96-da9d-4795-b90b-f10116ef212d: 30 groups; 1.3 s; peak memory 1203 MiB.
2026-10-07T19:26:17Z INFO [696/900] 6317ccb9-74fe-4310-974c-d4b2b9fd5621: 32 groups; 1.9 s; peak memory 1203 MiB.
2026-10-07T19:26:21Z INFO [697/900] 6317e956-369e-4633-b4a1-fe254e68742d: 50 groups; 3.9 s; peak memory 1203 MiB.
2026-10-07T19:26:23Z INFO [698/900] 6317f4fe-0b25-47f4-8c87-02f78296b296: 40 groups; 2.0 s; peak memory 1203 MiB.
2026-10-07T19:26:25Z INFO [699/900] 63185af4-2dbc-40cb-84c3-a515765f1f04: 22 groups; 1.5 s; peak memory 1203 MiB.
2026-10-07T19:26:38Z INFO [700/900] 6318e492-f84a-48b5-9149-4fab1048e31b: 143 groups; 12.9 s; peak memory 1203 MiB.
2026-10-07T19:26:38Z INFO [700/900] 6318e492-f84a-48b5-9149-4fab1048e31b: checkpointed 94736 records.
2026-10-07T19:26:39Z INFO [701/900] 63199ff9-aa32-4bc3-ba89-4717e0387212: 22 groups; 1.5 s; peak memory 1203 MiB.
2026-10-07T19:26:41Z INFO [702/900] 631a4344-ee5f-45ef-922c-0a2e77f7cd14: 22 groups; 1.6 s; peak memory 1203 MiB.
2026-10-07T19:26:42Z INFO [703/900] 631ae537-e72a-4202-b746-5e5528112830: 27 groups; 1.3 s; peak memory 1203 MiB.
2026-10-07T19:26:44Z INFO [704/900] 631b2373-397e-4cf7-bf7d-8077799e59e7: 22 groups; 1.6 s; peak memory 1203 MiB.
2026-10-07T19:26:45Z INFO [705/900] 631c27e1-6875-4ea8-835f-0dd225eec365: 22 groups; 1.4 s; peak memory 1203 MiB.
2026-10-07T19:26:47Z INFO [706/900] 631c9970-5259-44f1-9271-b69944c50e54: 337 groups; 2.1 s; peak memory 1203 MiB.
2026-10-07T19:26:49Z INFO [707/900] 631cb862-9882-4b8a-bf83-4a594a1cf2ad: 22 groups; 1.4 s; peak memory 1203 MiB.
2026-10-07T19:26:50Z INFO [708/900] 631d3063-ac8d-41a4-a73e-f9f83f484b57: 32 groups; 1.8 s; peak memory 1203 MiB.
2026-10-07T19:26:52Z INFO [709/900] 631d7e95-c8d1-4866-9221-9100b035111c: 20 groups; 1.7 s; peak memory 1203 MiB.
2026-10-07T19:26:54Z INFO [710/900] 631e4e6a-e137-4824-9b7d-8767b2e722d2: 32 groups; 1.7 s; peak memory 1203 MiB.
2026-10-07T19:27:00Z INFO [711/900] 631e7384-aac6-4d3d-aec3-55b7f57866ef: 72 groups; 6.2 s; peak memory 1203 MiB.
2026-10-07T19:27:01Z INFO [712/900] 631fbdd2-93d7-4c52-9af7-1ac08c778c84: 16 groups; 1.4 s; peak memory 1203 MiB.
2026-10-07T19:27:04Z INFO [713/900] 631fe9c6-2b3e-41b6-8771-b684188cfa2e: 30 groups; 2.2 s; peak memory 1203 MiB.
2026-10-07T19:27:06Z INFO [714/900] 632011f3-2a7b-4f60-825a-dd863896772f: 341 groups; 2.3 s; peak memory 1203 MiB.
2026-10-07T19:27:08Z INFO [715/900] 63206a4c-0c5d-443f-9f9d-6ab679bb922d: 253 groups; 1.8 s; peak memory 1203 MiB.
2026-10-07T19:27:25Z INFO [716/900] 6320f8ba-f498-49ca-a34a-9b95e86fa38b: 18 groups; 17.4 s; peak memory 1203 MiB.
2026-10-07T19:27:26Z INFO [717/900] 6321840e-f248-40c8-83a6-a6f1e0db2a8b: 16 groups; 1.3 s; peak memory 1203 MiB.
2026-10-07T19:27:30Z INFO [718/900] 6321a61e-2789-4778-91d2-2f08073adf28: 46 groups; 3.7 s; peak memory 1203 MiB.
2026-10-07T19:27:32Z INFO [719/900] 6321f1d2-9810-46d0-b191-936b41ce254c: 32 groups; 1.9 s; peak memory 1203 MiB.
2026-10-07T19:27:34Z INFO [720/900] 63221ce8-9945-4a39-bb25-70782ebdb9a7: 71 groups; 1.8 s; peak memory 1203 MiB.
2026-10-07T19:27:36Z INFO [721/900] 632273d8-3b74-45a7-923d-5aa6f30df4e1: 199 groups; 2.6 s; peak memory 1203 MiB.
2026-10-07T19:27:49Z INFO [722/900] 63241a24-c4a3-4553-8bd7-ab3dcd82c738: 66 groups; 12.9 s; peak memory 1203 MiB.
2026-10-07T19:27:50Z INFO [723/900] 6324339c-f038-4354-bf37-b81b036614b1: 16 groups; 1.1 s; peak memory 1203 MiB.
2026-10-07T19:27:54Z INFO [724/900] 632463ce-fe9b-4a64-9737-1e6b1c39b359: 50 groups; 3.9 s; peak memory 1203 MiB.
2026-10-07T19:27:56Z INFO [725/900] 63247689-ae5f-4edd-9123-9755e96d001e: 30 groups; 1.3 s; peak memory 1203 MiB.
2026-10-07T19:27:57Z INFO [726/900] 6324b714-7a15-474b-ab99-d92eea390f85: 20 groups; 1.3 s; peak memory 1203 MiB.
2026-10-07T19:27:59Z INFO [727/900] 63255c79-030d-4dd6-81fb-1933caa0f7d3: 26 groups; 1.6 s; peak memory 1203 MiB.
2026-10-07T19:28:00Z INFO [728/900] 6325a503-1950-44dd-a044-cf828db67bd2: 22 groups; 1.5 s; peak memory 1203 MiB.
2026-10-07T19:28:10Z INFO [729/900] 6325f301-d453-455a-877a-b5340e3e9a02: 110 groups; 10.0 s; peak memory 1203 MiB.
2026-10-07T19:28:14Z INFO [730/900] 63269a52-85ad-4f3c-b13b-16766e3f65c1: 34 groups; 4.3 s; peak memory 1203 MiB.
2026-10-07T19:28:16Z INFO [731/900] 6326d6c9-70ba-483e-95b8-a26635e94d6f: 25 groups; 1.7 s; peak memory 1203 MiB.
2026-10-07T19:28:18Z INFO [732/900] 63282104-62a6-4103-aa21-ca6420dc7a38: 22 groups; 1.6 s; peak memory 1203 MiB.
2026-10-07T19:28:21Z INFO [733/900] 6329b435-8ee3-4d18-b022-969d216432e8: 48 groups; 3.7 s; peak memory 1203 MiB.
2026-10-07T19:28:23Z INFO [734/900] 6329d479-4f2a-469a-8fbc-ea7351687fac: 253 groups; 1.7 s; peak memory 1203 MiB.
2026-10-07T19:28:25Z INFO [735/900] 632b5250-42f7-4b28-9a73-ce288153c24d: 18 groups; 1.5 s; peak memory 1203 MiB.
2026-10-07T19:28:35Z INFO [736/900] 632bd0c0-488b-4d9f-9379-dcf3500c1b11: 50 groups; 9.9 s; peak memory 1203 MiB.
2026-10-07T19:28:38Z INFO [737/900] 632c56b5-4762-4919-b871-618d325bb975: 49 groups; 3.9 s; peak memory 1203 MiB.
2026-10-07T19:28:46Z INFO [738/900] 632cd99f-6006-495a-9e1c-36a174043636: 181 groups; 7.7 s; peak memory 1203 MiB.
2026-10-07T19:28:48Z INFO [739/900] 632cfe5d-d9b1-42dd-82e9-9345f0039f0d: 22 groups; 1.4 s; peak memory 1203 MiB.
2026-10-07T19:29:07Z INFO [740/900] 632ec968-0769-4cb6-92ae-7246fe5cebc5: 89 groups; 19.2 s; peak memory 1203 MiB.
2026-10-07T19:29:08Z INFO [741/900] 632fb769-13f3-4def-a3de-21ee686cb23e: 22 groups; 1.4 s; peak memory 1203 MiB.
2026-10-07T19:29:21Z INFO [742/900] 63300e3d-010a-4f0f-95bb-5afc84fecf1a: 123 groups; 12.4 s; peak memory 1203 MiB.
2026-10-07T19:29:22Z INFO [743/900] 63316bd3-2912-4c7b-9168-e59f993c01c2: 22 groups; 1.6 s; peak memory 1203 MiB.
2026-10-07T19:29:24Z INFO [744/900] 6331b9f9-a1a7-4b4e-a7ed-d1ba0d55e168: 33 groups; 1.5 s; peak memory 1203 MiB.
2026-10-07T19:29:26Z INFO [745/900] 63324ed0-d942-43e8-bacc-05eb05b04d26: 203 groups; 2.2 s; peak memory 1203 MiB.
2026-10-07T19:29:28Z INFO [746/900] 6333aa37-cc87-45ad-95ec-b5a4c9407879: 32 groups; 1.7 s; peak memory 1203 MiB.
2026-10-07T19:29:31Z INFO [747/900] 6333b87e-f1a2-4fd2-9abf-cd5070afc44a: 48 groups; 3.8 s; peak memory 1203 MiB.
2026-10-07T19:29:34Z INFO [748/900] 6334ae3e-365b-4ead-bb1b-6f5abf16e46c: 34 groups; 3.1 s; peak memory 1203 MiB.
2026-10-07T19:29:37Z INFO [749/900] 63363939-6e23-4e7b-bdf5-7fb3695251ae: 31 groups; 2.2 s; peak memory 1203 MiB.
2026-10-07T19:29:38Z INFO [750/900] 63369eaf-d742-425d-a333-306cda250eda: 22 groups; 1.5 s; peak memory 1203 MiB.
2026-10-07T19:29:38Z INFO [750/900] 63369eaf-d742-425d-a333-306cda250eda: checkpointed 94786 records.
2026-10-07T19:29:40Z INFO [751/900] 6336b989-6694-45ee-a022-b1978f846ce2: 22 groups; 1.5 s; peak memory 1203 MiB.
2026-10-07T19:29:41Z INFO [752/900] 63373e06-a669-4b47-926b-4cd4f5ac546c: 32 groups; 1.7 s; peak memory 1203 MiB.
2026-10-07T19:29:43Z INFO [753/900] 6337b8ea-5959-42d5-846d-e48d4b44d324: 30 groups; 1.6 s; peak memory 1203 MiB.
2026-10-07T19:29:45Z INFO [754/900] 633889c0-f420-4bb7-9006-0081e281196b: 22 groups; 1.6 s; peak memory 1203 MiB.
2026-10-07T19:29:47Z INFO [755/900] 633af64d-9368-468f-aeb2-7885e60de938: 34 groups; 2.2 s; peak memory 1203 MiB.
2026-10-07T19:29:55Z INFO [756/900] 633bcdcf-8582-40d5-9699-3356431311cc: 66 groups; 8.0 s; peak memory 1203 MiB.
2026-10-07T19:29:56Z INFO [757/900] 633d2662-182d-488d-acde-b248693347f6: 24 groups; 1.4 s; peak memory 1203 MiB.
2026-10-07T19:29:58Z INFO [758/900] 633d4484-52f4-4ad8-88b4-0769651b5bf1: 22 groups; 1.5 s; peak memory 1203 MiB.
2026-10-07T19:29:59Z INFO [759/900] 633daf5b-5637-47eb-8857-62a6c824a36f: 32 groups; 1.6 s; peak memory 1203 MiB.
2026-10-07T19:30:00Z INFO [760/900] 633de663-1048-449f-9a69-0d073e121b96: 25 groups; 1.1 s; peak memory 1203 MiB.
2026-10-07T19:30:07Z INFO [761/900] 633dee78-4fdd-4e78-8cba-49321b35c5b2: 181 groups; 6.4 s; peak memory 1203 MiB.
2026-10-07T19:30:08Z INFO [762/900] 633e0965-a8c9-4195-8890-1421f753c287: 22 groups; 1.5 s; peak memory 1203 MiB.
2026-10-07T19:30:29Z INFO [763/900] 633f48f1-5410-4b0c-9f91-02a77dc6b9b8: 27 groups; 20.8 s; peak memory 1203 MiB.
2026-10-07T19:30:31Z INFO [764/900] 633fa485-bbfc-40f6-96fa-243d6f1aba0f: 193 groups; 1.6 s; peak memory 1203 MiB.
2026-10-07T19:30:33Z INFO [765/900] 634018c6-2616-44be-af04-4c9f51bbb006: 35 groups; 2.1 s; peak memory 1203 MiB.
2026-10-07T19:30:36Z INFO [766/900] 6340caa1-f4bf-4222-8d78-2eb2884fd49f: 17 groups; 3.2 s; peak memory 1203 MiB.
2026-10-07T19:30:38Z INFO [767/900] 6340f6d5-b894-4e5a-8331-05f97442c5e0: 33 groups; 2.3 s; peak memory 1203 MiB.
2026-10-07T19:30:40Z INFO [768/900] 6341f9f8-eee2-4c73-be4d-cbaeafc24091: 22 groups; 1.5 s; peak memory 1203 MiB.
2026-10-07T19:30:41Z INFO [769/900] 634239cb-eda5-4fc4-91f8-b53ee627173b: 32 groups; 1.7 s; peak memory 1203 MiB.
2026-10-07T19:30:43Z INFO [770/900] 63438bdf-ddb4-43c3-a22d-c2eee310f5a5: 32 groups; 1.8 s; peak memory 1203 MiB.
2026-10-07T19:30:45Z INFO [771/900] 63439d22-2a66-42e8-95cb-b3f1e2c3f1b0: 22 groups; 1.5 s; peak memory 1203 MiB.
2026-10-07T19:30:47Z INFO [772/900] 634407b4-0646-48df-a5b4-40bcd278e89b: 33 groups; 1.9 s; peak memory 1203 MiB.
2026-10-07T19:30:48Z INFO [773/900] 63444f4c-16af-46f3-a2f9-59897ecaff2d: 31 groups; 1.3 s; peak memory 1203 MiB.
2026-10-07T19:30:50Z INFO [774/900] 6344c72e-cde0-4f1c-814f-2c256de09519: 25 groups; 1.7 s; peak memory 1203 MiB.
2026-10-07T19:30:52Z INFO [775/900] 6344fc62-786d-4725-ac02-fb80da239e12: 27 groups; 2.1 s; peak memory 1203 MiB.
2026-10-07T19:30:55Z INFO [776/900] 6345627f-d7f0-4950-b8de-9fab2107ed19: 33 groups; 2.9 s; peak memory 1203 MiB.
2026-10-07T19:30:59Z INFO [777/900] 63456816-fa3d-42b3-a680-5cff4d246d1b: 54 groups; 3.9 s; peak memory 1203 MiB.
2026-10-07T19:31:00Z INFO [778/900] 63471d5b-23d3-4773-af87-64333cdaa1da: 22 groups; 1.3 s; peak memory 1203 MiB.
2026-10-07T19:31:01Z INFO [779/900] 6347350c-cb60-424c-a367-ad6fa2ca455a: 16 groups; 1.4 s; peak memory 1203 MiB.
2026-10-07T19:31:03Z INFO [780/900] 634776be-8cf1-4d02-b955-34088fda7761: 32 groups; 2.0 s; peak memory 1203 MiB.
2026-10-07T19:32:08Z INFO [781/900] 6347c527-6f56-4683-8b37-54f449505788: 1049 groups; 64.9 s; peak memory 1203 MiB.
2026-10-07T19:32:10Z INFO [782/900] 6348b805-1d8a-4e1d-8268-552bcc32bad2: 32 groups; 1.9 s; peak memory 1203 MiB.
2026-10-07T19:32:14Z INFO [783/900] 6349546c-315f-4369-8fbd-1e4cb029e45f: 48 groups; 4.1 s; peak memory 1203 MiB.
2026-10-07T19:32:16Z INFO [784/900] 634afc75-e98e-4d54-b753-32cf2673b1d3: 22 groups; 1.6 s; peak memory 1203 MiB.
2026-10-07T19:32:18Z INFO [785/900] 634b5154-7ab0-42b5-a71f-33bd2bb7bdb6: 32 groups; 1.8 s; peak memory 1203 MiB.
2026-10-07T19:32:20Z INFO [786/900] 634d76e7-bfe5-4b1d-95ff-1c270a07e143: 35 groups; 2.2 s; peak memory 1203 MiB.
2026-10-07T19:32:21Z INFO [787/900] 634dc8d2-aabb-47a6-b8d5-0a04fe0a942d: 22 groups; 1.6 s; peak memory 1203 MiB.
2026-10-07T19:32:23Z INFO [788/900] 634e016f-8ad3-4fd0-9f5b-197cc4e8201d: 103 groups; 1.8 s; peak memory 1203 MiB.
2026-10-07T19:32:25Z INFO [789/900] 634e88a8-7de1-43ed-9df0-a469062ac761: 22 groups; 1.5 s; peak memory 1203 MiB.
2026-10-07T19:32:26Z INFO [790/900] 634f5c68-8db7-4485-9d54-72468531c93e: 22 groups; 1.4 s; peak memory 1203 MiB.
2026-10-07T19:32:28Z INFO [791/900] 634f8960-749c-4813-a7f0-1c5a52c4dbf2: 207 groups; 2.4 s; peak memory 1203 MiB.
2026-10-07T19:32:44Z INFO [792/900] 634fa1c6-d7aa-48f1-b058-4fd8755c263c: 191 groups; 15.5 s; peak memory 1203 MiB.
2026-10-07T19:32:46Z INFO [793/900] 634fa2cc-c99d-4752-970d-3ecf9bece8e8: 34 groups; 1.7 s; peak memory 1203 MiB.
2026-10-07T19:32:48Z INFO [794/900] 634febf2-14c8-4895-b881-8a01d23cd0ff: 32 groups; 1.9 s; peak memory 1203 MiB.
2026-10-07T19:32:49Z INFO [795/900] 63508c7a-6e91-4d62-b60f-e8f560755015: 25 groups; 1.2 s; peak memory 1203 MiB.
2026-10-07T19:32:51Z INFO [796/900] 63513cd1-74c0-4b08-9c13-70cb81947297: 34 groups; 1.9 s; peak memory 1203 MiB.
2026-10-07T19:32:52Z INFO [797/900] 63521d62-a6e8-4f5d-91f8-3c0e8527d7a4: 22 groups; 1.2 s; peak memory 1203 MiB.
2026-10-07T19:32:55Z INFO [798/900] 63534832-2f18-44cc-9c6f-f959af5e268d: 207 groups; 3.2 s; peak memory 1203 MiB.
2026-10-07T19:32:57Z INFO [799/900] 63541e22-5276-4704-9c03-d000317a31ca: 22 groups; 1.7 s; peak memory 1203 MiB.
2026-10-07T19:32:58Z INFO [800/900] 63543ca7-baf8-4ae6-aa73-a34c978aba85: 22 groups; 1.6 s; peak memory 1203 MiB.
2026-10-07T19:32:58Z INFO [800/900] 63543ca7-baf8-4ae6-aa73-a34c978aba85: checkpointed 94836 records.
2026-10-07T19:33:45Z INFO [801/900] 6354708e-3d7b-4de0-9300-46cc17d2cfae: 17 groups; 46.4 s; peak memory 1203 MiB.
2026-10-07T19:33:46Z INFO [802/900] 635473c4-84ef-452f-bf33-70616f0295d3: 29 groups; 1.6 s; peak memory 1203 MiB.
2026-10-07T19:33:48Z INFO [803/900] 6354b846-1e53-43cd-af4e-24387fd2a40b: 35 groups; 1.9 s; peak memory 1203 MiB.
2026-10-07T19:33:50Z INFO [804/900] 635534ca-425a-41ca-8766-c8b9fc67c93e: 22 groups; 1.5 s; peak memory 1203 MiB.
2026-10-07T19:33:52Z INFO [805/900] 6355ac17-1571-42d0-8fcf-a699350d9fef: 32 groups; 1.8 s; peak memory 1203 MiB.
2026-10-07T19:33:53Z INFO [806/900] 6355f596-8ad3-4448-948b-61e93ca49f2c: 22 groups; 1.4 s; peak memory 1203 MiB.
2026-10-07T19:34:00Z INFO [807/900] 63560d90-34e3-42a6-8f60-199d6d72ff16: 78 groups; 6.8 s; peak memory 1203 MiB.
2026-10-07T19:34:02Z INFO [808/900] 6356fa65-4b81-4aa1-b131-fa1370305a75: 33 groups; 1.7 s; peak memory 1203 MiB.
2026-10-07T19:34:03Z INFO [809/900] 63575e6d-0c79-4697-9db7-2fd60ae57b60: 22 groups; 1.4 s; peak memory 1203 MiB.
2026-10-07T19:34:05Z INFO [810/900] 6358084c-8013-4cba-930d-e2c00159841c: 202 groups; 1.9 s; peak memory 1203 MiB.
2026-10-07T19:34:09Z INFO [811/900] 6359306d-19e7-4c86-acbd-be2779e7b465: 47 groups; 3.7 s; peak memory 1203 MiB.
2026-10-07T19:34:11Z INFO [812/900] 635934e5-c3f8-4549-8c49-dcf09bdbdb61: 35 groups; 2.0 s; peak memory 1203 MiB.
2026-10-07T19:34:13Z INFO [813/900] 635947dc-4592-4cd0-90df-abb60edc6619: 336 groups; 2.3 s; peak memory 1203 MiB.
2026-10-07T19:34:15Z INFO [814/900] 63595158-c5b1-4b51-a3fc-9b29691b6c31: 32 groups; 1.7 s; peak memory 1203 MiB.
2026-10-07T19:34:16Z INFO [815/900] 6359e311-a3a7-4ca9-a3c0-f9a122d5d31e: 16 groups; 1.1 s; peak memory 1203 MiB.
2026-10-07T19:34:17Z INFO [816/900] 635a4ee9-dac9-4311-9a85-2d20d7457305: 22 groups; 1.5 s; peak memory 1203 MiB.
2026-10-07T19:34:23Z INFO [817/900] 635aa59e-c22e-4f53-aee7-f62d15004da2: 29 groups; 6.0 s; peak memory 1203 MiB.
2026-10-07T19:34:33Z INFO [818/900] 635ab311-71d7-44ea-ad0f-688cd818b4d8: 213 groups; 9.3 s; peak memory 1203 MiB.
2026-10-07T19:36:19Z INFO [819/900] 635b494b-68d8-494c-a5da-fd498c0e63a3: 7480 groups; 106.4 s; peak memory 1203 MiB.
2026-10-07T19:36:28Z INFO [820/900] 635c3b1a-c1f3-4ebe-a94e-5615492772ea: 182 groups; 9.0 s; peak memory 1203 MiB.
2026-10-07T19:36:30Z INFO [821/900] 635cfc9a-ecee-48bf-b5dc-65b870912b37: 32 groups; 2.0 s; peak memory 1203 MiB.
2026-10-07T19:36:32Z INFO [822/900] 635d0e10-d7b5-4a9d-9f47-bcf89d10a03e: 35 groups; 2.2 s; peak memory 1203 MiB.
2026-10-07T19:36:34Z INFO [823/900] 635f08c8-4c40-4521-8852-6a302cbd9f22: 22 groups; 1.7 s; peak memory 1203 MiB.
2026-10-07T19:36:35Z INFO [824/900] 63616def-c1d0-422e-bbb0-d63b5b8d3227: 22 groups; 1.5 s; peak memory 1203 MiB.
2026-10-07T19:36:37Z INFO [825/900] 636299d6-ac62-4c8d-8ff3-b298747f3f65: 29 groups; 1.6 s; peak memory 1203 MiB.
2026-10-07T19:36:45Z INFO [826/900] 63633860-a14b-40d9-892f-83af012bce34: 144 groups; 8.0 s; peak memory 1203 MiB.
2026-10-07T19:36:47Z INFO [827/900] 6363bae9-11ea-4767-8529-74b09132e2db: 252 groups; 1.9 s; peak memory 1203 MiB.
2026-10-07T19:36:52Z INFO [828/900] 63657e32-ad33-4625-b664-31699b5bf664: 53 groups; 5.2 s; peak memory 1203 MiB.
2026-10-07T19:37:08Z INFO [829/900] 6365a215-0047-499a-b02f-7bbbe608e7b6: 247 groups; 15.6 s; peak memory 1203 MiB.
2026-10-07T19:37:10Z INFO [830/900] 6365b855-bdc4-441f-9684-45ff9ea976e8: 201 groups; 2.0 s; peak memory 1203 MiB.
2026-10-07T19:37:11Z INFO [831/900] 63660bf7-eb64-4055-bb8a-d9afca2ec4f8: 17 groups; 1.4 s; peak memory 1203 MiB.
2026-10-07T19:37:13Z INFO [832/900] 63667d71-4f74-43f7-bf3e-7c9333ab470f: 30 groups; 1.6 s; peak memory 1203 MiB.
2026-10-07T19:37:14Z INFO [833/900] 636729b2-35a8-4b05-9141-fd786637d43c: 18 groups; 1.2 s; peak memory 1203 MiB.
2026-10-07T19:37:15Z INFO [834/900] 63673f09-07fc-4317-a831-0039ab6b671a: 17 groups; 1.3 s; peak memory 1203 MiB.
2026-10-07T19:37:16Z INFO [835/900] 6367b9c1-495d-41cb-846c-e0a007667fc3: 22 groups; 1.4 s; peak memory 1203 MiB.
2026-10-07T19:37:19Z INFO [836/900] 6368ceb3-0b75-4fbf-aa14-1d8d8e24dc3e: 32 groups; 2.1 s; peak memory 1203 MiB.
2026-10-07T19:37:28Z INFO [837/900] 636932af-c136-48d1-8707-ac80522c34c6: 34 groups; 9.8 s; peak memory 1203 MiB.
2026-10-07T19:37:30Z INFO [838/900] 63699d9d-91a8-4d43-8241-5002ce673ed1: 22 groups; 1.6 s; peak memory 1203 MiB.
2026-10-07T19:37:31Z INFO [839/900] 6369c511-c0fc-4846-bbc3-76ce4dc8ed38: 31 groups; 1.4 s; peak memory 1203 MiB.
2026-10-07T19:37:33Z INFO [840/900] 636b401c-7fcf-44c0-a24f-0b3f9b231686: 21 groups; 1.8 s; peak memory 1203 MiB.
2026-10-07T19:38:02Z INFO [841/900] 636b8671-9556-42fd-afff-4bd01ea53019: 656 groups; 28.7 s; peak memory 1203 MiB.
2026-10-07T19:38:03Z INFO [842/900] 636c0570-e2a2-41fb-b12d-5c542241de7f: 22 groups; 1.4 s; peak memory 1203 MiB.
2026-10-07T19:38:05Z INFO [843/900] 636d3753-531a-4d98-8561-3f4b5d5f2b0e: 30 groups; 1.8 s; peak memory 1203 MiB.
2026-10-07T19:38:17Z INFO [844/900] 636e50da-a450-4cde-9e09-0a5946dca790: 164 groups; 11.6 s; peak memory 1203 MiB.
2026-10-07T19:38:28Z INFO [845/900] 636fb1c5-5198-459d-a9e9-70ca9ab0859b: 37 groups; 11.2 s; peak memory 1203 MiB.
2026-10-07T19:38:30Z INFO [846/900] 637021b4-74f6-4aaf-8a13-789833cbebed: 22 groups; 1.5 s; peak memory 1203 MiB.
2026-10-07T19:38:40Z INFO [847/900] 637053b6-d74a-464c-9310-4601da4a827b: 175 groups; 10.2 s; peak memory 1203 MiB.
2026-10-07T19:38:42Z INFO [848/900] 637091ef-73f0-486b-b9d4-11bf2a5b0e3f: 108 groups; 1.9 s; peak memory 1203 MiB.
2026-10-07T19:41:36Z INFO [849/900] 6370f2e6-faf9-411f-948b-13995e6a7902: 60 groups; 174.4 s; peak memory 1203 MiB.
2026-10-07T19:41:38Z INFO [850/900] 63710047-3172-438e-8f3f-9e104cee17e5: 32 groups; 1.8 s; peak memory 1203 MiB.
2026-10-07T19:41:38Z INFO [850/900] 63710047-3172-438e-8f3f-9e104cee17e5: checkpointed 94886 records.
2026-10-07T19:41:40Z INFO [851/900] 6372a517-3d2d-4904-90de-f1fa43586687: 30 groups; 2.2 s; peak memory 1203 MiB.
2026-10-07T19:41:42Z INFO [852/900] 63733b52-21d8-438d-9d1b-8a111bf05c3f: 207 groups; 2.3 s; peak memory 1203 MiB.
2026-10-07T19:41:44Z INFO [853/900] 63739b82-1601-4d8f-bca1-20ff6db17777: 20 groups; 1.8 s; peak memory 1203 MiB.
2026-10-07T19:41:46Z INFO [854/900] 63749a6c-9ce2-4980-8b73-c0b9f65f25b0: 26 groups; 1.6 s; peak memory 1203 MiB.
2026-10-07T19:41:47Z INFO [855/900] 6375645a-1b7c-4c23-af16-10d4f1f4488c: 24 groups; 1.5 s; peak memory 1203 MiB.
2026-10-07T19:41:49Z INFO [856/900] 63756640-4b18-4c0f-8bb6-df4523cb9928: 32 groups; 1.7 s; peak memory 1203 MiB.
2026-10-07T19:41:50Z INFO [857/900] 6376ef94-bf05-4fad-8908-f634bbb50e5a: 22 groups; 1.5 s; peak memory 1203 MiB.
2026-10-07T19:41:52Z INFO [858/900] 6376f976-0baf-439a-8408-0965866f1908: 22 groups; 1.5 s; peak memory 1203 MiB.
2026-10-07T19:41:53Z INFO [859/900] 63771776-c043-409d-a1da-3664003b6fdf: 22 groups; 1.5 s; peak memory 1203 MiB.
2026-10-07T19:41:58Z INFO [860/900] 6378824f-62a5-470d-a1b2-9f37c8ea3cec: 102 groups; 4.9 s; peak memory 1203 MiB.
2026-10-07T19:48:11Z INFO [861/900] 6379df19-24b2-4ff5-9862-6c47d65ed109: 35 groups; 373.0 s; peak memory 1203 MiB.
2026-10-07T19:48:14Z INFO [862/900] 637a7607-2572-428d-bb2a-fddee8acb812: 35 groups; 2.5 s; peak memory 1203 MiB.
2026-10-07T19:48:16Z INFO [863/900] 637ae0ca-0755-4478-afbe-0fb64928b7b7: 32 groups; 2.0 s; peak memory 1203 MiB.
2026-10-07T19:48:17Z INFO [864/900] 637b1601-ad37-4604-922c-b477154a61df: 28 groups; 1.3 s; peak memory 1203 MiB.
2026-10-07T19:48:19Z INFO [865/900] 637b670a-2ef9-4184-95c1-4497b483cfab: 25 groups; 1.6 s; peak memory 1203 MiB.
2026-10-07T19:48:21Z INFO [866/900] 637bfc18-10bf-4de9-86a1-341338e3e620: 29 groups; 1.9 s; peak memory 1203 MiB.
2026-10-07T19:48:22Z INFO [867/900] 637d3bcf-a0aa-4d8c-ac6c-5ef880df3d85: 28 groups; 1.7 s; peak memory 1203 MiB.
2026-10-07T19:48:33Z INFO [868/900] 637e4a93-a0bc-4a7d-85f8-0f2614c681b6: 169 groups; 10.3 s; peak memory 1203 MiB.
2026-10-07T19:48:36Z INFO [869/900] 637ecf42-5349-4dec-b0b7-cda1c4b03fd7: 48 groups; 3.3 s; peak memory 1203 MiB.
2026-10-07T19:48:38Z INFO [870/900] 637f3934-13a6-470f-b943-93196bc47554: 33 groups; 2.2 s; peak memory 1203 MiB.
2026-10-07T19:48:40Z INFO [871/900] 637f4125-6960-4f6e-84e3-8cd96411ab13: 35 groups; 1.9 s; peak memory 1203 MiB.
2026-10-07T19:48:42Z INFO [872/900] 637fd8dc-3f8d-4875-b424-18334522ed44: 25 groups; 1.5 s; peak memory 1203 MiB.
2026-10-07T19:48:44Z INFO [873/900] 637fdff8-d8b5-43cb-917a-31fe3aed8bf0: 32 groups; 1.8 s; peak memory 1203 MiB.
2026-10-07T19:48:46Z INFO [874/900] 63801b29-3abe-473e-ba67-834c8093b144: 253 groups; 2.1 s; peak memory 1203 MiB.
2026-10-07T19:48:48Z INFO [875/900] 63802a6e-76ce-4b67-9f86-b61ba1955ec9: 35 groups; 2.2 s; peak memory 1203 MiB.
2026-10-07T19:48:54Z INFO [876/900] 63803b8a-a8b2-4ce4-9342-bd059575af49: 17 groups; 6.1 s; peak memory 1203 MiB.
2026-10-07T19:49:17Z INFO [877/900] 6380dc7d-4c95-4eca-853b-aeeba0e1157a: 234 groups; 23.0 s; peak memory 1203 MiB.
2026-10-07T19:49:19Z INFO [878/900] 63816f92-4fbf-4ee4-9e4d-1cb076022caa: 254 groups; 1.7 s; peak memory 1203 MiB.
2026-10-07T19:49:20Z INFO [879/900] 6382b9c0-9e16-42d4-9b67-b282e75f1706: 22 groups; 1.3 s; peak memory 1203 MiB.
2026-10-07T19:49:22Z INFO [880/900] 638449e9-52fa-4ab5-84bd-f2cb6041a0bf: 201 groups; 1.9 s; peak memory 1203 MiB.
2026-10-07T19:49:23Z INFO [881/900] 63845074-5d70-406d-bea5-ac75be73b968: 22 groups; 1.6 s; peak memory 1203 MiB.
2026-10-07T19:49:25Z INFO [882/900] 63853e1f-605c-4ab7-83c3-e29d9f4a4da4: 18 groups; 1.3 s; peak memory 1203 MiB.
2026-10-07T19:49:26Z INFO [883/900] 6386f3bb-e918-41ea-aa59-064fe63e897c: 22 groups; 1.4 s; peak memory 1203 MiB.
2026-10-07T19:49:30Z INFO [884/900] 6386fc7a-3067-4ed9-b5f6-c32a404df524: 64 groups; 3.5 s; peak memory 1203 MiB.
2026-10-07T19:49:32Z INFO [885/900] 63870a2d-119a-4115-89c5-fe3c733a1b35: 29 groups; 1.9 s; peak memory 1203 MiB.
2026-10-07T19:49:33Z INFO [886/900] 638712a9-8fcb-4f11-bd7a-c41fb9d174ae: 29 groups; 1.7 s; peak memory 1203 MiB.
2026-10-07T19:49:35Z INFO [887/900] 6388b986-3d41-43b7-ae36-792d9a800336: 22 groups; 1.3 s; peak memory 1203 MiB.
2026-10-07T19:49:36Z INFO [888/900] 63891e0a-8cff-4c40-bc33-f1ff6c639bfa: 32 groups; 1.8 s; peak memory 1203 MiB.
2026-10-07T19:49:38Z INFO [889/900] 6389993f-fdc0-4a55-b78f-568815ebeeea: 22 groups; 1.4 s; peak memory 1203 MiB.
2026-10-07T19:49:40Z INFO [890/900] 6389dc0c-d03c-481b-8922-72a4a4e8b6fe: 195 groups; 2.1 s; peak memory 1203 MiB.
2026-10-07T19:49:41Z INFO [891/900] 638a8568-f778-4d0b-9ab0-6ddeda72bfca: 16 groups; 1.1 s; peak memory 1203 MiB.
2026-10-07T19:49:43Z INFO [892/900] 638b0c97-7413-4388-81da-34c13b76d757: 22 groups; 1.5 s; peak memory 1203 MiB.
2026-10-07T19:49:45Z INFO [893/900] 638b1aea-c560-4f1c-a067-07d78a2877b4: 207 groups; 2.5 s; peak memory 1203 MiB.
2026-10-07T19:49:47Z INFO [894/900] 638bc518-e679-4821-aff6-c154fa458da3: 35 groups; 2.1 s; peak memory 1203 MiB.
2026-10-07T19:49:49Z INFO [895/900] 638cd44d-b167-4709-a5cd-dc4010e1140e: 32 groups; 1.7 s; peak memory 1203 MiB.
2026-10-07T19:49:52Z INFO [896/900] 638d25aa-8dba-4e5f-9396-01d722547fbd: 571 groups; 2.9 s; peak memory 1203 MiB.
2026-10-07T19:49:53Z INFO [897/900] 638dc10c-52d3-4f69-bc9c-586668262b0b: 18 groups; 1.4 s; peak memory 1203 MiB.
2026-10-07T19:50:01Z INFO [898/900] 638e0fa3-d80b-457b-bc7d-2d08bcedab1d: 120 groups; 8.0 s; peak memory 1203 MiB.
2026-10-07T19:50:04Z INFO [899/900] 638f52dc-0c8d-4427-8a73-49bf3341d572: 68 groups; 2.9 s; peak memory 1203 MiB.
2026-10-07T19:50:07Z INFO [900/900] 638f8fcd-9d14-4e6b-b42d-1f95fdea3e0c: 17 groups; 2.9 s; peak memory 1203 MiB.
2026-10-07T19:50:07Z INFO [900/900] 638f8fcd-9d14-4e6b-b42d-1f95fdea3e0c: checkpointed 94936 records.
2026-10-07T19:50:07Z INFO Wrote 94936 records to /tmp/derivatives/valid_nwb_file_to_number_of_groups.jsonl (900 new, 0 failed) in 154.6 min (peak memory 1203 MiB).
