2026-10-08T19:07:07Z INFO Logging to /tmp/logs/update_2026-10-08T19-07-07Z.log.
2026-10-08T19:07:07Z INFO Update valid-nwb-file-to-number-of-groups (base directory /tmp).
2026-10-08T19:07:08Z INFO Processing 900 items (103936 already recorded).
2026-10-08T19:07:10Z INFO [1/900] 76498ba3-b383-4f59-a808-7bae246b5201: 22 groups; 1.6 s; peak memory 118 MiB.
2026-10-08T19:08:06Z INFO [2/900] 764a244d-4d2e-456f-adfd-6a3e2d3d4bdc: 587 groups; 56.9 s; peak memory 229 MiB.
2026-10-08T19:08:08Z INFO [3/900] 764a5b31-b01f-4c32-bde7-2bb745cf6c76: 32 groups; 1.6 s; peak memory 229 MiB.
2026-10-08T19:08:10Z INFO [4/900] 764ad7d8-6ed1-4b35-923e-5d4a85e2d353: 35 groups; 1.7 s; peak memory 229 MiB.
2026-10-08T19:08:12Z INFO [5/900] 764b1fae-425c-4c52-9bf4-64ac4ad2d964: 54 groups; 1.8 s; peak memory 230 MiB.
2026-10-08T19:08:13Z INFO [6/900] 764b2256-74d3-4ed7-a4ca-aea142650f7c: 32 groups; 1.4 s; peak memory 230 MiB.
2026-10-08T19:08:15Z INFO [7/900] 764b629e-e6eb-4658-8f0a-b3afb4622a82: 336 groups; 2.2 s; peak memory 230 MiB.
2026-10-08T19:08:20Z INFO [8/900] 764c8200-07c3-4790-a299-1c267d583aca: 64 groups; 4.8 s; peak memory 230 MiB.
2026-10-08T19:08:21Z INFO [9/900] 764d91c1-fd0f-4caf-9871-585220f81961: 22 groups; 1.4 s; peak memory 230 MiB.
2026-10-08T19:08:33Z INFO [10/900] 764de754-f7dd-41ba-bff1-7e8208ecfed4: 22 groups; 11.2 s; peak memory 230 MiB.
2026-10-08T19:08:45Z INFO [11/900] 764e4dfd-1112-42e6-b41b-c442669ebf25: 235 groups; 12.1 s; peak memory 230 MiB.
2026-10-08T19:08:46Z INFO [12/900] 764eca10-4a71-4282-bc24-3c0452378d21: 33 groups; 1.7 s; peak memory 230 MiB.
2026-10-08T19:08:48Z INFO [13/900] 764f302d-0569-48c2-a72f-fee2f9062f0f: 103 groups; 1.7 s; peak memory 230 MiB.
2026-10-08T19:08:50Z INFO [14/900] 764fa62d-bf64-444c-8af5-46f8c8383dbc: 33 groups; 1.7 s; peak memory 230 MiB.
2026-10-08T19:08:51Z INFO [15/900] 764fadb5-4bb8-4168-9bb5-93890c37f618: 253 groups; 1.5 s; peak memory 230 MiB.
2026-10-08T19:08:54Z INFO [16/900] 764fbcd9-634c-4f8c-8d7a-04e8045c9530: 207 groups; 2.4 s; peak memory 231 MiB.
2026-10-08T19:08:55Z INFO [17/900] 76502bc1-421c-4e32-96d0-4dd418cec068: 22 groups; 1.2 s; peak memory 231 MiB.
2026-10-08T19:08:58Z INFO [18/900] 76514a87-d822-45fc-96e8-58a214103fbd: 48 groups; 3.1 s; peak memory 231 MiB.
2026-10-08T19:09:00Z INFO [19/900] 76518747-68f8-40a9-9299-ba77c4710c9d: 35 groups; 1.8 s; peak memory 231 MiB.
2026-10-08T19:09:01Z INFO [20/900] 76532c29-bfa8-49fe-b858-7be8418215ba: 28 groups; 1.5 s; peak memory 231 MiB.
2026-10-08T19:09:06Z INFO [21/900] 76535630-5742-4648-8cc4-f6c365f805f1: 47 groups; 4.2 s; peak memory 231 MiB.
2026-10-08T19:09:08Z INFO [22/900] 7653998b-810c-48ea-99ac-c0cc7639d5c6: 35 groups; 2.3 s; peak memory 231 MiB.
2026-10-08T19:09:21Z INFO [23/900] 7653d71d-abbe-4f3b-ba6d-dcef713d7ce9: 26 groups; 13.3 s; peak memory 231 MiB.
2026-10-08T19:09:22Z INFO [24/900] 7655547b-e0a6-4c8a-9bda-aff351063394: 26 groups; 1.0 s; peak memory 231 MiB.
2026-10-08T19:11:41Z INFO [25/900] 76558a47-bdbb-45dd-b731-195c9b7a3e46: 27 groups; 138.6 s; peak memory 313 MiB.
2026-10-08T19:14:47Z INFO [26/900] 76562bf2-b59b-4f27-98cc-115fc638c9d6: 66 groups; 185.9 s; peak memory 313 MiB.
2026-10-08T19:14:48Z INFO [27/900] 76576a4b-0a3f-43b3-ba93-4c3098cbca8d: 31 groups; 1.1 s; peak memory 313 MiB.
2026-10-08T19:14:49Z INFO [28/900] 7657aa6b-fd77-40b4-bdbd-d529c421f56b: 25 groups; 1.3 s; peak memory 313 MiB.
2026-10-08T19:19:37Z INFO [29/900] 765963cc-3139-4ea8-afc8-4507c9a796e1: 30 groups; 288.0 s; peak memory 533 MiB.
2026-10-08T19:20:04Z INFO [30/900] 7659b673-d42d-419e-97cf-f26d3e228e26: 23 groups; 27.3 s; peak memory 533 MiB.
2026-10-08T19:20:06Z INFO [31/900] 765be44b-12da-4eb0-a01b-27fd0e684a43: 22 groups; 1.5 s; peak memory 533 MiB.
2026-10-08T19:20:07Z INFO [32/900] 765c7276-07dd-45f6-b05e-2747f5ea6829: 22 groups; 1.4 s; peak memory 533 MiB.
2026-10-08T19:20:17Z INFO [33/900] 765cf976-3304-44c7-8aa5-fc6b8c9ab897: 49 groups; 10.1 s; peak memory 533 MiB.
2026-10-08T19:20:18Z INFO [34/900] 765d15bc-420c-4ef0-a804-7e6d48d146fa: 16 groups; 1.0 s; peak memory 533 MiB.
2026-10-08T19:20:20Z INFO [35/900] 765e988e-f1cf-4c0a-85a6-02ca1663ae63: 22 groups; 1.4 s; peak memory 533 MiB.
2026-10-08T19:20:21Z INFO [36/900] 765e9ac2-1abe-436e-bb84-82b622c32740: 32 groups; 1.5 s; peak memory 533 MiB.
2026-10-08T19:20:22Z INFO [37/900] 765ed047-e158-4edf-80b3-da39cf461301: 16 groups; 1.1 s; peak memory 533 MiB.
2026-10-08T19:20:24Z INFO [38/900] 765f0230-9c65-4ac8-87a2-7e1af66a3d24: 22 groups; 1.4 s; peak memory 533 MiB.
2026-10-08T19:20:25Z INFO [39/900] 765f0c97-527c-414a-b851-b0b39c9a0da2: 32 groups; 1.6 s; peak memory 533 MiB.
2026-10-08T19:20:28Z INFO [40/900] 7661fe9c-8a67-4839-a3b7-78800ad9c87c: 48 groups; 3.0 s; peak memory 533 MiB.
2026-10-08T19:20:30Z INFO [41/900] 76627677-2df3-4c0b-ada3-133896ad4d22: 32 groups; 2.0 s; peak memory 533 MiB.
2026-10-08T19:20:32Z INFO [42/900] 76637885-f882-4abb-897d-eeb2f3327108: 202 groups; 1.8 s; peak memory 533 MiB.
2026-10-08T19:20:33Z INFO [43/900] 76643a45-1c13-4fda-967d-3c3f24b2b290: 18 groups; 1.3 s; peak memory 533 MiB.
2026-10-08T19:20:37Z INFO [44/900] 76655d1e-5c14-420a-8c8d-191b78740a5a: 200 groups; 3.3 s; peak memory 533 MiB.
2026-10-08T19:20:39Z INFO [45/900] 7665fe97-4955-4e89-a666-93f4b29e2b25: 195 groups; 1.9 s; peak memory 533 MiB.
2026-10-08T19:21:04Z INFO [46/900] 76665e9a-d8aa-434b-9ca2-95ffaf1323ad: 23 groups; 25.4 s; peak memory 533 MiB.
2026-10-08T19:21:05Z INFO [47/900] 76666439-21ef-48f9-9f41-60e118864f28: 28 groups; 1.2 s; peak memory 533 MiB.
2026-10-08T19:21:09Z INFO [48/900] 76671f3f-fb40-4839-a868-8e4e4f236ac4: 50 groups; 3.6 s; peak memory 533 MiB.
2026-10-08T19:21:13Z INFO [49/900] 7668b8ee-87b3-4331-ab0e-87b7c6100640: 50 groups; 3.7 s; peak memory 533 MiB.
2026-10-08T19:21:14Z INFO [50/900] 7668fb8a-8a04-4d12-8115-a873c3e28c89: 41 groups; 1.3 s; peak memory 533 MiB.
2026-10-08T19:21:14Z INFO [50/900] 7668fb8a-8a04-4d12-8115-a873c3e28c89: checkpointed 103986 new records.
2026-10-08T19:21:16Z INFO [51/900] 766942fa-7923-4c39-8c09-738b6424497d: 32 groups; 1.9 s; peak memory 533 MiB.
2026-10-08T19:21:17Z INFO [52/900] 7669531a-e744-4b5d-998e-58b3875d9d08: 28 groups; 1.3 s; peak memory 533 MiB.
2026-10-08T19:21:18Z INFO [53/900] 7669e9c7-ef06-4d07-89c6-6fe85a390f09: 16 groups; 1.0 s; peak memory 533 MiB.
2026-10-08T19:21:20Z INFO [54/900] 766b2d7b-67bd-4123-a2c7-58eb5da27b2e: 22 groups; 1.3 s; peak memory 533 MiB.
2026-10-08T19:21:21Z INFO [55/900] 766b72cc-e41c-419e-9962-3f6e3922b9ce: 32 groups; 1.7 s; peak memory 533 MiB.
2026-10-08T19:21:24Z INFO [56/900] 766b80c0-e225-4fe3-af09-f90b978dabd5: 35 groups; 2.3 s; peak memory 533 MiB.
2026-10-08T19:21:27Z INFO [57/900] 766bc325-416b-4c7e-8584-fd4beaafd227: 48 groups; 3.0 s; peak memory 533 MiB.
2026-10-08T19:21:28Z INFO [58/900] 766bfdb7-43f8-4321-8a51-637405d7c206: 22 groups; 1.4 s; peak memory 533 MiB.
2026-10-08T19:21:30Z INFO [59/900] 766e2d6f-7ba1-4f21-9ae6-5bdb31bfaad5: 48 groups; 2.2 s; peak memory 533 MiB.
2026-10-08T19:21:33Z INFO [60/900] 766e2e87-55c2-4683-bdc4-3442f15d43ea: 79 groups; 2.6 s; peak memory 533 MiB.
2026-10-08T19:21:34Z INFO [61/900] 766e3143-f8d7-4b8e-a9a0-626e663ab37b: 22 groups; 1.3 s; peak memory 533 MiB.
2026-10-08T19:21:35Z INFO [62/900] 766ee555-c29d-42de-84bb-22322f55c372: 18 groups; 1.0 s; peak memory 533 MiB.
2026-10-08T19:21:37Z INFO [63/900] 766f34af-672f-4ee0-b9bc-031fe5b9560b: 87 groups; 1.8 s; peak memory 533 MiB.
2026-10-08T19:21:38Z INFO [64/900] 766fa073-eb2a-437c-b02b-cf762c45d705: 22 groups; 1.3 s; peak memory 533 MiB.
2026-10-08T19:21:40Z INFO [65/900] 767007a3-4998-4dac-8d96-6bf0eb8e2fe6: 32 groups; 1.4 s; peak memory 533 MiB.
2026-10-08T19:21:41Z INFO [66/900] 7671a9be-250b-4027-9eba-3afe5cb3752c: 16 groups; 1.1 s; peak memory 533 MiB.
2026-10-08T19:21:42Z INFO [67/900] 7671eda3-3450-459a-ad05-85f1cf8a39e1: 32 groups; 1.8 s; peak memory 533 MiB.
2026-10-08T19:21:47Z INFO [68/900] 76738375-0a10-4c4e-aff8-77213f8b27a7: 47 groups; 4.6 s; peak memory 533 MiB.
2026-10-08T19:21:49Z INFO [69/900] 7673e2c7-adde-478e-bd53-05caba115379: 35 groups; 1.6 s; peak memory 533 MiB.
2026-10-08T19:21:51Z INFO [70/900] 76742c59-3965-470b-944f-5a25817364eb: 35 groups; 2.1 s; peak memory 533 MiB.
2026-10-08T19:21:53Z INFO [71/900] 76745cba-4e0b-4219-83b5-00e420e04597: 33 groups; 2.0 s; peak memory 533 MiB.
2026-10-08T19:21:54Z INFO [72/900] 7674d9be-3a57-451b-94eb-264dc5929c67: 32 groups; 1.5 s; peak memory 533 MiB.
2026-10-08T19:21:57Z INFO [73/900] 76761553-e479-4c83-a02d-fb3a16485848: 48 groups; 3.1 s; peak memory 533 MiB.
2026-10-08T19:22:00Z INFO [74/900] 76771d62-f218-42d0-8b10-990599779524: 35 groups; 2.2 s; peak memory 533 MiB.
2026-10-08T19:22:01Z INFO [75/900] 76783bf0-c991-4eec-9ca3-1fbcfdda1dbc: 26 groups; 1.5 s; peak memory 533 MiB.
2026-10-08T19:22:02Z INFO [76/900] 76789746-4564-46c4-b273-c67454858787: 32 groups; 1.4 s; peak memory 533 MiB.
2026-10-08T19:22:05Z INFO [77/900] 76794ba7-c343-49f8-b44e-ae4932da726c: 34 groups; 2.6 s; peak memory 533 MiB.
2026-10-08T19:22:07Z INFO [78/900] 76794f56-dd83-4612-8e98-20de21c57e72: 104 groups; 2.1 s; peak memory 533 MiB.
2026-10-08T19:22:09Z INFO [79/900] 7679f3b1-bda0-4277-90e9-4af26aa7e2f0: 194 groups; 1.5 s; peak memory 533 MiB.
2026-10-08T19:22:10Z INFO [80/900] 767a6f6c-595a-41b9-bb3e-daef420af069: 28 groups; 1.2 s; peak memory 533 MiB.
2026-10-08T19:22:11Z INFO [81/900] 767b28cb-1713-41ab-93fd-c625dcdd0f60: 22 groups; 1.4 s; peak memory 533 MiB.
2026-10-08T19:22:13Z INFO [82/900] 767b86d2-1bad-4ca4-8075-7e44f35b0b84: 32 groups; 1.5 s; peak memory 533 MiB.
2026-10-08T19:22:14Z INFO [83/900] 767bd4d2-84be-47c4-9da2-c922a171f7b4: 16 groups; 0.9 s; peak memory 533 MiB.
2026-10-08T19:22:15Z INFO [84/900] 767c107e-9ccd-49ba-9c22-1571e3b6aeca: 31 groups; 1.2 s; peak memory 533 MiB.
2026-10-08T19:22:16Z INFO [85/900] 767c8428-f9eb-4fd2-9198-b95a46ec9278: 31 groups; 1.2 s; peak memory 533 MiB.
2026-10-08T19:22:18Z INFO [86/900] 767c8e66-969f-4cf7-8938-e7b07335709d: 195 groups; 1.7 s; peak memory 533 MiB.
2026-10-08T19:22:27Z INFO [87/900] 767da96e-7468-45b6-9c5e-b091731f3009: 57 groups; 9.1 s; peak memory 533 MiB.
2026-10-08T19:22:29Z INFO [88/900] 767dc625-1114-4ff5-aa0b-b7d63f5c7f6b: 29 groups; 1.8 s; peak memory 533 MiB.
2026-10-08T19:22:35Z INFO [89/900] 767e8076-386b-42f3-8830-2a340c5d8fb9: 75 groups; 6.1 s; peak memory 533 MiB.
2026-10-08T19:22:36Z INFO [90/900] 767edbb4-8b77-49bb-b026-dede6df62742: 22 groups; 1.4 s; peak memory 533 MiB.
2026-10-08T19:22:37Z INFO [91/900] 767f148b-eadb-46c7-863c-e9b61583ba38: 31 groups; 1.2 s; peak memory 533 MiB.
2026-10-08T19:22:39Z INFO [92/900] 767f48ff-f7c3-4d89-9939-1ede0d2ffa41: 32 groups; 1.5 s; peak memory 533 MiB.
2026-10-08T19:22:40Z INFO [93/900] 767fb4d8-03c1-4c1b-8cc3-a4193ad31b81: 26 groups; 1.2 s; peak memory 533 MiB.
2026-10-08T19:22:42Z INFO [94/900] 767fd09f-062d-4c6d-97ca-9b25d31cfd22: 33 groups; 2.0 s; peak memory 533 MiB.
2026-10-08T19:22:44Z INFO [95/900] 76801eb2-2619-498f-a07b-f88a2e4eb2b2: 32 groups; 1.6 s; peak memory 533 MiB.
2026-10-08T19:22:45Z INFO [96/900] 7680ceb8-8334-4899-8519-701815fbd1c2: 199 groups; 1.7 s; peak memory 533 MiB.
2026-10-08T19:23:41Z INFO [97/900] 76811231-10da-4ba6-86b4-8b45214d8fd4: 5448 groups; 55.4 s; peak memory 533 MiB.
2026-10-08T19:23:42Z INFO [98/900] 76814e0f-2e52-4a67-82ca-bd9a06d52d73: 22 groups; 1.3 s; peak memory 533 MiB.
2026-10-08T19:23:44Z INFO [99/900] 7681b0c8-90dd-4523-b575-de1070e6dd2f: 20 groups; 1.5 s; peak memory 533 MiB.
2026-10-08T19:23:45Z INFO [100/900] 76843d97-2b1a-4bf7-806e-96ae2231e1e5: 35 groups; 1.6 s; peak memory 533 MiB.
2026-10-08T19:23:45Z INFO [100/900] 76843d97-2b1a-4bf7-806e-96ae2231e1e5: checkpointed 104036 new records.
2026-10-08T19:23:47Z INFO [101/900] 7685a7e2-e2ef-48a8-8a2b-71820da5833d: 22 groups; 1.3 s; peak memory 533 MiB.
2026-10-08T19:23:51Z INFO [102/900] 7685e74d-1d63-4c7a-a7d9-56738ade5b68: 45 groups; 4.1 s; peak memory 533 MiB.
2026-10-08T19:23:57Z INFO [103/900] 76866bd3-08cd-4028-af31-a430ae7e6049: 22 groups; 6.3 s; peak memory 533 MiB.
2026-10-08T19:26:44Z INFO [104/900] 7686e214-ad58-4e14-a9ba-b0f3521b21b6: 60 groups; 167.3 s; peak memory 533 MiB.
2026-10-08T19:26:48Z INFO [105/900] 76875ff2-1cc9-46a6-8364-48bdd413fd10: 50 groups; 3.7 s; peak memory 533 MiB.
2026-10-08T19:26:49Z INFO [106/900] 7687684f-7fc9-4f3d-9a2f-48840422d697: 22 groups; 1.3 s; peak memory 533 MiB.
2026-10-08T19:27:00Z INFO [107/900] 7687a509-0531-4e05-9ccc-a78050b04c58: 161 groups; 10.5 s; peak memory 533 MiB.
2026-10-08T19:27:01Z INFO [108/900] 7687d25f-a1d5-4007-9e13-53ca5aa01ec1: 22 groups; 1.3 s; peak memory 533 MiB.
2026-10-08T19:27:02Z INFO [109/900] 7688ff9d-9fd9-413e-8e54-8e17efc5c074: 22 groups; 1.2 s; peak memory 533 MiB.
2026-10-08T19:29:32Z INFO [110/900] 7689528e-7d2d-4af3-a242-c9b1c88b168e: 71 groups; 149.6 s; peak memory 533 MiB.
2026-10-08T19:29:37Z INFO [111/900] 768ab0ad-f606-49d2-a14b-cfaf006a720d: 181 groups; 5.0 s; peak memory 533 MiB.
2026-10-08T19:29:38Z INFO [112/900] 768ac088-dd02-4538-89a1-7d98c84826f3: 16 groups; 1.1 s; peak memory 533 MiB.
2026-10-08T19:29:40Z INFO [113/900] 768c5306-16a9-4fbe-a60e-5d14e94d2c78: 35 groups; 2.4 s; peak memory 533 MiB.
2026-10-08T19:29:42Z INFO [114/900] 768db24f-6e5d-457e-9a6d-8d9c41ad3147: 32 groups; 1.6 s; peak memory 533 MiB.
2026-10-08T19:29:43Z INFO [115/900] 768e1cbc-0b57-4f83-ba20-c4571daba286: 22 groups; 1.3 s; peak memory 533 MiB.
2026-10-08T19:29:50Z INFO [116/900] 768e2b7e-37c6-4ed9-90e0-cc9f47a6b4f6: 138 groups; 7.0 s; peak memory 533 MiB.
2026-10-08T19:29:52Z INFO [117/900] 768f5d7e-9239-40f0-a934-59cddc8dffb3: 29 groups; 1.6 s; peak memory 533 MiB.
2026-10-08T19:29:54Z INFO [118/900] 768fb859-b5af-4b86-a64c-fb21adfb08a1: 17 groups; 2.6 s; peak memory 533 MiB.
2026-10-08T19:29:56Z INFO [119/900] 769095ed-f597-44d2-9fdd-156e2ae574b4: 27 groups; 1.1 s; peak memory 533 MiB.
2026-10-08T19:29:57Z INFO [120/900] 7690c1ff-f914-46c5-ae48-de7d3c648e41: 16 groups; 1.1 s; peak memory 533 MiB.
2026-10-08T19:29:58Z INFO [121/900] 7690ebd2-2281-4728-bdfc-bbf299acf632: 24 groups; 1.3 s; peak memory 533 MiB.
2026-10-08T19:30:00Z INFO [122/900] 7691899e-e81f-43e6-924b-8efc98dafd64: 35 groups; 1.8 s; peak memory 533 MiB.
2026-10-08T19:30:12Z INFO [123/900] 7692ba5d-d008-4d37-94ff-5875438b5065: 216 groups; 12.1 s; peak memory 533 MiB.
2026-10-08T19:30:18Z INFO [124/900] 7692f568-7e17-45e0-92fc-2f723ea8fd6a: 78 groups; 6.6 s; peak memory 533 MiB.
2026-10-08T19:30:20Z INFO [125/900] 76937601-9fbd-48bd-9e5f-059e144c30e3: 29 groups; 1.6 s; peak memory 533 MiB.
2026-10-08T19:30:21Z INFO [126/900] 7693832b-e0d4-41da-a048-0710268c2b4c: 103 groups; 1.4 s; peak memory 533 MiB.
2026-10-08T19:30:23Z INFO [127/900] 7693e3bc-1047-452b-b99d-70295512bc69: 22 groups; 1.4 s; peak memory 533 MiB.
2026-10-08T19:30:25Z INFO [128/900] 76947c97-2886-4d13-ae24-0f9cdf2d5009: 203 groups; 1.9 s; peak memory 533 MiB.
2026-10-08T19:30:26Z INFO [129/900] 7694bfcf-d508-40cd-b163-a733a9439a92: 22 groups; 0.9 s; peak memory 533 MiB.
2026-10-08T19:30:27Z INFO [130/900] 7695ee05-9332-4e3b-ad35-492dd88c50c4: 32 groups; 1.4 s; peak memory 533 MiB.
2026-10-08T19:30:28Z INFO [131/900] 7696372e-5db7-4651-b989-426e6a0562b7: 28 groups; 1.3 s; peak memory 533 MiB.
2026-10-08T19:30:45Z INFO [132/900] 76966b55-339e-4d87-9eca-aaceebd1be0d: 304 groups; 17.0 s; peak memory 533 MiB.
2026-10-08T19:30:47Z INFO [133/900] 76969474-0b39-42fc-b78a-644485dcbb41: 22 groups; 1.2 s; peak memory 533 MiB.
2026-10-08T19:30:48Z INFO [134/900] 76970b3d-46e6-4601-b1d7-804cc4d9b8c1: 52 groups; 1.9 s; peak memory 533 MiB.
2026-10-08T19:30:50Z INFO [135/900] 769830e2-70a8-4590-bb52-a2acb7061005: 22 groups; 1.3 s; peak memory 533 MiB.
2026-10-08T19:30:51Z INFO [136/900] 76999ed8-4106-4528-a640-4c83ca34e7d0: 22 groups; 1.3 s; peak memory 533 MiB.
2026-10-08T19:30:53Z INFO [137/900] 7699d95e-459e-45e5-8963-5a103414bc14: 40 groups; 1.9 s; peak memory 533 MiB.
2026-10-08T19:30:54Z INFO [138/900] 769a74ea-1cef-4784-b7a3-4433985f5d80: 32 groups; 1.6 s; peak memory 533 MiB.
2026-10-08T19:30:56Z INFO [139/900] 769b3c40-68c9-479b-928b-d362b28454a2: 22 groups; 1.4 s; peak memory 533 MiB.
2026-10-08T19:30:57Z INFO [140/900] 769b902d-b33c-4375-ac58-930a853ab0ea: 16 groups; 0.9 s; peak memory 533 MiB.
2026-10-08T19:30:59Z INFO [141/900] 769b9942-04ff-41f9-b346-00698e1d5808: 33 groups; 1.8 s; peak memory 533 MiB.
2026-10-08T19:31:00Z INFO [142/900] 769bd1c5-1c8b-468e-bec0-65f4c9f9c46c: 32 groups; 1.5 s; peak memory 533 MiB.
2026-10-08T19:31:02Z INFO [143/900] 769cd67b-2e4c-4666-88f5-79e07b6d4953: 38 groups; 2.1 s; peak memory 533 MiB.
2026-10-08T19:31:04Z INFO [144/900] 769d4e8e-079c-4370-84ad-3c3bde5bb119: 195 groups; 2.0 s; peak memory 533 MiB.
2026-10-08T19:31:09Z INFO [145/900] 769db03e-ee75-4d51-b2ae-ef5049a51cd3: 57 groups; 4.3 s; peak memory 533 MiB.
2026-10-08T19:31:21Z INFO [146/900] 769e071d-4d36-45bd-8e29-1a90b1fac2d7: 253 groups; 12.6 s; peak memory 533 MiB.
2026-10-08T19:31:22Z INFO [147/900] 769e3a9a-48db-462e-aaf8-5acd7da59c15: 18 groups; 1.0 s; peak memory 533 MiB.
2026-10-08T19:31:25Z INFO [148/900] 769e53ab-44c9-4949-99b8-61aa6caad0b2: 35 groups; 2.5 s; peak memory 533 MiB.
2026-10-08T19:31:26Z INFO [149/900] 769e8c1f-384b-45aa-9245-4031325cc741: 22 groups; 1.5 s; peak memory 533 MiB.
2026-10-08T19:31:29Z INFO [150/900] 769f1643-e1b0-4fcf-9199-161d80bba897: 48 groups; 2.9 s; peak memory 533 MiB.
2026-10-08T19:31:29Z INFO [150/900] 769f1643-e1b0-4fcf-9199-161d80bba897: checkpointed 104086 new records.
2026-10-08T19:31:46Z INFO [151/900] 769f75c9-1c89-4fe1-a3a9-e16833e6d71f: 297 groups; 17.0 s; peak memory 533 MiB.
2026-10-08T19:31:48Z INFO [152/900] 769f9d4b-cb33-42ef-8323-5e3ab7817081: 28 groups; 1.4 s; peak memory 533 MiB.
2026-10-08T19:31:49Z INFO [153/900] 76a0448b-b7b3-4e28-94fa-5e4b077cf569: 33 groups; 1.9 s; peak memory 533 MiB.
2026-10-08T19:31:51Z INFO [154/900] 76a14f8a-a48c-4278-89cc-2a0b85ad8491: 202 groups; 1.8 s; peak memory 533 MiB.
2026-10-08T19:32:15Z INFO [155/900] 76a213b2-e0f6-4f35-8962-af9e262a5192: 157 groups; 23.5 s; peak memory 533 MiB.
2026-10-08T19:32:16Z INFO [156/900] 76a29b1d-1834-4721-9c93-e683c49874cb: 22 groups; 1.3 s; peak memory 533 MiB.
2026-10-08T19:32:17Z INFO [157/900] 76a2ac73-400b-46a0-b150-1df1bb747ba6: 22 groups; 1.3 s; peak memory 533 MiB.
2026-10-08T19:32:19Z INFO [158/900] 76a340c2-aa83-46d8-b176-0234913e3fa6: 35 groups; 2.1 s; peak memory 533 MiB.
2026-10-08T19:32:21Z INFO [159/900] 76a39193-84ce-4ac8-933f-5d3b85f5417e: 196 groups; 2.0 s; peak memory 533 MiB.
2026-10-08T19:32:23Z INFO [160/900] 76a475c4-1cd8-45ec-8ee2-33594a371340: 22 groups; 1.3 s; peak memory 533 MiB.
2026-10-08T19:32:24Z INFO [161/900] 76a53aca-c20d-4a0c-8556-f1b9158aa005: 35 groups; 1.8 s; peak memory 533 MiB.
2026-10-08T19:32:31Z INFO [162/900] 76a5aed3-02c0-4280-a275-0a0dd567d8bf: 245 groups; 6.6 s; peak memory 533 MiB.
2026-10-08T19:32:33Z INFO [163/900] 76a5b6d4-4c46-4cbf-9ad2-43c7b038371d: 32 groups; 1.5 s; peak memory 533 MiB.
2026-10-08T19:32:34Z INFO [164/900] 76a6889a-4d6b-4298-a328-343fa5178f2f: 22 groups; 1.3 s; peak memory 533 MiB.
2026-10-08T19:32:35Z INFO [165/900] 76a6a9ab-617e-4a31-9590-c8f2ee55f32f: 21 groups; 1.4 s; peak memory 533 MiB.
2026-10-08T19:32:42Z INFO [166/900] 76a6f0e2-0396-4596-887f-d5d3bb38dd98: 78 groups; 6.3 s; peak memory 533 MiB.
2026-10-08T19:32:42Z INFO [167/900] 76a71fd1-45dc-42c2-ab3a-ad81055eebfd: 17 groups; 1.0 s; peak memory 533 MiB.
2026-10-08T19:32:44Z INFO [168/900] 76a7347b-f02f-4772-8414-1670d0ec7211: 22 groups; 1.3 s; peak memory 533 MiB.
2026-10-08T19:32:46Z INFO [169/900] 76a7fe30-0d26-4e23-97e0-e946a28a7bdc: 259 groups; 2.2 s; peak memory 533 MiB.
2026-10-08T19:32:47Z INFO [170/900] 76a87975-4ae5-4ca9-9261-d559dc837a90: 25 groups; 1.5 s; peak memory 533 MiB.
2026-10-08T19:32:50Z INFO [171/900] 76aa8735-a807-478d-b5e2-a6b7e4fc7e49: 31 groups; 2.2 s; peak memory 533 MiB.
2026-10-08T19:33:08Z INFO [172/900] 76aaf9bc-3557-4c33-8058-3358f031e4c0: 27 groups; 17.9 s; peak memory 533 MiB.
2026-10-08T19:33:10Z INFO [173/900] 76ab064b-3c5e-4308-b9e8-972b761a4259: 17 groups; 2.8 s; peak memory 533 MiB.
2026-10-08T19:33:13Z INFO [174/900] 76ab303e-595e-4729-ab7f-45fadd249c47: 35 groups; 2.5 s; peak memory 533 MiB.
2026-10-08T19:33:15Z INFO [175/900] 76ac33d4-d1b0-4dc8-8193-187bf20683f6: 35 groups; 1.8 s; peak memory 533 MiB.
2026-10-08T19:33:16Z INFO [176/900] 76adc4f2-c70f-4f96-b02b-57328f5534b3: 35 groups; 1.8 s; peak memory 533 MiB.
2026-10-08T19:33:30Z INFO [177/900] 76addd0b-40fe-4ee0-958a-ac29c32af7cd: 192 groups; 13.4 s; peak memory 533 MiB.
2026-10-08T19:33:31Z INFO [178/900] 76adf131-1ee3-47fb-9556-2f61f8c7c37c: 22 groups; 1.5 s; peak memory 533 MiB.
2026-10-08T19:33:33Z INFO [179/900] 76ae8b3e-54d1-4614-a24e-4cce6bf1ee40: 337 groups; 2.0 s; peak memory 533 MiB.
2026-10-08T19:33:34Z INFO [180/900] 76aea87d-9be2-44a0-9302-bef39934271d: 30 groups; 1.1 s; peak memory 533 MiB.
2026-10-08T19:33:54Z INFO [181/900] 76affd44-8f48-4d51-bfd4-66cbd95faf1e: 290 groups; 19.2 s; peak memory 533 MiB.
2026-10-08T19:33:55Z INFO [182/900] 76b01458-1b78-400e-9e84-c8520b59209e: 22 groups; 1.4 s; peak memory 533 MiB.
2026-10-08T19:33:56Z INFO [183/900] 76b0420b-df9e-4c32-849e-8dca418feeef: 22 groups; 1.3 s; peak memory 533 MiB.
2026-10-08T19:33:58Z INFO [184/900] 76b07f49-13ef-4447-9355-88137aabaedb: 22 groups; 1.3 s; peak memory 533 MiB.
2026-10-08T19:33:59Z INFO [185/900] 76b1134f-2fa5-4818-a19f-cb65eb4baa10: 16 groups; 1.0 s; peak memory 533 MiB.
2026-10-08T19:34:00Z INFO [186/900] 76b12613-95ff-4cc6-8cbf-c5bb6732f99b: 32 groups; 1.6 s; peak memory 533 MiB.
2026-10-08T19:34:02Z INFO [187/900] 76b12c31-d857-479a-bee0-b3d104c21cfb: 35 groups; 1.9 s; peak memory 533 MiB.
2026-10-08T19:34:04Z INFO [188/900] 76b1661c-8ad4-46fa-a839-ca3b860a53ed: 43 groups; 1.8 s; peak memory 533 MiB.
2026-10-08T19:34:06Z INFO [189/900] 76b1d183-03fb-47f0-a3f9-b7fdc9d0afaa: 35 groups; 2.3 s; peak memory 533 MiB.
2026-10-08T19:34:07Z INFO [190/900] 76b1d75f-1c40-4ad4-8680-23b779bedb87: 22 groups; 1.2 s; peak memory 533 MiB.
2026-10-08T19:34:11Z INFO [191/900] 76b263d0-929f-4a81-86d4-b05d80d4da37: 17 groups; 3.3 s; peak memory 533 MiB.
2026-10-08T19:34:13Z INFO [192/900] 76b2a092-c930-4c9c-959d-462ed40506ab: 206 groups; 2.1 s; peak memory 533 MiB.
2026-10-08T19:34:14Z INFO [193/900] 76b43945-8b11-4437-9e16-bfc9a7b39243: 22 groups; 1.3 s; peak memory 533 MiB.
2026-10-08T19:35:46Z INFO [194/900] 76b495a9-5017-4ec2-b779-8dd3717bffbb: 22 groups; 91.9 s; peak memory 533 MiB.
2026-10-08T19:35:47Z INFO [195/900] 76b4c354-9368-48b9-8f2f-e1487adfaade: 22 groups; 1.5 s; peak memory 533 MiB.
2026-10-08T19:35:49Z INFO [196/900] 76b58fb6-ac9f-4757-b3fe-2b60f570701c: 22 groups; 1.3 s; peak memory 533 MiB.
2026-10-08T19:35:52Z INFO [197/900] 76b5c74c-82bd-4759-a165-d2947f3da56b: 50 groups; 3.4 s; peak memory 533 MiB.
2026-10-08T19:35:54Z INFO [198/900] 76b638d5-38ed-4dbd-9df5-c82dd9943aa5: 35 groups; 1.8 s; peak memory 533 MiB.
2026-10-08T19:35:56Z INFO [199/900] 76b7cd89-3277-4411-b31f-8b5cfa0a6827: 32 groups; 1.7 s; peak memory 533 MiB.
2026-10-08T19:35:58Z INFO [200/900] 76b81116-fb83-4d81-b28f-1ffe1e6660be: 35 groups; 1.8 s; peak memory 533 MiB.
2026-10-08T19:35:58Z INFO [200/900] 76b81116-fb83-4d81-b28f-1ffe1e6660be: checkpointed 104136 new records.
2026-10-08T19:35:59Z INFO [201/900] 76b814c9-8bb1-4016-bf8e-f167446d901f: 32 groups; 1.6 s; peak memory 533 MiB.
2026-10-08T19:36:05Z INFO [202/900] 76b839c9-6a29-4f79-b7e7-ba4973bcba7f: 78 groups; 5.9 s; peak memory 533 MiB.
2026-10-08T19:36:10Z INFO [203/900] 76b8a8e6-6909-4c21-bd8e-8ad008d8f7f7: 273 groups; 5.1 s; peak memory 533 MiB.
2026-10-08T19:36:12Z INFO [204/900] 76b8b945-0315-473b-8864-c72891bd1426: 25 groups; 1.3 s; peak memory 533 MiB.
2026-10-08T19:36:36Z INFO [205/900] 76b98e17-6785-4acf-82c5-5cbfc75430f1: 236 groups; 24.0 s; peak memory 533 MiB.
2026-10-08T19:36:37Z INFO [206/900] 76b9ad3b-0370-4079-9d11-fc6e6a156820: 20 groups; 1.3 s; peak memory 533 MiB.
2026-10-08T19:36:39Z INFO [207/900] 76b9d2ce-3b7a-4b75-ba07-8b693e4f7502: 32 groups; 1.7 s; peak memory 533 MiB.
2026-10-08T19:36:40Z INFO [208/900] 76b9e8ec-f2dd-4406-8cd7-ab99f46a86dc: 32 groups; 1.5 s; peak memory 533 MiB.
2026-10-08T19:36:47Z INFO [209/900] 76bad415-c50e-474c-8146-0f695bb656ca: 175 groups; 6.9 s; peak memory 533 MiB.
2026-10-08T19:36:48Z INFO [210/900] 76bae2c6-b0b1-4139-b353-a471aa8ad63f: 22 groups; 1.4 s; peak memory 533 MiB.
2026-10-08T19:37:39Z INFO [211/900] 76bb8df3-40a1-4d1f-b203-11bb02b99aeb: 27 groups; 51.0 s; peak memory 533 MiB.
2026-10-08T19:37:41Z INFO [212/900] 76bbaa86-30d7-48b1-91dc-e44b43962d0f: 33 groups; 2.0 s; peak memory 533 MiB.
2026-10-08T19:37:43Z INFO [213/900] 76bdb126-b3a6-4c98-bbb1-a443388db391: 32 groups; 1.5 s; peak memory 533 MiB.
2026-10-08T19:37:44Z INFO [214/900] 76be8e8a-c902-43ac-8c39-66bfed5aa567: 25 groups; 1.3 s; peak memory 533 MiB.
2026-10-08T19:37:45Z INFO [215/900] 76bea0f2-9b3b-4ba6-99f8-fcd17f87b495: 22 groups; 1.3 s; peak memory 533 MiB.
2026-10-08T19:37:47Z INFO [216/900] 76bed660-06a0-4739-99ed-01de307fad70: 253 groups; 1.4 s; peak memory 533 MiB.
2026-10-08T19:37:48Z INFO [217/900] 76bf0f44-d6a3-4667-ab5b-670f65159552: 32 groups; 1.5 s; peak memory 533 MiB.
2026-10-08T19:37:49Z INFO [218/900] 76bfdb48-2b8e-4d27-ae3e-1fd45292f71b: 26 groups; 0.9 s; peak memory 533 MiB.
2026-10-08T19:38:14Z INFO [219/900] 76bfe2db-40e3-4eac-b5c7-facb33a6d53e: 157 groups; 24.7 s; peak memory 533 MiB.
2026-10-08T19:38:16Z INFO [220/900] 76c053a7-a814-4722-b5c3-2eebfeb14c4a: 32 groups; 1.6 s; peak memory 533 MiB.
2026-10-08T19:38:22Z INFO [221/900] 76c0923d-2706-4615-b3a5-f2c897d5d999: 142 groups; 6.9 s; peak memory 533 MiB.
2026-10-08T19:38:24Z INFO [222/900] 76c167df-e79e-4ffc-8e0e-bf0ff1212693: 22 groups; 1.3 s; peak memory 533 MiB.
2026-10-08T19:38:25Z INFO [223/900] 76c2d860-0a22-464e-9264-c8e251a85674: 26 groups; 1.5 s; peak memory 533 MiB.
2026-10-08T19:38:27Z INFO [224/900] 76c2f72c-b0a1-4198-898d-559dc8650f42: 22 groups; 1.3 s; peak memory 533 MiB.
2026-10-08T19:39:10Z INFO [225/900] 76c401c5-9e7a-4fb8-929e-f0fa51de434b: 3103 groups; 43.1 s; peak memory 533 MiB.
2026-10-08T19:39:11Z INFO [226/900] 76c43363-ea5e-4314-8611-ed814393ebe9: 16 groups; 0.9 s; peak memory 533 MiB.
2026-10-08T19:39:12Z INFO [227/900] 76c4418a-9039-4d4b-9888-bca982b914b6: 32 groups; 1.5 s; peak memory 533 MiB.
2026-10-08T19:39:13Z INFO [228/900] 76c471ff-c200-401c-9d96-aabd5c10acb3: 16 groups; 1.2 s; peak memory 533 MiB.
2026-10-08T19:39:15Z INFO [229/900] 76c4f052-5650-4419-b180-098e74e82c5e: 16 groups; 1.3 s; peak memory 533 MiB.
2026-10-08T19:39:16Z INFO [230/900] 76c537eb-4816-443c-ac3f-32c47a1badcb: 22 groups; 1.3 s; peak memory 533 MiB.
2026-10-08T19:39:18Z INFO [231/900] 76c5d31a-f7e3-4e02-bccb-eb139cdc1142: 32 groups; 1.8 s; peak memory 533 MiB.
2026-10-08T19:39:19Z INFO [232/900] 76c66c87-f0e9-4e4a-9227-c561a75ebeb0: 22 groups; 1.3 s; peak memory 533 MiB.
2026-10-08T19:39:20Z INFO [233/900] 76c8ddf1-5acd-4f4f-b57f-6f4630fb4c54: 32 groups; 1.4 s; peak memory 533 MiB.
2026-10-08T19:39:22Z INFO [234/900] 76ca187a-667c-4e35-9b79-e7d664b57043: 35 groups; 1.7 s; peak memory 533 MiB.
2026-10-08T19:39:33Z INFO [235/900] 76cae961-078a-4bc4-99e5-3e9c62c4db8c: 63 groups; 11.0 s; peak memory 533 MiB.
2026-10-08T19:39:48Z INFO [236/900] 76cc86f1-d549-45b8-9bf7-ad6e1f908414: 163 groups; 14.5 s; peak memory 533 MiB.
2026-10-08T19:39:53Z INFO [237/900] 76cc901d-c1cb-4e94-933d-d1f6cf237a28: 99 groups; 5.1 s; peak memory 533 MiB.
2026-10-08T19:39:54Z INFO [238/900] 76cc974c-f8b9-450a-aad2-50135f0ee99a: 34 groups; 1.6 s; peak memory 533 MiB.
2026-10-08T19:39:56Z INFO [239/900] 76cc991b-2b2b-4827-a515-d7d8a41bc09d: 31 groups; 1.2 s; peak memory 533 MiB.
2026-10-08T19:39:57Z INFO [240/900] 76cc9c46-6f44-4dc2-9019-b66891271b23: 22 groups; 1.3 s; peak memory 533 MiB.
2026-10-08T19:39:58Z INFO [241/900] 76cd2692-0c8d-4ff0-a8ef-9c85a99cb858: 22 groups; 1.3 s; peak memory 533 MiB.
2026-10-08T19:40:00Z INFO [242/900] 76cd7880-a861-4002-9aeb-30fc8cf9bb99: 22 groups; 1.4 s; peak memory 533 MiB.
2026-10-08T19:40:01Z INFO [243/900] 76cd7a32-c5a6-4458-8886-3b76b754df62: 28 groups; 1.3 s; peak memory 533 MiB.
2026-10-08T19:40:02Z INFO [244/900] 76cdd454-a8f9-4bbb-9294-cd6251d497c1: 29 groups; 1.2 s; peak memory 533 MiB.
2026-10-08T19:40:11Z INFO [245/900] 76cde1a2-a0ac-4624-bdd8-101a57d95923: 181 groups; 8.4 s; peak memory 533 MiB.
2026-10-08T19:40:12Z INFO [246/900] 76cde82b-52f3-4bda-9086-64ef8ea57be1: 32 groups; 1.4 s; peak memory 533 MiB.
2026-10-08T19:40:13Z INFO [247/900] 76ce22e0-7bad-4b65-9891-1c41ee73725a: 32 groups; 1.5 s; peak memory 533 MiB.
2026-10-08T19:40:15Z INFO [248/900] 76cebc59-7396-467b-85e4-031ea9d73926: 22 groups; 1.3 s; peak memory 533 MiB.
2026-10-08T19:40:17Z INFO [249/900] 76cfae02-a2b1-41cb-a9a5-e50228ffb06e: 49 groups; 2.4 s; peak memory 533 MiB.
2026-10-08T19:40:18Z INFO [250/900] 76d0aa06-f5e3-4e17-b115-f1b3e8c5d5fe: 25 groups; 1.4 s; peak memory 533 MiB.
2026-10-08T19:40:19Z INFO [250/900] 76d0aa06-f5e3-4e17-b115-f1b3e8c5d5fe: checkpointed 104186 new records.
2026-10-08T19:40:20Z INFO [251/900] 76d13e65-64ae-4a0c-9600-b57c712fb9f2: 22 groups; 1.2 s; peak memory 533 MiB.
2026-10-08T19:40:21Z INFO [252/900] 76d1c001-8fcd-4083-b406-ba103467deb5: 22 groups; 1.4 s; peak memory 533 MiB.
2026-10-08T19:40:23Z INFO [253/900] 76d2e1fa-8c0f-4ee9-989c-d5eb156576a9: 32 groups; 1.5 s; peak memory 533 MiB.
2026-10-08T19:40:24Z INFO [254/900] 76d35fdd-66d1-4c15-b32c-353431384e60: 195 groups; 1.7 s; peak memory 533 MiB.
2026-10-08T19:40:26Z INFO [255/900] 76d405af-3eac-4b4c-aa99-6a0a7c610ec4: 22 groups; 1.3 s; peak memory 533 MiB.
2026-10-08T19:40:27Z INFO [256/900] 76d5c5d0-5054-461e-88be-68300ca90a88: 22 groups; 1.1 s; peak memory 533 MiB.
2026-10-08T19:40:29Z INFO [257/900] 76d601f2-e56e-4b19-9fda-b3dcfbb7060a: 48 groups; 2.7 s; peak memory 533 MiB.
2026-10-08T19:40:46Z INFO [258/900] 76d65d05-4af0-4242-bb2a-8e7ae4c885b3: 220 groups; 17.1 s; peak memory 533 MiB.
2026-10-08T19:40:48Z INFO [259/900] 76d67e00-ed3f-40f5-b6a0-927735b88618: 22 groups; 1.4 s; peak memory 533 MiB.
2026-10-08T19:40:49Z INFO [260/900] 76d6eb22-614b-433a-a6ea-539a0701a049: 22 groups; 1.4 s; peak memory 533 MiB.
2026-10-08T19:40:51Z INFO [261/900] 76d85680-504f-4188-a64d-b83d87fff5aa: 20 groups; 2.2 s; peak memory 533 MiB.
2026-10-08T19:41:02Z INFO [262/900] 76d85982-39fa-4d21-a157-2352191cfe65: 47 groups; 10.9 s; peak memory 533 MiB.
2026-10-08T19:41:05Z INFO [263/900] 76d8ba83-71de-45e0-98b0-3a0ce05aa53a: 35 groups; 2.4 s; peak memory 533 MiB.
2026-10-08T19:41:06Z INFO [264/900] 76d975ac-ea83-4094-837c-a89e80f32f96: 22 groups; 1.3 s; peak memory 533 MiB.
2026-10-08T19:41:09Z INFO [265/900] 76da0dff-620c-44c4-a1f8-e1b7ab7c3163: 37 groups; 2.6 s; peak memory 533 MiB.
2026-10-08T19:41:10Z INFO [266/900] 76da3cd7-c250-45f6-8143-b06c4c003818: 32 groups; 1.4 s; peak memory 533 MiB.
2026-10-08T19:41:12Z INFO [267/900] 76dbb551-6706-488e-a931-095ca62150f9: 32 groups; 1.5 s; peak memory 533 MiB.
2026-10-08T19:41:13Z INFO [268/900] 76dd34b4-bcb9-4cf5-9669-673c39818ba7: 194 groups; 1.7 s; peak memory 533 MiB.
2026-10-08T19:41:20Z INFO [269/900] 76dddc54-99c4-49f6-bdf7-8fe82799fe61: 124 groups; 6.2 s; peak memory 533 MiB.
2026-10-08T19:41:21Z INFO [270/900] 76deb2b2-904d-4740-8676-ecb1fef5508d: 32 groups; 1.5 s; peak memory 533 MiB.
2026-10-08T19:41:23Z INFO [271/900] 76def0c3-775d-4675-8913-106b30fa8e69: 32 groups; 1.6 s; peak memory 533 MiB.
2026-10-08T19:41:24Z INFO [272/900] 76df68ea-cf9f-485d-8a6c-c52402b866e5: 22 groups; 1.3 s; peak memory 533 MiB.
2026-10-08T19:41:25Z INFO [273/900] 76df90a3-772d-4e69-b8e7-0a4e5400c616: 99 groups; 1.5 s; peak memory 533 MiB.
2026-10-08T19:41:26Z INFO [274/900] 76e01042-e388-4925-93ce-5c0ae254efca: 16 groups; 1.0 s; peak memory 533 MiB.
2026-10-08T19:41:28Z INFO [275/900] 76e03e86-aa24-4baa-9584-2827575eebea: 28 groups; 1.3 s; peak memory 533 MiB.
2026-10-08T19:41:29Z INFO [276/900] 76e22f1c-0dfe-4608-a544-96ed6689e169: 32 groups; 1.4 s; peak memory 533 MiB.
2026-10-08T19:41:30Z INFO [277/900] 76e23192-6ab7-44ba-a3bf-35141c8e2b16: 22 groups; 1.2 s; peak memory 533 MiB.
2026-10-08T19:41:32Z INFO [278/900] 76e33975-8df3-4698-9f44-9df922f7f620: 253 groups; 1.7 s; peak memory 533 MiB.
2026-10-08T19:41:33Z INFO [279/900] 76e3f763-ed8a-42a1-83ac-abeeefedffca: 26 groups; 1.3 s; peak memory 533 MiB.
2026-10-08T19:41:35Z INFO [280/900] 76e429fa-8af1-4b4f-8a86-633ddaa9f04e: 22 groups; 1.3 s; peak memory 533 MiB.
2026-10-08T19:41:36Z INFO [281/900] 76e53d02-bbe0-4152-96a1-a178ba15ba61: 22 groups; 1.4 s; peak memory 533 MiB.
2026-10-08T19:41:38Z INFO [282/900] 76e548cb-2b53-4b2e-832a-077aca0fbb3e: 35 groups; 1.7 s; peak memory 533 MiB.
2026-10-08T19:41:52Z INFO [283/900] 76e5af41-b139-46e3-a255-5d1f8d71a63e: 317 groups; 14.8 s; peak memory 533 MiB.
2026-10-08T19:44:18Z INFO [284/900] 76e612f4-fd2b-4e3b-bc48-b78bbe62add4: 72 groups; 145.6 s; peak memory 533 MiB.
2026-10-08T19:44:36Z INFO [285/900] 76e6b2ee-b802-40f6-9c1f-2c9f6706a885: 325 groups; 17.7 s; peak memory 533 MiB.
2026-10-08T19:44:55Z INFO [286/900] 76e6dc2b-036f-4835-b85f-9fad9791c35c: 93 groups; 19.2 s; peak memory 533 MiB.
2026-10-08T19:44:57Z INFO [287/900] 76e72259-8cb1-4e8d-9b14-ad47fd4526bf: 31 groups; 1.7 s; peak memory 533 MiB.
2026-10-08T19:44:58Z INFO [288/900] 76e76bbf-aa3c-4137-986e-d9bf0ac71ce6: 22 groups; 1.4 s; peak memory 533 MiB.
2026-10-08T19:44:59Z INFO [289/900] 76e7d9d0-5d29-41c2-ba10-d11c88a9d30b: 20 groups; 1.3 s; peak memory 533 MiB.
2026-10-08T19:45:00Z INFO [290/900] 76e8713b-f0c2-47d1-bcef-96daeafbf08e: 26 groups; 1.0 s; peak memory 533 MiB.
2026-10-08T19:45:04Z INFO [291/900] 76e8746a-baa7-4d85-be6a-34283d18e1e0: 50 groups; 3.6 s; peak memory 533 MiB.
2026-10-08T19:45:10Z INFO [292/900] 76e9920b-7da9-49c9-aa3d-e2c77b2a0411: 123 groups; 5.9 s; peak memory 533 MiB.
2026-10-08T19:45:12Z INFO [293/900] 76e9b0a7-bae9-4d9d-bac4-528dc6b6d6f2: 35 groups; 2.6 s; peak memory 533 MiB.
2026-10-08T19:45:13Z INFO [294/900] 76eb6381-6970-4339-8355-d06902952f5a: 18 groups; 1.0 s; peak memory 533 MiB.
2026-10-08T19:45:16Z INFO [295/900] 76eb9d7d-a0ce-4128-98fa-14646d913641: 34 groups; 2.7 s; peak memory 533 MiB.
2026-10-08T19:45:18Z INFO [296/900] 76ec2b0b-0d0a-43f6-8ad7-882dba4e958f: 32 groups; 1.6 s; peak memory 533 MiB.
2026-10-08T19:45:23Z INFO [297/900] 76ecba8f-0894-4d7d-bf72-1387020d5f1e: 29 groups; 4.8 s; peak memory 533 MiB.
2026-10-08T19:45:32Z INFO [298/900] 76ecbbd8-ab8c-4169-8be4-8f26a910fe71: 70 groups; 9.9 s; peak memory 533 MiB.
2026-10-08T19:45:36Z INFO [299/900] 76ed1f7f-3301-4f30-aaad-f4635efda906: 43 groups; 3.5 s; peak memory 533 MiB.
2026-10-08T19:45:41Z INFO [300/900] 76edde9d-dcf0-4fc7-bb21-bee5ccc0bb61: 17 groups; 5.0 s; peak memory 533 MiB.
2026-10-08T19:45:41Z INFO [300/900] 76edde9d-dcf0-4fc7-bb21-bee5ccc0bb61: checkpointed 104236 new records.
2026-10-08T19:45:42Z INFO [301/900] 76ee1cf4-c7ff-4f56-b078-8d2ada9b449c: 16 groups; 1.1 s; peak memory 533 MiB.
2026-10-08T19:48:25Z INFO [302/900] 76ee4585-ddde-4275-88f0-1fb0127ff98d: 52 groups; 162.4 s; peak memory 533 MiB.
2026-10-08T19:48:26Z INFO [303/900] 76eea06a-41ce-4c62-869f-b20550be34b3: 22 groups; 1.4 s; peak memory 533 MiB.
2026-10-08T19:48:27Z INFO [304/900] 76ef2f9b-f68d-4e7e-ba99-72c8942cb0d3: 22 groups; 1.4 s; peak memory 533 MiB.
2026-10-08T19:48:31Z INFO [305/900] 76efb2ad-80c1-4e2a-b92a-1d34d93c695f: 54 groups; 3.3 s; peak memory 533 MiB.
2026-10-08T19:48:32Z INFO [306/900] 76efbb60-bc1f-4940-b1aa-bfa548a93441: 30 groups; 1.7 s; peak memory 533 MiB.
2026-10-08T19:48:34Z INFO [307/900] 76efd2ea-7255-4e1e-803e-93d286915224: 32 groups; 1.6 s; peak memory 533 MiB.
2026-10-08T19:48:35Z INFO [308/900] 76f0d852-17b5-4870-a394-67f6103bfb67: 22 groups; 1.4 s; peak memory 533 MiB.
2026-10-08T19:48:41Z INFO [309/900] 76f0e33d-5538-411d-9dfb-40806796e5b0: 75 groups; 5.9 s; peak memory 533 MiB.
2026-10-08T19:48:43Z INFO [310/900] 76f18469-26bc-4a25-8e9e-5e138fe7fac3: 35 groups; 2.0 s; peak memory 533 MiB.
2026-10-08T19:48:45Z INFO [311/900] 76f1ccad-f16c-4746-ab6f-b7f59afa4751: 103 groups; 1.7 s; peak memory 533 MiB.
2026-10-08T19:48:47Z INFO [312/900] 76f278ad-dfa0-4480-ae31-0af8eb455e0e: 35 groups; 1.9 s; peak memory 533 MiB.
2026-10-08T19:48:50Z INFO [313/900] 76f37924-c984-491d-bc09-9f4341c0e639: 48 groups; 2.9 s; peak memory 533 MiB.
2026-10-08T19:48:54Z INFO [314/900] 76f3a93b-ef62-4bb6-8bd5-aa6311e587f6: 47 groups; 3.8 s; peak memory 533 MiB.
2026-10-08T19:48:55Z INFO [315/900] 76f44008-e85b-4bc5-b924-85ef3bb2eaf2: 35 groups; 1.8 s; peak memory 533 MiB.
2026-10-08T19:48:57Z INFO [316/900] 76f49b52-f259-4f8d-bb7a-808212f7c2b0: 35 groups; 1.7 s; peak memory 533 MiB.
2026-10-08T19:48:58Z INFO [317/900] 76f505f6-8bbf-4f2c-91d1-e54e0927f586: 29 groups; 1.2 s; peak memory 533 MiB.
2026-10-08T19:51:28Z INFO [318/900] 76f5240d-f489-4321-bd1a-7a6841d359a3: 3200 groups; 149.8 s; peak memory 533 MiB.
2026-10-08T19:51:30Z INFO [319/900] 76f52db5-4990-4350-9d35-ac442d8751ef: 255 groups; 1.8 s; peak memory 533 MiB.
2026-10-08T19:51:33Z INFO [320/900] 76f66354-27da-44a7-bc6e-b1758df76bc9: 46 groups; 3.2 s; peak memory 533 MiB.
2026-10-08T19:51:35Z INFO [321/900] 76f7bb69-caa3-4ead-b956-67648274cbc8: 35 groups; 1.7 s; peak memory 533 MiB.
2026-10-08T19:51:53Z INFO [322/900] 76f8cdd6-9c68-442a-963f-78a7209412e8: 351 groups; 18.5 s; peak memory 533 MiB.
2026-10-08T19:51:56Z INFO [323/900] 76f8e6ff-6c66-419d-8ad4-5ab029e56163: 48 groups; 2.6 s; peak memory 533 MiB.
2026-10-08T19:51:58Z INFO [324/900] 76f8fe61-02c9-4536-b8be-a7d91560c115: 54 groups; 2.6 s; peak memory 533 MiB.
2026-10-08T19:52:01Z INFO [325/900] 76f944fe-0715-49f6-b2e3-eaebdf998d50: 35 groups; 2.1 s; peak memory 533 MiB.
2026-10-08T19:52:02Z INFO [326/900] 76f9e68b-7dee-438f-8ba2-be36cc871b3d: 52 groups; 1.8 s; peak memory 533 MiB.
2026-10-08T19:52:04Z INFO [327/900] 76fa19a2-a099-4dee-bee8-b836956abe01: 35 groups; 1.8 s; peak memory 533 MiB.
2026-10-08T19:52:06Z INFO [328/900] 76fab41e-0160-4f28-9a8a-41a0f2406f01: 195 groups; 1.9 s; peak memory 533 MiB.
2026-10-08T19:52:07Z INFO [329/900] 76fadaa8-b426-42ef-9fca-5a0131adc4e2: 22 groups; 1.3 s; peak memory 533 MiB.
2026-10-08T19:52:09Z INFO [330/900] 76fcf92b-6681-498b-8e6e-ab9d5362af5b: 22 groups; 1.4 s; peak memory 533 MiB.
2026-10-08T19:52:14Z INFO [331/900] 76fd27f1-a756-47f7-8c84-51af880ebfc3: 29 groups; 5.2 s; peak memory 533 MiB.
2026-10-08T19:52:15Z INFO [332/900] 76fdff20-181c-44f7-bac5-a885292f5e59: 18 groups; 1.4 s; peak memory 533 MiB.
2026-10-08T19:52:17Z INFO [333/900] 76fe5a7a-8b36-4dbe-8f95-02a53adf6331: 22 groups; 1.4 s; peak memory 533 MiB.
2026-10-08T19:52:21Z INFO [334/900] 76fe6d9e-6251-47d3-a773-8b8e839ef558: 47 groups; 4.6 s; peak memory 533 MiB.
2026-10-08T19:52:22Z INFO [335/900] 76fe8912-d7a4-490f-875a-578a45f66eb8: 16 groups; 1.1 s; peak memory 533 MiB.
2026-10-08T19:52:25Z INFO [336/900] 76ff0309-d5d8-445c-96f1-0df3d662ffc7: 336 groups; 2.8 s; peak memory 533 MiB.
2026-10-08T19:52:27Z INFO [337/900] 76ff6e02-afe4-4df5-9c9d-e57570eac772: 22 groups; 1.3 s; peak memory 533 MiB.
2026-10-08T19:52:29Z INFO [338/900] 76ffa489-244a-4aa3-8992-4ecb4699a3de: 33 groups; 2.3 s; peak memory 533 MiB.
2026-10-08T19:52:32Z INFO [339/900] 76fffaf2-630c-4ef2-a410-e1d314016a54: 48 groups; 3.2 s; peak memory 533 MiB.
2026-10-08T19:52:33Z INFO [340/900] 77021656-0240-4d1f-90ee-1ff265b235ec: 22 groups; 1.4 s; peak memory 533 MiB.
2026-10-08T19:52:39Z INFO [341/900] 7702de29-f50a-46a8-a1ab-fe31c9fd4c84: 57 groups; 5.1 s; peak memory 533 MiB.
2026-10-08T19:52:40Z INFO [342/900] 77035385-6023-4a37-b262-76dc6efee72d: 32 groups; 1.5 s; peak memory 533 MiB.
2026-10-08T19:52:42Z INFO [343/900] 77035a53-c012-4a1c-89a2-57533ad8ff15: 22 groups; 1.5 s; peak memory 533 MiB.
2026-10-08T19:52:44Z INFO [344/900] 77039241-5fa9-415d-8cd9-574ef1f67eaf: 35 groups; 2.3 s; peak memory 533 MiB.
2026-10-08T19:52:59Z INFO [345/900] 7703ab64-a5b2-432e-84de-f588a4ee1a39: 176 groups; 15.3 s; peak memory 533 MiB.
2026-10-08T19:53:01Z INFO [346/900] 770422d8-e053-4f79-ad13-237f698ea804: 32 groups; 1.6 s; peak memory 533 MiB.
2026-10-08T19:53:03Z INFO [347/900] 7704b5cb-30be-4905-b64c-f6eb907f3f7d: 34 groups; 2.3 s; peak memory 533 MiB.
2026-10-08T19:53:04Z INFO [348/900] 7704e821-e17f-426b-ae03-a77f4dd2c7e0: 37 groups; 1.4 s; peak memory 533 MiB.
2026-10-08T19:53:06Z INFO [349/900] 77054bef-2de4-4c1e-ac66-8cb712e631d6: 22 groups; 1.4 s; peak memory 533 MiB.
2026-10-08T19:53:14Z INFO [350/900] 77068f1e-359e-419a-9d53-1cebfb9be2c5: 54 groups; 8.6 s; peak memory 533 MiB.
2026-10-08T19:53:15Z INFO [350/900] 77068f1e-359e-419a-9d53-1cebfb9be2c5: checkpointed 104286 new records.
2026-10-08T19:53:16Z INFO [351/900] 7708a79e-e44d-446c-9959-e7cec9619d1e: 32 groups; 1.7 s; peak memory 533 MiB.
2026-10-08T19:53:18Z INFO [352/900] 7708c389-0ff9-45d1-8bf2-00c77eb3c4d6: 22 groups; 1.4 s; peak memory 533 MiB.
2026-10-08T19:53:19Z INFO [353/900] 77092ebf-a5f5-4058-b2e3-6b8505f53ea1: 33 groups; 1.4 s; peak memory 533 MiB.
2026-10-08T19:53:21Z INFO [354/900] 77097dc5-757e-4021-9ec9-f97dc107feff: 32 groups; 1.7 s; peak memory 533 MiB.
2026-10-08T19:53:25Z INFO [355/900] 77098fd1-76c8-4b3c-9d1f-9b5934427e3c: 54 groups; 3.9 s; peak memory 533 MiB.
2026-10-08T19:53:27Z INFO [356/900] 7709f8d3-3d4a-4b86-8e80-6617f9b24aee: 33 groups; 2.0 s; peak memory 533 MiB.
2026-10-08T19:53:28Z INFO [357/900] 770aa674-1859-4d08-a418-94908d026341: 32 groups; 1.5 s; peak memory 533 MiB.
2026-10-08T19:53:29Z INFO [358/900] 770ae486-dc85-4385-8793-b3fc171ad45c: 22 groups; 1.4 s; peak memory 533 MiB.
2026-10-08T19:53:31Z INFO [359/900] 770c5af3-5c81-443b-aa19-2880c7c5f7cc: 32 groups; 1.5 s; peak memory 533 MiB.
2026-10-08T19:53:33Z INFO [360/900] 770c8711-4b5b-432c-b459-f480cb71e850: 40 groups; 2.0 s; peak memory 533 MiB.
2026-10-08T19:53:34Z INFO [361/900] 770cf52e-a763-4048-bae0-546513cbfb78: 22 groups; 1.4 s; peak memory 533 MiB.
2026-10-08T19:54:02Z INFO [362/900] 770df9b9-bacb-43e5-89cd-3866d411977c: 23 groups; 27.2 s; peak memory 533 MiB.
2026-10-08T19:54:05Z INFO [363/900] 770dfb71-73c4-4f63-83c6-498ed9262449: 48 groups; 3.0 s; peak memory 533 MiB.
2026-10-08T19:54:12Z INFO [364/900] 770e641e-9ef3-40cb-83ef-d7c0c78d4748: 178 groups; 7.1 s; peak memory 533 MiB.
2026-10-08T19:54:13Z INFO [365/900] 770f4269-39c8-4369-9003-21d5837bb584: 17 groups; 1.2 s; peak memory 533 MiB.
2026-10-08T19:54:19Z INFO [366/900] 770f6c4d-100a-4229-b342-fc5117fb55ad: 50 groups; 6.2 s; peak memory 533 MiB.
2026-10-08T19:54:21Z INFO [367/900] 770f7e6f-5bc1-45d3-84ec-9b7f1708f7c4: 26 groups; 1.4 s; peak memory 533 MiB.
2026-10-08T19:54:22Z INFO [368/900] 77103aa5-2946-47db-a414-ed8d35baf453: 103 groups; 1.7 s; peak memory 533 MiB.
2026-10-08T19:54:25Z INFO [369/900] 771052b3-03b6-4fd2-8604-c483825f1cfb: 48 groups; 3.2 s; peak memory 533 MiB.
2026-10-08T19:54:27Z INFO [370/900] 77116c36-a5b8-41b6-a289-7f8759c4486f: 35 groups; 1.7 s; peak memory 533 MiB.
2026-10-08T19:54:29Z INFO [371/900] 7711b286-8343-40e7-a53d-46e604ae233e: 35 groups; 1.7 s; peak memory 533 MiB.
2026-10-08T19:54:37Z INFO [372/900] 7711cf23-7844-4b1f-b4db-2f8297b77b3c: 34 groups; 8.0 s; peak memory 533 MiB.
2026-10-08T19:54:46Z INFO [373/900] 7711f22f-b4f4-431f-bc70-461df1c1264d: 3887 groups; 8.7 s; peak memory 533 MiB.
2026-10-08T19:54:47Z INFO [374/900] 77122811-6c37-4df8-a71a-551b01faed96: 22 groups; 1.3 s; peak memory 533 MiB.
2026-10-08T19:54:48Z INFO [375/900] 77123d54-8586-4831-ab86-fac078c1b7d7: 22 groups; 1.4 s; peak memory 533 MiB.
2026-10-08T19:54:50Z INFO [376/900] 77129805-c1d8-4779-a544-a472289dd032: 35 groups; 1.7 s; peak memory 533 MiB.
2026-10-08T19:54:51Z INFO [377/900] 77139c29-1797-49a8-851a-58fbb6f7e482: 25 groups; 1.3 s; peak memory 533 MiB.
2026-10-08T19:54:53Z INFO [378/900] 77144c79-4a84-4917-a912-17cc488db89f: 33 groups; 1.8 s; peak memory 533 MiB.
2026-10-08T19:54:54Z INFO [379/900] 77148cd5-4af4-426e-b008-52f3e63d1a36: 17 groups; 1.2 s; peak memory 533 MiB.
2026-10-08T19:55:06Z INFO [380/900] 7714d1f0-a108-43f0-9c86-f3501776c98a: 36 groups; 11.9 s; peak memory 533 MiB.
2026-10-08T19:55:10Z INFO [381/900] 77153b10-c6b2-4612-8fb2-db4fd78e56e8: 50 groups; 3.7 s; peak memory 533 MiB.
2026-10-08T19:55:11Z INFO [382/900] 7715714d-5e29-414b-805f-bd79b6c838a1: 22 groups; 1.4 s; peak memory 533 MiB.
2026-10-08T19:55:18Z INFO [383/900] 7716710f-c670-4ab5-9a57-c9dd84211b55: 181 groups; 7.1 s; peak memory 533 MiB.
2026-10-08T19:55:20Z INFO [384/900] 7716cc19-f8be-4552-821f-4c4ca7a60432: 35 groups; 2.2 s; peak memory 533 MiB.
2026-10-08T19:55:22Z INFO [385/900] 7716f8e7-00b5-4e46-8152-f84ad2f34601: 35 groups; 1.8 s; peak memory 533 MiB.
2026-10-08T19:55:29Z INFO [386/900] 771727ed-651f-4ce7-a9b5-0ba3d50c487b: 64 groups; 6.8 s; peak memory 533 MiB.
2026-10-08T19:55:31Z INFO [387/900] 7717367f-f72b-4dd9-84de-fa80b0676551: 256 groups; 1.6 s; peak memory 533 MiB.
2026-10-08T19:55:46Z INFO [388/900] 7717e2df-b8f7-4688-8047-027f62e327ba: 242 groups; 15.9 s; peak memory 533 MiB.
2026-10-08T19:55:48Z INFO [389/900] 7718867e-1029-4638-9cfd-6060b86f41a8: 32 groups; 1.4 s; peak memory 533 MiB.
2026-10-08T19:55:49Z INFO [390/900] 77192515-77f7-432b-bd2b-39f88ef9496c: 25 groups; 1.1 s; peak memory 533 MiB.
2026-10-08T19:55:51Z INFO [391/900] 771a0e71-98e4-411a-a883-aa40836f973a: 35 groups; 1.9 s; peak memory 533 MiB.
2026-10-08T19:55:59Z INFO [392/900] 771a29cf-72c2-4da3-8794-7f2c1af819c5: 137 groups; 8.0 s; peak memory 533 MiB.
2026-10-08T19:56:01Z INFO [393/900] 771a4c68-00a3-44ff-90ca-9d69c6595a8f: 32 groups; 1.9 s; peak memory 533 MiB.
2026-10-08T19:56:02Z INFO [394/900] 771bf968-bb91-4188-8a7f-1f0570f38c70: 22 groups; 1.3 s; peak memory 533 MiB.
2026-10-08T19:56:07Z INFO [395/900] 771da72f-704e-456b-84d6-9ff8c2ada686: 17 groups; 5.2 s; peak memory 533 MiB.
2026-10-08T19:56:10Z INFO [396/900] 771e0c71-1a42-4aef-a925-185125ccc8e5: 202 groups; 2.7 s; peak memory 533 MiB.
2026-10-08T19:56:19Z INFO [397/900] 771e810c-113d-4191-9989-ca92233defe4: 161 groups; 8.6 s; peak memory 533 MiB.
2026-10-08T19:56:20Z INFO [398/900] 771f0bb1-3efb-4eb6-9e9c-08bc15c06bfc: 16 groups; 1.1 s; peak memory 533 MiB.
2026-10-08T19:56:21Z INFO [399/900] 771f11e0-f6fb-47ba-b92d-c340c36fdd1a: 16 groups; 1.0 s; peak memory 533 MiB.
2026-10-08T19:56:30Z INFO [400/900] 771f9077-a000-4ea6-964d-26452a286fcd: 150 groups; 9.1 s; peak memory 533 MiB.
2026-10-08T19:56:30Z INFO [400/900] 771f9077-a000-4ea6-964d-26452a286fcd: checkpointed 104336 new records.
2026-10-08T19:56:32Z INFO [401/900] 7721ec1e-986a-4239-a3a7-9c7d8bc2455b: 32 groups; 1.5 s; peak memory 533 MiB.
2026-10-08T19:56:33Z INFO [402/900] 77223645-49c1-4fd3-a325-6f2653f53b9d: 32 groups; 1.5 s; peak memory 533 MiB.
2026-10-08T19:56:45Z INFO [403/900] 772259f0-4d53-454d-87c4-822e42664fa0: 707 groups; 12.2 s; peak memory 533 MiB.
2026-10-08T19:56:47Z INFO [404/900] 77227f09-9e6e-4418-b960-ce14614a8b84: 22 groups; 1.4 s; peak memory 533 MiB.
2026-10-08T19:56:48Z INFO [405/900] 7722863c-dc0f-4115-a20d-38cb5b230f45: 33 groups; 1.7 s; peak memory 533 MiB.
2026-10-08T19:56:50Z INFO [406/900] 7723b3b7-2350-43f4-b517-97fdd094205d: 29 groups; 1.3 s; peak memory 533 MiB.
2026-10-08T19:56:52Z INFO [407/900] 772436a2-865f-4de6-854c-4f4b40b0302c: 36 groups; 1.9 s; peak memory 533 MiB.
2026-10-08T19:56:53Z INFO [408/900] 7724bb22-37da-4d1a-8509-c6e4a57c942d: 104 groups; 1.9 s; peak memory 533 MiB.
2026-10-08T19:56:55Z INFO [409/900] 7724c95f-cf88-4931-8c01-e5f3b64e7fc4: 22 groups; 1.4 s; peak memory 533 MiB.
2026-10-08T19:56:57Z INFO [410/900] 7725cfab-b9ee-4be6-bb27-53aecdcae318: 32 groups; 1.7 s; peak memory 533 MiB.
2026-10-08T19:56:58Z INFO [411/900] 77281fec-e87e-4710-a90e-d52fe8864103: 22 groups; 1.5 s; peak memory 533 MiB.
2026-10-08T19:57:00Z INFO [412/900] 77293b9c-c21f-4aee-affe-9df4f7db02e9: 22 groups; 1.5 s; peak memory 533 MiB.
2026-10-08T19:57:01Z INFO [413/900] 772a20a7-d2b2-40c4-81aa-7c414c78ba6c: 32 groups; 1.5 s; peak memory 533 MiB.
2026-10-08T19:57:03Z INFO [414/900] 772b35a8-667f-4f2b-98cf-0f749c3e58c8: 32 groups; 1.5 s; peak memory 533 MiB.
2026-10-08T19:57:05Z INFO [415/900] 772b36db-a944-467c-8574-2d0b54942b73: 35 groups; 2.0 s; peak memory 533 MiB.
2026-10-08T19:59:28Z INFO [416/900] 772d138b-e6ce-4d14-ad55-717302123c4a: 66 groups; 143.0 s; peak memory 533 MiB.
2026-10-08T19:59:29Z INFO [417/900] 772e2bfb-489a-4376-b588-ad679909c226: 202 groups; 1.8 s; peak memory 533 MiB.
2026-10-08T19:59:31Z INFO [418/900] 772e384e-718c-48e0-ad7d-ed8d36e68aeb: 17 groups; 1.2 s; peak memory 533 MiB.
2026-10-08T19:59:32Z INFO [419/900] 772f0304-18d8-4843-8b25-80bf07593e40: 103 groups; 1.8 s; peak memory 533 MiB.
2026-10-08T19:59:34Z INFO [420/900] 772f0f3d-8a74-45b0-9068-02fb57552d4c: 22 groups; 1.4 s; peak memory 533 MiB.
2026-10-08T19:59:36Z INFO [421/900] 772f370b-a7a2-4eaf-b0d0-e6c31b62b461: 35 groups; 1.8 s; peak memory 533 MiB.
2026-10-08T20:00:01Z INFO [422/900] 77306c7e-7fe0-4b3f-9a38-4a1fc2558abf: 23 groups; 25.6 s; peak memory 533 MiB.
2026-10-08T20:00:12Z INFO [423/900] 77306fbb-0500-410e-909a-07bd4db3aada: 207 groups; 10.4 s; peak memory 533 MiB.
2026-10-08T20:00:14Z INFO [424/900] 7730ce55-0a58-493b-9fea-a730748bf1cd: 35 groups; 2.0 s; peak memory 533 MiB.
2026-10-08T20:00:15Z INFO [425/900] 77315141-5c7f-485f-b1d3-405a037f1c27: 32 groups; 1.6 s; peak memory 533 MiB.
2026-10-08T20:00:20Z INFO [426/900] 7731f836-044d-4770-8dbb-e444dbbc0f2e: 62 groups; 4.6 s; peak memory 533 MiB.
2026-10-08T20:00:21Z INFO [427/900] 7732020e-337e-4a1b-a246-1face81c8db0: 32 groups; 1.5 s; peak memory 533 MiB.
2026-10-08T20:00:23Z INFO [428/900] 77321e1e-31cd-4c97-a74e-0540af451513: 22 groups; 1.2 s; peak memory 533 MiB.
2026-10-08T20:00:24Z INFO [429/900] 77322b74-8921-46b7-bfa0-33426786e7c8: 35 groups; 1.3 s; peak memory 533 MiB.
2026-10-08T20:00:37Z INFO [430/900] 773243c0-7260-457c-90d2-0c2ce2640bd4: 232 groups; 13.4 s; peak memory 533 MiB.
2026-10-08T20:00:39Z INFO [431/900] 7733a833-71b6-4f07-a5bb-acb3d3319652: 22 groups; 1.4 s; peak memory 533 MiB.
2026-10-08T20:00:40Z INFO [432/900] 7734699e-c836-4e4f-858b-4cbe00763e97: 32 groups; 1.6 s; peak memory 533 MiB.
2026-10-08T20:00:44Z INFO [433/900] 7734796e-b8fd-4483-8df0-acc5602549fd: 50 groups; 3.7 s; peak memory 533 MiB.
2026-10-08T20:00:45Z INFO [434/900] 77353cc9-d898-40c0-8614-9097da4e1379: 29 groups; 1.5 s; peak memory 533 MiB.
2026-10-08T20:00:47Z INFO [435/900] 7735e483-1167-4b08-a078-628cfbc05c29: 22 groups; 1.3 s; peak memory 533 MiB.
2026-10-08T20:00:49Z INFO [436/900] 7735f147-5401-46be-bbe7-cc2ca4ccfbc5: 43 groups; 2.1 s; peak memory 533 MiB.
2026-10-08T20:00:51Z INFO [437/900] 77363275-41aa-45d1-b435-4b7f8dc76e99: 29 groups; 2.2 s; peak memory 533 MiB.
2026-10-08T20:00:52Z INFO [438/900] 77364937-d552-4c88-9d6f-288e59c9464e: 17 groups; 1.2 s; peak memory 533 MiB.
2026-10-08T20:01:02Z INFO [439/900] 77365f90-967b-4190-ad63-9e66ac49177f: 146 groups; 10.3 s; peak memory 533 MiB.
2026-10-08T20:01:04Z INFO [440/900] 773677cf-c832-425d-8749-7322ee564dd0: 26 groups; 1.3 s; peak memory 533 MiB.
2026-10-08T20:01:05Z INFO [441/900] 773790ee-c768-4402-bdf4-23bd4f1bf4d8: 28 groups; 1.3 s; peak memory 533 MiB.
2026-10-08T20:01:06Z INFO [442/900] 773842e7-9b69-4431-a487-cd3d93cb5445: 22 groups; 1.4 s; peak memory 533 MiB.
2026-10-08T20:01:08Z INFO [443/900] 773847af-5595-4b53-a0c8-fff207362ea6: 35 groups; 1.9 s; peak memory 533 MiB.
2026-10-08T20:01:09Z INFO [444/900] 773a608c-3f39-4b2f-962a-c4afbe5e2eb5: 16 groups; 1.1 s; peak memory 533 MiB.
2026-10-08T20:01:11Z INFO [445/900] 773ab39a-44b5-4ead-a459-04b26b5bfa19: 33 groups; 1.4 s; peak memory 533 MiB.
2026-10-08T20:01:12Z INFO [446/900] 773c51f4-59da-4df9-93ae-5d984877c611: 32 groups; 1.5 s; peak memory 533 MiB.
2026-10-08T20:01:15Z INFO [447/900] 773ce605-a18e-431f-afb6-e28cf8ff8c3a: 17 groups; 2.6 s; peak memory 533 MiB.
2026-10-08T20:01:16Z INFO [448/900] 773d3ab7-24eb-469d-bdb2-e8027002f672: 22 groups; 1.3 s; peak memory 533 MiB.
2026-10-08T20:01:18Z INFO [449/900] 773d929b-cc86-4380-82e1-11c58654eabd: 32 groups; 1.7 s; peak memory 533 MiB.
2026-10-08T20:01:20Z INFO [450/900] 773dfeb8-bd87-486d-86e0-98043cc0d8c6: 200 groups; 2.4 s; peak memory 533 MiB.
2026-10-08T20:01:21Z INFO [450/900] 773dfeb8-bd87-486d-86e0-98043cc0d8c6: checkpointed 104386 new records.
2026-10-08T20:01:47Z INFO [451/900] 773e0ac1-1597-4df9-9e46-e690e901fffc: 23 groups; 26.0 s; peak memory 533 MiB.
2026-10-08T20:01:49Z INFO [452/900] 773e10e3-4227-4f2a-a8b1-b4d7ce75bb4a: 259 groups; 2.4 s; peak memory 533 MiB.
2026-10-08T20:02:23Z INFO [453/900] 773e740c-0277-458f-b159-0388998381ff: 3175 groups; 33.7 s; peak memory 533 MiB.
2026-10-08T20:02:24Z INFO [454/900] 773ea01c-5519-409c-9f85-7199aa6b8fe2: 22 groups; 1.4 s; peak memory 533 MiB.
2026-10-08T20:02:29Z INFO [455/900] 773f0055-71f5-4359-9a1f-f0fd0e5c7b53: 57 groups; 4.4 s; peak memory 533 MiB.
2026-10-08T20:02:30Z INFO [456/900] 773fde29-aee1-4c0a-87d9-214e9cc80cd6: 22 groups; 1.3 s; peak memory 533 MiB.
2026-10-08T20:02:32Z INFO [457/900] 7740508c-3198-48c5-861b-c4ec36a2e753: 32 groups; 1.7 s; peak memory 533 MiB.
2026-10-08T20:02:33Z INFO [458/900] 7741131d-5caa-4254-a2c7-ad3876588524: 28 groups; 1.8 s; peak memory 533 MiB.
2026-10-08T20:02:35Z INFO [459/900] 7741f9f8-4149-439d-b245-a91231a03f9d: 32 groups; 1.5 s; peak memory 533 MiB.
2026-10-08T20:02:36Z INFO [460/900] 7742373d-7f1f-43b1-ac0a-bdeeec7a8716: 22 groups; 1.3 s; peak memory 533 MiB.
2026-10-08T20:02:38Z INFO [461/900] 774257a7-05dd-4295-81fa-04fe636b7909: 32 groups; 1.5 s; peak memory 533 MiB.
2026-10-08T20:02:40Z INFO [462/900] 77431a90-72d6-46fe-9d18-a31a1481246c: 33 groups; 2.0 s; peak memory 533 MiB.
2026-10-08T20:05:26Z INFO [463/900] 77439a2e-7f2b-4839-b610-aa8f22f813db: 60 groups; 166.1 s; peak memory 533 MiB.
2026-10-08T20:05:27Z INFO [464/900] 7743e961-e979-490d-b945-079e569836a2: 27 groups; 1.7 s; peak memory 533 MiB.
2026-10-08T20:05:29Z INFO [465/900] 774411c3-fc79-4fb6-aaf6-0722509753b9: 32 groups; 1.6 s; peak memory 533 MiB.
2026-10-08T20:05:30Z INFO [466/900] 7744f807-3e5c-4d2a-8555-10282d6ab599: 31 groups; 1.3 s; peak memory 533 MiB.
2026-10-08T20:05:31Z INFO [467/900] 7745bae3-177f-44fd-8210-256a8a5b1242: 16 groups; 1.0 s; peak memory 533 MiB.
2026-10-08T20:05:33Z INFO [468/900] 7745dac7-22b9-4cf3-9cea-2e3730d56732: 35 groups; 1.7 s; peak memory 533 MiB.
2026-10-08T20:05:49Z INFO [469/900] 77466ef8-749c-4e68-aebc-566deb220e17: 230 groups; 15.5 s; peak memory 533 MiB.
2026-10-08T20:05:51Z INFO [470/900] 7746a0c9-1890-46d4-ace4-9080c6b843cd: 41 groups; 2.5 s; peak memory 533 MiB.
2026-10-08T20:05:52Z INFO [471/900] 77470ae1-c7c8-4be2-b8f3-b9cb6613f894: 22 groups; 1.4 s; peak memory 533 MiB.
2026-10-08T20:05:54Z INFO [472/900] 774746d3-532e-46ca-b7ee-f2d501d8fc59: 26 groups; 2.0 s; peak memory 533 MiB.
2026-10-08T20:05:56Z INFO [473/900] 77480dbf-62c7-414c-9194-609791333d89: 72 groups; 1.9 s; peak memory 533 MiB.
2026-10-08T20:06:27Z INFO [474/900] 7748b94f-4606-41eb-bae9-16bfd9655402: 357 groups; 31.0 s; peak memory 533 MiB.
2026-10-08T20:06:28Z INFO [475/900] 7748d74c-5355-42cd-bae5-195c5c7cf769: 16 groups; 1.2 s; peak memory 533 MiB.
2026-10-08T20:06:31Z INFO [476/900] 77498e89-f3d3-4272-9a7e-4a23a1003235: 40 groups; 2.7 s; peak memory 533 MiB.
2026-10-08T20:06:44Z INFO [477/900] 774a714b-4577-4925-929f-155a6ac5756e: 235 groups; 12.8 s; peak memory 533 MiB.
2026-10-08T20:06:46Z INFO [478/900] 774a9172-a209-4854-8c7b-e42af8d556dd: 22 groups; 1.5 s; peak memory 533 MiB.
2026-10-08T20:06:47Z INFO [479/900] 774b7990-3379-4828-bd0d-afa36beef1ab: 22 groups; 1.6 s; peak memory 533 MiB.
2026-10-08T20:06:54Z INFO [480/900] 774c1b85-4f44-4beb-a0bb-d49ca4cec97d: 191 groups; 7.3 s; peak memory 533 MiB.
2026-10-08T20:07:12Z INFO [481/900] 774c207a-df0f-4a0a-bd2b-89ab656563ab: 29 groups; 18.0 s; peak memory 533 MiB.
2026-10-08T20:07:15Z INFO [482/900] 774c63f1-eb83-486d-a540-a0a9de543afb: 48 groups; 3.0 s; peak memory 533 MiB.
2026-10-08T20:07:16Z INFO [483/900] 774c96ad-057e-4760-a84f-be49cdbf7501: 16 groups; 1.0 s; peak memory 533 MiB.
2026-10-08T20:07:38Z INFO [484/900] 774d05d0-8b5d-464f-9fbf-a2f9bfcfd08a: 344 groups; 21.2 s; peak memory 533 MiB.
2026-10-08T20:07:39Z INFO [485/900] 774d233c-5343-4da3-bdd5-134be798abe0: 52 groups; 1.6 s; peak memory 533 MiB.
2026-10-08T20:11:49Z INFO [486/900] 774d38e2-d13b-4846-b147-e789c59b07b3: 58 groups; 249.5 s; peak memory 533 MiB.
2026-10-08T20:12:04Z INFO [487/900] 774d54eb-c406-4c77-9113-82ad5035c1a9: 216 groups; 15.8 s; peak memory 533 MiB.
2026-10-08T20:12:06Z INFO [488/900] 774d66ac-6080-43e4-b83a-868c83a6da60: 22 groups; 1.4 s; peak memory 533 MiB.
2026-10-08T20:12:07Z INFO [489/900] 774d7431-8682-4219-b03c-86dba61746f4: 22 groups; 1.3 s; peak memory 533 MiB.
2026-10-08T20:12:10Z INFO [490/900] 774dc6ae-7919-4248-84d8-e69c1d8beb09: 573 groups; 2.7 s; peak memory 533 MiB.
2026-10-08T20:12:11Z INFO [491/900] 774e75c2-b7b9-47e1-b721-e6fd32c885bf: 22 groups; 1.5 s; peak memory 533 MiB.
2026-10-08T20:12:28Z INFO [492/900] 774ea739-5982-44e5-a14d-485a40678c0e: 17 groups; 16.6 s; peak memory 533 MiB.
2026-10-08T20:12:36Z INFO [493/900] 774ebe0e-5598-4973-b17c-c204726827bb: 85 groups; 8.0 s; peak memory 533 MiB.
2026-10-08T20:16:28Z INFO [494/900] 774f6c21-a1e4-4ce4-b100-593b75d5af3a: 42 groups; 232.2 s; peak memory 1345 MiB.
2026-10-08T20:16:30Z INFO [495/900] 774fc5ba-3f17-4c0c-b03f-494b81e61a93: 22 groups; 1.5 s; peak memory 1345 MiB.
2026-10-08T20:16:55Z INFO [496/900] 774fe0a3-a7ba-4cfe-a01b-fc29a25d2b20: 204 groups; 25.2 s; peak memory 1345 MiB.
2026-10-08T20:16:56Z INFO [497/900] 774ff0e9-ce25-4844-a8af-57867c34683d: 32 groups; 1.4 s; peak memory 1345 MiB.
2026-10-08T20:17:09Z INFO [498/900] 7750c16b-025f-4f8c-be3e-e67bee819dc4: 33 groups; 12.7 s; peak memory 1345 MiB.
2026-10-08T20:17:11Z INFO [499/900] 7750d71b-0f7a-4f49-8af1-ff5041f240e9: 35 groups; 2.4 s; peak memory 1345 MiB.
2026-10-08T20:17:13Z INFO [500/900] 7750eff2-3933-4715-986b-40e87f6d4bce: 24 groups; 1.5 s; peak memory 1345 MiB.
2026-10-08T20:17:13Z INFO [500/900] 7750eff2-3933-4715-986b-40e87f6d4bce: checkpointed 104436 new records.
2026-10-08T20:19:08Z INFO [501/900] 77517765-e154-451c-9563-2fe20311509d: 3347 groups; 115.1 s; peak memory 1345 MiB.
2026-10-08T20:19:09Z INFO [502/900] 7751964d-06ea-498f-886c-4070a5e5d611: 16 groups; 0.9 s; peak memory 1345 MiB.
2026-10-08T20:19:26Z INFO [503/900] 77529128-60c7-4b2f-b943-80a13f46769d: 22 groups; 16.5 s; peak memory 1345 MiB.
2026-10-08T20:19:27Z INFO [504/900] 7753f8fd-77fb-4469-9b8d-7693de8056a5: 32 groups; 1.6 s; peak memory 1345 MiB.
2026-10-08T20:19:29Z INFO [505/900] 77550ba4-203a-4859-82ef-533c9e3fcfcb: 22 groups; 1.6 s; peak memory 1345 MiB.
2026-10-08T20:19:31Z INFO [506/900] 7756588d-a51d-495d-92f1-014c3f647aac: 35 groups; 2.0 s; peak memory 1345 MiB.
2026-10-08T20:19:33Z INFO [507/900] 77565fa4-44ed-4c2b-ba9a-587b90f66180: 194 groups; 1.9 s; peak memory 1345 MiB.
2026-10-08T20:19:34Z INFO [508/900] 77569caa-25b7-405c-85dd-c4624b845f22: 28 groups; 1.3 s; peak memory 1345 MiB.
2026-10-08T20:19:35Z INFO [509/900] 7756a0e1-fdcc-45c5-a11d-4c9e819be544: 22 groups; 1.2 s; peak memory 1345 MiB.
2026-10-08T20:19:37Z INFO [510/900] 775701f1-dcb1-4771-9495-333e258a111a: 35 groups; 2.3 s; peak memory 1345 MiB.
2026-10-08T20:19:39Z INFO [511/900] 77572220-5277-4502-b1f7-5aa8dbd308f4: 17 groups; 1.1 s; peak memory 1345 MiB.
2026-10-08T20:19:40Z INFO [512/900] 77578ccc-1955-495e-8397-abd58cd0d5fb: 194 groups; 1.8 s; peak memory 1345 MiB.
2026-10-08T20:19:41Z INFO [513/900] 77580e9b-bf2b-452d-9052-e8cd22ce2941: 18 groups; 1.0 s; peak memory 1345 MiB.
2026-10-08T20:19:43Z INFO [514/900] 77581485-b71c-4c7e-b356-50a632f185ec: 35 groups; 2.0 s; peak memory 1345 MiB.
2026-10-08T20:20:00Z INFO [515/900] 7758e1b2-e4d2-4285-b8f0-34797c9d7ab2: 228 groups; 16.6 s; peak memory 1345 MiB.
2026-10-08T20:25:18Z INFO [516/900] 77595e0a-51cc-4a0e-96cc-a57edfeb25d1: 81 groups; 318.2 s; peak memory 1345 MiB.
2026-10-08T20:25:30Z INFO [517/900] 77599375-b7e4-4da4-9703-54d338bb9575: 68 groups; 11.9 s; peak memory 1345 MiB.
2026-10-08T20:25:31Z INFO [518/900] 7759c763-ad81-4373-aee7-3a700fdc8467: 22 groups; 1.4 s; peak memory 1345 MiB.
2026-10-08T20:25:39Z INFO [519/900] 775a070a-d52d-4c0b-a910-5f29a21f5c0a: 78 groups; 7.8 s; peak memory 1345 MiB.
2026-10-08T20:27:00Z INFO [520/900] 775a52db-aef2-4ecb-9bb7-4fd9c2f9048d: 836 groups; 80.6 s; peak memory 1345 MiB.
2026-10-08T20:27:01Z INFO [521/900] 775aac26-77f8-4bf6-95a1-301ce97b3a48: 30 groups; 1.0 s; peak memory 1345 MiB.
2026-10-08T20:27:02Z INFO [522/900] 775ac925-f99c-40af-8328-dcf28e796c29: 251 groups; 1.5 s; peak memory 1345 MiB.
2026-10-08T20:27:05Z INFO [523/900] 775c4b1c-bdbb-4808-83c3-dc8243f63d5c: 201 groups; 2.2 s; peak memory 1345 MiB.
2026-10-08T20:27:10Z INFO [524/900] 775dca5c-25e8-4ada-a537-1046abddd453: 130 groups; 5.1 s; peak memory 1345 MiB.
2026-10-08T20:27:11Z INFO [525/900] 775e139e-c083-4c0b-ac3c-c395fad5d314: 254 groups; 1.6 s; peak memory 1345 MiB.
2026-10-08T20:27:15Z INFO [526/900] 775ea1d3-6017-43be-9ce6-0bc99406d517: 48 groups; 3.3 s; peak memory 1345 MiB.
2026-10-08T20:27:16Z INFO [527/900] 775efba9-bafb-4358-bf77-f39ed1db5bf6: 16 groups; 1.0 s; peak memory 1345 MiB.
2026-10-08T20:27:18Z INFO [528/900] 775f1a92-a4de-493e-9e1a-8bf756f4a23e: 33 groups; 2.4 s; peak memory 1345 MiB.
2026-10-08T20:27:25Z INFO [529/900] 775f2a2c-fd73-4b4e-8bf2-7f43fa50f323: 73 groups; 7.2 s; peak memory 1345 MiB.
2026-10-08T20:27:36Z INFO [530/900] 775f3779-14a2-4332-ab8c-71349f563c03: 198 groups; 10.4 s; peak memory 1345 MiB.
2026-10-08T20:27:37Z INFO [531/900] 776176b7-ee5f-4a35-a7da-0c9a58e4184a: 32 groups; 1.7 s; peak memory 1345 MiB.
2026-10-08T20:27:44Z INFO [532/900] 77620d36-0bc7-4f48-9d26-0b943a6175f6: 78 groups; 7.0 s; peak memory 1345 MiB.
2026-10-08T20:27:46Z INFO [533/900] 7763d8a1-013f-48f4-92ed-b41a65f77167: 22 groups; 1.5 s; peak memory 1345 MiB.
2026-10-08T20:27:47Z INFO [534/900] 77651c47-ef1c-49f4-b4ca-b5330d3bc295: 29 groups; 1.7 s; peak memory 1345 MiB.
2026-10-08T20:27:49Z INFO [535/900] 77654502-4fea-4f78-b4ee-696686db6a8a: 22 groups; 1.4 s; peak memory 1345 MiB.
2026-10-08T20:27:50Z INFO [536/900] 77654ebb-6a5e-4647-a7de-07888f6cddf4: 25 groups; 1.4 s; peak memory 1345 MiB.
2026-10-08T20:27:51Z INFO [537/900] 776721d1-d3bb-4512-aca9-4de6f617e1ed: 16 groups; 1.0 s; peak memory 1345 MiB.
2026-10-08T20:27:53Z INFO [538/900] 7767fa5a-e5eb-49ae-9976-31d52148e14b: 33 groups; 1.4 s; peak memory 1345 MiB.
2026-10-08T20:27:54Z INFO [539/900] 7768f129-49c5-4e1e-a366-08ff22f0b571: 22 groups; 1.1 s; peak memory 1345 MiB.
2026-10-08T20:27:55Z INFO [540/900] 7769b9c3-ae87-4ea7-9c81-03f1ff4b4c46: 16 groups; 1.0 s; peak memory 1345 MiB.
2026-10-08T20:27:56Z INFO [541/900] 776a0e9f-abba-40b7-9b27-e90c55597ce1: 22 groups; 1.3 s; peak memory 1345 MiB.
2026-10-08T20:27:59Z INFO [542/900] 776a1326-dec5-47bd-947e-25867a9e87be: 54 groups; 2.8 s; peak memory 1345 MiB.
2026-10-08T20:28:01Z INFO [543/900] 776a36c5-01f3-4576-8a68-734102da30bb: 341 groups; 2.3 s; peak memory 1345 MiB.
2026-10-08T20:28:03Z INFO [544/900] 776a67ec-2dc4-4160-85ce-5af31264906b: 29 groups; 1.7 s; peak memory 1345 MiB.
2026-10-08T20:28:04Z INFO [545/900] 776ae878-b9b6-416d-a5ea-cfe5056298a4: 32 groups; 1.5 s; peak memory 1345 MiB.
2026-10-08T20:28:05Z INFO [546/900] 776b6274-187a-4524-94b7-6389af40517d: 18 groups; 1.0 s; peak memory 1345 MiB.
2026-10-08T20:28:07Z INFO [547/900] 776bd938-028e-4cf4-b04e-4680a1b3f2ff: 42 groups; 1.9 s; peak memory 1345 MiB.
2026-10-08T20:28:09Z INFO [548/900] 776ca597-684c-4168-8606-df5cc004be28: 22 groups; 1.4 s; peak memory 1345 MiB.
2026-10-08T20:28:10Z INFO [549/900] 776cfa8d-e627-4ff5-9938-04c9f8c984f7: 16 groups; 0.9 s; peak memory 1345 MiB.
2026-10-08T20:28:11Z INFO [550/900] 776d3aed-2f1b-4878-b812-b815110743be: 18 groups; 1.1 s; peak memory 1345 MiB.
2026-10-08T20:28:11Z INFO [550/900] 776d3aed-2f1b-4878-b812-b815110743be: checkpointed 104486 new records.
2026-10-08T20:28:12Z INFO [551/900] 776dc065-d5ee-47fd-bc2a-9a3afc456e4f: 33 groups; 1.4 s; peak memory 1345 MiB.
2026-10-08T20:28:14Z INFO [552/900] 776eca78-4ae6-4d2e-bcd8-1204d18f950a: 32 groups; 1.5 s; peak memory 1345 MiB.
2026-10-08T20:28:22Z INFO [553/900] 776f0e4a-d12c-48b4-af5f-0663f8636d27: 34 groups; 8.7 s; peak memory 1345 MiB.
2026-10-08T20:28:24Z INFO [554/900] 776f19ed-add4-4662-9770-7548127810d9: 35 groups; 2.0 s; peak memory 1345 MiB.
2026-10-08T20:28:26Z INFO [555/900] 776f2016-dadf-4d8f-8411-ca11002a0c0e: 22 groups; 1.4 s; peak memory 1345 MiB.
2026-10-08T20:28:28Z INFO [556/900] 776f4f86-82bc-438d-b479-71b42d766d90: 35 groups; 1.7 s; peak memory 1345 MiB.
2026-10-08T20:28:30Z INFO [557/900] 776fda63-253e-4d2d-80eb-65017d8ca54f: 48 groups; 2.7 s; peak memory 1345 MiB.
2026-10-08T20:28:34Z INFO [558/900] 7771082b-1b39-4e97-9656-93abfbdeb13c: 33 groups; 4.1 s; peak memory 1345 MiB.
2026-10-08T20:28:37Z INFO [559/900] 77718df8-466d-4aef-b399-9e82fab5e321: 35 groups; 2.3 s; peak memory 1345 MiB.
2026-10-08T20:28:40Z INFO [560/900] 7771db96-58dc-41d1-bbd1-783810309175: 48 groups; 3.1 s; peak memory 1345 MiB.
2026-10-08T20:28:45Z INFO [561/900] 7773117e-ce4d-44cc-bf1e-dbb2992600af: 110 groups; 5.4 s; peak memory 1345 MiB.
2026-10-08T20:28:47Z INFO [562/900] 77731ef7-44c4-44f3-9e8f-db3382080c97: 108 groups; 1.7 s; peak memory 1345 MiB.
2026-10-08T20:28:48Z INFO [563/900] 777339f1-d842-4ddc-a0e1-d42b938055f6: 253 groups; 1.5 s; peak memory 1345 MiB.
2026-10-08T20:33:51Z INFO [564/900] 77734288-51f6-4f79-815a-1e5f2e489d40: 73 groups; 302.8 s; peak memory 1345 MiB.
2026-10-08T20:33:53Z INFO [565/900] 7773775d-341a-490c-a5b3-63d53304d3af: 32 groups; 1.5 s; peak memory 1345 MiB.
2026-10-08T20:33:55Z INFO [566/900] 77738760-1849-4160-aa1a-a025ed3dbcda: 32 groups; 1.9 s; peak memory 1345 MiB.
2026-10-08T20:33:56Z INFO [567/900] 7773e4bb-6100-4407-bc4c-54dd897b6d15: 22 groups; 1.2 s; peak memory 1345 MiB.
2026-10-08T20:34:02Z INFO [568/900] 7773ffd1-5726-406c-a41a-01323e0ec8ea: 68 groups; 5.7 s; peak memory 1345 MiB.
2026-10-08T20:34:03Z INFO [569/900] 77742e1e-9dc4-4cd6-b6f1-f93a9b200b87: 22 groups; 1.4 s; peak memory 1345 MiB.
2026-10-08T20:34:05Z INFO [570/900] 77745d46-83ac-49ba-8248-8366f3115626: 29 groups; 1.6 s; peak memory 1345 MiB.
2026-10-08T20:34:06Z INFO [571/900] 7776424f-da89-41af-a6c7-9b6453b5d73f: 22 groups; 1.4 s; peak memory 1345 MiB.
2026-10-08T20:34:07Z INFO [572/900] 77773db6-130f-4ed3-bf57-af40c54e7ccd: 22 groups; 1.4 s; peak memory 1345 MiB.
2026-10-08T20:34:08Z INFO [573/900] 77778dda-ffb1-4055-8bc1-dda9292392ce: 16 groups; 1.0 s; peak memory 1345 MiB.
2026-10-08T20:34:10Z INFO [574/900] 77779318-1a38-44f6-8eb4-96537cd357b2: 32 groups; 1.5 s; peak memory 1345 MiB.
2026-10-08T20:34:12Z INFO [575/900] 7777b756-2481-473b-9946-307dee167d02: 35 groups; 1.8 s; peak memory 1345 MiB.
2026-10-08T20:36:57Z INFO [576/900] 7778275e-6a54-495a-bb66-a1e9ead76dfa: 60 groups; 165.3 s; peak memory 1345 MiB.
2026-10-08T20:36:59Z INFO [577/900] 7778ee4b-edd5-4f22-86f6-7b171c847538: 196 groups; 1.9 s; peak memory 1345 MiB.
2026-10-08T20:37:01Z INFO [578/900] 7779412e-841a-460b-ba95-b634cd49fd75: 32 groups; 1.8 s; peak memory 1345 MiB.
2026-10-08T20:37:13Z INFO [579/900] 77796f43-b091-4b3e-a8f9-2620634657ab: 63 groups; 12.8 s; peak memory 1345 MiB.
2026-10-08T20:37:15Z INFO [580/900] 7779c5f3-f798-4874-aaf5-627d2fb5e7c8: 35 groups; 1.7 s; peak memory 1345 MiB.
2026-10-08T20:37:16Z INFO [581/900] 7779e263-21c6-435c-80f6-d782da42fe12: 28 groups; 1.3 s; peak memory 1345 MiB.
2026-10-08T20:37:18Z INFO [582/900] 777a1e5f-629d-4d98-88b2-7446e5cf7d80: 35 groups; 1.7 s; peak memory 1345 MiB.
2026-10-08T20:37:22Z INFO [583/900] 777a2ff9-29e9-4cd1-b90b-e305252189d1: 50 groups; 3.6 s; peak memory 1345 MiB.
2026-10-08T20:37:23Z INFO [584/900] 777ae015-4236-40bf-82cf-1eabddd54252: 32 groups; 1.4 s; peak memory 1345 MiB.
2026-10-08T20:37:25Z INFO [585/900] 777aef21-f9be-43cf-ac4f-0f108c84e5b1: 49 groups; 2.3 s; peak memory 1345 MiB.
2026-10-08T20:37:29Z INFO [586/900] 777b2ff2-2293-4e21-9c77-0b15ac04f00a: 48 groups; 3.2 s; peak memory 1345 MiB.
2026-10-08T20:37:50Z INFO [587/900] 777b6a41-3e9a-477a-a0ab-953c385319aa: 347 groups; 21.9 s; peak memory 1345 MiB.
2026-10-08T20:40:54Z INFO [588/900] 777c03f5-c9b3-461a-9e96-797aa5ddc2f1: 77 groups; 183.0 s; peak memory 1345 MiB.
2026-10-08T20:40:55Z INFO [589/900] 777ca322-f9b3-41f7-a20c-97c4cdffe5fd: 22 groups; 1.4 s; peak memory 1345 MiB.
2026-10-08T20:41:09Z INFO [590/900] 777d35a5-614c-4dee-8166-40e8d55c6b8c: 196 groups; 14.5 s; peak memory 1345 MiB.
2026-10-08T20:41:23Z INFO [591/900] 777de237-b6bc-40b7-b47e-ff894dd1f2d9: 68 groups; 13.6 s; peak memory 1345 MiB.
2026-10-08T20:41:26Z INFO [592/900] 777de30f-4a79-4fba-8481-0c3573c4deea: 55 groups; 2.9 s; peak memory 1345 MiB.
2026-10-08T20:41:28Z INFO [593/900] 777dfeb2-a274-4e00-8036-a76681aecaec: 35 groups; 2.2 s; peak memory 1345 MiB.
2026-10-08T20:41:30Z INFO [594/900] 777e2207-dc9e-4c0f-8620-11f3b21d0e88: 22 groups; 1.5 s; peak memory 1345 MiB.
2026-10-08T20:41:31Z INFO [595/900] 777e4c77-ae71-457d-8f44-d2c0bb4ebd50: 199 groups; 1.8 s; peak memory 1345 MiB.
2026-10-08T20:41:46Z INFO [596/900] 777f87b6-b1b0-4022-98fb-d1883400f112: 224 groups; 15.0 s; peak memory 1345 MiB.
2026-10-08T20:41:48Z INFO [597/900] 777fbfe0-42a3-4f86-b3fe-3edca69bf9f9: 40 groups; 2.0 s; peak memory 1345 MiB.
2026-10-08T20:41:50Z INFO [598/900] 777fec0e-4256-40aa-ba72-cbf7106b77ed: 42 groups; 1.9 s; peak memory 1345 MiB.
2026-10-08T20:41:52Z INFO [599/900] 77800b77-b6fa-4e86-9409-fe8f6890db18: 22 groups; 1.4 s; peak memory 1345 MiB.
2026-10-08T20:41:53Z INFO [600/900] 77813398-bcea-44ea-b8fc-4d504b1962c3: 22 groups; 1.3 s; peak memory 1345 MiB.
2026-10-08T20:41:53Z INFO [600/900] 77813398-bcea-44ea-b8fc-4d504b1962c3: checkpointed 104536 new records.
2026-10-08T20:41:55Z INFO [601/900] 7781dd90-161e-464f-9931-c2a934cdbcf9: 25 groups; 1.3 s; peak memory 1345 MiB.
2026-10-08T20:42:01Z INFO [602/900] 77821711-1a65-4dae-b4d6-ee5c190ff54a: 73 groups; 6.1 s; peak memory 1345 MiB.
2026-10-08T20:42:02Z INFO [603/900] 7782eabe-4a5b-49fa-9e0e-9c6dc7e11697: 22 groups; 1.5 s; peak memory 1345 MiB.
2026-10-08T20:42:04Z INFO [604/900] 778367dd-cde3-48a9-9a14-331e8f2a2837: 32 groups; 1.6 s; peak memory 1345 MiB.
2026-10-08T20:42:05Z INFO [605/900] 77837f7a-dde8-453d-bd42-b2f2ea09964a: 253 groups; 1.5 s; peak memory 1345 MiB.
2026-10-08T20:42:14Z INFO [606/900] 7783af79-d3ce-4fc1-a81b-12fe516baead: 17 groups; 8.7 s; peak memory 1345 MiB.
2026-10-08T20:42:16Z INFO [607/900] 77850772-56c4-4829-9925-ae88d464183d: 202 groups; 1.9 s; peak memory 1345 MiB.
2026-10-08T20:42:17Z INFO [608/900] 77855463-8033-47b2-944f-e622d3869e21: 22 groups; 1.4 s; peak memory 1345 MiB.
2026-10-08T20:42:21Z INFO [609/900] 77855675-e34b-4ffe-abaf-8b215ee12713: 48 groups; 3.3 s; peak memory 1345 MiB.
2026-10-08T20:42:22Z INFO [610/900] 77859ae4-03bc-458a-a290-52c36057a6dc: 22 groups; 1.4 s; peak memory 1345 MiB.
2026-10-08T20:43:10Z INFO [611/900] 7785df5b-1053-466f-b372-df38128eb581: 26 groups; 47.4 s; peak memory 1345 MiB.
2026-10-08T20:43:17Z INFO [612/900] 7785f1f2-d638-4af0-a757-9c3cc6f5020e: 66 groups; 7.2 s; peak memory 1345 MiB.
2026-10-08T20:43:18Z INFO [613/900] 7785f3cd-292d-43af-b1c8-cf383e7ed64b: 35 groups; 1.3 s; peak memory 1345 MiB.
2026-10-08T20:43:20Z INFO [614/900] 77860314-f54c-41f8-8b27-0391cb7d6160: 22 groups; 1.6 s; peak memory 1345 MiB.
2026-10-08T20:43:22Z INFO [615/900] 77861bc6-8cb8-4123-b4ed-09b2ca31f971: 37 groups; 2.6 s; peak memory 1345 MiB.
2026-10-08T20:43:23Z INFO [616/900] 778630e8-fe8b-4a9d-a8ce-d3c6c633e154: 24 groups; 1.3 s; peak memory 1345 MiB.
2026-10-08T20:43:25Z INFO [617/900] 77878583-37f7-4ae3-b90b-f3d00909c3bb: 21 groups; 1.5 s; peak memory 1345 MiB.
2026-10-08T20:43:51Z INFO [618/900] 7787c215-2b10-4e69-9b9b-2eea06e986c2: 245 groups; 26.6 s; peak memory 1345 MiB.
2026-10-08T20:43:54Z INFO [619/900] 77889775-b8ee-488b-9dd6-28f6dd7820ca: 202 groups; 2.1 s; peak memory 1345 MiB.
2026-10-08T20:43:55Z INFO [620/900] 77889b18-344b-4e55-acde-2cbf54878b1e: 254 groups; 1.5 s; peak memory 1345 MiB.
2026-10-08T20:43:57Z INFO [621/900] 7788a8f6-2ff2-40f1-8fd1-31079ef9b0ca: 34 groups; 1.8 s; peak memory 1345 MiB.
2026-10-08T20:43:59Z INFO [622/900] 7788cbb6-eb93-4bfc-b5d7-e944b63a2998: 336 groups; 2.6 s; peak memory 1345 MiB.
2026-10-08T20:44:01Z INFO [623/900] 778912dd-6f49-4190-ab4d-5a60e81e90bc: 35 groups; 1.6 s; peak memory 1345 MiB.
2026-10-08T20:44:02Z INFO [624/900] 7789715f-c8f9-4071-9520-4b139133ef7d: 22 groups; 1.3 s; peak memory 1345 MiB.
2026-10-08T20:44:03Z INFO [625/900] 77897899-ac84-4531-a847-e20a33200faf: 18 groups; 1.0 s; peak memory 1345 MiB.
2026-10-08T20:44:05Z INFO [626/900] 7789b99f-8003-4110-87da-7cc609bb370d: 336 groups; 2.1 s; peak memory 1345 MiB.
2026-10-08T20:44:07Z INFO [627/900] 778afd77-4136-4199-b9b2-4dce2ae101bc: 22 groups; 1.3 s; peak memory 1345 MiB.
2026-10-08T20:44:08Z INFO [628/900] 778c188c-39b8-4f7d-9f7b-802f8d3c867f: 22 groups; 1.4 s; peak memory 1345 MiB.
2026-10-08T20:44:10Z INFO [629/900] 778c3167-0cc5-4e65-89e6-d127e8cc22d9: 256 groups; 1.6 s; peak memory 1345 MiB.
2026-10-08T20:44:11Z INFO [630/900] 778c47b1-5fa9-4bfa-b9e7-01245fcb18e4: 196 groups; 1.6 s; peak memory 1345 MiB.
2026-10-08T20:44:24Z INFO [631/900] 778dd961-a82c-42c5-b900-14fdeea2c03c: 184 groups; 13.0 s; peak memory 1345 MiB.
2026-10-08T20:44:30Z INFO [632/900] 778e054c-343b-47a2-9547-34eb0a03ada6: 73 groups; 5.7 s; peak memory 1345 MiB.
2026-10-08T20:44:32Z INFO [633/900] 778e6d75-4887-4b8d-8978-de3f3c26c3fe: 32 groups; 1.7 s; peak memory 1345 MiB.
2026-10-08T20:44:35Z INFO [634/900] 778efffe-56b6-4b2a-ae3c-2c1b294771af: 48 groups; 3.2 s; peak memory 1345 MiB.
2026-10-08T20:44:36Z INFO [635/900] 778f5a06-c742-439b-9522-787700c7a450: 31 groups; 1.2 s; peak memory 1345 MiB.
2026-10-08T20:44:46Z INFO [636/900] 778faecc-f9b4-490c-a4f1-ce8c9d24298e: 68 groups; 9.6 s; peak memory 1345 MiB.
2026-10-08T20:44:48Z INFO [637/900] 7790c815-175e-40b4-a0a5-8b5006258a71: 25 groups; 1.9 s; peak memory 1345 MiB.
2026-10-08T20:44:49Z INFO [638/900] 77911f8a-1401-418a-b7c3-a88325690160: 22 groups; 1.2 s; peak memory 1345 MiB.
2026-10-08T20:44:50Z INFO [639/900] 7791380c-5672-4053-a752-e73bc069afd2: 22 groups; 1.5 s; peak memory 1345 MiB.
2026-10-08T20:44:52Z INFO [640/900] 77916ff0-c831-4844-910a-ca9075012ae6: 22 groups; 1.4 s; peak memory 1345 MiB.
2026-10-08T20:45:19Z INFO [641/900] 7791a226-aab0-45f9-ac7f-66005d3980f3: 23 groups; 27.0 s; peak memory 1345 MiB.
2026-10-08T20:45:22Z INFO [642/900] 7791f195-a032-4efe-a821-83150dc563b7: 48 groups; 3.0 s; peak memory 1345 MiB.
2026-10-08T20:45:23Z INFO [643/900] 77926699-844f-4f8c-8982-ada59ed1ebdf: 27 groups; 1.3 s; peak memory 1345 MiB.
2026-10-08T20:45:25Z INFO [644/900] 7793cd34-f2d6-4ec7-bdb7-a6e6dd5b6245: 34 groups; 2.1 s; peak memory 1345 MiB.
2026-10-08T20:45:27Z INFO [645/900] 7793f5df-c348-476d-9b89-122c62fb9355: 22 groups; 1.3 s; peak memory 1345 MiB.
2026-10-08T20:45:39Z INFO [646/900] 779489e7-54c8-4d01-85eb-b2dc76a7bc3c: 171 groups; 12.7 s; peak memory 1345 MiB.
2026-10-08T20:45:41Z INFO [647/900] 7794f4bf-6dd7-49e3-9e73-6fba39079a9e: 22 groups; 1.4 s; peak memory 1345 MiB.
2026-10-08T20:45:42Z INFO [648/900] 779590f1-14a2-473e-94a9-8cae98de2e0f: 22 groups; 1.4 s; peak memory 1345 MiB.
2026-10-08T20:45:43Z INFO [649/900] 7795b64c-ac77-4075-8ace-89445636c45f: 17 groups; 1.1 s; peak memory 1345 MiB.
2026-10-08T20:45:44Z INFO [650/900] 7795f939-5f9b-4181-8edb-6173060a85fc: 16 groups; 1.0 s; peak memory 1345 MiB.
2026-10-08T20:45:44Z INFO [650/900] 7795f939-5f9b-4181-8edb-6173060a85fc: checkpointed 104586 new records.
2026-10-08T20:45:55Z INFO [651/900] 77961c20-22be-4bf3-92a9-b632020b80ba: 27 groups; 10.6 s; peak memory 1345 MiB.
2026-10-08T20:45:56Z INFO [652/900] 77962366-231c-4527-8ebc-73b88182cabd: 22 groups; 1.4 s; peak memory 1345 MiB.
2026-10-08T20:45:58Z INFO [653/900] 7797a9ed-ff93-42a5-8fe6-4e2e7f14fccd: 22 groups; 1.4 s; peak memory 1345 MiB.
2026-10-08T20:46:00Z INFO [654/900] 7797db22-c7f3-4e06-8806-7eba188ecf6a: 99 groups; 1.8 s; peak memory 1345 MiB.
2026-10-08T20:46:01Z INFO [655/900] 779892f5-0ab7-4f10-a948-a20e823910a4: 31 groups; 1.3 s; peak memory 1345 MiB.
2026-10-08T20:46:03Z INFO [656/900] 7798f539-b9d7-4a13-8255-59ad1c0a4a28: 29 groups; 1.7 s; peak memory 1345 MiB.
2026-10-08T20:46:07Z INFO [657/900] 7799162f-f298-4024-91f0-287dd2f5f51a: 47 groups; 4.2 s; peak memory 1345 MiB.
2026-10-08T20:46:08Z INFO [658/900] 77993ef8-2777-4a38-a89d-4b1632fc1ae6: 32 groups; 1.7 s; peak memory 1345 MiB.
2026-10-08T20:46:10Z INFO [659/900] 779a4048-a15c-4d6d-b322-beb0ddab69b8: 253 groups; 1.9 s; peak memory 1345 MiB.
2026-10-08T20:46:13Z INFO [660/900] 779a7b50-2e2f-40f3-8d5f-a315e288a320: 341 groups; 2.3 s; peak memory 1345 MiB.
2026-10-08T20:46:14Z INFO [661/900] 779a889c-91ee-4104-8a61-131393f0fae1: 22 groups; 1.5 s; peak memory 1345 MiB.
2026-10-08T20:46:16Z INFO [662/900] 779afef8-cfc6-4bf7-970d-671be0501e7f: 22 groups; 1.5 s; peak memory 1345 MiB.
2026-10-08T20:46:18Z INFO [663/900] 779b2022-519e-437f-86d6-1ac6db1d036f: 259 groups; 2.1 s; peak memory 1345 MiB.
2026-10-08T20:46:20Z INFO [664/900] 779b2782-20ff-489e-9833-a31f7871428e: 195 groups; 2.6 s; peak memory 1345 MiB.
2026-10-08T20:46:22Z INFO [665/900] 779ba80c-a34e-4537-8c50-2061525a5cd5: 22 groups; 1.3 s; peak memory 1345 MiB.
2026-10-08T20:46:31Z INFO [666/900] 779bf95a-682e-4221-8bbf-84ca51c1da99: 199 groups; 9.2 s; peak memory 1345 MiB.
2026-10-08T20:46:33Z INFO [667/900] 779c9331-093f-4f18-b492-a49e4a87c7aa: 36 groups; 1.7 s; peak memory 1345 MiB.
2026-10-08T20:46:42Z INFO [668/900] 779f9f72-d509-4066-b86f-99539532aa6b: 3883 groups; 9.1 s; peak memory 1345 MiB.
2026-10-08T20:46:43Z INFO [669/900] 77a04e2f-5b7f-4cd5-8b8b-514e9bb00520: 32 groups; 1.6 s; peak memory 1345 MiB.
2026-10-08T20:46:57Z INFO [670/900] 77a05244-ac0b-453b-a023-ca65bf9aaf61: 78 groups; 14.3 s; peak memory 1345 MiB.
2026-10-08T20:47:12Z INFO [671/900] 77a0d2db-b0d9-4c9f-b1a9-902673eccda0: 319 groups; 14.8 s; peak memory 1345 MiB.
2026-10-08T20:47:13Z INFO [672/900] 77a0e4a3-ae99-4234-9d8d-5e96c043b93a: 30 groups; 1.1 s; peak memory 1345 MiB.
2026-10-08T20:47:15Z INFO [673/900] 77a144ec-656d-4747-b7df-c493b4df5352: 35 groups; 1.6 s; peak memory 1345 MiB.
2026-10-08T20:47:24Z INFO [674/900] 77a189c7-eb35-4069-bea4-ea2edeee0fe5: 34 groups; 9.5 s; peak memory 1345 MiB.
2026-10-08T20:47:26Z INFO [675/900] 77a1d51c-3bd4-41b0-a446-88aa660b8698: 28 groups; 1.5 s; peak memory 1345 MiB.
2026-10-08T20:47:27Z INFO [676/900] 77a2194b-b9d2-48f0-aafb-1b519f83dd01: 22 groups; 1.4 s; peak memory 1345 MiB.
2026-10-08T20:47:29Z INFO [677/900] 77a256e0-dd96-4b60-81b4-f543f816eaf8: 22 groups; 1.4 s; peak memory 1345 MiB.
2026-10-08T20:47:30Z INFO [678/900] 77a2dc90-cf02-4def-8f4d-28cb1a4de18e: 32 groups; 1.6 s; peak memory 1345 MiB.
2026-10-08T20:47:31Z INFO [679/900] 77a3518b-89b4-42c9-bd64-a4c973f79bcc: 22 groups; 1.3 s; peak memory 1345 MiB.
2026-10-08T20:47:35Z INFO [680/900] 77a3beda-f06c-446e-a211-9dd943841c3f: 61 groups; 3.5 s; peak memory 1345 MiB.
2026-10-08T20:50:24Z INFO [681/900] 77a43e8a-d029-43ce-b4eb-463ceb83ba92: 89 groups; 168.7 s; peak memory 1345 MiB.
2026-10-08T20:50:25Z INFO [682/900] 77a4ef1e-5e98-42de-b792-2e744fd153fa: 31 groups; 1.3 s; peak memory 1345 MiB.
2026-10-08T20:50:27Z INFO [683/900] 77a5fa11-d68c-4dbf-9bad-5ade1deacf13: 35 groups; 1.8 s; peak memory 1345 MiB.
2026-10-08T20:50:28Z INFO [684/900] 77a689d8-76b0-4551-8f07-98b09764426a: 22 groups; 1.3 s; peak memory 1345 MiB.
2026-10-08T20:50:29Z INFO [685/900] 77a7607b-1b21-4055-89c2-939fa0d72803: 22 groups; 1.4 s; peak memory 1345 MiB.
2026-10-08T20:50:31Z INFO [686/900] 77a8706c-53b6-45b5-9a2d-b312c6731c87: 22 groups; 1.4 s; peak memory 1345 MiB.
2026-10-08T20:50:32Z INFO [687/900] 77a897f8-fd50-4c33-b1f3-fbe5f954c212: 16 groups; 1.2 s; peak memory 1345 MiB.
2026-10-08T20:50:33Z INFO [688/900] 77a8a01e-f5bf-443c-a1e7-dc9d1ab99152: 26 groups; 1.1 s; peak memory 1345 MiB.
2026-10-08T20:50:35Z INFO [689/900] 77a93520-7c48-4ae6-86a0-ca5531c3401d: 28 groups; 1.4 s; peak memory 1345 MiB.
2026-10-08T20:50:37Z INFO [690/900] 77a99d27-c0a3-49d1-92d9-c32d749ebcf2: 35 groups; 2.1 s; peak memory 1345 MiB.
2026-10-08T20:50:54Z INFO [691/900] 77aa8a8d-2e6b-4641-9ff4-613917b219e9: 210 groups; 17.6 s; peak memory 1345 MiB.
2026-10-08T20:50:56Z INFO [692/900] 77aaf2c2-0356-431e-8f4a-652c2475826f: 25 groups; 1.4 s; peak memory 1345 MiB.
2026-10-08T20:50:58Z INFO [693/900] 77ab6cbb-358e-43df-8cc4-a0e8d0506d5c: 31 groups; 2.0 s; peak memory 1345 MiB.
2026-10-08T20:50:59Z INFO [694/900] 77abc09f-e970-48c7-8056-6b44f9d8654b: 18 groups; 1.1 s; peak memory 1345 MiB.
2026-10-08T20:51:01Z INFO [695/900] 77acb42e-d791-4987-8ff1-f4be7b5080d9: 35 groups; 1.8 s; peak memory 1345 MiB.
2026-10-08T20:51:02Z INFO [696/900] 77ace434-3b07-4b00-8a8a-1c434f3b45a5: 33 groups; 1.4 s; peak memory 1345 MiB.
2026-10-08T20:51:03Z INFO [697/900] 77acf426-6799-42c8-8f50-e46a21ad1d6d: 22 groups; 1.3 s; peak memory 1345 MiB.
2026-10-08T20:51:05Z INFO [698/900] 77ad408e-0dda-411d-9e02-c939f136f168: 32 groups; 1.4 s; peak memory 1345 MiB.
2026-10-08T20:51:06Z INFO [699/900] 77ad6807-99e5-4d7b-9a5a-c7ddbe39184f: 22 groups; 1.3 s; peak memory 1345 MiB.
2026-10-08T20:51:08Z INFO [700/900] 77ad6997-1bfa-46f3-830d-59c2a173b9d6: 42 groups; 1.9 s; peak memory 1345 MiB.
2026-10-08T20:51:08Z INFO [700/900] 77ad6997-1bfa-46f3-830d-59c2a173b9d6: checkpointed 104636 new records.
2026-10-08T20:51:10Z INFO [701/900] 77af8b64-954b-4050-9d23-6e68e73a2e03: 32 groups; 1.5 s; peak memory 1345 MiB.
2026-10-08T20:51:13Z INFO [702/900] 77b14bd5-41e5-4fbe-94cf-3a9b978fca01: 48 groups; 3.2 s; peak memory 1345 MiB.
2026-10-08T20:51:16Z INFO [703/900] 77b183c4-ec32-4e31-9672-b1e64eaac807: 44 groups; 3.5 s; peak memory 1345 MiB.
2026-10-08T20:51:18Z INFO [704/900] 77b21477-1a05-4814-8253-8193d2417933: 35 groups; 1.8 s; peak memory 1345 MiB.
2026-10-08T20:51:19Z INFO [705/900] 77b26a6b-fb0a-4a74-881c-34c1adc4f23d: 18 groups; 1.1 s; peak memory 1345 MiB.
2026-10-08T20:51:33Z INFO [706/900] 77b278a1-a177-4b46-8922-8e1482422307: 1054 groups; 13.7 s; peak memory 1345 MiB.
2026-10-08T20:51:34Z INFO [707/900] 77b33a6b-fbca-4e90-9c23-e1fc0b73b60b: 22 groups; 1.3 s; peak memory 1345 MiB.
2026-10-08T20:51:56Z INFO [708/900] 77b42a1b-b90b-477c-8bd2-a8816da2c742: 155 groups; 22.1 s; peak memory 1345 MiB.
2026-10-08T20:51:58Z INFO [709/900] 77b48624-f495-49fa-a7f5-c6faa25b96d4: 35 groups; 1.8 s; peak memory 1345 MiB.
2026-10-08T20:51:59Z INFO [710/900] 77b5bc41-4d54-4398-93c6-0f801a66cdca: 24 groups; 1.2 s; peak memory 1345 MiB.
2026-10-08T20:52:00Z INFO [711/900] 77b67c13-7f32-43bc-8b4d-d083db69e28d: 22 groups; 1.4 s; peak memory 1345 MiB.
2026-10-08T20:52:02Z INFO [712/900] 77b6bebb-9442-4e7d-9aa4-dd8930f1e694: 337 groups; 2.0 s; peak memory 1345 MiB.
2026-10-08T20:52:06Z INFO [713/900] 77b6c626-8350-47bc-8305-63f9c7c821a1: 50 groups; 3.7 s; peak memory 1345 MiB.
2026-10-08T20:52:08Z INFO [714/900] 77b6d0d1-bad9-4da6-b611-aeb52f44d160: 22 groups; 1.4 s; peak memory 1345 MiB.
2026-10-08T20:52:09Z INFO [715/900] 77b87ada-78da-4aa2-a3cf-a220baa0c5af: 22 groups; 1.4 s; peak memory 1345 MiB.
2026-10-08T20:54:49Z INFO [716/900] 77b8edc8-97ae-49f1-b7aa-dcd5dc97ebd1: 60 groups; 159.8 s; peak memory 1345 MiB.
2026-10-08T20:55:16Z INFO [717/900] 77b9706c-4527-489e-bb05-7fac707df009: 27 groups; 27.1 s; peak memory 1345 MiB.
2026-10-08T20:55:18Z INFO [718/900] 77b982a3-7e7d-4e38-9c2e-1d0ff5c3546a: 32 groups; 1.8 s; peak memory 1345 MiB.
2026-10-08T20:55:20Z INFO [719/900] 77b9f6ca-83a0-49a1-a8ff-5d356d41f0b6: 35 groups; 1.9 s; peak memory 1345 MiB.
2026-10-08T20:55:21Z INFO [720/900] 77ba479d-0fa7-4a51-9a15-f31a5da20cd6: 22 groups; 1.4 s; peak memory 1345 MiB.
2026-10-08T20:55:22Z INFO [721/900] 77ba6546-51db-4f59-88ab-e1f53e6c17d7: 22 groups; 1.4 s; peak memory 1345 MiB.
2026-10-08T20:55:23Z INFO [722/900] 77bad4bc-6caa-4225-a2af-547e347783c7: 17 groups; 0.9 s; peak memory 1345 MiB.
2026-10-08T20:55:25Z INFO [723/900] 77bc7527-31bb-45c1-b169-ce0cfdd487eb: 32 groups; 1.8 s; peak memory 1345 MiB.
2026-10-08T20:55:26Z INFO [724/900] 77bc8f9e-6936-450d-9c29-0be61f0427d3: 17 groups; 1.1 s; peak memory 1345 MiB.
2026-10-08T20:55:28Z INFO [725/900] 77bca852-3eff-486a-a04f-2f8b44ab7f19: 22 groups; 1.3 s; peak memory 1345 MiB.
2026-10-08T20:55:30Z INFO [726/900] 77bce1b2-912b-4570-9a33-cf47e319bf5a: 207 groups; 2.5 s; peak memory 1345 MiB.
2026-10-08T20:55:32Z INFO [727/900] 77bd07a6-2099-4e10-abd9-c7912efc0426: 49 groups; 2.3 s; peak memory 1345 MiB.
2026-10-08T20:55:34Z INFO [728/900] 77bd412e-e46e-4b09-9f0a-03253d7257a9: 32 groups; 1.5 s; peak memory 1345 MiB.
2026-10-08T20:55:36Z INFO [729/900] 77bd6357-be77-48d1-87fa-d7665d5f2616: 32 groups; 1.9 s; peak memory 1345 MiB.
2026-10-08T20:55:37Z INFO [730/900] 77bdf76e-7584-48c0-86b4-92152c4e1d1b: 33 groups; 1.7 s; peak memory 1345 MiB.
2026-10-08T20:55:39Z INFO [731/900] 77be50d9-4d9f-423a-b0ba-25f17ba17371: 22 groups; 1.3 s; peak memory 1345 MiB.
2026-10-08T20:55:45Z INFO [732/900] 77beefc8-dc5c-4ff5-9b4e-21b147460a91: 78 groups; 5.8 s; peak memory 1345 MiB.
2026-10-08T20:55:46Z INFO [733/900] 77bf232c-1d07-4d02-92b2-c290bd3c5eb1: 29 groups; 1.4 s; peak memory 1345 MiB.
2026-10-08T20:55:47Z INFO [734/900] 77bfc18a-60f6-464e-973c-332f6a6696c4: 22 groups; 1.3 s; peak memory 1345 MiB.
2026-10-08T20:56:47Z INFO [735/900] 77bfe7d7-ee6f-4060-999d-7167184dbc61: 26 groups; 59.5 s; peak memory 1345 MiB.
2026-10-08T20:56:55Z INFO [736/900] 77c02ce0-5c58-4f8b-82d2-682eef35ad1d: 193 groups; 8.5 s; peak memory 1345 MiB.
2026-10-08T20:57:00Z INFO [737/900] 77c033f1-693b-4498-ad46-d0e88c2caaac: 104 groups; 4.9 s; peak memory 1345 MiB.
2026-10-08T20:57:03Z INFO [738/900] 77c04e60-610c-495b-b902-a7d90b7b79cb: 338 groups; 2.7 s; peak memory 1345 MiB.
2026-10-08T20:57:04Z INFO [739/900] 77c097d4-e9ce-4477-9e04-d4ba4626cbe9: 22 groups; 1.4 s; peak memory 1345 MiB.
2026-10-08T20:57:05Z INFO [740/900] 77c11b84-4228-4402-a1b9-de4af44ea91c: 24 groups; 1.2 s; peak memory 1345 MiB.
2026-10-08T20:57:07Z INFO [741/900] 77c25b41-8618-41f6-8cd8-fafc77211cfd: 28 groups; 1.3 s; peak memory 1345 MiB.
2026-10-08T20:57:12Z INFO [742/900] 77c2a953-0809-49ac-b0f7-4bd6e12d07ba: 78 groups; 5.8 s; peak memory 1345 MiB.
2026-10-08T20:57:14Z INFO [743/900] 77c2e799-e0fc-49a8-96aa-aa2f1c27dbe1: 18 groups; 1.1 s; peak memory 1345 MiB.
2026-10-08T20:57:15Z INFO [744/900] 77c2e816-4062-4d77-a13b-037ce3984391: 32 groups; 1.9 s; peak memory 1345 MiB.
2026-10-08T20:57:27Z INFO [745/900] 77c5f1ff-34b0-451b-b02f-a83b75771c28: 110 groups; 11.5 s; peak memory 1345 MiB.
2026-10-08T20:57:29Z INFO [746/900] 77c61aa8-24c5-4305-a5e5-5912a9fec805: 337 groups; 2.0 s; peak memory 1345 MiB.
2026-10-08T20:57:31Z INFO [747/900] 77c63ec1-f6a5-4da4-8345-d4947064e184: 202 groups; 2.1 s; peak memory 1345 MiB.
2026-10-08T20:57:40Z INFO [748/900] 77c706be-bb83-43c2-943d-16fa9d5c3fdd: 298 groups; 8.8 s; peak memory 1345 MiB.
2026-10-08T20:57:41Z INFO [749/900] 77c77c69-9a99-4372-83f1-9cce0c553f46: 22 groups; 1.3 s; peak memory 1345 MiB.
2026-10-08T20:57:42Z INFO [750/900] 77c7929e-91ef-4247-8446-caf5608511e3: 18 groups; 1.0 s; peak memory 1345 MiB.
2026-10-08T20:57:42Z INFO [750/900] 77c7929e-91ef-4247-8446-caf5608511e3: checkpointed 104686 new records.
2026-10-08T20:57:44Z INFO [751/900] 77c7fe2a-7406-49ef-a5c1-d3a69c21a6c1: 32 groups; 1.4 s; peak memory 1345 MiB.
2026-10-08T20:57:49Z INFO [752/900] 77c887db-6732-4eac-9227-a0c706fdf43b: 78 groups; 5.5 s; peak memory 1345 MiB.
2026-10-08T20:57:51Z INFO [753/900] 77c93f59-bae4-43f1-b4f2-0292a85b39ff: 27 groups; 1.7 s; peak memory 1345 MiB.
2026-10-08T20:57:52Z INFO [754/900] 77c95092-9d5f-4455-b13f-01d0b74827a8: 22 groups; 1.2 s; peak memory 1345 MiB.
2026-10-08T21:03:31Z INFO [755/900] 77ca7da2-8f0d-4c92-85a8-65b59a1205e6: 3052 groups; 339.2 s; peak memory 1345 MiB.
2026-10-08T21:04:36Z INFO [756/900] 77cba15f-a1b3-4e28-9848-0bd9c3a73cda: 47 groups; 64.4 s; peak memory 1345 MiB.
2026-10-08T21:04:38Z INFO [757/900] 77cc7f75-190a-4fc5-8d6e-209ab89da870: 32 groups; 2.0 s; peak memory 1345 MiB.
2026-10-08T21:04:39Z INFO [758/900] 77cccd9a-6fe4-44a5-a4cd-a3de4ff1fdd8: 25 groups; 1.1 s; peak memory 1345 MiB.
2026-10-08T21:04:41Z INFO [759/900] 77cd0e10-1f60-405c-bb47-792a5e73a6d0: 35 groups; 1.9 s; peak memory 1345 MiB.
2026-10-08T21:06:09Z INFO [760/900] 77cd7493-7b32-42fd-8413-209b5d8690f4: 28 groups; 88.0 s; peak memory 1345 MiB.
2026-10-08T21:06:15Z INFO [761/900] 77ce0550-6553-4443-98d1-904748424341: 339 groups; 6.5 s; peak memory 1345 MiB.
2026-10-08T21:06:17Z INFO [762/900] 77ce873f-6d69-4df9-a9a7-2acc2ce527ff: 33 groups; 1.8 s; peak memory 1345 MiB.
2026-10-08T21:06:18Z INFO [763/900] 77cf4c3f-f327-4a52-8057-768f405ee54f: 254 groups; 1.5 s; peak memory 1345 MiB.
2026-10-08T21:06:36Z INFO [764/900] 77cfa6f4-693a-4dab-b94f-2868444818c8: 219 groups; 18.0 s; peak memory 1345 MiB.
2026-10-08T21:06:38Z INFO [765/900] 77d08978-85c7-44be-8207-8a43c8617b22: 35 groups; 1.9 s; peak memory 1345 MiB.
2026-10-08T21:06:55Z INFO [766/900] 77d173b4-ea58-4b2d-b17f-282c674609fc: 36 groups; 16.8 s; peak memory 1345 MiB.
2026-10-08T21:06:57Z INFO [767/900] 77d24d91-64b4-4cee-bb28-f16a05f28604: 25 groups; 1.6 s; peak memory 1345 MiB.
2026-10-08T21:06:58Z INFO [768/900] 77d2fd9f-8b3d-4866-a304-b8ec005cbdf5: 32 groups; 1.5 s; peak memory 1345 MiB.
2026-10-08T21:09:32Z INFO [769/900] 77d32bd8-817e-498d-b608-62b771d665ea: 71 groups; 153.5 s; peak memory 1345 MiB.
2026-10-08T21:09:34Z INFO [770/900] 77d35bbd-f5d0-4767-ab4b-b51b10270803: 33 groups; 1.9 s; peak memory 1345 MiB.
2026-10-08T21:09:36Z INFO [771/900] 77d3e9c1-6db3-467c-92a0-c90ba2df1335: 341 groups; 2.6 s; peak memory 1345 MiB.
2026-10-08T21:09:37Z INFO [772/900] 77d3f3ff-42f2-4388-a05b-da75cfbea0ff: 23 groups; 1.1 s; peak memory 1345 MiB.
2026-10-08T21:09:39Z INFO [773/900] 77d579fd-3bc6-46d1-83cb-393fbf34c5d8: 22 groups; 1.2 s; peak memory 1345 MiB.
2026-10-08T21:09:40Z INFO [774/900] 77d5894a-68f0-4e33-963d-16a967ff8859: 22 groups; 1.0 s; peak memory 1345 MiB.
2026-10-08T21:09:59Z INFO [775/900] 77d5aeab-c19f-4900-8adc-836035cdb8df: 18 groups; 19.1 s; peak memory 1345 MiB.
2026-10-08T21:10:00Z INFO [776/900] 77d5b0d2-11ac-4bc4-b81a-7bc65b5a0664: 32 groups; 1.6 s; peak memory 1345 MiB.
2026-10-08T21:10:02Z INFO [777/900] 77d62899-9cda-48f2-893a-68917e883b72: 32 groups; 1.5 s; peak memory 1345 MiB.
2026-10-08T21:10:09Z INFO [778/900] 77d62dba-4da1-4f61-9904-a92460476d57: 66 groups; 7.0 s; peak memory 1345 MiB.
2026-10-08T21:10:10Z INFO [779/900] 77d70453-b26d-4669-aa1d-adc19da6dbca: 24 groups; 1.2 s; peak memory 1345 MiB.
2026-10-08T21:10:11Z INFO [780/900] 77d705b8-fe8d-4b36-8edb-dbb097565561: 22 groups; 1.4 s; peak memory 1345 MiB.
2026-10-08T21:10:13Z INFO [781/900] 77d74a89-bdea-4029-887f-db908d506a4b: 32 groups; 1.5 s; peak memory 1345 MiB.
2026-10-08T21:10:19Z INFO [782/900] 77d81019-3001-455d-ab07-910cb21d6c4a: 159 groups; 6.3 s; peak memory 1345 MiB.
2026-10-08T21:10:21Z INFO [783/900] 77d8a058-1f57-4d3b-a582-8c2119e1b599: 104 groups; 1.8 s; peak memory 1345 MiB.
2026-10-08T21:10:23Z INFO [784/900] 77d96271-3f29-4c55-a991-e6d6e98a3032: 195 groups; 1.7 s; peak memory 1345 MiB.
2026-10-08T21:10:24Z INFO [785/900] 77d9c965-1b07-42a9-98a7-f823d2450543: 32 groups; 1.6 s; peak memory 1345 MiB.
2026-10-08T21:10:31Z INFO [786/900] 77daede6-db44-4e90-b1c3-6ef68756d7af: 105 groups; 6.4 s; peak memory 1345 MiB.
2026-10-08T21:10:45Z INFO [787/900] 77db68e0-c8b4-4b04-b380-ee21a6289114: 33 groups; 14.4 s; peak memory 1345 MiB.
2026-10-08T21:10:47Z INFO [788/900] 77dbad7a-1134-4fef-acb5-5eb6e5d89a2d: 32 groups; 1.6 s; peak memory 1345 MiB.
2026-10-08T21:10:48Z INFO [789/900] 77dbe21a-3525-448b-b4a6-d70f8ac694b7: 32 groups; 1.6 s; peak memory 1345 MiB.
2026-10-08T21:10:51Z INFO [790/900] 77dbec1d-49b3-40df-8842-dce6cd2bf5a8: 200 groups; 2.5 s; peak memory 1345 MiB.
2026-10-08T21:10:52Z INFO [791/900] 77dc5bd1-26fc-465d-827e-41183c9f3922: 22 groups; 1.2 s; peak memory 1345 MiB.
2026-10-08T21:10:54Z INFO [792/900] 77dc6f92-55a0-402f-bf03-275af2ab1bdb: 35 groups; 1.8 s; peak memory 1345 MiB.
2026-10-08T21:10:55Z INFO [793/900] 77dccda1-50ee-4c34-a1c2-b8eabab09713: 32 groups; 1.4 s; peak memory 1345 MiB.
2026-10-08T21:11:08Z INFO [794/900] 77dd621d-fd80-4c57-9704-60e97cbbb509: 68 groups; 12.5 s; peak memory 1345 MiB.
2026-10-08T21:11:09Z INFO [795/900] 77df9475-c9e1-4763-9153-c7d5b974b810: 29 groups; 1.7 s; peak memory 1345 MiB.
2026-10-08T21:11:15Z INFO [796/900] 77e0059d-0f4a-4e7e-9c65-3f32ddc399c8: 73 groups; 6.1 s; peak memory 1345 MiB.
2026-10-08T21:11:17Z INFO [797/900] 77e065b6-7999-4007-813c-464512cf3774: 22 groups; 1.3 s; peak memory 1345 MiB.
2026-10-08T21:11:18Z INFO [798/900] 77e0ca1b-0e0a-4800-9994-b2cb7e781dfa: 32 groups; 1.5 s; peak memory 1345 MiB.
2026-10-08T21:11:20Z INFO [799/900] 77e17da3-8a97-43e3-9535-ecb4e99a4bbf: 35 groups; 1.6 s; peak memory 1345 MiB.
2026-10-08T21:11:21Z INFO [800/900] 77e27d5b-82aa-462a-b78c-7d7aefb2f9c3: 22 groups; 1.3 s; peak memory 1345 MiB.
2026-10-08T21:11:21Z INFO [800/900] 77e27d5b-82aa-462a-b78c-7d7aefb2f9c3: checkpointed 104736 new records.
2026-10-08T21:11:23Z INFO [801/900] 77e37055-a1b7-49f7-87d4-4434543915bb: 22 groups; 1.3 s; peak memory 1345 MiB.
2026-10-08T21:11:25Z INFO [802/900] 77e4bdca-00b8-4ebb-a2cf-638ad8d4b333: 35 groups; 2.0 s; peak memory 1345 MiB.
2026-10-08T21:11:26Z INFO [803/900] 77e5f939-eafe-4383-a2c6-bfdbb787869f: 22 groups; 1.3 s; peak memory 1345 MiB.
2026-10-08T21:11:27Z INFO [804/900] 77e66e5f-5aa3-43fd-9287-7602487c4da4: 22 groups; 1.3 s; peak memory 1345 MiB.
2026-10-08T21:11:35Z INFO [805/900] 77e7059e-3a13-4bae-a1e9-e7a7982c841b: 109 groups; 8.0 s; peak memory 1345 MiB.
2026-10-08T21:11:37Z INFO [806/900] 77e851f3-7fa0-4d39-8682-8a840c24bda9: 337 groups; 1.9 s; peak memory 1345 MiB.
2026-10-08T21:11:47Z INFO [807/900] 77e939d9-03d7-4d05-a00e-6066af5e29e9: 191 groups; 10.4 s; peak memory 1345 MiB.
2026-10-08T21:11:49Z INFO [808/900] 77ea3158-64c7-485e-914a-2047bb783a64: 195 groups; 1.8 s; peak memory 1345 MiB.
2026-10-08T21:11:51Z INFO [809/900] 77eac54d-abb8-4384-9947-a73ee07e841a: 22 groups; 1.3 s; peak memory 1345 MiB.
2026-10-08T21:11:52Z INFO [810/900] 77eb06da-4604-415b-89b7-ddd578266cff: 27 groups; 1.2 s; peak memory 1345 MiB.
2026-10-08T21:11:53Z INFO [811/900] 77eb968b-e78a-4d96-91a0-523452f540eb: 22 groups; 1.3 s; peak memory 1345 MiB.
2026-10-08T21:11:55Z INFO [812/900] 77eda0f6-97db-4792-a3b7-82f0e08722e8: 32 groups; 1.6 s; peak memory 1345 MiB.
2026-10-08T21:11:56Z INFO [813/900] 77eeedc6-d63a-4c5e-b2bf-b5120a8ca1f9: 25 groups; 1.7 s; peak memory 1345 MiB.
2026-10-08T21:11:58Z INFO [814/900] 77ef4679-5eb2-436f-a2d3-6e7b958b8d52: 22 groups; 1.4 s; peak memory 1345 MiB.
2026-10-08T21:12:00Z INFO [815/900] 77ef7928-4cf5-407d-8d8c-0db98d0ae3a8: 195 groups; 2.1 s; peak memory 1345 MiB.
2026-10-08T21:12:02Z INFO [816/900] 77efd0db-ee32-4a75-b9f1-73817be7640b: 35 groups; 1.8 s; peak memory 1345 MiB.
2026-10-08T21:12:04Z INFO [817/900] 77f0425c-6223-4e79-baf0-6608500bb2d2: 35 groups; 2.3 s; peak memory 1345 MiB.
2026-10-08T21:12:05Z INFO [818/900] 77f0897a-3a7b-4ce3-a152-173e0d4447ce: 22 groups; 1.0 s; peak memory 1345 MiB.
2026-10-08T21:12:07Z INFO [819/900] 77f151bc-e3c3-497f-9ab8-b53991c411c3: 35 groups; 1.7 s; peak memory 1345 MiB.
2026-10-08T21:12:08Z INFO [820/900] 77f18777-f3d4-46bc-99c7-ecfbf6e696fc: 27 groups; 1.1 s; peak memory 1345 MiB.
2026-10-08T21:12:15Z INFO [821/900] 77f1b8c8-4b6a-4e25-87fb-de0f8c00d6ad: 181 groups; 7.5 s; peak memory 1345 MiB.
2026-10-08T21:12:22Z INFO [822/900] 77f20a90-76f8-49f5-8106-de9cbe63a327: 139 groups; 6.3 s; peak memory 1345 MiB.
2026-10-08T21:12:46Z INFO [823/900] 77f22d46-6e1f-49f9-8283-ece7dd08cbd6: 24 groups; 24.6 s; peak memory 1345 MiB.
2026-10-08T21:12:47Z INFO [824/900] 77f2d312-5e6e-4817-a723-21107562e85f: 32 groups; 1.3 s; peak memory 1345 MiB.
2026-10-08T21:12:49Z INFO [825/900] 77f30c9f-2e71-4bfe-b1c6-cd91068e450a: 28 groups; 1.2 s; peak memory 1345 MiB.
2026-10-08T21:12:50Z INFO [826/900] 77f35e6b-6546-41ea-806b-60bc0628c533: 32 groups; 1.6 s; peak memory 1345 MiB.
2026-10-08T21:12:57Z INFO [827/900] 77f36c59-73b8-4855-89de-4347bfb2ba9f: 47 groups; 6.9 s; peak memory 1345 MiB.
2026-10-08T21:12:58Z INFO [828/900] 77f5909f-4a34-4710-ab28-b1bb2582a920: 16 groups; 1.0 s; peak memory 1345 MiB.
2026-10-08T21:12:59Z INFO [829/900] 77f5a1a2-8e29-43e2-9a1a-ff5e0d4cab72: 22 groups; 1.2 s; peak memory 1345 MiB.
2026-10-08T21:58:41Z INFO [830/900] 77f5e56e-a83d-49cf-9365-f617f2d9d680: 565 groups; 2741.9 s; peak memory 1345 MiB.
2026-10-08T22:01:48Z INFO [831/900] 77f6be8a-339f-4e59-9dc3-e306e9d31864: 29 groups; 186.9 s; peak memory 1345 MiB.
2026-10-08T22:01:49Z INFO [832/900] 77f7a0a3-9905-4be9-b34f-3e8960d129b3: 16 groups; 1.1 s; peak memory 1345 MiB.
2026-10-08T22:01:51Z INFO [833/900] 77f7a7e4-0e58-499d-8070-59e31ceb9403: 22 groups; 1.5 s; peak memory 1345 MiB.
2026-10-08T22:01:52Z INFO [834/900] 77f8b7da-a3e8-4bac-900d-fbd7a3af8051: 24 groups; 1.1 s; peak memory 1345 MiB.
2026-10-08T22:01:53Z INFO [835/900] 77f91582-b80a-47ab-9910-0e9ee3225e72: 35 groups; 1.6 s; peak memory 1345 MiB.
2026-10-08T22:01:55Z INFO [836/900] 77f9512e-c888-4d09-b3c3-51074ecfb1c2: 32 groups; 1.6 s; peak memory 1345 MiB.
2026-10-08T22:01:57Z INFO [837/900] 77fa9714-4ce0-4dd9-9db3-3e0e59bee6e5: 32 groups; 1.5 s; peak memory 1345 MiB.
2026-10-08T22:01:58Z INFO [838/900] 77fbb22e-e4e6-4d11-9d53-a43fa577288a: 35 groups; 1.8 s; peak memory 1345 MiB.
2026-10-08T22:02:00Z INFO [839/900] 77fc5df9-4b93-4718-aa83-f375c60ab34a: 32 groups; 1.6 s; peak memory 1345 MiB.
2026-10-08T22:02:01Z INFO [840/900] 77fc7da1-761b-466a-b157-577c943d9850: 22 groups; 1.3 s; peak memory 1345 MiB.
2026-10-08T22:02:03Z INFO [841/900] 77fc834f-304d-4c5a-8afb-d1ff7ed1ba9c: 194 groups; 1.8 s; peak memory 1345 MiB.
2026-10-08T22:02:04Z INFO [842/900] 77fc92dc-0d38-4254-8872-bb2da1582719: 32 groups; 1.4 s; peak memory 1345 MiB.
2026-10-08T22:02:05Z INFO [843/900] 77fdf568-ceec-47d6-bfe1-c92603ce5ea2: 29 groups; 1.0 s; peak memory 1345 MiB.
2026-10-08T22:02:07Z INFO [844/900] 77fdf88d-63c1-47a7-865a-519591a351f6: 22 groups; 1.3 s; peak memory 1345 MiB.
2026-10-08T22:04:43Z INFO [845/900] 77fdf98b-f745-412f-8ce5-77b9e6713d53: 57 groups; 156.2 s; peak memory 1345 MiB.
2026-10-08T22:04:46Z INFO [846/900] 77fe465d-b3b9-40f4-9919-792ed34df660: 48 groups; 3.2 s; peak memory 1345 MiB.
2026-10-08T22:04:52Z INFO [847/900] 77fe57ae-dc1d-4869-acaa-1c26cf1c5a5c: 78 groups; 6.3 s; peak memory 1345 MiB.
2026-10-08T22:05:08Z INFO [848/900] 78001a1b-752b-4ca6-b07e-3c13693df1bb: 245 groups; 15.5 s; peak memory 1345 MiB.
2026-10-08T22:05:10Z INFO [849/900] 78008005-4892-406f-bb20-674746ed1284: 32 groups; 2.2 s; peak memory 1345 MiB.
2026-10-08T22:05:13Z INFO [850/900] 78008c8c-3f6d-4174-8e57-f6808af728d0: 199 groups; 2.3 s; peak memory 1345 MiB.
2026-10-08T22:05:13Z INFO [850/900] 78008c8c-3f6d-4174-8e57-f6808af728d0: checkpointed 104786 new records.
2026-10-08T22:05:14Z INFO [851/900] 78011676-7b24-47f2-826b-9610306c92d3: 33 groups; 1.2 s; peak memory 1345 MiB.
2026-10-08T22:05:16Z INFO [852/900] 7802142e-c3a0-47d1-bd32-c87bceb1b6ef: 207 groups; 1.9 s; peak memory 1345 MiB.
2026-10-08T22:05:18Z INFO [853/900] 7802b78a-da49-4b48-85d5-280692645e25: 202 groups; 1.8 s; peak memory 1345 MiB.
2026-10-08T22:05:23Z INFO [854/900] 7802eba6-5263-4b11-8243-e2f5c278d354: 39 groups; 5.3 s; peak memory 1345 MiB.
2026-10-08T22:05:24Z INFO [855/900] 7802f254-602b-4f27-9487-77966d97149b: 22 groups; 1.2 s; peak memory 1345 MiB.
2026-10-08T22:05:27Z INFO [856/900] 780337a3-d0f8-47f9-b1b1-29b84bb03693: 204 groups; 2.5 s; peak memory 1345 MiB.
2026-10-08T22:05:29Z INFO [857/900] 7803a20e-245e-4eb2-b0d1-ec01874f557b: 32 groups; 2.0 s; peak memory 1345 MiB.
2026-10-08T22:05:30Z INFO [858/900] 780430bc-654c-4cc0-87cb-16321a767351: 22 groups; 1.3 s; peak memory 1345 MiB.
2026-10-08T22:05:31Z INFO [859/900] 7805459e-926f-4db8-bcc4-60cc92a8ad2a: 17 groups; 1.3 s; peak memory 1345 MiB.
2026-10-08T22:05:33Z INFO [860/900] 7805d4bd-56aa-4394-bdcf-49114bee2a93: 336 groups; 2.0 s; peak memory 1345 MiB.
2026-10-08T22:05:35Z INFO [861/900] 7806a6a6-6bf4-43cb-b881-14f2da36fb94: 20 groups; 1.5 s; peak memory 1345 MiB.
2026-10-08T22:07:49Z INFO [862/900] 78076e31-8cbc-4742-a741-f377690785b0: 102 groups; 134.2 s; peak memory 1345 MiB.
2026-10-08T22:07:57Z INFO [863/900] 78094821-8950-4078-9541-87f79a04bfc0: 129 groups; 7.7 s; peak memory 1345 MiB.
2026-10-08T22:07:57Z INFO [864/900] 780b12a2-3cc4-4738-a9b9-945b77e80092: 16 groups; 0.9 s; peak memory 1345 MiB.
2026-10-08T22:08:07Z INFO [865/900] 780d258b-5c50-46a9-8ad3-97a0e972eb50: 50 groups; 9.4 s; peak memory 1345 MiB.
2026-10-08T22:08:08Z INFO [866/900] 780d60bf-dfea-44b4-8bb0-6b364a66358a: 31 groups; 1.4 s; peak memory 1345 MiB.
2026-10-08T22:08:23Z INFO [867/900] 780da7ec-aa30-4192-a6b0-f2a6ff9bc365: 96 groups; 14.6 s; peak memory 1345 MiB.
2026-10-08T22:08:24Z INFO [868/900] 780dc95a-36d2-4dd7-bc80-6c0d4f960486: 22 groups; 1.3 s; peak memory 1345 MiB.
2026-10-08T22:08:26Z INFO [869/900] 780e29a3-ad9b-45d9-9bd4-e8d951e5d8f6: 22 groups; 1.5 s; peak memory 1345 MiB.
2026-10-08T22:08:27Z INFO [870/900] 780e2edb-b67c-4e1d-b436-86bba3d4e874: 26 groups; 1.4 s; peak memory 1345 MiB.
2026-10-08T22:08:28Z INFO [871/900] 780f2728-2352-4e59-aac3-2bfdd19f17f0: 26 groups; 1.0 s; peak memory 1345 MiB.
2026-10-08T22:08:30Z INFO [872/900] 780f39f2-627d-42ae-bcd4-57d63509fe54: 32 groups; 1.5 s; peak memory 1345 MiB.
2026-10-08T22:08:31Z INFO [873/900] 78100fec-d931-4000-9130-dfebb67d59aa: 32 groups; 1.5 s; peak memory 1345 MiB.
2026-10-08T22:08:33Z INFO [874/900] 781056c2-f019-4c33-939c-f5fb38fa8a39: 32 groups; 1.5 s; peak memory 1345 MiB.
2026-10-08T22:08:34Z INFO [875/900] 7811607a-b669-4cb2-af3b-66cf099a21c5: 22 groups; 1.3 s; peak memory 1345 MiB.
2026-10-08T22:08:46Z INFO [876/900] 7811ea80-4b80-4b08-906e-4c29405ad7cc: 188 groups; 12.6 s; peak memory 1345 MiB.
2026-10-08T22:08:48Z INFO [877/900] 7813f4f2-b6da-4330-9887-6c5e8c9e8250: 337 groups; 2.0 s; peak memory 1345 MiB.
2026-10-08T22:08:50Z INFO [878/900] 781479b7-2faa-426f-b47d-5af10611ae62: 32 groups; 1.6 s; peak memory 1345 MiB.
2026-10-08T22:08:54Z INFO [879/900] 78167b25-946a-4334-b9e7-f0df46d7105d: 43 groups; 4.3 s; peak memory 1345 MiB.
2026-10-08T22:09:41Z INFO [880/900] 7816d4ec-dd04-4c4c-8e46-91c033b3a06e: 2909 groups; 47.0 s; peak memory 1345 MiB.
2026-10-08T22:09:43Z INFO [881/900] 7816ee41-70b0-4f9a-87c5-c8570ad00f5f: 22 groups; 1.3 s; peak memory 1345 MiB.
2026-10-08T22:09:44Z INFO [882/900] 78177176-a180-4241-ae76-b8120c567ea4: 32 groups; 1.7 s; peak memory 1345 MiB.
2026-10-08T22:14:14Z INFO [883/900] 781919a1-9186-405a-95ce-1fdb097d9650: 30 groups; 269.6 s; peak memory 1345 MiB.
2026-10-08T22:14:15Z INFO [884/900] 7819dd6b-239d-4ce0-ac71-57e2cfe70915: 32 groups; 1.6 s; peak memory 1345 MiB.
2026-10-08T22:14:16Z INFO [885/900] 7819ec70-c449-419d-ad49-7a2be8c16df3: 16 groups; 1.0 s; peak memory 1345 MiB.
2026-10-08T22:14:18Z INFO [886/900] 781a6820-29ca-49b0-b600-121cd36c9d46: 336 groups; 1.9 s; peak memory 1345 MiB.
2026-10-08T22:14:20Z INFO [887/900] 781a95d5-b17e-42d3-b67f-567c6dec1235: 22 groups; 1.4 s; peak memory 1345 MiB.
2026-10-08T22:14:26Z INFO [888/900] 781aa539-9018-4f81-a0b7-77b6cd8a0a5a: 78 groups; 6.2 s; peak memory 1345 MiB.
2026-10-08T22:14:27Z INFO [889/900] 781c1892-d0e8-4cff-a92f-820c52d7d9f7: 17 groups; 1.1 s; peak memory 1345 MiB.
2026-10-08T22:14:28Z INFO [890/900] 781c2c2f-5368-4694-86af-73544e6d3e56: 17 groups; 1.1 s; peak memory 1345 MiB.
2026-10-08T22:14:29Z INFO [891/900] 781c52c6-7339-447a-8b1f-dc6d15a13e10: 28 groups; 1.1 s; peak memory 1345 MiB.
2026-10-08T22:14:31Z INFO [892/900] 781cea41-7394-49a3-b228-02711b096569: 32 groups; 1.4 s; peak memory 1345 MiB.
2026-10-08T22:14:38Z INFO [893/900] 781d4853-32fc-4199-ae88-e3c25938ef51: 85 groups; 7.1 s; peak memory 1345 MiB.
2026-10-08T22:14:39Z INFO [894/900] 781ef03f-bbd4-4414-8138-147aa14acdc6: 33 groups; 1.2 s; peak memory 1345 MiB.
2026-10-08T22:14:41Z INFO [895/900] 781f0a75-10f2-480c-b0fd-532211b7cac8: 254 groups; 1.8 s; peak memory 1345 MiB.
2026-10-08T22:14:42Z INFO [896/900] 782141ab-fa28-4c80-8194-08538c6e555b: 103 groups; 1.8 s; peak memory 1345 MiB.
2026-10-08T22:14:44Z INFO [897/900] 782196da-3175-4211-a48d-c9a09fb36635: 32 groups; 1.6 s; peak memory 1345 MiB.
2026-10-08T22:14:46Z INFO [898/900] 782234e2-b137-4145-bdcd-76c39a3248ff: 35 groups; 1.6 s; peak memory 1345 MiB.
2026-10-08T22:14:48Z INFO [899/900] 782261fb-159f-467a-95e0-9e5ae1cfa03c: 34 groups; 2.5 s; peak memory 1345 MiB.
2026-10-08T22:14:50Z INFO [900/900] 7823286a-edf1-4da1-b9a1-939ec7292290: 22 groups; 1.4 s; peak memory 1345 MiB.
2026-10-08T22:14:50Z INFO [900/900] 7823286a-edf1-4da1-b9a1-939ec7292290: checkpointed 104836 new records.
2026-10-08T22:14:50Z INFO Wrote 104836 records to /tmp/derivatives/valid_nwb_file_to_number_of_groups.jsonl (900 new, 0 failed) in 187.7 min (peak memory 1345 MiB).
