2026-10-10T11:49:36Z INFO Logging to /tmp/logs/update_2026-10-10T11-49-36Z.log.
2026-10-10T11:49:36Z INFO Update valid-nwb-file-to-number-of-groups (base directory /tmp).
2026-10-10T11:49:37Z INFO Processing 900 items (117436 already recorded).
2026-10-10T11:49:39Z INFO [1/900] 4788e8fe-c17e-4fc5-9089-7228329e5509: 36 groups; 2.2 s; peak memory 124 MiB.
2026-10-10T11:49:40Z INFO [2/900] 9209638f-8b0b-4786-80da-974bb4b840ee: 24 groups; 0.9 s; peak memory 124 MiB.
2026-10-10T11:49:41Z INFO [3/900] 9209e7fa-e928-48f2-a895-4e2142ce5d73: 202 groups; 1.4 s; peak memory 125 MiB.
2026-10-10T11:49:50Z INFO [4/900] 920a2c33-4531-490d-a9ec-518aaf2db2d5: 209 groups; 8.9 s; peak memory 158 MiB.
2026-10-10T11:49:51Z INFO [5/900] 920c1ac1-4d02-4f49-8394-791534ed0059: 33 groups; 1.4 s; peak memory 159 MiB.
2026-10-10T11:49:52Z INFO [6/900] 920c416d-00bc-4b39-beb6-1f26cd5b4a58: 16 groups; 0.7 s; peak memory 159 MiB.
2026-10-10T11:49:53Z INFO [7/900] 920cdd1b-bc89-4ab3-9bab-8ad282f8d215: 21 groups; 1.1 s; peak memory 159 MiB.
2026-10-10T11:49:54Z INFO [8/900] 920ce1ed-5901-4d83-ab10-24ab699d22f8: 22 groups; 0.8 s; peak memory 159 MiB.
2026-10-10T11:49:56Z INFO [9/900] 920d4193-61b8-46e8-bf51-068b2444035f: 206 groups; 1.6 s; peak memory 159 MiB.
2026-10-10T11:49:56Z INFO [10/900] 920d4652-f688-41ee-b4bc-8c8a1ef82d28: 28 groups; 0.7 s; peak memory 159 MiB.
2026-10-10T11:49:59Z INFO [11/900] 920d64fb-d1ba-45b9-8d3f-e4ce8402c0cc: 22 groups; 2.6 s; peak memory 159 MiB.
2026-10-10T11:50:00Z INFO [12/900] 920e2daa-25cb-46cc-8cf0-2da29b34f61f: 22 groups; 0.9 s; peak memory 159 MiB.
2026-10-10T11:50:01Z INFO [13/900] 920e3bf3-9baf-4c1c-91d9-0e22e3bf7f49: 201 groups; 1.0 s; peak memory 160 MiB.
2026-10-10T11:50:02Z INFO [14/900] 920e6ddd-7b1c-47a3-8803-8bf0730951a7: 22 groups; 0.8 s; peak memory 160 MiB.
2026-10-10T11:50:03Z INFO [15/900] 920e9199-079a-4149-8f1a-1741f418f1b6: 55 groups; 1.5 s; peak memory 160 MiB.
2026-10-10T11:50:04Z INFO [16/900] 920f6ea6-5ffc-4bae-8cad-fe364a3d9ed2: 32 groups; 0.9 s; peak memory 160 MiB.
2026-10-10T11:50:11Z INFO [17/900] 921085e6-7f08-4c24-86e7-694048d799b7: 123 groups; 6.7 s; peak memory 160 MiB.
2026-10-10T11:50:12Z INFO [18/900] 9211098a-0007-43ff-8bd3-f146cad1e07a: 22 groups; 0.9 s; peak memory 160 MiB.
2026-10-10T11:50:12Z INFO [19/900] 9211e701-ef01-4f2e-9e5c-7a3a9b51bffa: 17 groups; 0.7 s; peak memory 161 MiB.
2026-10-10T11:50:13Z INFO [20/900] 92124421-0667-4670-90ec-6d39c8cd99aa: 30 groups; 0.8 s; peak memory 161 MiB.
2026-10-10T11:50:14Z INFO [21/900] 9212e079-5080-41b4-8e4a-37f844970424: 67 groups; 0.8 s; peak memory 161 MiB.
2026-10-10T11:50:15Z INFO [22/900] 921372a5-c80c-466d-b16c-3f31ba16ca72: 22 groups; 0.7 s; peak memory 161 MiB.
2026-10-10T11:50:16Z INFO [23/900] 921459ef-179f-4057-806d-46ac63c3defe: 36 groups; 1.2 s; peak memory 161 MiB.
2026-10-10T11:50:17Z INFO [24/900] 921463de-16b0-4e7e-b730-c436f8fff5fb: 206 groups; 1.5 s; peak memory 161 MiB.
2026-10-10T11:50:19Z INFO [25/900] 9215e459-c018-4fc6-9a8b-e2d869f50c86: 35 groups; 1.2 s; peak memory 161 MiB.
2026-10-10T11:50:20Z INFO [26/900] 9215e4c1-63a6-4ddb-ab88-7b4fca243a01: 54 groups; 1.8 s; peak memory 161 MiB.
2026-10-10T11:50:22Z INFO [27/900] 921607df-8e37-4691-90a8-7e3d467b4109: 35 groups; 1.3 s; peak memory 161 MiB.
2026-10-10T11:50:23Z INFO [28/900] 92162946-6a6e-4ac5-9284-bb3d022bfedf: 32 groups; 0.9 s; peak memory 161 MiB.
2026-10-10T11:50:25Z INFO [29/900] 92165945-8c46-4467-b0c2-64ef50e444aa: 50 groups; 2.3 s; peak memory 161 MiB.
2026-10-10T11:50:26Z INFO [30/900] 92175b8b-6ba2-496c-a1fb-c2e70fa00f53: 35 groups; 1.3 s; peak memory 161 MiB.
2026-10-10T11:50:27Z INFO [31/900] 92176b26-73ef-43b2-850a-913a5ff49358: 22 groups; 0.9 s; peak memory 161 MiB.
2026-10-10T11:50:28Z INFO [32/900] 92182d61-e6ab-480d-9899-0e4779fd16a1: 35 groups; 1.1 s; peak memory 161 MiB.
2026-10-10T11:50:29Z INFO [33/900] 92183aa8-0adf-471e-a270-42d95505dac7: 25 groups; 0.8 s; peak memory 161 MiB.
2026-10-10T11:50:30Z INFO [34/900] 9218acab-70a2-4a7c-9409-3ba9da446782: 25 groups; 0.8 s; peak memory 161 MiB.
2026-10-10T11:50:31Z INFO [35/900] 9219b67b-bb57-4756-a0d4-aeaea39253f1: 32 groups; 0.9 s; peak memory 161 MiB.
2026-10-10T11:50:31Z INFO [36/900] 921a1b99-5a79-4372-bbda-7de3b6665322: 22 groups; 0.7 s; peak memory 161 MiB.
2026-10-10T11:50:32Z INFO [37/900] 921a2a24-7536-4ec8-9733-ef23c86f5c6e: 33 groups; 0.8 s; peak memory 161 MiB.
2026-10-10T11:50:33Z INFO [38/900] 921a3d62-5aa7-4589-aefe-515133ba2f7c: 22 groups; 0.8 s; peak memory 161 MiB.
2026-10-10T11:50:41Z INFO [39/900] 921ac930-2895-4672-b360-713b42e67319: 63 groups; 8.4 s; peak memory 161 MiB.
2026-10-10T11:50:42Z INFO [40/900] 921aed36-209d-436b-b50f-f7afb08cb2d0: 22 groups; 0.8 s; peak memory 161 MiB.
2026-10-10T11:50:43Z INFO [41/900] 921b078b-68bf-4d8d-ae6f-5f20aab3c35e: 25 groups; 0.7 s; peak memory 161 MiB.
2026-10-10T11:50:53Z INFO [42/900] 921cee82-f152-47ac-a047-4d65ed38fcdc: 406 groups; 10.5 s; peak memory 182 MiB.
2026-10-10T11:50:54Z INFO [43/900] 921d5d7a-d79f-43f4-8b5e-6a3e5fc32638: 22 groups; 0.9 s; peak memory 182 MiB.
2026-10-10T11:50:55Z INFO [44/900] 921dc244-6ea9-48db-bf57-471261e1f643: 16 groups; 0.6 s; peak memory 182 MiB.
2026-10-10T11:50:56Z INFO [45/900] 921e9a3c-1d94-49de-b9be-618e302f2aa6: 48 groups; 1.5 s; peak memory 182 MiB.
2026-10-10T11:50:57Z INFO [46/900] 921eec88-e116-4412-beb3-338f2a25f3be: 32 groups; 1.1 s; peak memory 182 MiB.
2026-10-10T11:50:58Z INFO [47/900] 92201356-fc53-439a-b4f6-a3827bf5d9af: 32 groups; 0.8 s; peak memory 182 MiB.
2026-10-10T11:50:59Z INFO [48/900] 922067e5-e49a-453d-8b3b-40439c5e9f06: 22 groups; 0.8 s; peak memory 182 MiB.
2026-10-10T11:51:00Z INFO [49/900] 92209a7c-ab4c-452a-ae82-bac33c4a6789: 32 groups; 0.9 s; peak memory 182 MiB.
2026-10-10T11:51:03Z INFO [50/900] 92215ff6-999c-440d-b952-8f08f4facf0b: 137 groups; 3.4 s; peak memory 182 MiB.
2026-10-10T11:51:03Z INFO [50/900] 92215ff6-999c-440d-b952-8f08f4facf0b: checkpointed 117486 new records.
2026-10-10T11:51:04Z INFO [51/900] 92220965-a1af-422b-9c7d-5c899f95d3d8: 16 groups; 0.6 s; peak memory 182 MiB.
2026-10-10T11:51:05Z INFO [52/900] 922222d6-1381-47df-82b8-fa255c938ece: 22 groups; 0.7 s; peak memory 182 MiB.
2026-10-10T11:51:05Z INFO [53/900] 922379da-a7f3-4eaf-bc35-811491048f28: 30 groups; 0.7 s; peak memory 182 MiB.
2026-10-10T11:51:06Z INFO [54/900] 9223e43a-ca48-4c92-89ca-294c3e57dd71: 25 groups; 0.9 s; peak memory 182 MiB.
2026-10-10T11:51:08Z INFO [55/900] 92256996-30b9-4cca-a50a-5a724540d95e: 71 groups; 1.3 s; peak memory 182 MiB.
2026-10-10T11:51:15Z INFO [56/900] 9225749d-9e70-4bab-aaa6-6209b3f9373d: 190 groups; 7.9 s; peak memory 182 MiB.
2026-10-10T11:51:17Z INFO [57/900] 9225a1f6-107b-495c-a01f-9713942446cc: 336 groups; 1.3 s; peak memory 182 MiB.
2026-10-10T11:51:18Z INFO [58/900] 9225ff99-5ed3-4974-a889-f342fe888f61: 32 groups; 1.0 s; peak memory 182 MiB.
2026-10-10T11:51:19Z INFO [59/900] 922629c7-3e5a-457f-a8d7-c4aff08b6ff2: 337 groups; 1.4 s; peak memory 182 MiB.
2026-10-10T11:51:20Z INFO [60/900] 92262d44-70bd-47ac-80c2-cab67217963a: 16 groups; 0.6 s; peak memory 182 MiB.
2026-10-10T11:51:22Z INFO [61/900] 9228fefc-d2e5-4700-8c94-bb8f64362009: 50 groups; 2.4 s; peak memory 182 MiB.
2026-10-10T11:51:23Z INFO [62/900] 9229bfc6-b1e1-4ab2-aa95-ac0fc7675640: 22 groups; 0.8 s; peak memory 182 MiB.
2026-10-10T11:51:33Z INFO [63/900] 922a1101-c791-4b75-b3cd-6ba34ed35388: 189 groups; 10.5 s; peak memory 182 MiB.
2026-10-10T11:51:35Z INFO [64/900] 922aa138-e5a7-4810-a575-e8ddd9f5b0f3: 337 groups; 1.3 s; peak memory 182 MiB.
2026-10-10T11:51:36Z INFO [65/900] 922ad7fc-0e55-45c0-87fd-59f8bb60ca3e: 35 groups; 1.1 s; peak memory 182 MiB.
2026-10-10T11:51:38Z INFO [66/900] 922adb76-784b-4c07-bee4-3948ed24b581: 52 groups; 2.0 s; peak memory 182 MiB.
2026-10-10T11:51:47Z INFO [67/900] 922aeb4d-05bf-44c4-b908-c84c05f45c18: 17 groups; 9.5 s; peak memory 182 MiB.
2026-10-10T11:51:48Z INFO [68/900] 922b8f5a-805d-4f6a-a5ec-995f75182aa7: 32 groups; 1.0 s; peak memory 183 MiB.
2026-10-10T11:51:57Z INFO [69/900] 922bd803-849b-4a39-9b2d-8f629780e046: 296 groups; 8.9 s; peak memory 183 MiB.
2026-10-10T11:51:58Z INFO [70/900] 922ca2e1-8f73-410b-be6a-6e840fa9d876: 32 groups; 0.9 s; peak memory 183 MiB.
2026-10-10T11:51:59Z INFO [71/900] 922cae17-fe4b-433c-9979-5513f6ca2454: 32 groups; 0.9 s; peak memory 183 MiB.
2026-10-10T11:52:01Z INFO [72/900] 922ce66a-d9c7-4a55-8832-f2d6aecc8792: 48 groups; 1.8 s; peak memory 183 MiB.
2026-10-10T11:52:02Z INFO [73/900] 922f2e8c-45f0-4015-b3f7-71f38a39d87b: 71 groups; 1.7 s; peak memory 183 MiB.
2026-10-10T11:52:04Z INFO [74/900] 922f2fa9-4ce7-443a-9361-b1cd659434d6: 32 groups; 1.1 s; peak memory 184 MiB.
2026-10-10T11:52:05Z INFO [75/900] 922f3811-293e-4055-9f07-dc6a5e752c67: 207 groups; 1.3 s; peak memory 184 MiB.
2026-10-10T11:52:12Z INFO [76/900] 922fd067-116a-4b36-a3cd-9a2757d4d38c: 39 groups; 7.2 s; peak memory 184 MiB.
2026-10-10T11:52:14Z INFO [77/900] 9230cbd8-857a-4850-9065-5bc20853ac68: 50 groups; 2.2 s; peak memory 184 MiB.
2026-10-10T11:52:15Z INFO [78/900] 9231f652-c454-4efa-8153-8494ed707b50: 54 groups; 1.1 s; peak memory 184 MiB.
2026-10-10T11:52:22Z INFO [79/900] 9232602e-1627-4ac5-ab82-a15ed4f7fb5d: 235 groups; 7.1 s; peak memory 184 MiB.
2026-10-10T11:52:24Z INFO [80/900] 9232ead3-f42c-48bc-acb5-bf64bc665216: 29 groups; 1.5 s; peak memory 184 MiB.
2026-10-10T11:52:25Z INFO [81/900] 9233633b-e2ff-44ff-8b7b-e5304ef74bb5: 103 groups; 1.1 s; peak memory 184 MiB.
2026-10-10T11:52:26Z INFO [82/900] 92339534-b98f-4a77-8a8a-ed2d48f982e6: 67 groups; 1.2 s; peak memory 184 MiB.
2026-10-10T11:52:27Z INFO [83/900] 923416f9-d62d-4b45-b03a-5519f7f2c5c5: 32 groups; 1.1 s; peak memory 184 MiB.
2026-10-10T11:52:28Z INFO [84/900] 92343bd3-6907-4fa9-ada9-ac7ebdc45260: 22 groups; 0.8 s; peak memory 184 MiB.
2026-10-10T11:52:29Z INFO [85/900] 9235085b-19f2-451b-9fc4-08b0da44814d: 33 groups; 1.3 s; peak memory 184 MiB.
2026-10-10T11:52:30Z INFO [86/900] 92351435-5c0d-425d-9b6e-ae73dcd39b12: 17 groups; 0.8 s; peak memory 184 MiB.
2026-10-10T11:52:31Z INFO [87/900] 92352039-aa71-42ac-8e48-6d043607d79b: 22 groups; 0.8 s; peak memory 184 MiB.
2026-10-10T11:52:32Z INFO [88/900] 923603e5-5eab-4b4d-9823-05810fe8dbcd: 194 groups; 1.3 s; peak memory 184 MiB.
2026-10-10T11:52:33Z INFO [89/900] 9236f1aa-5c7c-4de6-bd60-fc57848d29c6: 32 groups; 1.0 s; peak memory 184 MiB.
2026-10-10T11:52:34Z INFO [90/900] 92371f3a-7791-4fe5-aa0f-3c4849dc596a: 32 groups; 0.9 s; peak memory 184 MiB.
2026-10-10T11:52:35Z INFO [91/900] 92374226-11ed-4b37-95a4-b884b1e6a223: 35 groups; 1.3 s; peak memory 184 MiB.
2026-10-10T11:52:36Z INFO [92/900] 92377542-3cfa-4eb6-939c-5b09d6020e5d: 22 groups; 1.0 s; peak memory 184 MiB.
2026-10-10T11:52:37Z INFO [93/900] 923845aa-54d9-4c34-8226-3ca98b03936f: 30 groups; 0.8 s; peak memory 184 MiB.
2026-10-10T11:52:38Z INFO [94/900] 92389908-dc10-4b5a-a959-2dfcb92dd765: 16 groups; 0.8 s; peak memory 184 MiB.
2026-10-10T11:52:39Z INFO [95/900] 92389cdf-64e7-4677-8bd7-c778aa635618: 199 groups; 1.6 s; peak memory 184 MiB.
2026-10-10T11:52:41Z INFO [96/900] 9239fe5e-fedf-4774-bbe0-5f254cc8ab2a: 207 groups; 1.3 s; peak memory 184 MiB.
2026-10-10T11:54:03Z INFO [97/900] 923a02e4-a647-4f30-a8ac-bef3078b13dd: 27 groups; 82.7 s; peak memory 311 MiB.
2026-10-10T11:54:04Z INFO [98/900] 923b277b-3299-4f89-91aa-4dc3ca5faeef: 22 groups; 0.8 s; peak memory 311 MiB.
2026-10-10T11:54:08Z INFO [99/900] 923b5646-d395-45a3-ac90-22e700f21086: 80 groups; 4.0 s; peak memory 311 MiB.
2026-10-10T11:54:09Z INFO [100/900] 923ba869-19bb-44df-b817-bf3bb4084a56: 21 groups; 1.1 s; peak memory 311 MiB.
2026-10-10T11:54:09Z INFO [100/900] 923ba869-19bb-44df-b817-bf3bb4084a56: checkpointed 117536 new records.
2026-10-10T11:54:11Z INFO [101/900] 923bdf56-85c8-4517-9ff5-e0251f204dd6: 35 groups; 1.3 s; peak memory 311 MiB.
2026-10-10T11:54:12Z INFO [102/900] 923bf9b6-72b1-40a9-9abd-538f2868db0c: 48 groups; 1.6 s; peak memory 311 MiB.
2026-10-10T11:54:13Z INFO [103/900] 923d10d4-1b01-4a56-904a-aec52d5c5bd0: 22 groups; 0.8 s; peak memory 311 MiB.
2026-10-10T11:54:14Z INFO [104/900] 923d65fc-ece8-4567-ae1c-0f25036f48fd: 32 groups; 0.8 s; peak memory 311 MiB.
2026-10-10T11:54:19Z INFO [105/900] 923df1fc-f8f1-46c8-8bd3-a445942175cb: 85 groups; 5.3 s; peak memory 311 MiB.
2026-10-10T11:54:20Z INFO [106/900] 923e6ca5-20d6-4d02-be87-b36ac684f3ff: 32 groups; 1.1 s; peak memory 311 MiB.
2026-10-10T11:54:21Z INFO [107/900] 923f0331-430e-4a28-bd21-437592d457e9: 32 groups; 1.0 s; peak memory 311 MiB.
2026-10-10T11:54:27Z INFO [108/900] 923f7686-de6a-4f4a-b9d1-18247a723d2d: 134 groups; 5.5 s; peak memory 311 MiB.
2026-10-10T11:54:28Z INFO [109/900] 92400c8a-8841-4698-a26b-a986402833c3: 27 groups; 0.9 s; peak memory 311 MiB.
2026-10-10T11:54:29Z INFO [110/900] 92409360-7504-478d-b426-3188d1b7251d: 32 groups; 1.0 s; peak memory 311 MiB.
2026-10-10T11:54:34Z INFO [111/900] 9240c99e-01a0-419d-87ce-1ea1e3dc0629: 177 groups; 5.4 s; peak memory 311 MiB.
2026-10-10T11:54:35Z INFO [112/900] 92412e97-89b0-4f29-be03-1badf63dfae7: 103 groups; 0.9 s; peak memory 311 MiB.
2026-10-10T11:54:36Z INFO [113/900] 924160e7-bb15-4fc7-bc93-d564ffb681f1: 32 groups; 1.0 s; peak memory 311 MiB.
2026-10-10T11:54:37Z INFO [114/900] 9241814e-4f43-4a4c-99e2-9f575f969b19: 22 groups; 0.8 s; peak memory 311 MiB.
2026-10-10T11:54:38Z INFO [115/900] 9241ab1c-4258-4dee-ac69-517e4c04e298: 48 groups; 1.5 s; peak memory 311 MiB.
2026-10-10T11:54:39Z INFO [116/900] 92435b6f-3b7b-4f73-8074-d6f66200d5cd: 28 groups; 0.8 s; peak memory 311 MiB.
2026-10-10T11:54:40Z INFO [117/900] 92437b1d-d05b-4bab-b179-ca1d9e964f17: 22 groups; 0.9 s; peak memory 311 MiB.
2026-10-10T11:54:41Z INFO [118/900] 92446ff2-8160-400b-85c7-fbc2f19ef061: 207 groups; 1.1 s; peak memory 311 MiB.
2026-10-10T11:54:42Z INFO [119/900] 924474af-55ef-4c9a-9eb1-f150d1fe165b: 25 groups; 1.0 s; peak memory 311 MiB.
2026-10-10T11:54:43Z INFO [120/900] 9245c2c3-b69b-4b1e-80a1-241f208b416c: 202 groups; 1.3 s; peak memory 311 MiB.
2026-10-10T11:54:44Z INFO [121/900] 9245dc7f-6e17-430d-8925-53cb38d88d8f: 17 groups; 0.8 s; peak memory 311 MiB.
2026-10-10T11:54:45Z INFO [122/900] 92462e7c-cc66-4ea9-8084-0a0d895edb8a: 35 groups; 1.0 s; peak memory 311 MiB.
2026-10-10T11:54:51Z INFO [123/900] 92464850-b409-4a3a-9398-72280c3b575c: 181 groups; 6.2 s; peak memory 311 MiB.
2026-10-10T11:54:59Z INFO [124/900] 924788e6-b74b-4990-bd70-25895e77ee3b: 247 groups; 7.9 s; peak memory 311 MiB.
2026-10-10T11:55:00Z INFO [125/900] 924913d7-ebe9-477f-a029-f7cb60caab08: 71 groups; 0.9 s; peak memory 311 MiB.
2026-10-10T11:55:01Z INFO [126/900] 92491dd7-7470-4b88-94fa-bdd7ec37b58e: 32 groups; 1.1 s; peak memory 311 MiB.
2026-10-10T11:55:02Z INFO [127/900] 9249a54a-bb75-40f2-8c19-9dd202e48eb1: 22 groups; 0.8 s; peak memory 311 MiB.
2026-10-10T11:55:03Z INFO [128/900] 9249ea37-e0f9-424d-84ff-9b1df041bc90: 337 groups; 1.1 s; peak memory 311 MiB.
2026-10-10T11:55:04Z INFO [129/900] 924b982a-8910-4005-a6b7-5d08597fe9dc: 32 groups; 0.8 s; peak memory 311 MiB.
2026-10-10T11:55:05Z INFO [130/900] 924ce468-fd88-4bbd-ba49-8fc36127e63f: 32 groups; 1.0 s; peak memory 311 MiB.
2026-10-10T11:55:06Z INFO [131/900] 924dda83-984f-44e2-808a-7ffcd36b9fca: 32 groups; 0.8 s; peak memory 311 MiB.
2026-10-10T11:55:07Z INFO [132/900] 924dfb80-4ff4-4496-bb34-688ad785116d: 32 groups; 0.8 s; peak memory 311 MiB.
2026-10-10T11:55:08Z INFO [133/900] 924e5b17-7784-4827-acd4-99fb625469d8: 33 groups; 0.9 s; peak memory 311 MiB.
2026-10-10T11:55:09Z INFO [134/900] 924f2fdb-ab7e-40f1-91a6-81b8b046f1c8: 17 groups; 1.6 s; peak memory 311 MiB.
2026-10-10T11:55:16Z INFO [135/900] 924f3d81-9469-4b3e-b374-368fe732fb5f: 82 groups; 6.8 s; peak memory 311 MiB.
2026-10-10T11:55:17Z INFO [136/900] 924f597f-6394-4f3b-a7a2-8c64c96f8e83: 27 groups; 1.1 s; peak memory 311 MiB.
2026-10-10T11:55:18Z INFO [137/900] 924fc4d0-7ce5-4074-822a-4bb3595ff23c: 207 groups; 1.0 s; peak memory 311 MiB.
2026-10-10T11:55:19Z INFO [138/900] 92503f14-1312-4373-9bb0-82bffdf82a29: 28 groups; 0.8 s; peak memory 311 MiB.
2026-10-10T11:55:20Z INFO [139/900] 92506b1c-f2e6-4941-8a5b-74c10978c579: 29 groups; 1.4 s; peak memory 311 MiB.
2026-10-10T11:55:21Z INFO [140/900] 92511d13-809e-4ee0-8c6c-3e91a1083efa: 32 groups; 1.0 s; peak memory 311 MiB.
2026-10-10T11:55:22Z INFO [141/900] 9251daac-6655-43d4-9085-b48624483c29: 22 groups; 0.7 s; peak memory 311 MiB.
2026-10-10T11:55:22Z INFO [142/900] 92533416-d221-4d74-973a-1dd5ef27f386: 16 groups; 0.5 s; peak memory 311 MiB.
2026-10-10T11:55:23Z INFO [143/900] 9253a913-cfb8-4ce7-b3da-0603786b6efd: 22 groups; 0.9 s; peak memory 311 MiB.
2026-10-10T11:55:27Z INFO [144/900] 9253c3f1-9cd3-457b-9aaa-4f684d45c171: 181 groups; 3.9 s; peak memory 311 MiB.
2026-10-10T11:55:28Z INFO [145/900] 9254a625-caab-42a8-8e2e-04a38aef438b: 22 groups; 0.9 s; peak memory 311 MiB.
2026-10-10T11:55:29Z INFO [146/900] 9254f716-aed8-4931-b985-03f411031ea5: 32 groups; 0.8 s; peak memory 311 MiB.
2026-10-10T11:55:30Z INFO [147/900] 92554801-0c5c-4237-8144-1da20a257bb2: 35 groups; 1.3 s; peak memory 311 MiB.
2026-10-10T11:55:31Z INFO [148/900] 9255696d-ad0b-4657-bba5-70a100fceea2: 22 groups; 0.7 s; peak memory 311 MiB.
2026-10-10T11:55:32Z INFO [149/900] 9255bd5e-ba84-4ef5-89a5-d6b7c6e28d59: 22 groups; 0.7 s; peak memory 311 MiB.
2026-10-10T11:55:34Z INFO [150/900] 9255be0e-906b-4ef6-97d4-d996a3edfdfe: 50 groups; 2.5 s; peak memory 311 MiB.
2026-10-10T11:55:34Z INFO [150/900] 9255be0e-906b-4ef6-97d4-d996a3edfdfe: checkpointed 117586 new records.
2026-10-10T11:55:35Z INFO [151/900] 92566267-5755-45f9-9411-7a15ad0e5c90: 32 groups; 1.0 s; peak memory 311 MiB.
2026-10-10T11:55:37Z INFO [152/900] 925668ce-b00f-4e0f-8286-5bd7cb1857d6: 35 groups; 1.1 s; peak memory 311 MiB.
2026-10-10T11:55:37Z INFO [153/900] 925680f4-ed36-446a-8f65-ec9201f5d5ba: 32 groups; 0.8 s; peak memory 311 MiB.
2026-10-10T11:55:38Z INFO [154/900] 9256e2d0-5d56-45c2-a1d3-de9dd165b62f: 35 groups; 1.0 s; peak memory 311 MiB.
2026-10-10T11:55:47Z INFO [155/900] 9256e86f-2159-47d3-8370-06a20660ba16: 202 groups; 8.7 s; peak memory 311 MiB.
2026-10-10T11:55:50Z INFO [156/900] 92574057-8cfb-4251-960c-2df07996441c: 60 groups; 3.1 s; peak memory 311 MiB.
2026-10-10T11:55:51Z INFO [157/900] 92585f97-f04d-41f9-9150-b1e260500234: 36 groups; 1.2 s; peak memory 311 MiB.
2026-10-10T11:55:52Z INFO [158/900] 925871dc-6434-4491-b824-649bc3ae0cae: 35 groups; 1.0 s; peak memory 311 MiB.
2026-10-10T11:55:53Z INFO [159/900] 9258a022-d6a2-49ce-b5e2-68a1129fb237: 255 groups; 1.0 s; peak memory 311 MiB.
2026-10-10T11:55:54Z INFO [160/900] 9258d4d2-dfd7-468b-b9d6-a3acc5c1b220: 30 groups; 0.6 s; peak memory 311 MiB.
2026-10-10T11:55:55Z INFO [161/900] 9259050e-8a55-4165-bcdb-8facb6040c43: 33 groups; 0.6 s; peak memory 311 MiB.
2026-10-10T11:56:03Z INFO [162/900] 9259264b-93fd-4d14-ab1d-2493ea7cb3f5: 204 groups; 7.9 s; peak memory 311 MiB.
2026-10-10T11:56:06Z INFO [163/900] 92594352-67bd-4745-87b6-3f0402c65116: 29 groups; 3.1 s; peak memory 311 MiB.
2026-10-10T11:56:11Z INFO [164/900] 92594abf-5a6e-4598-a7ff-f6e5e6aa397c: 191 groups; 5.0 s; peak memory 311 MiB.
2026-10-10T11:56:12Z INFO [165/900] 92597b1b-5d83-41d9-8246-c765d83ce873: 35 groups; 1.0 s; peak memory 311 MiB.
2026-10-10T11:56:13Z INFO [166/900] 925a63c9-8d87-441b-ac01-0d714aa45a9a: 25 groups; 0.9 s; peak memory 311 MiB.
2026-10-10T12:00:30Z INFO [167/900] 925a8c37-1afb-4bb1-a8af-81793577d851: 58 groups; 257.0 s; peak memory 478 MiB.
2026-10-10T12:00:32Z INFO [168/900] 925ac335-6551-477e-97f5-315c66316b0f: 48 groups; 2.1 s; peak memory 478 MiB.
2026-10-10T12:00:33Z INFO [169/900] 925c229e-b766-4907-9c47-f9bda412f87d: 22 groups; 1.1 s; peak memory 478 MiB.
2026-10-10T12:00:34Z INFO [170/900] 925cee6c-96cc-4a6b-91ad-370977608520: 22 groups; 0.9 s; peak memory 478 MiB.
2026-10-10T12:00:35Z INFO [171/900] 925d18c5-4821-420b-a41c-529b62911614: 22 groups; 1.0 s; peak memory 478 MiB.
2026-10-10T12:00:36Z INFO [172/900] 925dc32a-0a2e-45d6-a8a7-8392e967a36f: 29 groups; 1.2 s; peak memory 478 MiB.
2026-10-10T12:00:37Z INFO [173/900] 925f1981-342b-4756-b31b-73a3d98f69fd: 16 groups; 0.8 s; peak memory 478 MiB.
2026-10-10T12:00:38Z INFO [174/900] 925f1eb7-f736-435b-9fed-7028eb9f02e1: 35 groups; 1.1 s; peak memory 478 MiB.
2026-10-10T12:00:42Z INFO [175/900] 925fc20e-6404-414f-9ca9-07a05ee1ad56: 120 groups; 4.4 s; peak memory 478 MiB.
2026-10-10T12:00:44Z INFO [176/900] 9260de01-0cf3-4598-b810-be7f0331a602: 53 groups; 2.1 s; peak memory 478 MiB.
2026-10-10T12:00:45Z INFO [177/900] 92619c2e-38c5-45b0-a5ba-c18b3e7dc611: 201 groups; 1.3 s; peak memory 478 MiB.
2026-10-10T12:00:47Z INFO [178/900] 9261b3f6-e2de-41b7-b55e-7120875f1a48: 32 groups; 1.4 s; peak memory 478 MiB.
2026-10-10T12:00:48Z INFO [179/900] 9262507b-a5d9-4919-a73a-b6acdc0cad41: 22 groups; 0.9 s; peak memory 478 MiB.
2026-10-10T12:00:49Z INFO [180/900] 92625319-a3b0-4730-b6af-a3e80fc89d1e: 22 groups; 0.9 s; peak memory 478 MiB.
2026-10-10T12:00:50Z INFO [181/900] 92628aed-7d56-4d31-8800-665fa1c3a826: 32 groups; 1.0 s; peak memory 478 MiB.
2026-10-10T12:00:53Z INFO [182/900] 9263238b-6d8d-455e-b2d5-c90a478bb47b: 66 groups; 3.0 s; peak memory 478 MiB.
2026-10-10T12:00:53Z INFO [183/900] 92632ba4-df36-4987-84ba-c9211df05974: 22 groups; 0.8 s; peak memory 478 MiB.
2026-10-10T12:00:55Z INFO [184/900] 92633f49-09d0-442e-b601-2630b5364249: 37 groups; 1.1 s; peak memory 478 MiB.
2026-10-10T12:01:05Z INFO [185/900] 9263b8fd-992e-426c-94ca-426a777de427: 93 groups; 10.0 s; peak memory 478 MiB.
2026-10-10T12:01:07Z INFO [186/900] 9263d2b9-0587-4db2-85a6-20b6e4757727: 50 groups; 2.3 s; peak memory 478 MiB.
2026-10-10T12:01:12Z INFO [187/900] 92642228-909f-4e13-b167-26bb39e7642c: 181 groups; 5.3 s; peak memory 478 MiB.
2026-10-10T12:01:14Z INFO [188/900] 92644e64-cd3a-45e1-87de-7f16bff686a1: 38 groups; 1.6 s; peak memory 478 MiB.
2026-10-10T12:04:22Z INFO [189/900] 92646fb9-8af9-4e26-8e15-2a6a7d8d9f03: 81 groups; 188.5 s; peak memory 478 MiB.
2026-10-10T12:04:29Z INFO [190/900] 9264726b-9116-424f-bc74-389f11744136: 182 groups; 6.9 s; peak memory 478 MiB.
2026-10-10T12:04:30Z INFO [191/900] 9264a100-d0e6-4053-a516-e69da97f7c86: 32 groups; 0.9 s; peak memory 478 MiB.
2026-10-10T12:04:32Z INFO [192/900] 92662378-8084-43b6-8ea1-5ee8c32a919e: 48 groups; 1.7 s; peak memory 478 MiB.
2026-10-10T12:04:33Z INFO [193/900] 9267bf2f-3622-46e9-937b-6028c5c34dbe: 22 groups; 0.9 s; peak memory 478 MiB.
2026-10-10T12:05:44Z INFO [194/900] 9269a4a4-b5a9-4f27-9f64-b1a6a016f401: 27 groups; 71.0 s; peak memory 478 MiB.
2026-10-10T12:05:45Z INFO [195/900] 926c57a1-4a9f-4564-b645-afc55a04f101: 32 groups; 1.0 s; peak memory 478 MiB.
2026-10-10T12:05:45Z INFO [196/900] 926c5e7d-06f0-48f1-951c-7261b9038e57: 26 groups; 0.7 s; peak memory 478 MiB.
2026-10-10T12:05:50Z INFO [197/900] 926cb197-1ad6-4af2-9e98-8325df864e0b: 59 groups; 4.9 s; peak memory 478 MiB.
2026-10-10T12:05:51Z INFO [198/900] 926cddb8-589b-4509-985d-b3cd35874860: 32 groups; 1.0 s; peak memory 478 MiB.
2026-10-10T12:05:52Z INFO [199/900] 926ce7aa-7419-4bfa-8391-29061f50e267: 19 groups; 0.8 s; peak memory 478 MiB.
2026-10-10T12:05:53Z INFO [200/900] 926d7a04-474e-45ca-8ed9-c7d5ad02e475: 202 groups; 0.9 s; peak memory 478 MiB.
2026-10-10T12:05:53Z INFO [200/900] 926d7a04-474e-45ca-8ed9-c7d5ad02e475: checkpointed 117636 new records.
2026-10-10T12:05:54Z INFO [201/900] 926e5781-68dd-492c-a1c6-55d66fdc1477: 252 groups; 1.0 s; peak memory 478 MiB.
2026-10-10T12:05:55Z INFO [202/900] 926ea7d6-1b2c-489c-8f6a-2e49c744e1d1: 25 groups; 0.8 s; peak memory 478 MiB.
2026-10-10T12:05:56Z INFO [203/900] 926efb88-d59c-4cfa-b5d4-e116c87c68f1: 22 groups; 0.9 s; peak memory 478 MiB.
2026-10-10T12:05:57Z INFO [204/900] 926fda48-b466-4eb8-a37b-8ad715927adc: 22 groups; 0.8 s; peak memory 478 MiB.
2026-10-10T12:05:58Z INFO [205/900] 92701cfc-02f4-4946-9e84-ae8d98a2cf48: 47 groups; 1.6 s; peak memory 478 MiB.
2026-10-10T12:05:59Z INFO [206/900] 92707328-84b9-4acc-84a6-1222e758f011: 32 groups; 0.9 s; peak memory 478 MiB.
2026-10-10T12:06:00Z INFO [207/900] 9270b6a7-5de7-45cf-ac6d-048ed6c43425: 16 groups; 0.6 s; peak memory 478 MiB.
2026-10-10T12:06:00Z INFO [208/900] 92710f39-3e41-40e3-8866-1926622e8757: 26 groups; 0.7 s; peak memory 478 MiB.
2026-10-10T12:06:01Z INFO [209/900] 92715be4-f3a0-4aeb-a9fc-7d70f173c42f: 36 groups; 0.9 s; peak memory 478 MiB.
2026-10-10T12:06:17Z INFO [210/900] 92718a2a-92dd-4aed-92aa-8294f16f1c80: 550 groups; 15.2 s; peak memory 478 MiB.
2026-10-10T12:06:18Z INFO [211/900] 92719538-2024-46da-89e8-9060200e83b5: 32 groups; 1.1 s; peak memory 478 MiB.
2026-10-10T12:06:18Z INFO [212/900] 927198d6-8cb4-48d1-9ced-50454bbe4fcb: 16 groups; 0.6 s; peak memory 478 MiB.
2026-10-10T12:06:20Z INFO [213/900] 9271a5e4-be8d-4e13-bb79-50a626014f5c: 34 groups; 1.4 s; peak memory 478 MiB.
2026-10-10T12:06:21Z INFO [214/900] 927206e2-005d-4a0c-a5ef-aa1dac22d8f2: 201 groups; 1.0 s; peak memory 478 MiB.
2026-10-10T12:06:21Z INFO [215/900] 9272644b-4407-4582-821a-37778e92effb: 22 groups; 0.8 s; peak memory 478 MiB.
2026-10-10T12:06:23Z INFO [216/900] 9273892a-4c3e-4e1d-b33b-f15d0987d502: 48 groups; 2.0 s; peak memory 478 MiB.
2026-10-10T12:06:24Z INFO [217/900] 9273ec6e-856f-4a8a-be0e-95ddac4a65a2: 25 groups; 1.0 s; peak memory 478 MiB.
2026-10-10T12:06:26Z INFO [218/900] 92745e32-fe41-4a16-9169-19b59e9fb555: 207 groups; 1.2 s; peak memory 478 MiB.
2026-10-10T12:06:28Z INFO [219/900] 9274a8e7-8b36-4124-9142-41a2a283d3d8: 30 groups; 2.5 s; peak memory 478 MiB.
2026-10-10T12:06:29Z INFO [220/900] 9274d585-46be-4ab7-b52c-cef80aea8a24: 103 groups; 0.8 s; peak memory 478 MiB.
2026-10-10T12:06:30Z INFO [221/900] 9275722d-9b35-4352-9ba0-aeb64a6cfd61: 35 groups; 1.2 s; peak memory 478 MiB.
2026-10-10T12:06:31Z INFO [222/900] 9275a7ac-ff74-42c9-bde6-74ff2f5c0477: 22 groups; 0.9 s; peak memory 478 MiB.
2026-10-10T12:06:32Z INFO [223/900] 9276c1d7-eb71-4b46-86be-571ae9d6ceae: 33 groups; 1.1 s; peak memory 478 MiB.
2026-10-10T12:06:45Z INFO [224/900] 9277cf6c-fc0e-434f-8bbc-e88afe169e4d: 420 groups; 13.2 s; peak memory 478 MiB.
2026-10-10T12:06:46Z INFO [225/900] 927837a7-e44f-4fba-afc2-fc68e454825c: 22 groups; 0.9 s; peak memory 478 MiB.
2026-10-10T12:06:47Z INFO [226/900] 92783d29-d4dd-40d2-b0ed-1f1a396cc648: 22 groups; 0.9 s; peak memory 478 MiB.
2026-10-10T12:06:48Z INFO [227/900] 927a0d05-4c2d-4d57-a89a-fc76bc2a3bed: 33 groups; 0.8 s; peak memory 478 MiB.
2026-10-10T12:06:49Z INFO [228/900] 927ab2b2-c6f0-4366-a8d0-5ba77a24a389: 32 groups; 1.2 s; peak memory 478 MiB.
2026-10-10T12:06:50Z INFO [229/900] 927b8e29-7397-4dda-b3ca-be6ae61d7387: 22 groups; 0.6 s; peak memory 478 MiB.
2026-10-10T12:06:52Z INFO [230/900] 927db7df-6d9a-411b-99cf-8ed589dd57bf: 61 groups; 2.4 s; peak memory 478 MiB.
2026-10-10T12:06:53Z INFO [231/900] 927e3a36-29f7-4a30-b13b-272032acf68d: 32 groups; 1.0 s; peak memory 478 MiB.
2026-10-10T12:06:54Z INFO [232/900] 927ed7ba-81ee-4e97-af25-714253a5c225: 35 groups; 1.5 s; peak memory 478 MiB.
2026-10-10T12:06:55Z INFO [233/900] 927ee612-1051-4b2e-8fd3-702eb1695c05: 194 groups; 1.1 s; peak memory 478 MiB.
2026-10-10T12:06:57Z INFO [234/900] 92803342-c230-47fe-b79d-d3c429502186: 207 groups; 1.4 s; peak memory 478 MiB.
2026-10-10T12:06:58Z INFO [235/900] 92806f98-935b-4b02-82a1-824074af8e6c: 25 groups; 1.0 s; peak memory 478 MiB.
2026-10-10T12:07:14Z INFO [236/900] 9280a6aa-d563-42fe-bd84-4867b1dcecb4: 23 groups; 16.1 s; peak memory 478 MiB.
2026-10-10T12:07:15Z INFO [237/900] 9280f9b5-3429-494d-8b2f-e546a23119a6: 17 groups; 0.6 s; peak memory 478 MiB.
2026-10-10T12:07:16Z INFO [238/900] 9281305e-4576-4e11-9a93-74e9b4c49835: 34 groups; 1.1 s; peak memory 478 MiB.
2026-10-10T12:07:26Z INFO [239/900] 92826351-f922-442a-ae88-350c4905907c: 232 groups; 10.3 s; peak memory 478 MiB.
2026-10-10T12:07:27Z INFO [240/900] 92836c8c-4bb9-4f68-a0ac-0f0c0f7de983: 29 groups; 1.0 s; peak memory 478 MiB.
2026-10-10T12:07:28Z INFO [241/900] 9283ba8e-a09c-45d4-9d77-6a3e9a8fb353: 22 groups; 0.8 s; peak memory 478 MiB.
2026-10-10T12:07:29Z INFO [242/900] 92842f8c-bfc4-4306-ad68-de6215e4ecaf: 16 groups; 0.7 s; peak memory 478 MiB.
2026-10-10T12:07:36Z INFO [243/900] 9284aa15-e729-46f1-b456-7981314d299e: 22 groups; 7.5 s; peak memory 478 MiB.
2026-10-10T12:07:37Z INFO [244/900] 92851b65-7669-46ad-b1f8-02c8024d99e6: 32 groups; 1.0 s; peak memory 478 MiB.
2026-10-10T12:07:38Z INFO [245/900] 92852137-1ee4-4f5b-b9a2-0f2aa9d4a84a: 33 groups; 1.2 s; peak memory 478 MiB.
2026-10-10T12:07:39Z INFO [246/900] 92854734-85aa-42af-ac09-f18683a152b8: 52 groups; 1.1 s; peak memory 478 MiB.
2026-10-10T12:07:40Z INFO [247/900] 9285ae5a-19da-4c94-9677-9d34728022ca: 32 groups; 0.9 s; peak memory 478 MiB.
2026-10-10T12:07:42Z INFO [248/900] 92873917-d999-4e9f-a4cf-60bbdffeb59d: 46 groups; 2.1 s; peak memory 478 MiB.
2026-10-10T12:07:44Z INFO [249/900] 9287c7e4-90e8-4287-9b4c-b185ef04fa2e: 48 groups; 1.9 s; peak memory 478 MiB.
2026-10-10T12:07:51Z INFO [250/900] 9287f4c3-b7db-4dd6-a37c-0304f7d4517f: 208 groups; 6.8 s; peak memory 478 MiB.
2026-10-10T12:07:51Z INFO [250/900] 9287f4c3-b7db-4dd6-a37c-0304f7d4517f: checkpointed 117686 new records.
2026-10-10T12:07:53Z INFO [251/900] 92888bb1-e257-43dd-8573-babe2c560f0e: 35 groups; 1.3 s; peak memory 478 MiB.
2026-10-10T12:07:53Z INFO [252/900] 9288e26e-578e-428f-8f94-08a2f5dafbc1: 22 groups; 0.9 s; peak memory 478 MiB.
2026-10-10T12:07:54Z INFO [253/900] 9289a6f9-3746-43b2-a5d7-a1560572ec28: 22 groups; 0.7 s; peak memory 478 MiB.
2026-10-10T12:07:55Z INFO [254/900] 928a3526-882b-4404-b5aa-3101395564f4: 22 groups; 0.7 s; peak memory 478 MiB.
2026-10-10T12:08:02Z INFO [255/900] 928a5a5f-d622-4e7f-8bd6-d70be454470d: 171 groups; 6.7 s; peak memory 478 MiB.
2026-10-10T12:08:03Z INFO [256/900] 928b8843-6e21-4003-b6b7-74eaca5b107f: 103 groups; 1.1 s; peak memory 478 MiB.
2026-10-10T12:08:03Z INFO [257/900] 928c0429-a4f5-4eb7-aa40-638f570f4a66: 22 groups; 0.7 s; peak memory 478 MiB.
2026-10-10T12:08:04Z INFO [258/900] 928c07c0-a158-428f-a7bd-1b4477a8466f: 16 groups; 0.6 s; peak memory 478 MiB.
2026-10-10T12:08:05Z INFO [259/900] 928ddb7d-26b0-4814-ab73-589e796a8f7d: 36 groups; 1.0 s; peak memory 478 MiB.
2026-10-10T12:08:06Z INFO [260/900] 928e043c-8802-458d-8440-9c28758298bd: 28 groups; 0.8 s; peak memory 478 MiB.
2026-10-10T12:08:06Z INFO [261/900] 928ea42b-e27d-4dc6-816b-73932576c946: 25 groups; 0.6 s; peak memory 478 MiB.
2026-10-10T12:08:07Z INFO [262/900] 928ed1a9-e278-4670-9472-9fbdb2d4a38f: 33 groups; 1.0 s; peak memory 478 MiB.
2026-10-10T12:08:09Z INFO [263/900] 928ee0eb-2ff6-45d1-99a7-b0cf3b69fed2: 48 groups; 1.6 s; peak memory 478 MiB.
2026-10-10T12:08:10Z INFO [264/900] 928f1019-c5f6-4672-abf4-e5e6d75a105e: 33 groups; 0.8 s; peak memory 478 MiB.
2026-10-10T12:08:11Z INFO [265/900] 928f7734-44b0-4078-8942-5e79a2bb4d89: 25 groups; 0.8 s; peak memory 478 MiB.
2026-10-10T12:08:12Z INFO [266/900] 9290e36c-fc74-4b60-a32e-09e2568d1dfc: 22 groups; 0.9 s; peak memory 478 MiB.
2026-10-10T12:08:13Z INFO [267/900] 92915606-a672-49fd-8622-6eea1e404350: 29 groups; 1.1 s; peak memory 478 MiB.
2026-10-10T12:08:13Z INFO [268/900] 92915bf5-e1da-41de-8e37-02deaa8b674a: 22 groups; 0.7 s; peak memory 478 MiB.
2026-10-10T12:08:14Z INFO [269/900] 9291cac1-d83f-445d-bde9-b4d8ffda24e8: 16 groups; 0.6 s; peak memory 478 MiB.
2026-10-10T12:08:15Z INFO [270/900] 9292299b-73d1-46f8-b750-c627e8068751: 337 groups; 1.2 s; peak memory 478 MiB.
2026-10-10T12:08:16Z INFO [271/900] 92923354-4f61-4b4e-88c4-221267b0cce0: 32 groups; 0.9 s; peak memory 478 MiB.
2026-10-10T12:08:17Z INFO [272/900] 9292b0d1-e67d-4d55-ad40-935f34e960af: 32 groups; 0.8 s; peak memory 478 MiB.
2026-10-10T12:08:19Z INFO [273/900] 92930517-8423-4a0e-a90a-cf6527b4d2df: 202 groups; 2.0 s; peak memory 478 MiB.
2026-10-10T12:08:23Z INFO [274/900] 9293eb17-fcea-4765-87e6-c0fb5557ec0f: 65 groups; 4.3 s; peak memory 478 MiB.
2026-10-10T12:08:24Z INFO [275/900] 92943500-4313-4bbc-b45e-41a6f1218194: 35 groups; 1.1 s; peak memory 478 MiB.
2026-10-10T12:08:25Z INFO [276/900] 9294a1e0-4f90-4a16-a48e-aff6aeae4710: 28 groups; 0.8 s; peak memory 478 MiB.
2026-10-10T12:08:26Z INFO [277/900] 9294a99b-f24b-426d-9b4b-6861cd06e800: 28 groups; 0.8 s; peak memory 478 MiB.
2026-10-10T12:08:27Z INFO [278/900] 92950c67-2224-41e2-99ac-7b015a563e82: 29 groups; 1.1 s; peak memory 478 MiB.
2026-10-10T12:08:28Z INFO [279/900] 92966d2a-1047-44b0-8198-670c42b626d9: 22 groups; 0.6 s; peak memory 478 MiB.
2026-10-10T12:08:29Z INFO [280/900] 9296b977-eb19-4a57-9f3c-b2bb1ba81e3a: 32 groups; 0.9 s; peak memory 478 MiB.
2026-10-10T12:08:30Z INFO [281/900] 929828ad-ef67-497e-8324-522c547a4c6e: 32 groups; 0.9 s; peak memory 478 MiB.
2026-10-10T12:08:31Z INFO [282/900] 929830b1-9346-4668-892e-fe2c4645e6b7: 32 groups; 1.1 s; peak memory 478 MiB.
2026-10-10T12:08:32Z INFO [283/900] 9298d692-b7b7-46b3-b77d-729a8f4cfc17: 32 groups; 1.0 s; peak memory 478 MiB.
2026-10-10T12:08:32Z INFO [284/900] 929a2c31-eeff-40fe-93ad-834da891a53d: 17 groups; 0.6 s; peak memory 478 MiB.
2026-10-10T12:08:33Z INFO [285/900] 929a3783-c094-4b24-97cf-609d6d9b4832: 254 groups; 1.0 s; peak memory 478 MiB.
2026-10-10T12:08:34Z INFO [286/900] 929b9783-534a-4dcd-8e7f-b6d8d7eedaca: 32 groups; 1.0 s; peak memory 478 MiB.
2026-10-10T12:08:36Z INFO [287/900] 929ba6a8-54bb-4207-8ae8-94d87ea41756: 34 groups; 1.3 s; peak memory 478 MiB.
2026-10-10T12:08:37Z INFO [288/900] 929c0b12-839c-41ef-a331-7e97a29cdbbf: 32 groups; 1.0 s; peak memory 478 MiB.
2026-10-10T12:08:38Z INFO [289/900] 929c159e-89a3-459c-876e-fc6838453665: 29 groups; 1.3 s; peak memory 478 MiB.
2026-10-10T12:08:39Z INFO [290/900] 929c4d17-3396-40a5-b49b-74247892cdce: 32 groups; 1.1 s; peak memory 478 MiB.
2026-10-10T12:08:40Z INFO [291/900] 929d9594-b208-43b1-a551-d140a8733c0a: 22 groups; 0.7 s; peak memory 478 MiB.
2026-10-10T12:08:41Z INFO [292/900] 929dab6f-0b2a-4f91-9b81-c81791c18659: 36 groups; 1.1 s; peak memory 478 MiB.
2026-10-10T12:08:42Z INFO [293/900] 929e0546-a5a7-44b9-a839-2df6264b51ad: 32 groups; 0.9 s; peak memory 478 MiB.
2026-10-10T12:08:49Z INFO [294/900] 929e2c25-5096-455d-beb8-c268b89ab7c7: 68 groups; 6.9 s; peak memory 478 MiB.
2026-10-10T12:08:49Z INFO [295/900] 929e743c-bab3-4b66-906e-19663f9c388b: 33 groups; 0.8 s; peak memory 478 MiB.
2026-10-10T12:08:50Z INFO [296/900] 929ee7cd-7973-4ed2-9624-8161918b4540: 22 groups; 0.8 s; peak memory 478 MiB.
2026-10-10T12:08:57Z INFO [297/900] 92a02e5e-5b0d-4612-b4a1-de27a6bbb6c6: 191 groups; 7.0 s; peak memory 478 MiB.
2026-10-10T12:09:06Z INFO [298/900] 92a1dc12-f83f-4e2e-90e0-b9d0e950cc93: 589 groups; 9.0 s; peak memory 478 MiB.
2026-10-10T12:09:07Z INFO [299/900] 92a3a31a-5170-4125-9915-7bc786d956b2: 22 groups; 0.9 s; peak memory 478 MiB.
2026-10-10T12:09:08Z INFO [300/900] 92a3c441-69c1-48b3-abe5-1757f2d9b0b3: 67 groups; 0.8 s; peak memory 478 MiB.
2026-10-10T12:09:08Z INFO [300/900] 92a3c441-69c1-48b3-abe5-1757f2d9b0b3: checkpointed 117736 new records.
2026-10-10T12:09:09Z INFO [301/900] 92a3e2d2-cd55-44f1-8be7-f1796884904e: 28 groups; 0.8 s; peak memory 478 MiB.
2026-10-10T12:09:10Z INFO [302/900] 92a51fe1-c388-43d6-87dd-f76f9e341f43: 18 groups; 0.9 s; peak memory 478 MiB.
2026-10-10T12:09:11Z INFO [303/900] 92a53904-99f4-4fc7-befe-de0069c3a726: 22 groups; 0.8 s; peak memory 478 MiB.
2026-10-10T12:09:11Z INFO [304/900] 92a5462c-c88d-4544-86ee-961afea3cf64: 22 groups; 0.9 s; peak memory 478 MiB.
2026-10-10T12:09:13Z INFO [305/900] 92a583eb-9154-43e7-9c68-fd9c65c34851: 55 groups; 2.0 s; peak memory 478 MiB.
2026-10-10T12:09:15Z INFO [306/900] 92a5e10b-82be-4f2e-ab77-bdba83ee72fe: 32 groups; 1.2 s; peak memory 478 MiB.
2026-10-10T12:09:17Z INFO [307/900] 92a69881-e5b8-4da6-9424-36e677ad8e9d: 65 groups; 2.8 s; peak memory 478 MiB.
2026-10-10T12:09:18Z INFO [308/900] 92a6ec82-1514-4556-9b87-b0de280ad046: 30 groups; 0.8 s; peak memory 478 MiB.
2026-10-10T12:09:23Z INFO [309/900] 92a73574-e4ac-41f3-b384-01cf6bdc1e36: 52 groups; 4.3 s; peak memory 478 MiB.
2026-10-10T12:09:26Z INFO [310/900] 92a759b4-0537-48c8-bb57-c47323c7146f: 78 groups; 3.4 s; peak memory 478 MiB.
2026-10-10T12:09:27Z INFO [311/900] 92a774ed-bf1e-4902-a28e-a6598ca4b465: 36 groups; 1.1 s; peak memory 478 MiB.
2026-10-10T12:09:28Z INFO [312/900] 92a7944b-cf9a-48b5-8861-48bd0a4b8e6d: 206 groups; 1.1 s; peak memory 478 MiB.
2026-10-10T12:09:29Z INFO [313/900] 92a87f9a-ddb0-4fb1-86f1-9b2b95b0ae7c: 22 groups; 0.9 s; peak memory 478 MiB.
2026-10-10T12:09:30Z INFO [314/900] 92a984bd-3abd-43c6-a687-b34c7a28a01a: 22 groups; 0.8 s; peak memory 478 MiB.
2026-10-10T12:09:31Z INFO [315/900] 92aa74c8-21ca-4c3b-9782-3b18b2cca8b9: 35 groups; 1.0 s; peak memory 478 MiB.
2026-10-10T12:09:32Z INFO [316/900] 92aaab1c-a0ed-46c3-8c5c-37f7943cf337: 22 groups; 0.7 s; peak memory 478 MiB.
2026-10-10T12:09:33Z INFO [317/900] 92ab5333-e519-4386-a729-a32d41f13df1: 25 groups; 0.9 s; peak memory 478 MiB.
2026-10-10T12:11:13Z INFO [318/900] 92abc5fe-6f41-4672-ac24-f845cc500d52: 65 groups; 100.3 s; peak memory 478 MiB.
2026-10-10T12:11:14Z INFO [319/900] 92ac754f-191c-4a93-85c3-8497aaf73bb6: 33 groups; 1.4 s; peak memory 478 MiB.
2026-10-10T12:11:26Z INFO [320/900] 92ad2190-9e4a-4426-af46-b56ceacbc292: 344 groups; 11.4 s; peak memory 478 MiB.
2026-10-10T12:11:27Z INFO [321/900] 92ae1f44-898a-4055-a020-d69257f9488f: 32 groups; 1.1 s; peak memory 478 MiB.
2026-10-10T12:11:28Z INFO [322/900] 92ae41c7-1a6e-4f80-9341-7012572c3e6a: 32 groups; 0.8 s; peak memory 478 MiB.
2026-10-10T12:11:41Z INFO [323/900] 92ae7375-402d-4c5c-b647-d271d3daa609: 430 groups; 13.3 s; peak memory 478 MiB.
2026-10-10T12:11:42Z INFO [324/900] 92ae7a45-af89-414b-94e2-729cf2fe4475: 16 groups; 0.8 s; peak memory 478 MiB.
2026-10-10T12:11:43Z INFO [325/900] 92b02c3e-7ada-4234-a187-ecaff3fd79b3: 32 groups; 1.1 s; peak memory 478 MiB.
2026-10-10T12:11:44Z INFO [326/900] 92b03326-4ede-4514-95d2-6f36b0f561d8: 35 groups; 1.1 s; peak memory 478 MiB.
2026-10-10T12:11:44Z INFO [327/900] 92b0dfed-71c6-481d-8949-468590fe3e58: 15 groups; 0.6 s; peak memory 478 MiB.
2026-10-10T12:11:46Z INFO [328/900] 92b106a2-ab03-46ed-87ac-a82a344a460a: 49 groups; 1.2 s; peak memory 478 MiB.
2026-10-10T12:11:46Z INFO [329/900] 92b19cf5-8df8-41ac-96a6-a12346dc5b55: 22 groups; 0.6 s; peak memory 478 MiB.
2026-10-10T12:11:47Z INFO [330/900] 92b1bc52-f798-4154-9d87-2e71770374b4: 17 groups; 1.2 s; peak memory 478 MiB.
2026-10-10T12:11:48Z INFO [331/900] 92b22d8f-4daf-4174-9033-190e9a59012a: 35 groups; 0.9 s; peak memory 478 MiB.
2026-10-10T12:11:49Z INFO [332/900] 92b2a5a7-b0ae-4b79-bc94-37d4bfa1f8f4: 32 groups; 0.8 s; peak memory 478 MiB.
2026-10-10T12:11:50Z INFO [333/900] 92b2ba56-d233-44dd-96cd-d22f17660dc6: 16 groups; 0.6 s; peak memory 478 MiB.
2026-10-10T12:11:50Z INFO [334/900] 92b30a60-14e1-46f4-8071-8ed6233d7b4e: 31 groups; 0.7 s; peak memory 478 MiB.
2026-10-10T12:11:51Z INFO [335/900] 92b39188-b1e0-40ed-b85e-9943675fc3e3: 22 groups; 0.8 s; peak memory 478 MiB.
2026-10-10T12:11:52Z INFO [336/900] 92b46b72-b299-447f-8324-e733dc0b6cf5: 32 groups; 1.1 s; peak memory 478 MiB.
2026-10-10T12:11:53Z INFO [337/900] 92b47c9e-5504-4eca-820f-9d2e498e1fe6: 32 groups; 0.9 s; peak memory 478 MiB.
2026-10-10T12:11:54Z INFO [338/900] 92b5d059-8124-4e4d-9553-198d9bf832f7: 36 groups; 1.3 s; peak memory 478 MiB.
2026-10-10T12:11:55Z INFO [339/900] 92b5ff46-2aa3-4ecb-b08b-d45d0697ac48: 25 groups; 1.0 s; peak memory 478 MiB.
2026-10-10T12:11:57Z INFO [340/900] 92b6fe75-0f96-4dee-8f6e-737e53c82263: 17 groups; 1.4 s; peak memory 478 MiB.
2026-10-10T12:12:04Z INFO [341/900] 92b70557-5490-4b41-a659-32d03c92c657: 222 groups; 7.6 s; peak memory 478 MiB.
2026-10-10T12:12:05Z INFO [342/900] 92b71f6f-e9c3-4282-a15a-708b3fc682cf: 18 groups; 0.7 s; peak memory 478 MiB.
2026-10-10T12:12:06Z INFO [343/900] 92b7fa40-2bee-4fb3-9cbe-2ee9d7d662ec: 22 groups; 0.9 s; peak memory 478 MiB.
2026-10-10T12:12:07Z INFO [344/900] 92b85b27-47ba-4b7c-b066-92057501e462: 30 groups; 0.5 s; peak memory 478 MiB.
2026-10-10T12:12:08Z INFO [345/900] 92b864a1-4fb8-427b-a358-6297eb9d34a2: 337 groups; 1.4 s; peak memory 478 MiB.
2026-10-10T12:12:09Z INFO [346/900] 92b87c2a-0ec3-459d-b73d-28ad76ef564f: 32 groups; 1.0 s; peak memory 478 MiB.
2026-10-10T12:12:17Z INFO [347/900] 92b900b3-4f75-4519-9795-bb8317207176: 283 groups; 8.1 s; peak memory 478 MiB.
2026-10-10T12:12:18Z INFO [348/900] 92b94164-945c-4cf0-8cfb-1d750cb3baeb: 32 groups; 1.0 s; peak memory 478 MiB.
2026-10-10T12:12:19Z INFO [349/900] 92b98efd-2ee9-41c5-9d71-a3752d044c50: 24 groups; 0.7 s; peak memory 478 MiB.
2026-10-10T12:12:21Z INFO [350/900] 92b9a63e-bc16-406a-99fb-85604cc2a8af: 50 groups; 2.4 s; peak memory 478 MiB.
2026-10-10T12:12:21Z INFO [350/900] 92b9a63e-bc16-406a-99fb-85604cc2a8af: checkpointed 117786 new records.
2026-10-10T12:12:22Z INFO [351/900] 92b9af3d-4324-4515-b427-ac0615dd87a6: 29 groups; 1.1 s; peak memory 478 MiB.
2026-10-10T12:12:23Z INFO [352/900] 92b9c92d-2a36-497f-8510-1613d7487248: 32 groups; 0.9 s; peak memory 478 MiB.
2026-10-10T12:12:24Z INFO [353/900] 92baf78b-e5c1-4c1d-89ef-4c190f5351cf: 32 groups; 1.0 s; peak memory 478 MiB.
2026-10-10T12:12:25Z INFO [354/900] 92bb6e42-30d9-4ee7-a152-2714af1292ba: 27 groups; 0.9 s; peak memory 478 MiB.
2026-10-10T12:12:27Z INFO [355/900] 92bb7794-a2ec-4754-912d-4e3a9977f007: 35 groups; 1.5 s; peak memory 478 MiB.
2026-10-10T12:12:29Z INFO [356/900] 92bb8d95-e292-4179-8640-f121e18c5e54: 48 groups; 1.9 s; peak memory 478 MiB.
2026-10-10T12:12:29Z INFO [357/900] 92bc1064-71c1-417d-82ad-aa8a91e8245f: 22 groups; 0.7 s; peak memory 478 MiB.
2026-10-10T12:12:30Z INFO [358/900] 92bc1409-10fb-4be9-93d8-455a495c80c1: 35 groups; 1.2 s; peak memory 478 MiB.
2026-10-10T12:12:31Z INFO [359/900] 92bc424c-cefc-4306-aa7b-a73d05eab8f7: 33 groups; 0.8 s; peak memory 478 MiB.
2026-10-10T12:12:33Z INFO [360/900] 92bcfc41-1ebf-4f6e-8224-697cb21cd5bb: 43 groups; 1.4 s; peak memory 478 MiB.
2026-10-10T12:12:37Z INFO [361/900] 92bd007e-d8a4-4bcd-bd43-f0321cb3dc4c: 78 groups; 4.1 s; peak memory 478 MiB.
2026-10-10T12:12:38Z INFO [362/900] 92bee4c9-5283-4ca8-9971-841f3ed203d6: 16 groups; 0.8 s; peak memory 478 MiB.
2026-10-10T12:12:39Z INFO [363/900] 92bf5881-ebd0-498b-892a-bad41b9a66d8: 36 groups; 1.2 s; peak memory 478 MiB.
2026-10-10T12:12:40Z INFO [364/900] 92bfc254-6920-4cc2-aef6-0c8642e209b5: 28 groups; 0.8 s; peak memory 478 MiB.
2026-10-10T12:12:42Z INFO [365/900] 92c0e191-ff48-4da7-b869-e81671cf2cda: 48 groups; 2.3 s; peak memory 478 MiB.
2026-10-10T12:12:43Z INFO [366/900] 92c18a92-3484-4748-afc1-65f6cc5b2b14: 20 groups; 0.9 s; peak memory 478 MiB.
2026-10-10T12:12:44Z INFO [367/900] 92c23922-a0db-4d8b-8f92-446e8e104b84: 32 groups; 1.1 s; peak memory 478 MiB.
2026-10-10T12:12:47Z INFO [368/900] 92c260fd-0a89-491c-8ae6-dbb42fe9c1a3: 64 groups; 3.4 s; peak memory 478 MiB.
2026-10-10T12:12:48Z INFO [369/900] 92c29e13-6c16-4288-848c-9a1f2d7f007d: 32 groups; 1.0 s; peak memory 478 MiB.
2026-10-10T12:12:49Z INFO [370/900] 92c2ae94-6a03-4d1c-91f4-1163174e08f8: 35 groups; 0.9 s; peak memory 478 MiB.
2026-10-10T12:12:50Z INFO [371/900] 92c31abb-6cc0-46a4-be07-fc257adf8194: 22 groups; 0.7 s; peak memory 478 MiB.
2026-10-10T12:12:58Z INFO [372/900] 92c40354-7306-4619-9d1f-3a9afec5d772: 196 groups; 8.0 s; peak memory 478 MiB.
2026-10-10T12:12:59Z INFO [373/900] 92c48569-a3c0-4d37-814c-4b4599a64ad4: 35 groups; 1.2 s; peak memory 478 MiB.
2026-10-10T12:13:01Z INFO [374/900] 92c5f438-7956-4e23-8a9f-0a9b22fc7b83: 54 groups; 2.2 s; peak memory 478 MiB.
2026-10-10T12:13:03Z INFO [375/900] 92c5f4e3-1110-4b79-b164-edbbf622c4c6: 32 groups; 1.1 s; peak memory 478 MiB.
2026-10-10T12:13:04Z INFO [376/900] 92c5fa0d-8ae7-42ae-909c-226a5471f6fe: 36 groups; 1.2 s; peak memory 478 MiB.
2026-10-10T12:13:13Z INFO [377/900] 92c620f6-26ad-425d-ba36-40dc48a390dd: 33 groups; 9.0 s; peak memory 478 MiB.
2026-10-10T12:13:13Z INFO [378/900] 92c6cf8e-ce43-4a2a-a7a1-94499f1a86dc: 16 groups; 0.7 s; peak memory 478 MiB.
2026-10-10T12:13:14Z INFO [379/900] 92c6dfbb-19ce-49c1-a85f-e2b3e10458dc: 22 groups; 0.9 s; peak memory 478 MiB.
2026-10-10T12:13:15Z INFO [380/900] 92c8478a-777c-4048-97c5-74b394950e65: 17 groups; 0.7 s; peak memory 478 MiB.
2026-10-10T12:13:19Z INFO [381/900] 92c85b9d-5de4-49da-9345-2ce9515ce9c2: 66 groups; 4.5 s; peak memory 478 MiB.
2026-10-10T12:13:22Z INFO [382/900] 92c91421-a56c-457b-a899-ee54f9dcb249: 17 groups; 2.9 s; peak memory 478 MiB.
2026-10-10T12:13:31Z INFO [383/900] 92c91866-a5c6-4963-998f-a8db71d5e28f: 352 groups; 8.5 s; peak memory 478 MiB.
2026-10-10T12:13:32Z INFO [384/900] 92c9c29b-4b5b-4874-98c0-93bc13c16bd2: 22 groups; 0.8 s; peak memory 478 MiB.
2026-10-10T12:13:33Z INFO [385/900] 92ca0253-ff1d-4f8d-ba7e-74288883957a: 35 groups; 1.2 s; peak memory 478 MiB.
2026-10-10T12:13:34Z INFO [386/900] 92ca7728-5bdd-4808-9c9b-bacc508a4b41: 22 groups; 0.8 s; peak memory 478 MiB.
2026-10-10T12:13:35Z INFO [387/900] 92ca783d-3b8b-4bf6-ad19-5e1d39f8f77e: 35 groups; 1.1 s; peak memory 478 MiB.
2026-10-10T12:13:39Z INFO [388/900] 92cc0332-e53c-4f48-b3fa-4f7202ac204f: 78 groups; 4.1 s; peak memory 478 MiB.
2026-10-10T12:13:40Z INFO [389/900] 92cc21c2-e4aa-4f4f-a4c2-1b4ca5a89965: 35 groups; 1.1 s; peak memory 478 MiB.
2026-10-10T12:13:45Z INFO [390/900] 92cc6de1-1e85-4a19-9388-ef9b6577a94f: 66 groups; 5.3 s; peak memory 478 MiB.
2026-10-10T12:13:46Z INFO [391/900] 92ccbe17-7a65-4203-af28-4ab75bf18c29: 201 groups; 1.0 s; peak memory 478 MiB.
2026-10-10T12:13:47Z INFO [392/900] 92ccd29b-269f-43a0-bd8f-14a75a0113e4: 35 groups; 1.0 s; peak memory 478 MiB.
2026-10-10T12:13:48Z INFO [393/900] 92ccdd84-fcf3-4eed-9cee-62cf90a9e896: 33 groups; 1.3 s; peak memory 478 MiB.
2026-10-10T12:13:49Z INFO [394/900] 92cd9def-9d1f-4de0-9bdc-c580a510ea9f: 32 groups; 0.8 s; peak memory 478 MiB.
2026-10-10T12:13:55Z INFO [395/900] 92cdf0e2-926e-462f-b727-9f2cb888c84f: 181 groups; 5.4 s; peak memory 478 MiB.
2026-10-10T12:13:58Z INFO [396/900] 92cf2070-a329-431b-8867-632413d6bb2b: 78 groups; 3.5 s; peak memory 478 MiB.
2026-10-10T12:13:59Z INFO [397/900] 92cff2b6-e033-4cb9-a9e1-0c2b230e36cf: 22 groups; 0.8 s; peak memory 478 MiB.
2026-10-10T12:14:08Z INFO [398/900] 92d09a0f-a7a0-4e87-b6c9-8e988dcef87d: 400 groups; 9.3 s; peak memory 478 MiB.
2026-10-10T12:14:10Z INFO [399/900] 92d0a63d-4980-4f91-85e4-79f4f6cf7e5a: 48 groups; 1.8 s; peak memory 478 MiB.
2026-10-10T12:14:11Z INFO [400/900] 92d1c543-31d3-42fe-91c3-fc8a965c3c37: 28 groups; 0.7 s; peak memory 478 MiB.
2026-10-10T12:14:11Z INFO [400/900] 92d1c543-31d3-42fe-91c3-fc8a965c3c37: checkpointed 117836 new records.
2026-10-10T12:14:12Z INFO [401/900] 92d1d7ae-e3e2-4e37-b83c-64d8e937aad9: 32 groups; 1.0 s; peak memory 478 MiB.
2026-10-10T12:15:19Z INFO [402/900] 92d1f720-124e-4195-9055-0e3ae3e812a2: 31 groups; 67.2 s; peak memory 478 MiB.
2026-10-10T12:15:20Z INFO [403/900] 92d21b80-214d-45f5-a83d-a837a4fcebfd: 22 groups; 0.8 s; peak memory 478 MiB.
2026-10-10T12:15:21Z INFO [404/900] 92d3efdb-1e0f-490c-91ab-a36960171318: 25 groups; 0.7 s; peak memory 478 MiB.
2026-10-10T12:15:22Z INFO [405/900] 92d50c0a-67bc-41bb-8c3b-7da22bd3f84d: 35 groups; 1.6 s; peak memory 478 MiB.
2026-10-10T12:15:24Z INFO [406/900] 92d52cd1-31d1-4af0-a8dc-c050856944d5: 43 groups; 1.5 s; peak memory 478 MiB.
2026-10-10T12:15:25Z INFO [407/900] 92d728a7-b31e-47f5-8987-a62c1f8d076c: 32 groups; 1.0 s; peak memory 478 MiB.
2026-10-10T12:15:30Z INFO [408/900] 92d792f0-6ca2-4b30-b707-015b7c4d89cc: 65 groups; 4.7 s; peak memory 478 MiB.
2026-10-10T12:15:35Z INFO [409/900] 92d832a0-cc28-47c1-8114-17ba9e417381: 57 groups; 5.0 s; peak memory 478 MiB.
2026-10-10T12:15:36Z INFO [410/900] 92d868c4-5870-4f1f-9705-97e7778b5203: 35 groups; 1.0 s; peak memory 478 MiB.
2026-10-10T12:15:40Z INFO [411/900] 92da5490-9bef-4f7a-9c9c-95a74580898b: 129 groups; 4.1 s; peak memory 478 MiB.
2026-10-10T12:15:41Z INFO [412/900] 92daeb85-ea5b-433a-bd1c-64c10132eb4f: 35 groups; 1.2 s; peak memory 478 MiB.
2026-10-10T12:15:42Z INFO [413/900] 92db0883-dc2c-4132-b386-798924a99e4d: 35 groups; 1.1 s; peak memory 478 MiB.
2026-10-10T12:15:43Z INFO [414/900] 92dbb1c4-60f6-452c-bac6-69e810f00159: 32 groups; 0.8 s; peak memory 478 MiB.
2026-10-10T12:15:44Z INFO [415/900] 92dca47e-e73f-4e40-86fa-3c57df5f39cd: 22 groups; 0.8 s; peak memory 478 MiB.
2026-10-10T12:15:54Z INFO [416/900] 92dce78c-6e73-4082-be4c-c8f0ee6fb1f1: 284 groups; 10.5 s; peak memory 478 MiB.
2026-10-10T12:15:56Z INFO [417/900] 92dcfa01-8d77-4b9f-99b3-dfb0101b5cad: 35 groups; 1.3 s; peak memory 478 MiB.
2026-10-10T12:15:57Z INFO [418/900] 92dd6e36-eb4f-46fd-9172-35de126bbd04: 35 groups; 1.2 s; peak memory 478 MiB.
2026-10-10T12:15:58Z INFO [419/900] 92dd7d96-d4f5-4872-92eb-f9d07798bbd0: 32 groups; 0.9 s; peak memory 478 MiB.
2026-10-10T12:15:59Z INFO [420/900] 92ddac0b-e20e-4861-b7ff-ae24b61d2405: 32 groups; 1.0 s; peak memory 478 MiB.
2026-10-10T12:16:00Z INFO [421/900] 92ddbe26-6bbb-4c37-a8bf-36973ac726e4: 34 groups; 1.1 s; peak memory 478 MiB.
2026-10-10T12:16:01Z INFO [422/900] 92ddc309-14da-4123-a241-d92e9dc8c4a3: 16 groups; 0.7 s; peak memory 478 MiB.
2026-10-10T12:16:01Z INFO [423/900] 92ddeb8b-771b-42be-b86d-a52145ed4f5e: 22 groups; 0.8 s; peak memory 478 MiB.
2026-10-10T12:16:03Z INFO [424/900] 92de45b2-0c55-41bf-9d4a-c5a5258106de: 36 groups; 1.4 s; peak memory 478 MiB.
2026-10-10T12:16:04Z INFO [425/900] 92debf76-6b1f-4592-98e7-8f4915d7765f: 35 groups; 1.4 s; peak memory 478 MiB.
2026-10-10T12:16:08Z INFO [426/900] 92ded7db-7c91-4000-acd5-0281ab6d9487: 78 groups; 4.2 s; peak memory 478 MiB.
2026-10-10T12:16:09Z INFO [427/900] 92df6c1e-adcf-4e21-a75e-f50d22ffcc8c: 35 groups; 1.2 s; peak memory 478 MiB.
2026-10-10T12:16:10Z INFO [428/900] 92dffb07-cef3-408f-9eb8-d6213c2c0665: 26 groups; 0.7 s; peak memory 478 MiB.
2026-10-10T12:17:51Z INFO [429/900] 92e07601-8eb7-4d05-bb43-6191156c061d: 60 groups; 101.2 s; peak memory 478 MiB.
2026-10-10T12:17:52Z INFO [430/900] 92e0d636-1b32-4bd1-a352-0551cd540847: 22 groups; 0.9 s; peak memory 478 MiB.
2026-10-10T12:17:58Z INFO [431/900] 92e0db2b-b176-47bf-9984-6250999d5d40: 163 groups; 5.7 s; peak memory 478 MiB.
2026-10-10T12:18:00Z INFO [432/900] 92e12c68-c9af-4573-8c3f-ac1b6790d429: 48 groups; 1.8 s; peak memory 478 MiB.
2026-10-10T12:18:01Z INFO [433/900] 92e2c928-c60f-48eb-a1f9-dfcaff531db3: 32 groups; 0.8 s; peak memory 478 MiB.
2026-10-10T12:18:02Z INFO [434/900] 92e529a3-d71f-4f13-b0ca-e9fa8fef9824: 336 groups; 1.6 s; peak memory 478 MiB.
2026-10-10T12:18:03Z INFO [435/900] 92e6848d-cadd-443d-8267-ede8acc41089: 22 groups; 0.7 s; peak memory 478 MiB.
2026-10-10T12:18:04Z INFO [436/900] 92e6c4c3-735a-4a22-9345-16d7738b3598: 22 groups; 1.0 s; peak memory 478 MiB.
2026-10-10T12:18:05Z INFO [437/900] 92e732c5-2c0d-4c9a-a20c-765e72aa8a2d: 22 groups; 0.9 s; peak memory 478 MiB.
2026-10-10T12:18:06Z INFO [438/900] 92e74dba-0752-4468-aed0-22e5a48267c9: 30 groups; 0.7 s; peak memory 478 MiB.
2026-10-10T12:18:06Z INFO [439/900] 92e7d777-1319-423c-abf3-9ee7315b50cb: 22 groups; 0.9 s; peak memory 478 MiB.
2026-10-10T12:18:07Z INFO [440/900] 92e80876-19fa-49bb-901b-a1c92777d6dc: 22 groups; 0.9 s; peak memory 478 MiB.
2026-10-10T12:18:09Z INFO [441/900] 92e83be5-9c63-4f6a-a5a6-f9c7868671dc: 35 groups; 1.2 s; peak memory 478 MiB.
2026-10-10T12:18:10Z INFO [442/900] 92e879fb-b72a-4cd4-b759-428853a08695: 35 groups; 1.6 s; peak memory 478 MiB.
2026-10-10T12:19:03Z INFO [443/900] 92e99876-8576-4083-b828-2da1d6fdf528: 53 groups; 53.3 s; peak memory 478 MiB.
2026-10-10T12:19:04Z INFO [444/900] 92e9f3de-111c-4f3c-a87c-dcb48c83c2ab: 87 groups; 1.1 s; peak memory 478 MiB.
2026-10-10T12:19:08Z INFO [445/900] 92eaa787-f005-4c14-9a10-ecdd8ed2e8af: 181 groups; 3.6 s; peak memory 478 MiB.
2026-10-10T12:19:09Z INFO [446/900] 92eac960-a50e-41c2-80d3-6ce02dd54042: 32 groups; 1.0 s; peak memory 478 MiB.
2026-10-10T12:19:11Z INFO [447/900] 92eb8932-047a-49b5-98f9-dd7916554780: 199 groups; 1.6 s; peak memory 478 MiB.
2026-10-10T12:19:12Z INFO [448/900] 92ec237d-dfb6-4a76-bb33-600ffbe4bef9: 35 groups; 1.2 s; peak memory 478 MiB.
2026-10-10T12:19:13Z INFO [449/900] 92eccb9a-d13f-4648-a29a-9ddcea356529: 47 groups; 1.7 s; peak memory 478 MiB.
2026-10-10T12:19:16Z INFO [450/900] 92ecfb86-b844-4ab1-99c5-9e5e172f9a67: 25 groups; 2.6 s; peak memory 478 MiB.
2026-10-10T12:19:16Z INFO [450/900] 92ecfb86-b844-4ab1-99c5-9e5e172f9a67: checkpointed 117886 new records.
2026-10-10T12:19:18Z INFO [451/900] 92ed1ffe-1098-446d-9c21-d88ff181d8d4: 53 groups; 2.2 s; peak memory 478 MiB.
2026-10-10T12:19:19Z INFO [452/900] 92ed2f21-f8fa-441f-bfb9-4bb10b8ffe1e: 17 groups; 0.8 s; peak memory 478 MiB.
2026-10-10T12:19:21Z INFO [453/900] 92ed5406-e43e-48eb-8592-823085716a53: 259 groups; 1.6 s; peak memory 478 MiB.
2026-10-10T12:19:22Z INFO [454/900] 92ed611c-0ed0-4253-acf6-e70e0eda3f75: 22 groups; 0.9 s; peak memory 478 MiB.
2026-10-10T12:19:22Z INFO [455/900] 92ed7d1e-d287-4971-b990-02c295ba2ff5: 28 groups; 0.7 s; peak memory 478 MiB.
2026-10-10T12:19:28Z INFO [456/900] 92ee0e9a-ba15-4d8a-bc34-d82ccc284ebe: 206 groups; 5.9 s; peak memory 478 MiB.
2026-10-10T12:21:02Z INFO [457/900] 92ee9673-e34f-4aa6-8309-a22aa5e61255: 28 groups; 93.2 s; peak memory 478 MiB.
2026-10-10T12:21:41Z INFO [458/900] 92eee618-29fc-4959-a4a5-d301d55a490c: 1810 groups; 39.1 s; peak memory 478 MiB.
2026-10-10T12:21:41Z INFO [459/900] 92ef9840-fc2d-4fc7-a8dd-53a82e1ab3d4: 16 groups; 0.8 s; peak memory 478 MiB.
2026-10-10T12:22:55Z INFO [460/900] 92f03948-e4c2-483c-bfd3-348fa72d1434: 1730 groups; 73.2 s; peak memory 478 MiB.
2026-10-10T12:22:56Z INFO [461/900] 92f0589b-8ab9-457a-9b99-0092fe1f83c3: 33 groups; 0.9 s; peak memory 478 MiB.
2026-10-10T12:22:57Z INFO [462/900] 92f06da4-45b8-49d2-a74a-427f723f2dd2: 22 groups; 1.0 s; peak memory 478 MiB.
2026-10-10T12:23:00Z INFO [463/900] 92f0be85-9b3f-432c-be8b-16d4f13295ff: 33 groups; 3.6 s; peak memory 478 MiB.
2026-10-10T12:23:05Z INFO [464/900] 92f121be-742a-49d7-b46c-27ed7215c11e: 158 groups; 5.0 s; peak memory 478 MiB.
2026-10-10T12:23:30Z INFO [465/900] 92f1d2fe-b2cf-4ad0-984b-bcc0480df396: 3523 groups; 24.9 s; peak memory 478 MiB.
2026-10-10T12:23:31Z INFO [466/900] 92f2d029-22fc-4e54-b509-b0050fec106c: 34 groups; 1.4 s; peak memory 478 MiB.
2026-10-10T12:23:41Z INFO [467/900] 92f2d06d-f022-4c5f-8445-763a7f6940b4: 253 groups; 9.1 s; peak memory 478 MiB.
2026-10-10T12:23:43Z INFO [468/900] 92f3440b-e0bb-40b3-9aee-f2f258b1528c: 48 groups; 2.1 s; peak memory 478 MiB.
2026-10-10T12:23:44Z INFO [469/900] 92f39ede-532a-4886-940a-af3c219c1bc8: 35 groups; 1.4 s; peak memory 478 MiB.
2026-10-10T12:23:45Z INFO [470/900] 92f3dc4c-f7ee-448f-aa26-108cc5e8ae72: 22 groups; 0.7 s; peak memory 478 MiB.
2026-10-10T12:23:45Z INFO [471/900] 92f4ed08-aa97-47ae-a80d-a9946f8ab652: 22 groups; 0.8 s; peak memory 478 MiB.
2026-10-10T12:23:46Z INFO [472/900] 92f510cb-8790-41bc-b5ba-c0d2bb3cdc8e: 22 groups; 0.9 s; peak memory 478 MiB.
2026-10-10T12:23:47Z INFO [473/900] 92f53b6b-834a-4e0c-8ee1-52995542c03b: 22 groups; 0.8 s; peak memory 478 MiB.
2026-10-10T12:24:24Z INFO [474/900] 92f5408c-53fe-45f1-a667-87b66367d0e6: 153 groups; 36.4 s; peak memory 478 MiB.
2026-10-10T12:24:25Z INFO [475/900] 92f5c9e7-d37c-4092-adf2-58e78d7e8182: 24 groups; 1.1 s; peak memory 478 MiB.
2026-10-10T12:24:25Z INFO [476/900] 92f6172a-4c85-4565-ae1f-2a361042831e: 22 groups; 0.8 s; peak memory 478 MiB.
2026-10-10T12:24:27Z INFO [477/900] 92f654b5-ae49-4431-b373-63bb6729a976: 194 groups; 1.2 s; peak memory 478 MiB.
2026-10-10T12:24:28Z INFO [478/900] 92f6b74c-8e46-4c9d-99ca-5b092241a378: 32 groups; 1.0 s; peak memory 478 MiB.
2026-10-10T12:24:29Z INFO [479/900] 92f9e478-90ab-46ae-964d-3f476a1c5f9c: 48 groups; 1.5 s; peak memory 478 MiB.
2026-10-10T12:24:31Z INFO [480/900] 92fa2b90-c7e1-459c-8b8f-d5871f6dbb4f: 32 groups; 1.5 s; peak memory 478 MiB.
2026-10-10T12:24:34Z INFO [481/900] 92fb10b1-159c-495f-af9b-03a38827cb45: 68 groups; 3.5 s; peak memory 478 MiB.
2026-10-10T12:24:36Z INFO [482/900] 92fb8ef5-f68c-4d0a-930f-6923c5ef6bba: 36 groups; 1.3 s; peak memory 478 MiB.
2026-10-10T12:24:36Z INFO [483/900] 92fbc60d-e389-4620-8122-b0775fef2ebd: 22 groups; 0.8 s; peak memory 478 MiB.
2026-10-10T12:24:37Z INFO [484/900] 92fdd82e-41f4-4580-b5d4-e80d8c311354: 35 groups; 1.1 s; peak memory 478 MiB.
2026-10-10T12:24:39Z INFO [485/900] 92fe34eb-d5b7-456b-b454-7951897b05f0: 201 groups; 1.0 s; peak memory 478 MiB.
2026-10-10T12:24:44Z INFO [486/900] 92febf9e-e791-4ac3-af10-b5d8392c7306: 120 groups; 5.2 s; peak memory 478 MiB.
2026-10-10T12:24:45Z INFO [487/900] 92ff3b1e-40af-4692-964b-019262e81dea: 54 groups; 1.7 s; peak memory 478 MiB.
2026-10-10T12:24:46Z INFO [488/900] 92ff5d29-eeca-4faa-8dd4-9f1391c31e47: 26 groups; 1.0 s; peak memory 478 MiB.
2026-10-10T12:24:50Z INFO [489/900] 92ffc23e-c79a-4417-85d0-d6b6ecd79e5e: 56 groups; 3.9 s; peak memory 478 MiB.
2026-10-10T12:30:11Z INFO [490/900] 92ffcbdc-a30f-42e3-9199-777e921caaf3: 9310 groups; 320.2 s; peak memory 970 MiB.
2026-10-10T12:30:12Z INFO [491/900] 930103b1-e988-4ba7-a51b-d1cb635eeb11: 43 groups; 1.9 s; peak memory 970 MiB.
2026-10-10T12:45:38Z INFO [492/900] 93010b2b-64ee-4b75-879d-c6e6e7557516: 67 groups; 925.7 s; peak memory 1168 MiB.
2026-10-10T12:45:39Z INFO [493/900] 93011740-e705-4774-8b23-ee9c9f8da843: 31 groups; 0.7 s; peak memory 1168 MiB.
2026-10-10T12:45:40Z INFO [494/900] 9302a9a4-ffd9-47ab-9cf9-23e6edc994f2: 32 groups; 1.1 s; peak memory 1168 MiB.
2026-10-10T12:45:41Z INFO [495/900] 9302f6c5-5b88-48fd-95ba-f73fd31b4290: 195 groups; 1.0 s; peak memory 1168 MiB.
2026-10-10T12:45:42Z INFO [496/900] 9303bded-8e6b-4d8e-9b38-c6f6272af02c: 22 groups; 0.9 s; peak memory 1168 MiB.
2026-10-10T12:45:58Z INFO [497/900] 930460d9-ea62-43b7-a743-f3f656590fe1: 23 groups; 16.4 s; peak memory 1168 MiB.
2026-10-10T12:49:01Z INFO [498/900] 93048aff-ec43-437c-b688-66bab3da8101: 93 groups; 182.5 s; peak memory 1168 MiB.
2026-10-10T12:49:02Z INFO [499/900] 93051f9d-938d-4a2f-8e7b-99a06484e167: 33 groups; 1.0 s; peak memory 1168 MiB.
2026-10-10T12:49:03Z INFO [500/900] 93054bf5-c645-4cf7-a47f-e9f63cc2ed70: 16 groups; 0.8 s; peak memory 1168 MiB.
2026-10-10T12:49:03Z INFO [500/900] 93054bf5-c645-4cf7-a47f-e9f63cc2ed70: checkpointed 117936 new records.
2026-10-10T12:49:04Z INFO [501/900] 9305af13-a27d-4a77-8526-789d36dc9cae: 22 groups; 0.9 s; peak memory 1168 MiB.
2026-10-10T12:49:04Z INFO [502/900] 9305d749-929a-4146-85e3-8d10c8006626: 16 groups; 0.6 s; peak memory 1168 MiB.
2026-10-10T12:49:05Z INFO [503/900] 9305ef2a-66d5-4e6d-9e8b-67d55e2b2310: 22 groups; 0.9 s; peak memory 1168 MiB.
2026-10-10T12:49:06Z INFO [504/900] 930605b9-6ae9-49af-be8d-cc1b811b9d14: 26 groups; 0.7 s; peak memory 1168 MiB.
2026-10-10T12:49:07Z INFO [505/900] 93062a61-f228-48b7-a3e1-f089cc094af8: 35 groups; 1.2 s; peak memory 1168 MiB.
2026-10-10T12:49:11Z INFO [506/900] 93066e05-23b7-4123-a7d3-9e8d93eddc50: 168 groups; 3.9 s; peak memory 1168 MiB.
2026-10-10T12:49:12Z INFO [507/900] 9306ae43-5735-43e5-88e2-e08a603519a9: 32 groups; 1.0 s; peak memory 1168 MiB.
2026-10-10T12:49:22Z INFO [508/900] 9306cf40-e18c-4729-92f9-1eb2eb198a31: 309 groups; 9.9 s; peak memory 1168 MiB.
2026-10-10T12:49:22Z INFO [509/900] 93071922-59eb-4bc0-948b-2542aca23d8a: 25 groups; 0.7 s; peak memory 1168 MiB.
2026-10-10T12:49:26Z INFO [510/900] 9307791f-de85-4721-a407-f973cd302e8b: 73 groups; 3.8 s; peak memory 1168 MiB.
2026-10-10T12:49:27Z INFO [511/900] 9307c32a-0cef-4ed4-bf7f-14ef7114336b: 16 groups; 0.6 s; peak memory 1168 MiB.
2026-10-10T12:49:27Z INFO [512/900] 93082567-dbd1-4714-a210-41c86b95fc3d: 22 groups; 0.7 s; peak memory 1168 MiB.
2026-10-10T12:49:28Z INFO [513/900] 930835f4-d6d5-4ec1-9ddb-698661c986ba: 22 groups; 0.8 s; peak memory 1168 MiB.
2026-10-10T12:49:33Z INFO [514/900] 93084d56-1d9b-4904-8f59-5c34bca72ef9: 66 groups; 5.0 s; peak memory 1168 MiB.
2026-10-10T12:49:34Z INFO [515/900] 9309afac-343e-4402-b4aa-0f84b64f1408: 32 groups; 0.9 s; peak memory 1168 MiB.
2026-10-10T12:49:35Z INFO [516/900] 9309da7c-44f9-466b-b97c-05d8d475f5de: 32 groups; 0.9 s; peak memory 1168 MiB.
2026-10-10T12:49:36Z INFO [517/900] 930ac25e-1077-42b3-996a-2167d5043dd9: 33 groups; 1.2 s; peak memory 1168 MiB.
2026-10-10T12:49:37Z INFO [518/900] 930b04d1-e5a5-4d6f-aa2d-9e22c0a397e2: 22 groups; 0.9 s; peak memory 1168 MiB.
2026-10-10T12:49:42Z INFO [519/900] 930c00c6-a3e8-4354-8186-7f377b734bc9: 181 groups; 4.9 s; peak memory 1168 MiB.
2026-10-10T12:49:43Z INFO [520/900] 930c0303-c59f-4ee7-be65-e714e0f74b23: 33 groups; 0.7 s; peak memory 1168 MiB.
2026-10-10T12:49:43Z INFO [521/900] 930c0684-eeef-4806-9814-4061275cf314: 20 groups; 0.7 s; peak memory 1168 MiB.
2026-10-10T12:49:47Z INFO [522/900] 930c6a1f-b4c8-4451-98a8-87a5d28279d1: 71 groups; 4.0 s; peak memory 1168 MiB.
2026-10-10T12:49:48Z INFO [523/900] 930d6f16-b9d5-4d20-b38e-495076f3ce85: 26 groups; 0.7 s; peak memory 1168 MiB.
2026-10-10T12:49:49Z INFO [524/900] 930d9381-43c3-40e8-b5ee-34a33c29d6b9: 21 groups; 0.8 s; peak memory 1168 MiB.
2026-10-10T12:49:50Z INFO [525/900] 930db96c-772e-4609-9599-5271ea373efd: 25 groups; 0.8 s; peak memory 1168 MiB.
2026-10-10T12:49:50Z INFO [526/900] 930e6a73-7ea0-4c51-b9a3-2ffc4098c8ba: 22 groups; 0.7 s; peak memory 1168 MiB.
2026-10-10T12:49:52Z INFO [527/900] 930edcfd-84fa-45f4-9c8d-4e6d92735d7d: 35 groups; 1.3 s; peak memory 1168 MiB.
2026-10-10T12:49:53Z INFO [528/900] 930f0f24-6ebc-4d64-883a-77696b2171fc: 32 groups; 1.4 s; peak memory 1168 MiB.
2026-10-10T12:49:54Z INFO [529/900] 930f5956-586a-44cd-ac56-7403a9676f1d: 35 groups; 1.2 s; peak memory 1168 MiB.
2026-10-10T12:49:55Z INFO [530/900] 930f9959-ef04-4c73-9fea-e92500c6fbbb: 22 groups; 0.8 s; peak memory 1168 MiB.
2026-10-10T12:50:09Z INFO [531/900] 931127ab-3ac3-4807-a283-64b59e696021: 402 groups; 13.9 s; peak memory 1168 MiB.
2026-10-10T12:50:11Z INFO [532/900] 93113170-0a60-4345-8821-95d3ae013218: 53 groups; 2.1 s; peak memory 1168 MiB.
2026-10-10T12:50:12Z INFO [533/900] 931182dd-599a-4a4c-8d45-460a4b8dc36d: 35 groups; 0.9 s; peak memory 1168 MiB.
2026-10-10T12:50:18Z INFO [534/900] 93118923-b442-404f-b43d-222b0a80dc43: 209 groups; 5.6 s; peak memory 1168 MiB.
2026-10-10T12:50:19Z INFO [535/900] 93118a3a-56ba-4a49-8006-7b7748576040: 207 groups; 1.4 s; peak memory 1168 MiB.
2026-10-10T12:50:20Z INFO [536/900] 9311f361-679c-40f9-9325-fda72f453524: 68 groups; 0.8 s; peak memory 1168 MiB.
2026-10-10T12:50:22Z INFO [537/900] 93122203-8001-4cfa-8619-f30d75c331da: 48 groups; 2.0 s; peak memory 1168 MiB.
2026-10-10T12:50:24Z INFO [538/900] 93127566-9311-4adf-a63e-5e018be736f5: 45 groups; 2.4 s; peak memory 1168 MiB.
2026-10-10T12:50:26Z INFO [539/900] 93133f54-4f4b-41b9-994c-da1ad105f190: 337 groups; 1.4 s; peak memory 1168 MiB.
2026-10-10T12:50:26Z INFO [540/900] 9313ab4b-eb0f-44b2-969c-c89c490e8755: 22 groups; 0.8 s; peak memory 1168 MiB.
2026-10-10T12:50:28Z INFO [541/900] 9314003a-cb8e-4ca3-95fe-c514b976ff1e: 33 groups; 1.3 s; peak memory 1168 MiB.
2026-10-10T12:50:31Z INFO [542/900] 93145488-e969-4c32-842d-bb8caef8ad6e: 47 groups; 2.9 s; peak memory 1168 MiB.
2026-10-10T12:50:46Z INFO [543/900] 93148351-fff4-42cc-a3eb-ff85c06b8f29: 23 groups; 15.9 s; peak memory 1168 MiB.
2026-10-10T12:50:47Z INFO [544/900] 9314e39f-a464-4e70-a4f0-c2255fe1da2a: 22 groups; 0.9 s; peak memory 1168 MiB.
2026-10-10T12:51:03Z INFO [545/900] 93173c05-52dd-4320-8a78-8fdcfc5f6582: 157 groups; 15.1 s; peak memory 1168 MiB.
2026-10-10T12:51:04Z INFO [546/900] 93176cc3-26d5-40d3-b133-32ccbeec6aec: 194 groups; 1.2 s; peak memory 1168 MiB.
2026-10-10T12:51:07Z INFO [547/900] 931805b6-b7b6-413d-94e7-3d326934af30: 116 groups; 3.2 s; peak memory 1168 MiB.
2026-10-10T12:51:08Z INFO [548/900] 93181b1f-a7c5-4d6a-bb24-1bb0629d91ca: 32 groups; 0.7 s; peak memory 1168 MiB.
2026-10-10T12:51:08Z INFO [549/900] 9318753e-d1e8-49b1-bf4c-68f51c8b2a2c: 22 groups; 0.8 s; peak memory 1168 MiB.
2026-10-10T12:51:09Z INFO [550/900] 9318a6fc-508a-4aa6-a46d-ad8aea7191d3: 22 groups; 0.9 s; peak memory 1168 MiB.
2026-10-10T12:51:09Z INFO [550/900] 9318a6fc-508a-4aa6-a46d-ad8aea7191d3: checkpointed 117986 new records.
2026-10-10T12:51:16Z INFO [551/900] 931935a4-4fbd-4773-8b39-6d689572bf0d: 231 groups; 6.1 s; peak memory 1168 MiB.
2026-10-10T12:51:16Z INFO [552/900] 931953fe-a2ad-4028-9adf-3c0754ea807a: 22 groups; 0.5 s; peak memory 1168 MiB.
2026-10-10T12:51:17Z INFO [553/900] 931a8774-20a4-4e62-9ad3-340c3ac3d2b7: 22 groups; 0.8 s; peak memory 1168 MiB.
2026-10-10T12:51:18Z INFO [554/900] 931ac548-0c15-4fa6-8498-aed2d05e6b15: 17 groups; 0.7 s; peak memory 1168 MiB.
2026-10-10T12:51:19Z INFO [555/900] 931b2adf-7afa-434e-8a52-c5f8307ea277: 201 groups; 1.0 s; peak memory 1168 MiB.
2026-10-10T12:51:20Z INFO [556/900] 931b3d84-37d5-4ced-9f8c-1325377a4e7b: 32 groups; 0.9 s; peak memory 1168 MiB.
2026-10-10T12:51:34Z INFO [557/900] 931b832f-1c5a-4422-a367-be3c5f6d9675: 23 groups; 14.5 s; peak memory 1168 MiB.
2026-10-10T12:51:36Z INFO [558/900] 931bfe83-492d-46a2-ad0a-3839bfbec856: 35 groups; 1.6 s; peak memory 1168 MiB.
2026-10-10T12:51:36Z INFO [559/900] 931cfe32-a0d8-495a-be20-c4874c0268bc: 202 groups; 0.8 s; peak memory 1168 MiB.
2026-10-10T12:51:37Z INFO [560/900] 931d699f-0249-44a2-9ba3-2ddc1ef0f4e9: 194 groups; 0.9 s; peak memory 1168 MiB.
2026-10-10T12:51:38Z INFO [561/900] 931eefb4-06d6-4bd7-8a87-1ad62be3e469: 33 groups; 1.0 s; peak memory 1168 MiB.
2026-10-10T12:51:39Z INFO [562/900] 931f2920-22f1-4a41-9607-f4596158d8c7: 29 groups; 0.8 s; peak memory 1168 MiB.
2026-10-10T12:53:14Z INFO [563/900] 93208ef0-4723-4677-a230-1264510d95c3: 60 groups; 94.7 s; peak memory 1168 MiB.
2026-10-10T12:53:15Z INFO [564/900] 9320c588-c0c2-4e6f-b108-ab3a6ae29d05: 32 groups; 1.0 s; peak memory 1168 MiB.
2026-10-10T12:53:16Z INFO [565/900] 9320d1bf-3cc1-4164-b75d-fdf716658679: 24 groups; 0.8 s; peak memory 1168 MiB.
2026-10-10T12:53:16Z INFO [566/900] 932154a1-5f23-401c-989d-617c2d911d59: 18 groups; 0.7 s; peak memory 1168 MiB.
2026-10-10T12:53:17Z INFO [567/900] 9321ae3f-71bf-46b6-98bc-07ec6300ca9b: 36 groups; 1.1 s; peak memory 1168 MiB.
2026-10-10T12:53:18Z INFO [568/900] 93222dd0-2dc4-4b5e-a240-1c8149be5b12: 22 groups; 0.9 s; peak memory 1168 MiB.
2026-10-10T12:53:20Z INFO [569/900] 9322b4de-fde8-4d4e-886b-4fd5d23425a0: 35 groups; 1.3 s; peak memory 1168 MiB.
2026-10-10T12:53:20Z INFO [570/900] 9322c6ae-5e65-4ed5-830c-b143bbf03ea6: 32 groups; 0.8 s; peak memory 1168 MiB.
2026-10-10T12:53:27Z INFO [571/900] 9322d6c4-de73-40af-bc18-4d48d0984fc0: 227 groups; 6.9 s; peak memory 1168 MiB.
2026-10-10T12:53:28Z INFO [572/900] 9323cdc7-0978-4478-9702-7a038ceac7a7: 16 groups; 0.6 s; peak memory 1168 MiB.
2026-10-10T12:53:33Z INFO [573/900] 93243a4c-229f-478e-881b-c714d737c548: 96 groups; 5.1 s; peak memory 1168 MiB.
2026-10-10T12:53:34Z INFO [574/900] 9324655b-5fc4-4961-8bda-28aff887aa0e: 72 groups; 1.1 s; peak memory 1168 MiB.
2026-10-10T12:53:35Z INFO [575/900] 932495e2-449a-4116-a60e-eb86f692771e: 22 groups; 0.7 s; peak memory 1168 MiB.
2026-10-10T12:53:36Z INFO [576/900] 93259eaa-3c52-4465-9fed-92bfa9e2fa7b: 32 groups; 1.2 s; peak memory 1168 MiB.
2026-10-10T12:53:37Z INFO [577/900] 932620e0-7db1-401a-85ab-661a3a90e2b6: 25 groups; 0.8 s; peak memory 1168 MiB.
2026-10-10T12:53:47Z INFO [578/900] 93264b6d-c1e9-4e6a-b2fb-da70b55162fe: 501 groups; 10.3 s; peak memory 1168 MiB.
2026-10-10T12:53:48Z INFO [579/900] 9326794d-e045-4b52-8837-239be06c08ef: 22 groups; 0.8 s; peak memory 1168 MiB.
2026-10-10T12:53:49Z INFO [580/900] 9326a05a-d60f-426d-be1a-ec573d96515d: 17 groups; 0.8 s; peak memory 1168 MiB.
2026-10-10T12:53:50Z INFO [581/900] 9327cb2a-049f-4696-be5b-8f6112b399bd: 35 groups; 1.4 s; peak memory 1168 MiB.
2026-10-10T12:53:51Z INFO [582/900] 93289792-ceba-4cdd-9981-17080f0d48ff: 22 groups; 1.0 s; peak memory 1168 MiB.
2026-10-10T12:53:52Z INFO [583/900] 932922cd-2300-4bbf-821c-fb872a2ea4ea: 30 groups; 0.6 s; peak memory 1168 MiB.
2026-10-10T12:53:54Z INFO [584/900] 932bb0ae-a100-4225-b996-bdbf2e6d7425: 47 groups; 2.6 s; peak memory 1168 MiB.
2026-10-10T12:55:31Z INFO [585/900] 932c83c4-44bd-4016-97ae-bdaa0ffc0c79: 81 groups; 96.7 s; peak memory 1168 MiB.
2026-10-10T12:55:32Z INFO [586/900] 932d4a8a-4c3e-43f4-ae27-f3c896064bd3: 33 groups; 1.2 s; peak memory 1168 MiB.
2026-10-10T12:55:33Z INFO [587/900] 932d4f49-337c-4044-82c9-a3172d8539ab: 22 groups; 0.8 s; peak memory 1168 MiB.
2026-10-10T12:55:34Z INFO [588/900] 932d9e52-1398-4568-8af8-d7d339f16017: 32 groups; 1.0 s; peak memory 1168 MiB.
2026-10-10T12:55:35Z INFO [589/900] 932e0789-fc63-42db-b8df-78b2b048f64d: 22 groups; 0.9 s; peak memory 1168 MiB.
2026-10-10T12:55:36Z INFO [590/900] 932ebbf6-f919-4e88-8058-7dc7afe4f6a1: 341 groups; 1.5 s; peak memory 1168 MiB.
2026-10-10T12:55:37Z INFO [591/900] 932ed9b6-5590-4589-a7b7-70d41a57f819: 32 groups; 1.0 s; peak memory 1168 MiB.
2026-10-10T12:55:38Z INFO [592/900] 932fa2b9-8eca-41d3-bd79-7e669ef73da5: 22 groups; 0.8 s; peak memory 1168 MiB.
2026-10-10T12:55:40Z INFO [593/900] 9330beee-ec54-419a-af33-05ac1241d66b: 48 groups; 1.9 s; peak memory 1168 MiB.
2026-10-10T12:55:41Z INFO [594/900] 9330f075-f1b8-40c0-812a-1f62311e4dce: 16 groups; 0.6 s; peak memory 1168 MiB.
2026-10-10T12:55:41Z INFO [595/900] 93313c2b-1410-4f9f-9cda-e470d68be45d: 22 groups; 0.8 s; peak memory 1168 MiB.
2026-10-10T12:55:48Z INFO [596/900] 93322dd1-b18d-43d5-ab1c-da4b91781394: 22 groups; 7.0 s; peak memory 1168 MiB.
2026-10-10T12:55:50Z INFO [597/900] 93327f72-da98-438f-af99-0db5df3e3221: 199 groups; 1.6 s; peak memory 1168 MiB.
2026-10-10T12:55:51Z INFO [598/900] 9333378b-439f-43bf-9069-4f50080f1c27: 32 groups; 1.0 s; peak memory 1168 MiB.
2026-10-10T12:55:52Z INFO [599/900] 933440b6-89e9-4386-84b4-316f67140c15: 27 groups; 0.7 s; peak memory 1168 MiB.
2026-10-10T12:55:53Z INFO [600/900] 9334a63b-9139-418f-a81e-3f68bdccd590: 22 groups; 1.0 s; peak memory 1168 MiB.
2026-10-10T12:55:53Z INFO [600/900] 9334a63b-9139-418f-a81e-3f68bdccd590: checkpointed 118036 new records.
2026-10-10T12:55:54Z INFO [601/900] 9334c54d-1dc6-4d8f-9379-347f55599e3b: 34 groups; 1.1 s; peak memory 1168 MiB.
2026-10-10T12:55:58Z INFO [602/900] 93351ff0-1616-426c-8a87-4832e5911ce6: 78 groups; 4.2 s; peak memory 1168 MiB.
2026-10-10T12:55:59Z INFO [603/900] 9335d746-e32c-47a7-b450-f53f8029fde0: 32 groups; 1.2 s; peak memory 1168 MiB.
2026-10-10T12:56:00Z INFO [604/900] 933600de-f0b4-4c48-9b3e-f9c8f9d72804: 16 groups; 0.7 s; peak memory 1168 MiB.
2026-10-10T12:57:45Z INFO [605/900] 93363606-de95-456e-9690-d0c08c94b0e2: 66 groups; 105.2 s; peak memory 1168 MiB.
2026-10-10T12:57:46Z INFO [606/900] 9338a5af-e0e9-4e64-8e40-c8b430874978: 22 groups; 0.9 s; peak memory 1168 MiB.
2026-10-10T12:57:51Z INFO [607/900] 933980f2-03db-43f6-a695-158b2caf475e: 47 groups; 4.3 s; peak memory 1168 MiB.
2026-10-10T12:57:54Z INFO [608/900] 9339df7c-5cda-4635-9794-439cd775876c: 181 groups; 3.6 s; peak memory 1168 MiB.
2026-10-10T12:57:55Z INFO [609/900] 933aa2fc-d973-4c51-a096-b10bffe5b22f: 35 groups; 0.9 s; peak memory 1168 MiB.
2026-10-10T12:57:56Z INFO [610/900] 933d33a5-936b-4917-86a1-1e8cdcc628be: 16 groups; 0.7 s; peak memory 1168 MiB.
2026-10-10T12:57:57Z INFO [611/900] 933d4fd0-d2be-49bd-b4ab-7b187c9c3b0f: 22 groups; 1.0 s; peak memory 1168 MiB.
2026-10-10T12:57:58Z INFO [612/900] 933e7cd1-44f5-4f74-b0d2-09d7103b0ced: 22 groups; 0.8 s; peak memory 1168 MiB.
2026-10-10T12:58:00Z INFO [613/900] 933ed005-af67-4fb9-958f-e06990381903: 336 groups; 2.2 s; peak memory 1168 MiB.
2026-10-10T12:58:01Z INFO [614/900] 933edde4-7cf0-47eb-86ad-f21d92582637: 35 groups; 0.9 s; peak memory 1168 MiB.
2026-10-10T12:58:09Z INFO [615/900] 93413aa1-c0dd-4667-903d-4228977914c2: 142 groups; 8.2 s; peak memory 1168 MiB.
2026-10-10T12:58:10Z INFO [616/900] 93427e65-87ea-4987-94e7-0ea2673867a4: 336 groups; 1.1 s; peak memory 1168 MiB.
2026-10-10T12:58:11Z INFO [617/900] 934291c2-16e1-40b4-9d31-b81c74d85801: 22 groups; 0.7 s; peak memory 1168 MiB.
2026-10-10T12:58:12Z INFO [618/900] 9342f0fe-5248-4188-91ce-be8062bef705: 32 groups; 0.9 s; peak memory 1168 MiB.
2026-10-10T12:58:12Z INFO [619/900] 9342f653-4160-42cb-a386-70c428404015: 30 groups; 0.6 s; peak memory 1168 MiB.
2026-10-10T12:58:13Z INFO [620/900] 93430627-69ee-49c8-bcd9-8111d9036edb: 32 groups; 0.7 s; peak memory 1168 MiB.
2026-10-10T12:58:14Z INFO [621/900] 9343c0e2-a313-4c6b-88b9-e9753f6bd1d7: 207 groups; 1.1 s; peak memory 1168 MiB.
2026-10-10T12:58:15Z INFO [622/900] 934453de-0b1a-471c-8795-ec8a8ebb58ff: 33 groups; 0.9 s; peak memory 1168 MiB.
2026-10-10T12:58:16Z INFO [623/900] 93452b0e-697d-4b8e-99aa-c49d3d0bfa58: 20 groups; 0.8 s; peak memory 1168 MiB.
2026-10-10T12:58:16Z INFO [624/900] 9345aac6-1918-43a9-824d-983980b712e6: 17 groups; 0.7 s; peak memory 1168 MiB.
2026-10-10T12:58:17Z INFO [625/900] 9347076f-47fa-46ce-8266-0c94ad7ff0f6: 22 groups; 0.7 s; peak memory 1168 MiB.
2026-10-10T12:58:19Z INFO [626/900] 93477ace-052b-4c31-91b9-3f6174f1e700: 17 groups; 1.7 s; peak memory 1168 MiB.
2026-10-10T12:58:20Z INFO [627/900] 93489a85-db01-461f-b1b4-225532eb9872: 33 groups; 0.8 s; peak memory 1168 MiB.
2026-10-10T12:58:21Z INFO [628/900] 9348a870-ff1d-4eea-b0dd-40d43526265e: 336 groups; 1.3 s; peak memory 1168 MiB.
2026-10-10T12:58:22Z INFO [629/900] 9348dc75-a068-449e-a531-91c9511cffe1: 35 groups; 1.1 s; peak memory 1168 MiB.
2026-10-10T12:58:23Z INFO [630/900] 93491c51-85bf-4497-bf8c-20c83959137a: 22 groups; 0.7 s; peak memory 1168 MiB.
2026-10-10T12:58:24Z INFO [631/900] 93496d6d-dcf8-4cae-912d-a1a818b99037: 261 groups; 1.7 s; peak memory 1168 MiB.
2026-10-10T12:58:26Z INFO [632/900] 9349bfde-4c9f-4e10-89e3-f4ae9303e04e: 60 groups; 2.1 s; peak memory 1168 MiB.
2026-10-10T12:58:27Z INFO [633/900] 934a16db-94af-4a7f-87e1-b8c04278959e: 18 groups; 0.7 s; peak memory 1168 MiB.
2026-10-10T12:58:28Z INFO [634/900] 934a1773-d8e6-4330-9f36-21d9086f7068: 21 groups; 1.0 s; peak memory 1168 MiB.
2026-10-10T12:58:29Z INFO [635/900] 934a297f-cf4c-4ba7-a385-ee5ef1b22452: 32 groups; 0.8 s; peak memory 1168 MiB.
2026-10-10T12:58:30Z INFO [636/900] 934a5f8e-3102-4e11-aaec-91a1743d1147: 337 groups; 1.4 s; peak memory 1168 MiB.
2026-10-10T12:58:31Z INFO [637/900] 934a9782-6374-4880-9044-4eb417647c00: 22 groups; 0.8 s; peak memory 1168 MiB.
2026-10-10T12:58:32Z INFO [638/900] 934ae741-ad4d-4307-80b2-abb6d07bbb1a: 18 groups; 0.7 s; peak memory 1168 MiB.
2026-10-10T12:59:58Z INFO [639/900] 934b8354-b48f-4688-86a5-57d811808d2f: 77 groups; 86.5 s; peak memory 1168 MiB.
2026-10-10T12:59:59Z INFO [640/900] 934bc4dd-9ebc-4283-a577-187d7182f9ab: 28 groups; 0.8 s; peak memory 1168 MiB.
2026-10-10T13:00:00Z INFO [641/900] 934bfe34-5dee-4c6a-b310-ceae6124e3b8: 35 groups; 1.2 s; peak memory 1168 MiB.
2026-10-10T13:00:01Z INFO [642/900] 934c10ea-04e2-47f0-9d55-e159974033e0: 22 groups; 0.9 s; peak memory 1168 MiB.
2026-10-10T13:00:03Z INFO [643/900] 934cc33b-b53d-4dc1-94a0-b4c87509f3aa: 17 groups; 1.5 s; peak memory 1168 MiB.
2026-10-10T13:00:04Z INFO [644/900] 934d3fe5-c624-4d2e-81b2-05d8a79cedc1: 196 groups; 1.1 s; peak memory 1168 MiB.
2026-10-10T13:00:05Z INFO [645/900] 934da17c-2fcf-43b6-ba88-ef5d2f92700f: 35 groups; 0.9 s; peak memory 1168 MiB.
2026-10-10T13:00:06Z INFO [646/900] 934df63f-d41f-416b-b3cd-fa8621637764: 32 groups; 1.1 s; peak memory 1168 MiB.
2026-10-10T13:00:07Z INFO [647/900] 934ef320-30d3-41f2-bf28-cb07349877f6: 22 groups; 0.9 s; peak memory 1168 MiB.
2026-10-10T13:00:08Z INFO [648/900] 934fc4b8-1ddf-48e8-a3f0-49331a69cb4b: 32 groups; 1.0 s; peak memory 1168 MiB.
2026-10-10T13:00:10Z INFO [649/900] 9350223e-35cd-4191-8a10-1be3f41e6c98: 50 groups; 2.5 s; peak memory 1168 MiB.
2026-10-10T13:00:11Z INFO [650/900] 93518043-37fb-4f18-bf63-686b69a3968a: 32 groups; 1.2 s; peak memory 1168 MiB.
2026-10-10T13:00:12Z INFO [650/900] 93518043-37fb-4f18-bf63-686b69a3968a: checkpointed 118086 new records.
2026-10-10T13:00:20Z INFO [651/900] 935218db-fc4c-40e4-9e23-aae7c08b8ad0: 33 groups; 8.0 s; peak memory 1168 MiB.
2026-10-10T13:00:21Z INFO [652/900] 9352601f-ef8d-42e1-bdb6-791dbc06fb0e: 32 groups; 1.1 s; peak memory 1168 MiB.
2026-10-10T13:00:24Z INFO [653/900] 9352ec79-b6b4-443e-8c37-985569153c0f: 52 groups; 3.5 s; peak memory 1168 MiB.
2026-10-10T13:00:28Z INFO [654/900] 9353050b-6062-4dac-98f4-9e3471dd5ef2: 78 groups; 4.2 s; peak memory 1168 MiB.
2026-10-10T13:00:29Z INFO [655/900] 93541e07-7596-4c46-8ce8-317b292f270d: 22 groups; 0.9 s; peak memory 1168 MiB.
2026-10-10T13:00:30Z INFO [656/900] 93546faa-682b-4797-8c92-5a840178fd8b: 22 groups; 0.8 s; peak memory 1168 MiB.
2026-10-10T13:02:09Z INFO [657/900] 9354745a-296a-4968-8620-a721afd44589: 71 groups; 99.0 s; peak memory 1168 MiB.
2026-10-10T13:02:10Z INFO [658/900] 9354da2b-cbc2-4af8-a8ff-ac8ca12f8d64: 16 groups; 0.8 s; peak memory 1168 MiB.
2026-10-10T13:02:11Z INFO [659/900] 9355031c-a689-425d-abb0-5656828b792c: 571 groups; 1.4 s; peak memory 1168 MiB.
2026-10-10T13:02:12Z INFO [660/900] 93556f18-df1a-4fd2-8106-5d9449ed7f7f: 22 groups; 0.7 s; peak memory 1168 MiB.
2026-10-10T13:02:13Z INFO [661/900] 935687e3-7102-4445-93fa-89aba2afbb41: 35 groups; 1.2 s; peak memory 1168 MiB.
2026-10-10T13:02:16Z INFO [662/900] 93571d32-c63b-43bf-bb93-58df81e255b1: 36 groups; 2.5 s; peak memory 1168 MiB.
2026-10-10T13:02:16Z INFO [663/900] 935735f8-c35f-45a9-9fbd-0f6574e71ccb: 30 groups; 0.6 s; peak memory 1168 MiB.
2026-10-10T13:02:21Z INFO [664/900] 93577fe4-602d-4009-b042-70d4bdc228ba: 181 groups; 4.5 s; peak memory 1168 MiB.
2026-10-10T13:02:22Z INFO [665/900] 9357eb22-f06a-44a7-bbac-6051f1dc4a03: 22 groups; 0.8 s; peak memory 1168 MiB.
2026-10-10T13:02:23Z INFO [666/900] 935a8111-8644-4e1f-b3dd-1ad6cecf690f: 203 groups; 1.1 s; peak memory 1168 MiB.
2026-10-10T13:02:23Z INFO [667/900] 935ac972-2a37-42bb-abe6-ba7c19d3514f: 31 groups; 0.7 s; peak memory 1168 MiB.
2026-10-10T13:02:35Z INFO [668/900] 935b8044-dd31-45cd-873f-cd266d88a22d: 391 groups; 11.4 s; peak memory 1168 MiB.
2026-10-10T13:02:36Z INFO [669/900] 935bd164-100d-4ff4-9595-63bef2a83004: 206 groups; 1.7 s; peak memory 1168 MiB.
2026-10-10T13:02:37Z INFO [670/900] 935be60e-cab1-4eae-a333-5f784d3e84cd: 22 groups; 0.8 s; peak memory 1168 MiB.
2026-10-10T13:02:38Z INFO [671/900] 935c2ab0-53d7-48aa-8db0-63426b651d9d: 22 groups; 0.8 s; peak memory 1168 MiB.
2026-10-10T13:02:39Z INFO [672/900] 935c2ee1-226e-44e2-b391-640bcf6dd4ae: 21 groups; 0.9 s; peak memory 1168 MiB.
2026-10-10T13:02:40Z INFO [673/900] 935cd267-ef8d-4280-ae43-d5ee1d9a7f5c: 32 groups; 1.0 s; peak memory 1168 MiB.
2026-10-10T13:02:43Z INFO [674/900] 935deb56-8fd9-4ed3-bbca-f3f9ad94bda1: 91 groups; 2.9 s; peak memory 1168 MiB.
2026-10-10T13:02:44Z INFO [675/900] 935e4728-600a-4216-b164-fb761712b2b6: 22 groups; 0.8 s; peak memory 1168 MiB.
2026-10-10T13:02:45Z INFO [676/900] 935f1dfa-e225-4838-8f3c-52898b07fccc: 35 groups; 1.0 s; peak memory 1168 MiB.
2026-10-10T13:03:00Z INFO [677/900] 935fad1a-4d61-4ed4-9a31-0889c867f873: 23 groups; 15.7 s; peak memory 1168 MiB.
2026-10-10T13:03:02Z INFO [678/900] 935fc191-4641-441a-82af-3aa3b52995ae: 48 groups; 1.8 s; peak memory 1168 MiB.
2026-10-10T13:03:05Z INFO [679/900] 93606be9-f3fd-4971-a67a-a4cece8f45dc: 50 groups; 2.5 s; peak memory 1168 MiB.
2026-10-10T13:03:05Z INFO [680/900] 936292b7-28d2-4a9f-bb76-4c5c743cc371: 30 groups; 0.7 s; peak memory 1168 MiB.
2026-10-10T13:03:07Z INFO [681/900] 9362bb12-4656-4606-bced-a4a5fd210422: 17 groups; 1.4 s; peak memory 1168 MiB.
2026-10-10T13:03:14Z INFO [682/900] 9363b414-f59e-4219-8731-514d58157b72: 27 groups; 7.0 s; peak memory 1168 MiB.
2026-10-10T13:03:23Z INFO [683/900] 93643d27-c0bf-44e0-89c1-8d0a5720f9e9: 110 groups; 9.4 s; peak memory 1168 MiB.
2026-10-10T13:03:24Z INFO [684/900] 93654ce6-2373-4915-93d6-5cbd649c9584: 35 groups; 1.3 s; peak memory 1168 MiB.
2026-10-10T13:03:25Z INFO [685/900] 93655209-94d2-4bea-967d-4b816b53d23c: 22 groups; 0.7 s; peak memory 1168 MiB.
2026-10-10T13:03:26Z INFO [686/900] 9367c4c3-a5c4-4146-9554-7505cfc69e6b: 22 groups; 0.8 s; peak memory 1168 MiB.
2026-10-10T13:03:27Z INFO [687/900] 93680213-a378-4230-822a-1fda682f5b21: 28 groups; 0.9 s; peak memory 1168 MiB.
2026-10-10T13:03:28Z INFO [688/900] 936902c7-aeb0-4c51-bbe9-b33ddac8cf9e: 21 groups; 0.7 s; peak memory 1168 MiB.
2026-10-10T13:03:28Z INFO [689/900] 936980ae-cacb-4942-894c-f81c25c368ca: 22 groups; 0.8 s; peak memory 1168 MiB.
2026-10-10T13:03:30Z INFO [690/900] 9369ef25-f2ab-42e2-819e-0bf2190e9df0: 32 groups; 1.1 s; peak memory 1168 MiB.
2026-10-10T13:03:30Z INFO [691/900] 936a5926-8c9d-41ad-8745-ebfdf0a01cd3: 33 groups; 0.9 s; peak memory 1168 MiB.
2026-10-10T13:03:31Z INFO [692/900] 936b029f-be1f-45ef-9d19-9c2c44e53362: 32 groups; 0.9 s; peak memory 1168 MiB.
2026-10-10T13:04:44Z INFO [693/900] 936c5c19-e149-4f2c-8ed1-a65b45840d41: 69 groups; 72.9 s; peak memory 1168 MiB.
2026-10-10T13:04:45Z INFO [694/900] 936cbb6b-bae1-4d6d-be70-909b4abf7230: 35 groups; 0.9 s; peak memory 1168 MiB.
2026-10-10T13:04:47Z INFO [695/900] 936d3ada-d543-40cc-ab46-7a9185635b26: 337 groups; 1.4 s; peak memory 1168 MiB.
2026-10-10T13:04:51Z INFO [696/900] 936e456e-78c0-422b-bb21-a91026126167: 76 groups; 4.1 s; peak memory 1168 MiB.
2026-10-10T13:04:51Z INFO [697/900] 936f72b2-10f8-483a-90f8-4b912ddbddbf: 22 groups; 0.7 s; peak memory 1168 MiB.
2026-10-10T13:04:52Z INFO [698/900] 936f73e4-4824-4e60-8039-0b51062ce8ee: 16 groups; 0.5 s; peak memory 1168 MiB.
2026-10-10T13:04:53Z INFO [699/900] 936f906f-08e3-4505-97f9-ddf80a62b45e: 48 groups; 1.5 s; peak memory 1168 MiB.
2026-10-10T13:04:54Z INFO [700/900] 936f9346-b099-4abf-9657-4824418d85b7: 32 groups; 0.9 s; peak memory 1168 MiB.
2026-10-10T13:04:54Z INFO [700/900] 936f9346-b099-4abf-9657-4824418d85b7: checkpointed 118136 new records.
2026-10-10T13:06:47Z INFO [701/900] 936f93bc-0e53-4641-9152-93ba99853fda: 69 groups; 112.2 s; peak memory 1168 MiB.
2026-10-10T13:06:49Z INFO [702/900] 936fcc8b-6545-4f99-9321-41d068e1114c: 49 groups; 2.0 s; peak memory 1168 MiB.
2026-10-10T13:06:50Z INFO [703/900] 9370462c-fbfe-4a68-9b96-5dc6d322599e: 35 groups; 1.3 s; peak memory 1168 MiB.
2026-10-10T13:08:41Z INFO [704/900] 937114cb-6e7e-432d-8353-13a92784d3a5: 71 groups; 111.3 s; peak memory 1168 MiB.
2026-10-10T13:08:43Z INFO [705/900] 93717a20-be9c-4e6f-b43b-1c473da0fc31: 55 groups; 2.1 s; peak memory 1168 MiB.
2026-10-10T13:08:44Z INFO [706/900] 9371d48c-1f59-4562-9409-67f863ed0011: 30 groups; 0.8 s; peak memory 1168 MiB.
2026-10-10T13:08:45Z INFO [707/900] 93724b77-bb59-4de4-9c89-9e827d661ee5: 25 groups; 1.1 s; peak memory 1168 MiB.
2026-10-10T13:08:46Z INFO [708/900] 937263d3-5e7a-408a-be75-44fd77a4d614: 22 groups; 1.0 s; peak memory 1168 MiB.
2026-10-10T13:08:47Z INFO [709/900] 9372db12-a365-45a8-845d-2d57f077f69a: 22 groups; 1.0 s; peak memory 1168 MiB.
2026-10-10T13:08:48Z INFO [710/900] 9373083d-eb02-4e9f-a793-c5b8c6cc3060: 32 groups; 0.9 s; peak memory 1168 MiB.
2026-10-10T13:08:49Z INFO [711/900] 93738415-8562-4138-8f41-74025ffa5ebe: 46 groups; 1.2 s; peak memory 1168 MiB.
2026-10-10T13:08:51Z INFO [712/900] 93749015-0e61-41cd-ba16-ddf2d025c8a3: 26 groups; 1.1 s; peak memory 1168 MiB.
2026-10-10T13:08:52Z INFO [713/900] 9375a3e1-7c07-437a-b082-c3c86fa38d00: 32 groups; 1.1 s; peak memory 1168 MiB.
2026-10-10T13:08:54Z INFO [714/900] 93765f34-6d2f-4921-9683-11827924f0d0: 50 groups; 2.6 s; peak memory 1168 MiB.
2026-10-10T13:08:55Z INFO [715/900] 937670c8-3941-4d5d-80df-bbf567541050: 202 groups; 1.1 s; peak memory 1168 MiB.
2026-10-10T13:09:04Z INFO [716/900] 93776f3e-b15b-48e0-ba58-b5823b05143b: 175 groups; 9.0 s; peak memory 1168 MiB.
2026-10-10T13:09:06Z INFO [717/900] 93778730-65c3-4748-bb99-7a2a4f1469f4: 46 groups; 2.1 s; peak memory 1168 MiB.
2026-10-10T13:09:07Z INFO [718/900] 9377b7a1-26fa-4361-b31c-a702ddc8ee5f: 22 groups; 0.8 s; peak memory 1168 MiB.
2026-10-10T13:09:08Z INFO [719/900] 9377c658-018d-408c-93be-25ae192fef6a: 34 groups; 1.1 s; peak memory 1168 MiB.
2026-10-10T13:09:09Z INFO [720/900] 9377cbed-7efc-4b26-9f11-4bfe6774d888: 32 groups; 0.8 s; peak memory 1168 MiB.
2026-10-10T13:09:21Z INFO [721/900] 937957e5-36a7-462e-af38-3686a8bd9d58: 289 groups; 11.8 s; peak memory 1168 MiB.
2026-10-10T13:09:31Z INFO [722/900] 937a4bad-f777-493f-9518-9f718c068427: 256 groups; 9.7 s; peak memory 1168 MiB.
2026-10-10T13:09:31Z INFO [723/900] 937a75d4-33ad-4436-a443-19c920061a57: 18 groups; 0.6 s; peak memory 1168 MiB.
2026-10-10T13:09:32Z INFO [724/900] 937aa784-9cf3-479e-8380-c3d330f6c3e3: 33 groups; 1.2 s; peak memory 1168 MiB.
2026-10-10T13:09:34Z INFO [725/900] 937aab8f-54f5-4136-8d9e-c25f335775cd: 195 groups; 1.2 s; peak memory 1168 MiB.
2026-10-10T13:09:34Z INFO [726/900] 937af88f-c936-43f2-bd44-a764301f867f: 30 groups; 0.7 s; peak memory 1168 MiB.
2026-10-10T13:09:35Z INFO [727/900] 937b01aa-8c20-4301-98a9-c5dcfce90d05: 16 groups; 0.8 s; peak memory 1168 MiB.
2026-10-10T13:09:36Z INFO [728/900] 937e0506-3d6e-41a8-af40-1c999a899530: 108 groups; 1.4 s; peak memory 1168 MiB.
2026-10-10T13:09:38Z INFO [729/900] 937e0bab-c926-41b7-897b-fa3a754decad: 33 groups; 1.1 s; peak memory 1168 MiB.
2026-10-10T13:09:39Z INFO [730/900] 937e3e5e-bfe0-451e-8346-a445e824014c: 67 groups; 1.0 s; peak memory 1168 MiB.
2026-10-10T13:09:40Z INFO [731/900] 937e8671-1fe5-489e-808c-0f9ca3fa1796: 33 groups; 1.1 s; peak memory 1168 MiB.
2026-10-10T13:09:41Z INFO [732/900] 937ec05a-1bfd-4c58-9b6d-06d6356436b3: 202 groups; 0.9 s; peak memory 1168 MiB.
2026-10-10T13:09:42Z INFO [733/900] 937ed20e-4b41-49c5-95b9-35293bd2dcf9: 32 groups; 1.0 s; peak memory 1168 MiB.
2026-10-10T13:09:43Z INFO [734/900] 937fd95a-9179-47be-984c-dd365882b6c3: 35 groups; 1.0 s; peak memory 1168 MiB.
2026-10-10T13:09:44Z INFO [735/900] 937febdd-44ab-4615-a457-6ce6aa977f47: 207 groups; 1.4 s; peak memory 1168 MiB.
2026-10-10T13:09:45Z INFO [736/900] 93808acb-b11c-40f3-a1c5-4d5916888ac0: 195 groups; 1.3 s; peak memory 1168 MiB.
2026-10-10T13:09:46Z INFO [737/900] 9381609a-8d9a-49cc-a63c-af21f9318824: 22 groups; 0.9 s; peak memory 1168 MiB.
2026-10-10T13:09:47Z INFO [738/900] 9381c5d6-f196-4f45-a2b3-631a9e591658: 32 groups; 1.0 s; peak memory 1168 MiB.
2026-10-10T13:09:48Z INFO [739/900] 93822f3c-5656-4695-8636-0f1b23ffb8aa: 32 groups; 0.8 s; peak memory 1168 MiB.
2026-10-10T13:09:49Z INFO [740/900] 93829250-1d56-4d4c-b325-8aaa2e34dc69: 49 groups; 1.2 s; peak memory 1168 MiB.
2026-10-10T13:09:56Z INFO [741/900] 9383da85-9857-440d-b32d-fe4e9acfe345: 231 groups; 6.5 s; peak memory 1168 MiB.
2026-10-10T13:10:06Z INFO [742/900] 9384bb77-9e52-43fa-839c-eef09c584bf6: 17 groups; 10.8 s; peak memory 1168 MiB.
2026-10-10T13:10:07Z INFO [743/900] 9384e46f-9cca-48c5-a8b1-42a1e978e83a: 35 groups; 1.0 s; peak memory 1168 MiB.
2026-10-10T13:10:15Z INFO [744/900] 9384fc01-5ee4-4907-bc58-d0049ca62c4e: 224 groups; 7.5 s; peak memory 1168 MiB.
2026-10-10T13:10:17Z INFO [745/900] 9385c577-9f74-4ffa-a9d3-43bf82f7c7dc: 48 groups; 1.6 s; peak memory 1168 MiB.
2026-10-10T13:10:18Z INFO [746/900] 9387001c-d114-4fac-b732-fc36aa43ad1b: 35 groups; 1.2 s; peak memory 1168 MiB.
2026-10-10T13:10:19Z INFO [747/900] 938757be-4b18-4bd5-afbd-d5119db7d788: 35 groups; 1.1 s; peak memory 1168 MiB.
2026-10-10T13:10:20Z INFO [748/900] 93886628-feb7-48fb-a675-7cc9da28f50e: 35 groups; 0.9 s; peak memory 1168 MiB.
2026-10-10T13:10:21Z INFO [749/900] 93889af2-932a-4b5e-a634-d45cb6b75bcf: 22 groups; 0.8 s; peak memory 1168 MiB.
2026-10-10T13:10:21Z INFO [750/900] 93893b6e-9fda-414a-8b4c-4799e1b41d7a: 17 groups; 0.7 s; peak memory 1168 MiB.
2026-10-10T13:10:22Z INFO [750/900] 93893b6e-9fda-414a-8b4c-4799e1b41d7a: checkpointed 118186 new records.
2026-10-10T13:10:22Z INFO [751/900] 938a3cc4-ee5d-46c8-adbc-f793dde1222f: 39 groups; 0.9 s; peak memory 1168 MiB.
2026-10-10T13:10:24Z INFO [752/900] 938ab8fb-3a4d-40e6-8185-fddd6fb061f0: 35 groups; 1.6 s; peak memory 1168 MiB.
2026-10-10T13:10:25Z INFO [753/900] 938becd9-5a18-4763-9637-82d333af2100: 22 groups; 0.8 s; peak memory 1168 MiB.
2026-10-10T13:10:26Z INFO [754/900] 938c23a7-178e-44f8-bef0-cac66231bb4b: 194 groups; 1.1 s; peak memory 1168 MiB.
2026-10-10T13:10:27Z INFO [755/900] 938dd1a3-4f4c-4d3d-8606-add3804e3eb1: 253 groups; 1.2 s; peak memory 1168 MiB.
2026-10-10T13:10:28Z INFO [756/900] 938dd210-93fd-4897-9004-e116aa6443d9: 29 groups; 0.7 s; peak memory 1168 MiB.
2026-10-10T13:10:29Z INFO [757/900] 938de5b6-db0c-4634-9e09-f017057d1ae5: 206 groups; 1.4 s; peak memory 1168 MiB.
2026-10-10T13:10:31Z INFO [758/900] 938ee718-2087-4357-8add-1b1dc56beebb: 201 groups; 1.4 s; peak memory 1168 MiB.
2026-10-10T13:10:31Z INFO [759/900] 938ff7d2-ca04-4fc4-9cf6-8b035106009e: 32 groups; 0.8 s; peak memory 1168 MiB.
2026-10-10T13:10:32Z INFO [760/900] 93900bd7-defb-430b-805d-7992f5cb3bff: 16 groups; 0.8 s; peak memory 1168 MiB.
2026-10-10T13:10:33Z INFO [761/900] 93901f67-8622-4472-a88b-a2a18e6fe02b: 31 groups; 0.8 s; peak memory 1168 MiB.
2026-10-10T13:10:34Z INFO [762/900] 939096bd-b6d2-4639-b154-f21959baadf5: 35 groups; 1.0 s; peak memory 1168 MiB.
2026-10-10T13:10:35Z INFO [763/900] 9390db90-1858-4678-8288-715ae38d48e1: 33 groups; 0.8 s; peak memory 1168 MiB.
2026-10-10T13:10:36Z INFO [764/900] 93916c94-25bc-436a-a22a-cbdfce4d9477: 32 groups; 1.0 s; peak memory 1168 MiB.
2026-10-10T13:10:37Z INFO [765/900] 93920b34-b986-4f3e-8d6e-d851da65482b: 17 groups; 1.7 s; peak memory 1168 MiB.
2026-10-10T13:10:38Z INFO [766/900] 93927240-e58c-4d3d-af75-1d3bdcf2f174: 22 groups; 0.9 s; peak memory 1168 MiB.
2026-10-10T13:10:39Z INFO [767/900] 93929175-ab56-4e73-936b-bd23f68c58dd: 30 groups; 0.6 s; peak memory 1168 MiB.
2026-10-10T13:10:40Z INFO [768/900] 939328af-cd86-4a23-ae4b-50af9039f1ff: 35 groups; 1.4 s; peak memory 1168 MiB.
2026-10-10T13:12:20Z INFO [769/900] 9393c96f-f7a6-4ebf-9996-57fe45eec0f6: 60 groups; 100.1 s; peak memory 1168 MiB.
2026-10-10T13:12:21Z INFO [770/900] 939476cb-ce4a-4fee-a8b0-ea2172ac1667: 256 groups; 0.8 s; peak memory 1168 MiB.
2026-10-10T13:12:23Z INFO [771/900] 93948011-d1ff-41de-865f-3eefe729c599: 69 groups; 1.6 s; peak memory 1168 MiB.
2026-10-10T13:12:25Z INFO [772/900] 93967d13-639f-487d-812b-b06d758d4668: 50 groups; 2.1 s; peak memory 1168 MiB.
2026-10-10T13:12:26Z INFO [773/900] 9396c108-2ed4-4d16-88bd-e1af5c7e00ea: 35 groups; 0.9 s; peak memory 1168 MiB.
2026-10-10T13:12:27Z INFO [774/900] 93976c53-b1d8-4b01-947d-4c8a87b4040b: 22 groups; 0.9 s; peak memory 1168 MiB.
2026-10-10T13:12:27Z INFO [775/900] 93977c5f-75c1-46ba-b410-6ac580d04943: 32 groups; 0.9 s; peak memory 1168 MiB.
2026-10-10T13:12:29Z INFO [776/900] 93978cbf-cc63-4487-8e67-dbaf44e6e3ac: 43 groups; 1.3 s; peak memory 1168 MiB.
2026-10-10T13:12:32Z INFO [777/900] 9398200b-a698-478f-a2ac-99df94fd6065: 50 groups; 2.7 s; peak memory 1168 MiB.
2026-10-10T13:14:09Z INFO [778/900] 93995a5b-9494-4fcd-9f50-85fb127724ba: 68 groups; 97.1 s; peak memory 1168 MiB.
2026-10-10T13:14:10Z INFO [779/900] 93999774-92c4-4558-9d3e-5ff83ab94814: 32 groups; 0.9 s; peak memory 1168 MiB.
2026-10-10T13:14:10Z INFO [780/900] 9399a970-d8ee-4aab-8069-ae7706bb849d: 25 groups; 0.8 s; peak memory 1168 MiB.
2026-10-10T13:14:11Z INFO [781/900] 939a3365-9296-4f61-afc5-7a06aa85cae3: 22 groups; 0.8 s; peak memory 1168 MiB.
2026-10-10T13:14:12Z INFO [782/900] 939bd485-8745-474b-83a1-c4c5cddf72f8: 32 groups; 1.2 s; peak memory 1168 MiB.
2026-10-10T13:14:16Z INFO [783/900] 939be51d-5715-44a0-8f2b-887acd7c9ec2: 109 groups; 3.1 s; peak memory 1168 MiB.
2026-10-10T13:14:16Z INFO [784/900] 939cb198-779b-45c8-9f17-a34dee7c73b2: 16 groups; 0.7 s; peak memory 1168 MiB.
2026-10-10T13:14:17Z INFO [785/900] 939cdfc7-796e-4084-bc50-cb94e99d6caa: 28 groups; 0.8 s; peak memory 1168 MiB.
2026-10-10T13:14:18Z INFO [786/900] 939ce6c1-f25c-490f-a8ba-bc7709d0a721: 25 groups; 1.0 s; peak memory 1168 MiB.
2026-10-10T13:14:20Z INFO [787/900] 939f16f0-044f-4014-85ed-e20a8a57d00e: 196 groups; 2.0 s; peak memory 1168 MiB.
2026-10-10T13:14:21Z INFO [788/900] 939f5ebe-2c33-4e96-b3e0-006072b90b05: 22 groups; 0.9 s; peak memory 1168 MiB.
2026-10-10T13:14:27Z INFO [789/900] 939fd45b-0170-40a4-9085-6367dfc42df0: 66 groups; 6.6 s; peak memory 1168 MiB.
2026-10-10T13:14:31Z INFO [790/900] 93a0ea3f-5e6b-4526-9b5a-eca7ac8ed785: 181 groups; 3.8 s; peak memory 1168 MiB.
2026-10-10T13:14:32Z INFO [791/900] 93a0f888-7807-4fe0-a311-3f9de3670ec4: 32 groups; 0.9 s; peak memory 1168 MiB.
2026-10-10T13:14:43Z INFO [792/900] 93a11487-3c32-437a-9fe0-bc2ec80d10c7: 371 groups; 11.1 s; peak memory 1168 MiB.
2026-10-10T13:14:46Z INFO [793/900] 93a181b7-35ba-47df-a8d9-98ba468005b7: 102 groups; 2.5 s; peak memory 1168 MiB.
2026-10-10T13:14:47Z INFO [794/900] 93a21504-e752-4c90-912e-7254e508bc8a: 35 groups; 1.1 s; peak memory 1168 MiB.
2026-10-10T13:14:49Z INFO [795/900] 93a22d0d-686d-468f-901d-be287daed20d: 17 groups; 1.9 s; peak memory 1168 MiB.
2026-10-10T13:14:49Z INFO [796/900] 93a25d1f-7ab9-46be-8f67-c48add833782: 22 groups; 0.6 s; peak memory 1168 MiB.
2026-10-10T13:14:50Z INFO [797/900] 93a326c8-9f3a-497f-a1ee-306aa40bf4eb: 32 groups; 1.0 s; peak memory 1168 MiB.
2026-10-10T13:14:51Z INFO [798/900] 93a32f30-5479-40c4-89ba-a4d50a2982f7: 22 groups; 1.0 s; peak memory 1168 MiB.
2026-10-10T13:14:52Z INFO [799/900] 93a3acb8-02cd-4021-9fce-2d28202cc3b7: 18 groups; 0.6 s; peak memory 1168 MiB.
2026-10-10T13:15:01Z INFO [800/900] 93a40f57-568b-4daa-98a0-c6db35df2d6f: 251 groups; 9.0 s; peak memory 1168 MiB.
2026-10-10T13:15:01Z INFO [800/900] 93a40f57-568b-4daa-98a0-c6db35df2d6f: checkpointed 118236 new records.
2026-10-10T13:15:02Z INFO [801/900] 93a43776-6beb-41bf-b89f-7e21f03f88ad: 18 groups; 0.8 s; peak memory 1168 MiB.
2026-10-10T13:15:03Z INFO [802/900] 93a4e08c-6b12-4bb1-a226-f5eecf09df2e: 202 groups; 1.2 s; peak memory 1168 MiB.
2026-10-10T13:15:04Z INFO [803/900] 93a543ba-16f9-40ae-9bed-6ffff5c0b118: 32 groups; 0.8 s; peak memory 1168 MiB.
2026-10-10T13:15:05Z INFO [804/900] 93a572d6-640b-4ad4-9028-3b22c8d2c042: 49 groups; 1.5 s; peak memory 1168 MiB.
2026-10-10T13:15:06Z INFO [805/900] 93a5a52f-ebc2-4fab-88be-9c281b78ac0a: 22 groups; 0.8 s; peak memory 1168 MiB.
2026-10-10T13:15:07Z INFO [806/900] 93a68d70-8d0d-48f6-b87b-9b113752e97f: 32 groups; 1.2 s; peak memory 1168 MiB.
2026-10-10T13:15:08Z INFO [807/900] 93a71b16-22b1-4435-866f-8f6133141c33: 35 groups; 1.1 s; peak memory 1168 MiB.
2026-10-10T13:15:10Z INFO [808/900] 93a769a3-a2fa-41f6-b8b2-fb09a263e282: 46 groups; 2.1 s; peak memory 1168 MiB.
2026-10-10T13:15:12Z INFO [809/900] 93a7a824-c084-4c79-b73a-ef5e743c6cb8: 32 groups; 1.0 s; peak memory 1168 MiB.
2026-10-10T13:15:18Z INFO [810/900] 93a84557-6dec-459d-907b-a45de9550e90: 27 groups; 6.2 s; peak memory 1168 MiB.
2026-10-10T13:15:18Z INFO [811/900] 93a8a39f-51b0-40cd-933b-0df912376a14: 16 groups; 0.6 s; peak memory 1168 MiB.
2026-10-10T13:15:19Z INFO [812/900] 93a8d62d-dcbb-41d1-8687-57c505ab3d9f: 22 groups; 0.8 s; peak memory 1168 MiB.
2026-10-10T13:15:25Z INFO [813/900] 93a9646b-1b7c-46a6-807a-7fc23af86d52: 199 groups; 6.3 s; peak memory 1168 MiB.
2026-10-10T13:15:27Z INFO [814/900] 93a96cf7-fe43-4a52-8794-495846a736e8: 30 groups; 1.6 s; peak memory 1168 MiB.
2026-10-10T13:15:28Z INFO [815/900] 93a9df3f-4bde-451f-8ffb-2378217a14e3: 207 groups; 1.2 s; peak memory 1168 MiB.
2026-10-10T13:15:29Z INFO [816/900] 93ab0990-6226-453b-80d1-d814c033e1ed: 22 groups; 0.8 s; peak memory 1168 MiB.
2026-10-10T13:15:37Z INFO [817/900] 93ab5f89-431d-40fe-a378-b3254065229d: 63 groups; 8.2 s; peak memory 1168 MiB.
2026-10-10T13:15:38Z INFO [818/900] 93ab8799-009c-4aa4-9f91-03c2027d8a6e: 35 groups; 1.3 s; peak memory 1168 MiB.
2026-10-10T13:15:40Z INFO [819/900] 93ac0834-d6d2-4b93-87fb-30919037b3ce: 206 groups; 1.6 s; peak memory 1168 MiB.
2026-10-10T13:15:41Z INFO [820/900] 93ac594b-e27b-4c23-b4be-287ed7086584: 25 groups; 1.0 s; peak memory 1168 MiB.
2026-10-10T13:15:42Z INFO [821/900] 93ac845c-8663-4c93-8176-e9a8bf8e7b90: 35 groups; 1.4 s; peak memory 1168 MiB.
2026-10-10T13:15:44Z INFO [822/900] 93adf76e-ea0f-4eed-b133-1e4083cc8200: 48 groups; 2.1 s; peak memory 1168 MiB.
2026-10-10T13:15:45Z INFO [823/900] 93af955b-3a40-42cc-8664-1c2e89cdab86: 25 groups; 0.8 s; peak memory 1168 MiB.
2026-10-10T13:15:46Z INFO [824/900] 93b06277-28fa-4d22-9d4b-2df3429ca75f: 19 groups; 0.7 s; peak memory 1168 MiB.
2026-10-10T13:15:47Z INFO [825/900] 93b1437b-4177-4b27-b4a7-7d711ee659d3: 22 groups; 0.7 s; peak memory 1168 MiB.
2026-10-10T13:15:48Z INFO [826/900] 93b17106-a6e0-48e0-91e3-67036dd8c912: 108 groups; 1.1 s; peak memory 1168 MiB.
2026-10-10T13:15:48Z INFO [827/900] 93b28796-c7d0-4f46-bfc7-5fde1b65f53f: 22 groups; 0.8 s; peak memory 1168 MiB.
2026-10-10T13:15:51Z INFO [828/900] 93b36af0-0fea-4e3f-b987-e2bee57229bf: 56 groups; 2.4 s; peak memory 1168 MiB.
2026-10-10T13:15:53Z INFO [829/900] 93b6b19d-741a-443e-a9ca-d32c98a1b9a6: 48 groups; 1.9 s; peak memory 1168 MiB.
2026-10-10T13:16:05Z INFO [830/900] 93b72482-e84f-40ef-b3cc-ecc0cb78060e: 17 groups; 12.2 s; peak memory 1168 MiB.
2026-10-10T13:16:06Z INFO [831/900] 93b7474c-53a3-44ef-8159-77133276db56: 22 groups; 0.9 s; peak memory 1168 MiB.
2026-10-10T13:16:07Z INFO [832/900] 93b75a49-639a-4063-8105-df5fdd55b6fb: 30 groups; 0.7 s; peak memory 1168 MiB.
2026-10-10T13:16:07Z INFO [833/900] 93b77856-33f6-4a1b-a78d-65e736b9a9a1: 22 groups; 0.7 s; peak memory 1168 MiB.
2026-10-10T13:16:08Z INFO [834/900] 93b793eb-6a3c-4a39-9e31-0ad689faadd5: 32 groups; 0.8 s; peak memory 1168 MiB.
2026-10-10T13:16:14Z INFO [835/900] 93b7e88d-3ca1-4701-bf84-914ccc7a25ef: 70 groups; 5.8 s; peak memory 1168 MiB.
2026-10-10T13:16:15Z INFO [836/900] 93b8e8fb-ecca-43de-998b-442cdbbe8408: 22 groups; 0.8 s; peak memory 1168 MiB.
2026-10-10T13:16:16Z INFO [837/900] 93b91d3e-06d2-41d6-8982-f57800eef220: 32 groups; 1.7 s; peak memory 1168 MiB.
2026-10-10T13:16:18Z INFO [838/900] 93b96f98-425d-4df9-9ec6-7f369aa6abd0: 48 groups; 1.7 s; peak memory 1168 MiB.
2026-10-10T13:16:23Z INFO [839/900] 93b98ec5-2b95-4c6a-b0a3-e555bad11cb0: 29 groups; 4.8 s; peak memory 1168 MiB.
2026-10-10T13:16:24Z INFO [840/900] 93b9a71f-3398-4fc7-9965-20fe35f090f8: 71 groups; 0.9 s; peak memory 1168 MiB.
2026-10-10T13:16:25Z INFO [841/900] 93ba28b7-5c60-4062-ad50-76cabddf6053: 253 groups; 1.0 s; peak memory 1168 MiB.
2026-10-10T13:16:33Z INFO [842/900] 93ba828f-6be3-4187-91d2-b197f8b964cf: 172 groups; 8.0 s; peak memory 1168 MiB.
2026-10-10T13:16:34Z INFO [843/900] 93badb70-9204-46b6-8ae3-73a1d1d4b2ab: 54 groups; 1.4 s; peak memory 1168 MiB.
2026-10-10T13:16:35Z INFO [844/900] 93bb0ca8-a65c-46ac-afe9-e30ff08eb9fe: 22 groups; 0.8 s; peak memory 1168 MiB.
2026-10-10T13:16:39Z INFO [845/900] 93bb568c-b251-4608-9b2b-eb49815f08ff: 120 groups; 4.4 s; peak memory 1168 MiB.
2026-10-10T13:16:40Z INFO [846/900] 93bc10af-8ee6-4fc7-a1e4-e539b79df53f: 22 groups; 0.9 s; peak memory 1168 MiB.
2026-10-10T13:16:41Z INFO [847/900] 93bcc0b5-c00d-41c9-8751-b47b83964e5a: 203 groups; 1.1 s; peak memory 1168 MiB.
2026-10-10T13:16:43Z INFO [848/900] 93bcf60f-c92b-4c9b-9cdc-382a47d2f223: 17 groups; 1.4 s; peak memory 1168 MiB.
2026-10-10T13:16:44Z INFO [849/900] 93be4a4d-95b8-4dc1-a692-feb5df93ecd3: 206 groups; 1.4 s; peak memory 1168 MiB.
2026-10-10T13:16:45Z INFO [850/900] 93be67c9-5e2d-4f20-9672-2d2d197c823e: 28 groups; 0.6 s; peak memory 1168 MiB.
2026-10-10T13:16:45Z INFO [850/900] 93be67c9-5e2d-4f20-9672-2d2d197c823e: checkpointed 118286 new records.
2026-10-10T13:16:46Z INFO [851/900] 93bed3ba-22e4-43ab-b248-a42c525b9971: 48 groups; 1.3 s; peak memory 1168 MiB.
2026-10-10T13:16:47Z INFO [852/900] 93beec37-1aa1-4840-a0fb-130c81ec1b97: 32 groups; 0.9 s; peak memory 1168 MiB.
2026-10-10T13:16:48Z INFO [853/900] 93bf0f65-6836-499d-914d-6911b2b3fe95: 22 groups; 0.7 s; peak memory 1168 MiB.
2026-10-10T13:17:03Z INFO [854/900] 93bfcfb0-2ce5-4b45-8293-2861ca559b84: 23 groups; 15.2 s; peak memory 1168 MiB.
2026-10-10T13:17:05Z INFO [855/900] 93c015d9-4eb4-4abf-8747-115ebc15f094: 26 groups; 1.9 s; peak memory 1168 MiB.
2026-10-10T13:17:07Z INFO [856/900] 93c0279d-5073-46b4-9e5d-5b0e6511fe31: 50 groups; 2.5 s; peak memory 1168 MiB.
2026-10-10T13:17:20Z INFO [857/900] 93c1976d-9d7c-42b0-8d8d-2ba11842d579: 994 groups; 13.1 s; peak memory 1168 MiB.
2026-10-10T13:17:22Z INFO [858/900] 93c1db21-bf4e-4e21-934f-96fcfe25be6a: 46 groups; 2.1 s; peak memory 1168 MiB.
2026-10-10T13:17:39Z INFO [859/900] 93c21f09-c914-4f5d-97f7-7778b070be35: 23 groups; 16.6 s; peak memory 1168 MiB.
2026-10-10T13:17:40Z INFO [860/900] 93c240aa-c3ba-4c27-a72b-cef44105045d: 30 groups; 0.7 s; peak memory 1168 MiB.
2026-10-10T13:17:41Z INFO [861/900] 93c2c5cc-034f-4fba-bd40-48d99f8c68f7: 32 groups; 0.9 s; peak memory 1168 MiB.
2026-10-10T13:17:43Z INFO [862/900] 93c2f5de-e5d8-40da-b753-eb207068056b: 53 groups; 2.6 s; peak memory 1168 MiB.
2026-10-10T13:17:45Z INFO [863/900] 93c30a24-e797-44e1-a159-5213d4122cb9: 32 groups; 1.2 s; peak memory 1168 MiB.
2026-10-10T13:17:45Z INFO [864/900] 93c30bfa-81ee-4bc6-9a47-c676d9f21bf8: 103 groups; 0.8 s; peak memory 1168 MiB.
2026-10-10T13:17:46Z INFO [865/900] 93c33cd7-00de-4dc2-af9b-3704a94d5bbe: 22 groups; 0.8 s; peak memory 1168 MiB.
2026-10-10T13:17:47Z INFO [866/900] 93c39208-a96b-4261-98e8-80eaa2c39955: 108 groups; 1.0 s; peak memory 1168 MiB.
2026-10-10T13:17:48Z INFO [867/900] 93c3bc2a-4af9-49ab-9ed7-97517e492623: 32 groups; 0.8 s; peak memory 1168 MiB.
2026-10-10T13:17:50Z INFO [868/900] 93c3bdd2-5979-47ad-9a9d-9ce36f6fbd0f: 50 groups; 2.2 s; peak memory 1168 MiB.
2026-10-10T13:17:51Z INFO [869/900] 93c3c937-9245-42fa-a2b7-61eb0f84e4cf: 35 groups; 1.2 s; peak memory 1168 MiB.
2026-10-10T13:17:53Z INFO [870/900] 93c42383-6381-414b-806e-695f6efadb84: 50 groups; 1.8 s; peak memory 1168 MiB.
2026-10-10T13:17:54Z INFO [871/900] 93c58a96-ff5a-4d3b-a83e-426fe9e85e33: 22 groups; 0.6 s; peak memory 1168 MiB.
2026-10-10T13:18:14Z INFO [872/900] 93c5ac61-6abf-4ab6-ae8c-d4039a7aa091: 234 groups; 19.8 s; peak memory 1168 MiB.
2026-10-10T13:18:15Z INFO [873/900] 93c64811-0a32-42a2-82b0-ff6e3ac69a7c: 256 groups; 1.0 s; peak memory 1168 MiB.
2026-10-10T13:18:24Z INFO [874/900] 93c73215-58c8-47fd-8335-0421fde3496a: 132 groups; 9.9 s; peak memory 1168 MiB.
2026-10-10T13:18:25Z INFO [875/900] 93c7b0d7-bd90-4f16-8527-c076a60324a2: 34 groups; 1.0 s; peak memory 1168 MiB.
2026-10-10T13:18:27Z INFO [876/900] 93c85be2-16bc-4e3c-8307-54c874e06e73: 87 groups; 1.3 s; peak memory 1168 MiB.
2026-10-10T13:18:28Z INFO [877/900] 93c88c2d-92cf-4b69-ada2-8c6e7e6c3a2c: 22 groups; 0.9 s; peak memory 1168 MiB.
2026-10-10T13:18:29Z INFO [878/900] 93c90109-853e-4c7a-9893-8408d762ce92: 48 groups; 1.6 s; peak memory 1168 MiB.
2026-10-10T13:19:59Z INFO [879/900] 93ca8f22-4030-4ffd-b0ab-69cbeb284b51: 1521 groups; 89.5 s; peak memory 1168 MiB.
2026-10-10T13:20:00Z INFO [880/900] 93cb1b94-56ca-4061-861c-cd6d3c6e15f4: 22 groups; 0.9 s; peak memory 1168 MiB.
2026-10-10T13:21:52Z INFO [881/900] 93cb3768-4d22-41cb-8cd7-ead0094a8cec: 60 groups; 112.5 s; peak memory 1168 MiB.
2026-10-10T13:21:53Z INFO [882/900] 93cc1a49-f42b-4c0d-ab60-0a90456de217: 16 groups; 0.6 s; peak memory 1168 MiB.
2026-10-10T13:21:54Z INFO [883/900] 93cc4f1f-c053-4a9e-a3d0-6207077f69d4: 22 groups; 0.9 s; peak memory 1168 MiB.
2026-10-10T13:21:54Z INFO [884/900] 93ce042b-d6b2-4a2a-ac06-08ae3b7cf5d4: 17 groups; 0.7 s; peak memory 1168 MiB.
2026-10-10T13:21:55Z INFO [885/900] 93ce7a0c-74b8-4d63-8278-2e3900873ac2: 32 groups; 1.1 s; peak memory 1168 MiB.
2026-10-10T13:22:04Z INFO [886/900] 93cebce7-6389-4c91-a7d3-3375e4af6281: 144 groups; 8.6 s; peak memory 1168 MiB.
2026-10-10T13:22:14Z INFO [887/900] 93d0f524-c698-4581-bb55-c3680caa0779: 1559 groups; 9.7 s; peak memory 1168 MiB.
2026-10-10T13:22:15Z INFO [888/900] 93d114d7-0995-402b-99fc-94abc8161301: 16 groups; 0.9 s; peak memory 1168 MiB.
2026-10-10T13:22:16Z INFO [889/900] 93d13d1a-70a5-40b7-8675-1a8ae3722a38: 338 groups; 1.8 s; peak memory 1168 MiB.
2026-10-10T13:22:18Z INFO [890/900] 93d151db-7d4e-46c8-bfaf-2a824b7af027: 32 groups; 1.1 s; peak memory 1168 MiB.
2026-10-10T13:22:46Z INFO [891/900] 93d1f09a-0d9b-4945-b0b1-4620aa383d68: 2600 groups; 28.0 s; peak memory 1168 MiB.
2026-10-10T13:22:47Z INFO [892/900] 93d28942-d51b-4f68-809d-fb6f7353dc65: 29 groups; 1.8 s; peak memory 1168 MiB.
2026-10-10T13:22:48Z INFO [893/900] 93d2a438-9390-4a7d-a452-822fa443c884: 30 groups; 0.7 s; peak memory 1168 MiB.
2026-10-10T13:22:49Z INFO [894/900] 93d2c5a8-0668-4a3b-a460-136794c78302: 21 groups; 1.0 s; peak memory 1168 MiB.
2026-10-10T13:22:50Z INFO [895/900] 93d3374d-1b3e-4cf3-8d2b-c4b50067a0d4: 33 groups; 0.7 s; peak memory 1168 MiB.
2026-10-10T13:22:52Z INFO [896/900] 93d342ad-af67-489f-a59d-1b172e3f2f9f: 47 groups; 2.5 s; peak memory 1168 MiB.
2026-10-10T13:23:01Z INFO [897/900] 93d3677d-018a-4e57-b170-b3b52f7fcf8b: 176 groups; 8.5 s; peak memory 1168 MiB.
2026-10-10T13:23:02Z INFO [898/900] 93d4a8cf-db32-4f11-a05b-d0a4e5b4569a: 16 groups; 0.6 s; peak memory 1168 MiB.
2026-10-10T13:23:03Z INFO [899/900] 93d4abf5-4e2c-4f7b-ab4d-48bb72461a32: 35 groups; 1.2 s; peak memory 1168 MiB.
2026-10-10T13:23:04Z INFO [900/900] 93d5ad39-aae9-48c1-962a-bb0bf58577ad: 35 groups; 1.2 s; peak memory 1168 MiB.
2026-10-10T13:23:04Z INFO [900/900] 93d5ad39-aae9-48c1-962a-bb0bf58577ad: checkpointed 118336 new records.
2026-10-10T13:23:04Z INFO Wrote 118336 records to /tmp/derivatives/valid_nwb_file_to_number_of_groups.jsonl (900 new, 0 failed) in 93.5 min (peak memory 1168 MiB).
