2026-10-03T12:38:28Z INFO Logging to /tmp/logs/update_2026-10-03T12-38-28Z.log.
2026-10-03T12:38:28Z INFO Update valid-nwb-file-to-number-of-groups (base directory /tmp).
2026-10-03T12:38:29Z INFO Processing 900 items (67936 already recorded).
2026-10-03T12:38:30Z INFO [1/900] 2b760aaf-0ff9-46e5-bf5e-89a4e3146412: 32 groups; 1.2 s; peak memory 106 MiB.
2026-10-03T12:38:31Z INFO [2/900] 2b762afb-e496-4ae9-a735-48a33e837588: 31 groups; 0.8 s; peak memory 107 MiB.
2026-10-03T12:38:51Z INFO [3/900] 2b767a3e-b062-4d0c-b189-e8754d3e5dc4: 4831 groups; 20.6 s; peak memory 223 MiB.
2026-10-03T12:38:55Z INFO [4/900] 2b7855ee-1f61-4324-b600-c80395cb1308: 82 groups; 3.3 s; peak memory 223 MiB.
2026-10-03T12:38:56Z INFO [5/900] 2b789d30-68d9-473d-bd11-826ed1a84b5a: 35 groups; 1.0 s; peak memory 223 MiB.
2026-10-03T12:38:59Z INFO [6/900] 2b78a2d8-0b72-4b08-9bba-7266f958134e: 181 groups; 3.4 s; peak memory 223 MiB.
2026-10-03T12:39:00Z INFO [7/900] 2b78a459-9e07-450d-8776-8926621a3024: 32 groups; 0.8 s; peak memory 223 MiB.
2026-10-03T12:39:01Z INFO [8/900] 2b795fb3-ad13-4f20-b6eb-9fc0dd42d4ba: 32 groups; 1.0 s; peak memory 223 MiB.
2026-10-03T12:39:05Z INFO [9/900] 2b79b126-3639-426d-8266-4f20a6ce2922: 78 groups; 4.0 s; peak memory 223 MiB.
2026-10-03T12:39:06Z INFO [10/900] 2b7a064a-396a-486d-9879-6e64f55b0def: 35 groups; 1.1 s; peak memory 223 MiB.
2026-10-03T12:39:12Z INFO [11/900] 2b7ad619-12c2-4560-a97e-f97c3ca84b98: 191 groups; 5.8 s; peak memory 223 MiB.
2026-10-03T12:39:16Z INFO [12/900] 2b7b4ff0-e1f9-4bb5-959d-6801ee695432: 1300 groups; 4.3 s; peak memory 223 MiB.
2026-10-03T12:39:17Z INFO [13/900] 2b7be1ad-58ef-479c-a493-69701b7b46e7: 35 groups; 0.8 s; peak memory 223 MiB.
2026-10-03T12:39:17Z INFO [14/900] 2b7cadc6-0c27-4059-bd86-ae89815af572: 32 groups; 0.8 s; peak memory 223 MiB.
2026-10-03T12:39:18Z INFO [15/900] 2b7d6c11-60f8-4464-a73f-5db687beba56: 22 groups; 0.7 s; peak memory 223 MiB.
2026-10-03T12:39:19Z INFO [16/900] 2b7df48f-c5c9-4ec7-82d8-1cfdffa42efb: 32 groups; 0.7 s; peak memory 223 MiB.
2026-10-03T12:39:20Z INFO [17/900] 2b7df864-a9d2-40fd-8344-32620b97bf73: 16 groups; 0.6 s; peak memory 223 MiB.
2026-10-03T12:39:21Z INFO [18/900] 2b7dffb2-65ad-4924-81e3-3a1be4b9724f: 31 groups; 1.1 s; peak memory 223 MiB.
2026-10-03T12:39:21Z INFO [19/900] 2b7f9208-25ef-4004-a872-7aa5ec68e057: 32 groups; 0.8 s; peak memory 223 MiB.
2026-10-03T12:39:22Z INFO [20/900] 2b7f9f3a-f5a9-45e0-a35c-c2b325230ab3: 203 groups; 0.8 s; peak memory 223 MiB.
2026-10-03T12:39:24Z INFO [21/900] 2b802b8c-ecb7-45c8-9ed1-2edc4f39578c: 107 groups; 1.8 s; peak memory 223 MiB.
2026-10-03T12:39:26Z INFO [22/900] 2b805541-a86f-400c-b7f6-88e57638126b: 50 groups; 2.0 s; peak memory 223 MiB.
2026-10-03T12:39:27Z INFO [23/900] 2b808361-d4c5-49de-9ce8-2495a50091b6: 35 groups; 0.9 s; peak memory 223 MiB.
2026-10-03T12:39:28Z INFO [24/900] 2b80c37f-5e98-409c-816b-a7a5c067bf10: 32 groups; 0.6 s; peak memory 223 MiB.
2026-10-03T12:39:28Z INFO [25/900] 2b816243-7a1d-4743-908e-569bccab868d: 22 groups; 0.7 s; peak memory 223 MiB.
2026-10-03T12:39:29Z INFO [26/900] 2b81e9a9-be13-45d9-b8da-5c3809869dd7: 16 groups; 0.5 s; peak memory 223 MiB.
2026-10-03T12:39:38Z INFO [27/900] 2b83fd3b-b16a-4edd-ba4f-ebe08c370aa7: 333 groups; 9.6 s; peak memory 223 MiB.
2026-10-03T12:39:39Z INFO [28/900] 2b8553b7-0766-4ea9-87e3-094949715c49: 32 groups; 0.9 s; peak memory 223 MiB.
2026-10-03T12:39:40Z INFO [29/900] 2b856f48-893c-4333-b6f0-c343273d4753: 22 groups; 0.7 s; peak memory 223 MiB.
2026-10-03T12:39:41Z INFO [30/900] 2b85d8e0-c7f0-4717-9f85-5af3a3ac5925: 33 groups; 0.8 s; peak memory 223 MiB.
2026-10-03T12:39:44Z INFO [31/900] 2b85e9d9-4b0b-4201-bd6d-6cc81f0e5c3a: 71 groups; 3.3 s; peak memory 223 MiB.
2026-10-03T12:39:45Z INFO [32/900] 2b88ba2c-e77a-416a-9f08-bec75442c285: 35 groups; 1.0 s; peak memory 223 MiB.
2026-10-03T12:39:46Z INFO [33/900] 2b89275c-9559-4b6f-bad2-2d54a01538a7: 22 groups; 0.6 s; peak memory 223 MiB.
2026-10-03T12:39:47Z INFO [34/900] 2b899a75-d157-4677-884a-541c93c15f0e: 31 groups; 0.7 s; peak memory 223 MiB.
2026-10-03T12:39:52Z INFO [35/900] 2b89e4f1-d10f-4c07-b462-c2250b45ca5c: 191 groups; 5.0 s; peak memory 223 MiB.
2026-10-03T12:39:53Z INFO [36/900] 2b89e5e1-eccc-4133-bad5-00d6c193125c: 32 groups; 0.9 s; peak memory 223 MiB.
2026-10-03T12:39:53Z INFO [37/900] 2b8aad0c-44e2-45b8-b8c9-3ff6d0c5cc9d: 33 groups; 0.7 s; peak memory 223 MiB.
2026-10-03T12:39:54Z INFO [38/900] 2b8b9b83-633d-47cb-967b-68758f6b3a71: 31 groups; 0.6 s; peak memory 223 MiB.
2026-10-03T12:39:54Z INFO [39/900] 2b8b9f69-7c76-45c9-af11-5677594014f9: 22 groups; 0.7 s; peak memory 223 MiB.
2026-10-03T12:39:55Z INFO [40/900] 2b8ba4bd-4185-4122-b2fc-6f2221623b4e: 22 groups; 0.7 s; peak memory 223 MiB.
2026-10-03T12:39:56Z INFO [41/900] 2b8cb659-d45f-4b68-b059-c6795c908922: 18 groups; 0.6 s; peak memory 223 MiB.
2026-10-03T12:40:00Z INFO [42/900] 2b8db264-01b8-48f2-9f09-5f15df7ec853: 76 groups; 4.5 s; peak memory 223 MiB.
2026-10-03T12:40:01Z INFO [43/900] 2b8db95e-9800-4921-89dd-2fb070856a96: 16 groups; 0.5 s; peak memory 223 MiB.
2026-10-03T12:40:02Z INFO [44/900] 2b8f3b3d-9359-41ef-ba6c-776333394362: 194 groups; 1.1 s; peak memory 223 MiB.
2026-10-03T12:40:06Z INFO [45/900] 2b8fd1a6-d1d5-423f-aa1c-aa6be574d6ea: 34 groups; 4.0 s; peak memory 223 MiB.
2026-10-03T12:40:07Z INFO [46/900] 2b90b5de-1c71-4e47-bbc7-95472d2bd5d9: 22 groups; 0.8 s; peak memory 223 MiB.
2026-10-03T12:40:07Z INFO [47/900] 2b90c354-f3a6-4d75-8874-9664cdf9d7fc: 32 groups; 0.8 s; peak memory 223 MiB.
2026-10-03T12:40:09Z INFO [48/900] 2b9107f5-3899-44f1-a6be-18e481745d32: 17 groups; 1.8 s; peak memory 223 MiB.
2026-10-03T12:40:10Z INFO [49/900] 2b9189a0-95fd-447a-81fa-2672cf8c798c: 32 groups; 0.8 s; peak memory 223 MiB.
2026-10-03T12:40:11Z INFO [50/900] 2b91ae19-1e51-4d3e-8d88-110c7b91507d: 22 groups; 0.7 s; peak memory 223 MiB.
2026-10-03T12:40:11Z INFO [50/900] 2b91ae19-1e51-4d3e-8d88-110c7b91507d: checkpointed 67986 records.
2026-10-03T12:40:12Z INFO [51/900] 2b92a877-a680-4a6b-83a5-94b9a9f9cfbc: 35 groups; 1.1 s; peak memory 223 MiB.
2026-10-03T12:40:13Z INFO [52/900] 2b949b80-455a-431e-88fb-fcf2a9b072bd: 22 groups; 0.7 s; peak memory 223 MiB.
2026-10-03T12:40:13Z INFO [53/900] 2b94a955-1d68-413b-9430-1c304e5f4273: 22 groups; 0.7 s; peak memory 223 MiB.
2026-10-03T12:40:14Z INFO [54/900] 2b95190f-3d79-4592-a212-7f7b40d71fd5: 35 groups; 0.7 s; peak memory 223 MiB.
2026-10-03T12:40:16Z INFO [55/900] 2b9528cc-6f57-415c-a565-64055469fc7f: 54 groups; 1.8 s; peak memory 223 MiB.
2026-10-03T12:40:17Z INFO [56/900] 2b957b02-d956-4da5-9b32-ce2cd77c6954: 22 groups; 0.5 s; peak memory 223 MiB.
2026-10-03T12:40:17Z INFO [57/900] 2b9687b2-6338-42b7-bd2c-fc146008723e: 34 groups; 0.9 s; peak memory 223 MiB.
2026-10-03T12:40:18Z INFO [58/900] 2b9731ac-dba3-45c5-b767-5a1f4cfe086d: 22 groups; 0.5 s; peak memory 223 MiB.
2026-10-03T12:40:22Z INFO [59/900] 2b98091d-5572-42c3-9e47-2317418976d6: 181 groups; 3.7 s; peak memory 223 MiB.
2026-10-03T12:40:23Z INFO [60/900] 2b986fe6-5f14-4e63-861a-4cc03d894791: 21 groups; 0.9 s; peak memory 223 MiB.
2026-10-03T12:40:44Z INFO [61/900] 2b98b835-d594-43da-81ac-06e599d0c5c0: 23 groups; 21.2 s; peak memory 223 MiB.
2026-10-03T12:40:44Z INFO [62/900] 2b98d7ce-86f7-4ab5-8f4f-9523420f04b5: 30 groups; 0.7 s; peak memory 223 MiB.
2026-10-03T12:40:45Z INFO [63/900] 2b991e87-459b-4600-b3c5-2b96cf5ecf8f: 22 groups; 0.7 s; peak memory 223 MiB.
2026-10-03T12:40:46Z INFO [64/900] 2b9bbd93-6290-4120-b353-01efbd1fb222: 25 groups; 0.8 s; peak memory 223 MiB.
2026-10-03T12:40:47Z INFO [65/900] 2b9ca4f9-b0e5-4ffc-aea1-42068bd68b1d: 103 groups; 0.7 s; peak memory 223 MiB.
2026-10-03T12:40:48Z INFO [66/900] 2b9cdea1-d8d4-4d72-87c9-6780a1cb6475: 337 groups; 1.3 s; peak memory 223 MiB.
2026-10-03T12:40:50Z INFO [67/900] 2b9e3cc6-8079-44c7-b92e-db39ae828376: 48 groups; 1.5 s; peak memory 223 MiB.
2026-10-03T12:40:51Z INFO [68/900] 2b9ee180-ce28-4b3d-8d45-d952e00c7f18: 29 groups; 1.0 s; peak memory 223 MiB.
2026-10-03T12:40:55Z INFO [69/900] 2b9f7f74-92d1-4cbf-822b-0156dcb90fb3: 29 groups; 4.7 s; peak memory 223 MiB.
2026-10-03T12:40:57Z INFO [70/900] 2b9fe239-cc88-4aa7-ac46-9fdf82ba75b2: 48 groups; 2.1 s; peak memory 223 MiB.
2026-10-03T12:40:59Z INFO [71/900] 2b9ffbbb-85c3-4bea-9ece-546e7f137494: 71 groups; 1.7 s; peak memory 223 MiB.
2026-10-03T12:41:00Z INFO [72/900] 2ba05dc4-7bf5-4be5-ae87-4e9700640d7c: 203 groups; 0.9 s; peak memory 223 MiB.
2026-10-03T12:42:55Z INFO [73/900] 2ba07aad-e151-4a16-844f-d6ab837c274c: 60 groups; 115.3 s; peak memory 279 MiB.
2026-10-03T12:42:56Z INFO [74/900] 2ba145b4-2110-48b9-838e-538eb33ed5f7: 31 groups; 1.0 s; peak memory 279 MiB.
2026-10-03T12:42:57Z INFO [75/900] 2ba1db7a-44d8-44dc-8531-d17e4d24f12b: 22 groups; 0.8 s; peak memory 279 MiB.
2026-10-03T12:42:58Z INFO [76/900] 2ba3505f-319f-45af-951b-e5297e15bbfe: 32 groups; 0.8 s; peak memory 279 MiB.
2026-10-03T12:43:23Z INFO [77/900] 2ba35930-6535-4c69-a483-e363abc896d3: 102 groups; 25.7 s; peak memory 279 MiB.
2026-10-03T12:43:25Z INFO [78/900] 2ba386ab-b532-4cbe-b101-97ba35ce56d7: 48 groups; 1.8 s; peak memory 279 MiB.
2026-10-03T12:43:27Z INFO [79/900] 2ba3ad20-cf57-4196-b222-74bf559c1227: 61 groups; 1.9 s; peak memory 279 MiB.
2026-10-03T12:43:28Z INFO [80/900] 2ba5eaa1-bcc6-461f-95ec-5049472b5dd3: 22 groups; 0.7 s; peak memory 279 MiB.
2026-10-03T12:43:29Z INFO [81/900] 2ba63274-59bc-4db9-a17f-a3b9f426c563: 27 groups; 0.9 s; peak memory 279 MiB.
2026-10-03T12:43:30Z INFO [82/900] 2ba64d64-bcd7-4d7c-bd0d-2de9a75cab12: 31 groups; 1.2 s; peak memory 279 MiB.
2026-10-03T12:43:31Z INFO [83/900] 2ba6531f-d8f9-43f4-b632-0bb0170918df: 259 groups; 1.0 s; peak memory 279 MiB.
2026-10-03T12:43:33Z INFO [84/900] 2ba6b8f7-bf33-4ef8-9b02-46ad815a5d74: 207 groups; 1.7 s; peak memory 279 MiB.
2026-10-03T12:43:33Z INFO [85/900] 2ba6d661-ab78-4891-a10f-4baef695954a: 21 groups; 0.7 s; peak memory 279 MiB.
2026-10-03T12:43:34Z INFO [86/900] 2ba7fd72-4364-4e27-9f44-5922894e4712: 22 groups; 0.7 s; peak memory 279 MiB.
2026-10-03T12:43:35Z INFO [87/900] 2ba81a72-f54c-49ea-bf6f-4844ea0bcb6f: 32 groups; 0.8 s; peak memory 279 MiB.
2026-10-03T12:43:35Z INFO [88/900] 2ba92408-0ce0-4580-9dbc-1cfddc36f4c5: 22 groups; 0.6 s; peak memory 279 MiB.
2026-10-03T12:43:36Z INFO [89/900] 2ba961c0-1e0a-49b5-98c0-8bd74c3a3740: 195 groups; 1.0 s; peak memory 279 MiB.
2026-10-03T12:43:37Z INFO [90/900] 2ba9d18a-7fc3-4c40-b52a-4640d99fa90a: 22 groups; 0.7 s; peak memory 279 MiB.
2026-10-03T12:43:45Z INFO [91/900] 2baa16d5-acc1-4139-9bb6-f513c2635def: 249 groups; 8.2 s; peak memory 279 MiB.
2026-10-03T12:43:46Z INFO [92/900] 2baa71a6-08d4-422d-b717-e9d2e239f960: 20 groups; 0.7 s; peak memory 279 MiB.
2026-10-03T12:43:47Z INFO [93/900] 2bab5f2a-d230-4228-910f-afafd93e588c: 194 groups; 0.8 s; peak memory 279 MiB.
2026-10-03T12:43:54Z INFO [94/900] 2babab8a-9072-4fc3-9d86-306e19868f17: 239 groups; 7.4 s; peak memory 279 MiB.
2026-10-03T12:43:55Z INFO [95/900] 2babcda5-c6d5-4208-bd02-9537a63809f4: 32 groups; 0.7 s; peak memory 279 MiB.
2026-10-03T12:44:00Z INFO [96/900] 2bac061e-a5c3-4868-b415-77a5f87b3aa7: 871 groups; 5.3 s; peak memory 279 MiB.
2026-10-03T12:44:01Z INFO [97/900] 2bad2c04-a815-455d-8433-d1d8a26dcc1c: 22 groups; 0.7 s; peak memory 279 MiB.
2026-10-03T12:44:04Z INFO [98/900] 2bae7680-47f9-44d2-bbc1-da256c88a46a: 75 groups; 3.4 s; peak memory 279 MiB.
2026-10-03T12:44:05Z INFO [99/900] 2baea89d-4d09-4487-b706-f95af087b5b3: 25 groups; 0.8 s; peak memory 279 MiB.
2026-10-03T12:44:06Z INFO [100/900] 2baf5302-25e4-4796-b7af-6bdf7df14aaa: 22 groups; 0.7 s; peak memory 279 MiB.
2026-10-03T12:44:06Z INFO [100/900] 2baf5302-25e4-4796-b7af-6bdf7df14aaa: checkpointed 68036 records.
2026-10-03T12:44:07Z INFO [101/900] 2baf63d2-9d48-4f38-9c6a-5b28af851783: 195 groups; 1.0 s; peak memory 279 MiB.
2026-10-03T12:44:08Z INFO [102/900] 2bafe0e4-369f-4234-be1e-5d574abfa78b: 32 groups; 0.9 s; peak memory 279 MiB.
2026-10-03T12:44:09Z INFO [103/900] 2baffd77-8ee5-4251-ad8f-19a59d14a844: 30 groups; 0.7 s; peak memory 279 MiB.
2026-10-03T12:44:14Z INFO [104/900] 2bb11339-3d73-4411-a645-0ab9aa99f963: 234 groups; 5.8 s; peak memory 279 MiB.
2026-10-03T12:44:15Z INFO [105/900] 2bb18eb3-6c32-4212-9f1f-2c470ba48820: 32 groups; 0.9 s; peak memory 279 MiB.
2026-10-03T12:44:16Z INFO [106/900] 2bb28e7e-1613-4262-b97f-ef254085894a: 203 groups; 1.1 s; peak memory 279 MiB.
2026-10-03T12:44:18Z INFO [107/900] 2bb31bbe-8159-4bbf-ba32-8c4a36c77634: 48 groups; 1.9 s; peak memory 279 MiB.
2026-10-03T12:44:19Z INFO [108/900] 2bb4283d-b752-4752-9220-36d48fd163d5: 32 groups; 1.0 s; peak memory 279 MiB.
2026-10-03T12:44:20Z INFO [109/900] 2bb47e58-4f65-4d63-9f54-fd61b52d8993: 22 groups; 0.7 s; peak memory 279 MiB.
2026-10-03T12:44:20Z INFO [110/900] 2bb4998e-be38-43ba-880a-d954e4aae9bb: 30 groups; 0.6 s; peak memory 279 MiB.
2026-10-03T12:44:26Z INFO [111/900] 2bb4dc17-ccdd-4d1b-8511-be8769500baa: 50 groups; 5.5 s; peak memory 279 MiB.
2026-10-03T12:44:27Z INFO [112/900] 2bb5152d-5438-47b8-bbe8-9a5a66dd0e17: 32 groups; 0.8 s; peak memory 279 MiB.
2026-10-03T12:44:28Z INFO [113/900] 2bb5462c-790c-43de-87e2-c1b5186d233a: 32 groups; 0.8 s; peak memory 279 MiB.
2026-10-03T12:44:28Z INFO [114/900] 2bb57a4b-58de-40f7-a30f-b8cc6faeba29: 25 groups; 0.8 s; peak memory 279 MiB.
2026-10-03T12:44:29Z INFO [115/900] 2bb5ffe7-94c6-4ab8-8e71-befd0586020e: 32 groups; 0.9 s; peak memory 279 MiB.
2026-10-03T12:44:30Z INFO [116/900] 2bb72222-a385-4460-88ca-658d63235783: 206 groups; 1.1 s; peak memory 279 MiB.
2026-10-03T12:44:31Z INFO [117/900] 2bb75f1f-ab03-4038-88c2-1593cdc5e99a: 202 groups; 1.1 s; peak memory 279 MiB.
2026-10-03T12:44:32Z INFO [118/900] 2bb7cbc2-cd84-4f8a-8379-b3d6dfb894a1: 22 groups; 0.8 s; peak memory 279 MiB.
2026-10-03T12:44:33Z INFO [119/900] 2bb7d4b2-e484-4643-8747-65ef41210772: 22 groups; 0.7 s; peak memory 279 MiB.
2026-10-03T12:44:34Z INFO [120/900] 2bb82419-80b4-4162-b81b-8f1bd9ee2e6c: 32 groups; 0.8 s; peak memory 279 MiB.
2026-10-03T12:44:34Z INFO [121/900] 2bb8a5db-c31b-4ea2-9a39-9ea6c755e58b: 22 groups; 0.7 s; peak memory 279 MiB.
2026-10-03T12:44:36Z INFO [122/900] 2bb8a660-0033-48e2-93a4-3f536e0de286: 48 groups; 1.9 s; peak memory 279 MiB.
2026-10-03T12:44:37Z INFO [123/900] 2bb9481d-1d5b-4d30-bcf5-fab4ece137dd: 27 groups; 0.8 s; peak memory 279 MiB.
2026-10-03T12:44:39Z INFO [124/900] 2bbc0dc8-c989-4e6c-9240-fcff5672407b: 134 groups; 2.2 s; peak memory 279 MiB.
2026-10-03T12:44:40Z INFO [125/900] 2bbc208a-709c-445b-90ab-ca9f35a98ab9: 22 groups; 0.6 s; peak memory 279 MiB.
2026-10-03T12:44:41Z INFO [126/900] 2bbc3cf7-b1b3-4ad4-884c-47b2523c0c92: 341 groups; 1.3 s; peak memory 279 MiB.
2026-10-03T12:45:02Z INFO [127/900] 2bbd671a-2b2d-48e2-85bc-ce79acce2cb8: 23 groups; 20.9 s; peak memory 279 MiB.
2026-10-03T12:45:03Z INFO [128/900] 2bbe2884-ab3b-49d7-9eea-a6c48e0b5d3f: 30 groups; 0.8 s; peak memory 279 MiB.
2026-10-03T12:45:05Z INFO [129/900] 2bbe43bd-f13a-4b8c-ba7a-d9f70f99dc3f: 50 groups; 2.1 s; peak memory 279 MiB.
2026-10-03T12:45:06Z INFO [130/900] 2bbea460-15d8-4090-a48e-7aa0910cbcd3: 22 groups; 0.6 s; peak memory 279 MiB.
2026-10-03T12:45:07Z INFO [131/900] 2bbefcb3-7b52-4c81-abd4-b005aedc32d0: 29 groups; 1.0 s; peak memory 279 MiB.
2026-10-03T12:45:12Z INFO [132/900] 2bbf085e-654a-488d-b949-bf56708b6c57: 123 groups; 5.5 s; peak memory 279 MiB.
2026-10-03T12:45:13Z INFO [133/900] 2bc050a7-adf2-45d8-8926-01d9631e37a3: 22 groups; 0.6 s; peak memory 279 MiB.
2026-10-03T12:45:14Z INFO [134/900] 2bc0a25f-92f4-4387-897e-554303c7a3a5: 22 groups; 0.7 s; peak memory 279 MiB.
2026-10-03T12:45:15Z INFO [135/900] 2bc0cb7a-2b96-4c05-99d9-5cc1222892b3: 35 groups; 1.0 s; peak memory 279 MiB.
2026-10-03T12:45:16Z INFO [136/900] 2bc10d70-e1bb-4888-a07d-2f2bc2fbd5ee: 35 groups; 1.0 s; peak memory 279 MiB.
2026-10-03T12:45:16Z INFO [137/900] 2bc18fec-d017-471e-be11-bdcb52995f6b: 32 groups; 0.8 s; peak memory 279 MiB.
2026-10-03T12:45:17Z INFO [138/900] 2bc27884-bb3e-469e-8316-d01f24ed095f: 22 groups; 0.7 s; peak memory 279 MiB.
2026-10-03T12:45:20Z INFO [139/900] 2bc376b3-79ad-4225-a305-60871df1d6fb: 432 groups; 2.9 s; peak memory 279 MiB.
2026-10-03T12:45:20Z INFO [140/900] 2bc38341-2c49-46e0-b5bf-fe6dc6acb1db: 16 groups; 0.5 s; peak memory 279 MiB.
2026-10-03T12:45:22Z INFO [141/900] 2bc455ee-e7a7-46a1-92bd-4b241be1714e: 37 groups; 1.5 s; peak memory 279 MiB.
2026-10-03T12:45:23Z INFO [142/900] 2bc64b59-5980-411c-8761-44f92feb1728: 22 groups; 0.7 s; peak memory 279 MiB.
2026-10-03T12:45:23Z INFO [143/900] 2bc64cca-6132-47ea-8437-0de8e10147ad: 32 groups; 0.8 s; peak memory 279 MiB.
2026-10-03T12:45:25Z INFO [144/900] 2bc66598-2faf-4e6d-9501-c4a3d99bcc00: 48 groups; 1.3 s; peak memory 279 MiB.
2026-10-03T12:45:26Z INFO [145/900] 2bc74f8c-7558-46ec-9cdf-cd43a564f5fa: 28 groups; 0.7 s; peak memory 279 MiB.
2026-10-03T12:45:26Z INFO [146/900] 2bc772ad-b808-4f45-9a0e-b9a7cd4f21ed: 33 groups; 0.9 s; peak memory 279 MiB.
2026-10-03T12:45:28Z INFO [147/900] 2bc82603-3b9e-41a1-a5ef-71967f71d600: 50 groups; 1.8 s; peak memory 279 MiB.
2026-10-03T12:47:21Z INFO [148/900] 2bc83420-d1ac-4b75-b38c-9b4c678154d3: 81 groups; 112.3 s; peak memory 376 MiB.
2026-10-03T12:47:21Z INFO [149/900] 2bc8489f-643a-42d8-8e27-6b8601370eb5: 22 groups; 0.8 s; peak memory 376 MiB.
2026-10-03T12:47:23Z INFO [150/900] 2bc87985-4557-4fd0-b497-bdc960bc11b5: 48 groups; 1.9 s; peak memory 376 MiB.
2026-10-03T12:47:23Z INFO [150/900] 2bc87985-4557-4fd0-b497-bdc960bc11b5: checkpointed 68086 records.
2026-10-03T12:47:24Z INFO [151/900] 2bc93694-99dc-4f51-991d-9b16765c06a8: 32 groups; 1.0 s; peak memory 376 MiB.
2026-10-03T12:47:25Z INFO [152/900] 2bc95cdf-5903-4512-83e5-26beb6b7cd79: 22 groups; 0.5 s; peak memory 376 MiB.
2026-10-03T12:47:26Z INFO [153/900] 2bc9a494-068a-413e-b8c1-30c2ba63ec3b: 22 groups; 0.8 s; peak memory 376 MiB.
2026-10-03T12:47:26Z INFO [154/900] 2bc9fba3-519f-4b83-826e-ab6020515511: 30 groups; 0.5 s; peak memory 376 MiB.
2026-10-03T12:47:33Z INFO [155/900] 2bca3b50-34a1-4952-9da6-cad4f21673fc: 56 groups; 7.3 s; peak memory 376 MiB.
2026-10-03T12:47:34Z INFO [156/900] 2bca547a-8fcf-4fa3-be82-b51d0b261393: 99 groups; 0.9 s; peak memory 376 MiB.
2026-10-03T12:47:36Z INFO [157/900] 2bca764d-6fe1-4c20-bd09-82a76fc681a2: 193 groups; 1.4 s; peak memory 376 MiB.
2026-10-03T12:47:37Z INFO [158/900] 2bcaba44-9ac5-4719-b979-450c849e899a: 32 groups; 0.8 s; peak memory 376 MiB.
2026-10-03T12:47:37Z INFO [159/900] 2bcc52b2-de34-4239-ac17-7b5ec4436171: 22 groups; 0.7 s; peak memory 376 MiB.
2026-10-03T12:47:39Z INFO [160/900] 2bccb1c0-75eb-498d-90e1-29c72a629f4b: 48 groups; 1.5 s; peak memory 376 MiB.
2026-10-03T12:47:40Z INFO [161/900] 2bcdee47-d420-428b-a5a1-ef1e67012e90: 32 groups; 0.8 s; peak memory 376 MiB.
2026-10-03T12:47:40Z INFO [162/900] 2bce6d87-5de0-4e78-a6f0-ef11df959cb2: 32 groups; 0.8 s; peak memory 376 MiB.
2026-10-03T12:47:41Z INFO [163/900] 2bce7796-5258-458c-a159-9839b5250073: 22 groups; 0.7 s; peak memory 376 MiB.
2026-10-03T12:47:42Z INFO [164/900] 2bcfb4fe-8a30-44fb-b9a0-007968e28595: 42 groups; 1.0 s; peak memory 376 MiB.
2026-10-03T12:47:43Z INFO [165/900] 2bd07aa8-a9e9-42bf-ad3b-67171900366a: 26 groups; 0.8 s; peak memory 376 MiB.
2026-10-03T12:47:44Z INFO [166/900] 2bd0a799-5fad-474f-812e-bffe03bdd353: 24 groups; 0.6 s; peak memory 376 MiB.
2026-10-03T12:47:44Z INFO [167/900] 2bd1a843-98dd-473f-99a1-16a9e7105c54: 22 groups; 0.7 s; peak memory 376 MiB.
2026-10-03T12:47:45Z INFO [168/900] 2bd1e2a3-89af-4c50-982f-567402aebd2f: 16 groups; 0.5 s; peak memory 376 MiB.
2026-10-03T12:47:46Z INFO [169/900] 2bd26136-730f-4609-a497-4505294fe1fa: 202 groups; 1.8 s; peak memory 376 MiB.
2026-10-03T12:47:47Z INFO [170/900] 2bd37b50-eeda-447d-a6a6-1c88a27fb12f: 22 groups; 0.7 s; peak memory 376 MiB.
2026-10-03T12:47:48Z INFO [171/900] 2bd37f4c-d354-4dfa-981c-648bd71ed473: 22 groups; 0.6 s; peak memory 376 MiB.
2026-10-03T12:47:57Z INFO [172/900] 2bd3ad1c-e93d-4095-a2b4-8b18d839218b: 194 groups; 9.2 s; peak memory 376 MiB.
2026-10-03T12:48:00Z INFO [173/900] 2bd4cc40-b324-45fd-9442-d99b5173d392: 65 groups; 2.5 s; peak memory 376 MiB.
2026-10-03T12:48:00Z INFO [174/900] 2bd5088c-b486-4071-9dcb-44dbe9e47b5e: 22 groups; 0.8 s; peak memory 376 MiB.
2026-10-03T12:48:03Z INFO [175/900] 2bd68d7f-af11-4853-bebf-0082a1665514: 109 groups; 2.3 s; peak memory 376 MiB.
2026-10-03T12:48:03Z INFO [176/900] 2bd73888-75ea-429b-bbbe-9469d3dd87ff: 22 groups; 0.7 s; peak memory 376 MiB.
2026-10-03T12:48:04Z INFO [177/900] 2bd7cefd-7326-4963-bd79-fdd5230e1017: 31 groups; 0.9 s; peak memory 376 MiB.
2026-10-03T12:48:05Z INFO [178/900] 2bd81c73-21bd-48b0-9a3b-77992c73e647: 22 groups; 0.7 s; peak memory 376 MiB.
2026-10-03T12:48:06Z INFO [179/900] 2bd91a4e-1494-4be1-9e8e-c5cc3664d5ac: 35 groups; 1.0 s; peak memory 376 MiB.
2026-10-03T12:48:07Z INFO [180/900] 2bd95c21-2c49-4a45-9842-5aa32d95861e: 341 groups; 1.3 s; peak memory 376 MiB.
2026-10-03T12:48:08Z INFO [181/900] 2bda3aac-ecfa-43b8-9cce-1fd8c46c5f65: 33 groups; 1.0 s; peak memory 376 MiB.
2026-10-03T12:48:16Z INFO [182/900] 2bdb07af-3de6-4eae-987e-4dd3df0d37e2: 68 groups; 7.4 s; peak memory 376 MiB.
2026-10-03T12:48:16Z INFO [183/900] 2bdb2202-dbdb-46f4-b949-6eac142de844: 18 groups; 0.5 s; peak memory 376 MiB.
2026-10-03T12:48:17Z INFO [184/900] 2bdb3434-6d70-4e96-af9b-c14acc8f0a51: 27 groups; 0.7 s; peak memory 376 MiB.
2026-10-03T12:48:18Z INFO [185/900] 2bdbb420-a3e8-48e0-9998-9ee3728578ff: 32 groups; 0.9 s; peak memory 376 MiB.
2026-10-03T12:48:23Z INFO [186/900] 2bdd6fc6-90df-40b2-8c82-7fe5b1cebefd: 187 groups; 5.5 s; peak memory 376 MiB.
2026-10-03T12:48:24Z INFO [187/900] 2bdda4b9-42f8-427d-a466-34f2936f7bfe: 32 groups; 0.9 s; peak memory 376 MiB.
2026-10-03T12:48:25Z INFO [188/900] 2bde3f67-420c-45b1-971d-68dd79612f30: 32 groups; 0.8 s; peak memory 376 MiB.
2026-10-03T12:48:26Z INFO [189/900] 2bdecf42-6935-4f4e-8362-99f4eecaddce: 22 groups; 0.8 s; peak memory 376 MiB.
2026-10-03T12:48:26Z INFO [190/900] 2bdf6d21-34ee-4e89-87ae-c0cc8ddb98bf: 195 groups; 0.9 s; peak memory 376 MiB.
2026-10-03T12:48:28Z INFO [191/900] 2be0f1bc-7e73-403c-83c2-c7ed9ef8581d: 48 groups; 1.7 s; peak memory 376 MiB.
2026-10-03T12:48:29Z INFO [192/900] 2be1700a-a0ca-44f7-ad3c-14e902964ceb: 22 groups; 0.8 s; peak memory 376 MiB.
2026-10-03T12:48:30Z INFO [193/900] 2be24d69-23eb-45cd-81e1-21413b23cecb: 32 groups; 0.8 s; peak memory 376 MiB.
2026-10-03T12:48:31Z INFO [194/900] 2be251ef-29de-4b35-a841-8f1dac93ee7b: 32 groups; 0.9 s; peak memory 376 MiB.
2026-10-03T12:48:31Z INFO [195/900] 2be27c5f-3ddb-453d-b3b9-6eb4e4b18cf2: 22 groups; 0.7 s; peak memory 376 MiB.
2026-10-03T12:48:36Z INFO [196/900] 2be293a5-f874-465a-a410-8a3acb91412d: 1104 groups; 4.5 s; peak memory 376 MiB.
2026-10-03T12:48:37Z INFO [197/900] 2be2a505-15a0-4cbd-91b1-da72889228f5: 25 groups; 0.7 s; peak memory 376 MiB.
2026-10-03T12:48:37Z INFO [198/900] 2be2c31b-5cac-4983-b3ff-26dd6b87206e: 22 groups; 0.7 s; peak memory 376 MiB.
2026-10-03T12:48:38Z INFO [199/900] 2be2ed00-2e88-47c1-ad96-7551f6210004: 32 groups; 0.8 s; peak memory 376 MiB.
2026-10-03T12:48:39Z INFO [200/900] 2be37968-900d-403c-8a67-961a575d45f9: 30 groups; 0.5 s; peak memory 376 MiB.
2026-10-03T12:48:39Z INFO [200/900] 2be37968-900d-403c-8a67-961a575d45f9: checkpointed 68136 records.
2026-10-03T12:48:40Z INFO [201/900] 2be49675-1beb-4a37-9865-910d4fab5a7b: 42 groups; 1.0 s; peak memory 376 MiB.
2026-10-03T12:48:50Z INFO [202/900] 2be50342-2ca6-4178-ac0c-71ee7dad891d: 96 groups; 10.4 s; peak memory 376 MiB.
2026-10-03T12:48:52Z INFO [203/900] 2be577f9-c463-4c3a-b715-f06dade0f7b4: 48 groups; 1.8 s; peak memory 376 MiB.
2026-10-03T12:48:55Z INFO [204/900] 2be58a7c-1fa0-4a7b-ab84-97c030e0aa15: 113 groups; 2.8 s; peak memory 376 MiB.
2026-10-03T12:48:56Z INFO [205/900] 2be5c729-a123-41dd-bd18-4fe83e122d7f: 32 groups; 0.8 s; peak memory 376 MiB.
2026-10-03T12:48:57Z INFO [206/900] 2be642d6-7d8f-486a-acda-cb7733f44eac: 253 groups; 0.9 s; peak memory 376 MiB.
2026-10-03T12:48:57Z INFO [207/900] 2be6b404-8bc6-4f4b-9048-2694e3fc66ad: 22 groups; 0.8 s; peak memory 376 MiB.
2026-10-03T12:48:58Z INFO [208/900] 2be6e9aa-1ebf-4ac9-8d48-13a9c7f96770: 32 groups; 0.8 s; peak memory 376 MiB.
2026-10-03T12:48:59Z INFO [209/900] 2be772bb-d634-4312-9b43-e71bb47a1141: 16 groups; 0.5 s; peak memory 376 MiB.
2026-10-03T12:49:00Z INFO [210/900] 2be7905f-93cf-4862-9aff-323df0bf7992: 35 groups; 1.0 s; peak memory 376 MiB.
2026-10-03T12:49:01Z INFO [211/900] 2be7ab76-fd6c-42d2-83e1-a407aab9419f: 32 groups; 1.3 s; peak memory 376 MiB.
2026-10-03T12:49:02Z INFO [212/900] 2be7c59c-7668-4606-afa4-8a0a6fdb24cc: 32 groups; 0.9 s; peak memory 376 MiB.
2026-10-03T12:49:02Z INFO [213/900] 2be8939f-19de-4d94-b6da-66a3e3372a1f: 22 groups; 0.6 s; peak memory 376 MiB.
2026-10-03T12:49:03Z INFO [214/900] 2be97537-fc7d-4175-8fb9-153ac5d7639a: 22 groups; 0.7 s; peak memory 376 MiB.
2026-10-03T12:49:05Z INFO [215/900] 2be9e151-b63f-4f8d-8bfb-228801c68c20: 17 groups; 1.4 s; peak memory 376 MiB.
2026-10-03T12:49:05Z INFO [216/900] 2bea9b39-a78f-44b0-8160-5bf99d6187a6: 30 groups; 0.6 s; peak memory 376 MiB.
2026-10-03T12:49:06Z INFO [217/900] 2beaab58-42c0-4730-a568-bf18d0927b42: 108 groups; 1.3 s; peak memory 376 MiB.
2026-10-03T12:49:07Z INFO [218/900] 2beaef83-69ac-46cb-8646-58d43ef1940f: 22 groups; 0.8 s; peak memory 376 MiB.
2026-10-03T12:49:08Z INFO [219/900] 2beb09fc-ae77-44cf-b8a3-e524b7167bbc: 32 groups; 1.0 s; peak memory 376 MiB.
2026-10-03T12:49:12Z INFO [220/900] 2beb34cb-36ae-4d17-8620-10157afe92e1: 71 groups; 3.6 s; peak memory 376 MiB.
2026-10-03T12:49:13Z INFO [221/900] 2beb6a07-e7fa-472e-bac3-b9f956501268: 29 groups; 0.8 s; peak memory 376 MiB.
2026-10-03T12:49:14Z INFO [222/900] 2bec8fe7-ed1d-4e5c-b1e3-a712f7e81c26: 32 groups; 0.8 s; peak memory 376 MiB.
2026-10-03T12:49:14Z INFO [223/900] 2becc1f1-831f-414d-a1a8-7aa770d1e264: 26 groups; 0.7 s; peak memory 376 MiB.
2026-10-03T12:52:09Z INFO [224/900] 2bed4faa-2245-4ff5-a77d-464cae417273: 39 groups; 174.9 s; peak memory 473 MiB.
2026-10-03T12:52:12Z INFO [225/900] 2bed5044-e555-4754-a9c4-7259f3906612: 130 groups; 3.3 s; peak memory 473 MiB.
2026-10-03T12:52:20Z INFO [226/900] 2bee444d-af30-4e0e-9ce2-e6babf4feb53: 271 groups; 7.9 s; peak memory 473 MiB.
2026-10-03T12:52:28Z INFO [227/900] 2bee9209-755d-4984-a4d4-79ac2ee7d4e7: 138 groups; 7.4 s; peak memory 473 MiB.
2026-10-03T12:52:28Z INFO [228/900] 2beecf27-6db4-4ba0-b466-803e3dc5d068: 22 groups; 0.7 s; peak memory 473 MiB.
2026-10-03T12:52:29Z INFO [229/900] 2bef78ac-84a9-485b-9afd-854fb8c5f5d4: 22 groups; 0.7 s; peak memory 473 MiB.
2026-10-03T12:52:30Z INFO [230/900] 2bf0b85b-8f4d-41ed-a5a0-067af87b8a87: 18 groups; 0.6 s; peak memory 473 MiB.
2026-10-03T12:52:32Z INFO [231/900] 2bf0da9b-c62f-441a-bd81-2bd5fcfbb25b: 33 groups; 1.7 s; peak memory 473 MiB.
2026-10-03T12:52:32Z INFO [232/900] 2bf11704-6191-41c1-9792-7b32070ea7ff: 17 groups; 0.6 s; peak memory 473 MiB.
2026-10-03T12:52:33Z INFO [233/900] 2bf1a8f5-16b2-4dce-b5bd-f0cba57d7bab: 35 groups; 1.2 s; peak memory 473 MiB.
2026-10-03T12:52:34Z INFO [234/900] 2bf1e051-7b2b-4521-8257-e5141b12e4e7: 32 groups; 0.9 s; peak memory 473 MiB.
2026-10-03T12:52:35Z INFO [235/900] 2bf2afe1-daf9-434c-88cb-5e38b02f4c51: 35 groups; 0.8 s; peak memory 473 MiB.
2026-10-03T12:52:36Z INFO [236/900] 2bf2baeb-2151-4c36-bbe7-f89b7ef85a9a: 32 groups; 0.8 s; peak memory 473 MiB.
2026-10-03T12:52:37Z INFO [237/900] 2bf2f49c-c949-489b-8d26-fec016b68924: 49 groups; 1.1 s; peak memory 473 MiB.
2026-10-03T12:52:37Z INFO [238/900] 2bf39bce-0919-46a2-8f04-cdb39c066fd0: 28 groups; 0.6 s; peak memory 473 MiB.
2026-10-03T12:53:00Z INFO [239/900] 2bf49ee9-735e-42b0-8562-abc1304a04a4: 23 groups; 22.3 s; peak memory 473 MiB.
2026-10-03T12:53:01Z INFO [240/900] 2bf4fa09-6d0c-45f4-94cb-ec1929db0233: 32 groups; 1.1 s; peak memory 473 MiB.
2026-10-03T12:55:08Z INFO [241/900] 2bf5d067-a56d-426c-85b5-a2495441c01c: 65 groups; 126.8 s; peak memory 473 MiB.
2026-10-03T12:55:08Z INFO [242/900] 2bf67f03-0d3c-4c68-b2d8-80799597bbbf: 22 groups; 0.7 s; peak memory 473 MiB.
2026-10-03T12:55:09Z INFO [243/900] 2bf73228-114c-45e6-9c04-86af6dbb41ff: 22 groups; 0.8 s; peak memory 473 MiB.
2026-10-03T12:55:10Z INFO [244/900] 2bf7e578-354e-453c-acce-8da73e4354dc: 196 groups; 0.9 s; peak memory 473 MiB.
2026-10-03T12:55:11Z INFO [245/900] 2bf834a2-7b32-4f49-968e-1dac4bcf4fd8: 32 groups; 0.8 s; peak memory 473 MiB.
2026-10-03T12:55:12Z INFO [246/900] 2bf8fd72-85f2-453b-92d0-a2c7b2979b8a: 35 groups; 0.9 s; peak memory 473 MiB.
2026-10-03T12:55:23Z INFO [247/900] 2bfa9852-a47a-4483-8252-a4c1ed45ef7d: 364 groups; 11.2 s; peak memory 473 MiB.
2026-10-03T12:55:28Z INFO [248/900] 2bfb51d0-1496-4082-b88a-275bf223e274: 193 groups; 4.5 s; peak memory 473 MiB.
2026-10-03T12:55:29Z INFO [249/900] 2bfbc0fd-d969-4663-a758-27dbaf258480: 35 groups; 1.0 s; peak memory 473 MiB.
2026-10-03T12:55:51Z INFO [250/900] 2bfc8cda-b968-4e53-9b57-54bcfb578c5a: 2926 groups; 22.2 s; peak memory 473 MiB.
2026-10-03T12:55:51Z INFO [250/900] 2bfc8cda-b968-4e53-9b57-54bcfb578c5a: checkpointed 68186 records.
2026-10-03T12:55:52Z INFO [251/900] 2bfc9112-1552-43c7-be2e-35fa0fc9e0ae: 28 groups; 0.8 s; peak memory 473 MiB.
2026-10-03T12:55:52Z INFO [252/900] 2bfc99e6-cc47-4b0d-85f3-05cd6194379f: 32 groups; 0.8 s; peak memory 473 MiB.
2026-10-03T12:55:53Z INFO [253/900] 2bfcc756-902f-465a-a3b0-949c3509b71d: 33 groups; 0.7 s; peak memory 473 MiB.
2026-10-03T12:55:54Z INFO [254/900] 2bfcdc3e-68a2-44eb-a183-16430b35b550: 28 groups; 0.6 s; peak memory 473 MiB.
2026-10-03T12:55:55Z INFO [255/900] 2bfd0324-e2ca-4d71-a5c4-c8d7b213d00f: 36 groups; 1.0 s; peak memory 473 MiB.
2026-10-03T12:55:56Z INFO [256/900] 2bfd9541-3124-4077-a64f-682fbecb6ade: 261 groups; 1.2 s; peak memory 473 MiB.
2026-10-03T12:55:57Z INFO [257/900] 2bfdce51-1412-4d0e-8b3b-f4e5bc04a54a: 16 groups; 0.5 s; peak memory 473 MiB.
2026-10-03T12:55:57Z INFO [258/900] 2bfe15d0-3f80-4bac-9706-53e121c8f71e: 16 groups; 0.5 s; peak memory 473 MiB.
2026-10-03T12:56:01Z INFO [259/900] 2bfe2d94-bba5-4f4b-82ed-2412ef17acfd: 181 groups; 3.8 s; peak memory 473 MiB.
2026-10-03T13:01:55Z INFO [260/900] 2bfeedf1-6d46-40b1-9019-d3053867f2b8: 41 groups; 354.1 s; peak memory 794 MiB.
2026-10-03T13:02:03Z INFO [261/900] 2bff5949-f836-4090-b87a-220c15526acd: 56 groups; 7.8 s; peak memory 794 MiB.
2026-10-03T13:02:03Z INFO [262/900] 2bffa58d-da9f-4121-82e2-0517e18e12c9: 16 groups; 0.5 s; peak memory 794 MiB.
2026-10-03T13:02:04Z INFO [263/900] 2c054aa9-38a4-4e75-b937-c67b62b18d43: 22 groups; 0.8 s; peak memory 794 MiB.
2026-10-03T13:02:05Z INFO [264/900] 2c05e01e-d40f-413b-a76b-43459b449593: 26 groups; 0.8 s; peak memory 794 MiB.
2026-10-03T13:02:06Z INFO [265/900] 2c067cba-5369-47a6-bc57-4d220d57f9c6: 35 groups; 1.2 s; peak memory 794 MiB.
2026-10-03T13:02:17Z INFO [266/900] 2c0888c3-1d70-4dd7-9fc3-04d08c849ebb: 603 groups; 11.4 s; peak memory 794 MiB.
2026-10-03T13:02:19Z INFO [267/900] 2c09060f-c48c-4d32-bc13-23950ae04b10: 341 groups; 1.8 s; peak memory 794 MiB.
2026-10-03T13:02:21Z INFO [268/900] 2c0a9392-6801-4e5c-882a-f74f14b3a1db: 50 groups; 2.1 s; peak memory 794 MiB.
2026-10-03T13:02:22Z INFO [269/900] 2c0acd2f-13bf-4d11-82b2-488e5cc50afe: 22 groups; 0.9 s; peak memory 794 MiB.
2026-10-03T13:02:23Z INFO [270/900] 2c0b6ad5-c9f9-4263-90af-6ed208a3aa8e: 16 groups; 0.5 s; peak memory 794 MiB.
2026-10-03T13:02:24Z INFO [271/900] 2c0c1430-6a4f-45f1-8cfc-5f30bee7a830: 27 groups; 0.9 s; peak memory 794 MiB.
2026-10-03T13:02:27Z INFO [272/900] 2c0c48c7-28bc-4d93-aa9f-93c6b5c75405: 142 groups; 3.6 s; peak memory 794 MiB.
2026-10-03T13:02:28Z INFO [273/900] 2c0d1ff3-6e9a-4b1d-8f14-bbdad485453e: 28 groups; 0.6 s; peak memory 794 MiB.
2026-10-03T13:02:29Z INFO [274/900] 2c0dab7d-1a24-4ba5-876c-b594e9975322: 35 groups; 1.0 s; peak memory 794 MiB.
2026-10-03T13:02:31Z INFO [275/900] 2c0dd670-a596-4b2b-a689-f7f7fe50fafa: 37 groups; 2.0 s; peak memory 794 MiB.
2026-10-03T13:02:33Z INFO [276/900] 2c0f22e2-aaf8-4f4f-bc6d-a7dffade6ce1: 50 groups; 2.7 s; peak memory 794 MiB.
2026-10-03T13:02:38Z INFO [277/900] 2c0f9970-953e-415f-837c-e3d79254353f: 70 groups; 4.4 s; peak memory 794 MiB.
2026-10-03T13:02:39Z INFO [278/900] 2c0fe0b1-c98e-47b5-9170-e61a185a55b8: 32 groups; 1.0 s; peak memory 794 MiB.
2026-10-03T13:02:40Z INFO [279/900] 2c105262-fc9b-42f9-b2a4-f307828fbd7a: 201 groups; 0.9 s; peak memory 794 MiB.
2026-10-03T13:02:41Z INFO [280/900] 2c105641-fa55-4aa2-8296-d178774d51ae: 35 groups; 1.4 s; peak memory 794 MiB.
2026-10-03T13:02:45Z INFO [281/900] 2c105b23-53d9-40bf-829d-0049b68e470a: 78 groups; 3.6 s; peak memory 794 MiB.
2026-10-03T13:02:45Z INFO [282/900] 2c10817c-6496-4326-acd6-ff6320167ef2: 22 groups; 0.7 s; peak memory 794 MiB.
2026-10-03T13:02:46Z INFO [283/900] 2c10f8b3-0e99-4e5c-80a8-23ac142938b9: 32 groups; 0.9 s; peak memory 794 MiB.
2026-10-03T13:02:47Z INFO [284/900] 2c1122b6-7a8d-4844-984e-9db141c491d3: 32 groups; 0.7 s; peak memory 794 MiB.
2026-10-03T13:02:48Z INFO [285/900] 2c11fa38-8bff-488e-ad62-df6cffde320b: 35 groups; 1.2 s; peak memory 794 MiB.
2026-10-03T13:02:49Z INFO [286/900] 2c123277-6bd8-4f63-a41c-b47681ce632e: 22 groups; 0.7 s; peak memory 794 MiB.
2026-10-03T13:02:50Z INFO [287/900] 2c12507b-8f61-4b79-bc63-0eb9f6db2ebe: 22 groups; 0.8 s; peak memory 794 MiB.
2026-10-03T13:02:51Z INFO [288/900] 2c1311ac-7870-442c-a12f-0430753833eb: 35 groups; 0.8 s; peak memory 794 MiB.
2026-10-03T13:02:52Z INFO [289/900] 2c1390a5-515d-4ffa-a155-9e719b757dc9: 48 groups; 1.5 s; peak memory 794 MiB.
2026-10-03T13:02:53Z INFO [290/900] 2c13a847-a889-4b16-9121-aa9e51bb65fb: 261 groups; 1.2 s; peak memory 794 MiB.
2026-10-03T13:02:56Z INFO [291/900] 2c13b660-c3b8-4741-8c70-f94cc293cebe: 53 groups; 3.0 s; peak memory 794 MiB.
2026-10-03T13:02:57Z INFO [292/900] 2c140a45-b116-4ec5-927c-5990fb233199: 104 groups; 1.2 s; peak memory 794 MiB.
2026-10-03T13:03:03Z INFO [293/900] 2c14a83e-dc58-4eb0-a4c4-42fa45523148: 172 groups; 5.6 s; peak memory 794 MiB.
2026-10-03T13:03:04Z INFO [294/900] 2c14da3c-4718-4c32-abfe-4d031378138a: 43 groups; 1.2 s; peak memory 794 MiB.
2026-10-03T13:03:10Z INFO [295/900] 2c151398-0a0f-4960-ab26-92f723cd7be6: 190 groups; 6.1 s; peak memory 794 MiB.
2026-10-03T13:03:11Z INFO [296/900] 2c159da4-1138-4fdc-b330-cf433c132f9e: 22 groups; 0.8 s; peak memory 794 MiB.
2026-10-03T13:03:16Z INFO [297/900] 2c169051-4bdd-4900-b9a9-9586fe3327cb: 171 groups; 4.6 s; peak memory 794 MiB.
2026-10-03T13:03:17Z INFO [298/900] 2c171f59-978a-49ad-9f81-410281d66a60: 206 groups; 0.9 s; peak memory 794 MiB.
2026-10-03T13:03:18Z INFO [299/900] 2c18a41c-a960-4c80-89f1-97b92ec68140: 32 groups; 1.0 s; peak memory 794 MiB.
2026-10-03T13:03:19Z INFO [300/900] 2c18db9a-0d87-43fa-948a-ab3d04eb1112: 35 groups; 1.0 s; peak memory 794 MiB.
2026-10-03T13:03:19Z INFO [300/900] 2c18db9a-0d87-43fa-948a-ab3d04eb1112: checkpointed 68236 records.
2026-10-03T13:03:20Z INFO [301/900] 2c1a0ec1-8c0f-4638-a0a5-7fcc3467d052: 24 groups; 0.8 s; peak memory 794 MiB.
2026-10-03T13:03:20Z INFO [302/900] 2c1a2943-7992-4b51-aaa7-2ae80a8fcfe6: 32 groups; 0.9 s; peak memory 794 MiB.
2026-10-03T13:03:21Z INFO [303/900] 2c1b08d9-7426-494e-863f-e47b53b4d765: 32 groups; 0.8 s; peak memory 794 MiB.
2026-10-03T13:03:26Z INFO [304/900] 2c1b623e-bd3a-4d90-ade7-affed136dfa8: 136 groups; 4.4 s; peak memory 794 MiB.
2026-10-03T13:03:27Z INFO [305/900] 2c1b716a-a32c-452e-8d9f-c51660e8c02c: 46 groups; 1.6 s; peak memory 794 MiB.
2026-10-03T13:03:28Z INFO [306/900] 2c1be066-8e7a-4622-b5b3-532d455108a4: 87 groups; 0.8 s; peak memory 794 MiB.
2026-10-03T13:03:30Z INFO [307/900] 2c1c8ca9-66a7-4ed7-b607-c85ab923f32f: 105 groups; 2.4 s; peak memory 794 MiB.
2026-10-03T13:03:31Z INFO [308/900] 2c1d6186-847a-4bd4-b9f6-a8e89e5629f0: 32 groups; 0.8 s; peak memory 794 MiB.
2026-10-03T13:03:32Z INFO [309/900] 2c1d6292-6151-4d9c-9310-da9fb2c5007d: 36 groups; 1.0 s; peak memory 794 MiB.
2026-10-03T13:03:39Z INFO [310/900] 2c1e61d3-9e29-4bb5-8e9c-96c11d18a65c: 186 groups; 6.8 s; peak memory 794 MiB.
2026-10-03T13:03:40Z INFO [311/900] 2c1edc25-bffd-4b6d-ab01-f1e85600f0cf: 22 groups; 0.8 s; peak memory 794 MiB.
2026-10-03T13:03:40Z INFO [312/900] 2c1ee58c-8894-4b59-bb94-3c31e673b0d0: 32 groups; 0.8 s; peak memory 794 MiB.
2026-10-03T13:03:41Z INFO [313/900] 2c236dd8-892b-444a-bf15-4bf523f06df0: 35 groups; 1.0 s; peak memory 794 MiB.
2026-10-03T13:03:44Z INFO [314/900] 2c24083a-38f4-4a1a-8109-60abd9023a0d: 50 groups; 2.1 s; peak memory 794 MiB.
2026-10-03T13:03:44Z INFO [315/900] 2c258102-a2a0-4705-9039-9e94a224e2a8: 202 groups; 1.0 s; peak memory 794 MiB.
2026-10-03T13:03:49Z INFO [316/900] 2c25bfa9-8141-4b89-8053-b2b6b4013183: 181 groups; 4.3 s; peak memory 794 MiB.
2026-10-03T13:03:57Z INFO [317/900] 2c25cf2b-0f5e-443d-88e6-e14256b59213: 230 groups; 7.9 s; peak memory 794 MiB.
2026-10-03T13:03:57Z INFO [318/900] 2c25e2ce-aeef-4ab3-b2dd-5f9f51da0750: 22 groups; 0.8 s; peak memory 794 MiB.
2026-10-03T13:03:58Z INFO [319/900] 2c2654bc-356b-4f5c-8ac1-3b45003bef99: 25 groups; 0.8 s; peak memory 794 MiB.
2026-10-03T13:04:08Z INFO [320/900] 2c2743e2-f9bb-4a12-88a9-4b23080d03e5: 77 groups; 9.9 s; peak memory 794 MiB.
2026-10-03T13:04:10Z INFO [321/900] 2c278417-949c-4c27-857e-ff932dc1fff6: 22 groups; 2.3 s; peak memory 794 MiB.
2026-10-03T13:04:11Z INFO [322/900] 2c27c2e3-e8cb-4ee5-8f81-7a181b0fd58f: 32 groups; 0.7 s; peak memory 794 MiB.
2026-10-03T13:04:12Z INFO [323/900] 2c280d77-6226-4635-8de4-7bceb89904ac: 19 groups; 0.7 s; peak memory 794 MiB.
2026-10-03T13:04:47Z INFO [324/900] 2c282585-42ad-4344-b2c6-86dddd74a281: 27 groups; 35.4 s; peak memory 794 MiB.
2026-10-03T13:04:48Z INFO [325/900] 2c28971e-2b9c-45ec-a171-8b8b311c69aa: 201 groups; 1.1 s; peak memory 794 MiB.
2026-10-03T13:04:49Z INFO [326/900] 2c290f3e-e1f1-4023-9322-c5b429333bec: 33 groups; 0.9 s; peak memory 794 MiB.
2026-10-03T13:04:50Z INFO [327/900] 2c2a5fd0-80dc-41e2-8810-4ff47379ef78: 22 groups; 1.0 s; peak memory 794 MiB.
2026-10-03T13:04:51Z INFO [328/900] 2c2a8634-e73e-45ca-b1a2-9660965e9757: 24 groups; 1.0 s; peak memory 794 MiB.
2026-10-03T13:04:53Z INFO [329/900] 2c2ad145-cecf-4ae9-a27a-a04058181c79: 76 groups; 1.9 s; peak memory 794 MiB.
2026-10-03T13:04:54Z INFO [330/900] 2c2bc943-1968-4253-8235-cbf649cb3e14: 22 groups; 0.7 s; peak memory 794 MiB.
2026-10-03T13:05:01Z INFO [331/900] 2c2bd112-7752-4970-8739-d59aa24b144f: 287 groups; 7.3 s; peak memory 794 MiB.
2026-10-03T13:05:02Z INFO [332/900] 2c2bd5be-9104-4d26-8216-40929257bebc: 32 groups; 0.8 s; peak memory 794 MiB.
2026-10-03T13:05:03Z INFO [333/900] 2c2d3c96-ba04-4d0e-8cba-cffcfa49803d: 17 groups; 0.6 s; peak memory 794 MiB.
2026-10-03T13:05:03Z INFO [334/900] 2c2d8ef4-2225-4032-a57d-ad1c429f8224: 22 groups; 0.8 s; peak memory 794 MiB.
2026-10-03T13:05:16Z INFO [335/900] 2c2da062-a40e-48af-af28-e9163b7e3f83: 87 groups; 12.6 s; peak memory 794 MiB.
2026-10-03T13:05:17Z INFO [336/900] 2c2db6c2-fcde-4335-8574-ac7b6f262793: 32 groups; 1.0 s; peak memory 794 MiB.
2026-10-03T13:05:19Z INFO [337/900] 2c2e4acb-1ce8-4c63-ae32-af3a73a46f4d: 17 groups; 1.6 s; peak memory 794 MiB.
2026-10-03T13:05:19Z INFO [338/900] 2c2f4765-65c9-4961-a3f0-f697828c0c0d: 29 groups; 0.8 s; peak memory 794 MiB.
2026-10-03T13:05:20Z INFO [339/900] 2c2fbf2b-35ab-4aac-8622-fb41913d29a5: 16 groups; 0.5 s; peak memory 794 MiB.
2026-10-03T13:05:52Z INFO [340/900] 2c2ffd5c-1702-4071-882e-c8d089c03b49: 6328 groups; 32.1 s; peak memory 794 MiB.
2026-10-03T13:05:53Z INFO [341/900] 2c300631-79ea-4ea0-ba67-84b04f38a950: 18 groups; 0.7 s; peak memory 794 MiB.
2026-10-03T13:05:53Z INFO [342/900] 2c303878-5b4c-4414-a907-81ce10b57d36: 16 groups; 0.5 s; peak memory 794 MiB.
2026-10-03T13:05:55Z INFO [343/900] 2c319fd6-3215-4623-af9d-02a90abeb708: 33 groups; 1.2 s; peak memory 794 MiB.
2026-10-03T13:05:58Z INFO [344/900] 2c31b64a-572d-457a-b9d3-4771fe8ad487: 181 groups; 3.6 s; peak memory 794 MiB.
2026-10-03T13:05:59Z INFO [345/900] 2c328927-be59-4fc3-b60a-64a15444b239: 28 groups; 0.8 s; peak memory 794 MiB.
2026-10-03T13:06:00Z INFO [346/900] 2c32b60c-314f-44f2-944d-00e509e0f5ca: 32 groups; 0.9 s; peak memory 794 MiB.
2026-10-03T13:06:00Z INFO [347/900] 2c33c05e-3a6b-472a-b35b-3fd42e92de0c: 18 groups; 0.6 s; peak memory 794 MiB.
2026-10-03T13:06:01Z INFO [348/900] 2c34656d-6f4d-4b7c-8d2e-90cb67f79009: 32 groups; 0.8 s; peak memory 794 MiB.
2026-10-03T13:06:03Z INFO [349/900] 2c34d430-f2aa-4cbe-a7cd-ce7126204be6: 24 groups; 1.5 s; peak memory 794 MiB.
2026-10-03T13:06:04Z INFO [350/900] 2c34e541-37ae-419e-99f2-9a70ad504277: 35 groups; 1.2 s; peak memory 794 MiB.
2026-10-03T13:06:04Z INFO [350/900] 2c34e541-37ae-419e-99f2-9a70ad504277: checkpointed 68286 records.
2026-10-03T13:06:05Z INFO [351/900] 2c35cb54-5706-4256-9e00-55d50a7b27f5: 207 groups; 1.3 s; peak memory 794 MiB.
2026-10-03T13:06:06Z INFO [352/900] 2c35debf-38b6-4e4f-af97-63968217d268: 33 groups; 1.0 s; peak memory 794 MiB.
2026-10-03T13:06:11Z INFO [353/900] 2c35f9d5-8eed-465f-b039-b9e3b3dfa1d6: 141 groups; 5.2 s; peak memory 794 MiB.
2026-10-03T13:06:12Z INFO [354/900] 2c36180b-cc4d-46e3-b781-d86c4208242f: 30 groups; 0.7 s; peak memory 794 MiB.
2026-10-03T13:06:13Z INFO [355/900] 2c36b426-e0fd-4e83-b147-12e03664cb26: 22 groups; 0.7 s; peak memory 794 MiB.
2026-10-03T13:06:14Z INFO [356/900] 2c37e0f7-16ec-49b8-b73b-ae9b1640f818: 35 groups; 1.1 s; peak memory 794 MiB.
2026-10-03T13:06:15Z INFO [357/900] 2c37efd7-9cea-4992-a64a-9331a4df15b6: 25 groups; 0.7 s; peak memory 794 MiB.
2026-10-03T13:06:16Z INFO [358/900] 2c383bb5-db85-4dab-898a-0629a1137100: 35 groups; 1.7 s; peak memory 794 MiB.
2026-10-03T13:06:17Z INFO [359/900] 2c398142-4581-497f-a301-45ec8ca2b627: 32 groups; 0.9 s; peak memory 794 MiB.
2026-10-03T13:06:18Z INFO [360/900] 2c3a8da2-938d-4805-b187-0483654b558c: 22 groups; 0.8 s; peak memory 794 MiB.
2026-10-03T13:06:19Z INFO [361/900] 2c3ba635-f8bd-4200-9d48-281fae5a86ff: 22 groups; 0.8 s; peak memory 794 MiB.
2026-10-03T13:06:20Z INFO [362/900] 2c3c7fdd-535b-47b7-80c3-400a03a7c669: 35 groups; 1.0 s; peak memory 794 MiB.
2026-10-03T13:06:21Z INFO [363/900] 2c3e7db3-9f2a-46b4-93a8-1b5f74be0df8: 32 groups; 0.8 s; peak memory 794 MiB.
2026-10-03T13:06:25Z INFO [364/900] 2c3e8a87-afb4-417a-ac03-0f7e5d35617e: 141 groups; 4.6 s; peak memory 794 MiB.
2026-10-03T13:06:32Z INFO [365/900] 2c3e9ed9-b996-4c0f-ba64-080d8b16680f: 255 groups; 6.5 s; peak memory 794 MiB.
2026-10-03T13:06:34Z INFO [366/900] 2c3ee816-6db8-4a4c-a18e-6e44343806c3: 50 groups; 2.0 s; peak memory 794 MiB.
2026-10-03T13:06:35Z INFO [367/900] 2c3f3828-80a4-4494-be41-77af6cf80ee1: 32 groups; 0.9 s; peak memory 794 MiB.
2026-10-03T13:06:37Z INFO [368/900] 2c3fadbc-a556-421e-96b0-644978a45b4a: 81 groups; 2.0 s; peak memory 794 MiB.
2026-10-03T13:06:37Z INFO [369/900] 2c40168a-4371-4c40-8b9d-796ca1d7ea81: 35 groups; 0.9 s; peak memory 794 MiB.
2026-10-03T13:06:38Z INFO [370/900] 2c40f8a5-1fc5-451f-9724-1a429b362bde: 43 groups; 1.0 s; peak memory 794 MiB.
2026-10-03T13:06:39Z INFO [371/900] 2c4119ab-ca0a-40db-87db-1aca95ad68e9: 30 groups; 0.6 s; peak memory 794 MiB.
2026-10-03T13:06:40Z INFO [372/900] 2c4201a7-ea3b-4d00-ac15-3d96fb5147ac: 32 groups; 0.9 s; peak memory 794 MiB.
2026-10-03T13:06:41Z INFO [373/900] 2c4266a0-22f8-448f-9c20-baf05fdcedee: 195 groups; 1.2 s; peak memory 794 MiB.
2026-10-03T13:06:52Z INFO [374/900] 2c4267b1-e221-4a29-aa03-3da0ae6bfc89: 374 groups; 10.5 s; peak memory 794 MiB.
2026-10-03T13:06:52Z INFO [375/900] 2c439c8f-b6b2-4964-9fea-ddf95556779a: 22 groups; 0.9 s; peak memory 794 MiB.
2026-10-03T13:06:53Z INFO [376/900] 2c43fc66-41e8-4939-9695-957cc95f3d2e: 17 groups; 0.6 s; peak memory 794 MiB.
2026-10-03T13:07:08Z INFO [377/900] 2c4529a5-54d4-4137-a203-0234da6e8b72: 22 groups; 14.7 s; peak memory 794 MiB.
2026-10-03T13:07:09Z INFO [378/900] 2c45890a-1d25-4571-8eae-ae35f7e59fd0: 196 groups; 1.0 s; peak memory 794 MiB.
2026-10-03T13:07:47Z INFO [379/900] 2c45f7f6-4385-4674-b286-7136c27a6cff: 47 groups; 38.6 s; peak memory 794 MiB.
2026-10-03T13:07:49Z INFO [380/900] 2c4623d0-7eeb-4ccc-b67b-40dd89cd5861: 48 groups; 1.9 s; peak memory 794 MiB.
2026-10-03T13:07:51Z INFO [381/900] 2c468648-ec02-4735-bf64-3d43fcf7ef4f: 101 groups; 2.1 s; peak memory 794 MiB.
2026-10-03T13:07:52Z INFO [382/900] 2c479f9a-e2e6-4b3b-9f25-de6aa179b849: 25 groups; 0.8 s; peak memory 794 MiB.
2026-10-03T13:07:53Z INFO [383/900] 2c47b898-6e96-4090-8b5b-0af5335bbe68: 22 groups; 0.8 s; peak memory 794 MiB.
2026-10-03T13:08:01Z INFO [384/900] 2c4807cb-2668-4be8-bf2b-f8a586885a03: 196 groups; 8.6 s; peak memory 794 MiB.
2026-10-03T13:08:03Z INFO [385/900] 2c487df3-a7e7-46f7-acc6-c85839a66ee3: 32 groups; 1.3 s; peak memory 794 MiB.
2026-10-03T13:08:06Z INFO [386/900] 2c4958e7-dc43-4acd-82cd-7a6755eaf9d7: 126 groups; 2.9 s; peak memory 794 MiB.
2026-10-03T13:08:06Z INFO [387/900] 2c496555-5ca8-434a-94a3-94b4f15900d6: 17 groups; 0.6 s; peak memory 794 MiB.
2026-10-03T13:08:08Z INFO [388/900] 2c497f3f-c0f5-4559-92c0-401ab1945008: 48 groups; 2.0 s; peak memory 794 MiB.
2026-10-03T13:08:09Z INFO [389/900] 2c49a6ff-f8e8-4031-9108-cf85b53198b9: 22 groups; 0.8 s; peak memory 794 MiB.
2026-10-03T13:08:10Z INFO [390/900] 2c4a1787-9e0c-4136-9db4-0c4c5f019664: 32 groups; 0.8 s; peak memory 794 MiB.
2026-10-03T13:08:11Z INFO [391/900] 2c4a2416-0501-4f2f-9d43-0560fa30d389: 32 groups; 1.0 s; peak memory 794 MiB.
2026-10-03T13:08:16Z INFO [392/900] 2c4a4038-285f-4048-978b-6c66af186d10: 199 groups; 5.4 s; peak memory 794 MiB.
2026-10-03T13:08:22Z INFO [393/900] 2c4ce994-bf58-45a8-8979-a976041f1648: 85 groups; 5.7 s; peak memory 794 MiB.
2026-10-03T13:08:23Z INFO [394/900] 2c4cf9cd-5ed0-4904-8533-f2a70ddccf11: 202 groups; 1.0 s; peak memory 794 MiB.
2026-10-03T13:08:31Z INFO [395/900] 2c4d3b92-e022-47d7-b752-1c2a2462f144: 204 groups; 8.2 s; peak memory 794 MiB.
2026-10-03T13:08:34Z INFO [396/900] 2c4dae78-e7f0-4b49-a2a0-40ced2e9ea2f: 104 groups; 2.7 s; peak memory 794 MiB.
2026-10-03T13:08:49Z INFO [397/900] 2c4db669-7eec-4cff-bb61-60cbe44d7e0e: 147 groups; 15.0 s; peak memory 794 MiB.
2026-10-03T13:08:50Z INFO [398/900] 2c4ee85f-10f6-4d0c-b0fc-baff56b8730c: 32 groups; 0.9 s; peak memory 794 MiB.
2026-10-03T13:08:54Z INFO [399/900] 2c4f28f7-0a5e-4ef7-b57c-e55704609254: 78 groups; 3.8 s; peak memory 794 MiB.
2026-10-03T13:08:54Z INFO [400/900] 2c4f50e2-102d-44ba-a8b7-490db84b3eb3: 253 groups; 0.9 s; peak memory 794 MiB.
2026-10-03T13:08:55Z INFO [400/900] 2c4f50e2-102d-44ba-a8b7-490db84b3eb3: checkpointed 68336 records.
2026-10-03T13:08:56Z INFO [401/900] 2c4f5e99-5c3e-44bc-a16d-eb22b6c88850: 32 groups; 1.0 s; peak memory 794 MiB.
2026-10-03T13:08:57Z INFO [402/900] 2c4f9861-aec9-4ecd-96a4-a7832eec48fb: 67 groups; 0.9 s; peak memory 794 MiB.
2026-10-03T13:08:57Z INFO [403/900] 2c4fd32c-2ba9-4ea1-a706-786c27f5ff28: 32 groups; 1.0 s; peak memory 794 MiB.
2026-10-03T13:09:03Z INFO [404/900] 2c503fda-512d-4ccf-b341-1ae50ea7a5e4: 245 groups; 5.9 s; peak memory 794 MiB.
2026-10-03T13:09:04Z INFO [405/900] 2c510cba-c832-476b-8e8a-8c8b96d4d7fa: 22 groups; 0.8 s; peak memory 794 MiB.
2026-10-03T13:09:05Z INFO [406/900] 2c51d993-8c2c-4521-9806-eee7c7d1ed42: 22 groups; 0.8 s; peak memory 794 MiB.
2026-10-03T13:09:06Z INFO [407/900] 2c53bde3-80c9-44ff-916f-a984565e9ecd: 22 groups; 0.7 s; peak memory 794 MiB.
2026-10-03T13:09:07Z INFO [408/900] 2c5557d4-5d6f-47c6-b713-1e79c3b29a64: 32 groups; 0.9 s; peak memory 794 MiB.
2026-10-03T13:09:07Z INFO [409/900] 2c559b03-ddcd-4b63-87bf-fe61b3702036: 32 groups; 0.9 s; peak memory 794 MiB.
2026-10-03T13:09:08Z INFO [410/900] 2c55ab43-6fe7-4ae5-9b2c-0e1379ecb78b: 22 groups; 0.8 s; peak memory 794 MiB.
2026-10-03T13:09:09Z INFO [411/900] 2c55efb8-39e1-49a7-a00a-42e97e53b059: 35 groups; 0.9 s; peak memory 794 MiB.
2026-10-03T13:09:14Z INFO [412/900] 2c564087-d900-4805-9c05-f01ffb62653e: 137 groups; 4.7 s; peak memory 794 MiB.
2026-10-03T13:09:15Z INFO [413/900] 2c5756f4-e138-48f3-910c-964a4db3dacb: 32 groups; 0.9 s; peak memory 794 MiB.
2026-10-03T13:09:16Z INFO [414/900] 2c577719-1298-4452-84ef-bfed6f49715d: 29 groups; 1.3 s; peak memory 794 MiB.
2026-10-03T13:09:17Z INFO [415/900] 2c5786e1-b163-45d9-be85-6606ea2b7b05: 16 groups; 0.6 s; peak memory 794 MiB.
2026-10-03T13:09:18Z INFO [416/900] 2c57916e-c950-469b-928a-e787b389fc34: 194 groups; 1.1 s; peak memory 794 MiB.
2026-10-03T13:09:19Z INFO [417/900] 2c57b035-34c4-42a5-8b00-fa34c848142a: 22 groups; 0.9 s; peak memory 794 MiB.
2026-10-03T13:09:19Z INFO [418/900] 2c57e7af-705f-47b5-af21-8f3b68611622: 254 groups; 0.8 s; peak memory 794 MiB.
2026-10-03T13:09:20Z INFO [419/900] 2c583fd7-a69b-4d92-bb22-fadd691329fa: 32 groups; 1.0 s; peak memory 794 MiB.
2026-10-03T13:09:21Z INFO [420/900] 2c584ac1-36cc-4c87-a2ee-754a2c774e48: 26 groups; 0.6 s; peak memory 794 MiB.
2026-10-03T13:09:22Z INFO [421/900] 2c5856b6-31fd-464d-a5c6-02b87e3999ab: 31 groups; 0.8 s; peak memory 794 MiB.
2026-10-03T13:09:22Z INFO [422/900] 2c586315-e000-4c47-8c7e-a250bd9691ca: 30 groups; 0.6 s; peak memory 794 MiB.
2026-10-03T13:09:24Z INFO [423/900] 2c59611e-7619-438d-80d0-2bd26f4ec763: 48 groups; 1.5 s; peak memory 794 MiB.
2026-10-03T13:09:25Z INFO [424/900] 2c5997bd-d6e5-4e88-8862-f65e0df88cca: 35 groups; 0.9 s; peak memory 794 MiB.
2026-10-03T13:09:25Z INFO [425/900] 2c5a1ee3-97b4-4ac0-8d73-db26ef37864a: 22 groups; 0.7 s; peak memory 794 MiB.
2026-10-03T13:09:35Z INFO [426/900] 2c5abe7b-0807-4416-8b11-ea24cbd1fa03: 96 groups; 9.2 s; peak memory 794 MiB.
2026-10-03T13:09:35Z INFO [427/900] 2c5b5d4c-1035-46e7-ae14-236a7067e933: 22 groups; 0.7 s; peak memory 794 MiB.
2026-10-03T13:09:36Z INFO [428/900] 2c5b80a3-d01a-40ad-80e1-cb66f4d89d29: 24 groups; 0.5 s; peak memory 794 MiB.
2026-10-03T13:09:36Z INFO [429/900] 2c5c2f13-18bf-4aa0-b049-6437ee099f64: 16 groups; 0.4 s; peak memory 794 MiB.
2026-10-03T13:09:37Z INFO [430/900] 2c5ca2d0-b484-41e6-a771-98b488b9317f: 195 groups; 1.2 s; peak memory 794 MiB.
2026-10-03T13:11:53Z INFO [431/900] 2c5f197e-fa49-4b8d-888d-4f7963851076: 60 groups; 135.3 s; peak memory 794 MiB.
2026-10-03T13:11:54Z INFO [432/900] 2c5f3fa3-b1cb-4168-b7d3-ae3286ffd1e4: 22 groups; 0.8 s; peak memory 794 MiB.
2026-10-03T13:11:59Z INFO [433/900] 2c600517-e3a6-4cba-b025-c83195fa4f5d: 218 groups; 5.5 s; peak memory 794 MiB.
2026-10-03T13:12:01Z INFO [434/900] 2c61d415-f073-473a-850d-af1bc821ff39: 50 groups; 2.0 s; peak memory 794 MiB.
2026-10-03T13:12:02Z INFO [435/900] 2c6420e9-35da-4c31-a56e-958c116fc7cf: 22 groups; 0.7 s; peak memory 794 MiB.
2026-10-03T13:12:03Z INFO [436/900] 2c656a8e-3e90-46e0-a008-088d53654b97: 22 groups; 0.7 s; peak memory 794 MiB.
2026-10-03T13:12:05Z INFO [437/900] 2c65795f-d24f-4694-9052-3c4622b5f5c9: 91 groups; 2.4 s; peak memory 794 MiB.
2026-10-03T13:12:13Z INFO [438/900] 2c672913-9493-4c89-a5c5-17323917de4b: 218 groups; 8.0 s; peak memory 794 MiB.
2026-10-03T13:12:14Z INFO [439/900] 2c6789b6-56a2-4a23-b09a-644d8db90e85: 207 groups; 1.1 s; peak memory 794 MiB.
2026-10-03T13:12:15Z INFO [440/900] 2c679df8-bec8-4f95-9234-dc35dd9323e2: 32 groups; 0.9 s; peak memory 794 MiB.
2026-10-03T13:12:18Z INFO [441/900] 2c684549-fbfa-4019-bca8-f5a7f22311b8: 62 groups; 3.1 s; peak memory 794 MiB.
2026-10-03T13:12:19Z INFO [442/900] 2c689e83-c7ae-4dd5-aeaa-fbc5dc1c62b8: 32 groups; 0.9 s; peak memory 794 MiB.
2026-10-03T13:12:20Z INFO [443/900] 2c68affe-ace4-4a60-aedc-fbfec7ed6c73: 194 groups; 1.0 s; peak memory 794 MiB.
2026-10-03T13:12:21Z INFO [444/900] 2c694f92-7254-4491-9ecf-9f6e7f41e5ea: 33 groups; 0.8 s; peak memory 794 MiB.
2026-10-03T13:12:22Z INFO [445/900] 2c69c533-9bcb-4a61-8192-e004c246cbea: 32 groups; 1.0 s; peak memory 794 MiB.
2026-10-03T13:12:22Z INFO [446/900] 2c6a7ed1-22df-46d0-9764-351cf02f1b4a: 28 groups; 0.6 s; peak memory 794 MiB.
2026-10-03T13:12:23Z INFO [447/900] 2c6b3e5c-1314-49ff-99eb-686a35aa25d5: 33 groups; 1.0 s; peak memory 794 MiB.
2026-10-03T13:12:24Z INFO [448/900] 2c6c7eba-db73-41a9-be3a-434539905571: 22 groups; 0.7 s; peak memory 794 MiB.
2026-10-03T13:12:26Z INFO [449/900] 2c6cee21-6cad-44e2-8548-758d8a7afc87: 341 groups; 1.7 s; peak memory 794 MiB.
2026-10-03T13:12:27Z INFO [450/900] 2c6d4c6c-06de-478d-be66-2492d94e7c1b: 33 groups; 1.2 s; peak memory 794 MiB.
2026-10-03T13:12:27Z INFO [450/900] 2c6d4c6c-06de-478d-be66-2492d94e7c1b: checkpointed 68386 records.
2026-10-03T13:12:28Z INFO [451/900] 2c6d6389-1097-4bb8-b443-4189f9d9e002: 22 groups; 0.9 s; peak memory 794 MiB.
2026-10-03T13:13:11Z INFO [452/900] 2c6d85f8-b6ba-4481-bb1d-fd001519de59: 26 groups; 43.6 s; peak memory 794 MiB.
2026-10-03T13:13:13Z INFO [453/900] 2c6dca28-8ffb-481c-90f0-d36b68fe6ec2: 48 groups; 1.9 s; peak memory 794 MiB.
2026-10-03T13:13:14Z INFO [454/900] 2c6df0c8-aded-4daf-a440-c562ec743539: 35 groups; 0.8 s; peak memory 794 MiB.
2026-10-03T13:13:15Z INFO [455/900] 2c6f028c-30b1-4b59-aec9-dc244d22561d: 22 groups; 0.9 s; peak memory 794 MiB.
2026-10-03T13:13:17Z INFO [456/900] 2c6f16c9-14e8-4989-9337-9271802814e5: 48 groups; 1.7 s; peak memory 794 MiB.
2026-10-03T13:13:17Z INFO [457/900] 2c6f9304-29bc-4516-a7d7-c52f6ccef2c9: 35 groups; 0.8 s; peak memory 794 MiB.
2026-10-03T13:13:19Z INFO [458/900] 2c70255a-d24e-4695-bf49-905c9d1a3766: 201 groups; 1.9 s; peak memory 794 MiB.
2026-10-03T13:13:20Z INFO [459/900] 2c702687-2fb1-42e9-9d09-537031745464: 22 groups; 0.8 s; peak memory 794 MiB.
2026-10-03T13:13:27Z INFO [460/900] 2c706aeb-193e-4b5c-ac49-7982ada1eb47: 324 groups; 6.8 s; peak memory 794 MiB.
2026-10-03T13:13:28Z INFO [461/900] 2c70debc-8cd2-4e8f-8e21-d50de2bdc54b: 32 groups; 1.0 s; peak memory 794 MiB.
2026-10-03T13:13:29Z INFO [462/900] 2c711963-f50e-4489-9a36-f7f3e2d2290d: 32 groups; 0.8 s; peak memory 794 MiB.
2026-10-03T13:13:30Z INFO [463/900] 2c72c310-4eef-4cf0-a07f-3c3cff8742e9: 41 groups; 1.2 s; peak memory 794 MiB.
2026-10-03T13:13:31Z INFO [464/900] 2c73465d-67b4-44df-b701-c8a217b7bcc2: 32 groups; 1.4 s; peak memory 794 MiB.
2026-10-03T13:13:39Z INFO [465/900] 2c739b94-076a-484a-8fcc-9d15e490f603: 33 groups; 7.5 s; peak memory 794 MiB.
2026-10-03T13:13:40Z INFO [466/900] 2c757500-0a38-4e7c-a340-5d1679f90a9d: 34 groups; 1.0 s; peak memory 794 MiB.
2026-10-03T13:13:41Z INFO [467/900] 2c766f80-75d6-4a55-b8b7-c3b61293b26d: 22 groups; 0.8 s; peak memory 794 MiB.
2026-10-03T13:13:41Z INFO [468/900] 2c76ea51-f0ee-4661-9585-bd7c5ed6fd47: 22 groups; 0.5 s; peak memory 794 MiB.
2026-10-03T13:13:46Z INFO [469/900] 2c76f0fb-f1c6-4254-a987-e6781e4d0411: 17 groups; 5.1 s; peak memory 794 MiB.
2026-10-03T13:13:47Z INFO [470/900] 2c772f75-a25a-4952-9171-e1e0a9522ca8: 22 groups; 0.7 s; peak memory 794 MiB.
2026-10-03T13:13:48Z INFO [471/900] 2c7739c1-345c-47fa-b17c-cf7f45cceedd: 32 groups; 0.9 s; peak memory 794 MiB.
2026-10-03T13:13:50Z INFO [472/900] 2c77f392-da64-462f-99a9-7d58b10702be: 44 groups; 1.9 s; peak memory 794 MiB.
2026-10-03T13:13:51Z INFO [473/900] 2c77fac9-ebcf-4078-a82b-2260bf8ed2fa: 32 groups; 0.9 s; peak memory 794 MiB.
2026-10-03T13:14:48Z INFO [474/900] 2c788c06-6bcf-4e03-913b-2230f1ff55bf: 2644 groups; 56.9 s; peak memory 794 MiB.
2026-10-03T13:14:49Z INFO [475/900] 2c790782-ab38-4ea9-bba0-e654955f5953: 25 groups; 1.0 s; peak memory 794 MiB.
2026-10-03T13:14:50Z INFO [476/900] 2c79de34-8dbf-42b5-8a59-e2ed64d89ca0: 203 groups; 1.1 s; peak memory 794 MiB.
2026-10-03T13:14:50Z INFO [477/900] 2c7a3608-478c-41ea-b9e9-451702d41cc4: 22 groups; 0.8 s; peak memory 794 MiB.
2026-10-03T13:14:51Z INFO [478/900] 2c7afe41-30ff-4ced-b3c5-f29df5897e8b: 32 groups; 0.8 s; peak memory 794 MiB.
2026-10-03T13:14:52Z INFO [479/900] 2c7b00e6-5cc2-48b2-b6d3-c3d6b39baf07: 199 groups; 1.3 s; peak memory 794 MiB.
2026-10-03T13:14:53Z INFO [480/900] 2c7b853b-5f2b-4ab6-9137-8771c1371de8: 35 groups; 0.9 s; peak memory 794 MiB.
2026-10-03T13:14:54Z INFO [481/900] 2c7b88e7-4d37-4b26-b531-6efb48435fc6: 16 groups; 0.5 s; peak memory 794 MiB.
2026-10-03T13:14:55Z INFO [482/900] 2c7c3b12-0fdc-482c-b93b-f7df0e0caffb: 35 groups; 0.9 s; peak memory 794 MiB.
2026-10-03T13:14:58Z INFO [483/900] 2c7c6b2a-1660-4068-ac7b-a6409d7bcccd: 123 groups; 3.4 s; peak memory 794 MiB.
2026-10-03T13:14:59Z INFO [484/900] 2c7cd48a-4471-415d-8cea-bd129f1bdd35: 32 groups; 0.8 s; peak memory 794 MiB.
2026-10-03T13:15:01Z INFO [485/900] 2c7def6b-2f60-4f6e-ab81-8ea8a774eb87: 57 groups; 2.2 s; peak memory 794 MiB.
2026-10-03T13:15:02Z INFO [486/900] 2c7eb346-550a-4fe0-a823-814f29f92d26: 22 groups; 0.8 s; peak memory 794 MiB.
2026-10-03T13:15:03Z INFO [487/900] 2c80310c-015e-4caa-ae25-842264d1811a: 33 groups; 1.2 s; peak memory 794 MiB.
2026-10-03T13:16:14Z INFO [488/900] 2c80601b-30d3-451c-a121-b192b7699a3a: 4050 groups; 70.8 s; peak memory 794 MiB.
2026-10-03T13:16:17Z INFO [489/900] 2c80a4ca-71f2-4354-91a6-c2dde16e34e9: 129 groups; 3.2 s; peak memory 794 MiB.
2026-10-03T13:16:18Z INFO [490/900] 2c8156a4-0aa6-4600-a7c4-d870067c4bc2: 35 groups; 1.2 s; peak memory 794 MiB.
2026-10-03T13:16:19Z INFO [491/900] 2c815d50-088a-410f-a241-9946aa22e637: 22 groups; 0.7 s; peak memory 794 MiB.
2026-10-03T13:18:26Z INFO [492/900] 2c82b9e5-ec4d-4c30-a534-9d6397341085: 63 groups; 126.6 s; peak memory 794 MiB.
2026-10-03T13:19:25Z INFO [493/900] 2c839593-d391-4018-9939-9e973e35d02b: 41 groups; 59.0 s; peak memory 794 MiB.
2026-10-03T13:19:26Z INFO [494/900] 2c83fcc1-9fda-4b43-a560-43a5032ae7b9: 32 groups; 0.8 s; peak memory 794 MiB.
2026-10-03T13:19:26Z INFO [495/900] 2c8424e4-a263-4233-b032-eeaf65459a43: 16 groups; 0.7 s; peak memory 794 MiB.
2026-10-03T13:19:30Z INFO [496/900] 2c843e6f-2f60-45ff-8f9c-400a300b0132: 22 groups; 3.5 s; peak memory 794 MiB.
2026-10-03T13:19:31Z INFO [497/900] 2c845952-4a5d-47a9-949e-8beb47600507: 32 groups; 1.1 s; peak memory 794 MiB.
2026-10-03T13:19:32Z INFO [498/900] 2c8467e4-6747-42f5-8726-16927969b626: 338 groups; 1.3 s; peak memory 794 MiB.
2026-10-03T13:19:33Z INFO [499/900] 2c849f66-0e21-44df-a43e-f31c4c040c0e: 28 groups; 0.7 s; peak memory 794 MiB.
2026-10-03T13:19:33Z INFO [500/900] 2c851bd5-be25-4a68-8e7a-8d63d9991888: 16 groups; 0.5 s; peak memory 794 MiB.
2026-10-03T13:19:33Z INFO [500/900] 2c851bd5-be25-4a68-8e7a-8d63d9991888: checkpointed 68436 records.
2026-10-03T13:20:01Z INFO [501/900] 2c856987-602e-44f2-86ff-508645507481: 23 groups; 27.3 s; peak memory 794 MiB.
2026-10-03T13:20:01Z INFO [502/900] 2c863ed5-872c-4971-bde6-7f2f6b2a7d6a: 22 groups; 0.8 s; peak memory 794 MiB.
2026-10-03T13:20:14Z INFO [503/900] 2c877525-75a5-4037-ae85-6747d7a6df8c: 153 groups; 12.9 s; peak memory 794 MiB.
2026-10-03T13:20:16Z INFO [504/900] 2c87aa6a-6be9-4a95-ac44-1d1c95088c7e: 337 groups; 1.3 s; peak memory 794 MiB.
2026-10-03T13:20:16Z INFO [505/900] 2c886487-5379-4f9a-b863-1aaa1825b728: 29 groups; 0.7 s; peak memory 794 MiB.
2026-10-03T13:20:17Z INFO [506/900] 2c88a833-8319-4baa-98e9-c4f24607bb94: 30 groups; 0.6 s; peak memory 794 MiB.
2026-10-03T13:20:18Z INFO [507/900] 2c88ea8d-a8c7-4137-be1a-2def3238cc18: 30 groups; 0.6 s; peak memory 794 MiB.
2026-10-03T13:20:18Z INFO [508/900] 2c891ac8-1b0f-4ca1-9b2b-71ba7df75bb0: 32 groups; 0.8 s; peak memory 794 MiB.
2026-10-03T13:20:19Z INFO [509/900] 2c89ea36-c27c-4cca-bd25-919bae42e7f9: 30 groups; 0.6 s; peak memory 794 MiB.
2026-10-03T13:20:20Z INFO [510/900] 2c8a221f-8dc1-45ec-8765-b3e09f9656eb: 251 groups; 0.7 s; peak memory 794 MiB.
2026-10-03T13:20:24Z INFO [511/900] 2c8a72ee-16d1-4ec1-b461-bf6257cd76b4: 78 groups; 4.1 s; peak memory 794 MiB.
2026-10-03T13:20:25Z INFO [512/900] 2c8ae61b-161c-4ee7-b629-a3be981f1674: 33 groups; 1.0 s; peak memory 794 MiB.
2026-10-03T13:20:26Z INFO [513/900] 2c8bae2c-0237-4188-8ab8-43a829645173: 32 groups; 0.8 s; peak memory 794 MiB.
2026-10-03T13:20:29Z INFO [514/900] 2c8ce069-3326-43af-b155-fb63a8b7ce85: 78 groups; 3.8 s; peak memory 794 MiB.
2026-10-03T13:20:30Z INFO [515/900] 2c8d1a67-bf74-49ba-92e7-2c510d039555: 32 groups; 0.9 s; peak memory 794 MiB.
2026-10-03T13:20:31Z INFO [516/900] 2c8d731b-62cc-4988-af73-0174e9f41daf: 16 groups; 0.6 s; peak memory 794 MiB.
2026-10-03T13:20:33Z INFO [517/900] 2c8e339f-2410-403e-8dfc-ff79547f8483: 54 groups; 1.7 s; peak memory 794 MiB.
2026-10-03T13:20:44Z INFO [518/900] 2c8e5476-42aa-4c7b-b58f-a44ff83cad45: 93 groups; 10.9 s; peak memory 794 MiB.
2026-10-03T13:20:44Z INFO [519/900] 2c8ed00e-902f-4551-b71b-3151f41e0ecc: 33 groups; 0.8 s; peak memory 794 MiB.
2026-10-03T13:20:46Z INFO [520/900] 2c8f1056-6d20-480f-ac11-f6c195286d51: 17 groups; 1.6 s; peak memory 794 MiB.
2026-10-03T13:20:47Z INFO [521/900] 2c8f130f-8fcf-4323-993a-210ccdc1608e: 41 groups; 1.2 s; peak memory 794 MiB.
2026-10-03T13:20:49Z INFO [522/900] 2c8fad95-eda6-462b-b948-120fb22d941c: 338 groups; 1.6 s; peak memory 794 MiB.
2026-10-03T13:20:50Z INFO [523/900] 2c8fc688-62e6-42e9-b254-132d89dd8567: 196 groups; 1.1 s; peak memory 794 MiB.
2026-10-03T13:20:51Z INFO [524/900] 2c8fc860-3e75-4d05-b056-53f04c82abac: 28 groups; 0.8 s; peak memory 794 MiB.
2026-10-03T13:20:51Z INFO [525/900] 2c903d95-1635-4e47-8e36-2fd996008b36: 22 groups; 0.8 s; peak memory 794 MiB.
2026-10-03T13:20:52Z INFO [526/900] 2c908520-a000-4d96-a9e2-df4c8bb41e58: 33 groups; 1.0 s; peak memory 794 MiB.
2026-10-03T13:20:56Z INFO [527/900] 2c9114bf-27fd-4dc8-bfbb-5b9ac2235b55: 78 groups; 3.6 s; peak memory 794 MiB.
2026-10-03T13:20:57Z INFO [528/900] 2c912f19-aaa4-473c-a70a-538a11355f04: 22 groups; 0.9 s; peak memory 794 MiB.
2026-10-03T13:20:58Z INFO [529/900] 2c918cd5-7829-411b-91bb-da00bcadb078: 22 groups; 0.8 s; peak memory 794 MiB.
2026-10-03T13:20:59Z INFO [530/900] 2c918ea9-a715-48d9-9776-7405bcc939d4: 202 groups; 1.1 s; peak memory 794 MiB.
2026-10-03T13:21:07Z INFO [531/900] 2c91f812-875e-4c1c-b0e0-3183aeeef886: 32 groups; 7.9 s; peak memory 794 MiB.
2026-10-03T13:21:08Z INFO [532/900] 2c92d4e0-a90f-4635-a1d4-614fea2d3dca: 22 groups; 0.8 s; peak memory 794 MiB.
2026-10-03T13:21:09Z INFO [533/900] 2c92f227-4ffd-4e42-b681-d616f5e244e8: 197 groups; 1.1 s; peak memory 794 MiB.
2026-10-03T13:21:10Z INFO [534/900] 2c93c63a-9775-4a2b-bb84-0a9e92b9b6ca: 41 groups; 1.5 s; peak memory 794 MiB.
2026-10-03T13:21:11Z INFO [535/900] 2c948f31-78ed-43b1-81e3-a6d0e7ec6e36: 32 groups; 1.0 s; peak memory 794 MiB.
2026-10-03T13:21:12Z INFO [536/900] 2c95981e-397e-46d8-b23c-2fdddbbe2a00: 35 groups; 0.9 s; peak memory 794 MiB.
2026-10-03T13:21:20Z INFO [537/900] 2c95c693-3ac7-4c52-96c7-43ee0663841c: 239 groups; 7.8 s; peak memory 794 MiB.
2026-10-03T13:21:30Z INFO [538/900] 2c96b564-7216-4dfe-aea3-ddd9a4f7bc76: 388 groups; 10.2 s; peak memory 794 MiB.
2026-10-03T13:21:31Z INFO [539/900] 2c96d7f1-cd53-4b8a-9a8a-5fbbc5b67606: 22 groups; 0.9 s; peak memory 794 MiB.
2026-10-03T13:21:32Z INFO [540/900] 2c96e527-01f8-48e8-bcf7-567fcd7331e7: 17 groups; 0.8 s; peak memory 794 MiB.
2026-10-03T13:21:34Z INFO [541/900] 2c975c9a-98ba-49cc-a157-f96036dfabbf: 54 groups; 2.1 s; peak memory 794 MiB.
2026-10-03T13:21:35Z INFO [542/900] 2c976d13-e78d-4bda-9c07-b4ef1c803ce7: 35 groups; 1.1 s; peak memory 794 MiB.
2026-10-03T13:21:36Z INFO [543/900] 2c978186-9255-4ba2-b4ba-5eca52cd592b: 35 groups; 1.0 s; peak memory 794 MiB.
2026-10-03T13:21:37Z INFO [544/900] 2c98c191-a1aa-4e68-be54-61de28d3b7e9: 22 groups; 0.7 s; peak memory 794 MiB.
2026-10-03T13:21:38Z INFO [545/900] 2c997c12-0948-4d22-bcf1-e8f44f30b25c: 32 groups; 0.8 s; peak memory 794 MiB.
2026-10-03T13:21:38Z INFO [546/900] 2c9a5355-a76a-48c8-9706-c6ad9337881e: 22 groups; 0.8 s; peak memory 794 MiB.
2026-10-03T13:21:39Z INFO [547/900] 2c9acf82-1fbd-48f8-baeb-ed304cedce4c: 26 groups; 0.7 s; peak memory 794 MiB.
2026-10-03T13:21:40Z INFO [548/900] 2c9add55-45b6-4e04-87ba-42cc01af4428: 20 groups; 0.8 s; peak memory 794 MiB.
2026-10-03T13:21:41Z INFO [549/900] 2c9bc67b-6ba0-4639-83ff-621f34f8d3f8: 336 groups; 1.3 s; peak memory 794 MiB.
2026-10-03T13:21:42Z INFO [550/900] 2c9ce6f8-3507-412b-83e8-85a9a4a25e65: 202 groups; 1.2 s; peak memory 794 MiB.
2026-10-03T13:21:43Z INFO [550/900] 2c9ce6f8-3507-412b-83e8-85a9a4a25e65: checkpointed 68486 records.
2026-10-03T13:21:44Z INFO [551/900] 2c9eaef3-2959-4f4f-8a5f-ba7cdabe0515: 200 groups; 1.7 s; peak memory 794 MiB.
2026-10-03T13:21:50Z INFO [552/900] 2c9eeb82-cf57-452a-8b2e-64397f94886d: 184 groups; 5.5 s; peak memory 794 MiB.
2026-10-03T13:21:50Z INFO [553/900] 2c9f0d18-4ec4-444a-890b-32f9a258d9e7: 22 groups; 0.8 s; peak memory 794 MiB.
2026-10-03T13:21:52Z INFO [554/900] 2c9f2c9c-b353-465c-bf01-0c5e2ab33ca4: 48 groups; 1.4 s; peak memory 794 MiB.
2026-10-03T13:21:54Z INFO [555/900] 2c9f7486-3595-4792-a5c3-7e98b1249cde: 28 groups; 2.4 s; peak memory 794 MiB.
2026-10-03T13:21:55Z INFO [556/900] 2ca0d224-0550-49eb-9e76-009d4e11bbc2: 25 groups; 0.5 s; peak memory 794 MiB.
2026-10-03T13:21:57Z INFO [557/900] 2ca1b550-5143-4572-be18-15d0bdfa454a: 17 groups; 2.0 s; peak memory 794 MiB.
2026-10-03T13:21:58Z INFO [558/900] 2ca1f8fb-e6b9-49c3-a8c6-866d92912551: 32 groups; 0.8 s; peak memory 794 MiB.
2026-10-03T13:22:05Z INFO [559/900] 2ca20535-efd3-462a-9ee5-a69ae302ffb0: 33 groups; 7.3 s; peak memory 794 MiB.
2026-10-03T13:22:06Z INFO [560/900] 2ca24d5e-fa4b-4af9-a6cc-225237426e95: 35 groups; 1.4 s; peak memory 794 MiB.
2026-10-03T13:22:08Z INFO [561/900] 2ca2a97d-2f1b-41c2-a35b-7ba2fd2d0dd4: 341 groups; 1.5 s; peak memory 794 MiB.
2026-10-03T13:22:09Z INFO [562/900] 2ca337ca-ec87-42c0-a775-fe6a805af894: 32 groups; 0.9 s; peak memory 794 MiB.
2026-10-03T13:22:10Z INFO [563/900] 2ca3df3d-e736-413f-9839-3e49b73433dc: 108 groups; 0.9 s; peak memory 794 MiB.
2026-10-03T13:22:23Z INFO [564/900] 2ca44aef-f9cc-469b-97ce-55ef61a28720: 2950 groups; 13.4 s; peak memory 794 MiB.
2026-10-03T13:22:27Z INFO [565/900] 2ca47f59-c04f-46cc-8163-213a21c7b61b: 1594 groups; 4.2 s; peak memory 794 MiB.
2026-10-03T13:22:29Z INFO [566/900] 2ca59b40-12bd-40ba-a84f-559ac96c249c: 50 groups; 2.0 s; peak memory 794 MiB.
2026-10-03T13:22:30Z INFO [567/900] 2ca5d7f1-6fae-455a-bfee-04e49cabe7fe: 22 groups; 0.7 s; peak memory 794 MiB.
2026-10-03T13:22:31Z INFO [568/900] 2ca83a4c-ac43-4980-976a-f59961bf5108: 32 groups; 0.9 s; peak memory 794 MiB.
2026-10-03T13:22:33Z INFO [569/900] 2caae102-382d-4b7b-a492-2c336a978687: 35 groups; 2.1 s; peak memory 794 MiB.
2026-10-03T13:22:34Z INFO [570/900] 2cab5f4a-0798-4c4a-80ac-3d0202677b07: 28 groups; 0.6 s; peak memory 794 MiB.
2026-10-03T13:22:34Z INFO [571/900] 2cac8599-062b-4d0d-968e-84299659d00b: 33 groups; 0.7 s; peak memory 794 MiB.
2026-10-03T13:22:35Z INFO [572/900] 2cadbf40-dc9d-4e90-a81e-f3f3a9af2e64: 32 groups; 0.9 s; peak memory 794 MiB.
2026-10-03T13:22:36Z INFO [573/900] 2cae1bcb-c332-464a-a482-ba16d03e5f1a: 33 groups; 1.1 s; peak memory 794 MiB.
2026-10-03T13:22:38Z INFO [574/900] 2caebafe-379a-40f8-9e04-dafbaf01554c: 50 groups; 1.9 s; peak memory 794 MiB.
2026-10-03T13:22:44Z INFO [575/900] 2cafc8a5-e897-4609-acb6-bb58e78b0868: 85 groups; 5.4 s; peak memory 794 MiB.
2026-10-03T13:22:44Z INFO [576/900] 2cb044cb-bbaa-4a82-90b7-6e13803b52dd: 30 groups; 0.6 s; peak memory 794 MiB.
2026-10-03T13:22:46Z INFO [577/900] 2cb067bd-6874-4abb-8b10-448ff43e14aa: 341 groups; 1.5 s; peak memory 794 MiB.
2026-10-03T13:22:47Z INFO [578/900] 2cb08da0-3a43-4e11-ba7b-9c4b2b451621: 202 groups; 0.9 s; peak memory 794 MiB.
2026-10-03T13:22:48Z INFO [579/900] 2cb0a196-75a5-4aca-b9e6-0a72591d38d4: 341 groups; 1.3 s; peak memory 794 MiB.
2026-10-03T13:22:53Z INFO [580/900] 2cb1fa9a-4aad-4cc2-bbb0-be72f145198b: 85 groups; 4.9 s; peak memory 794 MiB.
2026-10-03T13:22:54Z INFO [581/900] 2cb3abd4-6f40-4eee-b16a-b3485784958c: 253 groups; 0.9 s; peak memory 794 MiB.
2026-10-03T13:22:54Z INFO [582/900] 2cb417d8-6d9a-4ee6-8bf2-9f6f9e1a9f62: 22 groups; 0.6 s; peak memory 794 MiB.
2026-10-03T13:22:55Z INFO [583/900] 2cb49390-a4b2-4ff0-9790-789ffed5e2b9: 18 groups; 0.6 s; peak memory 794 MiB.
2026-10-03T13:23:01Z INFO [584/900] 2cb4e092-dee3-44a5-9544-d1b3054c5558: 36 groups; 6.7 s; peak memory 794 MiB.
2026-10-03T13:23:02Z INFO [585/900] 2cb621f6-156d-4ea9-96e9-80d207947423: 32 groups; 0.8 s; peak memory 794 MiB.
2026-10-03T13:23:04Z INFO [586/900] 2cb65944-ead6-4ec5-a1ae-decec17918b7: 50 groups; 1.8 s; peak memory 794 MiB.
2026-10-03T13:23:05Z INFO [587/900] 2cb75ecc-8e4d-46e0-9845-5aa83a614489: 32 groups; 0.8 s; peak memory 794 MiB.
2026-10-03T13:23:06Z INFO [588/900] 2cb82625-bf14-4e8c-98ba-2a8aef9ce3dd: 22 groups; 0.8 s; peak memory 794 MiB.
2026-10-03T13:23:07Z INFO [589/900] 2cb89f68-8597-4b6e-ad74-4f08426e578d: 29 groups; 0.8 s; peak memory 794 MiB.
2026-10-03T13:23:07Z INFO [590/900] 2cb8cdbe-7fe1-4f19-bc13-8c9bc3a6fcc1: 33 groups; 0.6 s; peak memory 794 MiB.
2026-10-03T13:23:19Z INFO [591/900] 2cb90397-d53f-451d-897e-d059fb8e5775: 247 groups; 12.1 s; peak memory 794 MiB.
2026-10-03T13:23:20Z INFO [592/900] 2cba6976-c875-4c7f-8bad-326afb27562e: 194 groups; 1.0 s; peak memory 794 MiB.
2026-10-03T13:23:22Z INFO [593/900] 2cbb1eb6-64bc-428d-825a-74ed06888d52: 44 groups; 1.9 s; peak memory 794 MiB.
2026-10-03T13:23:32Z INFO [594/900] 2cbb84a7-2eaf-47c9-8778-d37eda7bf61f: 156 groups; 9.7 s; peak memory 794 MiB.
2026-10-03T13:23:32Z INFO [595/900] 2cbc5d09-445d-4f5e-9c03-521e729d9437: 17 groups; 0.6 s; peak memory 794 MiB.
2026-10-03T13:23:33Z INFO [596/900] 2cbc6001-da97-4b6f-b55b-4dd2394ef613: 18 groups; 0.6 s; peak memory 794 MiB.
2026-10-03T13:23:40Z INFO [597/900] 2cbd1a83-09b1-40d4-b2e8-2861f39d219e: 212 groups; 6.6 s; peak memory 794 MiB.
2026-10-03T13:23:41Z INFO [598/900] 2cbd9453-019c-40fd-844b-67ca7faf187e: 22 groups; 0.8 s; peak memory 794 MiB.
2026-10-03T13:23:41Z INFO [599/900] 2cbdc28a-5d33-40a8-b4ff-453d9439360e: 20 groups; 0.8 s; peak memory 794 MiB.
2026-10-03T13:23:42Z INFO [600/900] 2cbf5663-7f94-4979-a644-699f7ee326cc: 39 groups; 1.1 s; peak memory 794 MiB.
2026-10-03T13:23:43Z INFO [600/900] 2cbf5663-7f94-4979-a644-699f7ee326cc: checkpointed 68536 records.
2026-10-03T13:23:45Z INFO [601/900] 2cbf7c3b-c83c-49e7-bce5-61199282ad70: 50 groups; 2.2 s; peak memory 794 MiB.
2026-10-03T13:23:48Z INFO [602/900] 2cbf86c9-2a5d-4be2-a2fe-27708effd578: 80 groups; 3.2 s; peak memory 794 MiB.
2026-10-03T13:23:49Z INFO [603/900] 2cc04658-9b58-474f-9b5b-0a1e41e9c96b: 35 groups; 1.1 s; peak memory 794 MiB.
2026-10-03T13:23:50Z INFO [604/900] 2cc189b6-33e1-4c90-b399-e37977c478c7: 52 groups; 1.0 s; peak memory 794 MiB.
2026-10-03T13:23:51Z INFO [605/900] 2cc2f5d5-0371-4237-957c-fed3ea3f2fc6: 22 groups; 0.7 s; peak memory 794 MiB.
2026-10-03T13:23:52Z INFO [606/900] 2cc3dc8f-f4a6-4ed5-aa5f-81b52561be3f: 29 groups; 0.8 s; peak memory 794 MiB.
2026-10-03T13:23:52Z INFO [607/900] 2cc3eae0-b88c-4529-9d95-549c002781fd: 22 groups; 0.6 s; peak memory 794 MiB.
2026-10-03T13:23:53Z INFO [608/900] 2cc44d60-75b8-4e1a-ab85-2965416f7e06: 26 groups; 1.1 s; peak memory 794 MiB.
2026-10-03T13:23:54Z INFO [609/900] 2cc4b8cc-340a-4ce5-95c7-dfb2fb6a6986: 253 groups; 0.7 s; peak memory 794 MiB.
2026-10-03T13:23:56Z INFO [610/900] 2cc5a632-dcae-4b7a-bd0b-0229b912c946: 48 groups; 1.6 s; peak memory 794 MiB.
2026-10-03T13:23:56Z INFO [611/900] 2cc5dcf8-823f-473b-916f-8cc517a6f54b: 35 groups; 0.8 s; peak memory 794 MiB.
2026-10-03T13:23:58Z INFO [612/900] 2cc6fe6a-77cb-4af6-9a46-42eeb334c318: 17 groups; 1.6 s; peak memory 794 MiB.
2026-10-03T13:23:59Z INFO [613/900] 2cc7062f-5717-4c63-b075-54cda811bcdd: 22 groups; 0.8 s; peak memory 794 MiB.
2026-10-03T13:24:05Z INFO [614/900] 2cc78c70-029d-4ea5-8e19-06c2f58e675f: 76 groups; 5.8 s; peak memory 794 MiB.
2026-10-03T13:24:06Z INFO [615/900] 2cc7e655-562c-49d8-b6aa-de6dc863cbd4: 336 groups; 1.2 s; peak memory 794 MiB.
2026-10-03T13:24:12Z INFO [616/900] 2cc81e9c-c0c1-4ff0-9fd4-a9c04ae0480d: 671 groups; 6.3 s; peak memory 794 MiB.
2026-10-03T13:24:13Z INFO [617/900] 2cc84b41-3a2a-4aae-9326-6669b773db7b: 71 groups; 0.7 s; peak memory 794 MiB.
2026-10-03T13:24:14Z INFO [618/900] 2cc8a0f9-5313-4032-af15-70de09467845: 54 groups; 1.7 s; peak memory 794 MiB.
2026-10-03T13:24:15Z INFO [619/900] 2cc8e902-ef28-45ce-82b8-d7249e0b8d7b: 16 groups; 0.6 s; peak memory 794 MiB.
2026-10-03T13:24:16Z INFO [620/900] 2cc9b71c-7828-4a65-8202-340cd77fff4b: 33 groups; 1.3 s; peak memory 794 MiB.
2026-10-03T13:24:17Z INFO [621/900] 2cca1067-d7f9-4d36-81d2-f819cf48a428: 32 groups; 0.7 s; peak memory 794 MiB.
2026-10-03T13:24:18Z INFO [622/900] 2cca1e54-dd71-4d39-a046-c93c0b07ed7c: 36 groups; 1.1 s; peak memory 794 MiB.
2026-10-03T13:24:19Z INFO [623/900] 2cca9e55-e949-4d62-9ea2-febf83bb7083: 32 groups; 0.8 s; peak memory 794 MiB.
2026-10-03T13:24:20Z INFO [624/900] 2ccb17c8-294e-4fd6-a945-8f54040358b7: 32 groups; 0.9 s; peak memory 794 MiB.
2026-10-03T13:24:21Z INFO [625/900] 2ccb22e7-ee24-48d1-9d3b-7c223a5af4c8: 36 groups; 0.9 s; peak memory 794 MiB.
2026-10-03T13:24:22Z INFO [626/900] 2ccb9d42-8e13-4442-ae56-5f229eedef8e: 194 groups; 0.9 s; peak memory 794 MiB.
2026-10-03T13:24:23Z INFO [627/900] 2ccbafab-77fe-44c3-a032-4b586616d8d9: 33 groups; 0.9 s; peak memory 794 MiB.
2026-10-03T13:24:23Z INFO [628/900] 2ccc40bd-1104-441f-9f85-d9579bd30e0c: 24 groups; 0.5 s; peak memory 794 MiB.
2026-10-03T13:24:26Z INFO [629/900] 2ccc6247-eb44-409f-b185-6f69b1730e50: 66 groups; 2.7 s; peak memory 794 MiB.
2026-10-03T13:24:27Z INFO [630/900] 2ccd0f50-6d02-44ac-91f0-1d06d8a3540f: 32 groups; 1.2 s; peak memory 794 MiB.
2026-10-03T13:24:28Z INFO [631/900] 2ccdb6d0-74ef-45e4-9efa-99d78eb96671: 32 groups; 0.9 s; peak memory 794 MiB.
2026-10-03T13:24:30Z INFO [632/900] 2ccdc7cd-b575-43e7-bf28-3bd19e511972: 571 groups; 1.5 s; peak memory 794 MiB.
2026-10-03T13:24:35Z INFO [633/900] 2cce6631-ff0b-4619-bbde-ee01b98f4711: 65 groups; 4.9 s; peak memory 794 MiB.
2026-10-03T13:24:37Z INFO [634/900] 2cce9a29-6e79-4e5b-9de7-7e7d4879e6b5: 57 groups; 2.4 s; peak memory 794 MiB.
2026-10-03T13:24:46Z INFO [635/900] 2ccf1061-0ac0-4a80-8266-9768b466d7f6: 1202 groups; 8.7 s; peak memory 794 MiB.
2026-10-03T13:24:46Z INFO [636/900] 2cd0bf9f-e1fd-4035-b344-2ddef403e52c: 31 groups; 0.5 s; peak memory 794 MiB.
2026-10-03T13:24:47Z INFO [637/900] 2cd14d92-2263-4955-86ca-8dea3e72c36c: 32 groups; 0.9 s; peak memory 794 MiB.
2026-10-03T13:24:48Z INFO [638/900] 2cd160ef-0f4e-490f-aed0-306f768f6685: 25 groups; 0.7 s; peak memory 794 MiB.
2026-10-03T13:24:52Z INFO [639/900] 2cd2dead-bde5-48fb-8d6c-08d8369b2bc0: 146 groups; 3.8 s; peak memory 794 MiB.
2026-10-03T13:24:52Z INFO [640/900] 2cd51bc0-7231-408e-9088-0fa7af777311: 16 groups; 0.5 s; peak memory 794 MiB.
2026-10-03T13:24:53Z INFO [641/900] 2cd54794-c6f9-4a37-9c46-f402bd720c81: 27 groups; 0.8 s; peak memory 794 MiB.
2026-10-03T13:24:54Z INFO [642/900] 2cd58836-58a8-414d-9880-8ecc41173a94: 32 groups; 1.0 s; peak memory 794 MiB.
2026-10-03T13:24:54Z INFO [643/900] 2cd5da1f-95a1-4ba6-a2b6-8f2eebd352e0: 16 groups; 0.4 s; peak memory 794 MiB.
2026-10-03T13:24:55Z INFO [644/900] 2cd655b8-004d-4baf-ab17-89c63d2ab4d3: 24 groups; 0.8 s; peak memory 794 MiB.
2026-10-03T13:24:56Z INFO [645/900] 2cd6d834-a6d6-47d3-b9a5-c2e627df8ca5: 32 groups; 0.8 s; peak memory 794 MiB.
2026-10-03T13:24:57Z INFO [646/900] 2cd6e2fa-29eb-4cdb-8305-531d0bb64a69: 25 groups; 0.8 s; peak memory 794 MiB.
2026-10-03T13:25:00Z INFO [647/900] 2cd7298d-6cf4-4b18-a50e-1b34d7b35674: 119 groups; 3.2 s; peak memory 794 MiB.
2026-10-03T13:25:01Z INFO [648/900] 2cd7a123-b9af-414d-b806-c1cbd6db6049: 33 groups; 1.0 s; peak memory 794 MiB.
2026-10-03T13:25:02Z INFO [649/900] 2cd85331-31c1-488a-b90f-45ceedc1d476: 196 groups; 1.5 s; peak memory 794 MiB.
2026-10-03T13:25:03Z INFO [650/900] 2cd8e361-0489-4f11-9f64-b7723b1efe9e: 17 groups; 0.7 s; peak memory 794 MiB.
2026-10-03T13:25:03Z INFO [650/900] 2cd8e361-0489-4f11-9f64-b7723b1efe9e: checkpointed 68586 records.
2026-10-03T13:25:04Z INFO [651/900] 2cd8e8ee-db9f-4ae6-aa64-042feefb9318: 17 groups; 0.6 s; peak memory 794 MiB.
2026-10-03T13:25:06Z INFO [652/900] 2cd8f4c0-104f-4019-b783-2c6969be1607: 54 groups; 1.9 s; peak memory 794 MiB.
2026-10-03T13:25:06Z INFO [653/900] 2cd9778b-6944-46af-8c67-a590a97551df: 52 groups; 0.8 s; peak memory 794 MiB.
2026-10-03T13:25:07Z INFO [654/900] 2cdac48f-2330-4dc2-a213-02a143dae649: 32 groups; 0.9 s; peak memory 794 MiB.
2026-10-03T13:25:15Z INFO [655/900] 2cdb2bb7-e7d1-4a2a-9c52-147f02eaf05c: 239 groups; 7.9 s; peak memory 794 MiB.
2026-10-03T13:29:12Z INFO [656/900] 2cdb4c6a-7bd6-4999-a1e4-c760607e47e6: 75 groups; 236.6 s; peak memory 794 MiB.
2026-10-03T13:29:13Z INFO [657/900] 2cdbc12f-f863-4afe-bef8-cc253dde2267: 48 groups; 1.5 s; peak memory 794 MiB.
2026-10-03T13:29:15Z INFO [658/900] 2cdc0a8e-314c-4571-8030-2993ff5f7daf: 48 groups; 1.8 s; peak memory 794 MiB.
2026-10-03T13:29:21Z INFO [659/900] 2cdce245-a653-4c04-84e6-3f632579d3a0: 120 groups; 5.9 s; peak memory 794 MiB.
2026-10-03T13:29:22Z INFO [660/900] 2cdce400-7e18-4819-b7a7-f16959080b23: 22 groups; 0.7 s; peak memory 794 MiB.
2026-10-03T13:29:23Z INFO [661/900] 2cdd8e3b-a85e-47ef-890d-6363844f99ba: 35 groups; 1.1 s; peak memory 794 MiB.
2026-10-03T13:29:24Z INFO [662/900] 2cdda551-6b5d-41b8-a4f7-335dca4b6771: 22 groups; 0.9 s; peak memory 794 MiB.
2026-10-03T13:29:25Z INFO [663/900] 2cde5e00-910f-454f-8152-b3fa022214a6: 49 groups; 1.3 s; peak memory 794 MiB.
2026-10-03T13:29:26Z INFO [664/900] 2cde89b5-4aac-4b43-b3ef-60c01ca242ca: 30 groups; 0.8 s; peak memory 794 MiB.
2026-10-03T13:29:27Z INFO [665/900] 2cdf2e9a-1b3c-42c3-adde-0af9e35ad2d0: 22 groups; 0.7 s; peak memory 794 MiB.
2026-10-03T13:29:37Z INFO [666/900] 2cdf6497-ccd6-4100-a379-9257deb0b443: 332 groups; 10.5 s; peak memory 794 MiB.
2026-10-03T13:29:40Z INFO [667/900] 2cdf7e18-16d5-46a1-a503-6eaec426fbcf: 62 groups; 2.7 s; peak memory 794 MiB.
2026-10-03T13:29:40Z INFO [668/900] 2cdfe01f-69a8-4a53-ae38-415921896c1d: 22 groups; 0.7 s; peak memory 794 MiB.
2026-10-03T13:29:41Z INFO [669/900] 2cdfedd6-148d-44fb-8dfe-2274ada68598: 25 groups; 0.8 s; peak memory 794 MiB.
2026-10-03T13:29:42Z INFO [670/900] 2ce15091-ce4e-46ed-8285-56edc6faff26: 35 groups; 0.8 s; peak memory 794 MiB.
2026-10-03T13:29:51Z INFO [671/900] 2ce1a58e-360b-4d8b-bfa0-7eabd08b2b0a: 324 groups; 9.2 s; peak memory 794 MiB.
2026-10-03T13:29:52Z INFO [672/900] 2ce20afb-a5a5-423a-9839-6086875434f8: 17 groups; 0.6 s; peak memory 794 MiB.
2026-10-03T13:29:53Z INFO [673/900] 2ce26199-50ae-403c-8eb7-ab0c9f92c4fb: 18 groups; 0.6 s; peak memory 794 MiB.
2026-10-03T13:29:56Z INFO [674/900] 2ce3bfde-eb3e-4749-bc03-7a38df008075: 143 groups; 3.7 s; peak memory 794 MiB.
2026-10-03T13:29:57Z INFO [675/900] 2ce40829-f246-45de-9131-5afdd111698f: 254 groups; 0.7 s; peak memory 794 MiB.
2026-10-03T13:29:58Z INFO [676/900] 2ce63ab3-2533-4411-9778-f30fe40deaf4: 33 groups; 1.0 s; peak memory 794 MiB.
2026-10-03T13:29:59Z INFO [677/900] 2ce6f140-447d-4ab2-8f87-2ef9da32740e: 206 groups; 0.9 s; peak memory 794 MiB.
2026-10-03T13:30:00Z INFO [678/900] 2ce92ea2-0e6a-419b-9ede-9cdb825465a6: 35 groups; 1.1 s; peak memory 794 MiB.
2026-10-03T13:30:02Z INFO [679/900] 2ce96097-2822-4e52-b4a6-b8984d71f854: 17 groups; 1.5 s; peak memory 794 MiB.
2026-10-03T13:30:02Z INFO [680/900] 2cea6229-8ae3-4301-83b7-5596ab14c468: 32 groups; 0.8 s; peak memory 794 MiB.
2026-10-03T13:30:07Z INFO [681/900] 2cea7726-2703-4aa1-ab74-166e9c7f2c72: 137 groups; 4.8 s; peak memory 794 MiB.
2026-10-03T13:30:12Z INFO [682/900] 2ceae34a-d322-4485-ae8b-095e7bd1f4cb: 179 groups; 5.2 s; peak memory 794 MiB.
2026-10-03T13:30:13Z INFO [683/900] 2ceaf06a-af7d-4e5a-8246-8dc5a68a2911: 32 groups; 0.7 s; peak memory 794 MiB.
2026-10-03T13:30:14Z INFO [684/900] 2ceb2bce-48ba-41e1-846e-156263968510: 25 groups; 0.8 s; peak memory 794 MiB.
2026-10-03T13:30:16Z INFO [685/900] 2ceb3a4d-624f-4c92-8415-d720f2e3f6c2: 48 groups; 1.7 s; peak memory 794 MiB.
2026-10-03T13:30:17Z INFO [686/900] 2ceb9bd4-dcc5-4663-bd24-22d3056187f0: 207 groups; 1.2 s; peak memory 794 MiB.
2026-10-03T13:30:18Z INFO [687/900] 2cebb51b-5b2b-4655-b23a-caa5e13a250a: 22 groups; 0.8 s; peak memory 794 MiB.
2026-10-03T13:30:18Z INFO [688/900] 2cec0752-da10-48ee-bcae-0e47e4e65eac: 32 groups; 0.9 s; peak memory 794 MiB.
2026-10-03T13:30:20Z INFO [689/900] 2cec307c-d814-430b-b0ca-8163107d485c: 50 groups; 1.7 s; peak memory 794 MiB.
2026-10-03T13:30:21Z INFO [690/900] 2cecc776-ba17-417f-8cb9-8c6621c57f38: 32 groups; 0.9 s; peak memory 794 MiB.
2026-10-03T13:30:23Z INFO [691/900] 2cece7d4-28dd-48d6-8fa4-d8e3f1800b73: 48 groups; 1.8 s; peak memory 794 MiB.
2026-10-03T13:30:24Z INFO [692/900] 2cecefb7-fd74-416c-bb78-ce17e3eb52fa: 47 groups; 1.6 s; peak memory 794 MiB.
2026-10-03T13:30:25Z INFO [693/900] 2cecf042-0c5f-4a02-92da-ada6b45d81b2: 17 groups; 0.7 s; peak memory 794 MiB.
2026-10-03T13:30:26Z INFO [694/900] 2ced41d1-b187-477c-9050-b8843509bc9f: 35 groups; 0.9 s; peak memory 794 MiB.
2026-10-03T13:30:31Z INFO [695/900] 2ced6e25-0882-425d-bfa2-f516379fd0c9: 54 groups; 5.2 s; peak memory 794 MiB.
2026-10-03T13:30:33Z INFO [696/900] 2cee3d78-b490-4801-a6fe-ccbb46acb0bb: 169 groups; 2.0 s; peak memory 794 MiB.
2026-10-03T13:30:34Z INFO [697/900] 2cee8c3d-04fc-453a-a06b-4825dc7acac9: 22 groups; 0.7 s; peak memory 794 MiB.
2026-10-03T13:30:35Z INFO [698/900] 2ceefb7e-fdb8-4f3c-8b41-3155db17bf89: 22 groups; 0.9 s; peak memory 794 MiB.
2026-10-03T13:30:35Z INFO [699/900] 2cef7ac0-3c03-4e5e-8025-f01a90a656c5: 22 groups; 0.5 s; peak memory 794 MiB.
2026-10-03T13:30:37Z INFO [700/900] 2cefb839-2085-4fc5-aa8d-74c3975f763e: 17 groups; 1.8 s; peak memory 794 MiB.
2026-10-03T13:30:37Z INFO [700/900] 2cefb839-2085-4fc5-aa8d-74c3975f763e: checkpointed 68636 records.
2026-10-03T13:30:38Z INFO [701/900] 2cf021aa-b8ef-4b9a-a31e-c7c0d14749e2: 22 groups; 0.8 s; peak memory 794 MiB.
2026-10-03T13:30:39Z INFO [702/900] 2cf1de10-9575-4d50-821b-6c4f0539da3c: 32 groups; 0.9 s; peak memory 794 MiB.
2026-10-03T13:30:40Z INFO [703/900] 2cf2364f-98d2-4998-8c5c-6f499c1dca21: 35 groups; 1.0 s; peak memory 794 MiB.
2026-10-03T13:30:41Z INFO [704/900] 2cf2d3eb-c27c-4f44-b7d4-f669e38b6aeb: 573 groups; 1.3 s; peak memory 794 MiB.
2026-10-03T13:30:45Z INFO [705/900] 2cf30a33-7625-4689-abcc-9782c13af508: 49 groups; 3.8 s; peak memory 794 MiB.
2026-10-03T13:30:49Z INFO [706/900] 2cf32440-86d1-49e9-ad93-cf738aad5814: 144 groups; 3.8 s; peak memory 794 MiB.
2026-10-03T13:30:50Z INFO [707/900] 2cf36d66-3b60-47b1-a6fa-eb4fedbd1628: 35 groups; 0.9 s; peak memory 794 MiB.
2026-10-03T13:30:51Z INFO [708/900] 2cf3920d-f611-4381-966b-5f508ecb0c9b: 22 groups; 0.7 s; peak memory 794 MiB.
2026-10-03T13:30:51Z INFO [709/900] 2cf3d653-a0fd-4123-8e48-a478a62ebd2c: 32 groups; 0.9 s; peak memory 794 MiB.
2026-10-03T13:30:52Z INFO [710/900] 2cf3d6e4-97aa-4707-aa1c-a6aff79c605b: 30 groups; 0.5 s; peak memory 794 MiB.
2026-10-03T13:31:16Z INFO [711/900] 2cf445bd-6ba2-49f1-ac73-f1bdf7b5407a: 31 groups; 24.0 s; peak memory 794 MiB.
2026-10-03T13:31:17Z INFO [712/900] 2cf4758c-dc85-4f42-8295-683f3547cb53: 35 groups; 1.0 s; peak memory 794 MiB.
2026-10-03T13:31:19Z INFO [713/900] 2cf4fcf7-98bb-4f3c-8b1f-017652cb5653: 50 groups; 1.8 s; peak memory 794 MiB.
2026-10-03T13:31:19Z INFO [714/900] 2cf5b78c-7215-465e-9ec7-731638cc357f: 22 groups; 0.6 s; peak memory 794 MiB.
2026-10-03T13:31:25Z INFO [715/900] 2cf5e7ff-acd0-46bd-ae4b-782982573354: 80 groups; 5.6 s; peak memory 794 MiB.
2026-10-03T13:31:26Z INFO [716/900] 2cf6da45-f2b4-4b78-abb5-673b327bb5db: 341 groups; 1.3 s; peak memory 794 MiB.
2026-10-03T13:31:28Z INFO [717/900] 2cf74a7c-e97b-4882-a8ec-c6c296ece1c4: 48 groups; 1.7 s; peak memory 794 MiB.
2026-10-03T13:31:34Z INFO [718/900] 2cf76396-bb9f-4125-9fef-caa8ff198074: 50 groups; 6.1 s; peak memory 794 MiB.
2026-10-03T13:31:35Z INFO [719/900] 2cf9fcad-953f-4580-839a-1a40a28c7d62: 28 groups; 0.6 s; peak memory 794 MiB.
2026-10-03T13:31:36Z INFO [720/900] 2cfa14e2-6b7c-4d81-80a2-55422cfd354f: 32 groups; 0.9 s; peak memory 794 MiB.
2026-10-03T13:31:36Z INFO [721/900] 2cfa339a-8273-4cfc-adcd-aea831df7f56: 16 groups; 0.5 s; peak memory 794 MiB.
2026-10-03T13:31:37Z INFO [722/900] 2cfa4afc-9694-44aa-bc54-8eca64ecac59: 49 groups; 1.4 s; peak memory 794 MiB.
2026-10-03T13:31:39Z INFO [723/900] 2cfa55a9-1a5d-4218-97db-50e2f1a48029: 34 groups; 1.4 s; peak memory 794 MiB.
2026-10-03T13:31:39Z INFO [724/900] 2cfa62f9-944b-41e9-816b-0971118c61b0: 22 groups; 0.7 s; peak memory 794 MiB.
2026-10-03T13:31:40Z INFO [725/900] 2cfb936e-2632-4268-8bf6-cc8c2f75f65f: 22 groups; 0.7 s; peak memory 794 MiB.
2026-10-03T13:31:41Z INFO [726/900] 2cfbd8d7-6b3a-4db1-9fbe-7b4a3b193e05: 35 groups; 0.9 s; peak memory 794 MiB.
2026-10-03T13:31:42Z INFO [727/900] 2cfbe34d-60c4-46ff-b7c4-99cd0e3bdab3: 29 groups; 0.7 s; peak memory 794 MiB.
2026-10-03T13:31:45Z INFO [728/900] 2cfd4491-5652-424e-9046-ac9eda9b3a1e: 137 groups; 3.4 s; peak memory 794 MiB.
2026-10-03T13:31:46Z INFO [729/900] 2cfd9780-dc37-4289-a469-b927dfcb6007: 35 groups; 0.9 s; peak memory 794 MiB.
2026-10-03T13:32:01Z INFO [730/900] 2cfdd52b-f1cf-4b4d-be01-e03953fe44d0: 37 groups; 15.3 s; peak memory 794 MiB.
2026-10-03T13:32:04Z INFO [731/900] 2cfe05e3-534c-441e-bd06-4e07d4577c5f: 60 groups; 2.1 s; peak memory 794 MiB.
2026-10-03T13:32:04Z INFO [732/900] 2cfe201b-76a5-4c87-acdd-873bf3946fb0: 22 groups; 0.6 s; peak memory 794 MiB.
2026-10-03T13:32:07Z INFO [733/900] 2cfe23f9-12a8-4c16-9471-bca75cfe49d7: 78 groups; 3.4 s; peak memory 794 MiB.
2026-10-03T13:32:08Z INFO [734/900] 2cff1b07-848c-4bd8-b3ba-dcd19eacad93: 30 groups; 0.6 s; peak memory 794 MiB.
2026-10-03T13:32:10Z INFO [735/900] 2cff9384-7985-4252-b988-b02948a894bb: 54 groups; 2.1 s; peak memory 794 MiB.
2026-10-03T13:32:12Z INFO [736/900] 2cffb9e5-c687-4b4a-8fc3-03e18f64b1c3: 47 groups; 2.0 s; peak memory 794 MiB.
2026-10-03T13:32:13Z INFO [737/900] 2d017446-76d8-4ae0-9adc-485966aa0052: 31 groups; 0.6 s; peak memory 794 MiB.
2026-10-03T13:32:14Z INFO [738/900] 2d02a755-fa51-44b1-9a14-5a667415d4f5: 32 groups; 0.8 s; peak memory 794 MiB.
2026-10-03T13:32:14Z INFO [739/900] 2d031813-bb67-4d3f-8207-39220b2df67e: 22 groups; 0.8 s; peak memory 794 MiB.
2026-10-03T13:32:15Z INFO [740/900] 2d03235c-1ace-4e7e-aa67-adad632270d6: 32 groups; 0.7 s; peak memory 794 MiB.
2026-10-03T13:32:16Z INFO [741/900] 2d035bb4-95e7-4553-aee0-f099bd775619: 32 groups; 0.8 s; peak memory 794 MiB.
2026-10-03T13:32:17Z INFO [742/900] 2d045971-e132-4457-a650-3e842c68f700: 35 groups; 1.1 s; peak memory 794 MiB.
2026-10-03T13:32:22Z INFO [743/900] 2d04612e-30bc-4779-9301-54d9767e340b: 203 groups; 5.6 s; peak memory 794 MiB.
2026-10-03T13:32:23Z INFO [744/900] 2d0517e0-6c09-4068-91c3-0788b60af21e: 22 groups; 0.8 s; peak memory 794 MiB.
2026-10-03T13:32:24Z INFO [745/900] 2d05b461-5f4b-4b3a-8f49-30cc26bf44f7: 32 groups; 0.8 s; peak memory 794 MiB.
2026-10-03T13:32:25Z INFO [746/900] 2d06c2ca-9da3-4f73-9cb4-77b4c5907223: 33 groups; 0.9 s; peak memory 794 MiB.
2026-10-03T13:32:29Z INFO [747/900] 2d07097b-a192-4450-8e61-2b1ece405b4c: 129 groups; 3.9 s; peak memory 794 MiB.
2026-10-03T13:32:30Z INFO [748/900] 2d078f92-6e76-4216-8aa7-28a5782f0505: 33 groups; 1.1 s; peak memory 794 MiB.
2026-10-03T13:34:43Z INFO [749/900] 2d0885e5-608c-44b9-900e-ba1be0c8256b: 61 groups; 132.7 s; peak memory 794 MiB.
2026-10-03T13:35:12Z INFO [750/900] 2d091757-9736-4d01-b828-e656063a661a: 26 groups; 29.2 s; peak memory 794 MiB.
2026-10-03T13:35:12Z INFO [750/900] 2d091757-9736-4d01-b828-e656063a661a: checkpointed 68686 records.
2026-10-03T13:35:13Z INFO [751/900] 2d09d017-ae69-4b17-9cda-c48e4ec13ff0: 22 groups; 0.8 s; peak memory 794 MiB.
2026-10-03T13:35:14Z INFO [752/900] 2d0aa1d9-df6a-42cb-b626-4aa93f3fdeb5: 202 groups; 1.0 s; peak memory 794 MiB.
2026-10-03T13:35:15Z INFO [753/900] 2d0ad800-6141-49e8-8b92-7b0bc7f5a52d: 22 groups; 0.8 s; peak memory 794 MiB.
2026-10-03T13:35:15Z INFO [754/900] 2d0aee44-efbd-40f7-8820-4681ece3f83f: 31 groups; 0.6 s; peak memory 794 MiB.
2026-10-03T13:35:21Z INFO [755/900] 2d0b25aa-d0f1-4e4a-af70-6c7c7aafb42f: 70 groups; 6.1 s; peak memory 794 MiB.
2026-10-03T13:35:22Z INFO [756/900] 2d0bbc68-9cd1-402d-b392-19efd7ed64df: 22 groups; 0.8 s; peak memory 794 MiB.
2026-10-03T13:35:23Z INFO [757/900] 2d0bf6be-222c-48a5-8184-901699404896: 16 groups; 0.5 s; peak memory 794 MiB.
2026-10-03T13:35:24Z INFO [758/900] 2d0c98d0-1e1e-4c02-af42-66bf4686cc00: 22 groups; 0.8 s; peak memory 794 MiB.
2026-10-03T13:35:33Z INFO [759/900] 2d0d301e-d97e-4e7b-b61d-1f2ff7dc75aa: 3064 groups; 10.0 s; peak memory 794 MiB.
2026-10-03T13:35:35Z INFO [760/900] 2d0e6ecf-d7ea-4740-9e1d-548a8363149c: 35 groups; 1.0 s; peak memory 794 MiB.
2026-10-03T13:35:35Z INFO [761/900] 2d0e80ff-437e-4af9-a96e-01129e0b19df: 18 groups; 0.7 s; peak memory 794 MiB.
2026-10-03T13:35:39Z INFO [762/900] 2d0eac77-1c1f-47f7-b555-0a05ce549183: 181 groups; 3.8 s; peak memory 794 MiB.
2026-10-03T13:35:40Z INFO [763/900] 2d0efc46-ac9b-4fb8-8319-cf67e46e6625: 24 groups; 1.0 s; peak memory 794 MiB.
2026-10-03T13:35:41Z INFO [764/900] 2d0f2e09-49e8-4827-8f5d-a3e395c22d29: 22 groups; 0.7 s; peak memory 794 MiB.
2026-10-03T13:35:41Z INFO [765/900] 2d0f4158-5b8c-4291-bef3-6533394baf9c: 30 groups; 0.7 s; peak memory 794 MiB.
2026-10-03T13:35:42Z INFO [766/900] 2d0fa663-d1f6-4cac-80d1-8fec5b3590fd: 22 groups; 0.8 s; peak memory 794 MiB.
2026-10-03T13:35:43Z INFO [767/900] 2d0fdf92-a790-4faf-ae23-7b612421cbab: 32 groups; 0.8 s; peak memory 794 MiB.
2026-10-03T13:35:44Z INFO [768/900] 2d102473-fb55-4edd-bd53-bd4f7ee012ff: 35 groups; 0.8 s; peak memory 794 MiB.
2026-10-03T13:35:48Z INFO [769/900] 2d10ede2-db79-4324-8b37-1cd541286927: 90 groups; 4.0 s; peak memory 794 MiB.
2026-10-03T13:35:52Z INFO [770/900] 2d1100a2-937f-49cc-8606-6aef76218ee2: 181 groups; 3.9 s; peak memory 794 MiB.
2026-10-03T13:35:53Z INFO [771/900] 2d11266f-b942-4f33-a88d-f212aa0e15e1: 35 groups; 0.9 s; peak memory 794 MiB.
2026-10-03T13:35:53Z INFO [772/900] 2d11d39d-69b2-419f-820b-491f63d82241: 32 groups; 0.7 s; peak memory 794 MiB.
2026-10-03T13:35:54Z INFO [773/900] 2d11ddff-84eb-4041-b0c5-1d67f301c08b: 22 groups; 0.7 s; peak memory 794 MiB.
2026-10-03T13:35:55Z INFO [774/900] 2d1206cb-8cc0-4ac5-a518-d001e3af4fcf: 35 groups; 1.2 s; peak memory 794 MiB.
2026-10-03T13:35:56Z INFO [775/900] 2d13a622-da35-451a-a87f-b4d17506bb24: 28 groups; 0.6 s; peak memory 794 MiB.
2026-10-03T13:36:02Z INFO [776/900] 2d13e5fe-efe3-4021-94f1-3deab337b407: 48 groups; 6.2 s; peak memory 794 MiB.
2026-10-03T13:36:03Z INFO [777/900] 2d13f667-0a4c-4236-994d-4580cfc6fb19: 32 groups; 1.0 s; peak memory 794 MiB.
2026-10-03T13:36:04Z INFO [778/900] 2d145360-da34-4895-99a7-ef6947412b66: 30 groups; 0.9 s; peak memory 794 MiB.
2026-10-03T13:36:16Z INFO [779/900] 2d14cd7a-25c0-43e0-a832-82737a9fdbfa: 27 groups; 12.2 s; peak memory 794 MiB.
2026-10-03T13:36:17Z INFO [780/900] 2d14e0a5-699d-43fc-a1be-59a7dcbf3e40: 22 groups; 0.8 s; peak memory 794 MiB.
2026-10-03T13:36:19Z INFO [781/900] 2d14ee4f-7ae1-4de3-b7e6-0df4c02fe7a7: 50 groups; 1.9 s; peak memory 794 MiB.
2026-10-03T13:36:20Z INFO [782/900] 2d14fb87-a7d1-4fc5-8733-7d4814c5271c: 33 groups; 0.7 s; peak memory 794 MiB.
2026-10-03T13:36:26Z INFO [783/900] 2d14fdcf-1ad8-47a6-8a8b-5e5e98baff95: 50 groups; 6.4 s; peak memory 794 MiB.
2026-10-03T13:36:28Z INFO [784/900] 2d181d1d-58ef-44c5-9c57-84fb10f79d35: 194 groups; 1.9 s; peak memory 794 MiB.
2026-10-03T13:36:29Z INFO [785/900] 2d186bc8-fd9c-473d-868d-c44a4d7cc34c: 35 groups; 0.8 s; peak memory 794 MiB.
2026-10-03T13:36:31Z INFO [786/900] 2d1871cf-ff58-4383-864a-36f4fa3d0191: 50 groups; 1.9 s; peak memory 794 MiB.
2026-10-03T13:36:31Z INFO [787/900] 2d198425-db66-4af9-9d13-0e81a97ebedc: 32 groups; 0.7 s; peak memory 794 MiB.
2026-10-03T13:36:33Z INFO [788/900] 2d1a10b6-c55b-4ca3-8d17-e462b8613ab7: 341 groups; 1.6 s; peak memory 794 MiB.
2026-10-03T13:36:34Z INFO [789/900] 2d1bcf0a-11c6-4873-8745-5a1fc956d939: 70 groups; 1.0 s; peak memory 794 MiB.
2026-10-03T13:36:35Z INFO [790/900] 2d1c663f-a3fb-43d8-a97c-952d43591ee3: 35 groups; 1.0 s; peak memory 794 MiB.
2026-10-03T13:36:36Z INFO [791/900] 2d1cb80a-f678-4921-aa20-c0cc926943fb: 48 groups; 1.7 s; peak memory 794 MiB.
2026-10-03T13:36:37Z INFO [792/900] 2d1cf7fb-e8f3-4047-bb1f-054337653174: 252 groups; 0.9 s; peak memory 794 MiB.
2026-10-03T13:36:38Z INFO [793/900] 2d1d1235-9bf9-4748-9fef-ec7700bba716: 32 groups; 0.9 s; peak memory 794 MiB.
2026-10-03T13:36:39Z INFO [794/900] 2d1db673-443e-46f8-aceb-6dc7dc4d1842: 52 groups; 0.7 s; peak memory 794 MiB.
2026-10-03T13:36:40Z INFO [795/900] 2d1dda1c-dec0-40d8-a04f-95441109866e: 22 groups; 0.7 s; peak memory 794 MiB.
2026-10-03T13:36:41Z INFO [796/900] 2d1e94c9-6403-4c46-9e4f-262ce369b739: 37 groups; 1.7 s; peak memory 794 MiB.
2026-10-03T13:38:16Z INFO [797/900] 2d1ec365-b793-4ffc-b074-a417f57857dc: 27 groups; 94.3 s; peak memory 794 MiB.
2026-10-03T13:38:17Z INFO [798/900] 2d1ed250-2f70-4143-91a9-41284b23d573: 22 groups; 0.8 s; peak memory 794 MiB.
2026-10-03T13:38:22Z INFO [799/900] 2d1f1f0e-9748-45ac-a65d-31eca86be44e: 50 groups; 5.7 s; peak memory 794 MiB.
2026-10-03T13:38:23Z INFO [800/900] 2d1f4659-618c-408b-b699-d0ff5eed5234: 24 groups; 0.8 s; peak memory 794 MiB.
2026-10-03T13:38:23Z INFO [800/900] 2d1f4659-618c-408b-b699-d0ff5eed5234: checkpointed 68736 records.
2026-10-03T13:38:24Z INFO [801/900] 2d1fcd60-dfcf-452c-ac26-a846cdedf6e7: 25 groups; 0.8 s; peak memory 794 MiB.
2026-10-03T13:38:25Z INFO [802/900] 2d1febda-de85-455c-b005-4a3e931c1dfd: 32 groups; 0.9 s; peak memory 794 MiB.
2026-10-03T13:38:26Z INFO [803/900] 2d20af1c-ccf6-4dc8-a775-3cb15aa2caac: 40 groups; 1.1 s; peak memory 794 MiB.
2026-10-03T13:38:26Z INFO [804/900] 2d20b5fc-c327-4f9c-90d9-266390cff4a0: 22 groups; 0.6 s; peak memory 794 MiB.
2026-10-03T13:38:27Z INFO [805/900] 2d20b933-d4b9-4371-8e21-574c5a7ad43d: 27 groups; 1.0 s; peak memory 794 MiB.
2026-10-03T13:38:28Z INFO [806/900] 2d20c3df-592e-434c-a28b-18bd5bacc3c7: 35 groups; 0.8 s; peak memory 794 MiB.
2026-10-03T13:38:29Z INFO [807/900] 2d218208-f03a-4c75-b3a5-f19d90f10374: 16 groups; 0.5 s; peak memory 794 MiB.
2026-10-03T13:38:30Z INFO [808/900] 2d21afad-5d96-4f83-b9df-e4c2df73cc9b: 33 groups; 1.5 s; peak memory 794 MiB.
2026-10-03T13:38:32Z INFO [809/900] 2d22cd8a-0603-4621-9e6d-a3516188d391: 43 groups; 1.4 s; peak memory 794 MiB.
2026-10-03T13:38:33Z INFO [810/900] 2d23098c-8dc1-4295-9491-e2e9320f4d69: 22 groups; 0.8 s; peak memory 794 MiB.
2026-10-03T13:38:33Z INFO [811/900] 2d23a9c3-5446-4424-b9db-b7254ab10233: 22 groups; 0.8 s; peak memory 794 MiB.
2026-10-03T13:38:34Z INFO [812/900] 2d23ca9b-77c1-4d0b-982d-5b3f2b573a2b: 22 groups; 0.8 s; peak memory 794 MiB.
2026-10-03T13:38:39Z INFO [813/900] 2d23e484-a649-4651-9e25-973ac7a0904d: 66 groups; 4.4 s; peak memory 794 MiB.
2026-10-03T13:38:39Z INFO [814/900] 2d240ec9-da73-4c0b-8071-7afa7bb254a2: 32 groups; 0.9 s; peak memory 794 MiB.
2026-10-03T13:38:40Z INFO [815/900] 2d241f10-6e9c-4354-b6f5-110cee25edb0: 21 groups; 0.7 s; peak memory 794 MiB.
2026-10-03T13:38:41Z INFO [816/900] 2d250964-4518-4443-883c-127c25297ed4: 22 groups; 0.6 s; peak memory 794 MiB.
2026-10-03T13:38:42Z INFO [817/900] 2d251980-6ae4-4ba1-aca9-f4123ba464d9: 32 groups; 0.9 s; peak memory 794 MiB.
2026-10-03T13:38:42Z INFO [818/900] 2d25419d-0a91-40a0-829a-730b1d2015a5: 16 groups; 0.6 s; peak memory 794 MiB.
2026-10-03T13:38:43Z INFO [819/900] 2d2549a1-eb65-48c7-9286-d66c827279b6: 17 groups; 0.6 s; peak memory 794 MiB.
2026-10-03T13:38:43Z INFO [820/900] 2d25757a-f80d-42f1-9a87-c4f2ef17e116: 22 groups; 0.6 s; peak memory 794 MiB.
2026-10-03T13:38:44Z INFO [821/900] 2d263388-5ead-47ca-ac7e-847481629c2e: 22 groups; 0.6 s; peak memory 794 MiB.
2026-10-03T13:38:45Z INFO [822/900] 2d268291-6f71-499a-9749-2aadb65351ad: 252 groups; 0.8 s; peak memory 794 MiB.
2026-10-03T13:38:46Z INFO [823/900] 2d26d224-a9e9-4b42-a9a2-4c3a6bb0864a: 18 groups; 0.6 s; peak memory 794 MiB.
2026-10-03T13:38:47Z INFO [824/900] 2d2752ab-4cdc-4a1e-bcc0-2e113af8683e: 35 groups; 1.1 s; peak memory 794 MiB.
2026-10-03T13:38:47Z INFO [825/900] 2d276556-0eb6-43d2-ab03-2106edacdc25: 26 groups; 0.7 s; peak memory 794 MiB.
2026-10-03T13:38:48Z INFO [826/900] 2d28479f-7ef3-4c44-8279-4568120f6cb2: 32 groups; 0.9 s; peak memory 794 MiB.
2026-10-03T13:38:55Z INFO [827/900] 2d28a621-c898-4211-b680-24b4d9872d85: 225 groups; 6.7 s; peak memory 794 MiB.
2026-10-03T13:38:56Z INFO [828/900] 2d28d49e-63d5-4402-9cd2-6f783e4e6193: 35 groups; 0.9 s; peak memory 794 MiB.
2026-10-03T13:38:57Z INFO [829/900] 2d28fad8-1300-44d0-a48e-65233f770852: 43 groups; 1.5 s; peak memory 794 MiB.
2026-10-03T13:38:58Z INFO [830/900] 2d29464a-5005-4f3c-b506-c9a2e8cdb3da: 35 groups; 0.7 s; peak memory 794 MiB.
2026-10-03T13:38:59Z INFO [831/900] 2d29683f-1bbe-4188-b716-dae98600fc71: 32 groups; 0.7 s; peak memory 794 MiB.
2026-10-03T13:39:02Z INFO [832/900] 2d298808-6dde-4ebb-bedd-fa2de1e683d2: 73 groups; 3.5 s; peak memory 794 MiB.
2026-10-03T13:39:03Z INFO [833/900] 2d2a71e5-4c1f-4f87-99db-405a35412b99: 21 groups; 0.7 s; peak memory 794 MiB.
2026-10-03T13:39:04Z INFO [834/900] 2d2c9cb5-3cd2-4578-a6c6-4c795fe3212c: 22 groups; 0.7 s; peak memory 794 MiB.
2026-10-03T13:39:04Z INFO [835/900] 2d2e0e63-4aea-4b54-9a57-60d6ef734cb0: 16 groups; 0.6 s; peak memory 794 MiB.
2026-10-03T13:39:07Z INFO [836/900] 2d2e1324-205f-4cae-b2d9-f6c1e75c5eb8: 30 groups; 2.4 s; peak memory 794 MiB.
2026-10-03T13:39:07Z INFO [837/900] 2d3035f5-79fd-416c-9b70-bcf2c3d69ac4: 22 groups; 0.7 s; peak memory 794 MiB.
2026-10-03T13:39:17Z INFO [838/900] 2d30c534-a1bf-46b1-aa4b-5d11e26c65ac: 346 groups; 9.8 s; peak memory 794 MiB.
2026-10-03T13:39:18Z INFO [839/900] 2d31360f-43c0-481a-bfd9-4656ac806579: 23 groups; 0.8 s; peak memory 794 MiB.
2026-10-03T13:39:23Z INFO [840/900] 2d31ad07-8a25-4e2c-8668-8d06d9cbefd6: 169 groups; 4.4 s; peak memory 794 MiB.
2026-10-03T13:39:24Z INFO [841/900] 2d3336b3-32ac-48de-9c21-633f9fd1688d: 32 groups; 1.1 s; peak memory 794 MiB.
2026-10-03T13:39:24Z INFO [842/900] 2d346445-2eb5-4ace-a04b-e33ba453ff78: 30 groups; 0.7 s; peak memory 794 MiB.
2026-10-03T13:39:25Z INFO [843/900] 2d346c88-2967-4343-a5f1-0c5ae76aab0d: 22 groups; 0.9 s; peak memory 794 MiB.
2026-10-03T13:39:26Z INFO [844/900] 2d34fd3e-7dc0-4988-97d9-e4f60dc24c2d: 22 groups; 0.8 s; peak memory 794 MiB.
2026-10-03T13:39:27Z INFO [845/900] 2d35f9d2-7088-4515-93a7-ea2506dbbd47: 35 groups; 0.8 s; peak memory 794 MiB.
2026-10-03T13:39:30Z INFO [846/900] 2d361fb3-d3d1-46e1-af46-7a8468f6904b: 99 groups; 2.8 s; peak memory 794 MiB.
2026-10-03T13:39:31Z INFO [847/900] 2d365534-aac6-4948-92fa-05b545a18d67: 104 groups; 1.2 s; peak memory 794 MiB.
2026-10-03T13:39:32Z INFO [848/900] 2d3796e3-5288-4c5a-9ae3-1ad16d448d97: 48 groups; 1.3 s; peak memory 794 MiB.
2026-10-03T13:39:33Z INFO [849/900] 2d3842cd-40d9-4928-9198-740bccded438: 22 groups; 0.7 s; peak memory 794 MiB.
2026-10-03T13:39:57Z INFO [850/900] 2d39b1c1-7753-4351-9f08-276c0e587001: 23 groups; 24.3 s; peak memory 794 MiB.
2026-10-03T13:39:57Z INFO [850/900] 2d39b1c1-7753-4351-9f08-276c0e587001: checkpointed 68786 records.
2026-10-03T13:42:18Z INFO [851/900] 2d3adb33-afd2-4c07-9557-25d0c4fd01da: 60 groups; 140.4 s; peak memory 794 MiB.
2026-10-03T13:42:19Z INFO [852/900] 2d3b6d30-ec07-42b0-b637-d06bf509bffa: 22 groups; 0.8 s; peak memory 794 MiB.
2026-10-03T13:42:20Z INFO [853/900] 2d3b6d7a-a32f-4aba-ae4d-ede571c223e2: 337 groups; 1.1 s; peak memory 794 MiB.
2026-10-03T13:42:21Z INFO [854/900] 2d3cd9ad-eb71-4613-90d1-e735c4767e01: 31 groups; 0.9 s; peak memory 794 MiB.
2026-10-03T13:42:22Z INFO [855/900] 2d3f6914-ed6c-42c2-a504-e71c3e459e4d: 32 groups; 1.1 s; peak memory 794 MiB.
2026-10-03T13:42:27Z INFO [856/900] 2d3fba8f-989e-411a-a749-aa5c8b14adea: 123 groups; 5.3 s; peak memory 794 MiB.
2026-10-03T13:42:28Z INFO [857/900] 2d40be17-d764-4e28-b497-fcc15e404007: 32 groups; 1.0 s; peak memory 794 MiB.
2026-10-03T13:42:29Z INFO [858/900] 2d4106f1-72ee-496d-b091-67b96842b768: 22 groups; 0.8 s; peak memory 794 MiB.
2026-10-03T13:42:39Z INFO [859/900] 2d416a91-7fd3-4054-a6b8-1c6c74e06b66: 17 groups; 9.8 s; peak memory 794 MiB.
2026-10-03T13:42:39Z INFO [860/900] 2d4277e6-6a01-4c1e-a223-df636f41628e: 26 groups; 0.5 s; peak memory 794 MiB.
2026-10-03T13:42:43Z INFO [861/900] 2d44a93c-3ba2-4e7f-831b-3d6048886f09: 209 groups; 3.6 s; peak memory 794 MiB.
2026-10-03T13:42:44Z INFO [862/900] 2d450970-d49d-424c-9e1b-068c5e62aeef: 35 groups; 1.0 s; peak memory 794 MiB.
2026-10-03T13:42:45Z INFO [863/900] 2d4521d1-24d8-4aa2-a40c-f1ab7dd9b6d1: 32 groups; 0.9 s; peak memory 794 MiB.
2026-10-03T13:42:46Z INFO [864/900] 2d45334e-b009-4429-86ab-fabed0f72553: 103 groups; 1.0 s; peak memory 794 MiB.
2026-10-03T13:42:46Z INFO [865/900] 2d4545d5-515f-48d7-ab2c-0354e6538486: 16 groups; 0.5 s; peak memory 794 MiB.
2026-10-03T13:42:47Z INFO [866/900] 2d4648fd-f493-43ac-a74b-310bb0a48b25: 22 groups; 0.7 s; peak memory 794 MiB.
2026-10-03T13:42:56Z INFO [867/900] 2d475d56-f520-432c-8336-f06db95a1801: 205 groups; 9.6 s; peak memory 794 MiB.
2026-10-03T13:43:18Z INFO [868/900] 2d47e09a-2542-49b7-aab0-d12510c9cf01: 23 groups; 21.9 s; peak memory 794 MiB.
2026-10-03T13:43:22Z INFO [869/900] 2d48584b-6c2a-4852-8007-a163c687d4c3: 181 groups; 3.8 s; peak memory 794 MiB.
2026-10-03T13:43:23Z INFO [870/900] 2d48681b-61ae-48e9-8474-8e98bd529350: 22 groups; 0.9 s; peak memory 794 MiB.
2026-10-03T13:43:29Z INFO [871/900] 2d48e2de-458c-4c7a-871f-d53c67058b90: 26 groups; 6.2 s; peak memory 794 MiB.
2026-10-03T13:43:30Z INFO [872/900] 2d4947b1-b809-4208-84ee-b0171a68aa79: 31 groups; 0.9 s; peak memory 794 MiB.
2026-10-03T13:43:32Z INFO [873/900] 2d495798-c695-4923-a0a4-f3f86c15fbb4: 54 groups; 2.0 s; peak memory 794 MiB.
2026-10-03T13:43:33Z INFO [874/900] 2d4a1c59-3d63-496d-922e-62d49a8858f6: 252 groups; 0.9 s; peak memory 794 MiB.
2026-10-03T13:43:37Z INFO [875/900] 2d4ce5f9-f2a2-4f15-a1ef-0898314d8072: 1195 groups; 4.3 s; peak memory 794 MiB.
2026-10-03T13:43:39Z INFO [876/900] 2d4d050a-4d9f-4085-85ba-2c16dbe181c1: 54 groups; 1.3 s; peak memory 794 MiB.
2026-10-03T13:43:39Z INFO [877/900] 2d4d052e-1148-41ca-96dc-6ae487120ee5: 22 groups; 0.7 s; peak memory 794 MiB.
2026-10-03T13:43:40Z INFO [878/900] 2d4ea120-f3a0-41f7-8d7b-1124846b1c35: 22 groups; 0.6 s; peak memory 794 MiB.
2026-10-03T13:43:46Z INFO [879/900] 2d4eecaa-118e-410d-b07e-2fc13cb033e4: 48 groups; 5.9 s; peak memory 794 MiB.
2026-10-03T13:43:48Z INFO [880/900] 2d4f590d-9c89-41da-a3f9-9c60076f5a61: 48 groups; 1.9 s; peak memory 794 MiB.
2026-10-03T13:43:49Z INFO [881/900] 2d50ac27-e720-4516-ab79-7f063e6a3707: 35 groups; 0.9 s; peak memory 794 MiB.
2026-10-03T13:43:54Z INFO [882/900] 2d513b09-b4e2-4af0-9f28-a40d0b0a1b81: 194 groups; 5.1 s; peak memory 794 MiB.
2026-10-03T13:43:55Z INFO [883/900] 2d519f45-db0e-4684-bdef-6d003140d588: 41 groups; 1.2 s; peak memory 794 MiB.
2026-10-03T13:43:55Z INFO [884/900] 2d51ddc9-17f2-4e95-9b5f-388c8efb9fcc: 31 groups; 0.6 s; peak memory 794 MiB.
2026-10-03T13:43:59Z INFO [885/900] 2d51ef85-d77e-473c-94fa-8ec4e7eed499: 68 groups; 3.1 s; peak memory 794 MiB.
2026-10-03T13:44:09Z INFO [886/900] 2d52fe9c-bffe-4b54-95c9-b2f6089f9b5e: 157 groups; 10.3 s; peak memory 794 MiB.
2026-10-03T13:44:09Z INFO [887/900] 2d5342d4-6546-4088-b355-18a52be3f177: 30 groups; 0.6 s; peak memory 794 MiB.
2026-10-03T13:44:10Z INFO [888/900] 2d5381d7-1613-4638-911f-32556eef86f3: 200 groups; 1.0 s; peak memory 794 MiB.
2026-10-03T13:44:11Z INFO [889/900] 2d53efc5-5dd6-4b03-b9f4-63106c66d4b9: 22 groups; 0.7 s; peak memory 794 MiB.
2026-10-03T13:44:12Z INFO [890/900] 2d547f30-5d58-4441-bbd6-ed7fd2e02767: 22 groups; 0.9 s; peak memory 794 MiB.
2026-10-03T13:44:13Z INFO [891/900] 2d548063-4aa9-4696-a6b4-869a75d9152a: 32 groups; 0.7 s; peak memory 794 MiB.
2026-10-03T13:44:18Z INFO [892/900] 2d5528cd-1ca0-4ccc-af10-81f55c5442aa: 107 groups; 4.7 s; peak memory 794 MiB.
2026-10-03T13:44:18Z INFO [893/900] 2d567626-b91d-456c-944f-08a46e5b8c2e: 194 groups; 0.9 s; peak memory 794 MiB.
2026-10-03T13:44:20Z INFO [894/900] 2d583444-df7f-4ef9-94a8-f29dab577ee8: 36 groups; 1.4 s; peak memory 794 MiB.
2026-10-03T13:44:21Z INFO [895/900] 2d5858b1-09a7-42e0-92d2-6ff27a996f25: 35 groups; 1.2 s; peak memory 794 MiB.
2026-10-03T13:44:23Z INFO [896/900] 2d58dd86-1773-46e6-9f8f-90e18b9815b0: 71 groups; 1.5 s; peak memory 794 MiB.
2026-10-03T13:44:23Z INFO [897/900] 2d594445-ce60-4558-9845-477bca097f29: 35 groups; 0.9 s; peak memory 794 MiB.
2026-10-03T13:44:24Z INFO [898/900] 2d59ed9d-4c21-4835-a29a-e37523575f36: 37 groups; 1.0 s; peak memory 794 MiB.
2026-10-03T13:44:25Z INFO [899/900] 2d5a31b3-fed5-4dda-ae22-3f183fb96699: 22 groups; 0.8 s; peak memory 794 MiB.
2026-10-03T13:44:29Z INFO [900/900] 2d5a56a5-72aa-4c9e-9d16-667a532d9064: 73 groups; 3.4 s; peak memory 794 MiB.
2026-10-03T13:44:29Z INFO [900/900] 2d5a56a5-72aa-4c9e-9d16-667a532d9064: checkpointed 68836 records.
2026-10-03T13:44:29Z INFO Wrote 68836 records to /tmp/derivatives/valid_nwb_file_to_number_of_groups.jsonl (900 new, 0 failed) in 66.0 min (peak memory 794 MiB).
