2026-10-06T04:45:47Z INFO Logging to /tmp/logs/update_2026-10-06T04-45-47Z.log.
2026-10-06T04:45:47Z INFO Update valid-nwb-file-to-number-of-groups (base directory /tmp).
2026-10-06T04:45:48Z INFO Processing 900 items (83236 already recorded).
2026-10-06T04:45:49Z INFO [1/900] 4b5f1884-31fc-4cd1-a4fd-bed3754ac935: 46 groups; 1.4 s; peak memory 108 MiB.
2026-10-06T04:45:50Z INFO [2/900] 4b5f5313-92b4-4468-bc44-5e98a44ec8f2: 28 groups; 0.8 s; peak memory 109 MiB.
2026-10-06T04:45:51Z INFO [3/900] 4b5f8ae0-bec5-4f8e-a43e-0f38c5704c5d: 22 groups; 0.7 s; peak memory 109 MiB.
2026-10-06T04:45:51Z INFO [4/900] 4b60c4ce-2928-4f03-8389-9e19eb881c08: 32 groups; 0.9 s; peak memory 111 MiB.
2026-10-06T04:45:52Z INFO [5/900] 4b6129bd-e826-4df3-8992-e5bb0ba7fa3e: 22 groups; 0.8 s; peak memory 111 MiB.
2026-10-06T04:45:54Z INFO [6/900] 4b62279d-9c16-441b-9168-d10448f2da97: 48 groups; 1.6 s; peak memory 112 MiB.
2026-10-06T04:45:55Z INFO [7/900] 4b6267ed-06fd-4b90-ac72-17ba00adb745: 253 groups; 1.3 s; peak memory 113 MiB.
2026-10-06T04:45:57Z INFO [8/900] 4b629cec-6f6f-44a2-ba40-1941f058f8fe: 36 groups; 1.5 s; peak memory 113 MiB.
2026-10-06T04:45:58Z INFO [9/900] 4b62a943-a59b-4957-ab2e-64d25a31437b: 36 groups; 1.3 s; peak memory 113 MiB.
2026-10-06T04:46:39Z INFO [10/900] 4b62e75f-b74f-4ab9-b418-baa88b2f2f65: 27 groups; 41.0 s; peak memory 204 MiB.
2026-10-06T04:48:02Z INFO [11/900] 4b631caa-d2ca-4399-9e0e-9e1c1c5c7985: 102 groups; 83.0 s; peak memory 362 MiB.
2026-10-06T04:48:03Z INFO [12/900] 4b632da2-86ee-4097-b29e-b33f941e41e2: 22 groups; 0.9 s; peak memory 362 MiB.
2026-10-06T04:48:08Z INFO [13/900] 4b63623b-a3ab-4a50-99a1-cee3dd88be18: 126 groups; 5.0 s; peak memory 362 MiB.
2026-10-06T04:48:09Z INFO [14/900] 4b6376a3-10f7-494b-a529-0458426fd6d2: 199 groups; 1.6 s; peak memory 362 MiB.
2026-10-06T04:48:10Z INFO [15/900] 4b63c409-da83-48ed-84b6-105952c2b5fc: 22 groups; 1.1 s; peak memory 362 MiB.
2026-10-06T04:48:12Z INFO [16/900] 4b64b824-38a5-4287-bc43-f147ae707202: 48 groups; 2.0 s; peak memory 362 MiB.
2026-10-06T04:48:13Z INFO [17/900] 4b652237-547d-448e-b4bb-c973c5c47f7a: 32 groups; 1.0 s; peak memory 362 MiB.
2026-10-06T04:48:23Z INFO [18/900] 4b6523e7-df92-409b-8033-89cf973beaf5: 223 groups; 9.7 s; peak memory 362 MiB.
2026-10-06T04:48:24Z INFO [19/900] 4b65cb0e-6779-4573-acdb-28e63c8b33cc: 22 groups; 0.8 s; peak memory 362 MiB.
2026-10-06T04:48:25Z INFO [20/900] 4b6613da-72aa-419f-9c43-a9e75eb0d287: 30 groups; 0.8 s; peak memory 362 MiB.
2026-10-06T04:48:29Z INFO [21/900] 4b667c2d-4f2e-4987-878a-2ae4b4c1164f: 120 groups; 4.5 s; peak memory 362 MiB.
2026-10-06T04:48:30Z INFO [22/900] 4b66f83a-482b-43a2-bcaf-47b54c79f720: 32 groups; 1.0 s; peak memory 362 MiB.
2026-10-06T04:48:31Z INFO [23/900] 4b673bc0-1ea5-4231-846d-d3b4e8c51a90: 33 groups; 1.4 s; peak memory 362 MiB.
2026-10-06T04:48:32Z INFO [24/900] 4b674e92-a1ce-4313-bdaa-9959a20f9d84: 22 groups; 0.8 s; peak memory 362 MiB.
2026-10-06T04:48:33Z INFO [25/900] 4b67e8ee-f91d-4a4c-9720-4dd92e56dec6: 17 groups; 0.6 s; peak memory 363 MiB.
2026-10-06T04:48:36Z INFO [26/900] 4b685978-2521-4a9b-b9c0-507e6b562f67: 53 groups; 3.0 s; peak memory 363 MiB.
2026-10-06T04:48:42Z INFO [27/900] 4b6942b8-390a-43d2-a588-fa69a014c8ee: 179 groups; 5.9 s; peak memory 363 MiB.
2026-10-06T04:48:42Z INFO [28/900] 4b69b9dd-7794-45f1-87cc-9e6213036ca2: 31 groups; 0.7 s; peak memory 363 MiB.
2026-10-06T04:48:43Z INFO [29/900] 4b69d5cb-13f9-429c-9725-4cc9586ab346: 21 groups; 1.1 s; peak memory 363 MiB.
2026-10-06T04:48:45Z INFO [30/900] 4b69eb8b-3094-4484-809e-ef654b10cfb7: 32 groups; 1.1 s; peak memory 363 MiB.
2026-10-06T04:48:46Z INFO [31/900] 4b6b4680-957e-494c-91ad-919a9ea8be9a: 32 groups; 1.1 s; peak memory 363 MiB.
2026-10-06T04:48:47Z INFO [32/900] 4b6bd01e-f173-4a4a-ad59-1e07a9dc4333: 33 groups; 1.2 s; peak memory 363 MiB.
2026-10-06T04:48:48Z INFO [33/900] 4b6c80c4-945c-4541-b675-0060aca6d6b0: 71 groups; 0.8 s; peak memory 363 MiB.
2026-10-06T04:48:49Z INFO [34/900] 4b6d4b8e-e5bc-4541-99dd-c08450947fb4: 32 groups; 0.9 s; peak memory 363 MiB.
2026-10-06T04:48:50Z INFO [35/900] 4b6e6637-9275-4c32-a0a3-26a7193d0e55: 35 groups; 1.2 s; peak memory 363 MiB.
2026-10-06T04:51:06Z INFO [36/900] 4b6f2ab9-d880-4907-a124-35c7d8b6518f: 2552 groups; 135.6 s; peak memory 478 MiB.
2026-10-06T04:51:07Z INFO [37/900] 4b6f57a6-b124-4b47-b920-8c317de6155c: 35 groups; 1.3 s; peak memory 478 MiB.
2026-10-06T04:51:08Z INFO [38/900] 4b6f801e-c187-4ddd-9f8a-f0554b20e438: 194 groups; 1.1 s; peak memory 478 MiB.
2026-10-06T04:51:09Z INFO [39/900] 4b6fef40-e515-486a-9cd1-e2171f970185: 32 groups; 1.0 s; peak memory 478 MiB.
2026-10-06T04:51:11Z INFO [40/900] 4b706a77-dc5c-450e-97a5-601aa4c6a724: 48 groups; 1.7 s; peak memory 478 MiB.
2026-10-06T04:51:11Z INFO [41/900] 4b70edc2-8f6f-44fb-bbc0-f0ef0f06971f: 22 groups; 0.9 s; peak memory 478 MiB.
2026-10-06T04:51:13Z INFO [42/900] 4b714b04-4e6a-4e3b-adf4-fd31ea5bb10d: 36 groups; 1.2 s; peak memory 478 MiB.
2026-10-06T04:51:14Z INFO [43/900] 4b728d60-5e30-4fea-b12b-2f576eee308d: 32 groups; 1.1 s; peak memory 478 MiB.
2026-10-06T04:51:15Z INFO [44/900] 4b72ff80-9d74-4669-83c9-bf6696bf474c: 22 groups; 1.0 s; peak memory 478 MiB.
2026-10-06T04:51:16Z INFO [45/900] 4b7346d5-34e5-4795-a3f6-1937188080d5: 32 groups; 1.0 s; peak memory 478 MiB.
2026-10-06T04:51:22Z INFO [46/900] 4b73bc2a-0b8c-4d5b-b728-b5b2794aaf7d: 123 groups; 6.5 s; peak memory 478 MiB.
2026-10-06T04:51:33Z INFO [47/900] 4b74d91c-4db5-483d-946d-e816c1c856e8: 416 groups; 10.9 s; peak memory 478 MiB.
2026-10-06T04:51:34Z INFO [48/900] 4b74fe76-d56a-4bed-a2db-9b3a52211a34: 28 groups; 0.8 s; peak memory 478 MiB.
2026-10-06T04:51:37Z INFO [49/900] 4b750279-4b3f-4de4-a2dc-bd126f41b0b6: 134 groups; 3.6 s; peak memory 478 MiB.
2026-10-06T04:51:51Z INFO [50/900] 4b7642f3-6b89-4ec3-bc75-53c48837c77e: 462 groups; 13.9 s; peak memory 478 MiB.
2026-10-06T04:51:51Z INFO [50/900] 4b7642f3-6b89-4ec3-bc75-53c48837c77e: checkpointed 83286 records.
2026-10-06T04:51:52Z INFO [51/900] 4b774bd3-fa2a-4691-bbc7-511a9cca1f75: 22 groups; 0.8 s; peak memory 478 MiB.
2026-10-06T04:51:53Z INFO [52/900] 4b784159-ce45-4256-ac9c-8a69e15e8e02: 202 groups; 1.2 s; peak memory 478 MiB.
2026-10-06T04:51:55Z INFO [53/900] 4b797b5d-ff35-4bcc-9b55-263ad4388efe: 254 groups; 1.2 s; peak memory 478 MiB.
2026-10-06T04:51:56Z INFO [54/900] 4b798800-2491-4774-8076-9fc5a2a27f5a: 337 groups; 1.4 s; peak memory 478 MiB.
2026-10-06T04:51:57Z INFO [55/900] 4b7a1d31-a1d8-447b-8347-859d28fbc79a: 32 groups; 1.2 s; peak memory 478 MiB.
2026-10-06T04:51:58Z INFO [56/900] 4b7a4675-f591-4f89-8c82-9c683dca118a: 32 groups; 0.9 s; peak memory 478 MiB.
2026-10-06T04:51:59Z INFO [57/900] 4b7b6c5f-3c91-4076-ab58-c0c9c6b11797: 22 groups; 0.8 s; peak memory 478 MiB.
2026-10-06T04:52:00Z INFO [58/900] 4b7ba62d-0aaa-4371-b73e-63dc66a59d20: 22 groups; 0.8 s; peak memory 478 MiB.
2026-10-06T04:52:00Z INFO [59/900] 4b7be82d-3a02-4aa7-a604-a1968fecaebf: 17 groups; 0.8 s; peak memory 478 MiB.
2026-10-06T04:52:01Z INFO [60/900] 4b7bf5cf-e7a5-4f7c-946a-c6586b1ce8d4: 28 groups; 0.7 s; peak memory 478 MiB.
2026-10-06T04:52:02Z INFO [61/900] 4b7c11fd-6cdc-4f59-9300-ccdc161ed413: 26 groups; 0.6 s; peak memory 478 MiB.
2026-10-06T04:52:02Z INFO [62/900] 4b7c9a7f-31a2-47e7-8246-148b8f60018e: 16 groups; 0.6 s; peak memory 478 MiB.
2026-10-06T04:52:03Z INFO [63/900] 4b7d6061-96c6-4e10-a472-2ddb810b837f: 24 groups; 0.9 s; peak memory 478 MiB.
2026-10-06T04:52:04Z INFO [64/900] 4b7d81c6-ee96-4ce7-b9af-4c747900fd62: 32 groups; 1.0 s; peak memory 478 MiB.
2026-10-06T04:54:10Z INFO [65/900] 4b7d9a63-b698-4342-aa62-28e2a22e744b: 68 groups; 125.2 s; peak memory 478 MiB.
2026-10-06T04:54:10Z INFO [66/900] 4b7ec209-b3e5-499d-a5f9-57b4e8355fde: 22 groups; 0.8 s; peak memory 478 MiB.
2026-10-06T04:54:12Z INFO [67/900] 4b7f82c3-3e65-44d9-8f62-22497c9c171a: 17 groups; 2.1 s; peak memory 478 MiB.
2026-10-06T04:54:13Z INFO [68/900] 4b7f9f98-a48d-4b1f-b9a6-a9a6f5fe2efa: 22 groups; 1.0 s; peak memory 478 MiB.
2026-10-06T04:54:14Z INFO [69/900] 4b7fffd3-3592-402b-af07-e4c4ce338d1f: 194 groups; 1.1 s; peak memory 478 MiB.
2026-10-06T04:54:15Z INFO [70/900] 4b806242-9497-4b9e-a8bc-31200fff7768: 22 groups; 1.1 s; peak memory 478 MiB.
2026-10-06T04:54:16Z INFO [71/900] 4b8095dd-d633-44dd-aba7-d53acb99abad: 22 groups; 0.9 s; peak memory 478 MiB.
2026-10-06T04:54:36Z INFO [72/900] 4b80bffd-1951-4f19-af49-c73cbc35c0ac: 600 groups; 19.6 s; peak memory 478 MiB.
2026-10-06T04:54:46Z INFO [73/900] 4b8287bc-ee5b-49c6-8993-d1d48fe63ff3: 260 groups; 10.4 s; peak memory 478 MiB.
2026-10-06T04:54:47Z INFO [74/900] 4b832a02-c64b-4a5e-861f-686887dd1775: 22 groups; 1.0 s; peak memory 478 MiB.
2026-10-06T04:54:49Z INFO [75/900] 4b83d6bb-aff0-43c4-9052-6cedde3cdb6d: 17 groups; 1.9 s; peak memory 478 MiB.
2026-10-06T04:54:50Z INFO [76/900] 4b841537-0b46-4e76-afbf-83fd8cd15b63: 16 groups; 0.6 s; peak memory 478 MiB.
2026-10-06T04:54:51Z INFO [77/900] 4b857ec0-fd90-41ab-830f-27b90c840966: 35 groups; 1.2 s; peak memory 478 MiB.
2026-10-06T04:54:52Z INFO [78/900] 4b85a350-6e84-439c-853e-d63363c2a54a: 25 groups; 0.9 s; peak memory 478 MiB.
2026-10-06T04:54:53Z INFO [79/900] 4b883ebf-bc4a-4161-a89f-2ff252761532: 22 groups; 0.9 s; peak memory 478 MiB.
2026-10-06T04:54:54Z INFO [80/900] 4b88a68f-93df-4532-a97f-8d0ff3507371: 22 groups; 0.9 s; peak memory 478 MiB.
2026-10-06T04:54:54Z INFO [81/900] 4b88e7ab-224b-439d-8e6d-822fe280c3bd: 16 groups; 0.7 s; peak memory 478 MiB.
2026-10-06T04:54:56Z INFO [82/900] 4b8951f1-8733-45f8-a50f-7faa502f7868: 196 groups; 1.7 s; peak memory 478 MiB.
2026-10-06T04:54:57Z INFO [83/900] 4b897749-ff7d-47ab-b61d-40975e1f35ee: 16 groups; 0.5 s; peak memory 478 MiB.
2026-10-06T04:54:59Z INFO [84/900] 4b899874-354b-42ec-bd29-e4b550e2f79a: 48 groups; 1.9 s; peak memory 478 MiB.
2026-10-06T04:55:00Z INFO [85/900] 4b89d0d1-9a23-4392-b22e-a19c9f98face: 103 groups; 1.0 s; peak memory 478 MiB.
2026-10-06T04:55:34Z INFO [86/900] 4b8a7d1b-62a8-430d-9d6a-641f5f6aac81: 2222 groups; 34.3 s; peak memory 478 MiB.
2026-10-06T04:55:37Z INFO [87/900] 4b8b5f52-09ff-4dd2-bc39-67c4eaa97d21: 50 groups; 2.7 s; peak memory 478 MiB.
2026-10-06T04:55:48Z INFO [88/900] 4b8c497d-2ac8-41b2-ad5a-3553aba8d33e: 216 groups; 11.8 s; peak memory 478 MiB.
2026-10-06T04:55:49Z INFO [89/900] 4b8e161c-4e6c-49e8-bd58-2e8c7851ac93: 35 groups; 1.0 s; peak memory 478 MiB.
2026-10-06T04:55:53Z INFO [90/900] 4b8e1c13-89a4-4213-af04-c6d1e267d5a2: 78 groups; 3.8 s; peak memory 478 MiB.
2026-10-06T04:55:55Z INFO [91/900] 4b8e2063-3b6b-4187-ae06-2bee304f7541: 54 groups; 1.9 s; peak memory 478 MiB.
2026-10-06T04:56:03Z INFO [92/900] 4b8fa507-0209-40b6-967a-8a94832b6a67: 68 groups; 7.9 s; peak memory 478 MiB.
2026-10-06T04:56:04Z INFO [93/900] 4b8fbb6d-f079-4c8c-9a50-7fb53c0692ea: 49 groups; 1.0 s; peak memory 478 MiB.
2026-10-06T04:56:06Z INFO [94/900] 4b90454d-78c8-4125-a2c1-ea7ae480c3fd: 54 groups; 2.0 s; peak memory 478 MiB.
2026-10-06T04:56:07Z INFO [95/900] 4b923da9-4aa3-4ea5-be85-0e49cab4f4ae: 22 groups; 0.9 s; peak memory 478 MiB.
2026-10-06T04:56:09Z INFO [96/900] 4b93732b-965c-4b0a-8c0e-01684df79fee: 199 groups; 1.6 s; peak memory 478 MiB.
2026-10-06T04:56:13Z INFO [97/900] 4b9468dd-c1ea-4be5-a4c2-249cc45fdda4: 181 groups; 4.6 s; peak memory 478 MiB.
2026-10-06T04:56:14Z INFO [98/900] 4b9626b4-bc02-4f2d-8720-7c45a8d1b7b9: 26 groups; 0.8 s; peak memory 478 MiB.
2026-10-06T04:56:15Z INFO [99/900] 4b9695fe-7ee8-4344-a58a-f9d1d3ff21a0: 35 groups; 1.2 s; peak memory 478 MiB.
2026-10-06T04:56:17Z INFO [100/900] 4b96bd1e-c0c0-443f-a871-aaf08e65bc5c: 207 groups; 1.5 s; peak memory 478 MiB.
2026-10-06T04:56:17Z INFO [100/900] 4b96bd1e-c0c0-443f-a871-aaf08e65bc5c: checkpointed 83336 records.
2026-10-06T04:56:21Z INFO [101/900] 4b979f1f-72a2-4513-8940-447c671da600: 181 groups; 4.4 s; peak memory 478 MiB.
2026-10-06T04:56:27Z INFO [102/900] 4b97f275-db60-46f5-8064-6d4a1fec4054: 181 groups; 5.7 s; peak memory 478 MiB.
2026-10-06T04:56:28Z INFO [103/900] 4b985324-968c-4cee-8dd5-9bbf2d448169: 337 groups; 1.3 s; peak memory 478 MiB.
2026-10-06T04:56:29Z INFO [104/900] 4b98b35b-6c63-4da4-bbeb-2d3e279c9d1c: 16 groups; 0.6 s; peak memory 478 MiB.
2026-10-06T04:56:31Z INFO [105/900] 4b98b720-696d-43d5-879a-7c2eb6fdd881: 17 groups; 1.9 s; peak memory 478 MiB.
2026-10-06T04:56:36Z INFO [106/900] 4b995d60-e583-4f19-9b25-ac3fc965e1c7: 148 groups; 5.8 s; peak memory 478 MiB.
2026-10-06T04:56:37Z INFO [107/900] 4b99f50b-4c34-4b4a-803f-0d80e9b18c07: 22 groups; 0.9 s; peak memory 478 MiB.
2026-10-06T04:56:38Z INFO [108/900] 4b9a102a-15e7-407d-92e4-d202b21325c7: 35 groups; 1.1 s; peak memory 478 MiB.
2026-10-06T04:56:39Z INFO [109/900] 4b9ab864-c2a5-4b0d-b4f0-bd43fdd1b603: 22 groups; 0.9 s; peak memory 478 MiB.
2026-10-06T04:56:40Z INFO [110/900] 4b9ad317-a33e-4ef5-8225-f36bc9ae722f: 35 groups; 1.0 s; peak memory 478 MiB.
2026-10-06T04:56:48Z INFO [111/900] 4b9b47bf-d7ae-48c4-b010-76b263dcfd1b: 36 groups; 7.9 s; peak memory 478 MiB.
2026-10-06T04:56:49Z INFO [112/900] 4b9b9443-cbe4-41bc-b377-e58b9ad0d995: 16 groups; 0.6 s; peak memory 478 MiB.
2026-10-06T04:56:51Z INFO [113/900] 4b9c07eb-2fa0-4a15-b513-86970f6edde8: 50 groups; 2.5 s; peak memory 478 MiB.
2026-10-06T04:56:53Z INFO [114/900] 4b9c48fc-41f7-456f-9bed-e944fb3c97ba: 36 groups; 1.1 s; peak memory 478 MiB.
2026-10-06T04:56:53Z INFO [115/900] 4b9cf41e-aabc-42d4-9a85-243cfe188a87: 16 groups; 0.7 s; peak memory 478 MiB.
2026-10-06T04:57:06Z INFO [116/900] 4b9d3870-f5bc-4427-a0bb-683df8321f6c: 134 groups; 12.3 s; peak memory 478 MiB.
2026-10-06T04:57:07Z INFO [117/900] 4b9d7c2b-1057-443f-9d1d-16a037c8093e: 48 groups; 1.8 s; peak memory 478 MiB.
2026-10-06T04:57:08Z INFO [118/900] 4b9d94d1-bb75-4615-8bfe-1b1a3fcf181d: 22 groups; 0.9 s; peak memory 478 MiB.
2026-10-06T04:57:16Z INFO [119/900] 4b9e3350-70c6-40da-8993-2e8c01026030: 317 groups; 7.9 s; peak memory 478 MiB.
2026-10-06T04:57:17Z INFO [120/900] 4b9e3e11-737a-4c14-9ed0-4936937a5ea1: 35 groups; 0.9 s; peak memory 478 MiB.
2026-10-06T04:57:27Z INFO [121/900] 4b9e4311-ab03-44cc-8cf5-c48ae1af5678: 209 groups; 10.4 s; peak memory 478 MiB.
2026-10-06T04:57:30Z INFO [122/900] 4b9f9b99-d69f-4d35-af07-d0172702d2dc: 62 groups; 2.5 s; peak memory 478 MiB.
2026-10-06T04:57:31Z INFO [123/900] 4b9fca0e-d56d-4655-9829-ab7c9bfb4506: 22 groups; 1.0 s; peak memory 478 MiB.
2026-10-06T04:57:32Z INFO [124/900] 4b9ff4dd-5615-4463-bf6c-ccd342ae1af8: 341 groups; 1.6 s; peak memory 478 MiB.
2026-10-06T04:57:39Z INFO [125/900] 4ba1a897-4e90-44ab-858c-596b97278f6f: 17 groups; 7.0 s; peak memory 478 MiB.
2026-10-06T04:57:44Z INFO [126/900] 4ba2355e-6644-4289-a5c9-6f8486369f13: 128 groups; 4.8 s; peak memory 478 MiB.
2026-10-06T04:57:51Z INFO [127/900] 4ba577ee-c6ce-497d-bbaf-1290dea0f2f6: 220 groups; 7.1 s; peak memory 478 MiB.
2026-10-06T04:57:53Z INFO [128/900] 4ba632f8-d11b-491e-826b-240da1cc29ec: 32 groups; 1.2 s; peak memory 478 MiB.
2026-10-06T04:57:54Z INFO [129/900] 4ba64c36-d8aa-4502-9481-3b102fa19615: 22 groups; 1.0 s; peak memory 478 MiB.
2026-10-06T04:58:04Z INFO [130/900] 4ba6f165-f73c-425c-8f34-3874e21589a6: 189 groups; 10.6 s; peak memory 478 MiB.
2026-10-06T04:58:05Z INFO [131/900] 4ba728c3-160c-46eb-93fb-a74feb0ae9b4: 25 groups; 0.8 s; peak memory 478 MiB.
2026-10-06T04:58:07Z INFO [132/900] 4ba72d40-6318-4852-84cf-9c06f4434b0b: 195 groups; 1.5 s; peak memory 478 MiB.
2026-10-06T04:58:07Z INFO [133/900] 4ba7edeb-de01-4b29-b9f8-4e0bc750e269: 22 groups; 0.9 s; peak memory 478 MiB.
2026-10-06T04:58:08Z INFO [134/900] 4ba7efbe-5e15-48db-8577-4a29b2293ed7: 32 groups; 0.9 s; peak memory 478 MiB.
2026-10-06T04:58:09Z INFO [135/900] 4ba801f9-ec6e-4b61-a04d-dabc5894265a: 32 groups; 0.9 s; peak memory 478 MiB.
2026-10-06T04:58:10Z INFO [136/900] 4ba836b5-39be-4d2a-afe8-eb90822b0fbc: 32 groups; 0.9 s; peak memory 478 MiB.
2026-10-06T04:58:11Z INFO [137/900] 4ba83c0f-7eaf-4dd9-9287-fbf3020fb2bb: 20 groups; 0.7 s; peak memory 478 MiB.
2026-10-06T04:58:12Z INFO [138/900] 4ba8a44e-37ef-4bc2-9534-ee60f442b124: 108 groups; 1.6 s; peak memory 478 MiB.
2026-10-06T04:58:13Z INFO [139/900] 4ba91e9c-a84d-4cf2-91ec-bfc31736ff38: 20 groups; 1.0 s; peak memory 478 MiB.
2026-10-06T04:58:15Z INFO [140/900] 4ba94771-29ab-4413-8ce2-6cf348dc17c5: 31 groups; 1.4 s; peak memory 478 MiB.
2026-10-06T04:58:16Z INFO [141/900] 4ba94c64-25de-4c54-ae10-4e9fe1e0273a: 21 groups; 0.9 s; peak memory 478 MiB.
2026-10-06T04:58:16Z INFO [142/900] 4ba967aa-2fbd-4b4b-bd5a-cfcecec4b43a: 29 groups; 0.7 s; peak memory 478 MiB.
2026-10-06T04:58:19Z INFO [143/900] 4ba9cb5a-97ff-4307-8407-126b8c32a32a: 63 groups; 2.4 s; peak memory 478 MiB.
2026-10-06T04:58:19Z INFO [144/900] 4bab271a-07a1-44d9-8f3f-549d11ed21e4: 25 groups; 0.7 s; peak memory 478 MiB.
2026-10-06T05:00:17Z INFO [145/900] 4babaa19-8af5-4b9b-830e-c407cb5be5ca: 60 groups; 117.2 s; peak memory 478 MiB.
2026-10-06T05:00:17Z INFO [146/900] 4babb921-8939-4bd8-bcf2-bac0d814f2d3: 32 groups; 0.9 s; peak memory 478 MiB.
2026-10-06T05:00:22Z INFO [147/900] 4bac6914-b4dc-4dac-ba9d-3e3f5aba989b: 78 groups; 4.5 s; peak memory 478 MiB.
2026-10-06T05:00:23Z INFO [148/900] 4baf6c9d-979a-4029-adbb-41ac156e0395: 35 groups; 1.3 s; peak memory 478 MiB.
2026-10-06T05:00:29Z INFO [149/900] 4baffe42-9b47-42d1-b7ec-e35ac98c139e: 53 groups; 5.3 s; peak memory 478 MiB.
2026-10-06T05:00:30Z INFO [150/900] 4bb09c8e-730a-41af-81f2-a54545c2f7b8: 196 groups; 1.0 s; peak memory 478 MiB.
2026-10-06T05:00:30Z INFO [150/900] 4bb09c8e-730a-41af-81f2-a54545c2f7b8: checkpointed 83386 records.
2026-10-06T05:00:31Z INFO [151/900] 4bb0f117-2ea9-4d24-bdd3-7012f9b29b3d: 35 groups; 1.4 s; peak memory 478 MiB.
2026-10-06T05:00:32Z INFO [152/900] 4bb10829-f6e9-4120-9863-ca97dcc6bf44: 22 groups; 0.9 s; peak memory 478 MiB.
2026-10-06T05:00:33Z INFO [153/900] 4bb12315-c245-44c7-9821-bd884ac6707e: 32 groups; 1.1 s; peak memory 478 MiB.
2026-10-06T05:00:34Z INFO [154/900] 4bb1bde2-7c1d-4c14-93dd-aaf6f216e282: 22 groups; 0.8 s; peak memory 478 MiB.
2026-10-06T05:00:36Z INFO [155/900] 4bb32538-1684-4ef3-9221-4a85f245d1bf: 50 groups; 2.3 s; peak memory 478 MiB.
2026-10-06T05:02:42Z INFO [156/900] 4bb5b30e-2417-4a82-95cd-d4aebeaa0b49: 60 groups; 125.9 s; peak memory 478 MiB.
2026-10-06T05:04:25Z INFO [157/900] 4bb5db2f-3751-47e2-b77d-c84a4846a3a0: 27 groups; 103.1 s; peak memory 478 MiB.
2026-10-06T05:04:26Z INFO [158/900] 4bb63c48-ea81-4b3d-b232-68cadf07c27d: 16 groups; 0.8 s; peak memory 478 MiB.
2026-10-06T05:04:27Z INFO [159/900] 4bb72e63-33af-42cd-8d66-690ad019853a: 35 groups; 1.2 s; peak memory 478 MiB.
2026-10-06T05:04:28Z INFO [160/900] 4bb73966-8fe9-45c9-81e7-a7a27a98dae9: 16 groups; 0.6 s; peak memory 478 MiB.
2026-10-06T05:04:39Z INFO [161/900] 4bb7404b-bd1c-4f68-872d-112e057c27d3: 92 groups; 11.4 s; peak memory 478 MiB.
2026-10-06T05:04:40Z INFO [162/900] 4bb75aad-e8bb-4f24-88bf-ce3d0b6297cc: 71 groups; 1.1 s; peak memory 478 MiB.
2026-10-06T05:04:42Z INFO [163/900] 4bb8307e-d3de-4b2f-b80d-a96c54dacf5a: 31 groups; 1.3 s; peak memory 478 MiB.
2026-10-06T05:04:43Z INFO [164/900] 4bb87237-1ba0-4c69-ac38-0d755efff567: 22 groups; 0.9 s; peak memory 478 MiB.
2026-10-06T05:04:45Z INFO [165/900] 4bb92a63-9a9b-4ab7-9345-a2ea07ffbc96: 341 groups; 1.9 s; peak memory 478 MiB.
2026-10-06T05:04:46Z INFO [166/900] 4bba847c-bc4c-4140-ab6f-ede206740ebf: 34 groups; 1.3 s; peak memory 478 MiB.
2026-10-06T05:04:47Z INFO [167/900] 4bbad0e8-8eb7-4259-b459-4ee6653b0909: 35 groups; 1.1 s; peak memory 478 MiB.
2026-10-06T05:04:48Z INFO [168/900] 4bbad7f5-8cd5-4664-9b38-b5a86e86dbff: 32 groups; 1.1 s; peak memory 478 MiB.
2026-10-06T05:04:49Z INFO [169/900] 4bbb6400-23bc-4750-ba84-d8de5875d7be: 32 groups; 0.9 s; peak memory 478 MiB.
2026-10-06T05:04:50Z INFO [170/900] 4bbb895c-dce0-4544-8a1d-b454395a6a90: 22 groups; 0.7 s; peak memory 478 MiB.
2026-10-06T05:04:51Z INFO [171/900] 4bbb9264-9e89-4871-8e1b-41f06217ef9d: 22 groups; 1.1 s; peak memory 478 MiB.
2026-10-06T05:04:52Z INFO [172/900] 4bbc08b5-17f7-45a0-99e6-15b174a3e15f: 32 groups; 1.2 s; peak memory 478 MiB.
2026-10-06T05:04:53Z INFO [173/900] 4bbc959f-436e-4cba-abe7-65f40db7078e: 32 groups; 0.9 s; peak memory 478 MiB.
2026-10-06T05:05:07Z INFO [174/900] 4bbce1ac-1a91-4cf0-b1b3-1eedb58219c8: 157 groups; 13.9 s; peak memory 478 MiB.
2026-10-06T05:05:08Z INFO [175/900] 4bbd0d02-7a99-4049-afdb-a2384d594c3c: 22 groups; 0.8 s; peak memory 478 MiB.
2026-10-06T05:05:10Z INFO [176/900] 4bbd86cd-a56e-4be1-8ce2-c1484a33a95a: 50 groups; 2.5 s; peak memory 478 MiB.
2026-10-06T05:05:11Z INFO [177/900] 4bbda70d-6c51-4818-9393-cf7f056ec5b4: 32 groups; 1.1 s; peak memory 478 MiB.
2026-10-06T05:05:12Z INFO [178/900] 4bbf4fae-4a81-4ea4-8515-4e7d7ede3b73: 22 groups; 1.0 s; peak memory 478 MiB.
2026-10-06T05:05:13Z INFO [179/900] 4bbf83c4-10f4-4d4f-9f00-5eb540384d1a: 32 groups; 1.0 s; peak memory 478 MiB.
2026-10-06T05:05:15Z INFO [180/900] 4bc04951-6260-4dd8-8b58-9dd6dd897858: 48 groups; 2.1 s; peak memory 478 MiB.
2026-10-06T05:05:16Z INFO [181/900] 4bc0e8f4-d5b9-4f9c-8e13-42d7bd326753: 22 groups; 1.0 s; peak memory 478 MiB.
2026-10-06T05:05:24Z INFO [182/900] 4bc0ebbb-c6b0-4a10-bc5f-c88fa69d3532: 36 groups; 7.9 s; peak memory 478 MiB.
2026-10-06T05:05:25Z INFO [183/900] 4bc11a73-2f70-4717-a264-e24f9cae6c4b: 18 groups; 0.8 s; peak memory 478 MiB.
2026-10-06T05:05:26Z INFO [184/900] 4bc15e74-bdeb-4b16-b57d-12870f1673ee: 32 groups; 1.0 s; peak memory 478 MiB.
2026-10-06T05:05:28Z INFO [185/900] 4bc1af55-4bbe-4e6f-8798-3b97475bd979: 207 groups; 1.7 s; peak memory 478 MiB.
2026-10-06T05:05:29Z INFO [186/900] 4bc2daf5-8703-4676-ae7c-d6e9346afd94: 22 groups; 1.0 s; peak memory 478 MiB.
2026-10-06T05:05:36Z INFO [187/900] 4bc321bf-8063-4ab2-b60d-1c362b4e8bbe: 174 groups; 7.4 s; peak memory 478 MiB.
2026-10-06T05:05:37Z INFO [188/900] 4bc3fe8d-b16c-46ae-b7c4-d61334495c33: 25 groups; 1.1 s; peak memory 478 MiB.
2026-10-06T05:05:38Z INFO [189/900] 4bc510ec-56f2-445f-96a9-91eac5a196a0: 35 groups; 1.1 s; peak memory 478 MiB.
2026-10-06T05:05:41Z INFO [190/900] 4bc5e725-80f5-4bfd-b97b-374ce8e2d26a: 102 groups; 3.2 s; peak memory 478 MiB.
2026-10-06T05:05:42Z INFO [191/900] 4bc6ad07-af8a-4836-9762-5ce87aa35c83: 33 groups; 0.9 s; peak memory 478 MiB.
2026-10-06T05:05:44Z INFO [192/900] 4bc74c90-db08-4c97-8bd4-e9a87e5d4c44: 199 groups; 1.6 s; peak memory 478 MiB.
2026-10-06T05:05:45Z INFO [193/900] 4bc891ec-6541-4069-bb33-ef9720117d06: 22 groups; 0.8 s; peak memory 478 MiB.
2026-10-06T05:05:50Z INFO [194/900] 4bc8a214-361d-4133-a929-c90a645b3b7b: 75 groups; 5.2 s; peak memory 478 MiB.
2026-10-06T05:05:51Z INFO [195/900] 4bc8bc82-5be8-4216-936e-f4d7930591d8: 256 groups; 1.1 s; peak memory 478 MiB.
2026-10-06T05:05:58Z INFO [196/900] 4bc8f960-6678-4457-948f-373559677cb8: 191 groups; 7.3 s; peak memory 478 MiB.
2026-10-06T05:05:59Z INFO [197/900] 4bc8fc4e-724d-483e-a4c7-71f8d8312385: 16 groups; 0.7 s; peak memory 478 MiB.
2026-10-06T05:06:01Z INFO [198/900] 4bc90942-4831-4bf3-a904-3cfad3d67d7a: 54 groups; 1.8 s; peak memory 478 MiB.
2026-10-06T05:06:13Z INFO [199/900] 4bc920e4-6013-4e49-acf8-60dda660c7c5: 222 groups; 12.6 s; peak memory 478 MiB.
2026-10-06T05:06:18Z INFO [200/900] 4bc989dd-c7e3-46e8-b53e-14b8b4604d04: 202 groups; 4.9 s; peak memory 478 MiB.
2026-10-06T05:06:18Z INFO [200/900] 4bc989dd-c7e3-46e8-b53e-14b8b4604d04: checkpointed 83436 records.
2026-10-06T05:06:19Z INFO [201/900] 4bc9bc13-a0b6-46f4-a09a-853254136f81: 138 groups; 1.0 s; peak memory 478 MiB.
2026-10-06T05:06:20Z INFO [202/900] 4bca1462-7d9f-4a2a-a597-f92002afb150: 35 groups; 1.0 s; peak memory 478 MiB.
2026-10-06T05:06:31Z INFO [203/900] 4bcb7d3d-d0fc-41c1-b9d2-5a926648059c: 287 groups; 10.5 s; peak memory 478 MiB.
2026-10-06T05:06:32Z INFO [204/900] 4bcc03f6-c98c-4d10-a687-2d40e90d0570: 32 groups; 1.2 s; peak memory 478 MiB.
2026-10-06T05:06:33Z INFO [205/900] 4bcc04ee-bb4d-4748-bd28-3be296615c85: 22 groups; 1.0 s; peak memory 478 MiB.
2026-10-06T05:06:34Z INFO [206/900] 4bcc0a50-a3de-4854-b6d7-b639f5ec9044: 21 groups; 0.8 s; peak memory 478 MiB.
2026-10-06T05:06:41Z INFO [207/900] 4bcc1f05-5584-4f5c-bf7f-4e317290ad40: 191 groups; 7.3 s; peak memory 478 MiB.
2026-10-06T05:06:42Z INFO [208/900] 4bcc4c07-6f9b-419f-af8c-0fa2d66710a9: 30 groups; 0.7 s; peak memory 478 MiB.
2026-10-06T05:06:44Z INFO [209/900] 4bccc5c8-0514-4dfb-88e8-41eca0bd5697: 48 groups; 2.1 s; peak memory 478 MiB.
2026-10-06T05:06:45Z INFO [210/900] 4bcdfb73-5c6f-4bf7-ac6d-aa8700903590: 35 groups; 1.2 s; peak memory 478 MiB.
2026-10-06T05:06:46Z INFO [211/900] 4bd02c1f-7067-472b-9fca-490f444c9649: 29 groups; 0.9 s; peak memory 478 MiB.
2026-10-06T05:06:47Z INFO [212/900] 4bd0c26d-9932-4ae5-96cd-132fe916a4bc: 20 groups; 1.2 s; peak memory 478 MiB.
2026-10-06T05:06:53Z INFO [213/900] 4bd385fc-febf-45dc-8b29-3326e0ec478c: 199 groups; 5.6 s; peak memory 478 MiB.
2026-10-06T05:07:04Z INFO [214/900] 4bd44b7b-c705-4cfc-8ee3-1255ccd3a864: 28 groups; 11.6 s; peak memory 478 MiB.
2026-10-06T05:07:05Z INFO [215/900] 4bd4892f-8b25-4e93-adae-ff9d4878a557: 22 groups; 0.9 s; peak memory 478 MiB.
2026-10-06T05:07:07Z INFO [216/900] 4bd4f941-f36f-45db-a778-756bdf26013b: 48 groups; 1.7 s; peak memory 478 MiB.
2026-10-06T05:07:08Z INFO [217/900] 4bd5bd23-60e5-4272-afbe-2488cf439cb2: 30 groups; 0.6 s; peak memory 478 MiB.
2026-10-06T05:07:08Z INFO [218/900] 4bd66b16-2a1c-4509-b0d9-7fae93762d46: 22 groups; 0.6 s; peak memory 478 MiB.
2026-10-06T05:07:12Z INFO [219/900] 4bd686ff-898a-4df3-bd6d-2714b623041b: 181 groups; 4.1 s; peak memory 478 MiB.
2026-10-06T05:07:13Z INFO [220/900] 4bd76101-4e6f-40a3-9cac-eb53155081d0: 22 groups; 0.9 s; peak memory 478 MiB.
2026-10-06T05:07:15Z INFO [221/900] 4bd7c800-3f1f-42cb-8f8a-36f4e1eb2cbd: 72 groups; 1.2 s; peak memory 478 MiB.
2026-10-06T05:07:16Z INFO [222/900] 4bd92036-c56c-4e1c-a165-d45cf0068220: 32 groups; 1.1 s; peak memory 478 MiB.
2026-10-06T05:07:17Z INFO [223/900] 4bda379e-22ce-4321-8298-85696d24c8b8: 336 groups; 1.4 s; peak memory 478 MiB.
2026-10-06T05:07:18Z INFO [224/900] 4bda42c2-c103-44b8-a5e3-5780246fd08e: 16 groups; 0.6 s; peak memory 478 MiB.
2026-10-06T05:07:18Z INFO [225/900] 4bdaa865-7c72-4447-8c9c-ff228fa4f1fa: 22 groups; 0.7 s; peak memory 478 MiB.
2026-10-06T05:07:19Z INFO [226/900] 4bdb6222-83c3-4c7f-9df4-55876d0936d3: 22 groups; 1.0 s; peak memory 478 MiB.
2026-10-06T05:07:20Z INFO [227/900] 4bdb87fe-eba5-4f8a-884a-3a4941f31d50: 32 groups; 1.0 s; peak memory 478 MiB.
2026-10-06T05:07:22Z INFO [228/900] 4bdc01e1-b319-444e-b62e-fe7a4f66e684: 206 groups; 1.2 s; peak memory 478 MiB.
2026-10-06T05:07:23Z INFO [229/900] 4bdd0ac7-3229-47bf-ae48-5f6dd477bb58: 32 groups; 1.1 s; peak memory 478 MiB.
2026-10-06T05:07:24Z INFO [230/900] 4bdd16db-bc13-4f42-a998-596b3c2fb454: 35 groups; 1.5 s; peak memory 478 MiB.
2026-10-06T05:07:25Z INFO [231/900] 4bdd4dac-05be-436d-bed8-80564a4e5605: 22 groups; 0.9 s; peak memory 478 MiB.
2026-10-06T05:07:26Z INFO [232/900] 4bddeec0-0f53-463a-a633-610f8b881204: 33 groups; 1.3 s; peak memory 478 MiB.
2026-10-06T05:07:27Z INFO [233/900] 4bdec71b-431a-4662-a444-6e041c31e431: 32 groups; 1.0 s; peak memory 478 MiB.
2026-10-06T05:07:28Z INFO [234/900] 4bdf1bed-6ba4-4e5f-ba83-dce7f9d0085c: 32 groups; 1.0 s; peak memory 478 MiB.
2026-10-06T05:07:30Z INFO [235/900] 4bdf8d29-d054-4f10-a1b8-752c7d87f15b: 207 groups; 1.7 s; peak memory 478 MiB.
2026-10-06T05:07:34Z INFO [236/900] 4be0666a-f11a-4087-a90b-e75a4fc7ef6f: 59 groups; 3.9 s; peak memory 478 MiB.
2026-10-06T05:07:35Z INFO [237/900] 4be0acf6-ee36-412a-aedd-47c94bb9ebbb: 32 groups; 0.9 s; peak memory 478 MiB.
2026-10-06T05:07:36Z INFO [238/900] 4be0e11d-f8a3-44e3-afa4-2ab1b1c691e7: 32 groups; 1.1 s; peak memory 478 MiB.
2026-10-06T05:07:38Z INFO [239/900] 4be1d912-74bd-4bf5-b739-3b02fee8137f: 206 groups; 1.6 s; peak memory 478 MiB.
2026-10-06T05:07:39Z INFO [240/900] 4be25784-a657-44f0-a14d-57299f2fa82a: 32 groups; 0.9 s; peak memory 478 MiB.
2026-10-06T05:07:40Z INFO [241/900] 4be2e6f0-1466-444b-8da6-6bb6fe6ccb6e: 199 groups; 1.9 s; peak memory 478 MiB.
2026-10-06T05:07:42Z INFO [242/900] 4be2fa9d-f812-44a0-b2cc-3180b6b790cf: 41 groups; 1.1 s; peak memory 478 MiB.
2026-10-06T05:07:43Z INFO [243/900] 4be3bc62-ffc8-48f1-9dbc-2e22a16b17bd: 35 groups; 1.2 s; peak memory 478 MiB.
2026-10-06T05:07:43Z INFO [244/900] 4be49c0d-26a9-4bb0-8176-473e8ce0d163: 29 groups; 0.7 s; peak memory 478 MiB.
2026-10-06T05:07:45Z INFO [245/900] 4be4c9e4-0ec1-4fbd-8e2a-1ba3ceb54362: 202 groups; 1.2 s; peak memory 478 MiB.
2026-10-06T05:07:46Z INFO [246/900] 4be4e382-a13f-4013-9480-d26d08b2a8de: 35 groups; 1.2 s; peak memory 478 MiB.
2026-10-06T05:07:46Z INFO [247/900] 4be4e519-120b-423c-95f3-1acab854fe68: 16 groups; 0.5 s; peak memory 478 MiB.
2026-10-06T05:07:48Z INFO [248/900] 4be56574-dbf1-48ee-afff-76efce79c86c: 17 groups; 1.9 s; peak memory 478 MiB.
2026-10-06T05:07:53Z INFO [249/900] 4be66afd-4b3b-4989-8748-1e20c5852271: 141 groups; 4.4 s; peak memory 478 MiB.
2026-10-06T05:07:54Z INFO [250/900] 4be6b47b-fd9a-4aa3-b62d-56bc427ca6c2: 22 groups; 0.9 s; peak memory 478 MiB.
2026-10-06T05:07:54Z INFO [250/900] 4be6b47b-fd9a-4aa3-b62d-56bc427ca6c2: checkpointed 83486 records.
2026-10-06T05:07:55Z INFO [251/900] 4be763c6-7975-4d6c-ba17-42aa9446934e: 35 groups; 1.0 s; peak memory 478 MiB.
2026-10-06T05:07:55Z INFO [252/900] 4be7bc36-e517-46a0-9972-f4281616549b: 253 groups; 0.8 s; peak memory 478 MiB.
2026-10-06T05:07:56Z INFO [253/900] 4be907e8-7bd1-42f4-ab22-a7bc945c85d2: 22 groups; 0.9 s; peak memory 478 MiB.
2026-10-06T05:07:57Z INFO [254/900] 4bea19df-8955-495a-a5d5-43419aa48bc7: 22 groups; 0.9 s; peak memory 478 MiB.
2026-10-06T05:07:58Z INFO [255/900] 4beb0bdb-6831-437a-a60d-51c30230da40: 16 groups; 0.6 s; peak memory 478 MiB.
2026-10-06T05:08:14Z INFO [256/900] 4bec5472-8876-4148-aaa6-d8aeaf36d597: 157 groups; 16.3 s; peak memory 478 MiB.
2026-10-06T05:08:15Z INFO [257/900] 4bec8abf-0c50-4d91-b92f-c7388c64641f: 22 groups; 0.9 s; peak memory 478 MiB.
2026-10-06T05:08:16Z INFO [258/900] 4becffb9-3781-4762-b6c5-91188bd62934: 33 groups; 0.9 s; peak memory 478 MiB.
2026-10-06T05:08:17Z INFO [259/900] 4bedb6cb-c680-4b53-a789-e381aa40bd6a: 35 groups; 1.3 s; peak memory 478 MiB.
2026-10-06T05:08:18Z INFO [260/900] 4bee0509-b01a-4917-92cc-d238fdee5f3e: 16 groups; 0.6 s; peak memory 478 MiB.
2026-10-06T05:08:19Z INFO [261/900] 4bee979a-8dd3-4f98-a701-c740d777e8bb: 256 groups; 1.0 s; peak memory 478 MiB.
2026-10-06T05:08:26Z INFO [262/900] 4befc8fb-387e-48ae-8ccc-4560f0be7d6c: 168 groups; 6.8 s; peak memory 478 MiB.
2026-10-06T05:08:27Z INFO [263/900] 4bf037e2-f947-4a4f-aada-6ec808db1fa7: 32 groups; 1.0 s; peak memory 478 MiB.
2026-10-06T05:08:28Z INFO [264/900] 4bf1d0d8-35e3-4436-99ee-55584b95b7f8: 32 groups; 0.9 s; peak memory 478 MiB.
2026-10-06T05:08:38Z INFO [265/900] 4bf1f007-749b-4bca-83d6-b777ece5251a: 220 groups; 9.9 s; peak memory 478 MiB.
2026-10-06T05:08:39Z INFO [266/900] 4bf25038-edbe-45c5-a9cc-08956d3b1167: 195 groups; 1.1 s; peak memory 478 MiB.
2026-10-06T05:08:40Z INFO [267/900] 4bf2f9ab-ad83-41a9-a81f-e48dd891fe6f: 251 groups; 0.8 s; peak memory 478 MiB.
2026-10-06T05:08:40Z INFO [268/900] 4bf30f08-2590-491c-ab5a-aed1eb53d699: 27 groups; 0.5 s; peak memory 478 MiB.
2026-10-06T05:08:41Z INFO [269/900] 4bf34657-ed0e-442b-b2db-cc7f91c6cbeb: 20 groups; 1.1 s; peak memory 478 MiB.
2026-10-06T05:08:42Z INFO [270/900] 4bf481aa-048a-442f-8b60-afe4a6d38e4a: 35 groups; 1.1 s; peak memory 478 MiB.
2026-10-06T05:08:43Z INFO [271/900] 4bf58358-037e-437d-a510-056d9d577989: 28 groups; 1.0 s; peak memory 478 MiB.
2026-10-06T05:08:44Z INFO [272/900] 4bf58b2b-441c-4cb0-a66a-2208549d3310: 35 groups; 1.0 s; peak memory 478 MiB.
2026-10-06T05:10:39Z INFO [273/900] 4bf598b8-682d-4114-94cd-1f92015a53e5: 60 groups; 114.7 s; peak memory 478 MiB.
2026-10-06T05:10:40Z INFO [274/900] 4bf663d2-cec4-4060-9871-dcccf379af2c: 29 groups; 1.1 s; peak memory 478 MiB.
2026-10-06T05:10:46Z INFO [275/900] 4bf6bfd7-48ce-4221-90a9-7a198a2805e5: 85 groups; 6.3 s; peak memory 478 MiB.
2026-10-06T05:10:48Z INFO [276/900] 4bf7a286-3b9c-4ae5-9ba8-a86bad010bf6: 33 groups; 1.2 s; peak memory 478 MiB.
2026-10-06T05:10:49Z INFO [277/900] 4bf7c69f-12d2-48e4-8ab4-d47aeae994bd: 32 groups; 1.0 s; peak memory 478 MiB.
2026-10-06T05:10:50Z INFO [278/900] 4bf7cfae-7f12-49ac-8bca-4ebfbdc41053: 252 groups; 1.0 s; peak memory 478 MiB.
2026-10-06T05:10:51Z INFO [279/900] 4bf7e7d3-fd4e-46be-babf-0c1d4d6eb565: 32 groups; 1.1 s; peak memory 478 MiB.
2026-10-06T05:10:51Z INFO [280/900] 4bf7ed1d-b36f-433f-900f-a9850f2cb032: 30 groups; 0.6 s; peak memory 478 MiB.
2026-10-06T05:10:52Z INFO [281/900] 4bf841c2-5270-4d10-a6a7-2aa3755e5d09: 32 groups; 1.0 s; peak memory 478 MiB.
2026-10-06T05:10:56Z INFO [282/900] 4bf85083-987f-4065-bc2a-3ee5d1c8b666: 53 groups; 3.3 s; peak memory 478 MiB.
2026-10-06T05:10:56Z INFO [283/900] 4bf86222-5d72-4309-9c68-aff97babcde6: 26 groups; 0.9 s; peak memory 478 MiB.
2026-10-06T05:10:57Z INFO [284/900] 4bf8ba31-fdcf-436d-a26e-dd7b41854de8: 22 groups; 0.9 s; peak memory 478 MiB.
2026-10-06T05:10:58Z INFO [285/900] 4bf95cd7-c6c3-41db-8488-a42dd425a664: 32 groups; 1.0 s; peak memory 478 MiB.
2026-10-06T05:11:00Z INFO [286/900] 4bfaa296-995b-4ab0-966e-acaa23963fb8: 48 groups; 1.7 s; peak memory 478 MiB.
2026-10-06T05:11:01Z INFO [287/900] 4bfad255-11c0-484f-a66d-5c6d02be58a2: 195 groups; 1.2 s; peak memory 478 MiB.
2026-10-06T05:11:02Z INFO [288/900] 4bfb65cd-7237-4aa1-b23b-6dba6b1128dd: 29 groups; 1.2 s; peak memory 478 MiB.
2026-10-06T05:11:03Z INFO [289/900] 4bfb8b4b-b567-4775-a9bf-3e6011c2a7ef: 26 groups; 0.8 s; peak memory 478 MiB.
2026-10-06T05:11:05Z INFO [290/900] 4bfbbef6-7373-4a88-b5d7-6fe11209aa7a: 42 groups; 1.7 s; peak memory 478 MiB.
2026-10-06T05:11:06Z INFO [291/900] 4bfcfdf5-0121-4810-b881-37a9438a781d: 22 groups; 0.9 s; peak memory 478 MiB.
2026-10-06T05:11:10Z INFO [292/900] 4bfd3066-4ffc-4d58-9c44-04ce8358a1c2: 47 groups; 4.5 s; peak memory 478 MiB.
2026-10-06T05:11:13Z INFO [293/900] 4bfe60d9-ce12-42bf-b35a-d2cdc137788c: 48 groups; 2.4 s; peak memory 478 MiB.
2026-10-06T05:11:13Z INFO [294/900] 4bfebf10-197a-444d-924b-3d40a7f7a21b: 16 groups; 0.6 s; peak memory 478 MiB.
2026-10-06T05:11:14Z INFO [295/900] 4bff0c0f-aae0-4984-84fd-d8933cbce79c: 16 groups; 0.7 s; peak memory 478 MiB.
2026-10-06T05:11:15Z INFO [296/900] 4bff347a-f93e-453e-821e-7d06ae0fc748: 33 groups; 0.8 s; peak memory 478 MiB.
2026-10-06T05:11:16Z INFO [297/900] 4c00b38d-a09a-4a48-9ed4-85b5fee10f8c: 35 groups; 1.5 s; peak memory 478 MiB.
2026-10-06T05:11:20Z INFO [298/900] 4c0103f8-4c5d-4a48-9bc0-85866fea8e41: 57 groups; 3.6 s; peak memory 478 MiB.
2026-10-06T05:11:23Z INFO [299/900] 4c015ec3-b4bf-4ef2-95ab-543dce02c103: 36 groups; 3.0 s; peak memory 478 MiB.
2026-10-06T05:11:34Z INFO [300/900] 4c01acf9-6f5c-4ddb-95bd-38e91dd9d8a8: 197 groups; 11.5 s; peak memory 478 MiB.
2026-10-06T05:11:35Z INFO [300/900] 4c01acf9-6f5c-4ddb-95bd-38e91dd9d8a8: checkpointed 83536 records.
2026-10-06T05:11:35Z INFO [301/900] 4c02c86b-5c88-4554-bd9f-a2825adae690: 251 groups; 0.9 s; peak memory 478 MiB.
2026-10-06T05:11:43Z INFO [302/900] 4c03060e-acab-4cd6-a7bb-1fdc6e001baa: 206 groups; 7.8 s; peak memory 478 MiB.
2026-10-06T05:11:45Z INFO [303/900] 4c04e119-b91b-4dee-8de8-7d4f70f34fab: 32 groups; 1.4 s; peak memory 478 MiB.
2026-10-06T05:11:46Z INFO [304/900] 4c055b41-49fd-41eb-9d7c-646c493aa2fa: 32 groups; 1.0 s; peak memory 478 MiB.
2026-10-06T05:11:49Z INFO [305/900] 4c05e543-c0a6-4618-bd0d-ba24a049cf12: 56 groups; 3.8 s; peak memory 478 MiB.
2026-10-06T05:11:52Z INFO [306/900] 4c072bd0-66cb-4b75-b2bb-1ad979d415a1: 60 groups; 2.9 s; peak memory 478 MiB.
2026-10-06T05:11:53Z INFO [307/900] 4c0808b3-ce81-47f5-b2dc-5ddaaa5b25d8: 16 groups; 0.9 s; peak memory 478 MiB.
2026-10-06T05:11:55Z INFO [308/900] 4c087bdc-771b-4b99-91e6-830f96b647e4: 48 groups; 1.6 s; peak memory 478 MiB.
2026-10-06T05:11:57Z INFO [309/900] 4c089089-2670-44c5-8e76-53ba7d303365: 80 groups; 2.4 s; peak memory 478 MiB.
2026-10-06T05:11:58Z INFO [310/900] 4c08e8ac-16c8-4aea-97f8-5ec27d0db45f: 206 groups; 1.2 s; peak memory 478 MiB.
2026-10-06T05:11:59Z INFO [311/900] 4c09cf72-aeb8-4cb2-8379-ca18aa72e7d1: 32 groups; 0.9 s; peak memory 478 MiB.
2026-10-06T05:12:00Z INFO [312/900] 4c0a5905-4137-4a65-894c-fc2e947c3042: 30 groups; 0.7 s; peak memory 478 MiB.
2026-10-06T05:12:01Z INFO [313/900] 4c0ab19b-1877-4ede-b399-bbb0ff92eb5b: 32 groups; 1.0 s; peak memory 478 MiB.
2026-10-06T05:14:20Z INFO [314/900] 4c0ac304-9f45-47d6-9481-997d38383254: 68 groups; 138.5 s; peak memory 478 MiB.
2026-10-06T05:14:25Z INFO [315/900] 4c0acbb6-0338-4a36-94c3-55f5a0ffba44: 97 groups; 5.4 s; peak memory 478 MiB.
2026-10-06T05:14:26Z INFO [316/900] 4c0b2fc1-efc9-43ca-8b34-907f5f3fbaef: 35 groups; 1.3 s; peak memory 478 MiB.
2026-10-06T05:14:27Z INFO [317/900] 4c0b5c53-59a5-40f0-b43e-d014e4b7ccee: 16 groups; 0.8 s; peak memory 478 MiB.
2026-10-06T05:14:33Z INFO [318/900] 4c0ce0f1-3542-4137-a8bd-29ace00b77a8: 218 groups; 6.4 s; peak memory 478 MiB.
2026-10-06T05:16:41Z INFO [319/900] 4c0e66c3-7c44-4044-b18b-71e71a70058f: 77 groups; 128.0 s; peak memory 478 MiB.
2026-10-06T05:16:47Z INFO [320/900] 4c0ea683-ea41-4401-a0eb-34e7c8a8d4be: 236 groups; 5.6 s; peak memory 478 MiB.
2026-10-06T05:16:48Z INFO [321/900] 4c0ec643-5763-4bdc-b6ab-679c891c1514: 70 groups; 1.2 s; peak memory 478 MiB.
2026-10-06T05:16:49Z INFO [322/900] 4c0f2ee7-d355-4aeb-9676-af077316da4e: 30 groups; 0.8 s; peak memory 478 MiB.
2026-10-06T05:16:50Z INFO [323/900] 4c0f37cd-bd22-4b05-a273-0917bb69455c: 195 groups; 1.4 s; peak memory 478 MiB.
2026-10-06T05:18:59Z INFO [324/900] 4c108d88-9689-4872-89eb-57ff5f7fe88e: 39 groups; 128.3 s; peak memory 478 MiB.
2026-10-06T05:19:00Z INFO [325/900] 4c10a1e9-b2c2-4cac-9e2d-3453e47a21d1: 35 groups; 1.2 s; peak memory 478 MiB.
2026-10-06T05:19:01Z INFO [326/900] 4c10eb8f-7901-4851-ae14-892bf5d423f3: 35 groups; 1.2 s; peak memory 478 MiB.
2026-10-06T05:19:05Z INFO [327/900] 4c1154b4-8673-42b7-aeb4-9f56d026ef6b: 142 groups; 4.0 s; peak memory 478 MiB.
2026-10-06T05:19:07Z INFO [328/900] 4c1199f6-ddee-4f39-b9de-a1b0b1b7284e: 207 groups; 2.0 s; peak memory 478 MiB.
2026-10-06T05:19:08Z INFO [329/900] 4c1228a8-e132-46fb-843e-4c558a20ee48: 27 groups; 1.1 s; peak memory 478 MiB.
2026-10-06T05:19:09Z INFO [330/900] 4c1253a6-d176-4954-995b-8b08baccdfdd: 25 groups; 0.9 s; peak memory 478 MiB.
2026-10-06T05:19:21Z INFO [331/900] 4c132e83-db11-4546-828f-2abeb0bff743: 335 groups; 11.9 s; peak memory 478 MiB.
2026-10-06T05:19:22Z INFO [332/900] 4c136d7d-8c69-4ddc-aa81-23aaf9def656: 35 groups; 1.0 s; peak memory 478 MiB.
2026-10-06T05:19:26Z INFO [333/900] 4c13b4d1-2ddd-45ab-afb5-1ebdc83afe0a: 63 groups; 4.1 s; peak memory 478 MiB.
2026-10-06T05:19:27Z INFO [334/900] 4c148694-77b3-4bd9-8df4-7cf7d18d9ee0: 22 groups; 0.9 s; peak memory 478 MiB.
2026-10-06T05:19:28Z INFO [335/900] 4c14fed4-cc6e-4e3d-909f-f66fc4b17b69: 32 groups; 1.0 s; peak memory 478 MiB.
2026-10-06T05:19:29Z INFO [336/900] 4c154ab3-ca23-4cbd-b240-ee1cfe840a0c: 35 groups; 1.2 s; peak memory 478 MiB.
2026-10-06T05:19:30Z INFO [337/900] 4c157fbc-6b76-4147-b65c-62cff019e060: 32 groups; 1.0 s; peak memory 478 MiB.
2026-10-06T05:19:31Z INFO [338/900] 4c161707-85ca-40c1-a81a-360e5877f848: 32 groups; 1.0 s; peak memory 478 MiB.
2026-10-06T05:19:32Z INFO [339/900] 4c171b52-a6a3-4d1b-98de-77ef92fa67f5: 22 groups; 1.0 s; peak memory 478 MiB.
2026-10-06T05:19:35Z INFO [340/900] 4c173ca0-3ff8-4c2d-9436-8df1de3b6f04: 45 groups; 2.7 s; peak memory 478 MiB.
2026-10-06T05:19:36Z INFO [341/900] 4c18b691-0570-4e43-a07b-bff2b0f681dd: 22 groups; 0.9 s; peak memory 478 MiB.
2026-10-06T05:19:37Z INFO [342/900] 4c1923c6-3d20-4ac6-8ba6-1dbc7bd91d6a: 35 groups; 1.2 s; peak memory 478 MiB.
2026-10-06T05:19:46Z INFO [343/900] 4c19e808-f781-4fd7-9d73-d1317f46d98a: 180 groups; 8.9 s; peak memory 478 MiB.
2026-10-06T05:19:47Z INFO [344/900] 4c19f487-3a1e-48b3-9fe7-bb3cc4d1f058: 32 groups; 0.9 s; peak memory 478 MiB.
2026-10-06T05:19:48Z INFO [345/900] 4c1a6365-79c7-4f9b-8eb4-1cef12bf6c78: 336 groups; 1.5 s; peak memory 478 MiB.
2026-10-06T05:19:49Z INFO [346/900] 4c1a74b9-44d5-4cf6-8818-1c2cbaf618fd: 22 groups; 1.0 s; peak memory 478 MiB.
2026-10-06T05:19:50Z INFO [347/900] 4c1a91a7-d541-4499-b23c-4a3438134510: 22 groups; 0.7 s; peak memory 478 MiB.
2026-10-06T05:19:51Z INFO [348/900] 4c1bb75c-0949-49a2-9acc-2e3a456c6bda: 33 groups; 1.0 s; peak memory 478 MiB.
2026-10-06T05:19:53Z INFO [349/900] 4c1c0520-882a-4c82-8c90-c3d69a4e1bbc: 49 groups; 1.6 s; peak memory 478 MiB.
2026-10-06T05:19:53Z INFO [350/900] 4c1c15a4-66dc-4dd8-8b90-5041aa88a826: 24 groups; 0.9 s; peak memory 478 MiB.
2026-10-06T05:19:54Z INFO [350/900] 4c1c15a4-66dc-4dd8-8b90-5041aa88a826: checkpointed 83586 records.
2026-10-06T05:19:54Z INFO [351/900] 4c1c9ac2-4e49-48f9-8714-f52a0908f4d4: 22 groups; 0.9 s; peak memory 478 MiB.
2026-10-06T05:19:55Z INFO [352/900] 4c1d094b-f546-4415-9373-ef3c148fdb38: 32 groups; 0.9 s; peak memory 478 MiB.
2026-10-06T05:19:57Z INFO [353/900] 4c1d67fd-94c7-4c46-8235-477dae7f54fc: 70 groups; 1.4 s; peak memory 478 MiB.
2026-10-06T05:19:58Z INFO [354/900] 4c1d87bd-c2b4-4bcd-b647-f9d0af936a7e: 22 groups; 0.9 s; peak memory 478 MiB.
2026-10-06T05:20:00Z INFO [355/900] 4c1dcc60-b720-4b65-b3d5-19c20efb877c: 48 groups; 2.0 s; peak memory 478 MiB.
2026-10-06T05:20:00Z INFO [356/900] 4c207f7a-c6ab-4851-9fdd-0cc8f79001f6: 22 groups; 0.8 s; peak memory 478 MiB.
2026-10-06T05:20:02Z INFO [357/900] 4c20ecc5-f2d0-4ac2-b043-a3493ed7416f: 336 groups; 1.5 s; peak memory 478 MiB.
2026-10-06T05:20:03Z INFO [358/900] 4c213c0d-1cc1-452c-9d67-86dcc5a581fa: 16 groups; 0.8 s; peak memory 478 MiB.
2026-10-06T05:20:03Z INFO [359/900] 4c214db1-7c4d-49c4-9033-4b4394e9857a: 16 groups; 0.6 s; peak memory 478 MiB.
2026-10-06T05:20:04Z INFO [360/900] 4c220a58-7858-435c-ae04-462c5a644446: 22 groups; 0.7 s; peak memory 478 MiB.
2026-10-06T05:20:05Z INFO [361/900] 4c222f72-ec83-4e70-bc63-422991dbfb79: 16 groups; 0.6 s; peak memory 478 MiB.
2026-10-06T05:26:20Z INFO [362/900] 4c22b20c-c72c-4269-b7cc-0910fa27b9c6: 28 groups; 375.6 s; peak memory 639 MiB.
2026-10-06T05:26:21Z INFO [363/900] 4c22cbbe-af7c-4196-b0d3-4e80b3f187f6: 33 groups; 0.8 s; peak memory 639 MiB.
2026-10-06T05:26:25Z INFO [364/900] 4c23cf93-4057-4c67-a4ca-9547bf502b07: 78 groups; 4.0 s; peak memory 639 MiB.
2026-10-06T05:26:27Z INFO [365/900] 4c2406ee-ecd9-4015-bb96-df7eb6ed3895: 35 groups; 1.8 s; peak memory 639 MiB.
2026-10-06T05:26:28Z INFO [366/900] 4c246d89-215a-4740-a4df-3e370bde7458: 32 groups; 0.9 s; peak memory 639 MiB.
2026-10-06T05:26:29Z INFO [367/900] 4c24c326-9d38-4be4-8be7-6ae4124df9ba: 32 groups; 1.0 s; peak memory 639 MiB.
2026-10-06T05:26:30Z INFO [368/900] 4c25241b-19da-4939-ae54-638c5d2ff934: 207 groups; 1.7 s; peak memory 639 MiB.
2026-10-06T05:26:32Z INFO [369/900] 4c252664-5a90-4758-84cf-bcc4e25ad52e: 49 groups; 1.4 s; peak memory 639 MiB.
2026-10-06T05:26:33Z INFO [370/900] 4c2539c1-54ef-4b39-b105-4deae8adfdd8: 32 groups; 0.8 s; peak memory 639 MiB.
2026-10-06T05:26:34Z INFO [371/900] 4c25dd8e-9d78-4ec7-9343-d6c8e3b5c798: 22 groups; 0.8 s; peak memory 639 MiB.
2026-10-06T05:26:36Z INFO [372/900] 4c2606b7-4356-4fbf-9bdb-363c542913b8: 47 groups; 2.0 s; peak memory 639 MiB.
2026-10-06T05:26:37Z INFO [373/900] 4c2608ae-021c-42b9-a2cc-01304849e250: 43 groups; 1.7 s; peak memory 639 MiB.
2026-10-06T05:26:38Z INFO [374/900] 4c268057-ec80-4c5a-97d3-cef6bfde091e: 22 groups; 0.9 s; peak memory 639 MiB.
2026-10-06T05:26:39Z INFO [375/900] 4c269193-0a96-4838-8de1-cad0e6328cc9: 25 groups; 1.1 s; peak memory 639 MiB.
2026-10-06T05:27:24Z INFO [376/900] 4c2699b6-aab1-44f0-ba93-78b97798fd08: 1626 groups; 44.4 s; peak memory 639 MiB.
2026-10-06T05:27:25Z INFO [377/900] 4c26ccf3-330b-445f-a246-935716d937b7: 22 groups; 1.0 s; peak memory 639 MiB.
2026-10-06T05:27:26Z INFO [378/900] 4c26ec02-b517-4c54-9113-add56a198c37: 33 groups; 0.8 s; peak memory 639 MiB.
2026-10-06T05:27:33Z INFO [379/900] 4c26f053-7977-4791-b3f6-8a0b780d6d06: 190 groups; 7.4 s; peak memory 639 MiB.
2026-10-06T05:27:34Z INFO [380/900] 4c27a2cc-02f7-4ca5-9950-131851045bc4: 256 groups; 1.1 s; peak memory 639 MiB.
2026-10-06T05:27:47Z INFO [381/900] 4c27b7c8-3524-406a-9e01-0083f5c5d4c4: 212 groups; 12.4 s; peak memory 639 MiB.
2026-10-06T05:29:59Z INFO [382/900] 4c27c91b-8053-4b50-b7f9-b3a49a5c4070: 45 groups; 132.6 s; peak memory 1186 MiB.
2026-10-06T05:30:01Z INFO [383/900] 4c286b09-d6c5-4dca-aa39-5294a4c3eeb2: 42 groups; 1.6 s; peak memory 1186 MiB.
2026-10-06T05:30:01Z INFO [384/900] 4c286f52-4f49-453d-b3b5-542a57402124: 16 groups; 0.6 s; peak memory 1186 MiB.
2026-10-06T05:30:02Z INFO [385/900] 4c28fc06-7f34-4dbd-8c17-2a7a42d8a5d4: 22 groups; 0.6 s; peak memory 1186 MiB.
2026-10-06T05:30:03Z INFO [386/900] 4c28ff00-0392-4f97-82da-83a078afacfc: 33 groups; 1.3 s; peak memory 1186 MiB.
2026-10-06T05:30:04Z INFO [387/900] 4c297b75-4fba-4d2d-8f76-11c0473788ee: 253 groups; 0.9 s; peak memory 1186 MiB.
2026-10-06T05:30:05Z INFO [388/900] 4c2bdf37-9a7d-4a8e-9802-7c0784eb40fa: 32 groups; 0.9 s; peak memory 1186 MiB.
2026-10-06T05:30:06Z INFO [389/900] 4c2c8207-8a11-47e0-982f-e091cb946cea: 206 groups; 1.1 s; peak memory 1186 MiB.
2026-10-06T05:30:07Z INFO [390/900] 4c2c85a6-d513-478b-a381-353cd9fc21e2: 71 groups; 0.8 s; peak memory 1186 MiB.
2026-10-06T05:30:08Z INFO [391/900] 4c2cbf90-9036-4911-9017-33e07f0cad35: 17 groups; 1.1 s; peak memory 1186 MiB.
2026-10-06T05:30:09Z INFO [392/900] 4c2ccf7a-b4dd-4f97-a8a0-862051ea8983: 24 groups; 0.9 s; peak memory 1186 MiB.
2026-10-06T05:30:16Z INFO [393/900] 4c2db448-efbe-4ce0-b1b1-8bd728f4b7ea: 252 groups; 7.3 s; peak memory 1186 MiB.
2026-10-06T05:34:26Z INFO [394/900] 4c2e006c-2f60-421a-b580-404e3716b8f5: 67 groups; 250.2 s; peak memory 1186 MiB.
2026-10-06T05:34:37Z INFO [395/900] 4c2f548f-593d-493d-879b-c0de8fe66f67: 68 groups; 10.4 s; peak memory 1186 MiB.
2026-10-06T05:34:39Z INFO [396/900] 4c2f7301-2c80-43e2-95cd-4b26a7305701: 17 groups; 2.1 s; peak memory 1186 MiB.
2026-10-06T05:34:42Z INFO [397/900] 4c303526-7491-46b5-8918-97b8feff7215: 17 groups; 3.3 s; peak memory 1186 MiB.
2026-10-06T05:34:44Z INFO [398/900] 4c3038ef-9d9a-4e05-a81c-3c3c6fe8b6a5: 52 groups; 1.6 s; peak memory 1186 MiB.
2026-10-06T05:34:45Z INFO [399/900] 4c30fca7-621b-43e7-85b3-5ee84f060bb1: 52 groups; 1.1 s; peak memory 1186 MiB.
2026-10-06T05:34:51Z INFO [400/900] 4c312d9d-77d8-4531-961e-4926e89c6b77: 48 groups; 5.7 s; peak memory 1186 MiB.
2026-10-06T05:34:51Z INFO [400/900] 4c312d9d-77d8-4531-961e-4926e89c6b77: checkpointed 83636 records.
2026-10-06T05:34:52Z INFO [401/900] 4c31827c-66e9-4def-80f3-9919d2f9a498: 22 groups; 0.8 s; peak memory 1186 MiB.
2026-10-06T05:34:52Z INFO [402/900] 4c31d5f6-4dbe-4e18-a192-753b5436bc86: 22 groups; 0.9 s; peak memory 1186 MiB.
2026-10-06T05:34:54Z INFO [403/900] 4c31e421-058c-42b1-8564-42c37af2613b: 48 groups; 1.7 s; peak memory 1186 MiB.
2026-10-06T05:34:55Z INFO [404/900] 4c3240bd-6654-4fd4-8b5e-cb07b4100636: 16 groups; 0.8 s; peak memory 1186 MiB.
2026-10-06T05:34:56Z INFO [405/900] 4c32501e-a2c1-478c-8a62-a1eb34220325: 33 groups; 0.9 s; peak memory 1186 MiB.
2026-10-06T05:34:58Z INFO [406/900] 4c327a72-b9a4-4023-8272-ef35076d5dd6: 48 groups; 2.2 s; peak memory 1186 MiB.
2026-10-06T05:34:59Z INFO [407/900] 4c328772-3c78-4fdf-bde4-9a51a512f6ec: 33 groups; 1.1 s; peak memory 1186 MiB.
2026-10-06T05:35:03Z INFO [408/900] 4c32b6f2-ac03-44b8-a4d1-c8f2558da3d0: 59 groups; 4.1 s; peak memory 1186 MiB.
2026-10-06T05:35:05Z INFO [409/900] 4c33d4c0-41cf-44e5-acb1-a0d18d685473: 203 groups; 1.4 s; peak memory 1186 MiB.
2026-10-06T05:35:12Z INFO [410/900] 4c3411b8-f978-45bf-9ff7-4a9fffca43c7: 32 groups; 7.8 s; peak memory 1186 MiB.
2026-10-06T05:35:13Z INFO [411/900] 4c345c5e-c5e1-4781-8678-7290b3c95cd9: 22 groups; 0.9 s; peak memory 1186 MiB.
2026-10-06T05:35:15Z INFO [412/900] 4c352224-f710-443b-8a6a-4d3445f08c3c: 29 groups; 1.2 s; peak memory 1186 MiB.
2026-10-06T05:35:16Z INFO [413/900] 4c35611d-5bab-4b7a-b3a3-6f401dd24047: 22 groups; 1.0 s; peak memory 1186 MiB.
2026-10-06T05:35:18Z INFO [414/900] 4c36f821-0fe1-4bff-ba47-43e6aeb5fc0e: 207 groups; 2.1 s; peak memory 1186 MiB.
2026-10-06T05:35:19Z INFO [415/900] 4c372b02-ae6a-47f3-969a-0ff802b1a567: 32 groups; 1.1 s; peak memory 1186 MiB.
2026-10-06T05:35:21Z INFO [416/900] 4c3748e8-aa86-4bd0-873c-779b782004fb: 25 groups; 2.2 s; peak memory 1186 MiB.
2026-10-06T05:40:23Z INFO [417/900] 4c38376a-4e38-462a-a2f7-3e7cb5d97d1b: 72 groups; 302.1 s; peak memory 1186 MiB.
2026-10-06T05:40:24Z INFO [418/900] 4c3863f3-907f-4aaf-95b0-ec6de57159b7: 254 groups; 1.3 s; peak memory 1186 MiB.
2026-10-06T05:40:27Z INFO [419/900] 4c38cfa5-13a9-4170-b140-dc895270f93f: 66 groups; 3.1 s; peak memory 1186 MiB.
2026-10-06T05:40:30Z INFO [420/900] 4c3bac3b-99a7-4f85-8cb2-84f8b3a4be8c: 47 groups; 2.5 s; peak memory 1186 MiB.
2026-10-06T05:40:31Z INFO [421/900] 4c3d18a1-065e-4862-aab3-0149410256d0: 195 groups; 1.2 s; peak memory 1186 MiB.
2026-10-06T05:40:33Z INFO [422/900] 4c3e0dea-4ad9-45df-a5eb-8960f1a77d38: 32 groups; 1.4 s; peak memory 1186 MiB.
2026-10-06T05:40:34Z INFO [423/900] 4c3e5e74-18e1-43e4-825f-ecef2e26cf1f: 32 groups; 1.1 s; peak memory 1186 MiB.
2026-10-06T05:40:35Z INFO [424/900] 4c3f03cb-e326-436b-8388-cb82e6b3ea3a: 28 groups; 1.0 s; peak memory 1186 MiB.
2026-10-06T05:40:44Z INFO [425/900] 4c3f1207-68c9-4029-935f-2c694af055ec: 271 groups; 9.9 s; peak memory 1186 MiB.
2026-10-06T05:40:47Z INFO [426/900] 4c3f13e3-f454-4b26-b808-de492132c9aa: 194 groups; 2.3 s; peak memory 1186 MiB.
2026-10-06T05:40:53Z INFO [427/900] 4c3fef95-ed04-418a-8054-2769f20b7a6e: 149 groups; 6.6 s; peak memory 1186 MiB.
2026-10-06T05:40:54Z INFO [428/900] 4c403134-a222-4ebe-b256-171f95c065b1: 103 groups; 0.9 s; peak memory 1186 MiB.
2026-10-06T05:40:59Z INFO [429/900] 4c40cf14-ec3a-4e07-bd61-5943831c231c: 47 groups; 4.5 s; peak memory 1186 MiB.
2026-10-06T05:41:00Z INFO [430/900] 4c41296e-0a7c-4fdd-93ad-e82a6ad06a9e: 33 groups; 1.2 s; peak memory 1186 MiB.
2026-10-06T05:41:01Z INFO [431/900] 4c41929e-0232-4fd7-90f5-d63d04f4861a: 22 groups; 0.9 s; peak memory 1186 MiB.
2026-10-06T05:41:02Z INFO [432/900] 4c427260-5653-40ea-b5cc-f47fc73ea1ae: 33 groups; 1.0 s; peak memory 1186 MiB.
2026-10-06T05:41:04Z INFO [433/900] 4c441660-863b-459a-99db-adb72b09fbe9: 50 groups; 2.5 s; peak memory 1186 MiB.
2026-10-06T05:41:06Z INFO [434/900] 4c444f92-1f9e-45e9-bebe-830917e1be63: 341 groups; 1.9 s; peak memory 1186 MiB.
2026-10-06T05:41:07Z INFO [435/900] 4c447606-e135-4801-b40f-719ab8053e6b: 32 groups; 1.0 s; peak memory 1186 MiB.
2026-10-06T05:41:08Z INFO [436/900] 4c44d08e-ada9-44bc-8e9f-876fc60daf61: 22 groups; 0.8 s; peak memory 1186 MiB.
2026-10-06T05:41:09Z INFO [437/900] 4c44ea9f-4186-40e8-8881-442213330cad: 22 groups; 0.8 s; peak memory 1186 MiB.
2026-10-06T05:41:10Z INFO [438/900] 4c45b9ce-76b7-42bd-b0ae-b742cfb8f910: 16 groups; 0.5 s; peak memory 1186 MiB.
2026-10-06T05:41:12Z INFO [439/900] 4c45f391-1648-40c5-b9ee-c1ba10838d47: 37 groups; 1.9 s; peak memory 1186 MiB.
2026-10-06T05:41:12Z INFO [440/900] 4c46396e-a21d-49ab-9b5f-148368002f91: 22 groups; 0.8 s; peak memory 1186 MiB.
2026-10-06T05:41:14Z INFO [441/900] 4c46eaa1-c423-4e3f-b76b-ba68da6d9e40: 24 groups; 1.2 s; peak memory 1186 MiB.
2026-10-06T05:41:14Z INFO [442/900] 4c473e3f-48cf-4c52-9da5-5727a86888a0: 256 groups; 0.9 s; peak memory 1186 MiB.
2026-10-06T05:41:16Z INFO [443/900] 4c4797b3-855a-42cc-ba44-c8b7ebb01c36: 35 groups; 1.7 s; peak memory 1186 MiB.
2026-10-06T05:41:17Z INFO [444/900] 4c4908d6-380a-4bcf-8859-f6bfba1a80a9: 29 groups; 0.9 s; peak memory 1186 MiB.
2026-10-06T05:41:18Z INFO [445/900] 4c4a96f5-7d67-4d56-92e9-f78ad89e9111: 35 groups; 1.1 s; peak memory 1186 MiB.
2026-10-06T05:41:19Z INFO [446/900] 4c4ade10-3119-4e65-93e9-bda777c2b8c0: 27 groups; 1.1 s; peak memory 1186 MiB.
2026-10-06T05:41:22Z INFO [447/900] 4c4b4ae2-eef4-4877-9345-85318579e78d: 128 groups; 3.0 s; peak memory 1186 MiB.
2026-10-06T05:41:23Z INFO [448/900] 4c4b95b0-312f-4d4e-b6cf-2f09613a1539: 32 groups; 1.0 s; peak memory 1186 MiB.
2026-10-06T05:58:48Z INFO [449/900] 4c4c4185-b759-467d-893c-c9e5b6dc42c2: 494 groups; 1044.8 s; peak memory 1232 MiB.
2026-10-06T05:58:49Z INFO [450/900] 4c4c6c7d-ced8-451d-a277-ecdc53f052f4: 33 groups; 1.5 s; peak memory 1232 MiB.
2026-10-06T05:58:49Z INFO [450/900] 4c4c6c7d-ced8-451d-a277-ecdc53f052f4: checkpointed 83686 records.
2026-10-06T05:58:51Z INFO [451/900] 4c4cde09-8b99-433c-8fbc-6e4d52b2fc81: 22 groups; 1.1 s; peak memory 1232 MiB.
2026-10-06T05:58:55Z INFO [452/900] 4c4d65d9-6925-45a7-aa0d-ca79e65fd73a: 59 groups; 4.4 s; peak memory 1232 MiB.
2026-10-06T05:58:56Z INFO [453/900] 4c4dc687-33ee-493c-aa5c-7aeddde9afd5: 22 groups; 0.9 s; peak memory 1232 MiB.
2026-10-06T05:58:58Z INFO [454/900] 4c4dd6cd-346c-45fd-9694-bd7e470cafd7: 44 groups; 1.9 s; peak memory 1232 MiB.
2026-10-06T05:59:00Z INFO [455/900] 4c4e4399-9bbc-4697-a269-2b80a53fbf95: 48 groups; 2.1 s; peak memory 1232 MiB.
2026-10-06T05:59:01Z INFO [456/900] 4c4e5a9e-521d-4509-9287-2e8af459cca9: 22 groups; 1.0 s; peak memory 1232 MiB.
2026-10-06T05:59:02Z INFO [457/900] 4c4fe421-b86c-4ac6-aa36-4101c22b184c: 30 groups; 1.2 s; peak memory 1232 MiB.
2026-10-06T05:59:03Z INFO [458/900] 4c506952-9713-41b0-8614-22934b88e556: 35 groups; 1.1 s; peak memory 1232 MiB.
2026-10-06T05:59:12Z INFO [459/900] 4c508e31-ee14-4fd2-8093-f8b1898c45f6: 212 groups; 8.7 s; peak memory 1232 MiB.
2026-10-06T05:59:13Z INFO [460/900] 4c50ff81-24e1-46b6-bc64-3880d59fc582: 35 groups; 1.1 s; peak memory 1232 MiB.
2026-10-06T05:59:14Z INFO [461/900] 4c51bc53-39b0-4517-b21d-fa3e2a8c5518: 43 groups; 1.5 s; peak memory 1232 MiB.
2026-10-06T05:59:16Z INFO [462/900] 4c51be12-b06a-46a2-aba0-1e5f322c93bd: 32 groups; 1.1 s; peak memory 1232 MiB.
2026-10-06T05:59:16Z INFO [463/900] 4c51cb98-a0d6-42d2-82df-8a5690c4125a: 22 groups; 0.9 s; peak memory 1232 MiB.
2026-10-06T05:59:17Z INFO [464/900] 4c528dd5-5144-4e7e-83ab-4958390cf9d4: 16 groups; 0.7 s; peak memory 1232 MiB.
2026-10-06T05:59:19Z INFO [465/900] 4c52ceb8-ede3-4edd-9436-2dcaa44ec402: 35 groups; 1.5 s; peak memory 1232 MiB.
2026-10-06T05:59:20Z INFO [466/900] 4c52e0d6-c5b2-4a4f-8430-a3d96433e23a: 32 groups; 1.0 s; peak memory 1232 MiB.
2026-10-06T05:59:21Z INFO [467/900] 4c5313f8-6d47-4cad-8f66-72bbde97e5e8: 51 groups; 1.8 s; peak memory 1232 MiB.
2026-10-06T05:59:30Z INFO [468/900] 4c5338f4-828d-4eac-a909-13b52dd834c7: 28 groups; 8.8 s; peak memory 1232 MiB.
2026-10-06T05:59:31Z INFO [469/900] 4c539e07-65ba-49d2-ae49-98ae49c245d1: 22 groups; 0.9 s; peak memory 1232 MiB.
2026-10-06T05:59:32Z INFO [470/900] 4c5400c3-a190-4c6d-af7a-8d2eed3788d5: 206 groups; 1.4 s; peak memory 1232 MiB.
2026-10-06T05:59:34Z INFO [471/900] 4c555de1-fcb5-4826-a545-5f9e7f041b69: 337 groups; 1.3 s; peak memory 1232 MiB.
2026-10-06T05:59:35Z INFO [472/900] 4c558f59-03f6-4b93-980b-be2bf8880125: 194 groups; 1.2 s; peak memory 1232 MiB.
2026-10-06T05:59:36Z INFO [473/900] 4c55d833-c7dc-4099-bdb4-ae8d44452813: 31 groups; 0.8 s; peak memory 1232 MiB.
2026-10-06T05:59:37Z INFO [474/900] 4c561c70-4305-4057-a5b6-d1d65aee3caa: 32 groups; 0.9 s; peak memory 1232 MiB.
2026-10-06T05:59:38Z INFO [475/900] 4c5642cb-da61-4209-9c9b-01d69b6ebbf2: 16 groups; 1.0 s; peak memory 1232 MiB.
2026-10-06T05:59:39Z INFO [476/900] 4c56538f-3c55-4c2f-9b27-aa7fd996f5e6: 336 groups; 1.4 s; peak memory 1232 MiB.
2026-10-06T05:59:40Z INFO [477/900] 4c5726bf-4184-499a-a6b3-f1f7c8ff62ba: 32 groups; 0.9 s; peak memory 1232 MiB.
2026-10-06T05:59:41Z INFO [478/900] 4c57ca54-348e-4bb3-ab28-a8638430181c: 32 groups; 1.2 s; peak memory 1232 MiB.
2026-10-06T05:59:42Z INFO [479/900] 4c590596-ea6c-4911-b387-8c3a847c250a: 22 groups; 0.7 s; peak memory 1232 MiB.
2026-10-06T05:59:43Z INFO [480/900] 4c591197-0fd1-424c-a02b-323bdf0e72a9: 32 groups; 1.0 s; peak memory 1232 MiB.
2026-10-06T05:59:44Z INFO [481/900] 4c59652d-4c99-4777-93cb-9b15e9ddec30: 22 groups; 0.9 s; peak memory 1232 MiB.
2026-10-06T05:59:52Z INFO [482/900] 4c59941f-7182-4f6b-a346-6935f516e924: 403 groups; 8.1 s; peak memory 1232 MiB.
2026-10-06T05:59:53Z INFO [483/900] 4c5a2873-1319-4397-8b93-cc1111f4052d: 32 groups; 1.0 s; peak memory 1232 MiB.
2026-10-06T05:59:54Z INFO [484/900] 4c5c4980-44e5-4b55-8ee0-041977967d9a: 29 groups; 1.4 s; peak memory 1232 MiB.
2026-10-06T05:59:55Z INFO [485/900] 4c5c72bf-1bf8-462d-aa09-b0aa5905f6a1: 22 groups; 1.0 s; peak memory 1232 MiB.
2026-10-06T05:59:57Z INFO [486/900] 4c5cc7da-eda6-4480-9058-91c50b3fc59f: 35 groups; 1.9 s; peak memory 1232 MiB.
2026-10-06T05:59:58Z INFO [487/900] 4c5d0102-03da-4c10-a759-94bfefeecf91: 22 groups; 0.8 s; peak memory 1232 MiB.
2026-10-06T05:59:59Z INFO [488/900] 4c5d65b9-9fb7-475b-b28f-755ba969b06c: 33 groups; 1.2 s; peak memory 1232 MiB.
2026-10-06T06:00:03Z INFO [489/900] 4c5ddb3b-c83e-4eb5-a438-6f109a9c0b58: 78 groups; 4.0 s; peak memory 1232 MiB.
2026-10-06T06:00:08Z INFO [490/900] 4c5f282c-638c-40a2-9616-f87bef75a808: 67 groups; 4.3 s; peak memory 1232 MiB.
2026-10-06T06:00:09Z INFO [491/900] 4c5f7620-8ac2-48ec-969d-5fa556df1d8c: 195 groups; 1.2 s; peak memory 1232 MiB.
2026-10-06T06:00:09Z INFO [492/900] 4c5fbb99-cdf6-41ed-ab1e-8742ec32ab4b: 16 groups; 0.7 s; peak memory 1232 MiB.
2026-10-06T06:00:10Z INFO [493/900] 4c60915a-07e9-4d17-b699-7fc504069d7a: 18 groups; 0.7 s; peak memory 1232 MiB.
2026-10-06T06:00:11Z INFO [494/900] 4c60b03b-c2a6-428b-baae-cf1779a6c741: 28 groups; 0.9 s; peak memory 1232 MiB.
2026-10-06T06:00:12Z INFO [495/900] 4c60caf0-e645-4502-8406-168fdbd70f69: 35 groups; 1.3 s; peak memory 1232 MiB.
2026-10-06T06:00:13Z INFO [496/900] 4c60ea9b-0d9f-4dd3-8f53-43e15d6f62b6: 32 groups; 1.0 s; peak memory 1232 MiB.
2026-10-06T06:00:14Z INFO [497/900] 4c616f9c-89e8-4aae-8312-175a60010e1b: 32 groups; 0.9 s; peak memory 1232 MiB.
2026-10-06T06:00:15Z INFO [498/900] 4c6221f3-b92d-49d4-9ddf-1c7164a1ad59: 22 groups; 0.9 s; peak memory 1232 MiB.
2026-10-06T06:00:16Z INFO [499/900] 4c625870-24d8-419b-910d-b9212631ae9b: 32 groups; 1.0 s; peak memory 1232 MiB.
2026-10-06T06:00:21Z INFO [500/900] 4c641321-d6fe-4ee2-a939-2aeb06c12af1: 65 groups; 4.9 s; peak memory 1232 MiB.
2026-10-06T06:00:21Z INFO [500/900] 4c641321-d6fe-4ee2-a939-2aeb06c12af1: checkpointed 83736 records.
2026-10-06T06:00:23Z INFO [501/900] 4c651238-046a-4c27-bd41-09b732ec822c: 337 groups; 1.4 s; peak memory 1232 MiB.
2026-10-06T06:00:47Z INFO [502/900] 4c65fd1e-c40d-46b6-a99c-a1222cd9a979: 23 groups; 24.6 s; peak memory 1232 MiB.
2026-10-06T06:00:49Z INFO [503/900] 4c662bac-bd15-4d71-80a6-ba78ecdb92ff: 29 groups; 1.5 s; peak memory 1232 MiB.
2026-10-06T06:00:49Z INFO [504/900] 4c6715fa-0810-439d-ba34-04319ee1d5d6: 22 groups; 0.9 s; peak memory 1232 MiB.
2026-10-06T06:00:50Z INFO [505/900] 4c67b903-c5ca-405b-80fd-512fb1b2b995: 33 groups; 0.8 s; peak memory 1232 MiB.
2026-10-06T06:00:51Z INFO [506/900] 4c67cd3d-0867-473f-85cb-695539337e6a: 16 groups; 0.6 s; peak memory 1232 MiB.
2026-10-06T06:00:52Z INFO [507/900] 4c68bf8e-3c1a-43b8-a436-56696b365287: 22 groups; 1.0 s; peak memory 1232 MiB.
2026-10-06T06:00:52Z INFO [508/900] 4c692868-4a27-4527-8e1f-d4e5c4829e6b: 16 groups; 0.6 s; peak memory 1232 MiB.
2026-10-06T06:00:53Z INFO [509/900] 4c695fbe-633b-4c18-ba35-6c17c0134d1e: 16 groups; 0.7 s; peak memory 1232 MiB.
2026-10-06T06:00:54Z INFO [510/900] 4c6969a4-6731-49f4-a636-bc299dbb5121: 22 groups; 0.8 s; peak memory 1232 MiB.
2026-10-06T06:00:59Z INFO [511/900] 4c69beb2-7c7e-4cab-92d3-593b44d30961: 132 groups; 4.6 s; peak memory 1232 MiB.
2026-10-06T06:01:00Z INFO [512/900] 4c6bc9e2-0aa6-4954-97bc-acfc5af41bfe: 202 groups; 1.2 s; peak memory 1232 MiB.
2026-10-06T06:01:01Z INFO [513/900] 4c6bef28-52e0-40a0-b847-d26e90b01e04: 26 groups; 0.8 s; peak memory 1232 MiB.
2026-10-06T06:01:01Z INFO [514/900] 4c6ccf55-ecf9-4ea6-a02b-db03f2a0f9ac: 16 groups; 0.6 s; peak memory 1232 MiB.
2026-10-06T06:01:02Z INFO [515/900] 4c6cd55d-4ca6-4cc2-80f9-6a19193ae295: 22 groups; 1.1 s; peak memory 1232 MiB.
2026-10-06T06:01:03Z INFO [516/900] 4c6ed25c-91f6-40ba-a5b5-7f7fc54b0b31: 26 groups; 1.2 s; peak memory 1232 MiB.
2026-10-06T06:01:05Z INFO [517/900] 4c6efe51-0e86-4f91-b1fb-4afb538a9f39: 35 groups; 1.1 s; peak memory 1232 MiB.
2026-10-06T06:01:05Z INFO [518/900] 4c70918c-6a08-4ec0-8a19-eeda70f85846: 32 groups; 0.9 s; peak memory 1232 MiB.
2026-10-06T06:01:07Z INFO [519/900] 4c71c6bf-4bcc-499e-9d97-d8bc840f78f8: 36 groups; 1.1 s; peak memory 1232 MiB.
2026-10-06T06:01:09Z INFO [520/900] 4c71c90e-a13c-4382-b2fe-28393b05394f: 50 groups; 2.6 s; peak memory 1232 MiB.
2026-10-06T06:01:10Z INFO [521/900] 4c72aff3-ec1d-4e54-b89b-3882fb54df59: 194 groups; 1.3 s; peak memory 1232 MiB.
2026-10-06T06:01:11Z INFO [522/900] 4c72be39-564a-409c-834d-fb18551d0b31: 16 groups; 0.8 s; peak memory 1232 MiB.
2026-10-06T06:01:12Z INFO [523/900] 4c744c7e-e504-4e36-9560-374326ac3784: 35 groups; 1.2 s; peak memory 1232 MiB.
2026-10-06T06:01:13Z INFO [524/900] 4c766719-477f-493c-b320-5b473bebca3c: 22 groups; 0.9 s; peak memory 1232 MiB.
2026-10-06T06:01:14Z INFO [525/900] 4c76791e-17b2-4a76-a71a-f43e60c5e2a3: 22 groups; 0.9 s; peak memory 1232 MiB.
2026-10-06T06:01:16Z INFO [526/900] 4c767a39-b380-4f1b-898b-cffcdee74d0a: 27 groups; 1.3 s; peak memory 1232 MiB.
2026-10-06T06:01:16Z INFO [527/900] 4c76bad3-5fc2-4e77-be8f-113212b3e263: 16 groups; 0.6 s; peak memory 1232 MiB.
2026-10-06T06:01:17Z INFO [528/900] 4c771c89-d82c-42dd-a4c5-5a2f486a7423: 22 groups; 0.7 s; peak memory 1232 MiB.
2026-10-06T06:01:18Z INFO [529/900] 4c777d0c-1ace-4e5b-afe2-9cf6f6d069cb: 25 groups; 1.0 s; peak memory 1232 MiB.
2026-10-06T06:01:19Z INFO [530/900] 4c77dde4-8759-4a2f-a115-680d989a0bee: 337 groups; 1.2 s; peak memory 1232 MiB.
2026-10-06T06:01:20Z INFO [531/900] 4c784092-56fd-48f9-bf41-1e3e2965daf0: 202 groups; 1.3 s; peak memory 1232 MiB.
2026-10-06T06:01:21Z INFO [532/900] 4c78a731-bc0f-4a43-a31f-47eb7ed9507c: 30 groups; 0.8 s; peak memory 1232 MiB.
2026-10-06T06:01:28Z INFO [533/900] 4c78dc12-4660-4619-b457-d27681919109: 156 groups; 7.0 s; peak memory 1232 MiB.
2026-10-06T06:01:29Z INFO [534/900] 4c7964e9-2f98-40c2-bf10-9ac5e6177a63: 35 groups; 1.0 s; peak memory 1232 MiB.
2026-10-06T06:01:30Z INFO [535/900] 4c79dd9d-2931-4dcb-bfef-70eadfb28834: 22 groups; 0.9 s; peak memory 1232 MiB.
2026-10-06T06:01:31Z INFO [536/900] 4c7a3347-d7d9-4db9-9df1-876de9f64bdb: 22 groups; 0.9 s; peak memory 1232 MiB.
2026-10-06T06:01:55Z INFO [537/900] 4c7a5ac2-54ba-4f87-bf91-61b7f10d95ed: 23 groups; 24.2 s; peak memory 1232 MiB.
2026-10-06T06:01:56Z INFO [538/900] 4c7b7380-957f-49c0-9bc6-cdef91646414: 32 groups; 1.0 s; peak memory 1232 MiB.
2026-10-06T06:01:57Z INFO [539/900] 4c7c8730-3b37-460c-9825-7ef3baed82af: 22 groups; 1.0 s; peak memory 1232 MiB.
2026-10-06T06:01:58Z INFO [540/900] 4c7da133-aa88-450b-a2d1-25857dccb742: 43 groups; 1.4 s; peak memory 1232 MiB.
2026-10-06T06:01:59Z INFO [541/900] 4c7dcd0e-9ba3-40e5-88c7-0b37852fd5d7: 16 groups; 0.8 s; peak memory 1232 MiB.
2026-10-06T06:04:11Z INFO [542/900] 4c7e0bdd-6bec-4906-ab93-4523a3e035f2: 68 groups; 132.0 s; peak memory 1232 MiB.
2026-10-06T06:04:12Z INFO [543/900] 4c7e7272-77cd-4bf5-a607-367fff3d8387: 32 groups; 1.2 s; peak memory 1232 MiB.
2026-10-06T06:04:13Z INFO [544/900] 4c7fdbad-40ac-451e-8e4a-18db6e8322c8: 17 groups; 0.8 s; peak memory 1232 MiB.
2026-10-06T06:04:14Z INFO [545/900] 4c804d5a-ba73-4552-b818-182006cb80dc: 29 groups; 0.9 s; peak memory 1232 MiB.
2026-10-06T06:04:15Z INFO [546/900] 4c805f7a-2919-4728-9a2e-86f89da42e92: 26 groups; 0.7 s; peak memory 1232 MiB.
2026-10-06T06:04:16Z INFO [547/900] 4c8100dd-81c6-419e-86e2-555281f94987: 22 groups; 0.8 s; peak memory 1232 MiB.
2026-10-06T06:04:18Z INFO [548/900] 4c8107a8-5e07-4683-ba31-779c0381e749: 341 groups; 2.0 s; peak memory 1232 MiB.
2026-10-06T06:04:19Z INFO [549/900] 4c81cf27-18e3-4663-af0c-3a5374bfd8f9: 28 groups; 0.9 s; peak memory 1232 MiB.
2026-10-06T06:04:20Z INFO [550/900] 4c824ae3-87b4-4788-9799-0b630f033513: 32 groups; 1.2 s; peak memory 1232 MiB.
2026-10-06T06:04:20Z INFO [550/900] 4c824ae3-87b4-4788-9799-0b630f033513: checkpointed 83786 records.
2026-10-06T06:04:21Z INFO [551/900] 4c83e573-0098-4531-af3b-ddf936082ed7: 32 groups; 1.1 s; peak memory 1232 MiB.
2026-10-06T06:04:22Z INFO [552/900] 4c85bdf0-c535-4318-9dd9-014fcb03b013: 22 groups; 1.0 s; peak memory 1232 MiB.
2026-10-06T06:04:23Z INFO [553/900] 4c86a516-1f61-4168-9e4a-d0dcc46d3123: 252 groups; 1.0 s; peak memory 1232 MiB.
2026-10-06T06:04:24Z INFO [554/900] 4c86afe5-a4c0-476d-8fc6-c4ab71bccf1c: 203 groups; 1.2 s; peak memory 1232 MiB.
2026-10-06T06:04:25Z INFO [555/900] 4c86b995-c47b-4d31-86f5-ecc076ca4e03: 31 groups; 0.9 s; peak memory 1232 MiB.
2026-10-06T06:04:26Z INFO [556/900] 4c86d0db-74ad-45e6-95d1-d3ba89570114: 35 groups; 1.1 s; peak memory 1232 MiB.
2026-10-06T06:04:27Z INFO [557/900] 4c86d32c-2405-4de2-8720-42ad276e97c7: 22 groups; 1.0 s; peak memory 1232 MiB.
2026-10-06T06:04:34Z INFO [558/900] 4c87039a-5071-416d-83f2-c95c0bb983a0: 171 groups; 6.6 s; peak memory 1232 MiB.
2026-10-06T06:04:35Z INFO [559/900] 4c871b0b-c85b-41e8-9a08-c2750932872c: 207 groups; 1.4 s; peak memory 1232 MiB.
2026-10-06T06:04:36Z INFO [560/900] 4c87e807-bc72-4307-a5e3-4b506de509ca: 32 groups; 1.2 s; peak memory 1232 MiB.
2026-10-06T06:04:37Z INFO [561/900] 4c8850e0-d850-4997-aebb-95109e0a5e65: 22 groups; 1.0 s; peak memory 1232 MiB.
2026-10-06T06:07:07Z INFO [562/900] 4c885da6-b37b-414d-a043-09f156277785: 28 groups; 149.5 s; peak memory 1232 MiB.
2026-10-06T06:07:08Z INFO [563/900] 4c8919f1-ed76-4596-a584-952dd3dff4ad: 32 groups; 1.3 s; peak memory 1232 MiB.
2026-10-06T06:07:09Z INFO [564/900] 4c8924cc-9da5-4ec6-ab8e-56159a4da198: 35 groups; 1.3 s; peak memory 1232 MiB.
2026-10-06T06:07:10Z INFO [565/900] 4c89dd7e-a3ee-4232-aba8-3fc700e2b81b: 22 groups; 0.9 s; peak memory 1232 MiB.
2026-10-06T06:07:11Z INFO [566/900] 4c8bcb98-a295-4cf3-8aee-17075e8bcfb2: 35 groups; 1.3 s; peak memory 1232 MiB.
2026-10-06T06:07:12Z INFO [567/900] 4c8bcc6e-8f85-4663-aeab-e53a4cdfa332: 18 groups; 0.8 s; peak memory 1232 MiB.
2026-10-06T06:07:17Z INFO [568/900] 4c8c6c99-f570-4e0a-9de9-5c6058542cef: 194 groups; 4.6 s; peak memory 1232 MiB.
2026-10-06T06:07:18Z INFO [569/900] 4c8c82d1-d1e7-4673-a845-e3d0828836f4: 22 groups; 1.0 s; peak memory 1232 MiB.
2026-10-06T06:07:19Z INFO [570/900] 4c8cf250-c2ba-4600-a6ad-4dc0bc9c631d: 32 groups; 1.3 s; peak memory 1232 MiB.
2026-10-06T06:07:20Z INFO [571/900] 4c8d2086-9c08-4539-8530-0de9e0b4f03d: 25 groups; 1.1 s; peak memory 1232 MiB.
2026-10-06T06:07:27Z INFO [572/900] 4c8d4566-c7f0-46a8-ac0f-75a08711595a: 871 groups; 6.5 s; peak memory 1232 MiB.
2026-10-06T06:07:28Z INFO [573/900] 4c8e060a-d0dc-40f5-8f54-832cf629cabf: 35 groups; 1.2 s; peak memory 1232 MiB.
2026-10-06T06:07:29Z INFO [574/900] 4c8f3513-ca9c-4e3b-8af0-8e486b41010d: 36 groups; 1.5 s; peak memory 1232 MiB.
2026-10-06T06:07:30Z INFO [575/900] 4c8f5605-3aa8-4188-80ad-1bf6f6011ed4: 16 groups; 0.8 s; peak memory 1232 MiB.
2026-10-06T06:07:31Z INFO [576/900] 4c907eda-b105-483d-9b10-dd07210ec1fa: 25 groups; 1.1 s; peak memory 1232 MiB.
2026-10-06T06:07:32Z INFO [577/900] 4c9151bb-ac12-4cab-ad52-dc86cbdd7d47: 22 groups; 0.9 s; peak memory 1232 MiB.
2026-10-06T06:07:33Z INFO [578/900] 4c9319b9-c604-4234-ba1f-18bc7781e433: 32 groups; 1.1 s; peak memory 1232 MiB.
2026-10-06T06:07:34Z INFO [579/900] 4c935bfd-d1b7-46d1-b7fb-a4ecd9fc22ac: 25 groups; 1.0 s; peak memory 1232 MiB.
2026-10-06T06:07:35Z INFO [580/900] 4c93ba00-21be-4d0a-aa68-88ae8eb85165: 32 groups; 1.0 s; peak memory 1232 MiB.
2026-10-06T06:07:36Z INFO [581/900] 4c948fe7-2988-4688-8fcc-6420a5329d7e: 32 groups; 1.1 s; peak memory 1232 MiB.
2026-10-06T06:07:46Z INFO [582/900] 4c949de4-0bf8-422a-9e6d-22ba76633b68: 201 groups; 9.1 s; peak memory 1232 MiB.
2026-10-06T06:07:49Z INFO [583/900] 4c94c023-e48f-4bce-b918-cb7ce2626d62: 17 groups; 3.1 s; peak memory 1232 MiB.
2026-10-06T06:07:50Z INFO [584/900] 4c94c5f9-1843-44fb-9447-8a7b2e415dfe: 200 groups; 1.6 s; peak memory 1232 MiB.
2026-10-06T06:07:58Z INFO [585/900] 4c94d4c2-5e7c-4d74-9fb3-369e9c473b67: 209 groups; 7.5 s; peak memory 1232 MiB.
2026-10-06T06:07:59Z INFO [586/900] 4c9519dc-38bf-435b-87b8-c1e24295a114: 254 groups; 1.0 s; peak memory 1232 MiB.
2026-10-06T06:08:00Z INFO [587/900] 4c962079-3219-4b0d-b7e3-ebeed81ec213: 33 groups; 1.1 s; peak memory 1232 MiB.
2026-10-06T06:08:02Z INFO [588/900] 4c966647-b4e1-4012-b346-b1b6b5aaa5c6: 35 groups; 1.7 s; peak memory 1232 MiB.
2026-10-06T06:08:03Z INFO [589/900] 4c9734c0-1f33-4be1-90b5-4cbc8e738abb: 33 groups; 1.1 s; peak memory 1232 MiB.
2026-10-06T06:08:04Z INFO [590/900] 4c9743c3-2a7e-49fc-bdb7-19aae857d4f7: 32 groups; 1.1 s; peak memory 1232 MiB.
2026-10-06T06:08:05Z INFO [591/900] 4c9842bd-9733-480a-b5ef-f039b053b503: 254 groups; 0.9 s; peak memory 1232 MiB.
2026-10-06T06:08:21Z INFO [592/900] 4c987197-3e21-44cd-a591-d9bb4f401e07: 302 groups; 16.1 s; peak memory 1232 MiB.
2026-10-06T06:08:21Z INFO [593/900] 4c98741b-da44-4f09-9220-3b5aa6f7e4f1: 28 groups; 0.8 s; peak memory 1232 MiB.
2026-10-06T06:08:23Z INFO [594/900] 4c98c640-c563-4af0-a714-67756ca91937: 35 groups; 1.8 s; peak memory 1232 MiB.
2026-10-06T06:08:31Z INFO [595/900] 4c992d2c-aeeb-47fd-93f8-888ce97ec806: 36 groups; 7.4 s; peak memory 1232 MiB.
2026-10-06T06:08:32Z INFO [596/900] 4c9a833e-4d51-4e43-9b22-f197ed82032e: 22 groups; 0.9 s; peak memory 1232 MiB.
2026-10-06T06:08:33Z INFO [597/900] 4c9ae5c8-25cb-4cf5-b329-52e98afea976: 32 groups; 1.1 s; peak memory 1232 MiB.
2026-10-06T06:08:40Z INFO [598/900] 4c9b08a1-61e2-408a-b323-e8d4b4b2f97a: 181 groups; 7.6 s; peak memory 1232 MiB.
2026-10-06T06:08:42Z INFO [599/900] 4c9bf2f6-4462-43a4-98fd-4de20fc14a13: 32 groups; 1.9 s; peak memory 1232 MiB.
2026-10-06T06:08:43Z INFO [600/900] 4c9c679e-f40f-406a-995a-4654e20abe8e: 29 groups; 0.8 s; peak memory 1232 MiB.
2026-10-06T06:08:43Z INFO [600/900] 4c9c679e-f40f-406a-995a-4654e20abe8e: checkpointed 83836 records.
2026-10-06T06:08:49Z INFO [601/900] 4c9d0001-5ef1-465b-9d42-a81a6b6d23b8: 149 groups; 6.3 s; peak memory 1232 MiB.
2026-10-06T06:09:02Z INFO [602/900] 4c9e13ab-ae33-4cce-83c5-aec9439ce906: 270 groups; 12.7 s; peak memory 1232 MiB.
2026-10-06T06:09:03Z INFO [603/900] 4c9e244d-90c3-4c19-8ba4-b81a1592dc77: 35 groups; 1.4 s; peak memory 1232 MiB.
2026-10-06T06:09:05Z INFO [604/900] 4c9f3233-32ec-41f1-b6da-3a4e1c53222d: 35 groups; 1.4 s; peak memory 1232 MiB.
2026-10-06T06:09:06Z INFO [605/900] 4ca0662e-2fd4-4b7d-ada0-c054ed226b58: 28 groups; 1.0 s; peak memory 1232 MiB.
2026-10-06T06:09:07Z INFO [606/900] 4ca15c48-5ab3-4326-a8cc-f90c05eabdc1: 35 groups; 1.1 s; peak memory 1232 MiB.
2026-10-06T06:09:09Z INFO [607/900] 4ca1b389-3a1b-46e2-8216-8951a61095c4: 571 groups; 2.0 s; peak memory 1232 MiB.
2026-10-06T06:09:23Z INFO [608/900] 4ca2d11c-335c-48c1-a9fd-eb22e44ba71a: 22 groups; 14.4 s; peak memory 1232 MiB.
2026-10-06T06:09:29Z INFO [609/900] 4ca4540d-8c5b-4db9-9b2f-d3319dbe1187: 155 groups; 5.3 s; peak memory 1232 MiB.
2026-10-06T06:09:33Z INFO [610/900] 4ca456ac-42ab-42c6-a2bd-bd1c485ae5f1: 59 groups; 4.4 s; peak memory 1232 MiB.
2026-10-06T06:13:56Z INFO [611/900] 4ca4fdde-6607-4771-9eb7-22f1615affc2: 75 groups; 262.6 s; peak memory 1232 MiB.
2026-10-06T06:13:57Z INFO [612/900] 4ca50e30-6a27-40ef-9cab-60c838c919e2: 33 groups; 1.2 s; peak memory 1232 MiB.
2026-10-06T06:14:02Z INFO [613/900] 4ca67b5a-4c05-4c53-89ee-cecfd503ade1: 66 groups; 5.6 s; peak memory 1232 MiB.
2026-10-06T06:14:05Z INFO [614/900] 4ca6b01b-422f-4567-862f-3f2f7b7f0aaa: 54 groups; 2.7 s; peak memory 1232 MiB.
2026-10-06T06:14:06Z INFO [615/900] 4ca772c5-e71f-4618-98fd-122244a5f211: 25 groups; 1.0 s; peak memory 1232 MiB.
2026-10-06T06:14:07Z INFO [616/900] 4ca77dce-eea3-4fa8-9a86-3d20a1ca0075: 29 groups; 1.1 s; peak memory 1232 MiB.
2026-10-06T06:14:08Z INFO [617/900] 4ca7a259-ca9a-4055-b0b6-d25b8ab9ecee: 25 groups; 0.9 s; peak memory 1232 MiB.
2026-10-06T06:14:09Z INFO [618/900] 4ca83335-f081-4db8-8046-5b299a6da43a: 32 groups; 1.2 s; peak memory 1232 MiB.
2026-10-06T06:14:11Z INFO [619/900] 4ca8b41a-7c3f-4ee1-8c3f-fcde9fa16659: 25 groups; 1.2 s; peak memory 1232 MiB.
2026-10-06T06:14:12Z INFO [620/900] 4ca8c666-c81c-4ad4-a6b2-2c82d69335bc: 32 groups; 1.1 s; peak memory 1232 MiB.
2026-10-06T06:14:13Z INFO [621/900] 4ca8c9b0-83c6-40aa-81a5-562a99a6f4a3: 35 groups; 1.4 s; peak memory 1232 MiB.
2026-10-06T06:14:21Z INFO [622/900] 4ca8dd3d-e1d4-404b-a0b6-9f662467c872: 66 groups; 8.1 s; peak memory 1232 MiB.
2026-10-06T06:14:22Z INFO [623/900] 4ca8f6eb-1cd2-47ba-b29f-1ab9e081df36: 25 groups; 1.0 s; peak memory 1232 MiB.
2026-10-06T06:14:23Z INFO [624/900] 4ca9a039-c5d1-4046-9b0f-8ba4ee7363da: 17 groups; 0.8 s; peak memory 1232 MiB.
2026-10-06T06:14:25Z INFO [625/900] 4ca9aa7c-ba44-4293-9a49-f8b806d2d8a9: 48 groups; 2.1 s; peak memory 1232 MiB.
2026-10-06T06:14:26Z INFO [626/900] 4caa4a9d-c271-4346-b0d4-12ee64502119: 24 groups; 1.2 s; peak memory 1232 MiB.
2026-10-06T06:14:27Z INFO [627/900] 4cabe022-a637-4246-b33a-95b7d2fecfba: 16 groups; 0.7 s; peak memory 1232 MiB.
2026-10-06T06:14:28Z INFO [628/900] 4cadc6a8-a315-4549-bc25-e1dbb246b12d: 103 groups; 1.0 s; peak memory 1232 MiB.
2026-10-06T06:14:30Z INFO [629/900] 4cae42b5-ed21-4a4f-90d8-fa8dafff0e9f: 336 groups; 1.5 s; peak memory 1232 MiB.
2026-10-06T06:14:33Z INFO [630/900] 4cae845d-ac1b-47ef-ad00-a572d4b8cb48: 73 groups; 3.8 s; peak memory 1232 MiB.
2026-10-06T06:14:40Z INFO [631/900] 4cae84e6-aee2-43cd-ac61-66b35db3acac: 141 groups; 6.6 s; peak memory 1232 MiB.
2026-10-06T06:14:41Z INFO [632/900] 4caf201e-61d4-4b7e-93b6-ce4987893e65: 35 groups; 1.3 s; peak memory 1232 MiB.
2026-10-06T06:14:43Z INFO [633/900] 4caf4be7-2e08-4985-9215-f78483ae51ba: 207 groups; 1.3 s; peak memory 1232 MiB.
2026-10-06T06:14:46Z INFO [634/900] 4cb0720a-8251-4a38-8a36-6b1326551c7d: 75 groups; 3.5 s; peak memory 1232 MiB.
2026-10-06T06:14:47Z INFO [635/900] 4cb11758-44ca-4cb6-8363-ac501355a74a: 22 groups; 0.6 s; peak memory 1232 MiB.
2026-10-06T06:14:48Z INFO [636/900] 4cb2196c-6404-401a-87f7-657b6e1004c4: 33 groups; 1.6 s; peak memory 1232 MiB.
2026-10-06T06:14:49Z INFO [637/900] 4cb21991-1097-4a48-b7fe-574ca97e8686: 32 groups; 1.1 s; peak memory 1232 MiB.
2026-10-06T06:14:50Z INFO [638/900] 4cb29b80-e058-4d66-8306-423426bb4549: 16 groups; 0.7 s; peak memory 1232 MiB.
2026-10-06T06:14:52Z INFO [639/900] 4cb2c893-c33c-4e5c-9894-86beb8c12abc: 33 groups; 1.7 s; peak memory 1232 MiB.
2026-10-06T06:14:53Z INFO [640/900] 4cb33700-b230-40c7-9ffc-7a2cdf3d6fa1: 22 groups; 0.9 s; peak memory 1232 MiB.
2026-10-06T06:14:54Z INFO [641/900] 4cb3ba84-b77c-460c-8551-316b9130e43a: 31 groups; 1.3 s; peak memory 1232 MiB.
2026-10-06T06:14:55Z INFO [642/900] 4cb3ff40-b04b-46c0-a3c3-7fa230ac4a2e: 32 groups; 1.1 s; peak memory 1232 MiB.
2026-10-06T06:14:56Z INFO [643/900] 4cb5c740-7b6e-4741-a25e-9b156bb72b01: 32 groups; 1.2 s; peak memory 1232 MiB.
2026-10-06T06:14:57Z INFO [644/900] 4cb62e0a-1301-4a75-998e-903f5dc9e550: 25 groups; 0.9 s; peak memory 1232 MiB.
2026-10-06T06:14:58Z INFO [645/900] 4cb7dcfa-b6b6-49bf-a40a-5b37c9dd3fc4: 254 groups; 0.9 s; peak memory 1232 MiB.
2026-10-06T06:14:59Z INFO [646/900] 4cb8ff1c-e79e-4411-80b1-1909bf853677: 32 groups; 1.0 s; peak memory 1232 MiB.
2026-10-06T06:15:01Z INFO [647/900] 4cb909fe-da66-4447-9833-8801fa8e7db2: 48 groups; 1.8 s; peak memory 1232 MiB.
2026-10-06T06:15:02Z INFO [648/900] 4cb91ca5-0bfc-4e46-9122-bbda9453e31e: 32 groups; 0.9 s; peak memory 1232 MiB.
2026-10-06T06:15:03Z INFO [649/900] 4cb934cb-c759-4f2c-ac23-5ec0a7adbe2a: 22 groups; 0.9 s; peak memory 1232 MiB.
2026-10-06T06:15:04Z INFO [650/900] 4cb934ce-aa76-486f-a9b3-a332cafe1c1d: 35 groups; 1.1 s; peak memory 1232 MiB.
2026-10-06T06:15:04Z INFO [650/900] 4cb934ce-aa76-486f-a9b3-a332cafe1c1d: checkpointed 83886 records.
2026-10-06T06:15:05Z INFO [651/900] 4cb98a3a-9ac6-4781-a255-844f2ac8359e: 22 groups; 1.0 s; peak memory 1232 MiB.
2026-10-06T06:15:28Z INFO [652/900] 4cb9e251-d8d2-4de9-83c8-dd09850bcee3: 23 groups; 23.5 s; peak memory 1232 MiB.
2026-10-06T06:15:30Z INFO [653/900] 4cba90f3-417e-4737-b412-80dc08d2caec: 32 groups; 1.1 s; peak memory 1232 MiB.
2026-10-06T06:15:30Z INFO [654/900] 4cbaa633-9726-4820-a82a-b0c41ab23785: 18 groups; 0.7 s; peak memory 1232 MiB.
2026-10-06T06:15:32Z INFO [655/900] 4cbabfb1-ccbd-4685-9173-4b77404411ad: 32 groups; 1.2 s; peak memory 1232 MiB.
2026-10-06T06:15:32Z INFO [656/900] 4cbacbaa-2201-4655-a274-dda067d8a66d: 22 groups; 0.9 s; peak memory 1232 MiB.
2026-10-06T06:15:33Z INFO [657/900] 4cbc87e5-ce0b-4849-a564-8f4f3695fd70: 28 groups; 0.8 s; peak memory 1232 MiB.
2026-10-06T06:15:35Z INFO [658/900] 4cbcea07-b9db-4d84-b12a-9ce0227496b7: 41 groups; 1.2 s; peak memory 1232 MiB.
2026-10-06T06:15:36Z INFO [659/900] 4cbd3ae6-0da6-4625-98c6-6e8aafdcd42b: 71 groups; 1.3 s; peak memory 1232 MiB.
2026-10-06T06:15:37Z INFO [660/900] 4cbd94ec-4383-4bcc-9d73-2bf81c5dcd50: 22 groups; 1.0 s; peak memory 1232 MiB.
2026-10-06T06:15:38Z INFO [661/900] 4cbe0e97-ec32-4c11-ae76-bf93a724c50e: 337 groups; 1.5 s; peak memory 1232 MiB.
2026-10-06T06:15:39Z INFO [662/900] 4cbe1f3e-071a-48ea-b39e-a7b214326cdd: 32 groups; 1.0 s; peak memory 1232 MiB.
2026-10-06T06:15:40Z INFO [663/900] 4cbe369e-1297-4544-a874-09e95d3ae429: 99 groups; 1.1 s; peak memory 1232 MiB.
2026-10-06T06:15:43Z INFO [664/900] 4cbe8d19-a337-4432-88eb-79f151d62318: 51 groups; 2.7 s; peak memory 1232 MiB.
2026-10-06T06:15:45Z INFO [665/900] 4cbeb179-24fe-4b7d-b5ba-a283464eac80: 35 groups; 1.3 s; peak memory 1232 MiB.
2026-10-06T06:15:45Z INFO [666/900] 4cc02fda-896f-4b87-ab99-614d4322f109: 17 groups; 0.7 s; peak memory 1232 MiB.
2026-10-06T06:15:47Z INFO [667/900] 4cc0ef11-ba04-4a85-8553-d08d5ead1bbf: 32 groups; 1.5 s; peak memory 1232 MiB.
2026-10-06T06:15:48Z INFO [668/900] 4cc2fa17-3e9d-44e6-958c-58b1df975dca: 32 groups; 0.9 s; peak memory 1232 MiB.
2026-10-06T06:16:00Z INFO [669/900] 4cc33200-3215-4252-8897-00888a0481d0: 224 groups; 12.5 s; peak memory 1232 MiB.
2026-10-06T06:16:01Z INFO [670/900] 4cc3c3db-cdeb-404a-af30-25b73ccfe9c4: 22 groups; 1.0 s; peak memory 1232 MiB.
2026-10-06T06:16:03Z INFO [671/900] 4cc41090-6a1f-4a95-98c6-1e391d1534f5: 61 groups; 1.5 s; peak memory 1232 MiB.
2026-10-06T06:16:04Z INFO [672/900] 4cc573e1-ad18-42d9-82d4-8fce352cf69c: 32 groups; 1.0 s; peak memory 1232 MiB.
2026-10-06T06:16:05Z INFO [673/900] 4cc5d1bb-82c2-42f8-9c1a-215a4c2c7252: 24 groups; 1.1 s; peak memory 1232 MiB.
2026-10-06T06:16:06Z INFO [674/900] 4cc66cfa-3394-4da3-a9fa-792e2b001e66: 206 groups; 1.4 s; peak memory 1232 MiB.
2026-10-06T06:16:09Z INFO [675/900] 4cc6c25d-9314-4905-abd2-71eaf31b1bc7: 48 groups; 2.6 s; peak memory 1232 MiB.
2026-10-06T06:16:10Z INFO [676/900] 4cc6fb79-54ee-4174-86a9-c0c985ff0800: 32 groups; 1.0 s; peak memory 1232 MiB.
2026-10-06T06:16:50Z INFO [677/900] 4cc7539b-59ad-4aec-8aae-1f490fbba8f3: 27 groups; 40.5 s; peak memory 1232 MiB.
2026-10-06T06:16:51Z INFO [678/900] 4cc7aa77-bc45-4f0c-bee9-2a0b433caf56: 22 groups; 0.8 s; peak memory 1232 MiB.
2026-10-06T06:16:52Z INFO [679/900] 4cc832ba-c4da-4d0d-94bd-f3cbfe79fa4f: 26 groups; 0.9 s; peak memory 1232 MiB.
2026-10-06T06:16:53Z INFO [680/900] 4cc87f1e-3ea4-4dec-8f57-224d998c35e0: 32 groups; 1.0 s; peak memory 1232 MiB.
2026-10-06T06:16:54Z INFO [681/900] 4cc8e746-89d4-40d4-918e-15e0a37b86e3: 31 groups; 1.3 s; peak memory 1232 MiB.
2026-10-06T06:16:55Z INFO [682/900] 4cc915f2-d7ce-438f-88cd-565b9c5f9bd9: 22 groups; 0.7 s; peak memory 1232 MiB.
2026-10-06T06:16:57Z INFO [683/900] 4cc921c6-5f60-42ef-a1c4-7c9716ac167b: 48 groups; 1.8 s; peak memory 1232 MiB.
2026-10-06T06:17:02Z INFO [684/900] 4cc959a5-ecb7-4a6a-a98b-58623c70d038: 125 groups; 4.9 s; peak memory 1232 MiB.
2026-10-06T06:17:03Z INFO [685/900] 4cc9a2c9-2d14-48c0-95bf-8c2b7c2abeb8: 203 groups; 1.3 s; peak memory 1232 MiB.
2026-10-06T06:17:04Z INFO [686/900] 4cc9c4c2-84dd-4e92-82b3-6f36778b502d: 22 groups; 1.0 s; peak memory 1232 MiB.
2026-10-06T06:17:05Z INFO [687/900] 4cca813d-c0b3-40af-97fd-35d73276c231: 16 groups; 0.7 s; peak memory 1232 MiB.
2026-10-06T06:17:06Z INFO [688/900] 4ccae93e-0144-4d62-bdd0-04c9fc6cd573: 22 groups; 1.0 s; peak memory 1232 MiB.
2026-10-06T06:17:07Z INFO [689/900] 4ccbac77-5ec8-4cfb-862a-0ba100d8a103: 35 groups; 1.2 s; peak memory 1232 MiB.
2026-10-06T06:17:08Z INFO [690/900] 4ccbb512-e86f-4228-ad54-2b46de3f8cc7: 22 groups; 0.9 s; peak memory 1232 MiB.
2026-10-06T06:17:09Z INFO [691/900] 4ccbd95c-e4d6-49fe-8798-eadeeaf8e280: 32 groups; 1.2 s; peak memory 1232 MiB.
2026-10-06T06:17:10Z INFO [692/900] 4ccc7150-9a4d-411c-a307-f903e5139d7c: 32 groups; 0.9 s; peak memory 1232 MiB.
2026-10-06T06:17:12Z INFO [693/900] 4ccd7f2e-fcb7-4183-9da8-f5c151b9565c: 48 groups; 2.7 s; peak memory 1232 MiB.
2026-10-06T06:17:14Z INFO [694/900] 4ccfe093-3ce3-4370-a4af-c4857cd719cb: 341 groups; 1.8 s; peak memory 1232 MiB.
2026-10-06T06:17:15Z INFO [695/900] 4ccfe821-7381-4881-b7db-b3a6ece69138: 22 groups; 0.9 s; peak memory 1232 MiB.
2026-10-06T06:17:17Z INFO [696/900] 4cd06b9f-bf98-4caa-94d3-6aa0d8a13f95: 48 groups; 1.8 s; peak memory 1232 MiB.
2026-10-06T06:17:18Z INFO [697/900] 4cd13675-828c-4025-8e27-4cf4a660c8d0: 30 groups; 0.8 s; peak memory 1232 MiB.
2026-10-06T06:17:19Z INFO [698/900] 4cd1b8d3-0651-449e-b4ae-f5bcdaea1175: 33 groups; 1.2 s; peak memory 1232 MiB.
2026-10-06T06:17:20Z INFO [699/900] 4cd2805b-3716-4735-a252-5e1f47b91188: 32 groups; 1.0 s; peak memory 1232 MiB.
2026-10-06T06:17:24Z INFO [700/900] 4cd2ec71-83a1-49f8-8835-4c969dcbd828: 78 groups; 4.0 s; peak memory 1232 MiB.
2026-10-06T06:17:24Z INFO [700/900] 4cd2ec71-83a1-49f8-8835-4c969dcbd828: checkpointed 83936 records.
2026-10-06T06:17:25Z INFO [701/900] 4cd39f3d-457e-4ff8-a227-3496249e935b: 22 groups; 0.9 s; peak memory 1232 MiB.
2026-10-06T06:17:31Z INFO [702/900] 4cd4c01a-8554-49aa-83e0-1e21553934bf: 233 groups; 5.9 s; peak memory 1232 MiB.
2026-10-06T06:17:32Z INFO [703/900] 4cd5c54c-b56b-445a-8fb8-f6558a2d65f0: 32 groups; 1.0 s; peak memory 1232 MiB.
2026-10-06T06:17:33Z INFO [704/900] 4cd5c6ba-8f9f-4547-832c-d8677bda56ad: 32 groups; 1.0 s; peak memory 1232 MiB.
2026-10-06T06:17:34Z INFO [705/900] 4cd6724f-63d6-4d06-91c5-c5481f808396: 22 groups; 1.0 s; peak memory 1232 MiB.
2026-10-06T06:17:35Z INFO [706/900] 4cd813a7-b6ee-4fa2-9948-ea5c69584123: 35 groups; 1.4 s; peak memory 1232 MiB.
2026-10-06T06:17:38Z INFO [707/900] 4cd8be5b-8394-4644-9984-59a214e127eb: 50 groups; 3.1 s; peak memory 1232 MiB.
2026-10-06T06:17:41Z INFO [708/900] 4cd8f7c2-2f40-4313-98b9-4735869e24da: 194 groups; 2.2 s; peak memory 1232 MiB.
2026-10-06T06:17:41Z INFO [709/900] 4cd926de-5629-426b-8617-60950d1b030c: 253 groups; 1.0 s; peak memory 1232 MiB.
2026-10-06T06:17:43Z INFO [710/900] 4cd9e714-eb2f-4d24-b31f-26e70de2732f: 33 groups; 1.3 s; peak memory 1232 MiB.
2026-10-06T06:17:44Z INFO [711/900] 4cda1648-d213-45a0-8a7f-1f7691848189: 22 groups; 0.9 s; peak memory 1232 MiB.
2026-10-06T06:17:45Z INFO [712/900] 4cda3a02-737f-46bd-a25f-cc3948200c61: 22 groups; 1.1 s; peak memory 1232 MiB.
2026-10-06T06:17:46Z INFO [713/900] 4cda573f-24e1-4872-8fcc-7860dbf5544f: 16 groups; 0.8 s; peak memory 1232 MiB.
2026-10-06T06:17:46Z INFO [714/900] 4cdae5e8-de2d-459e-b19b-574f1b465a1b: 32 groups; 0.8 s; peak memory 1232 MiB.
2026-10-06T06:17:47Z INFO [715/900] 4cdaf1c6-f0d3-48c1-9d14-797f312ecd9d: 256 groups; 1.0 s; peak memory 1232 MiB.
2026-10-06T06:17:49Z INFO [716/900] 4cdafbff-1b48-4e98-bddd-337105514ee0: 35 groups; 1.5 s; peak memory 1232 MiB.
2026-10-06T06:17:50Z INFO [717/900] 4cdb350d-df29-48bb-a7cc-fa1328fa4088: 32 groups; 0.8 s; peak memory 1232 MiB.
2026-10-06T06:17:51Z INFO [718/900] 4cdc4c2e-0f60-4df2-b921-40a594859de6: 32 groups; 0.9 s; peak memory 1232 MiB.
2026-10-06T06:17:53Z INFO [719/900] 4cdd5694-e7d4-44cd-b185-622c91828522: 48 groups; 2.1 s; peak memory 1232 MiB.
2026-10-06T06:17:57Z INFO [720/900] 4cdd6fb5-24a5-4bd6-8732-c6f27e13ce50: 34 groups; 4.4 s; peak memory 1232 MiB.
2026-10-06T06:17:59Z INFO [721/900] 4cdecfd0-234b-47f5-8a69-38d933d99fdc: 48 groups; 2.2 s; peak memory 1232 MiB.
2026-10-06T06:18:00Z INFO [722/900] 4cdf2374-5e33-4afe-932f-6296b47ce719: 35 groups; 1.1 s; peak memory 1232 MiB.
2026-10-06T06:18:03Z INFO [723/900] 4cdf5a83-53e2-41c8-bb83-7089586e29e6: 48 groups; 2.4 s; peak memory 1232 MiB.
2026-10-06T06:18:04Z INFO [724/900] 4ce02349-bd05-43b1-b56f-ee107a67d7a5: 31 groups; 0.9 s; peak memory 1232 MiB.
2026-10-06T06:18:06Z INFO [725/900] 4ce060fb-9138-469e-a083-8a25fc849fba: 48 groups; 2.4 s; peak memory 1232 MiB.
2026-10-06T06:18:07Z INFO [726/900] 4ce06d2c-094f-40cf-a775-6a4b97056554: 32 groups; 0.9 s; peak memory 1232 MiB.
2026-10-06T06:18:09Z INFO [727/900] 4ce0ae87-1c46-4240-abf6-b3a5a3513d98: 48 groups; 1.8 s; peak memory 1232 MiB.
2026-10-06T06:18:25Z INFO [728/900] 4ce15471-ea53-4b40-99c9-d2c2181d08ce: 703 groups; 16.2 s; peak memory 1232 MiB.
2026-10-06T06:18:29Z INFO [729/900] 4ce23189-173e-410d-b766-d91f8f14561b: 78 groups; 4.3 s; peak memory 1232 MiB.
2026-10-06T06:18:32Z INFO [730/900] 4ce237de-b0f0-4dc5-aa9d-399dca5b7142: 24 groups; 2.3 s; peak memory 1232 MiB.
2026-10-06T06:18:32Z INFO [731/900] 4ce284bb-bc0d-4f22-9170-e5ee81445de5: 19 groups; 0.8 s; peak memory 1232 MiB.
2026-10-06T06:18:34Z INFO [732/900] 4ce2b551-c71b-46b8-a367-d9d2f32ec043: 33 groups; 1.1 s; peak memory 1232 MiB.
2026-10-06T06:18:34Z INFO [733/900] 4ce3b9ea-05d4-47aa-a801-37ef166e1a91: 103 groups; 0.9 s; peak memory 1232 MiB.
2026-10-06T06:18:36Z INFO [734/900] 4ce4e306-1c06-44e9-b49c-54c426e6cf64: 200 groups; 1.6 s; peak memory 1232 MiB.
2026-10-06T06:18:37Z INFO [735/900] 4ce518d2-dc49-456f-b76f-9bdf83419feb: 22 groups; 0.8 s; peak memory 1232 MiB.
2026-10-06T06:18:38Z INFO [736/900] 4ce52687-5b16-4a9f-90d2-2a61feeb52b9: 22 groups; 0.9 s; peak memory 1232 MiB.
2026-10-06T06:18:47Z INFO [737/900] 4ce5e704-edf6-46e5-9893-c7eb191b196a: 302 groups; 8.9 s; peak memory 1232 MiB.
2026-10-06T06:18:59Z INFO [738/900] 4ce61aa6-f722-4568-9f4b-e1cd554a33db: 27 groups; 12.8 s; peak memory 1232 MiB.
2026-10-06T06:19:00Z INFO [739/900] 4ce6dd71-b1a8-48a3-b4b6-0fa14e8a570b: 22 groups; 0.9 s; peak memory 1232 MiB.
2026-10-06T06:19:14Z INFO [740/900] 4ce79644-120a-4678-bea1-a0e03b6f0b4e: 39 groups; 13.5 s; peak memory 1232 MiB.
2026-10-06T06:19:15Z INFO [741/900] 4ce7d708-48e0-4bb1-a63c-acf88fe5a8bb: 32 groups; 1.0 s; peak memory 1232 MiB.
2026-10-06T06:42:49Z INFO [742/900] 4ce82833-0a78-47a7-b4d4-3720d7c11746: 43 groups; 1414.5 s; peak memory 1232 MiB.
2026-10-06T06:42:51Z INFO [743/900] 4ce92712-d74e-4e39-b967-49da151a97c4: 49 groups; 1.4 s; peak memory 1232 MiB.
2026-10-06T06:42:52Z INFO [744/900] 4ce954d3-5b32-495e-855d-d042dd5482b1: 25 groups; 1.3 s; peak memory 1232 MiB.
2026-10-06T06:42:56Z INFO [745/900] 4cea2431-6abc-4100-89be-12209793f49b: 175 groups; 4.4 s; peak memory 1232 MiB.
2026-10-06T06:42:58Z INFO [746/900] 4cead413-2dff-4f84-afd1-e87244835979: 35 groups; 1.3 s; peak memory 1232 MiB.
2026-10-06T06:43:03Z INFO [747/900] 4cec3302-f3ea-4353-ac76-631a513f6cd0: 166 groups; 5.3 s; peak memory 1232 MiB.
2026-10-06T06:43:04Z INFO [748/900] 4cec4087-8c6e-4223-bbb6-d69a8a4b58da: 103 groups; 1.2 s; peak memory 1232 MiB.
2026-10-06T06:43:05Z INFO [749/900] 4cecc360-3c27-46c3-b46f-c49ad252b7d0: 32 groups; 1.1 s; peak memory 1232 MiB.
2026-10-06T06:43:06Z INFO [750/900] 4ced66c4-8767-4d53-909b-57a660352e58: 16 groups; 0.7 s; peak memory 1232 MiB.
2026-10-06T06:43:06Z INFO [750/900] 4ced66c4-8767-4d53-909b-57a660352e58: checkpointed 83986 records.
2026-10-06T06:43:07Z INFO [751/900] 4ced73b6-cbfa-4dfb-99d0-27a81e8d3330: 31 groups; 0.8 s; peak memory 1232 MiB.
2026-10-06T06:43:09Z INFO [752/900] 4cedb5d9-52be-453e-9a9a-e7b6e89c5d83: 47 groups; 2.2 s; peak memory 1232 MiB.
2026-10-06T06:43:10Z INFO [753/900] 4cedff44-6c00-4617-a2db-d175b978b0cb: 34 groups; 1.0 s; peak memory 1232 MiB.
2026-10-06T06:43:17Z INFO [754/900] 4cee1b78-c64a-4951-92c7-c6d22693b17d: 175 groups; 6.7 s; peak memory 1232 MiB.
2026-10-06T06:43:18Z INFO [755/900] 4cf00abe-c181-4014-9706-100a49bbd406: 54 groups; 1.7 s; peak memory 1232 MiB.
2026-10-06T06:43:26Z INFO [756/900] 4cf1331d-db0a-4322-a71a-5b6e7cf948b2: 68 groups; 7.2 s; peak memory 1232 MiB.
2026-10-06T06:43:26Z INFO [757/900] 4cf33942-62e5-4807-b017-bdfa51eb3d10: 16 groups; 0.6 s; peak memory 1232 MiB.
2026-10-06T06:50:22Z INFO [758/900] 4cf36e22-4a73-4dd8-9f36-ae5caf2f62e3: 58 groups; 415.5 s; peak memory 1232 MiB.
2026-10-06T06:50:24Z INFO [759/900] 4cf3a671-c045-4dd0-aa94-fd4238c9b2e6: 48 groups; 2.1 s; peak memory 1232 MiB.
2026-10-06T06:50:25Z INFO [760/900] 4cf3c534-e99f-4ce4-a2e8-0ada6af88dda: 22 groups; 1.0 s; peak memory 1232 MiB.
2026-10-06T06:50:26Z INFO [761/900] 4cf53c45-af16-4a84-8c9a-b62d9a1d6f6e: 22 groups; 0.9 s; peak memory 1232 MiB.
2026-10-06T06:50:27Z INFO [762/900] 4cf56cc8-3957-4114-b178-91a2d298a768: 35 groups; 1.7 s; peak memory 1232 MiB.
2026-10-06T06:50:28Z INFO [763/900] 4cf6583c-1964-4226-9982-0c522425dab7: 32 groups; 1.0 s; peak memory 1232 MiB.
2026-10-06T06:50:30Z INFO [764/900] 4cf6bdc1-5399-4e69-bf35-f4cf83c89ba5: 200 groups; 1.7 s; peak memory 1232 MiB.
2026-10-06T06:50:32Z INFO [765/900] 4cf6d762-662d-480b-aa4a-dfc84b10fab9: 207 groups; 1.9 s; peak memory 1232 MiB.
2026-10-06T06:50:33Z INFO [766/900] 4cf7df6a-d941-4e33-86d2-8214cc569122: 35 groups; 1.2 s; peak memory 1232 MiB.
2026-10-06T06:50:35Z INFO [767/900] 4cf85451-53f3-4b84-8c81-6267b6bcac39: 35 groups; 1.2 s; peak memory 1232 MiB.
2026-10-06T06:50:35Z INFO [768/900] 4cf8e4de-184c-4b90-b2ab-7ae1272f7b13: 16 groups; 0.7 s; peak memory 1232 MiB.
2026-10-06T06:50:38Z INFO [769/900] 4cfa25c9-cec9-475c-af3f-692a83450391: 56 groups; 2.8 s; peak memory 1232 MiB.
2026-10-06T06:50:40Z INFO [770/900] 4cfa5600-acac-4494-a9e4-4d5d53c502f3: 36 groups; 1.7 s; peak memory 1232 MiB.
2026-10-06T06:50:41Z INFO [771/900] 4cfb547f-ca3e-4978-a573-77493f32b7fa: 35 groups; 1.4 s; peak memory 1232 MiB.
2026-10-06T06:50:48Z INFO [772/900] 4cfb9f72-be95-422d-9d96-02c9d6f48103: 123 groups; 7.3 s; peak memory 1232 MiB.
2026-10-06T06:50:49Z INFO [773/900] 4cfbfc41-5d5a-403c-a2cf-17600c7a7a3a: 22 groups; 1.0 s; peak memory 1232 MiB.
2026-10-06T06:50:54Z INFO [774/900] 4cfc14d8-dab9-4721-afde-31ba84646e98: 60 groups; 5.0 s; peak memory 1232 MiB.
2026-10-06T06:50:55Z INFO [775/900] 4cfc2ca9-0aa6-486e-9bbc-25ad3419eed1: 22 groups; 0.8 s; peak memory 1232 MiB.
2026-10-06T06:50:56Z INFO [776/900] 4cfc6c99-f009-4732-ac78-b4c4158a39eb: 16 groups; 0.6 s; peak memory 1232 MiB.
2026-10-06T06:50:57Z INFO [777/900] 4cfd8560-6bc4-467a-acb2-edab6072b217: 251 groups; 0.9 s; peak memory 1232 MiB.
2026-10-06T06:50:58Z INFO [778/900] 4cfe192a-a3dc-417d-b825-44c59c5863cc: 22 groups; 1.0 s; peak memory 1232 MiB.
2026-10-06T06:50:59Z INFO [779/900] 4cfe1a3c-e681-45c2-ab45-d23868fa2547: 22 groups; 0.9 s; peak memory 1232 MiB.
2026-10-06T06:50:59Z INFO [780/900] 4cfe288a-206a-4128-932b-6fecfb4273e7: 31 groups; 0.8 s; peak memory 1232 MiB.
2026-10-06T06:51:00Z INFO [781/900] 4cfe3250-9e5c-45e0-a489-5d6b89f746b1: 16 groups; 0.6 s; peak memory 1232 MiB.
2026-10-06T06:51:01Z INFO [782/900] 4cff70aa-5df4-4c3d-9d4d-016636fde235: 34 groups; 1.1 s; peak memory 1232 MiB.
2026-10-06T06:51:03Z INFO [783/900] 4cffc380-5f31-4f5a-9969-252fe2aa68c1: 37 groups; 1.9 s; peak memory 1232 MiB.
2026-10-06T06:51:45Z INFO [784/900] 4d002723-b140-4841-9381-fa4f57b27cc4: 27 groups; 42.2 s; peak memory 1232 MiB.
2026-10-06T06:51:47Z INFO [785/900] 4d006220-7c11-4fc2-bef3-171d2fe081ec: 35 groups; 1.3 s; peak memory 1232 MiB.
2026-10-06T06:51:48Z INFO [786/900] 4d014c86-836d-4ac2-b061-25b453950132: 32 groups; 1.0 s; peak memory 1232 MiB.
2026-10-06T06:51:49Z INFO [787/900] 4d0297c7-93a6-4458-9497-d6de860b4237: 22 groups; 0.9 s; peak memory 1232 MiB.
2026-10-06T06:51:50Z INFO [788/900] 4d031b41-741a-436f-8b67-40df8ed8cb47: 35 groups; 1.5 s; peak memory 1232 MiB.
2026-10-06T06:52:17Z INFO [789/900] 4d039751-10cb-4c86-b7cd-6ca0941be61e: 23 groups; 27.3 s; peak memory 1232 MiB.
2026-10-06T06:52:18Z INFO [790/900] 4d03ab62-d064-4340-a094-bb01b647606a: 35 groups; 1.0 s; peak memory 1232 MiB.
2026-10-06T06:52:30Z INFO [791/900] 4d03ee5b-10f2-41b0-bf8e-94cc3db99dac: 1826 groups; 11.7 s; peak memory 1232 MiB.
2026-10-06T06:52:35Z INFO [792/900] 4d0538d7-b842-4757-8dd6-427e1bce0fd1: 78 groups; 4.5 s; peak memory 1232 MiB.
2026-10-06T06:52:36Z INFO [793/900] 4d059b44-32ae-41b3-8eb2-346daaf814cf: 18 groups; 0.9 s; peak memory 1232 MiB.
2026-10-06T06:52:37Z INFO [794/900] 4d05a70d-e1ad-499a-b227-d3fc702707ea: 259 groups; 1.4 s; peak memory 1232 MiB.
2026-10-06T06:52:38Z INFO [795/900] 4d067431-74ee-46c1-8be2-1f0459ae3b6d: 22 groups; 1.0 s; peak memory 1232 MiB.
2026-10-06T06:52:39Z INFO [796/900] 4d07c7fb-2ffc-4797-a2ae-49553389c719: 202 groups; 1.1 s; peak memory 1232 MiB.
2026-10-06T06:52:40Z INFO [797/900] 4d07fa80-d684-4a50-a5a0-a1ce7051ccde: 30 groups; 1.1 s; peak memory 1232 MiB.
2026-10-06T06:52:41Z INFO [798/900] 4d081b8f-8e31-4d56-ac45-3ff076661297: 35 groups; 1.3 s; peak memory 1232 MiB.
2026-10-06T06:52:42Z INFO [799/900] 4d0879d9-f5be-4afb-b55d-06477f296caf: 22 groups; 0.9 s; peak memory 1232 MiB.
2026-10-06T06:52:43Z INFO [800/900] 4d09904b-0477-48a5-aed5-900d18267139: 16 groups; 0.7 s; peak memory 1232 MiB.
2026-10-06T06:52:43Z INFO [800/900] 4d09904b-0477-48a5-aed5-900d18267139: checkpointed 84036 records.
2026-10-06T06:52:44Z INFO [801/900] 4d0a1089-4f57-4883-84f1-77052c2ea408: 49 groups; 1.0 s; peak memory 1232 MiB.
2026-10-06T06:52:45Z INFO [802/900] 4d0ae7b3-fa60-4f6d-803b-062d5ae34021: 22 groups; 0.8 s; peak memory 1232 MiB.
2026-10-06T06:52:58Z INFO [803/900] 4d0b89e9-94a2-4dc1-95f2-5de55378e079: 189 groups; 13.5 s; peak memory 1232 MiB.
2026-10-06T06:53:01Z INFO [804/900] 4d0c15cb-b469-44ba-952c-573023889971: 33 groups; 2.2 s; peak memory 1232 MiB.
2026-10-06T06:53:02Z INFO [805/900] 4d0c40f5-3356-428e-b563-d151f4aff543: 336 groups; 1.3 s; peak memory 1232 MiB.
2026-10-06T06:53:05Z INFO [806/900] 4d0d6e67-7566-499a-8438-238a28f10972: 47 groups; 3.3 s; peak memory 1232 MiB.
2026-10-06T06:53:50Z INFO [807/900] 4d0e38cb-cdac-40ef-8004-062aa8dafd96: 52 groups; 44.5 s; peak memory 1232 MiB.
2026-10-06T06:53:51Z INFO [808/900] 4d0e7bda-dafd-48e2-8963-683cc2706cca: 36 groups; 1.6 s; peak memory 1232 MiB.
2026-10-06T06:53:52Z INFO [809/900] 4d0ea095-18d6-4f66-b7cd-63287a87c573: 42 groups; 1.3 s; peak memory 1232 MiB.
2026-10-06T06:53:54Z INFO [810/900] 4d0edc04-791a-4d21-b878-3f2a5e2349ef: 200 groups; 1.9 s; peak memory 1232 MiB.
2026-10-06T06:53:55Z INFO [811/900] 4d0f7b5c-6515-40da-b7f8-5e24abff0482: 32 groups; 1.0 s; peak memory 1232 MiB.
2026-10-06T06:53:56Z INFO [812/900] 4d0f8b1b-88fe-48b7-baac-7b11646625da: 17 groups; 0.9 s; peak memory 1232 MiB.
2026-10-06T06:53:57Z INFO [813/900] 4d0fc9d9-992f-4b51-97e9-dddbe83d4b64: 35 groups; 0.9 s; peak memory 1232 MiB.
2026-10-06T06:53:58Z INFO [814/900] 4d0ffaec-c260-4b70-af1b-4d6fbd278ee0: 25 groups; 0.9 s; peak memory 1232 MiB.
2026-10-06T06:53:59Z INFO [815/900] 4d107b01-f34e-486f-89a9-e9a886c4fd1c: 32 groups; 1.1 s; peak memory 1232 MiB.
2026-10-06T06:54:24Z INFO [816/900] 4d1082f9-e6f3-41b2-93c1-0147a9fdb992: 23 groups; 24.6 s; peak memory 1232 MiB.
2026-10-06T06:54:25Z INFO [817/900] 4d10d586-3a09-4a33-a8c0-d26ce408febc: 22 groups; 0.9 s; peak memory 1232 MiB.
2026-10-06T06:54:26Z INFO [818/900] 4d11676f-d4c5-4181-98dd-2b27e3606eb3: 22 groups; 1.0 s; peak memory 1232 MiB.
2026-10-06T06:54:27Z INFO [819/900] 4d119947-f720-46d7-b763-af1bb0d1a028: 22 groups; 1.1 s; peak memory 1232 MiB.
2026-10-06T06:54:28Z INFO [820/900] 4d12382c-a11e-48b7-bfa9-49f964fdf3b0: 25 groups; 1.0 s; peak memory 1232 MiB.
2026-10-06T06:54:28Z INFO [821/900] 4d12c8fc-a791-45e9-bab2-c38cb5a4ba32: 22 groups; 0.6 s; peak memory 1232 MiB.
2026-10-06T06:54:31Z INFO [822/900] 4d14c695-fac8-467e-82db-10b7140e668c: 50 groups; 2.4 s; peak memory 1232 MiB.
2026-10-06T06:54:32Z INFO [823/900] 4d151ecb-2aed-4f99-95d6-6358b1cec979: 32 groups; 1.2 s; peak memory 1232 MiB.
2026-10-06T06:54:33Z INFO [824/900] 4d1573a5-e1ff-4b0b-9770-f9c13e5c933f: 22 groups; 0.8 s; peak memory 1232 MiB.
2026-10-06T06:54:34Z INFO [825/900] 4d158ba8-0d2d-4015-ae49-69fea3784407: 28 groups; 0.8 s; peak memory 1232 MiB.
2026-10-06T06:54:35Z INFO [826/900] 4d15a4b9-5230-4765-90ff-1918f8dc5866: 35 groups; 1.2 s; peak memory 1232 MiB.
2026-10-06T06:54:36Z INFO [827/900] 4d15c84a-d2c7-4c8b-9fe5-c407de5acb80: 32 groups; 1.1 s; peak memory 1232 MiB.
2026-10-06T06:54:37Z INFO [828/900] 4d165679-4f33-43b5-bb90-266357b51439: 33 groups; 1.1 s; peak memory 1232 MiB.
2026-10-06T06:54:38Z INFO [829/900] 4d166298-8851-4f10-9e79-eff4e12ad40d: 31 groups; 1.4 s; peak memory 1232 MiB.
2026-10-06T06:54:39Z INFO [830/900] 4d16fd42-8b9e-409b-8bd6-f7dbbcac1a8b: 22 groups; 0.8 s; peak memory 1232 MiB.
2026-10-06T06:54:40Z INFO [831/900] 4d171326-8fc2-4224-94eb-06cf727383b2: 28 groups; 1.0 s; peak memory 1232 MiB.
2026-10-06T06:54:41Z INFO [832/900] 4d17c3f8-e048-4522-b570-0e9497efdaf5: 32 groups; 1.0 s; peak memory 1232 MiB.
2026-10-06T06:54:42Z INFO [833/900] 4d189cb6-5988-49bd-83fd-9f3e2ea3e275: 195 groups; 1.3 s; peak memory 1232 MiB.
2026-10-06T06:54:44Z INFO [834/900] 4d18f06b-9450-4b66-ae1f-1d88e1997086: 48 groups; 1.9 s; peak memory 1232 MiB.
2026-10-06T06:54:45Z INFO [835/900] 4d191471-0427-46e9-b978-9a2e3bf42afc: 199 groups; 1.1 s; peak memory 1232 MiB.
2026-10-06T06:54:46Z INFO [836/900] 4d19263d-0634-4e4c-85ae-1b3a0a4ef6da: 16 groups; 0.6 s; peak memory 1232 MiB.
2026-10-06T06:54:54Z INFO [837/900] 4d199fbc-a198-43a7-b676-3c11b539df92: 120 groups; 7.5 s; peak memory 1232 MiB.
2026-10-06T06:54:55Z INFO [838/900] 4d19c0f5-cf09-486e-9f7a-e806b22f498e: 35 groups; 1.2 s; peak memory 1232 MiB.
2026-10-06T06:54:56Z INFO [839/900] 4d1a31fe-d548-4c15-8a2d-255ded2d0d6d: 54 groups; 1.3 s; peak memory 1232 MiB.
2026-10-06T06:54:57Z INFO [840/900] 4d1ae59f-4ff9-4868-8737-fe5f9f4a2c0a: 35 groups; 1.2 s; peak memory 1232 MiB.
2026-10-06T06:54:58Z INFO [841/900] 4d1afccd-32f2-4f23-bce5-c342660780c6: 28 groups; 1.0 s; peak memory 1232 MiB.
2026-10-06T06:55:00Z INFO [842/900] 4d1b092f-101b-4b76-a92e-63c0889d059f: 35 groups; 1.6 s; peak memory 1232 MiB.
2026-10-06T06:57:11Z INFO [843/900] 4d1b9d2b-5a94-4294-86de-fe0a7bf7d35a: 71 groups; 131.0 s; peak memory 1232 MiB.
2026-10-06T06:57:12Z INFO [844/900] 4d1c675f-8532-40cc-a064-23e6add2dfa1: 35 groups; 1.6 s; peak memory 1232 MiB.
2026-10-06T06:57:14Z INFO [845/900] 4d1c9848-6cd9-4020-8cfc-57c4b54443e2: 202 groups; 2.1 s; peak memory 1232 MiB.
2026-10-06T06:58:05Z INFO [846/900] 4d1d2b92-95a7-4379-9def-db199d7bc2a8: 27 groups; 50.6 s; peak memory 1232 MiB.
2026-10-06T06:58:07Z INFO [847/900] 4d1d6d83-86b2-41fd-ba91-5476a31a51a9: 34 groups; 1.5 s; peak memory 1232 MiB.
2026-10-06T06:58:08Z INFO [848/900] 4d1d6eef-a8f4-444e-b791-db6be3841a22: 32 groups; 1.5 s; peak memory 1232 MiB.
2026-10-06T06:58:09Z INFO [849/900] 4d1dbd52-4df1-433f-9b15-0693503170e5: 16 groups; 0.6 s; peak memory 1232 MiB.
2026-10-06T06:58:10Z INFO [850/900] 4d1e059e-bdd9-417d-8d09-40973c15636f: 54 groups; 1.8 s; peak memory 1232 MiB.
2026-10-06T06:58:11Z INFO [850/900] 4d1e059e-bdd9-417d-8d09-40973c15636f: checkpointed 84086 records.
2026-10-06T06:58:12Z INFO [851/900] 4d1f411c-9c4e-4b37-9650-6f508aa546c9: 195 groups; 1.2 s; peak memory 1232 MiB.
2026-10-06T06:58:13Z INFO [852/900] 4d1fd5d4-32c3-42dd-8cae-7cb72d52ffa1: 39 groups; 1.2 s; peak memory 1232 MiB.
2026-10-06T06:58:14Z INFO [853/900] 4d2001a9-3724-49af-a21f-37c445154440: 22 groups; 0.8 s; peak memory 1232 MiB.
2026-10-06T06:58:15Z INFO [854/900] 4d205012-839d-4837-9a30-dd613467b9dd: 22 groups; 0.9 s; peak memory 1232 MiB.
2026-10-06T06:58:16Z INFO [855/900] 4d2190b2-9988-4083-a5bc-b6ebac74454b: 32 groups; 1.1 s; peak memory 1232 MiB.
2026-10-06T06:58:17Z INFO [856/900] 4d219cef-63f9-49f2-b212-646dca2e32cf: 336 groups; 1.5 s; peak memory 1232 MiB.
2026-10-06T06:58:18Z INFO [857/900] 4d21fbd7-8713-473a-96e2-3959865922dc: 35 groups; 1.2 s; peak memory 1232 MiB.
2026-10-06T06:58:43Z INFO [858/900] 4d22c685-4511-49ac-b828-8562b4a72d36: 23 groups; 24.7 s; peak memory 1232 MiB.
2026-10-06T06:58:44Z INFO [859/900] 4d22d0d1-cfd8-4533-8f58-a22e70903ba4: 32 groups; 0.9 s; peak memory 1232 MiB.
2026-10-06T06:58:45Z INFO [860/900] 4d232dab-0d1f-42f6-9c13-c9947ddf1e44: 201 groups; 1.3 s; peak memory 1232 MiB.
2026-10-06T06:58:46Z INFO [861/900] 4d271cfa-2b89-47ad-b3a6-aad6a378a413: 22 groups; 0.9 s; peak memory 1232 MiB.
2026-10-06T06:58:52Z INFO [862/900] 4d27ff25-d7ec-45a2-9014-97a57260c463: 195 groups; 5.3 s; peak memory 1232 MiB.
2026-10-06T06:59:00Z INFO [863/900] 4d2875ba-d83b-44d5-9036-74f42e19e8a0: 22 groups; 7.9 s; peak memory 1232 MiB.
2026-10-06T06:59:00Z INFO [864/900] 4d28827a-25cf-4479-90e5-6c15393040ea: 22 groups; 0.7 s; peak memory 1232 MiB.
2026-10-06T06:59:01Z INFO [865/900] 4d2976f1-82bc-459c-ab40-ab9b18c75d9f: 336 groups; 1.2 s; peak memory 1232 MiB.
2026-10-06T06:59:03Z INFO [866/900] 4d29f8c6-9cc7-4eba-afd4-df9ffc921a8b: 35 groups; 1.1 s; peak memory 1232 MiB.
2026-10-06T06:59:04Z INFO [867/900] 4d2a7e4a-6dce-414e-97bb-85d85c47d6d7: 25 groups; 1.0 s; peak memory 1232 MiB.
2026-10-06T07:03:25Z INFO [868/900] 4d2ad519-7081-444e-97ab-6a556cb63385: 39 groups; 261.5 s; peak memory 1232 MiB.
2026-10-06T07:03:26Z INFO [869/900] 4d2b05e0-62cc-493f-b951-43c7530f53e4: 18 groups; 0.9 s; peak memory 1232 MiB.
2026-10-06T07:03:27Z INFO [870/900] 4d2b6eec-68c9-415c-b2ea-e89a8c0fe172: 22 groups; 0.8 s; peak memory 1232 MiB.
2026-10-06T07:03:32Z INFO [871/900] 4d2b778f-4b68-467c-b1cb-87e7f0cdeef5: 75 groups; 4.8 s; peak memory 1232 MiB.
2026-10-06T07:03:38Z INFO [872/900] 4d2b8b68-7d87-4308-84e3-ca08dbd87d09: 202 groups; 6.0 s; peak memory 1232 MiB.
2026-10-06T07:03:38Z INFO [873/900] 4d2bd499-16c2-4c7f-af49-2d23e8da1d2a: 16 groups; 0.6 s; peak memory 1232 MiB.
2026-10-06T07:03:39Z INFO [874/900] 4d2c6960-e6d3-4c1f-a1b7-8e636b30aa06: 35 groups; 1.2 s; peak memory 1232 MiB.
2026-10-06T07:03:50Z INFO [875/900] 4d2e81c5-6ebe-416e-b328-749f6c76d35b: 266 groups; 10.5 s; peak memory 1232 MiB.
2026-10-06T07:03:51Z INFO [876/900] 4d2f5680-2d99-4afe-acba-699edc96e038: 33 groups; 0.8 s; peak memory 1232 MiB.
2026-10-06T07:03:52Z INFO [877/900] 4d2f6c50-b096-4775-91a6-af0976e3e611: 253 groups; 1.0 s; peak memory 1232 MiB.
2026-10-06T07:03:53Z INFO [878/900] 4d30480a-63ab-4cfd-b8e6-6b1b5fbe4625: 35 groups; 1.2 s; peak memory 1232 MiB.
2026-10-06T07:04:39Z INFO [879/900] 4d345f35-2bf4-45bd-b9da-c372ca072d1f: 26 groups; 45.8 s; peak memory 1232 MiB.
2026-10-06T07:04:48Z INFO [880/900] 4d34895d-7773-458e-9037-e21a83ae24b3: 289 groups; 9.2 s; peak memory 1232 MiB.
2026-10-06T07:04:50Z INFO [881/900] 4d34a690-2b46-405b-96bf-b981094b2c68: 48 groups; 2.1 s; peak memory 1232 MiB.
2026-10-06T07:04:51Z INFO [882/900] 4d354ccc-34ae-4f37-8bfc-22256edb5562: 32 groups; 0.9 s; peak memory 1232 MiB.
2026-10-06T07:04:52Z INFO [883/900] 4d36a43e-bc83-4f6b-a149-8ae0c82545f6: 67 groups; 1.1 s; peak memory 1232 MiB.
2026-10-06T07:04:57Z INFO [884/900] 4d37cb32-504d-4e04-9337-cb8a83d3a3cf: 140 groups; 5.1 s; peak memory 1232 MiB.
2026-10-06T07:04:58Z INFO [885/900] 4d383933-bfd4-49fd-91a4-e79433bb6844: 25 groups; 1.0 s; peak memory 1232 MiB.
2026-10-06T07:04:59Z INFO [886/900] 4d383b02-a80c-4226-a47b-5e6622c479f8: 203 groups; 1.4 s; peak memory 1232 MiB.
2026-10-06T07:05:01Z INFO [887/900] 4d39b2bc-6399-464a-91a2-b3bac0b96f6a: 336 groups; 1.5 s; peak memory 1232 MiB.
2026-10-06T07:05:06Z INFO [888/900] 4d3a33d1-9e53-445a-afc9-40986be3bdb5: 78 groups; 4.8 s; peak memory 1232 MiB.
2026-10-06T07:05:13Z INFO [889/900] 4d3affff-0626-4cad-9e0b-a1c675c4950a: 49 groups; 6.9 s; peak memory 1232 MiB.
2026-10-06T07:05:19Z INFO [890/900] 4d3b9d33-3525-4845-8365-763a15437b8f: 68 groups; 6.8 s; peak memory 1232 MiB.
2026-10-06T07:05:21Z INFO [891/900] 4d3bc356-0f11-46cf-9154-9ee901571eb6: 35 groups; 1.3 s; peak memory 1232 MiB.
2026-10-06T07:05:21Z INFO [892/900] 4d3c1f6f-b582-4e32-be51-a05fc6e92b33: 28 groups; 0.7 s; peak memory 1232 MiB.
2026-10-06T07:05:23Z INFO [893/900] 4d3c2072-cd30-4ccc-96ab-af6781d53f93: 33 groups; 1.3 s; peak memory 1232 MiB.
2026-10-06T07:05:24Z INFO [894/900] 4d3c6f08-e453-4beb-a667-b106065fa3a6: 33 groups; 1.3 s; peak memory 1232 MiB.
2026-10-06T07:05:27Z INFO [895/900] 4d3c781d-3311-4752-846c-f2957ac8f17e: 57 groups; 2.8 s; peak memory 1232 MiB.
2026-10-06T07:05:28Z INFO [896/900] 4d3c7cb9-9d20-4824-ae27-6b8f2846738a: 29 groups; 1.1 s; peak memory 1232 MiB.
2026-10-06T07:05:29Z INFO [897/900] 4d3d7d81-f471-4176-ae77-3f15d805a582: 22 groups; 1.0 s; peak memory 1232 MiB.
2026-10-06T07:05:30Z INFO [898/900] 4d3e0b45-6fec-4d3f-aa32-f35f0e43c71e: 22 groups; 1.0 s; peak memory 1232 MiB.
2026-10-06T07:05:31Z INFO [899/900] 4d3f476f-92c3-4782-b7c7-d4eca0e1cbef: 35 groups; 1.4 s; peak memory 1232 MiB.
2026-10-06T07:05:39Z INFO [900/900] 4d3f6b9b-9e34-4b68-8c43-df3d968f41fc: 142 groups; 8.1 s; peak memory 1232 MiB.
2026-10-06T07:05:40Z INFO [900/900] 4d3f6b9b-9e34-4b68-8c43-df3d968f41fc: checkpointed 84136 records.
2026-10-06T07:05:40Z INFO Wrote 84136 records to /tmp/derivatives/valid_nwb_file_to_number_of_groups.jsonl (900 new, 0 failed) in 139.9 min (peak memory 1232 MiB).
