2026-10-04T07:01:40Z INFO Logging to /tmp/logs/update_2026-10-04T07-01-40Z.log.
2026-10-04T07:01:40Z INFO Update valid-nwb-file-to-number-of-groups (base directory /tmp).
2026-10-04T07:01:41Z INFO Processing 900 items (71536 already recorded).
2026-10-04T07:01:41Z INFO [1/900] 32cdfebf-62da-4533-a5d9-4087b27d86cd: 22 groups; 0.6 s; peak memory 102 MiB.
2026-10-04T07:01:42Z INFO [2/900] 32cf10db-ef69-4114-94f3-e2dbd18270c8: 32 groups; 0.7 s; peak memory 107 MiB.
2026-10-04T07:01:43Z INFO [3/900] 32cf51e3-7d3b-4a6f-87d6-4e67df48a4d6: 22 groups; 0.5 s; peak memory 108 MiB.
2026-10-04T07:01:43Z INFO [4/900] 32d01538-8a2c-4db8-989f-d6aa7b910243: 32 groups; 0.7 s; peak memory 108 MiB.
2026-10-04T07:01:44Z INFO [5/900] 32d05076-769e-4220-9bba-2ff6209d7d46: 22 groups; 0.6 s; peak memory 108 MiB.
2026-10-04T07:01:44Z INFO [6/900] 32d0c0db-e7c2-4321-a3b3-bda7087e22d4: 16 groups; 0.4 s; peak memory 109 MiB.
2026-10-04T07:01:45Z INFO [7/900] 32d0ea92-9523-4a71-ab9e-d02a1d00910b: 35 groups; 0.7 s; peak memory 110 MiB.
2026-10-04T07:01:46Z INFO [8/900] 32d11fe2-c167-45d6-b0d3-63ac2022c706: 35 groups; 0.6 s; peak memory 110 MiB.
2026-10-04T07:01:46Z INFO [9/900] 32d171c2-aac3-4c17-b9d9-65e72b2004b4: 31 groups; 0.4 s; peak memory 110 MiB.
2026-10-04T07:01:47Z INFO [10/900] 32d18dd9-9e6c-4aa4-8c07-538d11dd4e40: 194 groups; 0.8 s; peak memory 110 MiB.
2026-10-04T07:01:48Z INFO [11/900] 32d22e4b-608b-4362-97ed-4b42ead215a0: 31 groups; 0.8 s; peak memory 111 MiB.
2026-10-04T07:01:48Z INFO [12/900] 32d246f1-e644-45d1-a589-a43bf6d36cd7: 32 groups; 0.7 s; peak memory 111 MiB.
2026-10-04T07:01:49Z INFO [13/900] 32d30557-953b-4f05-a2a6-67c3c479ae90: 32 groups; 1.1 s; peak memory 111 MiB.
2026-10-04T07:01:50Z INFO [14/900] 32d406ad-b9ab-414e-aa53-97139894cacd: 22 groups; 0.7 s; peak memory 111 MiB.
2026-10-04T07:01:51Z INFO [15/900] 32d4076a-0a21-4203-86f6-7c60062d38ac: 22 groups; 0.6 s; peak memory 111 MiB.
2026-10-04T07:01:55Z INFO [16/900] 32d47576-abf9-4c71-b3df-872d05e2b2e1: 791 groups; 3.9 s; peak memory 130 MiB.
2026-10-04T07:01:55Z INFO [17/900] 32d49225-a0f2-4984-b192-fc3f2e4a6041: 35 groups; 0.7 s; peak memory 131 MiB.
2026-10-04T07:01:56Z INFO [18/900] 32d4a498-b1d7-4aee-8367-a22358a8d68e: 21 groups; 0.6 s; peak memory 131 MiB.
2026-10-04T07:01:56Z INFO [19/900] 32d58860-0025-4dd2-917d-b5fad945ae61: 27 groups; 0.5 s; peak memory 131 MiB.
2026-10-04T07:01:59Z INFO [20/900] 32d5feae-cb02-45fc-a1ea-25ba3f659098: 47 groups; 2.2 s; peak memory 131 MiB.
2026-10-04T07:02:00Z INFO [21/900] 32d6c0dd-40c1-4158-8059-ca34449d42a6: 48 groups; 1.4 s; peak memory 131 MiB.
2026-10-04T07:02:05Z INFO [22/900] 32d73d0e-a470-4d29-b895-c4cf077d8b06: 76 groups; 5.1 s; peak memory 138 MiB.
2026-10-04T07:02:06Z INFO [23/900] 32d75427-dbfa-41b9-8f47-9aa9633efa69: 35 groups; 0.8 s; peak memory 138 MiB.
2026-10-04T07:02:07Z INFO [24/900] 32d8dcbe-969c-4809-a626-7cb0e86e2ed8: 32 groups; 0.7 s; peak memory 138 MiB.
2026-10-04T07:02:07Z INFO [25/900] 32da849c-be99-46e4-870d-24260a221439: 35 groups; 0.8 s; peak memory 138 MiB.
2026-10-04T07:02:08Z INFO [26/900] 32dae7ae-2c4f-43b7-8a81-0c4fdecf1a88: 194 groups; 0.7 s; peak memory 138 MiB.
2026-10-04T07:02:11Z INFO [27/900] 32db10fd-b165-4ded-bc93-b82c20a5247c: 181 groups; 3.2 s; peak memory 138 MiB.
2026-10-04T07:02:12Z INFO [28/900] 32dc2522-fc51-40e0-a703-102360ebf3fb: 32 groups; 0.7 s; peak memory 138 MiB.
2026-10-04T07:02:13Z INFO [29/900] 32dd0694-8f0e-4d4f-aefa-7facf18b369b: 22 groups; 0.5 s; peak memory 138 MiB.
2026-10-04T07:02:13Z INFO [30/900] 32dd6294-d53c-4768-a468-840798e5742f: 22 groups; 0.6 s; peak memory 138 MiB.
2026-10-04T07:02:14Z INFO [31/900] 32defe3a-0fd8-455a-a595-3eb682252cfc: 22 groups; 0.6 s; peak memory 138 MiB.
2026-10-04T07:02:14Z INFO [32/900] 32df2a5c-739a-477c-b73c-8c71a4bd4332: 206 groups; 0.8 s; peak memory 138 MiB.
2026-10-04T07:02:15Z INFO [33/900] 32df2ff5-cdb7-4a4f-9438-05a1e65cb7ca: 29 groups; 0.8 s; peak memory 138 MiB.
2026-10-04T07:02:16Z INFO [34/900] 32dfb06d-2430-40f5-9b6e-bd4c33b0628d: 206 groups; 1.1 s; peak memory 138 MiB.
2026-10-04T07:02:19Z INFO [35/900] 32dfb176-ee09-4617-90e8-d835cf127924: 75 groups; 2.5 s; peak memory 138 MiB.
2026-10-04T07:02:20Z INFO [36/900] 32e007ba-4fa2-4586-adab-a222ca20bd80: 36 groups; 0.7 s; peak memory 138 MiB.
2026-10-04T07:02:20Z INFO [37/900] 32e0f81c-5592-4936-b4b2-232e2a8d12cf: 31 groups; 0.4 s; peak memory 138 MiB.
2026-10-04T07:02:21Z INFO [38/900] 32e298f6-2d27-4f89-82b8-f7eb236e9c04: 32 groups; 0.6 s; peak memory 138 MiB.
2026-10-04T07:02:21Z INFO [39/900] 32e3f250-88a5-415f-a667-3907da6b7f38: 22 groups; 0.5 s; peak memory 138 MiB.
2026-10-04T07:02:22Z INFO [40/900] 32e485f4-9307-491f-8ba2-1bd0c112227c: 31 groups; 0.5 s; peak memory 138 MiB.
2026-10-04T07:02:22Z INFO [41/900] 32e4bf4d-065a-4714-b382-c31d161a2f9b: 22 groups; 0.6 s; peak memory 138 MiB.
2026-10-04T07:02:25Z INFO [42/900] 32e504c2-74a3-40ac-a14c-b08e01a3e793: 145 groups; 2.6 s; peak memory 138 MiB.
2026-10-04T07:02:26Z INFO [43/900] 32e5b414-0ab1-42ca-bf06-fbd32ec0241d: 29 groups; 1.4 s; peak memory 138 MiB.
2026-10-04T07:02:27Z INFO [44/900] 32e638cf-b9c6-4a64-82c2-886cfa7a4db6: 22 groups; 0.6 s; peak memory 138 MiB.
2026-10-04T07:02:28Z INFO [45/900] 32e67187-73a2-4842-a3aa-3c52d670c24e: 31 groups; 0.6 s; peak memory 138 MiB.
2026-10-04T07:02:28Z INFO [46/900] 32e6892e-9781-48a9-937a-6d8afd772dfa: 32 groups; 0.7 s; peak memory 138 MiB.
2026-10-04T07:02:29Z INFO [47/900] 32e6c3df-6d4b-4bd8-98fd-eb2c988db94b: 29 groups; 0.8 s; peak memory 138 MiB.
2026-10-04T07:03:15Z INFO [48/900] 32e6d36c-b7dc-4e91-af59-7073696e6f68: 43 groups; 45.7 s; peak memory 204 MiB.
2026-10-04T07:03:16Z INFO [49/900] 32e6ddf3-e5d9-49d4-b08e-1d9e1f8bcfba: 17 groups; 1.6 s; peak memory 204 MiB.
2026-10-04T07:03:17Z INFO [50/900] 32e6f60c-2d6b-456c-8a0c-d091e3df781a: 32 groups; 0.6 s; peak memory 204 MiB.
2026-10-04T07:03:17Z INFO [50/900] 32e6f60c-2d6b-456c-8a0c-d091e3df781a: checkpointed 71586 records.
2026-10-04T07:03:22Z INFO [51/900] 32e7065d-afd7-4fd3-8f21-ec4006d544cf: 27 groups; 4.9 s; peak memory 204 MiB.
2026-10-04T07:03:22Z INFO [52/900] 32e75a1d-7d29-4383-a75c-2b008cb7f771: 19 groups; 0.5 s; peak memory 204 MiB.
2026-10-04T07:03:23Z INFO [53/900] 32e795ea-4d10-4af7-9c5f-2029c7ac3a80: 25 groups; 0.5 s; peak memory 204 MiB.
2026-10-04T07:03:23Z INFO [54/900] 32e7b44e-b247-483e-b874-dfaf1c5c2668: 32 groups; 0.7 s; peak memory 204 MiB.
2026-10-04T07:03:24Z INFO [55/900] 32e7ba29-0439-4acf-a5d0-efd8ef3b56ea: 33 groups; 0.5 s; peak memory 204 MiB.
2026-10-04T07:03:25Z INFO [56/900] 32e7e96a-cf17-42a7-9153-b6be8398a64d: 22 groups; 0.5 s; peak memory 204 MiB.
2026-10-04T07:03:25Z INFO [57/900] 32e80489-fbd8-4147-adda-cfe2e099c449: 335 groups; 0.7 s; peak memory 204 MiB.
2026-10-04T07:03:27Z INFO [58/900] 32e84e89-aaf4-4caf-9c7f-3221f95b55e2: 50 groups; 1.6 s; peak memory 204 MiB.
2026-10-04T07:03:27Z INFO [59/900] 32e86679-16a9-4b87-9a5c-550e5680d396: 22 groups; 0.5 s; peak memory 204 MiB.
2026-10-04T07:03:28Z INFO [60/900] 32e89fa4-329e-4bb3-b776-3b6e4c6dc5f8: 32 groups; 0.6 s; peak memory 204 MiB.
2026-10-04T07:03:29Z INFO [61/900] 32e9caff-a572-4a83-8464-ee217c930ce3: 67 groups; 0.6 s; peak memory 204 MiB.
2026-10-04T07:04:03Z INFO [62/900] 32ead04e-c032-45eb-8d2d-64cf011127ad: 29 groups; 34.5 s; peak memory 204 MiB.
2026-10-04T07:04:04Z INFO [63/900] 32eb04f1-67a4-4757-97d0-a28d369c5119: 29 groups; 0.5 s; peak memory 204 MiB.
2026-10-04T07:04:05Z INFO [64/900] 32ec01b4-c774-4578-85d1-cbbfb44e1a4f: 206 groups; 1.0 s; peak memory 204 MiB.
2026-10-04T07:05:52Z INFO [65/900] 32ec5ffd-e089-4ac7-a4ac-80a0cf367bb2: 60 groups; 107.6 s; peak memory 283 MiB.
2026-10-04T07:05:53Z INFO [66/900] 32ed19d4-e786-4612-aa6d-3d576fb01279: 35 groups; 0.9 s; peak memory 283 MiB.
2026-10-04T07:05:54Z INFO [67/900] 32ed79d8-5359-4977-b1fb-5f39fcd20f05: 28 groups; 0.6 s; peak memory 283 MiB.
2026-10-04T07:05:55Z INFO [68/900] 32ed7e3d-fde1-4578-b161-db3b2f28bd20: 35 groups; 0.7 s; peak memory 283 MiB.
2026-10-04T07:05:55Z INFO [69/900] 32edc530-f89c-436e-96ca-ef0159aca24e: 22 groups; 0.7 s; peak memory 283 MiB.
2026-10-04T07:06:01Z INFO [70/900] 32ede07f-312c-49a7-b77f-56458539116f: 215 groups; 6.3 s; peak memory 283 MiB.
2026-10-04T07:06:02Z INFO [71/900] 32ee30cd-21b8-4c91-bc49-2b85a500d897: 31 groups; 0.9 s; peak memory 283 MiB.
2026-10-04T07:06:03Z INFO [72/900] 32ee3714-15df-4bf1-9083-491da02d4b21: 22 groups; 0.7 s; peak memory 283 MiB.
2026-10-04T07:06:04Z INFO [73/900] 32ee4351-8393-4cf6-b50c-a5236e50be08: 99 groups; 0.7 s; peak memory 283 MiB.
2026-10-04T07:06:04Z INFO [74/900] 32ef2ef3-12fc-4d96-bae3-eeeef3d93a20: 21 groups; 0.4 s; peak memory 283 MiB.
2026-10-04T07:06:11Z INFO [75/900] 32f23686-007f-4eab-a618-d5ea115e36b5: 338 groups; 6.7 s; peak memory 283 MiB.
2026-10-04T07:06:11Z INFO [76/900] 32f33d64-6176-405f-be2a-f571a190cd5b: 21 groups; 0.3 s; peak memory 283 MiB.
2026-10-04T07:06:12Z INFO [77/900] 32f34b2b-460e-42d4-a18a-ff15be1083d5: 67 groups; 0.6 s; peak memory 283 MiB.
2026-10-04T07:06:12Z INFO [78/900] 32f3769d-76c7-4e72-8503-dc8a4e2155c6: 22 groups; 0.6 s; peak memory 283 MiB.
2026-10-04T07:06:13Z INFO [79/900] 32f4e9d2-402a-4440-8e54-ce68251c2907: 16 groups; 0.4 s; peak memory 283 MiB.
2026-10-04T07:06:13Z INFO [80/900] 32f554cc-f737-4681-accd-b2fb99956117: 28 groups; 0.7 s; peak memory 283 MiB.
2026-10-04T07:06:14Z INFO [81/900] 32f5990c-a5c0-4e04-9537-74459742c92d: 22 groups; 0.5 s; peak memory 283 MiB.
2026-10-04T07:06:15Z INFO [82/900] 32f5f685-f146-472d-88ff-191789bebea0: 35 groups; 0.7 s; peak memory 283 MiB.
2026-10-04T07:06:15Z INFO [83/900] 32f62ecd-0b03-416b-8705-a2870daf8d50: 22 groups; 0.7 s; peak memory 283 MiB.
2026-10-04T07:06:17Z INFO [84/900] 32f6a83a-bc6a-4a7d-9b7f-cb533b07e73a: 50 groups; 1.5 s; peak memory 283 MiB.
2026-10-04T07:06:22Z INFO [85/900] 32f6c04a-9de4-46bd-b875-8cca568b0a32: 50 groups; 5.1 s; peak memory 283 MiB.
2026-10-04T07:06:22Z INFO [86/900] 32f714b8-cc4a-4524-995e-5588d190be63: 32 groups; 0.6 s; peak memory 283 MiB.
2026-10-04T07:06:23Z INFO [87/900] 32f7d89b-c90b-4071-86a0-fecc5c09520d: 22 groups; 0.6 s; peak memory 283 MiB.
2026-10-04T07:06:24Z INFO [88/900] 32f7d9f4-344e-491e-9dfd-f8ed66a73e85: 35 groups; 0.8 s; peak memory 283 MiB.
2026-10-04T07:06:24Z INFO [89/900] 32f92d07-f565-4788-af5a-907cf38ba769: 25 groups; 0.6 s; peak memory 283 MiB.
2026-10-04T07:06:25Z INFO [90/900] 32fa63a6-9d2f-44ab-9dbc-d6006beab79c: 22 groups; 0.6 s; peak memory 283 MiB.
2026-10-04T07:06:26Z INFO [91/900] 32fa9ecd-1bb7-4bbe-b7e6-118dfc8ade02: 35 groups; 0.7 s; peak memory 283 MiB.
2026-10-04T07:06:26Z INFO [92/900] 32fb325e-65cc-49fc-8a63-12b5f5aec93d: 49 groups; 0.8 s; peak memory 283 MiB.
2026-10-04T07:06:28Z INFO [93/900] 32fb4c68-3427-4941-a08c-50e6816572fb: 195 groups; 1.5 s; peak memory 283 MiB.
2026-10-04T07:06:29Z INFO [94/900] 32fb63cb-c8a4-495f-9efe-32c8799fdcdd: 22 groups; 0.6 s; peak memory 283 MiB.
2026-10-04T07:06:29Z INFO [95/900] 32fdaa63-9c90-40b5-8199-bf2dd2ff547a: 32 groups; 0.6 s; peak memory 283 MiB.
2026-10-04T07:06:30Z INFO [96/900] 32fdc4e2-75b2-4abb-8fde-483b305ea7b5: 30 groups; 0.5 s; peak memory 283 MiB.
2026-10-04T07:06:30Z INFO [97/900] 32fdd448-2a98-4a48-a0f9-6e0204cc91d8: 32 groups; 0.7 s; peak memory 283 MiB.
2026-10-04T07:06:31Z INFO [98/900] 32ff575f-92fe-489c-b2e7-4c70c13c20be: 30 groups; 0.5 s; peak memory 283 MiB.
2026-10-04T07:06:35Z INFO [99/900] 32ff7792-bf60-4618-bbd6-6ff26e75565a: 65 groups; 4.3 s; peak memory 283 MiB.
2026-10-04T07:06:36Z INFO [100/900] 32ffb454-6210-4355-a923-40fde3a00bdb: 22 groups; 0.7 s; peak memory 283 MiB.
2026-10-04T07:06:36Z INFO [100/900] 32ffb454-6210-4355-a923-40fde3a00bdb: checkpointed 71636 records.
2026-10-04T07:06:37Z INFO [101/900] 32ffb4c0-a61e-4478-b7dd-49253f0403c2: 22 groups; 0.5 s; peak memory 283 MiB.
2026-10-04T07:06:39Z INFO [102/900] 32ffca0e-2db7-4c72-9c15-10f923f38a84: 78 groups; 2.6 s; peak memory 283 MiB.
2026-10-04T07:06:54Z INFO [103/900] 3301a474-625a-49ab-8c98-57ffe48895cc: 2991 groups; 15.1 s; peak memory 361 MiB.
2026-10-04T07:06:55Z INFO [104/900] 3301ab4a-5770-447a-86ee-f651ad23d4d0: 48 groups; 0.7 s; peak memory 361 MiB.
2026-10-04T07:06:56Z INFO [105/900] 3302e590-293a-4e99-ae60-aab7feba3934: 52 groups; 0.7 s; peak memory 361 MiB.
2026-10-04T07:06:56Z INFO [106/900] 3302e78f-7717-48b2-b71a-8c482eebfd66: 22 groups; 0.6 s; peak memory 361 MiB.
2026-10-04T07:06:57Z INFO [107/900] 33039157-464a-4e20-b044-f503e4d57232: 33 groups; 0.5 s; peak memory 361 MiB.
2026-10-04T07:06:57Z INFO [108/900] 33044161-cdda-41ae-b2a8-cb3f74e18667: 25 groups; 0.6 s; peak memory 361 MiB.
2026-10-04T07:07:28Z INFO [109/900] 330672c3-9a14-455a-a6bd-88f3332f5327: 170 groups; 30.6 s; peak memory 361 MiB.
2026-10-04T07:07:29Z INFO [110/900] 3307a6bc-2dd7-46eb-a92d-565cf461bde7: 22 groups; 0.7 s; peak memory 361 MiB.
2026-10-04T07:07:29Z INFO [111/900] 3307e3ff-f23d-4911-840f-7557c0754f16: 30 groups; 0.4 s; peak memory 361 MiB.
2026-10-04T07:07:29Z INFO [112/900] 3307e57e-c8bd-4b81-ba9d-f585e1e4a09d: 30 groups; 0.5 s; peak memory 361 MiB.
2026-10-04T07:07:30Z INFO [113/900] 3307f47a-3622-4dae-85df-92e6b40bddc4: 28 groups; 0.4 s; peak memory 361 MiB.
2026-10-04T07:07:35Z INFO [114/900] 33095958-5432-462d-bd88-acc482e2351c: 219 groups; 5.1 s; peak memory 361 MiB.
2026-10-04T07:07:36Z INFO [115/900] 33098255-e8cc-43cc-ae83-2c4ff38fee1b: 33 groups; 0.7 s; peak memory 361 MiB.
2026-10-04T07:07:36Z INFO [116/900] 3309acd8-b522-4341-8f95-d784bfa80b8d: 337 groups; 0.9 s; peak memory 361 MiB.
2026-10-04T07:07:42Z INFO [117/900] 3309c5b9-5970-4a72-8d7b-861b00c583ec: 22 groups; 5.7 s; peak memory 361 MiB.
2026-10-04T07:09:24Z INFO [118/900] 330a3649-add2-4892-a459-5bb87ec5cba2: 77 groups; 101.6 s; peak memory 378 MiB.
2026-10-04T07:09:25Z INFO [119/900] 330a82e0-2269-470d-ab61-21896b266ee8: 50 groups; 1.6 s; peak memory 378 MiB.
2026-10-04T07:09:27Z INFO [120/900] 330a8a37-e10e-42d0-a260-904e5837a2e9: 50 groups; 1.5 s; peak memory 378 MiB.
2026-10-04T07:09:28Z INFO [121/900] 330bb076-abe7-4410-b478-b1824f615278: 199 groups; 0.8 s; peak memory 378 MiB.
2026-10-04T07:09:28Z INFO [122/900] 330ccb2a-4796-4b26-844a-c1fd02d7d23e: 31 groups; 0.4 s; peak memory 378 MiB.
2026-10-04T07:09:29Z INFO [123/900] 330d3eaa-c188-4fb0-8f0b-a3b336447b48: 25 groups; 0.6 s; peak memory 378 MiB.
2026-10-04T07:09:29Z INFO [124/900] 330e0183-83c2-4ac7-8014-7ff5a8b08287: 201 groups; 0.7 s; peak memory 378 MiB.
2026-10-04T07:09:31Z INFO [125/900] 330e329c-5a8e-4531-bda6-56b25335a570: 50 groups; 1.7 s; peak memory 378 MiB.
2026-10-04T07:09:34Z INFO [126/900] 330e3c9e-b292-4dd7-b5f4-eb77098b3759: 66 groups; 3.0 s; peak memory 378 MiB.
2026-10-04T07:09:35Z INFO [127/900] 330f30fd-dcfd-4fd8-b210-80e49d9b9d4e: 32 groups; 0.7 s; peak memory 378 MiB.
2026-10-04T07:09:35Z INFO [128/900] 33112970-ee64-4639-942b-7f03c26e45ef: 256 groups; 0.7 s; peak memory 378 MiB.
2026-10-04T07:09:39Z INFO [129/900] 3311828a-9331-4bba-be0b-76b6eef6eb95: 53 groups; 3.2 s; peak memory 378 MiB.
2026-10-04T07:09:39Z INFO [130/900] 331340d0-abad-4879-a7b7-b95d089fffac: 22 groups; 0.5 s; peak memory 378 MiB.
2026-10-04T07:12:34Z INFO [131/900] 3313519c-785a-433c-be2e-333196750323: 61 groups; 174.6 s; peak memory 430 MiB.
2026-10-04T07:12:35Z INFO [132/900] 3314c581-991e-4868-93c2-28c9f7db1f79: 48 groups; 1.3 s; peak memory 430 MiB.
2026-10-04T07:12:39Z INFO [133/900] 331562d2-fb99-425d-a8e0-1ff35624165e: 73 groups; 3.7 s; peak memory 430 MiB.
2026-10-04T07:12:39Z INFO [134/900] 3315ba2e-57ad-44f5-8032-f0ecfd71e2b3: 22 groups; 0.6 s; peak memory 430 MiB.
2026-10-04T07:12:40Z INFO [135/900] 3316053b-058a-4ca2-aa70-284f328bf2ed: 194 groups; 1.0 s; peak memory 430 MiB.
2026-10-04T07:12:41Z INFO [136/900] 331673ec-9b89-4186-977c-cb5b4306bbdc: 30 groups; 0.4 s; peak memory 430 MiB.
2026-10-04T07:12:42Z INFO [137/900] 3317549f-762c-4891-bca7-0bc3827bdc8a: 48 groups; 1.4 s; peak memory 430 MiB.
2026-10-04T07:12:43Z INFO [138/900] 3317d46a-253a-4ace-b687-1542cc578b5f: 22 groups; 0.6 s; peak memory 430 MiB.
2026-10-04T07:12:43Z INFO [139/900] 3317fd36-ba61-4d44-9abf-1f50aed49c05: 22 groups; 0.5 s; peak memory 430 MiB.
2026-10-04T07:12:44Z INFO [140/900] 3317fd82-e7f3-4cdf-9ba0-5e1e0168c1be: 32 groups; 0.7 s; peak memory 430 MiB.
2026-10-04T07:12:44Z INFO [141/900] 33187b55-93e7-4561-a179-5fe0fc0aeee8: 22 groups; 0.5 s; peak memory 430 MiB.
2026-10-04T07:12:45Z INFO [142/900] 33189243-498b-447b-bc40-2aeb7c7a113f: 30 groups; 0.4 s; peak memory 430 MiB.
2026-10-04T07:12:50Z INFO [143/900] 33190e4d-190e-4ed8-9bdd-195c9dbf9094: 54 groups; 5.6 s; peak memory 430 MiB.
2026-10-04T07:12:52Z INFO [144/900] 331a3ab3-adf6-4274-a83a-0aef1c32e4e3: 50 groups; 1.7 s; peak memory 430 MiB.
2026-10-04T07:12:52Z INFO [145/900] 331a7b40-870e-4ea9-8c46-c61e46283329: 21 groups; 0.5 s; peak memory 430 MiB.
2026-10-04T07:12:58Z INFO [146/900] 331b380e-18f6-44a2-afbd-b6fd3f0f0e3f: 223 groups; 5.4 s; peak memory 430 MiB.
2026-10-04T07:12:59Z INFO [147/900] 331b937f-1c4d-4d63-8580-8e4b3ccfa8e5: 22 groups; 0.7 s; peak memory 430 MiB.
2026-10-04T07:12:59Z INFO [148/900] 331c34b5-6978-42ed-8950-e873582472f9: 28 groups; 0.5 s; peak memory 430 MiB.
2026-10-04T07:13:00Z INFO [149/900] 331c58d5-43e3-46d7-823d-9a52edb760ed: 22 groups; 0.6 s; peak memory 430 MiB.
2026-10-04T07:13:00Z INFO [150/900] 331c67c3-f5f6-4270-b556-8634c719609b: 32 groups; 0.6 s; peak memory 430 MiB.
2026-10-04T07:13:00Z INFO [150/900] 331c67c3-f5f6-4270-b556-8634c719609b: checkpointed 71686 records.
2026-10-04T07:13:01Z INFO [151/900] 331d2d62-76a9-4a7b-8e6c-3323e4de002b: 49 groups; 0.9 s; peak memory 430 MiB.
2026-10-04T07:13:02Z INFO [152/900] 331dde0d-30d4-4998-81e9-f7c66e578ac0: 28 groups; 0.6 s; peak memory 430 MiB.
2026-10-04T07:13:03Z INFO [153/900] 331e1d7f-a082-405e-9eeb-78f109d53563: 17 groups; 1.2 s; peak memory 430 MiB.
2026-10-04T07:13:04Z INFO [154/900] 331e3c07-a081-4b05-b556-cba188fd9f76: 33 groups; 0.6 s; peak memory 430 MiB.
2026-10-04T07:13:06Z INFO [155/900] 331e5560-cb8f-44f5-8776-be06ab623ae9: 130 groups; 2.1 s; peak memory 430 MiB.
2026-10-04T07:13:06Z INFO [156/900] 331e6761-60f7-4149-8989-b2a3bf8d54b8: 32 groups; 0.6 s; peak memory 430 MiB.
2026-10-04T07:13:07Z INFO [157/900] 331ee432-922b-40ad-961c-e17b762fe2a6: 17 groups; 0.5 s; peak memory 430 MiB.
2026-10-04T07:13:07Z INFO [158/900] 331f49a3-d212-4ef4-bb1f-b0937ff34d1a: 30 groups; 0.6 s; peak memory 430 MiB.
2026-10-04T07:13:08Z INFO [159/900] 331fc2ae-acce-4b60-8d44-bfeb19c5cfc5: 32 groups; 0.6 s; peak memory 430 MiB.
2026-10-04T07:13:08Z INFO [160/900] 332030b6-708b-4ed8-9c56-00661faa616a: 31 groups; 0.4 s; peak memory 430 MiB.
2026-10-04T07:13:09Z INFO [161/900] 3320b1a0-4d3b-4433-bd1e-db5f2662404c: 22 groups; 0.5 s; peak memory 430 MiB.
2026-10-04T07:13:10Z INFO [162/900] 3321b604-9f97-4718-a803-1c84dcdc224b: 22 groups; 0.7 s; peak memory 430 MiB.
2026-10-04T07:13:10Z INFO [163/900] 3321e268-d53b-4492-b3ae-a08579822e26: 207 groups; 0.8 s; peak memory 430 MiB.
2026-10-04T07:13:14Z INFO [164/900] 3322feb9-15b0-4626-a15c-8168c3750a08: 177 groups; 3.4 s; peak memory 430 MiB.
2026-10-04T07:13:14Z INFO [165/900] 33238fc8-a7ba-44dc-8e4b-f450fecdb3e0: 22 groups; 0.5 s; peak memory 430 MiB.
2026-10-04T07:13:15Z INFO [166/900] 33242a5b-5c95-451d-a9a7-3a860f3f70e1: 32 groups; 0.7 s; peak memory 430 MiB.
2026-10-04T07:13:16Z INFO [167/900] 332446cd-655a-4099-9f57-c51541f4e793: 20 groups; 0.5 s; peak memory 430 MiB.
2026-10-04T07:13:17Z INFO [168/900] 3324fe08-e794-4865-a106-55e97631bb3e: 202 groups; 1.2 s; peak memory 430 MiB.
2026-10-04T07:13:18Z INFO [169/900] 33255cdd-79e5-4efe-b6b5-3b6dc1b23451: 35 groups; 0.9 s; peak memory 430 MiB.
2026-10-04T07:13:18Z INFO [170/900] 332578b7-bbaf-474b-b4ef-68551738e6e1: 20 groups; 0.5 s; peak memory 430 MiB.
2026-10-04T07:13:19Z INFO [171/900] 3325d721-3faa-488e-bf04-9a262746de9d: 35 groups; 0.9 s; peak memory 430 MiB.
2026-10-04T07:13:20Z INFO [172/900] 33261757-1307-462a-8881-8689d758505d: 37 groups; 0.8 s; peak memory 430 MiB.
2026-10-04T07:13:20Z INFO [173/900] 33266a58-4c97-46be-abee-f0d5af54f6e4: 22 groups; 0.6 s; peak memory 430 MiB.
2026-10-04T07:13:21Z INFO [174/900] 33267662-10e8-49e6-8377-6b916a8072b3: 22 groups; 0.6 s; peak memory 430 MiB.
2026-10-04T07:13:21Z INFO [175/900] 3327b8fa-af3e-425d-86f0-88246c6d644b: 22 groups; 0.5 s; peak memory 430 MiB.
2026-10-04T07:13:22Z INFO [176/900] 3328cf85-f42e-4038-a61d-5aeadc8b5dd4: 67 groups; 0.7 s; peak memory 430 MiB.
2026-10-04T07:13:27Z INFO [177/900] 332ad206-e09c-47f5-b082-5b78e89501f4: 215 groups; 5.0 s; peak memory 430 MiB.
2026-10-04T07:13:34Z INFO [178/900] 332b2a15-7503-4f1a-b515-0b610132cc95: 207 groups; 6.6 s; peak memory 430 MiB.
2026-10-04T07:13:34Z INFO [179/900] 332bcc1b-50af-4eb9-b6b6-5e0f6a293daf: 29 groups; 0.7 s; peak memory 430 MiB.
2026-10-04T07:13:35Z INFO [180/900] 332c2e1a-1ea1-46fc-9b6c-ac5e707ec294: 22 groups; 0.6 s; peak memory 430 MiB.
2026-10-04T07:13:37Z INFO [181/900] 332c8e36-5e70-4bae-a8f6-f5e81b223d01: 50 groups; 1.7 s; peak memory 430 MiB.
2026-10-04T07:13:38Z INFO [182/900] 332d4292-689d-492f-825a-6371e60d299d: 33 groups; 0.9 s; peak memory 430 MiB.
2026-10-04T07:13:38Z INFO [183/900] 332d7908-64ba-44c1-a43a-8e9e4dba95a1: 35 groups; 0.7 s; peak memory 430 MiB.
2026-10-04T07:13:45Z INFO [184/900] 332d8451-c19e-4a08-b083-d697874515c2: 310 groups; 6.8 s; peak memory 430 MiB.
2026-10-04T07:13:46Z INFO [185/900] 332f04d2-2b0d-4bc0-a384-efd753fd9759: 32 groups; 0.7 s; peak memory 430 MiB.
2026-10-04T07:13:47Z INFO [186/900] 332f1f9a-5a35-4910-8fd7-d0d281f56cc4: 29 groups; 0.8 s; peak memory 430 MiB.
2026-10-04T07:13:48Z INFO [187/900] 332fefec-d795-4f68-a1a6-1cb84d2fd914: 35 groups; 0.9 s; peak memory 430 MiB.
2026-10-04T07:13:49Z INFO [188/900] 33309838-6153-4638-ae72-d3ad495f9a33: 48 groups; 1.3 s; peak memory 430 MiB.
2026-10-04T07:13:50Z INFO [189/900] 3330b4ec-e950-473e-918a-0cc9f0684190: 36 groups; 0.8 s; peak memory 430 MiB.
2026-10-04T07:13:50Z INFO [190/900] 3330fa45-cfae-4dbe-8355-01fa807cc0e9: 31 groups; 0.4 s; peak memory 430 MiB.
2026-10-04T07:13:51Z INFO [191/900] 33311d34-cb14-4676-8df4-0bef31972313: 336 groups; 1.0 s; peak memory 430 MiB.
2026-10-04T07:13:52Z INFO [192/900] 333159f2-0130-40e9-9919-ef8e8ad925d3: 31 groups; 0.4 s; peak memory 430 MiB.
2026-10-04T07:13:55Z INFO [193/900] 3331fa73-2740-45d7-822f-094e03f702c5: 159 groups; 3.8 s; peak memory 430 MiB.
2026-10-04T07:13:57Z INFO [194/900] 33325004-9718-4f08-8a71-2ecc9512276c: 35 groups; 1.1 s; peak memory 430 MiB.
2026-10-04T07:13:57Z INFO [195/900] 3332c36d-338a-4676-9700-8d72e443a242: 33 groups; 0.8 s; peak memory 430 MiB.
2026-10-04T07:13:58Z INFO [196/900] 3332d0c6-f92c-457d-a7b0-12d7fb209269: 22 groups; 0.7 s; peak memory 430 MiB.
2026-10-04T07:13:59Z INFO [197/900] 3333138c-e795-46e2-920f-dcd398b545ce: 37 groups; 1.4 s; peak memory 430 MiB.
2026-10-04T07:14:00Z INFO [198/900] 3334deb1-311a-44a9-a067-a435d29758c1: 22 groups; 0.5 s; peak memory 430 MiB.
2026-10-04T07:14:00Z INFO [199/900] 333599ee-67cf-4daa-961a-8aa4c40c4d79: 22 groups; 0.6 s; peak memory 430 MiB.
2026-10-04T07:14:01Z INFO [200/900] 3335dc3b-cb6b-4173-945d-17a6d23fa6a3: 25 groups; 0.6 s; peak memory 430 MiB.
2026-10-04T07:14:01Z INFO [200/900] 3335dc3b-cb6b-4173-945d-17a6d23fa6a3: checkpointed 71736 records.
2026-10-04T07:14:02Z INFO [201/900] 3336391e-a21b-4f68-b87e-dcd2dce0c0fa: 22 groups; 0.6 s; peak memory 430 MiB.
2026-10-04T07:14:02Z INFO [202/900] 333644e9-f9fe-4ad3-b5fc-70a4e6d5180a: 22 groups; 0.5 s; peak memory 430 MiB.
2026-10-04T07:14:03Z INFO [203/900] 33370a8f-c7e6-4a2e-b495-efb378a0f8ba: 83 groups; 0.8 s; peak memory 430 MiB.
2026-10-04T07:14:13Z INFO [204/900] 33372a08-1052-485e-b4e4-100990a2d673: 17 groups; 10.1 s; peak memory 430 MiB.
2026-10-04T07:14:18Z INFO [205/900] 33384923-db51-4e2e-88b4-f3263a1fbc8b: 269 groups; 5.0 s; peak memory 430 MiB.
2026-10-04T07:14:19Z INFO [206/900] 33389654-6f39-441f-8129-7c3008348ec0: 341 groups; 1.0 s; peak memory 430 MiB.
2026-10-04T07:14:20Z INFO [207/900] 33392cc1-fe11-4839-9742-92cb9baae2fa: 24 groups; 0.5 s; peak memory 430 MiB.
2026-10-04T07:14:20Z INFO [208/900] 3339cea3-4d33-4846-948c-da666193e5fd: 67 groups; 0.9 s; peak memory 430 MiB.
2026-10-04T07:14:21Z INFO [209/900] 333a091c-6c70-4914-b333-c5a1b3d59d15: 17 groups; 0.4 s; peak memory 430 MiB.
2026-10-04T07:14:22Z INFO [210/900] 333a25ae-fc4b-45eb-b5e2-d9eab84fdbdd: 29 groups; 0.7 s; peak memory 430 MiB.
2026-10-04T07:14:52Z INFO [211/900] 333b1151-406a-4874-93d8-20aa884348e9: 1910 groups; 30.9 s; peak memory 430 MiB.
2026-10-04T07:15:01Z INFO [212/900] 333c8d75-d142-4fc3-8e18-5a1883392792: 229 groups; 9.0 s; peak memory 430 MiB.
2026-10-04T07:15:02Z INFO [213/900] 333de735-171f-4f1e-bf75-6654544cc07f: 26 groups; 0.7 s; peak memory 430 MiB.
2026-10-04T07:15:03Z INFO [214/900] 333e1202-23e3-42dd-b15d-79b4f3c9b32a: 22 groups; 0.7 s; peak memory 430 MiB.
2026-10-04T07:15:04Z INFO [215/900] 33400f6b-de1c-4429-b0ba-bbdbd482eae7: 33 groups; 0.8 s; peak memory 430 MiB.
2026-10-04T07:15:05Z INFO [216/900] 33402f00-9261-416a-ac15-78ccac21b7c6: 336 groups; 0.9 s; peak memory 430 MiB.
2026-10-04T07:15:05Z INFO [217/900] 33415b98-a25a-4c2c-8978-bdfcce083668: 32 groups; 0.7 s; peak memory 430 MiB.
2026-10-04T07:15:06Z INFO [218/900] 3341d2f2-ab68-45de-9661-ea526f930260: 29 groups; 0.6 s; peak memory 430 MiB.
2026-10-04T07:15:06Z INFO [219/900] 3341df9c-8288-4d79-b907-d1dc30980432: 32 groups; 0.6 s; peak memory 430 MiB.
2026-10-04T07:15:07Z INFO [220/900] 3341e197-a70d-4835-a52f-6cf40f65227b: 22 groups; 0.5 s; peak memory 430 MiB.
2026-10-04T07:15:08Z INFO [221/900] 334245b9-78ce-49f1-aa10-5e80899f57ec: 202 groups; 0.8 s; peak memory 430 MiB.
2026-10-04T07:15:08Z INFO [222/900] 334332fc-a6cf-43ec-8cab-65dfda6e4fcb: 17 groups; 0.5 s; peak memory 430 MiB.
2026-10-04T07:15:09Z INFO [223/900] 3343b13d-5dc5-42d3-a6d3-13a534e4ec5d: 252 groups; 0.6 s; peak memory 430 MiB.
2026-10-04T07:15:09Z INFO [224/900] 33447eae-05d3-4dd7-bb6d-52a7356c8cd2: 28 groups; 0.5 s; peak memory 430 MiB.
2026-10-04T07:15:10Z INFO [225/900] 33448f1c-0c86-4649-b956-ca129c5f1e91: 27 groups; 1.0 s; peak memory 430 MiB.
2026-10-04T07:15:14Z INFO [226/900] 33460937-5c10-4b5c-96dd-6865333c9b5f: 34 groups; 3.7 s; peak memory 430 MiB.
2026-10-04T07:15:15Z INFO [227/900] 33467c5c-ad5c-4845-8039-51ccf2c9a3eb: 22 groups; 0.6 s; peak memory 430 MiB.
2026-10-04T07:15:16Z INFO [228/900] 3346b22b-6fd2-469d-be79-25d87a33ea4b: 203 groups; 0.8 s; peak memory 430 MiB.
2026-10-04T07:15:16Z INFO [229/900] 33473046-054b-4658-bb6d-5be52bcc4b53: 16 groups; 0.3 s; peak memory 430 MiB.
2026-10-04T07:15:20Z INFO [230/900] 334752d7-ef55-4d76-b6aa-ca7ef72eb0da: 66 groups; 3.9 s; peak memory 430 MiB.
2026-10-04T07:15:20Z INFO [231/900] 3347ec1d-00a0-4566-aa3a-e67b603716e2: 35 groups; 0.6 s; peak memory 430 MiB.
2026-10-04T07:15:21Z INFO [232/900] 33495ceb-1a49-4446-bb4a-87e09aeb5fc5: 22 groups; 0.5 s; peak memory 430 MiB.
2026-10-04T07:15:22Z INFO [233/900] 3349bdcc-1829-4e5e-acc6-5742d3a5ee5c: 22 groups; 0.7 s; peak memory 430 MiB.
2026-10-04T07:15:25Z INFO [234/900] 3349bfed-8aa5-44fb-bc35-b9a32c94e38a: 131 groups; 3.0 s; peak memory 430 MiB.
2026-10-04T07:15:26Z INFO [235/900] 334a6a00-6a00-4e09-8eb2-4ba57b194076: 66 groups; 0.9 s; peak memory 430 MiB.
2026-10-04T07:15:28Z INFO [236/900] 334a805e-815b-4ddf-80cd-f51d02b8aff1: 70 groups; 2.3 s; peak memory 430 MiB.
2026-10-04T07:15:29Z INFO [237/900] 334ab35d-33d1-4f0b-a6a7-06652922d9be: 32 groups; 0.6 s; peak memory 430 MiB.
2026-10-04T07:15:29Z INFO [238/900] 334b3c99-5197-44c9-9315-3e25394f1a8b: 25 groups; 0.6 s; peak memory 430 MiB.
2026-10-04T07:15:30Z INFO [239/900] 334b72b4-0cff-43a5-8a6f-abe955f581ad: 22 groups; 0.7 s; peak memory 430 MiB.
2026-10-04T07:15:30Z INFO [240/900] 334c3df9-ae39-47b7-8073-ef79acd87c6e: 16 groups; 0.4 s; peak memory 430 MiB.
2026-10-04T07:15:31Z INFO [241/900] 334c4495-ecef-4b7e-ae84-90b54d73c72a: 32 groups; 0.6 s; peak memory 430 MiB.
2026-10-04T07:15:31Z INFO [242/900] 334c7641-bba0-4b0b-94a1-d19525167786: 31 groups; 0.4 s; peak memory 430 MiB.
2026-10-04T07:15:32Z INFO [243/900] 334d69be-4b50-4593-b194-411083a1af45: 22 groups; 0.6 s; peak memory 430 MiB.
2026-10-04T07:15:32Z INFO [244/900] 334de31e-1f89-42fa-b616-3872b7eb0de3: 22 groups; 0.6 s; peak memory 430 MiB.
2026-10-04T07:15:36Z INFO [245/900] 334e8e30-8066-43e0-a47f-71526ecd88b5: 90 groups; 3.1 s; peak memory 430 MiB.
2026-10-04T07:15:38Z INFO [246/900] 334eabf7-a945-48cf-a6e5-0aa8da17c7ec: 132 groups; 2.9 s; peak memory 430 MiB.
2026-10-04T07:27:21Z INFO [247/900] 334fb5be-7ef2-454f-850d-01693a901e16: 263 groups; 702.9 s; peak memory 1180 MiB.
2026-10-04T07:27:22Z INFO [248/900] 33514d02-46bc-43f1-84a1-1e532d5eb0d5: 30 groups; 0.5 s; peak memory 1180 MiB.
2026-10-04T07:27:28Z INFO [249/900] 33523d7f-f0cc-4509-b43e-e11e381e13f8: 175 groups; 5.9 s; peak memory 1180 MiB.
2026-10-04T07:27:28Z INFO [250/900] 335240e8-43dd-4e79-868a-c7862f067a62: 32 groups; 0.6 s; peak memory 1180 MiB.
2026-10-04T07:27:28Z INFO [250/900] 335240e8-43dd-4e79-868a-c7862f067a62: checkpointed 71786 records.
2026-10-04T07:28:18Z INFO [251/900] 33524400-e70e-4f8d-9129-194814a090e5: 2940 groups; 49.5 s; peak memory 1180 MiB.
2026-10-04T07:28:19Z INFO [252/900] 33540595-f626-40fc-83b2-8f9e0d501ada: 32 groups; 0.9 s; peak memory 1180 MiB.
2026-10-04T07:28:41Z INFO [253/900] 335a2a58-2b41-4aad-9db4-68284768041a: 17 groups; 22.6 s; peak memory 1180 MiB.
2026-10-04T07:28:42Z INFO [254/900] 335a5ca7-e8ed-44a7-bb47-159dd62ad5de: 35 groups; 0.8 s; peak memory 1180 MiB.
2026-10-04T07:28:43Z INFO [255/900] 335b20df-b710-4982-8e4b-4d8bdc5ce510: 42 groups; 0.7 s; peak memory 1180 MiB.
2026-10-04T07:28:44Z INFO [256/900] 335b5b11-f6c8-4ed5-9348-fde7f300c0a5: 27 groups; 1.5 s; peak memory 1180 MiB.
2026-10-04T07:28:45Z INFO [257/900] 335bc5b8-2255-4752-a8e9-3f762bbbbc76: 22 groups; 0.7 s; peak memory 1180 MiB.
2026-10-04T07:28:47Z INFO [258/900] 335c41f5-1b8d-4192-9020-ac0e8138ac43: 71 groups; 1.3 s; peak memory 1180 MiB.
2026-10-04T07:28:48Z INFO [259/900] 335c740a-9ea4-4737-b1fb-ab9951926160: 44 groups; 1.5 s; peak memory 1180 MiB.
2026-10-04T07:28:49Z INFO [260/900] 335c822c-e46d-4589-8ce7-3b6ad77f75b7: 22 groups; 0.6 s; peak memory 1180 MiB.
2026-10-04T07:28:51Z INFO [261/900] 335d48b8-b2df-4ff5-a71f-79243a831d34: 121 groups; 2.7 s; peak memory 1180 MiB.
2026-10-04T07:28:52Z INFO [262/900] 335dabae-76fb-428f-a608-7036fe16423a: 22 groups; 0.4 s; peak memory 1180 MiB.
2026-10-04T07:28:55Z INFO [263/900] 335db8cb-1348-4ad6-8869-35909dac0473: 49 groups; 2.8 s; peak memory 1180 MiB.
2026-10-04T07:28:55Z INFO [264/900] 335e5c40-71fc-4c23-abfe-81e06ca30cd4: 22 groups; 0.6 s; peak memory 1180 MiB.
2026-10-04T07:28:56Z INFO [265/900] 335e8b4a-3c66-43ba-a9c0-bc3996ca7322: 71 groups; 1.2 s; peak memory 1180 MiB.
2026-10-04T07:28:57Z INFO [266/900] 335ec4a6-518f-4747-b6da-da91003a464e: 21 groups; 0.6 s; peak memory 1180 MiB.
2026-10-04T07:28:58Z INFO [267/900] 335f491a-8237-40b9-bda2-062bd52912ff: 32 groups; 0.6 s; peak memory 1180 MiB.
2026-10-04T07:28:58Z INFO [268/900] 335f5a81-004f-46ce-a0d9-541dd9e4a51a: 253 groups; 0.5 s; peak memory 1180 MiB.
2026-10-04T07:28:59Z INFO [269/900] 335f64d8-0fdd-48bc-9226-b71c747e310c: 22 groups; 0.6 s; peak memory 1180 MiB.
2026-10-04T07:28:59Z INFO [270/900] 335f8b92-9f74-425a-a3df-5e8874b25cd9: 32 groups; 0.6 s; peak memory 1180 MiB.
2026-10-04T07:29:00Z INFO [271/900] 335fb365-58e8-40ac-893f-c64900e8aca4: 201 groups; 0.7 s; peak memory 1180 MiB.
2026-10-04T07:29:01Z INFO [272/900] 33602599-78e5-405d-8e6e-af0222a89f10: 33 groups; 0.6 s; peak memory 1180 MiB.
2026-10-04T07:29:01Z INFO [273/900] 336085d8-c5a5-48b1-994c-90081904d17d: 32 groups; 0.6 s; peak memory 1180 MiB.
2026-10-04T07:29:05Z INFO [274/900] 3360a655-3abf-4ab7-bd74-a196949cdc18: 64 groups; 3.9 s; peak memory 1180 MiB.
2026-10-04T07:29:06Z INFO [275/900] 336100c1-d654-4a63-ad75-78080be72bb4: 200 groups; 0.9 s; peak memory 1180 MiB.
2026-10-04T07:29:06Z INFO [276/900] 336183a3-32b0-4fad-a6d5-79ef82d26082: 30 groups; 0.4 s; peak memory 1180 MiB.
2026-10-04T07:29:07Z INFO [277/900] 33629b01-ce7b-494b-baeb-44d462bfd3d2: 41 groups; 0.6 s; peak memory 1180 MiB.
2026-10-04T07:29:07Z INFO [278/900] 3363830c-c7f1-40ee-ba6b-e432498e8e31: 254 groups; 0.5 s; peak memory 1180 MiB.
2026-10-04T07:29:21Z INFO [279/900] 33639604-388d-40dd-9d89-4baefdce5df3: 287 groups; 13.6 s; peak memory 1180 MiB.
2026-10-04T07:29:22Z INFO [280/900] 33642823-6aa2-4814-8e40-a0684e598d08: 103 groups; 0.8 s; peak memory 1180 MiB.
2026-10-04T07:29:22Z INFO [281/900] 336469ad-d27d-498f-bc7b-71038b65d702: 22 groups; 0.6 s; peak memory 1180 MiB.
2026-10-04T07:29:23Z INFO [282/900] 33659f78-9c12-4cdd-8d12-0031e8bfe7df: 22 groups; 0.5 s; peak memory 1180 MiB.
2026-10-04T07:29:23Z INFO [283/900] 3365b432-3522-4007-a88a-2aece69ca043: 26 groups; 0.5 s; peak memory 1180 MiB.
2026-10-04T07:29:26Z INFO [284/900] 3365e00b-4709-49c6-8d1d-700d52eb36cf: 22 groups; 3.0 s; peak memory 1180 MiB.
2026-10-04T07:29:28Z INFO [285/900] 33661426-47f8-469a-80e1-04168b3abef8: 49 groups; 1.1 s; peak memory 1180 MiB.
2026-10-04T07:29:32Z INFO [286/900] 3366e4d7-0799-4ade-9b2d-182c3dcec057: 191 groups; 4.0 s; peak memory 1180 MiB.
2026-10-04T07:29:32Z INFO [287/900] 3366f77b-29ea-4d65-b7e2-f25303a10a5c: 35 groups; 0.7 s; peak memory 1180 MiB.
2026-10-04T07:29:33Z INFO [288/900] 3367ddf4-2268-4c2c-8412-8f91ac71f882: 256 groups; 0.9 s; peak memory 1180 MiB.
2026-10-04T07:29:34Z INFO [289/900] 3368033b-2c0b-43ca-9220-e4826b1b3d0f: 22 groups; 0.5 s; peak memory 1180 MiB.
2026-10-04T07:29:37Z INFO [290/900] 3369ae32-92a2-425d-b209-40d47ce9d43b: 173 groups; 3.7 s; peak memory 1180 MiB.
2026-10-04T07:29:39Z INFO [291/900] 3369d7a5-6f3f-4fb6-ba71-fe000ccb0396: 37 groups; 1.2 s; peak memory 1180 MiB.
2026-10-04T07:29:40Z INFO [292/900] 336a0994-db00-4ec8-8d6a-e10426958283: 48 groups; 1.4 s; peak memory 1180 MiB.
2026-10-04T07:29:40Z INFO [293/900] 336a1996-b01f-4aed-93de-0a25ae3bec61: 32 groups; 0.5 s; peak memory 1180 MiB.
2026-10-04T07:29:41Z INFO [294/900] 336a2b40-ba1f-4c68-8ea8-1761cfa9c911: 252 groups; 0.6 s; peak memory 1180 MiB.
2026-10-04T07:29:42Z INFO [295/900] 336c21dd-4423-45aa-811f-bf7eee147b2b: 35 groups; 0.7 s; peak memory 1180 MiB.
2026-10-04T07:29:42Z INFO [296/900] 336c52ea-5f70-4900-ac62-17c1651c6086: 22 groups; 0.6 s; peak memory 1180 MiB.
2026-10-04T07:32:57Z INFO [297/900] 336c533f-4769-4bcc-8974-e2d3891efbd8: 73 groups; 195.2 s; peak memory 1180 MiB.
2026-10-04T07:33:05Z INFO [298/900] 336c86d0-c0d8-470d-8f63-c7c69dd71319: 22 groups; 7.2 s; peak memory 1180 MiB.
2026-10-04T07:33:09Z INFO [299/900] 336d55a6-e873-4e49-ad4f-cac435813e1f: 188 groups; 4.5 s; peak memory 1180 MiB.
2026-10-04T07:33:10Z INFO [300/900] 336d68ac-331c-43ae-aec3-836ffe7f917a: 30 groups; 0.5 s; peak memory 1180 MiB.
2026-10-04T07:33:10Z INFO [300/900] 336d68ac-331c-43ae-aec3-836ffe7f917a: checkpointed 71836 records.
2026-10-04T07:33:10Z INFO [301/900] 336de3de-f164-4db3-a3d6-51816d87edfb: 258 groups; 0.7 s; peak memory 1180 MiB.
2026-10-04T07:33:12Z INFO [302/900] 336fb63c-b740-48a4-a96f-a67acb3bcf13: 48 groups; 1.1 s; peak memory 1180 MiB.
2026-10-04T07:33:12Z INFO [303/900] 33700d47-82a1-4ec0-ade7-601b7490ab9a: 16 groups; 0.3 s; peak memory 1180 MiB.
2026-10-04T07:33:12Z INFO [304/900] 33718647-3979-48dd-bd4e-e324faec3d28: 30 groups; 0.5 s; peak memory 1180 MiB.
2026-10-04T07:33:13Z INFO [305/900] 3371fdfc-a196-43e4-92eb-4db041382fa7: 32 groups; 0.6 s; peak memory 1180 MiB.
2026-10-04T07:33:13Z INFO [306/900] 3372b357-5b5b-41de-8bbd-d3b796d0eaf6: 16 groups; 0.4 s; peak memory 1180 MiB.
2026-10-04T07:33:14Z INFO [307/900] 3374399c-8129-405a-af5e-0feb9f9f5033: 32 groups; 0.6 s; peak memory 1180 MiB.
2026-10-04T07:33:15Z INFO [308/900] 33743f75-c140-4e9d-8553-382e820843d1: 573 groups; 1.0 s; peak memory 1180 MiB.
2026-10-04T07:33:16Z INFO [309/900] 33744b02-5503-4e7d-8c44-971e305e3b22: 29 groups; 0.9 s; peak memory 1180 MiB.
2026-10-04T07:33:17Z INFO [310/900] 3374746e-a775-4eec-8703-d01169eab8c3: 202 groups; 0.9 s; peak memory 1180 MiB.
2026-10-04T07:33:38Z INFO [311/900] 3374cef1-cd8b-4b54-a0a5-00c880c1c7a3: 23 groups; 21.0 s; peak memory 1180 MiB.
2026-10-04T07:33:39Z INFO [312/900] 3374e287-cec0-4cc9-b6eb-f3596206ec57: 32 groups; 0.6 s; peak memory 1180 MiB.
2026-10-04T07:33:39Z INFO [313/900] 3375aad3-44c4-4e4d-a3a6-4143954d4cf6: 22 groups; 0.6 s; peak memory 1180 MiB.
2026-10-04T07:33:40Z INFO [314/900] 337701b5-afaa-4e9c-b394-6e7e2fb9df7d: 35 groups; 0.9 s; peak memory 1180 MiB.
2026-10-04T07:33:41Z INFO [315/900] 337729e2-a7e2-43c4-b49f-eae98b6c5fd0: 35 groups; 0.8 s; peak memory 1180 MiB.
2026-10-04T07:33:43Z INFO [316/900] 33783854-9dee-4646-a941-aaf3bc8def26: 56 groups; 1.9 s; peak memory 1180 MiB.
2026-10-04T07:33:45Z INFO [317/900] 3378c97b-e00e-4fe2-ac9f-063a28e74e43: 17 groups; 2.6 s; peak memory 1180 MiB.
2026-10-04T07:33:48Z INFO [318/900] 33793dcc-36ee-438d-88cc-f61ba9b7d22d: 78 groups; 2.5 s; peak memory 1180 MiB.
2026-10-04T07:33:50Z INFO [319/900] 33793ed4-e78f-432b-9cc7-ec59624195b7: 36 groups; 2.3 s; peak memory 1180 MiB.
2026-10-04T07:33:51Z INFO [320/900] 3379f0d8-283d-4452-9f9d-9e588c7b19da: 202 groups; 0.7 s; peak memory 1180 MiB.
2026-10-04T07:33:51Z INFO [321/900] 337a22be-d5bc-46e4-a392-af7894ea4d7e: 22 groups; 0.6 s; peak memory 1180 MiB.
2026-10-04T07:33:52Z INFO [322/900] 337a49ec-160d-4fa1-bb5c-76c9f71175bd: 29 groups; 0.8 s; peak memory 1180 MiB.
2026-10-04T07:33:53Z INFO [323/900] 337ab704-21f5-46d6-bf6c-2befd65e4c84: 22 groups; 0.6 s; peak memory 1180 MiB.
2026-10-04T07:33:55Z INFO [324/900] 337acec5-312b-4dc3-bf8c-c53ef718f8ed: 62 groups; 2.0 s; peak memory 1180 MiB.
2026-10-04T07:33:57Z INFO [325/900] 337ad73e-5f7e-444d-8293-8398b871a7a0: 129 groups; 2.6 s; peak memory 1180 MiB.
2026-10-04T07:33:58Z INFO [326/900] 337b5276-cd27-4c41-b920-e2d6b10934ba: 22 groups; 0.4 s; peak memory 1180 MiB.
2026-10-04T07:33:58Z INFO [327/900] 337b9567-71a6-407d-9d14-28e39d0696cc: 22 groups; 0.4 s; peak memory 1180 MiB.
2026-10-04T07:33:59Z INFO [328/900] 337cfe8f-4013-47f3-a369-3d3823d08dab: 30 groups; 0.5 s; peak memory 1180 MiB.
2026-10-04T07:33:59Z INFO [329/900] 337d33c0-0c72-4925-bbaf-21e6f1288433: 31 groups; 0.8 s; peak memory 1180 MiB.
2026-10-04T07:34:01Z INFO [330/900] 337d84cc-ef7a-44cf-b545-070ff531fbef: 100 groups; 1.8 s; peak memory 1180 MiB.
2026-10-04T07:34:02Z INFO [331/900] 337e9aad-7983-488b-a7fb-59dca3f74715: 34 groups; 0.7 s; peak memory 1180 MiB.
2026-10-04T07:34:03Z INFO [332/900] 337f1885-2ec6-4483-b7a7-f5b00e8d61ba: 33 groups; 0.9 s; peak memory 1180 MiB.
2026-10-04T07:34:03Z INFO [333/900] 337f37db-c3bb-4fcb-ad89-11d574e60cc9: 103 groups; 0.6 s; peak memory 1180 MiB.
2026-10-04T07:34:04Z INFO [334/900] 337fee6f-a416-4bdc-ab91-883798debca0: 29 groups; 0.4 s; peak memory 1180 MiB.
2026-10-04T07:34:05Z INFO [335/900] 3380d8b3-6093-48c3-87ce-a2c84d8270af: 37 groups; 1.1 s; peak memory 1180 MiB.
2026-10-04T07:34:05Z INFO [336/900] 3382109c-af7a-4f04-9979-4bd574f0f51e: 255 groups; 0.6 s; peak memory 1180 MiB.
2026-10-04T07:34:06Z INFO [337/900] 3382cb26-7603-4a46-98ca-daa4edcbcbde: 22 groups; 0.6 s; peak memory 1180 MiB.
2026-10-04T07:34:08Z INFO [338/900] 3382ef0e-ea35-4e73-a7c9-5f6c958d6f97: 56 groups; 1.8 s; peak memory 1180 MiB.
2026-10-04T07:34:14Z INFO [339/900] 3383a57d-0310-4e2a-ad5f-72e76f06eb94: 140 groups; 5.9 s; peak memory 1180 MiB.
2026-10-04T07:34:14Z INFO [340/900] 3383edb3-dae0-426a-8769-cb71a2d7e515: 21 groups; 0.6 s; peak memory 1180 MiB.
2026-10-04T07:34:19Z INFO [341/900] 33860045-cf41-4ded-9627-e18ae9d3eeb1: 47 groups; 4.1 s; peak memory 1180 MiB.
2026-10-04T07:34:27Z INFO [342/900] 3387126d-862b-4df8-b86b-0850fef29d86: 89 groups; 8.4 s; peak memory 1180 MiB.
2026-10-04T07:34:28Z INFO [343/900] 3387d37a-b082-4452-90af-6d288b490578: 61 groups; 1.5 s; peak memory 1180 MiB.
2026-10-04T07:34:29Z INFO [344/900] 3387d9fe-ba77-4ec7-aeeb-1655e4a4bf0b: 21 groups; 0.6 s; peak memory 1180 MiB.
2026-10-04T07:34:32Z INFO [345/900] 33891c8c-c412-4f04-a09d-22b65f264af1: 73 groups; 3.3 s; peak memory 1180 MiB.
2026-10-04T07:34:33Z INFO [346/900] 3389c417-c42b-4b94-a2dd-92b810ce8206: 22 groups; 0.7 s; peak memory 1180 MiB.
2026-10-04T07:34:34Z INFO [347/900] 338a31d1-abe7-4a32-b841-b15676a30fb9: 22 groups; 0.7 s; peak memory 1180 MiB.
2026-10-04T07:34:36Z INFO [348/900] 338a84ef-43b1-43c5-a189-5f74bd6be6cd: 181 groups; 2.5 s; peak memory 1180 MiB.
2026-10-04T07:36:22Z INFO [349/900] 338ac46a-11ae-47c7-88d5-6dbf4c1711b5: 63 groups; 105.6 s; peak memory 1180 MiB.
2026-10-04T07:36:23Z INFO [350/900] 338bac3a-c6ba-496c-a3ef-8f29d9d5caae: 35 groups; 0.8 s; peak memory 1180 MiB.
2026-10-04T07:36:23Z INFO [350/900] 338bac3a-c6ba-496c-a3ef-8f29d9d5caae: checkpointed 71886 records.
2026-10-04T07:36:23Z INFO [351/900] 338bd8bf-2d28-4b2b-8e3c-435dd929433b: 22 groups; 0.5 s; peak memory 1180 MiB.
2026-10-04T07:36:24Z INFO [352/900] 338c4f6b-ba3e-4e39-8bd6-8c148135a083: 29 groups; 0.7 s; peak memory 1180 MiB.
2026-10-04T07:36:24Z INFO [353/900] 338c5d0f-8b8a-4adb-a23f-0fdd6c000ed3: 22 groups; 0.5 s; peak memory 1180 MiB.
2026-10-04T07:36:45Z INFO [354/900] 338c9acf-9652-42bb-98d5-4c711eee3238: 31 groups; 20.9 s; peak memory 1180 MiB.
2026-10-04T07:36:46Z INFO [355/900] 338d0e63-085d-4646-924c-077a140ad205: 18 groups; 0.5 s; peak memory 1180 MiB.
2026-10-04T07:36:47Z INFO [356/900] 338d15a6-41f7-421d-a53c-8acfc5fd116d: 337 groups; 0.9 s; peak memory 1180 MiB.
2026-10-04T07:36:48Z INFO [357/900] 338d1fd2-3e70-4f21-b6ff-67947a6524fa: 33 groups; 1.0 s; peak memory 1180 MiB.
2026-10-04T07:36:48Z INFO [358/900] 338dcd78-f16d-4d11-b41e-f43a8eb9eba4: 16 groups; 0.3 s; peak memory 1180 MiB.
2026-10-04T07:36:49Z INFO [359/900] 338e5d1e-3888-49c2-b769-a874cf33bc0a: 22 groups; 0.6 s; peak memory 1180 MiB.
2026-10-04T07:36:51Z INFO [360/900] 338f2020-79cb-439f-a5a2-d7e120f30fe5: 134 groups; 2.9 s; peak memory 1180 MiB.
2026-10-04T07:36:55Z INFO [361/900] 33906798-be05-4bb6-aa3b-be1bd934800c: 66 groups; 3.3 s; peak memory 1180 MiB.
2026-10-04T07:36:55Z INFO [362/900] 3390778c-740d-4f37-b935-dbe4f064e302: 32 groups; 0.6 s; peak memory 1180 MiB.
2026-10-04T07:36:59Z INFO [363/900] 3392556c-846d-42bc-ae35-15e5c3efd94c: 47 groups; 3.8 s; peak memory 1180 MiB.
2026-10-04T07:37:02Z INFO [364/900] 3393d611-260f-4953-9d13-4e0c8f9fecf6: 154 groups; 3.2 s; peak memory 1180 MiB.
2026-10-04T07:37:03Z INFO [365/900] 339453f8-d4b2-470e-a9d7-a2a8a6a673e6: 36 groups; 1.1 s; peak memory 1180 MiB.
2026-10-04T07:37:04Z INFO [366/900] 3394aab8-2b97-41a9-8d2f-de9b73071ca0: 25 groups; 0.6 s; peak memory 1180 MiB.
2026-10-04T07:37:05Z INFO [367/900] 3394d6e6-e3db-4024-a23a-494e568cb40f: 32 groups; 0.6 s; peak memory 1180 MiB.
2026-10-04T07:37:10Z INFO [368/900] 339525ce-cbd6-4fb1-9232-ce4cb63d1275: 56 groups; 5.3 s; peak memory 1180 MiB.
2026-10-04T07:37:10Z INFO [369/900] 339652e6-6868-4f54-bbe1-973cf658a4af: 31 groups; 0.4 s; peak memory 1180 MiB.
2026-10-04T07:37:11Z INFO [370/900] 33967e79-9f9d-4dc4-b3f2-6c5ad49607a0: 29 groups; 0.6 s; peak memory 1180 MiB.
2026-10-04T07:37:11Z INFO [371/900] 33973079-c318-44f7-a24d-befe6dd8b064: 193 groups; 0.6 s; peak memory 1180 MiB.
2026-10-04T07:37:12Z INFO [372/900] 33973b2b-fff6-4fff-b6ee-a8d9c68860d5: 33 groups; 1.0 s; peak memory 1180 MiB.
2026-10-04T07:37:19Z INFO [373/900] 33975be8-fd9a-44a2-b209-4cf350d7d9e0: 264 groups; 6.3 s; peak memory 1180 MiB.
2026-10-04T07:37:19Z INFO [374/900] 33987ba3-9778-4a7d-aba7-99c4519ca00b: 32 groups; 0.6 s; peak memory 1180 MiB.
2026-10-04T07:37:20Z INFO [375/900] 339972b6-1a77-4f9a-9af0-5f50d34c8b7c: 22 groups; 0.6 s; peak memory 1180 MiB.
2026-10-04T07:37:21Z INFO [376/900] 339b0c50-13f3-4ce5-a52a-003500043fab: 33 groups; 0.6 s; peak memory 1180 MiB.
2026-10-04T07:37:24Z INFO [377/900] 339b81af-4dfd-4239-8374-59d28ecff4e4: 78 groups; 3.1 s; peak memory 1180 MiB.
2026-10-04T07:37:24Z INFO [378/900] 339b921f-72c0-40da-a149-1ce980268211: 18 groups; 0.6 s; peak memory 1180 MiB.
2026-10-04T07:39:05Z INFO [379/900] 339d7246-a94c-4ee2-8c80-201842c79e03: 60 groups; 100.9 s; peak memory 1180 MiB.
2026-10-04T07:39:06Z INFO [380/900] 339d9f35-2fac-4051-a365-2b1109f097a4: 35 groups; 0.8 s; peak memory 1180 MiB.
2026-10-04T07:39:07Z INFO [381/900] 339dc6ba-5bfe-4f38-9085-a36acacbcdaa: 22 groups; 0.8 s; peak memory 1180 MiB.
2026-10-04T07:39:07Z INFO [382/900] 339e3551-3ad4-43f8-be73-1ef818eb4388: 32 groups; 0.6 s; peak memory 1180 MiB.
2026-10-04T07:39:08Z INFO [383/900] 339e75fc-41aa-40e8-a4e3-46a4d83cac12: 41 groups; 0.7 s; peak memory 1180 MiB.
2026-10-04T07:39:12Z INFO [384/900] 339f6ea0-1517-41f1-aa0a-62e1be1b6fa1: 47 groups; 3.6 s; peak memory 1180 MiB.
2026-10-04T07:39:12Z INFO [385/900] 339f8f89-8475-473d-9c03-1c55dd2bc5eb: 22 groups; 0.5 s; peak memory 1180 MiB.
2026-10-04T07:39:16Z INFO [386/900] 339fe698-5faf-4d76-9436-1688592fa817: 85 groups; 3.4 s; peak memory 1180 MiB.
2026-10-04T07:39:16Z INFO [387/900] 33a01d2d-f172-4ec0-a2a0-91bf5d6ddb0f: 32 groups; 0.6 s; peak memory 1180 MiB.
2026-10-04T07:39:17Z INFO [388/900] 33a12221-48ab-43a7-94a9-e77e77dbdd26: 22 groups; 0.5 s; peak memory 1180 MiB.
2026-10-04T07:39:22Z INFO [389/900] 33a148e3-3e8f-49b3-b5ea-cb5bc8b92cb3: 177 groups; 5.7 s; peak memory 1180 MiB.
2026-10-04T07:39:23Z INFO [390/900] 33a17034-2343-40dd-a01b-0ac35cfe4fdd: 32 groups; 0.6 s; peak memory 1180 MiB.
2026-10-04T07:39:23Z INFO [391/900] 33a20607-fce1-482d-ac6f-47a120d14b86: 16 groups; 0.4 s; peak memory 1180 MiB.
2026-10-04T07:45:27Z INFO [392/900] 33a3103c-383e-434b-9d57-50de6c9679ff: 46 groups; 364.1 s; peak memory 1257 MiB.
2026-10-04T07:45:28Z INFO [393/900] 33a43bf2-7435-4921-9f71-12caab76f596: 195 groups; 0.7 s; peak memory 1257 MiB.
2026-10-04T07:45:29Z INFO [394/900] 33a45fa6-5187-4000-af23-53e7c9c0e70a: 32 groups; 0.6 s; peak memory 1257 MiB.
2026-10-04T07:45:29Z INFO [395/900] 33a578b2-a7a5-4a5b-8179-2dfed3989db5: 22 groups; 0.6 s; peak memory 1257 MiB.
2026-10-04T07:45:30Z INFO [396/900] 33a5a463-c337-4768-9100-345759b9e05f: 71 groups; 1.3 s; peak memory 1257 MiB.
2026-10-04T07:45:32Z INFO [397/900] 33a5f3f8-e375-47e8-8dcc-5a662db3ecc4: 35 groups; 1.1 s; peak memory 1257 MiB.
2026-10-04T07:45:32Z INFO [398/900] 33a7a5e7-4c1e-48c1-8429-d4cae9a92234: 253 groups; 0.6 s; peak memory 1257 MiB.
2026-10-04T07:45:33Z INFO [399/900] 33a8f1e4-ce94-4150-9f94-87d0cce25d6e: 16 groups; 0.4 s; peak memory 1257 MiB.
2026-10-04T07:45:33Z INFO [400/900] 33a92a02-73e3-422c-9352-e6763ceb38cc: 16 groups; 0.4 s; peak memory 1257 MiB.
2026-10-04T07:45:33Z INFO [400/900] 33a92a02-73e3-422c-9352-e6763ceb38cc: checkpointed 71936 records.
2026-10-04T07:45:34Z INFO [401/900] 33a9cc80-e399-41cd-b082-444746069373: 25 groups; 0.8 s; peak memory 1257 MiB.
2026-10-04T07:45:35Z INFO [402/900] 33aa9e7c-9156-46c7-8d7c-86f4510ba469: 73 groups; 1.5 s; peak memory 1257 MiB.
2026-10-04T07:45:37Z INFO [403/900] 33aaa5f1-5164-4e15-a25d-62aeefac3b6b: 27 groups; 1.6 s; peak memory 1257 MiB.
2026-10-04T07:45:38Z INFO [404/900] 33aacbc3-3f44-46b9-bf95-8b4935d70046: 22 groups; 0.5 s; peak memory 1257 MiB.
2026-10-04T07:45:42Z INFO [405/900] 33ab48b6-08a3-4dde-bf68-858acbc39209: 123 groups; 4.5 s; peak memory 1257 MiB.
2026-10-04T07:45:42Z INFO [406/900] 33abbe2f-fbce-4c96-893e-d3fb0191f930: 30 groups; 0.4 s; peak memory 1257 MiB.
2026-10-04T07:45:43Z INFO [407/900] 33acacf4-8a9d-46a5-b515-8bf7cc1cc0ba: 28 groups; 0.4 s; peak memory 1257 MiB.
2026-10-04T07:45:48Z INFO [408/900] 33acb88a-22a2-4368-a880-29413004ae32: 29 groups; 5.1 s; peak memory 1257 MiB.
2026-10-04T07:45:49Z INFO [409/900] 33ae9547-9af7-4bed-b413-f2be812437a0: 22 groups; 0.7 s; peak memory 1257 MiB.
2026-10-04T07:45:49Z INFO [410/900] 33b05888-bc54-4426-8973-08850502fec2: 35 groups; 0.8 s; peak memory 1257 MiB.
2026-10-04T07:45:50Z INFO [411/900] 33b065a1-b136-4834-9c7d-5a405213f385: 31 groups; 0.4 s; peak memory 1257 MiB.
2026-10-04T07:45:51Z INFO [412/900] 33b0cfb3-ecff-4b37-92f9-db6bea4321e5: 36 groups; 0.8 s; peak memory 1257 MiB.
2026-10-04T07:45:52Z INFO [413/900] 33b199a6-1536-48df-9afe-2051325e25d9: 35 groups; 1.3 s; peak memory 1257 MiB.
2026-10-04T07:45:53Z INFO [414/900] 33b27183-a6ab-4f63-83d3-21552f85a875: 207 groups; 0.8 s; peak memory 1257 MiB.
2026-10-04T07:45:53Z INFO [415/900] 33b2bc25-b5b0-40ec-8862-0976c6313f40: 32 groups; 0.6 s; peak memory 1257 MiB.
2026-10-04T07:45:54Z INFO [416/900] 33b2d633-cabb-479f-ae6c-363223b8bfc4: 35 groups; 0.7 s; peak memory 1257 MiB.
2026-10-04T07:45:55Z INFO [417/900] 33b3ea37-6679-4167-b928-22d9a1e59148: 196 groups; 0.7 s; peak memory 1257 MiB.
2026-10-04T07:45:56Z INFO [418/900] 33b57e22-3f66-4dd7-b792-d9a9f91c4e52: 64 groups; 1.3 s; peak memory 1257 MiB.
2026-10-04T07:45:57Z INFO [419/900] 33b5a221-3c84-41e9-9bcd-46d7f5491647: 195 groups; 1.5 s; peak memory 1257 MiB.
2026-10-04T07:45:58Z INFO [420/900] 33b5da02-d63f-46b4-ba7b-db9ff35ab583: 18 groups; 0.4 s; peak memory 1257 MiB.
2026-10-04T07:45:58Z INFO [421/900] 33b61447-52fa-4f9f-bb60-9c2281306b39: 25 groups; 0.5 s; peak memory 1257 MiB.
2026-10-04T07:45:59Z INFO [422/900] 33b63364-8323-4cda-be4f-f565254eb5d1: 22 groups; 0.5 s; peak memory 1257 MiB.
2026-10-04T07:46:00Z INFO [423/900] 33b6bce5-1d4b-4485-a852-56ad30e34353: 48 groups; 1.3 s; peak memory 1257 MiB.
2026-10-04T07:46:01Z INFO [424/900] 33b74475-1c86-4397-9be5-d79ee7a57f73: 18 groups; 0.4 s; peak memory 1257 MiB.
2026-10-04T07:46:05Z INFO [425/900] 33b7458c-71a0-4d26-8f7d-5992d17f4284: 68 groups; 4.8 s; peak memory 1257 MiB.
2026-10-04T07:46:06Z INFO [426/900] 33b76c8d-3d14-4485-91a2-79ae0b5c7809: 30 groups; 0.4 s; peak memory 1257 MiB.
2026-10-04T07:46:06Z INFO [427/900] 33b7b07d-c954-40ea-a775-35986903819f: 33 groups; 0.6 s; peak memory 1257 MiB.
2026-10-04T07:47:39Z INFO [428/900] 33b8d652-5bd9-4523-9d9a-0f3e2fe0d46e: 42 groups; 92.3 s; peak memory 1368 MiB.
2026-10-04T07:47:39Z INFO [429/900] 33b8ff20-8b2a-4fff-9d12-30600f2bb0e0: 32 groups; 0.7 s; peak memory 1368 MiB.
2026-10-04T07:47:45Z INFO [430/900] 33b91c1b-5db6-493f-83c2-87fde387f3e6: 194 groups; 5.6 s; peak memory 1368 MiB.
2026-10-04T07:47:46Z INFO [431/900] 33b95a2e-5e80-4821-a65e-c74527a856c3: 32 groups; 0.6 s; peak memory 1368 MiB.
2026-10-04T07:47:46Z INFO [432/900] 33ba064a-efcb-41c3-8473-18839dcdb240: 202 groups; 0.8 s; peak memory 1368 MiB.
2026-10-04T07:47:47Z INFO [433/900] 33ba4aa3-e50d-4e3c-be0a-dd731e8a523a: 36 groups; 0.8 s; peak memory 1368 MiB.
2026-10-04T07:47:48Z INFO [434/900] 33ba9d3f-b664-44d9-9a21-884d91447591: 32 groups; 0.6 s; peak memory 1368 MiB.
2026-10-04T07:47:48Z INFO [435/900] 33baa098-d9b1-455f-b10c-03c04bd034d7: 22 groups; 0.5 s; peak memory 1368 MiB.
2026-10-04T07:47:49Z INFO [436/900] 33bacd9e-dd46-413d-ab73-4deb6c4f5ae1: 16 groups; 0.3 s; peak memory 1368 MiB.
2026-10-04T07:47:50Z INFO [437/900] 33bb11f2-1223-49ca-bef3-f8bcb6c131fe: 34 groups; 0.9 s; peak memory 1368 MiB.
2026-10-04T07:47:50Z INFO [438/900] 33bb4696-4dec-4491-b995-58bdaaff9206: 32 groups; 0.6 s; peak memory 1368 MiB.
2026-10-04T07:47:56Z INFO [439/900] 33bbb844-5e28-49e2-becc-4bc83695708d: 204 groups; 5.9 s; peak memory 1368 MiB.
2026-10-04T07:47:57Z INFO [440/900] 33bc00f2-3f80-4a0c-9e5b-0fda065b6525: 48 groups; 1.4 s; peak memory 1368 MiB.
2026-10-04T07:48:06Z INFO [441/900] 33bc2639-95ef-4f1f-baf4-e73e1868c017: 17 groups; 8.7 s; peak memory 1368 MiB.
2026-10-04T07:48:07Z INFO [442/900] 33bdd54d-d070-4274-879b-e6ad001a782d: 26 groups; 0.4 s; peak memory 1368 MiB.
2026-10-04T07:48:08Z INFO [443/900] 33be0f47-6b6f-41ad-a99a-a461f68ce6a7: 204 groups; 1.0 s; peak memory 1368 MiB.
2026-10-04T07:48:08Z INFO [444/900] 33bf8901-953e-4fe9-8675-148672c19c31: 22 groups; 0.7 s; peak memory 1368 MiB.
2026-10-04T07:48:09Z INFO [445/900] 33bf8a4d-1cd3-4771-bd8b-8ed35da405b0: 32 groups; 0.5 s; peak memory 1368 MiB.
2026-10-04T07:48:10Z INFO [446/900] 33bfa3f7-9fa3-4f20-93b5-6aeada987943: 48 groups; 1.3 s; peak memory 1368 MiB.
2026-10-04T07:48:11Z INFO [447/900] 33c07fa2-664a-426f-83da-45bd0b50adb8: 201 groups; 0.8 s; peak memory 1368 MiB.
2026-10-04T07:48:13Z INFO [448/900] 33c0a71e-ca61-4110-b4c6-c10f04a89256: 62 groups; 2.2 s; peak memory 1368 MiB.
2026-10-04T07:48:14Z INFO [449/900] 33c0d8fa-9767-4bc2-95c8-86173c1a6b58: 35 groups; 0.8 s; peak memory 1368 MiB.
2026-10-04T07:48:15Z INFO [450/900] 33c18e91-cce0-4700-8df2-92776b124c1d: 33 groups; 0.8 s; peak memory 1368 MiB.
2026-10-04T07:48:15Z INFO [450/900] 33c18e91-cce0-4700-8df2-92776b124c1d: checkpointed 71986 records.
2026-10-04T07:48:18Z INFO [451/900] 33c1b15e-0a52-4825-9d4a-c498fe47c97c: 78 groups; 3.0 s; peak memory 1368 MiB.
2026-10-04T07:48:21Z INFO [452/900] 33c27bfa-bdca-4359-a1e8-44b008c64f7b: 22 groups; 3.2 s; peak memory 1368 MiB.
2026-10-04T07:48:21Z INFO [453/900] 33c29fb6-5c56-4717-baa1-886558900aea: 32 groups; 0.5 s; peak memory 1368 MiB.
2026-10-04T07:48:22Z INFO [454/900] 33c2ed3b-433f-4ef4-90af-b1a410bdaee8: 32 groups; 0.6 s; peak memory 1368 MiB.
2026-10-04T07:48:23Z INFO [455/900] 33c3b466-c060-4a4e-be48-d3d744ab27ef: 22 groups; 0.6 s; peak memory 1368 MiB.
2026-10-04T07:48:24Z INFO [456/900] 33c45a2f-6976-4332-a75f-8a5da4718ba0: 48 groups; 1.2 s; peak memory 1368 MiB.
2026-10-04T07:48:24Z INFO [457/900] 33c5026e-33e4-4e3f-9f45-a0645e087386: 32 groups; 0.6 s; peak memory 1368 MiB.
2026-10-04T07:48:25Z INFO [458/900] 33c62f5e-ae7e-4612-a9ed-697534a73614: 204 groups; 1.0 s; peak memory 1368 MiB.
2026-10-04T07:48:26Z INFO [459/900] 33c64178-cbfe-409e-816d-0c6eff556b47: 22 groups; 0.6 s; peak memory 1368 MiB.
2026-10-04T07:48:46Z INFO [460/900] 33c6b262-549a-49f8-9149-187c5d270b0d: 23 groups; 19.5 s; peak memory 1368 MiB.
2026-10-04T07:48:46Z INFO [461/900] 33c73968-a461-4b3e-b239-eb11b3a47cda: 49 groups; 0.9 s; peak memory 1368 MiB.
2026-10-04T07:48:49Z INFO [462/900] 33c73f38-3cf8-46c7-a8de-0e08f6186aea: 82 groups; 2.8 s; peak memory 1368 MiB.
2026-10-04T07:48:50Z INFO [463/900] 33c85b2d-1112-4d6c-b240-414f5e165afc: 32 groups; 0.6 s; peak memory 1368 MiB.
2026-10-04T07:48:52Z INFO [464/900] 33c8e7f6-ca72-4150-a727-2454fcd0e986: 109 groups; 2.1 s; peak memory 1368 MiB.
2026-10-04T07:48:53Z INFO [465/900] 33c903c0-a1e2-4ba7-bee0-ce9f7a6c5b03: 33 groups; 0.8 s; peak memory 1368 MiB.
2026-10-04T07:48:53Z INFO [466/900] 33c99a58-800b-4148-8986-04ff53ac5a68: 16 groups; 0.3 s; peak memory 1368 MiB.
2026-10-04T07:48:54Z INFO [467/900] 33c9b0cc-41a4-4c05-8227-efc0208a64f1: 32 groups; 0.6 s; peak memory 1368 MiB.
2026-10-04T07:49:12Z INFO [468/900] 33ca056e-c143-4107-9c95-c1cc5aaa7a34: 23 groups; 18.0 s; peak memory 1368 MiB.
2026-10-04T07:49:13Z INFO [469/900] 33ca8213-9ffe-43a2-9e13-1af027869d4a: 35 groups; 0.8 s; peak memory 1368 MiB.
2026-10-04T07:49:13Z INFO [470/900] 33cb4b61-2af8-44ca-8c1a-112b37fd495e: 35 groups; 0.7 s; peak memory 1368 MiB.
2026-10-04T07:49:14Z INFO [471/900] 33ccca6a-b180-4cd2-b56c-d4eb33268bb7: 22 groups; 0.6 s; peak memory 1368 MiB.
2026-10-04T07:49:15Z INFO [472/900] 33cd1624-fe10-4611-8418-2bacc58916e2: 48 groups; 1.4 s; peak memory 1368 MiB.
2026-10-04T07:49:16Z INFO [473/900] 33cf734b-0617-49d9-a8ff-b5f45e02de86: 22 groups; 0.6 s; peak memory 1368 MiB.
2026-10-04T07:49:16Z INFO [474/900] 33d03c86-3920-442e-a4d9-bab9fe98c6d1: 32 groups; 0.5 s; peak memory 1368 MiB.
2026-10-04T07:49:17Z INFO [475/900] 33d08e19-45d2-4e45-990d-58a253593a7a: 26 groups; 0.4 s; peak memory 1368 MiB.
2026-10-04T07:49:33Z INFO [476/900] 33d14d92-4645-43ba-8d33-0e340f2a014a: 23 groups; 16.8 s; peak memory 1368 MiB.
2026-10-04T07:49:34Z INFO [477/900] 33d1579d-0e7f-47b1-aad5-22a8dfe75bc0: 33 groups; 0.4 s; peak memory 1368 MiB.
2026-10-04T07:49:39Z INFO [478/900] 33d1780d-7d6f-4d62-90ee-f8c3fad45c73: 211 groups; 4.7 s; peak memory 1368 MiB.
2026-10-04T07:49:40Z INFO [479/900] 33d1a5c6-84c1-4a07-8584-748ed9ae9faf: 61 groups; 1.6 s; peak memory 1368 MiB.
2026-10-04T07:49:41Z INFO [480/900] 33d1bc72-78e1-4699-b4ef-138b8987c9da: 30 groups; 0.4 s; peak memory 1368 MiB.
2026-10-04T07:49:41Z INFO [481/900] 33d1e7e0-56de-4f8f-8bb2-e0ea5493797f: 35 groups; 0.7 s; peak memory 1368 MiB.
2026-10-04T07:49:42Z INFO [482/900] 33d20062-5ca9-42ab-aaa1-848745e61769: 29 groups; 0.5 s; peak memory 1368 MiB.
2026-10-04T07:49:42Z INFO [483/900] 33d21ae0-eba7-4d64-94f6-3a43cf2fee17: 17 groups; 0.4 s; peak memory 1368 MiB.
2026-10-04T07:49:43Z INFO [484/900] 33d2886e-f730-4d8d-9214-b76a3b1edd52: 35 groups; 0.7 s; peak memory 1368 MiB.
2026-10-04T07:49:47Z INFO [485/900] 33d2d345-e788-4ad5-8df5-be58f75f0d7b: 120 groups; 4.1 s; peak memory 1368 MiB.
2026-10-04T07:49:48Z INFO [486/900] 33d2d9b5-bc46-46ad-bceb-575ffb477a65: 22 groups; 0.6 s; peak memory 1368 MiB.
2026-10-04T07:49:51Z INFO [487/900] 33d59d41-4193-41a8-b8b2-16235684857a: 85 groups; 3.3 s; peak memory 1368 MiB.
2026-10-04T07:49:52Z INFO [488/900] 33d60ce7-d368-4338-aef2-714b38084a69: 336 groups; 0.9 s; peak memory 1368 MiB.
2026-10-04T07:49:52Z INFO [489/900] 33d71790-1ea0-4399-ae7d-cad845838a2b: 16 groups; 0.3 s; peak memory 1368 MiB.
2026-10-04T07:49:53Z INFO [490/900] 33d723a4-9776-4cdf-aadb-365e8def443f: 36 groups; 0.8 s; peak memory 1368 MiB.
2026-10-04T07:49:53Z INFO [491/900] 33d74923-1fa6-4bff-a05e-9ebd5968c8fc: 22 groups; 0.5 s; peak memory 1368 MiB.
2026-10-04T07:49:54Z INFO [492/900] 33d76060-4748-466a-9d8a-24700977c7ed: 32 groups; 0.7 s; peak memory 1368 MiB.
2026-10-04T07:49:55Z INFO [493/900] 33d7bde3-d766-4dbe-8d7b-46cbc805cc40: 32 groups; 0.6 s; peak memory 1368 MiB.
2026-10-04T07:49:55Z INFO [494/900] 33d85df6-8079-4dc7-b404-00de21156b96: 32 groups; 0.5 s; peak memory 1368 MiB.
2026-10-04T07:49:56Z INFO [495/900] 33d980e2-fb20-4579-9fb7-f68ce9ab1077: 32 groups; 0.7 s; peak memory 1368 MiB.
2026-10-04T07:49:57Z INFO [496/900] 33d9bae7-6571-401a-942d-01e1b8696767: 22 groups; 0.6 s; peak memory 1368 MiB.
2026-10-04T07:50:06Z INFO [497/900] 33d9c385-2f66-4add-95c8-c4802ca3cd99: 155 groups; 9.9 s; peak memory 1368 MiB.
2026-10-04T07:50:07Z INFO [498/900] 33da7fe5-6163-49f8-8ab8-5103022d5215: 35 groups; 0.8 s; peak memory 1368 MiB.
2026-10-04T07:50:10Z INFO [499/900] 33daf653-fa2f-437e-ae78-7e6fad555592: 78 groups; 3.2 s; peak memory 1368 MiB.
2026-10-04T07:50:11Z INFO [500/900] 33db7eb7-81bd-4baf-b7aa-d1d269951ecf: 16 groups; 0.4 s; peak memory 1368 MiB.
2026-10-04T07:50:11Z INFO [500/900] 33db7eb7-81bd-4baf-b7aa-d1d269951ecf: checkpointed 72036 records.
2026-10-04T07:50:12Z INFO [501/900] 33dbb348-ac5b-4dd7-8509-20d7551ccdc3: 48 groups; 1.5 s; peak memory 1368 MiB.
2026-10-04T07:50:13Z INFO [502/900] 33dce7d8-6def-43b2-be92-d772623193e2: 22 groups; 0.6 s; peak memory 1368 MiB.
2026-10-04T07:50:13Z INFO [503/900] 33dcf845-6226-4f82-8c78-e65de03a45d7: 32 groups; 0.4 s; peak memory 1368 MiB.
2026-10-04T07:50:15Z INFO [504/900] 33dfb656-cf42-4388-b6bb-9a12571bce36: 48 groups; 1.3 s; peak memory 1368 MiB.
2026-10-04T07:50:15Z INFO [505/900] 33dfc7bd-805a-485e-8970-776ccab16014: 35 groups; 0.7 s; peak memory 1368 MiB.
2026-10-04T07:50:19Z INFO [506/900] 33dffe71-3db7-4441-a160-1decc1fdfac6: 156 groups; 3.4 s; peak memory 1368 MiB.
2026-10-04T07:50:20Z INFO [507/900] 33e01ad7-9e5f-4e8c-8338-61d53d8749bd: 35 groups; 1.0 s; peak memory 1368 MiB.
2026-10-04T07:50:21Z INFO [508/900] 33e01d4f-0687-4194-a82b-ef245553c890: 34 groups; 1.0 s; peak memory 1368 MiB.
2026-10-04T07:50:22Z INFO [509/900] 33e0966f-3b1c-4746-b929-03d52e23f97b: 27 groups; 1.0 s; peak memory 1368 MiB.
2026-10-04T07:50:22Z INFO [510/900] 33e0e441-10da-4ac0-be49-e6b29e098ca0: 32 groups; 0.6 s; peak memory 1368 MiB.
2026-10-04T07:50:23Z INFO [511/900] 33e1aa7b-7dba-4dc4-9796-f11f2a99ca5d: 35 groups; 0.6 s; peak memory 1368 MiB.
2026-10-04T07:50:23Z INFO [512/900] 33e20675-d5aa-4aa6-8d9d-360d93116a3c: 22 groups; 0.5 s; peak memory 1368 MiB.
2026-10-04T07:50:24Z INFO [513/900] 33e23fb3-355e-427d-9012-20477146eccf: 16 groups; 0.3 s; peak memory 1368 MiB.
2026-10-04T07:50:25Z INFO [514/900] 33e2dbee-80eb-4d63-a83d-17edc9356bba: 42 groups; 0.9 s; peak memory 1368 MiB.
2026-10-04T07:50:27Z INFO [515/900] 33e48883-0707-496b-b790-e1d1750741ac: 17 groups; 2.2 s; peak memory 1368 MiB.
2026-10-04T07:50:27Z INFO [516/900] 33e4d5f0-e571-4c97-b427-a8955295db65: 16 groups; 0.3 s; peak memory 1368 MiB.
2026-10-04T07:50:32Z INFO [517/900] 33e4e510-a994-46a8-9b88-edce0bffe752: 1484 groups; 5.3 s; peak memory 1368 MiB.
2026-10-04T07:50:33Z INFO [518/900] 33e585a5-970b-4d44-8fb3-25aefaba51c8: 22 groups; 0.6 s; peak memory 1368 MiB.
2026-10-04T07:50:34Z INFO [519/900] 33e605cc-de49-4a33-994a-41c184179525: 206 groups; 0.7 s; peak memory 1368 MiB.
2026-10-04T07:50:34Z INFO [520/900] 33e628ea-d4a6-404f-9679-da27ff2e8402: 22 groups; 0.5 s; peak memory 1368 MiB.
2026-10-04T07:50:35Z INFO [521/900] 33e6c5a5-ebbf-4c28-89bc-3773c7eee7e5: 35 groups; 0.8 s; peak memory 1368 MiB.
2026-10-04T07:50:35Z INFO [522/900] 33e6d2ef-93c9-4a85-a451-4ea8b95a284a: 22 groups; 0.4 s; peak memory 1368 MiB.
2026-10-04T07:50:36Z INFO [523/900] 33e6f880-4dd4-4e11-997d-d2c5a271a054: 29 groups; 0.8 s; peak memory 1368 MiB.
2026-10-04T07:50:37Z INFO [524/900] 33e7cf09-7c0d-469b-8ce0-93c6c229a8e2: 35 groups; 0.8 s; peak memory 1368 MiB.
2026-10-04T07:50:38Z INFO [525/900] 33e7d846-408b-476d-9543-6094df2ae2b3: 22 groups; 0.5 s; peak memory 1368 MiB.
2026-10-04T07:50:38Z INFO [526/900] 33e81d4a-6d59-4524-b354-d097372c13f8: 28 groups; 0.4 s; peak memory 1368 MiB.
2026-10-04T07:50:39Z INFO [527/900] 33e850d6-9a8a-4732-b1d0-1ad767212461: 48 groups; 1.1 s; peak memory 1368 MiB.
2026-10-04T07:50:40Z INFO [528/900] 33e94c75-302c-4f91-80ce-d7f287bf82c9: 341 groups; 0.8 s; peak memory 1368 MiB.
2026-10-04T07:50:40Z INFO [529/900] 33e9a397-fef5-4ce2-ac64-5ce2293596d4: 22 groups; 0.5 s; peak memory 1368 MiB.
2026-10-04T07:50:44Z INFO [530/900] 33ea40aa-5736-4194-a467-a8a12d894f35: 134 groups; 3.2 s; peak memory 1368 MiB.
2026-10-04T07:50:44Z INFO [531/900] 33eb3287-fe67-478d-bb2f-f46ef154e25e: 32 groups; 0.6 s; peak memory 1368 MiB.
2026-10-04T07:50:47Z INFO [532/900] 33ebc3e1-3d43-441b-84c1-27b5cbff5653: 181 groups; 3.0 s; peak memory 1368 MiB.
2026-10-04T07:50:49Z INFO [533/900] 33ec9144-f1be-4706-9065-6d8e6f4cb780: 30 groups; 1.9 s; peak memory 1368 MiB.
2026-10-04T07:50:50Z INFO [534/900] 33ee1c7f-0454-4a23-bf3a-dee139253ff2: 67 groups; 0.7 s; peak memory 1368 MiB.
2026-10-04T07:50:59Z INFO [535/900] 33ee3184-0286-431e-adef-f872c1d5d75a: 296 groups; 9.4 s; peak memory 1368 MiB.
2026-10-04T07:51:00Z INFO [536/900] 33f1f3a9-d3c8-4f0f-8f63-e7dd1113e872: 52 groups; 1.2 s; peak memory 1368 MiB.
2026-10-04T07:51:01Z INFO [537/900] 33f218df-c9cb-4641-abf5-c8cb161b3e2b: 35 groups; 0.7 s; peak memory 1368 MiB.
2026-10-04T07:51:02Z INFO [538/900] 33f23955-fa96-442c-b164-ad13bbecb0a8: 25 groups; 0.7 s; peak memory 1368 MiB.
2026-10-04T07:51:02Z INFO [539/900] 33f3372f-891c-4302-a21d-48cf896f288f: 32 groups; 0.7 s; peak memory 1368 MiB.
2026-10-04T07:51:03Z INFO [540/900] 33f3b34a-3d1b-4a89-b931-d00ad985982c: 27 groups; 0.5 s; peak memory 1368 MiB.
2026-10-04T07:51:04Z INFO [541/900] 33f3bc95-0afc-4f2f-a283-4744f4455bcc: 337 groups; 1.1 s; peak memory 1368 MiB.
2026-10-04T07:52:37Z INFO [542/900] 33f63db5-2acc-4cf3-98e2-63fcf6b9a249: 68 groups; 92.8 s; peak memory 1368 MiB.
2026-10-04T07:52:38Z INFO [543/900] 33f7ebdd-bf31-4c30-8b74-f9e8ef2366dd: 194 groups; 1.3 s; peak memory 1368 MiB.
2026-10-04T07:52:39Z INFO [544/900] 33f7f112-3366-4574-9777-857ba75d0662: 55 groups; 1.4 s; peak memory 1368 MiB.
2026-10-04T07:52:40Z INFO [545/900] 33f82873-bb1d-4ab4-bfea-cfe838d01cab: 22 groups; 0.6 s; peak memory 1368 MiB.
2026-10-04T07:52:42Z INFO [546/900] 33f88587-c18a-4ba7-8188-4171b8dfb1c4: 75 groups; 2.3 s; peak memory 1368 MiB.
2026-10-04T07:52:43Z INFO [547/900] 33f8de4c-ff23-49f7-804d-8535f2f01ddb: 18 groups; 0.5 s; peak memory 1368 MiB.
2026-10-04T07:52:44Z INFO [548/900] 33f927ab-3dc3-43b3-a8d5-6d4bbfa44fcf: 32 groups; 0.7 s; peak memory 1368 MiB.
2026-10-04T07:52:44Z INFO [549/900] 33f9c036-a248-47e0-a1da-704f3ad2ebe2: 201 groups; 0.9 s; peak memory 1368 MiB.
2026-10-04T07:52:45Z INFO [550/900] 33f9fe9d-46c8-436d-bd1b-a1c3639189b6: 30 groups; 0.4 s; peak memory 1368 MiB.
2026-10-04T07:52:45Z INFO [550/900] 33f9fe9d-46c8-436d-bd1b-a1c3639189b6: checkpointed 72086 records.
2026-10-04T07:53:03Z INFO [551/900] 33fa29bc-fbf9-404c-a330-d693b58e73af: 23 groups; 18.1 s; peak memory 1368 MiB.
2026-10-04T07:53:04Z INFO [552/900] 33fa5bce-27bf-4d30-875f-2853a6ea1c8f: 35 groups; 0.8 s; peak memory 1368 MiB.
2026-10-04T07:53:05Z INFO [553/900] 33fc397d-bd47-4e92-8b9d-5b17e7b1bf26: 48 groups; 1.6 s; peak memory 1368 MiB.
2026-10-04T07:53:06Z INFO [554/900] 33fca63f-c67c-4a15-a370-ba8ce11eab03: 31 groups; 0.6 s; peak memory 1368 MiB.
2026-10-04T07:53:25Z INFO [555/900] 33fea77a-0013-40db-99fc-1a26112ebbd0: 23 groups; 18.7 s; peak memory 1368 MiB.
2026-10-04T07:53:25Z INFO [556/900] 33ff9dc3-ee7c-4e06-8a05-e98d3d20fd75: 30 groups; 0.5 s; peak memory 1368 MiB.
2026-10-04T07:53:26Z INFO [557/900] 3401237f-a5cf-472e-a615-541523fc269c: 22 groups; 0.5 s; peak memory 1368 MiB.
2026-10-04T07:53:27Z INFO [558/900] 34017499-2afd-44a9-9049-30ff584d0dda: 196 groups; 1.1 s; peak memory 1368 MiB.
2026-10-04T07:53:31Z INFO [559/900] 3402beb7-02a4-4354-8622-4786106c373c: 22 groups; 4.5 s; peak memory 1368 MiB.
2026-10-04T07:53:32Z INFO [560/900] 3402c26b-65f1-412b-aaf4-dfe6cf33d724: 202 groups; 0.9 s; peak memory 1368 MiB.
2026-10-04T07:53:33Z INFO [561/900] 34031140-d649-4d31-a4cc-07c974cbda5e: 25 groups; 0.6 s; peak memory 1368 MiB.
2026-10-04T07:53:34Z INFO [562/900] 34034197-aaf1-4f02-9b92-3e1b126c9f91: 48 groups; 1.1 s; peak memory 1368 MiB.
2026-10-04T07:53:36Z INFO [563/900] 34036d7d-40a9-4adb-acdd-99ccf0b7b7a8: 47 groups; 1.8 s; peak memory 1368 MiB.
2026-10-04T07:53:36Z INFO [564/900] 34039a76-38ed-491b-aa1b-6247536a2165: 35 groups; 0.7 s; peak memory 1368 MiB.
2026-10-04T07:53:37Z INFO [565/900] 3403c168-4816-4b75-80c8-b32c56f4da36: 32 groups; 0.6 s; peak memory 1368 MiB.
2026-10-04T07:53:37Z INFO [566/900] 340440e5-1b1c-4e6b-b003-f8e6c5738cd8: 22 groups; 0.5 s; peak memory 1368 MiB.
2026-10-04T07:53:38Z INFO [567/900] 340461d6-6001-42d6-bfd3-602eb28028fd: 22 groups; 0.6 s; peak memory 1368 MiB.
2026-10-04T07:53:43Z INFO [568/900] 34046520-9c5d-4767-94e8-fe14310a27f6: 122 groups; 5.2 s; peak memory 1368 MiB.
2026-10-04T07:53:44Z INFO [569/900] 3404aaa6-619d-44df-bddd-71fd6c9055fa: 32 groups; 0.9 s; peak memory 1368 MiB.
2026-10-04T07:53:47Z INFO [570/900] 3404aecf-a083-4137-9402-788e67229e63: 138 groups; 2.9 s; peak memory 1368 MiB.
2026-10-04T07:53:48Z INFO [571/900] 3404df1b-5b16-446d-849f-5c5ac2fa6e68: 35 groups; 0.8 s; peak memory 1368 MiB.
2026-10-04T07:53:48Z INFO [572/900] 3405baee-cc3c-40e1-a5b2-f55b8be2a918: 17 groups; 0.4 s; peak memory 1368 MiB.
2026-10-04T07:53:49Z INFO [573/900] 3406047f-ed2b-4ee8-8a89-d13055d5ac96: 32 groups; 0.6 s; peak memory 1368 MiB.
2026-10-04T07:53:52Z INFO [574/900] 3406acca-9d97-4f2b-ad19-7bcca4d093c3: 181 groups; 3.1 s; peak memory 1368 MiB.
2026-10-04T07:53:53Z INFO [575/900] 3406f1c6-563e-45d2-b291-7a45259eb6ac: 254 groups; 0.7 s; peak memory 1368 MiB.
2026-10-04T07:53:53Z INFO [576/900] 34078a62-8d22-42eb-9674-bc6516c897b0: 16 groups; 0.4 s; peak memory 1368 MiB.
2026-10-04T07:53:54Z INFO [577/900] 34079455-dfd8-431b-84a5-6702c1205ddc: 33 groups; 1.0 s; peak memory 1368 MiB.
2026-10-04T07:53:55Z INFO [578/900] 3408c448-5ac8-41b3-a07d-f0bf51b2c65f: 32 groups; 0.6 s; peak memory 1368 MiB.
2026-10-04T07:53:56Z INFO [579/900] 34095b48-ddff-4cb5-b3c6-f052a492cbc1: 17 groups; 1.5 s; peak memory 1368 MiB.
2026-10-04T07:53:57Z INFO [580/900] 34096687-7692-4f59-ae8d-034bcf40e071: 22 groups; 0.5 s; peak memory 1368 MiB.
2026-10-04T07:53:58Z INFO [581/900] 3409ae07-501d-4aa9-8a98-d34e0924e4d7: 50 groups; 1.4 s; peak memory 1368 MiB.
2026-10-04T07:53:59Z INFO [582/900] 3409d867-38af-4250-97e6-8c8fd61f16d2: 253 groups; 0.7 s; peak memory 1368 MiB.
2026-10-04T07:54:00Z INFO [583/900] 340a3c82-86c0-4dfc-a172-f288c646af85: 35 groups; 0.7 s; peak memory 1368 MiB.
2026-10-04T07:54:00Z INFO [584/900] 340a4ce3-10b2-4bdf-8c02-833e5a05ea8b: 24 groups; 0.7 s; peak memory 1368 MiB.
2026-10-04T07:54:01Z INFO [585/900] 340b0c7a-698f-45a7-98b1-84755adf4740: 35 groups; 0.8 s; peak memory 1368 MiB.
2026-10-04T07:54:02Z INFO [586/900] 340c0984-a570-4983-9535-af00c0cb9929: 32 groups; 0.7 s; peak memory 1368 MiB.
2026-10-04T07:54:03Z INFO [587/900] 340c1723-5a80-4bad-9630-2fb5993202e3: 35 groups; 0.9 s; peak memory 1368 MiB.
2026-10-04T07:54:03Z INFO [588/900] 340e18bb-81f8-440b-981f-952b9d7934e3: 32 groups; 0.7 s; peak memory 1368 MiB.
2026-10-04T07:54:04Z INFO [589/900] 340e3418-d02e-4767-8871-a67fec1914e1: 36 groups; 0.7 s; peak memory 1368 MiB.
2026-10-04T07:54:07Z INFO [590/900] 340e67dc-214e-4aa2-a7b4-dc18607ece88: 22 groups; 2.7 s; peak memory 1368 MiB.
2026-10-04T07:54:07Z INFO [591/900] 340eaad0-d183-4750-97a0-748eb8ee8973: 22 groups; 0.5 s; peak memory 1368 MiB.
2026-10-04T07:54:08Z INFO [592/900] 340f3783-b9fc-49b7-a0bd-c0f0ee342f07: 32 groups; 0.6 s; peak memory 1368 MiB.
2026-10-04T07:54:09Z INFO [593/900] 340f8646-53a1-44bd-85d8-334b15651a44: 17 groups; 1.2 s; peak memory 1368 MiB.
2026-10-04T07:54:09Z INFO [594/900] 34100806-01e4-4679-a444-479906de89ec: 16 groups; 0.3 s; peak memory 1368 MiB.
2026-10-04T07:54:10Z INFO [595/900] 3410b141-7bac-4dc6-b05e-f4967b8f5596: 32 groups; 0.7 s; peak memory 1368 MiB.
2026-10-04T07:54:11Z INFO [596/900] 34113a3c-5a64-45cb-98ec-ef0dd09a59a1: 22 groups; 0.5 s; peak memory 1368 MiB.
2026-10-04T07:54:11Z INFO [597/900] 34114819-6194-42fd-9fdd-9ee2a44d83d7: 36 groups; 0.9 s; peak memory 1368 MiB.
2026-10-04T07:54:12Z INFO [598/900] 341215e4-3752-400d-9aa2-73e748feab3c: 35 groups; 0.8 s; peak memory 1368 MiB.
2026-10-04T07:54:13Z INFO [599/900] 3412221c-f59d-4cfa-a5ef-164a357fa678: 29 groups; 0.7 s; peak memory 1368 MiB.
2026-10-04T07:54:17Z INFO [600/900] 341222e7-9523-4404-963c-c07d4e54b37e: 208 groups; 4.3 s; peak memory 1368 MiB.
2026-10-04T07:54:17Z INFO [600/900] 341222e7-9523-4404-963c-c07d4e54b37e: checkpointed 72136 records.
2026-10-04T07:54:18Z INFO [601/900] 34123ebd-f5a4-40a8-999e-60168f73555d: 32 groups; 0.6 s; peak memory 1368 MiB.
2026-10-04T07:54:19Z INFO [602/900] 34132e7d-e459-41e3-a679-a23d1dc14a4d: 33 groups; 0.6 s; peak memory 1368 MiB.
2026-10-04T07:54:19Z INFO [603/900] 34132ee7-ca5e-45f5-a3b1-45d8cc1f998c: 195 groups; 0.8 s; peak memory 1368 MiB.
2026-10-04T07:54:23Z INFO [604/900] 3413f913-fac5-428e-a64c-1324b4252dd6: 37 groups; 3.3 s; peak memory 1368 MiB.
2026-10-04T07:54:34Z INFO [605/900] 34140ca7-63c9-4ffe-993e-f1431cb58555: 118 groups; 11.5 s; peak memory 1368 MiB.
2026-10-04T07:54:40Z INFO [606/900] 34148080-c1a6-4fbf-949f-0ed0e76f80c6: 237 groups; 6.2 s; peak memory 1368 MiB.
2026-10-04T07:54:44Z INFO [607/900] 34154a53-7b13-47b8-9c04-558f0b9ad9a0: 167 groups; 3.2 s; peak memory 1368 MiB.
2026-10-04T07:54:44Z INFO [608/900] 3415dfda-fbbb-40ba-bdc7-c3127ab4d480: 22 groups; 0.6 s; peak memory 1368 MiB.
2026-10-04T07:54:45Z INFO [609/900] 34162988-4727-4e38-a2bd-ac2c35a0dee2: 207 groups; 0.8 s; peak memory 1368 MiB.
2026-10-04T07:54:46Z INFO [610/900] 341665fe-343e-43df-a733-58bf70457c06: 203 groups; 0.8 s; peak memory 1368 MiB.
2026-10-04T07:54:46Z INFO [611/900] 341666e2-9031-47be-8fa8-48db9c915ec6: 32 groups; 0.6 s; peak memory 1368 MiB.
2026-10-04T07:54:50Z INFO [612/900] 341670b0-f595-48e5-bffc-a7ad438c5d6e: 34 groups; 3.3 s; peak memory 1368 MiB.
2026-10-04T07:54:51Z INFO [613/900] 341708b8-8ce2-45cc-aa3e-79f31e1de2d8: 61 groups; 1.6 s; peak memory 1368 MiB.
2026-10-04T07:56:27Z INFO [614/900] 3417fd95-2085-4ad1-a79b-25e22514e047: 77 groups; 95.9 s; peak memory 1368 MiB.
2026-10-04T07:56:28Z INFO [615/900] 34180682-be12-4709-be63-04a9a1dc3ebd: 36 groups; 0.8 s; peak memory 1368 MiB.
2026-10-04T07:56:29Z INFO [616/900] 3418160e-0a1f-4b3e-b40d-c32269cc7476: 48 groups; 1.3 s; peak memory 1368 MiB.
2026-10-04T07:56:30Z INFO [617/900] 34183376-e125-4666-9d0b-f0a44a6aa63f: 35 groups; 0.6 s; peak memory 1368 MiB.
2026-10-04T07:56:31Z INFO [618/900] 34186d18-0bb0-4b8a-a5be-0f346b497e85: 35 groups; 0.9 s; peak memory 1368 MiB.
2026-10-04T07:56:39Z INFO [619/900] 3418d2dd-bea5-4880-b80a-8c396deae119: 222 groups; 8.0 s; peak memory 1368 MiB.
2026-10-04T07:56:40Z INFO [620/900] 341936d3-4a3c-4708-a20f-9d6735898309: 35 groups; 0.7 s; peak memory 1368 MiB.
2026-10-04T07:56:41Z INFO [621/900] 3419c57d-941b-446e-b09b-029b7bba5a5b: 48 groups; 1.3 s; peak memory 1368 MiB.
2026-10-04T07:56:42Z INFO [622/900] 341a01c8-5047-4aee-8486-e98d5c2ddfc0: 32 groups; 0.7 s; peak memory 1368 MiB.
2026-10-04T07:56:42Z INFO [623/900] 341a4062-1992-4229-8e6f-45e3da301922: 31 groups; 0.4 s; peak memory 1368 MiB.
2026-10-04T07:56:43Z INFO [624/900] 341af562-6cb1-4c74-9f64-5b1d532d9fc9: 32 groups; 0.6 s; peak memory 1368 MiB.
2026-10-04T07:56:43Z INFO [625/900] 341b7614-2733-4643-9779-4b0790a22a11: 35 groups; 0.7 s; peak memory 1368 MiB.
2026-10-04T07:56:44Z INFO [626/900] 341b9836-ca79-4d37-b13e-0c146d222179: 70 groups; 0.8 s; peak memory 1368 MiB.
2026-10-04T07:56:45Z INFO [627/900] 341b9c55-e7dc-418a-9ce2-457180e3b09e: 22 groups; 0.5 s; peak memory 1368 MiB.
2026-10-04T07:56:45Z INFO [628/900] 341bc933-5dba-4371-ac6d-a8b8ee950bbc: 32 groups; 0.5 s; peak memory 1368 MiB.
2026-10-04T07:56:46Z INFO [629/900] 341bf5e7-93a1-4d2c-98ff-a5c1f26bc34d: 87 groups; 0.7 s; peak memory 1368 MiB.
2026-10-04T07:56:46Z INFO [630/900] 341c6d4f-992f-4235-8403-c919b78fb04a: 17 groups; 0.3 s; peak memory 1368 MiB.
2026-10-04T07:56:47Z INFO [631/900] 341c8bd9-f7f0-4b7e-9efe-d464b58097a5: 25 groups; 0.5 s; peak memory 1368 MiB.
2026-10-04T07:56:47Z INFO [632/900] 341dc11d-eb31-4eab-8685-ad0ef0a84210: 203 groups; 0.7 s; peak memory 1368 MiB.
2026-10-04T07:56:48Z INFO [633/900] 341de7fe-b551-4ca1-b4ea-0b416f7c4124: 32 groups; 0.6 s; peak memory 1368 MiB.
2026-10-04T07:56:50Z INFO [634/900] 341e9649-896f-4d75-843e-b0821b93b573: 55 groups; 1.7 s; peak memory 1368 MiB.
2026-10-04T07:56:51Z INFO [635/900] 341ed9a0-21c1-4d56-bbaa-ee88518319ce: 336 groups; 1.2 s; peak memory 1368 MiB.
2026-10-04T07:56:51Z INFO [636/900] 341f65e4-afcb-42a2-b536-289dd132bce3: 35 groups; 0.7 s; peak memory 1368 MiB.
2026-10-04T07:56:57Z INFO [637/900] 341f87ad-bf54-457f-9a49-c7f5531e4716: 1590 groups; 5.9 s; peak memory 1368 MiB.
2026-10-04T07:56:58Z INFO [638/900] 341fed54-8eee-470c-a226-e53cd2f845b1: 30 groups; 0.5 s; peak memory 1368 MiB.
2026-10-04T07:56:58Z INFO [639/900] 34201ef8-6aaf-4aee-bae6-7775bb419d47: 16 groups; 0.4 s; peak memory 1368 MiB.
2026-10-04T07:56:59Z INFO [640/900] 3420d0a5-4500-4e6e-b0c7-fa37aafda65e: 22 groups; 0.5 s; peak memory 1368 MiB.
2026-10-04T07:56:59Z INFO [641/900] 3420d599-6311-4bcc-ad16-103495e1bf01: 22 groups; 0.5 s; peak memory 1368 MiB.
2026-10-04T07:57:02Z INFO [642/900] 3420f48a-8750-4a4e-9dc5-cb1cd71a9e80: 122 groups; 2.1 s; peak memory 1368 MiB.
2026-10-04T07:57:03Z INFO [643/900] 3421671f-2367-4323-9b78-a5f370d614f8: 54 groups; 1.3 s; peak memory 1368 MiB.
2026-10-04T07:57:04Z INFO [644/900] 342188e8-5e8b-4e13-8f7e-a5e2148ea8a5: 32 groups; 0.8 s; peak memory 1368 MiB.
2026-10-04T07:57:08Z INFO [645/900] 3421e83e-3c5a-4b91-9a7a-6f47cdc5f478: 48 groups; 4.4 s; peak memory 1368 MiB.
2026-10-04T07:57:09Z INFO [646/900] 3422d141-757f-45f3-bde9-60400515afa0: 35 groups; 0.7 s; peak memory 1368 MiB.
2026-10-04T07:57:09Z INFO [647/900] 3422eb5e-10c0-40c1-936f-e5c8eb776291: 30 groups; 0.4 s; peak memory 1368 MiB.
2026-10-04T07:57:10Z INFO [648/900] 3423c3a9-7880-4351-a0ec-bddb6dddbd73: 22 groups; 0.6 s; peak memory 1368 MiB.
2026-10-04T07:57:10Z INFO [649/900] 34249e74-af48-476e-8089-b34451e8ec4b: 30 groups; 0.7 s; peak memory 1368 MiB.
2026-10-04T07:57:15Z INFO [650/900] 3424f39a-4434-4722-8714-9b15efb52217: 123 groups; 4.3 s; peak memory 1368 MiB.
2026-10-04T07:57:15Z INFO [650/900] 3424f39a-4434-4722-8714-9b15efb52217: checkpointed 72186 records.
2026-10-04T07:57:15Z INFO [651/900] 34251317-4fe7-4aac-b8b2-91cf25519ccb: 32 groups; 0.6 s; peak memory 1368 MiB.
2026-10-04T07:57:16Z INFO [652/900] 342515e0-d92e-43be-a885-6ac2ad560f58: 26 groups; 0.6 s; peak memory 1368 MiB.
2026-10-04T07:57:17Z INFO [653/900] 34252450-def2-4f31-83c0-a2131dc9198d: 22 groups; 0.6 s; peak memory 1368 MiB.
2026-10-04T07:57:23Z INFO [654/900] 342541e8-af15-4e93-9ea2-d2a2dbfeada8: 235 groups; 6.2 s; peak memory 1368 MiB.
2026-10-04T07:57:24Z INFO [655/900] 34256181-28f0-4990-afd3-26bd25b29e5e: 336 groups; 0.8 s; peak memory 1368 MiB.
2026-10-04T07:57:24Z INFO [656/900] 342577fa-6738-47da-9221-ebb2b88d3ec3: 22 groups; 0.5 s; peak memory 1368 MiB.
2026-10-04T07:57:25Z INFO [657/900] 3426139f-73af-486d-9944-85d4e5184e24: 336 groups; 1.0 s; peak memory 1368 MiB.
2026-10-04T07:57:27Z INFO [658/900] 342627bc-d5e9-46f8-a23c-d0d7adfc0946: 194 groups; 1.6 s; peak memory 1368 MiB.
2026-10-04T07:57:27Z INFO [659/900] 3426ef4f-12ee-406d-a1de-7088c02ee607: 32 groups; 0.7 s; peak memory 1368 MiB.
2026-10-04T07:57:30Z INFO [660/900] 34272f14-4c3f-493d-83af-4857ac87609f: 75 groups; 2.8 s; peak memory 1368 MiB.
2026-10-04T07:57:31Z INFO [661/900] 3427b922-f02a-4630-977d-ce73d03693cd: 103 groups; 0.7 s; peak memory 1368 MiB.
2026-10-04T07:57:31Z INFO [662/900] 3427bc40-f1b1-47bc-95c8-f31b320e5e72: 24 groups; 0.6 s; peak memory 1368 MiB.
2026-10-04T07:57:35Z INFO [663/900] 3427d300-e341-462d-a8a7-a800842fd8da: 75 groups; 3.1 s; peak memory 1368 MiB.
2026-10-04T07:57:35Z INFO [664/900] 342883b5-598d-4b50-b71f-19f48c03158b: 206 groups; 0.7 s; peak memory 1368 MiB.
2026-10-04T07:57:43Z INFO [665/900] 34289961-0275-4ec8-8e04-548c126fb108: 53 groups; 8.2 s; peak memory 1368 MiB.
2026-10-04T07:57:44Z INFO [666/900] 3428f542-031d-4fbe-8112-3255791a9ec1: 202 groups; 0.9 s; peak memory 1368 MiB.
2026-10-04T07:57:53Z INFO [667/900] 3428fdcc-beff-4b13-82da-03accd65ddf7: 92 groups; 8.3 s; peak memory 1368 MiB.
2026-10-04T07:57:56Z INFO [668/900] 34296965-317c-4836-a627-b5ff3e290f81: 181 groups; 3.1 s; peak memory 1368 MiB.
2026-10-04T07:57:56Z INFO [669/900] 3429f778-8468-4706-8d01-8eaef560ece1: 17 groups; 0.5 s; peak memory 1368 MiB.
2026-10-04T07:57:57Z INFO [670/900] 342a2317-d6d1-446d-a811-925c5b6cabfa: 22 groups; 0.6 s; peak memory 1368 MiB.
2026-10-04T07:57:58Z INFO [671/900] 342a8fce-08e4-4b7c-817c-8d7a979de712: 35 groups; 0.7 s; peak memory 1368 MiB.
2026-10-04T07:57:59Z INFO [672/900] 342b7fb5-a6b5-41c1-a0e8-33ae6843e229: 48 groups; 1.4 s; peak memory 1368 MiB.
2026-10-04T07:58:00Z INFO [673/900] 342c4be3-6757-4d31-b4d8-85c78c4a1cc1: 34 groups; 1.1 s; peak memory 1368 MiB.
2026-10-04T07:58:01Z INFO [674/900] 342c5e0a-59e0-4c64-b025-02121d838d69: 22 groups; 0.6 s; peak memory 1368 MiB.
2026-10-04T07:58:01Z INFO [675/900] 342d0092-e5da-4f61-86ab-eff34f95c060: 22 groups; 0.6 s; peak memory 1368 MiB.
2026-10-04T07:58:05Z INFO [676/900] 342d11b1-e545-431f-bc46-5d2b4eb1eac7: 120 groups; 4.1 s; peak memory 1368 MiB.
2026-10-04T07:58:47Z INFO [677/900] 342e4190-1203-4186-aad2-4ab227154cad: 53 groups; 41.4 s; peak memory 1368 MiB.
2026-10-04T07:58:47Z INFO [678/900] 342e5283-ff7e-4647-b430-94ab80f682b3: 22 groups; 0.6 s; peak memory 1368 MiB.
2026-10-04T07:58:48Z INFO [679/900] 342ebcbe-3d20-47a2-9e72-5ed582543e8d: 35 groups; 0.8 s; peak memory 1368 MiB.
2026-10-04T07:58:50Z INFO [680/900] 342fa6d2-5702-41ab-ab65-f3f3e66647af: 52 groups; 1.5 s; peak memory 1368 MiB.
2026-10-04T07:58:53Z INFO [681/900] 34308c8a-6927-4fa5-8c00-23e08b790b81: 34 groups; 3.6 s; peak memory 1368 MiB.
2026-10-04T07:58:54Z INFO [682/900] 3430919a-3cba-457d-8b1b-9da6399ac57d: 24 groups; 1.1 s; peak memory 1368 MiB.
2026-10-04T07:58:55Z INFO [683/900] 3430b00b-c4ec-4932-903a-6dbdf0f673aa: 16 groups; 0.4 s; peak memory 1368 MiB.
2026-10-04T07:58:55Z INFO [684/900] 3430dc6c-99b5-443b-b902-889688126de0: 32 groups; 0.8 s; peak memory 1368 MiB.
2026-10-04T07:59:03Z INFO [685/900] 34316edc-4fa9-4ca9-a1d2-be84ce38275e: 255 groups; 7.6 s; peak memory 1368 MiB.
2026-10-04T07:59:04Z INFO [686/900] 34317c66-ceda-4c70-af8a-65bb407e7f15: 29 groups; 0.6 s; peak memory 1368 MiB.
2026-10-04T07:59:05Z INFO [687/900] 3431e7c8-48a1-4f82-9a1e-24ba5724e3ff: 41 groups; 0.8 s; peak memory 1368 MiB.
2026-10-04T07:59:06Z INFO [688/900] 3431fc4e-4861-4496-a8a3-e298dfe80ce7: 199 groups; 1.1 s; peak memory 1368 MiB.
2026-10-04T07:59:06Z INFO [689/900] 3432c126-ab01-44f1-81bc-6af08a562f40: 30 groups; 0.4 s; peak memory 1368 MiB.
2026-10-04T07:59:07Z INFO [690/900] 34335003-0cfb-4a00-bf5a-ba79d39fd28e: 32 groups; 0.6 s; peak memory 1368 MiB.
2026-10-04T07:59:07Z INFO [691/900] 34336bf7-b8ee-45e8-ad7c-be7d74d30a7c: 32 groups; 0.6 s; peak memory 1368 MiB.
2026-10-04T07:59:08Z INFO [692/900] 3433ddbc-7e50-4d44-a51f-c086aee9f66a: 16 groups; 0.4 s; peak memory 1368 MiB.
2026-10-04T07:59:08Z INFO [693/900] 343475d5-d7e4-4280-8ca3-91ba0f2687f4: 27 groups; 0.5 s; peak memory 1368 MiB.
2026-10-04T07:59:09Z INFO [694/900] 34352006-f4b8-4ed3-a6e3-fbd70b4faf27: 25 groups; 0.5 s; peak memory 1368 MiB.
2026-10-04T07:59:09Z INFO [695/900] 3435497d-4dfa-4c08-af19-8f8d2a1b6856: 22 groups; 0.5 s; peak memory 1368 MiB.
2026-10-04T08:00:39Z INFO [696/900] 3435a673-e596-4677-ad77-1e0d9dd02fe5: 62 groups; 89.7 s; peak memory 1368 MiB.
2026-10-04T08:00:39Z INFO [697/900] 3435c989-606c-44ab-b00a-b2e8a7f05e45: 26 groups; 0.5 s; peak memory 1368 MiB.
2026-10-04T08:00:45Z INFO [698/900] 3435d630-cc7b-4baa-a9fb-103549459a96: 349 groups; 5.9 s; peak memory 1368 MiB.
2026-10-04T08:00:46Z INFO [699/900] 34366c08-308f-4c33-82ba-8f4a2279a223: 22 groups; 0.5 s; peak memory 1368 MiB.
2026-10-04T08:00:51Z INFO [700/900] 34367b9f-c8b9-4416-8e76-920df7deff64: 163 groups; 5.5 s; peak memory 1368 MiB.
2026-10-04T08:00:51Z INFO [700/900] 34367b9f-c8b9-4416-8e76-920df7deff64: checkpointed 72236 records.
2026-10-04T08:02:39Z INFO [701/900] 34373e4e-2096-4f3e-8790-779424f6d8d3: 60 groups; 107.4 s; peak memory 1368 MiB.
2026-10-04T08:02:39Z INFO [702/900] 34379281-f97b-418d-8f39-99c5a9ab68bb: 16 groups; 0.4 s; peak memory 1368 MiB.
2026-10-04T08:02:40Z INFO [703/900] 3437be98-e1bb-4d57-b289-550f9f125db2: 32 groups; 0.7 s; peak memory 1368 MiB.
2026-10-04T08:02:42Z INFO [704/900] 3438d120-facf-4f4d-b2e9-a4617588cd16: 78 groups; 2.5 s; peak memory 1368 MiB.
2026-10-04T08:02:44Z INFO [705/900] 343ac5d0-ea43-4838-ab64-3372c3c5b0e0: 53 groups; 2.3 s; peak memory 1368 MiB.
2026-10-04T08:02:45Z INFO [706/900] 343ae774-8e7f-4789-8bbe-72bb34c09b6c: 16 groups; 0.4 s; peak memory 1368 MiB.
2026-10-04T08:02:45Z INFO [707/900] 343b0dda-6cbc-4a9f-beb3-fc1b5a7fa62b: 22 groups; 0.5 s; peak memory 1368 MiB.
2026-10-04T08:02:46Z INFO [708/900] 343bcbc4-e49a-4e21-9c85-36b404510474: 32 groups; 0.6 s; peak memory 1368 MiB.
2026-10-04T08:02:47Z INFO [709/900] 343cac24-51db-45a7-ae5c-5aff199a5b53: 32 groups; 0.7 s; peak memory 1368 MiB.
2026-10-04T08:02:48Z INFO [710/900] 343ed959-d43b-468e-9cba-664a018e7602: 200 groups; 1.2 s; peak memory 1368 MiB.
2026-10-04T08:02:49Z INFO [711/900] 343f2174-6a7c-46ed-b52f-a505e2f295c6: 47 groups; 1.5 s; peak memory 1368 MiB.
2026-10-04T08:02:50Z INFO [712/900] 34408b0d-b018-4c33-9f7f-510ce1ea95d1: 22 groups; 0.5 s; peak memory 1368 MiB.
2026-10-04T08:02:50Z INFO [713/900] 344134f8-125a-45fd-896c-4f9bdcfb9401: 29 groups; 0.6 s; peak memory 1368 MiB.
2026-10-04T08:02:51Z INFO [714/900] 3441889d-d6ed-40dd-a97d-d1c97999c87d: 199 groups; 0.8 s; peak memory 1368 MiB.
2026-10-04T08:04:07Z INFO [715/900] 34419705-90c1-4e7e-be4e-a5c77293737e: 3262 groups; 75.6 s; peak memory 1368 MiB.
2026-10-04T08:04:07Z INFO [716/900] 34428f20-1765-4543-ac7b-d0f29a08241c: 252 groups; 0.6 s; peak memory 1368 MiB.
2026-10-04T08:04:08Z INFO [717/900] 3442ce7f-3c7c-4636-ae23-128599c6ed2c: 49 groups; 1.0 s; peak memory 1368 MiB.
2026-10-04T08:04:11Z INFO [718/900] 34430ee0-558d-4c9a-a322-4c1f6947c8df: 181 groups; 2.6 s; peak memory 1368 MiB.
2026-10-04T08:04:13Z INFO [719/900] 3443ac41-e4cc-45a9-9cce-666f7600919e: 48 groups; 1.8 s; peak memory 1368 MiB.
2026-10-04T08:04:14Z INFO [720/900] 3443b47b-981f-4a5f-bf48-cca575efec43: 259 groups; 0.9 s; peak memory 1368 MiB.
2026-10-04T08:04:15Z INFO [721/900] 3443ef0e-b90d-45a2-a27e-75fa9a264996: 34 groups; 0.9 s; peak memory 1368 MiB.
2026-10-04T08:04:17Z INFO [722/900] 3444275f-e37c-4e91-a71a-1b720282ffb3: 49 groups; 1.8 s; peak memory 1368 MiB.
2026-10-04T08:04:17Z INFO [723/900] 344686c7-bf3f-49ff-b9d0-32523bb1f06f: 32 groups; 0.7 s; peak memory 1368 MiB.
2026-10-04T08:04:18Z INFO [724/900] 3446885b-88e8-4089-91a0-982bbf807864: 24 groups; 0.5 s; peak memory 1368 MiB.
2026-10-04T08:04:19Z INFO [725/900] 34469c22-824f-4248-8b39-2b7aeb26a342: 17 groups; 1.3 s; peak memory 1368 MiB.
2026-10-04T08:04:24Z INFO [726/900] 3446ef4e-16c9-41e6-82b7-b42e610ea9cb: 50 groups; 4.4 s; peak memory 1368 MiB.
2026-10-04T08:04:24Z INFO [727/900] 3446f58d-3458-4c34-88e6-a6bd421b0a50: 22 groups; 0.6 s; peak memory 1368 MiB.
2026-10-04T08:04:28Z INFO [728/900] 34480ff8-cc32-46de-98ff-e604a697b591: 123 groups; 4.3 s; peak memory 1368 MiB.
2026-10-04T08:04:30Z INFO [729/900] 34486106-312d-4fb1-9917-67c0edc2cb81: 200 groups; 1.4 s; peak memory 1368 MiB.
2026-10-04T08:04:30Z INFO [730/900] 34487413-2dd1-4be3-ad1f-87f62921a907: 22 groups; 0.6 s; peak memory 1368 MiB.
2026-10-04T08:04:32Z INFO [731/900] 3449251e-4da8-46fc-9c0a-3d481169d36b: 48 groups; 1.5 s; peak memory 1368 MiB.
2026-10-04T08:04:33Z INFO [732/900] 344a1477-9bcc-4fe0-8f38-4b234459915b: 32 groups; 0.7 s; peak memory 1368 MiB.
2026-10-04T08:04:33Z INFO [733/900] 344a1821-b71f-4488-8095-d807fdabd205: 195 groups; 0.8 s; peak memory 1368 MiB.
2026-10-04T08:04:34Z INFO [734/900] 344b0c8e-c0ee-4129-ae63-b20d70acf2ae: 43 groups; 0.7 s; peak memory 1368 MiB.
2026-10-04T08:04:39Z INFO [735/900] 344b209a-4324-4d8b-9cc6-d68dafca9e7a: 208 groups; 4.6 s; peak memory 1368 MiB.
2026-10-04T08:04:45Z INFO [736/900] 344b362a-0eee-4a52-a4fa-67ebfb2e4e99: 250 groups; 6.6 s; peak memory 1368 MiB.
2026-10-04T08:04:46Z INFO [737/900] 344b58df-631f-4166-81a2-625b47da8df4: 22 groups; 0.5 s; peak memory 1368 MiB.
2026-10-04T08:04:46Z INFO [738/900] 344be881-89ed-42bf-ad81-1fb9f5f8ae32: 32 groups; 0.7 s; peak memory 1368 MiB.
2026-10-04T08:04:47Z INFO [739/900] 344c0236-86e3-449a-9942-add360148480: 29 groups; 0.6 s; peak memory 1368 MiB.
2026-10-04T08:04:48Z INFO [740/900] 344c922e-455d-4478-b386-07258c0d916c: 341 groups; 1.1 s; peak memory 1368 MiB.
2026-10-04T08:04:49Z INFO [741/900] 344cab26-edd1-4cb5-a774-5a46fd0b87ab: 22 groups; 0.6 s; peak memory 1368 MiB.
2026-10-04T08:04:53Z INFO [742/900] 344cb280-004e-4e88-bbe4-530a539daa99: 34 groups; 4.5 s; peak memory 1368 MiB.
2026-10-04T08:04:58Z INFO [743/900] 344e5fdb-f96c-4cdd-bf13-78d3abfec8a0: 70 groups; 5.3 s; peak memory 1368 MiB.
2026-10-04T08:06:47Z INFO [744/900] 344ee11c-c653-4a96-8772-1c209afcf17f: 60 groups; 108.2 s; peak memory 1368 MiB.
2026-10-04T08:06:51Z INFO [745/900] 344f8721-3783-442f-a0d9-a69c4f10cb61: 34 groups; 4.3 s; peak memory 1368 MiB.
2026-10-04T08:07:05Z INFO [746/900] 344fa188-1e80-4e76-ade6-03d7cb762d95: 59 groups; 13.9 s; peak memory 1368 MiB.
2026-10-04T08:07:05Z INFO [747/900] 345187c3-0c50-447c-9f45-adf9d16d8b08: 22 groups; 0.7 s; peak memory 1368 MiB.
2026-10-04T08:07:06Z INFO [748/900] 3451f9d4-9b6b-4df4-8286-ea5045587172: 27 groups; 1.1 s; peak memory 1368 MiB.
2026-10-04T08:07:08Z INFO [749/900] 3452138e-c68d-466e-b963-ffaf9be29dea: 68 groups; 1.3 s; peak memory 1368 MiB.
2026-10-04T08:07:14Z INFO [750/900] 34523077-9971-4187-9df1-791c907499e4: 301 groups; 5.8 s; peak memory 1368 MiB.
2026-10-04T08:07:14Z INFO [750/900] 34523077-9971-4187-9df1-791c907499e4: checkpointed 72286 records.
2026-10-04T08:07:15Z INFO [751/900] 34528039-d97f-4d5b-962c-9d7405dfe321: 33 groups; 1.0 s; peak memory 1368 MiB.
2026-10-04T08:07:15Z INFO [752/900] 3452dd5c-3380-4700-ace5-6dcf1bbd2737: 32 groups; 0.7 s; peak memory 1368 MiB.
2026-10-04T08:07:16Z INFO [753/900] 3452f71a-f70b-4550-b188-628f68c4c79d: 33 groups; 0.5 s; peak memory 1368 MiB.
2026-10-04T08:07:17Z INFO [754/900] 34547035-a5e8-4032-9f78-3d52c452b49f: 104 groups; 0.8 s; peak memory 1368 MiB.
2026-10-04T08:07:21Z INFO [755/900] 3454d6e3-f6f3-441f-bb1a-91304e8d4f4b: 120 groups; 4.3 s; peak memory 1368 MiB.
2026-10-04T08:07:22Z INFO [756/900] 34551e9d-6835-4e7c-aa6f-d0a80024bdaa: 22 groups; 0.6 s; peak memory 1368 MiB.
2026-10-04T08:07:22Z INFO [757/900] 3455c598-4da5-4dab-9cd1-daa599fd7538: 24 groups; 0.7 s; peak memory 1368 MiB.
2026-10-04T08:07:23Z INFO [758/900] 345602da-a917-420b-9dc9-0afae8ac9348: 22 groups; 0.6 s; peak memory 1368 MiB.
2026-10-04T08:07:24Z INFO [759/900] 34560936-ba81-4cc2-a0de-a84fc69ceb4b: 30 groups; 0.7 s; peak memory 1368 MiB.
2026-10-04T08:07:24Z INFO [760/900] 3456e699-6bd6-4010-8d9c-ca2f9a229313: 34 groups; 0.9 s; peak memory 1368 MiB.
2026-10-04T08:07:25Z INFO [761/900] 34587524-bed7-4aa0-a997-4cd500b754b2: 26 groups; 0.6 s; peak memory 1368 MiB.
2026-10-04T08:07:35Z INFO [762/900] 34588206-6dcb-4bfa-bf0e-e57a7ce9dd27: 157 groups; 10.0 s; peak memory 1368 MiB.
2026-10-04T08:09:28Z INFO [763/900] 3458849a-d126-47ec-9960-ce2c2418ad39: 60 groups; 113.1 s; peak memory 1368 MiB.
2026-10-04T08:30:26Z INFO [764/900] 3458fa33-e987-42a9-8040-587aa98b21cb: 29 groups; 1257.4 s; peak memory 1368 MiB.
2026-10-04T08:30:26Z INFO [765/900] 345a412f-2d31-4f62-a19a-a4b3e667e0b1: 22 groups; 0.7 s; peak memory 1368 MiB.
2026-10-04T08:30:30Z INFO [766/900] 345b7cd2-240d-4686-b1cc-64258b3fdd49: 85 groups; 3.9 s; peak memory 1368 MiB.
2026-10-04T08:30:31Z INFO [767/900] 345c1afa-046f-4123-9250-2c35efbb194c: 32 groups; 0.6 s; peak memory 1368 MiB.
2026-10-04T08:30:33Z INFO [768/900] 345cf111-eef0-4247-bb08-06153750858b: 50 groups; 1.7 s; peak memory 1368 MiB.
2026-10-04T08:30:34Z INFO [769/900] 345d8ee3-a8d0-4cc6-b8e3-1c11dc35d6a0: 47 groups; 1.9 s; peak memory 1368 MiB.
2026-10-04T08:30:35Z INFO [770/900] 345df8e4-4a89-4a58-a8e6-db4d8e66188d: 49 groups; 0.9 s; peak memory 1368 MiB.
2026-10-04T08:30:37Z INFO [771/900] 345e1dd2-85a1-4105-8a10-3e9c50c0eff2: 200 groups; 1.3 s; peak memory 1368 MiB.
2026-10-04T08:30:37Z INFO [772/900] 345ee4be-6be5-441a-af52-e0b575532bb3: 22 groups; 0.7 s; peak memory 1368 MiB.
2026-10-04T08:30:38Z INFO [773/900] 345fcea1-2d19-4608-bc46-25ca77104f32: 22 groups; 0.6 s; peak memory 1368 MiB.
2026-10-04T08:30:39Z INFO [774/900] 34603c1f-dcf2-4d6d-aa57-7e89fc1df029: 50 groups; 1.6 s; peak memory 1368 MiB.
2026-10-04T08:30:40Z INFO [775/900] 346254e8-bed6-443f-8c2e-9597eff0f0fe: 33 groups; 0.5 s; peak memory 1368 MiB.
2026-10-04T08:30:41Z INFO [776/900] 3462f78f-c1d2-44ec-a350-e70a7630b1b9: 32 groups; 0.7 s; peak memory 1368 MiB.
2026-10-04T08:30:59Z INFO [777/900] 346356b8-29f9-4ed8-962f-19c321b0daf2: 23 groups; 18.2 s; peak memory 1368 MiB.
2026-10-04T08:30:59Z INFO [778/900] 34635a6b-60f0-44b5-b3be-7891f8fe64f1: 33 groups; 0.5 s; peak memory 1368 MiB.
2026-10-04T08:32:32Z INFO [779/900] 3463fdf6-0307-4c98-add2-06b8a5299853: 62 groups; 92.6 s; peak memory 1368 MiB.
2026-10-04T08:32:37Z INFO [780/900] 3465c9df-8007-4543-9860-736265b74f9e: 186 groups; 5.3 s; peak memory 1368 MiB.
2026-10-04T08:32:38Z INFO [781/900] 34666ce1-ac74-4af2-869f-2a160073dbfa: 36 groups; 0.9 s; peak memory 1368 MiB.
2026-10-04T08:32:39Z INFO [782/900] 3466960b-f85f-41b2-b680-77bb5fbb8dab: 48 groups; 1.3 s; peak memory 1368 MiB.
2026-10-04T08:32:40Z INFO [783/900] 3466fcb7-948e-4adc-9213-300f873c2c6b: 202 groups; 0.8 s; peak memory 1368 MiB.
2026-10-04T08:32:42Z INFO [784/900] 3467d429-ab17-42a8-87e1-3f68db2fb753: 50 groups; 1.6 s; peak memory 1368 MiB.
2026-10-04T08:32:49Z INFO [785/900] 3468095d-6ce0-4110-bebc-400ef1e4f579: 193 groups; 6.9 s; peak memory 1368 MiB.
2026-10-04T08:32:51Z INFO [786/900] 34688697-aad3-462a-bbb2-406a16e03d70: 132 groups; 2.4 s; peak memory 1368 MiB.
2026-10-04T08:32:52Z INFO [787/900] 3468db9a-e916-4762-bcf4-452427e8b6ee: 35 groups; 0.8 s; peak memory 1368 MiB.
2026-10-04T08:33:11Z INFO [788/900] 3468ef46-b875-4007-9050-d9da8919be7d: 23 groups; 18.8 s; peak memory 1368 MiB.
2026-10-04T08:33:11Z INFO [789/900] 3468ef51-30b5-4687-b50d-1d32725867f0: 22 groups; 0.6 s; peak memory 1368 MiB.
2026-10-04T08:33:12Z INFO [790/900] 34697305-005e-4e98-bcbd-7776d16e69d3: 32 groups; 0.7 s; peak memory 1368 MiB.
2026-10-04T08:33:13Z INFO [791/900] 3469bf1f-4453-420f-8325-2635805f4ef2: 22 groups; 0.5 s; peak memory 1368 MiB.
2026-10-04T08:33:14Z INFO [792/900] 346a3882-441d-4051-8560-fae53243adfd: 199 groups; 1.3 s; peak memory 1368 MiB.
2026-10-04T08:33:14Z INFO [793/900] 346a9342-89af-4734-a6e1-60e7ab8f4f49: 16 groups; 0.3 s; peak memory 1368 MiB.
2026-10-04T08:33:18Z INFO [794/900] 346b3c40-ed9a-416d-b7ca-4e2a6d6131d0: 158 groups; 3.9 s; peak memory 1368 MiB.
2026-10-04T08:33:19Z INFO [795/900] 346b666a-2509-4aae-8f3c-96383a6da9f2: 35 groups; 0.9 s; peak memory 1368 MiB.
2026-10-04T08:33:20Z INFO [796/900] 346c7308-94b7-4cf8-967c-7c3c832bc682: 25 groups; 0.6 s; peak memory 1368 MiB.
2026-10-04T08:33:21Z INFO [797/900] 346d1cfc-9fb7-469a-be43-6351010ee517: 341 groups; 1.1 s; peak memory 1368 MiB.
2026-10-04T08:33:21Z INFO [798/900] 346e2f4f-933c-49a8-92fd-1ab8ff7e8232: 34 groups; 0.7 s; peak memory 1368 MiB.
2026-10-04T08:33:23Z INFO [799/900] 346ed071-7d29-4910-8c0b-b81cf6e8ded8: 71 groups; 1.3 s; peak memory 1368 MiB.
2026-10-04T08:33:24Z INFO [800/900] 346f7d33-c5f1-4145-9160-a28162f87fe1: 17 groups; 1.3 s; peak memory 1368 MiB.
2026-10-04T08:33:24Z INFO [800/900] 346f7d33-c5f1-4145-9160-a28162f87fe1: checkpointed 72336 records.
2026-10-04T08:33:25Z INFO [801/900] 347041e6-0efd-4390-bc5b-5c8ddd455647: 22 groups; 0.8 s; peak memory 1368 MiB.
2026-10-04T08:33:26Z INFO [802/900] 3470a283-08ad-48b7-ab01-98f6733d9536: 98 groups; 1.5 s; peak memory 1368 MiB.
2026-10-04T08:33:27Z INFO [803/900] 3470cb70-d102-4674-99b9-42aa98c4f5c0: 32 groups; 0.6 s; peak memory 1368 MiB.
2026-10-04T08:33:28Z INFO [804/900] 3470efa5-ebd9-47ce-88b8-4deb81cd4c9f: 199 groups; 1.1 s; peak memory 1368 MiB.
2026-10-04T08:33:29Z INFO [805/900] 3470ffec-d2e3-401f-9881-59b704b17e1f: 19 groups; 0.7 s; peak memory 1368 MiB.
2026-10-04T08:33:29Z INFO [806/900] 3471a989-387d-4f20-8489-aa8359b38fa0: 32 groups; 0.5 s; peak memory 1368 MiB.
2026-10-04T08:33:31Z INFO [807/900] 3471bb57-38bd-4b8f-ae0e-11b1ac69fb07: 58 groups; 1.8 s; peak memory 1368 MiB.
2026-10-04T08:33:32Z INFO [808/900] 3471f5fe-4b3b-4301-b10a-3b613ee9cd45: 17 groups; 1.1 s; peak memory 1368 MiB.
2026-10-04T08:33:34Z INFO [809/900] 34729b5f-47d4-4069-80b7-836467b2ad28: 48 groups; 1.5 s; peak memory 1368 MiB.
2026-10-04T08:33:58Z INFO [810/900] 347376da-4b7e-453d-941f-f0795def78a8: 17 groups; 24.1 s; peak memory 1368 MiB.
2026-10-04T08:33:59Z INFO [811/900] 3474d033-8556-4d56-953a-bc41f02db6ac: 48 groups; 1.4 s; peak memory 1368 MiB.
2026-10-04T08:34:00Z INFO [812/900] 347507c8-aacb-45b9-ad1e-a2aea5f9e875: 16 groups; 0.4 s; peak memory 1368 MiB.
2026-10-04T08:34:01Z INFO [813/900] 347541ac-bbd2-4622-b81e-07d5bb880cc3: 200 groups; 0.9 s; peak memory 1368 MiB.
2026-10-04T08:34:01Z INFO [814/900] 3475b059-2684-409d-9c9a-bc223b4c2a1c: 32 groups; 0.6 s; peak memory 1368 MiB.
2026-10-04T08:34:05Z INFO [815/900] 3476c3e1-dbb6-4b62-9512-9d75f2a5437a: 66 groups; 4.2 s; peak memory 1368 MiB.
2026-10-04T08:34:06Z INFO [816/900] 3477f646-2448-4fe1-be91-01510a6e443a: 21 groups; 0.6 s; peak memory 1368 MiB.
2026-10-04T08:34:06Z INFO [817/900] 34780ad2-4764-4613-879b-dc1653f5937b: 32 groups; 0.5 s; peak memory 1368 MiB.
2026-10-04T08:34:07Z INFO [818/900] 3478ba26-cb1a-4627-ad1c-a0ef7fef4ab2: 22 groups; 0.6 s; peak memory 1368 MiB.
2026-10-04T08:34:08Z INFO [819/900] 34791b1c-ac74-4449-8819-0ace094fbd24: 33 groups; 0.7 s; peak memory 1368 MiB.
2026-10-04T08:34:10Z INFO [820/900] 34794e41-fafe-49a9-9cdb-06a2b1f5a882: 39 groups; 2.6 s; peak memory 1368 MiB.
2026-10-04T08:34:13Z INFO [821/900] 347ad799-e807-4c5a-93dd-d144b78fa868: 80 groups; 2.7 s; peak memory 1368 MiB.
2026-10-04T08:36:04Z INFO [822/900] 347afe7f-05aa-4fc2-a79c-1241c8810dbb: 60 groups; 110.5 s; peak memory 1368 MiB.
2026-10-04T08:36:04Z INFO [823/900] 347b9c1f-4322-4856-913c-34942479bf48: 22 groups; 0.7 s; peak memory 1368 MiB.
2026-10-04T08:36:08Z INFO [824/900] 347be342-5ba2-4497-a01b-2e481231c76b: 66 groups; 4.1 s; peak memory 1368 MiB.
2026-10-04T08:36:09Z INFO [825/900] 347d5d83-9b14-42d2-907c-c2eca468459c: 31 groups; 0.4 s; peak memory 1368 MiB.
2026-10-04T08:36:09Z INFO [826/900] 347d8542-b95a-4044-aece-ef7b9d33b887: 27 groups; 0.4 s; peak memory 1368 MiB.
2026-10-04T08:36:10Z INFO [827/900] 347fccb2-dfef-47b4-9bcd-f7f27abe4a83: 33 groups; 0.9 s; peak memory 1368 MiB.
2026-10-04T08:36:11Z INFO [828/900] 34800c33-295e-4422-9de9-5569fee51a00: 108 groups; 0.7 s; peak memory 1368 MiB.
2026-10-04T08:36:12Z INFO [829/900] 34802a24-e3ac-4e40-9e37-268a7495c22c: 22 groups; 0.6 s; peak memory 1368 MiB.
2026-10-04T08:36:12Z INFO [830/900] 3480663a-af08-4796-85a1-de341079cfa5: 28 groups; 0.5 s; peak memory 1368 MiB.
2026-10-04T08:36:13Z INFO [831/900] 3480b5b3-6ed6-42f2-a3a4-f72061775b24: 18 groups; 0.6 s; peak memory 1368 MiB.
2026-10-04T08:36:17Z INFO [832/900] 3480c204-f103-4ba3-bbee-ae1f97abbd01: 179 groups; 4.6 s; peak memory 1368 MiB.
2026-10-04T08:36:18Z INFO [833/900] 3480d1f1-0e8d-46f3-b95d-85219421dc4c: 22 groups; 0.6 s; peak memory 1368 MiB.
2026-10-04T08:36:18Z INFO [834/900] 34815147-f47f-4a5c-a74a-a95446626a9f: 22 groups; 0.6 s; peak memory 1368 MiB.
2026-10-04T08:36:19Z INFO [835/900] 34829c80-07e0-4cfd-8ad8-9551d9c60625: 32 groups; 0.5 s; peak memory 1368 MiB.
2026-10-04T08:36:20Z INFO [836/900] 3482f9e0-750c-4010-8877-78aff0c07793: 25 groups; 0.7 s; peak memory 1368 MiB.
2026-10-04T08:36:20Z INFO [837/900] 3483d1d1-0da0-432b-92d9-8cfdc2b55ca5: 252 groups; 0.6 s; peak memory 1368 MiB.
2026-10-04T08:36:21Z INFO [838/900] 348413ec-e2a0-4fd4-b80a-7d5d1111bec2: 18 groups; 0.3 s; peak memory 1368 MiB.
2026-10-04T08:36:40Z INFO [839/900] 34848cb4-01b7-4c89-90b9-bc177a6d82ac: 27 groups; 19.8 s; peak memory 1368 MiB.
2026-10-04T08:36:42Z INFO [840/900] 34869852-c37a-49e5-98f9-f39e96820b85: 48 groups; 1.5 s; peak memory 1368 MiB.
2026-10-04T08:36:43Z INFO [841/900] 3487014f-5149-4137-87f1-1ee344cee92d: 35 groups; 0.7 s; peak memory 1368 MiB.
2026-10-04T08:36:43Z INFO [842/900] 348709a0-3f5c-4647-ae10-74ff5326f511: 22 groups; 0.6 s; peak memory 1368 MiB.
2026-10-04T08:37:03Z INFO [843/900] 34879f0c-e828-4858-82b2-660a7904d4b9: 23 groups; 19.7 s; peak memory 1368 MiB.
2026-10-04T08:37:04Z INFO [844/900] 3488802a-8b3d-4cf4-8044-d2d7b5312023: 21 groups; 0.7 s; peak memory 1368 MiB.
2026-10-04T08:37:04Z INFO [845/900] 348891e6-243b-4d29-bebc-fb169b3855b7: 32 groups; 0.5 s; peak memory 1368 MiB.
2026-10-04T08:37:05Z INFO [846/900] 3488b957-d8d3-49cf-962a-b783610b9e24: 22 groups; 0.6 s; peak memory 1368 MiB.
2026-10-04T08:37:06Z INFO [847/900] 348a4573-f7a2-4e54-9c3f-a10ab3173702: 50 groups; 1.8 s; peak memory 1368 MiB.
2026-10-04T08:37:07Z INFO [848/900] 348b5ff3-82d4-4928-8c60-693920a43df6: 35 groups; 0.6 s; peak memory 1368 MiB.
2026-10-04T08:37:12Z INFO [849/900] 348b76b3-b569-499c-81c8-f3b4e540c370: 50 groups; 5.4 s; peak memory 1368 MiB.
2026-10-04T08:37:13Z INFO [850/900] 348c4b8b-65d8-443f-bb84-666e5cb6b7f4: 194 groups; 0.7 s; peak memory 1368 MiB.
2026-10-04T08:37:13Z INFO [850/900] 348c4b8b-65d8-443f-bb84-666e5cb6b7f4: checkpointed 72386 records.
2026-10-04T08:38:57Z INFO [851/900] 348c6165-539f-4c97-920c-af7aab037436: 77 groups; 103.2 s; peak memory 1368 MiB.
2026-10-04T08:38:57Z INFO [852/900] 348c7098-3a6e-44f1-b081-7c523edd1107: 32 groups; 0.6 s; peak memory 1368 MiB.
2026-10-04T08:39:17Z INFO [853/900] 348ca933-740e-4dbf-b2ec-16ce1f793936: 23 groups; 20.3 s; peak memory 1368 MiB.
2026-10-04T08:39:19Z INFO [854/900] 348cb079-5743-4f57-8cde-9113507e6c91: 341 groups; 1.3 s; peak memory 1368 MiB.
2026-10-04T08:39:19Z INFO [855/900] 348cc9bb-0865-4a65-9b42-4f8d3dcc32ca: 32 groups; 0.6 s; peak memory 1368 MiB.
2026-10-04T08:39:20Z INFO [856/900] 348cf906-cd23-4846-a472-afd32f246cbc: 206 groups; 1.0 s; peak memory 1368 MiB.
2026-10-04T08:39:23Z INFO [857/900] 348d390e-4a52-4a9d-ba69-49bfb562fab5: 105 groups; 2.8 s; peak memory 1368 MiB.
2026-10-04T08:40:58Z INFO [858/900] 348d8e58-76df-4e62-95b8-5a29580a809c: 45 groups; 94.8 s; peak memory 1368 MiB.
2026-10-04T08:40:59Z INFO [859/900] 348db3f0-6999-4759-aa59-e69c66bf3b80: 25 groups; 0.7 s; peak memory 1368 MiB.
2026-10-04T08:40:59Z INFO [860/900] 348e3928-96fa-4f32-bee4-40c85cc42bbf: 31 groups; 0.5 s; peak memory 1368 MiB.
2026-10-04T08:41:03Z INFO [861/900] 348e74fd-e056-4fef-ad38-d18b78c87501: 163 groups; 3.7 s; peak memory 1368 MiB.
2026-10-04T08:41:04Z INFO [862/900] 348f61fe-2f04-430c-b5eb-b283ca5d2105: 32 groups; 0.7 s; peak memory 1368 MiB.
2026-10-04T08:41:04Z INFO [863/900] 348f841f-94a1-47dc-8c09-2478cf96fb36: 22 groups; 0.6 s; peak memory 1368 MiB.
2026-10-04T08:41:06Z INFO [864/900] 348f8c95-accb-40c5-86e1-b6d88735a5ff: 48 groups; 1.4 s; peak memory 1368 MiB.
2026-10-04T08:41:06Z INFO [865/900] 3490242d-1d21-42b8-82d0-dd24ab53399b: 103 groups; 0.7 s; peak memory 1368 MiB.
2026-10-04T08:41:07Z INFO [866/900] 3491045a-d04d-40bd-ac5a-221f418af5e1: 32 groups; 0.6 s; peak memory 1368 MiB.
2026-10-04T08:41:08Z INFO [867/900] 3491bafc-2c22-464b-a2bb-f25af5d3a038: 207 groups; 1.3 s; peak memory 1368 MiB.
2026-10-04T08:41:21Z INFO [868/900] 3492bbdf-769d-4b28-b38c-715d6cb2a283: 490 groups; 13.0 s; peak memory 1368 MiB.
2026-10-04T08:41:22Z INFO [869/900] 3492d9d1-3f74-41af-b927-e1819d85ee12: 22 groups; 0.5 s; peak memory 1368 MiB.
2026-10-04T08:41:22Z INFO [870/900] 34931f00-b460-4c71-9829-6a4175c4911d: 22 groups; 0.5 s; peak memory 1368 MiB.
2026-10-04T08:41:23Z INFO [871/900] 34933093-500c-4eea-ba53-2eaf6d5cbcc6: 54 groups; 1.3 s; peak memory 1368 MiB.
2026-10-04T08:41:24Z INFO [872/900] 34936e71-e5e2-43f6-bfbd-00e0386f6f87: 25 groups; 0.5 s; peak memory 1368 MiB.
2026-10-04T08:41:26Z INFO [873/900] 3493cd7a-12d9-4310-a12d-397e4e5897b5: 751 groups; 1.8 s; peak memory 1368 MiB.
2026-10-04T08:41:26Z INFO [874/900] 3493db7e-be8e-40fd-b1eb-2aa771d86069: 22 groups; 0.6 s; peak memory 1368 MiB.
2026-10-04T08:41:30Z INFO [875/900] 3493f948-4e09-44f5-9a55-592979e4bc98: 66 groups; 3.7 s; peak memory 1368 MiB.
2026-10-04T08:41:30Z INFO [876/900] 34943e40-5386-4765-919b-14d1abccfbdc: 16 groups; 0.4 s; peak memory 1368 MiB.
2026-10-04T08:55:56Z INFO [877/900] 34951241-1637-413b-b95d-28ee3db02975: 61 groups; 865.6 s; peak memory 1368 MiB.
2026-10-04T08:55:57Z INFO [878/900] 3496281f-adcc-43fd-b398-ba42eed8e909: 199 groups; 0.8 s; peak memory 1368 MiB.
2026-10-04T08:55:58Z INFO [879/900] 34963305-e550-4a79-9d36-6c8004036066: 195 groups; 0.9 s; peak memory 1368 MiB.
2026-10-04T08:55:59Z INFO [880/900] 34964cb7-76e9-4758-a4bc-dd43b5b33c7c: 35 groups; 0.8 s; peak memory 1368 MiB.
2026-10-04T08:55:59Z INFO [881/900] 34974e52-0c83-4bdc-85a4-fcab98e03f98: 202 groups; 0.8 s; peak memory 1368 MiB.
2026-10-04T08:56:00Z INFO [882/900] 349868a8-7e14-4fb3-96d0-21f49ac3a0d7: 25 groups; 0.4 s; peak memory 1368 MiB.
2026-10-04T08:56:00Z INFO [883/900] 34987122-455b-4aad-8c80-98ea8837b7ac: 26 groups; 0.6 s; peak memory 1368 MiB.
2026-10-04T08:56:01Z INFO [884/900] 349a17fd-512d-4931-8614-2fdd02d8942e: 29 groups; 0.5 s; peak memory 1368 MiB.
2026-10-04T08:56:01Z INFO [885/900] 349a4e94-578b-456b-a404-660f34ed6276: 16 groups; 0.4 s; peak memory 1368 MiB.
2026-10-04T08:56:02Z INFO [886/900] 349ab557-1245-430c-bced-1951c0f74675: 32 groups; 0.6 s; peak memory 1368 MiB.
2026-10-04T08:56:02Z INFO [887/900] 349ad9ff-b19a-42ba-9fca-c81596688ab2: 26 groups; 0.4 s; peak memory 1368 MiB.
2026-10-04T08:56:03Z INFO [888/900] 349b99c0-ee45-4e84-9a7f-9d6d17e13643: 17 groups; 0.4 s; peak memory 1368 MiB.
2026-10-04T08:56:06Z INFO [889/900] 349c9a60-baa6-4f1f-af54-c615000529bb: 67 groups; 3.7 s; peak memory 1368 MiB.
2026-10-04T08:56:07Z INFO [890/900] 349cf74a-c22d-4278-a7dc-161b5d75cfbd: 253 groups; 0.6 s; peak memory 1368 MiB.
2026-10-04T08:56:08Z INFO [891/900] 349d2bad-f14e-4f71-8dd1-a5a7a232daf3: 49 groups; 0.9 s; peak memory 1368 MiB.
2026-10-04T08:56:12Z INFO [892/900] 349d6f1f-fb60-4958-93d0-faa0dfa470ea: 123 groups; 4.5 s; peak memory 1368 MiB.
2026-10-04T08:57:50Z INFO [893/900] 349e3e1d-72fd-47f8-81fe-32389d67ed44: 60 groups; 98.1 s; peak memory 1368 MiB.
2026-10-04T08:57:59Z INFO [894/900] 349e5ade-f7f8-40c4-a3e9-8c8e25647477: 263 groups; 8.6 s; peak memory 1368 MiB.
2026-10-04T08:58:00Z INFO [895/900] 349ec03b-017f-4f9f-9916-79ba6c22a6dc: 35 groups; 0.9 s; peak memory 1368 MiB.
2026-10-04T08:58:00Z INFO [896/900] 349fc370-238f-4d0c-9c45-925c2bfae972: 22 groups; 0.5 s; peak memory 1368 MiB.
2026-10-04T08:58:01Z INFO [897/900] 34a135d1-257b-4007-9901-1b9b33004a05: 25 groups; 0.5 s; peak memory 1368 MiB.
2026-10-04T08:58:02Z INFO [898/900] 34a169a7-70d9-494e-98ac-2ace55335689: 48 groups; 1.4 s; peak memory 1368 MiB.
2026-10-04T08:58:09Z INFO [899/900] 34a21b08-b149-437d-a429-bdade7ac7a88: 287 groups; 6.6 s; peak memory 1368 MiB.
2026-10-04T08:58:10Z INFO [900/900] 34a26a5b-d920-40dd-8bc2-983c25327474: 201 groups; 0.8 s; peak memory 1368 MiB.
2026-10-04T08:58:10Z INFO [900/900] 34a26a5b-d920-40dd-8bc2-983c25327474: checkpointed 72436 records.
2026-10-04T08:58:10Z INFO Wrote 72436 records to /tmp/derivatives/valid_nwb_file_to_number_of_groups.jsonl (900 new, 0 failed) in 116.5 min (peak memory 1368 MiB).
