2026-10-07T19:51:44Z INFO Logging to /tmp/logs/update_2026-10-07T19-51-44Z.log.
2026-10-07T19:51:44Z INFO Update valid-nwb-file-to-number-of-groups (base directory /tmp).
2026-10-07T19:51:44Z INFO Processing 900 items (94936 already recorded).
2026-10-07T19:52:14Z INFO [1/900] 638fdce0-0627-4dab-84f9-03e300890ba8: 17 groups; 30.6 s; peak memory 155 MiB.
2026-10-07T19:54:20Z INFO [2/900] 63901155-14ca-40ac-b963-b4b437044bcc: 60 groups; 125.4 s; peak memory 267 MiB.
2026-10-07T19:54:22Z INFO [3/900] 63902fc4-43e1-45e4-8568-19a66ab281f4: 47 groups; 2.7 s; peak memory 267 MiB.
2026-10-07T19:54:24Z INFO [4/900] 63903eec-251e-492c-92b9-1bb53552baf6: 48 groups; 1.7 s; peak memory 267 MiB.
2026-10-07T19:54:25Z INFO [5/900] 63904531-4c59-4431-9e41-80cd6de7e460: 199 groups; 1.2 s; peak memory 268 MiB.
2026-10-07T19:54:27Z INFO [6/900] 63909757-0de8-40c9-a917-ada87c41df63: 35 groups; 1.2 s; peak memory 268 MiB.
2026-10-07T19:54:29Z INFO [7/900] 6390fb74-9f8f-4780-a511-e027cb1bbcde: 206 groups; 2.0 s; peak memory 268 MiB.
2026-10-07T19:54:30Z INFO [8/900] 6391d4d6-82c1-4429-8ba4-c8a6a50a4311: 35 groups; 1.2 s; peak memory 268 MiB.
2026-10-07T19:54:31Z INFO [9/900] 6391fa69-697d-413f-8432-cff5146c97e7: 22 groups; 0.9 s; peak memory 268 MiB.
2026-10-07T19:54:37Z INFO [10/900] 63926cf1-4bc1-4482-8ef5-5a644c71cd99: 53 groups; 6.5 s; peak memory 268 MiB.
2026-10-07T19:54:38Z INFO [11/900] 6393567b-7107-476f-aae4-53e353effc1d: 32 groups; 1.2 s; peak memory 268 MiB.
2026-10-07T19:54:44Z INFO [12/900] 63937b59-f5a6-4eb5-82b2-92cfc7065a7e: 143 groups; 5.7 s; peak memory 268 MiB.
2026-10-07T19:54:51Z INFO [13/900] 6394385f-3d49-4da3-97d8-b30cf138d740: 120 groups; 6.6 s; peak memory 268 MiB.
2026-10-07T19:54:52Z INFO [14/900] 6395104d-cf24-459c-b6ca-f2bbd181a0ca: 48 groups; 1.1 s; peak memory 268 MiB.
2026-10-07T19:54:53Z INFO [15/900] 63955115-1011-4fdd-b0f3-4866ea067acb: 35 groups; 1.2 s; peak memory 269 MiB.
2026-10-07T19:54:54Z INFO [16/900] 63957185-34ff-47dc-8f35-795414fca48c: 25 groups; 1.1 s; peak memory 269 MiB.
2026-10-07T19:54:55Z INFO [17/900] 63970f17-b946-4e0e-863c-bcee3e805fb8: 22 groups; 1.0 s; peak memory 269 MiB.
2026-10-07T19:55:08Z INFO [18/900] 63971803-2d8a-4316-92c4-6aa40a83a873: 27 groups; 12.5 s; peak memory 269 MiB.
2026-10-07T19:55:08Z INFO [19/900] 6399601e-a38e-4fb7-a580-a140414aeefa: 22 groups; 0.9 s; peak memory 270 MiB.
2026-10-07T19:55:29Z INFO [20/900] 639ad1a6-04d2-4110-9511-2af79726b252: 23 groups; 21.0 s; peak memory 270 MiB.
2026-10-07T19:55:30Z INFO [21/900] 639b74e8-7554-46fb-9c77-5869fb7fa688: 32 groups; 1.0 s; peak memory 270 MiB.
2026-10-07T19:55:31Z INFO [22/900] 639d60dd-b9e6-471f-82c3-d974c29b91a7: 22 groups; 0.8 s; peak memory 270 MiB.
2026-10-07T19:55:32Z INFO [23/900] 639d735c-7366-4883-9dfe-ad72a0a95dd6: 30 groups; 0.8 s; peak memory 270 MiB.
2026-10-07T19:55:33Z INFO [24/900] 639dbd24-4c06-4d9a-9aa7-707c65a723ec: 22 groups; 1.0 s; peak memory 270 MiB.
2026-10-07T19:55:34Z INFO [25/900] 639dcc01-400b-46f0-922d-d8502bf96279: 103 groups; 0.9 s; peak memory 270 MiB.
2026-10-07T19:55:36Z INFO [26/900] 639e834f-5577-4085-b9b5-dc1bbe8e52cc: 44 groups; 1.6 s; peak memory 270 MiB.
2026-10-07T19:55:37Z INFO [27/900] 639eaa35-4bb2-4a2a-b635-79b02fd267ce: 27 groups; 1.5 s; peak memory 270 MiB.
2026-10-07T19:55:39Z INFO [28/900] 639f32e3-3cea-4f05-985b-c8d7470225d6: 200 groups; 1.8 s; peak memory 270 MiB.
2026-10-07T19:55:40Z INFO [29/900] 639fcc50-b904-4376-befc-736baf462910: 195 groups; 1.4 s; peak memory 270 MiB.
2026-10-07T19:55:41Z INFO [30/900] 639ff6cd-3ba9-448f-904f-6565d628534a: 16 groups; 0.6 s; peak memory 270 MiB.
2026-10-07T19:55:46Z INFO [31/900] 63a08250-6592-41d4-9be5-cb9726683080: 168 groups; 5.3 s; peak memory 270 MiB.
2026-10-07T19:55:47Z INFO [32/900] 63a097a5-e1ec-4d99-af37-4b2ffc786d57: 32 groups; 1.0 s; peak memory 270 MiB.
2026-10-07T20:17:08Z INFO [33/900] 63a1e9c9-842e-471c-9dc1-a492b09d67ff: 61 groups; 1280.6 s; peak memory 1106 MiB.
2026-10-07T20:17:08Z INFO [34/900] 63a22c1c-1631-47a6-b845-4cf1a58b755b: 16 groups; 0.7 s; peak memory 1106 MiB.
2026-10-07T20:17:11Z INFO [35/900] 63a2bebb-69eb-4251-ae5a-2fc3dc40830a: 48 groups; 2.6 s; peak memory 1106 MiB.
2026-10-07T20:17:12Z INFO [36/900] 63a2fbe9-985f-4619-afaa-4b2d52bebddf: 22 groups; 1.0 s; peak memory 1106 MiB.
2026-10-07T20:17:13Z INFO [37/900] 63a307af-c451-43eb-b866-578823b34743: 22 groups; 0.7 s; peak memory 1106 MiB.
2026-10-07T20:17:20Z INFO [38/900] 63a33481-daa7-43f0-982e-998ce50ca674: 172 groups; 7.0 s; peak memory 1106 MiB.
2026-10-07T20:17:29Z INFO [39/900] 63a439f7-2d29-4fd0-9e09-69cc89de7d68: 188 groups; 9.3 s; peak memory 1106 MiB.
2026-10-07T20:17:30Z INFO [40/900] 63a45b37-33a2-40cb-b359-3c9a9a8e7ddc: 336 groups; 1.4 s; peak memory 1106 MiB.
2026-10-07T20:17:31Z INFO [41/900] 63a52b90-f37d-402c-9c30-8f7e6411e706: 32 groups; 1.0 s; peak memory 1106 MiB.
2026-10-07T20:17:40Z INFO [42/900] 63a5b5db-e36a-4aeb-8c27-6896e9cb3c62: 322 groups; 8.7 s; peak memory 1106 MiB.
2026-10-07T20:17:46Z INFO [43/900] 63a635d3-8602-4e3a-b05f-253fbf481141: 1883 groups; 6.1 s; peak memory 1106 MiB.
2026-10-07T20:17:49Z INFO [44/900] 63a638cf-b942-4408-93db-51516534072d: 50 groups; 2.5 s; peak memory 1106 MiB.
2026-10-07T20:17:49Z INFO [45/900] 63a64e84-2a2f-4d36-9909-20132c8216ea: 31 groups; 0.9 s; peak memory 1106 MiB.
2026-10-07T20:17:50Z INFO [46/900] 63a736a9-c50d-47e5-8f6d-02bccd57e419: 16 groups; 0.7 s; peak memory 1106 MiB.
2026-10-07T20:17:54Z INFO [47/900] 63a749c1-6504-4f50-afbc-fd461ecd3380: 181 groups; 3.7 s; peak memory 1106 MiB.
2026-10-07T20:17:56Z INFO [48/900] 63a7835c-b45e-4688-a697-4ae2c7a84421: 336 groups; 2.5 s; peak memory 1106 MiB.
2026-10-07T20:18:20Z INFO [49/900] 63a7f347-a24f-4ad6-a7bb-b34ebb71af4f: 23 groups; 23.6 s; peak memory 1106 MiB.
2026-10-07T20:18:21Z INFO [50/900] 63a8245c-9a2b-438a-a705-bad52d36a3dc: 35 groups; 1.4 s; peak memory 1106 MiB.
2026-10-07T20:18:22Z INFO [50/900] 63a8245c-9a2b-438a-a705-bad52d36a3dc: checkpointed 94986 records.
2026-10-07T20:18:23Z INFO [51/900] 63a83b24-86d6-4420-a91c-86fb614657a5: 22 groups; 1.0 s; peak memory 1106 MiB.
2026-10-07T20:18:24Z INFO [52/900] 63a8e7c6-da06-4b21-8edd-96e9699b4cb7: 206 groups; 1.4 s; peak memory 1106 MiB.
2026-10-07T20:18:25Z INFO [53/900] 63a936f6-191d-4be7-9b90-432cf342079c: 32 groups; 1.3 s; peak memory 1106 MiB.
2026-10-07T20:18:26Z INFO [54/900] 63a96252-d0b2-496a-8ac7-81d5402e0db9: 35 groups; 1.2 s; peak memory 1106 MiB.
2026-10-07T20:18:28Z INFO [55/900] 63a9e1f1-ffd5-4162-add0-2f71c1430f90: 35 groups; 1.2 s; peak memory 1106 MiB.
2026-10-07T20:18:29Z INFO [56/900] 63aab5bd-5c9c-4978-bb5a-e2b736b5d950: 32 groups; 1.0 s; peak memory 1106 MiB.
2026-10-07T20:18:29Z INFO [57/900] 63abbc1e-8e35-4957-9a89-9bed0accc536: 33 groups; 0.8 s; peak memory 1106 MiB.
2026-10-07T20:18:30Z INFO [58/900] 63ac8059-2a0f-4adf-b3ba-fa30ee1c44ca: 22 groups; 1.0 s; peak memory 1106 MiB.
2026-10-07T20:18:31Z INFO [59/900] 63acb847-2962-4b93-8407-ac68c7401390: 30 groups; 1.1 s; peak memory 1106 MiB.
2026-10-07T20:18:44Z INFO [60/900] 63acbe1f-6690-48bf-9a27-3a7c1782d540: 256 groups; 12.2 s; peak memory 1106 MiB.
2026-10-07T20:18:45Z INFO [61/900] 63adc305-162b-477d-a1ce-097c95a722c3: 22 groups; 1.3 s; peak memory 1106 MiB.
2026-10-07T20:18:46Z INFO [62/900] 63aea2b7-bc68-450f-8087-dadd85a7b9fe: 22 groups; 1.0 s; peak memory 1106 MiB.
2026-10-07T20:18:47Z INFO [63/900] 63aeee04-2c00-44e9-a9f1-789b056b259c: 22 groups; 1.1 s; peak memory 1106 MiB.
2026-10-07T20:18:48Z INFO [64/900] 63aef58c-6533-4263-bcf9-814c7bed3bb8: 31 groups; 1.0 s; peak memory 1106 MiB.
2026-10-07T20:18:55Z INFO [65/900] 63af09be-eae9-46e1-b1c3-a86e140ff73a: 223 groups; 6.6 s; peak memory 1106 MiB.
2026-10-07T20:18:56Z INFO [66/900] 63afe95e-6f19-45a2-b2e7-86054b700fa0: 31 groups; 1.2 s; peak memory 1106 MiB.
2026-10-07T20:18:57Z INFO [67/900] 63affdd0-9d9c-4cb9-bc23-d5f032cc7d0f: 22 groups; 1.0 s; peak memory 1106 MiB.
2026-10-07T20:19:00Z INFO [68/900] 63b3adf9-737b-4860-9afd-cea5863283a8: 22 groups; 2.7 s; peak memory 1106 MiB.
2026-10-07T20:19:01Z INFO [69/900] 63b4954f-a43e-4aaa-bfb9-9551460f2fff: 32 groups; 1.1 s; peak memory 1106 MiB.
2026-10-07T20:19:05Z INFO [70/900] 63b53505-8a26-4bc5-bc62-667d155d68f2: 75 groups; 3.9 s; peak memory 1106 MiB.
2026-10-07T20:19:06Z INFO [71/900] 63b5c250-9c47-4ff6-bd2d-44bd4b9ef46d: 32 groups; 1.1 s; peak memory 1106 MiB.
2026-10-07T20:19:06Z INFO [72/900] 63b69ba0-7192-4f31-b392-51414a2d7a8c: 32 groups; 0.8 s; peak memory 1106 MiB.
2026-10-07T20:19:07Z INFO [73/900] 63b6eba2-e2ef-4fa7-a71d-5a42dd487308: 25 groups; 0.7 s; peak memory 1106 MiB.
2026-10-07T20:19:08Z INFO [74/900] 63b70e10-2d51-44ca-b10e-1004d7b648fe: 31 groups; 0.8 s; peak memory 1106 MiB.
2026-10-07T20:19:13Z INFO [75/900] 63b75141-06a6-42fe-aa77-2499de933e33: 70 groups; 5.5 s; peak memory 1106 MiB.
2026-10-07T20:19:31Z INFO [76/900] 63b7c7c5-990b-4ec3-ac8c-506818c2e971: 27 groups; 17.2 s; peak memory 1106 MiB.
2026-10-07T20:19:39Z INFO [77/900] 63b7fb67-f6f9-4f50-aa65-105fb843ffee: 104 groups; 8.5 s; peak memory 1106 MiB.
2026-10-07T20:19:40Z INFO [78/900] 63b97cf5-d7df-45ed-b58a-77d6fecd3779: 32 groups; 0.9 s; peak memory 1106 MiB.
2026-10-07T20:22:12Z INFO [79/900] 63b9b53a-d6c1-4baf-bdc6-21b8e5fb6f13: 77 groups; 151.5 s; peak memory 1106 MiB.
2026-10-07T20:22:13Z INFO [80/900] 63ba0ff0-e96c-4387-97ad-c1ada0f04b60: 33 groups; 1.2 s; peak memory 1106 MiB.
2026-10-07T20:22:19Z INFO [81/900] 63ba7461-7f3f-4ee0-b613-ed8ad816bc0b: 202 groups; 5.9 s; peak memory 1106 MiB.
2026-10-07T20:22:20Z INFO [82/900] 63ba81f2-ad67-4bb1-bc2e-fd4941150036: 32 groups; 1.1 s; peak memory 1106 MiB.
2026-10-07T20:22:24Z INFO [83/900] 63bb0af4-6985-4c1e-b9d2-05063b3bdd30: 62 groups; 3.8 s; peak memory 1106 MiB.
2026-10-07T20:22:24Z INFO [84/900] 63bbd290-4575-4a35-9e8c-abaf13d08b69: 22 groups; 0.9 s; peak memory 1106 MiB.
2026-10-07T20:22:25Z INFO [85/900] 63bcd5a4-15ef-4de6-a576-619b86c81ab4: 22 groups; 1.0 s; peak memory 1106 MiB.
2026-10-07T20:22:45Z INFO [86/900] 63bd2650-8b68-4fc5-9dcb-a579614f74d3: 1304 groups; 19.1 s; peak memory 1106 MiB.
2026-10-07T20:22:51Z INFO [87/900] 63bd8eea-1fff-4980-b1e2-3dc365f1d085: 172 groups; 5.9 s; peak memory 1106 MiB.
2026-10-07T20:23:01Z INFO [88/900] 63be97ff-2f6a-48f9-9aaf-1615c9c39320: 330 groups; 10.3 s; peak memory 1106 MiB.
2026-10-07T20:23:02Z INFO [89/900] 63bf00ba-6dac-4d5b-ae59-b0237426b7f8: 26 groups; 0.8 s; peak memory 1106 MiB.
2026-10-07T20:23:02Z INFO [90/900] 63bf1883-6d6a-45c6-8731-7edc9a342e65: 18 groups; 0.8 s; peak memory 1106 MiB.
2026-10-07T20:23:04Z INFO [91/900] 63bf919a-3124-42a3-bbdc-f3f4e7d25cc1: 22 groups; 1.1 s; peak memory 1106 MiB.
2026-10-07T20:23:05Z INFO [92/900] 63c035b4-eddb-4ce2-b330-7bc8fa2edade: 35 groups; 1.5 s; peak memory 1106 MiB.
2026-10-07T20:23:06Z INFO [93/900] 63c148c1-394c-4e17-9d8a-9f9e7fb14aea: 32 groups; 1.1 s; peak memory 1106 MiB.
2026-10-07T20:23:07Z INFO [94/900] 63c1a767-cb10-40b6-86a0-df63901f1341: 200 groups; 1.1 s; peak memory 1106 MiB.
2026-10-07T20:23:17Z INFO [95/900] 63c1acd6-6b27-4982-b87f-06e12461398c: 88 groups; 10.2 s; peak memory 1106 MiB.
2026-10-07T20:23:18Z INFO [96/900] 63c1eab1-46cf-4a0f-9027-253d67994fcc: 22 groups; 0.9 s; peak memory 1106 MiB.
2026-10-07T20:23:24Z INFO [97/900] 63c1fbf6-36f0-416b-8fad-367ac8d9c200: 66 groups; 5.3 s; peak memory 1106 MiB.
2026-10-07T20:23:26Z INFO [98/900] 63c28720-d55e-43cf-b592-37780e05aaee: 194 groups; 2.2 s; peak memory 1106 MiB.
2026-10-07T20:23:27Z INFO [99/900] 63c2b9e5-56f3-446a-a951-55155dd29ae7: 194 groups; 1.4 s; peak memory 1106 MiB.
2026-10-07T20:23:33Z INFO [100/900] 63c32b6d-d1a6-4055-9211-8266e361aa03: 149 groups; 5.9 s; peak memory 1106 MiB.
2026-10-07T20:23:33Z INFO [100/900] 63c32b6d-d1a6-4055-9211-8266e361aa03: checkpointed 95036 records.
2026-10-07T20:27:43Z INFO [101/900] 63c36432-78b2-4dbb-89d7-de5d848e440e: 64 groups; 249.5 s; peak memory 1106 MiB.
2026-10-07T20:27:44Z INFO [102/900] 63c38def-6d5b-4576-85f1-8c3213af7714: 202 groups; 1.4 s; peak memory 1106 MiB.
2026-10-07T20:27:45Z INFO [103/900] 63c40347-5841-4ae2-be19-ca4dc9ca5265: 16 groups; 0.9 s; peak memory 1106 MiB.
2026-10-07T20:27:46Z INFO [104/900] 63c46a43-7547-44be-9cc9-e82db5fe6ae1: 194 groups; 1.2 s; peak memory 1106 MiB.
2026-10-07T20:27:48Z INFO [105/900] 63c4ae51-9e8f-425a-8a0b-ce10b996a2a9: 33 groups; 1.4 s; peak memory 1106 MiB.
2026-10-07T20:27:49Z INFO [106/900] 63c4bcc9-9674-42c5-86df-b9f47f3748bb: 35 groups; 1.1 s; peak memory 1106 MiB.
2026-10-07T20:27:50Z INFO [107/900] 63c66507-39c4-4ad5-9db2-048e12194074: 199 groups; 1.1 s; peak memory 1106 MiB.
2026-10-07T20:27:51Z INFO [108/900] 63c7316d-cc5c-4b15-a1c6-f0bd40db84c9: 35 groups; 1.1 s; peak memory 1106 MiB.
2026-10-07T20:28:00Z INFO [109/900] 63c91409-b19b-4693-99f8-6105281ec244: 309 groups; 8.7 s; peak memory 1106 MiB.
2026-10-07T20:28:01Z INFO [110/900] 63c92467-a5d1-45eb-aab6-939269446d92: 18 groups; 1.0 s; peak memory 1106 MiB.
2026-10-07T20:28:02Z INFO [111/900] 63c92864-e48f-44f8-8d29-4868d9312e61: 53 groups; 1.9 s; peak memory 1106 MiB.
2026-10-07T20:28:06Z INFO [112/900] 63ca3c18-4d29-4cea-af0e-c42a11a5e6cc: 137 groups; 3.6 s; peak memory 1106 MiB.
2026-10-07T20:28:07Z INFO [113/900] 63ca5e5a-2b91-4b3a-8ee3-a5f501023599: 16 groups; 0.7 s; peak memory 1106 MiB.
2026-10-07T20:28:08Z INFO [114/900] 63cb4814-edb1-43d8-aac7-05e7449c53a1: 22 groups; 0.9 s; peak memory 1106 MiB.
2026-10-07T20:28:09Z INFO [115/900] 63cb9b51-57c7-4ff6-9705-a849e959aa4b: 336 groups; 1.6 s; peak memory 1106 MiB.
2026-10-07T20:28:12Z INFO [116/900] 63cbbea6-39e9-48e8-96f8-74b2d32ca15e: 50 groups; 3.0 s; peak memory 1106 MiB.
2026-10-07T20:28:13Z INFO [117/900] 63cd024f-7057-4a87-8b25-bd00be5d43ae: 36 groups; 1.0 s; peak memory 1106 MiB.
2026-10-07T20:28:14Z INFO [118/900] 63cda596-da20-4c04-991c-d07a42bbfac8: 16 groups; 0.7 s; peak memory 1106 MiB.
2026-10-07T20:28:16Z INFO [119/900] 63cdadae-cbed-4475-9869-21b9415ba295: 37 groups; 1.8 s; peak memory 1106 MiB.
2026-10-07T20:28:17Z INFO [120/900] 63ce7e74-cf84-442e-bbcf-66ee874f1060: 35 groups; 1.4 s; peak memory 1106 MiB.
2026-10-07T20:28:19Z INFO [121/900] 63ce7f78-2d44-451e-80fc-4fa1deda7a26: 36 groups; 1.3 s; peak memory 1106 MiB.
2026-10-07T20:28:19Z INFO [122/900] 63cf4f59-ea52-48b5-90af-d414ddbddcfe: 32 groups; 0.9 s; peak memory 1106 MiB.
2026-10-07T20:28:20Z INFO [123/900] 63d069cc-f51d-4376-99e5-7ce22b0fab4f: 22 groups; 0.8 s; peak memory 1106 MiB.
2026-10-07T20:28:21Z INFO [124/900] 63d0a733-a201-44ff-88c1-15c58e947f37: 22 groups; 0.9 s; peak memory 1106 MiB.
2026-10-07T20:28:22Z INFO [125/900] 63d0c88d-7bcf-4635-8cf8-aa94733f19df: 22 groups; 0.8 s; peak memory 1106 MiB.
2026-10-07T20:28:38Z INFO [126/900] 63d20e4c-78c4-48bf-b778-d92f579171d6: 295 groups; 16.1 s; peak memory 1106 MiB.
2026-10-07T20:28:40Z INFO [127/900] 63d22c23-e107-4644-a5f3-75a96b4c526b: 58 groups; 1.9 s; peak memory 1106 MiB.
2026-10-07T20:28:41Z INFO [128/900] 63d24288-87b6-4dfd-b347-6f3959971623: 16 groups; 0.8 s; peak memory 1106 MiB.
2026-10-07T20:28:59Z INFO [129/900] 63d265f1-9734-421c-8cf8-215b664a2397: 270 groups; 18.0 s; peak memory 1106 MiB.
2026-10-07T20:29:00Z INFO [130/900] 63d3d313-19ab-4494-88a5-ce69e2b9bd20: 32 groups; 1.1 s; peak memory 1106 MiB.
2026-10-07T20:29:46Z INFO [131/900] 63d43c8f-3519-41bf-b85f-283712b47392: 26 groups; 46.1 s; peak memory 1106 MiB.
2026-10-07T20:29:47Z INFO [132/900] 63d44654-a93e-4158-9e33-9425decf93bf: 22 groups; 1.0 s; peak memory 1106 MiB.
2026-10-07T20:29:53Z INFO [133/900] 63d4ce49-754b-438a-bf00-e66e2504183a: 177 groups; 6.2 s; peak memory 1106 MiB.
2026-10-07T20:29:54Z INFO [134/900] 63d5924a-0130-4772-907f-105a8f9e999d: 22 groups; 0.9 s; peak memory 1106 MiB.
2026-10-07T20:29:55Z INFO [135/900] 63d5b247-49f2-498c-999f-27f800c28dee: 32 groups; 1.0 s; peak memory 1106 MiB.
2026-10-07T20:29:56Z INFO [136/900] 63d70d8d-dcf5-4aac-babb-51aaea6200e9: 22 groups; 1.0 s; peak memory 1106 MiB.
2026-10-07T20:29:57Z INFO [137/900] 63d958f3-4233-484c-8851-845b5cdf2b0e: 32 groups; 0.8 s; peak memory 1106 MiB.
2026-10-07T20:29:58Z INFO [138/900] 63d963b8-e828-4c26-ad35-3489995467d0: 30 groups; 1.1 s; peak memory 1106 MiB.
2026-10-07T20:29:59Z INFO [139/900] 63da67b6-d5fb-4812-971e-13e30c2192c7: 30 groups; 0.8 s; peak memory 1106 MiB.
2026-10-07T20:30:00Z INFO [140/900] 63db17ea-1650-4555-b6d9-cb7600749671: 33 groups; 1.7 s; peak memory 1106 MiB.
2026-10-07T20:30:09Z INFO [141/900] 63db5d13-8c21-41bd-8805-cbe5bfdaa068: 656 groups; 8.4 s; peak memory 1106 MiB.
2026-10-07T20:30:09Z INFO [142/900] 63db7106-9c83-4c62-b4bf-a511300aef75: 32 groups; 0.8 s; peak memory 1106 MiB.
2026-10-07T20:30:11Z INFO [143/900] 63dbde83-520b-45ba-a67d-57fb684a61d5: 341 groups; 1.3 s; peak memory 1106 MiB.
2026-10-07T20:30:17Z INFO [144/900] 63dc4b1d-fb3a-4140-8f13-eb8d0385314f: 121 groups; 6.0 s; peak memory 1106 MiB.
2026-10-07T20:30:18Z INFO [145/900] 63dc53e1-20b8-4331-bbc6-80699dd437c7: 33 groups; 0.9 s; peak memory 1106 MiB.
2026-10-07T20:30:18Z INFO [146/900] 63dc5c82-afa6-4a63-8eb4-3f4c82daf648: 22 groups; 0.8 s; peak memory 1106 MiB.
2026-10-07T20:30:20Z INFO [147/900] 63dc94d8-0bb4-4460-80a3-0946461c3c5a: 32 groups; 1.1 s; peak memory 1106 MiB.
2026-10-07T20:30:21Z INFO [148/900] 63dd3814-68f5-41d2-b0d9-61fd4c3a83ab: 32 groups; 1.1 s; peak memory 1106 MiB.
2026-10-07T20:30:21Z INFO [149/900] 63de17ac-0a2b-418b-90f8-9c478462d1f2: 28 groups; 0.7 s; peak memory 1106 MiB.
2026-10-07T20:30:22Z INFO [150/900] 63de1c6c-a72c-4b9f-8363-550cc86f8c02: 22 groups; 0.8 s; peak memory 1106 MiB.
2026-10-07T20:30:22Z INFO [150/900] 63de1c6c-a72c-4b9f-8363-550cc86f8c02: checkpointed 95086 records.
2026-10-07T20:30:24Z INFO [151/900] 63dea9d4-7e0f-49f6-aaad-d8837375d267: 34 groups; 1.7 s; peak memory 1106 MiB.
2026-10-07T20:30:25Z INFO [152/900] 63dec835-cd47-4a7a-910d-41ff90b896b2: 35 groups; 1.2 s; peak memory 1106 MiB.
2026-10-07T20:30:26Z INFO [153/900] 63dee178-94e6-41ea-9afd-f84253e97053: 30 groups; 0.7 s; peak memory 1106 MiB.
2026-10-07T20:30:31Z INFO [154/900] 63df65a0-fe08-4558-adc5-00d3828d7e07: 181 groups; 4.9 s; peak memory 1106 MiB.
2026-10-07T20:30:40Z INFO [155/900] 63e02cb9-a2fc-4bf0-bf4c-e3c37bbaa4b7: 248 groups; 9.4 s; peak memory 1106 MiB.
2026-10-07T20:30:41Z INFO [156/900] 63e24676-4fc8-49b5-b48c-37be5fccf512: 22 groups; 0.8 s; peak memory 1106 MiB.
2026-10-07T20:30:47Z INFO [157/900] 63e2e48d-4330-4618-bda6-e84f5067d868: 181 groups; 6.0 s; peak memory 1106 MiB.
2026-10-07T20:30:48Z INFO [158/900] 63e2e821-2104-4fcd-9388-42c6bc6f24d6: 35 groups; 1.3 s; peak memory 1106 MiB.
2026-10-07T20:30:50Z INFO [159/900] 63e4ae54-b0de-4265-924e-977100c9a010: 42 groups; 1.2 s; peak memory 1106 MiB.
2026-10-07T20:30:51Z INFO [160/900] 63e51828-cc5c-42be-897a-88efe19a770c: 341 groups; 1.7 s; peak memory 1106 MiB.
2026-10-07T20:31:00Z INFO [161/900] 63e6af1c-54c4-430d-bedd-d46b57b618f0: 175 groups; 8.3 s; peak memory 1106 MiB.
2026-10-07T20:31:01Z INFO [162/900] 63e7b347-6b99-42b2-9ca0-ae3ea1806d9d: 22 groups; 1.1 s; peak memory 1106 MiB.
2026-10-07T20:31:02Z INFO [163/900] 63e7f9ce-f02b-49b7-93d5-03df2593ed50: 32 groups; 1.2 s; peak memory 1106 MiB.
2026-10-07T20:31:04Z INFO [164/900] 63e85c69-3a82-4ecc-b377-f059b6db785e: 22 groups; 1.8 s; peak memory 1106 MiB.
2026-10-07T20:31:05Z INFO [165/900] 63e87c12-4e9a-4b3d-95ce-88fbb80ffdb4: 22 groups; 1.0 s; peak memory 1106 MiB.
2026-10-07T20:31:06Z INFO [166/900] 63e8dbbf-2073-45d3-933a-02c64739a7d6: 22 groups; 1.1 s; peak memory 1106 MiB.
2026-10-07T20:31:08Z INFO [167/900] 63e8de9b-fc56-42c2-82fb-0c5e72e67e17: 33 groups; 1.9 s; peak memory 1106 MiB.
2026-10-07T20:31:09Z INFO [168/900] 63e9971d-5f01-4462-bfa8-deed566036f9: 33 groups; 1.2 s; peak memory 1106 MiB.
2026-10-07T20:31:10Z INFO [169/900] 63ea6ee9-4abe-4f16-abdc-87e0d99bd869: 103 groups; 1.3 s; peak memory 1106 MiB.
2026-10-07T20:31:13Z INFO [170/900] 63ea8637-aeb9-4f41-937c-c4c24d6be088: 62 groups; 3.2 s; peak memory 1106 MiB.
2026-10-07T20:31:14Z INFO [171/900] 63eb5019-b478-4cbb-a7f4-fcdaa0cf200a: 22 groups; 0.9 s; peak memory 1106 MiB.
2026-10-07T20:31:16Z INFO [172/900] 63eb8f49-4969-4f93-a7e2-17acfabdb871: 50 groups; 2.2 s; peak memory 1106 MiB.
2026-10-07T20:31:18Z INFO [173/900] 63ec5dae-8cc5-4007-9308-db4c686847ee: 22 groups; 1.1 s; peak memory 1106 MiB.
2026-10-07T20:31:27Z INFO [174/900] 63edd9fb-6c3e-4ac8-8ecc-c31d3aac619b: 145 groups; 9.0 s; peak memory 1106 MiB.
2026-10-07T20:31:28Z INFO [175/900] 63efe479-eb4d-42a7-8f92-fc30ec5bb214: 32 groups; 1.0 s; peak memory 1106 MiB.
2026-10-07T20:31:29Z INFO [176/900] 63f02654-4e0d-436d-9bc8-7e52f1bbb877: 22 groups; 1.0 s; peak memory 1106 MiB.
2026-10-07T20:31:29Z INFO [177/900] 63f0386f-595e-485b-9168-c46396e435e2: 22 groups; 0.9 s; peak memory 1106 MiB.
2026-10-07T20:31:30Z INFO [178/900] 63f05d81-4169-400c-8bdd-f31932b9f1b5: 22 groups; 0.9 s; peak memory 1106 MiB.
2026-10-07T20:31:32Z INFO [179/900] 63f067bb-35c0-4652-8885-e41a6688994c: 29 groups; 1.4 s; peak memory 1106 MiB.
2026-10-07T20:31:33Z INFO [180/900] 63f0c571-fc1d-440a-ad4e-ef4707ac3ce2: 31 groups; 1.0 s; peak memory 1106 MiB.
2026-10-07T20:31:35Z INFO [181/900] 63f17ff9-e300-4af0-a383-cfe5d36ea0d6: 104 groups; 1.8 s; peak memory 1106 MiB.
2026-10-07T20:31:36Z INFO [182/900] 63f1873c-d40f-4089-a0f9-ad31afc6c785: 22 groups; 1.0 s; peak memory 1106 MiB.
2026-10-07T20:31:37Z INFO [183/900] 63f285ad-d9f1-4919-bd2d-8894e5b01612: 35 groups; 1.2 s; peak memory 1106 MiB.
2026-10-07T20:31:46Z INFO [184/900] 63f2a911-aede-4edc-bd03-0bd97dfc40e2: 292 groups; 9.2 s; peak memory 1106 MiB.
2026-10-07T20:31:47Z INFO [185/900] 63f38238-e9e5-4b57-baeb-3bcbe5891f63: 22 groups; 0.8 s; peak memory 1106 MiB.
2026-10-07T20:31:52Z INFO [186/900] 63f3acfc-9c8e-4760-ab9b-daaa1349cd73: 540 groups; 5.0 s; peak memory 1106 MiB.
2026-10-07T20:31:53Z INFO [187/900] 63f3b074-7938-4603-a232-676daf401301: 253 groups; 1.0 s; peak memory 1106 MiB.
2026-10-07T20:31:57Z INFO [188/900] 63f5403f-c508-4e1a-84b2-0063e50d4151: 142 groups; 4.3 s; peak memory 1106 MiB.
2026-10-07T20:32:00Z INFO [189/900] 63f65bdd-acc6-4568-9ee1-9103a77a0924: 48 groups; 2.6 s; peak memory 1106 MiB.
2026-10-07T20:32:01Z INFO [190/900] 63f6a1da-c360-4ec9-9496-29ecba1866e3: 22 groups; 1.0 s; peak memory 1106 MiB.
2026-10-07T20:32:02Z INFO [191/900] 63f7629c-cc60-432f-8949-572490db44ff: 32 groups; 0.8 s; peak memory 1106 MiB.
2026-10-07T20:32:03Z INFO [192/900] 63f79eac-7529-4c07-b012-fb0ad300d55f: 51 groups; 1.1 s; peak memory 1106 MiB.
2026-10-07T20:32:04Z INFO [193/900] 63f84489-7676-485f-9641-4c9787413aa1: 103 groups; 1.3 s; peak memory 1106 MiB.
2026-10-07T20:32:05Z INFO [194/900] 63f948c4-b80f-4d05-b24b-74d8bdfe8cc7: 35 groups; 1.1 s; peak memory 1106 MiB.
2026-10-07T20:32:06Z INFO [195/900] 63f959d5-b574-435f-a4cc-216b0b9dfdc6: 34 groups; 1.3 s; peak memory 1106 MiB.
2026-10-07T20:32:08Z INFO [196/900] 63f9f83c-a3e7-46c8-afb9-2025a65e8f90: 33 groups; 1.3 s; peak memory 1106 MiB.
2026-10-07T20:32:09Z INFO [197/900] 63fc2dcd-bb89-43f9-a916-4c010186d618: 202 groups; 1.6 s; peak memory 1106 MiB.
2026-10-07T20:34:48Z INFO [198/900] 63fc53a3-162a-4af7-a3a6-6fab5c171cf4: 80 groups; 158.6 s; peak memory 1106 MiB.
2026-10-07T20:34:50Z INFO [199/900] 63fd22e4-d8f8-4566-b94b-0489d2b5aaa9: 33 groups; 1.6 s; peak memory 1106 MiB.
2026-10-07T20:34:51Z INFO [200/900] 63fd3bce-72ff-41ab-926b-c4eca228ea34: 337 groups; 1.5 s; peak memory 1106 MiB.
2026-10-07T20:34:51Z INFO [200/900] 63fd3bce-72ff-41ab-926b-c4eca228ea34: checkpointed 95136 records.
2026-10-07T20:34:52Z INFO [201/900] 63fd7f40-ddd5-4bbd-8758-43d5431dd7ed: 200 groups; 1.0 s; peak memory 1106 MiB.
2026-10-07T20:37:25Z INFO [202/900] 63fdba9e-c206-4a4a-b7fc-7379dc60b8a5: 77 groups; 152.9 s; peak memory 1106 MiB.
2026-10-07T20:37:26Z INFO [203/900] 63fdfd0c-5f8f-4beb-a183-a93a4d5c0088: 32 groups; 1.2 s; peak memory 1106 MiB.
2026-10-07T20:37:27Z INFO [204/900] 63feda6f-8bde-4c66-b4b5-d4c597e12bc7: 21 groups; 1.1 s; peak memory 1106 MiB.
2026-10-07T20:37:28Z INFO [205/900] 63ff1416-3c27-42db-a43e-c5387aa742b3: 22 groups; 1.1 s; peak memory 1106 MiB.
2026-10-07T20:37:29Z INFO [206/900] 63ff8c8c-b077-4a9d-ac90-0a02f871f4f4: 25 groups; 0.9 s; peak memory 1106 MiB.
2026-10-07T20:37:30Z INFO [207/900] 63ffc4cf-3a9c-4277-a9ac-9f9fce985c9c: 22 groups; 0.9 s; peak memory 1106 MiB.
2026-10-07T20:37:31Z INFO [208/900] 63fff159-0c10-4e23-a11e-73c0b075cab7: 254 groups; 1.0 s; peak memory 1106 MiB.
2026-10-07T20:37:33Z INFO [209/900] 6402f0d3-5cad-418f-b9a7-4c23ab56302e: 206 groups; 1.7 s; peak memory 1106 MiB.
2026-10-07T20:37:34Z INFO [210/900] 6403558b-da61-4d94-9ae0-d6710c4e34e3: 25 groups; 0.9 s; peak memory 1106 MiB.
2026-10-07T20:37:35Z INFO [211/900] 64048cc4-dbeb-4fe4-a98b-f198642eff32: 35 groups; 1.2 s; peak memory 1106 MiB.
2026-10-07T20:37:36Z INFO [212/900] 6404ee8d-b821-4b6f-8676-5642cc7da523: 31 groups; 1.3 s; peak memory 1106 MiB.
2026-10-07T20:37:37Z INFO [213/900] 64050823-96dc-46f0-9202-8f398ae1aef4: 22 groups; 1.0 s; peak memory 1106 MiB.
2026-10-07T20:37:39Z INFO [214/900] 640569af-0229-4809-9786-85c1b9c1fcbd: 22 groups; 1.1 s; peak memory 1106 MiB.
2026-10-07T20:37:39Z INFO [215/900] 6405a94e-48ed-4550-8a03-c39a0cea65d8: 22 groups; 1.0 s; peak memory 1106 MiB.
2026-10-07T20:37:44Z INFO [216/900] 640660d9-88e0-4cb8-9dfd-a92d123c2daa: 78 groups; 4.5 s; peak memory 1106 MiB.
2026-10-07T20:37:45Z INFO [217/900] 6406ce61-33db-4bc8-a9b9-81158d746907: 24 groups; 0.8 s; peak memory 1106 MiB.
2026-10-07T20:37:46Z INFO [218/900] 64073223-a29a-447c-971d-34c58f5e690b: 32 groups; 0.9 s; peak memory 1106 MiB.
2026-10-07T20:37:47Z INFO [219/900] 64074793-ce8d-4870-84aa-a72bd3218b48: 22 groups; 0.9 s; peak memory 1106 MiB.
2026-10-07T20:37:49Z INFO [220/900] 640781ee-fb81-4ad1-abd8-60b4b9723509: 200 groups; 2.0 s; peak memory 1106 MiB.
2026-10-07T20:37:50Z INFO [221/900] 6407c5ca-a134-4a07-94d2-1ae67f78edc9: 35 groups; 1.3 s; peak memory 1106 MiB.
2026-10-07T20:37:51Z INFO [222/900] 6407e8d4-8936-4f6f-a8c8-150fb1acf988: 203 groups; 1.2 s; peak memory 1106 MiB.
2026-10-07T20:38:16Z INFO [223/900] 64080cea-d21d-40fe-bd62-88e58eb8cca9: 294 groups; 24.7 s; peak memory 1106 MiB.
2026-10-07T20:38:16Z INFO [224/900] 64082e62-a5a6-4104-9d85-1ffd6adf75d3: 32 groups; 0.8 s; peak memory 1106 MiB.
2026-10-07T20:38:21Z INFO [225/900] 6408a8c9-aadc-4aa6-a772-f4efae31ca93: 78 groups; 4.7 s; peak memory 1106 MiB.
2026-10-07T20:38:22Z INFO [226/900] 6408b335-f496-4ea0-8405-29775612444b: 22 groups; 0.8 s; peak memory 1106 MiB.
2026-10-07T20:38:23Z INFO [227/900] 6408ba99-cfd3-40f9-b14a-94e7ef431d27: 22 groups; 0.9 s; peak memory 1106 MiB.
2026-10-07T20:38:24Z INFO [228/900] 6409ff57-694c-41e9-bbfc-c25bdd54277b: 29 groups; 0.9 s; peak memory 1106 MiB.
2026-10-07T20:38:25Z INFO [229/900] 640a720a-ea74-41f5-ba0c-fe3ea933d732: 202 groups; 1.4 s; peak memory 1106 MiB.
2026-10-07T20:38:26Z INFO [230/900] 640a7901-c82b-47ee-9b49-3cc0aea127b3: 22 groups; 0.9 s; peak memory 1106 MiB.
2026-10-07T20:38:27Z INFO [231/900] 640abc1d-4901-44f1-bc41-5ff0b0215dbf: 22 groups; 1.0 s; peak memory 1106 MiB.
2026-10-07T20:38:29Z INFO [232/900] 640acb41-aa91-49e3-b12d-8235d3895806: 17 groups; 2.3 s; peak memory 1106 MiB.
2026-10-07T20:38:31Z INFO [233/900] 640ae1a5-a4eb-4cbf-a7e7-842e9ba3fd55: 54 groups; 1.9 s; peak memory 1106 MiB.
2026-10-07T20:38:32Z INFO [234/900] 640bc5a9-b960-4201-8436-498d83e5a8bd: 22 groups; 0.9 s; peak memory 1106 MiB.
2026-10-07T20:38:33Z INFO [235/900] 640c3872-7035-4cec-8b92-722a2e833b43: 16 groups; 0.6 s; peak memory 1106 MiB.
2026-10-07T20:38:34Z INFO [236/900] 640d769c-8f86-4d60-964b-e9f5f8259d65: 22 groups; 0.9 s; peak memory 1106 MiB.
2026-10-07T20:38:35Z INFO [237/900] 640d85fb-c8ed-4090-9448-a8eee446f360: 32 groups; 1.1 s; peak memory 1106 MiB.
2026-10-07T20:38:36Z INFO [238/900] 640d88ce-572a-420c-a30a-765cc474a19a: 201 groups; 1.3 s; peak memory 1106 MiB.
2026-10-07T20:38:37Z INFO [239/900] 640dab29-26e9-4013-85b8-409e573fbaf4: 195 groups; 1.3 s; peak memory 1106 MiB.
2026-10-07T20:38:38Z INFO [240/900] 640ded9e-c759-408f-a7ab-a62b730e03cf: 32 groups; 1.0 s; peak memory 1106 MiB.
2026-10-07T20:38:40Z INFO [241/900] 640e2ec8-2271-4f55-98e7-147220c9cb33: 195 groups; 1.8 s; peak memory 1106 MiB.
2026-10-07T20:38:41Z INFO [242/900] 640f498b-a654-4ade-8c73-7e9e21d6f8b8: 32 groups; 1.0 s; peak memory 1106 MiB.
2026-10-07T20:38:42Z INFO [243/900] 640f6b84-2d6f-41f3-94c2-2c6d195a08c7: 22 groups; 0.9 s; peak memory 1106 MiB.
2026-10-07T20:38:43Z INFO [244/900] 640f9866-3702-4dd5-b968-554950c2f4b2: 22 groups; 0.9 s; peak memory 1106 MiB.
2026-10-07T20:38:44Z INFO [245/900] 640fc595-f6c2-4e45-bc43-cd9c6ad4a274: 16 groups; 0.7 s; peak memory 1106 MiB.
2026-10-07T20:38:45Z INFO [246/900] 64108834-8d28-4678-80df-85f764b87c63: 17 groups; 0.8 s; peak memory 1106 MiB.
2026-10-07T20:38:45Z INFO [247/900] 64110909-3cd6-4804-9abd-34b2befcdd40: 30 groups; 0.7 s; peak memory 1106 MiB.
2026-10-07T20:38:46Z INFO [248/900] 64117fc5-6a0f-4f08-8e13-183da142c660: 22 groups; 0.9 s; peak memory 1106 MiB.
2026-10-07T20:38:47Z INFO [249/900] 6411e3c4-4347-4720-8736-2a0b816a5544: 27 groups; 1.0 s; peak memory 1106 MiB.
2026-10-07T20:38:48Z INFO [250/900] 641260d1-beec-4cbb-baf3-63dba2f6bc41: 22 groups; 0.9 s; peak memory 1106 MiB.
2026-10-07T20:38:48Z INFO [250/900] 641260d1-beec-4cbb-baf3-63dba2f6bc41: checkpointed 95186 records.
2026-10-07T20:38:49Z INFO [251/900] 64129ae3-e69d-46b3-858b-aa2661320658: 22 groups; 0.9 s; peak memory 1106 MiB.
2026-10-07T20:38:50Z INFO [252/900] 64136f9b-0b9a-49db-ae72-a9e4096555c4: 32 groups; 1.1 s; peak memory 1106 MiB.
2026-10-07T20:39:25Z INFO [253/900] 6413cc30-4c6a-4615-b5a8-9a0c4171f76b: 102 groups; 34.6 s; peak memory 1106 MiB.
2026-10-07T20:39:26Z INFO [254/900] 64149434-0dda-4a10-921a-7423e886eb25: 16 groups; 0.8 s; peak memory 1106 MiB.
2026-10-07T20:39:39Z INFO [255/900] 6415c5c8-951d-4211-a32e-df3b46bfc3a1: 250 groups; 13.0 s; peak memory 1106 MiB.
2026-10-07T20:39:41Z INFO [256/900] 6415f15b-2006-4046-bb14-19a875a67e2c: 34 groups; 2.0 s; peak memory 1106 MiB.
2026-10-07T20:39:42Z INFO [257/900] 641852b9-cc75-4c77-ab88-cccfd17d3110: 35 groups; 1.2 s; peak memory 1106 MiB.
2026-10-07T20:39:43Z INFO [258/900] 6419e39f-36a4-4f6d-8af4-69f598d693bd: 32 groups; 1.1 s; peak memory 1106 MiB.
2026-10-07T20:39:44Z INFO [259/900] 641b4a1b-e387-4516-aee8-28ce0f51ed87: 26 groups; 0.8 s; peak memory 1106 MiB.
2026-10-07T20:39:49Z INFO [260/900] 641b9d32-19d2-485a-81fb-b83deb677860: 67 groups; 5.3 s; peak memory 1106 MiB.
2026-10-07T20:39:50Z INFO [261/900] 641ba83c-b30e-4566-86ce-f8fe1c9a43da: 22 groups; 0.9 s; peak memory 1106 MiB.
2026-10-07T20:39:51Z INFO [262/900] 641c08e7-f1b8-490d-a749-01f30b65a71a: 35 groups; 1.2 s; peak memory 1106 MiB.
2026-10-07T20:39:58Z INFO [263/900] 641d0348-0d75-420d-a6d1-acbf3d5438d5: 68 groups; 6.4 s; peak memory 1106 MiB.
2026-10-07T20:39:59Z INFO [264/900] 641d4a0c-e417-4ed2-95a7-5dcfe4df9bf2: 32 groups; 1.0 s; peak memory 1106 MiB.
2026-10-07T20:40:00Z INFO [265/900] 641e0b08-3c53-4979-9716-dcca6e16a20b: 22 groups; 1.1 s; peak memory 1106 MiB.
2026-10-07T20:40:02Z INFO [266/900] 641f128e-aac5-4b1a-879c-ab9520bfdcd5: 200 groups; 1.9 s; peak memory 1106 MiB.
2026-10-07T20:40:03Z INFO [267/900] 641f2948-e1b4-4e2b-8301-03c686de0168: 22 groups; 0.8 s; peak memory 1106 MiB.
2026-10-07T20:40:04Z INFO [268/900] 641f4a81-9d9a-4cdc-b7e4-4635d1ed0eea: 32 groups; 1.0 s; peak memory 1106 MiB.
2026-10-07T20:40:05Z INFO [269/900] 641f6bde-fd78-4740-b235-1cbb81512692: 194 groups; 1.1 s; peak memory 1106 MiB.
2026-10-07T20:40:36Z INFO [270/900] 641fe82b-b773-44a2-b09f-d508dde635c6: 17 groups; 31.3 s; peak memory 1106 MiB.
2026-10-07T20:40:37Z INFO [271/900] 64217900-775a-4c1e-9b4f-7e51ab081d19: 32 groups; 1.0 s; peak memory 1106 MiB.
2026-10-07T20:40:39Z INFO [272/900] 64232218-8756-4dc9-9fbc-5eb32c0128c1: 207 groups; 1.5 s; peak memory 1106 MiB.
2026-10-07T20:40:40Z INFO [273/900] 6423a329-62fb-4c57-94b5-62f51aa73baf: 32 groups; 1.0 s; peak memory 1106 MiB.
2026-10-07T20:40:40Z INFO [274/900] 64241b54-6111-4811-898d-5d006a86a523: 32 groups; 0.8 s; peak memory 1106 MiB.
2026-10-07T20:40:41Z INFO [275/900] 642449ee-95a3-495e-a757-f81e15f1007a: 17 groups; 0.7 s; peak memory 1106 MiB.
2026-10-07T20:40:42Z INFO [276/900] 6424500a-3ed1-4431-a550-c83001aa573e: 22 groups; 0.9 s; peak memory 1106 MiB.
2026-10-07T20:40:44Z INFO [277/900] 64246ccd-fe3f-4a06-9c5d-01ed6f9b9765: 259 groups; 1.5 s; peak memory 1106 MiB.
2026-10-07T20:40:45Z INFO [278/900] 6424d6ef-1d92-40c2-ad00-1801b07e3c4e: 31 groups; 1.2 s; peak memory 1106 MiB.
2026-10-07T20:40:46Z INFO [279/900] 6424f578-4701-43d5-b067-98bbeb53ebb4: 32 groups; 1.2 s; peak memory 1106 MiB.
2026-10-07T20:40:48Z INFO [280/900] 64252455-aa80-407d-b1fd-abdbc7f9c695: 201 groups; 2.0 s; peak memory 1106 MiB.
2026-10-07T20:40:49Z INFO [281/900] 64274abd-f366-471d-90e9-524623c9d261: 22 groups; 0.8 s; peak memory 1106 MiB.
2026-10-07T20:40:50Z INFO [282/900] 6427a8d0-5099-41c1-b5ee-844d6a48c9d7: 35 groups; 1.1 s; peak memory 1106 MiB.
2026-10-07T20:40:51Z INFO [283/900] 6427b1c2-7a71-4a69-8d8e-0d61a9efdd9e: 35 groups; 1.3 s; peak memory 1106 MiB.
2026-10-07T20:40:52Z INFO [284/900] 6428445c-ce94-4565-adc2-aae34f3dd21f: 22 groups; 0.8 s; peak memory 1106 MiB.
2026-10-07T20:40:53Z INFO [285/900] 6428827d-58e6-49a2-9fb2-b0f6bf350f57: 32 groups; 1.0 s; peak memory 1106 MiB.
2026-10-07T20:40:59Z INFO [286/900] 6428c767-7c10-4d0d-9bab-40c883c6da57: 156 groups; 5.6 s; peak memory 1106 MiB.
2026-10-07T20:41:00Z INFO [287/900] 6428e85a-f0b2-49a9-a3cc-fc4525310dae: 17 groups; 1.9 s; peak memory 1106 MiB.
2026-10-07T20:41:02Z INFO [288/900] 642b6118-2c62-4d52-8345-3b1e634803e8: 25 groups; 1.2 s; peak memory 1106 MiB.
2026-10-07T20:41:03Z INFO [289/900] 642eb261-d08a-4cda-b002-eb07c202da87: 71 groups; 1.0 s; peak memory 1106 MiB.
2026-10-07T20:41:03Z INFO [290/900] 642efb05-76f3-4fe3-b9cd-82c500f8929f: 20 groups; 0.8 s; peak memory 1106 MiB.
2026-10-07T20:41:05Z INFO [291/900] 642f4ab8-d2d5-4372-93c1-ff1e2ef84413: 103 groups; 1.2 s; peak memory 1106 MiB.
2026-10-07T20:41:09Z INFO [292/900] 642f54e5-c5a0-4ebb-8c54-0f5ddc9bccf9: 116 groups; 4.6 s; peak memory 1106 MiB.
2026-10-07T20:41:10Z INFO [293/900] 642fab01-084e-435f-8c2a-867d1dc81741: 202 groups; 1.0 s; peak memory 1106 MiB.
2026-10-07T20:41:16Z INFO [294/900] 64307e4a-96a4-453c-b988-fe45c272428c: 34 groups; 6.2 s; peak memory 1106 MiB.
2026-10-07T20:41:18Z INFO [295/900] 643083c7-eeb1-421b-882c-a7ea5b51aadf: 32 groups; 1.1 s; peak memory 1106 MiB.
2026-10-07T20:41:21Z INFO [296/900] 6431256f-91d6-4aff-bc9d-84808e248dde: 122 groups; 3.2 s; peak memory 1106 MiB.
2026-10-07T20:41:23Z INFO [297/900] 64316afd-8a5d-4872-9dc9-c98ba1b0ceb2: 199 groups; 1.8 s; peak memory 1106 MiB.
2026-10-07T20:41:24Z INFO [298/900] 64330ccd-17a5-45c9-b9a1-1a006c8a484b: 32 groups; 1.0 s; peak memory 1106 MiB.
2026-10-07T20:41:25Z INFO [299/900] 6433c443-2cde-4442-bee6-bb7ecbc1413b: 32 groups; 1.0 s; peak memory 1106 MiB.
2026-10-07T20:41:25Z INFO [300/900] 6433ff6a-fad1-4803-812a-7fbc221fac55: 22 groups; 0.8 s; peak memory 1106 MiB.
2026-10-07T20:41:25Z INFO [300/900] 6433ff6a-fad1-4803-812a-7fbc221fac55: checkpointed 95236 records.
2026-10-07T20:43:22Z INFO [301/900] 6434261c-4ab6-4dfd-aaa5-9d969b3fb3dd: 68 groups; 116.3 s; peak memory 1106 MiB.
2026-10-07T20:43:23Z INFO [302/900] 6434e320-2025-4804-a8f6-e0a5ff79805e: 22 groups; 1.0 s; peak memory 1106 MiB.
2026-10-07T20:43:25Z INFO [303/900] 6435262a-a629-461a-af8d-35b3922f2052: 50 groups; 2.2 s; peak memory 1106 MiB.
2026-10-07T20:43:26Z INFO [304/900] 64356626-8dac-48c1-808c-518b509199e0: 32 groups; 1.0 s; peak memory 1106 MiB.
2026-10-07T20:43:27Z INFO [305/900] 643575da-3864-45ae-ac20-1844efe9e12b: 28 groups; 1.0 s; peak memory 1106 MiB.
2026-10-07T20:43:28Z INFO [306/900] 643596fe-7b4a-4495-bef9-fefcf3da8a36: 36 groups; 1.1 s; peak memory 1106 MiB.
2026-10-07T20:43:29Z INFO [307/900] 6437a1af-48e4-40df-9f05-1951924748f5: 33 groups; 0.9 s; peak memory 1106 MiB.
2026-10-07T20:43:30Z INFO [308/900] 6437e2c8-d270-40a9-ab43-9e308c452aba: 32 groups; 1.1 s; peak memory 1106 MiB.
2026-10-07T20:43:31Z INFO [309/900] 6437f5e2-ab2b-47a4-9b5d-043f7727b70c: 33 groups; 1.1 s; peak memory 1106 MiB.
2026-10-07T20:43:46Z INFO [310/900] 64389356-ed28-4b5c-bec7-d4215eaaa743: 28 groups; 14.6 s; peak memory 1106 MiB.
2026-10-07T20:43:48Z INFO [311/900] 64391200-512d-4728-9da9-c69be3f35a43: 48 groups; 2.2 s; peak memory 1106 MiB.
2026-10-07T20:43:49Z INFO [312/900] 6439a54d-384d-4d21-af08-2a7902e20fd7: 103 groups; 0.9 s; peak memory 1106 MiB.
2026-10-07T20:43:50Z INFO [313/900] 643abc37-fd02-41a6-8ea4-60328b4480dc: 253 groups; 1.3 s; peak memory 1106 MiB.
2026-10-07T20:43:51Z INFO [314/900] 643ba236-4f7f-470a-82df-4bd0db2b0f31: 22 groups; 1.0 s; peak memory 1106 MiB.
2026-10-07T20:43:52Z INFO [315/900] 643bb4c8-cc5b-4bc8-9128-37f93957cda4: 26 groups; 0.7 s; peak memory 1106 MiB.
2026-10-07T20:43:53Z INFO [316/900] 643bd091-793f-4ed7-9724-2486f0835625: 22 groups; 1.1 s; peak memory 1106 MiB.
2026-10-07T20:43:55Z INFO [317/900] 643c147a-9764-4d05-878c-a495fc13a136: 201 groups; 2.0 s; peak memory 1106 MiB.
2026-10-07T20:43:56Z INFO [318/900] 643c25bf-867e-4437-8a0f-c8c971c08ccb: 25 groups; 0.9 s; peak memory 1106 MiB.
2026-10-07T20:43:57Z INFO [319/900] 643c7929-88a0-4ff6-8999-8c1719db62cd: 48 groups; 1.2 s; peak memory 1106 MiB.
2026-10-07T20:43:59Z INFO [320/900] 643caf8d-898b-4b07-ba59-41496c20b792: 31 groups; 1.7 s; peak memory 1106 MiB.
2026-10-07T20:44:00Z INFO [321/900] 643d7c3b-3d28-4edc-ad06-f8a99dfe304e: 25 groups; 0.9 s; peak memory 1106 MiB.
2026-10-07T20:44:01Z INFO [322/900] 643e32a4-43fd-42be-8dd1-497b14f37f7b: 33 groups; 1.1 s; peak memory 1106 MiB.
2026-10-07T20:44:02Z INFO [323/900] 643e3bdd-eb53-4f9f-83c3-9bff83f606c0: 36 groups; 1.1 s; peak memory 1106 MiB.
2026-10-07T20:44:03Z INFO [324/900] 643faea4-032b-479b-a738-80d100166d69: 22 groups; 0.7 s; peak memory 1106 MiB.
2026-10-07T20:44:04Z INFO [325/900] 643fde9d-6685-4712-ab13-4f6ea8d36d62: 22 groups; 0.9 s; peak memory 1106 MiB.
2026-10-07T20:44:06Z INFO [326/900] 6440410e-3c29-4709-b3ef-f8fe0d5b270d: 149 groups; 2.0 s; peak memory 1106 MiB.
2026-10-07T20:44:07Z INFO [327/900] 6440c085-f193-427e-908d-2ec15263b933: 33 groups; 1.2 s; peak memory 1106 MiB.
2026-10-07T20:44:08Z INFO [328/900] 64418abd-3125-4bde-b14a-1bfa17192a33: 35 groups; 1.3 s; peak memory 1106 MiB.
2026-10-07T20:44:09Z INFO [329/900] 6441e296-8419-468b-b726-2c6557d3a30d: 16 groups; 0.5 s; peak memory 1106 MiB.
2026-10-07T20:44:43Z INFO [330/900] 644210b7-2273-4199-9237-385f868867dc: 169 groups; 34.4 s; peak memory 1106 MiB.
2026-10-07T20:44:46Z INFO [331/900] 644229ec-0d49-4caa-a09b-8298ef0a259b: 48 groups; 2.7 s; peak memory 1106 MiB.
2026-10-07T20:44:47Z INFO [332/900] 64437c8f-bfea-49a8-8a90-2960fe056c11: 194 groups; 1.3 s; peak memory 1106 MiB.
2026-10-07T20:44:48Z INFO [333/900] 6443816e-2391-4cef-9b91-eeb1188c2b0f: 256 groups; 0.9 s; peak memory 1106 MiB.
2026-10-07T20:44:49Z INFO [334/900] 64457b4b-e534-407f-972a-2cad9828eac3: 22 groups; 0.9 s; peak memory 1106 MiB.
2026-10-07T20:44:50Z INFO [335/900] 6445e11d-99ea-473d-b9bf-eb9950d92d71: 201 groups; 1.0 s; peak memory 1106 MiB.
2026-10-07T20:44:51Z INFO [336/900] 6446784c-3246-475d-9b4d-a4444ea326b4: 49 groups; 1.2 s; peak memory 1106 MiB.
2026-10-07T20:46:58Z INFO [337/900] 64473e0b-77c3-485b-b720-ec193f7e04ff: 69 groups; 126.9 s; peak memory 1106 MiB.
2026-10-07T20:46:59Z INFO [338/900] 6447a5b0-b15c-45e9-bfcf-42fd9fd67c2d: 49 groups; 1.2 s; peak memory 1106 MiB.
2026-10-07T20:47:10Z INFO [339/900] 64482c7f-6fda-4293-b46d-d8497f18fa8b: 250 groups; 10.7 s; peak memory 1106 MiB.
2026-10-07T20:47:11Z INFO [340/900] 644854cb-41fe-4ed0-b896-55ead389b3aa: 202 groups; 1.5 s; peak memory 1106 MiB.
2026-10-07T20:47:12Z INFO [341/900] 64489b3e-d0ad-4af4-a02e-df6e81f0de14: 32 groups; 1.0 s; peak memory 1106 MiB.
2026-10-07T20:47:13Z INFO [342/900] 6448ea7b-ef10-4782-aef8-33ae4262a097: 27 groups; 0.9 s; peak memory 1106 MiB.
2026-10-07T20:47:14Z INFO [343/900] 6449ac52-d6e2-4fc1-9708-908b047ee6a3: 18 groups; 0.6 s; peak memory 1106 MiB.
2026-10-07T20:47:15Z INFO [344/900] 644a4c17-99f1-4d8d-b7f2-2abcd6c0adab: 22 groups; 0.9 s; peak memory 1106 MiB.
2026-10-07T20:47:16Z INFO [345/900] 644b9e27-771f-4366-8f5d-f8cf50d915f0: 194 groups; 0.9 s; peak memory 1106 MiB.
2026-10-07T20:47:19Z INFO [346/900] 644ba49d-13e8-4f9c-840c-b88bf7a99dc0: 113 groups; 3.4 s; peak memory 1106 MiB.
2026-10-07T20:47:20Z INFO [347/900] 644bfea8-3dd3-47a7-b708-39d71f688d02: 41 groups; 1.2 s; peak memory 1106 MiB.
2026-10-07T20:47:21Z INFO [348/900] 644c7e86-fc3e-46d8-b9e9-b465989f6658: 35 groups; 1.1 s; peak memory 1106 MiB.
2026-10-07T20:47:22Z INFO [349/900] 644ccd7d-716d-4a6d-b140-723f7c3cfef8: 22 groups; 0.9 s; peak memory 1106 MiB.
2026-10-07T20:47:24Z INFO [350/900] 644ce46f-216d-421d-bf5b-834fc08ff76c: 48 groups; 2.2 s; peak memory 1106 MiB.
2026-10-07T20:47:25Z INFO [350/900] 644ce46f-216d-421d-bf5b-834fc08ff76c: checkpointed 95286 records.
2026-10-07T20:47:41Z INFO [351/900] 644da812-9350-46d7-82fa-0fdea47d338c: 267 groups; 16.0 s; peak memory 1106 MiB.
2026-10-07T20:47:41Z INFO [352/900] 644e4405-11ca-4703-b4db-6a7a4df8df20: 31 groups; 0.8 s; peak memory 1106 MiB.
2026-10-07T20:47:49Z INFO [353/900] 644e913f-6fdd-4b7b-abea-a189bf1ae90d: 174 groups; 7.6 s; peak memory 1106 MiB.
2026-10-07T20:47:50Z INFO [354/900] 644f5920-949e-40fe-b796-7f620d17a6c4: 26 groups; 0.9 s; peak memory 1106 MiB.
2026-10-07T20:47:51Z INFO [355/900] 644ff90b-81f4-4027-9a6d-413e5e3ce03a: 35 groups; 1.1 s; peak memory 1106 MiB.
2026-10-07T20:47:52Z INFO [356/900] 64511ae7-1a91-4860-86ad-e21755edf5ee: 28 groups; 1.0 s; peak memory 1106 MiB.
2026-10-07T20:47:53Z INFO [357/900] 64513b68-658c-4430-9db1-da6205b4399b: 32 groups; 1.1 s; peak memory 1106 MiB.
2026-10-07T20:47:55Z INFO [358/900] 645150e3-07a7-4f5e-8f81-eec1f0d5d138: 24 groups; 1.8 s; peak memory 1106 MiB.
2026-10-07T20:47:55Z INFO [359/900] 64529c11-87f8-4bf9-8a11-8080d4d008d2: 18 groups; 0.7 s; peak memory 1106 MiB.
2026-10-07T20:47:56Z INFO [360/900] 6453202f-b02e-4a2e-8740-c0a3ce050195: 33 groups; 0.9 s; peak memory 1106 MiB.
2026-10-07T20:47:57Z INFO [361/900] 6453e37c-9285-4b24-9356-ef65c7a44e09: 22 groups; 0.7 s; peak memory 1106 MiB.
2026-10-07T20:47:58Z INFO [362/900] 6453f35f-0efd-4955-a44c-fd9704345017: 33 groups; 1.4 s; peak memory 1106 MiB.
2026-10-07T20:47:59Z INFO [363/900] 6456faa0-ac9a-4f7f-bc6c-310012c22c76: 16 groups; 0.4 s; peak memory 1106 MiB.
2026-10-07T20:48:00Z INFO [364/900] 6457310e-785a-457c-9950-f5f0897b1234: 22 groups; 0.9 s; peak memory 1106 MiB.
2026-10-07T20:48:00Z INFO [365/900] 6457e449-1c7f-4d95-8760-43339ab54328: 30 groups; 0.6 s; peak memory 1106 MiB.
2026-10-07T20:48:10Z INFO [366/900] 6458af20-2504-4a92-9ae5-110cbfc91406: 17 groups; 10.0 s; peak memory 1106 MiB.
2026-10-07T20:48:11Z INFO [367/900] 6459a9e8-4819-4892-affe-cd27fea2ea2e: 20 groups; 0.8 s; peak memory 1106 MiB.
2026-10-07T20:48:12Z INFO [368/900] 6459c720-f355-46de-8494-8a3c449787ae: 32 groups; 0.9 s; peak memory 1106 MiB.
2026-10-07T20:48:13Z INFO [369/900] 6459cec9-d9b1-4fd9-a207-d7a57287ebc3: 28 groups; 0.9 s; peak memory 1106 MiB.
2026-10-07T20:48:15Z INFO [370/900] 645a0808-00ca-4755-98ec-1feb0c22cc9b: 54 groups; 1.6 s; peak memory 1106 MiB.
2026-10-07T20:48:18Z INFO [371/900] 645a2442-2871-4614-98b8-b84cdb110a2f: 115 groups; 3.2 s; peak memory 1106 MiB.
2026-10-07T20:48:19Z INFO [372/900] 645a8d87-5fe6-4f6c-9498-0c210f2537d6: 20 groups; 0.9 s; peak memory 1106 MiB.
2026-10-07T20:48:27Z INFO [373/900] 645aa1d0-335c-4cc1-88af-2c68bd23baa9: 224 groups; 8.5 s; peak memory 1106 MiB.
2026-10-07T20:48:32Z INFO [374/900] 645ae2f1-3530-40ac-a521-5f481917647e: 148 groups; 4.5 s; peak memory 1106 MiB.
2026-10-07T20:48:33Z INFO [375/900] 645b274d-9bb2-4ba8-be3c-07d7f2da850a: 32 groups; 0.8 s; peak memory 1106 MiB.
2026-10-07T20:48:38Z INFO [376/900] 645b61ce-9ca0-4f06-a695-8aab825a0ba5: 106 groups; 5.3 s; peak memory 1106 MiB.
2026-10-07T20:48:39Z INFO [377/900] 645b6634-ac02-4920-97eb-4a2ba314d2c0: 22 groups; 1.0 s; peak memory 1106 MiB.
2026-10-07T20:48:40Z INFO [378/900] 645c932f-34fb-423c-8a63-8b5a31cbd60d: 32 groups; 1.0 s; peak memory 1106 MiB.
2026-10-07T20:48:41Z INFO [379/900] 645d1b1b-d17c-463b-a603-02cf7d913974: 252 groups; 0.9 s; peak memory 1106 MiB.
2026-10-07T20:48:42Z INFO [380/900] 645d4dc4-764d-4c85-91c3-29d49ed98f0e: 28 groups; 1.0 s; peak memory 1106 MiB.
2026-10-07T20:48:43Z INFO [381/900] 645da0d3-5479-4bae-831f-71a217a47880: 17 groups; 1.4 s; peak memory 1106 MiB.
2026-10-07T20:48:45Z INFO [382/900] 645dd120-2d8b-418b-90dc-bccb7f5b7203: 48 groups; 2.0 s; peak memory 1106 MiB.
2026-10-07T20:48:46Z INFO [383/900] 645dd3e0-444a-416c-b875-85ac190179a8: 19 groups; 0.8 s; peak memory 1106 MiB.
2026-10-07T20:48:47Z INFO [384/900] 645de013-ce68-4851-838b-48c97cbc58ca: 32 groups; 1.1 s; peak memory 1106 MiB.
2026-10-07T20:48:48Z INFO [385/900] 645e5011-adcc-49ad-9f83-1b4832cffeb1: 41 groups; 1.2 s; peak memory 1106 MiB.
2026-10-07T20:48:49Z INFO [386/900] 645e6d5d-b96e-4e7b-a5db-25030d3e4b4c: 32 groups; 0.8 s; peak memory 1106 MiB.
2026-10-07T20:48:51Z INFO [387/900] 645eb2da-37b0-40f0-bbc3-ea0dc7036ecd: 48 groups; 1.8 s; peak memory 1106 MiB.
2026-10-07T20:48:52Z INFO [388/900] 645ef676-6d70-4176-960d-c5f1261eb11c: 24 groups; 0.7 s; peak memory 1106 MiB.
2026-10-07T20:48:53Z INFO [389/900] 645f5269-549d-4be6-ad7f-91705067bb77: 22 groups; 1.0 s; peak memory 1106 MiB.
2026-10-07T20:48:54Z INFO [390/900] 645fbbd4-c421-4543-9368-844d1d3a99cf: 193 groups; 1.7 s; peak memory 1106 MiB.
2026-10-07T20:48:56Z INFO [391/900] 6460696b-9e2a-470c-987e-565882edba0b: 201 groups; 1.3 s; peak memory 1106 MiB.
2026-10-07T20:49:20Z INFO [392/900] 64617e07-7482-445a-a20b-59d08ff1ca52: 43 groups; 24.2 s; peak memory 1106 MiB.
2026-10-07T20:49:21Z INFO [393/900] 6461d12e-236b-44cb-912f-85178bf50974: 32 groups; 0.8 s; peak memory 1106 MiB.
2026-10-07T20:49:22Z INFO [394/900] 6463eaa4-e31d-46ae-8f68-fe269d4794cc: 25 groups; 1.1 s; peak memory 1106 MiB.
2026-10-07T20:49:23Z INFO [395/900] 64643b13-05cd-4df0-84d5-9497de36a6e8: 32 groups; 1.1 s; peak memory 1106 MiB.
2026-10-07T20:49:23Z INFO [396/900] 646668bd-bacd-4dbc-bbfc-418fcb7ac6d3: 20 groups; 0.7 s; peak memory 1106 MiB.
2026-10-07T20:49:24Z INFO [397/900] 646678f0-9edb-4849-9f08-b71362db23b7: 30 groups; 0.7 s; peak memory 1106 MiB.
2026-10-07T20:49:25Z INFO [398/900] 6466d136-def5-49dc-a244-1c8c9fd56827: 22 groups; 0.8 s; peak memory 1106 MiB.
2026-10-07T20:49:26Z INFO [399/900] 6467967e-00da-4464-a9da-0f3b934a8737: 22 groups; 0.8 s; peak memory 1106 MiB.
2026-10-07T20:49:27Z INFO [400/900] 64680208-dc36-470b-8324-6cdf38abedb6: 202 groups; 1.1 s; peak memory 1106 MiB.
2026-10-07T20:49:27Z INFO [400/900] 64680208-dc36-470b-8324-6cdf38abedb6: checkpointed 95336 records.
2026-10-07T20:49:41Z INFO [401/900] 64682df2-d84a-446c-9896-1d1770f20823: 94 groups; 13.7 s; peak memory 1106 MiB.
2026-10-07T20:49:41Z INFO [402/900] 64682e44-5245-4399-b6b9-18570007dc92: 22 groups; 0.9 s; peak memory 1106 MiB.
2026-10-07T20:49:47Z INFO [403/900] 646837d2-d41d-4a37-a15d-d8afbfbd30ef: 50 groups; 5.6 s; peak memory 1106 MiB.
2026-10-07T20:49:48Z INFO [404/900] 646970a0-0488-4405-a44a-149e926a2cc3: 18 groups; 0.6 s; peak memory 1106 MiB.
2026-10-07T20:49:50Z INFO [405/900] 6469a4ea-ea1b-4b8b-bae0-a10d5f99ae23: 48 groups; 2.0 s; peak memory 1106 MiB.
2026-10-07T20:49:59Z INFO [406/900] 646b7f7e-67f3-46b6-bc30-770db6053c1d: 22 groups; 8.9 s; peak memory 1106 MiB.
2026-10-07T20:50:01Z INFO [407/900] 646c8eba-74c8-4c26-8ae0-a2a659d84580: 64 groups; 2.2 s; peak memory 1106 MiB.
2026-10-07T20:50:02Z INFO [408/900] 646d0fb8-6096-459b-a77c-3e4dc4781d0c: 25 groups; 0.8 s; peak memory 1106 MiB.
2026-10-07T20:50:02Z INFO [409/900] 646db5b5-1710-4a7f-8671-63fcf5b9d914: 22 groups; 0.8 s; peak memory 1106 MiB.
2026-10-07T20:50:24Z INFO [410/900] 646e40ec-ccd2-4486-b486-feac879b99ab: 23 groups; 21.9 s; peak memory 1106 MiB.
2026-10-07T20:50:25Z INFO [411/900] 646e6d68-7737-4f1c-a394-8f610d0e03dd: 22 groups; 0.9 s; peak memory 1106 MiB.
2026-10-07T20:50:26Z INFO [412/900] 646ea985-3ce1-4185-adc8-01fac08f053a: 35 groups; 1.1 s; peak memory 1106 MiB.
2026-10-07T20:50:29Z INFO [413/900] 646fa1c4-716c-4cfe-9dd5-535a8cda0ba9: 61 groups; 2.9 s; peak memory 1106 MiB.
2026-10-07T20:50:30Z INFO [414/900] 64717190-b2eb-4056-b204-262b5959733d: 26 groups; 1.2 s; peak memory 1106 MiB.
2026-10-07T20:50:31Z INFO [415/900] 64718d45-3d69-4607-914b-30b730566f63: 202 groups; 1.0 s; peak memory 1106 MiB.
2026-10-07T20:50:33Z INFO [416/900] 64719201-e947-4b19-914a-6bbc1a14e753: 207 groups; 2.0 s; peak memory 1106 MiB.
2026-10-07T20:50:34Z INFO [417/900] 6471fc2f-8eea-48c2-9da7-b214f002f1f6: 35 groups; 1.2 s; peak memory 1106 MiB.
2026-10-07T20:50:36Z INFO [418/900] 647230e0-85c8-49fb-81d1-aef3998cd320: 195 groups; 1.1 s; peak memory 1106 MiB.
2026-10-07T20:50:42Z INFO [419/900] 64724ec8-a43c-4345-bcf6-7497a8503929: 123 groups; 6.7 s; peak memory 1106 MiB.
2026-10-07T20:50:43Z INFO [420/900] 6473d309-bd01-4ada-8226-eb8fb7f28c69: 35 groups; 1.2 s; peak memory 1106 MiB.
2026-10-07T20:50:45Z INFO [421/900] 64744706-8ed2-4263-809f-c0c35f9bdda4: 48 groups; 2.0 s; peak memory 1106 MiB.
2026-10-07T20:50:46Z INFO [422/900] 64744929-338a-4b86-bfa9-0744deeed53a: 22 groups; 0.8 s; peak memory 1106 MiB.
2026-10-07T20:50:47Z INFO [423/900] 64744ed8-9d0d-4218-8713-8794a1324d30: 22 groups; 0.9 s; peak memory 1106 MiB.
2026-10-07T20:50:49Z INFO [424/900] 64746a88-1306-4d9c-8a46-0292d7241670: 196 groups; 1.3 s; peak memory 1106 MiB.
2026-10-07T20:51:22Z INFO [425/900] 64756f86-454f-48c9-95a8-1d53e0efbd98: 102 groups; 33.5 s; peak memory 1106 MiB.
2026-10-07T20:52:16Z INFO [426/900] 64758770-9e6d-44bb-9f84-5dac9594c089: 26 groups; 54.0 s; peak memory 1106 MiB.
2026-10-07T20:52:17Z INFO [427/900] 6475a7bf-0f72-4f4d-83db-0c4babbd8d9b: 24 groups; 0.9 s; peak memory 1106 MiB.
2026-10-07T20:52:19Z INFO [428/900] 6475dd53-3ccf-43c1-8bbc-aae0b6e21a00: 48 groups; 2.0 s; peak memory 1106 MiB.
2026-10-07T20:52:20Z INFO [429/900] 6475f99f-ffca-4ca1-870d-2ef4ad03833f: 253 groups; 0.9 s; peak memory 1106 MiB.
2026-10-07T20:52:22Z INFO [430/900] 6476408b-2842-4602-8ffa-6ba75c55c248: 206 groups; 1.8 s; peak memory 1106 MiB.
2026-10-07T20:52:23Z INFO [431/900] 647800d7-e25e-448b-81eb-1265833a15ca: 341 groups; 1.8 s; peak memory 1106 MiB.
2026-10-07T20:52:24Z INFO [432/900] 6478840c-f27a-4e3a-b9a4-722a9f808dbc: 33 groups; 0.9 s; peak memory 1106 MiB.
2026-10-07T20:52:47Z INFO [433/900] 6478fe7a-e0bf-4383-83df-de1a609f6916: 23 groups; 22.8 s; peak memory 1106 MiB.
2026-10-07T20:52:49Z INFO [434/900] 647b22b7-e1ed-4634-aa75-b7f6a85c95f0: 53 groups; 1.5 s; peak memory 1106 MiB.
2026-10-07T20:52:50Z INFO [435/900] 647b396f-d792-456d-8ee8-baae7afe6ebf: 29 groups; 1.5 s; peak memory 1106 MiB.
2026-10-07T20:52:51Z INFO [436/900] 647b585b-058d-49c4-ae24-6d7135bd942a: 20 groups; 0.8 s; peak memory 1106 MiB.
2026-10-07T20:52:52Z INFO [437/900] 647bb15b-01ab-4e5b-b5ea-17740cac3bde: 22 groups; 1.1 s; peak memory 1106 MiB.
2026-10-07T20:52:53Z INFO [438/900] 647c8c78-52f5-4118-9ca4-260be131f2e1: 32 groups; 1.1 s; peak memory 1106 MiB.
2026-10-07T20:52:55Z INFO [439/900] 647c9eee-5979-4028-9c05-c0c61d7d2beb: 54 groups; 2.4 s; peak memory 1106 MiB.
2026-10-07T20:52:57Z INFO [440/900] 647e7f61-1e19-47ed-8e64-74fcaf4bb9e0: 200 groups; 1.4 s; peak memory 1106 MiB.
2026-10-07T20:52:57Z INFO [441/900] 647ed95e-3fcf-4d1c-8f36-48fca277494a: 26 groups; 0.6 s; peak memory 1106 MiB.
2026-10-07T20:52:59Z INFO [442/900] 647f003c-718d-4d51-8371-64250db7b3b3: 254 groups; 1.1 s; peak memory 1106 MiB.
2026-10-07T20:53:03Z INFO [443/900] 64805fa7-d282-4447-923d-1b5556ed94df: 78 groups; 4.8 s; peak memory 1106 MiB.
2026-10-07T20:53:53Z INFO [444/900] 64808b58-e6a8-4422-bd38-b70300909845: 26 groups; 49.4 s; peak memory 1106 MiB.
2026-10-07T20:53:55Z INFO [445/900] 6480b8dd-0f3d-4174-9f26-4219bda81052: 195 groups; 2.3 s; peak memory 1106 MiB.
2026-10-07T20:53:57Z INFO [446/900] 648139ff-a1dd-430f-a333-b74916e38d3a: 48 groups; 2.2 s; peak memory 1106 MiB.
2026-10-07T20:53:58Z INFO [447/900] 6481c921-f38d-4d1d-b143-4bac1aaa8cd3: 32 groups; 1.0 s; peak memory 1106 MiB.
2026-10-07T20:53:59Z INFO [448/900] 64828a8f-dcce-4738-89dd-45283c7e7f23: 32 groups; 0.9 s; peak memory 1106 MiB.
2026-10-07T20:54:00Z INFO [449/900] 6482bb27-fc10-4678-8553-c49f63baa07a: 33 groups; 1.1 s; peak memory 1106 MiB.
2026-10-07T20:54:01Z INFO [450/900] 6482bed8-3494-4a1b-b3bf-f39190ad9222: 52 groups; 1.2 s; peak memory 1106 MiB.
2026-10-07T20:54:02Z INFO [450/900] 6482bed8-3494-4a1b-b3bf-f39190ad9222: checkpointed 95386 records.
2026-10-07T20:54:06Z INFO [451/900] 6483b2fe-eb9a-4b70-9f9c-9189bc24bf99: 181 groups; 4.7 s; peak memory 1106 MiB.
2026-10-07T20:54:08Z INFO [452/900] 64842758-c7e2-461e-a507-f46503947c75: 22 groups; 1.1 s; peak memory 1106 MiB.
2026-10-07T20:54:09Z INFO [453/900] 6485cde5-5350-4c29-9b90-c52d0f3489ab: 35 groups; 1.2 s; peak memory 1106 MiB.
2026-10-07T20:54:10Z INFO [454/900] 6486af1b-aed2-45ba-bfc4-0471eaf30bb2: 48 groups; 1.5 s; peak memory 1106 MiB.
2026-10-07T20:54:11Z INFO [455/900] 6486fa42-dafc-4c0f-8439-4ba907606cca: 22 groups; 0.9 s; peak memory 1106 MiB.
2026-10-07T20:54:12Z INFO [456/900] 64890281-709e-4638-b50d-b59069a4aa81: 22 groups; 0.7 s; peak memory 1106 MiB.
2026-10-07T20:54:13Z INFO [457/900] 64896f66-7dce-407a-821a-8e4c39d42df5: 254 groups; 1.1 s; peak memory 1106 MiB.
2026-10-07T20:54:14Z INFO [458/900] 6489ab74-a52d-4fa2-ac0f-a484acfb743d: 32 groups; 0.9 s; peak memory 1106 MiB.
2026-10-07T20:54:30Z INFO [459/900] 648a0ba4-dbe6-4b8f-ae79-edbe82ca447b: 261 groups; 15.7 s; peak memory 1106 MiB.
2026-10-07T20:54:31Z INFO [460/900] 648a227a-cd87-4137-97b2-178d9d463d9b: 48 groups; 1.5 s; peak memory 1106 MiB.
2026-10-07T20:54:32Z INFO [461/900] 648cc69c-cb74-49d9-b58e-f50a1497770e: 22 groups; 1.0 s; peak memory 1106 MiB.
2026-10-07T20:54:33Z INFO [462/900] 648d034b-482b-4bb3-9cb7-bbb77d1cc0cc: 22 groups; 1.0 s; peak memory 1106 MiB.
2026-10-07T20:54:54Z INFO [463/900] 648dc379-5fa3-4a48-8888-65d2a4d93699: 2081 groups; 20.8 s; peak memory 1106 MiB.
2026-10-07T20:54:55Z INFO [464/900] 648e4af8-2a85-4fc4-94ab-b3e18d8e5bcd: 196 groups; 1.0 s; peak memory 1106 MiB.
2026-10-07T20:54:56Z INFO [465/900] 648ee921-8b9e-4c6e-b178-63ec031f6f2a: 573 groups; 1.3 s; peak memory 1106 MiB.
2026-10-07T20:54:57Z INFO [466/900] 648f190e-79db-4459-9c09-378981086d61: 32 groups; 1.2 s; peak memory 1106 MiB.
2026-10-07T20:55:21Z INFO [467/900] 649001c5-3d48-49d2-b3a5-60984cbbc1f8: 23 groups; 23.3 s; peak memory 1106 MiB.
2026-10-07T20:55:23Z INFO [468/900] 6491108d-1ed8-42a6-82e5-810b1a891834: 37 groups; 2.0 s; peak memory 1106 MiB.
2026-10-07T20:55:31Z INFO [469/900] 6491b857-097c-4ef3-95fa-c3d1ffb9fba1: 27 groups; 8.8 s; peak memory 1106 MiB.
2026-10-07T20:59:29Z INFO [470/900] 64922d7e-f573-4fac-9db9-f15ab17481c2: 72 groups; 237.6 s; peak memory 1106 MiB.
2026-10-07T20:59:31Z INFO [471/900] 649255fe-d15e-4795-8ffb-97d19f3b0602: 48 groups; 2.2 s; peak memory 1106 MiB.
2026-10-07T20:59:32Z INFO [472/900] 649257b2-2079-49dc-8b85-f385441a69fe: 22 groups; 0.9 s; peak memory 1106 MiB.
2026-10-07T20:59:33Z INFO [473/900] 6492b5a1-c103-4dff-831c-a867861ad956: 28 groups; 1.0 s; peak memory 1106 MiB.
2026-10-07T20:59:34Z INFO [474/900] 6492dc49-a0f9-482f-ba51-185407891483: 22 groups; 0.9 s; peak memory 1106 MiB.
2026-10-07T20:59:35Z INFO [475/900] 649399fa-72f2-402d-afa6-1bb27e24bdad: 41 groups; 1.2 s; peak memory 1106 MiB.
2026-10-07T20:59:37Z INFO [476/900] 64948d07-e27b-4739-9edf-1382ca111761: 32 groups; 1.7 s; peak memory 1106 MiB.
2026-10-07T20:59:58Z INFO [477/900] 64965a34-2f14-49c5-b008-252bafdccbd4: 23 groups; 20.6 s; peak memory 1106 MiB.
2026-10-07T21:00:04Z INFO [478/900] 6496fdb3-ed6f-4fb3-ab63-6cec9327f2c1: 76 groups; 6.3 s; peak memory 1106 MiB.
2026-10-07T21:00:05Z INFO [479/900] 64978c7c-c038-446a-a9e5-683955ca7c4b: 37 groups; 0.8 s; peak memory 1106 MiB.
2026-10-07T21:00:06Z INFO [480/900] 649bee7a-e519-4b53-a9b6-21e91981d761: 32 groups; 1.1 s; peak memory 1106 MiB.
2026-10-07T21:00:07Z INFO [481/900] 649bf385-7fe0-4055-9392-d0dc9730b7b3: 195 groups; 1.1 s; peak memory 1106 MiB.
2026-10-07T21:00:08Z INFO [482/900] 649c30b7-dd7e-4585-876f-6cff53094d8e: 29 groups; 1.3 s; peak memory 1106 MiB.
2026-10-07T21:00:09Z INFO [483/900] 649c916d-aa41-42c2-a7d3-cd54385076aa: 27 groups; 1.3 s; peak memory 1106 MiB.
2026-10-07T21:00:10Z INFO [484/900] 649cbd24-b23e-4a37-8380-5b1871188376: 195 groups; 0.9 s; peak memory 1106 MiB.
2026-10-07T21:00:33Z INFO [485/900] 649e02ea-6d85-4718-9bf1-064ed226bdc4: 23 groups; 23.1 s; peak memory 1106 MiB.
2026-10-07T21:00:35Z INFO [486/900] 649e2202-c670-4712-b6bc-f91717d84f30: 341 groups; 1.8 s; peak memory 1106 MiB.
2026-10-07T21:00:37Z INFO [487/900] 649f4cf4-0a38-4128-afd9-ef7ac3c18e1f: 36 groups; 1.3 s; peak memory 1106 MiB.
2026-10-07T21:00:39Z INFO [488/900] 649f50b7-75d4-4ab1-af6e-52cffdb5ee9a: 48 groups; 2.0 s; peak memory 1106 MiB.
2026-10-07T21:00:57Z INFO [489/900] 64a10c9e-3c9c-4bd6-9e30-777969e4ab76: 178 groups; 18.7 s; peak memory 1106 MiB.
2026-10-07T21:00:59Z INFO [490/900] 64a17c17-44c0-42b3-97ee-b3b49482ed66: 35 groups; 1.4 s; peak memory 1106 MiB.
2026-10-07T21:01:03Z INFO [491/900] 64a1e066-0e85-4d26-9407-e794f5bcde4f: 122 groups; 4.4 s; peak memory 1106 MiB.
2026-10-07T21:01:04Z INFO [492/900] 64a26bec-1df6-42e8-9a36-d6520c8ff232: 42 groups; 1.1 s; peak memory 1106 MiB.
2026-10-07T21:01:05Z INFO [493/900] 64a2b8c1-1212-4c27-861a-a598a851a9a5: 22 groups; 1.1 s; peak memory 1106 MiB.
2026-10-07T21:01:06Z INFO [494/900] 64a2ce4b-9b86-48f4-8286-6149fd0c9e90: 22 groups; 0.8 s; peak memory 1106 MiB.
2026-10-07T21:01:07Z INFO [495/900] 64a32097-fad5-4634-a97c-809a68fee460: 22 groups; 0.9 s; peak memory 1106 MiB.
2026-10-07T21:01:14Z INFO [496/900] 64a33e54-f5f7-4a8c-95f7-08f8eb58eef3: 233 groups; 7.3 s; peak memory 1106 MiB.
2026-10-07T21:01:15Z INFO [497/900] 64a3f20d-a8b3-4e3d-8fcd-3dbe44de8199: 26 groups; 0.7 s; peak memory 1106 MiB.
2026-10-07T21:01:21Z INFO [498/900] 64a44f35-b7c7-488e-9804-9afcd0ce2aa0: 71 groups; 6.3 s; peak memory 1106 MiB.
2026-10-07T21:01:22Z INFO [499/900] 64a46458-8228-4f17-900c-5ba4b051f5d3: 32 groups; 0.9 s; peak memory 1106 MiB.
2026-10-07T21:01:23Z INFO [500/900] 64a49a60-01a8-4e8e-ac70-850ceb0ac885: 22 groups; 1.0 s; peak memory 1106 MiB.
2026-10-07T21:01:23Z INFO [500/900] 64a49a60-01a8-4e8e-ac70-850ceb0ac885: checkpointed 95436 records.
2026-10-07T21:01:24Z INFO [501/900] 64a529e9-da4c-445a-836e-7ef388480952: 22 groups; 1.0 s; peak memory 1106 MiB.
2026-10-07T21:01:26Z INFO [502/900] 64a57380-0f5c-4414-b292-98b735167cf3: 35 groups; 1.4 s; peak memory 1106 MiB.
2026-10-07T21:01:28Z INFO [503/900] 64a57ed6-7d39-4881-8e76-a6e63dd905d9: 48 groups; 2.2 s; peak memory 1106 MiB.
2026-10-07T21:01:29Z INFO [504/900] 64a66408-23c9-4724-aca1-e7d73ab820ed: 195 groups; 1.4 s; peak memory 1106 MiB.
2026-10-07T21:01:31Z INFO [505/900] 64a6a418-94d4-4abe-a7af-de7e1382f3a4: 48 groups; 1.9 s; peak memory 1106 MiB.
2026-10-07T21:01:32Z INFO [506/900] 64a7a0dc-1dd3-4a28-9f4c-d6b5d9076c56: 27 groups; 1.1 s; peak memory 1106 MiB.
2026-10-07T21:01:33Z INFO [507/900] 64a7bd97-d202-47c3-bb38-947573725a50: 32 groups; 0.8 s; peak memory 1106 MiB.
2026-10-07T21:01:34Z INFO [508/900] 64a7f17d-1aaf-41a6-99b3-dae0b98fd415: 35 groups; 1.3 s; peak memory 1106 MiB.
2026-10-07T21:01:41Z INFO [509/900] 64a8a100-0ff2-4121-aa25-3de3a54f8d97: 17 groups; 6.8 s; peak memory 1106 MiB.
2026-10-07T21:01:51Z INFO [510/900] 64a90e30-020c-4fda-af33-741d125f0a96: 231 groups; 9.8 s; peak memory 1106 MiB.
2026-10-07T21:01:52Z INFO [511/900] 64a92552-2f18-4b2a-b72c-4ec16e839834: 32 groups; 0.9 s; peak memory 1106 MiB.
2026-10-07T21:01:53Z INFO [512/900] 64a9645c-b402-4b4a-899f-de216b5c3d1b: 35 groups; 1.1 s; peak memory 1106 MiB.
2026-10-07T21:01:55Z INFO [513/900] 64a98bea-0b77-4846-9049-e2e26f2a9a89: 48 groups; 2.3 s; peak memory 1106 MiB.
2026-10-07T21:01:57Z INFO [514/900] 64a9c0b7-f07c-4c80-acfc-36b1934ba200: 35 groups; 1.2 s; peak memory 1106 MiB.
2026-10-07T21:01:58Z INFO [515/900] 64aa2dcf-0747-4ad3-94c9-44f9a553c428: 49 groups; 1.3 s; peak memory 1106 MiB.
2026-10-07T21:01:58Z INFO [516/900] 64aa42b5-6fe2-4f77-b2dd-9bec7d02e51c: 16 groups; 0.7 s; peak memory 1106 MiB.
2026-10-07T21:02:06Z INFO [517/900] 64abd486-9b58-469d-b1da-cba8e3aba2e7: 186 groups; 7.4 s; peak memory 1106 MiB.
2026-10-07T21:02:07Z INFO [518/900] 64abf74a-9fb8-4c9c-84c1-017e7385db43: 22 groups; 1.3 s; peak memory 1106 MiB.
2026-10-07T21:02:08Z INFO [519/900] 64acdbb8-4b4c-4c9f-a0e8-5df14df8637c: 22 groups; 0.8 s; peak memory 1106 MiB.
2026-10-07T21:02:09Z INFO [520/900] 64ad1200-e19f-4c07-a600-7d20d075a149: 32 groups; 1.1 s; peak memory 1106 MiB.
2026-10-07T21:02:11Z INFO [521/900] 64ad4708-810e-4904-a570-7f2c25383a4b: 73 groups; 1.6 s; peak memory 1106 MiB.
2026-10-07T21:02:12Z INFO [522/900] 64ad9e3f-8be5-4f9e-9332-c58509870829: 200 groups; 1.7 s; peak memory 1106 MiB.
2026-10-07T21:02:14Z INFO [523/900] 64ade2ba-15c6-4388-b165-8038c301f64c: 207 groups; 1.3 s; peak memory 1106 MiB.
2026-10-07T21:02:14Z INFO [524/900] 64ae1a28-7ac4-4e17-9651-3659762bb34b: 16 groups; 0.8 s; peak memory 1106 MiB.
2026-10-07T21:02:16Z INFO [525/900] 64ae3cd6-40e4-430f-8e9b-d16d668bf73d: 64 groups; 1.9 s; peak memory 1106 MiB.
2026-10-07T21:02:17Z INFO [526/900] 64ae646f-f502-4482-9db3-062214df07c5: 36 groups; 1.0 s; peak memory 1106 MiB.
2026-10-07T21:02:18Z INFO [527/900] 64af1b1d-f050-4a5b-934a-602b89e8d50c: 18 groups; 0.7 s; peak memory 1106 MiB.
2026-10-07T21:02:19Z INFO [528/900] 64afd921-7bfe-4e95-8088-3cff00537d5f: 18 groups; 0.9 s; peak memory 1106 MiB.
2026-10-07T21:02:20Z INFO [529/900] 64b04443-2fa3-4a55-943b-0481b9c4214a: 341 groups; 1.6 s; peak memory 1106 MiB.
2026-10-07T21:02:23Z INFO [530/900] 64b0a15e-3d03-4557-ae67-41b8860c423c: 111 groups; 2.5 s; peak memory 1106 MiB.
2026-10-07T21:02:28Z INFO [531/900] 64b0bbc6-8a45-41d8-814e-1de81920bfb8: 160 groups; 5.2 s; peak memory 1106 MiB.
2026-10-07T21:02:29Z INFO [532/900] 64b0fd1f-52bb-4ff4-88c4-02b2d099e378: 21 groups; 1.0 s; peak memory 1106 MiB.
2026-10-07T21:02:30Z INFO [533/900] 64b128bb-7ea9-418d-9665-e18edd3bd56a: 22 groups; 0.9 s; peak memory 1106 MiB.
2026-10-07T21:02:31Z INFO [534/900] 64b14fe5-b5e4-4a6a-9e87-910e879b068b: 16 groups; 0.7 s; peak memory 1106 MiB.
2026-10-07T21:02:32Z INFO [535/900] 64b1b44e-abd9-4faf-a1d1-8abefa8ea79d: 34 groups; 1.5 s; peak memory 1106 MiB.
2026-10-07T21:02:34Z INFO [536/900] 64b255fa-11da-4c62-85e9-ba669d01ef24: 29 groups; 1.5 s; peak memory 1106 MiB.
2026-10-07T21:02:35Z INFO [537/900] 64b2e080-717a-4d74-be9b-295009a5aaf9: 35 groups; 1.3 s; peak memory 1106 MiB.
2026-10-07T21:02:36Z INFO [538/900] 64b3296f-932f-4bd4-9537-43f9973db7d3: 22 groups; 0.9 s; peak memory 1106 MiB.
2026-10-07T21:03:01Z INFO [539/900] 64b3514b-a3b7-46f9-9737-371f52295f66: 17 groups; 25.3 s; peak memory 1106 MiB.
2026-10-07T21:03:02Z INFO [540/900] 64b3657e-a6fa-42ae-b7db-b50aabe6a16a: 22 groups; 1.0 s; peak memory 1106 MiB.
2026-10-07T21:03:10Z INFO [541/900] 64b5d011-6c8b-4bb6-bbc9-4fe7c9e16113: 56 groups; 7.3 s; peak memory 1106 MiB.
2026-10-07T21:03:10Z INFO [542/900] 64b63c14-8316-493d-b750-5c5be887776a: 32 groups; 0.9 s; peak memory 1106 MiB.
2026-10-07T21:03:11Z INFO [543/900] 64b6793c-f1e0-4502-ba62-b190250cfda9: 16 groups; 0.5 s; peak memory 1106 MiB.
2026-10-07T21:03:12Z INFO [544/900] 64b761c9-4eb3-4004-859f-35273156efb1: 22 groups; 0.9 s; peak memory 1106 MiB.
2026-10-07T21:03:13Z INFO [545/900] 64b8ef2f-3d9a-4e2a-a3d3-5585b5f04689: 32 groups; 1.2 s; peak memory 1106 MiB.
2026-10-07T21:03:14Z INFO [546/900] 64b9d799-32de-4f30-ae16-e2384113babb: 20 groups; 1.2 s; peak memory 1106 MiB.
2026-10-07T21:03:19Z INFO [547/900] 64ba6d55-81a1-4bb3-a98b-25551838bf99: 43 groups; 4.6 s; peak memory 1106 MiB.
2026-10-07T21:03:20Z INFO [548/900] 64bab918-3fa9-49a1-b0a8-9b82dbcd938c: 35 groups; 1.1 s; peak memory 1106 MiB.
2026-10-07T21:03:21Z INFO [549/900] 64bacdfe-a4e1-48d3-9a4e-b0760a8f76de: 32 groups; 0.9 s; peak memory 1106 MiB.
2026-10-07T21:03:21Z INFO [550/900] 64bb197f-c761-4787-8254-ee3817610aec: 16 groups; 0.6 s; peak memory 1106 MiB.
2026-10-07T21:03:21Z INFO [550/900] 64bb197f-c761-4787-8254-ee3817610aec: checkpointed 95486 records.
2026-10-07T21:03:22Z INFO [551/900] 64bb5f1d-65b5-46a4-a19f-c2156e687448: 22 groups; 1.0 s; peak memory 1106 MiB.
2026-10-07T21:03:23Z INFO [552/900] 64bbcd5b-c0af-4820-9cc2-355f595dacfa: 30 groups; 0.7 s; peak memory 1106 MiB.
2026-10-07T21:03:24Z INFO [553/900] 64bce672-c205-47ba-a762-27036c4f8201: 16 groups; 0.7 s; peak memory 1106 MiB.
2026-10-07T21:03:28Z INFO [554/900] 64bd15a0-2b84-4467-8919-090dc2fa22a7: 67 groups; 4.7 s; peak memory 1106 MiB.
2026-10-07T21:03:30Z INFO [555/900] 64bd1f78-2c07-48b6-badc-edd2429500a6: 33 groups; 1.8 s; peak memory 1106 MiB.
2026-10-07T21:03:31Z INFO [556/900] 64be2941-f99e-485c-9eb4-a247203b3116: 22 groups; 0.8 s; peak memory 1106 MiB.
2026-10-07T21:03:32Z INFO [557/900] 64bed3b0-caee-41b9-9ac0-c3f2bb665a09: 22 groups; 0.8 s; peak memory 1106 MiB.
2026-10-07T21:03:33Z INFO [558/900] 64bf370e-2d64-4596-872e-22cc610273df: 33 groups; 1.2 s; peak memory 1106 MiB.
2026-10-07T21:03:54Z INFO [559/900] 64bf8268-a5b5-4e40-bf82-0cceb0134d5d: 23 groups; 21.2 s; peak memory 1106 MiB.
2026-10-07T21:04:02Z INFO [560/900] 64c04268-e60c-4781-9948-05d2a860c241: 96 groups; 7.6 s; peak memory 1106 MiB.
2026-10-07T21:04:03Z INFO [561/900] 64c066ec-84da-41fd-b0dd-60de12ffb2b5: 22 groups; 1.0 s; peak memory 1106 MiB.
2026-10-07T21:04:04Z INFO [562/900] 64c08588-2e0f-4a91-920d-f5a9f9dc8ce0: 16 groups; 0.7 s; peak memory 1106 MiB.
2026-10-07T21:04:05Z INFO [563/900] 64c09ff1-5d1b-40e2-8e82-867bf45a978e: 32 groups; 1.2 s; peak memory 1106 MiB.
2026-10-07T21:04:06Z INFO [564/900] 64c1b02a-9d83-4876-9628-d113c7bda228: 22 groups; 1.0 s; peak memory 1106 MiB.
2026-10-07T21:04:07Z INFO [565/900] 64c26334-453b-4c7c-83d8-6048d6d1d346: 41 groups; 1.1 s; peak memory 1106 MiB.
2026-10-07T21:04:08Z INFO [566/900] 64c2b0a9-f364-4fc3-b03a-4cdb98de048b: 32 groups; 1.1 s; peak memory 1106 MiB.
2026-10-07T21:04:15Z INFO [567/900] 64c3c245-e227-4a53-a58c-556c787f3376: 109 groups; 7.4 s; peak memory 1106 MiB.
2026-10-07T21:04:17Z INFO [568/900] 64c4be35-7787-4515-a2dc-93725ffb88ab: 29 groups; 1.4 s; peak memory 1106 MiB.
2026-10-07T21:04:18Z INFO [569/900] 64c5c9d0-69d2-4b95-97c2-7f06c404d205: 31 groups; 0.7 s; peak memory 1106 MiB.
2026-10-07T21:04:19Z INFO [570/900] 64c6dc37-d6ad-45d4-afa8-78cd87cde73d: 194 groups; 1.6 s; peak memory 1106 MiB.
2026-10-07T21:04:20Z INFO [571/900] 64c6ea24-daf7-4444-a50c-479bd9754914: 35 groups; 1.1 s; peak memory 1106 MiB.
2026-10-07T21:04:21Z INFO [572/900] 64c71c70-2640-43fb-bda4-9aa89a5090a8: 22 groups; 1.0 s; peak memory 1106 MiB.
2026-10-07T21:04:24Z INFO [573/900] 64c799eb-aa7e-4091-b347-5e9b89788a2f: 202 groups; 2.3 s; peak memory 1106 MiB.
2026-10-07T21:04:24Z INFO [574/900] 64c7dcb6-cef1-47b2-8365-334e1b5ce2d0: 17 groups; 0.7 s; peak memory 1106 MiB.
2026-10-07T21:04:25Z INFO [575/900] 64c8ac6f-edf2-4ed0-bdeb-3bf36cf88311: 22 groups; 0.8 s; peak memory 1106 MiB.
2026-10-07T21:04:37Z INFO [576/900] 64c969d9-2de3-4bb6-b7df-397c8df353bc: 276 groups; 12.0 s; peak memory 1106 MiB.
2026-10-07T21:04:40Z INFO [577/900] 64c9f69e-674c-4abf-8fe9-6b5d1b7b199a: 48 groups; 2.6 s; peak memory 1106 MiB.
2026-10-07T21:04:41Z INFO [578/900] 64ca4207-620d-41ab-a540-547f88a08c3a: 22 groups; 1.1 s; peak memory 1106 MiB.
2026-10-07T21:04:42Z INFO [579/900] 64cb2f2b-9fa0-42c8-b039-4493796b1432: 67 groups; 0.8 s; peak memory 1106 MiB.
2026-10-07T21:04:43Z INFO [580/900] 64cb644a-4f0f-414d-880a-b758dd8b4187: 32 groups; 1.1 s; peak memory 1106 MiB.
2026-10-07T21:04:44Z INFO [581/900] 64cbe68d-36f7-40c8-a339-a2090230a914: 22 groups; 0.8 s; peak memory 1106 MiB.
2026-10-07T21:04:53Z INFO [582/900] 64ce324d-d6b9-4812-8a2d-1443b4e01210: 255 groups; 9.6 s; peak memory 1106 MiB.
2026-10-07T21:04:58Z INFO [583/900] 64ce50a8-8257-4148-b4ac-7e0bb4ca9eef: 78 groups; 4.5 s; peak memory 1106 MiB.
2026-10-07T21:04:59Z INFO [584/900] 64ce5f47-f264-49e6-87d7-06128deef6c2: 35 groups; 1.0 s; peak memory 1106 MiB.
2026-10-07T21:04:59Z INFO [585/900] 64ceb47f-1607-44f4-8c32-7d2609b34511: 35 groups; 0.7 s; peak memory 1106 MiB.
2026-10-07T21:05:00Z INFO [586/900] 64cf3672-ea59-49ad-9f0a-9acffaccdc54: 22 groups; 0.9 s; peak memory 1106 MiB.
2026-10-07T21:05:02Z INFO [587/900] 64cf53a1-a455-403f-8058-9a985cca94c1: 32 groups; 1.3 s; peak memory 1106 MiB.
2026-10-07T21:05:04Z INFO [588/900] 64cf87a7-6d1a-41ac-8ca7-d6843d994ae4: 194 groups; 2.4 s; peak memory 1106 MiB.
2026-10-07T21:05:05Z INFO [589/900] 64d06bd7-c017-41ec-ba7d-fe30ee7067fb: 32 groups; 1.1 s; peak memory 1106 MiB.
2026-10-07T21:05:08Z INFO [590/900] 64d0e8d3-21bc-418e-b065-f7c3030baa49: 50 groups; 2.7 s; peak memory 1106 MiB.
2026-10-07T21:05:09Z INFO [591/900] 64d14008-b2ac-4486-bc8e-6af3b9063b0c: 36 groups; 1.3 s; peak memory 1106 MiB.
2026-10-07T21:05:10Z INFO [592/900] 64d14a6b-45ed-40b9-b772-f297e6a96188: 18 groups; 0.6 s; peak memory 1106 MiB.
2026-10-07T21:05:10Z INFO [593/900] 64d16b37-7c09-4488-b71f-990618c11ef2: 26 groups; 0.6 s; peak memory 1106 MiB.
2026-10-07T21:05:11Z INFO [594/900] 64d17ed9-54dd-4a37-9cb5-38140af4cbdc: 22 groups; 1.0 s; peak memory 1106 MiB.
2026-10-07T21:05:17Z INFO [595/900] 64d2337b-af7d-442b-a259-dc275caad990: 39 groups; 5.9 s; peak memory 1106 MiB.
2026-10-07T21:06:33Z INFO [596/900] 64d259dc-bf50-4881-bf0c-0294c1d92618: 19616 groups; 75.8 s; peak memory 1106 MiB.
2026-10-07T21:06:45Z INFO [597/900] 64d26841-08a1-4dfb-a845-e14eea9da7c5: 261 groups; 12.3 s; peak memory 1106 MiB.
2026-10-07T21:06:46Z INFO [598/900] 64d4390d-e5f2-44cb-ab36-8703f4fc68d6: 22 groups; 1.1 s; peak memory 1106 MiB.
2026-10-07T21:06:47Z INFO [599/900] 64d44c6f-b53c-4288-88d7-bd9ca08e906a: 25 groups; 1.1 s; peak memory 1106 MiB.
2026-10-07T21:06:48Z INFO [600/900] 64d45d32-c99f-447b-af6e-f5ba80112436: 22 groups; 0.9 s; peak memory 1106 MiB.
2026-10-07T21:06:48Z INFO [600/900] 64d45d32-c99f-447b-af6e-f5ba80112436: checkpointed 95536 records.
2026-10-07T21:06:49Z INFO [601/900] 64d4a205-d851-4946-8c66-47d77b328a06: 30 groups; 0.6 s; peak memory 1106 MiB.
2026-10-07T21:06:50Z INFO [602/900] 64d57657-b55a-4ab6-8cd7-d961fea82b47: 22 groups; 0.9 s; peak memory 1106 MiB.
2026-10-07T21:06:51Z INFO [603/900] 64d66b8c-370a-4ed4-be42-3db3e10ec5b2: 32 groups; 1.0 s; peak memory 1106 MiB.
2026-10-07T21:06:51Z INFO [604/900] 64d6de32-4b60-430b-a2e3-6e2eb37227d6: 18 groups; 0.6 s; peak memory 1106 MiB.
2026-10-07T21:06:52Z INFO [605/900] 64d6ffb5-ca87-4477-8826-b21e0843f694: 201 groups; 0.9 s; peak memory 1106 MiB.
2026-10-07T21:06:58Z INFO [606/900] 64d99943-63da-4952-87ed-d088f6c7a5e0: 66 groups; 5.7 s; peak memory 1106 MiB.
2026-10-07T21:06:59Z INFO [607/900] 64d9af4e-1343-479c-945c-dfd084d22667: 32 groups; 0.9 s; peak memory 1106 MiB.
2026-10-07T21:07:01Z INFO [608/900] 64da35ed-cf70-4b06-907a-52b905ff91a6: 48 groups; 2.0 s; peak memory 1106 MiB.
2026-10-07T21:07:02Z INFO [609/900] 64da4a80-e879-4e60-a178-4ff633ee561a: 22 groups; 1.1 s; peak memory 1106 MiB.
2026-10-07T21:07:03Z INFO [610/900] 64dbb29e-7589-417f-b1a6-480f4e81f44e: 22 groups; 0.8 s; peak memory 1106 MiB.
2026-10-07T21:07:03Z INFO [611/900] 64dc848a-59dc-4c0c-93ff-ebf0bb86524c: 16 groups; 0.6 s; peak memory 1106 MiB.
2026-10-07T21:07:05Z INFO [612/900] 64dd050b-705d-48d1-aa32-831f19cf2c3e: 202 groups; 1.5 s; peak memory 1106 MiB.
2026-10-07T21:07:06Z INFO [613/900] 64dd644e-1741-4ee5-91c1-6fae79b5e5f8: 22 groups; 1.1 s; peak memory 1106 MiB.
2026-10-07T21:07:07Z INFO [614/900] 64de4510-7400-4fb9-83bb-e99243064f4d: 34 groups; 1.0 s; peak memory 1106 MiB.
2026-10-07T21:07:13Z INFO [615/900] 64de4b38-b9fe-4ada-8891-894d61ce4109: 193 groups; 5.6 s; peak memory 1106 MiB.
2026-10-07T21:07:14Z INFO [616/900] 64dea5e7-df09-42f1-84bc-aecc51fc6cb4: 22 groups; 1.0 s; peak memory 1106 MiB.
2026-10-07T21:07:14Z INFO [617/900] 64ded2ae-72f3-40da-9226-736e052a751c: 203 groups; 1.0 s; peak memory 1106 MiB.
2026-10-07T21:07:16Z INFO [618/900] 64df9a0a-0dd4-4df4-84a2-52a18e224a1e: 206 groups; 1.5 s; peak memory 1106 MiB.
2026-10-07T21:07:17Z INFO [619/900] 64dfe0bb-9d0d-49ad-a7b2-5e09f0a67a54: 32 groups; 1.1 s; peak memory 1106 MiB.
2026-10-07T21:07:18Z INFO [620/900] 64e13ee0-16b6-43db-b8f4-ffdbaff9702d: 22 groups; 0.8 s; peak memory 1106 MiB.
2026-10-07T21:07:19Z INFO [621/900] 64e194c6-29c9-41b8-bc61-f0fb252e9990: 33 groups; 1.3 s; peak memory 1106 MiB.
2026-10-07T21:07:20Z INFO [622/900] 64e1caba-27de-4751-b9e2-146aef052cf3: 22 groups; 1.1 s; peak memory 1106 MiB.
2026-10-07T21:07:21Z INFO [623/900] 64e1f1a9-c75a-4d79-b7a8-adad0e0c85ab: 32 groups; 1.0 s; peak memory 1106 MiB.
2026-10-07T21:07:43Z INFO [624/900] 64e21c1a-527f-41cd-ac9d-19629acf4f8d: 23 groups; 21.2 s; peak memory 1106 MiB.
2026-10-07T21:07:44Z INFO [625/900] 64e26b8d-c6ba-4785-9431-a5423a8115c0: 22 groups; 1.0 s; peak memory 1106 MiB.
2026-10-07T21:07:45Z INFO [626/900] 64e2d404-dcec-4259-9871-c2a2e46ff92b: 33 groups; 1.1 s; peak memory 1106 MiB.
2026-10-07T21:07:47Z INFO [627/900] 64e2f592-679f-44cf-a562-ae931c28e3a6: 44 groups; 2.5 s; peak memory 1106 MiB.
2026-10-07T21:07:49Z INFO [628/900] 64e36898-5aef-4df7-bf28-8eb3b10ed16a: 24 groups; 1.3 s; peak memory 1106 MiB.
2026-10-07T21:07:51Z INFO [629/900] 64e38c03-0480-4f05-8baf-000491f3e6a2: 48 groups; 2.7 s; peak memory 1106 MiB.
2026-10-07T21:07:52Z INFO [630/900] 64e47f3e-15c6-495b-bf77-fc38f99122cb: 32 groups; 0.6 s; peak memory 1106 MiB.
2026-10-07T21:07:53Z INFO [631/900] 64e4963a-704d-430e-afdf-3cbd6ea57d7f: 32 groups; 1.0 s; peak memory 1106 MiB.
2026-10-07T21:07:54Z INFO [632/900] 64e4e302-ed40-414f-8dce-22857b705d9d: 24 groups; 0.8 s; peak memory 1106 MiB.
2026-10-07T21:07:59Z INFO [633/900] 64e52348-55b1-4070-962f-2435c0b8523a: 1620 groups; 5.3 s; peak memory 1106 MiB.
2026-10-07T21:08:00Z INFO [634/900] 64e6a153-4bb6-4bdc-9d09-0ab1d83ece98: 22 groups; 0.9 s; peak memory 1106 MiB.
2026-10-07T21:08:01Z INFO [635/900] 64e76fc1-ee40-434e-84fe-2593d6928387: 22 groups; 0.9 s; peak memory 1106 MiB.
2026-10-07T21:08:01Z INFO [636/900] 64e88e01-ce86-48bd-99a5-f554e5055ee0: 16 groups; 0.6 s; peak memory 1106 MiB.
2026-10-07T21:08:02Z INFO [637/900] 64ea407e-e43a-45ce-bb4b-e6e6f44ab620: 32 groups; 1.1 s; peak memory 1106 MiB.
2026-10-07T21:08:04Z INFO [638/900] 64eac474-0163-443d-a285-9bf621beb3f4: 41 groups; 1.3 s; peak memory 1106 MiB.
2026-10-07T21:08:05Z INFO [639/900] 64eb646f-a88e-435e-bedf-1787c93caf28: 194 groups; 1.1 s; peak memory 1106 MiB.
2026-10-07T21:08:09Z INFO [640/900] 64ed0950-b051-43df-91ef-3a02ceb22835: 116 groups; 4.2 s; peak memory 1106 MiB.
2026-10-07T21:08:10Z INFO [641/900] 64ed9306-aa36-4465-b531-35d471762f6b: 27 groups; 0.9 s; peak memory 1106 MiB.
2026-10-07T21:08:11Z INFO [642/900] 64edb2cf-4fef-451d-990c-6b8978b10586: 22 groups; 1.0 s; peak memory 1106 MiB.
2026-10-07T21:08:17Z INFO [643/900] 64edc1ce-1f28-4488-90dc-746c3311f3aa: 66 groups; 6.1 s; peak memory 1106 MiB.
2026-10-07T21:08:19Z INFO [644/900] 64edc57c-3f84-48b9-a992-cd52cc520751: 202 groups; 1.5 s; peak memory 1106 MiB.
2026-10-07T21:08:20Z INFO [645/900] 64eeb0bf-f90a-41c1-ad95-850b655566f9: 32 groups; 1.1 s; peak memory 1106 MiB.
2026-10-07T21:08:21Z INFO [646/900] 64eecbcd-b51c-4ed4-88bb-2c8838a543fd: 16 groups; 0.8 s; peak memory 1106 MiB.
2026-10-07T21:08:26Z INFO [647/900] 64efd8bc-7904-4828-9c61-61249ce21ff6: 78 groups; 5.1 s; peak memory 1106 MiB.
2026-10-07T21:08:27Z INFO [648/900] 64efda05-43df-4c55-801b-34e2cda36f56: 26 groups; 1.7 s; peak memory 1106 MiB.
2026-10-07T21:08:32Z INFO [649/900] 64f09410-0566-4102-bfe6-34b0fefdedaf: 78 groups; 4.2 s; peak memory 1106 MiB.
2026-10-07T21:08:35Z INFO [650/900] 64f0de1b-88dc-4436-9213-2a7c79d4a160: 50 groups; 2.9 s; peak memory 1106 MiB.
2026-10-07T21:08:35Z INFO [650/900] 64f0de1b-88dc-4436-9213-2a7c79d4a160: checkpointed 95586 records.
2026-10-07T21:08:35Z INFO [651/900] 64f1439a-c7a9-4b08-936b-e691e6c86de7: 22 groups; 0.8 s; peak memory 1106 MiB.
2026-10-07T21:08:36Z INFO [652/900] 64f2566f-c0af-4cde-b708-6cffadf8191d: 22 groups; 0.9 s; peak memory 1106 MiB.
2026-10-07T21:08:38Z INFO [653/900] 64f2e157-167d-4924-81dc-6b38090068c5: 337 groups; 1.7 s; peak memory 1106 MiB.
2026-10-07T21:08:39Z INFO [654/900] 64f2eb1f-d57f-4fcc-aa6e-b35496ab4301: 337 groups; 1.4 s; peak memory 1106 MiB.
2026-10-07T21:08:46Z INFO [655/900] 64f30dc5-5b7e-436f-8921-29dac9148e98: 152 groups; 6.3 s; peak memory 1106 MiB.
2026-10-07T21:08:47Z INFO [656/900] 64f38f26-5cd5-4c37-b414-e8233f16f2bf: 32 groups; 1.1 s; peak memory 1106 MiB.
2026-10-07T21:08:48Z INFO [657/900] 64f3acdf-0033-48b8-ae6c-911f00ea39ee: 255 groups; 0.9 s; peak memory 1106 MiB.
2026-10-07T21:08:49Z INFO [658/900] 64f5d39e-0729-413c-afba-9d135374590f: 31 groups; 1.2 s; peak memory 1106 MiB.
2026-10-07T21:08:50Z INFO [659/900] 64f786e6-a9f2-4630-8ead-c37130749676: 22 groups; 0.8 s; peak memory 1106 MiB.
2026-10-07T21:08:51Z INFO [660/900] 64f793d8-1b84-43a0-854a-5cf348c5fc24: 22 groups; 0.8 s; peak memory 1106 MiB.
2026-10-07T21:08:52Z INFO [661/900] 64f8ede5-5cd3-4b41-b48d-bf3c1712e83a: 32 groups; 1.2 s; peak memory 1106 MiB.
2026-10-07T21:09:02Z INFO [662/900] 64f9131f-b8a5-4a3c-8b23-adcf8caea6f9: 33 groups; 9.9 s; peak memory 1106 MiB.
2026-10-07T21:09:04Z INFO [663/900] 64f9a07c-8436-4164-9c6c-8ef04283dbd1: 194 groups; 2.1 s; peak memory 1106 MiB.
2026-10-07T21:09:05Z INFO [664/900] 64fa1d6d-121b-47fa-b50e-b3195b6ef7de: 35 groups; 1.4 s; peak memory 1106 MiB.
2026-10-07T21:11:39Z INFO [665/900] 64fb89fb-dbbe-4870-a1c6-950771a578aa: 71 groups; 153.7 s; peak memory 1106 MiB.
2026-10-07T21:11:52Z INFO [666/900] 64fc060a-d057-4c46-85de-a8810e8fa7ac: 275 groups; 13.4 s; peak memory 1106 MiB.
2026-10-07T21:11:54Z INFO [667/900] 64fc12c7-506d-43a0-9e96-570d99850466: 338 groups; 1.4 s; peak memory 1106 MiB.
2026-10-07T21:12:45Z INFO [668/900] 64fd21cc-c040-4de8-9b3e-dedd3630d554: 30 groups; 51.7 s; peak memory 1106 MiB.
2026-10-07T21:13:29Z INFO [669/900] 64fdbcb9-3f05-4093-b700-80eee17743cd: 26 groups; 43.2 s; peak memory 1106 MiB.
2026-10-07T21:13:37Z INFO [670/900] 64feb911-326f-4c90-b080-0043dc0be855: 204 groups; 8.9 s; peak memory 1106 MiB.
2026-10-07T21:13:38Z INFO [671/900] 64fee5a7-4c33-4ea3-beb9-fa596101ee19: 31 groups; 0.8 s; peak memory 1106 MiB.
2026-10-07T21:13:40Z INFO [672/900] 64ff928f-9cfc-41b3-a1df-f3e6f7105c17: 35 groups; 1.3 s; peak memory 1106 MiB.
2026-10-07T21:13:53Z INFO [673/900] 65000215-b393-4cc0-bc28-551dd9737d1e: 18 groups; 13.3 s; peak memory 1106 MiB.
2026-10-07T21:13:54Z INFO [674/900] 6500d6ab-29f0-4417-b9da-552af3026b1e: 22 groups; 0.8 s; peak memory 1106 MiB.
2026-10-07T21:13:55Z INFO [675/900] 65013a9b-3ca1-4546-911b-52e86852835d: 32 groups; 1.0 s; peak memory 1106 MiB.
2026-10-07T21:13:57Z INFO [676/900] 6501c75b-5278-4646-82e5-3ac4c0ca1e9f: 34 groups; 1.9 s; peak memory 1106 MiB.
2026-10-07T21:14:30Z INFO [677/900] 6502e9a6-85f0-4201-a5f2-cc7b218db268: 3632 groups; 33.1 s; peak memory 1106 MiB.
2026-10-07T21:14:31Z INFO [678/900] 6503a1b9-e98a-4589-92da-f861e461b186: 36 groups; 1.4 s; peak memory 1106 MiB.
2026-10-07T21:14:54Z INFO [679/900] 65042642-8257-495c-a025-795853b102ed: 23 groups; 23.0 s; peak memory 1106 MiB.
2026-10-07T21:15:02Z INFO [680/900] 6504a44d-72d2-4013-9aa5-d8e59a29bfc9: 76 groups; 7.8 s; peak memory 1106 MiB.
2026-10-07T21:15:03Z INFO [681/900] 6504fbdc-4c7c-426f-b9f1-6345ee59daf8: 22 groups; 0.8 s; peak memory 1106 MiB.
2026-10-07T21:15:04Z INFO [682/900] 65057421-854d-4b53-9ec4-61019d8903b3: 22 groups; 0.8 s; peak memory 1106 MiB.
2026-10-07T21:15:05Z INFO [683/900] 650610d6-7375-496f-9f01-97b2bdbbc38e: 32 groups; 1.4 s; peak memory 1106 MiB.
2026-10-07T21:15:07Z INFO [684/900] 65066b10-6443-45c9-be5e-9b92b88de388: 35 groups; 1.6 s; peak memory 1106 MiB.
2026-10-07T21:15:08Z INFO [685/900] 6506c870-e537-444f-9f5e-cce0e90f1ee3: 32 groups; 1.1 s; peak memory 1106 MiB.
2026-10-07T21:15:09Z INFO [686/900] 65076074-c642-433c-b335-5ba55e4a825d: 29 groups; 1.0 s; peak memory 1106 MiB.
2026-10-07T21:15:09Z INFO [687/900] 650796a1-ef0e-42f7-af08-1da93d1510b2: 16 groups; 0.5 s; peak memory 1106 MiB.
2026-10-07T21:15:15Z INFO [688/900] 65083347-118c-430d-8280-38e5ee7b67fb: 123 groups; 5.7 s; peak memory 1106 MiB.
2026-10-07T21:15:18Z INFO [689/900] 6508b6c4-7b33-4e50-bafd-10575c61d34b: 36 groups; 3.3 s; peak memory 1106 MiB.
2026-10-07T21:15:19Z INFO [690/900] 6508eb26-26de-4689-9404-949a8945876e: 22 groups; 0.8 s; peak memory 1106 MiB.
2026-10-07T21:15:20Z INFO [691/900] 65094e6d-8c4e-4e37-a0ae-f1b76ffac8c6: 22 groups; 0.9 s; peak memory 1106 MiB.
2026-10-07T21:16:36Z INFO [692/900] 6509ca0a-fd1b-490a-9134-6dbf8351c4fa: 3460 groups; 76.4 s; peak memory 1106 MiB.
2026-10-07T21:16:38Z INFO [693/900] 650a0185-1209-4058-ac2a-39285d8d9c4c: 35 groups; 1.4 s; peak memory 1106 MiB.
2026-10-07T21:16:39Z INFO [694/900] 650a2c25-0016-4520-94e4-4f7aa4f14be0: 35 groups; 1.3 s; peak memory 1106 MiB.
2026-10-07T21:16:40Z INFO [695/900] 650b6a13-3dc9-495e-aeb7-9af754f12fb2: 16 groups; 0.8 s; peak memory 1106 MiB.
2026-10-07T21:16:41Z INFO [696/900] 650b73ee-9f01-4043-9f06-b30550a47a8b: 25 groups; 0.8 s; peak memory 1106 MiB.
2026-10-07T21:16:41Z INFO [697/900] 650ba153-715b-4b13-88f2-6601bda6948d: 16 groups; 0.7 s; peak memory 1106 MiB.
2026-10-07T21:17:12Z INFO [698/900] 650bae84-6bd5-4283-9d8d-81af2ab0d966: 1124 groups; 30.4 s; peak memory 1106 MiB.
2026-10-07T21:17:12Z INFO [699/900] 650bf8b0-b37e-4384-8ccf-0f358beb985f: 16 groups; 0.7 s; peak memory 1106 MiB.
2026-10-07T21:17:14Z INFO [700/900] 650c20d5-a88d-4ee7-b434-60eba27dc6ed: 24 groups; 1.1 s; peak memory 1106 MiB.
2026-10-07T21:17:14Z INFO [700/900] 650c20d5-a88d-4ee7-b434-60eba27dc6ed: checkpointed 95636 records.
2026-10-07T21:17:16Z INFO [701/900] 650c5ad0-2aa5-428d-9e9d-85ecf68760ef: 17 groups; 2.3 s; peak memory 1106 MiB.
2026-10-07T21:17:21Z INFO [702/900] 650d4ccf-2a78-44e1-8c6e-8658f4aeadfb: 156 groups; 4.8 s; peak memory 1106 MiB.
2026-10-07T21:17:22Z INFO [703/900] 650d7236-0cf9-4f24-8840-7eaa2c8f8beb: 32 groups; 0.8 s; peak memory 1106 MiB.
2026-10-07T21:17:25Z INFO [704/900] 650ddb71-d8b5-4e9e-9fcc-8f57ac3fba65: 86 groups; 3.3 s; peak memory 1106 MiB.
2026-10-07T21:17:26Z INFO [705/900] 650e1469-1a5e-4df2-86d1-9a01a7662f15: 35 groups; 1.4 s; peak memory 1106 MiB.
2026-10-07T21:17:50Z INFO [706/900] 650e4cc9-4e5c-4af2-a733-2b3fe987d876: 23 groups; 23.2 s; peak memory 1106 MiB.
2026-10-07T21:17:50Z INFO [707/900] 6510bd79-73f2-4a12-8964-3667478fb1eb: 22 groups; 0.9 s; peak memory 1106 MiB.
2026-10-07T21:17:51Z INFO [708/900] 6510e8a9-2e60-4d99-8f2d-f803d6f8cac0: 22 groups; 0.9 s; peak memory 1106 MiB.
2026-10-07T21:17:52Z INFO [709/900] 65112b9c-5581-4471-a588-68b187159875: 25 groups; 0.8 s; peak memory 1106 MiB.
2026-10-07T21:17:54Z INFO [710/900] 65119998-6574-49ad-accb-83d4a4c08286: 35 groups; 1.4 s; peak memory 1106 MiB.
2026-10-07T21:22:03Z INFO [711/900] 6511fe49-ab53-4a31-95e5-4ee6e0079386: 75 groups; 249.4 s; peak memory 1106 MiB.
2026-10-07T21:22:05Z INFO [712/900] 65121c6a-a7f7-4810-9194-f3ae8c546bbd: 199 groups; 1.8 s; peak memory 1106 MiB.
2026-10-07T21:26:08Z INFO [713/900] 65130b75-4940-4211-9607-ee857e5f1c69: 93 groups; 243.0 s; peak memory 1106 MiB.
2026-10-07T21:26:11Z INFO [714/900] 6513e5fd-cedf-4fbf-a989-751ab30fcb67: 73 groups; 3.6 s; peak memory 1106 MiB.
2026-10-07T21:26:14Z INFO [715/900] 6513e6d6-1dd6-4846-96b4-35660e1beef1: 30 groups; 2.8 s; peak memory 1106 MiB.
2026-10-07T21:26:15Z INFO [716/900] 65152746-0bc6-4069-bae7-d40f381378f3: 32 groups; 0.8 s; peak memory 1106 MiB.
2026-10-07T21:26:16Z INFO [717/900] 65153009-98d8-4b2d-b84c-67ac10702f5b: 35 groups; 1.0 s; peak memory 1106 MiB.
2026-10-07T21:26:17Z INFO [718/900] 6515aaa1-8e1f-4d0e-870e-b639ec8e1c2c: 32 groups; 1.2 s; peak memory 1106 MiB.
2026-10-07T21:26:18Z INFO [719/900] 6516004a-d7ed-4be3-b54e-2a8b2909a58e: 36 groups; 1.1 s; peak memory 1106 MiB.
2026-10-07T21:26:19Z INFO [720/900] 6516fd01-6bc4-4819-912e-92978eed147f: 24 groups; 0.8 s; peak memory 1106 MiB.
2026-10-07T21:26:21Z INFO [721/900] 65170e15-8fa0-4b31-8f7d-e2b7640cb9f6: 41 groups; 1.4 s; peak memory 1106 MiB.
2026-10-07T21:26:22Z INFO [722/900] 6518c3ad-7db4-4a20-bdc8-a1bd3ba83501: 64 groups; 1.8 s; peak memory 1106 MiB.
2026-10-07T21:26:24Z INFO [723/900] 65191a49-b0c4-4e35-b41f-a0f8e4dcbd35: 35 groups; 1.1 s; peak memory 1106 MiB.
2026-10-07T21:26:35Z INFO [724/900] 651a1c50-7e46-4922-a025-863d4e3f369d: 434 groups; 11.1 s; peak memory 1106 MiB.
2026-10-07T21:26:36Z INFO [725/900] 651ab8fb-ac6d-4e9b-8089-9283da663ca5: 32 groups; 1.0 s; peak memory 1106 MiB.
2026-10-07T21:26:36Z INFO [726/900] 651b4e9d-7729-43cb-91d6-8cd8e3df8e44: 22 groups; 0.8 s; peak memory 1106 MiB.
2026-10-07T21:26:38Z INFO [727/900] 651bec30-44e3-440e-9515-411e56ed9890: 22 groups; 1.2 s; peak memory 1106 MiB.
2026-10-07T21:26:39Z INFO [728/900] 651cb2c4-de54-4e40-9541-04faf4082765: 33 groups; 1.3 s; peak memory 1106 MiB.
2026-10-07T21:26:40Z INFO [729/900] 651d8af8-880a-4974-b89f-2e4da74647a7: 22 groups; 0.9 s; peak memory 1106 MiB.
2026-10-07T21:26:41Z INFO [730/900] 651e1bc0-16ed-4ee1-b24f-27311db9f63c: 29 groups; 0.8 s; peak memory 1106 MiB.
2026-10-07T21:26:45Z INFO [731/900] 651e252d-7340-4d65-9046-cb142ff227e7: 47 groups; 4.6 s; peak memory 1106 MiB.
2026-10-07T21:26:46Z INFO [732/900] 651e3f5d-c84c-4343-891e-8dc872346177: 22 groups; 1.0 s; peak memory 1106 MiB.
2026-10-07T21:26:47Z INFO [733/900] 651ed7c5-753c-497e-a852-66b3e298bdf4: 24 groups; 0.7 s; peak memory 1106 MiB.
2026-10-07T21:26:50Z INFO [734/900] 651ef7f7-156c-4623-b2b3-bc47324b4283: 108 groups; 3.4 s; peak memory 1106 MiB.
2026-10-07T21:26:55Z INFO [735/900] 651f1555-291e-4029-b4b6-7b7423c3302f: 140 groups; 5.1 s; peak memory 1106 MiB.
2026-10-07T21:39:17Z INFO [736/900] 651f2eda-af11-4e13-8d5f-da61df4f4547: 65 groups; 741.1 s; peak memory 1204 MiB.
2026-10-07T21:39:17Z INFO [737/900] 651fe511-1c5f-4185-969d-f98512029c09: 22 groups; 1.0 s; peak memory 1204 MiB.
2026-10-07T21:39:21Z INFO [738/900] 651fec90-430c-4783-86ef-c8af245c33ce: 131 groups; 3.9 s; peak memory 1204 MiB.
2026-10-07T21:39:22Z INFO [739/900] 6520480d-9f42-4493-9e6e-db057251c9a8: 35 groups; 1.1 s; peak memory 1204 MiB.
2026-10-07T21:39:37Z INFO [740/900] 6520ba74-b435-4513-aad2-961c0ff89ea9: 17 groups; 14.1 s; peak memory 1204 MiB.
2026-10-07T21:39:37Z INFO [741/900] 6520ddff-610e-4f8e-b23b-6b2a90536faf: 22 groups; 0.9 s; peak memory 1204 MiB.
2026-10-07T21:39:39Z INFO [742/900] 65214c20-0414-4a80-b32f-dd0e538e69bc: 36 groups; 1.1 s; peak memory 1204 MiB.
2026-10-07T21:39:40Z INFO [743/900] 65225960-612a-4814-832c-7c9b4d7a9257: 35 groups; 1.8 s; peak memory 1204 MiB.
2026-10-07T21:39:41Z INFO [744/900] 652262fe-8a9d-490c-a1f4-a64b459e3326: 32 groups; 1.0 s; peak memory 1204 MiB.
2026-10-07T21:39:43Z INFO [745/900] 65228af4-9874-4ddb-9388-b13aed6ecf62: 200 groups; 1.5 s; peak memory 1204 MiB.
2026-10-07T21:39:44Z INFO [746/900] 6522b267-3bae-45e0-89a2-64a0768e4b08: 22 groups; 1.0 s; peak memory 1204 MiB.
2026-10-07T21:39:47Z INFO [747/900] 652383b8-8fe0-4717-8b09-3b09a29e72ba: 50 groups; 3.0 s; peak memory 1204 MiB.
2026-10-07T21:39:47Z INFO [748/900] 65238f35-ea10-4d28-9401-d62097075d46: 16 groups; 0.6 s; peak memory 1204 MiB.
2026-10-07T21:39:48Z INFO [749/900] 6523d173-9c00-448b-82c3-e0fd5c6990e5: 26 groups; 0.7 s; peak memory 1204 MiB.
2026-10-07T21:39:49Z INFO [750/900] 65252f1b-8b6d-47ae-9655-23780c831390: 251 groups; 1.0 s; peak memory 1204 MiB.
2026-10-07T21:39:49Z INFO [750/900] 65252f1b-8b6d-47ae-9655-23780c831390: checkpointed 95686 records.
2026-10-07T21:39:57Z INFO [751/900] 652741f5-9f7f-4bc9-8a11-dd8d4381c0f0: 223 groups; 7.3 s; peak memory 1204 MiB.
2026-10-07T21:39:57Z INFO [752/900] 65289027-6ca5-4810-8fac-8112d1a758e2: 34 groups; 0.8 s; peak memory 1204 MiB.
2026-10-07T21:39:58Z INFO [753/900] 6528aec3-6d0c-4378-a65f-81c5276d9044: 32 groups; 1.0 s; peak memory 1204 MiB.
2026-10-07T21:40:00Z INFO [754/900] 6528e59f-1827-471a-96c1-1fccfa22b67a: 48 groups; 1.7 s; peak memory 1204 MiB.
2026-10-07T21:40:07Z INFO [755/900] 65290f22-649a-4ebe-8ef7-0fcbea17faed: 1979 groups; 7.4 s; peak memory 1204 MiB.
2026-10-07T21:40:08Z INFO [756/900] 652a3691-b012-4307-9595-d4ad246fc914: 17 groups; 0.8 s; peak memory 1204 MiB.
2026-10-07T21:40:31Z INFO [757/900] 652aa7de-9cbd-40d3-a380-e9cf5dfb87ed: 23 groups; 22.3 s; peak memory 1204 MiB.
2026-10-07T21:40:31Z INFO [758/900] 652b594d-9688-4deb-9847-f8447e2b4650: 22 groups; 0.8 s; peak memory 1204 MiB.
2026-10-07T21:40:33Z INFO [759/900] 652c8985-db9b-4856-942c-a5d5cbe955fe: 17 groups; 1.9 s; peak memory 1204 MiB.
2026-10-07T21:40:34Z INFO [760/900] 652c9eee-b331-47cc-8595-af6c50b5c855: 16 groups; 0.7 s; peak memory 1204 MiB.
2026-10-07T21:40:35Z INFO [761/900] 652d2767-09dd-496e-b530-55aabcfcae3c: 25 groups; 1.1 s; peak memory 1204 MiB.
2026-10-07T21:40:38Z INFO [762/900] 652da246-c94a-4abb-b194-4a52778a78f9: 48 groups; 2.8 s; peak memory 1204 MiB.
2026-10-07T21:40:39Z INFO [763/900] 652ebd6c-5c23-412e-a1f3-cec5f6db697d: 26 groups; 1.4 s; peak memory 1204 MiB.
2026-10-07T21:40:41Z INFO [764/900] 652f5dae-a306-4419-a238-5cc14e17e59c: 17 groups; 1.9 s; peak memory 1204 MiB.
2026-10-07T21:40:43Z INFO [765/900] 652f8761-18e1-40fb-a466-fe49b18e8d65: 194 groups; 2.3 s; peak memory 1204 MiB.
2026-10-07T21:40:45Z INFO [766/900] 652fa570-cf3a-4e97-b82b-243c50bbc230: 22 groups; 1.2 s; peak memory 1204 MiB.
2026-10-07T21:40:45Z INFO [767/900] 652fc8c0-041d-4fb7-b44d-241cd3520771: 32 groups; 0.9 s; peak memory 1204 MiB.
2026-10-07T21:40:47Z INFO [768/900] 65311187-468a-40a6-bc0c-b389a7a9e616: 22 groups; 1.1 s; peak memory 1204 MiB.
2026-10-07T21:40:48Z INFO [769/900] 6531cd42-1439-4171-b948-7d56cce01828: 35 groups; 1.2 s; peak memory 1204 MiB.
2026-10-07T21:40:49Z INFO [770/900] 65323e5f-1a2b-4829-8925-e8696b41ec6a: 32 groups; 0.9 s; peak memory 1204 MiB.
2026-10-07T21:40:52Z INFO [771/900] 6532e678-fe93-465e-9f4b-88aeef74e494: 29 groups; 3.0 s; peak memory 1204 MiB.
2026-10-07T21:43:13Z INFO [772/900] 6532fa69-5bdc-492b-ade0-c43b31118fc6: 62 groups; 140.9 s; peak memory 1204 MiB.
2026-10-07T21:43:13Z INFO [773/900] 65331d8e-80ef-430c-b1e0-d7336a9f5a81: 22 groups; 0.8 s; peak memory 1204 MiB.
2026-10-07T21:43:16Z INFO [774/900] 65340ae5-b35b-49f7-bc7d-4350b8a9ffd9: 81 groups; 2.4 s; peak memory 1204 MiB.
2026-10-07T21:43:17Z INFO [775/900] 653525b5-ac8f-4ec8-a1c0-f65e003bbb1b: 34 groups; 1.3 s; peak memory 1204 MiB.
2026-10-07T21:43:18Z INFO [776/900] 65363065-f0c5-4e3d-8cc9-40ad702059d9: 195 groups; 1.1 s; peak memory 1204 MiB.
2026-10-07T21:43:19Z INFO [777/900] 65379c7a-8788-4da3-816e-c28cc2563978: 32 groups; 1.3 s; peak memory 1204 MiB.
2026-10-07T21:43:26Z INFO [778/900] 65379e1c-9653-430a-a432-f84f0cb57ea4: 77 groups; 6.8 s; peak memory 1204 MiB.
2026-10-07T21:43:29Z INFO [779/900] 653847e1-7910-43e7-9751-d052c0c99db7: 48 groups; 2.3 s; peak memory 1204 MiB.
2026-10-07T21:43:29Z INFO [780/900] 6538e249-d0c6-4762-b392-04710e5e5e53: 22 groups; 0.8 s; peak memory 1204 MiB.
2026-10-07T21:43:30Z INFO [781/900] 6538fc78-c1b6-4111-9303-66205d0ca83a: 22 groups; 0.8 s; peak memory 1204 MiB.
2026-10-07T21:43:34Z INFO [782/900] 65395b29-525d-4435-ac48-42c68d632a63: 181 groups; 3.6 s; peak memory 1204 MiB.
2026-10-07T21:43:35Z INFO [783/900] 65397236-8474-426f-a31f-29f9b786a9a1: 17 groups; 0.9 s; peak memory 1204 MiB.
2026-10-07T21:43:36Z INFO [784/900] 653a2d91-56be-4ff6-afd2-9d0e2be93887: 32 groups; 1.1 s; peak memory 1204 MiB.
2026-10-07T21:43:37Z INFO [785/900] 653a8fed-86ee-47c5-93f3-8d4583d2af68: 32 groups; 1.0 s; peak memory 1204 MiB.
2026-10-07T21:43:47Z INFO [786/900] 653aa546-38a3-497f-918a-a9f6e148f6af: 307 groups; 10.7 s; peak memory 1204 MiB.
2026-10-07T21:43:48Z INFO [787/900] 653af4a9-60cf-4b06-882a-e907a332dea0: 22 groups; 0.9 s; peak memory 1204 MiB.
2026-10-07T21:43:49Z INFO [788/900] 653b3c0b-17ea-4c4d-8e35-0cdc71715423: 32 groups; 1.1 s; peak memory 1204 MiB.
2026-10-07T21:44:11Z INFO [789/900] 653b6b68-c91b-49cd-8d2c-4f38d9038f84: 23 groups; 21.8 s; peak memory 1204 MiB.
2026-10-07T21:44:13Z INFO [790/900] 653bb801-dd7b-41d6-9432-f3e5c429a791: 35 groups; 1.4 s; peak memory 1204 MiB.
2026-10-07T21:44:17Z INFO [791/900] 653c25c8-f69c-4ea2-8227-8af26829d080: 34 groups; 4.8 s; peak memory 1204 MiB.
2026-10-07T21:44:18Z INFO [792/900] 653cb7e9-f4e3-47e2-8997-2531daae6d75: 103 groups; 0.9 s; peak memory 1204 MiB.
2026-10-07T21:44:32Z INFO [793/900] 653cf085-454f-47bf-ad06-0b74f2e3ed97: 285 groups; 14.2 s; peak memory 1204 MiB.
2026-10-07T21:44:34Z INFO [794/900] 653d704a-b94e-4cf3-9091-15d9e6f6e022: 48 groups; 2.0 s; peak memory 1204 MiB.
2026-10-07T21:44:36Z INFO [795/900] 653e08e9-b5fe-4eb1-9dba-da8fe012c988: 207 groups; 1.7 s; peak memory 1204 MiB.
2026-10-07T21:44:37Z INFO [796/900] 65400fba-1056-4a90-8154-43789fb3a557: 35 groups; 1.2 s; peak memory 1204 MiB.
2026-10-07T21:44:38Z INFO [797/900] 65405923-e0f8-4b26-a60a-25331d9a3df0: 22 groups; 0.8 s; peak memory 1204 MiB.
2026-10-07T21:44:49Z INFO [798/900] 6540a3e2-a441-4026-b6ed-02c91eb7d609: 172 groups; 10.8 s; peak memory 1204 MiB.
2026-10-07T21:44:50Z INFO [799/900] 6541286e-c934-4b79-9c8b-d3195fb34901: 22 groups; 1.2 s; peak memory 1204 MiB.
2026-10-07T21:44:51Z INFO [800/900] 65413c19-2ddf-4397-a704-9eb628ce82bf: 31 groups; 0.6 s; peak memory 1204 MiB.
2026-10-07T21:44:51Z INFO [800/900] 65413c19-2ddf-4397-a704-9eb628ce82bf: checkpointed 95736 records.
2026-10-07T21:44:53Z INFO [801/900] 6541b6b8-ef70-4199-bdde-afdb1ef0a969: 200 groups; 1.9 s; peak memory 1204 MiB.
2026-10-07T21:44:55Z INFO [802/900] 654225bf-3b66-4701-97cb-0bcc89e7bdd6: 31 groups; 1.7 s; peak memory 1204 MiB.
2026-10-07T21:44:56Z INFO [803/900] 6542b07e-0ab5-4b60-a00b-d677c72a83c9: 207 groups; 1.6 s; peak memory 1204 MiB.
2026-10-07T21:44:57Z INFO [804/900] 6543e8e9-71ec-4ebe-a43e-f2bb06927562: 71 groups; 0.9 s; peak memory 1204 MiB.
2026-10-07T21:44:58Z INFO [805/900] 6545342a-fbe8-4da6-9e02-47d0f01466d8: 22 groups; 1.0 s; peak memory 1204 MiB.
2026-10-07T21:44:59Z INFO [806/900] 6545460e-b6d0-4274-bdea-09416d51a3df: 26 groups; 0.7 s; peak memory 1204 MiB.
2026-10-07T21:45:47Z INFO [807/900] 6546e39b-afc6-4ae5-a81b-22f70c813309: 26 groups; 48.2 s; peak memory 1204 MiB.
2026-10-07T21:45:48Z INFO [808/900] 65470277-cd1d-448d-8145-1f78bc6d55ba: 254 groups; 1.0 s; peak memory 1204 MiB.
2026-10-07T21:45:49Z INFO [809/900] 65472684-0179-4004-b49a-7614f0f765e8: 16 groups; 1.1 s; peak memory 1204 MiB.
2026-10-07T21:45:50Z INFO [810/900] 65473215-7fbf-4004-a2ac-49c8654fbf18: 25 groups; 1.0 s; peak memory 1204 MiB.
2026-10-07T21:45:52Z INFO [811/900] 6547b967-45d7-4656-b4cb-818500ad70c6: 68 groups; 1.9 s; peak memory 1204 MiB.
2026-10-07T21:45:53Z INFO [812/900] 6548cdcb-b0d3-4e27-9c99-85832ca72ea7: 22 groups; 0.8 s; peak memory 1204 MiB.
2026-10-07T21:45:54Z INFO [813/900] 6548cf46-f6f2-403c-9e46-b0e0160c0b58: 22 groups; 0.9 s; peak memory 1204 MiB.
2026-10-07T21:45:55Z INFO [814/900] 65496dd5-71a0-4b33-83a2-63cec41a8ed4: 22 groups; 1.0 s; peak memory 1204 MiB.
2026-10-07T21:46:00Z INFO [815/900] 654979d3-95a0-48b1-8cdf-788a205705dc: 50 groups; 5.7 s; peak memory 1204 MiB.
2026-10-07T21:46:01Z INFO [816/900] 654a014f-ebdc-4eb0-807c-9e88c3231f96: 31 groups; 0.6 s; peak memory 1204 MiB.
2026-10-07T21:46:02Z INFO [817/900] 654a401d-bec5-4660-8d57-5671a73337b9: 35 groups; 1.2 s; peak memory 1204 MiB.
2026-10-07T21:46:03Z INFO [818/900] 654c2d02-473c-401d-b845-2dc66f6d8d91: 22 groups; 0.9 s; peak memory 1204 MiB.
2026-10-07T21:46:04Z INFO [819/900] 654c582c-f81b-4372-be33-fa3c044d5d74: 22 groups; 1.0 s; peak memory 1204 MiB.
2026-10-07T21:46:05Z INFO [820/900] 654ccee1-9d62-4c89-8fc9-7f38fd187492: 24 groups; 0.6 s; peak memory 1204 MiB.
2026-10-07T21:48:13Z INFO [821/900] 654d64cb-1dfe-466c-92d6-7604fba6b79f: 68 groups; 128.1 s; peak memory 1204 MiB.
2026-10-07T21:48:35Z INFO [822/900] 654d9fb9-a175-4a85-b664-01bee8be5f09: 23 groups; 22.4 s; peak memory 1204 MiB.
2026-10-07T21:48:37Z INFO [823/900] 654dd1dd-64fa-4472-bfab-4cf873c9506d: 195 groups; 1.3 s; peak memory 1204 MiB.
2026-10-07T21:48:38Z INFO [824/900] 654de9de-3f92-4879-8e3d-a6705f2b587b: 35 groups; 1.0 s; peak memory 1204 MiB.
2026-10-07T21:48:38Z INFO [825/900] 654ded4d-132b-4960-b2a7-e864436a63a3: 18 groups; 0.8 s; peak memory 1204 MiB.
2026-10-07T21:48:40Z INFO [826/900] 654e2084-cc85-41ff-a84a-a603daf6feb2: 35 groups; 1.2 s; peak memory 1204 MiB.
2026-10-07T21:48:53Z INFO [827/900] 654e8da1-034a-4d5b-8857-07d77e0f68ff: 168 groups; 14.0 s; peak memory 1204 MiB.
2026-10-07T21:48:55Z INFO [828/900] 654f1cca-028b-4fe5-b39e-49d28276e021: 22 groups; 1.1 s; peak memory 1204 MiB.
2026-10-07T21:48:55Z INFO [829/900] 654f1ff2-207f-4d46-adac-aaf8233baae6: 16 groups; 0.8 s; peak memory 1204 MiB.
2026-10-07T21:48:57Z INFO [830/900] 654f90e0-dcd7-439f-83c6-ce73d6eb1f4c: 253 groups; 1.3 s; peak memory 1204 MiB.
2026-10-07T21:48:58Z INFO [831/900] 6550197b-8790-4033-a5d7-ed98fa674826: 22 groups; 0.9 s; peak memory 1204 MiB.
2026-10-07T21:49:38Z INFO [832/900] 65502f47-f1d4-49f9-83a1-20b76d5fb4d1: 26 groups; 40.7 s; peak memory 1204 MiB.
2026-10-07T21:49:40Z INFO [833/900] 65523d59-f071-4a08-be33-5a7b85d1908b: 206 groups; 1.8 s; peak memory 1204 MiB.
2026-10-07T21:49:42Z INFO [834/900] 655290aa-dc4c-43bc-8a72-17764c3aeb28: 54 groups; 1.8 s; peak memory 1204 MiB.
2026-10-07T21:49:48Z INFO [835/900] 6552ce70-cc63-439e-8b6a-e209b39cd7a4: 143 groups; 6.4 s; peak memory 1204 MiB.
2026-10-07T21:49:49Z INFO [836/900] 6552d906-bd05-4f27-9a01-8c292da23860: 35 groups; 1.1 s; peak memory 1204 MiB.
2026-10-07T21:50:34Z INFO [837/900] 655413a1-31d1-41d4-97df-fc6769043bf3: 27 groups; 44.3 s; peak memory 1204 MiB.
2026-10-07T21:50:53Z INFO [838/900] 655413fd-e938-49c9-83ac-9d96f1132644: 486 groups; 19.6 s; peak memory 1204 MiB.
2026-10-07T21:50:54Z INFO [839/900] 65548954-13f6-430d-9bab-22d8e999896a: 22 groups; 0.9 s; peak memory 1204 MiB.
2026-10-07T21:50:55Z INFO [840/900] 6555bf90-3eaf-48bb-afc7-0c5035aa0881: 32 groups; 1.0 s; peak memory 1204 MiB.
2026-10-07T21:50:56Z INFO [841/900] 6555cb94-070b-4b69-bdcf-80f33d4b4ee3: 32 groups; 1.1 s; peak memory 1204 MiB.
2026-10-07T21:51:00Z INFO [842/900] 6556572c-a0d6-475f-9d68-cdad44b8297f: 59 groups; 3.7 s; peak memory 1204 MiB.
2026-10-07T21:51:01Z INFO [843/900] 6556c00d-69ca-4c9d-9df1-a4706732a4f6: 35 groups; 1.2 s; peak memory 1204 MiB.
2026-10-07T21:51:10Z INFO [844/900] 6556d13b-3148-45c6-bcbf-c5119438b0bf: 276 groups; 9.2 s; peak memory 1204 MiB.
2026-10-07T21:51:11Z INFO [845/900] 65598d06-bd43-4621-ab6c-62b32def1d6d: 28 groups; 0.7 s; peak memory 1204 MiB.
2026-10-07T21:51:12Z INFO [846/900] 655a83e4-78be-4de3-a1d5-dbaa93503f08: 32 groups; 0.9 s; peak memory 1204 MiB.
2026-10-07T21:51:14Z INFO [847/900] 655a8d7f-cf07-4b5e-ac65-e5e62fdb0c10: 26 groups; 1.8 s; peak memory 1204 MiB.
2026-10-07T21:51:37Z INFO [848/900] 655af25e-85dd-4183-b93a-d316eff606a5: 23 groups; 23.4 s; peak memory 1204 MiB.
2026-10-07T21:51:38Z INFO [849/900] 655b6a84-96a8-4405-9039-f2bb7a873247: 25 groups; 0.8 s; peak memory 1204 MiB.
2026-10-07T21:51:39Z INFO [850/900] 655be490-79b6-4198-a7ba-ce6f7b8aba67: 22 groups; 0.9 s; peak memory 1204 MiB.
2026-10-07T21:51:39Z INFO [850/900] 655be490-79b6-4198-a7ba-ce6f7b8aba67: checkpointed 95786 records.
2026-10-07T21:51:41Z INFO [851/900] 655d1ed1-e161-4779-b323-19576f14ff79: 48 groups; 2.0 s; peak memory 1204 MiB.
2026-10-07T21:51:42Z INFO [852/900] 655d4914-39eb-4c3a-9032-9c9a42e1d00e: 337 groups; 1.3 s; peak memory 1204 MiB.
2026-10-07T21:52:39Z INFO [853/900] 655d51ca-1030-4dee-9b6b-c359dd9cb889: 2416 groups; 56.8 s; peak memory 1204 MiB.
2026-10-07T21:52:53Z INFO [854/900] 655d7417-b40c-4b72-9009-bcc9ae94032a: 590 groups; 13.4 s; peak memory 1204 MiB.
2026-10-07T21:52:53Z INFO [855/900] 655eb3e1-504d-4c6e-b001-d8160bf4a8af: 18 groups; 0.7 s; peak memory 1204 MiB.
2026-10-07T21:52:54Z INFO [856/900] 655eb60a-ab80-4a35-9f5e-b3d627d71704: 16 groups; 0.6 s; peak memory 1204 MiB.
2026-10-07T21:52:55Z INFO [857/900] 655ef8bf-9535-44e6-82ec-b4c816d1e10d: 24 groups; 0.9 s; peak memory 1204 MiB.
2026-10-07T21:52:56Z INFO [858/900] 655faead-9d85-4b1d-9e69-b8e354855f85: 16 groups; 0.8 s; peak memory 1204 MiB.
2026-10-07T21:52:56Z INFO [859/900] 65631c06-58f2-43b6-8e89-d6c07ba2e6e5: 22 groups; 1.0 s; peak memory 1204 MiB.
2026-10-07T21:53:06Z INFO [860/900] 65637b27-68a4-409a-85c9-74290d4c4237: 2224 groups; 9.3 s; peak memory 1204 MiB.
2026-10-07T21:53:07Z INFO [861/900] 6564347d-c1b4-4b57-b8c3-8b37c4571f32: 35 groups; 1.3 s; peak memory 1204 MiB.
2026-10-07T21:53:08Z INFO [862/900] 65653c97-a5d5-47df-a26a-e4c91abb5ff1: 35 groups; 1.3 s; peak memory 1204 MiB.
2026-10-07T21:53:09Z INFO [863/900] 6566a4fb-65bd-4407-a53c-780cc3a9904f: 16 groups; 0.5 s; peak memory 1204 MiB.
2026-10-07T21:53:17Z INFO [864/900] 6567be46-39dd-49c8-80c3-4271295e9281: 176 groups; 8.2 s; peak memory 1204 MiB.
2026-10-07T21:54:49Z INFO [865/900] 656a0d89-d3b9-4aad-8c35-90ea7b04ae18: 27 groups; 92.2 s; peak memory 1204 MiB.
2026-10-07T21:54:50Z INFO [866/900] 656a1a1e-4e86-475d-b335-37c1af8bb0f3: 22 groups; 0.8 s; peak memory 1204 MiB.
2026-10-07T21:54:52Z INFO [867/900] 656a7f01-8470-496d-a986-d8f5364a6007: 33 groups; 1.5 s; peak memory 1204 MiB.
2026-10-07T21:54:53Z INFO [868/900] 656abdae-53bd-40ef-be3c-8822489da2c5: 48 groups; 1.8 s; peak memory 1204 MiB.
2026-10-07T21:54:54Z INFO [869/900] 656b076b-c52b-40ae-9251-29ae8ee36d5d: 29 groups; 0.8 s; peak memory 1204 MiB.
2026-10-07T21:54:56Z INFO [870/900] 656b4ea5-1109-4485-bd08-0abc45615867: 48 groups; 1.7 s; peak memory 1204 MiB.
2026-10-07T21:54:57Z INFO [871/900] 656bc990-7847-4978-a326-7062228eed50: 17 groups; 0.8 s; peak memory 1204 MiB.
2026-10-07T21:54:58Z INFO [872/900] 656be9df-92e4-4573-8190-cea32d6bde1d: 33 groups; 1.3 s; peak memory 1204 MiB.
2026-10-07T21:55:00Z INFO [873/900] 656d096d-777a-48fc-a371-9ee6eccf502d: 573 groups; 1.6 s; peak memory 1204 MiB.
2026-10-07T21:55:00Z INFO [874/900] 656e1686-ea84-4f89-b02a-cab91119bd72: 23 groups; 0.7 s; peak memory 1204 MiB.
2026-10-07T21:55:02Z INFO [875/900] 656e67bb-8fa4-493a-a125-08a630e92b1b: 55 groups; 2.1 s; peak memory 1204 MiB.
2026-10-07T21:55:03Z INFO [876/900] 656f5f78-bff7-4248-9b5b-be2f6a3a85e3: 32 groups; 1.0 s; peak memory 1204 MiB.
2026-10-07T21:55:04Z INFO [877/900] 656f828f-c56a-40d4-916b-d7b463c7e090: 18 groups; 0.6 s; peak memory 1204 MiB.
2026-10-07T21:55:08Z INFO [878/900] 656fc8a1-177e-45d1-8dc6-f949200bf676: 181 groups; 3.8 s; peak memory 1204 MiB.
2026-10-07T21:55:09Z INFO [879/900] 656fd87a-ca7f-4cbf-acbd-c37f02b4c2e3: 22 groups; 0.8 s; peak memory 1204 MiB.
2026-10-07T21:55:13Z INFO [880/900] 65703d30-2286-4b8e-b379-0968ddba886f: 71 groups; 4.3 s; peak memory 1204 MiB.
2026-10-07T21:55:17Z INFO [881/900] 6570ffe4-8bf8-45c0-a714-fb8015f65f60: 57 groups; 4.2 s; peak memory 1204 MiB.
2026-10-07T21:55:18Z INFO [882/900] 6571ad94-4e2e-4506-90f1-1cd5dd4eee4e: 32 groups; 0.9 s; peak memory 1204 MiB.
2026-10-07T21:55:21Z INFO [883/900] 65722b24-87f4-48e9-be72-912cedb1c59a: 57 groups; 2.8 s; peak memory 1204 MiB.
2026-10-07T21:55:22Z INFO [884/900] 65723245-ef61-455a-9333-ea9ed6ffa148: 27 groups; 1.0 s; peak memory 1204 MiB.
2026-10-07T21:55:23Z INFO [885/900] 657324ce-b178-4690-a9e1-fe9233b353cc: 36 groups; 1.4 s; peak memory 1204 MiB.
2026-10-07T21:55:28Z INFO [886/900] 657329dc-489f-4c08-ab18-6dc1812e5a91: 203 groups; 4.6 s; peak memory 1204 MiB.
2026-10-07T21:55:30Z INFO [887/900] 6573a16f-4323-4bf9-8e74-a33bdc577752: 193 groups; 1.8 s; peak memory 1204 MiB.
2026-10-07T21:55:31Z INFO [888/900] 6573a936-4ce0-4f6b-ba1d-fdc0e93cd690: 195 groups; 1.0 s; peak memory 1204 MiB.
2026-10-07T21:55:32Z INFO [889/900] 6574275e-8b38-499b-8f15-21178973be99: 22 groups; 0.9 s; peak memory 1204 MiB.
2026-10-07T21:55:32Z INFO [890/900] 65743317-3cc6-4a36-a8fd-d2a139921e0b: 22 groups; 0.9 s; peak memory 1204 MiB.
2026-10-07T21:55:33Z INFO [891/900] 6574b7e4-23dd-447a-9b44-143451cfe33e: 22 groups; 1.0 s; peak memory 1204 MiB.
2026-10-07T21:55:35Z INFO [892/900] 6575985c-7b1b-4eaf-92f0-24b36eb50ba0: 32 groups; 1.5 s; peak memory 1204 MiB.
2026-10-07T21:55:43Z INFO [893/900] 6575d418-a8db-4ce5-bc4f-04c1ebb946dd: 237 groups; 8.5 s; peak memory 1204 MiB.
2026-10-07T21:55:44Z INFO [894/900] 65773f6a-6ebe-413c-9e56-4a5b1446cbd0: 35 groups; 0.9 s; peak memory 1204 MiB.
2026-10-07T21:55:45Z INFO [895/900] 6577ded2-0202-4eb0-b37f-47827b1873cf: 22 groups; 0.9 s; peak memory 1204 MiB.
2026-10-07T21:55:46Z INFO [896/900] 6578ac2b-7a71-4d4d-a0f7-dc9c1caff2c9: 25 groups; 0.9 s; peak memory 1204 MiB.
2026-10-07T21:55:47Z INFO [897/900] 6578bb4d-2975-4e43-8560-2948ff3ad299: 25 groups; 0.8 s; peak memory 1204 MiB.
2026-10-07T21:55:48Z INFO [898/900] 6579b460-d173-464a-b10e-3ebc8368f3e4: 22 groups; 0.9 s; peak memory 1204 MiB.
2026-10-07T21:55:49Z INFO [899/900] 657a4e22-83fb-4694-aba2-6e0a7af2843d: 17 groups; 0.7 s; peak memory 1204 MiB.
2026-10-07T21:55:49Z INFO [900/900] 657aa3e4-4f95-48ab-b0c3-bdea20206048: 253 groups; 0.9 s; peak memory 1204 MiB.
2026-10-07T21:55:50Z INFO [900/900] 657aa3e4-4f95-48ab-b0c3-bdea20206048: checkpointed 95836 records.
2026-10-07T21:55:50Z INFO Wrote 95836 records to /tmp/derivatives/valid_nwb_file_to_number_of_groups.jsonl (900 new, 0 failed) in 124.1 min (peak memory 1204 MiB).
