2026-10-07T13:28:32Z INFO Logging to /tmp/logs/update_2026-10-07T13-28-32Z.log.
2026-10-07T13:28:32Z INFO Update valid-nwb-file-to-number-of-groups (base directory /tmp).
2026-10-07T13:28:33Z INFO Processing 900 items (93136 already recorded).
2026-10-07T13:28:35Z INFO [1/900] 5fb092f4-afca-4c10-a909-bc4beb59a6d1: 22 groups; 1.9 s; peak memory 112 MiB.
2026-10-07T13:28:36Z INFO [2/900] 5fb0e6dd-b410-4a81-ae38-a45de0746d78: 31 groups; 1.5 s; peak memory 112 MiB.
2026-10-07T13:28:38Z INFO [3/900] 5fb1f0a7-4336-45f0-9fdf-7c7e9ddd1fdb: 34 groups; 2.1 s; peak memory 113 MiB.
2026-10-07T13:28:40Z INFO [4/900] 5fb32c1e-6f9d-4a6b-8103-5cb3dc07b013: 203 groups; 2.2 s; peak memory 115 MiB.
2026-10-07T13:28:42Z INFO [5/900] 5fb372be-f4cb-4c1c-af9c-88c498a044f5: 25 groups; 1.7 s; peak memory 115 MiB.
2026-10-07T13:28:46Z INFO [6/900] 5fb3fa0e-2c2b-4d96-8494-aa0d773d8a97: 50 groups; 4.2 s; peak memory 118 MiB.
2026-10-07T13:29:12Z INFO [7/900] 5fb5cd02-7cce-45f4-8dbc-7b9de2f1f95f: 23 groups; 25.7 s; peak memory 137 MiB.
2026-10-07T13:29:28Z INFO [8/900] 5fb5d2e6-2e0e-437a-acc6-693a73aa0c43: 22 groups; 16.5 s; peak memory 137 MiB.
2026-10-07T13:29:31Z INFO [9/900] 5fb60518-2580-4e9d-94a5-08d307f7662a: 32 groups; 2.1 s; peak memory 137 MiB.
2026-10-07T13:29:33Z INFO [10/900] 5fb69d21-0e14-4c0f-9e69-6a384f04110c: 33 groups; 2.1 s; peak memory 137 MiB.
2026-10-07T13:29:35Z INFO [11/900] 5fb78519-13a6-4e82-8274-51a46cd5c840: 26 groups; 2.1 s; peak memory 137 MiB.
2026-10-07T13:29:37Z INFO [12/900] 5fb7c1a0-bcf2-48d7-8db4-9190508314ea: 33 groups; 2.6 s; peak memory 137 MiB.
2026-10-07T13:29:51Z INFO [13/900] 5fb84ff6-a20b-4723-99aa-6da53b88e30b: 386 groups; 14.1 s; peak memory 142 MiB.
2026-10-07T13:29:53Z INFO [14/900] 5fb8666d-9356-45ef-815e-ea403e34e116: 32 groups; 1.9 s; peak memory 142 MiB.
2026-10-07T13:29:56Z INFO [15/900] 5fb89b4b-1b2a-4815-910e-54566f67f41a: 195 groups; 2.2 s; peak memory 142 MiB.
2026-10-07T13:29:57Z INFO [16/900] 5fb92499-d0f2-47fa-aa30-50dfdc6bce40: 32 groups; 1.8 s; peak memory 142 MiB.
2026-10-07T13:30:12Z INFO [17/900] 5fba4395-32a8-4fc9-a14c-f5c405d6b4bd: 238 groups; 15.1 s; peak memory 155 MiB.
2026-10-07T13:30:20Z INFO [18/900] 5fba53d6-65b1-48e7-b491-6f7e0343c476: 181 groups; 7.7 s; peak memory 155 MiB.
2026-10-07T13:30:22Z INFO [19/900] 5fba6d15-fb6c-483d-ac2b-f3e6b4503ce7: 22 groups; 1.4 s; peak memory 155 MiB.
2026-10-07T13:30:25Z INFO [20/900] 5fba750a-802c-4503-94d3-5e06d0616dca: 37 groups; 3.0 s; peak memory 156 MiB.
2026-10-07T13:30:28Z INFO [21/900] 5fbae70a-92e8-4e15-8dd1-6a0c2818f602: 46 groups; 3.3 s; peak memory 156 MiB.
2026-10-07T13:30:36Z INFO [22/900] 5fbb8897-0596-4876-bf0e-5ec00893a3c1: 66 groups; 8.3 s; peak memory 156 MiB.
2026-10-07T13:30:38Z INFO [23/900] 5fbc3c9c-c52a-442b-a2f6-86cdeb3654ef: 32 groups; 1.8 s; peak memory 156 MiB.
2026-10-07T13:31:36Z INFO [24/900] 5fbc5df2-b166-4c38-8b7e-a9c117a83ef7: 102 groups; 57.9 s; peak memory 204 MiB.
2026-10-07T13:31:38Z INFO [25/900] 5fbd01a8-55e0-47bc-84b7-2db5601387f4: 34 groups; 1.9 s; peak memory 204 MiB.
2026-10-07T13:31:55Z INFO [26/900] 5fbe353f-f14d-4173-87dd-83a9c3c8f7b0: 18 groups; 17.7 s; peak memory 204 MiB.
2026-10-07T13:31:58Z INFO [27/900] 5fbe4ef0-3a8e-42c0-978a-d9374b6f32b3: 253 groups; 2.1 s; peak memory 204 MiB.
2026-10-07T13:31:59Z INFO [28/900] 5fbf2845-258c-47fe-833b-b39a6424b32e: 22 groups; 1.5 s; peak memory 204 MiB.
2026-10-07T13:32:01Z INFO [29/900] 5fbf9c9c-1066-4ede-9515-77fc67fd5f7d: 22 groups; 1.4 s; peak memory 204 MiB.
2026-10-07T13:32:02Z INFO [30/900] 5fc050c4-c13a-4fea-bc00-0d6de32fd5e2: 202 groups; 2.0 s; peak memory 204 MiB.
2026-10-07T13:32:06Z INFO [31/900] 5fc08eef-b562-4a77-88f7-5c981899e950: 48 groups; 3.8 s; peak memory 204 MiB.
2026-10-07T13:32:13Z INFO [32/900] 5fc166c5-1090-4dc7-9e40-cd1c34c3c0fd: 127 groups; 6.8 s; peak memory 204 MiB.
2026-10-07T13:32:14Z INFO [33/900] 5fc1d3a5-c05b-4b68-b363-c144039849bf: 22 groups; 1.3 s; peak memory 204 MiB.
2026-10-07T13:32:16Z INFO [34/900] 5fc22384-8df9-4442-aaba-bf5eb04589c6: 35 groups; 2.0 s; peak memory 204 MiB.
2026-10-07T13:32:18Z INFO [35/900] 5fc23c17-7c85-4a0b-a13c-7f3beb38350a: 16 groups; 1.2 s; peak memory 204 MiB.
2026-10-07T13:32:21Z INFO [36/900] 5fc267e3-a3f9-474f-a219-b6479a629682: 35 groups; 3.2 s; peak memory 204 MiB.
2026-10-07T13:32:22Z INFO [37/900] 5fc2fd7f-3c8a-40cb-9dc2-63da975aac81: 22 groups; 1.6 s; peak memory 204 MiB.
2026-10-07T13:32:51Z INFO [38/900] 5fc430a1-a11e-46ed-96a7-edd1a2891ea1: 23 groups; 28.4 s; peak memory 204 MiB.
2026-10-07T13:33:01Z INFO [39/900] 5fc47ef0-be36-406f-b04f-c7414754ee06: 120 groups; 10.6 s; peak memory 204 MiB.
2026-10-07T13:33:14Z INFO [40/900] 5fc482a1-a08b-4a37-8f8a-c2ccc4800461: 203 groups; 12.2 s; peak memory 204 MiB.
2026-10-07T13:33:15Z INFO [41/900] 5fc4bf77-1682-4134-bcef-4d3d6b9aeab9: 32 groups; 1.7 s; peak memory 204 MiB.
2026-10-07T13:33:17Z INFO [42/900] 5fc6edc6-62c4-40a2-965c-e0be9e91843c: 22 groups; 1.6 s; peak memory 204 MiB.
2026-10-07T13:33:18Z INFO [43/900] 5fc780e4-b993-46f8-8677-ebbaa8d05a66: 22 groups; 1.5 s; peak memory 204 MiB.
2026-10-07T13:33:21Z INFO [44/900] 5fc7c213-d8f8-444c-a361-4bf490e41a4d: 35 groups; 2.2 s; peak memory 204 MiB.
2026-10-07T13:33:22Z INFO [45/900] 5fc8d216-c79a-4cdc-9990-e57513a0b02e: 22 groups; 1.5 s; peak memory 204 MiB.
2026-10-07T13:33:45Z INFO [46/900] 5fc9097f-61a5-4997-8aea-a4ed70b23f25: 468 groups; 23.4 s; peak memory 204 MiB.
2026-10-07T13:33:51Z INFO [47/900] 5fc931b2-bebf-4bf8-88f3-8096e44adc11: 68 groups; 6.0 s; peak memory 204 MiB.
2026-10-07T13:33:58Z INFO [48/900] 5fca6d41-282c-4bd4-9f25-8538db0c24b4: 78 groups; 6.1 s; peak memory 204 MiB.
2026-10-07T13:33:59Z INFO [49/900] 5fcae3a2-c082-4cd7-b848-69206376c165: 32 groups; 1.7 s; peak memory 204 MiB.
2026-10-07T13:39:23Z INFO [50/900] 5fcbf9d8-e164-4131-8756-e774b7a9e3dc: 72 groups; 323.6 s; peak memory 427 MiB.
2026-10-07T13:39:23Z INFO [50/900] 5fcbf9d8-e164-4131-8756-e774b7a9e3dc: checkpointed 93186 records.
2026-10-07T13:39:25Z INFO [51/900] 5fcd0f6f-c722-49de-82c6-b7e867b502b9: 29 groups; 2.4 s; peak memory 427 MiB.
2026-10-07T13:39:27Z INFO [52/900] 5fcd196e-5e0b-441e-99c6-0d45f750be66: 33 groups; 1.8 s; peak memory 427 MiB.
2026-10-07T13:39:39Z INFO [53/900] 5fcf13b9-18fa-47b6-83f0-a201a551f1ee: 182 groups; 12.2 s; peak memory 427 MiB.
2026-10-07T13:39:41Z INFO [54/900] 5fcf2a3d-30a7-41bb-9875-36ea7b6ef6ad: 32 groups; 1.8 s; peak memory 427 MiB.
2026-10-07T13:45:00Z INFO [55/900] 5fd0125a-6ee0-46c4-b9da-81eafa06ebd8: 75 groups; 318.9 s; peak memory 427 MiB.
2026-10-07T13:45:02Z INFO [56/900] 5fd0938a-6796-42ee-b174-c492d8466b2e: 16 groups; 1.6 s; peak memory 427 MiB.
2026-10-07T13:45:11Z INFO [57/900] 5fd0fd2d-26d1-4b4a-bc4e-5fba9afd51e0: 181 groups; 9.3 s; peak memory 427 MiB.
2026-10-07T13:45:20Z INFO [58/900] 5fd12318-a07d-4233-b7a0-e3840812fce5: 70 groups; 9.1 s; peak memory 427 MiB.
2026-10-07T13:45:22Z INFO [59/900] 5fd1b8fa-ea4b-43c1-bded-85a544e79138: 32 groups; 1.8 s; peak memory 427 MiB.
2026-10-07T13:45:24Z INFO [60/900] 5fd3b7c9-1ff9-453b-9b12-fe8c1d1d346e: 33 groups; 2.2 s; peak memory 427 MiB.
2026-10-07T13:45:33Z INFO [61/900] 5fd40d48-7559-42b6-8599-29dcd2097fc8: 142 groups; 9.1 s; peak memory 427 MiB.
2026-10-07T13:51:16Z INFO [62/900] 5fd4fbeb-a9e2-4abf-8509-9926132a1eaa: 75 groups; 343.1 s; peak memory 427 MiB.
2026-10-07T13:51:18Z INFO [63/900] 5fd6117c-8171-49f2-9fce-62f6cd2f4abb: 22 groups; 1.6 s; peak memory 427 MiB.
2026-10-07T13:51:20Z INFO [64/900] 5fd6fea1-ca8a-4913-9d10-53211a3fde9f: 35 groups; 2.2 s; peak memory 427 MiB.
2026-10-07T13:51:34Z INFO [65/900] 5fd781c7-8241-4840-bc5c-aaf568af2ad2: 202 groups; 14.1 s; peak memory 427 MiB.
2026-10-07T13:51:36Z INFO [66/900] 5fd831c6-d4e0-4813-8153-867064e8433c: 32 groups; 2.1 s; peak memory 427 MiB.
2026-10-07T13:51:38Z INFO [67/900] 5fd8cf41-ad41-405c-835c-c6d521bce8c7: 256 groups; 2.0 s; peak memory 427 MiB.
2026-10-07T13:51:57Z INFO [68/900] 5fd8d72e-7371-4737-80a5-c4a9224e291f: 337 groups; 18.4 s; peak memory 427 MiB.
2026-10-07T13:55:22Z INFO [69/900] 5fd91bb5-668d-4f43-b5c5-8863035355a7: 69 groups; 205.2 s; peak memory 427 MiB.
2026-10-07T13:55:24Z INFO [70/900] 5fdd388c-07ab-4a7b-95b3-4add483a8a04: 33 groups; 1.9 s; peak memory 427 MiB.
2026-10-07T13:55:31Z INFO [71/900] 5fdd8b8d-5679-46fd-bc1b-07acab15d48e: 73 groups; 7.3 s; peak memory 427 MiB.
2026-10-07T13:55:33Z INFO [72/900] 5fdde8f6-740a-40f1-b9c1-72038a27deb0: 22 groups; 1.9 s; peak memory 427 MiB.
2026-10-07T13:55:34Z INFO [73/900] 5fddff2f-56e0-4d34-b94c-f66715aa4174: 20 groups; 1.5 s; peak memory 427 MiB.
2026-10-07T13:55:36Z INFO [74/900] 5fde11b1-eb43-4843-908b-6270f3d04c51: 24 groups; 1.6 s; peak memory 427 MiB.
2026-10-07T13:58:32Z INFO [75/900] 5fdfca9a-6d31-4081-9a3b-5bae74239631: 77 groups; 175.5 s; peak memory 427 MiB.
2026-10-07T13:58:33Z INFO [76/900] 5fe17b03-1da9-43d1-94c1-995dc47c12dd: 22 groups; 1.6 s; peak memory 427 MiB.
2026-10-07T13:58:36Z INFO [77/900] 5fe1c6d2-e752-4c60-b165-fdaefeb562ea: 32 groups; 2.7 s; peak memory 427 MiB.
2026-10-07T13:58:38Z INFO [78/900] 5fe2e993-0536-4c11-8dc4-1e8558258f3f: 35 groups; 2.4 s; peak memory 427 MiB.
2026-10-07T13:58:46Z INFO [79/900] 5fe35bf3-dc9c-4f4f-9ca7-3c3c1a9435b4: 89 groups; 7.6 s; peak memory 427 MiB.
2026-10-07T13:58:48Z INFO [80/900] 5fe3852e-77b2-46ec-bd5b-cbd1a8539a53: 32 groups; 1.9 s; peak memory 427 MiB.
2026-10-07T13:59:08Z INFO [81/900] 5fe3ab40-42f3-4590-afcc-238d63e3b994: 89 groups; 20.6 s; peak memory 427 MiB.
2026-10-07T13:59:10Z INFO [82/900] 5fe423ee-5d7e-4781-848d-bd9da533fb38: 195 groups; 2.1 s; peak memory 427 MiB.
2026-10-07T13:59:14Z INFO [83/900] 5fe52504-ff4e-4586-aeab-73b6a32be2fb: 46 groups; 3.3 s; peak memory 427 MiB.
2026-10-07T13:59:15Z INFO [84/900] 5fe814f9-3566-41da-877b-1cc2c28cebff: 25 groups; 1.7 s; peak memory 427 MiB.
2026-10-07T14:02:25Z INFO [85/900] 5feb0d1e-cedd-45ab-8605-0c31b7d3af48: 72 groups; 189.3 s; peak memory 427 MiB.
2026-10-07T14:02:27Z INFO [86/900] 5febd3d2-751d-4aca-b05f-12d186a1f2e6: 32 groups; 1.9 s; peak memory 427 MiB.
2026-10-07T14:02:28Z INFO [87/900] 5febe9ae-2c36-4fe1-af83-1e709bf1fed3: 22 groups; 1.7 s; peak memory 427 MiB.
2026-10-07T14:02:30Z INFO [88/900] 5feddb91-5131-4d04-9a05-bd490c3bc05b: 32 groups; 2.0 s; peak memory 427 MiB.
2026-10-07T14:02:32Z INFO [89/900] 5fee0b27-5643-4097-897b-ea17857c3065: 22 groups; 1.6 s; peak memory 427 MiB.
2026-10-07T14:02:35Z INFO [90/900] 5fef2a11-d85d-4cae-9ef4-01f859ddacdd: 52 groups; 2.6 s; peak memory 427 MiB.
2026-10-07T14:02:36Z INFO [91/900] 5ff0a08e-28bf-4c2c-bceb-cd73f2d6f4d3: 202 groups; 1.9 s; peak memory 427 MiB.
2026-10-07T14:02:40Z INFO [92/900] 5ff0fb15-7264-4c96-8c3b-2ead88ebd2fb: 50 groups; 3.7 s; peak memory 427 MiB.
2026-10-07T14:02:43Z INFO [93/900] 5ff2046f-4367-4e87-aee4-c8c487469386: 40 groups; 3.2 s; peak memory 427 MiB.
2026-10-07T14:02:50Z INFO [94/900] 5ff22584-9892-439a-a877-8eaa51899583: 134 groups; 6.7 s; peak memory 427 MiB.
2026-10-07T14:03:13Z INFO [95/900] 5ff4487a-115a-4842-a481-1c7166485f8b: 338 groups; 22.4 s; peak memory 427 MiB.
2026-10-07T14:03:14Z INFO [96/900] 5ff473c0-da8c-48e0-b2a4-3c18775acb60: 16 groups; 1.5 s; peak memory 427 MiB.
2026-10-07T14:04:28Z INFO [97/900] 5ff4ad49-9831-4557-9ff2-ae67cbaa2a44: 26 groups; 74.3 s; peak memory 427 MiB.
2026-10-07T14:04:33Z INFO [98/900] 5ff4bf48-1441-4cd8-b14b-47dfa5330ddc: 50 groups; 4.4 s; peak memory 427 MiB.
2026-10-07T14:04:35Z INFO [99/900] 5ff5a570-5b62-4087-b854-e4463f568f26: 22 groups; 1.7 s; peak memory 427 MiB.
2026-10-07T14:04:36Z INFO [100/900] 5ff5d01c-2159-47fb-89cf-13037e7a9291: 23 groups; 1.3 s; peak memory 427 MiB.
2026-10-07T14:04:36Z INFO [100/900] 5ff5d01c-2159-47fb-89cf-13037e7a9291: checkpointed 93236 records.
2026-10-07T14:04:38Z INFO [101/900] 5ff5fc88-b751-4dc7-bddd-a43003fd1ab5: 32 groups; 1.7 s; peak memory 427 MiB.
2026-10-07T14:04:40Z INFO [102/900] 5ff67eb5-48ea-469e-9379-06dd3de92842: 33 groups; 2.6 s; peak memory 427 MiB.
2026-10-07T14:06:34Z INFO [103/900] 5ff6c8fa-55bf-46c1-99a3-d193d285cce0: 6168 groups; 114.1 s; peak memory 427 MiB.
2026-10-07T14:06:43Z INFO [104/900] 5ff71958-6560-4ebf-9ba5-c75967068175: 78 groups; 8.7 s; peak memory 427 MiB.
2026-10-07T14:06:45Z INFO [105/900] 5ff72014-5059-4718-a770-000882f18b3c: 22 groups; 1.8 s; peak memory 427 MiB.
2026-10-07T14:06:46Z INFO [106/900] 5ff733f2-aeba-4ab3-a6af-0ce1d9c02f16: 17 groups; 1.2 s; peak memory 427 MiB.
2026-10-07T14:06:48Z INFO [107/900] 5ff90cec-d310-4b50-9353-94030ce839ff: 29 groups; 2.0 s; peak memory 427 MiB.
2026-10-07T14:09:53Z INFO [108/900] 5ffa37cf-88a0-4db1-9f3b-9642565d28cc: 60 groups; 184.8 s; peak memory 427 MiB.
2026-10-07T14:09:55Z INFO [109/900] 5ffab62c-90ca-4944-a705-8e26595c678d: 33 groups; 2.1 s; peak memory 427 MiB.
2026-10-07T14:09:56Z INFO [110/900] 5ffbd58e-4fcf-45ca-81b5-483d3dc6edd7: 31 groups; 1.3 s; peak memory 427 MiB.
2026-10-07T14:09:58Z INFO [111/900] 5ffc08bd-5976-4a3e-a8d0-cb906e71c9d0: 22 groups; 1.3 s; peak memory 427 MiB.
2026-10-07T14:09:59Z INFO [112/900] 5ffca622-1142-4b90-8f73-5505538c3ce8: 32 groups; 1.5 s; peak memory 427 MiB.
2026-10-07T14:10:01Z INFO [113/900] 5ffce886-96ee-44aa-9a14-0b5c369b16a3: 32 groups; 2.3 s; peak memory 427 MiB.
2026-10-07T14:10:04Z INFO [114/900] 5ffdddac-1be0-4545-af97-22760fc033bb: 35 groups; 2.4 s; peak memory 427 MiB.
2026-10-07T14:10:06Z INFO [115/900] 5ffdf523-a98a-46c3-a12f-f5688293c427: 49 groups; 2.5 s; peak memory 427 MiB.
2026-10-07T14:10:08Z INFO [116/900] 5ffe03cf-76d3-4818-8ea5-84deeb736bb7: 203 groups; 2.1 s; peak memory 427 MiB.
2026-10-07T14:10:12Z INFO [117/900] 5ffec38b-2b77-45b0-ac01-173deb9882f2: 48 groups; 3.7 s; peak memory 427 MiB.
2026-10-07T14:10:14Z INFO [118/900] 5ffee6a6-2922-4593-9525-914a56d2f027: 202 groups; 2.1 s; peak memory 427 MiB.
2026-10-07T14:10:18Z INFO [119/900] 5fff30c0-9017-4255-bb43-fb9f15502ecd: 52 groups; 4.0 s; peak memory 427 MiB.
2026-10-07T14:10:20Z INFO [120/900] 5fff3f9f-8c05-4fb3-8a41-341d304e9664: 18 groups; 1.2 s; peak memory 427 MiB.
2026-10-07T14:10:35Z INFO [121/900] 5fff6077-dc29-45b9-96e8-74cee935c2af: 33 groups; 15.3 s; peak memory 427 MiB.
2026-10-07T14:10:37Z INFO [122/900] 5fffe1e5-f373-4a57-9abc-719af5b20811: 22 groups; 1.6 s; peak memory 427 MiB.
2026-10-07T14:10:38Z INFO [123/900] 60013d66-d734-4bd6-8b5d-e15898ae3876: 24 groups; 1.6 s; peak memory 427 MiB.
2026-10-07T14:10:40Z INFO [124/900] 60018d18-903d-441e-980b-6217f49c08b3: 34 groups; 2.0 s; peak memory 427 MiB.
2026-10-07T14:10:42Z INFO [125/900] 60025af8-f7b1-4fc9-acf9-266725bf0077: 25 groups; 1.6 s; peak memory 427 MiB.
2026-10-07T14:11:14Z INFO [126/900] 6002eeb4-0047-4d48-9058-57a3904fc006: 23 groups; 32.5 s; peak memory 427 MiB.
2026-10-07T14:11:17Z INFO [127/900] 6003421e-28e4-4e52-b2b1-cd638a564963: 336 groups; 2.4 s; peak memory 427 MiB.
2026-10-07T14:11:19Z INFO [128/900] 60045096-497b-4d16-a81e-09555427d1d9: 35 groups; 2.2 s; peak memory 427 MiB.
2026-10-07T14:11:21Z INFO [129/900] 6004b13b-5a44-43c2-bb70-231d086b75f0: 33 groups; 2.0 s; peak memory 427 MiB.
2026-10-07T14:11:27Z INFO [130/900] 6004f79c-fa5e-4be5-99f0-b44a3a8bcd59: 122 groups; 6.1 s; peak memory 427 MiB.
2026-10-07T14:11:34Z INFO [131/900] 6005953b-b11c-41b3-98a7-3cac16c931db: 73 groups; 7.5 s; peak memory 427 MiB.
2026-10-07T14:11:37Z INFO [132/900] 6005ac4b-6a1b-4e1a-8423-9242a5db0422: 33 groups; 2.2 s; peak memory 427 MiB.
2026-10-07T14:11:40Z INFO [133/900] 6005ef32-564c-419d-9769-052a5f7a10f8: 341 groups; 3.1 s; peak memory 427 MiB.
2026-10-07T14:11:42Z INFO [134/900] 6006067c-05ef-4558-9881-c581e0363d3a: 206 groups; 2.1 s; peak memory 427 MiB.
2026-10-07T14:11:45Z INFO [135/900] 6006339d-db6b-4448-8d92-cd6053cf7ecb: 337 groups; 2.7 s; peak memory 427 MiB.
2026-10-07T14:11:46Z INFO [136/900] 6007066d-9d50-4b70-a7a8-b46778605ca5: 253 groups; 1.6 s; peak memory 427 MiB.
2026-10-07T14:11:49Z INFO [137/900] 60070e06-e689-47e9-b1f5-6334d042dea4: 37 groups; 2.7 s; peak memory 427 MiB.
2026-10-07T14:11:52Z INFO [138/900] 60073479-76a6-4d73-a448-6e7398f5f72f: 48 groups; 3.4 s; peak memory 427 MiB.
2026-10-07T14:11:55Z INFO [139/900] 6007c48a-323f-43ab-b0bc-3cfe92d04981: 341 groups; 2.5 s; peak memory 427 MiB.
2026-10-07T14:11:58Z INFO [140/900] 6008137e-fa8b-4a0b-a8ed-b3c44cd482dc: 206 groups; 2.7 s; peak memory 427 MiB.
2026-10-07T14:11:59Z INFO [141/900] 60086285-f08a-49a3-8cff-c76e22e39e1b: 20 groups; 1.7 s; peak memory 427 MiB.
2026-10-07T14:12:01Z INFO [142/900] 60098951-8a7a-47ae-b763-29ca0c03bd55: 203 groups; 2.0 s; peak memory 427 MiB.
2026-10-07T14:12:07Z INFO [143/900] 6009d008-83d4-4abf-817d-1d7d1f545787: 17 groups; 6.1 s; peak memory 427 MiB.
2026-10-07T14:12:11Z INFO [144/900] 600a41b7-46ec-4e7f-b382-dcee85c0c17b: 48 groups; 3.3 s; peak memory 427 MiB.
2026-10-07T14:12:12Z INFO [145/900] 600ada9a-2a07-43c1-923d-5fc345be4edb: 22 groups; 1.7 s; peak memory 427 MiB.
2026-10-07T14:12:14Z INFO [146/900] 600b166c-1883-4fa3-b385-6413a9fc66d0: 26 groups; 1.4 s; peak memory 427 MiB.
2026-10-07T14:12:17Z INFO [147/900] 600b1d9c-3753-4bad-84e3-cdd23d1fa350: 194 groups; 3.4 s; peak memory 427 MiB.
2026-10-07T14:12:39Z INFO [148/900] 600c451d-50a7-40c1-b625-b0d46d234948: 18 groups; 22.1 s; peak memory 427 MiB.
2026-10-07T14:12:41Z INFO [149/900] 600c67db-0e2a-4421-9da8-d9b444be4ab9: 30 groups; 1.3 s; peak memory 427 MiB.
2026-10-07T14:12:52Z INFO [150/900] 600cf442-a472-4a6d-872f-6cc1a639c1af: 68 groups; 11.5 s; peak memory 427 MiB.
2026-10-07T14:12:52Z INFO [150/900] 600cf442-a472-4a6d-872f-6cc1a639c1af: checkpointed 93286 records.
2026-10-07T14:16:12Z INFO [151/900] 600d2113-47b2-4435-90cc-e8e6fb9840e8: 68 groups; 199.4 s; peak memory 427 MiB.
2026-10-07T14:16:16Z INFO [152/900] 600eb892-f6ab-4912-bb96-a1106db99901: 46 groups; 3.9 s; peak memory 427 MiB.
2026-10-07T14:16:18Z INFO [153/900] 600fc7bd-5bc9-4782-9809-c59ec6fcd573: 35 groups; 2.1 s; peak memory 427 MiB.
2026-10-07T14:16:19Z INFO [154/900] 6010bb3d-d454-4a1b-86c7-c4ca31964f03: 21 groups; 1.5 s; peak memory 427 MiB.
2026-10-07T14:16:24Z INFO [155/900] 60116366-fc5a-413e-88b3-cbe03c990cbf: 54 groups; 4.6 s; peak memory 427 MiB.
2026-10-07T14:16:39Z INFO [156/900] 6011bed1-5521-453d-b4ed-b12a90c6d5d7: 36 groups; 15.0 s; peak memory 427 MiB.
2026-10-07T14:16:40Z INFO [157/900] 6012e18c-adaf-4189-8a90-df602837f1a8: 22 groups; 1.6 s; peak memory 427 MiB.
2026-10-07T14:16:45Z INFO [158/900] 60141b03-7808-4292-87e7-16ef8c806171: 201 groups; 4.1 s; peak memory 427 MiB.
2026-10-07T14:16:46Z INFO [159/900] 60142fd1-5bd3-422f-ad6f-09054d5029f2: 32 groups; 1.6 s; peak memory 427 MiB.
2026-10-07T14:16:50Z INFO [160/900] 60146096-c7e3-40fe-8140-57ce9bc07b43: 44 groups; 3.7 s; peak memory 427 MiB.
2026-10-07T14:16:56Z INFO [161/900] 6014d0fd-3966-4ea9-ba2d-1084d2cdec57: 17 groups; 6.0 s; peak memory 427 MiB.
2026-10-07T14:16:58Z INFO [162/900] 6014d84f-ae98-4adf-ad3c-d8c806f10c75: 32 groups; 1.9 s; peak memory 427 MiB.
2026-10-07T14:17:10Z INFO [163/900] 60155390-2125-4c13-b0d5-191607a89fed: 29 groups; 12.0 s; peak memory 427 MiB.
2026-10-07T14:17:11Z INFO [164/900] 6015fc2c-405a-4e61-b8be-a51c38983cd0: 22 groups; 1.6 s; peak memory 427 MiB.
2026-10-07T14:29:44Z INFO [165/900] 60165de7-b64f-4c5f-86ec-6d20ed558123: 29 groups; 752.3 s; peak memory 1126 MiB.
2026-10-07T14:29:45Z INFO [166/900] 60165f4c-38f8-48db-8064-de599c6b905b: 16 groups; 1.2 s; peak memory 1126 MiB.
2026-10-07T14:29:46Z INFO [167/900] 601670dc-67e5-466b-9568-2583727f6f4a: 22 groups; 1.6 s; peak memory 1126 MiB.
2026-10-07T14:29:48Z INFO [168/900] 6016af40-bf67-4497-991c-fce97a898bd9: 99 groups; 1.6 s; peak memory 1126 MiB.
2026-10-07T14:29:50Z INFO [169/900] 60170051-cfc4-4244-9603-fa1b9bd706bc: 30 groups; 1.9 s; peak memory 1126 MiB.
2026-10-07T14:29:52Z INFO [170/900] 60172b65-147c-4012-ab67-5dc352964b95: 195 groups; 2.1 s; peak memory 1126 MiB.
2026-10-07T14:29:54Z INFO [171/900] 6017e024-9549-4e8c-8e24-08cf4fb7919f: 21 groups; 2.5 s; peak memory 1126 MiB.
2026-10-07T14:30:13Z INFO [172/900] 6018829a-122a-4e15-b93c-3da1abe09651: 256 groups; 18.9 s; peak memory 1126 MiB.
2026-10-07T14:30:15Z INFO [173/900] 601897aa-4f9c-4da6-8db5-9a1ee2b67263: 30 groups; 1.3 s; peak memory 1126 MiB.
2026-10-07T14:30:23Z INFO [174/900] 601aaf94-36d2-4f7f-a087-4e57cbf52ea8: 138 groups; 8.4 s; peak memory 1126 MiB.
2026-10-07T14:30:26Z INFO [175/900] 601b2ea6-37ed-4872-b753-6167e064cfb7: 67 groups; 3.2 s; peak memory 1126 MiB.
2026-10-07T14:32:17Z INFO [176/900] 601be7aa-320f-4573-9596-e9e3cc0366e5: 33 groups; 110.8 s; peak memory 1126 MiB.
2026-10-07T14:32:20Z INFO [177/900] 601d35a5-c4e4-4a19-9778-46f9de57a310: 104 groups; 2.9 s; peak memory 1126 MiB.
2026-10-07T14:32:21Z INFO [178/900] 601d7143-79be-4e86-aaa3-1c5b3c84f275: 18 groups; 1.5 s; peak memory 1126 MiB.
2026-10-07T14:32:23Z INFO [179/900] 601e0eda-f6c6-4740-b001-e1aa9df77e5c: 22 groups; 1.7 s; peak memory 1126 MiB.
2026-10-07T14:32:26Z INFO [180/900] 6020163b-f3a9-449a-a21e-0c215861d5ed: 35 groups; 3.0 s; peak memory 1126 MiB.
2026-10-07T14:32:28Z INFO [181/900] 602020c9-8dc1-4d36-9c94-5aad283fec7f: 32 groups; 1.8 s; peak memory 1126 MiB.
2026-10-07T14:32:29Z INFO [182/900] 6020318d-9ec0-47bd-9264-8c4104827b6b: 22 groups; 1.7 s; peak memory 1126 MiB.
2026-10-07T14:32:32Z INFO [183/900] 6020824b-3ee3-4954-8bfd-59c10dff0b3b: 33 groups; 2.1 s; peak memory 1126 MiB.
2026-10-07T14:32:34Z INFO [184/900] 60213703-b788-40f5-986c-bb4b355c16f7: 35 groups; 2.6 s; peak memory 1126 MiB.
2026-10-07T14:32:41Z INFO [185/900] 602278ab-7f8d-4ff0-a4d6-2befb50bdbd4: 169 groups; 6.9 s; peak memory 1126 MiB.
2026-10-07T14:32:47Z INFO [186/900] 6022afcd-1876-4649-9f6b-068feac93345: 108 groups; 6.1 s; peak memory 1126 MiB.
2026-10-07T14:32:49Z INFO [187/900] 6022f0a5-64c2-4d5d-94da-eb9d7a5f4ab4: 29 groups; 1.6 s; peak memory 1126 MiB.
2026-10-07T14:32:51Z INFO [188/900] 60243654-3789-4cf7-88cc-dbee2f2015f6: 32 groups; 1.8 s; peak memory 1126 MiB.
2026-10-07T14:32:52Z INFO [189/900] 60244347-ca66-4f81-b67b-64a44455adb8: 32 groups; 1.8 s; peak memory 1126 MiB.
2026-10-07T14:32:54Z INFO [190/900] 60263f29-d84d-43d3-b00b-2fad4b27f889: 202 groups; 2.0 s; peak memory 1126 MiB.
2026-10-07T14:32:57Z INFO [191/900] 602690fa-3a0a-4015-bf54-45831336eca4: 31 groups; 2.3 s; peak memory 1126 MiB.
2026-10-07T14:33:00Z INFO [192/900] 6026bd9d-c6ed-4a9a-8b4a-6cc159a5e9d2: 46 groups; 3.7 s; peak memory 1126 MiB.
2026-10-07T14:33:02Z INFO [193/900] 6026f0fe-990f-4405-a43c-4e0b0c49d8bd: 17 groups; 1.3 s; peak memory 1126 MiB.
2026-10-07T14:33:03Z INFO [194/900] 6027696a-fa2b-4afc-8ba4-ac176f675aed: 32 groups; 1.8 s; peak memory 1126 MiB.
2026-10-07T14:33:06Z INFO [195/900] 6027780c-c331-419c-b77d-9c4ce73c04f6: 17 groups; 2.9 s; peak memory 1126 MiB.
2026-10-07T14:33:14Z INFO [196/900] 602800c7-4d24-4c4d-a42c-b6ca75c543d2: 67 groups; 7.9 s; peak memory 1126 MiB.
2026-10-07T14:33:16Z INFO [197/900] 6029b8cb-f78a-49c2-a915-8356766ad89b: 25 groups; 1.4 s; peak memory 1126 MiB.
2026-10-07T14:33:29Z INFO [198/900] 6029edd0-e42d-4357-a701-9b8c851b49e2: 223 groups; 13.1 s; peak memory 1126 MiB.
2026-10-07T14:33:30Z INFO [199/900] 6029f0da-6914-40ea-b1de-8383d1dfe92f: 22 groups; 1.6 s; peak memory 1126 MiB.
2026-10-07T14:33:33Z INFO [200/900] 602a4990-edf1-4c35-aea7-37ec64736dda: 202 groups; 2.2 s; peak memory 1126 MiB.
2026-10-07T14:33:33Z INFO [200/900] 602a4990-edf1-4c35-aea7-37ec64736dda: checkpointed 93336 records.
2026-10-07T14:33:35Z INFO [201/900] 602a52fa-d61d-4a73-a676-b2c9bf96564a: 35 groups; 2.5 s; peak memory 1126 MiB.
2026-10-07T14:33:37Z INFO [202/900] 602b7757-a19c-41ad-bdeb-e0e4ba3165f1: 32 groups; 1.7 s; peak memory 1126 MiB.
2026-10-07T14:33:39Z INFO [203/900] 602c2fcf-98ff-49a1-887e-e1ebae724ed6: 32 groups; 1.7 s; peak memory 1126 MiB.
2026-10-07T14:33:53Z INFO [204/900] 602cc8e3-9de5-4947-96ba-4d6e9f93662b: 36 groups; 14.6 s; peak memory 1126 MiB.
2026-10-07T14:33:55Z INFO [205/900] 602ec2b5-5b22-4442-9628-9d44dbdf616e: 256 groups; 2.1 s; peak memory 1126 MiB.
2026-10-07T14:33:57Z INFO [206/900] 602f2d5d-03f5-44b0-84ed-8411e10dc2e0: 22 groups; 1.5 s; peak memory 1126 MiB.
2026-10-07T14:33:58Z INFO [207/900] 602f9ad5-bf84-409b-890e-abc3b03455d9: 22 groups; 1.4 s; peak memory 1126 MiB.
2026-10-07T14:34:00Z INFO [208/900] 602fdb36-f4e6-4d71-967b-065d9732dbe8: 36 groups; 1.8 s; peak memory 1126 MiB.
2026-10-07T14:34:02Z INFO [209/900] 60304258-0d2d-458d-8695-f8d39e855ec6: 28 groups; 1.3 s; peak memory 1126 MiB.
2026-10-07T14:34:04Z INFO [210/900] 60314858-bf45-41ee-9a27-9408ca150e6d: 35 groups; 2.1 s; peak memory 1126 MiB.
2026-10-07T14:34:05Z INFO [211/900] 6031a2e1-8d64-4e2b-9667-f0ba5f1911e0: 36 groups; 1.8 s; peak memory 1126 MiB.
2026-10-07T14:34:12Z INFO [212/900] 6031a58c-c569-49f0-b233-b5b2d58c9b91: 78 groups; 6.9 s; peak memory 1126 MiB.
2026-10-07T14:34:14Z INFO [213/900] 6031e342-db6b-4a7b-973e-9e53de173176: 16 groups; 1.2 s; peak memory 1126 MiB.
2026-10-07T14:34:15Z INFO [214/900] 603200e1-d32b-41a7-974b-50fb54125ef2: 25 groups; 1.7 s; peak memory 1126 MiB.
2026-10-07T14:40:27Z INFO [215/900] 6032604d-c882-42ae-84c6-027a55ff5fe2: 72 groups; 371.8 s; peak memory 1126 MiB.
2026-10-07T14:40:29Z INFO [216/900] 6032c997-d135-45fb-bd2c-9d7da80783ce: 36 groups; 2.0 s; peak memory 1126 MiB.
2026-10-07T14:40:31Z INFO [217/900] 603322f3-dde0-4e65-8d5f-5c60aaf12060: 35 groups; 2.1 s; peak memory 1126 MiB.
2026-10-07T14:40:33Z INFO [218/900] 6033ac8e-d859-454d-b8b8-acf430f06e7c: 32 groups; 1.8 s; peak memory 1126 MiB.
2026-10-07T14:40:42Z INFO [219/900] 6033ea78-e5da-44d1-bafb-6efa6f582677: 181 groups; 9.3 s; peak memory 1126 MiB.
2026-10-07T14:40:56Z INFO [220/900] 6034b0e7-a0d0-47a5-a46b-52e843cf61d7: 197 groups; 13.5 s; peak memory 1126 MiB.
2026-10-07T14:40:57Z INFO [221/900] 6036af47-8cce-454c-8698-6f3b1c26fb70: 22 groups; 1.5 s; peak memory 1126 MiB.
2026-10-07T14:40:59Z INFO [222/900] 6036e697-41ed-4739-a329-9581b56c8196: 22 groups; 1.6 s; peak memory 1126 MiB.
2026-10-07T14:41:01Z INFO [223/900] 60371813-c6f4-49b9-8675-aaaf75a45275: 30 groups; 1.6 s; peak memory 1126 MiB.
2026-10-07T14:41:02Z INFO [224/900] 6037510b-f37e-45d1-9272-1c28a73df0b4: 32 groups; 1.7 s; peak memory 1126 MiB.
2026-10-07T14:41:04Z INFO [225/900] 6037b9c9-2750-4dbc-bbc0-0fad5d2f4bd4: 252 groups; 1.8 s; peak memory 1126 MiB.
2026-10-07T14:41:05Z INFO [226/900] 6037daba-5c61-45ca-a6a3-424eff8005a9: 32 groups; 1.2 s; peak memory 1126 MiB.
2026-10-07T14:41:07Z INFO [227/900] 603805f1-2c69-4740-92c1-b09eaf86947e: 28 groups; 1.4 s; peak memory 1126 MiB.
2026-10-07T14:41:09Z INFO [228/900] 6038d5f4-15bd-4ff0-88ed-597d7ffb84c4: 32 groups; 1.9 s; peak memory 1126 MiB.
2026-10-07T14:41:12Z INFO [229/900] 60390ff0-00a1-4862-8b41-451ce8b6d226: 48 groups; 3.8 s; peak memory 1126 MiB.
2026-10-07T14:41:15Z INFO [230/900] 6039304e-9fd7-40a3-8342-a39cf24023be: 35 groups; 2.3 s; peak memory 1126 MiB.
2026-10-07T14:44:20Z INFO [231/900] 603b1911-9bb7-45bc-acf3-54af4fe1b58b: 63 groups; 185.1 s; peak memory 1126 MiB.
2026-10-07T14:44:22Z INFO [232/900] 603b8144-f2aa-4eae-aba4-4c7304517db4: 199 groups; 2.0 s; peak memory 1126 MiB.
2026-10-07T14:44:23Z INFO [233/900] 603cd044-9445-48fa-9ccf-8f9c96384b32: 32 groups; 1.8 s; peak memory 1126 MiB.
2026-10-07T14:44:25Z INFO [234/900] 603d002d-abb8-4599-864d-1e8a189a90d3: 32 groups; 1.8 s; peak memory 1126 MiB.
2026-10-07T14:44:26Z INFO [235/900] 603d1bd3-c7b3-49d4-9a4b-53c6fca4ff19: 16 groups; 1.2 s; peak memory 1126 MiB.
2026-10-07T14:44:28Z INFO [236/900] 603d9bb6-995b-4673-a6e6-f47a7d58a4b1: 22 groups; 1.5 s; peak memory 1126 MiB.
2026-10-07T14:44:30Z INFO [237/900] 603da7ad-4e7e-4913-af16-440313654df5: 32 groups; 1.7 s; peak memory 1126 MiB.
2026-10-07T14:44:33Z INFO [238/900] 603deb39-1a4d-4b57-bc67-e455abecbec2: 48 groups; 2.9 s; peak memory 1126 MiB.
2026-10-07T14:44:35Z INFO [239/900] 603eee81-0579-46f2-a2a6-10e5868a675c: 32 groups; 2.0 s; peak memory 1126 MiB.
2026-10-07T14:44:36Z INFO [240/900] 603f3761-69b6-41e0-a591-233ce69ba764: 32 groups; 1.7 s; peak memory 1126 MiB.
2026-10-07T14:44:38Z INFO [241/900] 603fcfa5-83bd-4830-8b85-b796256d27e0: 25 groups; 1.6 s; peak memory 1126 MiB.
2026-10-07T14:44:57Z INFO [242/900] 603ff4cb-b6b8-4c23-af3f-509e4215d959: 312 groups; 18.9 s; peak memory 1126 MiB.
2026-10-07T14:44:58Z INFO [243/900] 60405de4-c7d7-4b11-9f95-6e6f741e4387: 16 groups; 1.4 s; peak memory 1126 MiB.
2026-10-07T14:45:01Z INFO [244/900] 6040d693-4d0f-42b6-ad77-76858ad9d1e2: 206 groups; 2.8 s; peak memory 1126 MiB.
2026-10-07T14:45:03Z INFO [245/900] 60418e5d-ffe4-4531-a98f-aabb56618076: 336 groups; 2.1 s; peak memory 1126 MiB.
2026-10-07T14:45:05Z INFO [246/900] 604264ee-9055-4645-9cef-dfd1391e96e9: 22 groups; 1.6 s; peak memory 1126 MiB.
2026-10-07T14:45:06Z INFO [247/900] 6042c64e-b0b5-4bbc-914f-3fc22f1dfdd3: 22 groups; 1.6 s; peak memory 1126 MiB.
2026-10-07T15:05:15Z INFO [248/900] 604384fc-d745-4d25-b22b-15a12032ea6a: 175 groups; 1208.9 s; peak memory 1128 MiB.
2026-10-07T15:05:38Z INFO [249/900] 60446cef-c988-4922-b3a4-32e1b7b6399b: 1678 groups; 22.6 s; peak memory 1128 MiB.
2026-10-07T15:05:40Z INFO [250/900] 60450ef1-d53a-4fa0-a044-d5545ce4eaf5: 254 groups; 1.9 s; peak memory 1128 MiB.
2026-10-07T15:05:40Z INFO [250/900] 60450ef1-d53a-4fa0-a044-d5545ce4eaf5: checkpointed 93386 records.
2026-10-07T15:06:26Z INFO [251/900] 6045a516-fbf7-431c-888d-4ac711e2d638: 1650 groups; 45.6 s; peak memory 1128 MiB.
2026-10-07T15:06:27Z INFO [252/900] 6045a956-88c5-4a38-a256-40bf04293fd1: 17 groups; 1.4 s; peak memory 1128 MiB.
2026-10-07T15:06:29Z INFO [253/900] 6045df82-98f8-4673-a625-849548cf5b78: 29 groups; 2.4 s; peak memory 1128 MiB.
2026-10-07T15:06:32Z INFO [254/900] 6045f635-f702-4fd9-b476-ccd49bc8cbed: 35 groups; 2.5 s; peak memory 1128 MiB.
2026-10-07T15:06:34Z INFO [255/900] 6047e924-0072-4f01-9b77-5a43a24f7954: 34 groups; 2.5 s; peak memory 1128 MiB.
2026-10-07T15:09:40Z INFO [256/900] 60481330-e87f-4c0d-a236-84ef2a37d7e0: 60 groups; 186.1 s; peak memory 1128 MiB.
2026-10-07T15:10:02Z INFO [257/900] 6048ed44-d5a7-46db-8bcc-4a386770bb7f: 257 groups; 21.2 s; peak memory 1128 MiB.
2026-10-07T15:10:04Z INFO [258/900] 6049b2c2-7718-44eb-9431-6ba7db958dfa: 35 groups; 2.1 s; peak memory 1128 MiB.
2026-10-07T15:10:06Z INFO [259/900] 6049b7d7-d5db-4289-9032-2a7a240de5f9: 52 groups; 2.6 s; peak memory 1128 MiB.
2026-10-07T15:10:08Z INFO [260/900] 604aaaf7-0b2f-417d-8fa6-153eb86844ec: 33 groups; 1.9 s; peak memory 1128 MiB.
2026-10-07T15:10:10Z INFO [261/900] 604aed01-93b8-445e-9bc6-e08d4ea22dac: 22 groups; 1.6 s; peak memory 1128 MiB.
2026-10-07T15:10:12Z INFO [262/900] 604b45c3-0bfa-4448-8b05-2416be889f09: 253 groups; 1.6 s; peak memory 1128 MiB.
2026-10-07T15:10:13Z INFO [263/900] 604c4d0a-7f1f-4395-bf59-2fd1dcbe1b7c: 28 groups; 1.5 s; peak memory 1128 MiB.
2026-10-07T15:10:14Z INFO [264/900] 604c77f3-9b34-45b6-813d-f3ff3008fe4d: 28 groups; 1.4 s; peak memory 1128 MiB.
2026-10-07T15:10:18Z INFO [265/900] 604cb0c2-6219-4602-9598-5fb31d91a7fa: 17 groups; 4.0 s; peak memory 1128 MiB.
2026-10-07T15:10:44Z INFO [266/900] 604cc43f-a47c-46f2-9e3c-53c4001e57f4: 520 groups; 25.4 s; peak memory 1128 MiB.
2026-10-07T15:10:45Z INFO [267/900] 604ce810-1e97-47e8-941a-b4fdca08dd4d: 25 groups; 1.4 s; peak memory 1128 MiB.
2026-10-07T15:10:47Z INFO [268/900] 604d6cf5-3154-4799-a34d-90c4ec6f82f8: 32 groups; 1.9 s; peak memory 1128 MiB.
2026-10-07T15:10:49Z INFO [269/900] 604e0578-aeb3-4f10-ac22-9cff853e947e: 22 groups; 1.5 s; peak memory 1128 MiB.
2026-10-07T15:10:51Z INFO [270/900] 604e3f2c-5887-4188-ae3a-f9dd4319f325: 35 groups; 2.0 s; peak memory 1128 MiB.
2026-10-07T15:11:06Z INFO [271/900] 604e4edd-6de8-4f4c-b255-f42dfc40c58a: 186 groups; 15.6 s; peak memory 1128 MiB.
2026-10-07T15:11:12Z INFO [272/900] 604e63b0-eefe-43ad-b0bc-b346bef6ac5c: 134 groups; 6.0 s; peak memory 1128 MiB.
2026-10-07T15:11:14Z INFO [273/900] 604f5e4c-baec-4376-9dd4-190feff3fb8f: 25 groups; 1.6 s; peak memory 1128 MiB.
2026-10-07T15:11:16Z INFO [274/900] 604fc7da-e60f-44db-9caa-c3965339ed72: 32 groups; 1.8 s; peak memory 1128 MiB.
2026-10-07T15:11:18Z INFO [275/900] 604ff8bf-ec9f-45a4-8f45-bae52e8ce300: 103 groups; 1.9 s; peak memory 1128 MiB.
2026-10-07T15:11:19Z INFO [276/900] 6050ab48-8f95-4216-89ea-86920a3c6f34: 28 groups; 1.4 s; peak memory 1128 MiB.
2026-10-07T15:11:21Z INFO [277/900] 6050d5b2-a064-4144-8cb2-d43bf816564c: 22 groups; 1.7 s; peak memory 1128 MiB.
2026-10-07T15:11:26Z INFO [278/900] 60516a39-ab93-4fa0-9ea1-bc3c55a95e4b: 111 groups; 5.5 s; peak memory 1128 MiB.
2026-10-07T15:11:28Z INFO [279/900] 60518513-d03c-4fbf-a34d-978f74e09d96: 22 groups; 1.5 s; peak memory 1128 MiB.
2026-10-07T15:11:31Z INFO [280/900] 6051b526-d371-4fa8-a7ee-aec9b862c25a: 67 groups; 3.2 s; peak memory 1128 MiB.
2026-10-07T15:11:33Z INFO [281/900] 6051c5b7-3608-4e15-b98b-482db4d3d455: 22 groups; 1.6 s; peak memory 1128 MiB.
2026-10-07T15:11:36Z INFO [282/900] 6052fa84-9b68-4b3b-ba52-1818b9da6d58: 50 groups; 3.8 s; peak memory 1128 MiB.
2026-10-07T15:11:38Z INFO [283/900] 6053b8d6-dae3-4274-91ff-6750ca27e65b: 22 groups; 1.5 s; peak memory 1128 MiB.
2026-10-07T15:11:40Z INFO [284/900] 60549d5a-ed86-464a-a0b8-2b2ad3ca2da2: 202 groups; 2.2 s; peak memory 1128 MiB.
2026-10-07T15:11:42Z INFO [285/900] 6055bed8-ee3b-4f8b-a72a-72fb54b40203: 32 groups; 1.7 s; peak memory 1128 MiB.
2026-10-07T15:11:44Z INFO [286/900] 605789fd-987e-4b05-86e9-83ddcff40f30: 253 groups; 2.1 s; peak memory 1128 MiB.
2026-10-07T15:11:46Z INFO [287/900] 6057c5b2-678d-4462-9e66-cda3b433d008: 32 groups; 1.7 s; peak memory 1128 MiB.
2026-10-07T15:11:49Z INFO [288/900] 60582928-6927-44fa-aa0f-d96604951aae: 35 groups; 2.9 s; peak memory 1128 MiB.
2026-10-07T15:11:51Z INFO [289/900] 6058d05a-b9e2-4c59-ba24-70e318110f23: 54 groups; 2.8 s; peak memory 1128 MiB.
2026-10-07T15:11:54Z INFO [290/900] 6058e739-9ad6-4415-91d9-b79bc83ae4ad: 194 groups; 2.2 s; peak memory 1128 MiB.
2026-10-07T15:11:55Z INFO [291/900] 6059c66e-a78b-4ef0-b423-8d1bdccf644b: 22 groups; 1.7 s; peak memory 1128 MiB.
2026-10-07T15:11:57Z INFO [292/900] 605a7d4f-c936-4e59-882d-23e70d17a112: 22 groups; 1.5 s; peak memory 1128 MiB.
2026-10-07T15:12:04Z INFO [293/900] 605a9e72-6722-4c97-91e1-0737dcc720cf: 73 groups; 7.1 s; peak memory 1128 MiB.
2026-10-07T15:12:17Z INFO [294/900] 605b8195-6a65-40d4-91ec-bbaab44b7107: 76 groups; 12.9 s; peak memory 1128 MiB.
2026-10-07T15:12:18Z INFO [295/900] 605c21ae-6102-4aa6-bd76-b4f9bd2c1a07: 22 groups; 1.4 s; peak memory 1128 MiB.
2026-10-07T15:12:20Z INFO [296/900] 605d5308-da0c-4e8a-964b-cabd40b94663: 35 groups; 2.1 s; peak memory 1128 MiB.
2026-10-07T15:12:24Z INFO [297/900] 605d9932-9e45-422a-9f67-0a8ae5683224: 50 groups; 3.5 s; peak memory 1128 MiB.
2026-10-07T15:12:27Z INFO [298/900] 605dc6be-4154-4d2f-8033-abdc077efcd6: 17 groups; 2.9 s; peak memory 1128 MiB.
2026-10-07T15:12:31Z INFO [299/900] 605ddbcd-1e12-4a75-8938-bd3e5f4bd846: 87 groups; 4.1 s; peak memory 1128 MiB.
2026-10-07T15:12:41Z INFO [300/900] 605e0bf5-9c7b-44d1-a945-2f80d6189f4a: 180 groups; 10.6 s; peak memory 1128 MiB.
2026-10-07T15:12:42Z INFO [300/900] 605e0bf5-9c7b-44d1-a945-2f80d6189f4a: checkpointed 93436 records.
2026-10-07T15:12:43Z INFO [301/900] 605e7ba9-3b4c-4074-9dc4-15f2621d8887: 22 groups; 1.5 s; peak memory 1128 MiB.
2026-10-07T15:12:44Z INFO [302/900] 605ecd05-a2dd-41f4-8d25-19e6389f6914: 16 groups; 1.2 s; peak memory 1128 MiB.
2026-10-07T15:12:46Z INFO [303/900] 605f83f4-ddea-4b5f-927d-0e89048e117c: 32 groups; 1.8 s; peak memory 1128 MiB.
2026-10-07T15:12:48Z INFO [304/900] 605f9555-57bc-45eb-9284-dc25a3bffeba: 49 groups; 2.5 s; peak memory 1128 MiB.
2026-10-07T15:12:50Z INFO [305/900] 605ff3bb-111a-4bc2-8757-ac95e9ffb002: 22 groups; 1.5 s; peak memory 1128 MiB.
2026-10-07T15:13:02Z INFO [306/900] 605ff485-da96-481d-9a81-e61f56beda71: 123 groups; 11.9 s; peak memory 1128 MiB.
2026-10-07T15:13:04Z INFO [307/900] 6060b3bc-4f8c-412d-9ae8-4a5fdb420587: 22 groups; 1.7 s; peak memory 1128 MiB.
2026-10-07T15:13:05Z INFO [308/900] 60614ede-2f4e-4325-b95f-f6672b9e31c6: 22 groups; 1.6 s; peak memory 1128 MiB.
2026-10-07T15:13:09Z INFO [309/900] 60621093-c327-491d-9a89-a6e78dfefca8: 72 groups; 3.6 s; peak memory 1128 MiB.
2026-10-07T15:13:10Z INFO [310/900] 6062f3bf-d68d-4277-a97c-0e021bb8f386: 26 groups; 1.7 s; peak memory 1128 MiB.
2026-10-07T15:13:12Z INFO [311/900] 6063c1b6-0698-4c86-afc5-2774d20e2f27: 32 groups; 1.9 s; peak memory 1128 MiB.
2026-10-07T15:13:14Z INFO [312/900] 6064133c-71d7-40c8-ab49-07e047fd75a5: 32 groups; 1.9 s; peak memory 1128 MiB.
2026-10-07T15:13:17Z INFO [313/900] 60645627-033a-4a8d-892f-fe439a8923fd: 33 groups; 2.7 s; peak memory 1128 MiB.
2026-10-07T15:13:19Z INFO [314/900] 6064abc5-f319-459b-92fd-c7285f7bdc2e: 25 groups; 1.6 s; peak memory 1128 MiB.
2026-10-07T15:13:20Z INFO [315/900] 6064c830-2af8-4630-a58d-ddaffe4f9859: 22 groups; 1.5 s; peak memory 1128 MiB.
2026-10-07T15:13:22Z INFO [316/900] 6065781d-9e0c-4308-818d-f8dbf4602586: 22 groups; 1.8 s; peak memory 1128 MiB.
2026-10-07T15:13:24Z INFO [317/900] 6065bbef-f0ae-4a75-825b-247f08d9e539: 35 groups; 2.0 s; peak memory 1128 MiB.
2026-10-07T15:13:25Z INFO [318/900] 6066589f-1604-4d27-865b-259e37079c09: 16 groups; 1.3 s; peak memory 1128 MiB.
2026-10-07T15:13:27Z INFO [319/900] 60668c13-5253-4f66-8c29-2858e4bbb982: 22 groups; 1.7 s; peak memory 1128 MiB.
2026-10-07T15:13:35Z INFO [320/900] 60669f20-75a0-4dc1-a4e0-2b0cb54f4978: 166 groups; 8.1 s; peak memory 1128 MiB.
2026-10-07T15:13:37Z INFO [321/900] 60671775-44a1-47e5-a506-8a1382a2ddb8: 32 groups; 1.8 s; peak memory 1128 MiB.
2026-10-07T15:13:39Z INFO [322/900] 60677209-01b1-476c-96e1-52430b76b4b5: 196 groups; 2.4 s; peak memory 1128 MiB.
2026-10-07T15:13:43Z INFO [323/900] 60677db7-ddc4-46ba-a545-f798fbfa466f: 207 groups; 3.4 s; peak memory 1128 MiB.
2026-10-07T15:14:13Z INFO [324/900] 60678acf-d337-45c5-ab81-5745fb240434: 43 groups; 30.2 s; peak memory 1128 MiB.
2026-10-07T15:14:14Z INFO [325/900] 606796fa-9533-4def-8342-16b948205fba: 22 groups; 1.5 s; peak memory 1128 MiB.
2026-10-07T15:14:18Z INFO [326/900] 60680314-902b-44cd-b963-6fbef6f9658a: 48 groups; 3.5 s; peak memory 1128 MiB.
2026-10-07T15:14:19Z INFO [327/900] 60680923-2cf3-4736-ae96-285133f350d1: 25 groups; 1.2 s; peak memory 1128 MiB.
2026-10-07T15:14:23Z INFO [328/900] 6068f422-7513-449a-8822-946fd8e24ef0: 50 groups; 3.8 s; peak memory 1128 MiB.
2026-10-07T15:17:33Z INFO [329/900] 606b2e06-b250-4ad5-84af-90d8e355b632: 68 groups; 190.0 s; peak memory 1128 MiB.
2026-10-07T15:17:35Z INFO [330/900] 606b2efd-f3e3-4dcf-b250-24d03d3b8c34: 22 groups; 1.7 s; peak memory 1128 MiB.
2026-10-07T15:17:37Z INFO [331/900] 606b9b73-4d6c-4b0c-b42d-4d7f5c9c2d08: 259 groups; 2.2 s; peak memory 1128 MiB.
2026-10-07T15:17:39Z INFO [332/900] 606caaa0-67aa-4512-a187-6c7398f483be: 27 groups; 2.1 s; peak memory 1128 MiB.
2026-10-07T15:17:41Z INFO [333/900] 606cb22a-a951-4a27-a1f7-f6a1e539fcad: 33 groups; 1.7 s; peak memory 1128 MiB.
2026-10-07T15:17:43Z INFO [334/900] 606d8565-d758-4380-81ff-2af68dfeae95: 32 groups; 2.0 s; peak memory 1128 MiB.
2026-10-07T15:17:51Z INFO [335/900] 606f2b78-c868-4c49-bc9f-7cbd9366a82b: 157 groups; 8.7 s; peak memory 1128 MiB.
2026-10-07T15:18:10Z INFO [336/900] 606f82cb-3ea5-49c1-99c1-1b33ba1dd0df: 220 groups; 18.4 s; peak memory 1128 MiB.
2026-10-07T15:19:12Z INFO [337/900] 606fe68a-b825-492e-aa4a-d891db83de2f: 26 groups; 62.4 s; peak memory 1128 MiB.
2026-10-07T15:19:13Z INFO [338/900] 60725ca3-3bbf-4c07-8dbe-326804f58bac: 28 groups; 1.4 s; peak memory 1128 MiB.
2026-10-07T15:19:15Z INFO [339/900] 607387d6-ea6d-4342-893e-e67dc92515f1: 30 groups; 1.3 s; peak memory 1128 MiB.
2026-10-07T15:19:16Z INFO [340/900] 607398f3-96b7-4881-8285-3dd985f4da9a: 31 groups; 1.3 s; peak memory 1128 MiB.
2026-10-07T15:19:18Z INFO [341/900] 60743173-75b2-4345-8afe-a1547e3f707b: 22 groups; 1.6 s; peak memory 1128 MiB.
2026-10-07T15:19:21Z INFO [342/900] 60746750-21dd-49f2-b774-4a1e61807c7a: 17 groups; 2.9 s; peak memory 1128 MiB.
2026-10-07T15:19:39Z INFO [343/900] 6074bba8-6227-4e70-8796-f0443b173299: 175 groups; 18.2 s; peak memory 1128 MiB.
2026-10-07T15:19:40Z INFO [344/900] 6075c091-ba39-4da1-b2ed-60c3de703c2b: 18 groups; 1.1 s; peak memory 1128 MiB.
2026-10-07T15:19:41Z INFO [345/900] 607665bb-14c5-4d74-a1d1-840878825cba: 18 groups; 1.2 s; peak memory 1128 MiB.
2026-10-07T15:19:44Z INFO [346/900] 607784d8-528b-453e-b8a1-ec0861f9f44a: 42 groups; 3.4 s; peak memory 1128 MiB.
2026-10-07T15:20:01Z INFO [347/900] 60783a2c-6c04-4275-9547-7c428f0ae27f: 63 groups; 16.1 s; peak memory 1128 MiB.
2026-10-07T15:20:03Z INFO [348/900] 60787732-003b-4b63-afb4-ea0209117c9f: 35 groups; 2.1 s; peak memory 1128 MiB.
2026-10-07T15:20:04Z INFO [349/900] 60789205-3ce8-450d-8150-9b829ab1b082: 22 groups; 1.6 s; peak memory 1128 MiB.
2026-10-07T15:20:08Z INFO [350/900] 6078cee8-2383-411f-bd67-a1e29bbbe576: 48 groups; 3.3 s; peak memory 1128 MiB.
2026-10-07T15:20:08Z INFO [350/900] 6078cee8-2383-411f-bd67-a1e29bbbe576: checkpointed 93486 records.
2026-10-07T15:20:09Z INFO [351/900] 60793631-cb1e-4321-9913-516d2157f368: 30 groups; 1.3 s; peak memory 1128 MiB.
2026-10-07T15:20:29Z INFO [352/900] 607946f9-6ded-450b-b090-ff52a91f54bc: 206 groups; 20.4 s; peak memory 1128 MiB.
2026-10-07T15:20:31Z INFO [353/900] 6079b813-8a49-4092-82be-1663970582d5: 22 groups; 1.6 s; peak memory 1128 MiB.
2026-10-07T15:20:44Z INFO [354/900] 607a4605-21a9-4e84-88dc-1cee8b17df34: 345 groups; 12.8 s; peak memory 1128 MiB.
2026-10-07T15:20:46Z INFO [355/900] 607a5d3d-f4bf-47cd-a8a9-cca77594e727: 32 groups; 1.7 s; peak memory 1128 MiB.
2026-10-07T15:20:47Z INFO [356/900] 607a9c15-dca1-445e-9540-a9bcbf13198f: 32 groups; 1.7 s; peak memory 1128 MiB.
2026-10-07T15:20:49Z INFO [357/900] 607b7d5a-636f-444c-90ed-ab42ece0aa72: 22 groups; 1.7 s; peak memory 1128 MiB.
2026-10-07T15:20:52Z INFO [358/900] 607b8105-47ba-4479-93fa-444f4cfde68e: 341 groups; 2.8 s; peak memory 1128 MiB.
2026-10-07T15:20:54Z INFO [359/900] 607baa23-2804-48b7-8ad1-2a050fe68cbf: 31 groups; 2.2 s; peak memory 1128 MiB.
2026-10-07T15:20:57Z INFO [360/900] 607bc395-6c13-42b9-874f-eb13f7c83f91: 67 groups; 3.2 s; peak memory 1128 MiB.
2026-10-07T15:21:01Z INFO [361/900] 607bea11-4e71-4930-b63b-3aad98d2bc66: 48 groups; 3.6 s; peak memory 1128 MiB.
2026-10-07T15:21:02Z INFO [362/900] 607cd647-4c07-4acd-a682-46ab1414c8f8: 22 groups; 1.5 s; peak memory 1128 MiB.
2026-10-07T15:21:06Z INFO [363/900] 607d1510-126e-4a5c-97b7-ef823a9791a0: 17 groups; 3.5 s; peak memory 1128 MiB.
2026-10-07T15:21:08Z INFO [364/900] 607d2d65-7ab0-447a-a47b-565a81562ade: 43 groups; 2.0 s; peak memory 1128 MiB.
2026-10-07T15:21:09Z INFO [365/900] 607d600d-ba76-44b0-9613-cae2a8267acf: 18 groups; 1.1 s; peak memory 1128 MiB.
2026-10-07T15:21:11Z INFO [366/900] 607d9788-fc0a-4796-bc7a-6d9b8208572c: 32 groups; 1.8 s; peak memory 1128 MiB.
2026-10-07T15:21:12Z INFO [367/900] 607e731b-3fc7-4116-9063-bf89027a1398: 22 groups; 1.5 s; peak memory 1128 MiB.
2026-10-07T15:21:15Z INFO [368/900] 607e8206-1f89-49fb-a8e9-60f7454fd787: 29 groups; 2.3 s; peak memory 1128 MiB.
2026-10-07T15:21:17Z INFO [369/900] 607f0d8e-b9d5-402e-8de5-85a9245943a4: 35 groups; 2.5 s; peak memory 1128 MiB.
2026-10-07T15:21:18Z INFO [370/900] 607fef84-5947-4a5f-95fa-eadf4a4a2c94: 16 groups; 1.2 s; peak memory 1128 MiB.
2026-10-07T15:21:19Z INFO [371/900] 60800331-df57-4aa6-ba88-23bdd07ef539: 16 groups; 1.2 s; peak memory 1128 MiB.
2026-10-07T15:21:21Z INFO [372/900] 60802e6b-9a23-4201-9699-df4d5edfa881: 26 groups; 1.2 s; peak memory 1128 MiB.
2026-10-07T15:21:24Z INFO [373/900] 6080b791-c83e-4075-9859-b99b7de952bf: 194 groups; 3.6 s; peak memory 1128 MiB.
2026-10-07T15:21:34Z INFO [374/900] 6080c2d8-0fab-4fcb-8217-c804a9c80bc0: 181 groups; 9.3 s; peak memory 1128 MiB.
2026-10-07T15:21:39Z INFO [375/900] 6080f141-6f4c-4399-bea4-b13f992f6384: 87 groups; 5.2 s; peak memory 1128 MiB.
2026-10-07T15:21:40Z INFO [376/900] 6081138e-e45b-4358-a800-0ee35b61cc36: 22 groups; 1.5 s; peak memory 1128 MiB.
2026-10-07T15:21:44Z INFO [377/900] 6081c1bd-725b-4d65-ac9a-35cdaabdbbb4: 69 groups; 3.5 s; peak memory 1128 MiB.
2026-10-07T15:21:46Z INFO [378/900] 6082aa3a-c903-4172-beda-fe3b6d7ac470: 32 groups; 1.9 s; peak memory 1128 MiB.
2026-10-07T15:21:49Z INFO [379/900] 6083271b-1b64-4040-9860-3398e9903470: 48 groups; 3.5 s; peak memory 1128 MiB.
2026-10-07T15:21:57Z INFO [380/900] 60844829-8d5b-4ad7-9ea5-a1867a864712: 59 groups; 7.4 s; peak memory 1128 MiB.
2026-10-07T15:21:59Z INFO [381/900] 60875ce9-9fbc-481e-bbda-a10eaaf8f8d5: 35 groups; 2.3 s; peak memory 1128 MiB.
2026-10-07T15:22:15Z INFO [382/900] 60875f75-da5f-42ee-9db1-65ea0a4afbc8: 33 groups; 16.1 s; peak memory 1128 MiB.
2026-10-07T15:22:17Z INFO [383/900] 6087aec0-aad9-4484-a88e-bbdcd6d530f6: 35 groups; 2.4 s; peak memory 1128 MiB.
2026-10-07T15:22:19Z INFO [384/900] 6087eb88-eb2f-4e45-b9fe-e3419436ed88: 22 groups; 1.4 s; peak memory 1128 MiB.
2026-10-07T15:22:20Z INFO [385/900] 60897994-6a54-492c-b1b8-c3873f67a854: 22 groups; 1.6 s; peak memory 1128 MiB.
2026-10-07T15:22:22Z INFO [386/900] 608b1aec-b0d4-4f10-8eda-6d7498a1f6d8: 22 groups; 1.7 s; peak memory 1128 MiB.
2026-10-07T15:22:25Z INFO [387/900] 608d6682-6efd-43a2-8fd8-70c1f4bf8708: 207 groups; 2.4 s; peak memory 1128 MiB.
2026-10-07T15:22:37Z INFO [388/900] 608d69c6-e153-4441-bbed-637a05de9461: 165 groups; 12.9 s; peak memory 1128 MiB.
2026-10-07T15:22:40Z INFO [389/900] 608e67ff-5f0c-4222-9fdf-8d1af8a8c684: 32 groups; 2.3 s; peak memory 1128 MiB.
2026-10-07T15:22:47Z INFO [390/900] 608f8600-03b2-4083-b2a5-94eb8f6adf95: 64 groups; 7.8 s; peak memory 1128 MiB.
2026-10-07T15:22:57Z INFO [391/900] 608f9f6b-9e79-405d-a6d1-e3cd3baff85e: 34 groups; 9.9 s; peak memory 1128 MiB.
2026-10-07T15:23:02Z INFO [392/900] 609135fc-7d63-4534-8fd9-9675ef6c00fa: 50 groups; 4.2 s; peak memory 1128 MiB.
2026-10-07T15:23:04Z INFO [393/900] 6091a4b9-7814-49a4-94bd-1f8b7156abea: 35 groups; 2.3 s; peak memory 1128 MiB.
2026-10-07T15:23:13Z INFO [394/900] 60920d2d-58ee-45f7-b058-ab461388eb56: 178 groups; 8.7 s; peak memory 1128 MiB.
2026-10-07T15:23:31Z INFO [395/900] 60923790-31a1-4a91-8e55-4fd63c16b89a: 352 groups; 18.6 s; peak memory 1128 MiB.
2026-10-07T15:24:01Z INFO [396/900] 60925bc5-61c1-471e-9c4d-805de113a624: 23 groups; 29.4 s; peak memory 1128 MiB.
2026-10-07T15:24:19Z INFO [397/900] 6092eecf-99f2-4f01-9736-11dedf19b7dc: 590 groups; 18.7 s; peak memory 1128 MiB.
2026-10-07T15:52:52Z INFO [398/900] 6092ef18-d437-4e1e-a5dc-de4b81cb0440: 42 groups; 1712.4 s; peak memory 1149 MiB.
2026-10-07T15:52:54Z INFO [399/900] 6092efae-0a37-42a5-b28d-d2298b44ec63: 206 groups; 2.4 s; peak memory 1149 MiB.
2026-10-07T15:52:56Z INFO [400/900] 609333ca-7407-488c-9a51-c1817c0ec505: 35 groups; 2.2 s; peak memory 1149 MiB.
2026-10-07T15:52:56Z INFO [400/900] 609333ca-7407-488c-9a51-c1817c0ec505: checkpointed 93536 records.
2026-10-07T15:52:58Z INFO [401/900] 6093eaa6-c83b-4072-903b-37c920f339e8: 24 groups; 2.1 s; peak memory 1149 MiB.
2026-10-07T15:53:00Z INFO [402/900] 60946698-215c-46f6-867a-a096e2f03ac3: 28 groups; 1.4 s; peak memory 1149 MiB.
2026-10-07T15:53:02Z INFO [403/900] 609558b0-1cda-43cc-86f9-5ec6553e0631: 42 groups; 2.1 s; peak memory 1149 MiB.
2026-10-07T15:53:05Z INFO [404/900] 6096046c-0b96-4e1f-88fe-272b2aca24b9: 48 groups; 3.3 s; peak memory 1149 MiB.
2026-10-07T15:53:07Z INFO [405/900] 60965c3d-f605-41d1-b0a2-2920a44a6881: 32 groups; 1.8 s; peak memory 1149 MiB.
2026-10-07T15:53:09Z INFO [406/900] 6097b03f-50c8-4ff1-95bf-cc57968dae17: 33 groups; 1.8 s; peak memory 1149 MiB.
2026-10-07T15:53:10Z INFO [407/900] 6098a54e-2ad9-4fe5-ad95-cfcb624d41ab: 22 groups; 1.5 s; peak memory 1149 MiB.
2026-10-07T15:53:17Z INFO [408/900] 609907d4-5056-4128-be63-dc575fe21faa: 116 groups; 6.4 s; peak memory 1149 MiB.
2026-10-07T15:53:21Z INFO [409/900] 609993a8-6ba1-485b-b367-e72f98feb009: 50 groups; 4.1 s; peak memory 1149 MiB.
2026-10-07T15:56:13Z INFO [410/900] 6099abae-3f38-459c-b8cc-ed6548904a9e: 65 groups; 172.5 s; peak memory 1149 MiB.
2026-10-07T15:56:15Z INFO [411/900] 609b5cc5-4ffc-4651-80c2-626dbfb4c67c: 22 groups; 1.4 s; peak memory 1149 MiB.
2026-10-07T15:56:16Z INFO [412/900] 609b971b-9e21-4a66-a54f-9d68e4804e9a: 22 groups; 1.7 s; peak memory 1149 MiB.
2026-10-07T15:57:21Z INFO [413/900] 609cd361-ca43-4d28-8154-6ccbcad0ea29: 27 groups; 64.4 s; peak memory 1149 MiB.
2026-10-07T15:57:24Z INFO [414/900] 609d2a57-b72f-407e-a6f8-21607a5febe7: 48 groups; 3.1 s; peak memory 1149 MiB.
2026-10-07T15:57:26Z INFO [415/900] 609d62ad-7d9b-4fa2-99bf-4bd1ee22fe0a: 195 groups; 2.0 s; peak memory 1149 MiB.
2026-10-07T15:57:28Z INFO [416/900] 609dbbaa-a448-43ad-9cb6-bd2b00814181: 336 groups; 2.3 s; peak memory 1149 MiB.
2026-10-07T15:57:30Z INFO [417/900] 609e2950-e0b7-49b1-a8c8-ede66b709464: 29 groups; 1.4 s; peak memory 1149 MiB.
2026-10-07T15:57:32Z INFO [418/900] 609f556b-94a0-414e-9cde-e3b304be5c3b: 36 groups; 2.0 s; peak memory 1149 MiB.
2026-10-07T15:57:33Z INFO [419/900] 60a0424c-a947-43c6-a568-a753468d98c4: 22 groups; 1.5 s; peak memory 1149 MiB.
2026-10-07T15:57:35Z INFO [420/900] 60a0480c-68ac-46bd-a8e2-7fe33f11883e: 22 groups; 1.5 s; peak memory 1149 MiB.
2026-10-07T15:57:47Z INFO [421/900] 60a0ba33-6e05-491d-bc08-ff936350db13: 143 groups; 12.1 s; peak memory 1149 MiB.
2026-10-07T15:57:49Z INFO [422/900] 60a1ba61-253e-4d9f-bd9f-94932c92a9c3: 35 groups; 2.1 s; peak memory 1149 MiB.
2026-10-07T15:57:53Z INFO [423/900] 60a1c1d7-11f6-4c19-a939-24c95ba6c62c: 82 groups; 3.9 s; peak memory 1149 MiB.
2026-10-07T15:58:00Z INFO [424/900] 60a43e22-b116-4afc-9a0f-3e8ea15255b4: 68 groups; 7.0 s; peak memory 1149 MiB.
2026-10-07T15:58:01Z INFO [425/900] 60a45657-fbc1-45cf-8426-d12259ea590d: 31 groups; 1.2 s; peak memory 1149 MiB.
2026-10-07T15:58:03Z INFO [426/900] 60a46024-159f-4dd0-9d7c-fef806dc84ae: 35 groups; 1.9 s; peak memory 1149 MiB.
2026-10-07T15:58:07Z INFO [427/900] 60a4830e-ac50-48ee-abc5-518bf37fc06d: 30 groups; 4.2 s; peak memory 1149 MiB.
2026-10-07T15:58:08Z INFO [428/900] 60a5695b-419b-4e43-ac01-3344bc5c1471: 22 groups; 1.4 s; peak memory 1149 MiB.
2026-10-07T15:58:10Z INFO [429/900] 60a58bd0-48bc-429c-967d-322161924951: 22 groups; 1.5 s; peak memory 1149 MiB.
2026-10-07T15:58:12Z INFO [430/900] 60a6d8d0-e452-4e75-99e9-98c765e55a0f: 32 groups; 1.9 s; peak memory 1149 MiB.
2026-10-07T15:58:13Z INFO [431/900] 60a7a490-2b70-4950-9013-10058d41bdc5: 23 groups; 1.5 s; peak memory 1149 MiB.
2026-10-07T15:58:21Z INFO [432/900] 60a7ae8e-acee-485d-b68a-b1a49a3dcac8: 181 groups; 7.6 s; peak memory 1149 MiB.
2026-10-07T15:58:23Z INFO [433/900] 60a832a3-5e39-42b9-a4dc-c548d768e8e3: 35 groups; 2.3 s; peak memory 1149 MiB.
2026-10-07T16:03:38Z INFO [434/900] 60a897ae-4f40-439b-a579-b7a552587f27: 75 groups; 314.4 s; peak memory 1149 MiB.
2026-10-07T16:03:50Z INFO [435/900] 60a89ff1-b09d-4d6d-8b32-bc637c4e6e20: 49 groups; 12.4 s; peak memory 1149 MiB.
2026-10-07T16:03:52Z INFO [436/900] 60a8c0b0-52ac-4022-8dcb-c689470d843a: 32 groups; 1.8 s; peak memory 1149 MiB.
2026-10-07T16:03:54Z INFO [437/900] 60a8f07d-3ded-4e2c-8532-8eeeef03db78: 207 groups; 2.2 s; peak memory 1149 MiB.
2026-10-07T16:03:59Z INFO [438/900] 60a8fb94-de0a-4220-ad45-ba73d94ab1f2: 59 groups; 4.7 s; peak memory 1149 MiB.
2026-10-07T16:04:07Z INFO [439/900] 60a94e93-902d-426b-a612-f2288b26ba44: 94 groups; 8.7 s; peak memory 1149 MiB.
2026-10-07T16:04:09Z INFO [440/900] 60a99e21-c551-4548-b174-8f804017bac4: 16 groups; 1.4 s; peak memory 1149 MiB.
2026-10-07T16:04:11Z INFO [441/900] 60aa8595-e9d3-4d8d-8b07-319c5946eb8d: 35 groups; 2.4 s; peak memory 1149 MiB.
2026-10-07T16:04:14Z INFO [442/900] 60aa8d3a-b5c8-4b54-b672-c2d9cad0f1f7: 48 groups; 2.8 s; peak memory 1149 MiB.
2026-10-07T16:04:21Z INFO [443/900] 60aadad6-f3be-4819-953a-a4a63fc22570: 78 groups; 7.0 s; peak memory 1149 MiB.
2026-10-07T16:04:33Z INFO [444/900] 60ab0635-8566-453e-b4ad-2bc3d1f2c260: 22 groups; 12.0 s; peak memory 1149 MiB.
2026-10-07T16:04:34Z INFO [445/900] 60abbc35-7b60-4188-b95d-4507d6ac6267: 22 groups; 1.6 s; peak memory 1149 MiB.
2026-10-07T16:04:36Z INFO [446/900] 60abc8f4-202f-4c21-86fa-9d08e8bd5748: 36 groups; 2.0 s; peak memory 1149 MiB.
2026-10-07T16:04:38Z INFO [447/900] 60abca11-6486-4e5c-8df8-b7c92e934170: 32 groups; 1.7 s; peak memory 1149 MiB.
2026-10-07T16:04:40Z INFO [448/900] 60abd504-aa63-4b7a-9c7a-22f36802af5e: 22 groups; 1.5 s; peak memory 1149 MiB.
2026-10-07T16:04:59Z INFO [449/900] 60abe0d2-cd49-410f-9e40-f4eb8ce7a02d: 17 groups; 19.4 s; peak memory 1149 MiB.
2026-10-07T16:05:00Z INFO [450/900] 60ac5424-9be8-46ff-ba22-63897c468f68: 30 groups; 1.4 s; peak memory 1149 MiB.
2026-10-07T16:05:00Z INFO [450/900] 60ac5424-9be8-46ff-ba22-63897c468f68: checkpointed 93586 records.
2026-10-07T16:06:09Z INFO [451/900] 60ac743c-1e9c-4acb-8917-4559cd52945d: 26 groups; 68.8 s; peak memory 1149 MiB.
2026-10-07T16:08:59Z INFO [452/900] 60adef49-1e78-4ab1-b28c-b440cf56de7c: 77 groups; 169.5 s; peak memory 1149 MiB.
2026-10-07T16:09:06Z INFO [453/900] 60ae18e3-73db-4dbb-af95-c85c8c1750ee: 50 groups; 6.8 s; peak memory 1149 MiB.
2026-10-07T16:09:08Z INFO [454/900] 60af51c6-9abc-4eb8-bfbe-392ade4deca1: 32 groups; 1.9 s; peak memory 1149 MiB.
2026-10-07T16:09:09Z INFO [455/900] 60b1a883-66a4-498d-a49e-e7467935e18b: 32 groups; 1.8 s; peak memory 1149 MiB.
2026-10-07T16:09:11Z INFO [456/900] 60b390f7-b29d-4f00-a6fa-9817ba61e31c: 52 groups; 2.0 s; peak memory 1149 MiB.
2026-10-07T16:09:13Z INFO [457/900] 60b51e2e-f1ca-4582-8da3-9cb1de999a11: 22 groups; 1.5 s; peak memory 1149 MiB.
2026-10-07T16:09:14Z INFO [458/900] 60b662d9-67dd-4f29-9fd6-4c463a1b74d9: 29 groups; 1.4 s; peak memory 1149 MiB.
2026-10-07T16:09:17Z INFO [459/900] 60b726c3-2844-4f6a-a36b-c5faa487129d: 35 groups; 2.6 s; peak memory 1149 MiB.
2026-10-07T16:09:19Z INFO [460/900] 60b8a6c4-3664-4a13-b228-6bcb095f6fb5: 32 groups; 2.0 s; peak memory 1149 MiB.
2026-10-07T16:09:52Z INFO [461/900] 60b928f4-8a06-417c-b41e-8518aafd001e: 218 groups; 33.1 s; peak memory 1149 MiB.
2026-10-07T16:09:53Z INFO [462/900] 60bab0d5-83f0-4a5f-9033-821c1d21faf6: 22 groups; 1.2 s; peak memory 1149 MiB.
2026-10-07T16:09:56Z INFO [463/900] 60bac682-89bf-4538-bc0c-1f149bdbb70e: 337 groups; 2.5 s; peak memory 1149 MiB.
2026-10-07T16:09:57Z INFO [464/900] 60bbe22f-9295-45fe-b5d5-d263f2cf17e2: 28 groups; 1.5 s; peak memory 1149 MiB.
2026-10-07T16:09:59Z INFO [465/900] 60bc2f59-3f95-4812-9873-2cd7402057e1: 24 groups; 1.5 s; peak memory 1149 MiB.
2026-10-07T16:10:13Z INFO [466/900] 60bd5b7e-3109-47dc-adec-26f72e0c1b4b: 280 groups; 14.7 s; peak memory 1149 MiB.
2026-10-07T16:10:15Z INFO [467/900] 60bdbc68-945e-42b9-a210-39a768c93238: 29 groups; 1.5 s; peak memory 1149 MiB.
2026-10-07T16:10:17Z INFO [468/900] 60be5a60-254b-4423-a22c-d63dcf239c39: 22 groups; 2.6 s; peak memory 1149 MiB.
2026-10-07T16:10:19Z INFO [469/900] 60bf1261-5d16-4f32-8ea4-a4db97dc36b3: 22 groups; 1.5 s; peak memory 1149 MiB.
2026-10-07T16:10:25Z INFO [470/900] 60bf78b6-24ab-4f8f-b52a-9145cce14f64: 59 groups; 6.5 s; peak memory 1149 MiB.
2026-10-07T16:10:27Z INFO [471/900] 60bf82e4-986e-4cf5-8c23-f61e08307a88: 32 groups; 1.8 s; peak memory 1149 MiB.
2026-10-07T16:10:29Z INFO [472/900] 60bf8d93-67ef-4b92-89a1-aa53483924f6: 24 groups; 1.6 s; peak memory 1149 MiB.
2026-10-07T16:10:41Z INFO [473/900] 60c0219a-5147-4d81-ad28-7e396319e086: 233 groups; 12.7 s; peak memory 1149 MiB.
2026-10-07T16:10:44Z INFO [474/900] 60c04f7f-4ca4-43ae-aa7d-3656c6b5a08a: 33 groups; 2.8 s; peak memory 1149 MiB.
2026-10-07T16:10:46Z INFO [475/900] 60c0e78f-2d34-431f-ba65-f4b780a1ddfb: 25 groups; 1.5 s; peak memory 1149 MiB.
2026-10-07T16:10:49Z INFO [476/900] 60c192d1-55b5-46ef-862a-c594d9564ff3: 50 groups; 3.7 s; peak memory 1149 MiB.
2026-10-07T16:10:51Z INFO [477/900] 60c1a772-6353-4b12-b7fa-177476350fd9: 22 groups; 1.6 s; peak memory 1149 MiB.
2026-10-07T16:10:52Z INFO [478/900] 60c202c3-df94-4c46-ba9e-f43051ab70f6: 16 groups; 1.4 s; peak memory 1149 MiB.
2026-10-07T16:10:54Z INFO [479/900] 60c23020-ef8b-4a74-a34d-6c76e8616edf: 18 groups; 1.4 s; peak memory 1149 MiB.
2026-10-07T16:10:55Z INFO [480/900] 60c23357-db11-4606-adc3-bee193337cb3: 22 groups; 1.6 s; peak memory 1149 MiB.
2026-10-07T16:10:57Z INFO [481/900] 60c298db-2ce2-4c8a-abcc-fa9fbc1f7503: 22 groups; 1.5 s; peak memory 1149 MiB.
2026-10-07T16:11:04Z INFO [482/900] 60c3c19c-ce4e-41c7-8f09-f231ba7d6687: 29 groups; 7.2 s; peak memory 1149 MiB.
2026-10-07T16:11:06Z INFO [483/900] 60c4c211-f445-4963-bf81-c06c77923de8: 30 groups; 1.5 s; peak memory 1149 MiB.
2026-10-07T16:11:07Z INFO [484/900] 60c5b7a2-8295-4cf2-921a-1d499d39db81: 22 groups; 1.5 s; peak memory 1149 MiB.
2026-10-07T16:11:15Z INFO [485/900] 60c64a64-1ce8-4316-8c31-8f5db246d8b8: 118 groups; 7.8 s; peak memory 1149 MiB.
2026-10-07T16:11:16Z INFO [486/900] 60c65a7a-933a-48a6-88e6-c47652a49a7e: 22 groups; 1.2 s; peak memory 1149 MiB.
2026-10-07T16:11:18Z INFO [487/900] 60c68558-d2eb-4c80-8292-563bf48c816c: 33 groups; 1.4 s; peak memory 1149 MiB.
2026-10-07T16:11:20Z INFO [488/900] 60c773f5-7ec1-4c88-987c-4b192a6cc4aa: 32 groups; 1.9 s; peak memory 1149 MiB.
2026-10-07T16:11:21Z INFO [489/900] 60ca0bd8-ef40-47db-a8c6-eef39ee0a340: 22 groups; 1.6 s; peak memory 1149 MiB.
2026-10-07T16:11:22Z INFO [490/900] 60ca6e80-7d58-4c84-b979-d702ff8fe915: 16 groups; 1.1 s; peak memory 1149 MiB.
2026-10-07T16:11:24Z INFO [491/900] 60cb66b2-bc56-466c-8e16-02cd94ee40d3: 22 groups; 1.6 s; peak memory 1149 MiB.
2026-10-07T16:11:26Z INFO [492/900] 60cc19d8-af75-4cd4-a35b-433eb3c81c95: 67 groups; 2.4 s; peak memory 1149 MiB.
2026-10-07T16:11:27Z INFO [493/900] 60cc450a-9adf-4d79-ac90-83394bc4e471: 22 groups; 1.3 s; peak memory 1149 MiB.
2026-10-07T16:11:30Z INFO [494/900] 60cc4915-de86-4643-b1a8-7afe160f729c: 35 groups; 2.2 s; peak memory 1149 MiB.
2026-10-07T16:11:31Z INFO [495/900] 60ccd6e7-ad3d-4e46-9236-88a0ff003d4e: 32 groups; 1.8 s; peak memory 1149 MiB.
2026-10-07T16:11:32Z INFO [496/900] 60cd039c-828b-46be-a148-8740a3da8229: 16 groups; 1.0 s; peak memory 1149 MiB.
2026-10-07T16:11:35Z INFO [497/900] 60cd2be6-58a0-4c44-81c2-cfde193a7a50: 200 groups; 2.2 s; peak memory 1149 MiB.
2026-10-07T16:11:36Z INFO [498/900] 60cd463c-e98f-4e58-888d-f2fd3b713669: 32 groups; 1.8 s; peak memory 1149 MiB.
2026-10-07T16:12:02Z INFO [499/900] 60cdd5aa-aa63-4924-a8fb-bc8c493034e8: 23 groups; 25.4 s; peak memory 1149 MiB.
2026-10-07T16:12:04Z INFO [500/900] 60ce29d2-69d1-47ab-8032-70918384d91e: 35 groups; 2.2 s; peak memory 1149 MiB.
2026-10-07T16:12:04Z INFO [500/900] 60ce29d2-69d1-47ab-8032-70918384d91e: checkpointed 93636 records.
2026-10-07T16:12:12Z INFO [501/900] 60ceb742-4c62-4d5e-b917-fcd1896becfc: 181 groups; 7.3 s; peak memory 1149 MiB.
2026-10-07T16:12:13Z INFO [502/900] 60cf9cc7-422d-4edc-a6df-e6dead2ed551: 16 groups; 1.3 s; peak memory 1149 MiB.
2026-10-07T16:12:14Z INFO [503/900] 60d0c6c4-ac8d-4522-b3e6-92d7ba4d6601: 22 groups; 1.5 s; peak memory 1149 MiB.
2026-10-07T16:13:06Z INFO [504/900] 60d137b3-812c-4b30-b99c-f31b3d1e9b7c: 33 groups; 52.0 s; peak memory 1149 MiB.
2026-10-07T16:13:16Z INFO [505/900] 60d16280-8eaf-443a-83c6-f7d5ba270590: 136 groups; 9.2 s; peak memory 1149 MiB.
2026-10-07T16:13:17Z INFO [506/900] 60d28969-38a2-42c1-b385-a06d130d5e9d: 22 groups; 1.6 s; peak memory 1149 MiB.
2026-10-07T16:13:48Z INFO [507/900] 60d2beb1-57cc-4848-981a-92105190b8dd: 23 groups; 30.6 s; peak memory 1149 MiB.
2026-10-07T16:13:49Z INFO [508/900] 60d2eddc-5764-4731-a884-c1b6abbb6b87: 31 groups; 1.3 s; peak memory 1149 MiB.
2026-10-07T16:13:55Z INFO [509/900] 60d347d2-60f0-429d-b011-1fb0736494ef: 73 groups; 6.5 s; peak memory 1149 MiB.
2026-10-07T16:13:57Z INFO [510/900] 60d3cabf-3c99-4bb8-9057-dacf703180d0: 22 groups; 1.5 s; peak memory 1149 MiB.
2026-10-07T16:13:59Z INFO [511/900] 60d3f5c4-9247-4683-bc31-7d42c99a9e8c: 25 groups; 1.6 s; peak memory 1149 MiB.
2026-10-07T16:14:01Z INFO [512/900] 60d42827-ae7f-4b07-a922-21a7289b7ba4: 103 groups; 2.1 s; peak memory 1149 MiB.
2026-10-07T16:14:02Z INFO [513/900] 60d4cf2d-9e5a-4fa9-9c82-8370f7dcff3b: 22 groups; 1.6 s; peak memory 1149 MiB.
2026-10-07T16:14:03Z INFO [514/900] 60d55e26-91fe-4c0f-b107-459e48fc8fe0: 18 groups; 1.2 s; peak memory 1149 MiB.
2026-10-07T16:14:05Z INFO [515/900] 60d5cc2d-0ec6-4352-b528-133c21c894ac: 202 groups; 2.0 s; peak memory 1149 MiB.
2026-10-07T16:14:07Z INFO [516/900] 60d5df03-c965-4b17-befc-c298fa29a045: 22 groups; 1.4 s; peak memory 1149 MiB.
2026-10-07T16:14:10Z INFO [517/900] 60d63b45-2972-4ec6-a15c-2ef2a3a250eb: 48 groups; 3.0 s; peak memory 1149 MiB.
2026-10-07T16:14:11Z INFO [518/900] 60d73299-eadd-4161-b2bf-98c10a9e09a8: 22 groups; 1.5 s; peak memory 1149 MiB.
2026-10-07T16:16:58Z INFO [519/900] 60d7a389-912c-4f67-9f67-b745a1f26c78: 60 groups; 166.5 s; peak memory 1149 MiB.
2026-10-07T16:17:08Z INFO [520/900] 60d88076-d865-45f4-8fd3-a16779399b6f: 117 groups; 10.6 s; peak memory 1149 MiB.
2026-10-07T16:18:04Z INFO [521/900] 60d97d07-6367-47b8-bb50-f66c12e4b1e1: 27 groups; 56.0 s; peak memory 1149 MiB.
2026-10-07T16:18:06Z INFO [522/900] 60da3a3e-1100-430f-a67f-52be6b7ed999: 32 groups; 2.0 s; peak memory 1149 MiB.
2026-10-07T16:18:15Z INFO [523/900] 60da8072-9866-4aa1-b468-385eb996822a: 78 groups; 8.7 s; peak memory 1149 MiB.
2026-10-07T16:18:17Z INFO [524/900] 60da943e-dd8d-4f36-970b-7fd2dad12b23: 22 groups; 1.6 s; peak memory 1149 MiB.
2026-10-07T16:18:18Z INFO [525/900] 60dae32b-3d84-4d20-bcb4-a6a751d3edf8: 32 groups; 1.7 s; peak memory 1149 MiB.
2026-10-07T16:18:19Z INFO [526/900] 60db4873-5bc0-4d5d-b0fc-59bd5f602b2b: 31 groups; 1.2 s; peak memory 1149 MiB.
2026-10-07T16:18:21Z INFO [527/900] 60dbaf07-226a-46a4-b97f-2db0db2ee433: 67 groups; 2.0 s; peak memory 1149 MiB.
2026-10-07T16:18:23Z INFO [528/900] 60dbfead-1f17-45e2-b033-dac39e73fd79: 22 groups; 1.6 s; peak memory 1149 MiB.
2026-10-07T16:18:25Z INFO [529/900] 60dcc997-0e16-4d76-b5cf-a2472e1c4e2b: 22 groups; 1.7 s; peak memory 1149 MiB.
2026-10-07T16:18:26Z INFO [530/900] 60dd4f36-3bcc-45bc-9e8c-c82a0404b53b: 32 groups; 1.8 s; peak memory 1149 MiB.
2026-10-07T16:18:28Z INFO [531/900] 60de22bb-c427-4df9-93c1-702d7191a563: 32 groups; 1.7 s; peak memory 1149 MiB.
2026-10-07T16:18:30Z INFO [532/900] 60dee5a0-cee2-42c2-9b53-c68f2e9d2825: 22 groups; 1.4 s; peak memory 1149 MiB.
2026-10-07T16:18:37Z INFO [533/900] 60df41c8-bd58-4caf-9d7b-93dc3c4c92ec: 78 groups; 6.9 s; peak memory 1149 MiB.
2026-10-07T16:18:54Z INFO [534/900] 60e006d5-1694-4a81-a806-aec984c8d097: 213 groups; 17.3 s; peak memory 1149 MiB.
2026-10-07T16:18:55Z INFO [535/900] 60e0429a-5c9d-44d5-b343-8669cc3f1255: 22 groups; 1.5 s; peak memory 1149 MiB.
2026-10-07T16:18:57Z INFO [536/900] 60e05676-28a6-406d-9071-547adea9d1a9: 29 groups; 1.3 s; peak memory 1149 MiB.
2026-10-07T16:18:58Z INFO [537/900] 60e0a49c-bf53-4f0f-81b4-17af192238f3: 22 groups; 1.5 s; peak memory 1149 MiB.
2026-10-07T16:19:07Z INFO [538/900] 60e12bbb-aa76-4752-8eae-eb1d67081413: 85 groups; 8.5 s; peak memory 1149 MiB.
2026-10-07T16:19:32Z INFO [539/900] 60e1885b-79de-415e-a21d-7429694db147: 211 groups; 25.3 s; peak memory 1149 MiB.
2026-10-07T16:19:33Z INFO [540/900] 60e1c32b-6dab-4a1b-8208-dc1f451aa1bd: 25 groups; 1.5 s; peak memory 1149 MiB.
2026-10-07T16:19:35Z INFO [541/900] 60e1cb82-2108-4544-826d-c5818eb59ec2: 194 groups; 1.8 s; peak memory 1149 MiB.
2026-10-07T16:19:37Z INFO [542/900] 60e2dbc6-64e7-4989-9b3f-78d7953f751d: 33 groups; 2.0 s; peak memory 1149 MiB.
2026-10-07T16:19:39Z INFO [543/900] 60e38aa3-47f6-4ee9-86a4-2d790a2bc0b5: 35 groups; 2.0 s; peak memory 1149 MiB.
2026-10-07T16:19:48Z INFO [544/900] 60e3fa04-5a7b-4b5f-8435-5fb0fd4d202f: 85 groups; 8.6 s; peak memory 1149 MiB.
2026-10-07T16:19:51Z INFO [545/900] 60e489c3-a728-4d75-ad11-bb72c47f7360: 206 groups; 3.5 s; peak memory 1149 MiB.
2026-10-07T16:20:20Z INFO [546/900] 60e4c95b-0363-4324-a6ce-b55937f0657c: 23 groups; 28.7 s; peak memory 1149 MiB.
2026-10-07T16:20:22Z INFO [547/900] 60e4df68-42b3-49f0-8e33-ebcbae86fea9: 194 groups; 2.2 s; peak memory 1149 MiB.
2026-10-07T16:20:29Z INFO [548/900] 60e55625-c5a0-4e64-b2d8-1ee223a30f8e: 181 groups; 6.7 s; peak memory 1149 MiB.
2026-10-07T16:20:30Z INFO [549/900] 60e577ba-02f6-4625-bca9-ea60e0f32dd3: 22 groups; 1.3 s; peak memory 1149 MiB.
2026-10-07T16:20:33Z INFO [550/900] 60e622af-aa0d-4ebf-8f48-e96766736625: 47 groups; 2.2 s; peak memory 1149 MiB.
2026-10-07T16:20:33Z INFO [550/900] 60e622af-aa0d-4ebf-8f48-e96766736625: checkpointed 93686 records.
2026-10-07T16:20:37Z INFO [551/900] 60e6f5ef-8475-4fbc-927f-4f9ef4c55ad6: 48 groups; 3.7 s; peak memory 1149 MiB.
2026-10-07T16:20:38Z INFO [552/900] 60e742e2-f537-4d7e-bb4a-0e959a40973c: 252 groups; 1.7 s; peak memory 1149 MiB.
2026-10-07T16:20:40Z INFO [553/900] 60e7ed9a-902b-4d40-8cf1-518bbcee20f0: 22 groups; 1.5 s; peak memory 1149 MiB.
2026-10-07T16:20:41Z INFO [554/900] 60e86686-e971-4816-90ca-dce005a39f5e: 22 groups; 1.5 s; peak memory 1149 MiB.
2026-10-07T16:21:11Z INFO [555/900] 60e89e42-d0bc-44c7-bd95-8602e4e5b8c6: 23 groups; 29.5 s; peak memory 1149 MiB.
2026-10-07T16:21:13Z INFO [556/900] 60e98fd4-8257-4739-b921-c82667737ced: 253 groups; 1.9 s; peak memory 1149 MiB.
2026-10-07T16:21:22Z INFO [557/900] 60ea1546-b87b-4cf9-a46d-c244a65a08ce: 207 groups; 9.4 s; peak memory 1149 MiB.
2026-10-07T16:21:32Z INFO [558/900] 60ea3a47-d41d-41f3-90ce-9ddea1899472: 181 groups; 9.4 s; peak memory 1149 MiB.
2026-10-07T16:21:34Z INFO [559/900] 60ea9758-2081-4e95-a330-44fd64736925: 103 groups; 2.1 s; peak memory 1149 MiB.
2026-10-07T16:21:35Z INFO [560/900] 60eb0887-8966-4e5a-8a24-b2458772a2b8: 22 groups; 1.5 s; peak memory 1149 MiB.
2026-10-07T16:21:37Z INFO [561/900] 60eb348d-37d9-4bac-aa61-e0865c5885e9: 87 groups; 1.9 s; peak memory 1149 MiB.
2026-10-07T16:21:39Z INFO [562/900] 60ec24d4-2e66-4190-b29d-89ed22d875e5: 202 groups; 2.2 s; peak memory 1149 MiB.
2026-10-07T16:24:18Z INFO [563/900] 60ecfa9f-ee4c-4bea-92a3-108ccd354eb1: 71 groups; 158.8 s; peak memory 1149 MiB.
2026-10-07T16:24:20Z INFO [564/900] 60edf6bd-50b0-469e-9856-38503ee549e0: 35 groups; 2.0 s; peak memory 1149 MiB.
2026-10-07T16:24:27Z INFO [565/900] 60ee9c67-0922-402b-9470-d46f0166ea85: 75 groups; 6.8 s; peak memory 1149 MiB.
2026-10-07T16:24:28Z INFO [566/900] 60eea64d-118e-4329-aabe-5262e1ca4499: 16 groups; 1.1 s; peak memory 1149 MiB.
2026-10-07T16:24:31Z INFO [567/900] 60eedca0-1298-4910-964f-c12b911c8c49: 43 groups; 3.1 s; peak memory 1149 MiB.
2026-10-07T16:24:48Z INFO [568/900] 60efa25c-8e72-402a-822e-6521766b64bd: 274 groups; 16.6 s; peak memory 1149 MiB.
2026-10-07T16:24:50Z INFO [569/900] 60efda3e-a02c-4990-bc94-b04e20a0408c: 257 groups; 2.0 s; peak memory 1149 MiB.
2026-10-07T16:24:51Z INFO [570/900] 60f03675-1e40-4e3a-aeb2-9b172d33492d: 31 groups; 1.3 s; peak memory 1149 MiB.
2026-10-07T16:24:52Z INFO [571/900] 60f046df-1013-412b-8a7a-0956027dcf71: 18 groups; 1.3 s; peak memory 1149 MiB.
2026-10-07T16:24:55Z INFO [572/900] 60f104a5-3520-4f7c-8257-edf1f9ba5e7c: 17 groups; 2.8 s; peak memory 1149 MiB.
2026-10-07T16:24:58Z INFO [573/900] 60f171f1-791b-4cb6-ac72-d1c2b324e098: 33 groups; 3.1 s; peak memory 1149 MiB.
2026-10-07T16:25:00Z INFO [574/900] 60f1dd37-8047-4ba6-ad98-cee51b0b668a: 22 groups; 1.5 s; peak memory 1149 MiB.
2026-10-07T16:25:01Z INFO [575/900] 60f21bc7-6aeb-42b5-9b58-a846e3558449: 29 groups; 1.5 s; peak memory 1149 MiB.
2026-10-07T16:25:03Z INFO [576/900] 60f3b94e-2d2a-47b4-a358-a82d4c15147b: 35 groups; 1.9 s; peak memory 1149 MiB.
2026-10-07T16:25:05Z INFO [577/900] 60f42ac9-abb0-4a43-9ecb-0ef2a3f15737: 22 groups; 1.5 s; peak memory 1149 MiB.
2026-10-07T16:25:19Z INFO [578/900] 60f493d4-808d-4cfe-aaea-3729ddf339f1: 219 groups; 13.8 s; peak memory 1149 MiB.
2026-10-07T16:25:21Z INFO [579/900] 60f5c156-732c-418e-bf9e-affdfe007f70: 36 groups; 2.0 s; peak memory 1149 MiB.
2026-10-07T16:25:23Z INFO [580/900] 60f65292-b9b3-45d0-bffa-392b98229c93: 38 groups; 2.9 s; peak memory 1149 MiB.
2026-10-07T16:25:25Z INFO [581/900] 60f699da-7f40-4924-9469-10d89a46617f: 25 groups; 1.7 s; peak memory 1149 MiB.
2026-10-07T16:25:27Z INFO [582/900] 60f7bfb3-a241-4e76-9e94-4119133d434e: 35 groups; 2.1 s; peak memory 1149 MiB.
2026-10-07T16:25:32Z INFO [583/900] 60f9171c-c77d-4c59-a92d-235c941dbd7a: 50 groups; 4.4 s; peak memory 1149 MiB.
2026-10-07T16:25:34Z INFO [584/900] 60f969c1-d194-4510-ac7e-5ee3dbb6d3ce: 200 groups; 2.2 s; peak memory 1149 MiB.
2026-10-07T16:25:35Z INFO [585/900] 60f9dbc2-0020-491b-bddd-2529e0c3ec8d: 22 groups; 1.5 s; peak memory 1149 MiB.
2026-10-07T16:25:37Z INFO [586/900] 60f9e0ce-d4c5-435a-a663-abaf867feaa2: 33 groups; 1.6 s; peak memory 1149 MiB.
2026-10-07T16:25:39Z INFO [587/900] 60fa3507-dc82-4a63-88af-13fcbb31f667: 35 groups; 2.4 s; peak memory 1149 MiB.
2026-10-07T16:25:41Z INFO [588/900] 60fa813d-9f4b-4d14-b84d-6c8034f0eac0: 22 groups; 1.5 s; peak memory 1149 MiB.
2026-10-07T16:25:42Z INFO [589/900] 60fa8d04-d357-4426-af3e-ca1661d3b728: 22 groups; 1.5 s; peak memory 1149 MiB.
2026-10-07T16:25:45Z INFO [590/900] 60fb141c-45f8-4dd3-8eb3-cb4f4a2557b3: 35 groups; 2.4 s; peak memory 1149 MiB.
2026-10-07T16:25:46Z INFO [591/900] 60fb71d0-5221-4d35-81a3-b805ed5058d2: 35 groups; 1.7 s; peak memory 1149 MiB.
2026-10-07T16:25:48Z INFO [592/900] 60fbc166-5a3e-4e1f-a772-c21f623b9bfe: 22 groups; 1.5 s; peak memory 1149 MiB.
2026-10-07T16:25:57Z INFO [593/900] 60fc0296-34dc-410b-ad33-691fa8c39342: 17 groups; 9.2 s; peak memory 1149 MiB.
2026-10-07T16:26:05Z INFO [594/900] 60fd135a-0502-4c31-9b5b-aaa6ade09769: 57 groups; 7.6 s; peak memory 1149 MiB.
2026-10-07T16:26:24Z INFO [595/900] 60fd8bb6-9209-453b-8d8c-f0b060815676: 414 groups; 19.5 s; peak memory 1149 MiB.
2026-10-07T16:26:26Z INFO [596/900] 60fde479-1e7f-4312-a676-45d63d06d503: 25 groups; 1.5 s; peak memory 1149 MiB.
2026-10-07T16:26:30Z INFO [597/900] 60fe51f9-056c-43b1-a7b5-72542b1f86f0: 50 groups; 4.4 s; peak memory 1149 MiB.
2026-10-07T16:26:32Z INFO [598/900] 60fee025-e038-4b30-9f15-28b951542719: 35 groups; 2.2 s; peak memory 1149 MiB.
2026-10-07T16:26:34Z INFO [599/900] 60ff5575-fbad-42a2-9a31-3881c8363518: 22 groups; 1.4 s; peak memory 1149 MiB.
2026-10-07T16:26:39Z INFO [600/900] 60ff6ed9-336d-424c-b060-adfd4186e815: 65 groups; 5.7 s; peak memory 1149 MiB.
2026-10-07T16:26:40Z INFO [600/900] 60ff6ed9-336d-424c-b060-adfd4186e815: checkpointed 93736 records.
2026-10-07T16:26:41Z INFO [601/900] 610143b4-61a6-4bb5-aba2-b663704479cc: 32 groups; 1.7 s; peak memory 1149 MiB.
2026-10-07T16:26:51Z INFO [602/900] 61017f5c-ea63-49c2-831c-4aeed3a5527d: 160 groups; 10.1 s; peak memory 1149 MiB.
2026-10-07T16:32:08Z INFO [603/900] 6102695c-d918-4d7c-938a-a31637abbc01: 64 groups; 316.2 s; peak memory 1149 MiB.
2026-10-07T16:32:11Z INFO [604/900] 610306be-2823-472a-9e2c-bf65536a00c0: 50 groups; 3.6 s; peak memory 1149 MiB.
2026-10-07T16:32:14Z INFO [605/900] 6103bc59-ec89-4ad5-b25c-8972977f8043: 337 groups; 2.6 s; peak memory 1149 MiB.
2026-10-07T16:32:19Z INFO [606/900] 6103c8c2-4e75-42f2-b037-4734f429343c: 62 groups; 5.2 s; peak memory 1149 MiB.
2026-10-07T16:32:21Z INFO [607/900] 6103db52-2a99-4ff2-9268-f8363278fd49: 30 groups; 1.6 s; peak memory 1149 MiB.
2026-10-07T16:32:23Z INFO [608/900] 6103db75-0b96-4ce3-a769-1eada5b4aa4c: 33 groups; 2.0 s; peak memory 1149 MiB.
2026-10-07T16:32:25Z INFO [609/900] 61041e46-086f-4a56-9621-009fff6f9db7: 35 groups; 2.5 s; peak memory 1149 MiB.
2026-10-07T16:32:27Z INFO [610/900] 61046b0c-d0f5-477a-a96b-b5805965f072: 22 groups; 1.7 s; peak memory 1149 MiB.
2026-10-07T16:32:29Z INFO [611/900] 610586c5-17ea-40c7-b648-46a57e3948bc: 33 groups; 2.5 s; peak memory 1149 MiB.
2026-10-07T16:32:31Z INFO [612/900] 6105f237-2034-461f-bc39-247f5fa7bfed: 253 groups; 1.7 s; peak memory 1149 MiB.
2026-10-07T16:32:33Z INFO [613/900] 61069a26-9e94-4c02-840b-0b093fdd259e: 22 groups; 1.7 s; peak memory 1149 MiB.
2026-10-07T16:32:58Z INFO [614/900] 6106add5-def0-44ee-bcdb-95b2ef0dfd90: 329 groups; 25.4 s; peak memory 1149 MiB.
2026-10-07T16:33:01Z INFO [615/900] 6107424f-ff06-4a45-b2b7-6cd711514807: 32 groups; 2.6 s; peak memory 1149 MiB.
2026-10-07T16:33:03Z INFO [616/900] 61074dcd-abb9-4415-bcc4-5ec5a247c585: 32 groups; 2.0 s; peak memory 1149 MiB.
2026-10-07T16:33:04Z INFO [617/900] 61077384-9bac-4628-a929-87b003b4f820: 22 groups; 1.6 s; peak memory 1149 MiB.
2026-10-07T16:33:06Z INFO [618/900] 6108718c-9916-44b9-9bd4-56959f26de17: 22 groups; 1.5 s; peak memory 1149 MiB.
2026-10-07T16:34:19Z INFO [619/900] 61087f2f-acf0-4caf-a1e4-af1345c18442: 26 groups; 72.8 s; peak memory 1149 MiB.
2026-10-07T16:34:34Z INFO [620/900] 6109a468-44cb-4f4c-bea8-897eaff2dd11: 160 groups; 15.0 s; peak memory 1149 MiB.
2026-10-07T16:34:35Z INFO [621/900] 6109cb46-b6b1-4b3a-be77-9755b56bc4de: 16 groups; 1.3 s; peak memory 1149 MiB.
2026-10-07T16:34:36Z INFO [622/900] 6109f9cc-52c6-4fa4-9f25-201a63f95c7c: 16 groups; 1.2 s; peak memory 1149 MiB.
2026-10-07T16:34:41Z INFO [623/900] 610aca43-65c4-4062-aea6-e181d9137026: 65 groups; 4.7 s; peak memory 1149 MiB.
2026-10-07T16:34:43Z INFO [624/900] 610cf395-bdaa-43a0-88dd-65b1217f0537: 32 groups; 1.7 s; peak memory 1149 MiB.
2026-10-07T16:34:44Z INFO [625/900] 610cf7bd-c750-45fb-8184-454e5b50f959: 34 groups; 2.0 s; peak memory 1149 MiB.
2026-10-07T16:34:46Z INFO [626/900] 610cfc23-2cfd-4789-84ec-e5ae7fcef418: 17 groups; 1.3 s; peak memory 1149 MiB.
2026-10-07T16:34:47Z INFO [627/900] 610d042e-00b7-432a-b0a0-6fb5355f45d3: 27 groups; 1.7 s; peak memory 1149 MiB.
2026-10-07T16:35:00Z INFO [628/900] 610d17d3-5873-48c0-af41-50e758af914b: 238 groups; 12.7 s; peak memory 1149 MiB.
2026-10-07T16:35:02Z INFO [629/900] 610da141-c081-4b23-84a5-a54f43a4d171: 22 groups; 1.4 s; peak memory 1149 MiB.
2026-10-07T16:35:03Z INFO [630/900] 610dfe63-62dc-4286-b8ea-e85d82519b32: 22 groups; 1.4 s; peak memory 1149 MiB.
2026-10-07T16:35:04Z INFO [631/900] 610e36bd-6e2f-42ba-8ff9-714549adc68b: 16 groups; 1.2 s; peak memory 1149 MiB.
2026-10-07T16:37:36Z INFO [632/900] 610e43ef-59e7-4436-bb27-950bc87941ea: 66 groups; 152.3 s; peak memory 1149 MiB.
2026-10-07T16:37:38Z INFO [633/900] 610ef80e-bd4c-40bd-a1e0-f20ce7c71fb4: 29 groups; 1.8 s; peak memory 1149 MiB.
2026-10-07T16:37:41Z INFO [634/900] 610f8226-8a39-42f3-9ba2-629aab6bb055: 27 groups; 2.4 s; peak memory 1149 MiB.
2026-10-07T16:37:42Z INFO [635/900] 610fc491-e401-416f-ba32-d86340fa9866: 67 groups; 1.8 s; peak memory 1149 MiB.
2026-10-07T16:37:44Z INFO [636/900] 61106503-90d5-496d-8cc3-5755dba2205c: 34 groups; 1.9 s; peak memory 1149 MiB.
2026-10-07T16:37:46Z INFO [637/900] 611146a1-2977-4de5-801d-c042b2d9c0bb: 22 groups; 1.5 s; peak memory 1149 MiB.
2026-10-07T16:37:47Z INFO [638/900] 61114cb8-9817-40ad-8146-8273ad507787: 22 groups; 1.5 s; peak memory 1149 MiB.
2026-10-07T16:37:49Z INFO [639/900] 61128807-29b4-4c16-803a-0cad1965ef61: 28 groups; 1.3 s; peak memory 1149 MiB.
2026-10-07T16:37:50Z INFO [640/900] 6112bfae-f6d9-4777-a457-dbe9abfe125c: 32 groups; 1.8 s; peak memory 1149 MiB.
2026-10-07T16:38:18Z INFO [641/900] 61134bbd-cbb1-49fa-9708-b07feead27c9: 24 groups; 27.9 s; peak memory 1149 MiB.
2026-10-07T16:38:20Z INFO [642/900] 61137db4-ec6d-41d0-add9-afe24a2561b8: 34 groups; 2.2 s; peak memory 1149 MiB.
2026-10-07T16:38:22Z INFO [643/900] 61139a2d-7568-4046-a678-d0991718065f: 252 groups; 1.7 s; peak memory 1149 MiB.
2026-10-07T16:38:24Z INFO [644/900] 6113fdc9-0bee-45b4-aa59-a348c2ac8e63: 22 groups; 1.5 s; peak memory 1149 MiB.
2026-10-07T16:38:25Z INFO [645/900] 6114864a-c62b-4e25-b58b-0aa61bc3e7cb: 16 groups; 1.3 s; peak memory 1149 MiB.
2026-10-07T16:38:27Z INFO [646/900] 6114cc1e-7712-4acd-9c39-81479f0b3d40: 42 groups; 2.2 s; peak memory 1149 MiB.
2026-10-07T16:38:30Z INFO [647/900] 6114d3c2-acde-4e83-bbe2-bbdf941de8f3: 206 groups; 2.6 s; peak memory 1149 MiB.
2026-10-07T16:38:32Z INFO [648/900] 6114f9e5-78fe-4ae9-8476-568e9d7c7a44: 32 groups; 1.8 s; peak memory 1149 MiB.
2026-10-07T16:38:40Z INFO [649/900] 61161879-03f4-4a88-a7f7-c2523254856b: 67 groups; 8.5 s; peak memory 1149 MiB.
2026-10-07T16:38:45Z INFO [650/900] 611637b4-f0f2-42df-b3c3-18a2629fc8ae: 56 groups; 4.6 s; peak memory 1149 MiB.
2026-10-07T16:38:45Z INFO [650/900] 611637b4-f0f2-42df-b3c3-18a2629fc8ae: checkpointed 93786 records.
2026-10-07T16:38:47Z INFO [651/900] 61165352-5d27-4ef8-901e-38f86d15d650: 42 groups; 2.1 s; peak memory 1149 MiB.
2026-10-07T16:38:49Z INFO [652/900] 6116cfe1-643c-4805-be70-0cec1958aabb: 254 groups; 1.7 s; peak memory 1149 MiB.
2026-10-07T16:38:53Z INFO [653/900] 6117cbb7-48b0-460f-86b6-79fdc928d2a2: 57 groups; 4.6 s; peak memory 1149 MiB.
2026-10-07T16:39:11Z INFO [654/900] 6118249a-8bad-46c9-add9-a49e625d05fa: 1006 groups; 18.0 s; peak memory 1149 MiB.
2026-10-07T16:39:12Z INFO [655/900] 61196777-2175-41cb-8014-7a18298a31ca: 17 groups; 1.3 s; peak memory 1149 MiB.
2026-10-07T16:39:14Z INFO [656/900] 61196d15-243b-4271-a138-6c747cbae403: 32 groups; 2.0 s; peak memory 1149 MiB.
2026-10-07T16:39:15Z INFO [657/900] 6119a7f1-25e2-449a-b640-b8fba2f586ba: 25 groups; 1.0 s; peak memory 1149 MiB.
2026-10-07T16:39:23Z INFO [658/900] 611b31e4-ebfa-45a9-bee6-4b0f5b167b3c: 229 groups; 7.3 s; peak memory 1149 MiB.
2026-10-07T16:39:33Z INFO [659/900] 611b77ca-6288-4828-a908-a38c7ae953b5: 50 groups; 10.5 s; peak memory 1149 MiB.
2026-10-07T16:39:41Z INFO [660/900] 611c0723-5c3f-423e-8ffd-a3e2a7bcd4ec: 53 groups; 8.2 s; peak memory 1149 MiB.
2026-10-07T16:39:43Z INFO [661/900] 611c2e63-6972-4d29-b429-49508f3e4122: 18 groups; 1.2 s; peak memory 1149 MiB.
2026-10-07T16:39:44Z INFO [662/900] 611dc308-ff64-45f6-b09e-34e75a77b57d: 35 groups; 2.0 s; peak memory 1149 MiB.
2026-10-07T16:39:46Z INFO [663/900] 6120f8d8-a3af-4e3e-998e-d703c809846b: 33 groups; 1.4 s; peak memory 1149 MiB.
2026-10-07T16:39:47Z INFO [664/900] 6121b72e-2d99-49ec-b612-f8e6fef4b157: 22 groups; 1.4 s; peak memory 1149 MiB.
2026-10-07T16:39:49Z INFO [665/900] 6121ff67-427f-4fba-b5df-113dc9b3e8e1: 34 groups; 1.7 s; peak memory 1149 MiB.
2026-10-07T16:39:51Z INFO [666/900] 61220247-a4ca-4f33-a6d2-e6163da5e01c: 36 groups; 1.8 s; peak memory 1149 MiB.
2026-10-07T16:39:53Z INFO [667/900] 61230ca1-3eb3-4dff-b779-52ba559e2925: 32 groups; 1.8 s; peak memory 1149 MiB.
2026-10-07T16:39:56Z INFO [668/900] 61235373-7e1e-47ef-a92d-db392490e3da: 64 groups; 3.5 s; peak memory 1149 MiB.
2026-10-07T16:39:57Z INFO [669/900] 612392af-9b64-406d-b400-30f38507b8f5: 22 groups; 1.4 s; peak memory 1149 MiB.
2026-10-07T16:39:59Z INFO [670/900] 6123fcd5-49e9-44d2-8a6c-f59fa5692334: 18 groups; 1.3 s; peak memory 1149 MiB.
2026-10-07T16:40:01Z INFO [671/900] 61248ca8-6c0a-432d-af0d-df11412a6b3a: 27 groups; 2.1 s; peak memory 1149 MiB.
2026-10-07T16:40:20Z INFO [672/900] 6125300e-1183-471a-975f-4873fbfb2008: 17 groups; 19.3 s; peak memory 1149 MiB.
2026-10-07T16:40:25Z INFO [673/900] 61253b73-dfc2-42cb-b185-6ee1a21c7baf: 30 groups; 4.6 s; peak memory 1149 MiB.
2026-10-07T16:40:27Z INFO [674/900] 61256cdc-6370-482b-9b1a-63933563bbbd: 32 groups; 2.1 s; peak memory 1149 MiB.
2026-10-07T16:40:38Z INFO [675/900] 6125e00a-95f5-4dd9-8e48-f995a7342479: 189 groups; 11.6 s; peak memory 1149 MiB.
2026-10-07T16:40:40Z INFO [676/900] 61266505-6ad6-485b-82e7-45cdaead9403: 25 groups; 1.7 s; peak memory 1149 MiB.
2026-10-07T16:40:41Z INFO [677/900] 61278ba8-45dd-4bca-a2cd-c15b91f5cc56: 22 groups; 1.2 s; peak memory 1149 MiB.
2026-10-07T16:40:43Z INFO [678/900] 6128355e-e09e-4b75-92d3-b05dcc507d11: 31 groups; 1.5 s; peak memory 1149 MiB.
2026-10-07T16:40:44Z INFO [679/900] 61294742-548e-4463-bd7e-e4165097c801: 25 groups; 1.6 s; peak memory 1149 MiB.
2026-10-07T16:40:47Z INFO [680/900] 61295823-fff3-484e-b29f-389407ad3734: 33 groups; 2.2 s; peak memory 1149 MiB.
2026-10-07T16:40:48Z INFO [681/900] 612966e0-4797-49a0-851f-370031d4ee61: 32 groups; 1.6 s; peak memory 1149 MiB.
2026-10-07T16:40:50Z INFO [682/900] 61297411-1e53-43ae-8cc4-ae99770ced0a: 33 groups; 1.7 s; peak memory 1149 MiB.
2026-10-07T16:40:51Z INFO [683/900] 6129fa34-747d-4939-894c-519cb3d94e3f: 26 groups; 1.3 s; peak memory 1149 MiB.
2026-10-07T16:41:00Z INFO [684/900] 612b475c-ecff-4c6e-b3e0-1a67e1fb5149: 251 groups; 9.1 s; peak memory 1149 MiB.
2026-10-07T16:41:02Z INFO [685/900] 612b481b-b87d-4de1-a750-dd5c8033cfa7: 32 groups; 1.7 s; peak memory 1149 MiB.
2026-10-07T16:41:04Z INFO [686/900] 612c04a8-6f7f-48b8-adac-55390c0c1f8d: 24 groups; 1.5 s; peak memory 1149 MiB.
2026-10-07T16:41:06Z INFO [687/900] 612c2f6b-4d02-4c23-af6b-9c40b79490b3: 197 groups; 2.9 s; peak memory 1149 MiB.
2026-10-07T16:41:09Z INFO [688/900] 612c3e0a-695f-454b-99af-de0c09524395: 337 groups; 2.3 s; peak memory 1149 MiB.
2026-10-07T16:41:15Z INFO [689/900] 612d43ba-2e13-451a-844d-d099a0d8c637: 78 groups; 6.7 s; peak memory 1149 MiB.
2026-10-07T16:41:17Z INFO [690/900] 612d752b-6535-40da-943b-98657fb2e8f4: 32 groups; 1.7 s; peak memory 1149 MiB.
2026-10-07T16:41:31Z INFO [691/900] 612db9de-d679-443a-ac13-324ade662f5f: 1104 groups; 13.9 s; peak memory 1149 MiB.
2026-10-07T16:41:34Z INFO [692/900] 612e4e78-d82e-4eae-89e4-416410b09304: 336 groups; 3.0 s; peak memory 1149 MiB.
2026-10-07T16:41:36Z INFO [693/900] 612e7bbe-c464-403c-9d3d-91de6ca781c1: 22 groups; 1.5 s; peak memory 1149 MiB.
2026-10-07T16:41:38Z INFO [694/900] 612ed8aa-e702-4f4b-ba9b-c820e0c4a27c: 42 groups; 2.3 s; peak memory 1149 MiB.
2026-10-07T16:41:40Z INFO [695/900] 612f8bc4-389e-4ce3-b3ef-5f12cdde2714: 203 groups; 1.9 s; peak memory 1149 MiB.
2026-10-07T16:41:51Z INFO [696/900] 61300c41-c9c5-4b3f-8600-206a33dd03d8: 191 groups; 11.4 s; peak memory 1149 MiB.
2026-10-07T16:42:00Z INFO [697/900] 613027c3-2b61-41ff-8c22-3f6c6541e4ed: 47 groups; 9.2 s; peak memory 1149 MiB.
2026-10-07T16:42:02Z INFO [698/900] 6130763f-225e-4ad0-9ee8-006e84d8ee29: 32 groups; 1.7 s; peak memory 1149 MiB.
2026-10-07T16:42:07Z INFO [699/900] 61313dc8-bb36-4f32-b188-aa3bc6577e5e: 106 groups; 4.9 s; peak memory 1149 MiB.
2026-10-07T16:42:33Z INFO [700/900] 613141f1-7e41-455f-b492-18eee55f650d: 23 groups; 26.2 s; peak memory 1149 MiB.
2026-10-07T16:42:33Z INFO [700/900] 613141f1-7e41-455f-b492-18eee55f650d: checkpointed 93836 records.
2026-10-07T16:42:43Z INFO [701/900] 61316d6a-0852-4405-82dd-284a36404c48: 52 groups; 9.7 s; peak memory 1149 MiB.
2026-10-07T16:43:01Z INFO [702/900] 61325cc8-f2ad-4c5d-9201-51511d29928e: 17 groups; 18.0 s; peak memory 1149 MiB.
2026-10-07T16:43:06Z INFO [703/900] 613421ca-44ed-4811-b0f7-56f1e00a438f: 202 groups; 4.4 s; peak memory 1149 MiB.
2026-10-07T16:43:08Z INFO [704/900] 61347097-94a3-4c6c-9896-996e92b45906: 32 groups; 2.0 s; peak memory 1149 MiB.
2026-10-07T16:43:09Z INFO [705/900] 61348110-aada-4065-a105-e9f8caac92df: 29 groups; 1.5 s; peak memory 1149 MiB.
2026-10-07T16:43:11Z INFO [706/900] 61348b42-b9c7-4d77-b30c-bf1ecd106096: 32 groups; 1.7 s; peak memory 1149 MiB.
2026-10-07T16:43:13Z INFO [707/900] 6134a25e-9973-43e2-9feb-234410355f14: 35 groups; 1.9 s; peak memory 1149 MiB.
2026-10-07T16:43:14Z INFO [708/900] 6134d8c3-b5f4-429f-9a51-dada0c5d85ea: 32 groups; 1.8 s; peak memory 1149 MiB.
2026-10-07T16:43:16Z INFO [709/900] 6135126b-1ba3-442d-be23-19557d5c8821: 22 groups; 1.5 s; peak memory 1149 MiB.
2026-10-07T16:43:17Z INFO [710/900] 61351d60-5571-4180-805f-4e72d5b842ea: 22 groups; 1.5 s; peak memory 1149 MiB.
2026-10-07T16:43:19Z INFO [711/900] 6135222b-83ce-4182-9b64-82db230c97a0: 22 groups; 1.2 s; peak memory 1149 MiB.
2026-10-07T16:43:22Z INFO [712/900] 61361b23-ea6d-43f6-93b1-3fca336faad1: 73 groups; 3.0 s; peak memory 1149 MiB.
2026-10-07T16:43:25Z INFO [713/900] 6136d2c9-996c-4d64-9951-8858f7f97569: 17 groups; 3.1 s; peak memory 1149 MiB.
2026-10-07T16:43:26Z INFO [714/900] 6136dad9-3b97-46b6-ba55-2b7dbdef1cc7: 18 groups; 1.2 s; peak memory 1149 MiB.
2026-10-07T16:43:28Z INFO [715/900] 613716f5-eb71-4e5f-b795-ce4e5d7baf47: 202 groups; 1.9 s; peak memory 1149 MiB.
2026-10-07T16:43:29Z INFO [716/900] 61376cbb-a264-43c8-bd68-e803f52fb76c: 22 groups; 1.6 s; peak memory 1149 MiB.
2026-10-07T16:43:31Z INFO [717/900] 613780d0-1f21-4c5c-9453-df7608fed087: 33 groups; 1.6 s; peak memory 1149 MiB.
2026-10-07T16:43:33Z INFO [718/900] 6137c66f-5e63-4c6f-b1a2-28e6d4f64acd: 195 groups; 2.3 s; peak memory 1149 MiB.
2026-10-07T16:43:35Z INFO [719/900] 61387f44-3482-4d4f-8c22-520815bd5978: 201 groups; 2.0 s; peak memory 1149 MiB.
2026-10-07T16:43:37Z INFO [720/900] 61391224-88f0-4c97-bebe-333ff7838884: 22 groups; 1.5 s; peak memory 1149 MiB.
2026-10-07T16:43:38Z INFO [721/900] 613a9520-3c8c-448b-822e-7dffcff7dba1: 22 groups; 1.4 s; peak memory 1149 MiB.
2026-10-07T16:43:41Z INFO [722/900] 613c0086-809d-4e9b-a60f-11b9fc1578af: 44 groups; 3.2 s; peak memory 1149 MiB.
2026-10-07T16:43:44Z INFO [723/900] 613c2c29-9f5e-4d41-9c4a-1cd8eb1ff43e: 35 groups; 2.4 s; peak memory 1149 MiB.
2026-10-07T16:43:45Z INFO [724/900] 613d3fab-e53a-4906-a1e4-55392b6c5288: 16 groups; 1.1 s; peak memory 1149 MiB.
2026-10-07T16:43:46Z INFO [725/900] 613d5bf2-c4d3-4670-8de9-9fe86cea72ef: 22 groups; 1.5 s; peak memory 1149 MiB.
2026-10-07T16:43:50Z INFO [726/900] 613db6ce-4cf7-4350-b642-fa3bdba8a869: 71 groups; 3.3 s; peak memory 1149 MiB.
2026-10-07T16:43:51Z INFO [727/900] 613deb0b-4b6f-43cf-94cb-3bb6d7189c6a: 22 groups; 1.6 s; peak memory 1149 MiB.
2026-10-07T16:43:53Z INFO [728/900] 613e7c73-66cd-4ade-9d66-5ea6f77916e3: 32 groups; 2.1 s; peak memory 1149 MiB.
2026-10-07T16:43:55Z INFO [729/900] 613f0362-2a50-416c-a9fe-b8b88f7101c3: 35 groups; 2.1 s; peak memory 1149 MiB.
2026-10-07T16:44:07Z INFO [730/900] 613fa257-93b8-49ff-a7fd-80f58505dcd7: 76 groups; 11.9 s; peak memory 1149 MiB.
2026-10-07T16:44:09Z INFO [731/900] 613fcd52-23d0-48b2-9065-43469abc1a05: 22 groups; 1.7 s; peak memory 1149 MiB.
2026-10-07T16:44:10Z INFO [732/900] 613fdff9-09a6-478f-a216-c444377ee59c: 28 groups; 1.1 s; peak memory 1149 MiB.
2026-10-07T16:44:12Z INFO [733/900] 6140af32-8d75-48a4-9e5c-83378d0682f9: 25 groups; 1.5 s; peak memory 1149 MiB.
2026-10-07T16:44:14Z INFO [734/900] 614173de-521d-478e-ae40-a54edda52ab9: 35 groups; 2.7 s; peak memory 1149 MiB.
2026-10-07T16:44:16Z INFO [735/900] 6141abfc-c751-4926-a276-610ad74f2a12: 31 groups; 1.2 s; peak memory 1149 MiB.
2026-10-07T16:44:17Z INFO [736/900] 61428a0f-6d23-4aef-a20f-1c01b43122fa: 29 groups; 1.9 s; peak memory 1149 MiB.
2026-10-07T16:44:19Z INFO [737/900] 61434e5a-f868-40f4-a374-893543b94161: 22 groups; 1.4 s; peak memory 1149 MiB.
2026-10-07T16:44:22Z INFO [738/900] 6143aebc-ce16-4fab-b9ef-5ec5f0287862: 43 groups; 2.7 s; peak memory 1149 MiB.
2026-10-07T16:44:24Z INFO [739/900] 6145311e-a8be-42eb-8805-52301a717f16: 195 groups; 2.3 s; peak memory 1149 MiB.
2026-10-07T16:44:26Z INFO [740/900] 61461c1a-78bd-4c5d-b40a-072215a5fa46: 336 groups; 2.3 s; peak memory 1149 MiB.
2026-10-07T16:44:28Z INFO [741/900] 6146398f-c41f-4053-8809-7e9d05835827: 49 groups; 2.3 s; peak memory 1149 MiB.
2026-10-07T16:44:30Z INFO [742/900] 6147e25e-dcda-47fc-85a0-4d6034f93eb3: 16 groups; 1.0 s; peak memory 1149 MiB.
2026-10-07T16:44:31Z INFO [743/900] 6148092d-d41f-420a-9eae-2393cb2abe6d: 22 groups; 1.4 s; peak memory 1149 MiB.
2026-10-07T16:44:33Z INFO [744/900] 614821ec-fe88-462c-91e2-c241e7fca6db: 194 groups; 2.1 s; peak memory 1149 MiB.
2026-10-07T16:44:35Z INFO [745/900] 6148ad4c-c092-4e20-a7ac-9a7bf94ee86a: 21 groups; 1.8 s; peak memory 1149 MiB.
2026-10-07T16:44:39Z INFO [746/900] 6148b969-cbbb-4b5f-82c4-d20c29bf2ef0: 50 groups; 4.2 s; peak memory 1149 MiB.
2026-10-07T16:44:41Z INFO [747/900] 6148bc1f-da6b-462a-870a-12361cefd5bb: 35 groups; 2.1 s; peak memory 1149 MiB.
2026-10-07T16:44:43Z INFO [748/900] 6148e6f9-e134-4150-80cb-49d82390fb4a: 254 groups; 1.9 s; peak memory 1149 MiB.
2026-10-07T16:44:48Z INFO [749/900] 614978ad-f907-460e-b982-60c57dc708cd: 30 groups; 5.0 s; peak memory 1149 MiB.
2026-10-07T16:44:51Z INFO [750/900] 6149fee5-6131-4dd0-a4a0-b8a9882f382b: 74 groups; 3.2 s; peak memory 1149 MiB.
2026-10-07T16:44:51Z INFO [750/900] 6149fee5-6131-4dd0-a4a0-b8a9882f382b: checkpointed 93886 records.
2026-10-07T16:44:54Z INFO [751/900] 614a30c8-61df-4ad9-919d-5e9cef02efa1: 204 groups; 3.0 s; peak memory 1149 MiB.
2026-10-07T16:44:56Z INFO [752/900] 614b87c0-df43-481a-b998-a8dde3e29810: 22 groups; 1.6 s; peak memory 1149 MiB.
2026-10-07T16:44:58Z INFO [753/900] 614ba557-0960-414a-96ec-00c3889c003b: 22 groups; 1.6 s; peak memory 1149 MiB.
2026-10-07T16:44:59Z INFO [754/900] 614bee9c-8abe-4f43-8ada-e0247f9ad864: 35 groups; 1.9 s; peak memory 1149 MiB.
2026-10-07T16:45:01Z INFO [755/900] 614c03ae-9501-4157-a8b9-482090b179c5: 22 groups; 1.1 s; peak memory 1149 MiB.
2026-10-07T16:45:05Z INFO [756/900] 614cf116-f97e-4e0b-b3f3-84f317138fe1: 58 groups; 4.7 s; peak memory 1149 MiB.
2026-10-07T16:45:22Z INFO [757/900] 614d0041-d76d-47e9-a70e-82f7e9aa23ae: 251 groups; 17.0 s; peak memory 1149 MiB.
2026-10-07T16:45:41Z INFO [758/900] 614dd66f-cfd0-4a66-b8a7-f67a46582dff: 257 groups; 18.9 s; peak memory 1149 MiB.
2026-10-07T16:45:57Z INFO [759/900] 614e178e-9b21-483a-9a7e-ba0ba778ca8d: 224 groups; 16.0 s; peak memory 1149 MiB.
2026-10-07T16:45:59Z INFO [760/900] 614e39e7-22a5-4de0-89bd-de8c51a327e5: 32 groups; 2.2 s; peak memory 1149 MiB.
2026-10-07T16:46:09Z INFO [761/900] 614f111c-4633-499a-bcec-66cf6f4fb2ff: 34 groups; 9.2 s; peak memory 1149 MiB.
2026-10-07T16:46:11Z INFO [762/900] 614fc254-60b2-4a4f-9556-75374a8094ef: 31 groups; 2.2 s; peak memory 1149 MiB.
2026-10-07T16:46:13Z INFO [763/900] 6150422f-78ba-4357-8908-a1bc6037d25c: 35 groups; 2.0 s; peak memory 1149 MiB.
2026-10-07T16:46:15Z INFO [764/900] 61504f61-f026-4a8e-95d0-cda80006841c: 194 groups; 1.9 s; peak memory 1149 MiB.
2026-10-07T16:46:16Z INFO [765/900] 61505394-aa5e-4d65-b6c4-5b8ce0f0cd5a: 22 groups; 1.4 s; peak memory 1149 MiB.
2026-10-07T16:47:20Z INFO [766/900] 615059ad-939f-46a2-9d9b-89c01765d7cd: 26 groups; 63.7 s; peak memory 1149 MiB.
2026-10-07T16:47:21Z INFO [767/900] 61514755-c3a0-48b2-acef-1cd543f0a063: 22 groups; 1.5 s; peak memory 1149 MiB.
2026-10-07T16:47:38Z INFO [768/900] 61537250-bf8c-410a-9cc6-04897eaf9b56: 304 groups; 16.4 s; peak memory 1149 MiB.
2026-10-07T16:47:41Z INFO [769/900] 6153be4b-36e5-4036-aaf2-5d1dcdd2d235: 48 groups; 3.2 s; peak memory 1149 MiB.
2026-10-07T16:47:45Z INFO [770/900] 6153d182-95a1-498d-ba03-75ac053cc6a2: 48 groups; 3.6 s; peak memory 1149 MiB.
2026-10-07T16:47:47Z INFO [771/900] 61549620-4ceb-4ef9-bd32-53f1a0ae88f6: 29 groups; 2.1 s; peak memory 1149 MiB.
2026-10-07T16:47:48Z INFO [772/900] 6155b78a-65ec-414b-a59d-0803c7c94919: 22 groups; 1.6 s; peak memory 1149 MiB.
2026-10-07T16:47:50Z INFO [773/900] 6155b8a2-8c81-4db9-ae73-134b5e23599a: 32 groups; 1.7 s; peak memory 1149 MiB.
2026-10-07T16:47:54Z INFO [774/900] 6156875f-478b-4235-8525-b2ef995eb9e6: 50 groups; 4.0 s; peak memory 1149 MiB.
2026-10-07T16:47:56Z INFO [775/900] 61585c10-7709-42f7-850c-0878f5726967: 43 groups; 1.8 s; peak memory 1149 MiB.
2026-10-07T16:47:57Z INFO [776/900] 615885f0-1f32-48bd-8fae-fda9f8aa909c: 25 groups; 1.5 s; peak memory 1149 MiB.
2026-10-07T16:47:58Z INFO [777/900] 6158ebb0-6871-4549-9d17-9c709f9f40a8: 18 groups; 1.2 s; peak memory 1149 MiB.
2026-10-07T16:48:00Z INFO [778/900] 6159693d-ba4c-4689-8c54-23daf482cd5b: 253 groups; 1.8 s; peak memory 1149 MiB.
2026-10-07T16:48:02Z INFO [779/900] 615af0ca-c63a-4bd8-97f3-90bdfd6b5572: 32 groups; 1.5 s; peak memory 1149 MiB.
2026-10-07T16:48:04Z INFO [780/900] 615b5fcc-8a26-49c7-9f9e-1e2c3bda24d4: 194 groups; 2.0 s; peak memory 1149 MiB.
2026-10-07T16:48:05Z INFO [781/900] 615b6acb-3b3e-4a2e-aead-0907a0825ad7: 32 groups; 1.5 s; peak memory 1149 MiB.
2026-10-07T16:48:07Z INFO [782/900] 615c5ddd-88b7-4ad3-b510-8a3e4fc54a72: 195 groups; 2.2 s; peak memory 1149 MiB.
2026-10-07T16:48:09Z INFO [783/900] 615c697d-e141-43ec-9572-4337bf7d258f: 33 groups; 2.0 s; peak memory 1149 MiB.
2026-10-07T16:48:11Z INFO [784/900] 615c76f7-9547-4ad3-9ac8-124bc61c8f15: 22 groups; 1.4 s; peak memory 1149 MiB.
2026-10-07T16:48:12Z INFO [785/900] 615cf1ee-be40-47f6-b32d-58d8fd6e63e5: 22 groups; 1.5 s; peak memory 1149 MiB.
2026-10-07T16:48:14Z INFO [786/900] 615e1e55-3f24-4250-9565-1023084e874d: 22 groups; 1.4 s; peak memory 1149 MiB.
2026-10-07T16:48:15Z INFO [787/900] 615e6d6d-0dda-47ac-8af0-340184e2e497: 17 groups; 1.4 s; peak memory 1149 MiB.
2026-10-07T16:48:17Z INFO [788/900] 615e807e-4bb4-456c-adce-a362c656a548: 20 groups; 2.0 s; peak memory 1149 MiB.
2026-10-07T16:48:19Z INFO [789/900] 615ea97b-2951-4ce9-b435-35ddc3a5d8fd: 32 groups; 1.8 s; peak memory 1149 MiB.
2026-10-07T16:48:20Z INFO [790/900] 615f47c6-7814-49b3-908a-d30cb4b54a68: 17 groups; 1.2 s; peak memory 1149 MiB.
2026-10-07T16:48:31Z INFO [791/900] 615f6d66-698b-483b-a786-c0ef42e0876e: 280 groups; 10.2 s; peak memory 1149 MiB.
2026-10-07T16:48:32Z INFO [792/900] 615fe3e6-48f5-4665-aad7-863a69adbbdb: 16 groups; 1.5 s; peak memory 1149 MiB.
2026-10-07T16:48:51Z INFO [793/900] 61603879-fad8-4f8c-a00d-1a102138340f: 286 groups; 18.9 s; peak memory 1149 MiB.
2026-10-07T16:48:53Z INFO [794/900] 61606870-95a0-413d-bf17-29980e5bc29d: 203 groups; 1.9 s; peak memory 1149 MiB.
2026-10-07T16:48:55Z INFO [795/900] 61606f9b-be91-47c0-aac3-adfa3619a8ee: 32 groups; 1.7 s; peak memory 1149 MiB.
2026-10-07T16:48:56Z INFO [796/900] 6161158c-2392-4a06-a61c-ce653a20c4b2: 17 groups; 1.2 s; peak memory 1149 MiB.
2026-10-07T16:48:57Z INFO [797/900] 6161741e-1d4c-4e06-b2bb-b6089561e4dd: 28 groups; 1.3 s; peak memory 1149 MiB.
2026-10-07T16:48:59Z INFO [798/900] 6161968f-2503-4660-83a8-3c054363a1f1: 32 groups; 1.7 s; peak memory 1149 MiB.
2026-10-07T16:49:00Z INFO [799/900] 616274e0-f3b2-445d-a4ef-4ecb618dae3f: 25 groups; 1.6 s; peak memory 1149 MiB.
2026-10-07T16:49:02Z INFO [800/900] 61629181-9d62-4175-b948-4c99b0cf55b8: 32 groups; 1.6 s; peak memory 1149 MiB.
2026-10-07T16:49:02Z INFO [800/900] 61629181-9d62-4175-b948-4c99b0cf55b8: checkpointed 93936 records.
2026-10-07T16:49:04Z INFO [801/900] 61631d58-3d4d-47ad-b876-08b12dae6cee: 29 groups; 1.6 s; peak memory 1149 MiB.
2026-10-07T16:49:05Z INFO [802/900] 61634246-6357-4b87-acb7-c31fc5ec49e7: 31 groups; 1.1 s; peak memory 1149 MiB.
2026-10-07T16:49:07Z INFO [803/900] 61649af2-fb09-491f-9ced-5d31c9a0e8ac: 32 groups; 1.9 s; peak memory 1149 MiB.
2026-10-07T16:49:08Z INFO [804/900] 6165d03a-7cf1-40f5-8340-df1c5b7fa50c: 25 groups; 1.7 s; peak memory 1149 MiB.
2026-10-07T16:49:12Z INFO [805/900] 6165d716-e46e-4643-84a9-cded9e225350: 50 groups; 3.6 s; peak memory 1149 MiB.
2026-10-07T16:56:54Z INFO [806/900] 6165f3b8-315b-476e-93c9-af7d234e0740: 387 groups; 462.2 s; peak memory 1171 MiB.
2026-10-07T16:56:56Z INFO [807/900] 6166b29c-5be4-4bdb-aa90-0eb26b706378: 35 groups; 2.2 s; peak memory 1171 MiB.
2026-10-07T16:56:58Z INFO [808/900] 6166dfac-3480-450d-b2f9-41657772ae69: 28 groups; 1.5 s; peak memory 1171 MiB.
2026-10-07T16:57:02Z INFO [809/900] 616741c1-aa1d-4d06-9d4d-33b67d8d5320: 50 groups; 4.0 s; peak memory 1171 MiB.
2026-10-07T16:57:08Z INFO [810/900] 61674fd0-0c6c-4e8d-b2b2-e43590f900d6: 68 groups; 6.5 s; peak memory 1171 MiB.
2026-10-07T16:57:24Z INFO [811/900] 616820c1-dcb6-4f4a-99eb-bd362acf273a: 216 groups; 15.5 s; peak memory 1171 MiB.
2026-10-07T16:57:31Z INFO [812/900] 6169525b-67a1-45a2-bf3b-d6e09cbc6d3a: 148 groups; 7.1 s; peak memory 1171 MiB.
2026-10-07T16:57:34Z INFO [813/900] 6169ffc3-9e4c-43e6-a6a7-ad6a552c8807: 58 groups; 2.9 s; peak memory 1171 MiB.
2026-10-07T16:57:37Z INFO [814/900] 616a0e82-2a05-4b5e-950d-38ad3343bcac: 54 groups; 3.5 s; peak memory 1171 MiB.
2026-10-07T16:57:39Z INFO [815/900] 616a652e-1790-41e6-a98d-2da9dbfa99cf: 32 groups; 1.6 s; peak memory 1171 MiB.
2026-10-07T16:57:40Z INFO [816/900] 616a68d9-cfa8-4fc0-8142-c4fd38ac792c: 17 groups; 1.4 s; peak memory 1171 MiB.
2026-10-07T16:57:42Z INFO [817/900] 616aa8da-6272-434a-95ed-be158fb8baf4: 22 groups; 1.7 s; peak memory 1171 MiB.
2026-10-07T16:57:44Z INFO [818/900] 616bbbe8-5f00-4af0-974f-84d9017d4a0a: 42 groups; 2.1 s; peak memory 1171 MiB.
2026-10-07T16:57:47Z INFO [819/900] 616c735c-93a8-4cff-b1f2-9a61ea9561d1: 35 groups; 2.9 s; peak memory 1171 MiB.
2026-10-07T16:57:48Z INFO [820/900] 616cda31-9429-4a8b-ba19-3e39f60338c1: 22 groups; 1.4 s; peak memory 1171 MiB.
2026-10-07T16:57:50Z INFO [821/900] 616d4439-d5d2-43b4-99c0-57f4135f147e: 19 groups; 1.6 s; peak memory 1171 MiB.
2026-10-07T16:58:18Z INFO [822/900] 616dc10c-7d4f-47de-805d-62c8bd031558: 23 groups; 27.7 s; peak memory 1171 MiB.
2026-10-07T16:58:20Z INFO [823/900] 616e8080-4f0d-4eb4-b2c6-33bf251349ff: 25 groups; 1.8 s; peak memory 1171 MiB.
2026-10-07T17:01:25Z INFO [824/900] 616fe4b5-e5a7-4a6c-aab1-6937db861b52: 68 groups; 185.8 s; peak memory 1171 MiB.
2026-10-07T17:01:27Z INFO [825/900] 616feaac-802b-463e-9b34-91bd7d1ed079: 22 groups; 1.6 s; peak memory 1171 MiB.
2026-10-07T17:01:29Z INFO [826/900] 617050ae-d632-4539-9e93-03bd5e98eb9e: 29 groups; 1.6 s; peak memory 1171 MiB.
2026-10-07T17:01:30Z INFO [827/900] 61708145-9dc3-425c-b8ba-4b3353b0ac1b: 22 groups; 1.6 s; peak memory 1171 MiB.
2026-10-07T17:01:32Z INFO [828/900] 617126d8-8ef9-4de5-b9c6-30bdb44022da: 22 groups; 1.5 s; peak memory 1171 MiB.
2026-10-07T17:01:34Z INFO [829/900] 6171e6e3-0247-4f3f-a110-17ad9f088b8c: 206 groups; 2.8 s; peak memory 1171 MiB.
2026-10-07T17:01:36Z INFO [830/900] 6172c517-69fc-4ed9-b3b2-197c937a8305: 22 groups; 1.6 s; peak memory 1171 MiB.
2026-10-07T17:01:38Z INFO [831/900] 6172c61b-718e-4b4d-9776-89b1802e95a3: 22 groups; 1.6 s; peak memory 1171 MiB.
2026-10-07T17:02:20Z INFO [832/900] 6172e620-19cd-440e-8902-f044eab99abb: 40 groups; 42.3 s; peak memory 1171 MiB.
2026-10-07T17:02:21Z INFO [833/900] 6172f7d9-3054-458a-bf87-fd9fab5e827e: 22 groups; 1.3 s; peak memory 1171 MiB.
2026-10-07T17:02:23Z INFO [834/900] 61738d88-0a6c-4547-ba13-5c6544fe18a8: 32 groups; 1.7 s; peak memory 1171 MiB.
2026-10-07T17:02:25Z INFO [835/900] 6173c5e9-39c4-4428-b96b-e081f79fa27c: 33 groups; 1.7 s; peak memory 1171 MiB.
2026-10-07T17:02:36Z INFO [836/900] 61740fa6-8e0f-4992-ba1d-0eb6aa610b29: 210 groups; 11.9 s; peak memory 1171 MiB.
2026-10-07T17:02:39Z INFO [837/900] 6174e218-2221-43a4-a5e4-3e817ea5349f: 52 groups; 2.2 s; peak memory 1171 MiB.
2026-10-07T17:02:40Z INFO [838/900] 6174e458-c0e0-46d1-bab3-b6362b6f0f46: 32 groups; 1.6 s; peak memory 1171 MiB.
2026-10-07T17:02:44Z INFO [839/900] 6174fec8-886c-4c61-8c7b-2cb08e292a07: 48 groups; 3.4 s; peak memory 1171 MiB.
2026-10-07T17:02:49Z INFO [840/900] 61751c56-1cbf-4862-b0b3-771f8ee75a55: 17 groups; 5.3 s; peak memory 1171 MiB.
2026-10-07T17:02:53Z INFO [841/900] 6175dc2e-bf18-4825-a559-2987548f309b: 54 groups; 3.8 s; peak memory 1171 MiB.
2026-10-07T17:02:54Z INFO [842/900] 6175dd0b-90b9-40e4-bb3c-2ee3a154eeea: 22 groups; 1.4 s; peak memory 1171 MiB.
2026-10-07T17:02:56Z INFO [843/900] 6176275b-ca91-4f7d-ae99-e1868698084b: 33 groups; 1.7 s; peak memory 1171 MiB.
2026-10-07T17:03:12Z INFO [844/900] 617635c0-9927-4e27-a413-d045a83ac404: 192 groups; 16.1 s; peak memory 1171 MiB.
2026-10-07T17:03:14Z INFO [845/900] 61763925-73aa-48b7-a5a4-5a3bae786095: 32 groups; 1.7 s; peak memory 1171 MiB.
2026-10-07T17:03:23Z INFO [846/900] 6176bd79-db77-4af6-9540-fa8d90c90bb0: 66 groups; 9.1 s; peak memory 1171 MiB.
2026-10-07T17:03:25Z INFO [847/900] 6176d8cf-8d64-4647-b24e-7541bb730988: 35 groups; 2.4 s; peak memory 1171 MiB.
2026-10-07T17:03:27Z INFO [848/900] 617837ac-f10c-4ca2-abfd-7df4df57a170: 22 groups; 1.6 s; peak memory 1171 MiB.
2026-10-07T17:03:28Z INFO [849/900] 61783820-f8d6-4bf3-8b78-3e93eaa1ca3d: 24 groups; 1.6 s; peak memory 1171 MiB.
2026-10-07T17:03:29Z INFO [850/900] 61785de6-7598-457d-961c-c9c969d94c39: 17 groups; 1.1 s; peak memory 1171 MiB.
2026-10-07T17:03:30Z INFO [850/900] 61785de6-7598-457d-961c-c9c969d94c39: checkpointed 93986 records.
2026-10-07T17:03:32Z INFO [851/900] 617960d8-e1ae-44da-aa53-dc0e1b76c7dc: 32 groups; 2.2 s; peak memory 1171 MiB.
2026-10-07T17:03:33Z INFO [852/900] 6179859b-7cf3-41ea-b983-d8ca6faf9b0b: 22 groups; 1.4 s; peak memory 1171 MiB.
2026-10-07T17:03:35Z INFO [853/900] 617a3922-1e30-4c9d-a3f5-d6125e562421: 25 groups; 1.6 s; peak memory 1171 MiB.
2026-10-07T17:03:37Z INFO [854/900] 617a417b-7367-49ef-9a63-5710a43ba100: 25 groups; 1.7 s; peak memory 1171 MiB.
2026-10-07T17:03:38Z INFO [855/900] 617aa881-c203-4bac-8cdd-985f72ac6897: 22 groups; 1.4 s; peak memory 1171 MiB.
2026-10-07T17:03:42Z INFO [856/900] 617cdc5a-eae6-4b22-877f-e7617ea2b90a: 47 groups; 3.8 s; peak memory 1171 MiB.
2026-10-07T17:03:44Z INFO [857/900] 617d9ce8-2043-447f-af85-e41b28cf8099: 34 groups; 2.7 s; peak memory 1171 MiB.
2026-10-07T17:03:46Z INFO [858/900] 617e61dd-9cd6-4a5a-aefc-446b0dcd3e48: 336 groups; 2.1 s; peak memory 1171 MiB.
2026-10-07T17:03:48Z INFO [859/900] 617e860d-6f55-4006-ac07-25790ba5ef52: 22 groups; 1.4 s; peak memory 1171 MiB.
2026-10-07T17:03:49Z INFO [860/900] 617ea69c-8c75-4e09-9c5b-ed050302810c: 22 groups; 1.6 s; peak memory 1171 MiB.
2026-10-07T17:03:52Z INFO [861/900] 617ee6ca-3070-4e64-8461-ab3cc79f34d2: 33 groups; 2.5 s; peak memory 1171 MiB.
2026-10-07T17:04:04Z INFO [862/900] 617f84dc-1351-4115-ad54-57a0b9878837: 196 groups; 12.3 s; peak memory 1171 MiB.
2026-10-07T17:04:06Z INFO [863/900] 6180330f-f476-4b5f-9e76-5dc3b58e5796: 35 groups; 2.0 s; peak memory 1171 MiB.
2026-10-07T17:04:21Z INFO [864/900] 61803503-51cd-4362-b828-6dfffb168b75: 22 groups; 14.4 s; peak memory 1171 MiB.
2026-10-07T17:04:23Z INFO [865/900] 6180416c-fdcf-4209-88be-62c5f7052eea: 21 groups; 2.0 s; peak memory 1171 MiB.
2026-10-07T17:04:24Z INFO [866/900] 618047dc-bf51-4c13-a2b6-5791d761c196: 22 groups; 1.7 s; peak memory 1171 MiB.
2026-10-07T17:04:26Z INFO [867/900] 6180ff1a-ea11-40d5-8b87-4bdff3ad6cfe: 28 groups; 1.6 s; peak memory 1171 MiB.
2026-10-07T17:04:32Z INFO [868/900] 61814f02-5fd6-4f2c-884d-56c336520b25: 74 groups; 6.7 s; peak memory 1171 MiB.
2026-10-07T17:04:34Z INFO [869/900] 618303b7-3335-4802-93a0-2bcda97e57ed: 22 groups; 1.5 s; peak memory 1171 MiB.
2026-10-07T17:04:36Z INFO [870/900] 618361b6-96e2-4211-8abb-41246f8cf633: 194 groups; 1.9 s; peak memory 1171 MiB.
2026-10-07T17:04:47Z INFO [871/900] 61844c98-909f-4ed8-838d-5df021e7f62d: 50 groups; 10.6 s; peak memory 1171 MiB.
2026-10-07T17:04:54Z INFO [872/900] 61853384-179d-4fb9-978f-8578764cdb3d: 78 groups; 7.6 s; peak memory 1171 MiB.
2026-10-07T17:04:56Z INFO [873/900] 61858dc8-9d01-45fe-a455-87d815586633: 27 groups; 2.3 s; peak memory 1171 MiB.
2026-10-07T17:04:58Z INFO [874/900] 6185f292-1970-4c5b-9e33-a13ef493e25f: 32 groups; 1.8 s; peak memory 1171 MiB.
2026-10-07T17:05:10Z INFO [875/900] 61863931-0e93-4c3f-8d2c-de9330159524: 262 groups; 11.3 s; peak memory 1171 MiB.
2026-10-07T17:05:17Z INFO [876/900] 61873452-4bbf-48c3-b065-e7bf5c01743b: 120 groups; 7.1 s; peak memory 1171 MiB.
2026-10-07T17:10:22Z INFO [877/900] 6187972f-0c5d-41eb-85c9-504cebb5b5c7: 70 groups; 304.9 s; peak memory 1171 MiB.
2026-10-07T17:10:25Z INFO [878/900] 6188582b-f558-4a19-a1f4-2222c722bde5: 33 groups; 3.1 s; peak memory 1171 MiB.
2026-10-07T17:10:26Z INFO [879/900] 618925aa-bd9b-4bd0-8c65-82858e43f438: 22 groups; 1.5 s; peak memory 1171 MiB.
2026-10-07T17:10:35Z INFO [880/900] 618bac14-f229-4b10-aa1f-ee42b54c55e5: 180 groups; 8.8 s; peak memory 1171 MiB.
2026-10-07T17:10:39Z INFO [881/900] 618c2d15-648a-4480-92a4-172c41a66e0f: 48 groups; 3.7 s; peak memory 1171 MiB.
2026-10-07T17:10:41Z INFO [882/900] 618c6ec7-a44e-4028-bc2d-be277ba51e1c: 32 groups; 2.0 s; peak memory 1171 MiB.
2026-10-07T17:10:42Z INFO [883/900] 618ca364-2d50-4c26-a73a-d66a6150828d: 22 groups; 1.5 s; peak memory 1171 MiB.
2026-10-07T17:10:44Z INFO [884/900] 618e67ef-2cd5-4522-8313-cb7e36f79521: 16 groups; 1.3 s; peak memory 1171 MiB.
2026-10-07T17:10:48Z INFO [885/900] 618e8f9c-d33d-4805-bf0c-36df91f99093: 201 groups; 4.3 s; peak memory 1171 MiB.
2026-10-07T17:10:50Z INFO [886/900] 61902f57-54d7-4a20-bcf7-cbcda7a7eea0: 35 groups; 2.0 s; peak memory 1171 MiB.
2026-10-07T17:10:51Z INFO [887/900] 6190b591-8a58-4d62-9bb3-475e8987b483: 26 groups; 1.5 s; peak memory 1171 MiB.
2026-10-07T17:10:53Z INFO [888/900] 6190ceca-a043-4817-8a60-e58fece3c11a: 16 groups; 1.3 s; peak memory 1171 MiB.
2026-10-07T17:10:54Z INFO [889/900] 61910c94-5082-4eac-8854-8d7e9d1a68c2: 17 groups; 1.5 s; peak memory 1171 MiB.
2026-10-07T17:10:56Z INFO [890/900] 61912f49-1e9b-47af-9e07-31d7b3177ca4: 22 groups; 1.6 s; peak memory 1171 MiB.
2026-10-07T17:10:57Z INFO [891/900] 61917471-4095-4c69-bbf6-6f227aa85a71: 22 groups; 1.6 s; peak memory 1171 MiB.
2026-10-07T17:10:59Z INFO [892/900] 6191c3c0-a184-4443-8134-1099094ab6b2: 35 groups; 2.0 s; peak memory 1171 MiB.
2026-10-07T17:11:01Z INFO [893/900] 61921253-c994-48b6-8235-a7d21b00831b: 22 groups; 1.5 s; peak memory 1171 MiB.
2026-10-07T17:11:02Z INFO [894/900] 619245a4-d5a9-4158-b503-27b0c43e8c55: 33 groups; 1.6 s; peak memory 1171 MiB.
2026-10-07T17:11:04Z INFO [895/900] 6192daf4-9e6f-4d88-b055-b674665c40a8: 22 groups; 1.5 s; peak memory 1171 MiB.
2026-10-07T17:11:05Z INFO [896/900] 6193315d-c026-4f69-a15d-5a43e28fb019: 34 groups; 1.7 s; peak memory 1171 MiB.
2026-10-07T17:11:07Z INFO [897/900] 61936f2d-e652-4ed6-8ca5-3f98057210c0: 25 groups; 1.8 s; peak memory 1171 MiB.
2026-10-07T17:11:09Z INFO [898/900] 61940f65-511c-44c5-b2c1-43445d950d5e: 32 groups; 1.8 s; peak memory 1171 MiB.
2026-10-07T17:11:11Z INFO [899/900] 619474ed-3076-4853-9d91-231435d4f6fe: 22 groups; 1.6 s; peak memory 1171 MiB.
2026-10-07T17:14:06Z INFO [900/900] 6194f818-c9d1-4f18-ac61-fb4f2e9c3dd2: 60 groups; 175.4 s; peak memory 1171 MiB.
2026-10-07T17:14:06Z INFO [900/900] 6194f818-c9d1-4f18-ac61-fb4f2e9c3dd2: checkpointed 94036 records.
2026-10-07T17:14:06Z INFO Wrote 94036 records to /tmp/derivatives/valid_nwb_file_to_number_of_groups.jsonl (900 new, 0 failed) in 225.6 min (peak memory 1171 MiB).
