2026-10-08T06:22:40Z INFO Logging to /tmp/logs/update_2026-10-08T06-22-40Z.log.
2026-10-08T06:22:40Z INFO Update valid-nwb-file-to-number-of-groups (base directory /tmp).
2026-10-08T06:22:41Z INFO Processing 900 items (98536 already recorded).
2026-10-08T06:22:42Z INFO [1/900] 6b14e4e3-9f78-456f-9466-621993efba9a: 24 groups; 0.9 s; peak memory 115 MiB.
2026-10-08T06:22:48Z INFO [2/900] 6b1604db-f2ff-4d59-a897-ad27b744f1ec: 641 groups; 5.9 s; peak memory 140 MiB.
2026-10-08T06:22:54Z INFO [3/900] 6b16bc6b-e20e-45c6-8a42-93dfb9909433: 172 groups; 6.2 s; peak memory 148 MiB.
2026-10-08T06:22:55Z INFO [4/900] 6b171663-0c46-465a-9857-e344f09c889e: 200 groups; 1.2 s; peak memory 148 MiB.
2026-10-08T06:22:56Z INFO [5/900] 6b175d86-fbfd-4d3f-ba37-b3f4d9f4165b: 33 groups; 0.8 s; peak memory 148 MiB.
2026-10-08T06:23:05Z INFO [6/900] 6b18621f-cc50-4c42-98e8-b8a8f57db9fb: 312 groups; 9.6 s; peak memory 167 MiB.
2026-10-08T06:23:06Z INFO [7/900] 6b18b9cb-aeac-495a-ad35-ea81cd2561cc: 22 groups; 0.8 s; peak memory 167 MiB.
2026-10-08T06:23:07Z INFO [8/900] 6b194db0-fe55-441d-a3ef-736c0a2370b7: 28 groups; 0.7 s; peak memory 167 MiB.
2026-10-08T06:23:08Z INFO [9/900] 6b1a42e7-53ec-445c-ac7b-5a1ff0c4c635: 22 groups; 0.6 s; peak memory 167 MiB.
2026-10-08T06:23:09Z INFO [10/900] 6b1a532f-411e-4ab3-99bb-db1cef68f4e3: 199 groups; 1.3 s; peak memory 167 MiB.
2026-10-08T06:23:18Z INFO [11/900] 6b1add40-a6ae-4143-bacb-84f3ed9f5dec: 239 groups; 9.5 s; peak memory 168 MiB.
2026-10-08T06:23:19Z INFO [12/900] 6b1afebc-677f-4c39-8c4e-7087daa90754: 33 groups; 1.1 s; peak memory 168 MiB.
2026-10-08T06:23:20Z INFO [13/900] 6b1b7389-c6d7-4421-bb0c-d59ec1411c63: 35 groups; 1.0 s; peak memory 168 MiB.
2026-10-08T06:23:21Z INFO [14/900] 6b1b8904-2abb-4c25-b5fa-dd2495138028: 32 groups; 1.0 s; peak memory 168 MiB.
2026-10-08T06:23:24Z INFO [15/900] 6b1ce9ce-6ab8-4c01-afe5-42ec292e8eaf: 46 groups; 2.1 s; peak memory 168 MiB.
2026-10-08T06:23:24Z INFO [16/900] 6b1d150b-6256-4553-b055-eaa0c0fb26d4: 22 groups; 0.8 s; peak memory 168 MiB.
2026-10-08T06:23:25Z INFO [17/900] 6b1ec896-cacf-4d30-80da-41b88d9098c9: 32 groups; 0.8 s; peak memory 168 MiB.
2026-10-08T06:23:26Z INFO [18/900] 6b200d3e-4d52-4680-be94-90ffb2470e2e: 22 groups; 0.7 s; peak memory 169 MiB.
2026-10-08T06:23:27Z INFO [19/900] 6b20b0d2-ebc8-46c2-a5ef-bba75021b9eb: 203 groups; 1.0 s; peak memory 169 MiB.
2026-10-08T06:23:28Z INFO [20/900] 6b2125fb-2c47-43af-9715-bd4911ce776b: 32 groups; 1.0 s; peak memory 169 MiB.
2026-10-08T06:23:29Z INFO [21/900] 6b213f8b-30f9-4d8e-9b6a-d6afa013222a: 22 groups; 0.8 s; peak memory 169 MiB.
2026-10-08T06:23:29Z INFO [22/900] 6b22a717-0b8f-4901-b89b-28366afb4725: 28 groups; 0.6 s; peak memory 169 MiB.
2026-10-08T06:23:30Z INFO [23/900] 6b22c618-7c1e-445b-acb5-59b8dd21feab: 27 groups; 1.0 s; peak memory 169 MiB.
2026-10-08T06:23:37Z INFO [24/900] 6b22dba8-bc11-401d-a638-76dfb5e1f78a: 195 groups; 6.5 s; peak memory 169 MiB.
2026-10-08T06:23:39Z INFO [25/900] 6b233824-c87c-4f65-b3ad-c7901bb54da7: 50 groups; 2.1 s; peak memory 169 MiB.
2026-10-08T06:23:39Z INFO [26/900] 6b234fc0-cb86-4108-891d-dec8c4421f75: 30 groups; 0.5 s; peak memory 169 MiB.
2026-10-08T06:23:40Z INFO [27/900] 6b238a83-f98c-4013-97d4-2d9357d0725d: 32 groups; 0.8 s; peak memory 169 MiB.
2026-10-08T06:23:41Z INFO [28/900] 6b23e454-210a-41c2-b622-6c1f4f56c1b6: 33 groups; 1.0 s; peak memory 169 MiB.
2026-10-08T06:23:42Z INFO [29/900] 6b23fb22-0453-412d-baa1-6080cf57c5b6: 22 groups; 0.8 s; peak memory 169 MiB.
2026-10-08T06:23:43Z INFO [30/900] 6b258c43-b7d6-40de-872f-c609f59fb442: 22 groups; 0.9 s; peak memory 169 MiB.
2026-10-08T06:25:31Z INFO [31/900] 6b25eda2-2739-46df-9364-dbbcd73ba7f6: 63 groups; 108.5 s; peak memory 280 MiB.
2026-10-08T06:25:32Z INFO [32/900] 6b26bb1e-e915-44be-8d0c-afd1b9659163: 32 groups; 0.9 s; peak memory 280 MiB.
2026-10-08T06:25:34Z INFO [33/900] 6b275de7-ad8f-477f-b8f3-1ecc0684ac68: 48 groups; 2.0 s; peak memory 280 MiB.
2026-10-08T06:25:35Z INFO [34/900] 6b278d2c-8e76-4498-92fe-98444ff9b51d: 207 groups; 1.2 s; peak memory 280 MiB.
2026-10-08T06:25:37Z INFO [35/900] 6b27ea7a-8e17-4bc1-bacf-0d23aa412cf3: 196 groups; 1.2 s; peak memory 280 MiB.
2026-10-08T06:25:38Z INFO [36/900] 6b29186b-753e-476b-b231-9daa97544788: 33 groups; 0.9 s; peak memory 280 MiB.
2026-10-08T06:25:38Z INFO [37/900] 6b29648d-8a7d-4679-a12b-dcb995fdb621: 25 groups; 0.7 s; peak memory 280 MiB.
2026-10-08T06:25:39Z INFO [38/900] 6b2b003d-503f-436c-97e2-31b717ff58ce: 22 groups; 1.0 s; peak memory 280 MiB.
2026-10-08T06:25:40Z INFO [39/900] 6b2b357e-87bc-423b-a240-f80133ee3800: 22 groups; 0.8 s; peak memory 280 MiB.
2026-10-08T06:25:41Z INFO [40/900] 6b2c54cb-ab8a-489c-a825-ed29783cc8a8: 336 groups; 1.3 s; peak memory 280 MiB.
2026-10-08T06:25:44Z INFO [41/900] 6b2ca30f-4554-4795-80fd-35eb976c8b49: 96 groups; 2.6 s; peak memory 280 MiB.
2026-10-08T06:25:45Z INFO [42/900] 6b2d7d9b-e08a-4559-b902-4f5cab666566: 17 groups; 1.4 s; peak memory 280 MiB.
2026-10-08T06:25:46Z INFO [43/900] 6b2ef159-5e41-4af4-ab66-c79e20c4a277: 16 groups; 0.6 s; peak memory 280 MiB.
2026-10-08T06:25:48Z INFO [44/900] 6b2f9940-089b-4801-9cfd-a2a1e119694f: 207 groups; 1.5 s; peak memory 280 MiB.
2026-10-08T06:25:48Z INFO [45/900] 6b303803-6e0a-481e-a2f8-d0b151c06d78: 32 groups; 0.9 s; peak memory 280 MiB.
2026-10-08T06:25:49Z INFO [46/900] 6b31508b-0879-47c8-a095-43e83c17af5a: 32 groups; 1.0 s; peak memory 280 MiB.
2026-10-08T06:25:53Z INFO [47/900] 6b332af2-2786-4ae3-a9f7-531f0c51a240: 70 groups; 3.1 s; peak memory 280 MiB.
2026-10-08T06:25:53Z INFO [48/900] 6b3334c8-30b3-46fa-a90e-a515d1875450: 32 groups; 0.9 s; peak memory 280 MiB.
2026-10-08T06:25:54Z INFO [49/900] 6b3395cf-32b0-4cc3-98a5-b1fce5c34508: 35 groups; 0.8 s; peak memory 280 MiB.
2026-10-08T06:25:55Z INFO [50/900] 6b33aa67-b345-49e6-b4e8-b309b7e414cb: 32 groups; 0.9 s; peak memory 280 MiB.
2026-10-08T06:25:55Z INFO [50/900] 6b33aa67-b345-49e6-b4e8-b309b7e414cb: checkpointed 98586 records.
2026-10-08T06:26:10Z INFO [51/900] 6b353512-f41e-429a-b44d-19cd1d7492fa: 190 groups; 14.9 s; peak memory 280 MiB.
2026-10-08T06:26:14Z INFO [52/900] 6b3601e5-aea7-48be-8849-7917c36d4ea2: 71 groups; 3.7 s; peak memory 280 MiB.
2026-10-08T06:26:14Z INFO [53/900] 6b3621c4-c1c1-4d40-b26a-f88a417babed: 26 groups; 0.6 s; peak memory 280 MiB.
2026-10-08T06:26:20Z INFO [54/900] 6b36a510-4252-48a3-b86d-c499893ac4f2: 50 groups; 5.2 s; peak memory 280 MiB.
2026-10-08T06:26:20Z INFO [55/900] 6b36c9b4-b7ab-41c6-97f3-178182b5d783: 16 groups; 0.4 s; peak memory 280 MiB.
2026-10-08T06:26:21Z INFO [56/900] 6b370cba-a0e2-46a0-a76c-b6e1599a6bed: 32 groups; 0.9 s; peak memory 280 MiB.
2026-10-08T06:26:22Z INFO [57/900] 6b389973-660a-408f-8c68-1dc71f5a3b8e: 48 groups; 1.5 s; peak memory 280 MiB.
2026-10-08T06:26:27Z INFO [58/900] 6b39b5e5-eba6-40f3-bdd4-6c050066b0ae: 181 groups; 4.3 s; peak memory 280 MiB.
2026-10-08T06:26:35Z INFO [59/900] 6b3a61cd-3ea6-49fd-9e36-e80a1b9bce43: 243 groups; 8.3 s; peak memory 280 MiB.
2026-10-08T06:26:36Z INFO [60/900] 6b3a8ec3-691c-4fe9-991e-5a82b6564fc0: 22 groups; 0.8 s; peak memory 280 MiB.
2026-10-08T06:26:37Z INFO [61/900] 6b3a9c4b-fb8f-49ba-8daa-e459ccf19655: 201 groups; 1.0 s; peak memory 280 MiB.
2026-10-08T06:26:37Z INFO [62/900] 6b3ae75c-e6bc-402e-a76a-b571796502fb: 35 groups; 0.7 s; peak memory 280 MiB.
2026-10-08T06:27:44Z INFO [63/900] 6b3b0e01-4325-474f-9553-08b0f190f486: 22 groups; 66.1 s; peak memory 346 MiB.
2026-10-08T06:27:45Z INFO [64/900] 6b3b32aa-8d67-49b9-a9eb-59bef64261e5: 35 groups; 1.1 s; peak memory 346 MiB.
2026-10-08T06:27:48Z INFO [65/900] 6b3b5380-21f2-4671-b1fc-0a20cf979ce9: 154 groups; 3.4 s; peak memory 346 MiB.
2026-10-08T06:31:31Z INFO [66/900] 6b3c8ba5-2217-40d5-b8bf-2da19f9ec89e: 39 groups; 223.1 s; peak memory 533 MiB.
2026-10-08T06:31:32Z INFO [67/900] 6b3c9610-e486-479c-9608-e83c80c35e8f: 16 groups; 0.6 s; peak memory 533 MiB.
2026-10-08T06:31:33Z INFO [68/900] 6b3ca086-41d0-428a-8dc6-7de4fc5170bb: 32 groups; 0.9 s; peak memory 533 MiB.
2026-10-08T06:31:34Z INFO [69/900] 6b3cd3b1-c169-4ef1-a26a-2cf293e1631e: 32 groups; 1.0 s; peak memory 533 MiB.
2026-10-08T06:31:39Z INFO [70/900] 6b3dabeb-da68-45dd-9b3f-b7a88c1bcde0: 22 groups; 5.3 s; peak memory 533 MiB.
2026-10-08T06:31:40Z INFO [71/900] 6b3e2858-4611-43f5-9723-44900d91a8e9: 22 groups; 0.9 s; peak memory 533 MiB.
2026-10-08T06:31:41Z INFO [72/900] 6b3e5c66-c62c-4940-bcbe-55cc82d2ae12: 29 groups; 0.8 s; peak memory 533 MiB.
2026-10-08T06:31:41Z INFO [73/900] 6b3eed8b-71ef-4b7a-ad08-e70a38b0c956: 31 groups; 0.6 s; peak memory 533 MiB.
2026-10-08T06:31:42Z INFO [74/900] 6b3f914d-4e1a-4efa-9c09-1799a65a12a7: 255 groups; 0.9 s; peak memory 533 MiB.
2026-10-08T06:31:46Z INFO [75/900] 6b3fd65f-b126-4010-8c6b-e1afadf2db87: 47 groups; 3.8 s; peak memory 533 MiB.
2026-10-08T06:31:47Z INFO [76/900] 6b405934-b9cd-4551-8ffe-a814aa9d038e: 35 groups; 1.0 s; peak memory 533 MiB.
2026-10-08T06:31:53Z INFO [77/900] 6b405af9-48d7-4b7e-8a4c-1a0a93f37d76: 143 groups; 6.3 s; peak memory 533 MiB.
2026-10-08T06:31:55Z INFO [78/900] 6b407447-69ac-459f-bb77-142a87d8d11a: 196 groups; 1.2 s; peak memory 533 MiB.
2026-10-08T06:31:55Z INFO [79/900] 6b4170b9-cbca-45b8-9672-03c1b1cf6465: 22 groups; 0.7 s; peak memory 533 MiB.
2026-10-08T06:31:56Z INFO [80/900] 6b432286-8c4e-4b1b-be9c-fb5c8b657ed8: 108 groups; 1.2 s; peak memory 533 MiB.
2026-10-08T06:32:01Z INFO [81/900] 6b43868a-4276-49cc-bbe6-7d7dcde6755c: 181 groups; 4.2 s; peak memory 533 MiB.
2026-10-08T06:32:01Z INFO [82/900] 6b43a2b3-3ae5-4cce-a2a5-4fa35354412a: 22 groups; 0.8 s; peak memory 533 MiB.
2026-10-08T06:32:07Z INFO [83/900] 6b43dbc6-52c1-4149-94c5-3c15186c7e43: 170 groups; 5.5 s; peak memory 533 MiB.
2026-10-08T06:32:08Z INFO [84/900] 6b440cc1-4a1b-4a1f-8254-e89ed4d9429e: 22 groups; 0.7 s; peak memory 533 MiB.
2026-10-08T06:32:08Z INFO [85/900] 6b44a5de-5e9c-476f-9dab-735b7f82d973: 22 groups; 0.7 s; peak memory 533 MiB.
2026-10-08T06:32:09Z INFO [86/900] 6b4513bb-e221-464b-80b3-2335254ae96e: 16 groups; 0.7 s; peak memory 533 MiB.
2026-10-08T06:32:10Z INFO [87/900] 6b45cb86-e8f8-420d-9c81-fb87484e62f0: 30 groups; 1.1 s; peak memory 533 MiB.
2026-10-08T06:32:11Z INFO [88/900] 6b45d431-011b-42ae-8d55-26b28c54585c: 253 groups; 0.9 s; peak memory 533 MiB.
2026-10-08T06:32:12Z INFO [89/900] 6b463cda-95d7-4e93-85b9-9291eafe9cde: 35 groups; 1.0 s; peak memory 533 MiB.
2026-10-08T06:32:13Z INFO [90/900] 6b464bde-85ac-4375-8b6f-a3d880fe3c5c: 30 groups; 0.6 s; peak memory 533 MiB.
2026-10-08T06:32:13Z INFO [91/900] 6b4706ee-f7f1-49ae-a2f0-21724ee47aaa: 22 groups; 0.8 s; peak memory 533 MiB.
2026-10-08T06:32:15Z INFO [92/900] 6b4712f6-1587-4915-9642-74ef217285fb: 49 groups; 1.1 s; peak memory 533 MiB.
2026-10-08T06:32:23Z INFO [93/900] 6b47185d-14c4-4520-9360-1ee4650a6854: 270 groups; 8.0 s; peak memory 533 MiB.
2026-10-08T06:32:24Z INFO [94/900] 6b4797f9-484d-4794-87fb-da7c6acdd6ee: 252 groups; 0.9 s; peak memory 533 MiB.
2026-10-08T06:32:25Z INFO [95/900] 6b47d8df-8195-43f8-9afa-c2498ba9ff5b: 22 groups; 1.0 s; peak memory 533 MiB.
2026-10-08T06:32:35Z INFO [96/900] 6b482904-dc05-4052-9c87-21e196cf8b55: 22 groups; 10.5 s; peak memory 533 MiB.
2026-10-08T06:32:36Z INFO [97/900] 6b489b15-bdb3-4210-a3dd-d98950387e82: 22 groups; 0.8 s; peak memory 533 MiB.
2026-10-08T06:32:37Z INFO [98/900] 6b48abf4-8ce0-4287-a592-19ca8bc7e532: 17 groups; 0.7 s; peak memory 533 MiB.
2026-10-08T06:32:37Z INFO [99/900] 6b48c5fd-0408-4ddb-947f-4c8ddabfb337: 17 groups; 0.7 s; peak memory 533 MiB.
2026-10-08T06:32:38Z INFO [100/900] 6b49b768-d293-48d6-a4a9-061440b0cf8a: 22 groups; 0.9 s; peak memory 533 MiB.
2026-10-08T06:32:38Z INFO [100/900] 6b49b768-d293-48d6-a4a9-061440b0cf8a: checkpointed 98636 records.
2026-10-08T06:32:39Z INFO [101/900] 6b4aad39-3a27-4eaa-9312-c4710d181bf0: 32 groups; 0.9 s; peak memory 533 MiB.
2026-10-08T06:32:40Z INFO [102/900] 6b4afc65-9bcc-4172-86c9-05c97ba689d4: 42 groups; 1.1 s; peak memory 533 MiB.
2026-10-08T06:32:41Z INFO [103/900] 6b4b7763-4d15-4372-b035-42c7c9e4a44a: 22 groups; 0.8 s; peak memory 533 MiB.
2026-10-08T06:32:48Z INFO [104/900] 6b4bec42-1eb5-4238-8669-2a45c42bd5d4: 184 groups; 7.1 s; peak memory 533 MiB.
2026-10-08T06:32:49Z INFO [105/900] 6b4c056d-d695-4cdf-9f2c-0efea0da92f0: 22 groups; 0.8 s; peak memory 533 MiB.
2026-10-08T06:32:50Z INFO [106/900] 6b4d1b23-d93c-4553-9a4f-5f6980f194a6: 32 groups; 0.8 s; peak memory 533 MiB.
2026-10-08T06:32:51Z INFO [107/900] 6b4d3e19-4878-4be0-8468-5a231a7e97bb: 108 groups; 1.3 s; peak memory 533 MiB.
2026-10-08T06:32:52Z INFO [108/900] 6b4d44f0-8442-428d-976b-e05736b7da9e: 32 groups; 0.8 s; peak memory 533 MiB.
2026-10-08T06:32:53Z INFO [109/900] 6b4e7bf2-897b-45c1-b90b-ba7017e9e580: 32 groups; 0.7 s; peak memory 533 MiB.
2026-10-08T06:47:54Z INFO [110/900] 6b4f5cc5-8c24-4322-84c0-50ee03a71b5f: 36 groups; 901.5 s; peak memory 1200 MiB.
2026-10-08T06:47:57Z INFO [111/900] 6b4fe683-51f4-4d9e-807d-a56c6a4e1150: 78 groups; 3.3 s; peak memory 1200 MiB.
2026-10-08T06:47:58Z INFO [112/900] 6b505b74-1468-4794-bdbb-e6a205a02806: 22 groups; 0.9 s; peak memory 1200 MiB.
2026-10-08T06:48:03Z INFO [113/900] 6b5194a9-b75d-42fd-8b18-bda4ad367bd4: 126 groups; 4.1 s; peak memory 1200 MiB.
2026-10-08T06:48:03Z INFO [114/900] 6b51bb68-e9fe-4c18-9fd6-ee6839177098: 32 groups; 0.9 s; peak memory 1200 MiB.
2026-10-08T06:48:05Z INFO [115/900] 6b51bffc-17b4-496a-b8a8-66477d95fb2b: 58 groups; 1.1 s; peak memory 1200 MiB.
2026-10-08T06:48:06Z INFO [116/900] 6b52e4ab-27e0-4636-8e8a-1197b260ee79: 48 groups; 1.4 s; peak memory 1200 MiB.
2026-10-08T06:48:07Z INFO [117/900] 6b539367-20b9-4d5b-812f-dfa087c9e10c: 35 groups; 0.9 s; peak memory 1200 MiB.
2026-10-08T06:48:08Z INFO [118/900] 6b53bc60-33b2-42b9-81c4-d92272c3baa0: 22 groups; 0.9 s; peak memory 1200 MiB.
2026-10-08T06:48:09Z INFO [119/900] 6b5589b4-d378-4874-8b41-73160ce0224a: 32 groups; 0.8 s; peak memory 1200 MiB.
2026-10-08T06:48:10Z INFO [120/900] 6b5797e7-5374-4cfc-bbaa-bbf14f992a5b: 22 groups; 0.9 s; peak memory 1200 MiB.
2026-10-08T06:48:10Z INFO [121/900] 6b57dd62-7751-458b-b3cf-87c654b76a42: 254 groups; 0.9 s; peak memory 1200 MiB.
2026-10-08T06:50:01Z INFO [122/900] 6b582373-fb08-474f-a2d5-47b415e89286: 77 groups; 110.2 s; peak memory 1200 MiB.
2026-10-08T06:50:03Z INFO [123/900] 6b5895a7-f2d8-406d-a143-f3a05769726f: 50 groups; 2.1 s; peak memory 1200 MiB.
2026-10-08T06:50:03Z INFO [124/900] 6b58df7d-916e-4862-9f37-66f58cc9f931: 16 groups; 0.5 s; peak memory 1200 MiB.
2026-10-08T06:50:04Z INFO [125/900] 6b591f60-564c-40da-b631-b8571af47cf8: 103 groups; 0.9 s; peak memory 1200 MiB.
2026-10-08T06:50:05Z INFO [126/900] 6b5960a0-7f7e-4c8e-b9cb-9c0755d1b9ed: 22 groups; 0.9 s; peak memory 1200 MiB.
2026-10-08T06:50:06Z INFO [127/900] 6b59eeb0-5326-406a-baf4-b9abb550bc8e: 33 groups; 1.2 s; peak memory 1200 MiB.
2026-10-08T06:50:07Z INFO [128/900] 6b5ae1be-d066-4ec4-b3b8-686631f90fab: 34 groups; 0.9 s; peak memory 1200 MiB.
2026-10-08T06:50:08Z INFO [129/900] 6b5b005e-f6e4-4347-b221-6aa54962916d: 34 groups; 0.8 s; peak memory 1200 MiB.
2026-10-08T06:50:13Z INFO [130/900] 6b5be40a-9a3d-47e7-9150-70686f85fd5d: 34 groups; 4.9 s; peak memory 1200 MiB.
2026-10-08T06:50:15Z INFO [131/900] 6b5befdb-fff5-47c5-b419-41eed1318251: 206 groups; 1.8 s; peak memory 1200 MiB.
2026-10-08T06:50:19Z INFO [132/900] 6b5bf411-4675-4309-81e2-d9c03884271a: 47 groups; 4.7 s; peak memory 1200 MiB.
2026-10-08T06:50:20Z INFO [133/900] 6b5c2bb7-db21-4dda-ab15-f1a73d16febf: 32 groups; 0.9 s; peak memory 1200 MiB.
2026-10-08T06:50:21Z INFO [134/900] 6b5ceb38-bd9f-428f-8450-b421ad20ee2f: 22 groups; 0.7 s; peak memory 1200 MiB.
2026-10-08T06:50:22Z INFO [135/900] 6b5cf9d7-6b84-4258-bac4-74d22889bbb2: 27 groups; 1.1 s; peak memory 1200 MiB.
2026-10-08T06:50:25Z INFO [136/900] 6b5d4cd9-2276-431d-bd87-ef4c2d0647fd: 71 groups; 3.3 s; peak memory 1200 MiB.
2026-10-08T06:50:26Z INFO [137/900] 6b5d898e-7168-4f80-a32d-c3d287bb5f31: 35 groups; 1.0 s; peak memory 1200 MiB.
2026-10-08T06:50:27Z INFO [138/900] 6b5db24a-eb00-4ed4-b50e-5a6e4352006f: 32 groups; 1.0 s; peak memory 1200 MiB.
2026-10-08T06:50:28Z INFO [139/900] 6b5ddfc7-0223-416c-99b4-c1d16a476612: 16 groups; 0.6 s; peak memory 1200 MiB.
2026-10-08T06:50:29Z INFO [140/900] 6b5e4e67-04f9-4db4-a613-069743a1bb2c: 33 groups; 0.9 s; peak memory 1200 MiB.
2026-10-08T06:50:30Z INFO [141/900] 6b5e540b-ffd1-4429-8b83-9f5de2d2d7c1: 35 groups; 1.2 s; peak memory 1200 MiB.
2026-10-08T06:50:31Z INFO [142/900] 6b5e7034-1312-4192-8c49-fca5516f71e8: 32 groups; 0.8 s; peak memory 1200 MiB.
2026-10-08T06:50:32Z INFO [143/900] 6b5ee055-6d01-4c76-935a-e1b33ff5df6b: 25 groups; 0.8 s; peak memory 1200 MiB.
2026-10-08T06:50:32Z INFO [144/900] 6b5ff914-3181-4679-9972-c6e433883d90: 32 groups; 0.8 s; peak memory 1200 MiB.
2026-10-08T06:50:33Z INFO [145/900] 6b60a00c-e3b7-4b79-a1ea-e2cc23739ed4: 22 groups; 0.9 s; peak memory 1200 MiB.
2026-10-08T07:01:17Z INFO [146/900] 6b60b812-004a-4d4f-8348-b744519aa318: 379 groups; 643.7 s; peak memory 1200 MiB.
2026-10-08T07:01:18Z INFO [147/900] 6b61132f-0a38-48c8-b654-1ddbc90c8ee9: 32 groups; 0.9 s; peak memory 1200 MiB.
2026-10-08T07:01:20Z INFO [148/900] 6b6114da-2fdd-4bb5-8328-bb8230a243f9: 22 groups; 2.7 s; peak memory 1200 MiB.
2026-10-08T07:01:21Z INFO [149/900] 6b61a459-3a2d-4afd-adb5-6994c740fe64: 32 groups; 0.8 s; peak memory 1200 MiB.
2026-10-08T07:01:23Z INFO [150/900] 6b61ac1a-73ed-4b4b-ae9d-4845b2f9417a: 17 groups; 1.6 s; peak memory 1200 MiB.
2026-10-08T07:01:23Z INFO [150/900] 6b61ac1a-73ed-4b4b-ae9d-4845b2f9417a: checkpointed 98686 records.
2026-10-08T07:01:24Z INFO [151/900] 6b61d4bb-e129-4288-9ba7-51cbb465863e: 22 groups; 0.9 s; peak memory 1200 MiB.
2026-10-08T07:01:28Z INFO [152/900] 6b62e2e4-d253-4f56-818f-37cfcbe3dba1: 181 groups; 4.0 s; peak memory 1200 MiB.
2026-10-08T07:01:31Z INFO [153/900] 6b62ff83-beba-4bd7-93f3-cc897f584aa1: 29 groups; 3.0 s; peak memory 1200 MiB.
2026-10-08T07:01:34Z INFO [154/900] 6b63513a-43dd-4f29-87e0-9a99db62910c: 139 groups; 3.3 s; peak memory 1200 MiB.
2026-10-08T07:01:35Z INFO [155/900] 6b63d61d-77bf-43b1-b778-e6f2ece8cc48: 22 groups; 0.8 s; peak memory 1200 MiB.
2026-10-08T07:01:36Z INFO [156/900] 6b63f90d-6056-4d6a-bb1f-b1eaf3545a3d: 204 groups; 1.5 s; peak memory 1200 MiB.
2026-10-08T07:01:37Z INFO [157/900] 6b63f9aa-ca74-47d5-8728-c9e36bd6d07c: 67 groups; 0.8 s; peak memory 1200 MiB.
2026-10-08T07:01:38Z INFO [158/900] 6b6420e1-5d34-453c-b2f1-98802dc0f744: 35 groups; 0.9 s; peak memory 1200 MiB.
2026-10-08T07:01:39Z INFO [159/900] 6b6496b4-20e5-484c-b366-bf0d37097328: 35 groups; 1.1 s; peak memory 1200 MiB.
2026-10-08T07:01:50Z INFO [160/900] 6b65dc8e-7467-4f7a-aab4-091215e8d0b5: 28 groups; 10.9 s; peak memory 1200 MiB.
2026-10-08T07:01:51Z INFO [161/900] 6b6671b0-2826-4a77-bd48-d17f5c0e2eae: 32 groups; 0.9 s; peak memory 1200 MiB.
2026-10-08T07:01:53Z INFO [162/900] 6b676738-297a-4be2-8462-8ac0621507f2: 50 groups; 2.2 s; peak memory 1200 MiB.
2026-10-08T07:01:54Z INFO [163/900] 6b68480a-de8a-4d6f-abba-643f8922ac7b: 22 groups; 0.6 s; peak memory 1200 MiB.
2026-10-08T07:01:55Z INFO [164/900] 6b69bb91-4173-4e83-9771-3cd37a2a26c6: 22 groups; 0.8 s; peak memory 1200 MiB.
2026-10-08T07:01:56Z INFO [165/900] 6b6b1657-0eee-43bc-9a52-ea084797c86d: 32 groups; 1.0 s; peak memory 1200 MiB.
2026-10-08T07:01:56Z INFO [166/900] 6b6b2100-d751-4adc-bedd-b03bb5791427: 26 groups; 0.9 s; peak memory 1200 MiB.
2026-10-08T07:01:57Z INFO [167/900] 6b6c492f-b19a-40d5-a703-02422bef8896: 22 groups; 0.8 s; peak memory 1200 MiB.
2026-10-08T07:02:06Z INFO [168/900] 6b6c5335-807c-4acc-9cbe-92529ae0381a: 294 groups; 9.0 s; peak memory 1200 MiB.
2026-10-08T07:02:07Z INFO [169/900] 6b6cbb12-2da6-4ffe-9386-7ed039152695: 16 groups; 0.6 s; peak memory 1200 MiB.
2026-10-08T07:02:08Z INFO [170/900] 6b6d2e3b-0e53-4470-b4d7-b8c15182cf92: 22 groups; 0.8 s; peak memory 1200 MiB.
2026-10-08T07:02:09Z INFO [171/900] 6b6e2591-4395-4aca-884a-005df67524b6: 32 groups; 0.9 s; peak memory 1200 MiB.
2026-10-08T07:02:09Z INFO [172/900] 6b6f49bb-f1d2-4d17-bdcf-53e796c1e34d: 30 groups; 0.5 s; peak memory 1200 MiB.
2026-10-08T07:02:10Z INFO [173/900] 6b709994-52e3-4f8c-898b-7813fd971607: 25 groups; 0.8 s; peak memory 1200 MiB.
2026-10-08T07:02:11Z INFO [174/900] 6b70c49c-6df6-4f86-8f1d-08f87af826dc: 36 groups; 1.1 s; peak memory 1200 MiB.
2026-10-08T07:02:12Z INFO [175/900] 6b70fb59-b311-4deb-b746-16cd4fb9b839: 33 groups; 1.0 s; peak memory 1200 MiB.
2026-10-08T07:02:47Z INFO [176/900] 6b722c84-6b4a-4dc1-9974-8265097afcbe: 27 groups; 35.0 s; peak memory 1200 MiB.
2026-10-08T07:02:48Z INFO [177/900] 6b7231de-e0c5-4a69-8644-e795c12b6567: 22 groups; 0.8 s; peak memory 1200 MiB.
2026-10-08T07:02:49Z INFO [178/900] 6b730503-1b6a-4cfb-8047-1d23213e7887: 16 groups; 0.8 s; peak memory 1200 MiB.
2026-10-08T07:02:49Z INFO [179/900] 6b730942-ddad-47c7-ae5e-17c8ddeadc01: 22 groups; 0.8 s; peak memory 1200 MiB.
2026-10-08T07:02:50Z INFO [180/900] 6b73ae82-05dd-45c5-a83a-2d015c2c2fc0: 22 groups; 0.8 s; peak memory 1200 MiB.
2026-10-08T07:02:55Z INFO [181/900] 6b741504-0cb0-435e-b96d-36f021c96433: 34 groups; 5.0 s; peak memory 1200 MiB.
2026-10-08T07:02:56Z INFO [182/900] 6b7482d9-7dd2-471a-9170-63b16080c6d9: 53 groups; 1.3 s; peak memory 1200 MiB.
2026-10-08T07:02:57Z INFO [183/900] 6b7502c9-9f6c-4d54-9148-c8d2a783a3c9: 35 groups; 0.9 s; peak memory 1200 MiB.
2026-10-08T07:02:58Z INFO [184/900] 6b75c83b-305d-4607-bb0f-bf09185801e2: 22 groups; 0.8 s; peak memory 1200 MiB.
2026-10-08T07:02:59Z INFO [185/900] 6b7643e8-838b-432c-b040-a3bb23583974: 22 groups; 0.7 s; peak memory 1200 MiB.
2026-10-08T07:03:00Z INFO [186/900] 6b766d44-192e-46b0-9a29-53ebc2bf835d: 32 groups; 0.8 s; peak memory 1200 MiB.
2026-10-08T07:03:02Z INFO [187/900] 6b77bbf4-778f-48b6-a0b0-18b728a90e3a: 50 groups; 2.3 s; peak memory 1200 MiB.
2026-10-08T07:03:04Z INFO [188/900] 6b77fce6-c413-4562-946b-d823417d4f20: 35 groups; 1.5 s; peak memory 1200 MiB.
2026-10-08T07:03:04Z INFO [189/900] 6b786e35-aecf-4e02-a216-d4d592798bf7: 22 groups; 0.7 s; peak memory 1200 MiB.
2026-10-08T07:03:17Z INFO [190/900] 6b7aa5e8-2878-426f-a738-9da32379d47f: 18 groups; 13.1 s; peak memory 1200 MiB.
2026-10-08T07:03:18Z INFO [191/900] 6b7af0cb-1497-4a9f-91ed-8b727a56248b: 36 groups; 0.7 s; peak memory 1200 MiB.
2026-10-08T07:03:19Z INFO [192/900] 6b7bc28e-bf53-45b2-bee1-f207d49c4388: 22 groups; 0.7 s; peak memory 1200 MiB.
2026-10-08T07:03:20Z INFO [193/900] 6b7bd41e-e443-48a3-9d19-934e150f1970: 35 groups; 1.0 s; peak memory 1200 MiB.
2026-10-08T07:03:22Z INFO [194/900] 6b7cae28-884d-4737-bdcf-6540200795de: 48 groups; 2.0 s; peak memory 1200 MiB.
2026-10-08T07:03:23Z INFO [195/900] 6b7cb179-e7f4-4324-8c84-2e064996a985: 103 groups; 0.9 s; peak memory 1200 MiB.
2026-10-08T07:03:25Z INFO [196/900] 6b7d1a9e-d3e1-491e-8a92-053fd665e091: 48 groups; 2.1 s; peak memory 1200 MiB.
2026-10-08T07:03:28Z INFO [197/900] 6b7d4e48-9ff9-4ca6-b9f8-eb4346f73fc5: 47 groups; 2.9 s; peak memory 1200 MiB.
2026-10-08T07:03:28Z INFO [198/900] 6b7de3e0-1dcd-4533-b3d9-c71ce87ac9c3: 32 groups; 0.8 s; peak memory 1200 MiB.
2026-10-08T07:03:29Z INFO [199/900] 6b7debac-3a72-4c49-8fc5-a50061600b1c: 28 groups; 0.6 s; peak memory 1200 MiB.
2026-10-08T07:03:30Z INFO [200/900] 6b7e090b-5226-4c15-b9ff-9d7e6b73295f: 22 groups; 0.8 s; peak memory 1200 MiB.
2026-10-08T07:03:30Z INFO [200/900] 6b7e090b-5226-4c15-b9ff-9d7e6b73295f: checkpointed 98736 records.
2026-10-08T07:03:31Z INFO [201/900] 6b7e76d4-5599-4644-b258-2d2aa8ff2f62: 25 groups; 0.7 s; peak memory 1200 MiB.
2026-10-08T07:03:32Z INFO [202/900] 6b7febc7-1380-4468-b25a-d0d2f2ca7667: 32 groups; 0.9 s; peak memory 1200 MiB.
2026-10-08T07:04:56Z INFO [203/900] 6b8206bd-2829-48d9-95fc-e713cb3d363a: 44 groups; 84.0 s; peak memory 1200 MiB.
2026-10-08T07:04:56Z INFO [204/900] 6b820739-6955-4ea0-80ea-0cad36269e92: 22 groups; 0.7 s; peak memory 1200 MiB.
2026-10-08T07:04:58Z INFO [205/900] 6b8483aa-7076-4489-95c2-2d86a85d1fa0: 207 groups; 1.6 s; peak memory 1200 MiB.
2026-10-08T07:05:07Z INFO [206/900] 6b84e62a-c6e1-4d74-8546-84656e3e6bf8: 253 groups; 8.7 s; peak memory 1200 MiB.
2026-10-08T07:05:07Z INFO [207/900] 6b860524-1054-4e45-88b2-d7e0748d828a: 27 groups; 0.8 s; peak memory 1200 MiB.
2026-10-08T07:05:08Z INFO [208/900] 6b86309d-58a2-461b-97ed-bc4671a94379: 33 groups; 0.8 s; peak memory 1200 MiB.
2026-10-08T07:05:09Z INFO [209/900] 6b8666f9-1096-46c8-8359-b565729fcb72: 35 groups; 1.0 s; peak memory 1200 MiB.
2026-10-08T07:05:10Z INFO [210/900] 6b86825e-7b75-49c8-ad7f-ebdf19e08827: 28 groups; 0.8 s; peak memory 1200 MiB.
2026-10-08T07:05:16Z INFO [211/900] 6b869de8-73f1-4261-ae79-12b47e290013: 26 groups; 6.4 s; peak memory 1200 MiB.
2026-10-08T07:05:19Z INFO [212/900] 6b86a1f1-d1b2-4a54-9360-71195fbc5796: 54 groups; 2.3 s; peak memory 1200 MiB.
2026-10-08T07:05:20Z INFO [213/900] 6b86b978-af7a-400e-803f-d0d8330198ea: 22 groups; 0.8 s; peak memory 1200 MiB.
2026-10-08T07:05:20Z INFO [214/900] 6b86c5a2-bc64-416a-ab32-0795ef56298d: 22 groups; 0.9 s; peak memory 1200 MiB.
2026-10-08T07:05:24Z INFO [215/900] 6b86d9f2-151e-435f-8d89-30ae93fc15b5: 82 groups; 3.6 s; peak memory 1200 MiB.
2026-10-08T07:05:27Z INFO [216/900] 6b877e72-275d-4ca5-b1db-d178ce4c044d: 62 groups; 2.7 s; peak memory 1200 MiB.
2026-10-08T07:05:31Z INFO [217/900] 6b885355-f306-4572-99dd-15ad6e316325: 181 groups; 3.9 s; peak memory 1200 MiB.
2026-10-08T07:05:32Z INFO [218/900] 6b88705b-ef85-4732-8a24-7473cf1877d4: 35 groups; 1.1 s; peak memory 1200 MiB.
2026-10-08T07:05:33Z INFO [219/900] 6b88b0a3-70b8-499c-a860-01dc65391768: 31 groups; 1.2 s; peak memory 1200 MiB.
2026-10-08T07:05:34Z INFO [220/900] 6b88e80e-4745-4164-8a0b-e806b85139dc: 255 groups; 0.9 s; peak memory 1200 MiB.
2026-10-08T07:05:35Z INFO [221/900] 6b8948ba-6744-4797-a757-afc2bc140385: 81 groups; 1.5 s; peak memory 1200 MiB.
2026-10-08T07:05:36Z INFO [222/900] 6b89ee4a-1312-4a1f-aa77-46771ff14de5: 35 groups; 1.0 s; peak memory 1200 MiB.
2026-10-08T07:05:43Z INFO [223/900] 6b8a0d60-7207-4ed1-aeee-1f9dba76d9eb: 139 groups; 6.2 s; peak memory 1200 MiB.
2026-10-08T07:05:44Z INFO [224/900] 6b8aca98-e773-4e30-b38f-c464caa150dd: 39 groups; 1.2 s; peak memory 1200 MiB.
2026-10-08T07:05:44Z INFO [225/900] 6b8ad16f-ea6d-4318-b1e7-9a190d06438a: 22 groups; 0.7 s; peak memory 1200 MiB.
2026-10-08T07:05:45Z INFO [226/900] 6b8b5fd2-25b5-4d74-9be4-b55d62c88d9e: 16 groups; 0.6 s; peak memory 1200 MiB.
2026-10-08T07:06:03Z INFO [227/900] 6b8c0387-8015-41b0-a89d-1cb7c9fbccdc: 23 groups; 18.3 s; peak memory 1200 MiB.
2026-10-08T07:06:10Z INFO [228/900] 6b8c0a56-6f04-42ee-9254-0d4eb11b2e65: 283 groups; 6.3 s; peak memory 1200 MiB.
2026-10-08T07:06:10Z INFO [229/900] 6b8cb62a-950f-49e8-94ec-20cdc9c6db91: 32 groups; 0.8 s; peak memory 1200 MiB.
2026-10-08T07:06:11Z INFO [230/900] 6b8d37dc-6dc0-460c-a5e8-e981c866d02c: 22 groups; 0.9 s; peak memory 1200 MiB.
2026-10-08T07:06:12Z INFO [231/900] 6b8e2d52-b621-4db6-aa3b-ce2f16d478d4: 33 groups; 0.8 s; peak memory 1200 MiB.
2026-10-08T07:06:13Z INFO [232/900] 6b8f3ac1-f116-48f3-9a33-e1ac8d8ed81e: 32 groups; 0.9 s; peak memory 1200 MiB.
2026-10-08T07:06:14Z INFO [233/900] 6b8f8fca-0c4f-464a-8c45-eeca748909c9: 33 groups; 0.8 s; peak memory 1200 MiB.
2026-10-08T07:06:15Z INFO [234/900] 6b8fa281-2683-44b4-9a76-3b63033bfbe1: 337 groups; 1.2 s; peak memory 1200 MiB.
2026-10-08T07:06:33Z INFO [235/900] 6b8fddf3-611b-4d7f-aaf1-2335b8ae9a24: 23 groups; 17.8 s; peak memory 1200 MiB.
2026-10-08T07:09:34Z INFO [236/900] 6b918f93-3a75-4edc-a28a-f2bbba5827ba: 29 groups; 181.1 s; peak memory 1200 MiB.
2026-10-08T07:09:35Z INFO [237/900] 6b919321-e64b-41cc-b381-f4cfdf8ca590: 26 groups; 0.6 s; peak memory 1200 MiB.
2026-10-08T07:09:35Z INFO [238/900] 6b922757-2db6-4275-b1ee-d3e33c768d33: 32 groups; 0.9 s; peak memory 1200 MiB.
2026-10-08T07:09:36Z INFO [239/900] 6b923b2e-426f-4be1-83e1-93db25849c2b: 22 groups; 0.8 s; peak memory 1200 MiB.
2026-10-08T07:09:38Z INFO [240/900] 6b9248ec-f0c6-4c1d-b220-6e55d6eaa842: 48 groups; 1.9 s; peak memory 1200 MiB.
2026-10-08T07:09:40Z INFO [241/900] 6b928ab8-5e28-4e5f-ad47-39ae0f4f5cd5: 35 groups; 1.5 s; peak memory 1200 MiB.
2026-10-08T07:09:55Z INFO [242/900] 6b933fdc-7db3-45d2-994f-29f8af0ebc4b: 28 groups; 15.7 s; peak memory 1200 MiB.
2026-10-08T07:09:59Z INFO [243/900] 6b935144-2456-4849-88fb-3707941250c8: 105 groups; 3.9 s; peak memory 1200 MiB.
2026-10-08T07:10:21Z INFO [244/900] 6b940410-9954-45f1-a64b-bbb11c3a7037: 23 groups; 21.6 s; peak memory 1200 MiB.
2026-10-08T07:10:24Z INFO [245/900] 6b941cc0-eb71-490a-acb0-07e4e4bd95bc: 78 groups; 3.7 s; peak memory 1200 MiB.
2026-10-08T07:10:44Z INFO [246/900] 6b946181-3387-48eb-ba31-b7057f626b66: 23 groups; 19.1 s; peak memory 1200 MiB.
2026-10-08T07:10:45Z INFO [247/900] 6b946a10-48ac-40e1-a4c7-c882f0dc4261: 341 groups; 1.8 s; peak memory 1200 MiB.
2026-10-08T07:10:46Z INFO [248/900] 6b94c304-c2ef-4ebd-bd70-6a5093ec3968: 32 groups; 1.1 s; peak memory 1200 MiB.
2026-10-08T07:10:47Z INFO [249/900] 6b951585-6efc-4b58-a717-018ae4ac9d7e: 22 groups; 0.9 s; peak memory 1200 MiB.
2026-10-08T07:10:53Z INFO [250/900] 6b96c86b-c07d-4bb0-8c8f-ea43d179dabf: 236 groups; 5.9 s; peak memory 1200 MiB.
2026-10-08T07:10:53Z INFO [250/900] 6b96c86b-c07d-4bb0-8c8f-ea43d179dabf: checkpointed 98786 records.
2026-10-08T07:10:56Z INFO [251/900] 6b97af46-11aa-4e03-bfc0-e92d05b61cc6: 89 groups; 2.6 s; peak memory 1200 MiB.
2026-10-08T07:10:58Z INFO [252/900] 6b97cc4e-8204-4eb3-ad34-c02e057342e9: 578 groups; 1.5 s; peak memory 1200 MiB.
2026-10-08T07:10:58Z INFO [253/900] 6b981312-b003-487d-be1c-79fd1205432b: 194 groups; 0.9 s; peak memory 1200 MiB.
2026-10-08T07:10:59Z INFO [254/900] 6b987d87-9e40-421d-9452-150e1eec7ebb: 22 groups; 1.0 s; peak memory 1200 MiB.
2026-10-08T07:11:01Z INFO [255/900] 6b99aaa8-8a9d-4a07-82a0-d4547df4d650: 202 groups; 1.2 s; peak memory 1200 MiB.
2026-10-08T07:16:16Z INFO [256/900] 6b9a9fb5-6b1c-4790-9430-07c5fb4c178b: 733 groups; 315.3 s; peak memory 1200 MiB.
2026-10-08T07:16:17Z INFO [257/900] 6b9ad49f-d0e0-4155-a24d-e20c584726e3: 22 groups; 0.9 s; peak memory 1200 MiB.
2026-10-08T07:16:18Z INFO [258/900] 6b9b956d-6066-420f-bc0d-d354e2b8f1e3: 32 groups; 0.8 s; peak memory 1200 MiB.
2026-10-08T07:16:19Z INFO [259/900] 6b9c24dd-72b6-4df1-a3c1-66d1dd0c7fbf: 32 groups; 0.7 s; peak memory 1200 MiB.
2026-10-08T07:16:19Z INFO [260/900] 6b9c42bc-584b-4bfe-9d95-6249e5ca07d2: 32 groups; 1.0 s; peak memory 1200 MiB.
2026-10-08T07:16:20Z INFO [261/900] 6b9def6a-b491-48a4-98fc-bc6b977427cd: 16 groups; 0.6 s; peak memory 1200 MiB.
2026-10-08T07:16:25Z INFO [262/900] 6b9f5781-3626-44a8-83c6-f6b4789f1110: 198 groups; 4.4 s; peak memory 1200 MiB.
2026-10-08T07:16:26Z INFO [263/900] 6b9fa861-6ecc-476d-ae0f-823dff2e5f0c: 64 groups; 1.4 s; peak memory 1200 MiB.
2026-10-08T07:16:27Z INFO [264/900] 6ba03fb2-7f54-4c91-885e-42d00f2df6c4: 199 groups; 1.3 s; peak memory 1200 MiB.
2026-10-08T07:16:34Z INFO [265/900] 6ba048e4-6c75-4953-b307-bb674f142e1d: 1993 groups; 6.8 s; peak memory 1200 MiB.
2026-10-08T07:16:35Z INFO [266/900] 6ba15dd9-aeba-4558-ae27-5f37e7b76e53: 22 groups; 0.8 s; peak memory 1200 MiB.
2026-10-08T07:16:36Z INFO [267/900] 6ba2d8cb-e2d9-4ea1-a13a-fb85ea25157e: 31 groups; 0.7 s; peak memory 1200 MiB.
2026-10-08T07:16:39Z INFO [268/900] 6ba3659d-b64a-4aee-a628-d716df437e99: 181 groups; 3.8 s; peak memory 1200 MiB.
2026-10-08T07:16:40Z INFO [269/900] 6ba49a88-6369-40f5-ac09-ed8c0ca3c6a5: 35 groups; 0.9 s; peak memory 1200 MiB.
2026-10-08T07:16:41Z INFO [270/900] 6ba4ab2e-4635-4e40-ba71-87abce7001f3: 16 groups; 0.6 s; peak memory 1200 MiB.
2026-10-08T07:16:42Z INFO [271/900] 6ba50b60-1f72-4473-af8e-9f4829941ed0: 35 groups; 1.1 s; peak memory 1200 MiB.
2026-10-08T07:16:43Z INFO [272/900] 6ba5bb8d-ced4-4495-beb4-b6c69e3373df: 33 groups; 0.8 s; peak memory 1200 MiB.
2026-10-08T07:16:45Z INFO [273/900] 6ba5f98a-811d-44df-8ad1-c01b053c4e5e: 72 groups; 1.8 s; peak memory 1200 MiB.
2026-10-08T07:16:48Z INFO [274/900] 6ba6793c-bb02-42ce-859c-a37084ebf334: 181 groups; 3.8 s; peak memory 1200 MiB.
2026-10-08T07:16:49Z INFO [275/900] 6ba6a959-d252-4654-bb85-f5410f9221c4: 20 groups; 0.6 s; peak memory 1200 MiB.
2026-10-08T07:16:53Z INFO [276/900] 6ba8712f-bbc9-43a7-946f-50fb14c08ee7: 138 groups; 3.9 s; peak memory 1200 MiB.
2026-10-08T07:16:54Z INFO [277/900] 6ba89308-9ae5-4d84-8356-c86370650403: 104 groups; 1.1 s; peak memory 1200 MiB.
2026-10-08T07:17:11Z INFO [278/900] 6ba8ee4a-d19c-48b0-be15-a2059875e863: 37 groups; 17.0 s; peak memory 1200 MiB.
2026-10-08T07:17:12Z INFO [279/900] 6ba98d8b-7f2b-4a3c-8abc-53600d35b242: 17 groups; 0.5 s; peak memory 1200 MiB.
2026-10-08T07:17:13Z INFO [280/900] 6baa42de-e7b1-49e2-b243-1dfa29b7d505: 201 groups; 1.0 s; peak memory 1200 MiB.
2026-10-08T07:17:30Z INFO [281/900] 6baa5384-00c2-491e-b74d-7dd08d77d73d: 2791 groups; 17.9 s; peak memory 1200 MiB.
2026-10-08T07:17:36Z INFO [282/900] 6bab9a47-0c63-40d5-ba63-3dc6e81fe4e3: 199 groups; 5.9 s; peak memory 1200 MiB.
2026-10-08T07:17:38Z INFO [283/900] 6babd29d-d25c-4d93-b408-b5f01b7ada27: 195 groups; 1.2 s; peak memory 1200 MiB.
2026-10-08T07:17:38Z INFO [284/900] 6babe22f-67f5-4e89-b217-75d03b343967: 22 groups; 0.9 s; peak memory 1200 MiB.
2026-10-08T07:17:40Z INFO [285/900] 6bacefce-8c83-4e2d-841e-c6d43d7eb499: 26 groups; 1.6 s; peak memory 1200 MiB.
2026-10-08T07:17:45Z INFO [286/900] 6bad2517-cf24-47b5-9ab6-2b9152c6df2f: 194 groups; 5.4 s; peak memory 1200 MiB.
2026-10-08T07:17:46Z INFO [287/900] 6bad6a46-6b74-420c-9687-d257d5af0212: 22 groups; 0.8 s; peak memory 1200 MiB.
2026-10-08T07:17:52Z INFO [288/900] 6bae1d76-8888-492b-84e3-00bc03688b32: 26 groups; 6.3 s; peak memory 1200 MiB.
2026-10-08T07:17:53Z INFO [289/900] 6baf02d6-96f9-4abb-90fc-34499f99298f: 22 groups; 0.7 s; peak memory 1200 MiB.
2026-10-08T07:17:54Z INFO [290/900] 6baf2151-2601-4933-81dd-9437e0b34a41: 71 groups; 1.0 s; peak memory 1200 MiB.
2026-10-08T07:18:00Z INFO [291/900] 6baf2808-f9f1-46d3-8e0e-02b1fe9fc9c3: 120 groups; 5.6 s; peak memory 1200 MiB.
2026-10-08T07:18:17Z INFO [292/900] 6bafd69e-e5ca-4979-9236-ac3bb203ce3d: 37 groups; 16.8 s; peak memory 1200 MiB.
2026-10-08T07:18:18Z INFO [293/900] 6bb3ce54-b614-45a6-ae63-5f58c2b7eed0: 36 groups; 1.0 s; peak memory 1200 MiB.
2026-10-08T07:18:19Z INFO [294/900] 6bb3facd-458b-4226-a20a-ae242e0708a8: 35 groups; 1.3 s; peak memory 1200 MiB.
2026-10-08T07:18:19Z INFO [295/900] 6bb4c92d-1f42-42a1-9a6c-eec95601255d: 16 groups; 0.6 s; peak memory 1200 MiB.
2026-10-08T07:18:27Z INFO [296/900] 6bb4cfbf-6d1a-4b4d-ab16-30f70fd9c513: 203 groups; 8.0 s; peak memory 1200 MiB.
2026-10-08T07:18:28Z INFO [297/900] 6bb5dc16-4047-44f4-91ef-6bdaaa0565e9: 25 groups; 0.8 s; peak memory 1200 MiB.
2026-10-08T07:18:29Z INFO [298/900] 6bb6d913-f32b-4429-b56d-ad0c7c0417c8: 35 groups; 1.2 s; peak memory 1200 MiB.
2026-10-08T07:18:30Z INFO [299/900] 6bb6eea7-00ab-42ac-bbe2-07787dae4447: 25 groups; 0.8 s; peak memory 1200 MiB.
2026-10-08T07:18:31Z INFO [300/900] 6bb83b31-2c44-4cd4-b478-2725266e4158: 22 groups; 0.9 s; peak memory 1200 MiB.
2026-10-08T07:18:31Z INFO [300/900] 6bb83b31-2c44-4cd4-b478-2725266e4158: checkpointed 98836 records.
2026-10-08T07:18:32Z INFO [301/900] 6bb86225-1620-4338-878f-ae66400eb494: 32 groups; 0.8 s; peak memory 1200 MiB.
2026-10-08T07:18:33Z INFO [302/900] 6bb8a07a-1928-498e-9a8d-28b64145156d: 57 groups; 1.1 s; peak memory 1200 MiB.
2026-10-08T07:18:34Z INFO [303/900] 6bb95f58-e9c6-448e-ad8b-290684ebbbfd: 35 groups; 0.9 s; peak memory 1200 MiB.
2026-10-08T07:18:36Z INFO [304/900] 6bb99b90-35a9-498b-8b1a-e9e56cf8ee8d: 50 groups; 2.2 s; peak memory 1200 MiB.
2026-10-08T07:18:37Z INFO [305/900] 6bb9d079-ff84-4797-9549-d36b2c21ccf8: 16 groups; 0.5 s; peak memory 1200 MiB.
2026-10-08T07:18:38Z INFO [306/900] 6bba248a-05f9-49f9-b487-5ced5ee075e6: 35 groups; 1.0 s; peak memory 1200 MiB.
2026-10-08T07:18:39Z INFO [307/900] 6bbb2a7b-1ed1-4cc3-8683-6efc946e1c3e: 31 groups; 1.5 s; peak memory 1200 MiB.
2026-10-08T07:18:40Z INFO [308/900] 6bbb74c5-1825-440d-a2f0-bd122ab290f4: 32 groups; 0.9 s; peak memory 1200 MiB.
2026-10-08T08:00:15Z INFO [309/900] 6bbc1017-97ce-4a82-abf6-b1625fbef736: 670 groups; 2495.0 s; peak memory 1224 MiB.
2026-10-08T08:00:16Z INFO [310/900] 6bbcae98-c422-4088-87e1-c212fe640ac1: 36 groups; 1.2 s; peak memory 1224 MiB.
2026-10-08T08:00:35Z INFO [311/900] 6bbcb043-0afe-421d-8f98-de99c40c880e: 23 groups; 19.0 s; peak memory 1224 MiB.
2026-10-08T08:00:36Z INFO [312/900] 6bbdcb6f-6109-4de3-8a5c-e8ec033090b6: 16 groups; 0.7 s; peak memory 1224 MiB.
2026-10-08T08:00:38Z INFO [313/900] 6bbe7f4f-feb7-45dc-bf54-bd05ef39cd49: 34 groups; 1.7 s; peak memory 1224 MiB.
2026-10-08T08:00:38Z INFO [314/900] 6bbf9ac8-1fba-491c-87bf-4f54bf20ac3f: 25 groups; 0.7 s; peak memory 1224 MiB.
2026-10-08T08:01:21Z INFO [315/900] 6bc08d74-14ed-49b7-9a3d-1ae37cb1a8ea: 26 groups; 42.9 s; peak memory 1224 MiB.
2026-10-08T08:01:22Z INFO [316/900] 6bc09710-8eb0-4a01-90c8-19a5f378bf06: 22 groups; 0.8 s; peak memory 1224 MiB.
2026-10-08T08:01:23Z INFO [317/900] 6bc15a67-5882-4643-9de4-fa63b659b177: 35 groups; 0.8 s; peak memory 1224 MiB.
2026-10-08T08:01:24Z INFO [318/900] 6bc1b766-7ff1-4cab-b121-ff58ce46b12f: 195 groups; 1.1 s; peak memory 1224 MiB.
2026-10-08T08:01:25Z INFO [319/900] 6bc249f5-76b4-440d-b695-fd88b581ac67: 32 groups; 1.1 s; peak memory 1224 MiB.
2026-10-08T08:01:26Z INFO [320/900] 6bc28a48-fa07-484a-b9d4-1f75cac9df1b: 32 groups; 0.8 s; peak memory 1224 MiB.
2026-10-08T08:01:35Z INFO [321/900] 6bc2e0a3-ba6e-4670-9d58-4e4af41b1fd4: 262 groups; 9.5 s; peak memory 1224 MiB.
2026-10-08T08:01:38Z INFO [322/900] 6bc36aa7-64dd-45a5-a4bb-67195fc13ae0: 52 groups; 3.2 s; peak memory 1224 MiB.
2026-10-08T08:01:39Z INFO [323/900] 6bc3f768-341a-49e8-a834-31f0e91674e4: 18 groups; 0.5 s; peak memory 1224 MiB.
2026-10-08T08:01:40Z INFO [324/900] 6bc410b7-1125-49dc-ad45-f6e2441da111: 22 groups; 0.8 s; peak memory 1224 MiB.
2026-10-08T08:01:41Z INFO [325/900] 6bc4d27a-96d0-45ca-8ad9-d69037ac13a3: 17 groups; 1.6 s; peak memory 1224 MiB.
2026-10-08T08:01:42Z INFO [326/900] 6bc5726e-9e24-4a65-bd2e-d6f289b4a895: 25 groups; 0.6 s; peak memory 1224 MiB.
2026-10-08T08:01:45Z INFO [327/900] 6bc68651-4218-42bb-a779-19a04d58d266: 62 groups; 3.0 s; peak memory 1224 MiB.
2026-10-08T08:01:46Z INFO [328/900] 6bc74c0d-d75c-4174-8d61-7bce5b47b6ae: 32 groups; 0.9 s; peak memory 1224 MiB.
2026-10-08T08:01:54Z INFO [329/900] 6bc87301-7731-437a-ba27-66b7f4d1ea27: 89 groups; 7.9 s; peak memory 1224 MiB.
2026-10-08T08:01:55Z INFO [330/900] 6bc95c24-a6c6-4be4-8297-f3bc32c8141f: 194 groups; 1.1 s; peak memory 1224 MiB.
2026-10-08T08:01:56Z INFO [331/900] 6bc97691-871f-4f5b-85a3-d6363d2400b4: 32 groups; 0.7 s; peak memory 1224 MiB.
2026-10-08T08:02:04Z INFO [332/900] 6bc9d39c-daff-4cfe-9399-35c9f33e4302: 233 groups; 8.4 s; peak memory 1224 MiB.
2026-10-08T08:02:05Z INFO [333/900] 6bc9e01d-bfea-4268-83cc-d6059350e0f3: 29 groups; 0.9 s; peak memory 1224 MiB.
2026-10-08T08:02:05Z INFO [334/900] 6bc9f75d-3a0e-49f6-860e-159adf4ec918: 16 groups; 0.5 s; peak memory 1224 MiB.
2026-10-08T08:02:06Z INFO [335/900] 6bcabdd1-090d-4b1d-8e54-ad3ccad0975b: 200 groups; 1.1 s; peak memory 1224 MiB.
2026-10-08T08:02:07Z INFO [336/900] 6bcb78b8-ac9d-4ac4-98e2-0a8d3a217b19: 32 groups; 0.8 s; peak memory 1224 MiB.
2026-10-08T08:02:08Z INFO [337/900] 6bcba4fb-9899-43ec-8b72-f53f7dabb63c: 32 groups; 0.9 s; peak memory 1224 MiB.
2026-10-08T08:02:09Z INFO [338/900] 6bcc9274-3ab6-4147-b762-67ff3cf7ff5a: 254 groups; 0.8 s; peak memory 1224 MiB.
2026-10-08T08:02:10Z INFO [339/900] 6bcd5bf7-020b-47ab-bb7c-d0d6302e9213: 31 groups; 0.7 s; peak memory 1224 MiB.
2026-10-08T08:02:11Z INFO [340/900] 6bcd7b81-f11b-4549-aa45-2ededb11e1b3: 32 groups; 1.6 s; peak memory 1224 MiB.
2026-10-08T08:02:12Z INFO [341/900] 6bce3236-ba26-4af5-af04-ad0112adc92f: 22 groups; 0.7 s; peak memory 1224 MiB.
2026-10-08T08:02:13Z INFO [342/900] 6bce4db4-44fc-4c7a-b508-c4fd8c583f68: 22 groups; 0.8 s; peak memory 1224 MiB.
2026-10-08T08:02:14Z INFO [343/900] 6bceeb16-34b9-4ab5-ad86-c10a22ab0cb6: 49 groups; 1.1 s; peak memory 1224 MiB.
2026-10-08T08:02:15Z INFO [344/900] 6bcf024b-f7b6-453b-8cff-a86bb4809775: 341 groups; 1.2 s; peak memory 1224 MiB.
2026-10-08T08:02:32Z INFO [345/900] 6bcf4f82-d53f-4814-af86-6fd8ced3419d: 157 groups; 17.2 s; peak memory 1224 MiB.
2026-10-08T08:02:33Z INFO [346/900] 6bcf69cd-64b0-4c0d-bc77-2d20e2772d39: 25 groups; 0.8 s; peak memory 1224 MiB.
2026-10-08T08:02:53Z INFO [347/900] 6bcf736d-0e7d-4056-8585-d8675f8f652f: 23 groups; 20.1 s; peak memory 1224 MiB.
2026-10-08T08:02:54Z INFO [348/900] 6bcf9b4b-1c96-436f-9534-5dc12e465248: 103 groups; 1.0 s; peak memory 1224 MiB.
2026-10-08T08:02:55Z INFO [349/900] 6bd03a23-cc69-411b-9016-3dbab13f864d: 22 groups; 0.8 s; peak memory 1224 MiB.
2026-10-08T08:02:56Z INFO [350/900] 6bd17ebb-7e10-443f-a7aa-50e3c3034e1a: 35 groups; 1.2 s; peak memory 1224 MiB.
2026-10-08T08:02:56Z INFO [350/900] 6bd17ebb-7e10-443f-a7aa-50e3c3034e1a: checkpointed 98886 records.
2026-10-08T08:02:57Z INFO [351/900] 6bd1a457-eadb-40a3-804a-cb5c976be0b7: 22 groups; 0.9 s; peak memory 1224 MiB.
2026-10-08T08:02:59Z INFO [352/900] 6bd26ca8-1edf-4a24-86e1-50a4911a0dfa: 31 groups; 1.4 s; peak memory 1224 MiB.
2026-10-08T08:03:00Z INFO [353/900] 6bd33851-fa7b-447e-843d-d81429d921cc: 25 groups; 0.9 s; peak memory 1224 MiB.
2026-10-08T08:03:02Z INFO [354/900] 6bd3994b-4471-4a3b-9268-8ea7ba614fc5: 50 groups; 2.1 s; peak memory 1224 MiB.
2026-10-08T08:03:07Z INFO [355/900] 6bd4a24b-7386-4750-b234-acfa77c80aaf: 185 groups; 5.6 s; peak memory 1224 MiB.
2026-10-08T08:03:08Z INFO [356/900] 6bd4c309-6c54-4b45-bf93-75816b158725: 22 groups; 1.0 s; peak memory 1224 MiB.
2026-10-08T08:03:09Z INFO [357/900] 6bd4d41e-bc94-4a0d-a7c3-4d64961e2da7: 32 groups; 0.8 s; peak memory 1224 MiB.
2026-10-08T08:03:10Z INFO [358/900] 6bd57257-7f1b-42cb-a942-04ed050bc999: 32 groups; 0.8 s; peak memory 1224 MiB.
2026-10-08T08:03:10Z INFO [359/900] 6bd65f5b-bbeb-44a3-b523-d5237454751a: 22 groups; 0.6 s; peak memory 1224 MiB.
2026-10-08T08:03:11Z INFO [360/900] 6bd6f364-85ef-46cb-aa00-24e68b582c4f: 24 groups; 0.6 s; peak memory 1224 MiB.
2026-10-08T08:03:18Z INFO [361/900] 6bd6f570-8142-4baa-b2db-fecddf399a96: 231 groups; 7.4 s; peak memory 1224 MiB.
2026-10-08T08:03:19Z INFO [362/900] 6bd83e47-0ef4-46dd-a0cc-dbd4b42200d9: 35 groups; 1.0 s; peak memory 1224 MiB.
2026-10-08T08:03:20Z INFO [363/900] 6bd93426-d53f-44ad-8ff3-e81e0fa071b0: 30 groups; 0.5 s; peak memory 1224 MiB.
2026-10-08T08:03:21Z INFO [364/900] 6bd93f71-5ad8-4182-90a4-d17160212e74: 22 groups; 0.7 s; peak memory 1224 MiB.
2026-10-08T08:03:21Z INFO [365/900] 6bd9c34a-578c-4c1b-8391-7eeacc987579: 17 groups; 0.6 s; peak memory 1224 MiB.
2026-10-08T08:03:23Z INFO [366/900] 6bd9d052-a83b-4fdb-a7ce-9112a9e0093f: 48 groups; 1.6 s; peak memory 1224 MiB.
2026-10-08T08:03:38Z INFO [367/900] 6bd9eef8-0c35-4d61-8712-1975e61e7d85: 28 groups; 14.7 s; peak memory 1224 MiB.
2026-10-08T08:03:38Z INFO [368/900] 6bd9f555-b4d8-443d-9a37-04f711b5bcba: 28 groups; 0.7 s; peak memory 1224 MiB.
2026-10-08T08:03:39Z INFO [369/900] 6bdb8cbc-21c2-420a-8e41-546c231e64bb: 36 groups; 1.0 s; peak memory 1224 MiB.
2026-10-08T08:03:40Z INFO [370/900] 6bdbf84f-df7d-4f0f-8098-79a0dd0e31fe: 32 groups; 0.7 s; peak memory 1224 MiB.
2026-10-08T08:04:55Z INFO [371/900] 6bdc4ee6-0baf-4ecb-8b1c-a43f47ccb55b: 33 groups; 74.8 s; peak memory 1224 MiB.
2026-10-08T08:04:56Z INFO [372/900] 6bdf154e-2f93-4dde-968d-aba59b3b5909: 195 groups; 0.8 s; peak memory 1224 MiB.
2026-10-08T08:04:56Z INFO [373/900] 6bdf4d87-dbe2-489c-9bbb-ebfef8691ab8: 25 groups; 0.8 s; peak memory 1224 MiB.
2026-10-08T08:04:57Z INFO [374/900] 6bdf6738-1d6f-4b40-b1e8-7effdec4b9c6: 32 groups; 0.7 s; peak memory 1224 MiB.
2026-10-08T08:04:58Z INFO [375/900] 6bdfb82b-3411-4ed8-8aff-53d1b1927a7a: 36 groups; 1.1 s; peak memory 1224 MiB.
2026-10-08T08:04:59Z INFO [376/900] 6bdfbdc8-85fb-4d0f-adc4-a4925ab5e587: 32 groups; 0.8 s; peak memory 1224 MiB.
2026-10-08T08:05:00Z INFO [377/900] 6bdff057-4284-46a1-afff-dfcd07ffedb6: 35 groups; 0.9 s; peak memory 1224 MiB.
2026-10-08T08:05:08Z INFO [378/900] 6bdff742-2091-4412-b478-983c6dfb9dd8: 78 groups; 7.8 s; peak memory 1224 MiB.
2026-10-08T08:05:09Z INFO [379/900] 6bdffb44-d50f-4253-8016-05d183dc6946: 22 groups; 0.9 s; peak memory 1224 MiB.
2026-10-08T08:05:09Z INFO [380/900] 6be1633c-838c-4aa8-83c5-c8be779333a7: 22 groups; 0.7 s; peak memory 1224 MiB.
2026-10-08T08:05:10Z INFO [381/900] 6be19a99-6c6e-4a58-871a-b6fdb40182d6: 22 groups; 0.7 s; peak memory 1224 MiB.
2026-10-08T08:05:13Z INFO [382/900] 6be1d6be-4343-4cf3-8bd4-c43afb4defc9: 117 groups; 2.6 s; peak memory 1224 MiB.
2026-10-08T08:05:13Z INFO [383/900] 6be248d5-ec85-40ce-b55a-6c76e1239109: 252 groups; 0.8 s; peak memory 1224 MiB.
2026-10-08T08:05:14Z INFO [384/900] 6be29164-c4f8-4cc6-a6ab-c3f1808eed60: 22 groups; 0.9 s; peak memory 1224 MiB.
2026-10-08T08:05:15Z INFO [385/900] 6be339ab-ca70-42aa-b60d-7f1147dbc924: 103 groups; 0.9 s; peak memory 1224 MiB.
2026-10-08T08:05:16Z INFO [386/900] 6be49809-3664-4280-865b-87a03e62d9a1: 22 groups; 0.8 s; peak memory 1224 MiB.
2026-10-08T08:05:17Z INFO [387/900] 6be513cb-2cab-4644-86a9-d90b576de3eb: 35 groups; 1.1 s; peak memory 1224 MiB.
2026-10-08T08:05:21Z INFO [388/900] 6be534fe-2bd0-443c-88db-8a3a07a316ef: 116 groups; 3.7 s; peak memory 1224 MiB.
2026-10-08T08:05:22Z INFO [389/900] 6be59879-fffc-4187-b279-7897a64dc82c: 29 groups; 1.1 s; peak memory 1224 MiB.
2026-10-08T08:05:23Z INFO [390/900] 6be5f668-e265-4f39-9438-d50a4a823549: 32 groups; 0.8 s; peak memory 1224 MiB.
2026-10-08T08:05:23Z INFO [391/900] 6be67ec2-4762-4fa1-92d1-d1739896b3b6: 30 groups; 0.5 s; peak memory 1224 MiB.
2026-10-08T08:05:24Z INFO [392/900] 6be68c6b-72ba-40ef-87a4-5af60d9606f5: 32 groups; 0.7 s; peak memory 1224 MiB.
2026-10-08T08:05:25Z INFO [393/900] 6be6df0e-27d2-4ede-9cdd-61281f32f859: 22 groups; 0.8 s; peak memory 1224 MiB.
2026-10-08T08:05:25Z INFO [394/900] 6be91a72-4b41-4fd0-8b56-8b12ce46b4f8: 22 groups; 0.8 s; peak memory 1224 MiB.
2026-10-08T08:05:35Z INFO [395/900] 6be96433-e14a-42cb-8fd5-0dae29e17ccf: 453 groups; 10.1 s; peak memory 1224 MiB.
2026-10-08T08:05:37Z INFO [396/900] 6bea1bf9-f7ee-4f3d-8a07-f8bce9860d8a: 48 groups; 1.6 s; peak memory 1224 MiB.
2026-10-08T08:05:38Z INFO [397/900] 6beae538-faab-4e2f-8854-07842369eb09: 33 groups; 1.0 s; peak memory 1224 MiB.
2026-10-08T08:05:39Z INFO [398/900] 6beb1637-2bf6-4baf-b8d1-cf83d80a33b3: 16 groups; 0.6 s; peak memory 1224 MiB.
2026-10-08T08:05:40Z INFO [399/900] 6bed4bf7-9591-4eb9-93ca-cc972d63890c: 35 groups; 1.2 s; peak memory 1224 MiB.
2026-10-08T08:05:41Z INFO [400/900] 6beda88c-48c5-4200-8024-8b0638fd7233: 35 groups; 0.9 s; peak memory 1224 MiB.
2026-10-08T08:05:41Z INFO [400/900] 6beda88c-48c5-4200-8024-8b0638fd7233: checkpointed 98936 records.
2026-10-08T08:05:42Z INFO [401/900] 6bedadc8-a653-4558-952c-da3af7502c31: 25 groups; 0.7 s; peak memory 1224 MiB.
2026-10-08T08:05:43Z INFO [402/900] 6bee1bd9-c652-4aa1-a51f-93d95df7e9e0: 16 groups; 0.8 s; peak memory 1224 MiB.
2026-10-08T08:05:43Z INFO [403/900] 6beee11c-d18a-4f82-9c65-87f4aa8daae1: 31 groups; 0.6 s; peak memory 1224 MiB.
2026-10-08T08:05:44Z INFO [404/900] 6beee930-9181-4321-a47d-ee2824fe4ec6: 200 groups; 1.2 s; peak memory 1224 MiB.
2026-10-08T08:05:56Z INFO [405/900] 6bef7130-b18a-4841-a6ac-e04e50860600: 27 groups; 11.4 s; peak memory 1224 MiB.
2026-10-08T08:05:57Z INFO [406/900] 6bf024a6-8809-492c-8d90-885e00231fd7: 29 groups; 1.1 s; peak memory 1224 MiB.
2026-10-08T08:05:58Z INFO [407/900] 6bf23b39-2194-4868-b6b7-3aff7e23f1e3: 32 groups; 1.0 s; peak memory 1224 MiB.
2026-10-08T08:05:59Z INFO [408/900] 6bf2f26e-d896-4f90-9306-904c3e904787: 22 groups; 0.7 s; peak memory 1224 MiB.
2026-10-08T08:06:02Z INFO [409/900] 6bf4bfb4-7d3e-4f2f-846b-6f57f3b927c1: 78 groups; 3.9 s; peak memory 1224 MiB.
2026-10-08T08:06:03Z INFO [410/900] 6bf560a0-9f85-4171-84ee-57dd85bf55de: 39 groups; 0.9 s; peak memory 1224 MiB.
2026-10-08T08:06:11Z INFO [411/900] 6bf57f9d-85ee-403e-ad6a-3e4471193ff9: 190 groups; 7.7 s; peak memory 1224 MiB.
2026-10-08T08:06:12Z INFO [412/900] 6bf62c73-ac1e-4f18-88be-2873909ee413: 35 groups; 0.9 s; peak memory 1224 MiB.
2026-10-08T08:06:13Z INFO [413/900] 6bf6f409-4cea-4554-aeff-597c7ba5f375: 29 groups; 0.9 s; peak memory 1224 MiB.
2026-10-08T08:06:14Z INFO [414/900] 6bf7c1af-bf47-45aa-ac31-f6fb07f309d6: 32 groups; 0.8 s; peak memory 1224 MiB.
2026-10-08T08:06:25Z INFO [415/900] 6bf87925-beb0-4e26-9f79-72bad1834ef6: 223 groups; 11.7 s; peak memory 1224 MiB.
2026-10-08T08:06:27Z INFO [416/900] 6bf8a45e-1ac2-4092-b0cb-6f4c1d70ad28: 48 groups; 1.7 s; peak memory 1224 MiB.
2026-10-08T08:06:28Z INFO [417/900] 6bf8dced-d430-46a8-82b3-c3c785a8bf9b: 30 groups; 0.9 s; peak memory 1224 MiB.
2026-10-08T08:06:29Z INFO [418/900] 6bf94511-35a0-49e7-9de9-a204ad304301: 32 groups; 0.9 s; peak memory 1224 MiB.
2026-10-08T08:06:30Z INFO [419/900] 6bf99c9a-af3a-4436-b896-8e139933b4a1: 31 groups; 0.6 s; peak memory 1224 MiB.
2026-10-08T08:06:36Z INFO [420/900] 6bfa0b57-3b5a-4683-ad75-e4f5ccf27369: 180 groups; 6.0 s; peak memory 1224 MiB.
2026-10-08T08:06:37Z INFO [421/900] 6bfa81fe-752a-464b-9777-fe2e78c19efe: 17 groups; 1.7 s; peak memory 1224 MiB.
2026-10-08T08:06:38Z INFO [422/900] 6bfa8de7-2265-47cd-a3a2-c01051f528c7: 32 groups; 0.9 s; peak memory 1224 MiB.
2026-10-08T08:06:41Z INFO [423/900] 6bfab6ef-6a48-4c67-ae08-06c6a41dc687: 28 groups; 2.5 s; peak memory 1224 MiB.
2026-10-08T08:06:42Z INFO [424/900] 6bfb10f6-eea8-4839-9d0a-0aa5a588d21b: 32 groups; 0.9 s; peak memory 1224 MiB.
2026-10-08T08:06:43Z INFO [425/900] 6bfd17e9-a455-48e0-8b30-ca9297f51e05: 32 groups; 1.0 s; peak memory 1224 MiB.
2026-10-08T08:12:19Z INFO [426/900] 6bfd3255-1373-4de8-afc7-5f03aafe0a54: 41 groups; 336.3 s; peak memory 1224 MiB.
2026-10-08T08:12:20Z INFO [427/900] 6bfd6d23-c917-49a2-94aa-3a6c797f9865: 28 groups; 0.7 s; peak memory 1224 MiB.
2026-10-08T08:12:21Z INFO [428/900] 6bfd7ba8-788e-4d61-b695-e63e4697e34c: 32 groups; 1.0 s; peak memory 1224 MiB.
2026-10-08T08:12:22Z INFO [429/900] 6bfddb76-ea3a-447f-9d76-b3c812cdf2ec: 103 groups; 1.1 s; peak memory 1224 MiB.
2026-10-08T08:12:22Z INFO [430/900] 6bfe58be-f2ed-42ef-b133-72b9859c485b: 16 groups; 0.6 s; peak memory 1224 MiB.
2026-10-08T08:12:25Z INFO [431/900] 6bff14cb-f829-4295-9509-2648f6b6b417: 181 groups; 3.2 s; peak memory 1224 MiB.
2026-10-08T08:12:45Z INFO [432/900] 6bff38e9-9ffa-4f06-9cd9-234a3f1d525a: 23 groups; 19.7 s; peak memory 1224 MiB.
2026-10-08T08:12:46Z INFO [433/900] 6c0084c2-e2b7-4e88-8631-ee17d76fcc70: 30 groups; 0.8 s; peak memory 1224 MiB.
2026-10-08T08:12:51Z INFO [434/900] 6c00c3a5-b495-4cfa-88c0-a56b180a743b: 66 groups; 5.0 s; peak memory 1224 MiB.
2026-10-08T08:12:53Z INFO [435/900] 6c00d7b1-7f08-475f-ba0d-40083f1286f7: 34 groups; 1.6 s; peak memory 1224 MiB.
2026-10-08T08:12:59Z INFO [436/900] 6c0130fb-5d67-437a-b027-fb4bc6086c72: 283 groups; 6.8 s; peak memory 1224 MiB.
2026-10-08T08:13:00Z INFO [437/900] 6c01a9e8-9927-42ec-8927-e641c88da307: 22 groups; 0.8 s; peak memory 1224 MiB.
2026-10-08T08:13:01Z INFO [438/900] 6c02a72f-6440-44b5-90cc-85bad6aae894: 22 groups; 0.9 s; peak memory 1224 MiB.
2026-10-08T08:13:02Z INFO [439/900] 6c02cd5c-7911-46e7-8641-25396a50edf5: 34 groups; 1.1 s; peak memory 1224 MiB.
2026-10-08T08:13:07Z INFO [440/900] 6c02f4e7-6a37-49a2-b25c-17c47f857b16: 156 groups; 4.8 s; peak memory 1224 MiB.
2026-10-08T08:13:19Z INFO [441/900] 6c032261-6cef-4ce0-a2b8-1a3662535718: 112 groups; 12.0 s; peak memory 1224 MiB.
2026-10-08T08:13:20Z INFO [442/900] 6c0394d9-072b-4f2e-9b89-3ff502aeebf5: 22 groups; 0.9 s; peak memory 1224 MiB.
2026-10-08T08:13:20Z INFO [443/900] 6c03c6fe-9c7a-4a3b-8d2f-46edf8239387: 31 groups; 0.6 s; peak memory 1224 MiB.
2026-10-08T08:13:23Z INFO [444/900] 6c043ee1-13ff-4f7a-8fa0-d77ab9520695: 107 groups; 2.9 s; peak memory 1224 MiB.
2026-10-08T08:13:25Z INFO [445/900] 6c06d8d7-ba63-4e62-a333-51e1c4d879d0: 207 groups; 1.8 s; peak memory 1224 MiB.
2026-10-08T08:13:26Z INFO [446/900] 6c0b0d22-d302-4aa2-a818-f27f12e2b0b5: 22 groups; 0.8 s; peak memory 1224 MiB.
2026-10-08T08:13:27Z INFO [447/900] 6c0b2de9-b30b-4101-b070-a990e94f1b8f: 30 groups; 0.6 s; peak memory 1224 MiB.
2026-10-08T08:13:28Z INFO [448/900] 6c0b4ac9-1dde-47c8-9b54-dbb033f474ff: 49 groups; 1.0 s; peak memory 1224 MiB.
2026-10-08T08:13:28Z INFO [449/900] 6c0b4d68-4dae-48bc-ad13-77934c0a36ad: 253 groups; 0.8 s; peak memory 1224 MiB.
2026-10-08T08:13:29Z INFO [450/900] 6c0b5216-6c00-4e45-a062-8d9e7da3b7fb: 16 groups; 0.5 s; peak memory 1224 MiB.
2026-10-08T08:13:29Z INFO [450/900] 6c0b5216-6c00-4e45-a062-8d9e7da3b7fb: checkpointed 98986 records.
2026-10-08T08:13:30Z INFO [451/900] 6c0b61f2-0143-425e-ac22-2dac2428e929: 28 groups; 0.7 s; peak memory 1224 MiB.
2026-10-08T08:13:30Z INFO [452/900] 6c0c7d05-f067-42d1-9bd9-d2b9197f6ff5: 22 groups; 0.7 s; peak memory 1224 MiB.
2026-10-08T08:13:35Z INFO [453/900] 6c0c8528-1eb8-465e-942c-e4f46fe7def7: 181 groups; 4.3 s; peak memory 1224 MiB.
2026-10-08T08:13:36Z INFO [454/900] 6c0e09d4-5b00-4803-a143-e01a3dc5d530: 32 groups; 0.9 s; peak memory 1224 MiB.
2026-10-08T08:13:36Z INFO [455/900] 6c0eba01-6471-4c4b-a256-0be48d8e7d3b: 17 groups; 0.7 s; peak memory 1224 MiB.
2026-10-08T08:13:37Z INFO [456/900] 6c0ed951-9b98-476e-9e7a-23dadb297870: 22 groups; 0.7 s; peak memory 1224 MiB.
2026-10-08T08:13:38Z INFO [457/900] 6c0f3901-01c8-4314-82eb-d4de3f753688: 32 groups; 0.9 s; peak memory 1224 MiB.
2026-10-08T08:13:39Z INFO [458/900] 6c0f4e64-d978-4141-8656-d3b132eb9d2c: 34 groups; 1.0 s; peak memory 1224 MiB.
2026-10-08T08:13:40Z INFO [459/900] 6c0f81fe-e785-468a-b84b-6ad1c893851e: 22 groups; 0.7 s; peak memory 1224 MiB.
2026-10-08T08:13:40Z INFO [460/900] 6c0fef0b-c9a1-4f2c-93b3-6f7d4262fe9b: 22 groups; 0.7 s; peak memory 1224 MiB.
2026-10-08T08:13:45Z INFO [461/900] 6c10bdff-992f-44d7-abbc-5378a1f33f2b: 181 groups; 4.4 s; peak memory 1224 MiB.
2026-10-08T08:13:46Z INFO [462/900] 6c10ec29-339a-4966-b02e-682864c95e12: 107 groups; 0.9 s; peak memory 1224 MiB.
2026-10-08T08:13:46Z INFO [463/900] 6c113b16-061b-4b1e-a114-f18144cca839: 22 groups; 0.8 s; peak memory 1224 MiB.
2026-10-08T08:13:47Z INFO [464/900] 6c11a5ed-d0c7-4ff4-b99a-9ba9644ed85c: 30 groups; 0.7 s; peak memory 1224 MiB.
2026-10-08T08:13:48Z INFO [465/900] 6c121d9c-416c-4add-bf81-c012a6192407: 24 groups; 0.9 s; peak memory 1224 MiB.
2026-10-08T08:13:49Z INFO [466/900] 6c130112-0625-498d-807a-992c1f857c5e: 32 groups; 0.6 s; peak memory 1224 MiB.
2026-10-08T08:13:50Z INFO [467/900] 6c13afbd-3055-42bd-a984-89c7d5521570: 194 groups; 1.1 s; peak memory 1224 MiB.
2026-10-08T08:15:50Z INFO [468/900] 6c13fe28-3510-4fe3-a9dc-b41e7d2812b5: 65 groups; 120.4 s; peak memory 1224 MiB.
2026-10-08T08:15:51Z INFO [469/900] 6c140b74-8521-4a65-b91f-73be0cdcb135: 22 groups; 0.8 s; peak memory 1224 MiB.
2026-10-08T08:15:52Z INFO [470/900] 6c1413c4-418b-423a-9625-6b59f9c81845: 22 groups; 0.9 s; peak memory 1224 MiB.
2026-10-08T08:16:05Z INFO [471/900] 6c1425c4-0d47-41a2-be7f-8f9824d3f31c: 1256 groups; 13.2 s; peak memory 1224 MiB.
2026-10-08T08:16:06Z INFO [472/900] 6c144627-4bc8-4190-91e8-6fab97b364ff: 22 groups; 0.8 s; peak memory 1224 MiB.
2026-10-08T08:16:07Z INFO [473/900] 6c14776e-a21a-4924-804b-df8dba1564e4: 35 groups; 1.0 s; peak memory 1224 MiB.
2026-10-08T08:16:08Z INFO [474/900] 6c14b597-b940-4823-b3f4-a1e5d76bb7d1: 17 groups; 0.8 s; peak memory 1224 MiB.
2026-10-08T08:16:14Z INFO [475/900] 6c153ee3-867a-40f1-97c7-2d8e9594995a: 66 groups; 6.0 s; peak memory 1224 MiB.
2026-10-08T08:16:15Z INFO [476/900] 6c15894b-3d17-4e21-b36e-388f4f8bbbaf: 32 groups; 1.0 s; peak memory 1224 MiB.
2026-10-08T08:16:15Z INFO [477/900] 6c15dccd-3073-48c7-8489-acc7114ac8fc: 22 groups; 0.9 s; peak memory 1224 MiB.
2026-10-08T08:20:24Z INFO [478/900] 6c173ffa-79c9-4768-b977-aed0d6f515d4: 387 groups; 248.1 s; peak memory 1232 MiB.
2026-10-08T08:20:26Z INFO [479/900] 6c1928ae-cc0d-4e92-a3a8-9313fb68b13f: 114 groups; 2.5 s; peak memory 1232 MiB.
2026-10-08T08:20:27Z INFO [480/900] 6c19295e-c580-4004-ba37-7a85b2b4a8a8: 30 groups; 0.6 s; peak memory 1232 MiB.
2026-10-08T08:20:28Z INFO [481/900] 6c195317-d55a-4888-a64d-08a345757b7b: 32 groups; 0.9 s; peak memory 1232 MiB.
2026-10-08T08:20:28Z INFO [482/900] 6c196b39-59b1-4c2b-bdf7-995bf9128221: 22 groups; 0.7 s; peak memory 1232 MiB.
2026-10-08T08:20:29Z INFO [483/900] 6c1a14a8-6e44-4ac0-8faa-4d112710fae7: 28 groups; 1.0 s; peak memory 1232 MiB.
2026-10-08T08:20:30Z INFO [484/900] 6c1a285f-36cb-4bfa-baa4-c243e7eda415: 35 groups; 1.0 s; peak memory 1232 MiB.
2026-10-08T08:20:32Z INFO [485/900] 6c1abd58-8965-4f42-927f-f1c804a5d162: 48 groups; 1.5 s; peak memory 1232 MiB.
2026-10-08T08:20:33Z INFO [486/900] 6c1c5ad6-9e07-4d77-9ee1-037ffa2c002c: 33 groups; 1.0 s; peak memory 1232 MiB.
2026-10-08T08:20:34Z INFO [487/900] 6c1c6fe3-c1c9-42d2-a15e-44b771ad10c0: 22 groups; 0.8 s; peak memory 1232 MiB.
2026-10-08T08:20:34Z INFO [488/900] 6c1c8f32-2312-4662-be78-ff5671942e0a: 25 groups; 0.8 s; peak memory 1232 MiB.
2026-10-08T08:20:39Z INFO [489/900] 6c1db4e9-3eb3-4002-a308-427cfe49bf97: 47 groups; 4.4 s; peak memory 1232 MiB.
2026-10-08T08:20:40Z INFO [490/900] 6c1dd9e7-e62f-44cd-a954-9a7168ab26df: 35 groups; 1.0 s; peak memory 1232 MiB.
2026-10-08T08:20:41Z INFO [491/900] 6c1e570b-5db6-46a2-850c-341fec71efe0: 22 groups; 0.8 s; peak memory 1232 MiB.
2026-10-08T08:20:42Z INFO [492/900] 6c1ec14c-94ca-40f7-8584-d3f75f3653d7: 32 groups; 1.2 s; peak memory 1232 MiB.
2026-10-08T08:20:44Z INFO [493/900] 6c1f6698-00c1-4d9f-a7b2-a434a21321f3: 48 groups; 1.9 s; peak memory 1232 MiB.
2026-10-08T08:20:56Z INFO [494/900] 6c1f94d4-7eaf-41b2-a801-9fc924a1cc9b: 89 groups; 12.3 s; peak memory 1232 MiB.
2026-10-08T08:20:57Z INFO [495/900] 6c1fee2d-bdf1-45a6-ac8a-ccecdce6cf1d: 32 groups; 0.8 s; peak memory 1232 MiB.
2026-10-08T08:20:57Z INFO [496/900] 6c1ff262-1181-4606-a62f-ec8081f6e2ac: 33 groups; 0.8 s; peak memory 1232 MiB.
2026-10-08T08:20:58Z INFO [497/900] 6c209c4c-d934-431f-8eeb-dc0cb44216d9: 33 groups; 0.8 s; peak memory 1232 MiB.
2026-10-08T08:21:02Z INFO [498/900] 6c218c80-e32b-4c7e-b474-a39d0d5b542b: 75 groups; 3.9 s; peak memory 1232 MiB.
2026-10-08T08:21:05Z INFO [499/900] 6c21a70b-9cf8-403b-8994-6bc415a7cb38: 120 groups; 2.7 s; peak memory 1232 MiB.
2026-10-08T08:21:06Z INFO [500/900] 6c21b9dd-c39e-426d-a151-abaf8d546ea4: 43 groups; 0.9 s; peak memory 1232 MiB.
2026-10-08T08:21:06Z INFO [500/900] 6c21b9dd-c39e-426d-a151-abaf8d546ea4: checkpointed 99036 records.
2026-10-08T08:21:07Z INFO [501/900] 6c2216a0-0470-43ac-bc5a-343fdd02ff6d: 203 groups; 1.2 s; peak memory 1232 MiB.
2026-10-08T08:22:20Z INFO [502/900] 6c2335e2-5ffd-48f6-b5c3-af3849b2591b: 6444 groups; 72.5 s; peak memory 1232 MiB.
2026-10-08T08:22:21Z INFO [503/900] 6c23e641-34b3-461b-8b1f-2dce1a7511d0: 25 groups; 0.8 s; peak memory 1232 MiB.
2026-10-08T08:22:22Z INFO [504/900] 6c244c7e-3e6f-47cb-b3be-1fed99be9112: 54 groups; 1.9 s; peak memory 1232 MiB.
2026-10-08T08:26:09Z INFO [505/900] 6c244f03-a9d9-4b70-875c-870c21f530b4: 72 groups; 226.8 s; peak memory 1232 MiB.
2026-10-08T08:26:10Z INFO [506/900] 6c245239-5476-4743-aada-53e25023b548: 196 groups; 0.9 s; peak memory 1232 MiB.
2026-10-08T08:26:12Z INFO [507/900] 6c2457cf-6ebe-4849-8941-25b258848761: 61 groups; 1.9 s; peak memory 1232 MiB.
2026-10-08T08:26:13Z INFO [508/900] 6c2490f9-410c-4057-acc2-7c3566562246: 32 groups; 0.8 s; peak memory 1232 MiB.
2026-10-08T08:26:14Z INFO [509/900] 6c253b58-530f-443c-9f3e-87e2669c4066: 35 groups; 1.0 s; peak memory 1232 MiB.
2026-10-08T08:26:15Z INFO [510/900] 6c2545b0-3d85-4d5c-9e32-8e5333e36b9f: 32 groups; 0.9 s; peak memory 1232 MiB.
2026-10-08T08:26:16Z INFO [511/900] 6c25690c-0947-4751-bbc3-29a1b7d15f22: 22 groups; 0.8 s; peak memory 1232 MiB.
2026-10-08T08:26:29Z INFO [512/900] 6c25d390-a3bb-431a-b641-0452510bd132: 225 groups; 13.1 s; peak memory 1232 MiB.
2026-10-08T08:26:31Z INFO [513/900] 6c261c15-dc5d-4b8f-98dc-b4e3ce3825bd: 54 groups; 2.4 s; peak memory 1232 MiB.
2026-10-08T08:26:34Z INFO [514/900] 6c268d5c-cd1c-4a90-88af-bce290a928d6: 181 groups; 3.1 s; peak memory 1232 MiB.
2026-10-08T08:26:35Z INFO [515/900] 6c274a98-f51f-4a41-85ae-e9a1c13b8cf7: 18 groups; 0.6 s; peak memory 1232 MiB.
2026-10-08T08:26:36Z INFO [516/900] 6c281b27-7f82-4388-965f-54d71eea3c02: 22 groups; 0.8 s; peak memory 1232 MiB.
2026-10-08T08:26:37Z INFO [517/900] 6c28ca2d-7ad7-4a8d-8248-3af50a5ee8b7: 32 groups; 1.0 s; peak memory 1232 MiB.
2026-10-08T08:26:41Z INFO [518/900] 6c2909ba-b15e-4c9d-ab5d-30155c56ed78: 85 groups; 4.5 s; peak memory 1232 MiB.
2026-10-08T08:26:42Z INFO [519/900] 6c29112a-3a90-40cf-a33a-1485825999ea: 22 groups; 0.8 s; peak memory 1232 MiB.
2026-10-08T08:26:43Z INFO [520/900] 6c29403f-7412-4103-8881-5a565197c979: 32 groups; 0.9 s; peak memory 1232 MiB.
2026-10-08T08:26:44Z INFO [521/900] 6c2bf42b-ea41-4362-b12f-1445c545ea7d: 22 groups; 0.8 s; peak memory 1232 MiB.
2026-10-08T08:26:49Z INFO [522/900] 6c2c9f9c-fc2a-4e71-9c1a-3917d8127594: 68 groups; 5.6 s; peak memory 1232 MiB.
2026-10-08T08:26:53Z INFO [523/900] 6c2d21a5-1bfc-4c9c-8149-217cc61374d6: 67 groups; 4.2 s; peak memory 1232 MiB.
2026-10-08T08:26:55Z INFO [524/900] 6c2d9ffa-4a6a-429a-846e-10856c32549e: 48 groups; 1.8 s; peak memory 1232 MiB.
2026-10-08T08:26:56Z INFO [525/900] 6c2e1cda-5136-40f9-b7c5-f902b6d05709: 32 groups; 0.8 s; peak memory 1232 MiB.
2026-10-08T08:27:00Z INFO [526/900] 6c2e8d7f-8e4a-4d09-8d76-8680daaefd68: 24 groups; 4.3 s; peak memory 1232 MiB.
2026-10-08T08:27:01Z INFO [527/900] 6c2ef304-6dc8-424f-8ec8-15a9c752aa34: 16 groups; 0.6 s; peak memory 1232 MiB.
2026-10-08T08:27:02Z INFO [528/900] 6c2f1dee-03e1-4f19-8f8e-338ffd6e1950: 22 groups; 0.8 s; peak memory 1232 MiB.
2026-10-08T08:34:59Z INFO [529/900] 6c2f8547-c2b2-406e-a9ed-6f30de8fb9e5: 39 groups; 477.7 s; peak memory 1232 MiB.
2026-10-08T08:35:01Z INFO [530/900] 6c2f8793-2922-464e-a218-00011a62f5dc: 206 groups; 1.9 s; peak memory 1232 MiB.
2026-10-08T08:35:02Z INFO [531/900] 6c2fa7a1-18f1-4a2d-b844-5386271273dd: 22 groups; 0.9 s; peak memory 1232 MiB.
2026-10-08T08:38:46Z INFO [532/900] 6c2fafe7-cc57-4d57-872f-63894d830e46: 75 groups; 223.6 s; peak memory 1232 MiB.
2026-10-08T08:38:47Z INFO [533/900] 6c3095fa-44cb-4ba3-9e69-2b6000662a32: 32 groups; 0.8 s; peak memory 1232 MiB.
2026-10-08T08:38:47Z INFO [534/900] 6c310162-6d67-4f65-bfa4-c28b9a1cb576: 22 groups; 0.7 s; peak memory 1232 MiB.
2026-10-08T08:38:49Z INFO [535/900] 6c3144c3-b0ce-48e0-aad6-17b3d9ed47fb: 27 groups; 1.5 s; peak memory 1232 MiB.
2026-10-08T08:39:42Z INFO [536/900] 6c31763e-fc07-43f8-ba87-ebd4ac738f7b: 1791 groups; 53.6 s; peak memory 1232 MiB.
2026-10-08T08:39:46Z INFO [537/900] 6c31cd0d-e731-43a8-9f25-18b013b395a6: 78 groups; 3.7 s; peak memory 1232 MiB.
2026-10-08T08:39:56Z INFO [538/900] 6c32cc47-c6f5-4792-986d-ded49d2692e4: 326 groups; 10.0 s; peak memory 1232 MiB.
2026-10-08T08:39:57Z INFO [539/900] 6c32d9d5-270b-4c25-a1c8-b667d6a9b401: 256 groups; 1.1 s; peak memory 1232 MiB.
2026-10-08T08:40:01Z INFO [540/900] 6c32e1a0-6980-4fcf-8c9f-6c3ad6098ca6: 22 groups; 3.9 s; peak memory 1232 MiB.
2026-10-08T08:40:02Z INFO [541/900] 6c332644-29a9-4c03-8bf2-29b1870258cb: 16 groups; 0.6 s; peak memory 1232 MiB.
2026-10-08T08:40:03Z INFO [542/900] 6c33c765-22ed-4cb5-9acf-b7e11d49c00f: 36 groups; 1.2 s; peak memory 1232 MiB.
2026-10-08T08:40:04Z INFO [543/900] 6c33df59-2233-4d68-ad71-ce06122d6061: 28 groups; 0.9 s; peak memory 1232 MiB.
2026-10-08T08:40:05Z INFO [544/900] 6c340746-2a3f-49d4-a7e9-83b3f6ec61b4: 22 groups; 0.9 s; peak memory 1232 MiB.
2026-10-08T08:40:06Z INFO [545/900] 6c342996-a8e3-46f7-8937-aba2705ddec4: 25 groups; 1.0 s; peak memory 1232 MiB.
2026-10-08T08:40:07Z INFO [546/900] 6c342e05-9bcc-4d05-bd06-6d542b21a611: 42 groups; 0.9 s; peak memory 1232 MiB.
2026-10-08T08:40:07Z INFO [547/900] 6c351369-7940-49ba-8a34-e2dcf5b99da8: 16 groups; 0.5 s; peak memory 1232 MiB.
2026-10-08T08:40:11Z INFO [548/900] 6c352085-67ef-4eb9-b2ad-adef3824d1af: 181 groups; 3.9 s; peak memory 1232 MiB.
2026-10-08T08:40:12Z INFO [549/900] 6c355d9f-1f06-4087-844b-e0bd5404ee8d: 32 groups; 0.8 s; peak memory 1232 MiB.
2026-10-08T08:40:14Z INFO [550/900] 6c373fb5-bab8-4d04-bf2e-d1a8ce069561: 341 groups; 1.8 s; peak memory 1232 MiB.
2026-10-08T08:40:14Z INFO [550/900] 6c373fb5-bab8-4d04-bf2e-d1a8ce069561: checkpointed 99086 records.
2026-10-08T08:40:20Z INFO [551/900] 6c376c71-4f6f-471c-aaca-49011e5ce1e8: 50 groups; 6.3 s; peak memory 1232 MiB.
2026-10-08T08:40:21Z INFO [552/900] 6c37b24e-0a4f-45a1-92e3-0c7de48da5bb: 201 groups; 1.1 s; peak memory 1232 MiB.
2026-10-08T08:40:25Z INFO [553/900] 6c386ada-825e-4118-9c03-c47380c07022: 128 groups; 4.0 s; peak memory 1232 MiB.
2026-10-08T08:40:26Z INFO [554/900] 6c3a11f8-5042-4e1c-a2d1-5fb1e3db7728: 30 groups; 0.6 s; peak memory 1232 MiB.
2026-10-08T08:40:33Z INFO [555/900] 6c3a1849-e3ee-46cb-a605-d5060b17a72b: 189 groups; 7.5 s; peak memory 1232 MiB.
2026-10-08T08:40:34Z INFO [556/900] 6c3aff41-5680-4ebd-9e94-2956d4c02f7b: 32 groups; 0.7 s; peak memory 1232 MiB.
2026-10-08T08:40:36Z INFO [557/900] 6c3b6cba-8eab-435e-a195-5c332a19ccc0: 50 groups; 2.0 s; peak memory 1232 MiB.
2026-10-08T08:40:37Z INFO [558/900] 6c3b9e69-ea6c-44a4-8581-35e2cdad97ad: 32 groups; 0.9 s; peak memory 1232 MiB.
2026-10-08T08:40:38Z INFO [559/900] 6c3c606d-7b43-46ed-be9a-b831df6e9dd8: 35 groups; 1.1 s; peak memory 1232 MiB.
2026-10-08T08:40:39Z INFO [560/900] 6c3e175b-1b18-4a2d-ae97-9c788a8cbe8b: 341 groups; 1.1 s; peak memory 1232 MiB.
2026-10-08T08:40:40Z INFO [561/900] 6c3e2d01-ff7e-4bf1-99af-7f66a228bc07: 103 groups; 1.0 s; peak memory 1232 MiB.
2026-10-08T08:40:44Z INFO [562/900] 6c3e4384-0d9e-4de5-984d-c9cff5a12664: 78 groups; 4.0 s; peak memory 1232 MiB.
2026-10-08T08:40:45Z INFO [563/900] 6c3e4537-003e-474b-bcaa-7df18ff32b8f: 16 groups; 0.5 s; peak memory 1232 MiB.
2026-10-08T08:40:46Z INFO [564/900] 6c3ec8de-d7c0-4623-b62f-601fe146fc86: 341 groups; 1.2 s; peak memory 1232 MiB.
2026-10-08T08:40:47Z INFO [565/900] 6c3ed090-cad4-42f5-b388-542c22bcdd00: 22 groups; 0.7 s; peak memory 1232 MiB.
2026-10-08T08:40:51Z INFO [566/900] 6c3ed96c-f447-43a0-b0c3-f6784d6c6774: 181 groups; 4.2 s; peak memory 1232 MiB.
2026-10-08T08:40:51Z INFO [567/900] 6c3f9dbc-dd7e-445f-adea-156272488733: 22 groups; 0.6 s; peak memory 1232 MiB.
2026-10-08T08:40:52Z INFO [568/900] 6c3fd227-6a58-4901-83f3-7cf4dbee592c: 33 groups; 0.9 s; peak memory 1232 MiB.
2026-10-08T08:40:53Z INFO [569/900] 6c40874e-1bbf-490d-94e7-32a2b8605928: 22 groups; 0.8 s; peak memory 1232 MiB.
2026-10-08T08:40:54Z INFO [570/900] 6c409603-606f-4d43-ab5b-0c504fcdf045: 336 groups; 0.9 s; peak memory 1232 MiB.
2026-10-08T08:40:55Z INFO [571/900] 6c40b047-e900-4bea-b74e-e671f373cd39: 32 groups; 1.0 s; peak memory 1232 MiB.
2026-10-08T08:40:56Z INFO [572/900] 6c40c783-f206-47e8-b1a9-251ba79ed8a9: 31 groups; 1.2 s; peak memory 1232 MiB.
2026-10-08T08:40:58Z INFO [573/900] 6c4219e8-2b3a-4c4e-bd40-c1a4ba92eeb3: 44 groups; 1.9 s; peak memory 1232 MiB.
2026-10-08T08:40:59Z INFO [574/900] 6c424dba-ccb2-422d-8339-660ccd6538aa: 32 groups; 0.8 s; peak memory 1232 MiB.
2026-10-08T08:41:00Z INFO [575/900] 6c42d0e0-d3ef-4462-8d56-34ed566bd9b6: 32 groups; 0.9 s; peak memory 1232 MiB.
2026-10-08T08:41:01Z INFO [576/900] 6c433fac-dae6-4fa0-a9c7-0532730295ec: 32 groups; 0.8 s; peak memory 1232 MiB.
2026-10-08T08:41:01Z INFO [577/900] 6c441b64-dfd4-4e55-ba38-ee9ad58fe980: 16 groups; 0.5 s; peak memory 1232 MiB.
2026-10-08T08:41:02Z INFO [578/900] 6c44235f-9274-44b5-be1d-1772c5181302: 22 groups; 0.8 s; peak memory 1232 MiB.
2026-10-08T08:41:03Z INFO [579/900] 6c448aae-2a50-4abd-9e00-2470cf96938f: 22 groups; 0.8 s; peak memory 1232 MiB.
2026-10-08T08:41:03Z INFO [580/900] 6c450ab2-e023-4fd6-b562-070220af6263: 21 groups; 0.8 s; peak memory 1232 MiB.
2026-10-08T08:41:04Z INFO [581/900] 6c45d0e9-5d02-4372-be4b-99802f671a37: 32 groups; 0.9 s; peak memory 1232 MiB.
2026-10-08T08:41:05Z INFO [582/900] 6c45e167-e644-40fe-83f2-1cef45562711: 32 groups; 0.9 s; peak memory 1232 MiB.
2026-10-08T08:41:07Z INFO [583/900] 6c461cea-ffd5-4e82-9ff0-89a0715abc9f: 17 groups; 1.5 s; peak memory 1232 MiB.
2026-10-08T08:41:08Z INFO [584/900] 6c4712bc-a9f7-4ff3-9529-3f7678bc3ab5: 37 groups; 1.6 s; peak memory 1232 MiB.
2026-10-08T08:41:09Z INFO [585/900] 6c47cf8b-60b6-4207-a166-2b0930f9338d: 22 groups; 0.8 s; peak memory 1232 MiB.
2026-10-08T08:41:18Z INFO [586/900] 6c47cfaa-68f5-4ae4-85b6-af73b1a1eea9: 235 groups; 8.6 s; peak memory 1232 MiB.
2026-10-08T08:43:15Z INFO [587/900] 6c47ecb6-e16f-4a0f-b595-875b7fdc2b3e: 60 groups; 117.4 s; peak memory 1232 MiB.
2026-10-08T08:43:16Z INFO [588/900] 6c495b5e-36fd-4e9d-9b82-48a97c56cad9: 28 groups; 0.6 s; peak memory 1232 MiB.
2026-10-08T08:43:17Z INFO [589/900] 6c49cd9f-8ef9-44d8-a937-883d79c78d37: 199 groups; 1.1 s; peak memory 1232 MiB.
2026-10-08T08:43:37Z INFO [590/900] 6c49d4f4-b027-4800-99e2-1db73053fe3b: 23 groups; 20.3 s; peak memory 1232 MiB.
2026-10-08T08:43:38Z INFO [591/900] 6c4a60b1-99b4-4181-975c-f9fb53777f7e: 35 groups; 1.0 s; peak memory 1232 MiB.
2026-10-08T08:43:44Z INFO [592/900] 6c4b5cd1-d2b4-4628-ad4c-b61f1898ab45: 56 groups; 6.1 s; peak memory 1232 MiB.
2026-10-08T08:43:45Z INFO [593/900] 6c4b8570-be71-470e-b2b7-770ebfceb440: 21 groups; 1.0 s; peak memory 1232 MiB.
2026-10-08T08:43:46Z INFO [594/900] 6c4b97a9-40e1-42e1-87e1-3f5c4497941b: 32 groups; 0.9 s; peak memory 1232 MiB.
2026-10-08T08:43:47Z INFO [595/900] 6c4cf650-94c5-4230-9d36-0b0516f5bb67: 22 groups; 0.9 s; peak memory 1232 MiB.
2026-10-08T08:43:48Z INFO [596/900] 6c4d1996-a484-415e-8553-7be2e056431b: 26 groups; 1.0 s; peak memory 1232 MiB.
2026-10-08T08:43:53Z INFO [597/900] 6c4d78df-7fa7-4b71-9de4-65b9a7842288: 163 groups; 4.7 s; peak memory 1232 MiB.
2026-10-08T08:43:54Z INFO [598/900] 6c4d88e7-4f8a-48db-8d71-1e518c34cbb9: 254 groups; 0.9 s; peak memory 1232 MiB.
2026-10-08T08:43:55Z INFO [599/900] 6c4e14c2-828a-4d7e-adc5-8c0ac5ecc125: 22 groups; 1.0 s; peak memory 1232 MiB.
2026-10-08T08:43:58Z INFO [600/900] 6c4e7cf8-19f0-4f1b-aadd-4d2b8c068aec: 71 groups; 3.4 s; peak memory 1232 MiB.
2026-10-08T08:43:58Z INFO [600/900] 6c4e7cf8-19f0-4f1b-aadd-4d2b8c068aec: checkpointed 99136 records.
2026-10-08T08:43:59Z INFO [601/900] 6c508ad6-2e13-4062-a586-d1f65d7e0493: 30 groups; 0.7 s; peak memory 1232 MiB.
2026-10-08T08:44:00Z INFO [602/900] 6c51fc93-850a-4a00-bd33-4b3e9876f732: 32 groups; 0.9 s; peak memory 1232 MiB.
2026-10-08T08:44:01Z INFO [603/900] 6c520348-a451-4160-8b9a-88b88477ad1b: 71 groups; 0.9 s; peak memory 1232 MiB.
2026-10-08T08:44:01Z INFO [604/900] 6c5382b8-4b95-479f-b83d-857de2ca9ce8: 22 groups; 0.7 s; peak memory 1232 MiB.
2026-10-08T08:44:02Z INFO [605/900] 6c53cdf4-4efc-45ae-be70-f7176aef9067: 22 groups; 0.8 s; peak memory 1232 MiB.
2026-10-08T08:44:09Z INFO [606/900] 6c53d968-b5e3-4f93-bd52-231a73bd71e9: 29 groups; 6.4 s; peak memory 1232 MiB.
2026-10-08T08:44:10Z INFO [607/900] 6c53ddf4-ff24-4a8e-83fb-e24b2ef9b8d5: 22 groups; 0.9 s; peak memory 1232 MiB.
2026-10-08T08:44:14Z INFO [608/900] 6c550193-03c7-456e-830d-deaa224956c3: 85 groups; 4.6 s; peak memory 1232 MiB.
2026-10-08T08:44:19Z INFO [609/900] 6c5572c3-102b-41e5-8a78-a6e673dd8bd3: 17 groups; 5.2 s; peak memory 1232 MiB.
2026-10-08T08:44:20Z INFO [610/900] 6c55bdc3-7040-43ae-8c34-0a7776b0522b: 28 groups; 0.7 s; peak memory 1232 MiB.
2026-10-08T08:44:21Z INFO [611/900] 6c563e90-dd08-4a96-8460-a0d5e676abb4: 35 groups; 1.3 s; peak memory 1232 MiB.
2026-10-08T08:44:33Z INFO [612/900] 6c576649-b057-4e4d-9fb0-2de85f07bc9e: 423 groups; 12.1 s; peak memory 1232 MiB.
2026-10-08T08:44:35Z INFO [613/900] 6c57bb25-f2fb-4647-9978-33291e2e4e9d: 32 groups; 1.3 s; peak memory 1232 MiB.
2026-10-08T08:44:42Z INFO [614/900] 6c5893ea-f492-4f43-b8f9-ba4eaab7bbee: 81 groups; 7.3 s; peak memory 1232 MiB.
2026-10-08T08:44:43Z INFO [615/900] 6c58e65e-520d-4e96-85e8-5cbb654b7550: 42 groups; 0.9 s; peak memory 1232 MiB.
2026-10-08T08:44:44Z INFO [616/900] 6c5a7cdb-cf8c-4053-b2b9-71d1f35716bd: 35 groups; 0.9 s; peak memory 1232 MiB.
2026-10-08T08:44:46Z INFO [617/900] 6c5b9646-64c7-4a16-b8a4-e29fd4c033e2: 48 groups; 2.2 s; peak memory 1232 MiB.
2026-10-08T08:44:47Z INFO [618/900] 6c5cc044-ae9a-42cf-9076-5bb6cd0cb269: 16 groups; 0.7 s; peak memory 1232 MiB.
2026-10-08T08:44:47Z INFO [619/900] 6c5d3f1f-40f0-46c9-a05b-119536c3546b: 25 groups; 0.7 s; peak memory 1232 MiB.
2026-10-08T08:44:48Z INFO [620/900] 6c5daa07-f0a3-497d-81ca-56be1afdcab8: 22 groups; 0.7 s; peak memory 1232 MiB.
2026-10-08T08:44:49Z INFO [621/900] 6c5dea8d-0d24-4dd4-9d7c-827d6ae56d4d: 22 groups; 0.8 s; peak memory 1232 MiB.
2026-10-08T08:44:50Z INFO [622/900] 6c60e2b2-0bea-418c-a622-9711da4a9021: 99 groups; 0.9 s; peak memory 1232 MiB.
2026-10-08T08:44:51Z INFO [623/900] 6c61d302-13c7-40cc-9d69-4500636e3095: 32 groups; 0.9 s; peak memory 1232 MiB.
2026-10-08T08:44:53Z INFO [624/900] 6c624c8a-4800-4c47-ae3c-a7d741ec797e: 50 groups; 2.8 s; peak memory 1232 MiB.
2026-10-08T08:44:54Z INFO [625/900] 6c62566a-6b4a-4537-80f3-a9785e5ccdf8: 32 groups; 0.8 s; peak memory 1232 MiB.
2026-10-08T08:44:55Z INFO [626/900] 6c626f97-492a-4242-b560-0a3c3e1bb47a: 33 groups; 1.2 s; peak memory 1232 MiB.
2026-10-08T08:44:56Z INFO [627/900] 6c628223-77a6-4719-a030-de24acaea77e: 194 groups; 1.1 s; peak memory 1232 MiB.
2026-10-08T08:44:58Z INFO [628/900] 6c647d47-d2a1-4c4f-9cf5-470550118e6f: 194 groups; 1.1 s; peak memory 1232 MiB.
2026-10-08T08:44:59Z INFO [629/900] 6c65596d-7a3f-4642-b56c-180a6f30e9f8: 34 groups; 1.8 s; peak memory 1232 MiB.
2026-10-08T08:48:45Z INFO [630/900] 6c658106-d5d3-47f1-94ce-8c20bd2b68cf: 81 groups; 225.9 s; peak memory 1232 MiB.
2026-10-08T08:48:46Z INFO [631/900] 6c67619d-2e48-4171-8b16-f34c1f7ae547: 22 groups; 0.9 s; peak memory 1232 MiB.
2026-10-08T08:48:47Z INFO [632/900] 6c682132-d008-473e-b795-b961a4b825b2: 16 groups; 0.7 s; peak memory 1232 MiB.
2026-10-08T08:48:48Z INFO [633/900] 6c692d1c-27a7-4fad-909e-4fffdb0d1c9d: 68 groups; 0.9 s; peak memory 1232 MiB.
2026-10-08T08:48:50Z INFO [634/900] 6c6a2aa9-5326-456b-b4b6-2e665b9ed04b: 86 groups; 2.6 s; peak memory 1232 MiB.
2026-10-08T08:48:51Z INFO [635/900] 6c6a32b2-0e2e-45e8-ae76-40ea9c69ab2f: 24 groups; 0.7 s; peak memory 1232 MiB.
2026-10-08T08:48:52Z INFO [636/900] 6c6a8d45-2afa-41dd-83d2-a6ba2045d34c: 207 groups; 1.2 s; peak memory 1232 MiB.
2026-10-08T08:48:53Z INFO [637/900] 6c6cef5c-6631-4885-8668-6e2092a4a0ea: 22 groups; 0.8 s; peak memory 1232 MiB.
2026-10-08T08:48:54Z INFO [638/900] 6c6d2921-7b4e-4e52-8a37-659df3acd8da: 22 groups; 1.0 s; peak memory 1232 MiB.
2026-10-08T08:48:55Z INFO [639/900] 6c6db1a4-3c4e-4dc4-a38f-27667cd148d0: 67 groups; 1.0 s; peak memory 1232 MiB.
2026-10-08T08:49:06Z INFO [640/900] 6c6e94b0-2249-49b8-b660-4d086742805c: 210 groups; 10.4 s; peak memory 1232 MiB.
2026-10-08T08:49:07Z INFO [641/900] 6c6ec1e2-8398-447e-b032-641ce008608b: 27 groups; 1.1 s; peak memory 1232 MiB.
2026-10-08T08:49:07Z INFO [642/900] 6c6f38e2-90d5-4b4c-bac6-7b751acf4262: 22 groups; 0.8 s; peak memory 1232 MiB.
2026-10-08T08:49:09Z INFO [643/900] 6c6ff775-3615-4190-8f67-00cb4183d2cb: 33 groups; 1.2 s; peak memory 1232 MiB.
2026-10-08T08:49:12Z INFO [644/900] 6c70715e-0881-4301-b4a1-2654d6cc6403: 191 groups; 3.4 s; peak memory 1232 MiB.
2026-10-08T08:49:13Z INFO [645/900] 6c70d10d-2938-4e54-9c05-8ca19612f22b: 30 groups; 0.6 s; peak memory 1232 MiB.
2026-10-08T08:49:14Z INFO [646/900] 6c711398-206e-4c59-ae7d-304453b810a9: 32 groups; 0.9 s; peak memory 1232 MiB.
2026-10-08T08:49:15Z INFO [647/900] 6c716b84-6f71-44cd-85ac-163790be1f83: 35 groups; 1.0 s; peak memory 1232 MiB.
2026-10-08T08:49:17Z INFO [648/900] 6c718cbd-aea7-42ff-811d-cc232e702a3a: 58 groups; 2.6 s; peak memory 1232 MiB.
2026-10-08T08:49:18Z INFO [649/900] 6c719daf-a99c-4c06-9921-2c014579211f: 32 groups; 1.1 s; peak memory 1232 MiB.
2026-10-08T08:49:19Z INFO [650/900] 6c71f7d8-d4d5-442b-a911-ce67be9c7d79: 32 groups; 0.8 s; peak memory 1232 MiB.
2026-10-08T08:49:19Z INFO [650/900] 6c71f7d8-d4d5-442b-a911-ce67be9c7d79: checkpointed 99186 records.
2026-10-08T08:49:20Z INFO [651/900] 6c73360d-871c-4a9b-bf71-d61ba6f56290: 18 groups; 0.6 s; peak memory 1232 MiB.
2026-10-08T08:49:21Z INFO [652/900] 6c7353e3-b829-4f80-b637-adb49b589caf: 26 groups; 0.8 s; peak memory 1232 MiB.
2026-10-08T08:49:22Z INFO [653/900] 6c73570e-14f1-469f-8c1a-1fe7040adf3f: 32 groups; 1.0 s; peak memory 1232 MiB.
2026-10-08T08:49:25Z INFO [654/900] 6c73ce6e-b397-4dca-9b4c-339119cc7c47: 69 groups; 3.7 s; peak memory 1232 MiB.
2026-10-08T08:49:28Z INFO [655/900] 6c744de6-3a58-478a-9feb-6bb5eb7653c7: 53 groups; 2.7 s; peak memory 1232 MiB.
2026-10-08T08:49:29Z INFO [656/900] 6c74826a-111e-4610-a42a-dcec9cee4b40: 202 groups; 1.0 s; peak memory 1232 MiB.
2026-10-08T08:49:31Z INFO [657/900] 6c74a7c3-d24e-4fc4-bb5a-eae48c856794: 54 groups; 1.8 s; peak memory 1232 MiB.
2026-10-08T08:49:35Z INFO [658/900] 6c74fc95-c4df-4105-9f96-11d9bc17f30a: 78 groups; 4.0 s; peak memory 1232 MiB.
2026-10-08T08:49:37Z INFO [659/900] 6c75266b-593a-48b6-8dc2-acb290e14070: 50 groups; 2.3 s; peak memory 1232 MiB.
2026-10-08T08:49:38Z INFO [660/900] 6c755401-40b6-4892-9dd0-58b3f34c6fa0: 32 groups; 0.8 s; peak memory 1232 MiB.
2026-10-08T08:49:38Z INFO [661/900] 6c7581d6-19d8-4663-935a-f4e913aac98b: 17 groups; 0.6 s; peak memory 1232 MiB.
2026-10-08T08:49:39Z INFO [662/900] 6c75a0e6-d25c-4488-bcc8-ac03f0a5f7f9: 32 groups; 0.9 s; peak memory 1232 MiB.
2026-10-08T08:49:40Z INFO [663/900] 6c76382d-f4ca-4d36-a841-ef5a20e6bdd9: 17 groups; 0.6 s; peak memory 1232 MiB.
2026-10-08T08:49:42Z INFO [664/900] 6c764f9f-6f59-4456-8516-835e49beae5e: 35 groups; 1.8 s; peak memory 1232 MiB.
2026-10-08T08:49:45Z INFO [665/900] 6c782318-5b07-4328-94ef-3ae36857e04e: 125 groups; 3.0 s; peak memory 1232 MiB.
2026-10-08T08:49:46Z INFO [666/900] 6c792fb0-9020-45f5-a721-a05ea91a2211: 35 groups; 1.1 s; peak memory 1232 MiB.
2026-10-08T08:49:47Z INFO [667/900] 6c794cbd-a1a8-4413-b119-44e2fec8cd58: 199 groups; 1.2 s; peak memory 1232 MiB.
2026-10-08T08:49:48Z INFO [668/900] 6c79edca-3109-4fb8-ba60-77a5bc9ef3e3: 33 groups; 1.4 s; peak memory 1232 MiB.
2026-10-08T08:49:53Z INFO [669/900] 6c7a2158-14ae-4ca2-a0f4-3cdd0bd4ff98: 47 groups; 4.5 s; peak memory 1232 MiB.
2026-10-08T08:49:54Z INFO [670/900] 6c7ac000-5cf2-4ef0-9f07-d9cd8b25f3b8: 32 groups; 0.8 s; peak memory 1232 MiB.
2026-10-08T08:49:55Z INFO [671/900] 6c7b42c5-122d-4ef9-917f-8217729e72ff: 22 groups; 0.8 s; peak memory 1232 MiB.
2026-10-08T08:49:56Z INFO [672/900] 6c7b8503-3dff-4abf-b8ea-70fe6ad11a30: 37 groups; 1.4 s; peak memory 1232 MiB.
2026-10-08T08:50:01Z INFO [673/900] 6c7c7467-c6b3-4df4-af25-64fb64f79dfa: 85 groups; 4.6 s; peak memory 1232 MiB.
2026-10-08T08:50:01Z INFO [674/900] 6c7cedbe-36c0-4d1b-977d-c00a7f733516: 252 groups; 0.8 s; peak memory 1232 MiB.
2026-10-08T08:50:05Z INFO [675/900] 6c7cffce-e967-4444-a84f-048541c018a5: 181 groups; 4.0 s; peak memory 1232 MiB.
2026-10-08T08:50:06Z INFO [676/900] 6c7d16d2-3894-4005-af82-a849b865c5f2: 103 groups; 1.0 s; peak memory 1232 MiB.
2026-10-08T08:50:08Z INFO [677/900] 6c7d45d9-7a13-4ee7-8757-9efef2e0ffd0: 64 groups; 1.6 s; peak memory 1232 MiB.
2026-10-08T08:50:08Z INFO [678/900] 6c7e7467-b421-46bf-b11c-118cfaf414c4: 16 groups; 0.4 s; peak memory 1232 MiB.
2026-10-08T08:50:09Z INFO [679/900] 6c7e93bb-5eec-4f49-bde2-0a1c092e56ac: 29 groups; 0.7 s; peak memory 1232 MiB.
2026-10-08T08:50:10Z INFO [680/900] 6c7f276a-394d-4853-b306-f8b58b2fdeef: 22 groups; 0.9 s; peak memory 1232 MiB.
2026-10-08T08:50:10Z INFO [681/900] 6c7f6cb0-5dcd-471d-b227-34c0f75e550a: 16 groups; 0.5 s; peak memory 1232 MiB.
2026-10-08T08:50:11Z INFO [682/900] 6c807931-522b-4da4-9b62-c899e72bb400: 25 groups; 0.7 s; peak memory 1232 MiB.
2026-10-08T08:50:12Z INFO [683/900] 6c80ba9d-a103-4e48-a155-d425d972328c: 32 groups; 0.7 s; peak memory 1232 MiB.
2026-10-08T08:50:13Z INFO [684/900] 6c81d49c-a39f-438c-9d22-f8d284bf8fe7: 22 groups; 0.7 s; peak memory 1232 MiB.
2026-10-08T08:50:14Z INFO [685/900] 6c81d6e9-3449-4be6-91b0-d5ac07b6f818: 48 groups; 1.8 s; peak memory 1232 MiB.
2026-10-08T08:50:16Z INFO [686/900] 6c82afac-426c-4db1-bd41-72063af863c3: 47 groups; 1.8 s; peak memory 1232 MiB.
2026-10-08T08:50:19Z INFO [687/900] 6c839a00-ee2a-4d53-a71a-e9b112077550: 36 groups; 2.8 s; peak memory 1232 MiB.
2026-10-08T08:50:20Z INFO [688/900] 6c83bb73-40d3-4f18-b7e9-dbd9b82167ff: 31 groups; 0.7 s; peak memory 1232 MiB.
2026-10-08T08:50:21Z INFO [689/900] 6c852787-83f4-4fb2-9af0-7537fbfd0449: 22 groups; 0.8 s; peak memory 1232 MiB.
2026-10-08T08:50:21Z INFO [690/900] 6c852d81-bcd4-4c71-9f91-650b87767792: 32 groups; 0.9 s; peak memory 1232 MiB.
2026-10-08T08:50:25Z INFO [691/900] 6c85a61c-2bbe-4fef-84cf-555e75c704bb: 75 groups; 4.0 s; peak memory 1232 MiB.
2026-10-08T08:50:26Z INFO [692/900] 6c85c370-640b-4f96-be2e-a4664d3139dc: 22 groups; 0.7 s; peak memory 1232 MiB.
2026-10-08T08:50:27Z INFO [693/900] 6c8676d2-1114-4a3b-8051-161412c47f8a: 22 groups; 0.7 s; peak memory 1232 MiB.
2026-10-08T08:50:27Z INFO [694/900] 6c8693ec-79a9-4a1a-b63b-f9cbf39fec00: 22 groups; 0.6 s; peak memory 1232 MiB.
2026-10-08T08:50:29Z INFO [695/900] 6c869bf9-b618-4396-bbea-e3ba11ea56c6: 199 groups; 1.2 s; peak memory 1232 MiB.
2026-10-08T08:50:29Z INFO [696/900] 6c87a7af-fc89-4587-9935-7afc8d2837a1: 31 groups; 0.8 s; peak memory 1232 MiB.
2026-10-08T08:50:33Z INFO [697/900] 6c8826a6-1752-49a3-b457-d59b79346f28: 139 groups; 3.3 s; peak memory 1232 MiB.
2026-10-08T08:50:34Z INFO [698/900] 6c89af0c-fea5-483c-881a-f02af064a019: 49 groups; 1.2 s; peak memory 1232 MiB.
2026-10-08T08:50:35Z INFO [699/900] 6c8a8281-5292-497b-ba0a-57e73ebe4dec: 201 groups; 1.1 s; peak memory 1232 MiB.
2026-10-08T08:50:41Z INFO [700/900] 6c8ac2a6-8470-46c0-be37-f1b93caa28e1: 139 groups; 6.3 s; peak memory 1232 MiB.
2026-10-08T08:50:41Z INFO [700/900] 6c8ac2a6-8470-46c0-be37-f1b93caa28e1: checkpointed 99236 records.
2026-10-08T08:50:44Z INFO [701/900] 6c8ac8ac-5b9f-43d2-95ae-6c04ffd36c7a: 53 groups; 2.7 s; peak memory 1232 MiB.
2026-10-08T08:50:45Z INFO [702/900] 6c8c23a7-5822-4912-9b4c-8cd337a791a1: 22 groups; 0.7 s; peak memory 1232 MiB.
2026-10-08T08:50:45Z INFO [703/900] 6c8c4b05-0267-46c1-b540-8e021ab68d32: 16 groups; 0.5 s; peak memory 1232 MiB.
2026-10-08T08:50:47Z INFO [704/900] 6c8d168e-1eb7-4517-b400-409999719d4e: 200 groups; 1.6 s; peak memory 1232 MiB.
2026-10-08T08:50:50Z INFO [705/900] 6c8d4008-1923-43d5-846c-1414cc94e84a: 144 groups; 3.5 s; peak memory 1232 MiB.
2026-10-08T08:50:51Z INFO [706/900] 6c8dcbe9-8160-4c4a-9ef1-766a7b6b4286: 35 groups; 1.1 s; peak memory 1232 MiB.
2026-10-08T08:50:54Z INFO [707/900] 6c8dd716-de3b-4d73-8d5a-82aa40dabb44: 94 groups; 2.7 s; peak memory 1232 MiB.
2026-10-08T08:50:55Z INFO [708/900] 6c8ef482-add2-47aa-85aa-36d069bfe85a: 22 groups; 0.8 s; peak memory 1232 MiB.
2026-10-08T08:51:05Z INFO [709/900] 6c8f272f-8932-44a2-8889-defb3c6fd343: 223 groups; 10.0 s; peak memory 1232 MiB.
2026-10-08T08:51:06Z INFO [710/900] 6c90a27c-d01d-42f6-a5b3-01edb488bc1b: 22 groups; 1.0 s; peak memory 1232 MiB.
2026-10-08T08:51:07Z INFO [711/900] 6c90a5a4-b928-44ed-9979-8c24c7d9f3c4: 28 groups; 0.8 s; peak memory 1232 MiB.
2026-10-08T08:51:33Z INFO [712/900] 6c934e64-5133-4e4b-9513-93e46fd20c20: 418 groups; 26.4 s; peak memory 1232 MiB.
2026-10-08T08:51:34Z INFO [713/900] 6c93918e-5014-40b0-95b3-47be8678763f: 28 groups; 0.7 s; peak memory 1232 MiB.
2026-10-08T08:51:40Z INFO [714/900] 6c93ce2e-7afa-4d50-b742-6e2af2df2675: 76 groups; 6.2 s; peak memory 1232 MiB.
2026-10-08T08:51:41Z INFO [715/900] 6c93f6bb-a5ae-4ee7-a363-10f9c28a0c7d: 35 groups; 1.0 s; peak memory 1232 MiB.
2026-10-08T08:51:45Z INFO [716/900] 6c9556fc-0c11-4a16-a252-951646a412b4: 135 groups; 3.8 s; peak memory 1232 MiB.
2026-10-08T08:51:46Z INFO [717/900] 6c95b5ed-550a-4373-b13b-34d276de81d2: 48 groups; 1.8 s; peak memory 1232 MiB.
2026-10-08T08:51:47Z INFO [718/900] 6c95ed0f-bc70-486c-97e2-f9ac9f5f4d12: 22 groups; 0.8 s; peak memory 1232 MiB.
2026-10-08T08:51:48Z INFO [719/900] 6c97924a-82c9-45e9-ac62-253e2a23c218: 32 groups; 1.0 s; peak memory 1232 MiB.
2026-10-08T08:53:33Z INFO [720/900] 6c994c85-ec4d-4ab2-a12e-ddb61fc0ca53: 89 groups; 104.6 s; peak memory 1232 MiB.
2026-10-08T08:53:34Z INFO [721/900] 6c995192-5084-44b4-8eab-36713916efbc: 35 groups; 1.0 s; peak memory 1232 MiB.
2026-10-08T08:53:35Z INFO [722/900] 6c99b010-580f-4781-ad10-6e9a7694f272: 35 groups; 1.0 s; peak memory 1232 MiB.
2026-10-08T08:53:36Z INFO [723/900] 6c99ba63-af25-460d-8dc2-5860fbc867c5: 35 groups; 1.0 s; peak memory 1232 MiB.
2026-10-08T08:53:37Z INFO [724/900] 6c9a0f3d-52d6-4ec8-9412-893543e94448: 28 groups; 0.7 s; peak memory 1232 MiB.
2026-10-08T08:53:39Z INFO [725/900] 6c9a18dc-e678-4de1-a163-691afb02a0b4: 50 groups; 2.1 s; peak memory 1232 MiB.
2026-10-08T08:53:40Z INFO [726/900] 6c9b7ef6-ec72-4049-aad2-995e4cd304b9: 35 groups; 1.0 s; peak memory 1232 MiB.
2026-10-08T08:53:40Z INFO [727/900] 6c9b8000-8632-4f93-b740-b3e92a3a83b3: 16 groups; 0.6 s; peak memory 1232 MiB.
2026-10-08T08:53:41Z INFO [728/900] 6c9b982f-eff8-444f-955d-f6309f9729ab: 35 groups; 1.1 s; peak memory 1232 MiB.
2026-10-08T08:53:42Z INFO [729/900] 6c9c2fab-7137-4f18-b605-94588bd78548: 32 groups; 0.9 s; peak memory 1232 MiB.
2026-10-08T08:53:43Z INFO [730/900] 6c9ca6c5-8672-4d95-8c5e-7624d6063caa: 32 groups; 0.9 s; peak memory 1232 MiB.
2026-10-08T08:53:44Z INFO [731/900] 6c9da112-8c0c-4766-b2e8-407183321c05: 32 groups; 0.8 s; peak memory 1232 MiB.
2026-10-08T08:53:45Z INFO [732/900] 6c9e1561-f557-45e0-b630-517f6587c9a8: 201 groups; 1.0 s; peak memory 1232 MiB.
2026-10-08T08:53:46Z INFO [733/900] 6c9e84b2-5fc3-42aa-a7d5-b335855b04d0: 22 groups; 0.6 s; peak memory 1232 MiB.
2026-10-08T08:53:50Z INFO [734/900] 6c9ee7b4-1e19-4c26-8577-cb401ce64b1d: 181 groups; 3.9 s; peak memory 1232 MiB.
2026-10-08T08:53:51Z INFO [735/900] 6c9f0e60-d561-4c77-b164-842b12bc5cf1: 35 groups; 0.9 s; peak memory 1232 MiB.
2026-10-08T08:53:51Z INFO [736/900] 6c9f34aa-d879-4b36-8a42-dd161cd2c47f: 32 groups; 0.9 s; peak memory 1232 MiB.
2026-10-08T08:54:08Z INFO [737/900] 6c9f49b0-f474-4fb1-a833-b78f159604c7: 23 groups; 16.3 s; peak memory 1232 MiB.
2026-10-08T08:54:08Z INFO [738/900] 6ca056b8-5050-4629-989c-74a839d2aa9d: 16 groups; 0.6 s; peak memory 1232 MiB.
2026-10-08T08:54:09Z INFO [739/900] 6ca0b4b4-29a6-471e-8e2a-081b5be3e856: 22 groups; 0.8 s; peak memory 1232 MiB.
2026-10-08T08:54:10Z INFO [740/900] 6ca13701-e0af-4ebd-b911-9d63f26f2acf: 103 groups; 0.8 s; peak memory 1232 MiB.
2026-10-08T08:54:11Z INFO [741/900] 6ca175d9-98a3-4f11-8b6b-1299c29c62f7: 22 groups; 0.7 s; peak memory 1232 MiB.
2026-10-08T08:54:12Z INFO [742/900] 6ca2d542-0518-4b9a-a936-b0c50a7d749b: 21 groups; 0.9 s; peak memory 1232 MiB.
2026-10-08T08:54:12Z INFO [743/900] 6ca36bd3-7e71-4465-83e5-d4dfffe78d33: 27 groups; 0.6 s; peak memory 1232 MiB.
2026-10-08T08:54:16Z INFO [744/900] 6ca3d044-a1cf-4329-b984-bfccb79329e1: 78 groups; 3.4 s; peak memory 1232 MiB.
2026-10-08T08:54:17Z INFO [745/900] 6ca4ce55-5c85-484a-b201-af093a31f762: 35 groups; 1.1 s; peak memory 1232 MiB.
2026-10-08T08:54:21Z INFO [746/900] 6ca4e33f-f698-4861-a34f-e7f769d71b5b: 129 groups; 4.0 s; peak memory 1232 MiB.
2026-10-08T08:54:23Z INFO [747/900] 6ca5985e-c4fc-4d92-a066-e6887af4304f: 50 groups; 2.0 s; peak memory 1232 MiB.
2026-10-08T08:54:23Z INFO [748/900] 6ca5e31e-0df1-4e8b-bebe-b62f0eab9e1b: 22 groups; 0.8 s; peak memory 1232 MiB.
2026-10-08T08:56:04Z INFO [749/900] 6ca698eb-f7df-4b4b-abf7-87719a95da61: 60 groups; 100.3 s; peak memory 1232 MiB.
2026-10-08T08:56:05Z INFO [750/900] 6ca6dc45-a5dc-472d-87f3-1db5d6d976ff: 207 groups; 1.5 s; peak memory 1232 MiB.
2026-10-08T08:56:05Z INFO [750/900] 6ca6dc45-a5dc-472d-87f3-1db5d6d976ff: checkpointed 99286 records.
2026-10-08T08:56:06Z INFO [751/900] 6ca71e82-11ce-4de8-8006-ad273a0bafc8: 32 groups; 0.9 s; peak memory 1232 MiB.
2026-10-08T08:56:07Z INFO [752/900] 6ca76acc-7a72-412f-9f09-b56a85fe3443: 29 groups; 0.7 s; peak memory 1232 MiB.
2026-10-08T08:56:09Z INFO [753/900] 6ca82700-a0d9-4cb4-b909-199c1cd56470: 48 groups; 1.8 s; peak memory 1232 MiB.
2026-10-08T08:56:18Z INFO [754/900] 6ca82965-fc33-4e25-a6e8-feaeb9d6f329: 316 groups; 8.9 s; peak memory 1232 MiB.
2026-10-08T08:56:18Z INFO [755/900] 6ca82a18-d592-485b-afc0-4bb32285f2c0: 22 groups; 0.8 s; peak memory 1232 MiB.
2026-10-08T08:58:05Z INFO [756/900] 6ca83c06-7644-4e67-b1c8-aa12e7365be8: 77 groups; 106.5 s; peak memory 1232 MiB.
2026-10-08T08:58:06Z INFO [757/900] 6ca84889-5cb3-4224-883f-c516b14e62b5: 32 groups; 0.8 s; peak memory 1232 MiB.
2026-10-08T08:58:07Z INFO [758/900] 6ca853c2-c0c1-4483-a4b1-ba51d1814dca: 194 groups; 1.1 s; peak memory 1232 MiB.
2026-10-08T08:58:08Z INFO [759/900] 6ca889ba-f8bd-4470-a7f8-48c649cd8a4b: 253 groups; 0.9 s; peak memory 1232 MiB.
2026-10-08T08:58:08Z INFO [760/900] 6ca94dae-ebac-4d12-822a-32deab1e20a2: 22 groups; 0.8 s; peak memory 1232 MiB.
2026-10-08T08:58:09Z INFO [761/900] 6caada87-a3a6-47dc-944a-89de3eaa262d: 108 groups; 0.9 s; peak memory 1232 MiB.
2026-10-08T08:59:21Z INFO [762/900] 6cabb1f7-34f8-4183-ad92-07c02794ac24: 33 groups; 72.1 s; peak memory 1232 MiB.
2026-10-08T08:59:22Z INFO [763/900] 6cae6985-a8ec-4930-b365-184bbe4b7e66: 195 groups; 1.0 s; peak memory 1232 MiB.
2026-10-08T08:59:23Z INFO [764/900] 6caf5520-99db-4be9-9b6f-782d733689c7: 29 groups; 0.8 s; peak memory 1232 MiB.
2026-10-08T08:59:24Z INFO [765/900] 6cb0735b-0def-4eb9-a47e-384592163d64: 16 groups; 0.5 s; peak memory 1232 MiB.
2026-10-08T08:59:34Z INFO [766/900] 6cb09e11-75ea-4cbd-b260-cbccaab92eed: 258 groups; 10.3 s; peak memory 1232 MiB.
2026-10-08T08:59:35Z INFO [767/900] 6cb0db7c-0df2-4bb2-921d-7e3b7498208b: 22 groups; 0.8 s; peak memory 1232 MiB.
2026-10-08T08:59:36Z INFO [768/900] 6cb13fba-686d-452a-9dfa-b5642c9a3654: 36 groups; 1.0 s; peak memory 1232 MiB.
2026-10-08T08:59:37Z INFO [769/900] 6cb152af-63e3-4b05-99ca-d9f104d4fb59: 22 groups; 0.9 s; peak memory 1232 MiB.
2026-10-08T08:59:40Z INFO [770/900] 6cb29158-7c64-43a8-a380-e6b6b98e9346: 78 groups; 3.6 s; peak memory 1232 MiB.
2026-10-08T08:59:47Z INFO [771/900] 6cb29b0b-71f0-42d2-a70f-e5e603e14f0b: 185 groups; 6.2 s; peak memory 1232 MiB.
2026-10-08T08:59:47Z INFO [772/900] 6cb310a7-f0ce-43c2-9b08-b359f7f3bd17: 32 groups; 0.9 s; peak memory 1232 MiB.
2026-10-08T08:59:51Z INFO [773/900] 6cb3b591-be6c-4b33-a614-d06dfaad8d2c: 129 groups; 3.9 s; peak memory 1232 MiB.
2026-10-08T08:59:52Z INFO [774/900] 6cb3d7dc-7a0c-43d8-becc-75c2284dcf9b: 32 groups; 0.9 s; peak memory 1232 MiB.
2026-10-08T09:00:12Z INFO [775/900] 6cb400c7-09bd-4357-99f3-a39eb7d45b83: 23 groups; 19.6 s; peak memory 1232 MiB.
2026-10-08T09:00:13Z INFO [776/900] 6cb41e7d-cad9-4707-9a55-b53b874a4dee: 22 groups; 0.9 s; peak memory 1232 MiB.
2026-10-08T09:00:14Z INFO [777/900] 6cb45a60-06ce-4cc6-bf3c-2a55ef7ee67b: 35 groups; 1.1 s; peak memory 1232 MiB.
2026-10-08T09:00:22Z INFO [778/900] 6cb48330-7470-467d-bf3b-301e89674eec: 240 groups; 8.0 s; peak memory 1232 MiB.
2026-10-08T09:00:23Z INFO [779/900] 6cb543c7-a0f2-4840-b2fe-ea68a24f0ccc: 33 groups; 1.2 s; peak memory 1232 MiB.
2026-10-08T09:00:24Z INFO [780/900] 6cb5d860-e317-4fbe-a0fe-7af77d480bf7: 33 groups; 0.7 s; peak memory 1232 MiB.
2026-10-08T09:00:25Z INFO [781/900] 6cb6a022-5fb5-42d8-9be6-8b0644e0101c: 22 groups; 0.8 s; peak memory 1232 MiB.
2026-10-08T09:00:25Z INFO [782/900] 6cb705b6-56e8-4718-9a72-920bb10c863f: 22 groups; 0.8 s; peak memory 1232 MiB.
2026-10-08T09:00:29Z INFO [783/900] 6cb78ba9-932e-48ba-8efe-2d670206bde8: 22 groups; 3.2 s; peak memory 1232 MiB.
2026-10-08T09:00:33Z INFO [784/900] 6cb86a7e-ef09-4a94-ad29-15f3af6ebcb2: 22 groups; 4.3 s; peak memory 1232 MiB.
2026-10-08T09:00:34Z INFO [785/900] 6cb95151-dc9b-47eb-a6ca-ecccb787ec36: 22 groups; 0.8 s; peak memory 1232 MiB.
2026-10-08T09:00:38Z INFO [786/900] 6cb9a673-da56-4283-84ea-9771dfc3b181: 99 groups; 4.0 s; peak memory 1232 MiB.
2026-10-08T09:00:38Z INFO [787/900] 6cb9bb92-e30e-465c-927b-68ddb3743269: 31 groups; 0.7 s; peak memory 1232 MiB.
2026-10-08T09:00:40Z INFO [788/900] 6cba2fe2-a61d-472a-8857-384374c8e2ef: 48 groups; 1.6 s; peak memory 1232 MiB.
2026-10-08T09:00:41Z INFO [789/900] 6cba5198-06c2-4b1e-b034-e11580afc851: 32 groups; 0.9 s; peak memory 1232 MiB.
2026-10-08T09:00:42Z INFO [790/900] 6cbc18ed-4abf-43c3-bf97-d188459e8aa8: 35 groups; 0.9 s; peak memory 1232 MiB.
2026-10-08T09:00:44Z INFO [791/900] 6cbc5728-0cf8-4f7f-8147-eb9ba04ecb1f: 48 groups; 1.9 s; peak memory 1232 MiB.
2026-10-08T09:00:45Z INFO [792/900] 6cbd5bec-73ab-4426-8305-4ef6be2ba96b: 59 groups; 1.7 s; peak memory 1232 MiB.
2026-10-08T09:00:52Z INFO [793/900] 6cbd5f01-8195-491c-a1a9-f517ee91ad4a: 65 groups; 6.6 s; peak memory 1232 MiB.
2026-10-08T09:00:53Z INFO [794/900] 6cbd6533-72b4-4392-8e4a-4fb59cde5833: 26 groups; 0.6 s; peak memory 1232 MiB.
2026-10-08T09:00:54Z INFO [795/900] 6cbef589-9558-4f92-a089-334a7818159d: 43 groups; 1.4 s; peak memory 1232 MiB.
2026-10-08T09:00:58Z INFO [796/900] 6cbfbe58-73ac-4a51-b4d2-2c950d328ceb: 132 groups; 4.2 s; peak memory 1232 MiB.
2026-10-08T09:00:59Z INFO [797/900] 6cbff0fc-fac0-4676-a296-36bc635ef3cb: 103 groups; 1.1 s; peak memory 1232 MiB.
2026-10-08T09:01:00Z INFO [798/900] 6cc04e8f-00e9-41c5-84d5-6948f116f67f: 32 groups; 1.1 s; peak memory 1232 MiB.
2026-10-08T09:01:01Z INFO [799/900] 6cc08054-9797-420d-94fa-cba42d02c486: 34 groups; 0.8 s; peak memory 1232 MiB.
2026-10-08T09:01:05Z INFO [800/900] 6cc09cfb-2a46-4397-a580-28eeaa407c38: 78 groups; 3.6 s; peak memory 1232 MiB.
2026-10-08T09:01:05Z INFO [800/900] 6cc09cfb-2a46-4397-a580-28eeaa407c38: checkpointed 99336 records.
2026-10-08T09:01:06Z INFO [801/900] 6cc0f65a-aed3-4ac8-9c22-1ce7ae2ec5a0: 36 groups; 1.0 s; peak memory 1232 MiB.
2026-10-08T09:01:06Z INFO [802/900] 6cc10061-efc5-4489-9060-db91d27793d8: 24 groups; 0.6 s; peak memory 1232 MiB.
2026-10-08T09:01:08Z INFO [803/900] 6cc1011b-ee98-4c94-a89e-02fc2fbbddd4: 48 groups; 1.3 s; peak memory 1232 MiB.
2026-10-08T09:01:09Z INFO [804/900] 6cc1b2dc-0d2f-48d4-8008-a93454d1d975: 201 groups; 1.2 s; peak memory 1232 MiB.
2026-10-08T09:01:10Z INFO [805/900] 6cc229d3-da88-4fea-87c6-4f4fc562e228: 25 groups; 0.8 s; peak memory 1232 MiB.
2026-10-08T09:01:11Z INFO [806/900] 6cc25518-983b-4cb8-95f9-180c5154773a: 206 groups; 1.4 s; peak memory 1232 MiB.
2026-10-08T09:01:12Z INFO [807/900] 6cc31808-d64b-4abd-9c1b-6eacb315524f: 22 groups; 0.6 s; peak memory 1232 MiB.
2026-10-08T09:01:13Z INFO [808/900] 6cc36d6e-1556-45ee-9a14-0a8a8c18c2ae: 22 groups; 0.8 s; peak memory 1232 MiB.
2026-10-08T09:01:14Z INFO [809/900] 6cc3fdec-d957-4669-82ff-0ee0ed81046e: 35 groups; 1.2 s; peak memory 1232 MiB.
2026-10-08T09:01:15Z INFO [810/900] 6cc5ac30-dfbf-469e-8911-0995fc7c975b: 42 groups; 1.1 s; peak memory 1232 MiB.
2026-10-08T09:01:15Z INFO [811/900] 6cc6e836-3d18-40b3-a7c5-9ee6e3c6d33b: 16 groups; 0.5 s; peak memory 1232 MiB.
2026-10-08T09:01:18Z INFO [812/900] 6cc76a9c-cb81-4f85-83a6-59ce609574be: 71 groups; 3.0 s; peak memory 1232 MiB.
2026-10-08T09:01:19Z INFO [813/900] 6cc786ce-e5ab-49a6-a018-07f74c879e58: 22 groups; 0.8 s; peak memory 1232 MiB.
2026-10-08T09:01:20Z INFO [814/900] 6cc809a0-8ac9-4444-a37b-ff3420f4d8ef: 35 groups; 1.0 s; peak memory 1232 MiB.
2026-10-08T09:01:33Z INFO [815/900] 6cc82103-2722-4ceb-81f9-047dc6d665e2: 502 groups; 12.7 s; peak memory 1232 MiB.
2026-10-08T09:01:34Z INFO [816/900] 6cc8564c-c213-46b6-add8-32827c71af62: 22 groups; 0.8 s; peak memory 1232 MiB.
2026-10-08T09:01:35Z INFO [817/900] 6cc972af-ddb4-4be8-9f04-bc4c15b8f616: 25 groups; 0.8 s; peak memory 1232 MiB.
2026-10-08T09:01:39Z INFO [818/900] 6cca8a62-1baa-40e0-8a8b-8226d0c02433: 78 groups; 4.1 s; peak memory 1232 MiB.
2026-10-08T09:01:40Z INFO [819/900] 6ccafac2-0b26-49a4-b564-e531be1d110c: 32 groups; 0.9 s; peak memory 1232 MiB.
2026-10-08T09:01:41Z INFO [820/900] 6ccb2c19-0a16-42eb-a210-aa0327084c0c: 33 groups; 0.9 s; peak memory 1232 MiB.
2026-10-08T09:01:41Z INFO [821/900] 6ccbe41f-81ea-4538-8deb-942cf3c65555: 16 groups; 0.6 s; peak memory 1232 MiB.
2026-10-08T09:01:59Z INFO [822/900] 6ccd2634-83f8-45b0-a4e6-33ae89c60c62: 23 groups; 18.3 s; peak memory 1232 MiB.
2026-10-08T09:02:01Z INFO [823/900] 6cce1e3e-5010-4cef-96c2-6ef608ca7dd9: 27 groups; 1.3 s; peak memory 1232 MiB.
2026-10-08T09:02:01Z INFO [824/900] 6cce2be3-9ca8-4969-955d-2001c6288f7b: 23 groups; 0.7 s; peak memory 1232 MiB.
2026-10-08T09:02:02Z INFO [825/900] 6ccfb1f7-40fc-44b5-8df1-3831d7659ce2: 31 groups; 0.7 s; peak memory 1232 MiB.
2026-10-08T09:02:09Z INFO [826/900] 6cd051af-1113-4301-b2e5-4b3556f34318: 187 groups; 7.1 s; peak memory 1232 MiB.
2026-10-08T09:02:10Z INFO [827/900] 6cd06980-4e27-4488-bddb-675e00003be4: 32 groups; 0.9 s; peak memory 1232 MiB.
2026-10-08T09:02:11Z INFO [828/900] 6cd1229e-833e-4539-860d-e73c3b5a6d11: 32 groups; 0.9 s; peak memory 1232 MiB.
2026-10-08T09:02:12Z INFO [829/900] 6cd16efc-a727-4917-b877-f52cb363c50f: 35 groups; 1.3 s; peak memory 1232 MiB.
2026-10-08T09:02:29Z INFO [830/900] 6cd1c57a-04b6-4d12-b055-a5782f87d344: 321 groups; 16.7 s; peak memory 1232 MiB.
2026-10-08T09:02:29Z INFO [831/900] 6cd2017a-ec16-4fc9-9fec-7c87107df389: 31 groups; 0.6 s; peak memory 1232 MiB.
2026-10-08T09:02:31Z INFO [832/900] 6cd20d72-4817-46cf-a710-43895e3772f3: 253 groups; 1.1 s; peak memory 1232 MiB.
2026-10-08T09:02:31Z INFO [833/900] 6cd27349-1f0c-4f37-8b3a-9825cb9db4af: 33 groups; 0.6 s; peak memory 1232 MiB.
2026-10-08T09:02:32Z INFO [834/900] 6cd2c295-aa02-43d5-97ef-a2b42dfb0cbf: 33 groups; 0.8 s; peak memory 1232 MiB.
2026-10-08T09:02:35Z INFO [835/900] 6cd2da31-af4d-4eaa-8250-e6e381b13d27: 78 groups; 3.5 s; peak memory 1232 MiB.
2026-10-08T09:02:36Z INFO [836/900] 6cd32d78-7a21-4ac1-a250-d8eda9eef4c7: 22 groups; 0.7 s; peak memory 1232 MiB.
2026-10-08T09:02:40Z INFO [837/900] 6cd39996-3f7d-40f1-8510-913ce00f8f02: 105 groups; 3.5 s; peak memory 1232 MiB.
2026-10-08T09:02:40Z INFO [838/900] 6cd4237d-85f8-4058-9c39-f553e32a61c9: 33 groups; 0.8 s; peak memory 1232 MiB.
2026-10-08T09:02:50Z INFO [839/900] 6cd48859-7206-4600-880d-8f6d284b0b8a: 345 groups; 9.2 s; peak memory 1232 MiB.
2026-10-08T09:02:53Z INFO [840/900] 6cd5d517-d90a-4eae-8e73-33dbb54110d8: 181 groups; 3.6 s; peak memory 1232 MiB.
2026-10-08T09:02:54Z INFO [841/900] 6cd5d7b0-e5ae-4da8-97c7-ae1c44ca7f37: 22 groups; 0.5 s; peak memory 1232 MiB.
2026-10-08T09:02:57Z INFO [842/900] 6cd5feb5-24ba-4cca-89ec-dcafb9612124: 181 groups; 3.8 s; peak memory 1232 MiB.
2026-10-08T09:02:58Z INFO [843/900] 6cd6db5d-1a8a-481f-bb48-6bc0314b4cf3: 32 groups; 0.8 s; peak memory 1232 MiB.
2026-10-08T09:03:20Z INFO [844/900] 6cd7c6c2-9e72-4df3-82d1-5fd0743db43f: 23 groups; 21.7 s; peak memory 1232 MiB.
2026-10-08T09:03:41Z INFO [845/900] 6cd81c1e-adcd-4844-a9b4-1fb7f095efec: 23 groups; 21.0 s; peak memory 1232 MiB.
2026-10-08T09:03:41Z INFO [846/900] 6cd85948-baf2-47d1-a7c9-3d816282517b: 16 groups; 0.5 s; peak memory 1232 MiB.
2026-10-08T09:03:46Z INFO [847/900] 6cd93d7c-d837-45f2-a15f-8db7fff69f96: 90 groups; 4.7 s; peak memory 1232 MiB.
2026-10-08T09:03:48Z INFO [848/900] 6cd95eaa-34f9-4305-b462-f822c4c47dae: 48 groups; 1.7 s; peak memory 1232 MiB.
2026-10-08T09:03:49Z INFO [849/900] 6cd960e2-3fa4-41c6-8488-4751424b88bf: 32 groups; 0.8 s; peak memory 1232 MiB.
2026-10-08T09:03:50Z INFO [850/900] 6cda0bb1-1528-426a-8628-ea6ed330c9cc: 32 groups; 1.5 s; peak memory 1232 MiB.
2026-10-08T09:03:50Z INFO [850/900] 6cda0bb1-1528-426a-8628-ea6ed330c9cc: checkpointed 99386 records.
2026-10-08T09:03:51Z INFO [851/900] 6cdb5a38-8d43-4bab-9db0-071bdc896569: 22 groups; 0.7 s; peak memory 1232 MiB.
2026-10-08T09:03:53Z INFO [852/900] 6cdbedcd-0bda-4ad0-88d6-694c8cf2ad4d: 37 groups; 1.6 s; peak memory 1232 MiB.
2026-10-08T09:03:53Z INFO [853/900] 6cdc5fda-4a73-47d9-965b-a4b914caea9e: 24 groups; 0.9 s; peak memory 1232 MiB.
2026-10-08T09:03:59Z INFO [854/900] 6cdcbf8c-a6b0-4103-a325-736e3a038335: 123 groups; 5.9 s; peak memory 1232 MiB.
2026-10-08T09:04:05Z INFO [855/900] 6cdcca97-fbf5-4dd4-9b4e-2623ca412e3c: 71 groups; 5.5 s; peak memory 1232 MiB.
2026-10-08T09:04:09Z INFO [856/900] 6cdd1560-3fdd-4f1f-82f1-9399be2b5b00: 78 groups; 3.8 s; peak memory 1232 MiB.
2026-10-08T09:04:10Z INFO [857/900] 6cdd7369-f402-456a-bc1a-0af6e1051d47: 52 groups; 1.0 s; peak memory 1232 MiB.
2026-10-08T09:04:10Z INFO [858/900] 6cde33d3-a200-4230-8d34-66e4d9375b1a: 32 groups; 0.8 s; peak memory 1232 MiB.
2026-10-08T09:04:11Z INFO [859/900] 6cdecfa3-c8e7-4473-89f2-d17b0ff5738e: 32 groups; 0.9 s; peak memory 1232 MiB.
2026-10-08T09:04:13Z INFO [860/900] 6cdf7775-f558-4d85-a47b-ae529f1d4e5b: 199 groups; 1.4 s; peak memory 1232 MiB.
2026-10-08T09:04:14Z INFO [861/900] 6ce13eaa-f20c-4671-a2db-55df228584bb: 22 groups; 0.8 s; peak memory 1232 MiB.
2026-10-08T09:04:15Z INFO [862/900] 6ce1c2da-a77e-4559-9fc4-fdbf2e3364d4: 22 groups; 1.0 s; peak memory 1232 MiB.
2026-10-08T09:04:15Z INFO [863/900] 6ce24b2a-dd8c-4ef6-b8ed-7b2ba27cc726: 30 groups; 0.7 s; peak memory 1232 MiB.
2026-10-08T09:04:16Z INFO [864/900] 6ce31656-c347-46b0-90f0-a78564fbc809: 32 groups; 0.7 s; peak memory 1232 MiB.
2026-10-08T09:04:17Z INFO [865/900] 6ce3b1ff-0606-4293-aea0-af5927cb5d82: 22 groups; 0.8 s; peak memory 1232 MiB.
2026-10-08T09:04:18Z INFO [866/900] 6ce3be33-6441-49e6-b8df-b9769c954dc2: 199 groups; 1.4 s; peak memory 1232 MiB.
2026-10-08T09:04:19Z INFO [867/900] 6ce44aea-1d97-4d56-95eb-360685ccd94a: 22 groups; 0.7 s; peak memory 1232 MiB.
2026-10-08T09:04:20Z INFO [868/900] 6ce4992d-cedc-4cea-b1f5-e11e9d32236f: 22 groups; 0.8 s; peak memory 1232 MiB.
2026-10-08T09:04:21Z INFO [869/900] 6ce4bd0e-c35f-4122-9e6c-183401049c3c: 22 groups; 0.9 s; peak memory 1232 MiB.
2026-10-08T09:12:12Z INFO [870/900] 6ce4e342-b871-484d-9514-a04c11f727f2: 46 groups; 471.8 s; peak memory 1245 MiB.
2026-10-08T09:12:20Z INFO [871/900] 6ce4ed85-d712-421d-8c42-7eda9009e063: 206 groups; 7.7 s; peak memory 1245 MiB.
2026-10-08T09:12:21Z INFO [872/900] 6ce4f678-cfdb-46e2-84af-421516aca104: 22 groups; 0.9 s; peak memory 1245 MiB.
2026-10-08T09:12:23Z INFO [873/900] 6ce68233-4e28-4001-9ea7-bad1beb4e0c3: 35 groups; 1.7 s; peak memory 1245 MiB.
2026-10-08T09:12:27Z INFO [874/900] 6ce7ab65-9382-4aaa-8736-a8040ab345f7: 67 groups; 4.2 s; peak memory 1245 MiB.
2026-10-08T09:12:28Z INFO [875/900] 6ce7fa80-ef80-4ecd-93b1-6fb44ac3c7d0: 34 groups; 1.0 s; peak memory 1245 MiB.
2026-10-08T09:12:31Z INFO [876/900] 6ce8abcd-b4ca-4103-8534-67b82735c48f: 76 groups; 3.3 s; peak memory 1245 MiB.
2026-10-08T09:12:32Z INFO [877/900] 6ce8b608-846d-4415-9463-4ce685680a73: 32 groups; 0.9 s; peak memory 1245 MiB.
2026-10-08T09:12:33Z INFO [878/900] 6ce94adc-f926-4c09-bb0d-e25251d52120: 22 groups; 0.8 s; peak memory 1245 MiB.
2026-10-08T09:12:34Z INFO [879/900] 6ce9afb1-afe3-4427-b80b-4a9240d58148: 35 groups; 1.0 s; peak memory 1245 MiB.
2026-10-08T09:12:35Z INFO [880/900] 6ce9b21b-fe55-4c87-8225-56088f28d1e8: 22 groups; 0.8 s; peak memory 1245 MiB.
2026-10-08T09:12:38Z INFO [881/900] 6cea597f-e4b1-4775-8929-00486a94feb5: 47 groups; 3.7 s; peak memory 1245 MiB.
2026-10-08T09:12:39Z INFO [882/900] 6cea8db7-bcf2-4b50-a965-0f88ce03c2a3: 35 groups; 0.9 s; peak memory 1245 MiB.
2026-10-08T09:12:40Z INFO [883/900] 6ceaddf9-0a5b-411e-86e8-3d211e853128: 35 groups; 1.0 s; peak memory 1245 MiB.
2026-10-08T09:12:42Z INFO [884/900] 6ceb4891-1235-4f2b-9c5d-2e35f01cff12: 207 groups; 1.2 s; peak memory 1245 MiB.
2026-10-08T09:12:44Z INFO [885/900] 6cebbc62-49cb-4cba-92c1-90b25640baae: 34 groups; 2.0 s; peak memory 1245 MiB.
2026-10-08T09:12:44Z INFO [886/900] 6cec29bd-875d-468b-9b3e-e462a6c31b83: 22 groups; 0.8 s; peak memory 1245 MiB.
2026-10-08T09:12:45Z INFO [887/900] 6cecad26-1325-43d1-b048-6b1ce1666bf9: 30 groups; 0.6 s; peak memory 1245 MiB.
2026-10-08T09:12:46Z INFO [888/900] 6cece0a5-4893-46d8-89c7-6402b797e210: 32 groups; 0.8 s; peak memory 1245 MiB.
2026-10-08T09:12:48Z INFO [889/900] 6ced9ab2-497b-4e75-99a7-52894221dcee: 48 groups; 1.8 s; peak memory 1245 MiB.
2026-10-08T09:12:49Z INFO [890/900] 6cef9f40-06c5-4531-b648-8155a9e5afb0: 22 groups; 0.9 s; peak memory 1245 MiB.
2026-10-08T09:12:49Z INFO [891/900] 6cefb374-ce39-4028-a7cd-8ad4bbbc9f38: 22 groups; 0.8 s; peak memory 1245 MiB.
2026-10-08T09:12:51Z INFO [892/900] 6cf00f1b-4cf1-4321-8b83-2151e6482425: 36 groups; 1.5 s; peak memory 1245 MiB.
2026-10-08T09:12:52Z INFO [893/900] 6cf045b7-680e-4bc7-bb7d-fab42a3473df: 22 groups; 0.7 s; peak memory 1245 MiB.
2026-10-08T09:12:52Z INFO [894/900] 6cf11af7-3f6a-46cb-8b52-154375d1c398: 29 groups; 0.7 s; peak memory 1245 MiB.
2026-10-08T09:12:53Z INFO [895/900] 6cf1667f-218d-4ca6-8a7a-2e6dc0ad1b7d: 35 groups; 0.9 s; peak memory 1245 MiB.
2026-10-08T09:12:54Z INFO [896/900] 6cf21a67-1e02-4eee-977d-9c51c4cb49f5: 25 groups; 0.7 s; peak memory 1245 MiB.
2026-10-08T09:12:55Z INFO [897/900] 6cf23b83-8b03-4786-8636-d072556e7da2: 22 groups; 0.9 s; peak memory 1245 MiB.
2026-10-08T09:12:56Z INFO [898/900] 6cf242d9-1efa-40d8-bc05-b5e62ef4eb79: 18 groups; 0.8 s; peak memory 1245 MiB.
2026-10-08T09:13:09Z INFO [899/900] 6cf41644-d8b4-4711-b9a3-62292250dc3c: 412 groups; 13.4 s; peak memory 1245 MiB.
2026-10-08T09:13:10Z INFO [900/900] 6cf4dbe3-bca7-4451-95af-d48f15d8d601: 35 groups; 1.1 s; peak memory 1245 MiB.
2026-10-08T09:13:10Z INFO [900/900] 6cf4dbe3-bca7-4451-95af-d48f15d8d601: checkpointed 99436 records.
2026-10-08T09:13:10Z INFO Wrote 99436 records to /tmp/derivatives/valid_nwb_file_to_number_of_groups.jsonl (900 new, 0 failed) in 170.5 min (peak memory 1245 MiB).
