2026-10-07T21:57:19Z INFO Logging to /tmp/logs/update_2026-10-07T21-57-19Z.log.
2026-10-07T21:57:19Z INFO Update valid-nwb-file-to-number-of-groups (base directory /tmp).
2026-10-07T21:57:20Z INFO Processing 900 items (95836 already recorded).
2026-10-07T21:57:28Z INFO [1/900] 657b073b-df33-4ec4-a3fe-abee9d639ecd: 286 groups; 7.9 s; peak memory 153 MiB.
2026-10-07T21:57:29Z INFO [2/900] 657bc3db-1437-405c-a9c2-9e199e1123e9: 35 groups; 1.1 s; peak memory 154 MiB.
2026-10-07T21:57:30Z INFO [3/900] 657bc8e9-8013-4679-ae89-d4613602fb4e: 20 groups; 1.0 s; peak memory 154 MiB.
2026-10-07T21:57:30Z INFO [4/900] 657cba50-61aa-4425-a43a-f65c4c2f9102: 253 groups; 0.6 s; peak memory 154 MiB.
2026-10-07T21:57:31Z INFO [5/900] 657de212-2ad5-4dbb-a405-083b70ee511a: 32 groups; 0.9 s; peak memory 155 MiB.
2026-10-07T22:05:17Z INFO [6/900] 657de593-1619-46f1-ab24-a733344561e8: 81 groups; 466.0 s; peak memory 663 MiB.
2026-10-07T22:05:19Z INFO [7/900] 657e541d-1d88-4e9d-b6ae-94de1541fbb2: 47 groups; 2.2 s; peak memory 663 MiB.
2026-10-07T22:05:20Z INFO [8/900] 657f4241-6e0f-4169-979a-e348a96be93f: 36 groups; 1.0 s; peak memory 663 MiB.
2026-10-07T22:05:21Z INFO [9/900] 658096f3-6170-4f13-aa36-7ba4793d8563: 22 groups; 0.8 s; peak memory 663 MiB.
2026-10-07T22:05:24Z INFO [10/900] 6580ce91-9a93-43a5-ae8c-7121002f153f: 73 groups; 3.4 s; peak memory 663 MiB.
2026-10-07T22:05:27Z INFO [11/900] 65812db3-47ff-4792-96f2-4e3c2f55d91e: 54 groups; 2.8 s; peak memory 663 MiB.
2026-10-07T22:05:28Z INFO [12/900] 658199d5-1df2-4b87-99ce-4e69ea209acb: 22 groups; 0.6 s; peak memory 663 MiB.
2026-10-07T22:05:29Z INFO [13/900] 65820110-5c13-4b2f-a8ac-c2fc7d9f4f1f: 35 groups; 1.0 s; peak memory 663 MiB.
2026-10-07T22:05:30Z INFO [14/900] 65831ce1-6fb4-43cf-b745-a5224c72200d: 35 groups; 1.1 s; peak memory 663 MiB.
2026-10-07T22:05:31Z INFO [15/900] 658417dc-505d-40ed-970a-b0780d720fc8: 32 groups; 0.8 s; peak memory 663 MiB.
2026-10-07T22:05:37Z INFO [16/900] 6585a7a7-c7a6-42bd-a992-f0073cb712f9: 223 groups; 6.3 s; peak memory 663 MiB.
2026-10-07T22:05:39Z INFO [17/900] 6586e9e1-f35f-4437-8472-d6b639534cad: 33 groups; 1.5 s; peak memory 663 MiB.
2026-10-07T22:05:39Z INFO [18/900] 6586ef2a-ef01-40ea-a5ac-43e9ce8c117c: 32 groups; 0.8 s; peak memory 663 MiB.
2026-10-07T22:05:40Z INFO [19/900] 6587465d-96e7-4f07-924a-50ec44af2f39: 22 groups; 0.7 s; peak memory 663 MiB.
2026-10-07T22:05:41Z INFO [20/900] 6587d772-c4a9-450e-95ed-303e29323f5c: 35 groups; 1.0 s; peak memory 663 MiB.
2026-10-07T22:05:47Z INFO [21/900] 6587e1d0-b307-4479-aace-10236aad685e: 191 groups; 6.1 s; peak memory 663 MiB.
2026-10-07T22:05:48Z INFO [22/900] 6588d453-7872-4f32-8661-28bb5bb5caac: 195 groups; 0.9 s; peak memory 663 MiB.
2026-10-07T22:05:49Z INFO [23/900] 6589731d-c6c0-439b-bf57-520af85b454d: 22 groups; 0.8 s; peak memory 663 MiB.
2026-10-07T22:05:56Z INFO [24/900] 65898a0a-126c-469e-8530-8313623d9e13: 49 groups; 6.8 s; peak memory 663 MiB.
2026-10-07T22:05:56Z INFO [25/900] 658b0c7d-0da0-4c78-b737-a7842e17f7d5: 24 groups; 0.8 s; peak memory 663 MiB.
2026-10-07T22:05:58Z INFO [26/900] 658b5e22-b67b-4dd7-a969-57b74a168d86: 81 groups; 1.4 s; peak memory 663 MiB.
2026-10-07T22:05:59Z INFO [27/900] 658b8aff-643b-4353-98a3-09437d4143b1: 194 groups; 1.0 s; peak memory 663 MiB.
2026-10-07T22:06:00Z INFO [28/900] 658bf298-a785-4080-8cc9-e81ec3b605b2: 206 groups; 1.0 s; peak memory 663 MiB.
2026-10-07T22:06:00Z INFO [29/900] 658bff2a-cd48-4f90-b8ac-d9d4499e0348: 25 groups; 0.5 s; peak memory 663 MiB.
2026-10-07T22:06:01Z INFO [30/900] 658c12c7-c205-4b2d-a749-b57aafc6a30b: 29 groups; 0.6 s; peak memory 663 MiB.
2026-10-07T22:06:02Z INFO [31/900] 658c1594-396d-4151-9038-9481c2f4920b: 22 groups; 0.7 s; peak memory 663 MiB.
2026-10-07T22:06:05Z INFO [32/900] 658c58ef-34e5-4e1c-af59-c0af9209960a: 181 groups; 3.2 s; peak memory 663 MiB.
2026-10-07T22:07:06Z INFO [33/900] 658c6858-4fee-4211-9037-90e23cd43044: 10156 groups; 60.7 s; peak memory 663 MiB.
2026-10-07T22:07:09Z INFO [34/900] 658da14e-4af1-4d39-99a3-26df1cfb1089: 78 groups; 3.7 s; peak memory 663 MiB.
2026-10-07T22:07:10Z INFO [35/900] 658daf13-0ca7-4d5c-9150-cd7b9a727de1: 22 groups; 0.8 s; peak memory 663 MiB.
2026-10-07T22:07:17Z INFO [36/900] 658f7ab4-209e-4a95-937e-697b9d883a25: 265 groups; 7.0 s; peak memory 663 MiB.
2026-10-07T22:07:18Z INFO [37/900] 658fa1d7-a211-4979-b306-6de316350f96: 16 groups; 0.5 s; peak memory 663 MiB.
2026-10-07T22:07:19Z INFO [38/900] 658fa591-c42d-4c72-9028-fff000e5486f: 32 groups; 0.9 s; peak memory 663 MiB.
2026-10-07T22:07:19Z INFO [39/900] 65901c2a-7c26-48c6-8ee1-3bd73e9bb9b7: 22 groups; 0.7 s; peak memory 663 MiB.
2026-10-07T22:07:20Z INFO [40/900] 65907df2-aa84-4aa1-a93c-dbad00e07334: 202 groups; 0.8 s; peak memory 663 MiB.
2026-10-07T22:07:23Z INFO [41/900] 6591bf38-dadc-4df2-967c-7a2b3786ad09: 57 groups; 2.5 s; peak memory 663 MiB.
2026-10-07T22:07:24Z INFO [42/900] 6591f2c8-fec2-465c-890f-5dfafa78b421: 36 groups; 0.9 s; peak memory 663 MiB.
2026-10-07T22:07:29Z INFO [43/900] 65922168-c9d8-4f21-9f8e-470675548a96: 273 groups; 5.6 s; peak memory 663 MiB.
2026-10-07T22:07:30Z INFO [44/900] 65937d9c-c8db-489f-bdd8-f49259e393a2: 16 groups; 0.6 s; peak memory 663 MiB.
2026-10-07T22:07:42Z INFO [45/900] 6593e529-d2d6-4896-a52f-5b1942e01e6c: 18 groups; 12.1 s; peak memory 663 MiB.
2026-10-07T22:07:49Z INFO [46/900] 6593eeaa-e50c-499b-acb1-b9031aa2f67a: 231 groups; 6.7 s; peak memory 663 MiB.
2026-10-07T22:07:50Z INFO [47/900] 65944b2c-e50a-4c4e-a640-179dd974e7d0: 17 groups; 1.7 s; peak memory 663 MiB.
2026-10-07T22:07:51Z INFO [48/900] 6594759b-a817-4d3c-aea5-3c0f98bd204a: 30 groups; 0.6 s; peak memory 663 MiB.
2026-10-07T22:07:52Z INFO [49/900] 6595109a-bb0a-4688-88af-d8a4e2344c46: 22 groups; 0.8 s; peak memory 663 MiB.
2026-10-07T22:08:00Z INFO [50/900] 6595246f-9284-4817-9c7c-cf4609ef6136: 402 groups; 8.6 s; peak memory 663 MiB.
2026-10-07T22:08:01Z INFO [50/900] 6595246f-9284-4817-9c7c-cf4609ef6136: checkpointed 95886 records.
2026-10-07T22:08:01Z INFO [51/900] 65964cb2-02a3-4318-b4fe-64d40f60c452: 32 groups; 0.8 s; peak memory 663 MiB.
2026-10-07T22:08:05Z INFO [52/900] 65965012-0eff-48fc-bff2-1959b449fba9: 173 groups; 4.0 s; peak memory 663 MiB.
2026-10-07T22:08:06Z INFO [53/900] 6597e2ec-6dde-402b-b0f6-b1849c57a2a0: 36 groups; 1.1 s; peak memory 663 MiB.
2026-10-07T22:08:08Z INFO [54/900] 6597fe04-9a72-45b7-9890-0b8ff4e593db: 573 groups; 1.2 s; peak memory 663 MiB.
2026-10-07T22:08:12Z INFO [55/900] 659812d3-16fd-435d-a135-068bfed62194: 78 groups; 4.6 s; peak memory 663 MiB.
2026-10-07T22:08:13Z INFO [56/900] 65986f82-8d74-4e0b-bad9-d3e26a797e42: 32 groups; 0.9 s; peak memory 663 MiB.
2026-10-07T22:08:14Z INFO [57/900] 6598c540-92a7-41f1-b67d-9ba2f6db99d6: 35 groups; 1.0 s; peak memory 663 MiB.
2026-10-07T22:08:15Z INFO [58/900] 659b0682-82e7-4d8e-bc62-1e42c780fb4e: 18 groups; 0.5 s; peak memory 663 MiB.
2026-10-07T22:08:16Z INFO [59/900] 659b3663-7da6-4700-ba90-6518b981ad1a: 33 groups; 0.8 s; peak memory 663 MiB.
2026-10-07T22:08:16Z INFO [60/900] 659b9404-fb26-4647-9668-dff1b8b8ecfd: 22 groups; 0.6 s; peak memory 663 MiB.
2026-10-07T22:08:17Z INFO [61/900] 659bb2cd-67e3-434d-8132-3561db353e8d: 25 groups; 0.8 s; peak memory 663 MiB.
2026-10-07T22:08:18Z INFO [62/900] 659bfe9d-e5dd-401b-9613-618e7f2653dd: 196 groups; 0.9 s; peak memory 663 MiB.
2026-10-07T22:08:19Z INFO [63/900] 659c09d9-278e-4a7f-a372-755396415210: 32 groups; 0.8 s; peak memory 663 MiB.
2026-10-07T22:08:19Z INFO [64/900] 659d2a8c-1747-4a4f-b783-bc217cf5f6da: 21 groups; 0.6 s; peak memory 663 MiB.
2026-10-07T22:08:20Z INFO [65/900] 659e4939-7f3d-4f4d-9485-3d6b024bc7c2: 22 groups; 0.9 s; peak memory 663 MiB.
2026-10-07T22:08:21Z INFO [66/900] 659f6034-0f89-4507-b8b9-a200456f8871: 22 groups; 0.6 s; peak memory 663 MiB.
2026-10-07T22:08:22Z INFO [67/900] 65a01d3d-b56b-4cf7-9cc2-ec9607cbf31d: 29 groups; 0.8 s; peak memory 663 MiB.
2026-10-07T22:08:22Z INFO [68/900] 65a04f74-4dd0-475e-9e25-3aa13b1dbe7b: 22 groups; 0.8 s; peak memory 663 MiB.
2026-10-07T22:08:23Z INFO [69/900] 65a062c2-d948-448f-99d1-8519fb68e69b: 22 groups; 0.6 s; peak memory 663 MiB.
2026-10-07T22:08:24Z INFO [70/900] 65a09b87-bb79-4b33-aaf4-84f07034d6cc: 25 groups; 0.6 s; peak memory 663 MiB.
2026-10-07T22:08:24Z INFO [71/900] 65a358a6-71bc-4b87-a9d2-c869a66a9839: 36 groups; 0.7 s; peak memory 663 MiB.
2026-10-07T22:08:38Z INFO [72/900] 65a3c4f2-c944-44cb-b5ac-42dbed7655ae: 263 groups; 13.9 s; peak memory 663 MiB.
2026-10-07T22:08:39Z INFO [73/900] 65a46024-3cbe-4162-bd07-f75671c89ddd: 22 groups; 0.9 s; peak memory 663 MiB.
2026-10-07T22:08:41Z INFO [74/900] 65a4b51b-36d4-4040-a619-807bc728639b: 48 groups; 2.0 s; peak memory 663 MiB.
2026-10-07T22:08:42Z INFO [75/900] 65a50799-eefe-451c-b6db-0402564d5cd9: 22 groups; 0.7 s; peak memory 663 MiB.
2026-10-07T22:10:32Z INFO [76/900] 65a52685-f9d5-40a2-a5b5-dcd6261228e8: 68 groups; 110.0 s; peak memory 663 MiB.
2026-10-07T22:10:39Z INFO [77/900] 65a53a72-69f1-48b5-b792-8ec234ef2695: 34 groups; 7.1 s; peak memory 663 MiB.
2026-10-07T22:10:41Z INFO [78/900] 65a692bf-5949-434a-b5fe-33a4b9b0bb38: 50 groups; 1.9 s; peak memory 663 MiB.
2026-10-07T22:10:42Z INFO [79/900] 65a69607-555b-4dfa-9f31-c63267ccc6f7: 69 groups; 1.4 s; peak memory 663 MiB.
2026-10-07T22:10:53Z INFO [80/900] 65a6f82a-74f8-4d43-8f4d-b2cfc684cf5e: 251 groups; 11.1 s; peak memory 663 MiB.
2026-10-07T22:10:54Z INFO [81/900] 65a7d97f-7f64-410d-9e6f-bc451324857d: 252 groups; 1.0 s; peak memory 663 MiB.
2026-10-07T22:10:55Z INFO [82/900] 65a8186b-e507-4d0a-8714-7cddbaab2064: 22 groups; 0.4 s; peak memory 663 MiB.
2026-10-07T22:10:56Z INFO [83/900] 65a84b16-45b1-44b3-bc6d-c4f892fd69e7: 29 groups; 0.8 s; peak memory 663 MiB.
2026-10-07T22:10:56Z INFO [84/900] 65aa2918-d512-4df7-a026-4661ad442b3f: 22 groups; 0.7 s; peak memory 663 MiB.
2026-10-07T22:10:57Z INFO [85/900] 65aa9017-045a-4fce-bedd-2399ca439d00: 22 groups; 0.7 s; peak memory 663 MiB.
2026-10-07T22:10:58Z INFO [86/900] 65abbeca-5f4e-4a70-b20d-42e609c85b1a: 199 groups; 1.2 s; peak memory 663 MiB.
2026-10-07T22:10:59Z INFO [87/900] 65abc018-29ee-4fc9-a6e0-865e84615238: 19 groups; 0.8 s; peak memory 663 MiB.
2026-10-07T22:11:10Z INFO [88/900] 65ac0b43-8d01-40df-bc5b-02f959dd08d0: 63 groups; 11.0 s; peak memory 663 MiB.
2026-10-07T22:11:11Z INFO [89/900] 65ac5a86-34e8-4ed2-89f1-f34a17ded7af: 195 groups; 0.9 s; peak memory 663 MiB.
2026-10-07T22:11:12Z INFO [90/900] 65acd698-37f3-42f1-985a-a8a7864a2838: 25 groups; 0.7 s; peak memory 663 MiB.
2026-10-07T22:11:12Z INFO [91/900] 65ace9ad-7290-464d-b739-11a55134f5fd: 32 groups; 0.8 s; peak memory 663 MiB.
2026-10-07T22:11:13Z INFO [92/900] 65ad4689-0ecc-4b51-9cb8-82d5e142f890: 22 groups; 0.9 s; peak memory 663 MiB.
2026-10-07T22:11:17Z INFO [93/900] 65ad5e05-50f6-4226-b47b-0ee649cb725c: 34 groups; 4.2 s; peak memory 663 MiB.
2026-10-07T22:11:24Z INFO [94/900] 65adbc53-d8d1-4f90-908e-03fc7a05e063: 220 groups; 6.9 s; peak memory 663 MiB.
2026-10-07T22:11:30Z INFO [95/900] 65ae15a8-b889-444f-b31c-2dcfee98120a: 123 groups; 5.3 s; peak memory 663 MiB.
2026-10-07T22:11:30Z INFO [96/900] 65ae5cd6-da36-4981-9000-6b50aec317a6: 22 groups; 0.9 s; peak memory 663 MiB.
2026-10-07T22:11:53Z INFO [97/900] 65ae8b78-9019-4f94-8cbe-51abd7d40c55: 23 groups; 22.2 s; peak memory 663 MiB.
2026-10-07T22:11:55Z INFO [98/900] 65aeb286-1fb2-41a1-a834-7f378447f98e: 50 groups; 1.9 s; peak memory 663 MiB.
2026-10-07T22:11:56Z INFO [99/900] 65aeb7b4-9deb-426d-850f-2f4e810aaeac: 196 groups; 1.0 s; peak memory 663 MiB.
2026-10-07T22:12:05Z INFO [100/900] 65b144ca-e424-46a1-a98b-d5609ad2f2ca: 376 groups; 9.5 s; peak memory 663 MiB.
2026-10-07T22:12:05Z INFO [100/900] 65b144ca-e424-46a1-a98b-d5609ad2f2ca: checkpointed 95936 records.
2026-10-07T22:12:16Z INFO [101/900] 65b1ba92-37b7-4132-8330-06043607bd4c: 93 groups; 11.0 s; peak memory 663 MiB.
2026-10-07T22:12:21Z INFO [102/900] 65b20906-79d0-4ca0-937c-43672ea08631: 113 groups; 4.5 s; peak memory 663 MiB.
2026-10-07T22:12:22Z INFO [103/900] 65b45628-b16b-4c57-ae3c-7ea92e9ebcc0: 33 groups; 0.9 s; peak memory 663 MiB.
2026-10-07T22:12:28Z INFO [104/900] 65b4af06-4e86-4641-b08d-a4dc046bef29: 275 groups; 6.2 s; peak memory 663 MiB.
2026-10-07T22:12:29Z INFO [105/900] 65b4c3c3-1a72-460c-9ff4-4b2b3e80684d: 33 groups; 0.9 s; peak memory 663 MiB.
2026-10-07T22:12:41Z INFO [106/900] 65b53c22-8ee8-4149-8a8e-9409bec93d0d: 22 groups; 12.2 s; peak memory 663 MiB.
2026-10-07T22:12:42Z INFO [107/900] 65b5e4df-b493-44c5-b625-27af8155a549: 32 groups; 1.0 s; peak memory 663 MiB.
2026-10-07T22:12:45Z INFO [108/900] 65b6268a-b719-4bf7-b0ed-45e4ec31130e: 76 groups; 3.5 s; peak memory 663 MiB.
2026-10-07T22:12:46Z INFO [109/900] 65b62a9c-1b21-41f1-ae64-198c4078a31b: 25 groups; 0.7 s; peak memory 663 MiB.
2026-10-07T22:12:50Z INFO [110/900] 65b6913e-e239-4523-9dbc-4367470f1986: 149 groups; 3.9 s; peak memory 663 MiB.
2026-10-07T22:12:52Z INFO [111/900] 65b77c84-f663-41d6-8ec8-f3a191d40961: 36 groups; 1.9 s; peak memory 663 MiB.
2026-10-07T22:12:53Z INFO [112/900] 65b878de-4d7b-4675-b0bd-e53277f134a8: 21 groups; 0.6 s; peak memory 663 MiB.
2026-10-07T22:12:54Z INFO [113/900] 65b95457-efa1-4614-acba-dcecded62700: 22 groups; 0.8 s; peak memory 663 MiB.
2026-10-07T22:12:54Z INFO [114/900] 65bad335-97cf-403c-b47c-ac33a3f54468: 71 groups; 0.6 s; peak memory 663 MiB.
2026-10-07T22:12:55Z INFO [115/900] 65baebfb-8b69-4f3d-91ce-32ea76736775: 48 groups; 1.2 s; peak memory 663 MiB.
2026-10-07T22:12:56Z INFO [116/900] 65bba1fc-1af0-4047-a117-43c971f8753b: 32 groups; 0.9 s; peak memory 663 MiB.
2026-10-07T22:12:57Z INFO [117/900] 65bbd738-83f8-468f-8afd-435bc1119217: 203 groups; 0.9 s; peak memory 663 MiB.
2026-10-07T22:12:59Z INFO [118/900] 65bc5223-a747-44d1-8773-69f6dc6d65d2: 48 groups; 2.2 s; peak memory 663 MiB.
2026-10-07T22:13:00Z INFO [119/900] 65bc8510-0382-4481-8672-ff33b94ff4a5: 22 groups; 1.0 s; peak memory 663 MiB.
2026-10-07T22:13:05Z INFO [120/900] 65bcb821-6580-46b9-83f9-e940e9d493d3: 213 groups; 4.9 s; peak memory 663 MiB.
2026-10-07T22:13:06Z INFO [121/900] 65bcbf8f-ab6a-448f-9da3-4b542f907318: 253 groups; 1.0 s; peak memory 663 MiB.
2026-10-07T22:13:07Z INFO [122/900] 65bdc1a6-85e5-4a03-a72f-6e86df43b6e2: 194 groups; 1.1 s; peak memory 663 MiB.
2026-10-07T22:13:08Z INFO [123/900] 65bde3ac-6fa5-46a4-9fda-1f83aca48adc: 22 groups; 0.6 s; peak memory 663 MiB.
2026-10-07T22:13:09Z INFO [124/900] 65bf2aae-9b64-4234-b072-4b366a1a79bd: 35 groups; 1.1 s; peak memory 663 MiB.
2026-10-07T22:13:10Z INFO [125/900] 65bfca47-0376-4b42-9aeb-b29910d29508: 32 groups; 0.7 s; peak memory 663 MiB.
2026-10-07T22:13:11Z INFO [126/900] 65c02776-c6d3-44f1-83a5-bdc5cc79d6c9: 32 groups; 1.0 s; peak memory 663 MiB.
2026-10-07T22:13:12Z INFO [127/900] 65c038c4-d363-4920-9feb-fbc75ecd2bbd: 19 groups; 0.7 s; peak memory 663 MiB.
2026-10-07T22:13:12Z INFO [128/900] 65c14a6b-5dfc-4a17-b8f0-b40f0118b75c: 29 groups; 0.5 s; peak memory 663 MiB.
2026-10-07T22:13:13Z INFO [129/900] 65c24ca9-748e-45b8-b81d-d0e1a06aeeb8: 22 groups; 0.8 s; peak memory 663 MiB.
2026-10-07T22:13:16Z INFO [130/900] 65c27e4f-c16c-47b8-a3e4-9390a9a0571c: 175 groups; 3.5 s; peak memory 663 MiB.
2026-10-07T22:13:17Z INFO [131/900] 65c2ab89-a6ee-4341-8920-77e2765a7b57: 22 groups; 0.7 s; peak memory 663 MiB.
2026-10-07T22:13:18Z INFO [132/900] 65c2c69e-f511-4768-b734-5379501b1a06: 18 groups; 0.7 s; peak memory 663 MiB.
2026-10-07T22:13:18Z INFO [133/900] 65c43caf-514a-4257-952e-4457c8be5a61: 16 groups; 0.6 s; peak memory 663 MiB.
2026-10-07T22:15:25Z INFO [134/900] 65c4a325-1989-42fe-a2ea-cc01395e4b86: 60 groups; 126.3 s; peak memory 663 MiB.
2026-10-07T22:17:49Z INFO [135/900] 65c52671-e850-431b-a3ef-ec7439f7bcc9: 66 groups; 143.9 s; peak memory 663 MiB.
2026-10-07T22:17:51Z INFO [136/900] 65c5f70e-798e-43f4-b1d4-e9a032ac5f7c: 56 groups; 2.9 s; peak memory 663 MiB.
2026-10-07T22:17:53Z INFO [137/900] 65c6bfcf-c2fb-4b46-a87d-28510238a209: 33 groups; 1.2 s; peak memory 663 MiB.
2026-10-07T22:17:54Z INFO [138/900] 65c7926a-af79-4ecd-9078-4bdf78dfd849: 32 groups; 0.9 s; peak memory 663 MiB.
2026-10-07T22:17:58Z INFO [139/900] 65c8ed7d-db51-4e31-85bd-d740e3058aad: 34 groups; 4.2 s; peak memory 663 MiB.
2026-10-07T22:17:59Z INFO [140/900] 65ca8bb2-53f7-4a94-a8e5-5980e68d47c5: 22 groups; 1.0 s; peak memory 663 MiB.
2026-10-07T22:18:00Z INFO [141/900] 65cb6417-6d3a-4431-b6a0-751263bc40d1: 22 groups; 1.0 s; peak memory 663 MiB.
2026-10-07T22:18:01Z INFO [142/900] 65ccc0b7-a142-428b-91f2-0a1fcd3bc664: 201 groups; 1.0 s; peak memory 663 MiB.
2026-10-07T22:18:02Z INFO [143/900] 65ccf9ee-2442-43ce-9cee-61a273febb75: 22 groups; 0.9 s; peak memory 663 MiB.
2026-10-07T22:18:03Z INFO [144/900] 65cd2c38-3270-4f21-8b05-6af14d2b6ad2: 35 groups; 0.8 s; peak memory 663 MiB.
2026-10-07T22:18:04Z INFO [145/900] 65cf5be8-9dfe-45b6-bda4-74539770b2ae: 50 groups; 2.0 s; peak memory 663 MiB.
2026-10-07T22:18:05Z INFO [146/900] 65cffb48-28b8-4944-ac6e-a64613202836: 22 groups; 0.7 s; peak memory 663 MiB.
2026-10-07T22:18:06Z INFO [147/900] 65cffcb8-f358-4372-a9ca-e44f77dac7ba: 103 groups; 0.9 s; peak memory 663 MiB.
2026-10-07T22:18:07Z INFO [148/900] 65d052d2-5a42-4abd-a62a-d1e4bb9f27a9: 196 groups; 0.9 s; peak memory 663 MiB.
2026-10-07T22:18:10Z INFO [149/900] 65d08e2a-38d4-477e-bf49-e3cb7cdcfc24: 105 groups; 3.2 s; peak memory 663 MiB.
2026-10-07T22:18:11Z INFO [150/900] 65d0bd73-b0c1-40a2-a2d6-0f07183a6f9a: 22 groups; 0.8 s; peak memory 663 MiB.
2026-10-07T22:18:11Z INFO [150/900] 65d0bd73-b0c1-40a2-a2d6-0f07183a6f9a: checkpointed 95986 records.
2026-10-07T22:18:12Z INFO [151/900] 65d2307a-f0d4-4268-96f0-c6a92fd279b9: 26 groups; 0.6 s; peak memory 663 MiB.
2026-10-07T22:18:13Z INFO [152/900] 65d24714-b94d-4680-9548-0e9b7ed4b597: 32 groups; 0.8 s; peak memory 663 MiB.
2026-10-07T22:18:13Z INFO [153/900] 65d27b83-8967-4f8e-b1d0-c0743cfea44a: 16 groups; 0.5 s; peak memory 663 MiB.
2026-10-07T22:18:14Z INFO [154/900] 65d2a73f-595b-4a91-8922-75d01d19c1c9: 22 groups; 0.8 s; peak memory 663 MiB.
2026-10-07T22:18:14Z INFO [155/900] 65d312e0-79db-4838-8aff-ac0a2799b0ba: 26 groups; 0.5 s; peak memory 663 MiB.
2026-10-07T22:18:15Z INFO [156/900] 65d44a16-cd46-4121-9cdf-ca517a0c8e79: 22 groups; 0.8 s; peak memory 663 MiB.
2026-10-07T22:18:23Z INFO [157/900] 65d49bad-9801-411d-a957-f0f412b0f661: 254 groups; 7.7 s; peak memory 663 MiB.
2026-10-07T22:18:24Z INFO [158/900] 65d4e8e8-ba83-4d2b-97cc-b86f4e05ded7: 27 groups; 0.6 s; peak memory 663 MiB.
2026-10-07T22:20:24Z INFO [159/900] 65d54014-efe3-46e5-882e-20b177c298a9: 45 groups; 120.8 s; peak memory 1183 MiB.
2026-10-07T22:20:30Z INFO [160/900] 65d54b9e-4dc1-4b85-bf23-89b090179e82: 233 groups; 5.9 s; peak memory 1183 MiB.
2026-10-07T22:20:31Z INFO [161/900] 65d5defd-2407-471b-8f23-6f9e5f8d4988: 22 groups; 0.9 s; peak memory 1183 MiB.
2026-10-07T22:20:32Z INFO [162/900] 65d64dce-8200-4a1e-b39a-0923a7f299a1: 202 groups; 1.0 s; peak memory 1183 MiB.
2026-10-07T22:20:33Z INFO [163/900] 65d65404-45dc-43a5-a7bb-cab87da902e1: 35 groups; 1.0 s; peak memory 1183 MiB.
2026-10-07T22:20:41Z INFO [164/900] 65d677e8-bf53-4600-8fce-a3a8be49e9e2: 258 groups; 8.3 s; peak memory 1183 MiB.
2026-10-07T22:20:42Z INFO [165/900] 65d72ba2-8424-43c6-855e-77933250e898: 30 groups; 0.6 s; peak memory 1183 MiB.
2026-10-07T22:20:43Z INFO [166/900] 65d82f32-ddc6-4798-99af-34694433a540: 16 groups; 0.6 s; peak memory 1183 MiB.
2026-10-07T22:20:44Z INFO [167/900] 65d90a36-e8bf-481c-9eee-d7ad83d2089e: 29 groups; 1.1 s; peak memory 1183 MiB.
2026-10-07T22:20:44Z INFO [168/900] 65d91bc4-b73b-449a-853b-032734711a02: 22 groups; 0.7 s; peak memory 1183 MiB.
2026-10-07T22:20:45Z INFO [169/900] 65d939cb-7b65-4e04-ac2e-2752abeed637: 28 groups; 0.7 s; peak memory 1183 MiB.
2026-10-07T22:20:46Z INFO [170/900] 65d96cdf-bf86-468c-bb21-cca90123edca: 43 groups; 1.2 s; peak memory 1183 MiB.
2026-10-07T22:20:47Z INFO [171/900] 65d9eb34-2f6f-444f-9755-9b8e76df46ca: 42 groups; 1.1 s; peak memory 1183 MiB.
2026-10-07T22:20:48Z INFO [172/900] 65da473d-76bb-4ae8-b08e-ec4a3ce21bb5: 35 groups; 0.9 s; peak memory 1183 MiB.
2026-10-07T22:20:49Z INFO [173/900] 65da5bb1-73af-4380-98ee-7e3472aa4b57: 108 groups; 0.9 s; peak memory 1183 MiB.
2026-10-07T22:20:51Z INFO [174/900] 65db4d43-d9dc-4487-87b9-e89141993aa5: 31 groups; 1.4 s; peak memory 1183 MiB.
2026-10-07T22:20:51Z INFO [175/900] 65dc9c60-a91c-4e66-976b-3bcf654c9036: 22 groups; 0.8 s; peak memory 1183 MiB.
2026-10-07T22:20:52Z INFO [176/900] 65dcdf30-c6c7-4f13-840e-d4cfcaa2ecc2: 28 groups; 0.7 s; peak memory 1183 MiB.
2026-10-07T22:20:53Z INFO [177/900] 65dcfc65-45d0-44c8-a671-93129dac367a: 32 groups; 0.7 s; peak memory 1183 MiB.
2026-10-07T22:20:55Z INFO [178/900] 65dd55ac-0861-4846-bce1-faccec99e196: 50 groups; 2.2 s; peak memory 1183 MiB.
2026-10-07T22:20:56Z INFO [179/900] 65ddb5c4-7a90-4f3d-8829-e796539d83df: 32 groups; 0.8 s; peak memory 1183 MiB.
2026-10-07T22:21:06Z INFO [180/900] 65de6e48-3adb-4aff-80dc-2b223a85573b: 96 groups; 10.6 s; peak memory 1183 MiB.
2026-10-07T22:21:07Z INFO [181/900] 65dec32b-7122-4089-ba9e-522223c601f9: 22 groups; 0.7 s; peak memory 1183 MiB.
2026-10-07T22:21:09Z INFO [182/900] 65dfa2c6-bd93-49de-845f-59ffb7a35663: 17 groups; 1.8 s; peak memory 1183 MiB.
2026-10-07T22:21:10Z INFO [183/900] 65e05b33-0c14-4861-be0f-3dfc82084949: 35 groups; 0.9 s; peak memory 1183 MiB.
2026-10-07T22:21:11Z INFO [184/900] 65e108f6-c0b8-472f-b0a1-69c885c11f5c: 35 groups; 0.8 s; peak memory 1183 MiB.
2026-10-07T22:21:12Z INFO [185/900] 65e1720c-dc4a-4618-863b-296464c98daf: 22 groups; 1.0 s; peak memory 1183 MiB.
2026-10-07T22:21:12Z INFO [186/900] 65e23ba6-1904-46ad-b75e-b2c6c5ddf28a: 32 groups; 0.8 s; peak memory 1183 MiB.
2026-10-07T22:21:14Z INFO [187/900] 65e2a20d-1687-4bbb-929f-3f6ecf563edd: 43 groups; 1.3 s; peak memory 1183 MiB.
2026-10-07T22:21:15Z INFO [188/900] 65e2c368-4a60-4f40-b861-46e7993e6457: 47 groups; 1.3 s; peak memory 1183 MiB.
2026-10-07T22:21:16Z INFO [189/900] 65e32b6d-e7b9-4a21-b9d9-b780685c0ad0: 196 groups; 0.8 s; peak memory 1183 MiB.
2026-10-07T22:21:17Z INFO [190/900] 65e3524d-aeda-4046-a774-93bf0e84e4d4: 32 groups; 0.9 s; peak memory 1183 MiB.
2026-10-07T22:21:18Z INFO [191/900] 65e3eccf-fc54-4ecf-b5a6-42c3effd5f58: 33 groups; 0.8 s; peak memory 1183 MiB.
2026-10-07T22:21:18Z INFO [192/900] 65e46b63-b67d-4398-9054-d0ea4f3ac3e2: 28 groups; 0.5 s; peak memory 1183 MiB.
2026-10-07T22:21:19Z INFO [193/900] 65e4f14d-2517-457a-b6d6-8cba8448c5cf: 22 groups; 0.9 s; peak memory 1183 MiB.
2026-10-07T22:21:20Z INFO [194/900] 65e50e54-3b3b-42a7-b234-b893ea25e464: 35 groups; 0.9 s; peak memory 1183 MiB.
2026-10-07T22:21:20Z INFO [195/900] 65e57159-3da2-44ec-adfe-5d49ee4ca874: 22 groups; 0.6 s; peak memory 1183 MiB.
2026-10-07T22:21:21Z INFO [196/900] 65e5a7c0-2a04-47eb-b000-795e4c6057c4: 16 groups; 0.5 s; peak memory 1183 MiB.
2026-10-07T22:21:22Z INFO [197/900] 65e5e211-1bd9-4041-aea4-6380616f91c3: 202 groups; 0.8 s; peak memory 1183 MiB.
2026-10-07T22:21:22Z INFO [198/900] 65e6095d-d0e3-49ea-892d-bb61732ec36e: 22 groups; 0.4 s; peak memory 1183 MiB.
2026-10-07T22:21:23Z INFO [199/900] 65e7e178-e622-41ca-a730-80a4a141c65c: 29 groups; 1.0 s; peak memory 1183 MiB.
2026-10-07T22:21:45Z INFO [200/900] 65e86d25-3d52-405c-a64f-996f0dd9d464: 115 groups; 21.7 s; peak memory 1183 MiB.
2026-10-07T22:21:45Z INFO [200/900] 65e86d25-3d52-405c-a64f-996f0dd9d464: checkpointed 96036 records.
2026-10-07T22:21:46Z INFO [201/900] 65e8f319-0c72-4558-bc1b-162b5afe99a2: 22 groups; 1.0 s; peak memory 1183 MiB.
2026-10-07T22:21:47Z INFO [202/900] 65e9b8f2-ccbb-4145-bea3-b468809971f3: 28 groups; 0.6 s; peak memory 1183 MiB.
2026-10-07T22:21:48Z INFO [203/900] 65eb0a3a-6ed6-441d-9e35-9db77c4b5832: 201 groups; 1.0 s; peak memory 1183 MiB.
2026-10-07T22:21:49Z INFO [204/900] 65ecc688-66de-44ac-b72a-08bfdd31dd62: 202 groups; 0.9 s; peak memory 1183 MiB.
2026-10-07T22:21:50Z INFO [205/900] 65ecd9fa-7a73-41b1-a78b-8a1eb8d31db8: 207 groups; 1.5 s; peak memory 1183 MiB.
2026-10-07T22:21:51Z INFO [206/900] 65edd534-1c69-427a-80e6-5fa81e3f5fd6: 22 groups; 0.6 s; peak memory 1183 MiB.
2026-10-07T22:21:52Z INFO [207/900] 65ee0ad7-195d-4c36-a232-22c25fa289ca: 206 groups; 1.4 s; peak memory 1183 MiB.
2026-10-07T22:21:53Z INFO [208/900] 65ef4b87-295f-413e-ab74-6ae1aab4af25: 45 groups; 0.8 s; peak memory 1183 MiB.
2026-10-07T22:21:58Z INFO [209/900] 65f0f1ce-ba20-47a6-9f02-67559c8b4575: 64 groups; 5.3 s; peak memory 1183 MiB.
2026-10-07T22:21:59Z INFO [210/900] 65f1e584-1917-40c2-9af6-8d37b1e9d5e8: 16 groups; 0.5 s; peak memory 1183 MiB.
2026-10-07T22:22:00Z INFO [211/900] 65f22ae6-d68b-4f2f-989e-61e5a4d4a7c4: 252 groups; 0.9 s; peak memory 1183 MiB.
2026-10-07T22:22:00Z INFO [212/900] 65f3bc6d-ce72-42b5-9b36-1220a31ce5ee: 22 groups; 0.7 s; peak memory 1183 MiB.
2026-10-07T22:22:02Z INFO [213/900] 65f3d0fd-b5b2-4f5f-aef3-63ad16cf27d3: 35 groups; 1.2 s; peak memory 1183 MiB.
2026-10-07T22:22:02Z INFO [214/900] 65f40066-45bc-4089-9f75-67b84e43660a: 35 groups; 0.9 s; peak memory 1183 MiB.
2026-10-07T22:22:03Z INFO [215/900] 65f49c87-49b2-4ad9-a84b-5b7e3b960343: 22 groups; 0.6 s; peak memory 1183 MiB.
2026-10-07T22:22:04Z INFO [216/900] 65f57b27-5a89-40d0-82f6-a9630501bbe3: 27 groups; 1.4 s; peak memory 1183 MiB.
2026-10-07T22:22:06Z INFO [217/900] 65f5fb18-4c4a-498c-86ef-3cb3a85290ce: 30 groups; 1.9 s; peak memory 1183 MiB.
2026-10-07T22:22:07Z INFO [218/900] 65f84d6b-f000-4d7a-b9ac-4919af51a277: 32 groups; 0.8 s; peak memory 1183 MiB.
2026-10-07T22:22:08Z INFO [219/900] 65f9417a-c954-4d3d-9cf3-6cf29ebc6789: 22 groups; 0.7 s; peak memory 1183 MiB.
2026-10-07T22:22:09Z INFO [220/900] 65f94b45-a6e0-4378-985b-5159a542070e: 22 groups; 0.9 s; peak memory 1183 MiB.
2026-10-07T22:22:09Z INFO [221/900] 65fa0ec5-ecad-4d29-bed2-2d71be05f88f: 16 groups; 0.5 s; peak memory 1183 MiB.
2026-10-07T22:22:10Z INFO [222/900] 65fa22f5-5191-4450-8f8d-0bfb39147b30: 22 groups; 0.8 s; peak memory 1183 MiB.
2026-10-07T22:22:11Z INFO [223/900] 65fc68ed-bd12-41bd-b728-4a11f767ca71: 99 groups; 0.6 s; peak memory 1183 MiB.
2026-10-07T22:22:11Z INFO [224/900] 65fcc429-3e8d-4c74-8834-8fbc2a79b8a1: 25 groups; 0.8 s; peak memory 1183 MiB.
2026-10-07T22:22:12Z INFO [225/900] 65fcea06-b63f-45d8-a130-f5170921c1b7: 16 groups; 0.5 s; peak memory 1183 MiB.
2026-10-07T22:22:12Z INFO [226/900] 65fd3f74-7087-4a36-9111-24f1ff0d5b03: 30 groups; 0.6 s; peak memory 1183 MiB.
2026-10-07T22:22:13Z INFO [227/900] 65fd51b8-2f2f-4cae-b90c-c7185b0fffc0: 22 groups; 0.8 s; peak memory 1183 MiB.
2026-10-07T22:22:14Z INFO [228/900] 65fd8a59-5485-4403-8fca-863a25b1239d: 195 groups; 0.8 s; peak memory 1183 MiB.
2026-10-07T22:22:15Z INFO [229/900] 65fe64a9-f249-4819-9b12-dc9a74ba2f00: 31 groups; 1.1 s; peak memory 1183 MiB.
2026-10-07T22:22:16Z INFO [230/900] 65ff0575-6bf9-42a6-8b59-7ddaa73adf2f: 22 groups; 0.8 s; peak memory 1183 MiB.
2026-10-07T22:22:17Z INFO [231/900] 66002970-1126-4fd7-9c7e-055af5e62fda: 25 groups; 0.6 s; peak memory 1183 MiB.
2026-10-07T22:22:18Z INFO [232/900] 6600729a-19e6-44d9-a7f8-3aef25d9cbe2: 17 groups; 1.3 s; peak memory 1183 MiB.
2026-10-07T22:22:22Z INFO [233/900] 66007c64-75f9-4b79-9824-d4e3491a92ef: 46 groups; 3.9 s; peak memory 1183 MiB.
2026-10-07T22:22:24Z INFO [234/900] 6600946f-40f0-45d1-86b7-51d1bf971df5: 48 groups; 1.8 s; peak memory 1183 MiB.
2026-10-07T22:22:30Z INFO [235/900] 66012795-cd99-4539-8d10-5ac5dbf52706: 2532 groups; 6.8 s; peak memory 1183 MiB.
2026-10-07T22:22:31Z INFO [236/900] 66012b37-191a-48aa-bb85-f4bab9b6180d: 20 groups; 0.6 s; peak memory 1183 MiB.
2026-10-07T22:22:32Z INFO [237/900] 66023fb6-2362-4b60-b18c-9ba6a027da04: 337 groups; 0.9 s; peak memory 1183 MiB.
2026-10-07T22:22:33Z INFO [238/900] 66028e93-69f1-4ff8-97c6-d507cd80d84e: 22 groups; 0.9 s; peak memory 1183 MiB.
2026-10-07T22:22:35Z INFO [239/900] 6602bd16-2df0-4b38-b054-d0e76f31b200: 17 groups; 1.7 s; peak memory 1183 MiB.
2026-10-07T22:22:56Z INFO [240/900] 660452fe-3d39-44a1-a542-a25342b4d99c: 23 groups; 21.0 s; peak memory 1183 MiB.
2026-10-07T22:22:56Z INFO [241/900] 66046057-02ce-4367-b7c1-db09db7b408d: 19 groups; 0.8 s; peak memory 1183 MiB.
2026-10-07T22:22:57Z INFO [242/900] 66055702-b557-450a-b07e-81c558f68216: 259 groups; 1.2 s; peak memory 1183 MiB.
2026-10-07T22:23:12Z INFO [243/900] 6605b7e3-e0ef-48b0-b348-4545a22788b5: 246 groups; 14.9 s; peak memory 1183 MiB.
2026-10-07T22:23:13Z INFO [244/900] 6605ce2d-0953-4aef-a362-4599816e2b66: 17 groups; 0.6 s; peak memory 1183 MiB.
2026-10-07T22:23:15Z INFO [245/900] 66060f29-3e00-4a16-a2ed-0e0e32b17d56: 47 groups; 1.7 s; peak memory 1183 MiB.
2026-10-07T22:23:15Z INFO [246/900] 66062b21-e5df-49c9-a4b7-0eefacf92bbc: 254 groups; 0.7 s; peak memory 1183 MiB.
2026-10-07T22:23:17Z INFO [247/900] 66063976-dcc1-4249-8bb2-b6a297fc2d9c: 200 groups; 1.4 s; peak memory 1183 MiB.
2026-10-07T22:23:18Z INFO [248/900] 66065804-cb63-4ff3-992b-5b5b0cdf4497: 54 groups; 0.9 s; peak memory 1183 MiB.
2026-10-07T22:23:19Z INFO [249/900] 6607f063-1f8e-4c25-9079-5bcbaf27a9bc: 573 groups; 1.2 s; peak memory 1183 MiB.
2026-10-07T22:23:20Z INFO [250/900] 66084a55-0d35-4be2-b4f2-9ab9aed5c738: 35 groups; 0.9 s; peak memory 1183 MiB.
2026-10-07T22:23:20Z INFO [250/900] 66084a55-0d35-4be2-b4f2-9ab9aed5c738: checkpointed 96086 records.
2026-10-07T22:23:21Z INFO [251/900] 6608fd5b-8102-415b-9416-4f12a13726ff: 24 groups; 0.8 s; peak memory 1183 MiB.
2026-10-07T22:23:22Z INFO [252/900] 66097314-411a-4575-b49d-8b126cf1e0ac: 202 groups; 1.0 s; peak memory 1183 MiB.
2026-10-07T22:23:22Z INFO [253/900] 6609aed8-3bc9-47fb-988b-134bcb65cf7c: 32 groups; 0.6 s; peak memory 1183 MiB.
2026-10-07T22:23:23Z INFO [254/900] 660adbdd-c15e-4981-8ac8-8e8fa4b6a2a5: 251 groups; 0.6 s; peak memory 1183 MiB.
2026-10-07T22:23:24Z INFO [255/900] 660b4004-0226-4078-bd60-82d5bc70723b: 22 groups; 0.8 s; peak memory 1183 MiB.
2026-10-07T22:23:24Z INFO [256/900] 660b64ef-d9c3-4a8f-985d-409ea0d5b210: 22 groups; 0.7 s; peak memory 1183 MiB.
2026-10-07T22:23:25Z INFO [257/900] 660c6475-c1b4-4961-a2f2-2011f8b659f4: 17 groups; 0.6 s; peak memory 1183 MiB.
2026-10-07T22:23:26Z INFO [258/900] 660deeed-2c8a-4910-9bcd-cd9d87911e3f: 24 groups; 1.3 s; peak memory 1183 MiB.
2026-10-07T22:23:27Z INFO [259/900] 660eb831-e2ca-4c91-b7da-8a1dbbb15f20: 32 groups; 0.7 s; peak memory 1183 MiB.
2026-10-07T22:23:28Z INFO [260/900] 660ebabd-3e0f-498b-a184-2137b45de44d: 103 groups; 0.9 s; peak memory 1183 MiB.
2026-10-07T22:23:30Z INFO [261/900] 660f486b-669a-4fda-b466-e7855db9434b: 47 groups; 1.7 s; peak memory 1183 MiB.
2026-10-07T22:23:31Z INFO [262/900] 660fd0a8-da82-436f-8350-3dc05149ba26: 337 groups; 1.3 s; peak memory 1183 MiB.
2026-10-07T22:23:54Z INFO [263/900] 66101446-db4f-40b1-9557-64879cb3ea22: 23 groups; 23.0 s; peak memory 1183 MiB.
2026-10-07T22:23:56Z INFO [264/900] 6610bc0f-563c-43e1-8e24-78dfab61d0ee: 48 groups; 1.8 s; peak memory 1183 MiB.
2026-10-07T22:23:56Z INFO [265/900] 661187f0-96a3-44cd-9d46-ea0ec170834c: 16 groups; 0.4 s; peak memory 1183 MiB.
2026-10-07T22:23:57Z INFO [266/900] 661198ed-7352-4094-b557-fd5d6d2bf6ef: 42 groups; 1.3 s; peak memory 1183 MiB.
2026-10-07T22:23:58Z INFO [267/900] 6611e60f-41c5-48a7-b951-f616bb007cb1: 16 groups; 0.5 s; peak memory 1183 MiB.
2026-10-07T22:24:00Z INFO [268/900] 6611ef26-4ffb-4c8d-9273-cdefa6254331: 48 groups; 1.8 s; peak memory 1183 MiB.
2026-10-07T22:24:07Z INFO [269/900] 66128aea-2637-4c06-86d9-dccfcbd8229d: 36 groups; 7.0 s; peak memory 1183 MiB.
2026-10-07T22:27:57Z INFO [270/900] 66138d84-db1c-47da-a1ef-9880f4a517b7: 72 groups; 229.7 s; peak memory 1183 MiB.
2026-10-07T22:27:58Z INFO [271/900] 6613a21c-7ce5-48b2-bb6f-242598583e0f: 254 groups; 0.9 s; peak memory 1183 MiB.
2026-10-07T22:27:59Z INFO [272/900] 6613ce4d-e9d7-4fc0-aa41-3f15b1bbc42a: 259 groups; 1.0 s; peak memory 1183 MiB.
2026-10-07T22:27:59Z INFO [273/900] 6614bac6-be31-44d7-9759-10aa34fc4487: 16 groups; 0.6 s; peak memory 1183 MiB.
2026-10-07T22:28:00Z INFO [274/900] 66150f9c-39cf-45de-9a63-1633a4ffe13d: 22 groups; 1.0 s; peak memory 1183 MiB.
2026-10-07T22:28:01Z INFO [275/900] 6615e5bb-8e85-442e-a1d8-cf3333d4575e: 16 groups; 0.5 s; peak memory 1183 MiB.
2026-10-07T22:28:02Z INFO [276/900] 66169a7b-4aa1-4c7c-999b-13cdfed3bd44: 194 groups; 0.9 s; peak memory 1183 MiB.
2026-10-07T22:28:03Z INFO [277/900] 66176d32-a77d-4dae-8baf-6f86c2aafe6e: 336 groups; 1.0 s; peak memory 1183 MiB.
2026-10-07T22:28:06Z INFO [278/900] 6617b3dd-a424-43e9-a0aa-0a1bf9dd966b: 78 groups; 3.0 s; peak memory 1183 MiB.
2026-10-07T22:28:07Z INFO [279/900] 6617bccd-f052-4c47-a328-6c07ef04e6e2: 48 groups; 1.5 s; peak memory 1183 MiB.
2026-10-07T22:28:08Z INFO [280/900] 6617c9f8-b286-4f32-87bf-6950c4911da6: 28 groups; 0.7 s; peak memory 1183 MiB.
2026-10-07T22:28:08Z INFO [281/900] 6618ba0f-9ef0-4e83-97a4-53566eb8f583: 16 groups; 0.6 s; peak memory 1183 MiB.
2026-10-07T22:28:10Z INFO [282/900] 6619562f-77bc-4081-bf5a-178525a5128d: 72 groups; 1.2 s; peak memory 1183 MiB.
2026-10-07T22:28:11Z INFO [283/900] 661a3908-2ce7-4c8f-9c44-3c9b6fbd94c4: 31 groups; 1.2 s; peak memory 1183 MiB.
2026-10-07T22:28:13Z INFO [284/900] 661b767c-be92-44bc-92cc-3b599bc17d28: 50 groups; 1.8 s; peak memory 1183 MiB.
2026-10-07T22:28:13Z INFO [285/900] 661b93e7-fb20-40ca-b2b4-925e11bd0067: 35 groups; 0.9 s; peak memory 1183 MiB.
2026-10-07T22:28:14Z INFO [286/900] 661b9cde-08cc-4315-b814-2b6b450a99a3: 22 groups; 0.6 s; peak memory 1183 MiB.
2026-10-07T22:43:22Z INFO [287/900] 661c22af-bb94-419d-be63-18a8cb4c5843: 155 groups; 908.0 s; peak memory 1183 MiB.
2026-10-07T22:43:29Z INFO [288/900] 661c9c75-de50-466d-a05d-dbab4b042fa0: 63 groups; 7.4 s; peak memory 1183 MiB.
2026-10-07T22:43:30Z INFO [289/900] 661d0c8f-c38a-488c-bb87-5bf2cdf2410e: 35 groups; 0.9 s; peak memory 1183 MiB.
2026-10-07T22:43:31Z INFO [290/900] 6620c363-ab84-4e0d-8abb-06dce2ea7f72: 16 groups; 0.7 s; peak memory 1183 MiB.
2026-10-07T22:43:36Z INFO [291/900] 66219a83-d194-4425-b89f-7cbff0b582e6: 66 groups; 4.9 s; peak memory 1183 MiB.
2026-10-07T22:43:38Z INFO [292/900] 6621a5ad-a26f-4d53-b0b1-3cd5db5c53f5: 50 groups; 2.0 s; peak memory 1183 MiB.
2026-10-07T22:43:50Z INFO [293/900] 6621bbd4-057a-4efd-bb74-bc93a297797f: 237 groups; 12.2 s; peak memory 1183 MiB.
2026-10-07T22:43:51Z INFO [294/900] 6621ef41-53e4-47ab-8de6-f584381385c7: 22 groups; 0.9 s; peak memory 1183 MiB.
2026-10-07T22:43:52Z INFO [295/900] 66220aa9-2e83-445a-85a3-9765e305bc5e: 200 groups; 1.0 s; peak memory 1183 MiB.
2026-10-07T22:43:53Z INFO [296/900] 66238d51-db6f-41d7-941e-c6148f57df57: 336 groups; 1.1 s; peak memory 1183 MiB.
2026-10-07T22:43:54Z INFO [297/900] 6623c6fb-0cb0-4598-8862-015b2f6f43f6: 22 groups; 0.8 s; peak memory 1183 MiB.
2026-10-07T22:43:55Z INFO [298/900] 662423de-ca92-46c5-ac99-3c17af45a18a: 16 groups; 0.5 s; peak memory 1183 MiB.
2026-10-07T22:43:55Z INFO [299/900] 6624a844-efa0-412e-85dd-0022c6970754: 35 groups; 1.0 s; peak memory 1183 MiB.
2026-10-07T22:43:56Z INFO [300/900] 662516cf-4655-4272-916c-cb0436e5fd2c: 22 groups; 0.7 s; peak memory 1183 MiB.
2026-10-07T22:43:56Z INFO [300/900] 662516cf-4655-4272-916c-cb0436e5fd2c: checkpointed 96136 records.
2026-10-07T22:47:45Z INFO [301/900] 662539f8-74ce-428f-b454-9d73e8a469b9: 75 groups; 228.3 s; peak memory 1183 MiB.
2026-10-07T22:47:46Z INFO [302/900] 6625c549-500c-48e0-80ef-76bfeb0a37c8: 341 groups; 1.2 s; peak memory 1183 MiB.
2026-10-07T22:47:54Z INFO [303/900] 6625d590-147a-489c-a0f9-ee0f9a087abc: 2560 groups; 7.7 s; peak memory 1183 MiB.
2026-10-07T22:47:55Z INFO [304/900] 6625e0f4-15ee-4e6f-973b-107bd2f0ad1d: 32 groups; 1.0 s; peak memory 1183 MiB.
2026-10-07T22:47:56Z INFO [305/900] 66260042-c92d-43bb-8e32-94d48811b495: 54 groups; 1.7 s; peak memory 1183 MiB.
2026-10-07T22:47:57Z INFO [306/900] 6626bb09-2a6a-46f7-8103-be3cf299a99d: 27 groups; 0.5 s; peak memory 1183 MiB.
2026-10-07T22:47:59Z INFO [307/900] 66274750-5bfa-4212-bd97-3edb54662c37: 50 groups; 2.4 s; peak memory 1183 MiB.
2026-10-07T22:48:00Z INFO [308/900] 66278798-e1af-404e-ac1a-0870dcd0dbfd: 33 groups; 1.0 s; peak memory 1183 MiB.
2026-10-07T22:48:01Z INFO [309/900] 6627bf6c-37de-44f9-bef4-89b493d460fd: 32 groups; 0.7 s; peak memory 1183 MiB.
2026-10-07T22:48:02Z INFO [310/900] 6627ceff-b9e2-46df-b4b0-477cd1d4bfaa: 33 groups; 0.7 s; peak memory 1183 MiB.
2026-10-07T22:48:02Z INFO [311/900] 662a07c5-8e5c-4cea-a4cb-d9a792ea2ab9: 254 groups; 0.9 s; peak memory 1183 MiB.
2026-10-07T22:48:03Z INFO [312/900] 662aeb7f-6616-429c-89b9-1cc4fbfd049f: 22 groups; 0.9 s; peak memory 1183 MiB.
2026-10-07T22:48:05Z INFO [313/900] 662b555e-6c31-4479-a899-6e0e6a31724c: 341 groups; 1.3 s; peak memory 1183 MiB.
2026-10-07T22:48:05Z INFO [314/900] 662b5955-be91-4ee2-9716-0976d6dc68bd: 22 groups; 0.5 s; peak memory 1183 MiB.
2026-10-07T22:48:07Z INFO [315/900] 662c7fe8-7ea9-439e-b88a-23a55a140773: 55 groups; 1.9 s; peak memory 1183 MiB.
2026-10-07T22:48:41Z INFO [316/900] 662cac3f-3f46-47e8-b712-93751492d35d: 7978 groups; 34.4 s; peak memory 1183 MiB.
2026-10-07T22:48:44Z INFO [317/900] 662d8db0-070d-45c6-a2fc-a2f0d69e155a: 17 groups; 2.9 s; peak memory 1183 MiB.
2026-10-07T22:48:45Z INFO [318/900] 662d9b9f-c9b7-4d7a-bff7-ac24a1d9b6a3: 207 groups; 1.1 s; peak memory 1183 MiB.
2026-10-07T22:48:46Z INFO [319/900] 662dab64-ca49-4d88-9c4c-0956f6ed5b82: 22 groups; 0.6 s; peak memory 1183 MiB.
2026-10-07T22:48:47Z INFO [320/900] 662e192d-947e-4375-9033-d974080d0157: 22 groups; 0.8 s; peak memory 1183 MiB.
2026-10-07T22:48:49Z INFO [321/900] 662ec871-3a59-4ba1-ac0c-5232b02b8727: 48 groups; 1.8 s; peak memory 1183 MiB.
2026-10-07T22:48:54Z INFO [322/900] 662fc6a6-5e3a-47dd-89ab-c1384beaad7e: 120 groups; 5.2 s; peak memory 1183 MiB.
2026-10-07T22:48:54Z INFO [323/900] 66304680-3a61-4d7b-93a9-36ace0e51340: 22 groups; 0.6 s; peak memory 1183 MiB.
2026-10-07T22:48:55Z INFO [324/900] 6630c373-d053-4dd7-bb6b-a0c11d19750d: 18 groups; 0.3 s; peak memory 1183 MiB.
2026-10-07T22:48:56Z INFO [325/900] 6630ea5c-f482-494a-9d69-4dc8d861a01f: 49 groups; 0.8 s; peak memory 1183 MiB.
2026-10-07T22:48:56Z INFO [326/900] 6630f958-3b60-4b30-8cca-01d9404aaf45: 32 groups; 0.7 s; peak memory 1183 MiB.
2026-10-07T22:48:57Z INFO [327/900] 66322043-eb7e-4bd8-a4aa-4ac0b4f49bdc: 255 groups; 0.6 s; peak memory 1183 MiB.
2026-10-07T22:48:58Z INFO [328/900] 6632c353-85ef-4335-b495-4b981fdfeab2: 18 groups; 0.7 s; peak memory 1183 MiB.
2026-10-07T22:48:58Z INFO [329/900] 66334c2a-49fc-46a4-a3b2-9333f980a694: 22 groups; 0.6 s; peak memory 1183 MiB.
2026-10-07T22:48:59Z INFO [330/900] 6633cdae-69c4-4500-ad18-d99fac901f4f: 195 groups; 1.0 s; peak memory 1183 MiB.
2026-10-07T22:49:00Z INFO [331/900] 66344274-7742-4187-904a-6501f6cfe53b: 30 groups; 0.5 s; peak memory 1183 MiB.
2026-10-07T22:49:01Z INFO [332/900] 6635c539-ba3e-48b3-83c2-a6899d35e16e: 195 groups; 1.1 s; peak memory 1183 MiB.
2026-10-07T22:49:02Z INFO [333/900] 663622cb-8ad1-4494-ae89-b79f772b209a: 32 groups; 0.7 s; peak memory 1183 MiB.
2026-10-07T22:49:07Z INFO [334/900] 663714c2-b36e-415d-9629-3e94a48565d4: 85 groups; 5.1 s; peak memory 1183 MiB.
2026-10-07T22:49:36Z INFO [335/900] 663808f2-b362-4639-b505-8fa51ccbe91d: 169 groups; 29.0 s; peak memory 1183 MiB.
2026-10-07T22:49:37Z INFO [336/900] 6638230d-6400-4dcb-99c2-58c4715292f3: 35 groups; 0.9 s; peak memory 1183 MiB.
2026-10-07T22:49:37Z INFO [337/900] 66390d10-c1fb-44ed-8cf1-908c2cadfe88: 17 groups; 0.6 s; peak memory 1183 MiB.
2026-10-07T22:49:38Z INFO [338/900] 66397908-5df7-4e0e-a60d-2f3234beba92: 33 groups; 0.7 s; peak memory 1183 MiB.
2026-10-07T22:49:39Z INFO [339/900] 6639b544-f18b-4061-9e09-76363bc545c8: 36 groups; 0.8 s; peak memory 1183 MiB.
2026-10-07T22:49:39Z INFO [340/900] 663a97cf-8158-4e01-a7f5-d58c24fa65c0: 25 groups; 0.8 s; peak memory 1183 MiB.
2026-10-07T22:49:49Z INFO [341/900] 663b846e-e7da-4f41-907e-cd3646602300: 27 groups; 9.6 s; peak memory 1183 MiB.
2026-10-07T22:49:51Z INFO [342/900] 663c4b38-e076-4075-b277-e7a7c72a3c1c: 48 groups; 1.9 s; peak memory 1183 MiB.
2026-10-07T22:49:52Z INFO [343/900] 663ccb7a-3636-401c-84f1-8a79a4aa6ff6: 26 groups; 0.5 s; peak memory 1183 MiB.
2026-10-07T22:49:52Z INFO [344/900] 663d0625-c292-49f4-a3c5-516ba44b75ec: 18 groups; 0.3 s; peak memory 1183 MiB.
2026-10-07T22:49:53Z INFO [345/900] 663d7818-99a2-4c04-90f0-6b2e9899b05c: 32 groups; 0.8 s; peak memory 1183 MiB.
2026-10-07T22:49:54Z INFO [346/900] 663de3f6-af1f-4fbc-9529-471174fc0f85: 341 groups; 1.2 s; peak memory 1183 MiB.
2026-10-07T22:49:58Z INFO [347/900] 663f2df6-8b83-4d04-9419-7c6d51d24780: 53 groups; 3.9 s; peak memory 1183 MiB.
2026-10-07T22:49:59Z INFO [348/900] 663f77e8-f111-4088-bafe-d23bf1564fd0: 25 groups; 0.9 s; peak memory 1183 MiB.
2026-10-07T22:50:00Z INFO [349/900] 663f8699-24b7-4299-be97-954288840916: 203 groups; 1.4 s; peak memory 1183 MiB.
2026-10-07T22:50:02Z INFO [350/900] 663f9cf6-e06a-4686-92a2-e53a701f8d3e: 48 groups; 1.9 s; peak memory 1183 MiB.
2026-10-07T22:50:02Z INFO [350/900] 663f9cf6-e06a-4686-92a2-e53a701f8d3e: checkpointed 96186 records.
2026-10-07T22:50:03Z INFO [351/900] 66403274-827b-411f-9a5f-4b4e9e496fec: 32 groups; 0.8 s; peak memory 1183 MiB.
2026-10-07T22:50:06Z INFO [352/900] 664035ef-f197-45cf-bab9-7d925550f181: 181 groups; 3.6 s; peak memory 1183 MiB.
2026-10-07T22:50:07Z INFO [353/900] 6640f2ad-bd4c-4d4a-a57c-9cd185ee7fc4: 48 groups; 1.0 s; peak memory 1183 MiB.
2026-10-07T22:50:09Z INFO [354/900] 66431034-f3dc-4c28-a5d4-ce252c8bf29a: 50 groups; 1.9 s; peak memory 1183 MiB.
2026-10-07T22:50:10Z INFO [355/900] 6643b719-407f-4732-87b6-15e20a26343c: 22 groups; 0.7 s; peak memory 1183 MiB.
2026-10-07T22:50:12Z INFO [356/900] 66443866-0e8f-470a-9f64-60324b8d407e: 48 groups; 1.8 s; peak memory 1183 MiB.
2026-10-07T22:50:16Z INFO [357/900] 66443b03-5266-48ba-af4b-f2fe4026acff: 185 groups; 3.9 s; peak memory 1183 MiB.
2026-10-07T22:50:17Z INFO [358/900] 664463c6-da32-42d2-bbcd-664d27e9bc58: 35 groups; 0.9 s; peak memory 1183 MiB.
2026-10-07T22:50:18Z INFO [359/900] 6644753e-c21c-445b-98d2-84d3e23e67ad: 32 groups; 0.9 s; peak memory 1183 MiB.
2026-10-07T22:50:19Z INFO [360/900] 6644886c-6112-418b-a905-b7dc77f3925b: 22 groups; 1.0 s; peak memory 1183 MiB.
2026-10-07T22:50:19Z INFO [361/900] 6644bfa9-42cd-40f9-86c1-4324d48a534a: 18 groups; 0.4 s; peak memory 1183 MiB.
2026-10-07T22:50:21Z INFO [362/900] 6644c3fc-953d-4ec0-8307-e03e0b1d2aad: 200 groups; 1.9 s; peak memory 1183 MiB.
2026-10-07T22:50:22Z INFO [363/900] 6644fae9-17ec-4ee7-bd6d-74c4417ac57d: 196 groups; 1.4 s; peak memory 1183 MiB.
2026-10-07T22:50:30Z INFO [364/900] 6645ea96-c7ee-4a10-880c-3a1b372a9372: 184 groups; 7.5 s; peak memory 1183 MiB.
2026-10-07T22:50:31Z INFO [365/900] 6646b117-7722-4cd5-9135-f31efa56d660: 48 groups; 1.6 s; peak memory 1183 MiB.
2026-10-07T22:50:35Z INFO [366/900] 6646c7e0-c203-4f7f-8559-9d8f1561c12d: 78 groups; 3.4 s; peak memory 1183 MiB.
2026-10-07T22:50:36Z INFO [367/900] 6646e684-c4cd-4468-801d-beed5bde5873: 22 groups; 0.9 s; peak memory 1183 MiB.
2026-10-07T22:50:37Z INFO [368/900] 6647a34f-7237-46ef-8fa8-83d2c90be606: 36 groups; 1.0 s; peak memory 1183 MiB.
2026-10-07T22:50:38Z INFO [369/900] 6647aaa9-f9d8-4485-88c8-554d3043e41e: 32 groups; 0.9 s; peak memory 1183 MiB.
2026-10-07T22:50:43Z INFO [370/900] 66480877-8ed7-49cb-892e-d1049d88b5e6: 190 groups; 4.9 s; peak memory 1183 MiB.
2026-10-07T22:50:43Z INFO [371/900] 66482900-c8c9-48f1-a8bc-eada97f2124f: 22 groups; 0.8 s; peak memory 1183 MiB.
2026-10-07T22:50:44Z INFO [372/900] 66489296-cdd5-4777-aab8-d2006f96809c: 29 groups; 0.8 s; peak memory 1183 MiB.
2026-10-07T22:50:45Z INFO [373/900] 66498b4e-e80f-41f8-adc6-c07f06e6c4ed: 32 groups; 0.9 s; peak memory 1183 MiB.
2026-10-07T22:50:46Z INFO [374/900] 664994c2-0e4a-4012-a679-261a67c1b7f0: 32 groups; 0.9 s; peak memory 1183 MiB.
2026-10-07T22:50:59Z INFO [375/900] 664acff3-27db-43e9-ba72-bd189725eadf: 3040 groups; 13.0 s; peak memory 1183 MiB.
2026-10-07T22:51:00Z INFO [376/900] 664bc616-1b75-43e7-a8b6-15fd5284ad29: 253 groups; 1.0 s; peak memory 1183 MiB.
2026-10-07T22:51:01Z INFO [377/900] 664c0bda-c931-4757-9ae3-2a7cb1e01d91: 22 groups; 0.9 s; peak memory 1183 MiB.
2026-10-07T22:51:02Z INFO [378/900] 664c2f23-46cb-454b-baec-7b1a43bf247a: 22 groups; 0.8 s; peak memory 1183 MiB.
2026-10-07T22:51:03Z INFO [379/900] 664d2e9a-aeeb-4d1f-9edc-3b65711c93e8: 48 groups; 1.5 s; peak memory 1183 MiB.
2026-10-07T22:51:04Z INFO [380/900] 664e3408-856c-43ea-9e75-06e35abb2f34: 18 groups; 0.5 s; peak memory 1183 MiB.
2026-10-07T22:51:05Z INFO [381/900] 664e6312-60c1-4a8f-878a-d5d397aa1eb0: 22 groups; 0.8 s; peak memory 1183 MiB.
2026-10-07T22:51:07Z INFO [382/900] 664ee026-1ed0-486c-a42b-bf6340108e47: 45 groups; 2.5 s; peak memory 1183 MiB.
2026-10-07T22:51:08Z INFO [383/900] 664f2c6c-9df0-4e23-bc83-91632b2b1e3c: 36 groups; 1.0 s; peak memory 1183 MiB.
2026-10-07T22:51:09Z INFO [384/900] 664fe5ff-3b72-4997-9a3a-501efb4c6185: 32 groups; 0.8 s; peak memory 1183 MiB.
2026-10-07T22:51:10Z INFO [385/900] 6653d170-bb1f-4ba0-ae3d-d52df3fe2e4f: 194 groups; 1.7 s; peak memory 1183 MiB.
2026-10-07T22:51:12Z INFO [386/900] 6653feaf-1fd7-4482-bc23-de001aace061: 17 groups; 1.6 s; peak memory 1183 MiB.
2026-10-07T22:51:13Z INFO [387/900] 6654ab97-629c-4538-b594-24c8a9df51da: 35 groups; 0.9 s; peak memory 1183 MiB.
2026-10-07T22:52:06Z INFO [388/900] 66555b1b-cf6f-4b53-90fc-292fe58faa7d: 2318 groups; 53.4 s; peak memory 1183 MiB.
2026-10-07T22:52:07Z INFO [389/900] 6655a5e1-a273-4794-a70e-4af7cace63a9: 22 groups; 0.7 s; peak memory 1183 MiB.
2026-10-07T22:52:15Z INFO [390/900] 6655a850-02de-4e7e-b4b1-6d18d16b6d6d: 227 groups; 7.6 s; peak memory 1183 MiB.
2026-10-07T22:52:16Z INFO [391/900] 66561aab-e453-48e5-a1b4-be391589fbbc: 254 groups; 0.8 s; peak memory 1183 MiB.
2026-10-07T22:52:16Z INFO [392/900] 665625a0-6ecf-4992-b8bb-1b3f2ef646ed: 32 groups; 0.7 s; peak memory 1183 MiB.
2026-10-07T22:52:17Z INFO [393/900] 66562ffb-e4d8-4263-84f1-a3719e5e9eca: 22 groups; 0.7 s; peak memory 1183 MiB.
2026-10-07T22:52:17Z INFO [394/900] 6656aa88-3ab9-45e0-aecb-fa024d90db6c: 18 groups; 0.5 s; peak memory 1183 MiB.
2026-10-07T22:52:18Z INFO [395/900] 66573ce0-04e9-4ca4-8c5c-8a854d47c0e2: 28 groups; 0.8 s; peak memory 1183 MiB.
2026-10-07T22:52:24Z INFO [396/900] 6657570f-b1b7-4d39-b906-92858818ec04: 244 groups; 6.0 s; peak memory 1183 MiB.
2026-10-07T22:52:25Z INFO [397/900] 66577b7c-2a75-40e6-80a4-b8d123f8d812: 199 groups; 0.9 s; peak memory 1183 MiB.
2026-10-07T22:52:26Z INFO [398/900] 66598f21-059a-43ab-9c33-5231e7dad1f1: 22 groups; 0.7 s; peak memory 1183 MiB.
2026-10-07T22:52:30Z INFO [399/900] 6659ce85-9394-4b81-a4b8-09e5a9424a7a: 145 groups; 3.8 s; peak memory 1183 MiB.
2026-10-07T23:19:53Z INFO [400/900] 665bc84d-04b1-4ce3-8c8d-c0dd06195a24: 61 groups; 1643.6 s; peak memory 1183 MiB.
2026-10-07T23:19:53Z INFO [400/900] 665bc84d-04b1-4ce3-8c8d-c0dd06195a24: checkpointed 96236 records.
2026-10-07T23:19:55Z INFO [401/900] 665c2584-4024-4a5a-8d44-638742dd047d: 48 groups; 1.4 s; peak memory 1183 MiB.
2026-10-07T23:20:04Z INFO [402/900] 665c5cee-4d04-4d8a-8bf0-9955f0d79f57: 286 groups; 9.2 s; peak memory 1183 MiB.
2026-10-07T23:20:05Z INFO [403/900] 665cda37-3a51-4e26-b2cb-7536677c29d5: 16 groups; 0.5 s; peak memory 1183 MiB.
2026-10-07T23:20:06Z INFO [404/900] 665ceade-9638-4a8e-8d81-ffdbec7dd450: 35 groups; 0.9 s; peak memory 1183 MiB.
2026-10-07T23:20:07Z INFO [405/900] 665eddc9-73e5-44f0-9140-c43f931ef4a5: 35 groups; 1.3 s; peak memory 1183 MiB.
2026-10-07T23:20:08Z INFO [406/900] 665f2134-290c-467a-a154-a099c38f39fc: 32 groups; 0.9 s; peak memory 1183 MiB.
2026-10-07T23:20:13Z INFO [407/900] 665f87ac-13fe-4e2c-acb5-c6406b98b19b: 711 groups; 4.9 s; peak memory 1183 MiB.
2026-10-07T23:20:13Z INFO [408/900] 665f8df5-a818-4cd0-8931-f2490af47311: 22 groups; 0.9 s; peak memory 1183 MiB.
2026-10-07T23:20:14Z INFO [409/900] 666043d4-ffef-4f5b-b44a-85d5189caec6: 32 groups; 0.9 s; peak memory 1183 MiB.
2026-10-07T23:20:15Z INFO [410/900] 66607bb1-4016-4c97-bc21-e1ceb587621d: 22 groups; 0.6 s; peak memory 1183 MiB.
2026-10-07T23:20:16Z INFO [411/900] 66622d7e-4000-4bff-8944-9255d7520dd6: 202 groups; 1.0 s; peak memory 1183 MiB.
2026-10-07T23:20:17Z INFO [412/900] 6662aa95-c53c-4eb2-9214-e66296851470: 22 groups; 0.8 s; peak memory 1183 MiB.
2026-10-07T23:20:17Z INFO [413/900] 6662cc09-d986-4c23-a513-066ee7265c73: 32 groups; 0.8 s; peak memory 1183 MiB.
2026-10-07T23:20:18Z INFO [414/900] 6662ce9d-845b-4ae8-8deb-3c2c439d6dd0: 25 groups; 0.8 s; peak memory 1183 MiB.
2026-10-07T23:20:19Z INFO [415/900] 66630278-a205-4cd8-86cb-f8b623e454f4: 22 groups; 0.7 s; peak memory 1183 MiB.
2026-10-07T23:20:20Z INFO [416/900] 66636045-e1c2-4b11-bd43-85628b2dfd79: 33 groups; 1.2 s; peak memory 1183 MiB.
2026-10-07T23:20:29Z INFO [417/900] 666368c7-d65a-4a08-8aff-4d8978c95035: 22 groups; 8.6 s; peak memory 1183 MiB.
2026-10-07T23:20:34Z INFO [418/900] 6663a738-0416-4be3-9617-2d341f1ee2b8: 29 groups; 5.6 s; peak memory 1183 MiB.
2026-10-07T23:20:35Z INFO [419/900] 6663d28a-d3b9-449c-8586-0044e93ce655: 201 groups; 1.1 s; peak memory 1183 MiB.
2026-10-07T23:20:36Z INFO [420/900] 666490d6-8cda-4cd8-9329-cf2de985b755: 22 groups; 0.6 s; peak memory 1183 MiB.
2026-10-07T23:20:37Z INFO [421/900] 6664aaff-dd53-44ff-83cf-361d5a926d8f: 22 groups; 0.8 s; peak memory 1183 MiB.
2026-10-07T23:20:41Z INFO [422/900] 6664c040-2a37-4443-94ec-c7b63afd7905: 181 groups; 4.3 s; peak memory 1183 MiB.
2026-10-07T23:20:42Z INFO [423/900] 6665f88d-3d73-44e3-8f28-643c5063f5b6: 25 groups; 0.7 s; peak memory 1183 MiB.
2026-10-07T23:20:43Z INFO [424/900] 66667286-6875-4d1a-b64d-186073ed89cc: 48 groups; 1.6 s; peak memory 1183 MiB.
2026-10-07T23:20:44Z INFO [425/900] 6666fd87-daf3-4290-bf77-16079810ff19: 42 groups; 0.9 s; peak memory 1183 MiB.
2026-10-07T23:20:45Z INFO [426/900] 666716ae-b9d6-4dd6-a062-a104f65c8343: 18 groups; 0.6 s; peak memory 1183 MiB.
2026-10-07T23:20:46Z INFO [427/900] 666748b2-69d2-417b-a01e-123ffacf2e15: 25 groups; 0.9 s; peak memory 1183 MiB.
2026-10-07T23:20:55Z INFO [428/900] 6667a9a6-4480-47af-80cc-438f7caa0b00: 2029 groups; 9.7 s; peak memory 1183 MiB.
2026-10-07T23:21:02Z INFO [429/900] 6668be5a-a742-421e-bd59-182d5305235c: 319 groups; 6.0 s; peak memory 1183 MiB.
2026-10-07T23:21:04Z INFO [430/900] 6668e091-5f39-4609-a280-5080298b3603: 29 groups; 2.6 s; peak memory 1183 MiB.
2026-10-07T23:21:06Z INFO [431/900] 666a5b5a-fcfd-4ed1-aacc-6197875cff6e: 50 groups; 1.9 s; peak memory 1183 MiB.
2026-10-07T23:21:21Z INFO [432/900] 666a87a2-6a1f-4daa-a0dc-61b60f91ebfa: 483 groups; 14.9 s; peak memory 1183 MiB.
2026-10-07T23:21:22Z INFO [433/900] 666aa692-6e2c-4dcd-b26d-19f13567f9b5: 22 groups; 0.7 s; peak memory 1183 MiB.
2026-10-07T23:21:22Z INFO [434/900] 666af5a5-b354-46d2-a93d-6632c3ca2c93: 17 groups; 0.7 s; peak memory 1183 MiB.
2026-10-07T23:21:23Z INFO [435/900] 666cf03b-6284-4dc9-b080-10db84f4da0e: 22 groups; 0.7 s; peak memory 1183 MiB.
2026-10-07T23:21:24Z INFO [436/900] 666d8352-3c21-46bd-8783-65ae6624dcc7: 31 groups; 0.5 s; peak memory 1183 MiB.
2026-10-07T23:21:32Z INFO [437/900] 666d89e7-9ddb-4c0b-ad6e-54c78ec3bb53: 249 groups; 8.9 s; peak memory 1183 MiB.
2026-10-07T23:21:33Z INFO [438/900] 6670c1eb-5414-41be-8a35-57bfa970c205: 32 groups; 0.7 s; peak memory 1183 MiB.
2026-10-07T23:21:34Z INFO [439/900] 6670fdca-96a1-4571-9b0a-e499c0762ce7: 28 groups; 0.8 s; peak memory 1183 MiB.
2026-10-07T23:21:35Z INFO [440/900] 6671e33b-0058-43c7-95e5-b188ce4194aa: 87 groups; 0.9 s; peak memory 1183 MiB.
2026-10-07T23:21:36Z INFO [441/900] 667257be-7afa-4cc8-8f6a-9c8d0858d8a1: 35 groups; 1.0 s; peak memory 1183 MiB.
2026-10-07T23:21:38Z INFO [442/900] 6673080b-20bb-4981-ae36-d12ab18bde6d: 50 groups; 1.9 s; peak memory 1183 MiB.
2026-10-07T23:21:44Z INFO [443/900] 6673b5da-d187-43e8-9624-4693d010c888: 66 groups; 6.7 s; peak memory 1183 MiB.
2026-10-07T23:21:46Z INFO [444/900] 66740922-a3a8-4da8-95db-51f30eca88dd: 42 groups; 1.2 s; peak memory 1183 MiB.
2026-10-07T23:21:46Z INFO [445/900] 6674edcc-968a-4602-ab4c-541e7b92e28d: 22 groups; 0.7 s; peak memory 1183 MiB.
2026-10-07T23:21:47Z INFO [446/900] 667647cf-7c26-4e01-9171-760f28c03c47: 32 groups; 0.6 s; peak memory 1183 MiB.
2026-10-07T23:21:53Z INFO [447/900] 6676a205-d294-4273-9985-ae4bc7a32e61: 167 groups; 6.4 s; peak memory 1183 MiB.
2026-10-07T23:21:54Z INFO [448/900] 6676fe6c-86d9-43a7-be3a-645d3afe681a: 22 groups; 0.7 s; peak memory 1183 MiB.
2026-10-07T23:21:55Z INFO [449/900] 667742f2-3032-44e1-831f-324dc8354906: 207 groups; 1.3 s; peak memory 1183 MiB.
2026-10-07T23:21:57Z INFO [450/900] 66783e03-772d-4e45-ab6c-36e8ea1ab704: 48 groups; 1.6 s; peak memory 1183 MiB.
2026-10-07T23:21:57Z INFO [450/900] 66783e03-772d-4e45-ab6c-36e8ea1ab704: checkpointed 96286 records.
2026-10-07T23:21:58Z INFO [451/900] 6679221e-c8dd-4812-9a97-d8fa732c44c4: 194 groups; 1.0 s; peak memory 1183 MiB.
2026-10-07T23:22:00Z INFO [452/900] 667a1482-204c-4354-a52b-59f31d4943cd: 48 groups; 1.5 s; peak memory 1183 MiB.
2026-10-07T23:22:00Z INFO [453/900] 667a9e16-fc64-4a44-a67d-63aa8c37c2d7: 32 groups; 0.8 s; peak memory 1183 MiB.
2026-10-07T23:22:01Z INFO [454/900] 667b6583-ffb4-4147-9882-ed32789eda48: 18 groups; 0.6 s; peak memory 1183 MiB.
2026-10-07T23:22:03Z INFO [455/900] 667cf522-21dc-41c3-b271-1ec7a0597fba: 336 groups; 1.5 s; peak memory 1183 MiB.
2026-10-07T23:22:04Z INFO [456/900] 667d75f1-a4d5-47bb-977a-65328441edeb: 48 groups; 1.6 s; peak memory 1183 MiB.
2026-10-07T23:22:05Z INFO [457/900] 667d99a6-ea77-42e5-8728-974934d88e9e: 22 groups; 0.6 s; peak memory 1183 MiB.
2026-10-07T23:22:05Z INFO [458/900] 667db2be-35fa-4975-ad20-0b0cbe150a17: 254 groups; 0.6 s; peak memory 1183 MiB.
2026-10-07T23:22:06Z INFO [459/900] 667e429a-d27f-4ced-b54c-4571b7fe7c09: 27 groups; 1.1 s; peak memory 1183 MiB.
2026-10-07T23:22:07Z INFO [460/900] 667f53fc-bb3c-4f15-b221-7e7c1956fc63: 32 groups; 0.9 s; peak memory 1183 MiB.
2026-10-07T23:22:08Z INFO [461/900] 667f876c-42c7-46c6-acc6-88cd9a81e83f: 27 groups; 0.5 s; peak memory 1183 MiB.
2026-10-07T23:22:09Z INFO [462/900] 66805348-c0e6-4c66-a802-b5ac661aa6a7: 33 groups; 0.9 s; peak memory 1183 MiB.
2026-10-07T23:22:09Z INFO [463/900] 66810911-1261-4179-ad28-216069144326: 35 groups; 0.7 s; peak memory 1183 MiB.
2026-10-07T23:22:10Z INFO [464/900] 66815b00-9b09-41ae-b679-ef4fef42ec24: 22 groups; 0.8 s; peak memory 1183 MiB.
2026-10-07T23:22:11Z INFO [465/900] 66819349-50c0-4bf4-b009-f37282d32fe2: 26 groups; 0.6 s; peak memory 1183 MiB.
2026-10-07T23:22:11Z INFO [466/900] 668340f0-6161-40f6-9686-fd0f17894cf2: 22 groups; 0.7 s; peak memory 1183 MiB.
2026-10-07T23:22:12Z INFO [467/900] 66835bb7-4981-4b73-9c6c-60d766b452a5: 35 groups; 0.9 s; peak memory 1183 MiB.
2026-10-07T23:22:13Z INFO [468/900] 6683613f-5c01-4129-99a5-07fc33aa8448: 28 groups; 0.6 s; peak memory 1183 MiB.
2026-10-07T23:22:18Z INFO [469/900] 66839bb0-9c5c-4c4f-b90a-49e07602137f: 122 groups; 5.0 s; peak memory 1183 MiB.
2026-10-07T23:22:25Z INFO [470/900] 66852280-c50a-42b1-8b78-aeda9f853918: 187 groups; 7.2 s; peak memory 1183 MiB.
2026-10-07T23:22:26Z INFO [471/900] 6686e68c-d29c-430b-8dc6-949171baaec4: 20 groups; 0.6 s; peak memory 1183 MiB.
2026-10-07T23:22:31Z INFO [472/900] 6686f0fe-dff0-4c35-8774-345bf26df148: 166 groups; 4.8 s; peak memory 1183 MiB.
2026-10-07T23:22:31Z INFO [473/900] 668768c2-6ee4-4154-9818-64f022d2dae3: 35 groups; 0.8 s; peak memory 1183 MiB.
2026-10-07T23:22:32Z INFO [474/900] 66878000-f0b7-42e3-b7fb-23a9f7fea246: 35 groups; 1.0 s; peak memory 1183 MiB.
2026-10-07T23:22:34Z INFO [475/900] 6688d924-08a3-4248-a417-be8c784869c1: 142 groups; 1.7 s; peak memory 1183 MiB.
2026-10-07T23:22:35Z INFO [476/900] 6689b35b-d24c-4b92-b1b1-d7e9bb33d734: 195 groups; 1.0 s; peak memory 1183 MiB.
2026-10-07T23:22:37Z INFO [477/900] 668a33ed-c724-49b2-a0d6-0bc52404daef: 48 groups; 1.8 s; peak memory 1183 MiB.
2026-10-07T23:22:38Z INFO [478/900] 668aa86a-6e88-439c-b97a-99ab97e68c37: 22 groups; 0.8 s; peak memory 1183 MiB.
2026-10-07T23:22:38Z INFO [479/900] 668ad1ed-7507-45e5-a6e6-d527f4ef28e7: 22 groups; 0.7 s; peak memory 1183 MiB.
2026-10-07T23:22:39Z INFO [480/900] 668c3899-6977-490d-a619-2bba5eac62aa: 21 groups; 0.9 s; peak memory 1183 MiB.
2026-10-07T23:22:40Z INFO [481/900] 668d5fc5-3a97-4513-ace2-2cbb6b04fad8: 25 groups; 0.5 s; peak memory 1183 MiB.
2026-10-07T23:22:40Z INFO [482/900] 668dceef-49d5-4510-84d7-7297ceb69daf: 32 groups; 0.7 s; peak memory 1183 MiB.
2026-10-07T23:22:41Z INFO [483/900] 668df947-f879-4455-85e7-7921e11b46dd: 32 groups; 0.9 s; peak memory 1183 MiB.
2026-10-07T23:22:43Z INFO [484/900] 668f7244-4572-4057-84e4-b300ad01f9b9: 50 groups; 2.0 s; peak memory 1183 MiB.
2026-10-07T23:22:44Z INFO [485/900] 668f7c1f-f74f-4731-9a34-d588884cc9f3: 38 groups; 0.9 s; peak memory 1183 MiB.
2026-10-07T23:22:45Z INFO [486/900] 669095cd-2175-45ad-8eae-9e902bfd7367: 16 groups; 0.5 s; peak memory 1183 MiB.
2026-10-07T23:22:46Z INFO [487/900] 6690b84b-69fd-4c69-9be4-ad5f284fef2f: 20 groups; 0.7 s; peak memory 1183 MiB.
2026-10-07T23:22:50Z INFO [488/900] 66911686-3bf1-480b-b5bf-45f48104b196: 32 groups; 4.8 s; peak memory 1183 MiB.
2026-10-07T23:22:51Z INFO [489/900] 66915eb7-83b8-412d-b7a8-025ac7e8e811: 22 groups; 0.6 s; peak memory 1183 MiB.
2026-10-07T23:22:52Z INFO [490/900] 6691f7b3-00e6-4870-a57d-360d7809e858: 29 groups; 0.9 s; peak memory 1183 MiB.
2026-10-07T23:22:53Z INFO [491/900] 669201ad-07fa-41c6-95a9-ea73e9641acf: 22 groups; 0.9 s; peak memory 1183 MiB.
2026-10-07T23:22:54Z INFO [492/900] 66920e99-0bd3-4f9f-a21c-2921590bb72b: 32 groups; 1.0 s; peak memory 1183 MiB.
2026-10-07T23:22:55Z INFO [493/900] 66922b54-7539-43bd-9cbb-dfbe8f950c5c: 22 groups; 1.0 s; peak memory 1183 MiB.
2026-10-07T23:22:55Z INFO [494/900] 66936ae1-7f1c-4f75-b8f7-8ca719fd294d: 25 groups; 0.7 s; peak memory 1183 MiB.
2026-10-07T23:22:56Z INFO [495/900] 6694bf7c-a709-47ed-b3e8-fd2c25ec0de3: 21 groups; 0.6 s; peak memory 1183 MiB.
2026-10-07T23:24:40Z INFO [496/900] 6695c9b8-a3e5-4a84-870d-269ee89b9717: 62 groups; 104.4 s; peak memory 1183 MiB.
2026-10-07T23:24:47Z INFO [497/900] 6696c245-eb23-44e0-a8f1-c9dac7195b5d: 246 groups; 6.2 s; peak memory 1183 MiB.
2026-10-07T23:24:47Z INFO [498/900] 6696e7c9-a3b8-4f22-becf-a791159780a7: 17 groups; 0.5 s; peak memory 1183 MiB.
2026-10-07T23:24:48Z INFO [499/900] 669705bc-e0ac-40e6-8e60-a9d022582686: 22 groups; 0.7 s; peak memory 1183 MiB.
2026-10-07T23:24:49Z INFO [500/900] 6698295d-a284-4938-9e91-225ef039ec05: 32 groups; 0.8 s; peak memory 1183 MiB.
2026-10-07T23:24:49Z INFO [500/900] 6698295d-a284-4938-9e91-225ef039ec05: checkpointed 96336 records.
2026-10-07T23:24:50Z INFO [501/900] 669842b8-e6e2-49f5-885f-b8dcbc7dc1cc: 48 groups; 1.5 s; peak memory 1183 MiB.
2026-10-07T23:24:51Z INFO [502/900] 669a17cd-e4bd-493b-883f-e6ea80bd8bd5: 25 groups; 0.6 s; peak memory 1183 MiB.
2026-10-07T23:24:51Z INFO [503/900] 669ac77b-d61e-48f9-a191-0354b5a5fc9c: 30 groups; 0.6 s; peak memory 1183 MiB.
2026-10-07T23:24:53Z INFO [504/900] 669b6c08-3c42-4e52-b96f-a26388d2779e: 48 groups; 1.6 s; peak memory 1183 MiB.
2026-10-07T23:24:57Z INFO [505/900] 669b8c95-60bb-4f91-a726-aac4d48bfe4c: 66 groups; 4.4 s; peak memory 1183 MiB.
2026-10-07T23:24:58Z INFO [506/900] 669ca2cf-f422-4536-99b5-b3d2a880c973: 22 groups; 0.7 s; peak memory 1183 MiB.
2026-10-07T23:25:02Z INFO [507/900] 669d150e-92c0-4578-b52a-da4c65dd793d: 146 groups; 4.4 s; peak memory 1183 MiB.
2026-10-07T23:25:04Z INFO [508/900] 669d5ab8-8a1d-486c-bb61-d5568bdfd4ff: 48 groups; 1.3 s; peak memory 1183 MiB.
2026-10-07T23:25:04Z INFO [509/900] 669da3fe-54c8-4c52-b2c6-a56ae50d14bf: 32 groups; 0.6 s; peak memory 1183 MiB.
2026-10-07T23:25:05Z INFO [510/900] 669dcb10-6e9d-4e53-b333-d2162c6dcbd4: 30 groups; 0.4 s; peak memory 1183 MiB.
2026-10-07T23:25:08Z INFO [511/900] 669ec29a-0221-4438-8701-b3a6b4714541: 71 groups; 3.3 s; peak memory 1183 MiB.
2026-10-07T23:25:09Z INFO [512/900] 669f188f-658b-4477-9fbc-0c6d45ce875e: 32 groups; 0.7 s; peak memory 1183 MiB.
2026-10-07T23:25:10Z INFO [513/900] 669f758b-8eb9-489d-b440-24fcdf58d410: 22 groups; 0.8 s; peak memory 1183 MiB.
2026-10-07T23:25:11Z INFO [514/900] 669f935a-9a3b-4b37-8df9-e28926ff3cfe: 36 groups; 1.0 s; peak memory 1183 MiB.
2026-10-07T23:25:11Z INFO [515/900] 669faf5b-9fe3-4f3b-bed0-2c0200c9e8bf: 35 groups; 0.9 s; peak memory 1183 MiB.
2026-10-07T23:25:12Z INFO [516/900] 66a030fc-0647-403d-9208-4800ae0c2058: 35 groups; 1.0 s; peak memory 1183 MiB.
2026-10-07T23:25:13Z INFO [517/900] 66a1e0b3-e676-4df9-905e-ac2061845125: 22 groups; 0.7 s; peak memory 1183 MiB.
2026-10-07T23:25:14Z INFO [518/900] 66a1e961-67db-4e20-82b0-874a36135519: 22 groups; 0.7 s; peak memory 1183 MiB.
2026-10-07T23:25:18Z INFO [519/900] 66a25b30-66fc-40a0-8e6f-ad22334409ed: 29 groups; 4.5 s; peak memory 1183 MiB.
2026-10-07T23:25:19Z INFO [520/900] 66a28458-0268-4cc9-b21e-7a7e55705abc: 22 groups; 0.7 s; peak memory 1183 MiB.
2026-10-07T23:25:20Z INFO [521/900] 66a2db52-9fd0-4101-a9fd-78b35ec005f2: 33 groups; 0.6 s; peak memory 1183 MiB.
2026-10-07T23:25:34Z INFO [522/900] 66a2eff4-9894-4268-9a31-698930a7148f: 30 groups; 14.4 s; peak memory 1183 MiB.
2026-10-07T23:25:36Z INFO [523/900] 66a2f65e-c7d9-4191-ade8-c875cf66780a: 53 groups; 2.5 s; peak memory 1183 MiB.
2026-10-07T23:25:37Z INFO [524/900] 66a384a2-fbad-4bdb-9e6a-1c218955da34: 28 groups; 0.6 s; peak memory 1183 MiB.
2026-10-07T23:25:40Z INFO [525/900] 66a3d1a3-0c68-4538-9270-1b3fc062e968: 128 groups; 2.7 s; peak memory 1183 MiB.
2026-10-07T23:25:40Z INFO [526/900] 66a562c9-9667-4759-83d8-c10f4118ed9e: 22 groups; 0.7 s; peak memory 1183 MiB.
2026-10-07T23:25:41Z INFO [527/900] 66a61e10-82a2-4354-8c49-aa2e4f76973b: 32 groups; 0.8 s; peak memory 1183 MiB.
2026-10-07T23:25:42Z INFO [528/900] 66a64bce-54dc-4e5a-9082-914b629063c5: 32 groups; 0.5 s; peak memory 1183 MiB.
2026-10-07T23:25:44Z INFO [529/900] 66a84eae-ba68-4603-b6dc-6729a3281557: 33 groups; 2.4 s; peak memory 1183 MiB.
2026-10-07T23:25:45Z INFO [530/900] 66a91610-6bac-4b80-9da7-4a202e52841b: 35 groups; 1.2 s; peak memory 1183 MiB.
2026-10-07T23:25:46Z INFO [531/900] 66a9268f-d73a-41bd-9d8b-5c9de7d17e61: 22 groups; 0.8 s; peak memory 1183 MiB.
2026-10-07T23:25:47Z INFO [532/900] 66a93ee1-b4a7-4118-a1ff-a46b3c6f8dba: 29 groups; 0.9 s; peak memory 1183 MiB.
2026-10-07T23:25:48Z INFO [533/900] 66aa3eba-c37a-40bc-913b-c4186edf5bad: 29 groups; 0.9 s; peak memory 1183 MiB.
2026-10-07T23:25:49Z INFO [534/900] 66aa6e69-320a-4a37-81da-bb65ac9de177: 35 groups; 1.2 s; peak memory 1183 MiB.
2026-10-07T23:26:00Z INFO [535/900] 66aa9705-7a41-4955-a758-d5d7a7b7610b: 381 groups; 11.2 s; peak memory 1183 MiB.
2026-10-07T23:26:01Z INFO [536/900] 66aa99a7-579c-476f-a469-b527b2d9849e: 32 groups; 1.0 s; peak memory 1183 MiB.
2026-10-07T23:26:02Z INFO [537/900] 66ab20d4-0281-4be9-9c7d-4b8bfe89b02c: 206 groups; 1.1 s; peak memory 1183 MiB.
2026-10-07T23:26:03Z INFO [538/900] 66ab72d6-c4f0-417b-a339-3a4c91f7a264: 28 groups; 0.7 s; peak memory 1183 MiB.
2026-10-07T23:26:05Z INFO [539/900] 66abb170-66c2-4e62-9ccb-59fb5b9d19eb: 108 groups; 2.2 s; peak memory 1183 MiB.
2026-10-07T23:26:06Z INFO [540/900] 66abe516-1db6-464c-ba7f-eaf30f1c8fef: 22 groups; 0.7 s; peak memory 1183 MiB.
2026-10-07T23:26:10Z INFO [541/900] 66ac8788-7010-4de7-86a1-79a2abaeb844: 191 groups; 4.4 s; peak memory 1183 MiB.
2026-10-07T23:26:11Z INFO [542/900] 66adf674-2a60-4563-af41-c8b972ce9a13: 22 groups; 0.8 s; peak memory 1183 MiB.
2026-10-07T23:26:12Z INFO [543/900] 66adfb6b-081b-4c2a-aab5-03e5985353da: 22 groups; 0.5 s; peak memory 1183 MiB.
2026-10-07T23:26:12Z INFO [544/900] 66ae8fe6-5855-4160-bcb4-edd8aa08f99c: 32 groups; 0.7 s; peak memory 1183 MiB.
2026-10-07T23:26:13Z INFO [545/900] 66aecc12-0212-46b0-ba72-cfb7ef55a7da: 30 groups; 0.4 s; peak memory 1183 MiB.
2026-10-07T23:26:14Z INFO [546/900] 66af1a9a-c1bb-4bf4-8d33-f748dacb181d: 33 groups; 0.8 s; peak memory 1183 MiB.
2026-10-07T23:26:14Z INFO [547/900] 66af9a15-c3c2-4e96-b821-6c1bbcfe5260: 35 groups; 0.9 s; peak memory 1183 MiB.
2026-10-07T23:26:16Z INFO [548/900] 66b04e26-2bc5-4426-94f0-e9a6ca9bd6f8: 17 groups; 1.7 s; peak memory 1183 MiB.
2026-10-07T23:26:24Z INFO [549/900] 66b1702e-f112-4506-a372-59696d2e25d9: 234 groups; 7.6 s; peak memory 1183 MiB.
2026-10-07T23:26:25Z INFO [550/900] 66b178ed-b0db-4071-adab-2d92f523e3d2: 22 groups; 0.9 s; peak memory 1183 MiB.
2026-10-07T23:26:25Z INFO [550/900] 66b178ed-b0db-4071-adab-2d92f523e3d2: checkpointed 96386 records.
2026-10-07T23:26:25Z INFO [551/900] 66b2dc78-7775-4b32-8561-64a1584d3c87: 16 groups; 0.5 s; peak memory 1183 MiB.
2026-10-07T23:26:26Z INFO [552/900] 66b3c350-6843-40d4-862d-36bf192149c8: 22 groups; 0.8 s; peak memory 1183 MiB.
2026-10-07T23:26:27Z INFO [553/900] 66b3f206-05bd-4ce3-b81a-350447c47511: 32 groups; 0.6 s; peak memory 1183 MiB.
2026-10-07T23:26:36Z INFO [554/900] 66b406ad-f47f-4bd8-ad06-6d796f15b710: 148 groups; 8.9 s; peak memory 1183 MiB.
2026-10-07T23:26:36Z INFO [555/900] 66b55f26-ad8b-4ea9-9598-59164774d5a9: 22 groups; 0.6 s; peak memory 1183 MiB.
2026-10-07T23:26:37Z INFO [556/900] 66b60a7d-5ce7-464c-830e-8b0215b35cc7: 35 groups; 0.8 s; peak memory 1183 MiB.
2026-10-07T23:26:38Z INFO [557/900] 66b6f6e1-ad58-4e93-8c5d-7533be32fb41: 22 groups; 0.7 s; peak memory 1183 MiB.
2026-10-07T23:26:39Z INFO [558/900] 66b806af-5eda-4bdd-ae2c-069549dced73: 103 groups; 0.7 s; peak memory 1183 MiB.
2026-10-07T23:26:39Z INFO [559/900] 66b83bc3-d279-4792-8d3a-b031c4b11cbc: 25 groups; 0.8 s; peak memory 1183 MiB.
2026-10-07T23:26:40Z INFO [560/900] 66b8c98a-75ae-4c99-a818-82bf2700d6c8: 32 groups; 0.8 s; peak memory 1183 MiB.
2026-10-07T23:26:41Z INFO [561/900] 66b8dd27-6d1c-4761-9e9a-f549ed82e6b8: 33 groups; 1.0 s; peak memory 1183 MiB.
2026-10-07T23:26:42Z INFO [562/900] 66b91a9b-8a70-4407-b60a-c589759ccd5a: 17 groups; 0.6 s; peak memory 1183 MiB.
2026-10-07T23:26:43Z INFO [563/900] 66b96881-1a12-4983-9860-45fd54cdc317: 54 groups; 0.9 s; peak memory 1183 MiB.
2026-10-07T23:26:43Z INFO [564/900] 66baea58-b84b-4157-aab2-d19b809ed7d1: 32 groups; 0.7 s; peak memory 1183 MiB.
2026-10-07T23:26:44Z INFO [565/900] 66bb0705-355c-46c7-93b6-5cb214de3171: 32 groups; 0.7 s; peak memory 1183 MiB.
2026-10-07T23:26:45Z INFO [566/900] 66bc8a4e-0a5d-45e4-834e-1323b1159536: 22 groups; 0.6 s; peak memory 1183 MiB.
2026-10-07T23:26:45Z INFO [567/900] 66bcb9ce-a0ce-4b1b-b878-21e4bcf7b990: 22 groups; 0.6 s; peak memory 1183 MiB.
2026-10-07T23:26:47Z INFO [568/900] 66bcebaa-8682-4900-ae19-2a6764a74a6f: 54 groups; 1.6 s; peak memory 1183 MiB.
2026-10-07T23:26:47Z INFO [569/900] 66bdbef5-6e92-442e-aa18-2439561937ef: 22 groups; 0.6 s; peak memory 1183 MiB.
2026-10-07T23:26:50Z INFO [570/900] 66be39dc-a5a5-486d-9c4e-4cfeca320e98: 112 groups; 2.1 s; peak memory 1183 MiB.
2026-10-07T23:26:50Z INFO [571/900] 66be5103-4a4f-431d-8d9d-ec0e203ae1b5: 26 groups; 0.6 s; peak memory 1183 MiB.
2026-10-07T23:26:51Z INFO [572/900] 66bef199-e1bb-41af-8bf3-63d2c12dd06b: 25 groups; 0.7 s; peak memory 1183 MiB.
2026-10-07T23:26:54Z INFO [573/900] 66bef3fe-3d10-4fd3-a5cc-5c8fb333e583: 129 groups; 3.3 s; peak memory 1183 MiB.
2026-10-07T23:26:59Z INFO [574/900] 66bf9d39-7c61-4c11-82f8-e0f580ed84ca: 85 groups; 4.4 s; peak memory 1183 MiB.
2026-10-07T23:27:02Z INFO [575/900] 66c03dde-fdd8-4bfe-b697-eb18bd4e3087: 53 groups; 3.7 s; peak memory 1183 MiB.
2026-10-07T23:27:03Z INFO [576/900] 66c0b471-f5e3-4471-ad88-32e5c7748478: 337 groups; 1.0 s; peak memory 1183 MiB.
2026-10-07T23:27:05Z INFO [577/900] 66c0cbcc-2033-4744-b0ef-5152a5c22dc4: 259 groups; 1.6 s; peak memory 1183 MiB.
2026-10-07T23:27:06Z INFO [578/900] 66c0ce77-e7e2-46ef-b3d7-aec6a526830e: 60 groups; 1.5 s; peak memory 1183 MiB.
2026-10-07T23:27:07Z INFO [579/900] 66c12535-f82c-456f-b6d7-039bf253068e: 22 groups; 0.7 s; peak memory 1183 MiB.
2026-10-07T23:27:08Z INFO [580/900] 66c1ce2e-2a8e-4694-a424-63f22701e2c4: 252 groups; 0.8 s; peak memory 1183 MiB.
2026-10-07T23:27:08Z INFO [581/900] 66c29ebd-7892-410b-855e-fb54fd0089ee: 16 groups; 0.4 s; peak memory 1183 MiB.
2026-10-07T23:27:09Z INFO [582/900] 66c2bec4-0893-4ce2-84ca-971bd9eec3de: 22 groups; 0.5 s; peak memory 1183 MiB.
2026-10-07T23:27:09Z INFO [583/900] 66c30a6f-7483-4cb0-b355-78578b01e674: 32 groups; 0.6 s; peak memory 1183 MiB.
2026-10-07T23:27:13Z INFO [584/900] 66c3934c-fe61-4272-93f7-1f50d0528669: 75 groups; 3.3 s; peak memory 1183 MiB.
2026-10-07T23:27:23Z INFO [585/900] 66c3e89d-735f-4213-b1d3-029757b92cc8: 274 groups; 10.4 s; peak memory 1183 MiB.
2026-10-07T23:27:24Z INFO [586/900] 66c514bf-bc64-47d4-ba6f-8d7e129d347d: 31 groups; 0.6 s; peak memory 1183 MiB.
2026-10-07T23:27:24Z INFO [587/900] 66c5e957-bc3e-4fca-ac2c-dcbafb073d55: 16 groups; 0.4 s; peak memory 1183 MiB.
2026-10-07T23:27:24Z INFO [588/900] 66c5ef4a-233c-4a3c-91d9-a1ea03a001ea: 16 groups; 0.4 s; peak memory 1183 MiB.
2026-10-07T23:27:25Z INFO [589/900] 66c6b2c0-3d97-450f-b651-821a85e7686a: 24 groups; 0.6 s; peak memory 1183 MiB.
2026-10-07T23:27:26Z INFO [590/900] 66c6f7d1-2877-4aff-b95b-b54752a7eb6d: 48 groups; 1.4 s; peak memory 1183 MiB.
2026-10-07T23:27:27Z INFO [591/900] 66c75514-6e83-4a81-9683-065c954470b4: 29 groups; 0.9 s; peak memory 1183 MiB.
2026-10-07T23:27:28Z INFO [592/900] 66c7ccf0-64cd-40c0-aea7-eaebd7d505f2: 32 groups; 0.7 s; peak memory 1183 MiB.
2026-10-07T23:27:29Z INFO [593/900] 66c7f703-2daf-44b5-af05-120406e190b9: 22 groups; 0.7 s; peak memory 1183 MiB.
2026-10-07T23:27:36Z INFO [594/900] 66c9c8bf-3b17-4385-93c4-74ea4afe9d80: 283 groups; 7.7 s; peak memory 1183 MiB.
2026-10-07T23:27:38Z INFO [595/900] 66ca644d-9f52-463e-926f-3b830fff6906: 591 groups; 2.1 s; peak memory 1183 MiB.
2026-10-07T23:27:40Z INFO [596/900] 66cb69c2-65ba-4889-8359-ebd7eba72e3d: 50 groups; 2.0 s; peak memory 1183 MiB.
2026-10-07T23:27:41Z INFO [597/900] 66cbd05a-4e61-44ab-b18f-5e461ce4b647: 16 groups; 0.5 s; peak memory 1183 MiB.
2026-10-07T23:27:42Z INFO [598/900] 66cbd38b-e09e-4417-ac82-fa30fa22ff42: 41 groups; 1.0 s; peak memory 1183 MiB.
2026-10-07T23:27:43Z INFO [599/900] 66cc0dbe-1732-4e6e-8f14-e070fc2c684a: 22 groups; 0.8 s; peak memory 1183 MiB.
2026-10-07T23:30:18Z INFO [600/900] 66cc5053-3314-41cf-b93a-c49bc0378879: 42 groups; 155.2 s; peak memory 1358 MiB.
2026-10-07T23:30:18Z INFO [600/900] 66cc5053-3314-41cf-b93a-c49bc0378879: checkpointed 96436 records.
2026-10-07T23:30:19Z INFO [601/900] 66ccde3f-4146-46c7-91ef-652fbe741af6: 52 groups; 1.4 s; peak memory 1358 MiB.
2026-10-07T23:30:20Z INFO [602/900] 66cd052f-e229-4e0d-a242-072a3cf5187f: 22 groups; 0.7 s; peak memory 1358 MiB.
2026-10-07T23:30:23Z INFO [603/900] 66cd3208-201d-4f9f-80f1-bf767ce51ac7: 75 groups; 3.0 s; peak memory 1358 MiB.
2026-10-07T23:30:23Z INFO [604/900] 66cd4c40-5d1d-44cb-8602-688eaad663bb: 26 groups; 0.4 s; peak memory 1358 MiB.
2026-10-07T23:30:24Z INFO [605/900] 66cd6a8a-417d-45c0-b2ca-2424bb23ca30: 22 groups; 0.8 s; peak memory 1358 MiB.
2026-10-07T23:30:25Z INFO [606/900] 66ce02ce-7bd9-4384-801e-08c3422a2e2b: 18 groups; 0.5 s; peak memory 1358 MiB.
2026-10-07T23:30:26Z INFO [607/900] 66ce5962-db41-4d8f-a7df-bcbb7ab51ee9: 48 groups; 1.4 s; peak memory 1358 MiB.
2026-10-07T23:30:28Z INFO [608/900] 66ce7ff1-d1f8-45af-a39b-96d7d2cd40df: 48 groups; 1.7 s; peak memory 1358 MiB.
2026-10-07T23:30:30Z INFO [609/900] 66ceadb7-5a86-442f-b810-1921cb49af48: 48 groups; 1.8 s; peak memory 1358 MiB.
2026-10-07T23:30:32Z INFO [610/900] 66ceb95b-6d38-42b3-9c20-e5298197d3a8: 100 groups; 2.5 s; peak memory 1358 MiB.
2026-10-07T23:30:33Z INFO [611/900] 66cf1cdc-31df-402e-bdbc-0ad70f116839: 253 groups; 0.9 s; peak memory 1358 MiB.
2026-10-07T23:30:34Z INFO [612/900] 66d118b9-dceb-4513-95fa-60f1e056e48a: 17 groups; 1.3 s; peak memory 1358 MiB.
2026-10-07T23:30:35Z INFO [613/900] 66d13a1d-ba34-4bed-aa2d-fbacd1d64c93: 193 groups; 0.7 s; peak memory 1358 MiB.
2026-10-07T23:30:36Z INFO [614/900] 66d2739c-1624-49bb-a156-df42ea0eb360: 341 groups; 1.2 s; peak memory 1358 MiB.
2026-10-07T23:30:37Z INFO [615/900] 66d277d9-6c47-4900-9972-3d7f59801a4c: 32 groups; 0.8 s; peak memory 1358 MiB.
2026-10-07T23:30:38Z INFO [616/900] 66d49193-f142-47af-b45f-8e02432b7d8c: 31 groups; 0.9 s; peak memory 1358 MiB.
2026-10-07T23:30:40Z INFO [617/900] 66d4e6bf-e895-443b-887f-b274594fa8ca: 17 groups; 1.7 s; peak memory 1358 MiB.
2026-10-07T23:30:40Z INFO [618/900] 66d669e3-ac42-4b00-9c6a-a55971186211: 18 groups; 0.7 s; peak memory 1358 MiB.
2026-10-07T23:30:41Z INFO [619/900] 66d9273b-410a-4df9-8642-c68600cc645a: 24 groups; 1.0 s; peak memory 1358 MiB.
2026-10-07T23:30:42Z INFO [620/900] 66d95da8-d69b-4d52-b49f-e77de2865f7d: 32 groups; 1.1 s; peak memory 1358 MiB.
2026-10-07T23:30:45Z INFO [621/900] 66d9a735-34f0-4b18-a296-81e891afefc6: 95 groups; 2.2 s; peak memory 1358 MiB.
2026-10-07T23:30:46Z INFO [622/900] 66d9de2b-6027-476d-8ce9-533acfc7d445: 50 groups; 1.7 s; peak memory 1358 MiB.
2026-10-07T23:30:47Z INFO [623/900] 66da5b40-7fbd-4460-be41-11355407ccc4: 22 groups; 0.7 s; peak memory 1358 MiB.
2026-10-07T23:30:48Z INFO [624/900] 66da624e-4c20-45d7-a89d-2b94151210f0: 22 groups; 0.8 s; peak memory 1358 MiB.
2026-10-07T23:30:49Z INFO [625/900] 66da93d0-654f-4416-b413-1f752a5d30d3: 32 groups; 0.7 s; peak memory 1358 MiB.
2026-10-07T23:30:53Z INFO [626/900] 66dac3a9-3051-435c-99ee-fb388a7b1474: 70 groups; 4.7 s; peak memory 1358 MiB.
2026-10-07T23:30:54Z INFO [627/900] 66dae08c-f6ce-400e-bec0-2bdc84c53987: 32 groups; 0.7 s; peak memory 1358 MiB.
2026-10-07T23:30:55Z INFO [628/900] 66dbb843-9a1d-475f-908d-2a0e1c1abf8c: 22 groups; 0.7 s; peak memory 1358 MiB.
2026-10-07T23:30:55Z INFO [629/900] 66dc38dc-3c76-4a05-95dd-fd964338dc5e: 32 groups; 0.6 s; peak memory 1358 MiB.
2026-10-07T23:30:56Z INFO [630/900] 66dccccf-737b-462b-9349-97044f815f6e: 32 groups; 0.6 s; peak memory 1358 MiB.
2026-10-07T23:30:57Z INFO [631/900] 66dd339c-6187-4d49-aadd-92a2ae0693a6: 52 groups; 0.8 s; peak memory 1358 MiB.
2026-10-07T23:31:00Z INFO [632/900] 66dd5ef0-d00b-42c7-bdbf-a4aad05e8fcb: 199 groups; 3.2 s; peak memory 1358 MiB.
2026-10-07T23:31:01Z INFO [633/900] 66de41e9-c754-4bdd-b702-73eded42c410: 32 groups; 0.8 s; peak memory 1358 MiB.
2026-10-07T23:31:07Z INFO [634/900] 66ded1da-96f2-468b-a7a6-1dd4ff31dc88: 224 groups; 6.8 s; peak memory 1358 MiB.
2026-10-07T23:31:09Z INFO [635/900] 66df03ea-4e35-4f81-ac9a-d480329b5d0a: 194 groups; 1.1 s; peak memory 1358 MiB.
2026-10-07T23:31:09Z INFO [636/900] 66df0a67-85df-499e-bd4e-15d059754522: 32 groups; 0.7 s; peak memory 1358 MiB.
2026-10-07T23:31:10Z INFO [637/900] 66df407d-3e91-445e-8b4f-8fed75446e65: 35 groups; 0.7 s; peak memory 1358 MiB.
2026-10-07T23:31:11Z INFO [638/900] 66df812c-8f9d-43f1-9996-0272f8bc6678: 17 groups; 1.5 s; peak memory 1358 MiB.
2026-10-07T23:31:12Z INFO [639/900] 66dfcefe-91e1-416e-a567-97f5bf9557ea: 32 groups; 0.8 s; peak memory 1358 MiB.
2026-10-07T23:31:13Z INFO [640/900] 66e04590-b5e9-4476-9e06-be16801986ec: 26 groups; 1.1 s; peak memory 1358 MiB.
2026-10-07T23:31:18Z INFO [641/900] 66e09d23-5d78-4322-8762-99d57c4e0f2f: 206 groups; 5.1 s; peak memory 1358 MiB.
2026-10-07T23:31:24Z INFO [642/900] 66e1d92b-cbad-4d47-8a6e-427355513c9f: 27 groups; 5.6 s; peak memory 1358 MiB.
2026-10-07T23:31:25Z INFO [643/900] 66e3c29f-4630-417d-a701-0cfee9353cf5: 31 groups; 1.3 s; peak memory 1358 MiB.
2026-10-07T23:31:26Z INFO [644/900] 66e48720-30d5-4dd9-a8ca-cd63834d0a70: 32 groups; 1.0 s; peak memory 1358 MiB.
2026-10-07T23:31:27Z INFO [645/900] 66e4d08d-88f7-4d67-a4ad-0bd3fe93b66f: 22 groups; 0.8 s; peak memory 1358 MiB.
2026-10-07T23:31:28Z INFO [646/900] 66e50447-0967-409c-81ec-3e746cf6800e: 22 groups; 0.7 s; peak memory 1358 MiB.
2026-10-07T23:31:29Z INFO [647/900] 66e55a66-4ab2-49b5-b85f-6b2d83e72d9c: 32 groups; 1.4 s; peak memory 1358 MiB.
2026-10-07T23:31:30Z INFO [648/900] 66e563e6-1b6e-4b32-8a82-f0d894570112: 22 groups; 0.6 s; peak memory 1358 MiB.
2026-10-07T23:31:31Z INFO [649/900] 66e5f304-ab36-431c-861d-36f25f6c5c43: 33 groups; 1.0 s; peak memory 1358 MiB.
2026-10-07T23:31:32Z INFO [650/900] 66e650b8-7628-4389-8251-916a1e70e176: 33 groups; 0.9 s; peak memory 1358 MiB.
2026-10-07T23:31:32Z INFO [650/900] 66e650b8-7628-4389-8251-916a1e70e176: checkpointed 96486 records.
2026-10-07T23:31:33Z INFO [651/900] 66e6674e-4099-4575-a7b7-373eef2e0b28: 32 groups; 0.8 s; peak memory 1358 MiB.
2026-10-07T23:31:33Z INFO [652/900] 66e68da0-c812-4885-80f7-fe9e1f5e5ed1: 22 groups; 0.6 s; peak memory 1358 MiB.
2026-10-07T23:31:34Z INFO [653/900] 66e72bff-a728-4af7-b95e-e03eb1cab00e: 32 groups; 0.8 s; peak memory 1358 MiB.
2026-10-07T23:31:35Z INFO [654/900] 66e740a6-dc40-433a-a63f-bdc7fd4c9e90: 194 groups; 0.7 s; peak memory 1358 MiB.
2026-10-07T23:31:36Z INFO [655/900] 66e8b5c2-7fa7-4f93-a754-44a913051b04: 22 groups; 0.7 s; peak memory 1358 MiB.
2026-10-07T23:31:36Z INFO [656/900] 66e93f8c-89e4-4088-b06a-01fb1bf857a6: 22 groups; 0.6 s; peak memory 1358 MiB.
2026-10-07T23:31:37Z INFO [657/900] 66e9bd1d-7484-4245-974e-329b3c605911: 22 groups; 0.7 s; peak memory 1358 MiB.
2026-10-07T23:31:37Z INFO [658/900] 66e9d17f-ba64-497c-8909-8785db1d7708: 31 groups; 0.5 s; peak memory 1358 MiB.
2026-10-07T23:31:38Z INFO [659/900] 66ea2b2a-a849-4fee-b397-bb255e5f7ea1: 35 groups; 0.8 s; peak memory 1358 MiB.
2026-10-07T23:31:39Z INFO [660/900] 66eb71d7-4e37-4acc-9e81-f89d1ffc9dfe: 31 groups; 0.6 s; peak memory 1358 MiB.
2026-10-07T23:31:39Z INFO [661/900] 66ecdfc5-dfa7-421b-bc42-695e9b8bb55f: 22 groups; 0.8 s; peak memory 1358 MiB.
2026-10-07T23:31:40Z INFO [662/900] 66ed47c5-1b02-418f-a321-06f28e2d01f1: 71 groups; 0.5 s; peak memory 1358 MiB.
2026-10-07T23:31:41Z INFO [663/900] 66ee3548-12db-4043-b87a-fed7260bb38d: 25 groups; 0.8 s; peak memory 1358 MiB.
2026-10-07T23:33:34Z INFO [664/900] 66ee693d-00f1-43ff-98a9-831be3fca0a4: 60 groups; 113.1 s; peak memory 1358 MiB.
2026-10-07T23:33:35Z INFO [665/900] 66ee6b15-b82c-4dd4-8d6c-2c4a6c236384: 28 groups; 0.6 s; peak memory 1358 MiB.
2026-10-07T23:33:36Z INFO [666/900] 66ee9109-ee91-462b-99f3-93ae26843501: 202 groups; 1.0 s; peak memory 1358 MiB.
2026-10-07T23:33:37Z INFO [667/900] 66eeb7d7-af25-4b38-aad8-1dbf4529cb19: 48 groups; 1.4 s; peak memory 1358 MiB.
2026-10-07T23:33:37Z INFO [668/900] 66ef016e-0028-4a96-90ce-2adef31e9ea6: 31 groups; 0.5 s; peak memory 1358 MiB.
2026-10-07T23:33:38Z INFO [669/900] 66ef5769-d46d-4a2b-90a2-d11a0594a79e: 25 groups; 0.7 s; peak memory 1358 MiB.
2026-10-07T23:33:39Z INFO [670/900] 66ef6123-044d-40de-9c59-673eb1639c82: 32 groups; 0.8 s; peak memory 1358 MiB.
2026-10-07T23:33:39Z INFO [671/900] 66ef93e3-c2eb-4009-a223-602c20a4f1f5: 16 groups; 0.5 s; peak memory 1358 MiB.
2026-10-07T23:33:40Z INFO [672/900] 66ef9e15-57af-42f6-8d60-85baa6314174: 32 groups; 0.7 s; peak memory 1358 MiB.
2026-10-07T23:33:43Z INFO [673/900] 66f0360f-de29-4ee8-acaa-0883964b669b: 65 groups; 2.6 s; peak memory 1358 MiB.
2026-10-07T23:33:50Z INFO [674/900] 66f08b24-ee90-46d4-be16-d052b0df20a3: 222 groups; 7.4 s; peak memory 1358 MiB.
2026-10-07T23:33:51Z INFO [675/900] 66f0fdbe-bfe7-4bad-a350-c9603292cad2: 196 groups; 0.9 s; peak memory 1358 MiB.
2026-10-07T23:33:53Z INFO [676/900] 66f1a36e-fb4a-4230-bdf6-8a585fc375e5: 50 groups; 1.8 s; peak memory 1358 MiB.
2026-10-07T23:33:53Z INFO [677/900] 66f25beb-d050-4748-9526-9c59302456e1: 22 groups; 0.5 s; peak memory 1358 MiB.
2026-10-07T23:33:55Z INFO [678/900] 66f2bf86-aa35-4949-a49b-5075271e451f: 37 groups; 1.5 s; peak memory 1358 MiB.
2026-10-07T23:45:33Z INFO [679/900] 66f2c6ce-3324-489e-8c1b-a73fda7e1855: 139 groups; 698.2 s; peak memory 1358 MiB.
2026-10-07T23:45:37Z INFO [680/900] 66f2d747-281f-4689-8157-e7f008ec20c0: 210 groups; 3.9 s; peak memory 1358 MiB.
2026-10-07T23:45:40Z INFO [681/900] 66f35fbf-b90c-47b2-9154-ad413f911246: 104 groups; 3.1 s; peak memory 1358 MiB.
2026-10-07T23:45:41Z INFO [682/900] 66f542ea-f096-4b8e-8be0-b84e90115c1e: 35 groups; 0.8 s; peak memory 1358 MiB.
2026-10-07T23:45:42Z INFO [683/900] 66f5d9bd-a8c9-4731-a513-01711e318dac: 35 groups; 0.9 s; peak memory 1358 MiB.
2026-10-07T23:45:43Z INFO [684/900] 66f64264-1e19-4923-9202-3a410c45a0de: 341 groups; 1.0 s; peak memory 1358 MiB.
2026-10-07T23:45:44Z INFO [685/900] 66f74745-9154-4842-8dc3-e71cb27a72cc: 60 groups; 1.6 s; peak memory 1358 MiB.
2026-10-07T23:45:46Z INFO [686/900] 66f79ac9-e331-436b-8374-0f1dea1456c5: 195 groups; 1.1 s; peak memory 1358 MiB.
2026-10-07T23:45:46Z INFO [687/900] 66f7b005-10cf-4f64-9a72-a52dda9d11fb: 22 groups; 0.9 s; peak memory 1358 MiB.
2026-10-07T23:45:49Z INFO [688/900] 66f80df9-b778-40f1-9f00-83a50063a953: 144 groups; 2.8 s; peak memory 1358 MiB.
2026-10-07T23:45:50Z INFO [689/900] 66f8ff73-58a0-418a-b7b9-4ddd105538a2: 27 groups; 0.5 s; peak memory 1358 MiB.
2026-10-07T23:46:02Z INFO [690/900] 66f9c2d6-9e0e-477c-8cab-c8ed73851baa: 96 groups; 12.1 s; peak memory 1358 MiB.
2026-10-07T23:46:03Z INFO [691/900] 66fa0a53-fd7d-4897-b897-0c5a51e77b19: 35 groups; 1.1 s; peak memory 1358 MiB.
2026-10-07T23:46:04Z INFO [692/900] 66fa0fd1-f4c3-43a3-93a6-667bf7098bd8: 21 groups; 0.9 s; peak memory 1358 MiB.
2026-10-07T23:46:07Z INFO [693/900] 66fa2d2e-4693-4b5a-bd26-fcb6f1cb35cf: 181 groups; 3.4 s; peak memory 1358 MiB.
2026-10-07T23:46:08Z INFO [694/900] 66faa080-07fc-47ec-8a2c-cd24675703c0: 34 groups; 1.2 s; peak memory 1358 MiB.
2026-10-07T23:46:10Z INFO [695/900] 66fc5ad4-ca23-4532-aa95-d3f518eca680: 199 groups; 1.5 s; peak memory 1358 MiB.
2026-10-07T23:46:16Z INFO [696/900] 66fcabf0-c91e-4ac8-9bf6-6afb0fb17c41: 76 groups; 6.0 s; peak memory 1358 MiB.
2026-10-07T23:47:26Z INFO [697/900] 66fcc19c-2497-45cd-b172-278dd440c18a: 33 groups; 70.4 s; peak memory 1358 MiB.
2026-10-07T23:47:33Z INFO [698/900] 66fd2484-ad20-40e9-ae01-a5c42181992c: 201 groups; 6.9 s; peak memory 1358 MiB.
2026-10-07T23:47:34Z INFO [699/900] 66fdb086-fc0c-4576-9bb2-acaff5afd0f2: 31 groups; 1.1 s; peak memory 1358 MiB.
2026-10-07T23:47:35Z INFO [700/900] 66fdf42e-b2e3-453d-8b07-839e91b744bb: 32 groups; 0.8 s; peak memory 1358 MiB.
2026-10-07T23:47:35Z INFO [700/900] 66fdf42e-b2e3-453d-8b07-839e91b744bb: checkpointed 96536 records.
2026-10-07T23:47:36Z INFO [701/900] 66fdfdff-8fae-4bb7-aae6-9334ab6054a2: 33 groups; 0.8 s; peak memory 1358 MiB.
2026-10-07T23:47:36Z INFO [702/900] 66fe2566-d241-423e-a717-7b48c056608a: 16 groups; 0.4 s; peak memory 1358 MiB.
2026-10-07T23:47:37Z INFO [703/900] 66fe59df-e7a2-46ed-bf33-f9bc6a41c6ff: 35 groups; 0.8 s; peak memory 1358 MiB.
2026-10-07T23:47:38Z INFO [704/900] 66fe6709-3652-47cb-b9cf-71ceccbc6995: 32 groups; 0.6 s; peak memory 1358 MiB.
2026-10-07T23:47:52Z INFO [705/900] 66fe9a81-4349-406e-8d57-32706510ab24: 1278 groups; 14.3 s; peak memory 1358 MiB.
2026-10-07T23:47:53Z INFO [706/900] 66ffc0af-327d-44f9-845b-09d1d70678f2: 22 groups; 0.7 s; peak memory 1358 MiB.
2026-10-07T23:47:53Z INFO [707/900] 67000ced-32ce-447a-8194-19f59a76845e: 24 groups; 0.6 s; peak memory 1358 MiB.
2026-10-07T23:47:54Z INFO [708/900] 6700122f-f3f3-435c-b280-bf9233e83cd3: 22 groups; 0.8 s; peak memory 1358 MiB.
2026-10-07T23:47:56Z INFO [709/900] 67023487-1159-4153-b0ba-0b2aa75d1404: 194 groups; 1.7 s; peak memory 1358 MiB.
2026-10-07T23:47:57Z INFO [710/900] 67025477-9c06-4a62-88d9-2ad53ec5faa0: 35 groups; 0.7 s; peak memory 1358 MiB.
2026-10-07T23:47:58Z INFO [711/900] 6702989b-b4bc-438b-b795-fbee48155de0: 32 groups; 1.2 s; peak memory 1358 MiB.
2026-10-07T23:47:59Z INFO [712/900] 6705069f-1f71-4c54-8dd3-7ae46ceececd: 22 groups; 0.8 s; peak memory 1358 MiB.
2026-10-07T23:47:59Z INFO [713/900] 67066bc6-9b5f-4023-a06f-595f8e8e8f15: 22 groups; 0.6 s; peak memory 1358 MiB.
2026-10-07T23:48:00Z INFO [714/900] 6706b251-83d8-4962-aff2-e2dc3b92ca36: 22 groups; 0.7 s; peak memory 1358 MiB.
2026-10-07T23:48:01Z INFO [715/900] 67073a8f-27df-4487-a469-92f1c36e9cbb: 33 groups; 1.3 s; peak memory 1358 MiB.
2026-10-07T23:48:02Z INFO [716/900] 6707786f-e7ff-4ba7-8bb1-1f8b9671658a: 32 groups; 0.7 s; peak memory 1358 MiB.
2026-10-07T23:48:03Z INFO [717/900] 67081986-4326-4a4e-ac5c-2faf21f31d4a: 35 groups; 0.9 s; peak memory 1358 MiB.
2026-10-07T23:48:08Z INFO [718/900] 670838f0-ad2c-402a-ac19-95d47cfb28b5: 246 groups; 5.1 s; peak memory 1358 MiB.
2026-10-07T23:48:09Z INFO [719/900] 67083f07-181c-47bd-8e56-398b3a58b315: 22 groups; 0.6 s; peak memory 1358 MiB.
2026-10-07T23:48:09Z INFO [720/900] 6708adf8-d077-44a2-ab38-c1350323e392: 22 groups; 0.6 s; peak memory 1358 MiB.
2026-10-07T23:48:11Z INFO [721/900] 6708bae9-9809-4cca-8975-32805bfcc93a: 47 groups; 1.9 s; peak memory 1358 MiB.
2026-10-07T23:48:17Z INFO [722/900] 67099ec7-2b14-4588-8992-5d3973fa8d47: 265 groups; 5.6 s; peak memory 1358 MiB.
2026-10-07T23:48:18Z INFO [723/900] 6709d5ac-191b-425a-be4a-49ec05b7429c: 17 groups; 1.1 s; peak memory 1358 MiB.
2026-10-07T23:48:18Z INFO [724/900] 6709dee9-d31b-4597-9bc9-bb35cb7cbd5a: 17 groups; 0.5 s; peak memory 1358 MiB.
2026-10-07T23:48:20Z INFO [725/900] 670a6a76-d508-4db8-8eeb-745fd0432f70: 48 groups; 1.3 s; peak memory 1358 MiB.
2026-10-07T23:48:31Z INFO [726/900] 670a7d78-df26-4a14-8685-3206079ebd1a: 447 groups; 11.7 s; peak memory 1358 MiB.
2026-10-07T23:48:36Z INFO [727/900] 670b2b93-f6b1-4fca-a8f9-1aede1394fd7: 66 groups; 4.6 s; peak memory 1358 MiB.
2026-10-07T23:48:38Z INFO [728/900] 670b3849-57e3-4835-89e2-535a3a9e9e94: 54 groups; 1.6 s; peak memory 1358 MiB.
2026-10-07T23:48:44Z INFO [729/900] 670b70c1-c42e-4bd7-9e23-189c808938b3: 247 groups; 6.5 s; peak memory 1358 MiB.
2026-10-07T23:48:45Z INFO [730/900] 670b8d53-4eda-4b7e-b54b-a482e53a2028: 22 groups; 0.6 s; peak memory 1358 MiB.
2026-10-07T23:48:45Z INFO [731/900] 670c7676-b518-4b7c-a56b-c15d0bf4108a: 18 groups; 0.6 s; peak memory 1358 MiB.
2026-10-07T23:48:46Z INFO [732/900] 670dadc1-b99c-447d-ab89-699184b63726: 22 groups; 0.8 s; peak memory 1358 MiB.
2026-10-07T23:48:47Z INFO [733/900] 670ded68-9b33-483d-9dcb-3875e6362eae: 32 groups; 0.8 s; peak memory 1358 MiB.
2026-10-07T23:48:49Z INFO [734/900] 670e2ba4-052a-4bfc-9e60-c8d775885095: 204 groups; 1.8 s; peak memory 1358 MiB.
2026-10-07T23:48:50Z INFO [735/900] 670eda3d-fcf4-48cc-ba88-205967eb13a4: 195 groups; 0.9 s; peak memory 1358 MiB.
2026-10-07T23:48:50Z INFO [736/900] 670f4b76-6de6-481c-9806-bf5315050427: 22 groups; 0.8 s; peak memory 1358 MiB.
2026-10-07T23:48:51Z INFO [737/900] 670f5766-1b1b-46d3-a278-f7f4f514a368: 32 groups; 0.8 s; peak memory 1358 MiB.
2026-10-07T23:48:52Z INFO [738/900] 670f8577-1c0f-450f-91b0-ad5202b2460d: 28 groups; 0.6 s; peak memory 1358 MiB.
2026-10-07T23:48:52Z INFO [739/900] 670fcfba-ea4e-4563-9847-9b7b6f06d5c4: 17 groups; 0.5 s; peak memory 1358 MiB.
2026-10-07T23:48:55Z INFO [740/900] 6710a8af-2be6-4ec2-9542-e17d6fd2b11f: 66 groups; 2.5 s; peak memory 1358 MiB.
2026-10-07T23:48:58Z INFO [741/900] 6710c3f6-38ce-4096-b086-f673d6fa86e1: 66 groups; 3.2 s; peak memory 1358 MiB.
2026-10-07T23:49:00Z INFO [742/900] 67111c3e-07a9-405a-80ea-94288c72d314: 48 groups; 1.6 s; peak memory 1358 MiB.
2026-10-07T23:49:06Z INFO [743/900] 6711f2d5-e4e2-4f20-ab47-bf010caf6d57: 262 groups; 6.1 s; peak memory 1358 MiB.
2026-10-07T23:49:06Z INFO [744/900] 671419ce-1f2f-4bb5-81b6-681862b11797: 24 groups; 0.5 s; peak memory 1358 MiB.
2026-10-07T23:49:07Z INFO [745/900] 6714c5bf-5b9a-4b19-97c5-a702f2a09f11: 22 groups; 0.5 s; peak memory 1358 MiB.
2026-10-07T23:49:07Z INFO [746/900] 6714c7c7-ea90-4fe3-95c2-d705f09e9f46: 30 groups; 0.6 s; peak memory 1358 MiB.
2026-10-07T23:49:08Z INFO [747/900] 67155e22-55db-4726-80bc-83986b7532a1: 71 groups; 0.7 s; peak memory 1358 MiB.
2026-10-07T23:49:09Z INFO [748/900] 671625d3-228e-4232-94fa-873e589217eb: 22 groups; 0.8 s; peak memory 1358 MiB.
2026-10-07T23:49:10Z INFO [749/900] 6716b5ce-bc0d-4413-a343-72d3798176c3: 22 groups; 0.6 s; peak memory 1358 MiB.
2026-10-07T23:49:10Z INFO [750/900] 671763aa-7628-46c5-8daf-64bafee86ca6: 22 groups; 0.6 s; peak memory 1358 MiB.
2026-10-07T23:49:10Z INFO [750/900] 671763aa-7628-46c5-8daf-64bafee86ca6: checkpointed 96586 records.
2026-10-07T23:49:11Z INFO [751/900] 67176a87-6d19-46d5-9d9f-d56fa9dec789: 103 groups; 0.8 s; peak memory 1358 MiB.
2026-10-07T23:49:12Z INFO [752/900] 67183d10-24ed-4515-a845-d397b750ff16: 35 groups; 0.9 s; peak memory 1358 MiB.
2026-10-07T23:52:06Z INFO [753/900] 6718b709-5de5-45b6-9368-ce559c8601bf: 58 groups; 173.9 s; peak memory 1358 MiB.
2026-10-07T23:52:24Z INFO [754/900] 6718c3a8-6937-4fff-ad14-4b98b0e29768: 23 groups; 17.8 s; peak memory 1358 MiB.
2026-10-07T23:52:24Z INFO [755/900] 67194daf-3f90-48ba-a781-fbb9185af6cf: 22 groups; 0.7 s; peak memory 1358 MiB.
2026-10-07T23:52:25Z INFO [756/900] 6719a1c6-a461-419f-b74f-d01668a6ee98: 33 groups; 0.9 s; peak memory 1358 MiB.
2026-10-07T23:52:31Z INFO [757/900] 6719c5ea-0741-464d-b441-6b2caceafa62: 22 groups; 5.9 s; peak memory 1358 MiB.
2026-10-07T23:52:32Z INFO [758/900] 671b020b-19ed-4545-b312-9ec2c609a857: 195 groups; 1.0 s; peak memory 1358 MiB.
2026-10-07T23:52:33Z INFO [759/900] 671cbabc-5db7-47db-8353-3d2f1c001e1a: 17 groups; 0.5 s; peak memory 1358 MiB.
2026-10-07T23:52:33Z INFO [760/900] 671d6bfe-c8c8-4dc6-9848-4c49d5111d81: 22 groups; 0.7 s; peak memory 1358 MiB.
2026-10-07T23:52:34Z INFO [761/900] 671db898-04a5-4f18-9a72-34183d69901c: 32 groups; 0.8 s; peak memory 1358 MiB.
2026-10-07T23:52:35Z INFO [762/900] 671f7766-56ac-4835-b243-9d15bebb8013: 35 groups; 0.9 s; peak memory 1358 MiB.
2026-10-07T23:52:38Z INFO [763/900] 67206701-e267-452c-a956-dc56110be306: 71 groups; 2.9 s; peak memory 1358 MiB.
2026-10-07T23:52:38Z INFO [764/900] 6720995d-db03-4a78-b627-c5f7fc9bea01: 16 groups; 0.4 s; peak memory 1358 MiB.
2026-10-07T23:52:58Z INFO [765/900] 67210d68-0ab3-4526-936d-2af1e3139050: 297 groups; 19.5 s; peak memory 1358 MiB.
2026-10-07T23:52:59Z INFO [766/900] 672150f2-895e-48f4-bb4e-a9d4680f885c: 32 groups; 0.9 s; peak memory 1358 MiB.
2026-10-07T23:53:00Z INFO [767/900] 6721b983-5da9-49c5-b780-a9c2eaee22ee: 22 groups; 0.7 s; peak memory 1358 MiB.
2026-10-07T23:53:05Z INFO [768/900] 6723a92c-8e3c-4715-b15a-dc09f506d3fa: 76 groups; 5.9 s; peak memory 1358 MiB.
2026-10-07T23:53:06Z INFO [769/900] 6724b19c-d624-49b6-8c48-8a1694356271: 22 groups; 0.8 s; peak memory 1358 MiB.
2026-10-07T23:53:07Z INFO [770/900] 6726205e-fa6a-496d-8c76-66717e59fb1c: 253 groups; 0.7 s; peak memory 1358 MiB.
2026-10-07T23:53:08Z INFO [771/900] 672634b0-2cd2-4b3e-8ae8-c88b24043469: 28 groups; 0.6 s; peak memory 1358 MiB.
2026-10-07T23:53:08Z INFO [772/900] 6726f122-2885-40b3-b547-23ffba73423a: 22 groups; 0.7 s; peak memory 1358 MiB.
2026-10-07T23:53:13Z INFO [773/900] 67271418-6d7f-4fdc-ac03-ed241f5bd028: 811 groups; 4.7 s; peak memory 1358 MiB.
2026-10-07T23:53:14Z INFO [774/900] 672714de-72f6-4a59-9878-e7315be84d89: 17 groups; 1.5 s; peak memory 1358 MiB.
2026-10-07T23:53:16Z INFO [775/900] 672788d3-81af-486c-87f3-fd1c9e96a912: 35 groups; 1.3 s; peak memory 1358 MiB.
2026-10-07T23:53:17Z INFO [776/900] 6727a540-e8fa-40c7-a272-2bd3c0c8d7e5: 35 groups; 1.0 s; peak memory 1358 MiB.
2026-10-07T23:53:18Z INFO [777/900] 67286873-93c3-4bb4-97b8-b4e2b9cd065c: 31 groups; 0.9 s; peak memory 1358 MiB.
2026-10-07T23:53:19Z INFO [778/900] 6728ed2c-af62-499c-a76e-08ca06cf4d77: 48 groups; 1.6 s; peak memory 1358 MiB.
2026-10-07T23:53:20Z INFO [779/900] 6729f394-c218-462f-ac0c-351a25db1a6a: 22 groups; 0.7 s; peak memory 1358 MiB.
2026-10-07T23:53:21Z INFO [780/900] 672a29e3-d227-44a0-93a4-f473afd15fe8: 31 groups; 0.6 s; peak memory 1358 MiB.
2026-10-07T23:53:22Z INFO [781/900] 672acda2-988b-4921-9bad-0ca088c196ac: 255 groups; 0.8 s; peak memory 1358 MiB.
2026-10-07T23:53:22Z INFO [782/900] 672ad618-8570-4a20-814f-b6d67fdda32f: 22 groups; 0.8 s; peak memory 1358 MiB.
2026-10-07T23:53:23Z INFO [783/900] 672c1551-35b7-46e8-81a5-645fc31065e0: 22 groups; 0.8 s; peak memory 1358 MiB.
2026-10-07T23:53:24Z INFO [784/900] 672d3bb3-3655-4575-9103-492bcf59e86f: 22 groups; 0.7 s; peak memory 1358 MiB.
2026-10-07T23:53:25Z INFO [785/900] 672d49ed-8199-48db-9500-d52e3b3b10bd: 195 groups; 1.0 s; peak memory 1358 MiB.
2026-10-07T23:53:25Z INFO [786/900] 672d84ee-70fa-4c5c-8c29-20c42fb168af: 22 groups; 0.7 s; peak memory 1358 MiB.
2026-10-07T23:53:26Z INFO [787/900] 672dfc2d-e037-4750-b45b-c3bc1ebb43cc: 20 groups; 0.8 s; peak memory 1358 MiB.
2026-10-07T23:53:27Z INFO [788/900] 672ea1d4-dd24-4256-a39b-04e0c3677f63: 16 groups; 0.5 s; peak memory 1358 MiB.
2026-10-07T23:53:28Z INFO [789/900] 672f1cda-1b48-4307-b4c0-dd7d8a10c3df: 200 groups; 1.5 s; peak memory 1358 MiB.
2026-10-07T23:53:29Z INFO [790/900] 672f3115-c605-483c-b2c4-1c5a42a6422a: 32 groups; 0.8 s; peak memory 1358 MiB.
2026-10-07T23:53:30Z INFO [791/900] 672f67f0-c45a-426a-92f5-39ec3e278183: 22 groups; 0.7 s; peak memory 1358 MiB.
2026-10-07T23:53:35Z INFO [792/900] 6730e795-65e4-44fd-90cf-d999058628f4: 249 groups; 4.9 s; peak memory 1358 MiB.
2026-10-07T23:53:38Z INFO [793/900] 67315f7a-a872-4f70-ac7e-8fafd0d45efa: 181 groups; 3.3 s; peak memory 1358 MiB.
2026-10-07T23:53:39Z INFO [794/900] 6732e3dd-fdab-4433-8c03-e9404d6b41b4: 33 groups; 0.9 s; peak memory 1358 MiB.
2026-10-07T23:53:40Z INFO [795/900] 67331f49-70bd-4402-8da4-43e53c13e574: 17 groups; 1.2 s; peak memory 1358 MiB.
2026-10-07T23:53:41Z INFO [796/900] 67354cf4-f6b4-4752-9da3-653ef9229f82: 22 groups; 0.6 s; peak memory 1358 MiB.
2026-10-07T23:53:42Z INFO [797/900] 6735f9a8-0258-4cf8-a1a5-e7da02ac86b2: 203 groups; 1.0 s; peak memory 1358 MiB.
2026-10-07T23:53:42Z INFO [798/900] 67371110-8aaa-4c2e-82f5-3e3719b39662: 22 groups; 0.6 s; peak memory 1358 MiB.
2026-10-07T23:53:43Z INFO [799/900] 6737a337-c311-4a6b-956f-7e9e1be97d56: 32 groups; 0.7 s; peak memory 1358 MiB.
2026-10-07T23:53:44Z INFO [800/900] 6737f3a2-7c71-48db-8111-6c9f3106026b: 32 groups; 0.6 s; peak memory 1358 MiB.
2026-10-07T23:53:44Z INFO [800/900] 6737f3a2-7c71-48db-8111-6c9f3106026b: checkpointed 96636 records.
2026-10-07T23:53:45Z INFO [801/900] 6738f827-fbeb-49eb-aa30-96aad2285b19: 207 groups; 1.1 s; peak memory 1358 MiB.
2026-10-07T23:53:46Z INFO [802/900] 67392b1a-f5d7-4043-b45f-964b35f4233f: 31 groups; 0.9 s; peak memory 1358 MiB.
2026-10-07T23:53:47Z INFO [803/900] 67396f66-3646-4a7b-85d2-ff2e495de4f3: 31 groups; 0.6 s; peak memory 1358 MiB.
2026-10-07T23:53:48Z INFO [804/900] 673aa5a0-3c01-42ef-b234-4c9588c1b8d5: 48 groups; 1.4 s; peak memory 1358 MiB.
2026-10-07T23:53:49Z INFO [805/900] 673af7c6-739d-4c54-a771-798e0fbf1819: 32 groups; 0.7 s; peak memory 1358 MiB.
2026-10-07T23:53:49Z INFO [806/900] 673b6e54-bf77-4ceb-aaa7-4dcb232db805: 35 groups; 0.8 s; peak memory 1358 MiB.
2026-10-07T23:53:50Z INFO [807/900] 673ca2b9-be79-4c0e-b11e-42bfe0ddf43a: 22 groups; 0.6 s; peak memory 1358 MiB.
2026-10-07T23:53:51Z INFO [808/900] 673d46e9-11bf-4ba3-9e2e-b7cbe00fb059: 22 groups; 0.6 s; peak memory 1358 MiB.
2026-10-07T23:55:01Z INFO [809/900] 673d6890-5104-4def-ba48-2acab48b427c: 33 groups; 70.0 s; peak memory 1358 MiB.
2026-10-07T23:55:02Z INFO [810/900] 673d971e-a802-4d84-bd85-4d08a7f4b1ab: 35 groups; 1.4 s; peak memory 1358 MiB.
2026-10-07T23:55:03Z INFO [811/900] 673dac51-5c12-4ec6-85da-f06eeaf172fd: 17 groups; 1.4 s; peak memory 1358 MiB.
2026-10-07T23:55:04Z INFO [812/900] 673ddc5d-7dbe-42f3-a565-2c5b15c730c1: 30 groups; 0.6 s; peak memory 1358 MiB.
2026-10-07T23:55:05Z INFO [813/900] 673e32d4-70b1-4919-b952-274434a14b2f: 252 groups; 0.7 s; peak memory 1358 MiB.
2026-10-07T23:55:06Z INFO [814/900] 673e8c81-7a9d-4168-a0c1-13218a1b8601: 71 groups; 1.0 s; peak memory 1358 MiB.
2026-10-07T23:55:07Z INFO [815/900] 673e9c4e-a1dc-436c-bc99-735532b3f509: 54 groups; 1.0 s; peak memory 1358 MiB.
2026-10-07T23:55:08Z INFO [816/900] 673f2feb-bb6f-402c-9a05-2e40d9205a2a: 43 groups; 1.3 s; peak memory 1358 MiB.
2026-10-07T23:55:09Z INFO [817/900] 673fed20-f988-4f7a-b8ea-4423dabc8e3a: 32 groups; 0.9 s; peak memory 1358 MiB.
2026-10-07T23:55:10Z INFO [818/900] 67404650-d127-4fe2-b007-7982cbafcb43: 22 groups; 0.8 s; peak memory 1358 MiB.
2026-10-07T23:55:11Z INFO [819/900] 6740bef9-5aa9-4fd8-b341-17804c2437a6: 22 groups; 0.9 s; peak memory 1358 MiB.
2026-10-07T23:55:11Z INFO [820/900] 67413f64-1238-47df-ac37-81d915203bf6: 26 groups; 0.8 s; peak memory 1358 MiB.
2026-10-07T23:55:12Z INFO [821/900] 6741c5dd-b57b-4aa3-98b6-da2d779d33ee: 44 groups; 0.8 s; peak memory 1358 MiB.
2026-10-07T23:55:13Z INFO [822/900] 6742758c-ed9f-4f53-88b8-5ddd30d3340a: 24 groups; 0.5 s; peak memory 1358 MiB.
2026-10-07T23:55:26Z INFO [823/900] 6742b3f7-ec00-4bfe-ba6b-06e47aaa8209: 170 groups; 12.9 s; peak memory 1358 MiB.
2026-10-07T23:55:26Z INFO [824/900] 67438511-c2d7-405f-9f1b-cacfcebe9ab2: 22 groups; 0.8 s; peak memory 1358 MiB.
2026-10-07T23:55:27Z INFO [825/900] 6743e703-a995-4a5c-a6a1-c9de7e79f8ff: 25 groups; 0.8 s; peak memory 1358 MiB.
2026-10-07T23:55:29Z INFO [826/900] 6743eaae-2087-49ef-ac2a-9cb5e23550eb: 27 groups; 1.6 s; peak memory 1358 MiB.
2026-10-07T23:55:29Z INFO [827/900] 6744baf6-1bc3-4542-bf83-668db1095c0c: 30 groups; 0.5 s; peak memory 1358 MiB.
2026-10-07T23:55:30Z INFO [828/900] 6744fec4-5ec5-4d64-863e-b56b1ee6e4c7: 34 groups; 0.7 s; peak memory 1358 MiB.
2026-10-07T23:55:31Z INFO [829/900] 67452578-fadf-46ce-82a7-5e24a1f520b3: 16 groups; 0.5 s; peak memory 1358 MiB.
2026-10-07T23:55:31Z INFO [830/900] 6745afd7-932e-4f54-8ce8-02324a4fbbe4: 22 groups; 0.7 s; peak memory 1358 MiB.
2026-10-07T23:55:32Z INFO [831/900] 6746c9d6-2661-45e4-983a-70245a2b0421: 32 groups; 0.6 s; peak memory 1358 MiB.
2026-10-07T23:55:32Z INFO [832/900] 6746d275-e7b1-4883-88d7-e503c5904df7: 16 groups; 0.4 s; peak memory 1358 MiB.
2026-10-07T23:55:33Z INFO [833/900] 6748c55b-ed9b-4898-b14d-edaff6254491: 25 groups; 0.7 s; peak memory 1358 MiB.
2026-10-07T23:55:36Z INFO [834/900] 674a7bb0-126a-4309-8912-5f12a74f7082: 73 groups; 3.2 s; peak memory 1358 MiB.
2026-10-07T23:55:37Z INFO [835/900] 674adfb1-8833-4a31-9d8d-ece9be542bb8: 17 groups; 0.6 s; peak memory 1358 MiB.
2026-10-07T23:55:37Z INFO [836/900] 674c979f-4961-4d98-9aeb-e880afd9553e: 22 groups; 0.6 s; peak memory 1358 MiB.
2026-10-07T23:55:38Z INFO [837/900] 674cdd24-23d6-48d5-aa8e-a40ff7a53197: 22 groups; 0.6 s; peak memory 1358 MiB.
2026-10-07T23:55:39Z INFO [838/900] 674cedb3-61c5-4f89-8a63-6a3c54406284: 32 groups; 0.9 s; peak memory 1358 MiB.
2026-10-07T23:55:42Z INFO [839/900] 674dd925-3edc-45c3-86ac-a8d7e4ebf1e6: 34 groups; 3.2 s; peak memory 1358 MiB.
2026-10-07T23:55:44Z INFO [840/900] 674e7ee2-8c2d-4ffd-bc11-7f88b16f2bc9: 48 groups; 1.7 s; peak memory 1358 MiB.
2026-10-07T23:56:01Z INFO [841/900] 674ebf78-21af-4b22-bb85-80dc5dd2e464: 23 groups; 17.1 s; peak memory 1358 MiB.
2026-10-07T23:56:03Z INFO [842/900] 674f0192-fe85-4405-a80c-248d683cd8f4: 17 groups; 1.8 s; peak memory 1358 MiB.
2026-10-07T23:56:04Z INFO [843/900] 674f12db-c430-456e-9cd5-04dbabb75eca: 25 groups; 0.9 s; peak memory 1358 MiB.
2026-10-07T23:56:04Z INFO [844/900] 67500671-24f4-4192-82bb-7241bfea6359: 252 groups; 0.7 s; peak memory 1358 MiB.
2026-10-07T23:56:05Z INFO [845/900] 67508fa9-8ea8-432e-9614-3d4c5e9665ed: 28 groups; 0.6 s; peak memory 1358 MiB.
2026-10-07T23:56:06Z INFO [846/900] 67526455-7a8e-477b-9ce0-46e32e652885: 103 groups; 0.7 s; peak memory 1358 MiB.
2026-10-07T23:56:06Z INFO [847/900] 6752be2e-38db-4855-8b36-0fb02c65150e: 25 groups; 0.6 s; peak memory 1358 MiB.
2026-10-07T23:56:07Z INFO [848/900] 6752eb41-78ee-4c8c-a546-2c3fc9e88614: 35 groups; 0.8 s; peak memory 1358 MiB.
2026-10-07T23:56:08Z INFO [849/900] 67536a53-0e1f-4294-aee9-df56e0b77cfc: 22 groups; 0.6 s; peak memory 1358 MiB.
2026-10-07T23:56:09Z INFO [850/900] 67538b84-fce9-4926-9f29-231ac85aa8b9: 196 groups; 1.1 s; peak memory 1358 MiB.
2026-10-07T23:56:09Z INFO [850/900] 67538b84-fce9-4926-9f29-231ac85aa8b9: checkpointed 96686 records.
2026-10-07T23:56:10Z INFO [851/900] 6753c6c0-59f0-452b-8e41-d5ef58b4a656: 336 groups; 0.9 s; peak memory 1358 MiB.
2026-10-07T23:56:11Z INFO [852/900] 6754281c-cf04-42e4-888f-4ecfe385f038: 32 groups; 0.9 s; peak memory 1358 MiB.
2026-10-07T23:56:11Z INFO [853/900] 67547809-d6cf-4fe1-83aa-15b5c474c860: 25 groups; 0.7 s; peak memory 1358 MiB.
2026-10-07T23:56:12Z INFO [854/900] 67547944-47be-44d8-b99a-87f5c6647144: 32 groups; 0.5 s; peak memory 1358 MiB.
2026-10-07T23:56:13Z INFO [855/900] 67547cef-df3e-4b15-a4a5-45866b8a3c5d: 40 groups; 1.2 s; peak memory 1358 MiB.
2026-10-07T23:56:14Z INFO [856/900] 6754e792-8926-4a74-8aec-d1673e50b90d: 25 groups; 0.8 s; peak memory 1358 MiB.
2026-10-07T23:56:15Z INFO [857/900] 6755ab34-0f36-4692-8b1e-829ced733a23: 35 groups; 0.9 s; peak memory 1358 MiB.
2026-10-07T23:56:16Z INFO [858/900] 6756914c-dfdf-499f-b195-3b5b4407e6b6: 35 groups; 0.8 s; peak memory 1358 MiB.
2026-10-07T23:56:16Z INFO [859/900] 67573478-7074-4b7d-930f-ab728464bc2f: 17 groups; 0.6 s; peak memory 1358 MiB.
2026-10-07T23:56:17Z INFO [860/900] 675774f5-d68f-46a2-a203-b6d8bbf9ce2b: 22 groups; 0.9 s; peak memory 1358 MiB.
2026-10-07T23:56:18Z INFO [861/900] 67582966-ebad-45e9-9ab1-e9eb953d4a53: 16 groups; 0.5 s; peak memory 1358 MiB.
2026-10-07T23:56:19Z INFO [862/900] 67595d53-948b-4bb2-9334-5bf41b4b4c07: 341 groups; 1.4 s; peak memory 1358 MiB.
2026-10-07T23:56:20Z INFO [863/900] 675a128d-c436-4855-9c4f-3bad566eb122: 35 groups; 1.0 s; peak memory 1358 MiB.
2026-10-07T23:56:21Z INFO [864/900] 675a1e0d-0eb0-4778-89b2-f41916c0f888: 35 groups; 1.2 s; peak memory 1358 MiB.
2026-10-07T23:56:22Z INFO [865/900] 675ae9db-073a-457c-bf01-3e29d7ae3e2c: 17 groups; 1.4 s; peak memory 1358 MiB.
2026-10-07T23:56:23Z INFO [866/900] 675c0061-0be4-401a-8c18-4148caf0d4bc: 22 groups; 0.6 s; peak memory 1358 MiB.
2026-10-07T23:56:30Z INFO [867/900] 675c02ea-8029-476d-af7d-90b5163a6bfc: 242 groups; 6.8 s; peak memory 1358 MiB.
2026-10-07T23:56:31Z INFO [868/900] 675c1f8e-2b89-4896-8199-106156096e0a: 35 groups; 1.2 s; peak memory 1358 MiB.
2026-10-07T23:56:32Z INFO [869/900] 675d513d-e2f3-4596-ba9a-c198a36f911d: 35 groups; 0.7 s; peak memory 1358 MiB.
2026-10-07T23:56:33Z INFO [870/900] 675d8479-6bf5-4856-89e7-e5acdf73cc20: 32 groups; 0.8 s; peak memory 1358 MiB.
2026-10-07T23:56:34Z INFO [871/900] 675d8a85-def1-4b8c-ba2e-a091fa09e98c: 29 groups; 1.1 s; peak memory 1358 MiB.
2026-10-07T23:56:35Z INFO [872/900] 675daa10-0013-40b1-acfd-c61c23ebb453: 195 groups; 1.0 s; peak memory 1358 MiB.
2026-10-07T23:56:42Z INFO [873/900] 675ea3fe-8ae3-4eb2-8dc1-47d3f2216894: 1074 groups; 7.6 s; peak memory 1358 MiB.
2026-10-07T23:56:44Z INFO [874/900] 675f21f2-d738-409b-a681-793c087fc353: 46 groups; 1.5 s; peak memory 1358 MiB.
2026-10-07T23:56:45Z INFO [875/900] 675f3142-9def-46b3-9add-ea6409e72dac: 99 groups; 0.8 s; peak memory 1358 MiB.
2026-10-07T23:56:45Z INFO [876/900] 675f5882-016e-4977-aa0f-a6729b51de90: 32 groups; 0.8 s; peak memory 1358 MiB.
2026-10-07T23:56:46Z INFO [877/900] 675fdb45-4391-40e2-9b1f-528b6d5c0ec6: 32 groups; 0.9 s; peak memory 1358 MiB.
2026-10-07T23:56:47Z INFO [878/900] 675febf2-2b93-4c72-b155-44196351d975: 16 groups; 0.4 s; peak memory 1358 MiB.
2026-10-07T23:56:47Z INFO [879/900] 675ff69a-508f-41f5-9895-83ae48c9f2c1: 32 groups; 0.7 s; peak memory 1358 MiB.
2026-10-07T23:56:49Z INFO [880/900] 67604fb4-4dd3-45f7-af16-b72c1045f0f5: 207 groups; 1.2 s; peak memory 1358 MiB.
2026-10-07T23:56:51Z INFO [881/900] 67605b1b-076c-45c1-b5bb-678f3178b913: 336 groups; 1.8 s; peak memory 1358 MiB.
2026-10-07T23:56:51Z INFO [882/900] 6760d76e-c9b8-4791-a786-81671ee0d920: 33 groups; 0.6 s; peak memory 1358 MiB.
2026-10-07T23:56:52Z INFO [883/900] 67611e51-6f53-4f9c-88fe-44347ab80d43: 32 groups; 0.6 s; peak memory 1358 MiB.
2026-10-07T23:56:53Z INFO [884/900] 6761b363-153c-433c-ac23-d84497cab96c: 32 groups; 0.9 s; peak memory 1358 MiB.
2026-10-07T23:56:53Z INFO [885/900] 6761bfdc-435c-489b-9aa9-6b907b745049: 22 groups; 0.8 s; peak memory 1358 MiB.
2026-10-07T23:56:54Z INFO [886/900] 67625048-3028-4114-8a15-08537b9a4266: 43 groups; 0.9 s; peak memory 1358 MiB.
2026-10-07T23:56:55Z INFO [887/900] 6762bf96-0a32-4722-be43-66f7e49640bc: 22 groups; 0.6 s; peak memory 1358 MiB.
2026-10-07T23:56:56Z INFO [888/900] 676337eb-37bb-4f1d-9778-aaa2fbf3df17: 341 groups; 1.1 s; peak memory 1358 MiB.
2026-10-07T23:56:57Z INFO [889/900] 67634b70-8733-4170-981f-175549528577: 22 groups; 0.6 s; peak memory 1358 MiB.
2026-10-07T23:56:57Z INFO [890/900] 6763ed40-409b-4c21-a8b3-a7fedf7d264a: 22 groups; 0.6 s; peak memory 1358 MiB.
2026-10-07T23:56:58Z INFO [891/900] 67645b00-172c-4666-a5d9-f31f07db9890: 36 groups; 1.0 s; peak memory 1358 MiB.
2026-10-07T23:56:59Z INFO [892/900] 67649337-51d8-4d4a-a9aa-44c370d6693b: 18 groups; 0.6 s; peak memory 1358 MiB.
2026-10-07T23:57:01Z INFO [893/900] 6764d259-276a-4bb0-94d0-2759951fd2f4: 27 groups; 1.7 s; peak memory 1358 MiB.
2026-10-07T23:57:01Z INFO [894/900] 6765407e-aa31-4939-b098-68872ac9b637: 33 groups; 0.5 s; peak memory 1358 MiB.
2026-10-07T23:57:03Z INFO [895/900] 67655000-b48d-408e-8341-36630016cedf: 52 groups; 2.2 s; peak memory 1358 MiB.
2026-10-07T23:57:04Z INFO [896/900] 6765cc29-6065-4d88-897e-9d2a39030df1: 25 groups; 0.8 s; peak memory 1358 MiB.
2026-10-07T23:57:05Z INFO [897/900] 6765df19-f17a-4011-9e59-69441d46a410: 203 groups; 0.9 s; peak memory 1358 MiB.
2026-10-07T23:57:05Z INFO [898/900] 6765e834-3ec6-41b2-a46a-e62b3d84e351: 25 groups; 0.6 s; peak memory 1358 MiB.
2026-10-07T23:57:07Z INFO [899/900] 67666a4a-1c01-47cc-964e-dd9e50020ad7: 199 groups; 1.0 s; peak memory 1358 MiB.
2026-10-07T23:57:08Z INFO [900/900] 6766bf5d-fd48-4623-8949-9712a1a17ad5: 207 groups; 1.2 s; peak memory 1358 MiB.
2026-10-07T23:57:08Z INFO [900/900] 6766bf5d-fd48-4623-8949-9712a1a17ad5: checkpointed 96736 records.
2026-10-07T23:57:08Z INFO Wrote 96736 records to /tmp/derivatives/valid_nwb_file_to_number_of_groups.jsonl (900 new, 0 failed) in 119.8 min (peak memory 1358 MiB).
