2026-10-04T17:41:09Z INFO Logging to /tmp/logs/update_2026-10-04T17-41-09Z.log.
2026-10-04T17:41:09Z INFO Update valid-nwb-file-to-number-of-groups (base directory /tmp).
2026-10-04T17:41:09Z INFO Processing 900 items (73336 already recorded).
2026-10-04T17:41:11Z INFO [1/900] 368b9c34-8f58-44a6-bcfa-2991cfa89014: 42 groups; 2.1 s; peak memory 106 MiB.
2026-10-04T17:41:13Z INFO [2/900] 368ca250-3714-4b39-a21c-0b432b0e289f: 31 groups; 1.1 s; peak memory 107 MiB.
2026-10-04T17:41:14Z INFO [3/900] 368cc443-1b38-4e8c-8cc4-eb2c263da205: 22 groups; 1.2 s; peak memory 107 MiB.
2026-10-04T17:41:16Z INFO [4/900] 368cfdfe-97c0-4bf7-b6c9-74eab5c1b5b6: 48 groups; 2.7 s; peak memory 109 MiB.
2026-10-04T17:41:18Z INFO [5/900] 368f1e56-3cd7-4d30-8149-ec7c692f3735: 32 groups; 1.5 s; peak memory 109 MiB.
2026-10-04T17:55:57Z INFO [6/900] 368fa71e-4c93-4f7e-af15-06776ca07f34: 89 groups; 878.9 s; peak memory 1079 MiB.
2026-10-04T17:55:58Z INFO [7/900] 369144bb-a3fc-403b-b64d-b03244ccd713: 24 groups; 1.4 s; peak memory 1079 MiB.
2026-10-04T17:56:00Z INFO [8/900] 3691547d-f01d-4961-8f7b-1984ac09337e: 194 groups; 1.8 s; peak memory 1079 MiB.
2026-10-04T17:56:01Z INFO [9/900] 3692697a-1f1e-4487-8bec-d9734480b15e: 22 groups; 1.2 s; peak memory 1079 MiB.
2026-10-04T17:56:02Z INFO [10/900] 369275af-861e-4ac9-9235-50bb049a28b5: 22 groups; 1.2 s; peak memory 1079 MiB.
2026-10-04T17:56:04Z INFO [11/900] 3692cc85-c893-4ac4-a759-46e36782b3ed: 22 groups; 1.3 s; peak memory 1079 MiB.
2026-10-04T17:56:05Z INFO [12/900] 369322b1-66be-46d7-94b7-5f1dee396a29: 29 groups; 1.7 s; peak memory 1079 MiB.
2026-10-04T17:56:07Z INFO [13/900] 36945380-09dc-42ee-a19f-ccad483822d9: 33 groups; 1.6 s; peak memory 1079 MiB.
2026-10-04T17:56:08Z INFO [14/900] 369457cd-353d-4a89-a9dc-0a83c2bd52a6: 31 groups; 1.1 s; peak memory 1079 MiB.
2026-10-04T17:56:09Z INFO [15/900] 36946d79-ba35-460e-82d8-e6a887e0ad91: 22 groups; 1.2 s; peak memory 1079 MiB.
2026-10-04T17:56:15Z INFO [16/900] 3694a249-f192-4bb1-93d1-ae649f681752: 78 groups; 5.5 s; peak memory 1079 MiB.
2026-10-04T17:56:17Z INFO [17/900] 369568ea-662e-47be-b167-c27b43759dfe: 26 groups; 2.2 s; peak memory 1079 MiB.
2026-10-04T17:56:25Z INFO [18/900] 3695b195-2a15-458e-8bb2-5bd275f9ced4: 181 groups; 7.6 s; peak memory 1079 MiB.
2026-10-04T17:56:26Z INFO [19/900] 3696c249-5147-4483-88e8-346259a5a7af: 22 groups; 1.2 s; peak memory 1079 MiB.
2026-10-04T17:56:41Z INFO [20/900] 3696cfc0-30bc-47ff-b583-19c34f81bffc: 277 groups; 15.2 s; peak memory 1079 MiB.
2026-10-04T17:56:42Z INFO [21/900] 3696d18d-5f6b-4c76-a789-0997c876dbe4: 30 groups; 1.3 s; peak memory 1079 MiB.
2026-10-04T17:56:44Z INFO [22/900] 36973d7d-8761-4956-aacd-212f8dee8a95: 22 groups; 1.3 s; peak memory 1079 MiB.
2026-10-04T17:56:45Z INFO [23/900] 36974763-c185-4634-bd95-8dbefb5efed9: 22 groups; 1.3 s; peak memory 1079 MiB.
2026-10-04T17:56:48Z INFO [24/900] 369762bb-7c8f-4458-af6d-f5918e21acd6: 48 groups; 2.7 s; peak memory 1079 MiB.
2026-10-04T17:57:02Z INFO [25/900] 36976dcc-5a89-4aa0-9f4b-205e163a808a: 274 groups; 14.7 s; peak memory 1079 MiB.
2026-10-04T17:57:04Z INFO [26/900] 36977167-1d2c-40bf-b0a7-f883415520dd: 32 groups; 1.4 s; peak memory 1079 MiB.
2026-10-04T17:57:05Z INFO [27/900] 369794f1-51e0-4302-88eb-ec8678e3e9d9: 18 groups; 1.1 s; peak memory 1079 MiB.
2026-10-04T17:57:07Z INFO [28/900] 3697e2be-cd43-4887-a67a-593f712dc24f: 32 groups; 1.6 s; peak memory 1079 MiB.
2026-10-04T17:57:08Z INFO [29/900] 369830f9-6bf2-457c-8c0e-6c65cc4e2126: 36 groups; 1.9 s; peak memory 1079 MiB.
2026-10-04T17:57:23Z INFO [30/900] 3698469e-e2d0-427f-8ac6-cfe67c0862f8: 148 groups; 14.2 s; peak memory 1079 MiB.
2026-10-04T17:57:24Z INFO [31/900] 369955e7-cd89-4c50-abd3-2849734db0a3: 28 groups; 1.2 s; peak memory 1079 MiB.
2026-10-04T17:57:26Z INFO [32/900] 36995765-1674-41f1-9c5c-80afaeaa2b2b: 49 groups; 2.0 s; peak memory 1079 MiB.
2026-10-04T17:57:28Z INFO [33/900] 3699b6ce-d06b-47c0-8457-d7e94b90ed39: 32 groups; 1.8 s; peak memory 1079 MiB.
2026-10-04T17:57:42Z INFO [34/900] 369a0d34-5025-42df-848d-54b770976b21: 261 groups; 14.3 s; peak memory 1079 MiB.
2026-10-04T17:57:43Z INFO [35/900] 369b4153-a8b3-40f9-989e-3a80717e04a4: 32 groups; 1.4 s; peak memory 1079 MiB.
2026-10-04T17:57:44Z INFO [36/900] 369b9d5b-524e-40a3-9025-b88cdecb5353: 30 groups; 1.0 s; peak memory 1079 MiB.
2026-10-04T17:57:45Z INFO [37/900] 369bc949-23aa-419d-801f-2c62156953ab: 16 groups; 1.1 s; peak memory 1079 MiB.
2026-10-04T17:57:47Z INFO [38/900] 369bf9b6-2363-4e0d-bbe3-af448ecb4a42: 32 groups; 1.5 s; peak memory 1079 MiB.
2026-10-04T17:57:48Z INFO [39/900] 369d28ea-8f88-458b-bd60-b50733961edb: 16 groups; 1.2 s; peak memory 1079 MiB.
2026-10-04T17:57:49Z INFO [40/900] 369d6ea3-99cd-4d4a-a57c-c820c61d9f77: 25 groups; 1.3 s; peak memory 1079 MiB.
2026-10-04T17:57:51Z INFO [41/900] 369d93a4-a25d-4fd4-8f81-be382c746b34: 32 groups; 1.5 s; peak memory 1079 MiB.
2026-10-04T17:57:53Z INFO [42/900] 369d9eaf-5520-4129-9066-fcfa2228f3db: 33 groups; 1.8 s; peak memory 1079 MiB.
2026-10-04T17:57:54Z INFO [43/900] 369e69d9-e414-4446-bc41-fa8cf4492c0c: 22 groups; 1.2 s; peak memory 1079 MiB.
2026-10-04T17:57:56Z INFO [44/900] 369f3194-7152-410d-9b1b-ec1e8e49068b: 35 groups; 1.8 s; peak memory 1079 MiB.
2026-10-04T17:57:57Z INFO [45/900] 36a13ee6-e9b2-4418-ae44-2efd612d085e: 29 groups; 1.5 s; peak memory 1079 MiB.
2026-10-04T17:57:59Z INFO [46/900] 36a32559-f28e-4254-a302-c16d23ddd35a: 32 groups; 1.5 s; peak memory 1079 MiB.
2026-10-04T17:58:01Z INFO [47/900] 36a34f74-5a7a-45b7-bd83-56108cc6c2ac: 54 groups; 2.4 s; peak memory 1079 MiB.
2026-10-04T17:58:02Z INFO [48/900] 36a37439-7e8e-4be4-accd-d22c8d0a08f3: 22 groups; 1.0 s; peak memory 1079 MiB.
2026-10-04T17:58:04Z INFO [49/900] 36a39c6d-5ed8-4872-9541-6c3aec8a45b7: 35 groups; 1.7 s; peak memory 1079 MiB.
2026-10-04T17:58:06Z INFO [50/900] 36a442a6-87bc-45e9-8ab9-69f0b9688cd2: 207 groups; 2.3 s; peak memory 1079 MiB.
2026-10-04T17:58:06Z INFO [50/900] 36a442a6-87bc-45e9-8ab9-69f0b9688cd2: checkpointed 73386 records.
2026-10-04T17:58:33Z INFO [51/900] 36a5556b-162c-4ef2-a1da-500ef46bb997: 337 groups; 27.3 s; peak memory 1079 MiB.
2026-10-04T17:58:35Z INFO [52/900] 36a5b787-4b1a-46ff-98db-0cfa03ee9e71: 28 groups; 1.4 s; peak memory 1079 MiB.
2026-10-04T17:58:36Z INFO [53/900] 36a6e110-c794-426c-a1d7-020755c9e250: 22 groups; 1.2 s; peak memory 1079 MiB.
2026-10-04T17:58:37Z INFO [54/900] 36a767b4-6f8f-44c0-8e91-83d3a57cf177: 22 groups; 1.2 s; peak memory 1079 MiB.
2026-10-04T17:58:39Z INFO [55/900] 36a77b87-7afe-408f-bf67-3efe267d9093: 35 groups; 1.7 s; peak memory 1079 MiB.
2026-10-04T17:58:40Z INFO [56/900] 36a7a5d1-e885-4678-bf58-3799f70139d0: 32 groups; 1.3 s; peak memory 1079 MiB.
2026-10-04T17:58:42Z INFO [57/900] 36a80dc3-6012-488d-81c3-9f7025e4a4bb: 22 groups; 1.3 s; peak memory 1079 MiB.
2026-10-04T17:58:43Z INFO [58/900] 36a95d55-5792-4dfc-abcf-c8f218ab8d70: 32 groups; 1.4 s; peak memory 1079 MiB.
2026-10-04T17:58:44Z INFO [59/900] 36a989e1-8dfc-4db4-9feb-7e30f11a5e6f: 32 groups; 1.5 s; peak memory 1079 MiB.
2026-10-04T17:58:46Z INFO [60/900] 36a9b7fd-52ae-46f8-b65f-2a22493d59d3: 29 groups; 1.6 s; peak memory 1079 MiB.
2026-10-04T18:00:58Z INFO [61/900] 36aaab7d-f00e-4bc8-9b06-b0be22fc057d: 68 groups; 132.2 s; peak memory 1079 MiB.
2026-10-04T18:00:59Z INFO [62/900] 36ab538d-4d27-47d4-93d9-60a0322ad232: 16 groups; 1.0 s; peak memory 1079 MiB.
2026-10-04T18:01:01Z INFO [63/900] 36abdd78-196e-4458-82b0-fb4f3c575657: 32 groups; 1.6 s; peak memory 1079 MiB.
2026-10-04T18:01:03Z INFO [64/900] 36ac257e-1059-456a-9fd6-75005eec8535: 195 groups; 2.4 s; peak memory 1079 MiB.
2026-10-04T18:01:07Z INFO [65/900] 36ad1d40-0ec6-4003-9a14-75d069fd9777: 50 groups; 3.6 s; peak memory 1079 MiB.
2026-10-04T18:01:08Z INFO [66/900] 36adf9b5-629d-4120-bf82-05a864421fc7: 194 groups; 1.7 s; peak memory 1079 MiB.
2026-10-04T18:01:13Z INFO [67/900] 36adff74-61a8-4bb8-b9e5-7fcdcf31ae01: 60 groups; 4.4 s; peak memory 1079 MiB.
2026-10-04T18:01:14Z INFO [68/900] 36ae0b57-ea3e-4108-a7a5-ed8f0df63192: 17 groups; 1.0 s; peak memory 1079 MiB.
2026-10-04T18:01:15Z INFO [69/900] 36ae5c24-b72a-4b2e-a8d3-31864f6c12e2: 32 groups; 1.6 s; peak memory 1079 MiB.
2026-10-04T18:01:19Z INFO [70/900] 36aee5f5-715b-4f9a-96d2-d905c1a87415: 50 groups; 3.5 s; peak memory 1079 MiB.
2026-10-04T18:01:20Z INFO [71/900] 36af50f9-d990-44f8-8c80-fc319653931d: 18 groups; 1.3 s; peak memory 1079 MiB.
2026-10-04T18:01:22Z INFO [72/900] 36afbf66-2bee-4a1f-a321-5f322f305585: 255 groups; 1.4 s; peak memory 1079 MiB.
2026-10-04T18:01:23Z INFO [73/900] 36afc77c-8d3f-4bd2-b084-2adf487544ac: 32 groups; 1.5 s; peak memory 1079 MiB.
2026-10-04T18:01:29Z INFO [74/900] 36afe8f9-b59c-40e1-96be-d1e7d6768827: 122 groups; 5.5 s; peak memory 1079 MiB.
2026-10-04T18:01:32Z INFO [75/900] 36b013d1-367b-4185-8936-7c230960bfd5: 48 groups; 3.2 s; peak memory 1079 MiB.
2026-10-04T18:01:34Z INFO [76/900] 36b08bb0-5b8d-4cd7-a89e-9681f371a215: 207 groups; 2.2 s; peak memory 1079 MiB.
2026-10-04T18:01:35Z INFO [77/900] 36b0ad31-0773-4c08-9b9b-4f92262b064c: 22 groups; 1.1 s; peak memory 1079 MiB.
2026-10-04T18:01:38Z INFO [78/900] 36b20c64-a4ec-4c4a-99c4-99621f731d58: 54 groups; 3.3 s; peak memory 1079 MiB.
2026-10-04T18:01:40Z INFO [79/900] 36b55f3c-d01b-4405-b946-bc5f2171fc64: 22 groups; 1.2 s; peak memory 1079 MiB.
2026-10-04T18:01:41Z INFO [80/900] 36b5ca1e-bf2c-4bf3-bffb-521e8890154d: 32 groups; 1.5 s; peak memory 1079 MiB.
2026-10-04T18:01:43Z INFO [81/900] 36b5d552-80a6-4222-9f2a-ff3786b9053e: 35 groups; 1.7 s; peak memory 1079 MiB.
2026-10-04T18:04:34Z INFO [82/900] 36b642db-4ffc-4efa-8e88-5c8d3a39b22f: 45 groups; 171.6 s; peak memory 1123 MiB.
2026-10-04T18:04:36Z INFO [83/900] 36b65752-219a-4319-8280-2fc87ab3485e: 32 groups; 1.5 s; peak memory 1123 MiB.
2026-10-04T18:04:37Z INFO [84/900] 36b720b8-58d7-4356-9c43-e1d085b91137: 99 groups; 1.5 s; peak memory 1123 MiB.
2026-10-04T18:04:39Z INFO [85/900] 36b7f3a1-7205-45bf-88ca-dd91700027ca: 337 groups; 1.9 s; peak memory 1123 MiB.
2026-10-04T18:04:45Z INFO [86/900] 36b8bd28-fbdf-4562-a4cb-9d0f66942eba: 73 groups; 5.7 s; peak memory 1123 MiB.
2026-10-04T18:04:47Z INFO [87/900] 36b99573-3d26-4179-8310-dae94a61f7d1: 35 groups; 1.7 s; peak memory 1123 MiB.
2026-10-04T18:04:52Z INFO [88/900] 36b9a817-f7ea-4e30-8502-337330b319f3: 181 groups; 5.6 s; peak memory 1123 MiB.
2026-10-04T18:04:54Z INFO [89/900] 36b9f6f0-2ed3-4a80-a13d-782d3095bc05: 32 groups; 1.6 s; peak memory 1123 MiB.
2026-10-04T18:04:57Z INFO [90/900] 36ba2b45-900a-4756-9a47-d61a1299a95b: 17 groups; 2.7 s; peak memory 1123 MiB.
2026-10-04T18:04:58Z INFO [91/900] 36ba96a4-948c-4a6d-9ccf-d8af35dabd32: 22 groups; 1.3 s; peak memory 1123 MiB.
2026-10-04T18:05:13Z INFO [92/900] 36bbcfd3-a88a-4459-a5d9-8827490b52b3: 592 groups; 14.8 s; peak memory 1123 MiB.
2026-10-04T18:05:14Z INFO [93/900] 36bcaf12-8f3b-4e45-9950-4c12b84f966a: 29 groups; 1.0 s; peak memory 1123 MiB.
2026-10-04T18:05:15Z INFO [94/900] 36bd78c5-b1de-4f4c-b80b-9ceaf317ca2c: 22 groups; 1.4 s; peak memory 1123 MiB.
2026-10-04T18:05:17Z INFO [95/900] 36bdb82b-7e98-45d6-a46c-29b285400297: 33 groups; 2.3 s; peak memory 1123 MiB.
2026-10-04T18:05:19Z INFO [96/900] 36be4aa2-29a3-4510-85c0-23d04faeb255: 25 groups; 1.4 s; peak memory 1123 MiB.
2026-10-04T18:05:21Z INFO [97/900] 36be6007-138a-48f5-ba72-08129358f1dd: 48 groups; 2.3 s; peak memory 1123 MiB.
2026-10-04T18:05:24Z INFO [98/900] 36be73fe-0cb8-47ce-8e1f-78b50ed54b54: 57 groups; 3.0 s; peak memory 1123 MiB.
2026-10-04T18:05:25Z INFO [99/900] 36c03e5a-84fe-40d2-957f-b5066cc1cc32: 22 groups; 1.3 s; peak memory 1123 MiB.
2026-10-04T18:05:27Z INFO [100/900] 36c13fb9-e924-4a4d-b900-14dd4c10054d: 199 groups; 1.7 s; peak memory 1123 MiB.
2026-10-04T18:05:27Z INFO [100/900] 36c13fb9-e924-4a4d-b900-14dd4c10054d: checkpointed 73436 records.
2026-10-04T18:05:29Z INFO [101/900] 36c1ae7d-7018-4d92-a1d9-661b70692954: 32 groups; 1.5 s; peak memory 1123 MiB.
2026-10-04T18:05:37Z INFO [102/900] 36c2a5b1-ec48-425d-88a4-46ab1b609efd: 26 groups; 8.2 s; peak memory 1123 MiB.
2026-10-04T18:06:03Z INFO [103/900] 36c2d7f5-5b32-4cdf-bc89-d726e5bce367: 23 groups; 25.8 s; peak memory 1123 MiB.
2026-10-04T18:06:04Z INFO [104/900] 36c3fd63-672d-4595-9c2c-5e6dc387863c: 16 groups; 1.2 s; peak memory 1123 MiB.
2026-10-04T18:06:06Z INFO [105/900] 36c40c60-be7d-464c-b0b1-b141dd69685e: 207 groups; 2.0 s; peak memory 1123 MiB.
2026-10-04T18:06:07Z INFO [106/900] 36c48215-5cc4-49f0-85c9-d4b9f31b3960: 253 groups; 1.6 s; peak memory 1123 MiB.
2026-10-04T18:06:10Z INFO [107/900] 36c54c68-aade-4a99-a502-7be8b09cc545: 48 groups; 3.0 s; peak memory 1123 MiB.
2026-10-04T18:06:12Z INFO [108/900] 36c56307-fa3d-4fdf-9cbd-76b7f92e2adf: 32 groups; 1.3 s; peak memory 1123 MiB.
2026-10-04T18:10:41Z INFO [109/900] 36c566a3-3d10-4cc8-9afb-e2dc511663b9: 75 groups; 269.0 s; peak memory 1123 MiB.
2026-10-04T18:10:42Z INFO [110/900] 36c56eb2-7c30-401f-885e-02ea557714da: 22 groups; 1.2 s; peak memory 1123 MiB.
2026-10-04T18:10:43Z INFO [111/900] 36c63b1b-645f-4c51-9c3c-f3153dfb5e39: 24 groups; 1.3 s; peak memory 1123 MiB.
2026-10-04T18:10:44Z INFO [112/900] 36c6efe3-9d19-40f9-b5e3-ef461fb18f48: 22 groups; 1.3 s; peak memory 1123 MiB.
2026-10-04T18:10:47Z INFO [113/900] 36c7c703-1b93-43d2-a34d-25f56a53f5a0: 195 groups; 2.4 s; peak memory 1123 MiB.
2026-10-04T18:11:07Z INFO [114/900] 36caa021-e27c-46d9-b385-8448297ac3a7: 470 groups; 20.6 s; peak memory 1123 MiB.
2026-10-04T18:11:08Z INFO [115/900] 36cab895-254f-48d7-979f-197347bd2805: 30 groups; 1.1 s; peak memory 1123 MiB.
2026-10-04T18:11:10Z INFO [116/900] 36cb6a7e-2131-4cc7-a254-7094bfd879d8: 22 groups; 1.3 s; peak memory 1123 MiB.
2026-10-04T18:12:37Z INFO [117/900] 36ccc6d4-04c5-4dda-9796-4f801b92f46b: 22 groups; 87.8 s; peak memory 1123 MiB.
2026-10-04T18:12:39Z INFO [118/900] 36cd4303-13c3-4c3b-a117-c5ee16035323: 32 groups; 1.5 s; peak memory 1123 MiB.
2026-10-04T18:12:40Z INFO [119/900] 36cdd6e5-1ef0-452a-b302-bd8291ae6667: 22 groups; 1.3 s; peak memory 1123 MiB.
2026-10-04T18:12:42Z INFO [120/900] 36ce29c3-9e7b-4abc-bc36-dd50f44e2c73: 22 groups; 1.4 s; peak memory 1123 MiB.
2026-10-04T18:12:43Z INFO [121/900] 36cf7c18-ef6e-4d6e-934e-b9e2ddebb461: 32 groups; 1.4 s; peak memory 1123 MiB.
2026-10-04T18:13:09Z INFO [122/900] 36cf86c9-83f8-42c2-9431-8fb52e82d4ca: 23 groups; 25.7 s; peak memory 1123 MiB.
2026-10-04T18:13:34Z INFO [123/900] 36cf9333-1b07-4c98-9d04-c688e838cb6d: 23 groups; 25.6 s; peak memory 1123 MiB.
2026-10-04T18:13:36Z INFO [124/900] 36d0187d-3111-4231-a80c-a56f16b2fd70: 32 groups; 1.4 s; peak memory 1123 MiB.
2026-10-04T18:13:38Z INFO [125/900] 36d067a4-4330-4907-ad33-ea5b9461d1f0: 22 groups; 2.2 s; peak memory 1123 MiB.
2026-10-04T18:13:40Z INFO [126/900] 36d07768-a5c6-42bf-8dc9-7f57200c9728: 35 groups; 1.8 s; peak memory 1123 MiB.
2026-10-04T18:13:42Z INFO [127/900] 36d08e68-6846-4a09-a2a6-ea97bad1a365: 32 groups; 1.7 s; peak memory 1123 MiB.
2026-10-04T18:13:43Z INFO [128/900] 36d12ee4-6467-44f8-8cbe-c37d86087b73: 206 groups; 1.9 s; peak memory 1123 MiB.
2026-10-04T18:13:45Z INFO [129/900] 36d1a153-66db-42d8-bc11-54df943cae2a: 32 groups; 1.4 s; peak memory 1123 MiB.
2026-10-04T18:13:47Z INFO [130/900] 36d484a8-e648-4d13-83ff-ba1f4e09ea09: 35 groups; 1.9 s; peak memory 1123 MiB.
2026-10-04T18:13:48Z INFO [131/900] 36d6032b-71ee-494a-9239-6a8a0a79ae3e: 29 groups; 1.5 s; peak memory 1123 MiB.
2026-10-04T18:13:50Z INFO [132/900] 36d7b54e-03b8-4686-a592-d40a20782bab: 32 groups; 1.5 s; peak memory 1123 MiB.
2026-10-04T18:13:51Z INFO [133/900] 36d8396c-28ab-4b03-845a-6111ab7a9147: 24 groups; 1.4 s; peak memory 1123 MiB.
2026-10-04T18:13:53Z INFO [134/900] 36d84b2b-0c0e-4ae8-b21b-c413b73e3e0f: 336 groups; 2.1 s; peak memory 1123 MiB.
2026-10-04T18:13:54Z INFO [135/900] 36d8d7fb-3d95-4086-a69a-0afb859bd0a9: 22 groups; 1.2 s; peak memory 1123 MiB.
2026-10-04T18:13:56Z INFO [136/900] 36d9d51a-126e-487c-88a9-4b146639b797: 22 groups; 1.3 s; peak memory 1123 MiB.
2026-10-04T18:13:57Z INFO [137/900] 36d9ecfa-22ab-43c2-8993-78cd3bf141ce: 22 groups; 1.2 s; peak memory 1123 MiB.
2026-10-04T18:14:00Z INFO [138/900] 36daaa9c-6aef-4af9-b31f-44720cc2d9b5: 48 groups; 3.3 s; peak memory 1123 MiB.
2026-10-04T18:14:02Z INFO [139/900] 36db9592-2f46-4ef7-9c12-2b77a998a286: 32 groups; 1.7 s; peak memory 1123 MiB.
2026-10-04T18:14:08Z INFO [140/900] 36dc70df-0a68-4902-9114-6df724b3025b: 78 groups; 5.9 s; peak memory 1123 MiB.
2026-10-04T18:15:02Z INFO [141/900] 36dea588-dae5-402b-b249-12685e049db0: 26 groups; 54.0 s; peak memory 1123 MiB.
2026-10-04T18:15:15Z INFO [142/900] 36decca7-606d-4cf6-ad8d-93d12a3aa6cd: 285 groups; 13.0 s; peak memory 1123 MiB.
2026-10-04T18:15:16Z INFO [143/900] 36e04490-9c53-42cc-82f7-37ee947eb775: 31 groups; 1.5 s; peak memory 1123 MiB.
2026-10-04T18:15:22Z INFO [144/900] 36e0f0a3-2b22-474b-aaa8-dfb5716fb844: 105 groups; 6.0 s; peak memory 1123 MiB.
2026-10-04T18:15:23Z INFO [145/900] 36e17785-90db-4dcb-a806-ad40391e3b37: 22 groups; 1.3 s; peak memory 1123 MiB.
2026-10-04T18:15:25Z INFO [146/900] 36e17cde-04e0-4f67-87ba-307cc7f5ca25: 22 groups; 1.3 s; peak memory 1123 MiB.
2026-10-04T18:15:26Z INFO [147/900] 36e4891d-16e8-4f5f-9c80-0b5305b00872: 193 groups; 1.5 s; peak memory 1123 MiB.
2026-10-04T18:15:27Z INFO [148/900] 36e5727b-d3d4-48e6-adc4-081eaaafbbab: 22 groups; 1.3 s; peak memory 1123 MiB.
2026-10-04T18:15:29Z INFO [149/900] 36e5e598-7d36-4e6a-a60d-b75678601f51: 31 groups; 1.1 s; peak memory 1123 MiB.
2026-10-04T18:15:30Z INFO [150/900] 36e5ee1c-023c-4e67-87e8-e147a48c343b: 36 groups; 1.4 s; peak memory 1123 MiB.
2026-10-04T18:15:30Z INFO [150/900] 36e5ee1c-023c-4e67-87e8-e147a48c343b: checkpointed 73486 records.
2026-10-04T18:15:32Z INFO [151/900] 36e66cea-9130-44bb-b368-62334bc1efc1: 35 groups; 1.7 s; peak memory 1123 MiB.
2026-10-04T18:15:33Z INFO [152/900] 36e779e6-d73c-4255-8ba6-8cc603af6a07: 16 groups; 1.0 s; peak memory 1123 MiB.
2026-10-04T18:15:34Z INFO [153/900] 36e9774a-864b-40fa-8106-e1382f75b99c: 22 groups; 1.3 s; peak memory 1123 MiB.
2026-10-04T18:15:35Z INFO [154/900] 36ea87b5-cd00-456e-a7ad-62240ebb8ef6: 18 groups; 1.3 s; peak memory 1123 MiB.
2026-10-04T18:15:37Z INFO [155/900] 36eb1e8d-9b82-42a6-9a5c-b8faaa56ae7f: 22 groups; 1.2 s; peak memory 1123 MiB.
2026-10-04T18:15:38Z INFO [156/900] 36eb42e1-9475-460c-a7a4-8bcb2d51e894: 33 groups; 1.8 s; peak memory 1123 MiB.
2026-10-04T18:15:40Z INFO [157/900] 36eb5df4-461a-4d5f-a861-1bca29c59017: 71 groups; 1.3 s; peak memory 1123 MiB.
2026-10-04T18:15:56Z INFO [158/900] 36ebfbed-d96e-4ec8-9d59-737b6e19c774: 226 groups; 16.4 s; peak memory 1123 MiB.
2026-10-04T18:15:58Z INFO [159/900] 36ec2ae3-2a69-48e4-b015-29fc03359bbc: 29 groups; 1.5 s; peak memory 1123 MiB.
2026-10-04T18:15:59Z INFO [160/900] 36eccf50-e5a1-46c1-9f0c-af2f98d56162: 31 groups; 1.1 s; peak memory 1123 MiB.
2026-10-04T18:16:00Z INFO [161/900] 36eddbe7-4e13-4058-aa73-a0c1153169a9: 201 groups; 1.6 s; peak memory 1123 MiB.
2026-10-04T18:16:07Z INFO [162/900] 36ee098d-12ff-42c2-a852-c3c655a9e62b: 86 groups; 6.4 s; peak memory 1123 MiB.
2026-10-04T18:16:08Z INFO [163/900] 36ee1c6a-ab4a-4824-b807-ec90739ccaeb: 33 groups; 1.4 s; peak memory 1123 MiB.
2026-10-04T18:16:09Z INFO [164/900] 36ef7779-1060-4c48-b46b-d7a43347054a: 16 groups; 1.0 s; peak memory 1123 MiB.
2026-10-04T18:16:11Z INFO [165/900] 36ef9848-32f0-4891-931d-f078848b244b: 22 groups; 1.3 s; peak memory 1123 MiB.
2026-10-04T18:16:12Z INFO [166/900] 36efa571-c3cf-490b-9b40-bbad804cae1d: 22 groups; 1.3 s; peak memory 1123 MiB.
2026-10-04T18:16:13Z INFO [167/900] 36f00a13-4fcb-41ab-b9ef-4a30fa6336fc: 31 groups; 1.0 s; peak memory 1123 MiB.
2026-10-04T18:16:14Z INFO [168/900] 36f017e7-f2c6-4424-8cf2-2a95708ebf9c: 32 groups; 1.4 s; peak memory 1123 MiB.
2026-10-04T18:16:16Z INFO [169/900] 36f09382-0ee9-4142-82a6-fb0025ad7656: 25 groups; 1.3 s; peak memory 1123 MiB.
2026-10-04T18:16:17Z INFO [170/900] 36f0f681-d38f-4952-9fb1-15bfaa989a83: 34 groups; 1.8 s; peak memory 1123 MiB.
2026-10-04T18:16:19Z INFO [171/900] 36f16b05-2ed0-46d9-9196-8bf257eed62f: 32 groups; 1.5 s; peak memory 1123 MiB.
2026-10-04T18:16:21Z INFO [172/900] 36f1c783-acd1-44c4-b996-982c929d16f2: 202 groups; 2.4 s; peak memory 1123 MiB.
2026-10-04T18:16:23Z INFO [173/900] 36f247a0-3c95-4442-a763-1ded7f19205b: 32 groups; 1.6 s; peak memory 1123 MiB.
2026-10-04T18:16:24Z INFO [174/900] 36f25e15-3479-4994-a84c-78a57afeece8: 32 groups; 1.6 s; peak memory 1123 MiB.
2026-10-04T18:16:26Z INFO [175/900] 36f26d01-7959-4983-af6c-8d87d69685bd: 28 groups; 1.2 s; peak memory 1123 MiB.
2026-10-04T18:16:27Z INFO [176/900] 36f2af84-da59-4d7f-b291-6872cc69d084: 22 groups; 1.2 s; peak memory 1123 MiB.
2026-10-04T18:16:32Z INFO [177/900] 36f30859-1a66-403a-882e-472876aa279f: 114 groups; 4.9 s; peak memory 1123 MiB.
2026-10-04T18:16:34Z INFO [178/900] 36f36f77-0eb0-4624-8e44-505815ca6419: 337 groups; 2.0 s; peak memory 1123 MiB.
2026-10-04T18:16:44Z INFO [179/900] 36f40867-6d7d-4d8f-95d9-07e5002502cd: 189 groups; 10.3 s; peak memory 1123 MiB.
2026-10-04T18:16:45Z INFO [180/900] 36f418bd-93df-42b6-8e2e-bea219e90f06: 25 groups; 1.2 s; peak memory 1123 MiB.
2026-10-04T18:16:46Z INFO [181/900] 36f4f972-4e39-4551-8f04-1f5e58a86793: 22 groups; 1.3 s; peak memory 1123 MiB.
2026-10-04T18:16:59Z INFO [182/900] 36f58542-5371-4d85-b0c4-59ba75e9ea93: 206 groups; 12.2 s; peak memory 1123 MiB.
2026-10-04T18:17:03Z INFO [183/900] 36f6641c-93b3-448f-8e05-f762ba781052: 52 groups; 4.0 s; peak memory 1123 MiB.
2026-10-04T18:17:04Z INFO [184/900] 36f76924-f0fa-444c-9367-aaf758cd8da4: 32 groups; 1.5 s; peak memory 1123 MiB.
2026-10-04T18:17:05Z INFO [185/900] 36f76f64-6f0b-431a-883f-29913f6bc65c: 28 groups; 1.2 s; peak memory 1123 MiB.
2026-10-04T18:17:08Z INFO [186/900] 36f7d2f4-3a8b-499e-a64b-d134a01e01b5: 17 groups; 2.7 s; peak memory 1123 MiB.
2026-10-04T18:17:10Z INFO [187/900] 36f80c08-358d-4fc4-9c92-262f96243a70: 194 groups; 1.9 s; peak memory 1123 MiB.
2026-10-04T18:17:13Z INFO [188/900] 36f89621-9ea1-42b1-9efa-9337608a3e72: 54 groups; 2.9 s; peak memory 1123 MiB.
2026-10-04T18:17:14Z INFO [189/900] 36f9371a-753e-4434-af66-55b7366c0227: 35 groups; 1.6 s; peak memory 1123 MiB.
2026-10-04T18:17:19Z INFO [190/900] 36fa34f6-1e40-402b-9daa-7a1fd459e219: 25 groups; 5.0 s; peak memory 1123 MiB.
2026-10-04T18:17:21Z INFO [191/900] 36fa5f60-eacf-4049-a35e-946198068f03: 32 groups; 1.3 s; peak memory 1123 MiB.
2026-10-04T18:17:23Z INFO [192/900] 36faeccf-2893-4959-a5c4-d59dcbba7ac0: 17 groups; 2.6 s; peak memory 1123 MiB.
2026-10-04T18:17:25Z INFO [193/900] 36fb781b-a47b-4b2a-ac8c-cc5c3ff603e6: 32 groups; 1.6 s; peak memory 1123 MiB.
2026-10-04T18:17:26Z INFO [194/900] 36fb7c49-f40a-4a39-9e0b-c17381f285fa: 22 groups; 1.2 s; peak memory 1123 MiB.
2026-10-04T18:17:27Z INFO [195/900] 36fc4d9a-44bc-4784-8772-45ab3d831246: 32 groups; 1.4 s; peak memory 1123 MiB.
2026-10-04T18:17:43Z INFO [196/900] 36fecc12-198d-43e7-9e94-aafd8dd527c0: 530 groups; 15.9 s; peak memory 1123 MiB.
2026-10-04T18:17:45Z INFO [197/900] 36ff0918-b2ab-491d-a43a-4ed1a648dc6e: 22 groups; 1.2 s; peak memory 1123 MiB.
2026-10-04T18:17:47Z INFO [198/900] 36ff5f87-ef1f-4573-948a-2e45dfd5cbb3: 48 groups; 2.7 s; peak memory 1123 MiB.
2026-10-04T18:17:58Z INFO [199/900] 36ffd355-b5ad-49b2-926c-6aa6776d8f49: 68 groups; 11.0 s; peak memory 1123 MiB.
2026-10-04T18:17:59Z INFO [200/900] 36ffd75b-4f9b-4a0f-b829-5d29343dbef4: 16 groups; 0.9 s; peak memory 1123 MiB.
2026-10-04T18:17:59Z INFO [200/900] 36ffd75b-4f9b-4a0f-b829-5d29343dbef4: checkpointed 73536 records.
2026-10-04T18:20:27Z INFO [201/900] 370108d9-e1e8-46c2-8d40-1169b48c7ed7: 60 groups; 147.6 s; peak memory 1123 MiB.
2026-10-04T18:20:28Z INFO [202/900] 37021bae-5269-4592-b5d3-ef351918e1b2: 32 groups; 1.5 s; peak memory 1123 MiB.
2026-10-04T18:20:30Z INFO [203/900] 370260ef-f804-423f-b7df-1cd3a048db5d: 203 groups; 1.7 s; peak memory 1123 MiB.
2026-10-04T18:20:34Z INFO [204/900] 3702c42c-c98a-4727-a911-def39122f921: 47 groups; 3.8 s; peak memory 1123 MiB.
2026-10-04T18:20:35Z INFO [205/900] 37030020-8609-4358-8e7c-c1173c60b496: 22 groups; 1.2 s; peak memory 1123 MiB.
2026-10-04T18:20:37Z INFO [206/900] 37032deb-3e29-4fd5-ac4b-9ca842f63115: 32 groups; 1.7 s; peak memory 1123 MiB.
2026-10-04T18:20:38Z INFO [207/900] 3703a996-5f62-49d4-8188-91b5eec8b838: 22 groups; 1.3 s; peak memory 1123 MiB.
2026-10-04T18:20:39Z INFO [208/900] 3703ddb4-a09e-4e7e-85d0-e565969a124d: 22 groups; 1.4 s; peak memory 1123 MiB.
2026-10-04T18:20:41Z INFO [209/900] 3704499f-d567-4376-9974-9d45b06d4002: 22 groups; 1.2 s; peak memory 1123 MiB.
2026-10-04T18:20:42Z INFO [210/900] 37045df2-0777-412c-8290-01a251765048: 32 groups; 1.6 s; peak memory 1123 MiB.
2026-10-04T18:20:44Z INFO [211/900] 3704704d-908e-4445-ba09-b3c009636083: 48 groups; 1.9 s; peak memory 1123 MiB.
2026-10-04T18:20:45Z INFO [212/900] 37050c0b-0934-44b8-b7d6-9432c854c93b: 28 groups; 1.1 s; peak memory 1123 MiB.
2026-10-04T18:20:52Z INFO [213/900] 370606d1-f9e7-4c23-994a-fa7f1a8b7738: 174 groups; 6.4 s; peak memory 1123 MiB.
2026-10-04T18:20:53Z INFO [214/900] 3707d224-f0e5-4d72-a2f2-2f22a266c7ca: 337 groups; 1.9 s; peak memory 1123 MiB.
2026-10-04T18:20:56Z INFO [215/900] 3708bb95-b90e-4344-aa16-abb806d10765: 31 groups; 2.3 s; peak memory 1123 MiB.
2026-10-04T18:20:58Z INFO [216/900] 37091946-8610-43fe-818d-09c01dba6fc8: 206 groups; 1.8 s; peak memory 1123 MiB.
2026-10-04T18:21:10Z INFO [217/900] 370a7e0f-883b-4cd3-a2c6-257c166d7c08: 33 groups; 12.7 s; peak memory 1123 MiB.
2026-10-04T18:21:12Z INFO [218/900] 370ae26b-1651-47e9-ba57-4e7715bfc407: 35 groups; 1.7 s; peak memory 1123 MiB.
2026-10-04T18:23:45Z INFO [219/900] 370af33c-95df-4aaa-88be-e74bea4cde1f: 69 groups; 153.3 s; peak memory 1123 MiB.
2026-10-04T18:23:47Z INFO [220/900] 370c0838-5915-4136-91ff-5e07d21ae524: 19 groups; 1.3 s; peak memory 1123 MiB.
2026-10-04T18:23:48Z INFO [221/900] 370d9e36-d7c5-411c-afbd-18dbe726d750: 22 groups; 1.2 s; peak memory 1123 MiB.
2026-10-04T18:23:51Z INFO [222/900] 370e4f50-f172-45ba-96c7-ada0e681b856: 58 groups; 2.9 s; peak memory 1123 MiB.
2026-10-04T18:23:52Z INFO [223/900] 370e7f34-a224-4fae-8c78-37a8ea7b77b2: 22 groups; 1.2 s; peak memory 1123 MiB.
2026-10-04T18:24:07Z INFO [224/900] 370f599b-5d14-4a7c-a2ba-916305cb971d: 329 groups; 15.7 s; peak memory 1123 MiB.
2026-10-04T18:24:09Z INFO [225/900] 370f99fb-220d-4a19-96fa-8c91b6edad1b: 33 groups; 1.9 s; peak memory 1123 MiB.
2026-10-04T18:24:11Z INFO [226/900] 3710292d-aed3-4a89-ab27-59e8b2d767e2: 32 groups; 1.5 s; peak memory 1123 MiB.
2026-10-04T18:24:13Z INFO [227/900] 3711af47-3b22-4318-97c5-e977dfbeeac7: 37 groups; 2.2 s; peak memory 1123 MiB.
2026-10-04T18:24:14Z INFO [228/900] 3711e065-8e9e-4cbe-ab70-7f7fe7374bed: 28 groups; 1.1 s; peak memory 1123 MiB.
2026-10-04T18:24:16Z INFO [229/900] 371209c5-c76b-46c2-80fd-df3302865f05: 22 groups; 1.4 s; peak memory 1123 MiB.
2026-10-04T18:24:17Z INFO [230/900] 371335d9-01d6-454c-a159-e64e0017583c: 22 groups; 1.2 s; peak memory 1123 MiB.
2026-10-04T18:24:24Z INFO [231/900] 37148d1e-1e42-4b70-8a1a-09cc7c155866: 67 groups; 6.7 s; peak memory 1123 MiB.
2026-10-04T18:24:25Z INFO [232/900] 37151ddb-0290-45e4-bca4-75ee4b189c61: 28 groups; 1.1 s; peak memory 1123 MiB.
2026-10-04T18:24:27Z INFO [233/900] 37153c53-0112-40a9-8985-141c470c2008: 336 groups; 2.4 s; peak memory 1123 MiB.
2026-10-04T18:24:28Z INFO [234/900] 37158770-5785-40cb-87ac-fa147ca529fb: 22 groups; 1.2 s; peak memory 1123 MiB.
2026-10-04T18:24:29Z INFO [235/900] 37166990-353d-4301-aaa3-3fb4f5173cec: 24 groups; 1.1 s; peak memory 1123 MiB.
2026-10-04T18:24:31Z INFO [236/900] 37169a44-7700-4eeb-8a5a-6bcea0237d67: 196 groups; 1.5 s; peak memory 1123 MiB.
2026-10-04T18:24:32Z INFO [237/900] 3716eb9b-0adc-459e-92c0-b62371808462: 26 groups; 1.6 s; peak memory 1123 MiB.
2026-10-04T18:24:34Z INFO [238/900] 37171f80-f562-4396-9b83-1c75c2e488f1: 202 groups; 1.9 s; peak memory 1123 MiB.
2026-10-04T18:24:40Z INFO [239/900] 37172c63-f9f0-4512-87fb-150912f3a48c: 78 groups; 5.8 s; peak memory 1123 MiB.
2026-10-04T18:24:45Z INFO [240/900] 3717a2d3-aea4-45d6-ac09-e3a27b4b5d66: 17 groups; 4.5 s; peak memory 1123 MiB.
2026-10-04T18:24:46Z INFO [241/900] 37183ad4-bc51-448f-969e-4f24f51ee700: 18 groups; 1.2 s; peak memory 1123 MiB.
2026-10-04T18:24:47Z INFO [242/900] 3719585e-9d2a-4c6c-b8bb-e6115a2a36e7: 22 groups; 1.2 s; peak memory 1123 MiB.
2026-10-04T18:24:48Z INFO [243/900] 37196bf2-07a0-4b2c-bfa7-f0555aad9113: 32 groups; 1.5 s; peak memory 1123 MiB.
2026-10-04T18:24:50Z INFO [244/900] 371a34cb-b1d2-45f4-adbf-b353037859cb: 35 groups; 1.8 s; peak memory 1123 MiB.
2026-10-04T18:24:52Z INFO [245/900] 371c89ae-cd35-4c9b-acfe-154a9df8734a: 22 groups; 1.3 s; peak memory 1123 MiB.
2026-10-04T18:24:59Z INFO [246/900] 371cf9fb-f48b-4001-84f9-d53ade821b59: 181 groups; 7.2 s; peak memory 1123 MiB.
2026-10-04T18:25:00Z INFO [247/900] 371d5868-ee38-43c9-8e93-e052383b0e13: 31 groups; 1.2 s; peak memory 1123 MiB.
2026-10-04T18:25:07Z INFO [248/900] 371da92c-7e2c-4952-84e8-ca0dba46e1c7: 66 groups; 7.0 s; peak memory 1123 MiB.
2026-10-04T18:25:08Z INFO [249/900] 371dd9e6-22aa-41bd-a493-34b8e39acbdf: 32 groups; 1.5 s; peak memory 1123 MiB.
2026-10-04T18:25:11Z INFO [250/900] 371ddf73-8525-4693-997e-ae9d0b8e10c4: 33 groups; 2.4 s; peak memory 1123 MiB.
2026-10-04T18:25:11Z INFO [250/900] 371ddf73-8525-4693-997e-ae9d0b8e10c4: checkpointed 73586 records.
2026-10-04T18:25:12Z INFO [251/900] 371de09b-c679-4935-943f-28d77c213f02: 22 groups; 1.2 s; peak memory 1123 MiB.
2026-10-04T18:25:14Z INFO [252/900] 371defa9-4c84-4a8e-b0eb-226b0736c9c1: 43 groups; 2.1 s; peak memory 1123 MiB.
2026-10-04T18:25:15Z INFO [253/900] 371e3c46-0a1d-4a39-bae1-3ab6e971b50c: 22 groups; 1.3 s; peak memory 1123 MiB.
2026-10-04T18:25:16Z INFO [254/900] 371e9b75-0dcc-4b5a-9614-5668b699593f: 28 groups; 1.1 s; peak memory 1123 MiB.
2026-10-04T18:25:18Z INFO [255/900] 371f6656-3e66-4d64-9311-06c8b90f2887: 22 groups; 1.3 s; peak memory 1123 MiB.
2026-10-04T18:25:19Z INFO [256/900] 371f7d7c-90b1-4b41-9bc4-6e64939c1a00: 22 groups; 1.3 s; peak memory 1123 MiB.
2026-10-04T18:25:20Z INFO [257/900] 371fd902-1a70-4e23-a3eb-35d80c61e01d: 22 groups; 1.2 s; peak memory 1123 MiB.
2026-10-04T18:25:28Z INFO [258/900] 371fecc5-742c-4fa2-9a96-628ad890c984: 67 groups; 7.4 s; peak memory 1123 MiB.
2026-10-04T18:25:30Z INFO [259/900] 3722b876-e6dd-4785-a4b0-fba3fc2ad417: 336 groups; 2.1 s; peak memory 1123 MiB.
2026-10-04T18:25:43Z INFO [260/900] 37231788-03b8-4c2e-8c91-1c865e43f517: 287 groups; 12.9 s; peak memory 1123 MiB.
2026-10-04T18:25:44Z INFO [261/900] 37242d5c-5ba2-484d-974c-5d8d454b2cf8: 195 groups; 1.7 s; peak memory 1123 MiB.
2026-10-04T18:25:46Z INFO [262/900] 372590c9-581d-4a5e-935c-6ec25814e8e5: 35 groups; 2.1 s; peak memory 1123 MiB.
2026-10-04T18:25:47Z INFO [263/900] 3725a7f9-c9c7-4c64-879f-e3caf28446b7: 16 groups; 0.9 s; peak memory 1123 MiB.
2026-10-04T18:25:51Z INFO [264/900] 3725c494-4acd-462e-8efd-ddb2661806b9: 50 groups; 3.4 s; peak memory 1123 MiB.
2026-10-04T18:25:52Z INFO [265/900] 37260b0e-caaa-4b57-8bcd-9b5eb3141963: 32 groups; 1.4 s; peak memory 1123 MiB.
2026-10-04T18:26:09Z INFO [266/900] 3726465b-f28b-4b63-8b11-b410d67aee6f: 35 groups; 16.5 s; peak memory 1123 MiB.
2026-10-04T18:26:10Z INFO [267/900] 3726e015-6ef3-4a96-a3d8-97399aef539c: 22 groups; 1.1 s; peak memory 1123 MiB.
2026-10-04T18:26:11Z INFO [268/900] 37278dce-36f3-4527-ac56-56bfd4614e85: 22 groups; 1.2 s; peak memory 1123 MiB.
2026-10-04T18:26:12Z INFO [269/900] 372841a1-a340-43e5-8663-b26f77d50d41: 16 groups; 1.0 s; peak memory 1123 MiB.
2026-10-04T18:26:13Z INFO [270/900] 372936d5-40e1-4f00-8d2f-2143bcb0bc60: 22 groups; 1.2 s; peak memory 1123 MiB.
2026-10-04T18:26:17Z INFO [271/900] 37293f49-82d0-4969-9d33-b2ee6c97891d: 336 groups; 3.6 s; peak memory 1123 MiB.
2026-10-04T18:26:18Z INFO [272/900] 372a2c47-f665-420d-8b47-8dc640d65771: 22 groups; 1.2 s; peak memory 1123 MiB.
2026-10-04T18:26:19Z INFO [273/900] 372a73ff-c4a7-4b59-87ed-bdd9351a0ba2: 16 groups; 0.9 s; peak memory 1123 MiB.
2026-10-04T18:26:20Z INFO [274/900] 372beefa-0008-4077-8a0a-ce9fbeed8884: 22 groups; 1.2 s; peak memory 1123 MiB.
2026-10-04T18:26:21Z INFO [275/900] 372cbb84-7326-4725-adb6-c170b406a276: 31 groups; 1.1 s; peak memory 1123 MiB.
2026-10-04T18:26:27Z INFO [276/900] 372d148f-ce2c-4742-8b38-30031765df58: 137 groups; 5.8 s; peak memory 1123 MiB.
2026-10-04T18:26:30Z INFO [277/900] 372d40d0-1e83-437f-b0c4-56f3cf0b65fa: 194 groups; 2.8 s; peak memory 1123 MiB.
2026-10-04T18:26:32Z INFO [278/900] 372da745-7680-434e-9d9f-6e9b0e10c0e3: 48 groups; 2.7 s; peak memory 1123 MiB.
2026-10-04T18:26:34Z INFO [279/900] 372db982-2663-453d-94ea-264088a93b5e: 22 groups; 1.3 s; peak memory 1123 MiB.
2026-10-04T18:26:48Z INFO [280/900] 372dcddf-dbe5-464f-93c8-a933632a84d5: 545 groups; 14.5 s; peak memory 1123 MiB.
2026-10-04T18:26:57Z INFO [281/900] 372e47c2-8461-427b-9572-642d0c715243: 70 groups; 8.6 s; peak memory 1123 MiB.
2026-10-04T18:27:00Z INFO [282/900] 372fdf0e-3b40-4a62-a052-aa62fa8932a5: 54 groups; 3.1 s; peak memory 1123 MiB.
2026-10-04T18:27:02Z INFO [283/900] 3730ed1d-cdea-4aad-a9ac-7804fb95b132: 336 groups; 2.2 s; peak memory 1123 MiB.
2026-10-04T18:27:03Z INFO [284/900] 3730fbff-02f6-4aaa-8e6a-a06c41565a41: 17 groups; 0.9 s; peak memory 1123 MiB.
2026-10-04T18:27:04Z INFO [285/900] 373135f6-b0ab-4e95-91d2-38c2066bdeed: 22 groups; 1.3 s; peak memory 1123 MiB.
2026-10-04T18:27:06Z INFO [286/900] 37319832-9da7-40bb-ab7e-8662f199a343: 28 groups; 1.2 s; peak memory 1123 MiB.
2026-10-04T18:27:09Z INFO [287/900] 3732f685-d2c5-4899-bfb8-733ccb1e91e9: 50 groups; 3.7 s; peak memory 1123 MiB.
2026-10-04T18:27:12Z INFO [288/900] 37334fc8-80ff-47ca-9dc3-f945b67f313b: 17 groups; 2.6 s; peak memory 1123 MiB.
2026-10-04T18:27:18Z INFO [289/900] 3733660a-7b36-4707-9c88-b91a4aa65dcd: 75 groups; 5.7 s; peak memory 1123 MiB.
2026-10-04T18:27:21Z INFO [290/900] 37344a41-5e39-40ca-8a15-45a16bebcc11: 34 groups; 3.3 s; peak memory 1123 MiB.
2026-10-04T18:27:23Z INFO [291/900] 37345150-7f67-4572-8ba1-5a0ece1b699e: 32 groups; 1.9 s; peak memory 1123 MiB.
2026-10-04T18:27:24Z INFO [292/900] 373468d4-3ea6-42ce-8436-4d3dce537c09: 28 groups; 1.0 s; peak memory 1123 MiB.
2026-10-04T18:27:25Z INFO [293/900] 3735311c-7f16-4877-a4db-f22bf5a9ba4b: 32 groups; 1.5 s; peak memory 1123 MiB.
2026-10-04T18:27:27Z INFO [294/900] 373656d4-e6dc-448a-a0f7-f23cc0fabbeb: 22 groups; 1.2 s; peak memory 1123 MiB.
2026-10-04T18:27:35Z INFO [295/900] 3736a5e7-5656-4181-ac2c-294607116559: 223 groups; 8.4 s; peak memory 1123 MiB.
2026-10-04T18:27:38Z INFO [296/900] 37372821-e1d2-4f08-974e-d877bbdbcee2: 48 groups; 3.2 s; peak memory 1123 MiB.
2026-10-04T18:27:39Z INFO [297/900] 37385a91-b86f-4ae7-8a81-2a478cf09946: 16 groups; 1.1 s; peak memory 1123 MiB.
2026-10-04T18:27:41Z INFO [298/900] 3738f712-bfd3-4c32-bef8-88a1f7b887fc: 22 groups; 1.3 s; peak memory 1123 MiB.
2026-10-04T18:27:42Z INFO [299/900] 373946c3-f3a2-4d18-9d2f-d0848c328afd: 35 groups; 1.7 s; peak memory 1123 MiB.
2026-10-04T18:27:43Z INFO [300/900] 37396f49-7890-4bbd-bef1-8e3648141cb1: 22 groups; 1.1 s; peak memory 1123 MiB.
2026-10-04T18:27:44Z INFO [300/900] 37396f49-7890-4bbd-bef1-8e3648141cb1: checkpointed 73636 records.
2026-10-04T18:27:45Z INFO [301/900] 3739859c-083b-4990-826e-12e04e8b30bb: 32 groups; 1.4 s; peak memory 1123 MiB.
2026-10-04T18:27:46Z INFO [302/900] 373a973a-b172-46ff-98bc-ff791c53ee64: 32 groups; 1.4 s; peak memory 1123 MiB.
2026-10-04T18:27:48Z INFO [303/900] 373ab017-646a-4f38-8dd2-a61c843fed00: 336 groups; 1.9 s; peak memory 1123 MiB.
2026-10-04T18:27:51Z INFO [304/900] 373bae87-11f7-4236-b794-6b3e3ac1e1ac: 48 groups; 3.1 s; peak memory 1123 MiB.
2026-10-04T18:27:53Z INFO [305/900] 373d30f8-0064-4fb6-98fc-e61c842aab36: 35 groups; 1.8 s; peak memory 1123 MiB.
2026-10-04T18:27:55Z INFO [306/900] 373d4d28-ce12-4feb-ab7c-d39fede9162b: 32 groups; 1.4 s; peak memory 1123 MiB.
2026-10-04T18:27:56Z INFO [307/900] 373de781-3c51-4547-b453-29490a7d016b: 36 groups; 1.7 s; peak memory 1123 MiB.
2026-10-04T18:27:57Z INFO [308/900] 373e1a0e-548c-4711-92ba-955fb969d5f6: 22 groups; 1.2 s; peak memory 1123 MiB.
2026-10-04T18:28:03Z INFO [309/900] 373e7262-ea58-4f77-8bd6-9b700828b5b8: 68 groups; 5.8 s; peak memory 1123 MiB.
2026-10-04T18:28:05Z INFO [310/900] 373f28f8-810b-4f21-895d-58c8c0c0e129: 31 groups; 1.9 s; peak memory 1123 MiB.
2026-10-04T18:28:06Z INFO [311/900] 373fb492-5ed9-474d-a8f2-f058922f1e43: 18 groups; 1.1 s; peak memory 1123 MiB.
2026-10-04T18:28:08Z INFO [312/900] 37402ce9-42d5-47ee-9ce6-15c4c01ca05c: 33 groups; 1.7 s; peak memory 1123 MiB.
2026-10-04T18:28:09Z INFO [313/900] 3740953f-70ad-4645-b0c8-91cb9b13b558: 22 groups; 1.3 s; peak memory 1123 MiB.
2026-10-04T18:28:12Z INFO [314/900] 3740c34d-765b-4491-9d57-f9a64e6ea1a2: 48 groups; 2.4 s; peak memory 1123 MiB.
2026-10-04T18:28:13Z INFO [315/900] 3740c3d1-2975-4b7c-a6d1-c6099b8296fa: 32 groups; 1.4 s; peak memory 1123 MiB.
2026-10-04T18:31:19Z INFO [316/900] 3741dc86-218c-49a9-b5c6-83fea85a282d: 45 groups; 186.3 s; peak memory 1149 MiB.
2026-10-04T18:31:21Z INFO [317/900] 3741fd50-2ed6-4673-ad17-fe4e2c8563b8: 206 groups; 2.1 s; peak memory 1149 MiB.
2026-10-04T18:31:23Z INFO [318/900] 37431747-a1c9-4314-b423-1d449923a532: 22 groups; 1.2 s; peak memory 1149 MiB.
2026-10-04T18:31:24Z INFO [319/900] 37432b33-7588-4994-bc52-ea770add3142: 32 groups; 1.4 s; peak memory 1149 MiB.
2026-10-04T18:31:25Z INFO [320/900] 37433f79-bbcd-4289-89dc-5be8bb2f8bd1: 22 groups; 1.3 s; peak memory 1149 MiB.
2026-10-04T18:31:27Z INFO [321/900] 374355b0-4d80-4b65-8bef-2393a311a282: 103 groups; 1.6 s; peak memory 1149 MiB.
2026-10-04T18:31:29Z INFO [322/900] 3745076b-c003-434a-aa87-faa4abf8e87a: 34 groups; 1.6 s; peak memory 1149 MiB.
2026-10-04T18:31:30Z INFO [323/900] 374511ce-7dc7-4ff8-a7a3-c6a6aed1eaae: 35 groups; 1.7 s; peak memory 1149 MiB.
2026-10-04T18:31:40Z INFO [324/900] 3746d2f3-8549-4f65-8b0e-0927c9e71e05: 124 groups; 9.4 s; peak memory 1149 MiB.
2026-10-04T18:31:41Z INFO [325/900] 37470051-91a4-474c-91a3-244afb74c24e: 22 groups; 1.2 s; peak memory 1149 MiB.
2026-10-04T18:31:44Z INFO [326/900] 37470519-d946-41f2-95aa-d6df26290aca: 55 groups; 3.3 s; peak memory 1149 MiB.
2026-10-04T18:31:46Z INFO [327/900] 37475db8-114e-479a-9585-33c9c7e6fa9e: 32 groups; 1.6 s; peak memory 1149 MiB.
2026-10-04T18:31:47Z INFO [328/900] 374801b0-e318-43f2-bf1a-1d1b3a26721e: 32 groups; 1.7 s; peak memory 1149 MiB.
2026-10-04T18:31:49Z INFO [329/900] 37482c45-683b-41bf-8285-90d9b46f3504: 32 groups; 1.5 s; peak memory 1149 MiB.
2026-10-04T18:31:50Z INFO [330/900] 3748e015-4611-4394-ba58-f655e55f2295: 29 groups; 1.2 s; peak memory 1149 MiB.
2026-10-04T18:36:57Z INFO [331/900] 3749361c-d0a6-47cf-8a99-c903f5ed4357: 72 groups; 306.7 s; peak memory 1149 MiB.
2026-10-04T18:36:58Z INFO [332/900] 3749e64f-eaa2-4af4-a400-a0ab4a8407d8: 22 groups; 1.2 s; peak memory 1149 MiB.
2026-10-04T18:37:00Z INFO [333/900] 374af464-e613-4065-a9f3-53346265150c: 201 groups; 1.9 s; peak memory 1149 MiB.
2026-10-04T18:37:01Z INFO [334/900] 374b053f-cfc9-431a-a4c1-9fdbccad0829: 17 groups; 1.0 s; peak memory 1149 MiB.
2026-10-04T18:37:02Z INFO [335/900] 374b9f9e-c351-4732-8360-f8305c1a8417: 22 groups; 1.2 s; peak memory 1149 MiB.
2026-10-04T18:37:04Z INFO [336/900] 374bd2d8-4425-425b-98c6-0a9d639f4ef7: 31 groups; 1.4 s; peak memory 1149 MiB.
2026-10-04T18:37:06Z INFO [337/900] 374d76ce-0e54-4839-9e20-963649ace2fc: 35 groups; 2.3 s; peak memory 1149 MiB.
2026-10-04T18:37:07Z INFO [338/900] 374ddfff-89f8-423a-bfde-aa508d7c6354: 24 groups; 1.1 s; peak memory 1149 MiB.
2026-10-04T18:37:08Z INFO [339/900] 374e0396-95eb-4f78-a0c1-b55a49529bdc: 28 groups; 1.2 s; peak memory 1149 MiB.
2026-10-04T18:37:10Z INFO [340/900] 374e2875-dd7a-4f11-b5b6-c09a6f498ee4: 199 groups; 1.8 s; peak memory 1149 MiB.
2026-10-04T18:37:11Z INFO [341/900] 374e7332-64a3-4f8c-b2ea-70f8e380a459: 22 groups; 1.3 s; peak memory 1149 MiB.
2026-10-04T18:37:13Z INFO [342/900] 374e80e7-b697-4619-8d5c-10862c6c075d: 194 groups; 1.5 s; peak memory 1149 MiB.
2026-10-04T18:37:14Z INFO [343/900] 374e8de2-f359-4c89-b132-29ea1539faa5: 202 groups; 1.7 s; peak memory 1149 MiB.
2026-10-04T18:37:17Z INFO [344/900] 374fd034-1756-423a-9056-f3fefc1fd533: 35 groups; 2.1 s; peak memory 1149 MiB.
2026-10-04T18:37:18Z INFO [345/900] 375024ee-8129-4b9c-bcb3-7008ee112ec9: 16 groups; 1.1 s; peak memory 1149 MiB.
2026-10-04T18:37:20Z INFO [346/900] 3750a804-4893-4a0a-9c1c-3a85e515dceb: 35 groups; 1.9 s; peak memory 1149 MiB.
2026-10-04T18:37:21Z INFO [347/900] 3751882c-9221-4940-911b-3d0652192947: 22 groups; 1.2 s; peak memory 1149 MiB.
2026-10-04T18:37:22Z INFO [348/900] 3751d1c3-36ca-4230-b1b5-ef0b31f29c7a: 32 groups; 1.5 s; peak memory 1149 MiB.
2026-10-04T18:37:28Z INFO [349/900] 3752d038-0d5b-4723-b454-9dc18edcc28d: 22 groups; 5.4 s; peak memory 1149 MiB.
2026-10-04T18:37:29Z INFO [350/900] 37536c8e-026d-46cf-aa0f-9896cdf85cb8: 22 groups; 1.2 s; peak memory 1149 MiB.
2026-10-04T18:37:29Z INFO [350/900] 37536c8e-026d-46cf-aa0f-9896cdf85cb8: checkpointed 73686 records.
2026-10-04T18:37:30Z INFO [351/900] 3753c355-0d20-4b28-96bd-447c132dc4a5: 22 groups; 1.1 s; peak memory 1149 MiB.
2026-10-04T18:37:31Z INFO [352/900] 3755025f-0ef9-49b2-a068-dd38cc473ffd: 22 groups; 1.3 s; peak memory 1149 MiB.
2026-10-04T18:37:33Z INFO [353/900] 37556d5a-e154-40fb-9d03-59128461a6a9: 32 groups; 1.4 s; peak memory 1149 MiB.
2026-10-04T18:37:34Z INFO [354/900] 37565442-3ce0-47e9-9ef2-95bea9a43507: 32 groups; 1.4 s; peak memory 1149 MiB.
2026-10-04T18:37:36Z INFO [355/900] 375684da-f07c-4e54-b10a-b4810a8fb2bd: 32 groups; 1.4 s; peak memory 1149 MiB.
2026-10-04T18:37:37Z INFO [356/900] 3756ed0e-b525-458c-8aee-589f9a0a4dfa: 32 groups; 1.4 s; peak memory 1149 MiB.
2026-10-04T18:37:38Z INFO [357/900] 37572849-0ae1-43dc-9cdd-adac1d833136: 22 groups; 1.3 s; peak memory 1149 MiB.
2026-10-04T18:37:40Z INFO [358/900] 375807bd-14d3-454b-af15-83e6a40dbefe: 25 groups; 1.3 s; peak memory 1149 MiB.
2026-10-04T18:37:41Z INFO [359/900] 37586d0c-a8f0-446b-bf31-4ea8330c6bc9: 32 groups; 1.4 s; peak memory 1149 MiB.
2026-10-04T18:37:44Z INFO [360/900] 37586f1b-38c4-461f-96a9-8ed3e901b975: 336 groups; 2.8 s; peak memory 1149 MiB.
2026-10-04T18:37:52Z INFO [361/900] 3758d05f-7968-49cf-a658-e04eec847a6f: 172 groups; 8.8 s; peak memory 1149 MiB.
2026-10-04T18:37:54Z INFO [362/900] 3759d7bb-7897-4358-9829-385f023d91e3: 22 groups; 1.2 s; peak memory 1149 MiB.
2026-10-04T18:37:55Z INFO [363/900] 3759f00e-b1f3-41d4-b35f-9af674163d24: 35 groups; 1.8 s; peak memory 1149 MiB.
2026-10-04T18:37:57Z INFO [364/900] 375a63d9-f875-4bcc-8654-744f1b75d486: 26 groups; 1.6 s; peak memory 1149 MiB.
2026-10-04T18:37:59Z INFO [365/900] 375aed07-a903-4696-8aa9-3cf8c5001cda: 104 groups; 1.6 s; peak memory 1149 MiB.
2026-10-04T18:38:00Z INFO [366/900] 375afd92-f492-4646-8ad9-469c17bc4d84: 34 groups; 1.5 s; peak memory 1149 MiB.
2026-10-04T18:38:10Z INFO [367/900] 375b10f2-c501-4385-8aee-e76d0e6c2acc: 46 groups; 9.9 s; peak memory 1149 MiB.
2026-10-04T18:38:17Z INFO [368/900] 375c015c-6960-4968-82f1-da2a58186056: 171 groups; 7.4 s; peak memory 1149 MiB.
2026-10-04T18:38:21Z INFO [369/900] 375cacc1-9eb8-4ac4-ab5f-b1b20cc983f2: 47 groups; 3.2 s; peak memory 1149 MiB.
2026-10-04T18:38:21Z INFO [370/900] 375ce5e5-4cdb-4da2-9ab2-352d013222e6: 16 groups; 0.8 s; peak memory 1149 MiB.
2026-10-04T18:38:31Z INFO [371/900] 375dc90d-2d8f-4c99-a4f1-4712cd94bff4: 1935 groups; 9.2 s; peak memory 1149 MiB.
2026-10-04T18:38:32Z INFO [372/900] 375e5b61-189a-4fe6-af03-8123d0292894: 32 groups; 1.6 s; peak memory 1149 MiB.
2026-10-04T18:38:34Z INFO [373/900] 375f619f-9fe6-434a-a1ac-150782b41398: 32 groups; 1.3 s; peak memory 1149 MiB.
2026-10-04T18:38:58Z INFO [374/900] 3760afbd-6050-4d03-9683-2462135a312b: 245 groups; 24.3 s; peak memory 1149 MiB.
2026-10-04T18:38:59Z INFO [375/900] 37614df2-2713-4cdd-a4cf-eae76812ebb9: 22 groups; 1.2 s; peak memory 1149 MiB.
2026-10-04T18:39:00Z INFO [376/900] 3762bb1a-09c5-4a14-8519-2632cea3a3ba: 22 groups; 1.1 s; peak memory 1149 MiB.
2026-10-04T18:39:02Z INFO [377/900] 3762d658-3164-4255-b4eb-6fd6cc7d281f: 32 groups; 1.6 s; peak memory 1149 MiB.
2026-10-04T18:39:04Z INFO [378/900] 3763018d-1204-4170-8bb7-cfd1251ca1b0: 34 groups; 2.1 s; peak memory 1149 MiB.
2026-10-04T18:39:05Z INFO [379/900] 37639aac-3121-4133-87fe-7afd2caa9b9d: 22 groups; 1.2 s; peak memory 1149 MiB.
2026-10-04T18:39:06Z INFO [380/900] 3763b5ef-b5f6-4302-94ca-1092a92a8fed: 22 groups; 1.3 s; peak memory 1149 MiB.
2026-10-04T18:39:14Z INFO [381/900] 3763b818-335b-4ce6-9734-ca3e9d8a3376: 52 groups; 7.9 s; peak memory 1149 MiB.
2026-10-04T18:39:28Z INFO [382/900] 3764bf1e-c5ab-47fb-a282-d6e6d946adad: 183 groups; 14.1 s; peak memory 1149 MiB.
2026-10-04T18:39:30Z INFO [383/900] 3764f591-9b42-4091-bf70-6f079006023f: 22 groups; 1.2 s; peak memory 1149 MiB.
2026-10-04T18:39:31Z INFO [384/900] 37655638-d956-474d-b068-b2b73b2dea77: 22 groups; 1.3 s; peak memory 1149 MiB.
2026-10-04T18:39:33Z INFO [385/900] 37656d04-8328-4a1d-bcfa-90e1129ccd0e: 33 groups; 2.1 s; peak memory 1149 MiB.
2026-10-04T18:39:35Z INFO [386/900] 37660f26-e1d9-48fa-8d9d-71cca7f31872: 36 groups; 1.5 s; peak memory 1149 MiB.
2026-10-04T18:39:36Z INFO [387/900] 376667f5-102d-47ee-a2f1-35fe4c18728c: 29 groups; 1.4 s; peak memory 1149 MiB.
2026-10-04T18:39:38Z INFO [388/900] 3767ce12-de54-4894-a65e-a85be7d0ed3b: 32 groups; 1.6 s; peak memory 1149 MiB.
2026-10-04T18:40:02Z INFO [389/900] 3768d716-3c3b-4ca1-93eb-fc3a5af288fa: 478 groups; 23.9 s; peak memory 1149 MiB.
2026-10-04T18:40:03Z INFO [390/900] 3769de8d-591d-4795-b97a-dab20bfcfc02: 35 groups; 1.6 s; peak memory 1149 MiB.
2026-10-04T18:40:06Z INFO [391/900] 376a0397-3839-468a-bb88-6be76ab66770: 17 groups; 2.6 s; peak memory 1149 MiB.
2026-10-04T18:40:08Z INFO [392/900] 376c84a7-7fc5-4d1e-a66b-e59cf0463e83: 35 groups; 1.9 s; peak memory 1149 MiB.
2026-10-04T18:40:09Z INFO [393/900] 376c98e5-78e3-4b96-a476-3d539d85aeac: 35 groups; 1.6 s; peak memory 1149 MiB.
2026-10-04T18:40:12Z INFO [394/900] 376da41d-4b3f-43f5-badb-3d0a39d29146: 336 groups; 2.8 s; peak memory 1149 MiB.
2026-10-04T18:40:13Z INFO [395/900] 376da7cd-b77d-4241-8f62-5f3a91b848e1: 22 groups; 1.2 s; peak memory 1149 MiB.
2026-10-04T18:40:14Z INFO [396/900] 376db233-0e47-4326-896f-aa5ea0b0c826: 22 groups; 1.2 s; peak memory 1149 MiB.
2026-10-04T18:40:16Z INFO [397/900] 376e2c49-ca12-41f3-999a-903bca4ca1b1: 27 groups; 1.9 s; peak memory 1149 MiB.
2026-10-04T18:40:18Z INFO [398/900] 376e4e8d-bf09-49dd-929a-83c3dc114c89: 25 groups; 1.6 s; peak memory 1149 MiB.
2026-10-04T18:40:31Z INFO [399/900] 376ee06f-8aba-409e-a7ae-b5328cc9ac99: 216 groups; 13.2 s; peak memory 1149 MiB.
2026-10-04T18:40:33Z INFO [400/900] 376ee2fd-4d09-4d90-a7a7-e39e273939dd: 25 groups; 1.3 s; peak memory 1149 MiB.
2026-10-04T18:40:33Z INFO [400/900] 376ee2fd-4d09-4d90-a7a7-e39e273939dd: checkpointed 73736 records.
2026-10-04T18:40:34Z INFO [401/900] 376ef1c0-498f-4863-9932-2a415003476b: 30 groups; 1.2 s; peak memory 1149 MiB.
2026-10-04T18:40:36Z INFO [402/900] 377197f8-5f77-48e4-9d42-7af338c896b2: 48 groups; 2.5 s; peak memory 1149 MiB.
2026-10-04T18:40:37Z INFO [403/900] 3771f699-41df-4406-8af9-fc53e5d91e28: 22 groups; 1.1 s; peak memory 1149 MiB.
2026-10-04T18:40:39Z INFO [404/900] 377363d7-69a7-4750-953e-040fddac7ec0: 22 groups; 1.3 s; peak memory 1149 MiB.
2026-10-04T18:40:40Z INFO [405/900] 3773b743-91c6-4826-8b73-dd38b6c23433: 22 groups; 1.2 s; peak memory 1149 MiB.
2026-10-04T18:40:41Z INFO [406/900] 37744369-5ab9-4644-a3bc-8b0f83c4e338: 22 groups; 1.2 s; peak memory 1149 MiB.
2026-10-04T18:40:42Z INFO [407/900] 3774c67f-65ca-441a-a4e7-6a115c39bda2: 22 groups; 1.2 s; peak memory 1149 MiB.
2026-10-04T18:40:44Z INFO [408/900] 3774fa4a-59c0-4f83-89b5-cb6ecd85ef83: 35 groups; 1.9 s; peak memory 1149 MiB.
2026-10-04T18:40:46Z INFO [409/900] 37750428-a74d-4d8d-b925-505e7d1df338: 32 groups; 1.7 s; peak memory 1149 MiB.
2026-10-04T18:40:47Z INFO [410/900] 3775187c-c2fb-4254-9c0e-be76ea82c8d1: 36 groups; 1.5 s; peak memory 1149 MiB.
2026-10-04T18:40:49Z INFO [411/900] 3775acc4-c0d7-4dca-ad7f-ba8e204581e2: 195 groups; 1.7 s; peak memory 1149 MiB.
2026-10-04T18:40:50Z INFO [412/900] 3776823d-223b-416e-ac0a-641bd6d0af07: 22 groups; 1.3 s; peak memory 1149 MiB.
2026-10-04T18:40:52Z INFO [413/900] 37769c89-b91b-4b7e-962c-2709765ac49e: 203 groups; 1.6 s; peak memory 1149 MiB.
2026-10-04T18:40:54Z INFO [414/900] 37770012-922a-4801-831c-aed686d2f29a: 257 groups; 1.7 s; peak memory 1149 MiB.
2026-10-04T18:40:55Z INFO [415/900] 37771222-5758-4824-bf17-f4e4f5d7ab09: 32 groups; 1.4 s; peak memory 1149 MiB.
2026-10-04T18:40:58Z INFO [416/900] 3777c764-46e2-4ea9-8209-0e93d8a95c0b: 22 groups; 2.4 s; peak memory 1149 MiB.
2026-10-04T18:40:59Z INFO [417/900] 37783cb5-5713-4181-bf9f-8b4acbc094b8: 35 groups; 1.8 s; peak memory 1149 MiB.
2026-10-04T18:41:00Z INFO [418/900] 3778656d-2287-4cd9-90c1-32ce44961538: 27 groups; 1.1 s; peak memory 1149 MiB.
2026-10-04T18:41:02Z INFO [419/900] 3778d9b4-7119-4327-a211-bd998caf5d80: 202 groups; 1.7 s; peak memory 1149 MiB.
2026-10-04T18:41:08Z INFO [420/900] 37793b13-5da5-4025-a9a3-7790baac274c: 75 groups; 6.0 s; peak memory 1149 MiB.
2026-10-04T18:41:24Z INFO [421/900] 37797f1b-0745-4afd-91aa-49b34b013a54: 18 groups; 15.9 s; peak memory 1149 MiB.
2026-10-04T18:41:26Z INFO [422/900] 377986f8-4f62-490e-96bd-24b9c946b793: 35 groups; 1.8 s; peak memory 1149 MiB.
2026-10-04T18:41:27Z INFO [423/900] 3779d89c-e649-45f6-bf67-404ad1ab9689: 22 groups; 1.2 s; peak memory 1149 MiB.
2026-10-04T18:41:28Z INFO [424/900] 377a1105-f3ef-4938-b23a-dd0c9ca54f19: 22 groups; 1.1 s; peak memory 1149 MiB.
2026-10-04T18:41:40Z INFO [425/900] 377a2a9d-233d-44d3-b770-3f3fb73ba65f: 36 groups; 12.0 s; peak memory 1149 MiB.
2026-10-04T18:41:42Z INFO [426/900] 377b36b6-03f7-4ef6-8cec-031a0dec01f6: 35 groups; 2.1 s; peak memory 1149 MiB.
2026-10-04T18:41:45Z INFO [427/900] 377b89a0-ff12-4136-9caa-24de9911edb9: 341 groups; 2.3 s; peak memory 1149 MiB.
2026-10-04T18:41:46Z INFO [428/900] 377b9e91-6dc2-4f87-ac05-9250ae4e33f2: 34 groups; 1.6 s; peak memory 1149 MiB.
2026-10-04T18:42:10Z INFO [429/900] 377ba12b-6e28-4e87-858c-2d9899a83430: 23 groups; 23.3 s; peak memory 1149 MiB.
2026-10-04T18:42:11Z INFO [430/900] 377ba3f9-f877-404c-a886-22447a1416d2: 35 groups; 1.8 s; peak memory 1149 MiB.
2026-10-04T18:42:12Z INFO [431/900] 377bad0e-38d9-469f-b917-4eeeb0f3e2e9: 31 groups; 1.2 s; peak memory 1149 MiB.
2026-10-04T18:42:14Z INFO [432/900] 377c25d8-4840-4b83-ba9c-af9d808b04b7: 22 groups; 1.2 s; peak memory 1149 MiB.
2026-10-04T18:42:15Z INFO [433/900] 377c2e3c-5e63-4729-9e9e-f1d640678c2b: 32 groups; 1.5 s; peak memory 1149 MiB.
2026-10-04T18:42:17Z INFO [434/900] 377e0f86-0189-4818-807c-cfddb393fcfb: 35 groups; 2.3 s; peak memory 1149 MiB.
2026-10-04T18:42:18Z INFO [435/900] 377e12ef-809d-42e7-a206-63614fc4e65d: 30 groups; 1.0 s; peak memory 1149 MiB.
2026-10-04T18:42:20Z INFO [436/900] 377e2d1b-0978-419d-9cc0-8550e62d940f: 22 groups; 1.2 s; peak memory 1149 MiB.
2026-10-04T18:42:21Z INFO [437/900] 3780b5b6-e211-41c5-a51c-764627bbf4cf: 34 groups; 1.6 s; peak memory 1149 MiB.
2026-10-04T18:42:23Z INFO [438/900] 3780f6da-f8e2-4f0c-8b10-210d4be1c75a: 103 groups; 1.5 s; peak memory 1149 MiB.
2026-10-04T18:42:24Z INFO [439/900] 3781181a-98f3-46f0-b958-58b14ddfea3b: 20 groups; 1.4 s; peak memory 1149 MiB.
2026-10-04T18:42:25Z INFO [440/900] 3781f85e-b701-4c1d-b8ab-a03ab67e408c: 16 groups; 0.9 s; peak memory 1149 MiB.
2026-10-04T18:42:26Z INFO [441/900] 37829e56-da17-4f53-9a72-a4178ec29626: 22 groups; 1.1 s; peak memory 1149 MiB.
2026-10-04T18:42:29Z INFO [442/900] 3782da7d-f116-4ce0-ad54-5d437a8cf5f2: 336 groups; 2.9 s; peak memory 1149 MiB.
2026-10-04T18:43:11Z INFO [443/900] 3782e64e-cea1-412b-bfc9-6a55ab159295: 102 groups; 41.6 s; peak memory 1149 MiB.
2026-10-04T18:43:14Z INFO [444/900] 3782ef99-631e-4ed3-b2cf-508957248f5f: 50 groups; 3.4 s; peak memory 1149 MiB.
2026-10-04T18:43:31Z INFO [445/900] 37838c59-0c57-46a0-a059-988ad397add6: 157 groups; 16.9 s; peak memory 1149 MiB.
2026-10-04T18:43:32Z INFO [446/900] 3783f4df-6ee3-471f-8b59-73fba404f142: 35 groups; 1.3 s; peak memory 1149 MiB.
2026-10-04T18:43:34Z INFO [447/900] 378441f0-a956-40bb-bc26-e7288fad5c44: 22 groups; 1.3 s; peak memory 1149 MiB.
2026-10-04T18:43:35Z INFO [448/900] 378464b8-3bce-44c8-a855-526d952748ef: 16 groups; 1.1 s; peak memory 1149 MiB.
2026-10-04T18:43:36Z INFO [449/900] 3784ed55-6ee8-4e22-8f2e-269bb0bbb36d: 22 groups; 1.3 s; peak memory 1149 MiB.
2026-10-04T18:43:37Z INFO [450/900] 37854024-e567-43aa-b0ba-f3f02347228c: 25 groups; 1.3 s; peak memory 1149 MiB.
2026-10-04T18:43:37Z INFO [450/900] 37854024-e567-43aa-b0ba-f3f02347228c: checkpointed 73786 records.
2026-10-04T18:43:39Z INFO [451/900] 3786a17e-f3f5-4f75-ae28-ffb5ad1f148b: 43 groups; 1.7 s; peak memory 1149 MiB.
2026-10-04T18:43:40Z INFO [452/900] 3786e4b4-478b-454d-a226-8a123a46d83b: 31 groups; 1.1 s; peak memory 1149 MiB.
2026-10-04T18:43:42Z INFO [453/900] 3787e63b-20e7-4e7d-ad30-a6dff6eac17a: 341 groups; 2.1 s; peak memory 1149 MiB.
2026-10-04T18:43:44Z INFO [454/900] 3788334c-00a0-4b2b-ae47-e6fb18744a61: 32 groups; 1.6 s; peak memory 1149 MiB.
2026-10-04T18:43:46Z INFO [455/900] 37899908-3f35-490f-b602-66e8c7daf441: 35 groups; 1.8 s; peak memory 1149 MiB.
2026-10-04T18:43:47Z INFO [456/900] 3789b1d4-455e-492a-9677-27b18a8de916: 32 groups; 1.5 s; peak memory 1149 MiB.
2026-10-04T18:43:49Z INFO [457/900] 378a5528-3ce0-45ea-8376-bc2c01ad9f6b: 22 groups; 1.3 s; peak memory 1149 MiB.
2026-10-04T18:43:52Z INFO [458/900] 378ac5e2-3b9d-450b-bca0-7f936fe14445: 56 groups; 3.1 s; peak memory 1149 MiB.
2026-10-04T18:44:01Z INFO [459/900] 378bc0e8-ef7e-42fa-a9ab-afd4ae4ff971: 123 groups; 9.7 s; peak memory 1149 MiB.
2026-10-04T18:44:03Z INFO [460/900] 378c064f-01cb-4a61-bd07-2f21c78e6352: 22 groups; 1.3 s; peak memory 1149 MiB.
2026-10-04T18:45:20Z INFO [461/900] 378c14ca-bdd3-4ac3-aa43-46cbde500c32: 28 groups; 77.0 s; peak memory 1149 MiB.
2026-10-04T18:45:39Z INFO [462/900] 378ca183-e065-451f-81cf-07fa7316bc5a: 224 groups; 18.8 s; peak memory 1149 MiB.
2026-10-04T18:45:40Z INFO [463/900] 378ca3c2-9a19-4aa7-a0ea-d57af229a17e: 35 groups; 1.5 s; peak memory 1149 MiB.
2026-10-04T18:45:42Z INFO [464/900] 378d5e2f-2c18-487f-8aea-40839461e8d0: 33 groups; 1.6 s; peak memory 1149 MiB.
2026-10-04T18:45:43Z INFO [465/900] 378e3806-1abc-4570-99c2-54e85de8354f: 35 groups; 1.8 s; peak memory 1149 MiB.
2026-10-04T18:45:47Z INFO [466/900] 378e982e-fbbf-484c-8778-2ac20aef87ca: 54 groups; 3.1 s; peak memory 1149 MiB.
2026-10-04T18:45:48Z INFO [467/900] 378ec52d-9334-4f95-a345-2a9af77e72ea: 31 groups; 1.8 s; peak memory 1149 MiB.
2026-10-04T18:45:52Z INFO [468/900] 378ef1ee-618f-42e3-94cf-38da55814bd8: 65 groups; 3.9 s; peak memory 1149 MiB.
2026-10-04T18:45:58Z INFO [469/900] 378f3743-0826-433b-854d-baf49800ce88: 78 groups; 5.7 s; peak memory 1149 MiB.
2026-10-04T18:46:01Z INFO [470/900] 378f76af-f3f0-471b-93b8-5da80942b125: 17 groups; 2.8 s; peak memory 1149 MiB.
2026-10-04T18:46:03Z INFO [471/900] 378f944c-e45e-4f59-87ae-733f2a30ff42: 35 groups; 2.2 s; peak memory 1149 MiB.
2026-10-04T18:46:05Z INFO [472/900] 378fa878-f864-40be-ad8b-51fca857c352: 33 groups; 1.9 s; peak memory 1149 MiB.
2026-10-04T18:46:06Z INFO [473/900] 378fe48c-0bed-4957-9430-90f2af4e7d18: 22 groups; 1.3 s; peak memory 1149 MiB.
2026-10-04T18:46:07Z INFO [474/900] 378fe5a5-8b72-4e05-a76a-4aff9ec4667d: 22 groups; 1.2 s; peak memory 1149 MiB.
2026-10-04T18:46:19Z INFO [475/900] 37901c9d-30f0-4de2-812e-d2d5eefc4127: 63 groups; 11.5 s; peak memory 1149 MiB.
2026-10-04T18:46:22Z INFO [476/900] 3790cb9d-42c6-49d3-9cfd-e620bd7c2b67: 49 groups; 3.3 s; peak memory 1149 MiB.
2026-10-04T18:46:23Z INFO [477/900] 37919ecb-21ee-43e1-96ae-3916e322fd10: 16 groups; 1.2 s; peak memory 1149 MiB.
2026-10-04T18:46:24Z INFO [478/900] 37920ea3-cbe3-4e54-bf2f-2f1ae4ac4469: 30 groups; 0.9 s; peak memory 1149 MiB.
2026-10-04T18:46:26Z INFO [479/900] 37936f00-d38a-4d40-96a6-00a3c156283d: 200 groups; 1.8 s; peak memory 1149 MiB.
2026-10-04T18:46:28Z INFO [480/900] 3793baca-1d9a-4414-a8e3-10f5d5466b3c: 27 groups; 1.7 s; peak memory 1149 MiB.
2026-10-04T18:46:29Z INFO [481/900] 37949cff-1cba-4c2c-ae75-f829873c3393: 22 groups; 1.1 s; peak memory 1149 MiB.
2026-10-04T18:46:30Z INFO [482/900] 3794aaaf-f41c-40f5-ab02-8db8b4fe21b3: 32 groups; 1.3 s; peak memory 1149 MiB.
2026-10-04T18:46:32Z INFO [483/900] 3794f5d2-8cda-4e49-a92a-8fec4d853b6a: 25 groups; 1.3 s; peak memory 1149 MiB.
2026-10-04T18:46:35Z INFO [484/900] 379554d6-1105-40ca-89fc-d172ba58f5f9: 48 groups; 2.8 s; peak memory 1149 MiB.
2026-10-04T18:46:36Z INFO [485/900] 37957844-4f93-4045-ada0-8c7513ea4b65: 22 groups; 1.1 s; peak memory 1149 MiB.
2026-10-04T18:46:43Z INFO [486/900] 37957b0b-c37f-44b6-84b8-06ffccef8d34: 122 groups; 7.1 s; peak memory 1149 MiB.
2026-10-04T18:47:06Z INFO [487/900] 3796324b-201b-4b89-a04f-f97aee56a7d6: 23 groups; 23.2 s; peak memory 1149 MiB.
2026-10-04T18:47:07Z INFO [488/900] 379686f2-b4a1-4b8d-8764-16f6b1323475: 32 groups; 1.5 s; peak memory 1149 MiB.
2026-10-04T18:47:09Z INFO [489/900] 3797b0a7-15b4-4119-98b1-d1ae4b7e768a: 22 groups; 1.3 s; peak memory 1149 MiB.
2026-10-04T18:47:10Z INFO [490/900] 3798259a-d934-48da-9581-8c1626ad4274: 22 groups; 1.2 s; peak memory 1149 MiB.
2026-10-04T18:47:17Z INFO [491/900] 379976a3-65b5-4a39-a2fe-bea2ab814cb2: 181 groups; 7.4 s; peak memory 1149 MiB.
2026-10-04T18:47:19Z INFO [492/900] 379a27c0-8661-48f9-a8c5-2c87af41c327: 22 groups; 1.2 s; peak memory 1149 MiB.
2026-10-04T18:47:32Z INFO [493/900] 379a56ea-f577-4a3d-aacb-00beed5efdf3: 198 groups; 13.9 s; peak memory 1149 MiB.
2026-10-04T18:47:33Z INFO [494/900] 379a5966-beb4-492d-9702-55b80ab80835: 18 groups; 1.0 s; peak memory 1149 MiB.
2026-10-04T18:47:36Z INFO [495/900] 379adf4f-070f-494d-959b-86e6e0973fbb: 48 groups; 3.0 s; peak memory 1149 MiB.
2026-10-04T18:47:38Z INFO [496/900] 379c8e80-5e25-4f83-a8a1-cf5f69bbdd15: 22 groups; 1.2 s; peak memory 1149 MiB.
2026-10-04T18:47:39Z INFO [497/900] 379cd2bc-db29-41ed-b813-7cab79a0aa26: 28 groups; 1.3 s; peak memory 1149 MiB.
2026-10-04T18:47:40Z INFO [498/900] 379d7391-8400-4381-b97c-95d398da34b9: 33 groups; 1.4 s; peak memory 1149 MiB.
2026-10-04T18:47:41Z INFO [499/900] 379e99a3-b05b-4228-b1dc-8f7d917b32f2: 22 groups; 1.1 s; peak memory 1149 MiB.
2026-10-04T18:47:43Z INFO [500/900] 379eae87-9b8e-4e49-a77a-f91c05ada780: 22 groups; 1.3 s; peak memory 1149 MiB.
2026-10-04T18:47:43Z INFO [500/900] 379eae87-9b8e-4e49-a77a-f91c05ada780: checkpointed 73836 records.
2026-10-04T18:47:48Z INFO [501/900] 379ee6c4-6c22-423c-9aaa-6502503d127f: 75 groups; 5.6 s; peak memory 1149 MiB.
2026-10-04T18:47:50Z INFO [502/900] 379ef635-34e6-4fdb-8c19-ec4a1fda26cf: 22 groups; 1.2 s; peak memory 1149 MiB.
2026-10-04T18:47:51Z INFO [503/900] 37a05112-a19e-4818-81a0-ac8248b7f27d: 207 groups; 1.8 s; peak memory 1149 MiB.
2026-10-04T18:47:53Z INFO [504/900] 37a156cd-8480-4c1f-9acb-d01a37483dfa: 22 groups; 1.2 s; peak memory 1149 MiB.
2026-10-04T18:47:55Z INFO [505/900] 37a1a7c7-0e0d-47c2-9d64-a32b41a5729a: 35 groups; 2.0 s; peak memory 1149 MiB.
2026-10-04T18:47:56Z INFO [506/900] 37a35bcc-619b-4c01-8738-3865b6132cfa: 32 groups; 1.4 s; peak memory 1149 MiB.
2026-10-04T18:47:57Z INFO [507/900] 37a3aef1-0f69-4e07-b550-5d8aa8ef376e: 22 groups; 1.1 s; peak memory 1149 MiB.
2026-10-04T18:47:58Z INFO [508/900] 37a3cc16-5f0e-42dc-a71b-e9fe771de2d4: 22 groups; 1.1 s; peak memory 1149 MiB.
2026-10-04T18:48:42Z INFO [509/900] 37a3e63e-e6f8-40bb-ad0d-64c85bd80b60: 3028 groups; 43.5 s; peak memory 1149 MiB.
2026-10-04T18:48:45Z INFO [510/900] 37a4a9f8-7239-41b9-ae11-90b2c03c4b5d: 71 groups; 3.1 s; peak memory 1149 MiB.
2026-10-04T18:48:46Z INFO [511/900] 37a501dc-d263-473b-8292-053693855d88: 16 groups; 1.0 s; peak memory 1149 MiB.
2026-10-04T18:48:51Z INFO [512/900] 37a512e3-f021-43fd-b36a-54092f579f8a: 73 groups; 5.4 s; peak memory 1149 MiB.
2026-10-04T18:48:52Z INFO [513/900] 37a520c7-a81e-4a54-a2e9-4c5a9288457e: 22 groups; 1.3 s; peak memory 1149 MiB.
2026-10-04T18:53:00Z INFO [514/900] 37a56dbf-0f09-493a-a444-8e65ba0651e1: 81 groups; 247.6 s; peak memory 1149 MiB.
2026-10-04T18:53:02Z INFO [515/900] 37a610ac-235f-4f2d-a732-4124fbb379a9: 35 groups; 1.8 s; peak memory 1149 MiB.
2026-10-04T18:53:04Z INFO [516/900] 37a63e99-c597-4707-a90f-01d08907a38d: 35 groups; 1.9 s; peak memory 1149 MiB.
2026-10-04T18:53:07Z INFO [517/900] 37a6644f-b82d-4861-bc6c-7b14546e4fc8: 54 groups; 2.9 s; peak memory 1149 MiB.
2026-10-04T18:53:17Z INFO [518/900] 37a6c242-d28b-44b6-94b8-adea1aaf3b40: 22 groups; 10.2 s; peak memory 1149 MiB.
2026-10-04T18:53:18Z INFO [519/900] 37a6ef55-e413-4a00-b189-e12f1a84f718: 22 groups; 1.3 s; peak memory 1149 MiB.
2026-10-04T18:53:19Z INFO [520/900] 37a70b19-bf4a-4211-9eac-db1dd76ef61e: 18 groups; 1.0 s; peak memory 1149 MiB.
2026-10-04T18:53:22Z INFO [521/900] 37a7351b-da7f-4558-84c3-7a377582ef11: 48 groups; 3.0 s; peak memory 1149 MiB.
2026-10-04T18:53:35Z INFO [522/900] 37a73a5c-4b76-4020-933c-8d6512d1cbf5: 507 groups; 12.5 s; peak memory 1149 MiB.
2026-10-04T18:53:37Z INFO [523/900] 37a74f14-6c13-48b1-80a9-dd0c1e3e59f1: 33 groups; 1.9 s; peak memory 1149 MiB.
2026-10-04T18:53:40Z INFO [524/900] 37a7c537-8499-4949-bdfe-64b020b4b375: 43 groups; 2.9 s; peak memory 1149 MiB.
2026-10-04T18:53:42Z INFO [525/900] 37a87619-4dff-4cbc-9a4e-ee77807c5552: 53 groups; 2.4 s; peak memory 1149 MiB.
2026-10-04T18:53:46Z INFO [526/900] 37a9b79e-6ced-4da7-a61d-7705c94a1cc1: 90 groups; 4.2 s; peak memory 1149 MiB.
2026-10-04T18:53:47Z INFO [527/900] 37aaa14f-5dca-4afb-b213-ee234b134ca2: 32 groups; 1.4 s; peak memory 1149 MiB.
2026-10-04T18:53:49Z INFO [528/900] 37aae9b1-df84-4ea3-aaa3-f8bbbb83050a: 33 groups; 1.4 s; peak memory 1149 MiB.
2026-10-04T18:53:51Z INFO [529/900] 37ab2375-37d8-4e6c-a3db-62d6a4709f42: 71 groups; 1.7 s; peak memory 1149 MiB.
2026-10-04T18:53:58Z INFO [530/900] 37ab700c-0e03-4bbc-8c39-e31ce127bcc4: 189 groups; 7.9 s; peak memory 1149 MiB.
2026-10-04T18:54:00Z INFO [531/900] 37abb210-fbdd-4df7-8048-c3ef1e5ecb2a: 72 groups; 1.4 s; peak memory 1149 MiB.
2026-10-04T18:54:01Z INFO [532/900] 37abecaa-196a-4c0b-adf1-bab168d9d39e: 22 groups; 1.3 s; peak memory 1149 MiB.
2026-10-04T18:54:03Z INFO [533/900] 37ac7fe2-4ddd-41e1-a196-2e5afcb40a08: 29 groups; 1.6 s; peak memory 1149 MiB.
2026-10-04T18:54:04Z INFO [534/900] 37ac9124-9497-4147-95bf-28e7a44fd287: 32 groups; 1.4 s; peak memory 1149 MiB.
2026-10-04T18:54:10Z INFO [535/900] 37acb689-2f65-4874-95d3-3da0a483eb70: 118 groups; 6.0 s; peak memory 1149 MiB.
2026-10-04T18:54:13Z INFO [536/900] 37acfcbf-6dcd-435c-9d63-9ad58fff9259: 63 groups; 3.2 s; peak memory 1149 MiB.
2026-10-04T18:54:20Z INFO [537/900] 37ad1c4c-290a-4a8a-9636-f86657c9c755: 71 groups; 6.5 s; peak memory 1149 MiB.
2026-10-04T18:54:23Z INFO [538/900] 37adb5e4-52ea-4423-8dfa-cec77bafa35f: 17 groups; 2.9 s; peak memory 1149 MiB.
2026-10-04T18:54:24Z INFO [539/900] 37ae01b6-0ba5-438c-b620-d70ddb64c2a5: 25 groups; 1.5 s; peak memory 1149 MiB.
2026-10-04T18:54:25Z INFO [540/900] 37ae551c-63eb-4832-b058-6274e78e624e: 30 groups; 1.0 s; peak memory 1149 MiB.
2026-10-04T18:56:18Z INFO [541/900] 37ae595f-a17d-40e9-8483-d6ac54a0011c: 27 groups; 113.0 s; peak memory 1149 MiB.
2026-10-04T18:56:20Z INFO [542/900] 37af1310-b709-41f5-9d9f-673a017503bc: 32 groups; 1.5 s; peak memory 1149 MiB.
2026-10-04T18:56:25Z INFO [543/900] 37af2a3a-1ab2-44eb-ad81-683e89d47351: 78 groups; 5.6 s; peak memory 1149 MiB.
2026-10-04T18:56:27Z INFO [544/900] 37af6407-1674-42e1-bad2-22009c0a2d9c: 33 groups; 1.3 s; peak memory 1149 MiB.
2026-10-04T18:56:28Z INFO [545/900] 37af7d96-33ac-42f4-8832-06bdbec0f6c6: 22 groups; 1.3 s; peak memory 1149 MiB.
2026-10-04T19:00:35Z INFO [546/900] 37afc1a8-ee0e-4cb6-b5f5-d16d8583517f: 75 groups; 247.2 s; peak memory 1149 MiB.
2026-10-04T19:00:36Z INFO [547/900] 37b0c534-4a9d-49af-8e18-df5b0eca61fd: 16 groups; 1.1 s; peak memory 1149 MiB.
2026-10-04T19:00:43Z INFO [548/900] 37b109e8-84dd-419d-a2d3-e376142abb04: 85 groups; 6.5 s; peak memory 1149 MiB.
2026-10-04T19:01:02Z INFO [549/900] 37b24eeb-6877-48ff-a270-b347535bfde6: 2559 groups; 19.6 s; peak memory 1149 MiB.
2026-10-04T19:01:04Z INFO [550/900] 37b291f2-f29f-44ea-9cc7-f22ac8788f96: 206 groups; 2.0 s; peak memory 1149 MiB.
2026-10-04T19:01:04Z INFO [550/900] 37b291f2-f29f-44ea-9cc7-f22ac8788f96: checkpointed 73886 records.
2026-10-04T19:01:06Z INFO [551/900] 37b2ef01-c239-4b5f-b17f-52972dca55de: 22 groups; 1.3 s; peak memory 1149 MiB.
2026-10-04T19:01:07Z INFO [552/900] 37b381c9-a12f-4c88-9b31-bd31f808d892: 35 groups; 1.7 s; peak memory 1149 MiB.
2026-10-04T19:01:09Z INFO [553/900] 37b3d483-3028-43f1-ade7-173c7afb8e43: 32 groups; 1.5 s; peak memory 1149 MiB.
2026-10-04T19:01:14Z INFO [554/900] 37b446f0-98b1-406b-8681-040f3e631386: 78 groups; 5.1 s; peak memory 1149 MiB.
2026-10-04T19:01:15Z INFO [555/900] 37b5a030-9349-4124-82b8-73c5b44f0020: 22 groups; 1.3 s; peak memory 1149 MiB.
2026-10-04T19:01:17Z INFO [556/900] 37b601a2-7406-4600-860a-b652aeb4aac3: 29 groups; 1.5 s; peak memory 1149 MiB.
2026-10-04T19:01:18Z INFO [557/900] 37b70a52-9620-4516-bfee-2f2babe0fc21: 22 groups; 1.2 s; peak memory 1149 MiB.
2026-10-04T19:01:25Z INFO [558/900] 37b732c8-1be6-4078-8020-5b3b5239ec1b: 84 groups; 6.7 s; peak memory 1149 MiB.
2026-10-04T19:01:26Z INFO [559/900] 37b87a37-e956-452b-9600-baeb57b61b3e: 42 groups; 1.7 s; peak memory 1149 MiB.
2026-10-04T19:01:28Z INFO [560/900] 37b9bc23-2c59-4709-a520-b5f7b0a6c593: 32 groups; 1.7 s; peak memory 1149 MiB.
2026-10-04T19:01:31Z INFO [561/900] 37b9e40f-f39b-4030-8ac2-4075e8b09b54: 48 groups; 2.5 s; peak memory 1149 MiB.
2026-10-04T19:01:40Z INFO [562/900] 37ba8b84-d8ae-41a2-b91d-4e43d82da574: 42 groups; 9.4 s; peak memory 1149 MiB.
2026-10-04T19:01:42Z INFO [563/900] 37bb25f0-f5ef-419d-8ab9-6b00095cea3e: 259 groups; 2.3 s; peak memory 1149 MiB.
2026-10-04T19:01:44Z INFO [564/900] 37bc8484-ee24-45cb-8806-e6220fadf8ff: 35 groups; 1.8 s; peak memory 1149 MiB.
2026-10-04T19:01:47Z INFO [565/900] 37bc8894-a793-4395-8347-d64ab6a3f2a3: 48 groups; 2.6 s; peak memory 1149 MiB.
2026-10-04T19:01:48Z INFO [566/900] 37bd4e09-c489-4aa6-9e53-d382e28c57f1: 32 groups; 1.4 s; peak memory 1149 MiB.
2026-10-04T19:01:49Z INFO [567/900] 37be40eb-8d8c-4e9b-9bb5-c8e9171f8c1a: 71 groups; 1.3 s; peak memory 1149 MiB.
2026-10-04T19:01:52Z INFO [568/900] 37bf1c10-6ab0-48ff-a3b2-0bd7650d79f4: 32 groups; 2.1 s; peak memory 1149 MiB.
2026-10-04T19:01:53Z INFO [569/900] 37bfa315-9423-4315-a055-47085bc28ee4: 108 groups; 1.8 s; peak memory 1149 MiB.
2026-10-04T19:01:55Z INFO [570/900] 37c01e08-df16-459c-bc88-cf44517be54b: 253 groups; 1.4 s; peak memory 1149 MiB.
2026-10-04T19:01:56Z INFO [571/900] 37c06f3d-0b60-42ca-b93b-ec7b61a9b47c: 34 groups; 1.8 s; peak memory 1149 MiB.
2026-10-04T19:02:00Z INFO [572/900] 37c153e5-38bf-4125-b102-775c9847182a: 44 groups; 3.2 s; peak memory 1149 MiB.
2026-10-04T19:02:01Z INFO [573/900] 37c15973-2012-4c97-92b1-6d79cff31cba: 196 groups; 1.7 s; peak memory 1149 MiB.
2026-10-04T19:02:03Z INFO [574/900] 37c1df3a-684d-4b18-88e8-58ae6953a18a: 203 groups; 1.8 s; peak memory 1149 MiB.
2026-10-04T19:02:05Z INFO [575/900] 37c1ecbc-6763-49a3-be89-2e7e5432e655: 35 groups; 1.6 s; peak memory 1149 MiB.
2026-10-04T19:02:08Z INFO [576/900] 37c1fb75-e938-4c40-9360-cd2c6571fa2c: 46 groups; 2.9 s; peak memory 1149 MiB.
2026-10-04T19:02:09Z INFO [577/900] 37c2e6b5-703d-49a3-bc89-e92cca90cf04: 196 groups; 1.7 s; peak memory 1149 MiB.
2026-10-04T19:02:11Z INFO [578/900] 37c3cd72-6206-4c0c-9fb7-1ab9e388564b: 32 groups; 1.4 s; peak memory 1149 MiB.
2026-10-04T19:02:12Z INFO [579/900] 37c43264-a47c-4ae9-855d-81c7b1ebca1f: 22 groups; 1.3 s; peak memory 1149 MiB.
2026-10-04T19:02:13Z INFO [580/900] 37c4d80f-d499-484a-ab97-64153261fd90: 252 groups; 1.4 s; peak memory 1149 MiB.
2026-10-04T19:06:40Z INFO [581/900] 37c4da0d-004c-4188-a75a-b0ce2e42e754: 81 groups; 266.7 s; peak memory 1149 MiB.
2026-10-04T19:06:42Z INFO [582/900] 37c585b9-7b95-439e-a2b8-f41b3772dc99: 35 groups; 1.6 s; peak memory 1149 MiB.
2026-10-04T19:06:43Z INFO [583/900] 37c74265-a5fa-4310-b7c4-1b2e9efd7006: 22 groups; 1.3 s; peak memory 1149 MiB.
2026-10-04T19:06:44Z INFO [584/900] 37c82627-b2e2-4289-ba0b-95b51e50e4bd: 22 groups; 1.2 s; peak memory 1149 MiB.
2026-10-04T19:06:57Z INFO [585/900] 37c8dcb8-30de-4974-9fd0-c659c1274d8a: 187 groups; 12.6 s; peak memory 1149 MiB.
2026-10-04T19:06:58Z INFO [586/900] 37c9ecb2-5435-45cc-9438-e12b6fdcd99b: 22 groups; 1.3 s; peak memory 1149 MiB.
2026-10-04T19:07:00Z INFO [587/900] 37cbe5a9-d3ed-4c54-a80a-cf0526dfe984: 31 groups; 1.9 s; peak memory 1149 MiB.
2026-10-04T19:07:01Z INFO [588/900] 37cc5ddc-cdc5-4906-a940-47f334e11ba0: 32 groups; 1.4 s; peak memory 1149 MiB.
2026-10-04T19:07:03Z INFO [589/900] 37cc7a94-9d08-4d8c-b196-1ccae3d514f5: 31 groups; 1.2 s; peak memory 1149 MiB.
2026-10-04T19:07:04Z INFO [590/900] 37ccb0ab-3c5d-4fb4-aae9-f980fdac819a: 22 groups; 1.1 s; peak memory 1149 MiB.
2026-10-04T19:07:07Z INFO [591/900] 37cd4fc2-1e21-4018-8bdf-86f23ac88434: 48 groups; 2.8 s; peak memory 1149 MiB.
2026-10-04T19:07:10Z INFO [592/900] 37cd85e1-3567-4dd2-a4e2-9567b253e384: 50 groups; 3.6 s; peak memory 1149 MiB.
2026-10-04T19:13:58Z INFO [593/900] 37cebdc6-9878-45c7-91ef-310491c93793: 58 groups; 408.4 s; peak memory 1149 MiB.
2026-10-04T19:14:00Z INFO [594/900] 37cf3be4-e2e2-435d-b4a3-2a790826b24b: 22 groups; 1.3 s; peak memory 1149 MiB.
2026-10-04T19:14:01Z INFO [595/900] 37cf3d3c-059d-4731-89ef-e88ab9b2bb0a: 22 groups; 1.4 s; peak memory 1149 MiB.
2026-10-04T19:14:02Z INFO [596/900] 37cfb443-5b2e-45b8-8301-73a6f14a2926: 20 groups; 1.1 s; peak memory 1149 MiB.
2026-10-04T19:14:03Z INFO [597/900] 37cffdf2-d332-48f6-8c4d-63ffc05b3102: 20 groups; 1.2 s; peak memory 1149 MiB.
2026-10-04T19:14:05Z INFO [598/900] 37d09533-c1b7-4873-9c54-46973860c8c4: 203 groups; 1.7 s; peak memory 1149 MiB.
2026-10-04T19:14:07Z INFO [599/900] 37d10f70-32cb-49c4-90c3-b92c4e897f69: 35 groups; 1.6 s; peak memory 1149 MiB.
2026-10-04T19:14:09Z INFO [600/900] 37d121ee-8f25-4589-9b64-8f11f6702e0a: 104 groups; 2.0 s; peak memory 1149 MiB.
2026-10-04T19:14:09Z INFO [600/900] 37d121ee-8f25-4589-9b64-8f11f6702e0a: checkpointed 73936 records.
2026-10-04T19:14:12Z INFO [601/900] 37d15952-8219-4fbb-8397-9a35a80439ff: 48 groups; 3.1 s; peak memory 1149 MiB.
2026-10-04T19:14:14Z INFO [602/900] 37d1b21e-7e0b-4ec9-9306-3a6b68ac8381: 35 groups; 1.9 s; peak memory 1149 MiB.
2026-10-04T19:14:17Z INFO [603/900] 37d1f7ba-954f-47d0-bb85-ad8390b10cfb: 202 groups; 2.9 s; peak memory 1149 MiB.
2026-10-04T19:14:23Z INFO [604/900] 37d45762-f60f-402e-8269-4d3212c45d0b: 78 groups; 6.6 s; peak memory 1149 MiB.
2026-10-04T19:14:25Z INFO [605/900] 37d51a89-d419-48ca-9a33-7d7ea3c98f4a: 253 groups; 1.6 s; peak memory 1149 MiB.
2026-10-04T19:14:49Z INFO [606/900] 37d532d4-b225-4cda-995a-4c796acebf53: 23 groups; 24.4 s; peak memory 1149 MiB.
2026-10-04T19:14:51Z INFO [607/900] 37d6742e-8a31-49c3-9fe2-90df969eb85c: 28 groups; 1.3 s; peak memory 1149 MiB.
2026-10-04T19:14:52Z INFO [608/900] 37d74a2e-fe94-4e5c-8e4f-1c38adbbd40c: 28 groups; 1.2 s; peak memory 1149 MiB.
2026-10-04T19:14:53Z INFO [609/900] 37d8ae64-9be8-4935-a6d4-e300c1e34c03: 35 groups; 1.5 s; peak memory 1149 MiB.
2026-10-04T19:14:55Z INFO [610/900] 37d8e581-ba4e-4fff-a581-4cf1c162c264: 35 groups; 1.9 s; peak memory 1149 MiB.
2026-10-04T19:14:57Z INFO [611/900] 37d914ba-af44-40e6-ade7-ae4b6a93ffc3: 35 groups; 1.6 s; peak memory 1149 MiB.
2026-10-04T19:15:00Z INFO [612/900] 37da42be-4330-4324-9a1d-fce937d12633: 60 groups; 2.9 s; peak memory 1149 MiB.
2026-10-04T19:15:25Z INFO [613/900] 37da4910-352a-4a99-ad30-1bec0b098881: 23 groups; 24.8 s; peak memory 1149 MiB.
2026-10-04T19:15:26Z INFO [614/900] 37daf441-4b73-46ea-bfbd-be547055a7e8: 32 groups; 1.3 s; peak memory 1149 MiB.
2026-10-04T19:15:27Z INFO [615/900] 37dbd0bf-58ba-4d3a-9332-026b69299bb6: 32 groups; 1.5 s; peak memory 1149 MiB.
2026-10-04T19:15:33Z INFO [616/900] 37dbe919-2bfa-41b7-80a4-fc27c84a8d04: 73 groups; 5.9 s; peak memory 1149 MiB.
2026-10-04T19:15:41Z INFO [617/900] 37dc28ba-d0fe-4463-a2e0-b526a19377de: 70 groups; 8.1 s; peak memory 1149 MiB.
2026-10-04T19:15:44Z INFO [618/900] 37dcda4c-e8f9-44d1-9bd2-4812a38bc422: 72 groups; 2.5 s; peak memory 1149 MiB.
2026-10-04T19:15:45Z INFO [619/900] 37de8772-e5ff-4918-8b54-96965ead6c3c: 22 groups; 1.3 s; peak memory 1149 MiB.
2026-10-04T19:15:51Z INFO [620/900] 37de93da-cab3-4dfc-8341-3a6263222acb: 75 groups; 6.1 s; peak memory 1149 MiB.
2026-10-04T19:15:53Z INFO [621/900] 37dea902-aca1-4499-8f9b-d93bc5e966cd: 195 groups; 2.2 s; peak memory 1149 MiB.
2026-10-04T19:15:55Z INFO [622/900] 37dec7f0-f4ba-4c7d-9cbd-f67da95b1578: 35 groups; 1.7 s; peak memory 1149 MiB.
2026-10-04T19:15:59Z INFO [623/900] 37df6067-1de3-4c93-b706-6e469519a60c: 50 groups; 3.5 s; peak memory 1149 MiB.
2026-10-04T19:16:25Z INFO [624/900] 37e0af70-dd4f-4746-8084-67b0420a20b0: 23 groups; 26.2 s; peak memory 1149 MiB.
2026-10-04T19:16:26Z INFO [625/900] 37e4df39-144f-4afe-9ebe-a166f5089365: 22 groups; 1.2 s; peak memory 1149 MiB.
2026-10-04T19:16:28Z INFO [626/900] 37e69976-144e-4eed-b986-cd55570c692a: 35 groups; 1.6 s; peak memory 1149 MiB.
2026-10-04T19:16:30Z INFO [627/900] 37e6ab36-d31f-4868-82b8-68e16886c22b: 196 groups; 1.9 s; peak memory 1149 MiB.
2026-10-04T19:16:31Z INFO [628/900] 37e6e17b-f43e-480e-b96d-3a55d85601df: 26 groups; 1.5 s; peak memory 1149 MiB.
2026-10-04T19:19:11Z INFO [629/900] 37e7530b-1c8c-4328-b36c-81bda767952a: 60 groups; 159.4 s; peak memory 1149 MiB.
2026-10-04T19:19:17Z INFO [630/900] 37e771cd-14fc-4bdc-8d99-9fa13e714ec7: 84 groups; 6.3 s; peak memory 1149 MiB.
2026-10-04T19:19:18Z INFO [631/900] 37e83532-3967-4181-a6de-7e0ff4b4e7b0: 32 groups; 1.6 s; peak memory 1149 MiB.
2026-10-04T19:19:20Z INFO [632/900] 37e8798a-e41f-42b2-a989-ca8763c0d2b4: 22 groups; 1.2 s; peak memory 1149 MiB.
2026-10-04T19:19:21Z INFO [633/900] 37e89d66-1831-472f-b389-c4ee96a3a538: 16 groups; 0.9 s; peak memory 1149 MiB.
2026-10-04T19:19:22Z INFO [634/900] 37e96ca5-fd2c-44c1-9216-2ffd0c9d5bf7: 32 groups; 1.4 s; peak memory 1149 MiB.
2026-10-04T19:19:24Z INFO [635/900] 37ea7fa3-52ea-4f53-a824-cd56811306a8: 27 groups; 1.6 s; peak memory 1149 MiB.
2026-10-04T19:19:31Z INFO [636/900] 37ea9587-572f-4f27-ace3-29768013eb93: 156 groups; 7.1 s; peak memory 1149 MiB.
2026-10-04T19:22:11Z INFO [637/900] 37eb4298-6fd2-427f-9fea-97820703c35d: 79 groups; 160.2 s; peak memory 1149 MiB.
2026-10-04T19:22:12Z INFO [638/900] 37eb65eb-a5c0-44ab-b3b2-847176a8942a: 32 groups; 1.6 s; peak memory 1149 MiB.
2026-10-04T19:22:14Z INFO [639/900] 37ec3179-8667-438e-8065-528e3a8de8af: 27 groups; 1.8 s; peak memory 1149 MiB.
2026-10-04T19:22:15Z INFO [640/900] 37ed24da-2f3b-4874-9e7c-5be0b3021186: 22 groups; 1.3 s; peak memory 1149 MiB.
2026-10-04T19:22:17Z INFO [641/900] 37ed3d18-15f7-44ef-8eb5-313f1227979b: 25 groups; 1.3 s; peak memory 1149 MiB.
2026-10-04T19:22:18Z INFO [642/900] 37edd07d-00f7-4101-962d-bb8fda311142: 30 groups; 1.1 s; peak memory 1149 MiB.
2026-10-04T19:22:19Z INFO [643/900] 37eebcbd-c32a-4dbb-9f40-57e018dd940c: 29 groups; 1.1 s; peak memory 1149 MiB.
2026-10-04T19:22:21Z INFO [644/900] 37ef4b78-9783-4954-9d75-e72590fe877d: 207 groups; 2.0 s; peak memory 1149 MiB.
2026-10-04T19:22:22Z INFO [645/900] 37ef77eb-fa78-4ac5-b694-966bdf12b6b5: 28 groups; 1.2 s; peak memory 1149 MiB.
2026-10-04T19:22:29Z INFO [646/900] 37f27ce6-0c6a-49b3-9aaa-d1f97c367403: 85 groups; 6.6 s; peak memory 1149 MiB.
2026-10-04T19:22:31Z INFO [647/900] 37f2a086-f838-49a8-9155-c445f93b75ba: 337 groups; 2.0 s; peak memory 1149 MiB.
2026-10-04T19:22:38Z INFO [648/900] 37f37c94-5d05-47b1-8a6c-ea0afa8d29b4: 181 groups; 6.9 s; peak memory 1149 MiB.
2026-10-04T19:22:40Z INFO [649/900] 37f3ac71-a7a9-492a-9892-d35d78738556: 573 groups; 2.5 s; peak memory 1149 MiB.
2026-10-04T19:22:42Z INFO [650/900] 37f3f232-7dc7-45ee-9174-1eecd393583a: 206 groups; 2.1 s; peak memory 1149 MiB.
2026-10-04T19:22:42Z INFO [650/900] 37f3f232-7dc7-45ee-9174-1eecd393583a: checkpointed 73986 records.
2026-10-04T19:22:44Z INFO [651/900] 37f53d62-68e2-4c0b-9e01-505a03169777: 36 groups; 1.9 s; peak memory 1149 MiB.
2026-10-04T19:22:45Z INFO [652/900] 37f5fe0c-a7de-41b6-b1b1-1f1aa8867394: 16 groups; 1.0 s; peak memory 1149 MiB.
2026-10-04T19:22:47Z INFO [653/900] 37f6379d-c784-436e-a6f6-3ae5769af8f0: 32 groups; 1.5 s; peak memory 1149 MiB.
2026-10-04T19:22:48Z INFO [654/900] 37f66f53-2c71-41d0-bc61-cfc4c98a325a: 22 groups; 1.1 s; peak memory 1149 MiB.
2026-10-04T19:22:49Z INFO [655/900] 37f6b3ff-84a2-4364-aa3d-960c7b37182d: 32 groups; 1.5 s; peak memory 1149 MiB.
2026-10-04T19:23:04Z INFO [656/900] 37f6fbdd-5335-472a-b539-78b779da5b8b: 37 groups; 14.4 s; peak memory 1149 MiB.
2026-10-04T19:23:05Z INFO [657/900] 37f7c664-8ddd-4fcb-a3f0-b3e2787ad60a: 252 groups; 1.4 s; peak memory 1149 MiB.
2026-10-04T19:23:07Z INFO [658/900] 37f808af-38b4-4ec1-a95e-f09aa0ceb052: 22 groups; 1.3 s; peak memory 1149 MiB.
2026-10-04T19:23:08Z INFO [659/900] 37f96727-2a83-41f1-9ccf-65cdae838aa8: 33 groups; 1.8 s; peak memory 1149 MiB.
2026-10-04T19:23:10Z INFO [660/900] 37f9887b-d386-4a16-b51f-75e1b9cd5e6a: 25 groups; 1.3 s; peak memory 1149 MiB.
2026-10-04T19:23:36Z INFO [661/900] 37f9d41b-97ef-46fd-93b5-ec57bae23214: 23 groups; 26.2 s; peak memory 1149 MiB.
2026-10-04T19:23:45Z INFO [662/900] 37f9e4e2-d494-4992-9c44-e157d8b91be5: 50 groups; 9.6 s; peak memory 1149 MiB.
2026-10-04T19:24:07Z INFO [663/900] 37fad943-df05-4309-84fb-a8a224c4a947: 167 groups; 22.0 s; peak memory 1149 MiB.
2026-10-04T19:24:08Z INFO [664/900] 37fae6dd-cb7a-420a-9675-741e2e3cc09b: 22 groups; 1.0 s; peak memory 1149 MiB.
2026-10-04T19:24:10Z INFO [665/900] 37fc59b2-1723-4c18-b271-1afd334a9426: 32 groups; 1.4 s; peak memory 1149 MiB.
2026-10-04T20:13:48Z INFO [666/900] 37fcc08c-5fc7-4063-8230-bbf29b797969: 61 groups; 2978.1 s; peak memory 1217 MiB.
2026-10-04T20:14:30Z INFO [667/900] 37fd913e-317f-4db8-91f9-55b9498ad3f0: 22 groups; 42.1 s; peak memory 1217 MiB.
2026-10-04T20:14:31Z INFO [668/900] 37fd9388-f5cb-435e-9d06-7e7207762bd7: 28 groups; 1.1 s; peak memory 1217 MiB.
2026-10-04T20:14:33Z INFO [669/900] 37fdbaf2-d12d-4077-9fb1-94feaf71de68: 103 groups; 1.7 s; peak memory 1217 MiB.
2026-10-04T20:14:34Z INFO [670/900] 37fdc926-c7a4-4eb4-b88a-0bae7f137ec8: 33 groups; 1.4 s; peak memory 1217 MiB.
2026-10-04T20:14:47Z INFO [671/900] 37fdd4cc-d101-4cb0-884a-2997e25a6109: 354 groups; 12.4 s; peak memory 1217 MiB.
2026-10-04T20:14:53Z INFO [672/900] 37fe0dbe-1a65-4b6f-a9fa-ed2001ed9367: 47 groups; 6.4 s; peak memory 1217 MiB.
2026-10-04T20:14:54Z INFO [673/900] 38001b5b-bf5e-4902-b4c6-7648404aa1b6: 22 groups; 1.3 s; peak memory 1217 MiB.
2026-10-04T20:14:56Z INFO [674/900] 38015a40-4eba-4304-85d9-af5cd7475ed7: 22 groups; 1.2 s; peak memory 1217 MiB.
2026-10-04T20:14:57Z INFO [675/900] 38019fab-b38d-446d-af5d-fda5d6715937: 32 groups; 1.4 s; peak memory 1217 MiB.
2026-10-04T20:14:58Z INFO [676/900] 38070d83-ddfa-4383-b4eb-b6b5f624e4a0: 22 groups; 1.2 s; peak memory 1217 MiB.
2026-10-04T20:15:16Z INFO [677/900] 3807b7af-f04d-411d-8d6b-64cff965fc40: 244 groups; 17.4 s; peak memory 1217 MiB.
2026-10-04T20:15:17Z INFO [678/900] 3808221a-d9cc-4614-b18c-37a9c42e3154: 35 groups; 1.7 s; peak memory 1217 MiB.
2026-10-04T20:15:19Z INFO [679/900] 380878ba-594a-4f1b-8d42-cc6526566b8f: 336 groups; 1.9 s; peak memory 1217 MiB.
2026-10-04T20:15:21Z INFO [680/900] 3808aacd-660a-47cc-995a-c8385a52159b: 194 groups; 1.7 s; peak memory 1217 MiB.
2026-10-04T20:16:10Z INFO [681/900] 3808e65b-4800-4a5e-b931-f5f021ccdaf4: 27 groups; 49.3 s; peak memory 1217 MiB.
2026-10-04T20:20:28Z INFO [682/900] 380a206b-34b0-41c4-846e-1d337f520886: 5450 groups; 258.0 s; peak memory 1217 MiB.
2026-10-04T20:20:41Z INFO [683/900] 380abeeb-530a-4dc8-9b6c-40d64f3f9900: 189 groups; 13.2 s; peak memory 1217 MiB.
2026-10-04T20:20:44Z INFO [684/900] 380c0567-2cf7-470c-86a1-c3a17c669423: 37 groups; 2.4 s; peak memory 1217 MiB.
2026-10-04T20:20:45Z INFO [685/900] 380c331c-4d1a-4194-acf1-ae5f1658e177: 28 groups; 1.4 s; peak memory 1217 MiB.
2026-10-04T20:20:47Z INFO [686/900] 380c76d2-1144-4386-bdcc-548b18394464: 41 groups; 1.9 s; peak memory 1217 MiB.
2026-10-04T20:20:48Z INFO [687/900] 380de386-65fe-48fa-a68a-d52e53a006f4: 22 groups; 1.3 s; peak memory 1217 MiB.
2026-10-04T20:20:50Z INFO [688/900] 380eeff3-a6c5-4225-8366-e7d3e5077229: 35 groups; 1.9 s; peak memory 1217 MiB.
2026-10-04T20:20:52Z INFO [689/900] 380f38fb-7472-4810-b4b7-208f727fef7f: 32 groups; 1.5 s; peak memory 1217 MiB.
2026-10-04T20:20:53Z INFO [690/900] 3811fa83-8089-4aa3-a0b7-7ac72b32e7ac: 21 groups; 1.5 s; peak memory 1217 MiB.
2026-10-04T20:21:07Z INFO [691/900] 38129307-67b3-4e7e-8b30-85dcb8530e56: 230 groups; 14.0 s; peak memory 1217 MiB.
2026-10-04T20:21:08Z INFO [692/900] 38146fe9-0663-488c-84d4-a2ea1434e240: 16 groups; 1.0 s; peak memory 1217 MiB.
2026-10-04T20:21:09Z INFO [693/900] 3814af9e-6359-468a-b242-6f8cc8ec7f66: 16 groups; 0.9 s; peak memory 1217 MiB.
2026-10-04T20:21:11Z INFO [694/900] 381542a3-f408-4a3c-9045-d46554d6922f: 20 groups; 1.6 s; peak memory 1217 MiB.
2026-10-04T20:21:12Z INFO [695/900] 38164eda-a2d0-4571-b225-9cf51f4641a6: 34 groups; 1.7 s; peak memory 1217 MiB.
2026-10-04T20:21:14Z INFO [696/900] 38178a88-bf43-4c7f-bd07-25a04d969447: 32 groups; 1.6 s; peak memory 1217 MiB.
2026-10-04T20:21:21Z INFO [697/900] 381839dd-f0c4-4096-b98d-1d75e2bf1222: 29 groups; 7.5 s; peak memory 1217 MiB.
2026-10-04T20:21:23Z INFO [698/900] 381963eb-4dbf-411d-a884-4cae44e4d9ae: 35 groups; 1.9 s; peak memory 1217 MiB.
2026-10-04T20:21:28Z INFO [699/900] 381a4b2b-c8a8-4c3f-96c8-cd872d977038: 17 groups; 4.5 s; peak memory 1217 MiB.
2026-10-04T20:21:29Z INFO [700/900] 381ab4bc-aef8-47b4-9d23-a5c6e3d2c427: 22 groups; 1.3 s; peak memory 1217 MiB.
2026-10-04T20:21:29Z INFO [700/900] 381ab4bc-aef8-47b4-9d23-a5c6e3d2c427: checkpointed 74036 records.
2026-10-04T20:21:30Z INFO [701/900] 381bab42-15ba-4f84-b9d6-0fea407667aa: 22 groups; 1.2 s; peak memory 1217 MiB.
2026-10-04T20:21:32Z INFO [702/900] 381d49a5-8d2c-4b9c-be03-8560f445e8b6: 22 groups; 1.3 s; peak memory 1217 MiB.
2026-10-04T20:21:34Z INFO [703/900] 381f184b-0bf7-4f18-96f5-97de205bac71: 35 groups; 2.0 s; peak memory 1217 MiB.
2026-10-04T20:21:42Z INFO [704/900] 3820f960-e9e7-4af8-87a1-b7f299b18ef7: 34 groups; 7.8 s; peak memory 1217 MiB.
2026-10-04T20:21:44Z INFO [705/900] 3821244d-5a62-4429-9f7e-b19755d10b2f: 37 groups; 2.2 s; peak memory 1217 MiB.
2026-10-04T20:21:45Z INFO [706/900] 3821499b-8fb0-4360-9661-bac63134fc8a: 22 groups; 1.3 s; peak memory 1217 MiB.
2026-10-04T20:21:47Z INFO [707/900] 382235d1-5b79-4062-a0c6-76e5cdd35489: 32 groups; 1.6 s; peak memory 1217 MiB.
2026-10-04T20:21:48Z INFO [708/900] 3822b1eb-30e6-4ced-9606-725fe28f8461: 22 groups; 1.0 s; peak memory 1217 MiB.
2026-10-04T20:24:22Z INFO [709/900] 38243186-660f-4623-89e7-b75e0eb4a9c0: 69 groups; 154.7 s; peak memory 1217 MiB.
2026-10-04T20:24:24Z INFO [710/900] 38245e5a-e7d7-465a-b004-06ed998987e4: 32 groups; 1.5 s; peak memory 1217 MiB.
2026-10-04T20:24:25Z INFO [711/900] 38246c4a-c138-418b-8057-c0b1c43864e9: 255 groups; 1.4 s; peak memory 1217 MiB.
2026-10-04T20:24:27Z INFO [712/900] 382474ef-5c4f-4d39-bd9c-504202a5517d: 22 groups; 1.2 s; peak memory 1217 MiB.
2026-10-04T20:24:37Z INFO [713/900] 3824e7fb-849d-43cc-b4e3-7cf3dce44ca3: 230 groups; 10.5 s; peak memory 1217 MiB.
2026-10-04T20:27:08Z INFO [714/900] 38257f81-66a0-4fcb-9e0e-549e05257480: 62 groups; 150.5 s; peak memory 1217 MiB.
2026-10-04T20:27:10Z INFO [715/900] 3826db1d-4a89-45e2-bebf-d642e083b43a: 44 groups; 2.6 s; peak memory 1217 MiB.
2026-10-04T20:27:11Z INFO [716/900] 38270f77-5ab6-4ddd-9350-0f5dc0866fe6: 22 groups; 1.3 s; peak memory 1217 MiB.
2026-10-04T20:27:13Z INFO [717/900] 38280cd8-68e3-4801-b477-abb469559b36: 22 groups; 1.3 s; peak memory 1217 MiB.
2026-10-04T20:27:27Z INFO [718/900] 3828dd5f-82e2-459b-ab44-3224df0ae979: 274 groups; 14.8 s; peak memory 1217 MiB.
2026-10-04T20:27:29Z INFO [719/900] 3829932a-6d8b-4f9f-8689-eb204991e4db: 17 groups; 1.2 s; peak memory 1217 MiB.
2026-10-04T20:27:30Z INFO [720/900] 382aca4f-53f6-4e2d-aae9-15e0cf340eb6: 22 groups; 1.3 s; peak memory 1217 MiB.
2026-10-04T20:27:32Z INFO [721/900] 382b2371-0317-40a3-81f3-6d239625eadd: 32 groups; 1.7 s; peak memory 1217 MiB.
2026-10-04T20:27:33Z INFO [722/900] 382b4f56-982e-4869-b244-af7e903ce6ae: 195 groups; 1.7 s; peak memory 1217 MiB.
2026-10-04T20:27:35Z INFO [723/900] 382b53c7-07fc-48c4-9e20-9c3cee70ba0d: 29 groups; 1.2 s; peak memory 1217 MiB.
2026-10-04T20:27:36Z INFO [724/900] 382ba29f-f05b-4bc6-be45-3a0082ac5fbc: 31 groups; 1.0 s; peak memory 1217 MiB.
2026-10-04T20:27:37Z INFO [725/900] 382bfe57-a7ac-4214-871d-5cab8b2a7d93: 22 groups; 1.2 s; peak memory 1217 MiB.
2026-10-04T20:27:38Z INFO [726/900] 382c0089-dba7-4b53-b21d-2e613d9277b1: 32 groups; 1.4 s; peak memory 1217 MiB.
2026-10-04T20:27:39Z INFO [727/900] 382db76d-ae4b-42c1-a961-822b58388e92: 16 groups; 1.0 s; peak memory 1217 MiB.
2026-10-04T20:27:43Z INFO [728/900] 382f327c-1461-412f-aa41-3106d1433e21: 50 groups; 3.3 s; peak memory 1217 MiB.
2026-10-04T20:27:44Z INFO [729/900] 382f5e2c-b2fc-4730-adf3-b677ade50be8: 35 groups; 1.9 s; peak memory 1217 MiB.
2026-10-04T20:27:46Z INFO [730/900] 382f658d-5876-4392-a04e-4d1db97faf2a: 72 groups; 1.9 s; peak memory 1217 MiB.
2026-10-04T20:27:48Z INFO [731/900] 382f73d3-a539-4af3-8050-0006fe4ccd93: 22 groups; 1.2 s; peak memory 1217 MiB.
2026-10-04T20:27:49Z INFO [732/900] 382fa234-4757-405e-b709-0b90136839a0: 35 groups; 1.7 s; peak memory 1217 MiB.
2026-10-04T20:27:51Z INFO [733/900] 3830d738-bbdf-4a1a-a51e-fd03da1251f6: 22 groups; 1.2 s; peak memory 1217 MiB.
2026-10-04T20:27:52Z INFO [734/900] 38316e98-61f7-4da1-bd2f-b3edcf9627e4: 32 groups; 1.4 s; peak memory 1217 MiB.
2026-10-04T20:27:53Z INFO [735/900] 3831d352-8571-4094-bb67-ed6d1dca8ccb: 32 groups; 1.3 s; peak memory 1217 MiB.
2026-10-04T20:27:55Z INFO [736/900] 38321152-aa1c-44d4-af2b-217154e32835: 32 groups; 1.5 s; peak memory 1217 MiB.
2026-10-04T20:28:01Z INFO [737/900] 38329e30-9695-4d3e-befc-2a6356314668: 78 groups; 6.0 s; peak memory 1217 MiB.
2026-10-04T20:28:05Z INFO [738/900] 38334457-d0e9-4549-bcc5-96359c843bd1: 47 groups; 4.0 s; peak memory 1217 MiB.
2026-10-04T20:28:06Z INFO [739/900] 38334816-4ec2-4346-bf55-15ddc0ecb07f: 32 groups; 1.4 s; peak memory 1217 MiB.
2026-10-04T20:28:07Z INFO [740/900] 3833e7c9-6a53-4127-b38f-e6b48af66d41: 22 groups; 1.2 s; peak memory 1217 MiB.
2026-10-04T20:28:17Z INFO [741/900] 38356156-40d1-4d26-ba50-f34a65579d1e: 120 groups; 9.2 s; peak memory 1217 MiB.
2026-10-04T20:28:18Z INFO [742/900] 3835b6b2-474a-439b-b6e1-b54416b9d1ec: 37 groups; 1.7 s; peak memory 1217 MiB.
2026-10-04T20:28:20Z INFO [743/900] 3835c534-946c-4c3f-a84f-a06dca0608ea: 22 groups; 1.3 s; peak memory 1217 MiB.
2026-10-04T20:28:21Z INFO [744/900] 3835d6e6-24fd-4244-aebf-79e930831a96: 32 groups; 1.5 s; peak memory 1217 MiB.
2026-10-04T20:28:22Z INFO [745/900] 3836bc5e-0f9b-4379-a7ef-cf6242588d6b: 31 groups; 1.0 s; peak memory 1217 MiB.
2026-10-04T20:28:24Z INFO [746/900] 3836ca5b-6c79-40cf-9648-9012b240a59a: 108 groups; 1.8 s; peak memory 1217 MiB.
2026-10-04T20:28:28Z INFO [747/900] 3837161f-961f-40a7-b228-5ffd5be93f9d: 88 groups; 4.3 s; peak memory 1217 MiB.
2026-10-04T20:28:30Z INFO [748/900] 3837a659-cfae-4c38-a54a-bf35fd56d4c4: 32 groups; 1.7 s; peak memory 1217 MiB.
2026-10-04T20:28:31Z INFO [749/900] 383837b5-30b7-4801-8971-d9245224ea8f: 22 groups; 1.2 s; peak memory 1217 MiB.
2026-10-04T20:28:33Z INFO [750/900] 3838818c-3f9b-47dc-bd06-5fc037b9dacb: 43 groups; 1.8 s; peak memory 1217 MiB.
2026-10-04T20:28:33Z INFO [750/900] 3838818c-3f9b-47dc-bd06-5fc037b9dacb: checkpointed 74086 records.
2026-10-04T20:28:34Z INFO [751/900] 38394f47-4b4e-4f3a-99b9-5ca94359ec9c: 16 groups; 1.0 s; peak memory 1217 MiB.
2026-10-04T20:28:35Z INFO [752/900] 383984dc-eafa-473d-b993-bfc5c6bf583f: 29 groups; 1.6 s; peak memory 1217 MiB.
2026-10-04T20:28:37Z INFO [753/900] 3839c2ff-c143-47de-a27a-f3cbe39ae303: 203 groups; 1.8 s; peak memory 1217 MiB.
2026-10-04T20:28:39Z INFO [754/900] 383b3c70-028c-4f29-a28e-d88114003bd0: 30 groups; 1.7 s; peak memory 1217 MiB.
2026-10-04T20:28:40Z INFO [755/900] 383b64da-256b-4c98-802c-fbb3f34877ec: 24 groups; 1.2 s; peak memory 1217 MiB.
2026-10-04T20:28:41Z INFO [756/900] 383c1547-ec60-4ddd-a77e-5796cdb0db4c: 22 groups; 1.2 s; peak memory 1217 MiB.
2026-10-04T20:28:44Z INFO [757/900] 383c17f7-810b-4d05-894e-f88a24e2f22e: 54 groups; 2.6 s; peak memory 1217 MiB.
2026-10-04T20:28:56Z INFO [758/900] 383c25ef-27d9-473f-9679-eb81ddabfc0d: 218 groups; 12.7 s; peak memory 1217 MiB.
2026-10-04T20:28:58Z INFO [759/900] 383d5edb-6dc5-4f43-b0ed-408c3962f08e: 22 groups; 1.3 s; peak memory 1217 MiB.
2026-10-04T20:28:59Z INFO [760/900] 383dee54-510c-445a-8d52-bef9be5b02a2: 22 groups; 1.3 s; peak memory 1217 MiB.
2026-10-04T20:29:00Z INFO [761/900] 383edea9-a10f-4cab-bfd5-2e89b7ed0402: 32 groups; 1.4 s; peak memory 1217 MiB.
2026-10-04T20:29:02Z INFO [762/900] 3840413b-cab3-40d4-82fa-b22de6c51f2f: 202 groups; 1.7 s; peak memory 1217 MiB.
2026-10-04T20:29:04Z INFO [763/900] 3841255c-9992-455d-8841-8dc97dedd109: 35 groups; 1.6 s; peak memory 1217 MiB.
2026-10-04T20:29:05Z INFO [764/900] 38427f8f-caf7-42e6-a59e-ac60f3a2a4e1: 33 groups; 1.7 s; peak memory 1217 MiB.
2026-10-04T20:29:12Z INFO [765/900] 38434271-1d1a-4c22-bc65-ad4c9c32b6cc: 127 groups; 6.7 s; peak memory 1217 MiB.
2026-10-04T20:29:13Z INFO [766/900] 38439cb1-8c73-40c0-8582-2fd9635942df: 71 groups; 1.2 s; peak memory 1217 MiB.
2026-10-04T20:29:26Z INFO [767/900] 3843a343-07f2-4273-90cd-6aee3d7e5883: 168 groups; 12.2 s; peak memory 1217 MiB.
2026-10-04T20:29:27Z INFO [768/900] 3844830d-939d-46a3-8de6-360b047197a1: 22 groups; 1.2 s; peak memory 1217 MiB.
2026-10-04T20:29:28Z INFO [769/900] 3844d42d-68bd-4903-85d5-6959dd92c01e: 22 groups; 1.2 s; peak memory 1217 MiB.
2026-10-04T20:29:29Z INFO [770/900] 3844ff6e-b6f4-4b86-8965-5f8bbe73c574: 22 groups; 1.3 s; peak memory 1217 MiB.
2026-10-04T20:29:32Z INFO [771/900] 38454d93-2968-43af-b0a2-07d9df51b2ae: 207 groups; 2.3 s; peak memory 1217 MiB.
2026-10-04T20:29:33Z INFO [772/900] 38455573-9743-48ac-9345-9bb814ceef58: 27 groups; 1.6 s; peak memory 1217 MiB.
2026-10-04T20:29:34Z INFO [773/900] 38455e74-d04d-499e-844e-5d814951372b: 31 groups; 1.1 s; peak memory 1217 MiB.
2026-10-04T20:29:36Z INFO [774/900] 384568fb-fa09-4922-b99c-8e97c38ee3f1: 22 groups; 1.2 s; peak memory 1217 MiB.
2026-10-04T20:29:37Z INFO [775/900] 38464883-bd1f-4dc9-b6f6-ed62b0dd4dd2: 16 groups; 1.0 s; peak memory 1217 MiB.
2026-10-04T20:29:39Z INFO [776/900] 384661f4-43f4-4ff6-96b1-8585a54097da: 108 groups; 2.0 s; peak memory 1217 MiB.
2026-10-04T20:29:54Z INFO [777/900] 3847691c-8f54-4e7d-b346-1dfc2d433a07: 43 groups; 15.3 s; peak memory 1217 MiB.
2026-10-04T20:29:55Z INFO [778/900] 384793ac-a77b-4297-8ab8-413b19e3cb6d: 31 groups; 1.2 s; peak memory 1217 MiB.
2026-10-04T20:29:56Z INFO [779/900] 38480890-97e2-4db9-a4f7-4e7df658f031: 32 groups; 1.4 s; peak memory 1217 MiB.
2026-10-04T20:30:00Z INFO [780/900] 38480e36-6303-4269-ab75-776af50d3541: 30 groups; 3.7 s; peak memory 1217 MiB.
2026-10-04T20:30:02Z INFO [781/900] 3849d14c-3685-40da-b6fc-1344805dc393: 203 groups; 1.7 s; peak memory 1217 MiB.
2026-10-04T20:30:03Z INFO [782/900] 384a38a7-7dfa-4df3-9cd8-a726c132a8b5: 26 groups; 1.1 s; peak memory 1217 MiB.
2026-10-04T20:30:05Z INFO [783/900] 384a3c75-0bf3-4e78-b678-62c97a029047: 195 groups; 1.8 s; peak memory 1217 MiB.
2026-10-04T20:30:06Z INFO [784/900] 384b8bc0-3489-4eab-8546-60963218aad2: 35 groups; 1.7 s; peak memory 1217 MiB.
2026-10-04T20:30:08Z INFO [785/900] 384cae1f-1a30-4e16-8694-cc41f81fba28: 35 groups; 1.7 s; peak memory 1217 MiB.
2026-10-04T20:30:10Z INFO [786/900] 384eea75-69ed-42da-8eeb-a51784af6974: 29 groups; 1.8 s; peak memory 1217 MiB.
2026-10-04T20:32:33Z INFO [787/900] 384efa4b-9cf6-46a2-bc4a-384bab2b44b0: 81 groups; 143.5 s; peak memory 1217 MiB.
2026-10-04T20:32:35Z INFO [788/900] 384f3a99-99de-473f-a5f0-dbc05b17b8b1: 35 groups; 2.0 s; peak memory 1217 MiB.
2026-10-04T20:32:37Z INFO [789/900] 384fca0c-e135-4563-966c-c99fe21c4c93: 22 groups; 1.4 s; peak memory 1217 MiB.
2026-10-04T20:32:38Z INFO [790/900] 38513fd4-3d39-4a6b-a84f-c09ed23dd535: 32 groups; 1.6 s; peak memory 1217 MiB.
2026-10-04T20:32:40Z INFO [791/900] 38534b96-9342-4671-99a9-4df65e842e1a: 22 groups; 1.3 s; peak memory 1217 MiB.
2026-10-04T20:32:42Z INFO [792/900] 38535e12-7221-4911-b89d-c59e99e2d45e: 48 groups; 2.3 s; peak memory 1217 MiB.
2026-10-04T20:32:43Z INFO [793/900] 3853a70f-c74b-4707-af73-ea45ac08492d: 22 groups; 1.2 s; peak memory 1217 MiB.
2026-10-04T20:32:44Z INFO [794/900] 3853beb3-7c38-433c-9053-31504b6daadf: 22 groups; 1.2 s; peak memory 1217 MiB.
2026-10-04T20:32:54Z INFO [795/900] 385440cc-51a6-4bb6-bbc7-f9e0a81fc63e: 123 groups; 10.3 s; peak memory 1217 MiB.
2026-10-04T20:32:56Z INFO [796/900] 3854434f-b075-413c-9801-9202e8f17c6d: 32 groups; 1.4 s; peak memory 1217 MiB.
2026-10-04T20:32:57Z INFO [797/900] 3854809f-a26a-4259-9d33-815f3ca25356: 67 groups; 1.3 s; peak memory 1217 MiB.
2026-10-04T20:33:03Z INFO [798/900] 3854b92d-c6f2-44e0-b0df-c7b08ccdfd14: 181 groups; 5.7 s; peak memory 1217 MiB.
2026-10-04T20:33:04Z INFO [799/900] 38555a1c-a361-438d-9d43-e7b81190b6b1: 22 groups; 1.3 s; peak memory 1217 MiB.
2026-10-04T20:33:27Z INFO [800/900] 3855a5f4-ac2f-4714-a050-9d4acafcc315: 2220 groups; 23.0 s; peak memory 1217 MiB.
2026-10-04T20:33:27Z INFO [800/900] 3855a5f4-ac2f-4714-a050-9d4acafcc315: checkpointed 74136 records.
2026-10-04T20:33:34Z INFO [801/900] 385645bd-4234-4831-9433-16009f8e5f12: 105 groups; 6.8 s; peak memory 1217 MiB.
2026-10-04T20:33:37Z INFO [802/900] 38574d5e-6f2a-4506-9fd5-0254b24a816b: 56 groups; 3.4 s; peak memory 1217 MiB.
2026-10-04T20:33:39Z INFO [803/900] 38575ff4-a964-4355-bb04-9c030c450f30: 32 groups; 1.4 s; peak memory 1217 MiB.
2026-10-04T20:33:40Z INFO [804/900] 3857790e-5bfe-40fe-a11a-e7a90c26c23b: 22 groups; 1.2 s; peak memory 1217 MiB.
2026-10-04T20:33:43Z INFO [805/900] 385794c6-4cef-4ba2-bb5e-c64bea4f0754: 48 groups; 2.8 s; peak memory 1217 MiB.
2026-10-04T20:40:41Z INFO [806/900] 3857c48a-8ad0-4291-9a2c-505e84f9b4f6: 58 groups; 418.6 s; peak memory 1217 MiB.
2026-10-04T20:40:43Z INFO [807/900] 3858abf1-5264-4ba1-92df-e67f82c1bb50: 22 groups; 1.1 s; peak memory 1217 MiB.
2026-10-04T20:40:44Z INFO [808/900] 385b2f3d-d2e0-45a6-b45a-9eae3c7b2a4e: 28 groups; 1.1 s; peak memory 1217 MiB.
2026-10-04T20:40:48Z INFO [809/900] 385b3ecb-4358-4541-9181-375e0d0b8271: 30 groups; 3.9 s; peak memory 1217 MiB.
2026-10-04T20:40:51Z INFO [810/900] 385b725f-9a9c-474c-8a70-f9c2751912b4: 48 groups; 3.2 s; peak memory 1217 MiB.
2026-10-04T20:40:53Z INFO [811/900] 385bb6f1-8192-4bc1-95a7-279aad777b64: 341 groups; 2.2 s; peak memory 1217 MiB.
2026-10-04T20:41:12Z INFO [812/900] 385c6357-e62f-49e4-9795-baea98312795: 17 groups; 18.8 s; peak memory 1217 MiB.
2026-10-04T20:41:21Z INFO [813/900] 385cb965-60db-4b65-8c9d-17f4321be471: 22 groups; 9.2 s; peak memory 1217 MiB.
2026-10-04T20:41:23Z INFO [814/900] 385d3d45-6b47-4cb5-a260-20ed35bb7a37: 35 groups; 1.7 s; peak memory 1217 MiB.
2026-10-04T20:41:25Z INFO [815/900] 385d5043-eda1-4076-b250-163d50a16d1c: 35 groups; 1.9 s; peak memory 1217 MiB.
2026-10-04T20:41:27Z INFO [816/900] 385d8e44-6b3e-444b-89b7-98a7625fab99: 48 groups; 2.3 s; peak memory 1217 MiB.
2026-10-04T20:41:28Z INFO [817/900] 385dacc3-5f25-4147-bdc2-98dd4c614557: 32 groups; 1.4 s; peak memory 1217 MiB.
2026-10-04T20:41:39Z INFO [818/900] 385dbceb-2a4f-4296-9b19-8f6821807f42: 208 groups; 10.2 s; peak memory 1217 MiB.
2026-10-04T20:41:40Z INFO [819/900] 385e6c3c-cec6-4263-91bb-2336bc1a25bb: 22 groups; 1.2 s; peak memory 1217 MiB.
2026-10-04T20:41:46Z INFO [820/900] 385ecba0-f335-421b-96d3-7212166d3762: 54 groups; 6.4 s; peak memory 1217 MiB.
2026-10-04T20:41:49Z INFO [821/900] 385fb99c-dc7e-4af5-ab8b-4d4a09937290: 46 groups; 2.9 s; peak memory 1217 MiB.
2026-10-04T20:41:50Z INFO [822/900] 385fbc34-c1b8-4639-9ecb-3b84ecafba1a: 24 groups; 1.0 s; peak memory 1217 MiB.
2026-10-04T20:41:52Z INFO [823/900] 386005aa-0738-4251-8bbd-ed55aaba681e: 35 groups; 1.7 s; peak memory 1217 MiB.
2026-10-04T20:41:53Z INFO [824/900] 386139d6-8174-4564-9dba-1f2f66b811ea: 33 groups; 1.3 s; peak memory 1217 MiB.
2026-10-04T20:41:56Z INFO [825/900] 386280e9-95db-4ac3-a2db-f7967ae7cdde: 48 groups; 2.7 s; peak memory 1217 MiB.
2026-10-04T20:41:58Z INFO [826/900] 386297f0-e797-40cd-9a00-d479ce72d440: 42 groups; 1.7 s; peak memory 1217 MiB.
2026-10-04T20:41:59Z INFO [827/900] 3862ea9a-2eca-4877-a9fd-b0cf969cd2fc: 33 groups; 1.6 s; peak memory 1217 MiB.
2026-10-04T20:42:36Z INFO [828/900] 38641934-b4c4-408a-a9fc-c2cf5421d2e8: 66 groups; 36.9 s; peak memory 1217 MiB.
2026-10-04T20:42:39Z INFO [829/900] 3864e6eb-c571-40f5-8c28-a8d3f311c205: 48 groups; 2.8 s; peak memory 1217 MiB.
2026-10-04T20:42:41Z INFO [830/900] 386511aa-4409-4a7a-9949-3fbe5bb7f7d3: 48 groups; 2.4 s; peak memory 1217 MiB.
2026-10-04T20:42:43Z INFO [831/900] 3866675b-e1a2-4ef5-a521-78212f367e1f: 42 groups; 1.8 s; peak memory 1217 MiB.
2026-10-04T20:42:46Z INFO [832/900] 3866e7b2-fa9e-4542-a8d3-53e4a397c9a7: 35 groups; 2.5 s; peak memory 1217 MiB.
2026-10-04T20:42:53Z INFO [833/900] 38671228-3cc3-4a44-bcab-e3d96fef7f4a: 181 groups; 7.6 s; peak memory 1217 MiB.
2026-10-04T20:42:55Z INFO [834/900] 3867326f-a07a-41f9-9ba8-84675b73a622: 32 groups; 1.4 s; peak memory 1217 MiB.
2026-10-04T20:42:57Z INFO [835/900] 386a6277-6e36-41db-a89d-038c4b6088f9: 48 groups; 2.8 s; peak memory 1217 MiB.
2026-10-04T20:42:59Z INFO [836/900] 386a7ab5-8541-4a48-9fc8-ab70e3e88cca: 32 groups; 1.4 s; peak memory 1217 MiB.
2026-10-04T20:43:00Z INFO [837/900] 386ab9d8-d5ce-4ca9-88bc-017cf266fbc0: 22 groups; 1.2 s; peak memory 1217 MiB.
2026-10-04T21:06:01Z INFO [838/900] 386ad5fc-c3f8-4cd7-8bd3-d47691840fcf: 65 groups; 1381.0 s; peak memory 1217 MiB.
2026-10-04T21:06:03Z INFO [839/900] 386b1cbf-317e-40ea-b0f0-9db34c665da3: 32 groups; 1.8 s; peak memory 1217 MiB.
2026-10-04T21:06:04Z INFO [840/900] 386b2f39-ff29-4f01-8e0b-e11822ef5bea: 16 groups; 1.1 s; peak memory 1217 MiB.
2026-10-04T21:06:05Z INFO [841/900] 386bf5eb-887e-4e0b-98ec-70b28346291f: 16 groups; 1.2 s; peak memory 1217 MiB.
2026-10-04T21:06:06Z INFO [842/900] 386bfb4a-a9d0-4c5b-b9aa-77b29f61be99: 30 groups; 1.2 s; peak memory 1217 MiB.
2026-10-04T21:06:08Z INFO [843/900] 386c0e97-d74b-442f-bec2-670f0c752f52: 22 groups; 1.4 s; peak memory 1217 MiB.
2026-10-04T21:06:09Z INFO [844/900] 386c7cd7-97ae-4193-9520-8f9bd4f0157e: 22 groups; 1.4 s; peak memory 1217 MiB.
2026-10-04T21:06:13Z INFO [845/900] 386cd4c6-9bfb-4018-9978-f239731f16d3: 47 groups; 3.8 s; peak memory 1217 MiB.
2026-10-04T21:06:14Z INFO [846/900] 386d7b29-87f5-4011-8889-02b16fd2b6be: 22 groups; 1.4 s; peak memory 1217 MiB.
2026-10-04T21:06:17Z INFO [847/900] 386dc486-5060-4a15-b825-2409653e7738: 48 groups; 3.1 s; peak memory 1217 MiB.
2026-10-04T21:06:19Z INFO [848/900] 386df579-dd8f-4f68-b7db-ab9094f9bd8e: 22 groups; 1.1 s; peak memory 1217 MiB.
2026-10-04T21:06:21Z INFO [849/900] 386e52b0-9fdb-4161-8950-669daa6cfce1: 32 groups; 2.0 s; peak memory 1217 MiB.
2026-10-04T21:06:23Z INFO [850/900] 386e6eed-3d3c-4a75-8842-829bb6d34c41: 35 groups; 2.4 s; peak memory 1217 MiB.
2026-10-04T21:06:23Z INFO [850/900] 386e6eed-3d3c-4a75-8842-829bb6d34c41: checkpointed 74186 records.
2026-10-04T21:06:25Z INFO [851/900] 386fc76a-237d-46f7-9703-4bd6baabb882: 25 groups; 1.6 s; peak memory 1217 MiB.
2026-10-04T21:06:27Z INFO [852/900] 386fec4f-ef44-4808-99b1-4e880c44fcf2: 200 groups; 2.3 s; peak memory 1217 MiB.
2026-10-04T21:06:31Z INFO [853/900] 38700840-c9be-41e1-ab68-ffa594d8465a: 83 groups; 4.3 s; peak memory 1217 MiB.
2026-10-04T21:06:33Z INFO [854/900] 3870867a-0ffa-4743-a0f2-a7caa96c5b82: 255 groups; 1.7 s; peak memory 1217 MiB.
2026-10-04T21:06:40Z INFO [855/900] 3870c8af-972d-45f4-ad53-943aab301845: 134 groups; 6.7 s; peak memory 1217 MiB.
2026-10-04T21:06:58Z INFO [856/900] 387184a7-435c-44f9-8cad-a356921e113f: 285 groups; 17.9 s; peak memory 1217 MiB.
2026-10-04T21:07:00Z INFO [857/900] 387353f0-43d9-4c14-b374-61fb2c8f2749: 108 groups; 2.3 s; peak memory 1217 MiB.
2026-10-04T21:07:04Z INFO [858/900] 3874160b-d010-4306-990b-4f15e48c6e0b: 50 groups; 3.9 s; peak memory 1217 MiB.
2026-10-04T21:07:06Z INFO [859/900] 3874799f-3291-4975-86a7-0dd1df3f4431: 36 groups; 1.8 s; peak memory 1217 MiB.
2026-10-04T21:07:13Z INFO [860/900] 387499a9-5a59-4998-a62a-a6bbb9000140: 181 groups; 7.5 s; peak memory 1217 MiB.
2026-10-04T21:07:15Z INFO [861/900] 3874af7e-958e-44ac-85c8-e985b1ac6b2f: 32 groups; 1.4 s; peak memory 1217 MiB.
2026-10-04T21:07:21Z INFO [862/900] 3875a1d6-fcfa-4089-aeaf-0eec720c7273: 78 groups; 6.2 s; peak memory 1217 MiB.
2026-10-04T21:07:23Z INFO [863/900] 3875c1cd-0d59-4851-b48a-ee84ee807fd8: 29 groups; 1.8 s; peak memory 1217 MiB.
2026-10-04T21:07:40Z INFO [864/900] 3875c7b2-401b-48cf-a25e-93f86293dac0: 87 groups; 17.3 s; peak memory 1217 MiB.
2026-10-04T21:07:41Z INFO [865/900] 3876305b-437d-4d3b-b1ea-a24cbb08ef77: 22 groups; 1.3 s; peak memory 1217 MiB.
2026-10-04T21:07:45Z INFO [866/900] 38763336-0cf7-4b18-815f-bcffcde1c469: 48 groups; 3.2 s; peak memory 1217 MiB.
2026-10-04T21:07:46Z INFO [867/900] 38773254-f014-43cd-af41-90d3ef911e0a: 22 groups; 1.4 s; peak memory 1217 MiB.
2026-10-04T21:07:48Z INFO [868/900] 38774748-3ca1-4e12-a490-31bec068d081: 22 groups; 2.3 s; peak memory 1217 MiB.
2026-10-04T21:07:50Z INFO [869/900] 38782b9d-ee24-4dc4-8945-67078823ee6d: 22 groups; 1.4 s; peak memory 1217 MiB.
2026-10-04T21:07:51Z INFO [870/900] 387834f3-0565-488a-9b4f-671b91d257c5: 16 groups; 1.1 s; peak memory 1217 MiB.
2026-10-04T21:07:55Z INFO [871/900] 38797d79-f6ab-4f64-ad0b-418e6bce78db: 34 groups; 4.4 s; peak memory 1217 MiB.
2026-10-04T21:07:57Z INFO [872/900] 3879a5ca-3e28-47e3-9bd0-148207d61a10: 29 groups; 1.8 s; peak memory 1217 MiB.
2026-10-04T21:08:01Z INFO [873/900] 387a60e8-4c9a-48af-baba-9f6d439591d6: 36 groups; 4.3 s; peak memory 1217 MiB.
2026-10-04T21:08:04Z INFO [874/900] 387afacc-bc20-46ca-ba8a-3f2855a9fc0b: 35 groups; 2.4 s; peak memory 1217 MiB.
2026-10-04T21:08:05Z INFO [875/900] 387b9250-781d-42b6-8f37-868981f7c712: 22 groups; 1.6 s; peak memory 1217 MiB.
2026-10-04T21:08:07Z INFO [876/900] 387b9253-b78d-4445-a74b-514439749ff8: 22 groups; 1.5 s; peak memory 1217 MiB.
2026-10-04T21:08:15Z INFO [877/900] 387cb7c7-75b6-4064-8e44-1230bb9911c0: 181 groups; 8.2 s; peak memory 1217 MiB.
2026-10-04T21:08:16Z INFO [878/900] 387cb878-5a83-405a-9e13-59524ec7dc42: 28 groups; 1.1 s; peak memory 1217 MiB.
2026-10-04T21:08:17Z INFO [879/900] 387cd138-9328-4340-a39c-5bd2483ef802: 27 groups; 1.3 s; peak memory 1217 MiB.
2026-10-04T21:08:20Z INFO [880/900] 387e0580-1388-47c5-902a-6619138dbd63: 206 groups; 2.4 s; peak memory 1217 MiB.
2026-10-04T21:08:26Z INFO [881/900] 387e0aad-b622-435e-85a8-6e8e086f712f: 72 groups; 5.9 s; peak memory 1217 MiB.
2026-10-04T21:08:28Z INFO [882/900] 387ecf8a-2b84-4409-98ae-63658d4b1d80: 54 groups; 2.0 s; peak memory 1217 MiB.
2026-10-04T21:08:31Z INFO [883/900] 387ee094-d3a1-4bb7-a584-fffd835c19f7: 48 groups; 3.2 s; peak memory 1217 MiB.
2026-10-04T21:08:32Z INFO [884/900] 388053ea-0ca3-494a-84ae-14f57af769bc: 30 groups; 1.1 s; peak memory 1217 MiB.
2026-10-04T21:08:33Z INFO [885/900] 3880718a-9398-41e7-9d09-a174d2c18a9a: 22 groups; 1.4 s; peak memory 1217 MiB.
2026-10-04T21:08:35Z INFO [886/900] 388203c4-0c3a-43d3-b767-521e31f7ad2b: 35 groups; 2.2 s; peak memory 1217 MiB.
2026-10-04T21:08:43Z INFO [887/900] 3883e8f9-1b83-47eb-a07d-c86331a19ce2: 57 groups; 7.1 s; peak memory 1217 MiB.
2026-10-04T21:08:45Z INFO [888/900] 38852d76-6160-40ec-af85-6f701925d49e: 27 groups; 1.9 s; peak memory 1217 MiB.
2026-10-04T21:08:46Z INFO [889/900] 38859eeb-9647-4a1b-a6b8-f6d6e6919615: 32 groups; 1.2 s; peak memory 1217 MiB.
2026-10-04T21:13:13Z INFO [890/900] 3885d7f8-3ef6-4cd8-9fe4-626d6cdf84a0: 5736 groups; 267.2 s; peak memory 1217 MiB.
2026-10-04T21:13:14Z INFO [891/900] 388634d5-15de-4978-8721-5d432283b288: 22 groups; 1.4 s; peak memory 1217 MiB.
2026-10-04T21:13:29Z INFO [892/900] 38880bcd-59e1-4bb9-85a1-7ec3c64928a7: 78 groups; 14.6 s; peak memory 1217 MiB.
2026-10-04T21:13:30Z INFO [893/900] 388861d8-ceeb-4858-88d9-b981cc16853c: 22 groups; 1.5 s; peak memory 1217 MiB.
2026-10-04T21:13:38Z INFO [894/900] 388875d8-0273-401a-bac7-8130bab2d220: 47 groups; 7.0 s; peak memory 1217 MiB.
2026-10-04T21:13:45Z INFO [895/900] 38892f15-6981-47a0-98be-8ceb151fb125: 33 groups; 7.1 s; peak memory 1217 MiB.
2026-10-04T21:13:47Z INFO [896/900] 38894f48-6184-42bc-a1cb-cb9ca5874491: 337 groups; 2.1 s; peak memory 1217 MiB.
2026-10-04T21:14:11Z INFO [897/900] 388a30f6-cace-40ad-aed9-061fd19496d8: 157 groups; 23.9 s; peak memory 1217 MiB.
2026-10-04T21:14:12Z INFO [898/900] 388b6c9f-b9e5-46fd-853e-1bd05b6ee9d4: 22 groups; 1.4 s; peak memory 1217 MiB.
2026-10-04T21:14:13Z INFO [899/900] 388ba75c-9f8c-4005-884c-fcf2a078a27a: 22 groups; 1.4 s; peak memory 1217 MiB.
2026-10-04T21:14:27Z INFO [900/900] 388bce92-f78a-46c4-9199-89b5fc37032d: 239 groups; 13.4 s; peak memory 1217 MiB.
2026-10-04T21:14:27Z INFO [900/900] 388bce92-f78a-46c4-9199-89b5fc37032d: checkpointed 74236 records.
2026-10-04T21:14:27Z INFO Wrote 74236 records to /tmp/derivatives/valid_nwb_file_to_number_of_groups.jsonl (900 new, 0 failed) in 213.3 min (peak memory 1217 MiB).
