2026-10-08T09:14:31Z INFO Logging to /tmp/logs/update_2026-10-08T09-14-31Z.log.
2026-10-08T09:14:31Z INFO Update valid-nwb-file-to-number-of-groups (base directory /tmp).
2026-10-08T09:14:32Z INFO Processing 900 items (99436 already recorded).
2026-10-08T09:14:33Z INFO [1/900] 6cf65ce5-8820-4778-99c9-d59a84175baf: 28 groups; 1.2 s; peak memory 113 MiB.
2026-10-08T09:14:34Z INFO [2/900] 6cf6cdae-3701-4648-8a17-7e27ef32731e: 22 groups; 1.0 s; peak memory 113 MiB.
2026-10-08T09:14:35Z INFO [3/900] 6cf8fdee-f28f-42be-8fb0-f6ed49775bf5: 35 groups; 1.6 s; peak memory 118 MiB.
2026-10-08T09:14:36Z INFO [4/900] 6cf93f66-9b26-4051-b574-255ca93f6daa: 16 groups; 1.0 s; peak memory 118 MiB.
2026-10-08T09:14:37Z INFO [5/900] 6cf997f7-d7e3-492b-806b-094dd10fdc56: 16 groups; 0.8 s; peak memory 118 MiB.
2026-10-08T09:14:39Z INFO [6/900] 6cf9991a-f146-4ba6-8437-92f8572b4b94: 201 groups; 1.5 s; peak memory 118 MiB.
2026-10-08T09:14:47Z INFO [7/900] 6cfb3ed2-d17d-45b8-a8e1-4ac593e44540: 1706 groups; 8.1 s; peak memory 154 MiB.
2026-10-08T09:14:51Z INFO [8/900] 6cfb3f54-65f9-44c8-997b-265b8f39cdcf: 181 groups; 4.6 s; peak memory 154 MiB.
2026-10-08T09:14:53Z INFO [9/900] 6cfb49d9-3015-4ce5-98b5-7d599d213c2f: 34 groups; 1.2 s; peak memory 154 MiB.
2026-10-08T09:14:53Z INFO [10/900] 6cfc4de1-ff8a-4da6-bf62-8d51512acffd: 30 groups; 0.7 s; peak memory 154 MiB.
2026-10-08T09:14:58Z INFO [11/900] 6cfcea5a-296d-4a39-9a69-ea16744c2e65: 181 groups; 4.9 s; peak memory 154 MiB.
2026-10-08T09:15:04Z INFO [12/900] 6cfe6914-8b5c-4f6e-921f-b90079a5e87d: 142 groups; 6.1 s; peak memory 154 MiB.
2026-10-08T09:15:05Z INFO [13/900] 6cff0bd0-8ebc-4607-b819-348eed1ce4cb: 35 groups; 1.2 s; peak memory 154 MiB.
2026-10-08T09:16:09Z INFO [14/900] 6cff1576-2914-4472-8e88-2ecfa089507d: 53 groups; 63.3 s; peak memory 254 MiB.
2026-10-08T09:16:10Z INFO [15/900] 6cff8216-47b2-4d2a-91a2-61d1d88e9b12: 32 groups; 1.0 s; peak memory 254 MiB.
2026-10-08T09:16:14Z INFO [16/900] 6d002c8e-3b7a-480c-98c8-32a8601659ae: 20 groups; 4.2 s; peak memory 254 MiB.
2026-10-08T09:23:38Z INFO [17/900] 6d01301d-ba19-45a3-aa16-2c3f8c25f13c: 81 groups; 443.7 s; peak memory 667 MiB.
2026-10-08T09:23:39Z INFO [18/900] 6d018577-3fa2-49ef-bb40-35cf4ab4c4a0: 203 groups; 1.3 s; peak memory 667 MiB.
2026-10-08T09:23:40Z INFO [19/900] 6d019436-68a8-49ca-a427-3f9b49cef4f5: 33 groups; 1.2 s; peak memory 667 MiB.
2026-10-08T09:23:41Z INFO [20/900] 6d01adb5-86a3-4922-afd8-badabb7bee89: 32 groups; 1.1 s; peak memory 667 MiB.
2026-10-08T09:23:43Z INFO [21/900] 6d01b610-daaf-442b-bbae-34c6fa7c3b8d: 50 groups; 2.2 s; peak memory 667 MiB.
2026-10-08T09:23:44Z INFO [22/900] 6d01c7ac-b4cb-411f-a138-199d13ff0561: 25 groups; 1.0 s; peak memory 667 MiB.
2026-10-08T09:23:46Z INFO [23/900] 6d01e239-0c12-477c-a48f-106c02f0d315: 40 groups; 1.3 s; peak memory 667 MiB.
2026-10-08T09:23:52Z INFO [24/900] 6d028f2f-369b-4ca1-a171-16db1218adc4: 56 groups; 6.5 s; peak memory 667 MiB.
2026-10-08T09:23:54Z INFO [25/900] 6d02cea5-a8e4-4533-89ac-d90c575ab836: 33 groups; 1.6 s; peak memory 667 MiB.
2026-10-08T09:23:59Z INFO [26/900] 6d040958-2e1a-454f-8acd-81650bb6eec1: 163 groups; 4.7 s; peak memory 667 MiB.
2026-10-08T09:24:00Z INFO [27/900] 6d041567-2e28-48f3-ba30-05623ba94b04: 32 groups; 1.7 s; peak memory 667 MiB.
2026-10-08T09:24:01Z INFO [28/900] 6d058565-d934-499b-827d-3bd48531f970: 22 groups; 0.8 s; peak memory 667 MiB.
2026-10-08T09:24:02Z INFO [29/900] 6d05e74d-e535-4f3a-b2d0-2b4985c36a48: 35 groups; 1.2 s; peak memory 667 MiB.
2026-10-08T09:24:11Z INFO [30/900] 6d06967c-50d5-4005-9f54-7f628cee1fde: 222 groups; 8.3 s; peak memory 667 MiB.
2026-10-08T09:24:12Z INFO [31/900] 6d069f28-ed16-4a7c-8991-667fb46c4412: 32 groups; 1.1 s; peak memory 667 MiB.
2026-10-08T09:24:12Z INFO [32/900] 6d06c8fd-b87d-456a-b3d9-abfb172abe8a: 18 groups; 0.7 s; peak memory 667 MiB.
2026-10-08T09:24:17Z INFO [33/900] 6d0729b6-75d9-4edb-8f4e-b3f57d48e55e: 129 groups; 4.2 s; peak memory 667 MiB.
2026-10-08T09:24:18Z INFO [34/900] 6d086b02-cad3-4c8d-acfa-cadae01acef9: 337 groups; 1.7 s; peak memory 667 MiB.
2026-10-08T09:24:19Z INFO [35/900] 6d091364-6ce0-4130-8845-06e75501e34e: 22 groups; 0.8 s; peak memory 667 MiB.
2026-10-08T09:24:20Z INFO [36/900] 6d09ae35-40c1-4197-9ac0-0ad6074276ea: 31 groups; 0.8 s; peak memory 667 MiB.
2026-10-08T09:24:21Z INFO [37/900] 6d0a325e-531a-45a2-9187-7b36aa63c896: 32 groups; 1.1 s; peak memory 667 MiB.
2026-10-08T09:24:22Z INFO [38/900] 6d0c57b7-621d-4e29-87df-30da27d2eb5b: 35 groups; 1.3 s; peak memory 667 MiB.
2026-10-08T09:24:24Z INFO [39/900] 6d0cca8b-8180-46f8-9bd5-ea24997e7908: 206 groups; 2.1 s; peak memory 667 MiB.
2026-10-08T09:24:26Z INFO [40/900] 6d0d2f42-a275-4b74-a659-ed69fd100b80: 341 groups; 1.5 s; peak memory 667 MiB.
2026-10-08T09:24:28Z INFO [41/900] 6d0d6d75-72af-448e-81bc-c8f0fb14dd2a: 50 groups; 2.4 s; peak memory 667 MiB.
2026-10-08T09:24:29Z INFO [42/900] 6d0dbdef-5010-465a-8cba-0613d3216c3a: 31 groups; 0.9 s; peak memory 667 MiB.
2026-10-08T09:24:30Z INFO [43/900] 6d0ecdc2-7d8e-4c60-b258-d4d692a8bf0f: 22 groups; 0.9 s; peak memory 667 MiB.
2026-10-08T09:24:31Z INFO [44/900] 6d0ef552-dd1f-4d8c-955a-befd1e3521db: 254 groups; 1.2 s; peak memory 667 MiB.
2026-10-08T09:24:33Z INFO [45/900] 6d0f9192-d4ae-4c39-a94a-3ab3fd32cd58: 66 groups; 1.8 s; peak memory 667 MiB.
2026-10-08T09:24:34Z INFO [46/900] 6d0fe415-d8bf-46c0-83c6-abdc375f955a: 34 groups; 1.2 s; peak memory 667 MiB.
2026-10-08T09:24:36Z INFO [47/900] 6d103323-b3b0-44b2-a4b4-c270aa593977: 338 groups; 1.7 s; peak memory 667 MiB.
2026-10-08T09:24:37Z INFO [48/900] 6d106098-dbba-42d7-90d5-8d4a0ab9a2ef: 206 groups; 1.3 s; peak memory 667 MiB.
2026-10-08T09:24:38Z INFO [49/900] 6d108a10-6989-42a5-bc9f-fbfae14a2279: 29 groups; 0.9 s; peak memory 667 MiB.
2026-10-08T09:24:40Z INFO [50/900] 6d10aa78-07c2-4e93-99ad-e40bdaaea300: 199 groups; 1.7 s; peak memory 667 MiB.
2026-10-08T09:24:40Z INFO [50/900] 6d10aa78-07c2-4e93-99ad-e40bdaaea300: checkpointed 99486 records.
2026-10-08T09:26:38Z INFO [51/900] 6d1252be-e119-4917-afd9-18d0e0367771: 71 groups; 117.8 s; peak memory 667 MiB.
2026-10-08T09:26:40Z INFO [52/900] 6d12bdd6-5b14-4259-946e-6597af121d71: 35 groups; 1.5 s; peak memory 667 MiB.
2026-10-08T09:26:41Z INFO [53/900] 6d1302f1-a4fa-4ad9-bef4-bff3a5a667eb: 22 groups; 1.0 s; peak memory 667 MiB.
2026-10-08T09:26:41Z INFO [54/900] 6d133dcb-39ba-4533-abf3-d12878946f00: 25 groups; 0.9 s; peak memory 667 MiB.
2026-10-08T09:26:43Z INFO [55/900] 6d13afb5-4233-4117-893b-45a9b280085e: 336 groups; 1.3 s; peak memory 667 MiB.
2026-10-08T09:26:44Z INFO [56/900] 6d145b23-2c2f-430e-b31f-efc85767bf18: 103 groups; 1.3 s; peak memory 667 MiB.
2026-10-08T09:26:45Z INFO [57/900] 6d146929-5097-44a8-9b43-4ebfcb729800: 25 groups; 1.0 s; peak memory 667 MiB.
2026-10-08T09:26:46Z INFO [58/900] 6d14774c-36eb-489b-a9db-882845887643: 35 groups; 1.4 s; peak memory 667 MiB.
2026-10-08T09:26:48Z INFO [59/900] 6d151332-9393-4051-94ff-0deb585c848d: 33 groups; 1.8 s; peak memory 667 MiB.
2026-10-08T09:26:49Z INFO [60/900] 6d15984b-878b-45fd-8766-0b8e766735b2: 32 groups; 1.1 s; peak memory 667 MiB.
2026-10-08T09:26:50Z INFO [61/900] 6d15f984-957b-4dd3-8fe1-0a26515d3500: 31 groups; 0.7 s; peak memory 667 MiB.
2026-10-08T09:26:53Z INFO [62/900] 6d161345-a82a-481e-92e5-f69dee46a2c1: 50 groups; 2.9 s; peak memory 667 MiB.
2026-10-08T09:26:55Z INFO [63/900] 6d164d80-1596-4a32-8333-f515f1a56002: 194 groups; 2.3 s; peak memory 667 MiB.
2026-10-08T09:26:56Z INFO [64/900] 6d164efd-7ee6-40cb-be2c-e5d08e698b69: 32 groups; 1.2 s; peak memory 667 MiB.
2026-10-08T09:26:58Z INFO [65/900] 6d175f4a-c93c-4c9d-a417-5e0950502115: 41 groups; 1.5 s; peak memory 667 MiB.
2026-10-08T09:26:59Z INFO [66/900] 6d189dc7-aa29-4e40-a190-08435a8e4aa3: 32 groups; 1.3 s; peak memory 667 MiB.
2026-10-08T09:27:00Z INFO [67/900] 6d18a420-7e1b-43f1-bb1a-3f790384fbef: 35 groups; 1.3 s; peak memory 667 MiB.
2026-10-08T09:27:01Z INFO [68/900] 6d18af04-a092-4e8f-b138-ffa979170041: 26 groups; 1.1 s; peak memory 667 MiB.
2026-10-08T09:27:04Z INFO [69/900] 6d19ed0d-86e5-4a6e-91c7-91cb40d60cff: 50 groups; 2.5 s; peak memory 667 MiB.
2026-10-08T09:28:56Z INFO [70/900] 6d1a0bd1-7145-4d10-a311-39327b40dce8: 60 groups; 111.9 s; peak memory 667 MiB.
2026-10-08T09:30:22Z INFO [71/900] 6d1a1c4e-9fc5-41bd-8f9a-c63911ed1c28: 69 groups; 86.1 s; peak memory 667 MiB.
2026-10-08T09:30:23Z INFO [72/900] 6d1acf50-edff-40d9-8d0d-6cb7c34760db: 22 groups; 0.9 s; peak memory 667 MiB.
2026-10-08T09:30:24Z INFO [73/900] 6d1b0ce8-4599-4b72-bf67-6eb66249a337: 31 groups; 1.5 s; peak memory 667 MiB.
2026-10-08T09:30:25Z INFO [74/900] 6d1b2dcd-c458-492b-8d76-8586434d5c49: 16 groups; 0.9 s; peak memory 667 MiB.
2026-10-08T09:30:26Z INFO [75/900] 6d1d1729-bc59-45a3-880b-29f6cf3bcf83: 16 groups; 0.8 s; peak memory 667 MiB.
2026-10-08T09:30:27Z INFO [76/900] 6d1d3d3e-475e-4938-8aa0-d08dc2b9b8bf: 32 groups; 1.2 s; peak memory 667 MiB.
2026-10-08T09:30:28Z INFO [77/900] 6d1d5b31-3961-414e-8f80-23a00ce7baff: 32 groups; 1.2 s; peak memory 667 MiB.
2026-10-08T09:30:29Z INFO [78/900] 6d1dacaa-acae-43c7-b69a-479b5de588b2: 35 groups; 1.1 s; peak memory 667 MiB.
2026-10-08T09:30:31Z INFO [79/900] 6d1dfec0-974f-4ffb-b288-2231a1bd9c2b: 25 groups; 1.2 s; peak memory 667 MiB.
2026-10-08T09:30:43Z INFO [80/900] 6d1f7abd-24a5-434d-a90a-71f606c49fb3: 346 groups; 12.7 s; peak memory 667 MiB.
2026-10-08T09:30:45Z INFO [81/900] 6d1f9fd1-bab3-45e1-b609-f6683cc75a47: 203 groups; 1.3 s; peak memory 667 MiB.
2026-10-08T09:30:46Z INFO [82/900] 6d210523-37fe-4147-9059-f04aa4bc1565: 22 groups; 0.9 s; peak memory 667 MiB.
2026-10-08T09:30:46Z INFO [83/900] 6d211a63-7f4c-4ee5-83ee-54fab84e25b9: 28 groups; 0.8 s; peak memory 667 MiB.
2026-10-08T09:30:48Z INFO [84/900] 6d2128fc-1e53-4966-ba4c-7d1689a0e83b: 201 groups; 1.2 s; peak memory 667 MiB.
2026-10-08T09:30:50Z INFO [85/900] 6d2276db-d0c2-4d27-8f8d-b2b91cbdfad8: 200 groups; 2.0 s; peak memory 667 MiB.
2026-10-08T09:57:22Z INFO [86/900] 6d233dd2-4655-4cdd-9646-f4a792c07926: 179 groups; 1592.1 s; peak memory 1207 MiB.
2026-10-08T09:57:23Z INFO [87/900] 6d236d17-970c-42f1-a699-2cae2838532d: 22 groups; 0.9 s; peak memory 1207 MiB.
2026-10-08T09:57:24Z INFO [88/900] 6d2421e0-2ecd-4fed-ab7b-80cf22f91583: 32 groups; 1.1 s; peak memory 1207 MiB.
2026-10-08T09:57:25Z INFO [89/900] 6d2614f3-6e89-43b8-b7cc-3ad911ba47c5: 195 groups; 1.5 s; peak memory 1207 MiB.
2026-10-08T09:57:26Z INFO [90/900] 6d263b98-6453-4029-a0a2-8d99f8e282f7: 32 groups; 0.9 s; peak memory 1207 MiB.
2026-10-08T09:57:28Z INFO [91/900] 6d2658c1-6231-48fb-8c0e-2c992a5bfcb9: 29 groups; 1.3 s; peak memory 1207 MiB.
2026-10-08T09:57:29Z INFO [92/900] 6d26d7bc-cc32-4122-b18b-33eaae4472e7: 35 groups; 1.6 s; peak memory 1207 MiB.
2026-10-08T09:58:13Z INFO [93/900] 6d27141e-013c-4fe7-848d-b96b42e84d10: 26 groups; 44.1 s; peak memory 1207 MiB.
2026-10-08T09:58:15Z INFO [94/900] 6d2743fc-5bb3-4cf7-a323-ca7b6cc6a008: 204 groups; 2.2 s; peak memory 1207 MiB.
2026-10-08T09:58:17Z INFO [95/900] 6d275098-271d-45d4-af70-1c9dbc008baf: 35 groups; 1.3 s; peak memory 1207 MiB.
2026-10-08T09:58:18Z INFO [96/900] 6d2750bb-ad82-4d27-b23a-25d0981c9c1b: 22 groups; 0.9 s; peak memory 1207 MiB.
2026-10-08T09:58:19Z INFO [97/900] 6d27d1e8-8ade-422e-a596-86900459dc4f: 35 groups; 1.1 s; peak memory 1207 MiB.
2026-10-08T09:58:23Z INFO [98/900] 6d2858e3-d6f0-4d37-9534-212f1a2d4597: 78 groups; 3.8 s; peak memory 1207 MiB.
2026-10-08T10:00:12Z INFO [99/900] 6d29862c-6e66-43c6-90b3-79b4996ce2e5: 66 groups; 109.4 s; peak memory 1207 MiB.
2026-10-08T10:00:13Z INFO [100/900] 6d29f155-085e-42e7-b769-4cab35f3a752: 22 groups; 0.9 s; peak memory 1207 MiB.
2026-10-08T10:00:13Z INFO [100/900] 6d29f155-085e-42e7-b769-4cab35f3a752: checkpointed 99536 records.
2026-10-08T10:00:14Z INFO [101/900] 6d2a1816-3267-4f77-9925-47afbfbe3053: 29 groups; 0.8 s; peak memory 1207 MiB.
2026-10-08T10:00:15Z INFO [102/900] 6d2a3ac9-c060-4a08-ae94-f6b444d04149: 33 groups; 1.3 s; peak memory 1207 MiB.
2026-10-08T10:00:16Z INFO [103/900] 6d2a63d8-0ef4-42b4-94a7-5c27dbdda077: 22 groups; 0.9 s; peak memory 1207 MiB.
2026-10-08T10:00:22Z INFO [104/900] 6d2ae9e2-071a-4d7d-ba24-bfaa2b5f31ea: 128 groups; 5.9 s; peak memory 1207 MiB.
2026-10-08T10:00:23Z INFO [105/900] 6d2bfb77-d77f-4119-8416-ae4119ff4989: 35 groups; 1.2 s; peak memory 1207 MiB.
2026-10-08T10:00:24Z INFO [106/900] 6d2d0d20-d423-4bc4-857a-5db32520fdd1: 337 groups; 1.4 s; peak memory 1207 MiB.
2026-10-08T10:00:26Z INFO [107/900] 6d2d73d1-94f4-4d01-ba24-23977615da1b: 22 groups; 1.1 s; peak memory 1207 MiB.
2026-10-08T10:00:34Z INFO [108/900] 6d2df180-5c88-46dd-ba7c-d31fcd5c35cf: 307 groups; 8.6 s; peak memory 1207 MiB.
2026-10-08T10:00:39Z INFO [109/900] 6d2e14a9-1309-43ce-bb95-3f288283668b: 68 groups; 4.5 s; peak memory 1207 MiB.
2026-10-08T10:00:40Z INFO [110/900] 6d2e8f07-b2c9-4dfa-b45a-1d4712fabf46: 33 groups; 1.2 s; peak memory 1207 MiB.
2026-10-08T10:00:41Z INFO [111/900] 6d2f5cfc-86d7-4f73-a982-e21d83f42332: 195 groups; 1.2 s; peak memory 1207 MiB.
2026-10-08T10:00:42Z INFO [112/900] 6d2f6754-fb99-439e-9715-087f5a1ea2ff: 32 groups; 1.0 s; peak memory 1207 MiB.
2026-10-08T10:00:43Z INFO [113/900] 6d2fb54a-a85b-4f86-b0dd-79fb4913bcac: 32 groups; 0.9 s; peak memory 1207 MiB.
2026-10-08T10:00:44Z INFO [114/900] 6d2fd2b6-4375-493b-a0d6-1885a592ab81: 18 groups; 0.6 s; peak memory 1207 MiB.
2026-10-08T10:00:45Z INFO [115/900] 6d303be1-6650-4d88-9284-456c986ec11a: 22 groups; 1.0 s; peak memory 1207 MiB.
2026-10-08T10:00:46Z INFO [116/900] 6d30ca6e-abe0-4695-a4e1-dfef9ee07a27: 36 groups; 1.3 s; peak memory 1207 MiB.
2026-10-08T10:00:47Z INFO [117/900] 6d30cbd5-0a11-4dcc-bcfd-0acbc2a3c6e5: 22 groups; 1.0 s; peak memory 1207 MiB.
2026-10-08T10:00:48Z INFO [118/900] 6d310ab8-2e00-4a7b-8832-c58e6e7d0b6f: 25 groups; 1.1 s; peak memory 1207 MiB.
2026-10-08T10:00:56Z INFO [119/900] 6d317086-f986-4714-9d2f-a59f7319cb46: 219 groups; 7.8 s; peak memory 1207 MiB.
2026-10-08T10:00:57Z INFO [120/900] 6d320cf6-e0a2-4906-94c4-a4b4dc64eb31: 33 groups; 1.1 s; peak memory 1207 MiB.
2026-10-08T10:01:02Z INFO [121/900] 6d320e99-57c4-46d0-90c8-07cfa889e1c2: 681 groups; 5.3 s; peak memory 1207 MiB.
2026-10-08T10:01:03Z INFO [122/900] 6d334085-0698-4501-a382-be254d3dfdee: 257 groups; 1.4 s; peak memory 1207 MiB.
2026-10-08T10:01:04Z INFO [123/900] 6d36771d-9b3d-458e-abd6-ac1eb17b2334: 31 groups; 0.6 s; peak memory 1207 MiB.
2026-10-08T10:01:05Z INFO [124/900] 6d36d733-c8c7-421f-89b7-ccd0779f4c4d: 336 groups; 1.4 s; peak memory 1207 MiB.
2026-10-08T10:01:07Z INFO [125/900] 6d3806dd-c063-4d0a-9542-1dea3c09e4ef: 196 groups; 1.2 s; peak memory 1207 MiB.
2026-10-08T10:01:15Z INFO [126/900] 6d38af12-f114-4d8d-8808-81183448c2a2: 204 groups; 8.4 s; peak memory 1207 MiB.
2026-10-08T10:01:16Z INFO [127/900] 6d39a0db-4e7f-450e-808a-e26a2e0f0608: 67 groups; 1.1 s; peak memory 1207 MiB.
2026-10-08T10:01:17Z INFO [128/900] 6d39be01-e73d-4f20-b2a6-2a931e74694e: 18 groups; 0.7 s; peak memory 1207 MiB.
2026-10-08T10:01:22Z INFO [129/900] 6d3a3a19-f050-4ffa-a78c-dac3dcb8cf56: 78 groups; 5.0 s; peak memory 1207 MiB.
2026-10-08T10:01:24Z INFO [130/900] 6d3aeccc-17d0-4899-b3e3-c1b006d42d86: 341 groups; 1.8 s; peak memory 1207 MiB.
2026-10-08T10:01:25Z INFO [131/900] 6d3b0de8-06af-409f-8610-35825fd12bd9: 22 groups; 1.0 s; peak memory 1207 MiB.
2026-10-08T10:01:42Z INFO [132/900] 6d3bfee8-7b41-4cd2-a39f-6a1be2ab6e6e: 118 groups; 17.7 s; peak memory 1207 MiB.
2026-10-08T10:01:46Z INFO [133/900] 6d3c31da-981a-4e26-856b-3ed1747114d3: 138 groups; 4.0 s; peak memory 1207 MiB.
2026-10-08T10:01:47Z INFO [134/900] 6d3c3568-f8d2-48c5-816c-5f47008dc79d: 33 groups; 0.9 s; peak memory 1207 MiB.
2026-10-08T10:01:49Z INFO [135/900] 6d3c408c-f306-480f-a5b6-4e7bc00ba697: 31 groups; 1.6 s; peak memory 1207 MiB.
2026-10-08T10:01:50Z INFO [136/900] 6d3e316e-15c3-4e00-a504-ef8d55c95478: 32 groups; 1.0 s; peak memory 1207 MiB.
2026-10-08T10:01:51Z INFO [137/900] 6d3e8342-528a-4b61-ad60-7bd6c76a99aa: 22 groups; 0.9 s; peak memory 1207 MiB.
2026-10-08T10:01:52Z INFO [138/900] 6d3ea48c-c21e-4acc-a496-622394d32c15: 24 groups; 0.9 s; peak memory 1207 MiB.
2026-10-08T10:01:53Z INFO [139/900] 6d3f0879-3881-4173-8612-7c2289ddd8e0: 22 groups; 0.9 s; peak memory 1207 MiB.
2026-10-08T10:01:54Z INFO [140/900] 6d3fb49d-fd1a-4c9b-997d-77d67fa60aa1: 32 groups; 0.9 s; peak memory 1207 MiB.
2026-10-08T10:01:56Z INFO [141/900] 6d40945d-62d9-4589-8b44-c93528a66617: 17 groups; 2.1 s; peak memory 1207 MiB.
2026-10-08T10:01:56Z INFO [142/900] 6d40b697-05c5-41b7-bd43-077a62e0d3be: 17 groups; 0.6 s; peak memory 1207 MiB.
2026-10-08T10:01:57Z INFO [143/900] 6d415e21-6db7-47bc-959b-781a02edbcbd: 25 groups; 1.1 s; peak memory 1207 MiB.
2026-10-08T10:01:58Z INFO [144/900] 6d417569-ab7e-454f-8f45-3beaef8c76be: 26 groups; 0.8 s; peak memory 1207 MiB.
2026-10-08T10:01:59Z INFO [145/900] 6d41e2de-06a1-473e-a18e-2efd39f5310a: 35 groups; 1.1 s; peak memory 1207 MiB.
2026-10-08T10:02:00Z INFO [146/900] 6d4209e2-43ec-47a8-97f4-58d76708e2db: 16 groups; 0.6 s; peak memory 1207 MiB.
2026-10-08T10:02:02Z INFO [147/900] 6d423b55-67f8-42c9-9dee-caa73708d896: 575 groups; 1.8 s; peak memory 1207 MiB.
2026-10-08T10:02:03Z INFO [148/900] 6d439714-c9cd-47cd-9f90-5ef4f507b485: 22 groups; 1.0 s; peak memory 1207 MiB.
2026-10-08T10:02:04Z INFO [149/900] 6d43b7f0-92ea-48ff-bacc-0fe2ef848bf2: 22 groups; 0.8 s; peak memory 1207 MiB.
2026-10-08T10:02:04Z INFO [150/900] 6d441a8e-f956-4f36-a685-cfe7301ad924: 33 groups; 0.9 s; peak memory 1207 MiB.
2026-10-08T10:02:05Z INFO [150/900] 6d441a8e-f956-4f36-a685-cfe7301ad924: checkpointed 99586 records.
2026-10-08T10:02:14Z INFO [151/900] 6d444a85-d2a3-4596-8dbb-3ee331fa281a: 241 groups; 9.1 s; peak memory 1207 MiB.
2026-10-08T10:02:14Z INFO [152/900] 6d457e63-9444-40a7-86d4-70918bf313e4: 32 groups; 0.9 s; peak memory 1207 MiB.
2026-10-08T10:02:15Z INFO [153/900] 6d458ee4-3559-4700-895b-25a577a69624: 33 groups; 1.0 s; peak memory 1207 MiB.
2026-10-08T10:02:17Z INFO [154/900] 6d45e635-67d9-466d-a057-c1839abeb260: 32 groups; 1.2 s; peak memory 1207 MiB.
2026-10-08T10:02:17Z INFO [155/900] 6d45ee3a-dda1-4e43-83e2-01deb9fe4c87: 16 groups; 0.6 s; peak memory 1207 MiB.
2026-10-08T10:02:22Z INFO [156/900] 6d461de1-3fb5-4233-900a-74cebb9a4803: 183 groups; 4.6 s; peak memory 1207 MiB.
2026-10-08T10:02:23Z INFO [157/900] 6d469412-e1fd-442a-91cc-79240d43ce12: 35 groups; 0.9 s; peak memory 1207 MiB.
2026-10-08T10:02:25Z INFO [158/900] 6d46cdee-c09c-4a8d-afbd-b62fb8ca192f: 50 groups; 2.3 s; peak memory 1207 MiB.
2026-10-08T10:02:26Z INFO [159/900] 6d478856-4c0b-4acb-bf03-51f7d52ec419: 22 groups; 0.9 s; peak memory 1207 MiB.
2026-10-08T10:02:27Z INFO [160/900] 6d47b78d-e7db-493b-a0e3-75fa6c22c178: 32 groups; 0.9 s; peak memory 1207 MiB.
2026-10-08T10:02:28Z INFO [161/900] 6d47befc-5331-492e-bdd0-ea0fc876d6f2: 24 groups; 1.0 s; peak memory 1207 MiB.
2026-10-08T10:02:29Z INFO [162/900] 6d480851-ad82-45c7-a9af-177e5b1546c9: 22 groups; 0.9 s; peak memory 1207 MiB.
2026-10-08T10:02:30Z INFO [163/900] 6d489eaf-b49c-4930-be64-48977b65a5e6: 25 groups; 1.1 s; peak memory 1207 MiB.
2026-10-08T10:02:31Z INFO [164/900] 6d4905eb-07ff-4282-94e5-b8f211d8d206: 32 groups; 1.0 s; peak memory 1207 MiB.
2026-10-08T10:02:36Z INFO [165/900] 6d49439c-8058-4503-91f5-7e7d8ff6197d: 125 groups; 4.6 s; peak memory 1207 MiB.
2026-10-08T10:02:49Z INFO [166/900] 6d49aebf-7d1a-4d3b-94df-a9764c251957: 262 groups; 13.5 s; peak memory 1207 MiB.
2026-10-08T10:02:50Z INFO [167/900] 6d4aedb1-49af-494d-b1c1-b8739fc16e9e: 35 groups; 1.1 s; peak memory 1207 MiB.
2026-10-08T10:02:51Z INFO [168/900] 6d4c5e19-ba60-4f3a-95f5-be128ece8cb2: 16 groups; 0.5 s; peak memory 1207 MiB.
2026-10-08T10:02:51Z INFO [169/900] 6d4c7771-76b8-4ebc-a4b9-661b5d197599: 29 groups; 0.6 s; peak memory 1207 MiB.
2026-10-08T10:02:52Z INFO [170/900] 6d4c9a98-dd3e-4c31-af66-7ac8f3a6d03b: 25 groups; 1.0 s; peak memory 1207 MiB.
2026-10-08T10:02:53Z INFO [171/900] 6d4d0d07-b28e-4155-958d-e2c72f6ad8f4: 24 groups; 0.8 s; peak memory 1207 MiB.
2026-10-08T10:02:54Z INFO [172/900] 6d4d3b91-1464-4648-a82f-5471dbb68639: 22 groups; 1.0 s; peak memory 1207 MiB.
2026-10-08T10:02:55Z INFO [173/900] 6d4e342d-c886-4239-abda-8605dd48992e: 16 groups; 0.7 s; peak memory 1207 MiB.
2026-10-08T10:02:56Z INFO [174/900] 6d4ffd1b-9b5e-40f6-b72c-77a69e364f54: 30 groups; 0.7 s; peak memory 1207 MiB.
2026-10-08T10:03:04Z INFO [175/900] 6d50a037-e0cb-410d-9a07-d9abf21b73b2: 76 groups; 8.4 s; peak memory 1207 MiB.
2026-10-08T10:03:13Z INFO [176/900] 6d511a15-ea95-4aa2-8679-4530be2e9f4a: 63 groups; 9.5 s; peak memory 1207 MiB.
2026-10-08T10:03:16Z INFO [177/900] 6d5185fb-efeb-47b7-b8f4-e2578d165c23: 146 groups; 2.1 s; peak memory 1207 MiB.
2026-10-08T10:03:16Z INFO [178/900] 6d525a6e-2246-4fbc-8503-a0a5d7e7016d: 16 groups; 0.5 s; peak memory 1207 MiB.
2026-10-08T10:03:17Z INFO [179/900] 6d525a96-1105-456b-b3e9-9ea4f5ef34dc: 203 groups; 1.1 s; peak memory 1207 MiB.
2026-10-08T10:03:18Z INFO [180/900] 6d527dbe-0c94-4ae4-8a1d-c847dce5a677: 22 groups; 1.0 s; peak memory 1207 MiB.
2026-10-08T10:03:23Z INFO [181/900] 6d530b98-2910-464a-b60b-eb4ee7c9ffc7: 78 groups; 4.6 s; peak memory 1207 MiB.
2026-10-08T10:03:25Z INFO [182/900] 6d5436e0-4081-42f7-a88a-fac5179664d6: 27 groups; 2.2 s; peak memory 1207 MiB.
2026-10-08T10:03:26Z INFO [183/900] 6d54e472-6cac-49a2-b8e5-116dd1ce9099: 35 groups; 1.1 s; peak memory 1207 MiB.
2026-10-08T10:03:31Z INFO [184/900] 6d550a58-ecfc-4bc1-a62a-a0de3d19084e: 47 groups; 4.8 s; peak memory 1207 MiB.
2026-10-08T10:03:32Z INFO [185/900] 6d5541b7-5df1-4249-86c8-262febd9223a: 22 groups; 1.0 s; peak memory 1207 MiB.
2026-10-08T10:03:35Z INFO [186/900] 6d5577aa-2137-47a7-89cb-eb814c9c9157: 73 groups; 3.6 s; peak memory 1207 MiB.
2026-10-08T10:03:36Z INFO [187/900] 6d5582cb-3fae-4f7a-86e8-7a0ce64a75d8: 27 groups; 0.6 s; peak memory 1207 MiB.
2026-10-08T10:03:37Z INFO [188/900] 6d55b18b-1661-49fb-9900-0ac360c542bb: 35 groups; 1.3 s; peak memory 1207 MiB.
2026-10-08T10:03:38Z INFO [189/900] 6d55bbcb-b718-4c7f-9843-226655abebbb: 16 groups; 0.6 s; peak memory 1207 MiB.
2026-10-08T10:03:39Z INFO [190/900] 6d55f72e-a396-4c81-9559-3c0deff3aea1: 22 groups; 0.9 s; peak memory 1207 MiB.
2026-10-08T10:03:46Z INFO [191/900] 6d5614c0-2590-47ad-98a5-50c5c0a742dc: 205 groups; 7.5 s; peak memory 1207 MiB.
2026-10-08T10:03:47Z INFO [192/900] 6d569326-eaa7-4f41-b95b-cf178810d346: 20 groups; 0.8 s; peak memory 1207 MiB.
2026-10-08T10:03:50Z INFO [193/900] 6d580703-13d1-408c-8256-48a8dc4996f9: 56 groups; 2.7 s; peak memory 1207 MiB.
2026-10-08T10:03:51Z INFO [194/900] 6d59a8c2-30f5-4501-9556-1633907c5d93: 32 groups; 1.0 s; peak memory 1207 MiB.
2026-10-08T10:03:52Z INFO [195/900] 6d5aa3f5-c24e-4c10-bf50-ffc01190cabf: 32 groups; 0.9 s; peak memory 1207 MiB.
2026-10-08T10:03:53Z INFO [196/900] 6d5b36db-0c1f-4a49-90be-827879e63481: 29 groups; 1.4 s; peak memory 1207 MiB.
2026-10-08T10:03:54Z INFO [197/900] 6d5b6428-1e5c-4e62-8908-01b262b3ac90: 35 groups; 1.1 s; peak memory 1207 MiB.
2026-10-08T10:03:55Z INFO [198/900] 6d5b886a-1d4d-47a1-b7da-5b1667d3f242: 32 groups; 0.9 s; peak memory 1207 MiB.
2026-10-08T10:04:14Z INFO [199/900] 6d5bf60b-75ef-4c92-ba1c-d406866220be: 157 groups; 19.1 s; peak memory 1207 MiB.
2026-10-08T10:04:15Z INFO [200/900] 6d5cacb4-feec-48e8-be47-9387eb106722: 22 groups; 0.9 s; peak memory 1207 MiB.
2026-10-08T10:04:15Z INFO [200/900] 6d5cacb4-feec-48e8-be47-9387eb106722: checkpointed 99636 records.
2026-10-08T10:04:16Z INFO [201/900] 6d5d5c8c-aaa5-4ef8-83b7-f232963a4e7e: 28 groups; 0.8 s; peak memory 1207 MiB.
2026-10-08T10:04:17Z INFO [202/900] 6d5d81a1-ae82-4bc4-8645-20a75729c09c: 35 groups; 1.2 s; peak memory 1207 MiB.
2026-10-08T10:04:34Z INFO [203/900] 6d5e5198-cc29-46bf-abdc-15949693ab12: 120 groups; 17.1 s; peak memory 1207 MiB.
2026-10-08T10:04:35Z INFO [204/900] 6d5fe7ca-c258-408a-b448-b0c6f568b4d0: 16 groups; 0.6 s; peak memory 1207 MiB.
2026-10-08T10:04:44Z INFO [205/900] 6d60b290-c983-4b2d-8959-d90eea476015: 22 groups; 9.4 s; peak memory 1207 MiB.
2026-10-08T10:04:46Z INFO [206/900] 6d60d707-36a4-4511-b476-33d259acd827: 35 groups; 1.4 s; peak memory 1207 MiB.
2026-10-08T10:04:47Z INFO [207/900] 6d614877-2db7-46b7-b373-a4637ecc149d: 21 groups; 1.1 s; peak memory 1207 MiB.
2026-10-08T10:04:48Z INFO [208/900] 6d6165e4-a1ef-4449-8a62-7482b2552165: 103 groups; 0.9 s; peak memory 1207 MiB.
2026-10-08T10:04:55Z INFO [209/900] 6d619f85-d3ea-4514-bb86-2c77c53be074: 68 groups; 6.8 s; peak memory 1207 MiB.
2026-10-08T10:04:56Z INFO [210/900] 6d6220cd-c1fb-4fef-84cd-3c03facadedd: 22 groups; 1.0 s; peak memory 1207 MiB.
2026-10-08T10:05:00Z INFO [211/900] 6d62e1c1-bab8-4b58-9bfb-02d45720a2e4: 181 groups; 4.3 s; peak memory 1207 MiB.
2026-10-08T10:05:01Z INFO [212/900] 6d6332e2-69c4-465a-9c95-54335e4beb65: 22 groups; 1.0 s; peak memory 1207 MiB.
2026-10-08T10:05:06Z INFO [213/900] 6d63a948-a4b3-4a4f-8e73-c7bdf6e8d904: 78 groups; 4.6 s; peak memory 1207 MiB.
2026-10-08T10:05:06Z INFO [214/900] 6d656d6e-867f-4a33-97a7-6de5764b7b7c: 30 groups; 0.8 s; peak memory 1207 MiB.
2026-10-08T10:05:07Z INFO [215/900] 6d660b37-4751-471a-952b-4670969b75a2: 35 groups; 1.1 s; peak memory 1207 MiB.
2026-10-08T10:05:08Z INFO [216/900] 6d660d44-ace7-487c-a959-aac784316b3e: 22 groups; 0.9 s; peak memory 1207 MiB.
2026-10-08T10:05:15Z INFO [217/900] 6d676889-8509-45e5-b60f-6d7ba68058ad: 143 groups; 6.9 s; peak memory 1207 MiB.
2026-10-08T10:05:16Z INFO [218/900] 6d679837-b6ed-463d-b409-b983807eb89e: 32 groups; 1.0 s; peak memory 1207 MiB.
2026-10-08T10:05:17Z INFO [219/900] 6d67e60e-d646-4a3f-8209-945fa6866f88: 29 groups; 0.6 s; peak memory 1207 MiB.
2026-10-08T10:05:18Z INFO [220/900] 6d68677e-b68a-43ef-a1dc-ba5e7bde9bb8: 32 groups; 1.0 s; peak memory 1207 MiB.
2026-10-08T10:05:39Z INFO [221/900] 6d6942df-cd17-4c98-abfb-3b9e616111da: 23 groups; 21.5 s; peak memory 1207 MiB.
2026-10-08T10:05:40Z INFO [222/900] 6d69b262-5d27-4c3d-9804-7b90b78804ae: 35 groups; 1.1 s; peak memory 1207 MiB.
2026-10-08T10:05:41Z INFO [223/900] 6d6a6c55-1f58-4490-8ba0-21f591547e42: 32 groups; 0.9 s; peak memory 1207 MiB.
2026-10-08T10:05:42Z INFO [224/900] 6d6adc76-5ce2-492c-902a-eec24d00b90b: 32 groups; 1.0 s; peak memory 1207 MiB.
2026-10-08T10:05:45Z INFO [225/900] 6d6ae6eb-8c25-41aa-a767-449aa98b7403: 48 groups; 2.2 s; peak memory 1207 MiB.
2026-10-08T10:05:46Z INFO [226/900] 6d6c313b-03e3-4055-9d7a-7d97bb68b3ec: 341 groups; 1.6 s; peak memory 1207 MiB.
2026-10-08T10:05:51Z INFO [227/900] 6d6c5281-9b8e-457b-81c7-c051996386e0: 78 groups; 4.4 s; peak memory 1207 MiB.
2026-10-08T10:05:52Z INFO [228/900] 6d6c6cc7-f058-4ca0-8538-644fad16138c: 29 groups; 1.2 s; peak memory 1207 MiB.
2026-10-08T10:05:53Z INFO [229/900] 6d6ccae1-c9f1-4f46-914b-dd4e814a3602: 32 groups; 1.0 s; peak memory 1207 MiB.
2026-10-08T10:05:53Z INFO [230/900] 6d6ceb11-d4e4-481e-ad2b-9072312ad30c: 16 groups; 0.5 s; peak memory 1207 MiB.
2026-10-08T10:05:55Z INFO [231/900] 6d6e1692-4f6c-4e11-a34b-42cef073acf0: 32 groups; 1.3 s; peak memory 1207 MiB.
2026-10-08T10:05:56Z INFO [232/900] 6d6eb37e-2789-4485-8b00-3edb4ccdcac5: 32 groups; 1.0 s; peak memory 1207 MiB.
2026-10-08T10:06:00Z INFO [233/900] 6d6efd96-9f32-4c31-b25e-d99684c3bbc9: 46 groups; 4.7 s; peak memory 1207 MiB.
2026-10-08T10:06:02Z INFO [234/900] 6d6f75f9-904c-4e1e-add4-bbc4dfba6e47: 35 groups; 1.3 s; peak memory 1207 MiB.
2026-10-08T10:06:14Z INFO [235/900] 6d6fb29e-7648-4fd4-a61b-76bcc6a5b540: 17 groups; 12.4 s; peak memory 1207 MiB.
2026-10-08T10:06:15Z INFO [236/900] 6d72d41e-d659-4b30-a5b2-3e163df52223: 22 groups; 0.9 s; peak memory 1207 MiB.
2026-10-08T10:06:16Z INFO [237/900] 6d73a8c0-6bb3-478d-943d-82e1b7f5553b: 33 groups; 1.2 s; peak memory 1207 MiB.
2026-10-08T10:06:37Z INFO [238/900] 6d740831-c1ff-4004-8231-106759537c17: 23 groups; 20.7 s; peak memory 1207 MiB.
2026-10-08T10:06:38Z INFO [239/900] 6d750dc3-31c2-40cf-9f33-4c25abb5f7b2: 103 groups; 1.3 s; peak memory 1207 MiB.
2026-10-08T10:06:39Z INFO [240/900] 6d752804-b3ff-4df3-9b66-9935cff24c17: 35 groups; 1.4 s; peak memory 1207 MiB.
2026-10-08T10:06:41Z INFO [241/900] 6d75e4b6-8443-4f27-8c39-38c737eca9a1: 32 groups; 1.2 s; peak memory 1207 MiB.
2026-10-08T10:06:42Z INFO [242/900] 6d767966-c3f1-465c-ad6d-1e06987fc37d: 36 groups; 1.5 s; peak memory 1207 MiB.
2026-10-08T10:06:43Z INFO [243/900] 6d76f52f-238e-44de-ac28-e86d13fd8563: 32 groups; 1.4 s; peak memory 1207 MiB.
2026-10-08T10:06:45Z INFO [244/900] 6d770ef1-fc6d-4b20-998d-fa46125cd428: 206 groups; 1.5 s; peak memory 1207 MiB.
2026-10-08T10:06:46Z INFO [245/900] 6d785d15-1b79-456f-9495-4efb11f0114b: 17 groups; 0.7 s; peak memory 1207 MiB.
2026-10-08T10:06:48Z INFO [246/900] 6d7936c3-0422-4159-a522-b2fc73ad2bc1: 30 groups; 2.0 s; peak memory 1207 MiB.
2026-10-08T10:06:49Z INFO [247/900] 6d7a05b9-3a19-4d19-b0c7-dc4b0404e25c: 32 groups; 1.1 s; peak memory 1207 MiB.
2026-10-08T10:06:50Z INFO [248/900] 6d7ad93e-4286-4034-a684-2e84f3e4d1a2: 32 groups; 1.0 s; peak memory 1207 MiB.
2026-10-08T10:06:50Z INFO [249/900] 6d7d1312-3152-4c34-a151-bc3705556816: 30 groups; 0.8 s; peak memory 1207 MiB.
2026-10-08T10:06:55Z INFO [250/900] 6d7dce09-ec72-4123-84ab-0ec868dd70fa: 71 groups; 4.1 s; peak memory 1207 MiB.
2026-10-08T10:06:55Z INFO [250/900] 6d7dce09-ec72-4123-84ab-0ec868dd70fa: checkpointed 99686 records.
2026-10-08T10:06:55Z INFO [251/900] 6d7e0934-1df4-44a6-be3b-56d50cc98fe2: 16 groups; 0.6 s; peak memory 1207 MiB.
2026-10-08T10:07:00Z INFO [252/900] 6d7e3df9-56ff-432a-8a70-0536f44959e6: 181 groups; 4.5 s; peak memory 1207 MiB.
2026-10-08T10:07:00Z INFO [253/900] 6d7e6149-7574-49cf-9cf1-ae6a211e0f1d: 16 groups; 0.7 s; peak memory 1207 MiB.
2026-10-08T10:07:02Z INFO [254/900] 6d7f1b33-a961-49a3-b2f5-51649b6a94c8: 32 groups; 1.2 s; peak memory 1207 MiB.
2026-10-08T10:07:03Z INFO [255/900] 6d7f6d50-68e2-4ab7-9c76-c3e330578917: 255 groups; 1.1 s; peak memory 1207 MiB.
2026-10-08T10:07:12Z INFO [256/900] 6d810408-2e75-4756-be76-876d5818d5d0: 230 groups; 8.9 s; peak memory 1207 MiB.
2026-10-08T10:07:12Z INFO [257/900] 6d810741-101c-4b6f-aeb9-1c4767d77210: 26 groups; 0.6 s; peak memory 1207 MiB.
2026-10-08T10:07:13Z INFO [258/900] 6d81c135-9f0d-4441-a330-b34291262993: 35 groups; 1.0 s; peak memory 1207 MiB.
2026-10-08T10:07:14Z INFO [259/900] 6d822aa2-be1c-48c4-9e13-e9aa9d3f8dde: 22 groups; 1.0 s; peak memory 1207 MiB.
2026-10-08T10:07:15Z INFO [260/900] 6d83f9a6-dbfd-465c-9b65-5a540f177f4d: 22 groups; 1.0 s; peak memory 1207 MiB.
2026-10-08T10:07:16Z INFO [261/900] 6d841c59-fa6e-4991-82c6-e674ab1743ef: 22 groups; 0.8 s; peak memory 1207 MiB.
2026-10-08T10:07:17Z INFO [262/900] 6d855605-0be6-4bb1-acf1-fcec56a0befd: 202 groups; 1.0 s; peak memory 1207 MiB.
2026-10-08T10:07:18Z INFO [263/900] 6d85ea47-ee3b-46e3-b517-ba65b2679481: 32 groups; 1.0 s; peak memory 1207 MiB.
2026-10-08T10:07:23Z INFO [264/900] 6d860f87-cab7-4887-81fd-d6cb47822c41: 73 groups; 4.9 s; peak memory 1207 MiB.
2026-10-08T10:07:26Z INFO [265/900] 6d86499d-aa63-4587-b30b-03a6383ba651: 36 groups; 3.4 s; peak memory 1207 MiB.
2026-10-08T10:07:34Z INFO [266/900] 6d868d49-4d61-48a9-adb3-71d68e485c4b: 50 groups; 7.5 s; peak memory 1207 MiB.
2026-10-08T10:07:35Z INFO [267/900] 6d874ceb-4e29-4afb-84fd-b3c8987314d7: 35 groups; 1.2 s; peak memory 1207 MiB.
2026-10-08T10:07:36Z INFO [268/900] 6d87515b-4811-4804-bf79-750e39bb56fa: 30 groups; 0.6 s; peak memory 1207 MiB.
2026-10-08T10:07:37Z INFO [269/900] 6d880b0a-a0ff-4d77-959a-c34fc73210c6: 36 groups; 1.0 s; peak memory 1207 MiB.
2026-10-08T10:07:38Z INFO [270/900] 6d882521-9359-45e8-840b-5135abf6fc60: 32 groups; 1.1 s; peak memory 1207 MiB.
2026-10-08T10:07:39Z INFO [271/900] 6d88ce5d-d5f7-46c2-abac-9001c111bc31: 28 groups; 1.1 s; peak memory 1207 MiB.
2026-10-08T10:07:41Z INFO [272/900] 6d8934e7-8609-42ee-af0b-78f929d3e51f: 54 groups; 2.3 s; peak memory 1207 MiB.
2026-10-08T10:07:45Z INFO [273/900] 6d8948f9-0294-49b2-b0d9-5d6d0ee076cb: 29 groups; 3.5 s; peak memory 1207 MiB.
2026-10-08T10:07:46Z INFO [274/900] 6d89a8ba-29d8-4746-8f98-6232ab5d94d2: 22 groups; 1.0 s; peak memory 1207 MiB.
2026-10-08T10:07:47Z INFO [275/900] 6d8cff31-31f3-4c9c-9b90-a39e5a258cf3: 35 groups; 0.9 s; peak memory 1207 MiB.
2026-10-08T10:07:48Z INFO [276/900] 6d8d98fc-02c9-4316-a763-2ea327266d8e: 206 groups; 1.5 s; peak memory 1207 MiB.
2026-10-08T10:07:49Z INFO [277/900] 6d8da112-1af1-4928-b46e-31c9a4381298: 32 groups; 0.9 s; peak memory 1207 MiB.
2026-10-08T10:07:52Z INFO [278/900] 6d8e167e-21bb-4f89-8d05-8989d62ce138: 137 groups; 2.9 s; peak memory 1207 MiB.
2026-10-08T10:07:53Z INFO [279/900] 6d8e41ee-e965-45ca-9594-338cfca3fa35: 22 groups; 1.0 s; peak memory 1207 MiB.
2026-10-08T10:11:47Z INFO [280/900] 6d8e4d3f-9e8e-4fc9-8519-d106ac9d33f6: 81 groups; 233.9 s; peak memory 1207 MiB.
2026-10-08T10:11:48Z INFO [281/900] 6d8fe330-5129-408b-b1d7-8a1380c506fa: 32 groups; 1.1 s; peak memory 1207 MiB.
2026-10-08T10:11:49Z INFO [282/900] 6d90d0de-fd4b-433a-a288-1ef1560f924d: 36 groups; 1.4 s; peak memory 1207 MiB.
2026-10-08T10:11:50Z INFO [283/900] 6d912dde-1aea-4811-bdd8-48e7141c9f1a: 16 groups; 0.7 s; peak memory 1207 MiB.
2026-10-08T10:11:51Z INFO [284/900] 6d92182b-d68a-4eae-98c9-95972399a56f: 25 groups; 1.4 s; peak memory 1207 MiB.
2026-10-08T10:11:53Z INFO [285/900] 6d922701-654a-4fc2-a100-125e28d338cb: 341 groups; 1.7 s; peak memory 1207 MiB.
2026-10-08T10:11:54Z INFO [286/900] 6d92d12d-203c-493d-a448-b7384e9d0ddd: 24 groups; 1.0 s; peak memory 1207 MiB.
2026-10-08T10:11:55Z INFO [287/900] 6d9329e1-6e36-4c57-838c-6a135d351c59: 22 groups; 1.0 s; peak memory 1207 MiB.
2026-10-08T10:11:56Z INFO [288/900] 6d9371d6-c6d1-4aa5-8406-2463532df5b9: 22 groups; 1.0 s; peak memory 1207 MiB.
2026-10-08T10:12:01Z INFO [289/900] 6d948688-4972-4f3c-8872-ed4fa413000b: 47 groups; 5.4 s; peak memory 1207 MiB.
2026-10-08T10:12:02Z INFO [290/900] 6d953774-208f-429a-8c39-99f6202abb8c: 18 groups; 0.6 s; peak memory 1207 MiB.
2026-10-08T10:12:04Z INFO [291/900] 6d960996-936e-44c6-a83b-b6aac8504291: 64 groups; 1.9 s; peak memory 1207 MiB.
2026-10-08T10:12:05Z INFO [292/900] 6d960beb-e72e-4ffe-bbee-04e0e53e0f91: 31 groups; 0.8 s; peak memory 1207 MiB.
2026-10-08T10:12:05Z INFO [293/900] 6d96201b-29e4-4522-b7b8-9663c05ffd70: 22 groups; 0.9 s; peak memory 1207 MiB.
2026-10-08T10:12:07Z INFO [294/900] 6d963f2f-3b8c-437c-9187-cd760a5ed4e3: 195 groups; 1.3 s; peak memory 1207 MiB.
2026-10-08T10:12:08Z INFO [295/900] 6d968d0c-0e8c-4e35-97f9-fa24cc5be9bf: 35 groups; 1.0 s; peak memory 1207 MiB.
2026-10-08T10:12:09Z INFO [296/900] 6d969805-0198-46eb-8149-b6ebb4a3675e: 26 groups; 0.9 s; peak memory 1207 MiB.
2026-10-08T10:12:10Z INFO [297/900] 6d96c53c-fdf6-4419-8e0b-8c0aa913e30d: 32 groups; 0.9 s; peak memory 1207 MiB.
2026-10-08T10:12:14Z INFO [298/900] 6d974328-70b2-438e-bab9-bfab59fb76ca: 75 groups; 4.7 s; peak memory 1207 MiB.
2026-10-08T10:12:19Z INFO [299/900] 6d98a3ab-da8e-4b69-add0-5abd0a481efd: 57 groups; 4.4 s; peak memory 1207 MiB.
2026-10-08T10:12:20Z INFO [300/900] 6d98d70e-b6e8-4310-b867-8492c9f67be2: 207 groups; 1.4 s; peak memory 1207 MiB.
2026-10-08T10:12:20Z INFO [300/900] 6d98d70e-b6e8-4310-b867-8492c9f67be2: checkpointed 99736 records.
2026-10-08T10:12:21Z INFO [301/900] 6d99f93a-205a-4e1a-87e7-2a2b2b2dd06b: 203 groups; 1.1 s; peak memory 1207 MiB.
2026-10-08T10:12:22Z INFO [302/900] 6d9a7df8-6bc6-4626-af8d-a56c8cecf6ea: 32 groups; 1.0 s; peak memory 1207 MiB.
2026-10-08T10:12:24Z INFO [303/900] 6d9b0e89-1331-4596-ab42-a1093b9f0d7c: 32 groups; 1.3 s; peak memory 1207 MiB.
2026-10-08T10:12:27Z INFO [304/900] 6d9c48a1-ec15-47a9-8931-584832837643: 105 groups; 3.3 s; peak memory 1207 MiB.
2026-10-08T10:12:34Z INFO [305/900] 6d9c4afe-7bd8-46c1-aa0c-a7b7bff9e076: 123 groups; 7.0 s; peak memory 1207 MiB.
2026-10-08T10:12:39Z INFO [306/900] 6d9d38a0-5d61-4d46-89d7-6d964e9290ba: 181 groups; 5.2 s; peak memory 1207 MiB.
2026-10-08T10:12:50Z INFO [307/900] 6d9f2bb9-a644-45f3-b8e7-7ad0979a3860: 249 groups; 10.5 s; peak memory 1207 MiB.
2026-10-08T10:12:51Z INFO [308/900] 6d9f2ff7-8077-4dd2-9488-490feeb1d83c: 33 groups; 1.0 s; peak memory 1207 MiB.
2026-10-08T10:12:51Z INFO [309/900] 6d9f4725-3272-4118-b841-0fb30e9a7ea2: 32 groups; 0.9 s; peak memory 1207 MiB.
2026-10-08T10:12:53Z INFO [310/900] 6d9fee2e-bc48-48f7-9787-a9e3a898ca5e: 25 groups; 1.1 s; peak memory 1207 MiB.
2026-10-08T10:12:54Z INFO [311/900] 6da071ee-14db-4631-ad4a-8033a3d1de3f: 35 groups; 1.5 s; peak memory 1207 MiB.
2026-10-08T10:12:56Z INFO [312/900] 6da1589f-9b1c-46f8-9f75-4fa253c39794: 17 groups; 2.0 s; peak memory 1207 MiB.
2026-10-08T10:13:02Z INFO [313/900] 6da22511-4a2e-45a1-a932-91ff88d6dd26: 66 groups; 5.8 s; peak memory 1207 MiB.
2026-10-08T10:13:03Z INFO [314/900] 6da36e22-9444-4008-9ade-572242a59470: 72 groups; 1.5 s; peak memory 1207 MiB.
2026-10-08T10:13:06Z INFO [315/900] 6da38ccd-0b7a-449a-9b9f-82bec4e7b665: 48 groups; 2.2 s; peak memory 1207 MiB.
2026-10-08T10:13:07Z INFO [316/900] 6da3c9a8-b311-495f-8716-fe924349deb4: 41 groups; 1.3 s; peak memory 1207 MiB.
2026-10-08T10:13:08Z INFO [317/900] 6da44fa9-091e-429d-b034-c0bab7becf45: 18 groups; 1.0 s; peak memory 1207 MiB.
2026-10-08T10:13:11Z INFO [318/900] 6da462e2-6d91-468c-84ff-3d1896d71a60: 56 groups; 3.3 s; peak memory 1207 MiB.
2026-10-08T10:13:12Z INFO [319/900] 6da48dcb-84c0-4f97-9f8f-f5a63d18eb5e: 22 groups; 0.9 s; peak memory 1207 MiB.
2026-10-08T10:13:13Z INFO [320/900] 6da48e5b-3ebd-4637-9b36-44da414aaf8a: 32 groups; 0.9 s; peak memory 1207 MiB.
2026-10-08T10:13:14Z INFO [321/900] 6da4fcce-54a5-461d-9bdd-eebe16b8f4f2: 52 groups; 0.7 s; peak memory 1207 MiB.
2026-10-08T10:13:19Z INFO [322/900] 6da5c62d-1366-4563-a994-72709092d236: 157 groups; 5.0 s; peak memory 1207 MiB.
2026-10-08T10:13:20Z INFO [323/900] 6da95eb7-69a5-4869-85c7-203ee3758288: 22 groups; 1.0 s; peak memory 1207 MiB.
2026-10-08T10:13:21Z INFO [324/900] 6da96506-9157-4136-a26b-4754248305ba: 256 groups; 1.3 s; peak memory 1207 MiB.
2026-10-08T10:13:22Z INFO [325/900] 6da9d047-3824-401b-8d25-e224627cd096: 28 groups; 0.8 s; peak memory 1207 MiB.
2026-10-08T10:13:22Z INFO [326/900] 6daa1719-39e7-4e20-9c78-8a75a32c4c64: 28 groups; 0.8 s; peak memory 1207 MiB.
2026-10-08T10:13:24Z INFO [327/900] 6daae7b4-26c0-4d19-895b-2ec54b07342a: 108 groups; 1.5 s; peak memory 1207 MiB.
2026-10-08T10:13:26Z INFO [328/900] 6dabf373-bfac-4e5d-8a72-30225bd9c5c1: 48 groups; 2.3 s; peak memory 1207 MiB.
2026-10-08T10:13:27Z INFO [329/900] 6dae09d7-0b0e-4ab7-a047-a7baba8ef732: 31 groups; 0.6 s; peak memory 1207 MiB.
2026-10-08T10:13:28Z INFO [330/900] 6dae3b4c-997c-4bed-b1b9-3e9c22d39a7d: 17 groups; 0.9 s; peak memory 1207 MiB.
2026-10-08T10:13:29Z INFO [331/900] 6daf2610-caff-4070-8633-1a76c62332ef: 33 groups; 1.2 s; peak memory 1207 MiB.
2026-10-08T10:13:30Z INFO [332/900] 6daf3952-1c3a-41c8-9114-d3c5010c81ed: 35 groups; 1.0 s; peak memory 1207 MiB.
2026-10-08T10:13:55Z INFO [333/900] 6db0e5c4-a2ec-460f-a491-5ffd53c7a047: 17 groups; 25.6 s; peak memory 1207 MiB.
2026-10-08T10:13:57Z INFO [334/900] 6db10c90-cf45-40cd-8cea-a63080839134: 32 groups; 1.1 s; peak memory 1207 MiB.
2026-10-08T10:14:07Z INFO [335/900] 6db1de18-8436-493b-8c8b-a5dd92c26e79: 320 groups; 10.3 s; peak memory 1207 MiB.
2026-10-08T10:14:08Z INFO [336/900] 6db262b8-f932-4a01-b90a-265ef1a4d5d5: 35 groups; 1.2 s; peak memory 1207 MiB.
2026-10-08T10:14:09Z INFO [337/900] 6db3bec5-6bdf-4f36-9194-085a41293227: 22 groups; 0.9 s; peak memory 1207 MiB.
2026-10-08T10:14:10Z INFO [338/900] 6db3d147-b286-4797-99a5-c5673434f5d0: 35 groups; 1.2 s; peak memory 1207 MiB.
2026-10-08T10:14:12Z INFO [339/900] 6db427c8-44e1-48a2-8b67-2ad97ac61dc6: 35 groups; 1.7 s; peak memory 1207 MiB.
2026-10-08T10:14:13Z INFO [340/900] 6db4b7fa-cfba-43b3-a483-ffb98dda7cac: 32 groups; 1.0 s; peak memory 1207 MiB.
2026-10-08T10:14:14Z INFO [341/900] 6db4c10c-89fb-45cb-8b50-479b6145fa0d: 22 groups; 0.9 s; peak memory 1207 MiB.
2026-10-08T10:14:20Z INFO [342/900] 6db63f51-6906-4b40-ba57-99c627ab368d: 17 groups; 5.7 s; peak memory 1207 MiB.
2026-10-08T10:14:21Z INFO [343/900] 6db6eb29-7ade-4104-98bf-5084a7f577ca: 29 groups; 1.0 s; peak memory 1207 MiB.
2026-10-08T10:14:21Z INFO [344/900] 6db78d31-5ff6-4b72-81d2-1171e816deb0: 29 groups; 0.5 s; peak memory 1207 MiB.
2026-10-08T10:14:23Z INFO [345/900] 6db7ecbd-2d5e-40f9-b32c-fa579acb9be3: 50 groups; 2.3 s; peak memory 1207 MiB.
2026-10-08T10:14:36Z INFO [346/900] 6db84e0e-23bf-49b3-a805-b632afde8b94: 96 groups; 12.6 s; peak memory 1207 MiB.
2026-10-08T10:14:37Z INFO [347/900] 6db94233-a37a-4756-b2a8-4e8e8f48ca4c: 32 groups; 0.9 s; peak memory 1207 MiB.
2026-10-08T10:14:38Z INFO [348/900] 6db9a959-0298-4d6a-8ac8-3149a967d958: 22 groups; 0.9 s; peak memory 1207 MiB.
2026-10-08T10:14:39Z INFO [349/900] 6dbab340-bf9a-45fd-a903-03bdab1bb4d0: 32 groups; 0.9 s; peak memory 1207 MiB.
2026-10-08T10:14:40Z INFO [350/900] 6dbab511-a76f-4b5c-8b1b-963d6466bdb3: 571 groups; 1.6 s; peak memory 1207 MiB.
2026-10-08T10:14:40Z INFO [350/900] 6dbab511-a76f-4b5c-8b1b-963d6466bdb3: checkpointed 99786 records.
2026-10-08T10:14:42Z INFO [351/900] 6dbabb4d-39b3-4256-a730-fc06a9a38b89: 35 groups; 1.5 s; peak memory 1207 MiB.
2026-10-08T10:14:43Z INFO [352/900] 6dbc4b3d-101c-4dca-8c0d-4a5d07830ac2: 32 groups; 1.0 s; peak memory 1207 MiB.
2026-10-08T10:14:44Z INFO [353/900] 6dbcc3ef-b77d-4f3c-919d-77fe4d0341b1: 22 groups; 0.9 s; peak memory 1207 MiB.
2026-10-08T10:14:45Z INFO [354/900] 6dbd0a61-d583-419b-967e-8a4751298618: 22 groups; 0.9 s; peak memory 1207 MiB.
2026-10-08T10:14:51Z INFO [355/900] 6dbd90be-2bcd-4052-abc1-448ae9048501: 222 groups; 6.5 s; peak memory 1207 MiB.
2026-10-08T10:15:06Z INFO [356/900] 6dbd9231-720e-4759-b1f4-0ad4a8f7d4a3: 96 groups; 14.9 s; peak memory 1207 MiB.
2026-10-08T10:15:13Z INFO [357/900] 6dbdac8e-2348-4b94-9079-29aaa3d13d9f: 221 groups; 6.5 s; peak memory 1207 MiB.
2026-10-08T10:15:13Z INFO [358/900] 6dbe30b8-443f-43be-939d-1671fd0c6a53: 28 groups; 0.7 s; peak memory 1207 MiB.
2026-10-08T10:15:15Z INFO [359/900] 6dbf0420-480c-4a09-b6d0-2adbb294db25: 202 groups; 1.5 s; peak memory 1207 MiB.
2026-10-08T10:15:18Z INFO [360/900] 6dbfdbad-6113-4f50-82e4-e0559f277457: 30 groups; 3.2 s; peak memory 1207 MiB.
2026-10-08T10:15:23Z INFO [361/900] 6dc02b6c-acef-4a39-b362-89a4843a1a4e: 85 groups; 5.4 s; peak memory 1207 MiB.
2026-10-08T10:15:24Z INFO [362/900] 6dc09359-b5d8-49ed-9269-e2a439442639: 21 groups; 1.0 s; peak memory 1207 MiB.
2026-10-08T10:15:25Z INFO [363/900] 6dc0bb2c-068f-4753-9119-6c87c2c127bb: 32 groups; 0.9 s; peak memory 1207 MiB.
2026-10-08T10:15:27Z INFO [364/900] 6dc0d98e-6152-4dbf-a378-eedf09be8e68: 61 groups; 2.2 s; peak memory 1207 MiB.
2026-10-08T10:15:28Z INFO [365/900] 6dc0ddbb-06c1-44e7-95fb-0eec72f134aa: 32 groups; 0.9 s; peak memory 1207 MiB.
2026-10-08T10:15:36Z INFO [366/900] 6dc16b0e-9c0d-4aa6-87cf-d719be77a270: 123 groups; 7.5 s; peak memory 1207 MiB.
2026-10-08T10:15:38Z INFO [367/900] 6dc23197-23ae-42b4-8bab-b3aef0710cb7: 48 groups; 2.1 s; peak memory 1207 MiB.
2026-10-08T10:15:40Z INFO [368/900] 6dc2848b-384d-4d43-a138-eec1749de26f: 48 groups; 1.8 s; peak memory 1207 MiB.
2026-10-08T10:15:41Z INFO [369/900] 6dc391dd-bc38-4d2f-ad22-23f078640a2f: 35 groups; 0.9 s; peak memory 1207 MiB.
2026-10-08T10:15:41Z INFO [370/900] 6dc4f003-9478-4d05-af71-52d597fbd285: 16 groups; 0.7 s; peak memory 1207 MiB.
2026-10-08T10:15:42Z INFO [371/900] 6dc5acb4-9e11-48e5-87fc-72e05fe509e1: 22 groups; 1.0 s; peak memory 1207 MiB.
2026-10-08T10:15:48Z INFO [372/900] 6dc618b6-7c88-4a93-bc4a-9144e1fba177: 154 groups; 6.0 s; peak memory 1207 MiB.
2026-10-08T10:16:11Z INFO [373/900] 6dc6e26a-c109-4d35-81cb-feffa4290371: 23 groups; 22.7 s; peak memory 1207 MiB.
2026-10-08T10:16:13Z INFO [374/900] 6dc7b77b-8a25-4140-a37b-bcbd08d5dade: 34 groups; 1.5 s; peak memory 1207 MiB.
2026-10-08T10:16:13Z INFO [375/900] 6dc801f7-21a2-4080-a8c7-f8d5c1ee4415: 22 groups; 0.9 s; peak memory 1207 MiB.
2026-10-08T10:16:14Z INFO [376/900] 6dc9296c-7344-4d27-a788-e9e8087a2884: 32 groups; 1.0 s; peak memory 1207 MiB.
2026-10-08T10:16:15Z INFO [377/900] 6dca4162-6818-4fb3-b127-7660ba459100: 32 groups; 0.9 s; peak memory 1207 MiB.
2026-10-08T10:16:34Z INFO [378/900] 6dca626c-0ba4-464b-ac74-afdab0183bb0: 222 groups; 19.0 s; peak memory 1207 MiB.
2026-10-08T10:16:40Z INFO [379/900] 6dca80f1-36ba-4127-8ad0-e07a927c5ca4: 66 groups; 5.8 s; peak memory 1207 MiB.
2026-10-08T10:16:41Z INFO [380/900] 6dcc1dbd-2d93-4357-8edd-ace337ee44e0: 18 groups; 0.8 s; peak memory 1207 MiB.
2026-10-08T10:16:42Z INFO [381/900] 6dcc77c4-e7b9-451d-86c3-9f3fb49d02e8: 16 groups; 0.7 s; peak memory 1207 MiB.
2026-10-08T10:16:46Z INFO [382/900] 6dccdcb2-bf41-4ce6-a56e-d745fc64784e: 17 groups; 4.2 s; peak memory 1207 MiB.
2026-10-08T10:16:47Z INFO [383/900] 6dceffb2-353a-4fc6-9e48-a4c7cf1fe9d6: 35 groups; 1.1 s; peak memory 1207 MiB.
2026-10-08T10:16:48Z INFO [384/900] 6dcf8f36-c7ae-4759-9ce2-b895312e2cab: 103 groups; 1.0 s; peak memory 1207 MiB.
2026-10-08T10:16:49Z INFO [385/900] 6dcfee55-dfd2-4253-892c-fcaba0c8f44d: 22 groups; 1.0 s; peak memory 1207 MiB.
2026-10-08T10:16:50Z INFO [386/900] 6dd00c45-1a99-49ef-9bc4-5323b0ce09bf: 201 groups; 1.1 s; peak memory 1207 MiB.
2026-10-08T10:16:51Z INFO [387/900] 6dd0a6f5-7b90-4979-ac3e-a3698df49c31: 22 groups; 0.9 s; peak memory 1207 MiB.
2026-10-08T10:16:52Z INFO [388/900] 6dd0ae71-00f0-478a-8501-d45f3d3189e0: 28 groups; 0.8 s; peak memory 1207 MiB.
2026-10-08T10:16:52Z INFO [389/900] 6dd1334d-29f2-401c-bc50-dad925a375d1: 18 groups; 0.6 s; peak memory 1207 MiB.
2026-10-08T10:16:53Z INFO [390/900] 6dd1d565-4da5-4055-bca4-ac6370bca0ea: 22 groups; 1.1 s; peak memory 1207 MiB.
2026-10-08T10:17:05Z INFO [391/900] 6dd22bb7-d50b-4a85-809b-2186e77c5863: 327 groups; 11.4 s; peak memory 1207 MiB.
2026-10-08T10:17:06Z INFO [392/900] 6dd3f95c-8761-4d60-9040-31d202c0f302: 337 groups; 1.8 s; peak memory 1207 MiB.
2026-10-08T10:17:08Z INFO [393/900] 6dd5613f-9347-4a9b-b9bf-e78c87268a9c: 201 groups; 1.2 s; peak memory 1207 MiB.
2026-10-08T10:17:09Z INFO [394/900] 6dd67acf-3448-467f-8d65-a9045d6c687e: 25 groups; 0.9 s; peak memory 1207 MiB.
2026-10-08T10:17:09Z INFO [395/900] 6dd6b514-fde7-40e2-bd38-42e6dad5cb88: 32 groups; 0.9 s; peak memory 1207 MiB.
2026-10-08T10:17:10Z INFO [396/900] 6dd72d91-ff44-4419-ae2f-588f9fd7f15b: 32 groups; 0.8 s; peak memory 1207 MiB.
2026-10-08T10:17:11Z INFO [397/900] 6dd77c98-1661-46ae-8eb5-173ea01334ce: 22 groups; 0.9 s; peak memory 1207 MiB.
2026-10-08T10:17:12Z INFO [398/900] 6dda1654-1d7a-44a1-9bbe-616159f55ef2: 35 groups; 1.1 s; peak memory 1207 MiB.
2026-10-08T10:17:13Z INFO [399/900] 6ddab64a-fbf9-4ae0-9709-21b08a842e18: 33 groups; 0.9 s; peak memory 1207 MiB.
2026-10-08T10:17:18Z INFO [400/900] 6ddbbfea-15b3-46a6-835d-c344e9210cec: 105 groups; 4.6 s; peak memory 1207 MiB.
2026-10-08T10:17:18Z INFO [400/900] 6ddbbfea-15b3-46a6-835d-c344e9210cec: checkpointed 99836 records.
2026-10-08T10:17:19Z INFO [401/900] 6ddbc816-2cb3-4b25-85db-1087f97740ac: 22 groups; 1.0 s; peak memory 1207 MiB.
2026-10-08T10:17:20Z INFO [402/900] 6ddbf3f5-248d-4790-963c-b85b2406edd4: 22 groups; 1.0 s; peak memory 1207 MiB.
2026-10-08T10:17:23Z INFO [403/900] 6ddc282d-51dd-4817-8cf1-4411f3684965: 195 groups; 2.5 s; peak memory 1207 MiB.
2026-10-08T10:17:23Z INFO [404/900] 6ddd4b02-c9c1-4e59-bd6f-a987f6c9c35c: 35 groups; 1.0 s; peak memory 1207 MiB.
2026-10-08T10:17:25Z INFO [405/900] 6ddd8408-b941-4ce2-9115-8790b0825111: 52 groups; 1.2 s; peak memory 1207 MiB.
2026-10-08T10:17:26Z INFO [406/900] 6dddec29-cc7e-44ae-9d7d-eda719daa3e4: 32 groups; 0.9 s; peak memory 1207 MiB.
2026-10-08T10:17:31Z INFO [407/900] 6dde60e7-2a9a-49f0-82a1-686df0cd3756: 67 groups; 5.3 s; peak memory 1207 MiB.
2026-10-08T10:17:37Z INFO [408/900] 6dde8618-6c06-4a00-b65e-e2898c7a6cc3: 68 groups; 6.0 s; peak memory 1207 MiB.
2026-10-08T10:17:38Z INFO [409/900] 6ddf4031-e05f-43c5-9f2b-a77fa970b2c5: 22 groups; 0.9 s; peak memory 1207 MiB.
2026-10-08T10:17:41Z INFO [410/900] 6ddfdbf8-c84e-4573-9733-0363481df408: 50 groups; 2.7 s; peak memory 1207 MiB.
2026-10-08T10:17:42Z INFO [411/900] 6ddfe7f1-5447-4345-a141-225361a5b9c2: 30 groups; 1.3 s; peak memory 1207 MiB.
2026-10-08T10:17:43Z INFO [412/900] 6de0a1e6-a005-4d57-8fd8-d3c4bab11a76: 193 groups; 0.8 s; peak memory 1207 MiB.
2026-10-08T10:17:43Z INFO [413/900] 6de0a9d3-1ad0-42fb-8748-3e571128330d: 31 groups; 0.6 s; peak memory 1207 MiB.
2026-10-08T10:17:44Z INFO [414/900] 6de21b79-3ec4-4efd-a81d-909b34ba0f5f: 28 groups; 0.7 s; peak memory 1207 MiB.
2026-10-08T10:17:53Z INFO [415/900] 6de25a0a-2e44-4e13-98b8-27a0e41881c7: 188 groups; 9.4 s; peak memory 1207 MiB.
2026-10-08T10:17:55Z INFO [416/900] 6de298a7-bd1e-4c9c-9c8b-c3b406adf5eb: 35 groups; 1.2 s; peak memory 1207 MiB.
2026-10-08T10:17:56Z INFO [417/900] 6de33402-eaf7-4adb-8545-49bafa1534b7: 22 groups; 1.0 s; peak memory 1207 MiB.
2026-10-08T10:18:00Z INFO [418/900] 6de42ed0-c180-4c7b-af1a-3f6dcd97690b: 171 groups; 4.8 s; peak memory 1207 MiB.
2026-10-08T10:18:01Z INFO [419/900] 6de4881a-4eaf-4d36-9060-d2874c3b9d88: 32 groups; 1.0 s; peak memory 1207 MiB.
2026-10-08T10:18:04Z INFO [420/900] 6de4948e-bcda-4f00-b535-67d1ba4d0dba: 54 groups; 2.7 s; peak memory 1207 MiB.
2026-10-08T10:18:05Z INFO [421/900] 6de4d3cf-8f27-4a92-9ef6-3d7a22fb6834: 32 groups; 1.0 s; peak memory 1207 MiB.
2026-10-08T10:18:08Z INFO [422/900] 6de54a95-93f7-49ea-95c2-6ff7f416646b: 56 groups; 2.7 s; peak memory 1207 MiB.
2026-10-08T10:18:09Z INFO [423/900] 6de55b97-37c7-4c79-b0b4-e4f85e15bfd3: 33 groups; 1.5 s; peak memory 1207 MiB.
2026-10-08T10:18:11Z INFO [424/900] 6de58f92-821e-4661-9654-5a8adc46716a: 48 groups; 1.6 s; peak memory 1207 MiB.
2026-10-08T10:18:13Z INFO [425/900] 6de5a0f1-c905-418a-82e3-a1a9c26c56af: 46 groups; 2.2 s; peak memory 1207 MiB.
2026-10-08T10:18:14Z INFO [426/900] 6de6731d-dd55-4f60-bddb-b7d5db5644d2: 28 groups; 1.1 s; peak memory 1207 MiB.
2026-10-08T10:18:15Z INFO [427/900] 6de6895b-8372-4507-83de-c345b3ebc223: 16 groups; 0.5 s; peak memory 1207 MiB.
2026-10-08T10:18:16Z INFO [428/900] 6de72c1a-bd64-4c79-a036-596186f7e9cb: 32 groups; 0.9 s; peak memory 1207 MiB.
2026-10-08T10:18:20Z INFO [429/900] 6de8b4ff-fa25-433b-87db-c2985696140b: 181 groups; 4.5 s; peak memory 1207 MiB.
2026-10-08T10:18:21Z INFO [430/900] 6de8e4e1-86b5-4023-b841-fc80c769330a: 24 groups; 0.8 s; peak memory 1207 MiB.
2026-10-08T10:18:22Z INFO [431/900] 6de8e5e3-c37e-4cac-ad96-a322edbdc62a: 32 groups; 0.9 s; peak memory 1207 MiB.
2026-10-08T10:18:23Z INFO [432/900] 6de968ea-ecfd-47db-9f54-5d322fe0c8a7: 22 groups; 1.1 s; peak memory 1207 MiB.
2026-10-08T10:18:23Z INFO [433/900] 6de9b6c2-f15b-41b5-961d-fec23ae6e8ab: 16 groups; 0.6 s; peak memory 1207 MiB.
2026-10-08T10:18:25Z INFO [434/900] 6dea059c-849b-4d2b-86fc-e64aaef157d3: 35 groups; 1.1 s; peak memory 1207 MiB.
2026-10-08T10:18:25Z INFO [435/900] 6dea9927-ac2b-40a9-8a57-c82ca33e3900: 32 groups; 0.8 s; peak memory 1207 MiB.
2026-10-08T10:18:27Z INFO [436/900] 6deb5916-f452-4144-ae1a-3d3f98ca3795: 17 groups; 1.9 s; peak memory 1207 MiB.
2026-10-08T10:18:29Z INFO [437/900] 6debb1fe-574e-42c4-9e33-5260b12ace30: 48 groups; 1.5 s; peak memory 1207 MiB.
2026-10-08T10:18:30Z INFO [438/900] 6dee9b89-50d9-4c7b-9e7b-721d0fa489c2: 35 groups; 1.2 s; peak memory 1207 MiB.
2026-10-08T10:18:31Z INFO [439/900] 6deefb9f-a856-4c7b-9c4a-0b9be7f5fcdb: 26 groups; 0.6 s; peak memory 1207 MiB.
2026-10-08T10:18:33Z INFO [440/900] 6def05ae-fc9f-4802-917f-90ce3df4bebd: 24 groups; 2.7 s; peak memory 1207 MiB.
2026-10-08T10:18:34Z INFO [441/900] 6defa041-b2c1-4165-9f75-249f89203553: 22 groups; 1.0 s; peak memory 1207 MiB.
2026-10-08T10:18:35Z INFO [442/900] 6df024e3-4068-4d8d-b765-a445a776085a: 42 groups; 1.1 s; peak memory 1207 MiB.
2026-10-08T10:18:36Z INFO [443/900] 6df042a2-6210-437f-a6a2-1222908d782d: 30 groups; 0.8 s; peak memory 1207 MiB.
2026-10-08T10:18:37Z INFO [444/900] 6df0cb61-0454-4fe2-8578-da7bca0923af: 32 groups; 1.0 s; peak memory 1207 MiB.
2026-10-08T10:18:38Z INFO [445/900] 6df0fc8f-70d8-470d-a9f1-f3c5e36420f5: 25 groups; 0.9 s; peak memory 1207 MiB.
2026-10-08T10:18:39Z INFO [446/900] 6df1d776-749b-44d5-a05a-b829bb474ea0: 99 groups; 0.9 s; peak memory 1207 MiB.
2026-10-08T10:18:40Z INFO [447/900] 6df22cee-24b3-4d52-b7d1-6ff9658147b4: 22 groups; 0.9 s; peak memory 1207 MiB.
2026-10-08T10:18:41Z INFO [448/900] 6df2bdf3-2ec6-413c-bbb1-f4efaaa70105: 31 groups; 0.7 s; peak memory 1207 MiB.
2026-10-08T10:18:43Z INFO [449/900] 6df31b85-6f80-429a-a68c-f29ca0a494e2: 56 groups; 2.5 s; peak memory 1207 MiB.
2026-10-08T10:18:44Z INFO [450/900] 6df45055-fb4b-47b4-a9e1-e16e45a44305: 22 groups; 0.9 s; peak memory 1207 MiB.
2026-10-08T10:18:44Z INFO [450/900] 6df45055-fb4b-47b4-a9e1-e16e45a44305: checkpointed 99886 records.
2026-10-08T10:18:54Z INFO [451/900] 6df4a332-df72-4f92-9579-086634f27618: 388 groups; 9.9 s; peak memory 1207 MiB.
2026-10-08T10:18:59Z INFO [452/900] 6df4e5e9-de71-4e5b-b6e3-86ba50a6c27a: 47 groups; 4.7 s; peak memory 1207 MiB.
2026-10-08T10:19:00Z INFO [453/900] 6df4f671-6fd9-488b-a3ca-7606e4720ea7: 22 groups; 1.1 s; peak memory 1207 MiB.
2026-10-08T10:19:00Z INFO [454/900] 6df55e0b-ac5c-4fc2-a0af-7699508b5734: 16 groups; 0.6 s; peak memory 1207 MiB.
2026-10-08T10:19:01Z INFO [455/900] 6df5d8f9-b99d-43bd-be88-20eb912328d6: 32 groups; 0.9 s; peak memory 1207 MiB.
2026-10-08T10:19:02Z INFO [456/900] 6df6607e-817d-46d1-91c0-0995d266af6d: 22 groups; 0.8 s; peak memory 1207 MiB.
2026-10-08T10:19:03Z INFO [457/900] 6df67087-6df4-4c1d-b971-56ddc3e7cebc: 16 groups; 0.6 s; peak memory 1207 MiB.
2026-10-08T10:19:04Z INFO [458/900] 6df6bf69-5ada-4cce-ae4f-dbb59aa37aac: 199 groups; 1.7 s; peak memory 1207 MiB.
2026-10-08T10:19:05Z INFO [459/900] 6df7a018-819c-4e60-b8ed-f4e25990f5c9: 27 groups; 0.6 s; peak memory 1207 MiB.
2026-10-08T10:19:06Z INFO [460/900] 6df802e8-0f9d-4fe4-ae14-33fdcf6bf989: 16 groups; 0.5 s; peak memory 1207 MiB.
2026-10-08T10:19:06Z INFO [461/900] 6df80327-dc75-445a-99f2-629c397eed8f: 26 groups; 0.8 s; peak memory 1207 MiB.
2026-10-08T10:19:08Z INFO [462/900] 6df835eb-3b74-4eef-a995-2add722e94ca: 27 groups; 1.7 s; peak memory 1207 MiB.
2026-10-08T10:19:09Z INFO [463/900] 6df912bc-1307-4031-8074-293bba9c2895: 35 groups; 1.1 s; peak memory 1207 MiB.
2026-10-08T10:19:10Z INFO [464/900] 6df9cbd5-00dd-471b-a363-f5516770832d: 22 groups; 1.0 s; peak memory 1207 MiB.
2026-10-08T10:19:12Z INFO [465/900] 6dfa8808-0832-4051-a105-cbf38eb6ce07: 42 groups; 1.6 s; peak memory 1207 MiB.
2026-10-08T10:19:13Z INFO [466/900] 6dfaa796-04d1-40d8-9ef8-4b689a9bb326: 22 groups; 1.0 s; peak memory 1207 MiB.
2026-10-08T10:19:22Z INFO [467/900] 6dfb0a36-e418-4eb1-b449-276bbb42bb11: 66 groups; 8.7 s; peak memory 1207 MiB.
2026-10-08T10:19:25Z INFO [468/900] 6dfcbaf7-36df-4fc1-b422-753cc8e65157: 115 groups; 3.3 s; peak memory 1207 MiB.
2026-10-08T10:19:27Z INFO [469/900] 6dfcc558-8f79-40b2-be3a-c378c8fdf038: 37 groups; 2.0 s; peak memory 1207 MiB.
2026-10-08T10:19:42Z INFO [470/900] 6dfcfbf1-873a-494f-8220-171f7a23fad1: 3463 groups; 15.1 s; peak memory 1207 MiB.
2026-10-08T10:19:43Z INFO [471/900] 6dfd1dba-aece-4bb4-9dcc-4f86d09b8317: 34 groups; 1.3 s; peak memory 1207 MiB.
2026-10-08T10:19:44Z INFO [472/900] 6dfd2c09-65b8-4919-9493-2dd793622792: 28 groups; 0.8 s; peak memory 1207 MiB.
2026-10-08T10:19:45Z INFO [473/900] 6dfddfb4-59bc-4d58-b0f0-a5d5707ed7f1: 22 groups; 0.9 s; peak memory 1207 MiB.
2026-10-08T10:19:47Z INFO [474/900] 6dfe264a-81dc-4b51-8b1e-0dac4c3c90da: 53 groups; 1.7 s; peak memory 1207 MiB.
2026-10-08T10:19:48Z INFO [475/900] 6e00ca57-0e7e-4495-b2c7-01ac53c976d9: 35 groups; 1.1 s; peak memory 1207 MiB.
2026-10-08T10:19:49Z INFO [476/900] 6e00e9fc-c677-41da-9f88-62dcffdf3c35: 25 groups; 0.9 s; peak memory 1207 MiB.
2026-10-08T10:19:50Z INFO [477/900] 6e019ffc-ba82-476d-a080-97c6f18b0739: 32 groups; 1.0 s; peak memory 1207 MiB.
2026-10-08T10:19:51Z INFO [478/900] 6e01ceaa-e497-46f4-a4f1-911e37eff09f: 203 groups; 1.5 s; peak memory 1207 MiB.
2026-10-08T10:19:58Z INFO [479/900] 6e026457-71da-4d42-8852-58ad326a270e: 179 groups; 6.4 s; peak memory 1207 MiB.
2026-10-08T10:20:00Z INFO [480/900] 6e02b3cf-c7e0-45f9-8720-d52e04cd8765: 341 groups; 2.3 s; peak memory 1207 MiB.
2026-10-08T10:20:01Z INFO [481/900] 6e02b508-757e-4152-ad85-07d09533f1d9: 35 groups; 1.1 s; peak memory 1207 MiB.
2026-10-08T10:20:24Z INFO [482/900] 6e02d56e-1816-4420-83ae-8d2a1af4d2c5: 23 groups; 22.6 s; peak memory 1207 MiB.
2026-10-08T10:20:26Z INFO [483/900] 6e02e4d6-3fc3-4c1f-8d5e-ff48a03ed08f: 17 groups; 2.0 s; peak memory 1207 MiB.
2026-10-08T10:20:26Z INFO [484/900] 6e0314a4-5394-4464-b761-1a9d65920e6c: 29 groups; 0.6 s; peak memory 1207 MiB.
2026-10-08T10:20:27Z INFO [485/900] 6e038afc-8ec9-4984-8895-072cc2dc6c41: 22 groups; 1.2 s; peak memory 1207 MiB.
2026-10-08T10:20:29Z INFO [486/900] 6e03b23d-71f3-41c2-b43a-c7d24730cfe0: 573 groups; 1.5 s; peak memory 1207 MiB.
2026-10-08T10:20:30Z INFO [487/900] 6e0427f3-eda7-4b6b-a386-2fe1a5ed30c1: 22 groups; 0.9 s; peak memory 1207 MiB.
2026-10-08T10:20:31Z INFO [488/900] 6e044645-9646-43cf-a83d-d947c74ff0a8: 22 groups; 0.9 s; peak memory 1207 MiB.
2026-10-08T10:20:32Z INFO [489/900] 6e047d09-48a6-49a7-b1f5-5a84e3873799: 32 groups; 0.8 s; peak memory 1207 MiB.
2026-10-08T10:20:34Z INFO [490/900] 6e06016c-fbba-42b9-93e3-48bf18000830: 48 groups; 2.0 s; peak memory 1207 MiB.
2026-10-08T10:20:36Z INFO [491/900] 6e06f8ca-be18-4de2-9ab7-c1dc594d7a2b: 54 groups; 2.2 s; peak memory 1207 MiB.
2026-10-08T10:20:37Z INFO [492/900] 6e07e623-be9f-415b-85e7-67336046bf42: 35 groups; 1.1 s; peak memory 1207 MiB.
2026-10-08T10:20:39Z INFO [493/900] 6e07f35a-01a0-4cc2-9abc-2fba9eecf115: 50 groups; 2.3 s; peak memory 1207 MiB.
2026-10-08T10:20:40Z INFO [494/900] 6e0855b4-704a-4518-969a-a9ddc80e1951: 16 groups; 0.7 s; peak memory 1207 MiB.
2026-10-08T10:20:42Z INFO [495/900] 6e09ceae-a882-4e5e-8d60-a72e4fd65f7c: 48 groups; 2.1 s; peak memory 1207 MiB.
2026-10-08T10:20:43Z INFO [496/900] 6e09cf6f-84e6-4ed8-a226-ce157bb232e3: 32 groups; 0.9 s; peak memory 1207 MiB.
2026-10-08T10:20:52Z INFO [497/900] 6e0a5c10-ff4a-4805-b82f-fdb007207111: 203 groups; 9.0 s; peak memory 1207 MiB.
2026-10-08T10:20:53Z INFO [498/900] 6e0a67de-8258-4314-98e8-998129b5b70f: 22 groups; 1.0 s; peak memory 1207 MiB.
2026-10-08T10:20:54Z INFO [499/900] 6e0ae9c4-2f81-494e-b37a-0b3bedc16a93: 22 groups; 1.0 s; peak memory 1207 MiB.
2026-10-08T10:21:38Z INFO [500/900] 6e0b1e1a-62e9-41ce-a6ee-da54754f598f: 27 groups; 44.2 s; peak memory 1207 MiB.
2026-10-08T10:21:38Z INFO [500/900] 6e0b1e1a-62e9-41ce-a6ee-da54754f598f: checkpointed 99936 records.
2026-10-08T10:21:41Z INFO [501/900] 6e0b93f1-1371-41a2-ba85-cc50b46fe4b1: 47 groups; 2.7 s; peak memory 1207 MiB.
2026-10-08T10:21:42Z INFO [502/900] 6e0b9844-dbf9-4615-aa53-a455d1cba2ed: 22 groups; 1.1 s; peak memory 1207 MiB.
2026-10-08T10:21:43Z INFO [503/900] 6e0c0c9c-ca53-4cb3-86c7-98e734186117: 32 groups; 1.0 s; peak memory 1207 MiB.
2026-10-08T10:21:44Z INFO [504/900] 6e0c9ffe-953e-482e-8200-724c034e3008: 33 groups; 0.9 s; peak memory 1207 MiB.
2026-10-08T10:22:08Z INFO [505/900] 6e0db060-c3ad-42b1-a0d8-53b5a8b80672: 23 groups; 24.8 s; peak memory 1207 MiB.
2026-10-08T10:22:09Z INFO [506/900] 6e0dc1d1-953f-4404-b8b5-03075262806d: 16 groups; 0.8 s; peak memory 1207 MiB.
2026-10-08T10:22:19Z INFO [507/900] 6e0f1032-9c0f-41ff-8f0a-6830c667ae25: 67 groups; 9.6 s; peak memory 1207 MiB.
2026-10-08T10:22:20Z INFO [508/900] 6e10247b-332d-45bb-a0f8-9a2ec66e6380: 32 groups; 1.0 s; peak memory 1207 MiB.
2026-10-08T10:22:21Z INFO [509/900] 6e107218-41be-42f8-b1fc-d6e90212cb1b: 22 groups; 1.0 s; peak memory 1207 MiB.
2026-10-08T10:22:38Z INFO [510/900] 6e10ed34-8dad-4ed9-8fc8-dc76c562d4df: 253 groups; 17.0 s; peak memory 1207 MiB.
2026-10-08T10:22:50Z INFO [511/900] 6e114319-7503-4b26-a4a5-7532015a8629: 265 groups; 11.7 s; peak memory 1207 MiB.
2026-10-08T10:22:51Z INFO [512/900] 6e118917-c51c-4ce7-aea3-c61718175d8b: 35 groups; 1.4 s; peak memory 1207 MiB.
2026-10-08T10:22:52Z INFO [513/900] 6e11eed2-540b-44ea-8a5b-ca1f844130a3: 32 groups; 1.1 s; peak memory 1207 MiB.
2026-10-08T10:22:53Z INFO [514/900] 6e124711-4da9-4998-b883-8af369fa2e3d: 32 groups; 0.9 s; peak memory 1207 MiB.
2026-10-08T10:22:54Z INFO [515/900] 6e15410a-3407-4161-a3b5-c6c0ddb78fab: 35 groups; 1.2 s; peak memory 1207 MiB.
2026-10-08T10:22:56Z INFO [516/900] 6e1605b3-def9-4f90-a47e-29c85173f778: 42 groups; 1.7 s; peak memory 1207 MiB.
2026-10-08T10:22:57Z INFO [517/900] 6e160c28-3871-49ac-af4d-3d16a1fa5135: 32 groups; 1.0 s; peak memory 1207 MiB.
2026-10-08T10:23:05Z INFO [518/900] 6e1654cb-4367-4c95-8554-78e43f0fa4d2: 49 groups; 7.7 s; peak memory 1207 MiB.
2026-10-08T10:23:18Z INFO [519/900] 6e16c82d-94ff-47c4-8e3f-64ca394982c0: 177 groups; 13.5 s; peak memory 1207 MiB.
2026-10-08T10:23:19Z INFO [520/900] 6e16e60d-26ee-46e1-af34-9ea3a7cd5b17: 16 groups; 0.6 s; peak memory 1207 MiB.
2026-10-08T10:23:20Z INFO [521/900] 6e173dd5-5976-482f-803e-94c64a98cc53: 22 groups; 1.1 s; peak memory 1207 MiB.
2026-10-08T10:23:25Z INFO [522/900] 6e173e8a-6b1b-4961-b58a-9315a62be5a0: 85 groups; 5.4 s; peak memory 1207 MiB.
2026-10-08T10:23:26Z INFO [523/900] 6e193824-e2e7-49ae-a5ff-eb92cc07da94: 197 groups; 1.1 s; peak memory 1207 MiB.
2026-10-08T10:23:27Z INFO [524/900] 6e194dbc-a52d-4bfa-b89f-2ff1b8d3f900: 22 groups; 0.9 s; peak memory 1207 MiB.
2026-10-08T10:23:29Z INFO [525/900] 6e198508-4bed-46d3-ac57-6f96d09e07b7: 48 groups; 1.9 s; peak memory 1207 MiB.
2026-10-08T10:23:31Z INFO [526/900] 6e1a62d0-7b84-4dd2-9bc7-df205824af0c: 48 groups; 2.2 s; peak memory 1207 MiB.
2026-10-08T10:23:32Z INFO [527/900] 6e1b3c93-123b-43f0-b591-3ead2bfb6cf1: 22 groups; 0.9 s; peak memory 1207 MiB.
2026-10-08T10:23:39Z INFO [528/900] 6e1b7a9c-3e02-49c7-8fcb-66c5cc3914ff: 120 groups; 7.0 s; peak memory 1207 MiB.
2026-10-08T10:23:40Z INFO [529/900] 6e1b98f1-e969-47fe-a633-ad02214bb5a4: 32 groups; 1.1 s; peak memory 1207 MiB.
2026-10-08T10:23:43Z INFO [530/900] 6e1bdc46-7d00-4b4b-a1f1-a2bc2a71f20b: 72 groups; 2.0 s; peak memory 1207 MiB.
2026-10-08T10:23:43Z INFO [531/900] 6e1cee76-dc69-469a-94bf-d187391e57f5: 32 groups; 0.9 s; peak memory 1207 MiB.
2026-10-08T10:23:44Z INFO [532/900] 6e1e0964-f747-4d4c-b9b4-1f851f9b0950: 32 groups; 1.0 s; peak memory 1207 MiB.
2026-10-08T10:23:45Z INFO [533/900] 6e1e5a1e-4141-47ab-ba74-d0e3128befc3: 32 groups; 1.0 s; peak memory 1207 MiB.
2026-10-08T10:23:46Z INFO [534/900] 6e1e9466-9561-447c-a640-a7350d4a90e1: 18 groups; 0.7 s; peak memory 1207 MiB.
2026-10-08T10:23:54Z INFO [535/900] 6e1e9469-6645-46eb-8335-ca0d77cad522: 276 groups; 8.3 s; peak memory 1207 MiB.
2026-10-08T10:23:55Z INFO [536/900] 6e1e970b-5aeb-490c-be25-9ce1d3dfd47d: 35 groups; 1.1 s; peak memory 1207 MiB.
2026-10-08T10:23:57Z INFO [537/900] 6e1ef096-0b99-4e84-8422-142f7ee4f5d0: 59 groups; 1.5 s; peak memory 1207 MiB.
2026-10-08T10:24:03Z INFO [538/900] 6e1f28bd-d001-4c14-a567-8fd9becbb787: 115 groups; 6.0 s; peak memory 1207 MiB.
2026-10-08T10:24:04Z INFO [539/900] 6e204a79-a44a-4477-b281-999a035aca71: 35 groups; 1.0 s; peak memory 1207 MiB.
2026-10-08T10:24:05Z INFO [540/900] 6e2164c6-d6e2-490f-ada7-8acdb40cca42: 35 groups; 1.1 s; peak memory 1207 MiB.
2026-10-08T10:24:06Z INFO [541/900] 6e22c9b2-ef00-48e8-af48-3fcebab844ae: 202 groups; 1.4 s; peak memory 1207 MiB.
2026-10-08T10:24:08Z INFO [542/900] 6e22cea5-e1b4-4a5d-ac08-0ce892874e6e: 341 groups; 1.9 s; peak memory 1207 MiB.
2026-10-08T10:24:09Z INFO [543/900] 6e239dad-5595-4e90-a9b4-5e77256fb91e: 32 groups; 0.8 s; peak memory 1207 MiB.
2026-10-08T10:24:11Z INFO [544/900] 6e244689-9568-4538-8793-79ecba477463: 29 groups; 1.4 s; peak memory 1207 MiB.
2026-10-08T10:24:11Z INFO [545/900] 6e24a3d5-e3a5-463c-9965-4d660b554a54: 22 groups; 0.6 s; peak memory 1207 MiB.
2026-10-08T10:24:12Z INFO [546/900] 6e254d91-6470-4509-b5e9-4829136474e2: 32 groups; 0.9 s; peak memory 1207 MiB.
2026-10-08T10:24:13Z INFO [547/900] 6e258656-cd2d-457c-9824-69a00685e3ad: 32 groups; 1.1 s; peak memory 1207 MiB.
2026-10-08T10:24:14Z INFO [548/900] 6e26e949-4e38-41ef-b93b-38883ac5a333: 22 groups; 0.8 s; peak memory 1207 MiB.
2026-10-08T10:24:15Z INFO [549/900] 6e2782ec-32d7-4e02-860c-be43b0aa54c8: 28 groups; 0.8 s; peak memory 1207 MiB.
2026-10-08T10:24:16Z INFO [550/900] 6e27ce22-afd5-48e0-885b-b0c2b03e64f0: 18 groups; 0.8 s; peak memory 1207 MiB.
2026-10-08T10:24:16Z INFO [550/900] 6e27ce22-afd5-48e0-885b-b0c2b03e64f0: checkpointed 99986 records.
2026-10-08T10:24:22Z INFO [551/900] 6e27e126-c486-47da-87fd-70f39afff679: 50 groups; 6.6 s; peak memory 1207 MiB.
2026-10-08T10:26:40Z INFO [552/900] 6e27e2ca-e05d-4195-8db6-24e639d17aba: 68 groups; 137.5 s; peak memory 1207 MiB.
2026-10-08T10:26:41Z INFO [553/900] 6e2847e8-95e5-4691-9297-f10a5153c591: 25 groups; 1.2 s; peak memory 1207 MiB.
2026-10-08T10:26:42Z INFO [554/900] 6e28ca48-9812-49a7-bde7-1bd9e133de5d: 42 groups; 1.1 s; peak memory 1207 MiB.
2026-10-08T10:26:43Z INFO [555/900] 6e295e08-ae44-464d-95b6-dde27db43c81: 22 groups; 0.9 s; peak memory 1207 MiB.
2026-10-08T10:26:50Z INFO [556/900] 6e2984b4-2a49-4edc-8845-a8174bfe82b3: 123 groups; 6.9 s; peak memory 1207 MiB.
2026-10-08T10:26:59Z INFO [557/900] 6e2a3444-e627-43d1-a521-a60e8e5eca98: 265 groups; 9.3 s; peak memory 1207 MiB.
2026-10-08T10:27:00Z INFO [558/900] 6e2a9bfd-38d7-4a9e-9b7c-f83c005e8f6f: 22 groups; 1.0 s; peak memory 1207 MiB.
2026-10-08T10:27:01Z INFO [559/900] 6e2b6352-6c19-4eea-9b8b-6377ae19af8a: 27 groups; 1.1 s; peak memory 1207 MiB.
2026-10-08T10:27:02Z INFO [560/900] 6e2b8588-989e-4eff-af7e-5330e5ccdaec: 25 groups; 1.0 s; peak memory 1207 MiB.
2026-10-08T10:27:03Z INFO [561/900] 6e2ba0be-0978-4e3a-a598-a00dbc4ab309: 32 groups; 0.8 s; peak memory 1207 MiB.
2026-10-08T10:27:05Z INFO [562/900] 6e2e1988-ee48-493c-a2e7-fa179113fda5: 17 groups; 1.9 s; peak memory 1207 MiB.
2026-10-08T10:27:06Z INFO [563/900] 6e2e4f83-163a-4821-8eb0-abfe8a8bd914: 22 groups; 1.0 s; peak memory 1207 MiB.
2026-10-08T10:27:07Z INFO [564/900] 6e2e98c2-08a7-47e3-83ca-6e0633f6fc25: 26 groups; 0.8 s; peak memory 1207 MiB.
2026-10-08T10:27:08Z INFO [565/900] 6e2edbc8-d8dd-44c9-8f72-faf139cc3d0e: 32 groups; 0.9 s; peak memory 1207 MiB.
2026-10-08T10:27:09Z INFO [566/900] 6e2eddf5-34a2-4203-ae1b-5bb4b5d5f1d4: 103 groups; 1.1 s; peak memory 1207 MiB.
2026-10-08T10:27:10Z INFO [567/900] 6e2f9fc6-e4d1-499c-b1b4-a646df3428dd: 22 groups; 0.8 s; peak memory 1207 MiB.
2026-10-08T10:27:21Z INFO [568/900] 6e3000d4-a892-46c0-9f51-98ee97a9f050: 219 groups; 11.3 s; peak memory 1207 MiB.
2026-10-08T10:27:22Z INFO [569/900] 6e309837-eaa5-4b85-917c-f22476f53f04: 22 groups; 0.9 s; peak memory 1207 MiB.
2026-10-08T10:27:23Z INFO [570/900] 6e30a9bb-e287-4311-982d-c39a1277e553: 22 groups; 0.9 s; peak memory 1207 MiB.
2026-10-08T10:27:24Z INFO [571/900] 6e31571a-43f9-4fc9-bf95-81a4e0827018: 253 groups; 0.8 s; peak memory 1207 MiB.
2026-10-08T10:27:25Z INFO [572/900] 6e31a991-5938-4f5f-9d27-dcb2b64184fb: 31 groups; 0.8 s; peak memory 1207 MiB.
2026-10-08T10:27:26Z INFO [573/900] 6e3238b2-fcb4-43ad-ac78-abcdc816dd75: 22 groups; 0.9 s; peak memory 1207 MiB.
2026-10-08T10:27:33Z INFO [574/900] 6e347025-b5f2-444b-832d-6ef6407e3633: 17 groups; 7.1 s; peak memory 1207 MiB.
2026-10-08T10:27:35Z INFO [575/900] 6e3676ea-f8f4-4f99-85f1-9f3ee4def8d3: 207 groups; 2.3 s; peak memory 1207 MiB.
2026-10-08T10:27:47Z INFO [576/900] 6e3746ec-0572-4d4a-837c-fb57fb126b45: 1182 groups; 12.2 s; peak memory 1207 MiB.
2026-10-08T10:27:48Z INFO [577/900] 6e38f312-9b0b-4b57-a67a-5eb932f41e8a: 35 groups; 1.3 s; peak memory 1207 MiB.
2026-10-08T10:27:49Z INFO [578/900] 6e392abf-4eb1-4fe8-88f4-0abccd7a4f45: 52 groups; 1.1 s; peak memory 1207 MiB.
2026-10-08T10:27:51Z INFO [579/900] 6e393187-f077-44c0-bc62-0156835159d1: 252 groups; 1.1 s; peak memory 1207 MiB.
2026-10-08T10:27:52Z INFO [580/900] 6e3a72c3-1ca4-4620-a612-2ded891d60df: 32 groups; 1.1 s; peak memory 1207 MiB.
2026-10-08T10:27:54Z INFO [581/900] 6e3a8894-7d46-4da1-88da-3c15546d9c7f: 64 groups; 2.0 s; peak memory 1207 MiB.
2026-10-08T10:27:55Z INFO [582/900] 6e3aa6fb-6ed1-4fc5-9256-c610f0f5424b: 35 groups; 1.2 s; peak memory 1207 MiB.
2026-10-08T10:27:56Z INFO [583/900] 6e3b5f04-cf74-4e1b-ad43-b498b110fc42: 22 groups; 1.0 s; peak memory 1207 MiB.
2026-10-08T10:27:57Z INFO [584/900] 6e3cd1fb-cf7e-4d81-90bd-cf16da12e9b8: 22 groups; 1.1 s; peak memory 1207 MiB.
2026-10-08T10:27:58Z INFO [585/900] 6e3d8e91-c88f-4c3a-bbdf-e86ba615c895: 32 groups; 1.0 s; peak memory 1207 MiB.
2026-10-08T10:27:58Z INFO [586/900] 6e3ea8ee-6b62-4c1e-a6da-26daaba606a8: 31 groups; 0.5 s; peak memory 1207 MiB.
2026-10-08T10:27:59Z INFO [587/900] 6e3f30f4-1a91-40dc-b8b4-89fae927f756: 32 groups; 0.9 s; peak memory 1207 MiB.
2026-10-08T10:28:00Z INFO [588/900] 6e3fb83a-9872-4d68-8102-f3ca2530cf36: 22 groups; 0.9 s; peak memory 1207 MiB.
2026-10-08T10:28:01Z INFO [589/900] 6e406b06-2e3b-4b21-a15d-bb1206783567: 35 groups; 1.2 s; peak memory 1207 MiB.
2026-10-08T10:28:09Z INFO [590/900] 6e416dba-547e-406a-b272-548195ebe710: 300 groups; 7.7 s; peak memory 1207 MiB.
2026-10-08T10:28:10Z INFO [591/900] 6e419b3d-26b0-47e9-a92c-260e6d3a64f2: 22 groups; 1.0 s; peak memory 1207 MiB.
2026-10-08T10:28:11Z INFO [592/900] 6e419d7a-2e80-4963-95c9-8a26cb9dd7ed: 32 groups; 0.9 s; peak memory 1207 MiB.
2026-10-08T10:28:12Z INFO [593/900] 6e41eebd-3ba4-4b54-8ba4-6324c93a766e: 32 groups; 0.8 s; peak memory 1207 MiB.
2026-10-08T10:28:13Z INFO [594/900] 6e4204e1-7c3c-47f7-95c8-a5942d825703: 22 groups; 1.0 s; peak memory 1207 MiB.
2026-10-08T10:28:14Z INFO [595/900] 6e422170-0d54-41c2-bccb-595f9cb5b07f: 22 groups; 0.8 s; peak memory 1207 MiB.
2026-10-08T10:28:18Z INFO [596/900] 6e4244f0-8580-4bdb-8d5a-0018b2872aa5: 181 groups; 4.3 s; peak memory 1207 MiB.
2026-10-08T10:28:18Z INFO [597/900] 6e426555-839b-4cab-81b8-c5abbc57dbf0: 22 groups; 0.6 s; peak memory 1207 MiB.
2026-10-08T10:28:20Z INFO [598/900] 6e43e306-6041-4ff9-ab9e-c7be6a650dbd: 29 groups; 1.9 s; peak memory 1207 MiB.
2026-10-08T10:28:21Z INFO [599/900] 6e448071-921d-4d9c-9fcd-9823c14fe0e0: 25 groups; 1.0 s; peak memory 1207 MiB.
2026-10-08T10:28:23Z INFO [600/900] 6e44f9fa-99d8-4ff7-9a03-b7cd6aaeb598: 34 groups; 1.4 s; peak memory 1207 MiB.
2026-10-08T10:28:23Z INFO [600/900] 6e44f9fa-99d8-4ff7-9a03-b7cd6aaeb598: checkpointed 100036 records.
2026-10-08T10:28:24Z INFO [601/900] 6e450447-bb19-4aaa-8e37-ed5ffc9367c1: 22 groups; 0.8 s; peak memory 1207 MiB.
2026-10-08T10:28:24Z INFO [602/900] 6e456c20-4a94-4672-bb03-d7ad1f2b271f: 16 groups; 0.6 s; peak memory 1207 MiB.
2026-10-08T10:28:25Z INFO [603/900] 6e470092-13ed-4186-a6bb-31260983a539: 33 groups; 0.9 s; peak memory 1207 MiB.
2026-10-08T10:28:33Z INFO [604/900] 6e47f732-90d0-4389-8dd7-523224381300: 76 groups; 7.6 s; peak memory 1207 MiB.
2026-10-08T10:28:35Z INFO [605/900] 6e4924cd-7e9c-4adf-846f-387b3ac2146a: 48 groups; 1.9 s; peak memory 1207 MiB.
2026-10-08T10:29:09Z INFO [606/900] 6e497ae4-26a7-49ad-b8ec-ddd1750f05b5: 27 groups; 34.4 s; peak memory 1207 MiB.
2026-10-08T10:29:10Z INFO [607/900] 6e49c0a1-9b7b-46b9-acf7-1556aa709bdd: 31 groups; 0.8 s; peak memory 1207 MiB.
2026-10-08T10:29:11Z INFO [608/900] 6e4ab86b-7074-4d20-aa09-dab43da32c6d: 32 groups; 1.0 s; peak memory 1207 MiB.
2026-10-08T10:29:12Z INFO [609/900] 6e4ad0ce-3ec1-4605-8dee-ac48d6c5e3e7: 22 groups; 1.0 s; peak memory 1207 MiB.
2026-10-08T10:29:14Z INFO [610/900] 6e4ae8ed-00f6-4356-b4ce-f8a7c5471b9f: 48 groups; 2.1 s; peak memory 1207 MiB.
2026-10-08T10:29:15Z INFO [611/900] 6e4af69b-a474-4d36-868f-bea3bfd8a82a: 31 groups; 0.9 s; peak memory 1207 MiB.
2026-10-08T10:29:17Z INFO [612/900] 6e4bcc7d-6ca4-488b-bf0d-3a4cb2e91dfe: 31 groups; 1.8 s; peak memory 1207 MiB.
2026-10-08T10:29:18Z INFO [613/900] 6e4c8c68-edf2-4fdd-a5c6-902f5e5e30d8: 197 groups; 1.5 s; peak memory 1207 MiB.
2026-10-08T10:29:19Z INFO [614/900] 6e4cbadf-9508-4e36-8c56-3b67b5e1457b: 32 groups; 0.9 s; peak memory 1207 MiB.
2026-10-08T10:29:20Z INFO [615/900] 6e4d8621-b826-4221-b181-cb3d1e4ae4ef: 253 groups; 1.3 s; peak memory 1207 MiB.
2026-10-08T10:29:21Z INFO [616/900] 6e4dc338-8963-47e6-a74b-11d110f22a0b: 25 groups; 0.9 s; peak memory 1207 MiB.
2026-10-08T10:29:22Z INFO [617/900] 6e4e3c14-1d11-4e9d-b65d-e19a6a7f0901: 22 groups; 1.1 s; peak memory 1207 MiB.
2026-10-08T10:29:24Z INFO [618/900] 6e4f1911-27b2-4529-bc79-92ab26196f48: 48 groups; 2.0 s; peak memory 1207 MiB.
2026-10-08T10:29:25Z INFO [619/900] 6e4fdcbd-9933-4b17-be2b-b6cd833f584d: 32 groups; 0.9 s; peak memory 1207 MiB.
2026-10-08T10:29:27Z INFO [620/900] 6e511617-d316-4418-8fa4-670aeb26735b: 48 groups; 2.1 s; peak memory 1207 MiB.
2026-10-08T10:29:28Z INFO [621/900] 6e51a07d-7cef-4033-bf84-47d4caacfe2d: 22 groups; 0.9 s; peak memory 1207 MiB.
2026-10-08T10:29:30Z INFO [622/900] 6e520257-a717-4ff8-9fcc-120131fb5cf8: 35 groups; 1.3 s; peak memory 1207 MiB.
2026-10-08T10:29:31Z INFO [623/900] 6e52bf86-e002-46b0-a507-d9ff1f20ec88: 22 groups; 1.1 s; peak memory 1207 MiB.
2026-10-08T10:29:41Z INFO [624/900] 6e52e5e6-aadb-455f-8056-ff196d617d9d: 210 groups; 10.0 s; peak memory 1207 MiB.
2026-10-08T10:29:42Z INFO [625/900] 6e532953-90d1-403a-bc4f-693bae4584a0: 25 groups; 1.0 s; peak memory 1207 MiB.
2026-10-08T10:29:43Z INFO [626/900] 6e5330ff-17d3-4e87-8343-28ad615d7a61: 201 groups; 1.5 s; peak memory 1207 MiB.
2026-10-08T10:29:45Z INFO [627/900] 6e534e75-367e-46f0-9e2c-328ea1596b12: 48 groups; 2.2 s; peak memory 1207 MiB.
2026-10-08T10:29:46Z INFO [628/900] 6e539fd3-debe-4154-895d-0fdca9faaf76: 32 groups; 1.1 s; peak memory 1207 MiB.
2026-10-08T10:29:47Z INFO [629/900] 6e53b7a7-1b53-402e-9cef-4b2a5c55b70a: 16 groups; 0.7 s; peak memory 1207 MiB.
2026-10-08T10:29:48Z INFO [630/900] 6e543ad7-e5cb-4b43-a1ff-e03b610ec337: 22 groups; 1.0 s; peak memory 1207 MiB.
2026-10-08T10:29:49Z INFO [631/900] 6e556421-10a3-4531-9c30-c6e44d23ae07: 16 groups; 0.6 s; peak memory 1207 MiB.
2026-10-08T10:29:50Z INFO [632/900] 6e558434-fb3e-45d5-82c5-2a5309226e2f: 22 groups; 0.9 s; peak memory 1207 MiB.
2026-10-08T10:29:51Z INFO [633/900] 6e576473-a805-4b63-a523-c254716a4be6: 22 groups; 1.3 s; peak memory 1207 MiB.
2026-10-08T10:29:52Z INFO [634/900] 6e57a628-1ba9-48ff-89a6-731362c10b68: 35 groups; 1.4 s; peak memory 1207 MiB.
2026-10-08T10:29:53Z INFO [635/900] 6e5804c4-1ba0-40a8-9fe0-a8b8afbe6680: 196 groups; 1.0 s; peak memory 1207 MiB.
2026-10-08T10:29:59Z INFO [636/900] 6e5873bc-bfc3-41da-94e6-9968aeec4ceb: 47 groups; 6.0 s; peak memory 1207 MiB.
2026-10-08T10:30:01Z INFO [637/900] 6e58d8fb-1a3e-4335-b079-9a07af662cfb: 36 groups; 1.3 s; peak memory 1207 MiB.
2026-10-08T10:30:02Z INFO [638/900] 6e59ca48-5ba1-4eec-9633-9cfed907e265: 22 groups; 1.1 s; peak memory 1207 MiB.
2026-10-08T10:30:06Z INFO [639/900] 6e5a3b81-1664-4ef8-92cc-8aa350061e32: 78 groups; 4.2 s; peak memory 1207 MiB.
2026-10-08T10:30:07Z INFO [640/900] 6e5a3d4f-1dbd-4ec1-b36a-b4b33847bb2a: 35 groups; 1.3 s; peak memory 1207 MiB.
2026-10-08T10:30:18Z INFO [641/900] 6e5a9f9c-c098-4ac6-8c18-317cd4bed134: 209 groups; 10.5 s; peak memory 1207 MiB.
2026-10-08T10:30:19Z INFO [642/900] 6e5adfb2-d992-4b8b-a977-761d5b287da1: 253 groups; 1.2 s; peak memory 1207 MiB.
2026-10-08T10:30:25Z INFO [643/900] 6e5ae26b-850d-4edb-88be-9971812494cd: 85 groups; 6.0 s; peak memory 1207 MiB.
2026-10-08T10:30:26Z INFO [644/900] 6e5b802e-ebb9-4a2d-8160-64e60d8909e6: 203 groups; 1.3 s; peak memory 1207 MiB.
2026-10-08T10:30:36Z INFO [645/900] 6e5ef164-0ed2-44f9-8c39-9e28df72cdcc: 249 groups; 9.7 s; peak memory 1207 MiB.
2026-10-08T10:30:37Z INFO [646/900] 6e5f5fe1-8453-4299-be7e-7697b32af4c5: 22 groups; 1.0 s; peak memory 1207 MiB.
2026-10-08T10:30:38Z INFO [647/900] 6e5fb396-e3c8-490f-a045-269a42625368: 22 groups; 1.0 s; peak memory 1207 MiB.
2026-10-08T10:30:40Z INFO [648/900] 6e601574-05ce-42fa-9ef6-1ed109ff59bb: 72 groups; 2.5 s; peak memory 1207 MiB.
2026-10-08T10:30:42Z INFO [649/900] 6e601af7-8e72-4dc4-9bb8-2c16beb493fa: 22 groups; 1.1 s; peak memory 1207 MiB.
2026-10-08T10:30:43Z INFO [650/900] 6e60a69f-dc76-40e5-bf08-c9e793d1c5df: 22 groups; 1.1 s; peak memory 1207 MiB.
2026-10-08T10:30:43Z INFO [650/900] 6e60a69f-dc76-40e5-bf08-c9e793d1c5df: checkpointed 100086 records.
2026-10-08T10:30:43Z INFO [651/900] 6e60a822-a173-4b9d-95a1-7ab9b683ce6f: 16 groups; 0.7 s; peak memory 1207 MiB.
2026-10-08T10:30:49Z INFO [652/900] 6e623146-0a1d-4718-8c87-ed26f7b7905f: 47 groups; 5.9 s; peak memory 1207 MiB.
2026-10-08T10:30:51Z INFO [653/900] 6e627f51-56bd-4679-9c1f-509f3cf00790: 35 groups; 1.2 s; peak memory 1207 MiB.
2026-10-08T10:30:52Z INFO [654/900] 6e634a0b-811b-44be-8857-715b0039af40: 35 groups; 1.0 s; peak memory 1207 MiB.
2026-10-08T10:30:52Z INFO [655/900] 6e639767-1329-48b7-8343-10cc8651704b: 16 groups; 0.7 s; peak memory 1207 MiB.
2026-10-08T10:30:53Z INFO [656/900] 6e63b3a3-ad0f-40f5-b54e-b0b80d50e504: 22 groups; 1.1 s; peak memory 1207 MiB.
2026-10-08T10:30:54Z INFO [657/900] 6e66d293-5a87-4b92-8233-ef54f0034fef: 24 groups; 0.9 s; peak memory 1207 MiB.
2026-10-08T10:30:55Z INFO [658/900] 6e672ba7-9207-47d0-84ef-60b48322e54c: 30 groups; 0.5 s; peak memory 1207 MiB.
2026-10-08T10:31:02Z INFO [659/900] 6e6825fe-a41d-4ba0-b000-5afa5ef1ef98: 50 groups; 7.6 s; peak memory 1207 MiB.
2026-10-08T10:31:03Z INFO [660/900] 6e68ebb7-edb9-485d-a373-e41448bd79c6: 35 groups; 1.1 s; peak memory 1207 MiB.
2026-10-08T10:31:05Z INFO [661/900] 6e69ab9c-c8e0-40c1-bc84-1e5cdbb662a1: 200 groups; 1.5 s; peak memory 1207 MiB.
2026-10-08T10:31:14Z INFO [662/900] 6e6a3081-5c95-457a-a921-5a10612d2a8d: 231 groups; 8.8 s; peak memory 1207 MiB.
2026-10-08T10:31:15Z INFO [663/900] 6e6a62d4-017b-4efb-9055-bfd5346744fb: 22 groups; 1.0 s; peak memory 1207 MiB.
2026-10-08T10:31:17Z INFO [664/900] 6e6a9933-309a-40a2-ad2b-45858dfa7086: 336 groups; 1.9 s; peak memory 1207 MiB.
2026-10-08T10:31:17Z INFO [665/900] 6e6bfa80-6673-4b8b-9ec7-7180ccf0f1f7: 17 groups; 0.7 s; peak memory 1207 MiB.
2026-10-08T10:31:18Z INFO [666/900] 6e6c73ac-ec95-472e-987b-dbe2d575a80f: 32 groups; 1.1 s; peak memory 1207 MiB.
2026-10-08T10:31:19Z INFO [667/900] 6e6c849b-98f3-46a7-905a-02305e469dfc: 35 groups; 1.2 s; peak memory 1207 MiB.
2026-10-08T10:31:22Z INFO [668/900] 6e6c8c12-52f1-414a-b92e-c1c5becf7556: 48 groups; 2.1 s; peak memory 1207 MiB.
2026-10-08T10:31:24Z INFO [669/900] 6e6c9ece-4c49-4c71-a4da-caac21ae9f1a: 206 groups; 2.2 s; peak memory 1207 MiB.
2026-10-08T10:31:25Z INFO [670/900] 6e6d139b-0ac4-46c1-a722-d7e26d21461a: 32 groups; 0.9 s; peak memory 1207 MiB.
2026-10-08T10:31:37Z INFO [671/900] 6e6eaa16-f435-4a07-873c-b662ed77d6eb: 55 groups; 12.4 s; peak memory 1207 MiB.
2026-10-08T10:31:38Z INFO [672/900] 6e6f2dad-43ed-4adb-9a6b-830bd2cce2df: 30 groups; 0.8 s; peak memory 1207 MiB.
2026-10-08T10:31:40Z INFO [673/900] 6e703269-576b-4931-828b-582654906581: 48 groups; 2.6 s; peak memory 1207 MiB.
2026-10-08T10:31:41Z INFO [674/900] 6e71108c-3807-4388-b9b6-4af9aca17540: 16 groups; 0.8 s; peak memory 1207 MiB.
2026-10-08T10:31:42Z INFO [675/900] 6e7206bf-9623-461d-91b7-3646864e50c1: 22 groups; 1.2 s; peak memory 1207 MiB.
2026-10-08T10:31:44Z INFO [676/900] 6e728e87-1a2a-4eef-a085-9f546255f414: 35 groups; 1.3 s; peak memory 1207 MiB.
2026-10-08T10:31:44Z INFO [677/900] 6e729aff-e02c-41e7-8fe7-41e3434d574a: 18 groups; 0.6 s; peak memory 1207 MiB.
2026-10-08T10:31:45Z INFO [678/900] 6e72af83-1e86-4dcc-bf78-b3ff7cf9f6d1: 33 groups; 1.1 s; peak memory 1207 MiB.
2026-10-08T10:31:46Z INFO [679/900] 6e72d031-e396-4624-b380-4d1bb5a4e16a: 26 groups; 0.6 s; peak memory 1207 MiB.
2026-10-08T10:31:47Z INFO [680/900] 6e7368bf-354e-4c5c-89a7-2a1efd949acf: 22 groups; 1.1 s; peak memory 1207 MiB.
2026-10-08T10:31:48Z INFO [681/900] 6e768e23-c702-4edc-8fc5-39b50d0a859a: 35 groups; 1.2 s; peak memory 1207 MiB.
2026-10-08T10:31:51Z INFO [682/900] 6e76e9a6-4b56-40a8-93cb-6b03600a8576: 43 groups; 2.3 s; peak memory 1207 MiB.
2026-10-08T10:31:54Z INFO [683/900] 6e77c77f-63a1-4d72-8115-c3e29625c844: 34 groups; 3.1 s; peak memory 1207 MiB.
2026-10-08T10:31:56Z INFO [684/900] 6e77d731-9009-47be-9e7b-161a630fe775: 54 groups; 2.3 s; peak memory 1207 MiB.
2026-10-08T10:31:57Z INFO [685/900] 6e784428-5889-4f9c-9bf8-3af0be26b3ba: 32 groups; 1.0 s; peak memory 1207 MiB.
2026-10-08T10:31:58Z INFO [686/900] 6e79d432-b745-47e4-874c-de858dfd3b7d: 22 groups; 1.1 s; peak memory 1207 MiB.
2026-10-08T10:32:09Z INFO [687/900] 6e79f378-5c75-4fc2-81e9-20b274865446: 207 groups; 10.7 s; peak memory 1207 MiB.
2026-10-08T10:32:11Z INFO [688/900] 6e7a0e7e-fdf8-4f8c-ad21-7e3a9d35f476: 17 groups; 2.0 s; peak memory 1207 MiB.
2026-10-08T10:32:12Z INFO [689/900] 6e7a28c0-75ae-44e7-b20d-4723b0a116b8: 35 groups; 1.1 s; peak memory 1207 MiB.
2026-10-08T10:32:13Z INFO [690/900] 6e7a37e1-1167-4335-b905-ecdb03bfea50: 32 groups; 0.9 s; peak memory 1207 MiB.
2026-10-08T10:32:20Z INFO [691/900] 6e7aa9c8-aafa-466c-b1b6-3c1e2932d941: 97 groups; 6.6 s; peak memory 1207 MiB.
2026-10-08T10:32:21Z INFO [692/900] 6e7b15bb-5e90-464f-a3ac-72b18532e5c1: 22 groups; 1.2 s; peak memory 1207 MiB.
2026-10-08T10:32:22Z INFO [693/900] 6e7bb12c-e9d8-4b6e-ac0b-74ce3423ef15: 16 groups; 0.8 s; peak memory 1207 MiB.
2026-10-08T10:32:22Z INFO [694/900] 6e7bd812-1273-4a99-b4c8-0a3a99642df9: 22 groups; 0.9 s; peak memory 1207 MiB.
2026-10-08T10:32:23Z INFO [695/900] 6e7c5525-8832-4db4-af3f-e0650b788119: 194 groups; 1.0 s; peak memory 1207 MiB.
2026-10-08T10:32:25Z INFO [696/900] 6e7d2097-7890-442d-a57b-3334a79ca075: 35 groups; 1.9 s; peak memory 1207 MiB.
2026-10-08T10:32:27Z INFO [697/900] 6e7d6d20-3b66-4ed7-8643-52fbbd336693: 337 groups; 1.5 s; peak memory 1207 MiB.
2026-10-08T10:32:28Z INFO [698/900] 6e7dda69-3b39-42d3-8c2a-6a7da142f1e7: 22 groups; 0.9 s; peak memory 1207 MiB.
2026-10-08T10:32:30Z INFO [699/900] 6e7dfa64-1fc0-42da-9a3c-5208f83f06bc: 50 groups; 2.6 s; peak memory 1207 MiB.
2026-10-08T10:32:31Z INFO [700/900] 6e7dfd7a-b09a-462b-a742-1c242ae00758: 22 groups; 1.0 s; peak memory 1207 MiB.
2026-10-08T10:32:31Z INFO [700/900] 6e7dfd7a-b09a-462b-a742-1c242ae00758: checkpointed 100136 records.
2026-10-08T10:32:34Z INFO [701/900] 6e7e4a7c-ab83-4f72-ae30-b5a8d2fa1672: 48 groups; 2.7 s; peak memory 1207 MiB.
2026-10-08T10:32:35Z INFO [702/900] 6e7e8264-1e12-47a8-828f-89a956b2aec6: 29 groups; 1.1 s; peak memory 1207 MiB.
2026-10-08T10:32:44Z INFO [703/900] 6e7eb166-d60c-4642-a976-1c10ac46ec02: 322 groups; 8.9 s; peak memory 1207 MiB.
2026-10-08T10:32:45Z INFO [704/900] 6e7f1b8a-e109-4780-9aef-2c842f5c7ead: 32 groups; 1.1 s; peak memory 1207 MiB.
2026-10-08T10:32:46Z INFO [705/900] 6e7ff9d2-747a-4b93-ad9f-efb75bbd8411: 27 groups; 1.2 s; peak memory 1207 MiB.
2026-10-08T10:32:54Z INFO [706/900] 6e804c4c-3d1d-412e-9441-a610ec52c7c3: 36 groups; 8.0 s; peak memory 1207 MiB.
2026-10-08T10:32:55Z INFO [707/900] 6e80b17d-8791-468a-a663-f2d394d7e35a: 30 groups; 0.9 s; peak memory 1207 MiB.
2026-10-08T10:32:57Z INFO [708/900] 6e812fc0-5c28-4ab7-9603-62f2d1d223a7: 35 groups; 1.1 s; peak memory 1207 MiB.
2026-10-08T10:32:58Z INFO [709/900] 6e816197-403d-4886-a1fa-e21a8f0f06a1: 22 groups; 1.1 s; peak memory 1207 MiB.
2026-10-08T10:32:59Z INFO [710/900] 6e81bb34-0e38-4d74-8c80-fb042f09e801: 22 groups; 1.0 s; peak memory 1207 MiB.
2026-10-08T10:33:00Z INFO [711/900] 6e81f946-f196-41dd-9119-9062076dd65b: 22 groups; 1.1 s; peak memory 1207 MiB.
2026-10-08T10:33:09Z INFO [712/900] 6e81faee-2c00-4394-bf52-9a0b05793422: 455 groups; 9.0 s; peak memory 1207 MiB.
2026-10-08T10:33:10Z INFO [713/900] 6e82876d-acd2-4cd1-ae77-665a8816ddae: 32 groups; 1.0 s; peak memory 1207 MiB.
2026-10-08T10:33:12Z INFO [714/900] 6e834cb1-c0bc-4cf2-9c6f-a362ff4c45d7: 71 groups; 2.4 s; peak memory 1207 MiB.
2026-10-08T10:33:19Z INFO [715/900] 6e838508-da92-4d48-b318-6bf0d2746596: 266 groups; 7.1 s; peak memory 1207 MiB.
2026-10-08T10:33:22Z INFO [716/900] 6e83c8d9-4c2b-4c70-87e7-57cb810d3a71: 57 groups; 3.1 s; peak memory 1207 MiB.
2026-10-08T10:33:23Z INFO [717/900] 6e8434ad-c86f-48be-8e3b-6242a0883118: 22 groups; 1.0 s; peak memory 1207 MiB.
2026-10-08T10:33:26Z INFO [718/900] 6e8434cf-f96c-4b81-939c-e311c699f4dd: 17 groups; 2.4 s; peak memory 1207 MiB.
2026-10-08T10:33:27Z INFO [719/900] 6e850c19-c237-4b64-a44f-d9814c8d5ed5: 22 groups; 1.0 s; peak memory 1207 MiB.
2026-10-08T10:33:28Z INFO [720/900] 6e854b50-c3ec-422d-b7c8-0bd553187cf5: 336 groups; 1.7 s; peak memory 1207 MiB.
2026-10-08T10:33:29Z INFO [721/900] 6e854bf1-2bbd-431f-9e84-daf2e071885b: 32 groups; 0.9 s; peak memory 1207 MiB.
2026-10-08T10:36:09Z INFO [722/900] 6e8599a5-71ae-4045-b17f-912744660795: 37 groups; 160.1 s; peak memory 1207 MiB.
2026-10-08T10:36:20Z INFO [723/900] 6e85ac34-c82f-4e2d-9d9e-0c4dfd3fe694: 75 groups; 10.6 s; peak memory 1207 MiB.
2026-10-08T10:36:21Z INFO [724/900] 6e85ec9b-a73b-4498-880e-51aef021ad19: 103 groups; 1.2 s; peak memory 1207 MiB.
2026-10-08T10:36:22Z INFO [725/900] 6e863251-2298-46bb-ad77-7d549555ee90: 22 groups; 1.1 s; peak memory 1207 MiB.
2026-10-08T10:36:23Z INFO [726/900] 6e86e77f-0778-4cae-9578-e2bfbafa14f0: 32 groups; 1.1 s; peak memory 1207 MiB.
2026-10-08T10:36:37Z INFO [727/900] 6e87725a-2da0-4f0c-88b6-1cd7cfc26fb3: 92 groups; 13.3 s; peak memory 1207 MiB.
2026-10-08T10:36:48Z INFO [728/900] 6e881da9-0f4b-449c-8988-2a1fbdc2ab27: 22 groups; 11.4 s; peak memory 1207 MiB.
2026-10-08T10:36:49Z INFO [729/900] 6e892372-79e8-47fd-a498-cebb9e512f9b: 25 groups; 1.0 s; peak memory 1207 MiB.
2026-10-08T10:36:56Z INFO [730/900] 6e8942ce-9f44-4924-bfa5-05f705903053: 22 groups; 7.3 s; peak memory 1207 MiB.
2026-10-08T10:36:57Z INFO [731/900] 6e89598b-23a7-43a1-9894-2972f4bbb0fb: 22 groups; 0.9 s; peak memory 1207 MiB.
2026-10-08T10:36:58Z INFO [732/900] 6e8b36c6-7a14-48b1-b615-11c377697402: 32 groups; 0.9 s; peak memory 1207 MiB.
2026-10-08T10:36:59Z INFO [733/900] 6e8c1971-3a50-4681-82d9-6381c7e86ff1: 108 groups; 1.2 s; peak memory 1207 MiB.
2026-10-08T10:37:07Z INFO [734/900] 6e8c5048-8062-427c-9994-a8052392c9b5: 36 groups; 7.8 s; peak memory 1207 MiB.
2026-10-08T10:37:08Z INFO [735/900] 6e8c8ce1-f9ec-4f6a-8cd4-7ea153b0e894: 22 groups; 1.1 s; peak memory 1207 MiB.
2026-10-08T10:37:23Z INFO [736/900] 6e8ec65a-5313-49df-a361-30847d81ce0d: 194 groups; 14.2 s; peak memory 1207 MiB.
2026-10-08T10:37:58Z INFO [737/900] 6e8fa659-971a-4281-8577-859b3e792d26: 102 groups; 35.0 s; peak memory 1207 MiB.
2026-10-08T10:37:59Z INFO [738/900] 6e8febd5-0ed3-4f80-8cd7-e046de15e865: 194 groups; 1.6 s; peak memory 1207 MiB.
2026-10-08T10:38:00Z INFO [739/900] 6e909ebf-f34b-4d12-a750-8b5aeedc17f8: 32 groups; 1.0 s; peak memory 1207 MiB.
2026-10-08T10:38:02Z INFO [740/900] 6e90b156-3db5-411f-800a-e0383036d143: 24 groups; 1.6 s; peak memory 1207 MiB.
2026-10-08T10:38:03Z INFO [741/900] 6e916806-bb5a-4a85-8d0e-13129412583d: 103 groups; 1.0 s; peak memory 1207 MiB.
2026-10-08T10:38:04Z INFO [742/900] 6e91e791-6e37-4f0f-9a34-66ef829f3718: 35 groups; 1.2 s; peak memory 1207 MiB.
2026-10-08T10:38:05Z INFO [743/900] 6e91f4e0-d984-49cc-8ee6-e48d707d293f: 32 groups; 1.1 s; peak memory 1207 MiB.
2026-10-08T10:38:06Z INFO [744/900] 6e93a28a-f422-498b-868c-0678068aa9ea: 32 groups; 1.0 s; peak memory 1207 MiB.
2026-10-08T10:38:27Z INFO [745/900] 6e93bba9-bc66-465c-8e57-ec45083ebc36: 23 groups; 20.8 s; peak memory 1207 MiB.
2026-10-08T10:38:28Z INFO [746/900] 6e944275-326f-40af-846a-e5b39aef2ec0: 253 groups; 1.0 s; peak memory 1207 MiB.
2026-10-08T10:38:29Z INFO [747/900] 6e9487c7-3e83-4456-b38d-20045314c643: 28 groups; 0.9 s; peak memory 1207 MiB.
2026-10-08T10:38:30Z INFO [748/900] 6e948cb1-1b2b-410d-9207-e910d0038b8d: 22 groups; 0.9 s; peak memory 1207 MiB.
2026-10-08T10:38:31Z INFO [749/900] 6e94a331-401b-4715-85f9-12c8cdeb1eba: 22 groups; 1.0 s; peak memory 1207 MiB.
2026-10-08T10:38:34Z INFO [750/900] 6e94cfa7-99ad-45b1-b1b1-d17c08732019: 92 groups; 3.1 s; peak memory 1207 MiB.
2026-10-08T10:38:34Z INFO [750/900] 6e94cfa7-99ad-45b1-b1b1-d17c08732019: checkpointed 100186 records.
2026-10-08T10:38:35Z INFO [751/900] 6e950af1-23ed-40f4-b569-15e1a349aa7e: 68 groups; 0.9 s; peak memory 1207 MiB.
2026-10-08T10:38:36Z INFO [752/900] 6e952c47-1df7-4acb-9624-745f0ef3e223: 22 groups; 1.1 s; peak memory 1207 MiB.
2026-10-08T10:38:38Z INFO [753/900] 6e954d26-3c14-4a74-8742-6107960c1860: 54 groups; 1.9 s; peak memory 1207 MiB.
2026-10-08T10:38:39Z INFO [754/900] 6e960e4d-b5c7-49a0-8da0-f90adfb798d3: 202 groups; 1.1 s; peak memory 1207 MiB.
2026-10-08T10:38:40Z INFO [755/900] 6e967a7c-aadd-4d77-82ee-e8cf8fd00019: 22 groups; 1.1 s; peak memory 1207 MiB.
2026-10-08T10:38:41Z INFO [756/900] 6e96fc5f-9224-4251-a00b-519d8f17a1f7: 22 groups; 1.0 s; peak memory 1207 MiB.
2026-10-08T10:39:06Z INFO [757/900] 6e982fe3-a2e7-4af8-8bbe-85eeadbf78bc: 23 groups; 24.7 s; peak memory 1207 MiB.
2026-10-08T10:39:07Z INFO [758/900] 6e9874a0-7d87-410a-9a8f-bfecfee4cf08: 25 groups; 1.1 s; peak memory 1207 MiB.
2026-10-08T10:39:10Z INFO [759/900] 6e9891ac-3b61-4b1a-b811-b0834d37b11e: 60 groups; 3.0 s; peak memory 1207 MiB.
2026-10-08T10:39:11Z INFO [760/900] 6e98fe59-a460-45bb-b298-aa2cffa5bf4b: 22 groups; 1.2 s; peak memory 1207 MiB.
2026-10-08T10:39:12Z INFO [761/900] 6e9a30ce-5a14-4f1c-a66e-b985cedea7c0: 43 groups; 1.4 s; peak memory 1207 MiB.
2026-10-08T10:39:14Z INFO [762/900] 6e9ab1d5-e6f5-4d00-bd80-fa91408cf17e: 202 groups; 1.2 s; peak memory 1207 MiB.
2026-10-08T10:39:14Z INFO [763/900] 6e9acb49-9711-4275-865a-2eabff6d271b: 22 groups; 0.7 s; peak memory 1207 MiB.
2026-10-08T10:39:16Z INFO [764/900] 6e9b3f16-547d-44b2-98d6-9af213ec0ea7: 60 groups; 2.3 s; peak memory 1207 MiB.
2026-10-08T10:39:19Z INFO [765/900] 6e9be01b-31dd-46aa-9c77-56a1856d2315: 48 groups; 2.5 s; peak memory 1207 MiB.
2026-10-08T10:39:25Z INFO [766/900] 6e9be296-8307-4437-b7a4-56dbf73a4e13: 120 groups; 5.6 s; peak memory 1207 MiB.
2026-10-08T10:39:26Z INFO [767/900] 6e9c9eb9-977e-4040-8dde-0819ae86d5b7: 38 groups; 1.3 s; peak memory 1207 MiB.
2026-10-08T10:39:28Z INFO [768/900] 6e9cc1bb-0d4f-4ad5-9f90-490cbdc1f955: 34 groups; 1.6 s; peak memory 1207 MiB.
2026-10-08T10:39:32Z INFO [769/900] 6e9d851a-102a-41b5-8db0-cc1f6b7dfe3d: 121 groups; 4.8 s; peak memory 1207 MiB.
2026-10-08T10:39:33Z INFO [770/900] 6e9eab9b-3169-418c-8e17-5e3479888df2: 22 groups; 1.0 s; peak memory 1207 MiB.
2026-10-08T10:39:35Z INFO [771/900] 6e9f409c-f348-41af-b146-837606ccc00f: 337 groups; 1.6 s; peak memory 1207 MiB.
2026-10-08T10:39:39Z INFO [772/900] 6e9f77c9-bdd4-4ef6-ace8-a5138985adcd: 78 groups; 4.5 s; peak memory 1207 MiB.
2026-10-08T10:39:41Z INFO [773/900] 6e9f7c86-cac6-48c4-821b-fb04fd85edcc: 200 groups; 1.4 s; peak memory 1207 MiB.
2026-10-08T10:39:42Z INFO [774/900] 6ea079d0-99e8-4411-80bf-0f0d4f02ce15: 22 groups; 0.9 s; peak memory 1207 MiB.
2026-10-08T10:42:08Z INFO [775/900] 6ea08c47-f477-494c-9ea8-bdb28438385d: 71 groups; 146.0 s; peak memory 1207 MiB.
2026-10-08T10:42:09Z INFO [776/900] 6ea11e74-b687-4ffe-92de-7963e70c6e99: 31 groups; 0.8 s; peak memory 1207 MiB.
2026-10-08T10:42:10Z INFO [777/900] 6ea13ba0-fc15-4b19-85c5-b6a128a0d72f: 32 groups; 1.3 s; peak memory 1207 MiB.
2026-10-08T10:42:11Z INFO [778/900] 6ea204b2-8596-43be-af23-cacd048f00f9: 41 groups; 1.2 s; peak memory 1207 MiB.
2026-10-08T10:42:12Z INFO [779/900] 6ea23d4e-eb4b-4b56-9d60-e91c2ba1fde9: 22 groups; 1.1 s; peak memory 1207 MiB.
2026-10-08T10:42:14Z INFO [780/900] 6ea2d93b-937c-41b4-8011-f6d4049009a0: 337 groups; 1.6 s; peak memory 1207 MiB.
2026-10-08T10:42:15Z INFO [781/900] 6ea2f232-26d9-4dfe-b1bb-586d038ebcdb: 22 groups; 1.0 s; peak memory 1207 MiB.
2026-10-08T10:42:20Z INFO [782/900] 6ea3df4a-0f99-4315-b261-2a1154dcd446: 67 groups; 5.5 s; peak memory 1207 MiB.
2026-10-08T10:42:22Z INFO [783/900] 6ea40548-a174-4e73-a432-b8459118885b: 200 groups; 1.7 s; peak memory 1207 MiB.
2026-10-08T10:42:23Z INFO [784/900] 6ea44fb3-8a37-4b96-a3d3-882ce71f0aa0: 36 groups; 1.4 s; peak memory 1207 MiB.
2026-10-08T10:42:24Z INFO [785/900] 6ea51b28-cabf-4732-97a0-2ded71fe92a0: 30 groups; 0.8 s; peak memory 1207 MiB.
2026-10-08T10:42:25Z INFO [786/900] 6ea76d49-13ae-4006-bffb-dd93e414ce97: 31 groups; 0.9 s; peak memory 1207 MiB.
2026-10-08T10:42:26Z INFO [787/900] 6ea8698c-0b17-4817-9dd5-6ee898c6de02: 103 groups; 1.1 s; peak memory 1207 MiB.
2026-10-08T10:42:27Z INFO [788/900] 6ea89b5a-cb5f-4818-9490-17ab9f2c1006: 22 groups; 1.0 s; peak memory 1207 MiB.
2026-10-08T10:42:28Z INFO [789/900] 6ea8ca19-afcd-4042-8ef4-1eeb741d0ef1: 25 groups; 0.7 s; peak memory 1207 MiB.
2026-10-08T10:42:30Z INFO [790/900] 6ea8d452-863c-47bd-be29-0c69dd660671: 108 groups; 1.7 s; peak memory 1207 MiB.
2026-10-08T10:42:31Z INFO [791/900] 6ea94bd2-12d3-4a53-a81b-1a0dab94fa48: 33 groups; 1.1 s; peak memory 1207 MiB.
2026-10-08T10:42:31Z INFO [792/900] 6ea97e7c-2fb3-4617-904d-e5ec001329a2: 25 groups; 0.8 s; peak memory 1207 MiB.
2026-10-08T10:42:32Z INFO [793/900] 6eaa0e21-5a17-431d-a072-9431d2da1bd9: 32 groups; 1.0 s; peak memory 1207 MiB.
2026-10-08T10:42:33Z INFO [794/900] 6eaa4b4b-4a93-4517-8101-937b216ae1f9: 25 groups; 0.8 s; peak memory 1207 MiB.
2026-10-08T10:42:34Z INFO [795/900] 6eaa4de0-4f30-431a-88c5-cd619b42c2ae: 21 groups; 1.0 s; peak memory 1207 MiB.
2026-10-08T10:42:36Z INFO [796/900] 6eaa7017-47ca-4367-ad03-92df880e21db: 203 groups; 1.3 s; peak memory 1207 MiB.
2026-10-08T10:42:36Z INFO [797/900] 6eaab5e6-eb62-402a-b816-49dc35edf81c: 71 groups; 0.7 s; peak memory 1207 MiB.
2026-10-08T10:42:37Z INFO [798/900] 6eaae734-a6b2-4418-8b81-61583de59f1c: 32 groups; 0.9 s; peak memory 1207 MiB.
2026-10-08T10:42:38Z INFO [799/900] 6eab5bb2-5dfa-42ac-a923-6c90a4af0060: 25 groups; 1.0 s; peak memory 1207 MiB.
2026-10-08T10:43:45Z INFO [800/900] 6eab64e5-ab21-4eaf-a2c5-e6db0f066d58: 2258 groups; 67.2 s; peak memory 1207 MiB.
2026-10-08T10:43:45Z INFO [800/900] 6eab64e5-ab21-4eaf-a2c5-e6db0f066d58: checkpointed 100236 records.
2026-10-08T10:43:48Z INFO [801/900] 6eab6aed-a5bf-4633-a3e4-bf9afa9a00ee: 48 groups; 2.5 s; peak memory 1207 MiB.
2026-10-08T10:43:49Z INFO [802/900] 6eabfeea-722c-4cd0-9a49-a76886a9606a: 32 groups; 1.1 s; peak memory 1207 MiB.
2026-10-08T10:43:50Z INFO [803/900] 6eac3a90-626e-4e05-982f-14501ce214a0: 32 groups; 1.2 s; peak memory 1207 MiB.
2026-10-08T10:43:51Z INFO [804/900] 6eac5ae5-df53-4ad6-9ce7-e0fabbe95163: 32 groups; 1.1 s; peak memory 1207 MiB.
2026-10-08T10:43:53Z INFO [805/900] 6ead22e8-0089-4813-a59a-13c16e131632: 202 groups; 1.4 s; peak memory 1207 MiB.
2026-10-08T10:43:55Z INFO [806/900] 6eadc74f-46b6-41ab-ad87-d40c7d5c3458: 48 groups; 2.1 s; peak memory 1207 MiB.
2026-10-08T10:44:02Z INFO [807/900] 6eae174d-fc59-4c45-8db5-4b3a2e0caa74: 137 groups; 7.5 s; peak memory 1207 MiB.
2026-10-08T10:44:04Z INFO [808/900] 6eae429a-0669-4a2f-bcfa-9c96c684b2b9: 199 groups; 1.4 s; peak memory 1207 MiB.
2026-10-08T10:44:05Z INFO [809/900] 6eafab94-9c47-4571-834d-d209db61aab7: 16 groups; 1.0 s; peak memory 1207 MiB.
2026-10-08T10:44:06Z INFO [810/900] 6eafd36a-52f1-4e7e-ad58-9589ae37da5c: 22 groups; 1.2 s; peak memory 1207 MiB.
2026-10-08T10:44:07Z INFO [811/900] 6eb0a915-e05a-4596-a8c9-74c7e03dc4b7: 32 groups; 1.1 s; peak memory 1207 MiB.
2026-10-08T10:44:09Z INFO [812/900] 6eb0c13a-ea66-4960-bb9b-47e7cf19ed23: 35 groups; 1.4 s; peak memory 1207 MiB.
2026-10-08T10:44:15Z INFO [813/900] 6eb0d6b1-ec66-4317-abbf-b1d29e4ea73e: 181 groups; 6.0 s; peak memory 1207 MiB.
2026-10-08T10:44:15Z INFO [814/900] 6eb121e8-6426-4287-ba6b-b990756391bd: 22 groups; 0.9 s; peak memory 1207 MiB.
2026-10-08T10:44:16Z INFO [815/900] 6eb1269d-be47-4495-9c80-24843817b3b9: 28 groups; 0.6 s; peak memory 1207 MiB.
2026-10-08T10:44:17Z INFO [816/900] 6eb13808-e45b-47b6-b4ad-12ecd7a39add: 22 groups; 1.1 s; peak memory 1207 MiB.
2026-10-08T10:44:19Z INFO [817/900] 6eb1fdbc-ed2d-4356-aa35-995ad34c5b1d: 48 groups; 2.3 s; peak memory 1207 MiB.
2026-10-08T10:44:20Z INFO [818/900] 6eb24640-8abb-4cf1-a935-ed6a20851ac6: 22 groups; 0.9 s; peak memory 1207 MiB.
2026-10-08T10:44:21Z INFO [819/900] 6eb42c28-f060-469a-914e-8830e1fe24db: 22 groups; 1.0 s; peak memory 1207 MiB.
2026-10-08T10:44:33Z INFO [820/900] 6eb55e6d-6833-4b85-9af1-1b92f2283c61: 704 groups; 11.2 s; peak memory 1207 MiB.
2026-10-08T10:44:33Z INFO [821/900] 6eb56bdc-1cef-4866-a4ba-0d852d120d5a: 28 groups; 0.8 s; peak memory 1207 MiB.
2026-10-08T10:44:34Z INFO [822/900] 6eb59476-910b-4f8a-9277-613e83e6f1b4: 25 groups; 1.0 s; peak memory 1207 MiB.
2026-10-08T10:44:35Z INFO [823/900] 6eb601ea-c67d-4a1e-a328-62cd1358fc74: 26 groups; 0.7 s; peak memory 1207 MiB.
2026-10-08T10:44:38Z INFO [824/900] 6eb6218f-db09-4f13-90d0-d424dbfdea68: 48 groups; 2.5 s; peak memory 1207 MiB.
2026-10-08T10:44:42Z INFO [825/900] 6eb7146b-364d-4b28-913a-8f1e067677c9: 130 groups; 4.0 s; peak memory 1207 MiB.
2026-10-08T10:44:48Z INFO [826/900] 6eb78584-f910-4a03-920b-e5f70cb8cb15: 191 groups; 6.4 s; peak memory 1207 MiB.
2026-10-08T10:44:50Z INFO [827/900] 6eb787ee-afb8-4c07-8b4c-c17acacf1446: 33 groups; 1.6 s; peak memory 1207 MiB.
2026-10-08T10:44:54Z INFO [828/900] 6eb81465-f1ad-48a3-a1eb-5961669a36c7: 181 groups; 4.3 s; peak memory 1207 MiB.
2026-10-08T10:44:55Z INFO [829/900] 6eb8416f-e8bd-4434-a9e3-80ecc87ba4e0: 195 groups; 1.6 s; peak memory 1207 MiB.
2026-10-08T10:44:56Z INFO [830/900] 6eb852ee-2e6c-4a72-9a3b-0d5250b2ffd5: 24 groups; 0.8 s; peak memory 1207 MiB.
2026-10-08T10:44:57Z INFO [831/900] 6eb9b091-f41e-493d-8c0b-ee71c1ddcc06: 32 groups; 1.2 s; peak memory 1207 MiB.
2026-10-08T10:44:59Z INFO [832/900] 6eb9cf21-f80b-46b5-909b-987952646317: 253 groups; 1.4 s; peak memory 1207 MiB.
2026-10-08T10:45:00Z INFO [833/900] 6eb9fc8b-5219-4ede-a0f5-9ff4a6f7a869: 22 groups; 1.0 s; peak memory 1207 MiB.
2026-10-08T10:45:02Z INFO [834/900] 6eba4122-dc9f-45c8-82f5-d4284491bae4: 49 groups; 1.7 s; peak memory 1207 MiB.
2026-10-08T10:45:02Z INFO [835/900] 6eba4324-1751-4395-bbd6-fe47c1b50641: 25 groups; 0.9 s; peak memory 1207 MiB.
2026-10-08T10:45:03Z INFO [836/900] 6ebb5168-2b28-45b8-bc96-e919f5494958: 22 groups; 1.0 s; peak memory 1207 MiB.
2026-10-08T10:45:04Z INFO [837/900] 6ebb5e6f-8aef-43c0-a293-7f53d612bb21: 28 groups; 0.8 s; peak memory 1207 MiB.
2026-10-08T10:45:05Z INFO [838/900] 6ebbce4b-7e28-4abe-b3df-abbd73c57410: 35 groups; 1.2 s; peak memory 1207 MiB.
2026-10-08T10:45:07Z INFO [839/900] 6ebcafb6-67cf-4c18-8187-3fe2a70aa7c8: 32 groups; 1.3 s; peak memory 1207 MiB.
2026-10-08T10:45:08Z INFO [840/900] 6ebd786c-d350-45fe-b834-639495b625fa: 32 groups; 1.2 s; peak memory 1207 MiB.
2026-10-08T10:45:10Z INFO [841/900] 6ebd8862-874c-4e1a-a1ad-0c20e44fb3e1: 52 groups; 2.3 s; peak memory 1207 MiB.
2026-10-08T10:47:39Z INFO [842/900] 6ebe9a9f-017d-4e14-a520-9f748fbd8d80: 80 groups; 149.3 s; peak memory 1207 MiB.
2026-10-08T10:47:41Z INFO [843/900] 6ebe9f86-7395-424d-8190-58dfb1ffc944: 36 groups; 1.2 s; peak memory 1207 MiB.
2026-10-08T10:47:44Z INFO [844/900] 6ebee8ce-c24d-4bc4-87ed-709894f4ba3b: 65 groups; 3.2 s; peak memory 1207 MiB.
2026-10-08T10:47:45Z INFO [845/900] 6ebfc935-4fe6-457b-baca-dff0ea4d03ea: 32 groups; 1.1 s; peak memory 1207 MiB.
2026-10-08T10:47:48Z INFO [846/900] 6ec0485f-cb4e-4641-84f9-fb58b80f466a: 50 groups; 2.7 s; peak memory 1207 MiB.
2026-10-08T10:47:49Z INFO [847/900] 6ec0c8a0-3af9-4113-8e97-a0946ab2ba9e: 35 groups; 1.1 s; peak memory 1207 MiB.
2026-10-08T10:47:50Z INFO [848/900] 6ec15c17-3a2a-4256-9a51-88689e927caa: 32 groups; 1.1 s; peak memory 1207 MiB.
2026-10-08T10:47:52Z INFO [849/900] 6ec1773e-f61f-4d4a-99c7-07bc879b17cf: 207 groups; 1.6 s; peak memory 1207 MiB.
2026-10-08T10:47:53Z INFO [850/900] 6ec2093b-37a0-4c9b-adee-548e55de272f: 32 groups; 1.1 s; peak memory 1207 MiB.
2026-10-08T10:47:53Z INFO [850/900] 6ec2093b-37a0-4c9b-adee-548e55de272f: checkpointed 100286 records.
2026-10-08T10:50:07Z INFO [851/900] 6ec2282c-9b16-4695-9c18-4715a48959de: 42 groups; 134.7 s; peak memory 1219 MiB.
2026-10-08T10:50:09Z INFO [852/900] 6ec22ff9-7a14-477d-a552-8feefc78b56e: 204 groups; 1.7 s; peak memory 1219 MiB.
2026-10-08T10:50:10Z INFO [853/900] 6ec34530-776e-45fb-8d27-7dd7a2c8d9c9: 35 groups; 1.0 s; peak memory 1219 MiB.
2026-10-08T10:50:21Z INFO [854/900] 6ec3984a-1106-4721-bf06-68fd19b4abff: 2376 groups; 11.1 s; peak memory 1219 MiB.
2026-10-08T10:50:23Z INFO [855/900] 6ec45ae9-427c-4284-83de-cb25f2168d03: 35 groups; 1.6 s; peak memory 1219 MiB.
2026-10-08T10:50:31Z INFO [856/900] 6ec5b062-21fd-48d2-a56b-9c8ba2b56f7c: 261 groups; 8.5 s; peak memory 1219 MiB.
2026-10-08T10:50:32Z INFO [857/900] 6ec630dc-7e47-4f93-826d-10467885dfbc: 22 groups; 1.1 s; peak memory 1219 MiB.
2026-10-08T10:50:33Z INFO [858/900] 6ec65eb2-cab4-48e8-8f49-ce1b21ca4ecd: 16 groups; 0.7 s; peak memory 1219 MiB.
2026-10-08T10:50:35Z INFO [859/900] 6ec799fa-ae85-497a-995e-ec28a8d33ba9: 50 groups; 2.4 s; peak memory 1219 MiB.
2026-10-08T10:50:36Z INFO [860/900] 6ec7a875-f35e-4172-ab73-4ad666955a89: 17 groups; 0.8 s; peak memory 1219 MiB.
2026-10-08T10:50:37Z INFO [861/900] 6ec89978-bca2-434b-b123-18327a96119f: 30 groups; 0.7 s; peak memory 1219 MiB.
2026-10-08T10:50:38Z INFO [862/900] 6ec89f79-6adb-4f1e-a65b-393deea583ea: 35 groups; 1.1 s; peak memory 1219 MiB.
2026-10-08T10:50:39Z INFO [863/900] 6ec8c253-b347-4576-8015-c7fba375a8c4: 22 groups; 0.9 s; peak memory 1219 MiB.
2026-10-08T10:50:40Z INFO [864/900] 6ec923a8-0961-4427-b79a-65cd8aef6d74: 32 groups; 1.0 s; peak memory 1219 MiB.
2026-10-08T10:50:41Z INFO [865/900] 6ec9d350-0a14-4e37-a049-58a0070ad009: 258 groups; 1.0 s; peak memory 1219 MiB.
2026-10-08T10:50:42Z INFO [866/900] 6eca0716-a24c-4dff-83d1-d5a16b04f6c0: 33 groups; 0.9 s; peak memory 1219 MiB.
2026-10-08T10:50:43Z INFO [867/900] 6eca32cb-32c8-42e1-abd9-fa982c618a90: 33 groups; 1.3 s; peak memory 1219 MiB.
2026-10-08T10:50:44Z INFO [868/900] 6eca6155-86a7-4ebe-ac19-a32dd15ab9d0: 32 groups; 1.1 s; peak memory 1219 MiB.
2026-10-08T10:50:45Z INFO [869/900] 6ecb0a3e-c740-4593-bfc1-803d97da9c3e: 22 groups; 1.0 s; peak memory 1219 MiB.
2026-10-08T10:50:46Z INFO [870/900] 6ecc2b0c-d1b0-479f-b5d2-71e9390b79d6: 22 groups; 1.0 s; peak memory 1219 MiB.
2026-10-08T10:50:47Z INFO [871/900] 6ecca3a7-ee7c-4cd6-8a58-3af5ea8f3022: 30 groups; 0.7 s; peak memory 1219 MiB.
2026-10-08T10:50:49Z INFO [872/900] 6eccb4c2-3f70-41a9-84ee-2603eb4d8d0e: 17 groups; 2.3 s; peak memory 1219 MiB.
2026-10-08T10:50:50Z INFO [873/900] 6eccf6db-457c-48ad-bc2f-e58f8051c0a0: 32 groups; 0.9 s; peak memory 1219 MiB.
2026-10-08T10:50:51Z INFO [874/900] 6ecd537a-cd4b-4289-96ec-db6501498638: 195 groups; 1.3 s; peak memory 1219 MiB.
2026-10-08T10:50:52Z INFO [875/900] 6ecd5707-8682-432d-af4f-8e8060fee529: 22 groups; 1.0 s; peak memory 1219 MiB.
2026-10-08T10:50:57Z INFO [876/900] 6ecf54e7-2674-42f9-a3c4-4dbe468041ac: 46 groups; 4.4 s; peak memory 1219 MiB.
2026-10-08T10:50:58Z INFO [877/900] 6ecff7b9-c758-466f-9643-b79df1174e9e: 26 groups; 0.8 s; peak memory 1219 MiB.
2026-10-08T10:51:00Z INFO [878/900] 6ed00717-f907-4c99-b7df-a130cc9578e3: 48 groups; 2.1 s; peak memory 1219 MiB.
2026-10-08T10:51:01Z INFO [879/900] 6ed02dce-a1a9-40c9-a8f6-15ebeb39922e: 32 groups; 1.0 s; peak memory 1219 MiB.
2026-10-08T10:51:02Z INFO [880/900] 6ed1da7b-7175-4f89-addb-077721a612a2: 24 groups; 1.0 s; peak memory 1219 MiB.
2026-10-08T10:51:03Z INFO [881/900] 6ed2f22c-0351-4fd4-9319-e530700ec08f: 22 groups; 1.1 s; peak memory 1219 MiB.
2026-10-08T10:51:04Z INFO [882/900] 6ed3c61c-cd5d-4155-815f-0a573bf9fc27: 22 groups; 0.9 s; peak memory 1219 MiB.
2026-10-08T10:51:05Z INFO [883/900] 6ed4e35b-2575-4080-bd9e-ea7d70dda3df: 207 groups; 1.4 s; peak memory 1219 MiB.
2026-10-08T10:51:06Z INFO [884/900] 6ed6e453-f8d0-4ac3-b431-6910d2e0f777: 194 groups; 1.1 s; peak memory 1219 MiB.
2026-10-08T10:51:07Z INFO [885/900] 6ed70316-0be2-4a68-9756-e7b33a087339: 35 groups; 1.0 s; peak memory 1219 MiB.
2026-10-08T10:51:08Z INFO [886/900] 6ed71cad-cdfe-4686-b981-e0f575816374: 32 groups; 0.9 s; peak memory 1219 MiB.
2026-10-08T10:51:09Z INFO [887/900] 6ed7f042-4dd1-4e61-a63e-309846869e0a: 18 groups; 0.8 s; peak memory 1219 MiB.
2026-10-08T10:51:10Z INFO [888/900] 6edab0af-0c96-4f64-98e1-f5bc2896bb83: 35 groups; 1.0 s; peak memory 1219 MiB.
2026-10-08T10:51:12Z INFO [889/900] 6edac16f-357e-41a9-9701-379f1bdd99c6: 341 groups; 1.6 s; peak memory 1219 MiB.
2026-10-08T10:51:12Z INFO [890/900] 6edb66f7-f3bc-4022-b7c6-1e0eddf8270d: 21 groups; 0.8 s; peak memory 1219 MiB.
2026-10-08T10:51:15Z INFO [891/900] 6edc0e0c-0c4d-4bd5-9eb9-682c69d238c3: 30 groups; 2.4 s; peak memory 1219 MiB.
2026-10-08T10:51:16Z INFO [892/900] 6edd0b37-5de1-48f2-95c3-280ddeddc584: 22 groups; 0.8 s; peak memory 1219 MiB.
2026-10-08T10:53:14Z INFO [893/900] 6eded16d-fe68-42fa-8afc-38b36cd046e2: 60 groups; 118.4 s; peak memory 1219 MiB.
2026-10-08T10:53:26Z INFO [894/900] 6edf45a6-82cc-4af1-8deb-8e910b0ec7c4: 17 groups; 12.4 s; peak memory 1219 MiB.
2026-10-08T10:53:27Z INFO [895/900] 6edf47c5-8fa0-42e6-83a9-48717407adf4: 22 groups; 1.0 s; peak memory 1219 MiB.
2026-10-08T10:53:28Z INFO [896/900] 6edf9ce7-e5e3-4a78-858a-1d8c110f9ba0: 32 groups; 1.0 s; peak memory 1219 MiB.
2026-10-08T10:53:30Z INFO [897/900] 6ee05869-0e9e-4b20-b0c2-05552cb9e908: 33 groups; 1.3 s; peak memory 1219 MiB.
2026-10-08T10:53:30Z INFO [898/900] 6ee075a5-1f96-49a7-b5c4-49721ef24f0a: 24 groups; 0.7 s; peak memory 1219 MiB.
2026-10-08T10:53:34Z INFO [899/900] 6ee0fad1-d75a-421e-abd7-23f72ffc6bb0: 78 groups; 4.0 s; peak memory 1219 MiB.
2026-10-08T10:53:35Z INFO [900/900] 6ee14b2e-c6f1-4e60-bb6d-6d72c78f4382: 22 groups; 1.2 s; peak memory 1219 MiB.
2026-10-08T10:53:36Z INFO [900/900] 6ee14b2e-c6f1-4e60-bb6d-6d72c78f4382: checkpointed 100336 records.
2026-10-08T10:53:36Z INFO Wrote 100336 records to /tmp/derivatives/valid_nwb_file_to_number_of_groups.jsonl (900 new, 0 failed) in 99.1 min (peak memory 1219 MiB).
