2026-10-07T23:58:48Z INFO Logging to /tmp/logs/update_2026-10-07T23-58-48Z.log.
2026-10-07T23:58:48Z INFO Update valid-nwb-file-to-number-of-groups (base directory /tmp).
2026-10-07T23:58:48Z INFO Processing 900 items (96736 already recorded).
2026-10-07T23:58:50Z INFO [1/900] 676840d6-30c9-4af7-bb4e-1330c4af82bb: 26 groups; 1.7 s; peak memory 112 MiB.
2026-10-07T23:58:51Z INFO [2/900] 67685072-96a8-4f31-bc0d-bfcf4ad0d0cf: 32 groups; 1.5 s; peak memory 115 MiB.
2026-10-07T23:58:53Z INFO [3/900] 6769b91d-273f-416e-ab8e-b79a59b5e4cb: 35 groups; 2.1 s; peak memory 117 MiB.
2026-10-07T23:58:55Z INFO [4/900] 676a02ba-634a-438d-a346-61277696904d: 33 groups; 1.4 s; peak memory 117 MiB.
2026-10-07T23:58:56Z INFO [5/900] 676a251b-5657-4fed-85c7-bd305b6d15fd: 16 groups; 1.0 s; peak memory 117 MiB.
2026-10-08T00:00:30Z INFO [6/900] 676a41dd-6103-4c4f-9fc9-52c91589bc21: 33 groups; 93.9 s; peak memory 230 MiB.
2026-10-08T00:00:31Z INFO [7/900] 676a7886-1055-4bc1-ae71-8bba70854ab0: 30 groups; 1.0 s; peak memory 230 MiB.
2026-10-08T00:00:33Z INFO [8/900] 676b8db5-c48e-46cb-a18e-3a3de7e82de8: 35 groups; 2.1 s; peak memory 230 MiB.
2026-10-08T00:00:35Z INFO [9/900] 676bc384-ec2b-4457-91fd-85940da384c3: 194 groups; 1.9 s; peak memory 230 MiB.
2026-10-08T00:00:36Z INFO [10/900] 676c2518-29a4-4d4f-be42-af5d31ac4ad8: 16 groups; 0.9 s; peak memory 230 MiB.
2026-10-08T00:00:37Z INFO [11/900] 676c6688-f9cf-4e5c-abf8-f98dd94d70c5: 32 groups; 1.7 s; peak memory 230 MiB.
2026-10-08T00:00:39Z INFO [12/900] 676df3e3-5bcb-42f5-9af4-d1fabd3724da: 25 groups; 1.5 s; peak memory 230 MiB.
2026-10-08T00:01:26Z INFO [13/900] 676e1738-f18b-444a-9cc9-e3bd2713a4a1: 35 groups; 47.6 s; peak memory 230 MiB.
2026-10-08T00:01:28Z INFO [14/900] 676e9ab4-176a-4d0d-829d-4f182550de8b: 16 groups; 1.1 s; peak memory 231 MiB.
2026-10-08T00:01:29Z INFO [15/900] 676f1a76-6b60-4342-8723-4f19a88a6dce: 35 groups; 1.9 s; peak memory 231 MiB.
2026-10-08T00:01:31Z INFO [16/900] 676f2e4d-93cb-4a5f-b307-aa9d136780ed: 254 groups; 1.5 s; peak memory 231 MiB.
2026-10-08T00:01:32Z INFO [17/900] 676f6bc3-9c5d-4a6f-a547-a08109b8258e: 22 groups; 1.0 s; peak memory 231 MiB.
2026-10-08T00:01:35Z INFO [18/900] 676f7690-ba5f-450e-adc6-b400558f6c19: 48 groups; 3.3 s; peak memory 232 MiB.
2026-10-08T00:01:38Z INFO [19/900] 676fd9f7-c6da-4d18-beef-48b3778ebfaf: 48 groups; 3.1 s; peak memory 232 MiB.
2026-10-08T00:01:40Z INFO [20/900] 67702f5d-2736-4ec9-bde9-13298b592577: 29 groups; 1.9 s; peak memory 232 MiB.
2026-10-08T00:01:41Z INFO [21/900] 6770fae4-6966-4864-b2c6-e552e7be18dd: 31 groups; 1.1 s; peak memory 232 MiB.
2026-10-08T00:01:43Z INFO [22/900] 677101f1-e9de-4081-85c2-00105df65cc9: 30 groups; 1.3 s; peak memory 232 MiB.
2026-10-08T00:01:49Z INFO [23/900] 67712998-63b5-4ad3-8553-27496d59ebe7: 130 groups; 5.9 s; peak memory 232 MiB.
2026-10-08T00:01:50Z INFO [24/900] 677214db-bed6-4a73-b310-2f16c42e0564: 31 groups; 1.5 s; peak memory 232 MiB.
2026-10-08T00:01:52Z INFO [25/900] 67725711-84d5-480b-970c-6e037f3b65e1: 22 groups; 1.4 s; peak memory 232 MiB.
2026-10-08T00:01:53Z INFO [26/900] 6773c5d9-91a4-42ae-8be5-c32dfa3c41cd: 32 groups; 1.5 s; peak memory 232 MiB.
2026-10-08T00:01:56Z INFO [27/900] 6773ce5f-0b2f-4c2d-b8b6-e7a837768b9c: 207 groups; 2.6 s; peak memory 232 MiB.
2026-10-08T00:01:59Z INFO [28/900] 6773d759-7c0b-421c-a771-5a8ccf19af6b: 194 groups; 3.0 s; peak memory 232 MiB.
2026-10-08T00:02:00Z INFO [29/900] 67743240-6c64-4ae5-a55f-ba8de0d69aab: 22 groups; 1.5 s; peak memory 232 MiB.
2026-10-08T00:02:04Z INFO [30/900] 67747124-d6a3-4f53-89a0-eb21072561ca: 60 groups; 3.4 s; peak memory 232 MiB.
2026-10-08T00:02:05Z INFO [31/900] 677476fa-b052-4dbd-bf61-0e6b794f77ea: 28 groups; 1.1 s; peak memory 232 MiB.
2026-10-08T00:02:07Z INFO [32/900] 6774dc5f-5976-40c1-a415-19e02a378be9: 29 groups; 1.9 s; peak memory 232 MiB.
2026-10-08T00:02:08Z INFO [33/900] 6774f07a-d83f-4d04-a2af-dff33a6355ab: 195 groups; 1.9 s; peak memory 232 MiB.
2026-10-08T00:02:10Z INFO [34/900] 67757dbd-2863-405c-bd37-739024582b19: 29 groups; 1.7 s; peak memory 232 MiB.
2026-10-08T00:02:14Z INFO [35/900] 67760568-76e9-4311-bf2a-22b936c99ca9: 47 groups; 3.3 s; peak memory 232 MiB.
2026-10-08T00:02:31Z INFO [36/900] 6776db6f-e679-44e8-bf56-b88addbb7ff6: 155 groups; 17.3 s; peak memory 232 MiB.
2026-10-08T00:03:07Z INFO [37/900] 677707c1-9a2a-4ef5-8f26-b2c0dc5aeede: 268 groups; 36.4 s; peak memory 232 MiB.
2026-10-08T00:03:09Z INFO [38/900] 6778a877-f5b9-4392-bb88-9a3ce253b1d9: 22 groups; 1.3 s; peak memory 232 MiB.
2026-10-08T00:03:15Z INFO [39/900] 6778c8f2-3953-4eec-a97d-3083f87cd6d0: 32 groups; 6.7 s; peak memory 233 MiB.
2026-10-08T00:03:27Z INFO [40/900] 67796abf-5b86-44c8-8db8-0f63e48346e0: 22 groups; 11.6 s; peak memory 233 MiB.
2026-10-08T00:03:29Z INFO [41/900] 6779cbc4-081b-47cd-937c-bed374004ede: 36 groups; 1.9 s; peak memory 233 MiB.
2026-10-08T00:03:46Z INFO [42/900] 677a36a0-45ca-4efa-bde8-a3e8a186799e: 218 groups; 17.2 s; peak memory 233 MiB.
2026-10-08T00:03:48Z INFO [43/900] 677a89fd-36a9-4128-9246-0b75f4332f79: 33 groups; 1.7 s; peak memory 233 MiB.
2026-10-08T00:03:49Z INFO [44/900] 677adecc-7363-4329-b817-ccfef4ad33b7: 25 groups; 1.4 s; peak memory 233 MiB.
2026-10-08T00:03:55Z INFO [45/900] 677c3a18-eddc-4f1c-a1cf-f4099597f6d4: 71 groups; 5.9 s; peak memory 233 MiB.
2026-10-08T00:03:56Z INFO [46/900] 677c8e27-ece6-41b5-a55b-ee633b49393e: 28 groups; 1.0 s; peak memory 233 MiB.
2026-10-08T00:03:57Z INFO [47/900] 677cf421-f1f3-4005-b5a9-13d444f20240: 22 groups; 1.4 s; peak memory 233 MiB.
2026-10-08T00:04:00Z INFO [48/900] 677cfa4b-6a71-4968-b540-13be7f3463f4: 59 groups; 2.2 s; peak memory 233 MiB.
2026-10-08T00:04:01Z INFO [49/900] 677d935c-bfa9-4096-834d-8b2672d142e7: 202 groups; 1.8 s; peak memory 233 MiB.
2026-10-08T00:04:03Z INFO [50/900] 677e9542-077c-4082-ab6f-644a0a06f170: 17 groups; 1.1 s; peak memory 233 MiB.
2026-10-08T00:04:03Z INFO [50/900] 677e9542-077c-4082-ab6f-644a0a06f170: checkpointed 96786 records.
2026-10-08T00:04:08Z INFO [51/900] 677f862c-ef38-43f1-82ec-ee6e1bd8e924: 130 groups; 5.2 s; peak memory 233 MiB.
2026-10-08T00:04:10Z INFO [52/900] 677fcf88-c164-44dc-92c5-21d87f7d819a: 194 groups; 1.8 s; peak memory 233 MiB.
2026-10-08T00:04:11Z INFO [53/900] 67802034-0330-4263-9603-66f5ceec79a5: 33 groups; 1.6 s; peak memory 233 MiB.
2026-10-08T00:04:13Z INFO [54/900] 6780de33-55eb-4e4a-a228-1fbb2b7adfde: 32 groups; 1.4 s; peak memory 233 MiB.
2026-10-08T00:04:16Z INFO [55/900] 678101a7-57d7-41bc-be85-4eea4ba94771: 34 groups; 3.8 s; peak memory 233 MiB.
2026-10-08T00:04:18Z INFO [56/900] 6781b998-1867-4d86-8e30-d6acbe028ec9: 32 groups; 1.5 s; peak memory 233 MiB.
2026-10-08T00:04:20Z INFO [57/900] 6781bde8-e885-4272-9085-c2e3b691c152: 35 groups; 1.7 s; peak memory 233 MiB.
2026-10-08T00:04:21Z INFO [58/900] 6781da1c-f0a3-4d30-bf9b-8979f42a4f40: 206 groups; 1.8 s; peak memory 233 MiB.
2026-10-08T00:04:24Z INFO [59/900] 67824206-c04d-45df-af52-f91ec9d0f0a9: 33 groups; 2.5 s; peak memory 233 MiB.
2026-10-08T00:04:25Z INFO [60/900] 6782440c-2cea-4bbc-9878-d54cdee2a970: 22 groups; 1.3 s; peak memory 233 MiB.
2026-10-08T00:04:27Z INFO [61/900] 678265cf-407f-479f-838f-417227b9d465: 21 groups; 1.6 s; peak memory 233 MiB.
2026-10-08T00:04:28Z INFO [62/900] 6782756a-152d-4637-a375-6cc3047c2fb9: 32 groups; 1.6 s; peak memory 233 MiB.
2026-10-08T00:04:49Z INFO [63/900] 6782bf53-2de6-4901-b28a-e63caa9f3868: 224 groups; 20.8 s; peak memory 233 MiB.
2026-10-08T00:04:50Z INFO [64/900] 6783427e-b7bc-4692-8aa9-36ca0921e392: 16 groups; 0.9 s; peak memory 233 MiB.
2026-10-08T00:05:07Z INFO [65/900] 67862f3e-8d7d-4536-a697-c47e4cf170a4: 217 groups; 16.6 s; peak memory 233 MiB.
2026-10-08T00:05:09Z INFO [66/900] 67874cf9-01be-47cb-b989-7696ae2ee409: 87 groups; 1.8 s; peak memory 233 MiB.
2026-10-08T00:05:10Z INFO [67/900] 67877fc0-2631-42ac-9f0f-ea46a5ac6bee: 40 groups; 1.8 s; peak memory 234 MiB.
2026-10-08T00:05:12Z INFO [68/900] 67887065-1432-4d80-85a8-b4aa5a1d6735: 32 groups; 1.5 s; peak memory 234 MiB.
2026-10-08T00:05:14Z INFO [69/900] 6788fba4-00f4-4044-ab8f-b3187e477f89: 35 groups; 1.9 s; peak memory 234 MiB.
2026-10-08T00:05:15Z INFO [70/900] 6789a2fb-6eb1-4796-90a2-cd593207cb19: 22 groups; 1.3 s; peak memory 234 MiB.
2026-10-08T00:05:16Z INFO [71/900] 678a8081-9dcf-4ed3-a626-32877ae3dcd2: 32 groups; 1.4 s; peak memory 234 MiB.
2026-10-08T00:05:18Z INFO [72/900] 678aa95b-8d88-49e0-816f-38ba117fcca4: 36 groups; 2.0 s; peak memory 234 MiB.
2026-10-08T00:05:20Z INFO [73/900] 678c28e5-6774-4c55-b981-9b65e1809de2: 22 groups; 1.2 s; peak memory 234 MiB.
2026-10-08T00:05:21Z INFO [74/900] 678c6cbf-a6e8-458a-bcab-6300059acb86: 22 groups; 1.3 s; peak memory 234 MiB.
2026-10-08T00:07:04Z INFO [75/900] 678c915a-12bc-4084-ab19-114df98c8113: 31 groups; 102.7 s; peak memory 234 MiB.
2026-10-08T00:07:05Z INFO [76/900] 678cadee-65b2-4b59-94b4-5cefc75fe4e7: 30 groups; 1.2 s; peak memory 234 MiB.
2026-10-08T00:07:19Z INFO [77/900] 678d2633-f4a0-422e-a0b9-bfc651703925: 237 groups; 13.5 s; peak memory 234 MiB.
2026-10-08T00:07:20Z INFO [78/900] 678d3ea8-a93d-4b64-bc8c-76b04d7ed99a: 20 groups; 1.4 s; peak memory 234 MiB.
2026-10-08T00:07:32Z INFO [79/900] 678d9e14-fd62-45e8-864f-20db5fd90ce3: 215 groups; 12.5 s; peak memory 234 MiB.
2026-10-08T00:07:34Z INFO [80/900] 678de358-2a43-4e92-8524-5e1f9c9e8e58: 22 groups; 1.3 s; peak memory 234 MiB.
2026-10-08T00:07:39Z INFO [81/900] 678e58ce-e7bb-44fd-9c49-e7964f90577f: 119 groups; 5.7 s; peak memory 234 MiB.
2026-10-08T00:07:41Z INFO [82/900] 678e94b7-53ce-4198-9a2d-c60d1248d366: 32 groups; 1.5 s; peak memory 234 MiB.
2026-10-08T00:07:42Z INFO [83/900] 678e9725-ce02-4b75-bccf-789c8591e6ac: 201 groups; 1.4 s; peak memory 234 MiB.
2026-10-08T00:07:43Z INFO [84/900] 678eadaf-8534-45ff-9f2d-046bf067921f: 22 groups; 1.2 s; peak memory 234 MiB.
2026-10-08T00:07:45Z INFO [85/900] 678f134d-c591-4a6d-adc9-c649984ec678: 22 groups; 1.3 s; peak memory 234 MiB.
2026-10-08T00:07:46Z INFO [86/900] 678f1863-87d9-46fb-89b0-24095205a593: 32 groups; 1.7 s; peak memory 234 MiB.
2026-10-08T00:07:48Z INFO [87/900] 678f254d-ca39-453e-a60e-40f196d24f98: 20 groups; 1.2 s; peak memory 234 MiB.
2026-10-08T00:07:50Z INFO [88/900] 678f4162-cce0-4490-a99d-57164d129f4f: 195 groups; 1.9 s; peak memory 234 MiB.
2026-10-08T00:08:09Z INFO [89/900] 678f4296-72b2-421e-9cfd-cf6c4cd4ad99: 140 groups; 19.2 s; peak memory 234 MiB.
2026-10-08T00:08:12Z INFO [90/900] 678f5d9f-03e7-4134-a6bc-6b6078ea43b6: 48 groups; 3.2 s; peak memory 234 MiB.
2026-10-08T00:08:14Z INFO [91/900] 678f86b9-d3cf-49f3-9d68-92d1cd2f529c: 33 groups; 2.0 s; peak memory 234 MiB.
2026-10-08T00:08:34Z INFO [92/900] 678fa286-c944-443f-9923-48e230d02a09: 27 groups; 20.1 s; peak memory 234 MiB.
2026-10-08T00:09:02Z INFO [93/900] 678ff0a9-3b04-4739-a209-55860d8b2691: 23 groups; 27.4 s; peak memory 234 MiB.
2026-10-08T00:09:37Z INFO [94/900] 67908cab-4445-4f3e-8aa4-4c4aa2ae17ec: 1860 groups; 35.1 s; peak memory 238 MiB.
2026-10-08T00:09:38Z INFO [95/900] 6790c628-3ecc-4393-98b0-6b18902c10f4: 32 groups; 1.8 s; peak memory 238 MiB.
2026-10-08T00:09:40Z INFO [96/900] 67911847-e40c-4768-a1ad-c44d271239d3: 33 groups; 2.0 s; peak memory 238 MiB.
2026-10-08T00:09:42Z INFO [97/900] 67912f37-cbd7-4bbf-991a-085466947552: 22 groups; 1.3 s; peak memory 238 MiB.
2026-10-08T00:09:44Z INFO [98/900] 6791e29e-e0f1-42d2-a6e9-11c69833f766: 35 groups; 2.0 s; peak memory 238 MiB.
2026-10-08T00:09:47Z INFO [99/900] 6791f51c-3752-4b49-87be-c75d951598d8: 48 groups; 3.0 s; peak memory 238 MiB.
2026-10-08T00:09:48Z INFO [100/900] 6791f788-7a4f-499a-812b-2cc8bbb28615: 17 groups; 1.2 s; peak memory 238 MiB.
2026-10-08T00:09:48Z INFO [100/900] 6791f788-7a4f-499a-812b-2cc8bbb28615: checkpointed 96836 records.
2026-10-08T00:12:18Z INFO [101/900] 679220a5-aaa9-44b0-bf77-aaa28c67fbb0: 60 groups; 149.5 s; peak memory 301 MiB.
2026-10-08T00:12:19Z INFO [102/900] 67924935-9d49-4593-a03f-6b3e2aa6a7db: 22 groups; 1.4 s; peak memory 301 MiB.
2026-10-08T00:12:21Z INFO [103/900] 6793730c-a8ef-45cc-b209-800f46cfda9e: 35 groups; 2.3 s; peak memory 301 MiB.
2026-10-08T00:12:22Z INFO [104/900] 67964106-62aa-45e4-9a49-f202cd3b1c1c: 32 groups; 1.2 s; peak memory 301 MiB.
2026-10-08T00:12:24Z INFO [105/900] 679791c4-69e3-44bf-bf5b-12875889f9e2: 25 groups; 1.6 s; peak memory 301 MiB.
2026-10-08T00:12:26Z INFO [106/900] 679794a6-e75c-4f4d-817b-d26931e23e21: 29 groups; 1.6 s; peak memory 301 MiB.
2026-10-08T00:12:27Z INFO [107/900] 6798ceab-e49e-4cbc-8a53-547a1df99f3f: 22 groups; 1.4 s; peak memory 301 MiB.
2026-10-08T00:12:28Z INFO [108/900] 67992cda-1c46-4a84-b6a5-232fe345a334: 22 groups; 1.4 s; peak memory 301 MiB.
2026-10-08T00:12:30Z INFO [109/900] 67992ddf-9a02-457b-997a-356c4abb631a: 32 groups; 2.1 s; peak memory 301 MiB.
2026-10-08T00:12:34Z INFO [110/900] 679960b0-90ab-48a5-9dc4-6323b743030c: 48 groups; 3.2 s; peak memory 301 MiB.
2026-10-08T00:12:37Z INFO [111/900] 679976cf-8c90-45d8-a099-44bea8da90e4: 50 groups; 3.6 s; peak memory 301 MiB.
2026-10-08T00:12:38Z INFO [112/900] 6799b2d4-3647-4123-bcfc-41d597df0338: 26 groups; 1.0 s; peak memory 301 MiB.
2026-10-08T00:12:41Z INFO [113/900] 679a9777-fc28-43cc-b5f3-0d131cdd154e: 35 groups; 2.4 s; peak memory 301 MiB.
2026-10-08T00:12:42Z INFO [114/900] 679b8002-dd33-4218-8326-656cda020b85: 17 groups; 1.2 s; peak memory 301 MiB.
2026-10-08T00:12:46Z INFO [115/900] 679b8ec0-625a-4afa-aa45-8d6aa1c0ef34: 30 groups; 4.0 s; peak memory 301 MiB.
2026-10-08T00:12:47Z INFO [116/900] 679c2351-1fb5-4c9b-bba1-eceec9ef11c6: 32 groups; 1.4 s; peak memory 301 MiB.
2026-10-08T00:12:49Z INFO [117/900] 679c6dfe-32c6-44d9-a1c5-e1a7d934dd51: 35 groups; 1.9 s; peak memory 301 MiB.
2026-10-08T00:12:50Z INFO [118/900] 679ddee9-f936-4234-8946-7da53bcd9059: 16 groups; 1.0 s; peak memory 301 MiB.
2026-10-08T00:12:51Z INFO [119/900] 679e94a3-f421-4462-8c5e-37c00eb90b48: 24 groups; 1.1 s; peak memory 301 MiB.
2026-10-08T00:12:52Z INFO [120/900] 679fa272-740d-473d-8dda-6fc660f5d35d: 22 groups; 1.1 s; peak memory 301 MiB.
2026-10-08T00:12:54Z INFO [121/900] 67a06a2c-9d51-4aea-b988-0d9a785c1198: 21 groups; 1.7 s; peak memory 301 MiB.
2026-10-08T00:13:10Z INFO [122/900] 67a0fd17-7294-4773-87b6-005cf9977b43: 201 groups; 15.8 s; peak memory 301 MiB.
2026-10-08T00:13:12Z INFO [123/900] 67a131b5-8dd3-42f4-b306-2b4e0a550414: 202 groups; 1.9 s; peak memory 301 MiB.
2026-10-08T00:13:16Z INFO [124/900] 67a19efd-8f99-49ac-b2f3-f855f23812ff: 65 groups; 4.4 s; peak memory 301 MiB.
2026-10-08T00:13:17Z INFO [125/900] 67a2a3cf-b5f2-4c1d-bee9-43b08eebe6ea: 18 groups; 1.1 s; peak memory 301 MiB.
2026-10-08T00:13:28Z INFO [126/900] 67a3fa80-f9b7-4669-9ac7-61230750b168: 202 groups; 10.6 s; peak memory 301 MiB.
2026-10-08T00:13:29Z INFO [127/900] 67a4378f-7627-4ccf-b327-0bd248c1055d: 22 groups; 1.3 s; peak memory 301 MiB.
2026-10-08T00:13:30Z INFO [128/900] 67a47840-6720-40fa-9fce-76be3ae1c8b5: 22 groups; 1.3 s; peak memory 301 MiB.
2026-10-08T00:13:32Z INFO [129/900] 67a48606-c5f4-4953-9cad-fac66c9159c0: 18 groups; 1.1 s; peak memory 301 MiB.
2026-10-08T00:13:33Z INFO [130/900] 67a4a4dc-4fbf-4844-a47c-e8b118575d25: 195 groups; 1.7 s; peak memory 301 MiB.
2026-10-08T00:13:35Z INFO [131/900] 67a578ae-885b-49ba-bc7a-6472d38ee8a0: 22 groups; 1.2 s; peak memory 301 MiB.
2026-10-08T00:13:36Z INFO [132/900] 67a65b9b-a822-4334-a43b-4a69175e04f5: 32 groups; 1.5 s; peak memory 301 MiB.
2026-10-08T00:13:37Z INFO [133/900] 67a6d5b9-ca58-40e8-b716-a95c3612e69b: 22 groups; 1.4 s; peak memory 301 MiB.
2026-10-08T00:13:39Z INFO [134/900] 67a6f009-538b-4cb9-b567-1dcacc8e5901: 103 groups; 1.9 s; peak memory 301 MiB.
2026-10-08T00:13:41Z INFO [135/900] 67a76cef-35a1-4056-ae29-8db379ee6c9a: 25 groups; 1.3 s; peak memory 301 MiB.
2026-10-08T00:13:42Z INFO [136/900] 67a8131b-03e5-4d82-8095-53d93ccfe41c: 22 groups; 1.4 s; peak memory 301 MiB.
2026-10-08T00:13:50Z INFO [137/900] 67a9a538-d08f-4535-9de8-9a89ea58feb9: 85 groups; 7.5 s; peak memory 301 MiB.
2026-10-08T00:13:51Z INFO [138/900] 67a9d21f-3fd1-42ff-adc7-5a8aa46cb39d: 35 groups; 1.8 s; peak memory 301 MiB.
2026-10-08T00:16:42Z INFO [139/900] 67aac044-e5b0-460c-916a-832d225d269c: 60 groups; 170.8 s; peak memory 317 MiB.
2026-10-08T00:25:02Z INFO [140/900] 67aae245-5ccf-460b-a54b-f1c9b2f9aabb: 61 groups; 499.8 s; peak memory 555 MiB.
2026-10-08T00:25:03Z INFO [141/900] 67ab2d98-fdfa-491f-b5b1-58ca9ed7ac59: 18 groups; 1.1 s; peak memory 555 MiB.
2026-10-08T00:25:14Z INFO [142/900] 67ab59aa-3fd5-47d4-9538-ecead9da886a: 195 groups; 10.9 s; peak memory 555 MiB.
2026-10-08T00:25:15Z INFO [143/900] 67ab7a5b-58b2-419b-8f48-d8c833f4c6ec: 22 groups; 1.3 s; peak memory 555 MiB.
2026-10-08T00:25:17Z INFO [144/900] 67abd37d-e7fb-400c-a6cc-3c497d59b052: 35 groups; 1.8 s; peak memory 555 MiB.
2026-10-08T00:25:18Z INFO [145/900] 67abe8ca-3b08-4819-8104-ee62b5607bcd: 16 groups; 1.0 s; peak memory 555 MiB.
2026-10-08T00:25:20Z INFO [146/900] 67acdfe3-38ce-4718-ac86-a351de47e770: 32 groups; 1.3 s; peak memory 555 MiB.
2026-10-08T00:25:21Z INFO [147/900] 67ad0047-938e-4549-a1f7-cf7379163017: 32 groups; 1.6 s; peak memory 555 MiB.
2026-10-08T00:27:40Z INFO [148/900] 67ad07c1-af70-4ef6-97f4-0eca18327493: 71 groups; 138.5 s; peak memory 555 MiB.
2026-10-08T00:27:41Z INFO [149/900] 67ad4054-1c6b-4868-a684-0408cfea07cc: 22 groups; 1.2 s; peak memory 555 MiB.
2026-10-08T00:27:42Z INFO [150/900] 67ad4672-fa46-4772-8142-80fe0e8a8390: 22 groups; 1.4 s; peak memory 555 MiB.
2026-10-08T00:27:42Z INFO [150/900] 67ad4672-fa46-4772-8142-80fe0e8a8390: checkpointed 96886 records.
2026-10-08T00:27:44Z INFO [151/900] 67adb00c-4e6a-4e7f-ab03-f150ddd32e2c: 32 groups; 1.9 s; peak memory 555 MiB.
2026-10-08T00:27:46Z INFO [152/900] 67ae15bd-80ca-42d6-b264-b9b4aedfeea2: 22 groups; 1.4 s; peak memory 555 MiB.
2026-10-08T00:27:59Z INFO [153/900] 67ae661e-af1c-4b9a-abe6-7676784097bc: 219 groups; 13.3 s; peak memory 555 MiB.
2026-10-08T00:28:01Z INFO [154/900] 67ae8110-2654-4419-a464-7a70a914314e: 30 groups; 1.8 s; peak memory 555 MiB.
2026-10-08T00:28:02Z INFO [155/900] 67aed1f5-d02d-40f9-8936-33440648cb0b: 22 groups; 1.3 s; peak memory 555 MiB.
2026-10-08T00:28:03Z INFO [156/900] 67af999d-bfd8-4c67-9346-80dea126bd1a: 32 groups; 1.4 s; peak memory 555 MiB.
2026-10-08T00:28:06Z INFO [157/900] 67b10039-6747-4090-a135-4f41e3ba7c18: 22 groups; 2.2 s; peak memory 555 MiB.
2026-10-08T00:28:09Z INFO [158/900] 67b18f9e-90ac-4b73-abe3-636e12a5e0c4: 50 groups; 3.7 s; peak memory 555 MiB.
2026-10-08T00:28:11Z INFO [159/900] 67b19f38-6f18-44f5-b024-bfd4dd5daf6f: 32 groups; 1.5 s; peak memory 555 MiB.
2026-10-08T00:28:13Z INFO [160/900] 67b23940-a055-4eb2-91cc-9f7c6916ffb2: 33 groups; 2.1 s; peak memory 555 MiB.
2026-10-08T00:28:14Z INFO [161/900] 67b26d51-ac1e-4fd1-917a-eecdb4ce9035: 22 groups; 1.2 s; peak memory 555 MiB.
2026-10-08T00:28:26Z INFO [162/900] 67b2af7d-6bd8-4979-a02d-080f2c8dc67f: 167 groups; 11.6 s; peak memory 555 MiB.
2026-10-08T00:28:37Z INFO [163/900] 67b30276-49e0-444a-8e37-23e29f291dbf: 1044 groups; 11.0 s; peak memory 555 MiB.
2026-10-08T00:28:38Z INFO [164/900] 67b38016-12ce-4e99-940c-d9506a65493e: 22 groups; 1.4 s; peak memory 555 MiB.
2026-10-08T00:28:39Z INFO [165/900] 67b46dc7-9656-4f5c-b491-564062883895: 22 groups; 1.3 s; peak memory 555 MiB.
2026-10-08T00:28:41Z INFO [166/900] 67b4fbac-2707-4199-8dbf-76e93cf26670: 35 groups; 1.8 s; peak memory 555 MiB.
2026-10-08T00:29:05Z INFO [167/900] 67b518d2-0d3a-430f-a09e-accc09a52c94: 23 groups; 24.2 s; peak memory 555 MiB.
2026-10-08T00:29:07Z INFO [168/900] 67b5b680-5246-435a-a92e-1547b950369f: 32 groups; 1.7 s; peak memory 555 MiB.
2026-10-08T00:29:08Z INFO [169/900] 67b6653f-17ed-43ac-ad70-583314fb494a: 23 groups; 1.0 s; peak memory 555 MiB.
2026-10-08T00:29:10Z INFO [170/900] 67b69b41-b50c-4aa1-92ec-05341852847a: 35 groups; 1.6 s; peak memory 555 MiB.
2026-10-08T00:29:11Z INFO [171/900] 67b8823c-f2bd-4b65-92ae-5f69fc2e93d3: 25 groups; 1.4 s; peak memory 555 MiB.
2026-10-08T00:29:13Z INFO [172/900] 67b975d4-eb7a-41ad-a407-def7bbf5f8df: 32 groups; 1.6 s; peak memory 555 MiB.
2026-10-08T00:29:38Z INFO [173/900] 67b9994d-ca14-4e8a-b1c3-defc39f8f149: 23 groups; 25.7 s; peak memory 555 MiB.
2026-10-08T00:29:40Z INFO [174/900] 67bbd311-f22e-45f3-9cb4-e965557cf6e8: 32 groups; 1.5 s; peak memory 555 MiB.
2026-10-08T00:29:41Z INFO [175/900] 67bc586c-7995-471c-9ddd-7c104cb53a50: 29 groups; 1.5 s; peak memory 555 MiB.
2026-10-08T00:29:43Z INFO [176/900] 67bcb6e3-fc9e-4a3c-8a49-72ec98445ec4: 25 groups; 1.4 s; peak memory 555 MiB.
2026-10-08T00:29:44Z INFO [177/900] 67bcbf8c-ccb1-43eb-ac3f-234b57d7ab32: 194 groups; 1.6 s; peak memory 555 MiB.
2026-10-08T00:29:46Z INFO [178/900] 67bceae1-a8a1-40e4-b61c-ed87fef2eff9: 32 groups; 1.5 s; peak memory 555 MiB.
2026-10-08T00:29:48Z INFO [179/900] 67bd9e6d-aca4-4964-8209-f8b98c269acb: 35 groups; 1.8 s; peak memory 555 MiB.
2026-10-08T00:29:49Z INFO [180/900] 67bdd390-87a8-471e-a681-8a032161d933: 29 groups; 1.5 s; peak memory 555 MiB.
2026-10-08T00:29:55Z INFO [181/900] 67be19ce-3dbf-4256-8358-7ade8b2ef325: 78 groups; 6.4 s; peak memory 555 MiB.
2026-10-08T00:29:57Z INFO [182/900] 67bf213a-5e0a-4b75-9ccf-b5be206b4ab8: 33 groups; 2.0 s; peak memory 555 MiB.
2026-10-08T00:30:07Z INFO [183/900] 67bf8ca5-e89c-493b-b754-ccfd38a4bd59: 174 groups; 9.3 s; peak memory 555 MiB.
2026-10-08T00:30:08Z INFO [184/900] 67c068a3-d62f-4a5e-9dce-af539cb29290: 35 groups; 1.8 s; peak memory 555 MiB.
2026-10-08T00:32:35Z INFO [185/900] 67c0b1a8-7373-497c-85ed-cb77df920314: 80 groups; 146.8 s; peak memory 555 MiB.
2026-10-08T00:32:38Z INFO [186/900] 67c156b9-1a32-4d76-ad0f-d2df9b910cea: 48 groups; 3.0 s; peak memory 555 MiB.
2026-10-08T00:32:40Z INFO [187/900] 67c15c9f-1acc-42ca-afb7-4ab11b61903e: 25 groups; 1.4 s; peak memory 555 MiB.
2026-10-08T00:32:41Z INFO [188/900] 67c2126f-fcd5-4195-bc09-494830235a4a: 32 groups; 1.7 s; peak memory 555 MiB.
2026-10-08T00:32:57Z INFO [189/900] 67c216fc-3277-40b7-9375-6f1c84d73549: 305 groups; 15.4 s; peak memory 555 MiB.
2026-10-08T00:32:58Z INFO [190/900] 67c25268-d08d-402c-9a81-6d76243be409: 32 groups; 1.3 s; peak memory 555 MiB.
2026-10-08T00:33:00Z INFO [191/900] 67c31445-2d44-4412-aabc-597fa1c1a602: 22 groups; 1.4 s; peak memory 555 MiB.
2026-10-08T00:33:06Z INFO [192/900] 67c476c5-c74d-4d7d-87ae-a7a9b400456b: 75 groups; 6.1 s; peak memory 555 MiB.
2026-10-08T00:33:07Z INFO [193/900] 67c4f1c8-2a22-4177-b7e0-4d89f3dc5d7b: 32 groups; 1.7 s; peak memory 555 MiB.
2026-10-08T00:33:09Z INFO [194/900] 67c4f33e-79a6-4cb5-a438-7dddc31527f8: 336 groups; 2.0 s; peak memory 555 MiB.
2026-10-08T00:33:45Z INFO [195/900] 67c5a765-01b6-428f-a17f-4b4b55543742: 3725 groups; 36.1 s; peak memory 555 MiB.
2026-10-08T00:33:47Z INFO [196/900] 67c6fbc3-f23c-4e29-bcd6-5c12fffd6a05: 32 groups; 1.6 s; peak memory 555 MiB.
2026-10-08T00:33:49Z INFO [197/900] 67c740f7-905a-40d2-91a8-2fa3b18e5323: 24 groups; 1.7 s; peak memory 555 MiB.
2026-10-08T00:33:52Z INFO [198/900] 67c7d2cc-fffc-414f-9aab-e7754bdf31ea: 35 groups; 3.0 s; peak memory 555 MiB.
2026-10-08T00:33:54Z INFO [199/900] 67c7fc33-881f-4d27-b8b3-d2ad8a003cf1: 36 groups; 1.7 s; peak memory 555 MiB.
2026-10-08T00:33:56Z INFO [200/900] 67c84be5-58c3-46e3-b7b0-394e537d2c17: 47 groups; 2.9 s; peak memory 555 MiB.
2026-10-08T00:33:57Z INFO [200/900] 67c84be5-58c3-46e3-b7b0-394e537d2c17: checkpointed 96936 records.
2026-10-08T00:33:58Z INFO [201/900] 67ca888f-1db1-4c16-a3cd-c829b3e0a9ee: 31 groups; 1.3 s; peak memory 555 MiB.
2026-10-08T00:34:00Z INFO [202/900] 67cbba4b-1b49-46a3-98e6-e50beb3bd377: 572 groups; 2.4 s; peak memory 555 MiB.
2026-10-08T00:34:02Z INFO [203/900] 67cbec63-4f91-4e2b-b3d3-08d2d8bd7533: 22 groups; 1.2 s; peak memory 555 MiB.
2026-10-08T00:34:03Z INFO [204/900] 67cc86ef-eacf-45d9-aade-9bce58d9859d: 22 groups; 1.3 s; peak memory 555 MiB.
2026-10-08T00:34:04Z INFO [205/900] 67cd1fda-e9fa-4c77-a6e6-17cbf1e121bf: 22 groups; 1.3 s; peak memory 555 MiB.
2026-10-08T00:34:06Z INFO [206/900] 67cd37d4-b323-42d2-8a9b-09ed1afa13cb: 35 groups; 2.0 s; peak memory 555 MiB.
2026-10-08T00:34:19Z INFO [207/900] 67ce1a00-4217-47d3-92c2-3bd6588dab9d: 237 groups; 12.8 s; peak memory 555 MiB.
2026-10-08T00:34:20Z INFO [208/900] 67ce6a90-f764-4687-8fbf-5be5d3d1a7a2: 22 groups; 1.3 s; peak memory 555 MiB.
2026-10-08T00:34:23Z INFO [209/900] 67cf6faf-134f-42bd-95ba-d9c40bb8cc85: 17 groups; 2.7 s; peak memory 555 MiB.
2026-10-08T00:34:25Z INFO [210/900] 67cfb3ff-504a-4cfa-a812-119637690881: 32 groups; 2.1 s; peak memory 555 MiB.
2026-10-08T00:34:27Z INFO [211/900] 67d02865-1d23-421d-85ce-3026cefeb1d0: 35 groups; 1.5 s; peak memory 555 MiB.
2026-10-08T00:34:28Z INFO [212/900] 67d1b1c5-4cbf-40e6-b4e7-29e22f658b04: 49 groups; 1.9 s; peak memory 555 MiB.
2026-10-08T00:34:30Z INFO [213/900] 67d1b33d-3527-462a-8834-d5a37c301e5d: 32 groups; 1.5 s; peak memory 555 MiB.
2026-10-08T00:34:31Z INFO [214/900] 67d39935-a000-4b61-a260-7cb43c2fe46a: 22 groups; 1.2 s; peak memory 555 MiB.
2026-10-08T00:34:33Z INFO [215/900] 67d47883-2a77-40b8-b086-a0105dd589b7: 87 groups; 1.7 s; peak memory 555 MiB.
2026-10-08T00:34:35Z INFO [216/900] 67d479d5-63d7-4bea-91f6-b888eca49416: 206 groups; 2.2 s; peak memory 555 MiB.
2026-10-08T00:34:38Z INFO [217/900] 67d47c1a-2eff-4548-801c-efeaeab7470b: 17 groups; 2.7 s; peak memory 555 MiB.
2026-10-08T00:34:42Z INFO [218/900] 67d53b44-bef6-43a9-afe4-5a30251f59fc: 34 groups; 3.8 s; peak memory 555 MiB.
2026-10-08T00:34:43Z INFO [219/900] 67d574f7-7983-45c9-a898-adbea0beec49: 33 groups; 1.9 s; peak memory 555 MiB.
2026-10-08T00:34:45Z INFO [220/900] 67d69746-7402-4b60-82dc-6cf094ff28a4: 25 groups; 1.5 s; peak memory 555 MiB.
2026-10-08T00:34:48Z INFO [221/900] 67d6cf9c-6052-4309-86b0-69cd03bdcce7: 206 groups; 2.7 s; peak memory 555 MiB.
2026-10-08T00:34:50Z INFO [222/900] 67d8c2f7-552d-4363-99b4-bd0937d733db: 48 groups; 2.1 s; peak memory 555 MiB.
2026-10-08T00:34:51Z INFO [223/900] 67d934cc-dff1-4cc9-a1b0-de3b97fb063b: 31 groups; 1.2 s; peak memory 555 MiB.
2026-10-08T00:35:11Z INFO [224/900] 67d9d937-6c37-4c07-b6a6-bd71c7b57b39: 18 groups; 20.3 s; peak memory 555 MiB.
2026-10-08T00:35:12Z INFO [225/900] 67da05d5-a068-40bb-85a9-ecf64532411c: 16 groups; 0.9 s; peak memory 555 MiB.
2026-10-08T00:35:22Z INFO [226/900] 67db8d0b-54ce-4b5a-ae56-6c928cb81662: 166 groups; 10.1 s; peak memory 555 MiB.
2026-10-08T00:35:32Z INFO [227/900] 67dc01f3-1cd3-482d-aa9e-c989e130c6b2: 1524 groups; 10.1 s; peak memory 555 MiB.
2026-10-08T00:35:34Z INFO [228/900] 67dc2d6a-e458-4906-ae6a-40f5bd3c9ecd: 33 groups; 1.9 s; peak memory 555 MiB.
2026-10-08T00:35:39Z INFO [229/900] 67dcb6df-c109-4983-8d43-970383a3f081: 49 groups; 5.3 s; peak memory 555 MiB.
2026-10-08T00:37:08Z INFO [230/900] 67dec5ec-603b-47ef-9c09-7219fb1e6bab: 33 groups; 88.5 s; peak memory 555 MiB.
2026-10-08T00:37:09Z INFO [231/900] 67deec94-647a-41c5-b872-369c2d753826: 32 groups; 1.6 s; peak memory 555 MiB.
2026-10-08T00:37:11Z INFO [232/900] 67df6b04-1dbe-4f7e-86f9-fee96c79f0bb: 22 groups; 1.0 s; peak memory 555 MiB.
2026-10-08T00:37:12Z INFO [233/900] 67e16ee7-1c06-4b2c-8464-8d29c4ae1604: 21 groups; 1.5 s; peak memory 555 MiB.
2026-10-08T00:37:14Z INFO [234/900] 67e24c1e-5b16-466c-bb4c-26caf438aacf: 32 groups; 1.6 s; peak memory 555 MiB.
2026-10-08T00:37:26Z INFO [235/900] 67e25c23-607c-4da6-9cd6-865d10303008: 36 groups; 12.4 s; peak memory 555 MiB.
2026-10-08T00:37:27Z INFO [236/900] 67e29621-65c8-462e-95b6-d6d063b7b74a: 22 groups; 1.3 s; peak memory 555 MiB.
2026-10-08T00:37:29Z INFO [237/900] 67e2a6da-3097-40ad-a0f9-8e9d4ab6cdfd: 32 groups; 1.4 s; peak memory 555 MiB.
2026-10-08T00:37:30Z INFO [238/900] 67e2fd0e-b694-4f0a-bfb1-15d4e6601245: 35 groups; 1.6 s; peak memory 555 MiB.
2026-10-08T00:37:37Z INFO [239/900] 67e3ce6d-ceac-4e13-830c-db85159f27fc: 75 groups; 6.3 s; peak memory 555 MiB.
2026-10-08T00:37:38Z INFO [240/900] 67e40f3c-5e1d-4dc5-b94a-f3fd257d8ae5: 18 groups; 1.1 s; peak memory 555 MiB.
2026-10-08T00:37:39Z INFO [241/900] 67e56d6b-e78a-4b25-826e-cb42bf65e720: 22 groups; 1.2 s; peak memory 555 MiB.
2026-10-08T00:42:02Z INFO [242/900] 67e5dc39-3f4e-478f-8abd-64bc037918f5: 81 groups; 262.9 s; peak memory 555 MiB.
2026-10-08T00:42:04Z INFO [243/900] 67e6014e-f6b1-46fe-adae-7cc39aeea517: 207 groups; 2.1 s; peak memory 555 MiB.
2026-10-08T00:42:05Z INFO [244/900] 67e60771-7c53-40b1-bd43-954e9b705ff7: 17 groups; 1.1 s; peak memory 555 MiB.
2026-10-08T00:42:06Z INFO [245/900] 67e73cfa-6539-481d-b1f2-3dff062434c0: 37 groups; 1.2 s; peak memory 555 MiB.
2026-10-08T00:42:08Z INFO [246/900] 67e7683d-6790-4f98-a6b1-d3a5aeaa74c0: 28 groups; 1.4 s; peak memory 555 MiB.
2026-10-08T00:42:09Z INFO [247/900] 67e76cb0-d7e6-46e7-8fc3-9757f10d1cb8: 25 groups; 1.0 s; peak memory 555 MiB.
2026-10-08T00:42:10Z INFO [248/900] 67e7b305-1a09-422e-bf4e-790bf0f8444f: 32 groups; 1.5 s; peak memory 555 MiB.
2026-10-08T00:42:12Z INFO [249/900] 67e7bd67-2411-49b5-b777-a26ab6689b2c: 52 groups; 2.0 s; peak memory 555 MiB.
2026-10-08T00:42:14Z INFO [250/900] 67e7cc0e-85c3-4452-add6-e4152431fd7b: 197 groups; 1.7 s; peak memory 555 MiB.
2026-10-08T00:42:14Z INFO [250/900] 67e7cc0e-85c3-4452-add6-e4152431fd7b: checkpointed 96986 records.
2026-10-08T00:42:21Z INFO [251/900] 67e884db-31ef-417c-85b3-ebecc04bb338: 181 groups; 7.2 s; peak memory 555 MiB.
2026-10-08T00:42:28Z INFO [252/900] 67e8c5c9-40f5-444f-bec5-2f2d44e68910: 119 groups; 6.7 s; peak memory 555 MiB.
2026-10-08T00:42:29Z INFO [253/900] 67e8cc88-53e0-45f3-9d49-5cdc1604d5fc: 71 groups; 1.2 s; peak memory 555 MiB.
2026-10-08T00:42:33Z INFO [254/900] 67e9016e-5731-49ed-9301-88907cd84c85: 50 groups; 3.5 s; peak memory 555 MiB.
2026-10-08T00:42:34Z INFO [255/900] 67e9047b-3818-4d58-8080-1fd3484eb04e: 203 groups; 1.7 s; peak memory 555 MiB.
2026-10-08T00:42:37Z INFO [256/900] 67e94ab3-66d8-47c2-827a-cb5131986e8d: 81 groups; 2.9 s; peak memory 555 MiB.
2026-10-08T00:42:55Z INFO [257/900] 67eb5f34-2d98-445c-83ea-58d46f28d39b: 96 groups; 17.5 s; peak memory 555 MiB.
2026-10-08T00:43:18Z INFO [258/900] 67eb8143-ddf6-453d-82a1-0ba0b0bc12c6: 23 groups; 23.7 s; peak memory 555 MiB.
2026-10-08T00:43:20Z INFO [259/900] 67ec65dc-6735-4536-a469-365ec4b3a583: 35 groups; 1.9 s; peak memory 555 MiB.
2026-10-08T00:43:23Z INFO [260/900] 67ec8bea-4544-496a-b406-e8c823b2f000: 48 groups; 3.2 s; peak memory 555 MiB.
2026-10-08T00:43:29Z INFO [261/900] 67ecb2f6-dbef-4079-9457-3a87f206b426: 113 groups; 5.5 s; peak memory 555 MiB.
2026-10-08T00:43:30Z INFO [262/900] 67ecc2f6-5c94-420d-b453-e5cc5e17a56e: 39 groups; 1.3 s; peak memory 555 MiB.
2026-10-08T00:43:31Z INFO [263/900] 67ed14ec-a1bc-4aef-bcf1-438f086b9f68: 26 groups; 1.3 s; peak memory 555 MiB.
2026-10-08T00:43:33Z INFO [264/900] 67ed26ee-a7a8-45b8-a7c5-258081378cb8: 103 groups; 1.9 s; peak memory 555 MiB.
2026-10-08T00:43:36Z INFO [265/900] 67edcbf5-e27a-4f63-975a-97bed817a9ed: 17 groups; 2.9 s; peak memory 555 MiB.
2026-10-08T00:43:38Z INFO [266/900] 67ee3f73-01dd-4b01-8514-a51ef3854cca: 32 groups; 1.6 s; peak memory 555 MiB.
2026-10-08T00:43:40Z INFO [267/900] 67ee40b6-9e05-4c75-9c6f-eb4521fd496a: 27 groups; 1.8 s; peak memory 555 MiB.
2026-10-08T00:43:41Z INFO [268/900] 67ee5bf3-68f5-400d-a45a-40960d448df1: 32 groups; 1.1 s; peak memory 555 MiB.
2026-10-08T00:43:42Z INFO [269/900] 67eed19a-9a49-45e2-925f-1b4193244a44: 32 groups; 1.5 s; peak memory 555 MiB.
2026-10-08T00:43:44Z INFO [270/900] 67eeedda-de37-4e52-8c5c-7ed5641c0623: 206 groups; 2.0 s; peak memory 555 MiB.
2026-10-08T00:43:46Z INFO [271/900] 67ef00a1-e6db-431e-b142-145bdbd5d83e: 22 groups; 1.2 s; peak memory 555 MiB.
2026-10-08T00:43:47Z INFO [272/900] 67efc4a3-daad-411c-8552-316572fca35b: 21 groups; 1.4 s; peak memory 555 MiB.
2026-10-08T00:43:49Z INFO [273/900] 67f0697d-dee8-43cb-8a19-ba9ddad6a65e: 35 groups; 1.7 s; peak memory 555 MiB.
2026-10-08T00:43:52Z INFO [274/900] 67f0b0d9-26ce-4e05-baee-837b03c7e870: 46 groups; 3.0 s; peak memory 555 MiB.
2026-10-08T00:43:53Z INFO [275/900] 67f2046d-ce3a-407d-87b1-cd5c078aaedf: 16 groups; 1.1 s; peak memory 555 MiB.
2026-10-08T00:43:54Z INFO [276/900] 67f22a61-a3f1-4638-b363-4ed22913e33d: 22 groups; 1.3 s; peak memory 555 MiB.
2026-10-08T00:44:00Z INFO [277/900] 67f26356-8a13-4b76-91e5-da605615e5a4: 65 groups; 5.7 s; peak memory 555 MiB.
2026-10-08T00:44:01Z INFO [278/900] 67f28145-0aa4-48e7-909f-855972ba7e17: 32 groups; 1.5 s; peak memory 555 MiB.
2026-10-08T00:44:26Z INFO [279/900] 67f2e49e-e280-4431-956e-1d3e6e748b4f: 23 groups; 24.4 s; peak memory 555 MiB.
2026-10-08T00:44:27Z INFO [280/900] 67f34d95-1b98-4353-9cb8-569c2cc4403e: 28 groups; 1.4 s; peak memory 555 MiB.
2026-10-08T00:44:30Z INFO [281/900] 67f46f4e-66d6-414c-913d-0002a94a6201: 50 groups; 2.9 s; peak memory 555 MiB.
2026-10-08T00:44:46Z INFO [282/900] 67f54acd-3dc9-4605-92ec-266eaa8c85eb: 17 groups; 15.5 s; peak memory 555 MiB.
2026-10-08T00:44:47Z INFO [283/900] 67f9045f-3fc8-4343-aca3-e7abd599f481: 22 groups; 1.4 s; peak memory 555 MiB.
2026-10-08T00:44:49Z INFO [284/900] 67fa9fe7-9a8d-4313-a29d-83635a0c155c: 341 groups; 2.0 s; peak memory 555 MiB.
2026-10-08T00:44:50Z INFO [285/900] 67faa820-d666-4de6-be21-f75a985d703c: 26 groups; 1.0 s; peak memory 555 MiB.
2026-10-08T00:44:52Z INFO [286/900] 67fabfa4-4f87-4aa8-a56b-36bc7257e4c4: 35 groups; 1.9 s; peak memory 555 MiB.
2026-10-08T00:45:00Z INFO [287/900] 67fac176-e05d-4547-ae24-da73b11ab95d: 141 groups; 7.7 s; peak memory 555 MiB.
2026-10-08T00:45:01Z INFO [288/900] 67facf12-1d2a-4242-9133-67d0701dac0d: 32 groups; 1.5 s; peak memory 555 MiB.
2026-10-08T00:45:02Z INFO [289/900] 67fb2818-2e04-4940-b0c2-54850ef3d401: 22 groups; 1.4 s; peak memory 555 MiB.
2026-10-08T00:45:06Z INFO [290/900] 67fb4808-88b5-47c7-8dc1-a4c6a9389747: 64 groups; 3.1 s; peak memory 555 MiB.
2026-10-08T00:45:12Z INFO [291/900] 67fbd766-7127-4c6f-b54d-8c14ff820c2e: 138 groups; 6.3 s; peak memory 555 MiB.
2026-10-08T00:45:13Z INFO [292/900] 67fbf1fc-02e2-41ea-a05c-840e8ed21688: 35 groups; 1.5 s; peak memory 555 MiB.
2026-10-08T00:45:14Z INFO [293/900] 67fc18dc-f263-463c-b1d0-8de0791f5d6b: 16 groups; 1.0 s; peak memory 555 MiB.
2026-10-08T00:45:16Z INFO [294/900] 67fcfa52-16bc-4c23-aba9-9c7d7d93a36b: 33 groups; 1.7 s; peak memory 555 MiB.
2026-10-08T00:45:17Z INFO [295/900] 67fd4d06-d9e0-49ad-a171-9195c2a183d2: 22 groups; 1.3 s; peak memory 555 MiB.
2026-10-08T00:49:30Z INFO [296/900] 67fdb6cb-9097-476f-8f73-3240c89f51b0: 42 groups; 252.3 s; peak memory 1312 MiB.
2026-10-08T00:49:31Z INFO [297/900] 67fe657f-8809-4574-ae86-694278726c7c: 22 groups; 1.2 s; peak memory 1312 MiB.
2026-10-08T00:49:32Z INFO [298/900] 67feeaad-480d-41c4-b256-0333f73d6005: 22 groups; 1.3 s; peak memory 1312 MiB.
2026-10-08T00:49:55Z INFO [299/900] 67ff0c5f-af89-471d-bc73-aa37a6e54569: 23 groups; 23.0 s; peak memory 1312 MiB.
2026-10-08T00:49:56Z INFO [300/900] 67ff90fa-3d36-4e91-8cc1-6655e72775d8: 32 groups; 1.4 s; peak memory 1312 MiB.
2026-10-08T00:49:57Z INFO [300/900] 67ff90fa-3d36-4e91-8cc1-6655e72775d8: checkpointed 97036 records.
2026-10-08T00:49:58Z INFO [301/900] 67fff43f-2d1f-445c-aa0b-480783c0e0bc: 25 groups; 1.3 s; peak memory 1312 MiB.
2026-10-08T00:49:59Z INFO [302/900] 68002324-b902-418e-a542-b24accb262c6: 28 groups; 1.2 s; peak memory 1312 MiB.
2026-10-08T00:50:02Z INFO [303/900] 68003c86-59cf-4df0-a46b-2e669f418a1c: 48 groups; 3.2 s; peak memory 1312 MiB.
2026-10-08T00:50:04Z INFO [304/900] 6800c839-c240-4d07-917e-85f5cb04676d: 25 groups; 1.3 s; peak memory 1312 MiB.
2026-10-08T00:50:05Z INFO [305/900] 6800eb4e-56d2-4def-b6da-fc83b1568939: 22 groups; 1.4 s; peak memory 1312 MiB.
2026-10-08T00:50:06Z INFO [306/900] 6800fcda-f94a-4b41-b687-3317b85b595c: 18 groups; 1.0 s; peak memory 1312 MiB.
2026-10-08T00:50:07Z INFO [307/900] 6801ef95-de53-47d1-a3cf-e7744e4a13b3: 22 groups; 1.3 s; peak memory 1312 MiB.
2026-10-08T00:50:09Z INFO [308/900] 68025105-f159-49ed-a6fa-0b73f1d3b492: 52 groups; 1.8 s; peak memory 1312 MiB.
2026-10-08T00:50:11Z INFO [309/900] 6802758e-4dbc-4771-a396-44b765fb8449: 49 groups; 1.9 s; peak memory 1312 MiB.
2026-10-08T00:50:13Z INFO [310/900] 6802a3bb-ef0f-4dd1-985b-3459930fa83c: 35 groups; 1.5 s; peak memory 1312 MiB.
2026-10-08T00:50:23Z INFO [311/900] 68032022-9c62-4105-9ef4-b72daa7404d9: 68 groups; 10.5 s; peak memory 1312 MiB.
2026-10-08T00:50:25Z INFO [312/900] 680342de-3ef4-4b0a-97b2-696d6dd0d4e9: 252 groups; 1.6 s; peak memory 1312 MiB.
2026-10-08T00:50:27Z INFO [313/900] 68035c49-ad1a-4a4d-a521-4ebf21e60f51: 35 groups; 2.0 s; peak memory 1312 MiB.
2026-10-08T00:50:32Z INFO [314/900] 68037385-8d68-480c-944f-f209ffb3abe9: 22 groups; 5.4 s; peak memory 1312 MiB.
2026-10-08T00:50:33Z INFO [315/900] 6803f94e-b770-4b9a-bc44-3a24c42ad527: 22 groups; 1.1 s; peak memory 1312 MiB.
2026-10-08T00:50:45Z INFO [316/900] 6804d62a-beef-444e-bf5e-a6ec5325b7bb: 205 groups; 12.3 s; peak memory 1312 MiB.
2026-10-08T00:50:48Z INFO [317/900] 68050203-391d-417e-aca6-026d2d13d04e: 49 groups; 2.6 s; peak memory 1312 MiB.
2026-10-08T00:50:49Z INFO [318/900] 6805f0f6-9a85-4d12-a8db-0bcba0fc261a: 25 groups; 1.4 s; peak memory 1312 MiB.
2026-10-08T00:50:51Z INFO [319/900] 6806594f-ebb1-4b72-84b1-f1c11d0886d9: 206 groups; 2.0 s; peak memory 1312 MiB.
2026-10-08T00:50:53Z INFO [320/900] 680785a7-38fa-40ac-b5cf-4b89dd210a03: 16 groups; 1.4 s; peak memory 1312 MiB.
2026-10-08T00:50:54Z INFO [321/900] 6808181c-5ca0-42e8-b3bd-74ad8d237513: 25 groups; 1.1 s; peak memory 1312 MiB.
2026-10-08T00:50:56Z INFO [322/900] 6809e71b-a3f1-4fa1-b7c3-082c0fdd8817: 33 groups; 2.3 s; peak memory 1312 MiB.
2026-10-08T00:50:58Z INFO [323/900] 680d2749-01de-4f4d-8973-0dc3df4dd76f: 35 groups; 2.0 s; peak memory 1312 MiB.
2026-10-08T00:51:00Z INFO [324/900] 680d6375-741b-45e4-9e0a-69b54e8ddb03: 32 groups; 1.6 s; peak memory 1312 MiB.
2026-10-08T00:51:01Z INFO [325/900] 680d669b-2f63-418d-8d33-48ee6bb3545a: 25 groups; 1.5 s; peak memory 1312 MiB.
2026-10-08T00:51:03Z INFO [326/900] 680da5d2-1034-4ad6-988b-3cf2c32781e6: 336 groups; 2.1 s; peak memory 1312 MiB.
2026-10-08T00:51:04Z INFO [327/900] 680de791-c6bf-4079-a247-443d7fec9453: 30 groups; 1.1 s; peak memory 1312 MiB.
2026-10-08T00:51:06Z INFO [328/900] 680ea79e-8c07-49f6-8a1d-1fe533d173ef: 24 groups; 1.4 s; peak memory 1312 MiB.
2026-10-08T00:51:08Z INFO [329/900] 680ebd2b-b53b-4898-8f45-ae19531801ef: 202 groups; 1.9 s; peak memory 1312 MiB.
2026-10-08T00:51:11Z INFO [330/900] 680fc2af-19e6-4538-9502-eeff2ed9f0d1: 64 groups; 3.3 s; peak memory 1312 MiB.
2026-10-08T00:51:13Z INFO [331/900] 681033fc-246a-436f-8e59-1b80f79fff5b: 28 groups; 1.7 s; peak memory 1312 MiB.
2026-10-08T00:51:14Z INFO [332/900] 68108637-0943-4ec8-8a70-8369d5e517e6: 22 groups; 1.2 s; peak memory 1312 MiB.
2026-10-08T00:51:16Z INFO [333/900] 68116143-02b5-4432-b639-2afbee034276: 33 groups; 1.9 s; peak memory 1312 MiB.
2026-10-08T00:51:31Z INFO [334/900] 6811ae7b-3945-40d9-9c3b-c623f7734ae3: 249 groups; 15.6 s; peak memory 1312 MiB.
2026-10-08T00:51:54Z INFO [335/900] 6811c7c7-e7f9-497b-b5da-bef82d723dd6: 23 groups; 22.5 s; peak memory 1312 MiB.
2026-10-08T00:52:08Z INFO [336/900] 68124c4f-ed6b-4e58-a071-bb9a621fb9ee: 2203 groups; 13.9 s; peak memory 1312 MiB.
2026-10-08T00:52:10Z INFO [337/900] 68125304-35ef-4413-a03d-ce22c482962d: 35 groups; 1.8 s; peak memory 1312 MiB.
2026-10-08T00:52:14Z INFO [338/900] 6813b09d-571d-46eb-9877-cfc7f4e68cc8: 36 groups; 4.5 s; peak memory 1312 MiB.
2026-10-08T00:52:16Z INFO [339/900] 68144da9-5a14-42ee-93bc-706de243dad1: 32 groups; 2.2 s; peak memory 1312 MiB.
2026-10-08T00:52:18Z INFO [340/900] 6814a6d6-381a-4fa5-8017-1745d6d9a02a: 32 groups; 1.7 s; peak memory 1312 MiB.
2026-10-08T00:52:20Z INFO [341/900] 6814be96-8bc6-4590-95a2-c5bbab3ef047: 253 groups; 1.9 s; peak memory 1312 MiB.
2026-10-08T00:52:22Z INFO [342/900] 6814e805-79c8-46dd-bd6f-4b49689dc9f4: 33 groups; 2.5 s; peak memory 1312 MiB.
2026-10-08T00:52:25Z INFO [343/900] 6815b046-0389-4a55-9b55-417817a4bad6: 341 groups; 2.8 s; peak memory 1312 MiB.
2026-10-08T00:52:27Z INFO [344/900] 6815c332-69cd-4f6e-aae5-b6b38b9eefb4: 32 groups; 1.4 s; peak memory 1312 MiB.
2026-10-08T00:52:28Z INFO [345/900] 68162705-5377-4d7e-a109-a15aa23441c1: 22 groups; 1.2 s; peak memory 1312 MiB.
2026-10-08T00:52:31Z INFO [346/900] 681655cc-11b1-4ca3-b7c1-1238fbc83d1d: 201 groups; 3.0 s; peak memory 1312 MiB.
2026-10-08T00:52:32Z INFO [347/900] 68166d9e-b346-4759-aef5-4e90f37f85c9: 32 groups; 1.4 s; peak memory 1312 MiB.
2026-10-08T00:52:34Z INFO [348/900] 68167631-2cd4-432d-96d4-09abf7f6451f: 35 groups; 1.9 s; peak memory 1312 MiB.
2026-10-08T00:52:35Z INFO [349/900] 68178c02-88fa-4982-b677-32b96142b3e8: 28 groups; 1.1 s; peak memory 1312 MiB.
2026-10-08T00:52:50Z INFO [350/900] 68180eab-36a9-4c20-8012-94fc6e45827e: 187 groups; 14.6 s; peak memory 1312 MiB.
2026-10-08T00:52:50Z INFO [350/900] 68180eab-36a9-4c20-8012-94fc6e45827e: checkpointed 97086 records.
2026-10-08T00:52:51Z INFO [351/900] 6818b9af-6185-4f83-a70f-e47bee26f888: 30 groups; 1.1 s; peak memory 1312 MiB.
2026-10-08T00:53:00Z INFO [352/900] 6818d810-67a8-4b35-8767-fc3347a72f39: 162 groups; 9.3 s; peak memory 1312 MiB.
2026-10-08T00:53:02Z INFO [353/900] 68196d62-a951-453a-9e30-9da940fc6ef0: 22 groups; 1.2 s; peak memory 1312 MiB.
2026-10-08T00:53:03Z INFO [354/900] 681991ba-b9ba-4659-a89e-ba585c11eeb2: 34 groups; 1.6 s; peak memory 1312 MiB.
2026-10-08T00:53:10Z INFO [355/900] 681adf59-9a5d-42e5-9435-de5d2d6734ff: 181 groups; 7.0 s; peak memory 1312 MiB.
2026-10-08T00:53:12Z INFO [356/900] 681aec05-b657-4110-aeb2-a505c7041ef8: 32 groups; 1.6 s; peak memory 1312 MiB.
2026-10-08T00:53:13Z INFO [357/900] 681b16b5-eba3-4ae2-94a6-4cf533988af4: 22 groups; 1.3 s; peak memory 1312 MiB.
2026-10-08T00:53:16Z INFO [358/900] 681b7113-fc88-4589-aadb-dc16b5719077: 48 groups; 2.8 s; peak memory 1312 MiB.
2026-10-08T00:53:18Z INFO [359/900] 681bc014-1efa-4ca6-afde-c1ad64196e14: 35 groups; 2.0 s; peak memory 1312 MiB.
2026-10-08T00:53:20Z INFO [360/900] 681c0e29-274d-41e4-a850-0afd9a53d925: 32 groups; 1.8 s; peak memory 1312 MiB.
2026-10-08T00:53:21Z INFO [361/900] 681c9bb7-77ac-4232-a7f4-ac1e1ac75545: 22 groups; 1.3 s; peak memory 1312 MiB.
2026-10-08T00:53:23Z INFO [362/900] 681d26ea-8d70-4f71-b897-a527732dea53: 202 groups; 1.8 s; peak memory 1312 MiB.
2026-10-08T00:53:27Z INFO [363/900] 681d461d-1e1e-45c9-be2e-2a364614f8fd: 56 groups; 4.3 s; peak memory 1312 MiB.
2026-10-08T00:53:28Z INFO [364/900] 681d4651-f1e1-4e48-95b5-7c3561e46553: 22 groups; 1.2 s; peak memory 1312 MiB.
2026-10-08T00:53:29Z INFO [365/900] 681ec5a5-6d10-4253-89ce-ce54c92b6d5e: 32 groups; 1.1 s; peak memory 1312 MiB.
2026-10-08T00:53:31Z INFO [366/900] 681f8b28-e84e-45d4-9310-03d8b1e42cf1: 22 groups; 1.4 s; peak memory 1312 MiB.
2026-10-08T00:53:34Z INFO [367/900] 681fb3cb-b5b8-489e-a535-916a5c14a959: 48 groups; 3.2 s; peak memory 1312 MiB.
2026-10-08T00:53:35Z INFO [368/900] 68203e5f-9d9c-4d1f-a9ad-90fb0c5c3339: 22 groups; 1.3 s; peak memory 1312 MiB.
2026-10-08T00:53:37Z INFO [369/900] 68213dda-b3ff-418d-b5f7-75a75762149c: 22 groups; 1.4 s; peak memory 1312 MiB.
2026-10-08T00:53:38Z INFO [370/900] 68214200-be3d-4063-af26-afe2aa00d928: 32 groups; 1.7 s; peak memory 1312 MiB.
2026-10-08T01:32:46Z INFO [371/900] 6821594c-b7b8-4fc4-8c20-5b0406dd0dc8: 526 groups; 2347.4 s; peak memory 1312 MiB.
2026-10-08T01:32:49Z INFO [372/900] 682178cc-66d5-4366-b934-94b64731b0e5: 194 groups; 3.1 s; peak memory 1312 MiB.
2026-10-08T01:32:50Z INFO [373/900] 6821e33f-70a5-4ec7-a0e2-01697e0bb063: 16 groups; 1.1 s; peak memory 1312 MiB.
2026-10-08T01:32:51Z INFO [374/900] 6821eb3e-1cb3-4e92-a489-256aee2a8987: 22 groups; 1.2 s; peak memory 1312 MiB.
2026-10-08T01:32:53Z INFO [375/900] 6822e2e0-ae5d-41e8-83ce-341ced919f4c: 35 groups; 2.1 s; peak memory 1312 MiB.
2026-10-08T01:32:55Z INFO [376/900] 68233f89-2b27-4987-ba56-42761ba46883: 22 groups; 1.3 s; peak memory 1312 MiB.
2026-10-08T01:32:57Z INFO [377/900] 6823884c-393e-4473-88cf-1931a5b72cf6: 17 groups; 2.8 s; peak memory 1312 MiB.
2026-10-08T01:32:59Z INFO [378/900] 68238fc6-764d-46b9-a1e2-cdb08172cb8b: 32 groups; 1.4 s; peak memory 1312 MiB.
2026-10-08T01:33:00Z INFO [379/900] 6823c051-7455-4fa3-b1a8-d7d051b50e5b: 32 groups; 1.6 s; peak memory 1312 MiB.
2026-10-08T01:33:03Z INFO [380/900] 6823ed1d-4995-42bf-ba9a-82cba8a80d8b: 206 groups; 2.2 s; peak memory 1312 MiB.
2026-10-08T01:33:10Z INFO [381/900] 68249f4a-b486-45bc-8b2b-a01b8c1e97ad: 148 groups; 7.5 s; peak memory 1312 MiB.
2026-10-08T01:33:11Z INFO [382/900] 6824ba04-aabb-46ef-91d0-0cf108d5db52: 26 groups; 1.2 s; peak memory 1312 MiB.
2026-10-08T01:36:18Z INFO [383/900] 6824ea4b-ac03-400e-8e0f-3a2d68b328ee: 42 groups; 187.0 s; peak memory 1312 MiB.
2026-10-08T01:36:21Z INFO [384/900] 68251643-39c6-473c-b2ca-cc7192c22d72: 48 groups; 3.0 s; peak memory 1312 MiB.
2026-10-08T01:36:22Z INFO [385/900] 68259f49-070d-4fbd-b308-4c29cc7486f4: 22 groups; 1.3 s; peak memory 1312 MiB.
2026-10-08T01:36:23Z INFO [386/900] 682616d3-ee7b-410c-92ae-87885ddf1344: 18 groups; 1.0 s; peak memory 1312 MiB.
2026-10-08T01:36:30Z INFO [387/900] 68269995-8216-4078-b7ea-fa3a09a19bd3: 138 groups; 6.7 s; peak memory 1312 MiB.
2026-10-08T02:00:10Z INFO [388/900] 6826f1e2-6cf5-4654-9e40-360040014530: 67 groups; 1419.6 s; peak memory 1312 MiB.
2026-10-08T02:00:25Z INFO [389/900] 6826f2ce-d954-49b2-8cd6-88ddfa7dbbca: 220 groups; 15.0 s; peak memory 1312 MiB.
2026-10-08T02:00:35Z INFO [390/900] 68275ef9-9a36-4c37-b3d3-4f2f92282c53: 259 groups; 10.7 s; peak memory 1312 MiB.
2026-10-08T02:00:37Z INFO [391/900] 6827c7a7-8646-45d6-baa9-7f3f02935dbd: 35 groups; 1.8 s; peak memory 1312 MiB.
2026-10-08T02:00:39Z INFO [392/900] 6827e976-a7ab-450f-bccd-b779c46fd88b: 22 groups; 1.3 s; peak memory 1312 MiB.
2026-10-08T02:00:45Z INFO [393/900] 68282e57-7801-472c-9f4d-214a8e200700: 84 groups; 6.9 s; peak memory 1312 MiB.
2026-10-08T02:00:49Z INFO [394/900] 68283f91-534f-428c-815c-5af82db285a0: 47 groups; 3.7 s; peak memory 1312 MiB.
2026-10-08T02:00:52Z INFO [395/900] 6828efb5-83ea-4706-8c7d-051219968afe: 44 groups; 2.9 s; peak memory 1312 MiB.
2026-10-08T02:00:53Z INFO [396/900] 6828f6a5-7fbd-437d-b994-a75c73119f3a: 31 groups; 1.3 s; peak memory 1312 MiB.
2026-10-08T02:03:16Z INFO [397/900] 682a7218-5b98-402b-8a8f-5b5b8a4d32c9: 60 groups; 142.4 s; peak memory 1312 MiB.
2026-10-08T02:03:17Z INFO [398/900] 682a9f90-1dfb-464a-812e-42b8a9c849fc: 22 groups; 1.4 s; peak memory 1312 MiB.
2026-10-08T02:03:19Z INFO [399/900] 682b0ba9-0580-4463-a6fb-da6bdf4283f2: 261 groups; 2.3 s; peak memory 1312 MiB.
2026-10-08T02:03:38Z INFO [400/900] 682dcf2a-1970-42fb-92f3-380530e92582: 27 groups; 18.4 s; peak memory 1312 MiB.
2026-10-08T02:03:38Z INFO [400/900] 682dcf2a-1970-42fb-92f3-380530e92582: checkpointed 97136 records.
2026-10-08T02:03:39Z INFO [401/900] 682e944e-0e18-4d36-97f4-95b55385b683: 22 groups; 1.3 s; peak memory 1312 MiB.
2026-10-08T02:03:47Z INFO [402/900] 682edd53-65a5-470a-a50f-0637e3cf6c3e: 191 groups; 8.2 s; peak memory 1312 MiB.
2026-10-08T02:03:58Z INFO [403/900] 682fc94b-31fd-465b-9d7a-bb2276da2554: 200 groups; 10.6 s; peak memory 1312 MiB.
2026-10-08T02:03:59Z INFO [404/900] 683021b3-86c1-4ad9-9e80-2049c52e61de: 22 groups; 1.3 s; peak memory 1312 MiB.
2026-10-08T02:04:19Z INFO [405/900] 6830f3aa-ea0f-4c1b-96e7-131fe73ffcee: 240 groups; 20.0 s; peak memory 1312 MiB.
2026-10-08T02:04:22Z INFO [406/900] 68310c18-e6b1-4e0c-ab3d-e35b727eae28: 48 groups; 3.2 s; peak memory 1312 MiB.
2026-10-08T02:04:24Z INFO [407/900] 68311a6a-43b8-4bb0-acbf-a1c40352436f: 22 groups; 1.3 s; peak memory 1312 MiB.
2026-10-08T02:05:31Z INFO [408/900] 6831706c-8dba-4380-b3ad-18bc75e205de: 1922 groups; 67.4 s; peak memory 1312 MiB.
2026-10-08T02:05:32Z INFO [409/900] 6831b5b2-c221-4cd0-898d-306c69debcae: 22 groups; 1.3 s; peak memory 1312 MiB.
2026-10-08T02:05:34Z INFO [410/900] 6831fbfa-f34c-4ded-a9ad-97f14aea4ca2: 22 groups; 1.3 s; peak memory 1312 MiB.
2026-10-08T02:05:35Z INFO [411/900] 68320b4c-69f9-4952-baae-e151529f8287: 32 groups; 1.4 s; peak memory 1312 MiB.
2026-10-08T02:05:37Z INFO [412/900] 68333823-05ed-4b62-9b1c-a1db7f83cf72: 32 groups; 1.7 s; peak memory 1312 MiB.
2026-10-08T02:05:39Z INFO [413/900] 68342edf-b6ae-4bbe-9cd5-c09119c1f40e: 573 groups; 2.5 s; peak memory 1312 MiB.
2026-10-08T02:05:41Z INFO [414/900] 68346a31-4b7d-44db-8f05-08ce869b3971: 35 groups; 1.4 s; peak memory 1312 MiB.
2026-10-08T02:05:42Z INFO [415/900] 6834db1b-e282-4bb4-918d-234f67727158: 22 groups; 1.2 s; peak memory 1312 MiB.
2026-10-08T02:05:43Z INFO [416/900] 6835a17e-9dd3-43f3-a8d4-8f1214f83598: 32 groups; 1.6 s; peak memory 1312 MiB.
2026-10-08T02:05:51Z INFO [417/900] 6835d390-e731-477a-bd0a-ba31d69e6beb: 179 groups; 7.6 s; peak memory 1312 MiB.
2026-10-08T02:06:19Z INFO [418/900] 6835dce9-97b8-4011-92f7-7d7c289d5945: 40 groups; 27.7 s; peak memory 1312 MiB.
2026-10-08T02:06:20Z INFO [419/900] 6835e1b9-e0cb-457b-949e-6d8db0c87bc9: 22 groups; 1.2 s; peak memory 1312 MiB.
2026-10-08T02:06:21Z INFO [420/900] 6836888c-4bc6-4029-95b5-2b6589109935: 16 groups; 0.9 s; peak memory 1312 MiB.
2026-10-08T02:06:28Z INFO [421/900] 6836e29b-0b28-40c0-a85a-6e078c367262: 133 groups; 6.9 s; peak memory 1312 MiB.
2026-10-08T02:06:29Z INFO [422/900] 683949a7-3404-425b-a80a-45b74f534614: 21 groups; 1.2 s; peak memory 1312 MiB.
2026-10-08T02:09:48Z INFO [423/900] 683c138a-185d-46d1-9db0-1b13a9b387d0: 42 groups; 199.4 s; peak memory 1312 MiB.
2026-10-08T02:09:50Z INFO [424/900] 683c49c1-825d-499a-a15d-9c67d3b37a0c: 32 groups; 1.5 s; peak memory 1312 MiB.
2026-10-08T02:09:51Z INFO [425/900] 683c4ad3-f71b-4864-bcfb-10a97b1418f2: 22 groups; 1.3 s; peak memory 1312 MiB.
2026-10-08T02:09:53Z INFO [426/900] 683c7cd5-ad69-439f-a283-01c8431a51cf: 32 groups; 1.4 s; peak memory 1312 MiB.
2026-10-08T02:09:54Z INFO [427/900] 683c8afb-3f59-4ca7-a4dc-546b5b48784c: 32 groups; 1.6 s; peak memory 1312 MiB.
2026-10-08T02:09:56Z INFO [428/900] 683d68e2-0ae0-4597-811e-9d02dad41cde: 32 groups; 1.5 s; peak memory 1312 MiB.
2026-10-08T02:09:57Z INFO [429/900] 683e4291-9136-4510-b859-f8b52d3891c0: 42 groups; 1.7 s; peak memory 1312 MiB.
2026-10-08T02:10:00Z INFO [430/900] 683e8125-f2ea-4359-b16c-e6da9d414ba6: 60 groups; 3.0 s; peak memory 1312 MiB.
2026-10-08T02:10:02Z INFO [431/900] 683e97d1-75a7-4ece-8ff5-23569d7cb499: 32 groups; 1.5 s; peak memory 1312 MiB.
2026-10-08T02:10:03Z INFO [432/900] 683ef6a0-4a01-4ced-9376-7c3c0b66cb7f: 17 groups; 1.2 s; peak memory 1312 MiB.
2026-10-08T02:10:04Z INFO [433/900] 683f2d59-38b6-4eaf-a98d-f21b2110a6ac: 22 groups; 1.2 s; peak memory 1312 MiB.
2026-10-08T02:10:05Z INFO [434/900] 68402275-0379-4018-912b-4fca44de96ff: 16 groups; 1.1 s; peak memory 1312 MiB.
2026-10-08T02:10:07Z INFO [435/900] 6841522e-351e-4491-ae03-c379d3e29b26: 29 groups; 1.2 s; peak memory 1312 MiB.
2026-10-08T02:10:08Z INFO [436/900] 6841dcbc-9901-4551-aa6d-dee49a220052: 71 groups; 1.6 s; peak memory 1312 MiB.
2026-10-08T02:10:10Z INFO [437/900] 6841f0e1-f767-45f6-bcfb-29c2fc357a7f: 108 groups; 1.9 s; peak memory 1312 MiB.
2026-10-08T02:10:34Z INFO [438/900] 6841f314-c0e4-4e7e-b62d-787fbbc46b72: 157 groups; 24.5 s; peak memory 1312 MiB.
2026-10-08T02:10:36Z INFO [439/900] 684223b1-f446-41d2-be0f-ccd3e88b7d35: 29 groups; 1.8 s; peak memory 1312 MiB.
2026-10-08T02:10:38Z INFO [440/900] 684398f4-37e9-4619-b080-e627cac015af: 33 groups; 1.4 s; peak memory 1312 MiB.
2026-10-08T02:10:40Z INFO [441/900] 6843d3d6-261d-43e1-a4c8-987cf72966fd: 17 groups; 2.6 s; peak memory 1312 MiB.
2026-10-08T02:10:42Z INFO [442/900] 6843f943-012c-4302-95e2-93cbe974c45e: 35 groups; 1.8 s; peak memory 1312 MiB.
2026-10-08T02:10:45Z INFO [443/900] 6843fd30-8483-4f5f-ba9f-d2f82d91e470: 27 groups; 2.7 s; peak memory 1312 MiB.
2026-10-08T02:10:46Z INFO [444/900] 6844a14a-995e-4ec9-92da-81eb5f21dfe3: 32 groups; 1.6 s; peak memory 1312 MiB.
2026-10-08T02:10:53Z INFO [445/900] 68463be9-9a9d-4d59-a688-9b13d1369cdd: 59 groups; 6.6 s; peak memory 1312 MiB.
2026-10-08T02:10:54Z INFO [446/900] 68468c32-3be3-47b7-8b3e-ba2d2a4c389c: 103 groups; 1.4 s; peak memory 1312 MiB.
2026-10-08T02:10:57Z INFO [447/900] 68469eab-21fe-4bb9-98db-9368735c3ce8: 35 groups; 2.2 s; peak memory 1312 MiB.
2026-10-08T02:10:59Z INFO [448/900] 6846d407-85bf-45cf-b3d0-14a7bfc03630: 341 groups; 2.4 s; peak memory 1312 MiB.
2026-10-08T02:11:01Z INFO [449/900] 6847335d-f6c0-490e-8ed7-df34723a01e3: 35 groups; 2.4 s; peak memory 1312 MiB.
2026-10-08T02:11:03Z INFO [450/900] 68486a54-9c56-4256-9d07-6a60258b3dec: 103 groups; 1.7 s; peak memory 1312 MiB.
2026-10-08T02:11:03Z INFO [450/900] 68486a54-9c56-4256-9d07-6a60258b3dec: checkpointed 97186 records.
2026-10-08T02:11:05Z INFO [451/900] 68494ae0-2fde-4f3d-8761-8f97af7756d0: 32 groups; 1.5 s; peak memory 1312 MiB.
2026-10-08T02:11:11Z INFO [452/900] 68499e15-ce8b-4741-b7eb-4e03dfc50bde: 159 groups; 6.4 s; peak memory 1312 MiB.
2026-10-08T02:11:13Z INFO [453/900] 6849b3ee-c53c-48f8-94a2-319d37b721a8: 32 groups; 1.5 s; peak memory 1312 MiB.
2026-10-08T02:11:14Z INFO [454/900] 684a4aa9-fbea-4b93-bf93-b03d38dc7138: 35 groups; 1.9 s; peak memory 1312 MiB.
2026-10-08T02:11:15Z INFO [455/900] 684a8b61-dab3-4477-ba57-602e40e848f4: 30 groups; 1.0 s; peak memory 1312 MiB.
2026-10-08T02:11:17Z INFO [456/900] 684af05b-931c-401b-9400-cf2345d3156d: 22 groups; 1.2 s; peak memory 1312 MiB.
2026-10-08T02:11:24Z INFO [457/900] 684b5142-7a6b-444a-aea8-9970dd4e8dbb: 181 groups; 7.4 s; peak memory 1312 MiB.
2026-10-08T02:11:26Z INFO [458/900] 684b6f1a-cb7d-455c-a2f6-7b94e6b3ee26: 201 groups; 1.9 s; peak memory 1312 MiB.
2026-10-08T02:11:27Z INFO [459/900] 684c4878-6865-4e57-9503-56a8a343e782: 22 groups; 1.2 s; peak memory 1312 MiB.
2026-10-08T02:11:30Z INFO [460/900] 684c944f-84c5-470b-8db5-39581e3749af: 48 groups; 2.9 s; peak memory 1312 MiB.
2026-10-08T02:11:32Z INFO [461/900] 684d7f1d-ed5d-4c18-9706-5bfd348695af: 41 groups; 1.9 s; peak memory 1312 MiB.
2026-10-08T02:11:33Z INFO [462/900] 684dda03-940a-4aef-87dc-0fe74bff7569: 32 groups; 1.5 s; peak memory 1312 MiB.
2026-10-08T02:11:44Z INFO [463/900] 684e1dc8-914c-4fe6-9d22-b4d6f0ebdc22: 208 groups; 10.7 s; peak memory 1312 MiB.
2026-10-08T02:11:46Z INFO [464/900] 684e3d28-e680-4d5d-a3e8-0e7920dbb4c1: 35 groups; 2.1 s; peak memory 1312 MiB.
2026-10-08T02:11:48Z INFO [465/900] 684e70c6-aaca-4af8-a0b5-7ca6f7a1765f: 35 groups; 1.7 s; peak memory 1312 MiB.
2026-10-08T02:11:54Z INFO [466/900] 684e9880-fa28-4e5a-8869-ebcc328639d5: 68 groups; 5.9 s; peak memory 1312 MiB.
2026-10-08T02:11:56Z INFO [467/900] 684eaed4-ef87-4d68-a7ee-fea1a755d805: 33 groups; 2.3 s; peak memory 1312 MiB.
2026-10-08T02:11:58Z INFO [468/900] 684ecfa0-632b-4d8c-9fda-b5a1256ffa52: 32 groups; 1.5 s; peak memory 1312 MiB.
2026-10-08T02:11:59Z INFO [469/900] 684faa6d-6334-4c97-86e7-cb6470c22aa5: 22 groups; 1.3 s; peak memory 1312 MiB.
2026-10-08T02:14:18Z INFO [470/900] 6850782b-5147-44cf-803f-6c44a2792504: 80 groups; 139.0 s; peak memory 1312 MiB.
2026-10-08T02:14:19Z INFO [471/900] 6850900f-f624-471f-8f7b-a9ea98494c05: 32 groups; 1.5 s; peak memory 1312 MiB.
2026-10-08T02:14:21Z INFO [472/900] 6851dc4f-7ca9-4548-8a09-ec8e7f11b8bb: 22 groups; 1.4 s; peak memory 1312 MiB.
2026-10-08T02:14:22Z INFO [473/900] 6852ac8b-553c-4075-ab80-373070573664: 22 groups; 1.5 s; peak memory 1312 MiB.
2026-10-08T02:14:25Z INFO [474/900] 6853df75-b1a2-4aec-a191-f822d3947e1e: 48 groups; 3.0 s; peak memory 1312 MiB.
2026-10-08T02:14:34Z INFO [475/900] 68543b1f-82c0-45ea-9d63-584949c570cb: 50 groups; 8.7 s; peak memory 1312 MiB.
2026-10-08T02:14:35Z INFO [476/900] 68544399-2c3f-4453-a850-ad859a6c6faf: 31 groups; 1.2 s; peak memory 1312 MiB.
2026-10-08T02:14:36Z INFO [477/900] 68545bf9-589f-40ce-98d1-68eddff485ac: 22 groups; 1.3 s; peak memory 1312 MiB.
2026-10-08T02:14:38Z INFO [478/900] 68549b5c-6afe-4acf-a2ab-ffa539aa3306: 22 groups; 1.2 s; peak memory 1312 MiB.
2026-10-08T02:14:39Z INFO [479/900] 6854d040-1e54-418c-88d9-63dd9c98059f: 32 groups; 1.5 s; peak memory 1312 MiB.
2026-10-08T02:14:40Z INFO [480/900] 6855926d-22bb-43aa-a6ef-c8785f2815f4: 28 groups; 1.1 s; peak memory 1312 MiB.
2026-10-08T02:14:43Z INFO [481/900] 6855b277-0af9-48fb-9888-f103d6ede703: 49 groups; 3.1 s; peak memory 1312 MiB.
2026-10-08T02:14:45Z INFO [482/900] 6855e366-acb4-4a8a-b200-2a4cfdcd223c: 22 groups; 1.1 s; peak memory 1312 MiB.
2026-10-08T02:14:46Z INFO [483/900] 68562d70-9a63-44cf-ade9-dfc13cc80fa0: 16 groups; 1.1 s; peak memory 1312 MiB.
2026-10-08T02:14:47Z INFO [484/900] 68565abe-cc28-4be6-8d4a-81df6dfdaae1: 35 groups; 1.8 s; peak memory 1312 MiB.
2026-10-08T02:14:50Z INFO [485/900] 6856825a-5c43-4dfe-bfff-c5eb19880762: 48 groups; 2.4 s; peak memory 1312 MiB.
2026-10-08T02:15:07Z INFO [486/900] 6857883d-66a0-4671-9fd8-6c699b348c2e: 214 groups; 16.9 s; peak memory 1312 MiB.
2026-10-08T02:15:08Z INFO [487/900] 68587ea0-0467-43a0-8a61-51811b9b2a54: 22 groups; 1.3 s; peak memory 1312 MiB.
2026-10-08T02:20:44Z INFO [488/900] 685976d1-cf77-4686-a574-3ee7e0deff48: 35 groups; 335.9 s; peak memory 1312 MiB.
2026-10-08T02:23:10Z INFO [489/900] 68598521-aa0b-4679-bd8e-a50686d08db5: 60 groups; 145.7 s; peak memory 1312 MiB.
2026-10-08T02:23:11Z INFO [490/900] 685a0a60-c2b5-4248-9753-134461a28b2f: 25 groups; 1.2 s; peak memory 1312 MiB.
2026-10-08T02:23:12Z INFO [491/900] 685a0fc3-5638-476a-98d6-2d1c831f15b7: 22 groups; 1.3 s; peak memory 1312 MiB.
2026-10-08T02:23:13Z INFO [492/900] 685a856d-cd4b-4471-818e-bc763fa4c191: 20 groups; 1.3 s; peak memory 1312 MiB.
2026-10-08T02:23:15Z INFO [493/900] 685aae08-88a4-483f-bccb-d4d2c7fa6dee: 22 groups; 1.3 s; peak memory 1312 MiB.
2026-10-08T02:23:22Z INFO [494/900] 685ae7b8-735d-424f-a000-2a642c264be4: 105 groups; 7.1 s; peak memory 1312 MiB.
2026-10-08T02:23:24Z INFO [495/900] 685ba171-3e02-4db0-bf7f-b55ab19db92c: 341 groups; 2.1 s; peak memory 1312 MiB.
2026-10-08T02:23:38Z INFO [496/900] 685bcdcd-8c63-4450-a69b-eb92d9043ddf: 179 groups; 14.1 s; peak memory 1312 MiB.
2026-10-08T02:23:39Z INFO [497/900] 685be4a5-fff2-490c-95b0-469b83445ebf: 17 groups; 1.2 s; peak memory 1312 MiB.
2026-10-08T02:23:41Z INFO [498/900] 685bfb7c-eece-43c8-bf92-baccf81c44c4: 207 groups; 2.0 s; peak memory 1312 MiB.
2026-10-08T02:24:07Z INFO [499/900] 685cb188-7c09-47a0-9e8d-4e56dec2493c: 307 groups; 25.4 s; peak memory 1312 MiB.
2026-10-08T02:24:08Z INFO [500/900] 685cc281-1f70-4963-8afa-d5435e63a60a: 33 groups; 1.6 s; peak memory 1312 MiB.
2026-10-08T02:24:09Z INFO [500/900] 685cc281-1f70-4963-8afa-d5435e63a60a: checkpointed 97236 records.
2026-10-08T02:24:11Z INFO [501/900] 685d8c16-77e4-46ee-80ce-afdbe80e1e31: 35 groups; 2.0 s; peak memory 1312 MiB.
2026-10-08T02:24:12Z INFO [502/900] 685de0c9-4dff-496a-a9d2-e267fe21c75e: 16 groups; 1.2 s; peak memory 1312 MiB.
2026-10-08T02:24:13Z INFO [503/900] 685dfbf6-92fb-4bd7-ab4c-9c2fdebde5f2: 22 groups; 1.3 s; peak memory 1312 MiB.
2026-10-08T02:24:15Z INFO [504/900] 685e7c86-39eb-41f6-9b2b-98c2f75dc6e5: 32 groups; 1.5 s; peak memory 1312 MiB.
2026-10-08T02:24:18Z INFO [505/900] 685e959b-0078-4fb7-8dbc-5ce2a32861af: 50 groups; 3.5 s; peak memory 1312 MiB.
2026-10-08T02:24:19Z INFO [506/900] 685f102b-86cb-4551-b81e-1e43f4ed0dac: 28 groups; 1.2 s; peak memory 1312 MiB.
2026-10-08T02:24:22Z INFO [507/900] 685f7b7d-1e7e-425c-85f3-6c4b76f28919: 35 groups; 2.2 s; peak memory 1312 MiB.
2026-10-08T02:24:23Z INFO [508/900] 6860be00-2965-4035-8b94-110ef1c33d03: 22 groups; 1.2 s; peak memory 1312 MiB.
2026-10-08T02:24:24Z INFO [509/900] 6860d868-2c0e-4a6b-b530-6fa240b6d335: 22 groups; 1.3 s; peak memory 1312 MiB.
2026-10-08T02:24:26Z INFO [510/900] 6862555c-0b0e-4167-9a79-391bbdbaccc2: 33 groups; 1.9 s; peak memory 1312 MiB.
2026-10-08T02:24:27Z INFO [511/900] 6862a25a-5716-4dc2-8dde-a75635353e74: 22 groups; 1.4 s; peak memory 1312 MiB.
2026-10-08T02:24:30Z INFO [512/900] 686370d1-8406-485a-9752-ff42c655b36c: 341 groups; 2.9 s; peak memory 1312 MiB.
2026-10-08T02:24:33Z INFO [513/900] 6863744a-256a-448e-a1a6-46313c09ed6e: 17 groups; 2.9 s; peak memory 1312 MiB.
2026-10-08T02:24:34Z INFO [514/900] 68648527-ac93-449b-b756-db0af3e0a1a8: 22 groups; 1.2 s; peak memory 1312 MiB.
2026-10-08T02:26:53Z INFO [515/900] 6864e408-12c2-4693-bf69-3361cf1ee58a: 60 groups; 138.3 s; peak memory 1312 MiB.
2026-10-08T02:27:15Z INFO [516/900] 686503bf-a412-44be-be20-4cab5a7e538e: 23 groups; 22.7 s; peak memory 1312 MiB.
2026-10-08T02:27:17Z INFO [517/900] 6867746a-456d-4b94-861d-d3d852cbcb1b: 35 groups; 1.7 s; peak memory 1312 MiB.
2026-10-08T02:27:18Z INFO [518/900] 6867a006-e325-45fd-b55b-69d2c6292706: 22 groups; 1.4 s; peak memory 1312 MiB.
2026-10-08T02:27:25Z INFO [519/900] 6867dd36-f91a-4aa8-9d97-140530ae1190: 119 groups; 6.3 s; peak memory 1312 MiB.
2026-10-08T02:27:26Z INFO [520/900] 68693853-de12-4366-a0ea-8da661dc24aa: 32 groups; 1.5 s; peak memory 1312 MiB.
2026-10-08T02:27:44Z INFO [521/900] 6869963b-35a7-4ece-99ea-74b9e13a952d: 92 groups; 17.5 s; peak memory 1312 MiB.
2026-10-08T02:27:46Z INFO [522/900] 6869e64e-83fb-435b-8aab-0925ac1288da: 33 groups; 2.1 s; peak memory 1312 MiB.
2026-10-08T02:27:47Z INFO [523/900] 686a537e-e2c5-40f0-af03-1c465913fcd8: 33 groups; 1.3 s; peak memory 1312 MiB.
2026-10-08T02:27:55Z INFO [524/900] 686ac29d-4ffc-48ab-9bd2-765d5438a37a: 86 groups; 7.5 s; peak memory 1312 MiB.
2026-10-08T02:27:57Z INFO [525/900] 686afa9d-eac3-40f0-b4cf-98e6628b90de: 27 groups; 2.3 s; peak memory 1312 MiB.
2026-10-08T02:28:08Z INFO [526/900] 686bc91e-374d-4a8d-8f68-2307af12bdba: 123 groups; 10.8 s; peak memory 1312 MiB.
2026-10-08T02:28:09Z INFO [527/900] 686c5d4c-2376-4a4e-ae45-e87b4b293a58: 87 groups; 1.7 s; peak memory 1312 MiB.
2026-10-08T02:28:11Z INFO [528/900] 686cac9b-8a0a-4e66-af1d-cecf364804ee: 22 groups; 1.2 s; peak memory 1312 MiB.
2026-10-08T02:28:25Z INFO [529/900] 686d4086-8f18-4a75-8975-adec739226e5: 276 groups; 14.1 s; peak memory 1312 MiB.
2026-10-08T02:28:27Z INFO [530/900] 686d8818-3b02-4255-bc11-72bcee26f7ca: 29 groups; 2.3 s; peak memory 1312 MiB.
2026-10-08T02:28:29Z INFO [531/900] 686dccda-5b92-4940-8d73-a610536b0149: 195 groups; 1.7 s; peak memory 1312 MiB.
2026-10-08T02:28:31Z INFO [532/900] 686eb43e-7bd2-4bde-adcd-0de5a76b7702: 31 groups; 2.0 s; peak memory 1312 MiB.
2026-10-08T02:28:32Z INFO [533/900] 686f5e3c-4b2c-48c8-9ab4-a3d080c0b022: 32 groups; 1.5 s; peak memory 1312 MiB.
2026-10-08T02:28:34Z INFO [534/900] 686fdcbf-316e-4126-bd82-d57bc43f6b02: 33 groups; 1.7 s; peak memory 1312 MiB.
2026-10-08T02:28:36Z INFO [535/900] 686fe278-79c9-408c-9c41-eeb63e2cf81e: 207 groups; 1.9 s; peak memory 1312 MiB.
2026-10-08T02:28:37Z INFO [536/900] 68706efb-8cdb-48e4-9474-77087567fada: 24 groups; 1.3 s; peak memory 1312 MiB.
2026-10-08T02:28:39Z INFO [537/900] 6871bae0-9430-4b1f-ac43-d6e16503fd08: 35 groups; 1.9 s; peak memory 1312 MiB.
2026-10-08T02:28:48Z INFO [538/900] 68723c7b-e0ea-4e79-ba33-2e984bfb2c7c: 192 groups; 8.8 s; peak memory 1312 MiB.
2026-10-08T02:28:49Z INFO [539/900] 6873c224-739e-493c-90b4-43f1153f8972: 22 groups; 1.4 s; peak memory 1312 MiB.
2026-10-08T02:28:50Z INFO [540/900] 68742170-5470-46cf-b79e-35bfeba515a0: 22 groups; 1.3 s; peak memory 1312 MiB.
2026-10-08T02:28:52Z INFO [541/900] 687444de-f588-42f5-b788-ecfcdb749318: 34 groups; 1.8 s; peak memory 1312 MiB.
2026-10-08T02:28:54Z INFO [542/900] 68748b26-b12d-4f0b-8361-52d1c2c00c46: 35 groups; 1.9 s; peak memory 1312 MiB.
2026-10-08T02:28:56Z INFO [543/900] 68764508-61e8-4f57-9d56-26fd06e525b6: 22 groups; 1.3 s; peak memory 1312 MiB.
2026-10-08T02:28:57Z INFO [544/900] 6876747d-432a-4cd3-bec9-14ae38a1845e: 35 groups; 1.6 s; peak memory 1312 MiB.
2026-10-08T02:28:59Z INFO [545/900] 687686a3-472c-47e4-af8e-d8d054ed1169: 35 groups; 1.9 s; peak memory 1312 MiB.
2026-10-08T02:29:05Z INFO [546/900] 6878b49b-3e30-4463-b470-9a77550d9e76: 181 groups; 5.8 s; peak memory 1312 MiB.
2026-10-08T02:29:06Z INFO [547/900] 6879622f-25a4-45be-ab90-d589d42109fd: 32 groups; 1.6 s; peak memory 1312 MiB.
2026-10-08T02:29:08Z INFO [548/900] 6879705f-67c5-4949-be4b-a103c6073f6b: 30 groups; 1.5 s; peak memory 1312 MiB.
2026-10-08T02:29:09Z INFO [549/900] 687a10fb-3e8a-451c-9657-a5af75318c9e: 254 groups; 1.4 s; peak memory 1312 MiB.
2026-10-08T02:29:11Z INFO [550/900] 687a4f9b-d91e-4fc6-bbb8-fd9a3a909436: 22 groups; 1.3 s; peak memory 1312 MiB.
2026-10-08T02:29:11Z INFO [550/900] 687a4f9b-d91e-4fc6-bbb8-fd9a3a909436: checkpointed 97286 records.
2026-10-08T02:29:17Z INFO [551/900] 687a5e0f-47c7-487e-bf18-dc0ab030f84c: 149 groups; 6.3 s; peak memory 1312 MiB.
2026-10-08T02:29:25Z INFO [552/900] 687bc1ac-1306-4999-aa18-4e8d1088bd05: 181 groups; 7.6 s; peak memory 1312 MiB.
2026-10-08T02:29:33Z INFO [553/900] 687bcdf3-bfe3-46e1-91df-d15050987d4d: 17 groups; 8.8 s; peak memory 1312 MiB.
2026-10-08T02:29:44Z INFO [554/900] 687bd4d9-5348-4859-a3f7-bdcbe7994e70: 56 groups; 10.6 s; peak memory 1312 MiB.
2026-10-08T02:29:45Z INFO [555/900] 687cd894-e7f5-45b8-9344-86ac1b140d2b: 41 groups; 1.4 s; peak memory 1312 MiB.
2026-10-08T02:30:00Z INFO [556/900] 687de5a1-9024-436c-8b95-0f41660d72b6: 292 groups; 14.6 s; peak memory 1312 MiB.
2026-10-08T02:30:02Z INFO [557/900] 687f4275-7eef-43dd-a47c-545a4b333694: 32 groups; 1.6 s; peak memory 1312 MiB.
2026-10-08T02:30:03Z INFO [558/900] 687f81d8-f464-475c-bc0c-f3014e607ec1: 28 groups; 1.2 s; peak memory 1312 MiB.
2026-10-08T02:30:04Z INFO [559/900] 687fa1ec-2e87-492a-9571-6b1f01c7a413: 22 groups; 1.3 s; peak memory 1312 MiB.
2026-10-08T02:30:25Z INFO [560/900] 687fcc3e-c24c-4e2b-83b8-1e012d408ce6: 23 groups; 21.3 s; peak memory 1312 MiB.
2026-10-08T02:30:35Z INFO [561/900] 68804c39-0dab-49db-91b4-988ca8a7c704: 70 groups; 9.1 s; peak memory 1312 MiB.
2026-10-08T02:30:43Z INFO [562/900] 6880c9f3-a266-496e-bea9-c955936f40d0: 56 groups; 8.3 s; peak memory 1312 MiB.
2026-10-08T02:30:44Z INFO [563/900] 68813d08-1d49-4fe7-88fa-c8ba7c7a0f82: 36 groups; 1.5 s; peak memory 1312 MiB.
2026-10-08T02:30:46Z INFO [564/900] 688163fb-8e17-44d9-8124-2a1519ef65f1: 202 groups; 1.7 s; peak memory 1312 MiB.
2026-10-08T02:30:48Z INFO [565/900] 68819719-290d-42be-a158-024bdbe78653: 40 groups; 1.8 s; peak memory 1312 MiB.
2026-10-08T02:30:49Z INFO [566/900] 6881d78d-31a4-4fb0-b1b0-4ee8f4e1228b: 16 groups; 1.4 s; peak memory 1312 MiB.
2026-10-08T02:30:50Z INFO [567/900] 6881e2df-8bea-42b1-8126-2abd2cae6673: 16 groups; 1.0 s; peak memory 1312 MiB.
2026-10-08T02:30:52Z INFO [568/900] 688258ac-e1bf-4252-a0ae-f90a26b59669: 32 groups; 1.4 s; peak memory 1312 MiB.
2026-10-08T02:30:54Z INFO [569/900] 68825c92-3b27-42d0-abca-d14cecdee46b: 33 groups; 2.4 s; peak memory 1312 MiB.
2026-10-08T02:30:56Z INFO [570/900] 688360ce-2a5c-45b8-8c32-575d502967a4: 202 groups; 1.7 s; peak memory 1312 MiB.
2026-10-08T02:30:57Z INFO [571/900] 6883bef4-cfe0-4444-ac57-03ef8683e281: 22 groups; 1.2 s; peak memory 1312 MiB.
2026-10-08T02:30:59Z INFO [572/900] 6883d0fa-99cc-4060-abde-5b627214b5dd: 35 groups; 1.6 s; peak memory 1312 MiB.
2026-10-08T02:31:00Z INFO [573/900] 6884545c-05a2-4c1d-af21-1a9d1524ebfe: 32 groups; 1.5 s; peak memory 1312 MiB.
2026-10-08T02:31:02Z INFO [574/900] 6884651f-1bb0-4f66-bcbd-7d82177c76d6: 22 groups; 1.4 s; peak memory 1312 MiB.
2026-10-08T02:31:03Z INFO [575/900] 6884e6b8-6375-4289-af2c-6d55f5f31ef6: 257 groups; 1.8 s; peak memory 1312 MiB.
2026-10-08T02:31:19Z INFO [576/900] 6886ffb1-1621-4144-881c-028ac5683ff4: 17 groups; 15.6 s; peak memory 1312 MiB.
2026-10-08T02:31:20Z INFO [577/900] 68872770-c8c5-4256-8601-70f7cf4e0821: 32 groups; 1.5 s; peak memory 1312 MiB.
2026-10-08T02:31:23Z INFO [578/900] 68881127-76db-496f-837b-d1fb2b000719: 200 groups; 2.5 s; peak memory 1312 MiB.
2026-10-08T02:31:24Z INFO [579/900] 68883e28-7746-45cd-a9b6-c5fe1b5f2a19: 22 groups; 1.2 s; peak memory 1312 MiB.
2026-10-08T02:31:26Z INFO [580/900] 68895070-bd6b-4d96-8223-43079365e520: 32 groups; 1.5 s; peak memory 1312 MiB.
2026-10-08T02:31:27Z INFO [581/900] 688a4c5f-a109-49fc-a31b-585041c7c737: 22 groups; 1.2 s; peak memory 1312 MiB.
2026-10-08T02:31:28Z INFO [582/900] 688a71d2-a91e-4c99-b03a-e6414c9fa47b: 32 groups; 1.5 s; peak memory 1312 MiB.
2026-10-08T02:31:30Z INFO [583/900] 688af00a-3736-4c4f-bbe2-2f144d6d1ca2: 35 groups; 1.8 s; peak memory 1312 MiB.
2026-10-08T02:31:32Z INFO [584/900] 688b394b-bcd9-463c-8111-d394039e1ecc: 95 groups; 1.6 s; peak memory 1312 MiB.
2026-10-08T02:31:33Z INFO [585/900] 688ba3d3-f39d-4e36-90c2-e83d5a2a6909: 22 groups; 1.3 s; peak memory 1312 MiB.
2026-10-08T02:31:42Z INFO [586/900] 688bfe45-6361-43a2-b24d-938f3f978e9f: 185 groups; 8.8 s; peak memory 1312 MiB.
2026-10-08T02:31:44Z INFO [587/900] 688d20f2-f9b6-4ade-9568-a75d29bbb3b1: 35 groups; 2.2 s; peak memory 1312 MiB.
2026-10-08T02:31:46Z INFO [588/900] 688d6732-394d-41d2-b834-fadb25c8fda9: 195 groups; 1.7 s; peak memory 1312 MiB.
2026-10-08T02:31:47Z INFO [589/900] 688dac01-afd2-4340-8f92-4a79575cccb3: 35 groups; 1.7 s; peak memory 1312 MiB.
2026-10-08T02:31:49Z INFO [590/900] 688e102e-477d-4ddc-86b9-f870f0109989: 22 groups; 1.3 s; peak memory 1312 MiB.
2026-10-08T02:31:50Z INFO [591/900] 688e4851-480e-4b2d-b0ca-5be827b3348a: 31 groups; 1.1 s; peak memory 1312 MiB.
2026-10-08T02:31:53Z INFO [592/900] 688e9df2-2792-407e-a91c-b0d3f0908bec: 37 groups; 2.8 s; peak memory 1312 MiB.
2026-10-08T02:31:54Z INFO [593/900] 688ec3ca-9caa-458e-9f3f-2807894ddebc: 25 groups; 1.3 s; peak memory 1312 MiB.
2026-10-08T02:31:56Z INFO [594/900] 688f749f-ac16-448c-8c76-e17b6efc596d: 32 groups; 1.6 s; peak memory 1312 MiB.
2026-10-08T02:32:48Z INFO [595/900] 688f9221-e4d1-40b5-a19a-77afdb180f75: 26 groups; 52.4 s; peak memory 1312 MiB.
2026-10-08T02:32:51Z INFO [596/900] 68903658-b2c5-46e8-a7f1-5cff45c60802: 48 groups; 3.2 s; peak memory 1312 MiB.
2026-10-08T02:33:06Z INFO [597/900] 6890d12f-a2cd-4240-9aa5-711764aac033: 69 groups; 15.2 s; peak memory 1312 MiB.
2026-10-08T02:33:08Z INFO [598/900] 6890d4b7-ce26-4c1e-bcb7-23d236790f87: 22 groups; 1.3 s; peak memory 1312 MiB.
2026-10-08T02:33:09Z INFO [599/900] 689154e4-2d17-481d-aa93-3c1962c3bf0c: 22 groups; 1.3 s; peak memory 1312 MiB.
2026-10-08T02:33:11Z INFO [600/900] 6891a3c6-e366-41dd-8894-e6e21d850b2a: 104 groups; 1.9 s; peak memory 1312 MiB.
2026-10-08T02:33:11Z INFO [600/900] 6891a3c6-e366-41dd-8894-e6e21d850b2a: checkpointed 97336 records.
2026-10-08T02:33:25Z INFO [601/900] 6891b420-d382-432a-ac21-c04b427347df: 206 groups; 13.7 s; peak memory 1312 MiB.
2026-10-08T02:33:26Z INFO [602/900] 689284d0-a0a1-4b68-a0fa-1630921df4bb: 32 groups; 1.4 s; peak memory 1312 MiB.
2026-10-08T02:33:28Z INFO [603/900] 68938f3a-787a-415d-a90c-e83b36ece543: 41 groups; 1.4 s; peak memory 1312 MiB.
2026-10-08T02:33:31Z INFO [604/900] 6893c993-89b0-4604-a7b0-fd96eeebd62d: 34 groups; 3.0 s; peak memory 1312 MiB.
2026-10-08T02:33:32Z INFO [605/900] 6893e31f-a5c3-41d3-bc6d-98d17e403e05: 18 groups; 1.0 s; peak memory 1312 MiB.
2026-10-08T02:33:36Z INFO [606/900] 68946d98-d4e6-4f49-ada9-136686937b21: 80 groups; 4.2 s; peak memory 1312 MiB.
2026-10-08T02:33:37Z INFO [607/900] 68950eaa-76d4-4eea-bb30-fa980e463558: 22 groups; 1.3 s; peak memory 1312 MiB.
2026-10-08T02:33:39Z INFO [608/900] 68959cad-459f-4b92-8002-9fea446ef721: 32 groups; 1.5 s; peak memory 1312 MiB.
2026-10-08T02:33:40Z INFO [609/900] 6895dfbe-66e7-4f55-b267-021f39276ba5: 22 groups; 1.2 s; peak memory 1312 MiB.
2026-10-08T02:33:41Z INFO [610/900] 68962a5c-6bcb-446f-bc1b-4aadf30f290a: 31 groups; 1.3 s; peak memory 1312 MiB.
2026-10-08T02:33:43Z INFO [611/900] 6897d7c9-258b-41f7-8621-d7ce85bef78c: 24 groups; 1.5 s; peak memory 1312 MiB.
2026-10-08T02:33:44Z INFO [612/900] 68980cc3-38a3-4e45-935c-3b2200aec86a: 22 groups; 1.3 s; peak memory 1312 MiB.
2026-10-08T02:33:45Z INFO [613/900] 689858ab-b80a-4cca-a72c-7cbfeb372203: 22 groups; 1.2 s; peak memory 1312 MiB.
2026-10-08T02:33:47Z INFO [614/900] 6898c7b6-8e9f-4ab8-89de-3dc37c0239f0: 32 groups; 1.6 s; peak memory 1312 MiB.
2026-10-08T02:33:48Z INFO [615/900] 6898d7e0-7391-465f-9b65-42fe48bc07ce: 22 groups; 1.2 s; peak memory 1312 MiB.
2026-10-08T02:33:50Z INFO [616/900] 68992f81-704c-489b-b80a-b293ff09c5cc: 32 groups; 1.9 s; peak memory 1312 MiB.
2026-10-08T02:33:52Z INFO [617/900] 6899c01e-aaf0-4d73-981f-8a4bc34ead36: 26 groups; 1.7 s; peak memory 1312 MiB.
2026-10-08T02:33:53Z INFO [618/900] 6899c642-a271-440a-b17c-36e6b2a03aed: 71 groups; 1.3 s; peak memory 1312 MiB.
2026-10-08T02:33:55Z INFO [619/900] 6899dfc0-b979-4443-9ec4-2d4c8a459a3a: 35 groups; 1.8 s; peak memory 1312 MiB.
2026-10-08T02:33:56Z INFO [620/900] 6899fe44-74e4-4015-99d7-8feef777e6f8: 22 groups; 1.2 s; peak memory 1312 MiB.
2026-10-08T02:33:57Z INFO [621/900] 689a4f7a-4ce8-45e9-901d-4800b3fcca45: 22 groups; 1.2 s; peak memory 1312 MiB.
2026-10-08T02:33:59Z INFO [622/900] 689aa1b2-8b5b-4aaa-8225-91816f924775: 32 groups; 1.5 s; peak memory 1312 MiB.
2026-10-08T02:34:01Z INFO [623/900] 689ae458-f3a7-4592-9068-323b8fdf91a6: 48 groups; 2.8 s; peak memory 1312 MiB.
2026-10-08T02:34:03Z INFO [624/900] 689b0a87-6d9b-4b1b-95ac-2d3e6513bd3b: 252 groups; 1.6 s; peak memory 1312 MiB.
2026-10-08T02:34:05Z INFO [625/900] 689bb2e4-337c-4ea6-8b56-f169f22f9969: 35 groups; 1.7 s; peak memory 1312 MiB.
2026-10-08T02:34:06Z INFO [626/900] 689bd7c9-f552-440b-a30a-361f31306a6f: 22 groups; 1.5 s; peak memory 1312 MiB.
2026-10-08T02:34:08Z INFO [627/900] 689bde0a-eeeb-4c68-bec5-46101ef3664b: 194 groups; 1.8 s; peak memory 1312 MiB.
2026-10-08T02:34:09Z INFO [628/900] 689d0972-85d2-481b-8b8a-52fb681902c9: 25 groups; 1.4 s; peak memory 1312 MiB.
2026-10-08T02:34:16Z INFO [629/900] 689d42dd-41e1-4185-b683-0eef1f1124a8: 117 groups; 6.9 s; peak memory 1312 MiB.
2026-10-08T02:34:18Z INFO [630/900] 689d6da6-4249-43d9-a163-aeb9c051c637: 35 groups; 1.6 s; peak memory 1312 MiB.
2026-10-08T02:34:19Z INFO [631/900] 689dc974-57af-4cc5-8c26-327831ed2b4f: 24 groups; 1.2 s; peak memory 1312 MiB.
2026-10-08T02:34:20Z INFO [632/900] 689e7530-af7f-4d26-ba85-ab6cf6d9fa4f: 16 groups; 0.9 s; peak memory 1312 MiB.
2026-10-08T02:34:21Z INFO [633/900] 689f76cc-676e-40a3-b6b3-a86e3601ef6d: 22 groups; 1.2 s; peak memory 1312 MiB.
2026-10-08T02:34:29Z INFO [634/900] 689f7d0c-a779-45cb-8d92-d22e1967a156: 142 groups; 7.5 s; peak memory 1312 MiB.
2026-10-08T02:34:30Z INFO [635/900] 68a011a1-bd03-4431-aec4-1474a53b197b: 22 groups; 1.1 s; peak memory 1312 MiB.
2026-10-08T02:34:37Z INFO [636/900] 68a12f5b-5d59-4171-80e0-6d76b51cf384: 133 groups; 6.9 s; peak memory 1312 MiB.
2026-10-08T02:34:38Z INFO [637/900] 68a1f216-2729-4070-97a1-cb7e9637de3c: 28 groups; 1.1 s; peak memory 1312 MiB.
2026-10-08T02:34:39Z INFO [638/900] 68a25feb-3d77-47f1-9358-ae56e6d18583: 32 groups; 1.5 s; peak memory 1312 MiB.
2026-10-08T02:34:47Z INFO [639/900] 68a2b4ea-8595-4e4a-b771-9ec3f4744ccd: 130 groups; 7.3 s; peak memory 1312 MiB.
2026-10-08T02:34:48Z INFO [640/900] 68a2c3b9-9d40-4ba1-bb6d-90d5a25d43b6: 32 groups; 1.5 s; peak memory 1312 MiB.
2026-10-08T02:34:50Z INFO [641/900] 68a36d67-926b-43e8-b51c-00fd6d79ceb7: 199 groups; 2.2 s; peak memory 1312 MiB.
2026-10-08T02:34:51Z INFO [642/900] 68a3f3c0-fe42-44a5-9db7-a22a5a848da4: 22 groups; 1.2 s; peak memory 1312 MiB.
2026-10-08T02:34:53Z INFO [643/900] 68a41603-a114-4b54-bce0-962b6e3c21c5: 22 groups; 1.2 s; peak memory 1312 MiB.
2026-10-08T02:34:54Z INFO [644/900] 68a44970-b00f-4325-97aa-9c5cac520965: 22 groups; 1.5 s; peak memory 1312 MiB.
2026-10-08T02:34:57Z INFO [645/900] 68a50e9e-e0fc-423f-9be4-dc6e45c14832: 47 groups; 3.2 s; peak memory 1312 MiB.
2026-10-08T02:34:59Z INFO [646/900] 68a56316-4ee9-4493-8ea5-aac1e3b909e3: 253 groups; 1.5 s; peak memory 1312 MiB.
2026-10-08T02:35:00Z INFO [647/900] 68a56bd7-e129-4951-ba07-00dd7b0c6b2a: 22 groups; 1.2 s; peak memory 1312 MiB.
2026-10-08T02:35:02Z INFO [648/900] 68a56fcf-db2d-4bf5-8149-98222c4ab176: 207 groups; 2.2 s; peak memory 1312 MiB.
2026-10-08T02:35:04Z INFO [649/900] 68a62a7a-5830-4011-adaf-d7fb42c323b3: 32 groups; 1.5 s; peak memory 1312 MiB.
2026-10-08T02:35:05Z INFO [650/900] 68a69036-cf18-49ad-beb1-c48ec4b82c87: 35 groups; 1.6 s; peak memory 1312 MiB.
2026-10-08T02:35:05Z INFO [650/900] 68a69036-cf18-49ad-beb1-c48ec4b82c87: checkpointed 97386 records.
2026-10-08T02:35:07Z INFO [651/900] 68a6beee-6eb5-44e5-a070-222afce3e40e: 36 groups; 1.7 s; peak memory 1312 MiB.
2026-10-08T02:35:08Z INFO [652/900] 68a6fa9d-c0cc-40e7-9660-c9c8b355a96d: 22 groups; 1.3 s; peak memory 1312 MiB.
2026-10-08T02:35:11Z INFO [653/900] 68a7bbb0-2474-4199-b500-472076a63d89: 37 groups; 2.4 s; peak memory 1312 MiB.
2026-10-08T02:35:12Z INFO [654/900] 68a81539-4ff1-4819-af4f-e99c5c7d74fa: 253 groups; 1.5 s; peak memory 1312 MiB.
2026-10-08T02:35:16Z INFO [655/900] 68a81ed9-3d52-4153-a2ea-93c0268e888a: 30 groups; 3.6 s; peak memory 1312 MiB.
2026-10-08T02:35:17Z INFO [656/900] 68a89834-f50f-4000-9e61-570f83e16198: 22 groups; 1.3 s; peak memory 1312 MiB.
2026-10-08T02:35:19Z INFO [657/900] 68a95a82-34e0-4c4e-b7d8-f96e326210d5: 35 groups; 2.0 s; peak memory 1312 MiB.
2026-10-08T02:35:22Z INFO [658/900] 68a9780c-e473-4d4e-84af-0be01b1f98c4: 48 groups; 3.3 s; peak memory 1312 MiB.
2026-10-08T02:35:26Z INFO [659/900] 68a98b36-f5b7-45a7-b52b-678d346eb0c6: 54 groups; 3.2 s; peak memory 1312 MiB.
2026-10-08T02:35:27Z INFO [660/900] 68a9fd10-da96-4332-b539-7d6bceff979b: 36 groups; 1.8 s; peak memory 1312 MiB.
2026-10-08T02:35:29Z INFO [661/900] 68aa48b6-9ded-41ee-beb8-8908db413772: 17 groups; 1.1 s; peak memory 1312 MiB.
2026-10-08T02:35:30Z INFO [662/900] 68aa6df5-3b78-43c2-bd64-f8dfc09cda34: 32 groups; 1.5 s; peak memory 1312 MiB.
2026-10-08T02:35:31Z INFO [663/900] 68aaa6b1-cc7b-44b8-aab6-110ca3f6a8bf: 26 groups; 1.2 s; peak memory 1312 MiB.
2026-10-08T02:35:33Z INFO [664/900] 68abb495-a075-4f2a-a289-9c63c66eefef: 33 groups; 1.6 s; peak memory 1312 MiB.
2026-10-08T02:35:35Z INFO [665/900] 68abf40d-bbe8-4c7b-b82e-6792d64aa825: 103 groups; 1.8 s; peak memory 1312 MiB.
2026-10-08T02:35:37Z INFO [666/900] 68abfc14-6476-4bb5-b290-11f9f7fc0a8d: 108 groups; 2.1 s; peak memory 1312 MiB.
2026-10-08T02:35:38Z INFO [667/900] 68aea9c3-62cc-430c-bcb7-42ea92ad81b8: 22 groups; 1.4 s; peak memory 1312 MiB.
2026-10-08T02:35:41Z INFO [668/900] 68af543d-d4c6-4a35-8bdf-152eb0333aa3: 338 groups; 2.8 s; peak memory 1312 MiB.
2026-10-08T02:35:47Z INFO [669/900] 68b034e6-0a97-48ee-91d2-8bb11941eeff: 34 groups; 6.4 s; peak memory 1312 MiB.
2026-10-08T02:35:49Z INFO [670/900] 68b04915-7181-44f0-9428-874b292dfccc: 35 groups; 1.9 s; peak memory 1312 MiB.
2026-10-08T02:35:50Z INFO [671/900] 68b12c81-f6c7-40a5-8969-cb9dbe5aa61d: 22 groups; 1.2 s; peak memory 1312 MiB.
2026-10-08T02:35:52Z INFO [672/900] 68b13ec2-023b-42c0-ac25-260db126e0fb: 22 groups; 1.2 s; peak memory 1312 MiB.
2026-10-08T02:38:01Z INFO [673/900] 68b1ce29-4bec-40cd-afa7-19b5142f1c70: 60 groups; 129.5 s; peak memory 1312 MiB.
2026-10-08T02:38:21Z INFO [674/900] 68b38f51-052c-47af-8e11-6992557f3956: 2290 groups; 19.7 s; peak memory 1312 MiB.
2026-10-08T02:38:23Z INFO [675/900] 68b42f04-b87d-47a8-94d6-45025f633e85: 48 groups; 2.6 s; peak memory 1312 MiB.
2026-10-08T02:38:25Z INFO [676/900] 68b51a64-ac2d-414d-895d-f3a76446d3d3: 32 groups; 1.5 s; peak memory 1312 MiB.
2026-10-08T02:38:29Z INFO [677/900] 68b59a68-00ec-480d-9e77-ba622d827ca2: 50 groups; 3.7 s; peak memory 1312 MiB.
2026-10-08T02:38:31Z INFO [678/900] 68b59c57-9d56-4926-88ce-f252558cc3bb: 202 groups; 1.8 s; peak memory 1312 MiB.
2026-10-08T02:38:32Z INFO [679/900] 68b5da47-67ad-49c3-9cb4-911ae7425049: 34 groups; 1.8 s; peak memory 1312 MiB.
2026-10-08T02:38:34Z INFO [680/900] 68b66c00-b170-4899-9874-c88c6acbd1e9: 33 groups; 1.5 s; peak memory 1312 MiB.
2026-10-08T02:38:35Z INFO [681/900] 68b71447-1fb2-4f5d-bced-efefc822ffb9: 22 groups; 1.2 s; peak memory 1312 MiB.
2026-10-08T02:38:42Z INFO [682/900] 68b7a5d7-3dd5-44fb-876c-302470accc55: 181 groups; 6.7 s; peak memory 1312 MiB.
2026-10-08T02:38:43Z INFO [683/900] 68b7ff4b-ed58-43f2-9cca-51739cec19d5: 16 groups; 1.1 s; peak memory 1312 MiB.
2026-10-08T02:38:44Z INFO [684/900] 68b8a225-22ec-4c1f-a1f0-4c590a960f0d: 16 groups; 1.1 s; peak memory 1312 MiB.
2026-10-08T02:38:45Z INFO [685/900] 68b8cbda-fa90-4a5e-ae94-cd51640bb02c: 32 groups; 1.6 s; peak memory 1312 MiB.
2026-10-08T02:38:47Z INFO [686/900] 68b94300-ccba-449d-bb63-8cc053fcfcde: 254 groups; 1.6 s; peak memory 1312 MiB.
2026-10-08T02:38:51Z INFO [687/900] 68b9f6b8-b883-42a2-97dc-5698c721a3cf: 22 groups; 4.4 s; peak memory 1312 MiB.
2026-10-08T02:38:53Z INFO [688/900] 68ba12b8-01fa-441b-8ac1-a371a3eea236: 32 groups; 1.8 s; peak memory 1312 MiB.
2026-10-08T02:38:55Z INFO [689/900] 68ba6718-3d10-4012-aa5e-16bb82aa31a1: 32 groups; 1.6 s; peak memory 1312 MiB.
2026-10-08T02:38:56Z INFO [690/900] 68ba8125-da34-443d-812a-31e24b8322de: 32 groups; 1.6 s; peak memory 1312 MiB.
2026-10-08T02:38:58Z INFO [691/900] 68baf6c8-b001-4a2f-8f07-20c127719731: 32 groups; 1.5 s; peak memory 1312 MiB.
2026-10-08T02:38:59Z INFO [692/900] 68bb0a3e-2d8e-4c5a-8962-50189767297e: 31 groups; 1.1 s; peak memory 1312 MiB.
2026-10-08T02:39:01Z INFO [693/900] 68bb6e49-f34c-48aa-83d0-061ed339dcdc: 36 groups; 1.6 s; peak memory 1312 MiB.
2026-10-08T02:39:03Z INFO [694/900] 68bb92b8-0f73-489b-bddf-d3a366a9bfb8: 206 groups; 2.4 s; peak memory 1312 MiB.
2026-10-08T02:39:27Z INFO [695/900] 68bd92bd-037e-4b9f-b41c-6717c9120ff3: 357 groups; 24.3 s; peak memory 1312 MiB.
2026-10-08T02:39:29Z INFO [696/900] 68bd941a-12ab-4ae7-a210-900799faff2c: 35 groups; 2.1 s; peak memory 1312 MiB.
2026-10-08T02:39:33Z INFO [697/900] 68be0a72-20da-447c-964e-033a2dfb9d39: 50 groups; 3.3 s; peak memory 1312 MiB.
2026-10-08T02:39:58Z INFO [698/900] 68be4d09-c9c2-49d1-b3ff-fddb1a775aaf: 422 groups; 25.0 s; peak memory 1312 MiB.
2026-10-08T02:39:59Z INFO [699/900] 68bef62c-9746-4fda-a208-91c60fbd6a2b: 16 groups; 1.2 s; peak memory 1312 MiB.
2026-10-08T02:40:00Z INFO [700/900] 68bf03a7-a04b-4038-9f5c-ce3da2553f0b: 22 groups; 1.0 s; peak memory 1312 MiB.
2026-10-08T02:40:00Z INFO [700/900] 68bf03a7-a04b-4038-9f5c-ce3da2553f0b: checkpointed 97436 records.
2026-10-08T02:40:01Z INFO [701/900] 68c05c05-611d-41eb-84aa-5f24ff32b6a8: 31 groups; 1.1 s; peak memory 1312 MiB.
2026-10-08T02:40:02Z INFO [702/900] 68c09e44-d63a-4c85-b86a-2332db8c6b2d: 16 groups; 0.9 s; peak memory 1312 MiB.
2026-10-08T02:42:15Z INFO [703/900] 68c0e137-a579-4281-9a68-e602a2a2d370: 60 groups; 133.4 s; peak memory 1312 MiB.
2026-10-08T02:42:31Z INFO [704/900] 68c0fa1a-fe86-4e85-b6ee-c1504983f241: 297 groups; 16.0 s; peak memory 1312 MiB.
2026-10-08T02:42:33Z INFO [705/900] 68c17528-b052-4080-a071-f429270fee26: 32 groups; 1.6 s; peak memory 1312 MiB.
2026-10-08T02:42:34Z INFO [706/900] 68c1c151-6df6-4d5a-b0f7-717bcacbce9e: 16 groups; 1.0 s; peak memory 1312 MiB.
2026-10-08T02:42:51Z INFO [707/900] 68c1d953-64a5-42b7-b043-a7c3ed248f43: 230 groups; 17.2 s; peak memory 1312 MiB.
2026-10-08T02:42:53Z INFO [708/900] 68c20dfc-0528-461c-a934-3432c1a9ceb4: 34 groups; 1.6 s; peak memory 1312 MiB.
2026-10-08T02:42:54Z INFO [709/900] 68c40538-cbc0-4764-b24c-f8eeeb1e4b6d: 22 groups; 1.3 s; peak memory 1312 MiB.
2026-10-08T02:42:55Z INFO [710/900] 68c4796a-68f2-4825-9136-2dc4aeda133f: 16 groups; 1.0 s; peak memory 1312 MiB.
2026-10-08T02:42:57Z INFO [711/900] 68c4f34e-e831-4562-b51f-e3d4e527e7a2: 202 groups; 1.8 s; peak memory 1312 MiB.
2026-10-08T02:42:58Z INFO [712/900] 68c51198-9857-4746-80cf-1d58adedb1d3: 22 groups; 1.3 s; peak memory 1312 MiB.
2026-10-08T02:43:00Z INFO [713/900] 68c53c4f-f246-4b61-bdaa-4b1c1c3d62bc: 34 groups; 2.1 s; peak memory 1312 MiB.
2026-10-08T02:43:01Z INFO [714/900] 68c6122c-80c6-4552-bc30-918d0424a145: 22 groups; 1.2 s; peak memory 1312 MiB.
2026-10-08T02:43:57Z INFO [715/900] 68c7aac8-6864-47b4-811f-d83eaf6f72a4: 26 groups; 55.6 s; peak memory 1312 MiB.
2026-10-08T02:44:04Z INFO [716/900] 68c971b5-d087-47fe-bf7f-0287df6aed1f: 47 groups; 6.9 s; peak memory 1312 MiB.
2026-10-08T02:44:05Z INFO [717/900] 68cab6c3-1304-40a0-b96d-601b5027fe90: 22 groups; 1.0 s; peak memory 1312 MiB.
2026-10-08T02:44:17Z INFO [718/900] 68cae8ab-b2f7-4b0a-b927-83e93a2aa257: 39 groups; 11.7 s; peak memory 1312 MiB.
2026-10-08T02:44:18Z INFO [719/900] 68caf316-1890-43c9-a089-2ecf09f27795: 22 groups; 1.4 s; peak memory 1312 MiB.
2026-10-08T02:44:34Z INFO [720/900] 68cd362c-c048-47d9-a28d-a6198a07f81c: 239 groups; 16.2 s; peak memory 1312 MiB.
2026-10-08T02:44:36Z INFO [721/900] 68cd42a2-34fc-49c0-a99d-98714b7e3270: 22 groups; 1.3 s; peak memory 1312 MiB.
2026-10-08T02:44:37Z INFO [722/900] 68cd9795-d89a-48b5-a44e-a75e49605b6f: 25 groups; 1.5 s; peak memory 1312 MiB.
2026-10-08T02:44:38Z INFO [723/900] 68cdb470-1eba-4d49-bdf6-70e36132d0f3: 29 groups; 1.3 s; peak memory 1312 MiB.
2026-10-08T02:44:42Z INFO [724/900] 68ced1ef-90d1-4100-9c76-d4cbb853e155: 53 groups; 3.3 s; peak memory 1312 MiB.
2026-10-08T02:44:44Z INFO [725/900] 68cf56ab-69d4-4474-873c-4c003b0bd02a: 194 groups; 2.7 s; peak memory 1312 MiB.
2026-10-08T02:44:50Z INFO [726/900] 68d09b83-0b14-4d08-aeb1-a6ae66b5e927: 129 groups; 5.9 s; peak memory 1312 MiB.
2026-10-08T02:44:51Z INFO [727/900] 68d11131-b38e-482f-8741-9d80d96e8701: 18 groups; 1.0 s; peak memory 1312 MiB.
2026-10-08T02:44:53Z INFO [728/900] 68d16d7d-ebbe-491b-a43a-31bb697d7ea6: 32 groups; 1.5 s; peak memory 1312 MiB.
2026-10-08T02:44:59Z INFO [729/900] 68d2ab2b-ffa6-436a-b9cc-4de12ab2656f: 181 groups; 6.6 s; peak memory 1312 MiB.
2026-10-08T02:45:01Z INFO [730/900] 68d2e983-6fd7-49b8-a00e-983563ea5557: 25 groups; 1.6 s; peak memory 1312 MiB.
2026-10-08T02:45:03Z INFO [731/900] 68d3b018-6c17-4147-92f3-cfc007168779: 87 groups; 1.7 s; peak memory 1312 MiB.
2026-10-08T02:45:04Z INFO [732/900] 68d3e3aa-2791-489a-89b0-5fc9ecdf20dd: 22 groups; 1.2 s; peak memory 1312 MiB.
2026-10-08T02:45:05Z INFO [733/900] 68d6da8d-d6b3-4875-a17c-41260b65fe79: 202 groups; 1.7 s; peak memory 1312 MiB.
2026-10-08T02:45:07Z INFO [734/900] 68d6e134-d0a6-4137-a937-63354eb19b88: 22 groups; 1.3 s; peak memory 1312 MiB.
2026-10-08T02:45:09Z INFO [735/900] 68d70145-dc3b-4b62-94c6-8e5ffbf55b76: 206 groups; 2.2 s; peak memory 1312 MiB.
2026-10-08T02:45:11Z INFO [736/900] 68d773b7-c2a0-4ae7-bb99-5e0716988f11: 32 groups; 1.6 s; peak memory 1312 MiB.
2026-10-08T02:45:13Z INFO [737/900] 68d7771e-37b9-40ae-b1d4-fa89f747922f: 207 groups; 2.4 s; peak memory 1312 MiB.
2026-10-08T02:45:14Z INFO [738/900] 68d93232-899c-4ed1-94ba-2bbcdad42864: 22 groups; 1.2 s; peak memory 1312 MiB.
2026-10-08T02:45:17Z INFO [739/900] 68d97ab2-2dc7-409d-b0b7-b3607c8be2fb: 48 groups; 2.5 s; peak memory 1312 MiB.
2026-10-08T02:45:20Z INFO [740/900] 68da0c44-20c9-4479-b467-0ad7d07c30fb: 50 groups; 3.5 s; peak memory 1312 MiB.
2026-10-08T02:45:22Z INFO [741/900] 68da6ab2-72c2-4d3e-b6fb-0e9ffe6e3339: 22 groups; 1.4 s; peak memory 1312 MiB.
2026-10-08T02:45:23Z INFO [742/900] 68db5595-0226-4cb6-99e8-9a7aec85b824: 254 groups; 1.6 s; peak memory 1312 MiB.
2026-10-08T02:45:24Z INFO [743/900] 68db6c2a-f82e-4c37-bc47-daca89bf7ec1: 29 groups; 1.1 s; peak memory 1312 MiB.
2026-10-08T02:45:26Z INFO [744/900] 68dba853-3b76-40e2-a52d-ac59a3b91493: 103 groups; 1.6 s; peak memory 1312 MiB.
2026-10-08T02:45:27Z INFO [745/900] 68dd1be2-ee8b-42ed-8242-08cb06e26484: 32 groups; 1.5 s; peak memory 1312 MiB.
2026-10-08T02:45:29Z INFO [746/900] 68dd4b98-3023-4fcf-bea5-ff0294ae650e: 35 groups; 2.1 s; peak memory 1312 MiB.
2026-10-08T02:45:31Z INFO [747/900] 68dd8d89-1304-4d95-b7da-a9537b2767d5: 33 groups; 1.7 s; peak memory 1312 MiB.
2026-10-08T02:45:33Z INFO [748/900] 68de346a-7853-4c08-a9ce-f966439f03ef: 33 groups; 1.4 s; peak memory 1312 MiB.
2026-10-08T02:45:34Z INFO [749/900] 68df6fcd-87d5-49e0-865e-24c0215d4010: 22 groups; 1.0 s; peak memory 1312 MiB.
2026-10-08T02:45:35Z INFO [750/900] 68dfe59f-d69c-451c-8ad2-4803a388126a: 32 groups; 1.6 s; peak memory 1312 MiB.
2026-10-08T02:45:35Z INFO [750/900] 68dfe59f-d69c-451c-8ad2-4803a388126a: checkpointed 97486 records.
2026-10-08T02:45:36Z INFO [751/900] 68e0c7a2-7110-41d8-8348-e05c053db009: 22 groups; 1.2 s; peak memory 1312 MiB.
2026-10-08T02:47:44Z INFO [752/900] 68e17922-1932-4cfb-b394-d2ed8e56855e: 58 groups; 127.3 s; peak memory 1312 MiB.
2026-10-08T02:47:45Z INFO [753/900] 68e1e6c1-a586-4e57-8193-b1eaa160b34b: 24 groups; 1.2 s; peak memory 1312 MiB.
2026-10-08T02:47:49Z INFO [754/900] 68e256a3-b7b0-4c73-aef3-d4d138321f06: 54 groups; 3.6 s; peak memory 1312 MiB.
2026-10-08T02:47:50Z INFO [755/900] 68e2e05b-7617-46ed-83be-dafda7f09344: 35 groups; 1.6 s; peak memory 1312 MiB.
2026-10-08T02:47:53Z INFO [756/900] 68e35a66-6315-4a96-9f30-abcd458bdadc: 42 groups; 2.6 s; peak memory 1312 MiB.
2026-10-08T02:47:54Z INFO [757/900] 68e3fea8-7a1a-4f67-b45c-b3d33f6decba: 25 groups; 1.4 s; peak memory 1312 MiB.
2026-10-08T02:47:56Z INFO [758/900] 68e57c18-9f9e-44c8-b30f-6890f605486a: 35 groups; 2.1 s; peak memory 1312 MiB.
2026-10-08T03:35:22Z INFO [759/900] 68e630c5-10cc-4a33-b2bd-1ba281049e40: 44 groups; 2846.0 s; peak memory 1312 MiB.
2026-10-08T03:35:26Z INFO [760/900] 68e63da5-b8f4-4172-8679-84294164dbbf: 24 groups; 3.2 s; peak memory 1312 MiB.
2026-10-08T03:35:29Z INFO [761/900] 68e6756f-49c7-4fd2-a3b5-839133a1e48d: 48 groups; 3.5 s; peak memory 1312 MiB.
2026-10-08T03:35:31Z INFO [762/900] 68e69745-1771-4124-afe7-7fc65996adc9: 22 groups; 1.4 s; peak memory 1312 MiB.
2026-10-08T03:35:32Z INFO [763/900] 68e7932b-4ebf-475e-a925-afd8bbe86086: 203 groups; 1.9 s; peak memory 1312 MiB.
2026-10-08T03:35:35Z INFO [764/900] 68e7dcbd-48d6-4637-ab3a-07b3eb5a29a3: 49 groups; 3.0 s; peak memory 1312 MiB.
2026-10-08T03:35:38Z INFO [765/900] 68e82488-95d1-46ec-9ab7-5605c5931cd4: 207 groups; 2.3 s; peak memory 1312 MiB.
2026-10-08T03:35:55Z INFO [766/900] 68e9be8e-84ec-4a2f-b6dc-43ff9bc64fc8: 142 groups; 17.6 s; peak memory 1312 MiB.
2026-10-08T03:35:57Z INFO [767/900] 68eb4a77-73c3-49ff-a3c1-76f9db4e1b0f: 35 groups; 1.8 s; peak memory 1312 MiB.
2026-10-08T03:35:58Z INFO [768/900] 68ebed2f-3330-487c-93fd-98e220fcf13f: 16 groups; 1.0 s; peak memory 1312 MiB.
2026-10-08T03:35:59Z INFO [769/900] 68ed454b-d61e-4c72-ac91-97ca126c6de4: 17 groups; 1.1 s; peak memory 1312 MiB.
2026-10-08T03:36:02Z INFO [770/900] 68ee34cc-62c1-4b6a-9589-323499978e8f: 46 groups; 3.0 s; peak memory 1312 MiB.
2026-10-08T03:36:07Z INFO [771/900] 68eeaf54-cd99-433f-b0b7-b986114ef028: 78 groups; 5.2 s; peak memory 1312 MiB.
2026-10-08T03:36:10Z INFO [772/900] 68eeee89-239b-43cc-8b28-be7a23bb2c66: 17 groups; 2.9 s; peak memory 1312 MiB.
2026-10-08T03:36:12Z INFO [773/900] 68ef3dc3-1c66-43b8-9099-e85b5e82c8ec: 32 groups; 1.8 s; peak memory 1312 MiB.
2026-10-08T03:36:14Z INFO [774/900] 68efee1c-9be6-44c2-b69c-9c81969fba8a: 32 groups; 1.4 s; peak memory 1312 MiB.
2026-10-08T03:36:15Z INFO [775/900] 68f03470-3ca0-4674-940b-ab3402649a73: 32 groups; 1.5 s; peak memory 1312 MiB.
2026-10-08T03:36:16Z INFO [776/900] 68f04501-b66d-4651-93d3-9c02d6e1b987: 28 groups; 1.1 s; peak memory 1312 MiB.
2026-10-08T03:36:21Z INFO [777/900] 68f0c758-3ad5-465d-9007-76f740f43299: 78 groups; 5.0 s; peak memory 1312 MiB.
2026-10-08T03:36:23Z INFO [778/900] 68f10568-6dab-44e7-959a-bba68cef1833: 33 groups; 1.8 s; peak memory 1312 MiB.
2026-10-08T03:36:47Z INFO [779/900] 68f15465-a5b6-494a-980d-ddb28455ae42: 23 groups; 24.4 s; peak memory 1312 MiB.
2026-10-08T03:36:49Z INFO [780/900] 68f17e06-7491-485a-9b1d-b42778185266: 22 groups; 1.2 s; peak memory 1312 MiB.
2026-10-08T03:36:52Z INFO [781/900] 68f286dc-8e0d-4dc1-974b-18559cdba6e8: 48 groups; 3.4 s; peak memory 1312 MiB.
2026-10-08T03:36:54Z INFO [782/900] 68f2afdf-0748-4644-a5e7-f13d9b976411: 31 groups; 2.1 s; peak memory 1312 MiB.
2026-10-08T03:36:55Z INFO [783/900] 68f2ca78-963e-46b3-9e67-a03909e9a1b4: 22 groups; 1.3 s; peak memory 1312 MiB.
2026-10-08T03:36:57Z INFO [784/900] 68f55e51-7e21-4bbd-b917-71dd48271728: 27 groups; 1.6 s; peak memory 1312 MiB.
2026-10-08T03:36:58Z INFO [785/900] 68f60613-8c87-4819-af6d-8d657b99a8f0: 22 groups; 1.5 s; peak memory 1312 MiB.
2026-10-08T03:37:04Z INFO [786/900] 68f6e75e-d883-4497-8e83-5e7518751b43: 73 groups; 5.8 s; peak memory 1312 MiB.
2026-10-08T03:37:07Z INFO [787/900] 68f7aabc-25f9-429f-ae75-ac7d930a1723: 17 groups; 3.1 s; peak memory 1312 MiB.
2026-10-08T03:37:09Z INFO [788/900] 68f94934-f206-45b8-a150-fc83219e929c: 22 groups; 1.4 s; peak memory 1312 MiB.
2026-10-08T03:37:20Z INFO [789/900] 68f95d62-08b9-4aa3-9724-a9196efa0469: 209 groups; 11.1 s; peak memory 1312 MiB.
2026-10-08T03:37:21Z INFO [790/900] 68f9607b-d654-46f8-94d8-e1954a275a20: 25 groups; 1.2 s; peak memory 1312 MiB.
2026-10-08T03:37:22Z INFO [791/900] 68f97f61-f5b7-4cde-867e-dc4d592268fa: 201 groups; 1.5 s; peak memory 1312 MiB.
2026-10-08T03:37:24Z INFO [792/900] 68f9cb68-fdf7-47e7-9163-5d51285ab8bb: 22 groups; 1.3 s; peak memory 1312 MiB.
2026-10-08T03:37:25Z INFO [793/900] 68fa6c80-1e22-48bd-97f7-6bfa5a61904f: 22 groups; 1.0 s; peak memory 1312 MiB.
2026-10-08T03:37:28Z INFO [794/900] 68fa90ac-3d54-4675-8425-6ad3057e413d: 48 groups; 2.9 s; peak memory 1312 MiB.
2026-10-08T03:37:29Z INFO [795/900] 68fb7bd0-671c-4f33-87a5-466b97d6ba4a: 22 groups; 1.3 s; peak memory 1312 MiB.
2026-10-08T03:39:58Z INFO [796/900] 68fc9a27-9e49-472a-90a9-efd75b448d15: 60 groups; 148.7 s; peak memory 1312 MiB.
2026-10-08T03:39:59Z INFO [797/900] 68fdc70c-960c-4d9e-a20e-63a293cf8df1: 36 groups; 1.8 s; peak memory 1312 MiB.
2026-10-08T03:40:01Z INFO [798/900] 68ff4da4-d483-4783-8bd1-217aece04c9d: 22 groups; 1.3 s; peak memory 1312 MiB.
2026-10-08T03:40:02Z INFO [799/900] 6900dfd4-6c24-473c-b5cc-770a4bbf2ef8: 71 groups; 1.3 s; peak memory 1312 MiB.
2026-10-08T03:40:03Z INFO [800/900] 6900ffd2-549c-415a-b7af-e88c789a8e89: 22 groups; 1.3 s; peak memory 1312 MiB.
2026-10-08T03:40:03Z INFO [800/900] 6900ffd2-549c-415a-b7af-e88c789a8e89: checkpointed 97536 records.
2026-10-08T03:40:04Z INFO [801/900] 6901ae73-2869-410c-8a5b-2486fa6ca966: 18 groups; 1.0 s; peak memory 1312 MiB.
2026-10-08T03:40:27Z INFO [802/900] 6901b31a-be04-4f5b-9623-b5347c77d304: 234 groups; 22.4 s; peak memory 1312 MiB.
2026-10-08T03:40:30Z INFO [803/900] 690283bc-2fdd-4422-9e8f-e21549dcb0a3: 53 groups; 2.9 s; peak memory 1312 MiB.
2026-10-08T03:40:37Z INFO [804/900] 6902dffb-a743-410a-ad7d-fd1cb39f4fde: 47 groups; 7.3 s; peak memory 1312 MiB.
2026-10-08T03:40:39Z INFO [805/900] 6903450e-1c77-4e67-bef0-45cb817d46b1: 201 groups; 1.7 s; peak memory 1312 MiB.
2026-10-08T03:40:41Z INFO [806/900] 6903892a-7781-4bc3-9325-112c04fa9351: 207 groups; 2.0 s; peak memory 1312 MiB.
2026-10-08T03:40:43Z INFO [807/900] 6903fbe4-1b11-457c-a4e4-2556ba502068: 21 groups; 1.8 s; peak memory 1312 MiB.
2026-10-08T03:40:44Z INFO [808/900] 690449be-9bec-4134-9236-116a89a8dab8: 22 groups; 1.3 s; peak memory 1312 MiB.
2026-10-08T03:40:45Z INFO [809/900] 69051bc5-361d-4d43-9e09-f57452484a20: 32 groups; 1.5 s; peak memory 1312 MiB.
2026-10-08T03:40:47Z INFO [810/900] 690537ef-1b7d-4673-aba5-86f8dfbbee52: 22 groups; 1.3 s; peak memory 1312 MiB.
2026-10-08T03:40:50Z INFO [811/900] 690562bd-0609-450e-b02c-e69297a52843: 64 groups; 2.9 s; peak memory 1312 MiB.
2026-10-08T03:40:53Z INFO [812/900] 69056df8-4218-48c1-b987-57f40595c39a: 50 groups; 3.4 s; peak memory 1312 MiB.
2026-10-08T03:40:56Z INFO [813/900] 6905cfbf-fc4e-4610-a725-11b52bba83f3: 195 groups; 2.8 s; peak memory 1312 MiB.
2026-10-08T03:41:02Z INFO [814/900] 6905dd33-0268-4f33-984c-0e66c837572e: 73 groups; 6.4 s; peak memory 1312 MiB.
2026-10-08T03:41:03Z INFO [815/900] 69089a0f-6aaa-451b-a66e-90c26fc15443: 22 groups; 1.2 s; peak memory 1312 MiB.
2026-10-08T03:41:05Z INFO [816/900] 6909804f-8117-436e-8510-98dba43d6d8a: 29 groups; 1.5 s; peak memory 1312 MiB.
2026-10-08T03:41:06Z INFO [817/900] 690a2329-4018-47df-b645-4c5bcdd9a9d6: 16 groups; 1.0 s; peak memory 1312 MiB.
2026-10-08T03:41:07Z INFO [818/900] 690a3e0e-3e3f-4d68-a1a6-44189f72f3e0: 67 groups; 1.4 s; peak memory 1312 MiB.
2026-10-08T03:41:12Z INFO [819/900] 690ba6bc-218b-4609-b99e-9829b37bb5de: 62 groups; 4.6 s; peak memory 1312 MiB.
2026-10-08T03:41:14Z INFO [820/900] 690c9753-e09e-4944-ab1e-ef05e1e2b62a: 21 groups; 1.8 s; peak memory 1312 MiB.
2026-10-08T03:41:15Z INFO [821/900] 690ccc5b-5494-490d-88c1-23ca3d1042ca: 35 groups; 1.7 s; peak memory 1312 MiB.
2026-10-08T03:41:17Z INFO [822/900] 690d56e0-c7cc-4b5f-bb32-4103201c2554: 22 groups; 1.2 s; peak memory 1312 MiB.
2026-10-08T03:41:18Z INFO [823/900] 690ea1c8-6bd0-4f1a-b6dd-030dd910240f: 22 groups; 1.2 s; peak memory 1312 MiB.
2026-10-08T03:41:21Z INFO [824/900] 690eb27f-4d9d-4737-8b96-0856af406ca4: 49 groups; 3.3 s; peak memory 1312 MiB.
2026-10-08T03:41:23Z INFO [825/900] 690f88d5-f83f-42c8-9c41-867404ce1d2b: 22 groups; 1.3 s; peak memory 1312 MiB.
2026-10-08T03:41:24Z INFO [826/900] 690f9c23-1905-4aad-8ebd-66b0f2173372: 41 groups; 1.4 s; peak memory 1312 MiB.
2026-10-08T03:41:25Z INFO [827/900] 690fd54b-5698-4267-ab0d-0fe4c2f4c1f0: 22 groups; 1.4 s; peak memory 1312 MiB.
2026-10-08T03:41:27Z INFO [828/900] 6910fe1c-d222-44f2-9827-65de3c305ae6: 32 groups; 1.3 s; peak memory 1312 MiB.
2026-10-08T03:41:47Z INFO [829/900] 69116d54-b860-4c79-abef-8c8b9fd9348d: 227 groups; 20.1 s; peak memory 1312 MiB.
2026-10-08T03:41:48Z INFO [830/900] 6911765e-fcc4-472a-b3ea-d0208de1efd2: 26 groups; 1.1 s; peak memory 1312 MiB.
2026-10-08T03:44:12Z INFO [831/900] 6911d1eb-a572-4ee7-b723-9baa27c9d853: 65 groups; 144.4 s; peak memory 1312 MiB.
2026-10-08T03:44:14Z INFO [832/900] 6911e17d-cab7-48d2-a55c-b5dcef481253: 35 groups; 2.1 s; peak memory 1312 MiB.
2026-10-08T03:44:16Z INFO [833/900] 6912a1ff-0be0-4899-b660-e12daadbd552: 201 groups; 1.9 s; peak memory 1312 MiB.
2026-10-08T03:44:18Z INFO [834/900] 6913beff-a968-45c0-a279-15ee5bbfa8e9: 32 groups; 1.7 s; peak memory 1312 MiB.
2026-10-08T03:44:19Z INFO [835/900] 6914b4b2-25bc-4978-9fb0-a2466d170fdb: 32 groups; 1.5 s; peak memory 1312 MiB.
2026-10-08T03:44:20Z INFO [836/900] 69152b9a-d61e-47b1-a89d-adc0b5bb6ceb: 22 groups; 1.2 s; peak memory 1312 MiB.
2026-10-08T03:44:22Z INFO [837/900] 69156ccb-afba-48a9-b309-508947e32196: 42 groups; 2.0 s; peak memory 1312 MiB.
2026-10-08T03:44:24Z INFO [838/900] 69169baa-3507-4588-be18-13c7db499b5d: 22 groups; 1.3 s; peak memory 1312 MiB.
2026-10-08T03:44:25Z INFO [839/900] 6917058d-ea4b-49d4-925d-3aa1707003c7: 22 groups; 1.3 s; peak memory 1312 MiB.
2026-10-08T03:44:37Z INFO [840/900] 69177346-8baa-421b-8256-d87d60f1f2d1: 182 groups; 12.5 s; peak memory 1312 MiB.
2026-10-08T03:44:39Z INFO [841/900] 6917b38e-11ae-4597-8c3c-22a852c83398: 22 groups; 1.2 s; peak memory 1312 MiB.
2026-10-08T03:44:40Z INFO [842/900] 691807b2-5260-4e10-bc01-15dee9d0d589: 16 groups; 1.5 s; peak memory 1312 MiB.
2026-10-08T03:44:46Z INFO [843/900] 69189d10-5cd7-4ea6-8d5c-4447225a8078: 73 groups; 5.6 s; peak memory 1312 MiB.
2026-10-08T03:44:48Z INFO [844/900] 6918b454-13d5-4fd7-a98d-967d14a5b37d: 35 groups; 2.0 s; peak memory 1312 MiB.
2026-10-08T03:44:49Z INFO [845/900] 691a36fb-2098-490d-a3cf-7a070f6f605e: 16 groups; 1.3 s; peak memory 1312 MiB.
2026-10-08T03:44:58Z INFO [846/900] 691b1801-ada1-41c5-83c4-4eb43dbd85a9: 50 groups; 8.5 s; peak memory 1312 MiB.
2026-10-08T03:44:59Z INFO [847/900] 691bb8ec-3288-49b7-af33-7659500671a3: 22 groups; 1.3 s; peak memory 1312 MiB.
2026-10-08T03:45:02Z INFO [848/900] 691c2a3d-d36a-4543-bf3d-976471292076: 54 groups; 2.7 s; peak memory 1312 MiB.
2026-10-08T03:45:03Z INFO [849/900] 691c5c6e-0aaa-49ee-b4fd-e44a23ed5a02: 22 groups; 1.1 s; peak memory 1312 MiB.
2026-10-08T03:45:04Z INFO [850/900] 691dc05b-fd3f-4975-9c18-2a1d96b84905: 22 groups; 1.3 s; peak memory 1312 MiB.
2026-10-08T03:45:04Z INFO [850/900] 691dc05b-fd3f-4975-9c18-2a1d96b84905: checkpointed 97586 records.
2026-10-08T03:45:06Z INFO [851/900] 691e85a7-5f56-4758-96eb-048a88279c8e: 32 groups; 1.5 s; peak memory 1312 MiB.
2026-10-08T03:45:08Z INFO [852/900] 691eaf40-f057-4c57-b614-bbbb5498c6c6: 35 groups; 2.0 s; peak memory 1312 MiB.
2026-10-08T03:45:10Z INFO [853/900] 6921b0cb-b759-47f3-8554-71aa0ef3bcf9: 36 groups; 2.4 s; peak memory 1312 MiB.
2026-10-08T03:45:11Z INFO [854/900] 69225f23-13c3-4fc6-aabd-c0bad45f90e6: 22 groups; 1.2 s; peak memory 1312 MiB.
2026-10-08T03:45:23Z INFO [855/900] 6922f8d9-51f1-494f-9b44-03fff455a9cc: 68 groups; 11.3 s; peak memory 1312 MiB.
2026-10-08T03:45:32Z INFO [856/900] 69247f79-1e5e-4a17-8540-b6aa69cc78ee: 49 groups; 9.8 s; peak memory 1312 MiB.
2026-10-08T03:45:34Z INFO [857/900] 6924ca14-80b4-4cd8-ad8c-72f6d042be93: 32 groups; 1.7 s; peak memory 1312 MiB.
2026-10-08T03:45:36Z INFO [858/900] 6925b1c3-5d88-4322-a462-2f834c72f3ee: 207 groups; 2.3 s; peak memory 1312 MiB.
2026-10-08T03:45:38Z INFO [859/900] 69277115-b40f-4ed3-ad02-4238b3cf0e3e: 22 groups; 1.3 s; peak memory 1312 MiB.
2026-10-08T03:45:40Z INFO [860/900] 6928539b-76c4-44a4-ad7d-d512840b1421: 202 groups; 1.9 s; peak memory 1312 MiB.
2026-10-08T03:45:41Z INFO [861/900] 6928c311-6890-4117-b672-4553df46635a: 22 groups; 1.3 s; peak memory 1312 MiB.
2026-10-08T03:45:42Z INFO [862/900] 692921c4-ea5d-4ed3-8fd9-ebbacd6db3d2: 16 groups; 1.0 s; peak memory 1312 MiB.
2026-10-08T03:45:43Z INFO [863/900] 69292f31-1663-4cb3-998b-13f57b169b79: 26 groups; 1.1 s; peak memory 1312 MiB.
2026-10-08T03:45:44Z INFO [864/900] 69294fe1-56f7-4040-bed5-bdddfcdd2a73: 22 groups; 1.2 s; peak memory 1312 MiB.
2026-10-08T03:50:15Z INFO [865/900] 69298193-34ff-4eb6-b05f-27bfa85ade4a: 73 groups; 270.6 s; peak memory 1312 MiB.
2026-10-08T03:50:17Z INFO [866/900] 6929a2f3-f188-443e-8798-be4da4f969cb: 33 groups; 2.1 s; peak memory 1312 MiB.
2026-10-08T03:50:24Z INFO [867/900] 692a9993-e29c-4720-8ac4-a2eae16bfdc6: 66 groups; 7.0 s; peak memory 1312 MiB.
2026-10-08T03:50:30Z INFO [868/900] 692ac7fd-9ff4-4310-b58f-5f5b3723c009: 73 groups; 6.5 s; peak memory 1312 MiB.
2026-10-08T03:50:40Z INFO [869/900] 692b7bee-f45f-4bf9-a238-90d49de5b752: 142 groups; 9.7 s; peak memory 1312 MiB.
2026-10-08T03:50:41Z INFO [870/900] 692be0a5-43a2-491c-8565-ce737df6bdec: 31 groups; 1.2 s; peak memory 1312 MiB.
2026-10-08T03:53:29Z INFO [871/900] 692dbe4a-fb87-46fa-b4fc-e346608cdb04: 63 groups; 168.0 s; peak memory 1312 MiB.
2026-10-08T03:53:31Z INFO [872/900] 692df252-6d73-46c0-8568-eda9b772aa03: 32 groups; 1.6 s; peak memory 1312 MiB.
2026-10-08T03:53:33Z INFO [873/900] 692e213e-a887-4751-9fc2-29605997f612: 196 groups; 1.8 s; peak memory 1312 MiB.
2026-10-08T03:53:34Z INFO [874/900] 692f70e3-d0ce-4356-80d9-a6ce687f31dc: 22 groups; 1.3 s; peak memory 1312 MiB.
2026-10-08T03:53:35Z INFO [875/900] 69309e84-b607-4b28-bae1-40037076f5d9: 16 groups; 1.1 s; peak memory 1312 MiB.
2026-10-08T03:53:49Z INFO [876/900] 6931860b-056a-401e-8dbe-98d1101cbf10: 242 groups; 14.2 s; peak memory 1312 MiB.
2026-10-08T03:53:50Z INFO [877/900] 693190d5-c8b8-4a5f-9b00-e3444b06b79e: 22 groups; 1.3 s; peak memory 1312 MiB.
2026-10-08T03:53:52Z INFO [878/900] 6931f6be-736f-4ee8-add3-b2456a102b7c: 22 groups; 1.3 s; peak memory 1312 MiB.
2026-10-08T03:53:53Z INFO [879/900] 6933022e-d84c-4e52-9aa1-52ad1d5b70ec: 203 groups; 1.7 s; peak memory 1312 MiB.
2026-10-08T04:00:48Z INFO [880/900] 69330487-3d49-475b-832a-1f4bf2bdbf5b: 58 groups; 414.3 s; peak memory 1312 MiB.
2026-10-08T04:00:49Z INFO [881/900] 693348cf-2970-43ba-ba8e-9eba5054cfd0: 22 groups; 1.3 s; peak memory 1312 MiB.
2026-10-08T04:00:50Z INFO [882/900] 6933b8fa-7438-4bc7-a9b5-1b425a8be271: 30 groups; 1.1 s; peak memory 1312 MiB.
2026-10-08T04:00:52Z INFO [883/900] 693416e0-613e-4a17-abaf-c8da7f225e34: 35 groups; 1.7 s; peak memory 1312 MiB.
2026-10-08T04:01:02Z INFO [884/900] 6934f9e4-5f31-45b2-816b-84b92dd08092: 212 groups; 10.4 s; peak memory 1312 MiB.
2026-10-08T04:01:06Z INFO [885/900] 69352272-bab3-44dc-b7f5-92ef965638fd: 27 groups; 3.9 s; peak memory 1312 MiB.
2026-10-08T04:01:08Z INFO [886/900] 6936c382-ea7c-48f6-ab7c-c9710c17c7e8: 32 groups; 1.9 s; peak memory 1312 MiB.
2026-10-08T04:01:33Z INFO [887/900] 6936edd9-d885-41ac-b3e8-1c7e61848254: 23 groups; 25.3 s; peak memory 1312 MiB.
2026-10-08T04:01:35Z INFO [888/900] 6937a0fa-f327-497c-b4a0-40592231aab3: 22 groups; 1.4 s; peak memory 1312 MiB.
2026-10-08T04:01:36Z INFO [889/900] 6937d3e8-e1d7-4a5b-86c1-016fe0cb2d42: 32 groups; 1.6 s; peak memory 1312 MiB.
2026-10-08T04:01:38Z INFO [890/900] 69394a90-e3ec-4859-ae5f-24b7d68f4118: 32 groups; 1.5 s; peak memory 1312 MiB.
2026-10-08T04:02:04Z INFO [891/900] 6939826c-0bd8-41b8-ae93-c00093198857: 23 groups; 26.4 s; peak memory 1312 MiB.
2026-10-08T04:02:06Z INFO [892/900] 69399f67-4b87-42fe-b9b3-15812205f80a: 196 groups; 2.0 s; peak memory 1312 MiB.
2026-10-08T04:02:11Z INFO [893/900] 693a1e86-9a28-449a-9e10-66c7bb6d6409: 53 groups; 4.9 s; peak memory 1312 MiB.
2026-10-08T04:02:12Z INFO [894/900] 693a3efd-b8e3-40e6-ab70-34294a18420b: 28 groups; 1.3 s; peak memory 1312 MiB.
2026-10-08T04:02:14Z INFO [895/900] 693b0797-f3f4-4be2-ad3e-f821ccaaff63: 26 groups; 1.5 s; peak memory 1312 MiB.
2026-10-08T04:02:15Z INFO [896/900] 693b0cda-dc34-4f88-9a66-c0baac87aae0: 17 groups; 1.5 s; peak memory 1312 MiB.
2026-10-08T04:02:18Z INFO [897/900] 693b399e-5349-4d8c-bf87-d8ee194b219a: 17 groups; 2.7 s; peak memory 1312 MiB.
2026-10-08T04:02:20Z INFO [898/900] 693b73ab-cde8-414e-b560-9a72e9e2d9e6: 33 groups; 1.9 s; peak memory 1312 MiB.
2026-10-08T04:02:23Z INFO [899/900] 693c179c-6260-4161-b639-491cc2098aa9: 48 groups; 2.8 s; peak memory 1312 MiB.
2026-10-08T04:02:25Z INFO [900/900] 693dbf06-4745-4183-8e23-25ed3dce9487: 32 groups; 1.8 s; peak memory 1312 MiB.
2026-10-08T04:02:25Z INFO [900/900] 693dbf06-4745-4183-8e23-25ed3dce9487: checkpointed 97636 records.
2026-10-08T04:02:25Z INFO Wrote 97636 records to /tmp/derivatives/valid_nwb_file_to_number_of_groups.jsonl (900 new, 0 failed) in 243.6 min (peak memory 1312 MiB).
