2026-10-09T14:20:44Z INFO Logging to /tmp/logs/update_2026-10-09T14-20-44Z.log.
2026-10-09T14:20:44Z INFO Update valid-nwb-file-to-number-of-groups (base directory /tmp).
2026-10-09T14:20:44Z INFO Processing 900 items (111136 already recorded).
2026-10-09T14:20:46Z INFO [1/900] 00c4ef28-e6cd-42d4-88be-e7f5e5990879: 20 groups; 1.6 s; peak memory 120 MiB.
2026-10-09T14:20:47Z INFO [2/900] 01d80f29-7e32-4d95-9ccb-0cfc2ca48ede: 20 groups; 1.0 s; peak memory 120 MiB.
2026-10-09T14:20:48Z INFO [3/900] 05816952-d049-4610-bdfb-f7a3a9fe268a: 20 groups; 1.2 s; peak memory 120 MiB.
2026-10-09T14:20:49Z INFO [4/900] 08cbe3bd-bc48-4780-bb85-49df1911ef51: 20 groups; 1.1 s; peak memory 121 MiB.
2026-10-09T14:20:50Z INFO [5/900] 09abda3a-441a-4f03-b15e-16d56875f7a9: 20 groups; 1.2 s; peak memory 121 MiB.
2026-10-09T14:20:51Z INFO [6/900] 09dad3d9-69a9-481e-a7db-761a9b4ca04a: 20 groups; 1.1 s; peak memory 121 MiB.
2026-10-09T14:20:53Z INFO [7/900] 0afd79c1-9fdb-42d2-be6a-8399c523a893: 20 groups; 1.2 s; peak memory 121 MiB.
2026-10-09T14:20:54Z INFO [8/900] 0c89a6d9-0b39-4dcd-b5c6-3d16ce012ac0: 20 groups; 1.1 s; peak memory 121 MiB.
2026-10-09T14:20:55Z INFO [9/900] 0f3501b9-157c-4e28-bf6f-f740ae75cf71: 20 groups; 1.0 s; peak memory 121 MiB.
2026-10-09T14:20:56Z INFO [10/900] 10f0421d-a3b3-43ed-869a-a9c9bf6353fb: 20 groups; 1.1 s; peak memory 121 MiB.
2026-10-09T14:20:57Z INFO [11/900] 154ffd51-1f73-4cab-b302-03fed9b02b08: 20 groups; 0.9 s; peak memory 121 MiB.
2026-10-09T14:20:58Z INFO [12/900] 15feff40-6a26-401d-a2fc-55274150d3f8: 20 groups; 1.1 s; peak memory 121 MiB.
2026-10-09T14:20:59Z INFO [13/900] 174dc191-19f2-4e87-ba9c-da8529fee031: 20 groups; 0.9 s; peak memory 121 MiB.
2026-10-09T14:21:00Z INFO [14/900] 189185b8-ae32-4a3c-9a0e-f1f04430b13f: 20 groups; 1.0 s; peak memory 121 MiB.
2026-10-09T14:21:01Z INFO [15/900] 195cb35f-bd21-4d46-9eab-2aea3cd196e7: 20 groups; 1.0 s; peak memory 122 MiB.
2026-10-09T14:21:02Z INFO [16/900] 19801fef-f4de-4ee8-b77b-f7d5e64cfeb5: 20 groups; 1.2 s; peak memory 122 MiB.
2026-10-09T14:21:03Z INFO [17/900] 1b5ad137-5b6d-4245-ac16-36ad03a4b77b: 20 groups; 1.0 s; peak memory 122 MiB.
2026-10-09T14:21:04Z INFO [18/900] 1c4658d7-1d90-44e2-8e9a-84a50cb2acf5: 20 groups; 1.0 s; peak memory 122 MiB.
2026-10-09T14:21:05Z INFO [19/900] 1e6aaafd-2260-4448-8d36-94bdf93a9c6e: 20 groups; 1.0 s; peak memory 123 MiB.
2026-10-09T14:21:06Z INFO [20/900] 1f07ea96-6e27-4990-bd62-72fe6984022d: 20 groups; 0.9 s; peak memory 123 MiB.
2026-10-09T14:21:07Z INFO [21/900] 2214a984-c248-404c-9129-161f307f9fbc: 20 groups; 0.8 s; peak memory 123 MiB.
2026-10-09T14:21:08Z INFO [22/900] 2384c463-d1fc-4893-8631-5671f5f4bdf2: 20 groups; 1.0 s; peak memory 123 MiB.
2026-10-09T14:21:09Z INFO [23/900] 255ff935-b551-4e51-92e4-3edc3667ce44: 20 groups; 0.9 s; peak memory 123 MiB.
2026-10-09T14:21:09Z INFO [24/900] 2624ad51-4d3c-407c-836f-c150ee0da4c4: 20 groups; 0.8 s; peak memory 123 MiB.
2026-10-09T14:21:10Z INFO [25/900] 2ad6bdb2-0e43-4965-b2cb-cab709f3defc: 20 groups; 1.0 s; peak memory 123 MiB.
2026-10-09T14:21:11Z INFO [26/900] 2bf5e85f-c3f8-41af-89e7-79ee91615515: 20 groups; 0.9 s; peak memory 123 MiB.
2026-10-09T14:21:12Z INFO [27/900] 2c8d4520-1687-44c2-9bab-3aa1760efba6: 20 groups; 0.8 s; peak memory 123 MiB.
2026-10-09T14:21:13Z INFO [28/900] 2e14f9af-62d4-4a1a-a6f2-84a1e1ad93d9: 20 groups; 0.8 s; peak memory 123 MiB.
2026-10-09T14:21:14Z INFO [29/900] 2e46f2ab-4cf6-40c8-a4a9-ffd6717d155f: 20 groups; 1.0 s; peak memory 123 MiB.
2026-10-09T14:21:15Z INFO [30/900] 2ed0aaed-6c88-4f24-ac78-0178f7c32e4a: 20 groups; 1.1 s; peak memory 123 MiB.
2026-10-09T14:21:16Z INFO [31/900] 2ef02a1e-dfcb-47c6-a50b-f9a150123184: 20 groups; 0.9 s; peak memory 123 MiB.
2026-10-09T14:21:17Z INFO [32/900] 2f75774e-b0d3-40a9-9d12-5f04bbaf31e9: 20 groups; 1.0 s; peak memory 123 MiB.
2026-10-09T14:21:18Z INFO [33/900] 304e0c2e-b7df-42ea-9596-115f936fcec1: 20 groups; 1.0 s; peak memory 123 MiB.
2026-10-09T14:21:19Z INFO [34/900] 3140644e-6805-4284-9107-1b6ae094162f: 20 groups; 1.0 s; peak memory 123 MiB.
2026-10-09T14:21:20Z INFO [35/900] 321dfd14-72a1-40d7-856b-170eb11c475a: 20 groups; 0.7 s; peak memory 123 MiB.
2026-10-09T14:21:21Z INFO [36/900] 326026b5-51ab-4e43-87ef-2ce1348f3890: 20 groups; 0.9 s; peak memory 123 MiB.
2026-10-09T14:21:21Z INFO [37/900] 32c8e7f6-72a2-4d70-a63b-6e62d496c146: 20 groups; 0.8 s; peak memory 123 MiB.
2026-10-09T14:21:22Z INFO [38/900] 344c008b-61eb-4e5c-bc4d-8465a75993f5: 20 groups; 0.8 s; peak memory 123 MiB.
2026-10-09T14:21:23Z INFO [39/900] 344dd7d3-7a18-4b4a-85ec-769eaeff00ee: 20 groups; 1.0 s; peak memory 123 MiB.
2026-10-09T14:21:24Z INFO [40/900] 35b21cf5-3192-46cc-bd97-cd3977446fec: 20 groups; 1.0 s; peak memory 123 MiB.
2026-10-09T14:21:25Z INFO [41/900] 3650c75f-fc06-4b57-918d-ff4e9cd0e780: 20 groups; 1.0 s; peak memory 123 MiB.
2026-10-09T14:21:26Z INFO [42/900] 39d6b25c-9675-4bba-b076-9264cc949aae: 20 groups; 1.0 s; peak memory 123 MiB.
2026-10-09T14:21:27Z INFO [43/900] 3a01ba28-0cfa-4c3e-8c09-43b1a45bd2ac: 20 groups; 0.9 s; peak memory 123 MiB.
2026-10-09T14:21:28Z INFO [44/900] 3b7edf47-bd63-4a70-bfde-3c5dd3551fc4: 20 groups; 1.1 s; peak memory 123 MiB.
2026-10-09T14:21:29Z INFO [45/900] 3d1b5ffa-ac5f-40a8-b5d4-c1047ebfc70e: 20 groups; 0.8 s; peak memory 123 MiB.
2026-10-09T14:21:30Z INFO [46/900] 3ee624ff-ebcf-4b4e-ba16-0c6820983763: 20 groups; 1.0 s; peak memory 123 MiB.
2026-10-09T14:21:31Z INFO [47/900] 409dcace-624f-4b89-b539-f7a7190b816e: 20 groups; 1.1 s; peak memory 123 MiB.
2026-10-09T14:21:32Z INFO [48/900] 40b5570c-9ca1-4bf3-9a6e-9bb00998fb56: 20 groups; 1.2 s; peak memory 123 MiB.
2026-10-09T14:21:33Z INFO [49/900] 41908ee0-0056-4fcc-8342-39a7dc5a0b2d: 20 groups; 1.0 s; peak memory 123 MiB.
2026-10-09T14:21:34Z INFO [50/900] 41d3f27c-bd01-4ea8-aa6d-55dc4409ad6d: 20 groups; 0.8 s; peak memory 123 MiB.
2026-10-09T14:21:34Z INFO [50/900] 41d3f27c-bd01-4ea8-aa6d-55dc4409ad6d: checkpointed 111186 new records.
2026-10-09T14:21:35Z INFO [51/900] 42195ba1-d7b2-4694-b239-fb77efa1400d: 20 groups; 0.8 s; peak memory 123 MiB.
2026-10-09T14:21:36Z INFO [52/900] 42734f6b-6c0b-4c98-98cd-e5dd3a974277: 20 groups; 1.0 s; peak memory 123 MiB.
2026-10-09T14:21:37Z INFO [53/900] 467f8797-437b-4127-ba6d-60385d197673: 20 groups; 1.0 s; peak memory 123 MiB.
2026-10-09T14:21:38Z INFO [54/900] 46bbe41c-a530-4787-a905-cd252c52bd2d: 20 groups; 1.1 s; peak memory 123 MiB.
2026-10-09T14:21:39Z INFO [55/900] 476b92b0-5433-46b6-a067-39aae4be126c: 20 groups; 1.0 s; peak memory 123 MiB.
2026-10-09T14:21:40Z INFO [56/900] 486e55ad-c38c-4c37-b0ec-97afe0acf4e9: 20 groups; 1.0 s; peak memory 123 MiB.
2026-10-09T14:21:41Z INFO [57/900] 499f34e9-ebd0-4a0a-bd08-04fd3d1bd8b3: 20 groups; 0.9 s; peak memory 123 MiB.
2026-10-09T14:21:42Z INFO [58/900] 4bbc9d3e-7937-4923-b2a2-c300e0d5700b: 20 groups; 0.8 s; peak memory 123 MiB.
2026-10-09T14:21:43Z INFO [59/900] 4f17fe77-3760-48cc-9aa8-7b10a14e17f2: 20 groups; 0.9 s; peak memory 123 MiB.
2026-10-09T14:21:44Z INFO [60/900] 505f3f86-5f41-4105-877a-94c41544857e: 20 groups; 1.0 s; peak memory 124 MiB.
2026-10-09T14:21:45Z INFO [61/900] 51492069-0c3a-4581-96b6-5c4744ab8dd5: 20 groups; 1.0 s; peak memory 124 MiB.
2026-10-09T14:21:46Z INFO [62/900] 52236d03-f8de-4af2-b817-2b35e63c7ae5: 20 groups; 1.1 s; peak memory 124 MiB.
2026-10-09T14:21:47Z INFO [63/900] 559a9afc-44e7-4776-b153-103d08298abf: 20 groups; 0.9 s; peak memory 124 MiB.
2026-10-09T14:21:48Z INFO [64/900] 58f5f824-8a90-4456-9a47-7253e172669c: 20 groups; 1.1 s; peak memory 124 MiB.
2026-10-09T14:21:49Z INFO [65/900] 599850d9-24ef-417d-853e-073a6ca47d63: 20 groups; 1.0 s; peak memory 124 MiB.
2026-10-09T14:21:50Z INFO [66/900] 59993431-0d59-4c74-b825-d49316093fae: 20 groups; 1.1 s; peak memory 124 MiB.
2026-10-09T14:21:51Z INFO [67/900] 5a04619e-df79-41fc-87ce-fa80dc8236f6: 20 groups; 0.9 s; peak memory 124 MiB.
2026-10-09T14:21:52Z INFO [68/900] 5a59f92b-7bc3-4989-8d17-60a9007d5f7a: 20 groups; 1.1 s; peak memory 124 MiB.
2026-10-09T14:21:53Z INFO [69/900] 5be2779f-5bf5-4da1-9907-7b99a3f8279e: 20 groups; 0.9 s; peak memory 124 MiB.
2026-10-09T14:21:54Z INFO [70/900] 5c273177-d678-4c8c-a86f-a3f2c54b3550: 20 groups; 0.9 s; peak memory 124 MiB.
2026-10-09T14:21:57Z INFO [71/900] 5d8f5e01-2aa6-40c2-be3e-256a16d08b90: 36 groups; 2.5 s; peak memory 125 MiB.
2026-10-09T14:21:58Z INFO [72/900] 5d911df1-7b72-4bf3-a3a1-6c159d62b982: 20 groups; 1.2 s; peak memory 125 MiB.
2026-10-09T14:21:59Z INFO [73/900] 5dc71473-65d9-4e78-950e-b3aa2990923e: 20 groups; 1.2 s; peak memory 125 MiB.
2026-10-09T14:22:00Z INFO [74/900] 6029e3f0-cbf8-4955-b356-d837efc40e9f: 20 groups; 0.9 s; peak memory 125 MiB.
2026-10-09T14:22:01Z INFO [75/900] 604cd569-0c27-481f-8b66-123aa6459420: 20 groups; 0.8 s; peak memory 125 MiB.
2026-10-09T14:22:01Z INFO [76/900] 63eb08cc-f28b-4f9d-a176-43d8447e5e70: 20 groups; 0.8 s; peak memory 125 MiB.
2026-10-09T14:22:03Z INFO [77/900] 6514d3e9-6278-4c60-9b48-b3aec03013b8: 20 groups; 1.1 s; peak memory 125 MiB.
2026-10-09T14:22:03Z INFO [78/900] 668f2810-c4c7-4042-bb50-6c5f932711b1: 20 groups; 0.8 s; peak memory 125 MiB.
2026-10-09T14:22:04Z INFO [79/900] 66eeab5d-09a7-4247-a5d4-2af80eca7daf: 20 groups; 0.9 s; peak memory 125 MiB.
2026-10-09T14:22:05Z INFO [80/900] 687f986d-524a-40e2-addd-83342cb00f1c: 20 groups; 1.0 s; peak memory 125 MiB.
2026-10-09T14:22:06Z INFO [81/900] 6992bd6a-a935-49c5-9c0d-32bceaa8740c: 20 groups; 1.1 s; peak memory 125 MiB.
2026-10-09T14:22:07Z INFO [82/900] 6a8aacf0-89f9-447c-a5fd-b814e3476946: 20 groups; 1.1 s; peak memory 125 MiB.
2026-10-09T14:22:09Z INFO [83/900] 6c03fb93-f3fc-4132-81d5-0b89cc76f1c2: 20 groups; 1.1 s; peak memory 125 MiB.
2026-10-09T14:22:09Z INFO [84/900] 6cd6b77c-ce9c-4cbc-a4e6-be9f2349f3d5: 20 groups; 0.9 s; peak memory 125 MiB.
2026-10-09T14:22:10Z INFO [85/900] 6dd04b99-276d-448a-b8ce-6aee2ffd71bd: 20 groups; 0.9 s; peak memory 125 MiB.
2026-10-09T14:22:11Z INFO [86/900] 6e194ccd-7603-4eb5-b17d-73e8bf99dc3b: 20 groups; 0.8 s; peak memory 125 MiB.
2026-10-09T14:22:12Z INFO [87/900] 7253d405-35e2-45ef-95e6-18257185a9fa: 20 groups; 1.0 s; peak memory 125 MiB.
2026-10-09T14:22:13Z INFO [88/900] 7321efcb-8169-4aab-8aea-ce90c184f4fa: 20 groups; 1.0 s; peak memory 125 MiB.
2026-10-09T14:22:14Z INFO [89/900] 7369ceed-8af4-4123-8131-13f03deebefc: 20 groups; 1.0 s; peak memory 125 MiB.
2026-10-09T14:22:15Z INFO [90/900] 74b44cac-1604-4bb9-bc92-287998c04c2e: 20 groups; 1.0 s; peak memory 125 MiB.
2026-10-09T14:22:16Z INFO [91/900] 763148a9-b424-4ec0-8959-001585e3e7c8: 20 groups; 0.9 s; peak memory 125 MiB.
2026-10-09T14:22:17Z INFO [92/900] 76cdfa5e-160c-41ea-8c02-8595bec3fd99: 20 groups; 1.0 s; peak memory 125 MiB.
2026-10-09T14:22:18Z INFO [93/900] 77543c26-5186-48ce-9029-12bf5a4ad9f5: 20 groups; 0.9 s; peak memory 125 MiB.
2026-10-09T14:22:19Z INFO [94/900] 777c6a1b-66b1-4f6a-92dd-a44518995f4b: 20 groups; 1.1 s; peak memory 125 MiB.
2026-10-09T14:22:20Z INFO [95/900] 77b33f1d-7aa6-411a-9455-a353bfc0c27a: 20 groups; 1.0 s; peak memory 125 MiB.
2026-10-09T14:22:21Z INFO [96/900] 7b16ada0-f572-40c7-b556-4b82c509f34c: 20 groups; 1.0 s; peak memory 125 MiB.
2026-10-09T14:22:22Z INFO [97/900] 7b3ae653-740d-4dc3-8a19-3f5598c3182c: 20 groups; 1.0 s; peak memory 125 MiB.
2026-10-09T14:22:23Z INFO [98/900] 7c2a1377-b820-4f75-a37d-eda1ae442fcc: 20 groups; 1.1 s; peak memory 125 MiB.
2026-10-09T14:22:24Z INFO [99/900] 7d395972-9377-410d-9932-a10266544e52: 20 groups; 1.0 s; peak memory 125 MiB.
2026-10-09T14:22:25Z INFO [100/900] 7f49b836-3180-4983-a951-49711ba860ac: 20 groups; 0.9 s; peak memory 125 MiB.
2026-10-09T14:22:25Z INFO [100/900] 7f49b836-3180-4983-a951-49711ba860ac: checkpointed 111236 new records.
2026-10-09T14:22:26Z INFO [101/900] 8215daed-f961-484b-a6e1-d1a873813e2e: 20 groups; 0.9 s; peak memory 125 MiB.
2026-10-09T14:22:27Z INFO [102/900] 82f0c1cf-930b-4294-96d8-c3cd26f86815: 20 groups; 1.0 s; peak memory 125 MiB.
2026-10-09T14:22:28Z INFO [103/900] 84819b02-3b62-4af2-aa6e-95671ff08f88: 20 groups; 1.0 s; peak memory 125 MiB.
2026-10-09T14:22:29Z INFO [104/900] 8556ba4c-7b05-4191-aa99-5596fabf3bef: 32 groups; 1.5 s; peak memory 127 MiB.
2026-10-09T14:22:31Z INFO [105/900] 8557bb4f-f7ff-463a-9b50-42f59d2c6090: 33 groups; 1.4 s; peak memory 127 MiB.
2026-10-09T14:22:49Z INFO [106/900] 85582abb-08d8-4277-a899-df107a3f1605: 313 groups; 17.7 s; peak memory 170 MiB.
2026-10-09T14:22:50Z INFO [107/900] 85589829-ee7a-4210-9423-5e9fa09e79de: 22 groups; 1.0 s; peak memory 170 MiB.
2026-10-09T14:22:51Z INFO [108/900] 8558b664-400a-4770-be20-a1a7014fc454: 24 groups; 1.0 s; peak memory 170 MiB.
2026-10-09T14:22:56Z INFO [109/900] 8559ee3d-efa1-4edd-898b-6f162211651b: 71 groups; 5.0 s; peak memory 170 MiB.
2026-10-09T14:22:57Z INFO [110/900] 855b095a-23bd-463d-ab47-43c05cbd31da: 22 groups; 1.0 s; peak memory 170 MiB.
2026-10-09T14:24:58Z INFO [111/900] 855c1662-b1e3-4551-bf68-8bcaa042f633: 60 groups; 121.9 s; peak memory 291 MiB.
2026-10-09T14:25:00Z INFO [112/900] 855de3ae-f58e-4919-923d-7bb6dceb8898: 36 groups; 1.4 s; peak memory 291 MiB.
2026-10-09T14:25:01Z INFO [113/900] 855e84ca-9f1c-40ff-b1fd-ccac4cc90a3c: 22 groups; 1.1 s; peak memory 291 MiB.
2026-10-09T14:25:02Z INFO [114/900] 855efec4-57e5-46e5-bba8-989375c9fdc5: 201 groups; 1.2 s; peak memory 291 MiB.
2026-10-09T14:27:05Z INFO [115/900] 855f0b98-8eb8-4850-b23f-4339ebbd63de: 60 groups; 123.0 s; peak memory 291 MiB.
2026-10-09T14:27:09Z INFO [116/900] 855f3f0a-ff06-45ca-9e83-d58708a1c468: 47 groups; 3.7 s; peak memory 291 MiB.
2026-10-09T14:27:10Z INFO [117/900] 855f551d-498a-4a0d-a011-b50bd1a8472b: 35 groups; 1.2 s; peak memory 291 MiB.
2026-10-09T14:27:28Z INFO [118/900] 855f564c-61f0-4181-b999-bd463f5367a0: 155 groups; 17.6 s; peak memory 291 MiB.
2026-10-09T14:27:29Z INFO [119/900] 855f8a76-2360-44b9-ab95-c0b6694b70b9: 31 groups; 1.0 s; peak memory 291 MiB.
2026-10-09T14:27:30Z INFO [120/900] 8560c01a-cc46-46e8-8a76-22b46b522691: 32 groups; 1.0 s; peak memory 291 MiB.
2026-10-09T14:27:52Z INFO [121/900] 856118f7-9687-4910-9fe6-59b304b569d6: 23 groups; 22.1 s; peak memory 291 MiB.
2026-10-09T14:27:53Z INFO [122/900] 85612e89-1f0f-45c6-813a-26fca6a30707: 16 groups; 0.9 s; peak memory 291 MiB.
2026-10-09T14:27:55Z INFO [123/900] 8561d88a-0e98-4b73-aacb-5248f5de1b33: 17 groups; 1.8 s; peak memory 291 MiB.
2026-10-09T14:27:57Z INFO [124/900] 8562523a-da50-43c8-b278-52b917508be1: 34 groups; 2.4 s; peak memory 291 MiB.
2026-10-09T14:27:58Z INFO [125/900] 85626819-ecd4-4019-bc02-6d3f674abf45: 16 groups; 0.9 s; peak memory 291 MiB.
2026-10-09T14:28:05Z INFO [126/900] 85632b17-5024-4a6f-997c-8d79ecf085f5: 236 groups; 7.3 s; peak memory 291 MiB.
2026-10-09T14:28:07Z INFO [127/900] 85635830-9cab-407a-b902-0d61b2ef9fd6: 35 groups; 1.7 s; peak memory 291 MiB.
2026-10-09T14:28:08Z INFO [128/900] 8563acf3-f16f-46fb-96d4-b00487875536: 22 groups; 1.0 s; peak memory 291 MiB.
2026-10-09T14:28:09Z INFO [129/900] 85640ae6-fd4e-45dc-be82-c28cf3a28035: 32 groups; 1.2 s; peak memory 291 MiB.
2026-10-09T14:28:14Z INFO [130/900] 85643bf0-04a0-435f-8ceb-e064fdbaccb0: 78 groups; 5.0 s; peak memory 291 MiB.
2026-10-09T14:28:15Z INFO [131/900] 85660571-5a3e-4eb1-9ae3-7b1cedbfa7e6: 21 groups; 1.1 s; peak memory 291 MiB.
2026-10-09T14:28:16Z INFO [132/900] 8567c338-ff77-4d9f-8bff-2eb235ba3d87: 32 groups; 1.2 s; peak memory 291 MiB.
2026-10-09T14:28:18Z INFO [133/900] 8568151f-8da2-460f-aebc-326b36f86116: 194 groups; 1.6 s; peak memory 291 MiB.
2026-10-09T14:28:39Z INFO [134/900] 85684a94-c214-4458-b8d8-b131531d5396: 23 groups; 21.5 s; peak memory 291 MiB.
2026-10-09T14:29:01Z INFO [135/900] 8568bedf-0dd8-4c65-946a-1bc2d1467db1: 23 groups; 21.3 s; peak memory 291 MiB.
2026-10-09T14:29:01Z INFO [136/900] 8568f7c4-2a4b-42d3-ac2d-d9442f10dfd8: 25 groups; 0.9 s; peak memory 291 MiB.
2026-10-09T14:29:03Z INFO [137/900] 856a2c25-d7df-473d-b1d8-6d17b1ba33ba: 258 groups; 1.4 s; peak memory 291 MiB.
2026-10-09T14:29:04Z INFO [138/900] 856a41aa-8c9f-4f70-b8f9-a014ac5d65aa: 29 groups; 0.8 s; peak memory 291 MiB.
2026-10-09T14:29:05Z INFO [139/900] 856a7ff7-3b66-4337-9b99-7c491625e9b5: 20 groups; 1.4 s; peak memory 291 MiB.
2026-10-09T14:29:06Z INFO [140/900] 856b34c1-057e-48f5-9209-7c40694b6226: 32 groups; 1.1 s; peak memory 291 MiB.
2026-10-09T14:29:07Z INFO [141/900] 856b9a64-5087-4a91-b83b-985051ffd95b: 22 groups; 1.0 s; peak memory 291 MiB.
2026-10-09T14:29:09Z INFO [142/900] 856c97e2-f051-4011-aecf-5e560a2c9006: 48 groups; 2.4 s; peak memory 291 MiB.
2026-10-09T14:29:20Z INFO [143/900] 856d5939-474e-4d84-af45-bcf195db66de: 63 groups; 10.5 s; peak memory 291 MiB.
2026-10-09T14:29:22Z INFO [144/900] 856d59b0-6fd4-41a2-a5e1-03f8ef9504a1: 33 groups; 1.9 s; peak memory 291 MiB.
2026-10-09T14:29:23Z INFO [145/900] 856e0c53-7cdd-454c-a53e-78087356347c: 22 groups; 0.9 s; peak memory 291 MiB.
2026-10-09T14:29:24Z INFO [146/900] 856f1348-d9d2-466e-a094-77efde7e5b9c: 32 groups; 1.3 s; peak memory 291 MiB.
2026-10-09T14:29:25Z INFO [147/900] 856f71c0-196a-4357-afd4-7dea2f5de72d: 22 groups; 1.0 s; peak memory 291 MiB.
2026-10-09T14:29:26Z INFO [148/900] 856f8f62-b763-422f-8875-fc00a721394b: 18 groups; 0.9 s; peak memory 291 MiB.
2026-10-09T14:29:27Z INFO [149/900] 856ffea4-91b7-4726-b7e9-37fb87075749: 16 groups; 0.6 s; peak memory 291 MiB.
2026-10-09T14:29:27Z INFO [150/900] 85702c18-df51-4170-9448-3f42e2c4cfcf: 26 groups; 0.8 s; peak memory 291 MiB.
2026-10-09T14:29:28Z INFO [150/900] 85702c18-df51-4170-9448-3f42e2c4cfcf: checkpointed 111286 new records.
2026-10-09T14:29:37Z INFO [151/900] 857156a5-689f-4188-8289-8400c80dcf78: 22 groups; 9.1 s; peak memory 291 MiB.
2026-10-09T14:29:39Z INFO [152/900] 8571577f-4ad9-4a5b-9f82-aa24fed3d6dc: 50 groups; 2.2 s; peak memory 291 MiB.
2026-10-09T14:29:40Z INFO [153/900] 8571ac23-05bb-42a7-b37b-bf14caa4aa40: 25 groups; 1.0 s; peak memory 291 MiB.
2026-10-09T14:29:42Z INFO [154/900] 8571d54a-7167-41dc-9ada-2cc11bdf7c73: 50 groups; 2.4 s; peak memory 291 MiB.
2026-10-09T14:29:48Z INFO [155/900] 8572868d-0017-4b89-8d4d-67f8cbf7f815: 49 groups; 5.5 s; peak memory 291 MiB.
2026-10-09T14:29:49Z INFO [156/900] 8572c9f2-ead5-4069-99bc-3971997251b6: 32 groups; 1.2 s; peak memory 291 MiB.
2026-10-09T14:29:51Z INFO [157/900] 8573cb27-7e7f-48aa-b2dc-84f151037c84: 38 groups; 2.1 s; peak memory 291 MiB.
2026-10-09T14:29:52Z INFO [158/900] 8573f312-c1a0-4b2a-88e8-14546c9b928a: 32 groups; 0.9 s; peak memory 291 MiB.
2026-10-09T14:29:53Z INFO [159/900] 8575a2e1-9d68-4f69-8971-59fb7275e4c3: 32 groups; 1.1 s; peak memory 291 MiB.
2026-10-09T14:29:55Z INFO [160/900] 8575ae24-ea67-46cf-a402-df3276b55cc6: 42 groups; 1.5 s; peak memory 291 MiB.
2026-10-09T14:30:14Z INFO [161/900] 8575f538-c293-4d37-86ca-ad1b4aa33437: 217 groups; 19.3 s; peak memory 291 MiB.
2026-10-09T14:30:15Z INFO [162/900] 8576a690-505f-46e7-ad2b-011dce86b3a0: 22 groups; 1.0 s; peak memory 291 MiB.
2026-10-09T14:30:16Z INFO [163/900] 85773b5c-aa3b-4b2c-83d9-a2ba77d3c164: 30 groups; 0.9 s; peak memory 291 MiB.
2026-10-09T14:30:17Z INFO [164/900] 85774f02-c6a4-40f3-a75e-d7084ebf47a5: 103 groups; 1.3 s; peak memory 291 MiB.
2026-10-09T14:30:18Z INFO [165/900] 8577c9c2-33db-4ba5-aca2-f7705c7dbb48: 25 groups; 1.3 s; peak memory 291 MiB.
2026-10-09T14:30:20Z INFO [166/900] 8578b57f-f2ce-48d9-b962-0e65c146aa71: 256 groups; 1.3 s; peak memory 291 MiB.
2026-10-09T14:30:22Z INFO [167/900] 8578ffc1-b5c5-47ea-b5aa-30be37baeb46: 35 groups; 2.1 s; peak memory 291 MiB.
2026-10-09T14:30:23Z INFO [168/900] 85799e51-fb04-4a79-9fcf-7d074d628552: 32 groups; 1.0 s; peak memory 291 MiB.
2026-10-09T14:30:24Z INFO [169/900] 8579a90d-4195-43cf-b6ec-7d9cac7f994a: 22 groups; 0.9 s; peak memory 291 MiB.
2026-10-09T14:30:24Z INFO [170/900] 8579af14-9440-4069-a1a0-4733256a3f27: 22 groups; 0.8 s; peak memory 291 MiB.
2026-10-09T14:30:26Z INFO [171/900] 8579fb22-da32-49e5-a4ae-09c02d3d8714: 33 groups; 1.3 s; peak memory 291 MiB.
2026-10-09T14:30:29Z INFO [172/900] 857a1cd6-a4e8-43e3-b45f-ec30fdb42611: 121 groups; 3.5 s; peak memory 291 MiB.
2026-10-09T14:30:30Z INFO [173/900] 857b8d09-a040-410b-b7a4-1e13def192a4: 22 groups; 0.9 s; peak memory 291 MiB.
2026-10-09T14:30:31Z INFO [174/900] 857bf0d9-b1b6-4aef-8b1a-f3d90251101d: 32 groups; 1.3 s; peak memory 291 MiB.
2026-10-09T14:30:32Z INFO [175/900] 857c3127-26b0-4194-b5d9-05c5732fe2ba: 25 groups; 0.9 s; peak memory 291 MiB.
2026-10-09T14:30:34Z INFO [176/900] 857d5e19-340b-4288-9669-1e07508e4d51: 202 groups; 1.6 s; peak memory 291 MiB.
2026-10-09T14:36:52Z INFO [177/900] 857dad31-4fd6-4691-8549-ed52fa0b7691: 579 groups; 378.0 s; peak memory 1006 MiB.
2026-10-09T14:36:53Z INFO [178/900] 857e9f69-2c36-4d26-a2b1-e2215297fcfc: 32 groups; 1.1 s; peak memory 1006 MiB.
2026-10-09T14:36:54Z INFO [179/900] 857eb4b4-1cec-4387-8d94-f01b0881e3bc: 22 groups; 1.1 s; peak memory 1006 MiB.
2026-10-09T14:36:55Z INFO [180/900] 857ef7ef-50f1-4378-99f2-6714d34fec5a: 22 groups; 0.9 s; peak memory 1006 MiB.
2026-10-09T14:36:56Z INFO [181/900] 857fab7c-7eac-406e-baf8-eba043fbe8a2: 41 groups; 1.4 s; peak memory 1006 MiB.
2026-10-09T14:36:58Z INFO [182/900] 8580287a-2ceb-4ad6-9e8b-ed26281ed637: 22 groups; 1.2 s; peak memory 1006 MiB.
2026-10-09T14:36:59Z INFO [183/900] 8580f776-67b8-4ddf-9563-e79ada899781: 32 groups; 1.3 s; peak memory 1006 MiB.
2026-10-09T14:37:00Z INFO [184/900] 858119c4-5b3b-4744-9b17-401087aa5035: 16 groups; 0.6 s; peak memory 1006 MiB.
2026-10-09T14:37:01Z INFO [185/900] 85818b7e-ba16-4e6b-8061-97928fc89c7e: 35 groups; 1.4 s; peak memory 1006 MiB.
2026-10-09T14:37:18Z INFO [186/900] 85827864-572f-44c7-b16f-9f4685e62f2a: 150 groups; 16.7 s; peak memory 1006 MiB.
2026-10-09T14:37:22Z INFO [187/900] 8582c79e-d7f2-4d21-be44-c7a74bfe8bbd: 59 groups; 4.6 s; peak memory 1006 MiB.
2026-10-09T14:37:25Z INFO [188/900] 8582fc89-89db-4d50-915b-9a6d42251e7d: 34 groups; 2.2 s; peak memory 1006 MiB.
2026-10-09T14:37:25Z INFO [189/900] 8583098f-e681-45b5-84c7-862e9376b9ee: 16 groups; 0.6 s; peak memory 1006 MiB.
2026-10-09T14:37:26Z INFO [190/900] 85833cd9-7765-4b4e-9e37-8c7794321f76: 22 groups; 1.0 s; peak memory 1006 MiB.
2026-10-09T14:37:28Z INFO [191/900] 8583b1df-4a49-47c4-8b68-eac4eec1345c: 201 groups; 1.6 s; peak memory 1006 MiB.
2026-10-09T14:37:29Z INFO [192/900] 8583d29b-6117-454b-b788-13866bf0916d: 35 groups; 1.4 s; peak memory 1006 MiB.
2026-10-09T14:37:30Z INFO [193/900] 85848688-c838-41bb-9c00-a40e09a772f3: 30 groups; 0.9 s; peak memory 1006 MiB.
2026-10-09T14:37:35Z INFO [194/900] 858493cc-0e8b-49ae-a75b-01d2a97b5fc8: 71 groups; 5.1 s; peak memory 1006 MiB.
2026-10-09T14:37:36Z INFO [195/900] 8585f37f-5614-4e12-b99e-564d22f788ee: 32 groups; 1.0 s; peak memory 1006 MiB.
2026-10-09T14:37:37Z INFO [196/900] 8585f8f4-4df6-4030-8b1c-9a412acd1b3b: 17 groups; 0.9 s; peak memory 1006 MiB.
2026-10-09T14:37:38Z INFO [197/900] 8585fba9-ea75-4235-9289-8f67b57fc3bb: 253 groups; 1.4 s; peak memory 1006 MiB.
2026-10-09T14:37:40Z INFO [198/900] 8586464c-e417-4537-bf46-bfde909c30ef: 35 groups; 1.5 s; peak memory 1006 MiB.
2026-10-09T14:37:44Z INFO [199/900] 8586a997-7c7a-429e-8e35-94430a6f1670: 125 groups; 3.9 s; peak memory 1006 MiB.
2026-10-09T14:37:46Z INFO [200/900] 8587239f-7f35-4a63-8e8c-3b1eaab131b2: 338 groups; 2.0 s; peak memory 1006 MiB.
2026-10-09T14:37:46Z INFO [200/900] 8587239f-7f35-4a63-8e8c-3b1eaab131b2: checkpointed 111336 new records.
2026-10-09T14:37:48Z INFO [201/900] 8588537a-8bc2-4fdb-9c83-d138783ec529: 29 groups; 1.5 s; peak memory 1006 MiB.
2026-10-09T14:37:49Z INFO [202/900] 8588a2ef-9b25-4721-8a75-a428cf2ab180: 22 groups; 1.1 s; peak memory 1006 MiB.
2026-10-09T14:37:49Z INFO [203/900] 8589da7b-0b02-42d3-8832-7350c0f00041: 17 groups; 0.8 s; peak memory 1006 MiB.
2026-10-09T14:37:51Z INFO [204/900] 858a3da0-e55c-494a-94d2-f567219170de: 17 groups; 1.7 s; peak memory 1006 MiB.
2026-10-09T14:37:53Z INFO [205/900] 858b8996-8a00-4eb4-86ea-153c786d041b: 35 groups; 1.6 s; peak memory 1006 MiB.
2026-10-09T14:37:54Z INFO [206/900] 858badff-1f18-4281-89e0-77394892a207: 22 groups; 0.9 s; peak memory 1006 MiB.
2026-10-09T14:37:56Z INFO [207/900] 858c01e9-959a-4d86-b141-502ff6f178b5: 48 groups; 2.6 s; peak memory 1006 MiB.
2026-10-09T14:37:57Z INFO [208/900] 858c79c5-9acc-4738-ae1d-af0894ed75a4: 30 groups; 0.9 s; peak memory 1006 MiB.
2026-10-09T14:38:04Z INFO [209/900] 858c7e82-35d2-49f0-a8d3-babba6b5319a: 110 groups; 6.5 s; peak memory 1006 MiB.
2026-10-09T14:38:04Z INFO [210/900] 858c930f-3dec-4073-8d26-ded3eb6109c8: 16 groups; 0.8 s; peak memory 1006 MiB.
2026-10-09T14:38:06Z INFO [211/900] 858d1bc9-c899-4f07-8742-bb3d4ed6fd9b: 255 groups; 1.3 s; peak memory 1006 MiB.
2026-10-09T14:38:07Z INFO [212/900] 858d4bc3-4aab-4ec1-8311-82e281a0ee0a: 32 groups; 1.3 s; peak memory 1006 MiB.
2026-10-09T14:38:09Z INFO [213/900] 858d7322-ecfd-47da-bc44-cbe5fe839c2f: 17 groups; 2.2 s; peak memory 1006 MiB.
2026-10-09T14:38:13Z INFO [214/900] 858e24cd-e800-41e4-a9d7-60fd3f8c16de: 54 groups; 3.9 s; peak memory 1006 MiB.
2026-10-09T14:38:15Z INFO [215/900] 858e42ba-b61d-4ed8-ace5-e5cba1292e39: 200 groups; 2.1 s; peak memory 1006 MiB.
2026-10-09T14:38:17Z INFO [216/900] 858e59f7-72c4-4f84-a767-d01833d44cc8: 194 groups; 1.3 s; peak memory 1006 MiB.
2026-10-09T14:38:18Z INFO [217/900] 858e8199-300e-459e-b031-182cf0cb6b6f: 35 groups; 1.1 s; peak memory 1006 MiB.
2026-10-09T14:38:19Z INFO [218/900] 858ef20e-18c7-4f16-9513-fca15e479071: 43 groups; 1.5 s; peak memory 1006 MiB.
2026-10-09T14:38:20Z INFO [219/900] 8590a566-5ddd-431e-b9be-0f1d4d7cab15: 32 groups; 1.2 s; peak memory 1006 MiB.
2026-10-09T14:38:22Z INFO [220/900] 8592adc5-f2be-4569-aebc-5cebaac5f23f: 30 groups; 1.2 s; peak memory 1006 MiB.
2026-10-09T14:38:26Z INFO [221/900] 859336c9-8e44-4beb-ab6d-9bcec2908822: 78 groups; 4.6 s; peak memory 1006 MiB.
2026-10-09T14:38:28Z INFO [222/900] 8593b646-a4ca-4774-badf-9fce115fd101: 341 groups; 1.6 s; peak memory 1006 MiB.
2026-10-09T14:38:29Z INFO [223/900] 8593b946-9b46-488f-b830-ffcd982d8d90: 22 groups; 1.1 s; peak memory 1006 MiB.
2026-10-09T14:38:30Z INFO [224/900] 8593eba5-a99c-4f7e-a89d-c993953cc62f: 33 groups; 1.7 s; peak memory 1006 MiB.
2026-10-09T14:38:32Z INFO [225/900] 8594bcca-4f3d-474a-9d7a-8a0d44ecede2: 194 groups; 1.3 s; peak memory 1006 MiB.
2026-10-09T14:42:23Z INFO [226/900] 85964eac-c82b-463a-8e79-275935cd1d65: 67 groups; 231.6 s; peak memory 1006 MiB.
2026-10-09T14:42:24Z INFO [227/900] 8596f7ee-1df0-41cf-a095-309a10652474: 24 groups; 1.1 s; peak memory 1006 MiB.
2026-10-09T14:42:26Z INFO [228/900] 8597bb8f-7a87-4980-8458-a56433afe4f4: 253 groups; 1.3 s; peak memory 1006 MiB.
2026-10-09T14:46:22Z INFO [229/900] 8598ca03-fdaf-4869-8829-b9d755220d06: 93 groups; 236.6 s; peak memory 1006 MiB.
2026-10-09T14:46:24Z INFO [230/900] 8598e0fb-687a-4acd-b0f5-533d35367891: 32 groups; 1.3 s; peak memory 1006 MiB.
2026-10-09T14:46:24Z INFO [231/900] 8598e837-5342-410d-a653-112578c5c238: 22 groups; 0.9 s; peak memory 1006 MiB.
2026-10-09T14:46:27Z INFO [232/900] 85999394-fc23-4d23-a306-0248885624c4: 33 groups; 2.4 s; peak memory 1006 MiB.
2026-10-09T14:46:35Z INFO [233/900] 859a33fe-35ad-479c-8fc8-44a3687bf3a2: 159 groups; 8.3 s; peak memory 1006 MiB.
2026-10-09T14:46:36Z INFO [234/900] 859a9490-57da-4c29-9016-6199a1135e3e: 22 groups; 0.8 s; peak memory 1006 MiB.
2026-10-09T14:46:37Z INFO [235/900] 859aacab-e24b-4383-a6ea-c1fabf34d91c: 35 groups; 1.0 s; peak memory 1006 MiB.
2026-10-09T14:46:38Z INFO [236/900] 859c8cb0-d37a-4962-a618-495d7231ef38: 35 groups; 1.6 s; peak memory 1006 MiB.
2026-10-09T14:46:40Z INFO [237/900] 859c9845-d8a4-4525-b7d9-fbb33eac9717: 202 groups; 1.5 s; peak memory 1006 MiB.
2026-10-09T14:50:38Z INFO [238/900] 859cec69-18d5-42be-a8dc-bf01a60457a9: 93 groups; 237.7 s; peak memory 1006 MiB.
2026-10-09T14:50:39Z INFO [239/900] 859e1b03-0946-4b4f-8a79-832eaa35c64e: 32 groups; 1.3 s; peak memory 1006 MiB.
2026-10-09T14:52:59Z INFO [240/900] 859e3115-b281-4db5-a263-db556a99d1b6: 71 groups; 140.0 s; peak memory 1006 MiB.
2026-10-09T14:53:01Z INFO [241/900] 859e6130-d01d-4f4c-b5b6-77b58f768167: 207 groups; 1.8 s; peak memory 1006 MiB.
2026-10-09T14:53:02Z INFO [242/900] 859e6887-e0ef-4f6e-9454-1957e4bf9bae: 22 groups; 0.8 s; peak memory 1006 MiB.
2026-10-09T14:53:02Z INFO [243/900] 859eb3cf-c80d-4d2b-b138-58dd5f074f13: 22 groups; 1.0 s; peak memory 1006 MiB.
2026-10-09T14:53:03Z INFO [244/900] 859eb45e-b675-4b69-b287-066b58aaadb7: 22 groups; 1.0 s; peak memory 1006 MiB.
2026-10-09T14:53:05Z INFO [245/900] 859eb7a3-e9fa-4093-91b8-2ef8e07b73bc: 32 groups; 1.0 s; peak memory 1006 MiB.
2026-10-09T14:53:05Z INFO [246/900] 859fb5c5-19b4-4a5f-89be-f18999534d58: 16 groups; 0.6 s; peak memory 1006 MiB.
2026-10-09T14:53:06Z INFO [247/900] 85a10481-2b74-4418-b429-7db192cd438c: 32 groups; 1.3 s; peak memory 1006 MiB.
2026-10-09T14:53:08Z INFO [248/900] 85a1b3a3-3a44-4913-8f13-6f8fd3208da5: 34 groups; 1.5 s; peak memory 1006 MiB.
2026-10-09T14:53:09Z INFO [249/900] 85a26a19-854f-4710-83e8-45b9bdd71e64: 30 groups; 0.9 s; peak memory 1006 MiB.
2026-10-09T14:53:10Z INFO [250/900] 85a2e1ae-b166-4708-9f49-a0d0b0daa267: 22 groups; 1.1 s; peak memory 1006 MiB.
2026-10-09T14:53:10Z INFO [250/900] 85a2e1ae-b166-4708-9f49-a0d0b0daa267: checkpointed 111386 new records.
2026-10-09T14:53:14Z INFO [251/900] 85a33d4d-843e-4bfc-bb01-ee1cfcc080d0: 125 groups; 4.3 s; peak memory 1006 MiB.
2026-10-09T14:53:16Z INFO [252/900] 85a3c9f1-ca43-427c-9aa1-42dbeb9c4bb8: 32 groups; 1.1 s; peak memory 1006 MiB.
2026-10-09T14:53:16Z INFO [253/900] 85a52d93-28d7-42b2-b0bb-3dd7e8fe98ba: 30 groups; 0.8 s; peak memory 1006 MiB.
2026-10-09T14:53:17Z INFO [254/900] 85a56ac3-3fc9-4856-b2b3-f1f63a569dce: 22 groups; 0.9 s; peak memory 1006 MiB.
2026-10-09T14:53:30Z INFO [255/900] 85a56c70-e12b-4c16-8b84-93ebfaf916c1: 22 groups; 12.7 s; peak memory 1006 MiB.
2026-10-09T14:53:31Z INFO [256/900] 85a60642-b8ac-4455-ba8a-936bec155873: 22 groups; 1.0 s; peak memory 1006 MiB.
2026-10-09T14:53:32Z INFO [257/900] 85a725eb-08b5-4112-a00b-1f7b6f9df0a3: 35 groups; 1.4 s; peak memory 1006 MiB.
2026-10-09T14:53:33Z INFO [258/900] 85a737ca-b22f-4026-9034-304678b1457e: 17 groups; 0.7 s; peak memory 1006 MiB.
2026-10-09T14:53:43Z INFO [259/900] 85a777e3-cc5f-4ab3-a5a6-baac1766d870: 249 groups; 9.8 s; peak memory 1006 MiB.
2026-10-09T14:53:45Z INFO [260/900] 85a77cdf-5848-4153-bab2-5e9a87bedce9: 199 groups; 1.6 s; peak memory 1006 MiB.
2026-10-09T14:53:45Z INFO [261/900] 85a7b8f9-725b-4e35-a4e6-7c42f49f7473: 32 groups; 0.9 s; peak memory 1006 MiB.
2026-10-09T14:53:47Z INFO [262/900] 85a7dd3a-f4a9-4f96-a6e1-316478806d66: 32 groups; 1.1 s; peak memory 1006 MiB.
2026-10-09T14:53:48Z INFO [263/900] 85a8078d-f68b-44ed-9654-13ed6fd5815e: 28 groups; 1.0 s; peak memory 1006 MiB.
2026-10-09T14:53:52Z INFO [264/900] 85a82b77-65b5-4401-ad6c-18e0efffb68b: 78 groups; 4.7 s; peak memory 1006 MiB.
2026-10-09T14:53:54Z INFO [265/900] 85a86c0d-1937-46de-93f9-7fc8874e04bb: 41 groups; 1.5 s; peak memory 1006 MiB.
2026-10-09T14:53:55Z INFO [266/900] 85a8ff72-a622-492d-a04d-ced310bd53e6: 32 groups; 0.9 s; peak memory 1006 MiB.
2026-10-09T14:53:56Z INFO [267/900] 85a9862e-aade-4e7a-9ab1-15da749f74a1: 41 groups; 1.0 s; peak memory 1006 MiB.
2026-10-09T14:53:57Z INFO [268/900] 85a9e278-7d31-4bd9-ba54-3825183c4852: 29 groups; 1.3 s; peak memory 1006 MiB.
2026-10-09T14:53:58Z INFO [269/900] 85aafda2-1d38-4ab0-a56b-32c0d807eccd: 36 groups; 1.2 s; peak memory 1006 MiB.
2026-10-09T14:54:01Z INFO [270/900] 85aba55b-b11a-4f5b-a074-82d9c2abed34: 29 groups; 3.4 s; peak memory 1006 MiB.
2026-10-09T14:54:03Z INFO [271/900] 85adb80d-bf28-49c5-a1e4-7d75dec202d4: 24 groups; 1.3 s; peak memory 1006 MiB.
2026-10-09T14:54:07Z INFO [272/900] 85adf6ad-9bf5-4d4f-a11c-4c65a041e294: 78 groups; 4.6 s; peak memory 1006 MiB.
2026-10-09T14:54:11Z INFO [273/900] 85af8206-bb4a-4171-9ece-c26dcaa1c93c: 33 groups; 3.5 s; peak memory 1006 MiB.
2026-10-09T14:54:12Z INFO [274/900] 85afe285-0175-4753-803d-f9875b96a0f8: 32 groups; 1.2 s; peak memory 1006 MiB.
2026-10-09T14:54:16Z INFO [275/900] 85b03930-5d4a-46ee-8419-54cbd596965c: 107 groups; 3.5 s; peak memory 1006 MiB.
2026-10-09T14:54:17Z INFO [276/900] 85b0bb6f-afa0-41b7-8f25-2eb590c66535: 32 groups; 1.0 s; peak memory 1006 MiB.
2026-10-09T14:54:23Z INFO [277/900] 85b11ae9-cc96-4acc-a3d5-b8ff0489ef88: 35 groups; 6.2 s; peak memory 1006 MiB.
2026-10-09T14:54:24Z INFO [278/900] 85b34ea6-eade-4697-939e-6140f251fda5: 25 groups; 1.1 s; peak memory 1006 MiB.
2026-10-09T14:54:35Z INFO [279/900] 85b3653a-10f1-4032-ad52-be65ef6dd13d: 17 groups; 11.6 s; peak memory 1006 MiB.
2026-10-09T14:54:36Z INFO [280/900] 85b3be11-4a5b-4f4c-8ce0-a984b4e4c390: 22 groups; 0.9 s; peak memory 1006 MiB.
2026-10-09T14:54:38Z INFO [281/900] 85b41ee8-4600-4d36-b284-319db187944c: 195 groups; 1.5 s; peak memory 1006 MiB.
2026-10-09T14:54:39Z INFO [282/900] 85b4f3e5-43d6-47f9-943b-6fd4f1f2593b: 49 groups; 1.6 s; peak memory 1006 MiB.
2026-10-09T14:54:40Z INFO [283/900] 85b5461a-1d1c-4fdc-bd32-99c179e887ff: 32 groups; 1.0 s; peak memory 1006 MiB.
2026-10-09T14:54:41Z INFO [284/900] 85b54918-66f2-49e2-85b3-af61559dc187: 36 groups; 1.1 s; peak memory 1006 MiB.
2026-10-09T14:54:42Z INFO [285/900] 85b58111-7d2e-475d-b145-fca1e7443806: 22 groups; 0.7 s; peak memory 1006 MiB.
2026-10-09T14:54:44Z INFO [286/900] 85b5b819-a415-4184-9a79-ea43e833a5aa: 54 groups; 1.9 s; peak memory 1006 MiB.
2026-10-09T14:54:45Z INFO [287/900] 85b5ec1c-cc15-483d-bd9b-0879be3354d5: 35 groups; 1.3 s; peak memory 1006 MiB.
2026-10-09T14:54:46Z INFO [288/900] 85b670bb-6f28-4bc7-b950-df842d5f462e: 25 groups; 1.0 s; peak memory 1006 MiB.
2026-10-09T14:54:47Z INFO [289/900] 85b68ee4-0bfa-401b-8f5a-32f95a3a4473: 16 groups; 0.6 s; peak memory 1006 MiB.
2026-10-09T14:55:06Z INFO [290/900] 85b69def-d18b-4be2-a5a0-dbf7aa44ca2e: 23 groups; 19.4 s; peak memory 1006 MiB.
2026-10-09T14:55:07Z INFO [291/900] 85b768c8-2143-45ba-94c2-9eaa724b7f47: 32 groups; 1.0 s; peak memory 1006 MiB.
2026-10-09T14:55:08Z INFO [292/900] 85b789ac-a33f-4e9a-88c3-3d74703d7486: 255 groups; 1.0 s; peak memory 1006 MiB.
2026-10-09T14:55:10Z INFO [293/900] 85b86b69-02e4-4dd8-8f05-e227b565cef2: 35 groups; 1.4 s; peak memory 1006 MiB.
2026-10-09T14:55:11Z INFO [294/900] 85b914fb-1aa0-41bf-8fce-dffd79aaed17: 35 groups; 1.5 s; peak memory 1006 MiB.
2026-10-09T14:56:53Z INFO [295/900] 85b91914-7849-449b-a4a7-9e3f5c8127f6: 1652 groups; 101.9 s; peak memory 1006 MiB.
2026-10-09T14:56:56Z INFO [296/900] 85b9f21e-31e9-4314-980d-93b0db29d3e5: 46 groups; 2.4 s; peak memory 1006 MiB.
2026-10-09T14:56:57Z INFO [297/900] 85ba0dfb-67fa-4dcc-80ff-c77d9277562d: 22 groups; 1.0 s; peak memory 1006 MiB.
2026-10-09T14:56:58Z INFO [298/900] 85bb2dbb-dda8-4301-af36-094b70acc4a1: 22 groups; 1.1 s; peak memory 1006 MiB.
2026-10-09T14:56:59Z INFO [299/900] 85bb30a2-1c03-4ae0-a761-de8d4f83e6bd: 33 groups; 1.4 s; peak memory 1006 MiB.
2026-10-09T14:57:01Z INFO [300/900] 85bb5f29-bc8c-4390-ad20-11e29f5ec033: 54 groups; 1.9 s; peak memory 1006 MiB.
2026-10-09T14:57:01Z INFO [300/900] 85bb5f29-bc8c-4390-ad20-11e29f5ec033: checkpointed 111436 new records.
2026-10-09T14:57:02Z INFO [301/900] 85bb6a7f-3def-4410-9f4d-d0bc51aa095a: 32 groups; 1.2 s; peak memory 1006 MiB.
2026-10-09T14:57:04Z INFO [302/900] 85bc8b12-a064-44bc-81e2-a4ef6fe3cc56: 43 groups; 1.7 s; peak memory 1006 MiB.
2026-10-09T14:57:05Z INFO [303/900] 85bcb671-d8a1-465e-8c23-15ae8bc686f0: 22 groups; 1.1 s; peak memory 1006 MiB.
2026-10-09T14:57:15Z INFO [304/900] 85bddaec-f4a3-40cb-a8a6-3840302be62a: 246 groups; 10.0 s; peak memory 1006 MiB.
2026-10-09T14:57:16Z INFO [305/900] 85bf3794-a1fc-4434-8466-6b5c2344f974: 32 groups; 1.3 s; peak memory 1006 MiB.
2026-10-09T14:57:18Z INFO [306/900] 85bf9b10-0471-4811-82cd-1c224f0906ad: 32 groups; 1.0 s; peak memory 1006 MiB.
2026-10-09T14:57:19Z INFO [307/900] 85c01b38-df5f-4304-b07a-24acd989d26d: 35 groups; 1.3 s; peak memory 1006 MiB.
2026-10-09T14:57:20Z INFO [308/900] 85c0bde1-a523-4d27-8097-41c4c17cee11: 22 groups; 0.8 s; peak memory 1006 MiB.
2026-10-09T14:57:31Z INFO [309/900] 85c11f40-829d-4b93-8225-79f2dd891709: 309 groups; 11.2 s; peak memory 1006 MiB.
2026-10-09T14:57:32Z INFO [310/900] 85c1315b-98f2-4958-985e-f7c25ff77bc6: 22 groups; 1.0 s; peak memory 1006 MiB.
2026-10-09T14:57:39Z INFO [311/900] 85c1ec54-57b5-4c4d-a4d3-f058f1e079f3: 50 groups; 6.8 s; peak memory 1006 MiB.
2026-10-09T14:57:40Z INFO [312/900] 85c2c3c1-cc53-412f-997a-ac7a78140140: 32 groups; 1.0 s; peak memory 1006 MiB.
2026-10-09T14:57:41Z INFO [313/900] 85c2c9b1-1729-414e-ad25-9a7dd955cec4: 28 groups; 1.0 s; peak memory 1006 MiB.
2026-10-09T14:57:41Z INFO [314/900] 85c2d9b0-e181-4546-b62b-4af7cbe14bb1: 16 groups; 0.7 s; peak memory 1006 MiB.
2026-10-09T14:57:42Z INFO [315/900] 85c2e42c-6645-4776-81b2-cfce692d7905: 22 groups; 0.8 s; peak memory 1006 MiB.
2026-10-09T14:57:44Z INFO [316/900] 85c36f6c-8f17-4d03-8fc4-f4bac8ead4d3: 199 groups; 1.6 s; peak memory 1006 MiB.
2026-10-09T14:57:45Z INFO [317/900] 85c397e8-563b-4516-89c7-12c51944e593: 194 groups; 1.3 s; peak memory 1006 MiB.
2026-10-09T14:57:46Z INFO [318/900] 85c4e12d-14de-4c79-943b-5f8e336b9fd1: 16 groups; 0.9 s; peak memory 1006 MiB.
2026-10-09T14:57:53Z INFO [319/900] 85c53700-4bbb-49f3-8332-80c67b771d94: 70 groups; 6.5 s; peak memory 1006 MiB.
2026-10-09T14:57:53Z INFO [320/900] 85c5d8dd-cfc9-4ce3-bbf6-07dc73a3bf09: 22 groups; 0.9 s; peak memory 1006 MiB.
2026-10-09T14:57:54Z INFO [321/900] 85c63b12-5716-4335-bd33-7f82f1ae8a5e: 22 groups; 0.9 s; peak memory 1006 MiB.
2026-10-09T14:57:55Z INFO [322/900] 85c64476-f7f9-4247-814b-f464ec3bf7d9: 22 groups; 0.9 s; peak memory 1006 MiB.
2026-10-09T14:57:56Z INFO [323/900] 85c727ad-023a-46be-86b6-b5efb7c222b9: 32 groups; 1.0 s; peak memory 1006 MiB.
2026-10-09T14:57:57Z INFO [324/900] 85c7ef6e-ea2b-4ae8-b595-4ac9b47a9a22: 16 groups; 0.9 s; peak memory 1006 MiB.
2026-10-09T14:58:00Z INFO [325/900] 85c8242e-a6fa-4c88-9693-55a8a5836cfc: 34 groups; 3.0 s; peak memory 1006 MiB.
2026-10-09T14:58:02Z INFO [326/900] 85c9c2b8-ebf3-4e67-8c8b-d06e52454679: 35 groups; 1.4 s; peak memory 1006 MiB.
2026-10-09T14:58:12Z INFO [327/900] 85c9fc69-bdbb-4603-89ea-453aefea66ba: 243 groups; 10.0 s; peak memory 1006 MiB.
2026-10-09T14:58:13Z INFO [328/900] 85caa69d-98db-4c83-8e90-86e27f448377: 336 groups; 1.4 s; peak memory 1006 MiB.
2026-10-09T14:58:15Z INFO [329/900] 85cb2cbc-8170-408e-a9ee-44e2123636d0: 201 groups; 1.5 s; peak memory 1006 MiB.
2026-10-09T14:58:16Z INFO [330/900] 85cb6573-1cb7-46fc-8704-06aa06c8d664: 22 groups; 1.0 s; peak memory 1006 MiB.
2026-10-09T14:58:17Z INFO [331/900] 85cc7207-e2e4-49cc-8d1a-53088b1996cb: 31 groups; 1.4 s; peak memory 1006 MiB.
2026-10-09T14:58:18Z INFO [332/900] 85cc7d9d-31f2-42eb-ae99-506bc077e2ba: 28 groups; 0.7 s; peak memory 1006 MiB.
2026-10-09T14:58:18Z INFO [333/900] 85cc9603-c943-4112-97b5-e3fd99b11285: 22 groups; 0.6 s; peak memory 1006 MiB.
2026-10-09T14:58:20Z INFO [334/900] 85cd7f84-544b-4fa4-878b-2a08f3b174dc: 33 groups; 1.5 s; peak memory 1006 MiB.
2026-10-09T14:58:21Z INFO [335/900] 85cdf648-b843-4be5-b7f0-dea9dd3a2172: 52 groups; 1.6 s; peak memory 1006 MiB.
2026-10-09T14:58:22Z INFO [336/900] 85ce4565-660e-4ed3-aee8-fce0a1d46cdb: 16 groups; 0.7 s; peak memory 1006 MiB.
2026-10-09T14:58:26Z INFO [337/900] 85ce80eb-0cbb-4fcf-a774-d423e2425d2d: 137 groups; 4.3 s; peak memory 1006 MiB.
2026-10-09T14:58:27Z INFO [338/900] 85cf510b-9479-4b0e-9133-83bc0d0df1d7: 25 groups; 0.7 s; peak memory 1006 MiB.
2026-10-09T14:58:31Z INFO [339/900] 85cfc2f7-0fd0-4d3d-a4c4-cc471f9fd834: 64 groups; 3.6 s; peak memory 1006 MiB.
2026-10-09T14:58:32Z INFO [340/900] 85cfdcc8-a377-4a3a-9599-a782225cd810: 22 groups; 0.8 s; peak memory 1006 MiB.
2026-10-09T14:58:32Z INFO [341/900] 85cfe7cd-7f9f-4716-bbe6-33f7d120c35a: 31 groups; 0.8 s; peak memory 1006 MiB.
2026-10-09T14:58:34Z INFO [342/900] 85d0058c-7b76-48b1-a23c-7c3f52b7ea42: 254 groups; 1.1 s; peak memory 1006 MiB.
2026-10-09T14:58:34Z INFO [343/900] 85d02b33-8c31-4f0c-b613-902aab1cb315: 32 groups; 0.9 s; peak memory 1006 MiB.
2026-10-09T14:58:35Z INFO [344/900] 85d0fb7a-cc95-435b-bca7-e54122713f1a: 16 groups; 0.6 s; peak memory 1006 MiB.
2026-10-09T14:58:36Z INFO [345/900] 85d13d14-a001-4b93-a1f0-a4a1af4400e1: 254 groups; 1.0 s; peak memory 1006 MiB.
2026-10-09T14:58:37Z INFO [346/900] 85d18a8a-0ae3-4d5c-8404-9ed2eb1cc982: 26 groups; 0.8 s; peak memory 1006 MiB.
2026-10-09T14:58:46Z INFO [347/900] 85d198f4-083a-4e74-bff1-43f4f62942be: 56 groups; 9.3 s; peak memory 1006 MiB.
2026-10-09T14:58:47Z INFO [348/900] 85d1be51-a0f2-4736-b86a-c10ec76bd234: 32 groups; 1.4 s; peak memory 1006 MiB.
2026-10-09T14:58:48Z INFO [349/900] 85d1ddaf-7210-40be-a950-f2b5253dd30b: 31 groups; 0.8 s; peak memory 1006 MiB.
2026-10-09T14:58:50Z INFO [350/900] 85d1fa53-e106-4974-9da1-5732ab942b71: 48 groups; 1.7 s; peak memory 1006 MiB.
2026-10-09T14:58:50Z INFO [350/900] 85d1fa53-e106-4974-9da1-5732ab942b71: checkpointed 111486 new records.
2026-10-09T14:58:51Z INFO [351/900] 85d22dce-8622-48f3-863d-04fe1e956231: 32 groups; 1.1 s; peak memory 1006 MiB.
2026-10-09T14:58:53Z INFO [352/900] 85d25ca1-df3f-476e-818e-a1d7c19f5f5a: 48 groups; 1.6 s; peak memory 1006 MiB.
2026-10-09T14:58:54Z INFO [353/900] 85d26940-f26c-4590-979c-c06bd5fb898d: 22 groups; 0.9 s; peak memory 1006 MiB.
2026-10-09T14:58:55Z INFO [354/900] 85d2818b-9720-4a93-a980-ddb4bd60af0a: 17 groups; 0.9 s; peak memory 1006 MiB.
2026-10-09T14:59:06Z INFO [355/900] 85d28a27-e093-4af6-9a26-93980d11b662: 261 groups; 11.5 s; peak memory 1006 MiB.
2026-10-09T14:59:07Z INFO [356/900] 85d39cd8-4318-464e-a4bf-ff8ea1edaa93: 35 groups; 1.0 s; peak memory 1006 MiB.
2026-10-09T14:59:08Z INFO [357/900] 85d3ed2a-154f-420f-9c71-36d2ad137e01: 202 groups; 1.2 s; peak memory 1006 MiB.
2026-10-09T14:59:10Z INFO [358/900] 85d60919-0250-47d2-9ff8-37936d1c9d9b: 33 groups; 1.2 s; peak memory 1006 MiB.
2026-10-09T14:59:11Z INFO [359/900] 85d61497-44f7-458c-a348-53444bc88273: 22 groups; 0.9 s; peak memory 1006 MiB.
2026-10-09T14:59:12Z INFO [360/900] 85d6b8c9-29e9-4cb7-847d-67b7d505240d: 31 groups; 1.5 s; peak memory 1006 MiB.
2026-10-09T14:59:17Z INFO [361/900] 85d6f1b0-5648-4ccf-8086-bc34b3b9bacd: 78 groups; 4.5 s; peak memory 1006 MiB.
2026-10-09T14:59:18Z INFO [362/900] 85d711e6-acda-4fdf-aac4-5e989f217720: 204 groups; 1.9 s; peak memory 1006 MiB.
2026-10-09T14:59:19Z INFO [363/900] 85d733f9-fdf1-4b87-bf08-70382f4ba111: 22 groups; 0.9 s; peak memory 1006 MiB.
2026-10-09T14:59:20Z INFO [364/900] 85d784c0-479b-4cad-b063-4ea3e476e286: 22 groups; 0.8 s; peak memory 1006 MiB.
2026-10-09T14:59:21Z INFO [365/900] 85d81356-1c48-4b0a-81e5-6ddee502c526: 195 groups; 1.3 s; peak memory 1006 MiB.
2026-10-09T14:59:22Z INFO [366/900] 85d841d9-74de-46e7-b6be-e272adec5dbc: 22 groups; 0.9 s; peak memory 1006 MiB.
2026-10-09T14:59:23Z INFO [367/900] 85d898e1-6323-465c-8f9d-27624ad42530: 22 groups; 1.0 s; peak memory 1006 MiB.
2026-10-09T14:59:25Z INFO [368/900] 85d8a970-c0d9-412b-8e72-a82a1df90423: 48 groups; 2.0 s; peak memory 1006 MiB.
2026-10-09T14:59:36Z INFO [369/900] 85d90110-7e5b-4872-83d9-8e2136fa62b9: 284 groups; 11.2 s; peak memory 1006 MiB.
2026-10-09T14:59:38Z INFO [370/900] 85d96f98-5527-4a95-a0a8-e457abcbc794: 32 groups; 1.1 s; peak memory 1006 MiB.
2026-10-09T14:59:39Z INFO [371/900] 85d98dc1-bf46-4242-9740-79757f6c93f0: 33 groups; 1.5 s; peak memory 1006 MiB.
2026-10-09T14:59:49Z INFO [372/900] 85d9bfe3-cde8-4a5c-82dc-b503e55af6ab: 509 groups; 9.9 s; peak memory 1006 MiB.
2026-10-09T14:59:53Z INFO [373/900] 85da7fde-0d78-4b7a-9233-899cfda6332f: 80 groups; 4.0 s; peak memory 1006 MiB.
2026-10-09T14:59:54Z INFO [374/900] 85daf77d-fa9e-4d08-8af5-5c614a1a50c8: 22 groups; 1.0 s; peak memory 1006 MiB.
2026-10-09T14:59:55Z INFO [375/900] 85db1738-b537-453d-a89b-43ce3731df4b: 16 groups; 0.9 s; peak memory 1006 MiB.
2026-10-09T14:59:56Z INFO [376/900] 85db2f53-9458-480a-bfda-916f3cda5e7a: 22 groups; 0.9 s; peak memory 1006 MiB.
2026-10-09T14:59:57Z INFO [377/900] 85dc8ef9-204c-4392-a4dd-a962511445c7: 22 groups; 1.2 s; peak memory 1006 MiB.
2026-10-09T14:59:59Z INFO [378/900] 85dcb61e-a283-49ac-ac2c-9fa8147954a2: 48 groups; 1.9 s; peak memory 1006 MiB.
2026-10-09T15:00:00Z INFO [379/900] 85ddb26e-4c65-4c38-b262-0c3ce704f2f8: 22 groups; 0.8 s; peak memory 1006 MiB.
2026-10-09T15:00:01Z INFO [380/900] 85de1a4f-bf9f-4941-a06f-206c4d85776c: 35 groups; 1.3 s; peak memory 1006 MiB.
2026-10-09T15:00:02Z INFO [381/900] 85ded551-f6f3-421e-8f12-d691be3613ad: 32 groups; 1.1 s; peak memory 1006 MiB.
2026-10-09T15:00:04Z INFO [382/900] 85df85c4-6672-4675-9bb8-5e82e44e0f88: 574 groups; 1.8 s; peak memory 1006 MiB.
2026-10-09T15:00:10Z INFO [383/900] 85e06115-7319-4638-801a-70aa634abf64: 85 groups; 5.7 s; peak memory 1006 MiB.
2026-10-09T15:00:11Z INFO [384/900] 85e0e33e-6a82-4bfe-b5d4-9397858e2bd4: 35 groups; 1.3 s; peak memory 1006 MiB.
2026-10-09T15:00:12Z INFO [385/900] 85e1e221-3ac2-4863-b017-9df893f0c47c: 22 groups; 1.1 s; peak memory 1006 MiB.
2026-10-09T15:00:13Z INFO [386/900] 85e58149-3bf8-4e00-b57d-87d0908f1eb3: 31 groups; 1.6 s; peak memory 1006 MiB.
2026-10-09T15:00:15Z INFO [387/900] 85e5dccd-eaf5-446d-a19d-f68588b6bd65: 22 groups; 1.1 s; peak memory 1006 MiB.
2026-10-09T15:00:16Z INFO [388/900] 85e72e64-316e-4c38-93cb-e39e273a7b3e: 33 groups; 1.5 s; peak memory 1006 MiB.
2026-10-09T15:00:17Z INFO [389/900] 85e7f7b3-b77d-4ca4-95ac-d1130473319e: 22 groups; 1.0 s; peak memory 1006 MiB.
2026-10-09T15:00:18Z INFO [390/900] 85e804fd-ee36-4e6b-9c85-cb1487218e75: 16 groups; 0.7 s; peak memory 1006 MiB.
2026-10-09T15:00:19Z INFO [391/900] 85e8a895-86b9-4f4e-8475-b1981d8787fc: 22 groups; 1.1 s; peak memory 1006 MiB.
2026-10-09T15:00:20Z INFO [392/900] 85e8e51e-2571-477c-99c6-bbb232eeb024: 42 groups; 1.3 s; peak memory 1006 MiB.
2026-10-09T15:00:24Z INFO [393/900] 85e95cd7-16ad-4314-a2e4-fec3749f6d40: 117 groups; 3.5 s; peak memory 1006 MiB.
2026-10-09T15:00:29Z INFO [394/900] 85e97b70-9d73-4372-9ccc-84f00f0897f6: 73 groups; 5.3 s; peak memory 1006 MiB.
2026-10-09T15:00:30Z INFO [395/900] 85e9b95f-03d6-4ff6-884b-930c2b9e86a7: 35 groups; 1.3 s; peak memory 1006 MiB.
2026-10-09T15:00:33Z INFO [396/900] 85ead8e4-59cd-488e-954e-f7b0ce812598: 50 groups; 2.7 s; peak memory 1006 MiB.
2026-10-09T15:00:34Z INFO [397/900] 85eb442d-97f3-4747-960e-3ce857f37713: 42 groups; 1.3 s; peak memory 1006 MiB.
2026-10-09T15:00:36Z INFO [398/900] 85ebb723-5136-4572-b0f3-3f76ad634f65: 33 groups; 1.2 s; peak memory 1006 MiB.
2026-10-09T15:00:37Z INFO [399/900] 85ec47ee-4bfa-47d3-bf32-eaea7bab9caa: 32 groups; 1.2 s; peak memory 1006 MiB.
2026-10-09T15:00:38Z INFO [400/900] 85eca64c-8c14-4079-9200-659c2fa355d7: 43 groups; 1.3 s; peak memory 1006 MiB.
2026-10-09T15:00:38Z INFO [400/900] 85eca64c-8c14-4079-9200-659c2fa355d7: checkpointed 111536 new records.
2026-10-09T15:00:39Z INFO [401/900] 85ecc72b-0203-43ac-ab7b-722a7e00fa85: 28 groups; 1.1 s; peak memory 1006 MiB.
2026-10-09T15:00:40Z INFO [402/900] 85ece4d6-afd8-45c7-a6f2-e8d14ef7c265: 31 groups; 0.9 s; peak memory 1006 MiB.
2026-10-09T15:00:42Z INFO [403/900] 85ee9cf0-e4a6-4718-9f44-f4fb027e54fc: 48 groups; 1.8 s; peak memory 1006 MiB.
2026-10-09T15:00:43Z INFO [404/900] 85f0141e-3e5a-4b07-b39a-7a0600086a79: 30 groups; 0.8 s; peak memory 1006 MiB.
2026-10-09T15:00:44Z INFO [405/900] 85f0a2e6-07e9-4a14-95eb-da3fa93c656c: 35 groups; 1.1 s; peak memory 1006 MiB.
2026-10-09T15:00:45Z INFO [406/900] 85f0fda8-0944-4ee1-922c-65444384f413: 31 groups; 0.7 s; peak memory 1006 MiB.
2026-10-09T15:00:47Z INFO [407/900] 85f10f48-f7f6-4059-9b3c-742bee38b314: 33 groups; 1.8 s; peak memory 1006 MiB.
2026-10-09T15:00:48Z INFO [408/900] 85f1c89c-8a74-4f39-b9dd-e7f3ac96849e: 252 groups; 1.2 s; peak memory 1006 MiB.
2026-10-09T15:00:49Z INFO [409/900] 85f1d208-07cb-496f-b8dc-8bced662e09e: 30 groups; 0.8 s; peak memory 1006 MiB.
2026-10-09T15:00:51Z INFO [410/900] 85f22f04-f3bc-4ca6-9d7a-ea9649c9830d: 50 groups; 2.2 s; peak memory 1006 MiB.
2026-10-09T15:00:52Z INFO [411/900] 85f26d05-1007-4ec4-bb10-27c6caf6dc15: 202 groups; 1.4 s; peak memory 1006 MiB.
2026-10-09T15:00:53Z INFO [412/900] 85f27c6e-1bb5-4142-ab67-0e60ddf875f5: 22 groups; 1.1 s; peak memory 1006 MiB.
2026-10-09T15:00:54Z INFO [413/900] 85f3078c-14ca-44e3-926b-51140b3b28e9: 30 groups; 0.8 s; peak memory 1006 MiB.
2026-10-09T15:00:55Z INFO [414/900] 85f3460d-813a-46a9-9625-42f2ff015ef4: 99 groups; 1.1 s; peak memory 1006 MiB.
2026-10-09T15:00:56Z INFO [415/900] 85f4905f-212c-405e-9936-b069ec78b987: 16 groups; 1.1 s; peak memory 1006 MiB.
2026-10-09T15:00:57Z INFO [416/900] 85f53de2-7fce-46eb-8d43-0fe63c662dd7: 16 groups; 1.0 s; peak memory 1006 MiB.
2026-10-09T15:00:58Z INFO [417/900] 85f765b2-cadd-4b23-b1fe-92a20b45a9ac: 22 groups; 0.9 s; peak memory 1006 MiB.
2026-10-09T15:01:02Z INFO [418/900] 85f885d2-2475-4106-8580-4c9b79645d3a: 62 groups; 3.3 s; peak memory 1006 MiB.
2026-10-09T15:01:03Z INFO [419/900] 85f9019a-839c-45c3-96e5-99bb0d7ae2d2: 32 groups; 1.0 s; peak memory 1006 MiB.
2026-10-09T15:01:03Z INFO [420/900] 85fa33fd-031f-4861-8727-c7f98bd7333a: 16 groups; 0.6 s; peak memory 1006 MiB.
2026-10-09T15:01:04Z INFO [421/900] 85fa4da6-f9b0-46f6-a497-fceabb0401f2: 28 groups; 0.9 s; peak memory 1006 MiB.
2026-10-09T15:01:13Z INFO [422/900] 85fabbb4-1b78-4d07-8131-34bf734497ff: 229 groups; 8.5 s; peak memory 1006 MiB.
2026-10-09T15:01:14Z INFO [423/900] 85fc149b-dd97-43b4-9183-70845d568816: 22 groups; 1.1 s; peak memory 1006 MiB.
2026-10-09T15:01:16Z INFO [424/900] 85fd497b-7ac6-431d-b414-5cf33d8968bc: 207 groups; 1.9 s; peak memory 1006 MiB.
2026-10-09T15:01:16Z INFO [425/900] 85fd5afd-6ccc-4e68-8cfe-4557a2078b9a: 22 groups; 0.8 s; peak memory 1006 MiB.
2026-10-09T15:01:25Z INFO [426/900] 85fd7df7-6e2e-4fa3-9eec-54dbc72796eb: 203 groups; 8.5 s; peak memory 1006 MiB.
2026-10-09T15:01:26Z INFO [427/900] 85fe31e0-8957-457b-ba6f-a25a3a3779d0: 35 groups; 1.3 s; peak memory 1006 MiB.
2026-10-09T15:01:27Z INFO [428/900] 85fe3c9a-d515-40ee-8721-05409c2d685b: 22 groups; 0.9 s; peak memory 1006 MiB.
2026-10-09T15:01:28Z INFO [429/900] 85ff3be8-5941-4ae0-af12-be333571c7c8: 18 groups; 0.7 s; peak memory 1006 MiB.
2026-10-09T15:01:29Z INFO [430/900] 85ff532d-8ced-4219-8f2b-769847b5c900: 257 groups; 1.3 s; peak memory 1006 MiB.
2026-10-09T15:01:30Z INFO [431/900] 85ff6ee9-4723-47a9-86bb-80c9dde30484: 16 groups; 0.7 s; peak memory 1006 MiB.
2026-10-09T15:01:35Z INFO [432/900] 85ffe75f-f804-4f8b-98e2-56aee3b0bac1: 181 groups; 5.5 s; peak memory 1006 MiB.
2026-10-09T15:01:37Z INFO [433/900] 8600284c-36d6-4467-84ff-4cb8702e65fd: 33 groups; 1.6 s; peak memory 1006 MiB.
2026-10-09T15:01:38Z INFO [434/900] 860082bd-dd87-435e-b563-aa729484c07c: 28 groups; 1.0 s; peak memory 1006 MiB.
2026-10-09T15:01:45Z INFO [435/900] 86016214-2f6c-4c47-9f9f-b5d5612b5ae7: 68 groups; 6.8 s; peak memory 1006 MiB.
2026-10-09T15:01:55Z INFO [436/900] 8601bdda-f079-4c47-87ec-76be89bd7baa: 326 groups; 10.8 s; peak memory 1006 MiB.
2026-10-09T15:01:56Z INFO [437/900] 8601d49a-944d-4974-bd5e-9935dd717ec4: 22 groups; 0.9 s; peak memory 1006 MiB.
2026-10-09T15:01:58Z INFO [438/900] 8602fb72-ac2c-4290-8e05-77b554fef8fb: 255 groups; 1.3 s; peak memory 1006 MiB.
2026-10-09T15:01:59Z INFO [439/900] 8603fe0a-c63c-4f40-b4f5-8f2e4eea23ca: 49 groups; 1.4 s; peak memory 1006 MiB.
2026-10-09T15:02:00Z INFO [440/900] 86056870-7b3e-4212-8c2a-4b5dd5e406ee: 22 groups; 1.0 s; peak memory 1006 MiB.
2026-10-09T15:02:01Z INFO [441/900] 86062ddc-c75d-438e-9df9-2240bde2d7cf: 22 groups; 0.9 s; peak memory 1006 MiB.
2026-10-09T15:02:07Z INFO [442/900] 8608b253-877f-4f0b-8517-30603c2d98b5: 88 groups; 5.8 s; peak memory 1006 MiB.
2026-10-09T15:02:07Z INFO [443/900] 8608d9b8-f4f1-4ea2-80c0-cd29d303ae3e: 31 groups; 0.7 s; peak memory 1006 MiB.
2026-10-09T15:02:18Z INFO [444/900] 860991fb-dfc3-4f8b-a7dd-9e0b412f94dc: 998 groups; 10.5 s; peak memory 1006 MiB.
2026-10-09T15:02:23Z INFO [445/900] 860ade8e-9b61-412a-81c7-d506e0721565: 149 groups; 4.7 s; peak memory 1006 MiB.
2026-10-09T15:02:24Z INFO [446/900] 860b2b3c-834c-4e73-b568-7dd48b4e91c8: 199 groups; 1.5 s; peak memory 1006 MiB.
2026-10-09T15:02:25Z INFO [447/900] 860b90bf-f604-49ce-bfc5-602db71ee420: 22 groups; 0.9 s; peak memory 1006 MiB.
2026-10-09T15:02:27Z INFO [448/900] 860bc818-f13f-43a5-a852-79714d234ffc: 195 groups; 1.7 s; peak memory 1006 MiB.
2026-10-09T15:02:28Z INFO [449/900] 860ca008-c363-45c4-891e-0a4a092f8785: 32 groups; 1.1 s; peak memory 1006 MiB.
2026-10-09T15:02:29Z INFO [450/900] 860cefb1-47d4-496e-bd06-263fcba15831: 35 groups; 1.2 s; peak memory 1006 MiB.
2026-10-09T15:02:29Z INFO [450/900] 860cefb1-47d4-496e-bd06-263fcba15831: checkpointed 111586 new records.
2026-10-09T15:04:49Z INFO [451/900] 860d69a2-f662-4bec-b971-6077f6573a68: 68 groups; 139.1 s; peak memory 1006 MiB.
2026-10-09T15:04:50Z INFO [452/900] 860de36a-7d58-4473-bffa-650b77cf47c0: 22 groups; 1.2 s; peak memory 1006 MiB.
2026-10-09T15:04:54Z INFO [453/900] 860e0dee-570c-43d5-8068-679707b448b5: 68 groups; 4.3 s; peak memory 1006 MiB.
2026-10-09T15:05:06Z INFO [454/900] 860e44f9-a192-4a17-9cf4-c7648279f8b2: 156 groups; 12.1 s; peak memory 1006 MiB.
2026-10-09T15:05:10Z INFO [455/900] 860e7444-c895-41c7-accd-fbcea2fd8fb1: 78 groups; 4.0 s; peak memory 1006 MiB.
2026-10-09T15:05:11Z INFO [456/900] 860f178f-815b-4f52-bbdd-eba629db5e8e: 16 groups; 0.8 s; peak memory 1006 MiB.
2026-10-09T15:05:12Z INFO [457/900] 860fc48d-d65a-42a9-b9f0-7a50d0f228a4: 21 groups; 1.2 s; peak memory 1006 MiB.
2026-10-09T15:05:13Z INFO [458/900] 86106a8d-a1aa-4900-8abd-bb4cb88e54bb: 22 groups; 1.1 s; peak memory 1006 MiB.
2026-10-09T15:05:15Z INFO [459/900] 8611251c-2eb6-46bf-9a81-3ecee7ec324a: 35 groups; 1.4 s; peak memory 1006 MiB.
2026-10-09T15:05:16Z INFO [460/900] 86115201-96bc-4c16-93c6-484b0caf601b: 32 groups; 1.0 s; peak memory 1006 MiB.
2026-10-09T15:05:17Z INFO [461/900] 86119aac-bd81-4c12-adcb-2842fffa2d87: 27 groups; 1.0 s; peak memory 1006 MiB.
2026-10-09T15:05:25Z INFO [462/900] 8611d8a5-711b-47df-846a-30d47f0d91fa: 49 groups; 8.1 s; peak memory 1006 MiB.
2026-10-09T15:05:25Z INFO [463/900] 8611d9d5-854d-4cdd-a7f2-f163b0d9cb7c: 16 groups; 0.6 s; peak memory 1006 MiB.
2026-10-09T15:05:26Z INFO [464/900] 86126c79-69ca-4655-9917-6fe7fb8a106c: 31 groups; 1.0 s; peak memory 1006 MiB.
2026-10-09T15:05:27Z INFO [465/900] 8612c9cf-00a6-4e7f-890b-8ccb046e96a9: 22 groups; 1.0 s; peak memory 1006 MiB.
2026-10-09T15:05:28Z INFO [466/900] 86138d9b-6639-4e85-a535-16161dea2391: 22 groups; 1.1 s; peak memory 1006 MiB.
2026-10-09T15:05:30Z INFO [467/900] 8613bb9d-40a0-462a-82d0-b154ed25fea9: 33 groups; 1.0 s; peak memory 1006 MiB.
2026-10-09T15:05:30Z INFO [468/900] 8614a402-2ab5-482b-8d8d-ff22cdfa5110: 22 groups; 0.9 s; peak memory 1006 MiB.
2026-10-09T15:05:35Z INFO [469/900] 8614d263-cbc7-4fbd-bc00-69a8b1b927e5: 73 groups; 4.4 s; peak memory 1006 MiB.
2026-10-09T15:05:36Z INFO [470/900] 86157d7f-9319-4ff7-be5b-16f2fc21d493: 252 groups; 1.1 s; peak memory 1006 MiB.
2026-10-09T15:05:38Z INFO [471/900] 8615bd2c-77db-4cf9-80db-03cc883acb46: 50 groups; 2.3 s; peak memory 1006 MiB.
2026-10-09T15:05:40Z INFO [472/900] 86188803-f0c4-4516-aab2-69bf1fa7b68b: 35 groups; 1.5 s; peak memory 1006 MiB.
2026-10-09T15:05:47Z INFO [473/900] 86193729-1784-478f-a5cc-2d0ea4913e33: 143 groups; 7.5 s; peak memory 1006 MiB.
2026-10-09T15:05:48Z INFO [474/900] 8619657f-ff6f-4e5e-9fba-3ee8d9030de5: 30 groups; 0.9 s; peak memory 1006 MiB.
2026-10-09T15:05:49Z INFO [475/900] 86197ee5-bba4-4189-bd1c-47707c60456e: 16 groups; 0.9 s; peak memory 1006 MiB.
2026-10-09T15:05:50Z INFO [476/900] 861a23d4-4b27-4ddf-bfd6-48f757f88ca9: 33 groups; 1.5 s; peak memory 1006 MiB.
2026-10-09T15:05:51Z INFO [477/900] 861aaa28-ef7d-4fa7-bce9-db592ab8991f: 24 groups; 1.0 s; peak memory 1006 MiB.
2026-10-09T15:06:01Z INFO [478/900] 861afab1-66df-4a41-b4b7-f93fa8459bca: 212 groups; 9.6 s; peak memory 1006 MiB.
2026-10-09T15:06:03Z INFO [479/900] 861b82f9-e612-4e56-9fc0-679a614ab73c: 17 groups; 2.0 s; peak memory 1006 MiB.
2026-10-09T15:06:04Z INFO [480/900] 861bb50c-a32d-4782-ab4c-cae6dca79eee: 22 groups; 0.8 s; peak memory 1006 MiB.
2026-10-09T15:06:06Z INFO [481/900] 861bb97d-ef0f-4cfa-ae0a-0cd7375578e7: 64 groups; 2.1 s; peak memory 1006 MiB.
2026-10-09T15:06:06Z INFO [482/900] 861cb850-e6db-437b-84d6-ac2f69cb6d7a: 16 groups; 0.6 s; peak memory 1006 MiB.
2026-10-09T15:06:07Z INFO [483/900] 861ce178-073e-42ba-b885-48483c9e86ee: 30 groups; 0.8 s; peak memory 1006 MiB.
2026-10-09T15:08:09Z INFO [484/900] 861cf3df-fb45-4202-9afd-3e17ec095f17: 89 groups; 121.6 s; peak memory 1006 MiB.
2026-10-09T15:08:22Z INFO [485/900] 861e5c06-10d9-4c1a-abea-91a4c927627a: 96 groups; 13.4 s; peak memory 1006 MiB.
2026-10-09T15:08:23Z INFO [486/900] 861f93c4-4dca-47a0-a1c4-d140728abbd1: 32 groups; 1.2 s; peak memory 1006 MiB.
2026-10-09T15:08:26Z INFO [487/900] 861ffb2f-a0a4-48c2-bce0-e4c7563c6fd0: 48 groups; 2.5 s; peak memory 1006 MiB.
2026-10-09T15:08:27Z INFO [488/900] 862041cc-089c-4b04-ae9e-5644850d0188: 22 groups; 1.0 s; peak memory 1006 MiB.
2026-10-09T15:08:28Z INFO [489/900] 862093cf-46b2-4557-bdbf-bc16b006a570: 22 groups; 1.1 s; peak memory 1006 MiB.
2026-10-09T15:08:31Z INFO [490/900] 8620d2f7-6d05-4b67-8d44-c7d26f222e62: 50 groups; 2.6 s; peak memory 1006 MiB.
2026-10-09T15:08:32Z INFO [491/900] 8621c80f-f9d8-4434-b106-05a6e37d5821: 35 groups; 1.3 s; peak memory 1006 MiB.
2026-10-09T15:08:33Z INFO [492/900] 8621c92f-7361-46ae-bb67-82f6fc148927: 22 groups; 0.9 s; peak memory 1006 MiB.
2026-10-09T15:08:34Z INFO [493/900] 8621e956-1a9e-4c82-ab89-cc5df822730b: 25 groups; 0.8 s; peak memory 1006 MiB.
2026-10-09T15:08:44Z INFO [494/900] 86223b50-c7d7-4369-afb0-1d49582855ec: 63 groups; 10.1 s; peak memory 1006 MiB.
2026-10-09T15:08:46Z INFO [495/900] 8622d11f-74a1-4108-b3f9-2fd8c598a777: 23 groups; 1.7 s; peak memory 1006 MiB.
2026-10-09T15:08:47Z INFO [496/900] 8622e8ab-563a-484b-a60b-c29f45dd4de1: 26 groups; 1.1 s; peak memory 1006 MiB.
2026-10-09T15:08:48Z INFO [497/900] 86233d72-f8df-42c7-8d6c-da7d4a8b8878: 25 groups; 1.0 s; peak memory 1006 MiB.
2026-10-09T15:08:48Z INFO [498/900] 86239d13-2051-477e-82c5-19774a0ff83e: 28 groups; 0.7 s; peak memory 1006 MiB.
2026-10-09T15:08:49Z INFO [499/900] 8623cd2f-0af5-40ff-8019-3973f637a1a5: 31 groups; 0.9 s; peak memory 1006 MiB.
2026-10-09T15:08:50Z INFO [500/900] 86240865-1592-4352-b2cf-5fc557cfc791: 30 groups; 0.7 s; peak memory 1006 MiB.
2026-10-09T15:08:50Z INFO [500/900] 86240865-1592-4352-b2cf-5fc557cfc791: checkpointed 111636 new records.
2026-10-09T15:08:52Z INFO [501/900] 862462fe-1df8-438c-b78b-1ca7966db04c: 58 groups; 1.4 s; peak memory 1006 MiB.
2026-10-09T15:08:59Z INFO [502/900] 862485d5-29ba-46a1-8b6f-f81870e74b26: 191 groups; 7.1 s; peak memory 1006 MiB.
2026-10-09T15:09:00Z INFO [503/900] 86248763-0486-4a84-93b1-496586fc8940: 203 groups; 1.4 s; peak memory 1006 MiB.
2026-10-09T15:09:01Z INFO [504/900] 8624ac15-4673-458d-bd45-9695502d8139: 32 groups; 1.3 s; peak memory 1006 MiB.
2026-10-09T15:09:04Z INFO [505/900] 86256f07-4b59-4d64-b8ec-a779b176b08e: 202 groups; 2.7 s; peak memory 1006 MiB.
2026-10-09T15:09:05Z INFO [506/900] 86291850-0de3-4b02-b369-f9885a2495ae: 32 groups; 1.1 s; peak memory 1006 MiB.
2026-10-09T15:09:06Z INFO [507/900] 8629bd40-31f2-4454-9217-ee379b041a94: 32 groups; 1.0 s; peak memory 1006 MiB.
2026-10-09T15:09:08Z INFO [508/900] 8629dc0b-0d6c-41ec-ac77-5f93ded5279b: 99 groups; 1.2 s; peak memory 1006 MiB.
2026-10-09T15:09:08Z INFO [509/900] 862a2045-dbf1-49e7-b35d-f75804f3b0a4: 20 groups; 0.9 s; peak memory 1006 MiB.
2026-10-09T15:09:10Z INFO [510/900] 862a5608-33f5-42ed-9750-533f9d7b5d97: 31 groups; 1.2 s; peak memory 1006 MiB.
2026-10-09T15:09:15Z INFO [511/900] 862c7e4c-c0b8-45d3-ab3b-9c6c106a8edf: 118 groups; 5.1 s; peak memory 1006 MiB.
2026-10-09T15:09:16Z INFO [512/900] 862cae74-c6bc-499a-8f4c-e07b9b20fcf3: 22 groups; 0.9 s; peak memory 1006 MiB.
2026-10-09T15:09:16Z INFO [513/900] 862cea53-0633-4e50-83cd-63959038021f: 28 groups; 0.8 s; peak memory 1006 MiB.
2026-10-09T15:09:18Z INFO [514/900] 862d5c9d-ccd0-4719-85a3-9ada4fda4391: 48 groups; 2.0 s; peak memory 1006 MiB.
2026-10-09T15:09:19Z INFO [515/900] 862d63aa-3aba-4789-b2a5-7e0523f40ba8: 22 groups; 0.9 s; peak memory 1006 MiB.
2026-10-09T15:09:21Z INFO [516/900] 862e209d-d162-4d32-a513-70707c82abb4: 207 groups; 1.8 s; peak memory 1006 MiB.
2026-10-09T15:09:22Z INFO [517/900] 862e298f-4c65-459e-b532-749259188209: 18 groups; 1.0 s; peak memory 1006 MiB.
2026-10-09T15:09:24Z INFO [518/900] 862ed988-ef17-4832-aeb4-28591d280e7d: 17 groups; 2.4 s; peak memory 1006 MiB.
2026-10-09T15:09:26Z INFO [519/900] 862efc00-ad22-42f6-8d7d-347d2d55d642: 35 groups; 1.3 s; peak memory 1006 MiB.
2026-10-09T15:09:27Z INFO [520/900] 862f13a4-1456-4c4d-91ef-65be9445dfde: 573 groups; 1.7 s; peak memory 1006 MiB.
2026-10-09T15:09:48Z INFO [521/900] 862f1d0a-08a1-493e-beed-88432b21c689: 23 groups; 20.9 s; peak memory 1006 MiB.
2026-10-09T15:09:50Z INFO [522/900] 862f5b1a-5a4f-48af-b23a-9d87113897ae: 108 groups; 1.5 s; peak memory 1006 MiB.
2026-10-09T15:09:51Z INFO [523/900] 862f710c-8cd5-4056-b001-f03062fd4663: 22 groups; 1.1 s; peak memory 1006 MiB.
2026-10-09T15:12:19Z INFO [524/900] 862f9a3c-491d-4059-bd92-da910e402cb2: 4534 groups; 148.4 s; peak memory 1006 MiB.
2026-10-09T15:12:20Z INFO [525/900] 862fa25c-3b3a-4147-973c-cd5fa978566f: 32 groups; 1.2 s; peak memory 1006 MiB.
2026-10-09T15:12:22Z INFO [526/900] 862ff3f7-91d8-47ab-ab6a-a873a9a12e23: 29 groups; 1.3 s; peak memory 1006 MiB.
2026-10-09T15:12:23Z INFO [527/900] 86306bb6-5321-4957-b483-49763b296966: 32 groups; 1.0 s; peak memory 1006 MiB.
2026-10-09T15:12:24Z INFO [528/900] 8630c51b-5b6a-4cbb-8c57-53faaaaeb245: 22 groups; 1.0 s; peak memory 1006 MiB.
2026-10-09T15:12:25Z INFO [529/900] 8630fec7-bf6a-41f1-bcb4-fa188ebe4c68: 48 groups; 1.7 s; peak memory 1006 MiB.
2026-10-09T15:12:27Z INFO [530/900] 86317879-ab41-4c94-adbb-09e8537856d1: 36 groups; 1.1 s; peak memory 1006 MiB.
2026-10-09T15:12:28Z INFO [531/900] 8631c8d6-7630-419e-8913-1ff44ca908ea: 25 groups; 1.0 s; peak memory 1006 MiB.
2026-10-09T15:12:29Z INFO [532/900] 863261be-fdea-48b4-b5cd-de3e95177440: 28 groups; 1.3 s; peak memory 1006 MiB.
2026-10-09T15:12:30Z INFO [533/900] 8632afba-2c7b-4dff-95e5-243909602fcd: 35 groups; 1.4 s; peak memory 1006 MiB.
2026-10-09T15:12:31Z INFO [534/900] 86336e3f-cf11-4545-929b-3e37487761ee: 22 groups; 1.1 s; peak memory 1006 MiB.
2026-10-09T15:12:33Z INFO [535/900] 863374e8-f215-41a8-89d1-0b3e737f8b69: 35 groups; 1.5 s; peak memory 1006 MiB.
2026-10-09T15:12:35Z INFO [536/900] 86343724-5845-472a-9718-c330dcdc5b72: 35 groups; 1.7 s; peak memory 1006 MiB.
2026-10-09T15:12:46Z INFO [537/900] 8634f9e7-4b34-44a8-824b-1dcebe62f1f8: 203 groups; 11.1 s; peak memory 1006 MiB.
2026-10-09T15:12:47Z INFO [538/900] 86356e8d-7eb8-40e9-826e-bc42a1a509e1: 16 groups; 0.8 s; peak memory 1006 MiB.
2026-10-09T15:12:49Z INFO [539/900] 8635d36c-9998-4e66-bada-63fef25e39c0: 65 groups; 3.0 s; peak memory 1006 MiB.
2026-10-09T15:12:51Z INFO [540/900] 863635d3-0aaa-4c79-a0ed-9c7335f2e28e: 32 groups; 1.1 s; peak memory 1006 MiB.
2026-10-09T15:12:53Z INFO [541/900] 8636ffdc-dde7-4c25-adfc-95f0a60172b2: 48 groups; 2.6 s; peak memory 1006 MiB.
2026-10-09T15:12:54Z INFO [542/900] 8637f3b9-6ffc-4225-8b6b-a86833ac34cd: 32 groups; 1.1 s; peak memory 1006 MiB.
2026-10-09T15:12:56Z INFO [543/900] 8638b6f6-9d57-4dbd-8829-e385ddc21fad: 35 groups; 1.4 s; peak memory 1006 MiB.
2026-10-09T15:12:57Z INFO [544/900] 8638f874-f69f-428c-9b04-9300957dec77: 202 groups; 1.2 s; peak memory 1006 MiB.
2026-10-09T15:13:18Z INFO [545/900] 8638fb99-379c-40b5-b50e-9c8983461654: 23 groups; 20.8 s; peak memory 1006 MiB.
2026-10-09T15:13:23Z INFO [546/900] 863a1be0-352d-45d3-9ed7-02fa8e491357: 181 groups; 5.3 s; peak memory 1006 MiB.
2026-10-09T15:13:24Z INFO [547/900] 863ab8db-7d7d-4cd3-ad71-0dde228dd24b: 32 groups; 1.0 s; peak memory 1006 MiB.
2026-10-09T15:13:25Z INFO [548/900] 863b1005-fc41-4ec4-87d3-de46973f0aef: 32 groups; 1.1 s; peak memory 1006 MiB.
2026-10-09T15:13:26Z INFO [549/900] 863b1dc8-e32c-4181-b11d-aa7f746927f2: 22 groups; 1.0 s; peak memory 1006 MiB.
2026-10-09T15:13:32Z INFO [550/900] 863b1e39-0b86-4553-a42c-0515c61c5b14: 66 groups; 5.7 s; peak memory 1006 MiB.
2026-10-09T15:13:32Z INFO [550/900] 863b1e39-0b86-4553-a42c-0515c61c5b14: checkpointed 111686 new records.
2026-10-09T15:13:33Z INFO [551/900] 863c91cc-8ceb-49e6-b043-874945d6e334: 22 groups; 0.9 s; peak memory 1006 MiB.
2026-10-09T15:13:34Z INFO [552/900] 863cdde2-8e70-4efe-98d4-4867bb44c601: 33 groups; 1.2 s; peak memory 1006 MiB.
2026-10-09T15:13:35Z INFO [553/900] 863d7423-3124-494d-a24c-5e6432eafaf5: 16 groups; 0.6 s; peak memory 1006 MiB.
2026-10-09T15:13:36Z INFO [554/900] 863d761c-4b33-4cf4-9eaa-cffad14ca13d: 336 groups; 1.5 s; peak memory 1006 MiB.
2026-10-09T15:13:37Z INFO [555/900] 8640250e-ac47-427b-9c7a-23ccde5996f5: 22 groups; 0.9 s; peak memory 1006 MiB.
2026-10-09T15:13:38Z INFO [556/900] 86404d7d-4309-40bb-ba87-636d86d3f1ea: 32 groups; 1.1 s; peak memory 1006 MiB.
2026-10-09T15:13:40Z INFO [557/900] 8640ae4e-4f52-49a2-933d-cfa05e5ac828: 32 groups; 1.3 s; peak memory 1006 MiB.
2026-10-09T15:13:40Z INFO [558/900] 8641c6f6-b47a-4d9a-8c9c-8b2e3ad96468: 22 groups; 0.9 s; peak memory 1006 MiB.
2026-10-09T15:13:41Z INFO [559/900] 8642e4b5-b878-41a3-9619-249cd59e5d20: 16 groups; 0.6 s; peak memory 1006 MiB.
2026-10-09T15:13:44Z INFO [560/900] 8643285d-27ae-4810-8147-22d5ffe544d3: 48 groups; 2.5 s; peak memory 1006 MiB.
2026-10-09T15:13:44Z INFO [561/900] 8643dc32-e2c5-4781-a785-52e003639a61: 23 groups; 0.8 s; peak memory 1006 MiB.
2026-10-09T15:13:46Z INFO [562/900] 8644620b-f7ff-4550-b185-6ec5a5d3600b: 259 groups; 1.4 s; peak memory 1006 MiB.
2026-10-09T15:13:47Z INFO [563/900] 86448aaa-c95b-461c-a631-18ebd16c5b68: 22 groups; 0.9 s; peak memory 1006 MiB.
2026-10-09T15:13:48Z INFO [564/900] 86450eea-824d-4cb7-b738-650600c646a4: 32 groups; 1.1 s; peak memory 1006 MiB.
2026-10-09T15:13:49Z INFO [565/900] 864512ea-846e-4bed-bef9-b2e4ae671720: 22 groups; 1.0 s; peak memory 1006 MiB.
2026-10-09T15:13:50Z INFO [566/900] 86451520-37ef-4433-ab9f-454dcecd24a2: 32 groups; 1.0 s; peak memory 1006 MiB.
2026-10-09T15:13:50Z INFO [567/900] 86455190-3720-4ee4-b3de-b63780209c3c: 17 groups; 0.6 s; peak memory 1006 MiB.
2026-10-09T15:13:51Z INFO [568/900] 86457dd0-857e-4ba1-9f09-94f0d4265716: 22 groups; 1.0 s; peak memory 1006 MiB.
2026-10-09T15:13:53Z INFO [569/900] 8645f010-fc68-4686-9b3f-18e941b2fd95: 195 groups; 1.2 s; peak memory 1006 MiB.
2026-10-09T15:13:54Z INFO [570/900] 8645f52c-fdd7-4b41-b766-6bdba1570fd5: 22 groups; 1.0 s; peak memory 1006 MiB.
2026-10-09T15:13:59Z INFO [571/900] 86470cde-ecb6-4c61-9588-9409c6d1ff79: 78 groups; 5.2 s; peak memory 1006 MiB.
2026-10-09T15:47:14Z INFO [572/900] 8647b4f8-055d-433d-94a0-2dc2c8aa5bcf: 61 groups; 1995.7 s; peak memory 1233 MiB.
2026-10-09T15:47:16Z INFO [573/900] 86482500-8179-4534-86dd-2477ee795bbc: 32 groups; 1.2 s; peak memory 1233 MiB.
2026-10-09T15:47:17Z INFO [574/900] 86493801-55b0-433a-b4bd-41752e6de0da: 256 groups; 1.2 s; peak memory 1233 MiB.
2026-10-09T15:47:19Z INFO [575/900] 86494f6a-87b7-4d2b-88d4-3a890c1b9923: 197 groups; 2.0 s; peak memory 1233 MiB.
2026-10-09T15:47:20Z INFO [576/900] 8649d8f7-ac22-4293-a008-1d492b94f88d: 35 groups; 1.4 s; peak memory 1233 MiB.
2026-10-09T15:47:24Z INFO [577/900] 8649fada-2705-44a2-a2af-fc2206337de4: 29 groups; 3.8 s; peak memory 1233 MiB.
2026-10-09T15:47:25Z INFO [578/900] 864a426c-e847-4d0c-9190-3bb15273d017: 22 groups; 0.9 s; peak memory 1233 MiB.
2026-10-09T15:47:26Z INFO [579/900] 864aeff9-463f-424f-ac86-492c5e4b06d4: 22 groups; 1.0 s; peak memory 1233 MiB.
2026-10-09T15:47:27Z INFO [580/900] 864b2817-55e8-4153-a5af-108b2586983a: 35 groups; 1.4 s; peak memory 1233 MiB.
2026-10-09T15:47:28Z INFO [581/900] 864b9fd4-0ae9-499f-b5a3-c4ed514d4ac2: 22 groups; 0.7 s; peak memory 1233 MiB.
2026-10-09T15:47:30Z INFO [582/900] 864c2107-82a9-4c0a-b841-dc0a77c28df4: 48 groups; 2.0 s; peak memory 1233 MiB.
2026-10-09T15:47:31Z INFO [583/900] 864c521b-c87d-4113-87de-7e17ba3e5076: 28 groups; 0.8 s; peak memory 1233 MiB.
2026-10-09T15:47:32Z INFO [584/900] 864c7941-773e-48c5-9760-93a1bccc5671: 22 groups; 1.0 s; peak memory 1233 MiB.
2026-10-09T15:47:33Z INFO [585/900] 864d081b-4888-474d-b874-36931bcffef8: 202 groups; 1.4 s; peak memory 1233 MiB.
2026-10-09T15:47:34Z INFO [586/900] 864d6484-86d6-4366-97ce-acad7d32bdfc: 22 groups; 0.9 s; peak memory 1233 MiB.
2026-10-09T15:50:00Z INFO [587/900] 864da6ba-b924-4c79-8176-87b8efccc3eb: 66 groups; 145.5 s; peak memory 1233 MiB.
2026-10-09T15:50:01Z INFO [588/900] 864f73e1-a131-476a-8d3c-b1d587c58fd3: 22 groups; 1.1 s; peak memory 1233 MiB.
2026-10-09T15:50:02Z INFO [589/900] 864f88f3-7130-49c1-a8c4-0fdb9a6d31f2: 52 groups; 1.7 s; peak memory 1233 MiB.
2026-10-09T15:50:04Z INFO [590/900] 864fc493-75df-4fa8-ada8-ba94ea36d2cc: 337 groups; 1.6 s; peak memory 1233 MiB.
2026-10-09T15:50:05Z INFO [591/900] 86509386-281e-4bd5-ad02-eae5b17a8e22: 203 groups; 1.3 s; peak memory 1233 MiB.
2026-10-09T15:57:00Z INFO [592/900] 86514d0a-d39a-4c0d-99b6-07718cdf5b3d: 35 groups; 414.7 s; peak memory 1233 MiB.
2026-10-09T15:57:02Z INFO [593/900] 86516360-e9f4-4a2b-b33d-c498b87c45d4: 43 groups; 1.9 s; peak memory 1233 MiB.
2026-10-09T15:57:03Z INFO [594/900] 8651f596-dd39-499f-bd00-8793b26d4b6a: 194 groups; 1.6 s; peak memory 1233 MiB.
2026-10-09T15:57:04Z INFO [595/900] 86520130-3e9d-44de-b5da-724d942a0a9b: 253 groups; 1.1 s; peak memory 1233 MiB.
2026-10-09T15:57:05Z INFO [596/900] 86523a3e-c2a7-4fe7-ada8-cd281c6af225: 32 groups; 1.1 s; peak memory 1233 MiB.
2026-10-09T15:57:15Z INFO [597/900] 865261f8-2163-41a6-9b68-577a434efef5: 33 groups; 9.6 s; peak memory 1233 MiB.
2026-10-09T15:57:17Z INFO [598/900] 8652b629-d869-483e-be16-68661877150d: 48 groups; 2.1 s; peak memory 1233 MiB.
2026-10-09T15:57:18Z INFO [599/900] 86549f31-ee5b-4435-9fbe-250e76cfdc59: 29 groups; 0.7 s; peak memory 1233 MiB.
2026-10-09T15:57:20Z INFO [600/900] 8654a47e-ab00-494d-b684-16fef19e20a3: 64 groups; 2.1 s; peak memory 1233 MiB.
2026-10-09T15:57:20Z INFO [600/900] 8654a47e-ab00-494d-b684-16fef19e20a3: checkpointed 111736 new records.
2026-10-09T15:57:21Z INFO [601/900] 8654c956-f06e-41e6-8dc3-21988bc0f62d: 16 groups; 0.5 s; peak memory 1233 MiB.
2026-10-09T15:57:22Z INFO [602/900] 86555709-3176-4250-882c-05daaa927aeb: 201 groups; 1.3 s; peak memory 1233 MiB.
2026-10-09T15:57:23Z INFO [603/900] 86563016-9488-46d2-aade-6435b2c14b9e: 35 groups; 1.1 s; peak memory 1233 MiB.
2026-10-09T15:57:24Z INFO [604/900] 8656d149-8dad-4d1b-b237-f12dd09112be: 30 groups; 0.8 s; peak memory 1233 MiB.
2026-10-09T15:57:26Z INFO [605/900] 8656eed8-aef2-45bd-a2fb-563bdec13002: 40 groups; 1.5 s; peak memory 1233 MiB.
2026-10-09T16:01:35Z INFO [606/900] 8657874e-f90f-4cc1-853b-2b195a7beefb: 39 groups; 249.5 s; peak memory 1233 MiB.
2026-10-09T16:01:36Z INFO [607/900] 8657aab6-0c6b-4ce3-bd70-04c6cb43ca11: 27 groups; 1.2 s; peak memory 1233 MiB.
2026-10-09T16:01:43Z INFO [608/900] 865a2e6c-eba5-4681-af9f-f76ba773d2f0: 78 groups; 6.4 s; peak memory 1233 MiB.
2026-10-09T16:01:44Z INFO [609/900] 865bc196-60b8-4ad2-8939-ca9f3cf3d11f: 32 groups; 1.0 s; peak memory 1233 MiB.
2026-10-09T16:01:45Z INFO [610/900] 865c7623-556d-49cb-b89e-09687841cda6: 16 groups; 1.8 s; peak memory 1233 MiB.
2026-10-09T16:01:47Z INFO [611/900] 865cafa9-9943-4bec-b415-2259bb54ea50: 33 groups; 1.3 s; peak memory 1233 MiB.
2026-10-09T16:01:49Z INFO [612/900] 865cfd24-4abf-4804-889a-db3afd0f8627: 48 groups; 2.3 s; peak memory 1233 MiB.
2026-10-09T16:01:50Z INFO [613/900] 865de053-23d1-418e-bd3b-0345e251485d: 33 groups; 1.3 s; peak memory 1233 MiB.
2026-10-09T16:01:51Z INFO [614/900] 865e814b-8023-4b4c-82b4-f8d764553bbc: 22 groups; 0.9 s; peak memory 1233 MiB.
2026-10-09T16:01:52Z INFO [615/900] 865f095a-4426-4519-af9d-bdbe7b37254e: 25 groups; 1.0 s; peak memory 1233 MiB.
2026-10-09T16:01:54Z INFO [616/900] 866080ea-b487-4740-b649-da1c58cd1bb6: 48 groups; 2.2 s; peak memory 1233 MiB.
2026-10-09T16:01:56Z INFO [617/900] 8660a7e7-c334-4ea7-b8d3-61efc21b95e0: 48 groups; 2.0 s; peak memory 1233 MiB.
2026-10-09T16:04:17Z INFO [618/900] 8660c099-dca8-429f-a7bb-9f0e3b70fcc9: 60 groups; 140.5 s; peak memory 1233 MiB.
2026-10-09T16:04:18Z INFO [619/900] 866191c8-9f52-48bd-8932-535394fa7f09: 25 groups; 1.0 s; peak memory 1233 MiB.
2026-10-09T16:04:19Z INFO [620/900] 8661e77e-99fc-4ca8-bc7e-4432e5b91586: 22 groups; 1.1 s; peak memory 1233 MiB.
2026-10-09T16:04:20Z INFO [621/900] 8661f119-bd0d-4e32-bde7-684b32397143: 22 groups; 1.1 s; peak memory 1233 MiB.
2026-10-09T16:04:22Z INFO [622/900] 86625e07-3db8-4c40-aa9d-e7ac99e18149: 341 groups; 2.1 s; peak memory 1233 MiB.
2026-10-09T16:04:23Z INFO [623/900] 86636ad6-2c2f-43e6-8681-5dbab587dadb: 31 groups; 0.9 s; peak memory 1233 MiB.
2026-10-09T16:04:25Z INFO [624/900] 86644d57-aabf-4238-ad82-5644110a4b55: 199 groups; 1.5 s; peak memory 1233 MiB.
2026-10-09T16:04:25Z INFO [625/900] 86648c73-f842-4a1b-b882-f604ff87cfdf: 30 groups; 0.8 s; peak memory 1233 MiB.
2026-10-09T16:04:26Z INFO [626/900] 8664ccc7-c08a-499a-89f1-4f83ac8126b9: 22 groups; 1.0 s; peak memory 1233 MiB.
2026-10-09T16:04:27Z INFO [627/900] 8664ed9f-556c-49cb-878e-e7a3521ec1bc: 16 groups; 1.0 s; peak memory 1233 MiB.
2026-10-09T16:04:29Z INFO [628/900] 86661e8f-59b7-4be0-85dd-fa238667b3b6: 202 groups; 1.4 s; peak memory 1233 MiB.
2026-10-09T16:04:30Z INFO [629/900] 86666c19-4220-47d2-b997-f4c0001f8ca2: 22 groups; 1.0 s; peak memory 1233 MiB.
2026-10-09T16:04:31Z INFO [630/900] 86685637-5131-4987-9fb3-7386e7c297fa: 32 groups; 1.3 s; peak memory 1233 MiB.
2026-10-09T16:04:56Z INFO [631/900] 86688ce8-30a6-4bc3-9097-b15352ee868b: 23 groups; 24.6 s; peak memory 1233 MiB.
2026-10-09T16:06:42Z INFO [632/900] 86692e7a-a502-4cc2-b95b-a1d6ae0b5aff: 3238 groups; 106.3 s; peak memory 1233 MiB.
2026-10-09T16:06:43Z INFO [633/900] 8669a13d-c7f3-450b-8f7f-d498a1f2822f: 25 groups; 1.1 s; peak memory 1233 MiB.
2026-10-09T16:06:44Z INFO [634/900] 8669d654-58a6-4a1c-a3af-ed156e807356: 35 groups; 1.5 s; peak memory 1233 MiB.
2026-10-09T16:06:45Z INFO [635/900] 866a5c20-9d3e-454b-984d-244cfe961d31: 32 groups; 1.0 s; peak memory 1233 MiB.
2026-10-09T16:06:52Z INFO [636/900] 866ac1f9-2839-4c79-902c-00ddeb5492bc: 50 groups; 6.5 s; peak memory 1233 MiB.
2026-10-09T16:06:53Z INFO [637/900] 866adb1c-a3d4-4426-b946-11894c19a8f2: 22 groups; 1.0 s; peak memory 1233 MiB.
2026-10-09T16:06:55Z INFO [638/900] 866af229-24a1-446e-a756-a87bda6cb669: 199 groups; 1.9 s; peak memory 1233 MiB.
2026-10-09T16:06:56Z INFO [639/900] 866baf1e-1eb2-4430-bc5e-2bceed055cc8: 28 groups; 1.0 s; peak memory 1233 MiB.
2026-10-09T16:07:08Z INFO [640/900] 866bed14-1e6d-40d8-b9e6-c8a389d107a2: 217 groups; 12.0 s; peak memory 1233 MiB.
2026-10-09T16:07:09Z INFO [641/900] 866c6245-466b-4c31-8423-30b670effbcc: 24 groups; 0.8 s; peak memory 1233 MiB.
2026-10-09T16:07:09Z INFO [642/900] 866d50c2-c6b5-448d-9268-6654decf7803: 16 groups; 0.7 s; peak memory 1233 MiB.
2026-10-09T16:07:53Z INFO [643/900] 866d8ec7-397d-414a-962b-06f6812c0a45: 39 groups; 44.1 s; peak memory 1233 MiB.
2026-10-09T16:07:54Z INFO [644/900] 866e19b5-a8db-4832-bdcb-c6915c3c39f7: 22 groups; 0.9 s; peak memory 1233 MiB.
2026-10-09T16:08:20Z INFO [645/900] 866e3905-d70d-4689-89e4-154a70b027e8: 23 groups; 25.6 s; peak memory 1233 MiB.
2026-10-09T16:08:21Z INFO [646/900] 866e8c36-2522-4e46-97af-f5ef275c1eb8: 202 groups; 1.4 s; peak memory 1233 MiB.
2026-10-09T16:08:22Z INFO [647/900] 866ee252-85d3-466f-9b0c-82ffe536cd11: 18 groups; 0.7 s; peak memory 1233 MiB.
2026-10-09T16:08:23Z INFO [648/900] 866f18ee-6422-4681-a6fe-4abeb8e8cb4b: 17 groups; 0.7 s; peak memory 1233 MiB.
2026-10-09T16:08:24Z INFO [649/900] 866fb75c-f191-4570-a4b1-94e9a0e400f6: 35 groups; 1.3 s; peak memory 1233 MiB.
2026-10-09T16:08:25Z INFO [650/900] 866fb9e8-be91-43f0-8546-a59351d26644: 22 groups; 0.9 s; peak memory 1233 MiB.
2026-10-09T16:08:25Z INFO [650/900] 866fb9e8-be91-43f0-8546-a59351d26644: checkpointed 111786 new records.
2026-10-09T16:08:35Z INFO [651/900] 866fc8dc-86e6-48de-90de-abc3960f5470: 199 groups; 10.2 s; peak memory 1233 MiB.
2026-10-09T16:08:39Z INFO [652/900] 866fe575-7cfe-494b-af26-d4aa32d6926d: 181 groups; 3.9 s; peak memory 1233 MiB.
2026-10-09T16:12:48Z INFO [653/900] 86715b42-fe1e-49e7-a811-d08758aa2d55: 39 groups; 249.1 s; peak memory 1233 MiB.
2026-10-09T16:12:49Z INFO [654/900] 8671871a-c3a1-4dbf-8ffb-9e9a2c586867: 32 groups; 1.1 s; peak memory 1233 MiB.
2026-10-09T16:12:50Z INFO [655/900] 8671d6fc-7b4c-4356-be3d-d84940f2d2af: 16 groups; 0.8 s; peak memory 1233 MiB.
2026-10-09T16:12:51Z INFO [656/900] 8673a389-bce3-4175-81e0-4347c40175a7: 22 groups; 1.2 s; peak memory 1233 MiB.
2026-10-09T16:12:52Z INFO [657/900] 86749eb8-33fe-4bf3-beb2-3383d813372e: 32 groups; 1.1 s; peak memory 1233 MiB.
2026-10-09T16:12:53Z INFO [658/900] 8674d9b4-3ffd-40c8-ad2c-a3a68c719b71: 253 groups; 1.1 s; peak memory 1233 MiB.
2026-10-09T16:12:55Z INFO [659/900] 8675099e-420c-48cb-911a-39ff22df92b0: 35 groups; 1.4 s; peak memory 1233 MiB.
2026-10-09T16:12:56Z INFO [660/900] 86751dee-2bd3-4f76-8da1-2b08ee6c01c1: 29 groups; 1.2 s; peak memory 1233 MiB.
2026-10-09T16:13:09Z INFO [661/900] 86761986-8342-4cca-bd85-d53fc781cf0d: 374 groups; 13.0 s; peak memory 1233 MiB.
2026-10-09T16:13:10Z INFO [662/900] 86777e30-9b97-4fb9-807c-966ede8fa054: 22 groups; 1.0 s; peak memory 1233 MiB.
2026-10-09T16:13:19Z INFO [663/900] 867789b3-30ae-4dad-a83b-15a308753ffd: 186 groups; 9.0 s; peak memory 1233 MiB.
2026-10-09T16:13:23Z INFO [664/900] 86778ed6-af1d-4c3e-aae6-f435b376f13a: 75 groups; 3.7 s; peak memory 1233 MiB.
2026-10-09T16:13:24Z INFO [665/900] 86786881-d992-46d3-8e19-24b5d45b5112: 20 groups; 0.9 s; peak memory 1233 MiB.
2026-10-09T16:13:26Z INFO [666/900] 8678bed7-812e-43bb-9235-011c268c968d: 35 groups; 1.8 s; peak memory 1233 MiB.
2026-10-09T16:13:26Z INFO [667/900] 867906fe-620c-4856-84cd-b1b5d4235f30: 22 groups; 0.9 s; peak memory 1233 MiB.
2026-10-09T16:13:32Z INFO [668/900] 86791e4c-fcc6-4111-8e34-90b68070f835: 67 groups; 5.8 s; peak memory 1233 MiB.
2026-10-09T16:13:33Z INFO [669/900] 867975af-531e-4439-8f46-44e4cdd63f05: 103 groups; 1.1 s; peak memory 1233 MiB.
2026-10-09T16:13:34Z INFO [670/900] 8679e38e-8076-4980-9914-1213f09a0691: 22 groups; 1.0 s; peak memory 1233 MiB.
2026-10-09T16:13:35Z INFO [671/900] 867a929a-d760-475d-8f8f-c0893b64bf82: 22 groups; 0.9 s; peak memory 1233 MiB.
2026-10-09T16:14:01Z INFO [672/900] 867aba74-c65d-4c44-8e73-86190952bf2e: 23 groups; 25.4 s; peak memory 1233 MiB.
2026-10-09T16:14:02Z INFO [673/900] 867d0b03-0025-4933-a99d-b0f6573a0f6a: 104 groups; 1.7 s; peak memory 1233 MiB.
2026-10-09T16:14:10Z INFO [674/900] 867d2366-a215-4616-986e-19abaa81930a: 76 groups; 7.8 s; peak memory 1233 MiB.
2026-10-09T16:14:11Z INFO [675/900] 867d4ed7-99ae-4cb2-92c4-0dfcfdf91979: 22 groups; 1.0 s; peak memory 1233 MiB.
2026-10-09T16:14:12Z INFO [676/900] 867fb82b-bff5-4354-a6f3-1a932c193889: 20 groups; 0.8 s; peak memory 1233 MiB.
2026-10-09T16:14:13Z INFO [677/900] 86803157-6343-4ed3-82b5-e06ad43ed040: 253 groups; 1.4 s; peak memory 1233 MiB.
2026-10-09T16:14:14Z INFO [678/900] 8680d718-10aa-468f-98b2-45b48117b1a9: 32 groups; 1.0 s; peak memory 1233 MiB.
2026-10-09T16:14:16Z INFO [679/900] 8680ea08-11c3-43ef-94af-dba5186ca0ce: 35 groups; 1.5 s; peak memory 1233 MiB.
2026-10-09T16:14:17Z INFO [680/900] 8682faef-5f77-4e8d-a907-b39911658246: 18 groups; 0.9 s; peak memory 1233 MiB.
2026-10-09T16:14:18Z INFO [681/900] 86836114-d545-4275-a678-68fa6785186a: 194 groups; 1.4 s; peak memory 1233 MiB.
2026-10-09T16:14:20Z INFO [682/900] 86842aa2-1c63-4185-8396-60fdd34fea2f: 203 groups; 1.6 s; peak memory 1233 MiB.
2026-10-09T16:14:21Z INFO [683/900] 8684682b-85d3-44b7-8db6-7593e2292884: 32 groups; 1.0 s; peak memory 1233 MiB.
2026-10-09T16:14:22Z INFO [684/900] 86850b68-35d3-4188-8c59-d980e0c39fd4: 194 groups; 1.3 s; peak memory 1233 MiB.
2026-10-09T16:14:30Z INFO [685/900] 86851ecc-7703-4eb4-9465-93cca69cdcc7: 22 groups; 7.6 s; peak memory 1233 MiB.
2026-10-09T16:14:31Z INFO [686/900] 86859769-89ff-4ff4-9576-bbe4c3b77872: 22 groups; 1.0 s; peak memory 1233 MiB.
2026-10-09T16:14:33Z INFO [687/900] 8685bdf0-160d-4ad0-ad4e-119ca62bf9d9: 49 groups; 1.9 s; peak memory 1233 MiB.
2026-10-09T16:14:34Z INFO [688/900] 8685ca55-be69-4715-92a6-32268ed42885: 22 groups; 1.0 s; peak memory 1233 MiB.
2026-10-09T16:16:44Z INFO [689/900] 8685edb4-5664-47d0-bec7-fc6a49f1be6a: 62 groups; 130.6 s; peak memory 1233 MiB.
2026-10-09T16:16:45Z INFO [690/900] 868660c8-b8bf-4307-8e31-d7bb5c6fcc28: 32 groups; 1.1 s; peak memory 1233 MiB.
2026-10-09T16:16:48Z INFO [691/900] 86873e50-1c34-4b8f-a05f-664fd1f15aef: 201 groups; 2.4 s; peak memory 1233 MiB.
2026-10-09T16:16:49Z INFO [692/900] 8687463b-55b1-49a3-ac22-41ea2b30937c: 22 groups; 0.8 s; peak memory 1233 MiB.
2026-10-09T16:16:50Z INFO [693/900] 8687cc3a-1708-4997-bfd4-7cb99c0205ca: 194 groups; 1.4 s; peak memory 1233 MiB.
2026-10-09T16:17:00Z INFO [694/900] 86882817-d37d-4593-b2fd-b44ee4dff7e2: 215 groups; 9.6 s; peak memory 1233 MiB.
2026-10-09T16:17:07Z INFO [695/900] 868899e1-68db-4b74-962b-147e13c440a2: 190 groups; 7.0 s; peak memory 1233 MiB.
2026-10-09T16:17:08Z INFO [696/900] 86897472-7de0-4f69-acba-bae3a7d95d34: 35 groups; 1.0 s; peak memory 1233 MiB.
2026-10-09T16:17:09Z INFO [697/900] 86898bec-d618-4143-9829-5f4962e59bb9: 35 groups; 1.3 s; peak memory 1233 MiB.
2026-10-09T16:17:10Z INFO [698/900] 86898fc7-892f-44e3-a380-b4c864408a9a: 32 groups; 1.1 s; peak memory 1233 MiB.
2026-10-09T16:17:11Z INFO [699/900] 8689eade-7447-486c-bba0-8ced120cf39e: 16 groups; 0.6 s; peak memory 1233 MiB.
2026-10-09T16:17:12Z INFO [700/900] 868bf8fe-3216-4d45-bbff-9d0cbe2f4104: 26 groups; 1.1 s; peak memory 1233 MiB.
2026-10-09T16:17:12Z INFO [700/900] 868bf8fe-3216-4d45-bbff-9d0cbe2f4104: checkpointed 111836 new records.
2026-10-09T16:17:15Z INFO [701/900] 868c1b2b-bbd9-4f70-b326-c448471e138e: 98 groups; 2.7 s; peak memory 1233 MiB.
2026-10-09T16:17:16Z INFO [702/900] 868c8fc9-92b6-41b6-ad61-73f0c3f09a80: 32 groups; 1.2 s; peak memory 1233 MiB.
2026-10-09T16:17:17Z INFO [703/900] 868d6e15-bf6e-4f35-a1b9-da54f1b0d65c: 16 groups; 1.1 s; peak memory 1233 MiB.
2026-10-09T16:17:19Z INFO [704/900] 868dfdca-6e76-4ee3-bb64-82270857b8c2: 17 groups; 2.0 s; peak memory 1233 MiB.
2026-10-09T16:17:20Z INFO [705/900] 868f1bfa-b6a4-4597-a713-e09d9aa6d1f1: 71 groups; 0.9 s; peak memory 1233 MiB.
2026-10-09T16:17:21Z INFO [706/900] 868f5b5d-f763-4210-b8b8-c52340a8bf07: 30 groups; 0.9 s; peak memory 1233 MiB.
2026-10-09T16:17:22Z INFO [707/900] 868f5ba4-2a81-443a-8808-9d9e22316b80: 33 groups; 1.7 s; peak memory 1233 MiB.
2026-10-09T16:17:32Z INFO [708/900] 868f666b-fc3c-4300-9301-12def7909d9f: 157 groups; 10.0 s; peak memory 1233 MiB.
2026-10-09T16:17:33Z INFO [709/900] 869070b9-b299-4a99-a8b4-a715ca334792: 22 groups; 0.7 s; peak memory 1233 MiB.
2026-10-09T16:17:39Z INFO [710/900] 8690baaa-c3a8-4715-93d6-b0d2fe5ad93d: 34 groups; 5.6 s; peak memory 1233 MiB.
2026-10-09T16:17:40Z INFO [711/900] 8691bb7b-8a7f-4460-bcbd-3227a18efd48: 29 groups; 1.5 s; peak memory 1233 MiB.
2026-10-09T16:17:41Z INFO [712/900] 8693a38a-7cc7-49bd-8e21-e6758c6abbbd: 32 groups; 1.1 s; peak memory 1233 MiB.
2026-10-09T16:17:44Z INFO [713/900] 86940cd2-12ae-4ea6-9faa-4a93b3b271f6: 50 groups; 2.5 s; peak memory 1233 MiB.
2026-10-09T16:17:46Z INFO [714/900] 86949030-4be7-4697-9d9f-5287a177d1b0: 34 groups; 2.0 s; peak memory 1233 MiB.
2026-10-09T16:17:47Z INFO [715/900] 86949065-14f9-45e1-8ab5-8e38c4ceb2a7: 32 groups; 1.0 s; peak memory 1233 MiB.
2026-10-09T16:17:48Z INFO [716/900] 8694daa3-9185-4ed3-9d2f-a53775a97b7f: 25 groups; 1.0 s; peak memory 1233 MiB.
2026-10-09T16:17:49Z INFO [717/900] 86957669-bd38-4d0e-8c1f-210fdf7854cd: 22 groups; 0.9 s; peak memory 1233 MiB.
2026-10-09T16:17:50Z INFO [718/900] 8695bf0c-7644-408d-9ca2-779f0ea750b0: 22 groups; 0.9 s; peak memory 1233 MiB.
2026-10-09T16:17:51Z INFO [719/900] 8695e374-2ecb-45da-8e3c-ab7043bda460: 32 groups; 1.0 s; peak memory 1233 MiB.
2026-10-09T16:17:53Z INFO [720/900] 8695f85e-e220-47d5-a3ce-3ce8c2ab4b5c: 30 groups; 2.0 s; peak memory 1233 MiB.
2026-10-09T16:17:54Z INFO [721/900] 86963a2e-6665-4e89-9621-092c730a4e48: 22 groups; 1.1 s; peak memory 1233 MiB.
2026-10-09T16:17:54Z INFO [722/900] 869681e0-c4e4-4153-8ce0-24092999d827: 30 groups; 0.7 s; peak memory 1233 MiB.
2026-10-09T16:17:56Z INFO [723/900] 8696b92f-604b-42fc-a25f-186614d33c06: 103 groups; 1.1 s; peak memory 1233 MiB.
2026-10-09T16:17:56Z INFO [724/900] 86974ddf-e319-4959-93b8-3873c2f61eff: 16 groups; 0.6 s; peak memory 1233 MiB.
2026-10-09T16:17:57Z INFO [725/900] 86983615-db6a-4696-bd6d-53de744ecac3: 22 groups; 0.9 s; peak memory 1233 MiB.
2026-10-09T16:17:58Z INFO [726/900] 8698bc6d-f974-4be6-ab1e-50c9564f1249: 32 groups; 1.1 s; peak memory 1233 MiB.
2026-10-09T16:18:03Z INFO [727/900] 8699b431-5623-45a4-8232-ded3d9a22beb: 71 groups; 4.4 s; peak memory 1233 MiB.
2026-10-09T16:18:03Z INFO [728/900] 869b0f56-2869-4b0c-be2f-80f7eb79c3f6: 17 groups; 0.9 s; peak memory 1233 MiB.
2026-10-09T16:18:04Z INFO [729/900] 869b77de-2c33-4bf5-bc00-3410c5884382: 30 groups; 0.8 s; peak memory 1233 MiB.
2026-10-09T16:18:05Z INFO [730/900] 869b80ca-e2ba-4133-88fe-8229155fdb54: 22 groups; 1.0 s; peak memory 1233 MiB.
2026-10-09T16:18:32Z INFO [731/900] 869c3324-101f-49d6-a8be-84d8003589c2: 31 groups; 26.6 s; peak memory 1233 MiB.
2026-10-09T16:18:33Z INFO [732/900] 869caa56-6ddd-489d-95b4-b957e6d37fa6: 22 groups; 1.1 s; peak memory 1233 MiB.
2026-10-09T16:18:37Z INFO [733/900] 869d4d7d-64c9-40a7-89a9-457b264c3d36: 29 groups; 4.2 s; peak memory 1233 MiB.
2026-10-09T16:18:38Z INFO [734/900] 869f0fb8-ed73-4166-9aa2-54b9a94d183f: 22 groups; 1.0 s; peak memory 1233 MiB.
2026-10-09T16:18:39Z INFO [735/900] 869f380d-cdd1-4894-86cf-cfaa7300a305: 18 groups; 1.1 s; peak memory 1233 MiB.
2026-10-09T16:18:42Z INFO [736/900] 869f9d8f-f889-49f6-afb9-d402bf8adc49: 30 groups; 3.1 s; peak memory 1233 MiB.
2026-10-09T16:18:43Z INFO [737/900] 869fecd5-0d5c-4e8f-aa78-040674950068: 32 groups; 1.2 s; peak memory 1233 MiB.
2026-10-09T16:18:44Z INFO [738/900] 86a0f45d-5cad-4710-9dbb-c6f370be2725: 22 groups; 0.9 s; peak memory 1233 MiB.
2026-10-09T16:18:45Z INFO [739/900] 86a0f7c1-d0af-4001-9c9f-7cac579ff52d: 32 groups; 1.1 s; peak memory 1233 MiB.
2026-10-09T16:18:47Z INFO [740/900] 86a148e1-2541-4a95-8b0f-c4cafc781d3c: 22 groups; 1.1 s; peak memory 1233 MiB.
2026-10-09T16:18:48Z INFO [741/900] 86a37622-a51b-4592-b671-5563f13b9817: 32 groups; 1.1 s; peak memory 1233 MiB.
2026-10-09T16:18:59Z INFO [742/900] 86a432f2-9608-4b54-b70b-4bb2531621a2: 288 groups; 11.5 s; peak memory 1233 MiB.
2026-10-09T16:19:16Z INFO [743/900] 86a59964-178c-4571-8906-836a2bf48e6a: 239 groups; 16.8 s; peak memory 1233 MiB.
2026-10-09T16:19:17Z INFO [744/900] 86a607e7-850c-4a30-bfde-496e96a104a6: 22 groups; 0.9 s; peak memory 1233 MiB.
2026-10-09T16:19:19Z INFO [745/900] 86a62174-b01c-4e91-8694-3af14aaf0abf: 17 groups; 1.8 s; peak memory 1233 MiB.
2026-10-09T16:19:20Z INFO [746/900] 86a62ad3-bfa4-495f-861c-6b25562c1f25: 35 groups; 1.4 s; peak memory 1233 MiB.
2026-10-09T16:19:21Z INFO [747/900] 86a73293-69c3-4f05-ad09-f6547f886ca3: 22 groups; 0.8 s; peak memory 1233 MiB.
2026-10-09T16:19:22Z INFO [748/900] 86a76f2b-805f-4d46-928e-129843b02663: 32 groups; 1.2 s; peak memory 1233 MiB.
2026-10-09T16:19:23Z INFO [749/900] 86a77f32-cb80-4e03-bb51-23e77d002691: 22 groups; 1.0 s; peak memory 1233 MiB.
2026-10-09T16:19:26Z INFO [750/900] 86a835f2-420a-4021-b726-dd58e0b8c8e7: 50 groups; 2.8 s; peak memory 1233 MiB.
2026-10-09T16:19:26Z INFO [750/900] 86a835f2-420a-4021-b726-dd58e0b8c8e7: checkpointed 111886 new records.
2026-10-09T16:19:28Z INFO [751/900] 86a8aa14-6ebf-4f64-8cbe-0abec5d06b96: 338 groups; 2.0 s; peak memory 1233 MiB.
2026-10-09T16:19:29Z INFO [752/900] 86a8b813-da69-4659-9c99-36088b852cd4: 32 groups; 1.2 s; peak memory 1233 MiB.
2026-10-09T16:19:31Z INFO [753/900] 86ab61c3-2a31-4396-8ed0-58c2cef40a1e: 34 groups; 1.4 s; peak memory 1233 MiB.
2026-10-09T16:19:32Z INFO [754/900] 86ab9a7a-ac03-4bfa-9463-8c43bce4656a: 20 groups; 1.0 s; peak memory 1233 MiB.
2026-10-09T16:19:33Z INFO [755/900] 86ac7b96-c14d-4ba0-bd88-c4cc77f0967b: 33 groups; 1.4 s; peak memory 1233 MiB.
2026-10-09T16:19:36Z INFO [756/900] 86ad1e69-4cb6-4917-aa51-b35d76a24743: 48 groups; 2.9 s; peak memory 1233 MiB.
2026-10-09T16:19:37Z INFO [757/900] 86ad555c-44db-47a8-bbc9-420a4b89e723: 33 groups; 1.2 s; peak memory 1233 MiB.
2026-10-09T16:19:39Z INFO [758/900] 86ad9930-f183-4f6c-85cc-ec7ef72c7fad: 336 groups; 1.9 s; peak memory 1233 MiB.
2026-10-09T16:19:44Z INFO [759/900] 86aebfc3-b21b-44d3-a601-4d8169b818d9: 128 groups; 4.7 s; peak memory 1233 MiB.
2026-10-09T16:19:46Z INFO [760/900] 86af7bf6-4a35-458f-bfe5-648e67787e63: 17 groups; 2.2 s; peak memory 1233 MiB.
2026-10-09T16:19:47Z INFO [761/900] 86afb860-a720-4484-90c6-da5fa76230af: 35 groups; 0.8 s; peak memory 1233 MiB.
2026-10-09T16:19:48Z INFO [762/900] 86afebcc-3f17-4b7c-83d1-ed4af9c182b4: 32 groups; 1.1 s; peak memory 1233 MiB.
2026-10-09T16:19:49Z INFO [763/900] 86b01709-d454-488f-a07d-49168c684ed8: 32 groups; 1.0 s; peak memory 1233 MiB.
2026-10-09T16:19:50Z INFO [764/900] 86b0c8ae-7836-493c-a17c-2ff6707f7c74: 22 groups; 1.0 s; peak memory 1233 MiB.
2026-10-09T16:19:53Z INFO [765/900] 86b181b4-2628-4604-b2a8-dd902244d457: 50 groups; 2.6 s; peak memory 1233 MiB.
2026-10-09T16:19:56Z INFO [766/900] 86b21508-8090-4b4a-a09e-2ef91ee34e1c: 124 groups; 3.6 s; peak memory 1233 MiB.
2026-10-09T16:19:58Z INFO [767/900] 86b28d41-a3c4-4822-b3cf-53b2288f3968: 35 groups; 1.8 s; peak memory 1233 MiB.
2026-10-09T16:20:08Z INFO [768/900] 86b2def2-b986-4e6b-91a0-c37d674e303a: 54 groups; 9.8 s; peak memory 1233 MiB.
2026-10-09T16:20:08Z INFO [769/900] 86b2df74-43a2-4f9b-bc0d-657d2a180328: 16 groups; 0.6 s; peak memory 1233 MiB.
2026-10-09T16:20:10Z INFO [770/900] 86b392d4-b117-4f6b-8bce-1d53f7b5ff31: 32 groups; 1.2 s; peak memory 1233 MiB.
2026-10-09T16:20:10Z INFO [771/900] 86b3c09b-001d-4e98-8467-6e9b80877961: 33 groups; 1.0 s; peak memory 1233 MiB.
2026-10-09T16:20:11Z INFO [772/900] 86b471bd-c7d3-4282-9e36-9118a53c14ab: 22 groups; 0.9 s; peak memory 1233 MiB.
2026-10-09T16:20:18Z INFO [773/900] 86b486f5-7a02-49e4-8c8e-e916708b9c13: 34 groups; 6.5 s; peak memory 1233 MiB.
2026-10-09T16:20:19Z INFO [774/900] 86b49eb7-1425-46ed-b153-8caee4b00388: 35 groups; 1.3 s; peak memory 1233 MiB.
2026-10-09T16:20:20Z INFO [775/900] 86b4a151-3c17-44b8-b67f-eac68d8f9acc: 16 groups; 0.7 s; peak memory 1233 MiB.
2026-10-09T16:20:21Z INFO [776/900] 86b4ae08-9a51-4d7e-b5f3-66dee906b840: 103 groups; 1.1 s; peak memory 1233 MiB.
2026-10-09T16:20:24Z INFO [777/900] 86b4ef0f-70bb-4172-9ab3-23019aca1dc1: 50 groups; 3.3 s; peak memory 1233 MiB.
2026-10-09T16:20:25Z INFO [778/900] 86b6325e-1186-4bb6-9a9d-77fca1dd5f93: 30 groups; 0.8 s; peak memory 1233 MiB.
2026-10-09T16:20:26Z INFO [779/900] 86b67837-3da2-4a6c-9ad9-19e274a6746a: 33 groups; 1.3 s; peak memory 1233 MiB.
2026-10-09T16:20:28Z INFO [780/900] 86b68274-a520-4743-b44e-47cc26b4160a: 34 groups; 2.0 s; peak memory 1233 MiB.
2026-10-09T16:20:30Z INFO [781/900] 86b699e0-4651-4bab-94ec-e0ac5a09ba63: 35 groups; 1.3 s; peak memory 1233 MiB.
2026-10-09T16:20:40Z INFO [782/900] 86b7f4cb-68cf-4dd7-944b-552c55a43cdf: 200 groups; 10.3 s; peak memory 1233 MiB.
2026-10-09T16:20:42Z INFO [783/900] 86b86266-bad6-4354-8c31-90c878a23472: 341 groups; 1.7 s; peak memory 1233 MiB.
2026-10-09T16:20:43Z INFO [784/900] 86b90af3-48c1-4a40-8bda-096fb3ec53a3: 30 groups; 1.1 s; peak memory 1233 MiB.
2026-10-09T16:20:50Z INFO [785/900] 86b961da-2871-4982-acd2-df96cbc6f7e8: 123 groups; 7.6 s; peak memory 1233 MiB.
2026-10-09T16:20:52Z INFO [786/900] 86babd10-d0c3-42b5-ac04-22801aa7be83: 61 groups; 1.8 s; peak memory 1233 MiB.
2026-10-09T16:20:54Z INFO [787/900] 86bc0a63-a1d1-4628-a420-29da467fdd40: 33 groups; 1.6 s; peak memory 1233 MiB.
2026-10-09T16:21:06Z INFO [788/900] 86bc138f-dda5-46e0-847a-ed0aa37305f9: 225 groups; 12.5 s; peak memory 1233 MiB.
2026-10-09T16:21:07Z INFO [789/900] 86bc15d9-b09a-4667-89cf-b2f2aa60ca13: 33 groups; 1.1 s; peak memory 1233 MiB.
2026-10-09T16:21:09Z INFO [790/900] 86bc7df0-4f35-4f0b-bc93-98536c207526: 49 groups; 1.2 s; peak memory 1233 MiB.
2026-10-09T16:21:10Z INFO [791/900] 86bdab6d-278a-4bfe-ac44-e54c25d51267: 253 groups; 1.1 s; peak memory 1233 MiB.
2026-10-09T16:21:11Z INFO [792/900] 86bdc042-35b4-4222-a518-b3318950040c: 25 groups; 1.2 s; peak memory 1233 MiB.
2026-10-09T16:21:12Z INFO [793/900] 86bdf017-11ff-4992-b39b-8fb0482bcf17: 16 groups; 0.8 s; peak memory 1233 MiB.
2026-10-09T16:21:13Z INFO [794/900] 86be1008-b283-455e-beeb-c1223f01a2eb: 22 groups; 1.0 s; peak memory 1233 MiB.
2026-10-09T16:21:14Z INFO [795/900] 86be191a-ef4e-40ec-bd67-009962f2e907: 34 groups; 1.2 s; peak memory 1233 MiB.
2026-10-09T16:21:16Z INFO [796/900] 86bf0383-e6b7-4d6c-8d9f-69d855623a2c: 194 groups; 1.7 s; peak memory 1233 MiB.
2026-10-09T16:21:18Z INFO [797/900] 86bf5bfa-8b01-4101-8cb3-f2468769315f: 571 groups; 2.0 s; peak memory 1233 MiB.
2026-10-09T16:21:19Z INFO [798/900] 86c04438-6e72-4f50-afd2-02e826691319: 22 groups; 1.1 s; peak memory 1233 MiB.
2026-10-09T16:21:20Z INFO [799/900] 86c0c380-2d07-4e19-a9bb-a0dd3bdd0b22: 18 groups; 1.0 s; peak memory 1233 MiB.
2026-10-09T16:21:21Z INFO [800/900] 86c1946d-92d8-4ca4-a625-a1b0c285d8d9: 22 groups; 1.0 s; peak memory 1233 MiB.
2026-10-09T16:21:21Z INFO [800/900] 86c1946d-92d8-4ca4-a625-a1b0c285d8d9: checkpointed 111936 new records.
2026-10-09T16:21:23Z INFO [801/900] 86c21a26-589e-4ef7-975f-f0d736824e08: 571 groups; 2.2 s; peak memory 1233 MiB.
2026-10-09T16:21:24Z INFO [802/900] 86c2cd8a-2feb-4003-9a00-b1b7f3e6e079: 35 groups; 1.1 s; peak memory 1233 MiB.
2026-10-09T16:21:25Z INFO [803/900] 86c38304-aa73-4f08-97d0-e13c237393ea: 22 groups; 0.9 s; peak memory 1233 MiB.
2026-10-09T16:21:27Z INFO [804/900] 86c39424-b9ad-4378-8f50-5b860f04df1c: 33 groups; 1.6 s; peak memory 1233 MiB.
2026-10-09T16:23:32Z INFO [805/900] 86c3bb8b-9010-4b91-87bb-a7ce7236c668: 62 groups; 125.5 s; peak memory 1233 MiB.
2026-10-09T16:23:33Z INFO [806/900] 86c3c136-bf88-4aad-a4d2-3e0f06679288: 32 groups; 1.3 s; peak memory 1233 MiB.
2026-10-09T16:23:34Z INFO [807/900] 86c42ce9-2cab-40d0-ac2e-5092509d2c02: 22 groups; 1.1 s; peak memory 1233 MiB.
2026-10-09T16:23:56Z INFO [808/900] 86c4c92f-2940-465c-8b4e-d9bacd1aace8: 218 groups; 22.0 s; peak memory 1233 MiB.
2026-10-09T16:23:58Z INFO [809/900] 86c596bd-3ebf-416d-b6fa-7ad8e910c548: 35 groups; 1.2 s; peak memory 1233 MiB.
2026-10-09T16:24:09Z INFO [810/900] 86c5e373-3b84-453a-8433-65d15cd18a14: 88 groups; 11.3 s; peak memory 1233 MiB.
2026-10-09T16:24:16Z INFO [811/900] 86c70fd9-0d1e-45a6-afbb-ff8add1a5276: 117 groups; 7.3 s; peak memory 1233 MiB.
2026-10-09T16:24:17Z INFO [812/900] 86c7d4ef-7336-456d-ae0c-5fe31c1efff8: 32 groups; 1.2 s; peak memory 1233 MiB.
2026-10-09T16:24:19Z INFO [813/900] 86c862e8-9601-4661-aca8-e2e6e83813e9: 28 groups; 1.2 s; peak memory 1233 MiB.
2026-10-09T16:24:20Z INFO [814/900] 86c8bc56-6bb2-44e4-8b86-bae937406cdf: 202 groups; 1.5 s; peak memory 1233 MiB.
2026-10-09T16:24:22Z INFO [815/900] 86c9ee24-05ae-40e6-8375-38745c4108db: 49 groups; 1.5 s; peak memory 1233 MiB.
2026-10-09T16:24:32Z INFO [816/900] 86cc70be-d594-434d-bf83-124c5744d6aa: 262 groups; 10.5 s; peak memory 1233 MiB.
2026-10-09T16:24:33Z INFO [817/900] 86cc726f-fa6a-408f-a7cd-57f6a4ea6474: 36 groups; 1.2 s; peak memory 1233 MiB.
2026-10-09T16:24:45Z INFO [818/900] 86cce842-5399-4d04-b19a-55ddc35b7c12: 38 groups; 11.5 s; peak memory 1233 MiB.
2026-10-09T16:24:46Z INFO [819/900] 86cd2606-6d17-4c5c-ab30-48ff463c98c8: 31 groups; 0.9 s; peak memory 1233 MiB.
2026-10-09T16:24:47Z INFO [820/900] 86cd5166-7c4b-4d92-823f-86093fd1cd02: 32 groups; 1.0 s; peak memory 1233 MiB.
2026-10-09T16:24:54Z INFO [821/900] 86ce6205-2191-42a4-abfc-7d1f7434a105: 243 groups; 7.7 s; peak memory 1233 MiB.
2026-10-09T16:24:57Z INFO [822/900] 86ce96f3-1490-4444-8237-d189a547fb41: 48 groups; 2.5 s; peak memory 1233 MiB.
2026-10-09T16:25:03Z INFO [823/900] 86ceccc6-95f6-4aa8-a315-ca9afb0fefc3: 191 groups; 6.3 s; peak memory 1233 MiB.
2026-10-09T16:25:05Z INFO [824/900] 86cf6f24-dca7-452c-b0cc-1b6be69fd1c5: 32 groups; 1.4 s; peak memory 1233 MiB.
2026-10-09T16:25:13Z INFO [825/900] 86d04bc3-6b69-4527-91c0-3cc35046f8b3: 36 groups; 8.0 s; peak memory 1233 MiB.
2026-10-09T16:25:14Z INFO [826/900] 86d0704f-36ae-42c7-a629-c081eb62ccd6: 37 groups; 1.6 s; peak memory 1233 MiB.
2026-10-09T16:25:16Z INFO [827/900] 86d1d771-33ed-4c59-81a2-fa48b8cbe540: 35 groups; 1.5 s; peak memory 1233 MiB.
2026-10-09T16:25:17Z INFO [828/900] 86d2940d-0ce9-42a8-b528-245702ecfe57: 103 groups; 1.1 s; peak memory 1233 MiB.
2026-10-09T16:25:18Z INFO [829/900] 86d2a308-8b68-4d89-8e98-87ce228ccc38: 33 groups; 1.5 s; peak memory 1233 MiB.
2026-10-09T16:25:19Z INFO [830/900] 86d2c1f1-94ff-4619-83ea-31fa9351b091: 22 groups; 1.0 s; peak memory 1233 MiB.
2026-10-09T16:25:26Z INFO [831/900] 86d39b58-4d56-49e1-ab93-49a7028a98f6: 17 groups; 6.6 s; peak memory 1233 MiB.
2026-10-09T16:25:27Z INFO [832/900] 86d3ea63-a2e0-410f-bfb8-f5cc017ef244: 36 groups; 1.3 s; peak memory 1233 MiB.
2026-10-09T16:31:33Z INFO [833/900] 86d41604-5bd8-4860-8bc9-cf15253e5dca: 41 groups; 365.4 s; peak memory 1233 MiB.
2026-10-09T16:31:34Z INFO [834/900] 86d4275b-acba-46da-8a59-f5e506bc114d: 22 groups; 0.9 s; peak memory 1233 MiB.
2026-10-09T16:31:34Z INFO [835/900] 86d5118d-1e3d-4e80-857d-df24aeee7bd8: 22 groups; 0.9 s; peak memory 1233 MiB.
2026-10-09T16:31:36Z INFO [836/900] 86d59f57-056c-4e57-85cc-c0301953b6cf: 32 groups; 1.1 s; peak memory 1233 MiB.
2026-10-09T16:31:37Z INFO [837/900] 86d5bfba-e221-40a5-acda-e4d9b97f4653: 22 groups; 1.0 s; peak memory 1233 MiB.
2026-10-09T16:31:44Z INFO [838/900] 86d686f2-7108-4f68-b5a1-c1f04b0bc266: 191 groups; 7.1 s; peak memory 1233 MiB.
2026-10-09T16:31:45Z INFO [839/900] 86d6bf09-0482-483d-a0d6-d3f6983daf67: 35 groups; 1.6 s; peak memory 1233 MiB.
2026-10-09T16:31:46Z INFO [840/900] 86d7b3bd-c667-4d3d-bb51-804051517bf3: 33 groups; 1.1 s; peak memory 1233 MiB.
2026-10-09T16:31:48Z INFO [841/900] 86d7d258-aabc-473a-937a-924c84eabee5: 21 groups; 1.2 s; peak memory 1233 MiB.
2026-10-09T16:31:49Z INFO [842/900] 86d83f18-c4a5-44a0-b3fe-20829359b6bb: 32 groups; 1.1 s; peak memory 1233 MiB.
2026-10-09T16:31:50Z INFO [843/900] 86d8e1bc-1336-46c4-bc57-0ee870c62be3: 16 groups; 0.8 s; peak memory 1233 MiB.
2026-10-09T16:31:51Z INFO [844/900] 86d93485-f6d6-4eef-86a2-90c301e0d540: 35 groups; 1.4 s; peak memory 1233 MiB.
2026-10-09T16:31:52Z INFO [845/900] 86d9669f-dd76-41eb-8691-447ca5409573: 16 groups; 0.8 s; peak memory 1233 MiB.
2026-10-09T16:31:53Z INFO [846/900] 86d9c077-4b5f-4709-850d-512e928cb98f: 22 groups; 0.8 s; peak memory 1233 MiB.
2026-10-09T16:31:54Z INFO [847/900] 86db9845-8ee3-4e5d-889d-655b4e1d9846: 30 groups; 2.0 s; peak memory 1233 MiB.
2026-10-09T16:31:56Z INFO [848/900] 86db9e63-51f3-4245-a5bd-fb300cd4bd82: 195 groups; 1.5 s; peak memory 1233 MiB.
2026-10-09T16:31:57Z INFO [849/900] 86dba063-8f16-4af3-aea1-5c7dbf575f69: 32 groups; 0.9 s; peak memory 1233 MiB.
2026-10-09T16:31:59Z INFO [850/900] 86dbb4fe-0052-4a00-a4c6-48365465bd06: 33 groups; 1.8 s; peak memory 1233 MiB.
2026-10-09T16:31:59Z INFO [850/900] 86dbb4fe-0052-4a00-a4c6-48365465bd06: checkpointed 111986 new records.
2026-10-09T16:32:00Z INFO [851/900] 86dbf004-2721-4c1c-8779-c313634019ed: 337 groups; 1.5 s; peak memory 1233 MiB.
2026-10-09T16:32:01Z INFO [852/900] 86dcb3c5-1070-442f-b8ea-46c591f063cb: 30 groups; 0.8 s; peak memory 1233 MiB.
2026-10-09T16:32:03Z INFO [853/900] 86dd12f7-032d-46c2-aeab-989aa75e5768: 47 groups; 2.0 s; peak memory 1233 MiB.
2026-10-09T16:32:05Z INFO [854/900] 86de2ef6-10f5-4590-a81b-c78c3e589a10: 32 groups; 1.3 s; peak memory 1233 MiB.
2026-10-09T16:32:05Z INFO [855/900] 86dee664-fef0-4937-b38e-3f90d198b689: 22 groups; 0.9 s; peak memory 1233 MiB.
2026-10-09T16:32:06Z INFO [856/900] 86df493a-a53f-4d7d-b420-17220ce2c685: 22 groups; 1.0 s; peak memory 1233 MiB.
2026-10-09T16:32:12Z INFO [857/900] 86e1c76f-6987-44fa-9622-9b929ec3408c: 181 groups; 5.3 s; peak memory 1233 MiB.
2026-10-09T16:32:13Z INFO [858/900] 86e275dc-2f6d-4731-9e4d-7882b8eb1f69: 22 groups; 0.9 s; peak memory 1233 MiB.
2026-10-09T16:32:14Z INFO [859/900] 86e3b5c6-765b-4633-8b2a-599fb6ba6216: 199 groups; 1.6 s; peak memory 1233 MiB.
2026-10-09T16:32:54Z INFO [860/900] 86e4b0d6-a3da-4f41-9e2c-e8ce2e1ecca4: 30 groups; 40.0 s; peak memory 1233 MiB.
2026-10-09T16:32:56Z INFO [861/900] 86e4f5e9-2475-4375-8992-f904790fae93: 33 groups; 1.5 s; peak memory 1233 MiB.
2026-10-09T16:32:58Z INFO [862/900] 86e5011f-fc64-4588-a5a8-59e947e5c0d1: 48 groups; 2.6 s; peak memory 1233 MiB.
2026-10-09T16:33:00Z INFO [863/900] 86e503d3-85d8-4228-ba5d-6d000dddfe5f: 32 groups; 1.1 s; peak memory 1233 MiB.
2026-10-09T16:33:05Z INFO [864/900] 86e503db-0489-4d59-933b-0396eec99082: 20 groups; 5.5 s; peak memory 1233 MiB.
2026-10-09T16:33:06Z INFO [865/900] 86e53b0e-9a9e-425b-812b-ba41726beedd: 16 groups; 0.9 s; peak memory 1233 MiB.
2026-10-09T16:35:10Z INFO [866/900] 86e5c383-da84-4ed6-8d11-42e3a7d75c78: 68 groups; 123.7 s; peak memory 1233 MiB.
2026-10-09T16:35:12Z INFO [867/900] 86e5e290-11d4-44aa-855f-28a83fb383c2: 71 groups; 2.3 s; peak memory 1233 MiB.
2026-10-09T16:35:13Z INFO [868/900] 86e5f40f-0f41-40b8-acff-5cd16f51bab0: 253 groups; 1.4 s; peak memory 1233 MiB.
2026-10-09T16:35:15Z INFO [869/900] 86e5f7e5-ace9-4c80-8e1d-5fcf39538a34: 35 groups; 1.3 s; peak memory 1233 MiB.
2026-10-09T16:35:16Z INFO [870/900] 86e64da3-f045-4e9d-8feb-1c68e40430ca: 16 groups; 0.9 s; peak memory 1233 MiB.
2026-10-09T16:35:17Z INFO [871/900] 86e6e925-abab-40c5-9cae-70fe8b256fb0: 22 groups; 0.9 s; peak memory 1233 MiB.
2026-10-09T16:35:18Z INFO [872/900] 86e71438-8922-4378-9382-82e947e27133: 26 groups; 1.8 s; peak memory 1233 MiB.
2026-10-09T16:35:19Z INFO [873/900] 86e77391-c479-4911-ab7e-81887ffe33c0: 30 groups; 0.7 s; peak memory 1233 MiB.
2026-10-09T16:35:20Z INFO [874/900] 86e7bc55-5d5b-4fa2-a506-3e3d9284669f: 25 groups; 1.1 s; peak memory 1233 MiB.
2026-10-09T16:35:21Z INFO [875/900] 86e8e7bd-ee6c-4ae8-b3dc-ddaf138b9eb9: 24 groups; 0.9 s; peak memory 1233 MiB.
2026-10-09T16:35:22Z INFO [876/900] 86e9099c-e726-4255-a715-b57228a8bf20: 36 groups; 1.3 s; peak memory 1233 MiB.
2026-10-09T16:35:24Z INFO [877/900] 86e9e684-b57c-4c33-bd6d-0de559f1ed5e: 32 groups; 1.7 s; peak memory 1233 MiB.
2026-10-09T16:35:32Z INFO [878/900] 86ead751-9263-438e-af9c-f810128ddfb7: 188 groups; 8.1 s; peak memory 1233 MiB.
2026-10-09T16:35:33Z INFO [879/900] 86ebbe63-b61d-4765-a650-62f772faf358: 22 groups; 1.0 s; peak memory 1233 MiB.
2026-10-09T16:35:34Z INFO [880/900] 86ec57ec-b88a-4344-a179-fef2bfcaead7: 108 groups; 1.2 s; peak memory 1233 MiB.
2026-10-09T16:35:35Z INFO [881/900] 86ed49d8-26e7-43dd-93a4-1394e34f181d: 17 groups; 0.8 s; peak memory 1233 MiB.
2026-10-09T16:35:38Z INFO [882/900] 86ef59b0-6257-4927-98ad-23247617f23a: 22 groups; 2.5 s; peak memory 1233 MiB.
2026-10-09T16:35:39Z INFO [883/900] 86f09a20-a273-4f6d-8446-bc5d938422f3: 35 groups; 1.2 s; peak memory 1233 MiB.
2026-10-09T16:35:40Z INFO [884/900] 86f1a06c-75f3-40e6-b087-fdb077ac1cfe: 22 groups; 1.0 s; peak memory 1233 MiB.
2026-10-09T16:35:41Z INFO [885/900] 86f1c12a-508f-46d7-85d4-fdf178bc0b0b: 33 groups; 0.9 s; peak memory 1233 MiB.
2026-10-09T16:35:43Z INFO [886/900] 86f1e2ae-c658-4200-8b4a-b9e4c0f4a003: 52 groups; 2.5 s; peak memory 1233 MiB.
2026-10-09T16:35:44Z INFO [887/900] 86f2383a-267b-4ad3-a6db-f4997ca13d6b: 26 groups; 1.0 s; peak memory 1233 MiB.
2026-10-09T16:35:46Z INFO [888/900] 86f26c5f-3a41-4a68-8a75-dd4d06e37b9b: 200 groups; 1.7 s; peak memory 1233 MiB.
2026-10-09T16:35:47Z INFO [889/900] 86f2a93e-b61f-4448-a1dd-402bdc3602aa: 30 groups; 1.4 s; peak memory 1233 MiB.
2026-10-09T16:35:52Z INFO [890/900] 86f39804-2763-4ea2-9ef8-9e87e3480941: 71 groups; 5.0 s; peak memory 1233 MiB.
2026-10-09T16:35:53Z INFO [891/900] 86f41db8-9bf4-4597-aec2-9a27b0b0ee86: 22 groups; 1.0 s; peak memory 1233 MiB.
2026-10-09T16:35:56Z INFO [892/900] 86f425b2-3407-4dcb-b4c7-cd468e85ea17: 48 groups; 2.5 s; peak memory 1233 MiB.
2026-10-09T16:35:57Z INFO [893/900] 86f4ee3c-caec-4100-a274-4bdb447841ad: 35 groups; 1.3 s; peak memory 1233 MiB.
2026-10-09T16:40:09Z INFO [894/900] 86f5214a-d58f-47dc-b750-747859e95961: 75 groups; 251.5 s; peak memory 1233 MiB.
2026-10-09T16:40:14Z INFO [895/900] 86f53f49-ab1b-4306-81e6-a606bb45fb6a: 20 groups; 4.9 s; peak memory 1233 MiB.
2026-10-09T16:40:19Z INFO [896/900] 86f599e3-643c-4079-b042-9c45391847b5: 78 groups; 5.2 s; peak memory 1233 MiB.
2026-10-09T16:40:21Z INFO [897/900] 86f676c5-7875-4d97-a2ef-4c2650ab1c3f: 33 groups; 1.9 s; peak memory 1233 MiB.
2026-10-09T16:40:30Z INFO [898/900] 86f6e4f5-ef16-45be-9d32-c65803582c9b: 258 groups; 9.2 s; peak memory 1233 MiB.
2026-10-09T16:40:31Z INFO [899/900] 86f76b5c-4b94-4820-b4d2-1afe881762e7: 16 groups; 1.0 s; peak memory 1233 MiB.
2026-10-09T16:40:36Z INFO [900/900] 86f7c592-37d1-4627-b202-a56ee0d3e264: 129 groups; 5.2 s; peak memory 1233 MiB.
2026-10-09T16:40:36Z INFO [900/900] 86f7c592-37d1-4627-b202-a56ee0d3e264: checkpointed 112036 new records.
2026-10-09T16:40:37Z INFO Wrote 112036 records to /tmp/derivatives/valid_nwb_file_to_number_of_groups.jsonl (900 new, 0 failed) in 139.9 min (peak memory 1233 MiB).
