2026-10-09T11:18:05Z INFO Logging to /tmp/logs/update_2026-10-09T11-18-05Z.log.
2026-10-09T11:18:05Z INFO Update valid-nwb-file-to-number-of-groups (base directory /tmp).
2026-10-09T11:18:06Z INFO Processing 900 items (110236 already recorded).
2026-10-09T11:18:07Z INFO [1/900] 8368429c-3f79-432f-bf9c-8f3ac1135409: 33 groups; 1.7 s; peak memory 122 MiB.
2026-10-09T11:18:09Z INFO [2/900] 836a0c1c-d557-406a-bc54-b86d534fd090: 35 groups; 1.8 s; peak memory 125 MiB.
2026-10-09T11:18:16Z INFO [3/900] 836b19ad-4e00-461d-a34c-7feede34960c: 38 groups; 7.0 s; peak memory 133 MiB.
2026-10-09T11:18:18Z INFO [4/900] 836c0faa-6a6f-4b58-a2fd-67e6034e62d1: 28 groups; 1.4 s; peak memory 133 MiB.
2026-10-09T11:18:21Z INFO [5/900] 836c1abf-3a28-4696-9d3a-20a9911aa178: 54 groups; 2.9 s; peak memory 133 MiB.
2026-10-09T11:18:22Z INFO [6/900] 836c3af7-5245-4eb3-8eaf-27947529c2ca: 32 groups; 1.4 s; peak memory 134 MiB.
2026-10-09T11:18:23Z INFO [7/900] 836c886c-a384-4a9f-a29d-fdd1ab98838f: 27 groups; 1.2 s; peak memory 134 MiB.
2026-10-09T11:18:25Z INFO [8/900] 836d4932-29c7-41fb-a7ac-2da4bd5e802e: 22 groups; 1.4 s; peak memory 134 MiB.
2026-10-09T11:18:26Z INFO [9/900] 836d92d5-51ab-4352-9901-5fd52ae9e0df: 16 groups; 1.2 s; peak memory 134 MiB.
2026-10-09T11:18:27Z INFO [10/900] 836d9d96-11eb-4c2b-8250-b11d6c99d41f: 35 groups; 1.4 s; peak memory 134 MiB.
2026-10-09T11:18:28Z INFO [11/900] 836de2ca-bf69-4d50-91c7-7ed5753fe502: 22 groups; 1.4 s; peak memory 134 MiB.
2026-10-09T11:18:30Z INFO [12/900] 836e6603-3345-4994-9706-49c6369a0b02: 29 groups; 1.3 s; peak memory 134 MiB.
2026-10-09T11:18:36Z INFO [13/900] 836ecf57-2ca2-4dbe-aa68-7ad34b90514b: 78 groups; 5.7 s; peak memory 134 MiB.
2026-10-09T11:18:37Z INFO [14/900] 836ed3e8-65e7-40f1-be44-9e2a0fc67330: 17 groups; 1.3 s; peak memory 134 MiB.
2026-10-09T11:18:46Z INFO [15/900] 836f22cd-07aa-41b5-b957-8f17ff8df868: 179 groups; 9.4 s; peak memory 148 MiB.
2026-10-09T11:20:02Z INFO [16/900] 836f4027-ad64-43e0-87c6-c81bfc29877a: 8461 groups; 75.8 s; peak memory 356 MiB.
2026-10-09T11:20:03Z INFO [17/900] 83700f82-9989-4cc9-af62-696fcf005186: 31 groups; 1.3 s; peak memory 356 MiB.
2026-10-09T11:20:07Z INFO [18/900] 8370a5e6-33b2-49ee-9d31-0ba690a040cd: 48 groups; 3.2 s; peak memory 356 MiB.
2026-10-09T11:20:09Z INFO [19/900] 8370d58b-11d4-4d48-9798-d96936baf629: 200 groups; 2.2 s; peak memory 356 MiB.
2026-10-09T11:20:10Z INFO [20/900] 8370e40a-c6a0-432a-aa42-237907a1b41d: 22 groups; 1.2 s; peak memory 356 MiB.
2026-10-09T11:20:11Z INFO [21/900] 83719d2f-49fc-4038-83db-754c0bf8980e: 22 groups; 1.4 s; peak memory 356 MiB.
2026-10-09T11:20:12Z INFO [22/900] 83723353-4afe-4206-b411-7e564c52d454: 31 groups; 1.1 s; peak memory 356 MiB.
2026-10-09T11:20:14Z INFO [23/900] 837238e6-2ddc-48cd-86ba-bc1dc72be4bf: 32 groups; 1.7 s; peak memory 356 MiB.
2026-10-09T11:20:16Z INFO [24/900] 8372f00f-8ada-42de-b30c-b875db4cd717: 22 groups; 1.4 s; peak memory 356 MiB.
2026-10-09T11:20:17Z INFO [25/900] 83738c3b-6aa8-40bf-88dd-d6bd99888f35: 36 groups; 1.9 s; peak memory 356 MiB.
2026-10-09T11:20:19Z INFO [26/900] 8374fa48-be07-404d-a1ed-dee32ba6b801: 30 groups; 1.2 s; peak memory 356 MiB.
2026-10-09T11:20:20Z INFO [27/900] 837549ef-37cb-4ca1-b0b5-f48aadc5d02c: 26 groups; 1.1 s; peak memory 356 MiB.
2026-10-09T11:20:24Z INFO [28/900] 837659c0-e2f8-41a9-b670-664cce513ea4: 34 groups; 4.0 s; peak memory 356 MiB.
2026-10-09T11:20:25Z INFO [29/900] 8376e8fa-ad58-4cb3-9ba7-f65adcb971e8: 23 groups; 1.3 s; peak memory 356 MiB.
2026-10-09T11:20:28Z INFO [30/900] 8377734f-601b-4721-8ef2-bd780785bc7a: 46 groups; 3.3 s; peak memory 356 MiB.
2026-10-09T11:20:35Z INFO [31/900] 83782cd8-fd29-48c4-a482-63944c421f56: 47 groups; 6.7 s; peak memory 356 MiB.
2026-10-09T11:20:36Z INFO [32/900] 8378757b-0229-4c9d-b2a7-aa4b57c072c3: 17 groups; 1.1 s; peak memory 356 MiB.
2026-10-09T11:20:38Z INFO [33/900] 8378abec-dc1c-4da2-9862-94e62964b3ea: 32 groups; 1.6 s; peak memory 356 MiB.
2026-10-09T11:20:39Z INFO [34/900] 8378ffb6-9e96-4924-b480-bf91a89f28d1: 33 groups; 1.7 s; peak memory 356 MiB.
2026-10-09T11:20:41Z INFO [35/900] 8379ebbd-05a3-49a3-97e3-5801a8ee487e: 27 groups; 1.9 s; peak memory 356 MiB.
2026-10-09T11:20:43Z INFO [36/900] 837a3572-32e3-4afc-8e69-e7bd1c22aabe: 24 groups; 1.4 s; peak memory 356 MiB.
2026-10-09T11:22:43Z INFO [37/900] 837b5fec-4643-478b-9924-a60b8d1dcbbf: 12806 groups; 120.2 s; peak memory 790 MiB.
2026-10-09T11:22:45Z INFO [38/900] 837c38ce-0fb6-4ed9-b333-ebd4353e90c6: 24 groups; 2.0 s; peak memory 790 MiB.
2026-10-09T11:22:46Z INFO [39/900] 837ce2c7-a976-41eb-b9df-00ec987d1ff9: 16 groups; 1.3 s; peak memory 790 MiB.
2026-10-09T11:22:49Z INFO [40/900] 837e3688-250c-4335-9a1f-477c6cb8b168: 35 groups; 2.8 s; peak memory 790 MiB.
2026-10-09T11:22:50Z INFO [41/900] 837e760e-1f6f-4fc1-9a89-e20187ee25c7: 22 groups; 1.4 s; peak memory 790 MiB.
2026-10-09T11:22:52Z INFO [42/900] 8380856a-32a6-4d3a-9b30-690e278add44: 20 groups; 1.3 s; peak memory 790 MiB.
2026-10-09T11:22:53Z INFO [43/900] 83817473-f871-4fe3-987e-1773df69882b: 19 groups; 1.5 s; peak memory 790 MiB.
2026-10-09T11:22:55Z INFO [44/900] 83817a22-47aa-41d6-9a11-e8062580689f: 32 groups; 2.0 s; peak memory 790 MiB.
2026-10-09T11:22:58Z INFO [45/900] 83817c9c-92f8-45e5-ab9d-44c3deb3c79d: 22 groups; 2.6 s; peak memory 790 MiB.
2026-10-09T11:22:59Z INFO [46/900] 8381df25-c159-49cd-bc9c-1863c17f3a62: 252 groups; 1.6 s; peak memory 790 MiB.
2026-10-09T11:23:01Z INFO [47/900] 8382efb2-4c6a-43bb-8ecc-9775b669bd38: 32 groups; 1.5 s; peak memory 790 MiB.
2026-10-09T11:23:04Z INFO [48/900] 838320e8-63e0-44ce-990a-1015b7b15ada: 336 groups; 3.6 s; peak memory 790 MiB.
2026-10-09T11:23:06Z INFO [49/900] 83844485-61b8-45c8-8725-4dbe38c60f4b: 32 groups; 1.6 s; peak memory 790 MiB.
2026-10-09T11:23:08Z INFO [50/900] 838491a5-72e6-4eee-986f-43de564823d5: 48 groups; 2.3 s; peak memory 790 MiB.
2026-10-09T11:23:08Z INFO [50/900] 838491a5-72e6-4eee-986f-43de564823d5: checkpointed 110286 new records.
2026-10-09T11:23:12Z INFO [51/900] 83867bb7-3c7c-445f-a7f2-66de975da06c: 50 groups; 3.8 s; peak memory 790 MiB.
2026-10-09T11:23:14Z INFO [52/900] 838712be-02d1-426b-9846-58b530ac380d: 35 groups; 2.1 s; peak memory 790 MiB.
2026-10-09T11:23:16Z INFO [53/900] 83872787-7d76-4272-b941-662f7df7364e: 22 groups; 1.3 s; peak memory 790 MiB.
2026-10-09T11:23:17Z INFO [54/900] 838764f6-5f4d-437a-aabd-812d02740bab: 22 groups; 1.3 s; peak memory 790 MiB.
2026-10-09T11:23:18Z INFO [55/900] 8387a0d7-eada-47ea-b033-570e0239dc42: 25 groups; 1.5 s; peak memory 790 MiB.
2026-10-09T11:23:20Z INFO [56/900] 838ac59a-2ff9-4c4e-b7aa-a3c98716d75b: 35 groups; 1.7 s; peak memory 790 MiB.
2026-10-09T11:23:22Z INFO [57/900] 838b2ad0-7b5c-4540-96c2-c8780a43b397: 22 groups; 1.3 s; peak memory 790 MiB.
2026-10-09T11:23:27Z INFO [58/900] 838bb06c-c3ff-43a9-a635-f47385f2a5d9: 78 groups; 5.8 s; peak memory 790 MiB.
2026-10-09T11:23:29Z INFO [59/900] 838bcf4e-2cc7-46b3-a995-4e290e56c530: 29 groups; 1.6 s; peak memory 790 MiB.
2026-10-09T11:23:30Z INFO [60/900] 838c9aa8-2316-4b03-abf8-994c5886b2d3: 30 groups; 1.1 s; peak memory 790 MiB.
2026-10-09T11:23:31Z INFO [61/900] 838cfcd0-9f1f-43ed-9c24-18b3b4f876d8: 22 groups; 1.4 s; peak memory 790 MiB.
2026-10-09T11:23:33Z INFO [62/900] 838df486-51d5-4c43-ad5c-c5386334358f: 32 groups; 1.6 s; peak memory 790 MiB.
2026-10-09T11:23:35Z INFO [63/900] 838e1219-5c85-4ee2-a1f2-119b6297ff21: 202 groups; 1.8 s; peak memory 790 MiB.
2026-10-09T11:23:36Z INFO [64/900] 838eb074-0973-4686-b91e-ad76920c6e22: 16 groups; 1.0 s; peak memory 790 MiB.
2026-10-09T11:23:37Z INFO [65/900] 838edf42-e73a-4848-8c67-ef5d7d04e03d: 41 groups; 1.4 s; peak memory 790 MiB.
2026-10-09T11:23:39Z INFO [66/900] 838ff0ce-3ed1-4f61-ac2a-5b33a38aa545: 32 groups; 1.8 s; peak memory 790 MiB.
2026-10-09T11:23:40Z INFO [67/900] 83933ce0-299c-450a-93a3-a33a5f5fe2c7: 22 groups; 1.2 s; peak memory 790 MiB.
2026-10-09T11:23:42Z INFO [68/900] 8393e5e3-a3f9-490c-84de-c9e08b6e245f: 28 groups; 1.6 s; peak memory 790 MiB.
2026-10-09T11:23:43Z INFO [69/900] 8393f913-123c-401f-ad54-70a23dcda9ee: 22 groups; 1.3 s; peak memory 790 MiB.
2026-10-09T11:23:45Z INFO [70/900] 8394a71a-74f0-4ff4-b3b8-3d8916816f82: 195 groups; 1.9 s; peak memory 790 MiB.
2026-10-09T11:23:55Z INFO [71/900] 8395d4c1-2e55-4c2c-904b-1dbc1aaf0c23: 50 groups; 10.3 s; peak memory 790 MiB.
2026-10-09T11:23:57Z INFO [72/900] 8395e286-99ae-412a-8c5f-b1a0abd5914d: 32 groups; 1.7 s; peak memory 790 MiB.
2026-10-09T11:23:58Z INFO [73/900] 8396403b-1177-4a32-9a25-2f9f8fcc34b3: 22 groups; 1.3 s; peak memory 790 MiB.
2026-10-09T11:24:00Z INFO [74/900] 839664b8-5c7d-4aaf-a0df-efbdb69638a7: 30 groups; 1.5 s; peak memory 790 MiB.
2026-10-09T11:24:01Z INFO [75/900] 8396f272-c4ce-4a96-a685-6364b9d3d11d: 16 groups; 1.1 s; peak memory 790 MiB.
2026-10-09T11:24:02Z INFO [76/900] 839735dc-0d16-4320-abfd-ea743eab66f7: 21 groups; 1.6 s; peak memory 790 MiB.
2026-10-09T11:24:06Z INFO [77/900] 83978d44-b6c2-4500-ba20-12f2fa0784e1: 48 groups; 3.1 s; peak memory 790 MiB.
2026-10-09T11:24:07Z INFO [78/900] 839828cb-2ab6-4efd-9c11-360ca899284c: 103 groups; 1.7 s; peak memory 790 MiB.
2026-10-09T11:24:09Z INFO [79/900] 83985a40-87dc-49f4-8de9-924027711d41: 32 groups; 1.5 s; peak memory 790 MiB.
2026-10-09T11:24:10Z INFO [80/900] 839a1c75-6722-412b-8b7d-20cfb763d18b: 16 groups; 1.0 s; peak memory 790 MiB.
2026-10-09T11:24:11Z INFO [81/900] 839ae51e-4029-40a2-b67c-ab87a0f56a50: 22 groups; 1.4 s; peak memory 790 MiB.
2026-10-09T11:24:13Z INFO [82/900] 839b39f7-677c-432d-80a6-8e0064b0e2c8: 35 groups; 1.7 s; peak memory 790 MiB.
2026-10-09T11:24:15Z INFO [83/900] 839c3f95-99b9-42dc-9177-dc76a477acd0: 59 groups; 2.3 s; peak memory 790 MiB.
2026-10-09T11:24:17Z INFO [84/900] 839c9d6c-ede7-4a66-b80d-8062875be43d: 22 groups; 1.3 s; peak memory 790 MiB.
2026-10-09T11:24:18Z INFO [85/900] 839cc87b-c0ec-418c-982f-8ef439714393: 24 groups; 1.2 s; peak memory 790 MiB.
2026-10-09T11:24:19Z INFO [86/900] 839cd7f1-8ebf-47d7-a6b3-86873d9779c1: 30 groups; 1.1 s; peak memory 790 MiB.
2026-10-09T11:24:22Z INFO [87/900] 839d075a-63e3-454d-9178-ddb877d80c87: 47 groups; 3.3 s; peak memory 790 MiB.
2026-10-09T11:24:23Z INFO [88/900] 839d5e0d-93e8-497d-be02-30181aa7ce8d: 16 groups; 1.0 s; peak memory 790 MiB.
2026-10-09T11:24:26Z INFO [89/900] 839d86fc-7cdd-47d7-9e8f-e00ae2511c4e: 17 groups; 2.8 s; peak memory 790 MiB.
2026-10-09T11:24:28Z INFO [90/900] 839e3f5e-638e-4e6b-9f4f-1aa7279e7b46: 35 groups; 2.1 s; peak memory 790 MiB.
2026-10-09T11:24:29Z INFO [91/900] 839f5cd5-e552-43a7-a0d4-7655d5bbe299: 25 groups; 1.2 s; peak memory 790 MiB.
2026-10-09T11:24:31Z INFO [92/900] 839fa95a-2a0e-46e4-9474-17c522251fa1: 25 groups; 1.5 s; peak memory 790 MiB.
2026-10-09T11:24:40Z INFO [93/900] 839fecb1-ff86-4b29-be87-e01130347dda: 160 groups; 9.8 s; peak memory 790 MiB.
2026-10-09T11:24:52Z INFO [94/900] 83a16bcf-7ea0-4d30-8979-39e7249db512: 185 groups; 11.6 s; peak memory 790 MiB.
2026-10-09T11:24:54Z INFO [95/900] 83a20acd-ef6b-487d-bfaf-8f3cdae8fd6f: 337 groups; 2.1 s; peak memory 790 MiB.
2026-10-09T11:24:55Z INFO [96/900] 83a378f2-16a5-4cfe-b0c2-7d2c22e61c20: 26 groups; 1.0 s; peak memory 790 MiB.
2026-10-09T11:24:58Z INFO [97/900] 83a3898f-0911-43b7-9b33-6bb0f284dfec: 35 groups; 2.7 s; peak memory 790 MiB.
2026-10-09T11:25:00Z INFO [98/900] 83a3e1f2-2be6-4060-907a-98bf1db2ef0d: 48 groups; 2.5 s; peak memory 790 MiB.
2026-10-09T11:25:03Z INFO [99/900] 83a3f569-d377-4e7d-8ff0-39461e42b285: 20 groups; 2.2 s; peak memory 790 MiB.
2026-10-09T11:25:04Z INFO [100/900] 83a40b0d-c1a7-4966-9f78-578fe25cc31f: 25 groups; 1.6 s; peak memory 790 MiB.
2026-10-09T11:25:04Z INFO [100/900] 83a40b0d-c1a7-4966-9f78-578fe25cc31f: checkpointed 110336 new records.
2026-10-09T11:25:06Z INFO [101/900] 83a41b55-0716-4144-96ee-587c3e3d5ef7: 22 groups; 1.3 s; peak memory 790 MiB.
2026-10-09T11:25:07Z INFO [102/900] 83a4b3c4-84a5-4bff-bd39-46160bcf2e2e: 31 groups; 1.4 s; peak memory 790 MiB.
2026-10-09T11:25:10Z INFO [103/900] 83a6177b-7038-427f-b149-772181def134: 48 groups; 3.1 s; peak memory 790 MiB.
2026-10-09T11:25:12Z INFO [104/900] 83a621b4-e4f1-41d6-8234-1f3c837a6b4c: 25 groups; 1.6 s; peak memory 790 MiB.
2026-10-09T11:25:31Z INFO [105/900] 83a64210-d477-4ac1-8bdd-25c9c3f50650: 315 groups; 19.2 s; peak memory 790 MiB.
2026-10-09T11:25:32Z INFO [106/900] 83a6aff1-45ca-4f0d-b95e-d06cea6c499e: 18 groups; 1.2 s; peak memory 790 MiB.
2026-10-09T11:25:34Z INFO [107/900] 83a7692d-5675-4242-a5c8-cd594e08a4f1: 22 groups; 1.4 s; peak memory 790 MiB.
2026-10-09T11:25:35Z INFO [108/900] 83a8d91f-d23a-41c1-a85c-eb6ae3f4dcac: 33 groups; 1.6 s; peak memory 790 MiB.
2026-10-09T11:25:42Z INFO [109/900] 83a8e944-c8af-40d1-9ec7-98771d08beed: 124 groups; 6.6 s; peak memory 790 MiB.
2026-10-09T11:25:51Z INFO [110/900] 83ab0581-da48-4992-bb27-f377996e8092: 50 groups; 8.9 s; peak memory 790 MiB.
2026-10-09T11:25:52Z INFO [111/900] 83ac6454-6761-4153-94fd-703ea5a13082: 32 groups; 1.6 s; peak memory 790 MiB.
2026-10-09T11:26:10Z INFO [112/900] 83aca050-598b-431d-b646-9ada5ae37c0a: 194 groups; 18.1 s; peak memory 790 MiB.
2026-10-09T11:26:12Z INFO [113/900] 83ad133c-74b4-40b1-a15c-7ef84a33ad70: 206 groups; 1.9 s; peak memory 790 MiB.
2026-10-09T11:26:14Z INFO [114/900] 83ad3b34-4bee-404c-bbde-b613d1ed1857: 22 groups; 1.4 s; peak memory 790 MiB.
2026-10-09T11:26:16Z INFO [115/900] 83ad5bae-3438-4311-8cc3-4a6414f820b8: 48 groups; 2.3 s; peak memory 790 MiB.
2026-10-09T11:26:18Z INFO [116/900] 83ada8e9-a50f-473d-aab3-f43889ecdded: 32 groups; 1.6 s; peak memory 790 MiB.
2026-10-09T11:26:19Z INFO [117/900] 83addca6-ea69-42cf-811e-7185f96fa21e: 252 groups; 1.6 s; peak memory 790 MiB.
2026-10-09T11:26:21Z INFO [118/900] 83ae5f3b-a1fc-4b51-8c06-1a0f732c8b1a: 254 groups; 1.8 s; peak memory 790 MiB.
2026-10-09T11:26:29Z INFO [119/900] 83aebcb2-0747-4363-8d61-69f2d5a0c2ef: 137 groups; 8.1 s; peak memory 790 MiB.
2026-10-09T11:26:44Z INFO [120/900] 83af579e-df87-403e-b97a-4a6d221a4711: 33 groups; 15.1 s; peak memory 790 MiB.
2026-10-09T11:26:45Z INFO [121/900] 83afcab1-50fe-4424-bea5-c9a15403ab4c: 16 groups; 1.1 s; peak memory 790 MiB.
2026-10-09T11:26:47Z INFO [122/900] 83b01e02-5e14-4d0d-89ad-1060b2aca046: 33 groups; 1.5 s; peak memory 790 MiB.
2026-10-09T11:26:49Z INFO [123/900] 83b0284e-7a63-4ae7-96f4-97496908b5d1: 203 groups; 2.0 s; peak memory 790 MiB.
2026-10-09T11:27:06Z INFO [124/900] 83b02d7e-3863-4dc1-a59a-d7d7e43591d7: 27 groups; 17.4 s; peak memory 790 MiB.
2026-10-09T11:27:08Z INFO [125/900] 83b16bfd-0ae3-4f88-a813-0513a0647086: 32 groups; 1.9 s; peak memory 790 MiB.
2026-10-09T11:27:13Z INFO [126/900] 83b16d08-69b7-4534-80a2-ad12e65db589: 87 groups; 4.6 s; peak memory 790 MiB.
2026-10-09T11:27:21Z INFO [127/900] 83b211c8-9a3e-40b3-b37c-44d1e630d00b: 67 groups; 8.1 s; peak memory 790 MiB.
2026-10-09T11:27:24Z INFO [128/900] 83b2a070-e561-4682-abb8-8462f067e5ff: 46 groups; 3.2 s; peak memory 790 MiB.
2026-10-09T11:27:25Z INFO [129/900] 83b2a557-baba-44cb-8d98-7e254c510c02: 30 groups; 1.2 s; peak memory 790 MiB.
2026-10-09T11:27:27Z INFO [130/900] 83b33c80-924d-45ee-8774-4fa85549e91a: 22 groups; 1.4 s; peak memory 790 MiB.
2026-10-09T11:27:37Z INFO [131/900] 83b3a736-5bb1-44df-ab34-3d6afb13366c: 112 groups; 9.9 s; peak memory 790 MiB.
2026-10-09T11:27:38Z INFO [132/900] 83b3c95a-814c-44c1-bfa7-e0b940e1259a: 28 groups; 1.2 s; peak memory 790 MiB.
2026-10-09T11:27:40Z INFO [133/900] 83b41957-2af9-4713-be0a-54984b18b545: 35 groups; 2.0 s; peak memory 790 MiB.
2026-10-09T11:27:42Z INFO [134/900] 83b48263-b200-40a9-87c2-1c9ce0651ec1: 35 groups; 2.0 s; peak memory 790 MiB.
2026-10-09T11:27:45Z INFO [135/900] 83b4de6b-c518-4bc3-a662-80f7932a29a3: 17 groups; 2.9 s; peak memory 790 MiB.
2026-10-09T11:27:56Z INFO [136/900] 83b574d7-848e-410b-ae1e-eebdf3759991: 56 groups; 11.3 s; peak memory 790 MiB.
2026-10-09T11:27:58Z INFO [137/900] 83b5be45-a41f-49f7-8a1d-7a4b58805aa8: 99 groups; 1.7 s; peak memory 790 MiB.
2026-10-09T11:27:59Z INFO [138/900] 83b5f60c-6aa6-40ed-a0f3-edde913d51c7: 22 groups; 1.3 s; peak memory 790 MiB.
2026-10-09T11:40:48Z INFO [139/900] 83b64d1d-8766-4041-9011-352cf4c5ab12: 390 groups; 769.0 s; peak memory 960 MiB.
2026-10-09T11:40:51Z INFO [140/900] 83b6feda-53c0-49be-a401-be6bfe9a9633: 71 groups; 3.4 s; peak memory 960 MiB.
2026-10-09T11:40:53Z INFO [141/900] 83b7e3d4-1f62-4525-bbcc-90848e5c4984: 22 groups; 1.4 s; peak memory 960 MiB.
2026-10-09T11:40:55Z INFO [142/900] 83b8069d-8e0e-4004-9cff-d2e06ffe3566: 35 groups; 2.2 s; peak memory 960 MiB.
2026-10-09T11:40:57Z INFO [143/900] 83b8292c-0f6b-448d-ad4c-8f9c3bed96bc: 23 groups; 1.7 s; peak memory 960 MiB.
2026-10-09T11:40:58Z INFO [144/900] 83b97bd6-1948-4172-80ef-caa1f4d220a5: 17 groups; 1.1 s; peak memory 960 MiB.
2026-10-09T11:41:00Z INFO [145/900] 83b9a363-25dd-4e0c-aeed-ea707a998d88: 35 groups; 2.2 s; peak memory 960 MiB.
2026-10-09T11:41:02Z INFO [146/900] 83baf10f-1e89-438a-ab4e-1963903e730d: 32 groups; 1.8 s; peak memory 960 MiB.
2026-10-09T11:41:03Z INFO [147/900] 83bde262-6c5c-436c-8792-da0a7a8fc41e: 19 groups; 1.4 s; peak memory 960 MiB.
2026-10-09T11:41:09Z INFO [148/900] 83bed013-b91e-4368-9307-274387fdf127: 126 groups; 5.6 s; peak memory 960 MiB.
2026-10-09T11:41:35Z INFO [149/900] 83bf80fc-7d3e-4b2f-8b3c-2422aab2dc4b: 516 groups; 25.8 s; peak memory 960 MiB.
2026-10-09T11:41:39Z INFO [150/900] 83bfc28f-9e9e-4fcd-8a96-5bde51389a58: 50 groups; 4.0 s; peak memory 960 MiB.
2026-10-09T11:41:39Z INFO [150/900] 83bfc28f-9e9e-4fcd-8a96-5bde51389a58: checkpointed 110386 new records.
2026-10-09T11:41:40Z INFO [151/900] 83bfc764-c4d7-4d8a-8e5e-0d61421f91e1: 16 groups; 1.1 s; peak memory 960 MiB.
2026-10-09T11:41:44Z INFO [152/900] 83bfecda-d898-4413-944c-485b4a626f03: 30 groups; 4.2 s; peak memory 960 MiB.
2026-10-09T11:41:47Z INFO [153/900] 83c139d9-c677-49e9-870b-1b5dd3d8c159: 573 groups; 2.7 s; peak memory 960 MiB.
2026-10-09T11:41:53Z INFO [154/900] 83c1ade1-1f75-438d-9fdf-7141126e6ea8: 71 groups; 6.2 s; peak memory 960 MiB.
2026-10-09T11:41:55Z INFO [155/900] 83c27af5-e10f-42fd-8e0d-4e97fb7805ea: 201 groups; 1.9 s; peak memory 960 MiB.
2026-10-09T11:42:01Z INFO [156/900] 83c2ce4f-d223-4700-90d4-6fdf3eedc5e3: 78 groups; 5.9 s; peak memory 960 MiB.
2026-10-09T11:42:03Z INFO [157/900] 83c3259b-f9cb-46ed-817a-2f09537d0b8f: 34 groups; 1.8 s; peak memory 960 MiB.
2026-10-09T11:42:04Z INFO [158/900] 83c3da9c-bff9-41b5-bad6-417235c1f924: 35 groups; 1.8 s; peak memory 960 MiB.
2026-10-09T11:42:06Z INFO [159/900] 83c3ebbd-ec02-4425-9123-2a18cc34a74f: 17 groups; 1.3 s; peak memory 960 MiB.
2026-10-09T11:42:08Z INFO [160/900] 83c3ec23-c568-40e5-a177-72b654093252: 337 groups; 2.2 s; peak memory 960 MiB.
2026-10-09T11:42:10Z INFO [161/900] 83c4cd22-ab03-48e3-8a92-127c920b3f07: 42 groups; 1.8 s; peak memory 960 MiB.
2026-10-09T11:42:12Z INFO [162/900] 83c5351f-1a20-4fe0-bce8-e92789106750: 200 groups; 2.4 s; peak memory 960 MiB.
2026-10-09T11:42:13Z INFO [163/900] 83c570b9-e4da-45e7-bb4d-2ef3bf54d1af: 22 groups; 1.3 s; peak memory 960 MiB.
2026-10-09T11:42:15Z INFO [164/900] 83c58a65-43c5-45cd-b74a-7ca0ee783614: 201 groups; 1.9 s; peak memory 960 MiB.
2026-10-09T11:42:17Z INFO [165/900] 83c61407-f9cc-443d-b236-220d6f168df4: 32 groups; 1.5 s; peak memory 960 MiB.
2026-10-09T11:42:18Z INFO [166/900] 83c64128-9f3e-410d-aab4-c2288b2ef27e: 28 groups; 1.2 s; peak memory 960 MiB.
2026-10-09T11:42:22Z INFO [167/900] 83c64aaf-3555-428d-ac06-41764e0a3c92: 50 groups; 3.9 s; peak memory 960 MiB.
2026-10-09T11:42:23Z INFO [168/900] 83c6b944-fac8-4d00-9ace-dfbafa354bb3: 16 groups; 1.0 s; peak memory 960 MiB.
2026-10-09T11:42:25Z INFO [169/900] 83c6f5e4-c927-4c4b-a333-a6779cb4db8a: 203 groups; 2.0 s; peak memory 960 MiB.
2026-10-09T11:42:38Z INFO [170/900] 83c71490-c580-447f-97b7-6af5a5960024: 212 groups; 13.4 s; peak memory 960 MiB.
2026-10-09T11:42:41Z INFO [171/900] 83c736a1-5b15-4ba2-9b47-c4947fec51cb: 35 groups; 2.3 s; peak memory 960 MiB.
2026-10-09T11:42:42Z INFO [172/900] 83c74674-a31e-412c-9e5e-a18915b91447: 32 groups; 1.6 s; peak memory 960 MiB.
2026-10-09T11:42:43Z INFO [173/900] 83c752ce-7ea0-4d22-84dc-b96aeed9e752: 22 groups; 1.2 s; peak memory 960 MiB.
2026-10-09T11:42:46Z INFO [174/900] 83c78dea-5557-4c7d-9b88-45e179c7e86e: 197 groups; 2.3 s; peak memory 960 MiB.
2026-10-09T11:42:48Z INFO [175/900] 83c7d9d2-8e4c-4dcf-adea-a968eda0389b: 41 groups; 1.9 s; peak memory 960 MiB.
2026-10-09T11:47:18Z INFO [176/900] 83c87a5d-b764-47a9-9ff1-819b205ee036: 394 groups; 270.3 s; peak memory 960 MiB.
2026-10-09T11:47:23Z INFO [177/900] 83c8afec-efb8-467d-8434-ab3010ba2d0d: 60 groups; 5.1 s; peak memory 960 MiB.
2026-10-09T11:47:25Z INFO [178/900] 83c8bcca-8f18-444b-8220-81765610d154: 22 groups; 1.5 s; peak memory 960 MiB.
2026-10-09T11:47:28Z INFO [179/900] 83ca437d-5347-4606-a0b3-d1923cacfcb1: 48 groups; 3.4 s; peak memory 960 MiB.
2026-10-09T11:47:29Z INFO [180/900] 83cbfb55-6e97-481c-8742-2fba662de0d1: 16 groups; 1.1 s; peak memory 960 MiB.
2026-10-09T11:47:31Z INFO [181/900] 83cc1d4b-76a2-4e82-808d-bb93e5ac02f0: 22 groups; 1.4 s; peak memory 960 MiB.
2026-10-09T11:47:32Z INFO [182/900] 83ccc077-fad2-4ca6-9711-5ae739b19205: 32 groups; 1.7 s; peak memory 960 MiB.
2026-10-09T11:47:34Z INFO [183/900] 83cd0bcd-1a6a-4226-8335-5b0e155c7a13: 22 groups; 1.3 s; peak memory 960 MiB.
2026-10-09T11:47:36Z INFO [184/900] 83cd1301-98e6-4db7-b226-e87ee7d4b383: 35 groups; 2.0 s; peak memory 960 MiB.
2026-10-09T11:47:38Z INFO [185/900] 83cd3093-96e0-489d-8b7b-493c093ce34d: 33 groups; 1.9 s; peak memory 960 MiB.
2026-10-09T11:47:39Z INFO [186/900] 83cd4817-f1bf-40ca-a18e-9a3561a6ae98: 28 groups; 1.5 s; peak memory 960 MiB.
2026-10-09T11:47:42Z INFO [187/900] 83cd6fbc-c533-4229-abaf-78d159dd7e7f: 33 groups; 2.7 s; peak memory 960 MiB.
2026-10-09T11:47:43Z INFO [188/900] 83cef2a8-1f80-44cd-a24c-e1f182ab228f: 32 groups; 1.7 s; peak memory 960 MiB.
2026-10-09T11:47:45Z INFO [189/900] 83cf1e35-fccd-4d39-856e-ca220358a1f1: 25 groups; 1.5 s; peak memory 960 MiB.
2026-10-09T11:47:46Z INFO [190/900] 83cfb266-2a06-4290-883c-83b4a4e4bd00: 28 groups; 1.3 s; peak memory 960 MiB.
2026-10-09T11:47:48Z INFO [191/900] 83d0378e-5e46-4d6c-9971-bb4d4564b6f3: 33 groups; 1.8 s; peak memory 960 MiB.
2026-10-09T11:47:49Z INFO [192/900] 83d06b3b-d70f-44a1-9180-74007c5c2acd: 22 groups; 1.3 s; peak memory 960 MiB.
2026-10-09T11:47:51Z INFO [193/900] 83d1438c-8d40-4550-8513-0b6af1957743: 29 groups; 2.0 s; peak memory 960 MiB.
2026-10-09T11:47:53Z INFO [194/900] 83d18684-f6be-4764-be3b-31cc795596e5: 35 groups; 1.6 s; peak memory 960 MiB.
2026-10-09T11:47:54Z INFO [195/900] 83d23696-63a1-4b76-a17e-c284069bd297: 22 groups; 1.5 s; peak memory 960 MiB.
2026-10-09T11:47:56Z INFO [196/900] 83d2d167-d02e-4c56-ba97-84d9e129e105: 35 groups; 1.7 s; peak memory 960 MiB.
2026-10-09T11:47:58Z INFO [197/900] 83d43fbe-5bb1-4aee-bcd0-dbf9e75d58f6: 206 groups; 2.1 s; peak memory 960 MiB.
2026-10-09T11:48:00Z INFO [198/900] 83d48307-8f17-43ab-8930-7380c78f9568: 22 groups; 1.5 s; peak memory 960 MiB.
2026-10-09T11:48:04Z INFO [199/900] 83d58c07-2efa-4f95-9def-1f477e3d0a62: 50 groups; 3.8 s; peak memory 960 MiB.
2026-10-09T11:48:06Z INFO [200/900] 83d5a154-1e9c-4b3c-8c3d-5eb42d48d7a9: 65 groups; 2.6 s; peak memory 960 MiB.
2026-10-09T11:48:06Z INFO [200/900] 83d5a154-1e9c-4b3c-8c3d-5eb42d48d7a9: checkpointed 110436 new records.
2026-10-09T11:48:08Z INFO [201/900] 83d5cbb6-93a3-40b7-99f2-e53f4f57760d: 201 groups; 2.0 s; peak memory 960 MiB.
2026-10-09T11:48:10Z INFO [202/900] 83d643bf-794a-46bd-981f-70c4395c328e: 33 groups; 2.2 s; peak memory 960 MiB.
2026-10-09T11:48:26Z INFO [203/900] 83d668bb-6dcb-4dcd-82f1-fe7072f94590: 22 groups; 15.4 s; peak memory 960 MiB.
2026-10-09T11:48:28Z INFO [204/900] 83d67c08-19da-4a37-b4ff-4f70a8ded511: 341 groups; 2.6 s; peak memory 960 MiB.
2026-10-09T11:48:30Z INFO [205/900] 83d6b481-dfcd-4fcb-bc76-bcc8461abc42: 56 groups; 1.8 s; peak memory 960 MiB.
2026-10-09T11:48:32Z INFO [206/900] 83d6b699-9035-4649-9e52-d39c975848cb: 36 groups; 1.6 s; peak memory 960 MiB.
2026-10-09T11:48:35Z INFO [207/900] 83d78815-f4c5-43f1-90fa-1992fd83ce01: 46 groups; 3.2 s; peak memory 960 MiB.
2026-10-09T11:48:39Z INFO [208/900] 83d7c73d-5b6e-4ad1-9864-37ba10d71f44: 49 groups; 3.7 s; peak memory 960 MiB.
2026-10-09T11:48:40Z INFO [209/900] 83da6418-62c2-4dbd-b786-bc8e906cfde1: 32 groups; 1.6 s; peak memory 960 MiB.
2026-10-09T11:48:41Z INFO [210/900] 83dacb01-f8ec-4b63-bb0f-4aaa6f5dcd3b: 26 groups; 1.1 s; peak memory 960 MiB.
2026-10-09T11:48:49Z INFO [211/900] 83db10cd-416a-4488-b8d0-74a432fe583d: 120 groups; 7.9 s; peak memory 960 MiB.
2026-10-09T11:48:51Z INFO [212/900] 83db6152-6655-4d45-a7cf-bce115118e8f: 16 groups; 1.3 s; peak memory 960 MiB.
2026-10-09T11:48:52Z INFO [213/900] 83dc62b4-b190-47b5-92ff-2e03543d6499: 27 groups; 1.1 s; peak memory 960 MiB.
2026-10-09T11:48:53Z INFO [214/900] 83dcadf4-f8c8-4668-99e8-234fb1515765: 32 groups; 1.5 s; peak memory 960 MiB.
2026-10-09T11:48:55Z INFO [215/900] 83dd4990-d469-48d2-b87e-66f08d227a5f: 251 groups; 1.4 s; peak memory 960 MiB.
2026-10-09T11:48:56Z INFO [216/900] 83ddb002-0bc2-4795-85bf-3d05cd2489fe: 19 groups; 1.2 s; peak memory 960 MiB.
2026-10-09T11:49:04Z INFO [217/900] 83dedd3d-bafa-4fad-81d8-e43c332dcfa0: 124 groups; 7.9 s; peak memory 960 MiB.
2026-10-09T11:49:06Z INFO [218/900] 83dee111-fc2d-4a39-9478-b49e224e963a: 30 groups; 1.7 s; peak memory 960 MiB.
2026-10-09T11:49:07Z INFO [219/900] 83dfcf19-8ff1-4c67-ac57-2f3ff83bb4da: 32 groups; 1.6 s; peak memory 960 MiB.
2026-10-09T11:49:09Z INFO [220/900] 83e02b2f-1a3c-4697-b002-5630b2c09c33: 201 groups; 1.8 s; peak memory 960 MiB.
2026-10-09T11:49:10Z INFO [221/900] 83e05c18-60bd-4107-ae1a-f0936761666e: 22 groups; 1.3 s; peak memory 960 MiB.
2026-10-09T11:49:21Z INFO [222/900] 83e082db-d47f-4c65-9cf6-3a0bde9d86d8: 120 groups; 11.1 s; peak memory 960 MiB.
2026-10-09T11:49:23Z INFO [223/900] 83e0bc3e-4274-4314-b17e-38e9bdeb91ec: 36 groups; 1.8 s; peak memory 960 MiB.
2026-10-09T11:49:49Z INFO [224/900] 83e19935-c4f5-40ed-8de2-8adacdc1dedf: 23 groups; 25.7 s; peak memory 960 MiB.
2026-10-09T11:49:50Z INFO [225/900] 83e1b782-f9a9-4852-ad82-e9f9e6d38636: 33 groups; 1.4 s; peak memory 960 MiB.
2026-10-09T11:49:52Z INFO [226/900] 83e25d7e-aac8-4449-a2d2-0d8ab9951264: 22 groups; 1.4 s; peak memory 960 MiB.
2026-10-09T11:49:55Z INFO [227/900] 83e40a68-0c42-4c1b-8521-141204ae155f: 34 groups; 3.6 s; peak memory 960 MiB.
2026-10-09T11:50:07Z INFO [228/900] 83e48c4f-1c79-453f-8146-e61efc245ed5: 178 groups; 11.7 s; peak memory 960 MiB.
2026-10-09T11:50:09Z INFO [229/900] 83e554b1-31e3-412e-bc12-a06a1174e137: 35 groups; 2.3 s; peak memory 960 MiB.
2026-10-09T11:50:10Z INFO [230/900] 83e5588f-a071-4d72-9dd3-fecfacaa2199: 18 groups; 1.1 s; peak memory 960 MiB.
2026-10-09T11:50:57Z INFO [231/900] 83e5903d-d443-4fb0-8ae7-004b8f943642: 1058 groups; 47.0 s; peak memory 960 MiB.
2026-10-09T11:50:59Z INFO [232/900] 83e657cb-e242-47ba-9335-ce36faca9246: 36 groups; 2.1 s; peak memory 960 MiB.
2026-10-09T11:51:01Z INFO [233/900] 83e6a7cb-d28c-4fff-a7ae-4e01cfc05b96: 28 groups; 1.2 s; peak memory 960 MiB.
2026-10-09T11:51:02Z INFO [234/900] 83e73635-36de-45ad-a6e6-5a561a9ee7fb: 32 groups; 1.7 s; peak memory 960 MiB.
2026-10-09T11:51:04Z INFO [235/900] 83e746ef-e162-4ae2-b407-afcb9cefd616: 33 groups; 1.9 s; peak memory 960 MiB.
2026-10-09T11:51:06Z INFO [236/900] 83e77b2a-91e5-4c19-9efc-4932db3dd398: 32 groups; 1.6 s; peak memory 960 MiB.
2026-10-09T11:51:07Z INFO [237/900] 83e960f8-b310-45e1-92e4-5c1f853a8604: 16 groups; 1.2 s; peak memory 960 MiB.
2026-10-09T11:51:09Z INFO [238/900] 83e9dc4f-c330-46b7-87fb-bd73a52b8b62: 36 groups; 1.6 s; peak memory 960 MiB.
2026-10-09T11:51:11Z INFO [239/900] 83ea30ee-1273-4f5f-852a-03ee81c8cd81: 203 groups; 1.9 s; peak memory 960 MiB.
2026-10-09T11:51:12Z INFO [240/900] 83ebad7f-2cc2-4f04-a639-eb0a4972ae2e: 35 groups; 1.6 s; peak memory 960 MiB.
2026-10-09T11:51:14Z INFO [241/900] 83ecba42-a25b-4b53-8781-0ceed71bfdf0: 203 groups; 2.2 s; peak memory 960 MiB.
2026-10-09T11:51:16Z INFO [242/900] 83ecef6d-5582-4bb1-9920-418b6a48300a: 22 groups; 1.2 s; peak memory 960 MiB.
2026-10-09T11:51:17Z INFO [243/900] 83ed6f81-0fc6-443f-bbba-32f963d1e391: 22 groups; 1.3 s; peak memory 960 MiB.
2026-10-09T11:51:18Z INFO [244/900] 83ed7a85-48c2-4f08-990a-85cc34f779f4: 33 groups; 1.4 s; peak memory 960 MiB.
2026-10-09T11:51:22Z INFO [245/900] 83edf1c2-19cf-488d-b0e2-f41d51287f57: 50 groups; 3.8 s; peak memory 960 MiB.
2026-10-09T11:51:50Z INFO [246/900] 83ee073c-0b0a-48dd-b861-4b324b428d6d: 23 groups; 28.2 s; peak memory 960 MiB.
2026-10-09T11:51:52Z INFO [247/900] 83ee3910-6ea6-4d08-8ea2-c9a07b1a1419: 31 groups; 1.1 s; peak memory 960 MiB.
2026-10-09T11:51:55Z INFO [248/900] 83eec6ae-0aff-4d65-b143-f880ca76df64: 17 groups; 3.1 s; peak memory 960 MiB.
2026-10-09T11:52:17Z INFO [249/900] 83ef9ef2-3c32-4cb1-a5a8-260f611e6bdb: 26 groups; 22.7 s; peak memory 960 MiB.
2026-10-09T11:52:18Z INFO [250/900] 83f03654-0a56-4aeb-82d0-2d297e3bf29b: 16 groups; 1.0 s; peak memory 960 MiB.
2026-10-09T11:52:19Z INFO [250/900] 83f03654-0a56-4aeb-82d0-2d297e3bf29b: checkpointed 110486 new records.
2026-10-09T11:52:20Z INFO [251/900] 83f19c09-f8c3-4420-8712-5731629433b6: 22 groups; 1.3 s; peak memory 960 MiB.
2026-10-09T11:52:21Z INFO [252/900] 83f31728-0642-43b4-8305-921c9f6488fe: 32 groups; 1.6 s; peak memory 960 MiB.
2026-10-09T11:52:23Z INFO [253/900] 83f369d7-864c-4e1a-8370-b61b6f61f20c: 16 groups; 1.2 s; peak memory 960 MiB.
2026-10-09T11:52:24Z INFO [254/900] 83f3d835-2509-460b-b03a-95181cb0fa08: 22 groups; 1.3 s; peak memory 960 MiB.
2026-10-09T11:52:37Z INFO [255/900] 83f57121-37cf-43ca-9308-7ae198682d03: 36 groups; 12.7 s; peak memory 960 MiB.
2026-10-09T11:52:39Z INFO [256/900] 83f5cbdc-313b-4ef1-9cf5-026cf67dc425: 32 groups; 1.9 s; peak memory 960 MiB.
2026-10-09T11:52:40Z INFO [257/900] 83f60649-70ed-4293-9e73-632528a0d1ee: 32 groups; 1.7 s; peak memory 960 MiB.
2026-10-09T11:52:42Z INFO [258/900] 83f607de-dce4-46ee-bac3-c0954f1f1d79: 28 groups; 1.6 s; peak memory 960 MiB.
2026-10-09T11:53:04Z INFO [259/900] 83f83a10-d04c-421b-b86b-2b8182775c5a: 444 groups; 21.6 s; peak memory 960 MiB.
2026-10-09T11:53:05Z INFO [260/900] 83f8e6b0-414d-4102-9363-69ca76365236: 202 groups; 1.9 s; peak memory 960 MiB.
2026-10-09T11:53:07Z INFO [261/900] 83f98470-269a-4aa4-93ab-d5bf300dfb9f: 32 groups; 1.9 s; peak memory 960 MiB.
2026-10-09T11:53:16Z INFO [262/900] 83f9dc91-f02f-4341-8c04-a279600099c5: 178 groups; 8.5 s; peak memory 960 MiB.
2026-10-09T11:53:24Z INFO [263/900] 83f9edfc-df6c-4e87-af47-7533dff33dbb: 179 groups; 8.2 s; peak memory 960 MiB.
2026-10-09T11:53:26Z INFO [264/900] 83fa0b20-a44c-49e1-abe9-0cc64e4fcdc2: 22 groups; 1.4 s; peak memory 960 MiB.
2026-10-09T11:53:27Z INFO [265/900] 83fa8c77-b0a6-496a-b56e-f1eebda2d36e: 30 groups; 1.3 s; peak memory 960 MiB.
2026-10-09T11:53:28Z INFO [266/900] 83fac6a7-5799-4e76-9ec0-d652a24809b3: 99 groups; 1.5 s; peak memory 960 MiB.
2026-10-09T11:53:30Z INFO [267/900] 83fc3710-eaa6-4cd3-8211-4b6725d735db: 24 groups; 1.4 s; peak memory 960 MiB.
2026-10-09T11:53:31Z INFO [268/900] 83fc8b5e-f632-4dad-850d-1fe8db7a907d: 22 groups; 1.4 s; peak memory 960 MiB.
2026-10-09T11:53:32Z INFO [269/900] 83fd1dd7-2df5-479f-bf3b-8650ee36eb48: 16 groups; 1.0 s; peak memory 960 MiB.
2026-10-09T11:53:40Z INFO [270/900] 83fe17fd-6239-49da-aa6f-b97941bf4b00: 98 groups; 7.5 s; peak memory 960 MiB.
2026-10-09T11:53:41Z INFO [271/900] 8400092a-d453-4c6b-94bd-82575635ea0c: 22 groups; 1.4 s; peak memory 960 MiB.
2026-10-09T11:53:43Z INFO [272/900] 84010fdc-35bb-44ad-a11c-6cc353e7f532: 35 groups; 1.8 s; peak memory 960 MiB.
2026-10-09T11:53:46Z INFO [273/900] 84014684-6655-4693-84a5-11547376f00e: 48 groups; 3.3 s; peak memory 960 MiB.
2026-10-09T11:53:52Z INFO [274/900] 84016ad5-f73b-4760-9413-574fdbda6e9b: 78 groups; 6.0 s; peak memory 960 MiB.
2026-10-09T11:53:53Z INFO [275/900] 84017b65-72df-4d9a-a06f-8d98d6e84446: 22 groups; 1.4 s; peak memory 960 MiB.
2026-10-09T11:53:55Z INFO [276/900] 8401ff04-2318-4762-a9e1-4df679c506a0: 22 groups; 1.4 s; peak memory 960 MiB.
2026-10-09T12:10:45Z INFO [277/900] 8402cb61-f391-48e4-a301-f0084f21307e: 67 groups; 1010.2 s; peak memory 1235 MiB.
2026-10-09T12:10:47Z INFO [278/900] 8403508c-3424-45e1-ab8c-be47d62bb6c5: 32 groups; 1.6 s; peak memory 1235 MiB.
2026-10-09T12:10:49Z INFO [279/900] 84040ced-d7a9-429e-be2c-32cf7f4a75d4: 32 groups; 2.0 s; peak memory 1235 MiB.
2026-10-09T12:10:54Z INFO [280/900] 8404d558-308a-4579-a256-1ecfd134e25c: 106 groups; 5.4 s; peak memory 1235 MiB.
2026-10-09T12:11:01Z INFO [281/900] 8404f15f-d475-4030-81ff-57bcd722824a: 32 groups; 6.8 s; peak memory 1235 MiB.
2026-10-09T12:11:03Z INFO [282/900] 84058815-a172-4c86-9263-df35bb6a6b4f: 28 groups; 1.7 s; peak memory 1235 MiB.
2026-10-09T12:11:06Z INFO [283/900] 840692fc-8f96-4e2f-bbed-2fd6d9899677: 54 groups; 3.0 s; peak memory 1235 MiB.
2026-10-09T12:11:07Z INFO [284/900] 84072d17-0a43-41a8-a514-2d61d65e0029: 32 groups; 1.7 s; peak memory 1235 MiB.
2026-10-09T12:11:11Z INFO [285/900] 840779d8-1497-47e6-9b05-c95733189c5d: 50 groups; 3.8 s; peak memory 1235 MiB.
2026-10-09T12:16:04Z INFO [286/900] 8407da45-31bd-4b5a-ba84-2b8c5b7dd734: 81 groups; 293.4 s; peak memory 1235 MiB.
2026-10-09T12:16:09Z INFO [287/900] 84089f21-6168-4e43-9c83-0e2b4d98c0ad: 64 groups; 4.6 s; peak memory 1235 MiB.
2026-10-09T12:16:11Z INFO [288/900] 8408ddb6-83b7-4351-b87c-e2480134865c: 22 groups; 1.6 s; peak memory 1235 MiB.
2026-10-09T12:16:12Z INFO [289/900] 8409f054-fefe-43c4-8f19-77872ce2d67c: 22 groups; 1.3 s; peak memory 1235 MiB.
2026-10-09T12:16:13Z INFO [290/900] 840b3b75-9262-4133-a5c7-372c31957491: 22 groups; 1.4 s; peak memory 1235 MiB.
2026-10-09T12:16:15Z INFO [291/900] 840c7a24-23ad-4ded-957a-39157ef4bf8f: 33 groups; 1.9 s; peak memory 1235 MiB.
2026-10-09T12:16:17Z INFO [292/900] 840ccbc8-121c-4dc2-870c-ddaa8e13c51d: 17 groups; 1.3 s; peak memory 1235 MiB.
2026-10-09T12:16:25Z INFO [293/900] 840cd25d-5300-4258-a25b-307b68a4c696: 1645 groups; 8.9 s; peak memory 1235 MiB.
2026-10-09T12:16:27Z INFO [294/900] 840d733b-7afb-48bd-822f-3c91dd150dbb: 35 groups; 1.7 s; peak memory 1235 MiB.
2026-10-09T12:16:33Z INFO [295/900] 840d8da6-a53d-4d5b-bb73-e2301524b15e: 75 groups; 5.8 s; peak memory 1235 MiB.
2026-10-09T12:16:34Z INFO [296/900] 840eb0dd-f1cb-43b4-9661-6399c33912f9: 22 groups; 1.3 s; peak memory 1235 MiB.
2026-10-09T12:16:37Z INFO [297/900] 840eb912-dec8-464e-97f3-35727e06c0f5: 206 groups; 2.3 s; peak memory 1235 MiB.
2026-10-09T12:16:48Z INFO [298/900] 840fcbb2-b1cd-4e45-bfe9-9284999a9336: 68 groups; 11.4 s; peak memory 1235 MiB.
2026-10-09T12:16:50Z INFO [299/900] 840fe2e1-81bd-49f3-9047-844f82eb79a0: 32 groups; 1.7 s; peak memory 1235 MiB.
2026-10-09T12:16:51Z INFO [300/900] 8410860e-4a25-4867-a953-7509dcd92ed7: 32 groups; 1.6 s; peak memory 1235 MiB.
2026-10-09T12:16:51Z INFO [300/900] 8410860e-4a25-4867-a953-7509dcd92ed7: checkpointed 110536 new records.
2026-10-09T12:16:53Z INFO [301/900] 84116685-5b83-4afd-b20a-69e11f51c6ab: 35 groups; 1.8 s; peak memory 1235 MiB.
2026-10-09T12:18:22Z INFO [302/900] 841169f6-9df9-4d4d-b1e8-5d682c04354d: 4211 groups; 89.1 s; peak memory 1235 MiB.
2026-10-09T12:18:24Z INFO [303/900] 8411e1fd-0527-4701-8c0b-57a4154aa347: 32 groups; 1.8 s; peak memory 1235 MiB.
2026-10-09T12:18:31Z INFO [304/900] 841250e4-5643-44cf-aae1-62298c541966: 47 groups; 6.3 s; peak memory 1235 MiB.
2026-10-09T12:18:32Z INFO [305/900] 84133694-c419-4efa-9432-8d8d95894239: 22 groups; 1.2 s; peak memory 1235 MiB.
2026-10-09T12:18:33Z INFO [306/900] 84142ae0-de95-4a70-b502-20ee0e7586ef: 28 groups; 1.3 s; peak memory 1235 MiB.
2026-10-09T12:19:01Z INFO [307/900] 8414346d-fa77-408d-a76a-0fec92e553e3: 434 groups; 27.6 s; peak memory 1235 MiB.
2026-10-09T12:19:02Z INFO [308/900] 8414b6ab-1abb-444f-a02e-2b44eb41134a: 32 groups; 1.7 s; peak memory 1235 MiB.
2026-10-09T12:19:04Z INFO [309/900] 841509c9-7b2d-48d2-86dc-52a0659e2430: 22 groups; 1.4 s; peak memory 1235 MiB.
2026-10-09T12:19:06Z INFO [310/900] 841512b0-c717-4d86-9634-e14373892fb3: 42 groups; 2.4 s; peak memory 1235 MiB.
2026-10-09T12:19:08Z INFO [311/900] 84152c1f-55fc-4a45-8e8e-3aaf378dd364: 43 groups; 2.2 s; peak memory 1235 MiB.
2026-10-09T12:19:10Z INFO [312/900] 84159113-9fc8-461e-b7dd-82044854afde: 22 groups; 1.4 s; peak memory 1235 MiB.
2026-10-09T12:19:11Z INFO [313/900] 84159b93-916c-4270-9661-d1e0ed2a8cbc: 22 groups; 1.5 s; peak memory 1235 MiB.
2026-10-09T12:19:13Z INFO [314/900] 8416279e-f8f4-47fe-8375-305fbe07ea16: 36 groups; 2.0 s; peak memory 1235 MiB.
2026-10-09T12:19:16Z INFO [315/900] 84176c61-8942-497e-9dd2-bc5c7782bc6b: 48 groups; 2.4 s; peak memory 1235 MiB.
2026-10-09T12:19:17Z INFO [316/900] 84180098-baa1-4942-9256-bb10c1c6efd3: 32 groups; 1.7 s; peak memory 1235 MiB.
2026-10-09T12:19:36Z INFO [317/900] 8418077b-3ad5-4020-8c99-c96914042d4a: 155 groups; 18.4 s; peak memory 1235 MiB.
2026-10-09T12:19:37Z INFO [318/900] 84181a52-c8b5-4c77-9aa5-822c9d234eef: 32 groups; 1.6 s; peak memory 1235 MiB.
2026-10-09T12:19:39Z INFO [319/900] 841927f2-9b0b-4bc6-a0aa-823328391c73: 22 groups; 1.3 s; peak memory 1235 MiB.
2026-10-09T12:19:45Z INFO [320/900] 841976b6-f204-4c34-ba4d-2074bd2b9e84: 181 groups; 6.4 s; peak memory 1235 MiB.
2026-10-09T12:19:49Z INFO [321/900] 8419cfbd-6faa-45bd-8abf-8b6762959faa: 48 groups; 3.6 s; peak memory 1235 MiB.
2026-10-09T12:19:50Z INFO [322/900] 8419f03d-6bdb-4a8c-bbc1-be3fe1e7244f: 22 groups; 1.4 s; peak memory 1235 MiB.
2026-10-09T12:19:53Z INFO [323/900] 841a09c3-aa70-4ee4-9d66-8646c1349813: 48 groups; 3.2 s; peak memory 1235 MiB.
2026-10-09T12:19:55Z INFO [324/900] 841b1db8-cbaf-4d7b-927d-b746668204c1: 28 groups; 1.5 s; peak memory 1235 MiB.
2026-10-09T12:19:56Z INFO [325/900] 841b310a-1fc6-48e4-8a61-223a4ebbad8a: 22 groups; 1.3 s; peak memory 1235 MiB.
2026-10-09T12:19:59Z INFO [326/900] 841b557a-853d-48ff-97ad-d0132ad143c6: 64 groups; 3.3 s; peak memory 1235 MiB.
2026-10-09T12:20:02Z INFO [327/900] 841d49f4-fd68-4a77-8de7-a5a33737b3b5: 33 groups; 2.6 s; peak memory 1235 MiB.
2026-10-09T12:20:04Z INFO [328/900] 841d771c-c58d-431b-83ff-d8cf3c0042fa: 32 groups; 1.9 s; peak memory 1235 MiB.
2026-10-09T12:20:05Z INFO [329/900] 841dc0a7-5d22-4124-b400-088f755fea5e: 22 groups; 1.4 s; peak memory 1235 MiB.
2026-10-09T12:20:07Z INFO [330/900] 841dccee-766c-4437-8d44-5528e8f6c64a: 33 groups; 1.7 s; peak memory 1235 MiB.
2026-10-09T12:20:09Z INFO [331/900] 841df661-344b-41c9-b8c6-290022dcfeeb: 35 groups; 2.1 s; peak memory 1235 MiB.
2026-10-09T12:20:10Z INFO [332/900] 841e0a27-84d2-48ac-85e0-ad5db8fa8307: 28 groups; 1.3 s; peak memory 1235 MiB.
2026-10-09T12:20:12Z INFO [333/900] 841e2cc1-fadf-419b-8d7f-fad932de1fb1: 25 groups; 1.5 s; peak memory 1235 MiB.
2026-10-09T12:20:16Z INFO [334/900] 841eccbe-2480-4513-83ee-54f7ae40b6ff: 33 groups; 3.7 s; peak memory 1235 MiB.
2026-10-09T12:20:17Z INFO [335/900] 841ee5cb-8671-4b9a-ae70-f8086f61b108: 22 groups; 1.1 s; peak memory 1235 MiB.
2026-10-09T12:20:44Z INFO [336/900] 841f3dd5-96ec-4bff-b088-54a8e8734cb9: 23 groups; 27.4 s; peak memory 1235 MiB.
2026-10-09T12:20:46Z INFO [337/900] 841f5c96-d9dd-465b-97f8-a8beb454278c: 32 groups; 1.6 s; peak memory 1235 MiB.
2026-10-09T12:20:47Z INFO [338/900] 841fb92a-b018-405b-9cd3-b3e14215ebc8: 31 groups; 1.5 s; peak memory 1235 MiB.
2026-10-09T12:20:48Z INFO [339/900] 842006b7-8e8d-4acf-bedd-5a51c643e562: 22 groups; 1.3 s; peak memory 1235 MiB.
2026-10-09T12:20:50Z INFO [340/900] 8420974b-8924-4bab-ade9-66da354cae3b: 16 groups; 1.2 s; peak memory 1235 MiB.
2026-10-09T12:21:31Z INFO [341/900] 8420b4e5-94f7-46f2-9251-36d3d137b9e2: 4682 groups; 41.2 s; peak memory 1235 MiB.
2026-10-09T12:21:33Z INFO [342/900] 8420f34d-3943-4911-8c6d-679458f80e11: 201 groups; 1.8 s; peak memory 1235 MiB.
2026-10-09T12:21:36Z INFO [343/900] 8421b7a4-fa48-40d7-958d-e28d09ebb563: 48 groups; 3.5 s; peak memory 1235 MiB.
2026-10-09T12:21:38Z INFO [344/900] 84227415-8df0-487b-ae93-2c178d3847f9: 36 groups; 1.9 s; peak memory 1235 MiB.
2026-10-09T12:21:58Z INFO [345/900] 84236801-ecb5-4fe5-8437-1945adfc288d: 277 groups; 19.8 s; peak memory 1235 MiB.
2026-10-09T12:21:59Z INFO [346/900] 8423cbea-87cb-4d3b-a373-5a3b87ee4539: 32 groups; 1.6 s; peak memory 1235 MiB.
2026-10-09T12:22:01Z INFO [347/900] 8423dea2-6c02-4a6d-bcf3-8cb2523cffa2: 25 groups; 1.4 s; peak memory 1235 MiB.
2026-10-09T12:22:02Z INFO [348/900] 8424152e-5f2f-42d4-bea9-c093f2fc40da: 22 groups; 1.3 s; peak memory 1235 MiB.
2026-10-09T12:22:18Z INFO [349/900] 84246848-0c38-4f3b-8f21-301eeca74222: 208 groups; 15.7 s; peak memory 1235 MiB.
2026-10-09T12:22:19Z INFO [350/900] 8425535b-4c50-451e-8814-187bc6b153a8: 25 groups; 1.5 s; peak memory 1235 MiB.
2026-10-09T12:22:19Z INFO [350/900] 8425535b-4c50-451e-8814-187bc6b153a8: checkpointed 110586 new records.
2026-10-09T12:22:21Z INFO [351/900] 842647e2-2af8-4d8e-9219-35bf116588e4: 103 groups; 2.0 s; peak memory 1235 MiB.
2026-10-09T12:22:23Z INFO [352/900] 8426cb5a-62d8-4a38-8b76-da324f9c4e6d: 202 groups; 1.8 s; peak memory 1235 MiB.
2026-10-09T12:24:35Z INFO [353/900] 8427c706-aa05-4b58-80f9-a2e54bfce2aa: 102 groups; 132.0 s; peak memory 1235 MiB.
2026-10-09T12:24:37Z INFO [354/900] 8427d553-b37c-4186-8251-65a7a421a226: 194 groups; 2.0 s; peak memory 1235 MiB.
2026-10-09T12:24:39Z INFO [355/900] 842913db-389e-4cc2-a0e9-0ebcbb774efb: 32 groups; 1.8 s; peak memory 1235 MiB.
2026-10-09T12:24:41Z INFO [356/900] 84294bba-b218-4462-92ad-313595932d1b: 22 groups; 1.4 s; peak memory 1235 MiB.
2026-10-09T12:24:42Z INFO [357/900] 8429ba91-d641-410e-9c54-d22ded7503b5: 22 groups; 1.1 s; peak memory 1235 MiB.
2026-10-09T12:24:43Z INFO [358/900] 8429f3ec-b07a-4c74-8cf3-ed20be725572: 22 groups; 1.4 s; peak memory 1235 MiB.
2026-10-09T12:24:54Z INFO [359/900] 842b20a3-d522-4871-a940-61303e3f0379: 123 groups; 11.3 s; peak memory 1235 MiB.
2026-10-09T12:24:56Z INFO [360/900] 842b98e9-80d6-4beb-85ea-c19419cf9aa6: 22 groups; 1.4 s; peak memory 1235 MiB.
2026-10-09T12:24:57Z INFO [361/900] 842bcfd4-613c-4c52-8a60-64efe0ac3d1d: 32 groups; 1.7 s; peak memory 1235 MiB.
2026-10-09T12:25:00Z INFO [362/900] 842cab23-66b3-4d8d-8017-d24f9bea2e94: 50 groups; 3.0 s; peak memory 1235 MiB.
2026-10-09T12:25:12Z INFO [363/900] 842e6712-8bea-4e74-9348-0400c513cb2f: 22 groups; 11.9 s; peak memory 1235 MiB.
2026-10-09T12:25:15Z INFO [364/900] 842f285d-75e0-484b-86e2-516d6fb6cbb0: 48 groups; 3.1 s; peak memory 1235 MiB.
2026-10-09T12:25:18Z INFO [365/900] 842f9752-d8ba-41e4-9511-390d4994feb9: 17 groups; 3.0 s; peak memory 1235 MiB.
2026-10-09T12:25:20Z INFO [366/900] 84300b2c-0e5a-40de-944d-84ae7025cf59: 32 groups; 1.6 s; peak memory 1235 MiB.
2026-10-09T12:25:21Z INFO [367/900] 8431c281-26a9-4401-af8f-c449c4da7209: 22 groups; 1.4 s; peak memory 1235 MiB.
2026-10-09T12:25:23Z INFO [368/900] 8431d0f4-49ee-41c1-a46d-8b85df0a3e35: 33 groups; 1.4 s; peak memory 1235 MiB.
2026-10-09T12:25:24Z INFO [369/900] 843247a5-cc81-478c-a99c-bb90880a17b9: 22 groups; 1.3 s; peak memory 1235 MiB.
2026-10-09T12:25:26Z INFO [370/900] 84331c58-8194-4fe9-8d78-699598411e3f: 25 groups; 1.5 s; peak memory 1235 MiB.
2026-10-09T12:25:27Z INFO [371/900] 8433c895-14ae-4ec1-a99e-1cdd4750cb1d: 32 groups; 1.8 s; peak memory 1235 MiB.
2026-10-09T12:25:28Z INFO [372/900] 8433d095-1af0-4c76-868e-6a96832f3cc4: 16 groups; 1.1 s; peak memory 1235 MiB.
2026-10-09T12:25:31Z INFO [373/900] 84353e86-9a18-49aa-8804-a2893c0aba26: 201 groups; 2.2 s; peak memory 1235 MiB.
2026-10-09T12:25:33Z INFO [374/900] 84378369-054c-4a34-aec6-b95f4d7f214f: 29 groups; 2.2 s; peak memory 1235 MiB.
2026-10-09T12:25:47Z INFO [375/900] 8437e7e4-9a17-46b1-a1c5-86a124c0ad9a: 33 groups; 14.4 s; peak memory 1235 MiB.
2026-10-09T12:25:53Z INFO [376/900] 84380b6a-c143-41bb-819e-68e49819157b: 78 groups; 6.2 s; peak memory 1235 MiB.
2026-10-09T12:25:55Z INFO [377/900] 8438e40f-aa93-4dae-9935-94d273be5996: 16 groups; 1.1 s; peak memory 1235 MiB.
2026-10-09T12:25:57Z INFO [378/900] 8438f0b9-c96a-45b3-9df1-dcb74f2952d2: 39 groups; 2.1 s; peak memory 1235 MiB.
2026-10-09T12:25:58Z INFO [379/900] 84390522-fb65-4bcf-81e0-0ada92dd1952: 29 groups; 1.8 s; peak memory 1235 MiB.
2026-10-09T12:26:00Z INFO [380/900] 843a0cd9-5be7-436f-b96a-7201ffa6db1b: 26 groups; 1.1 s; peak memory 1235 MiB.
2026-10-09T12:26:01Z INFO [381/900] 843ac565-2eef-4006-9176-edc2758415c7: 18 groups; 1.1 s; peak memory 1235 MiB.
2026-10-09T12:26:02Z INFO [382/900] 843b68e3-cd55-4731-8e96-e50efa7c015b: 32 groups; 1.6 s; peak memory 1235 MiB.
2026-10-09T12:26:04Z INFO [383/900] 843bbff7-d449-47af-a64c-b7b1baf936fc: 26 groups; 1.5 s; peak memory 1235 MiB.
2026-10-09T12:26:05Z INFO [384/900] 843c1ef8-7b53-4513-b639-e1cab46ba2dc: 22 groups; 1.4 s; peak memory 1235 MiB.
2026-10-09T12:26:07Z INFO [385/900] 843c46c4-0c3d-4bb9-b9b8-82a9647c222b: 35 groups; 1.9 s; peak memory 1235 MiB.
2026-10-09T12:28:39Z INFO [386/900] 843c6198-4167-4a14-a7fd-ca4aa1cdd82a: 89 groups; 152.0 s; peak memory 1235 MiB.
2026-10-09T12:28:40Z INFO [387/900] 843c8e2f-9a00-4302-bbee-13c18604e594: 25 groups; 1.1 s; peak memory 1235 MiB.
2026-10-09T12:28:42Z INFO [388/900] 843cab94-e484-4011-932c-3d6cbf74488e: 253 groups; 1.9 s; peak memory 1235 MiB.
2026-10-09T12:28:44Z INFO [389/900] 843ecc6c-36e0-4a1a-962b-1a422fd0f351: 32 groups; 1.5 s; peak memory 1235 MiB.
2026-10-09T12:28:45Z INFO [390/900] 843f1254-9cc6-4bcd-a88c-75e8dff0e597: 26 groups; 1.1 s; peak memory 1235 MiB.
2026-10-09T12:28:46Z INFO [391/900] 843f1f89-4854-4cd3-8c2a-e8e6e8c83494: 44 groups; 1.5 s; peak memory 1235 MiB.
2026-10-09T12:28:49Z INFO [392/900] 843ff483-4943-41bd-b918-070439a7b4cb: 48 groups; 3.1 s; peak memory 1235 MiB.
2026-10-09T12:28:51Z INFO [393/900] 844021a1-66e3-4149-987a-3db4a6e4d536: 202 groups; 1.9 s; peak memory 1235 MiB.
2026-10-09T12:28:53Z INFO [394/900] 8442b031-dd24-4d58-8e90-efff7ac8fcb3: 35 groups; 1.7 s; peak memory 1235 MiB.
2026-10-09T12:31:26Z INFO [395/900] 84439222-9145-4e0a-8c4b-9a855e3d78ae: 60 groups; 153.4 s; peak memory 1235 MiB.
2026-10-09T12:31:28Z INFO [396/900] 8444049f-867b-46d7-b113-1896f326fe6b: 22 groups; 1.5 s; peak memory 1235 MiB.
2026-10-09T12:31:29Z INFO [397/900] 844477c2-d50d-49ed-8745-7c82f700760d: 16 groups; 1.2 s; peak memory 1235 MiB.
2026-10-09T12:31:31Z INFO [398/900] 84451e5a-83ba-4cb4-960d-fa8dc6734606: 35 groups; 1.9 s; peak memory 1235 MiB.
2026-10-09T12:31:33Z INFO [399/900] 844748e3-3b82-4c8f-a22e-73b35ea45281: 35 groups; 2.1 s; peak memory 1235 MiB.
2026-10-09T12:31:35Z INFO [400/900] 84476ed9-18a0-45a2-8af6-9813c97ed4d7: 37 groups; 2.4 s; peak memory 1235 MiB.
2026-10-09T12:31:36Z INFO [400/900] 84476ed9-18a0-45a2-8af6-9813c97ed4d7: checkpointed 110636 new records.
2026-10-09T12:31:37Z INFO [401/900] 8447d2e2-6f9f-45cb-ad1d-f5f64559182f: 16 groups; 1.1 s; peak memory 1235 MiB.
2026-10-09T12:31:43Z INFO [402/900] 8448f871-7f01-4617-bcaa-eee9b4e3d2cc: 120 groups; 6.2 s; peak memory 1235 MiB.
2026-10-09T12:31:46Z INFO [403/900] 844a7077-0655-4b57-a0ca-d68eba1eadfa: 48 groups; 3.2 s; peak memory 1235 MiB.
2026-10-09T12:36:49Z INFO [404/900] 844aa449-ed2d-4268-b4e2-61318c7598d4: 93 groups; 302.6 s; peak memory 1235 MiB.
2026-10-09T12:36:51Z INFO [405/900] 844aeb0b-a3d0-43ec-8357-7dc24596bcca: 35 groups; 2.1 s; peak memory 1235 MiB.
2026-10-09T12:36:52Z INFO [406/900] 844b1105-f603-4300-b77d-dc3d12bcb11f: 22 groups; 1.2 s; peak memory 1235 MiB.
2026-10-09T12:36:54Z INFO [407/900] 844b377b-510b-4281-8a79-11d2390c5499: 32 groups; 1.7 s; peak memory 1235 MiB.
2026-10-09T12:36:55Z INFO [408/900] 844bdc24-b3bf-42e2-833f-b9d18af63b6f: 22 groups; 1.4 s; peak memory 1235 MiB.
2026-10-09T12:36:57Z INFO [409/900] 844bfa6b-dcc4-44f6-adf3-94281888eaca: 22 groups; 1.4 s; peak memory 1235 MiB.
2026-10-09T12:36:58Z INFO [410/900] 844ee17a-a095-472a-95e2-c1ebc9f76061: 18 groups; 1.1 s; peak memory 1235 MiB.
2026-10-09T12:36:59Z INFO [411/900] 84502c3e-bfdd-46b8-a3bc-e13b34b92a61: 22 groups; 1.3 s; peak memory 1235 MiB.
2026-10-09T12:37:00Z INFO [412/900] 8451ce2c-c005-4fdc-ba67-4bddb17284fd: 22 groups; 1.4 s; peak memory 1235 MiB.
2026-10-09T12:37:05Z INFO [413/900] 8452f6cd-17bd-4656-bdd3-2e00f7446cc1: 30 groups; 4.3 s; peak memory 1235 MiB.
2026-10-09T12:37:06Z INFO [414/900] 84540def-fdb4-4d78-91c3-0536eafc999e: 22 groups; 1.4 s; peak memory 1235 MiB.
2026-10-09T12:37:08Z INFO [415/900] 84547a10-c5dd-4172-9d9d-5b30ee9f1da5: 22 groups; 1.4 s; peak memory 1235 MiB.
2026-10-09T12:37:09Z INFO [416/900] 8454f48c-cd1a-4bb7-befa-ef9b4a652dc9: 26 groups; 1.5 s; peak memory 1235 MiB.
2026-10-09T12:37:10Z INFO [417/900] 84550188-ea6d-4bd8-9b86-c1e75a9bc947: 22 groups; 1.1 s; peak memory 1235 MiB.
2026-10-09T12:37:12Z INFO [418/900] 8455886d-56e0-432d-a62a-4f71795b81a6: 22 groups; 1.4 s; peak memory 1235 MiB.
2026-10-09T12:37:13Z INFO [419/900] 8455b611-c538-4517-94c9-9139e21e9c44: 32 groups; 1.8 s; peak memory 1235 MiB.
2026-10-09T12:37:16Z INFO [420/900] 845619ee-315e-4efa-a2cb-9248737aa2c9: 17 groups; 2.8 s; peak memory 1235 MiB.
2026-10-09T12:37:18Z INFO [421/900] 84568200-ff01-4061-ae17-ec1eb86d81a9: 32 groups; 1.8 s; peak memory 1235 MiB.
2026-10-09T12:37:31Z INFO [422/900] 8456ba24-ebfa-48dc-aa3a-f14f583b3a1d: 211 groups; 12.5 s; peak memory 1235 MiB.
2026-10-09T12:37:32Z INFO [423/900] 84574309-0868-4b36-ac3c-2e173b3a49fa: 31 groups; 1.2 s; peak memory 1235 MiB.
2026-10-09T12:37:33Z INFO [424/900] 8458db31-6576-437b-9634-a89c782f3709: 22 groups; 1.4 s; peak memory 1235 MiB.
2026-10-09T12:37:35Z INFO [425/900] 845950fa-fd32-405e-94e0-f34bf17d4640: 32 groups; 1.8 s; peak memory 1235 MiB.
2026-10-09T12:37:37Z INFO [426/900] 8459c16c-ee0e-4d0d-b777-2881701d06be: 32 groups; 1.9 s; peak memory 1235 MiB.
2026-10-09T12:37:39Z INFO [427/900] 845ae98c-1aa9-4f64-a2d3-b880bb29fffa: 32 groups; 1.8 s; peak memory 1235 MiB.
2026-10-09T12:37:40Z INFO [428/900] 845cfbf7-d1f0-403a-9c74-fd805191591f: 16 groups; 1.2 s; peak memory 1235 MiB.
2026-10-09T12:37:41Z INFO [429/900] 845d36d7-6b0f-4711-966d-932e13bc5eb5: 22 groups; 1.4 s; peak memory 1235 MiB.
2026-10-09T12:37:43Z INFO [430/900] 845d6988-5c3d-4051-93b1-7d4b04b3fc3d: 336 groups; 2.3 s; peak memory 1235 MiB.
2026-10-09T12:37:45Z INFO [431/900] 845d6faa-41ab-403a-8eec-ad63ed17e48d: 22 groups; 1.3 s; peak memory 1235 MiB.
2026-10-09T12:37:46Z INFO [432/900] 845de73f-ac63-487d-a130-8cfdb2f262de: 32 groups; 1.6 s; peak memory 1235 MiB.
2026-10-09T12:37:47Z INFO [433/900] 845ee5ca-51b7-473f-8d25-670f8e8aa79e: 18 groups; 1.0 s; peak memory 1235 MiB.
2026-10-09T12:37:49Z INFO [434/900] 845ee915-c385-4bb4-8b7e-809fa52ae00e: 22 groups; 1.4 s; peak memory 1235 MiB.
2026-10-09T12:37:50Z INFO [435/900] 845f4316-9827-4b5c-91c7-b745e9b07204: 32 groups; 1.7 s; peak memory 1235 MiB.
2026-10-09T12:37:52Z INFO [436/900] 845f8bbc-3aa5-4735-957d-2c262efcb4a8: 29 groups; 1.8 s; peak memory 1235 MiB.
2026-10-09T12:37:54Z INFO [437/900] 845fa769-ee5a-4585-a86d-218cab3f83e8: 194 groups; 1.8 s; peak memory 1235 MiB.
2026-10-09T12:37:55Z INFO [438/900] 845fc821-30d3-464c-b014-7f1e2ea64b8c: 17 groups; 1.3 s; peak memory 1235 MiB.
2026-10-09T12:37:58Z INFO [439/900] 84601999-9a76-4d4d-8bd5-655559949d84: 28 groups; 2.2 s; peak memory 1235 MiB.
2026-10-09T12:39:04Z INFO [440/900] 846119bb-ec75-487a-9bb5-7272e00bacfd: 1170 groups; 66.8 s; peak memory 1235 MiB.
2026-10-09T12:39:16Z INFO [441/900] 8462c415-4edf-44f2-8e92-30a319a2df1b: 123 groups; 11.3 s; peak memory 1235 MiB.
2026-10-09T12:39:18Z INFO [442/900] 8463178d-e33b-474f-8c8e-9189c7fa2197: 24 groups; 2.0 s; peak memory 1235 MiB.
2026-10-09T12:39:20Z INFO [443/900] 846337d8-25ce-452b-b577-4978234cc565: 70 groups; 2.0 s; peak memory 1235 MiB.
2026-10-09T12:39:33Z INFO [444/900] 84634ab9-49ad-4996-af90-da199b6ddcad: 36 groups; 12.9 s; peak memory 1235 MiB.
2026-10-09T12:39:35Z INFO [445/900] 84636a74-084b-4f68-91c1-d4ca18f17e39: 35 groups; 1.9 s; peak memory 1235 MiB.
2026-10-09T12:39:37Z INFO [446/900] 846411bc-6e2e-4c6f-949a-ed7c0f4ede42: 35 groups; 2.7 s; peak memory 1235 MiB.
2026-10-09T12:39:39Z INFO [447/900] 84642511-b01a-41fe-840a-2438aa096cba: 252 groups; 1.7 s; peak memory 1235 MiB.
2026-10-09T12:39:40Z INFO [448/900] 846479e0-1124-4b98-8f36-8f6ffaea07bf: 16 groups; 1.1 s; peak memory 1235 MiB.
2026-10-09T12:39:41Z INFO [449/900] 8465bb37-7a15-45d1-ab82-87c37238e8fc: 22 groups; 1.4 s; peak memory 1235 MiB.
2026-10-09T12:39:52Z INFO [450/900] 84667e7b-f61c-4144-8613-db8a230b8360: 73 groups; 10.7 s; peak memory 1235 MiB.
2026-10-09T12:39:52Z INFO [450/900] 84667e7b-f61c-4144-8613-db8a230b8360: checkpointed 110686 new records.
2026-10-09T12:39:54Z INFO [451/900] 8466856b-c031-43c1-8223-6e19087bb225: 22 groups; 1.4 s; peak memory 1235 MiB.
2026-10-09T12:39:55Z INFO [452/900] 8466bf1d-d4b5-4957-95db-1fe3e9df12af: 22 groups; 1.4 s; peak memory 1235 MiB.
2026-10-09T12:39:57Z INFO [453/900] 8467f23c-55a7-487d-a458-ddab5ed8e348: 103 groups; 1.5 s; peak memory 1235 MiB.
2026-10-09T12:39:59Z INFO [454/900] 8468371b-2984-4dbf-8ef3-255c2ff39754: 48 groups; 2.6 s; peak memory 1235 MiB.
2026-10-09T12:40:01Z INFO [455/900] 84691e8b-0494-4307-bf9b-29f05f43aaa2: 30 groups; 1.3 s; peak memory 1235 MiB.
2026-10-09T12:40:02Z INFO [456/900] 8469534b-a134-4232-be47-02e0908c0df6: 21 groups; 1.7 s; peak memory 1235 MiB.
2026-10-09T12:40:11Z INFO [457/900] 8469b330-86f2-4cf2-9bc9-526b8dfcbac4: 89 groups; 8.4 s; peak memory 1235 MiB.
2026-10-09T12:42:42Z INFO [458/900] 846ae853-1adc-40bd-a406-40a5035aa2d4: 69 groups; 151.2 s; peak memory 1235 MiB.
2026-10-09T12:42:43Z INFO [459/900] 846afe55-ea45-4268-8f84-4b784be2a5d4: 33 groups; 1.4 s; peak memory 1235 MiB.
2026-10-09T12:42:49Z INFO [460/900] 846bb3b6-c0ce-4c23-9545-3fac8624eef2: 133 groups; 6.0 s; peak memory 1235 MiB.
2026-10-09T12:42:51Z INFO [461/900] 846bb412-f078-4969-a6aa-61174722c674: 25 groups; 1.5 s; peak memory 1235 MiB.
2026-10-09T12:42:58Z INFO [462/900] 846c58a9-8c8f-42c7-aa1c-cacfa4060f5d: 78 groups; 6.8 s; peak memory 1235 MiB.
2026-10-09T12:42:59Z INFO [463/900] 846eb00d-3ec1-44a8-b80e-17ffaf7ae998: 32 groups; 1.7 s; peak memory 1235 MiB.
2026-10-09T12:43:01Z INFO [464/900] 846f0054-67ee-4933-95f1-69a642cc8784: 22 groups; 1.5 s; peak memory 1235 MiB.
2026-10-09T12:43:04Z INFO [465/900] 846f11ad-3775-4b4d-9f20-cc994edf9e30: 194 groups; 2.9 s; peak memory 1235 MiB.
2026-10-09T12:43:06Z INFO [466/900] 847003e8-f1e9-4308-8f60-7de4894482d5: 108 groups; 2.2 s; peak memory 1235 MiB.
2026-10-09T12:43:07Z INFO [467/900] 84712c31-32a1-4906-8c11-b8764a229241: 22 groups; 1.4 s; peak memory 1235 MiB.
2026-10-09T12:43:09Z INFO [468/900] 84712de8-d4e4-4bf3-b77f-059dba44dfa9: 206 groups; 2.0 s; peak memory 1235 MiB.
2026-10-09T12:43:12Z INFO [469/900] 84719381-fbed-4092-b36d-fd14b2e5e0f1: 17 groups; 2.8 s; peak memory 1235 MiB.
2026-10-09T12:43:13Z INFO [470/900] 8471bf9c-c680-4400-8516-d2263568d3bc: 16 groups; 1.1 s; peak memory 1235 MiB.
2026-10-09T12:43:15Z INFO [471/900] 8473637d-843f-42bf-ad5b-6062043d4c7d: 35 groups; 2.0 s; peak memory 1235 MiB.
2026-10-09T12:43:31Z INFO [472/900] 847408e1-110f-44ac-865f-a6ebfa6fcf57: 89 groups; 16.0 s; peak memory 1235 MiB.
2026-10-09T12:43:48Z INFO [473/900] 847440f3-d688-4b07-94fc-15157b59e37c: 232 groups; 16.3 s; peak memory 1235 MiB.
2026-10-09T12:43:49Z INFO [474/900] 8474c743-06d2-4770-9e46-5aad58144b04: 32 groups; 1.8 s; peak memory 1235 MiB.
2026-10-09T12:43:56Z INFO [475/900] 84763876-6c37-4805-92fa-05d3298ca975: 78 groups; 6.3 s; peak memory 1235 MiB.
2026-10-09T12:43:57Z INFO [476/900] 8476d889-4c15-4b25-bfe0-109f5847915d: 22 groups; 1.3 s; peak memory 1235 MiB.
2026-10-09T12:43:58Z INFO [477/900] 847805b2-1ef4-40da-8581-c5e4aabc835d: 18 groups; 1.0 s; peak memory 1235 MiB.
2026-10-09T12:44:01Z INFO [478/900] 84783acf-dc19-434c-bd4e-d678f786ddec: 47 groups; 3.3 s; peak memory 1235 MiB.
2026-10-09T12:44:03Z INFO [479/900] 8479614e-4caa-4db8-9f55-dd4776596e12: 103 groups; 1.7 s; peak memory 1235 MiB.
2026-10-09T12:44:04Z INFO [480/900] 8479ac17-2fe1-4efb-833e-319fdb40774e: 22 groups; 1.3 s; peak memory 1235 MiB.
2026-10-09T12:44:33Z INFO [481/900] 847a6ee1-8e52-44fc-b000-253f27fcf788: 23 groups; 28.8 s; peak memory 1235 MiB.
2026-10-09T12:44:35Z INFO [482/900] 847aceba-ced9-4956-a309-1598cdb18218: 103 groups; 1.6 s; peak memory 1235 MiB.
2026-10-09T12:44:36Z INFO [483/900] 847afa0f-7e25-4185-ab39-930185db49f6: 17 groups; 1.2 s; peak memory 1235 MiB.
2026-10-09T12:44:38Z INFO [484/900] 847b2e88-21cb-4d7b-8edc-09bcade14e2e: 32 groups; 1.7 s; peak memory 1235 MiB.
2026-10-09T12:44:39Z INFO [485/900] 847c455e-bb5c-4981-93b8-d72803f2c6f4: 22 groups; 1.3 s; peak memory 1235 MiB.
2026-10-09T12:44:40Z INFO [486/900] 847d58f4-fd13-43a6-b48c-1cd2e56d55b0: 22 groups; 1.3 s; peak memory 1235 MiB.
2026-10-09T12:44:45Z INFO [487/900] 847daff1-7603-4a8b-9011-3015a8fb822d: 30 groups; 4.5 s; peak memory 1235 MiB.
2026-10-09T12:44:51Z INFO [488/900] 847e5d1f-115c-4d82-9d01-8d5d20c327cb: 81 groups; 6.7 s; peak memory 1235 MiB.
2026-10-09T12:44:53Z INFO [489/900] 847eeafe-c8ae-48df-b448-6c2fdcc6ed7b: 22 groups; 1.3 s; peak memory 1235 MiB.
2026-10-09T12:44:54Z INFO [490/900] 84806b0b-1746-47eb-8f0b-053ff5f74d3f: 32 groups; 1.8 s; peak memory 1235 MiB.
2026-10-09T12:45:08Z INFO [491/900] 84815528-6653-476b-8c54-f8c09a364a49: 165 groups; 13.5 s; peak memory 1235 MiB.
2026-10-09T12:45:14Z INFO [492/900] 848214aa-7a8c-4c6a-8eb3-433e7ce7cdc8: 78 groups; 5.9 s; peak memory 1235 MiB.
2026-10-09T12:45:15Z INFO [493/900] 8482235d-eef9-41ef-80d7-cc0adce1b960: 22 groups; 1.3 s; peak memory 1235 MiB.
2026-10-09T12:45:16Z INFO [494/900] 8482aa7e-2970-43d8-8b17-4d3e053ae415: 22 groups; 1.3 s; peak memory 1235 MiB.
2026-10-09T12:45:18Z INFO [495/900] 8482daba-01f1-4f31-9589-99b8aa0e1cf9: 16 groups; 1.1 s; peak memory 1235 MiB.
2026-10-09T12:45:22Z INFO [496/900] 8482f191-9930-49c6-91d3-04e718476b46: 50 groups; 4.0 s; peak memory 1235 MiB.
2026-10-09T12:45:23Z INFO [497/900] 8483f98f-3f38-447d-861c-a6ee16408861: 32 groups; 1.7 s; peak memory 1235 MiB.
2026-10-09T12:45:25Z INFO [498/900] 84846f1d-9331-4db6-aa2d-e8f2d1ef1301: 203 groups; 2.1 s; peak memory 1235 MiB.
2026-10-09T12:45:27Z INFO [499/900] 84847014-6f76-496e-8537-9aaadb906afb: 22 groups; 1.3 s; peak memory 1235 MiB.
2026-10-09T12:46:01Z INFO [500/900] 84852129-a6a3-454c-928d-fdb8b9e6d276: 1084 groups; 34.4 s; peak memory 1235 MiB.
2026-10-09T12:46:01Z INFO [500/900] 84852129-a6a3-454c-928d-fdb8b9e6d276: checkpointed 110736 new records.
2026-10-09T12:46:03Z INFO [501/900] 84853b84-4a38-4640-aad9-7828dd9b6a6f: 35 groups; 2.0 s; peak memory 1235 MiB.
2026-10-09T12:46:09Z INFO [502/900] 84853f2e-4cc1-443f-b458-b1ec82e64bf9: 39 groups; 5.8 s; peak memory 1235 MiB.
2026-10-09T12:48:20Z INFO [503/900] 8485dfe3-5aeb-4598-8aad-bed3de8be1a5: 27 groups; 131.0 s; peak memory 1235 MiB.
2026-10-09T12:48:23Z INFO [504/900] 8485f502-7092-4934-80fe-dc37dd3a4c16: 575 groups; 2.6 s; peak memory 1235 MiB.
2026-10-09T12:48:24Z INFO [505/900] 8486bf85-bfb0-444d-b810-c7ead788e3cf: 22 groups; 1.4 s; peak memory 1235 MiB.
2026-10-09T12:48:26Z INFO [506/900] 8486f32b-3a23-48c9-ac02-8a2c6855aa58: 49 groups; 2.0 s; peak memory 1235 MiB.
2026-10-09T12:48:27Z INFO [507/900] 848726ae-4b45-4ddd-bcd7-674fa8ee5c65: 22 groups; 1.3 s; peak memory 1235 MiB.
2026-10-09T12:48:39Z INFO [508/900] 84877f39-3c67-4b80-b803-b05c5b22df92: 66 groups; 11.9 s; peak memory 1235 MiB.
2026-10-09T12:48:55Z INFO [509/900] 8487d19e-85c1-4005-8bf6-998f3f12788d: 89 groups; 15.6 s; peak memory 1235 MiB.
2026-10-09T12:53:36Z INFO [510/900] 84881a7f-aabe-4df4-a364-903f64fcbf44: 75 groups; 281.0 s; peak memory 1235 MiB.
2026-10-09T12:53:43Z INFO [511/900] 8488c96b-b1d4-41c0-afcd-6183cb83dc13: 75 groups; 6.9 s; peak memory 1235 MiB.
2026-10-09T12:53:52Z INFO [512/900] 8489110c-e4cf-4992-88ba-5dce6367687b: 114 groups; 9.7 s; peak memory 1235 MiB.
2026-10-09T12:53:56Z INFO [513/900] 848b86d0-c00e-44fa-bde6-0331afca62cb: 50 groups; 4.1 s; peak memory 1235 MiB.
2026-10-09T12:53:57Z INFO [514/900] 848c1135-4205-4c85-a73f-d970ff24d6ef: 16 groups; 1.0 s; peak memory 1235 MiB.
2026-10-09T12:53:59Z INFO [515/900] 848ce779-cfdf-43b3-9ee2-3584591e7b12: 32 groups; 1.5 s; peak memory 1235 MiB.
2026-10-09T12:54:01Z INFO [516/900] 848d1ab0-dfea-48e8-9bb4-7fa8de5b84e1: 32 groups; 1.6 s; peak memory 1235 MiB.
2026-10-09T12:54:02Z INFO [517/900] 848d40de-a63c-4e7c-a662-a9460c9fb4e9: 257 groups; 1.9 s; peak memory 1235 MiB.
2026-10-09T12:54:04Z INFO [518/900] 848e052e-fd68-4429-bff8-e4c82343d3e2: 22 groups; 1.4 s; peak memory 1235 MiB.
2026-10-09T12:54:06Z INFO [519/900] 848f60b9-1a84-4887-bd6b-e0a4c2cc96bd: 103 groups; 1.8 s; peak memory 1235 MiB.
2026-10-09T12:54:07Z INFO [520/900] 848f85b3-39be-422d-b21c-2d8f94b78666: 35 groups; 1.8 s; peak memory 1235 MiB.
2026-10-09T12:54:09Z INFO [521/900] 849059a6-3774-40bc-941d-8fcb2ee7702e: 29 groups; 1.7 s; peak memory 1235 MiB.
2026-10-09T12:54:10Z INFO [522/900] 84906177-988e-489e-bce0-956a724ae9fc: 22 groups; 1.3 s; peak memory 1235 MiB.
2026-10-09T12:54:12Z INFO [523/900] 84909596-9a14-4522-8462-3a11d7f5d42d: 35 groups; 1.7 s; peak memory 1235 MiB.
2026-10-09T12:54:27Z INFO [524/900] 84915da9-767c-4cad-9e5b-ba28232e77e2: 163 groups; 15.4 s; peak memory 1235 MiB.
2026-10-09T12:54:32Z INFO [525/900] 84916d8d-f2cf-4514-81fc-dd98169a5a4e: 39 groups; 4.5 s; peak memory 1235 MiB.
2026-10-09T12:54:34Z INFO [526/900] 849294a9-0e54-4c9f-81f2-c66a973fa8a5: 32 groups; 1.7 s; peak memory 1235 MiB.
2026-10-09T12:59:14Z INFO [527/900] 8492c390-8a35-44bd-a0c6-b3a3c9480bbc: 70 groups; 280.4 s; peak memory 1235 MiB.
2026-10-09T12:59:16Z INFO [528/900] 8492f563-fba4-4355-9ddb-82208d1618ca: 32 groups; 1.7 s; peak memory 1235 MiB.
2026-10-09T12:59:17Z INFO [529/900] 8492fda8-bc81-4628-8929-ed14b87d0394: 32 groups; 1.7 s; peak memory 1235 MiB.
2026-10-09T12:59:19Z INFO [530/900] 84937a54-97b1-4aa5-8ade-2ec636711f0a: 22 groups; 1.2 s; peak memory 1235 MiB.
2026-10-09T12:59:20Z INFO [531/900] 8493c3ac-06f5-4d04-91c8-e0e40a9b47c6: 16 groups; 1.2 s; peak memory 1235 MiB.
2026-10-09T12:59:22Z INFO [532/900] 84940577-879e-4e7a-b1c1-79d14bbf9185: 35 groups; 2.1 s; peak memory 1235 MiB.
2026-10-09T12:59:23Z INFO [533/900] 849422fc-6b1a-494d-ba26-ec1c5283fa9b: 22 groups; 1.4 s; peak memory 1235 MiB.
2026-10-09T12:59:25Z INFO [534/900] 8494499e-9466-46ba-9008-fc17b5f7bb81: 16 groups; 1.2 s; peak memory 1235 MiB.
2026-10-09T13:01:59Z INFO [535/900] 849564de-1741-4260-992e-a662310dfbde: 77 groups; 154.4 s; peak memory 1235 MiB.
2026-10-09T13:02:01Z INFO [536/900] 8495faa8-7fd9-41e2-9ff1-2a64a1e89145: 206 groups; 2.4 s; peak memory 1235 MiB.
2026-10-09T13:02:02Z INFO [537/900] 849638cb-6103-4013-a890-740011100d7c: 18 groups; 1.0 s; peak memory 1235 MiB.
2026-10-09T13:02:04Z INFO [538/900] 84969c7e-8da4-4af3-825b-25af668111cb: 22 groups; 1.4 s; peak memory 1235 MiB.
2026-10-09T13:02:05Z INFO [539/900] 8496f5d7-2455-48ae-809b-a97d5f6a8f18: 22 groups; 1.4 s; peak memory 1235 MiB.
2026-10-09T13:02:09Z INFO [540/900] 84988648-4782-4ec9-9e3e-99847e7c07f3: 48 groups; 3.4 s; peak memory 1235 MiB.
2026-10-09T13:02:11Z INFO [541/900] 8498f7c7-46f1-4766-9e78-3bab930cda04: 35 groups; 2.3 s; peak memory 1235 MiB.
2026-10-09T13:02:13Z INFO [542/900] 84990622-dba5-4c19-834e-fe4f6c527500: 253 groups; 1.9 s; peak memory 1235 MiB.
2026-10-09T13:02:14Z INFO [543/900] 849a11c1-c0f4-4207-ac1d-d410011b2e36: 22 groups; 1.2 s; peak memory 1235 MiB.
2026-10-09T13:02:16Z INFO [544/900] 849a2512-3021-4e9f-a0bb-33cce337d346: 32 groups; 1.7 s; peak memory 1235 MiB.
2026-10-09T13:02:17Z INFO [545/900] 849b1586-177c-4575-b977-414cda6d50da: 22 groups; 1.3 s; peak memory 1235 MiB.
2026-10-09T13:03:13Z INFO [546/900] 849b88d2-d157-473c-866a-33aa645e17f2: 27 groups; 55.6 s; peak memory 1235 MiB.
2026-10-09T13:03:14Z INFO [547/900] 849b99d0-d4a9-4bc7-af54-d26e58759346: 18 groups; 1.0 s; peak memory 1235 MiB.
2026-10-09T13:03:15Z INFO [548/900] 849cda39-7cd6-4056-a109-b809f6442141: 42 groups; 1.9 s; peak memory 1235 MiB.
2026-10-09T13:03:17Z INFO [549/900] 849de8f7-4ef9-4e58-b9ea-c79aa3829a4a: 22 groups; 1.4 s; peak memory 1235 MiB.
2026-10-09T13:03:35Z INFO [550/900] 849e235f-3ce3-4f31-8736-c4f3547e130a: 216 groups; 17.7 s; peak memory 1235 MiB.
2026-10-09T13:03:35Z INFO [550/900] 849e235f-3ce3-4f31-8736-c4f3547e130a: checkpointed 110786 new records.
2026-10-09T13:03:37Z INFO [551/900] 849ef0f3-b351-4ec1-a5f8-c45f1b91b870: 35 groups; 1.8 s; peak memory 1235 MiB.
2026-10-09T13:03:50Z INFO [552/900] 849fe1ca-fe26-4464-82c1-7fde37918853: 179 groups; 13.1 s; peak memory 1235 MiB.
2026-10-09T13:03:51Z INFO [553/900] 849ff782-c480-4915-88fc-4312084b1322: 28 groups; 1.4 s; peak memory 1235 MiB.
2026-10-09T13:03:53Z INFO [554/900] 84a03748-cd8c-432c-ba1b-264e8d80ca14: 253 groups; 1.7 s; peak memory 1235 MiB.
2026-10-09T13:06:39Z INFO [555/900] 84a0bba2-00c5-409a-9b0c-c983738b17d3: 60 groups; 166.4 s; peak memory 1235 MiB.
2026-10-09T13:06:42Z INFO [556/900] 84a1750f-6298-445d-80c5-c12fec215332: 207 groups; 2.4 s; peak memory 1235 MiB.
2026-10-09T13:06:43Z INFO [557/900] 84a17b38-8b5d-49ca-b9fa-72416e85d15f: 32 groups; 1.5 s; peak memory 1235 MiB.
2026-10-09T13:06:44Z INFO [558/900] 84a1a087-ff16-484c-b633-ee0e63eca0ca: 22 groups; 1.3 s; peak memory 1235 MiB.
2026-10-09T13:06:46Z INFO [559/900] 84a1b492-6d57-4110-8cb2-61369af110a0: 22 groups; 1.4 s; peak memory 1235 MiB.
2026-10-09T13:06:50Z INFO [560/900] 84a2eae5-9316-4cab-92ab-cbf3ea99a965: 52 groups; 3.7 s; peak memory 1235 MiB.
2026-10-09T13:06:58Z INFO [561/900] 84a31a23-2db0-4319-9047-82cceca0c331: 66 groups; 8.7 s; peak memory 1235 MiB.
2026-10-09T13:07:01Z INFO [562/900] 84a33fa4-49ad-465b-962d-f95bfb3d54d2: 204 groups; 2.7 s; peak memory 1235 MiB.
2026-10-09T13:07:02Z INFO [563/900] 84a3bdd6-80ba-4fec-bddd-5715c632caf4: 18 groups; 1.1 s; peak memory 1235 MiB.
2026-10-09T13:07:19Z INFO [564/900] 84a4673b-9615-4251-ae06-491d70e19a2c: 293 groups; 17.0 s; peak memory 1235 MiB.
2026-10-09T13:07:22Z INFO [565/900] 84a48fe3-e8c3-44fe-a84a-6a7cfcad0b7e: 341 groups; 2.7 s; peak memory 1235 MiB.
2026-10-09T13:07:24Z INFO [566/900] 84a4f9e8-31d0-455c-84a8-03dc84e1ef69: 32 groups; 1.7 s; peak memory 1235 MiB.
2026-10-09T13:07:25Z INFO [567/900] 84a5a123-928a-4494-a259-17a804fb35c0: 33 groups; 1.5 s; peak memory 1235 MiB.
2026-10-09T13:07:29Z INFO [568/900] 84a5c7f3-0ef1-455e-b158-05939835d5d0: 47 groups; 3.9 s; peak memory 1235 MiB.
2026-10-09T13:07:30Z INFO [569/900] 84a5dfdd-5de5-4cec-b4af-561eb4740dc7: 22 groups; 1.3 s; peak memory 1235 MiB.
2026-10-09T13:07:41Z INFO [570/900] 84a71c80-6450-4444-9c37-f79c14aac8c4: 68 groups; 10.6 s; peak memory 1235 MiB.
2026-10-09T13:08:09Z INFO [571/900] 84a76bc2-17b5-4194-828d-5ba74d46c558: 23 groups; 27.9 s; peak memory 1235 MiB.
2026-10-09T13:08:10Z INFO [572/900] 84a84b59-158c-4972-81f2-7e6181e82cfe: 32 groups; 1.6 s; peak memory 1235 MiB.
2026-10-09T13:08:12Z INFO [573/900] 84a8ab33-a46a-4cbf-ba69-e16cc1b089c0: 32 groups; 1.7 s; peak memory 1235 MiB.
2026-10-09T13:08:14Z INFO [574/900] 84a8b5c1-cfcb-49e1-8ade-17a43997d8b2: 32 groups; 1.8 s; peak memory 1235 MiB.
2026-10-09T13:08:15Z INFO [575/900] 84ab716d-6b39-4685-9648-fc621c6891e2: 256 groups; 1.6 s; peak memory 1235 MiB.
2026-10-09T13:08:17Z INFO [576/900] 84ac1c02-9f97-4917-84cd-ee6f70606e7c: 32 groups; 1.6 s; peak memory 1235 MiB.
2026-10-09T13:08:29Z INFO [577/900] 84ac2315-70d6-41c9-8fb9-da406bc33256: 84 groups; 11.9 s; peak memory 1235 MiB.
2026-10-09T13:08:31Z INFO [578/900] 84ac714d-f4f9-4c2d-83c1-40a3912284c6: 32 groups; 1.6 s; peak memory 1235 MiB.
2026-10-09T13:08:32Z INFO [579/900] 84ad6cea-bc26-45e4-93c4-9ee370e0f291: 32 groups; 1.8 s; peak memory 1235 MiB.
2026-10-09T13:10:39Z INFO [580/900] 84ad7192-9adb-48c9-bfb0-b0888db1901f: 60 groups; 126.8 s; peak memory 1235 MiB.
2026-10-09T13:10:41Z INFO [581/900] 84ad8918-e239-45c9-b1ac-f6af9a74a370: 22 groups; 1.4 s; peak memory 1235 MiB.
2026-10-09T13:10:55Z INFO [582/900] 84adb175-7322-4665-9bdd-2d16f26d99c4: 264 groups; 14.7 s; peak memory 1235 MiB.
2026-10-09T13:10:57Z INFO [583/900] 84adc148-9570-4430-b6fc-7d33be0a91bf: 32 groups; 1.7 s; peak memory 1235 MiB.
2026-10-09T13:10:59Z INFO [584/900] 84add751-907a-4257-81c6-b2629a45ffbe: 29 groups; 1.9 s; peak memory 1235 MiB.
2026-10-09T13:11:00Z INFO [585/900] 84aeaa11-c7d2-4b13-b6fd-1d2906d489a2: 22 groups; 1.4 s; peak memory 1235 MiB.
2026-10-09T13:11:02Z INFO [586/900] 84af75cc-f648-4fde-a682-6f2c9f5101c1: 22 groups; 1.5 s; peak memory 1235 MiB.
2026-10-09T13:11:04Z INFO [587/900] 84b0939c-898e-461e-8e09-e61a06e63a62: 35 groups; 2.1 s; peak memory 1235 MiB.
2026-10-09T13:11:05Z INFO [588/900] 84b095e1-472c-4444-b19b-16773f2bc9bc: 22 groups; 1.3 s; peak memory 1235 MiB.
2026-10-09T13:11:07Z INFO [589/900] 84b1705d-4c7d-4660-af74-81fc88c91615: 35 groups; 1.8 s; peak memory 1235 MiB.
2026-10-09T13:11:09Z INFO [590/900] 84b189cd-ee60-4e4a-b710-e7eb04ef54b6: 336 groups; 2.1 s; peak memory 1235 MiB.
2026-10-09T13:11:10Z INFO [591/900] 84b189f6-d299-4c80-aa02-39139d87df8f: 30 groups; 1.1 s; peak memory 1235 MiB.
2026-10-09T13:11:12Z INFO [592/900] 84b1f201-ef32-4f69-a41f-0467bfa6bed4: 35 groups; 1.9 s; peak memory 1235 MiB.
2026-10-09T13:11:14Z INFO [593/900] 84b21e2c-d884-4e95-a309-335693c01b41: 49 groups; 2.2 s; peak memory 1235 MiB.
2026-10-09T13:11:16Z INFO [594/900] 84b2975a-7ad1-44d8-b841-7b7092553819: 32 groups; 1.8 s; peak memory 1235 MiB.
2026-10-09T13:11:34Z INFO [595/900] 84b312e2-4c7f-4c4e-84dd-ec61eba8b78f: 270 groups; 17.9 s; peak memory 1235 MiB.
2026-10-09T13:11:38Z INFO [596/900] 84b3aa17-1f4e-4fb9-a26d-050f7e506a34: 30 groups; 4.3 s; peak memory 1235 MiB.
2026-10-09T13:11:40Z INFO [597/900] 84b3acc2-8a09-4888-92c4-483f4dc3e313: 35 groups; 2.0 s; peak memory 1235 MiB.
2026-10-09T13:11:43Z INFO [598/900] 84b3dd7d-6165-4f8e-ab33-5ad49c6bebef: 35 groups; 2.2 s; peak memory 1235 MiB.
2026-10-09T13:11:44Z INFO [599/900] 84b4a6bb-cee5-42bd-bd23-38f37e8e18ed: 32 groups; 1.7 s; peak memory 1235 MiB.
2026-10-09T13:11:46Z INFO [600/900] 84b4e0e3-10c6-4e29-8829-c40e7cce17c8: 35 groups; 2.1 s; peak memory 1235 MiB.
2026-10-09T13:11:47Z INFO [600/900] 84b4e0e3-10c6-4e29-8829-c40e7cce17c8: checkpointed 110836 new records.
2026-10-09T13:11:58Z INFO [601/900] 84b4ef4a-1e6e-414f-ba13-4df1687d5338: 123 groups; 11.4 s; peak memory 1235 MiB.
2026-10-09T13:11:59Z INFO [602/900] 84b5ef86-7081-445f-b06e-b29275fc3989: 22 groups; 1.4 s; peak memory 1235 MiB.
2026-10-09T13:12:03Z INFO [603/900] 84b636f2-1f7b-48b8-b26c-84d99de63bd9: 48 groups; 3.2 s; peak memory 1235 MiB.
2026-10-09T13:12:04Z INFO [604/900] 84b65be5-2455-40f2-978a-ab40b0b6e493: 22 groups; 1.3 s; peak memory 1235 MiB.
2026-10-09T13:12:09Z INFO [605/900] 84b67585-a9c6-49a9-8c77-bd5f9e246f63: 133 groups; 5.4 s; peak memory 1235 MiB.
2026-10-09T13:12:12Z INFO [606/900] 84b6dcbe-a57a-46ba-91ab-4d7ae3e05ebb: 202 groups; 3.0 s; peak memory 1235 MiB.
2026-10-09T13:12:16Z INFO [607/900] 84b7c675-1ce8-4ab5-88df-6bd7c7700e74: 50 groups; 4.0 s; peak memory 1235 MiB.
2026-10-09T13:12:19Z INFO [608/900] 84b83d69-fe05-42ce-995f-40c220528b11: 336 groups; 2.2 s; peak memory 1235 MiB.
2026-10-09T13:12:22Z INFO [609/900] 84b8f459-a8c9-4be3-8d57-4a85d65f5c8a: 48 groups; 3.3 s; peak memory 1235 MiB.
2026-10-09T13:12:33Z INFO [610/900] 84b94900-586a-481a-80e5-b7e6f29643fe: 66 groups; 11.5 s; peak memory 1235 MiB.
2026-10-09T13:12:35Z INFO [611/900] 84b98375-f8e1-43bb-95ce-27d2fbec6e18: 22 groups; 1.3 s; peak memory 1235 MiB.
2026-10-09T13:12:43Z INFO [612/900] 84b9d112-69c4-46da-b8d0-1d3e4c387b1c: 181 groups; 8.5 s; peak memory 1235 MiB.
2026-10-09T13:12:44Z INFO [613/900] 84ba1fe2-0e7f-49b9-91f8-c9b27fc91476: 17 groups; 1.2 s; peak memory 1235 MiB.
2026-10-09T13:42:42Z INFO [614/900] 84baa5e7-50cc-499d-8d0e-03bd2f7d1c01: 61 groups; 1797.8 s; peak memory 1243 MiB.
2026-10-09T13:42:46Z INFO [615/900] 84bc1cd8-35e3-46ca-a1e8-ed4fbc2e7e7b: 54 groups; 3.4 s; peak memory 1243 MiB.
2026-10-09T13:45:15Z INFO [616/900] 84bc8495-4eab-47bf-88a0-321f549b3830: 68 groups; 149.2 s; peak memory 1243 MiB.
2026-10-09T13:45:19Z INFO [617/900] 84bcd0b9-eada-4310-8a0b-51ea5b48af80: 50 groups; 3.9 s; peak memory 1243 MiB.
2026-10-09T13:46:26Z INFO [618/900] 84bd644d-f36a-409f-91b9-11049cca517b: 3306 groups; 67.2 s; peak memory 1243 MiB.
2026-10-09T13:46:28Z INFO [619/900] 84be2aab-8b6a-4b47-b4a1-322f3e604f3c: 32 groups; 1.7 s; peak memory 1243 MiB.
2026-10-09T13:46:29Z INFO [620/900] 84bedbe8-ec2d-416e-9669-8679649e774b: 67 groups; 1.8 s; peak memory 1243 MiB.
2026-10-09T13:46:31Z INFO [621/900] 84befda5-2433-4791-be21-d4173e439362: 203 groups; 2.0 s; peak memory 1243 MiB.
2026-10-09T13:46:33Z INFO [622/900] 84bf280d-70e0-4868-b6f9-f34289614590: 33 groups; 1.7 s; peak memory 1243 MiB.
2026-10-09T13:46:36Z INFO [623/900] 84bf2bf9-2910-4c73-ac60-5933154f63dc: 48 groups; 3.3 s; peak memory 1243 MiB.
2026-10-09T13:46:38Z INFO [624/900] 84bfa596-6e00-4fc2-82f9-4d5a55588f84: 22 groups; 1.4 s; peak memory 1243 MiB.
2026-10-09T13:46:39Z INFO [625/900] 84bfe44d-cf68-424f-944f-3d88126ce49c: 17 groups; 1.2 s; peak memory 1243 MiB.
2026-10-09T13:46:47Z INFO [626/900] 84c03c70-016e-4b52-885d-cd8b62a5304a: 104 groups; 7.9 s; peak memory 1243 MiB.
2026-10-09T13:47:07Z INFO [627/900] 84c047e0-64fa-40df-b7d7-bd6f25a1ae03: 27 groups; 20.5 s; peak memory 1243 MiB.
2026-10-09T13:47:09Z INFO [628/900] 84c066b5-d7b3-485d-b6bd-9e48a0c5d322: 33 groups; 1.6 s; peak memory 1243 MiB.
2026-10-09T13:47:10Z INFO [629/900] 84c07311-c3d4-4261-9a99-dca2a1a4ed57: 18 groups; 1.0 s; peak memory 1243 MiB.
2026-10-09T13:47:13Z INFO [630/900] 84c101bf-fcd2-44b2-967d-73d930dd9c5b: 52 groups; 3.3 s; peak memory 1243 MiB.
2026-10-09T13:52:18Z INFO [631/900] 84c1984b-6fe0-4e8c-ac73-322a01e313d0: 55 groups; 304.3 s; peak memory 1243 MiB.
2026-10-09T13:52:31Z INFO [632/900] 84c1fefb-6c56-4a4b-84a6-642d865e40e5: 88 groups; 12.9 s; peak memory 1243 MiB.
2026-10-09T13:52:33Z INFO [633/900] 84c29893-f36a-4687-b825-bf8b2b9d1892: 48 groups; 2.9 s; peak memory 1243 MiB.
2026-10-09T13:54:24Z INFO [634/900] 84c38b50-bce7-4003-9803-14c0389ee6cf: 7010 groups; 110.2 s; peak memory 1243 MiB.
2026-10-09T13:54:27Z INFO [635/900] 84c3cd2d-b0e7-4233-85cb-6e3c94798ff3: 50 groups; 3.6 s; peak memory 1243 MiB.
2026-10-09T13:55:04Z INFO [636/900] 84c3d2f6-b9ef-4ba5-96ea-0c895285d483: 2909 groups; 36.7 s; peak memory 1243 MiB.
2026-10-09T13:55:05Z INFO [637/900] 84c4b2f1-739a-4a2c-82b0-a7bbdfc5ec20: 22 groups; 1.4 s; peak memory 1243 MiB.
2026-10-09T13:55:10Z INFO [638/900] 84c5a0b9-3bc7-46fb-b056-7d7feefd97c9: 57 groups; 4.8 s; peak memory 1243 MiB.
2026-10-09T13:55:12Z INFO [639/900] 84c5df25-58ec-4e2f-8023-60e12bac7c4f: 32 groups; 1.5 s; peak memory 1243 MiB.
2026-10-09T13:55:16Z INFO [640/900] 84c5f38c-89fb-44c6-bdde-d9927416ea91: 54 groups; 4.0 s; peak memory 1243 MiB.
2026-10-09T13:55:19Z INFO [641/900] 84c6de9a-540d-487a-aec4-841cbd87b4f4: 48 groups; 3.1 s; peak memory 1243 MiB.
2026-10-09T13:55:27Z INFO [642/900] 84c7f646-db04-4731-ac35-c6b19e5fb41d: 166 groups; 7.8 s; peak memory 1243 MiB.
2026-10-09T13:55:28Z INFO [643/900] 84c81a3c-3336-4654-8cb2-b2aff5e6d0e9: 22 groups; 1.4 s; peak memory 1243 MiB.
2026-10-09T13:55:29Z INFO [644/900] 84c8dc13-b81c-476d-a9c3-08d0c5f70754: 22 groups; 1.3 s; peak memory 1243 MiB.
2026-10-09T13:55:36Z INFO [645/900] 84cb3bef-85fa-4409-bb22-b1a14a9b8728: 105 groups; 6.7 s; peak memory 1243 MiB.
2026-10-09T13:55:37Z INFO [646/900] 84cb82ab-0611-4695-9580-be50cb14fdc9: 29 groups; 1.4 s; peak memory 1243 MiB.
2026-10-09T13:55:40Z INFO [647/900] 84ccdbb8-7331-49c5-a51d-d720a8d7107e: 48 groups; 2.5 s; peak memory 1243 MiB.
2026-10-09T13:55:42Z INFO [648/900] 84cd222d-f7a7-4e5c-bfb0-9d683c4adb10: 35 groups; 1.8 s; peak memory 1243 MiB.
2026-10-09T13:55:43Z INFO [649/900] 84cd29da-56fc-486c-85d3-777e76d87b82: 16 groups; 1.2 s; peak memory 1243 MiB.
2026-10-09T13:55:44Z INFO [650/900] 84cdb80b-9ab9-4f2d-bb7e-6e22fdcb0803: 33 groups; 1.4 s; peak memory 1243 MiB.
2026-10-09T13:55:44Z INFO [650/900] 84cdb80b-9ab9-4f2d-bb7e-6e22fdcb0803: checkpointed 110886 new records.
2026-10-09T13:55:45Z INFO [651/900] 84cdcb72-6190-45bc-b7e2-be85ae6e5f04: 25 groups; 1.0 s; peak memory 1243 MiB.
2026-10-09T13:55:47Z INFO [652/900] 84ce9f63-2113-44ed-a558-877abab39f27: 32 groups; 1.5 s; peak memory 1243 MiB.
2026-10-09T13:55:49Z INFO [653/900] 84cea58d-e38d-4d26-afc6-761b49dc571f: 196 groups; 1.6 s; peak memory 1243 MiB.
2026-10-09T13:55:50Z INFO [654/900] 84cf13f0-b913-4425-a9a3-1ca3f5d27f02: 29 groups; 1.6 s; peak memory 1243 MiB.
2026-10-09T13:55:51Z INFO [655/900] 84cfce42-c9ed-4bc6-8887-2f59a58ae867: 16 groups; 1.0 s; peak memory 1243 MiB.
2026-10-09T13:56:13Z INFO [656/900] 84d04c2e-c06a-4412-ae49-f5dc1e9bc268: 2029 groups; 22.2 s; peak memory 1243 MiB.
2026-10-09T13:56:15Z INFO [657/900] 84d5f3ef-5b56-4673-b6bc-881b3ee6adf2: 32 groups; 1.6 s; peak memory 1243 MiB.
2026-10-09T13:56:16Z INFO [658/900] 84d652d0-c456-4d37-a86e-15bd08878b19: 30 groups; 1.3 s; peak memory 1243 MiB.
2026-10-09T13:56:17Z INFO [659/900] 84d673bc-9ac0-47d7-aae5-2153fef5bdb8: 17 groups; 1.2 s; peak memory 1243 MiB.
2026-10-09T13:56:21Z INFO [660/900] 84d7fc5d-ab33-431d-97c6-65e3a9f6de79: 48 groups; 3.5 s; peak memory 1243 MiB.
2026-10-09T13:56:25Z INFO [661/900] 84d80009-c1f8-4064-a707-3abfe0c6cfb7: 52 groups; 4.0 s; peak memory 1243 MiB.
2026-10-09T13:56:27Z INFO [662/900] 84d83e6b-e249-4b5b-82cc-bd10c12f1b66: 35 groups; 1.9 s; peak memory 1243 MiB.
2026-10-09T13:56:28Z INFO [663/900] 84d84f73-784b-491a-ba75-5d7bfda5b49e: 22 groups; 1.4 s; peak memory 1243 MiB.
2026-10-09T13:56:39Z INFO [664/900] 84d90c7e-97cf-403f-b5d7-afbe6651ad52: 215 groups; 11.0 s; peak memory 1243 MiB.
2026-10-09T13:56:41Z INFO [665/900] 84d98a3e-918d-4f9b-9557-6da3808981c7: 36 groups; 1.7 s; peak memory 1243 MiB.
2026-10-09T13:56:42Z INFO [666/900] 84d9b467-650a-4018-8603-1e580e2f52db: 16 groups; 1.1 s; peak memory 1243 MiB.
2026-10-09T13:56:43Z INFO [667/900] 84da0ccf-30c0-4f1e-a9a2-2cb3da76077a: 18 groups; 0.9 s; peak memory 1243 MiB.
2026-10-09T13:56:45Z INFO [668/900] 84da8c2b-0cee-4f00-8b16-a1f0b106a66e: 207 groups; 1.9 s; peak memory 1243 MiB.
2026-10-09T13:56:46Z INFO [669/900] 84dc7470-cc1c-4099-8e3b-e8a51a6f8e43: 16 groups; 1.0 s; peak memory 1243 MiB.
2026-10-09T13:56:49Z INFO [670/900] 84dea408-74d0-4069-8336-13cb8cd85cc6: 341 groups; 2.9 s; peak memory 1243 MiB.
2026-10-09T13:56:50Z INFO [671/900] 84df950d-8d76-471a-aa4d-d633ea4c50f7: 33 groups; 1.7 s; peak memory 1243 MiB.
2026-10-09T13:56:52Z INFO [672/900] 84e14d5a-ed1a-4845-93d9-e8b53e789c4c: 35 groups; 1.8 s; peak memory 1243 MiB.
2026-10-09T13:56:54Z INFO [673/900] 84e2022f-ae56-44e5-b163-db2b394b6e97: 337 groups; 2.1 s; peak memory 1243 MiB.
2026-10-09T13:56:55Z INFO [674/900] 84e30f20-cd38-4bf5-91bd-c7ee32e4ddc1: 16 groups; 1.0 s; peak memory 1243 MiB.
2026-10-09T13:56:59Z INFO [675/900] 84e37db4-5913-4245-a314-a549295abd85: 48 groups; 3.2 s; peak memory 1243 MiB.
2026-10-09T13:57:10Z INFO [676/900] 84e41dcf-ee6e-46d8-836a-7475be07b061: 123 groups; 11.2 s; peak memory 1243 MiB.
2026-10-09T13:57:28Z INFO [677/900] 84e4f0cd-7054-46d8-816a-1c20a22e716c: 160 groups; 18.2 s; peak memory 1243 MiB.
2026-10-09T13:57:30Z INFO [678/900] 84e5a3f5-4cb2-46af-afd7-ee87757332ef: 32 groups; 1.5 s; peak memory 1243 MiB.
2026-10-09T13:57:31Z INFO [679/900] 84e5d8cf-8551-4cb3-a945-a04b75a3a99b: 33 groups; 1.5 s; peak memory 1243 MiB.
2026-10-09T13:57:32Z INFO [680/900] 84e68167-2826-454a-9dd4-6f376ac1bcd2: 33 groups; 1.4 s; peak memory 1243 MiB.
2026-10-09T13:57:36Z INFO [681/900] 84e8d3b1-31c7-43f2-be8f-0f11aff711ba: 54 groups; 3.4 s; peak memory 1243 MiB.
2026-10-09T13:57:37Z INFO [682/900] 84e8fb68-086e-4642-84ce-89c3f2bc93a5: 22 groups; 1.4 s; peak memory 1243 MiB.
2026-10-09T13:57:51Z INFO [683/900] 84e98120-2163-498e-b8dd-e068a7bbbf07: 219 groups; 13.9 s; peak memory 1243 MiB.
2026-10-09T13:57:54Z INFO [684/900] 84e9b4cd-a791-411f-9966-fa606890ae45: 17 groups; 3.2 s; peak memory 1243 MiB.
2026-10-09T13:57:56Z INFO [685/900] 84e9fbb2-c37e-4073-aeaf-55e249ff29b2: 32 groups; 1.4 s; peak memory 1243 MiB.
2026-10-09T13:58:10Z INFO [686/900] 84ea44ee-30f7-441f-919f-c3a3219f245c: 33 groups; 14.6 s; peak memory 1243 MiB.
2026-10-09T13:58:12Z INFO [687/900] 84ea64e2-d33a-42fd-8b74-8178c9a8b3c7: 32 groups; 2.0 s; peak memory 1243 MiB.
2026-10-09T13:58:19Z INFO [688/900] 84eab424-aef7-4213-af3a-970322e6bf8b: 181 groups; 6.7 s; peak memory 1243 MiB.
2026-10-09T13:58:20Z INFO [689/900] 84eb5ffc-7a71-412f-86c0-c4ca8b663f74: 22 groups; 1.3 s; peak memory 1243 MiB.
2026-10-09T13:58:23Z INFO [690/900] 84ebfdfd-5f5e-437d-9d91-c824acf60b07: 48 groups; 2.9 s; peak memory 1243 MiB.
2026-10-09T13:58:33Z INFO [691/900] 84ec0883-6026-4e40-9f0f-c6cc257c6907: 202 groups; 10.1 s; peak memory 1243 MiB.
2026-10-09T13:58:35Z INFO [692/900] 84ecab7b-0bab-4e77-b256-31af118fe8bd: 32 groups; 1.5 s; peak memory 1243 MiB.
2026-10-09T13:58:37Z INFO [693/900] 84ecb0da-22ae-482b-9cac-99d51da3779c: 203 groups; 2.2 s; peak memory 1243 MiB.
2026-10-09T13:58:40Z INFO [694/900] 84eccfa9-f3f7-49bf-9db6-e9ba60c190f5: 206 groups; 2.7 s; peak memory 1243 MiB.
2026-10-09T13:58:41Z INFO [695/900] 84ed01b4-24de-4049-94e0-e23fb69e9046: 22 groups; 1.4 s; peak memory 1243 MiB.
2026-10-09T13:58:49Z INFO [696/900] 84ed94cb-6684-4e85-adfd-d42d99819481: 181 groups; 8.3 s; peak memory 1243 MiB.
2026-10-09T13:58:51Z INFO [697/900] 84ee7ce3-5e6e-4b51-adf4-d451541656fe: 32 groups; 1.5 s; peak memory 1243 MiB.
2026-10-09T13:58:52Z INFO [698/900] 84ef6995-6923-4ca3-b7fd-e8f8571f86cf: 33 groups; 1.5 s; peak memory 1243 MiB.
2026-10-09T13:58:53Z INFO [699/900] 84f0d397-c032-4125-8cb5-b2063f62d97a: 18 groups; 1.0 s; peak memory 1243 MiB.
2026-10-09T13:58:55Z INFO [700/900] 84f23ec4-b0ce-4698-ad77-3e53efc5f2eb: 29 groups; 1.6 s; peak memory 1243 MiB.
2026-10-09T13:58:55Z INFO [700/900] 84f23ec4-b0ce-4698-ad77-3e53efc5f2eb: checkpointed 110936 new records.
2026-10-09T13:58:56Z INFO [701/900] 84f25289-49c0-4bb8-a6d3-8aa4856b5144: 32 groups; 1.3 s; peak memory 1243 MiB.
2026-10-09T13:58:59Z INFO [702/900] 84f34f4b-d449-47b0-ad11-bc11f1d70f6d: 207 groups; 2.5 s; peak memory 1243 MiB.
2026-10-09T13:59:10Z INFO [703/900] 84f351a5-4011-4c03-9c6a-f8141dc937c6: 199 groups; 10.7 s; peak memory 1243 MiB.
2026-10-09T13:59:12Z INFO [704/900] 84f37cd9-f756-49b6-8ac5-b182dedb5332: 35 groups; 2.0 s; peak memory 1243 MiB.
2026-10-09T13:59:13Z INFO [705/900] 84f3b5a4-803e-4825-a438-e1079cf9da33: 202 groups; 1.8 s; peak memory 1243 MiB.
2026-10-09T13:59:15Z INFO [706/900] 84f50d29-ac8d-451a-b37a-7bce6743022b: 22 groups; 1.5 s; peak memory 1243 MiB.
2026-10-09T13:59:16Z INFO [707/900] 84f5b5ba-7b0b-4cf9-b02b-aaba0e15f277: 32 groups; 1.6 s; peak memory 1243 MiB.
2026-10-09T13:59:23Z INFO [708/900] 84f653dd-1d72-4246-8786-8be4f1859578: 47 groups; 7.0 s; peak memory 1243 MiB.
2026-10-09T13:59:26Z INFO [709/900] 84f67082-e0e9-4e97-856d-7e9fa600ddac: 43 groups; 2.2 s; peak memory 1243 MiB.
2026-10-09T13:59:27Z INFO [710/900] 84f736a3-64e0-431f-8d51-341574e0a882: 22 groups; 1.3 s; peak memory 1243 MiB.
2026-10-09T13:59:28Z INFO [711/900] 84f80249-adfd-46ee-82c4-d81a7f87a4d4: 22 groups; 1.3 s; peak memory 1243 MiB.
2026-10-09T13:59:30Z INFO [712/900] 84f813ac-e8e0-4cba-85be-9bc763aacb3f: 22 groups; 1.3 s; peak memory 1243 MiB.
2026-10-09T13:59:32Z INFO [713/900] 84f8311e-a498-4d6d-861e-a102054d6caa: 207 groups; 2.1 s; peak memory 1243 MiB.
2026-10-09T13:59:33Z INFO [714/900] 84f85e95-7f01-4b63-b1cc-29652650ea8f: 32 groups; 1.7 s; peak memory 1243 MiB.
2026-10-09T13:59:36Z INFO [715/900] 84f90a87-0cfa-4533-bec9-ab8aa54b4f7f: 48 groups; 2.3 s; peak memory 1243 MiB.
2026-10-09T13:59:50Z INFO [716/900] 84f921da-af37-475a-a599-745a290d3034: 376 groups; 13.9 s; peak memory 1243 MiB.
2026-10-09T13:59:52Z INFO [717/900] 84f99074-94ee-4c78-ac27-7deca1665376: 337 groups; 2.1 s; peak memory 1243 MiB.
2026-10-09T13:59:53Z INFO [718/900] 84fa39a3-ea99-4b35-9361-5c1a358b8116: 22 groups; 1.3 s; peak memory 1243 MiB.
2026-10-09T14:00:53Z INFO [719/900] 84fb2524-9ab7-4d93-a520-cdab89ad7733: 173 groups; 60.5 s; peak memory 1243 MiB.
2026-10-09T14:01:01Z INFO [720/900] 84fbd22b-af23-4824-b061-fc320f8df9ad: 109 groups; 7.1 s; peak memory 1243 MiB.
2026-10-09T14:01:27Z INFO [721/900] 84fc09b7-5d8c-44c2-ac94-35fc36cfb757: 67 groups; 26.4 s; peak memory 1243 MiB.
2026-10-09T14:01:29Z INFO [722/900] 84fc343a-cef7-4efe-aade-70148190568a: 35 groups; 1.8 s; peak memory 1243 MiB.
2026-10-09T14:01:30Z INFO [723/900] 84fd1c6e-4b54-46ef-9a25-8d0d24d0ca83: 33 groups; 1.5 s; peak memory 1243 MiB.
2026-10-09T14:01:38Z INFO [724/900] 84fd7bd0-372f-465c-ae02-1427108801e9: 181 groups; 8.0 s; peak memory 1243 MiB.
2026-10-09T14:01:39Z INFO [725/900] 84fe6439-98d1-48f8-8603-cd68681e5003: 28 groups; 1.2 s; peak memory 1243 MiB.
2026-10-09T14:01:41Z INFO [726/900] 84fe7dcc-028e-4917-987a-26ad3f2fce61: 35 groups; 1.8 s; peak memory 1243 MiB.
2026-10-09T14:01:50Z INFO [727/900] 84feb5eb-6399-4974-b138-7ac2f36dde8c: 65 groups; 8.7 s; peak memory 1243 MiB.
2026-10-09T14:02:09Z INFO [728/900] 84ffaa7b-442a-4759-b0d8-5d8b31f435f7: 382 groups; 19.4 s; peak memory 1243 MiB.
2026-10-09T14:02:11Z INFO [729/900] 8500ddf7-6162-4ca4-9459-93840c18fa35: 32 groups; 1.3 s; peak memory 1243 MiB.
2026-10-09T14:02:12Z INFO [730/900] 85010c73-9c3d-445c-9d32-a3f8a88be9a0: 35 groups; 1.8 s; peak memory 1243 MiB.
2026-10-09T14:02:14Z INFO [731/900] 85013fb6-61fe-4771-8dd0-d97b58f5882b: 33 groups; 1.9 s; peak memory 1243 MiB.
2026-10-09T14:02:16Z INFO [732/900] 85017c20-3876-4cd9-be51-0ce455a9de19: 32 groups; 1.6 s; peak memory 1243 MiB.
2026-10-09T14:02:17Z INFO [733/900] 85026f41-209d-4512-9a47-82582a729357: 22 groups; 1.3 s; peak memory 1243 MiB.
2026-10-09T14:02:20Z INFO [734/900] 85028041-a04e-4bb4-bf75-8c39e3810113: 17 groups; 2.3 s; peak memory 1243 MiB.
2026-10-09T14:02:22Z INFO [735/900] 85028086-eb66-4c83-b08d-b93fe49477e0: 33 groups; 2.0 s; peak memory 1243 MiB.
2026-10-09T14:02:23Z INFO [736/900] 85028ec6-5fbb-467a-9211-9a851ef851e8: 25 groups; 1.5 s; peak memory 1243 MiB.
2026-10-09T14:02:49Z INFO [737/900] 85029858-dd32-454d-8264-36e5409e7116: 23 groups; 26.0 s; peak memory 1243 MiB.
2026-10-09T14:02:51Z INFO [738/900] 85034fae-3578-4303-a581-ffd3a78f3dc7: 22 groups; 1.5 s; peak memory 1243 MiB.
2026-10-09T14:02:57Z INFO [739/900] 8503528a-34d9-42d0-af0d-7ba83d0aa4b2: 78 groups; 6.4 s; peak memory 1243 MiB.
2026-10-09T14:02:59Z INFO [740/900] 8503a27c-85f1-4e1f-872f-83385b60e369: 337 groups; 2.4 s; peak memory 1243 MiB.
2026-10-09T14:03:01Z INFO [741/900] 85046f3d-c356-49c2-8da7-9a40c830f6a9: 256 groups; 1.7 s; peak memory 1243 MiB.
2026-10-09T14:03:37Z INFO [742/900] 8506dc0c-c9ae-4d62-8156-98d7bd81374b: 3020 groups; 35.8 s; peak memory 1243 MiB.
2026-10-09T14:03:40Z INFO [743/900] 85072a74-00f8-4219-adaf-a6648231b5c6: 200 groups; 2.7 s; peak memory 1243 MiB.
2026-10-09T14:03:41Z INFO [744/900] 8507387e-3f72-4d91-b7b8-1549afb8c049: 16 groups; 1.0 s; peak memory 1243 MiB.
2026-10-09T14:03:42Z INFO [745/900] 8507f93e-5097-4e71-9ac4-3d45f7b9de6a: 22 groups; 1.4 s; peak memory 1243 MiB.
2026-10-09T14:03:44Z INFO [746/900] 85081676-ea1d-4b73-beda-e275792686e6: 22 groups; 1.4 s; peak memory 1243 MiB.
2026-10-09T14:03:45Z INFO [747/900] 850846d4-eb47-4183-b62a-ea82f9b8fa4e: 22 groups; 1.4 s; peak memory 1243 MiB.
2026-10-09T14:03:47Z INFO [748/900] 8508aad5-4df1-4436-a647-eaec24883610: 33 groups; 2.0 s; peak memory 1243 MiB.
2026-10-09T14:03:49Z INFO [749/900] 8508dc2b-c17c-4d4d-8127-2905540728a8: 32 groups; 1.8 s; peak memory 1243 MiB.
2026-10-09T14:03:50Z INFO [750/900] 85093866-6337-437f-8ebb-d8ad156ae953: 32 groups; 1.6 s; peak memory 1243 MiB.
2026-10-09T14:03:51Z INFO [750/900] 85093866-6337-437f-8ebb-d8ad156ae953: checkpointed 110986 new records.
2026-10-09T14:03:52Z INFO [751/900] 85093a90-6e6a-4747-aa0f-ae6a3e23867d: 33 groups; 1.8 s; peak memory 1243 MiB.
2026-10-09T14:03:54Z INFO [752/900] 85094315-a3b6-4717-a461-eafaf53d8093: 199 groups; 2.0 s; peak memory 1243 MiB.
2026-10-09T14:04:14Z INFO [753/900] 850957f3-6698-4f71-a9c4-4b9a2dd7ea39: 90 groups; 19.7 s; peak memory 1243 MiB.
2026-10-09T14:04:25Z INFO [754/900] 8509badf-c85f-4d92-ad03-d7984de90b7e: 133 groups; 11.2 s; peak memory 1243 MiB.
2026-10-09T14:04:27Z INFO [755/900] 850a40e9-6b18-4128-8bb0-689096d41b6a: 22 groups; 1.4 s; peak memory 1243 MiB.
2026-10-09T14:04:28Z INFO [756/900] 850abb86-136d-44d8-a476-c12146559a6a: 253 groups; 1.5 s; peak memory 1243 MiB.
2026-10-09T14:04:30Z INFO [757/900] 850b9b64-377d-4d36-bb81-769a2364674f: 33 groups; 1.7 s; peak memory 1243 MiB.
2026-10-09T14:04:32Z INFO [758/900] 850c0aa0-666b-4231-9870-813b4d3ec9b8: 341 groups; 2.2 s; peak memory 1243 MiB.
2026-10-09T14:04:34Z INFO [759/900] 850d9b94-ad0f-4508-9608-0d0760f7c9db: 35 groups; 1.9 s; peak memory 1243 MiB.
2026-10-09T14:04:36Z INFO [760/900] 850da4da-80c8-453f-835a-09546dd2d508: 193 groups; 1.6 s; peak memory 1243 MiB.
2026-10-09T14:04:37Z INFO [761/900] 850de75b-b1d0-46bb-b4f9-c0b4ae9fcf9f: 30 groups; 1.0 s; peak memory 1243 MiB.
2026-10-09T14:04:39Z INFO [762/900] 850f24ed-5597-4ac2-947b-00dadaf3f826: 200 groups; 2.2 s; peak memory 1243 MiB.
2026-10-09T14:04:41Z INFO [763/900] 8510a252-1e00-41bc-8926-0a8ef3472831: 41 groups; 2.0 s; peak memory 1243 MiB.
2026-10-09T14:04:42Z INFO [764/900] 8510c656-3b22-41ff-8687-847a6f0ccfa6: 22 groups; 1.4 s; peak memory 1243 MiB.
2026-10-09T14:04:43Z INFO [765/900] 8511a41c-a0f8-4f89-ad95-9ed38cc22af7: 18 groups; 1.2 s; peak memory 1243 MiB.
2026-10-09T14:04:45Z INFO [766/900] 8511b6b0-eb0a-49b3-b373-b0f03fb958ee: 25 groups; 1.4 s; peak memory 1243 MiB.
2026-10-09T14:04:46Z INFO [767/900] 85120a22-df5d-45b2-ae1f-7c59d78b8af8: 16 groups; 1.1 s; peak memory 1243 MiB.
2026-10-09T14:04:48Z INFO [768/900] 85124072-9382-48b0-b7ae-1e86b73d865c: 32 groups; 1.7 s; peak memory 1243 MiB.
2026-10-09T14:04:50Z INFO [769/900] 85125212-dda8-481c-9d13-2cf3d77669ab: 32 groups; 1.8 s; peak memory 1243 MiB.
2026-10-09T14:04:51Z INFO [770/900] 85127c64-4557-4808-8471-47326d181ba1: 22 groups; 1.3 s; peak memory 1243 MiB.
2026-10-09T14:04:52Z INFO [771/900] 8513b6a2-5cf9-433b-acb2-3e68f3297318: 22 groups; 1.3 s; peak memory 1243 MiB.
2026-10-09T14:04:54Z INFO [772/900] 8513f1e8-ff75-4a0c-95a7-cda4d242cc58: 202 groups; 1.9 s; peak memory 1243 MiB.
2026-10-09T14:04:56Z INFO [773/900] 8513f301-1a26-48fc-9bea-d0493f9340f4: 41 groups; 2.0 s; peak memory 1243 MiB.
2026-10-09T14:04:59Z INFO [774/900] 851413a1-37ce-405f-885a-73b5bce0f822: 17 groups; 3.2 s; peak memory 1243 MiB.
2026-10-09T14:05:03Z INFO [775/900] 85143235-0d70-4ed5-a5f6-55e572544a98: 61 groups; 3.9 s; peak memory 1243 MiB.
2026-10-09T14:05:04Z INFO [776/900] 851446e9-a6c9-40f5-af99-18d9b4453cb8: 16 groups; 1.1 s; peak memory 1243 MiB.
2026-10-09T14:05:06Z INFO [777/900] 851565c2-dce0-474c-b5d4-7bdcbe321c39: 253 groups; 1.5 s; peak memory 1243 MiB.
2026-10-09T14:05:07Z INFO [778/900] 85167232-f6ad-4df1-a950-4fce413f3c4f: 22 groups; 1.4 s; peak memory 1243 MiB.
2026-10-09T14:05:08Z INFO [779/900] 85173681-cd47-4c27-b6d9-6d32c4fded88: 28 groups; 1.2 s; peak memory 1243 MiB.
2026-10-09T14:05:10Z INFO [780/900] 85176a29-8875-4d62-912b-8b444a0372d4: 22 groups; 1.3 s; peak memory 1243 MiB.
2026-10-09T14:05:12Z INFO [781/900] 851ac22e-5ede-4d3e-9728-ead39ab731b1: 35 groups; 1.8 s; peak memory 1243 MiB.
2026-10-09T14:05:13Z INFO [782/900] 851ae506-6490-4103-a4e9-c0dc9e058ddb: 34 groups; 1.7 s; peak memory 1243 MiB.
2026-10-09T14:05:19Z INFO [783/900] 851af670-6715-468b-9fce-96b4b5ab8087: 17 groups; 5.3 s; peak memory 1243 MiB.
2026-10-09T14:05:20Z INFO [784/900] 851b4bee-350a-4be2-b40c-b0a8b3fc5ea7: 18 groups; 1.2 s; peak memory 1243 MiB.
2026-10-09T14:05:22Z INFO [785/900] 851b8302-2f0e-49ae-ad5f-596f51f1bf44: 202 groups; 2.0 s; peak memory 1243 MiB.
2026-10-09T14:05:23Z INFO [786/900] 851bcc3d-af3d-4fe8-ac5b-989ac34011b6: 19 groups; 1.3 s; peak memory 1243 MiB.
2026-10-09T14:05:24Z INFO [787/900] 851c6703-0896-4aa5-b5b7-9df52aee04d1: 22 groups; 1.4 s; peak memory 1243 MiB.
2026-10-09T14:05:26Z INFO [788/900] 851cfd6b-75b6-411c-bd6e-6f1fadf3504d: 36 groups; 1.8 s; peak memory 1243 MiB.
2026-10-09T14:05:28Z INFO [789/900] 851ed4c2-15ee-43cb-a5ac-31e6d7a40530: 32 groups; 1.7 s; peak memory 1243 MiB.
2026-10-09T14:05:36Z INFO [790/900] 851f4740-bbbe-40c6-8f0a-ca807b9cc1bd: 181 groups; 8.3 s; peak memory 1243 MiB.
2026-10-09T14:05:41Z INFO [791/900] 85200257-6dca-4752-a2ac-099b84b0c862: 89 groups; 5.2 s; peak memory 1243 MiB.
2026-10-09T14:05:43Z INFO [792/900] 85208686-d051-4be0-a984-4e8b6444e289: 32 groups; 1.7 s; peak memory 1243 MiB.
2026-10-09T14:05:45Z INFO [793/900] 8521f01c-e426-4886-ba51-6875817f849c: 194 groups; 2.1 s; peak memory 1243 MiB.
2026-10-09T14:05:49Z INFO [794/900] 85227a0b-c619-4950-a7ec-7d4ad040fd5b: 48 groups; 3.5 s; peak memory 1243 MiB.
2026-10-09T14:05:51Z INFO [795/900] 8522da30-c7dc-4200-adba-4e0805e8b4f2: 195 groups; 2.0 s; peak memory 1243 MiB.
2026-10-09T14:05:52Z INFO [796/900] 8522f2c0-921d-4318-a8cf-d5261392a217: 32 groups; 1.6 s; peak memory 1243 MiB.
2026-10-09T14:05:53Z INFO [797/900] 85232602-e7df-4d2b-9ad1-47a1a2445c16: 26 groups; 1.1 s; peak memory 1243 MiB.
2026-10-09T14:05:55Z INFO [798/900] 85235c1d-68cf-46e0-8c3e-9feee8625a33: 32 groups; 1.8 s; peak memory 1243 MiB.
2026-10-09T14:05:58Z INFO [799/900] 8524236b-6192-474b-880a-622ab443ade8: 206 groups; 2.8 s; peak memory 1243 MiB.
2026-10-09T14:05:59Z INFO [800/900] 85243a39-51d2-4c58-bffb-91ffbdb57c73: 22 groups; 1.3 s; peak memory 1243 MiB.
2026-10-09T14:06:00Z INFO [800/900] 85243a39-51d2-4c58-bffb-91ffbdb57c73: checkpointed 111036 new records.
2026-10-09T14:06:04Z INFO [801/900] 85245954-6db8-4f9e-815d-f1d1ebb45858: 88 groups; 4.5 s; peak memory 1243 MiB.
2026-10-09T14:06:06Z INFO [802/900] 852583cd-cea9-4943-8019-ec53e5c15d26: 26 groups; 1.7 s; peak memory 1243 MiB.
2026-10-09T14:06:08Z INFO [803/900] 8525a80c-ca04-4c3d-8aba-d6917afa1518: 108 groups; 2.0 s; peak memory 1243 MiB.
2026-10-09T14:06:09Z INFO [804/900] 85264622-f231-4df1-9930-57b784cdc0d1: 24 groups; 1.3 s; peak memory 1243 MiB.
2026-10-09T14:06:12Z INFO [805/900] 8527b206-adcd-4b76-8cd9-a6cf1e57d9c8: 27 groups; 2.7 s; peak memory 1243 MiB.
2026-10-09T14:06:59Z INFO [806/900] 8527c2e2-f0e7-4ef5-af8c-f347d5c40a9b: 2909 groups; 46.7 s; peak memory 1243 MiB.
2026-10-09T14:07:00Z INFO [807/900] 85284230-f54c-4683-998b-f4f2282bc2e5: 16 groups; 1.0 s; peak memory 1243 MiB.
2026-10-09T14:07:01Z INFO [808/900] 85284daa-a359-470b-8156-02fb3709eed5: 16 groups; 1.1 s; peak memory 1243 MiB.
2026-10-09T14:07:02Z INFO [809/900] 85290a18-e54f-4266-aa02-0035c6197796: 22 groups; 1.5 s; peak memory 1243 MiB.
2026-10-09T14:07:03Z INFO [810/900] 85296e91-ed82-42e5-a90c-783fb445fbb8: 22 groups; 1.2 s; peak memory 1243 MiB.
2026-10-09T14:07:05Z INFO [811/900] 852a39c6-fc01-4d35-a678-3fdab2443f68: 31 groups; 1.1 s; peak memory 1243 MiB.
2026-10-09T14:07:06Z INFO [812/900] 852b13ff-c452-43d0-a701-2b2d49b59a85: 22 groups; 1.4 s; peak memory 1243 MiB.
2026-10-09T14:07:15Z INFO [813/900] 852b5b06-ba75-4a12-ac50-75ce622542d9: 238 groups; 9.4 s; peak memory 1243 MiB.
2026-10-09T14:07:17Z INFO [814/900] 852b93c9-8508-43d1-a361-89df289a3341: 25 groups; 1.5 s; peak memory 1243 MiB.
2026-10-09T14:07:19Z INFO [815/900] 852bee1a-2e04-4022-88b2-dd8c0e09cb39: 35 groups; 2.1 s; peak memory 1243 MiB.
2026-10-09T14:07:21Z INFO [816/900] 852c81c9-b9ab-430f-8663-b85bd3c336d2: 32 groups; 1.7 s; peak memory 1243 MiB.
2026-10-09T14:07:24Z INFO [817/900] 852caf10-b919-490c-b3a3-fb461f8f9ab1: 48 groups; 3.2 s; peak memory 1243 MiB.
2026-10-09T14:07:25Z INFO [818/900] 852eb873-989f-4ddf-93ec-77061fbcc733: 71 groups; 1.5 s; peak memory 1243 MiB.
2026-10-09T14:07:27Z INFO [819/900] 852ec789-2745-4030-a4f9-643b8cee1a73: 22 groups; 1.4 s; peak memory 1243 MiB.
2026-10-09T14:07:28Z INFO [820/900] 85306b95-7c61-45d4-ae8a-c79981927b7b: 29 groups; 1.6 s; peak memory 1243 MiB.
2026-10-09T14:07:30Z INFO [821/900] 85307765-358b-4342-b165-70b4a1852c5e: 258 groups; 1.6 s; peak memory 1243 MiB.
2026-10-09T14:07:31Z INFO [822/900] 85309313-03a1-4c81-9469-dff7de3f136a: 22 groups; 1.4 s; peak memory 1243 MiB.
2026-10-09T14:07:34Z INFO [823/900] 8530cd4e-2bef-4f6d-9ff5-67b3e740fa97: 43 groups; 2.8 s; peak memory 1243 MiB.
2026-10-09T14:07:39Z INFO [824/900] 85312017-4a4b-4267-a5cf-0d622d0667a1: 113 groups; 5.2 s; peak memory 1243 MiB.
2026-10-09T14:07:41Z INFO [825/900] 85312b05-bba4-4093-8d95-3ba805307d82: 32 groups; 1.7 s; peak memory 1243 MiB.
2026-10-09T14:08:04Z INFO [826/900] 8531da2d-9707-4534-a9c2-d8f3069bef61: 224 groups; 22.4 s; peak memory 1243 MiB.
2026-10-09T14:08:05Z INFO [827/900] 8532c9b2-4738-4c81-af1b-9ce6e4bb9148: 22 groups; 1.4 s; peak memory 1243 MiB.
2026-10-09T14:08:06Z INFO [828/900] 853309ba-a2ad-46a8-90d6-ce5d1b7fb1c7: 22 groups; 1.4 s; peak memory 1243 MiB.
2026-10-09T14:08:25Z INFO [829/900] 85333b92-acd9-4142-9df4-fee3e87a306b: 425 groups; 18.5 s; peak memory 1243 MiB.
2026-10-09T14:08:26Z INFO [830/900] 85334161-1cae-429c-8153-b38146d10acd: 16 groups; 1.0 s; peak memory 1243 MiB.
2026-10-09T14:08:34Z INFO [831/900] 853364ee-7127-4763-9cb9-fd9d4bac1fc9: 181 groups; 7.8 s; peak memory 1243 MiB.
2026-10-09T14:08:35Z INFO [832/900] 8534a610-45b7-4798-934c-a689ff583691: 16 groups; 1.0 s; peak memory 1243 MiB.
2026-10-09T14:08:39Z INFO [833/900] 8534d293-6351-4266-889d-0db62614f20e: 97 groups; 4.6 s; peak memory 1243 MiB.
2026-10-09T14:08:41Z INFO [834/900] 85351ce7-8e38-47e9-93e1-e3fd31356867: 35 groups; 2.0 s; peak memory 1243 MiB.
2026-10-09T14:08:45Z INFO [835/900] 853544ec-25b1-4ebe-bfa6-452f47e3a984: 48 groups; 3.5 s; peak memory 1243 MiB.
2026-10-09T14:09:09Z INFO [836/900] 853589a7-b5bd-4ba6-a138-bb9440caf25f: 69 groups; 24.2 s; peak memory 1243 MiB.
2026-10-09T14:09:11Z INFO [837/900] 853688ae-73ba-45e5-b494-a5c56285c8cd: 32 groups; 2.0 s; peak memory 1243 MiB.
2026-10-09T14:09:15Z INFO [838/900] 85371cc7-6b8b-48e7-b770-c970e15b45af: 50 groups; 3.8 s; peak memory 1243 MiB.
2026-10-09T14:09:23Z INFO [839/900] 8537bdb1-932d-4036-9956-6a2214f0ba01: 181 groups; 8.4 s; peak memory 1243 MiB.
2026-10-09T14:09:25Z INFO [840/900] 8538678e-187f-4531-b4a4-e75608b7d99e: 67 groups; 1.8 s; peak memory 1243 MiB.
2026-10-09T14:09:26Z INFO [841/900] 8538c1b3-dbf5-4804-8721-5635637ee9ba: 22 groups; 1.4 s; peak memory 1243 MiB.
2026-10-09T14:09:28Z INFO [842/900] 8539f1bf-cdf7-4f3c-901f-648efeef45c3: 22 groups; 1.4 s; peak memory 1243 MiB.
2026-10-09T14:09:59Z INFO [843/900] 853a183b-a26f-4bc7-b655-2c5fa579770c: 1728 groups; 31.0 s; peak memory 1243 MiB.
2026-10-09T14:10:07Z INFO [844/900] 853a4670-54f8-4315-8e3c-991bd296aabe: 144 groups; 8.3 s; peak memory 1243 MiB.
2026-10-09T14:10:10Z INFO [845/900] 853b8db7-f011-4d35-86f0-f03da40b20d3: 17 groups; 3.0 s; peak memory 1243 MiB.
2026-10-09T14:10:29Z INFO [846/900] 853c2686-0aa2-46cd-ba3b-61ac6705b59f: 89 groups; 18.5 s; peak memory 1243 MiB.
2026-10-09T14:10:31Z INFO [847/900] 853c414e-562d-4cf5-bd55-1ed70ab0ffe0: 199 groups; 2.0 s; peak memory 1243 MiB.
2026-10-09T14:10:37Z INFO [848/900] 853cca11-9ab4-447b-843d-0021f7046c98: 71 groups; 6.7 s; peak memory 1243 MiB.
2026-10-09T14:10:39Z INFO [849/900] 853e84f7-13dc-4226-9514-5cf0fec9d940: 32 groups; 1.8 s; peak memory 1243 MiB.
2026-10-09T14:10:40Z INFO [850/900] 853eb7eb-a3b6-4463-acb9-25a38b6e671f: 16 groups; 1.0 s; peak memory 1243 MiB.
2026-10-09T14:10:40Z INFO [850/900] 853eb7eb-a3b6-4463-acb9-25a38b6e671f: checkpointed 111086 new records.
2026-10-09T14:10:47Z INFO [851/900] 853ec6e8-8edd-42a9-835a-a59c54dac797: 120 groups; 6.4 s; peak memory 1243 MiB.
2026-10-09T14:10:48Z INFO [852/900] 85401d39-b439-41a8-9e25-22bd8a1f0855: 24 groups; 1.6 s; peak memory 1243 MiB.
2026-10-09T14:11:04Z INFO [853/900] 8540304d-b0e4-4f24-bdc8-68185b01a595: 2336 groups; 15.8 s; peak memory 1243 MiB.
2026-10-09T14:11:06Z INFO [854/900] 854051b1-7af8-4240-ba33-ef67b69f6bc9: 35 groups; 1.8 s; peak memory 1243 MiB.
2026-10-09T14:11:08Z INFO [855/900] 8540c20d-3fa9-4a19-8661-9c5f479ebc20: 206 groups; 2.3 s; peak memory 1243 MiB.
2026-10-09T14:11:11Z INFO [856/900] 85415233-2e99-46a2-916b-6c68b67b728a: 47 groups; 3.2 s; peak memory 1243 MiB.
2026-10-09T14:12:26Z INFO [857/900] 8541922f-a7d3-4592-a3eb-682c3bf79dfa: 16 groups; 74.2 s; peak memory 1243 MiB.
2026-10-09T14:12:27Z INFO [858/900] 8541be76-4b20-47ee-b267-d5ef94811793: 32 groups; 1.4 s; peak memory 1243 MiB.
2026-10-09T14:12:29Z INFO [859/900] 854236d6-63ad-4e60-8b98-a46f4795f02c: 35 groups; 2.0 s; peak memory 1243 MiB.
2026-10-09T14:12:31Z INFO [860/900] 85424c7f-6c17-4c12-8339-c6bb164d2b9b: 22 groups; 1.4 s; peak memory 1243 MiB.
2026-10-09T14:12:45Z INFO [861/900] 85427353-7d07-4b13-a82b-2e8a95e91197: 200 groups; 14.2 s; peak memory 1243 MiB.
2026-10-09T14:12:46Z INFO [862/900] 8542caea-8e7b-4b58-bf16-62897ff81321: 17 groups; 1.1 s; peak memory 1243 MiB.
2026-10-09T14:12:47Z INFO [863/900] 8542fb88-a8fe-4cde-b562-71e016953277: 25 groups; 1.5 s; peak memory 1243 MiB.
2026-10-09T14:12:50Z INFO [864/900] 85444136-4758-43e8-b0e3-e94f32867ac2: 48 groups; 3.1 s; peak memory 1243 MiB.
2026-10-09T14:12:52Z INFO [865/900] 8544a642-b96b-4bf0-8e79-42b0cacb9527: 32 groups; 1.7 s; peak memory 1243 MiB.
2026-10-09T14:12:54Z INFO [866/900] 85453f00-d9b7-4ffd-91ce-f626ee979924: 22 groups; 1.4 s; peak memory 1243 MiB.
2026-10-09T14:12:55Z INFO [867/900] 85455c2f-1ae3-4db7-883c-d51ad106c87a: 22 groups; 1.4 s; peak memory 1243 MiB.
2026-10-09T14:12:56Z INFO [868/900] 854721f0-5a3e-4607-b6ae-42ae8ad7e19e: 32 groups; 1.3 s; peak memory 1243 MiB.
2026-10-09T14:12:58Z INFO [869/900] 8547770b-b35b-44b7-b487-3ac62f1f7d51: 28 groups; 1.2 s; peak memory 1243 MiB.
2026-10-09T14:12:59Z INFO [870/900] 85477740-ae82-4efd-b0d3-0e8f23293bb7: 17 groups; 1.1 s; peak memory 1243 MiB.
2026-10-09T14:13:00Z INFO [871/900] 85484dd6-6efc-46b5-ae00-3c776a0fae23: 32 groups; 1.6 s; peak memory 1243 MiB.
2026-10-09T14:13:02Z INFO [872/900] 8548b291-d03f-4363-9110-afc3152dd854: 32 groups; 1.5 s; peak memory 1243 MiB.
2026-10-09T14:13:14Z INFO [873/900] 85496c63-b214-49c2-bad2-5fca814d2049: 232 groups; 12.7 s; peak memory 1243 MiB.
2026-10-09T14:13:16Z INFO [874/900] 8549940f-520f-4f5f-aa8a-944dffbe2fe9: 22 groups; 1.4 s; peak memory 1243 MiB.
2026-10-09T14:13:18Z INFO [875/900] 854a028b-d43a-4e8b-ad91-c124513834c9: 67 groups; 1.9 s; peak memory 1243 MiB.
2026-10-09T14:13:20Z INFO [876/900] 854a909d-9713-40ed-94ba-ae11bb434fc2: 33 groups; 2.1 s; peak memory 1243 MiB.
2026-10-09T14:13:21Z INFO [877/900] 854abc7e-0cc1-4735-b772-dfebc579ca99: 22 groups; 1.3 s; peak memory 1243 MiB.
2026-10-09T14:13:23Z INFO [878/900] 854c59e3-5a47-4c08-8968-ccc2a37c993c: 22 groups; 1.4 s; peak memory 1243 MiB.
2026-10-09T14:13:24Z INFO [879/900] 854ccc5f-3da8-47d6-846c-36224ed91213: 17 groups; 1.3 s; peak memory 1243 MiB.
2026-10-09T14:13:26Z INFO [880/900] 854cd7b7-079f-4490-a08d-3ca769f9607a: 103 groups; 1.9 s; peak memory 1243 MiB.
2026-10-09T14:13:42Z INFO [881/900] 854d4a88-94d6-42fa-b2b0-1bde21f9de83: 271 groups; 16.1 s; peak memory 1243 MiB.
2026-10-09T14:13:43Z INFO [882/900] 854db53b-4173-46b6-88a3-857480f82741: 22 groups; 1.3 s; peak memory 1243 MiB.
2026-10-09T14:13:51Z INFO [883/900] 854de372-d548-452a-997d-bb1cc9de353b: 47 groups; 7.9 s; peak memory 1243 MiB.
2026-10-09T14:13:52Z INFO [884/900] 854efcb5-2786-4b54-a26e-e53c87e8e918: 22 groups; 1.4 s; peak memory 1243 MiB.
2026-10-09T14:13:55Z INFO [885/900] 854f0e91-5809-4d9a-9d28-501b2101e334: 337 groups; 2.4 s; peak memory 1243 MiB.
2026-10-09T14:13:56Z INFO [886/900] 854f420d-40ef-4e6c-bef3-2f5d9671f903: 32 groups; 1.7 s; peak memory 1243 MiB.
2026-10-09T14:13:59Z INFO [887/900] 854f897f-49f8-4439-bee4-a5275f411c8b: 48 groups; 3.0 s; peak memory 1243 MiB.
2026-10-09T14:14:02Z INFO [888/900] 854fa650-0b73-4579-9d48-24a006609d51: 32 groups; 2.4 s; peak memory 1243 MiB.
2026-10-09T14:14:08Z INFO [889/900] 854fb247-76cb-4a86-a692-940b68ed036d: 75 groups; 6.5 s; peak memory 1243 MiB.
2026-10-09T14:16:21Z INFO [890/900] 854fc3b8-ae98-4399-b55b-d6fc5a3dd5fd: 27 groups; 133.0 s; peak memory 1243 MiB.
2026-10-09T14:16:23Z INFO [891/900] 85501ef8-19ac-483d-a156-de60213ef4ad: 22 groups; 1.6 s; peak memory 1243 MiB.
2026-10-09T14:16:25Z INFO [892/900] 85521581-775b-45f1-baf6-a429b6dddcc1: 32 groups; 1.7 s; peak memory 1243 MiB.
2026-10-09T14:16:29Z INFO [893/900] 85539cf9-eb70-455f-a221-5552e27d1401: 52 groups; 4.7 s; peak memory 1243 MiB.
2026-10-09T14:16:32Z INFO [894/900] 8555259e-7222-48f8-9d1a-962aa5b92f66: 49 groups; 2.4 s; peak memory 1243 MiB.
2026-10-09T14:16:35Z INFO [895/900] 85553a4b-25e7-4b99-b329-00c022ce7353: 34 groups; 3.6 s; peak memory 1243 MiB.
2026-10-09T14:16:37Z INFO [896/900] 8555c6ce-acb2-4fbd-9a88-94f763a8d56d: 35 groups; 1.9 s; peak memory 1243 MiB.
2026-10-09T14:16:40Z INFO [897/900] 8555d338-ba20-47c3-bc09-6f22820e7fed: 17 groups; 3.0 s; peak memory 1243 MiB.
2026-10-09T14:16:42Z INFO [898/900] 85561885-e435-482b-836a-fb4b7625512d: 32 groups; 1.6 s; peak memory 1243 MiB.
2026-10-09T14:16:43Z INFO [899/900] 85565734-0b65-4957-8aee-f7778a7aa444: 30 groups; 1.4 s; peak memory 1243 MiB.
2026-10-09T14:19:09Z INFO [900/900] 8556815e-99ef-44aa-a991-d1f86575c2a6: 77 groups; 145.6 s; peak memory 1243 MiB.
2026-10-09T14:19:09Z INFO [900/900] 8556815e-99ef-44aa-a991-d1f86575c2a6: checkpointed 111136 new records.
2026-10-09T14:19:09Z INFO Wrote 111136 records to /tmp/derivatives/valid_nwb_file_to_number_of_groups.jsonl (900 new, 0 failed) in 181.1 min (peak memory 1243 MiB).
