2026-10-08T15:39:37Z INFO Logging to /tmp/logs/update_2026-10-08T15-39-37Z.log.
2026-10-08T15:39:37Z INFO Update valid-nwb-file-to-number-of-groups (base directory /tmp).
2026-10-08T15:39:37Z INFO Processing 900 items (103036 already recorded).
2026-10-08T15:39:52Z INFO [1/900] 746b8afb-f2a3-4337-bb69-59f15fd59c7e: 188 groups; 14.8 s; peak memory 147 MiB.
2026-10-08T15:39:54Z INFO [2/900] 746c0189-dc02-4b70-ab3c-a90dd51fe3e8: 32 groups; 1.7 s; peak memory 148 MiB.
2026-10-08T15:39:55Z INFO [3/900] 746c6433-c305-4b08-836d-0563d40a9d8c: 32 groups; 1.6 s; peak memory 148 MiB.
2026-10-08T15:39:57Z INFO [4/900] 746c9172-fe16-486e-94cb-405e4c3dfe44: 35 groups; 1.7 s; peak memory 148 MiB.
2026-10-08T15:40:01Z INFO [5/900] 746e2cad-bdb5-47b6-bbd7-4b6a214edb02: 50 groups; 4.2 s; peak memory 148 MiB.
2026-10-08T15:40:04Z INFO [6/900] 746efad5-61f8-442f-8220-948086fec02b: 573 groups; 3.1 s; peak memory 149 MiB.
2026-10-08T15:40:15Z INFO [7/900] 746f87e8-fd32-45e4-a08c-7df5e57f3e5a: 27 groups; 10.6 s; peak memory 152 MiB.
2026-10-08T15:40:17Z INFO [8/900] 7470ac83-9a52-41a2-8b41-988a3c8d9ef0: 32 groups; 1.8 s; peak memory 152 MiB.
2026-10-08T15:40:18Z INFO [9/900] 7471ae44-1b3a-4abc-9ccf-2808bdcf9087: 25 groups; 1.5 s; peak memory 152 MiB.
2026-10-08T15:40:20Z INFO [10/900] 7471fe76-7628-413b-8031-fe096a4b8190: 22 groups; 1.5 s; peak memory 152 MiB.
2026-10-08T15:40:23Z INFO [11/900] 7473479e-ce54-4d55-96f1-c014334572bd: 48 groups; 3.3 s; peak memory 152 MiB.
2026-10-08T15:40:26Z INFO [12/900] 7473825f-d37c-45e5-9c87-f40421510fa6: 17 groups; 3.5 s; peak memory 152 MiB.
2026-10-08T15:40:27Z INFO [13/900] 74741952-c96c-41fb-ab89-9897c39ad562: 16 groups; 1.1 s; peak memory 152 MiB.
2026-10-08T15:40:29Z INFO [14/900] 74742e46-44d8-4d3e-8584-2f2fabc23e1e: 17 groups; 1.3 s; peak memory 152 MiB.
2026-10-08T15:40:31Z INFO [15/900] 7474443c-9082-46a9-b574-3207e24dbf5f: 32 groups; 2.1 s; peak memory 152 MiB.
2026-10-08T15:40:33Z INFO [16/900] 7474ef7d-91a8-4d9e-957a-3a2e21a4f70d: 32 groups; 2.5 s; peak memory 152 MiB.
2026-10-08T15:40:35Z INFO [17/900] 747524c2-4641-4c33-b90f-851bda2beaaf: 32 groups; 1.9 s; peak memory 153 MiB.
2026-10-08T15:40:37Z INFO [18/900] 74759505-e753-491f-b630-7441b6f3e4a6: 32 groups; 1.5 s; peak memory 153 MiB.
2026-10-08T15:40:38Z INFO [19/900] 7475f007-5553-4d84-82e9-d5fa3d72caa8: 22 groups; 1.5 s; peak memory 153 MiB.
2026-10-08T15:40:40Z INFO [20/900] 7475fef4-a5c5-4936-9a9f-92719144c013: 32 groups; 1.8 s; peak memory 153 MiB.
2026-10-08T15:40:42Z INFO [21/900] 74763955-cee7-4e36-b5d8-f37ebf5d6528: 25 groups; 1.6 s; peak memory 153 MiB.
2026-10-08T15:40:43Z INFO [22/900] 74775fa1-29ea-4d16-bd44-da046afe48a4: 24 groups; 0.8 s; peak memory 153 MiB.
2026-10-08T15:43:26Z INFO [23/900] 7477a85f-83bc-4537-8589-ae4fff8c5d57: 68 groups; 163.1 s; peak memory 275 MiB.
2026-10-08T15:43:27Z INFO [24/900] 7477aad1-8d7c-4d66-a3ea-eba92cfdbdb3: 28 groups; 1.3 s; peak memory 275 MiB.
2026-10-08T15:43:28Z INFO [25/900] 7479522b-1bd6-44d2-8a16-ed3e60621950: 32 groups; 1.5 s; peak memory 275 MiB.
2026-10-08T15:43:30Z INFO [26/900] 74796f58-e919-42d2-bc5e-3271610d9212: 22 groups; 1.5 s; peak memory 275 MiB.
2026-10-08T15:43:32Z INFO [27/900] 7479a2fe-9c2f-470f-8e74-07dc1f590312: 41 groups; 2.2 s; peak memory 275 MiB.
2026-10-08T15:43:36Z INFO [28/900] 7479dca4-5a01-413e-af4d-d087b766bb81: 50 groups; 4.2 s; peak memory 275 MiB.
2026-10-08T15:43:48Z INFO [29/900] 747a1f87-d046-437b-b596-352274dec282: 120 groups; 12.0 s; peak memory 275 MiB.
2026-10-08T15:43:52Z INFO [30/900] 747a5469-367d-44b5-b917-66e41e0dbbd4: 48 groups; 3.5 s; peak memory 275 MiB.
2026-10-08T15:43:53Z INFO [31/900] 747b9140-239e-4a36-8ec8-df4cf71c397f: 22 groups; 1.4 s; peak memory 275 MiB.
2026-10-08T15:43:55Z INFO [32/900] 747c12b5-c344-4f77-b627-509b8338359a: 33 groups; 1.3 s; peak memory 275 MiB.
2026-10-08T15:43:57Z INFO [33/900] 747c4665-fbdf-4ff7-8cb0-25c7855f99b8: 200 groups; 2.8 s; peak memory 275 MiB.
2026-10-08T15:43:58Z INFO [34/900] 747d1e98-b349-4f47-891b-77cb0396ac2e: 30 groups; 1.0 s; peak memory 275 MiB.
2026-10-08T15:44:01Z INFO [35/900] 747d5df0-5f18-4a4e-bb2f-f0c8b79e6f1a: 48 groups; 3.0 s; peak memory 275 MiB.
2026-10-08T15:44:04Z INFO [36/900] 747d5fea-3513-4c20-ac7a-57af01fcddfb: 48 groups; 2.4 s; peak memory 275 MiB.
2026-10-08T15:44:06Z INFO [37/900] 747dbb2a-a50d-4b1b-bc79-6cf97ab5890d: 35 groups; 2.1 s; peak memory 275 MiB.
2026-10-08T15:44:09Z INFO [38/900] 747e4606-8985-4a32-b337-5e134b7272e0: 48 groups; 3.5 s; peak memory 275 MiB.
2026-10-08T15:44:47Z INFO [39/900] 747e4c4a-f7f0-46ad-b111-5b37b7a8752d: 218 groups; 37.5 s; peak memory 275 MiB.
2026-10-08T15:44:48Z INFO [40/900] 747f111f-5db6-43d6-9de5-585ef7884c7e: 16 groups; 1.1 s; peak memory 275 MiB.
2026-10-08T15:44:56Z INFO [41/900] 747f7411-9c1a-4e36-8a81-fd560fda12f8: 183 groups; 7.6 s; peak memory 275 MiB.
2026-10-08T15:44:58Z INFO [42/900] 747f7573-cf25-4e65-b1ea-86999c069f17: 206 groups; 1.9 s; peak memory 275 MiB.
2026-10-08T15:44:59Z INFO [43/900] 74800efb-4f88-4815-923f-97d94aefb2f9: 22 groups; 1.5 s; peak memory 275 MiB.
2026-10-08T15:45:13Z INFO [44/900] 74825b32-0f91-4df2-857e-c833dff90db5: 157 groups; 14.3 s; peak memory 275 MiB.
2026-10-08T15:45:15Z INFO [45/900] 74826037-f7fe-4ce1-9ec7-fd49baebd367: 32 groups; 1.4 s; peak memory 275 MiB.
2026-10-08T15:45:16Z INFO [46/900] 7482bb84-0ae4-42b4-9a27-77625a659c7d: 16 groups; 1.0 s; peak memory 275 MiB.
2026-10-08T15:45:17Z INFO [47/900] 7483dd6f-8076-41ac-b5ed-884551547c02: 22 groups; 1.3 s; peak memory 275 MiB.
2026-10-08T15:45:18Z INFO [48/900] 74843c38-cd4c-4d49-a52c-681c9c7ae437: 16 groups; 1.2 s; peak memory 275 MiB.
2026-10-08T15:45:27Z INFO [49/900] 74849e80-aee7-410f-b1a0-cab9eb9c2eba: 47 groups; 8.1 s; peak memory 275 MiB.
2026-10-08T15:45:28Z INFO [50/900] 7484b38a-b0d5-4990-88d9-314e91de0b36: 42 groups; 1.8 s; peak memory 275 MiB.
2026-10-08T15:45:29Z INFO [50/900] 7484b38a-b0d5-4990-88d9-314e91de0b36: checkpointed 103086 records.
2026-10-08T15:45:36Z INFO [51/900] 7484ec7f-dc2e-41d6-bf0b-34c5df733764: 73 groups; 7.1 s; peak memory 275 MiB.
2026-10-08T15:45:38Z INFO [52/900] 74856f9e-254f-4d8d-ba49-3e2d1f4af30d: 32 groups; 2.1 s; peak memory 275 MiB.
2026-10-08T15:45:39Z INFO [53/900] 7486a78c-db66-442a-8371-fb3ade59c15e: 26 groups; 1.4 s; peak memory 275 MiB.
2026-10-08T15:45:41Z INFO [54/900] 7486aed8-c320-45a7-b0d9-4e18d0c28b8b: 41 groups; 2.1 s; peak memory 275 MiB.
2026-10-08T15:45:43Z INFO [55/900] 7486e1d7-b922-439d-9c2f-3c0ae350fe78: 35 groups; 2.1 s; peak memory 275 MiB.
2026-10-08T15:45:50Z INFO [56/900] 748752b8-25ae-48f0-aa72-a8f7ba58588b: 68 groups; 6.9 s; peak memory 275 MiB.
2026-10-08T15:45:51Z INFO [57/900] 7487ea69-df32-472b-9323-43cce7417111: 16 groups; 1.2 s; peak memory 275 MiB.
2026-10-08T15:46:05Z INFO [58/900] 7487f0b1-32fe-4640-b479-a2cf6f3c85b8: 288 groups; 13.7 s; peak memory 275 MiB.
2026-10-08T15:46:17Z INFO [59/900] 74884097-2d31-4208-816b-4cb4cefbabc1: 123 groups; 11.4 s; peak memory 275 MiB.
2026-10-08T15:46:18Z INFO [60/900] 7488bcfc-facc-49c3-b944-e424ba2ee2c6: 22 groups; 1.2 s; peak memory 275 MiB.
2026-10-08T15:46:19Z INFO [61/900] 7488e4cf-15d2-4c56-a266-80a0337e17ed: 32 groups; 1.6 s; peak memory 275 MiB.
2026-10-08T15:46:21Z INFO [62/900] 74894937-3177-47d4-890f-0353bbdfccdc: 46 groups; 1.9 s; peak memory 275 MiB.
2026-10-08T15:46:23Z INFO [63/900] 748ac765-d22e-44ef-ba3e-71693822fb40: 32 groups; 1.5 s; peak memory 275 MiB.
2026-10-08T15:46:24Z INFO [64/900] 748bdddc-2674-483a-9e76-8036eb1a962b: 28 groups; 1.2 s; peak memory 275 MiB.
2026-10-08T15:46:25Z INFO [65/900] 748c209f-e685-40d3-bbfe-267564cfbd69: 26 groups; 1.4 s; peak memory 275 MiB.
2026-10-08T15:46:26Z INFO [66/900] 748d84ab-ca75-4e7c-9293-eda5cd1ec97c: 22 groups; 1.2 s; peak memory 275 MiB.
2026-10-08T15:46:29Z INFO [67/900] 748d8ed5-9d8b-4dba-a155-6674db4ecc55: 261 groups; 2.6 s; peak memory 275 MiB.
2026-10-08T15:46:31Z INFO [68/900] 748d9aab-518c-424d-997c-416b2a91b3e5: 32 groups; 1.5 s; peak memory 275 MiB.
2026-10-08T15:46:32Z INFO [69/900] 748f8679-9975-44dc-9e12-19a46b57aeda: 25 groups; 1.8 s; peak memory 275 MiB.
2026-10-08T15:46:34Z INFO [70/900] 74907609-624c-499b-99bc-90303c4fd852: 35 groups; 1.9 s; peak memory 275 MiB.
2026-10-08T15:47:01Z INFO [71/900] 74909abd-2090-44f4-95c0-144a6c0c270a: 118 groups; 26.9 s; peak memory 275 MiB.
2026-10-08T15:47:03Z INFO [72/900] 7490ce2a-7ab5-4823-bbd2-d6a7a3ec1a85: 32 groups; 1.5 s; peak memory 275 MiB.
2026-10-08T15:47:04Z INFO [73/900] 7490d6b9-a66f-40c9-8854-f06d1a31d101: 256 groups; 1.7 s; peak memory 275 MiB.
2026-10-08T15:47:06Z INFO [74/900] 7490f77a-897e-492f-80ce-245ad298f0a1: 25 groups; 1.7 s; peak memory 275 MiB.
2026-10-08T15:47:09Z INFO [75/900] 7491035b-3b84-4152-82e1-4dab21f83e9b: 17 groups; 2.6 s; peak memory 275 MiB.
2026-10-08T15:47:13Z INFO [76/900] 74910b7f-4884-4c6e-ab17-c0a61b0cd6a8: 50 groups; 4.2 s; peak memory 275 MiB.
2026-10-08T15:47:15Z INFO [77/900] 7492af4d-3ea6-430c-b4e4-516e650791ed: 27 groups; 2.0 s; peak memory 275 MiB.
2026-10-08T15:48:19Z INFO [78/900] 7492ea29-e4e4-4e87-a91b-c0d3704ad611: 1268 groups; 64.0 s; peak memory 275 MiB.
2026-10-08T15:48:30Z INFO [79/900] 7493786b-9a43-4f01-a85b-92e818e0d4f5: 49 groups; 11.3 s; peak memory 275 MiB.
2026-10-08T15:48:34Z INFO [80/900] 7494f63f-a0ac-4080-bfed-5e83e42646d9: 60 groups; 3.8 s; peak memory 275 MiB.
2026-10-08T15:48:41Z INFO [81/900] 74951ef2-e388-4951-bcc3-da0f8c2de4c7: 46 groups; 7.2 s; peak memory 275 MiB.
2026-10-08T15:48:43Z INFO [82/900] 74963fd2-410f-45f8-b56e-ba995e7b5c30: 35 groups; 2.0 s; peak memory 275 MiB.
2026-10-08T15:48:44Z INFO [83/900] 749696a1-ea6e-4da1-8f4b-e9b4b5ff6c86: 18 groups; 1.3 s; peak memory 275 MiB.
2026-10-08T15:48:46Z INFO [84/900] 7496e2d5-2df2-44cb-a0fa-0cc71b207eb1: 28 groups; 1.2 s; peak memory 275 MiB.
2026-10-08T15:48:47Z INFO [85/900] 7497013e-baae-457c-9440-94ded8699d61: 32 groups; 1.6 s; peak memory 275 MiB.
2026-10-08T15:48:51Z INFO [86/900] 74978f26-c5b5-459a-b39a-d2971dc9799a: 48 groups; 3.3 s; peak memory 275 MiB.
2026-10-08T15:48:52Z INFO [87/900] 7497ad46-e8f7-4890-a2e1-f5833105e29f: 26 groups; 1.1 s; peak memory 275 MiB.
2026-10-08T15:48:53Z INFO [88/900] 7497da48-eabe-4fd5-955c-dd4043d13a5d: 252 groups; 1.7 s; peak memory 275 MiB.
2026-10-08T15:48:55Z INFO [89/900] 7498bd76-e66d-4ce9-9062-509254bb3d1c: 32 groups; 1.7 s; peak memory 275 MiB.
2026-10-08T15:48:56Z INFO [90/900] 7498fb50-2262-4cc2-9373-29cc4656772a: 22 groups; 1.4 s; peak memory 275 MiB.
2026-10-08T15:49:07Z INFO [91/900] 749a1673-f005-4fa3-95eb-576398d8acff: 171 groups; 10.4 s; peak memory 275 MiB.
2026-10-08T15:51:37Z INFO [92/900] 749b884d-55dd-4cbc-9794-db7af33d8f17: 27 groups; 150.3 s; peak memory 333 MiB.
2026-10-08T15:51:39Z INFO [93/900] 749b89dc-bcfa-43af-a3e4-7a131102c775: 54 groups; 2.1 s; peak memory 333 MiB.
2026-10-08T15:51:41Z INFO [94/900] 749ba29f-b1e9-444c-bbff-b1505710f6b9: 22 groups; 1.3 s; peak memory 333 MiB.
2026-10-08T15:51:42Z INFO [95/900] 749be9aa-73be-46d4-8981-a1e5e22ff894: 26 groups; 1.6 s; peak memory 333 MiB.
2026-10-08T15:51:44Z INFO [96/900] 749d164e-4757-4d2c-a2ef-fe19ee7dfb03: 202 groups; 2.1 s; peak memory 333 MiB.
2026-10-08T15:51:46Z INFO [97/900] 749db205-7903-4ba9-8b67-f887db6d2dec: 22 groups; 1.3 s; peak memory 333 MiB.
2026-10-08T15:51:48Z INFO [98/900] 749e0a6e-f586-44c1-bdf6-bcedc6cab6ce: 202 groups; 2.2 s; peak memory 333 MiB.
2026-10-08T15:51:49Z INFO [99/900] 749e5c94-760e-40b3-b334-5846c96b2a17: 26 groups; 1.2 s; peak memory 333 MiB.
2026-10-08T15:51:50Z INFO [100/900] 749e7ab4-1707-4056-83e4-5ef42d662ac7: 25 groups; 1.5 s; peak memory 333 MiB.
2026-10-08T15:51:51Z INFO [100/900] 749e7ab4-1707-4056-83e4-5ef42d662ac7: checkpointed 103136 records.
2026-10-08T15:51:52Z INFO [101/900] 749ea5a8-820f-464f-992c-c099350f871e: 35 groups; 1.7 s; peak memory 333 MiB.
2026-10-08T15:51:55Z INFO [102/900] 74a00eb5-306a-4b5f-8f39-306a395992f4: 200 groups; 2.2 s; peak memory 333 MiB.
2026-10-08T15:51:57Z INFO [103/900] 74a0d037-a06c-4e5e-82e6-fb0baca1ca27: 35 groups; 2.0 s; peak memory 333 MiB.
2026-10-08T15:52:19Z INFO [104/900] 74a1b734-c5fa-4100-953c-4dce07868171: 227 groups; 22.4 s; peak memory 333 MiB.
2026-10-08T15:52:20Z INFO [105/900] 74a1e1ab-b93c-46eb-bd8e-f0d7169f009a: 22 groups; 1.4 s; peak memory 333 MiB.
2026-10-08T15:52:33Z INFO [106/900] 74a25ac3-86a3-4dd6-897a-46bd97f03bc8: 170 groups; 12.3 s; peak memory 333 MiB.
2026-10-08T15:52:38Z INFO [107/900] 74a29965-ccbb-4247-aa13-110bbbb714cf: 66 groups; 5.5 s; peak memory 333 MiB.
2026-10-08T15:52:47Z INFO [108/900] 74a2bc0a-6446-4c54-9109-d1eaf965e50d: 100 groups; 8.9 s; peak memory 333 MiB.
2026-10-08T15:52:48Z INFO [109/900] 74a2f2c6-239e-494b-ba99-a69d9b013860: 18 groups; 1.1 s; peak memory 333 MiB.
2026-10-08T15:52:50Z INFO [110/900] 74a31c80-b655-4ec7-9091-bbf5b38673df: 32 groups; 1.9 s; peak memory 333 MiB.
2026-10-08T15:52:52Z INFO [111/900] 74a3989a-c417-41d8-96cd-2dcdf3be466d: 32 groups; 1.8 s; peak memory 333 MiB.
2026-10-08T15:52:54Z INFO [112/900] 74a544be-1476-40c2-8083-6f47e42ba588: 34 groups; 1.6 s; peak memory 333 MiB.
2026-10-08T15:52:55Z INFO [113/900] 74a55b75-14e8-4f3a-805a-a90ba303d166: 32 groups; 1.6 s; peak memory 333 MiB.
2026-10-08T15:52:57Z INFO [114/900] 74a58e3f-7f56-491a-ab85-64f088d8c3fd: 22 groups; 1.5 s; peak memory 333 MiB.
2026-10-08T15:52:58Z INFO [115/900] 74a5f5cd-adc4-4a20-a1be-72d2875af186: 24 groups; 1.4 s; peak memory 333 MiB.
2026-10-08T15:53:01Z INFO [116/900] 74a63505-c897-412b-9c7d-0eb90f4ba033: 206 groups; 2.6 s; peak memory 333 MiB.
2026-10-08T15:53:02Z INFO [117/900] 74a6932c-2803-4656-af14-9824ab545c9b: 22 groups; 1.0 s; peak memory 333 MiB.
2026-10-08T15:53:04Z INFO [118/900] 74a6e932-a156-4146-80c1-efd216d40938: 202 groups; 2.1 s; peak memory 333 MiB.
2026-10-08T15:53:06Z INFO [119/900] 74a70aab-55a8-4595-9cb9-930d913cfd2b: 201 groups; 1.9 s; peak memory 333 MiB.
2026-10-08T15:53:07Z INFO [120/900] 74a7230c-e566-4759-b3f1-0d0caad98d23: 35 groups; 1.6 s; peak memory 333 MiB.
2026-10-08T15:53:08Z INFO [121/900] 74a74819-2954-43ab-aae5-5fe21cfaf81b: 25 groups; 1.2 s; peak memory 333 MiB.
2026-10-08T15:54:18Z INFO [122/900] 74a843d7-78af-428d-99ec-db0519221b2a: 172 groups; 69.8 s; peak memory 333 MiB.
2026-10-08T15:54:26Z INFO [123/900] 74a860c2-b248-4b8b-a8e9-8b9a5417b75b: 138 groups; 7.8 s; peak memory 333 MiB.
2026-10-08T15:54:29Z INFO [124/900] 74a8b2f9-ba86-4480-bd60-6e1415e177a7: 48 groups; 3.6 s; peak memory 333 MiB.
2026-10-08T15:54:31Z INFO [125/900] 74a8c0dc-ea97-495c-b1fb-dcb42e1e766c: 71 groups; 1.6 s; peak memory 333 MiB.
2026-10-08T15:54:34Z INFO [126/900] 74aa619b-a5f8-4b7b-83f3-a9850e42b6bd: 341 groups; 3.0 s; peak memory 333 MiB.
2026-10-08T15:54:38Z INFO [127/900] 74ab4ce9-8fb3-4e5e-90ef-db11641d4a54: 57 groups; 3.9 s; peak memory 333 MiB.
2026-10-08T15:54:49Z INFO [128/900] 74abbaf8-245f-4998-a394-6411b4b1718a: 233 groups; 11.3 s; peak memory 333 MiB.
2026-10-08T15:55:21Z INFO [129/900] 74abe2b7-6bf4-4fd9-98e2-556b27dbab78: 23 groups; 31.5 s; peak memory 333 MiB.
2026-10-08T15:55:22Z INFO [130/900] 74abfc69-98f9-42de-924e-ede54f6372db: 35 groups; 1.8 s; peak memory 333 MiB.
2026-10-08T15:55:24Z INFO [131/900] 74acd4ea-1f83-46e1-9f06-2b7d4e59d20e: 22 groups; 1.3 s; peak memory 333 MiB.
2026-10-08T15:55:37Z INFO [132/900] 74ae2122-0504-4228-8a67-1a28f13cd6e8: 292 groups; 13.1 s; peak memory 333 MiB.
2026-10-08T15:55:39Z INFO [133/900] 74ae301c-c8e1-4da0-a636-569b8c5e649c: 336 groups; 2.3 s; peak memory 333 MiB.
2026-10-08T15:55:41Z INFO [134/900] 74aed51b-1bb0-437a-8790-606aef22af53: 25 groups; 1.7 s; peak memory 333 MiB.
2026-10-08T15:55:42Z INFO [135/900] 74af1639-e220-4740-8a4e-28ebdc254540: 22 groups; 1.3 s; peak memory 333 MiB.
2026-10-08T15:55:45Z INFO [136/900] 74b01582-786c-4e36-b1a4-86dd4987f5df: 31 groups; 2.3 s; peak memory 333 MiB.
2026-10-08T15:55:46Z INFO [137/900] 74b08d3e-e6b8-42df-8a9c-bc4209d242fc: 22 groups; 1.3 s; peak memory 333 MiB.
2026-10-08T15:55:47Z INFO [138/900] 74b2dbbd-edaf-4822-a550-b92e6d37f890: 25 groups; 1.6 s; peak memory 333 MiB.
2026-10-08T15:56:17Z INFO [139/900] 74b35997-0b5b-4437-97a9-740341e6ebe5: 23 groups; 30.1 s; peak memory 333 MiB.
2026-10-08T15:56:19Z INFO [140/900] 74b3bc6c-5ad3-40b4-82ec-7cb60a0beb2c: 25 groups; 1.6 s; peak memory 333 MiB.
2026-10-08T15:56:20Z INFO [141/900] 74b3dc51-cbf4-413b-90f6-fae49d9064ad: 16 groups; 1.0 s; peak memory 333 MiB.
2026-10-08T15:56:24Z INFO [142/900] 74b44c23-35a7-4472-8733-1263f2601b89: 50 groups; 4.2 s; peak memory 333 MiB.
2026-10-08T15:56:26Z INFO [143/900] 74b4cea6-ef76-473c-82ef-bc891441822e: 22 groups; 1.5 s; peak memory 333 MiB.
2026-10-08T15:56:27Z INFO [144/900] 74b59adf-41b3-4b6f-b94a-35287d556756: 24 groups; 1.5 s; peak memory 333 MiB.
2026-10-08T15:56:29Z INFO [145/900] 74b8a2c8-7943-4bc3-a8ed-9ed0511476c1: 206 groups; 2.0 s; peak memory 333 MiB.
2026-10-08T15:56:31Z INFO [146/900] 74b8a8d7-f288-4965-827a-3c5ec199cb78: 32 groups; 1.8 s; peak memory 333 MiB.
2026-10-08T15:56:33Z INFO [147/900] 74b8b94c-ab99-4fdf-91dd-a2ca0cfac1b0: 32 groups; 1.8 s; peak memory 333 MiB.
2026-10-08T15:57:00Z INFO [148/900] 74b99d9a-c28c-42bd-8a8a-6a35fb5ae4ae: 3240 groups; 26.8 s; peak memory 333 MiB.
2026-10-08T15:57:02Z INFO [149/900] 74ba0dbf-5524-4c87-ba80-d8a3631cb20a: 200 groups; 2.9 s; peak memory 333 MiB.
2026-10-08T15:57:12Z INFO [150/900] 74ba49bc-9076-49c6-b0bf-44d7477182d1: 174 groups; 9.3 s; peak memory 333 MiB.
2026-10-08T15:57:12Z INFO [150/900] 74ba49bc-9076-49c6-b0bf-44d7477182d1: checkpointed 103186 records.
2026-10-08T15:57:13Z INFO [151/900] 74bbd983-0bb3-4d6b-af27-96b8cfee4816: 22 groups; 1.5 s; peak memory 333 MiB.
2026-10-08T15:57:27Z INFO [152/900] 74bbfd9c-0b33-4202-9e8b-451834cf9ac3: 84 groups; 13.4 s; peak memory 333 MiB.
2026-10-08T16:51:24Z INFO [153/900] 74bc6ef5-ccbc-425b-9b27-e64aa9db7b07: 61 groups; 3236.8 s; peak memory 1122 MiB.
2026-10-08T16:51:25Z INFO [154/900] 74bd561e-078d-4a76-87c6-2f460fb0f6b3: 32 groups; 1.9 s; peak memory 1122 MiB.
2026-10-08T16:51:27Z INFO [155/900] 74bd93e9-8696-41da-914c-eee80d13437e: 22 groups; 1.3 s; peak memory 1122 MiB.
2026-10-08T16:51:47Z INFO [156/900] 74bdf502-fed2-4077-9c12-d6c296190c4c: 27 groups; 20.0 s; peak memory 1122 MiB.
2026-10-08T16:51:48Z INFO [157/900] 74be7482-8686-458b-8d67-0c7ec64e1a19: 22 groups; 1.5 s; peak memory 1122 MiB.
2026-10-08T16:51:50Z INFO [158/900] 74bf1bcc-54d2-43a3-8104-e538b8891f5a: 16 groups; 1.3 s; peak memory 1122 MiB.
2026-10-08T16:51:51Z INFO [159/900] 74bf6c8a-60d7-4d5d-9da6-0b5cbd2d2a29: 25 groups; 1.7 s; peak memory 1122 MiB.
2026-10-08T16:51:55Z INFO [160/900] 74bfbdbe-c716-4751-99a2-eb8cda5bc907: 54 groups; 3.3 s; peak memory 1122 MiB.
2026-10-08T16:51:56Z INFO [161/900] 74bfbf77-c9ed-454d-aca3-7467304f9182: 108 groups; 1.8 s; peak memory 1122 MiB.
2026-10-08T16:51:58Z INFO [162/900] 74c04e47-950b-4bb2-a7a4-ff668827947e: 22 groups; 1.1 s; peak memory 1122 MiB.
2026-10-08T16:51:59Z INFO [163/900] 74c06b7b-dbc1-4bb6-b821-28de0c65adce: 22 groups; 1.5 s; peak memory 1122 MiB.
2026-10-08T16:52:01Z INFO [164/900] 74c0e6b2-c347-4de5-8851-1352f07ae870: 18 groups; 1.4 s; peak memory 1122 MiB.
2026-10-08T16:52:03Z INFO [165/900] 74c0f9bf-cf49-43e1-893b-c0ba0528f110: 48 groups; 2.4 s; peak memory 1122 MiB.
2026-10-08T16:52:05Z INFO [166/900] 74c24568-aa45-4e12-9240-8afc1583d79e: 33 groups; 2.2 s; peak memory 1122 MiB.
2026-10-08T16:52:07Z INFO [167/900] 74c275fb-8dd5-4721-b62d-9637633863ed: 25 groups; 1.5 s; peak memory 1122 MiB.
2026-10-08T16:52:09Z INFO [168/900] 74c2ed82-d545-4e1b-b5f5-763dda94b7bb: 54 groups; 2.8 s; peak memory 1122 MiB.
2026-10-08T16:52:11Z INFO [169/900] 74c57467-bd01-4640-bb8a-f8eaddb41440: 22 groups; 1.4 s; peak memory 1122 MiB.
2026-10-08T16:52:19Z INFO [170/900] 74c5ce4d-3acb-4a52-b0b1-c02b30b494d3: 129 groups; 7.7 s; peak memory 1122 MiB.
2026-10-08T16:52:20Z INFO [171/900] 74c6ea74-db62-4d62-9090-66ec13948d85: 32 groups; 1.7 s; peak memory 1122 MiB.
2026-10-08T16:52:22Z INFO [172/900] 74c79dd7-d076-465e-be2b-1fcdbb724236: 195 groups; 2.0 s; peak memory 1122 MiB.
2026-10-08T16:52:24Z INFO [173/900] 74c7b6ca-276f-4dee-a558-7a9ec7930292: 35 groups; 2.0 s; peak memory 1122 MiB.
2026-10-08T16:52:26Z INFO [174/900] 74c826f6-341f-4fb1-a1f1-19844481d884: 31 groups; 1.3 s; peak memory 1122 MiB.
2026-10-08T16:52:27Z INFO [175/900] 74c8cb3a-4e7c-4099-b944-f34a534774fd: 22 groups; 1.4 s; peak memory 1122 MiB.
2026-10-08T16:53:02Z INFO [176/900] 74c9eec2-27c7-43fc-b3b9-936799dba1b4: 311 groups; 34.4 s; peak memory 1122 MiB.
2026-10-08T16:53:03Z INFO [177/900] 74ca9da9-1768-46c7-bd25-4ccd513fea50: 22 groups; 1.1 s; peak memory 1122 MiB.
2026-10-08T16:53:04Z INFO [178/900] 74ca9ffa-569d-432d-aefd-1a34bae02859: 24 groups; 1.6 s; peak memory 1122 MiB.
2026-10-08T16:53:06Z INFO [179/900] 74cbbbb2-85f1-4350-8423-e1f4e18df99f: 33 groups; 1.9 s; peak memory 1122 MiB.
2026-10-08T16:53:08Z INFO [180/900] 74cbf8ae-5208-4e24-b68a-aac80c7665ea: 41 groups; 2.0 s; peak memory 1122 MiB.
2026-10-08T16:53:10Z INFO [181/900] 74cc02bf-4b62-4442-822f-915f8740e5ce: 201 groups; 1.7 s; peak memory 1122 MiB.
2026-10-08T16:53:11Z INFO [182/900] 74ce1ef6-78e1-42e2-af94-964682c68214: 33 groups; 1.5 s; peak memory 1122 MiB.
2026-10-08T16:53:13Z INFO [183/900] 74ce8a1a-7e2c-4b16-8090-df0d64c0895f: 253 groups; 1.8 s; peak memory 1122 MiB.
2026-10-08T16:53:15Z INFO [184/900] 74cee401-4f80-4f8c-b2fd-63dc27141827: 35 groups; 2.0 s; peak memory 1122 MiB.
2026-10-08T16:53:16Z INFO [185/900] 74d02bac-5349-4c44-b126-ccf6ed41ee93: 22 groups; 1.2 s; peak memory 1122 MiB.
2026-10-08T16:53:19Z INFO [186/900] 74d059b0-1ce6-4629-9c36-a6954f0f7166: 48 groups; 3.2 s; peak memory 1122 MiB.
2026-10-08T16:53:35Z INFO [187/900] 74d07cc8-606f-4cde-8e65-08533e852108: 222 groups; 15.6 s; peak memory 1122 MiB.
2026-10-08T16:53:53Z INFO [188/900] 74d0d8ae-564f-4e9d-b397-ff6e0092b64d: 850 groups; 18.1 s; peak memory 1122 MiB.
2026-10-08T16:53:55Z INFO [189/900] 74d0de0f-ad56-4c52-aa2c-5f49b01afb9c: 25 groups; 1.5 s; peak memory 1122 MiB.
2026-10-08T16:53:57Z INFO [190/900] 74d0f1c0-dc9d-4c96-abe3-1b7da155fddb: 35 groups; 2.2 s; peak memory 1122 MiB.
2026-10-08T16:53:59Z INFO [191/900] 74d231ca-7f1d-49fa-8565-d90f1e63c34f: 207 groups; 2.1 s; peak memory 1122 MiB.
2026-10-08T16:54:01Z INFO [192/900] 74d25786-8e25-45f4-b3d8-07d31ce9b9be: 35 groups; 1.7 s; peak memory 1122 MiB.
2026-10-08T16:54:02Z INFO [193/900] 74d28b02-91e7-4df3-af1b-2bda51c02a21: 22 groups; 1.2 s; peak memory 1122 MiB.
2026-10-08T16:54:03Z INFO [194/900] 74d31a01-d653-4645-83d8-0d3fe332397f: 22 groups; 1.5 s; peak memory 1122 MiB.
2026-10-08T16:54:06Z INFO [195/900] 74d39961-4fe8-468d-98b0-bed046a3f21d: 336 groups; 2.2 s; peak memory 1122 MiB.
2026-10-08T16:54:08Z INFO [196/900] 74d4464b-1d34-4993-90d4-89f2477729db: 336 groups; 2.4 s; peak memory 1122 MiB.
2026-10-08T16:55:04Z INFO [197/900] 74d4a328-d8f0-4a9b-ba1d-247a5daa8948: 26 groups; 55.6 s; peak memory 1122 MiB.
2026-10-08T16:55:05Z INFO [198/900] 74d5ae29-0164-4123-83c0-bd59f038e084: 22 groups; 1.3 s; peak memory 1122 MiB.
2026-10-08T16:55:06Z INFO [199/900] 74d5e838-5e03-4f80-b966-3e7cb071852e: 18 groups; 1.1 s; peak memory 1122 MiB.
2026-10-08T16:55:12Z INFO [200/900] 74d5f002-9041-4ed1-8d61-8494a6785d1c: 105 groups; 6.4 s; peak memory 1122 MiB.
2026-10-08T16:55:13Z INFO [200/900] 74d5f002-9041-4ed1-8d61-8494a6785d1c: checkpointed 103236 records.
2026-10-08T16:55:14Z INFO [201/900] 74d71d78-82f5-4f60-bad2-617dad4fc0a0: 22 groups; 1.4 s; peak memory 1122 MiB.
2026-10-08T16:55:15Z INFO [202/900] 74d73c80-c156-44bd-9976-9f679f090d70: 22 groups; 1.4 s; peak memory 1122 MiB.
2026-10-08T16:55:16Z INFO [203/900] 74d7841d-235c-463d-a44d-94fa44e333cf: 16 groups; 1.0 s; peak memory 1122 MiB.
2026-10-08T16:55:19Z INFO [204/900] 74d7db91-72ff-4469-8991-771f43b9e810: 48 groups; 2.8 s; peak memory 1122 MiB.
2026-10-08T16:55:20Z INFO [205/900] 74d7fa95-250c-466a-acb4-95ce8593fff1: 22 groups; 1.2 s; peak memory 1122 MiB.
2026-10-08T16:55:40Z INFO [206/900] 74d880f7-001e-47aa-bfbb-e939e3889128: 27 groups; 19.6 s; peak memory 1122 MiB.
2026-10-08T16:55:41Z INFO [207/900] 74d90347-f334-40eb-a75c-e8df4d7f8bcb: 22 groups; 1.4 s; peak memory 1122 MiB.
2026-10-08T16:55:44Z INFO [208/900] 74d99c77-13b2-45aa-8766-31625d794fe2: 48 groups; 2.6 s; peak memory 1122 MiB.
2026-10-08T16:55:46Z INFO [209/900] 74d9e10c-d490-48c1-99c9-8079687dd786: 202 groups; 1.8 s; peak memory 1122 MiB.
2026-10-08T16:55:48Z INFO [210/900] 74da5418-29a1-42f1-9178-0aa7d1fc4d66: 32 groups; 1.9 s; peak memory 1122 MiB.
2026-10-08T16:55:49Z INFO [211/900] 74dc0e7e-ba90-42f7-b5fc-bc17c25b4719: 32 groups; 1.5 s; peak memory 1122 MiB.
2026-10-08T16:58:48Z INFO [212/900] 74dc3ecd-0eb4-4066-9332-278ea8dfe970: 68 groups; 178.5 s; peak memory 1122 MiB.
2026-10-08T16:58:54Z INFO [213/900] 74dc63c4-3cb7-4ac7-999e-175f8e803fba: 292 groups; 6.6 s; peak memory 1122 MiB.
2026-10-08T16:58:56Z INFO [214/900] 74dcbbba-2a39-49a4-94d7-1e96054acc14: 22 groups; 1.5 s; peak memory 1122 MiB.
2026-10-08T16:58:57Z INFO [215/900] 74dd50aa-e8e3-463e-9836-f08f9a7dd170: 32 groups; 1.7 s; peak memory 1122 MiB.
2026-10-08T16:59:33Z INFO [216/900] 74dd826f-393b-4938-ae8e-5ed0bac76de1: 17 groups; 35.1 s; peak memory 1122 MiB.
2026-10-08T16:59:34Z INFO [217/900] 74dd8654-bc11-4c53-b426-06607a212fd9: 32 groups; 1.8 s; peak memory 1122 MiB.
2026-10-08T16:59:36Z INFO [218/900] 74de7bc1-4a8d-4b6c-96e3-35cbc498e638: 22 groups; 1.4 s; peak memory 1122 MiB.
2026-10-08T16:59:37Z INFO [219/900] 74deb0a5-db9a-4746-9242-7a7283a976db: 22 groups; 1.3 s; peak memory 1122 MiB.
2026-10-08T16:59:39Z INFO [220/900] 74e113bc-8fbd-4568-9762-be30369ebb23: 35 groups; 2.0 s; peak memory 1122 MiB.
2026-10-08T16:59:41Z INFO [221/900] 74e117ce-a210-4d54-91fe-c6d7f5e0ebe9: 22 groups; 1.5 s; peak memory 1122 MiB.
2026-10-08T16:59:54Z INFO [222/900] 74e120ac-6e8d-4d0f-9807-48ab5dfb3470: 192 groups; 13.3 s; peak memory 1122 MiB.
2026-10-08T16:59:57Z INFO [223/900] 74e15f51-3bee-4bf9-96b8-09896ae34e30: 32 groups; 2.6 s; peak memory 1122 MiB.
2026-10-08T17:00:04Z INFO [224/900] 74e16d2c-1c9d-4277-a09d-d5b576313af6: 130 groups; 7.1 s; peak memory 1122 MiB.
2026-10-08T17:00:12Z INFO [225/900] 74e18ebe-15be-4631-ac98-bcd74b720e98: 70 groups; 8.4 s; peak memory 1122 MiB.
2026-10-08T17:00:14Z INFO [226/900] 74e1a371-28ce-4e88-a0a7-5b61ebbbe91b: 103 groups; 1.7 s; peak memory 1122 MiB.
2026-10-08T17:00:16Z INFO [227/900] 74e21d22-810f-4487-9d19-bb03e7ad6a27: 194 groups; 2.0 s; peak memory 1122 MiB.
2026-10-08T17:00:18Z INFO [228/900] 74e2c9b7-a672-4332-883d-af99a71a2478: 29 groups; 2.2 s; peak memory 1122 MiB.
2026-10-08T17:00:19Z INFO [229/900] 74e2cdf1-3279-4474-8897-c599a754b8cc: 22 groups; 1.4 s; peak memory 1122 MiB.
2026-10-08T17:00:21Z INFO [230/900] 74e321b9-6d7f-48dd-8158-e52cc15c5a16: 22 groups; 1.3 s; peak memory 1122 MiB.
2026-10-08T17:00:37Z INFO [231/900] 74e37448-1aaf-492f-98d1-cc9b730fa15f: 431 groups; 15.7 s; peak memory 1122 MiB.
2026-10-08T17:00:38Z INFO [232/900] 74e3d53c-4e13-4950-9776-085f6e19eab6: 22 groups; 1.5 s; peak memory 1122 MiB.
2026-10-08T17:00:40Z INFO [233/900] 74e42788-d6e7-49b2-bb88-777e6a9f8c64: 199 groups; 2.1 s; peak memory 1122 MiB.
2026-10-08T17:01:34Z INFO [234/900] 74e4d158-4dcf-404a-af14-8235960becd9: 2264 groups; 54.1 s; peak memory 1122 MiB.
2026-10-08T17:01:36Z INFO [235/900] 74e602a4-22bd-4f44-83fd-7f1869731ab1: 103 groups; 1.7 s; peak memory 1122 MiB.
2026-10-08T17:01:38Z INFO [236/900] 74e66cb9-49a4-4556-9009-2d0d1e794cf8: 196 groups; 2.4 s; peak memory 1122 MiB.
2026-10-08T17:01:40Z INFO [237/900] 74e7e8dc-cf17-42d0-a18c-af67c0d095c3: 22 groups; 1.3 s; peak memory 1122 MiB.
2026-10-08T17:01:41Z INFO [238/900] 74e7f87c-d618-4543-ba23-9b6c5ca61fdd: 22 groups; 1.4 s; peak memory 1122 MiB.
2026-10-08T17:01:42Z INFO [239/900] 74e8d671-7137-4fea-bbdd-df30887bfe20: 25 groups; 1.1 s; peak memory 1122 MiB.
2026-10-08T17:01:44Z INFO [240/900] 74e9612b-6b32-40fc-8b32-6738f2ae08dc: 32 groups; 1.8 s; peak memory 1122 MiB.
2026-10-08T17:01:46Z INFO [241/900] 74e96e9d-d6e7-441e-b843-f50ae3d5d9fe: 32 groups; 1.6 s; peak memory 1122 MiB.
2026-10-08T17:01:47Z INFO [242/900] 74eadfa7-9f90-4f05-8658-e12155daede3: 32 groups; 1.6 s; peak memory 1122 MiB.
2026-10-08T17:01:49Z INFO [243/900] 74ebcb00-cceb-46d0-8d83-739e1fa51b49: 35 groups; 2.0 s; peak memory 1122 MiB.
2026-10-08T17:02:43Z INFO [244/900] 74ec1809-d9bb-4f66-8507-2157592cd9f6: 115 groups; 54.0 s; peak memory 1122 MiB.
2026-10-08T17:02:45Z INFO [245/900] 74ec35aa-a7b9-4742-b41d-d29a254bab6e: 22 groups; 1.4 s; peak memory 1122 MiB.
2026-10-08T17:02:46Z INFO [246/900] 74eca43b-6f91-4a83-b764-0b838ee9199a: 18 groups; 1.5 s; peak memory 1122 MiB.
2026-10-08T17:02:51Z INFO [247/900] 74ecb9bd-36c2-4c0e-98aa-700cbcfa1468: 30 groups; 4.4 s; peak memory 1122 MiB.
2026-10-08T17:02:58Z INFO [248/900] 74ed8319-5d53-4273-908f-09f61a498e44: 78 groups; 7.8 s; peak memory 1122 MiB.
2026-10-08T17:03:00Z INFO [249/900] 74ee0c0c-0775-4963-af3d-2981cb908226: 24 groups; 1.7 s; peak memory 1122 MiB.
2026-10-08T17:08:18Z INFO [250/900] 74ee1338-8c60-4c78-8b01-b093b5a7c5dd: 93 groups; 317.9 s; peak memory 1122 MiB.
2026-10-08T17:08:18Z INFO [250/900] 74ee1338-8c60-4c78-8b01-b093b5a7c5dd: checkpointed 103286 records.
2026-10-08T17:08:26Z INFO [251/900] 74ee29b9-2f8e-4194-b263-e15a5dbe4a11: 181 groups; 7.8 s; peak memory 1122 MiB.
2026-10-08T17:08:30Z INFO [252/900] 74eeb3ef-2d85-475f-9a71-fe7c6b76594a: 47 groups; 3.8 s; peak memory 1122 MiB.
2026-10-08T17:08:32Z INFO [253/900] 74eed4d0-79e3-4a53-bea7-3b301c065533: 35 groups; 2.0 s; peak memory 1122 MiB.
2026-10-08T17:08:33Z INFO [254/900] 74ef34e1-b849-4b0e-bd46-f25fbd102369: 32 groups; 1.6 s; peak memory 1122 MiB.
2026-10-08T17:08:35Z INFO [255/900] 74efa443-73c5-42ed-9c22-39db12d3343e: 22 groups; 1.5 s; peak memory 1122 MiB.
2026-10-08T17:08:36Z INFO [256/900] 74f0a1ed-95e9-4e91-a886-ebc84ba8c45a: 22 groups; 1.4 s; peak memory 1122 MiB.
2026-10-08T17:08:38Z INFO [257/900] 74f0d8f0-c091-4721-8e2d-09fb37dc7eb8: 336 groups; 2.0 s; peak memory 1122 MiB.
2026-10-08T17:08:39Z INFO [258/900] 74f10462-d768-455c-b96f-1d732305ce94: 22 groups; 1.3 s; peak memory 1122 MiB.
2026-10-08T17:08:57Z INFO [259/900] 74f1b061-0a1c-4afb-8495-0ee0e55eea26: 231 groups; 17.1 s; peak memory 1122 MiB.
2026-10-08T17:09:16Z INFO [260/900] 74f2187f-c5a8-457e-8914-018c334d5085: 244 groups; 19.2 s; peak memory 1122 MiB.
2026-10-08T17:09:17Z INFO [261/900] 74f2216f-79ad-477a-b65c-587720f89f07: 22 groups; 1.3 s; peak memory 1122 MiB.
2026-10-08T17:09:19Z INFO [262/900] 74f25491-6ebc-46b9-a5eb-c1d48529e30e: 29 groups; 1.8 s; peak memory 1122 MiB.
2026-10-08T17:09:20Z INFO [263/900] 74f26148-af06-49b4-aa84-f581ac37be3e: 16 groups; 1.1 s; peak memory 1122 MiB.
2026-10-08T17:09:21Z INFO [264/900] 74f27c26-9c27-4dac-a752-499e9d3ca49b: 32 groups; 1.6 s; peak memory 1122 MiB.
2026-10-08T17:09:24Z INFO [265/900] 74f2bad9-289a-43ed-ad22-f04bff9b94b7: 35 groups; 2.3 s; peak memory 1122 MiB.
2026-10-08T17:09:25Z INFO [266/900] 74f31fdf-fa45-4b17-94cb-45d7b8f9ef53: 32 groups; 1.5 s; peak memory 1122 MiB.
2026-10-08T17:09:27Z INFO [267/900] 74f34ed8-4a7b-4097-9bee-283679edebbf: 32 groups; 1.7 s; peak memory 1122 MiB.
2026-10-08T17:12:02Z INFO [268/900] 74f48eaa-696e-42c2-b27b-95697742c94f: 60 groups; 154.6 s; peak memory 1122 MiB.
2026-10-08T17:12:03Z INFO [269/900] 74f4b9da-0bb9-440d-b8af-24e16ae74538: 33 groups; 1.5 s; peak memory 1122 MiB.
2026-10-08T17:12:05Z INFO [270/900] 74f50453-e98a-4498-aa4f-1af9b72bed07: 32 groups; 1.7 s; peak memory 1122 MiB.
2026-10-08T17:12:07Z INFO [271/900] 74f55fd5-ddfe-48f1-9538-36a2fea731a5: 31 groups; 1.8 s; peak memory 1122 MiB.
2026-10-08T17:12:08Z INFO [272/900] 74f5d832-3596-4904-9966-771bbb0a4933: 28 groups; 1.5 s; peak memory 1122 MiB.
2026-10-08T17:12:11Z INFO [273/900] 74f61d21-7822-4ba7-b721-307934b728d8: 48 groups; 3.4 s; peak memory 1122 MiB.
2026-10-08T17:12:13Z INFO [274/900] 74f6e6e2-1b3b-48ae-aed8-e48613e3830b: 32 groups; 1.8 s; peak memory 1122 MiB.
2026-10-08T17:12:33Z INFO [275/900] 74f6f2f6-0ce9-452e-9a66-fc128311739d: 291 groups; 19.5 s; peak memory 1122 MiB.
2026-10-08T17:12:54Z INFO [276/900] 74f73d5f-5037-4ccf-9285-4ac2d250e17e: 294 groups; 20.9 s; peak memory 1122 MiB.
2026-10-08T17:12:55Z INFO [277/900] 74f76288-d4ba-4957-8dfb-b3895837414b: 32 groups; 1.8 s; peak memory 1122 MiB.
2026-10-08T17:12:58Z INFO [278/900] 74f7de56-3406-4aa9-b293-ca5b34b6fb90: 17 groups; 2.7 s; peak memory 1122 MiB.
2026-10-08T17:13:00Z INFO [279/900] 74f861eb-953e-4534-8e2b-2accae7bed47: 32 groups; 1.8 s; peak memory 1122 MiB.
2026-10-08T17:13:02Z INFO [280/900] 74f9e1b1-0622-4ef6-9023-52d55bc390e2: 35 groups; 1.9 s; peak memory 1122 MiB.
2026-10-08T17:13:04Z INFO [281/900] 74fa6a8f-dccf-4616-aa00-3dc4305e76e7: 194 groups; 2.0 s; peak memory 1122 MiB.
2026-10-08T17:13:06Z INFO [282/900] 74fc619b-fff3-4cd7-833c-741f44bccca2: 43 groups; 2.5 s; peak memory 1122 MiB.
2026-10-08T17:13:10Z INFO [283/900] 74fcd2c3-1a10-4ad8-9129-a4d35065a965: 50 groups; 3.6 s; peak memory 1122 MiB.
2026-10-08T17:13:30Z INFO [284/900] 74fce6a1-c8bb-46c0-9703-ca1ee6c3b42b: 27 groups; 20.5 s; peak memory 1122 MiB.
2026-10-08T17:13:32Z INFO [285/900] 74fcf8cf-ed5b-4892-8951-77294bb4efb6: 26 groups; 1.6 s; peak memory 1122 MiB.
2026-10-08T17:13:33Z INFO [286/900] 74fd17d9-3476-40de-8217-5a6dc380cd07: 22 groups; 1.4 s; peak memory 1122 MiB.
2026-10-08T17:23:01Z INFO [287/900] 74fd3600-90dc-4025-9ef3-81042d4e3f3a: 39 groups; 568.2 s; peak memory 1122 MiB.
2026-10-08T17:23:03Z INFO [288/900] 74fe4c22-ebd6-4d51-9e43-ad23fd853a43: 35 groups; 1.8 s; peak memory 1122 MiB.
2026-10-08T17:23:17Z INFO [289/900] 74fe9be6-3ddd-45b8-9d0c-3bc9c040c03e: 223 groups; 13.6 s; peak memory 1122 MiB.
2026-10-08T17:23:30Z INFO [290/900] 74ffe1bb-c797-46d6-a5b6-b528d146c7d6: 22 groups; 13.0 s; peak memory 1122 MiB.
2026-10-08T17:23:31Z INFO [291/900] 7500aa93-5c02-43d1-9f55-6569cec35796: 33 groups; 1.7 s; peak memory 1122 MiB.
2026-10-08T17:23:33Z INFO [292/900] 75012036-7823-4dad-acbb-2f9e247c8911: 22 groups; 1.3 s; peak memory 1122 MiB.
2026-10-08T17:23:49Z INFO [293/900] 75016031-e0a8-439a-bc46-cc96a9c15170: 22 groups; 15.8 s; peak memory 1122 MiB.
2026-10-08T17:23:50Z INFO [294/900] 750342a8-0813-40c9-a857-b16a2d9be4b4: 32 groups; 1.8 s; peak memory 1122 MiB.
2026-10-08T17:23:52Z INFO [295/900] 7503587c-2ccf-47cf-877a-107fb5d4023e: 32 groups; 1.9 s; peak memory 1122 MiB.
2026-10-08T17:23:53Z INFO [296/900] 75039738-676c-4c33-a321-af903e83c713: 17 groups; 1.1 s; peak memory 1122 MiB.
2026-10-08T17:23:56Z INFO [297/900] 75042eeb-b859-4145-bfbe-d647957a5b24: 54 groups; 2.8 s; peak memory 1122 MiB.
2026-10-08T17:24:22Z INFO [298/900] 750446c9-eebc-4268-b96b-f93d3f0e7d1f: 582 groups; 26.0 s; peak memory 1122 MiB.
2026-10-08T17:24:26Z INFO [299/900] 7504a20c-31be-4048-9f9e-d45f269c5e89: 336 groups; 3.7 s; peak memory 1122 MiB.
2026-10-08T17:24:28Z INFO [300/900] 75050928-c0c0-459a-875c-898ced9c9bab: 36 groups; 1.9 s; peak memory 1122 MiB.
2026-10-08T17:24:28Z INFO [300/900] 75050928-c0c0-459a-875c-898ced9c9bab: checkpointed 103336 records.
2026-10-08T17:24:30Z INFO [301/900] 75051ce1-1297-4617-a4c0-92f2ebf70ed3: 196 groups; 1.7 s; peak memory 1122 MiB.
2026-10-08T17:24:33Z INFO [302/900] 7505d090-6413-4b1d-9cee-248264961d90: 48 groups; 3.0 s; peak memory 1122 MiB.
2026-10-08T17:24:34Z INFO [303/900] 75071610-5c0d-4f5b-bcc9-0c23f921679d: 25 groups; 1.6 s; peak memory 1122 MiB.
2026-10-08T17:24:35Z INFO [304/900] 75075ccd-1a15-4494-9230-a352e45ca57a: 16 groups; 1.3 s; peak memory 1122 MiB.
2026-10-08T17:24:37Z INFO [305/900] 7507b316-62f9-421d-9ace-06b55760bbd5: 32 groups; 1.8 s; peak memory 1122 MiB.
2026-10-08T17:24:39Z INFO [306/900] 75082570-4214-4d8d-966b-3dbd1bb94c09: 26 groups; 1.4 s; peak memory 1122 MiB.
2026-10-08T17:24:40Z INFO [307/900] 7508dbf3-088e-49b8-9d33-61194fa47443: 28 groups; 1.8 s; peak memory 1122 MiB.
2026-10-08T17:24:42Z INFO [308/900] 75093417-f985-4714-b4e2-c76531d08da1: 22 groups; 1.5 s; peak memory 1122 MiB.
2026-10-08T17:24:44Z INFO [309/900] 7509372d-52fe-481a-bdc1-395bfe2e27b7: 32 groups; 1.9 s; peak memory 1122 MiB.
2026-10-08T17:24:45Z INFO [310/900] 75095943-2775-4dfe-8d98-ba520e37424e: 22 groups; 1.5 s; peak memory 1122 MiB.
2026-10-08T17:24:53Z INFO [311/900] 75096c65-01aa-49bc-98cf-634f2a09f96a: 73 groups; 8.0 s; peak memory 1122 MiB.
2026-10-08T17:24:55Z INFO [312/900] 7509775b-324a-4fd7-abd3-1fc60641bf55: 22 groups; 1.5 s; peak memory 1122 MiB.
2026-10-08T17:24:57Z INFO [313/900] 750978d3-e689-4159-bea8-af408e67ed42: 32 groups; 1.8 s; peak memory 1122 MiB.
2026-10-08T17:25:00Z INFO [314/900] 7509f328-356b-4a25-82b9-6ac4649ad328: 62 groups; 3.5 s; peak memory 1122 MiB.
2026-10-08T17:25:01Z INFO [315/900] 750a3e48-501b-46ac-8b15-6d0e16427e31: 22 groups; 1.3 s; peak memory 1122 MiB.
2026-10-08T17:25:04Z INFO [316/900] 750bba60-a0a6-4a19-8644-dab34237f1c1: 207 groups; 2.7 s; peak memory 1122 MiB.
2026-10-08T17:25:11Z INFO [317/900] 750c2413-4df8-4471-a5b2-011cb617447c: 116 groups; 6.9 s; peak memory 1122 MiB.
2026-10-08T17:25:12Z INFO [318/900] 750c5aa1-2017-4e4d-bdc8-080200ced56f: 22 groups; 1.4 s; peak memory 1122 MiB.
2026-10-08T17:25:14Z INFO [319/900] 750d1c70-e995-47fa-8771-1cc695daa4c2: 22 groups; 1.4 s; peak memory 1122 MiB.
2026-10-08T17:25:15Z INFO [320/900] 750d43be-b718-4050-ab2b-5f0d4245d237: 195 groups; 1.6 s; peak memory 1122 MiB.
2026-10-08T17:25:17Z INFO [321/900] 750e73e5-14fc-4e04-a96e-9ad2390e60b8: 22 groups; 1.4 s; peak memory 1122 MiB.
2026-10-08T17:25:18Z INFO [322/900] 750f1716-f999-4dc6-bc1f-b06ed042a490: 22 groups; 1.6 s; peak memory 1122 MiB.
2026-10-08T17:25:20Z INFO [323/900] 7510c9a7-ff97-48d4-94f0-02c22649211b: 22 groups; 1.5 s; peak memory 1122 MiB.
2026-10-08T17:27:26Z INFO [324/900] 75120f3c-c476-4eae-99e5-e8567beb2d6f: 27 groups; 125.6 s; peak memory 1122 MiB.
2026-10-08T17:27:38Z INFO [325/900] 7512a1ef-ced0-4ffb-83f1-43482080b98b: 36 groups; 12.1 s; peak memory 1122 MiB.
2026-10-08T17:27:39Z INFO [326/900] 7512d6f6-730b-444b-a380-0dfcc0688850: 22 groups; 1.5 s; peak memory 1122 MiB.
2026-10-08T17:27:48Z INFO [327/900] 751316d7-26a8-4ad3-9f43-6f9b65c1918e: 182 groups; 8.7 s; peak memory 1122 MiB.
2026-10-08T17:27:58Z INFO [328/900] 751346a9-feaf-424c-ada8-ef3bb00a9e4a: 191 groups; 10.5 s; peak memory 1122 MiB.
2026-10-08T17:28:00Z INFO [329/900] 75135a20-d488-40b6-b46a-59b6d2077120: 22 groups; 1.3 s; peak memory 1122 MiB.
2026-10-08T17:28:07Z INFO [330/900] 7513b958-0db9-480d-8ef6-c7f9ab63d0ba: 161 groups; 7.5 s; peak memory 1122 MiB.
2026-10-08T17:28:09Z INFO [331/900] 7513e458-2b08-4c40-a315-6502acf9e469: 32 groups; 1.6 s; peak memory 1122 MiB.
2026-10-08T17:28:11Z INFO [332/900] 75144a29-8fef-48d6-9308-c45c8604481c: 43 groups; 2.0 s; peak memory 1122 MiB.
2026-10-08T17:28:13Z INFO [333/900] 75148ec6-7ec4-4585-a07e-f708bdce46fb: 24 groups; 1.9 s; peak memory 1122 MiB.
2026-10-08T17:28:14Z INFO [334/900] 75156acc-30e6-4904-a457-cf7cb1587e93: 29 groups; 1.5 s; peak memory 1122 MiB.
2026-10-08T17:28:16Z INFO [335/900] 75158cb8-d755-4d20-81af-a1c775badd77: 32 groups; 1.6 s; peak memory 1122 MiB.
2026-10-08T17:28:18Z INFO [336/900] 751590ab-b05a-4765-b27b-45193ed829a6: 35 groups; 1.9 s; peak memory 1122 MiB.
2026-10-08T17:28:20Z INFO [337/900] 7515ddd4-41d6-4e42-9d66-4e917b111096: 35 groups; 1.7 s; peak memory 1122 MiB.
2026-10-08T17:28:25Z INFO [338/900] 7515e916-caea-4753-af05-040db77114c5: 78 groups; 5.5 s; peak memory 1122 MiB.
2026-10-08T17:28:27Z INFO [339/900] 75160b84-c12b-43c1-a8dc-b27e4f828b96: 30 groups; 1.9 s; peak memory 1122 MiB.
2026-10-08T17:28:28Z INFO [340/900] 7516de07-f6e8-402a-8385-4c20c310318f: 22 groups; 1.3 s; peak memory 1122 MiB.
2026-10-08T17:28:30Z INFO [341/900] 7516eaf7-88cd-4ca1-b259-576ee6a1054a: 22 groups; 1.3 s; peak memory 1122 MiB.
2026-10-08T17:28:31Z INFO [342/900] 75179308-ac7d-4c2f-84e1-c60ef1c51319: 17 groups; 1.2 s; peak memory 1122 MiB.
2026-10-08T17:28:32Z INFO [343/900] 7517b388-0494-42a4-87bd-c6d8e9a4d5b9: 25 groups; 1.6 s; peak memory 1122 MiB.
2026-10-08T17:28:33Z INFO [344/900] 751829dd-0c26-4872-b24d-ef5061bd8f40: 16 groups; 1.2 s; peak memory 1122 MiB.
2026-10-08T17:28:35Z INFO [345/900] 7518b29d-c0db-46a4-b7ef-4b256b0d644e: 31 groups; 1.3 s; peak memory 1122 MiB.
2026-10-08T17:28:36Z INFO [346/900] 75196855-5e1d-455e-b663-61c1fcb0fb88: 25 groups; 1.4 s; peak memory 1122 MiB.
2026-10-08T17:31:41Z INFO [347/900] 75196c9a-d7b4-4d3b-8f8b-07c7d8c26564: 60 groups; 184.7 s; peak memory 1122 MiB.
2026-10-08T17:31:42Z INFO [348/900] 75197ed7-19b7-4b0e-b6a3-a608237a4532: 22 groups; 1.5 s; peak memory 1122 MiB.
2026-10-08T17:31:44Z INFO [349/900] 75198180-f6a8-49f7-b712-ffd1a34c20d0: 16 groups; 1.2 s; peak memory 1122 MiB.
2026-10-08T17:31:53Z INFO [350/900] 7519bf6a-e3b3-439b-b2dc-57dbfcb31fee: 191 groups; 9.8 s; peak memory 1122 MiB.
2026-10-08T17:31:54Z INFO [350/900] 7519bf6a-e3b3-439b-b2dc-57dbfcb31fee: checkpointed 103386 records.
2026-10-08T17:31:56Z INFO [351/900] 751a4f8b-c966-4c0b-ad8a-d0f210b063e8: 203 groups; 2.0 s; peak memory 1122 MiB.
2026-10-08T17:32:24Z INFO [352/900] 751ab042-6692-4697-a790-76635c659ae6: 26 groups; 28.3 s; peak memory 1122 MiB.
2026-10-08T17:32:26Z INFO [353/900] 751adde9-f3c2-4604-8981-c205df05fa22: 32 groups; 1.8 s; peak memory 1122 MiB.
2026-10-08T17:32:27Z INFO [354/900] 751b85db-06ba-495a-8e6e-de72eb010e85: 22 groups; 1.5 s; peak memory 1122 MiB.
2026-10-08T17:32:30Z INFO [355/900] 751c0d0b-4194-4de4-b0be-0313b971d656: 35 groups; 2.4 s; peak memory 1122 MiB.
2026-10-08T17:32:31Z INFO [356/900] 751c4560-f077-43ad-a39a-fb68ebb22a79: 25 groups; 1.8 s; peak memory 1122 MiB.
2026-10-08T17:32:33Z INFO [357/900] 751c956b-3676-4d6a-a72a-a74c899e017a: 31 groups; 1.3 s; peak memory 1122 MiB.
2026-10-08T17:32:34Z INFO [358/900] 751d8b8b-d777-4829-abe3-e50a20f8ed8d: 22 groups; 1.5 s; peak memory 1122 MiB.
2026-10-08T17:32:36Z INFO [359/900] 751e394e-3981-4a36-a3c3-5129770f85d5: 22 groups; 1.5 s; peak memory 1122 MiB.
2026-10-08T17:35:50Z INFO [360/900] 751e4c51-17b7-4594-b1ae-874bb74075fe: 80 groups; 194.5 s; peak memory 1122 MiB.
2026-10-08T17:36:09Z INFO [361/900] 751eec9b-b02a-4f5f-911d-a2cea5dde6be: 252 groups; 19.0 s; peak memory 1122 MiB.
2026-10-08T17:36:11Z INFO [362/900] 751fec7e-619d-424d-b2a2-a597e2bc6518: 49 groups; 1.8 s; peak memory 1122 MiB.
2026-10-08T17:39:02Z INFO [363/900] 75202e42-fa61-4b66-b111-e2f867e85178: 68 groups; 170.9 s; peak memory 1122 MiB.
2026-10-08T17:39:04Z INFO [364/900] 75204d2a-0232-43c4-8be6-236ef3556d68: 32 groups; 1.6 s; peak memory 1122 MiB.
2026-10-08T17:39:05Z INFO [365/900] 75212f23-9a21-4673-88a6-e511ea3d0a06: 28 groups; 1.5 s; peak memory 1122 MiB.
2026-10-08T17:39:07Z INFO [366/900] 75213082-6ca5-423a-8ba1-a8e556370af6: 32 groups; 1.7 s; peak memory 1122 MiB.
2026-10-08T17:39:08Z INFO [367/900] 75213c87-fca1-4bff-b9f9-f73e85d9577d: 25 groups; 1.6 s; peak memory 1122 MiB.
2026-10-08T17:39:21Z INFO [368/900] 7521aa3a-e40a-4a93-81cf-685a742b481e: 191 groups; 12.7 s; peak memory 1122 MiB.
2026-10-08T17:39:25Z INFO [369/900] 7524588a-eb15-4b2f-820e-1f1224cd126e: 56 groups; 3.6 s; peak memory 1122 MiB.
2026-10-08T17:39:28Z INFO [370/900] 752473d8-7425-4244-9144-0861b75ee37e: 22 groups; 3.3 s; peak memory 1122 MiB.
2026-10-08T17:39:29Z INFO [371/900] 752499fa-9d38-452a-b855-c8eae3374512: 22 groups; 1.2 s; peak memory 1122 MiB.
2026-10-08T17:39:32Z INFO [372/900] 7524c3ee-c9de-451c-a2e5-9df9cf6cde3e: 22 groups; 3.4 s; peak memory 1122 MiB.
2026-10-08T17:39:34Z INFO [373/900] 752543a6-9afb-4fbc-bfc4-aa21b5b11bd9: 18 groups; 1.2 s; peak memory 1122 MiB.
2026-10-08T17:39:35Z INFO [374/900] 75254894-a1e0-49e2-88fb-7e42f439878b: 16 groups; 1.1 s; peak memory 1122 MiB.
2026-10-08T17:39:37Z INFO [375/900] 7525589c-eb33-44ba-b2de-bab23cc4438d: 33 groups; 2.2 s; peak memory 1122 MiB.
2026-10-08T17:39:46Z INFO [376/900] 75257edf-9e65-40f6-969a-2a0a2a581c90: 181 groups; 9.0 s; peak memory 1122 MiB.
2026-10-08T17:40:18Z INFO [377/900] 75258296-60cb-4f69-b8b9-6397dc174560: 23 groups; 32.4 s; peak memory 1122 MiB.
2026-10-08T17:40:20Z INFO [378/900] 7525a4ac-3c38-4e87-9f74-1422111c6560: 35 groups; 1.9 s; peak memory 1122 MiB.
2026-10-08T17:40:27Z INFO [379/900] 7526166d-1f37-4a3a-b9c7-aac30b79173b: 74 groups; 6.3 s; peak memory 1122 MiB.
2026-10-08T17:40:28Z INFO [380/900] 75264d0d-065f-4142-b250-c0e087000512: 32 groups; 1.6 s; peak memory 1122 MiB.
2026-10-08T17:40:31Z INFO [381/900] 752666f7-ec5f-4348-9cbc-23543cb4974d: 46 groups; 2.2 s; peak memory 1122 MiB.
2026-10-08T17:40:42Z INFO [382/900] 7527074d-8b13-4a82-978f-dbb5132a8d92: 88 groups; 11.7 s; peak memory 1122 MiB.
2026-10-08T17:40:44Z INFO [383/900] 75279b00-a109-4973-bc6f-77c5f4eea37c: 22 groups; 1.4 s; peak memory 1122 MiB.
2026-10-08T17:40:46Z INFO [384/900] 7527f989-1880-47e8-874b-4812dbd3d107: 196 groups; 1.9 s; peak memory 1122 MiB.
2026-10-08T17:40:47Z INFO [385/900] 75285cec-4eda-485c-9e80-38b325f559ae: 22 groups; 1.3 s; peak memory 1122 MiB.
2026-10-08T17:40:50Z INFO [386/900] 75287c82-7a54-4a1d-9290-9e90a42ead02: 48 groups; 3.4 s; peak memory 1122 MiB.
2026-10-08T17:40:53Z INFO [387/900] 75288ae9-ad3d-4c83-b7cf-4d0b09aea275: 27 groups; 2.1 s; peak memory 1122 MiB.
2026-10-08T17:40:56Z INFO [388/900] 7528b5f7-7705-424d-bfdf-854240286003: 48 groups; 3.0 s; peak memory 1122 MiB.
2026-10-08T17:40:57Z INFO [389/900] 75290a7c-4e4d-42de-bb0b-4453aacf451a: 33 groups; 1.6 s; peak memory 1122 MiB.
2026-10-08T17:40:59Z INFO [390/900] 75297e52-728c-4ac2-985e-e6779b4bb393: 201 groups; 2.0 s; peak memory 1122 MiB.
2026-10-08T17:41:01Z INFO [391/900] 752b83aa-db35-4d56-9997-9394a30fd16a: 28 groups; 1.4 s; peak memory 1122 MiB.
2026-10-08T17:41:03Z INFO [392/900] 752ba4fb-eaae-403f-ba45-b2647263ef49: 48 groups; 2.8 s; peak memory 1122 MiB.
2026-10-08T17:41:06Z INFO [393/900] 752bee94-31f1-4eb4-ad45-894ca2f6e327: 33 groups; 2.1 s; peak memory 1122 MiB.
2026-10-08T17:41:07Z INFO [394/900] 752c5f14-bd94-48bf-9ffb-ca3b1f91c83d: 22 groups; 1.2 s; peak memory 1122 MiB.
2026-10-08T17:41:08Z INFO [395/900] 752c6aa9-1593-407f-86a6-86634e3a1b10: 18 groups; 1.3 s; peak memory 1122 MiB.
2026-10-08T17:41:10Z INFO [396/900] 752cf881-f3a8-4abd-9fba-9952fbf9bb30: 26 groups; 1.6 s; peak memory 1122 MiB.
2026-10-08T17:41:11Z INFO [397/900] 752d6af4-b3b5-4eb7-b938-af1464ff53f3: 16 groups; 1.0 s; peak memory 1122 MiB.
2026-10-08T17:41:12Z INFO [398/900] 752db767-a50c-455d-ae55-a6636aef85ae: 35 groups; 1.3 s; peak memory 1122 MiB.
2026-10-08T17:41:14Z INFO [399/900] 752e19aa-1937-4f18-a9a5-66f422afeb4a: 32 groups; 2.0 s; peak memory 1122 MiB.
2026-10-08T17:41:18Z INFO [400/900] 752f78c7-dcd3-4fe4-8354-789ba412c4a9: 71 groups; 3.6 s; peak memory 1122 MiB.
2026-10-08T17:41:18Z INFO [400/900] 752f78c7-dcd3-4fe4-8354-789ba412c4a9: checkpointed 103436 records.
2026-10-08T17:41:19Z INFO [401/900] 7530283a-5f15-4241-a153-333cbac99a3c: 22 groups; 1.4 s; peak memory 1122 MiB.
2026-10-08T17:41:21Z INFO [402/900] 7531fdc8-9d55-41ef-a7f3-fa753b0e5292: 32 groups; 1.6 s; peak memory 1122 MiB.
2026-10-08T17:41:22Z INFO [403/900] 7532c141-56e1-4e02-949a-9223f4a9cb0d: 29 groups; 1.2 s; peak memory 1122 MiB.
2026-10-08T17:41:23Z INFO [404/900] 753332f7-d5eb-4b72-82fc-29b648e099e6: 22 groups; 1.3 s; peak memory 1122 MiB.
2026-10-08T17:41:27Z INFO [405/900] 7533e952-acdb-4b46-8136-33efaf7f079c: 50 groups; 3.7 s; peak memory 1122 MiB.
2026-10-08T17:41:30Z INFO [406/900] 7534c0d4-a068-4afb-a879-06befc19f43a: 197 groups; 2.8 s; peak memory 1122 MiB.
2026-10-08T17:41:32Z INFO [407/900] 7534d237-0049-4467-a12e-0279332c5f98: 195 groups; 1.9 s; peak memory 1122 MiB.
2026-10-08T17:41:34Z INFO [408/900] 75358f9b-cfb0-464b-a2b0-f98180a17cc9: 203 groups; 2.0 s; peak memory 1122 MiB.
2026-10-08T17:41:38Z INFO [409/900] 75365233-7520-40bb-a689-030ee9f74d45: 25 groups; 4.4 s; peak memory 1122 MiB.
2026-10-08T17:41:40Z INFO [410/900] 75373383-3243-45b0-982a-b554ed8b7fca: 32 groups; 1.6 s; peak memory 1122 MiB.
2026-10-08T17:41:41Z INFO [411/900] 7537a2e9-aaff-43d8-82a4-679979478ed1: 22 groups; 1.2 s; peak memory 1122 MiB.
2026-10-08T17:41:43Z INFO [412/900] 75393c5c-c8a3-4d81-8ce3-3179382e5009: 35 groups; 1.6 s; peak memory 1122 MiB.
2026-10-08T17:41:44Z INFO [413/900] 7539dafb-8444-4099-8d87-895390938c2d: 36 groups; 1.8 s; peak memory 1122 MiB.
2026-10-08T17:41:46Z INFO [414/900] 7539fcf8-c214-4ff2-9466-246e8ae2a8c4: 22 groups; 1.3 s; peak memory 1122 MiB.
2026-10-08T17:41:47Z INFO [415/900] 753aae72-561b-4cec-a2f2-c383196a1c1b: 28 groups; 1.3 s; peak memory 1122 MiB.
2026-10-08T17:41:49Z INFO [416/900] 753acf4d-bf26-44f4-8649-4cce8cc841b0: 103 groups; 1.9 s; peak memory 1122 MiB.
2026-10-08T17:41:53Z INFO [417/900] 753af55f-4012-433d-8693-00b6c12413ab: 56 groups; 4.1 s; peak memory 1122 MiB.
2026-10-08T17:41:56Z INFO [418/900] 753b6335-ed7f-4107-aca5-89cbb8aaf3e6: 48 groups; 3.1 s; peak memory 1122 MiB.
2026-10-08T17:41:58Z INFO [419/900] 753c0f4e-f955-406a-8911-d57edc9e9f00: 20 groups; 1.5 s; peak memory 1122 MiB.
2026-10-08T17:41:59Z INFO [420/900] 753c362f-b5ae-44a7-908c-ba695091485b: 22 groups; 1.4 s; peak memory 1122 MiB.
2026-10-08T17:42:00Z INFO [421/900] 753c7821-b654-4221-9421-744d243dd671: 16 groups; 1.1 s; peak memory 1122 MiB.
2026-10-08T17:42:02Z INFO [422/900] 753d7c9e-360d-42eb-8c09-1fb414a71f1b: 194 groups; 1.9 s; peak memory 1122 MiB.
2026-10-08T17:42:03Z INFO [423/900] 753db498-ca8f-49aa-9865-e200eb0a18e1: 22 groups; 1.4 s; peak memory 1122 MiB.
2026-10-08T17:42:06Z INFO [424/900] 753dbd9f-b510-401c-95f3-4f5921b2d7e8: 199 groups; 2.3 s; peak memory 1122 MiB.
2026-10-08T17:42:07Z INFO [425/900] 753dd791-09eb-47fa-a474-df674ef42bc6: 32 groups; 1.5 s; peak memory 1122 MiB.
2026-10-08T17:42:09Z INFO [426/900] 753de828-c3c1-4d0b-b092-2c5d231e98a5: 33 groups; 2.3 s; peak memory 1122 MiB.
2026-10-08T17:42:12Z INFO [427/900] 753f4c88-a71f-4a7f-afe0-4ec26fe34e88: 206 groups; 2.5 s; peak memory 1122 MiB.
2026-10-08T17:42:13Z INFO [428/900] 75400206-55ef-41f8-ae2e-f4a1c8bfa29f: 71 groups; 1.4 s; peak memory 1122 MiB.
2026-10-08T17:42:15Z INFO [429/900] 754042de-c264-4d53-8fde-586ff4992177: 202 groups; 1.8 s; peak memory 1122 MiB.
2026-10-08T17:42:16Z INFO [430/900] 7541321d-bf88-4ea6-958f-f26ec4fca9e6: 18 groups; 1.0 s; peak memory 1122 MiB.
2026-10-08T17:42:18Z INFO [431/900] 75419f5c-674c-45d0-9963-e4ea3b2c64f4: 36 groups; 2.2 s; peak memory 1122 MiB.
2026-10-08T17:42:20Z INFO [432/900] 75424f55-8425-4de4-bd4a-40b5b6873bda: 35 groups; 2.2 s; peak memory 1122 MiB.
2026-10-08T17:42:22Z INFO [433/900] 7543402b-8c53-4c0d-a64f-886b5027788e: 32 groups; 1.9 s; peak memory 1122 MiB.
2026-10-08T17:42:23Z INFO [434/900] 754391d4-fd29-47f8-a026-3f82fdfaa99b: 16 groups; 1.0 s; peak memory 1122 MiB.
2026-10-08T17:42:25Z INFO [435/900] 75439d8b-cca6-48cb-9280-804405aa161d: 18 groups; 1.3 s; peak memory 1122 MiB.
2026-10-08T17:42:44Z INFO [436/900] 7543c9a3-537c-4d10-beed-c4e6a013c180: 27 groups; 19.0 s; peak memory 1122 MiB.
2026-10-08T17:42:45Z INFO [437/900] 754534a5-553d-4793-8fb7-5c2e273d1e22: 32 groups; 1.5 s; peak memory 1122 MiB.
2026-10-08T17:42:47Z INFO [438/900] 7545d0ab-e118-48d7-a85e-a95d0f21da98: 22 groups; 1.3 s; peak memory 1122 MiB.
2026-10-08T17:42:49Z INFO [439/900] 75461cbe-9f8a-463b-99a0-5173f8381b93: 33 groups; 2.1 s; peak memory 1122 MiB.
2026-10-08T17:42:50Z INFO [440/900] 754627c9-3e55-4377-9acf-97328ef85789: 22 groups; 1.4 s; peak memory 1122 MiB.
2026-10-08T17:42:55Z INFO [441/900] 7547b7ae-26e7-4616-a77c-69be0e06e0e1: 109 groups; 5.1 s; peak memory 1122 MiB.
2026-10-08T17:42:57Z INFO [442/900] 754a296e-02e0-4879-bac2-8ee5594b560e: 32 groups; 1.8 s; peak memory 1122 MiB.
2026-10-08T17:42:59Z INFO [443/900] 754a45a1-1b2d-4871-98de-5220d4322cea: 28 groups; 1.7 s; peak memory 1122 MiB.
2026-10-08T17:43:00Z INFO [444/900] 754c9447-8ebc-473e-a98f-9779ab004cfc: 25 groups; 1.5 s; peak memory 1122 MiB.
2026-10-08T17:43:02Z INFO [445/900] 754ceaba-d32d-4e30-b7d9-6fed938f3e06: 202 groups; 1.7 s; peak memory 1122 MiB.
2026-10-08T17:43:13Z INFO [446/900] 754d2e7e-4269-4e48-8dae-e17a50076743: 68 groups; 11.0 s; peak memory 1122 MiB.
2026-10-08T17:43:14Z INFO [447/900] 754e1c73-d17a-4709-8d92-bd8e45479097: 22 groups; 1.1 s; peak memory 1122 MiB.
2026-10-08T17:43:16Z INFO [448/900] 754e372c-9155-4550-9513-9057a5c10eca: 35 groups; 2.1 s; peak memory 1122 MiB.
2026-10-08T17:43:33Z INFO [449/900] 754ee856-c84b-4a82-95ad-839e7fcdaefd: 229 groups; 16.6 s; peak memory 1122 MiB.
2026-10-08T17:43:50Z INFO [450/900] 754feac4-9cd6-443a-9e53-8499eef7c135: 146 groups; 17.3 s; peak memory 1122 MiB.
2026-10-08T17:43:50Z INFO [450/900] 754feac4-9cd6-443a-9e53-8499eef7c135: checkpointed 103486 records.
2026-10-08T17:43:52Z INFO [451/900] 75518530-aaed-4170-bb34-1b5bf1d9c7e9: 22 groups; 1.4 s; peak memory 1122 MiB.
2026-10-08T17:43:53Z INFO [452/900] 7551f921-815b-4fd0-9669-634113a3bb56: 196 groups; 1.8 s; peak memory 1122 MiB.
2026-10-08T17:44:12Z INFO [453/900] 75525096-e9cb-4385-86d9-a69afd581d05: 172 groups; 18.2 s; peak memory 1122 MiB.
2026-10-08T17:44:24Z INFO [454/900] 75546b79-b17f-4339-a3aa-7585c9705e70: 189 groups; 12.6 s; peak memory 1122 MiB.
2026-10-08T17:44:26Z INFO [455/900] 7554d8c0-50ce-44c6-9a67-a8f4c8230e18: 71 groups; 1.7 s; peak memory 1122 MiB.
2026-10-08T17:44:29Z INFO [456/900] 75557e7d-5cf4-4872-a599-c516994b6d33: 48 groups; 3.4 s; peak memory 1122 MiB.
2026-10-08T17:44:31Z INFO [457/900] 7555f4b6-7713-44f4-af58-ce4e3bf7dd9c: 22 groups; 1.5 s; peak memory 1122 MiB.
2026-10-08T17:44:34Z INFO [458/900] 7555f584-f5e2-4b40-8609-991f99623b6f: 48 groups; 2.7 s; peak memory 1122 MiB.
2026-10-08T17:44:39Z INFO [459/900] 755612ff-d1a7-44cc-b4ec-746bcc129009: 134 groups; 5.2 s; peak memory 1122 MiB.
2026-10-08T17:44:41Z INFO [460/900] 7556694e-2f7c-4fd0-84e9-468e62e34c7f: 195 groups; 2.1 s; peak memory 1122 MiB.
2026-10-08T17:44:42Z INFO [461/900] 7556d897-28dd-42d5-8f19-3403f947ccc6: 16 groups; 1.5 s; peak memory 1122 MiB.
2026-10-08T17:44:44Z INFO [462/900] 7556ec1f-fc0b-4771-82c2-486583b19b28: 22 groups; 1.5 s; peak memory 1122 MiB.
2026-10-08T17:44:46Z INFO [463/900] 75575843-a32c-4cb0-9472-6b95815ce892: 195 groups; 2.0 s; peak memory 1122 MiB.
2026-10-08T17:44:48Z INFO [464/900] 75580553-63a8-4ff8-85bb-6aee2be4c7a4: 72 groups; 1.8 s; peak memory 1122 MiB.
2026-10-08T17:44:50Z INFO [465/900] 75581f8d-5a4b-4de4-9231-6ff18b46a46f: 36 groups; 2.1 s; peak memory 1122 MiB.
2026-10-08T17:44:51Z INFO [466/900] 7558c01e-9916-4b29-92bb-fe3eef79cfca: 22 groups; 1.3 s; peak memory 1122 MiB.
2026-10-08T17:44:52Z INFO [467/900] 7559265d-ba9a-4602-97f0-ea2bbb68803a: 22 groups; 1.4 s; peak memory 1122 MiB.
2026-10-08T17:44:55Z INFO [468/900] 755a6973-ceae-4d4d-a0b8-3e13276f3653: 35 groups; 2.1 s; peak memory 1122 MiB.
2026-10-08T17:44:57Z INFO [469/900] 755b8daa-42dc-4ffe-b20f-bd9aade50b58: 33 groups; 2.2 s; peak memory 1122 MiB.
2026-10-08T17:45:17Z INFO [470/900] 755bc401-dfbe-471f-affd-fabd2f8b9cf8: 152 groups; 20.5 s; peak memory 1122 MiB.
2026-10-08T17:45:24Z INFO [471/900] 755c7b0b-aac8-4e0d-9ca6-6e1950b58d77: 181 groups; 7.0 s; peak memory 1122 MiB.
2026-10-08T17:45:27Z INFO [472/900] 755cb00b-9b37-49ae-931a-579c0f53b12f: 27 groups; 2.8 s; peak memory 1122 MiB.
2026-10-08T17:45:28Z INFO [473/900] 755d1828-cbe6-481f-9350-7bfe81e4a641: 22 groups; 1.3 s; peak memory 1122 MiB.
2026-10-08T17:45:30Z INFO [474/900] 755d73a5-a347-4c8a-b2ab-6379abc5f451: 22 groups; 1.5 s; peak memory 1122 MiB.
2026-10-08T17:45:32Z INFO [475/900] 755dd88d-cf3c-4626-a02e-03464a01af63: 25 groups; 1.6 s; peak memory 1122 MiB.
2026-10-08T17:45:33Z INFO [476/900] 755e7432-a600-4b7b-a965-674704eec571: 32 groups; 1.6 s; peak memory 1122 MiB.
2026-10-08T17:45:37Z INFO [477/900] 755f4f69-55c2-4e8b-b824-6231d1a37e71: 48 groups; 3.6 s; peak memory 1122 MiB.
2026-10-08T17:45:38Z INFO [478/900] 755fe5a7-fe74-4fe1-8874-6b2ed6e56d75: 26 groups; 1.1 s; peak memory 1122 MiB.
2026-10-08T17:45:39Z INFO [479/900] 7560037c-e90a-4947-a3d6-a3b45ec6f7c8: 22 groups; 1.4 s; peak memory 1122 MiB.
2026-10-08T17:45:44Z INFO [480/900] 756042a4-0dbd-4d86-853e-e661cfa1d343: 95 groups; 5.1 s; peak memory 1122 MiB.
2026-10-08T17:45:46Z INFO [481/900] 7560aa63-f530-4780-95dc-a9bcb9dc47d8: 22 groups; 1.4 s; peak memory 1122 MiB.
2026-10-08T17:46:07Z INFO [482/900] 7560bfe3-7206-4bd6-852c-4052886815f2: 198 groups; 21.2 s; peak memory 1122 MiB.
2026-10-08T17:46:09Z INFO [483/900] 756176e7-c36e-4f78-b419-40a140ca2235: 35 groups; 2.4 s; peak memory 1122 MiB.
2026-10-08T17:46:11Z INFO [484/900] 7561955a-6cbc-469c-ac52-df4cd0337729: 22 groups; 1.6 s; peak memory 1122 MiB.
2026-10-08T17:46:14Z INFO [485/900] 75619a5a-1ac7-4096-8905-35203c4f5e54: 48 groups; 3.1 s; peak memory 1122 MiB.
2026-10-08T17:46:15Z INFO [486/900] 7561f260-4b74-40e0-af80-8e4139000e32: 16 groups; 1.3 s; peak memory 1122 MiB.
2026-10-08T17:46:17Z INFO [487/900] 756216ee-39ac-4a7b-bca5-c8a40f2bfa6b: 34 groups; 1.7 s; peak memory 1122 MiB.
2026-10-08T17:46:20Z INFO [488/900] 75624119-4805-4d57-a3bc-ac142c9b4f97: 17 groups; 2.8 s; peak memory 1122 MiB.
2026-10-08T17:46:28Z INFO [489/900] 7562c7f9-5774-4b23-89e0-50b3a6e18f4e: 178 groups; 8.4 s; peak memory 1122 MiB.
2026-10-08T17:46:31Z INFO [490/900] 7562cadc-df01-4ebc-a0cb-79e20bafb1a5: 48 groups; 2.7 s; peak memory 1122 MiB.
2026-10-08T17:46:33Z INFO [491/900] 75647e79-9665-4087-8a67-7574c6b5815e: 35 groups; 2.1 s; peak memory 1122 MiB.
2026-10-08T17:46:43Z INFO [492/900] 7564db1f-86bb-4771-9708-fba93e78b45a: 134 groups; 10.2 s; peak memory 1122 MiB.
2026-10-08T17:46:45Z INFO [493/900] 7565d3fe-000f-4337-a322-526a1d2b177f: 35 groups; 2.0 s; peak memory 1122 MiB.
2026-10-08T17:46:47Z INFO [494/900] 75669bcd-a65c-4fde-a69f-2044f434e9d1: 201 groups; 2.2 s; peak memory 1122 MiB.
2026-10-08T17:46:50Z INFO [495/900] 7566b257-5960-4c10-978e-b3d9f3d64723: 35 groups; 2.3 s; peak memory 1122 MiB.
2026-10-08T17:47:05Z INFO [496/900] 7567e0c4-416a-4085-a6f2-1a2a85778774: 173 groups; 15.6 s; peak memory 1122 MiB.
2026-10-08T17:47:07Z INFO [497/900] 7567fc00-ace4-4071-8b2a-371b7cb5fb78: 195 groups; 1.9 s; peak memory 1122 MiB.
2026-10-08T17:47:08Z INFO [498/900] 75693058-77a6-42ef-869b-82a3fcdd786b: 26 groups; 1.1 s; peak memory 1122 MiB.
2026-10-08T17:47:17Z INFO [499/900] 75695f96-1ede-44e6-9d81-7998719e12ab: 70 groups; 8.7 s; peak memory 1122 MiB.
2026-10-08T17:47:18Z INFO [500/900] 7569efcb-2b0d-4719-ba3b-f7c61ae81a89: 22 groups; 1.0 s; peak memory 1122 MiB.
2026-10-08T17:47:18Z INFO [500/900] 7569efcb-2b0d-4719-ba3b-f7c61ae81a89: checkpointed 103536 records.
2026-10-08T17:47:25Z INFO [501/900] 756a087f-694e-49eb-a78a-21cafa4d7589: 123 groups; 7.2 s; peak memory 1122 MiB.
2026-10-08T17:47:27Z INFO [502/900] 756a6adb-7b8c-466c-a653-8d33a1201dcd: 36 groups; 1.9 s; peak memory 1122 MiB.
2026-10-08T17:47:29Z INFO [503/900] 756ab622-cc38-4090-b24a-48facc2ba86d: 29 groups; 1.6 s; peak memory 1122 MiB.
2026-10-08T17:48:02Z INFO [504/900] 756b7f66-a61a-45cb-8658-60553a128782: 43 groups; 33.3 s; peak memory 1122 MiB.
2026-10-08T17:48:04Z INFO [505/900] 756bd670-383b-43fe-873f-7128f53911e7: 35 groups; 2.0 s; peak memory 1122 MiB.
2026-10-08T17:48:05Z INFO [506/900] 756c3a5a-86d9-408d-abf1-73c7ebf39f6a: 22 groups; 1.4 s; peak memory 1122 MiB.
2026-10-08T17:48:07Z INFO [507/900] 756cb480-4279-4c1a-811c-b64d737c6868: 22 groups; 1.3 s; peak memory 1122 MiB.
2026-10-08T17:48:29Z INFO [508/900] 756d15ff-7797-46b0-bd19-377fe1f56cef: 249 groups; 22.3 s; peak memory 1122 MiB.
2026-10-08T17:48:31Z INFO [509/900] 756d53b1-a40e-4360-a718-c42464a86621: 22 groups; 1.5 s; peak memory 1122 MiB.
2026-10-08T17:48:32Z INFO [510/900] 756da060-c4d6-4d99-a6a0-5fae39debfea: 22 groups; 1.4 s; peak memory 1122 MiB.
2026-10-08T17:48:34Z INFO [511/900] 756f8db6-62c9-4b4f-a43d-875991582f5b: 32 groups; 1.7 s; peak memory 1122 MiB.
2026-10-08T17:48:36Z INFO [512/900] 756ffc77-0d86-4550-9a67-fee05c197014: 35 groups; 2.1 s; peak memory 1122 MiB.
2026-10-08T17:48:37Z INFO [513/900] 75710bc5-310d-4434-a0c8-3f42d357556f: 22 groups; 1.5 s; peak memory 1122 MiB.
2026-10-08T17:48:39Z INFO [514/900] 7571583c-06e0-4ca6-a800-6d041727f685: 29 groups; 2.1 s; peak memory 1122 MiB.
2026-10-08T17:48:41Z INFO [515/900] 757260ad-3862-4c84-8150-45f287294b8a: 35 groups; 1.8 s; peak memory 1122 MiB.
2026-10-08T17:48:43Z INFO [516/900] 75727987-5c38-434c-816d-b1904c97e297: 29 groups; 1.7 s; peak memory 1122 MiB.
2026-10-08T17:48:45Z INFO [517/900] 75748cb5-238b-493f-937e-b165509d604b: 31 groups; 2.3 s; peak memory 1122 MiB.
2026-10-08T17:48:54Z INFO [518/900] 75749cd6-d2f0-4081-bb3d-ef7a5d53f2c7: 162 groups; 8.4 s; peak memory 1122 MiB.
2026-10-08T17:48:55Z INFO [519/900] 7575280b-e8bc-48db-8e21-7523696ec222: 16 groups; 1.3 s; peak memory 1122 MiB.
2026-10-08T17:49:12Z INFO [520/900] 75754e31-d994-4280-ace6-7033a54a7721: 84 groups; 17.5 s; peak memory 1122 MiB.
2026-10-08T17:49:16Z INFO [521/900] 7578d5fc-3f41-4fce-a615-a78374b87690: 42 groups; 3.1 s; peak memory 1122 MiB.
2026-10-08T17:49:17Z INFO [522/900] 7579886b-76a2-4814-989b-65e60172ae9f: 25 groups; 1.3 s; peak memory 1122 MiB.
2026-10-08T17:49:19Z INFO [523/900] 757a49f5-b5fc-4b38-b7b5-20f00ee78d2c: 337 groups; 2.4 s; peak memory 1122 MiB.
2026-10-08T17:49:24Z INFO [524/900] 757aa55f-920d-4901-9452-d158ed6e32d3: 50 groups; 4.5 s; peak memory 1122 MiB.
2026-10-08T17:49:25Z INFO [525/900] 757aad90-03ba-4763-b570-dde96f49b278: 33 groups; 1.7 s; peak memory 1122 MiB.
2026-10-08T17:49:28Z INFO [526/900] 757af657-15c4-4f7b-9b85-20b2b09eeefc: 341 groups; 2.5 s; peak memory 1122 MiB.
2026-10-08T17:49:29Z INFO [527/900] 757af8ce-3c75-42d0-b7ac-8de4d23dec47: 32 groups; 1.6 s; peak memory 1122 MiB.
2026-10-08T17:49:45Z INFO [528/900] 757b510a-99a5-4e02-b737-3a9b66b98fbf: 343 groups; 15.5 s; peak memory 1122 MiB.
2026-10-08T17:49:47Z INFO [529/900] 757b8795-8641-4532-8f57-ca0fd76d0894: 28 groups; 1.6 s; peak memory 1122 MiB.
2026-10-08T17:49:49Z INFO [530/900] 757c23e4-087d-4649-b02e-8c43f57bb0aa: 49 groups; 2.4 s; peak memory 1122 MiB.
2026-10-08T17:49:51Z INFO [531/900] 757cc0f9-b2c6-4fbc-8a9d-0492b01f94d6: 32 groups; 1.7 s; peak memory 1122 MiB.
2026-10-08T17:49:59Z INFO [532/900] 757cc440-03fa-4a10-96e2-c3922f9a0757: 128 groups; 7.9 s; peak memory 1122 MiB.
2026-10-08T17:50:00Z INFO [533/900] 757d21bc-af68-4654-833c-781bedc676f0: 29 groups; 1.6 s; peak memory 1122 MiB.
2026-10-08T17:50:03Z INFO [534/900] 757d3a34-65b6-4021-9d3d-dc58997c3785: 35 groups; 2.5 s; peak memory 1122 MiB.
2026-10-08T17:50:05Z INFO [535/900] 757da284-4663-42c3-8f60-5e28bdbf9e99: 202 groups; 2.3 s; peak memory 1122 MiB.
2026-10-08T17:50:07Z INFO [536/900] 757e305e-9494-4e85-b90d-5b07d1b16ddb: 25 groups; 1.7 s; peak memory 1122 MiB.
2026-10-08T17:50:08Z INFO [537/900] 757e4216-ed03-4552-8bf0-e8347293567a: 22 groups; 1.4 s; peak memory 1122 MiB.
2026-10-08T17:50:10Z INFO [538/900] 757e7098-5aea-49fc-9946-1e92c4455686: 35 groups; 2.3 s; peak memory 1122 MiB.
2026-10-08T17:50:12Z INFO [539/900] 757e9221-78ad-4798-8568-c8bce537595d: 35 groups; 1.9 s; peak memory 1122 MiB.
2026-10-08T17:50:14Z INFO [540/900] 757f9eae-6c30-430a-b0ed-30b8208a949c: 32 groups; 1.5 s; peak memory 1122 MiB.
2026-10-08T17:50:16Z INFO [541/900] 757fa087-767e-48a8-9286-4f2944810786: 29 groups; 2.0 s; peak memory 1122 MiB.
2026-10-08T17:50:18Z INFO [542/900] 75801632-48f8-4522-ab84-53723747d424: 32 groups; 1.7 s; peak memory 1122 MiB.
2026-10-08T17:50:19Z INFO [543/900] 758208ae-0ceb-4ba8-93e7-5b9f4e7c4ce7: 22 groups; 1.3 s; peak memory 1122 MiB.
2026-10-08T17:50:20Z INFO [544/900] 75838229-6898-4deb-9e63-cf88f9170d73: 22 groups; 1.2 s; peak memory 1122 MiB.
2026-10-08T17:50:22Z INFO [545/900] 7585f6f0-4fc8-466c-89b6-eb82779d7e2d: 22 groups; 1.4 s; peak memory 1122 MiB.
2026-10-08T17:50:23Z INFO [546/900] 7586829e-55dd-4113-b9e3-83aa07b62e08: 32 groups; 1.7 s; peak memory 1122 MiB.
2026-10-08T17:50:25Z INFO [547/900] 7586f17e-c588-46be-8244-10e21faf3a4a: 35 groups; 2.0 s; peak memory 1122 MiB.
2026-10-08T17:50:32Z INFO [548/900] 7587577c-c208-438d-9246-8e12c720a91b: 73 groups; 6.8 s; peak memory 1122 MiB.
2026-10-08T17:50:34Z INFO [549/900] 758778ff-6b97-4830-bf7d-b0371296db5d: 31 groups; 1.4 s; peak memory 1122 MiB.
2026-10-08T17:50:40Z INFO [550/900] 7587a39a-c747-4619-8d0b-ba2631d28e73: 71 groups; 6.9 s; peak memory 1122 MiB.
2026-10-08T17:50:41Z INFO [550/900] 7587a39a-c747-4619-8d0b-ba2631d28e73: checkpointed 103586 records.
2026-10-08T17:50:42Z INFO [551/900] 7588538d-25c8-4922-a86c-a52939baf5ec: 36 groups; 1.8 s; peak memory 1122 MiB.
2026-10-08T17:50:44Z INFO [552/900] 7588843d-591a-46ac-ab95-2742f383d531: 32 groups; 1.8 s; peak memory 1122 MiB.
2026-10-08T17:50:47Z INFO [553/900] 7589f34f-f42e-4316-90b7-eb33bd830df8: 207 groups; 2.9 s; peak memory 1122 MiB.
2026-10-08T17:50:56Z INFO [554/900] 758a0417-de63-47f5-98a9-e13c547bede6: 34 groups; 9.0 s; peak memory 1122 MiB.
2026-10-08T17:50:58Z INFO [555/900] 758a70b2-88cc-4b67-b529-1bc89558b47f: 35 groups; 1.9 s; peak memory 1122 MiB.
2026-10-08T17:50:59Z INFO [556/900] 758a70fc-e7bd-47ec-9b0f-3226d9118ef8: 22 groups; 1.4 s; peak memory 1122 MiB.
2026-10-08T17:51:10Z INFO [557/900] 758ac6da-ead8-46ff-bf64-16514aee9329: 233 groups; 10.6 s; peak memory 1122 MiB.
2026-10-08T17:51:11Z INFO [558/900] 758aefac-67ba-40b2-8d24-2fdf7c4d5194: 31 groups; 1.1 s; peak memory 1122 MiB.
2026-10-08T17:51:13Z INFO [559/900] 758bbdee-faa9-4da9-9a0f-fe6b60b5ee6b: 22 groups; 1.4 s; peak memory 1122 MiB.
2026-10-08T17:51:14Z INFO [560/900] 758d3e21-97ec-4d02-80ff-a7bae0342633: 30 groups; 1.7 s; peak memory 1122 MiB.
2026-10-08T17:51:16Z INFO [561/900] 758dfd82-2925-476d-85b0-9da095ee60bc: 33 groups; 1.3 s; peak memory 1122 MiB.
2026-10-08T17:51:17Z INFO [562/900] 758e1b6e-4caf-443a-aba5-6adad819a069: 32 groups; 1.5 s; peak memory 1122 MiB.
2026-10-08T17:51:18Z INFO [563/900] 75914f0b-c06f-467b-8c0b-bef76bc454b5: 22 groups; 1.4 s; peak memory 1122 MiB.
2026-10-08T17:51:22Z INFO [564/900] 7591a791-4dcc-4e2b-81f5-42a81d36380c: 48 groups; 3.1 s; peak memory 1122 MiB.
2026-10-08T17:51:23Z INFO [565/900] 7591b845-237d-43f5-a32e-fbd55aa7439f: 22 groups; 1.5 s; peak memory 1122 MiB.
2026-10-08T17:51:24Z INFO [566/900] 7592bad2-dcb4-48ec-bb8a-76ac16469d8b: 22 groups; 1.3 s; peak memory 1122 MiB.
2026-10-08T17:51:26Z INFO [567/900] 7592e550-a86e-4baf-a405-afd6b5122676: 253 groups; 1.9 s; peak memory 1122 MiB.
2026-10-08T17:51:30Z INFO [568/900] 759353bc-687d-474b-9694-52684d46d83a: 48 groups; 3.3 s; peak memory 1122 MiB.
2026-10-08T17:51:31Z INFO [569/900] 759358b5-ba8b-4f91-abca-a7bb8ab627a3: 35 groups; 2.0 s; peak memory 1122 MiB.
2026-10-08T17:51:36Z INFO [570/900] 7593ba94-7958-44f4-a31f-6f1152da9687: 50 groups; 4.3 s; peak memory 1122 MiB.
2026-10-08T17:51:41Z INFO [571/900] 7593e69c-ee85-48b6-8121-e720f0fc2522: 17 groups; 5.6 s; peak memory 1122 MiB.
2026-10-08T17:51:43Z INFO [572/900] 7594e4df-a8c4-447a-a357-915d9155921b: 52 groups; 1.8 s; peak memory 1122 MiB.
2026-10-08T17:51:45Z INFO [573/900] 7595059a-5f7e-46da-92c2-35b373afc251: 35 groups; 2.0 s; peak memory 1122 MiB.
2026-10-08T17:51:47Z INFO [574/900] 75950f26-eca3-41e5-b63c-a16a72ff1acb: 32 groups; 1.8 s; peak memory 1122 MiB.
2026-10-08T17:51:53Z INFO [575/900] 7596436d-decb-4ce0-83d8-f0c3c00a570b: 78 groups; 5.5 s; peak memory 1122 MiB.
2026-10-08T17:51:54Z INFO [576/900] 759734cc-9023-4566-bd6d-c09d45c0065f: 34 groups; 1.7 s; peak memory 1122 MiB.
2026-10-08T17:51:55Z INFO [577/900] 75977d88-8d7b-451d-bc8e-c0e052771a44: 16 groups; 1.0 s; peak memory 1122 MiB.
2026-10-08T17:51:56Z INFO [578/900] 7598761c-3b88-4be4-afe0-bb94314653ba: 22 groups; 1.2 s; peak memory 1122 MiB.
2026-10-08T17:51:58Z INFO [579/900] 7598ad69-f025-4852-bb06-b82701566a4c: 35 groups; 1.8 s; peak memory 1122 MiB.
2026-10-08T17:52:30Z INFO [580/900] 7598d150-638b-4ac9-8d3c-5dda1792b863: 23 groups; 31.5 s; peak memory 1122 MiB.
2026-10-08T17:52:31Z INFO [581/900] 75999294-6539-4ee4-aca5-3a0a6029b835: 32 groups; 1.6 s; peak memory 1122 MiB.
2026-10-08T17:52:36Z INFO [582/900] 7599b8fc-48d3-4a6b-9a47-1c0767c9318a: 36 groups; 4.2 s; peak memory 1122 MiB.
2026-10-08T17:52:37Z INFO [583/900] 759a15c8-e69f-49cb-a955-6023260c2d8f: 22 groups; 1.3 s; peak memory 1122 MiB.
2026-10-08T17:52:39Z INFO [584/900] 759a91ad-4bc7-41e8-8f8d-cb95ee480eb7: 25 groups; 1.5 s; peak memory 1122 MiB.
2026-10-08T17:52:42Z INFO [585/900] 759be5d9-3cb2-4f5a-8357-824775e7d35a: 17 groups; 3.0 s; peak memory 1122 MiB.
2026-10-08T17:52:43Z INFO [586/900] 759ce9da-a257-4514-8fad-0e6580ff9590: 24 groups; 1.4 s; peak memory 1122 MiB.
2026-10-08T17:52:44Z INFO [587/900] 759d1159-5ec8-4aed-baea-c06f61ab4c02: 22 groups; 1.4 s; peak memory 1122 MiB.
2026-10-08T17:52:46Z INFO [588/900] 759d7178-014d-4f1d-aa27-2cbb502a5598: 31 groups; 1.3 s; peak memory 1122 MiB.
2026-10-08T17:52:47Z INFO [589/900] 759e1069-445f-4c52-ad07-2ff9ae6d7bee: 32 groups; 1.6 s; peak memory 1122 MiB.
2026-10-08T17:52:48Z INFO [590/900] 759f0c7f-177e-4393-b9b0-f8431cce2919: 16 groups; 1.1 s; peak memory 1122 MiB.
2026-10-08T17:52:50Z INFO [591/900] 759f67d8-f020-459a-a5fb-c739462bb490: 202 groups; 2.1 s; peak memory 1122 MiB.
2026-10-08T17:52:52Z INFO [592/900] 759f822e-d54b-4e4a-8836-44d04c0a347f: 26 groups; 1.5 s; peak memory 1122 MiB.
2026-10-08T17:52:54Z INFO [593/900] 759ffc57-96f3-49dd-800a-863d4f5132aa: 33 groups; 1.9 s; peak memory 1122 MiB.
2026-10-08T17:52:56Z INFO [594/900] 75a0049f-662c-4a50-b54e-334a9880d995: 32 groups; 2.5 s; peak memory 1122 MiB.
2026-10-08T17:52:58Z INFO [595/900] 75a0e8a3-5907-4e76-ab49-8b0779811d91: 253 groups; 1.8 s; peak memory 1122 MiB.
2026-10-08T17:53:00Z INFO [596/900] 75a13888-2fdf-4e6b-8c3c-751e60d3876d: 33 groups; 2.1 s; peak memory 1122 MiB.
2026-10-08T17:54:56Z INFO [597/900] 75a14b2b-05f2-4bb1-abcb-e2af85579af2: 44 groups; 116.0 s; peak memory 1122 MiB.
2026-10-08T17:54:59Z INFO [598/900] 75a16183-d0b8-4c95-bd04-b817deb150cd: 47 groups; 3.3 s; peak memory 1122 MiB.
2026-10-08T17:55:01Z INFO [599/900] 75a1ee84-13f8-49c9-aa9b-2d89099a380d: 22 groups; 1.3 s; peak memory 1122 MiB.
2026-10-08T17:55:02Z INFO [600/900] 75a211fe-4a12-48ce-9b4d-8e538811c900: 20 groups; 1.4 s; peak memory 1122 MiB.
2026-10-08T17:55:02Z INFO [600/900] 75a211fe-4a12-48ce-9b4d-8e538811c900: checkpointed 103636 records.
2026-10-08T17:55:04Z INFO [601/900] 75a2ff95-b1aa-4678-90fb-d1dd488b3f96: 201 groups; 1.8 s; peak memory 1122 MiB.
2026-10-08T17:55:06Z INFO [602/900] 75a356ee-6a20-4713-8381-c9a1244572a1: 195 groups; 1.9 s; peak memory 1122 MiB.
2026-10-08T17:55:08Z INFO [603/900] 75a36f81-ccae-4356-8c2f-56ef40c37476: 28 groups; 1.4 s; peak memory 1122 MiB.
2026-10-08T17:55:09Z INFO [604/900] 75a42c69-84b2-4b52-be9a-f0f1e5c738bb: 18 groups; 1.2 s; peak memory 1122 MiB.
2026-10-08T17:55:11Z INFO [605/900] 75a5fd7d-85f0-494e-8d68-951de24ec550: 35 groups; 1.8 s; peak memory 1122 MiB.
2026-10-08T17:55:12Z INFO [606/900] 75a6629c-6128-4509-983a-2a56af25e7fc: 30 groups; 1.2 s; peak memory 1122 MiB.
2026-10-08T17:55:13Z INFO [607/900] 75a740a8-f4be-4ad5-bc84-b81bd5720adb: 33 groups; 1.6 s; peak memory 1122 MiB.
2026-10-08T17:55:21Z INFO [608/900] 75aa2ac1-77d2-4d09-887a-cfe5dd43edb8: 149 groups; 7.8 s; peak memory 1122 MiB.
2026-10-08T17:55:22Z INFO [609/900] 75aa2b66-6aa4-4b45-bde2-5666eb761214: 22 groups; 1.2 s; peak memory 1122 MiB.
2026-10-08T17:55:26Z INFO [610/900] 75aa553f-62e4-4191-af99-6c1be7eb46e6: 50 groups; 3.7 s; peak memory 1122 MiB.
2026-10-08T17:55:29Z INFO [611/900] 75aaa4d4-7861-4fa6-a088-e7271b784b60: 48 groups; 3.4 s; peak memory 1122 MiB.
2026-10-08T17:55:32Z INFO [612/900] 75ab555b-2a7c-4445-8e2b-003defa376d0: 337 groups; 2.3 s; peak memory 1122 MiB.
2026-10-08T17:55:33Z INFO [613/900] 75ab5b88-7f75-4115-b1db-3454d8101a03: 27 groups; 1.3 s; peak memory 1122 MiB.
2026-10-08T17:55:35Z INFO [614/900] 75af2b26-e0c4-4cee-9796-a3a36ae099bb: 32 groups; 1.5 s; peak memory 1122 MiB.
2026-10-08T17:55:36Z INFO [615/900] 75af4386-71d3-47b6-b4aa-5caf5813afd3: 32 groups; 1.8 s; peak memory 1122 MiB.
2026-10-08T17:55:38Z INFO [616/900] 75b06fea-1488-4215-b6ee-e30ae6db2cca: 33 groups; 1.5 s; peak memory 1122 MiB.
2026-10-08T17:55:40Z INFO [617/900] 75b13674-f13e-4b0b-b7e5-33cf0ffcc5ab: 35 groups; 1.7 s; peak memory 1122 MiB.
2026-10-08T17:55:41Z INFO [618/900] 75b175df-8868-49a0-b672-c847778150ae: 32 groups; 1.7 s; peak memory 1122 MiB.
2026-10-08T17:55:43Z INFO [619/900] 75b1ebbd-1d29-4ae6-81e2-450725fdb956: 26 groups; 1.3 s; peak memory 1122 MiB.
2026-10-08T17:55:44Z INFO [620/900] 75b23f91-4f94-47d4-bbfb-6562b0688951: 22 groups; 1.3 s; peak memory 1122 MiB.
2026-10-08T17:55:45Z INFO [621/900] 75b373cb-0b49-445a-84fd-6f570c26891b: 22 groups; 1.4 s; peak memory 1122 MiB.
2026-10-08T17:55:59Z INFO [622/900] 75b451fb-a3c9-4025-80d2-9fbf6ee14bb0: 33 groups; 13.8 s; peak memory 1122 MiB.
2026-10-08T17:56:05Z INFO [623/900] 75b52ace-cea5-4f8f-97b5-3b7f32f94523: 25 groups; 5.6 s; peak memory 1122 MiB.
2026-10-08T17:56:08Z INFO [624/900] 75b5d8d7-54a2-4c73-9e90-a9f70f878bd4: 50 groups; 3.7 s; peak memory 1122 MiB.
2026-10-08T17:56:10Z INFO [625/900] 75b74928-5867-4edb-8f13-21fb007078e7: 18 groups; 1.2 s; peak memory 1122 MiB.
2026-10-08T17:56:11Z INFO [626/900] 75b82ec1-69d8-4d66-b099-358e9685d491: 32 groups; 1.6 s; peak memory 1122 MiB.
2026-10-08T17:56:13Z INFO [627/900] 75b85c73-fba9-4993-82c5-aeeae3eddf0e: 22 groups; 1.5 s; peak memory 1122 MiB.
2026-10-08T17:56:14Z INFO [628/900] 75b8a918-f6ff-425d-9629-b87d0bc24444: 22 groups; 1.6 s; peak memory 1122 MiB.
2026-10-08T17:56:16Z INFO [629/900] 75b95207-48d2-4408-9222-83cd6a5436ae: 256 groups; 1.5 s; peak memory 1122 MiB.
2026-10-08T17:56:35Z INFO [630/900] 75b9b0ea-e8fd-4903-8c62-4a1bc509ce87: 288 groups; 18.8 s; peak memory 1122 MiB.
2026-10-08T17:56:36Z INFO [631/900] 75bab9fe-66f0-4d65-94b5-c5896724c407: 22 groups; 1.5 s; peak memory 1122 MiB.
2026-10-08T17:56:56Z INFO [632/900] 75bb80f8-a37b-4658-a6c6-35946c86b6e9: 87 groups; 19.5 s; peak memory 1122 MiB.
2026-10-08T17:56:57Z INFO [633/900] 75bb94e3-09ed-4d1a-928a-faa349d580f0: 18 groups; 1.1 s; peak memory 1122 MiB.
2026-10-08T17:56:59Z INFO [634/900] 75bc2d9e-eea2-4e3f-9a7a-baf452940131: 35 groups; 2.3 s; peak memory 1122 MiB.
2026-10-08T17:57:00Z INFO [635/900] 75bd3b5e-3fba-4848-98b7-796699a84b88: 32 groups; 1.4 s; peak memory 1122 MiB.
2026-10-08T17:57:07Z INFO [636/900] 75bd88ec-f71e-4a06-970f-de8b3e521458: 137 groups; 6.6 s; peak memory 1122 MiB.
2026-10-08T17:57:08Z INFO [637/900] 75be6d34-427f-416e-8a37-1414c3a147e2: 22 groups; 1.4 s; peak memory 1122 MiB.
2026-10-08T17:57:10Z INFO [638/900] 75becf39-3844-4742-9de3-53226f08d407: 22 groups; 1.2 s; peak memory 1122 MiB.
2026-10-08T17:57:22Z INFO [639/900] 75bf4f4b-6e25-44d6-8ee8-e1fc85bacf3d: 191 groups; 12.3 s; peak memory 1122 MiB.
2026-10-08T17:57:23Z INFO [640/900] 75c23069-9fcd-4503-9b46-c135e5466793: 22 groups; 1.3 s; peak memory 1122 MiB.
2026-10-08T17:57:31Z INFO [641/900] 75c24af8-5dfe-4f6c-9cb3-4eea9f68cece: 53 groups; 7.7 s; peak memory 1122 MiB.
2026-10-08T17:59:51Z INFO [642/900] 75c33e23-04d1-4bea-b1b7-efa8d3686ff9: 102 groups; 139.7 s; peak memory 1122 MiB.
2026-10-08T17:59:57Z INFO [643/900] 75c37b54-5225-4c18-a1da-44b4ad4f0f35: 110 groups; 5.9 s; peak memory 1122 MiB.
2026-10-08T18:00:08Z INFO [644/900] 75c3b8d3-8599-4b8e-9142-1d83dff9c0ad: 48 groups; 11.2 s; peak memory 1122 MiB.
2026-10-08T18:00:12Z INFO [645/900] 75c3e38d-c502-46ab-9e15-dcc416809e14: 50 groups; 4.5 s; peak memory 1122 MiB.
2026-10-08T18:00:14Z INFO [646/900] 75c4386d-37d2-4085-8789-7b10dd9667e9: 22 groups; 1.6 s; peak memory 1122 MiB.
2026-10-08T18:00:18Z INFO [647/900] 75c47523-9eef-429b-a1ab-0c850ec23641: 61 groups; 4.2 s; peak memory 1122 MiB.
2026-10-08T18:00:20Z INFO [648/900] 75c4ba3e-ff79-4919-b790-334c355f0215: 35 groups; 2.0 s; peak memory 1122 MiB.
2026-10-08T18:00:22Z INFO [649/900] 75c4f80f-8516-4d12-92c4-0ae115710c0f: 27 groups; 1.5 s; peak memory 1122 MiB.
2026-10-08T18:00:24Z INFO [650/900] 75c50b0c-5513-4a62-8821-03857f5e70a8: 35 groups; 2.2 s; peak memory 1122 MiB.
2026-10-08T18:00:24Z INFO [650/900] 75c50b0c-5513-4a62-8821-03857f5e70a8: checkpointed 103686 records.
2026-10-08T18:00:27Z INFO [651/900] 75c5176b-6f01-4133-9eba-f0d511612da0: 17 groups; 3.0 s; peak memory 1122 MiB.
2026-10-08T18:00:34Z INFO [652/900] 75c53b12-7e0d-4af4-b8bb-76e83864e1bd: 114 groups; 7.5 s; peak memory 1122 MiB.
2026-10-08T18:00:36Z INFO [653/900] 75c58aaf-3497-42c3-9dec-a0a051ba0ee7: 35 groups; 1.7 s; peak memory 1122 MiB.
2026-10-08T18:00:38Z INFO [654/900] 75c59c89-d886-4820-8642-6400ebfa2322: 35 groups; 2.1 s; peak memory 1122 MiB.
2026-10-08T18:00:40Z INFO [655/900] 75c5b0c0-2298-4d67-b2b8-0bd679df6730: 35 groups; 1.8 s; peak memory 1122 MiB.
2026-10-08T18:00:56Z INFO [656/900] 75c6fe43-7e21-4b31-9f71-9b716452d125: 192 groups; 15.9 s; peak memory 1122 MiB.
2026-10-08T18:00:57Z INFO [657/900] 75c73c9e-48ba-4333-a925-1b1d253d4dfc: 30 groups; 1.1 s; peak memory 1122 MiB.
2026-10-08T18:00:58Z INFO [658/900] 75c78812-8baf-415b-86c0-4e4d4551402e: 22 groups; 1.4 s; peak memory 1122 MiB.
2026-10-08T18:01:00Z INFO [659/900] 75c7939b-9180-4ead-b422-e4f2cf77dfcf: 22 groups; 1.3 s; peak memory 1122 MiB.
2026-10-08T18:01:01Z INFO [660/900] 75c87ec5-65c6-4897-a6ea-6ec02df35424: 25 groups; 1.5 s; peak memory 1122 MiB.
2026-10-08T18:04:19Z INFO [661/900] 75c8875c-f265-4f25-930e-a561706792d7: 69 groups; 197.5 s; peak memory 1122 MiB.
2026-10-08T18:04:21Z INFO [662/900] 75c92793-f664-4318-b44d-106dfac7c624: 35 groups; 2.1 s; peak memory 1122 MiB.
2026-10-08T18:04:23Z INFO [663/900] 75c94253-3385-4b89-97dd-d8c5610a98f6: 33 groups; 1.7 s; peak memory 1122 MiB.
2026-10-08T18:04:24Z INFO [664/900] 75c9a2ab-2df2-41c3-98cf-0e3c00e3292b: 22 groups; 1.4 s; peak memory 1122 MiB.
2026-10-08T18:04:28Z INFO [665/900] 75c9bf0e-cf24-4052-a9dc-d114336c2a6d: 30 groups; 4.5 s; peak memory 1122 MiB.
2026-10-08T18:04:30Z INFO [666/900] 75cb6ca8-4d74-4e78-8468-14f80318190f: 35 groups; 2.0 s; peak memory 1122 MiB.
2026-10-08T18:04:32Z INFO [667/900] 75cc05f9-e3d4-404b-9698-a473c063eebf: 42 groups; 1.9 s; peak memory 1122 MiB.
2026-10-08T18:04:34Z INFO [668/900] 75cd463c-02e0-4c96-9fc8-a2676692a3f9: 35 groups; 2.1 s; peak memory 1122 MiB.
2026-10-08T18:04:36Z INFO [669/900] 75cdaadc-0c7d-477b-83c1-ee7a8b6a8175: 33 groups; 1.8 s; peak memory 1122 MiB.
2026-10-08T18:04:38Z INFO [670/900] 75ce2b97-40ff-4feb-ba43-c4cf8d0b16c2: 34 groups; 1.8 s; peak memory 1122 MiB.
2026-10-08T18:04:41Z INFO [671/900] 75cebe4c-07b2-4944-87a3-f331eb7cd518: 31 groups; 2.6 s; peak memory 1122 MiB.
2026-10-08T18:04:42Z INFO [672/900] 75cedee1-de65-4ff1-9bfd-005bcd0a415f: 17 groups; 1.2 s; peak memory 1122 MiB.
2026-10-08T18:04:43Z INFO [673/900] 75cf5b47-fa97-40d7-83fe-50b16d9c702f: 22 groups; 1.4 s; peak memory 1122 MiB.
2026-10-08T18:05:13Z INFO [674/900] 75cf9c6f-89ba-43be-8b37-a579dabeb94c: 157 groups; 29.3 s; peak memory 1122 MiB.
2026-10-08T18:05:14Z INFO [675/900] 75d1032d-bdc1-4d70-8cf0-a33e3b671df8: 22 groups; 1.3 s; peak memory 1122 MiB.
2026-10-08T18:05:15Z INFO [676/900] 75d10de5-ff75-4cb5-a7f6-caa881d27bab: 22 groups; 1.6 s; peak memory 1122 MiB.
2026-10-08T18:05:17Z INFO [677/900] 75d1a3b5-508c-47e8-803d-8f76c20f5121: 25 groups; 1.6 s; peak memory 1122 MiB.
2026-10-08T18:05:19Z INFO [678/900] 75d1ca75-e8bf-4a9f-9604-f609070fa513: 22 groups; 1.5 s; peak memory 1122 MiB.
2026-10-08T18:05:20Z INFO [679/900] 75d1cdba-6465-4d27-9404-896d15c038fc: 22 groups; 1.4 s; peak memory 1122 MiB.
2026-10-08T18:05:22Z INFO [680/900] 75d1d712-239e-4612-9b4d-b443f6ba78dc: 32 groups; 1.9 s; peak memory 1122 MiB.
2026-10-08T18:05:42Z INFO [681/900] 75d20786-ed51-45e4-99ad-273fb9ed6407: 325 groups; 19.7 s; peak memory 1122 MiB.
2026-10-08T18:05:43Z INFO [682/900] 75d236f7-6e66-481c-a6b6-31a8e38d6b9a: 35 groups; 1.7 s; peak memory 1122 MiB.
2026-10-08T18:05:45Z INFO [683/900] 75d2cf4a-3d3b-4ada-b339-fd6bcfad6970: 33 groups; 1.6 s; peak memory 1122 MiB.
2026-10-08T18:05:46Z INFO [684/900] 75d304c3-a288-47e9-978e-6354e2047dfa: 17 groups; 1.1 s; peak memory 1122 MiB.
2026-10-08T18:05:48Z INFO [685/900] 75d416c8-b6af-49f0-bb49-d718f12365e1: 35 groups; 2.0 s; peak memory 1122 MiB.
2026-10-08T18:05:54Z INFO [686/900] 75d56032-5bd0-448f-afe6-3c521a5c0d44: 17 groups; 6.0 s; peak memory 1122 MiB.
2026-10-08T18:05:56Z INFO [687/900] 75d56a5f-293b-49ea-9934-532f14b956a4: 200 groups; 2.2 s; peak memory 1122 MiB.
2026-10-08T18:05:58Z INFO [688/900] 75d58c06-4939-48f9-8a0b-552cd7cca42f: 251 groups; 1.4 s; peak memory 1122 MiB.
2026-10-08T18:06:09Z INFO [689/900] 75d613ce-5e8b-48b4-834b-a24cc9f95bbf: 178 groups; 11.5 s; peak memory 1122 MiB.
2026-10-08T18:06:10Z INFO [690/900] 75d61eab-5d17-4908-a064-5bc275524ca3: 16 groups; 1.1 s; peak memory 1122 MiB.
2026-10-08T18:06:19Z INFO [691/900] 75d639e3-2d98-4c52-8255-239f01d41029: 88 groups; 8.6 s; peak memory 1122 MiB.
2026-10-08T18:06:31Z INFO [692/900] 75d6fd07-c284-4fd1-936b-81067ffd323a: 120 groups; 11.7 s; peak memory 1122 MiB.
2026-10-08T18:06:32Z INFO [693/900] 75d77130-1274-4b0c-a2d9-ff0424ed9525: 201 groups; 1.8 s; peak memory 1122 MiB.
2026-10-08T18:06:34Z INFO [694/900] 75d905d9-f9fc-4014-bbd1-5d3d6392f78e: 35 groups; 1.9 s; peak memory 1122 MiB.
2026-10-08T18:06:36Z INFO [695/900] 75d961cd-de5e-458d-a480-aa371a9b0479: 32 groups; 1.8 s; peak memory 1122 MiB.
2026-10-08T18:06:38Z INFO [696/900] 75da25db-8c5a-4947-8402-86a48a387f74: 39 groups; 2.0 s; peak memory 1122 MiB.
2026-10-08T18:06:39Z INFO [697/900] 75da30d3-7ea6-4d5a-87d3-9667341209f6: 16 groups; 1.1 s; peak memory 1122 MiB.
2026-10-08T18:06:40Z INFO [698/900] 75da522d-71b9-432a-bae5-631b11b6828c: 16 groups; 1.1 s; peak memory 1122 MiB.
2026-10-08T18:06:42Z INFO [699/900] 75dbfd65-b16b-476a-970b-e684f7174de0: 22 groups; 1.4 s; peak memory 1122 MiB.
2026-10-08T18:06:43Z INFO [700/900] 75dcf7e4-fff1-4891-91d6-1fc34347bf28: 25 groups; 1.6 s; peak memory 1122 MiB.
2026-10-08T18:06:43Z INFO [700/900] 75dcf7e4-fff1-4891-91d6-1fc34347bf28: checkpointed 103736 records.
2026-10-08T18:06:45Z INFO [701/900] 75dd5555-1a01-46a6-a372-e39730b76941: 30 groups; 1.2 s; peak memory 1122 MiB.
2026-10-08T18:06:49Z INFO [702/900] 75de177d-22d2-4555-a2df-4642cce74123: 50 groups; 4.4 s; peak memory 1122 MiB.
2026-10-08T18:06:51Z INFO [703/900] 75de7361-6f3e-4fc4-9a7c-55839ba0079b: 33 groups; 1.6 s; peak memory 1122 MiB.
2026-10-08T18:06:52Z INFO [704/900] 75ded414-8d8b-4aa0-85a6-ca84cb9c1503: 22 groups; 1.3 s; peak memory 1122 MiB.
2026-10-08T18:07:06Z INFO [705/900] 75df11ed-c1a0-4090-87bd-698107116449: 238 groups; 14.0 s; peak memory 1122 MiB.
2026-10-08T18:07:08Z INFO [706/900] 75e0262d-641e-4c86-9fdb-6603a946b917: 49 groups; 2.3 s; peak memory 1122 MiB.
2026-10-08T18:07:10Z INFO [707/900] 75e06336-85b3-4159-ad16-896c8814eee1: 253 groups; 1.7 s; peak memory 1122 MiB.
2026-10-08T18:07:13Z INFO [708/900] 75e09048-720a-44d3-bd39-e40296041a18: 71 groups; 3.3 s; peak memory 1122 MiB.
2026-10-08T18:07:14Z INFO [709/900] 75e0d66f-46da-459e-82c8-f3dc3789eba5: 30 groups; 1.1 s; peak memory 1122 MiB.
2026-10-08T18:07:17Z INFO [710/900] 75e333df-d2dc-4d44-8cb4-be7741a417e7: 108 groups; 2.2 s; peak memory 1122 MiB.
2026-10-08T18:07:18Z INFO [711/900] 75e3f5dc-084d-42cb-ae9f-138b94621ba4: 24 groups; 1.3 s; peak memory 1122 MiB.
2026-10-08T18:07:19Z INFO [712/900] 75e466c8-bffc-40ea-a96e-71ae2727791c: 33 groups; 1.4 s; peak memory 1122 MiB.
2026-10-08T18:07:20Z INFO [713/900] 75e49440-4f13-41b3-87fe-c8c9b52cdd98: 22 groups; 1.3 s; peak memory 1122 MiB.
2026-10-08T18:07:31Z INFO [714/900] 75e4a39c-214c-4318-8f50-2a9df4de87a8: 203 groups; 11.0 s; peak memory 1122 MiB.
2026-10-08T18:07:33Z INFO [715/900] 75e5cd8c-96bf-4d8f-925a-d003179e6a1f: 16 groups; 1.3 s; peak memory 1122 MiB.
2026-10-08T18:07:39Z INFO [716/900] 75e6bde2-df54-4395-8d11-9d8984a7aa0d: 181 groups; 6.6 s; peak memory 1122 MiB.
2026-10-08T18:07:48Z INFO [717/900] 75e6e9d7-bb46-4a7c-b0c5-8a0b0f71566a: 70 groups; 9.2 s; peak memory 1122 MiB.
2026-10-08T18:07:50Z INFO [718/900] 75e70b6d-b3b9-4635-8e61-6f6d5a16c237: 32 groups; 1.4 s; peak memory 1122 MiB.
2026-10-08T18:07:51Z INFO [719/900] 75e7bca7-b5a9-47d0-9039-569462f2894e: 22 groups; 1.5 s; peak memory 1122 MiB.
2026-10-08T18:07:53Z INFO [720/900] 75e7fe84-f126-471d-939f-5dba0e580dce: 41 groups; 2.0 s; peak memory 1122 MiB.
2026-10-08T18:07:55Z INFO [721/900] 75e899b8-d5ec-493f-9436-c8a960066c71: 22 groups; 1.3 s; peak memory 1122 MiB.
2026-10-08T18:09:43Z INFO [722/900] 75e8aa43-3173-48c0-a57b-89fc2dcbb4d6: 33 groups; 108.8 s; peak memory 1122 MiB.
2026-10-08T18:09:45Z INFO [723/900] 75e8aba7-f2f9-472a-bbd3-efcbe4580186: 32 groups; 2.0 s; peak memory 1122 MiB.
2026-10-08T18:09:48Z INFO [724/900] 75e93a30-06d1-4377-ac24-e439b70138bf: 575 groups; 2.8 s; peak memory 1122 MiB.
2026-10-08T18:09:50Z INFO [725/900] 75e9c6ae-5ade-4881-9c5a-3fa955f4fce3: 22 groups; 1.5 s; peak memory 1122 MiB.
2026-10-08T18:09:51Z INFO [726/900] 75ea224a-9b35-4950-af0d-ee762895b8d6: 28 groups; 1.4 s; peak memory 1122 MiB.
2026-10-08T18:09:53Z INFO [727/900] 75ea2c12-7784-4f46-9615-56fbb9bbc756: 22 groups; 1.5 s; peak memory 1122 MiB.
2026-10-08T18:09:55Z INFO [728/900] 75ea85ab-5cfc-43de-bb0e-e73ed858f00e: 256 groups; 2.0 s; peak memory 1122 MiB.
2026-10-08T18:09:56Z INFO [729/900] 75eb0859-a169-4c4b-ba3f-07df65392153: 28 groups; 1.3 s; peak memory 1122 MiB.
2026-10-08T18:09:58Z INFO [730/900] 75eb19f1-0fd3-4c3b-b9ae-bedb684c7f7c: 35 groups; 1.9 s; peak memory 1122 MiB.
2026-10-08T18:09:59Z INFO [731/900] 75ec3199-a438-4712-ad86-5ae9e9f117ca: 22 groups; 1.3 s; peak memory 1122 MiB.
2026-10-08T18:10:15Z INFO [732/900] 75ece51f-b09b-4a32-afd5-6025483dcf32: 88 groups; 16.2 s; peak memory 1122 MiB.
2026-10-08T18:10:17Z INFO [733/900] 75ed295f-a7ee-468e-96c5-f246792fdbe3: 22 groups; 1.4 s; peak memory 1122 MiB.
2026-10-08T18:10:18Z INFO [734/900] 75ee2a64-39d3-4574-8507-1cc79ae20641: 16 groups; 1.2 s; peak memory 1122 MiB.
2026-10-08T18:10:28Z INFO [735/900] 75ef7646-bbc1-4662-9cae-de22f2b86bc8: 146 groups; 10.4 s; peak memory 1122 MiB.
2026-10-08T18:10:32Z INFO [736/900] 75ef9e83-6c29-4c86-8e92-8ec0a5a01293: 17 groups; 3.5 s; peak memory 1122 MiB.
2026-10-08T18:10:33Z INFO [737/900] 75efc83d-bee4-4400-92d4-e1cbc729f312: 71 groups; 1.3 s; peak memory 1122 MiB.
2026-10-08T18:10:34Z INFO [738/900] 75f08d8f-39ac-4946-afaf-5a17037318e4: 16 groups; 1.1 s; peak memory 1122 MiB.
2026-10-08T18:10:43Z INFO [739/900] 75f36ccd-f7ef-4a47-b6d7-5e431fcbdd54: 152 groups; 8.5 s; peak memory 1122 MiB.
2026-10-08T18:10:44Z INFO [740/900] 75f37a72-fb2c-4de0-a554-4a7e8463e8a6: 33 groups; 1.5 s; peak memory 1122 MiB.
2026-10-08T18:10:46Z INFO [741/900] 75f4165a-3e64-4e0f-bc6b-361443612990: 32 groups; 1.8 s; peak memory 1122 MiB.
2026-10-08T18:10:48Z INFO [742/900] 75f4ea2d-9ba6-4274-908b-a759be4fe48c: 99 groups; 1.9 s; peak memory 1122 MiB.
2026-10-08T18:10:50Z INFO [743/900] 75f527b2-727e-4150-b2f0-851bf86cc04a: 48 groups; 2.5 s; peak memory 1122 MiB.
2026-10-08T18:10:56Z INFO [744/900] 75f587b1-a2e2-42b2-9d97-1f8c9eae5308: 29 groups; 5.3 s; peak memory 1122 MiB.
2026-10-08T18:10:58Z INFO [745/900] 75f63869-1186-49cd-aa48-fcd96fc2e2cb: 32 groups; 1.8 s; peak memory 1122 MiB.
2026-10-08T18:11:00Z INFO [746/900] 75f68fee-0a97-4bd1-8a6c-b3074699ba9d: 259 groups; 2.3 s; peak memory 1122 MiB.
2026-10-08T18:11:20Z INFO [747/900] 75f73075-3b63-43f1-98af-fa1c450fbc59: 24 groups; 19.9 s; peak memory 1122 MiB.
2026-10-08T18:11:29Z INFO [748/900] 75f78a2f-778a-470b-98d7-bb20ac122ba7: 85 groups; 9.5 s; peak memory 1122 MiB.
2026-10-08T18:11:31Z INFO [749/900] 75f7cd82-85eb-460c-80e5-ecd2cd25f60b: 32 groups; 1.8 s; peak memory 1122 MiB.
2026-10-08T18:11:32Z INFO [750/900] 75f7e967-1651-4e63-a86c-f52f570d4200: 30 groups; 1.1 s; peak memory 1122 MiB.
2026-10-08T18:11:32Z INFO [750/900] 75f7e967-1651-4e63-a86c-f52f570d4200: checkpointed 103786 records.
2026-10-08T18:11:34Z INFO [751/900] 75f7fca1-e27d-40ae-b88e-02bf70080e78: 103 groups; 1.7 s; peak memory 1122 MiB.
2026-10-08T18:11:42Z INFO [752/900] 75f808c4-601c-41ea-81e6-fd8f5a8f0c1c: 188 groups; 8.1 s; peak memory 1122 MiB.
2026-10-08T18:11:43Z INFO [753/900] 75fa080f-8e4b-47ab-a466-50d0af96af73: 30 groups; 1.2 s; peak memory 1122 MiB.
2026-10-08T18:11:58Z INFO [754/900] 75fa6635-22d9-4319-9e90-99608564a3c5: 203 groups; 14.8 s; peak memory 1122 MiB.
2026-10-08T18:12:02Z INFO [755/900] 75fbbf4c-ee82-47e9-ba81-f8107b65e168: 48 groups; 3.5 s; peak memory 1122 MiB.
2026-10-08T18:12:03Z INFO [756/900] 75fbcba4-b961-48c0-9f60-abd9329f2345: 22 groups; 1.3 s; peak memory 1122 MiB.
2026-10-08T18:12:05Z INFO [757/900] 75fc9b78-0def-4d2f-beee-f3a5bfb9d953: 337 groups; 2.1 s; peak memory 1122 MiB.
2026-10-08T18:12:07Z INFO [758/900] 75fcf3a3-5cb1-42d8-a6d4-53de7d743757: 35 groups; 2.3 s; peak memory 1122 MiB.
2026-10-08T18:12:09Z INFO [759/900] 75fd650f-852a-44ff-9c38-57ed950c2221: 22 groups; 1.5 s; peak memory 1122 MiB.
2026-10-08T18:12:10Z INFO [760/900] 75fe63c2-fe61-4483-9119-33028ba12c34: 22 groups; 1.6 s; peak memory 1122 MiB.
2026-10-08T18:12:12Z INFO [761/900] 75feab94-8433-4187-81dc-b6a759a125e8: 22 groups; 1.5 s; peak memory 1122 MiB.
2026-10-08T18:12:15Z INFO [762/900] 75fecad2-6f92-49bf-83bf-b761c941044d: 48 groups; 3.5 s; peak memory 1122 MiB.
2026-10-08T18:15:42Z INFO [763/900] 75ff18a0-25bf-4a71-93c8-e5a8149bedf3: 68 groups; 206.8 s; peak memory 1122 MiB.
2026-10-08T18:15:44Z INFO [764/900] 75ff1b26-0573-47b0-914a-7eb71c59df94: 22 groups; 1.6 s; peak memory 1122 MiB.
2026-10-08T18:16:18Z INFO [765/900] 75ff880e-814a-4760-beb1-d0d487137935: 22 groups; 33.9 s; peak memory 1122 MiB.
2026-10-08T18:16:19Z INFO [766/900] 76014185-7d0f-4cd9-8a51-8118ae540c45: 16 groups; 1.1 s; peak memory 1122 MiB.
2026-10-08T18:16:20Z INFO [767/900] 7601735f-5b0c-4d2e-938f-53f131953fbf: 33 groups; 1.8 s; peak memory 1122 MiB.
2026-10-08T18:16:22Z INFO [768/900] 76017383-af77-49c4-bf23-436167c81398: 32 groups; 1.6 s; peak memory 1122 MiB.
2026-10-08T18:16:24Z INFO [769/900] 76018d65-db50-4bbc-8e76-e6ebf79d10b0: 32 groups; 1.6 s; peak memory 1122 MiB.
2026-10-08T18:16:25Z INFO [770/900] 76027cde-7cba-4090-85e9-156f43d1ae34: 22 groups; 1.5 s; peak memory 1122 MiB.
2026-10-08T18:16:27Z INFO [771/900] 76027d0b-5668-4f93-9dd1-9c00ef2ae853: 36 groups; 2.0 s; peak memory 1122 MiB.
2026-10-08T18:16:30Z INFO [772/900] 7602889c-3c1b-467c-b694-40e85ed4eb0b: 33 groups; 2.4 s; peak memory 1122 MiB.
2026-10-08T18:16:31Z INFO [773/900] 76035a92-5407-449b-ace6-7b70dd053f37: 22 groups; 1.6 s; peak memory 1122 MiB.
2026-10-08T18:16:34Z INFO [774/900] 7604df33-40c1-44a1-bb35-cf225b30eaec: 35 groups; 2.5 s; peak memory 1122 MiB.
2026-10-08T18:16:35Z INFO [775/900] 76076372-e694-4873-89ad-f1984092dbae: 22 groups; 1.4 s; peak memory 1122 MiB.
2026-10-08T18:16:37Z INFO [776/900] 7608bead-815a-4c77-957b-fefb0cbb0b64: 32 groups; 1.5 s; peak memory 1122 MiB.
2026-10-08T18:16:39Z INFO [777/900] 7608ef28-1798-48a0-8573-bd2734f9fe8a: 32 groups; 1.9 s; peak memory 1122 MiB.
2026-10-08T18:16:40Z INFO [778/900] 7609b874-48da-40ac-b594-7acc65f5d6e8: 196 groups; 1.9 s; peak memory 1122 MiB.
2026-10-08T18:16:42Z INFO [779/900] 760a8e0d-6717-48f6-9503-76e1c330ae60: 22 groups; 1.4 s; peak memory 1122 MiB.
2026-10-08T18:17:12Z INFO [780/900] 760aab91-db1c-495d-bb01-377a5b7758b2: 23 groups; 29.8 s; peak memory 1122 MiB.
2026-10-08T18:17:13Z INFO [781/900] 760b2670-a9fe-40a5-bf22-5934e5c8baba: 16 groups; 1.2 s; peak memory 1122 MiB.
2026-10-08T18:17:14Z INFO [782/900] 760b7c12-2960-4468-aaa5-bc383b8cbb47: 29 groups; 1.5 s; peak memory 1122 MiB.
2026-10-08T18:17:16Z INFO [783/900] 760c4dc5-d5a5-405f-8f92-df79eed7648a: 16 groups; 1.1 s; peak memory 1122 MiB.
2026-10-08T18:17:36Z INFO [784/900] 760c71d0-2f89-451b-af08-3ee91ca75529: 26 groups; 20.9 s; peak memory 1122 MiB.
2026-10-08T18:17:38Z INFO [785/900] 760d0e3d-a015-4c0a-970c-02356c180d03: 20 groups; 1.3 s; peak memory 1122 MiB.
2026-10-08T18:17:46Z INFO [786/900] 760d1049-bc54-49a3-b9e6-c73543aa256f: 145 groups; 7.9 s; peak memory 1122 MiB.
2026-10-08T18:17:47Z INFO [787/900] 760f807f-d865-4b65-bc02-a55b47435ddf: 22 groups; 1.4 s; peak memory 1122 MiB.
2026-10-08T18:17:59Z INFO [788/900] 760fe107-3a9f-428a-bbdc-fa4ef7721d83: 144 groups; 11.9 s; peak memory 1122 MiB.
2026-10-08T18:18:01Z INFO [789/900] 760ff8a6-a7b4-42ec-a7c0-74d49fa35f61: 32 groups; 1.8 s; peak memory 1122 MiB.
2026-10-08T18:18:02Z INFO [790/900] 7611ed3f-296a-480a-a750-7dc2e985bc6c: 32 groups; 1.5 s; peak memory 1122 MiB.
2026-10-08T18:18:04Z INFO [791/900] 761219b6-5e4c-44e3-af6d-e08e6ccfbdc1: 32 groups; 1.5 s; peak memory 1122 MiB.
2026-10-08T18:18:05Z INFO [792/900] 76127dcd-0fda-4967-808e-25c578afc8ce: 18 groups; 1.4 s; peak memory 1122 MiB.
2026-10-08T18:18:07Z INFO [793/900] 761298c8-2987-48bc-89b8-fa2dc9c7c8c5: 35 groups; 2.0 s; peak memory 1122 MiB.
2026-10-08T18:18:09Z INFO [794/900] 7612aa04-4ae7-48dc-9cd0-8d6d5932e259: 33 groups; 1.9 s; peak memory 1122 MiB.
2026-10-08T18:18:11Z INFO [795/900] 761329c5-8b23-45b3-a0aa-5931fa76c0a7: 32 groups; 1.6 s; peak memory 1122 MiB.
2026-10-08T18:18:13Z INFO [796/900] 7613d013-83ac-4742-a397-9faa65de39a9: 35 groups; 1.9 s; peak memory 1122 MiB.
2026-10-08T18:18:14Z INFO [797/900] 7614df17-92a6-457e-a0ef-2d107ab6ef1c: 31 groups; 1.3 s; peak memory 1122 MiB.
2026-10-08T18:18:22Z INFO [798/900] 76150fd0-407f-4529-8422-4692272bcb44: 66 groups; 8.2 s; peak memory 1122 MiB.
2026-10-08T18:18:28Z INFO [799/900] 76168a6f-4d50-4d43-9cfa-be085d0afb35: 22 groups; 5.6 s; peak memory 1122 MiB.
2026-10-08T18:18:29Z INFO [800/900] 7617d3b5-ba23-482e-9053-fffb532511cf: 22 groups; 1.4 s; peak memory 1122 MiB.
2026-10-08T18:18:29Z INFO [800/900] 7617d3b5-ba23-482e-9053-fffb532511cf: checkpointed 103836 records.
2026-10-08T18:18:31Z INFO [801/900] 7618157d-0481-4cf2-97d0-793bc4e01343: 32 groups; 1.5 s; peak memory 1122 MiB.
2026-10-08T18:18:32Z INFO [802/900] 7618ddf2-3965-4c89-bed8-7a1b3789b636: 32 groups; 1.7 s; peak memory 1122 MiB.
2026-10-08T18:18:34Z INFO [803/900] 7618e4ae-33d1-4ad5-bc1e-d838b1dbda0c: 32 groups; 1.8 s; peak memory 1122 MiB.
2026-10-08T18:18:47Z INFO [804/900] 76195f1d-1f83-4e2d-a7ae-cb379e27cc10: 22 groups; 12.4 s; peak memory 1122 MiB.
2026-10-08T18:18:56Z INFO [805/900] 7619985a-3557-45f7-893b-d1770a1ebb05: 158 groups; 9.5 s; peak memory 1122 MiB.
2026-10-08T18:18:59Z INFO [806/900] 761a1905-98bf-41a3-bb4e-a3c3493b1a1c: 71 groups; 3.0 s; peak memory 1122 MiB.
2026-10-08T18:19:01Z INFO [807/900] 761aaaa4-ce33-4703-96b6-4f7f53840510: 31 groups; 1.5 s; peak memory 1122 MiB.
2026-10-08T18:19:09Z INFO [808/900] 761b39f7-8b5d-4029-a857-5f70afee6111: 147 groups; 8.5 s; peak memory 1122 MiB.
2026-10-08T18:19:13Z INFO [809/900] 761b7201-2915-4cd7-a71b-007b423b63b5: 48 groups; 3.5 s; peak memory 1122 MiB.
2026-10-08T18:19:15Z INFO [810/900] 761c12d4-7433-46d7-a011-92a980601ac2: 194 groups; 2.0 s; peak memory 1122 MiB.
2026-10-08T18:19:16Z INFO [811/900] 761c13a8-6188-4f89-ab5b-9fe3635b1ee4: 252 groups; 1.8 s; peak memory 1122 MiB.
2026-10-08T18:19:18Z INFO [812/900] 761c9b07-9e8b-4d68-8c93-2b569e67af0e: 32 groups; 1.7 s; peak memory 1122 MiB.
2026-10-08T18:19:24Z INFO [813/900] 761d6938-ab24-4a74-883f-0b9ea334f637: 167 groups; 6.2 s; peak memory 1122 MiB.
2026-10-08T18:19:26Z INFO [814/900] 761e47da-80e7-418b-89ad-fcda9b794a2b: 17 groups; 1.3 s; peak memory 1122 MiB.
2026-10-08T18:19:27Z INFO [815/900] 761e632c-a1a9-4070-9f1b-a2f01c3f847e: 32 groups; 1.5 s; peak memory 1122 MiB.
2026-10-08T18:19:32Z INFO [816/900] 761ef2ae-2c40-457c-9459-806aad9594aa: 89 groups; 4.7 s; peak memory 1122 MiB.
2026-10-08T18:19:57Z INFO [817/900] 761f3712-2e35-4e62-b78b-bbd5b572a351: 346 groups; 24.9 s; peak memory 1122 MiB.
2026-10-08T18:19:59Z INFO [818/900] 761f5fa5-8982-4144-a540-5aa5ec6aa1ec: 32 groups; 2.0 s; peak memory 1122 MiB.
2026-10-08T18:20:00Z INFO [819/900] 761f7f19-eaac-4451-a6da-48adb5e03cff: 25 groups; 1.2 s; peak memory 1122 MiB.
2026-10-08T18:20:01Z INFO [820/900] 761f9303-e8ca-4d51-885b-0dfbb9c0fdc8: 22 groups; 1.5 s; peak memory 1122 MiB.
2026-10-08T18:20:02Z INFO [821/900] 7620d410-7212-4e8f-8f12-48ffcaa0857b: 22 groups; 1.0 s; peak memory 1122 MiB.
2026-10-08T18:20:03Z INFO [822/900] 7620e815-303b-4438-a25a-ce6aa3a010ec: 31 groups; 1.1 s; peak memory 1122 MiB.
2026-10-08T18:20:06Z INFO [823/900] 762176fb-507f-4469-a208-efafa6425ea8: 253 groups; 2.1 s; peak memory 1122 MiB.
2026-10-08T18:20:07Z INFO [824/900] 7622200d-ebc2-4498-bf1a-c7fa8f330e6a: 32 groups; 1.5 s; peak memory 1122 MiB.
2026-10-08T18:20:09Z INFO [825/900] 7622dd20-ae33-45e8-a8ff-26103bc40df6: 22 groups; 1.5 s; peak memory 1122 MiB.
2026-10-08T18:20:18Z INFO [826/900] 762312ab-48c7-4796-8a38-a1bf37e89c15: 751 groups; 9.3 s; peak memory 1122 MiB.
2026-10-08T18:20:22Z INFO [827/900] 762396d3-d910-43a9-b238-659120fc9d1d: 50 groups; 3.8 s; peak memory 1122 MiB.
2026-10-08T18:20:23Z INFO [828/900] 76250496-428e-4a7d-864d-b717982242a0: 22 groups; 1.5 s; peak memory 1122 MiB.
2026-10-08T18:56:17Z INFO [829/900] 7625a9ed-7ea0-4d12-8a6d-d3c6379f4688: 498 groups; 2153.6 s; peak memory 1255 MiB.
2026-10-08T18:56:19Z INFO [830/900] 76263024-a2a2-425d-9233-af4974c6cb26: 31 groups; 1.9 s; peak memory 1255 MiB.
2026-10-08T18:58:20Z INFO [831/900] 76263a08-3e93-4f71-bcf2-2af378c4bf83: 71 groups; 121.0 s; peak memory 1255 MiB.
2026-10-08T18:58:21Z INFO [832/900] 762663e4-34f3-4b1e-987c-b10da53c2f70: 33 groups; 1.4 s; peak memory 1255 MiB.
2026-10-08T18:58:38Z INFO [833/900] 7626ba5b-bc98-47da-95b1-1627758f6eef: 92 groups; 17.2 s; peak memory 1255 MiB.
2026-10-08T18:58:39Z INFO [834/900] 7626d48a-f5c6-469e-acdc-21aacaa97586: 28 groups; 1.2 s; peak memory 1255 MiB.
2026-10-08T18:58:43Z INFO [835/900] 76275bd9-0687-4754-ab9c-9f48e1d2a0e6: 48 groups; 3.6 s; peak memory 1255 MiB.
2026-10-08T18:58:49Z INFO [836/900] 76278590-6833-4475-980f-3493846c45d8: 78 groups; 6.3 s; peak memory 1255 MiB.
2026-10-08T18:58:51Z INFO [837/900] 7628b159-d993-47d9-bba8-18992551490d: 22 groups; 1.4 s; peak memory 1255 MiB.
2026-10-08T18:58:52Z INFO [838/900] 7628de1d-d5bf-4ae6-a6ed-8da6121156c8: 22 groups; 1.4 s; peak memory 1255 MiB.
2026-10-08T18:58:55Z INFO [839/900] 762932a2-4d1a-41cb-9938-2c3f1891cb05: 48 groups; 3.2 s; peak memory 1255 MiB.
2026-10-08T18:58:57Z INFO [840/900] 76293601-0302-4946-8e65-c5f4ee003fcd: 16 groups; 1.4 s; peak memory 1255 MiB.
2026-10-08T18:59:02Z INFO [841/900] 7629434f-12d6-4d62-b197-3600dd4bc183: 98 groups; 4.9 s; peak memory 1255 MiB.
2026-10-08T18:59:03Z INFO [842/900] 7629d367-0b75-4932-806b-7d862c0ab01c: 16 groups; 1.2 s; peak memory 1255 MiB.
2026-10-08T18:59:04Z INFO [843/900] 7629fc77-80b7-4e5f-94be-5791ae1b1c3c: 22 groups; 1.4 s; peak memory 1255 MiB.
2026-10-08T18:59:06Z INFO [844/900] 762aac15-b019-44bb-8cd8-7c8933e865a5: 32 groups; 1.4 s; peak memory 1255 MiB.
2026-10-08T18:59:07Z INFO [845/900] 762b1f55-6bdb-4903-970d-37af9e841d21: 25 groups; 1.3 s; peak memory 1255 MiB.
2026-10-08T18:59:21Z INFO [846/900] 762b3203-2516-4b58-b853-45b2cd0ef24b: 155 groups; 14.1 s; peak memory 1255 MiB.
2026-10-08T18:59:23Z INFO [847/900] 762b51cc-5a98-403b-a765-41f667b5ca3e: 35 groups; 1.7 s; peak memory 1255 MiB.
2026-10-08T19:02:04Z INFO [848/900] 762b6965-accd-4454-b180-8b118dfffceb: 60 groups; 161.6 s; peak memory 1255 MiB.
2026-10-08T19:02:08Z INFO [849/900] 762b8352-6ba3-4512-8232-2c7f1f34c1a7: 53 groups; 3.2 s; peak memory 1255 MiB.
2026-10-08T19:02:13Z INFO [850/900] 762b83a9-6226-47c8-b8dd-890729e145b9: 50 groups; 5.8 s; peak memory 1255 MiB.
2026-10-08T19:02:13Z INFO [850/900] 762b83a9-6226-47c8-b8dd-890729e145b9: checkpointed 103886 records.
2026-10-08T19:02:16Z INFO [851/900] 762c0f1f-d7be-4ab9-8254-a99c60ae884c: 336 groups; 2.3 s; peak memory 1255 MiB.
2026-10-08T19:02:17Z INFO [852/900] 762d13a0-0bd5-428d-be6f-c2e6ad2d048a: 34 groups; 1.7 s; peak memory 1255 MiB.
2026-10-08T19:02:19Z INFO [853/900] 762d1454-a89f-4939-8a3f-7896c2244be6: 71 groups; 1.2 s; peak memory 1255 MiB.
2026-10-08T19:02:21Z INFO [854/900] 76303af1-b0e8-4630-94ad-9cdf6340c931: 32 groups; 1.9 s; peak memory 1255 MiB.
2026-10-08T19:02:22Z INFO [855/900] 76305766-0594-412f-adc8-bb43c363f835: 99 groups; 1.6 s; peak memory 1255 MiB.
2026-10-08T19:02:23Z INFO [856/900] 7630ff93-adba-4951-9608-fa47664fa256: 31 groups; 1.0 s; peak memory 1255 MiB.
2026-10-08T19:02:25Z INFO [857/900] 76310aab-684f-432d-8198-918b06614c03: 22 groups; 1.6 s; peak memory 1255 MiB.
2026-10-08T19:02:26Z INFO [858/900] 76317ef2-b429-4fc5-8b4c-448da1c74729: 32 groups; 1.5 s; peak memory 1255 MiB.
2026-10-08T19:02:44Z INFO [859/900] 7631addf-a1bc-4983-8ea6-b5b3bec4211a: 2242 groups; 18.0 s; peak memory 1255 MiB.
2026-10-08T19:02:45Z INFO [860/900] 76327e96-2f73-447f-9e69-3881086e4487: 24 groups; 1.2 s; peak memory 1255 MiB.
2026-10-08T19:02:46Z INFO [861/900] 7632ac5c-c33d-4a9e-8460-be4750b42425: 22 groups; 1.0 s; peak memory 1255 MiB.
2026-10-08T19:02:50Z INFO [862/900] 76331f12-a4d1-47ac-8d19-c3244b30f6df: 64 groups; 3.4 s; peak memory 1255 MiB.
2026-10-08T19:03:05Z INFO [863/900] 76341f1e-abc1-48ca-b781-283454d82edd: 204 groups; 15.2 s; peak memory 1255 MiB.
2026-10-08T19:03:06Z INFO [864/900] 7634560b-de01-4362-8ac9-c3e31da002f2: 22 groups; 1.5 s; peak memory 1255 MiB.
2026-10-08T19:03:08Z INFO [865/900] 763466e8-d515-42fa-ad9c-3f5ea6c1f7bf: 32 groups; 1.6 s; peak memory 1255 MiB.
2026-10-08T19:03:10Z INFO [866/900] 763497b7-c9cb-48dc-8caa-96f568f36a88: 22 groups; 1.5 s; peak memory 1255 MiB.
2026-10-08T19:03:11Z INFO [867/900] 7634a46a-caf0-41bf-be82-e7d6c00c3011: 33 groups; 2.0 s; peak memory 1255 MiB.
2026-10-08T19:03:14Z INFO [868/900] 7634be79-2bbe-4749-8e6a-edb8e743918c: 573 groups; 2.7 s; peak memory 1255 MiB.
2026-10-08T19:03:15Z INFO [869/900] 7635604f-d3b8-4c4c-aba8-9ae23e75115e: 17 groups; 1.0 s; peak memory 1255 MiB.
2026-10-08T19:03:19Z INFO [870/900] 7635c881-722e-4b66-821b-7b643ad490a9: 50 groups; 3.6 s; peak memory 1255 MiB.
2026-10-08T19:03:20Z INFO [871/900] 7635cd1f-5070-4692-a634-76d421c94367: 22 groups; 1.4 s; peak memory 1255 MiB.
2026-10-08T19:03:22Z INFO [872/900] 76370560-009f-4e17-83d4-dc4ac07fd6e2: 25 groups; 1.8 s; peak memory 1255 MiB.
2026-10-08T19:03:24Z INFO [873/900] 763915ec-74b7-49ee-812d-b44bad121f91: 33 groups; 1.6 s; peak memory 1255 MiB.
2026-10-08T19:03:25Z INFO [874/900] 76396f53-d210-4b3d-90f8-2d64d9321b33: 25 groups; 1.4 s; peak memory 1255 MiB.
2026-10-08T19:03:43Z INFO [875/900] 763a9451-6eeb-41e8-91ed-55569533e7fd: 994 groups; 17.7 s; peak memory 1255 MiB.
2026-10-08T19:03:44Z INFO [876/900] 763c54ad-6de8-47b1-948d-b0d29f514d6e: 22 groups; 1.4 s; peak memory 1255 MiB.
2026-10-08T19:03:46Z INFO [877/900] 763cc217-6b13-402c-b8e2-4088d2598623: 22 groups; 1.5 s; peak memory 1255 MiB.
2026-10-08T19:03:48Z INFO [878/900] 763dcfec-779c-4e9b-b090-e89c30f26f42: 35 groups; 2.1 s; peak memory 1255 MiB.
2026-10-08T19:03:50Z INFO [879/900] 763de3ad-4e6e-4430-aaf2-4dff67cfcdc5: 35 groups; 1.9 s; peak memory 1255 MiB.
2026-10-08T19:03:53Z INFO [880/900] 763ea749-abb7-4947-8253-910c74ca6e48: 48 groups; 3.7 s; peak memory 1255 MiB.
2026-10-08T19:03:56Z INFO [881/900] 763ede1a-1b75-408e-909a-188d2f2fdb0a: 34 groups; 2.4 s; peak memory 1255 MiB.
2026-10-08T19:03:57Z INFO [882/900] 7640c153-1f6c-47c5-885a-0224d3595ae2: 22 groups; 1.5 s; peak memory 1255 MiB.
2026-10-08T19:03:59Z INFO [883/900] 7642785d-d905-4154-ab7e-a6490a06337d: 22 groups; 1.7 s; peak memory 1255 MiB.
2026-10-08T19:04:14Z INFO [884/900] 764289e0-61dc-4455-ab7e-0cd8e4bc4fec: 232 groups; 15.3 s; peak memory 1255 MiB.
2026-10-08T19:04:15Z INFO [885/900] 7642ef01-edf5-4c2a-a2ed-30ac7ba86649: 22 groups; 1.1 s; peak memory 1255 MiB.
2026-10-08T19:04:17Z INFO [886/900] 764359cf-6fa8-4060-843f-1123a8deeda5: 32 groups; 1.5 s; peak memory 1255 MiB.
2026-10-08T19:04:19Z INFO [887/900] 764365d7-d19f-4c98-9b57-98fe350869dc: 40 groups; 2.4 s; peak memory 1255 MiB.
2026-10-08T19:04:21Z INFO [888/900] 7643f48a-1686-45d6-9099-b7becd8748ac: 35 groups; 2.0 s; peak memory 1255 MiB.
2026-10-08T19:04:25Z INFO [889/900] 7644342b-d770-4d42-8073-a0c35a7f45d9: 48 groups; 3.4 s; peak memory 1255 MiB.
2026-10-08T19:04:27Z INFO [890/900] 7644be24-9cfb-4738-8fee-4860d8d300ed: 35 groups; 2.4 s; peak memory 1255 MiB.
2026-10-08T19:04:33Z INFO [891/900] 7644d734-d091-431c-bd2f-4e7e3c644151: 73 groups; 6.0 s; peak memory 1255 MiB.
2026-10-08T19:04:57Z INFO [892/900] 7645173b-e9ea-41cd-a4a1-8ce9970a16d3: 17 groups; 23.7 s; peak memory 1255 MiB.
2026-10-08T19:04:58Z INFO [893/900] 7645677d-2a63-42ea-848b-af3254839f6c: 17 groups; 1.0 s; peak memory 1255 MiB.
2026-10-08T19:04:59Z INFO [894/900] 7645bd4a-26e0-4eb6-84d6-333246baaaa0: 22 groups; 1.5 s; peak memory 1255 MiB.
2026-10-08T19:05:00Z INFO [895/900] 7646e981-24c9-44ba-a815-47fb29b6662f: 16 groups; 1.0 s; peak memory 1255 MiB.
2026-10-08T19:05:02Z INFO [896/900] 7647c4f2-4543-41b9-b093-14560b0ffed1: 22 groups; 1.3 s; peak memory 1255 MiB.
2026-10-08T19:05:18Z INFO [897/900] 76481755-f8d5-4ac8-8023-fb7a283db0ad: 177 groups; 16.0 s; peak memory 1255 MiB.
2026-10-08T19:05:20Z INFO [898/900] 7648ed47-3eea-4f6a-84d7-c782208a63c2: 49 groups; 2.4 s; peak memory 1255 MiB.
2026-10-08T19:05:28Z INFO [899/900] 7648f8b2-c945-43ba-8abf-b32e43a8b343: 73 groups; 8.0 s; peak memory 1255 MiB.
2026-10-08T19:05:30Z INFO [900/900] 76491b69-4fdb-42ea-b8ca-90ba81dc5f16: 195 groups; 2.0 s; peak memory 1255 MiB.
2026-10-08T19:05:30Z INFO [900/900] 76491b69-4fdb-42ea-b8ca-90ba81dc5f16: checkpointed 103936 records.
2026-10-08T19:05:30Z INFO Wrote 103936 records to /tmp/derivatives/valid_nwb_file_to_number_of_groups.jsonl (900 new, 0 failed) in 205.9 min (peak memory 1255 MiB).
