2026-10-10T22:16:36Z INFO Logging to /tmp/logs/update_2026-10-10T22-16-36Z.log.
2026-10-10T22:16:36Z INFO Update valid-nwb-file-to-number-of-groups (base directory /tmp).
2026-10-10T22:16:36Z INFO Processing 900 items (121936 already recorded).
2026-10-10T22:16:37Z INFO [1/900] 9b8dd35f-9766-4d77-b56d-70b804d48548: 20 groups; 1.5 s; peak memory 122 MiB.
2026-10-10T22:16:39Z INFO [2/900] 9b8e807d-dfb1-479c-a2a5-f72804d11d92: 71 groups; 1.3 s; peak memory 122 MiB.
2026-10-10T22:16:44Z INFO [3/900] 9b8ef3ef-632b-4d9c-bfd6-d0eec2ee232b: 123 groups; 5.3 s; peak memory 138 MiB.
2026-10-10T22:16:46Z INFO [4/900] 9b8f2b82-7fde-4a98-8eef-6ddfb19bd57a: 32 groups; 1.6 s; peak memory 138 MiB.
2026-10-10T22:16:47Z INFO [5/900] 9b8f4dc8-86c6-4b53-baa8-5a76ca120a81: 22 groups; 1.1 s; peak memory 138 MiB.
2026-10-10T22:16:49Z INFO [6/900] 9b8f91e4-0db7-404c-b7be-d19e6ea8662d: 35 groups; 2.0 s; peak memory 138 MiB.
2026-10-10T22:16:51Z INFO [7/900] 9b8fa155-eba5-40a4-b089-83410a1f70be: 33 groups; 2.0 s; peak memory 139 MiB.
2026-10-10T22:16:52Z INFO [8/900] 9b8fb623-636d-4a78-a8a0-778346f71823: 29 groups; 1.3 s; peak memory 139 MiB.
2026-10-10T22:16:55Z INFO [9/900] 9b8ff680-5c8d-4c09-a632-3e054145095a: 17 groups; 2.6 s; peak memory 139 MiB.
2026-10-10T22:16:56Z INFO [10/900] 9b913120-4375-4536-b20b-83f9959fd342: 33 groups; 1.5 s; peak memory 139 MiB.
2026-10-10T22:16:57Z INFO [11/900] 9b916f06-e4bb-4929-8611-2b99b95e35b1: 22 groups; 1.1 s; peak memory 139 MiB.
2026-10-10T22:17:00Z INFO [12/900] 9b91e704-ac40-45da-a836-0986f9e19623: 17 groups; 2.8 s; peak memory 139 MiB.
2026-10-10T22:17:02Z INFO [13/900] 9b92cf25-ce6b-4b89-9a0e-533261d29c94: 194 groups; 1.7 s; peak memory 139 MiB.
2026-10-10T22:17:09Z INFO [14/900] 9b9307fe-3f74-4972-b137-6c96f2b3496f: 107 groups; 7.4 s; peak memory 143 MiB.
2026-10-10T22:17:10Z INFO [15/900] 9b944d74-925a-400b-93e1-aba4033ae7b3: 22 groups; 1.2 s; peak memory 144 MiB.
2026-10-10T22:17:11Z INFO [16/900] 9b94501a-0160-43c2-a345-8c393d07a8e0: 24 groups; 1.0 s; peak memory 144 MiB.
2026-10-10T22:17:13Z INFO [17/900] 9b95c43a-e16a-4079-b6a3-8fa3ba84afff: 22 groups; 1.3 s; peak memory 144 MiB.
2026-10-10T22:17:14Z INFO [18/900] 9b95d15c-67da-4bc9-99d4-e2d7e149b05c: 31 groups; 1.1 s; peak memory 144 MiB.
2026-10-10T22:17:17Z INFO [19/900] 9b96516c-7876-475e-a849-1c348abdb591: 50 groups; 3.3 s; peak memory 144 MiB.
2026-10-10T22:17:18Z INFO [20/900] 9b9696df-f267-4123-903f-1b4095b0ebc9: 22 groups; 1.0 s; peak memory 145 MiB.
2026-10-10T22:17:19Z INFO [21/900] 9b96c071-3bd0-4f24-8ab9-0e849dde6af3: 22 groups; 1.3 s; peak memory 145 MiB.
2026-10-10T22:17:22Z INFO [22/900] 9b96d55d-c5ca-447b-90d6-6698d6a61ce9: 48 groups; 2.8 s; peak memory 145 MiB.
2026-10-10T22:17:23Z INFO [23/900] 9b9710e4-0cac-4a2f-a731-b044743d9832: 43 groups; 1.3 s; peak memory 145 MiB.
2026-10-10T22:17:28Z INFO [24/900] 9b983b30-a9c9-4f77-925d-df4e27c5b053: 22 groups; 4.6 s; peak memory 145 MiB.
2026-10-10T22:17:30Z INFO [25/900] 9b99949b-9f34-433f-8b13-f32790a68cc5: 336 groups; 1.9 s; peak memory 145 MiB.
2026-10-10T22:17:33Z INFO [26/900] 9b9a2ae1-5a2a-47c1-b3f8-45a4f72a26d3: 54 groups; 2.7 s; peak memory 145 MiB.
2026-10-10T22:17:35Z INFO [27/900] 9b9a73f9-b56e-458b-91cd-984c4f18239b: 35 groups; 2.0 s; peak memory 145 MiB.
2026-10-10T22:17:37Z INFO [28/900] 9b9b0edc-b886-4c82-8d6c-d3eac0004fa3: 33 groups; 2.5 s; peak memory 145 MiB.
2026-10-10T22:17:39Z INFO [29/900] 9b9b4aec-7ca5-45a2-94d0-80a6ea4eb92d: 337 groups; 1.9 s; peak memory 145 MiB.
2026-10-10T22:17:40Z INFO [30/900] 9b9b80bb-ffe7-40c7-bdca-4e36c1cc8765: 66 groups; 1.5 s; peak memory 145 MiB.
2026-10-10T22:17:42Z INFO [31/900] 9b9bcdd2-edb9-4478-8cf3-ac23df50b6f8: 31 groups; 1.9 s; peak memory 145 MiB.
2026-10-10T22:17:44Z INFO [32/900] 9b9be66f-3c95-4013-9757-a50df1c4034e: 35 groups; 1.8 s; peak memory 145 MiB.
2026-10-10T22:17:46Z INFO [33/900] 9b9bf24d-776a-466d-9ed8-9275c2a4f640: 32 groups; 1.5 s; peak memory 145 MiB.
2026-10-10T22:17:47Z INFO [34/900] 9b9d9789-2024-4124-9329-6b65e181162b: 36 groups; 1.5 s; peak memory 145 MiB.
2026-10-10T22:17:49Z INFO [35/900] 9b9efeb9-0916-4ae5-8ac8-521b79624b72: 31 groups; 1.9 s; peak memory 145 MiB.
2026-10-10T22:17:51Z INFO [36/900] 9ba0da4e-f1ae-4343-b738-b2812cd1fdd0: 207 groups; 2.3 s; peak memory 145 MiB.
2026-10-10T22:17:53Z INFO [37/900] 9ba0fee7-d78c-41b0-a4f3-290105123699: 33 groups; 1.1 s; peak memory 145 MiB.
2026-10-10T22:17:54Z INFO [38/900] 9ba1ae2e-abee-4df5-8794-a9165de640a6: 32 groups; 1.3 s; peak memory 145 MiB.
2026-10-10T22:20:03Z INFO [39/900] 9ba214b2-09fa-4336-882a-bfd36d569cae: 72 groups; 128.9 s; peak memory 299 MiB.
2026-10-10T22:20:05Z INFO [40/900] 9ba21771-03f4-4d02-a3ff-a85f9321dcd1: 32 groups; 2.0 s; peak memory 299 MiB.
2026-10-10T22:20:17Z INFO [41/900] 9ba26755-1544-4616-9de1-3392329509ad: 162 groups; 12.1 s; peak memory 299 MiB.
2026-10-10T22:20:18Z INFO [42/900] 9ba38c33-0eba-467b-a318-5f0503a347e7: 194 groups; 1.5 s; peak memory 299 MiB.
2026-10-10T22:20:20Z INFO [43/900] 9ba3c438-4981-48de-8484-92c0424f71b7: 33 groups; 1.9 s; peak memory 299 MiB.
2026-10-10T22:20:22Z INFO [44/900] 9ba41511-7d87-4a3c-945b-3b35697c0404: 35 groups; 2.0 s; peak memory 299 MiB.
2026-10-10T22:20:25Z INFO [45/900] 9ba534ea-33da-4e87-bb66-09c5acfa407a: 17 groups; 2.8 s; peak memory 299 MiB.
2026-10-10T22:20:27Z INFO [46/900] 9ba6816a-fe46-4888-903b-b1d2aba6e7da: 48 groups; 2.3 s; peak memory 299 MiB.
2026-10-10T22:20:29Z INFO [47/900] 9ba6b62f-c775-4cc9-b21f-2d32534f99be: 33 groups; 1.5 s; peak memory 299 MiB.
2026-10-10T22:20:30Z INFO [48/900] 9ba75b84-6a02-4433-b9a5-e59b661fa80f: 22 groups; 1.2 s; peak memory 299 MiB.
2026-10-10T22:20:40Z INFO [49/900] 9ba76245-16be-4a9e-9241-990b30a64cac: 131 groups; 10.2 s; peak memory 299 MiB.
2026-10-10T22:20:41Z INFO [50/900] 9ba86430-b3e1-468a-b65a-4137f869ecde: 16 groups; 1.0 s; peak memory 299 MiB.
2026-10-10T22:20:42Z INFO [50/900] 9ba86430-b3e1-468a-b65a-4137f869ecde: checkpointed 121986 new records.
2026-10-10T22:20:43Z INFO [51/900] 9ba864ba-993f-4181-9598-fa56c7aa301b: 71 groups; 1.4 s; peak memory 299 MiB.
2026-10-10T22:20:45Z INFO [52/900] 9ba881dd-6d68-48b9-8bc5-67f6e2a5987d: 35 groups; 1.9 s; peak memory 299 MiB.
2026-10-10T22:20:47Z INFO [53/900] 9ba8fac9-8e44-4867-9308-1e3635951320: 35 groups; 1.8 s; peak memory 299 MiB.
2026-10-10T22:20:49Z INFO [54/900] 9ba8fe05-5db5-4603-a211-f7031a4c5d77: 207 groups; 2.0 s; peak memory 299 MiB.
2026-10-10T22:20:50Z INFO [55/900] 9ba920af-6b4f-4a37-a4f7-2e811745c833: 201 groups; 1.7 s; peak memory 299 MiB.
2026-10-10T22:20:52Z INFO [56/900] 9ba9bc9a-ebeb-4044-b42f-fe78e838dc4e: 33 groups; 1.7 s; peak memory 299 MiB.
2026-10-10T22:20:54Z INFO [57/900] 9baa5812-e286-4406-aa98-bdc60bd54dbf: 200 groups; 2.3 s; peak memory 299 MiB.
2026-10-10T22:20:56Z INFO [58/900] 9baa8f92-dd7c-447c-b285-499ef3cc2f99: 67 groups; 1.4 s; peak memory 299 MiB.
2026-10-10T22:20:57Z INFO [59/900] 9baaa196-c35e-4849-8e76-351e22da6c2a: 22 groups; 1.2 s; peak memory 299 MiB.
2026-10-10T22:20:59Z INFO [60/900] 9bab1cf4-4586-430b-b9b1-2c0e8ebd3be1: 40 groups; 1.8 s; peak memory 299 MiB.
2026-10-10T22:21:00Z INFO [61/900] 9bac8683-279f-4127-b9de-dc4161ce95b8: 32 groups; 1.4 s; peak memory 299 MiB.
2026-10-10T22:21:02Z INFO [62/900] 9bacb920-9d1b-4d34-8c5d-17b8dd12ded3: 32 groups; 1.5 s; peak memory 299 MiB.
2026-10-10T22:21:03Z INFO [63/900] 9baceeac-f42e-4601-9a8d-0c8a5dbc20b9: 22 groups; 1.2 s; peak memory 299 MiB.
2026-10-10T22:21:04Z INFO [64/900] 9bae7ad4-be83-4c8b-9a05-bcdf3b955aa4: 25 groups; 1.0 s; peak memory 299 MiB.
2026-10-10T22:21:05Z INFO [65/900] 9baee44a-ca53-4f63-a012-ce29cbdb1133: 32 groups; 1.5 s; peak memory 299 MiB.
2026-10-10T22:21:07Z INFO [66/900] 9baf3741-f68d-4f0e-a8a8-7f1f01e30cad: 29 groups; 1.4 s; peak memory 299 MiB.
2026-10-10T22:21:08Z INFO [67/900] 9baff4d6-8dd7-449f-9bde-119207f4d84c: 24 groups; 1.3 s; peak memory 299 MiB.
2026-10-10T22:21:09Z INFO [68/900] 9bb01eb9-5905-4e8e-97e8-04394e8ebc14: 22 groups; 1.0 s; peak memory 299 MiB.
2026-10-10T22:21:10Z INFO [69/900] 9bb03150-b06d-4d1a-bdd6-f3c33720da77: 35 groups; 1.5 s; peak memory 299 MiB.
2026-10-10T22:21:12Z INFO [70/900] 9bb12462-5589-4f7c-87f6-6cd716174b18: 256 groups; 1.5 s; peak memory 299 MiB.
2026-10-10T22:21:13Z INFO [71/900] 9bb1a287-c95b-49e4-b26d-d17b6891c087: 32 groups; 1.5 s; peak memory 299 MiB.
2026-10-10T22:21:17Z INFO [72/900] 9bb24252-6b1f-42dc-b4e0-8b27f72e2b7c: 54 groups; 3.3 s; peak memory 299 MiB.
2026-10-10T22:21:22Z INFO [73/900] 9bb326a3-dfc2-4dce-85b7-07af576e6d1c: 68 groups; 5.2 s; peak memory 299 MiB.
2026-10-10T22:21:43Z INFO [74/900] 9bb34ae8-45a7-42ca-9cae-8c9149b36853: 294 groups; 21.2 s; peak memory 299 MiB.
2026-10-10T22:21:45Z INFO [75/900] 9bb4023b-cc83-4aaf-8d58-2ef5a66c356b: 32 groups; 1.4 s; peak memory 299 MiB.
2026-10-10T22:21:46Z INFO [76/900] 9bb47c59-80ba-4e98-8112-bc1c9e9bbab3: 32 groups; 1.5 s; peak memory 299 MiB.
2026-10-10T22:21:47Z INFO [77/900] 9bb4e6bb-1465-49b1-bd72-759784484c61: 32 groups; 1.3 s; peak memory 299 MiB.
2026-10-10T22:24:04Z INFO [78/900] 9bb4ec08-8acc-4d79-8d85-d11165ca0585: 80 groups; 136.2 s; peak memory 315 MiB.
2026-10-10T22:24:07Z INFO [79/900] 9bb6b2ec-6887-40ca-afa9-7784f5e48c8c: 54 groups; 3.4 s; peak memory 315 MiB.
2026-10-10T22:24:08Z INFO [80/900] 9bb702b3-1fbf-4418-8c25-cc7d408e408b: 33 groups; 1.4 s; peak memory 315 MiB.
2026-10-10T22:24:11Z INFO [81/900] 9bb74f57-3018-4864-b38a-26635deecaf6: 196 groups; 2.5 s; peak memory 315 MiB.
2026-10-10T22:24:12Z INFO [82/900] 9bb8e5a6-1120-403d-b402-c8272a72b006: 31 groups; 1.2 s; peak memory 315 MiB.
2026-10-10T22:24:13Z INFO [83/900] 9bb93a16-d631-4008-9e12-477c32d11b24: 18 groups; 0.9 s; peak memory 315 MiB.
2026-10-10T22:24:15Z INFO [84/900] 9bb97950-98bf-4107-82c1-4237324d0b6e: 336 groups; 1.9 s; peak memory 315 MiB.
2026-10-10T22:24:16Z INFO [85/900] 9bb980d5-4541-4ca5-8e6a-d96b7a668ef9: 16 groups; 0.9 s; peak memory 315 MiB.
2026-10-10T22:24:17Z INFO [86/900] 9bb98240-ce59-41e4-9c9a-79f86a38a602: 22 groups; 1.1 s; peak memory 315 MiB.
2026-10-10T22:24:18Z INFO [87/900] 9bba18a7-9953-4a67-bc8b-82d9f4c104f6: 32 groups; 1.5 s; peak memory 315 MiB.
2026-10-10T22:24:20Z INFO [88/900] 9bbacd18-a21b-4383-9f2a-64e51069de18: 31 groups; 1.2 s; peak memory 315 MiB.
2026-10-10T22:24:22Z INFO [89/900] 9bbae8d2-3ee5-40b6-9738-d7833cfb4d1d: 207 groups; 2.1 s; peak memory 315 MiB.
2026-10-10T22:24:25Z INFO [90/900] 9bbb281e-0546-4277-87d2-6251e4765ed5: 48 groups; 2.9 s; peak memory 315 MiB.
2026-10-10T22:24:26Z INFO [91/900] 9bbb54d3-da58-472a-9989-d7fb9015e947: 35 groups; 2.0 s; peak memory 315 MiB.
2026-10-10T22:24:43Z INFO [92/900] 9bbbfd69-87eb-49c9-812a-21f677fe215c: 248 groups; 16.1 s; peak memory 315 MiB.
2026-10-10T22:24:44Z INFO [93/900] 9bbdfd6c-0b27-4515-ae31-9985519a4eca: 195 groups; 1.8 s; peak memory 315 MiB.
2026-10-10T22:24:46Z INFO [94/900] 9bbe4d9e-59bb-4263-a602-ca28c21462fd: 22 groups; 1.2 s; peak memory 315 MiB.
2026-10-10T22:24:47Z INFO [95/900] 9bbe78af-8f55-4d5a-9677-0c5ccd17ecd6: 22 groups; 1.2 s; peak memory 315 MiB.
2026-10-10T22:24:49Z INFO [96/900] 9bbf2b2d-f92d-4f3a-aebb-1b095b8f1910: 35 groups; 1.9 s; peak memory 315 MiB.
2026-10-10T22:24:50Z INFO [97/900] 9bc02673-656e-4551-88e1-d65923696a61: 25 groups; 1.4 s; peak memory 315 MiB.
2026-10-10T22:24:58Z INFO [98/900] 9bc14e8f-d576-4da8-918d-81205435510f: 181 groups; 7.6 s; peak memory 315 MiB.
2026-10-10T22:24:59Z INFO [99/900] 9bc20bea-e0f0-4a4f-ba9d-9416bf1a70f9: 32 groups; 1.5 s; peak memory 315 MiB.
2026-10-10T22:25:01Z INFO [100/900] 9bc2197d-5770-42eb-a6ce-a2cd0aadd99c: 32 groups; 1.5 s; peak memory 315 MiB.
2026-10-10T22:25:01Z INFO [100/900] 9bc2197d-5770-42eb-a6ce-a2cd0aadd99c: checkpointed 122036 new records.
2026-10-10T22:25:03Z INFO [101/900] 9bc29ff4-7480-4240-b951-f0756eff8e66: 35 groups; 2.0 s; peak memory 315 MiB.
2026-10-10T22:25:04Z INFO [102/900] 9bc37505-cf07-4417-9b60-c6adabd79b20: 18 groups; 1.2 s; peak memory 315 MiB.
2026-10-10T22:25:05Z INFO [103/900] 9bc37aab-6c8f-420d-91bd-d0eff976967d: 32 groups; 1.4 s; peak memory 315 MiB.
2026-10-10T22:25:08Z INFO [104/900] 9bc3cfcd-f558-4739-a967-582d6a215e51: 40 groups; 2.7 s; peak memory 315 MiB.
2026-10-10T22:25:09Z INFO [105/900] 9bc42211-c6de-4c96-8b43-283f7f110e09: 253 groups; 1.5 s; peak memory 315 MiB.
2026-10-10T22:25:11Z INFO [106/900] 9bc4525f-74ed-491a-89e0-138182d89d52: 29 groups; 1.4 s; peak memory 315 MiB.
2026-10-10T22:25:12Z INFO [107/900] 9bc47c2f-907a-4e0c-87f5-d7f4ea560371: 16 groups; 1.1 s; peak memory 315 MiB.
2026-10-10T22:25:13Z INFO [108/900] 9bc4ea0e-1266-48c6-9f56-1280d4896376: 22 groups; 1.2 s; peak memory 315 MiB.
2026-10-10T22:25:15Z INFO [109/900] 9bc5a732-3d9b-4900-b788-fab89c6b7e64: 207 groups; 2.2 s; peak memory 315 MiB.
2026-10-10T22:25:18Z INFO [110/900] 9bc6503f-7efa-4f6e-a317-724c2dfa79de: 207 groups; 2.2 s; peak memory 315 MiB.
2026-10-10T22:25:19Z INFO [111/900] 9bc73fab-ff58-44e3-a7a9-5a2f9f7d796d: 39 groups; 1.8 s; peak memory 315 MiB.
2026-10-10T22:25:21Z INFO [112/900] 9bc742b1-3305-4d3e-b949-5fb37d3bdeb3: 33 groups; 1.5 s; peak memory 315 MiB.
2026-10-10T22:25:50Z INFO [113/900] 9bc8bcf7-8d3e-4e60-a430-1a8ac1875e08: 267 groups; 29.0 s; peak memory 315 MiB.
2026-10-10T22:25:51Z INFO [114/900] 9bc960a2-9bad-4dc7-877c-f92406bb08ac: 32 groups; 1.5 s; peak memory 315 MiB.
2026-10-10T22:25:53Z INFO [115/900] 9bc99e4f-249d-4965-8a69-2a7f61a3f8ce: 27 groups; 1.3 s; peak memory 315 MiB.
2026-10-10T22:25:54Z INFO [116/900] 9bc9bcd6-d1f6-4cde-9bbe-c8c2dbe1a36a: 30 groups; 1.2 s; peak memory 315 MiB.
2026-10-10T22:25:59Z INFO [117/900] 9bc9fd77-5e72-46ed-8615-71043dd8ba67: 122 groups; 4.8 s; peak memory 315 MiB.
2026-10-10T22:26:01Z INFO [118/900] 9bca09d6-fc1c-4fac-9c37-e7c942580b42: 33 groups; 2.1 s; peak memory 315 MiB.
2026-10-10T22:26:02Z INFO [119/900] 9bcc0e7c-f500-434d-b79c-8892a3497603: 195 groups; 1.7 s; peak memory 315 MiB.
2026-10-10T22:26:04Z INFO [120/900] 9bcc1e60-8ef5-43e7-b889-e5a235cdc7e4: 32 groups; 1.4 s; peak memory 315 MiB.
2026-10-10T22:26:05Z INFO [121/900] 9bcc23ec-3ea2-4363-9a3a-28e85f1800ab: 32 groups; 1.4 s; peak memory 315 MiB.
2026-10-10T22:26:09Z INFO [122/900] 9bcc9f26-b8e3-4a7b-b282-f72e230a806f: 17 groups; 4.3 s; peak memory 315 MiB.
2026-10-10T22:26:10Z INFO [123/900] 9bcd412f-ad65-4f11-9c87-c6ae04493600: 31 groups; 1.0 s; peak memory 315 MiB.
2026-10-10T22:26:13Z INFO [124/900] 9bcd835c-23ff-425f-9634-7a7de1e2156e: 48 groups; 2.8 s; peak memory 315 MiB.
2026-10-10T22:26:14Z INFO [125/900] 9bcdfeca-dfde-469a-b639-6d08ce25a8de: 16 groups; 0.9 s; peak memory 315 MiB.
2026-10-10T22:26:18Z INFO [126/900] 9bce06ea-a04a-4dac-92e4-6c2e77fe5fee: 47 groups; 3.6 s; peak memory 315 MiB.
2026-10-10T22:26:19Z INFO [127/900] 9bce4b8a-cb43-4b63-9638-323a44979590: 195 groups; 1.7 s; peak memory 315 MiB.
2026-10-10T22:26:21Z INFO [128/900] 9bcedb97-69db-4231-832c-baa810023c1d: 29 groups; 1.7 s; peak memory 315 MiB.
2026-10-10T22:26:23Z INFO [129/900] 9bcf1996-bcf2-4f30-987a-ddb111c7c29c: 36 groups; 1.9 s; peak memory 315 MiB.
2026-10-10T22:26:24Z INFO [130/900] 9bcf2666-0f89-4eb6-93ed-79fa05d4e1df: 22 groups; 1.2 s; peak memory 315 MiB.
2026-10-10T22:26:42Z INFO [131/900] 9bcf4f40-44c5-420a-b58a-d27ea719abca: 23 groups; 17.4 s; peak memory 315 MiB.
2026-10-10T22:26:43Z INFO [132/900] 9bcfff00-8a54-43fd-8654-5b53062d9ca0: 67 groups; 1.6 s; peak memory 315 MiB.
2026-10-10T22:26:48Z INFO [133/900] 9bd08642-d768-47d1-8260-390022fe5a16: 78 groups; 5.2 s; peak memory 315 MiB.
2026-10-10T22:26:50Z INFO [134/900] 9bd0a9ab-fa3d-4c1c-97d1-5414c37f45e5: 35 groups; 1.7 s; peak memory 315 MiB.
2026-10-10T22:26:52Z INFO [135/900] 9bd12c93-4e0b-4ebf-986e-0070d8337612: 32 groups; 1.3 s; peak memory 315 MiB.
2026-10-10T22:27:04Z INFO [136/900] 9bd1457b-36d1-4dea-8669-598faa9962e1: 78 groups; 12.1 s; peak memory 315 MiB.
2026-10-10T22:27:05Z INFO [137/900] 9bd1c122-117e-4c19-8ec6-578cbb4d0972: 22 groups; 1.2 s; peak memory 315 MiB.
2026-10-10T22:27:06Z INFO [138/900] 9bd1de85-8459-4428-a69b-9e24dcd5bf98: 21 groups; 1.4 s; peak memory 315 MiB.
2026-10-10T22:27:08Z INFO [139/900] 9bd1e444-2330-41bd-b716-45cdb9c38e6f: 32 groups; 1.3 s; peak memory 315 MiB.
2026-10-10T22:27:19Z INFO [140/900] 9bd1e6b9-55c4-4d60-a22f-3d6ce1a6a7d9: 357 groups; 11.3 s; peak memory 315 MiB.
2026-10-10T22:27:20Z INFO [141/900] 9bd1f5e9-4e28-4f02-aca3-d8963a530215: 32 groups; 1.7 s; peak memory 315 MiB.
2026-10-10T22:27:27Z INFO [142/900] 9bd2f7da-5f42-413f-adc5-ef9c36602d96: 160 groups; 6.4 s; peak memory 315 MiB.
2026-10-10T22:27:28Z INFO [143/900] 9bd3dd48-8fec-4dec-9ec4-847360c5c6b7: 29 groups; 1.5 s; peak memory 315 MiB.
2026-10-10T22:27:30Z INFO [144/900] 9bd422de-86e0-4c3e-855a-46f8cddeb882: 22 groups; 1.2 s; peak memory 315 MiB.
2026-10-10T22:27:31Z INFO [145/900] 9bd47a4b-655b-4425-88c1-e1053768d6b6: 22 groups; 1.2 s; peak memory 315 MiB.
2026-10-10T22:27:32Z INFO [146/900] 9bd4eca0-8b17-483d-a601-6c0d1618b691: 35 groups; 1.6 s; peak memory 315 MiB.
2026-10-10T22:27:34Z INFO [147/900] 9bd502aa-b0ae-4f29-bae9-0fcdf492ccc3: 32 groups; 1.4 s; peak memory 315 MiB.
2026-10-10T22:27:35Z INFO [148/900] 9bd5a6c2-025f-45f9-9af5-475f330fc92e: 22 groups; 1.2 s; peak memory 315 MiB.
2026-10-10T22:27:37Z INFO [149/900] 9bd613ac-24e3-48f1-869b-1211a285ce70: 202 groups; 1.8 s; peak memory 315 MiB.
2026-10-10T22:27:38Z INFO [150/900] 9bd78c6e-323d-45f6-a540-2dd620ef6ed3: 35 groups; 1.7 s; peak memory 315 MiB.
2026-10-10T22:27:39Z INFO [150/900] 9bd78c6e-323d-45f6-a540-2dd620ef6ed3: checkpointed 122086 new records.
2026-10-10T22:27:40Z INFO [151/900] 9bd7f4ba-970f-4f92-bcb1-cb7e7e5c6d8c: 35 groups; 1.5 s; peak memory 315 MiB.
2026-10-10T22:27:41Z INFO [152/900] 9bd80bb1-e262-46ed-bfb2-5b4e2893ef26: 22 groups; 1.2 s; peak memory 315 MiB.
2026-10-10T22:27:43Z INFO [153/900] 9bd816da-7fb5-424f-b47c-95866a1590b0: 22 groups; 1.2 s; peak memory 315 MiB.
2026-10-10T22:37:03Z INFO [154/900] 9bd9bd10-6e2d-4645-8a22-f17c8d26f407: 29 groups; 560.1 s; peak memory 1139 MiB.
2026-10-10T22:37:09Z INFO [155/900] 9bdaaa28-332c-424e-8535-7f70bbd32a0d: 71 groups; 5.9 s; peak memory 1139 MiB.
2026-10-10T22:37:10Z INFO [156/900] 9bdafcee-1b31-4fad-98f7-72d7abc33778: 22 groups; 1.2 s; peak memory 1139 MiB.
2026-10-10T22:37:12Z INFO [157/900] 9bdb6b3b-e715-4cc2-a17b-cbae36ece2d1: 42 groups; 1.8 s; peak memory 1139 MiB.
2026-10-10T22:37:13Z INFO [158/900] 9bdb7859-1729-4314-93c1-7a7b3bde0262: 22 groups; 1.2 s; peak memory 1139 MiB.
2026-10-10T22:37:23Z INFO [159/900] 9bdbd307-0fdc-4231-8577-f0025839b90e: 22 groups; 10.2 s; peak memory 1139 MiB.
2026-10-10T22:37:24Z INFO [160/900] 9bdcedd4-45ea-4f0a-aa15-a5ec6bc0d715: 22 groups; 1.2 s; peak memory 1139 MiB.
2026-10-10T22:37:27Z INFO [161/900] 9bdd3537-5715-4a09-b173-0c8ab14d15f6: 48 groups; 3.0 s; peak memory 1139 MiB.
2026-10-10T22:37:33Z INFO [162/900] 9bdddaa3-456b-459a-9b4f-d227e9c9e7fd: 71 groups; 6.0 s; peak memory 1139 MiB.
2026-10-10T22:37:37Z INFO [163/900] 9bde2bde-5f06-4546-aabe-920ccf547f2e: 56 groups; 4.0 s; peak memory 1139 MiB.
2026-10-10T22:37:46Z INFO [164/900] 9bdf6c53-b448-47c9-af59-1e5144a7fb59: 177 groups; 8.9 s; peak memory 1139 MiB.
2026-10-10T22:37:47Z INFO [165/900] 9bdfbd15-9c4b-487f-86bf-d678880780ea: 22 groups; 1.2 s; peak memory 1139 MiB.
2026-10-10T22:37:48Z INFO [166/900] 9be0cd42-0b94-47ca-a63f-dafdee66a041: 22 groups; 1.2 s; peak memory 1139 MiB.
2026-10-10T22:37:50Z INFO [167/900] 9be114eb-b859-493d-ab04-a895e287d76e: 32 groups; 1.5 s; peak memory 1139 MiB.
2026-10-10T22:37:52Z INFO [168/900] 9be298db-45d1-4c81-ac29-cc63576996d4: 35 groups; 1.9 s; peak memory 1139 MiB.
2026-10-10T22:37:53Z INFO [169/900] 9be410c8-2cda-47d4-9bf5-0604d096032f: 32 groups; 1.4 s; peak memory 1139 MiB.
2026-10-10T22:37:55Z INFO [170/900] 9be49153-7682-4800-bfca-fb2069501d92: 35 groups; 1.8 s; peak memory 1139 MiB.
2026-10-10T22:37:57Z INFO [171/900] 9be54713-9ce6-47ee-9049-b72a9e7ef523: 573 groups; 2.4 s; peak memory 1139 MiB.
2026-10-10T22:37:59Z INFO [172/900] 9be56c4c-ecd6-4475-aec5-57f672f6999f: 35 groups; 1.6 s; peak memory 1139 MiB.
2026-10-10T22:38:01Z INFO [173/900] 9be62faf-b507-4ce7-8ab0-30bd081b4013: 35 groups; 1.8 s; peak memory 1139 MiB.
2026-10-10T22:38:03Z INFO [174/900] 9be6b47f-365e-4fe5-a75a-446dcd590ae1: 207 groups; 1.9 s; peak memory 1139 MiB.
2026-10-10T22:38:05Z INFO [175/900] 9be7394a-25e5-4106-ae34-544ea313f47a: 48 groups; 2.8 s; peak memory 1139 MiB.
2026-10-10T22:38:08Z INFO [176/900] 9be7709d-e76f-44e0-af54-78b2f86b8423: 52 groups; 2.9 s; peak memory 1139 MiB.
2026-10-10T22:38:12Z INFO [177/900] 9be83abc-b7b4-431c-bf0f-1bd52576d622: 52 groups; 3.7 s; peak memory 1139 MiB.
2026-10-10T22:38:14Z INFO [178/900] 9be99b00-cc69-433a-b73e-9d2e708eb781: 35 groups; 1.4 s; peak memory 1139 MiB.
2026-10-10T22:38:15Z INFO [179/900] 9be9b01d-e112-4986-b50a-5f0c8d4ae6df: 16 groups; 1.1 s; peak memory 1139 MiB.
2026-10-10T22:38:16Z INFO [180/900] 9bea7b3f-1474-4f87-aff4-219e8ff86b85: 26 groups; 1.3 s; peak memory 1139 MiB.
2026-10-10T22:38:18Z INFO [181/900] 9bec17ac-5072-46f6-a5bb-f9ec0633097b: 35 groups; 1.9 s; peak memory 1139 MiB.
2026-10-10T22:38:19Z INFO [182/900] 9bec529a-f13f-4773-930a-fcd7b750e540: 71 groups; 1.2 s; peak memory 1139 MiB.
2026-10-10T22:38:20Z INFO [183/900] 9bec78c0-d2ac-4c9a-8ffb-4affcb581822: 22 groups; 1.1 s; peak memory 1139 MiB.
2026-10-10T22:38:22Z INFO [184/900] 9bec930c-59cf-45ce-90bb-eace410c2f26: 194 groups; 1.9 s; peak memory 1139 MiB.
2026-10-10T22:38:23Z INFO [185/900] 9becd8d7-d3b3-4532-aa1a-dbec8227745b: 32 groups; 1.4 s; peak memory 1139 MiB.
2026-10-10T22:38:30Z INFO [186/900] 9becf1ee-4a39-46b0-94e3-889759d2a828: 162 groups; 6.9 s; peak memory 1139 MiB.
2026-10-10T22:38:41Z INFO [187/900] 9bee259f-7c91-434c-8329-b042e634a1e9: 178 groups; 10.7 s; peak memory 1139 MiB.
2026-10-10T22:39:12Z INFO [188/900] 9bee519b-a0e0-4ea0-8775-dead950312af: 1766 groups; 31.4 s; peak memory 1139 MiB.
2026-10-10T22:39:14Z INFO [189/900] 9bee8e12-0d4c-443a-b616-49cc8060a50b: 22 groups; 1.3 s; peak memory 1139 MiB.
2026-10-10T22:39:16Z INFO [190/900] 9bee9165-3409-48c6-89f1-7579d16b0a1c: 35 groups; 1.9 s; peak memory 1139 MiB.
2026-10-10T22:39:17Z INFO [191/900] 9bee9898-b3a1-4be7-bf5d-5f4fbf75cbe9: 29 groups; 1.2 s; peak memory 1139 MiB.
2026-10-10T22:40:32Z INFO [192/900] 9beee678-3727-43e9-891d-6785f1e15737: 33 groups; 75.5 s; peak memory 1139 MiB.
2026-10-10T22:40:33Z INFO [193/900] 9bef6c3c-8ada-4854-a2e5-a82e6f73c52c: 17 groups; 1.0 s; peak memory 1139 MiB.
2026-10-10T22:40:34Z INFO [194/900] 9befdcf1-6572-47d1-ba27-d5f7df7698ab: 22 groups; 1.2 s; peak memory 1139 MiB.
2026-10-10T22:40:36Z INFO [195/900] 9bf09e35-20ba-4bec-9a1d-7205b2b8d6f7: 33 groups; 1.5 s; peak memory 1139 MiB.
2026-10-10T22:40:37Z INFO [196/900] 9bf0a549-be9b-4de3-a745-4376a6732913: 252 groups; 1.3 s; peak memory 1139 MiB.
2026-10-10T22:40:40Z INFO [197/900] 9bf1a2a4-bc52-4312-a352-fbb9912d3f3a: 48 groups; 2.7 s; peak memory 1139 MiB.
2026-10-10T22:40:49Z INFO [198/900] 9bf20b0f-b592-45b4-ba20-4d05f3dcf71b: 211 groups; 9.4 s; peak memory 1139 MiB.
2026-10-10T22:40:57Z INFO [199/900] 9bf2450a-c9df-42ee-8294-57fc0c7743ac: 181 groups; 7.3 s; peak memory 1139 MiB.
2026-10-10T22:40:58Z INFO [200/900] 9bf29ca6-ccdc-42d3-8a5a-cbc94896184a: 32 groups; 1.4 s; peak memory 1139 MiB.
2026-10-10T22:40:58Z INFO [200/900] 9bf29ca6-ccdc-42d3-8a5a-cbc94896184a: checkpointed 122136 new records.
2026-10-10T22:40:59Z INFO [201/900] 9bf31113-9cf8-48c9-b4cc-ba34ffd67b5d: 31 groups; 1.0 s; peak memory 1139 MiB.
2026-10-10T22:41:00Z INFO [202/900] 9bf3b1df-b76a-43c4-9145-0eae61127859: 22 groups; 1.2 s; peak memory 1139 MiB.
2026-10-10T22:41:02Z INFO [203/900] 9bf40d12-c038-4d71-bad4-c104b52431bc: 32 groups; 1.5 s; peak memory 1139 MiB.
2026-10-10T22:41:04Z INFO [204/900] 9bf4e7f6-4e54-4a99-9b81-aa08158e8718: 32 groups; 2.1 s; peak memory 1139 MiB.
2026-10-10T22:41:05Z INFO [205/900] 9bf5202f-89c5-47d5-8bfb-1b1693b0fb62: 22 groups; 1.2 s; peak memory 1139 MiB.
2026-10-10T22:41:08Z INFO [206/900] 9bf598d5-9be6-4408-9a3c-ac1649ce32c7: 341 groups; 2.5 s; peak memory 1139 MiB.
2026-10-10T22:41:09Z INFO [207/900] 9bf5f168-9982-4557-b6b9-2931a87e0c9b: 32 groups; 1.4 s; peak memory 1139 MiB.
2026-10-10T22:41:17Z INFO [208/900] 9bf624b2-3060-4ff9-a58a-76fe968536ca: 150 groups; 8.0 s; peak memory 1139 MiB.
2026-10-10T22:41:18Z INFO [209/900] 9bf63338-81ee-4008-88cc-b92e4a435c49: 28 groups; 1.1 s; peak memory 1139 MiB.
2026-10-10T22:41:20Z INFO [210/900] 9bf78973-f102-4eb8-9456-d469fc5892f0: 195 groups; 1.7 s; peak memory 1139 MiB.
2026-10-10T22:41:21Z INFO [211/900] 9bf81058-eadc-44f4-9c91-3dee19325bd5: 32 groups; 1.4 s; peak memory 1139 MiB.
2026-10-10T22:41:23Z INFO [212/900] 9bf8769f-4a75-4c45-994a-42995c514b24: 32 groups; 1.5 s; peak memory 1139 MiB.
2026-10-10T22:41:25Z INFO [213/900] 9bf921fb-6ab2-4127-814e-a98c85c1d092: 194 groups; 1.8 s; peak memory 1139 MiB.
2026-10-10T22:41:26Z INFO [214/900] 9bf9a706-9169-4dde-8383-ac57a5091dc3: 22 groups; 1.2 s; peak memory 1139 MiB.
2026-10-10T22:41:29Z INFO [215/900] 9bf9fe18-e756-42a0-92f1-d71bc98b2db0: 17 groups; 2.6 s; peak memory 1139 MiB.
2026-10-10T22:41:30Z INFO [216/900] 9bfa22dd-1701-4b40-b854-dca639aa4968: 22 groups; 1.1 s; peak memory 1139 MiB.
2026-10-10T22:41:31Z INFO [217/900] 9bfa4ed7-2e5b-4350-be22-959ecda7a61b: 22 groups; 1.2 s; peak memory 1139 MiB.
2026-10-10T22:41:34Z INFO [218/900] 9bfaa5cf-d100-435a-b2f2-7025f4c9aa04: 48 groups; 3.3 s; peak memory 1139 MiB.
2026-10-10T22:41:35Z INFO [219/900] 9bfabf89-dff7-4a32-880e-2089b66912a7: 22 groups; 1.2 s; peak memory 1139 MiB.
2026-10-10T22:41:37Z INFO [220/900] 9bfb6d2c-89d7-4d04-b7e8-15beaa052e26: 22 groups; 1.2 s; peak memory 1139 MiB.
2026-10-10T22:41:37Z INFO [221/900] 9bfc6a26-81e0-4bbe-a02f-45d60fe284bf: 16 groups; 0.9 s; peak memory 1139 MiB.
2026-10-10T22:41:45Z INFO [222/900] 9bfcf703-0618-450f-b3ed-1e4ff6214fd4: 119 groups; 7.2 s; peak memory 1139 MiB.
2026-10-10T22:41:46Z INFO [223/900] 9bfd3852-a97e-41a3-b219-74f6bd5b8000: 28 groups; 1.3 s; peak memory 1139 MiB.
2026-10-10T22:41:48Z INFO [224/900] 9bfdf07e-c45a-4e45-bd7c-fff2253a6718: 256 groups; 1.7 s; peak memory 1139 MiB.
2026-10-10T22:41:49Z INFO [225/900] 9bfe0ab8-c8da-410d-8436-67f9b070c534: 32 groups; 1.3 s; peak memory 1139 MiB.
2026-10-10T22:41:50Z INFO [226/900] 9bfee449-3a87-4185-ab3b-c6e63172b894: 22 groups; 1.2 s; peak memory 1139 MiB.
2026-10-10T22:41:52Z INFO [227/900] 9bfef9e2-1f79-4eb7-a65c-c904c13ec355: 32 groups; 1.5 s; peak memory 1139 MiB.
2026-10-10T22:41:53Z INFO [228/900] 9bff5abb-24bb-4ca3-8f63-7653056bc53b: 31 groups; 1.1 s; peak memory 1139 MiB.
2026-10-10T22:41:57Z INFO [229/900] 9bff9723-a19a-4003-a7f8-ac2e2cfa2e73: 29 groups; 4.0 s; peak memory 1139 MiB.
2026-10-10T22:41:58Z INFO [230/900] 9c001de7-1330-4abc-82b7-6d6fdcd14d15: 22 groups; 1.2 s; peak memory 1139 MiB.
2026-10-10T22:41:59Z INFO [231/900] 9c011b68-b87c-4ad5-a74d-81dbc8197a0d: 32 groups; 1.4 s; peak memory 1139 MiB.
2026-10-10T22:42:10Z INFO [232/900] 9c015f63-4060-49b9-ab22-a4b72ad0e201: 76 groups; 10.6 s; peak memory 1139 MiB.
2026-10-10T22:42:20Z INFO [233/900] 9c03dc04-e565-425b-8766-27f4cfb6cd69: 166 groups; 9.7 s; peak memory 1139 MiB.
2026-10-10T22:42:35Z INFO [234/900] 9c0537ef-ed99-4cd1-bb72-812dcdf98f2c: 34 groups; 15.8 s; peak memory 1139 MiB.
2026-10-10T22:42:37Z INFO [235/900] 9c058720-ae12-4417-ab07-72b351c533fb: 35 groups; 1.8 s; peak memory 1139 MiB.
2026-10-10T22:42:38Z INFO [236/900] 9c05bc38-d842-4a31-b299-10a0e5692d88: 22 groups; 1.2 s; peak memory 1139 MiB.
2026-10-10T22:42:45Z INFO [237/900] 9c05fede-1884-4e29-aa91-464554cdc85f: 66 groups; 6.9 s; peak memory 1139 MiB.
2026-10-10T22:42:48Z INFO [238/900] 9c0686a0-72e1-43db-bf9e-4da87f66accb: 48 groups; 2.3 s; peak memory 1139 MiB.
2026-10-10T22:42:49Z INFO [239/900] 9c06ec31-1f22-43cb-973b-486e3e3eee9d: 22 groups; 1.1 s; peak memory 1139 MiB.
2026-10-10T22:42:50Z INFO [240/900] 9c078d60-04fc-4879-89bc-fdbb196bab97: 18 groups; 1.0 s; peak memory 1139 MiB.
2026-10-10T22:42:51Z INFO [241/900] 9c084c4f-c99f-4625-8860-037f8e561a75: 22 groups; 1.1 s; peak memory 1139 MiB.
2026-10-10T22:42:52Z INFO [242/900] 9c087f89-1842-4be6-80a2-16e7e54a71c1: 22 groups; 1.2 s; peak memory 1139 MiB.
2026-10-10T22:42:53Z INFO [243/900] 9c09076d-b982-407b-8241-58bd914fc11a: 22 groups; 1.1 s; peak memory 1139 MiB.
2026-10-10T22:42:55Z INFO [244/900] 9c0a88f4-2609-4771-a166-4c106b113665: 30 groups; 1.8 s; peak memory 1139 MiB.
2026-10-10T22:42:57Z INFO [245/900] 9c0b6a16-03e7-4285-982f-59c24746cb56: 202 groups; 1.9 s; peak memory 1139 MiB.
2026-10-10T22:42:58Z INFO [246/900] 9c0d15d1-04fa-4e1a-bba5-ef5306946a96: 22 groups; 1.2 s; peak memory 1139 MiB.
2026-10-10T22:42:59Z INFO [247/900] 9c0d26fb-6cd7-493f-84dd-ce71c111ef62: 22 groups; 1.2 s; peak memory 1139 MiB.
2026-10-10T22:43:01Z INFO [248/900] 9c0dc22a-b1fa-4a77-a625-127ce559b873: 32 groups; 1.6 s; peak memory 1139 MiB.
2026-10-10T22:43:04Z INFO [249/900] 9c0df7c3-b370-4437-a9f1-9ed6728e0906: 54 groups; 2.8 s; peak memory 1139 MiB.
2026-10-10T22:43:05Z INFO [250/900] 9c0ecaac-1ecc-4b0b-b2ab-2baecfa19772: 22 groups; 1.1 s; peak memory 1139 MiB.
2026-10-10T22:43:05Z INFO [250/900] 9c0ecaac-1ecc-4b0b-b2ab-2baecfa19772: checkpointed 122186 new records.
2026-10-10T22:43:18Z INFO [251/900] 9c0eecbd-d906-4fcb-8cbb-6cfcf256294f: 33 groups; 12.8 s; peak memory 1139 MiB.
2026-10-10T22:43:19Z INFO [252/900] 9c0f1ea1-89db-4b86-ae11-4d7c2053d366: 22 groups; 1.1 s; peak memory 1139 MiB.
2026-10-10T22:43:31Z INFO [253/900] 9c0fd528-3d3d-4a7a-8b85-56cbe317a2fc: 36 groups; 12.0 s; peak memory 1139 MiB.
2026-10-10T22:43:33Z INFO [254/900] 9c0fde99-c744-4a57-b651-15bd9c5deb70: 43 groups; 1.9 s; peak memory 1139 MiB.
2026-10-10T22:43:34Z INFO [255/900] 9c101d96-8eff-4750-bd55-daff00447b4a: 22 groups; 1.2 s; peak memory 1139 MiB.
2026-10-10T22:43:35Z INFO [256/900] 9c1227db-f2e5-4e0f-abc7-5b8797ff7f16: 25 groups; 1.1 s; peak memory 1139 MiB.
2026-10-10T22:43:41Z INFO [257/900] 9c125eb7-611d-449d-9653-06e62266933b: 66 groups; 6.1 s; peak memory 1139 MiB.
2026-10-10T22:43:43Z INFO [258/900] 9c129bd7-e81c-457c-9207-4564ed5b7915: 33 groups; 1.5 s; peak memory 1139 MiB.
2026-10-10T22:43:44Z INFO [259/900] 9c12c4c9-4950-4554-8356-68d03f95c3d9: 22 groups; 1.2 s; peak memory 1139 MiB.
2026-10-10T22:43:59Z INFO [260/900] 9c13817e-ec98-497c-8b66-326cb02be529: 239 groups; 14.8 s; peak memory 1139 MiB.
2026-10-10T22:44:02Z INFO [261/900] 9c139aa8-1889-46ea-9ee9-9bc9b4a6cc40: 61 groups; 3.8 s; peak memory 1139 MiB.
2026-10-10T22:44:04Z INFO [262/900] 9c139cbd-8aa1-4af5-a3d6-f8414af2318a: 25 groups; 1.3 s; peak memory 1139 MiB.
2026-10-10T22:44:06Z INFO [263/900] 9c13f7b9-2d3c-47a1-9228-3e8938753ad2: 336 groups; 2.3 s; peak memory 1139 MiB.
2026-10-10T22:44:08Z INFO [264/900] 9c14c436-c7f6-47a2-9c43-56959a18d451: 35 groups; 1.9 s; peak memory 1139 MiB.
2026-10-10T22:44:09Z INFO [265/900] 9c166792-4847-4aee-8cf4-7a0215724a47: 22 groups; 1.2 s; peak memory 1139 MiB.
2026-10-10T22:44:12Z INFO [266/900] 9c17075d-efbb-4b71-9aba-a0a80605fc99: 28 groups; 3.2 s; peak memory 1139 MiB.
2026-10-10T22:44:14Z INFO [267/900] 9c17277a-14bd-4906-a7f6-e64588dabd86: 35 groups; 1.8 s; peak memory 1139 MiB.
2026-10-10T22:44:15Z INFO [268/900] 9c1773b0-dcf9-4ac1-9b8f-256addb0a3fb: 32 groups; 1.4 s; peak memory 1139 MiB.
2026-10-10T22:44:17Z INFO [269/900] 9c17865b-ff4d-40b4-b3ff-c8be6c4e059a: 35 groups; 2.0 s; peak memory 1139 MiB.
2026-10-10T22:44:19Z INFO [270/900] 9c17d49e-04a9-4632-9f67-496fff5c194a: 30 groups; 1.3 s; peak memory 1139 MiB.
2026-10-10T22:44:24Z INFO [271/900] 9c1812c8-26b6-4c43-967b-ef0847b8622c: 73 groups; 5.7 s; peak memory 1139 MiB.
2026-10-10T22:44:26Z INFO [272/900] 9c1850be-c2e8-43e3-a822-539cb083aa69: 22 groups; 1.1 s; peak memory 1139 MiB.
2026-10-10T22:44:27Z INFO [273/900] 9c1894ce-80d7-46b8-ae7e-d9ea104cca9f: 22 groups; 1.2 s; peak memory 1139 MiB.
2026-10-10T22:44:28Z INFO [274/900] 9c189560-c9bf-48c7-89b2-b4703a563fa2: 22 groups; 1.2 s; peak memory 1139 MiB.
2026-10-10T22:44:29Z INFO [275/900] 9c19ddaf-0bb6-444d-853c-a57ed5ab9f8e: 32 groups; 1.5 s; peak memory 1139 MiB.
2026-10-10T22:44:31Z INFO [276/900] 9c1b0faa-e0ef-4d52-84bd-b12daa3780d2: 25 groups; 1.5 s; peak memory 1139 MiB.
2026-10-10T22:44:39Z INFO [277/900] 9c1d1319-f51b-4f9b-8549-8abc463aaf52: 70 groups; 8.4 s; peak memory 1139 MiB.
2026-10-10T22:45:53Z INFO [278/900] 9c1d2efb-d466-497a-a8a5-460e61713cad: 33 groups; 74.1 s; peak memory 1139 MiB.
2026-10-10T22:45:54Z INFO [279/900] 9c1daf6f-53c2-42ff-bb79-dc53d64dcba9: 16 groups; 1.0 s; peak memory 1139 MiB.
2026-10-10T22:45:56Z INFO [280/900] 9c1e124d-235f-4c11-bdad-ad3f4cab5a15: 33 groups; 1.9 s; peak memory 1139 MiB.
2026-10-10T22:45:58Z INFO [281/900] 9c1eac78-73b4-46ad-8695-580e7389cf55: 22 groups; 1.3 s; peak memory 1139 MiB.
2026-10-10T22:46:01Z INFO [282/900] 9c1eb16a-8887-4ec6-a0e3-4fe1b08da9f6: 50 groups; 3.5 s; peak memory 1139 MiB.
2026-10-10T22:46:02Z INFO [283/900] 9c1edbb7-7258-4d92-ab6b-55dc6e119684: 28 groups; 1.2 s; peak memory 1139 MiB.
2026-10-10T22:46:05Z INFO [284/900] 9c1f40f4-0d4d-42f5-bed9-196c11cf0eb8: 48 groups; 2.3 s; peak memory 1139 MiB.
2026-10-10T22:46:06Z INFO [285/900] 9c1f99fa-2ceb-4bb0-88ac-c347d5183e7b: 22 groups; 1.1 s; peak memory 1139 MiB.
2026-10-10T22:46:07Z INFO [286/900] 9c200a14-bf0f-41fd-8e14-c09339667b94: 32 groups; 1.3 s; peak memory 1139 MiB.
2026-10-10T22:46:11Z INFO [287/900] 9c209e41-2014-4164-afe8-77aba79db7ac: 61 groups; 3.5 s; peak memory 1139 MiB.
2026-10-10T22:46:12Z INFO [288/900] 9c216a6f-1fb1-451a-be84-d5ad67e94a8f: 29 groups; 1.5 s; peak memory 1139 MiB.
2026-10-10T22:46:13Z INFO [289/900] 9c216d2d-5e57-482b-94d7-34db48c49141: 22 groups; 1.2 s; peak memory 1139 MiB.
2026-10-10T22:46:14Z INFO [290/900] 9c2184cd-d8aa-41ba-b983-d0c41b8d321f: 22 groups; 1.2 s; peak memory 1139 MiB.
2026-10-10T22:46:18Z INFO [291/900] 9c21eec1-ad7b-463c-9ee1-c524618a5f07: 54 groups; 4.0 s; peak memory 1139 MiB.
2026-10-10T22:46:20Z INFO [292/900] 9c2255f1-5053-4768-9e77-2e722a550f57: 22 groups; 1.2 s; peak memory 1139 MiB.
2026-10-10T22:46:21Z INFO [293/900] 9c24e7a8-402a-46e8-822c-e5c02e7bf16d: 16 groups; 1.0 s; peak memory 1139 MiB.
2026-10-10T22:46:22Z INFO [294/900] 9c254fed-b044-4637-a358-9f7dc4abdac2: 22 groups; 1.2 s; peak memory 1139 MiB.
2026-10-10T22:46:24Z INFO [295/900] 9c256950-bac0-4918-9e43-03dc9d0506d2: 573 groups; 2.5 s; peak memory 1139 MiB.
2026-10-10T22:46:28Z INFO [296/900] 9c271589-386c-443c-a840-b3156dadd1f2: 50 groups; 3.4 s; peak memory 1139 MiB.
2026-10-10T22:46:39Z INFO [297/900] 9c277e3d-3e74-4aec-8649-d8ac8567d1ae: 218 groups; 11.3 s; peak memory 1139 MiB.
2026-10-10T22:46:41Z INFO [298/900] 9c279973-d624-4007-8201-ac48a66edfd1: 35 groups; 1.6 s; peak memory 1139 MiB.
2026-10-10T22:46:42Z INFO [299/900] 9c27eb8c-7fac-43d9-a669-58cabba90bbb: 22 groups; 1.2 s; peak memory 1139 MiB.
2026-10-10T22:48:44Z INFO [300/900] 9c2835c1-e89f-46b6-90ca-4dfbddbad09e: 80 groups; 122.3 s; peak memory 1139 MiB.
2026-10-10T22:48:44Z INFO [300/900] 9c2835c1-e89f-46b6-90ca-4dfbddbad09e: checkpointed 122236 new records.
2026-10-10T22:48:46Z INFO [301/900] 9c29c1ad-6764-4b3e-af41-00806fa0b1f1: 259 groups; 1.7 s; peak memory 1139 MiB.
2026-10-10T22:48:47Z INFO [302/900] 9c29c9ab-dcf8-4fcb-8c80-7dca9ab8e7c9: 22 groups; 1.1 s; peak memory 1139 MiB.
2026-10-10T22:48:57Z INFO [303/900] 9c29e6c4-0f4e-47a2-a065-e031be57ffc1: 22 groups; 10.2 s; peak memory 1139 MiB.
2026-10-10T22:48:59Z INFO [304/900] 9c2a1c22-4650-453e-bca9-8be18c16289a: 104 groups; 1.7 s; peak memory 1139 MiB.
2026-10-10T22:49:00Z INFO [305/900] 9c2b4f42-4d74-405f-9d64-31fd59f20ae3: 22 groups; 1.2 s; peak memory 1139 MiB.
2026-10-10T22:49:01Z INFO [306/900] 9c2c7e2a-f9ab-43a3-9448-ac0bfbf593ed: 25 groups; 1.3 s; peak memory 1139 MiB.
2026-10-10T22:49:03Z INFO [307/900] 9c2e97e4-8e14-491a-a997-c065d9397ce2: 22 groups; 1.1 s; peak memory 1139 MiB.
2026-10-10T22:49:04Z INFO [308/900] 9c2faeda-1fde-4d1d-b7c8-4d5b34edf0e2: 31 groups; 1.1 s; peak memory 1139 MiB.
2026-10-10T22:49:05Z INFO [309/900] 9c2fb586-1a39-43cc-a983-fbd0962e870c: 32 groups; 1.5 s; peak memory 1139 MiB.
2026-10-10T22:49:08Z INFO [310/900] 9c30764d-a50b-4733-bcf3-2fde49e6fb54: 17 groups; 2.6 s; peak memory 1139 MiB.
2026-10-10T22:49:09Z INFO [311/900] 9c314435-abc1-4624-9fc3-6afd9576167f: 22 groups; 1.3 s; peak memory 1139 MiB.
2026-10-10T22:49:11Z INFO [312/900] 9c317fdc-3315-431a-9469-4e33ff3109cd: 35 groups; 1.6 s; peak memory 1139 MiB.
2026-10-10T22:49:12Z INFO [313/900] 9c325e1c-2071-4d2b-873d-7ce9ff445a79: 32 groups; 1.4 s; peak memory 1139 MiB.
2026-10-10T22:49:18Z INFO [314/900] 9c32e6ec-17a6-4f48-aecb-32f6deb1d3f6: 100 groups; 5.5 s; peak memory 1139 MiB.
2026-10-10T22:49:19Z INFO [315/900] 9c334a2d-b477-44de-9ed4-3c2f62665c7d: 22 groups; 1.2 s; peak memory 1139 MiB.
2026-10-10T22:49:23Z INFO [316/900] 9c338d16-fd3b-49fa-8459-fbe74d73f317: 624 groups; 4.3 s; peak memory 1139 MiB.
2026-10-10T22:49:24Z INFO [317/900] 9c33ce01-32d1-4e12-8e9c-524dad8124d2: 28 groups; 1.2 s; peak memory 1139 MiB.
2026-10-10T22:49:26Z INFO [318/900] 9c34044b-ac9e-4935-8c45-1fdf7c05ba0d: 34 groups; 1.7 s; peak memory 1139 MiB.
2026-10-10T22:49:27Z INFO [319/900] 9c340f5e-c9c8-4ef9-ae2f-890e7125de8e: 22 groups; 0.9 s; peak memory 1139 MiB.
2026-10-10T22:49:31Z INFO [320/900] 9c34b1d0-f927-4ae0-a977-9859dde5676b: 29 groups; 3.9 s; peak memory 1139 MiB.
2026-10-10T22:49:33Z INFO [321/900] 9c34d336-39a9-4a08-a462-677a9e529d66: 35 groups; 1.9 s; peak memory 1139 MiB.
2026-10-10T22:49:36Z INFO [322/900] 9c357219-2f89-4d31-8eb7-513a6a48c24f: 66 groups; 3.6 s; peak memory 1139 MiB.
2026-10-10T22:49:38Z INFO [323/900] 9c3714e0-2601-4ce7-9a5f-284d83500ea1: 203 groups; 1.7 s; peak memory 1139 MiB.
2026-10-10T22:49:40Z INFO [324/900] 9c37f67a-8589-4c1b-951e-088d16eed05c: 35 groups; 1.8 s; peak memory 1139 MiB.
2026-10-10T22:49:43Z INFO [325/900] 9c38105c-98aa-4bff-86c5-61c83299a383: 71 groups; 3.2 s; peak memory 1139 MiB.
2026-10-10T22:49:44Z INFO [326/900] 9c383c94-ac31-4396-a197-0ed395a1a9ea: 32 groups; 1.3 s; peak memory 1139 MiB.
2026-10-10T22:49:46Z INFO [327/900] 9c386899-c22e-4fd7-bcb4-c73526b2487d: 32 groups; 1.3 s; peak memory 1139 MiB.
2026-10-10T22:49:47Z INFO [328/900] 9c389258-17c4-4907-b2af-91dcebdf92d7: 71 groups; 1.2 s; peak memory 1139 MiB.
2026-10-10T22:49:49Z INFO [329/900] 9c392ed2-2b5d-4efe-a065-8708447d8771: 194 groups; 1.8 s; peak memory 1139 MiB.
2026-10-10T22:49:50Z INFO [330/900] 9c3a65a1-ce53-4e59-b8e4-c1484bc2ba0e: 199 groups; 1.7 s; peak memory 1139 MiB.
2026-10-10T22:50:08Z INFO [331/900] 9c3b5f91-f1bd-4676-9ec3-0d1cd672c449: 317 groups; 18.0 s; peak memory 1139 MiB.
2026-10-10T22:50:11Z INFO [332/900] 9c3ca0c0-3858-4db6-8bf2-d6dfc79284d5: 47 groups; 3.1 s; peak memory 1139 MiB.
2026-10-10T22:50:13Z INFO [333/900] 9c3ca696-f395-40d8-8d73-b4bf05d623f3: 22 groups; 1.2 s; peak memory 1139 MiB.
2026-10-10T22:50:17Z INFO [334/900] 9c3dabf1-747a-45e6-9852-908d46f016ff: 17 groups; 4.4 s; peak memory 1139 MiB.
2026-10-10T22:50:18Z INFO [335/900] 9c3dc0b9-e1b4-4b8f-90f1-d088ade8748e: 22 groups; 1.2 s; peak memory 1139 MiB.
2026-10-10T22:50:19Z INFO [336/900] 9c3e87a0-a864-4473-ab48-5de9d32c266c: 22 groups; 1.2 s; peak memory 1139 MiB.
2026-10-10T22:50:21Z INFO [337/900] 9c3ea3c4-176f-4fad-9156-f843ea72ce5a: 25 groups; 1.6 s; peak memory 1139 MiB.
2026-10-10T22:50:23Z INFO [338/900] 9c3eeba0-28fb-4baf-985e-4f0b44c53eba: 195 groups; 1.6 s; peak memory 1139 MiB.
2026-10-10T22:50:24Z INFO [339/900] 9c3ff316-bbe6-49c8-8e32-f7602bba6853: 31 groups; 1.8 s; peak memory 1139 MiB.
2026-10-10T22:50:26Z INFO [340/900] 9c400776-d104-46ca-a724-3df1e0a7a68c: 256 groups; 1.6 s; peak memory 1139 MiB.
2026-10-10T22:50:27Z INFO [341/900] 9c4050fa-4cab-42bc-acf8-709640ac1b0e: 22 groups; 1.2 s; peak memory 1139 MiB.
2026-10-10T22:50:30Z INFO [342/900] 9c4051c1-60aa-4feb-8760-2f2cc45dcae4: 54 groups; 3.1 s; peak memory 1139 MiB.
2026-10-10T22:50:32Z INFO [343/900] 9c405aee-c53e-408d-9976-5897d2366859: 32 groups; 1.6 s; peak memory 1139 MiB.
2026-10-10T22:50:46Z INFO [344/900] 9c41508d-d27e-4a7c-a582-66e2ea65f24f: 247 groups; 14.5 s; peak memory 1139 MiB.
2026-10-10T22:50:48Z INFO [345/900] 9c417d9b-9405-4eee-aa50-b57474dc6af7: 35 groups; 1.7 s; peak memory 1139 MiB.
2026-10-10T22:50:49Z INFO [346/900] 9c4366a8-3971-41bd-80af-e1f5cb0ffdcd: 32 groups; 1.3 s; peak memory 1139 MiB.
2026-10-10T22:50:51Z INFO [347/900] 9c43cb33-71fb-4601-8101-5061cc97c7cf: 35 groups; 1.7 s; peak memory 1139 MiB.
2026-10-10T22:50:53Z INFO [348/900] 9c43cea5-fd26-4253-a2c9-a7e7cce71498: 199 groups; 1.9 s; peak memory 1139 MiB.
2026-10-10T22:50:55Z INFO [349/900] 9c43f039-4d83-4fd0-bc70-e291a55037dd: 35 groups; 1.8 s; peak memory 1139 MiB.
2026-10-10T22:50:56Z INFO [350/900] 9c454447-3365-443c-8909-e95a4f9b0ad3: 22 groups; 1.2 s; peak memory 1139 MiB.
2026-10-10T22:50:56Z INFO [350/900] 9c454447-3365-443c-8909-e95a4f9b0ad3: checkpointed 122286 new records.
2026-10-10T22:50:57Z INFO [351/900] 9c45fe8b-f66f-4e3b-87b2-edac73f92093: 17 groups; 1.0 s; peak memory 1139 MiB.
2026-10-10T22:50:59Z INFO [352/900] 9c463d64-fd09-438c-9097-ac4447440099: 195 groups; 2.0 s; peak memory 1139 MiB.
2026-10-10T22:51:05Z INFO [353/900] 9c46fb34-577f-48a3-8a13-c01516e5d760: 71 groups; 6.2 s; peak memory 1139 MiB.
2026-10-10T22:51:06Z INFO [354/900] 9c46fdf5-a26e-4dfd-98ae-b7a2b014233d: 16 groups; 1.0 s; peak memory 1139 MiB.
2026-10-10T22:51:09Z INFO [355/900] 9c475faf-aed2-4937-97cf-a192b9a7846e: 207 groups; 2.3 s; peak memory 1139 MiB.
2026-10-10T22:51:10Z INFO [356/900] 9c4769ab-03d7-4178-908c-ff06c1dfb119: 194 groups; 1.6 s; peak memory 1139 MiB.
2026-10-10T22:51:12Z INFO [357/900] 9c4835e0-e048-43db-9727-34130d6845d3: 104 groups; 1.8 s; peak memory 1139 MiB.
2026-10-10T22:51:19Z INFO [358/900] 9c4926e1-d776-4bd5-80f4-bf4729f7f7d7: 181 groups; 7.1 s; peak memory 1139 MiB.
2026-10-10T22:51:22Z INFO [359/900] 9c494fda-6d85-4530-ae1d-081fb42a31cd: 52 groups; 2.9 s; peak memory 1139 MiB.
2026-10-10T22:51:25Z INFO [360/900] 9c4bfaca-d33f-43d5-a59b-b52d48513e17: 64 groups; 3.0 s; peak memory 1139 MiB.
2026-10-10T22:51:27Z INFO [361/900] 9c4ca7ce-073c-498f-8daa-f7b004f1c691: 202 groups; 1.7 s; peak memory 1139 MiB.
2026-10-10T22:51:28Z INFO [362/900] 9c4cbdb7-2f98-4513-a482-e2283026d146: 255 groups; 1.5 s; peak memory 1139 MiB.
2026-10-10T22:51:29Z INFO [363/900] 9c4d300a-143a-4344-b4ac-6f742b799d80: 254 groups; 1.4 s; peak memory 1139 MiB.
2026-10-10T22:51:31Z INFO [364/900] 9c4dcbc4-b386-4c99-9ced-ff79502e2fa4: 33 groups; 2.0 s; peak memory 1139 MiB.
2026-10-10T22:51:33Z INFO [365/900] 9c4edbfc-bd86-49c4-97a0-89465d97c9d5: 35 groups; 1.7 s; peak memory 1139 MiB.
2026-10-10T22:51:35Z INFO [366/900] 9c4f6347-d7b4-4b4c-aa59-d87ff06b6f35: 103 groups; 1.5 s; peak memory 1139 MiB.
2026-10-10T22:51:37Z INFO [367/900] 9c50b41f-e692-414e-a193-9eabe7e23f25: 35 groups; 2.0 s; peak memory 1139 MiB.
2026-10-10T22:51:38Z INFO [368/900] 9c517e62-bcc9-4702-afb1-fa6898f6e36b: 22 groups; 1.1 s; peak memory 1139 MiB.
2026-10-10T22:51:50Z INFO [369/900] 9c52a474-7897-4144-b3a1-4a81fccfa7b2: 179 groups; 11.8 s; peak memory 1139 MiB.
2026-10-10T22:51:57Z INFO [370/900] 9c52d120-f25d-48a5-aa0d-f88546d029c6: 134 groups; 7.8 s; peak memory 1139 MiB.
2026-10-10T22:52:11Z INFO [371/900] 9c52f41e-17b3-42dd-8dbd-fca84481862e: 217 groups; 13.2 s; peak memory 1139 MiB.
2026-10-10T22:52:12Z INFO [372/900] 9c534aae-80b0-49b1-9f72-0f24c6abf5d3: 32 groups; 1.3 s; peak memory 1139 MiB.
2026-10-10T22:52:14Z INFO [373/900] 9c5635c5-8eb9-4770-b6b3-40d3f70824d6: 17 groups; 2.4 s; peak memory 1139 MiB.
2026-10-10T22:52:16Z INFO [374/900] 9c563d7d-deb7-4b2b-9111-516222384b8d: 195 groups; 1.8 s; peak memory 1139 MiB.
2026-10-10T22:52:26Z INFO [375/900] 9c568194-48b6-4921-a676-b6c0089f36f4: 22 groups; 10.3 s; peak memory 1139 MiB.
2026-10-10T22:52:28Z INFO [376/900] 9c56f015-678b-46bd-b6e8-783a5fa3b27f: 28 groups; 1.1 s; peak memory 1139 MiB.
2026-10-10T22:52:29Z INFO [377/900] 9c571b5a-90bc-429f-866d-d5227d3680b7: 22 groups; 1.2 s; peak memory 1139 MiB.
2026-10-10T22:52:30Z INFO [378/900] 9c595354-c748-4047-a48f-12643b38fc74: 30 groups; 1.2 s; peak memory 1139 MiB.
2026-10-10T22:52:31Z INFO [379/900] 9c59c96f-cfb6-46af-a375-6c0d8ccd3e6b: 23 groups; 1.0 s; peak memory 1139 MiB.
2026-10-10T22:52:34Z INFO [380/900] 9c59d0e8-6653-47f0-9e4d-53ba2376d020: 50 groups; 3.4 s; peak memory 1139 MiB.
2026-10-10T22:52:36Z INFO [381/900] 9c5a0882-d070-4332-8e10-253962333bf1: 29 groups; 1.5 s; peak memory 1139 MiB.
2026-10-10T22:53:14Z INFO [382/900] 9c5a3b5e-61dd-4eff-9195-7d375b098d4c: 26 groups; 37.7 s; peak memory 1139 MiB.
2026-10-10T22:53:15Z INFO [383/900] 9c5aac1c-6716-4621-b944-9255afa93f4b: 17 groups; 1.0 s; peak memory 1139 MiB.
2026-10-10T22:53:16Z INFO [384/900] 9c5af3c0-8376-4e2d-bfe7-dbe8387ee0a0: 36 groups; 1.5 s; peak memory 1139 MiB.
2026-10-10T22:53:19Z INFO [385/900] 9c5b5a28-1b69-478a-8b6b-09e2365fc6ff: 50 groups; 3.5 s; peak memory 1139 MiB.
2026-10-10T22:53:22Z INFO [386/900] 9c5bd05b-4546-4fc8-ad35-91389a1583a3: 52 groups; 2.4 s; peak memory 1139 MiB.
2026-10-10T22:53:23Z INFO [387/900] 9c5cd7a1-0b87-460b-89d1-a8546e06839e: 36 groups; 1.4 s; peak memory 1139 MiB.
2026-10-10T22:53:29Z INFO [388/900] 9c5e86a6-3e32-4a58-9f68-ff075757e2b8: 78 groups; 6.1 s; peak memory 1139 MiB.
2026-10-10T22:53:31Z INFO [389/900] 9c5eaf3d-406a-4030-b67b-56f7301786da: 32 groups; 1.4 s; peak memory 1139 MiB.
2026-10-10T22:53:32Z INFO [390/900] 9c5f6846-4ca0-4b29-abed-d99d593a3026: 25 groups; 1.3 s; peak memory 1139 MiB.
2026-10-10T22:53:35Z INFO [391/900] 9c5fbc7b-7b57-403d-91ca-ba04fd6a78c2: 194 groups; 2.7 s; peak memory 1139 MiB.
2026-10-10T22:53:36Z INFO [392/900] 9c60034f-ef24-4dc3-a370-21c5662801c9: 28 groups; 1.4 s; peak memory 1139 MiB.
2026-10-10T22:53:37Z INFO [393/900] 9c60cba9-2777-4667-a3c0-2bb8b9db69a7: 22 groups; 1.2 s; peak memory 1139 MiB.
2026-10-10T22:53:39Z INFO [394/900] 9c60fa42-2843-4a6f-a6e7-01cc317cd334: 252 groups; 1.5 s; peak memory 1139 MiB.
2026-10-10T22:53:41Z INFO [395/900] 9c6118ac-50a5-4ffc-be6b-0720db778ad8: 194 groups; 1.9 s; peak memory 1139 MiB.
2026-10-10T22:53:43Z INFO [396/900] 9c6191ee-f040-4212-87cf-7c41fb7c0d6c: 200 groups; 2.4 s; peak memory 1139 MiB.
2026-10-10T22:53:44Z INFO [397/900] 9c6315b5-4ebc-4732-bbc5-a4603e88be78: 32 groups; 1.4 s; peak memory 1139 MiB.
2026-10-10T22:53:46Z INFO [398/900] 9c63fd04-3611-4ae7-93ea-557086256918: 32 groups; 1.4 s; peak memory 1139 MiB.
2026-10-10T22:53:47Z INFO [399/900] 9c645d8a-26ee-4385-97b7-6a8aef147f5f: 22 groups; 1.2 s; peak memory 1139 MiB.
2026-10-10T22:53:49Z INFO [400/900] 9c657acc-7a20-4fc9-a9b3-8c8945e8f9b0: 33 groups; 1.9 s; peak memory 1139 MiB.
2026-10-10T22:53:49Z INFO [400/900] 9c657acc-7a20-4fc9-a9b3-8c8945e8f9b0: checkpointed 122336 new records.
2026-10-10T22:53:51Z INFO [401/900] 9c65cd43-a8ee-4ee8-bb63-241129271ad3: 32 groups; 1.4 s; peak memory 1139 MiB.
2026-10-10T22:53:52Z INFO [402/900] 9c663b87-0758-43bb-b914-08a5e459a5e9: 32 groups; 1.8 s; peak memory 1139 MiB.
2026-10-10T22:54:44Z INFO [403/900] 9c6647d9-e16a-4cf3-9d18-5242c41ea56f: 25 groups; 52.2 s; peak memory 1139 MiB.
2026-10-10T22:54:46Z INFO [404/900] 9c672c7d-2c7f-494d-8e15-e3c2cd34b7bd: 22 groups; 1.3 s; peak memory 1139 MiB.
2026-10-10T22:54:48Z INFO [405/900] 9c679020-eef9-4ac8-b9a3-4b7c17bac5a4: 32 groups; 1.8 s; peak memory 1139 MiB.
2026-10-10T22:54:49Z INFO [406/900] 9c68dfa8-51b5-4c6b-8181-dee4da10e849: 194 groups; 1.7 s; peak memory 1139 MiB.
2026-10-10T22:56:31Z INFO [407/900] 9c69c602-185e-41cb-8c1b-d8fe0fa5b3ab: 27 groups; 101.4 s; peak memory 1139 MiB.
2026-10-10T22:56:42Z INFO [408/900] 9c6c8536-da2d-48cf-a800-0629e7528382: 36 groups; 11.2 s; peak memory 1139 MiB.
2026-10-10T22:56:45Z INFO [409/900] 9c6c9499-d977-422f-aed9-3e4edc27300d: 59 groups; 3.0 s; peak memory 1139 MiB.
2026-10-10T22:56:49Z INFO [410/900] 9c6c9fb5-86cd-4fa9-8e40-a6ddc7806945: 88 groups; 4.2 s; peak memory 1139 MiB.
2026-10-10T22:56:51Z INFO [411/900] 9c6cbb26-09f1-4bbf-9a6d-80573b835007: 33 groups; 1.6 s; peak memory 1139 MiB.
2026-10-10T22:56:52Z INFO [412/900] 9c6d7c88-b22a-4f51-836a-cad2e0811659: 25 groups; 1.3 s; peak memory 1139 MiB.
2026-10-10T22:56:53Z INFO [413/900] 9c6dae82-d4c3-48e1-b0ba-c8f3a242e0ef: 22 groups; 1.1 s; peak memory 1139 MiB.
2026-10-10T22:56:55Z INFO [414/900] 9c6dc29d-a8f4-447f-b05d-e66110a7632e: 32 groups; 1.5 s; peak memory 1139 MiB.
2026-10-10T22:56:57Z INFO [415/900] 9c6eedb3-61a1-45a4-b4cc-30fc4b471296: 48 groups; 2.7 s; peak memory 1139 MiB.
2026-10-10T22:56:58Z INFO [416/900] 9c6efbfa-143a-4324-a722-ee029b77a2c0: 22 groups; 1.2 s; peak memory 1139 MiB.
2026-10-10T22:57:09Z INFO [417/900] 9c6f4e74-1593-473f-a848-f0a59e1f1da1: 210 groups; 10.6 s; peak memory 1139 MiB.
2026-10-10T22:57:10Z INFO [418/900] 9c6f88bd-8c4b-45bb-8c51-33eead98d0dd: 33 groups; 1.3 s; peak memory 1139 MiB.
2026-10-10T22:57:12Z INFO [419/900] 9c6f9842-14d8-48b7-9369-d548262917c9: 32 groups; 1.6 s; peak memory 1139 MiB.
2026-10-10T22:57:13Z INFO [420/900] 9c705b10-5dd7-42ef-8662-0ad87d3c78e8: 32 groups; 1.5 s; peak memory 1139 MiB.
2026-10-10T22:57:14Z INFO [421/900] 9c710105-5a70-4096-bcbe-ed6705b65850: 25 groups; 1.0 s; peak memory 1139 MiB.
2026-10-10T22:57:16Z INFO [422/900] 9c71ec90-cbd5-41b1-b85a-4bfd16ccc8d1: 22 groups; 1.3 s; peak memory 1139 MiB.
2026-10-10T22:57:17Z INFO [423/900] 9c729122-b8f7-48c6-8a57-b716b0301473: 31 groups; 1.2 s; peak memory 1139 MiB.
2026-10-10T22:57:18Z INFO [424/900] 9c73f607-07b6-4945-9788-afab20729d83: 32 groups; 1.6 s; peak memory 1139 MiB.
2026-10-10T22:57:20Z INFO [425/900] 9c741c36-5f65-402e-ad6f-31480f755f66: 32 groups; 1.7 s; peak memory 1139 MiB.
2026-10-10T22:57:24Z INFO [426/900] 9c7439b9-3daf-42c8-a536-8fffd81d92e3: 50 groups; 3.7 s; peak memory 1139 MiB.
2026-10-10T22:57:27Z INFO [427/900] 9c747a4a-f1cc-4ebb-8b6f-dd8ccccf0b5b: 54 groups; 3.1 s; peak memory 1139 MiB.
2026-10-10T22:57:28Z INFO [428/900] 9c74e3e6-56c0-44ab-b910-fd2b4262c6d6: 22 groups; 1.2 s; peak memory 1139 MiB.
2026-10-10T22:57:30Z INFO [429/900] 9c74e651-2a78-406a-9036-999ac65d5646: 30 groups; 1.4 s; peak memory 1139 MiB.
2026-10-10T22:57:32Z INFO [430/900] 9c751442-84b5-4c44-a279-335f879614ef: 337 groups; 2.0 s; peak memory 1139 MiB.
2026-10-10T22:57:33Z INFO [431/900] 9c757c7c-dba8-4e7e-b320-0f19c7a10469: 22 groups; 1.2 s; peak memory 1139 MiB.
2026-10-10T22:57:34Z INFO [432/900] 9c76344f-ef51-4d25-a19e-db0f7134a31e: 22 groups; 1.2 s; peak memory 1139 MiB.
2026-10-10T22:57:35Z INFO [433/900] 9c76be3a-f510-456b-b616-fdafcc7708ee: 26 groups; 1.3 s; peak memory 1139 MiB.
2026-10-10T22:57:37Z INFO [434/900] 9c7721a7-afd4-405a-bbac-a871dba87a8f: 22 groups; 1.2 s; peak memory 1139 MiB.
2026-10-10T22:57:38Z INFO [435/900] 9c77b818-dc9b-463a-9389-f25dfa55752f: 32 groups; 1.6 s; peak memory 1139 MiB.
2026-10-10T22:57:50Z INFO [436/900] 9c784476-021d-4e34-bc78-0577badb3c26: 187 groups; 12.1 s; peak memory 1139 MiB.
2026-10-10T22:57:52Z INFO [437/900] 9c795085-36d5-4488-a584-5beeb80028c1: 261 groups; 1.9 s; peak memory 1139 MiB.
2026-10-10T22:57:58Z INFO [438/900] 9c797af7-193d-476b-87b2-73426820d3f5: 181 groups; 6.2 s; peak memory 1139 MiB.
2026-10-10T22:58:00Z INFO [439/900] 9c79a145-0ab5-4e46-893d-303ebe70b8a4: 35 groups; 1.5 s; peak memory 1139 MiB.
2026-10-10T22:58:01Z INFO [440/900] 9c79af8c-e29f-449f-940e-5aa712b7b495: 22 groups; 1.2 s; peak memory 1139 MiB.
2026-10-10T22:58:03Z INFO [441/900] 9c79f25a-bcf9-41f4-ba56-49b29978e8ea: 32 groups; 1.5 s; peak memory 1139 MiB.
2026-10-10T22:58:05Z INFO [442/900] 9c7a3ede-ed38-4f21-9b99-942dd5b30881: 35 groups; 2.0 s; peak memory 1139 MiB.
2026-10-10T22:58:06Z INFO [443/900] 9c7b141d-cd23-4613-90b8-8b332f34ec43: 30 groups; 1.5 s; peak memory 1139 MiB.
2026-10-10T22:58:14Z INFO [444/900] 9c7b240c-befb-41cc-ad3b-530f239ba2a1: 63 groups; 8.2 s; peak memory 1139 MiB.
2026-10-10T22:58:16Z INFO [445/900] 9c7b3189-9fea-4735-ac4b-779dcf988d2b: 49 groups; 1.7 s; peak memory 1139 MiB.
2026-10-10T22:58:17Z INFO [446/900] 9c7b67c7-e2ba-4b25-8224-6b24e72d16a8: 22 groups; 1.1 s; peak memory 1139 MiB.
2026-10-10T23:00:08Z INFO [447/900] 9c7b71f1-e680-453d-9109-a700f5cd16a5: 69 groups; 110.6 s; peak memory 1139 MiB.
2026-10-10T23:02:00Z INFO [448/900] 9c7c3a9b-434a-454b-9159-41470de17b6f: 77 groups; 112.4 s; peak memory 1139 MiB.
2026-10-10T23:02:02Z INFO [449/900] 9c7c4e86-d8aa-4ead-b923-4a72b4262261: 32 groups; 1.5 s; peak memory 1139 MiB.
2026-10-10T23:02:03Z INFO [450/900] 9c7d710a-9bfc-4584-8cfa-9e5f342e9735: 22 groups; 1.3 s; peak memory 1139 MiB.
2026-10-10T23:02:03Z INFO [450/900] 9c7d710a-9bfc-4584-8cfa-9e5f342e9735: checkpointed 122386 new records.
2026-10-10T23:02:06Z INFO [451/900] 9c7e58cc-e87b-4fff-953e-32c0aa9cc8bc: 48 groups; 3.0 s; peak memory 1139 MiB.
2026-10-10T23:02:08Z INFO [452/900] 9c807da7-0d5c-4657-aec8-30b3be4f22a5: 35 groups; 1.8 s; peak memory 1139 MiB.
2026-10-10T23:02:10Z INFO [453/900] 9c8111b1-73c1-4066-bfc0-27ee861c7510: 35 groups; 1.9 s; peak memory 1139 MiB.
2026-10-10T23:02:16Z INFO [454/900] 9c822468-40ab-4ec2-834e-34cb98a3b8ff: 53 groups; 6.4 s; peak memory 1139 MiB.
2026-10-10T23:02:17Z INFO [455/900] 9c82fa07-8cbb-46c7-9a5e-dc4b4180080a: 36 groups; 1.4 s; peak memory 1139 MiB.
2026-10-10T23:04:16Z INFO [456/900] 9c835f44-4331-4f84-8fa4-32fc5c9fbca7: 7788 groups; 118.8 s; peak memory 1139 MiB.
2026-10-10T23:04:17Z INFO [457/900] 9c842383-e764-4023-8a91-49a6d753d6fc: 16 groups; 1.1 s; peak memory 1139 MiB.
2026-10-10T23:07:45Z INFO [458/900] 9c845e96-e32c-4778-88e2-276bfc0834a6: 75 groups; 207.7 s; peak memory 1139 MiB.
2026-10-10T23:07:47Z INFO [459/900] 9c852929-7cd2-434c-9caa-240bc2f38a4e: 35 groups; 1.6 s; peak memory 1139 MiB.
2026-10-10T23:07:48Z INFO [460/900] 9c85a140-c7ab-476d-b0f7-4359ce7f4ac6: 22 groups; 1.2 s; peak memory 1139 MiB.
2026-10-10T23:07:50Z INFO [461/900] 9c8643a0-5309-4e04-9c56-3d6df89570d3: 35 groups; 1.7 s; peak memory 1139 MiB.
2026-10-10T23:07:55Z INFO [462/900] 9c8852fe-a52a-4a85-8f8e-52bf1562ab3a: 73 groups; 5.4 s; peak memory 1139 MiB.
2026-10-10T23:07:57Z INFO [463/900] 9c886943-655f-4542-820a-9e33cfce6924: 337 groups; 1.9 s; peak memory 1139 MiB.
2026-10-10T23:07:59Z INFO [464/900] 9c8a2359-ee36-4981-92c6-aa317d9b13a8: 35 groups; 1.7 s; peak memory 1139 MiB.
2026-10-10T23:08:56Z INFO [465/900] 9c8a9919-e57c-4233-96ec-b9de3aa22025: 110 groups; 57.1 s; peak memory 1139 MiB.
2026-10-10T23:08:57Z INFO [466/900] 9c8b608b-e093-4624-8e4b-0a524dbc6f0c: 22 groups; 1.3 s; peak memory 1139 MiB.
2026-10-10T23:09:03Z INFO [467/900] 9c8b9cab-fa01-48bb-bea8-35ae16fdeb9a: 54 groups; 5.8 s; peak memory 1139 MiB.
2026-10-10T23:09:09Z INFO [468/900] 9c8c88fa-eb1d-410b-9768-976d83f5dadb: 73 groups; 5.7 s; peak memory 1139 MiB.
2026-10-10T23:09:10Z INFO [469/900] 9c8ca320-9728-4835-8c1f-949442f37e7d: 258 groups; 1.5 s; peak memory 1139 MiB.
2026-10-10T23:09:11Z INFO [470/900] 9c8ceb88-8d94-421d-9b36-258d1f96f538: 18 groups; 1.2 s; peak memory 1139 MiB.
2026-10-10T23:09:13Z INFO [471/900] 9c8d3171-6631-4a75-8d33-bcb5ad9afb2d: 32 groups; 1.8 s; peak memory 1139 MiB.
2026-10-10T23:09:26Z INFO [472/900] 9c8d651b-49cc-4e07-9d73-06d2512c1d54: 188 groups; 13.1 s; peak memory 1139 MiB.
2026-10-10T23:09:28Z INFO [473/900] 9c8e4e8b-a55e-49f1-a922-b043bb5186cf: 35 groups; 1.9 s; peak memory 1139 MiB.
2026-10-10T23:09:29Z INFO [474/900] 9c8f0c21-0028-45d2-a829-275bc74478c6: 32 groups; 1.4 s; peak memory 1139 MiB.
2026-10-10T23:09:31Z INFO [475/900] 9c8f5d9b-c519-4c04-b301-a44ff5b3f9d0: 35 groups; 1.8 s; peak memory 1139 MiB.
2026-10-10T23:09:32Z INFO [476/900] 9c8f96fe-5400-41c3-9904-52eec43a0986: 22 groups; 1.2 s; peak memory 1139 MiB.
2026-10-10T23:09:34Z INFO [477/900] 9c8f9e52-2dcd-4fc8-ad07-92cf6bfa13bd: 32 groups; 1.3 s; peak memory 1139 MiB.
2026-10-10T23:09:36Z INFO [478/900] 9c9237ff-b506-465d-8dcf-5efc825ffe58: 35 groups; 2.3 s; peak memory 1139 MiB.
2026-10-10T23:09:40Z INFO [479/900] 9c93fd2d-53e9-4025-9143-f449dc5e9b77: 50 groups; 3.5 s; peak memory 1139 MiB.
2026-10-10T23:09:41Z INFO [480/900] 9c948bd2-2823-4cdd-a20b-d3a752233be5: 32 groups; 1.6 s; peak memory 1139 MiB.
2026-10-10T23:09:43Z INFO [481/900] 9c9520cb-f31c-4a05-9f84-9d804edcc07e: 199 groups; 1.8 s; peak memory 1139 MiB.
2026-10-10T23:09:44Z INFO [482/900] 9c9530fe-d0e0-4880-a71a-41d80a09d1af: 30 groups; 1.1 s; peak memory 1139 MiB.
2026-10-10T23:09:46Z INFO [483/900] 9c955dcb-890e-4e56-88ca-cbffcd87cc13: 33 groups; 1.9 s; peak memory 1139 MiB.
2026-10-10T23:09:49Z INFO [484/900] 9c962fb2-a294-4f33-b6da-48d720cc41ef: 56 groups; 3.2 s; peak memory 1139 MiB.
2026-10-10T23:09:50Z INFO [485/900] 9c96aae6-b666-4796-90b7-e7b5584876db: 22 groups; 1.2 s; peak memory 1139 MiB.
2026-10-10T23:09:52Z INFO [486/900] 9c96df31-ebf6-44cd-8cda-bf5cba48817e: 22 groups; 1.2 s; peak memory 1139 MiB.
2026-10-10T23:09:53Z INFO [487/900] 9c9729bf-c9fa-4cb3-be08-346afdbdb2fd: 35 groups; 1.8 s; peak memory 1139 MiB.
2026-10-10T23:09:59Z INFO [488/900] 9c98a91a-7afa-4b57-90cc-6fc9ea9c12cb: 127 groups; 5.9 s; peak memory 1139 MiB.
2026-10-10T23:10:00Z INFO [489/900] 9c98fbdb-7161-4b3c-9d7e-0ef7525e8564: 31 groups; 1.2 s; peak memory 1139 MiB.
2026-10-10T23:10:04Z INFO [490/900] 9c992ba1-3616-4504-b37c-992ab0e21dd3: 70 groups; 3.8 s; peak memory 1139 MiB.
2026-10-10T23:10:06Z INFO [491/900] 9c99d02a-b42a-43f4-8b07-3b7d84674cc9: 32 groups; 1.4 s; peak memory 1139 MiB.
2026-10-10T23:10:18Z INFO [492/900] 9c9a2737-8dec-4106-b6fe-413e1a40f52f: 144 groups; 12.2 s; peak memory 1139 MiB.
2026-10-10T23:10:21Z INFO [493/900] 9c9a87ea-605a-41bc-b9f7-c9ba1954b58e: 50 groups; 3.3 s; peak memory 1139 MiB.
2026-10-10T23:10:22Z INFO [494/900] 9c9aa1f8-9dc1-4b0e-930c-88e1cba06cdb: 30 groups; 1.0 s; peak memory 1139 MiB.
2026-10-10T23:10:24Z INFO [495/900] 9c9ab3a9-4ce5-4223-91cc-394f2cb076d7: 199 groups; 2.0 s; peak memory 1139 MiB.
2026-10-10T23:10:26Z INFO [496/900] 9c9ab6bf-1ba3-4ca1-a4a1-7556be4cd1ff: 35 groups; 1.8 s; peak memory 1139 MiB.
2026-10-10T23:10:27Z INFO [497/900] 9c9b506e-f470-4d1e-a3bb-e7dd6eb61638: 16 groups; 0.9 s; peak memory 1139 MiB.
2026-10-10T23:10:28Z INFO [498/900] 9c9ca5ce-5776-4ce6-bf43-e4c20760295a: 22 groups; 1.2 s; peak memory 1139 MiB.
2026-10-10T23:10:29Z INFO [499/900] 9c9d4e5b-ddb2-484c-b9d9-bd7d6c63d2cc: 22 groups; 1.1 s; peak memory 1139 MiB.
2026-10-10T23:10:30Z INFO [500/900] 9c9d71fd-12a1-4445-a304-64361de7dd83: 22 groups; 1.1 s; peak memory 1139 MiB.
2026-10-10T23:10:31Z INFO [500/900] 9c9d71fd-12a1-4445-a304-64361de7dd83: checkpointed 122436 new records.
2026-10-10T23:10:32Z INFO [501/900] 9c9dc2b9-3ca2-43f0-b74b-30b0a7433a9b: 22 groups; 1.2 s; peak memory 1139 MiB.
2026-10-10T23:10:33Z INFO [502/900] 9c9e3843-ad18-4c26-8906-0b6f1d85960e: 32 groups; 1.5 s; peak memory 1139 MiB.
2026-10-10T23:10:40Z INFO [503/900] 9c9ffcc8-5ead-498f-bee7-acec6b0304d0: 153 groups; 6.6 s; peak memory 1139 MiB.
2026-10-10T23:10:41Z INFO [504/900] 9ca0222b-1a5d-4e7b-be7f-9ef9426d3bc3: 17 groups; 1.0 s; peak memory 1139 MiB.
2026-10-10T23:10:42Z INFO [505/900] 9ca02f0a-67bd-4713-9b78-ab224ce87a80: 202 groups; 1.6 s; peak memory 1139 MiB.
2026-10-10T23:11:32Z INFO [506/900] 9ca0791f-daa5-4247-89f6-3c6dff093d0c: 52 groups; 50.0 s; peak memory 1139 MiB.
2026-10-10T23:11:34Z INFO [507/900] 9ca15c6f-e425-40aa-9074-85e4bd3071f9: 35 groups; 1.6 s; peak memory 1139 MiB.
2026-10-10T23:11:35Z INFO [508/900] 9ca15e84-5139-4f55-9f7d-5ad28257555d: 17 groups; 0.9 s; peak memory 1139 MiB.
2026-10-10T23:11:36Z INFO [509/900] 9ca27777-43e1-49d6-a346-76fc99dc8778: 22 groups; 1.2 s; peak memory 1139 MiB.
2026-10-10T23:11:37Z INFO [510/900] 9ca297e2-c58e-4221-8a7d-e3f30ea87c0a: 22 groups; 1.2 s; peak memory 1139 MiB.
2026-10-10T23:13:37Z INFO [511/900] 9ca31724-4398-47ca-a767-13469710fe24: 102 groups; 119.9 s; peak memory 1139 MiB.
2026-10-10T23:13:38Z INFO [512/900] 9ca438f9-20c6-4598-9711-71ff35b3119e: 31 groups; 1.1 s; peak memory 1139 MiB.
2026-10-10T23:13:39Z INFO [513/900] 9ca43eca-67a5-4906-a2cc-872604f491a5: 16 groups; 1.0 s; peak memory 1139 MiB.
2026-10-10T23:13:40Z INFO [514/900] 9ca4fc49-b6d6-4bc3-88d9-01c4a47e9f1e: 22 groups; 1.2 s; peak memory 1139 MiB.
2026-10-10T23:14:00Z INFO [515/900] 9ca5459a-e4c8-411d-934e-e08ed7b4c94a: 23 groups; 20.0 s; peak memory 1139 MiB.
2026-10-10T23:14:02Z INFO [516/900] 9ca61b08-c609-41da-b0ad-1275ee5f4066: 27 groups; 1.4 s; peak memory 1139 MiB.
2026-10-10T23:14:03Z INFO [517/900] 9ca76805-e755-45eb-a4e6-4da179d878dc: 103 groups; 1.4 s; peak memory 1139 MiB.
2026-10-10T23:14:05Z INFO [518/900] 9ca780bf-edff-4b5b-8847-175bedc15b1a: 35 groups; 1.6 s; peak memory 1139 MiB.
2026-10-10T23:14:15Z INFO [519/900] 9ca7bfb3-5747-4185-b8fa-6500dc368e5e: 190 groups; 10.4 s; peak memory 1139 MiB.
2026-10-10T23:14:25Z INFO [520/900] 9ca81a7d-abe4-4a8c-8070-cbf1c4e522e1: 295 groups; 9.3 s; peak memory 1139 MiB.
2026-10-10T23:14:26Z INFO [521/900] 9ca949ab-5dbc-4749-ad8b-5a1ca5136370: 35 groups; 1.5 s; peak memory 1139 MiB.
2026-10-10T23:14:27Z INFO [522/900] 9caa2518-264f-43ec-b6f9-9829d145d9f9: 22 groups; 1.2 s; peak memory 1139 MiB.
2026-10-10T23:14:29Z INFO [523/900] 9caa441a-87a3-445d-97a3-bde58e32963a: 25 groups; 1.3 s; peak memory 1139 MiB.
2026-10-10T23:14:30Z INFO [524/900] 9caa87e3-babe-4744-a85e-0ba9b35b1174: 33 groups; 1.7 s; peak memory 1139 MiB.
2026-10-10T23:14:31Z INFO [525/900] 9cab8dea-fa96-422c-872b-f43bdace5cdf: 22 groups; 1.2 s; peak memory 1139 MiB.
2026-10-10T23:14:39Z INFO [526/900] 9cac4544-01aa-4a48-8d54-f26b14c159ad: 130 groups; 7.3 s; peak memory 1139 MiB.
2026-10-10T23:14:40Z INFO [527/900] 9cac8901-a064-4efd-94ef-8fc8d9241910: 253 groups; 1.4 s; peak memory 1139 MiB.
2026-10-10T23:14:43Z INFO [528/900] 9cacfb5a-9ff3-45f0-a28c-8db6130fd679: 51 groups; 2.5 s; peak memory 1139 MiB.
2026-10-10T23:15:28Z INFO [529/900] 9cada174-02ec-412f-a137-9f822d448df3: 26 groups; 45.7 s; peak memory 1139 MiB.
2026-10-10T23:15:30Z INFO [530/900] 9cae45c6-c8c6-4a28-a374-db20cccb416e: 32 groups; 1.4 s; peak memory 1139 MiB.
2026-10-10T23:15:33Z INFO [531/900] 9caecb47-31f3-4064-bac6-56e5456b190c: 48 groups; 2.8 s; peak memory 1139 MiB.
2026-10-10T23:15:34Z INFO [532/900] 9caf278d-51cd-4f58-bcd0-982bb6c6a7df: 28 groups; 1.6 s; peak memory 1139 MiB.
2026-10-10T23:15:36Z INFO [533/900] 9caf9b15-5b8f-45ef-9406-8b9c78aa3953: 32 groups; 1.5 s; peak memory 1139 MiB.
2026-10-10T23:15:37Z INFO [534/900] 9cafcbdd-b154-4c38-bb19-4c0893fd047d: 28 groups; 1.0 s; peak memory 1139 MiB.
2026-10-10T23:15:38Z INFO [535/900] 9cafe035-e6a7-4862-ad12-9f03fea74ae5: 33 groups; 1.6 s; peak memory 1139 MiB.
2026-10-10T23:15:39Z INFO [536/900] 9cafe0bf-aea1-434c-999d-1704706ef0a4: 22 groups; 1.2 s; peak memory 1139 MiB.
2026-10-10T23:15:41Z INFO [537/900] 9cb15251-a08b-4c49-9af7-2d00a333db9f: 32 groups; 1.4 s; peak memory 1139 MiB.
2026-10-10T23:15:45Z INFO [538/900] 9cb1ff5d-9ba0-48f8-b974-06504190eb7a: 95 groups; 4.1 s; peak memory 1139 MiB.
2026-10-10T23:15:46Z INFO [539/900] 9cb28b0c-6a7c-4dcf-92ce-b44f41e050e0: 21 groups; 1.3 s; peak memory 1139 MiB.
2026-10-10T23:15:53Z INFO [540/900] 9cb2e382-0553-4712-ba60-5bf252f4a221: 71 groups; 7.0 s; peak memory 1139 MiB.
2026-10-10T23:15:55Z INFO [541/900] 9cb33ea3-f3ff-4a8e-88f4-66e750815d68: 32 groups; 1.9 s; peak memory 1139 MiB.
2026-10-10T23:15:56Z INFO [542/900] 9cb3894d-9dc1-4c5e-916a-1af262a22b33: 22 groups; 1.2 s; peak memory 1139 MiB.
2026-10-10T23:15:58Z INFO [543/900] 9cb3b03b-1033-4eef-9c87-504db518f72d: 252 groups; 1.5 s; peak memory 1139 MiB.
2026-10-10T23:16:09Z INFO [544/900] 9cb58749-0d4f-422c-8b23-f5e124fcb2c6: 36 groups; 11.4 s; peak memory 1139 MiB.
2026-10-10T23:16:18Z INFO [545/900] 9cb6b19e-10c5-4073-929f-b0cb41526d45: 34 groups; 8.5 s; peak memory 1139 MiB.
2026-10-10T23:16:19Z INFO [546/900] 9cb6ef09-ffea-44c5-a0ff-a7e66551eaea: 203 groups; 1.8 s; peak memory 1139 MiB.
2026-10-10T23:16:20Z INFO [547/900] 9cb770db-8b70-4684-abb7-065842ead072: 16 groups; 1.0 s; peak memory 1139 MiB.
2026-10-10T23:16:22Z INFO [548/900] 9cb8fddb-a07a-417f-bb63-c4ce609b2e1c: 25 groups; 1.4 s; peak memory 1139 MiB.
2026-10-10T23:16:23Z INFO [549/900] 9cb912d3-1aa2-4a08-a25a-fa1b1541bc2c: 35 groups; 1.6 s; peak memory 1139 MiB.
2026-10-10T23:16:25Z INFO [550/900] 9cb970b9-2886-40d4-bd4d-f17699565073: 195 groups; 1.6 s; peak memory 1139 MiB.
2026-10-10T23:16:25Z INFO [550/900] 9cb970b9-2886-40d4-bd4d-f17699565073: checkpointed 122486 new records.
2026-10-10T23:16:27Z INFO [551/900] 9cb9ebe4-1e8b-4197-ac0d-9d25f741af38: 200 groups; 2.0 s; peak memory 1139 MiB.
2026-10-10T23:16:30Z INFO [552/900] 9cba1205-a985-417a-8abe-3d7363e53401: 72 groups; 3.0 s; peak memory 1139 MiB.
2026-10-10T23:16:39Z INFO [553/900] 9cba14e0-1ba1-497e-af0f-ff5ebbd517af: 50 groups; 8.7 s; peak memory 1139 MiB.
2026-10-10T23:16:46Z INFO [554/900] 9cba22b0-cbc7-4384-a987-8ff92019769f: 135 groups; 7.5 s; peak memory 1139 MiB.
2026-10-10T23:16:48Z INFO [555/900] 9cba2507-6353-4866-aff9-4624837e430b: 195 groups; 1.6 s; peak memory 1139 MiB.
2026-10-10T23:16:49Z INFO [556/900] 9cba265d-a5f8-4fd1-931a-64baeac3fba0: 28 groups; 1.2 s; peak memory 1139 MiB.
2026-10-10T23:16:50Z INFO [557/900] 9cba26b9-116f-4ae8-b40a-d8dbfa030d03: 22 groups; 1.2 s; peak memory 1139 MiB.
2026-10-10T23:16:54Z INFO [558/900] 9cba7bfc-6984-4059-8346-4cb3748676a7: 50 groups; 3.3 s; peak memory 1139 MiB.
2026-10-10T23:16:56Z INFO [559/900] 9cbbd8fd-e60e-4103-a999-808883ec8efe: 48 groups; 2.5 s; peak memory 1139 MiB.
2026-10-10T23:16:59Z INFO [560/900] 9cbc3ef6-c143-4ee8-b497-aa55d71498d6: 194 groups; 2.5 s; peak memory 1139 MiB.
2026-10-10T23:17:02Z INFO [561/900] 9cbdf402-2a47-4efe-a309-3efaa2da745c: 336 groups; 3.1 s; peak memory 1139 MiB.
2026-10-10T23:17:03Z INFO [562/900] 9cc029d9-602c-4002-a834-f6f6ba7e2ba6: 33 groups; 1.6 s; peak memory 1139 MiB.
2026-10-10T23:17:12Z INFO [563/900] 9cc08f11-e5ce-49d1-8e0b-3375259e27d2: 154 groups; 9.0 s; peak memory 1139 MiB.
2026-10-10T23:17:15Z INFO [564/900] 9cc13be6-7e9f-42fb-b822-607e728faa6d: 48 groups; 2.9 s; peak memory 1139 MiB.
2026-10-10T23:17:17Z INFO [565/900] 9cc1b703-7f6f-4dec-b4b6-5d6376d06aa0: 35 groups; 1.7 s; peak memory 1139 MiB.
2026-10-10T23:17:19Z INFO [566/900] 9cc1f82c-006d-46c4-acb6-8f9fb394dc10: 35 groups; 1.8 s; peak memory 1139 MiB.
2026-10-10T23:17:20Z INFO [567/900] 9cc221c5-2c46-45bb-a4cc-c6bad9873725: 32 groups; 1.4 s; peak memory 1139 MiB.
2026-10-10T23:17:49Z INFO [568/900] 9cc309a5-10e6-4a21-a998-7fd40027f6bc: 316 groups; 28.9 s; peak memory 1139 MiB.
2026-10-10T23:17:50Z INFO [569/900] 9cc31157-ccf2-431a-8a71-852bc5e14115: 22 groups; 1.3 s; peak memory 1139 MiB.
2026-10-10T23:18:05Z INFO [570/900] 9cc35cc6-b11d-4597-a8e5-22863a31d5f6: 155 groups; 14.2 s; peak memory 1139 MiB.
2026-10-10T23:18:06Z INFO [571/900] 9cc3c2b3-ca13-4d14-81c1-911881e41f4d: 207 groups; 1.9 s; peak memory 1139 MiB.
2026-10-10T23:18:08Z INFO [572/900] 9cc3cc92-d589-4b71-8930-3d06c213122b: 32 groups; 1.6 s; peak memory 1139 MiB.
2026-10-10T23:18:10Z INFO [573/900] 9cc3da9d-b2fb-4709-9047-015926737e0c: 32 groups; 1.5 s; peak memory 1139 MiB.
2026-10-10T23:18:15Z INFO [574/900] 9cc4283d-7092-481f-81b9-a857c547ce71: 78 groups; 5.4 s; peak memory 1139 MiB.
2026-10-10T23:18:17Z INFO [575/900] 9cc43f40-2c6b-443e-953a-92630da1a1ac: 32 groups; 1.6 s; peak memory 1139 MiB.
2026-10-10T23:18:27Z INFO [576/900] 9cc45496-6dc5-4986-9b78-026a67fcd707: 123 groups; 10.0 s; peak memory 1139 MiB.
2026-10-10T23:18:37Z INFO [577/900] 9cc46319-fa11-4e6a-9325-cfee77d8e965: 29 groups; 10.4 s; peak memory 1139 MiB.
2026-10-10T23:18:39Z INFO [578/900] 9cc5b47d-bacd-4576-ba55-9ae096697a0b: 336 groups; 2.2 s; peak memory 1139 MiB.
2026-10-10T23:18:46Z INFO [579/900] 9cc5bba7-4a78-4db6-9883-a869f6f1adc8: 66 groups; 6.7 s; peak memory 1139 MiB.
2026-10-10T23:19:01Z INFO [580/900] 9cc64557-abe5-4109-91af-ff57fb0ccaf6: 231 groups; 14.9 s; peak memory 1139 MiB.
2026-10-10T23:19:02Z INFO [581/900] 9cc78763-d522-4790-9bf8-8b0e10fae518: 22 groups; 1.2 s; peak memory 1139 MiB.
2026-10-10T23:19:03Z INFO [582/900] 9cc872be-51d6-4fc1-94bf-d3c70744c9c9: 253 groups; 1.3 s; peak memory 1139 MiB.
2026-10-10T23:19:05Z INFO [583/900] 9cc94aaa-8b43-4a5a-8cfe-62a6c7bfdd84: 32 groups; 1.4 s; peak memory 1139 MiB.
2026-10-10T23:19:19Z INFO [584/900] 9ccba817-0358-45c0-b329-16fd6a9abe5d: 258 groups; 14.5 s; peak memory 1139 MiB.
2026-10-10T23:19:21Z INFO [585/900] 9ccd65c0-f141-4cc8-9a3b-df6063ed8f21: 35 groups; 1.4 s; peak memory 1139 MiB.
2026-10-10T23:19:22Z INFO [586/900] 9ccd97f7-74c1-4684-86be-be680c7029f6: 22 groups; 1.2 s; peak memory 1139 MiB.
2026-10-10T23:19:23Z INFO [587/900] 9ccde454-0619-4776-be8e-9f39e830a7b3: 35 groups; 1.3 s; peak memory 1139 MiB.
2026-10-10T23:19:24Z INFO [588/900] 9cceef80-85b1-4d6e-8b82-f974532cad32: 32 groups; 1.3 s; peak memory 1139 MiB.
2026-10-10T23:19:25Z INFO [589/900] 9ccf1c3b-c205-422f-98a3-c3179af212d0: 16 groups; 1.1 s; peak memory 1139 MiB.
2026-10-10T23:19:28Z INFO [590/900] 9ccf8f38-bb44-4d89-b436-80d51ecbec7c: 202 groups; 2.6 s; peak memory 1139 MiB.
2026-10-10T23:19:30Z INFO [591/900] 9ccfc02b-9fa8-4815-bf89-37e01abf3eb5: 33 groups; 1.6 s; peak memory 1139 MiB.
2026-10-10T23:19:31Z INFO [592/900] 9cd0d43f-277d-44df-810c-e6de6dfbd104: 16 groups; 1.0 s; peak memory 1139 MiB.
2026-10-10T23:19:32Z INFO [593/900] 9cd0ee67-7a7a-4b90-9433-842bb21122fe: 22 groups; 1.2 s; peak memory 1139 MiB.
2026-10-10T23:19:33Z INFO [594/900] 9cd0eebe-1927-48d2-9fa0-121dea7cbd9e: 18 groups; 0.9 s; peak memory 1139 MiB.
2026-10-10T23:19:34Z INFO [595/900] 9cd12af2-f9d4-497d-8a6c-84368a30c09b: 22 groups; 1.2 s; peak memory 1139 MiB.
2026-10-10T23:19:35Z INFO [596/900] 9cd149a6-a894-402d-91aa-7da6959a475d: 22 groups; 1.3 s; peak memory 1139 MiB.
2026-10-10T23:19:38Z INFO [597/900] 9cd23daf-06ed-4d00-ab22-5b8ba6c58cf5: 48 groups; 2.3 s; peak memory 1139 MiB.
2026-10-10T23:19:39Z INFO [598/900] 9cd2ae57-a333-449d-a4dc-f2c924bd5ceb: 22 groups; 1.2 s; peak memory 1139 MiB.
2026-10-10T23:19:53Z INFO [599/900] 9cd36e20-d609-4a7c-9b68-0ebeb13b917c: 155 groups; 14.4 s; peak memory 1139 MiB.
2026-10-10T23:19:55Z INFO [600/900] 9cd3858c-95d0-450a-8501-e913800b3344: 35 groups; 2.2 s; peak memory 1139 MiB.
2026-10-10T23:19:56Z INFO [600/900] 9cd3858c-95d0-450a-8501-e913800b3344: checkpointed 122536 new records.
2026-10-10T23:19:57Z INFO [601/900] 9cd42b64-33c2-455b-80ab-02b5df917ba2: 202 groups; 1.7 s; peak memory 1139 MiB.
2026-10-10T23:20:03Z INFO [602/900] 9cd469d1-3800-48b0-91d4-12215b26f0ef: 45 groups; 6.0 s; peak memory 1139 MiB.
2026-10-10T23:20:06Z INFO [603/900] 9cd4b92d-7fb8-4340-94ab-88f416079dd0: 48 groups; 2.8 s; peak memory 1139 MiB.
2026-10-10T23:20:09Z INFO [604/900] 9cd52b76-0f1e-490e-800a-e3ae9f4a7269: 48 groups; 3.0 s; peak memory 1139 MiB.
2026-10-10T23:20:10Z INFO [605/900] 9cd5310d-4d76-4575-8678-3a94bd169b7b: 18 groups; 1.4 s; peak memory 1139 MiB.
2026-10-10T23:20:23Z INFO [606/900] 9cd6f252-e935-49a5-b7d7-b3cd8dba602f: 238 groups; 12.8 s; peak memory 1139 MiB.
2026-10-10T23:20:24Z INFO [607/900] 9cd729d2-b35f-4b59-b842-aac6fa177860: 22 groups; 1.2 s; peak memory 1139 MiB.
2026-10-10T23:20:26Z INFO [608/900] 9cd9ee9e-e20f-4764-bcb3-d1fe7b374032: 103 groups; 1.8 s; peak memory 1139 MiB.
2026-10-10T23:20:27Z INFO [609/900] 9cda1e82-b921-46db-9ac3-48ef4a91e843: 22 groups; 1.1 s; peak memory 1139 MiB.
2026-10-10T23:20:29Z INFO [610/900] 9cda7464-a085-458f-a4a8-c4b5a18d6e15: 32 groups; 1.6 s; peak memory 1139 MiB.
2026-10-10T23:20:30Z INFO [611/900] 9cda945c-9483-46f2-9f57-814fc5fe0775: 22 groups; 1.2 s; peak memory 1139 MiB.
2026-10-10T23:20:32Z INFO [612/900] 9cdb4945-ab19-43ea-b864-41dafacc6df1: 32 groups; 1.5 s; peak memory 1139 MiB.
2026-10-10T23:20:33Z INFO [613/900] 9cdcfbef-4f3d-47eb-a4f6-2a10ebddeb99: 35 groups; 1.7 s; peak memory 1139 MiB.
2026-10-10T23:20:35Z INFO [614/900] 9cdd2913-95e7-4bd0-8368-4c40c392395e: 32 groups; 1.3 s; peak memory 1139 MiB.
2026-10-10T23:20:37Z INFO [615/900] 9cde383a-cf77-4ed9-89b0-9c81f43f5a13: 42 groups; 2.4 s; peak memory 1139 MiB.
2026-10-10T23:20:39Z INFO [616/900] 9cdee8b2-c654-4eac-ba1c-15b38475fc62: 35 groups; 1.7 s; peak memory 1139 MiB.
2026-10-10T23:20:40Z INFO [617/900] 9cdf8648-c864-48a1-911d-043f283bf804: 22 groups; 1.1 s; peak memory 1139 MiB.
2026-10-10T23:20:41Z INFO [618/900] 9ce07c9c-0386-4642-bdbc-0bb4935e3959: 30 groups; 1.3 s; peak memory 1139 MiB.
2026-10-10T23:20:42Z INFO [619/900] 9ce1cdf2-db0c-4d4b-9ab8-f4aab189dd71: 22 groups; 1.2 s; peak memory 1139 MiB.
2026-10-10T23:20:44Z INFO [620/900] 9ce2da7b-0385-4b9e-b455-64c0d3fdf64f: 22 groups; 1.2 s; peak memory 1139 MiB.
2026-10-10T23:20:45Z INFO [621/900] 9ce315b3-c3b5-4574-8474-4c5694fe1d62: 22 groups; 1.2 s; peak memory 1139 MiB.
2026-10-10T23:21:04Z INFO [622/900] 9ce3bb85-6824-4aeb-8711-232e416894a2: 23 groups; 18.8 s; peak memory 1139 MiB.
2026-10-10T23:21:05Z INFO [623/900] 9ce41410-2859-4e24-bf63-4fab489bb82b: 24 groups; 1.1 s; peak memory 1139 MiB.
2026-10-10T23:21:06Z INFO [624/900] 9ce490d2-f579-49c2-a16e-97bffb9fc5c1: 22 groups; 1.2 s; peak memory 1139 MiB.
2026-10-10T23:21:21Z INFO [625/900] 9ce4dc13-43b0-4a04-8da9-1a41bd0f254c: 1018 groups; 15.1 s; peak memory 1139 MiB.
2026-10-10T23:21:28Z INFO [626/900] 9ce5bd37-95a7-464d-9222-4f340673f7b4: 67 groups; 7.1 s; peak memory 1139 MiB.
2026-10-10T23:21:36Z INFO [627/900] 9ce70936-9e93-469b-9bcc-ad090643788a: 179 groups; 8.0 s; peak memory 1139 MiB.
2026-10-10T23:21:42Z INFO [628/900] 9ce72c32-6b7c-457d-b21d-a110641599ad: 59 groups; 6.1 s; peak memory 1139 MiB.
2026-10-10T23:21:43Z INFO [629/900] 9ce8036f-13f6-4d03-9144-fc7f7746507a: 22 groups; 1.2 s; peak memory 1139 MiB.
2026-10-10T23:21:45Z INFO [630/900] 9ce85f35-0e1c-472b-a9d1-fa59da6e2422: 252 groups; 1.5 s; peak memory 1139 MiB.
2026-10-10T23:21:46Z INFO [631/900] 9ce86915-2c9a-455d-bddc-5889981d046e: 42 groups; 1.7 s; peak memory 1139 MiB.
2026-10-10T23:21:48Z INFO [632/900] 9ce8c6b8-afc2-4c91-b9d4-8a0b4ba8ee3b: 32 groups; 1.4 s; peak memory 1139 MiB.
2026-10-10T23:21:55Z INFO [633/900] 9ce95edc-bbfa-4998-bc27-32dcb7e79879: 85 groups; 6.7 s; peak memory 1139 MiB.
2026-10-10T23:21:56Z INFO [634/900] 9cea7337-c671-49db-924f-b8a5cc36e02c: 20 groups; 1.1 s; peak memory 1139 MiB.
2026-10-10T23:21:57Z INFO [635/900] 9ceac8d2-edb3-4654-a241-2f85e2229423: 22 groups; 1.2 s; peak memory 1139 MiB.
2026-10-10T23:21:58Z INFO [636/900] 9ceb4f2d-e10a-4701-995a-03eab726746b: 25 groups; 1.3 s; peak memory 1139 MiB.
2026-10-10T23:22:00Z INFO [637/900] 9cebe6ce-2f29-45d0-8263-0b0ca5d196fd: 32 groups; 1.6 s; peak memory 1139 MiB.
2026-10-10T23:22:02Z INFO [638/900] 9cec6663-b598-444c-ada7-a6fd7386c290: 37 groups; 2.2 s; peak memory 1139 MiB.
2026-10-10T23:22:03Z INFO [639/900] 9cecb366-2eb4-477e-8614-99de7e6cfe66: 22 groups; 1.2 s; peak memory 1139 MiB.
2026-10-10T23:22:04Z INFO [640/900] 9ced3760-4daa-4a3b-a6b2-31f11711434e: 16 groups; 0.9 s; peak memory 1139 MiB.
2026-10-10T23:22:05Z INFO [641/900] 9cee1b99-d52a-4165-9655-7478e2b32d37: 32 groups; 1.2 s; peak memory 1139 MiB.
2026-10-10T23:22:07Z INFO [642/900] 9cef7962-80b3-4927-a027-1da7444133ce: 33 groups; 1.7 s; peak memory 1139 MiB.
2026-10-10T23:22:18Z INFO [643/900] 9cf10291-e59e-4f44-b329-e4f37003301a: 193 groups; 10.9 s; peak memory 1139 MiB.
2026-10-10T23:22:19Z INFO [644/900] 9cf17502-8ade-4eab-90c6-32b883aa77fe: 30 groups; 1.2 s; peak memory 1139 MiB.
2026-10-10T23:22:21Z INFO [645/900] 9cf2dfeb-0237-4696-9ca9-3f9f623d0d2a: 32 groups; 1.5 s; peak memory 1139 MiB.
2026-10-10T23:22:22Z INFO [646/900] 9cf4a46d-22f4-4b5e-9742-13282d6068ca: 35 groups; 1.7 s; peak memory 1139 MiB.
2026-10-10T23:22:24Z INFO [647/900] 9cf60229-85ca-49f1-9dc0-4f809a400858: 22 groups; 1.2 s; peak memory 1139 MiB.
2026-10-10T23:22:27Z INFO [648/900] 9cf649ae-145f-4d6c-bd97-b449da5684e7: 54 groups; 3.1 s; peak memory 1139 MiB.
2026-10-10T23:22:28Z INFO [649/900] 9cf77928-2c3d-46a3-9b0c-14d8168b71ce: 29 groups; 1.5 s; peak memory 1139 MiB.
2026-10-10T23:22:29Z INFO [650/900] 9cf78142-e164-4d15-b5d6-ae535075a5fb: 17 groups; 1.0 s; peak memory 1139 MiB.
2026-10-10T23:22:29Z INFO [650/900] 9cf78142-e164-4d15-b5d6-ae535075a5fb: checkpointed 122586 new records.
2026-10-10T23:22:31Z INFO [651/900] 9cf7fdbf-f735-410a-9363-be506366456c: 201 groups; 1.8 s; peak memory 1139 MiB.
2026-10-10T23:22:34Z INFO [652/900] 9cf82e3d-8a49-4ba1-8773-55aff533c075: 50 groups; 3.3 s; peak memory 1139 MiB.
2026-10-10T23:22:35Z INFO [653/900] 9cf86f3b-8298-4d6c-a51d-da98d5af7ed8: 16 groups; 1.0 s; peak memory 1139 MiB.
2026-10-10T23:24:28Z INFO [654/900] 9cf8ac0c-aa4b-415e-8b8c-4008d6d13f5e: 60 groups; 112.2 s; peak memory 1139 MiB.
2026-10-10T23:24:30Z INFO [655/900] 9cf8e6cd-4e20-4729-a749-d32bbdaf8e26: 66 groups; 1.9 s; peak memory 1139 MiB.
2026-10-10T23:24:31Z INFO [656/900] 9cf94459-ca9d-49d8-816c-20bd7db20b42: 194 groups; 1.8 s; peak memory 1139 MiB.
2026-10-10T23:24:33Z INFO [657/900] 9cfa96c5-6248-41a4-806e-d9e24c861187: 199 groups; 2.0 s; peak memory 1139 MiB.
2026-10-10T23:24:49Z INFO [658/900] 9cfb0f68-b0e5-4ecf-9e71-79f64f52abf2: 325 groups; 15.7 s; peak memory 1139 MiB.
2026-10-10T23:24:51Z INFO [659/900] 9cfb6666-fd22-4da2-ae52-0edb2a2f0421: 32 groups; 1.6 s; peak memory 1139 MiB.
2026-10-10T23:24:53Z INFO [660/900] 9cfb84a2-29e2-489f-ad2b-478f79084d01: 48 groups; 2.8 s; peak memory 1139 MiB.
2026-10-10T23:24:55Z INFO [661/900] 9cfcfa13-0414-4327-8ba4-6ba2924f4f0e: 22 groups; 1.1 s; peak memory 1139 MiB.
2026-10-10T23:24:56Z INFO [662/900] 9cfd35c6-6998-4919-af41-3f50f9351458: 22 groups; 1.2 s; peak memory 1139 MiB.
2026-10-10T23:24:57Z INFO [663/900] 9cfda2df-90ca-4669-b0f3-2d8757bfbc1e: 32 groups; 1.4 s; peak memory 1139 MiB.
2026-10-10T23:25:00Z INFO [664/900] 9cfebca9-914b-49cd-872b-59481fb09172: 48 groups; 2.7 s; peak memory 1139 MiB.
2026-10-10T23:25:06Z INFO [665/900] 9d0059df-4e98-4215-9d0c-fcd49a370e48: 22 groups; 6.4 s; peak memory 1139 MiB.
2026-10-10T23:25:07Z INFO [666/900] 9d02ddeb-d820-490f-88d9-1e13c7b0bca7: 22 groups; 1.1 s; peak memory 1139 MiB.
2026-10-10T23:25:09Z INFO [667/900] 9d03080e-348c-41cd-b0a7-ea0bcd55388a: 32 groups; 1.5 s; peak memory 1139 MiB.
2026-10-10T23:25:11Z INFO [668/900] 9d031c58-c3f3-4758-863d-bebaf7b705b7: 104 groups; 1.9 s; peak memory 1139 MiB.
2026-10-10T23:25:18Z INFO [669/900] 9d03bf75-b5a9-4944-aea5-0d1b802dbe81: 88 groups; 6.7 s; peak memory 1139 MiB.
2026-10-10T23:25:28Z INFO [670/900] 9d03f130-4e79-403b-9046-027b3ed97d36: 310 groups; 10.9 s; peak memory 1139 MiB.
2026-10-10T23:25:29Z INFO [671/900] 9d04353c-912c-43aa-aac4-98b10a6d860f: 16 groups; 0.9 s; peak memory 1139 MiB.
2026-10-10T23:25:31Z INFO [672/900] 9d046ac2-3058-4cdd-9f6e-e33925136f5a: 337 groups; 1.7 s; peak memory 1139 MiB.
2026-10-10T23:25:32Z INFO [673/900] 9d049e54-9617-4f6e-be50-0c6a3b04fe2b: 22 groups; 1.2 s; peak memory 1139 MiB.
2026-10-10T23:25:34Z INFO [674/900] 9d052ddd-a6d1-4fb9-890d-c5729ea2225a: 32 groups; 1.6 s; peak memory 1139 MiB.
2026-10-10T23:25:36Z INFO [675/900] 9d052e8c-86bd-4b6b-92f1-ec3274dd29fa: 108 groups; 1.7 s; peak memory 1139 MiB.
2026-10-10T23:25:37Z INFO [676/900] 9d05511d-d09a-4c89-b090-e1346c0f0cb0: 254 groups; 1.6 s; peak memory 1139 MiB.
2026-10-10T23:25:43Z INFO [677/900] 9d05c285-8d48-4581-9a34-03044dbcb539: 1035 groups; 5.7 s; peak memory 1139 MiB.
2026-10-10T23:25:51Z INFO [678/900] 9d05fa3c-76c3-4082-bdc5-13bc283e32bb: 181 groups; 8.3 s; peak memory 1139 MiB.
2026-10-10T23:25:57Z INFO [679/900] 9d067621-84c2-44d7-82dc-68142e16e9aa: 181 groups; 6.2 s; peak memory 1139 MiB.
2026-10-10T23:25:59Z INFO [680/900] 9d0723cb-b02f-4331-b852-682e69ba9610: 30 groups; 1.4 s; peak memory 1139 MiB.
2026-10-10T23:26:00Z INFO [681/900] 9d0735cb-88a8-4f64-bb63-a4c21bc968a8: 31 groups; 1.1 s; peak memory 1139 MiB.
2026-10-10T23:26:16Z INFO [682/900] 9d09d8ae-142d-47a0-9855-dfe83a28a4ce: 266 groups; 15.8 s; peak memory 1139 MiB.
2026-10-10T23:26:17Z INFO [683/900] 9d0b6375-e4a5-470f-a91a-1039464007a5: 18 groups; 1.2 s; peak memory 1139 MiB.
2026-10-10T23:26:19Z INFO [684/900] 9d0c3ce3-7b6e-4ae8-9c52-a9318a23790d: 33 groups; 2.3 s; peak memory 1139 MiB.
2026-10-10T23:26:21Z INFO [685/900] 9d0ddeaa-ef95-4367-ac2b-ee1fbf0c5ae2: 28 groups; 1.5 s; peak memory 1139 MiB.
2026-10-10T23:26:22Z INFO [686/900] 9d0df501-b68d-4742-998e-c1db97a2e345: 193 groups; 1.6 s; peak memory 1139 MiB.
2026-10-10T23:26:24Z INFO [687/900] 9d0e0454-f64b-4a0c-87c6-fdc30f60c393: 195 groups; 1.6 s; peak memory 1139 MiB.
2026-10-10T23:26:26Z INFO [688/900] 9d0e929d-b0a5-4d26-be0a-9e935fdea7a0: 35 groups; 1.8 s; peak memory 1139 MiB.
2026-10-10T23:26:29Z INFO [689/900] 9d0f063f-3c83-4043-ad9c-04de1b686436: 50 groups; 3.3 s; peak memory 1139 MiB.
2026-10-10T23:26:30Z INFO [690/900] 9d0f275e-a0c9-4fee-a3b8-5fe57b63d7b2: 25 groups; 1.4 s; peak memory 1139 MiB.
2026-10-10T23:26:31Z INFO [691/900] 9d0fe468-8386-487d-80ce-390fe074a844: 28 groups; 1.1 s; peak memory 1139 MiB.
2026-10-10T23:26:33Z INFO [692/900] 9d1132a6-e246-435e-bb74-08029e3298dd: 32 groups; 1.4 s; peak memory 1139 MiB.
2026-10-10T23:26:37Z INFO [693/900] 9d11b4eb-05a9-4226-9f6c-365ea1b30ade: 62 groups; 4.6 s; peak memory 1139 MiB.
2026-10-10T23:26:39Z INFO [694/900] 9d128fcc-c3da-455f-8852-80c2704b93bd: 25 groups; 1.5 s; peak memory 1139 MiB.
2026-10-10T23:26:52Z INFO [695/900] 9d12906f-b5a4-42b7-9810-aa52abb8ca59: 2245 groups; 12.6 s; peak memory 1139 MiB.
2026-10-10T23:26:53Z INFO [696/900] 9d132402-cef4-4dc3-bb4e-8b0bdcbe32ba: 35 groups; 1.7 s; peak memory 1139 MiB.
2026-10-10T23:26:54Z INFO [697/900] 9d138f1e-c0ee-40d8-8bff-77da5420464f: 29 groups; 1.0 s; peak memory 1139 MiB.
2026-10-10T23:26:57Z INFO [698/900] 9d139cfe-a3d5-4984-8cd9-6d8ae3663195: 64 groups; 3.1 s; peak memory 1139 MiB.
2026-10-10T23:26:59Z INFO [699/900] 9d14b983-7c5b-4f08-9801-53e1a1c38686: 16 groups; 1.2 s; peak memory 1139 MiB.
2026-10-10T23:27:00Z INFO [700/900] 9d14eb90-6e6c-418f-a749-087889b85f99: 35 groups; 1.8 s; peak memory 1139 MiB.
2026-10-10T23:27:01Z INFO [700/900] 9d14eb90-6e6c-418f-a749-087889b85f99: checkpointed 122636 new records.
2026-10-10T23:27:02Z INFO [701/900] 9d159ec1-8d94-49f4-9219-0ce71e7bd631: 22 groups; 1.2 s; peak memory 1139 MiB.
2026-10-10T23:27:07Z INFO [702/900] 9d167310-cd5d-4c70-91cb-0d8da7c20b50: 78 groups; 5.3 s; peak memory 1139 MiB.
2026-10-10T23:27:09Z INFO [703/900] 9d17f38e-f037-4765-9b20-e0963b721bd0: 25 groups; 1.3 s; peak memory 1139 MiB.
2026-10-10T23:27:10Z INFO [704/900] 9d18084b-00a6-48cb-b76b-b5be1e58c7c7: 35 groups; 1.8 s; peak memory 1139 MiB.
2026-10-10T23:27:13Z INFO [705/900] 9d18a123-0eef-4c87-8cde-11a7f93c15f3: 48 groups; 2.9 s; peak memory 1139 MiB.
2026-10-10T23:27:15Z INFO [706/900] 9d18a896-7129-494f-94d3-51cb98f13288: 33 groups; 1.5 s; peak memory 1139 MiB.
2026-10-10T23:27:18Z INFO [707/900] 9d18bd62-8f04-49c8-94ce-cd74a0bb9561: 34 groups; 2.9 s; peak memory 1139 MiB.
2026-10-10T23:27:19Z INFO [708/900] 9d19ad17-7eab-4865-a38f-9bf5ded68394: 26 groups; 1.0 s; peak memory 1139 MiB.
2026-10-10T23:27:20Z INFO [709/900] 9d1a96a1-de96-41c6-b827-3defb20cea52: 32 groups; 1.7 s; peak memory 1139 MiB.
2026-10-10T23:27:37Z INFO [710/900] 9d1b6b6b-0ed8-4bc9-9cec-cc7c19658ae5: 318 groups; 17.2 s; peak memory 1139 MiB.
2026-10-10T23:27:39Z INFO [711/900] 9d1c721f-b8df-4e9c-85a5-d3f2b4676efa: 32 groups; 1.4 s; peak memory 1139 MiB.
2026-10-10T23:27:41Z INFO [712/900] 9d1c736e-ced2-4419-8589-fdcc7d791d7b: 33 groups; 2.2 s; peak memory 1139 MiB.
2026-10-10T23:27:43Z INFO [713/900] 9d1d642b-9b5c-40df-9ea2-e18991e0712a: 35 groups; 1.6 s; peak memory 1139 MiB.
2026-10-10T23:27:44Z INFO [714/900] 9d1eed53-376a-44db-942f-5aafee148995: 32 groups; 1.3 s; peak memory 1139 MiB.
2026-10-10T23:27:46Z INFO [715/900] 9d1f6936-afeb-4e54-9e1d-07fb991d718e: 200 groups; 2.1 s; peak memory 1139 MiB.
2026-10-10T23:27:56Z INFO [716/900] 9d2140f2-dabb-4ac7-a881-2ce6796d233f: 581 groups; 10.0 s; peak memory 1139 MiB.
2026-10-10T23:27:58Z INFO [717/900] 9d21e6ed-b09e-419d-ab09-692fe7a14c32: 255 groups; 1.6 s; peak memory 1139 MiB.
2026-10-10T23:27:59Z INFO [718/900] 9d22a388-d2b6-41fb-b74e-5ee41760a770: 35 groups; 1.6 s; peak memory 1139 MiB.
2026-10-10T23:28:00Z INFO [719/900] 9d23ed0e-3b5f-42fe-8f20-b1d24badbaef: 22 groups; 1.2 s; peak memory 1139 MiB.
2026-10-10T23:28:06Z INFO [720/900] 9d245262-53f1-4627-a949-b830b6234cc9: 66 groups; 5.9 s; peak memory 1139 MiB.
2026-10-10T23:28:12Z INFO [721/900] 9d262c21-add6-4bf7-9b7e-bcc8a7ef31c9: 78 groups; 5.8 s; peak memory 1139 MiB.
2026-10-10T23:28:13Z INFO [722/900] 9d264527-035a-4a16-bca3-1e81a315da9b: 22 groups; 1.2 s; peak memory 1139 MiB.
2026-10-10T23:28:15Z INFO [723/900] 9d26782c-718f-4547-8b66-26c7239ccbef: 206 groups; 1.8 s; peak memory 1139 MiB.
2026-10-10T23:28:17Z INFO [724/900] 9d26d639-89eb-4f56-acf5-63b713e393b9: 35 groups; 1.6 s; peak memory 1139 MiB.
2026-10-10T23:28:18Z INFO [725/900] 9d27265d-d8ac-4449-9845-e0064138feb7: 16 groups; 0.9 s; peak memory 1139 MiB.
2026-10-10T23:28:20Z INFO [726/900] 9d27341f-a659-4fa1-8f54-98e4149c2c1c: 200 groups; 2.1 s; peak memory 1139 MiB.
2026-10-10T23:28:21Z INFO [727/900] 9d27455c-3c54-418f-b4ea-31d5fd2c8af8: 22 groups; 1.3 s; peak memory 1139 MiB.
2026-10-10T23:28:22Z INFO [728/900] 9d2750f0-5898-48c0-b21c-bccb3efa3fe7: 16 groups; 1.1 s; peak memory 1139 MiB.
2026-10-10T23:28:23Z INFO [729/900] 9d277a06-58ff-4aaa-bc15-2d1e3eaaf089: 22 groups; 1.2 s; peak memory 1139 MiB.
2026-10-10T23:28:25Z INFO [730/900] 9d27a6e7-ef25-4b53-b0cf-901b83dea12b: 22 groups; 1.2 s; peak memory 1139 MiB.
2026-10-10T23:28:30Z INFO [731/900] 9d28148f-689f-42dd-adc2-d97e323099a3: 78 groups; 5.5 s; peak memory 1139 MiB.
2026-10-10T23:28:32Z INFO [732/900] 9d29157b-88c2-466b-8020-a2928e76710e: 32 groups; 1.8 s; peak memory 1139 MiB.
2026-10-10T23:28:39Z INFO [733/900] 9d2937bd-92a5-4687-8ecf-fa41c44acac4: 88 groups; 6.8 s; peak memory 1139 MiB.
2026-10-10T23:28:40Z INFO [734/900] 9d29815f-e57b-47d2-96e2-c6489bf741a6: 22 groups; 1.2 s; peak memory 1139 MiB.
2026-10-10T23:28:42Z INFO [735/900] 9d29b526-aca3-4ff2-844f-ff543b8c5840: 35 groups; 1.8 s; peak memory 1139 MiB.
2026-10-10T23:28:43Z INFO [736/900] 9d2ab519-994f-4904-8bbc-830d18b397bd: 22 groups; 1.2 s; peak memory 1139 MiB.
2026-10-10T23:28:45Z INFO [737/900] 9d2b44a7-8514-46aa-8fd2-430765020c52: 35 groups; 1.5 s; peak memory 1139 MiB.
2026-10-10T23:29:03Z INFO [738/900] 9d2c43da-7b9d-4201-ab98-30d80615944f: 23 groups; 18.4 s; peak memory 1139 MiB.
2026-10-10T23:29:04Z INFO [739/900] 9d2ce2df-6e61-4073-87f4-a278131ebca5: 18 groups; 1.0 s; peak memory 1139 MiB.
2026-10-10T23:29:13Z INFO [740/900] 9d2d3c39-a9e6-4f58-a6d2-116081d04df9: 155 groups; 9.3 s; peak memory 1139 MiB.
2026-10-10T23:29:14Z INFO [741/900] 9d2dd116-80b8-4d67-9a6b-0808f9dfbb76: 22 groups; 1.2 s; peak memory 1139 MiB.
2026-10-10T23:29:25Z INFO [742/900] 9d2e44ec-c79d-4f74-a3b1-184d007d6a5b: 33 groups; 11.0 s; peak memory 1139 MiB.
2026-10-10T23:29:27Z INFO [743/900] 9d2ee12e-91a2-4497-88ff-f68e3721c491: 22 groups; 1.2 s; peak memory 1139 MiB.
2026-10-10T23:29:28Z INFO [744/900] 9d2f37ce-37ea-400a-8d2f-7dadb90c6659: 22 groups; 1.2 s; peak memory 1139 MiB.
2026-10-10T23:29:30Z INFO [745/900] 9d2fb8c7-e25a-4539-8d7a-296dff5b24ca: 35 groups; 1.8 s; peak memory 1139 MiB.
2026-10-10T23:29:32Z INFO [746/900] 9d327d39-3311-4c10-82bc-feadaa05bb16: 35 groups; 1.9 s; peak memory 1139 MiB.
2026-10-10T23:29:33Z INFO [747/900] 9d329a9a-f9b1-44e3-a3ea-565747ceb77b: 206 groups; 1.9 s; peak memory 1139 MiB.
2026-10-10T23:29:35Z INFO [748/900] 9d32ebaf-fdbc-4738-9b37-bbd4ffdcaf29: 22 groups; 1.2 s; peak memory 1139 MiB.
2026-10-10T23:29:36Z INFO [749/900] 9d33cd02-9924-4fd6-b12e-9f2b68058f59: 22 groups; 1.1 s; peak memory 1139 MiB.
2026-10-10T23:29:37Z INFO [750/900] 9d33fda8-bddd-474e-8062-6ec542716593: 35 groups; 1.7 s; peak memory 1139 MiB.
2026-10-10T23:29:38Z INFO [750/900] 9d33fda8-bddd-474e-8062-6ec542716593: checkpointed 122686 new records.
2026-10-10T23:29:40Z INFO [751/900] 9d340d74-b483-42b0-a97e-5a3a6ff61234: 43 groups; 2.1 s; peak memory 1139 MiB.
2026-10-10T23:29:41Z INFO [752/900] 9d343490-419a-4269-8068-6438850fd230: 202 groups; 1.7 s; peak memory 1139 MiB.
2026-10-10T23:29:42Z INFO [753/900] 9d345f6d-1ec0-4c7c-9e70-eae18c09619b: 16 groups; 1.1 s; peak memory 1139 MiB.
2026-10-10T23:29:44Z INFO [754/900] 9d351d44-c8a0-463b-b6fd-9a4e2541df02: 22 groups; 1.2 s; peak memory 1139 MiB.
2026-10-10T23:29:45Z INFO [755/900] 9d35c0dc-5824-4990-912a-86227ccddd48: 32 groups; 1.5 s; peak memory 1139 MiB.
2026-10-10T23:29:46Z INFO [756/900] 9d35e0c2-b42e-408f-85e1-97953906807f: 22 groups; 1.2 s; peak memory 1139 MiB.
2026-10-10T23:29:47Z INFO [757/900] 9d3620fc-a0bb-4d15-9f7a-54608489b7f0: 22 groups; 1.1 s; peak memory 1139 MiB.
2026-10-10T23:29:50Z INFO [758/900] 9d36bae4-1daf-4118-88a4-8fac37305312: 48 groups; 2.9 s; peak memory 1139 MiB.
2026-10-10T23:29:51Z INFO [759/900] 9d38007d-47ea-403d-a727-14eae2c6a79e: 22 groups; 1.2 s; peak memory 1139 MiB.
2026-10-10T23:29:53Z INFO [760/900] 9d380655-c7dd-41ba-9f4a-36e15a313790: 203 groups; 1.7 s; peak memory 1139 MiB.
2026-10-10T23:30:15Z INFO [761/900] 9d3815e0-8df3-4e95-aa8d-eb70ea17b8b2: 180 groups; 21.3 s; peak memory 1139 MiB.
2026-10-10T23:30:15Z INFO [762/900] 9d396534-3fad-4846-ae6d-35cf107cad00: 18 groups; 0.9 s; peak memory 1139 MiB.
2026-10-10T23:30:17Z INFO [763/900] 9d39d908-0c9e-4812-b87d-b092f92e0c73: 35 groups; 1.9 s; peak memory 1139 MiB.
2026-10-10T23:30:19Z INFO [764/900] 9d3a080f-5745-4f7f-9088-ac31835fce8d: 22 groups; 1.2 s; peak memory 1139 MiB.
2026-10-10T23:30:21Z INFO [765/900] 9d3a29bb-f83d-40da-8696-3a6c56997205: 108 groups; 2.0 s; peak memory 1139 MiB.
2026-10-10T23:30:22Z INFO [766/900] 9d3a4041-6b47-4723-9277-2866baccc598: 32 groups; 1.6 s; peak memory 1139 MiB.
2026-10-10T23:30:24Z INFO [767/900] 9d3a95ee-64db-4e3e-9f6c-fe2f37f4086c: 35 groups; 1.9 s; peak memory 1139 MiB.
2026-10-10T23:30:25Z INFO [768/900] 9d3aae34-6886-4e44-b6b9-43cff79b1384: 32 groups; 1.4 s; peak memory 1139 MiB.
2026-10-10T23:30:27Z INFO [769/900] 9d3af6d5-23bf-4ca2-8af1-6e9be7fbdc9d: 103 groups; 1.5 s; peak memory 1139 MiB.
2026-10-10T23:30:29Z INFO [770/900] 9d3c91ac-f914-41de-8818-bf5b3d11674a: 17 groups; 2.5 s; peak memory 1139 MiB.
2026-10-10T23:30:33Z INFO [771/900] 9d3dd523-d36f-4603-937d-6822cd8a64e8: 50 groups; 3.2 s; peak memory 1139 MiB.
2026-10-10T23:30:34Z INFO [772/900] 9d3dd8f6-edbc-4882-9000-401403d14d23: 20 groups; 1.2 s; peak memory 1139 MiB.
2026-10-10T23:30:35Z INFO [773/900] 9d3df089-3c9e-4a7a-b824-c096038054ee: 32 groups; 1.4 s; peak memory 1139 MiB.
2026-10-10T23:30:36Z INFO [774/900] 9d3efc70-c119-4832-b545-2cbbd4016e87: 22 groups; 1.2 s; peak memory 1139 MiB.
2026-10-10T23:30:38Z INFO [775/900] 9d3f9a66-246e-44e3-88d4-948adcd28937: 37 groups; 1.8 s; peak memory 1139 MiB.
2026-10-10T23:30:42Z INFO [776/900] 9d416155-695a-42ba-801f-d6ae9729cd10: 30 groups; 3.9 s; peak memory 1139 MiB.
2026-10-10T23:30:43Z INFO [777/900] 9d41a862-ae1e-4e5f-842f-00f2bbd373b6: 30 groups; 1.2 s; peak memory 1139 MiB.
2026-10-10T23:30:46Z INFO [778/900] 9d41d8bc-bef9-4665-8af8-08aff99c0f73: 48 groups; 3.1 s; peak memory 1139 MiB.
2026-10-10T23:30:49Z INFO [779/900] 9d4218f0-8334-4dbb-8e1f-140a7f15a42b: 48 groups; 2.8 s; peak memory 1139 MiB.
2026-10-10T23:30:50Z INFO [780/900] 9d424ad7-884f-4711-be3e-7d1acb3390a0: 22 groups; 1.2 s; peak memory 1139 MiB.
2026-10-10T23:30:51Z INFO [781/900] 9d431a0e-28f5-42c8-96a1-6e9690f58c2e: 22 groups; 1.2 s; peak memory 1139 MiB.
2026-10-10T23:30:53Z INFO [782/900] 9d439cde-974e-43a7-acce-046712531f79: 202 groups; 1.6 s; peak memory 1139 MiB.
2026-10-10T23:30:54Z INFO [783/900] 9d43f9e8-4d86-4806-ba03-47294229adf8: 32 groups; 1.4 s; peak memory 1139 MiB.
2026-10-10T23:30:56Z INFO [784/900] 9d43fcee-8db5-4602-8620-d551cddf7990: 22 groups; 1.2 s; peak memory 1139 MiB.
2026-10-10T23:31:04Z INFO [785/900] 9d44b899-045c-4868-a191-f4bbd05f8266: 48 groups; 8.2 s; peak memory 1139 MiB.
2026-10-10T23:31:07Z INFO [786/900] 9d45148d-98b3-4af0-b61f-2ef14d3d73a0: 50 groups; 3.5 s; peak memory 1139 MiB.
2026-10-10T23:31:09Z INFO [787/900] 9d452aa4-954c-4085-9883-83fbb6d8a267: 35 groups; 1.7 s; peak memory 1139 MiB.
2026-10-11T00:13:32Z INFO [788/900] 9d453adb-9092-4096-ada8-46c2918697fe: 620 groups; 2542.7 s; peak memory 1258 MiB.
2026-10-11T00:13:34Z INFO [789/900] 9d468d47-cd66-4a88-b914-50182340f3ad: 42 groups; 2.1 s; peak memory 1258 MiB.
2026-10-11T00:13:35Z INFO [790/900] 9d46acac-34e0-4604-b488-a250e2c5117d: 22 groups; 1.3 s; peak memory 1258 MiB.
2026-10-11T00:13:37Z INFO [791/900] 9d47a681-6d39-4f23-b47a-e22039b26c27: 48 groups; 2.4 s; peak memory 1258 MiB.
2026-10-11T00:13:39Z INFO [792/900] 9d486880-847b-48d1-9f51-e0baaa4ffa79: 257 groups; 1.6 s; peak memory 1258 MiB.
2026-10-11T00:13:40Z INFO [793/900] 9d4868b5-a099-4001-ab7d-148da32624f6: 16 groups; 1.0 s; peak memory 1258 MiB.
2026-10-11T00:13:42Z INFO [794/900] 9d4a38f3-9f71-4311-9c78-8d1e044d1c82: 41 groups; 1.8 s; peak memory 1258 MiB.
2026-10-11T00:13:45Z INFO [795/900] 9d4afe8c-2e40-411c-a1ce-1d38f45a8dd3: 34 groups; 3.4 s; peak memory 1258 MiB.
2026-10-11T00:13:46Z INFO [796/900] 9d4b06dc-d468-4440-8337-0332016ca72e: 16 groups; 0.9 s; peak memory 1258 MiB.
2026-10-11T00:13:48Z INFO [797/900] 9d4bd121-e908-4ab1-a274-c85d07fb301b: 27 groups; 1.5 s; peak memory 1258 MiB.
2026-10-11T00:13:49Z INFO [798/900] 9d4bee39-3537-4766-8279-3b4c829c620b: 202 groups; 1.7 s; peak memory 1258 MiB.
2026-10-11T00:13:51Z INFO [799/900] 9d4c0524-6da1-4144-b1eb-605d3ea2534c: 22 groups; 1.2 s; peak memory 1258 MiB.
2026-10-11T00:13:52Z INFO [800/900] 9d4ca24d-4887-4e5d-baba-d0bde4988b23: 22 groups; 1.2 s; peak memory 1258 MiB.
2026-10-11T00:13:52Z INFO [800/900] 9d4ca24d-4887-4e5d-baba-d0bde4988b23: checkpointed 122736 new records.
2026-10-11T00:13:53Z INFO [801/900] 9d4cf3d0-28e9-4bec-92f9-18766677ec39: 30 groups; 1.2 s; peak memory 1258 MiB.
2026-10-11T00:13:55Z INFO [802/900] 9d4cfd6c-a774-48e8-9961-2a16a93f2e0a: 194 groups; 1.6 s; peak memory 1258 MiB.
2026-10-11T00:13:56Z INFO [803/900] 9d4d4b6c-f39d-4f0c-965a-500c69fa4965: 16 groups; 0.8 s; peak memory 1258 MiB.
2026-10-11T00:13:58Z INFO [804/900] 9d4d9913-df57-4e65-81f9-0e1f36977930: 48 groups; 2.6 s; peak memory 1258 MiB.
2026-10-11T00:14:00Z INFO [805/900] 9d4e1074-2b15-426a-b3aa-6aace44e5c68: 32 groups; 1.4 s; peak memory 1258 MiB.
2026-10-11T00:14:01Z INFO [806/900] 9d4e4b64-5347-4e00-9af9-48e821f8a5b4: 103 groups; 1.6 s; peak memory 1258 MiB.
2026-10-11T00:14:04Z INFO [807/900] 9d4e7f61-ed7a-483e-ad6b-7755f3d1fdf3: 48 groups; 2.7 s; peak memory 1258 MiB.
2026-10-11T00:14:05Z INFO [808/900] 9d4e8425-4032-413a-b5c9-523e2fc82e6c: 29 groups; 1.4 s; peak memory 1258 MiB.
2026-10-11T00:14:22Z INFO [809/900] 9d4f8a19-d629-4d22-90b3-b3e9b929f6d0: 216 groups; 16.9 s; peak memory 1258 MiB.
2026-10-11T00:14:29Z INFO [810/900] 9d51f8a4-0730-4fad-880c-548a1183358d: 120 groups; 6.5 s; peak memory 1258 MiB.
2026-10-11T00:14:32Z INFO [811/900] 9d520f52-7178-46c7-a61e-e7cd1c1e2901: 48 groups; 2.9 s; peak memory 1258 MiB.
2026-10-11T00:14:40Z INFO [812/900] 9d542463-ee59-4043-80d8-5ece2f97ebd2: 34 groups; 7.9 s; peak memory 1258 MiB.
2026-10-11T00:14:41Z INFO [813/900] 9d55fed7-ca0f-40b5-8530-31a9804b08fd: 32 groups; 1.4 s; peak memory 1258 MiB.
2026-10-11T00:14:43Z INFO [814/900] 9d57205e-8923-45c8-83c4-cc67e1f71375: 35 groups; 2.0 s; peak memory 1258 MiB.
2026-10-11T00:14:44Z INFO [815/900] 9d57a1c3-1bbb-4fef-97ba-4564bba78ce6: 22 groups; 1.3 s; peak memory 1258 MiB.
2026-10-11T00:14:46Z INFO [816/900] 9d57e76d-9150-4cb4-926f-5ccd5887506f: 32 groups; 1.6 s; peak memory 1258 MiB.
2026-10-11T00:14:47Z INFO [817/900] 9d58673c-06f9-48d4-ad26-2e985cc5b571: 31 groups; 1.1 s; peak memory 1258 MiB.
2026-10-11T00:14:48Z INFO [818/900] 9d58962f-acc7-426e-96e7-290d8d0a124d: 22 groups; 1.1 s; peak memory 1258 MiB.
2026-10-11T00:14:49Z INFO [819/900] 9d58d621-5180-47c6-b6e0-1be31d4b14a8: 16 groups; 0.9 s; peak memory 1258 MiB.
2026-10-11T00:15:03Z INFO [820/900] 9d58ed01-a934-4c81-9155-19fa724b681e: 447 groups; 13.7 s; peak memory 1258 MiB.
2026-10-11T00:15:05Z INFO [821/900] 9d598705-185c-4f19-a090-54dd3e446a29: 37 groups; 1.8 s; peak memory 1258 MiB.
2026-10-11T00:15:06Z INFO [822/900] 9d59ef75-0fdd-4d4c-8aef-892bb2e5dcef: 25 groups; 1.4 s; peak memory 1258 MiB.
2026-10-11T00:15:14Z INFO [823/900] 9d5a1740-506a-4844-a259-b0f7a7d32268: 34 groups; 8.2 s; peak memory 1258 MiB.
2026-10-11T00:15:16Z INFO [824/900] 9d5ad725-1870-44d9-8969-8bea35b7049a: 22 groups; 1.2 s; peak memory 1258 MiB.
2026-10-11T00:15:18Z INFO [825/900] 9d5b0403-2d4f-48e2-9a8b-5bd36f3d3231: 37 groups; 2.2 s; peak memory 1258 MiB.
2026-10-11T00:15:23Z INFO [826/900] 9d5b2d69-9da0-4247-b8e2-b1cad2692ba2: 68 groups; 5.5 s; peak memory 1258 MiB.
2026-10-11T00:15:25Z INFO [827/900] 9d5b5871-1bcf-4a8f-8ac7-48709471ffb5: 32 groups; 1.4 s; peak memory 1258 MiB.
2026-10-11T00:15:28Z INFO [828/900] 9d5b5ffc-c5b7-444e-a6be-fd79a00c1bbd: 48 groups; 3.0 s; peak memory 1258 MiB.
2026-10-11T00:15:29Z INFO [829/900] 9d5bec73-cda1-4a35-9144-e0b94cffd58a: 32 groups; 1.4 s; peak memory 1258 MiB.
2026-10-11T00:15:30Z INFO [830/900] 9d5c77b8-5ddc-4acf-9c42-a6f1b3907c9f: 16 groups; 0.9 s; peak memory 1258 MiB.
2026-10-11T00:15:32Z INFO [831/900] 9d5c913b-3279-48ea-bd18-02ff40537801: 32 groups; 1.5 s; peak memory 1258 MiB.
2026-10-11T00:15:37Z INFO [832/900] 9d5dabf9-26db-4684-b0f6-5a0e6380c425: 78 groups; 5.5 s; peak memory 1258 MiB.
2026-10-11T00:15:39Z INFO [833/900] 9d5db363-dd36-4e67-878e-dc4d93ac37cc: 35 groups; 1.7 s; peak memory 1258 MiB.
2026-10-11T00:15:41Z INFO [834/900] 9d5ecefe-1287-449c-a4fc-ea3d4e817091: 34 groups; 2.0 s; peak memory 1258 MiB.
2026-10-11T00:15:43Z INFO [835/900] 9d5edbc6-15fb-42c4-aa42-d3eb9a537d75: 17 groups; 2.5 s; peak memory 1258 MiB.
2026-10-11T00:15:46Z INFO [836/900] 9d5f05d5-6ce5-4d78-a301-819d3d1ae2a3: 47 groups; 2.7 s; peak memory 1258 MiB.
2026-10-11T00:15:47Z INFO [837/900] 9d5f5924-0926-46ac-8a2d-a62402da9b54: 36 groups; 1.6 s; peak memory 1258 MiB.
2026-10-11T00:15:49Z INFO [838/900] 9d5fb2ab-5b1a-46ea-86d4-68df543a44a0: 22 groups; 1.1 s; peak memory 1258 MiB.
2026-10-11T00:15:50Z INFO [839/900] 9d5fcbd2-b172-476b-bd10-f68e5eb0afed: 32 groups; 1.4 s; peak memory 1258 MiB.
2026-10-11T00:15:52Z INFO [840/900] 9d5fda1a-f293-4a70-b906-c8d68dce28fb: 35 groups; 1.8 s; peak memory 1258 MiB.
2026-10-11T00:15:53Z INFO [841/900] 9d60273b-2be0-4eaf-8a89-bdb2ba60180f: 25 groups; 1.3 s; peak memory 1258 MiB.
2026-10-11T00:15:54Z INFO [842/900] 9d6052cf-8dc1-4d44-82e7-bf43e9cb8d54: 22 groups; 1.1 s; peak memory 1258 MiB.
2026-10-11T00:15:55Z INFO [843/900] 9d6067c4-7978-455c-b6b2-a3d47de44923: 28 groups; 1.1 s; peak memory 1258 MiB.
2026-10-11T00:15:56Z INFO [844/900] 9d612c25-c7ae-4f27-9154-482f78d7e0f3: 22 groups; 1.1 s; peak memory 1258 MiB.
2026-10-11T00:15:58Z INFO [845/900] 9d6162ed-c2b3-451f-8359-1b6ccb23f315: 32 groups; 1.4 s; peak memory 1258 MiB.
2026-10-11T00:15:59Z INFO [846/900] 9d617d1b-e8ec-40ce-aa1b-1f2cded93f14: 32 groups; 1.5 s; peak memory 1258 MiB.
2026-10-11T00:16:02Z INFO [847/900] 9d61c0bc-1894-48fc-8ae3-88c571f658fa: 54 groups; 2.3 s; peak memory 1258 MiB.
2026-10-11T00:16:11Z INFO [848/900] 9d6206aa-0c23-4961-8d7c-ed37d89d938a: 174 groups; 9.6 s; peak memory 1258 MiB.
2026-10-11T00:16:23Z INFO [849/900] 9d6209a4-e4de-48ec-af59-06de6523b2d4: 36 groups; 11.5 s; peak memory 1258 MiB.
2026-10-11T00:16:25Z INFO [850/900] 9d62257d-88da-4791-b12e-969cfc57f64f: 48 groups; 2.5 s; peak memory 1258 MiB.
2026-10-11T00:16:25Z INFO [850/900] 9d62257d-88da-4791-b12e-969cfc57f64f: checkpointed 122786 new records.
2026-10-11T00:16:27Z INFO [851/900] 9d62f57d-901b-4908-b8c5-bd0928b400e2: 22 groups; 1.2 s; peak memory 1258 MiB.
2026-10-11T00:16:28Z INFO [852/900] 9d63b131-b8e8-4730-ac5d-86301d724258: 25 groups; 1.3 s; peak memory 1258 MiB.
2026-10-11T00:16:29Z INFO [853/900] 9d642318-9e95-4d32-bb10-dd1efa903663: 22 groups; 1.2 s; peak memory 1258 MiB.
2026-10-11T00:16:30Z INFO [854/900] 9d645080-d7c1-4d13-bcb7-0088c49c8136: 33 groups; 1.3 s; peak memory 1258 MiB.
2026-10-11T00:16:31Z INFO [855/900] 9d6567bd-f18c-4f5f-b196-7c36ba7f6c2b: 31 groups; 0.9 s; peak memory 1258 MiB.
2026-10-11T00:16:33Z INFO [856/900] 9d65a19f-b38c-4545-b958-833868407910: 22 groups; 1.3 s; peak memory 1258 MiB.
2026-10-11T00:16:34Z INFO [857/900] 9d66078f-1300-4024-8ed5-663ae59cd821: 28 groups; 1.4 s; peak memory 1258 MiB.
2026-10-11T00:29:13Z INFO [858/900] 9d666a14-ac93-47dc-935e-dfc9870e1c47: 89 groups; 758.7 s; peak memory 1258 MiB.
2026-10-11T00:29:44Z INFO [859/900] 9d66ed40-af31-43aa-b4ba-246d2206dcad: 23 groups; 31.2 s; peak memory 1258 MiB.
2026-10-11T00:29:47Z INFO [860/900] 9d673ba4-42f1-4a4e-a3d4-12927a0790e3: 61 groups; 3.4 s; peak memory 1258 MiB.
2026-10-11T00:29:49Z INFO [861/900] 9d67e40b-2506-4c6f-869d-c870cff88e5a: 103 groups; 1.8 s; peak memory 1258 MiB.
2026-10-11T00:29:50Z INFO [862/900] 9d682b8d-cdcf-4eae-84ad-3aec3c9c8863: 32 groups; 1.4 s; peak memory 1258 MiB.
2026-10-11T00:29:51Z INFO [863/900] 9d692db5-d67e-4de9-82a4-ccc4cb4945cd: 30 groups; 0.9 s; peak memory 1258 MiB.
2026-10-11T00:29:53Z INFO [864/900] 9d695db7-27ef-4920-aa25-62647b85a6cd: 22 groups; 1.2 s; peak memory 1258 MiB.
2026-10-11T00:29:54Z INFO [865/900] 9d6a9084-98e1-4f4c-b992-7e63f3ad46a2: 30 groups; 1.0 s; peak memory 1258 MiB.
2026-10-11T00:29:54Z INFO [866/900] 9d6b0106-c15b-4e96-a446-8056e375c7b3: 17 groups; 1.0 s; peak memory 1258 MiB.
2026-10-11T00:30:05Z INFO [867/900] 9d6b92f5-5591-48e8-bc8c-17f910706853: 22 groups; 10.2 s; peak memory 1258 MiB.
2026-10-11T00:30:11Z INFO [868/900] 9d6bb2d8-4fa5-43e5-ab43-bb9382f32c1f: 71 groups; 6.1 s; peak memory 1258 MiB.
2026-10-11T00:30:12Z INFO [869/900] 9d6c9b9b-36cf-4290-91a3-1acc8ac5e3e6: 25 groups; 1.4 s; peak memory 1258 MiB.
2026-10-11T00:30:13Z INFO [870/900] 9d6d3add-6b62-454a-a72e-5b58d3438aa4: 22 groups; 1.2 s; peak memory 1258 MiB.
2026-10-11T00:30:14Z INFO [871/900] 9d6d8b9c-ab28-4c2e-a3f4-7a39be9dad5c: 16 groups; 1.0 s; peak memory 1258 MiB.
2026-10-11T00:30:16Z INFO [872/900] 9d6dccd9-5442-4a6e-814d-de35a91d7641: 35 groups; 1.7 s; peak memory 1258 MiB.
2026-10-11T00:30:17Z INFO [873/900] 9d6dd30b-cb2d-4c82-b93b-8ea8aa6105aa: 22 groups; 1.2 s; peak memory 1258 MiB.
2026-10-11T00:30:18Z INFO [874/900] 9d6e2770-03a9-4abb-ada0-630d84943052: 28 groups; 1.1 s; peak memory 1258 MiB.
2026-10-11T00:30:24Z INFO [875/900] 9d6f413c-ebdc-493c-983c-fcbd5ef35c28: 73 groups; 5.7 s; peak memory 1258 MiB.
2026-10-11T00:30:33Z INFO [876/900] 9d6f81ac-9248-4320-8ef9-3e58803e4062: 178 groups; 8.8 s; peak memory 1258 MiB.
2026-10-11T00:30:51Z INFO [877/900] 9d703c88-584e-40ce-8557-91723610bfce: 17 groups; 17.8 s; peak memory 1258 MiB.
2026-10-11T00:30:52Z INFO [878/900] 9d703e8b-7946-436a-a013-fed795dc8441: 32 groups; 1.3 s; peak memory 1258 MiB.
2026-10-11T00:30:54Z INFO [879/900] 9d705139-f116-4750-8be1-dcadcb87cd0e: 255 groups; 1.7 s; peak memory 1258 MiB.
2026-10-11T00:30:55Z INFO [880/900] 9d757d08-11b7-4d49-92cd-041d47fd26b8: 25 groups; 1.3 s; peak memory 1258 MiB.
2026-10-11T00:30:56Z INFO [881/900] 9d75d3df-a6de-4830-aa43-a7787c4d3239: 16 groups; 1.0 s; peak memory 1258 MiB.
2026-10-11T00:31:01Z INFO [882/900] 9d767972-733d-4f35-ae8d-b57b228ed5f5: 29 groups; 4.7 s; peak memory 1258 MiB.
2026-10-11T00:31:02Z INFO [883/900] 9d76c528-22e7-4fa4-949f-01d9a5e2020e: 17 groups; 1.7 s; peak memory 1258 MiB.
2026-10-11T00:31:05Z INFO [884/900] 9d76ceee-5540-469e-ab29-d1dc99ccfae6: 48 groups; 2.5 s; peak memory 1258 MiB.
2026-10-11T00:31:06Z INFO [885/900] 9d7735a0-3538-4b68-9e34-059834c68b91: 32 groups; 1.5 s; peak memory 1258 MiB.
2026-10-11T00:31:08Z INFO [886/900] 9d7743a0-7cc7-4e4f-8eb8-8e957e7d4fc8: 253 groups; 1.3 s; peak memory 1258 MiB.
2026-10-11T00:31:09Z INFO [887/900] 9d77757c-ef07-4a55-beff-b0d20221d595: 32 groups; 1.5 s; peak memory 1258 MiB.
2026-10-11T00:31:11Z INFO [888/900] 9d7852ed-6ee7-4b65-a66a-b0033b9b65be: 32 groups; 1.5 s; peak memory 1258 MiB.
2026-10-11T00:31:12Z INFO [889/900] 9d7a4ed2-b076-4ff2-a83e-835520016f90: 32 groups; 1.5 s; peak memory 1258 MiB.
2026-10-11T00:31:18Z INFO [890/900] 9d7acff8-877e-4017-9785-92a487cb9c1f: 73 groups; 6.0 s; peak memory 1258 MiB.
2026-10-11T00:31:20Z INFO [891/900] 9d7af62a-d43d-4b94-aad3-68821c178222: 32 groups; 1.6 s; peak memory 1258 MiB.
2026-10-11T00:31:21Z INFO [892/900] 9d7b5948-079c-4783-9669-50e0f5c71db7: 24 groups; 1.2 s; peak memory 1258 MiB.
2026-10-11T00:31:29Z INFO [893/900] 9d7b984e-7886-4038-b854-3904d6c73bc9: 1130 groups; 7.7 s; peak memory 1258 MiB.
2026-10-11T00:31:43Z INFO [894/900] 9d7bba55-f948-43d4-9ca0-e9d0d5195999: 259 groups; 14.5 s; peak memory 1258 MiB.
2026-10-11T00:31:58Z INFO [895/900] 9d7c2c26-8b42-4b3d-a56a-d477e662326a: 208 groups; 14.8 s; peak memory 1258 MiB.
2026-10-11T00:31:59Z INFO [896/900] 9d7c6649-9e1e-4481-9cf8-3bca5ce062e1: 22 groups; 1.1 s; peak memory 1258 MiB.
2026-10-11T00:32:01Z INFO [897/900] 9d7cc224-32cd-496d-9ddf-226127920183: 21 groups; 1.4 s; peak memory 1258 MiB.
2026-10-11T00:32:02Z INFO [898/900] 9d7d4936-8001-4d25-bd61-b4751cae4307: 22 groups; 1.0 s; peak memory 1258 MiB.
2026-10-11T00:32:03Z INFO [899/900] 9d7da699-ad24-4503-ba8e-3d385984fa5b: 22 groups; 1.2 s; peak memory 1258 MiB.
2026-10-11T00:32:04Z INFO [900/900] 9d7df8a8-ff9c-4de1-bf09-d672cf775a34: 32 groups; 1.5 s; peak memory 1258 MiB.
2026-10-11T00:32:04Z INFO [900/900] 9d7df8a8-ff9c-4de1-bf09-d672cf775a34: checkpointed 122836 new records.
2026-10-11T00:32:05Z INFO Wrote 122836 records to /tmp/derivatives/valid_nwb_file_to_number_of_groups.jsonl (900 new, 0 failed) in 135.5 min (peak memory 1258 MiB).
