2026-10-09T05:52:03Z INFO Logging to /tmp/logs/update_2026-10-09T05-52-03Z.log.
2026-10-09T05:52:03Z INFO Update valid-nwb-file-to-number-of-groups (base directory /tmp).
2026-10-09T05:52:04Z INFO Processing 900 items (108436 already recorded).
2026-10-09T05:52:05Z INFO [1/900] 7fb094c6-082c-4103-a05b-6486d3d723ec: 16 groups; 1.3 s; peak memory 121 MiB.
2026-10-09T05:52:06Z INFO [2/900] 7fb19950-0668-402e-abf0-39f2745fc6fd: 32 groups; 1.5 s; peak memory 124 MiB.
2026-10-09T05:52:08Z INFO [3/900] 7fb1b586-c08f-4419-84f6-87108248cb30: 33 groups; 1.7 s; peak memory 125 MiB.
2026-10-09T05:52:10Z INFO [4/900] 7fb2c3c0-e2d1-4da2-b051-20556767139f: 35 groups; 1.5 s; peak memory 125 MiB.
2026-10-09T05:52:11Z INFO [5/900] 7fb2ea4b-b0b8-4b09-982c-b648e723e76b: 26 groups; 1.2 s; peak memory 126 MiB.
2026-10-09T05:52:18Z INFO [6/900] 7fb2faa6-4c49-43f1-b76a-2c393df255a1: 161 groups; 7.1 s; peak memory 143 MiB.
2026-10-09T05:52:20Z INFO [7/900] 7fb3a637-463e-487c-a845-f7f3eb7767f6: 252 groups; 1.5 s; peak memory 144 MiB.
2026-10-09T05:52:21Z INFO [8/900] 7fb3e909-8723-4913-9a30-a917abf52021: 31 groups; 1.3 s; peak memory 144 MiB.
2026-10-09T05:52:22Z INFO [9/900] 7fb44aff-5944-4470-aa9f-e15b43526649: 32 groups; 1.5 s; peak memory 144 MiB.
2026-10-09T05:52:25Z INFO [10/900] 7fb45a0f-7d1e-45bf-85c1-a601744bd7d0: 23 groups; 2.6 s; peak memory 144 MiB.
2026-10-09T05:52:26Z INFO [11/900] 7fb478c1-76ee-4a99-bf66-dd93e4f7204d: 32 groups; 1.4 s; peak memory 144 MiB.
2026-10-09T05:52:27Z INFO [12/900] 7fb495ea-1188-4cd6-b8f2-65824a1e47be: 32 groups; 1.1 s; peak memory 144 MiB.
2026-10-09T05:52:28Z INFO [13/900] 7fb4ca35-f3a0-4cb6-a3bb-18fa5bd163a1: 30 groups; 1.0 s; peak memory 144 MiB.
2026-10-09T05:52:50Z INFO [14/900] 7fb5c56d-e8b8-41e6-a136-78f40cba4aa1: 484 groups; 21.7 s; peak memory 190 MiB.
2026-10-09T05:52:53Z INFO [15/900] 7fb6a89a-56ed-4fed-b4c8-e670f10f67aa: 341 groups; 2.9 s; peak memory 191 MiB.
2026-10-09T05:52:54Z INFO [16/900] 7fb6c572-30f5-4044-897d-61babbf8cc1a: 16 groups; 1.0 s; peak memory 191 MiB.
2026-10-09T05:52:55Z INFO [17/900] 7fb70f6a-2398-45fc-920f-3c150d0a8c84: 16 groups; 1.1 s; peak memory 191 MiB.
2026-10-09T05:52:56Z INFO [18/900] 7fb73581-13ae-40c4-bef7-c3fa1e862c60: 22 groups; 1.2 s; peak memory 191 MiB.
2026-10-09T05:52:58Z INFO [19/900] 7fb83ba6-a61a-479a-9c0b-9367aabd4c83: 35 groups; 2.0 s; peak memory 191 MiB.
2026-10-09T05:53:00Z INFO [20/900] 7fb85cdd-14b4-417a-b700-fefb06d0ace5: 22 groups; 1.2 s; peak memory 192 MiB.
2026-10-09T05:53:01Z INFO [21/900] 7fb97226-3c5b-4e44-9e17-cdb38b35f176: 35 groups; 1.6 s; peak memory 192 MiB.
2026-10-09T05:53:03Z INFO [22/900] 7fba662e-63a4-4292-8ae7-53da09302489: 32 groups; 1.5 s; peak memory 192 MiB.
2026-10-09T05:53:04Z INFO [23/900] 7fba7394-93dc-4e96-a96c-841114dad4dc: 22 groups; 1.3 s; peak memory 192 MiB.
2026-10-09T05:53:05Z INFO [24/900] 7fbab4d9-a03a-4b5c-a56f-d06122195da6: 22 groups; 1.3 s; peak memory 192 MiB.
2026-10-09T05:53:07Z INFO [25/900] 7fbaca93-c02e-4ad8-8d77-980b29cbfc83: 32 groups; 1.6 s; peak memory 192 MiB.
2026-10-09T05:53:09Z INFO [26/900] 7fbbb9c2-8d56-4b90-bb76-09de043ca53f: 35 groups; 1.9 s; peak memory 192 MiB.
2026-10-09T05:53:12Z INFO [27/900] 7fbc1791-5707-47bb-9ec4-74232e5f7b0c: 50 groups; 3.5 s; peak memory 192 MiB.
2026-10-09T05:53:19Z INFO [28/900] 7fbc3d01-cdd1-45bf-9a43-a13a067c1150: 32 groups; 7.1 s; peak memory 192 MiB.
2026-10-09T05:53:21Z INFO [29/900] 7fbc42c9-8446-4e5c-a317-54be30a4b547: 32 groups; 1.6 s; peak memory 192 MiB.
2026-10-09T05:53:38Z INFO [30/900] 7fbc9457-4328-4969-8ce8-9212230beaf4: 38 groups; 17.6 s; peak memory 192 MiB.
2026-10-09T05:53:40Z INFO [31/900] 7fbd6ac6-657e-446b-9e8b-de91e8c24fde: 22 groups; 1.4 s; peak memory 192 MiB.
2026-10-09T05:53:51Z INFO [32/900] 7fbdc1c6-7688-4c07-955f-874d4fae7047: 55 groups; 10.8 s; peak memory 257 MiB.
2026-10-09T05:53:52Z INFO [33/900] 7fbe3c33-a636-41d6-90bd-67d197437e94: 30 groups; 1.0 s; peak memory 257 MiB.
2026-10-09T05:53:53Z INFO [34/900] 7fbe78bc-93be-49c0-b558-c0618f689446: 32 groups; 1.7 s; peak memory 257 MiB.
2026-10-09T05:53:55Z INFO [35/900] 7fbf1b03-469f-4e71-ba32-4a2fe95aa10a: 32 groups; 1.6 s; peak memory 257 MiB.
2026-10-09T05:53:57Z INFO [36/900] 7fbf29c1-1e77-42a7-8d3d-05051f9feb1b: 337 groups; 2.0 s; peak memory 257 MiB.
2026-10-09T05:53:59Z INFO [37/900] 7fbf80a8-a272-4d21-8898-ab4f303ba658: 35 groups; 2.0 s; peak memory 257 MiB.
2026-10-09T05:54:01Z INFO [38/900] 7fc0309d-b740-44e2-8b3f-d3e5b8eeec0a: 103 groups; 1.7 s; peak memory 257 MiB.
2026-10-09T05:54:02Z INFO [39/900] 7fc057d7-603b-4179-b32d-e9f39244db32: 32 groups; 1.5 s; peak memory 257 MiB.
2026-10-09T05:54:03Z INFO [40/900] 7fc0640e-67a7-4292-ab9b-d36269e35eb5: 22 groups; 1.3 s; peak memory 257 MiB.
2026-10-09T05:54:05Z INFO [41/900] 7fc199e4-cb38-4543-bd81-95419f765008: 22 groups; 1.3 s; peak memory 257 MiB.
2026-10-09T05:54:10Z INFO [42/900] 7fc19ac3-703b-474f-a05e-5f929b6ac452: 127 groups; 5.1 s; peak memory 257 MiB.
2026-10-09T05:54:12Z INFO [43/900] 7fc22a71-e176-4238-b42a-b2f7e0b8b22f: 26 groups; 1.8 s; peak memory 257 MiB.
2026-10-09T05:54:13Z INFO [44/900] 7fc27d58-0042-48d8-a2bb-204345fd246e: 22 groups; 1.2 s; peak memory 257 MiB.
2026-10-09T05:54:14Z INFO [45/900] 7fc29ddb-1c3e-4b5a-94d6-8398a822d7a7: 35 groups; 1.3 s; peak memory 257 MiB.
2026-10-09T05:54:16Z INFO [46/900] 7fc2a59f-18e0-43ed-b6d3-7483c62ac87b: 32 groups; 1.5 s; peak memory 257 MiB.
2026-10-09T05:54:17Z INFO [47/900] 7fc37fc6-def7-4023-8811-508eac4e15a8: 22 groups; 1.2 s; peak memory 257 MiB.
2026-10-09T05:54:20Z INFO [48/900] 7fc48219-7c34-4b6d-8b31-38681ed0a6d7: 17 groups; 3.1 s; peak memory 257 MiB.
2026-10-09T05:54:21Z INFO [49/900] 7fc4c696-2001-4aa2-bab7-42f76097f821: 28 groups; 1.2 s; peak memory 257 MiB.
2026-10-09T05:54:32Z INFO [50/900] 7fc4eaf7-9d12-4523-91da-d8d5d07f7fef: 213 groups; 11.2 s; peak memory 260 MiB.
2026-10-09T05:54:32Z INFO [50/900] 7fc4eaf7-9d12-4523-91da-d8d5d07f7fef: checkpointed 108486 new records.
2026-10-09T05:54:34Z INFO [51/900] 7fc4f146-4229-49bf-827d-1f5bc6844b66: 22 groups; 1.5 s; peak memory 260 MiB.
2026-10-09T05:54:35Z INFO [52/900] 7fc4fcef-91a5-4725-8a83-223ba51b569a: 29 groups; 1.6 s; peak memory 260 MiB.
2026-10-09T05:54:50Z INFO [53/900] 7fc506fb-575f-4273-914e-7282937c1d4e: 248 groups; 14.4 s; peak memory 263 MiB.
2026-10-09T05:55:05Z INFO [54/900] 7fc5894c-c38c-44c5-b33c-0bd3861bd59c: 590 groups; 15.2 s; peak memory 263 MiB.
2026-10-09T05:55:06Z INFO [55/900] 7fc5bbe2-1bb4-4a27-8dbe-eb4643fbd5a5: 22 groups; 1.2 s; peak memory 263 MiB.
2026-10-09T05:55:08Z INFO [56/900] 7fc5c70b-cfd2-45ca-94c1-8b12d13d006b: 26 groups; 1.3 s; peak memory 263 MiB.
2026-10-09T05:55:09Z INFO [57/900] 7fc61eae-2d94-4756-8b30-f36e3a2032a0: 103 groups; 1.7 s; peak memory 263 MiB.
2026-10-09T05:55:20Z INFO [58/900] 7fc625df-4853-4bf4-93dc-db1b8b33b5b5: 199 groups; 10.7 s; peak memory 264 MiB.
2026-10-09T05:55:22Z INFO [59/900] 7fc7acb1-3a01-41f7-a8b0-644197d7e2f9: 207 groups; 2.1 s; peak memory 264 MiB.
2026-10-09T05:55:24Z INFO [60/900] 7fc82b5a-da12-49bc-82c7-3a8ce5390440: 32 groups; 1.6 s; peak memory 264 MiB.
2026-10-09T05:55:25Z INFO [61/900] 7fc90dce-2b8e-4b79-a861-e212932d8a20: 33 groups; 1.6 s; peak memory 264 MiB.
2026-10-09T05:55:27Z INFO [62/900] 7fc94c7b-b4d8-470e-9484-aac54275aede: 35 groups; 1.9 s; peak memory 264 MiB.
2026-10-09T05:55:28Z INFO [63/900] 7fc97cdc-30ee-4657-9a3f-fff01869c81f: 22 groups; 1.2 s; peak memory 264 MiB.
2026-10-09T05:55:30Z INFO [64/900] 7fca8a1f-6136-44f0-8d90-c971a86f4037: 32 groups; 1.6 s; peak memory 264 MiB.
2026-10-09T05:55:33Z INFO [65/900] 7fcabda1-9d27-4e18-8a5c-63e8ca1bd18a: 54 groups; 3.4 s; peak memory 264 MiB.
2026-10-09T05:55:35Z INFO [66/900] 7fcb6ffb-311d-492b-b41c-09d61777fb7a: 31 groups; 1.8 s; peak memory 264 MiB.
2026-10-09T05:55:36Z INFO [67/900] 7fcbb86a-2803-4246-b596-9096525e3ed6: 30 groups; 1.1 s; peak memory 264 MiB.
2026-10-09T05:55:38Z INFO [68/900] 7fcbbb66-6c43-4e51-a49a-e9ceac801934: 32 groups; 1.5 s; peak memory 264 MiB.
2026-10-09T05:55:39Z INFO [69/900] 7fcc8093-8f39-43f0-8858-8536e2356f82: 25 groups; 1.4 s; peak memory 264 MiB.
2026-10-09T05:55:45Z INFO [70/900] 7fcce790-9018-455a-86bd-034e299598a1: 73 groups; 5.8 s; peak memory 264 MiB.
2026-10-09T05:55:46Z INFO [71/900] 7fccfa17-f5c2-4f3c-8479-68b4f365d9a8: 22 groups; 1.4 s; peak memory 264 MiB.
2026-10-09T05:55:48Z INFO [72/900] 7fcd0eb4-3e3d-4dce-9e42-9ea9fce308a5: 28 groups; 1.4 s; peak memory 264 MiB.
2026-10-09T05:55:49Z INFO [73/900] 7fce5ceb-951a-4252-b9af-1b4e7bcf4248: 255 groups; 1.3 s; peak memory 264 MiB.
2026-10-09T05:55:51Z INFO [74/900] 7fcea6af-335f-44da-9722-2f45665d7851: 35 groups; 1.8 s; peak memory 264 MiB.
2026-10-09T05:56:01Z INFO [75/900] 7fcec888-cba6-48e3-b7a2-6f129f55e2ba: 50 groups; 9.7 s; peak memory 264 MiB.
2026-10-09T05:56:02Z INFO [76/900] 7fced0d0-a7db-417a-ad44-f0dc8c27b88b: 26 groups; 1.4 s; peak memory 264 MiB.
2026-10-09T05:56:03Z INFO [77/900] 7fcefbd8-1605-42f0-82c8-10fcb8227603: 22 groups; 1.2 s; peak memory 264 MiB.
2026-10-09T05:56:04Z INFO [78/900] 7fcf65ca-eaa4-429c-b4d0-eb244e430b34: 22 groups; 1.2 s; peak memory 264 MiB.
2026-10-09T05:56:06Z INFO [79/900] 7fd0c205-cce1-48ce-ab49-be07e6b5b920: 22 groups; 1.5 s; peak memory 264 MiB.
2026-10-09T05:56:07Z INFO [80/900] 7fd0c36b-b2ac-4b69-a3a7-26166e7b8adb: 22 groups; 1.3 s; peak memory 264 MiB.
2026-10-09T05:56:09Z INFO [81/900] 7fd0eb64-62f6-4ab0-ae29-76a7766d9b33: 32 groups; 1.4 s; peak memory 264 MiB.
2026-10-09T05:56:10Z INFO [82/900] 7fd2591d-17b2-4984-aa75-dfe9f758d6d2: 29 groups; 1.7 s; peak memory 264 MiB.
2026-10-09T05:56:13Z INFO [83/900] 7fd2daa2-75fb-4566-b7da-21dfe7532af7: 48 groups; 2.6 s; peak memory 264 MiB.
2026-10-09T05:56:15Z INFO [84/900] 7fd36b3a-7b4e-4c7f-a77a-0d5935f797c7: 206 groups; 2.0 s; peak memory 264 MiB.
2026-10-09T05:56:17Z INFO [85/900] 7fd48284-5343-4d99-887b-316938772d20: 32 groups; 1.5 s; peak memory 264 MiB.
2026-10-09T05:56:20Z INFO [86/900] 7fd5b4b2-a871-4f73-b362-b57740c49b3f: 50 groups; 3.8 s; peak memory 264 MiB.
2026-10-09T05:59:00Z INFO [87/900] 7fd62815-1e1f-46c1-80d6-3179e24e4c0a: 60 groups; 159.6 s; peak memory 397 MiB.
2026-10-09T06:04:06Z INFO [88/900] 7fd66bf1-e186-4556-96d6-6bc3e2a552b7: 70 groups; 305.7 s; peak memory 523 MiB.
2026-10-09T06:04:07Z INFO [89/900] 7fd67a1c-f114-443b-b832-55fd4bed73b5: 35 groups; 1.7 s; peak memory 523 MiB.
2026-10-09T06:04:08Z INFO [90/900] 7fd6f0c5-9ebb-4e93-9e18-a0752a743f31: 16 groups; 1.0 s; peak memory 523 MiB.
2026-10-09T06:04:09Z INFO [91/900] 7fd74bf2-37e2-427b-8883-4731a6c8861f: 28 groups; 1.1 s; peak memory 523 MiB.
2026-10-09T06:04:23Z INFO [92/900] 7fd75714-ce5a-4abf-ae59-c3ce7e35aeec: 201 groups; 13.5 s; peak memory 523 MiB.
2026-10-09T06:04:25Z INFO [93/900] 7fd76d3d-d61a-4465-ab3a-a7b0b8b0947c: 24 groups; 1.7 s; peak memory 523 MiB.
2026-10-09T06:04:42Z INFO [94/900] 7fd78d0d-985e-4ff4-aaba-cdbcf9289546: 208 groups; 17.2 s; peak memory 523 MiB.
2026-10-09T06:04:54Z INFO [95/900] 7fd7cc7f-398e-4a31-80b8-3e6d0b0545bd: 215 groups; 11.8 s; peak memory 523 MiB.
2026-10-09T06:05:00Z INFO [96/900] 7fd879ce-8aa0-460e-941a-3939eb44385a: 124 groups; 6.4 s; peak memory 523 MiB.
2026-10-09T06:05:01Z INFO [97/900] 7fd8a4d9-4eea-4d14-bad6-1f120d173ad2: 32 groups; 1.4 s; peak memory 523 MiB.
2026-10-09T06:05:03Z INFO [98/900] 7fd9a5eb-1a43-4c10-9493-c477b4e75279: 28 groups; 1.6 s; peak memory 523 MiB.
2026-10-09T06:05:05Z INFO [99/900] 7fda137d-c400-42fd-91af-40815e02b5d6: 36 groups; 1.8 s; peak memory 523 MiB.
2026-10-09T06:05:07Z INFO [100/900] 7fda2f92-b414-4112-9ddd-1c1f4727e78b: 35 groups; 2.1 s; peak memory 523 MiB.
2026-10-09T06:05:07Z INFO [100/900] 7fda2f92-b414-4112-9ddd-1c1f4727e78b: checkpointed 108536 new records.
2026-10-09T06:05:09Z INFO [101/900] 7fda3f0e-d05c-4775-a0d9-d44a5d8f942a: 35 groups; 1.9 s; peak memory 523 MiB.
2026-10-09T06:05:11Z INFO [102/900] 7fda7493-c6bc-4e75-bf99-3f00d872f53d: 22 groups; 1.5 s; peak memory 523 MiB.
2026-10-09T06:05:13Z INFO [103/900] 7fdbe6bd-4314-4005-b4f5-c60d4f7839e3: 204 groups; 2.6 s; peak memory 523 MiB.
2026-10-09T06:05:29Z INFO [104/900] 7fde7763-a01b-421a-9fba-e4a07adbc6b3: 22 groups; 16.2 s; peak memory 523 MiB.
2026-10-09T06:05:32Z INFO [105/900] 7fdec94d-2b89-4948-b0b0-e7ac4bb35695: 48 groups; 2.5 s; peak memory 523 MiB.
2026-10-09T06:05:48Z INFO [106/900] 7fdf3ce1-4f49-44d4-affa-ac852e37c5f5: 321 groups; 16.4 s; peak memory 523 MiB.
2026-10-09T06:05:50Z INFO [107/900] 7fdf76fa-adb4-428b-8fcf-4f3ccffa1f21: 22 groups; 1.4 s; peak memory 523 MiB.
2026-10-09T06:05:53Z INFO [108/900] 7fdf933d-d55a-4476-95d0-9267fa750c45: 37 groups; 2.9 s; peak memory 523 MiB.
2026-10-09T06:05:56Z INFO [109/900] 7fdfd49d-091c-4b5a-8d5d-67b4a2c0db79: 60 groups; 3.6 s; peak memory 523 MiB.
2026-10-09T06:05:57Z INFO [110/900] 7fdfe173-e445-4c9c-841b-b0fc63e9cfe4: 24 groups; 1.2 s; peak memory 523 MiB.
2026-10-09T06:06:00Z INFO [111/900] 7fe09501-52a3-442d-986f-14d8b5dfb823: 48 groups; 2.9 s; peak memory 523 MiB.
2026-10-09T06:06:03Z INFO [112/900] 7fe0f680-c40c-45c0-9a47-af3f74ce0e80: 36 groups; 2.2 s; peak memory 523 MiB.
2026-10-09T06:06:04Z INFO [113/900] 7fe139e4-899a-47c7-817e-68c6837d568b: 33 groups; 1.9 s; peak memory 523 MiB.
2026-10-09T06:06:12Z INFO [114/900] 7fe1d2af-f229-4f1c-aea1-ba2950b4e2cf: 78 groups; 7.2 s; peak memory 523 MiB.
2026-10-09T06:06:13Z INFO [115/900] 7fe2d73a-9218-4f39-8ff1-229eb5416833: 22 groups; 1.4 s; peak memory 523 MiB.
2026-10-09T06:06:14Z INFO [116/900] 7fe34455-aeef-4282-9a1b-a7d908e7ab9d: 22 groups; 1.4 s; peak memory 523 MiB.
2026-10-09T06:06:16Z INFO [117/900] 7fe36e0c-b848-4444-85b3-06e5f267080f: 25 groups; 1.4 s; peak memory 523 MiB.
2026-10-09T06:06:19Z INFO [118/900] 7fe37d52-000a-4b0e-8c02-be17a0dc00c8: 48 groups; 3.3 s; peak memory 523 MiB.
2026-10-09T06:06:24Z INFO [119/900] 7fe7381a-d0c4-4a92-9490-b309e2c92be5: 17 groups; 4.8 s; peak memory 523 MiB.
2026-10-09T06:06:26Z INFO [120/900] 7fe786cb-31de-4aff-ae22-c5e8a15cd6ca: 32 groups; 2.0 s; peak memory 523 MiB.
2026-10-09T06:06:27Z INFO [121/900] 7fe7d72d-8e38-4ea6-a01c-ea55f64f064d: 25 groups; 1.4 s; peak memory 523 MiB.
2026-10-09T06:06:29Z INFO [122/900] 7fe84e1b-1924-45a3-ae26-e4ef47d34c5c: 29 groups; 1.9 s; peak memory 523 MiB.
2026-10-09T06:06:31Z INFO [123/900] 7fe8c82c-97d4-4baa-b983-6075eb1de8ac: 32 groups; 1.6 s; peak memory 523 MiB.
2026-10-09T06:06:32Z INFO [124/900] 7fea9f21-2b64-472a-9acf-9842f3a1a9a6: 32 groups; 1.7 s; peak memory 523 MiB.
2026-10-09T06:06:34Z INFO [125/900] 7feb8b31-c990-47e5-b03a-9d66c0354ec9: 16 groups; 1.2 s; peak memory 523 MiB.
2026-10-09T06:06:35Z INFO [126/900] 7feb92b0-eadf-4ead-9460-9f07edebd62d: 16 groups; 1.3 s; peak memory 523 MiB.
2026-10-09T06:06:39Z INFO [127/900] 7febe656-8518-4617-87ce-3a53860ad73e: 54 groups; 3.7 s; peak memory 523 MiB.
2026-10-09T06:06:40Z INFO [128/900] 7fec7be7-7a3e-4388-8837-d22fbe8395aa: 22 groups; 1.4 s; peak memory 523 MiB.
2026-10-09T06:06:42Z INFO [129/900] 7fecc147-aa20-4057-85be-97d8b069ff1e: 253 groups; 2.1 s; peak memory 523 MiB.
2026-10-09T06:07:14Z INFO [130/900] 7fedc067-649d-42f5-8f9e-fbc4910e4ecd: 23 groups; 31.7 s; peak memory 523 MiB.
2026-10-09T06:07:15Z INFO [131/900] 7fee7d2d-38b0-4367-b72b-b5889a3dc961: 71 groups; 1.4 s; peak memory 523 MiB.
2026-10-09T06:07:17Z INFO [132/900] 7fee88e4-59c9-46f9-9b28-14bc56b3f75b: 24 groups; 2.1 s; peak memory 523 MiB.
2026-10-09T06:07:19Z INFO [133/900] 7fee994a-8233-40d9-a16c-d179c74ce487: 22 groups; 1.6 s; peak memory 523 MiB.
2026-10-09T06:07:22Z INFO [134/900] 7fef536e-614e-4b11-ae16-bda11deb5551: 73 groups; 3.6 s; peak memory 523 MiB.
2026-10-09T06:07:24Z INFO [135/900] 7fef5e56-c015-41c4-8530-00812b6cf390: 33 groups; 1.2 s; peak memory 523 MiB.
2026-10-09T06:07:25Z INFO [136/900] 7ff06d35-b844-4568-be50-5fca0f1cf71f: 32 groups; 1.6 s; peak memory 523 MiB.
2026-10-09T06:07:35Z INFO [137/900] 7ff13191-df0b-4373-8a64-68f32d9f77b6: 181 groups; 9.4 s; peak memory 523 MiB.
2026-10-09T06:07:37Z INFO [138/900] 7ff3527f-a16d-43e0-a80f-3163cbcdb9fe: 48 groups; 2.6 s; peak memory 523 MiB.
2026-10-09T06:07:39Z INFO [139/900] 7ff404eb-7d19-4f76-9f65-cacd3b26de48: 22 groups; 1.4 s; peak memory 523 MiB.
2026-10-09T06:07:40Z INFO [140/900] 7ff508b1-84de-4f25-ab6c-95e85cdf3872: 16 groups; 1.0 s; peak memory 523 MiB.
2026-10-09T06:07:48Z INFO [141/900] 7ff56627-b42b-4164-bc39-730bca72bb26: 66 groups; 8.1 s; peak memory 523 MiB.
2026-10-09T06:07:51Z INFO [142/900] 7ff57e24-4f3a-4cb1-a457-cfbf9fd02f10: 38 groups; 3.0 s; peak memory 523 MiB.
2026-10-09T06:07:52Z INFO [143/900] 7ff8cdc2-dd88-4fa6-aef5-9f5f72a047c7: 18 groups; 1.0 s; peak memory 523 MiB.
2026-10-09T06:07:55Z INFO [144/900] 7ff953b0-6cda-4d4d-9820-905b155753ba: 48 groups; 3.1 s; peak memory 523 MiB.
2026-10-09T06:07:56Z INFO [145/900] 7ff96d07-ddf0-4cb2-ab1a-1f7838645c54: 22 groups; 1.3 s; peak memory 523 MiB.
2026-10-09T06:07:58Z INFO [146/900] 7ff96f08-c355-4e3e-b124-9d39a717d2db: 22 groups; 1.4 s; peak memory 523 MiB.
2026-10-09T06:08:08Z INFO [147/900] 7ffa5486-23b1-4ee7-b5c2-286123370e0d: 169 groups; 10.5 s; peak memory 523 MiB.
2026-10-09T06:08:10Z INFO [148/900] 7ffa91d5-81f6-40c4-8e1c-f83ee96e44e9: 32 groups; 2.3 s; peak memory 523 MiB.
2026-10-09T06:08:12Z INFO [149/900] 7ffadada-fbf8-4d8b-aae3-75473352d234: 252 groups; 1.7 s; peak memory 523 MiB.
2026-10-09T06:08:14Z INFO [150/900] 7ffb0c15-12f8-4b65-aebf-919bc0b1d61c: 29 groups; 1.9 s; peak memory 523 MiB.
2026-10-09T06:08:14Z INFO [150/900] 7ffb0c15-12f8-4b65-aebf-919bc0b1d61c: checkpointed 108586 new records.
2026-10-09T06:08:15Z INFO [151/900] 7ffb4dae-24cc-4b11-9d7f-c2d97da0ca52: 22 groups; 1.5 s; peak memory 523 MiB.
2026-10-09T06:08:17Z INFO [152/900] 7ffca4f7-d40e-4023-adad-5d18f9c0dd99: 32 groups; 1.5 s; peak memory 523 MiB.
2026-10-09T06:08:18Z INFO [153/900] 7ffca5a5-2d15-4f46-9ccf-9002958b4665: 24 groups; 1.2 s; peak memory 523 MiB.
2026-10-09T06:13:35Z INFO [154/900] 7ffd96dd-1bd1-4a35-a419-4887690c61ee: 75 groups; 316.9 s; peak memory 523 MiB.
2026-10-09T06:13:38Z INFO [155/900] 7ffe0f41-e9ec-4d09-8db6-8c653c5d5aea: 341 groups; 3.0 s; peak memory 523 MiB.
2026-10-09T06:13:39Z INFO [156/900] 7ffe583b-3f43-40d0-860c-2e88ec96af6c: 32 groups; 1.4 s; peak memory 523 MiB.
2026-10-09T06:13:45Z INFO [157/900] 7ffec3c1-fbd9-4229-8733-129d49dbf595: 139 groups; 5.8 s; peak memory 523 MiB.
2026-10-09T06:13:47Z INFO [158/900] 80004157-4065-455a-a813-13d0506a9549: 35 groups; 1.8 s; peak memory 523 MiB.
2026-10-09T06:13:52Z INFO [159/900] 80012397-cb5b-4d0c-b245-bb456b5cec4f: 100 groups; 5.0 s; peak memory 523 MiB.
2026-10-09T06:13:54Z INFO [160/900] 8001f441-9243-42df-a3e5-9420e32d9784: 32 groups; 1.9 s; peak memory 523 MiB.
2026-10-09T06:14:01Z INFO [161/900] 8001f7b2-d76c-4399-b218-8d3ef034faba: 78 groups; 6.9 s; peak memory 523 MiB.
2026-10-09T06:14:02Z INFO [162/900] 80020b15-437b-4759-ac66-6ca2f5da1f74: 16 groups; 1.1 s; peak memory 523 MiB.
2026-10-09T06:14:05Z INFO [163/900] 80029988-fa91-4a85-9f26-79d462c19b39: 207 groups; 2.7 s; peak memory 523 MiB.
2026-10-09T06:14:12Z INFO [164/900] 8004bc0f-2356-4d30-8bc7-5320b6b7459a: 78 groups; 7.0 s; peak memory 523 MiB.
2026-10-09T06:14:13Z INFO [165/900] 8004d1e1-8375-49f6-b1ba-cd18a630b22e: 22 groups; 1.4 s; peak memory 523 MiB.
2026-10-09T06:14:35Z INFO [166/900] 80053a3b-147e-4281-89f2-dd8abe06d289: 157 groups; 22.3 s; peak memory 523 MiB.
2026-10-09T06:14:38Z INFO [167/900] 800688bc-eefd-48cf-b928-ac7c5764eb90: 35 groups; 2.3 s; peak memory 523 MiB.
2026-10-09T06:14:41Z INFO [168/900] 8006933c-a9cc-4528-86aa-6122b344e6b6: 17 groups; 3.2 s; peak memory 523 MiB.
2026-10-09T06:14:49Z INFO [169/900] 8007d393-e3d3-42e5-93cf-ec22b2c649a2: 181 groups; 8.2 s; peak memory 523 MiB.
2026-10-09T06:14:51Z INFO [170/900] 800856a6-18d5-4a68-9eeb-018ad884408d: 67 groups; 1.7 s; peak memory 523 MiB.
2026-10-09T06:14:52Z INFO [171/900] 80086414-d5b2-439a-8781-82a54787e234: 32 groups; 1.6 s; peak memory 523 MiB.
2026-10-09T06:14:54Z INFO [172/900] 80092602-937a-49af-90e3-5c14654cad66: 22 groups; 1.4 s; peak memory 523 MiB.
2026-10-09T06:15:59Z INFO [173/900] 800a1ade-928d-4a67-835b-4ba171ee4ef1: 27 groups; 65.6 s; peak memory 523 MiB.
2026-10-09T06:16:01Z INFO [174/900] 800af5ff-9071-48fb-a58f-0e0ee95bb470: 254 groups; 1.7 s; peak memory 523 MiB.
2026-10-09T06:16:04Z INFO [175/900] 800c2421-90d4-491f-9124-a673eae76392: 17 groups; 2.9 s; peak memory 523 MiB.
2026-10-09T06:16:05Z INFO [176/900] 800c779f-6f84-4160-b5c7-021b7ba35295: 33 groups; 1.5 s; peak memory 523 MiB.
2026-10-09T06:16:08Z INFO [177/900] 800cbaef-2aba-482e-a912-e9d3720032a2: 341 groups; 2.7 s; peak memory 523 MiB.
2026-10-09T06:16:09Z INFO [178/900] 800d2b45-80a8-437b-a975-e8f7fc7bf276: 31 groups; 1.1 s; peak memory 523 MiB.
2026-10-09T06:16:16Z INFO [179/900] 800d45cb-016a-4714-b6ce-f52165d3c734: 116 groups; 6.6 s; peak memory 523 MiB.
2026-10-09T06:16:18Z INFO [180/900] 800d6d39-fb17-4323-8613-9a7c778e3023: 32 groups; 1.7 s; peak memory 523 MiB.
2026-10-09T06:16:19Z INFO [181/900] 800dc31a-6571-48c8-9a72-0085c893c9bb: 32 groups; 1.8 s; peak memory 523 MiB.
2026-10-09T06:18:20Z INFO [182/900] 800e10c8-1620-4954-a93d-2a13b13430c8: 2216 groups; 120.8 s; peak memory 523 MiB.
2026-10-09T06:18:22Z INFO [183/900] 800e391e-35a3-46f8-a3cc-2aac23e5e746: 22 groups; 1.5 s; peak memory 523 MiB.
2026-10-09T06:18:23Z INFO [184/900] 800e4888-cb68-4ba5-bb7e-8dfcbf7ad42b: 22 groups; 1.4 s; peak memory 523 MiB.
2026-10-09T06:18:25Z INFO [185/900] 800f9c8c-719b-4b45-97e4-a844d0865117: 22 groups; 1.5 s; peak memory 523 MiB.
2026-10-09T06:18:27Z INFO [186/900] 800fd560-c4fb-493a-803a-a6463f5f9085: 49 groups; 2.2 s; peak memory 523 MiB.
2026-10-09T06:18:28Z INFO [187/900] 80101a2c-5a63-4154-a953-bd4d0b89aadf: 22 groups; 1.2 s; peak memory 523 MiB.
2026-10-09T06:18:30Z INFO [188/900] 80108880-10ec-4cc9-b2a9-6b5907fab686: 48 groups; 2.5 s; peak memory 523 MiB.
2026-10-09T06:18:33Z INFO [189/900] 8010abcb-e140-41ae-b5f8-2625de561c8c: 35 groups; 2.3 s; peak memory 523 MiB.
2026-10-09T06:18:34Z INFO [190/900] 8010d9c3-c4e1-41e9-b772-14348b48283b: 22 groups; 1.3 s; peak memory 523 MiB.
2026-10-09T06:18:36Z INFO [191/900] 80119256-50f9-4022-9174-a761fa798f06: 34 groups; 1.9 s; peak memory 523 MiB.
2026-10-09T06:18:37Z INFO [192/900] 80119444-262d-4ec7-a17a-bc5efe5b0e7b: 22 groups; 1.4 s; peak memory 523 MiB.
2026-10-09T06:18:39Z INFO [193/900] 8011e3a3-7a50-46e2-bb6f-efdce9fde900: 22 groups; 1.4 s; peak memory 523 MiB.
2026-10-09T06:18:41Z INFO [194/900] 8012222c-be49-4a27-8126-d090e18d6c5c: 35 groups; 2.0 s; peak memory 523 MiB.
2026-10-09T06:24:55Z INFO [195/900] 80124bcd-318d-4a91-a0fd-6f2d63afcd36: 8220 groups; 374.0 s; peak memory 836 MiB.
2026-10-09T06:24:56Z INFO [196/900] 80142d82-f2d2-42cb-b54c-95ac357ef431: 22 groups; 1.4 s; peak memory 836 MiB.
2026-10-09T06:24:57Z INFO [197/900] 8014d8d4-3d59-4604-a547-289c6ab205e2: 22 groups; 1.3 s; peak memory 836 MiB.
2026-10-09T06:25:00Z INFO [198/900] 8015a730-3ca3-456c-ba42-1cf5929ce8da: 35 groups; 2.2 s; peak memory 836 MiB.
2026-10-09T06:25:01Z INFO [199/900] 8015b5fc-8489-4d62-8b3a-a115e268bd51: 31 groups; 1.3 s; peak memory 836 MiB.
2026-10-09T06:25:02Z INFO [200/900] 801691b1-bd23-49fa-8e2d-5a9019a30175: 22 groups; 1.4 s; peak memory 836 MiB.
2026-10-09T06:25:03Z INFO [200/900] 801691b1-bd23-49fa-8e2d-5a9019a30175: checkpointed 108636 new records.
2026-10-09T06:25:14Z INFO [201/900] 8017a1bb-70fb-4f05-98bd-fa9d6ca15249: 70 groups; 11.0 s; peak memory 836 MiB.
2026-10-09T06:25:15Z INFO [202/900] 80190552-d91b-4cad-8db0-554be3cdb77b: 22 groups; 1.5 s; peak memory 836 MiB.
2026-10-09T06:25:16Z INFO [203/900] 8019d071-61f0-451c-9591-7f0deb93e0fd: 22 groups; 1.4 s; peak memory 836 MiB.
2026-10-09T06:25:19Z INFO [204/900] 801a90fc-f732-47a0-be42-213a6f181a47: 29 groups; 2.2 s; peak memory 836 MiB.
2026-10-09T06:25:20Z INFO [205/900] 801b067f-eaef-4625-a7b9-e62b5fc09e69: 32 groups; 1.6 s; peak memory 836 MiB.
2026-10-09T06:25:21Z INFO [206/900] 801b5e10-554d-4809-81b9-5e46d3c8d03a: 26 groups; 1.2 s; peak memory 836 MiB.
2026-10-09T06:25:23Z INFO [207/900] 801bbdc9-220f-4bd3-8873-f10c148c974a: 25 groups; 1.5 s; peak memory 836 MiB.
2026-10-09T06:25:26Z INFO [208/900] 801c404a-b4c3-482e-96e7-9e6f5a4fe0de: 48 groups; 3.4 s; peak memory 836 MiB.
2026-10-09T06:25:30Z INFO [209/900] 801df545-7a56-41c8-b776-8322ee494e2d: 54 groups; 3.2 s; peak memory 836 MiB.
2026-10-09T06:25:31Z INFO [210/900] 801ed841-eb31-4d38-ac9f-3e82d383aa73: 22 groups; 1.5 s; peak memory 836 MiB.
2026-10-09T06:25:34Z INFO [211/900] 802076f8-cc4c-4a7a-8e80-9db55e055a56: 54 groups; 2.9 s; peak memory 836 MiB.
2026-10-09T06:25:35Z INFO [212/900] 802232d2-23fb-478b-98ab-54a4c2f13040: 22 groups; 1.4 s; peak memory 836 MiB.
2026-10-09T06:25:39Z INFO [213/900] 80227f26-1fc8-4445-8854-bcf516e0b83a: 42 groups; 3.3 s; peak memory 836 MiB.
2026-10-09T06:25:40Z INFO [214/900] 8023f539-2237-4425-9267-1c2295bb0e9c: 32 groups; 1.7 s; peak memory 836 MiB.
2026-10-09T06:25:42Z INFO [215/900] 80241828-ea50-4fa0-8aee-a4fd8ea52390: 22 groups; 1.4 s; peak memory 836 MiB.
2026-10-09T06:25:43Z INFO [216/900] 802442be-d058-4687-96c8-c1b19abe0e98: 22 groups; 1.4 s; peak memory 836 MiB.
2026-10-09T06:25:46Z INFO [217/900] 80244c7c-427a-476b-8984-e5cd9c49176a: 33 groups; 2.4 s; peak memory 836 MiB.
2026-10-09T06:25:47Z INFO [218/900] 8024bf46-e080-44aa-8871-cf8853bbeb56: 20 groups; 1.7 s; peak memory 836 MiB.
2026-10-09T06:25:50Z INFO [219/900] 8025619d-fefd-4e7b-8253-dd1402bdf306: 52 groups; 2.5 s; peak memory 836 MiB.
2026-10-09T06:25:51Z INFO [220/900] 80263562-9d80-4688-b3f6-7429a49bb17e: 22 groups; 1.4 s; peak memory 836 MiB.
2026-10-09T06:26:20Z INFO [221/900] 802697d7-abc2-455f-99b9-677f82692657: 23 groups; 28.7 s; peak memory 836 MiB.
2026-10-09T06:26:25Z INFO [222/900] 80274add-ae38-4030-afe7-a17df2e5d506: 117 groups; 5.3 s; peak memory 836 MiB.
2026-10-09T06:26:32Z INFO [223/900] 802762d7-f0ab-4188-bfd7-1c2efc2cb5f0: 71 groups; 6.9 s; peak memory 836 MiB.
2026-10-09T06:29:07Z INFO [224/900] 80279a52-4d20-4b60-9f9a-485bee44e43c: 60 groups; 155.4 s; peak memory 836 MiB.
2026-10-09T06:29:17Z INFO [225/900] 8028915c-7f89-4b53-aa7e-7116bd48b05b: 90 groups; 9.2 s; peak memory 836 MiB.
2026-10-09T06:29:20Z INFO [226/900] 8028ee6f-86c4-4b10-8dfc-09e9da636b37: 64 groups; 3.4 s; peak memory 836 MiB.
2026-10-09T06:29:24Z INFO [227/900] 802911f8-5517-4f68-a90a-e2d3bd97596c: 54 groups; 3.6 s; peak memory 836 MiB.
2026-10-09T06:29:25Z INFO [228/900] 802942d7-e27c-4ec4-8bc8-5d1c3b06a8a9: 22 groups; 1.4 s; peak memory 836 MiB.
2026-10-09T06:29:26Z INFO [229/900] 80297bf1-c913-4e4f-baf0-eda2c3d5b8a4: 22 groups; 1.5 s; peak memory 836 MiB.
2026-10-09T06:29:31Z INFO [230/900] 8029b4fc-f37c-4221-acca-acdc3fb3fd34: 57 groups; 4.9 s; peak memory 836 MiB.
2026-10-09T06:29:34Z INFO [231/900] 802add10-d52b-456d-8861-023ae6840bfb: 35 groups; 2.8 s; peak memory 836 MiB.
2026-10-09T06:29:46Z INFO [232/900] 802b3764-5a13-4959-a5e8-00ebcf74bcb8: 123 groups; 12.3 s; peak memory 836 MiB.
2026-10-09T06:29:48Z INFO [233/900] 802b49c6-b050-40cd-b17b-c28988260786: 337 groups; 2.1 s; peak memory 836 MiB.
2026-10-09T06:29:50Z INFO [234/900] 802b729d-4eba-4a84-a2a2-536734876aa1: 22 groups; 1.4 s; peak memory 836 MiB.
2026-10-09T06:29:58Z INFO [235/900] 802be52c-9698-416b-8db8-8b66abfb57db: 34 groups; 8.5 s; peak memory 836 MiB.
2026-10-09T06:30:00Z INFO [236/900] 802ce42b-749d-43fb-8740-105a36c2ac60: 33 groups; 1.7 s; peak memory 836 MiB.
2026-10-09T06:30:02Z INFO [237/900] 802d0125-f315-4621-8ca0-ebe32dacdd58: 108 groups; 2.1 s; peak memory 836 MiB.
2026-10-09T06:35:12Z INFO [238/900] 802dedb6-0983-49ca-b7b5-1ec40dde74a9: 39 groups; 310.2 s; peak memory 836 MiB.
2026-10-09T06:35:14Z INFO [239/900] 802e2467-d2f2-4b6b-a3f0-dd52b04cd4a0: 18 groups; 1.2 s; peak memory 836 MiB.
2026-10-09T06:35:15Z INFO [240/900] 80300be5-e8a6-41e9-a95c-e21e3fcbd363: 22 groups; 1.6 s; peak memory 836 MiB.
2026-10-09T06:38:01Z INFO [241/900] 8030332e-4e4d-436a-81c1-95157266b7a5: 77 groups; 165.9 s; peak memory 836 MiB.
2026-10-09T06:38:03Z INFO [242/900] 803082df-4a6d-4b94-aaab-8912c0e00273: 32 groups; 1.8 s; peak memory 836 MiB.
2026-10-09T06:38:04Z INFO [243/900] 803126b8-73af-4e0c-ab3a-8a8575bbb28c: 16 groups; 1.0 s; peak memory 836 MiB.
2026-10-09T06:38:06Z INFO [244/900] 80315df1-c90a-446e-9ce9-c86e234dc1c1: 33 groups; 1.9 s; peak memory 836 MiB.
2026-10-09T06:38:07Z INFO [245/900] 8031cd24-5628-46a9-84e8-b0325349ac70: 32 groups; 1.6 s; peak memory 836 MiB.
2026-10-09T06:38:09Z INFO [246/900] 8031de77-de5c-4cea-82d0-7d15bfbe3932: 22 groups; 1.4 s; peak memory 836 MiB.
2026-10-09T06:38:16Z INFO [247/900] 80327052-a2eb-4b5d-8eef-22d037ca3ac7: 78 groups; 6.8 s; peak memory 836 MiB.
2026-10-09T06:38:17Z INFO [248/900] 8033783e-acfd-4489-8617-72ad52cbce5c: 28 groups; 1.3 s; peak memory 836 MiB.
2026-10-09T06:38:20Z INFO [249/900] 80344c6d-0d86-4924-a446-938a8007936b: 48 groups; 3.4 s; peak memory 836 MiB.
2026-10-09T06:38:22Z INFO [250/900] 803466ae-90aa-4b2f-be33-43c45e6e0a87: 22 groups; 1.3 s; peak memory 836 MiB.
2026-10-09T06:38:22Z INFO [250/900] 803466ae-90aa-4b2f-be33-43c45e6e0a87: checkpointed 108686 new records.
2026-10-09T06:38:23Z INFO [251/900] 80347603-3780-4cb6-9b83-d256daa0081f: 35 groups; 1.5 s; peak memory 836 MiB.
2026-10-09T06:38:25Z INFO [252/900] 8035be00-1417-4dfa-916a-053f331d0afa: 32 groups; 1.8 s; peak memory 836 MiB.
2026-10-09T06:38:27Z INFO [253/900] 803603dd-0017-4689-8702-6988b6d91988: 22 groups; 1.4 s; peak memory 836 MiB.
2026-10-09T06:38:49Z INFO [254/900] 80368151-3a8e-4aff-9d4a-2aa70acc1995: 244 groups; 22.8 s; peak memory 836 MiB.
2026-10-09T06:38:51Z INFO [255/900] 8036d2dc-c548-478f-ae05-b22046501102: 35 groups; 2.0 s; peak memory 836 MiB.
2026-10-09T06:38:53Z INFO [256/900] 803792e3-7935-43a0-938a-c284f9e5b13b: 32 groups; 1.7 s; peak memory 836 MiB.
2026-10-09T06:38:55Z INFO [257/900] 80393d40-73c3-488b-8e1c-4a161a8b5709: 25 groups; 1.6 s; peak memory 836 MiB.
2026-10-09T06:38:57Z INFO [258/900] 803997b6-caa1-4046-87ba-ba322ed43989: 336 groups; 2.1 s; peak memory 836 MiB.
2026-10-09T06:39:04Z INFO [259/900] 803aacbc-80fe-4f2d-8b33-62895b51a96c: 73 groups; 7.2 s; peak memory 836 MiB.
2026-10-09T06:39:06Z INFO [260/900] 803b3ba5-43a5-405d-8895-ac4b6208f318: 194 groups; 1.8 s; peak memory 836 MiB.
2026-10-09T06:39:08Z INFO [261/900] 803b56e9-28ab-4525-9aae-ddd8d82f23bf: 202 groups; 2.0 s; peak memory 836 MiB.
2026-10-09T06:39:09Z INFO [262/900] 803b65fa-c451-4107-afa2-49a5d69b8e08: 22 groups; 1.4 s; peak memory 836 MiB.
2026-10-09T06:39:10Z INFO [263/900] 803cc517-d1b2-4833-987d-9a1498f241e5: 31 groups; 1.1 s; peak memory 836 MiB.
2026-10-09T06:39:12Z INFO [264/900] 803debc4-18b5-4e90-befd-aacaeebd4fd3: 33 groups; 1.9 s; peak memory 836 MiB.
2026-10-09T06:39:20Z INFO [265/900] 803f2378-3578-4863-b134-881b31b39a56: 131 groups; 7.4 s; peak memory 836 MiB.
2026-10-09T06:39:21Z INFO [266/900] 803f7e7e-f974-4d44-96ec-3022b3b4100a: 22 groups; 1.4 s; peak memory 836 MiB.
2026-10-09T06:39:22Z INFO [267/900] 8041fac7-064b-49ac-a590-09305b56c31c: 28 groups; 1.3 s; peak memory 836 MiB.
2026-10-09T06:39:45Z INFO [268/900] 8042451e-0503-4e09-9919-348a5073c690: 388 groups; 22.2 s; peak memory 836 MiB.
2026-10-09T06:39:51Z INFO [269/900] 8043a132-9555-4541-8c15-41d8da7b395e: 96 groups; 6.2 s; peak memory 836 MiB.
2026-10-09T06:39:53Z INFO [270/900] 8043a2a6-b0d4-4c73-9670-7bb02684fe4e: 194 groups; 2.0 s; peak memory 836 MiB.
2026-10-09T06:39:55Z INFO [271/900] 8045701e-b02b-4ec1-87ab-58dcca741224: 33 groups; 1.9 s; peak memory 836 MiB.
2026-10-09T06:39:56Z INFO [272/900] 80461791-9425-4ba4-99fb-867ae5c531ad: 22 groups; 1.4 s; peak memory 836 MiB.
2026-10-09T06:39:59Z INFO [273/900] 8046638c-c3a0-473c-ae25-68a8b983ba6d: 32 groups; 2.4 s; peak memory 836 MiB.
2026-10-09T06:40:01Z INFO [274/900] 8046d081-4d9c-4080-8e5e-a25dcf8c8610: 336 groups; 2.5 s; peak memory 836 MiB.
2026-10-09T06:40:03Z INFO [275/900] 80477db6-77b5-4f4a-9458-13a121bea389: 22 groups; 1.4 s; peak memory 836 MiB.
2026-10-09T06:40:04Z INFO [276/900] 80491672-f47b-4417-867a-e4751b64c489: 22 groups; 1.4 s; peak memory 836 MiB.
2026-10-09T06:40:10Z INFO [277/900] 80497a95-8880-4cf7-acc7-bac664ae8ac6: 39 groups; 5.9 s; peak memory 836 MiB.
2026-10-09T06:40:34Z INFO [278/900] 804adcec-415b-4527-80bc-c7878a6c0211: 240 groups; 24.0 s; peak memory 836 MiB.
2026-10-09T06:40:36Z INFO [279/900] 804aebc6-f684-427a-8ca7-521d64f9f51a: 32 groups; 1.7 s; peak memory 836 MiB.
2026-10-09T06:40:46Z INFO [280/900] 804b1132-1238-4fbc-a30a-5b46e3bed719: 201 groups; 10.8 s; peak memory 836 MiB.
2026-10-09T06:40:51Z INFO [281/900] 804b3a0f-d0c6-4599-8d07-8514125b0c5b: 119 groups; 4.9 s; peak memory 836 MiB.
2026-10-09T06:40:53Z INFO [282/900] 804bd89f-9d33-4d19-8ba3-562966cdf4e9: 32 groups; 1.8 s; peak memory 836 MiB.
2026-10-09T06:43:34Z INFO [283/900] 804cea52-2679-4968-b448-2fb7e67af34b: 63 groups; 161.3 s; peak memory 836 MiB.
2026-10-09T06:43:36Z INFO [284/900] 804db95b-79bf-4dd6-aad3-66a8689e8a65: 33 groups; 1.8 s; peak memory 836 MiB.
2026-10-09T06:43:40Z INFO [285/900] 804e1ae7-4671-41cb-b55e-3ef82455bb0f: 48 groups; 3.6 s; peak memory 836 MiB.
2026-10-09T06:43:41Z INFO [286/900] 804e4d97-6794-4eb4-a01e-e359c3ffd887: 21 groups; 1.5 s; peak memory 836 MiB.
2026-10-09T06:43:43Z INFO [287/900] 804e544a-1eb2-48b1-8741-d85541302fd7: 103 groups; 1.8 s; peak memory 836 MiB.
2026-10-09T06:43:45Z INFO [288/900] 804e5f88-956c-4a7b-8da1-224d1314cf5b: 17 groups; 2.1 s; peak memory 836 MiB.
2026-10-09T06:43:47Z INFO [289/900] 804f36b9-d2da-4ce8-a4c6-7306d0a52fef: 29 groups; 2.2 s; peak memory 836 MiB.
2026-10-09T06:43:49Z INFO [290/900] 804f69e0-00c0-4349-b360-bdb9244a0165: 22 groups; 1.4 s; peak memory 836 MiB.
2026-10-09T06:43:50Z INFO [291/900] 804f7f8c-4593-4ba9-b156-414de22be04b: 25 groups; 1.6 s; peak memory 836 MiB.
2026-10-09T06:43:52Z INFO [292/900] 8051a6f6-d2ad-4423-88db-dff4312ea414: 22 groups; 1.4 s; peak memory 836 MiB.
2026-10-09T06:43:53Z INFO [293/900] 80529557-cc0f-4d35-ab00-f6af66022764: 32 groups; 1.7 s; peak memory 836 MiB.
2026-10-09T06:43:56Z INFO [294/900] 8052dc75-4165-4f72-9b43-2372a52053ce: 200 groups; 2.6 s; peak memory 836 MiB.
2026-10-09T06:44:03Z INFO [295/900] 8053091a-a724-4b2b-89f7-c31438fb8784: 80 groups; 7.0 s; peak memory 836 MiB.
2026-10-09T06:44:05Z INFO [296/900] 805337ec-738f-4628-8a42-5c4a27bbb713: 201 groups; 1.9 s; peak memory 836 MiB.
2026-10-09T06:44:06Z INFO [297/900] 80536993-cb2d-4e0b-8031-b8a8012bdbbe: 26 groups; 1.1 s; peak memory 836 MiB.
2026-10-09T06:44:12Z INFO [298/900] 8053a0a6-32d9-4f2c-a011-e23ede6208aa: 125 groups; 6.1 s; peak memory 836 MiB.
2026-10-09T06:44:14Z INFO [299/900] 80546f1b-17c5-45bd-a61c-0d0a0e65a75d: 108 groups; 2.1 s; peak memory 836 MiB.
2026-10-09T06:44:18Z INFO [300/900] 80548665-aebd-40c9-a3d9-fb399274302d: 48 groups; 3.4 s; peak memory 836 MiB.
2026-10-09T06:44:18Z INFO [300/900] 80548665-aebd-40c9-a3d9-fb399274302d: checkpointed 108736 new records.
2026-10-09T06:44:20Z INFO [301/900] 8054c85d-48f6-4746-afcb-4505ab2f3695: 27 groups; 2.2 s; peak memory 836 MiB.
2026-10-09T06:44:23Z INFO [302/900] 8055ab64-6e7e-4bc0-98ac-9b7e9cd81e04: 48 groups; 2.6 s; peak memory 836 MiB.
2026-10-09T06:44:24Z INFO [303/900] 8055b846-9986-4a77-9416-5a14e253d673: 16 groups; 1.1 s; peak memory 836 MiB.
2026-10-09T06:44:25Z INFO [304/900] 8055d61c-a74a-4c9c-8d41-bfe8a30435e1: 22 groups; 1.5 s; peak memory 836 MiB.
2026-10-09T06:44:27Z INFO [305/900] 80569aeb-7004-4862-af86-2f421c4dc42b: 22 groups; 1.5 s; peak memory 836 MiB.
2026-10-09T06:44:28Z INFO [306/900] 8056bee9-dcb8-4172-bf52-d130ddf9c0c4: 16 groups; 1.2 s; peak memory 836 MiB.
2026-10-09T06:44:29Z INFO [307/900] 805714b0-a710-4e84-8b60-7cc8665689d5: 22 groups; 1.4 s; peak memory 836 MiB.
2026-10-09T06:44:31Z INFO [308/900] 8057613b-ab55-4238-af96-f8583184397e: 32 groups; 1.8 s; peak memory 836 MiB.
2026-10-09T06:44:32Z INFO [309/900] 8058586d-8a35-4967-947f-a13c8559b751: 22 groups; 1.4 s; peak memory 836 MiB.
2026-10-09T06:44:34Z INFO [310/900] 805884d8-3879-4c9d-b3ca-3c8f75f3dd3f: 22 groups; 1.5 s; peak memory 836 MiB.
2026-10-09T06:44:44Z INFO [311/900] 80595ca2-c171-4865-bdbf-cc926d9f0803: 52 groups; 10.0 s; peak memory 836 MiB.
2026-10-09T06:44:45Z INFO [312/900] 80596eb2-d43b-4027-a8db-947d509e1bfd: 16 groups; 1.2 s; peak memory 836 MiB.
2026-10-09T06:44:48Z INFO [313/900] 8059b83c-129c-424d-8561-bb69db657b7a: 48 groups; 3.2 s; peak memory 836 MiB.
2026-10-09T06:44:50Z INFO [314/900] 8059f3bd-ba24-4f3c-bd3d-2464311b2b67: 22 groups; 1.4 s; peak memory 836 MiB.
2026-10-09T06:44:52Z INFO [315/900] 805ad8a1-5cd1-46a0-96d3-4807b9986c6f: 194 groups; 2.1 s; peak memory 836 MiB.
2026-10-09T06:44:54Z INFO [316/900] 805b7762-8056-42d6-9a27-6bae0dc90355: 25 groups; 1.7 s; peak memory 836 MiB.
2026-10-09T06:44:55Z INFO [317/900] 805c322c-0258-407c-bc2f-dbee891d14b0: 22 groups; 1.4 s; peak memory 836 MiB.
2026-10-09T06:44:57Z INFO [318/900] 805d09d0-8d30-4127-b5af-8d468948feee: 35 groups; 1.8 s; peak memory 836 MiB.
2026-10-09T06:44:58Z INFO [319/900] 805d62c3-e2b9-4203-8fc2-088e5d6a22dd: 254 groups; 1.7 s; peak memory 836 MiB.
2026-10-09T06:45:02Z INFO [320/900] 805e324c-6ba1-4980-9c50-04029f279be6: 48 groups; 3.4 s; peak memory 836 MiB.
2026-10-09T06:45:04Z INFO [321/900] 805fe08e-995a-4ab1-b960-a33551da8fbe: 32 groups; 1.7 s; peak memory 836 MiB.
2026-10-09T06:45:05Z INFO [322/900] 8060216e-d26f-4633-846b-b76665d9043c: 35 groups; 1.6 s; peak memory 836 MiB.
2026-10-09T06:45:06Z INFO [323/900] 80611c3d-f102-4e70-9be2-fd124a401639: 18 groups; 1.1 s; peak memory 836 MiB.
2026-10-09T06:45:09Z INFO [324/900] 80612180-a752-44dd-8ef6-ec3d8d76ff76: 35 groups; 2.5 s; peak memory 836 MiB.
2026-10-09T06:45:10Z INFO [325/900] 806177e2-27d6-4828-9a21-d35655bc03f4: 18 groups; 1.5 s; peak memory 836 MiB.
2026-10-09T06:45:11Z INFO [326/900] 80624eb7-246e-4029-9617-ccfd0fb8c6f6: 16 groups; 1.2 s; peak memory 836 MiB.
2026-10-09T06:45:14Z INFO [327/900] 806327d8-c5bd-4741-9bd4-7a2ec807f3f4: 104 groups; 2.1 s; peak memory 836 MiB.
2026-10-09T06:45:16Z INFO [328/900] 80632ce8-cc75-497e-b3dd-0c3e34b2b6f3: 32 groups; 2.0 s; peak memory 836 MiB.
2026-10-09T06:45:18Z INFO [329/900] 80638a10-bc99-4925-9de5-c48c1073da61: 33 groups; 2.9 s; peak memory 836 MiB.
2026-10-09T06:45:20Z INFO [330/900] 8063d83a-013c-44a2-8527-4f3764aab533: 24 groups; 1.4 s; peak memory 836 MiB.
2026-10-09T06:45:21Z INFO [331/900] 8063f0e2-0715-4a7d-aa10-0acc244d5f20: 22 groups; 1.5 s; peak memory 836 MiB.
2026-10-09T06:45:23Z INFO [332/900] 806405bf-b579-4cc2-b747-376ea7895e23: 71 groups; 1.9 s; peak memory 836 MiB.
2026-10-09T06:45:25Z INFO [333/900] 80641021-d46d-4a5c-b087-7e0309874c61: 29 groups; 1.6 s; peak memory 836 MiB.
2026-10-09T06:45:26Z INFO [334/900] 8064430e-ce63-4992-82ca-008a99a5b608: 16 groups; 1.2 s; peak memory 836 MiB.
2026-10-09T06:45:28Z INFO [335/900] 80646250-0bdb-4a43-a152-228827ff5517: 33 groups; 1.9 s; peak memory 836 MiB.
2026-10-09T06:45:29Z INFO [336/900] 8064c6fe-a839-47c9-bbb0-e88786238b55: 22 groups; 1.5 s; peak memory 836 MiB.
2026-10-09T06:45:31Z INFO [337/900] 80658c63-8464-4f94-95f1-ce1c5a7c8760: 36 groups; 1.8 s; peak memory 836 MiB.
2026-10-09T06:45:32Z INFO [338/900] 8065d6e2-b2ff-45fe-995a-db699278baba: 17 groups; 1.3 s; peak memory 836 MiB.
2026-10-09T06:45:51Z INFO [339/900] 80664215-f9f4-4818-8913-817ee9d29d05: 27 groups; 18.3 s; peak memory 836 MiB.
2026-10-09T06:45:54Z INFO [340/900] 80669a6e-54de-46ec-8dc7-53ed243626fa: 336 groups; 2.9 s; peak memory 836 MiB.
2026-10-09T06:46:06Z INFO [341/900] 8067cda4-ad3e-4952-814b-781dbb01557f: 189 groups; 12.2 s; peak memory 836 MiB.
2026-10-09T06:46:07Z INFO [342/900] 806917d1-4b4f-4df7-82a4-f9e9a15357ae: 22 groups; 1.4 s; peak memory 836 MiB.
2026-10-09T06:46:09Z INFO [343/900] 8069be55-20a0-4545-a9fb-5b454aa8a30a: 199 groups; 1.9 s; peak memory 836 MiB.
2026-10-09T06:46:10Z INFO [344/900] 806bc7c2-c11c-40ad-af53-91cf9218f899: 31 groups; 1.1 s; peak memory 836 MiB.
2026-10-09T06:46:12Z INFO [345/900] 806c5663-3705-46c7-9160-ee1d91f65b46: 22 groups; 1.4 s; peak memory 836 MiB.
2026-10-09T06:46:13Z INFO [346/900] 806c7ce5-7f76-4ada-94d1-51d9c340701c: 32 groups; 1.7 s; peak memory 836 MiB.
2026-10-09T06:46:15Z INFO [347/900] 806de588-8add-44bf-8340-c07fa36359c8: 22 groups; 1.3 s; peak memory 836 MiB.
2026-10-09T06:46:16Z INFO [348/900] 806ee243-e2f0-4f72-afda-0c39d92e9dc9: 30 groups; 1.2 s; peak memory 836 MiB.
2026-10-09T06:46:17Z INFO [349/900] 806eeaa5-9017-444e-adbe-87d12a69cf88: 30 groups; 1.1 s; peak memory 836 MiB.
2026-10-09T06:46:18Z INFO [350/900] 806f7b40-3083-4a1f-80f2-fa5d75a5f10f: 22 groups; 1.4 s; peak memory 836 MiB.
2026-10-09T06:46:18Z INFO [350/900] 806f7b40-3083-4a1f-80f2-fa5d75a5f10f: checkpointed 108786 new records.
2026-10-09T06:46:21Z INFO [351/900] 806fc1f9-5626-4aa1-928d-0b5f725e9a5d: 32 groups; 2.5 s; peak memory 836 MiB.
2026-10-09T06:46:46Z INFO [352/900] 806fdee0-f86d-48da-9df4-b8c207c27f70: 157 groups; 24.6 s; peak memory 836 MiB.
2026-10-09T06:46:47Z INFO [353/900] 8070b56e-b4ee-4628-a9f3-7191ba00178b: 22 groups; 1.3 s; peak memory 836 MiB.
2026-10-09T06:46:50Z INFO [354/900] 8070e31e-ad6e-44d5-9981-b835f8eba21c: 35 groups; 2.9 s; peak memory 836 MiB.
2026-10-09T06:46:51Z INFO [355/900] 80721ff0-3750-4fef-bd9d-00d433821cd2: 22 groups; 1.3 s; peak memory 836 MiB.
2026-10-09T06:46:56Z INFO [356/900] 80727223-e06a-477e-8c53-f222956cce06: 60 groups; 5.3 s; peak memory 836 MiB.
2026-10-09T06:47:07Z INFO [357/900] 80729b37-00c5-44f7-a992-3a4444a67153: 114 groups; 11.0 s; peak memory 836 MiB.
2026-10-09T06:47:09Z INFO [358/900] 8073a9df-ca5f-432b-b51f-3ca821937d0d: 32 groups; 1.6 s; peak memory 836 MiB.
2026-10-09T06:47:10Z INFO [359/900] 807677bb-da3a-4f03-b59a-c1a0e7745043: 28 groups; 1.3 s; peak memory 836 MiB.
2026-10-09T06:47:11Z INFO [360/900] 8076c5be-44eb-4b98-ba41-4b82c54050a7: 26 groups; 1.1 s; peak memory 836 MiB.
2026-10-09T06:47:13Z INFO [361/900] 8076e6ed-04fc-4113-8efb-ed7d762ecb2d: 32 groups; 1.8 s; peak memory 836 MiB.
2026-10-09T06:47:43Z INFO [362/900] 8078296e-fc6c-4ef4-92e3-352f0beee905: 23 groups; 30.0 s; peak memory 836 MiB.
2026-10-09T06:47:47Z INFO [363/900] 80786241-b4e5-4043-8ec0-19b2c902940a: 54 groups; 4.2 s; peak memory 836 MiB.
2026-10-09T06:47:51Z INFO [364/900] 807a0b64-c28a-4742-8dbc-5065a225dd61: 50 groups; 4.1 s; peak memory 836 MiB.
2026-10-09T06:47:52Z INFO [365/900] 807ade63-b6e0-499b-b63e-2db590bbc62e: 16 groups; 1.1 s; peak memory 836 MiB.
2026-10-09T06:47:56Z INFO [366/900] 807b3f5c-f5cc-4cc6-bd80-49b1b6bfbfc1: 58 groups; 3.4 s; peak memory 836 MiB.
2026-10-09T06:48:04Z INFO [367/900] 807bfbd5-a98b-4ae5-9611-c40c0e0bfc4c: 125 groups; 7.8 s; peak memory 836 MiB.
2026-10-09T06:48:05Z INFO [368/900] 807bfd6b-9b51-46db-b870-9406f6151418: 33 groups; 1.5 s; peak memory 836 MiB.
2026-10-09T06:48:11Z INFO [369/900] 807cf0b5-d52f-4e18-8eae-2ccdd6e67302: 73 groups; 6.3 s; peak memory 836 MiB.
2026-10-09T06:48:14Z INFO [370/900] 807d546f-109d-4297-ac73-465a7ef0e4b7: 200 groups; 2.3 s; peak memory 836 MiB.
2026-10-09T06:48:16Z INFO [371/900] 807d7da2-c4ce-4e72-9d9b-4fcfad6a008e: 337 groups; 2.4 s; peak memory 836 MiB.
2026-10-09T06:48:18Z INFO [372/900] 807e4172-6c7e-4aab-ae31-8bf9de59fc29: 35 groups; 1.8 s; peak memory 836 MiB.
2026-10-09T06:48:19Z INFO [373/900] 807e6afa-a9dd-4948-b417-bab1c36a3704: 22 groups; 1.5 s; peak memory 836 MiB.
2026-10-09T06:48:22Z INFO [374/900] 807ed0e5-c58d-466f-abd8-5d7e41a3deb9: 34 groups; 2.4 s; peak memory 836 MiB.
2026-10-09T06:48:33Z INFO [375/900] 807ee7c9-8958-48ec-8fb6-81640e0f2d5f: 205 groups; 11.5 s; peak memory 836 MiB.
2026-10-09T06:48:37Z INFO [376/900] 807f4144-6b81-4e48-ba03-1ff6429a3200: 48 groups; 3.7 s; peak memory 836 MiB.
2026-10-09T06:48:50Z INFO [377/900] 808005fd-598e-4878-963d-44c2daf3dd8f: 207 groups; 12.8 s; peak memory 836 MiB.
2026-10-09T06:48:51Z INFO [378/900] 80807515-cb12-493e-ae1c-3aad9bfa26b3: 22 groups; 1.5 s; peak memory 836 MiB.
2026-10-09T06:48:55Z INFO [379/900] 80807d97-4860-4e69-8b33-eeb795cc9e94: 54 groups; 3.1 s; peak memory 836 MiB.
2026-10-09T06:48:56Z INFO [380/900] 8080fac6-cb50-4898-82a6-19bfcbe3cc65: 32 groups; 1.7 s; peak memory 836 MiB.
2026-10-09T06:49:02Z INFO [381/900] 80816755-e105-4606-901f-9a05b84acef6: 17 groups; 5.3 s; peak memory 836 MiB.
2026-10-09T06:49:03Z INFO [382/900] 80823f20-6d18-409c-a879-2627708d812d: 16 groups; 1.2 s; peak memory 836 MiB.
2026-10-09T06:49:04Z INFO [383/900] 80828958-e9e9-4f37-9edf-01413c707ff0: 22 groups; 1.5 s; peak memory 836 MiB.
2026-10-09T06:54:42Z INFO [384/900] 8082acb8-c2b8-4c7d-9375-4c48e336b9bb: 55 groups; 337.7 s; peak memory 836 MiB.
2026-10-09T06:54:44Z INFO [385/900] 8082c7f5-95ba-4682-b82f-c0ea9855da7e: 35 groups; 2.0 s; peak memory 836 MiB.
2026-10-09T06:54:45Z INFO [386/900] 80835436-8489-4436-a098-e4094118ce60: 20 groups; 1.3 s; peak memory 836 MiB.
2026-10-09T06:54:51Z INFO [387/900] 808374f7-359c-4107-b3ea-02ac8d5d0715: 68 groups; 6.2 s; peak memory 836 MiB.
2026-10-09T06:54:53Z INFO [388/900] 8083f033-837b-447e-b5d9-a3635fcbb416: 32 groups; 1.8 s; peak memory 836 MiB.
2026-10-09T06:54:55Z INFO [389/900] 80847273-7dfe-4cdb-856a-7eae4b0100a0: 32 groups; 1.7 s; peak memory 836 MiB.
2026-10-09T06:54:57Z INFO [390/900] 80848046-a158-4791-a4bf-8f707f3d486a: 32 groups; 1.6 s; peak memory 836 MiB.
2026-10-09T06:55:39Z INFO [391/900] 808492e6-5f37-4318-aeda-1f67949fbb41: 4027 groups; 42.1 s; peak memory 836 MiB.
2026-10-09T06:55:40Z INFO [392/900] 80856bd9-c770-4c76-b0cf-6c71363ec3b7: 29 groups; 1.4 s; peak memory 836 MiB.
2026-10-09T07:37:49Z INFO [393/900] 8085b412-66af-4cea-bc9f-ed3fa2e1a496: 505 groups; 2528.8 s; peak memory 1219 MiB.
2026-10-09T07:37:50Z INFO [394/900] 808647e6-5034-4f9b-bb3a-1ca7fb503ac1: 22 groups; 1.4 s; peak memory 1219 MiB.
2026-10-09T07:37:53Z INFO [395/900] 80866733-48eb-4dbd-ba22-c6b56528430b: 32 groups; 2.3 s; peak memory 1219 MiB.
2026-10-09T07:37:54Z INFO [396/900] 8086e716-4d70-410b-b309-06f86da821de: 22 groups; 1.5 s; peak memory 1219 MiB.
2026-10-09T07:37:56Z INFO [397/900] 8087089b-6735-436d-946a-ce4624ca8f48: 49 groups; 2.2 s; peak memory 1219 MiB.
2026-10-09T07:37:58Z INFO [398/900] 80872d1a-54a9-4b5c-a7aa-bacbefc2b820: 35 groups; 1.9 s; peak memory 1219 MiB.
2026-10-09T07:38:00Z INFO [399/900] 808751fc-8933-42e6-8b91-8e36010e3670: 16 groups; 1.3 s; peak memory 1219 MiB.
2026-10-09T07:38:02Z INFO [400/900] 80878f5b-2da9-4e14-8ef2-e01e2811bd95: 35 groups; 2.1 s; peak memory 1219 MiB.
2026-10-09T07:38:02Z INFO [400/900] 80878f5b-2da9-4e14-8ef2-e01e2811bd95: checkpointed 108836 new records.
2026-10-09T07:38:03Z INFO [401/900] 8087ba5a-f353-490f-a7e6-1d5907228fc1: 20 groups; 1.3 s; peak memory 1219 MiB.
2026-10-09T07:38:05Z INFO [402/900] 8087f75f-bfd4-461a-8303-c633ba3a837f: 22 groups; 1.4 s; peak memory 1219 MiB.
2026-10-09T07:38:06Z INFO [403/900] 8088ecce-6fa8-4296-8000-da61bf005945: 22 groups; 1.4 s; peak memory 1219 MiB.
2026-10-09T07:38:08Z INFO [404/900] 80893ad8-3e3a-4ce1-9c97-b7022525248b: 35 groups; 2.1 s; peak memory 1219 MiB.
2026-10-09T07:38:23Z INFO [405/900] 8089d608-07a4-4107-a766-785632358a07: 226 groups; 14.5 s; peak memory 1219 MiB.
2026-10-09T07:38:24Z INFO [406/900] 808b5557-8a5c-4b2e-938f-2bc41f1c1da7: 22 groups; 1.4 s; peak memory 1219 MiB.
2026-10-09T07:39:00Z INFO [407/900] 808d7b42-fad4-4a1b-881f-c6470f54d372: 234 groups; 36.4 s; peak memory 1219 MiB.
2026-10-09T07:39:04Z INFO [408/900] 808e136b-8030-4138-81ba-c62e0ae47c69: 48 groups; 3.7 s; peak memory 1219 MiB.
2026-10-09T07:39:06Z INFO [409/900] 808e3ce7-70cf-4cbe-a732-be7767c3c6d0: 22 groups; 1.7 s; peak memory 1219 MiB.
2026-10-09T07:39:10Z INFO [410/900] 808e793d-5c61-4c81-b8c2-06a19be65eb3: 48 groups; 3.8 s; peak memory 1219 MiB.
2026-10-09T07:39:11Z INFO [411/900] 808fb57b-3256-4877-baa5-532a7c5b01c5: 22 groups; 1.6 s; peak memory 1219 MiB.
2026-10-09T07:39:14Z INFO [412/900] 8090451b-de1f-41d5-b5c9-f79ee37e6ab4: 37 groups; 2.7 s; peak memory 1219 MiB.
2026-10-09T07:39:22Z INFO [413/900] 80905aad-f2d9-4142-91c3-5ec52686af3c: 150 groups; 7.9 s; peak memory 1219 MiB.
2026-10-09T07:39:24Z INFO [414/900] 80912481-fb5c-4a43-8006-adfdb916682d: 29 groups; 2.0 s; peak memory 1219 MiB.
2026-10-09T07:39:26Z INFO [415/900] 80913638-f8fa-4ca6-aae1-97f5b59eca4a: 35 groups; 2.0 s; peak memory 1219 MiB.
2026-10-09T07:39:28Z INFO [416/900] 80927f34-4ad4-4fe0-8b52-85546463db71: 32 groups; 1.8 s; peak memory 1219 MiB.
2026-10-09T07:43:09Z INFO [417/900] 8093bdf2-87ca-4251-bb28-7b0001e4d3a2: 45 groups; 221.4 s; peak memory 1246 MiB.
2026-10-09T07:43:11Z INFO [418/900] 8093d0e5-bf6e-493c-8975-814cea064a62: 49 groups; 2.5 s; peak memory 1246 MiB.
2026-10-09T07:43:26Z INFO [419/900] 8093ed9b-3e69-4801-b0de-d7b35a77806b: 217 groups; 14.6 s; peak memory 1246 MiB.
2026-10-09T07:43:28Z INFO [420/900] 8094ca90-5582-402e-b03c-a7ecf79ef29c: 22 groups; 1.5 s; peak memory 1246 MiB.
2026-10-09T07:43:29Z INFO [421/900] 8097a03d-3530-4e1e-9547-7d9a3ab1b863: 32 groups; 1.8 s; peak memory 1246 MiB.
2026-10-09T07:43:31Z INFO [422/900] 8097afa5-855f-46ff-ac86-7c4fd2a73c23: 24 groups; 1.4 s; peak memory 1246 MiB.
2026-10-09T07:44:03Z INFO [423/900] 8097f5c3-7cf8-4df0-b7da-b0a946018c04: 23 groups; 31.8 s; peak memory 1246 MiB.
2026-10-09T07:44:04Z INFO [424/900] 80989013-f082-41c7-9b96-f5086e7e0cc7: 22 groups; 1.1 s; peak memory 1246 MiB.
2026-10-09T07:44:06Z INFO [425/900] 809a15c0-8ff3-4bea-8083-fa1e45a2770d: 32 groups; 1.8 s; peak memory 1246 MiB.
2026-10-09T07:44:07Z INFO [426/900] 809a5c45-27cd-4519-9d14-1ce4bd820fba: 32 groups; 1.7 s; peak memory 1246 MiB.
2026-10-09T07:44:11Z INFO [427/900] 809c5f87-c46e-49e7-a542-5f944dfb3eac: 48 groups; 3.3 s; peak memory 1246 MiB.
2026-10-09T07:44:15Z INFO [428/900] 809cea67-4066-42d2-afd9-a9cf82d5931c: 34 groups; 4.2 s; peak memory 1246 MiB.
2026-10-09T07:44:17Z INFO [429/900] 809d793a-a253-45d7-add5-66d8af564dfe: 35 groups; 2.0 s; peak memory 1246 MiB.
2026-10-09T07:44:18Z INFO [430/900] 809e20ca-c4db-4f82-9185-0a8a9181b854: 22 groups; 1.6 s; peak memory 1246 MiB.
2026-10-09T07:44:20Z INFO [431/900] 809e3f45-015f-4193-b83c-b0866874b9b7: 33 groups; 1.8 s; peak memory 1246 MiB.
2026-10-09T07:45:09Z INFO [432/900] 809ec1aa-6e92-4e23-94da-d5e2bf1830dd: 1949 groups; 49.1 s; peak memory 1246 MiB.
2026-10-09T07:45:38Z INFO [433/900] 809f8548-b9ec-4ed7-9f24-b5fccfc845e3: 23 groups; 29.3 s; peak memory 1246 MiB.
2026-10-09T07:45:41Z INFO [434/900] 80a06e79-eafb-488c-bac7-4f0a4ea48ba8: 36 groups; 2.2 s; peak memory 1246 MiB.
2026-10-09T07:45:42Z INFO [435/900] 80a14d45-ccc2-4e3b-83bb-f0b88adb148c: 32 groups; 1.5 s; peak memory 1246 MiB.
2026-10-09T07:45:44Z INFO [436/900] 80a30ea3-03bf-4ae6-a03c-b29792b525fb: 22 groups; 1.5 s; peak memory 1246 MiB.
2026-10-09T07:45:46Z INFO [437/900] 80a39b40-7e2e-4390-8308-dfc924bda42a: 29 groups; 2.2 s; peak memory 1246 MiB.
2026-10-09T07:45:48Z INFO [438/900] 80a43c61-8880-437d-a31c-04c98777f79a: 33 groups; 1.7 s; peak memory 1246 MiB.
2026-10-09T07:45:49Z INFO [439/900] 80a4c68c-32f2-401b-b72c-34465b273f25: 32 groups; 1.7 s; peak memory 1246 MiB.
2026-10-09T07:45:52Z INFO [440/900] 80a52d7f-e02e-4b25-b124-b3498babfb8c: 203 groups; 2.4 s; peak memory 1246 MiB.
2026-10-09T07:46:23Z INFO [441/900] 80a57539-854c-4d79-bdeb-cae73bc3ae0d: 23 groups; 31.6 s; peak memory 1246 MiB.
2026-10-09T07:47:03Z INFO [442/900] 80a5bfaa-c42c-46c4-a49c-c4305dfe1d49: 2909 groups; 39.6 s; peak memory 1246 MiB.
2026-10-09T07:47:05Z INFO [443/900] 80a628dd-692b-4351-84ea-65ff8c0bb7d2: 32 groups; 1.7 s; peak memory 1246 MiB.
2026-10-09T07:47:07Z INFO [444/900] 80a63e00-12cf-4d00-bce1-4612ce75f250: 35 groups; 2.0 s; peak memory 1246 MiB.
2026-10-09T07:47:08Z INFO [445/900] 80a6c797-43ab-4c00-81b1-48a4a56f9258: 22 groups; 1.5 s; peak memory 1246 MiB.
2026-10-09T07:47:11Z INFO [446/900] 80a7154e-f7a0-42fb-b399-0493d7a6d843: 207 groups; 2.5 s; peak memory 1246 MiB.
2026-10-09T07:47:12Z INFO [447/900] 80a7f479-f7db-4085-acb6-f16886dfea56: 32 groups; 1.7 s; peak memory 1246 MiB.
2026-10-09T07:47:31Z INFO [448/900] 80aa191e-ab87-4f2a-aaa7-5330d573df39: 228 groups; 18.4 s; peak memory 1246 MiB.
2026-10-09T07:47:33Z INFO [449/900] 80aab59a-27b3-4e20-948e-de2378ed4993: 195 groups; 1.9 s; peak memory 1246 MiB.
2026-10-09T07:52:36Z INFO [450/900] 80aae7ef-0558-4223-8e40-a6a23abcd493: 75 groups; 303.8 s; peak memory 1246 MiB.
2026-10-09T07:52:37Z INFO [450/900] 80aae7ef-0558-4223-8e40-a6a23abcd493: checkpointed 108886 new records.
2026-10-09T07:52:39Z INFO [451/900] 80ab1ae0-41ac-49d5-a6d1-79ce5ee10b36: 35 groups; 2.3 s; peak memory 1246 MiB.
2026-10-09T07:52:40Z INFO [452/900] 80ab345e-af17-41ce-99ef-9ad3adca0655: 31 groups; 1.4 s; peak memory 1246 MiB.
2026-10-09T07:53:12Z INFO [453/900] 80ab3dfa-3f8e-4473-8464-b5e5ac74e202: 23 groups; 31.9 s; peak memory 1246 MiB.
2026-10-09T07:53:18Z INFO [454/900] 80ad5975-39ed-4534-b4eb-eec565c80c26: 122 groups; 6.1 s; peak memory 1246 MiB.
2026-10-09T07:53:20Z INFO [455/900] 80ad60f1-0aa6-451a-8988-754f4099da80: 32 groups; 1.6 s; peak memory 1246 MiB.
2026-10-09T07:53:22Z INFO [456/900] 80ae9551-a0b0-4c2e-a20e-da39a336a9cb: 32 groups; 1.6 s; peak memory 1246 MiB.
2026-10-09T07:54:29Z INFO [457/900] 80afa1cb-afe3-46f3-879a-3bf0deb8ae06: 1154 groups; 67.7 s; peak memory 1246 MiB.
2026-10-09T07:54:31Z INFO [458/900] 80b0590d-0dfd-4a94-a017-6dbf00b51f4e: 28 groups; 1.3 s; peak memory 1246 MiB.
2026-10-09T07:54:32Z INFO [459/900] 80b1aa4d-d246-41bd-8d76-b0395bc10107: 32 groups; 1.7 s; peak memory 1246 MiB.
2026-10-09T07:54:47Z INFO [460/900] 80b1c6c3-4b09-43d0-90a0-dfc157c85662: 255 groups; 15.1 s; peak memory 1246 MiB.
2026-10-09T07:59:31Z INFO [461/900] 80b2ee23-bace-4341-a36a-85e341bde6c2: 30 groups; 284.1 s; peak memory 1246 MiB.
2026-10-09T07:59:33Z INFO [462/900] 80b300e9-b0f0-4298-a663-0b13130118d7: 32 groups; 1.8 s; peak memory 1246 MiB.
2026-10-09T07:59:35Z INFO [463/900] 80b3c03d-22e6-4720-a0fd-e08028b68505: 35 groups; 1.9 s; peak memory 1246 MiB.
2026-10-09T07:59:38Z INFO [464/900] 80b3c063-e55d-45a9-a97b-06f86b519842: 341 groups; 2.4 s; peak memory 1246 MiB.
2026-10-09T07:59:54Z INFO [465/900] 80b3f1b4-fbd6-4096-8ec0-29f0edfcd00c: 208 groups; 16.2 s; peak memory 1246 MiB.
2026-10-09T07:59:55Z INFO [466/900] 80b41959-fe8f-4522-9e96-893ef9d351c6: 22 groups; 1.4 s; peak memory 1246 MiB.
2026-10-09T08:00:18Z INFO [467/900] 80b4e63e-a866-4775-86b7-90652e8b7a55: 191 groups; 23.1 s; peak memory 1246 MiB.
2026-10-09T08:00:20Z INFO [468/900] 80b5576b-a711-478b-83ca-26cf48256db3: 32 groups; 1.7 s; peak memory 1246 MiB.
2026-10-09T08:00:21Z INFO [469/900] 80b576e8-51ef-42b8-8389-d725da0d7560: 22 groups; 1.3 s; peak memory 1246 MiB.
2026-10-09T08:00:25Z INFO [470/900] 80b585f6-7d15-4859-a55d-4ca0e12da586: 572 groups; 3.2 s; peak memory 1246 MiB.
2026-10-09T08:00:26Z INFO [471/900] 80b5a3d2-a367-4866-9bbf-02ab0753153e: 17 groups; 1.2 s; peak memory 1246 MiB.
2026-10-09T08:00:34Z INFO [472/900] 80b5d6e0-0ed9-4be6-aa1d-5e071199e71e: 181 groups; 8.4 s; peak memory 1246 MiB.
2026-10-09T08:00:36Z INFO [473/900] 80b5f73a-249c-49d8-ae20-fac2f9ffdf21: 40 groups; 2.0 s; peak memory 1246 MiB.
2026-10-09T08:00:43Z INFO [474/900] 80b6a865-c5c1-47ff-831d-9dbbf9360fa6: 78 groups; 6.5 s; peak memory 1246 MiB.
2026-10-09T08:00:44Z INFO [475/900] 80b79d36-2bbf-468e-bfd8-b6978b497f12: 30 groups; 1.3 s; peak memory 1246 MiB.
2026-10-09T08:00:46Z INFO [476/900] 80b7b860-c225-4997-951e-9037a6f1ebe0: 41 groups; 2.0 s; peak memory 1246 MiB.
2026-10-09T08:00:50Z INFO [477/900] 80b8964f-8466-42c0-96ed-1317f24c15a3: 48 groups; 3.7 s; peak memory 1246 MiB.
2026-10-09T08:00:51Z INFO [478/900] 80b8e88c-96fd-46be-a66a-ecb85392220c: 22 groups; 1.4 s; peak memory 1246 MiB.
2026-10-09T08:00:52Z INFO [479/900] 80b997bd-d40c-4d59-97d5-be3a2731841c: 22 groups; 1.4 s; peak memory 1246 MiB.
2026-10-09T08:00:54Z INFO [480/900] 80b9a81b-c0d0-4480-b39e-3fceced9b765: 32 groups; 1.7 s; peak memory 1246 MiB.
2026-10-09T08:00:56Z INFO [481/900] 80b9da67-f20b-45ad-a5e5-0461f69be7d9: 35 groups; 1.9 s; peak memory 1246 MiB.
2026-10-09T08:01:13Z INFO [482/900] 80b9ee3b-433c-4c5f-8b73-7f17369a9ee7: 282 groups; 16.9 s; peak memory 1246 MiB.
2026-10-09T08:01:15Z INFO [483/900] 80baf910-eb1f-4379-8b2e-e51f30efbe1a: 207 groups; 2.5 s; peak memory 1246 MiB.
2026-10-09T08:01:18Z INFO [484/900] 80bb8201-1a7a-4a4c-bfbf-bc43e9bbbb87: 336 groups; 2.2 s; peak memory 1246 MiB.
2026-10-09T08:01:19Z INFO [485/900] 80bc0914-9999-43f9-bfe1-da894600612f: 24 groups; 1.2 s; peak memory 1246 MiB.
2026-10-09T08:01:21Z INFO [486/900] 80bc9401-7948-4805-914d-7728e7a35b34: 35 groups; 2.2 s; peak memory 1246 MiB.
2026-10-09T08:01:23Z INFO [487/900] 80bd764d-f20d-40cd-a364-1e7cc32e4d20: 32 groups; 1.6 s; peak memory 1246 MiB.
2026-10-09T08:01:24Z INFO [488/900] 80bdcbba-102d-4c65-859e-b1b7f7943dcc: 22 groups; 1.4 s; peak memory 1246 MiB.
2026-10-09T08:01:26Z INFO [489/900] 80be2511-cb48-4e4b-ae98-d77773bf0859: 22 groups; 1.6 s; peak memory 1246 MiB.
2026-10-09T08:01:27Z INFO [490/900] 80be509a-b381-4bff-9416-a5bc8904148c: 22 groups; 1.4 s; peak memory 1246 MiB.
2026-10-09T08:01:29Z INFO [491/900] 80bf0a8a-1612-4edc-9639-595ee73e7024: 255 groups; 1.6 s; peak memory 1246 MiB.
2026-10-09T08:01:36Z INFO [492/900] 80bfde22-bbb1-476a-a8ff-711cb7161192: 78 groups; 7.6 s; peak memory 1246 MiB.
2026-10-09T08:01:38Z INFO [493/900] 80c1fa9a-146b-44a2-8cdf-b63d0b01442a: 22 groups; 1.4 s; peak memory 1246 MiB.
2026-10-09T08:01:41Z INFO [494/900] 80c3c312-5231-4397-8d2d-d33f4c492845: 48 groups; 3.4 s; peak memory 1246 MiB.
2026-10-09T08:01:42Z INFO [495/900] 80c3c368-e2e0-4ce1-8a62-397061627b81: 16 groups; 1.2 s; peak memory 1246 MiB.
2026-10-09T08:01:48Z INFO [496/900] 80c3f963-bd4e-439b-abc7-3ed9c614ca80: 127 groups; 5.7 s; peak memory 1246 MiB.
2026-10-09T08:01:50Z INFO [497/900] 80c40c0a-3062-4aab-8a1f-93af7fc6acef: 337 groups; 2.4 s; peak memory 1246 MiB.
2026-10-09T08:02:28Z INFO [498/900] 80c45c26-56b0-437c-a0b8-a954591f419f: 1732 groups; 37.6 s; peak memory 1246 MiB.
2026-10-09T08:02:30Z INFO [499/900] 80c5402c-705f-4278-ba89-b91266e1eebf: 22 groups; 1.5 s; peak memory 1246 MiB.
2026-10-09T08:02:39Z INFO [500/900] 80c5ce69-9f23-44be-af6c-f4f73ae0c7e0: 104 groups; 9.3 s; peak memory 1246 MiB.
2026-10-09T08:02:39Z INFO [500/900] 80c5ce69-9f23-44be-af6c-f4f73ae0c7e0: checkpointed 108936 new records.
2026-10-09T08:02:41Z INFO [501/900] 80c5dce1-aa3e-4600-abec-351237317802: 25 groups; 1.8 s; peak memory 1246 MiB.
2026-10-09T08:02:42Z INFO [502/900] 80c5eb9c-8911-4af3-b941-ed5fe5137c9d: 33 groups; 1.5 s; peak memory 1246 MiB.
2026-10-09T08:02:44Z INFO [503/900] 80c636b8-766e-4a11-bd59-d4dd82543a9d: 22 groups; 1.5 s; peak memory 1246 MiB.
2026-10-09T08:02:47Z INFO [504/900] 80c66bec-eb05-41c5-b617-3a00c86cb055: 37 groups; 3.0 s; peak memory 1246 MiB.
2026-10-09T08:02:49Z INFO [505/900] 80c685a0-93aa-444f-a004-abf2611be1f2: 35 groups; 2.2 s; peak memory 1246 MiB.
2026-10-09T08:02:59Z INFO [506/900] 80c685b2-5bee-4789-9ea6-d9e2027add69: 153 groups; 10.0 s; peak memory 1246 MiB.
2026-10-09T08:03:06Z INFO [507/900] 80c761be-e6b7-4fe3-8e8a-db09d80f82b8: 135 groups; 7.3 s; peak memory 1246 MiB.
2026-10-09T08:03:07Z INFO [508/900] 80c85290-1a28-4b71-a7fa-262d30da0e34: 16 groups; 1.1 s; peak memory 1246 MiB.
2026-10-09T08:03:09Z INFO [509/900] 80c9327d-ff58-4b97-858b-5a17406b6054: 22 groups; 1.5 s; peak memory 1246 MiB.
2026-10-09T08:03:10Z INFO [510/900] 80c958db-27be-4d8f-865f-ed8b33889051: 25 groups; 1.3 s; peak memory 1246 MiB.
2026-10-09T08:03:12Z INFO [511/900] 80c9db53-5618-41bf-9e7e-f2c14f43ccfe: 32 groups; 1.7 s; peak memory 1246 MiB.
2026-10-09T08:03:14Z INFO [512/900] 80c9ff36-7d6c-4f2b-9557-d6dece6d3282: 35 groups; 1.8 s; peak memory 1246 MiB.
2026-10-09T08:03:15Z INFO [513/900] 80ca1fe7-b4b6-45fa-bc1e-01edf3a0bc95: 22 groups; 1.5 s; peak memory 1246 MiB.
2026-10-09T08:03:17Z INFO [514/900] 80ca68d9-08f3-4fcc-a391-f44d932cb453: 22 groups; 1.3 s; peak memory 1246 MiB.
2026-10-09T08:06:17Z INFO [515/900] 80cb0f11-6091-44a8-b5e9-4892c8fba210: 60 groups; 180.5 s; peak memory 1246 MiB.
2026-10-09T08:06:19Z INFO [516/900] 80cb4c07-c273-4d2d-9da2-5499a1c70c44: 32 groups; 1.7 s; peak memory 1246 MiB.
2026-10-09T08:06:20Z INFO [517/900] 80cb4e8d-e78a-44a1-b4e7-0c6c707e22ad: 17 groups; 1.2 s; peak memory 1246 MiB.
2026-10-09T08:06:24Z INFO [518/900] 80cd4457-4f2b-43d2-a224-7cc06bf9b328: 22 groups; 3.9 s; peak memory 1246 MiB.
2026-10-09T08:06:25Z INFO [519/900] 80cdb8ff-3bc2-444d-84e7-86d8b81a1ce8: 22 groups; 1.4 s; peak memory 1246 MiB.
2026-10-09T08:06:26Z INFO [520/900] 80ce07b3-ca8a-417f-982a-7239849582a3: 16 groups; 1.1 s; peak memory 1246 MiB.
2026-10-09T08:06:56Z INFO [521/900] 80cf4670-7f04-4d73-ab9f-ad91cfd98a7a: 23 groups; 29.7 s; peak memory 1246 MiB.
2026-10-09T08:07:18Z INFO [522/900] 80d062fb-bd4c-48a5-beb9-60b9fe277c04: 235 groups; 21.5 s; peak memory 1246 MiB.
2026-10-09T08:07:19Z INFO [523/900] 80d0fa1a-d4a0-499a-ad84-587a4073326a: 22 groups; 1.4 s; peak memory 1246 MiB.
2026-10-09T08:07:21Z INFO [524/900] 80d1bfae-8ce4-49a4-aa9f-939576dba087: 21 groups; 1.6 s; peak memory 1246 MiB.
2026-10-09T08:07:22Z INFO [525/900] 80d1e446-09ef-4f3d-ba8a-c19e7124578d: 33 groups; 1.5 s; peak memory 1246 MiB.
2026-10-09T08:07:26Z INFO [526/900] 80d26227-58ae-4a7e-9c4e-03e7adf4a8cc: 50 groups; 4.0 s; peak memory 1246 MiB.
2026-10-09T08:07:28Z INFO [527/900] 80d285e3-7883-45e4-bd71-29035c7ebb03: 253 groups; 1.7 s; peak memory 1246 MiB.
2026-10-09T08:07:29Z INFO [528/900] 80d2b12d-93a4-459c-b32c-4130c9a6a5b3: 16 groups; 1.2 s; peak memory 1246 MiB.
2026-10-09T08:07:30Z INFO [529/900] 80d3505d-8221-446a-80c1-09132d2826f4: 31 groups; 1.3 s; peak memory 1246 MiB.
2026-10-09T08:07:48Z INFO [530/900] 80d37e09-6004-4765-9cd9-96b14dec929c: 22 groups; 18.2 s; peak memory 1246 MiB.
2026-10-09T08:07:50Z INFO [531/900] 80d3d3fb-ab99-42bb-a7df-71e3130b958b: 32 groups; 1.8 s; peak memory 1246 MiB.
2026-10-09T08:07:52Z INFO [532/900] 80d3e606-d94a-4cba-87e8-bf046a167472: 32 groups; 1.6 s; peak memory 1246 MiB.
2026-10-09T08:08:01Z INFO [533/900] 80d426f3-ee57-4268-8c7d-a9ff2393a868: 78 groups; 8.9 s; peak memory 1246 MiB.
2026-10-09T08:08:02Z INFO [534/900] 80d48e91-a81e-4d0e-8417-578028fc3989: 22 groups; 1.5 s; peak memory 1246 MiB.
2026-10-09T08:08:04Z INFO [535/900] 80d4a968-bfb5-48fe-bb8f-2c796ee7d88d: 32 groups; 2.1 s; peak memory 1246 MiB.
2026-10-09T08:08:06Z INFO [536/900] 80d549e5-7e52-448e-b62f-4f69332eb5fb: 32 groups; 1.6 s; peak memory 1246 MiB.
2026-10-09T08:08:07Z INFO [537/900] 80d5a2da-f620-4298-915d-6b3b2a8950c3: 22 groups; 1.3 s; peak memory 1246 MiB.
2026-10-09T08:08:22Z INFO [538/900] 80d5b849-a9e5-4a04-9d46-c37b64ad3c1a: 162 groups; 15.1 s; peak memory 1246 MiB.
2026-10-09T08:08:25Z INFO [539/900] 80d79621-632f-465d-b14f-ba3477558b5d: 35 groups; 2.3 s; peak memory 1246 MiB.
2026-10-09T08:08:26Z INFO [540/900] 80d7cda1-c088-4a95-b150-cf0fcacf9689: 33 groups; 1.6 s; peak memory 1246 MiB.
2026-10-09T08:08:28Z INFO [541/900] 80d823a3-b544-407c-ba55-66b5f824d4a6: 32 groups; 1.7 s; peak memory 1246 MiB.
2026-10-09T08:08:29Z INFO [542/900] 80d832ae-8cef-44e9-8198-3b17f81a2aca: 16 groups; 1.2 s; peak memory 1246 MiB.
2026-10-09T08:08:31Z INFO [543/900] 80d83517-eaa7-412d-9619-bee7dcd23059: 32 groups; 1.8 s; peak memory 1246 MiB.
2026-10-09T08:08:48Z INFO [544/900] 80d83d5c-bf1e-40fa-970a-d7395ef9f31d: 18 groups; 17.0 s; peak memory 1246 MiB.
2026-10-09T08:09:02Z INFO [545/900] 80d84ff5-eefd-4bfd-99cf-9da538cf571e: 98 groups; 14.4 s; peak memory 1246 MiB.
2026-10-09T08:09:04Z INFO [546/900] 80d89277-04b4-4cce-be07-5260494a61dc: 35 groups; 2.0 s; peak memory 1246 MiB.
2026-10-09T08:09:06Z INFO [547/900] 80d8cd49-62a6-40fc-96ae-21676c8fda9f: 32 groups; 1.6 s; peak memory 1246 MiB.
2026-10-09T08:09:12Z INFO [548/900] 80d93ff0-deed-4fed-8b0e-3feae48a484c: 71 groups; 6.4 s; peak memory 1246 MiB.
2026-10-09T08:09:15Z INFO [549/900] 80d962f0-177d-466c-b6b9-4b61ee315875: 337 groups; 2.4 s; peak memory 1246 MiB.
2026-10-09T08:09:16Z INFO [550/900] 80d9d438-bfa9-4bf2-bdbe-6ebb17cc4a55: 32 groups; 1.8 s; peak memory 1246 MiB.
2026-10-09T08:09:17Z INFO [550/900] 80d9d438-bfa9-4bf2-bdbe-6ebb17cc4a55: checkpointed 108986 new records.
2026-10-09T08:09:20Z INFO [551/900] 80da1cb1-25cb-4971-a930-668f5c9e2aa0: 22 groups; 3.3 s; peak memory 1246 MiB.
2026-10-09T08:09:21Z INFO [552/900] 80dab760-9b1a-45d3-9623-5a4359a9fce5: 21 groups; 1.6 s; peak memory 1246 MiB.
2026-10-09T08:09:23Z INFO [553/900] 80dbd692-c867-4748-ab47-6ce06a012683: 32 groups; 1.7 s; peak memory 1246 MiB.
2026-10-09T08:09:24Z INFO [554/900] 80dbe744-e62e-43d9-a3fc-0bd9e0aed6f1: 32 groups; 1.4 s; peak memory 1246 MiB.
2026-10-09T08:09:26Z INFO [555/900] 80dc3776-dd7d-4db7-b568-ef53c13ff53d: 35 groups; 1.9 s; peak memory 1246 MiB.
2026-10-09T08:09:28Z INFO [556/900] 80dc4308-8ed8-4510-858a-a4fe8001025e: 22 groups; 1.4 s; peak memory 1246 MiB.
2026-10-09T08:09:30Z INFO [557/900] 80dcc076-6dab-4c44-a74c-3ce34b9d6c15: 33 groups; 1.7 s; peak memory 1246 MiB.
2026-10-09T08:09:32Z INFO [558/900] 80dcc3cb-8a8b-4e9a-abff-e729e6ee4806: 261 groups; 2.3 s; peak memory 1246 MiB.
2026-10-09T08:09:33Z INFO [559/900] 80dcc433-6177-4710-8234-f51707750e52: 21 groups; 1.5 s; peak memory 1246 MiB.
2026-10-09T08:14:08Z INFO [560/900] 80dcf3fe-d0f2-4b67-a5c1-ca246e887ae1: 39 groups; 275.0 s; peak memory 1246 MiB.
2026-10-09T08:14:12Z INFO [561/900] 80dda9a8-a5d7-4afa-a7c2-623d9538d633: 48 groups; 3.5 s; peak memory 1246 MiB.
2026-10-09T08:14:14Z INFO [562/900] 80de4aa3-4585-47cf-ae34-ed40a4074bc2: 32 groups; 1.7 s; peak memory 1246 MiB.
2026-10-09T08:14:15Z INFO [563/900] 80dedc7b-d1c5-44c3-8d7c-e683653d86f0: 21 groups; 1.6 s; peak memory 1246 MiB.
2026-10-09T08:14:16Z INFO [564/900] 80df4512-93ee-4871-b1b1-6a7d155302d8: 16 groups; 1.3 s; peak memory 1246 MiB.
2026-10-09T08:14:21Z INFO [565/900] 80e0e1ef-b97a-4810-8765-2f2b206e33dd: 47 groups; 5.0 s; peak memory 1246 MiB.
2026-10-09T08:14:23Z INFO [566/900] 80e15163-a07d-4109-9993-a4298b641ba2: 22 groups; 1.5 s; peak memory 1246 MiB.
2026-10-09T08:14:24Z INFO [567/900] 80e158b2-ceb7-40e3-8883-f9b776d9eb77: 22 groups; 1.5 s; peak memory 1246 MiB.
2026-10-09T08:14:26Z INFO [568/900] 80e17f49-48ec-4d2f-b80a-eb8e1ab0e50d: 28 groups; 1.6 s; peak memory 1246 MiB.
2026-10-09T08:14:28Z INFO [569/900] 80e18429-8efa-425e-80b4-3d868a29362f: 103 groups; 1.8 s; peak memory 1246 MiB.
2026-10-09T08:14:29Z INFO [570/900] 80e2c440-5d6a-4a4f-9a2f-034ae5084947: 22 groups; 1.5 s; peak memory 1246 MiB.
2026-10-09T08:14:37Z INFO [571/900] 80e31f77-0618-4d07-acea-af1d968f1fef: 78 groups; 7.4 s; peak memory 1246 MiB.
2026-10-09T08:14:41Z INFO [572/900] 80e3582a-401f-4695-8f57-b0305b98e4fd: 33 groups; 4.1 s; peak memory 1246 MiB.
2026-10-09T08:14:50Z INFO [573/900] 80e3e855-5195-42e1-b221-cf9384a04545: 186 groups; 9.4 s; peak memory 1246 MiB.
2026-10-09T08:14:53Z INFO [574/900] 80e4099f-7213-4638-86ff-810a00288674: 43 groups; 2.6 s; peak memory 1246 MiB.
2026-10-09T08:14:55Z INFO [575/900] 80e4ee1d-1ee0-487d-b5d1-ef537f941c00: 72 groups; 1.7 s; peak memory 1246 MiB.
2026-10-09T08:15:54Z INFO [576/900] 80e5ede7-cf0e-4d2d-b5e6-a8aae0da2c37: 4648 groups; 59.7 s; peak memory 1246 MiB.
2026-10-09T08:15:57Z INFO [577/900] 80e5eff2-6863-4038-9302-675d85163951: 573 groups; 2.9 s; peak memory 1246 MiB.
2026-10-09T08:16:00Z INFO [578/900] 80e61446-51d3-439c-a335-6760be082497: 48 groups; 2.7 s; peak memory 1246 MiB.
2026-10-09T08:16:01Z INFO [579/900] 80e61bee-006f-44bd-bd19-2cf3524d2147: 31 groups; 1.3 s; peak memory 1246 MiB.
2026-10-09T08:16:08Z INFO [580/900] 80e6a11e-a813-4bba-a241-692cebdd6070: 172 groups; 7.2 s; peak memory 1246 MiB.
2026-10-09T08:16:10Z INFO [581/900] 80e77b8b-4ce0-4502-83fd-04f51c4c5fcf: 22 groups; 1.3 s; peak memory 1246 MiB.
2026-10-09T08:16:11Z INFO [582/900] 80e7b680-2beb-4136-bc11-8fb7d893ea5a: 256 groups; 1.8 s; peak memory 1246 MiB.
2026-10-09T08:16:14Z INFO [583/900] 80e8bcf6-f912-4415-8cde-43458a0290f3: 199 groups; 2.2 s; peak memory 1246 MiB.
2026-10-09T08:16:15Z INFO [584/900] 80e9c2cc-5d43-4cdb-a632-afa0d4382b7d: 26 groups; 1.1 s; peak memory 1246 MiB.
2026-10-09T08:16:16Z INFO [585/900] 80ea5e42-c67d-4e3f-837a-33f30dcd743b: 28 groups; 1.3 s; peak memory 1246 MiB.
2026-10-09T08:16:58Z INFO [586/900] 80ea6a73-8c12-4ce5-90d2-bfbb6f6b73cf: 429 groups; 42.2 s; peak memory 1246 MiB.
2026-10-09T08:16:59Z INFO [587/900] 80ebe572-79e5-4f84-bdc4-0deacc8db8a5: 22 groups; 1.3 s; peak memory 1246 MiB.
2026-10-09T08:17:04Z INFO [588/900] 80ed83d8-7790-4bcb-830b-7d937df4bf46: 50 groups; 4.2 s; peak memory 1246 MiB.
2026-10-09T08:17:05Z INFO [589/900] 80edd5a9-4bb0-4d41-9835-565c32486f92: 32 groups; 1.8 s; peak memory 1246 MiB.
2026-10-09T08:17:07Z INFO [590/900] 80eecb55-7da6-49fd-ba6e-d881452c490f: 35 groups; 2.0 s; peak memory 1246 MiB.
2026-10-09T08:17:09Z INFO [591/900] 80efa583-12b8-4405-88e6-4d050be867f1: 32 groups; 1.8 s; peak memory 1246 MiB.
2026-10-09T08:17:11Z INFO [592/900] 80f02da7-fa71-4820-99c1-51aa48d0c355: 103 groups; 1.5 s; peak memory 1246 MiB.
2026-10-09T08:17:13Z INFO [593/900] 80f0d720-7171-494c-826b-41f63d358d13: 32 groups; 1.7 s; peak memory 1246 MiB.
2026-10-09T08:17:14Z INFO [594/900] 80f202cb-c8e1-4ca0-a830-57c35a4124eb: 25 groups; 1.4 s; peak memory 1246 MiB.
2026-10-09T08:17:15Z INFO [595/900] 80f20a9e-0497-4466-bb98-690c2dd20edf: 22 groups; 1.5 s; peak memory 1246 MiB.
2026-10-09T08:17:17Z INFO [596/900] 80f2165d-1e06-4472-9915-766e09002bcf: 253 groups; 1.6 s; peak memory 1246 MiB.
2026-10-09T08:17:18Z INFO [597/900] 80f2afd0-ee91-45b9-8386-39fb23ccd3ec: 22 groups; 1.1 s; peak memory 1246 MiB.
2026-10-09T08:20:08Z INFO [598/900] 80f2e76a-7d77-46de-84cf-cc92eaf2293c: 60 groups; 169.9 s; peak memory 1246 MiB.
2026-10-09T08:20:09Z INFO [599/900] 80f38131-c513-4f36-9b22-6359f10786ae: 22 groups; 1.3 s; peak memory 1246 MiB.
2026-10-09T08:30:33Z INFO [600/900] 80f486ee-8330-4175-a788-50d2c724ebe9: 35 groups; 623.5 s; peak memory 1246 MiB.
2026-10-09T08:30:33Z INFO [600/900] 80f486ee-8330-4175-a788-50d2c724ebe9: checkpointed 109036 new records.
2026-10-09T08:30:37Z INFO [601/900] 80f4f5b2-fd13-4e26-b1ff-c4d84634fdc2: 54 groups; 4.3 s; peak memory 1246 MiB.
2026-10-09T08:30:39Z INFO [602/900] 80f51d4d-57a4-4245-b735-8d3f1afea95e: 22 groups; 1.4 s; peak memory 1246 MiB.
2026-10-09T08:30:40Z INFO [603/900] 80f5aed0-24c9-41c9-9d8c-f036e866daec: 32 groups; 1.7 s; peak memory 1246 MiB.
2026-10-09T08:30:48Z INFO [604/900] 80f7583a-8c81-40cd-9820-511f649f8725: 78 groups; 7.1 s; peak memory 1246 MiB.
2026-10-09T08:30:49Z INFO [605/900] 80f7f08f-0aa6-428f-a7de-366afd6fe2cc: 32 groups; 1.8 s; peak memory 1246 MiB.
2026-10-09T08:30:52Z INFO [606/900] 80f9681c-e431-4d56-a9f9-8e2f95153227: 207 groups; 2.5 s; peak memory 1246 MiB.
2026-10-09T08:30:59Z INFO [607/900] 80f9ac77-c928-4b8d-bea4-8be5ae9a60bb: 181 groups; 7.6 s; peak memory 1246 MiB.
2026-10-09T08:31:02Z INFO [608/900] 80fa5375-898d-4c5c-8703-e825c736e6e4: 259 groups; 2.8 s; peak memory 1246 MiB.
2026-10-09T08:31:04Z INFO [609/900] 80fa5779-016b-4304-865a-a195f77b21bc: 22 groups; 1.5 s; peak memory 1246 MiB.
2026-10-09T08:31:06Z INFO [610/900] 80fa9e8a-92d7-44a0-b94d-5621de456a52: 35 groups; 2.0 s; peak memory 1246 MiB.
2026-10-09T08:32:04Z INFO [611/900] 80fb69ea-81de-4bd2-af28-c38c12c03b96: 30 groups; 58.5 s; peak memory 1246 MiB.
2026-10-09T08:32:06Z INFO [612/900] 80fc54fa-773a-464e-9918-587291ee2857: 194 groups; 1.9 s; peak memory 1246 MiB.
2026-10-09T08:32:08Z INFO [613/900] 80fc6823-8f05-48d9-bf0a-0fe6053fdaa0: 203 groups; 2.0 s; peak memory 1246 MiB.
2026-10-09T08:32:11Z INFO [614/900] 80fd64a3-bb9f-4f7e-9faa-95b3f81930fd: 17 groups; 2.9 s; peak memory 1246 MiB.
2026-10-09T08:32:14Z INFO [615/900] 80fdf92c-27ac-49c9-99eb-63cde212b59d: 53 groups; 2.9 s; peak memory 1246 MiB.
2026-10-09T08:32:15Z INFO [616/900] 80feaa4d-881e-4592-af1f-999f3e993cd9: 17 groups; 1.2 s; peak memory 1246 MiB.
2026-10-09T08:32:18Z INFO [617/900] 80ff3587-fd02-436f-a247-6b8916d2b395: 494 groups; 3.4 s; peak memory 1246 MiB.
2026-10-09T08:32:20Z INFO [618/900] 810075a8-a04d-4561-a6fd-c4aa4532996e: 32 groups; 1.7 s; peak memory 1246 MiB.
2026-10-09T08:32:31Z INFO [619/900] 8100e50d-2d0c-4cd7-8663-74cbd0dbf163: 199 groups; 11.2 s; peak memory 1246 MiB.
2026-10-09T08:35:34Z INFO [620/900] 8101f5a3-bd5c-4135-8d32-86513759ffde: 77 groups; 182.6 s; peak memory 1246 MiB.
2026-10-09T08:35:36Z INFO [621/900] 8101f722-af8b-4c3d-90d1-5e9a14373ac0: 27 groups; 1.8 s; peak memory 1246 MiB.
2026-10-09T08:35:37Z INFO [622/900] 810356e6-ff14-4aec-a350-f5bedbadcfae: 22 groups; 1.4 s; peak memory 1246 MiB.
2026-10-09T08:35:38Z INFO [623/900] 81035bd0-2e75-472e-a904-824ea76d20fa: 22 groups; 1.4 s; peak memory 1246 MiB.
2026-10-09T08:35:40Z INFO [624/900] 8103c0bc-d5d6-4ce6-b755-a8714508ed96: 33 groups; 2.0 s; peak memory 1246 MiB.
2026-10-09T08:35:42Z INFO [625/900] 8103ffce-f9d9-4f9c-a448-0bd8505ebb4d: 30 groups; 1.7 s; peak memory 1246 MiB.
2026-10-09T08:35:43Z INFO [626/900] 81043d55-de88-4d0e-b9ee-90664166f9bb: 22 groups; 1.4 s; peak memory 1246 MiB.
2026-10-09T08:36:04Z INFO [627/900] 8104d009-c8d9-4dee-a3e4-ac3767a53d14: 157 groups; 20.1 s; peak memory 1246 MiB.
2026-10-09T08:36:05Z INFO [628/900] 810871a4-47bf-4a2a-969c-eb9b73477e29: 202 groups; 1.9 s; peak memory 1246 MiB.
2026-10-09T08:36:16Z INFO [629/900] 810878c0-d955-498e-96df-ef4ae855b097: 49 groups; 10.5 s; peak memory 1246 MiB.
2026-10-09T08:36:17Z INFO [630/900] 81089578-db8a-49f6-b696-eb8902c99f53: 30 groups; 1.2 s; peak memory 1246 MiB.
2026-10-09T08:36:18Z INFO [631/900] 8108fd2c-8795-4a2e-b07c-e7579caeb497: 31 groups; 1.2 s; peak memory 1246 MiB.
2026-10-09T08:36:20Z INFO [632/900] 81098d82-175b-4981-bc37-3579943d09dd: 22 groups; 1.3 s; peak memory 1246 MiB.
2026-10-09T08:36:22Z INFO [633/900] 810ac31b-009b-49c8-840e-fe0f7b96192c: 27 groups; 2.2 s; peak memory 1246 MiB.
2026-10-09T08:36:23Z INFO [634/900] 810ad27d-3a1f-4831-be84-9161133aee46: 24 groups; 1.3 s; peak memory 1246 MiB.
2026-10-09T08:36:25Z INFO [635/900] 810b00dd-93ef-4330-9034-13bec599183c: 33 groups; 2.1 s; peak memory 1246 MiB.
2026-10-09T08:36:29Z INFO [636/900] 810b57c7-4318-4d48-b482-2a1fed3ca3c7: 17 groups; 3.3 s; peak memory 1246 MiB.
2026-10-09T08:36:30Z INFO [637/900] 810bb02d-40e9-41b3-a95e-4a0420a905be: 22 groups; 1.5 s; peak memory 1246 MiB.
2026-10-09T08:36:32Z INFO [638/900] 810c457e-5562-47cc-8ee7-f03cd28c8b7f: 32 groups; 1.9 s; peak memory 1246 MiB.
2026-10-09T08:36:34Z INFO [639/900] 810c5bf2-254d-4ec2-878b-73c28922448d: 29 groups; 2.4 s; peak memory 1246 MiB.
2026-10-09T08:36:37Z INFO [640/900] 810d4a3e-1e10-48e1-985e-f8c2f6dc32e1: 53 groups; 2.2 s; peak memory 1246 MiB.
2026-10-09T08:36:38Z INFO [641/900] 810d566a-b5f2-4dcf-861d-ca2ad251cb21: 35 groups; 1.8 s; peak memory 1246 MiB.
2026-10-09T08:36:40Z INFO [642/900] 810d9d2f-06e1-4176-949f-7204d985741f: 24 groups; 1.6 s; peak memory 1246 MiB.
2026-10-09T08:36:42Z INFO [643/900] 810dea62-1e6b-4d84-9966-78078e27e3cb: 32 groups; 1.6 s; peak memory 1246 MiB.
2026-10-09T08:36:43Z INFO [644/900] 810e76ae-562a-4f28-866b-bf68549eb22f: 28 groups; 1.3 s; peak memory 1246 MiB.
2026-10-09T08:36:44Z INFO [645/900] 810e8d2f-3a4f-4cfb-8748-2f2eb150afd9: 31 groups; 1.2 s; peak memory 1246 MiB.
2026-10-09T08:38:33Z INFO [646/900] 810e9d83-a8f3-475a-9a71-634659b1c690: 46 groups; 109.5 s; peak memory 1246 MiB.
2026-10-09T08:38:35Z INFO [647/900] 810eb60a-d34d-466c-8c99-958252eb63c2: 22 groups; 1.4 s; peak memory 1246 MiB.
2026-10-09T08:38:37Z INFO [648/900] 810f0da9-b97e-4b63-92e1-2d4d83156a80: 202 groups; 2.0 s; peak memory 1246 MiB.
2026-10-09T08:38:38Z INFO [649/900] 810f11fb-2241-44c7-8675-6a7fcacd9acd: 252 groups; 1.6 s; peak memory 1246 MiB.
2026-10-09T08:38:41Z INFO [650/900] 810f282d-e84d-47f6-a4dd-c58b0edd516b: 36 groups; 2.8 s; peak memory 1246 MiB.
2026-10-09T08:38:41Z INFO [650/900] 810f282d-e84d-47f6-a4dd-c58b0edd516b: checkpointed 109086 new records.
2026-10-09T08:38:43Z INFO [651/900] 810ff391-6fd8-4d9d-a091-20a48125d01d: 35 groups; 2.0 s; peak memory 1246 MiB.
2026-10-09T08:38:45Z INFO [652/900] 810fff0d-1c38-423e-83b6-9edcc108ef4e: 32 groups; 1.7 s; peak memory 1246 MiB.
2026-10-09T08:38:47Z INFO [653/900] 81104acc-1af6-4e20-8f03-32304b5f49df: 103 groups; 1.7 s; peak memory 1246 MiB.
2026-10-09T08:38:48Z INFO [654/900] 811066c6-9577-4925-84a1-5e8bd5f0203c: 22 groups; 1.3 s; peak memory 1246 MiB.
2026-10-09T08:38:52Z INFO [655/900] 811068f0-39ea-4be4-ba72-c4fc974a3fb1: 50 groups; 3.9 s; peak memory 1246 MiB.
2026-10-09T08:38:53Z INFO [656/900] 8110c1c8-4d52-464b-bcf9-3e40c6ed8013: 16 groups; 1.1 s; peak memory 1246 MiB.
2026-10-09T08:38:55Z INFO [657/900] 8110edb2-7434-477c-9651-4ab571e3a289: 32 groups; 1.8 s; peak memory 1246 MiB.
2026-10-09T08:38:59Z INFO [658/900] 8112195c-34cc-4c50-9b78-e7e4e907dd10: 54 groups; 3.6 s; peak memory 1246 MiB.
2026-10-09T08:39:01Z INFO [659/900] 81123a09-610c-498f-989c-787bbd747c27: 341 groups; 2.6 s; peak memory 1246 MiB.
2026-10-09T08:39:03Z INFO [660/900] 811287bc-526c-430b-b1a2-ae7f56221680: 34 groups; 1.8 s; peak memory 1246 MiB.
2026-10-09T08:39:04Z INFO [661/900] 8112c3c8-e6a7-49be-92d5-2cc0f8bac021: 32 groups; 1.5 s; peak memory 1246 MiB.
2026-10-09T08:39:07Z INFO [662/900] 8113c78d-81cb-49b8-a716-22f2e0bae19b: 17 groups; 3.0 s; peak memory 1246 MiB.
2026-10-09T08:39:09Z INFO [663/900] 8113dab4-3b1e-41cf-a8b4-eea7afaafaf3: 207 groups; 2.1 s; peak memory 1246 MiB.
2026-10-09T08:39:29Z INFO [664/900] 8114d076-0255-425b-8dd3-0a159d71a27a: 17 groups; 19.5 s; peak memory 1246 MiB.
2026-10-09T08:39:31Z INFO [665/900] 8115228a-1c19-4876-8b2f-901dfb5409b6: 195 groups; 1.9 s; peak memory 1246 MiB.
2026-10-09T08:42:12Z INFO [666/900] 8116391b-b6a9-43ee-9625-5aaa61f56efe: 60 groups; 161.2 s; peak memory 1246 MiB.
2026-10-09T08:42:14Z INFO [667/900] 81166915-50ff-467d-a69e-5c482acba561: 35 groups; 1.9 s; peak memory 1246 MiB.
2026-10-09T08:42:21Z INFO [668/900] 8116b4a0-0e5c-4215-a156-8dc4e9c322ea: 181 groups; 7.2 s; peak memory 1246 MiB.
2026-10-09T08:42:23Z INFO [669/900] 8117222f-2c37-45a7-a510-e80b15bb8b40: 32 groups; 1.6 s; peak memory 1246 MiB.
2026-10-09T08:42:25Z INFO [670/900] 81176f52-ec81-47c7-837c-909956f7ac43: 32 groups; 1.6 s; peak memory 1246 MiB.
2026-10-09T08:42:27Z INFO [671/900] 8117c740-1958-416d-96eb-c669bb2c0e4e: 34 groups; 2.9 s; peak memory 1246 MiB.
2026-10-09T08:42:36Z INFO [672/900] 811861c6-d9e4-4bf6-abfa-9a755d00f995: 66 groups; 8.1 s; peak memory 1246 MiB.
2026-10-09T08:42:37Z INFO [673/900] 81186ca4-b618-45e7-a06c-7519c29ddf4b: 32 groups; 1.8 s; peak memory 1246 MiB.
2026-10-09T08:42:39Z INFO [674/900] 81188fed-7d67-48d3-837c-a1cce1d4f418: 36 groups; 1.9 s; peak memory 1246 MiB.
2026-10-09T08:42:41Z INFO [675/900] 8118d579-d72f-40e1-87e9-499ea851cb1a: 202 groups; 1.9 s; peak memory 1246 MiB.
2026-10-09T08:42:43Z INFO [676/900] 81196636-59ac-4e8c-bafd-3b025b97170c: 30 groups; 1.5 s; peak memory 1246 MiB.
2026-10-09T08:42:45Z INFO [677/900] 811a0a5b-8db0-4814-8fa0-cedc79a80d89: 194 groups; 2.0 s; peak memory 1246 MiB.
2026-10-09T08:42:47Z INFO [678/900] 811a13b1-7393-40e0-ae1d-c5499bcbdc39: 26 groups; 1.8 s; peak memory 1246 MiB.
2026-10-09T08:42:57Z INFO [679/900] 811a27c6-0f27-46f1-977c-37cb0ad7ab74: 49 groups; 10.7 s; peak memory 1246 MiB.
2026-10-09T08:42:58Z INFO [680/900] 811a643c-09f1-4c74-a6e4-d9f66c6450d9: 28 groups; 1.2 s; peak memory 1246 MiB.
2026-10-09T08:43:00Z INFO [681/900] 811b8213-a7c1-43b9-a920-bc5d3b0dfa53: 32 groups; 1.6 s; peak memory 1246 MiB.
2026-10-09T08:43:14Z INFO [682/900] 811bf7ca-3f15-4a58-8b51-2d04f8ac68b1: 188 groups; 13.6 s; peak memory 1246 MiB.
2026-10-09T08:43:15Z INFO [683/900] 811dfb33-c865-454d-8590-53f5d3ab3199: 35 groups; 1.9 s; peak memory 1246 MiB.
2026-10-09T08:43:17Z INFO [684/900] 811e1e16-fb63-4aa4-babf-6803707a6228: 22 groups; 1.4 s; peak memory 1246 MiB.
2026-10-09T08:43:20Z INFO [685/900] 811e927e-5415-4c94-ba1c-3d833cc67c39: 48 groups; 3.3 s; peak memory 1246 MiB.
2026-10-09T08:43:22Z INFO [686/900] 811fc1a3-48dc-43b6-846b-174a2a1c46d0: 22 groups; 1.5 s; peak memory 1246 MiB.
2026-10-09T08:43:33Z INFO [687/900] 811fd2f1-6e88-4a5e-b0b0-60e4b1bf0a28: 130 groups; 10.9 s; peak memory 1246 MiB.
2026-10-09T08:43:34Z INFO [688/900] 8120ae36-0246-4641-b545-6c52aa514d67: 22 groups; 1.3 s; peak memory 1246 MiB.
2026-10-09T08:43:35Z INFO [689/900] 8120b165-b282-49d2-8426-90162b3ad1e9: 16 groups; 1.1 s; peak memory 1246 MiB.
2026-10-09T08:43:37Z INFO [690/900] 8121a43b-f9b7-45c1-902d-9ac6b32a6918: 195 groups; 1.7 s; peak memory 1246 MiB.
2026-10-09T08:43:39Z INFO [691/900] 8122af60-079d-453e-890c-eb0f045278a8: 33 groups; 2.0 s; peak memory 1246 MiB.
2026-10-09T08:43:40Z INFO [692/900] 8122bf61-f671-4450-9663-e3558ddf13ea: 254 groups; 1.7 s; peak memory 1246 MiB.
2026-10-09T08:43:43Z INFO [693/900] 812309ec-3fbf-48f7-8f1a-5714159a2a67: 573 groups; 2.7 s; peak memory 1246 MiB.
2026-10-09T08:43:50Z INFO [694/900] 8123217d-26cb-4530-b00b-0116fe976954: 117 groups; 7.2 s; peak memory 1246 MiB.
2026-10-09T08:43:52Z INFO [695/900] 81233365-dac3-4a94-b184-9013d09fe96b: 22 groups; 1.3 s; peak memory 1246 MiB.
2026-10-09T08:43:53Z INFO [696/900] 81234ba0-d412-4aa2-866f-1aa1ecc012c4: 22 groups; 1.4 s; peak memory 1246 MiB.
2026-10-09T08:43:56Z INFO [697/900] 81244b7b-6396-4692-a51b-aaeb47c29c7d: 48 groups; 3.3 s; peak memory 1246 MiB.
2026-10-09T08:43:58Z INFO [698/900] 8124d210-0105-4c4b-a246-72a9e9d03503: 194 groups; 1.8 s; peak memory 1246 MiB.
2026-10-09T08:44:00Z INFO [699/900] 8124ecab-51d7-470a-957a-3ce0c14cc2e8: 253 groups; 1.6 s; peak memory 1246 MiB.
2026-10-09T08:44:17Z INFO [700/900] 812673ba-2384-4a76-a374-cae741c51333: 343 groups; 17.1 s; peak memory 1246 MiB.
2026-10-09T08:44:17Z INFO [700/900] 812673ba-2384-4a76-a374-cae741c51333: checkpointed 109136 new records.
2026-10-09T08:44:27Z INFO [701/900] 81268142-d00f-4d3c-9fb5-42fd9516cc46: 49 groups; 10.3 s; peak memory 1246 MiB.
2026-10-09T08:44:35Z INFO [702/900] 81273f5a-641f-4fe2-b12c-2a6700d80be1: 47 groups; 7.5 s; peak memory 1246 MiB.
2026-10-09T08:44:36Z INFO [703/900] 8127c186-6a04-4770-bf2f-082e0063edcf: 22 groups; 1.5 s; peak memory 1246 MiB.
2026-10-09T08:44:40Z INFO [704/900] 81282878-0493-45eb-afe3-df4e08b8f22d: 48 groups; 3.3 s; peak memory 1246 MiB.
2026-10-09T08:44:41Z INFO [705/900] 81284d5b-ebfc-45e0-af1a-2ca031295c97: 22 groups; 1.6 s; peak memory 1246 MiB.
2026-10-09T08:44:43Z INFO [706/900] 8128af48-90c0-4a65-9875-8891eaba0acf: 32 groups; 1.6 s; peak memory 1246 MiB.
2026-10-09T08:44:44Z INFO [707/900] 81292ff2-ca71-49be-afbe-a9f4ad8c051a: 32 groups; 1.5 s; peak memory 1246 MiB.
2026-10-09T08:44:46Z INFO [708/900] 81293676-f086-42ae-b689-f7620af70a2a: 22 groups; 1.4 s; peak memory 1246 MiB.
2026-10-09T08:44:47Z INFO [709/900] 8129826b-56bc-451c-a13e-684e44e482da: 22 groups; 1.4 s; peak memory 1246 MiB.
2026-10-09T08:44:52Z INFO [710/900] 812a2a5f-f504-4a49-9f7f-91b4f2b36ad9: 30 groups; 4.8 s; peak memory 1246 MiB.
2026-10-09T08:44:54Z INFO [711/900] 812b60a4-c7bf-4b67-bbe0-d00279f1074b: 206 groups; 2.4 s; peak memory 1246 MiB.
2026-10-09T08:44:59Z INFO [712/900] 812be61c-607f-4f88-9c70-50706593c345: 36 groups; 4.5 s; peak memory 1246 MiB.
2026-10-09T08:45:00Z INFO [713/900] 812da454-ca76-46de-b769-95304728b31b: 32 groups; 1.6 s; peak memory 1246 MiB.
2026-10-09T08:45:17Z INFO [714/900] 812ea3f8-9e74-4a92-818e-810b3dccfd51: 238 groups; 17.0 s; peak memory 1246 MiB.
2026-10-09T08:45:24Z INFO [715/900] 812f2278-31b6-4acc-8304-c7eeccc05b0b: 78 groups; 6.4 s; peak memory 1246 MiB.
2026-10-09T08:45:50Z INFO [716/900] 812f50da-4159-4ba0-84e6-250feb8c9971: 23 groups; 25.9 s; peak memory 1246 MiB.
2026-10-09T08:45:51Z INFO [717/900] 812f5c11-f85a-4a2f-963a-924b0137fc96: 32 groups; 1.6 s; peak memory 1246 MiB.
2026-10-09T08:45:52Z INFO [718/900] 81313792-f515-4a8b-a411-ba82e3486556: 31 groups; 1.2 s; peak memory 1246 MiB.
2026-10-09T08:46:05Z INFO [719/900] 81318b25-b2b8-4296-9858-573ed9362955: 76 groups; 12.3 s; peak memory 1246 MiB.
2026-10-09T08:46:06Z INFO [720/900] 813291a5-f0f1-4a29-a727-2b8e48455d6d: 29 groups; 1.2 s; peak memory 1246 MiB.
2026-10-09T08:46:07Z INFO [721/900] 81344cd5-93d3-4146-b648-d1dc06464d30: 29 groups; 1.2 s; peak memory 1246 MiB.
2026-10-09T08:46:08Z INFO [722/900] 81349253-3d22-4ba8-9980-e5840b427618: 22 groups; 1.3 s; peak memory 1246 MiB.
2026-10-09T08:46:12Z INFO [723/900] 81349ee0-5691-4da6-a789-d70c42b7bf50: 50 groups; 4.0 s; peak memory 1246 MiB.
2026-10-09T08:46:14Z INFO [724/900] 8134b69d-2c64-449e-8c53-5fa35655b4a4: 22 groups; 1.4 s; peak memory 1246 MiB.
2026-10-09T08:46:15Z INFO [725/900] 8134c43c-b1fc-4dd4-831f-cdc9d6c4e014: 22 groups; 1.4 s; peak memory 1246 MiB.
2026-10-09T08:46:17Z INFO [726/900] 81358173-50fb-4639-ad03-3c0fb2796d24: 22 groups; 1.5 s; peak memory 1246 MiB.
2026-10-09T08:46:18Z INFO [727/900] 813640b3-ed73-4052-8bce-c826e2ed48a5: 33 groups; 1.4 s; peak memory 1246 MiB.
2026-10-09T08:46:21Z INFO [728/900] 81367379-c959-4ac6-afea-aef2a5761f82: 207 groups; 3.1 s; peak memory 1246 MiB.
2026-10-09T08:46:24Z INFO [729/900] 8136ba6b-3457-4495-81f6-2ca9c8386588: 17 groups; 3.1 s; peak memory 1246 MiB.
2026-10-09T08:46:27Z INFO [730/900] 8137afcd-2823-46c5-b452-8922d8d4c130: 337 groups; 2.5 s; peak memory 1246 MiB.
2026-10-09T08:46:36Z INFO [731/900] 81382240-7878-42a8-8095-810142993b40: 65 groups; 8.8 s; peak memory 1246 MiB.
2026-10-09T08:46:37Z INFO [732/900] 81389015-8128-4927-9f00-3110b04ec144: 22 groups; 1.4 s; peak memory 1246 MiB.
2026-10-09T08:46:38Z INFO [733/900] 8138c5f6-7d91-450c-bbf7-93a7159c4046: 27 groups; 1.3 s; peak memory 1246 MiB.
2026-10-09T08:46:40Z INFO [734/900] 8138fb41-38df-4646-bbe7-010935f2b6bb: 28 groups; 1.5 s; peak memory 1246 MiB.
2026-10-09T08:46:41Z INFO [735/900] 8139695e-74e6-4a79-b455-1d4607c5443f: 22 groups; 1.4 s; peak memory 1246 MiB.
2026-10-09T08:46:59Z INFO [736/900] 8139c115-e45b-4821-8033-32c1335050c6: 18 groups; 18.2 s; peak memory 1246 MiB.
2026-10-09T08:47:03Z INFO [737/900] 813a7af1-0495-4706-83a9-3b7b963fef9d: 17 groups; 3.4 s; peak memory 1246 MiB.
2026-10-09T08:47:04Z INFO [738/900] 813acdbd-9a1d-4a32-b2ee-f4ecd9998776: 22 groups; 1.5 s; peak memory 1246 MiB.
2026-10-09T08:47:08Z INFO [739/900] 813b3241-7319-47a6-b504-028189733441: 50 groups; 3.7 s; peak memory 1246 MiB.
2026-10-09T08:47:09Z INFO [740/900] 813b329d-c672-4f5f-a373-fd6135f461c7: 22 groups; 1.3 s; peak memory 1246 MiB.
2026-10-09T08:47:35Z INFO [741/900] 813baeac-7a31-425f-9be2-27dcb37c34cb: 37 groups; 25.4 s; peak memory 1246 MiB.
2026-10-09T08:47:36Z INFO [742/900] 813cb2e6-0520-46c6-9fd6-f436705aac19: 32 groups; 1.8 s; peak memory 1246 MiB.
2026-10-09T08:47:38Z INFO [743/900] 813ce3d4-a7c7-4872-b937-47ca8f6cfd60: 22 groups; 1.5 s; peak memory 1246 MiB.
2026-10-09T08:47:40Z INFO [744/900] 813d7451-0b13-468a-9356-5c2a90fd0ffb: 29 groups; 1.6 s; peak memory 1246 MiB.
2026-10-09T08:47:42Z INFO [745/900] 813da3ae-4d3d-4cc0-950f-850dd11990d7: 336 groups; 2.2 s; peak memory 1246 MiB.
2026-10-09T08:47:43Z INFO [746/900] 813e487f-0580-4e0d-a753-74b6a025e124: 22 groups; 1.5 s; peak memory 1246 MiB.
2026-10-09T08:47:57Z INFO [747/900] 813e5c98-1ed2-41ba-aa9e-45ff83fde5be: 248 groups; 13.8 s; peak memory 1246 MiB.
2026-10-09T08:48:26Z INFO [748/900] 813e8b4f-ae98-4b8f-bdf9-c0d6b6080123: 244 groups; 29.3 s; peak memory 1246 MiB.
2026-10-09T08:48:34Z INFO [749/900] 813f3d25-2dea-447e-9c2b-a2ac7485d91b: 66 groups; 7.8 s; peak memory 1246 MiB.
2026-10-09T08:48:54Z INFO [750/900] 813f522e-cfa4-4ba2-a42f-e3c8247fc341: 27 groups; 19.8 s; peak memory 1246 MiB.
2026-10-09T08:48:54Z INFO [750/900] 813f522e-cfa4-4ba2-a42f-e3c8247fc341: checkpointed 109186 new records.
2026-10-09T08:48:56Z INFO [751/900] 81400892-c4d9-4617-8303-d90593b59c09: 42 groups; 2.2 s; peak memory 1246 MiB.
2026-10-09T08:48:59Z INFO [752/900] 81407669-8f44-4135-a2ab-de1477703198: 32 groups; 2.8 s; peak memory 1246 MiB.
2026-10-09T08:49:01Z INFO [753/900] 8140997b-a727-4f18-b83f-1f8e2ff80322: 22 groups; 1.5 s; peak memory 1246 MiB.
2026-10-09T08:49:18Z INFO [754/900] 8140bc91-daf1-4b3c-96e5-308f17811bff: 317 groups; 17.0 s; peak memory 1246 MiB.
2026-10-09T08:49:19Z INFO [755/900] 8141025c-81c0-4ab1-9d70-d402a23abdc5: 199 groups; 1.8 s; peak memory 1246 MiB.
2026-10-09T08:49:21Z INFO [756/900] 81416c35-7fde-4e16-9b2c-a6d357cb5aba: 31 groups; 1.3 s; peak memory 1246 MiB.
2026-10-09T08:49:22Z INFO [757/900] 8143080d-c282-4d50-ace0-b1cb25e3f492: 22 groups; 1.4 s; peak memory 1246 MiB.
2026-10-09T08:49:24Z INFO [758/900] 8143204b-927d-494c-93e6-15cb656eadc2: 32 groups; 1.5 s; peak memory 1246 MiB.
2026-10-09T08:49:25Z INFO [759/900] 81435618-6e57-4863-8069-626fe92ea1e4: 253 groups; 1.7 s; peak memory 1246 MiB.
2026-10-09T08:49:27Z INFO [760/900] 81435740-96c5-4dda-a72d-800e778978e7: 22 groups; 1.3 s; peak memory 1246 MiB.
2026-10-09T08:49:29Z INFO [761/900] 8143e1c9-7dc9-4d80-95e3-4f406b8fcf86: 259 groups; 2.3 s; peak memory 1246 MiB.
2026-10-09T08:49:32Z INFO [762/900] 8143fb3b-06c4-4f74-bca8-f3b0b12fc13e: 48 groups; 3.3 s; peak memory 1246 MiB.
2026-10-09T08:49:39Z INFO [763/900] 8144551c-33c2-46a3-9deb-ac067e7ccf41: 78 groups; 7.1 s; peak memory 1246 MiB.
2026-10-09T08:49:48Z INFO [764/900] 8144d3a4-1a51-4991-8235-f1a825e77fe2: 133 groups; 8.9 s; peak memory 1246 MiB.
2026-10-09T08:49:49Z INFO [765/900] 81451a8b-094a-4719-ab94-01b5c94e269d: 31 groups; 1.2 s; peak memory 1246 MiB.
2026-10-09T08:49:51Z INFO [766/900] 8145953d-1f7c-4de0-96a6-730201edc749: 29 groups; 1.6 s; peak memory 1246 MiB.
2026-10-09T08:49:53Z INFO [767/900] 8145f4e9-365f-47c1-b31f-e85201eeb80a: 32 groups; 1.7 s; peak memory 1246 MiB.
2026-10-09T08:49:55Z INFO [768/900] 8145fa29-2daa-49eb-8150-657121b8b986: 206 groups; 2.6 s; peak memory 1246 MiB.
2026-10-09T08:49:58Z INFO [769/900] 8148765c-fe7f-40f5-86ce-b6d9e86211b2: 48 groups; 2.6 s; peak memory 1246 MiB.
2026-10-09T08:49:59Z INFO [770/900] 8148b981-b78a-48ae-98d9-e613592a574c: 18 groups; 1.2 s; peak memory 1246 MiB.
2026-10-09T08:50:03Z INFO [771/900] 8148ccc9-7166-4116-9b6d-b3fd1a378f13: 50 groups; 4.5 s; peak memory 1246 MiB.
2026-10-09T08:50:06Z INFO [772/900] 814ae5ca-070f-4f0e-bc2f-ca49eea6886a: 17 groups; 2.8 s; peak memory 1246 MiB.
2026-10-09T08:50:20Z INFO [773/900] 814c047b-0d42-4fb0-a0dc-2057962e9b03: 211 groups; 14.1 s; peak memory 1246 MiB.
2026-10-09T08:50:22Z INFO [774/900] 814d2fc1-a169-46a2-84d9-24530d7478b1: 16 groups; 1.3 s; peak memory 1246 MiB.
2026-10-09T08:50:23Z INFO [775/900] 814d514b-7ccd-4171-9a0c-645aae61c003: 32 groups; 1.6 s; peak memory 1246 MiB.
2026-10-09T08:50:27Z INFO [776/900] 814d61b3-908e-4bb3-9aa2-8363a5a116f4: 48 groups; 3.8 s; peak memory 1246 MiB.
2026-10-09T08:50:29Z INFO [777/900] 814e3985-2ab0-4be1-9711-941e6aafd4b6: 103 groups; 2.0 s; peak memory 1246 MiB.
2026-10-09T08:50:30Z INFO [778/900] 814f1b4e-19ed-4a65-8048-ac77c8f8f469: 22 groups; 1.4 s; peak memory 1246 MiB.
2026-10-09T08:50:32Z INFO [779/900] 814f9cff-1da1-41d4-af03-29f928c07e65: 22 groups; 1.3 s; peak memory 1246 MiB.
2026-10-09T08:50:33Z INFO [780/900] 814ff3b6-cc2c-4e76-a229-0f1ba3ba9fc2: 17 groups; 1.3 s; peak memory 1246 MiB.
2026-10-09T08:50:37Z INFO [781/900] 8150067f-1fa7-469a-bad0-e2dd3b42acf0: 48 groups; 3.7 s; peak memory 1246 MiB.
2026-10-09T08:50:39Z INFO [782/900] 8150e281-68b0-4f04-9695-ded1cf9a38e0: 22 groups; 1.8 s; peak memory 1246 MiB.
2026-10-09T08:50:41Z INFO [783/900] 8151f0f9-155e-44d2-b0b6-734daf5e6136: 108 groups; 2.2 s; peak memory 1246 MiB.
2026-10-09T08:50:42Z INFO [784/900] 815202ce-4692-49c5-9aa7-3d6054d60da6: 17 groups; 1.4 s; peak memory 1246 MiB.
2026-10-09T08:50:51Z INFO [785/900] 81520ca0-70b0-400a-98a5-917692e0d225: 66 groups; 8.6 s; peak memory 1246 MiB.
2026-10-09T08:50:54Z INFO [786/900] 815233fc-b96d-455a-9e13-0f1b8996b194: 48 groups; 3.1 s; peak memory 1246 MiB.
2026-10-09T08:50:56Z INFO [787/900] 81526111-8ed6-42a0-8437-1f2a02749c90: 59 groups; 2.4 s; peak memory 1246 MiB.
2026-10-09T08:51:03Z INFO [788/900] 8152a532-c0a8-4744-8449-3861d0be9da9: 181 groups; 6.5 s; peak memory 1246 MiB.
2026-10-09T08:51:14Z INFO [789/900] 8152c3bb-b69d-400f-8f7e-1723e71ce8cf: 56 groups; 11.0 s; peak memory 1246 MiB.
2026-10-09T08:51:16Z INFO [790/900] 8152c741-8983-4dbf-8282-2b892b391b76: 32 groups; 2.1 s; peak memory 1246 MiB.
2026-10-09T08:51:36Z INFO [791/900] 8152cfb3-9a87-454d-9982-ac14baaa7f86: 2040 groups; 19.7 s; peak memory 1246 MiB.
2026-10-09T08:51:38Z INFO [792/900] 8152de24-2652-4c7c-91b0-b0fdfa4951a5: 36 groups; 2.1 s; peak memory 1246 MiB.
2026-10-09T08:51:42Z INFO [793/900] 8153b3a1-b94c-41b1-9ffe-56b47a9444e5: 27 groups; 4.5 s; peak memory 1246 MiB.
2026-10-09T08:51:54Z INFO [794/900] 81540aff-e708-4441-b218-c7f8ce35592a: 68 groups; 11.7 s; peak memory 1246 MiB.
2026-10-09T08:51:56Z INFO [795/900] 8154259d-0b47-4d27-a3ff-4ef7df1fa8d2: 34 groups; 1.9 s; peak memory 1246 MiB.
2026-10-09T08:51:57Z INFO [796/900] 8154b5e8-6fb9-4618-9197-0e6901a9e584: 16 groups; 1.0 s; peak memory 1246 MiB.
2026-10-09T08:51:58Z INFO [797/900] 81551c0b-ab2f-4b33-8758-afd54416f1aa: 30 groups; 1.1 s; peak memory 1246 MiB.
2026-10-09T08:55:41Z INFO [798/900] 8155df6a-b360-4d06-9f13-35d8e6bfb175: 42 groups; 222.7 s; peak memory 1371 MiB.
2026-10-09T08:55:53Z INFO [799/900] 81566d50-6538-4229-8e70-86904bb9f986: 169 groups; 12.2 s; peak memory 1371 MiB.
2026-10-09T08:55:55Z INFO [800/900] 815698af-f97c-44a5-88ba-78b455519218: 35 groups; 1.9 s; peak memory 1371 MiB.
2026-10-09T08:55:55Z INFO [800/900] 815698af-f97c-44a5-88ba-78b455519218: checkpointed 109236 new records.
2026-10-09T08:55:56Z INFO [801/900] 81569eed-ab2b-4720-8838-620370c45c16: 31 groups; 1.1 s; peak memory 1371 MiB.
2026-10-09T08:56:00Z INFO [802/900] 8156becc-d5da-4311-af81-a5e31d80b1aa: 33 groups; 4.4 s; peak memory 1371 MiB.
2026-10-09T08:56:03Z INFO [803/900] 8156ecda-b745-4833-beb1-597018db2664: 35 groups; 2.3 s; peak memory 1371 MiB.
2026-10-09T08:56:21Z INFO [804/900] 8157caba-bd57-40a4-be8f-e71469455a23: 324 groups; 18.9 s; peak memory 1371 MiB.
2026-10-09T08:56:34Z INFO [805/900] 8157da06-2bc2-4089-879b-856a8d8f1bc2: 209 groups; 12.1 s; peak memory 1371 MiB.
2026-10-09T08:56:57Z INFO [806/900] 81595248-1242-4a58-b907-61ec9586a45d: 2359 groups; 23.1 s; peak memory 1371 MiB.
2026-10-09T08:56:59Z INFO [807/900] 81596bab-d4e7-457e-b4fd-0d1979e64f51: 48 groups; 2.5 s; peak memory 1371 MiB.
2026-10-09T08:57:01Z INFO [808/900] 8159b844-5213-41df-88fd-00a8c768e0b8: 22 groups; 1.4 s; peak memory 1371 MiB.
2026-10-09T08:57:02Z INFO [809/900] 815a042b-874a-4723-81dd-1a79247ee7c4: 33 groups; 1.5 s; peak memory 1371 MiB.
2026-10-09T08:57:03Z INFO [810/900] 815a7fb3-c357-469f-81f5-890fbd685833: 16 groups; 1.1 s; peak memory 1371 MiB.
2026-10-09T08:57:05Z INFO [811/900] 815aaa49-f3a9-4bbb-92fd-5f3131eeef94: 25 groups; 1.7 s; peak memory 1371 MiB.
2026-10-09T08:57:06Z INFO [812/900] 815b8263-0404-442d-a496-4993626319df: 28 groups; 1.3 s; peak memory 1371 MiB.
2026-10-09T08:57:08Z INFO [813/900] 815c1077-56f3-46fb-ad69-a4fd3acaf41c: 32 groups; 1.7 s; peak memory 1371 MiB.
2026-10-09T08:57:16Z INFO [814/900] 815c3950-86f4-4e20-948b-9626434be61d: 126 groups; 8.4 s; peak memory 1371 MiB.
2026-10-09T08:57:18Z INFO [815/900] 815c8eaf-661f-42dd-8009-3be48b6af270: 22 groups; 1.4 s; peak memory 1371 MiB.
2026-10-09T08:57:31Z INFO [816/900] 815e22cf-891b-4f34-84be-2c5cb72f9d01: 92 groups; 13.8 s; peak memory 1371 MiB.
2026-10-09T08:57:38Z INFO [817/900] 815edac7-5673-41ba-8304-7836b9b26ad5: 181 groups; 6.3 s; peak memory 1371 MiB.
2026-10-09T08:57:39Z INFO [818/900] 815fc65a-d158-4aa0-a2d0-438f7df0eb26: 16 groups; 1.1 s; peak memory 1371 MiB.
2026-10-09T08:57:41Z INFO [819/900] 81602ae1-3630-42f3-998e-8ea51900ad99: 32 groups; 1.9 s; peak memory 1371 MiB.
2026-10-09T08:57:43Z INFO [820/900] 8160f928-6333-4098-b4e1-e66669513607: 33 groups; 1.8 s; peak memory 1371 MiB.
2026-10-09T08:57:44Z INFO [821/900] 8161420c-18a3-4646-919c-971a45b1bcee: 32 groups; 1.6 s; peak memory 1371 MiB.
2026-10-09T08:57:46Z INFO [822/900] 816160f1-7d49-4b59-9679-e304ac4808aa: 32 groups; 1.8 s; peak memory 1371 MiB.
2026-10-09T08:57:55Z INFO [823/900] 81617cde-1bb7-4060-b62f-59ceca9ca1a0: 181 groups; 8.8 s; peak memory 1371 MiB.
2026-10-09T08:57:57Z INFO [824/900] 8161a5b8-e731-4c24-940a-8fa90333d493: 18 groups; 1.8 s; peak memory 1371 MiB.
2026-10-09T08:57:58Z INFO [825/900] 8161b306-fda5-4b56-9191-6b401e095111: 25 groups; 1.5 s; peak memory 1371 MiB.
2026-10-09T08:58:00Z INFO [826/900] 81622a47-9d7b-44fa-b0b2-0d379da3cd3e: 196 groups; 2.1 s; peak memory 1371 MiB.
2026-10-09T08:58:03Z INFO [827/900] 81625a4e-5fbe-41ac-a03a-7c9c8d7c1908: 47 groups; 3.1 s; peak memory 1371 MiB.
2026-10-09T08:58:05Z INFO [828/900] 816318f3-cfa8-4b46-b93d-b21043c4d30e: 36 groups; 1.9 s; peak memory 1371 MiB.
2026-10-09T08:58:06Z INFO [829/900] 81631b66-5d8b-465e-b5f4-57aa16edc84a: 16 groups; 1.2 s; peak memory 1371 MiB.
2026-10-09T08:59:09Z INFO [830/900] 816336c1-a0b2-45e8-bfc0-8f8cafdafb8d: 52 groups; 63.0 s; peak memory 1371 MiB.
2026-10-09T08:59:22Z INFO [831/900] 8163c95d-d3c2-4c66-902b-21834f22dd9a: 214 groups; 12.1 s; peak memory 1371 MiB.
2026-10-09T08:59:24Z INFO [832/900] 8163cc28-c3aa-4969-8f30-0309bba71568: 41 groups; 2.1 s; peak memory 1371 MiB.
2026-10-09T08:59:25Z INFO [833/900] 81643202-3e8e-4715-95c4-44f66f0384ec: 22 groups; 1.3 s; peak memory 1371 MiB.
2026-10-09T08:59:26Z INFO [834/900] 8164666c-7504-4689-ae30-75e13c2331d0: 22 groups; 1.4 s; peak memory 1371 MiB.
2026-10-09T08:59:28Z INFO [835/900] 81654deb-521e-4398-b447-67af9746249d: 103 groups; 1.6 s; peak memory 1371 MiB.
2026-10-09T08:59:57Z INFO [836/900] 81657c47-4596-4d50-a450-17953e0aa26f: 23 groups; 29.1 s; peak memory 1371 MiB.
2026-10-09T09:00:16Z INFO [837/900] 816584ec-5562-497b-9240-a0298d03527c: 187 groups; 19.1 s; peak memory 1371 MiB.
2026-10-09T09:00:18Z INFO [838/900] 8165a224-6524-4359-b3bd-c912f6e96d25: 32 groups; 1.6 s; peak memory 1371 MiB.
2026-10-09T09:00:19Z INFO [839/900] 8166bcea-3c5c-40c2-a495-a97c8cddce1c: 22 groups; 1.6 s; peak memory 1371 MiB.
2026-10-09T09:00:21Z INFO [840/900] 816747b8-0116-458b-bd63-9f1c9391fe4e: 22 groups; 1.4 s; peak memory 1371 MiB.
2026-10-09T09:00:24Z INFO [841/900] 8167c813-b0fc-4273-b727-bfe42814b3b9: 336 groups; 3.6 s; peak memory 1371 MiB.
2026-10-09T09:00:26Z INFO [842/900] 8169039d-619b-4d53-9899-3b6af509aa23: 32 groups; 1.7 s; peak memory 1371 MiB.
2026-10-09T09:00:27Z INFO [843/900] 81694784-5416-447f-8fe9-1cc5cf023429: 18 groups; 1.2 s; peak memory 1371 MiB.
2026-10-09T09:00:29Z INFO [844/900] 8169fdbc-d69e-4358-bba4-ee7bd2170073: 22 groups; 1.4 s; peak memory 1371 MiB.
2026-10-09T09:00:30Z INFO [845/900] 8169fe17-ee84-4abf-81d3-4107541e523d: 25 groups; 1.5 s; peak memory 1371 MiB.
2026-10-09T09:00:32Z INFO [846/900] 816b475f-8b12-4a52-b6a1-a4791232c6d7: 202 groups; 2.2 s; peak memory 1371 MiB.
2026-10-09T09:00:34Z INFO [847/900] 816ba00c-052a-4604-b10b-4cd7bdd5816b: 22 groups; 1.4 s; peak memory 1371 MiB.
2026-10-09T09:00:35Z INFO [848/900] 816c1025-b9ad-4cd9-ab18-8c5ad86f65a6: 22 groups; 1.5 s; peak memory 1371 MiB.
2026-10-09T09:00:40Z INFO [849/900] 816d57a3-d9cb-438c-9aaf-662c8f02e222: 49 groups; 4.6 s; peak memory 1371 MiB.
2026-10-09T09:00:42Z INFO [850/900] 816dbaa8-a2ed-4f81-a0a1-ce42266910ee: 29 groups; 1.9 s; peak memory 1371 MiB.
2026-10-09T09:00:42Z INFO [850/900] 816dbaa8-a2ed-4f81-a0a1-ce42266910ee: checkpointed 109286 new records.
2026-10-09T09:00:45Z INFO [851/900] 816e023f-8cb6-4730-85f6-1c21d12e909a: 51 groups; 3.5 s; peak memory 1371 MiB.
2026-10-09T09:00:48Z INFO [852/900] 816e5987-b2a7-4596-a461-7b2945fa0aa3: 35 groups; 2.3 s; peak memory 1371 MiB.
2026-10-09T09:00:49Z INFO [853/900] 816e750a-0857-4c3c-965c-753e324261f4: 30 groups; 1.1 s; peak memory 1371 MiB.
2026-10-09T09:00:53Z INFO [854/900] 816f45aa-3ecc-481b-aa5f-c0e5f35269a2: 50 groups; 4.2 s; peak memory 1371 MiB.
2026-10-09T09:00:55Z INFO [855/900] 816f6e1d-2d03-44d3-87e1-81813527144e: 35 groups; 2.1 s; peak memory 1371 MiB.
2026-10-09T09:00:57Z INFO [856/900] 816fcc48-a071-40da-a895-7416f621206b: 25 groups; 1.5 s; peak memory 1371 MiB.
2026-10-09T09:00:58Z INFO [857/900] 81703e88-d895-48dd-816e-b66ee2b9d927: 196 groups; 1.9 s; peak memory 1371 MiB.
2026-10-09T09:01:01Z INFO [858/900] 81706158-a2fa-40a8-b470-91f57baa7517: 35 groups; 2.2 s; peak memory 1371 MiB.
2026-10-09T09:01:03Z INFO [859/900] 81707d1b-177a-4931-9096-8cb990ce6a1a: 43 groups; 2.6 s; peak memory 1371 MiB.
2026-10-09T09:01:05Z INFO [860/900] 8170b08d-d0c6-4ae5-b677-f8ad83a1607f: 35 groups; 1.9 s; peak memory 1371 MiB.
2026-10-09T09:01:06Z INFO [861/900] 8170b243-21f4-43d6-b16f-d954ad7390ea: 24 groups; 1.3 s; peak memory 1371 MiB.
2026-10-09T09:01:23Z INFO [862/900] 81712b13-8952-4abf-8519-17c9214c4f08: 92 groups; 16.9 s; peak memory 1371 MiB.
2026-10-09T09:01:25Z INFO [863/900] 81723642-3078-4a24-8671-0e2e03222ec2: 203 groups; 1.8 s; peak memory 1371 MiB.
2026-10-09T09:01:27Z INFO [864/900] 81724e31-060b-4301-885e-0fbf4192104f: 22 groups; 1.5 s; peak memory 1371 MiB.
2026-10-09T09:01:28Z INFO [865/900] 8172b66d-34ca-4243-ab35-e9e56fe0bb2a: 22 groups; 1.3 s; peak memory 1371 MiB.
2026-10-09T09:01:36Z INFO [866/900] 8172f4e5-a55f-4c35-804d-da27c3259b8b: 78 groups; 7.7 s; peak memory 1371 MiB.
2026-10-09T09:01:37Z INFO [867/900] 817414e7-9f03-4d05-8e23-11e5fd7ba604: 32 groups; 1.6 s; peak memory 1371 MiB.
2026-10-09T09:01:38Z INFO [868/900] 817445a5-76cc-4e9a-a871-96da52bcee9b: 22 groups; 1.1 s; peak memory 1371 MiB.
2026-10-09T09:01:40Z INFO [869/900] 81744ebb-e05f-4b15-8c76-b9378bf6bb80: 256 groups; 1.9 s; peak memory 1371 MiB.
2026-10-09T09:01:42Z INFO [870/900] 81766ec0-45a8-46ce-994e-16f921e08066: 32 groups; 1.7 s; peak memory 1371 MiB.
2026-10-09T09:01:44Z INFO [871/900] 81768640-422a-4b30-91a7-bf1bfbd39334: 252 groups; 1.6 s; peak memory 1371 MiB.
2026-10-09T09:01:50Z INFO [872/900] 8176b025-812f-4f1b-ace5-9325269dbd54: 75 groups; 6.1 s; peak memory 1371 MiB.
2026-10-09T09:01:51Z INFO [873/900] 81774e97-15fe-4bbf-b2e1-552aad745f71: 22 groups; 1.3 s; peak memory 1371 MiB.
2026-10-09T09:01:53Z INFO [874/900] 8177df72-3a95-474d-abef-3ce1c19aa542: 32 groups; 1.6 s; peak memory 1371 MiB.
2026-10-09T09:01:54Z INFO [875/900] 8178fb7a-1f55-4fed-956a-dcca501fe661: 25 groups; 1.7 s; peak memory 1371 MiB.
2026-10-09T09:01:56Z INFO [876/900] 81792758-050c-4a85-8c48-f1ab280bd92c: 35 groups; 1.8 s; peak memory 1371 MiB.
2026-10-09T09:01:58Z INFO [877/900] 817933ad-22ce-4932-ac5a-715127eea38c: 32 groups; 1.8 s; peak memory 1371 MiB.
2026-10-09T09:02:00Z INFO [878/900] 81795a75-aeb1-43d7-8326-c75b46278204: 104 groups; 1.9 s; peak memory 1371 MiB.
2026-10-09T09:02:01Z INFO [879/900] 81796591-12c4-46e3-a084-a128a896a12b: 32 groups; 1.6 s; peak memory 1371 MiB.
2026-10-09T09:02:03Z INFO [880/900] 81798ed7-db28-4299-88f4-005fbc0e7a67: 22 groups; 1.4 s; peak memory 1371 MiB.
2026-10-09T09:02:06Z INFO [881/900] 8179a659-e6a7-415f-9347-bf7abf04aaae: 341 groups; 2.7 s; peak memory 1371 MiB.
2026-10-09T09:02:07Z INFO [882/900] 817a92f1-c616-4d96-8bf1-d6149abe6668: 22 groups; 1.4 s; peak memory 1371 MiB.
2026-10-09T09:02:10Z INFO [883/900] 817b5f68-5834-439b-8882-08b5cc977bf5: 34 groups; 3.4 s; peak memory 1371 MiB.
2026-10-09T09:02:13Z INFO [884/900] 817ba56a-6a0a-495d-a073-d9dd0b3142f4: 202 groups; 2.1 s; peak memory 1371 MiB.
2026-10-09T09:02:15Z INFO [885/900] 817be3cf-8618-456b-b056-04a37e68a131: 35 groups; 2.4 s; peak memory 1371 MiB.
2026-10-09T09:02:19Z INFO [886/900] 817c0092-bfaf-4ea0-820b-f44164f791a5: 54 groups; 4.4 s; peak memory 1371 MiB.
2026-10-09T09:02:21Z INFO [887/900] 817d5b6f-26a7-4b37-8344-e330a8a5ecea: 30 groups; 1.2 s; peak memory 1371 MiB.
2026-10-09T09:02:22Z INFO [888/900] 817f04e1-057e-4274-891b-be7751c6ab89: 30 groups; 1.6 s; peak memory 1371 MiB.
2026-10-09T09:02:24Z INFO [889/900] 817f4762-2ef9-4866-b1cd-3de010d7e843: 32 groups; 1.5 s; peak memory 1371 MiB.
2026-10-09T09:02:31Z INFO [890/900] 818026db-8170-41a4-9b32-74cd0bd3a7ef: 22 groups; 7.7 s; peak memory 1371 MiB.
2026-10-09T09:02:33Z INFO [891/900] 8181019b-9a8c-4b6a-baf9-867fadaa6033: 16 groups; 1.3 s; peak memory 1371 MiB.
2026-10-09T09:02:34Z INFO [892/900] 81811bc6-a566-4d50-8a6c-3495e285f46d: 22 groups; 1.3 s; peak memory 1371 MiB.
2026-10-09T09:02:35Z INFO [893/900] 81812281-fb66-483f-b876-b768b2c901e7: 22 groups; 1.4 s; peak memory 1371 MiB.
2026-10-09T09:02:36Z INFO [894/900] 8181499d-889e-4872-8063-79123826c0e0: 25 groups; 1.1 s; peak memory 1371 MiB.
2026-10-09T09:02:38Z INFO [895/900] 8181c158-ef23-46ac-b9f6-a8cb641148d5: 22 groups; 1.4 s; peak memory 1371 MiB.
2026-10-09T09:02:48Z INFO [896/900] 81835103-31c2-4614-93c6-381b2faf3fb5: 172 groups; 10.6 s; peak memory 1371 MiB.
2026-10-09T09:02:51Z INFO [897/900] 8183b7f0-58d2-4db1-8879-3d2e91f7dc3f: 35 groups; 2.3 s; peak memory 1371 MiB.
2026-10-09T09:05:34Z INFO [898/900] 8184ae3d-0262-4c72-b123-628ec7576abc: 68 groups; 162.9 s; peak memory 1371 MiB.
2026-10-09T09:05:35Z INFO [899/900] 8184cd85-b640-4bba-aee2-8cf67bff5429: 32 groups; 1.6 s; peak memory 1371 MiB.
2026-10-09T09:05:40Z INFO [900/900] 8184e1eb-9737-4a85-867a-bea590e8446a: 577 groups; 4.3 s; peak memory 1371 MiB.
2026-10-09T09:05:40Z INFO [900/900] 8184e1eb-9737-4a85-867a-bea590e8446a: checkpointed 109336 new records.
2026-10-09T09:05:40Z INFO Wrote 109336 records to /tmp/derivatives/valid_nwb_file_to_number_of_groups.jsonl (900 new, 0 failed) in 193.6 min (peak memory 1371 MiB).
