2026-10-09T20:56:23Z INFO Logging to /tmp/logs/update_2026-10-09T20-56-23Z.log.
2026-10-09T20:56:23Z INFO Update valid-nwb-file-to-number-of-groups (base directory /tmp).
2026-10-09T20:56:23Z INFO Processing 900 items (112936 already recorded).
2026-10-09T20:56:35Z INFO [1/900] 88ca9b9b-1cdb-4d27-af55-20937a1cc29a: 234 groups; 12.0 s; peak memory 150 MiB.
2026-10-09T20:56:37Z INFO [2/900] 88cb179d-a1c3-41ec-8d01-93b8808d079f: 32 groups; 1.6 s; peak memory 151 MiB.
2026-10-09T20:56:39Z INFO [3/900] 88cb8cc4-1bf8-40bf-a595-e558a6bfad65: 336 groups; 2.4 s; peak memory 151 MiB.
2026-10-09T20:56:41Z INFO [4/900] 88cbe91c-520d-470a-9d18-bdea0a4db09d: 103 groups; 1.6 s; peak memory 151 MiB.
2026-10-09T20:56:42Z INFO [5/900] 88cc368f-38aa-4fca-9845-ccb121ed0d18: 32 groups; 1.5 s; peak memory 151 MiB.
2026-10-09T20:56:44Z INFO [6/900] 88cc4939-c652-4b0b-8788-43ea49f9e3f3: 32 groups; 1.7 s; peak memory 152 MiB.
2026-10-09T20:56:45Z INFO [7/900] 88cc7290-49ea-40fa-8aca-ed1de66c32ee: 22 groups; 1.4 s; peak memory 152 MiB.
2026-10-09T20:56:47Z INFO [8/900] 88cc87ed-d828-4015-bc91-b7e15c5e9493: 31 groups; 1.2 s; peak memory 152 MiB.
2026-10-09T20:56:50Z INFO [9/900] 88cc980e-cf94-4943-aac2-599523b20521: 44 groups; 3.5 s; peak memory 152 MiB.
2026-10-09T20:56:52Z INFO [10/900] 88ccf249-b58d-4406-9c42-ff49866b1cfe: 337 groups; 2.2 s; peak memory 152 MiB.
2026-10-09T20:57:01Z INFO [11/900] 88cdeffa-323b-4095-84dc-71e0b6cd9ce7: 509 groups; 8.5 s; peak memory 158 MiB.
2026-10-09T20:57:02Z INFO [12/900] 88cdf324-5647-4f25-98b2-d70e32bf967a: 32 groups; 1.7 s; peak memory 158 MiB.
2026-10-09T20:57:04Z INFO [13/900] 88cee537-0c80-4d7f-b128-b69993ff781b: 34 groups; 2.0 s; peak memory 158 MiB.
2026-10-09T20:57:07Z INFO [14/900] 88cfa803-9120-4775-af8e-4eb1bf0eda39: 37 groups; 2.9 s; peak memory 158 MiB.
2026-10-09T20:57:09Z INFO [15/900] 88d0014e-981a-4827-85ec-c04558d98494: 32 groups; 1.8 s; peak memory 158 MiB.
2026-10-09T20:57:12Z INFO [16/900] 88d090c9-97ac-4987-85c2-8e4babf4ec76: 72 groups; 2.9 s; peak memory 158 MiB.
2026-10-09T20:57:14Z INFO [17/900] 88d13204-d5ce-4b59-9471-0ddd8083ecfd: 103 groups; 2.0 s; peak memory 158 MiB.
2026-10-09T20:57:15Z INFO [18/900] 88d1c8ef-e540-4e5f-a380-5f3c0a4114ba: 22 groups; 1.3 s; peak memory 159 MiB.
2026-10-09T20:57:17Z INFO [19/900] 88d20f37-a611-4e14-852a-03528c8a6fe5: 254 groups; 1.7 s; peak memory 159 MiB.
2026-10-09T20:57:18Z INFO [20/900] 88d272a0-9869-4052-bcf5-4dd54515b9df: 24 groups; 1.4 s; peak memory 159 MiB.
2026-10-09T20:57:20Z INFO [21/900] 88d27543-e215-42d1-af6c-e95b3b08fada: 22 groups; 1.4 s; peak memory 159 MiB.
2026-10-09T20:57:21Z INFO [22/900] 88d29432-1b60-4e45-80f1-e67c9c645de1: 16 groups; 1.0 s; peak memory 159 MiB.
2026-10-09T20:57:22Z INFO [23/900] 88d2b244-eaf2-4344-9a29-888e4867eed1: 22 groups; 1.3 s; peak memory 159 MiB.
2026-10-09T20:57:40Z INFO [24/900] 88d394da-b94e-4007-80e1-f227733c42cf: 18 groups; 18.3 s; peak memory 170 MiB.
2026-10-09T20:57:46Z INFO [25/900] 88d3c241-1087-4654-96cd-96ed2ed0727b: 77 groups; 5.6 s; peak memory 170 MiB.
2026-10-09T20:57:48Z INFO [26/900] 88d3ee89-b0f0-4262-a639-72ed3e352c67: 32 groups; 1.8 s; peak memory 170 MiB.
2026-10-09T20:58:44Z INFO [27/900] 88d4b913-e7e4-4838-a4a5-5f4bb1717cb1: 26 groups; 56.0 s; peak memory 209 MiB.
2026-10-09T20:58:46Z INFO [28/900] 88d4d735-acb6-4e58-8a33-0ce88623b877: 32 groups; 1.7 s; peak memory 209 MiB.
2026-10-09T20:59:45Z INFO [29/900] 88d4fa4d-625f-47ef-817a-00747151ae7f: 27 groups; 59.8 s; peak memory 222 MiB.
2026-10-09T20:59:47Z INFO [30/900] 88d51062-847f-4616-ad90-37109cded9f4: 32 groups; 1.6 s; peak memory 222 MiB.
2026-10-09T20:59:49Z INFO [31/900] 88d519b6-8848-48a3-ac79-135d3cffadd5: 35 groups; 1.9 s; peak memory 222 MiB.
2026-10-09T20:59:51Z INFO [32/900] 88d55e1b-b752-4db1-9521-c7cea3d28c21: 41 groups; 1.9 s; peak memory 222 MiB.
2026-10-09T20:59:52Z INFO [33/900] 88d58852-08da-48b6-865d-e4741218c0d5: 25 groups; 1.5 s; peak memory 222 MiB.
2026-10-09T20:59:54Z INFO [34/900] 88d5f386-aa90-47b9-a72a-1a6145795abd: 22 groups; 1.4 s; peak memory 222 MiB.
2026-10-09T20:59:56Z INFO [35/900] 88d6326e-f4a9-4b64-b8fe-b036563bea6d: 336 groups; 2.3 s; peak memory 222 MiB.
2026-10-09T21:00:10Z INFO [36/900] 88d66b38-07c7-4da0-9fd2-226a85facdf0: 1413 groups; 13.6 s; peak memory 222 MiB.
2026-10-09T21:00:13Z INFO [37/900] 88d709fa-491d-4222-a9dd-2462087167e5: 71 groups; 3.8 s; peak memory 222 MiB.
2026-10-09T21:00:15Z INFO [38/900] 88d75810-daea-41a0-8205-145bb7d02615: 22 groups; 1.6 s; peak memory 222 MiB.
2026-10-09T21:00:17Z INFO [39/900] 88d7788a-907f-4234-997e-6e6b5c800559: 32 groups; 1.7 s; peak memory 222 MiB.
2026-10-09T21:00:23Z INFO [40/900] 88d7a216-7779-47d4-8c19-eea10c281cb8: 129 groups; 6.7 s; peak memory 222 MiB.
2026-10-09T21:00:31Z INFO [41/900] 88d7dbe8-7acc-4a0d-9f4e-a722808c37af: 181 groups; 7.5 s; peak memory 222 MiB.
2026-10-09T21:00:33Z INFO [42/900] 88d8c099-6593-4451-b9f8-ef849703b9a6: 32 groups; 1.7 s; peak memory 222 MiB.
2026-10-09T21:00:34Z INFO [43/900] 88d8d775-2c01-4ebe-a3d0-70b1c282ad09: 252 groups; 1.7 s; peak memory 222 MiB.
2026-10-09T21:01:00Z INFO [44/900] 88d8e7b4-7a17-49e4-beaf-8298ebf5e1cd: 157 groups; 26.1 s; peak memory 222 MiB.
2026-10-09T21:01:02Z INFO [45/900] 88d98c97-a1cd-41ab-ba07-58f81224c609: 22 groups; 1.3 s; peak memory 222 MiB.
2026-10-09T21:01:10Z INFO [46/900] 88da31e6-9b27-44b2-aed0-245230c78b5c: 167 groups; 8.8 s; peak memory 222 MiB.
2026-10-09T21:01:13Z INFO [47/900] 88da7307-0136-4f20-9d70-d2c87b9bf914: 33 groups; 2.5 s; peak memory 222 MiB.
2026-10-09T21:01:15Z INFO [48/900] 88daf148-b5ef-44df-8647-0a7ee0721cce: 32 groups; 1.7 s; peak memory 222 MiB.
2026-10-09T21:01:21Z INFO [49/900] 88db2938-a9e0-491c-8056-f83cc894edf3: 73 groups; 6.7 s; peak memory 222 MiB.
2026-10-09T21:01:49Z INFO [50/900] 88db3e47-bda3-4475-84e9-215e4f7ce43a: 1097 groups; 27.3 s; peak memory 222 MiB.
2026-10-09T21:01:49Z INFO [50/900] 88db3e47-bda3-4475-84e9-215e4f7ce43a: checkpointed 112986 new records.
2026-10-09T21:01:50Z INFO [51/900] 88db83c2-9e7a-464f-8148-03f5aef5b80a: 32 groups; 1.6 s; peak memory 222 MiB.
2026-10-09T21:07:26Z INFO [52/900] 88dbc257-0751-472f-a7a2-8970ad09b86e: 93 groups; 335.5 s; peak memory 441 MiB.
2026-10-09T21:08:02Z INFO [53/900] 88dbccf9-5008-4d48-ba5d-1970d41ad5e2: 56 groups; 35.8 s; peak memory 441 MiB.
2026-10-09T21:08:04Z INFO [54/900] 88dc0486-9216-4cd5-8eca-acd6acf2f9df: 35 groups; 1.7 s; peak memory 441 MiB.
2026-10-09T21:08:11Z INFO [55/900] 88dd065c-785d-4cfa-8b34-4a415e263d22: 47 groups; 7.1 s; peak memory 441 MiB.
2026-10-09T21:08:19Z INFO [56/900] 88de4d29-daca-406b-9c17-9013fc46424c: 181 groups; 8.3 s; peak memory 441 MiB.
2026-10-09T21:08:20Z INFO [57/900] 88de7cc5-1f0f-409c-a312-8e133973ae9e: 22 groups; 1.4 s; peak memory 441 MiB.
2026-10-09T21:08:23Z INFO [58/900] 88deeb03-9546-4791-a0ba-74cc82462c89: 35 groups; 2.4 s; peak memory 441 MiB.
2026-10-09T21:08:24Z INFO [59/900] 88dff85f-ccea-4768-92d4-f9d344cd43c0: 22 groups; 1.5 s; peak memory 441 MiB.
2026-10-09T21:08:26Z INFO [60/900] 88e08042-56a2-4188-b2c9-21f024da72ea: 22 groups; 1.5 s; peak memory 441 MiB.
2026-10-09T21:08:27Z INFO [61/900] 88e1cb65-3f77-448e-b8e1-101dd73cf325: 32 groups; 1.6 s; peak memory 441 MiB.
2026-10-09T21:08:29Z INFO [62/900] 88e2844b-e268-40ce-a194-8b16e2ffff30: 22 groups; 1.3 s; peak memory 441 MiB.
2026-10-09T21:08:30Z INFO [63/900] 88e2ae59-f346-4824-b684-368490c0b33e: 27 groups; 1.3 s; peak memory 441 MiB.
2026-10-09T21:08:32Z INFO [64/900] 88e2d698-a5f2-4d39-bb23-09ce334cf578: 22 groups; 1.4 s; peak memory 441 MiB.
2026-10-09T21:08:39Z INFO [65/900] 88e2da8b-0894-4c06-950e-2eac26845577: 152 groups; 7.7 s; peak memory 441 MiB.
2026-10-09T21:08:41Z INFO [66/900] 88e320e5-2f79-40ef-b047-5fde037cf7c7: 22 groups; 1.4 s; peak memory 441 MiB.
2026-10-09T21:08:43Z INFO [67/900] 88e42076-8953-417e-9002-3d0092effe76: 35 groups; 2.0 s; peak memory 441 MiB.
2026-10-09T21:08:44Z INFO [68/900] 88e45833-aade-4adc-ad34-ee811d0d2b62: 21 groups; 1.8 s; peak memory 441 MiB.
2026-10-09T21:08:48Z INFO [69/900] 88e4619c-0105-4b32-a2a3-13f0b72a0a6b: 56 groups; 3.8 s; peak memory 441 MiB.
2026-10-09T21:08:49Z INFO [70/900] 88e50e62-06a0-4fbb-90b5-e360a06b2fb3: 22 groups; 1.3 s; peak memory 441 MiB.
2026-10-09T21:08:53Z INFO [71/900] 88e5179c-52e5-4038-9049-8dabadff4e6b: 48 groups; 3.6 s; peak memory 441 MiB.
2026-10-09T21:08:56Z INFO [72/900] 88e52c5b-c8cc-42ac-b553-425662927dbb: 31 groups; 2.7 s; peak memory 441 MiB.
2026-10-09T21:08:58Z INFO [73/900] 88e5ce84-d9ec-4eef-924a-242c71cb21dc: 41 groups; 1.9 s; peak memory 441 MiB.
2026-10-09T21:09:00Z INFO [74/900] 88e5d3ac-060c-4f31-9f24-e658a3465666: 36 groups; 2.4 s; peak memory 441 MiB.
2026-10-09T21:09:02Z INFO [75/900] 88e61944-06cd-46c2-b537-02fef49430cb: 35 groups; 2.0 s; peak memory 441 MiB.
2026-10-09T21:09:03Z INFO [76/900] 88e739b1-d65d-4e51-b580-30b273a5e9b1: 30 groups; 1.2 s; peak memory 441 MiB.
2026-10-09T21:09:05Z INFO [77/900] 88e78722-6eee-4811-9905-cceea5562bc3: 32 groups; 1.6 s; peak memory 441 MiB.
2026-10-09T21:09:12Z INFO [78/900] 88e81339-b35c-40dc-99e9-9babe0537f97: 127 groups; 6.7 s; peak memory 441 MiB.
2026-10-09T21:09:15Z INFO [79/900] 88e8160f-4221-4b25-af0a-0bf7ff0e4d0e: 48 groups; 3.3 s; peak memory 441 MiB.
2026-10-09T21:09:16Z INFO [80/900] 88e9132d-8298-4ad3-8c54-ad9fac75b2eb: 22 groups; 1.4 s; peak memory 441 MiB.
2026-10-09T21:09:18Z INFO [81/900] 88e995cc-96eb-4bdb-8ec9-7002da44e2d9: 35 groups; 2.1 s; peak memory 441 MiB.
2026-10-09T21:09:21Z INFO [82/900] 88ea7aae-529b-4474-8f51-0b6e6294667a: 36 groups; 2.2 s; peak memory 441 MiB.
2026-10-09T21:09:22Z INFO [83/900] 88eab870-66bc-4f91-8c8c-dbcb01d196f1: 33 groups; 1.4 s; peak memory 441 MiB.
2026-10-09T21:09:23Z INFO [84/900] 88eafbfa-6971-4ebf-a06c-fa380f8aeda3: 22 groups; 1.4 s; peak memory 441 MiB.
2026-10-09T21:09:25Z INFO [85/900] 88ebe44a-3759-4ab1-900f-999e2d1cf73d: 22 groups; 1.5 s; peak memory 441 MiB.
2026-10-09T21:09:39Z INFO [86/900] 88ed557e-9bd3-47c7-ad9e-2f402d1585af: 163 groups; 14.2 s; peak memory 441 MiB.
2026-10-09T21:09:41Z INFO [87/900] 88ed64e5-3ade-4d19-9350-0ca19be8dfc3: 22 groups; 1.5 s; peak memory 441 MiB.
2026-10-09T21:09:42Z INFO [88/900] 88ed7685-1183-46fb-8741-0064cba062d0: 32 groups; 1.8 s; peak memory 441 MiB.
2026-10-09T21:09:43Z INFO [89/900] 88edec64-612d-47f9-8a77-09de02f8c9d1: 16 groups; 1.0 s; peak memory 441 MiB.
2026-10-09T21:09:50Z INFO [90/900] 88eea52e-f531-4aa8-8bd3-ac1b9f42997a: 132 groups; 6.7 s; peak memory 441 MiB.
2026-10-09T21:09:51Z INFO [91/900] 88ef81c2-d575-4c5d-941b-fff270ef9d32: 16 groups; 1.2 s; peak memory 441 MiB.
2026-10-09T21:09:53Z INFO [92/900] 88f00148-16d1-4269-b658-5d084a7b2a54: 22 groups; 1.4 s; peak memory 441 MiB.
2026-10-09T21:10:06Z INFO [93/900] 88f01a1a-e436-496d-90e2-0bc891c5cb3d: 740 groups; 13.6 s; peak memory 441 MiB.
2026-10-09T21:10:08Z INFO [94/900] 88f19d1a-9cef-490e-9cc7-4a9d63b534aa: 22 groups; 1.5 s; peak memory 441 MiB.
2026-10-09T21:10:09Z INFO [95/900] 88f1e081-af85-43d6-9b28-f4f51353599a: 32 groups; 1.6 s; peak memory 441 MiB.
2026-10-09T21:10:11Z INFO [96/900] 88f348e0-dc39-43e1-80a2-9a53776a1ee0: 22 groups; 1.4 s; peak memory 441 MiB.
2026-10-09T21:10:13Z INFO [97/900] 88f34aaf-4bf6-477a-959a-91b463fa49b6: 32 groups; 2.0 s; peak memory 441 MiB.
2026-10-09T21:10:14Z INFO [98/900] 88f3a90c-6ccc-47a9-8f28-462f24680134: 26 groups; 1.6 s; peak memory 441 MiB.
2026-10-09T21:10:16Z INFO [99/900] 88f59c42-089b-4e0c-87e5-1912b252e2d8: 56 groups; 1.9 s; peak memory 441 MiB.
2026-10-09T21:10:18Z INFO [100/900] 88f5ae1b-71b5-4d4a-94a4-9be42316a556: 254 groups; 1.5 s; peak memory 441 MiB.
2026-10-09T21:10:18Z INFO [100/900] 88f5ae1b-71b5-4d4a-94a4-9be42316a556: checkpointed 113036 new records.
2026-10-09T21:10:19Z INFO [101/900] 88f60a5b-1367-4611-89b1-92ff50159b61: 28 groups; 1.3 s; peak memory 441 MiB.
2026-10-09T21:10:21Z INFO [102/900] 88f91e86-228c-46f3-8c2e-3264050e5d8d: 32 groups; 2.4 s; peak memory 441 MiB.
2026-10-09T21:10:45Z INFO [103/900] 88f9919e-95b3-4dcd-b16f-300c53abc965: 255 groups; 23.7 s; peak memory 441 MiB.
2026-10-09T21:10:47Z INFO [104/900] 88fa98e9-0572-43a3-bcc5-fbee3068f06b: 35 groups; 1.9 s; peak memory 441 MiB.
2026-10-09T21:10:49Z INFO [105/900] 88fb1d7b-d12d-4f27-9b00-72d267463448: 32 groups; 1.6 s; peak memory 441 MiB.
2026-10-09T21:11:04Z INFO [106/900] 88fb69b0-c6c7-44d4-8be6-4a025691bed1: 33 groups; 15.2 s; peak memory 441 MiB.
2026-10-09T21:11:05Z INFO [107/900] 88fc55be-6aab-4441-a004-88c4029f0bd1: 17 groups; 1.3 s; peak memory 441 MiB.
2026-10-09T21:11:06Z INFO [108/900] 88fc9af7-b50b-4707-b58a-77c9b53e146e: 18 groups; 1.0 s; peak memory 441 MiB.
2026-10-09T21:11:08Z INFO [109/900] 88fcb34f-da06-4b0a-8d70-2eb06a6f7428: 35 groups; 2.0 s; peak memory 441 MiB.
2026-10-09T21:11:10Z INFO [110/900] 88fd072a-9013-4c79-9f77-3ed6d9edc1b5: 32 groups; 1.5 s; peak memory 441 MiB.
2026-10-09T21:11:40Z INFO [111/900] 88fd64e6-e43c-41bc-a953-975cd8abe46c: 117 groups; 29.9 s; peak memory 441 MiB.
2026-10-09T21:11:41Z INFO [112/900] 88fdac16-1365-47c5-ad54-c81c3a1c8ceb: 32 groups; 1.6 s; peak memory 441 MiB.
2026-10-09T21:11:44Z INFO [113/900] 88fdde96-4e67-486e-8cc3-d7b20029773d: 42 groups; 2.5 s; peak memory 441 MiB.
2026-10-09T21:11:45Z INFO [114/900] 88fe7d81-3f87-4f9e-b762-a84446124249: 32 groups; 1.7 s; peak memory 441 MiB.
2026-10-09T21:11:51Z INFO [115/900] 88ff4318-5928-4a10-8696-498f273ab0ff: 75 groups; 6.1 s; peak memory 441 MiB.
2026-10-09T21:11:54Z INFO [116/900] 88ff49b7-a2a8-4c37-af13-c4593d6f1e8e: 33 groups; 2.5 s; peak memory 441 MiB.
2026-10-09T21:11:56Z INFO [117/900] 88ff974a-f0a0-4773-9362-e5af16ca0038: 30 groups; 1.7 s; peak memory 441 MiB.
2026-10-09T21:14:57Z INFO [118/900] 8900be8a-2018-4766-a59e-e851e555ee66: 60 groups; 181.6 s; peak memory 441 MiB.
2026-10-09T21:14:59Z INFO [119/900] 89014fcb-8b49-4471-8afc-884187e1f908: 48 groups; 2.3 s; peak memory 441 MiB.
2026-10-09T21:15:03Z INFO [120/900] 89019659-2744-4b04-a2ae-731e5b73737b: 32 groups; 3.2 s; peak memory 441 MiB.
2026-10-09T21:15:05Z INFO [121/900] 8901db7b-46ab-4b1c-a919-6f6c80ac1809: 35 groups; 2.0 s; peak memory 441 MiB.
2026-10-09T21:15:07Z INFO [122/900] 89027c1e-10ba-47f5-8ee7-721a76f43b3c: 341 groups; 2.5 s; peak memory 441 MiB.
2026-10-09T21:15:11Z INFO [123/900] 890285bd-9cf6-4b1a-966e-d96b716af155: 50 groups; 3.7 s; peak memory 441 MiB.
2026-10-09T21:15:13Z INFO [124/900] 8902c353-44b0-4438-b8d0-aba514b6945f: 103 groups; 1.9 s; peak memory 441 MiB.
2026-10-09T21:15:14Z INFO [125/900] 8902da93-6e64-4684-84d5-545e5ebe95c7: 22 groups; 1.2 s; peak memory 441 MiB.
2026-10-09T21:15:26Z INFO [126/900] 890319c7-400d-486d-938b-e61efd9530d5: 199 groups; 12.3 s; peak memory 441 MiB.
2026-10-09T21:15:39Z INFO [127/900] 89039ec6-1803-4fad-a233-5054b0a7a2b6: 163 groups; 13.3 s; peak memory 441 MiB.
2026-10-09T21:15:48Z INFO [128/900] 8903aab0-c8c0-4159-b979-49bff5810840: 166 groups; 8.5 s; peak memory 441 MiB.
2026-10-09T21:15:50Z INFO [129/900] 890415e4-4b32-4673-a30b-e78cd48d9287: 32 groups; 1.5 s; peak memory 441 MiB.
2026-10-09T21:15:51Z INFO [130/900] 89043180-5451-4737-a762-6ecc20162a66: 28 groups; 1.3 s; peak memory 441 MiB.
2026-10-09T21:15:52Z INFO [131/900] 89044a4f-bf19-4e10-bf80-95f87cc33ff1: 24 groups; 1.3 s; peak memory 441 MiB.
2026-10-09T21:16:01Z INFO [132/900] 89048a55-d876-427f-a221-d3ef33f87ea9: 1100 groups; 9.2 s; peak memory 441 MiB.
2026-10-09T21:16:10Z INFO [133/900] 8905181a-e3a9-476c-b8e5-c9d43b48bf73: 52 groups; 8.8 s; peak memory 441 MiB.
2026-10-09T21:16:18Z INFO [134/900] 89059b85-d5af-470a-85d7-0b4209d854be: 66 groups; 7.6 s; peak memory 441 MiB.
2026-10-09T21:16:19Z INFO [135/900] 89065920-1ed7-4373-bd8b-6a3ff92445fc: 32 groups; 1.6 s; peak memory 441 MiB.
2026-10-09T21:16:21Z INFO [136/900] 890712c8-45d5-46a2-ab65-499740b15321: 32 groups; 1.6 s; peak memory 441 MiB.
2026-10-09T21:16:22Z INFO [137/900] 89076639-1b7c-48c4-9b86-06125c44902a: 22 groups; 1.2 s; peak memory 441 MiB.
2026-10-09T21:16:24Z INFO [138/900] 890775e1-8dfd-464b-8e93-2ba60239e952: 202 groups; 2.1 s; peak memory 441 MiB.
2026-10-09T21:16:26Z INFO [139/900] 8907ebe2-dc9f-4752-b817-9c84f4673fd9: 35 groups; 2.1 s; peak memory 441 MiB.
2026-10-09T21:16:31Z INFO [140/900] 8907fcb5-8aec-472e-80ce-4144212cf837: 185 groups; 4.4 s; peak memory 441 MiB.
2026-10-09T21:16:32Z INFO [141/900] 8908dd54-0449-4a28-9f8c-f874d07a74bd: 22 groups; 1.1 s; peak memory 441 MiB.
2026-10-09T21:16:34Z INFO [142/900] 89094b97-a148-43a3-b23c-3587c9076913: 17 groups; 1.8 s; peak memory 441 MiB.
2026-10-09T21:16:41Z INFO [143/900] 89098f84-e30d-4053-9ee2-0bf73dcaa731: 130 groups; 7.5 s; peak memory 441 MiB.
2026-10-09T21:16:48Z INFO [144/900] 890a0d6c-3a98-4495-b064-3ddb7efbcb86: 78 groups; 6.4 s; peak memory 441 MiB.
2026-10-09T21:16:49Z INFO [145/900] 890a16a3-d7fa-4e50-8b03-b70bb7d92946: 22 groups; 1.3 s; peak memory 441 MiB.
2026-10-09T21:16:51Z INFO [146/900] 890a6e86-9667-421f-a403-cdcf4ff1f9f5: 35 groups; 1.8 s; peak memory 441 MiB.
2026-10-09T21:16:52Z INFO [147/900] 890ad80e-95b9-41cb-8696-a53930213537: 22 groups; 1.2 s; peak memory 441 MiB.
2026-10-09T21:16:56Z INFO [148/900] 890b21cb-79e9-42a6-9246-48d7963cdb24: 71 groups; 3.7 s; peak memory 441 MiB.
2026-10-09T21:16:58Z INFO [149/900] 890b2d78-f376-4449-bb8c-28eeba075db1: 33 groups; 2.5 s; peak memory 441 MiB.
2026-10-09T21:17:02Z INFO [150/900] 890b674a-70ea-4911-920d-56475ac58df6: 196 groups; 4.0 s; peak memory 441 MiB.
2026-10-09T21:17:02Z INFO [150/900] 890b674a-70ea-4911-920d-56475ac58df6: checkpointed 113086 new records.
2026-10-09T21:17:04Z INFO [151/900] 890c100f-b7de-4eeb-980e-60e37d51cb03: 22 groups; 1.3 s; peak memory 441 MiB.
2026-10-09T21:17:06Z INFO [152/900] 890d102b-864f-4037-ba6b-c78eb670c8ff: 25 groups; 2.2 s; peak memory 441 MiB.
2026-10-09T21:17:14Z INFO [153/900] 890d16f2-52aa-4f37-9187-881d4fd34a2a: 125 groups; 7.8 s; peak memory 441 MiB.
2026-10-09T21:17:17Z INFO [154/900] 890d5257-ba14-4e20-a473-c0235930f294: 53 groups; 3.0 s; peak memory 441 MiB.
2026-10-09T21:17:18Z INFO [155/900] 890d82ee-7209-4f61-a986-9bfe6567abf7: 32 groups; 1.6 s; peak memory 441 MiB.
2026-10-09T21:17:20Z INFO [156/900] 890e2263-eb00-4138-bbd2-d212d61ef9b0: 25 groups; 1.7 s; peak memory 441 MiB.
2026-10-09T21:17:22Z INFO [157/900] 890e2eb3-9d75-420e-81de-63368bb5762b: 31 groups; 2.1 s; peak memory 441 MiB.
2026-10-09T21:17:23Z INFO [158/900] 890e2f93-e6eb-478d-9a3e-d68994403d47: 22 groups; 1.3 s; peak memory 441 MiB.
2026-10-09T21:17:25Z INFO [159/900] 890e4572-c824-4815-9b18-48b38bd05080: 108 groups; 2.2 s; peak memory 441 MiB.
2026-10-09T21:17:27Z INFO [160/900] 890e8919-ce06-4823-98a9-9b64f7c50ca4: 33 groups; 1.8 s; peak memory 441 MiB.
2026-10-09T21:17:29Z INFO [161/900] 890fda14-db2c-4d06-9fc7-c52631a7602b: 35 groups; 1.9 s; peak memory 441 MiB.
2026-10-09T21:17:30Z INFO [162/900] 890fe422-a6bb-429d-9e82-06af23ddc59d: 22 groups; 1.4 s; peak memory 441 MiB.
2026-10-09T21:17:32Z INFO [163/900] 89104ccc-7d1b-407a-b5d4-dbbc35b9e857: 22 groups; 1.4 s; peak memory 441 MiB.
2026-10-09T22:25:44Z INFO [164/900] 8910596f-790e-4626-88fc-588b77f4e58e: 426 groups; 4092.2 s; peak memory 1141 MiB.
2026-10-09T22:25:50Z INFO [165/900] 8910dc33-0176-45c9-8217-bda2c2854268: 127 groups; 5.4 s; peak memory 1141 MiB.
2026-10-09T22:25:51Z INFO [166/900] 8910de90-4151-461b-b94c-9de7564b9e31: 22 groups; 1.3 s; peak memory 1141 MiB.
2026-10-09T22:25:58Z INFO [167/900] 8911917f-96ab-4806-af99-4e6abbbc90fc: 181 groups; 7.6 s; peak memory 1141 MiB.
2026-10-09T22:26:00Z INFO [168/900] 891205fc-af22-4974-9add-f76231113f84: 32 groups; 1.6 s; peak memory 1141 MiB.
2026-10-09T22:26:02Z INFO [169/900] 8913857f-6e7a-43f5-9670-9704db92fd60: 36 groups; 2.0 s; peak memory 1141 MiB.
2026-10-09T22:26:05Z INFO [170/900] 8913f1d8-9299-4a70-9e20-b672de3844d6: 47 groups; 3.3 s; peak memory 1141 MiB.
2026-10-09T22:26:07Z INFO [171/900] 8915e58c-26ac-4016-b0fa-caa8a7548593: 32 groups; 1.5 s; peak memory 1141 MiB.
2026-10-09T22:26:13Z INFO [172/900] 8915e78c-a15c-4264-a34b-b34231387f50: 49 groups; 5.6 s; peak memory 1141 MiB.
2026-10-09T22:26:14Z INFO [173/900] 8916079b-9f9c-4bff-9c50-c6bd3a745a81: 16 groups; 1.0 s; peak memory 1141 MiB.
2026-10-09T22:26:15Z INFO [174/900] 89162400-d734-4b66-9b9f-b574cbe62579: 32 groups; 1.5 s; peak memory 1141 MiB.
2026-10-09T22:26:26Z INFO [175/900] 89163af8-5612-481d-97b0-f170e1292bec: 123 groups; 10.8 s; peak memory 1141 MiB.
2026-10-09T22:26:27Z INFO [176/900] 89165b83-60e1-4c64-92ee-9005b9ad7bd0: 32 groups; 1.5 s; peak memory 1141 MiB.
2026-10-09T22:26:34Z INFO [177/900] 89169264-2920-40d6-b55f-8ff72ec5ca27: 85 groups; 7.0 s; peak memory 1141 MiB.
2026-10-09T22:26:35Z INFO [178/900] 8916de42-f269-4715-aee6-8d6b2e56a956: 16 groups; 1.0 s; peak memory 1141 MiB.
2026-10-09T22:26:46Z INFO [179/900] 891794e8-6e76-4509-8948-0205efc9fa57: 181 groups; 11.1 s; peak memory 1141 MiB.
2026-10-09T22:26:48Z INFO [180/900] 8918017b-4414-4d4c-b04b-e1e8752a94b1: 22 groups; 1.3 s; peak memory 1141 MiB.
2026-10-09T22:26:56Z INFO [181/900] 89185949-c9d8-4e49-a912-17e6b45fbe70: 67 groups; 8.2 s; peak memory 1141 MiB.
2026-10-09T22:26:57Z INFO [182/900] 891866ce-74fa-4b50-8248-2b21ab3a848c: 251 groups; 1.3 s; peak memory 1141 MiB.
2026-10-09T22:29:26Z INFO [183/900] 89187c4f-d30f-40f4-8f03-50d3f4255437: 65 groups; 149.1 s; peak memory 1141 MiB.
2026-10-09T22:29:28Z INFO [184/900] 89189d99-cdd1-4ecc-9b4c-2c5e3be746f0: 22 groups; 1.3 s; peak memory 1141 MiB.
2026-10-09T22:29:30Z INFO [185/900] 891905c3-dd8a-4900-9c9c-3fd20160b7a5: 35 groups; 1.8 s; peak memory 1141 MiB.
2026-10-09T22:29:31Z INFO [186/900] 891984f5-6426-4b1c-9e85-771437b0025a: 31 groups; 1.3 s; peak memory 1141 MiB.
2026-10-09T22:29:46Z INFO [187/900] 8919e09a-f4eb-4e5c-bae3-df4eaa773526: 222 groups; 15.2 s; peak memory 1141 MiB.
2026-10-09T22:29:53Z INFO [188/900] 891a363a-6d16-4bbf-ac90-1b7aa265dd0c: 71 groups; 6.8 s; peak memory 1141 MiB.
2026-10-09T22:30:05Z INFO [189/900] 891b4383-7c89-45b6-83cf-a5bc272852d9: 66 groups; 12.1 s; peak memory 1141 MiB.
2026-10-09T22:30:10Z INFO [190/900] 891c406f-21f4-4f1d-b800-558678c408bb: 78 groups; 5.5 s; peak memory 1141 MiB.
2026-10-09T22:30:12Z INFO [191/900] 891c891e-058b-4d60-830e-2b6a4f833adf: 25 groups; 1.3 s; peak memory 1141 MiB.
2026-10-09T22:30:14Z INFO [192/900] 891cd7bd-ae0a-4940-9f5e-00a59bd575ff: 199 groups; 2.0 s; peak memory 1141 MiB.
2026-10-09T22:30:16Z INFO [193/900] 891ce290-3d77-4a56-8528-047d620b1f53: 32 groups; 2.2 s; peak memory 1141 MiB.
2026-10-09T22:30:28Z INFO [194/900] 891cf72e-ff85-4680-9d9c-bffabc3b27ee: 509 groups; 12.0 s; peak memory 1141 MiB.
2026-10-09T22:30:29Z INFO [195/900] 891d3ee3-f2b6-432a-b15e-a1bc4e98f3be: 18 groups; 1.2 s; peak memory 1141 MiB.
2026-10-09T22:30:31Z INFO [196/900] 891dc2bd-9d7d-48b5-ba18-7a4934442d79: 253 groups; 1.6 s; peak memory 1141 MiB.
2026-10-09T22:30:33Z INFO [197/900] 891f467d-d825-4d19-9581-fc2e1cf65a06: 35 groups; 2.1 s; peak memory 1141 MiB.
2026-10-09T22:30:35Z INFO [198/900] 891f8ee1-f661-470c-814c-a8f0fec38317: 207 groups; 2.4 s; peak memory 1141 MiB.
2026-10-09T22:30:37Z INFO [199/900] 89202d46-0529-433f-8aad-b122ff747afc: 22 groups; 1.4 s; peak memory 1141 MiB.
2026-10-09T22:30:38Z INFO [200/900] 8920d220-aeda-4112-9722-eb83b109b6f2: 22 groups; 1.3 s; peak memory 1141 MiB.
2026-10-09T22:30:38Z INFO [200/900] 8920d220-aeda-4112-9722-eb83b109b6f2: checkpointed 113136 new records.
2026-10-09T22:30:39Z INFO [201/900] 89226d22-6778-48c3-919a-f3e6365e3cdd: 31 groups; 1.1 s; peak memory 1141 MiB.
2026-10-09T22:30:42Z INFO [202/900] 892340f3-549a-4552-98d1-101fbaf6571a: 200 groups; 2.5 s; peak memory 1141 MiB.
2026-10-09T22:30:45Z INFO [203/900] 89241785-0d67-4dcf-a85a-163a04bffae1: 33 groups; 3.2 s; peak memory 1141 MiB.
2026-10-09T22:30:46Z INFO [204/900] 8924a95e-32f4-4031-95b6-a804837857d1: 26 groups; 1.4 s; peak memory 1141 MiB.
2026-10-09T22:30:50Z INFO [205/900] 89254b04-55b7-457d-9fc9-eafa41109b36: 52 groups; 3.7 s; peak memory 1141 MiB.
2026-10-09T22:30:52Z INFO [206/900] 892570e7-275b-4faa-b70a-9eb57b16802d: 35 groups; 2.3 s; peak memory 1141 MiB.
2026-10-09T22:30:54Z INFO [207/900] 8925c691-3867-4b0c-8486-cbbccb7501f2: 22 groups; 1.2 s; peak memory 1141 MiB.
2026-10-09T22:30:55Z INFO [208/900] 89263897-d8d9-45a8-8c2d-5753746ce1e4: 32 groups; 1.6 s; peak memory 1141 MiB.
2026-10-09T22:30:56Z INFO [209/900] 892656fb-8069-4707-adbf-5a26b17474c2: 22 groups; 1.2 s; peak memory 1141 MiB.
2026-10-09T22:30:58Z INFO [210/900] 8927c95d-ffec-491b-9253-c744bc8109fa: 32 groups; 1.6 s; peak memory 1141 MiB.
2026-10-09T22:31:23Z INFO [211/900] 8927d724-f5ef-420e-84dd-05f2d81685e1: 23 groups; 24.7 s; peak memory 1141 MiB.
2026-10-09T22:31:25Z INFO [212/900] 89285d6a-6391-4c99-96b6-4b020fa1aa86: 337 groups; 2.2 s; peak memory 1141 MiB.
2026-10-09T22:31:28Z INFO [213/900] 8928b2b7-df0e-4c33-9c46-d74b8f321de4: 54 groups; 2.7 s; peak memory 1141 MiB.
2026-10-09T22:31:30Z INFO [214/900] 892a1ff7-0f70-4810-a48d-b60bc133e226: 17 groups; 2.7 s; peak memory 1141 MiB.
2026-10-09T22:31:32Z INFO [215/900] 892a2c76-ffb0-435d-9167-1897719dc5fe: 22 groups; 1.3 s; peak memory 1141 MiB.
2026-10-09T22:31:35Z INFO [216/900] 892b9598-2e20-4040-8b7b-6d0d9c8d07f9: 48 groups; 3.3 s; peak memory 1141 MiB.
2026-10-09T22:31:37Z INFO [217/900] 892bd106-a8af-465a-9e2d-1b2cd25e5ef4: 202 groups; 1.9 s; peak memory 1141 MiB.
2026-10-09T22:31:38Z INFO [218/900] 892c4dd2-44d9-4af9-b0cf-0e010f873205: 29 groups; 1.2 s; peak memory 1141 MiB.
2026-10-09T22:31:39Z INFO [219/900] 892dc713-fc4f-4e00-bcdb-6942253f3d90: 22 groups; 1.3 s; peak memory 1141 MiB.
2026-10-09T22:31:41Z INFO [220/900] 892de623-19cb-454d-a126-e3e77c3a4900: 22 groups; 1.2 s; peak memory 1141 MiB.
2026-10-09T22:36:20Z INFO [221/900] 892ea4cc-d8b3-4811-b725-54735f62eb75: 70 groups; 279.7 s; peak memory 1141 MiB.
2026-10-09T22:36:22Z INFO [222/900] 892f0e53-ca8d-4a40-aa90-71611bf2377e: 25 groups; 1.6 s; peak memory 1141 MiB.
2026-10-09T22:36:33Z INFO [223/900] 892f11d7-432b-4f89-8405-72ee41f41aa5: 200 groups; 10.7 s; peak memory 1141 MiB.
2026-10-09T22:36:34Z INFO [224/900] 892f351c-d52d-4525-afae-7b94bbaeb8e1: 22 groups; 1.4 s; peak memory 1141 MiB.
2026-10-09T22:36:35Z INFO [225/900] 892f3de0-04d0-41d6-a9e0-133e5a79275f: 22 groups; 1.2 s; peak memory 1141 MiB.
2026-10-09T22:36:37Z INFO [226/900] 892f5ab1-68fa-4467-8f30-f8d9b1adf404: 21 groups; 1.6 s; peak memory 1141 MiB.
2026-10-09T22:36:38Z INFO [227/900] 892f9d09-4624-4f9b-8582-c9b2693af352: 22 groups; 1.3 s; peak memory 1141 MiB.
2026-10-09T22:36:45Z INFO [228/900] 892fe810-2567-4176-b482-2ad77dbe7851: 66 groups; 6.6 s; peak memory 1141 MiB.
2026-10-09T22:36:46Z INFO [229/900] 892ffe1c-edee-4381-98fb-05104c43b29c: 29 groups; 1.8 s; peak memory 1141 MiB.
2026-10-09T22:36:48Z INFO [230/900] 8930468a-bffc-4037-a525-54626034e0fa: 22 groups; 1.3 s; peak memory 1141 MiB.
2026-10-09T22:44:01Z INFO [231/900] 8930caee-9db1-43e0-ab68-b9e741b17faf: 58 groups; 433.6 s; peak memory 1141 MiB.
2026-10-09T22:44:02Z INFO [232/900] 8930d522-cbf3-4123-820d-b99e92a00e7d: 31 groups; 1.1 s; peak memory 1141 MiB.
2026-10-09T22:46:40Z INFO [233/900] 8931a37f-4caf-41f1-ba04-b48fba8a94be: 69 groups; 157.4 s; peak memory 1141 MiB.
2026-10-09T22:46:45Z INFO [234/900] 8931aa88-e8eb-46ea-a6b6-0e5f53246fda: 115 groups; 5.4 s; peak memory 1141 MiB.
2026-10-09T22:46:58Z INFO [235/900] 8931e4cb-67d5-4b5a-af26-a8e5291f284f: 68 groups; 13.0 s; peak memory 1141 MiB.
2026-10-09T22:47:00Z INFO [236/900] 89320258-a5fc-4b79-8a18-6782cbff9e5d: 32 groups; 1.6 s; peak memory 1141 MiB.
2026-10-09T22:47:01Z INFO [237/900] 8932a9c4-cdb4-414e-b4fe-e2753857ecea: 22 groups; 1.4 s; peak memory 1141 MiB.
2026-10-09T22:47:06Z INFO [238/900] 8932f55a-cffc-4fee-b9e7-26fbaeabb520: 34 groups; 5.2 s; peak memory 1141 MiB.
2026-10-09T22:47:12Z INFO [239/900] 89341518-58b2-415f-860c-70e388f3007d: 127 groups; 6.1 s; peak memory 1141 MiB.
2026-10-09T22:47:14Z INFO [240/900] 8934cdb5-51ca-4c0c-9a4e-ba779505a6dc: 27 groups; 1.6 s; peak memory 1141 MiB.
2026-10-09T22:47:23Z INFO [241/900] 89370959-a815-4e25-97fb-897306bb04b7: 181 groups; 9.0 s; peak memory 1141 MiB.
2026-10-09T22:47:27Z INFO [242/900] 893716a7-1b9b-4cd4-9516-de89ccd94258: 64 groups; 3.5 s; peak memory 1141 MiB.
2026-10-09T22:47:49Z INFO [243/900] 89378c9f-3773-42d2-a31f-0feac4a506c5: 258 groups; 22.0 s; peak memory 1141 MiB.
2026-10-09T22:47:51Z INFO [244/900] 893803e1-c5fa-484b-a5c6-a34c6fb6d884: 42 groups; 2.1 s; peak memory 1141 MiB.
2026-10-09T22:47:52Z INFO [245/900] 893866c3-f100-4d18-b2aa-87c1d2385cf6: 251 groups; 1.4 s; peak memory 1141 MiB.
2026-10-09T22:47:58Z INFO [246/900] 8938aa73-f4a3-4b5f-85b6-032730674e25: 68 groups; 5.8 s; peak memory 1141 MiB.
2026-10-09T22:48:00Z INFO [247/900] 89395aaf-cdb8-4127-9735-15a753eb2b28: 25 groups; 1.7 s; peak memory 1141 MiB.
2026-10-09T22:48:06Z INFO [248/900] 8939bb87-6625-4783-baf6-d6794652819f: 105 groups; 6.4 s; peak memory 1141 MiB.
2026-10-09T22:48:07Z INFO [249/900] 893a4d64-0666-4956-a7f3-3ff54aba6932: 22 groups; 1.5 s; peak memory 1141 MiB.
2026-10-09T22:48:14Z INFO [250/900] 893c20d2-5c16-4052-a2f1-30dbf17a7701: 123 groups; 6.9 s; peak memory 1141 MiB.
2026-10-09T22:48:15Z INFO [250/900] 893c20d2-5c16-4052-a2f1-30dbf17a7701: checkpointed 113186 new records.
2026-10-09T22:48:17Z INFO [251/900] 893c6075-7e90-463e-86c1-e5f26bdf26d7: 35 groups; 2.0 s; peak memory 1141 MiB.
2026-10-09T22:48:18Z INFO [252/900] 893d4ca3-b7db-45b5-8f20-aa2b1ec1f0c2: 22 groups; 1.4 s; peak memory 1141 MiB.
2026-10-09T22:48:21Z INFO [253/900] 893d643a-00e7-4d34-8fce-03298531591a: 48 groups; 2.9 s; peak memory 1141 MiB.
2026-10-09T22:48:22Z INFO [254/900] 893d7589-5d82-4051-9b37-0163266e9f17: 22 groups; 1.4 s; peak memory 1141 MiB.
2026-10-09T22:48:24Z INFO [255/900] 893edfc7-ec09-4b3d-8a83-d8277d61d723: 25 groups; 1.4 s; peak memory 1141 MiB.
2026-10-09T22:48:25Z INFO [256/900] 893f3a33-696b-498c-896d-2594e970b89e: 32 groups; 1.6 s; peak memory 1141 MiB.
2026-10-09T22:48:27Z INFO [257/900] 893ff7b8-f345-4ce3-a6ee-6967c417b1ec: 200 groups; 2.1 s; peak memory 1141 MiB.
2026-10-09T22:48:28Z INFO [258/900] 89409f81-5498-4a89-bccc-410cd64aec3f: 22 groups; 1.2 s; peak memory 1141 MiB.
2026-10-09T22:48:30Z INFO [259/900] 8940f4e0-ad2f-4637-b368-cfe1c26a007f: 22 groups; 1.5 s; peak memory 1141 MiB.
2026-10-09T22:48:32Z INFO [260/900] 8942387b-7dd3-47d1-9d0b-ad288fa18fc1: 58 groups; 1.9 s; peak memory 1141 MiB.
2026-10-09T22:48:33Z INFO [261/900] 8942e960-d7d9-4d73-83cc-4ec65c60a283: 22 groups; 1.2 s; peak memory 1141 MiB.
2026-10-09T22:48:34Z INFO [262/900] 8943850a-c285-48f8-af1c-0f9509c0d3af: 30 groups; 1.1 s; peak memory 1141 MiB.
2026-10-09T22:48:37Z INFO [263/900] 8944bf7c-8388-4605-b0d4-72a680ead2c7: 201 groups; 3.1 s; peak memory 1141 MiB.
2026-10-09T22:48:39Z INFO [264/900] 89452006-73c4-49d2-be31-edcbe829c075: 39 groups; 2.0 s; peak memory 1141 MiB.
2026-10-09T22:48:41Z INFO [265/900] 89453a8d-d306-4556-a2b5-14638b133e58: 207 groups; 2.0 s; peak memory 1141 MiB.
2026-10-09T22:48:44Z INFO [266/900] 89457a64-16a4-413a-82bd-671e294a665f: 42 groups; 2.5 s; peak memory 1141 MiB.
2026-10-09T22:48:47Z INFO [267/900] 894653c7-0a3b-413d-843b-8977b0fe7ab2: 48 groups; 2.9 s; peak memory 1141 MiB.
2026-10-09T22:48:48Z INFO [268/900] 8946893e-0f16-4589-90b6-6df69747b9d0: 26 groups; 1.1 s; peak memory 1141 MiB.
2026-10-09T22:48:50Z INFO [269/900] 8946e657-3854-4200-9a98-424545b83308: 29 groups; 1.8 s; peak memory 1141 MiB.
2026-10-09T22:48:55Z INFO [270/900] 8947e154-c9f4-4bdf-bd56-ccf474fc4627: 78 groups; 5.6 s; peak memory 1141 MiB.
2026-10-09T22:48:59Z INFO [271/900] 894897d5-fcb0-49ef-8cf6-9b3f0afdc74a: 27 groups; 3.4 s; peak memory 1141 MiB.
2026-10-09T22:49:00Z INFO [272/900] 8949fe33-47fe-46ab-8a21-92f4f87f0a17: 22 groups; 1.2 s; peak memory 1141 MiB.
2026-10-09T22:49:01Z INFO [273/900] 894a3a96-3ad3-428e-819e-7f53a64965ac: 22 groups; 1.2 s; peak memory 1141 MiB.
2026-10-09T22:49:02Z INFO [274/900] 894a9db4-865e-4f46-a693-33b7fb3dad85: 17 groups; 1.3 s; peak memory 1141 MiB.
2026-10-09T22:49:04Z INFO [275/900] 894ad75b-1a31-4025-b0cf-0e64d0b97ecb: 22 groups; 1.2 s; peak memory 1141 MiB.
2026-10-09T22:49:05Z INFO [276/900] 894b25ce-a6cc-4783-b5f3-a4e7a64e9d4d: 32 groups; 1.6 s; peak memory 1141 MiB.
2026-10-09T22:49:06Z INFO [277/900] 894b7c38-0883-4800-9890-06be1747aff1: 22 groups; 1.2 s; peak memory 1141 MiB.
2026-10-09T22:49:09Z INFO [278/900] 894d0f9c-e908-4ca5-b259-7bb010483408: 35 groups; 2.1 s; peak memory 1141 MiB.
2026-10-09T22:49:10Z INFO [279/900] 894e6ec0-7458-4851-b483-8a592670089c: 27 groups; 1.3 s; peak memory 1141 MiB.
2026-10-09T22:49:11Z INFO [280/900] 894e7990-dc53-4e46-ac8f-bd9c9aa0b30f: 33 groups; 1.4 s; peak memory 1141 MiB.
2026-10-09T22:49:12Z INFO [281/900] 894ef739-5517-40e8-a135-be3e5c160573: 16 groups; 1.1 s; peak memory 1141 MiB.
2026-10-09T22:49:14Z INFO [282/900] 894f741f-586a-46d1-8658-bdaf6ba98e67: 31 groups; 1.3 s; peak memory 1141 MiB.
2026-10-09T22:50:05Z INFO [283/900] 894f8781-265d-425e-b646-9db03c7704d5: 486 groups; 50.9 s; peak memory 1141 MiB.
2026-10-09T22:50:06Z INFO [284/900] 894ff0d5-d095-495e-b32f-43bdad39a3d1: 35 groups; 1.6 s; peak memory 1141 MiB.
2026-10-09T22:50:08Z INFO [285/900] 89506ce8-12c9-469c-845e-d85e1be43edb: 32 groups; 1.5 s; peak memory 1141 MiB.
2026-10-09T22:50:09Z INFO [286/900] 89514e55-aa83-4e17-92aa-eec1e9dcfe16: 16 groups; 0.9 s; peak memory 1141 MiB.
2026-10-09T22:50:11Z INFO [287/900] 89519b9f-5734-489f-971f-4bdd30572c1e: 104 groups; 2.0 s; peak memory 1141 MiB.
2026-10-09T22:50:12Z INFO [288/900] 8952ab0a-e234-47a7-ba2d-cf36d1853f47: 18 groups; 0.9 s; peak memory 1141 MiB.
2026-10-09T22:50:13Z INFO [289/900] 895351d9-cb3c-4fd8-ae9e-07b023a89ddf: 22 groups; 1.3 s; peak memory 1141 MiB.
2026-10-09T22:50:14Z INFO [290/900] 895365e2-357c-47c7-84e9-c97730a49f8e: 22 groups; 1.2 s; peak memory 1141 MiB.
2026-10-09T22:50:16Z INFO [291/900] 8953beb7-314c-4109-9d60-92e8f93ae5a3: 32 groups; 1.8 s; peak memory 1141 MiB.
2026-10-09T22:50:17Z INFO [292/900] 8954185a-5d31-460a-8df4-0e38e0187fa3: 22 groups; 1.2 s; peak memory 1141 MiB.
2026-10-09T22:50:18Z INFO [293/900] 89545b44-37ef-473d-b0ab-7c50b213dffb: 16 groups; 1.0 s; peak memory 1141 MiB.
2026-10-09T22:50:19Z INFO [294/900] 8954f0bd-3858-4967-b90a-aa8fd8c0ea9c: 22 groups; 1.3 s; peak memory 1141 MiB.
2026-10-09T22:50:22Z INFO [295/900] 89551a4c-b917-4ccc-a171-c7381d2a6d89: 35 groups; 2.2 s; peak memory 1141 MiB.
2026-10-09T22:50:23Z INFO [296/900] 89558692-9de5-4172-a1bf-57915e69f980: 22 groups; 1.4 s; peak memory 1141 MiB.
2026-10-09T22:52:47Z INFO [297/900] 89562245-e990-4271-a215-97cc22cd2088: 60 groups; 143.6 s; peak memory 1141 MiB.
2026-10-09T22:52:48Z INFO [298/900] 89562324-318b-44ae-aa3f-0431018e0e6c: 194 groups; 1.8 s; peak memory 1141 MiB.
2026-10-09T22:52:50Z INFO [299/900] 895823b4-7ca3-4aa2-ad2f-c45afb264447: 22 groups; 1.3 s; peak memory 1141 MiB.
2026-10-09T22:52:51Z INFO [300/900] 8958452f-11e7-47cc-b4eb-8c5f9b1c5cd3: 20 groups; 1.3 s; peak memory 1141 MiB.
2026-10-09T22:52:51Z INFO [300/900] 8958452f-11e7-47cc-b4eb-8c5f9b1c5cd3: checkpointed 113236 new records.
2026-10-09T22:52:52Z INFO [301/900] 8959149f-27fa-44ae-a6f7-4df6c9892c6e: 22 groups; 1.3 s; peak memory 1141 MiB.
2026-10-09T22:52:56Z INFO [302/900] 8959672d-e94e-49e1-b606-cfa6a4464c6a: 71 groups; 3.5 s; peak memory 1141 MiB.
2026-10-09T22:53:10Z INFO [303/900] 895aba6e-4c12-420f-aed5-b3a67b99bc82: 226 groups; 14.5 s; peak memory 1141 MiB.
2026-10-09T22:53:20Z INFO [304/900] 895abcc1-ebc9-457d-b953-9e965800a740: 22 groups; 9.7 s; peak memory 1141 MiB.
2026-10-09T22:53:32Z INFO [305/900] 895b3502-eaa7-462a-aec5-9a0d577a2705: 161 groups; 11.5 s; peak memory 1141 MiB.
2026-10-09T22:53:45Z INFO [306/900] 895b4b85-13b4-4697-a424-e3e46beaa5f0: 288 groups; 13.4 s; peak memory 1141 MiB.
2026-10-09T22:53:46Z INFO [307/900] 895bf55c-8f9a-4fc8-885a-e2361b605104: 22 groups; 1.3 s; peak memory 1141 MiB.
2026-10-09T22:53:48Z INFO [308/900] 895c3691-b341-46dc-b0ff-256c6aad2f64: 33 groups; 1.4 s; peak memory 1141 MiB.
2026-10-09T22:53:50Z INFO [309/900] 895c401b-9e24-4375-acaa-bcce70e82fff: 35 groups; 1.8 s; peak memory 1141 MiB.
2026-10-09T22:54:42Z INFO [310/900] 895c4f18-5d00-44cf-84ae-f9d5c79add99: 27 groups; 52.4 s; peak memory 1141 MiB.
2026-10-09T22:54:43Z INFO [311/900] 895d1cd4-7b8a-4eda-a8e3-1950832bdffd: 22 groups; 1.3 s; peak memory 1141 MiB.
2026-10-09T22:54:45Z INFO [312/900] 895d7535-ebb0-49e4-9d95-c3e648189989: 22 groups; 1.4 s; peak memory 1141 MiB.
2026-10-09T22:54:47Z INFO [313/900] 895dbd75-28cb-402a-aed4-7c54309a4505: 207 groups; 1.9 s; peak memory 1141 MiB.
2026-10-09T22:54:48Z INFO [314/900] 895df4ae-b21c-45c2-9a75-bbdcc23c29e6: 20 groups; 1.3 s; peak memory 1141 MiB.
2026-10-09T22:54:49Z INFO [315/900] 895e0f88-43ee-4406-aa01-f93f643eac5e: 22 groups; 1.3 s; peak memory 1141 MiB.
2026-10-09T22:55:08Z INFO [316/900] 895f3686-23c2-4ae5-976c-13e11b12583c: 155 groups; 19.1 s; peak memory 1141 MiB.
2026-10-09T22:55:15Z INFO [317/900] 895f86b0-f6cf-4915-b07a-6b040bcf37db: 85 groups; 7.1 s; peak memory 1141 MiB.
2026-10-09T22:55:17Z INFO [318/900] 895fc2c4-e825-4509-908a-0b460c4fb496: 32 groups; 1.6 s; peak memory 1141 MiB.
2026-10-09T22:55:18Z INFO [319/900] 896185fa-4c38-4605-93a1-a4b016b88a79: 22 groups; 1.2 s; peak memory 1141 MiB.
2026-10-09T22:55:19Z INFO [320/900] 8963696a-353c-485d-8699-2f859e80c2c2: 28 groups; 1.1 s; peak memory 1141 MiB.
2026-10-09T22:55:21Z INFO [321/900] 8963aedd-5c9a-45c1-bf61-68961e2156a0: 16 groups; 1.2 s; peak memory 1141 MiB.
2026-10-09T22:55:24Z INFO [322/900] 89644711-c727-4d8f-ad3b-a00e8c0121ac: 54 groups; 3.1 s; peak memory 1141 MiB.
2026-10-09T22:55:26Z INFO [323/900] 896483d6-cd40-4b41-ab59-c1a75b74e091: 195 groups; 1.9 s; peak memory 1141 MiB.
2026-10-09T22:55:28Z INFO [324/900] 8964d366-f7c4-47de-a311-49228e0f7ce5: 65 groups; 2.6 s; peak memory 1141 MiB.
2026-10-09T22:55:29Z INFO [325/900] 8965462b-2c52-4b79-993e-4adf79659bb6: 22 groups; 1.2 s; peak memory 1141 MiB.
2026-10-09T22:55:31Z INFO [326/900] 89657e2c-42ba-4cd4-b756-b9206f394f85: 32 groups; 1.5 s; peak memory 1141 MiB.
2026-10-09T22:55:33Z INFO [327/900] 8965cc2e-84cf-4a0d-8c5e-2ed7b1df2e33: 204 groups; 2.5 s; peak memory 1141 MiB.
2026-10-09T22:55:35Z INFO [328/900] 89661578-304a-47a0-89ea-052779fd6c28: 25 groups; 1.5 s; peak memory 1141 MiB.
2026-10-09T22:55:37Z INFO [329/900] 89661965-f5cb-47a5-88d2-9f2399321e75: 200 groups; 2.2 s; peak memory 1141 MiB.
2026-10-09T22:55:38Z INFO [330/900] 89676b8b-e574-43c0-9668-f468289777c7: 17 groups; 1.1 s; peak memory 1141 MiB.
2026-10-09T23:00:04Z INFO [331/900] 8967ed47-f058-4f9e-b219-f482f8d6bc67: 81 groups; 265.5 s; peak memory 1141 MiB.
2026-10-09T23:00:05Z INFO [332/900] 896a5347-5bac-40a3-9535-652010c32a73: 22 groups; 1.2 s; peak memory 1141 MiB.
2026-10-09T23:00:15Z INFO [333/900] 896a5cd7-7b97-4a5b-ad23-c5b694d2ec1a: 49 groups; 10.1 s; peak memory 1141 MiB.
2026-10-09T23:00:18Z INFO [334/900] 896b8ec0-c4f7-4e93-a1c1-2e6f198cd793: 48 groups; 2.6 s; peak memory 1141 MiB.
2026-10-09T23:00:35Z INFO [335/900] 896c48a4-b1f1-4684-94bf-36553adc44fe: 332 groups; 17.8 s; peak memory 1141 MiB.
2026-10-09T23:00:38Z INFO [336/900] 896c6cb2-60a2-4640-ac69-f1a999bc8b43: 31 groups; 2.1 s; peak memory 1141 MiB.
2026-10-09T23:00:40Z INFO [337/900] 896c7279-5753-472b-a950-84511eac149e: 35 groups; 2.0 s; peak memory 1141 MiB.
2026-10-09T23:00:42Z INFO [338/900] 896caabe-d248-4548-a004-ce8f6ef376d5: 35 groups; 2.1 s; peak memory 1141 MiB.
2026-10-09T23:00:47Z INFO [339/900] 896d112e-b993-46ff-8f0d-0a84bdee4bc8: 116 groups; 5.4 s; peak memory 1141 MiB.
2026-10-09T23:00:49Z INFO [340/900] 896e0b1f-5d5f-4c38-91f9-667bb1aed315: 254 groups; 1.7 s; peak memory 1141 MiB.
2026-10-09T23:00:51Z INFO [341/900] 8970288d-b86e-40c4-ad01-5ee49e049ae4: 35 groups; 1.8 s; peak memory 1141 MiB.
2026-10-09T23:00:52Z INFO [342/900] 8970e2d7-1bea-4f9a-bd1c-a57140f6dfc2: 16 groups; 0.9 s; peak memory 1141 MiB.
2026-10-09T23:00:53Z INFO [343/900] 897124e1-541d-4cd4-81a4-50d9a5261541: 35 groups; 1.8 s; peak memory 1141 MiB.
2026-10-09T23:00:59Z INFO [344/900] 8971dfcd-94e7-4c2f-b60a-0eb23a5d5626: 132 groups; 5.7 s; peak memory 1141 MiB.
2026-10-09T23:01:01Z INFO [345/900] 8971f33f-e69a-4707-b7de-c87b9a653962: 32 groups; 1.6 s; peak memory 1141 MiB.
2026-10-09T23:01:02Z INFO [346/900] 89728f7d-36d1-446c-b2de-1e70c9f8a567: 32 groups; 1.7 s; peak memory 1141 MiB.
2026-10-09T23:01:04Z INFO [347/900] 89729216-ed6d-4a21-8a42-83e24f58afc5: 22 groups; 1.5 s; peak memory 1141 MiB.
2026-10-09T23:01:05Z INFO [348/900] 8973262b-b465-46d8-bf54-c39ae405fc15: 22 groups; 1.4 s; peak memory 1141 MiB.
2026-10-09T23:01:16Z INFO [349/900] 8973ba16-f02d-4ffd-8bfb-5b08041965fa: 199 groups; 11.1 s; peak memory 1141 MiB.
2026-10-09T23:01:18Z INFO [350/900] 8973bbf9-acf7-49e3-900a-bbd269b541b2: 22 groups; 1.3 s; peak memory 1141 MiB.
2026-10-09T23:01:18Z INFO [350/900] 8973bbf9-acf7-49e3-900a-bbd269b541b2: checkpointed 113286 new records.
2026-10-09T23:01:19Z INFO [351/900] 8973e166-ae4a-4fb2-b097-019a5e8b86fb: 25 groups; 1.5 s; peak memory 1141 MiB.
2026-10-09T23:01:21Z INFO [352/900] 89746f0e-50d8-49ac-a8a1-6d7fbabd6c86: 33 groups; 1.9 s; peak memory 1141 MiB.
2026-10-09T23:01:23Z INFO [353/900] 8974d93c-2f37-4809-93aa-c53bddf1aa6b: 33 groups; 1.5 s; peak memory 1141 MiB.
2026-10-09T23:01:26Z INFO [354/900] 89759a36-79d7-4449-984d-6e864f46d6f6: 48 groups; 3.2 s; peak memory 1141 MiB.
2026-10-09T23:01:34Z INFO [355/900] 8976966c-4349-4fff-8b38-9d00045a03e9: 131 groups; 7.7 s; peak memory 1141 MiB.
2026-10-09T23:01:37Z INFO [356/900] 8976ea1d-a9da-4cb3-bbbe-c999c193bbcb: 50 groups; 3.6 s; peak memory 1141 MiB.
2026-10-09T23:01:38Z INFO [357/900] 897743b8-ff43-4848-a281-d8b3714ca039: 16 groups; 1.0 s; peak memory 1141 MiB.
2026-10-09T23:01:39Z INFO [358/900] 89774e6d-e313-41aa-99db-3d7486c696e8: 22 groups; 1.3 s; peak memory 1141 MiB.
2026-10-09T23:01:41Z INFO [359/900] 89780f4d-30bd-40d7-910c-46df45aafb91: 22 groups; 1.3 s; peak memory 1141 MiB.
2026-10-09T23:01:44Z INFO [360/900] 897854b7-5f56-451b-91e0-55d22897a085: 52 groups; 3.1 s; peak memory 1141 MiB.
2026-10-09T23:04:15Z INFO [361/900] 8978eb2b-6e86-464e-b506-9381229a5e6e: 69 groups; 150.8 s; peak memory 1141 MiB.
2026-10-09T23:04:16Z INFO [362/900] 89792249-5b1a-4394-b164-55baa3e6e276: 20 groups; 1.1 s; peak memory 1141 MiB.
2026-10-09T23:04:20Z INFO [363/900] 89798f64-3896-4a47-b633-2942e0b6c859: 56 groups; 4.3 s; peak memory 1141 MiB.
2026-10-09T23:04:21Z INFO [364/900] 897bc4e8-5087-4ccc-9803-48225edfb27c: 22 groups; 1.3 s; peak memory 1141 MiB.
2026-10-09T23:04:23Z INFO [365/900] 897c5091-7c67-4db7-859f-ff1a05f84064: 32 groups; 1.8 s; peak memory 1141 MiB.
2026-10-09T23:04:25Z INFO [366/900] 897cf0b3-3849-4abc-b759-eafe3bda2d3e: 32 groups; 1.5 s; peak memory 1141 MiB.
2026-10-09T23:04:27Z INFO [367/900] 897d4d16-87ad-424e-91c8-fc8f8fcb6022: 48 groups; 2.8 s; peak memory 1141 MiB.
2026-10-09T23:04:39Z INFO [368/900] 897e2f55-4dff-40b1-be35-5252d91e96fe: 22 groups; 11.7 s; peak memory 1141 MiB.
2026-10-09T23:04:50Z INFO [369/900] 897f0d14-2fd7-4972-830f-a54728927384: 216 groups; 10.9 s; peak memory 1141 MiB.
2026-10-09T23:10:26Z INFO [370/900] 89808aff-f03c-463f-b38a-a2c9d47641c6: 72 groups; 336.2 s; peak memory 1141 MiB.
2026-10-09T23:10:27Z INFO [371/900] 89818ce6-4132-4439-ac61-4f77f2ef0083: 17 groups; 1.1 s; peak memory 1141 MiB.
2026-10-09T23:10:38Z INFO [372/900] 8981d247-70a9-4acf-ad6a-1bdc887c7c59: 50 groups; 11.1 s; peak memory 1141 MiB.
2026-10-09T23:10:40Z INFO [373/900] 8981d72f-3a82-408d-8412-0ef763fdf2f8: 16 groups; 1.1 s; peak memory 1141 MiB.
2026-10-09T23:10:41Z INFO [374/900] 89822aec-1e8b-4397-b363-e0c0fb4b997e: 32 groups; 1.5 s; peak memory 1141 MiB.
2026-10-09T23:10:42Z INFO [375/900] 89828aec-a2d1-4699-a178-b8d6c25affe9: 17 groups; 1.1 s; peak memory 1141 MiB.
2026-10-09T23:10:45Z INFO [376/900] 89829215-d83d-4781-8c03-cb6c4416df11: 341 groups; 2.9 s; peak memory 1141 MiB.
2026-10-09T23:10:47Z INFO [377/900] 8982f673-04c4-4c1e-b161-ef9e0988f9a1: 32 groups; 1.6 s; peak memory 1141 MiB.
2026-10-09T23:10:49Z INFO [378/900] 898320ca-a80a-466c-9219-05629c4861ab: 32 groups; 2.0 s; peak memory 1141 MiB.
2026-10-09T23:10:50Z INFO [379/900] 89834b58-f0b6-467a-bd13-499d3ccc5750: 16 groups; 1.0 s; peak memory 1141 MiB.
2026-10-09T23:10:51Z INFO [380/900] 8983e4c1-aca3-4f1f-9e0f-c103f1c44bfb: 22 groups; 1.4 s; peak memory 1141 MiB.
2026-10-09T23:10:53Z INFO [381/900] 8985a456-fc84-445e-a3a9-bdc15870b642: 22 groups; 2.2 s; peak memory 1141 MiB.
2026-10-09T23:10:54Z INFO [382/900] 89860b4f-284d-4448-89b8-6f4f93ad5257: 22 groups; 1.1 s; peak memory 1141 MiB.
2026-10-09T23:10:57Z INFO [383/900] 8986719a-ec29-488d-8308-ab82107413f9: 48 groups; 3.0 s; peak memory 1141 MiB.
2026-10-09T23:10:59Z INFO [384/900] 8986a7fe-c256-47d0-8e97-f4fb9dcabe19: 252 groups; 1.5 s; peak memory 1141 MiB.
2026-10-09T23:11:00Z INFO [385/900] 89877b12-f996-4ae5-8c4f-754d70b2d674: 22 groups; 1.3 s; peak memory 1141 MiB.
2026-10-09T23:11:01Z INFO [386/900] 8988027d-cac4-4289-9268-7cd25371a304: 22 groups; 1.1 s; peak memory 1141 MiB.
2026-10-09T23:11:03Z INFO [387/900] 89882add-e5bd-4c5f-bfda-be2d9359e3bb: 28 groups; 1.3 s; peak memory 1141 MiB.
2026-10-09T23:11:05Z INFO [388/900] 89894bed-6027-4cb9-9425-2a953a6a9c3e: 49 groups; 2.2 s; peak memory 1141 MiB.
2026-10-09T23:11:07Z INFO [389/900] 89897a53-c1ce-48e7-a6cd-4cc81ad934e7: 35 groups; 2.0 s; peak memory 1141 MiB.
2026-10-09T23:11:08Z INFO [390/900] 8989beb2-f101-4e3b-8472-f08f5d23f878: 22 groups; 1.4 s; peak memory 1141 MiB.
2026-10-09T23:11:09Z INFO [391/900] 898dd8f1-f7b9-4081-8862-27337133abdd: 18 groups; 1.2 s; peak memory 1141 MiB.
2026-10-09T23:11:13Z INFO [392/900] 898f15fb-54ab-4d9d-a4aa-080ba3a0ad5e: 48 groups; 3.2 s; peak memory 1141 MiB.
2026-10-09T23:11:14Z INFO [393/900] 898f3e88-85e2-4500-ac23-9014eab34a3e: 22 groups; 1.3 s; peak memory 1141 MiB.
2026-10-09T23:11:15Z INFO [394/900] 898f60ae-6f09-4e91-b2bd-35368f02a86b: 30 groups; 1.1 s; peak memory 1141 MiB.
2026-10-09T23:11:17Z INFO [395/900] 898fd7f8-9794-4157-b552-082e9a8b301f: 202 groups; 2.1 s; peak memory 1141 MiB.
2026-10-09T23:11:19Z INFO [396/900] 89900c2b-d5ae-45b7-86c9-393f5ccfdbeb: 32 groups; 1.5 s; peak memory 1141 MiB.
2026-10-09T23:11:20Z INFO [397/900] 89914d44-d970-4406-8b05-69ee64f29758: 16 groups; 1.0 s; peak memory 1141 MiB.
2026-10-09T23:11:59Z INFO [398/900] 89916180-76bd-4131-a9a9-5c6dc67caafd: 2909 groups; 39.5 s; peak memory 1141 MiB.
2026-10-09T23:12:00Z INFO [399/900] 89919eab-1968-4689-8512-da9755bf1adf: 22 groups; 1.3 s; peak memory 1141 MiB.
2026-10-09T23:12:02Z INFO [400/900] 8993a788-f3d3-431e-ac89-8292f5836c92: 22 groups; 1.4 s; peak memory 1141 MiB.
2026-10-09T23:12:02Z INFO [400/900] 8993a788-f3d3-431e-ac89-8292f5836c92: checkpointed 113336 new records.
2026-10-09T23:12:04Z INFO [401/900] 8993d220-bcae-4963-b93a-aed4c82458b9: 32 groups; 1.8 s; peak memory 1141 MiB.
2026-10-09T23:12:11Z INFO [402/900] 899457af-277b-463a-84bc-c0f789384e00: 85 groups; 7.3 s; peak memory 1141 MiB.
2026-10-09T23:12:13Z INFO [403/900] 89948486-28bc-4229-9988-0b00c272b367: 203 groups; 1.8 s; peak memory 1141 MiB.
2026-10-09T23:12:16Z INFO [404/900] 8994aa5d-1697-4d29-9542-8e162a431c5b: 71 groups; 3.1 s; peak memory 1141 MiB.
2026-10-09T23:12:18Z INFO [405/900] 8994c002-3e61-43e1-af94-d01864a5e017: 33 groups; 1.7 s; peak memory 1141 MiB.
2026-10-09T23:12:21Z INFO [406/900] 8995b30a-080d-48b2-97ae-c8e13dd8a97f: 50 groups; 3.7 s; peak memory 1141 MiB.
2026-10-09T23:12:23Z INFO [407/900] 8995ec81-4e79-4d47-8963-818201095648: 25 groups; 1.5 s; peak memory 1141 MiB.
2026-10-09T23:12:25Z INFO [408/900] 89965762-a2b3-4bb9-bea2-f0aa60388302: 33 groups; 2.0 s; peak memory 1141 MiB.
2026-10-09T23:12:26Z INFO [409/900] 89966622-b099-461d-a254-f43ad720c9e0: 22 groups; 1.3 s; peak memory 1141 MiB.
2026-10-09T23:12:27Z INFO [410/900] 899685f4-7950-433f-943d-b195f39ba950: 30 groups; 1.1 s; peak memory 1141 MiB.
2026-10-09T23:12:29Z INFO [411/900] 899717a0-bfa5-4601-b556-51ba03f4c92c: 199 groups; 2.0 s; peak memory 1141 MiB.
2026-10-09T23:12:48Z INFO [412/900] 8997ba80-c5ea-45ac-8c76-ccdc622a0b32: 254 groups; 18.5 s; peak memory 1141 MiB.
2026-10-09T23:12:49Z INFO [413/900] 8997f975-fb18-440a-88d0-724795a58ab5: 22 groups; 1.1 s; peak memory 1141 MiB.
2026-10-09T23:12:50Z INFO [414/900] 899835d2-4010-427e-b40c-78df882a4fa9: 28 groups; 1.6 s; peak memory 1141 MiB.
2026-10-09T23:12:56Z INFO [415/900] 89987be2-894f-49f9-a7d3-8172ca1cdb60: 136 groups; 5.3 s; peak memory 1141 MiB.
2026-10-09T23:12:57Z INFO [416/900] 8998987a-9c41-4696-9250-8beba97ef7dd: 28 groups; 1.2 s; peak memory 1141 MiB.
2026-10-09T23:12:59Z INFO [417/900] 8998a73e-b180-44c0-a122-c0e2d5ed5993: 29 groups; 2.1 s; peak memory 1141 MiB.
2026-10-09T23:13:00Z INFO [418/900] 8999b550-7fcb-46dc-95ef-8a87cd3b4ae6: 22 groups; 1.4 s; peak memory 1141 MiB.
2026-10-09T23:13:02Z INFO [419/900] 8999ecaa-2564-4a40-a079-6066bb721835: 32 groups; 1.5 s; peak memory 1141 MiB.
2026-10-09T23:13:04Z INFO [420/900] 899b004a-41b6-4935-a3a0-8014eb098fe7: 31 groups; 2.0 s; peak memory 1141 MiB.
2026-10-09T23:13:07Z INFO [421/900] 899b3f45-f358-4b35-aed0-2cc04939388f: 46 groups; 3.4 s; peak memory 1141 MiB.
2026-10-09T23:13:10Z INFO [422/900] 899b6e0d-68b4-460b-8cfd-e359639fee9c: 27 groups; 2.6 s; peak memory 1141 MiB.
2026-10-09T23:13:12Z INFO [423/900] 899ba7a2-9573-4616-b9b8-f1453ed6ddf9: 32 groups; 1.9 s; peak memory 1141 MiB.
2026-10-09T23:13:13Z INFO [424/900] 899bbba6-0940-4b47-a436-a09638580d77: 32 groups; 1.4 s; peak memory 1141 MiB.
2026-10-09T23:13:15Z INFO [425/900] 899bf4ff-bb95-4868-bd11-2328f9bc5045: 202 groups; 2.1 s; peak memory 1141 MiB.
2026-10-09T23:13:17Z INFO [426/900] 899c2e49-a7cd-49c0-ac9b-f0917c159b8e: 32 groups; 1.5 s; peak memory 1141 MiB.
2026-10-09T23:13:27Z INFO [427/900] 899da92b-5430-43dd-b8fb-79f5b84794b9: 120 groups; 10.3 s; peak memory 1141 MiB.
2026-10-09T23:13:28Z INFO [428/900] 899db6f2-7caa-42aa-9de1-9bc57dce35d9: 20 groups; 1.3 s; peak memory 1141 MiB.
2026-10-09T23:13:30Z INFO [429/900] 899e67b9-e528-4937-bc5e-c187191e8e05: 195 groups; 2.0 s; peak memory 1141 MiB.
2026-10-09T23:13:56Z INFO [430/900] 899ec6b4-18f1-482d-97bb-05989d3293dd: 23 groups; 25.9 s; peak memory 1141 MiB.
2026-10-09T23:13:58Z INFO [431/900] 899f2eb7-d3d3-4eae-9389-a923500f1f70: 43 groups; 2.1 s; peak memory 1141 MiB.
2026-10-09T23:13:59Z INFO [432/900] 89a08361-5a83-42d1-be80-00d8e10a55fb: 20 groups; 1.2 s; peak memory 1141 MiB.
2026-10-09T23:14:01Z INFO [433/900] 89a26daf-8658-4ce0-ad43-4e33126e87b2: 22 groups; 1.3 s; peak memory 1141 MiB.
2026-10-09T23:14:02Z INFO [434/900] 89a2d1a7-ebf0-4e68-875a-f1ccfa9a5086: 16 groups; 1.0 s; peak memory 1141 MiB.
2026-10-09T23:14:03Z INFO [435/900] 89a39da7-1517-4eb1-a03d-5216935b2ac6: 30 groups; 1.0 s; peak memory 1141 MiB.
2026-10-09T23:14:05Z INFO [436/900] 89a44986-89b6-4bce-8d52-2fa1f6b1c5c3: 35 groups; 2.4 s; peak memory 1141 MiB.
2026-10-09T23:14:07Z INFO [437/900] 89a44dd3-8702-4e37-a696-a4286996fb61: 32 groups; 1.6 s; peak memory 1141 MiB.
2026-10-09T23:14:18Z INFO [438/900] 89a4c89e-9d84-4401-b1df-5443ffca32de: 68 groups; 11.1 s; peak memory 1141 MiB.
2026-10-09T23:14:33Z INFO [439/900] 89a5b651-e982-4d51-b766-5f11cb32c104: 281 groups; 15.0 s; peak memory 1141 MiB.
2026-10-09T23:14:36Z INFO [440/900] 89a7399b-f586-48dc-a8f1-210e949f58a2: 48 groups; 2.8 s; peak memory 1141 MiB.
2026-10-09T23:14:37Z INFO [441/900] 89a74d8d-647e-4886-8316-a1d0a22589ed: 254 groups; 1.5 s; peak memory 1141 MiB.
2026-10-09T23:14:39Z INFO [442/900] 89a77920-3dfc-4558-8227-705261d94b1b: 32 groups; 1.4 s; peak memory 1141 MiB.
2026-10-09T23:14:40Z INFO [443/900] 89a9873a-b4f4-4ca8-992c-b1eb7727644e: 32 groups; 1.5 s; peak memory 1141 MiB.
2026-10-09T23:14:45Z INFO [444/900] 89aa31ea-08cd-4c93-9d87-29fdd8bf1b62: 17 groups; 5.3 s; peak memory 1141 MiB.
2026-10-09T23:14:48Z INFO [445/900] 89aa43a4-cd20-4a5b-91ab-1dde7ec46df4: 104 groups; 2.2 s; peak memory 1141 MiB.
2026-10-09T23:14:49Z INFO [446/900] 89aa77aa-e246-4352-aedc-a65a421da174: 22 groups; 1.2 s; peak memory 1141 MiB.
2026-10-09T23:14:50Z INFO [447/900] 89aabf16-2248-4111-baf2-42fc0e4483d1: 17 groups; 1.0 s; peak memory 1141 MiB.
2026-10-09T23:14:52Z INFO [448/900] 89aac2b3-d7f2-4d64-85be-2f5363b8c7c3: 35 groups; 2.1 s; peak memory 1141 MiB.
2026-10-09T23:14:53Z INFO [449/900] 89ab0129-c79b-4f93-9ac2-0a80ca50f7b6: 252 groups; 1.4 s; peak memory 1141 MiB.
2026-10-09T23:14:55Z INFO [450/900] 89ab1dfd-6301-46d1-ac73-f656a5cb3adc: 26 groups; 1.3 s; peak memory 1141 MiB.
2026-10-09T23:14:55Z INFO [450/900] 89ab1dfd-6301-46d1-ac73-f656a5cb3adc: checkpointed 113386 new records.
2026-10-09T23:14:58Z INFO [451/900] 89ab3ed4-beab-40d7-ba37-8f8ffda8137c: 201 groups; 3.2 s; peak memory 1141 MiB.
2026-10-09T23:14:59Z INFO [452/900] 89ac0f93-55b0-4128-b9e3-5ed443befbe2: 16 groups; 1.1 s; peak memory 1141 MiB.
2026-10-09T23:15:01Z INFO [453/900] 89ac86bd-997a-431c-b8a9-6461f6aa6561: 203 groups; 1.7 s; peak memory 1141 MiB.
2026-10-09T23:15:03Z INFO [454/900] 89acf4b6-bc56-4856-9270-9037999a74f6: 199 groups; 1.9 s; peak memory 1141 MiB.
2026-10-09T23:15:04Z INFO [455/900] 89acfc9e-5fd4-4786-b789-2acb22319810: 22 groups; 1.4 s; peak memory 1141 MiB.
2026-10-09T23:15:06Z INFO [456/900] 89ae4bf3-a2d7-41a0-8c5f-c8c0b9902c28: 32 groups; 1.6 s; peak memory 1141 MiB.
2026-10-09T23:15:08Z INFO [457/900] 89af0e51-2520-4886-a904-6611ca634b0c: 33 groups; 2.1 s; peak memory 1141 MiB.
2026-10-09T23:15:25Z INFO [458/900] 89afe2a5-c1a5-416a-ac0a-7af2022a42cf: 191 groups; 17.1 s; peak memory 1141 MiB.
2026-10-09T23:15:26Z INFO [459/900] 89b1bdfc-5d49-4da4-ba91-a4c6d1017b2a: 35 groups; 1.4 s; peak memory 1141 MiB.
2026-10-09T23:15:28Z INFO [460/900] 89b29711-7324-416a-b7f0-70fb84d858a3: 32 groups; 1.5 s; peak memory 1141 MiB.
2026-10-09T23:15:29Z INFO [461/900] 89b30b28-3600-449f-b847-5a3e7d0cc8ef: 26 groups; 1.0 s; peak memory 1141 MiB.
2026-10-09T23:15:33Z INFO [462/900] 89b32fd2-8a47-4856-8f8a-796b835beb73: 60 groups; 4.5 s; peak memory 1141 MiB.
2026-10-09T23:15:35Z INFO [463/900] 89b3eb81-1f89-409b-b93b-f8e3eea45092: 32 groups; 1.4 s; peak memory 1141 MiB.
2026-10-09T23:15:36Z INFO [464/900] 89b5867c-1bc2-48aa-944e-bda25a1dbc6f: 16 groups; 1.0 s; peak memory 1141 MiB.
2026-10-09T23:15:38Z INFO [465/900] 89b5c381-72f3-442d-bb8d-dc2daa332db2: 256 groups; 2.0 s; peak memory 1141 MiB.
2026-10-09T23:15:39Z INFO [466/900] 89b62ec1-5f7d-4a76-9c11-f6d13cdff46d: 20 groups; 1.3 s; peak memory 1141 MiB.
2026-10-09T23:15:41Z INFO [467/900] 89b6953c-cc42-4351-b67f-797e2b38dc05: 22 groups; 1.4 s; peak memory 1141 MiB.
2026-10-09T23:15:42Z INFO [468/900] 89b6b65d-6b7b-4d4c-830c-6c35e3d9fa82: 22 groups; 1.4 s; peak memory 1141 MiB.
2026-10-09T23:15:43Z INFO [469/900] 89b7dcd0-4fd0-4294-95be-fc06541f3dfe: 22 groups; 1.2 s; peak memory 1141 MiB.
2026-10-09T23:15:44Z INFO [470/900] 89b80690-62f6-4c30-ba76-07e1fa7f6802: 28 groups; 1.3 s; peak memory 1141 MiB.
2026-10-09T23:15:46Z INFO [471/900] 89b97ceb-69cb-4fdf-9496-ec3b668879dc: 22 groups; 1.4 s; peak memory 1141 MiB.
2026-10-09T23:15:47Z INFO [472/900] 89b994bd-2487-412a-8148-d2e6199e590c: 17 groups; 1.5 s; peak memory 1141 MiB.
2026-10-09T23:15:53Z INFO [473/900] 89ba3c20-3f0f-4245-8574-399be2a45f8d: 72 groups; 5.7 s; peak memory 1141 MiB.
2026-10-09T23:15:55Z INFO [474/900] 89bbb839-5303-42df-92d3-7ddc517997b1: 35 groups; 2.0 s; peak memory 1141 MiB.
2026-10-09T23:15:56Z INFO [475/900] 89bbce05-7ca2-46d8-95c0-58478001d98b: 16 groups; 1.2 s; peak memory 1141 MiB.
2026-10-09T23:16:19Z INFO [476/900] 89bcce6c-9c8e-4f99-be74-8d5aea311ab7: 1882 groups; 23.3 s; peak memory 1141 MiB.
2026-10-09T23:16:20Z INFO [477/900] 89bd1675-8d76-4d0e-8f96-00aa9dac7060: 31 groups; 1.0 s; peak memory 1141 MiB.
2026-10-09T23:16:21Z INFO [478/900] 89bd22e0-56b2-490a-801a-cc0f7bedf7c7: 22 groups; 1.1 s; peak memory 1141 MiB.
2026-10-09T23:16:23Z INFO [479/900] 89bd9b7f-65b7-4600-b202-18d452c23a2c: 22 groups; 1.2 s; peak memory 1141 MiB.
2026-10-09T23:16:24Z INFO [480/900] 89bdb1b8-ae70-45b3-aecb-2f7611b8c8e9: 22 groups; 1.3 s; peak memory 1141 MiB.
2026-10-09T23:16:26Z INFO [481/900] 89bdcada-ef37-4bf6-8fec-0dc97cd0815c: 199 groups; 2.2 s; peak memory 1141 MiB.
2026-10-09T23:16:27Z INFO [482/900] 89be2926-92ad-47da-b2c3-9e7751aa4ed1: 22 groups; 1.1 s; peak memory 1141 MiB.
2026-10-09T23:16:28Z INFO [483/900] 89be7c9b-25f2-44d0-aa32-f65ade7e8eb0: 22 groups; 1.3 s; peak memory 1141 MiB.
2026-10-09T23:16:30Z INFO [484/900] 89be8db4-8e86-4248-9742-7e051a4428a3: 22 groups; 1.3 s; peak memory 1141 MiB.
2026-10-09T23:16:32Z INFO [485/900] 89beaab2-02ea-4772-be27-cba837540d8a: 33 groups; 1.8 s; peak memory 1141 MiB.
2026-10-09T23:16:34Z INFO [486/900] 89bf0f40-f05c-4b53-a9e6-c956097b9145: 32 groups; 2.0 s; peak memory 1141 MiB.
2026-10-09T23:16:36Z INFO [487/900] 89bf865c-4cb9-432c-aa51-d962d3af9883: 35 groups; 2.2 s; peak memory 1141 MiB.
2026-10-09T23:16:37Z INFO [488/900] 89bfa0fe-6a74-4186-aea7-6e85a09d6f26: 253 groups; 1.6 s; peak memory 1141 MiB.
2026-10-09T23:16:39Z INFO [489/900] 89bfc1e6-25a1-423d-803c-c2aa9a9e7f8d: 22 groups; 1.2 s; peak memory 1141 MiB.
2026-10-09T23:16:40Z INFO [490/900] 89c1b459-4504-479a-a4a6-d31919c8305e: 32 groups; 1.5 s; peak memory 1141 MiB.
2026-10-09T23:16:41Z INFO [491/900] 89c21a11-f81c-4b56-b989-aa4abad4cec6: 22 groups; 1.3 s; peak memory 1141 MiB.
2026-10-09T23:16:43Z INFO [492/900] 89c23ea1-3f5d-4e53-80c7-9da6e51082fc: 202 groups; 1.8 s; peak memory 1141 MiB.
2026-10-09T23:16:46Z INFO [493/900] 89c26bee-3902-4887-93c6-91d848e4d004: 341 groups; 2.7 s; peak memory 1141 MiB.
2026-10-09T23:16:48Z INFO [494/900] 89c2922a-7e66-4d90-9ee1-901d3d5de587: 32 groups; 1.9 s; peak memory 1141 MiB.
2026-10-09T23:16:50Z INFO [495/900] 89c2be8b-1b38-4187-9998-d1763b535d9b: 573 groups; 2.6 s; peak memory 1141 MiB.
2026-10-09T23:16:52Z INFO [496/900] 89c34509-730d-4a23-9a9e-12231eeb136d: 22 groups; 1.3 s; peak memory 1141 MiB.
2026-10-09T23:16:54Z INFO [497/900] 89c3736c-4c98-4946-8799-7b54ea970b36: 207 groups; 2.6 s; peak memory 1141 MiB.
2026-10-09T23:16:56Z INFO [498/900] 89c474c0-a5fd-4dd6-8d94-0e059efc0940: 18 groups; 1.5 s; peak memory 1141 MiB.
2026-10-09T23:16:57Z INFO [499/900] 89c4bd02-aa77-4a86-8a9e-c67a6bc20b56: 103 groups; 1.7 s; peak memory 1141 MiB.
2026-10-09T23:16:59Z INFO [500/900] 89c4cb24-748d-4ae6-866d-e2e099e706c7: 196 groups; 1.8 s; peak memory 1141 MiB.
2026-10-09T23:16:59Z INFO [500/900] 89c4cb24-748d-4ae6-866d-e2e099e706c7: checkpointed 113436 new records.
2026-10-09T23:17:01Z INFO [501/900] 89c4cc67-75e3-4e74-b5a6-dc7d0cfafae9: 35 groups; 1.9 s; peak memory 1141 MiB.
2026-10-09T23:17:02Z INFO [502/900] 89c4d093-a727-4f6d-8eea-70b57c7f2cf9: 22 groups; 1.2 s; peak memory 1141 MiB.
2026-10-09T23:17:21Z INFO [503/900] 89c6df30-f094-467f-97a4-59832c2aa574: 335 groups; 18.5 s; peak memory 1141 MiB.
2026-10-09T23:17:22Z INFO [504/900] 89c77fe3-f6ce-4ed1-bcdc-3810ce914546: 22 groups; 1.3 s; peak memory 1141 MiB.
2026-10-09T23:17:24Z INFO [505/900] 89c7b4e3-7460-4e2f-b8d5-9e9736fb589c: 28 groups; 1.4 s; peak memory 1141 MiB.
2026-10-09T23:17:25Z INFO [506/900] 89c81724-a792-4641-92b5-5e6710053e48: 255 groups; 1.6 s; peak memory 1141 MiB.
2026-10-09T23:17:39Z INFO [507/900] 89c897c8-8cd7-4549-a142-f47f497029a9: 147 groups; 13.6 s; peak memory 1141 MiB.
2026-10-09T23:17:40Z INFO [508/900] 89c954a8-e655-4d42-ac0c-15e34f5950e3: 32 groups; 1.6 s; peak memory 1141 MiB.
2026-10-09T23:17:43Z INFO [509/900] 89c97dae-2263-4d2a-9f1d-aafe8f63f155: 206 groups; 2.3 s; peak memory 1141 MiB.
2026-10-09T23:17:46Z INFO [510/900] 89c9e7da-4e1c-4178-be86-7d62242a162a: 55 groups; 3.3 s; peak memory 1141 MiB.
2026-10-09T23:17:48Z INFO [511/900] 89ca64ff-9366-407a-85da-ae3bff8c99f7: 32 groups; 1.6 s; peak memory 1141 MiB.
2026-10-09T23:17:49Z INFO [512/900] 89cadbb7-1acd-460b-9436-c88485f824d5: 196 groups; 1.7 s; peak memory 1141 MiB.
2026-10-09T23:17:56Z INFO [513/900] 89cb0ca2-2d3b-402a-baec-4d77f4e16638: 78 groups; 6.5 s; peak memory 1141 MiB.
2026-10-09T23:18:15Z INFO [514/900] 89ccbe8b-6ef1-4099-8b67-0bc1090db400: 354 groups; 19.1 s; peak memory 1141 MiB.
2026-10-09T23:18:16Z INFO [515/900] 89cd12f9-3c8a-4762-a7a6-ddb366b72acd: 22 groups; 1.3 s; peak memory 1141 MiB.
2026-10-09T23:18:18Z INFO [516/900] 89cd97cc-a66d-44e3-beeb-1c1be4e0f575: 32 groups; 1.6 s; peak memory 1141 MiB.
2026-10-09T23:18:24Z INFO [517/900] 89ce7fe3-6d49-49bb-8e0b-43e4f98428fa: 119 groups; 5.9 s; peak memory 1141 MiB.
2026-10-09T23:18:25Z INFO [518/900] 89cfe748-8aaa-4545-8cba-9b3d74a0d9c8: 22 groups; 1.3 s; peak memory 1141 MiB.
2026-10-09T23:18:26Z INFO [519/900] 89d0331f-c840-4aac-9bef-331e0d4b3c9f: 32 groups; 1.5 s; peak memory 1141 MiB.
2026-10-09T23:18:28Z INFO [520/900] 89d03e41-8563-4574-ab5b-dce4b8f50a0d: 22 groups; 1.5 s; peak memory 1141 MiB.
2026-10-09T23:18:29Z INFO [521/900] 89d14023-371a-487a-9b9d-05c4f39d5145: 22 groups; 1.3 s; peak memory 1141 MiB.
2026-10-09T23:18:31Z INFO [522/900] 89d14ae9-1923-4399-8d8c-39460d52ef2b: 33 groups; 2.0 s; peak memory 1141 MiB.
2026-10-09T23:18:40Z INFO [523/900] 89d19bea-9f6d-4886-95a8-fb73b7806f6c: 34 groups; 8.4 s; peak memory 1141 MiB.
2026-10-09T23:23:59Z INFO [524/900] 89d2b3d1-f833-41a4-b10c-4cbf36ae2a3c: 72 groups; 319.6 s; peak memory 1141 MiB.
2026-10-09T23:24:07Z INFO [525/900] 89d3177d-2b7c-4047-94fc-04a79408ee7b: 159 groups; 7.5 s; peak memory 1141 MiB.
2026-10-09T23:24:09Z INFO [526/900] 89d330dd-6c78-4be5-a503-d58f3fc11da1: 35 groups; 2.2 s; peak memory 1141 MiB.
2026-10-09T23:24:42Z INFO [527/900] 89d36184-a279-4b24-b052-67228db1b775: 17 groups; 32.7 s; peak memory 1141 MiB.
2026-10-09T23:24:43Z INFO [528/900] 89d39922-efda-4f41-9ba6-67b1205f5bf4: 22 groups; 1.2 s; peak memory 1141 MiB.
2026-10-09T23:24:45Z INFO [529/900] 89d3a005-856f-4359-8543-9a0b0e0590ee: 199 groups; 1.9 s; peak memory 1141 MiB.
2026-10-09T23:25:06Z INFO [530/900] 89d3bd5c-b8e8-4927-ba9f-3526f5106c13: 286 groups; 21.2 s; peak memory 1141 MiB.
2026-10-09T23:25:08Z INFO [531/900] 89d3c800-e390-4ce2-8567-3f38436dc9fe: 33 groups; 2.3 s; peak memory 1141 MiB.
2026-10-09T23:25:12Z INFO [532/900] 89d3d769-2fa4-429e-a345-b42ff15f24a5: 17 groups; 3.4 s; peak memory 1141 MiB.
2026-10-09T23:25:13Z INFO [533/900] 89d43847-15d9-4412-a4b5-3da49e43b7e5: 202 groups; 1.8 s; peak memory 1141 MiB.
2026-10-09T23:25:15Z INFO [534/900] 89d58080-ce98-4b7c-80b9-4d244b3f19d1: 36 groups; 1.9 s; peak memory 1141 MiB.
2026-10-09T23:25:17Z INFO [535/900] 89d5b625-a951-4623-a1e2-43a6867647d2: 32 groups; 1.6 s; peak memory 1141 MiB.
2026-10-09T23:25:19Z INFO [536/900] 89d5cb02-e3fd-4722-b6b3-7c7026386759: 33 groups; 2.0 s; peak memory 1141 MiB.
2026-10-09T23:25:21Z INFO [537/900] 89d5eba2-9252-41b2-a36c-27ca51ccf960: 35 groups; 2.4 s; peak memory 1141 MiB.
2026-10-09T23:25:36Z INFO [538/900] 89d5f808-01b2-4a61-8644-e9878d4f6f5b: 236 groups; 15.1 s; peak memory 1141 MiB.
2026-10-09T23:25:38Z INFO [539/900] 89d69692-2122-495a-a8d6-b83ed38f81d2: 194 groups; 1.9 s; peak memory 1141 MiB.
2026-10-09T23:25:40Z INFO [540/900] 89d7263b-65ab-4d4f-a348-0068d7c8afcc: 32 groups; 1.7 s; peak memory 1141 MiB.
2026-10-09T23:26:04Z INFO [541/900] 89d78e40-3fb4-4ed7-bf1c-476df9d6b404: 268 groups; 24.1 s; peak memory 1141 MiB.
2026-10-09T23:26:07Z INFO [542/900] 89d8868f-b332-42f1-b5d9-c33093eadb92: 200 groups; 2.4 s; peak memory 1141 MiB.
2026-10-09T23:26:13Z INFO [543/900] 89d8df46-df30-4776-a543-87e2044c9ec8: 75 groups; 6.6 s; peak memory 1141 MiB.
2026-10-09T23:26:16Z INFO [544/900] 89d8e2a1-b6be-4a88-958d-4ced6914b8aa: 64 groups; 3.3 s; peak memory 1141 MiB.
2026-10-09T23:26:18Z INFO [545/900] 89d9398f-2f82-468b-b531-9d0f7b6a09bf: 26 groups; 1.4 s; peak memory 1141 MiB.
2026-10-09T23:26:21Z INFO [546/900] 89d978dd-4d22-4e05-96b5-e81018350904: 195 groups; 3.0 s; peak memory 1141 MiB.
2026-10-09T23:26:22Z INFO [547/900] 89d9fe59-8cf8-4fb8-acd4-982007d17f3d: 31 groups; 1.3 s; peak memory 1141 MiB.
2026-10-09T23:26:33Z INFO [548/900] 89da0682-4cd4-4521-834d-08138bf18c79: 84 groups; 11.3 s; peak memory 1141 MiB.
2026-10-09T23:27:07Z INFO [549/900] 89da106a-f60b-4edf-bf7c-a450fe16ad0e: 337 groups; 33.1 s; peak memory 1141 MiB.
2026-10-09T23:29:05Z INFO [550/900] 89da56d1-b9d0-4beb-ac89-9d5884eb0c3c: 69 groups; 118.1 s; peak memory 1141 MiB.
2026-10-09T23:29:05Z INFO [550/900] 89da56d1-b9d0-4beb-ac89-9d5884eb0c3c: checkpointed 113486 new records.
2026-10-09T23:29:07Z INFO [551/900] 89db1366-2112-4bf2-8d82-d3736cc404b6: 35 groups; 2.1 s; peak memory 1141 MiB.
2026-10-09T23:29:16Z INFO [552/900] 89db2a02-bb69-423c-861c-0aca1c4860d5: 181 groups; 8.7 s; peak memory 1141 MiB.
2026-10-09T23:29:17Z INFO [553/900] 89db8eca-b2b4-4616-92e1-883c47d4958c: 18 groups; 1.1 s; peak memory 1141 MiB.
2026-10-09T23:29:18Z INFO [554/900] 89dc63c9-f07d-4a02-b318-dd944e8bc2ae: 22 groups; 1.2 s; peak memory 1141 MiB.
2026-10-09T23:29:19Z INFO [555/900] 89dcac59-f6b1-4753-8a3b-673493873df1: 22 groups; 1.4 s; peak memory 1141 MiB.
2026-10-09T23:29:21Z INFO [556/900] 89dedcce-29cb-4cc2-85ef-da2c6e8caaee: 22 groups; 1.3 s; peak memory 1141 MiB.
2026-10-09T23:29:22Z INFO [557/900] 89df9a25-fbf5-45c7-b6ca-b2e632034670: 22 groups; 1.3 s; peak memory 1141 MiB.
2026-10-09T23:29:23Z INFO [558/900] 89dfd99e-ea60-4348-9ae9-23e5d0e85e9b: 16 groups; 1.0 s; peak memory 1141 MiB.
2026-10-09T23:29:26Z INFO [559/900] 89dfdc48-6e03-431f-88ad-f79f374a82d2: 48 groups; 3.3 s; peak memory 1141 MiB.
2026-10-09T23:29:27Z INFO [560/900] 89e09640-5af3-4a36-a3f5-9fff28759bab: 27 groups; 1.0 s; peak memory 1141 MiB.
2026-10-09T23:29:30Z INFO [561/900] 89e28f21-1bcf-4434-9553-98172fbfbbc4: 200 groups; 2.3 s; peak memory 1141 MiB.
2026-10-09T23:29:31Z INFO [562/900] 89e2b987-24a5-48cc-b8ec-c1c28615ebef: 33 groups; 1.7 s; peak memory 1141 MiB.
2026-10-09T23:29:33Z INFO [563/900] 89e312bb-2d03-4452-a29e-1725e9dc4e97: 22 groups; 1.2 s; peak memory 1141 MiB.
2026-10-09T23:29:34Z INFO [564/900] 89e42919-25fd-4b84-8e0f-b9b656d8a008: 32 groups; 1.7 s; peak memory 1141 MiB.
2026-10-09T23:29:36Z INFO [565/900] 89e4a370-cbe8-4fc8-9880-0da5e60e9ce0: 22 groups; 1.4 s; peak memory 1141 MiB.
2026-10-09T23:29:37Z INFO [566/900] 89e503de-2d23-41cf-bd32-b7db5ef8b160: 22 groups; 1.3 s; peak memory 1141 MiB.
2026-10-09T23:29:40Z INFO [567/900] 89e5d87a-d9f4-41d6-9b9f-bc357545c242: 48 groups; 3.1 s; peak memory 1141 MiB.
2026-10-09T23:29:48Z INFO [568/900] 89e5ef55-aa9e-48c0-8f5c-fd962d2dbcbb: 17 groups; 8.2 s; peak memory 1141 MiB.
2026-10-09T23:29:51Z INFO [569/900] 89e6372c-d438-451c-9426-cafa6e0b5a89: 54 groups; 2.6 s; peak memory 1141 MiB.
2026-10-09T23:32:14Z INFO [570/900] 89e6fef5-bb23-4275-8233-29941c30b096: 60 groups; 143.5 s; peak memory 1141 MiB.
2026-10-09T23:32:17Z INFO [571/900] 89e71717-a9ad-43c5-b1ca-0d7413f0e11a: 48 groups; 3.0 s; peak memory 1141 MiB.
2026-10-09T23:32:20Z INFO [572/900] 89e719d7-d02c-413e-b8ed-92dce9ee3c07: 48 groups; 2.8 s; peak memory 1141 MiB.
2026-10-09T23:32:21Z INFO [573/900] 89e7ae4d-1846-416e-9cbf-44977d5b6ebc: 28 groups; 1.2 s; peak memory 1141 MiB.
2026-10-09T23:32:23Z INFO [574/900] 89e86070-d601-4acf-8382-58149fcaf3da: 35 groups; 1.9 s; peak memory 1141 MiB.
2026-10-09T23:32:25Z INFO [575/900] 89e8a7a2-d30e-4b7b-a81d-2c48f4daddf0: 36 groups; 1.7 s; peak memory 1141 MiB.
2026-10-09T23:32:27Z INFO [576/900] 89ea2330-d483-4b77-abcd-daeac3463af4: 35 groups; 1.7 s; peak memory 1141 MiB.
2026-10-09T23:32:28Z INFO [577/900] 89eaca0f-4ebf-4e4f-adbe-d42fa5bc27ad: 16 groups; 1.0 s; peak memory 1141 MiB.
2026-10-09T23:32:29Z INFO [578/900] 89eb6c0b-8087-4021-a2ee-c4b930f1e7d7: 22 groups; 1.3 s; peak memory 1141 MiB.
2026-10-09T23:32:31Z INFO [579/900] 89ed15d3-d791-4581-8dcf-5955587650ad: 33 groups; 1.8 s; peak memory 1141 MiB.
2026-10-09T23:32:48Z INFO [580/900] 89edccfd-804f-4bc1-a6c6-c7af0b420ba3: 210 groups; 17.3 s; peak memory 1141 MiB.
2026-10-09T23:32:52Z INFO [581/900] 89edceaf-59fd-4501-87d7-52952cec40bf: 47 groups; 3.8 s; peak memory 1141 MiB.
2026-10-09T23:32:53Z INFO [582/900] 89ee4681-83d6-4cbb-bb76-5f7c5ba11124: 22 groups; 1.2 s; peak memory 1141 MiB.
2026-10-09T23:32:55Z INFO [583/900] 89ee66c0-30b8-455e-84c7-ccd0346eb2e2: 35 groups; 2.0 s; peak memory 1141 MiB.
2026-10-09T23:32:56Z INFO [584/900] 89ef5055-13bf-409c-9a42-2b2e411bc92e: 22 groups; 1.2 s; peak memory 1141 MiB.
2026-10-09T23:32:58Z INFO [585/900] 89ef9283-c4db-4424-b632-0f22941bdc7f: 22 groups; 1.4 s; peak memory 1141 MiB.
2026-10-09T23:40:06Z INFO [586/900] 89efa6eb-a7fd-4b35-a90a-c7f774c2fdd6: 59 groups; 428.5 s; peak memory 1141 MiB.
2026-10-09T23:40:08Z INFO [587/900] 89efe721-ef3e-4563-89c3-ca98101305c3: 32 groups; 1.5 s; peak memory 1141 MiB.
2026-10-09T23:40:14Z INFO [588/900] 89effb23-1df1-455e-b862-e21df88fc9fd: 78 groups; 6.1 s; peak memory 1141 MiB.
2026-10-09T23:40:15Z INFO [589/900] 89f184b8-5e81-495f-92cf-63c9686ac7f1: 22 groups; 1.2 s; peak memory 1141 MiB.
2026-10-09T23:40:17Z INFO [590/900] 89f2431d-286e-4632-9c37-c49f55713ad2: 35 groups; 1.8 s; peak memory 1141 MiB.
2026-10-09T23:40:18Z INFO [591/900] 89f2c994-5f6d-4f11-9f4e-7686d22392ee: 22 groups; 1.1 s; peak memory 1141 MiB.
2026-10-09T23:40:23Z INFO [592/900] 89f3629e-1a03-4e8d-ae11-65dfc9dd5177: 65 groups; 5.2 s; peak memory 1141 MiB.
2026-10-09T23:40:25Z INFO [593/900] 89f38ecf-d0ec-4634-b933-a1606a404f93: 202 groups; 2.0 s; peak memory 1141 MiB.
2026-10-09T23:40:27Z INFO [594/900] 89f549f1-274e-4cbb-8dbc-e31403201ca8: 33 groups; 1.8 s; peak memory 1141 MiB.
2026-10-09T23:40:28Z INFO [595/900] 89f56a89-cdda-4ff4-91f6-c5bfd1d4f14b: 32 groups; 1.5 s; peak memory 1141 MiB.
2026-10-09T23:40:31Z INFO [596/900] 89f697e2-9352-4206-8c65-ff3e4092070e: 31 groups; 2.3 s; peak memory 1141 MiB.
2026-10-09T23:40:50Z INFO [597/900] 89f6a8a8-1d5c-4680-9974-ed8b2060a859: 18 groups; 19.9 s; peak memory 1141 MiB.
2026-10-09T23:40:53Z INFO [598/900] 89f6b92c-092b-454f-bd92-d2d1f4882c17: 194 groups; 3.1 s; peak memory 1141 MiB.
2026-10-09T23:40:55Z INFO [599/900] 89f6de58-50ac-4bdf-add5-4668a7694651: 18 groups; 1.1 s; peak memory 1141 MiB.
2026-10-09T23:40:56Z INFO [600/900] 89f78a74-7ec7-4059-8e53-d51defe9ad27: 32 groups; 1.4 s; peak memory 1141 MiB.
2026-10-09T23:40:56Z INFO [600/900] 89f78a74-7ec7-4059-8e53-d51defe9ad27: checkpointed 113536 new records.
2026-10-09T23:40:59Z INFO [601/900] 89f7ccfa-d84b-48fb-9619-9de1b6eaec14: 54 groups; 2.6 s; peak memory 1141 MiB.
2026-10-09T23:41:06Z INFO [602/900] 89f88025-3da2-4b6c-be2f-cf8907090fba: 71 groups; 6.8 s; peak memory 1141 MiB.
2026-10-09T23:41:07Z INFO [603/900] 89f90192-0076-4ec2-9526-ae8dd8401c3a: 35 groups; 1.8 s; peak memory 1141 MiB.
2026-10-09T23:41:14Z INFO [604/900] 89f9262c-34be-4506-9d11-f81a19073d10: 78 groups; 6.4 s; peak memory 1141 MiB.
2026-10-09T23:41:18Z INFO [605/900] 89f9f8f7-c851-48a3-b525-9d45073ce43e: 50 groups; 3.7 s; peak memory 1141 MiB.
2026-10-09T23:41:25Z INFO [606/900] 89fb6852-0ea3-4e48-8923-bb7ea39d515f: 135 groups; 7.4 s; peak memory 1141 MiB.
2026-10-09T23:41:27Z INFO [607/900] 89fcbc38-db91-446c-9059-032b03495a06: 195 groups; 2.0 s; peak memory 1141 MiB.
2026-10-09T23:41:29Z INFO [608/900] 89fcbdee-0cf1-4ab8-8438-0752e5c62226: 35 groups; 2.0 s; peak memory 1141 MiB.
2026-10-09T23:41:30Z INFO [609/900] 89fcce1d-53a0-486b-bc34-a1479c3abe38: 32 groups; 1.5 s; peak memory 1141 MiB.
2026-10-09T23:41:48Z INFO [610/900] 89fdbc5d-6577-4494-884d-a26ebbbac691: 221 groups; 17.1 s; peak memory 1141 MiB.
2026-10-09T23:41:49Z INFO [611/900] 89fded40-3791-4f71-9f5f-b5e8faecdfaf: 251 groups; 1.3 s; peak memory 1141 MiB.
2026-10-09T23:41:51Z INFO [612/900] 89fe0d50-6b26-4237-8f9a-059ba0b64c4b: 35 groups; 1.8 s; peak memory 1141 MiB.
2026-10-09T23:41:52Z INFO [613/900] 89fe228f-1507-42c5-b874-cb119114c575: 18 groups; 1.0 s; peak memory 1141 MiB.
2026-10-09T23:41:53Z INFO [614/900] 89fe22ff-2863-4c42-9adc-a92a4c0a6598: 19 groups; 1.1 s; peak memory 1141 MiB.
2026-10-09T23:41:54Z INFO [615/900] 89ff1c4f-1606-4d04-8ebd-b3102b15012e: 33 groups; 1.4 s; peak memory 1141 MiB.
2026-10-09T23:41:55Z INFO [616/900] 89ff29bd-08af-4d88-98e6-f96a92ea2d58: 25 groups; 1.3 s; peak memory 1141 MiB.
2026-10-09T23:44:15Z INFO [617/900] 8a01157b-bea0-42af-9e7e-09094f88c5a1: 80 groups; 139.6 s; peak memory 1141 MiB.
2026-10-09T23:44:16Z INFO [618/900] 8a0143b0-8802-4f9a-9433-4948d5c649d9: 31 groups; 1.0 s; peak memory 1141 MiB.
2026-10-09T23:44:17Z INFO [619/900] 8a01bfc2-ec42-4820-bb46-e6954f51656e: 18 groups; 1.0 s; peak memory 1141 MiB.
2026-10-09T23:44:18Z INFO [620/900] 8a0376bd-0781-4cdf-9594-703b6431a1ea: 22 groups; 1.4 s; peak memory 1141 MiB.
2026-10-09T23:44:27Z INFO [621/900] 8a03db6f-0a6e-4cb0-a3af-8667ee2cb129: 181 groups; 8.7 s; peak memory 1141 MiB.
2026-10-09T23:44:29Z INFO [622/900] 8a04b063-71e0-4578-9ad6-ed95ba8fe19e: 43 groups; 2.2 s; peak memory 1141 MiB.
2026-10-09T23:44:36Z INFO [623/900] 8a04d0a3-79c5-4768-a088-191800207c8d: 66 groups; 7.1 s; peak memory 1141 MiB.
2026-10-09T23:44:38Z INFO [624/900] 8a056491-2b46-439e-a387-a0014aa34a18: 22 groups; 1.4 s; peak memory 1141 MiB.
2026-10-09T23:44:39Z INFO [625/900] 8a05977f-da6c-4a59-bedb-fe80e0c3bc75: 28 groups; 1.4 s; peak memory 1141 MiB.
2026-10-09T23:44:41Z INFO [626/900] 8a05f271-e8e6-41d0-904e-a657f8c7935f: 22 groups; 1.4 s; peak memory 1141 MiB.
2026-10-09T23:44:42Z INFO [627/900] 8a06dcd2-162d-4130-819a-4091b1cea0fd: 22 groups; 1.2 s; peak memory 1141 MiB.
2026-10-09T23:44:43Z INFO [628/900] 8a0772d2-7d4e-42a8-8199-80ec2f980776: 22 groups; 1.3 s; peak memory 1141 MiB.
2026-10-09T23:44:46Z INFO [629/900] 8a078ac8-3a05-4ef5-bcdd-5a125b687e14: 48 groups; 2.9 s; peak memory 1141 MiB.
2026-10-09T23:44:48Z INFO [630/900] 8a09d5af-92ff-4bf2-8efc-09fef979adee: 34 groups; 1.7 s; peak memory 1141 MiB.
2026-10-09T23:49:12Z INFO [631/900] 8a0a01be-11bd-4db4-99ea-147bfa8e4dae: 81 groups; 264.8 s; peak memory 1141 MiB.
2026-10-09T23:49:14Z INFO [632/900] 8a0a3f9d-eaac-421f-948a-b484a04a23f7: 22 groups; 1.4 s; peak memory 1141 MiB.
2026-10-09T23:49:15Z INFO [633/900] 8a0a4fbe-1b00-41d9-8004-64c6961d9a14: 32 groups; 1.5 s; peak memory 1141 MiB.
2026-10-09T23:51:30Z INFO [634/900] 8a0aaa7b-7c40-4d36-bf7a-c52c23fbffc2: 71 groups; 134.4 s; peak memory 1141 MiB.
2026-10-09T23:51:36Z INFO [635/900] 8a0c61ff-ce6d-43dd-a480-d816f9e60725: 122 groups; 6.3 s; peak memory 1141 MiB.
2026-10-09T23:51:37Z INFO [636/900] 8a0c72f9-2cc7-4aa7-8b6c-54fc86c5f44a: 22 groups; 1.3 s; peak memory 1141 MiB.
2026-10-09T23:51:39Z INFO [637/900] 8a0d4b96-8370-4c1b-9f66-b222c5de9c84: 35 groups; 2.0 s; peak memory 1141 MiB.
2026-10-09T23:51:41Z INFO [638/900] 8a0d906b-c666-4cb3-a515-8d5289fac7a2: 25 groups; 1.6 s; peak memory 1141 MiB.
2026-10-09T23:51:47Z INFO [639/900] 8a0db9ad-b7f3-4fab-92c9-d010ab10e6ea: 76 groups; 6.4 s; peak memory 1141 MiB.
2026-10-09T23:51:49Z INFO [640/900] 8a0f26dd-d9df-415d-ae36-9e15bf63810c: 252 groups; 1.6 s; peak memory 1141 MiB.
2026-10-09T23:51:52Z INFO [641/900] 8a0fff21-1c9a-4320-aadb-d37ea0d21af4: 48 groups; 2.9 s; peak memory 1141 MiB.
2026-10-09T23:51:56Z INFO [642/900] 8a1008b7-6baf-48b5-b4ab-5360a897fc39: 50 groups; 4.1 s; peak memory 1141 MiB.
2026-10-09T23:52:04Z INFO [643/900] 8a100a1b-f114-4585-b861-0b0a557b53f4: 163 groups; 8.1 s; peak memory 1141 MiB.
2026-10-09T23:52:06Z INFO [644/900] 8a106b24-e824-49d9-8a96-8469cccb9d08: 202 groups; 1.9 s; peak memory 1141 MiB.
2026-10-09T23:52:08Z INFO [645/900] 8a11b787-2a03-4ab5-800d-fdda3f74682c: 26 groups; 2.0 s; peak memory 1141 MiB.
2026-10-09T23:52:09Z INFO [646/900] 8a1314eb-2135-4dc0-a31e-0203a91a2788: 22 groups; 1.3 s; peak memory 1141 MiB.
2026-10-09T23:52:11Z INFO [647/900] 8a13c67c-7642-4ad3-b3f5-02e371085f61: 200 groups; 2.3 s; peak memory 1141 MiB.
2026-10-09T23:52:29Z INFO [648/900] 8a13d527-05bc-48b7-aade-cfdd2e89b88d: 92 groups; 17.9 s; peak memory 1141 MiB.
2026-10-09T23:52:30Z INFO [649/900] 8a14150f-9632-4d5a-b5fe-8aedeb4cc850: 29 groups; 1.0 s; peak memory 1141 MiB.
2026-10-09T23:52:31Z INFO [650/900] 8a1447ba-4bed-4f4f-ba00-b579accf1806: 31 groups; 1.0 s; peak memory 1141 MiB.
2026-10-09T23:52:32Z INFO [650/900] 8a1447ba-4bed-4f4f-ba00-b579accf1806: checkpointed 113586 new records.
2026-10-09T23:52:33Z INFO [651/900] 8a14a6ea-30be-460e-ad63-dfd5d232e0ea: 22 groups; 1.3 s; peak memory 1141 MiB.
2026-10-09T23:52:36Z INFO [652/900] 8a14ed11-5ac4-4346-9343-42303aa0b545: 48 groups; 3.4 s; peak memory 1141 MiB.
2026-10-09T23:52:39Z INFO [653/900] 8a151113-0db5-4a4e-873f-ed611c1d80ae: 17 groups; 3.1 s; peak memory 1141 MiB.
2026-10-09T23:52:41Z INFO [654/900] 8a1531ba-93ae-4ce9-adad-f9e4bce91f11: 22 groups; 1.2 s; peak memory 1141 MiB.
2026-10-09T23:52:42Z INFO [655/900] 8a15c213-1cb6-4c68-b75b-ebc706fcdf8e: 16 groups; 1.0 s; peak memory 1141 MiB.
2026-10-09T23:52:44Z INFO [656/900] 8a18355b-26cf-4ed2-9746-ae508e1a2450: 35 groups; 2.0 s; peak memory 1141 MiB.
2026-10-09T23:52:50Z INFO [657/900] 8a185041-90a2-4eec-833f-db61174c7b13: 135 groups; 6.5 s; peak memory 1141 MiB.
2026-10-09T23:52:51Z INFO [658/900] 8a188af6-470d-41e9-b8c2-52fea236e44b: 22 groups; 1.1 s; peak memory 1141 MiB.
2026-10-09T23:52:54Z INFO [659/900] 8a18a598-0520-4959-b97a-13aeaf37c11c: 48 groups; 2.4 s; peak memory 1141 MiB.
2026-10-09T23:52:55Z INFO [660/900] 8a199391-56a7-44ae-8025-b1ea8ffa93dd: 22 groups; 1.2 s; peak memory 1141 MiB.
2026-10-09T23:52:58Z INFO [661/900] 8a199b2e-8afb-4b24-a7d4-e4217d6ab679: 50 groups; 3.4 s; peak memory 1141 MiB.
2026-10-09T23:53:00Z INFO [662/900] 8a19e2f7-4dbb-4f1f-b24f-7027d14f401a: 25 groups; 1.5 s; peak memory 1141 MiB.
2026-10-09T23:53:01Z INFO [663/900] 8a19fb1c-d172-495e-b7d7-ae64f25e6980: 25 groups; 1.2 s; peak memory 1141 MiB.
2026-10-09T23:53:03Z INFO [664/900] 8a1ae477-b57c-4c7e-b916-248d955eb5ca: 35 groups; 1.9 s; peak memory 1141 MiB.
2026-10-09T23:53:04Z INFO [665/900] 8a1b1768-4e7a-4912-80f4-b8149ba11221: 30 groups; 1.5 s; peak memory 1141 MiB.
2026-10-09T23:53:06Z INFO [666/900] 8a1c0b3b-b150-426b-8b36-d97fda586a76: 16 groups; 1.2 s; peak memory 1141 MiB.
2026-10-09T23:53:07Z INFO [667/900] 8a1c3e0a-c514-411f-82b1-c4bdeab9e6da: 17 groups; 1.2 s; peak memory 1141 MiB.
2026-10-09T23:53:08Z INFO [668/900] 8a1c4e09-18fd-45c6-8655-f32a1d47c562: 22 groups; 1.3 s; peak memory 1141 MiB.
2026-10-09T23:53:09Z INFO [669/900] 8a1d8cbb-043c-40b9-abd1-686ad56a68ec: 22 groups; 1.3 s; peak memory 1141 MiB.
2026-10-09T23:53:11Z INFO [670/900] 8a1f7987-23cf-4df6-83d1-6f2e64d09cd5: 32 groups; 2.1 s; peak memory 1141 MiB.
2026-10-09T23:53:13Z INFO [671/900] 8a20bff3-0eff-4764-a373-cc09b51b71e2: 201 groups; 1.5 s; peak memory 1141 MiB.
2026-10-09T23:53:19Z INFO [672/900] 8a20cb1b-921b-4c8c-a43e-9557f644dbe3: 181 groups; 5.9 s; peak memory 1141 MiB.
2026-10-09T23:53:23Z INFO [673/900] 8a21cd93-cb87-4ec8-b2d0-24279accad83: 47 groups; 3.9 s; peak memory 1141 MiB.
2026-10-09T23:53:24Z INFO [674/900] 8a220e15-b2b3-4216-b807-64b6db8781f5: 22 groups; 1.2 s; peak memory 1141 MiB.
2026-10-09T23:53:26Z INFO [675/900] 8a22ecc4-4057-4468-98c8-8163daf4997b: 54 groups; 2.4 s; peak memory 1141 MiB.
2026-10-09T23:53:29Z INFO [676/900] 8a230207-f1a6-443f-bce0-c0e8506833d9: 573 groups; 2.7 s; peak memory 1141 MiB.
2026-10-09T23:53:42Z INFO [677/900] 8a231f2d-226c-4407-a827-fea719d5fd39: 1832 groups; 12.7 s; peak memory 1141 MiB.
2026-10-09T23:53:43Z INFO [678/900] 8a26bc93-cfee-4b3d-8794-f9c2ee85f924: 32 groups; 1.6 s; peak memory 1141 MiB.
2026-10-09T23:53:53Z INFO [679/900] 8a2797a2-043d-4d0c-8679-2402aa609d95: 152 groups; 9.7 s; peak memory 1141 MiB.
2026-10-09T23:53:55Z INFO [680/900] 8a27f209-b55a-46b5-8ce1-78467f4ebafb: 33 groups; 2.1 s; peak memory 1141 MiB.
2026-10-09T23:53:56Z INFO [681/900] 8a28e154-7aa3-4825-952b-ddba78d2234b: 22 groups; 1.4 s; peak memory 1141 MiB.
2026-10-09T23:53:57Z INFO [682/900] 8a28f234-859f-4745-99e7-6a27cc284d4f: 16 groups; 0.9 s; peak memory 1141 MiB.
2026-10-09T23:54:05Z INFO [683/900] 8a2a94ee-76ea-4cc3-b582-edfa4d02d3c2: 129 groups; 7.3 s; peak memory 1141 MiB.
2026-10-09T23:54:08Z INFO [684/900] 8a2aafb9-6f93-4d82-8e8d-4c05ff8b2e63: 48 groups; 3.0 s; peak memory 1141 MiB.
2026-10-09T23:54:09Z INFO [685/900] 8a2ac18e-5b3d-4b18-b2a8-844196ff1abb: 22 groups; 1.2 s; peak memory 1141 MiB.
2026-10-09T23:54:13Z INFO [686/900] 8a2b3c63-1155-49cf-9836-519cda45d498: 50 groups; 3.9 s; peak memory 1141 MiB.
2026-10-09T23:54:14Z INFO [687/900] 8a2b3d97-583e-4852-b784-251335d88307: 32 groups; 1.3 s; peak memory 1141 MiB.
2026-10-09T23:54:15Z INFO [688/900] 8a2c60dc-c75b-4835-91ef-e390a797df3f: 16 groups; 1.0 s; peak memory 1141 MiB.
2026-10-09T23:54:20Z INFO [689/900] 8a2c735f-fee2-4351-ad68-79f0e4b4c36d: 62 groups; 5.1 s; peak memory 1141 MiB.
2026-10-09T23:54:23Z INFO [690/900] 8a2ce9b2-2e98-4c37-8f2a-3b9c8b542086: 53 groups; 2.9 s; peak memory 1141 MiB.
2026-10-09T23:54:25Z INFO [691/900] 8a2d405c-378a-4652-9015-efe9caf6a0a5: 202 groups; 1.7 s; peak memory 1141 MiB.
2026-10-09T23:54:28Z INFO [692/900] 8a2dbf44-d119-4a44-8c34-ad477fffa2ce: 48 groups; 2.8 s; peak memory 1141 MiB.
2026-10-09T23:54:30Z INFO [693/900] 8a2ee51f-7709-4fc3-a9ad-477ed77fe3cc: 31 groups; 2.0 s; peak memory 1141 MiB.
2026-10-09T23:54:32Z INFO [694/900] 8a300c91-b372-403c-97b6-5bb9ecdd90fe: 35 groups; 2.4 s; peak memory 1141 MiB.
2026-10-09T23:54:35Z INFO [695/900] 8a3032a5-6442-47dc-a5ff-56e7cc194fc1: 54 groups; 3.0 s; peak memory 1141 MiB.
2026-10-09T23:54:46Z INFO [696/900] 8a30be3c-4839-4b5c-b33c-6e802e5c8745: 50 groups; 10.6 s; peak memory 1141 MiB.
2026-10-09T23:54:59Z INFO [697/900] 8a30c360-3a36-4176-9b71-978ded9a3bd2: 164 groups; 13.3 s; peak memory 1141 MiB.
2026-10-09T23:55:01Z INFO [698/900] 8a30f933-9008-4e08-81ad-5f2603fd084d: 341 groups; 2.5 s; peak memory 1141 MiB.
2026-10-09T23:55:03Z INFO [699/900] 8a312bfd-01d7-4ca7-a039-acf48e7c1e7f: 32 groups; 1.4 s; peak memory 1141 MiB.
2026-10-09T23:55:15Z INFO [700/900] 8a3134c0-c0d1-4ddc-902e-383ac6054d46: 176 groups; 12.6 s; peak memory 1141 MiB.
2026-10-09T23:55:16Z INFO [700/900] 8a3134c0-c0d1-4ddc-902e-383ac6054d46: checkpointed 113636 new records.
2026-10-09T23:55:17Z INFO [701/900] 8a320044-4187-406a-9134-a572ef11e7de: 22 groups; 1.4 s; peak memory 1141 MiB.
2026-10-09T23:55:42Z INFO [702/900] 8a323c29-55b8-4181-aa37-0250e843e01f: 226 groups; 25.3 s; peak memory 1141 MiB.
2026-10-09T23:55:49Z INFO [703/900] 8a32eb7b-ea24-421b-81f0-5ebf1efd6c0e: 78 groups; 7.0 s; peak memory 1141 MiB.
2026-10-09T23:55:51Z INFO [704/900] 8a331204-ad89-44ac-b1d1-d6836e9d19f9: 22 groups; 1.2 s; peak memory 1141 MiB.
2026-10-09T23:55:54Z INFO [705/900] 8a332c88-3b69-4352-9bb4-1a0abf6e93d6: 50 groups; 3.5 s; peak memory 1141 MiB.
2026-10-09T23:56:13Z INFO [706/900] 8a33fea5-a30f-4a4c-8e1b-df1befbeb418: 265 groups; 18.6 s; peak memory 1141 MiB.
2026-10-09T23:56:14Z INFO [707/900] 8a34d2e6-b49c-4406-93ac-abc11e52cdf8: 22 groups; 1.2 s; peak memory 1141 MiB.
2026-10-09T23:56:15Z INFO [708/900] 8a35073b-43f9-4746-acdb-844f52c1bdc4: 30 groups; 1.3 s; peak memory 1141 MiB.
2026-10-09T23:56:17Z INFO [709/900] 8a356709-5b75-4a13-b8fb-52e9b7d34a7b: 22 groups; 1.5 s; peak memory 1141 MiB.
2026-10-09T23:56:18Z INFO [710/900] 8a35d729-de1c-4231-b6c8-aae60ed7caa9: 35 groups; 1.8 s; peak memory 1141 MiB.
2026-10-09T23:56:20Z INFO [711/900] 8a35f7b5-2fc7-43ad-8789-c88e0dcc0a9f: 28 groups; 1.1 s; peak memory 1141 MiB.
2026-10-09T23:56:44Z INFO [712/900] 8a360ab5-d0e2-4c61-8bc2-3c9f6d39abc6: 23 groups; 24.7 s; peak memory 1141 MiB.
2026-10-09T23:57:03Z INFO [713/900] 8a3747a6-1660-4752-9904-b691e8afb0c4: 27 groups; 18.8 s; peak memory 1141 MiB.
2026-10-09T23:57:05Z INFO [714/900] 8a384479-d894-4336-8348-9e83e47f2dae: 36 groups; 2.0 s; peak memory 1141 MiB.
2026-10-09T23:57:07Z INFO [715/900] 8a3863f2-4609-408c-9c19-16e4040b114f: 43 groups; 2.1 s; peak memory 1141 MiB.
2026-10-09T23:57:09Z INFO [716/900] 8a38cb38-6a25-4fa6-adee-9662036ea095: 22 groups; 1.3 s; peak memory 1141 MiB.
2026-10-09T23:57:10Z INFO [717/900] 8a3913bc-7f11-4079-90ad-860212fa6545: 194 groups; 1.8 s; peak memory 1141 MiB.
2026-10-09T23:57:13Z INFO [718/900] 8a39701c-481d-40ea-afae-bc1e751eccb3: 47 groups; 3.0 s; peak memory 1141 MiB.
2026-10-09T23:57:14Z INFO [719/900] 8a39850e-49e2-4b13-83c5-eb78d0d3e78c: 16 groups; 0.9 s; peak memory 1141 MiB.
2026-10-09T23:57:28Z INFO [720/900] 8a399f35-5aa7-4b63-8c16-d7dd6648d5e1: 207 groups; 14.3 s; peak memory 1141 MiB.
2026-10-09T23:57:36Z INFO [721/900] 8a39d576-4420-423f-a2a0-ca67aa3d4cc9: 129 groups; 7.4 s; peak memory 1141 MiB.
2026-10-09T23:57:38Z INFO [722/900] 8a3a9887-131f-4e90-b7ad-7e936829cc5c: 337 groups; 1.8 s; peak memory 1141 MiB.
2026-10-09T23:57:41Z INFO [723/900] 8a3adcdb-fa39-4c57-bea0-4f9972f82bec: 50 groups; 3.4 s; peak memory 1141 MiB.
2026-10-09T23:57:42Z INFO [724/900] 8a3c7dc5-0390-4309-9738-9400efd8f3c2: 29 groups; 1.3 s; peak memory 1141 MiB.
2026-10-09T23:57:43Z INFO [725/900] 8a3d69a5-af3b-4075-bf46-b69cda407c1a: 22 groups; 1.0 s; peak memory 1141 MiB.
2026-10-09T23:57:58Z INFO [726/900] 8a3dfbca-3cc6-45ed-916a-5336a511cac6: 214 groups; 14.5 s; peak memory 1141 MiB.
2026-10-09T23:58:00Z INFO [727/900] 8a3e1a05-2080-407e-b15e-e7cb84e5d9ab: 341 groups; 2.1 s; peak memory 1141 MiB.
2026-10-09T23:58:01Z INFO [728/900] 8a3e7e00-ad7a-4b64-a652-46baa9008d62: 19 groups; 1.3 s; peak memory 1141 MiB.
2026-10-09T23:58:03Z INFO [729/900] 8a3f8426-11db-409b-857c-e800ea728114: 32 groups; 1.5 s; peak memory 1141 MiB.
2026-10-09T23:58:51Z INFO [730/900] 8a4016f0-d9aa-4072-867b-cdb768f2edf1: 26 groups; 48.2 s; peak memory 1141 MiB.
2026-10-09T23:58:52Z INFO [731/900] 8a401b2a-1270-48fe-aabb-60300916212c: 32 groups; 1.5 s; peak memory 1141 MiB.
2026-10-09T23:58:54Z INFO [732/900] 8a405a3b-946f-4201-b4a2-4867c43df3df: 32 groups; 1.7 s; peak memory 1141 MiB.
2026-10-09T23:58:55Z INFO [733/900] 8a41acd4-0c55-454f-b417-3248bc758f9a: 25 groups; 1.3 s; peak memory 1141 MiB.
2026-10-09T23:58:57Z INFO [734/900] 8a421e7b-3a90-461e-9bbd-886f0c811a86: 32 groups; 1.5 s; peak memory 1141 MiB.
2026-10-09T23:58:59Z INFO [735/900] 8a4256bc-3d78-436d-87d4-1c2b9dd6b85f: 33 groups; 2.3 s; peak memory 1141 MiB.
2026-10-09T23:59:01Z INFO [736/900] 8a43f511-5f7d-43d5-bb5f-8ba58ff34a97: 25 groups; 1.8 s; peak memory 1141 MiB.
2026-10-09T23:59:02Z INFO [737/900] 8a44ea2f-73a0-4e97-ac11-cfaff2fb301f: 22 groups; 1.3 s; peak memory 1141 MiB.
2026-10-09T23:59:03Z INFO [738/900] 8a459005-ddf4-4533-8623-f1cd34e97f83: 22 groups; 1.2 s; peak memory 1141 MiB.
2026-10-09T23:59:05Z INFO [739/900] 8a46389a-e531-4380-a24d-6d8e1a0565f0: 32 groups; 1.8 s; peak memory 1141 MiB.
2026-10-09T23:59:06Z INFO [740/900] 8a463e69-e8ee-4128-a794-9bf021645a61: 22 groups; 1.2 s; peak memory 1141 MiB.
2026-10-09T23:59:25Z INFO [741/900] 8a47069c-b75c-412c-9ddb-a740c7fc940a: 196 groups; 18.1 s; peak memory 1141 MiB.
2026-10-09T23:59:26Z INFO [742/900] 8a478d2c-ddff-4670-bca2-48b47af3f66e: 16 groups; 1.0 s; peak memory 1141 MiB.
2026-10-09T23:59:27Z INFO [743/900] 8a47b88b-668d-4c25-8ca8-c13d377a8d79: 16 groups; 1.0 s; peak memory 1141 MiB.
2026-10-09T23:59:29Z INFO [744/900] 8a48e55b-4bae-4b1e-a4e5-c4aa3ea68df1: 336 groups; 2.2 s; peak memory 1141 MiB.
2026-10-09T23:59:30Z INFO [745/900] 8a48eecd-14f2-46d6-972a-d17650772b33: 22 groups; 1.2 s; peak memory 1141 MiB.
2026-10-09T23:59:31Z INFO [746/900] 8a4b28bf-fd74-43b2-8725-582a31d33f23: 16 groups; 1.0 s; peak memory 1141 MiB.
2026-10-09T23:59:32Z INFO [747/900] 8a4bc828-5c0d-4724-b66b-c24f4fb9a6c4: 22 groups; 1.3 s; peak memory 1141 MiB.
2026-10-09T23:59:34Z INFO [748/900] 8a4c7d6d-baf2-464e-a51b-ac8542f19107: 49 groups; 2.1 s; peak memory 1141 MiB.
2026-10-09T23:59:37Z INFO [749/900] 8a4d2ca0-d8e1-48e2-8bdd-2edb02dccb6e: 47 groups; 3.0 s; peak memory 1141 MiB.
2026-10-09T23:59:39Z INFO [750/900] 8a4d3bc3-f82c-436a-9458-fd1d5b681dd5: 22 groups; 1.4 s; peak memory 1141 MiB.
2026-10-09T23:59:39Z INFO [750/900] 8a4d3bc3-f82c-436a-9458-fd1d5b681dd5: checkpointed 113686 new records.
2026-10-09T23:59:42Z INFO [751/900] 8a4f9b8a-f6e1-42c3-a727-78bb63a545c6: 17 groups; 2.7 s; peak memory 1141 MiB.
2026-10-09T23:59:43Z INFO [752/900] 8a50c74b-1338-4755-bf26-56d7161b5b61: 35 groups; 1.4 s; peak memory 1141 MiB.
2026-10-09T23:59:47Z INFO [753/900] 8a50fd7b-6c5d-4c81-ae41-ec11d20c9ee8: 50 groups; 3.9 s; peak memory 1141 MiB.
2026-10-09T23:59:54Z INFO [754/900] 8a511ded-f584-4aa5-9ae9-777227524a40: 85 groups; 7.6 s; peak memory 1141 MiB.
2026-10-09T23:59:56Z INFO [755/900] 8a51f70c-d865-41ce-83e3-f1e1bfb2d356: 252 groups; 1.5 s; peak memory 1141 MiB.
2026-10-09T23:59:57Z INFO [756/900] 8a525e97-7e2c-4e78-8104-e76f2290dabd: 32 groups; 1.5 s; peak memory 1141 MiB.
2026-10-09T23:59:59Z INFO [757/900] 8a52e1a8-5ae9-4212-8a9f-870e17a10ba9: 41 groups; 1.3 s; peak memory 1141 MiB.
2026-10-10T00:00:00Z INFO [758/900] 8a530c7e-5b8c-473b-be8a-0e9d4f1b88c4: 31 groups; 1.1 s; peak memory 1141 MiB.
2026-10-10T00:00:01Z INFO [759/900] 8a53ca46-2d09-442e-a646-5dc44cd92dc4: 32 groups; 1.5 s; peak memory 1141 MiB.
2026-10-10T00:00:03Z INFO [760/900] 8a5485bf-88e9-45dc-8299-326c6540553a: 22 groups; 1.3 s; peak memory 1141 MiB.
2026-10-10T00:00:05Z INFO [761/900] 8a54ba07-3cda-435f-a995-6e37f48d30a6: 49 groups; 2.0 s; peak memory 1141 MiB.
2026-10-10T00:00:17Z INFO [762/900] 8a54e510-87cf-47ca-8eaa-79e4daf818c8: 143 groups; 11.8 s; peak memory 1141 MiB.
2026-10-10T00:00:20Z INFO [763/900] 8a551b5b-6f63-4261-8ac7-90b99158923f: 50 groups; 3.5 s; peak memory 1141 MiB.
2026-10-10T00:00:21Z INFO [764/900] 8a5547a4-24d7-4d68-b8c8-e45d962d3899: 30 groups; 1.2 s; peak memory 1141 MiB.
2026-10-10T00:00:22Z INFO [765/900] 8a560fb7-5a6e-447a-869c-5690b5a879f2: 22 groups; 1.3 s; peak memory 1141 MiB.
2026-10-10T00:00:24Z INFO [766/900] 8a563be5-ee39-4a8e-b7f3-6f4c990eb0a7: 22 groups; 1.3 s; peak memory 1141 MiB.
2026-10-10T00:00:25Z INFO [767/900] 8a5714b5-2de5-4a74-a2d8-eaaa27c122ef: 36 groups; 1.7 s; peak memory 1141 MiB.
2026-10-10T00:00:27Z INFO [768/900] 8a579efc-cf2c-4e80-bd6f-679871bcc621: 22 groups; 1.3 s; peak memory 1141 MiB.
2026-10-10T00:00:51Z INFO [769/900] 8a57ad0f-2285-4a22-b6de-0fa55df46344: 23 groups; 24.4 s; peak memory 1141 MiB.
2026-10-10T00:00:52Z INFO [770/900] 8a584cec-741b-45aa-b3e0-036f148670d5: 22 groups; 1.3 s; peak memory 1141 MiB.
2026-10-10T00:00:56Z INFO [771/900] 8a58af32-4e69-4ba6-8a42-39ff8673054a: 48 groups; 3.9 s; peak memory 1141 MiB.
2026-10-10T00:01:02Z INFO [772/900] 8a58bad2-ca4d-43ad-8a73-f1555cf31717: 43 groups; 5.4 s; peak memory 1141 MiB.
2026-10-10T00:01:04Z INFO [773/900] 8a58e724-db61-4f0a-8651-31ace6656b6d: 36 groups; 2.0 s; peak memory 1141 MiB.
2026-10-10T00:01:06Z INFO [774/900] 8a58fef8-bafd-4d6d-8ffd-e0cd80d86af5: 32 groups; 1.8 s; peak memory 1141 MiB.
2026-10-10T00:01:07Z INFO [775/900] 8a592df7-5f9a-4259-8edf-1ac1fa529d4a: 196 groups; 1.6 s; peak memory 1141 MiB.
2026-10-10T00:02:10Z INFO [776/900] 8a59451e-1403-453d-b111-89acdd0476ea: 2042 groups; 63.3 s; peak memory 1141 MiB.
2026-10-10T00:02:12Z INFO [777/900] 8a5a6024-52dd-40d5-96ee-5a2fb51c2501: 35 groups; 1.9 s; peak memory 1141 MiB.
2026-10-10T00:02:13Z INFO [778/900] 8a5c4cdb-8428-4ca2-b4f0-c0afd6b44218: 30 groups; 1.1 s; peak memory 1141 MiB.
2026-10-10T00:02:17Z INFO [779/900] 8a5d324f-e728-4cbb-8b10-6b31c1228d96: 48 groups; 3.5 s; peak memory 1141 MiB.
2026-10-10T00:02:31Z INFO [780/900] 8a5df6b9-e42e-465d-9ca1-21d805acbdc3: 284 groups; 14.1 s; peak memory 1141 MiB.
2026-10-10T00:02:38Z INFO [781/900] 8a5e1ebf-ecf7-40f3-92e9-03ea816235d3: 73 groups; 6.6 s; peak memory 1141 MiB.
2026-10-10T00:02:39Z INFO [782/900] 8a5e9dd3-5315-46ee-a396-fcf63f2fc4a3: 32 groups; 1.6 s; peak memory 1141 MiB.
2026-10-10T00:02:41Z INFO [783/900] 8a5eed81-80ea-45d8-ba2d-a403e3469de9: 22 groups; 1.3 s; peak memory 1141 MiB.
2026-10-10T00:02:42Z INFO [784/900] 8a5f60c4-50e1-4cbe-a493-11758235ddd9: 22 groups; 1.3 s; peak memory 1141 MiB.
2026-10-10T00:02:59Z INFO [785/900] 8a6028b2-8e94-4687-87f2-85302e1dba07: 216 groups; 17.4 s; peak memory 1141 MiB.
2026-10-10T00:03:01Z INFO [786/900] 8a606bb5-3294-4b46-ba26-39cef0ab572a: 25 groups; 1.3 s; peak memory 1141 MiB.
2026-10-10T00:03:02Z INFO [787/900] 8a608ff5-9d62-49c3-aaf2-692ddb45480d: 32 groups; 1.4 s; peak memory 1141 MiB.
2026-10-10T00:03:03Z INFO [788/900] 8a60c4a0-c859-4ab6-ba69-7b7bfc478120: 18 groups; 1.2 s; peak memory 1141 MiB.
2026-10-10T00:03:05Z INFO [789/900] 8a6185b7-d284-4809-a0c5-605ba62f2d13: 32 groups; 1.5 s; peak memory 1141 MiB.
2026-10-10T00:03:20Z INFO [790/900] 8a61ce96-89cf-421a-a5d1-b7d27536e56a: 180 groups; 15.3 s; peak memory 1141 MiB.
2026-10-10T00:03:22Z INFO [791/900] 8a629227-9fd0-40e7-b804-f37d65dabbf6: 22 groups; 1.5 s; peak memory 1141 MiB.
2026-10-10T00:03:25Z INFO [792/900] 8a62a038-3cb8-4c62-86a9-e7b01a424687: 50 groups; 3.7 s; peak memory 1141 MiB.
2026-10-10T00:03:45Z INFO [793/900] 8a62cad5-75f8-45ab-b503-07737422123e: 176 groups; 19.6 s; peak memory 1141 MiB.
2026-10-10T00:03:48Z INFO [794/900] 8a631f67-8a8b-433a-b4d3-a32af566c012: 48 groups; 3.1 s; peak memory 1141 MiB.
2026-10-10T00:03:49Z INFO [795/900] 8a633699-62f9-47d8-8882-71d79a0b11e3: 32 groups; 1.5 s; peak memory 1141 MiB.
2026-10-10T00:03:51Z INFO [796/900] 8a635132-a214-4e5f-b5bc-c60181e65e4d: 33 groups; 1.8 s; peak memory 1141 MiB.
2026-10-10T00:03:53Z INFO [797/900] 8a63e097-cdaa-4b42-9037-b52ddcafd8a7: 32 groups; 1.9 s; peak memory 1141 MiB.
2026-10-10T00:03:56Z INFO [798/900] 8a656647-acf9-44ae-a8ca-943e33155ab1: 48 groups; 3.1 s; peak memory 1141 MiB.
2026-10-10T00:04:29Z INFO [799/900] 8a6592ee-01ce-4e86-833c-b08ffcfd9b09: 243 groups; 32.8 s; peak memory 1141 MiB.
2026-10-10T00:04:30Z INFO [800/900] 8a65ca4b-067e-48e8-8cd1-b92e8d6937d7: 22 groups; 1.2 s; peak memory 1141 MiB.
2026-10-10T00:04:30Z INFO [800/900] 8a65ca4b-067e-48e8-8cd1-b92e8d6937d7: checkpointed 113736 new records.
2026-10-10T00:04:32Z INFO [801/900] 8a6603e6-b208-4686-a2e8-afd9f9ac0492: 28 groups; 1.2 s; peak memory 1141 MiB.
2026-10-10T00:04:33Z INFO [802/900] 8a66e42e-4a3b-4918-a4e0-e6a743899709: 22 groups; 1.4 s; peak memory 1141 MiB.
2026-10-10T00:04:35Z INFO [803/900] 8a68316b-8245-4439-86b8-4535f68bd48a: 33 groups; 1.6 s; peak memory 1141 MiB.
2026-10-10T00:05:02Z INFO [804/900] 8a683dc3-0d5d-412b-a361-02f926e6229d: 23 groups; 27.2 s; peak memory 1141 MiB.
2026-10-10T00:05:04Z INFO [805/900] 8a689b25-8b5d-4e62-86b1-f900e0cd4347: 206 groups; 2.5 s; peak memory 1141 MiB.
2026-10-10T00:05:07Z INFO [806/900] 8a68c268-c0c8-47ea-9443-d9ee93f7ec01: 53 groups; 3.0 s; peak memory 1141 MiB.
2026-10-10T00:05:09Z INFO [807/900] 8a69bfc7-96e6-4f44-a919-7d4eccb95b62: 207 groups; 2.2 s; peak memory 1141 MiB.
2026-10-10T00:05:11Z INFO [808/900] 8a6aaf61-9ac6-4b3b-8b5a-23108dfc601f: 196 groups; 1.8 s; peak memory 1141 MiB.
2026-10-10T00:05:13Z INFO [809/900] 8a6ab609-f65b-4a24-b241-7107be604dd5: 22 groups; 1.5 s; peak memory 1141 MiB.
2026-10-10T00:05:14Z INFO [810/900] 8a6ac35a-1d1b-4ff7-b325-3201ef244ac4: 26 groups; 1.1 s; peak memory 1141 MiB.
2026-10-10T00:13:45Z INFO [811/900] 8a6d26de-ea05-441c-8b86-54994ba09150: 39 groups; 511.3 s; peak memory 1141 MiB.
2026-10-10T00:13:46Z INFO [812/900] 8a6d2a38-fa36-4d91-b6bf-b11fa673c59d: 22 groups; 1.3 s; peak memory 1141 MiB.
2026-10-10T00:13:48Z INFO [813/900] 8a6d8832-392e-440d-ac98-ac873566e70a: 32 groups; 1.5 s; peak memory 1141 MiB.
2026-10-10T00:13:51Z INFO [814/900] 8a6df867-4115-4dbf-9592-181319cd9366: 48 groups; 3.5 s; peak memory 1141 MiB.
2026-10-10T00:13:53Z INFO [815/900] 8a6f1904-2ffb-4314-bbe9-373cc03827d3: 21 groups; 1.2 s; peak memory 1141 MiB.
2026-10-10T00:13:54Z INFO [816/900] 8a6f792e-44e2-49d0-8f36-6e217a2476a3: 16 groups; 1.0 s; peak memory 1141 MiB.
2026-10-10T00:13:55Z INFO [817/900] 8a6f8d9d-dd91-41c4-aed2-437eee79a330: 25 groups; 1.4 s; peak memory 1141 MiB.
2026-10-10T00:13:56Z INFO [818/900] 8a6fffd9-7e6e-4da2-b585-bc4b757eb6d8: 28 groups; 1.2 s; peak memory 1141 MiB.
2026-10-10T00:13:58Z INFO [819/900] 8a7063ec-ef48-4a54-85e6-2fadbb460635: 29 groups; 1.3 s; peak memory 1141 MiB.
2026-10-10T00:14:00Z INFO [820/900] 8a7070bf-82ed-4f98-8149-6e04c7284e2c: 35 groups; 2.1 s; peak memory 1141 MiB.
2026-10-10T00:14:02Z INFO [821/900] 8a7171ce-0e1f-419d-9798-d0a401837e4f: 37 groups; 2.4 s; peak memory 1141 MiB.
2026-10-10T00:14:03Z INFO [822/900] 8a7225c0-d337-4bc7-993f-96d91cb46e25: 17 groups; 1.0 s; peak memory 1141 MiB.
2026-10-10T00:14:05Z INFO [823/900] 8a728f25-57c6-4f8c-b75e-dc18ed1468a1: 108 groups; 1.9 s; peak memory 1141 MiB.
2026-10-10T00:14:08Z INFO [824/900] 8a731adb-81bd-488a-aad0-4ed98f337704: 50 groups; 3.5 s; peak memory 1141 MiB.
2026-10-10T00:14:14Z INFO [825/900] 8a73343d-3688-4fb5-a083-8eb9f17f5931: 121 groups; 5.8 s; peak memory 1141 MiB.
2026-10-10T00:14:16Z INFO [826/900] 8a73ac74-89f1-464f-b9d8-c4da573e1088: 202 groups; 1.8 s; peak memory 1141 MiB.
2026-10-10T00:14:17Z INFO [827/900] 8a745284-f8be-4174-8db5-f952271a523a: 22 groups; 1.3 s; peak memory 1141 MiB.
2026-10-10T00:14:19Z INFO [828/900] 8a747267-5755-4cc2-a05b-1444d53a0e11: 32 groups; 1.7 s; peak memory 1141 MiB.
2026-10-10T00:14:22Z INFO [829/900] 8a74f987-7bef-43d3-9335-2eb70be2c666: 341 groups; 2.5 s; peak memory 1141 MiB.
2026-10-10T00:14:23Z INFO [830/900] 8a766ecd-b37c-4f9b-a990-a3c423a85210: 22 groups; 1.4 s; peak memory 1141 MiB.
2026-10-10T00:14:25Z INFO [831/900] 8a776c07-1096-4b18-96ba-1fca434ca41a: 253 groups; 2.0 s; peak memory 1141 MiB.
2026-10-10T00:14:26Z INFO [832/900] 8a77fc22-088c-4180-a6a7-8908f1d744f8: 22 groups; 1.2 s; peak memory 1141 MiB.
2026-10-10T00:14:27Z INFO [833/900] 8a78761b-ccdb-48c9-b095-f1f162f3ff79: 31 groups; 1.1 s; peak memory 1141 MiB.
2026-10-10T00:14:29Z INFO [834/900] 8a7895d1-0099-4e8e-82e5-a8a28a56573c: 32 groups; 1.6 s; peak memory 1141 MiB.
2026-10-10T00:14:32Z INFO [835/900] 8a798148-abf0-487b-8378-1e45b7782380: 52 groups; 3.3 s; peak memory 1141 MiB.
2026-10-10T00:14:34Z INFO [836/900] 8a79f573-8d00-4a8b-bdc5-17f4a949a0b7: 32 groups; 1.6 s; peak memory 1141 MiB.
2026-10-10T00:14:36Z INFO [837/900] 8a7ad305-d377-4a11-bfa7-daf4de971f12: 341 groups; 2.0 s; peak memory 1141 MiB.
2026-10-10T00:14:39Z INFO [838/900] 8a7b626e-7fbc-478a-b874-3c1fdbae1304: 48 groups; 3.1 s; peak memory 1141 MiB.
2026-10-10T00:14:41Z INFO [839/900] 8a7c25de-39a6-4c8c-8965-2dff9db716a8: 43 groups; 2.0 s; peak memory 1141 MiB.
2026-10-10T00:14:46Z INFO [840/900] 8a7cef7a-a603-44ce-858e-2bd03dcff186: 123 groups; 5.7 s; peak memory 1141 MiB.
2026-10-10T00:14:48Z INFO [841/900] 8a7d1da9-5522-467d-b8e6-9a009c17f267: 22 groups; 1.4 s; peak memory 1141 MiB.
2026-10-10T00:14:49Z INFO [842/900] 8a7d41ec-7793-41a0-87e8-85b20970c731: 22 groups; 1.4 s; peak memory 1141 MiB.
2026-10-10T00:14:53Z INFO [843/900] 8a7d42f4-76fb-4e87-b766-1b0a348629eb: 50 groups; 3.9 s; peak memory 1141 MiB.
2026-10-10T00:14:55Z INFO [844/900] 8a7d50d8-56c9-4af7-8875-c049b997f0f4: 256 groups; 1.8 s; peak memory 1141 MiB.
2026-10-10T00:14:57Z INFO [845/900] 8a7da454-a4d3-48e3-bf22-05f8ad51e7ac: 40 groups; 1.8 s; peak memory 1141 MiB.
2026-10-10T00:14:58Z INFO [846/900] 8a7e4893-7197-45f8-9314-4405ec026328: 22 groups; 1.2 s; peak memory 1141 MiB.
2026-10-10T00:14:59Z INFO [847/900] 8a7e778c-c031-4625-be36-d4234fec9663: 26 groups; 1.0 s; peak memory 1141 MiB.
2026-10-10T00:15:01Z INFO [848/900] 8a7f2f86-8b13-4be5-b1f4-1d75c982e402: 33 groups; 1.8 s; peak memory 1141 MiB.
2026-10-10T00:15:02Z INFO [849/900] 8a7f9fe9-35f2-4321-8774-a6df8456b907: 32 groups; 1.6 s; peak memory 1141 MiB.
2026-10-10T00:15:04Z INFO [850/900] 8a81223b-0919-42e7-bffe-50edc2bac260: 22 groups; 1.3 s; peak memory 1141 MiB.
2026-10-10T00:15:04Z INFO [850/900] 8a81223b-0919-42e7-bffe-50edc2bac260: checkpointed 113786 new records.
2026-10-10T00:15:06Z INFO [851/900] 8a81266e-6cbc-4db2-a238-1a124909c388: 35 groups; 2.2 s; peak memory 1141 MiB.
2026-10-10T00:15:07Z INFO [852/900] 8a812c48-2a45-4f80-b6cb-1c7d1da4bd19: 22 groups; 1.4 s; peak memory 1141 MiB.
2026-10-10T00:15:09Z INFO [853/900] 8a818c34-52c4-4818-b6df-87fcdb014600: 200 groups; 2.0 s; peak memory 1141 MiB.
2026-10-10T00:15:21Z INFO [854/900] 8a82c5d4-3975-475a-a292-8974da858743: 120 groups; 11.2 s; peak memory 1141 MiB.
2026-10-10T00:15:22Z INFO [855/900] 8a836098-3957-4a24-a653-8c54deb81763: 31 groups; 1.1 s; peak memory 1141 MiB.
2026-10-10T00:15:23Z INFO [856/900] 8a83b776-f36c-4dd2-9dce-e9d1c798cd07: 18 groups; 1.2 s; peak memory 1141 MiB.
2026-10-10T00:15:25Z INFO [857/900] 8a849c48-f3b7-4974-8e73-a54bd6505707: 35 groups; 2.2 s; peak memory 1141 MiB.
2026-10-10T00:16:30Z INFO [858/900] 8a850155-0b84-4bf2-bdcf-fd6e9381155b: 668 groups; 64.7 s; peak memory 1141 MiB.
2026-10-10T00:16:31Z INFO [859/900] 8a8594c5-b6f7-4ccd-b738-3bc54b1b0e59: 16 groups; 0.9 s; peak memory 1141 MiB.
2026-10-10T00:16:32Z INFO [860/900] 8a85e950-8a86-4738-80ab-dae6723cef26: 22 groups; 1.4 s; peak memory 1141 MiB.
2026-10-10T00:16:42Z INFO [861/900] 8a862843-bb1e-4c71-bc4d-5c838756e190: 123 groups; 10.2 s; peak memory 1141 MiB.
2026-10-10T00:16:44Z INFO [862/900] 8a86302b-7c86-456a-afc1-9482f23fde59: 22 groups; 1.4 s; peak memory 1141 MiB.
2026-10-10T00:16:51Z INFO [863/900] 8a8642bc-4a50-4b48-969b-f977b2c3ceac: 78 groups; 6.9 s; peak memory 1141 MiB.
2026-10-10T00:16:52Z INFO [864/900] 8a86615a-d9cd-4e21-be70-aadf1fb134eb: 35 groups; 1.9 s; peak memory 1141 MiB.
2026-10-10T00:17:15Z INFO [865/900] 8a8681cf-26ed-4945-8fe2-9738647a60a6: 491 groups; 22.8 s; peak memory 1141 MiB.
2026-10-10T00:17:17Z INFO [866/900] 8a873ba2-5f19-48cc-a2cd-07677bc054ce: 22 groups; 1.2 s; peak memory 1141 MiB.
2026-10-10T00:17:19Z INFO [867/900] 8a880fdb-e171-47f4-b24c-6890f4ba9c8b: 199 groups; 2.2 s; peak memory 1141 MiB.
2026-10-10T00:17:31Z INFO [868/900] 8a885525-d841-4402-9baa-a00ca47b8f98: 217 groups; 12.7 s; peak memory 1141 MiB.
2026-10-10T00:17:33Z INFO [869/900] 8a894a7f-622f-44c8-9edd-878daa4fa7b4: 22 groups; 1.1 s; peak memory 1141 MiB.
2026-10-10T00:17:34Z INFO [870/900] 8a897830-01f0-4ecb-b6d7-97cb3a7e16de: 35 groups; 1.9 s; peak memory 1141 MiB.
2026-10-10T00:17:47Z INFO [871/900] 8a89944e-72be-4887-9cb9-c19ece908824: 22 groups; 12.4 s; peak memory 1141 MiB.
2026-10-10T00:17:52Z INFO [872/900] 8a89dfab-c100-43ba-8169-694573390b3a: 34 groups; 4.9 s; peak memory 1141 MiB.
2026-10-10T00:17:53Z INFO [873/900] 8a8a3986-b5b3-4165-98da-ae9155a83fa4: 25 groups; 1.4 s; peak memory 1141 MiB.
2026-10-10T00:18:00Z INFO [874/900] 8a8aa4b2-3046-4e4f-8193-12f6a59a5f9a: 78 groups; 6.4 s; peak memory 1141 MiB.
2026-10-10T00:20:45Z INFO [875/900] 8a8c4e83-abcf-4805-b554-26cf0b21ef94: 69 groups; 165.3 s; peak memory 1141 MiB.
2026-10-10T00:20:47Z INFO [876/900] 8a8c6192-303a-4bfa-9b51-01ad5c0931b2: 33 groups; 2.2 s; peak memory 1141 MiB.
2026-10-10T00:20:49Z INFO [877/900] 8a8cdfb7-4129-4d41-b70e-302a400c3df9: 194 groups; 2.0 s; peak memory 1141 MiB.
2026-10-10T00:20:51Z INFO [878/900] 8a8e871f-f515-495f-86fe-9e358a459541: 22 groups; 1.4 s; peak memory 1141 MiB.
2026-10-10T00:20:53Z INFO [879/900] 8a8f6ec4-e1e8-43a2-bfe3-661ae6d481c2: 35 groups; 2.1 s; peak memory 1141 MiB.
2026-10-10T00:20:54Z INFO [880/900] 8a8f8625-4237-4b32-aa17-e3609d911b39: 33 groups; 1.2 s; peak memory 1141 MiB.
2026-10-10T00:20:56Z INFO [881/900] 8a90436e-cf36-480e-b320-af20a1c709e0: 99 groups; 1.7 s; peak memory 1141 MiB.
2026-10-10T00:20:58Z INFO [882/900] 8a907e3f-e8d4-4c09-a234-dd58ba30562c: 206 groups; 2.0 s; peak memory 1141 MiB.
2026-10-10T00:20:59Z INFO [883/900] 8a908883-dbd3-4773-bb9a-14fe65661e53: 32 groups; 1.5 s; peak memory 1141 MiB.
2026-10-10T00:21:01Z INFO [884/900] 8a911532-e189-4a92-91e4-55a66271db46: 32 groups; 1.5 s; peak memory 1141 MiB.
2026-10-10T00:21:05Z INFO [885/900] 8a9176f9-85e4-4701-956b-72e069860e7c: 64 groups; 4.3 s; peak memory 1141 MiB.
2026-10-10T00:21:32Z INFO [886/900] 8a918dd6-2d95-4b85-8edd-ec17e88509c4: 476 groups; 27.0 s; peak memory 1141 MiB.
2026-10-10T00:21:39Z INFO [887/900] 8a921efc-a380-4a5e-b96f-a883dfc708e5: 70 groups; 6.7 s; peak memory 1141 MiB.
2026-10-10T00:21:42Z INFO [888/900] 8a925ac5-35f3-4f62-8b2d-e63944cffaa5: 48 groups; 3.1 s; peak memory 1141 MiB.
2026-10-10T00:21:43Z INFO [889/900] 8a9429d3-2968-4f17-b6c9-d05e7bd9e049: 22 groups; 1.3 s; peak memory 1141 MiB.
2026-10-10T00:21:44Z INFO [890/900] 8a94b309-e1ae-4e01-a83d-b1297bc120a5: 32 groups; 1.4 s; peak memory 1141 MiB.
2026-10-10T00:21:46Z INFO [891/900] 8a96240e-cce8-4f29-aa94-33e7a7860884: 32 groups; 1.6 s; peak memory 1141 MiB.
2026-10-10T00:24:13Z INFO [892/900] 8a97065f-5e51-40b5-a631-31cd1a4d6d63: 65 groups; 147.0 s; peak memory 1141 MiB.
2026-10-10T00:24:30Z INFO [893/900] 8a973149-8e82-40bc-aa26-05c4c5f80424: 27 groups; 17.2 s; peak memory 1141 MiB.
2026-10-10T00:24:33Z INFO [894/900] 8a97d8ea-7da7-4228-9af9-d666d5ac75f2: 17 groups; 2.9 s; peak memory 1141 MiB.
2026-10-10T00:26:57Z INFO [895/900] 8a97ffea-9bc4-45c4-b0d8-3ca5276312cb: 60 groups; 144.3 s; peak memory 1141 MiB.
2026-10-10T00:26:59Z INFO [896/900] 8a98a369-9b13-4cf6-aaec-99aa96dd45d8: 25 groups; 1.4 s; peak memory 1141 MiB.
2026-10-10T00:27:00Z INFO [897/900] 8a992388-b541-4efc-9ab9-6d830654c989: 22 groups; 1.3 s; peak memory 1141 MiB.
2026-10-10T00:27:01Z INFO [898/900] 8a9a4971-2708-4518-a1e6-64adc69a458d: 16 groups; 1.0 s; peak memory 1141 MiB.
2026-10-10T00:27:15Z INFO [899/900] 8a9a7537-0e75-4d00-ae4a-f6fd35c135bd: 288 groups; 13.9 s; peak memory 1141 MiB.
2026-10-10T00:27:16Z INFO [900/900] 8a9a86ed-b34b-4bce-8371-38464ba05aa8: 22 groups; 1.2 s; peak memory 1141 MiB.
2026-10-10T00:27:16Z INFO [900/900] 8a9a86ed-b34b-4bce-8371-38464ba05aa8: checkpointed 113836 new records.
2026-10-10T00:27:17Z INFO Wrote 113836 records to /tmp/derivatives/valid_nwb_file_to_number_of_groups.jsonl (900 new, 0 failed) in 210.9 min (peak memory 1141 MiB).
