2026-10-09T09:07:23Z INFO Logging to /tmp/logs/update_2026-10-09T09-07-23Z.log.
2026-10-09T09:07:23Z INFO Update valid-nwb-file-to-number-of-groups (base directory /tmp).
2026-10-09T09:07:23Z INFO Processing 900 items (109336 already recorded).
2026-10-09T09:08:21Z INFO [1/900] 818619c4-e49d-4d80-8b8b-bbd2df1cacca: 26 groups; 57.2 s; peak memory 196 MiB.
2026-10-09T09:08:22Z INFO [2/900] 81868ea0-0f0a-4084-8e7d-b4545acbf23c: 17 groups; 1.2 s; peak memory 196 MiB.
2026-10-09T09:08:24Z INFO [3/900] 81875a6b-66e9-4204-a496-9ec79a3af1a0: 35 groups; 1.8 s; peak memory 197 MiB.
2026-10-09T09:08:25Z INFO [4/900] 8187d4bc-a82b-41ea-bab0-e1fe8f501012: 22 groups; 1.5 s; peak memory 197 MiB.
2026-10-09T09:08:27Z INFO [5/900] 8187f69c-ba4d-46fc-b158-3771e66b7c56: 337 groups; 2.3 s; peak memory 197 MiB.
2026-10-09T09:08:30Z INFO [6/900] 818823dd-6e4c-436b-af50-70ed04d9b615: 41 groups; 3.0 s; peak memory 197 MiB.
2026-10-09T09:08:32Z INFO [7/900] 8188d7fa-33fb-4c23-a9b9-b7f782b321ab: 22 groups; 1.5 s; peak memory 198 MiB.
2026-10-09T09:08:35Z INFO [8/900] 81895270-faf9-46c1-948b-46fc6a3eb7f7: 17 groups; 3.2 s; peak memory 198 MiB.
2026-10-09T09:08:37Z INFO [9/900] 818a0571-670c-4498-b7da-536fb7aadd73: 22 groups; 1.5 s; peak memory 198 MiB.
2026-10-09T09:08:38Z INFO [10/900] 818a177c-5e87-4a98-ac43-cc26aad9c73a: 31 groups; 1.2 s; peak memory 198 MiB.
2026-10-09T09:08:39Z INFO [11/900] 818a3ef2-dd9b-4f83-baa7-0106baab5ceb: 25 groups; 1.3 s; peak memory 198 MiB.
2026-10-09T09:08:41Z INFO [12/900] 818aba59-6d54-4093-919f-7698ea483e3b: 202 groups; 2.1 s; peak memory 198 MiB.
2026-10-09T09:08:49Z INFO [13/900] 818b900f-5391-4b3d-af85-d42da8aa1f0c: 181 groups; 8.2 s; peak memory 198 MiB.
2026-10-09T09:08:51Z INFO [14/900] 818c9522-93a3-4069-a4af-f30b861c56ae: 25 groups; 1.6 s; peak memory 198 MiB.
2026-10-09T09:08:53Z INFO [15/900] 818cf1d5-3b22-4337-b757-46d6850d7936: 35 groups; 2.2 s; peak memory 198 MiB.
2026-10-09T09:08:56Z INFO [16/900] 818d2449-4be9-4c06-a0af-18b27e35cfc0: 199 groups; 2.5 s; peak memory 198 MiB.
2026-10-09T09:09:04Z INFO [17/900] 818d5c38-c714-48f5-9979-8c25abe4378d: 75 groups; 7.7 s; peak memory 199 MiB.
2026-10-09T09:09:05Z INFO [18/900] 818d6b2f-51e0-4fa8-b0fc-8fb8e3cb76d2: 28 groups; 1.3 s; peak memory 199 MiB.
2026-10-09T09:09:06Z INFO [19/900] 818ddb09-526e-429b-bf75-9fdf752647b7: 26 groups; 1.2 s; peak memory 199 MiB.
2026-10-09T09:09:08Z INFO [20/900] 818dfe7f-a038-4ea7-9add-75af8f5153ad: 31 groups; 1.5 s; peak memory 199 MiB.
2026-10-09T09:09:12Z INFO [21/900] 818f5257-627d-4255-8ee3-0bb1edf35077: 54 groups; 4.5 s; peak memory 199 MiB.
2026-10-09T09:09:14Z INFO [22/900] 818fcc69-8c0f-455e-9f36-63571cfd37e0: 42 groups; 2.1 s; peak memory 199 MiB.
2026-10-09T09:09:17Z INFO [23/900] 818fef6e-b4a2-44f3-bf17-a09bda9e56e5: 206 groups; 2.4 s; peak memory 199 MiB.
2026-10-09T09:09:19Z INFO [24/900] 81900be0-b5ea-4758-93bc-abb9f5943c87: 32 groups; 1.8 s; peak memory 199 MiB.
2026-10-09T09:09:20Z INFO [25/900] 8190854d-6169-4600-8e3e-181ccffdf010: 22 groups; 1.6 s; peak memory 199 MiB.
2026-10-09T09:09:21Z INFO [26/900] 8190afea-ff3a-463c-b39c-7223e9dd9d2c: 23 groups; 1.2 s; peak memory 199 MiB.
2026-10-09T09:09:35Z INFO [27/900] 8192d301-6cac-48cb-802c-9e4b81fc2d62: 98 groups; 13.9 s; peak memory 200 MiB.
2026-10-09T09:09:52Z INFO [28/900] 8193eef3-eee6-439e-87cc-66f955573aa3: 201 groups; 16.7 s; peak memory 200 MiB.
2026-10-09T09:09:54Z INFO [29/900] 819428f0-40d5-4043-ac8c-b032494e52c9: 52 groups; 2.1 s; peak memory 200 MiB.
2026-10-09T09:09:59Z INFO [30/900] 81948ffd-b643-4723-850b-120a84bbba15: 52 groups; 4.7 s; peak memory 200 MiB.
2026-10-09T09:10:00Z INFO [31/900] 81949afb-4a67-430f-8fbb-b06f98faf3ba: 26 groups; 1.7 s; peak memory 200 MiB.
2026-10-09T09:10:01Z INFO [32/900] 8194b50b-7cc7-4176-a530-124d1537974e: 16 groups; 1.0 s; peak memory 200 MiB.
2026-10-09T09:10:03Z INFO [33/900] 8195509a-4e35-4a77-b0c0-13c1261a1110: 21 groups; 1.3 s; peak memory 200 MiB.
2026-10-09T09:10:10Z INFO [34/900] 8195ab51-c57e-4f8b-881f-0cdefce76eaa: 122 groups; 7.1 s; peak memory 200 MiB.
2026-10-09T09:10:12Z INFO [35/900] 8198b66e-a9de-4528-9d2c-e31c8e52f805: 35 groups; 1.8 s; peak memory 200 MiB.
2026-10-09T09:10:14Z INFO [36/900] 8198eabe-ca6e-4312-9531-9f10890e8478: 36 groups; 2.1 s; peak memory 200 MiB.
2026-10-09T09:10:34Z INFO [37/900] 8198eda5-c0f6-4943-900e-ba0ab3dfd77a: 26 groups; 20.4 s; peak memory 200 MiB.
2026-10-09T09:10:36Z INFO [38/900] 81996091-d785-4d1a-9529-57587ddb8f1f: 103 groups; 1.6 s; peak memory 200 MiB.
2026-10-09T09:10:37Z INFO [39/900] 81997b9a-23ff-4f32-873d-9fd4e1e484ea: 31 groups; 1.2 s; peak memory 200 MiB.
2026-10-09T09:10:40Z INFO [40/900] 819a5d36-4b44-4448-8622-8564c8de0a53: 48 groups; 3.5 s; peak memory 200 MiB.
2026-10-09T09:10:42Z INFO [41/900] 819c06b5-b31e-4785-978c-008463c84382: 35 groups; 1.6 s; peak memory 200 MiB.
2026-10-09T09:10:43Z INFO [42/900] 819caf06-0052-4499-9e95-6e66210098bf: 16 groups; 1.1 s; peak memory 200 MiB.
2026-10-09T09:10:45Z INFO [43/900] 819cd391-8de5-449d-9eb9-5e8aafde5d2b: 32 groups; 1.9 s; peak memory 200 MiB.
2026-10-09T09:10:47Z INFO [44/900] 819eca26-97c4-4f3b-8755-8646edd0264c: 32 groups; 1.7 s; peak memory 200 MiB.
2026-10-09T09:10:51Z INFO [45/900] 819f02bf-dd44-45c4-ab06-7ec44d63de48: 50 groups; 4.2 s; peak memory 200 MiB.
2026-10-09T09:10:52Z INFO [46/900] 819f2b2a-0d11-460a-a56a-6f13f1343974: 29 groups; 1.5 s; peak memory 200 MiB.
2026-10-09T09:10:54Z INFO [47/900] 819f3b93-ba4f-432b-bf5e-579876b52853: 16 groups; 1.2 s; peak memory 200 MiB.
2026-10-09T09:16:04Z INFO [48/900] 819fcac8-63da-4602-bb62-74c0b64f50ef: 62 groups; 310.0 s; peak memory 406 MiB.
2026-10-09T09:16:05Z INFO [49/900] 81a0a839-9e34-428b-9066-239eb223826f: 33 groups; 1.6 s; peak memory 406 MiB.
2026-10-09T09:16:07Z INFO [50/900] 81a0d474-07cb-493e-99da-0db6fd3dac06: 22 groups; 1.4 s; peak memory 406 MiB.
2026-10-09T09:16:07Z INFO [50/900] 81a0d474-07cb-493e-99da-0db6fd3dac06: checkpointed 109386 new records.
2026-10-09T09:19:08Z INFO [51/900] 81a1193e-9b56-4439-87c2-04278a5dac8f: 80 groups; 180.9 s; peak memory 406 MiB.
2026-10-09T09:19:11Z INFO [52/900] 81a1dbfd-a092-4c92-940d-e2ec6cee17c6: 48 groups; 3.5 s; peak memory 406 MiB.
2026-10-09T09:19:13Z INFO [53/900] 81a2b0f6-ad54-4307-b38e-317f60455269: 22 groups; 1.5 s; peak memory 406 MiB.
2026-10-09T09:19:14Z INFO [54/900] 81a3608b-2abf-425f-ba0a-f5caf1ba0887: 22 groups; 1.6 s; peak memory 406 MiB.
2026-10-09T09:19:23Z INFO [55/900] 81a3f1d7-2fa2-4839-9ec8-092bb58b643f: 85 groups; 8.5 s; peak memory 406 MiB.
2026-10-09T09:19:24Z INFO [56/900] 81a405ab-a22c-407c-8012-b1a2e7626448: 25 groups; 1.3 s; peak memory 406 MiB.
2026-10-09T09:19:25Z INFO [57/900] 81a4649f-7042-4aac-a251-353e1def6b09: 18 groups; 1.1 s; peak memory 406 MiB.
2026-10-09T09:19:27Z INFO [58/900] 81a55ed0-793a-4750-9bef-f8484a0c8e3b: 32 groups; 2.0 s; peak memory 406 MiB.
2026-10-09T09:19:30Z INFO [59/900] 81a6249c-35d5-47bf-a68c-7011ef888834: 207 groups; 2.6 s; peak memory 406 MiB.
2026-10-09T09:19:31Z INFO [60/900] 81a6f114-d092-4667-a3b0-514b2209616f: 22 groups; 1.3 s; peak memory 406 MiB.
2026-10-09T09:19:33Z INFO [61/900] 81a6f696-6043-4df5-928b-3edc8ef40686: 22 groups; 1.6 s; peak memory 406 MiB.
2026-10-09T09:19:36Z INFO [62/900] 81a6fe41-f881-4cdd-9209-81360019bee1: 48 groups; 3.5 s; peak memory 406 MiB.
2026-10-09T09:20:00Z INFO [63/900] 81a733c1-bdf2-4929-92a0-54988fad9078: 147 groups; 23.4 s; peak memory 406 MiB.
2026-10-09T09:20:01Z INFO [64/900] 81a796e7-fe8a-440c-b9dd-1f43c8f91c50: 16 groups; 1.3 s; peak memory 406 MiB.
2026-10-09T09:20:03Z INFO [65/900] 81a7b1a9-d1d1-41d8-8ddb-49f89b4f7800: 32 groups; 2.0 s; peak memory 406 MiB.
2026-10-09T09:20:05Z INFO [66/900] 81a8f5cd-f8d9-45b3-95c8-9aa3c02bb3d8: 199 groups; 2.5 s; peak memory 406 MiB.
2026-10-09T09:20:08Z INFO [67/900] 81abc771-9c3e-4e17-bfe8-56d6c957c026: 48 groups; 2.7 s; peak memory 406 MiB.
2026-10-09T09:20:10Z INFO [68/900] 81ac20fc-8b0b-4f90-9831-010cf3d11690: 32 groups; 1.7 s; peak memory 406 MiB.
2026-10-09T09:20:12Z INFO [69/900] 81ac934c-fd97-461a-8201-54e9a98c4f1a: 201 groups; 1.9 s; peak memory 406 MiB.
2026-10-09T09:20:21Z INFO [70/900] 81ad207b-e4fe-4c52-8811-62cbb56f22fb: 70 groups; 9.6 s; peak memory 406 MiB.
2026-10-09T09:20:28Z INFO [71/900] 81adb7bb-a43f-4d70-bfa2-d9ec69982d03: 96 groups; 6.7 s; peak memory 406 MiB.
2026-10-09T09:20:36Z INFO [72/900] 81ae8844-5bb6-4888-bbc4-a2120ca7b3e3: 54 groups; 7.5 s; peak memory 406 MiB.
2026-10-09T09:20:38Z INFO [73/900] 81ae960f-96b6-48f2-a0d4-b3d29cbc5c5f: 202 groups; 2.1 s; peak memory 406 MiB.
2026-10-09T09:20:39Z INFO [74/900] 81aed060-0eaa-4355-8a8c-06b6ceb9667a: 251 groups; 1.8 s; peak memory 406 MiB.
2026-10-09T09:20:42Z INFO [75/900] 81af0d4d-fdf7-4d79-82dd-4609f414ac3f: 48 groups; 3.0 s; peak memory 406 MiB.
2026-10-09T09:20:44Z INFO [76/900] 81af22aa-c62a-4d06-9eb5-947c11cdf2f5: 32 groups; 2.1 s; peak memory 406 MiB.
2026-10-09T09:21:05Z INFO [77/900] 81aff87d-ae21-4863-8132-3262967721c3: 27 groups; 20.0 s; peak memory 406 MiB.
2026-10-09T09:21:06Z INFO [78/900] 81b04ac6-03af-4fec-b951-46631ec82be6: 32 groups; 1.8 s; peak memory 406 MiB.
2026-10-09T09:21:08Z INFO [79/900] 81b061de-471b-4fb4-9d3d-2ad4abe7ec67: 22 groups; 1.6 s; peak memory 406 MiB.
2026-10-09T09:21:09Z INFO [80/900] 81b0ac0f-bbf1-4cd9-a163-dcd26c39f134: 22 groups; 1.4 s; peak memory 406 MiB.
2026-10-09T09:21:12Z INFO [81/900] 81b11a72-bad7-4295-84d8-c9e6ad84cf95: 197 groups; 2.8 s; peak memory 406 MiB.
2026-10-09T09:21:13Z INFO [82/900] 81b27acf-0fc7-4021-8500-d994e91db11b: 26 groups; 1.2 s; peak memory 406 MiB.
2026-10-09T09:21:17Z INFO [83/900] 81b2800e-1569-4fee-af9c-82dd076128e2: 72 groups; 3.2 s; peak memory 406 MiB.
2026-10-09T09:21:18Z INFO [84/900] 81b2a670-7004-43d0-9832-7d3f0f43be0e: 16 groups; 1.3 s; peak memory 406 MiB.
2026-10-09T09:21:20Z INFO [85/900] 81b2adc7-27f0-464f-8651-59e99a6a97b8: 341 groups; 2.5 s; peak memory 406 MiB.
2026-10-09T09:21:22Z INFO [86/900] 81b2f4af-36cb-43ca-b661-d306b192c3fa: 32 groups; 1.7 s; peak memory 406 MiB.
2026-10-09T09:21:24Z INFO [87/900] 81b31bb2-d6dd-47b5-ad51-c08993fa8335: 35 groups; 2.2 s; peak memory 406 MiB.
2026-10-09T09:21:28Z INFO [88/900] 81b3bd67-2fa8-468e-99b1-5648ead8c184: 50 groups; 4.2 s; peak memory 406 MiB.
2026-10-09T09:21:30Z INFO [89/900] 81b3e11c-d7fd-4890-bce8-4d54828eebbb: 22 groups; 1.5 s; peak memory 406 MiB.
2026-10-09T09:21:32Z INFO [90/900] 81b3fd9b-f11b-4a03-bafb-ed0c5ac8e81e: 202 groups; 2.0 s; peak memory 406 MiB.
2026-10-09T09:21:33Z INFO [91/900] 81b5f2c2-ab95-41b5-a095-3ed76a1d6581: 254 groups; 1.7 s; peak memory 406 MiB.
2026-10-09T09:21:35Z INFO [92/900] 81b65f0d-d47e-4248-960e-81c2c279a191: 22 groups; 1.4 s; peak memory 406 MiB.
2026-10-09T09:21:38Z INFO [93/900] 81b6acad-24a5-4c42-ad64-cca24eb99810: 17 groups; 3.0 s; peak memory 406 MiB.
2026-10-09T09:21:56Z INFO [94/900] 81b6ed4d-b04b-48d4-8d14-1c09f84a20e6: 245 groups; 18.4 s; peak memory 406 MiB.
2026-10-09T09:21:58Z INFO [95/900] 81b6f1d6-aa3d-4d3e-bfaf-035108f9408c: 33 groups; 1.5 s; peak memory 406 MiB.
2026-10-09T09:21:59Z INFO [96/900] 81b739b7-c3c1-4cdd-ab54-c4d8710a5825: 28 groups; 1.3 s; peak memory 406 MiB.
2026-10-09T09:22:01Z INFO [97/900] 81b87828-36b4-4290-8f70-0a612ba94297: 202 groups; 2.3 s; peak memory 406 MiB.
2026-10-09T09:22:03Z INFO [98/900] 81b95d05-63db-4058-aae6-daacb8a0b7f1: 32 groups; 1.7 s; peak memory 406 MiB.
2026-10-09T09:22:05Z INFO [99/900] 81b98c14-f5eb-4560-b882-2ecd666627cd: 32 groups; 2.2 s; peak memory 406 MiB.
2026-10-09T09:22:07Z INFO [100/900] 81bad6df-68c4-45d6-8069-64c085db6491: 28 groups; 1.6 s; peak memory 406 MiB.
2026-10-09T09:22:07Z INFO [100/900] 81bad6df-68c4-45d6-8069-64c085db6491: checkpointed 109436 new records.
2026-10-09T09:22:09Z INFO [101/900] 81bb37d2-4921-4e22-8b43-feedf84fbbd6: 32 groups; 1.9 s; peak memory 406 MiB.
2026-10-09T09:22:10Z INFO [102/900] 81bb7fa3-3675-40ba-9d33-ee73d5d89606: 31 groups; 1.3 s; peak memory 406 MiB.
2026-10-09T09:22:11Z INFO [103/900] 81bbd268-8f95-4f88-a65c-e9f8943f3275: 16 groups; 1.1 s; peak memory 406 MiB.
2026-10-09T09:22:13Z INFO [104/900] 81bca9f7-145b-410d-9e2a-ffa368726674: 71 groups; 1.6 s; peak memory 406 MiB.
2026-10-09T09:22:15Z INFO [105/900] 81bcd696-f44d-4146-8d27-27a7c792d2d5: 207 groups; 2.4 s; peak memory 406 MiB.
2026-10-09T09:22:17Z INFO [106/900] 81bd7e97-011b-43ea-beba-45f7d92788d7: 22 groups; 1.4 s; peak memory 406 MiB.
2026-10-09T09:22:18Z INFO [107/900] 81bdf459-7bae-42af-9ef7-a9a787d0c930: 17 groups; 1.2 s; peak memory 406 MiB.
2026-10-09T09:22:19Z INFO [108/900] 81be03eb-96c6-42ea-89b1-4af7ce865dd2: 22 groups; 1.4 s; peak memory 406 MiB.
2026-10-09T09:22:21Z INFO [109/900] 81be415b-c4ae-44c1-9c78-d2efa4edcc87: 195 groups; 1.9 s; peak memory 406 MiB.
2026-10-09T09:22:24Z INFO [110/900] 81be8391-33a6-4608-b872-9bb48b5b5d7b: 33 groups; 2.3 s; peak memory 406 MiB.
2026-10-09T09:22:25Z INFO [111/900] 81bedfb7-c218-4196-8a88-38739fcd3c5c: 22 groups; 1.4 s; peak memory 406 MiB.
2026-10-09T09:22:27Z INFO [112/900] 81bf6779-7435-4c98-be89-72168de4417a: 25 groups; 1.7 s; peak memory 406 MiB.
2026-10-09T09:22:28Z INFO [113/900] 81c1ad61-4826-4664-9db7-a25c1eb4eeca: 33 groups; 1.6 s; peak memory 406 MiB.
2026-10-09T09:22:30Z INFO [114/900] 81c202ed-b512-48ec-af35-4be4aac1a6ec: 22 groups; 1.5 s; peak memory 406 MiB.
2026-10-09T09:23:29Z INFO [115/900] 81c2b893-fc86-4c22-93cf-ed5892b74203: 26 groups; 59.6 s; peak memory 406 MiB.
2026-10-09T09:23:34Z INFO [116/900] 81c324dd-f84b-49d9-bae2-563d4a0e0bcc: 85 groups; 5.0 s; peak memory 406 MiB.
2026-10-09T09:23:36Z INFO [117/900] 81c36005-da47-4498-905e-5b49a5db3345: 201 groups; 2.0 s; peak memory 406 MiB.
2026-10-09T09:23:39Z INFO [118/900] 81c3792f-9ffa-4ace-aeed-54a87423c0a9: 48 groups; 3.1 s; peak memory 406 MiB.
2026-10-09T09:23:41Z INFO [119/900] 81c4194a-fe4c-4038-9488-dca380810d46: 16 groups; 1.2 s; peak memory 406 MiB.
2026-10-09T09:23:42Z INFO [120/900] 81c42129-28d4-4d0c-bf79-e9e3de87c6d4: 36 groups; 1.9 s; peak memory 406 MiB.
2026-10-09T09:23:45Z INFO [121/900] 81c43a2b-2b41-4d3e-abf7-5a8f58091e85: 35 groups; 2.2 s; peak memory 406 MiB.
2026-10-09T09:23:47Z INFO [122/900] 81c63e32-2d25-4d0f-a89d-05261ac4787f: 33 groups; 2.1 s; peak memory 406 MiB.
2026-10-09T09:23:48Z INFO [123/900] 81c67b8e-349c-4639-bd7f-4da81e5235a2: 16 groups; 1.3 s; peak memory 406 MiB.
2026-10-09T09:23:50Z INFO [124/900] 81c68c32-0d90-4394-80b0-4edf541f01a6: 103 groups; 1.5 s; peak memory 406 MiB.
2026-10-09T09:23:51Z INFO [125/900] 81c69bf7-a819-4336-9f09-a4f2b7587d78: 26 groups; 1.5 s; peak memory 406 MiB.
2026-10-09T09:24:08Z INFO [126/900] 81c6a627-e9ad-42b5-a265-1e9f2d2aa021: 253 groups; 16.6 s; peak memory 406 MiB.
2026-10-09T09:24:09Z INFO [127/900] 81c6ca51-24ea-4cbc-8c0a-c4383a84749c: 30 groups; 1.2 s; peak memory 406 MiB.
2026-10-09T09:24:11Z INFO [128/900] 81c77d45-448c-42f4-8dd7-381873c4c82b: 22 groups; 1.5 s; peak memory 406 MiB.
2026-10-09T09:24:12Z INFO [129/900] 81c795ab-fed2-45c1-bf3c-5e9e1cb39fe5: 22 groups; 1.4 s; peak memory 406 MiB.
2026-10-09T09:24:13Z INFO [130/900] 81c7d1b0-9005-4017-ae46-b68ba0850759: 22 groups; 1.5 s; peak memory 406 MiB.
2026-10-09T09:24:15Z INFO [131/900] 81c87b25-4da4-4727-8b49-233abbb6a9ff: 22 groups; 1.4 s; peak memory 406 MiB.
2026-10-09T09:24:17Z INFO [132/900] 81c8a4cb-ac35-4648-b2f9-3064e992d614: 252 groups; 1.7 s; peak memory 406 MiB.
2026-10-09T09:24:19Z INFO [133/900] 81c9b213-3ae9-47fe-90cd-17c9607b5147: 40 groups; 2.2 s; peak memory 406 MiB.
2026-10-09T09:24:20Z INFO [134/900] 81cb3c69-7e43-4b38-b293-65512ed932c4: 22 groups; 1.4 s; peak memory 406 MiB.
2026-10-09T09:24:23Z INFO [135/900] 81cb8a1b-8a6a-4417-9a46-4261cf6d5383: 197 groups; 2.8 s; peak memory 406 MiB.
2026-10-09T09:24:26Z INFO [136/900] 81cb8a9c-d0dc-4ed6-af76-d9283a16195e: 43 groups; 2.5 s; peak memory 406 MiB.
2026-10-09T09:24:28Z INFO [137/900] 81ccecc7-9336-4c72-8215-644756711f31: 32 groups; 2.3 s; peak memory 406 MiB.
2026-10-09T09:24:29Z INFO [138/900] 81cd1702-24ac-4de8-82a7-edb840d44e22: 16 groups; 1.1 s; peak memory 406 MiB.
2026-10-09T09:24:31Z INFO [139/900] 81cd9b5b-54d7-4af5-b7e9-c9fda855c345: 33 groups; 2.0 s; peak memory 406 MiB.
2026-10-09T09:24:33Z INFO [140/900] 81cfae67-9bb1-4df9-8a13-7458e28badc1: 31 groups; 2.2 s; peak memory 406 MiB.
2026-10-09T09:24:54Z INFO [141/900] 81cfcf0d-38c8-463e-8e5d-7d1655d6a348: 17 groups; 20.9 s; peak memory 406 MiB.
2026-10-09T09:24:56Z INFO [142/900] 81d07646-b2e6-4a4a-b406-2b84896cbe6d: 29 groups; 2.1 s; peak memory 406 MiB.
2026-10-09T09:24:57Z INFO [143/900] 81d0d8e5-485a-49da-803f-aaa06a4c013c: 30 groups; 1.1 s; peak memory 406 MiB.
2026-10-09T09:24:59Z INFO [144/900] 81d178dd-1bcd-4390-9ce2-4c672bffbd65: 22 groups; 1.5 s; peak memory 406 MiB.
2026-10-09T09:25:01Z INFO [145/900] 81d20bfa-7b97-49bd-adba-fb87e719dc74: 28 groups; 1.8 s; peak memory 406 MiB.
2026-10-09T09:25:02Z INFO [146/900] 81d3eca6-be68-4be6-b04c-7c022a95b041: 32 groups; 1.7 s; peak memory 406 MiB.
2026-10-09T09:25:04Z INFO [147/900] 81d4e6a2-fd3d-432e-8e51-81048027f30e: 196 groups; 1.9 s; peak memory 406 MiB.
2026-10-09T09:25:06Z INFO [148/900] 81d60fe4-1896-4da9-900e-78210b525c63: 32 groups; 1.6 s; peak memory 406 MiB.
2026-10-09T09:25:09Z INFO [149/900] 81d8d97a-c553-468c-ad93-d3dda12190d2: 17 groups; 3.0 s; peak memory 406 MiB.
2026-10-09T09:25:11Z INFO [150/900] 81d922ab-e31d-47cc-88f0-c1cae9557c16: 35 groups; 2.0 s; peak memory 406 MiB.
2026-10-09T09:25:11Z INFO [150/900] 81d922ab-e31d-47cc-88f0-c1cae9557c16: checkpointed 109486 new records.
2026-10-09T09:25:14Z INFO [151/900] 81da06e0-ccb4-4f34-9f75-8e57b53b4390: 48 groups; 2.8 s; peak memory 406 MiB.
2026-10-09T09:25:16Z INFO [152/900] 81da6793-6c64-444b-b950-c763478ac369: 202 groups; 2.1 s; peak memory 406 MiB.
2026-10-09T09:25:18Z INFO [153/900] 81da9408-5244-4490-b07a-a42dc3dc2430: 32 groups; 1.7 s; peak memory 406 MiB.
2026-10-09T09:25:20Z INFO [154/900] 81db9917-9aa3-4a5e-8b32-1d0f28c61a0a: 35 groups; 2.5 s; peak memory 406 MiB.
2026-10-09T09:25:22Z INFO [155/900] 81dbc42e-3171-4699-95c6-9620aab96d94: 252 groups; 1.7 s; peak memory 406 MiB.
2026-10-09T09:25:27Z INFO [156/900] 81dbf1a4-5892-4d6e-8dcf-2f6beddf0b2c: 93 groups; 5.5 s; peak memory 406 MiB.
2026-10-09T09:25:29Z INFO [157/900] 81dc2928-2b8d-4ec9-9328-4be2597c3c02: 195 groups; 2.0 s; peak memory 406 MiB.
2026-10-09T09:25:43Z INFO [158/900] 81dd1bb1-997c-4211-935c-c3501178324c: 203 groups; 13.7 s; peak memory 406 MiB.
2026-10-09T09:26:03Z INFO [159/900] 81dd4301-0ca7-4681-9bb7-563d4fa9e315: 236 groups; 20.2 s; peak memory 406 MiB.
2026-10-09T09:26:05Z INFO [160/900] 81dfe6d9-631c-4c26-b8af-59e9b9cd78db: 17 groups; 1.3 s; peak memory 406 MiB.
2026-10-09T09:26:06Z INFO [161/900] 81dfe93c-89c7-4f14-a342-96c0c011a765: 22 groups; 1.6 s; peak memory 406 MiB.
2026-10-09T09:26:16Z INFO [162/900] 81e09aa8-20ad-4ec9-b2d0-41bed029e3d4: 22 groups; 9.6 s; peak memory 406 MiB.
2026-10-09T09:26:17Z INFO [163/900] 81e0f852-126b-4882-a3b0-4af14aa41ae4: 20 groups; 1.3 s; peak memory 406 MiB.
2026-10-09T09:26:19Z INFO [164/900] 81e2669a-1ba4-4dab-8752-7fe2c6a4edf7: 22 groups; 1.4 s; peak memory 406 MiB.
2026-10-09T09:26:20Z INFO [165/900] 81e2ecd1-9d90-4684-abe1-2cc49016f1c1: 22 groups; 1.6 s; peak memory 406 MiB.
2026-10-09T09:26:22Z INFO [166/900] 81e31713-c3ce-4b3b-a564-c410021d442f: 22 groups; 1.4 s; peak memory 406 MiB.
2026-10-09T09:26:37Z INFO [167/900] 81e3e0f8-1b53-4a5b-b370-fbff0240e732: 235 groups; 15.1 s; peak memory 406 MiB.
2026-10-09T09:26:40Z INFO [168/900] 81e4adb6-ebe1-494b-ac82-db695890e5d0: 37 groups; 3.2 s; peak memory 406 MiB.
2026-10-09T09:26:43Z INFO [169/900] 81e50248-9050-4199-a348-c91f761da4e4: 48 groups; 3.5 s; peak memory 406 MiB.
2026-10-09T09:26:45Z INFO [170/900] 81e5f498-93fc-45f1-b9a3-8c80c6c0aea5: 32 groups; 1.7 s; peak memory 406 MiB.
2026-10-09T09:26:47Z INFO [171/900] 81e61470-1c7f-408c-9740-022c562ea6f2: 32 groups; 2.3 s; peak memory 406 MiB.
2026-10-09T09:26:49Z INFO [172/900] 81e64188-e454-412e-964f-6d1597d754f3: 32 groups; 1.7 s; peak memory 406 MiB.
2026-10-09T09:26:52Z INFO [173/900] 81e71b52-846a-4ac3-99cc-76b39ccc4524: 51 groups; 2.9 s; peak memory 406 MiB.
2026-10-09T09:26:55Z INFO [174/900] 81e7490f-1393-4938-84a0-395d2a46f4c1: 48 groups; 3.2 s; peak memory 406 MiB.
2026-10-09T09:26:57Z INFO [175/900] 81e7f9bb-3354-492b-ab53-df9dbdc0e93a: 30 groups; 1.8 s; peak memory 406 MiB.
2026-10-09T09:27:10Z INFO [176/900] 81e81a02-794e-468e-b75d-c5406dff2459: 143 groups; 13.4 s; peak memory 406 MiB.
2026-10-09T09:27:13Z INFO [177/900] 81e825ad-9211-466e-92f5-1952d6d52bf9: 17 groups; 2.8 s; peak memory 406 MiB.
2026-10-09T09:27:15Z INFO [178/900] 81e85b41-bfff-4200-a960-c1d92954a97c: 35 groups; 2.2 s; peak memory 406 MiB.
2026-10-09T09:27:17Z INFO [179/900] 81e86a2c-b6d5-4c92-9161-343386761aab: 22 groups; 1.5 s; peak memory 406 MiB.
2026-10-09T09:27:18Z INFO [180/900] 81e89475-56b0-4619-9db7-98a11ec2cb0e: 22 groups; 1.5 s; peak memory 406 MiB.
2026-10-09T09:27:27Z INFO [181/900] 81e8caaa-764e-4079-b118-cec4951ba958: 168 groups; 9.1 s; peak memory 406 MiB.
2026-10-09T09:27:29Z INFO [182/900] 81e94810-831e-4e80-befa-37d2a2395e07: 29 groups; 1.8 s; peak memory 406 MiB.
2026-10-09T09:27:31Z INFO [183/900] 81e96c75-4395-4577-9d24-a746f17039a6: 32 groups; 1.8 s; peak memory 406 MiB.
2026-10-09T09:27:32Z INFO [184/900] 81e9795b-9acd-4e60-ba87-aea1670eafae: 22 groups; 1.3 s; peak memory 406 MiB.
2026-10-09T09:27:34Z INFO [185/900] 81ea2014-6773-4d0f-ae23-d5727a04d410: 32 groups; 1.6 s; peak memory 406 MiB.
2026-10-09T09:27:36Z INFO [186/900] 81eb4f0e-57f8-489e-8733-fd336455c86a: 253 groups; 2.0 s; peak memory 406 MiB.
2026-10-09T09:27:45Z INFO [187/900] 81ebbdfd-856d-469a-a001-6510434345aa: 143 groups; 8.7 s; peak memory 406 MiB.
2026-10-09T09:27:51Z INFO [188/900] 81ec4755-b589-4970-af90-068176f4adbf: 75 groups; 6.7 s; peak memory 406 MiB.
2026-10-09T09:27:54Z INFO [189/900] 81ecbafb-00e4-4424-8c3c-e4e148f19526: 49 groups; 2.3 s; peak memory 406 MiB.
2026-10-09T09:27:55Z INFO [190/900] 81ecbfd4-4826-4b7c-a7a8-17bbab666936: 22 groups; 1.5 s; peak memory 406 MiB.
2026-10-09T09:27:59Z INFO [191/900] 81ecc66c-1254-4a8b-bdc1-fc18e87e9724: 60 groups; 3.6 s; peak memory 406 MiB.
2026-10-09T09:28:00Z INFO [192/900] 81ecf2f7-b006-4c5d-abf3-f67b55702c38: 22 groups; 1.4 s; peak memory 406 MiB.
2026-10-09T09:28:02Z INFO [193/900] 81eedd08-4c47-460c-94e6-c99f19309b0a: 35 groups; 2.0 s; peak memory 406 MiB.
2026-10-09T09:28:03Z INFO [194/900] 81eee0f4-67e6-403e-921d-0541ed48efc0: 16 groups; 1.4 s; peak memory 406 MiB.
2026-10-09T09:28:56Z INFO [195/900] 81ef0096-213e-4860-9662-210e509e5853: 31 groups; 52.6 s; peak memory 406 MiB.
2026-10-09T09:29:13Z INFO [196/900] 81ef20b5-887e-488c-aad6-39252f035551: 85 groups; 16.6 s; peak memory 406 MiB.
2026-10-09T09:29:14Z INFO [197/900] 81ef71a2-53d7-4c15-bdd9-e75895ed7fde: 32 groups; 1.7 s; peak memory 406 MiB.
2026-10-09T09:29:16Z INFO [198/900] 81efc24d-7664-4cc0-b3e2-55a8f11dd9b8: 202 groups; 2.1 s; peak memory 406 MiB.
2026-10-09T09:29:19Z INFO [199/900] 81f01392-394e-4c25-9018-870b9298cfff: 35 groups; 2.1 s; peak memory 406 MiB.
2026-10-09T09:29:21Z INFO [200/900] 81f01b21-9ace-4b48-b401-d9f49c986611: 108 groups; 2.1 s; peak memory 406 MiB.
2026-10-09T09:29:21Z INFO [200/900] 81f01b21-9ace-4b48-b401-d9f49c986611: checkpointed 109536 new records.
2026-10-09T09:29:22Z INFO [201/900] 81f048f4-ea3b-4705-a4e9-4172c9884f2a: 22 groups; 1.4 s; peak memory 406 MiB.
2026-10-09T09:29:39Z INFO [202/900] 81f0c56b-8aa0-4b8e-b22e-bbc779497395: 230 groups; 16.7 s; peak memory 406 MiB.
2026-10-09T09:29:40Z INFO [203/900] 81f0f389-d68f-45b1-b304-735a4466d115: 22 groups; 1.4 s; peak memory 406 MiB.
2026-10-09T09:29:43Z INFO [204/900] 81f17db1-8f21-4a8e-a0b1-66e355399b23: 34 groups; 2.8 s; peak memory 406 MiB.
2026-10-09T09:29:47Z INFO [205/900] 81f1e4ac-3787-498e-9bca-86f66621b598: 48 groups; 3.7 s; peak memory 406 MiB.
2026-10-09T09:29:51Z INFO [206/900] 81f20775-1778-49ac-918c-0657c1138324: 54 groups; 3.6 s; peak memory 406 MiB.
2026-10-09T09:29:53Z INFO [207/900] 81f23245-32b8-44f6-8c85-88ca71c409c8: 71 groups; 2.8 s; peak memory 406 MiB.
2026-10-09T09:29:56Z INFO [208/900] 81f24846-0549-45b4-ae6d-122e379adf3f: 195 groups; 2.2 s; peak memory 406 MiB.
2026-10-09T09:29:57Z INFO [209/900] 81f24b6d-3269-49c1-8607-85e2db7f01d1: 22 groups; 1.5 s; peak memory 406 MiB.
2026-10-09T09:29:58Z INFO [210/900] 81f2a0a3-6151-41be-aac5-b299c83aa7ca: 16 groups; 1.2 s; peak memory 406 MiB.
2026-10-09T09:30:04Z INFO [211/900] 81f3fa67-3a97-428e-ab0a-ba8637886247: 29 groups; 5.6 s; peak memory 406 MiB.
2026-10-09T09:30:05Z INFO [212/900] 81f5bd9f-dd94-4218-93c1-4dbff5188d39: 26 groups; 1.2 s; peak memory 406 MiB.
2026-10-09T09:30:07Z INFO [213/900] 81f61acf-f37c-484d-bf7e-77e06ebc27a7: 31 groups; 1.5 s; peak memory 406 MiB.
2026-10-09T09:30:09Z INFO [214/900] 81f74732-e20b-463b-9355-b33a029222c5: 35 groups; 2.3 s; peak memory 406 MiB.
2026-10-09T09:30:26Z INFO [215/900] 81f8161f-e967-4344-b803-773bf256cf84: 316 groups; 16.8 s; peak memory 406 MiB.
2026-10-09T09:30:55Z INFO [216/900] 81f84d7f-9d62-44f7-84a1-093d4906b47a: 23 groups; 29.0 s; peak memory 406 MiB.
2026-10-09T09:31:10Z INFO [217/900] 81f85173-c40d-4f0f-ad4b-5f763204d90f: 243 groups; 15.7 s; peak memory 406 MiB.
2026-10-09T09:31:13Z INFO [218/900] 81f85901-cc16-4854-870b-f22a518ed1df: 35 groups; 2.5 s; peak memory 406 MiB.
2026-10-09T09:31:17Z INFO [219/900] 81f86d83-43a5-4edf-a6d0-dd8f8529f317: 51 groups; 3.8 s; peak memory 406 MiB.
2026-10-09T09:31:18Z INFO [220/900] 81f90c5a-76a7-4448-96b6-d2dca2beef1d: 22 groups; 1.5 s; peak memory 406 MiB.
2026-10-09T09:31:21Z INFO [221/900] 81f97688-733c-4e3c-8269-bed67630d091: 206 groups; 2.8 s; peak memory 406 MiB.
2026-10-09T09:31:23Z INFO [222/900] 81f9a088-d36d-427b-b5e9-f0bd8b059ad3: 35 groups; 2.2 s; peak memory 406 MiB.
2026-10-09T09:31:31Z INFO [223/900] 81fa6535-b928-4b73-8da2-0591684c3d17: 73 groups; 8.2 s; peak memory 406 MiB.
2026-10-09T09:31:33Z INFO [224/900] 81fb0605-f1db-492a-83e1-4ef040065860: 31 groups; 1.3 s; peak memory 406 MiB.
2026-10-09T09:31:35Z INFO [225/900] 81fbf4d6-6b2d-47ab-9332-9f6dfff33c76: 99 groups; 2.3 s; peak memory 406 MiB.
2026-10-09T09:31:39Z INFO [226/900] 81fc53ab-19a0-46aa-b4bd-5c8e7b2f46aa: 48 groups; 3.9 s; peak memory 406 MiB.
2026-10-09T09:31:40Z INFO [227/900] 81fd25e1-0b05-4958-8e14-eb5a7494a154: 22 groups; 1.5 s; peak memory 406 MiB.
2026-10-09T09:31:50Z INFO [228/900] 81fdd2b3-4db9-4470-8bc0-5c3a6cf75c6a: 137 groups; 9.9 s; peak memory 406 MiB.
2026-10-09T09:32:11Z INFO [229/900] 8200479b-5e7c-4ca3-8327-0a0df326502f: 282 groups; 20.8 s; peak memory 406 MiB.
2026-10-09T09:32:53Z INFO [230/900] 8201d925-0000-4e40-b89a-6bbe287a2959: 33 groups; 42.3 s; peak memory 406 MiB.
2026-10-09T09:33:04Z INFO [231/900] 8202258d-e1bf-4f6f-98b6-daf3c74ea550: 180 groups; 11.2 s; peak memory 406 MiB.
2026-10-09T09:33:06Z INFO [232/900] 820275ed-23cd-44e9-9fcb-d2ddb6c6be05: 35 groups; 2.1 s; peak memory 406 MiB.
2026-10-09T09:33:10Z INFO [233/900] 8203b314-aadf-4ee7-8951-b66baaa3acb9: 48 groups; 3.8 s; peak memory 406 MiB.
2026-10-09T09:33:12Z INFO [234/900] 8203b380-43a5-493c-9e32-d412a462c41e: 29 groups; 1.9 s; peak memory 406 MiB.
2026-10-09T09:33:14Z INFO [235/900] 8203ce17-aa56-4be4-a70e-c43dc3822066: 21 groups; 1.7 s; peak memory 406 MiB.
2026-10-09T09:33:35Z INFO [236/900] 8206d0c1-18a2-4305-8ea0-ab83e16b2435: 1469 groups; 20.8 s; peak memory 406 MiB.
2026-10-09T09:33:36Z INFO [237/900] 8207d973-9fb6-4fb6-bde8-5a4922615d75: 22 groups; 1.6 s; peak memory 406 MiB.
2026-10-09T09:33:37Z INFO [238/900] 82083dda-5f40-4617-bd8c-98ce3a194ce6: 22 groups; 1.3 s; peak memory 406 MiB.
2026-10-09T09:33:39Z INFO [239/900] 8208705b-46f7-4739-bd32-b06e85fe1141: 16 groups; 1.2 s; peak memory 406 MiB.
2026-10-09T09:33:40Z INFO [240/900] 8208825e-b38b-4fd6-be03-e004c16ef1e9: 22 groups; 1.4 s; peak memory 406 MiB.
2026-10-09T09:33:42Z INFO [241/900] 8208b918-a7a5-463f-ad02-1accaf007e1f: 22 groups; 1.4 s; peak memory 406 MiB.
2026-10-09T09:33:43Z INFO [242/900] 82092351-b26c-4bbf-919a-c4c0ce75818a: 28 groups; 1.3 s; peak memory 406 MiB.
2026-10-09T09:33:45Z INFO [243/900] 82092d86-287f-44dc-a213-1ee2927b712b: 35 groups; 2.1 s; peak memory 406 MiB.
2026-10-09T09:33:46Z INFO [244/900] 82094077-1616-4327-b385-955ac837d137: 22 groups; 1.4 s; peak memory 406 MiB.
2026-10-09T09:33:47Z INFO [245/900] 82099dbc-a5e1-48c8-af0e-49fa7d82a604: 26 groups; 1.1 s; peak memory 406 MiB.
2026-10-09T09:33:49Z INFO [246/900] 820a0724-eaad-49ca-b095-e395a212295c: 32 groups; 1.7 s; peak memory 406 MiB.
2026-10-09T09:33:51Z INFO [247/900] 820a414c-470a-49d8-94ed-8401611b99fa: 35 groups; 2.1 s; peak memory 406 MiB.
2026-10-09T09:33:53Z INFO [248/900] 820a5237-554f-4ba9-b079-17bd56221116: 25 groups; 1.7 s; peak memory 406 MiB.
2026-10-09T09:33:55Z INFO [249/900] 820a5757-2762-4e43-95a9-fb739c5e1de5: 254 groups; 1.7 s; peak memory 406 MiB.
2026-10-09T09:33:56Z INFO [250/900] 820b5dd0-bae0-4565-9fc7-75688d243fa4: 29 groups; 1.8 s; peak memory 406 MiB.
2026-10-09T09:33:57Z INFO [250/900] 820b5dd0-bae0-4565-9fc7-75688d243fa4: checkpointed 109586 new records.
2026-10-09T09:33:59Z INFO [251/900] 820d47a8-1680-4aa9-828b-baf15e3c6b46: 33 groups; 2.2 s; peak memory 406 MiB.
2026-10-09T09:34:15Z INFO [252/900] 820dc7da-3b39-48d6-af68-6715a4b153ee: 2287 groups; 15.9 s; peak memory 406 MiB.
2026-10-09T09:34:17Z INFO [253/900] 820e13ae-7cbd-4871-9cc5-756b73ddd6d1: 36 groups; 2.0 s; peak memory 406 MiB.
2026-10-09T09:34:43Z INFO [254/900] 820e4f93-e795-419a-b0d2-52563afa162f: 277 groups; 26.0 s; peak memory 406 MiB.
2026-10-09T09:34:59Z INFO [255/900] 820e539a-3263-463e-8b9e-4e9b9df27817: 187 groups; 16.1 s; peak memory 406 MiB.
2026-10-09T09:35:01Z INFO [256/900] 820e6758-46ac-487a-9b30-39697ef45784: 27 groups; 2.1 s; peak memory 406 MiB.
2026-10-09T09:35:03Z INFO [257/900] 820e6b59-e08b-42dd-854f-63a0c7e7db11: 36 groups; 1.8 s; peak memory 406 MiB.
2026-10-09T09:35:06Z INFO [258/900] 820e82c9-2f5d-49a8-ab42-1756a417456f: 17 groups; 3.4 s; peak memory 406 MiB.
2026-10-09T09:35:07Z INFO [259/900] 820fe9ed-b96f-4b1d-a943-b0416d8362d7: 22 groups; 1.3 s; peak memory 406 MiB.
2026-10-09T09:35:29Z INFO [260/900] 82103dd1-a5dc-4ccc-8108-74840da51a92: 27 groups; 21.6 s; peak memory 406 MiB.
2026-10-09T09:35:30Z INFO [261/900] 8210ce68-b310-49c0-a285-37e00b95a201: 22 groups; 1.6 s; peak memory 406 MiB.
2026-10-09T09:35:32Z INFO [262/900] 82118178-2c42-4162-84a1-7bb71d240686: 22 groups; 1.4 s; peak memory 406 MiB.
2026-10-09T09:35:33Z INFO [263/900] 82125be8-b8cb-4b25-a407-08949fbc8b6e: 22 groups; 1.4 s; peak memory 406 MiB.
2026-10-09T09:35:40Z INFO [264/900] 82128d4e-9d43-48e5-a76c-7b40215a3bfa: 20 groups; 6.8 s; peak memory 406 MiB.
2026-10-09T09:35:41Z INFO [265/900] 8212b2b7-ea6c-4300-a5cc-ea1a4c5d8732: 22 groups; 1.1 s; peak memory 406 MiB.
2026-10-09T09:35:46Z INFO [266/900] 821342fd-5bbc-48d4-ac80-c62ea981ef32: 39 groups; 5.0 s; peak memory 406 MiB.
2026-10-09T09:35:48Z INFO [267/900] 8213513b-e4fe-4e17-8531-cc0af2622aa2: 103 groups; 1.9 s; peak memory 406 MiB.
2026-10-09T09:35:50Z INFO [268/900] 8214ab24-f5aa-4b9d-a0c5-1c7af2e3f263: 32 groups; 1.7 s; peak memory 406 MiB.
2026-10-09T09:35:51Z INFO [269/900] 82155ea2-857a-44b5-ab89-ab433a70e952: 22 groups; 1.4 s; peak memory 406 MiB.
2026-10-09T09:35:53Z INFO [270/900] 8215b3b8-a873-4c38-ab5c-e14c5ac4412f: 207 groups; 2.3 s; peak memory 406 MiB.
2026-10-09T09:35:56Z INFO [271/900] 8215d4e3-905e-4078-83a1-6c6c5dffce13: 34 groups; 2.2 s; peak memory 406 MiB.
2026-10-09T09:41:54Z INFO [272/900] 8215ebc1-095c-4895-aebc-6d663d60827e: 55 groups; 357.9 s; peak memory 420 MiB.
2026-10-09T09:41:55Z INFO [273/900] 82162572-60d9-47f9-9e11-814a9f0cd5a9: 35 groups; 1.7 s; peak memory 420 MiB.
2026-10-09T09:41:57Z INFO [274/900] 82179840-6566-42ae-90af-f05d6d3d18b9: 22 groups; 1.5 s; peak memory 420 MiB.
2026-10-09T09:41:59Z INFO [275/900] 8217eff4-3b17-4863-87fe-08c89426acd7: 193 groups; 2.0 s; peak memory 420 MiB.
2026-10-09T09:42:01Z INFO [276/900] 8217fc28-9b5b-4eb2-b56f-5c08c4910819: 32 groups; 1.7 s; peak memory 420 MiB.
2026-10-09T09:42:02Z INFO [277/900] 8218102e-8503-4c2c-be7e-12d5481a5a54: 33 groups; 1.9 s; peak memory 420 MiB.
2026-10-09T09:42:07Z INFO [278/900] 8218a940-016c-403f-a7ed-c9e8fb522c6b: 30 groups; 4.7 s; peak memory 420 MiB.
2026-10-09T09:42:09Z INFO [279/900] 821909d0-368c-42fd-b9ea-953aaf2bb550: 22 groups; 1.5 s; peak memory 420 MiB.
2026-10-09T09:42:10Z INFO [280/900] 8219db60-90ea-4127-bdef-27eb2254352b: 22 groups; 1.4 s; peak memory 420 MiB.
2026-10-09T09:42:12Z INFO [281/900] 821b3f44-3e4a-4d65-9724-1992d1e5ecba: 22 groups; 1.5 s; peak memory 420 MiB.
2026-10-09T09:42:13Z INFO [282/900] 821b4900-3882-4d33-b56e-145036163975: 31 groups; 1.1 s; peak memory 420 MiB.
2026-10-09T09:42:14Z INFO [283/900] 821b8ba6-0afa-4276-8b52-6a70a1da69cb: 22 groups; 1.4 s; peak memory 420 MiB.
2026-10-09T09:42:15Z INFO [284/900] 821c0e31-d363-4e47-92a8-897cc10e6a09: 16 groups; 1.0 s; peak memory 420 MiB.
2026-10-09T09:42:17Z INFO [285/900] 821c9386-6260-484e-964f-06da371898c5: 32 groups; 1.6 s; peak memory 420 MiB.
2026-10-09T09:42:18Z INFO [286/900] 821d2fa9-ed7c-4042-9a72-66887540cad8: 194 groups; 1.7 s; peak memory 420 MiB.
2026-10-09T09:42:30Z INFO [287/900] 821d552c-aeaa-45d1-90fa-4b805c738e93: 172 groups; 12.0 s; peak memory 420 MiB.
2026-10-09T09:42:34Z INFO [288/900] 821d861f-a76b-424f-8914-6291e3ab86e2: 200 groups; 3.0 s; peak memory 420 MiB.
2026-10-09T09:42:36Z INFO [289/900] 821daae1-1dcf-4f14-95c8-4b2ee5492d86: 40 groups; 2.1 s; peak memory 420 MiB.
2026-10-09T09:42:38Z INFO [290/900] 821dd3e4-7b5b-4c41-b1de-13c9a673abad: 35 groups; 2.5 s; peak memory 420 MiB.
2026-10-09T09:42:47Z INFO [291/900] 821e6af3-0352-470f-a4a0-5749d83fb2eb: 181 groups; 9.3 s; peak memory 420 MiB.
2026-10-09T09:42:49Z INFO [292/900] 821f5176-1936-49bc-9328-406fdcde60d8: 22 groups; 1.4 s; peak memory 420 MiB.
2026-10-09T09:42:50Z INFO [293/900] 821fbe33-a56d-408a-b94f-d0cae825d37c: 28 groups; 1.3 s; peak memory 420 MiB.
2026-10-09T09:43:03Z INFO [294/900] 821fcb1f-d843-4606-8a36-c592fe720ca1: 161 groups; 12.9 s; peak memory 420 MiB.
2026-10-09T09:43:05Z INFO [295/900] 821ff223-727f-4ac2-9cff-f33e76611d8c: 256 groups; 1.8 s; peak memory 420 MiB.
2026-10-09T09:43:11Z INFO [296/900] 8220244a-2deb-4f39-8383-02653767485d: 54 groups; 6.6 s; peak memory 420 MiB.
2026-10-09T09:43:18Z INFO [297/900] 822025ae-aadb-411c-aef7-42f5a957ca9d: 33 groups; 6.2 s; peak memory 420 MiB.
2026-10-09T09:43:19Z INFO [298/900] 82206f5f-f0c7-40bd-a8db-6e813fbad475: 22 groups; 1.4 s; peak memory 420 MiB.
2026-10-09T09:43:20Z INFO [299/900] 8221000e-f0b9-4f3a-a2f6-7e2be3dbe168: 30 groups; 1.2 s; peak memory 420 MiB.
2026-10-09T09:43:22Z INFO [300/900] 822105a8-0433-4965-b012-0076f8785fbd: 32 groups; 1.9 s; peak memory 420 MiB.
2026-10-09T09:43:22Z INFO [300/900] 822105a8-0433-4965-b012-0076f8785fbd: checkpointed 109636 new records.
2026-10-09T09:43:24Z INFO [301/900] 82224c92-707c-4196-b47e-717dd84049a9: 25 groups; 1.8 s; peak memory 420 MiB.
2026-10-09T09:43:25Z INFO [302/900] 82229341-04d9-4566-ad8f-62f7de343ed8: 22 groups; 1.5 s; peak memory 420 MiB.
2026-10-09T09:43:27Z INFO [303/900] 822393f3-2d77-4303-a068-ec57c1c1c4b1: 32 groups; 1.8 s; peak memory 420 MiB.
2026-10-09T09:43:32Z INFO [304/900] 8225a7dc-4608-468a-9b85-aa30f8d58337: 29 groups; 4.6 s; peak memory 420 MiB.
2026-10-09T09:43:33Z INFO [305/900] 82261b1f-faf4-43ca-be7c-c3f95341f939: 17 groups; 1.2 s; peak memory 420 MiB.
2026-10-09T09:43:35Z INFO [306/900] 82269405-5f84-4182-a6b7-8858cc061b51: 252 groups; 1.7 s; peak memory 420 MiB.
2026-10-09T09:43:36Z INFO [307/900] 8227ce69-3481-47ab-bcf6-fab311491a31: 32 groups; 1.5 s; peak memory 420 MiB.
2026-10-09T09:43:38Z INFO [308/900] 82287ccf-ddab-4dcc-862b-baca4d1df102: 22 groups; 1.5 s; peak memory 420 MiB.
2026-10-09T09:43:40Z INFO [309/900] 822885b7-d63c-4c49-b6de-ae01306f9837: 32 groups; 1.9 s; peak memory 420 MiB.
2026-10-09T09:43:41Z INFO [310/900] 82292b8b-73a2-4c4b-bc3d-2b4b3a872543: 22 groups; 1.4 s; peak memory 420 MiB.
2026-10-09T09:43:44Z INFO [311/900] 8229379e-2913-4b4b-b176-6ce7246462de: 22 groups; 2.9 s; peak memory 420 MiB.
2026-10-09T09:43:46Z INFO [312/900] 8229b98d-adea-4838-be21-cf1a5ff32e62: 36 groups; 2.1 s; peak memory 420 MiB.
2026-10-09T09:43:48Z INFO [313/900] 822a2731-9512-46c9-a647-aae3731c9325: 35 groups; 2.1 s; peak memory 420 MiB.
2026-10-09T09:43:50Z INFO [314/900] 822a761f-89f2-4bf2-b6c0-ec1eb64b5bca: 336 groups; 2.2 s; peak memory 420 MiB.
2026-10-09T09:43:52Z INFO [315/900] 822ae500-1a8d-4ecf-a2e8-c33825fdb14e: 22 groups; 1.5 s; peak memory 420 MiB.
2026-10-09T09:43:54Z INFO [316/900] 822bb050-fd77-4114-a7b9-ba054d8862d5: 35 groups; 2.4 s; peak memory 420 MiB.
2026-10-09T09:43:56Z INFO [317/900] 822bd09d-e524-4b45-8ad6-94e095b15eee: 32 groups; 1.7 s; peak memory 420 MiB.
2026-10-09T09:43:57Z INFO [318/900] 822d2c66-6168-4fd9-8bf0-4740a5a4f2fa: 22 groups; 1.4 s; peak memory 420 MiB.
2026-10-09T09:43:59Z INFO [319/900] 822d5d33-a3c0-49cb-bd4d-4a4f74aab8c9: 24 groups; 1.9 s; peak memory 420 MiB.
2026-10-09T09:44:01Z INFO [320/900] 822d9547-6428-4440-8167-130c63ff3bc0: 202 groups; 2.0 s; peak memory 420 MiB.
2026-10-09T09:44:10Z INFO [321/900] 822e1f70-c9ca-4ae6-88a4-3866759e6c0f: 136 groups; 9.0 s; peak memory 420 MiB.
2026-10-09T09:44:12Z INFO [322/900] 822e9903-5f18-49dc-ba62-e5d9c06ed731: 33 groups; 1.6 s; peak memory 420 MiB.
2026-10-09T09:44:17Z INFO [323/900] 822eb944-d7d2-4c2f-ac5d-3d96a75475e8: 29 groups; 5.5 s; peak memory 420 MiB.
2026-10-09T09:44:19Z INFO [324/900] 822f9795-807c-4860-badb-901a9696bf0c: 22 groups; 1.4 s; peak memory 420 MiB.
2026-10-09T09:44:22Z INFO [325/900] 8230bc0f-b0aa-443d-9d41-530ffb129113: 206 groups; 2.9 s; peak memory 420 MiB.
2026-10-09T09:44:24Z INFO [326/900] 8230cca9-1d29-4e9c-86d8-f1027e43c625: 195 groups; 2.0 s; peak memory 420 MiB.
2026-10-09T09:44:26Z INFO [327/900] 82314148-dc58-4075-99b8-26261a462858: 54 groups; 2.8 s; peak memory 420 MiB.
2026-10-09T09:44:28Z INFO [328/900] 82314e77-0760-4e42-b7db-806d3f8fb19c: 32 groups; 2.0 s; peak memory 420 MiB.
2026-10-09T09:44:30Z INFO [329/900] 8231c9e5-91fb-481c-9a71-0033b502a86a: 22 groups; 1.4 s; peak memory 420 MiB.
2026-10-09T09:44:31Z INFO [330/900] 82320207-cf2f-4c2e-8580-0c0b0af50d9c: 22 groups; 1.4 s; peak memory 420 MiB.
2026-10-09T09:44:33Z INFO [331/900] 823259eb-5afd-4f65-8e3c-600338598202: 22 groups; 1.6 s; peak memory 420 MiB.
2026-10-09T09:44:44Z INFO [332/900] 8232a34d-9edc-4c0d-ad2f-efbfa3d03d14: 164 groups; 10.7 s; peak memory 420 MiB.
2026-10-09T09:44:45Z INFO [333/900] 82334966-e912-4ff9-9bca-1c391f5622c7: 22 groups; 1.4 s; peak memory 420 MiB.
2026-10-09T09:45:14Z INFO [334/900] 823367b2-5113-454b-8778-8a32e6a81ea7: 310 groups; 29.2 s; peak memory 420 MiB.
2026-10-09T09:45:16Z INFO [335/900] 82349427-b1f4-44bf-8abe-243e61f596d6: 22 groups; 1.5 s; peak memory 420 MiB.
2026-10-09T09:45:17Z INFO [336/900] 8235292c-ec30-4938-8128-9f25145ebd9f: 22 groups; 1.4 s; peak memory 420 MiB.
2026-10-09T09:45:19Z INFO [337/900] 82353fd5-cc5f-4f4f-b475-cbe0678fe5cf: 32 groups; 1.7 s; peak memory 420 MiB.
2026-10-09T09:45:31Z INFO [338/900] 8236208b-044e-4e2e-bfa8-4021424e62eb: 203 groups; 12.2 s; peak memory 420 MiB.
2026-10-09T09:45:33Z INFO [339/900] 823692db-f867-4ae4-9c3a-cd92a58985c8: 252 groups; 1.8 s; peak memory 420 MiB.
2026-10-09T09:45:34Z INFO [340/900] 8236f569-2406-49dd-998c-412e06a1c32b: 32 groups; 1.6 s; peak memory 420 MiB.
2026-10-09T09:45:37Z INFO [341/900] 82379c18-6629-4e40-8a33-6b066e2ed838: 33 groups; 2.2 s; peak memory 420 MiB.
2026-10-09T09:45:39Z INFO [342/900] 8237ed53-8417-4f0e-8bd6-50efc220561b: 48 groups; 2.7 s; peak memory 420 MiB.
2026-10-09T09:46:00Z INFO [343/900] 82392695-123b-4b53-8e41-4ade2a49d9c5: 27 groups; 20.9 s; peak memory 420 MiB.
2026-10-09T09:46:03Z INFO [344/900] 8239e5f8-1f58-4ce1-bb2c-880ea1503da1: 35 groups; 3.1 s; peak memory 420 MiB.
2026-10-09T09:46:05Z INFO [345/900] 823aa790-e4e6-4f18-8fa9-f1568d2035be: 22 groups; 1.6 s; peak memory 420 MiB.
2026-10-09T09:46:06Z INFO [346/900] 823b5b02-4abe-423e-8dde-9ca97cb77efe: 22 groups; 1.5 s; peak memory 420 MiB.
2026-10-09T09:46:07Z INFO [347/900] 823b9fe9-e13f-481c-ba7f-7c8ce21547c8: 16 groups; 1.1 s; peak memory 420 MiB.
2026-10-09T09:47:09Z INFO [348/900] 823c13d7-1796-44ff-b0eb-d079cd09687d: 27 groups; 62.0 s; peak memory 420 MiB.
2026-10-09T09:47:11Z INFO [349/900] 823c1e38-c469-4ddc-9113-8d03650183c5: 35 groups; 1.7 s; peak memory 420 MiB.
2026-10-09T09:47:13Z INFO [350/900] 823ca00c-a457-4d47-a26f-f19d65026387: 22 groups; 1.4 s; peak memory 420 MiB.
2026-10-09T09:47:13Z INFO [350/900] 823ca00c-a457-4d47-a26f-f19d65026387: checkpointed 109686 new records.
2026-10-09T09:47:15Z INFO [351/900] 823cb6c6-f691-4460-a330-e7ad4010e126: 199 groups; 2.5 s; peak memory 420 MiB.
2026-10-09T09:47:17Z INFO [352/900] 823db89f-f6ce-4553-9ad3-b309f0a40fc1: 32 groups; 1.7 s; peak memory 420 MiB.
2026-10-09T09:47:29Z INFO [353/900] 823e4d5a-cb06-4386-a598-4ed0f34dd164: 173 groups; 12.2 s; peak memory 420 MiB.
2026-10-09T09:47:31Z INFO [354/900] 823e73f9-f6c9-41ae-b0f4-b95f9e2df381: 22 groups; 1.4 s; peak memory 420 MiB.
2026-10-09T09:47:32Z INFO [355/900] 823ed524-511b-4c91-82da-092afb763ef3: 22 groups; 1.4 s; peak memory 420 MiB.
2026-10-09T09:47:34Z INFO [356/900] 823f843c-555d-4701-9fac-7ad6d4b76546: 28 groups; 1.7 s; peak memory 420 MiB.
2026-10-09T09:47:35Z INFO [357/900] 82404149-9c56-4a51-a428-7ccbbff5b2eb: 24 groups; 1.4 s; peak memory 420 MiB.
2026-10-09T09:48:13Z INFO [358/900] 8241a0ee-609a-4a03-a662-f734c5c582b8: 358 groups; 37.7 s; peak memory 420 MiB.
2026-10-09T09:48:15Z INFO [359/900] 824201fe-4bd7-434c-b4f8-aff4f5979658: 49 groups; 2.1 s; peak memory 420 MiB.
2026-10-09T09:48:17Z INFO [360/900] 82423e38-4b38-48f6-b227-b3cdc8be1d32: 39 groups; 2.3 s; peak memory 420 MiB.
2026-10-09T09:48:19Z INFO [361/900] 8243621e-3ab8-4a77-b18f-9cca96644762: 22 groups; 1.4 s; peak memory 420 MiB.
2026-10-09T09:48:20Z INFO [362/900] 82451f32-f45c-4527-9cad-a9d94981bc24: 22 groups; 1.5 s; peak memory 420 MiB.
2026-10-09T09:48:22Z INFO [363/900] 8245386d-9d93-4a0f-9407-f2a4045189ae: 67 groups; 1.5 s; peak memory 420 MiB.
2026-10-09T09:48:23Z INFO [364/900] 82477678-b965-45b1-8c13-97a48e0c10cd: 22 groups; 1.5 s; peak memory 420 MiB.
2026-10-09T09:48:25Z INFO [365/900] 8247b2cb-d35f-4506-9828-6353c5d6cdf1: 29 groups; 1.7 s; peak memory 420 MiB.
2026-10-09T09:48:26Z INFO [366/900] 8247d125-c58a-483c-aa53-9d69b1e13dd9: 25 groups; 1.6 s; peak memory 420 MiB.
2026-10-09T09:48:28Z INFO [367/900] 8248053f-c3cf-4877-a30b-5ebe616eda30: 16 groups; 1.1 s; peak memory 420 MiB.
2026-10-09T09:48:29Z INFO [368/900] 8249a5b3-9e0e-4f0c-a172-a1a4f8770ec8: 22 groups; 1.5 s; peak memory 420 MiB.
2026-10-09T09:48:31Z INFO [369/900] 824a4d1a-2151-4873-ab0b-e769ae1ca29e: 203 groups; 2.0 s; peak memory 420 MiB.
2026-10-09T09:48:32Z INFO [370/900] 824c06e1-7b15-47b0-b0ed-f4f1ecb7838e: 22 groups; 1.2 s; peak memory 420 MiB.
2026-10-09T09:48:33Z INFO [371/900] 824c22db-a741-4818-b33e-e070a946cbdd: 28 groups; 1.3 s; peak memory 420 MiB.
2026-10-09T09:48:35Z INFO [372/900] 824c7116-1e55-4d40-a3d7-9d3d41bb7ac5: 32 groups; 1.8 s; peak memory 420 MiB.
2026-10-09T09:48:43Z INFO [373/900] 824d408f-b3c3-4b1d-97c9-2a7c15022c3c: 66 groups; 7.9 s; peak memory 420 MiB.
2026-10-09T09:48:45Z INFO [374/900] 824e2184-e6f8-4da7-86da-0e838dbe4f64: 256 groups; 2.1 s; peak memory 420 MiB.
2026-10-09T09:48:47Z INFO [375/900] 824e4723-11ce-4663-a0ad-a4b30ffec566: 33 groups; 1.6 s; peak memory 420 MiB.
2026-10-09T09:48:48Z INFO [376/900] 824eba5e-2d96-4379-b122-c75379656435: 22 groups; 1.5 s; peak memory 420 MiB.
2026-10-09T09:48:50Z INFO [377/900] 824ecb04-15fd-462e-8582-c5779081a841: 32 groups; 1.8 s; peak memory 420 MiB.
2026-10-09T09:48:58Z INFO [378/900] 824f89d9-ccd1-4b48-8510-dc82f362fc98: 51 groups; 8.2 s; peak memory 420 MiB.
2026-10-09T09:49:00Z INFO [379/900] 824ffbb1-dc81-48a8-b77a-60c771912a4f: 22 groups; 1.4 s; peak memory 420 MiB.
2026-10-09T09:49:02Z INFO [380/900] 8251cff3-04d5-489e-9f25-ff93e9ae4365: 32 groups; 1.8 s; peak memory 420 MiB.
2026-10-09T09:49:04Z INFO [381/900] 8252b45c-bfef-452b-86e2-742dd7c1f7a3: 336 groups; 2.5 s; peak memory 420 MiB.
2026-10-09T09:49:23Z INFO [382/900] 8253eb11-90ff-4bf8-93ed-19c36468dc2e: 253 groups; 18.8 s; peak memory 420 MiB.
2026-10-09T09:49:24Z INFO [383/900] 82542414-2296-421e-b265-4f02e9695670: 22 groups; 1.4 s; peak memory 420 MiB.
2026-10-09T09:49:28Z INFO [384/900] 82543713-30d1-4b55-a4ff-f36c1ad7d117: 50 groups; 4.1 s; peak memory 420 MiB.
2026-10-09T09:49:32Z INFO [385/900] 8255d589-6346-4e5c-bf94-8ca8f6cf11a7: 54 groups; 3.7 s; peak memory 420 MiB.
2026-10-09T09:49:34Z INFO [386/900] 82562b5d-f9dd-40b8-98ab-f4619ca82c08: 22 groups; 1.5 s; peak memory 420 MiB.
2026-10-09T09:49:48Z INFO [387/900] 82569a80-75d6-4b04-ab1d-b8e2208e8a08: 39 groups; 14.2 s; peak memory 420 MiB.
2026-10-09T09:50:34Z INFO [388/900] 8257141c-5659-49c2-ac0c-ea9ac6cfd901: 786 groups; 45.8 s; peak memory 420 MiB.
2026-10-09T09:50:36Z INFO [389/900] 82574116-64f6-4aec-8c54-e5231c061c38: 27 groups; 1.9 s; peak memory 420 MiB.
2026-10-09T09:50:38Z INFO [390/900] 8257d2be-6304-4de9-8ff7-c2d1d48e383a: 35 groups; 2.0 s; peak memory 420 MiB.
2026-10-09T09:50:39Z INFO [391/900] 8259b66c-bba7-4d84-9314-c3d5b529c5fd: 31 groups; 1.2 s; peak memory 420 MiB.
2026-10-09T09:50:51Z INFO [392/900] 8259bb89-0757-42a8-8620-9e626cc37281: 191 groups; 11.8 s; peak memory 420 MiB.
2026-10-09T09:53:21Z INFO [393/900] 825a066e-c367-43d9-baf6-816c729bb831: 68 groups; 150.1 s; peak memory 420 MiB.
2026-10-09T09:53:39Z INFO [394/900] 825b03b6-28c7-4954-b907-14f867fa5e69: 225 groups; 18.5 s; peak memory 420 MiB.
2026-10-09T09:53:41Z INFO [395/900] 825b1035-892c-4066-90bf-88c662130c8e: 30 groups; 1.4 s; peak memory 420 MiB.
2026-10-09T09:53:42Z INFO [396/900] 825bb24d-e3c4-43fd-b5e5-71a096715205: 32 groups; 1.4 s; peak memory 420 MiB.
2026-10-09T09:53:44Z INFO [397/900] 825c57a5-15f8-42fa-b4aa-25be84ff1ec2: 26 groups; 1.6 s; peak memory 420 MiB.
2026-10-09T09:53:49Z INFO [398/900] 825c783c-14be-454b-b3f5-2e2cb6103a7c: 22 groups; 4.9 s; peak memory 420 MiB.
2026-10-09T09:53:51Z INFO [399/900] 825ca180-cfd9-4977-8637-dca59b8311ff: 54 groups; 2.6 s; peak memory 420 MiB.
2026-10-09T09:53:53Z INFO [400/900] 825de0f0-8058-4595-9fd8-27755b18e21e: 32 groups; 1.8 s; peak memory 420 MiB.
2026-10-09T09:53:53Z INFO [400/900] 825de0f0-8058-4595-9fd8-27755b18e21e: checkpointed 109736 new records.
2026-10-09T09:53:57Z INFO [401/900] 825e2d97-98a6-4242-9dc4-2625afd134d5: 46 groups; 3.3 s; peak memory 420 MiB.
2026-10-09T09:54:13Z INFO [402/900] 825e4de3-531e-4513-830e-826a846e188b: 246 groups; 16.7 s; peak memory 420 MiB.
2026-10-09T09:54:15Z INFO [403/900] 825e8880-cb0d-4379-8a71-3c2555924b1c: 32 groups; 1.7 s; peak memory 420 MiB.
2026-10-09T09:54:32Z INFO [404/900] 825ed9e6-1100-42c1-a907-27fc5f29ba1d: 227 groups; 16.6 s; peak memory 420 MiB.
2026-10-09T09:54:34Z INFO [405/900] 825f046a-1553-4ebe-bae9-659bfbc60eb7: 341 groups; 2.6 s; peak memory 420 MiB.
2026-10-09T09:54:36Z INFO [406/900] 8260128c-e9ce-443c-bee0-51960bc32ae0: 16 groups; 1.2 s; peak memory 420 MiB.
2026-10-09T09:54:38Z INFO [407/900] 82601296-9131-4921-ae4a-20546cb314bd: 52 groups; 2.3 s; peak memory 420 MiB.
2026-10-09T09:54:46Z INFO [408/900] 82615553-0e16-4d9a-832e-5405e1188ca0: 144 groups; 8.6 s; peak memory 420 MiB.
2026-10-09T09:54:48Z INFO [409/900] 8261a92f-423d-4a43-8f81-7747988ff434: 32 groups; 1.8 s; peak memory 420 MiB.
2026-10-09T09:54:50Z INFO [410/900] 82626363-194f-4d74-bc4f-c1402af1aea1: 21 groups; 1.7 s; peak memory 420 MiB.
2026-10-09T09:54:52Z INFO [411/900] 82637786-e3ca-4083-a381-aecdea9aac0b: 32 groups; 1.9 s; peak memory 420 MiB.
2026-10-09T09:54:54Z INFO [412/900] 82640c4f-7361-42d1-9c19-03f27a52b748: 52 groups; 1.9 s; peak memory 420 MiB.
2026-10-09T09:54:56Z INFO [413/900] 8264bf01-eb24-4c67-b8d7-24c4fe7ec833: 107 groups; 2.3 s; peak memory 420 MiB.
2026-10-09T09:54:58Z INFO [414/900] 82652f39-002c-4b78-aeff-5c8e63ff597c: 32 groups; 1.7 s; peak memory 420 MiB.
2026-10-09T09:54:59Z INFO [415/900] 8265ce87-5f4a-4786-a62a-6740ba2d8934: 22 groups; 1.4 s; peak memory 420 MiB.
2026-10-09T09:55:00Z INFO [416/900] 8267124d-d4c3-4dee-b909-6de385a9ddc8: 30 groups; 1.2 s; peak memory 420 MiB.
2026-10-09T09:55:02Z INFO [417/900] 8267f296-03df-4866-85e0-fd94971f59e2: 16 groups; 1.3 s; peak memory 420 MiB.
2026-10-09T09:55:04Z INFO [418/900] 8267fbca-d041-49c1-af47-6013c7ce0f5b: 194 groups; 2.2 s; peak memory 420 MiB.
2026-10-09T09:55:05Z INFO [419/900] 82680a65-c469-47da-9365-e212bd366a6d: 22 groups; 1.4 s; peak memory 420 MiB.
2026-10-09T09:55:07Z INFO [420/900] 8268e74e-65f2-489d-b43e-b5495567717a: 33 groups; 1.8 s; peak memory 420 MiB.
2026-10-09T09:55:11Z INFO [421/900] 826918f8-b85d-4ef3-ac53-aa97d38a2fd2: 48 groups; 3.6 s; peak memory 420 MiB.
2026-10-09T09:55:24Z INFO [422/900] 82692515-5f50-424f-97e4-eb663c348a0b: 63 groups; 13.1 s; peak memory 420 MiB.
2026-10-09T09:55:25Z INFO [423/900] 8269ba97-bf6e-46a2-8432-18b2d79a4ee5: 22 groups; 1.4 s; peak memory 420 MiB.
2026-10-09T09:55:26Z INFO [424/900] 826a0d67-a235-4523-9c1e-e26561c95f8e: 17 groups; 1.3 s; peak memory 420 MiB.
2026-10-09T09:55:28Z INFO [425/900] 826a7087-239d-4ffd-a4ad-ccbd56b35ee8: 22 groups; 1.3 s; peak memory 420 MiB.
2026-10-09T09:55:30Z INFO [426/900] 826b8716-43b6-4f2d-9712-5ef22e41bba1: 35 groups; 2.0 s; peak memory 420 MiB.
2026-10-09T09:55:32Z INFO [427/900] 826d322d-f4bd-49d0-ab6c-881d877f68dc: 53 groups; 2.7 s; peak memory 420 MiB.
2026-10-09T09:55:40Z INFO [428/900] 826d3466-0392-4587-86aa-b0d7845063d8: 181 groups; 7.8 s; peak memory 420 MiB.
2026-10-09T09:55:47Z INFO [429/900] 826d7b0e-c7bf-438e-96a4-e41f1e66a981: 71 groups; 6.7 s; peak memory 420 MiB.
2026-10-09T09:55:49Z INFO [430/900] 826de69d-f1ba-42cb-a0a0-873ecbf953ed: 103 groups; 2.0 s; peak memory 420 MiB.
2026-10-09T09:55:52Z INFO [431/900] 826f3a91-20ce-496b-bc04-6186be43fff4: 58 groups; 3.6 s; peak memory 420 MiB.
2026-10-09T09:55:55Z INFO [432/900] 826fbaf7-a555-4643-82e1-7f730b32b689: 35 groups; 2.2 s; peak memory 420 MiB.
2026-10-09T09:56:05Z INFO [433/900] 82707074-59a6-447d-a784-38602502f12c: 1103 groups; 9.8 s; peak memory 420 MiB.
2026-10-09T09:56:07Z INFO [434/900] 8270b257-8bb0-4550-a23e-3a45772a5af6: 202 groups; 2.1 s; peak memory 420 MiB.
2026-10-09T09:56:08Z INFO [435/900] 82712c6f-5738-402e-baeb-85b68325c667: 22 groups; 1.3 s; peak memory 420 MiB.
2026-10-09T09:56:09Z INFO [436/900] 8271daff-6944-4b13-b1b6-a6c96d7d4335: 22 groups; 1.5 s; peak memory 420 MiB.
2026-10-09T09:56:11Z INFO [437/900] 82729101-23d7-4bc2-9a11-5ac8e21ccbbf: 32 groups; 1.9 s; peak memory 420 MiB.
2026-10-09T09:56:13Z INFO [438/900] 827362f3-da93-4f1a-9c00-032842ba3819: 22 groups; 1.5 s; peak memory 420 MiB.
2026-10-09T09:56:15Z INFO [439/900] 8273c10e-859a-4a5e-87b6-99c7036825d7: 22 groups; 1.6 s; peak memory 420 MiB.
2026-10-09T09:56:16Z INFO [440/900] 82745731-036e-44c9-b810-329941b6e880: 22 groups; 1.4 s; peak memory 420 MiB.
2026-10-09T09:56:17Z INFO [441/900] 82752eae-3801-4b86-aaf3-ba7f0ed2f319: 29 groups; 1.5 s; peak memory 420 MiB.
2026-10-09T09:56:19Z INFO [442/900] 8275980f-aea6-4f8f-81da-b24c80ac9888: 32 groups; 1.8 s; peak memory 420 MiB.
2026-10-09T09:56:24Z INFO [443/900] 8276954a-5182-4c0a-8418-eb6b70c2915e: 57 groups; 4.7 s; peak memory 420 MiB.
2026-10-09T09:56:53Z INFO [444/900] 8276cc62-ff29-4422-87a8-c87add4bc5d8: 23 groups; 28.8 s; peak memory 420 MiB.
2026-10-09T09:56:54Z INFO [445/900] 82773492-4169-4886-bcfd-1152751f42b7: 22 groups; 1.6 s; peak memory 420 MiB.
2026-10-09T09:56:58Z INFO [446/900] 8277dd25-249c-4517-bd4a-fe575c655657: 53 groups; 3.9 s; peak memory 420 MiB.
2026-10-09T09:57:00Z INFO [447/900] 8278250b-f172-4ea2-89a2-c28df65cc8a2: 28 groups; 1.9 s; peak memory 420 MiB.
2026-10-09T09:57:01Z INFO [448/900] 8278a090-97fe-47e9-8547-41acf6b8ada5: 22 groups; 1.3 s; peak memory 420 MiB.
2026-10-09T09:58:02Z INFO [449/900] 8278dc10-a432-482b-9919-0035871e9a6a: 27 groups; 60.8 s; peak memory 420 MiB.
2026-10-09T09:58:07Z INFO [450/900] 82790313-aecc-4bd7-8e9a-58f664c5d623: 50 groups; 4.5 s; peak memory 420 MiB.
2026-10-09T09:58:07Z INFO [450/900] 82790313-aecc-4bd7-8e9a-58f664c5d623: checkpointed 109786 new records.
2026-10-09T09:58:12Z INFO [451/900] 827960ad-38e1-4514-88d5-564b90d1e4a7: 36 groups; 4.9 s; peak memory 420 MiB.
2026-10-09T09:58:13Z INFO [452/900] 8279755c-7e3e-476b-b838-2243dc260144: 22 groups; 1.4 s; peak memory 420 MiB.
2026-10-09T09:58:19Z INFO [453/900] 827b2a21-b53b-4b06-8818-a25bfeca1a94: 73 groups; 6.0 s; peak memory 420 MiB.
2026-10-09T09:58:22Z INFO [454/900] 827b56cd-8f2f-4806-af8e-f3793432d334: 33 groups; 2.5 s; peak memory 420 MiB.
2026-10-09T09:58:23Z INFO [455/900] 827e1156-162b-4977-a6ee-6724ac878677: 32 groups; 1.7 s; peak memory 420 MiB.
2026-10-09T09:58:25Z INFO [456/900] 827fb658-5d95-457a-9993-8e3ed9a590bf: 17 groups; 1.4 s; peak memory 420 MiB.
2026-10-09T09:58:27Z INFO [457/900] 82800047-c6dc-4283-b072-f21d441a8320: 29 groups; 1.9 s; peak memory 420 MiB.
2026-10-09T09:58:31Z INFO [458/900] 82803a6c-f568-4c63-8b1b-adfa9fb34170: 28 groups; 4.0 s; peak memory 420 MiB.
2026-10-09T09:58:32Z INFO [459/900] 82803e2b-ce3b-4e31-91a1-f3d3d7ab36b0: 22 groups; 1.4 s; peak memory 420 MiB.
2026-10-09T09:58:34Z INFO [460/900] 828078e6-2a9a-40f9-99fb-6dc3e9cb3c58: 103 groups; 1.9 s; peak memory 420 MiB.
2026-10-09T09:58:36Z INFO [461/900] 8281e5c6-8dd5-4a29-840c-3729dc1eb851: 32 groups; 1.7 s; peak memory 420 MiB.
2026-10-09T09:58:48Z INFO [462/900] 8281e753-e293-4e3b-aab6-14234ac0ef89: 1776 groups; 12.3 s; peak memory 420 MiB.
2026-10-09T09:58:50Z INFO [463/900] 828272ee-c93c-4ffb-89d5-1d568ef315ed: 22 groups; 1.5 s; peak memory 420 MiB.
2026-10-09T09:58:54Z INFO [464/900] 82830d71-289b-4f22-a22a-f7c5a0f66f8e: 54 groups; 4.1 s; peak memory 420 MiB.
2026-10-09T09:59:08Z INFO [465/900] 8284424e-048e-42cc-8769-950328bcf8cf: 68 groups; 14.1 s; peak memory 420 MiB.
2026-10-09T09:59:10Z INFO [466/900] 82847f57-8772-4b28-a2f8-b244696533fc: 108 groups; 2.4 s; peak memory 420 MiB.
2026-10-09T09:59:16Z INFO [467/900] 82852581-30fd-44ad-bd69-dc634014cdb7: 126 groups; 5.6 s; peak memory 420 MiB.
2026-10-09T09:59:26Z INFO [468/900] 82855dbf-5977-441d-92ef-0384734d4034: 173 groups; 10.2 s; peak memory 420 MiB.
2026-10-09T09:59:27Z INFO [469/900] 8285dc37-ba23-48e6-b965-83d7915b7c15: 22 groups; 1.4 s; peak memory 420 MiB.
2026-10-09T10:00:22Z INFO [470/900] 8286a2a3-8dec-48c6-8629-51de19a79d30: 27 groups; 54.8 s; peak memory 420 MiB.
2026-10-09T10:00:24Z INFO [471/900] 828740e1-c7e2-470f-aec5-e952520a725b: 29 groups; 1.8 s; peak memory 420 MiB.
2026-10-09T10:00:38Z INFO [472/900] 8287875c-7393-4360-a072-7b985e38ca67: 185 groups; 14.4 s; peak memory 420 MiB.
2026-10-09T10:00:45Z INFO [473/900] 8287ec9f-bbcf-4d47-b538-6ffedb0b1c63: 47 groups; 6.5 s; peak memory 420 MiB.
2026-10-09T10:00:48Z INFO [474/900] 828808a1-9acc-446a-bfde-7682f5113f80: 194 groups; 2.7 s; peak memory 420 MiB.
2026-10-09T10:00:50Z INFO [475/900] 828879b1-4c96-4354-b544-17ce6169c4be: 194 groups; 2.1 s; peak memory 420 MiB.
2026-10-09T10:00:52Z INFO [476/900] 82890d90-62d8-46b3-b241-e4a92b4b7060: 196 groups; 1.9 s; peak memory 420 MiB.
2026-10-09T10:01:12Z INFO [477/900] 828a8f60-0802-4bc3-838b-ad4ce8693219: 17 groups; 20.0 s; peak memory 420 MiB.
2026-10-09T10:01:13Z INFO [478/900] 828ce90d-54b5-49b5-9367-c5cfcb68f8b9: 32 groups; 1.7 s; peak memory 420 MiB.
2026-10-09T10:01:14Z INFO [479/900] 828d0bf8-d51c-4aaa-95d7-d7a9cb0a3bc4: 16 groups; 1.1 s; peak memory 420 MiB.
2026-10-09T10:01:16Z INFO [480/900] 828d43ee-bafc-4170-b0be-ae50018c2027: 30 groups; 1.2 s; peak memory 420 MiB.
2026-10-09T10:01:19Z INFO [481/900] 828e122d-e01b-41f4-9a11-5a515ab07914: 47 groups; 3.7 s; peak memory 420 MiB.
2026-10-09T10:01:21Z INFO [482/900] 828e1c91-3f27-49a4-860b-5cce70aec5ee: 26 groups; 1.5 s; peak memory 420 MiB.
2026-10-09T10:01:23Z INFO [483/900] 828fc8ae-8da6-4b02-b290-88a9f962eb83: 32 groups; 1.8 s; peak memory 420 MiB.
2026-10-09T10:01:35Z INFO [484/900] 829019a6-3f30-49ec-ad28-4d283989d8d6: 188 groups; 12.9 s; peak memory 420 MiB.
2026-10-09T10:01:37Z INFO [485/900] 8290e8ad-f0fb-4ced-8229-6212ac26aec4: 32 groups; 1.9 s; peak memory 420 MiB.
2026-10-09T10:01:47Z INFO [486/900] 82931a71-a308-43c6-bd55-3925a5d49356: 181 groups; 10.0 s; peak memory 420 MiB.
2026-10-09T10:01:50Z INFO [487/900] 8294264d-6d97-4a87-b812-ca3e080de45f: 336 groups; 2.5 s; peak memory 420 MiB.
2026-10-09T10:01:51Z INFO [488/900] 82943f29-dd73-46e3-b26a-868fb65977ac: 29 groups; 1.4 s; peak memory 420 MiB.
2026-10-09T10:02:09Z INFO [489/900] 8294980a-d82d-4f9c-8a50-2c562a615b9f: 242 groups; 17.8 s; peak memory 420 MiB.
2026-10-09T10:02:11Z INFO [490/900] 8295c5c6-bc43-456f-b13d-6dc1ada328ff: 42 groups; 2.3 s; peak memory 420 MiB.
2026-10-09T10:02:15Z INFO [491/900] 8295ce79-2ffc-437a-b90f-a281d5dd6cd6: 56 groups; 3.5 s; peak memory 420 MiB.
2026-10-09T10:02:35Z INFO [492/900] 8295eddb-0b31-48a2-8fad-d856c91173f0: 316 groups; 20.4 s; peak memory 420 MiB.
2026-10-09T10:02:46Z INFO [493/900] 82962959-0ede-4716-94bb-501fea0419b9: 191 groups; 10.8 s; peak memory 420 MiB.
2026-10-09T10:02:50Z INFO [494/900] 82966fbd-1a01-43f1-8bf0-3d86cb3d8c8b: 48 groups; 4.1 s; peak memory 420 MiB.
2026-10-09T10:02:54Z INFO [495/900] 82966fd1-ba41-4e07-8c33-dfd89c5a5851: 48 groups; 3.7 s; peak memory 420 MiB.
2026-10-09T10:05:37Z INFO [496/900] 8296ba34-dcc3-4134-a9b0-633f5399739f: 71 groups; 163.3 s; peak memory 420 MiB.
2026-10-09T10:05:38Z INFO [497/900] 8296d8ad-73b9-442b-a5e1-e700293a7739: 28 groups; 1.3 s; peak memory 420 MiB.
2026-10-09T10:12:57Z INFO [498/900] 8296dbc2-90b0-4b7c-8443-8525bcf419ed: 42 groups; 438.7 s; peak memory 1333 MiB.
2026-10-09T10:13:01Z INFO [499/900] 82983627-8f62-4ea7-a612-2f8b2f27cfdf: 64 groups; 3.5 s; peak memory 1333 MiB.
2026-10-09T10:13:02Z INFO [500/900] 829a9200-51ce-4175-9bc2-8bf8de5b6415: 22 groups; 1.6 s; peak memory 1333 MiB.
2026-10-09T10:13:02Z INFO [500/900] 829a9200-51ce-4175-9bc2-8bf8de5b6415: checkpointed 109836 new records.
2026-10-09T10:13:04Z INFO [501/900] 829ad594-2b81-4b40-8fee-5ee800809511: 22 groups; 1.5 s; peak memory 1333 MiB.
2026-10-09T10:13:06Z INFO [502/900] 829b0540-4d4b-4ba9-8be6-0b6be79be2e4: 22 groups; 1.6 s; peak memory 1333 MiB.
2026-10-09T10:13:07Z INFO [503/900] 829b13e6-0316-4b06-9c7d-17ff3862824d: 28 groups; 1.2 s; peak memory 1333 MiB.
2026-10-09T10:13:08Z INFO [504/900] 829b8601-25c5-45b0-a12e-43646cffb612: 29 groups; 1.5 s; peak memory 1333 MiB.
2026-10-09T10:13:12Z INFO [505/900] 829cc83a-4603-4e3d-936f-484bcf06cbcb: 43 groups; 3.4 s; peak memory 1333 MiB.
2026-10-09T10:13:13Z INFO [506/900] 829ce817-6519-4690-9ee1-9d4499c7d10c: 193 groups; 1.8 s; peak memory 1333 MiB.
2026-10-09T10:13:15Z INFO [507/900] 829d64ce-a9ab-4524-98b3-125a23b72652: 25 groups; 1.6 s; peak memory 1333 MiB.
2026-10-09T10:13:30Z INFO [508/900] 829e7591-cb2c-4360-a07f-10a2461528a3: 239 groups; 15.1 s; peak memory 1333 MiB.
2026-10-09T10:13:32Z INFO [509/900] 829eea01-edc9-4f4e-acee-efaca600a2cc: 35 groups; 2.2 s; peak memory 1333 MiB.
2026-10-09T10:13:39Z INFO [510/900] 829f2470-0d82-4198-8659-d822965d031d: 73 groups; 6.6 s; peak memory 1333 MiB.
2026-10-09T10:13:40Z INFO [511/900] 829f3e71-8eec-4fb3-a0a6-123e42ff3aef: 22 groups; 1.5 s; peak memory 1333 MiB.
2026-10-09T10:13:43Z INFO [512/900] 829f4273-54d5-40e5-8691-39e771755b26: 207 groups; 2.2 s; peak memory 1333 MiB.
2026-10-09T10:13:45Z INFO [513/900] 829f9cef-2425-43cb-a7e0-40160a6a9d29: 199 groups; 2.6 s; peak memory 1333 MiB.
2026-10-09T10:13:47Z INFO [514/900] 829faa00-fcf3-408a-9ea4-bec67a790199: 32 groups; 2.1 s; peak memory 1333 MiB.
2026-10-09T10:13:51Z INFO [515/900] 82a029b7-8b07-4e66-8c7f-a840d218bfef: 17 groups; 3.3 s; peak memory 1333 MiB.
2026-10-09T10:13:56Z INFO [516/900] 82a138f9-f462-4791-ba0a-afefcd25cbca: 54 groups; 5.0 s; peak memory 1333 MiB.
2026-10-09T10:14:12Z INFO [517/900] 82a262a0-4465-4059-9b4f-5ed136fa2726: 233 groups; 16.6 s; peak memory 1333 MiB.
2026-10-09T10:14:14Z INFO [518/900] 82a347ce-0a3b-4ec7-8181-4d49a1110549: 254 groups; 1.7 s; peak memory 1333 MiB.
2026-10-09T10:14:15Z INFO [519/900] 82a393bb-e745-4299-8fe3-e990cf015dce: 31 groups; 1.2 s; peak memory 1333 MiB.
2026-10-09T10:14:17Z INFO [520/900] 82a40ae0-81c1-4ad8-863d-6ef3d4e3f57a: 25 groups; 1.8 s; peak memory 1333 MiB.
2026-10-09T10:14:18Z INFO [521/900] 82a45ede-2078-4143-ac38-9e110c09336b: 22 groups; 1.3 s; peak memory 1333 MiB.
2026-10-09T10:14:20Z INFO [522/900] 82a4c6f1-8a67-4ae0-a3ca-3a7b5511527a: 41 groups; 2.1 s; peak memory 1333 MiB.
2026-10-09T10:14:34Z INFO [523/900] 82a5dd4d-44d6-4cc2-b473-d16c9583c9d2: 200 groups; 13.5 s; peak memory 1333 MiB.
2026-10-09T10:14:36Z INFO [524/900] 82a7b3ff-fcd5-4c38-af48-413efa35e7a0: 35 groups; 2.0 s; peak memory 1333 MiB.
2026-10-09T10:14:38Z INFO [525/900] 82a7ffd8-cb8d-4dcb-884f-5838b27f8da6: 67 groups; 1.7 s; peak memory 1333 MiB.
2026-10-09T10:15:00Z INFO [526/900] 82a8e51c-09e5-4f90-9b27-86bbfb749aeb: 157 groups; 22.7 s; peak memory 1333 MiB.
2026-10-09T10:15:08Z INFO [527/900] 82a903cc-9b70-43bf-bfc4-5f6ede8ba479: 66 groups; 8.0 s; peak memory 1333 MiB.
2026-10-09T10:15:15Z INFO [528/900] 82aa3a7c-1686-4e70-b16d-3df019020884: 75 groups; 7.0 s; peak memory 1333 MiB.
2026-10-09T10:15:17Z INFO [529/900] 82aaaeea-9de5-43ae-9fb9-d7bee854aeb4: 32 groups; 1.8 s; peak memory 1333 MiB.
2026-10-09T10:15:19Z INFO [530/900] 82acbd40-2bbd-4120-bbef-1869fb1e76a2: 22 groups; 1.4 s; peak memory 1333 MiB.
2026-10-09T10:15:20Z INFO [531/900] 82acbe33-58c9-4f5f-a893-9b7c2e8624fd: 22 groups; 1.4 s; peak memory 1333 MiB.
2026-10-09T10:15:22Z INFO [532/900] 82acd3d9-46b3-4282-9176-dd55a15ccf78: 28 groups; 1.6 s; peak memory 1333 MiB.
2026-10-09T10:15:23Z INFO [533/900] 82ae3e5e-984a-4037-b086-a77b62a5d2f1: 32 groups; 1.8 s; peak memory 1333 MiB.
2026-10-09T10:15:25Z INFO [534/900] 82aeeaf7-261c-482e-b2c1-28675f2dfbd1: 36 groups; 2.0 s; peak memory 1333 MiB.
2026-10-09T10:15:37Z INFO [535/900] 82afdbb9-3252-43d8-bc6a-ee8b5549eb70: 54 groups; 12.1 s; peak memory 1333 MiB.
2026-10-09T10:16:15Z INFO [536/900] 82afe0f3-dd7a-43f8-9163-0a360907a4fd: 31 groups; 37.6 s; peak memory 1333 MiB.
2026-10-09T10:16:17Z INFO [537/900] 82b15016-7cbf-480b-aeb9-70ab87ab862a: 30 groups; 1.8 s; peak memory 1333 MiB.
2026-10-09T10:16:18Z INFO [538/900] 82b1c1ea-7432-4b51-91cc-46f44175ea5c: 24 groups; 1.7 s; peak memory 1333 MiB.
2026-10-09T10:16:20Z INFO [539/900] 82b23474-8839-4c0d-8c54-e23eba9a1ede: 32 groups; 1.7 s; peak memory 1333 MiB.
2026-10-09T10:16:22Z INFO [540/900] 82b48852-1cbd-42e4-baf9-4d0d3929da34: 22 groups; 1.6 s; peak memory 1333 MiB.
2026-10-09T10:16:36Z INFO [541/900] 82b529b9-df58-4adb-8fc0-a9c7e3245892: 158 groups; 14.7 s; peak memory 1333 MiB.
2026-10-09T10:16:38Z INFO [542/900] 82b54384-4b0b-49de-85a6-71b6b45c1108: 22 groups; 1.5 s; peak memory 1333 MiB.
2026-10-09T10:16:42Z INFO [543/900] 82b54866-3b22-4356-8d19-b03a19e4ec4d: 67 groups; 4.4 s; peak memory 1333 MiB.
2026-10-09T10:17:01Z INFO [544/900] 82b5ccb7-402d-49fa-80d0-cae99e2f5e7f: 157 groups; 18.2 s; peak memory 1333 MiB.
2026-10-09T10:17:02Z INFO [545/900] 82b724b9-4378-48e6-87f5-bcd5851eb134: 193 groups; 1.7 s; peak memory 1333 MiB.
2026-10-09T10:17:05Z INFO [546/900] 82b790f8-93b8-4299-be14-82169eeb8fd3: 202 groups; 2.2 s; peak memory 1333 MiB.
2026-10-09T10:17:06Z INFO [547/900] 82b8f975-2167-4e02-a223-6dde3231a925: 22 groups; 1.5 s; peak memory 1333 MiB.
2026-10-09T10:17:08Z INFO [548/900] 82ba1da4-6b4b-46c3-90f1-febc6e25a723: 25 groups; 1.7 s; peak memory 1333 MiB.
2026-10-09T10:17:12Z INFO [549/900] 82ba6a0e-ff09-4018-a8d5-beadacc17cbc: 50 groups; 4.1 s; peak memory 1333 MiB.
2026-10-09T10:17:13Z INFO [550/900] 82ba77ac-92fa-4a63-904b-7c6750fd00e8: 22 groups; 1.3 s; peak memory 1333 MiB.
2026-10-09T10:17:13Z INFO [550/900] 82ba77ac-92fa-4a63-904b-7c6750fd00e8: checkpointed 109886 new records.
2026-10-09T10:17:15Z INFO [551/900] 82ba9834-580e-4c05-a2db-6e3de64c8aa2: 32 groups; 1.8 s; peak memory 1333 MiB.
2026-10-09T10:17:17Z INFO [552/900] 82bb7937-810c-402b-b775-89951312ada1: 25 groups; 1.5 s; peak memory 1333 MiB.
2026-10-09T10:17:19Z INFO [553/900] 82bb8260-5f45-45d4-8407-2f27aac20493: 48 groups; 2.7 s; peak memory 1333 MiB.
2026-10-09T10:17:22Z INFO [554/900] 82bbf59d-acde-4629-909d-38742267b91d: 50 groups; 3.2 s; peak memory 1333 MiB.
2026-10-09T10:17:24Z INFO [555/900] 82bd3a13-62a8-421d-89a6-22df330495e4: 22 groups; 1.4 s; peak memory 1333 MiB.
2026-10-09T10:17:25Z INFO [556/900] 82bd3c7f-41af-4e96-adae-16e08cd41764: 22 groups; 1.5 s; peak memory 1333 MiB.
2026-10-09T10:17:28Z INFO [557/900] 82bda2c9-5ec2-40b8-b7d6-1d6945d5565f: 36 groups; 2.8 s; peak memory 1333 MiB.
2026-10-09T10:17:42Z INFO [558/900] 82be1cb5-bb78-49f9-87ac-16eeaa386397: 143 groups; 13.6 s; peak memory 1333 MiB.
2026-10-09T10:17:43Z INFO [559/900] 82c08e1f-28ee-4353-a8bf-009226a59ddf: 18 groups; 1.1 s; peak memory 1333 MiB.
2026-10-09T10:17:51Z INFO [560/900] 82c1378a-cc85-4c6b-b0db-53358d91499d: 121 groups; 8.0 s; peak memory 1333 MiB.
2026-10-09T10:17:52Z INFO [561/900] 82c15b91-9b56-499f-8192-dab94c008a87: 29 groups; 1.4 s; peak memory 1333 MiB.
2026-10-09T10:17:54Z INFO [562/900] 82c1e3ad-bef4-40a9-8778-aa9478188a22: 35 groups; 2.0 s; peak memory 1333 MiB.
2026-10-09T10:18:23Z INFO [563/900] 82c26648-07ea-4e9d-adb4-4e143b47d375: 702 groups; 29.1 s; peak memory 1333 MiB.
2026-10-09T10:18:25Z INFO [564/900] 82c26b4e-622b-4134-9fc9-64507a1bea2e: 22 groups; 1.4 s; peak memory 1333 MiB.
2026-10-09T10:18:27Z INFO [565/900] 82c2c99d-b405-43da-9285-4b085e4ee5fe: 32 groups; 2.0 s; peak memory 1333 MiB.
2026-10-09T10:18:28Z INFO [566/900] 82c3c669-ce65-4c5c-b13b-3e87af6d90d5: 22 groups; 1.5 s; peak memory 1333 MiB.
2026-10-09T10:18:31Z INFO [567/900] 82c3ead2-ef5f-45f6-8059-12809ce63e84: 35 groups; 3.0 s; peak memory 1333 MiB.
2026-10-09T10:18:33Z INFO [568/900] 82c479e6-eb9d-48db-9c1a-6b34f5225eb3: 32 groups; 1.6 s; peak memory 1333 MiB.
2026-10-09T10:18:35Z INFO [569/900] 82c4a829-fccd-4eec-88a4-1120dadb17cb: 32 groups; 1.7 s; peak memory 1333 MiB.
2026-10-09T10:18:37Z INFO [570/900] 82c4b5d4-1ea2-48ee-80da-d7f08b77c50a: 194 groups; 2.0 s; peak memory 1333 MiB.
2026-10-09T10:18:38Z INFO [571/900] 82c4e393-93c3-40ff-9c55-18b78f257aa0: 22 groups; 1.4 s; peak memory 1333 MiB.
2026-10-09T10:18:40Z INFO [572/900] 82c557a8-5432-432e-b34d-b612b1454ef2: 22 groups; 1.3 s; peak memory 1333 MiB.
2026-10-09T10:18:41Z INFO [573/900] 82c60592-7508-4e23-85d3-5d1011f303e8: 22 groups; 1.5 s; peak memory 1333 MiB.
2026-10-09T10:18:43Z INFO [574/900] 82c673d4-77a5-42f9-829f-00db40fee6da: 32 groups; 1.7 s; peak memory 1333 MiB.
2026-10-09T10:18:44Z INFO [575/900] 82c70647-ad88-4126-a470-ea11d5d1ece5: 22 groups; 1.5 s; peak memory 1333 MiB.
2026-10-09T10:18:46Z INFO [576/900] 82c7f1df-e1e5-458b-97de-8caab73bd35e: 32 groups; 1.9 s; peak memory 1333 MiB.
2026-10-09T10:18:48Z INFO [577/900] 82c95928-e3f7-4cc7-a80a-5f9a8cdf32b9: 25 groups; 1.7 s; peak memory 1333 MiB.
2026-10-09T10:18:49Z INFO [578/900] 82c9a98a-f2b8-462a-a213-e494cdb773ff: 35 groups; 1.4 s; peak memory 1333 MiB.
2026-10-09T10:18:51Z INFO [579/900] 82ca231a-a6b9-47c8-9354-28872a862a5f: 22 groups; 1.5 s; peak memory 1333 MiB.
2026-10-09T10:18:52Z INFO [580/900] 82ca8d0d-36a8-42b1-ad25-a55393a55f86: 22 groups; 1.4 s; peak memory 1333 MiB.
2026-10-09T10:18:54Z INFO [581/900] 82cbe3e4-73ff-4101-af3e-c1d44adefa0f: 35 groups; 2.0 s; peak memory 1333 MiB.
2026-10-09T10:18:58Z INFO [582/900] 82cc7b04-c775-4adf-bfe6-dee9e942ef36: 17 groups; 3.3 s; peak memory 1333 MiB.
2026-10-09T10:19:12Z INFO [583/900] 82cd45d5-001a-4c0d-9ef9-f771c48b80d1: 202 groups; 14.0 s; peak memory 1333 MiB.
2026-10-09T10:19:16Z INFO [584/900] 82ce1321-a6c1-41a1-8300-8cf368e318d8: 49 groups; 4.2 s; peak memory 1333 MiB.
2026-10-09T10:19:17Z INFO [585/900] 82ce1e4c-f8be-4621-a916-90be97cb8156: 28 groups; 1.4 s; peak memory 1333 MiB.
2026-10-09T10:19:19Z INFO [586/900] 82cfc5cd-9bd5-4a5d-b6c0-6cb08067ba0d: 22 groups; 1.5 s; peak memory 1333 MiB.
2026-10-09T10:19:21Z INFO [587/900] 82d01947-53e4-4d08-9a98-adadf2c8ebd2: 35 groups; 2.3 s; peak memory 1333 MiB.
2026-10-09T10:19:22Z INFO [588/900] 82d0da21-7864-45c9-aa9a-bfd0731774c0: 17 groups; 1.3 s; peak memory 1333 MiB.
2026-10-09T10:19:26Z INFO [589/900] 82d12b86-27e6-4775-a353-3c4b13a17917: 47 groups; 3.7 s; peak memory 1333 MiB.
2026-10-09T10:19:27Z INFO [590/900] 82d1a4c9-bea2-42fe-bc29-f75ad5090ffc: 22 groups; 1.5 s; peak memory 1333 MiB.
2026-10-09T10:19:29Z INFO [591/900] 82d1c39e-526a-4363-94ea-ed92b383bbc1: 32 groups; 1.8 s; peak memory 1333 MiB.
2026-10-09T10:19:32Z INFO [592/900] 82d2921e-f23f-4420-b1ed-4efb719cc5d3: 49 groups; 2.5 s; peak memory 1333 MiB.
2026-10-09T10:19:40Z INFO [593/900] 82d2d902-900b-4459-b36b-6ae5c088c0e4: 141 groups; 8.7 s; peak memory 1333 MiB.
2026-10-09T10:19:42Z INFO [594/900] 82d3097a-ac9a-4a7a-b95f-002ed0a39b5a: 22 groups; 1.4 s; peak memory 1333 MiB.
2026-10-09T10:19:44Z INFO [595/900] 82d38aa6-cacd-4699-863b-23c5f0b7433b: 195 groups; 2.1 s; peak memory 1333 MiB.
2026-10-09T10:19:49Z INFO [596/900] 82d3b8d5-b17e-4682-aeee-4dfb46b9ceee: 60 groups; 5.4 s; peak memory 1333 MiB.
2026-10-09T10:19:51Z INFO [597/900] 82d42366-54b0-482b-bde8-a9274bdab1f6: 22 groups; 1.6 s; peak memory 1333 MiB.
2026-10-09T10:19:53Z INFO [598/900] 82d4dbb8-d25c-4284-92cb-1db3559c2219: 21 groups; 1.7 s; peak memory 1333 MiB.
2026-10-09T10:20:01Z INFO [599/900] 82d4ea9c-b3e7-4dba-88b6-10d8f865c08b: 47 groups; 8.8 s; peak memory 1333 MiB.
2026-10-09T10:20:03Z INFO [600/900] 82d6d70b-5e74-4567-877c-3c66199d0b5b: 22 groups; 1.4 s; peak memory 1333 MiB.
2026-10-09T10:20:03Z INFO [600/900] 82d6d70b-5e74-4567-877c-3c66199d0b5b: checkpointed 109936 new records.
2026-10-09T10:20:06Z INFO [601/900] 82d7d107-bf64-44dd-844f-a7ae6e10c4e3: 341 groups; 2.7 s; peak memory 1333 MiB.
2026-10-09T10:20:07Z INFO [602/900] 82d7d2fe-9a4d-4a1c-89a6-32e6a900a973: 22 groups; 1.5 s; peak memory 1333 MiB.
2026-10-09T10:20:08Z INFO [603/900] 82d7fbba-caf9-4bdc-91f4-249662b8a8b0: 26 groups; 1.1 s; peak memory 1333 MiB.
2026-10-09T10:20:10Z INFO [604/900] 82d837cf-3d57-4a3c-aae5-5c4e5f05d9fd: 31 groups; 1.4 s; peak memory 1333 MiB.
2026-10-09T10:20:12Z INFO [605/900] 82d8fa42-656c-4075-b7c6-735e8b18c766: 35 groups; 2.3 s; peak memory 1333 MiB.
2026-10-09T10:20:25Z INFO [606/900] 82da205d-b5bb-4d22-9a30-d67f45f0b021: 199 groups; 12.9 s; peak memory 1333 MiB.
2026-10-09T10:20:26Z INFO [607/900] 82da428a-e352-4ea2-8b13-33b361c68abb: 22 groups; 1.4 s; peak memory 1333 MiB.
2026-10-09T10:20:28Z INFO [608/900] 82daef38-c708-4b65-b0e6-dd9973907037: 22 groups; 1.4 s; peak memory 1333 MiB.
2026-10-09T10:20:45Z INFO [609/900] 82dafebe-c14a-4678-b48f-51f7889dfc73: 307 groups; 17.6 s; peak memory 1333 MiB.
2026-10-09T10:20:46Z INFO [610/900] 82dc8b77-8d8f-45a3-ac94-46a9bdd55870: 22 groups; 1.2 s; peak memory 1333 MiB.
2026-10-09T10:20:50Z INFO [611/900] 82dd68f8-acf5-49e7-b678-cc25a56de17c: 48 groups; 3.8 s; peak memory 1333 MiB.
2026-10-09T10:20:57Z INFO [612/900] 82dd9308-3623-4101-8337-f0df51802728: 57 groups; 7.3 s; peak memory 1333 MiB.
2026-10-09T10:20:59Z INFO [613/900] 82dd967e-9d0d-4166-adb9-a667bc8849b7: 25 groups; 1.8 s; peak memory 1333 MiB.
2026-10-09T10:21:01Z INFO [614/900] 82ddcafe-fd94-4e2d-87a2-83a420f28fe5: 254 groups; 1.9 s; peak memory 1333 MiB.
2026-10-09T10:21:13Z INFO [615/900] 82de40ee-e990-4f8f-b51f-e824ceea1de8: 243 groups; 11.8 s; peak memory 1333 MiB.
2026-10-09T10:21:15Z INFO [616/900] 82de7ea3-8aaa-453d-b803-8d7dc41ec8c0: 35 groups; 2.3 s; peak memory 1333 MiB.
2026-10-09T10:21:17Z INFO [617/900] 82dee18c-0fe5-48ed-aa5d-42cbc315e13f: 22 groups; 1.4 s; peak memory 1333 MiB.
2026-10-09T10:21:35Z INFO [618/900] 82df8a5e-c0fa-47a5-bdb1-581bdb987111: 323 groups; 17.9 s; peak memory 1333 MiB.
2026-10-09T10:21:37Z INFO [619/900] 82e0adc4-edf1-4ec0-9ab3-b80ffedbb98b: 48 groups; 2.7 s; peak memory 1333 MiB.
2026-10-09T10:21:39Z INFO [620/900] 82e11a91-3410-40f9-a4c7-623b9cbe1444: 22 groups; 1.5 s; peak memory 1333 MiB.
2026-10-09T10:21:40Z INFO [621/900] 82e201c6-4433-4eeb-aaad-390574320841: 22 groups; 1.5 s; peak memory 1333 MiB.
2026-10-09T10:21:42Z INFO [622/900] 82e24ca2-4b01-4084-99ab-5ebdf1af785b: 16 groups; 1.4 s; peak memory 1333 MiB.
2026-10-09T10:21:44Z INFO [623/900] 82e2859a-b949-4d33-8b11-039ee1cb2e62: 29 groups; 2.3 s; peak memory 1333 MiB.
2026-10-09T10:21:45Z INFO [624/900] 82e2fa3f-2b09-4380-b16e-e0c2c4557d45: 22 groups; 1.5 s; peak memory 1333 MiB.
2026-10-09T10:21:53Z INFO [625/900] 82e4c01e-c83a-497a-9752-d915052ca9a8: 71 groups; 7.8 s; peak memory 1333 MiB.
2026-10-09T10:21:55Z INFO [626/900] 82e5b724-b33c-44e1-a155-500295a0db39: 27 groups; 1.3 s; peak memory 1333 MiB.
2026-10-09T10:21:56Z INFO [627/900] 82e6eb3d-4d5d-4854-9496-befa5952c590: 30 groups; 1.6 s; peak memory 1333 MiB.
2026-10-09T10:21:58Z INFO [628/900] 82e806ba-03c9-4740-8708-a5d29ea414cb: 35 groups; 2.3 s; peak memory 1333 MiB.
2026-10-09T10:22:00Z INFO [629/900] 82e81c69-ddfd-4629-b7b6-aa1c5038bee7: 49 groups; 2.0 s; peak memory 1333 MiB.
2026-10-09T10:22:07Z INFO [630/900] 82e8ea6d-7b65-4129-a7df-d87edfe51524: 152 groups; 7.0 s; peak memory 1333 MiB.
2026-10-09T10:22:13Z INFO [631/900] 82eb81c8-9c0a-4c5d-a1b2-6cc64ecc4646: 118 groups; 5.6 s; peak memory 1333 MiB.
2026-10-09T10:22:14Z INFO [632/900] 82ec3e68-2569-4317-85e1-91c2670614a1: 30 groups; 1.3 s; peak memory 1333 MiB.
2026-10-09T10:22:16Z INFO [633/900] 82ed0192-23df-478a-8ac7-f651f987af65: 36 groups; 2.2 s; peak memory 1333 MiB.
2026-10-09T10:22:21Z INFO [634/900] 82edc7af-0bee-4c0b-9306-6c6d282633f3: 50 groups; 4.1 s; peak memory 1333 MiB.
2026-10-09T10:22:22Z INFO [635/900] 82edd177-478a-460a-a98a-8a561f77e89f: 22 groups; 1.5 s; peak memory 1333 MiB.
2026-10-09T10:22:24Z INFO [636/900] 82edde3c-4c91-45fb-9037-4deab1525d90: 22 groups; 1.5 s; peak memory 1333 MiB.
2026-10-09T10:22:26Z INFO [637/900] 82ee0dce-c14c-47d3-aaf6-f688b6230c5e: 35 groups; 2.0 s; peak memory 1333 MiB.
2026-10-09T10:22:28Z INFO [638/900] 82ee9862-fb96-4442-99dd-38a5ec76e155: 202 groups; 2.1 s; peak memory 1333 MiB.
2026-10-09T10:22:30Z INFO [639/900] 82ef2a4c-2180-4ceb-8028-aebb73823f5d: 194 groups; 2.2 s; peak memory 1333 MiB.
2026-10-09T10:22:32Z INFO [640/900] 82f05cf8-d70c-4f08-b597-f78f18a0e4ef: 32 groups; 1.8 s; peak memory 1333 MiB.
2026-10-09T10:22:34Z INFO [641/900] 82f09856-c6d5-4a87-8a74-39a4d9e162fe: 32 groups; 2.0 s; peak memory 1333 MiB.
2026-10-09T10:23:11Z INFO [642/900] 82f1a3de-522b-4101-824c-da4c227aebb8: 1718 groups; 37.3 s; peak memory 1333 MiB.
2026-10-09T10:23:13Z INFO [643/900] 82f29f90-3374-4c10-917e-715f6f313f2a: 32 groups; 1.6 s; peak memory 1333 MiB.
2026-10-09T10:23:14Z INFO [644/900] 82f2a83a-3cca-4df0-b021-0ee2c2332ff6: 22 groups; 1.4 s; peak memory 1333 MiB.
2026-10-09T10:23:16Z INFO [645/900] 82f2ce2f-2df7-47eb-aac1-e2b78140bc2a: 33 groups; 2.0 s; peak memory 1333 MiB.
2026-10-09T10:23:28Z INFO [646/900] 82f30105-93e8-49a7-8939-3287ad1030d4: 191 groups; 11.9 s; peak memory 1333 MiB.
2026-10-09T10:23:53Z INFO [647/900] 82f30333-ad3b-4dcd-bbed-fc1b7e30c89d: 146 groups; 25.4 s; peak memory 1333 MiB.
2026-10-09T10:23:56Z INFO [648/900] 82f3dddf-c6ff-4c74-b54b-ec2a6be3d717: 43 groups; 2.5 s; peak memory 1333 MiB.
2026-10-09T10:23:58Z INFO [649/900] 82f3e45b-7cc7-420b-94ed-904cbbd23503: 32 groups; 1.7 s; peak memory 1333 MiB.
2026-10-09T10:24:10Z INFO [650/900] 82f406ea-749e-4ff9-b768-d716ef327256: 123 groups; 12.0 s; peak memory 1333 MiB.
2026-10-09T10:24:10Z INFO [650/900] 82f406ea-749e-4ff9-b768-d716ef327256: checkpointed 109986 new records.
2026-10-09T10:24:11Z INFO [651/900] 82f47313-6d09-4885-8d0b-6de15aba2abe: 22 groups; 1.4 s; peak memory 1333 MiB.
2026-10-09T10:24:13Z INFO [652/900] 82f4c2b3-02ee-4127-af94-34498cd04021: 30 groups; 1.5 s; peak memory 1333 MiB.
2026-10-09T10:24:14Z INFO [653/900] 82f58e9f-0b65-470a-b9be-cc05bca09d79: 18 groups; 1.1 s; peak memory 1333 MiB.
2026-10-09T10:24:43Z INFO [654/900] 82f648e1-f906-46b3-b738-531b3dbe20aa: 23 groups; 29.4 s; peak memory 1333 MiB.
2026-10-09T10:24:45Z INFO [655/900] 82f70959-cb3f-44ec-8543-4d933c9c0eb4: 22 groups; 1.5 s; peak memory 1333 MiB.
2026-10-09T10:24:47Z INFO [656/900] 82f75279-a4ca-4362-8682-baa11d14c765: 200 groups; 2.4 s; peak memory 1333 MiB.
2026-10-09T10:24:51Z INFO [657/900] 82f7d693-a739-4d46-beee-3eaf7ddaea7f: 47 groups; 4.0 s; peak memory 1333 MiB.
2026-10-09T10:24:52Z INFO [658/900] 82f7ec61-3d53-43fe-b4b0-c967335c939e: 22 groups; 1.4 s; peak memory 1333 MiB.
2026-10-09T10:25:06Z INFO [659/900] 82f89e87-b3eb-43a1-b453-789ecd396c14: 76 groups; 13.3 s; peak memory 1333 MiB.
2026-10-09T10:25:07Z INFO [660/900] 82f8ad9e-f193-4df0-83ff-472478211517: 33 groups; 1.6 s; peak memory 1333 MiB.
2026-10-09T10:25:11Z INFO [661/900] 82f8f2fc-11dd-49ac-a020-cddb17361db7: 58 groups; 3.3 s; peak memory 1333 MiB.
2026-10-09T10:25:12Z INFO [662/900] 82f90b15-0407-4c37-b112-25d6fec8e08a: 22 groups; 1.5 s; peak memory 1333 MiB.
2026-10-09T10:25:17Z INFO [663/900] 82f9205a-3909-49b2-a96e-f9c256b27e9c: 56 groups; 4.8 s; peak memory 1333 MiB.
2026-10-09T10:28:51Z INFO [664/900] 82f9663b-a48a-422b-bb5f-ade575e824b7: 33 groups; 214.1 s; peak memory 1333 MiB.
2026-10-09T10:28:53Z INFO [665/900] 82f9dced-088f-4961-8ee3-356d814160a0: 195 groups; 2.2 s; peak memory 1333 MiB.
2026-10-09T10:28:57Z INFO [666/900] 82faae20-f32f-4d14-bc7d-aa4a11856f63: 48 groups; 3.6 s; peak memory 1333 MiB.
2026-10-09T10:29:44Z INFO [667/900] 82fb6470-7402-4bcf-a1d0-7e8a6e0858cd: 4831 groups; 47.0 s; peak memory 1333 MiB.
2026-10-09T10:29:50Z INFO [668/900] 82fd0a4c-b388-4ca3-909e-e539792e5103: 949 groups; 6.4 s; peak memory 1333 MiB.
2026-10-09T10:29:52Z INFO [669/900] 82fd651b-bcf0-4b0e-8c71-5e2660966420: 36 groups; 2.3 s; peak memory 1333 MiB.
2026-10-09T10:30:03Z INFO [670/900] 82fdec40-68db-436f-b679-09a1f1038861: 22 groups; 10.6 s; peak memory 1333 MiB.
2026-10-09T10:30:04Z INFO [671/900] 82fdf896-4f56-4e62-9574-5b72ad4c2012: 22 groups; 1.5 s; peak memory 1333 MiB.
2026-10-09T10:30:06Z INFO [672/900] 82fff7ff-7ee8-4174-a91b-370c65554aca: 19 groups; 1.4 s; peak memory 1333 MiB.
2026-10-09T10:30:07Z INFO [673/900] 830087b4-611e-46f8-9e0c-24f289cf9751: 20 groups; 1.5 s; peak memory 1333 MiB.
2026-10-09T10:30:09Z INFO [674/900] 83013455-fa3f-4709-8fe9-0a0b48eb89c9: 22 groups; 1.5 s; peak memory 1333 MiB.
2026-10-09T10:30:21Z INFO [675/900] 83014e99-ce8e-4e65-9d64-56010d8e622c: 199 groups; 11.8 s; peak memory 1333 MiB.
2026-10-09T10:30:22Z INFO [676/900] 8301cca7-9813-43d4-9bae-107520e616b3: 32 groups; 1.7 s; peak memory 1333 MiB.
2026-10-09T10:33:09Z INFO [677/900] 830290d9-149d-4471-83ac-30a4a4a610e7: 72 groups; 166.2 s; peak memory 1333 MiB.
2026-10-09T10:33:10Z INFO [678/900] 8302b1ef-5ca6-47ca-b7c3-801456770b61: 22 groups; 1.7 s; peak memory 1333 MiB.
2026-10-09T10:33:12Z INFO [679/900] 8302c572-97f6-41e2-89c7-902f4fb9ed93: 35 groups; 2.2 s; peak memory 1333 MiB.
2026-10-09T10:33:14Z INFO [680/900] 830303e3-72d7-4750-b548-e09c9ecd4c5e: 31 groups; 1.4 s; peak memory 1333 MiB.
2026-10-09T10:33:16Z INFO [681/900] 8303c9dc-93bb-451f-b3c5-edc0f656c503: 34 groups; 1.9 s; peak memory 1333 MiB.
2026-10-09T10:33:17Z INFO [682/900] 83042293-6043-4ac0-8a06-f5454484d7ef: 22 groups; 1.6 s; peak memory 1333 MiB.
2026-10-09T10:34:23Z INFO [683/900] 8304b981-4255-4088-891f-12c693a61174: 153 groups; 65.2 s; peak memory 1333 MiB.
2026-10-09T10:34:24Z INFO [684/900] 83057b8f-7243-4295-adf5-5ccd300bba02: 22 groups; 1.5 s; peak memory 1333 MiB.
2026-10-09T10:34:26Z INFO [685/900] 83057c6c-c3a3-4eac-80cc-dbbb2909084b: 200 groups; 2.2 s; peak memory 1333 MiB.
2026-10-09T10:34:28Z INFO [686/900] 8305b8b1-c200-49b7-9612-932e9aebf1be: 32 groups; 1.6 s; peak memory 1333 MiB.
2026-10-09T10:34:29Z INFO [687/900] 83082fac-8e9b-48f2-b4fb-78a542eab0f6: 22 groups; 1.4 s; peak memory 1333 MiB.
2026-10-09T10:34:31Z INFO [688/900] 8308feb9-21de-400b-9fdd-88aa86b1ffdd: 25 groups; 1.6 s; peak memory 1333 MiB.
2026-10-09T10:34:33Z INFO [689/900] 830953b0-5e82-4200-9a9f-2d76142f94b0: 32 groups; 1.8 s; peak memory 1333 MiB.
2026-10-09T10:34:34Z INFO [690/900] 8309e2bd-46c4-4baf-ab1b-20db127acf41: 32 groups; 1.7 s; peak memory 1333 MiB.
2026-10-09T10:34:36Z INFO [691/900] 830a476d-2f12-4be8-bcdc-a9ae7185009d: 22 groups; 1.4 s; peak memory 1333 MiB.
2026-10-09T10:34:48Z INFO [692/900] 830afdd3-5e21-4ae2-b1af-78de592eb530: 205 groups; 12.0 s; peak memory 1333 MiB.
2026-10-09T10:34:52Z INFO [693/900] 830aff77-699e-478a-bdb6-de3ae542c842: 50 groups; 4.6 s; peak memory 1333 MiB.
2026-10-09T10:34:54Z INFO [694/900] 830bd656-c440-43f2-acdd-e88457a0d6c3: 16 groups; 1.3 s; peak memory 1333 MiB.
2026-10-09T10:34:56Z INFO [695/900] 830c6c01-e5e8-40b9-9442-2d6774006b31: 29 groups; 1.9 s; peak memory 1333 MiB.
2026-10-09T10:34:57Z INFO [696/900] 830d72cb-f267-4a25-943b-62d579351ca4: 32 groups; 1.8 s; peak memory 1333 MiB.
2026-10-09T10:34:59Z INFO [697/900] 830d9c3d-d424-4efa-965b-5c4b55f780f1: 22 groups; 1.4 s; peak memory 1333 MiB.
2026-10-09T10:40:17Z INFO [698/900] 830db29b-e939-4375-a7df-a31d06d6d9a4: 9498 groups; 318.2 s; peak memory 1333 MiB.
2026-10-09T10:40:19Z INFO [699/900] 830e3c5c-cce7-4299-a42a-8b6e5dce3ca7: 32 groups; 1.9 s; peak memory 1333 MiB.
2026-10-09T10:43:20Z INFO [700/900] 830ef7a3-8a95-449e-9715-8b1d28ae4e86: 77 groups; 181.0 s; peak memory 1333 MiB.
2026-10-09T10:43:20Z INFO [700/900] 830ef7a3-8a95-449e-9715-8b1d28ae4e86: checkpointed 110036 new records.
2026-10-09T10:43:23Z INFO [701/900] 830f295e-7733-411f-9475-996553fb4592: 36 groups; 2.7 s; peak memory 1333 MiB.
2026-10-09T10:43:25Z INFO [702/900] 830f48e7-da83-4c7f-b28a-0bb65e1df4b7: 32 groups; 1.7 s; peak memory 1333 MiB.
2026-10-09T10:43:29Z INFO [703/900] 83102fa4-842c-4c7b-b6cf-b84f42fbdabb: 47 groups; 4.0 s; peak memory 1333 MiB.
2026-10-09T10:43:31Z INFO [704/900] 831032eb-5a7d-4374-856a-4eef5c528016: 35 groups; 2.0 s; peak memory 1333 MiB.
2026-10-09T10:44:29Z INFO [705/900] 8310b8d7-79ba-4022-b540-db54d18eaa9a: 22 groups; 58.3 s; peak memory 1333 MiB.
2026-10-09T10:44:37Z INFO [706/900] 8310f16e-8488-48a8-af55-7f6fe02b6810: 85 groups; 8.6 s; peak memory 1333 MiB.
2026-10-09T10:44:39Z INFO [707/900] 8310f271-c618-428a-a7bb-5aedb9eee642: 26 groups; 1.5 s; peak memory 1333 MiB.
2026-10-09T10:44:41Z INFO [708/900] 8311f0b8-6315-4d31-85c0-d05d5c7d691b: 35 groups; 2.2 s; peak memory 1333 MiB.
2026-10-09T10:44:53Z INFO [709/900] 8313470d-e655-4497-ba7f-4ab03d6b7d41: 123 groups; 12.1 s; peak memory 1333 MiB.
2026-10-09T10:44:55Z INFO [710/900] 83145866-df65-48a2-a2c9-a66974b383f7: 32 groups; 1.7 s; peak memory 1333 MiB.
2026-10-09T10:44:57Z INFO [711/900] 83147cb2-8919-4035-b5f4-693e0eabe0ec: 27 groups; 1.7 s; peak memory 1333 MiB.
2026-10-09T10:44:58Z INFO [712/900] 8314c65c-39e0-4b73-b978-06284e35f744: 22 groups; 1.5 s; peak memory 1333 MiB.
2026-10-09T10:45:00Z INFO [713/900] 83155227-21d1-46d3-b4c9-3ba3ee311a5d: 256 groups; 1.8 s; peak memory 1333 MiB.
2026-10-09T10:45:01Z INFO [714/900] 83157aee-cfd8-418d-a729-0efc32626978: 29 groups; 1.2 s; peak memory 1333 MiB.
2026-10-09T10:45:02Z INFO [715/900] 83158b1c-ed28-4591-945d-d6c286e16ae6: 16 groups; 1.1 s; peak memory 1333 MiB.
2026-10-09T10:45:05Z INFO [716/900] 83161a66-319d-4da9-a3ad-4e8a1dd86360: 199 groups; 2.4 s; peak memory 1333 MiB.
2026-10-09T10:45:07Z INFO [717/900] 8316280a-b4c1-4b4d-8cf4-4240cfe7f981: 194 groups; 2.8 s; peak memory 1333 MiB.
2026-10-09T10:45:09Z INFO [718/900] 8316b795-d0ff-4672-8e39-dde35b0e65b0: 35 groups; 1.9 s; peak memory 1333 MiB.
2026-10-09T10:45:11Z INFO [719/900] 83173f80-ea58-4c48-9027-f5fa6a9b3a49: 22 groups; 1.5 s; peak memory 1333 MiB.
2026-10-09T10:45:14Z INFO [720/900] 8317ae5c-c4c5-4bfb-a133-7aa3ebdf95f6: 200 groups; 2.9 s; peak memory 1333 MiB.
2026-10-09T10:45:22Z INFO [721/900] 83182ddb-7e42-4075-b5a5-b630cf59b63c: 26 groups; 8.7 s; peak memory 1333 MiB.
2026-10-09T10:45:24Z INFO [722/900] 83187985-ade3-4b21-a875-807aedb2b973: 22 groups; 1.3 s; peak memory 1333 MiB.
2026-10-09T10:45:25Z INFO [723/900] 83199fdb-c786-443e-a305-fc90f3a29e5b: 32 groups; 1.7 s; peak memory 1333 MiB.
2026-10-09T10:45:27Z INFO [724/900] 8319ee6f-6210-4dd3-a81d-85ba275d5da6: 33 groups; 1.6 s; peak memory 1333 MiB.
2026-10-09T10:45:29Z INFO [725/900] 831a47a5-e43c-43d6-b047-b581f7f2a6e4: 35 groups; 2.0 s; peak memory 1333 MiB.
2026-10-09T10:50:25Z INFO [726/900] 831b66ef-42e2-40c1-ba3c-dcfa19ac4569: 81 groups; 296.1 s; peak memory 1333 MiB.
2026-10-09T10:50:32Z INFO [727/900] 831be9cb-ea35-4727-aa99-367d3f398131: 165 groups; 7.4 s; peak memory 1333 MiB.
2026-10-09T10:50:34Z INFO [728/900] 831c0bd3-7d75-4497-9d0e-32aee0ee2b33: 16 groups; 1.2 s; peak memory 1333 MiB.
2026-10-09T10:50:35Z INFO [729/900] 831c4345-b346-4640-9506-63a5ca63e73a: 22 groups; 1.6 s; peak memory 1333 MiB.
2026-10-09T10:50:37Z INFO [730/900] 831c5e4f-2be6-4ac0-b063-d5454021fdf1: 26 groups; 1.6 s; peak memory 1333 MiB.
2026-10-09T10:50:38Z INFO [731/900] 831cde6f-d87b-466d-b058-c1da21c92954: 22 groups; 1.4 s; peak memory 1333 MiB.
2026-10-09T10:50:40Z INFO [732/900] 831d8649-7256-411c-a50a-cf613ae395a3: 32 groups; 1.6 s; peak memory 1333 MiB.
2026-10-09T10:50:55Z INFO [733/900] 831efaa7-ad8b-4437-a53c-d8c72473bf61: 224 groups; 14.9 s; peak memory 1333 MiB.
2026-10-09T10:50:57Z INFO [734/900] 831f94a9-df85-40f4-acf1-27b6739e6a39: 34 groups; 1.8 s; peak memory 1333 MiB.
2026-10-09T10:50:59Z INFO [735/900] 83204c38-998c-4099-ad4e-5dc6f8325531: 36 groups; 2.3 s; peak memory 1333 MiB.
2026-10-09T10:51:01Z INFO [736/900] 83204f00-a48e-4ab8-8135-151f50cd7616: 27 groups; 2.5 s; peak memory 1333 MiB.
2026-10-09T10:51:03Z INFO [737/900] 8320503b-eff8-4705-86cd-d1fe25ea5a95: 22 groups; 1.4 s; peak memory 1333 MiB.
2026-10-09T10:51:04Z INFO [738/900] 8320b279-ec9c-42e4-af7a-d03ca07e0747: 22 groups; 1.5 s; peak memory 1333 MiB.
2026-10-09T10:51:07Z INFO [739/900] 83213b3d-11b8-4c8d-a4c4-feb5c42a0be1: 26 groups; 2.2 s; peak memory 1333 MiB.
2026-10-09T10:51:09Z INFO [740/900] 83219de1-514a-4eb0-978f-6248e5eb95ac: 20 groups; 2.0 s; peak memory 1333 MiB.
2026-10-09T10:51:10Z INFO [741/900] 8321c4f8-8f6d-4736-83eb-4c35bffe5b73: 18 groups; 1.2 s; peak memory 1333 MiB.
2026-10-09T10:51:11Z INFO [742/900] 83221fd7-f149-426c-b58f-f49362e616e3: 32 groups; 1.6 s; peak memory 1333 MiB.
2026-10-09T10:51:14Z INFO [743/900] 83227fe6-43b3-498b-829d-5fb968e47b61: 35 groups; 2.5 s; peak memory 1333 MiB.
2026-10-09T10:51:16Z INFO [744/900] 8323bf96-3724-4f96-a4f8-48090ee2d2f8: 32 groups; 1.7 s; peak memory 1333 MiB.
2026-10-09T10:51:19Z INFO [745/900] 8323ee23-4b9d-4d72-b776-932d04a471bf: 48 groups; 3.5 s; peak memory 1333 MiB.
2026-10-09T10:51:21Z INFO [746/900] 83249476-5759-4b15-9ca4-c009da79f0fb: 32 groups; 1.8 s; peak memory 1333 MiB.
2026-10-09T10:51:22Z INFO [747/900] 8324a6db-3f22-4474-a162-c592fcb30467: 22 groups; 1.4 s; peak memory 1333 MiB.
2026-10-09T10:51:25Z INFO [748/900] 8324a7a7-7c55-4f21-812f-3af002b67389: 67 groups; 3.1 s; peak memory 1333 MiB.
2026-10-09T10:51:27Z INFO [749/900] 8324ff58-ffe1-46bc-a8fc-56804aec6a96: 35 groups; 1.9 s; peak memory 1333 MiB.
2026-10-09T10:51:29Z INFO [750/900] 83253b9e-4b9b-4035-83d9-536f34896fcd: 103 groups; 1.8 s; peak memory 1333 MiB.
2026-10-09T10:51:29Z INFO [750/900] 83253b9e-4b9b-4035-83d9-536f34896fcd: checkpointed 110086 new records.
2026-10-09T10:51:31Z INFO [751/900] 8325454d-d151-4674-afa2-79eb7d058544: 28 groups; 1.5 s; peak memory 1333 MiB.
2026-10-09T10:51:33Z INFO [752/900] 83257739-90df-40e6-8189-2261e13c6543: 32 groups; 1.7 s; peak memory 1333 MiB.
2026-10-09T10:51:38Z INFO [753/900] 8325ce25-5c1c-4a90-a10a-276b951891a2: 17 groups; 5.6 s; peak memory 1333 MiB.
2026-10-09T10:51:40Z INFO [754/900] 8326d73c-64cc-40dd-bfea-19bfddde4448: 251 groups; 1.6 s; peak memory 1333 MiB.
2026-10-09T10:51:44Z INFO [755/900] 832724b9-4e38-4a24-8807-986b0ec6f397: 50 groups; 3.9 s; peak memory 1333 MiB.
2026-10-09T10:51:49Z INFO [756/900] 8327262e-3ea6-4877-9b43-9d7cc0c50476: 27 groups; 4.8 s; peak memory 1333 MiB.
2026-10-09T10:52:08Z INFO [757/900] 83297a12-2bc9-4d62-bcb9-6262ad2327bc: 27 groups; 19.6 s; peak memory 1333 MiB.
2026-10-09T10:52:21Z INFO [758/900] 832a0ed0-a35b-48c0-8f55-6dd779f68a91: 29 groups; 12.7 s; peak memory 1333 MiB.
2026-10-09T10:52:24Z INFO [759/900] 832b0a7f-b0b6-41bf-bfd9-bdee05a0864d: 35 groups; 2.6 s; peak memory 1333 MiB.
2026-10-09T10:52:26Z INFO [760/900] 832b53f7-55d0-445c-aef9-153e9e4d2061: 199 groups; 2.6 s; peak memory 1333 MiB.
2026-10-09T10:52:28Z INFO [761/900] 832bd50a-592b-4154-ac79-49f0277cecf4: 32 groups; 1.7 s; peak memory 1333 MiB.
2026-10-09T10:52:36Z INFO [762/900] 832bf32f-bb28-4695-b3cc-eb0bad48da22: 78 groups; 8.2 s; peak memory 1333 MiB.
2026-10-09T10:52:38Z INFO [763/900] 832cb780-110d-450e-aea9-226d813abefb: 32 groups; 1.9 s; peak memory 1333 MiB.
2026-10-09T10:55:11Z INFO [764/900] 832dcc87-daf4-4ce3-bb6c-7b485d3e398d: 80 groups; 153.2 s; peak memory 1333 MiB.
2026-10-09T10:55:13Z INFO [765/900] 832e183c-e4a0-4f03-813a-adc392b21595: 22 groups; 1.5 s; peak memory 1333 MiB.
2026-10-09T10:55:14Z INFO [766/900] 832eed57-3322-492b-8093-52b586d96d4f: 32 groups; 1.4 s; peak memory 1333 MiB.
2026-10-09T10:55:16Z INFO [767/900] 832f4c7d-74c3-449e-be1e-91df29fb5b4f: 28 groups; 1.6 s; peak memory 1333 MiB.
2026-10-09T10:55:24Z INFO [768/900] 832f5ff1-8420-419b-8543-7f8e2b7c0ca6: 155 groups; 8.6 s; peak memory 1333 MiB.
2026-10-09T10:55:26Z INFO [769/900] 832f9312-a390-443c-8477-dea4ce53e7bf: 34 groups; 1.9 s; peak memory 1333 MiB.
2026-10-09T10:55:27Z INFO [770/900] 83300de0-3661-45fd-b0e0-89c016dc56f2: 28 groups; 1.3 s; peak memory 1333 MiB.
2026-10-09T11:00:17Z INFO [771/900] 8331099a-0397-4002-af4f-34e682e18dce: 75 groups; 289.6 s; peak memory 1333 MiB.
2026-10-09T11:00:26Z INFO [772/900] 83310b71-6447-460c-a86e-d2f559351629: 71 groups; 9.1 s; peak memory 1333 MiB.
2026-10-09T11:00:58Z INFO [773/900] 8331686c-da5e-401b-8e60-8f46d3b0c9db: 654 groups; 32.2 s; peak memory 1333 MiB.
2026-10-09T11:01:00Z INFO [774/900] 8331c029-6713-41b2-9651-c389f76dcc7b: 22 groups; 1.4 s; peak memory 1333 MiB.
2026-10-09T11:01:03Z INFO [775/900] 83323a6f-7725-4ac5-a94c-7e1ecbdb53aa: 341 groups; 3.3 s; peak memory 1333 MiB.
2026-10-09T11:01:05Z INFO [776/900] 8332aade-8958-43e4-9b9c-51a16955b081: 22 groups; 1.4 s; peak memory 1333 MiB.
2026-10-09T11:01:11Z INFO [777/900] 8332cc79-f1d4-44e6-9850-302a699bd8a8: 78 groups; 6.8 s; peak memory 1333 MiB.
2026-10-09T11:01:16Z INFO [778/900] 8332db73-3101-418a-a160-e8fe068ffc1c: 50 groups; 4.2 s; peak memory 1333 MiB.
2026-10-09T11:01:17Z INFO [779/900] 833343ca-8d9c-4305-9cf1-82dce85eb44c: 21 groups; 1.8 s; peak memory 1333 MiB.
2026-10-09T11:01:19Z INFO [780/900] 83338434-0c68-4a59-96f5-f7811189ed99: 22 groups; 1.5 s; peak memory 1333 MiB.
2026-10-09T11:01:20Z INFO [781/900] 8333a3ff-a2fe-47a6-8762-15155835f90a: 16 groups; 1.1 s; peak memory 1333 MiB.
2026-10-09T11:01:22Z INFO [782/900] 833487af-c629-4be0-b78e-a706db2b2d6f: 32 groups; 1.8 s; peak memory 1333 MiB.
2026-10-09T11:01:23Z INFO [783/900] 83354aee-d2b5-47b3-8466-600ec3d5258c: 32 groups; 1.7 s; peak memory 1333 MiB.
2026-10-09T11:01:25Z INFO [784/900] 833587e6-d647-4749-b4b4-c45945a29750: 32 groups; 1.6 s; peak memory 1333 MiB.
2026-10-09T11:01:37Z INFO [785/900] 8336488b-cd61-40dc-b41e-0abe71715232: 123 groups; 12.2 s; peak memory 1333 MiB.
2026-10-09T11:01:39Z INFO [786/900] 833757fd-f252-4a25-a51c-3aff70d51fdf: 31 groups; 1.9 s; peak memory 1333 MiB.
2026-10-09T11:01:41Z INFO [787/900] 83377117-3bfe-450b-8abc-9bc888456a3d: 22 groups; 1.7 s; peak memory 1333 MiB.
2026-10-09T11:01:48Z INFO [788/900] 8337c7ff-2ed5-444d-9ee7-de6b00edaaab: 47 groups; 7.1 s; peak memory 1333 MiB.
2026-10-09T11:01:49Z INFO [789/900] 8337ecc0-398a-432c-8856-d424bffc0998: 22 groups; 1.4 s; peak memory 1333 MiB.
2026-10-09T11:02:11Z INFO [790/900] 83391ef6-17ea-4c5c-aca3-2240845cd4b0: 18 groups; 21.3 s; peak memory 1333 MiB.
2026-10-09T11:02:12Z INFO [791/900] 83397151-e2a7-42ea-b6c4-dd2603cc10da: 31 groups; 1.2 s; peak memory 1333 MiB.
2026-10-09T11:02:15Z INFO [792/900] 833ac8bc-a32d-433c-aef1-a47dbb8b6e8c: 48 groups; 2.7 s; peak memory 1333 MiB.
2026-10-09T11:02:17Z INFO [793/900] 833acacf-7edf-445e-87df-f320c7a57a39: 25 groups; 1.9 s; peak memory 1333 MiB.
2026-10-09T11:02:19Z INFO [794/900] 833ba286-f643-4218-8018-1011b6ad05eb: 70 groups; 2.2 s; peak memory 1333 MiB.
2026-10-09T11:02:52Z INFO [795/900] 833beabe-fc4a-4a84-a482-190b7ab39c1f: 250 groups; 33.6 s; peak memory 1333 MiB.
2026-10-09T11:02:54Z INFO [796/900] 833d0d5a-2cde-48e6-a519-b06197e4e628: 22 groups; 1.4 s; peak memory 1333 MiB.
2026-10-09T11:02:55Z INFO [797/900] 833d2e86-6410-4a6d-851d-e5753d7740b2: 22 groups; 1.5 s; peak memory 1333 MiB.
2026-10-09T11:02:57Z INFO [798/900] 833d5894-4bcb-4a29-9bef-6c54718f4c7e: 22 groups; 1.5 s; peak memory 1333 MiB.
2026-10-09T11:03:15Z INFO [799/900] 833f5165-35c1-4ea6-b403-536c02bced72: 311 groups; 18.4 s; peak memory 1333 MiB.
2026-10-09T11:03:18Z INFO [800/900] 833f5f20-1f90-4865-954f-d32169ea7d9e: 48 groups; 3.1 s; peak memory 1333 MiB.
2026-10-09T11:03:18Z INFO [800/900] 833f5f20-1f90-4865-954f-d32169ea7d9e: checkpointed 110136 new records.
2026-10-09T11:03:20Z INFO [801/900] 833f93d2-fc86-44c3-8b73-47c348dc7d09: 32 groups; 1.6 s; peak memory 1333 MiB.
2026-10-09T11:03:22Z INFO [802/900] 8340268e-3916-432e-a483-47639ca81498: 22 groups; 1.5 s; peak memory 1333 MiB.
2026-10-09T11:03:24Z INFO [803/900] 834095f2-ec32-42cb-90de-36543d5188b1: 35 groups; 2.3 s; peak memory 1333 MiB.
2026-10-09T11:03:27Z INFO [804/900] 8341271d-6fdd-4c87-aff5-83f0bec74ee1: 48 groups; 3.3 s; peak memory 1333 MiB.
2026-10-09T11:03:29Z INFO [805/900] 83413e5e-9d31-4045-9a1d-23590149e3e8: 32 groups; 1.9 s; peak memory 1333 MiB.
2026-10-09T11:03:47Z INFO [806/900] 8341602c-c287-4d21-b350-d5bdf54f3cdf: 88 groups; 17.6 s; peak memory 1333 MiB.
2026-10-09T11:03:48Z INFO [807/900] 8341bb69-8631-4bce-875a-71cd192440b9: 22 groups; 1.4 s; peak memory 1333 MiB.
2026-10-09T11:04:16Z INFO [808/900] 8342ca90-137b-4d36-8979-ceab200e74fc: 270 groups; 27.8 s; peak memory 1333 MiB.
2026-10-09T11:04:18Z INFO [809/900] 834387a8-649d-4b30-8188-59866ba7d850: 32 groups; 1.7 s; peak memory 1333 MiB.
2026-10-09T11:04:22Z INFO [810/900] 83440b59-2ca4-4ff5-a590-ce0e2a19577a: 50 groups; 4.5 s; peak memory 1333 MiB.
2026-10-09T11:04:28Z INFO [811/900] 8344ee2f-e09b-4c45-80df-5ef544a5ee71: 51 groups; 5.7 s; peak memory 1333 MiB.
2026-10-09T11:04:29Z INFO [812/900] 8344f290-6b3a-4aa3-a510-01fc326c3267: 22 groups; 1.5 s; peak memory 1333 MiB.
2026-10-09T11:04:31Z INFO [813/900] 8344fa01-3617-49b1-aaa9-91e342ebb37a: 16 groups; 1.2 s; peak memory 1333 MiB.
2026-10-09T11:04:40Z INFO [814/900] 8346341d-eaca-4bda-b32a-bf4f2e703b5e: 83 groups; 9.9 s; peak memory 1333 MiB.
2026-10-09T11:04:42Z INFO [815/900] 83469f71-d921-49e8-aeff-a15b53774497: 32 groups; 1.7 s; peak memory 1333 MiB.
2026-10-09T11:09:08Z INFO [816/900] 8347a77a-1f80-414c-b79c-9d647151aafa: 16 groups; 265.9 s; peak memory 1333 MiB.
2026-10-09T11:09:10Z INFO [817/900] 83484059-a349-40ae-9383-f6d0d45617cb: 32 groups; 1.7 s; peak memory 1333 MiB.
2026-10-09T11:09:14Z INFO [818/900] 83487428-dac6-4a62-a710-a3c4200ac1d3: 34 groups; 4.0 s; peak memory 1333 MiB.
2026-10-09T11:09:16Z INFO [819/900] 8348c960-eb74-4d5a-a33d-e6f0dbf41a20: 207 groups; 2.2 s; peak memory 1333 MiB.
2026-10-09T11:09:17Z INFO [820/900] 83492920-4dcb-4d32-b45d-2b5509c1f1ff: 17 groups; 1.4 s; peak memory 1333 MiB.
2026-10-09T11:09:19Z INFO [821/900] 83494699-5a0e-420d-8971-4c6dab9e6bb2: 32 groups; 1.8 s; peak memory 1333 MiB.
2026-10-09T11:09:21Z INFO [822/900] 8349c110-26c6-4aab-937b-a113033b9383: 35 groups; 2.0 s; peak memory 1333 MiB.
2026-10-09T11:09:22Z INFO [823/900] 8349c905-64ba-4108-ba5a-7ac301e72f10: 22 groups; 1.4 s; peak memory 1333 MiB.
2026-10-09T11:09:24Z INFO [824/900] 834b44be-5ea1-425f-a622-3a67e57158c9: 32 groups; 1.8 s; peak memory 1333 MiB.
2026-10-09T11:09:26Z INFO [825/900] 834c1f42-1be9-4407-bf95-e2bdfffb6446: 35 groups; 2.2 s; peak memory 1333 MiB.
2026-10-09T11:09:28Z INFO [826/900] 834c2461-bdad-4a12-a632-1a722c05b7a6: 22 groups; 1.5 s; peak memory 1333 MiB.
2026-10-09T11:09:30Z INFO [827/900] 834c439e-cce9-4a2a-be4e-5126291d7038: 32 groups; 2.0 s; peak memory 1333 MiB.
2026-10-09T11:09:54Z INFO [828/900] 834c4bb3-d409-4873-a49d-8c359fd4b3be: 227 groups; 23.8 s; peak memory 1333 MiB.
2026-10-09T11:09:56Z INFO [829/900] 834c6415-487c-477c-b36a-491c7388d404: 41 groups; 2.1 s; peak memory 1333 MiB.
2026-10-09T11:10:04Z INFO [830/900] 834c655b-514e-4ee5-aad6-c1a94ec76b6d: 66 groups; 7.7 s; peak memory 1333 MiB.
2026-10-09T11:10:05Z INFO [831/900] 834cb80f-a29b-4ed1-8340-311c82cb52ab: 22 groups; 1.4 s; peak memory 1333 MiB.
2026-10-09T11:10:06Z INFO [832/900] 834ccd53-a558-4654-8de1-272357d76c4d: 18 groups; 1.4 s; peak memory 1333 MiB.
2026-10-09T11:10:18Z INFO [833/900] 834d3c30-8c72-4770-8c0a-69871ffff21e: 177 groups; 11.6 s; peak memory 1333 MiB.
2026-10-09T11:10:20Z INFO [834/900] 834db870-70a2-4ce4-9e0d-6ba53d0e1de3: 22 groups; 1.6 s; peak memory 1333 MiB.
2026-10-09T11:10:21Z INFO [835/900] 834dc83a-3f50-4cd7-81a7-0aabaa0d9e74: 22 groups; 1.5 s; peak memory 1333 MiB.
2026-10-09T11:10:23Z INFO [836/900] 834e4cf8-77d2-4ab8-b2d3-ca39e153f4b3: 32 groups; 1.7 s; peak memory 1333 MiB.
2026-10-09T11:10:25Z INFO [837/900] 834edb3e-66a8-4f58-a686-259ba7293aef: 32 groups; 1.9 s; peak memory 1333 MiB.
2026-10-09T11:10:27Z INFO [838/900] 834f34aa-7e51-4284-94b3-82c94be0f849: 41 groups; 2.1 s; peak memory 1333 MiB.
2026-10-09T11:10:38Z INFO [839/900] 834f34bb-43be-4da1-867f-9ea74ebd6858: 181 groups; 11.3 s; peak memory 1333 MiB.
2026-10-09T11:10:40Z INFO [840/900] 834f595c-11b8-4006-b7d1-e717bdd7e573: 36 groups; 2.1 s; peak memory 1333 MiB.
2026-10-09T11:10:42Z INFO [841/900] 834f5cae-ed78-47a7-b550-131584e36ac2: 28 groups; 1.4 s; peak memory 1333 MiB.
2026-10-09T11:10:43Z INFO [842/900] 834fa17e-be05-4186-bd5a-0607789d0f03: 22 groups; 1.4 s; peak memory 1333 MiB.
2026-10-09T11:11:12Z INFO [843/900] 834fd6d3-f24e-4d19-8543-13e8680eceeb: 23 groups; 28.6 s; peak memory 1333 MiB.
2026-10-09T11:11:21Z INFO [844/900] 834ff9d8-4812-4a42-9713-edcfa97a87ad: 181 groups; 9.3 s; peak memory 1333 MiB.
2026-10-09T11:11:23Z INFO [845/900] 835004d7-8aae-41db-a242-b49e19e2ae70: 35 groups; 2.2 s; peak memory 1333 MiB.
2026-10-09T11:11:24Z INFO [846/900] 83501111-44a6-451a-acb2-4cffbd3d72c0: 25 groups; 1.2 s; peak memory 1333 MiB.
2026-10-09T11:11:27Z INFO [847/900] 8350cc2f-606f-4ea2-9264-f3a3619ae063: 22 groups; 3.0 s; peak memory 1333 MiB.
2026-10-09T11:11:29Z INFO [848/900] 8351379c-7a36-4f0b-97f2-2a0444657faf: 22 groups; 1.6 s; peak memory 1333 MiB.
2026-10-09T11:11:32Z INFO [849/900] 835142ea-0006-4aa6-936f-e4346144267e: 204 groups; 3.0 s; peak memory 1333 MiB.
2026-10-09T11:11:40Z INFO [850/900] 8351c5c5-c992-4f07-909b-78818204185e: 47 groups; 7.9 s; peak memory 1333 MiB.
2026-10-09T11:11:40Z INFO [850/900] 8351c5c5-c992-4f07-909b-78818204185e: checkpointed 110186 new records.
2026-10-09T11:11:43Z INFO [851/900] 83528505-44a2-4634-94fd-64b660acfa60: 64 groups; 3.4 s; peak memory 1333 MiB.
2026-10-09T11:11:45Z INFO [852/900] 83533081-3aad-4982-a12c-4f8267850e17: 22 groups; 1.5 s; peak memory 1333 MiB.
2026-10-09T11:11:47Z INFO [853/900] 835384c2-4fca-4764-818c-c09a26e78228: 35 groups; 2.0 s; peak memory 1333 MiB.
2026-10-09T11:11:48Z INFO [854/900] 8353be8a-d546-41c2-a6b6-f069d2e94f26: 22 groups; 1.5 s; peak memory 1333 MiB.
2026-10-09T11:11:50Z INFO [855/900] 83544a58-28f9-45d0-8038-ac332bc97651: 254 groups; 1.8 s; peak memory 1333 MiB.
2026-10-09T11:11:51Z INFO [856/900] 83547cd2-7677-4373-940b-1e98e223121f: 16 groups; 1.2 s; peak memory 1333 MiB.
2026-10-09T11:11:54Z INFO [857/900] 83547fca-be25-46d5-96d0-789b713bdff7: 39 groups; 2.6 s; peak memory 1333 MiB.
2026-10-09T11:11:56Z INFO [858/900] 83557311-fb68-4704-add2-d2707e5c6bb8: 103 groups; 2.1 s; peak memory 1333 MiB.
2026-10-09T11:11:57Z INFO [859/900] 8355d465-f296-4a60-8daf-1d601cf861f8: 18 groups; 1.2 s; peak memory 1333 MiB.
2026-10-09T11:11:59Z INFO [860/900] 8356ea67-7ec0-44f6-af2b-9489204d80a1: 32 groups; 2.2 s; peak memory 1333 MiB.
2026-10-09T11:12:01Z INFO [861/900] 8356f04c-be9a-4aa4-82b1-dbf45f04ba50: 22 groups; 1.2 s; peak memory 1333 MiB.
2026-10-09T11:12:02Z INFO [862/900] 8356fce7-ba1b-4e33-a034-fd91a382544d: 18 groups; 1.5 s; peak memory 1333 MiB.
2026-10-09T11:12:05Z INFO [863/900] 83578719-cc30-4233-a9eb-4d74a8089fa4: 54 groups; 3.3 s; peak memory 1333 MiB.
2026-10-09T11:12:07Z INFO [864/900] 83592396-53d8-41d6-bdb3-8d0363f46736: 22 groups; 1.4 s; peak memory 1333 MiB.
2026-10-09T11:12:08Z INFO [865/900] 83592f0f-454d-42ed-b8ea-5f27c8c5b54e: 22 groups; 1.6 s; peak memory 1333 MiB.
2026-10-09T11:12:10Z INFO [866/900] 83596f5c-6468-4b7a-a392-55b0f48566ac: 253 groups; 1.6 s; peak memory 1333 MiB.
2026-10-09T11:12:11Z INFO [867/900] 8359ceea-8547-482e-9319-84defa66b244: 25 groups; 1.5 s; peak memory 1333 MiB.
2026-10-09T11:12:14Z INFO [868/900] 835ae6f2-6419-4dcc-a4aa-8ceaf7aaa1a2: 35 groups; 2.3 s; peak memory 1333 MiB.
2026-10-09T11:12:15Z INFO [869/900] 835aefd2-e454-4ea4-b808-1d77d42aae72: 22 groups; 1.4 s; peak memory 1333 MiB.
2026-10-09T11:12:23Z INFO [870/900] 835b46a2-88ea-4262-a54b-f81e19f5887c: 78 groups; 7.3 s; peak memory 1333 MiB.
2026-10-09T11:12:24Z INFO [871/900] 835b4df0-fe40-4fcb-818c-ed332578369c: 32 groups; 1.7 s; peak memory 1333 MiB.
2026-10-09T11:12:28Z INFO [872/900] 835b8489-10b3-4942-9bb9-8705be3d8a09: 202 groups; 3.4 s; peak memory 1333 MiB.
2026-10-09T11:12:29Z INFO [873/900] 835be8b8-fb57-4cd5-837b-242f23ec4cbf: 22 groups; 1.6 s; peak memory 1333 MiB.
2026-10-09T11:12:43Z INFO [874/900] 835cc518-4df7-4b7c-ad41-2c8ca9415019: 160 groups; 14.2 s; peak memory 1333 MiB.
2026-10-09T11:12:46Z INFO [875/900] 835ce015-0da5-4066-8d0d-a358de738015: 341 groups; 3.0 s; peak memory 1333 MiB.
2026-10-09T11:15:17Z INFO [876/900] 835d08bf-a6c7-4f1e-b47b-0e2ee1d3def6: 68 groups; 150.3 s; peak memory 1333 MiB.
2026-10-09T11:15:19Z INFO [877/900] 835eb5a1-df08-4e35-a8f8-659ac4e23e7d: 36 groups; 2.0 s; peak memory 1333 MiB.
2026-10-09T11:15:21Z INFO [878/900] 835edc91-4470-4ed8-8d54-e20eac366051: 32 groups; 2.0 s; peak memory 1333 MiB.
2026-10-09T11:15:22Z INFO [879/900] 835f27cd-8c66-4624-b47e-0db39e9c61c1: 32 groups; 1.8 s; peak memory 1333 MiB.
2026-10-09T11:15:32Z INFO [880/900] 835f57bc-19f8-4bee-85c8-7a35bacf4884: 34 groups; 9.5 s; peak memory 1333 MiB.
2026-10-09T11:15:33Z INFO [881/900] 835fa061-7985-4015-b261-9b03c604de84: 22 groups; 1.2 s; peak memory 1333 MiB.
2026-10-09T11:15:35Z INFO [882/900] 835fec1f-0fb6-4daa-99b7-8a8a889d09ea: 35 groups; 2.1 s; peak memory 1333 MiB.
2026-10-09T11:16:01Z INFO [883/900] 83600564-91ad-425b-885c-75684c3dd68a: 209 groups; 25.6 s; peak memory 1333 MiB.
2026-10-09T11:16:03Z INFO [884/900] 83602b07-e52c-4f6e-a3e3-d4dc57252188: 35 groups; 2.0 s; peak memory 1333 MiB.
2026-10-09T11:16:04Z INFO [885/900] 836083f0-e03c-428e-81a2-136dfe2fd4a5: 16 groups; 1.1 s; peak memory 1333 MiB.
2026-10-09T11:16:05Z INFO [886/900] 83612f16-27d3-4655-8839-0a19a93eb76a: 22 groups; 1.4 s; peak memory 1333 MiB.
2026-10-09T11:16:07Z INFO [887/900] 836236c0-1cff-4c0a-a6c2-f14d1e84dcb4: 22 groups; 1.4 s; peak memory 1333 MiB.
2026-10-09T11:16:08Z INFO [888/900] 8362422f-cf80-4996-8ad6-18b78d8f4079: 16 groups; 1.1 s; peak memory 1333 MiB.
2026-10-09T11:16:09Z INFO [889/900] 83625d0c-b6de-408e-8bc0-40a0a823be1c: 22 groups; 1.4 s; peak memory 1333 MiB.
2026-10-09T11:16:10Z INFO [890/900] 8363a07f-42f5-44bd-92d0-a9f76976cb4f: 18 groups; 1.2 s; peak memory 1333 MiB.
2026-10-09T11:16:12Z INFO [891/900] 8363c578-162f-40a3-953f-7dcf051c0a33: 33 groups; 1.8 s; peak memory 1333 MiB.
2026-10-09T11:16:15Z INFO [892/900] 8364c378-7be5-4193-88a3-806e9e8f5149: 201 groups; 3.0 s; peak memory 1333 MiB.
2026-10-09T11:16:17Z INFO [893/900] 8364ff2a-ea5a-4306-b69f-da4ffb8360d8: 22 groups; 1.4 s; peak memory 1333 MiB.
2026-10-09T11:16:18Z INFO [894/900] 83655365-377a-4925-b31e-1aa591aacc02: 203 groups; 1.9 s; peak memory 1333 MiB.
2026-10-09T11:16:20Z INFO [895/900] 8365ab27-5388-4ba6-912b-1f283c8bec25: 25 groups; 1.1 s; peak memory 1333 MiB.
2026-10-09T11:16:21Z INFO [896/900] 8365ec21-8426-4335-b032-714ae723deeb: 22 groups; 1.6 s; peak memory 1333 MiB.
2026-10-09T11:16:23Z INFO [897/900] 8366999a-e7f6-48ca-af9e-67dc514ac11f: 256 groups; 1.8 s; peak memory 1333 MiB.
2026-10-09T11:16:27Z INFO [898/900] 83672e6b-3bc6-408c-8baf-c9da54612d7b: 96 groups; 4.5 s; peak memory 1333 MiB.
2026-10-09T11:16:29Z INFO [899/900] 8367ac55-dd02-4a64-8c2d-15d13aeb1ce7: 24 groups; 1.8 s; peak memory 1333 MiB.
2026-10-09T11:16:32Z INFO [900/900] 836810d7-2297-4d03-ae16-142b742ef817: 207 groups; 2.5 s; peak memory 1333 MiB.
2026-10-09T11:16:32Z INFO [900/900] 836810d7-2297-4d03-ae16-142b742ef817: checkpointed 110236 new records.
2026-10-09T11:16:32Z INFO Wrote 110236 records to /tmp/derivatives/valid_nwb_file_to_number_of_groups.jsonl (900 new, 0 failed) in 129.1 min (peak memory 1333 MiB).
