2026-10-10T15:15:09Z INFO Logging to /tmp/logs/update_2026-10-10T15-15-09Z.log.
2026-10-10T15:15:09Z INFO Update valid-nwb-file-to-number-of-groups (base directory /tmp).
2026-10-10T15:15:09Z INFO Processing 900 items (119236 already recorded).
2026-10-10T15:15:20Z INFO [1/900] 95b6e076-c643-4edd-948e-881c696c3d4f: 416 groups; 11.2 s; peak memory 180 MiB.
2026-10-10T15:15:21Z INFO [2/900] 95b7f736-569f-4786-85ee-d0618f03fdb6: 35 groups; 1.1 s; peak memory 180 MiB.
2026-10-10T15:15:23Z INFO [3/900] 95b920e5-aa5b-49ae-a161-e2e769d0a535: 48 groups; 1.3 s; peak memory 180 MiB.
2026-10-10T15:15:24Z INFO [4/900] 95ba60d2-df65-4312-94b5-61a97a692424: 17 groups; 0.8 s; peak memory 181 MiB.
2026-10-10T15:15:24Z INFO [5/900] 95ba9821-6336-4e3e-bd8a-01279cea05af: 30 groups; 0.7 s; peak memory 181 MiB.
2026-10-10T15:15:35Z INFO [6/900] 95babd5d-9527-4672-9ebf-96c2ece8ca75: 155 groups; 11.3 s; peak memory 181 MiB.
2026-10-10T15:15:36Z INFO [7/900] 95bb2624-c4cf-49a0-b0cf-67fb1c23ad22: 32 groups; 1.0 s; peak memory 181 MiB.
2026-10-10T15:15:40Z INFO [8/900] 95bb3a23-3004-4bc7-8041-234aa14e5d32: 17 groups; 3.2 s; peak memory 181 MiB.
2026-10-10T15:15:41Z INFO [9/900] 95bc52d3-ab0c-48bd-9862-9d492e061288: 32 groups; 0.8 s; peak memory 181 MiB.
2026-10-10T15:15:42Z INFO [10/900] 95bc6d71-17ff-42ef-a307-6398544d28f7: 22 groups; 1.1 s; peak memory 181 MiB.
2026-10-10T15:15:42Z INFO [11/900] 95be31c2-84db-4691-ad19-e2f2fe076342: 22 groups; 0.8 s; peak memory 181 MiB.
2026-10-10T15:15:43Z INFO [12/900] 95bf6001-d6c6-4661-a647-82d1f8ffb7b0: 202 groups; 1.0 s; peak memory 181 MiB.
2026-10-10T15:15:44Z INFO [13/900] 95bf8ba6-0b86-4403-8320-fa2f649cbd7e: 32 groups; 0.7 s; peak memory 181 MiB.
2026-10-10T15:15:45Z INFO [14/900] 95bfd88b-166e-496b-a8ef-43f4f369c1a2: 31 groups; 0.8 s; peak memory 181 MiB.
2026-10-10T15:15:46Z INFO [15/900] 95c0fc9f-7c57-415e-9059-47b4f0ea21e3: 33 groups; 1.4 s; peak memory 181 MiB.
2026-10-10T15:15:47Z INFO [16/900] 95c10f6e-12e3-4676-8192-a78ee9149db8: 194 groups; 1.2 s; peak memory 181 MiB.
2026-10-10T15:15:48Z INFO [17/900] 95c1a540-1868-4250-8d68-2996b0e1d12a: 36 groups; 1.0 s; peak memory 181 MiB.
2026-10-10T15:15:49Z INFO [18/900] 95c2d989-db10-427d-aff1-29e6000bb1e1: 22 groups; 0.9 s; peak memory 181 MiB.
2026-10-10T15:15:50Z INFO [19/900] 95c2fe7c-ddac-4154-848e-c2a7ffebd428: 16 groups; 0.7 s; peak memory 181 MiB.
2026-10-10T15:15:51Z INFO [20/900] 95c33d8f-e754-4658-bb4e-54877ca25c56: 32 groups; 1.1 s; peak memory 181 MiB.
2026-10-10T15:15:52Z INFO [21/900] 95c486d1-5f2e-451b-818c-5eb2081b38f1: 32 groups; 0.8 s; peak memory 181 MiB.
2026-10-10T15:15:57Z INFO [22/900] 95c52ded-1f02-40f3-a370-20e2294978a8: 181 groups; 4.9 s; peak memory 181 MiB.
2026-10-10T15:15:57Z INFO [23/900] 95c5f65e-e44a-4707-ae60-558f9cbb79ba: 22 groups; 0.7 s; peak memory 181 MiB.
2026-10-10T15:16:00Z INFO [24/900] 95c7638f-b2df-48c3-9390-b7e8dbf0b023: 48 groups; 2.3 s; peak memory 181 MiB.
2026-10-10T15:16:00Z INFO [25/900] 95c8d51d-25db-439c-83f4-94a43dba7c87: 16 groups; 0.6 s; peak memory 181 MiB.
2026-10-10T15:16:01Z INFO [26/900] 95c9ade1-722e-45f8-a73a-c3d8e231f37f: 22 groups; 0.8 s; peak memory 181 MiB.
2026-10-10T15:17:38Z INFO [27/900] 95ca67de-cc3e-4c74-b9ef-46b811a2beae: 60 groups; 96.7 s; peak memory 289 MiB.
2026-10-10T15:17:45Z INFO [28/900] 95ca68cc-bf6f-4784-bc53-6811bdd4ab6f: 141 groups; 6.7 s; peak memory 289 MiB.
2026-10-10T15:17:47Z INFO [29/900] 95cae199-aa63-4240-ae33-23f70e709f2f: 49 groups; 2.4 s; peak memory 289 MiB.
2026-10-10T15:17:48Z INFO [30/900] 95cb97a6-54c0-480f-8b7c-5f02952ba1a1: 43 groups; 1.3 s; peak memory 289 MiB.
2026-10-10T15:17:49Z INFO [31/900] 95cbd516-8181-46d5-a03d-7f44b78d2999: 22 groups; 0.9 s; peak memory 289 MiB.
2026-10-10T15:17:50Z INFO [32/900] 95cc779c-b9f1-48e4-9bc1-73104157eacf: 32 groups; 0.8 s; peak memory 289 MiB.
2026-10-10T15:19:27Z INFO [33/900] 95cc9ed4-fc99-4426-b550-9a09e2896dc8: 89 groups; 96.7 s; peak memory 296 MiB.
2026-10-10T15:19:28Z INFO [34/900] 95cd7561-9433-43f6-ae6c-e34196a057ff: 21 groups; 0.9 s; peak memory 296 MiB.
2026-10-10T15:19:28Z INFO [35/900] 95cda7f3-ef92-417d-bcbd-1d53e635f965: 29 groups; 0.8 s; peak memory 296 MiB.
2026-10-10T15:19:29Z INFO [36/900] 95cde24a-fdb7-4bd0-a503-294cf8c62918: 31 groups; 0.7 s; peak memory 296 MiB.
2026-10-10T15:19:32Z INFO [37/900] 95cf5efc-60a6-4cf1-b82e-310abd25b9db: 50 groups; 2.8 s; peak memory 296 MiB.
2026-10-10T15:19:33Z INFO [38/900] 95cfe78c-6fb1-484f-a7ef-349df45d6b11: 71 groups; 1.7 s; peak memory 296 MiB.
2026-10-10T15:19:34Z INFO [39/900] 95cff273-9512-46dc-aeab-5da32b1b2519: 252 groups; 1.0 s; peak memory 296 MiB.
2026-10-10T15:19:35Z INFO [40/900] 95d00660-57f2-43a0-a019-38058bd2396f: 22 groups; 0.9 s; peak memory 296 MiB.
2026-10-10T15:19:36Z INFO [41/900] 95d02b3d-80ac-4a0d-b7ee-d566cbd6a182: 30 groups; 0.8 s; peak memory 296 MiB.
2026-10-10T15:19:40Z INFO [42/900] 95d0c851-443a-4880-a48a-45328057a094: 181 groups; 3.8 s; peak memory 296 MiB.
2026-10-10T15:19:41Z INFO [43/900] 95d137b1-763f-435a-a083-aaf26ec0c9d8: 24 groups; 1.0 s; peak memory 296 MiB.
2026-10-10T15:19:42Z INFO [44/900] 95d1f934-273e-4a17-a95d-1ce32408d4ee: 18 groups; 0.7 s; peak memory 296 MiB.
2026-10-10T15:19:43Z INFO [45/900] 95d212d6-481d-4ad0-8c8a-96a920991135: 34 groups; 1.1 s; peak memory 296 MiB.
2026-10-10T15:19:44Z INFO [46/900] 95d2a59f-867c-4aa0-a2d7-c283fc2b1ce6: 35 groups; 1.6 s; peak memory 296 MiB.
2026-10-10T15:21:17Z INFO [47/900] 95d2b1ff-cdda-421c-8f8b-41ef326e034a: 71 groups; 92.1 s; peak memory 296 MiB.
2026-10-10T15:21:18Z INFO [48/900] 95d2f1e0-2ddf-4b42-8fa0-24f4cf30e7b2: 199 groups; 1.6 s; peak memory 296 MiB.
2026-10-10T15:21:24Z INFO [49/900] 95d300e1-5137-42ff-9588-629ef2552187: 70 groups; 5.7 s; peak memory 296 MiB.
2026-10-10T15:21:25Z INFO [50/900] 95d371de-29f1-4c4f-ae08-1b5f8e395537: 336 groups; 1.6 s; peak memory 296 MiB.
2026-10-10T15:21:26Z INFO [50/900] 95d371de-29f1-4c4f-ae08-1b5f8e395537: checkpointed 119286 new records.
2026-10-10T15:21:27Z INFO [51/900] 95d3bd7e-ae9d-44e8-a870-b464c0ce5415: 32 groups; 0.9 s; peak memory 296 MiB.
2026-10-10T15:21:28Z INFO [52/900] 95d3d5e6-8195-4061-8fcb-11a3b49d9782: 103 groups; 1.2 s; peak memory 296 MiB.
2026-10-10T15:21:29Z INFO [53/900] 95d47cfe-1398-4a26-a0f3-3359d0bd69d3: 35 groups; 1.3 s; peak memory 296 MiB.
2026-10-10T15:21:36Z INFO [54/900] 95d4d8b4-cfd9-44d4-8e2b-5938bea00ea5: 191 groups; 6.7 s; peak memory 296 MiB.
2026-10-10T15:21:41Z INFO [55/900] 95d51eff-58cf-476b-9318-261ea82642cb: 85 groups; 4.9 s; peak memory 296 MiB.
2026-10-10T15:21:41Z INFO [56/900] 95d68eba-c91d-4036-a774-f587ff721f94: 16 groups; 0.7 s; peak memory 296 MiB.
2026-10-10T15:21:58Z INFO [57/900] 95d6d319-b6b1-46a5-b9c6-5e555c3439fa: 23 groups; 16.1 s; peak memory 296 MiB.
2026-10-10T15:21:58Z INFO [58/900] 95d71dc3-2fed-43fd-89b0-734c64cfb918: 16 groups; 0.6 s; peak memory 296 MiB.
2026-10-10T15:21:59Z INFO [59/900] 95d720e8-373b-4123-810f-1aa38f362b6c: 35 groups; 1.1 s; peak memory 296 MiB.
2026-10-10T15:22:00Z INFO [60/900] 95d7cefb-755a-46b9-ae1c-64ad1fd51b87: 32 groups; 1.1 s; peak memory 296 MiB.
2026-10-10T15:31:54Z INFO [61/900] 95d7d763-269f-4061-b6f9-2ccf29af62eb: 89 groups; 593.9 s; peak memory 1111 MiB.
2026-10-10T15:31:55Z INFO [62/900] 95d849ab-86e4-427a-acfe-343c05f5ab46: 33 groups; 1.1 s; peak memory 1111 MiB.
2026-10-10T15:31:56Z INFO [63/900] 95d8c0bf-c644-4a5c-ab0e-194ff1738c8b: 22 groups; 0.9 s; peak memory 1111 MiB.
2026-10-10T15:32:01Z INFO [64/900] 95d93fa6-5aa5-4001-a311-396ffed4bdfd: 67 groups; 4.9 s; peak memory 1111 MiB.
2026-10-10T15:32:02Z INFO [65/900] 95da3416-c680-4770-8171-52dc0e61a143: 22 groups; 1.0 s; peak memory 1111 MiB.
2026-10-10T15:32:09Z INFO [66/900] 95daa835-88fc-4db1-a619-c0e915552810: 185 groups; 6.6 s; peak memory 1111 MiB.
2026-10-10T15:32:09Z INFO [67/900] 95db1ab2-e56a-4abc-88e9-12b22d5b441b: 22 groups; 0.7 s; peak memory 1111 MiB.
2026-10-10T15:32:10Z INFO [68/900] 95dbbc93-2c3c-4eab-bb48-359936f04921: 18 groups; 0.8 s; peak memory 1111 MiB.
2026-10-10T15:32:12Z INFO [69/900] 95dc1e20-b2b7-4ad3-9715-c07a2edfa247: 17 groups; 1.9 s; peak memory 1111 MiB.
2026-10-10T15:32:13Z INFO [70/900] 95dcbaae-8ee1-45b7-a38b-73e290e9f80a: 22 groups; 0.8 s; peak memory 1111 MiB.
2026-10-10T15:32:14Z INFO [71/900] 95dd3565-bc17-41fa-89cc-148a41bd916a: 202 groups; 1.1 s; peak memory 1111 MiB.
2026-10-10T15:32:36Z INFO [72/900] 95dd5050-1528-4d16-a7f7-dc5cfefd5db3: 17 groups; 21.6 s; peak memory 1111 MiB.
2026-10-10T15:32:43Z INFO [73/900] 95dd5b57-c8d8-41d1-8793-6b6a1afcdc14: 166 groups; 7.2 s; peak memory 1111 MiB.
2026-10-10T15:32:44Z INFO [74/900] 95dd7cb1-025e-467b-ae87-e56df2adaeb6: 33 groups; 1.1 s; peak memory 1111 MiB.
2026-10-10T15:32:46Z INFO [75/900] 95ddbd2a-e9b2-4ab6-a230-b43243528b09: 571 groups; 1.7 s; peak memory 1111 MiB.
2026-10-10T15:32:53Z INFO [76/900] 95df0e38-c8e3-4573-8bff-880175ace28e: 192 groups; 7.0 s; peak memory 1111 MiB.
2026-10-10T15:32:53Z INFO [77/900] 95e2fda5-c8d1-4d33-94d6-f9e235fb58eb: 16 groups; 0.6 s; peak memory 1111 MiB.
2026-10-10T15:32:54Z INFO [78/900] 95e407cf-840c-4023-a242-f4ad24f7cd35: 16 groups; 0.6 s; peak memory 1111 MiB.
2026-10-10T15:32:59Z INFO [79/900] 95e4c13f-78fa-4087-8b1b-7941e5fd910e: 139 groups; 4.7 s; peak memory 1111 MiB.
2026-10-10T15:33:00Z INFO [80/900] 95e5050f-ab00-4606-aafa-ba2d32175b8f: 36 groups; 1.3 s; peak memory 1111 MiB.
2026-10-10T15:33:01Z INFO [81/900] 95e6bc15-a0dc-43c8-9f56-5ac3b2b60a7e: 22 groups; 0.9 s; peak memory 1111 MiB.
2026-10-10T15:33:02Z INFO [82/900] 95e7f614-793c-4e18-bbcd-5560f26e57e6: 24 groups; 1.1 s; peak memory 1111 MiB.
2026-10-10T15:33:06Z INFO [83/900] 95e826e8-5bc4-4afb-b524-c17751b91d21: 75 groups; 3.8 s; peak memory 1111 MiB.
2026-10-10T15:33:07Z INFO [84/900] 95e841b8-9dad-48c7-92f0-39585b7bd607: 199 groups; 1.5 s; peak memory 1111 MiB.
2026-10-10T15:33:08Z INFO [85/900] 95e8ff9d-9b1c-4027-8b97-46e921ac5b02: 22 groups; 0.7 s; peak memory 1111 MiB.
2026-10-10T15:33:09Z INFO [86/900] 95e9647f-0cf7-48d5-a14b-6d2b5bca2beb: 48 groups; 1.5 s; peak memory 1111 MiB.
2026-10-10T15:33:14Z INFO [87/900] 95e9b2a4-16c1-4c27-8bb8-5fe676f12407: 181 groups; 4.8 s; peak memory 1111 MiB.
2026-10-10T15:33:15Z INFO [88/900] 95ec210e-2149-4172-b5ff-d162b8aece9c: 36 groups; 1.3 s; peak memory 1111 MiB.
2026-10-10T15:33:17Z INFO [89/900] 95ec2a9f-13eb-4cef-a95e-a8eaeeb559dc: 341 groups; 1.7 s; peak memory 1111 MiB.
2026-10-10T15:33:18Z INFO [90/900] 95ed35f7-cba5-4fcc-a627-56d424d4c919: 22 groups; 0.8 s; peak memory 1111 MiB.
2026-10-10T15:33:19Z INFO [91/900] 95ef2d17-5b25-4c71-a9e1-8087764ee84f: 24 groups; 0.7 s; peak memory 1111 MiB.
2026-10-10T15:33:19Z INFO [92/900] 95ef5c95-1fb3-4979-a546-f1c72037fd6a: 22 groups; 0.8 s; peak memory 1111 MiB.
2026-10-10T15:33:20Z INFO [93/900] 95ef6d7c-d022-4a30-a4c7-d2585e8d5f43: 32 groups; 0.8 s; peak memory 1111 MiB.
2026-10-10T15:33:31Z INFO [94/900] 95efad62-de00-417b-92b9-90df2829f4ce: 27 groups; 10.8 s; peak memory 1111 MiB.
2026-10-10T15:33:34Z INFO [95/900] 95f02119-49aa-4990-9362-aee54c60cb6d: 293 groups; 3.5 s; peak memory 1111 MiB.
2026-10-10T15:33:36Z INFO [96/900] 95f179a6-62c5-4353-972a-2b77b1f9426b: 48 groups; 2.0 s; peak memory 1111 MiB.
2026-10-10T15:33:37Z INFO [97/900] 95f2041b-5a15-4ade-adaf-eb945ed264c4: 22 groups; 0.8 s; peak memory 1111 MiB.
2026-10-10T15:33:38Z INFO [98/900] 95f23d35-6e18-46d1-83b8-0462bbd00cd2: 33 groups; 0.8 s; peak memory 1111 MiB.
2026-10-10T15:33:39Z INFO [99/900] 95f320e0-29a2-4d53-9fa2-5203ac42dee9: 48 groups; 1.4 s; peak memory 1111 MiB.
2026-10-10T15:33:41Z INFO [100/900] 95f32323-a600-4ee8-ad1a-aa57eeff1bf2: 200 groups; 2.0 s; peak memory 1111 MiB.
2026-10-10T15:33:42Z INFO [100/900] 95f32323-a600-4ee8-ad1a-aa57eeff1bf2: checkpointed 119336 new records.
2026-10-10T15:33:44Z INFO [101/900] 95f3c7b4-3cfd-4204-87e6-7ee450431f27: 54 groups; 2.1 s; peak memory 1111 MiB.
2026-10-10T15:33:52Z INFO [102/900] 95f44f0e-a74a-4a0b-8ae2-a9c64b1488cf: 176 groups; 8.4 s; peak memory 1111 MiB.
2026-10-10T15:33:53Z INFO [103/900] 95f472c0-622c-4ab2-ac2d-fde575a63095: 35 groups; 1.3 s; peak memory 1111 MiB.
2026-10-10T15:33:55Z INFO [104/900] 95f4c023-f37c-4158-8fe9-a614726a87ac: 17 groups; 1.9 s; peak memory 1111 MiB.
2026-10-10T15:33:56Z INFO [105/900] 95f4f89c-6ee8-4511-96de-09b86ffa9959: 202 groups; 1.1 s; peak memory 1111 MiB.
2026-10-10T15:33:58Z INFO [106/900] 95f549ee-d7d6-4121-b901-d67da576bdd2: 32 groups; 1.2 s; peak memory 1111 MiB.
2026-10-10T15:33:58Z INFO [107/900] 95f6e700-a974-4d4b-b2a1-2774281e230d: 22 groups; 0.7 s; peak memory 1111 MiB.
2026-10-10T15:34:00Z INFO [108/900] 95f6eeab-70fe-4a03-aad9-38a5fe34e127: 32 groups; 1.1 s; peak memory 1111 MiB.
2026-10-10T15:34:03Z INFO [109/900] 95f9838e-3cfa-416c-80d9-5c6b687acdac: 181 groups; 3.7 s; peak memory 1111 MiB.
2026-10-10T15:34:05Z INFO [110/900] 95f989c1-2902-47c5-9d3a-4d35972e44c1: 40 groups; 1.9 s; peak memory 1111 MiB.
2026-10-10T15:34:06Z INFO [111/900] 95fabbce-0586-49c0-8a91-f1e9c90f282d: 18 groups; 0.9 s; peak memory 1111 MiB.
2026-10-10T15:34:11Z INFO [112/900] 95fc71ee-4333-44be-a1e2-ef68c69c1cef: 32 groups; 4.6 s; peak memory 1111 MiB.
2026-10-10T15:34:12Z INFO [113/900] 95fc9944-67ef-4c18-9fa9-6fcfc54e8d88: 35 groups; 1.1 s; peak memory 1111 MiB.
2026-10-10T15:34:12Z INFO [114/900] 95fd10c9-dc58-419a-be47-3edc8a6d3db7: 16 groups; 0.7 s; peak memory 1111 MiB.
2026-10-10T15:34:14Z INFO [115/900] 95fdc306-d676-4c84-90fb-9ebb23be01f2: 336 groups; 1.2 s; peak memory 1111 MiB.
2026-10-10T15:34:15Z INFO [116/900] 95fdcc63-fc32-41d1-abdf-0c582d96abc7: 35 groups; 1.0 s; peak memory 1111 MiB.
2026-10-10T15:34:15Z INFO [117/900] 95fe1c2b-6c2d-4b43-a14a-f8d6f439c15b: 22 groups; 0.8 s; peak memory 1111 MiB.
2026-10-10T15:34:16Z INFO [118/900] 95ff0df8-fcf3-4408-940e-87f43483b33a: 22 groups; 0.9 s; peak memory 1111 MiB.
2026-10-10T15:34:17Z INFO [119/900] 95ff7053-a34e-40dd-ba81-891dcb0aaf8e: 32 groups; 0.8 s; peak memory 1111 MiB.
2026-10-10T15:34:18Z INFO [120/900] 96000a57-012e-4d50-a457-43eaec3fdd19: 108 groups; 1.4 s; peak memory 1111 MiB.
2026-10-10T15:34:37Z INFO [121/900] 96002e51-8b66-41a5-ad14-fff6be0aed1e: 1170 groups; 19.0 s; peak memory 1111 MiB.
2026-10-10T15:34:38Z INFO [122/900] 96006ed1-fc74-401f-aeab-0a64ca428862: 22 groups; 0.8 s; peak memory 1111 MiB.
2026-10-10T15:34:39Z INFO [123/900] 9600f1e1-5ea6-4655-906d-518de5db3b1a: 25 groups; 0.6 s; peak memory 1111 MiB.
2026-10-10T15:34:40Z INFO [124/900] 9601ae89-72fa-4a5f-8c5b-c153ec71d438: 50 groups; 1.8 s; peak memory 1111 MiB.
2026-10-10T15:34:41Z INFO [125/900] 96021c61-cd6a-4e1d-934e-77eebae653fa: 32 groups; 0.9 s; peak memory 1111 MiB.
2026-10-10T15:34:42Z INFO [126/900] 96031146-c340-47c2-8e75-085dae641818: 21 groups; 1.2 s; peak memory 1111 MiB.
2026-10-10T15:34:43Z INFO [127/900] 96031826-1485-4e11-af73-21f35f314cba: 32 groups; 0.9 s; peak memory 1111 MiB.
2026-10-10T15:34:44Z INFO [128/900] 960365eb-cedb-4444-ab76-75215ae5554b: 35 groups; 0.9 s; peak memory 1111 MiB.
2026-10-10T15:34:46Z INFO [129/900] 96047f0c-c1bc-4598-854c-35e0ae471e34: 48 groups; 1.2 s; peak memory 1111 MiB.
2026-10-10T15:35:42Z INFO [130/900] 96054300-c9c1-4d4a-85fb-17c683624704: 2204 groups; 56.3 s; peak memory 1111 MiB.
2026-10-10T15:35:44Z INFO [131/900] 9605ce97-9586-42a9-bc78-279d0cf07c4a: 336 groups; 2.0 s; peak memory 1111 MiB.
2026-10-10T15:35:45Z INFO [132/900] 96072b87-b960-4752-941c-8bc2eaa70da2: 103 groups; 1.1 s; peak memory 1111 MiB.
2026-10-10T15:35:49Z INFO [133/900] 96073887-2ff1-460d-aba6-b8113c96a5e1: 181 groups; 4.6 s; peak memory 1111 MiB.
2026-10-10T15:35:51Z INFO [134/900] 9607620e-4f10-47f7-aa7c-da5575692731: 35 groups; 1.1 s; peak memory 1111 MiB.
2026-10-10T15:35:51Z INFO [135/900] 9609086e-1af4-48d3-9bce-a8aaea6413e3: 22 groups; 0.7 s; peak memory 1111 MiB.
2026-10-10T15:35:52Z INFO [136/900] 960980c0-28c3-4f0b-ab01-aa7276e6070e: 35 groups; 0.9 s; peak memory 1111 MiB.
2026-10-10T15:35:53Z INFO [137/900] 9609b22f-6360-4b99-af19-dc80b2f0f995: 35 groups; 1.2 s; peak memory 1111 MiB.
2026-10-10T15:36:09Z INFO [138/900] 960a258f-e2a4-495d-9f81-39da5c5da567: 23 groups; 15.5 s; peak memory 1111 MiB.
2026-10-10T15:36:09Z INFO [139/900] 960a3ec7-f296-42c0-8025-5b661b0c262a: 22 groups; 0.6 s; peak memory 1111 MiB.
2026-10-10T15:36:13Z INFO [140/900] 960b8d9e-ca88-4c29-bd2b-aae49f23ef32: 187 groups; 3.7 s; peak memory 1111 MiB.
2026-10-10T15:36:14Z INFO [141/900] 960babe5-4b2e-4546-a14e-0321d1762a01: 22 groups; 0.8 s; peak memory 1111 MiB.
2026-10-10T15:36:15Z INFO [142/900] 960c0eb0-1f07-473e-a76f-32af337eea7f: 52 groups; 0.8 s; peak memory 1111 MiB.
2026-10-10T15:36:16Z INFO [143/900] 960cccb4-3abd-4d64-83aa-eb51c8e2120a: 32 groups; 0.9 s; peak memory 1111 MiB.
2026-10-10T15:36:17Z INFO [144/900] 960cd0ff-c068-4ba8-9882-4339693437c0: 341 groups; 1.6 s; peak memory 1111 MiB.
2026-10-10T15:36:19Z INFO [145/900] 960d373d-a8c6-4945-9ca8-9dbd641c2315: 30 groups; 1.9 s; peak memory 1111 MiB.
2026-10-10T15:36:21Z INFO [146/900] 960d9877-981e-4309-a888-643e86fdea43: 199 groups; 1.4 s; peak memory 1111 MiB.
2026-10-10T15:36:21Z INFO [147/900] 960dbba9-6b7c-4cd0-9690-d3adfa180ed6: 17 groups; 0.8 s; peak memory 1111 MiB.
2026-10-10T15:36:31Z INFO [148/900] 960de639-0e12-46d8-b2cd-8d4d819a83ce: 49 groups; 9.2 s; peak memory 1111 MiB.
2026-10-10T15:36:32Z INFO [149/900] 960ead81-fa03-4bd5-96f7-c5c2e9cf61e5: 35 groups; 1.4 s; peak memory 1111 MiB.
2026-10-10T15:36:33Z INFO [150/900] 960f11c0-0c58-44ea-9c4c-8df8a16f7def: 22 groups; 0.7 s; peak memory 1111 MiB.
2026-10-10T15:36:33Z INFO [150/900] 960f11c0-0c58-44ea-9c4c-8df8a16f7def: checkpointed 119386 new records.
2026-10-10T15:36:34Z INFO [151/900] 961102ad-ebaa-4323-8df7-a9fd69c8f291: 27 groups; 1.0 s; peak memory 1111 MiB.
2026-10-10T15:36:35Z INFO [152/900] 96114554-3c96-427c-b913-a548c9f3bd7e: 30 groups; 0.6 s; peak memory 1111 MiB.
2026-10-10T15:36:36Z INFO [153/900] 9611689e-7a4f-4c81-9231-482dc6cd4ba2: 22 groups; 0.9 s; peak memory 1111 MiB.
2026-10-10T15:37:37Z INFO [154/900] 96116f95-2aa7-4c55-8a36-1e1be196b3b0: 33 groups; 61.5 s; peak memory 1111 MiB.
2026-10-10T15:37:39Z INFO [155/900] 9611ba29-1fe6-4adc-9782-c7a964d7373e: 35 groups; 1.5 s; peak memory 1111 MiB.
2026-10-10T15:37:39Z INFO [156/900] 96128cf2-52a6-4fa9-ab8a-72128f44348f: 22 groups; 0.9 s; peak memory 1111 MiB.
2026-10-10T15:37:41Z INFO [157/900] 96137b6d-4be8-4ab6-8dba-abcd1e02643c: 32 groups; 1.1 s; peak memory 1111 MiB.
2026-10-10T15:37:42Z INFO [158/900] 9613b2ec-dcf3-486f-bb22-a0b71f2c7010: 34 groups; 1.3 s; peak memory 1111 MiB.
2026-10-10T15:37:43Z INFO [159/900] 9614dd54-1caa-452d-8588-6950eb30294a: 32 groups; 1.0 s; peak memory 1111 MiB.
2026-10-10T15:37:44Z INFO [160/900] 96150d42-e52a-4160-bc8e-d75874043a19: 48 groups; 1.6 s; peak memory 1111 MiB.
2026-10-10T15:37:46Z INFO [161/900] 9615162d-ee11-4ec7-aa78-d919eb34e759: 32 groups; 1.1 s; peak memory 1111 MiB.
2026-10-10T15:37:47Z INFO [162/900] 9615232c-5364-4d71-900c-3997d994bd35: 35 groups; 1.0 s; peak memory 1111 MiB.
2026-10-10T15:37:48Z INFO [163/900] 9615322f-805b-45b2-a6f3-2a035636bc92: 55 groups; 1.3 s; peak memory 1111 MiB.
2026-10-10T15:37:49Z INFO [164/900] 961541e3-75c8-4149-b47c-8d8db48506a9: 35 groups; 1.1 s; peak memory 1111 MiB.
2026-10-10T15:37:50Z INFO [165/900] 96156fda-78a6-40ff-8609-7fcd62f39c51: 22 groups; 0.9 s; peak memory 1111 MiB.
2026-10-10T15:37:51Z INFO [166/900] 96159482-87c4-417d-b71f-b7b0ae769a9a: 22 groups; 0.9 s; peak memory 1111 MiB.
2026-10-10T15:37:52Z INFO [167/900] 961604a2-954e-484d-98d0-fdb148ed03b3: 40 groups; 1.0 s; peak memory 1111 MiB.
2026-10-10T15:37:53Z INFO [168/900] 96160af3-0fd9-4018-95b8-2ff6f4330f1e: 29 groups; 0.8 s; peak memory 1111 MiB.
2026-10-10T15:37:54Z INFO [169/900] 9616df09-bcff-446e-94cc-30597f3cdeb7: 22 groups; 0.8 s; peak memory 1111 MiB.
2026-10-10T15:37:55Z INFO [170/900] 96173a78-9783-42c1-845e-d4c08e3c6279: 32 groups; 0.9 s; peak memory 1111 MiB.
2026-10-10T15:37:56Z INFO [171/900] 9617e61b-c536-416a-91ad-254d1c9ac7f2: 341 groups; 1.5 s; peak memory 1111 MiB.
2026-10-10T15:37:57Z INFO [172/900] 96183191-6077-42da-99aa-8ef31f064ad8: 32 groups; 0.7 s; peak memory 1111 MiB.
2026-10-10T15:38:06Z INFO [173/900] 96186fa8-4ef7-469b-8b44-6ad463c9dd32: 197 groups; 9.7 s; peak memory 1111 MiB.
2026-10-10T15:38:09Z INFO [174/900] 9618b4f6-df05-416d-a4e2-7220917c6641: 47 groups; 2.6 s; peak memory 1111 MiB.
2026-10-10T15:38:10Z INFO [175/900] 9619f157-6aec-4b70-bd1d-9403bb0172e2: 18 groups; 0.6 s; peak memory 1111 MiB.
2026-10-10T15:38:21Z INFO [176/900] 961a2025-3737-4390-9629-346b3cf8700d: 27 groups; 11.7 s; peak memory 1111 MiB.
2026-10-10T15:38:22Z INFO [177/900] 961abccd-da14-4b6d-976a-3b9e38b467ef: 31 groups; 1.0 s; peak memory 1111 MiB.
2026-10-10T15:38:27Z INFO [178/900] 961b66eb-a936-4ad2-87d8-c9b8c8a150e1: 115 groups; 4.7 s; peak memory 1111 MiB.
2026-10-10T15:38:28Z INFO [179/900] 961c1614-1e20-496c-833c-24fc91a37986: 72 groups; 1.0 s; peak memory 1111 MiB.
2026-10-10T15:38:29Z INFO [180/900] 961d6593-14ea-4be5-92a4-2d5ec9377895: 32 groups; 1.2 s; peak memory 1111 MiB.
2026-10-10T15:38:30Z INFO [181/900] 961dd1c0-8b99-493b-9b1f-a7ded1b05afc: 35 groups; 1.1 s; peak memory 1111 MiB.
2026-10-10T15:38:37Z INFO [182/900] 961debff-5a84-414f-954b-33e177e98b1c: 68 groups; 7.0 s; peak memory 1111 MiB.
2026-10-10T15:38:40Z INFO [183/900] 961e2dd5-f8a4-4e54-9b11-ed38b6a07abb: 48 groups; 2.2 s; peak memory 1111 MiB.
2026-10-10T15:38:41Z INFO [184/900] 961e7027-16c8-4383-8393-597164c7bcc7: 261 groups; 1.1 s; peak memory 1111 MiB.
2026-10-10T15:38:44Z INFO [185/900] 961e9974-2f30-4f8f-a473-05aa1c918d30: 78 groups; 3.0 s; peak memory 1111 MiB.
2026-10-10T15:38:45Z INFO [186/900] 961fe540-3933-4ee2-9dc9-3d629906af22: 32 groups; 0.9 s; peak memory 1111 MiB.
2026-10-10T15:38:47Z INFO [187/900] 9620ca3f-c91f-489b-aa3c-27415f5fe778: 202 groups; 2.0 s; peak memory 1111 MiB.
2026-10-10T15:38:47Z INFO [188/900] 96213d6a-41f3-48c4-b126-9aa6650859af: 31 groups; 0.8 s; peak memory 1111 MiB.
2026-10-10T15:38:48Z INFO [189/900] 9621872e-5317-41d8-ad1a-c1acc02c483f: 254 groups; 0.8 s; peak memory 1111 MiB.
2026-10-10T15:38:57Z INFO [190/900] 9621a1f0-916f-4a1e-86f4-92c5001d41ad: 212 groups; 8.7 s; peak memory 1111 MiB.
2026-10-10T15:38:58Z INFO [191/900] 962218fb-17a9-4a9a-aa6a-7762646b3b83: 35 groups; 1.1 s; peak memory 1111 MiB.
2026-10-10T15:39:02Z INFO [192/900] 962314cf-daa6-4259-b215-4c82d1d057c3: 131 groups; 3.7 s; peak memory 1111 MiB.
2026-10-10T15:39:03Z INFO [193/900] 96235e20-01bd-490d-adca-166872752352: 32 groups; 1.1 s; peak memory 1111 MiB.
2026-10-10T15:39:04Z INFO [194/900] 962429fc-e7d8-4b49-9e0d-6cbc38ea2b4e: 36 groups; 1.1 s; peak memory 1111 MiB.
2026-10-10T15:39:05Z INFO [195/900] 96243127-034f-41cf-9025-e585cece97be: 33 groups; 0.9 s; peak memory 1111 MiB.
2026-10-10T15:39:06Z INFO [196/900] 9624416d-b465-4ece-97ac-7dfecd6e471e: 32 groups; 0.9 s; peak memory 1111 MiB.
2026-10-10T15:39:06Z INFO [197/900] 96249188-f1b2-4226-adef-750f378f2a47: 33 groups; 0.8 s; peak memory 1111 MiB.
2026-10-10T15:39:07Z INFO [198/900] 96259578-ba7e-4003-9452-15162bd88d75: 22 groups; 0.9 s; peak memory 1111 MiB.
2026-10-10T15:39:08Z INFO [199/900] 9625ff2f-6f42-4289-bbc0-b1d120e36b07: 32 groups; 0.7 s; peak memory 1111 MiB.
2026-10-10T15:40:52Z INFO [200/900] 96261c0d-8acc-4105-b347-30ae78c18b60: 72 groups; 103.8 s; peak memory 1111 MiB.
2026-10-10T15:40:52Z INFO [200/900] 96261c0d-8acc-4105-b347-30ae78c18b60: checkpointed 119436 new records.
2026-10-10T15:40:53Z INFO [201/900] 9626ae45-cd10-418e-b04e-92e861e65531: 22 groups; 0.7 s; peak memory 1111 MiB.
2026-10-10T15:40:54Z INFO [202/900] 96288477-da0e-4f48-be84-8c8daecd05fc: 32 groups; 1.0 s; peak memory 1111 MiB.
2026-10-10T15:41:34Z INFO [203/900] 96296da5-2b5d-4a04-80d2-bcc94a25b4de: 27 groups; 40.1 s; peak memory 1111 MiB.
2026-10-10T15:41:40Z INFO [204/900] 9629809a-3ba7-4634-a014-edffe02e7da7: 34 groups; 6.5 s; peak memory 1111 MiB.
2026-10-10T15:41:41Z INFO [205/900] 96299b41-974a-4720-8e99-406eff66bea7: 22 groups; 0.8 s; peak memory 1111 MiB.
2026-10-10T15:41:43Z INFO [206/900] 9629cdbb-a88f-4c8b-ab3a-9dfd78cae790: 48 groups; 2.1 s; peak memory 1111 MiB.
2026-10-10T15:41:44Z INFO [207/900] 9629e673-434a-4acf-9a3c-7e88fafe9eee: 32 groups; 1.0 s; peak memory 1111 MiB.
2026-10-10T15:41:45Z INFO [208/900] 962a8fef-22c5-4429-b18e-9a11e8285aa0: 24 groups; 0.9 s; peak memory 1111 MiB.
2026-10-10T15:41:46Z INFO [209/900] 962c0741-6fb1-4f48-9b3a-11f9f97c3df9: 195 groups; 1.1 s; peak memory 1111 MiB.
2026-10-10T15:44:51Z INFO [210/900] 962c3438-87bb-4e9a-bf88-cb82a1a5f6f8: 75 groups; 184.2 s; peak memory 1111 MiB.
2026-10-10T15:44:51Z INFO [211/900] 962ca96b-1faa-4702-9518-9fde9c0b5700: 22 groups; 0.9 s; peak memory 1111 MiB.
2026-10-10T15:46:51Z INFO [212/900] 962d1ba4-f8a9-42a3-86a8-451fbf828c13: 45 groups; 120.0 s; peak memory 1164 MiB.
2026-10-10T15:46:53Z INFO [213/900] 962dbec5-fe05-424c-977e-6ed53733f1aa: 195 groups; 1.2 s; peak memory 1164 MiB.
2026-10-10T15:47:05Z INFO [214/900] 962de398-281f-4fa8-b324-945be4894181: 116 groups; 12.3 s; peak memory 1164 MiB.
2026-10-10T15:47:06Z INFO [215/900] 962e42ae-0181-4f9d-93a1-1fc39cb6c4b8: 16 groups; 0.6 s; peak memory 1164 MiB.
2026-10-10T15:47:07Z INFO [216/900] 962e4973-f2e5-49b4-ae38-a19add4793c2: 31 groups; 1.2 s; peak memory 1164 MiB.
2026-10-10T15:47:12Z INFO [217/900] 962e592e-5503-4d31-84fb-c7290ced45fa: 60 groups; 5.7 s; peak memory 1164 MiB.
2026-10-10T15:47:13Z INFO [218/900] 962e9901-e38f-4dc8-8779-bf6d0a2f5420: 206 groups; 1.0 s; peak memory 1164 MiB.
2026-10-10T15:47:14Z INFO [219/900] 962f3ceb-6892-4caf-81b5-8c7f4157c771: 253 groups; 0.9 s; peak memory 1164 MiB.
2026-10-10T15:47:15Z INFO [220/900] 962f606b-c934-470f-a89f-a1df890820f3: 22 groups; 0.9 s; peak memory 1164 MiB.
2026-10-10T15:47:16Z INFO [221/900] 962f6450-932d-4a79-a842-d1182cae8588: 22 groups; 0.8 s; peak memory 1164 MiB.
2026-10-10T15:47:18Z INFO [222/900] 962fb79a-ddac-4f03-8e51-b9c386062e10: 341 groups; 1.7 s; peak memory 1164 MiB.
2026-10-10T15:47:19Z INFO [223/900] 962fecce-65ef-49aa-b820-c378c61ef833: 48 groups; 1.1 s; peak memory 1164 MiB.
2026-10-10T15:47:21Z INFO [224/900] 96300f37-87e0-451e-8fdc-890bdda32abe: 34 groups; 2.6 s; peak memory 1164 MiB.
2026-10-10T15:47:23Z INFO [225/900] 96312b4c-46e7-4202-bf79-79a1c89a27e5: 37 groups; 1.2 s; peak memory 1164 MiB.
2026-10-10T15:47:23Z INFO [226/900] 963260bb-19c9-49bc-8a86-3d03e88d4c22: 22 groups; 0.8 s; peak memory 1164 MiB.
2026-10-10T15:47:37Z INFO [227/900] 96327a6e-f4b5-479c-86ef-4657ed7ad862: 222 groups; 13.5 s; peak memory 1164 MiB.
2026-10-10T15:49:08Z INFO [228/900] 9632aa5f-4116-4268-ad89-529c8e6f0f95: 63 groups; 90.8 s; peak memory 1164 MiB.
2026-10-10T15:49:09Z INFO [229/900] 96335590-58d6-4631-a2f8-5e4eab98d8b3: 33 groups; 1.0 s; peak memory 1164 MiB.
2026-10-10T15:49:09Z INFO [230/900] 9633a0a9-6de9-43cb-a7d5-b00f04d83436: 31 groups; 0.8 s; peak memory 1164 MiB.
2026-10-10T15:49:10Z INFO [231/900] 96341e40-a606-4800-9bf0-5a9ce1898c04: 252 groups; 1.0 s; peak memory 1164 MiB.
2026-10-10T15:49:12Z INFO [232/900] 9634595f-2c4e-4c3c-acfd-4f642c1502f8: 64 groups; 2.0 s; peak memory 1164 MiB.
2026-10-10T15:49:13Z INFO [233/900] 96348a30-a168-4a84-afd0-54f53747c6b3: 20 groups; 0.9 s; peak memory 1164 MiB.
2026-10-10T15:49:14Z INFO [234/900] 9635f092-195b-4513-b056-caddbadb60a7: 25 groups; 0.8 s; peak memory 1164 MiB.
2026-10-10T15:49:16Z INFO [235/900] 963673f5-d384-4b6d-b5d3-e076f8f51ee9: 202 groups; 1.6 s; peak memory 1164 MiB.
2026-10-10T15:49:17Z INFO [236/900] 9636a96a-79c6-4789-a4c2-0c79feaa1041: 67 groups; 0.9 s; peak memory 1164 MiB.
2026-10-10T15:49:17Z INFO [237/900] 963705fb-1482-4dd0-9bea-9cd68218f823: 22 groups; 0.8 s; peak memory 1164 MiB.
2026-10-10T15:49:18Z INFO [238/900] 96377c15-0758-4917-bdaa-b4d7ffee31b3: 32 groups; 0.9 s; peak memory 1164 MiB.
2026-10-10T15:49:23Z INFO [239/900] 96380642-b784-44ba-87fc-23c6354dcf8a: 181 groups; 4.7 s; peak memory 1164 MiB.
2026-10-10T15:49:38Z INFO [240/900] 963894b2-689b-40ab-8316-c5363a00deed: 23 groups; 15.0 s; peak memory 1164 MiB.
2026-10-10T15:49:39Z INFO [241/900] 9638e49c-84b8-4c8d-9be6-320ec46655b2: 32 groups; 0.8 s; peak memory 1164 MiB.
2026-10-10T15:49:39Z INFO [242/900] 963a1f23-60de-4455-ac2c-11293f84ea46: 17 groups; 0.5 s; peak memory 1164 MiB.
2026-10-10T15:49:50Z INFO [243/900] 963a6c01-1b2d-4b2b-9d6a-60367c859dd9: 280 groups; 11.0 s; peak memory 1164 MiB.
2026-10-10T15:49:51Z INFO [244/900] 963d3b18-d4da-457d-8125-ff190be41710: 39 groups; 1.1 s; peak memory 1164 MiB.
2026-10-10T15:49:53Z INFO [245/900] 963d6c4c-04ae-44da-829b-34f2b7c74b01: 336 groups; 1.6 s; peak memory 1164 MiB.
2026-10-10T15:49:54Z INFO [246/900] 963df472-6e3e-41b7-b640-b3e39bb60c7c: 22 groups; 0.9 s; peak memory 1164 MiB.
2026-10-10T15:50:00Z INFO [247/900] 963f67d4-2432-4e78-8951-99a992fc5297: 198 groups; 6.5 s; peak memory 1164 MiB.
2026-10-10T15:50:06Z INFO [248/900] 963fa7b8-5380-4814-9b2e-00d44f0abd59: 196 groups; 5.4 s; peak memory 1164 MiB.
2026-10-10T15:50:21Z INFO [249/900] 963ffe47-279e-4b57-a821-db703e31a0d2: 2509 groups; 15.1 s; peak memory 1164 MiB.
2026-10-10T15:50:22Z INFO [250/900] 964004a3-88b7-4a55-8bf7-c467abd98c56: 22 groups; 0.9 s; peak memory 1164 MiB.
2026-10-10T15:50:22Z INFO [250/900] 964004a3-88b7-4a55-8bf7-c467abd98c56: checkpointed 119486 new records.
2026-10-10T15:50:23Z INFO [251/900] 96406883-f826-42cd-a5b6-9964907bb2d4: 207 groups; 1.3 s; peak memory 1164 MiB.
2026-10-10T15:50:29Z INFO [252/900] 9640bea0-fc49-4fc3-8a1a-ce53c4b87bca: 22 groups; 5.8 s; peak memory 1164 MiB.
2026-10-10T15:50:30Z INFO [253/900] 96419f8d-ae73-4702-bf62-e97f2ff19e33: 22 groups; 0.8 s; peak memory 1164 MiB.
2026-10-10T15:50:31Z INFO [254/900] 9641a755-359b-4649-a07f-8b44d9143a1d: 32 groups; 0.8 s; peak memory 1164 MiB.
2026-10-10T15:50:32Z INFO [255/900] 9643dc25-6070-4289-87cf-748c58b61991: 29 groups; 0.9 s; peak memory 1164 MiB.
2026-10-10T15:53:33Z INFO [256/900] 96443e5c-64ab-42fc-b0a7-603c83fe99b0: 72 groups; 181.4 s; peak memory 1164 MiB.
2026-10-10T15:53:34Z INFO [257/900] 96452fd6-92e0-47d8-9e4a-a66243bf7933: 22 groups; 0.6 s; peak memory 1164 MiB.
2026-10-10T15:53:42Z INFO [258/900] 9645517b-731d-4594-a49d-da8a8f510930: 180 groups; 8.0 s; peak memory 1164 MiB.
2026-10-10T15:53:55Z INFO [259/900] 9646cbf4-9425-4663-bc36-6e0a00da0e2f: 290 groups; 13.5 s; peak memory 1164 MiB.
2026-10-10T15:54:16Z INFO [260/900] 9647090e-ce9a-4905-9fc3-ec0b28f3502a: 24 groups; 20.8 s; peak memory 1164 MiB.
2026-10-10T15:54:17Z INFO [261/900] 964813f7-c790-4553-9a75-85296671ff27: 22 groups; 0.8 s; peak memory 1164 MiB.
2026-10-10T15:54:18Z INFO [262/900] 96495b55-81bf-45b1-9abe-d27012dd569e: 336 groups; 1.3 s; peak memory 1164 MiB.
2026-10-10T15:54:19Z INFO [263/900] 96496462-b746-4b1d-9a49-92e38f10b6dd: 22 groups; 0.9 s; peak memory 1164 MiB.
2026-10-10T15:54:20Z INFO [264/900] 964969f3-6c30-43c1-8958-cb611f08229d: 16 groups; 0.8 s; peak memory 1164 MiB.
2026-10-10T15:54:21Z INFO [265/900] 9649c60c-2419-4b74-a2f8-56fe5691e416: 253 groups; 1.1 s; peak memory 1164 MiB.
2026-10-10T15:54:22Z INFO [266/900] 9649d248-fbf1-4799-8019-72d39be95dd1: 22 groups; 0.7 s; peak memory 1164 MiB.
2026-10-10T15:54:23Z INFO [267/900] 9649e3ff-f0be-4136-b284-5e7528438203: 32 groups; 1.1 s; peak memory 1164 MiB.
2026-10-10T15:54:24Z INFO [268/900] 964a8973-9349-4679-8666-dd5b1b9128bf: 32 groups; 1.1 s; peak memory 1164 MiB.
2026-10-10T15:54:25Z INFO [269/900] 964abff9-8e64-4119-bf28-3c104c787b66: 22 groups; 0.7 s; peak memory 1164 MiB.
2026-10-10T15:54:26Z INFO [270/900] 964af2aa-d102-48a8-8849-d03f28607346: 203 groups; 1.2 s; peak memory 1164 MiB.
2026-10-10T15:54:35Z INFO [271/900] 964af4b4-722c-4c20-90dc-d12e1cae7e8b: 206 groups; 9.5 s; peak memory 1164 MiB.
2026-10-10T15:54:46Z INFO [272/900] 964bcf86-dbeb-4960-89ef-f4b5c37a5107: 297 groups; 10.9 s; peak memory 1164 MiB.
2026-10-10T15:54:47Z INFO [273/900] 964da2a8-f3c6-4f6a-aa8d-8547d42aeb6c: 22 groups; 0.7 s; peak memory 1164 MiB.
2026-10-10T15:54:48Z INFO [274/900] 964eb81e-5664-4ec2-89c5-384162857e94: 22 groups; 0.8 s; peak memory 1164 MiB.
2026-10-10T15:54:49Z INFO [275/900] 964f1bd5-392a-4787-9b69-2f0b42c51d30: 22 groups; 1.0 s; peak memory 1164 MiB.
2026-10-10T15:54:53Z INFO [276/900] 964f5656-aac5-4763-8a6f-099cde393828: 67 groups; 4.4 s; peak memory 1164 MiB.
2026-10-10T15:54:54Z INFO [277/900] 96502248-9711-4713-baba-3ef7715f2a7c: 16 groups; 0.6 s; peak memory 1164 MiB.
2026-10-10T15:54:55Z INFO [278/900] 9650873d-666f-45e2-8b76-dba80c380b30: 29 groups; 1.0 s; peak memory 1164 MiB.
2026-10-10T15:54:56Z INFO [279/900] 9650c42f-d8f6-490f-8fd0-406b65deaaf1: 32 groups; 1.0 s; peak memory 1164 MiB.
2026-10-10T15:54:57Z INFO [280/900] 96513eea-2555-4970-87be-e2ef471a5cf2: 103 groups; 0.9 s; peak memory 1164 MiB.
2026-10-10T15:55:04Z INFO [281/900] 9651808c-51f8-41aa-b486-61d2ad801ebb: 184 groups; 7.3 s; peak memory 1164 MiB.
2026-10-10T15:55:05Z INFO [282/900] 965182e0-60e4-4148-9c0c-c152516a9bd2: 30 groups; 1.0 s; peak memory 1164 MiB.
2026-10-10T15:56:40Z INFO [283/900] 96519fe8-7b29-4a8e-853c-5d0479401e99: 60 groups; 95.2 s; peak memory 1164 MiB.
2026-10-10T15:56:41Z INFO [284/900] 9651d9ee-09fe-4eff-8869-230ceb1c621e: 32 groups; 0.9 s; peak memory 1164 MiB.
2026-10-10T15:56:42Z INFO [285/900] 9651fc7f-0eb6-46fa-b70c-4b31ad0fbefe: 35 groups; 1.2 s; peak memory 1164 MiB.
2026-10-10T15:56:43Z INFO [286/900] 96524f9c-7b2b-4d05-9b3c-1766a2b5877b: 197 groups; 1.1 s; peak memory 1164 MiB.
2026-10-10T15:56:46Z INFO [287/900] 96531534-5bcc-45bc-b8b9-c9dc53cbe241: 48 groups; 2.5 s; peak memory 1164 MiB.
2026-10-10T15:56:47Z INFO [288/900] 96535140-2641-4b31-acc5-fa904d44d733: 252 groups; 0.9 s; peak memory 1164 MiB.
2026-10-10T15:56:48Z INFO [289/900] 9653d0f3-9fef-414e-8686-4d6389dc5f9b: 48 groups; 1.7 s; peak memory 1164 MiB.
2026-10-10T15:56:49Z INFO [290/900] 96551a45-8bea-4164-bb14-3cef74a1e778: 24 groups; 0.7 s; peak memory 1164 MiB.
2026-10-10T15:56:50Z INFO [291/900] 96555145-d474-4c19-b211-6863b2066022: 108 groups; 1.2 s; peak memory 1164 MiB.
2026-10-10T15:56:51Z INFO [292/900] 96557957-50c2-4065-9c99-de920cf427be: 32 groups; 0.9 s; peak memory 1164 MiB.
2026-10-10T15:56:52Z INFO [293/900] 965616d0-da9b-4df8-9d3d-523607c624ac: 17 groups; 0.7 s; peak memory 1164 MiB.
2026-10-10T15:56:54Z INFO [294/900] 965684d5-3db6-44d0-8d05-a01e229714da: 48 groups; 1.9 s; peak memory 1164 MiB.
2026-10-10T15:56:55Z INFO [295/900] 9657c0ee-db12-46c4-9e19-3e6fb87dd171: 32 groups; 0.9 s; peak memory 1164 MiB.
2026-10-10T15:56:58Z INFO [296/900] 96583c75-f0de-46ee-8d35-0970d469e588: 78 groups; 3.2 s; peak memory 1164 MiB.
2026-10-10T15:56:59Z INFO [297/900] 965844ef-e0b9-4213-acf4-1915cb5697c9: 22 groups; 0.9 s; peak memory 1164 MiB.
2026-10-10T15:57:00Z INFO [298/900] 965a6933-3a87-4b68-8773-bc1bf488d87e: 32 groups; 1.2 s; peak memory 1164 MiB.
2026-10-10T15:57:01Z INFO [299/900] 965aabda-30e2-4934-9460-76cb41c48180: 25 groups; 0.9 s; peak memory 1164 MiB.
2026-10-10T15:57:02Z INFO [300/900] 965ab919-df4f-4731-baf8-88fcffe33e98: 22 groups; 0.8 s; peak memory 1164 MiB.
2026-10-10T15:57:02Z INFO [300/900] 965ab919-df4f-4731-baf8-88fcffe33e98: checkpointed 119536 new records.
2026-10-10T15:57:04Z INFO [301/900] 965b0b99-7e84-40d1-8fc2-60bdfe6a41c0: 341 groups; 2.0 s; peak memory 1164 MiB.
2026-10-10T15:57:05Z INFO [302/900] 965b5640-12f2-4cab-97b3-a1b0a1646dc8: 22 groups; 0.9 s; peak memory 1164 MiB.
2026-10-10T15:57:06Z INFO [303/900] 965c1ac3-f38a-4747-93fd-592c88361fe5: 194 groups; 1.2 s; peak memory 1164 MiB.
2026-10-10T15:57:07Z INFO [304/900] 965c3f21-7d7a-431a-a04b-99c73f6c6698: 32 groups; 0.8 s; peak memory 1164 MiB.
2026-10-10T15:57:08Z INFO [305/900] 965de725-93ab-4f5e-9431-00af10838a32: 24 groups; 1.3 s; peak memory 1164 MiB.
2026-10-10T15:57:09Z INFO [306/900] 965e204d-ab4e-4752-b8c6-02d825d69a22: 22 groups; 0.8 s; peak memory 1164 MiB.
2026-10-10T15:57:13Z INFO [307/900] 965e876f-f316-4267-b121-145065261ec2: 59 groups; 4.5 s; peak memory 1164 MiB.
2026-10-10T15:57:19Z INFO [308/900] 965f61aa-bb08-4e76-b413-34d8a598365f: 143 groups; 6.1 s; peak memory 1164 MiB.
2026-10-10T15:57:20Z INFO [309/900] 965f7d3e-1c93-4db9-886c-9485ac521179: 22 groups; 0.8 s; peak memory 1164 MiB.
2026-10-10T15:57:21Z INFO [310/900] 9660073b-fcd2-48af-8619-aa8f81dd20e1: 22 groups; 0.8 s; peak memory 1164 MiB.
2026-10-10T15:57:22Z INFO [311/900] 9660383e-ecd5-4294-944c-34c7ff14d643: 22 groups; 0.7 s; peak memory 1164 MiB.
2026-10-10T15:57:23Z INFO [312/900] 96609278-0aa1-4125-8ac2-77f0e3bbe0e3: 32 groups; 1.3 s; peak memory 1164 MiB.
2026-10-10T15:57:32Z INFO [313/900] 96609796-ee74-42f4-9839-05933d259bd8: 162 groups; 9.1 s; peak memory 1164 MiB.
2026-10-10T15:57:33Z INFO [314/900] 96617d95-7026-4295-a8ed-fa5d3d9dd5fe: 22 groups; 0.7 s; peak memory 1164 MiB.
2026-10-10T15:57:34Z INFO [315/900] 9662612a-2f1c-4bbf-b50a-a748921bf3d4: 32 groups; 0.9 s; peak memory 1164 MiB.
2026-10-10T15:57:35Z INFO [316/900] 9662e832-c3ad-4c1a-b76b-cb76ac9da056: 22 groups; 0.7 s; peak memory 1164 MiB.
2026-10-10T15:57:35Z INFO [317/900] 96642886-387b-441e-981f-30e665ab4874: 195 groups; 0.9 s; peak memory 1164 MiB.
2026-10-10T15:57:36Z INFO [318/900] 966460ac-9c90-4b18-b3ba-6a862a6c8cff: 22 groups; 0.9 s; peak memory 1164 MiB.
2026-10-10T15:57:37Z INFO [319/900] 9664a198-441f-4f97-8e88-c1227625cc6f: 255 groups; 1.0 s; peak memory 1164 MiB.
2026-10-10T15:57:38Z INFO [320/900] 9665328e-23fd-48aa-9159-5d3dba18adc7: 32 groups; 0.7 s; peak memory 1164 MiB.
2026-10-10T15:57:47Z INFO [321/900] 9666153f-8010-449d-a2d9-6cfba254c9db: 241 groups; 8.5 s; peak memory 1164 MiB.
2026-10-10T15:57:48Z INFO [322/900] 96669f93-b985-473b-bb24-1e476674f335: 35 groups; 1.1 s; peak memory 1164 MiB.
2026-10-10T15:57:50Z INFO [323/900] 9667f429-696d-4dc9-811b-4b0ada02fa9e: 60 groups; 2.3 s; peak memory 1164 MiB.
2026-10-10T15:57:51Z INFO [324/900] 96680d07-c15b-4815-a4e5-ffcc04d266b6: 33 groups; 1.2 s; peak memory 1164 MiB.
2026-10-10T15:57:53Z INFO [325/900] 9668bebc-987a-40f7-939a-10aa2e8e4145: 204 groups; 1.7 s; peak memory 1164 MiB.
2026-10-10T15:57:54Z INFO [326/900] 966968a9-ab08-4ce6-a7b1-00caffdad5d3: 22 groups; 1.0 s; peak memory 1164 MiB.
2026-10-10T15:57:56Z INFO [327/900] 9669b9d0-2f17-4754-8b6f-ba1654fa17f3: 194 groups; 2.1 s; peak memory 1164 MiB.
2026-10-10T15:57:59Z INFO [328/900] 966a2bd8-3454-4213-adfb-5aadbf2dc1e0: 47 groups; 3.1 s; peak memory 1164 MiB.
2026-10-10T15:58:00Z INFO [329/900] 966a60c8-cec6-48bb-9b9d-803671507c6a: 32 groups; 1.2 s; peak memory 1164 MiB.
2026-10-10T15:58:01Z INFO [330/900] 966aba9f-b619-4ad3-9731-75b2e9c56a27: 32 groups; 0.9 s; peak memory 1164 MiB.
2026-10-10T15:58:02Z INFO [331/900] 966af3f7-564c-41c7-a306-74820dea3927: 22 groups; 0.9 s; peak memory 1164 MiB.
2026-10-10T15:58:03Z INFO [332/900] 966b09c8-4723-4a5a-b9af-c484b5c7da2d: 20 groups; 0.8 s; peak memory 1164 MiB.
2026-10-10T15:58:07Z INFO [333/900] 966b2cc5-1990-4d0a-9b8a-eb07c9642894: 105 groups; 4.7 s; peak memory 1164 MiB.
2026-10-10T15:58:08Z INFO [334/900] 966b95f2-094a-4be0-9450-6a076b84f184: 22 groups; 1.0 s; peak memory 1164 MiB.
2026-10-10T15:59:45Z INFO [335/900] 966bbe6a-7386-418a-a402-3ac5a45c83c3: 60 groups; 96.0 s; peak memory 1164 MiB.
2026-10-10T15:59:49Z INFO [336/900] 966c052d-6e79-4dfe-8d29-1c7f92ea08f0: 71 groups; 4.4 s; peak memory 1164 MiB.
2026-10-10T15:59:54Z INFO [337/900] 966c212d-22c5-41ee-a47e-80bd66c9b308: 181 groups; 4.6 s; peak memory 1164 MiB.
2026-10-10T15:59:54Z INFO [338/900] 966c35ad-6b52-4bbc-a022-f43c2533265d: 32 groups; 0.9 s; peak memory 1164 MiB.
2026-10-10T15:59:56Z INFO [339/900] 966c9be2-f033-4ce3-9410-bf0fa6771227: 202 groups; 1.5 s; peak memory 1164 MiB.
2026-10-10T16:00:00Z INFO [340/900] 966ca852-1ada-4d72-be97-ab1c982e63f1: 73 groups; 4.2 s; peak memory 1164 MiB.
2026-10-10T16:00:01Z INFO [341/900] 966cb506-6521-49ef-933e-5dd87b7425db: 32 groups; 0.9 s; peak memory 1164 MiB.
2026-10-10T16:00:02Z INFO [342/900] 966cd111-64cf-4222-b457-5a44e3cde6ff: 22 groups; 1.0 s; peak memory 1164 MiB.
2026-10-10T16:00:03Z INFO [343/900] 966d1507-0971-4cda-93cf-bf274c722ea9: 71 groups; 0.7 s; peak memory 1164 MiB.
2026-10-10T16:00:05Z INFO [344/900] 966e5e40-2460-489d-873d-c26b0c864be0: 54 groups; 1.9 s; peak memory 1164 MiB.
2026-10-10T16:00:06Z INFO [345/900] 9670681b-2b5c-4bc5-a896-ccd2e50132be: 33 groups; 0.9 s; peak memory 1164 MiB.
2026-10-10T16:00:06Z INFO [346/900] 9670d90f-5c29-4991-b464-41a2cb3c488d: 22 groups; 0.7 s; peak memory 1164 MiB.
2026-10-10T16:00:08Z INFO [347/900] 96727bba-68a7-41f7-9047-0cf50fff8057: 29 groups; 1.4 s; peak memory 1164 MiB.
2026-10-10T16:00:09Z INFO [348/900] 96743066-23a4-4e95-9662-ec1799cfb092: 22 groups; 0.9 s; peak memory 1164 MiB.
2026-10-10T16:00:10Z INFO [349/900] 96747372-f31e-4480-98fc-8607912a3b3b: 32 groups; 1.1 s; peak memory 1164 MiB.
2026-10-10T16:00:11Z INFO [350/900] 9676784e-044e-4323-aedf-c0fd0d24a255: 341 groups; 1.2 s; peak memory 1164 MiB.
2026-10-10T16:00:11Z INFO [350/900] 9676784e-044e-4323-aedf-c0fd0d24a255: checkpointed 119586 new records.
2026-10-10T16:00:13Z INFO [351/900] 96777b6f-6b67-4a56-872d-d4e823ed199b: 52 groups; 1.6 s; peak memory 1164 MiB.
2026-10-10T16:00:19Z INFO [352/900] 9677b986-256a-4be2-b608-7ee27b92bfb4: 106 groups; 6.0 s; peak memory 1164 MiB.
2026-10-10T16:00:20Z INFO [353/900] 9678194d-a108-421a-968b-936895568520: 49 groups; 1.3 s; peak memory 1164 MiB.
2026-10-10T16:00:21Z INFO [354/900] 96787316-7e86-4bd8-9d4d-df2675ea02da: 32 groups; 1.0 s; peak memory 1164 MiB.
2026-10-10T16:00:23Z INFO [355/900] 967881b0-f483-427d-9276-2156858434e3: 33 groups; 1.6 s; peak memory 1164 MiB.
2026-10-10T16:00:23Z INFO [356/900] 9678c436-903c-4aba-b6b2-2adcfe5a07e3: 22 groups; 0.8 s; peak memory 1164 MiB.
2026-10-10T16:00:25Z INFO [357/900] 9678d671-bd62-47f7-b168-dea8101c0cc4: 47 groups; 1.7 s; peak memory 1164 MiB.
2026-10-10T16:00:27Z INFO [358/900] 96790c4a-b853-4f65-9605-c8325e3b217b: 341 groups; 1.8 s; peak memory 1164 MiB.
2026-10-10T16:00:29Z INFO [359/900] 9679665f-dae5-495a-be3f-5e9f541bc863: 44 groups; 2.1 s; peak memory 1164 MiB.
2026-10-10T16:00:30Z INFO [360/900] 967a5c58-850a-4ece-a31b-5d80365d9ae2: 32 groups; 1.1 s; peak memory 1164 MiB.
2026-10-10T16:00:31Z INFO [361/900] 967aa9a5-915c-4df1-a26a-2df9b7cca130: 33 groups; 1.0 s; peak memory 1164 MiB.
2026-10-10T16:00:32Z INFO [362/900] 967b763f-3252-4c12-9ce3-ac31bfd912e4: 337 groups; 1.0 s; peak memory 1164 MiB.
2026-10-10T16:00:36Z INFO [363/900] 967c2ce7-b45f-451e-b02e-b7d9d2bd171b: 181 groups; 3.7 s; peak memory 1164 MiB.
2026-10-10T16:00:37Z INFO [364/900] 967c6b3b-0bc7-4c62-a276-6b2af7f930fe: 22 groups; 0.8 s; peak memory 1164 MiB.
2026-10-10T16:00:37Z INFO [365/900] 967cb292-e57d-4afc-8525-5eac2030740d: 32 groups; 0.9 s; peak memory 1164 MiB.
2026-10-10T16:00:39Z INFO [366/900] 967cd1ae-9aa5-4c1d-a6ee-0ce58a199c76: 206 groups; 1.5 s; peak memory 1164 MiB.
2026-10-10T16:00:43Z INFO [367/900] 967d150b-3d91-4638-ae62-81dfc0a70e8d: 167 groups; 4.2 s; peak memory 1164 MiB.
2026-10-10T16:00:44Z INFO [368/900] 967dff3a-0215-4a78-b90c-5989ed961f9f: 32 groups; 1.0 s; peak memory 1164 MiB.
2026-10-10T16:00:45Z INFO [369/900] 967ea319-790c-4d01-9313-40756aa4154d: 35 groups; 0.8 s; peak memory 1164 MiB.
2026-10-10T16:00:46Z INFO [370/900] 96801c11-eb67-409c-b20b-4001c5f62399: 28 groups; 0.7 s; peak memory 1164 MiB.
2026-10-10T16:00:50Z INFO [371/900] 9681c89a-5cc2-49da-b168-502f66bbd54b: 47 groups; 4.3 s; peak memory 1164 MiB.
2026-10-10T16:00:53Z INFO [372/900] 9681fa42-f68e-423e-b37b-e67171268610: 71 groups; 3.2 s; peak memory 1164 MiB.
2026-10-10T16:00:55Z INFO [373/900] 96822e7c-8ca8-49d4-b8fc-f33b962fe493: 46 groups; 2.2 s; peak memory 1164 MiB.
2026-10-10T16:00:57Z INFO [374/900] 968287e6-ceaf-4c4a-8cf6-4061a660ca35: 341 groups; 1.5 s; peak memory 1164 MiB.
2026-10-10T16:01:13Z INFO [375/900] 968382bf-133c-4ce2-8cb6-0cf6e2132c0c: 157 groups; 15.8 s; peak memory 1164 MiB.
2026-10-10T16:01:15Z INFO [376/900] 96839d0c-d643-461e-bc4e-9f67177dc6e2: 61 groups; 2.2 s; peak memory 1164 MiB.
2026-10-10T16:01:19Z INFO [377/900] 96846403-1263-4216-96b5-5212fbfd3d50: 149 groups; 4.6 s; peak memory 1164 MiB.
2026-10-10T16:01:25Z INFO [378/900] 96846600-9987-4817-9211-b56f5374f1a6: 77 groups; 5.3 s; peak memory 1164 MiB.
2026-10-10T16:01:31Z INFO [379/900] 96858cae-70ee-4f30-bfa9-04568f41597f: 123 groups; 6.7 s; peak memory 1164 MiB.
2026-10-10T16:01:32Z INFO [380/900] 9686661c-ae65-4819-919e-ad5f4a1dbebb: 25 groups; 0.9 s; peak memory 1164 MiB.
2026-10-10T16:01:36Z INFO [381/900] 9686753c-3b8e-45f9-a8ed-90108e623582: 78 groups; 3.4 s; peak memory 1164 MiB.
2026-10-10T16:01:37Z INFO [382/900] 96868c95-a93e-4575-85e9-39737473ef8c: 99 groups; 1.0 s; peak memory 1164 MiB.
2026-10-10T16:01:38Z INFO [383/900] 9686d253-daac-4515-82a8-771df9e4a4f5: 32 groups; 0.9 s; peak memory 1164 MiB.
2026-10-10T16:01:38Z INFO [384/900] 9686dfb7-e43a-4bff-8509-e5289b7d1636: 31 groups; 0.8 s; peak memory 1164 MiB.
2026-10-10T16:01:39Z INFO [385/900] 96870fdd-db46-4610-a048-16eb63ae8a0a: 16 groups; 0.6 s; peak memory 1164 MiB.
2026-10-10T16:01:40Z INFO [386/900] 96871b15-083a-44d9-a313-1ce3f16ba420: 28 groups; 0.8 s; peak memory 1164 MiB.
2026-10-10T16:01:43Z INFO [387/900] 968732ee-1cc6-473d-9a5e-d128db41390c: 84 groups; 2.8 s; peak memory 1164 MiB.
2026-10-10T16:01:43Z INFO [388/900] 9687a3f3-575f-43f7-b085-127c9fda4e4c: 31 groups; 0.6 s; peak memory 1164 MiB.
2026-10-10T16:01:44Z INFO [389/900] 9688b42a-782f-46ef-9705-8c26690e1aea: 16 groups; 0.5 s; peak memory 1164 MiB.
2026-10-10T16:01:44Z INFO [390/900] 9688d642-8cad-48e0-b459-ffbce7183a64: 22 groups; 0.8 s; peak memory 1164 MiB.
2026-10-10T16:01:46Z INFO [391/900] 9688d84f-e5bb-4682-958b-346f41f10441: 31 groups; 1.2 s; peak memory 1164 MiB.
2026-10-10T16:01:49Z INFO [392/900] 9689c210-8595-4b38-ac77-646eafd9e8bf: 122 groups; 3.2 s; peak memory 1164 MiB.
2026-10-10T16:01:58Z INFO [393/900] 968a5b9a-5011-4722-ab46-0e9c9a2b4fad: 17 groups; 9.3 s; peak memory 1164 MiB.
2026-10-10T16:02:00Z INFO [394/900] 968afb45-6774-48ce-8f56-12b9ae1a541e: 33 groups; 1.4 s; peak memory 1164 MiB.
2026-10-10T16:02:18Z INFO [395/900] 968b248f-1339-4509-a547-5bd4ed84e66e: 3437 groups; 18.2 s; peak memory 1164 MiB.
2026-10-10T16:03:57Z INFO [396/900] 968b92a4-e8b8-4f7a-9bef-9b392ca43de5: 69 groups; 99.2 s; peak memory 1164 MiB.
2026-10-10T16:03:58Z INFO [397/900] 968bb134-e8b7-4cc4-aafc-29aae5fada96: 22 groups; 0.7 s; peak memory 1164 MiB.
2026-10-10T16:04:00Z INFO [398/900] 968ca7ae-9a41-4d8a-8628-0cc10a51bf30: 46 groups; 2.3 s; peak memory 1164 MiB.
2026-10-10T16:04:01Z INFO [399/900] 968d4aba-2cc9-463b-b3f5-98f8d070e21b: 251 groups; 0.9 s; peak memory 1164 MiB.
2026-10-10T16:04:02Z INFO [400/900] 968dd1f8-1628-447a-bd60-88e6d593e017: 22 groups; 0.8 s; peak memory 1164 MiB.
2026-10-10T16:04:02Z INFO [400/900] 968dd1f8-1628-447a-bd60-88e6d593e017: checkpointed 119636 new records.
2026-10-10T16:04:04Z INFO [401/900] 968ec313-b495-44e9-998b-1689904cfc64: 48 groups; 2.4 s; peak memory 1164 MiB.
2026-10-10T16:04:05Z INFO [402/900] 968f8b21-06df-4882-98e9-84574f347cc5: 22 groups; 0.8 s; peak memory 1164 MiB.
2026-10-10T16:04:06Z INFO [403/900] 968ff594-fd3c-4cf5-bdbc-eee8c558aeec: 194 groups; 1.1 s; peak memory 1164 MiB.
2026-10-10T16:04:09Z INFO [404/900] 9691696a-e03b-45f2-8768-ff69bb92777d: 50 groups; 2.4 s; peak memory 1164 MiB.
2026-10-10T16:04:12Z INFO [405/900] 9691903f-8df8-462e-bf96-d7e406afab09: 128 groups; 2.9 s; peak memory 1164 MiB.
2026-10-10T16:04:13Z INFO [406/900] 9691c822-f490-4a74-a6e4-32dfc635fb44: 22 groups; 1.0 s; peak memory 1164 MiB.
2026-10-10T16:04:17Z INFO [407/900] 96942876-8cf7-49d5-a2a4-7d1906d24501: 59 groups; 4.5 s; peak memory 1164 MiB.
2026-10-10T16:04:18Z INFO [408/900] 96949c45-beb5-4250-a99c-7fa2f85842ac: 104 groups; 1.1 s; peak memory 1164 MiB.
2026-10-10T16:04:22Z INFO [409/900] 96956357-407e-4567-a40b-65056109712e: 66 groups; 4.0 s; peak memory 1164 MiB.
2026-10-10T16:04:23Z INFO [410/900] 9695978b-7152-4ecd-af0f-3efcd261f95a: 22 groups; 0.7 s; peak memory 1164 MiB.
2026-10-10T16:04:24Z INFO [411/900] 969647e4-be94-4bca-9b92-592372fef5c9: 202 groups; 1.0 s; peak memory 1164 MiB.
2026-10-10T16:04:25Z INFO [412/900] 9697b7fe-80d9-495a-94a9-adc64173acbd: 202 groups; 1.1 s; peak memory 1164 MiB.
2026-10-10T16:04:27Z INFO [413/900] 96988a43-a263-4d8f-8c03-0e87d5691687: 35 groups; 1.5 s; peak memory 1164 MiB.
2026-10-10T16:04:28Z INFO [414/900] 9698aeb1-88c6-4f27-acfb-6eb507f9288d: 22 groups; 0.9 s; peak memory 1164 MiB.
2026-10-10T16:04:29Z INFO [415/900] 969949c5-1f59-4981-8d9a-8490f26f9250: 22 groups; 1.1 s; peak memory 1164 MiB.
2026-10-10T16:04:30Z INFO [416/900] 9699c560-0fcd-426c-8fbb-6832c30e2b52: 32 groups; 1.0 s; peak memory 1164 MiB.
2026-10-10T16:04:32Z INFO [417/900] 969aa8de-1a8b-4229-8c4c-c7b713d17c0f: 34 groups; 2.4 s; peak memory 1164 MiB.
2026-10-10T16:04:33Z INFO [418/900] 969bd71b-9392-42d3-a525-358685b75edf: 22 groups; 0.7 s; peak memory 1164 MiB.
2026-10-10T16:04:34Z INFO [419/900] 969cc388-071d-4911-9045-f46a12ffdd3d: 72 groups; 1.2 s; peak memory 1164 MiB.
2026-10-10T16:04:35Z INFO [420/900] 969cc3d8-a195-4b1a-ab8e-e8c97673032f: 35 groups; 1.3 s; peak memory 1164 MiB.
2026-10-10T16:04:37Z INFO [421/900] 969d6955-963d-4c0f-ba7c-0f037dcf818a: 34 groups; 1.2 s; peak memory 1164 MiB.
2026-10-10T16:04:40Z INFO [422/900] 969e964f-d73d-40f7-b195-f3870bcd4bcc: 62 groups; 3.0 s; peak memory 1164 MiB.
2026-10-10T16:04:41Z INFO [423/900] 969ef12a-d436-4ffc-b80f-2b6543f03160: 341 groups; 1.6 s; peak memory 1164 MiB.
2026-10-10T16:04:51Z INFO [424/900] 96a05137-8677-4208-91e3-f7b6368f8521: 245 groups; 9.5 s; peak memory 1164 MiB.
2026-10-10T16:04:51Z INFO [425/900] 96a10dd8-d243-47f6-b552-b46ec37745e6: 22 groups; 0.7 s; peak memory 1164 MiB.
2026-10-10T16:04:53Z INFO [426/900] 96a12411-af4b-476e-8b69-5fd0a07abb9c: 195 groups; 1.3 s; peak memory 1164 MiB.
2026-10-10T16:04:54Z INFO [427/900] 96a167cd-7847-4867-9b95-55a1151eb168: 31 groups; 1.0 s; peak memory 1164 MiB.
2026-10-10T16:04:56Z INFO [428/900] 96a1c54c-ba02-45e2-a935-2d579eb89eff: 48 groups; 2.0 s; peak memory 1164 MiB.
2026-10-10T16:05:01Z INFO [429/900] 96a36f49-2fdd-4e2e-8994-a4851fd097b2: 34 groups; 5.3 s; peak memory 1164 MiB.
2026-10-10T16:05:04Z INFO [430/900] 96a41a3f-2f7f-40fa-9206-893e2f0162c7: 34 groups; 2.5 s; peak memory 1164 MiB.
2026-10-10T16:05:04Z INFO [431/900] 96a44c0c-f7df-44bc-9a8c-92eb8ac3232a: 22 groups; 0.9 s; peak memory 1164 MiB.
2026-10-10T16:05:05Z INFO [432/900] 96a4c074-27f0-4d09-b64a-ccbb326e4b8d: 103 groups; 0.9 s; peak memory 1164 MiB.
2026-10-10T16:05:06Z INFO [433/900] 96a4e708-4a59-419e-b279-c65da2f3e81b: 33 groups; 1.1 s; peak memory 1164 MiB.
2026-10-10T16:05:08Z INFO [434/900] 96a5402d-e5ae-4cfa-b480-cd7c0cd9281a: 35 groups; 1.0 s; peak memory 1164 MiB.
2026-10-10T16:05:09Z INFO [435/900] 96a5b84e-752b-4346-ace1-99eb385ab75f: 33 groups; 1.2 s; peak memory 1164 MiB.
2026-10-10T16:05:09Z INFO [436/900] 96a5b969-0a10-4040-b5c8-dce3eb890a8c: 22 groups; 0.7 s; peak memory 1164 MiB.
2026-10-10T16:05:11Z INFO [437/900] 96a5e770-e5d9-4a6d-83e0-da7426239a5f: 35 groups; 1.2 s; peak memory 1164 MiB.
2026-10-10T16:05:12Z INFO [438/900] 96a6cebe-7f08-46ce-bd03-1f736bb2dd77: 32 groups; 1.0 s; peak memory 1164 MiB.
2026-10-10T16:05:13Z INFO [439/900] 96a773e6-67bb-4272-9807-46da23a212da: 48 groups; 1.6 s; peak memory 1164 MiB.
2026-10-10T16:05:14Z INFO [440/900] 96a7b965-f988-48fd-b2bd-baa2961c8e3c: 22 groups; 0.8 s; peak memory 1164 MiB.
2026-10-10T16:05:20Z INFO [441/900] 96a91586-a16a-4a71-8bef-9262550443f0: 188 groups; 5.9 s; peak memory 1164 MiB.
2026-10-10T16:05:30Z INFO [442/900] 96a95c28-2224-45e9-8c0f-c73c59acf0e0: 73 groups; 10.3 s; peak memory 1164 MiB.
2026-10-10T16:05:32Z INFO [443/900] 96abfe25-8fe9-4676-af09-2997604c648e: 48 groups; 2.2 s; peak memory 1164 MiB.
2026-10-10T16:05:33Z INFO [444/900] 96ac8cf0-6110-4b2a-8c04-8a837b0d241a: 22 groups; 0.8 s; peak memory 1164 MiB.
2026-10-10T16:05:34Z INFO [445/900] 96adb25d-2b8b-410d-b065-b67796f2694f: 22 groups; 0.8 s; peak memory 1164 MiB.
2026-10-10T16:05:36Z INFO [446/900] 96af2537-5f0a-475d-b3ce-e80946c17f34: 108 groups; 1.6 s; peak memory 1164 MiB.
2026-10-10T16:05:36Z INFO [447/900] 96b143c3-36b7-454c-8fcf-c87b0e833c17: 16 groups; 0.7 s; peak memory 1164 MiB.
2026-10-10T16:05:43Z INFO [448/900] 96b154c2-5cc6-4d13-8652-2c8b6c128a14: 158 groups; 6.3 s; peak memory 1164 MiB.
2026-10-10T16:05:43Z INFO [449/900] 96b193c5-04bd-4fce-bf1e-7fe79b82d16a: 22 groups; 0.8 s; peak memory 1164 MiB.
2026-10-10T16:05:45Z INFO [450/900] 96b21ac0-de8d-4f93-92e6-96ace2c9031a: 46 groups; 1.9 s; peak memory 1164 MiB.
2026-10-10T16:05:45Z INFO [450/900] 96b21ac0-de8d-4f93-92e6-96ace2c9031a: checkpointed 119686 new records.
2026-10-10T16:05:46Z INFO [451/900] 96b22efe-8045-4a11-9384-2f1bdd5e1d7d: 22 groups; 0.7 s; peak memory 1164 MiB.
2026-10-10T16:05:47Z INFO [452/900] 96b237df-58c2-48b9-8f86-982aeeb02174: 32 groups; 1.0 s; peak memory 1164 MiB.
2026-10-10T16:05:48Z INFO [453/900] 96b28604-643e-4941-b872-c57336e5cbba: 26 groups; 0.7 s; peak memory 1164 MiB.
2026-10-10T16:05:49Z INFO [454/900] 96b3bbb4-7a3a-4ecd-9a76-a7735b2a7c27: 35 groups; 1.2 s; peak memory 1164 MiB.
2026-10-10T16:05:50Z INFO [455/900] 96b3cfea-affb-4eaa-8e31-092db1c75392: 35 groups; 1.1 s; peak memory 1164 MiB.
2026-10-10T16:06:06Z INFO [456/900] 96b4c524-c42a-4490-b899-02a74e6a136d: 23 groups; 16.0 s; peak memory 1164 MiB.
2026-10-10T16:06:07Z INFO [457/900] 96b4f22f-739f-4d64-b4a7-424892427a5a: 22 groups; 1.0 s; peak memory 1164 MiB.
2026-10-10T16:06:19Z INFO [458/900] 96b530d3-ba83-40f3-9b70-cf98039fb183: 26 groups; 11.3 s; peak memory 1164 MiB.
2026-10-10T16:06:20Z INFO [459/900] 96b5bed6-09e1-442f-b6b2-80f1fc79c59d: 36 groups; 1.3 s; peak memory 1164 MiB.
2026-10-10T16:06:21Z INFO [460/900] 96b5cd82-d232-406a-a51a-ddac095daca6: 35 groups; 1.3 s; peak memory 1164 MiB.
2026-10-10T16:06:22Z INFO [461/900] 96b61378-6d9e-49c3-a8e8-60eb97cb54d0: 35 groups; 1.2 s; peak memory 1164 MiB.
2026-10-10T16:06:23Z INFO [462/900] 96b7ecfe-533b-49ec-ada3-514e8cbc18ae: 29 groups; 0.8 s; peak memory 1164 MiB.
2026-10-10T16:06:28Z INFO [463/900] 96b7fab4-db3a-4d22-a27a-973d4d1e88cd: 135 groups; 4.4 s; peak memory 1164 MiB.
2026-10-10T16:06:29Z INFO [464/900] 96b8ba60-7ea4-4ba6-8d57-bdd03f5f08b7: 32 groups; 1.2 s; peak memory 1164 MiB.
2026-10-10T16:06:30Z INFO [465/900] 96b974c9-476b-4730-9be0-739b0d92c703: 22 groups; 1.0 s; peak memory 1164 MiB.
2026-10-10T16:06:33Z INFO [466/900] 96ba1e89-4a19-4dd4-8cc2-ddd9ad06dec2: 138 groups; 3.5 s; peak memory 1164 MiB.
2026-10-10T16:06:34Z INFO [467/900] 96bb1e0d-76e2-4a84-bcfc-c76ca14d7ceb: 32 groups; 1.1 s; peak memory 1164 MiB.
2026-10-10T16:06:35Z INFO [468/900] 96bb688b-b579-4385-af97-d8bf55592afd: 22 groups; 0.8 s; peak memory 1164 MiB.
2026-10-10T16:08:23Z INFO [469/900] 96bc480d-9d4e-420d-b1f9-0ef5c02696be: 69 groups; 107.5 s; peak memory 1164 MiB.
2026-10-10T16:08:23Z INFO [470/900] 96bc5149-3523-43aa-a5b7-239a5e17dba9: 16 groups; 0.7 s; peak memory 1164 MiB.
2026-10-10T16:08:25Z INFO [471/900] 96bd583b-5e18-4276-9b2a-7e2e21403d65: 48 groups; 2.1 s; peak memory 1164 MiB.
2026-10-10T16:08:32Z INFO [472/900] 96bd7943-400b-4582-92cd-24ba579e59c1: 150 groups; 7.1 s; peak memory 1164 MiB.
2026-10-10T16:08:42Z INFO [473/900] 96bd8b72-e83a-48e5-8071-902f8e9feba3: 146 groups; 9.4 s; peak memory 1164 MiB.
2026-10-10T16:08:43Z INFO [474/900] 96bdb6ed-beb7-4574-8aba-70ed89803511: 22 groups; 0.8 s; peak memory 1164 MiB.
2026-10-10T16:08:43Z INFO [475/900] 96bdfc36-cc78-42ab-a0f6-f0b4c22ca309: 22 groups; 0.9 s; peak memory 1164 MiB.
2026-10-10T16:08:44Z INFO [476/900] 96be373a-3658-4c2a-936a-003dc674853d: 32 groups; 0.8 s; peak memory 1164 MiB.
2026-10-10T16:11:42Z INFO [477/900] 96be8b52-2c86-4f13-bf11-34aefdc9175a: 75 groups; 177.9 s; peak memory 1164 MiB.
2026-10-10T16:11:43Z INFO [478/900] 96bf1743-4472-4525-87b6-304ccf30e775: 22 groups; 0.9 s; peak memory 1164 MiB.
2026-10-10T16:11:48Z INFO [479/900] 96bf8167-8960-4f2a-a9ac-211945706e1f: 137 groups; 4.6 s; peak memory 1164 MiB.
2026-10-10T16:11:49Z INFO [480/900] 96bfd9de-2738-443e-8264-495b3210d23a: 337 groups; 1.2 s; peak memory 1164 MiB.
2026-10-10T16:11:50Z INFO [481/900] 96bff15c-6cf0-4f38-b6c4-fa72ad1aac1e: 32 groups; 1.0 s; peak memory 1164 MiB.
2026-10-10T16:11:51Z INFO [482/900] 96c01f2a-0666-4b62-9732-6c27648bbeea: 25 groups; 0.9 s; peak memory 1164 MiB.
2026-10-10T16:11:52Z INFO [483/900] 96c047a9-793f-40cb-bbd6-34dc0b5806f6: 33 groups; 1.2 s; peak memory 1164 MiB.
2026-10-10T16:11:55Z INFO [484/900] 96c10fcd-dcbe-4f51-89a9-0b6a564e16b9: 50 groups; 2.8 s; peak memory 1164 MiB.
2026-10-10T16:11:55Z INFO [485/900] 96c1754b-f19c-4d3e-a788-6c21ff700b7d: 25 groups; 0.7 s; peak memory 1164 MiB.
2026-10-10T16:11:56Z INFO [486/900] 96c17dc3-cfa9-49e8-96d5-662bcc24cdca: 27 groups; 0.8 s; peak memory 1164 MiB.
2026-10-10T16:11:57Z INFO [487/900] 96c39a08-842f-42f5-beb2-f97dd26d5ee4: 22 groups; 0.8 s; peak memory 1164 MiB.
2026-10-10T16:11:58Z INFO [488/900] 96c3e75c-2607-4e42-9744-fc7a13594760: 196 groups; 1.4 s; peak memory 1164 MiB.
2026-10-10T16:11:59Z INFO [489/900] 96c3fc35-d2fd-41f1-be2c-e17c90dd4516: 195 groups; 1.1 s; peak memory 1164 MiB.
2026-10-10T16:12:00Z INFO [490/900] 96c4ba1d-5079-400b-8e4e-e089118c4117: 16 groups; 0.6 s; peak memory 1164 MiB.
2026-10-10T16:12:01Z INFO [491/900] 96c4f38a-da7f-416c-ba80-92f2bed892d9: 26 groups; 0.8 s; peak memory 1164 MiB.
2026-10-10T16:12:02Z INFO [492/900] 96c4fd76-e974-436c-8005-bb070660e09f: 24 groups; 0.9 s; peak memory 1164 MiB.
2026-10-10T16:12:02Z INFO [493/900] 96c52f93-a3c2-4781-aab4-0933808acb3d: 16 groups; 0.5 s; peak memory 1164 MiB.
2026-10-10T16:12:06Z INFO [494/900] 96c56568-b13e-4f44-92bc-751556ed8ea9: 146 groups; 3.5 s; peak memory 1164 MiB.
2026-10-10T16:13:37Z INFO [495/900] 96c57d3a-57da-4978-b01b-00c6331c80fd: 72 groups; 91.6 s; peak memory 1164 MiB.
2026-10-10T16:13:40Z INFO [496/900] 96c84878-5e86-40a0-8d04-af07e4d36ac6: 62 groups; 2.5 s; peak memory 1164 MiB.
2026-10-10T16:13:41Z INFO [497/900] 96c9a1ed-77cc-4eb7-b4cb-c5273f494e16: 35 groups; 1.1 s; peak memory 1164 MiB.
2026-10-10T16:13:42Z INFO [498/900] 96c9e056-4b5c-492b-9dab-c9bd712bae30: 36 groups; 0.9 s; peak memory 1164 MiB.
2026-10-10T16:13:46Z INFO [499/900] 96ca07d7-e019-430e-8d06-e3c7f33cb26d: 71 groups; 3.7 s; peak memory 1164 MiB.
2026-10-10T16:13:47Z INFO [500/900] 96ca1427-09ce-4d9b-b3d2-394c9e49522a: 35 groups; 1.8 s; peak memory 1164 MiB.
2026-10-10T16:13:47Z INFO [500/900] 96ca1427-09ce-4d9b-b3d2-394c9e49522a: checkpointed 119736 new records.
2026-10-10T16:13:49Z INFO [501/900] 96ca47c4-5439-48cc-a008-d4f5a5a3de5c: 35 groups; 1.1 s; peak memory 1164 MiB.
2026-10-10T16:13:50Z INFO [502/900] 96cad145-e94b-43b0-a5d5-cc6e1c31887f: 26 groups; 1.3 s; peak memory 1164 MiB.
2026-10-10T16:13:51Z INFO [503/900] 96cb322d-e2ec-41f1-8f64-9cb6adb9aaf3: 32 groups; 0.8 s; peak memory 1164 MiB.
2026-10-10T16:13:52Z INFO [504/900] 96cb4937-1850-437b-9caa-9ccc48684f48: 48 groups; 1.7 s; peak memory 1164 MiB.
2026-10-10T16:13:53Z INFO [505/900] 96cb7bb3-1cd8-42bd-b5fc-f3f890f90724: 22 groups; 0.7 s; peak memory 1164 MiB.
2026-10-10T16:13:54Z INFO [506/900] 96cce557-a39e-4204-8518-8c512ae2b799: 32 groups; 1.0 s; peak memory 1164 MiB.
2026-10-10T16:13:55Z INFO [507/900] 96ccf108-7456-4103-b36e-eaddb8cef1ed: 17 groups; 0.7 s; peak memory 1164 MiB.
2026-10-10T16:13:56Z INFO [508/900] 96ccf954-fdd6-4bfb-af63-c30f2aab3c44: 49 groups; 1.6 s; peak memory 1164 MiB.
2026-10-10T16:13:57Z INFO [509/900] 96cd0bb1-ba8b-4a08-ad36-ea71f9061afc: 32 groups; 1.0 s; peak memory 1164 MiB.
2026-10-10T16:13:59Z INFO [510/900] 96cdc6d9-4cfc-421b-b1b4-18104d0c7e12: 36 groups; 1.2 s; peak memory 1164 MiB.
2026-10-10T16:13:59Z INFO [511/900] 96ce54fd-d3a2-4ab8-8a01-d1ce96e91682: 22 groups; 0.7 s; peak memory 1164 MiB.
2026-10-10T16:14:01Z INFO [512/900] 96ce7dbf-1052-497c-aa15-151ac7086d36: 42 groups; 1.3 s; peak memory 1164 MiB.
2026-10-10T16:14:02Z INFO [513/900] 96ceabdf-00f6-43e7-95dd-f2c7158813a4: 33 groups; 0.9 s; peak memory 1164 MiB.
2026-10-10T16:14:02Z INFO [514/900] 96cec8a6-34fb-469f-8d69-507a4e1f1688: 22 groups; 0.9 s; peak memory 1164 MiB.
2026-10-10T16:14:24Z INFO [515/900] 96cee3c9-905f-4352-9dfc-977edf5fb490: 17 groups; 22.0 s; peak memory 1164 MiB.
2026-10-10T16:14:25Z INFO [516/900] 96d170db-1d8c-4b98-bdde-ff66a52e9a76: 253 groups; 1.0 s; peak memory 1164 MiB.
2026-10-10T16:14:27Z INFO [517/900] 96d1fb9b-634d-4224-b41a-663c1d9d65b7: 35 groups; 1.4 s; peak memory 1164 MiB.
2026-10-10T16:14:28Z INFO [518/900] 96d25af5-63e1-41b8-adbb-954f98a852e8: 195 groups; 1.2 s; peak memory 1164 MiB.
2026-10-10T16:14:29Z INFO [519/900] 96d43085-0a68-47b7-914c-4ce27cb99721: 195 groups; 1.2 s; peak memory 1164 MiB.
2026-10-10T16:14:30Z INFO [520/900] 96d45a8e-27cc-4634-911c-15c52c72bb82: 35 groups; 1.2 s; peak memory 1164 MiB.
2026-10-10T16:14:31Z INFO [521/900] 96d54cf4-2ac3-48e1-9a31-dcdf9f7f52a4: 16 groups; 0.7 s; peak memory 1164 MiB.
2026-10-10T16:14:32Z INFO [522/900] 96d67bb6-5c59-4dcc-8789-c1f04edd8f93: 203 groups; 1.3 s; peak memory 1164 MiB.
2026-10-10T16:14:33Z INFO [523/900] 96d71379-465c-49ef-9fa4-bb72208b14f9: 30 groups; 0.9 s; peak memory 1164 MiB.
2026-10-10T16:14:34Z INFO [524/900] 96d72f78-d7c0-4795-b563-372fb2d0f8bb: 42 groups; 1.1 s; peak memory 1164 MiB.
2026-10-10T16:16:24Z INFO [525/900] 96d84b96-287e-49b4-8709-d921a9501bbc: 80 groups; 109.5 s; peak memory 1164 MiB.
2026-10-10T16:16:25Z INFO [526/900] 96d857a2-ae2c-408b-b4aa-34f68dccd344: 35 groups; 0.9 s; peak memory 1164 MiB.
2026-10-10T16:16:26Z INFO [527/900] 96de75c2-1f2b-46e1-8a10-18e03d141ebc: 16 groups; 0.6 s; peak memory 1164 MiB.
2026-10-10T16:16:38Z INFO [528/900] 96dedf8f-865f-4f5f-9738-ed7b974aa094: 170 groups; 12.3 s; peak memory 1164 MiB.
2026-10-10T16:16:39Z INFO [529/900] 96df2744-740d-4185-91d7-3a9b75244028: 16 groups; 0.7 s; peak memory 1164 MiB.
2026-10-10T16:16:43Z INFO [530/900] 96df53ac-9ebd-4c72-9409-5c8ce8538874: 46 groups; 4.5 s; peak memory 1164 MiB.
2026-10-10T16:16:44Z INFO [531/900] 96df6856-74ff-484d-83bf-4fdeab235c2f: 22 groups; 0.8 s; peak memory 1164 MiB.
2026-10-10T16:16:45Z INFO [532/900] 96dfbc54-794d-4951-b83a-fb66ab4eea98: 22 groups; 0.8 s; peak memory 1164 MiB.
2026-10-10T16:16:45Z INFO [533/900] 96e0398f-112c-4e38-8f32-978864330d24: 31 groups; 0.7 s; peak memory 1164 MiB.
2026-10-10T16:16:47Z INFO [534/900] 96e0a6e7-3521-44ee-adc8-10e04e39cd20: 35 groups; 1.2 s; peak memory 1164 MiB.
2026-10-10T16:16:48Z INFO [535/900] 96e220d5-db97-450c-ade1-c095bf406560: 259 groups; 1.1 s; peak memory 1164 MiB.
2026-10-10T16:16:50Z INFO [536/900] 96e2ceb3-5cf8-4468-a6c8-b25bfcb5f793: 48 groups; 1.8 s; peak memory 1164 MiB.
2026-10-10T16:16:51Z INFO [537/900] 96e2e97f-310d-4878-9699-caab159930f0: 29 groups; 1.1 s; peak memory 1164 MiB.
2026-10-10T16:16:51Z INFO [538/900] 96e40c71-1bb9-41e0-acdf-1527fde79f1a: 22 groups; 0.5 s; peak memory 1164 MiB.
2026-10-10T16:16:52Z INFO [539/900] 96e5684e-1858-4c63-bc6a-9417729ddebf: 31 groups; 0.7 s; peak memory 1164 MiB.
2026-10-10T16:16:53Z INFO [540/900] 96e57582-a512-4ffb-afb2-9a4785fe952d: 32 groups; 0.8 s; peak memory 1164 MiB.
2026-10-10T16:16:54Z INFO [541/900] 96e5d62d-2d22-476e-abb9-1a4e7ad1e871: 200 groups; 1.6 s; peak memory 1164 MiB.
2026-10-10T16:16:55Z INFO [542/900] 96e81924-7c32-4333-966f-7880fc5e6d4f: 29 groups; 0.8 s; peak memory 1164 MiB.
2026-10-10T16:16:56Z INFO [543/900] 96e821c5-c6ab-49ea-9582-4003fd58deb2: 32 groups; 1.0 s; peak memory 1164 MiB.
2026-10-10T16:17:00Z INFO [544/900] 96e9adf0-f259-40ba-bed0-59971c880b7d: 47 groups; 4.2 s; peak memory 1164 MiB.
2026-10-10T16:17:01Z INFO [545/900] 96e9fdb6-1e8a-4b9d-a876-cd67941315f7: 26 groups; 0.7 s; peak memory 1164 MiB.
2026-10-10T16:17:05Z INFO [546/900] 96ea08ef-e63e-4e1a-986f-e81a8659576c: 571 groups; 4.1 s; peak memory 1164 MiB.
2026-10-10T16:17:06Z INFO [547/900] 96ea226a-63b2-48c9-a663-7f55038f8be2: 22 groups; 0.7 s; peak memory 1164 MiB.
2026-10-10T16:17:06Z INFO [548/900] 96ea28a2-6272-43d5-80b5-519051372f45: 16 groups; 0.6 s; peak memory 1164 MiB.
2026-10-10T16:17:19Z INFO [549/900] 96ea57b5-607c-40a1-88bf-c7a0913dbd22: 17 groups; 12.1 s; peak memory 1164 MiB.
2026-10-10T16:17:20Z INFO [550/900] 96ea7039-9aec-4469-8f3e-9668f648330e: 35 groups; 1.2 s; peak memory 1164 MiB.
2026-10-10T16:17:20Z INFO [550/900] 96ea7039-9aec-4469-8f3e-9668f648330e: checkpointed 119786 new records.
2026-10-10T16:17:23Z INFO [551/900] 96ea901f-33ce-4c7f-a215-7599daee236e: 118 groups; 3.5 s; peak memory 1164 MiB.
2026-10-10T16:17:24Z INFO [552/900] 96ecb44a-6666-45ad-837d-4406b5c27bf9: 22 groups; 0.8 s; peak memory 1164 MiB.
2026-10-10T16:17:26Z INFO [553/900] 96ecc684-f0f1-4b17-903a-799bc4cdfa3e: 35 groups; 1.5 s; peak memory 1164 MiB.
2026-10-10T16:17:27Z INFO [554/900] 96ed76a0-a4f2-4778-9c22-d71ddf059c60: 32 groups; 1.2 s; peak memory 1164 MiB.
2026-10-10T16:17:29Z INFO [555/900] 96ed85a2-a803-493e-b885-1544f4bf1d11: 54 groups; 2.3 s; peak memory 1164 MiB.
2026-10-10T16:17:30Z INFO [556/900] 96efbd2d-3154-40f6-b29e-694bd08a5ba1: 22 groups; 0.7 s; peak memory 1164 MiB.
2026-10-10T16:17:31Z INFO [557/900] 96f0b8ba-6a35-4577-ba82-030319e7a9b8: 202 groups; 1.0 s; peak memory 1164 MiB.
2026-10-10T16:17:38Z INFO [558/900] 96f0df77-1b29-4690-9688-36f0ee7813bb: 268 groups; 7.2 s; peak memory 1164 MiB.
2026-10-10T16:17:39Z INFO [559/900] 96f296d1-4e02-4050-a0a2-968a5fa6263e: 32 groups; 0.9 s; peak memory 1164 MiB.
2026-10-10T16:17:43Z INFO [560/900] 96f29be6-c619-45a7-bd3b-d1f2915bc37b: 73 groups; 3.7 s; peak memory 1164 MiB.
2026-10-10T16:17:44Z INFO [561/900] 96f2a5b4-8b3d-4c07-8501-aaf490e1d57e: 199 groups; 1.4 s; peak memory 1164 MiB.
2026-10-10T16:18:19Z INFO [562/900] 96f2d25b-c7bf-4de6-a53e-01a45daac665: 29 groups; 34.2 s; peak memory 1164 MiB.
2026-10-10T16:18:19Z INFO [563/900] 96f2ff5e-2068-478a-ab96-901df6b3861f: 16 groups; 0.7 s; peak memory 1164 MiB.
2026-10-10T16:18:20Z INFO [564/900] 96f3aaf4-517f-40aa-b651-5928aee17f8f: 32 groups; 1.1 s; peak memory 1164 MiB.
2026-10-10T16:18:21Z INFO [565/900] 96f44728-08fa-4e28-8e36-f687397951a4: 32 groups; 1.2 s; peak memory 1164 MiB.
2026-10-10T16:18:23Z INFO [566/900] 96f45257-3a44-444d-a106-16de658ff4e9: 34 groups; 1.8 s; peak memory 1164 MiB.
2026-10-10T16:20:06Z INFO [567/900] 96f507c4-7273-4359-9da7-93f2d0320e06: 65 groups; 103.1 s; peak memory 1164 MiB.
2026-10-10T16:20:07Z INFO [568/900] 96f534cc-2b6e-4f1a-b8ae-132fa65e6302: 18 groups; 1.1 s; peak memory 1164 MiB.
2026-10-10T16:20:09Z INFO [569/900] 96f57ae2-b9b9-43cc-ae38-be1a8ae0e549: 32 groups; 1.2 s; peak memory 1164 MiB.
2026-10-10T16:20:09Z INFO [570/900] 96f5bced-7ce8-4669-8bf3-28fd02a190b7: 30 groups; 0.8 s; peak memory 1164 MiB.
2026-10-10T16:20:12Z INFO [571/900] 96f63220-bdf9-48b4-924e-6c7fc3736195: 54 groups; 2.0 s; peak memory 1164 MiB.
2026-10-10T16:20:12Z INFO [572/900] 96f6e8e1-96d8-41b1-8eef-6ad0f5c81bf3: 22 groups; 0.7 s; peak memory 1164 MiB.
2026-10-10T16:20:13Z INFO [573/900] 96f6fbfa-9a65-4c49-9b29-2b007a3cbd40: 22 groups; 0.8 s; peak memory 1164 MiB.
2026-10-10T16:20:14Z INFO [574/900] 96f75906-fa36-4b13-9758-c53aa8a979cb: 32 groups; 0.9 s; peak memory 1164 MiB.
2026-10-10T16:20:15Z INFO [575/900] 96f7f16e-5897-4329-a98c-2e436792d455: 20 groups; 0.7 s; peak memory 1164 MiB.
2026-10-10T16:20:16Z INFO [576/900] 96f83485-3c61-4f78-b365-51c6cb586695: 32 groups; 1.2 s; peak memory 1164 MiB.
2026-10-10T16:20:18Z INFO [577/900] 96f86096-3d37-4d42-9d2d-41d889c3a120: 49 groups; 1.8 s; peak memory 1164 MiB.
2026-10-10T16:20:18Z INFO [578/900] 96f8c5a9-5e19-4628-9635-7dcb32be1e9a: 16 groups; 0.5 s; peak memory 1164 MiB.
2026-10-10T16:20:19Z INFO [579/900] 96f96553-9b1d-453e-8787-7ab3bdbc1b39: 26 groups; 0.8 s; peak memory 1164 MiB.
2026-10-10T16:20:20Z INFO [580/900] 96f9e139-8a86-4592-b446-5f8042088377: 32 groups; 1.0 s; peak memory 1164 MiB.
2026-10-10T16:20:21Z INFO [581/900] 96fa4fb9-c9d5-49bc-aa97-1454a814087b: 32 groups; 0.8 s; peak memory 1164 MiB.
2026-10-10T16:20:21Z INFO [582/900] 96fb0f90-f6ba-4fcb-914a-646a21c9c329: 22 groups; 0.7 s; peak memory 1164 MiB.
2026-10-10T16:20:22Z INFO [583/900] 96fb80d7-1cc2-4eff-b076-fc9bb7ce7b7f: 22 groups; 0.7 s; peak memory 1164 MiB.
2026-10-10T16:20:23Z INFO [584/900] 96fba8ad-956d-4440-8911-3e415a9d5791: 16 groups; 0.6 s; peak memory 1164 MiB.
2026-10-10T16:20:24Z INFO [585/900] 96fc0d5d-98f9-4b20-86d5-7bb21ff4ecc6: 31 groups; 1.4 s; peak memory 1164 MiB.
2026-10-10T16:20:25Z INFO [586/900] 96fc7b96-b8fd-461d-b535-20342f0b7bbf: 22 groups; 0.8 s; peak memory 1164 MiB.
2026-10-10T16:20:26Z INFO [587/900] 96fcc9d3-cbe9-4aaa-986b-aaaf8831ed40: 575 groups; 1.5 s; peak memory 1164 MiB.
2026-10-10T16:20:27Z INFO [588/900] 96fd58c9-ef22-40cb-a30a-95befc2d407e: 22 groups; 0.7 s; peak memory 1164 MiB.
2026-10-10T16:20:28Z INFO [589/900] 96fd95ce-d4d7-4a61-aaab-46924f7241c9: 194 groups; 1.3 s; peak memory 1164 MiB.
2026-10-10T16:20:29Z INFO [590/900] 96fda6f5-11cf-4527-9b11-03466cf254e4: 32 groups; 1.0 s; peak memory 1164 MiB.
2026-10-10T16:20:30Z INFO [591/900] 96fe5d57-ba80-4be0-aea4-27c8f0910d64: 32 groups; 1.0 s; peak memory 1164 MiB.
2026-10-10T16:20:31Z INFO [592/900] 9701586c-182f-4774-bfa3-d6f5c97cfd2e: 22 groups; 0.9 s; peak memory 1164 MiB.
2026-10-10T16:20:32Z INFO [593/900] 9701c645-b6f4-460d-9f10-344c182df6ad: 35 groups; 1.1 s; peak memory 1164 MiB.
2026-10-10T16:20:33Z INFO [594/900] 97025118-3040-4f67-8b01-df4e8a0863da: 32 groups; 0.9 s; peak memory 1164 MiB.
2026-10-10T16:20:34Z INFO [595/900] 97025878-8906-4557-86c5-21cf6791aff1: 202 groups; 1.0 s; peak memory 1164 MiB.
2026-10-10T16:20:36Z INFO [596/900] 9702e908-3dbd-4164-ba0b-d5d90a40ed13: 572 groups; 1.5 s; peak memory 1164 MiB.
2026-10-10T16:20:37Z INFO [597/900] 9702ebad-0e3e-4e62-9356-9e8697a41065: 35 groups; 1.2 s; peak memory 1164 MiB.
2026-10-10T16:20:38Z INFO [598/900] 9703faef-15fe-41a8-b434-78ae6871b9f5: 31 groups; 0.7 s; peak memory 1164 MiB.
2026-10-10T16:20:48Z INFO [599/900] 97041c74-403d-4061-ad5e-2252dd1b4370: 230 groups; 10.7 s; peak memory 1164 MiB.
2026-10-10T16:20:49Z INFO [600/900] 970483fa-2130-408d-9951-8e192f8b26ff: 22 groups; 0.9 s; peak memory 1164 MiB.
2026-10-10T16:20:50Z INFO [600/900] 970483fa-2130-408d-9951-8e192f8b26ff: checkpointed 119836 new records.
2026-10-10T16:20:50Z INFO [601/900] 9704e803-1ce1-4ab6-a24d-74a7e9e2848b: 22 groups; 0.9 s; peak memory 1164 MiB.
2026-10-10T16:20:51Z INFO [602/900] 9706d3f7-baee-40f0-ab5a-cc2d88a42b9b: 28 groups; 0.9 s; peak memory 1164 MiB.
2026-10-10T16:20:52Z INFO [603/900] 97074528-4516-4a3d-a89d-3fd4b9ac4ecb: 22 groups; 0.8 s; peak memory 1164 MiB.
2026-10-10T16:20:53Z INFO [604/900] 9707a690-f188-48dc-874a-c237a4962cfa: 22 groups; 0.8 s; peak memory 1164 MiB.
2026-10-10T16:21:15Z INFO [605/900] 970864aa-ddc7-493a-b38c-a8346f614a52: 17 groups; 22.0 s; peak memory 1164 MiB.
2026-10-10T16:21:16Z INFO [606/900] 9708a6db-1c04-4e15-925b-d38c8029c71a: 22 groups; 0.8 s; peak memory 1164 MiB.
2026-10-10T16:21:25Z INFO [607/900] 9708c103-5c7d-4986-87fc-aeff4dac3d6f: 22 groups; 9.0 s; peak memory 1164 MiB.
2026-10-10T16:21:26Z INFO [608/900] 970a8502-cc01-4e95-ab92-b6256cdb9d96: 341 groups; 1.3 s; peak memory 1164 MiB.
2026-10-10T16:21:27Z INFO [609/900] 970aa03f-ff60-43f9-82df-324ef3d021e4: 33 groups; 1.0 s; peak memory 1164 MiB.
2026-10-10T16:21:28Z INFO [610/900] 970bcfd1-dd7b-45ce-9603-f0711d8f2cf1: 17 groups; 0.7 s; peak memory 1164 MiB.
2026-10-10T16:21:31Z INFO [611/900] 970bded3-9f0a-4f07-b815-fdf12bf4a32e: 109 groups; 3.3 s; peak memory 1164 MiB.
2026-10-10T16:21:32Z INFO [612/900] 970d1931-9738-4d1a-88ca-8aeabb6b7942: 71 groups; 0.9 s; peak memory 1164 MiB.
2026-10-10T16:23:07Z INFO [613/900] 970e04ba-eb9e-4469-bb30-3fda33a4e89a: 60 groups; 94.8 s; peak memory 1164 MiB.
2026-10-10T16:23:08Z INFO [614/900] 970e495c-bd27-4502-86c4-cde48ed81a13: 22 groups; 1.0 s; peak memory 1164 MiB.
2026-10-10T16:23:10Z INFO [615/900] 970e5c77-199e-4198-889b-35acdb336164: 48 groups; 2.4 s; peak memory 1164 MiB.
2026-10-10T16:23:13Z INFO [616/900] 970f00b8-caed-4da3-8175-6ea71fab8470: 54 groups; 2.5 s; peak memory 1164 MiB.
2026-10-10T16:23:13Z INFO [617/900] 97104e8f-1dd7-418a-b30c-31ba4a0ae060: 32 groups; 0.8 s; peak memory 1164 MiB.
2026-10-10T16:23:14Z INFO [618/900] 97109e99-50c6-415b-82b2-deebd3350fcb: 25 groups; 1.0 s; peak memory 1164 MiB.
2026-10-10T16:23:16Z INFO [619/900] 9711e276-7aba-4038-85f5-bd52685b9720: 207 groups; 1.4 s; peak memory 1164 MiB.
2026-10-10T16:23:20Z INFO [620/900] 9711f849-648c-47b8-879a-439a08f1f0a5: 171 groups; 4.5 s; peak memory 1164 MiB.
2026-10-10T16:23:22Z INFO [621/900] 971344f6-d252-47a8-997f-5e7b9f83a4bb: 337 groups; 1.5 s; peak memory 1164 MiB.
2026-10-10T16:23:28Z INFO [622/900] 97147673-0da7-4790-a854-ed80ec57cbe3: 26 groups; 6.4 s; peak memory 1164 MiB.
2026-10-10T16:23:30Z INFO [623/900] 9714dafc-abd5-4b76-a59a-b57173ca071c: 202 groups; 1.4 s; peak memory 1164 MiB.
2026-10-10T16:23:31Z INFO [624/900] 97158081-0a6d-4d10-9b8f-4cc3496a84b2: 206 groups; 1.4 s; peak memory 1164 MiB.
2026-10-10T16:23:32Z INFO [625/900] 9715cd95-4e16-4e71-b7b8-58c633f28752: 22 groups; 0.8 s; peak memory 1164 MiB.
2026-10-10T16:23:33Z INFO [626/900] 971613dc-f5ad-4b38-b93f-ad2018955330: 35 groups; 1.3 s; peak memory 1164 MiB.
2026-10-10T16:23:34Z INFO [627/900] 9716a529-fc2b-423b-a12c-7402692845e1: 35 groups; 1.2 s; peak memory 1164 MiB.
2026-10-10T16:23:35Z INFO [628/900] 9717d818-29f3-4d8c-9716-966ae9b78fcf: 22 groups; 0.9 s; peak memory 1164 MiB.
2026-10-10T16:23:36Z INFO [629/900] 9719136e-ba28-43b3-a83b-18533b284085: 22 groups; 0.8 s; peak memory 1164 MiB.
2026-10-10T16:23:37Z INFO [630/900] 97193882-cc28-40c0-9555-9c9f45bea9be: 22 groups; 0.9 s; peak memory 1164 MiB.
2026-10-10T16:23:38Z INFO [631/900] 97199933-874d-4add-bebd-bad99f4de1c2: 22 groups; 1.0 s; peak memory 1164 MiB.
2026-10-10T16:23:56Z INFO [632/900] 9719d11b-9b32-49da-a4cf-8ccf6ed79c0f: 23 groups; 17.8 s; peak memory 1164 MiB.
2026-10-10T16:23:57Z INFO [633/900] 9719d6f6-4505-4e8b-93e2-c53c8ec274b5: 194 groups; 1.8 s; peak memory 1164 MiB.
2026-10-10T16:23:59Z INFO [634/900] 971a20e6-3b0b-46fb-b9cd-db1e31ad893f: 33 groups; 1.3 s; peak memory 1164 MiB.
2026-10-10T16:24:00Z INFO [635/900] 971a246e-ba9d-4738-8a61-5b33b9bf4853: 27 groups; 1.1 s; peak memory 1164 MiB.
2026-10-10T16:24:01Z INFO [636/900] 971a5fea-ecb8-465c-ae2d-7155dd68f37b: 22 groups; 0.9 s; peak memory 1164 MiB.
2026-10-10T16:24:02Z INFO [637/900] 971b0806-a902-4461-a7db-a742187d9a15: 48 groups; 1.4 s; peak memory 1164 MiB.
2026-10-10T16:24:03Z INFO [638/900] 971b309b-9903-4848-aad5-e3bf18c2232a: 22 groups; 0.7 s; peak memory 1164 MiB.
2026-10-10T16:24:07Z INFO [639/900] 971ba0b6-dd24-4d8c-bc51-04b95e105305: 85 groups; 4.5 s; peak memory 1164 MiB.
2026-10-10T16:24:09Z INFO [640/900] 971bde11-b860-40b8-9d79-6af2e414ac12: 36 groups; 1.4 s; peak memory 1164 MiB.
2026-10-10T16:24:10Z INFO [641/900] 971bec13-6d24-4139-a440-03474bfc0f81: 36 groups; 1.1 s; peak memory 1164 MiB.
2026-10-10T16:24:11Z INFO [642/900] 971c2b96-136c-4fa2-bf61-4eb3727db036: 22 groups; 0.9 s; peak memory 1164 MiB.
2026-10-10T16:24:12Z INFO [643/900] 971cdb82-b0eb-491e-94b4-0f82478b6085: 22 groups; 0.9 s; peak memory 1164 MiB.
2026-10-10T16:24:13Z INFO [644/900] 971f0e83-fd4a-4aad-9697-e18907bd1f6b: 28 groups; 1.0 s; peak memory 1164 MiB.
2026-10-10T16:24:14Z INFO [645/900] 971f1c09-78bf-4720-b35c-dd3af1fb9de7: 22 groups; 0.9 s; peak memory 1164 MiB.
2026-10-10T16:24:14Z INFO [646/900] 971f570d-2c60-4751-9bb3-73692dee80b6: 16 groups; 0.6 s; peak memory 1164 MiB.
2026-10-10T16:24:15Z INFO [647/900] 971fdc12-7ac8-45ea-96d6-7fc830f31f49: 32 groups; 0.9 s; peak memory 1164 MiB.
2026-10-10T16:24:16Z INFO [648/900] 971fed24-c152-4c6c-923f-df33d7c0ffc5: 18 groups; 0.7 s; peak memory 1164 MiB.
2026-10-10T16:24:17Z INFO [649/900] 971fee55-3fcf-4fec-9e1b-a6fcc71a745f: 22 groups; 0.7 s; peak memory 1164 MiB.
2026-10-10T16:24:17Z INFO [650/900] 97200c99-f1ce-407b-831e-5f53a22af49a: 22 groups; 0.8 s; peak memory 1164 MiB.
2026-10-10T16:24:18Z INFO [650/900] 97200c99-f1ce-407b-831e-5f53a22af49a: checkpointed 119886 new records.
2026-10-10T16:24:19Z INFO [651/900] 9721079a-9ec0-4752-867f-dc6b8a8e7f8d: 32 groups; 0.9 s; peak memory 1164 MiB.
2026-10-10T16:24:27Z INFO [652/900] 97211758-7ec9-43c4-8dce-59d2e7feb51d: 203 groups; 8.3 s; peak memory 1164 MiB.
2026-10-10T16:24:28Z INFO [653/900] 9721e6df-3893-4452-90a9-3a762e7731be: 22 groups; 0.9 s; peak memory 1164 MiB.
2026-10-10T16:24:29Z INFO [654/900] 97221048-0988-4d55-bb6a-f885532943ad: 32 groups; 1.0 s; peak memory 1164 MiB.
2026-10-10T16:24:30Z INFO [655/900] 9722166e-d769-4a89-bc16-0a5dbf4e7cd4: 67 groups; 1.0 s; peak memory 1164 MiB.
2026-10-10T16:24:31Z INFO [656/900] 97225157-1825-46dc-8a93-d937e858242b: 25 groups; 1.0 s; peak memory 1164 MiB.
2026-10-10T16:24:35Z INFO [657/900] 9723b556-40f7-4c43-be88-461b3a8831ea: 85 groups; 4.3 s; peak memory 1164 MiB.
2026-10-10T16:24:36Z INFO [658/900] 97249478-4818-4d01-a1a9-bd9f7a51f48f: 194 groups; 1.0 s; peak memory 1164 MiB.
2026-10-10T16:24:37Z INFO [659/900] 9725624e-f336-4246-946e-1e4e2845f0c5: 30 groups; 0.9 s; peak memory 1164 MiB.
2026-10-10T16:24:37Z INFO [660/900] 9725700d-4e66-4254-a10a-f31f9d4d221e: 17 groups; 0.6 s; peak memory 1164 MiB.
2026-10-10T16:24:39Z INFO [661/900] 97258414-02e0-4cf0-964e-527c246db96d: 32 groups; 1.1 s; peak memory 1164 MiB.
2026-10-10T16:24:43Z INFO [662/900] 9725a0c9-67b3-448b-9dd0-89d42cc718db: 121 groups; 4.6 s; peak memory 1164 MiB.
2026-10-10T16:24:44Z INFO [663/900] 97273999-9146-4438-abb4-5594b7931eae: 32 groups; 0.9 s; peak memory 1164 MiB.
2026-10-10T16:24:46Z INFO [664/900] 9729389c-dff2-4691-9bd6-91b4ed55bc30: 48 groups; 1.7 s; peak memory 1164 MiB.
2026-10-10T16:24:46Z INFO [665/900] 972a6581-afbf-4d32-90b9-487edc456bf9: 29 groups; 0.7 s; peak memory 1164 MiB.
2026-10-10T16:24:47Z INFO [666/900] 972b25f5-d36e-4036-8358-ace42e168485: 22 groups; 0.7 s; peak memory 1164 MiB.
2026-10-10T16:24:48Z INFO [667/900] 972be65a-247a-4311-8223-d147e9c12e6f: 33 groups; 1.0 s; peak memory 1164 MiB.
2026-10-10T16:24:51Z INFO [668/900] 972bff88-2c1b-4798-a316-4c839526c3eb: 57 groups; 2.7 s; peak memory 1164 MiB.
2026-10-10T16:24:52Z INFO [669/900] 972c2a93-720a-4531-abc3-33278aecd782: 32 groups; 1.1 s; peak memory 1164 MiB.
2026-10-10T16:24:54Z INFO [670/900] 972ca575-e0e3-4850-8785-1793eaf5db07: 194 groups; 1.8 s; peak memory 1164 MiB.
2026-10-10T16:24:59Z INFO [671/900] 972d6032-e759-4343-9430-45418a64f2c9: 167 groups; 5.4 s; peak memory 1164 MiB.
2026-10-10T16:25:00Z INFO [672/900] 972dc62d-f14a-48e6-903b-e11d55f9f8f4: 22 groups; 0.7 s; peak memory 1164 MiB.
2026-10-10T16:25:01Z INFO [673/900] 972e5326-1272-4544-b883-110a25af98f7: 22 groups; 0.8 s; peak memory 1164 MiB.
2026-10-10T16:25:02Z INFO [674/900] 972ee26b-8b5a-4eb9-bf9e-fc6d8d3ac172: 203 groups; 1.1 s; peak memory 1164 MiB.
2026-10-10T16:25:02Z INFO [675/900] 972fd53e-c016-4abd-b57c-398ccce846fe: 22 groups; 0.7 s; peak memory 1164 MiB.
2026-10-10T16:25:03Z INFO [676/900] 9730a7ad-e7dd-4e12-8ae9-8beac0cb4ac0: 195 groups; 0.9 s; peak memory 1164 MiB.
2026-10-10T16:25:04Z INFO [677/900] 9730ef61-5fdf-43d1-815d-ab936e53240a: 32 groups; 1.0 s; peak memory 1164 MiB.
2026-10-10T16:25:05Z INFO [678/900] 973107bd-cd62-4720-ad12-fcc37097ed29: 32 groups; 1.0 s; peak memory 1164 MiB.
2026-10-10T16:25:07Z INFO [679/900] 9731abdb-aa7a-4734-a8dd-e84012364a97: 32 groups; 1.2 s; peak memory 1164 MiB.
2026-10-10T16:25:07Z INFO [680/900] 9732365b-a42e-4666-91dc-a52ce53b1db1: 33 groups; 0.7 s; peak memory 1164 MiB.
2026-10-10T16:25:08Z INFO [681/900] 97332fde-4079-4df9-b906-a18d1bab7dd9: 36 groups; 1.1 s; peak memory 1164 MiB.
2026-10-10T16:25:11Z INFO [682/900] 9733350b-ab76-4b15-b416-734c8bb629b2: 22 groups; 2.2 s; peak memory 1164 MiB.
2026-10-10T16:25:13Z INFO [683/900] 97339450-ff30-4ae2-8338-1230301970a0: 50 groups; 2.4 s; peak memory 1164 MiB.
2026-10-10T16:25:26Z INFO [684/900] 9733c318-7602-4fdb-acfd-ab9c8174087a: 157 groups; 12.9 s; peak memory 1164 MiB.
2026-10-10T16:25:28Z INFO [685/900] 9733e51f-4634-490e-a38b-7be0d5402eba: 48 groups; 2.2 s; peak memory 1164 MiB.
2026-10-10T16:25:29Z INFO [686/900] 97349a4e-215a-4c83-b33b-47310b6e5740: 35 groups; 1.3 s; peak memory 1164 MiB.
2026-10-10T16:25:30Z INFO [687/900] 9734c1dd-8807-479d-8f53-d30d35fb3a02: 22 groups; 0.9 s; peak memory 1164 MiB.
2026-10-10T16:25:31Z INFO [688/900] 9736f974-31bf-4177-9709-5916ee9ad053: 35 groups; 1.2 s; peak memory 1164 MiB.
2026-10-10T16:25:32Z INFO [689/900] 97371f0b-f7dd-4b0d-80ab-0b3b55bca535: 22 groups; 0.7 s; peak memory 1164 MiB.
2026-10-10T16:25:33Z INFO [690/900] 9737b128-484c-4a66-9f12-7d0716fdacef: 16 groups; 0.5 s; peak memory 1164 MiB.
2026-10-10T16:25:33Z INFO [691/900] 973a478b-7f52-422b-b478-712bc909278d: 16 groups; 0.8 s; peak memory 1164 MiB.
2026-10-10T16:25:34Z INFO [692/900] 973ad1b6-fba6-4633-8350-f1397f0203ef: 22 groups; 0.7 s; peak memory 1164 MiB.
2026-10-10T16:25:35Z INFO [693/900] 973af0dc-a981-4d33-9706-484673346d2b: 22 groups; 0.7 s; peak memory 1164 MiB.
2026-10-10T16:25:50Z INFO [694/900] 973b3563-bc65-4c68-9a74-2d28197124e3: 272 groups; 15.5 s; peak memory 1164 MiB.
2026-10-10T16:26:24Z INFO [695/900] 973b59f3-4e5f-477b-8cb0-9d3ce1c9e06b: 2272 groups; 33.6 s; peak memory 1164 MiB.
2026-10-10T16:26:47Z INFO [696/900] 973bb1dd-7e0f-46c2-9c52-096312a6587f: 31 groups; 23.4 s; peak memory 1164 MiB.
2026-10-10T16:26:48Z INFO [697/900] 973bf154-0b08-4f7e-bea8-1d81b19e3bbf: 22 groups; 0.9 s; peak memory 1164 MiB.
2026-10-10T16:26:49Z INFO [698/900] 973ce022-649b-416e-a68a-a5972749ac87: 32 groups; 1.1 s; peak memory 1164 MiB.
2026-10-10T16:26:51Z INFO [699/900] 973d47e0-df59-4d5d-9e44-e86a37880183: 33 groups; 1.4 s; peak memory 1164 MiB.
2026-10-10T16:26:52Z INFO [700/900] 973d67f6-169c-42fa-bc82-1d25d3c29170: 22 groups; 0.9 s; peak memory 1164 MiB.
2026-10-10T16:26:52Z INFO [700/900] 973d67f6-169c-42fa-bc82-1d25d3c29170: checkpointed 119936 new records.
2026-10-10T16:26:53Z INFO [701/900] 973d7fa8-7512-4730-9804-2f0ee6d222af: 22 groups; 1.0 s; peak memory 1164 MiB.
2026-10-10T16:26:54Z INFO [702/900] 973e7cc5-513e-4355-938b-ab55f444b273: 30 groups; 0.8 s; peak memory 1164 MiB.
2026-10-10T16:26:54Z INFO [703/900] 973ea57a-cbb0-48f8-a6ca-292b2fa3d2a3: 28 groups; 0.6 s; peak memory 1164 MiB.
2026-10-10T16:26:55Z INFO [704/900] 973ed926-33ad-4121-8ac9-dc6193a7cfa7: 32 groups; 1.0 s; peak memory 1164 MiB.
2026-10-10T16:26:57Z INFO [705/900] 973ef0ef-aa61-424e-9ed3-9e939d9e7e19: 55 groups; 1.9 s; peak memory 1164 MiB.
2026-10-10T16:26:58Z INFO [706/900] 973effa2-9941-474e-bb44-d28a8fd0e9b2: 35 groups; 1.0 s; peak memory 1164 MiB.
2026-10-10T16:27:00Z INFO [707/900] 973f1ea8-e48a-4ca3-91ad-e1833af0e9a6: 54 groups; 1.9 s; peak memory 1164 MiB.
2026-10-10T16:27:03Z INFO [708/900] 973f5eec-5ec3-4d2f-9ff1-d539d7d66b0c: 48 groups; 2.5 s; peak memory 1164 MiB.
2026-10-10T16:27:04Z INFO [709/900] 973f96ab-34f2-45c9-b3b1-6b317a5d62a3: 32 groups; 1.1 s; peak memory 1164 MiB.
2026-10-10T16:27:04Z INFO [710/900] 973fa675-3bf6-4c28-89da-078ca956b041: 16 groups; 0.6 s; peak memory 1164 MiB.
2026-10-10T16:27:05Z INFO [711/900] 973fbee9-75cb-47a5-a3bf-85be4246ca8c: 30 groups; 0.7 s; peak memory 1164 MiB.
2026-10-10T16:27:06Z INFO [712/900] 973fca9b-ede1-4afd-b2af-8296e6d3ff1a: 26 groups; 0.6 s; peak memory 1164 MiB.
2026-10-10T16:27:08Z INFO [713/900] 97401f35-25fe-4ae0-a6e0-f0def7ddfc45: 50 groups; 2.2 s; peak memory 1164 MiB.
2026-10-10T16:27:08Z INFO [714/900] 97405598-cedd-45b3-8221-8b1ce7011672: 16 groups; 0.6 s; peak memory 1164 MiB.
2026-10-10T16:27:09Z INFO [715/900] 97408562-013b-4a48-a9ca-6fd80f123a67: 22 groups; 0.7 s; peak memory 1164 MiB.
2026-10-10T16:27:10Z INFO [716/900] 9741969a-af50-453e-b70b-9f500abdba48: 16 groups; 0.7 s; peak memory 1164 MiB.
2026-10-10T16:27:12Z INFO [717/900] 9742ee53-ad5c-4bd0-8beb-e9180edbd647: 60 groups; 1.9 s; peak memory 1164 MiB.
2026-10-10T16:27:13Z INFO [718/900] 9743283d-1d54-4bfd-b2ac-4031bc5a054b: 32 groups; 0.9 s; peak memory 1164 MiB.
2026-10-10T16:27:14Z INFO [719/900] 974363ec-612f-432c-ae98-1e449c61963d: 32 groups; 1.1 s; peak memory 1164 MiB.
2026-10-10T16:27:15Z INFO [720/900] 9744b785-a43d-40ba-9df3-f7dc9c8bde50: 32 groups; 1.0 s; peak memory 1164 MiB.
2026-10-10T16:27:17Z INFO [721/900] 97458bba-370c-40ab-80c1-3acf833af7a1: 53 groups; 2.1 s; peak memory 1164 MiB.
2026-10-10T16:27:18Z INFO [722/900] 9745ade7-6cdf-430d-aa63-318af339d48b: 207 groups; 1.6 s; peak memory 1164 MiB.
2026-10-10T16:27:23Z INFO [723/900] 9745f03d-0e44-4269-a474-736dec8a41e2: 34 groups; 4.7 s; peak memory 1164 MiB.
2026-10-10T16:27:24Z INFO [724/900] 97465fa3-888d-48ac-89c1-81765726bd6b: 32 groups; 1.0 s; peak memory 1164 MiB.
2026-10-10T16:27:25Z INFO [725/900] 974730dc-9e2e-4e4e-81bc-1262a2c87bf0: 32 groups; 1.0 s; peak memory 1164 MiB.
2026-10-10T16:27:26Z INFO [726/900] 9747612a-ca07-4b56-930e-c2e98e371c40: 22 groups; 0.8 s; peak memory 1164 MiB.
2026-10-10T16:27:28Z INFO [727/900] 97476885-2502-48e7-90a2-101478ff4b77: 54 groups; 1.7 s; peak memory 1164 MiB.
2026-10-10T16:27:35Z INFO [728/900] 97481139-4df6-4de4-819c-ee481b898606: 198 groups; 7.0 s; peak memory 1164 MiB.
2026-10-10T16:27:35Z INFO [729/900] 974948b9-24bc-49d0-bcd7-271eda4731af: 22 groups; 0.7 s; peak memory 1164 MiB.
2026-10-10T16:27:36Z INFO [730/900] 97497520-dd35-4968-88a8-1fecab833569: 104 groups; 1.1 s; peak memory 1164 MiB.
2026-10-10T16:27:37Z INFO [731/900] 9749869e-b316-4c3b-9a24-8831bd0e19be: 35 groups; 1.1 s; peak memory 1164 MiB.
2026-10-10T16:27:44Z INFO [732/900] 974998cb-defd-4c83-ae3f-9039abba60d4: 171 groups; 6.9 s; peak memory 1164 MiB.
2026-10-10T16:27:45Z INFO [733/900] 974a6a03-e13f-4e25-9986-083c48a5562d: 31 groups; 0.7 s; peak memory 1164 MiB.
2026-10-10T16:27:46Z INFO [734/900] 974ac6db-5c6f-4de6-bec8-4df225694f0b: 35 groups; 1.0 s; peak memory 1164 MiB.
2026-10-10T16:27:47Z INFO [735/900] 974b0fb2-6771-4685-8802-ec3b1a834e0f: 31 groups; 1.1 s; peak memory 1164 MiB.
2026-10-10T16:27:49Z INFO [736/900] 974c4779-cf9b-4b51-85b5-6d12c13c56c6: 58 groups; 1.8 s; peak memory 1164 MiB.
2026-10-10T16:27:50Z INFO [737/900] 974c85c2-f894-4964-90fc-235159e156f3: 33 groups; 1.1 s; peak memory 1164 MiB.
2026-10-10T16:27:51Z INFO [738/900] 974d4eac-681a-489c-9f4f-c360f1b9f777: 22 groups; 1.0 s; peak memory 1164 MiB.
2026-10-10T16:27:57Z INFO [739/900] 974d586b-d21b-4ea3-bfe0-f4c5ecc7ecc8: 109 groups; 6.1 s; peak memory 1164 MiB.
2026-10-10T16:27:58Z INFO [740/900] 974dcefb-c425-4d11-a163-ae9427076242: 202 groups; 1.2 s; peak memory 1164 MiB.
2026-10-10T16:27:59Z INFO [741/900] 974e1d91-8f94-4cea-ac12-f420298b62b2: 32 groups; 0.9 s; peak memory 1164 MiB.
2026-10-10T16:28:03Z INFO [742/900] 974ebe15-366b-4f1b-9eaa-9876df60d473: 138 groups; 4.1 s; peak memory 1164 MiB.
2026-10-10T16:28:04Z INFO [743/900] 974ee689-0ec3-48ab-876e-ea4c998c12e9: 17 groups; 0.7 s; peak memory 1164 MiB.
2026-10-10T16:28:05Z INFO [744/900] 974face0-044f-4f6a-b84b-126491468858: 17 groups; 0.6 s; peak memory 1164 MiB.
2026-10-10T16:28:06Z INFO [745/900] 9750d19b-6532-4bb4-a6e7-bae9be82f40d: 33 groups; 1.1 s; peak memory 1164 MiB.
2026-10-10T16:28:06Z INFO [746/900] 97520ed6-820a-45df-92a1-1706da286899: 32 groups; 0.9 s; peak memory 1164 MiB.
2026-10-10T16:28:08Z INFO [747/900] 97525608-85e4-489d-8207-0daf71f73b51: 200 groups; 1.3 s; peak memory 1164 MiB.
2026-10-10T16:28:09Z INFO [748/900] 97526849-3a51-4ad0-b7fb-560522c8ebff: 22 groups; 0.7 s; peak memory 1164 MiB.
2026-10-10T16:28:09Z INFO [749/900] 975301f8-9045-4e39-a450-33daf0234165: 22 groups; 0.8 s; peak memory 1164 MiB.
2026-10-10T16:28:15Z INFO [750/900] 9753595a-76c3-4fe8-92da-8fa88f32461b: 70 groups; 5.4 s; peak memory 1164 MiB.
2026-10-10T16:28:15Z INFO [750/900] 9753595a-76c3-4fe8-92da-8fa88f32461b: checkpointed 119986 new records.
2026-10-10T16:28:16Z INFO [751/900] 97538f60-d45e-4fab-bb7b-511a0d0d394d: 32 groups; 1.1 s; peak memory 1164 MiB.
2026-10-10T16:28:17Z INFO [752/900] 97539f64-6b32-48c7-b92a-bec92e93eb9f: 31 groups; 0.8 s; peak memory 1164 MiB.
2026-10-10T16:28:18Z INFO [753/900] 9753ffae-73d3-4b29-b47e-247fc98334b7: 22 groups; 0.7 s; peak memory 1164 MiB.
2026-10-10T16:28:18Z INFO [754/900] 97541d7c-0ff4-4f4f-8279-e488ae1a1878: 22 groups; 0.9 s; peak memory 1164 MiB.
2026-10-10T16:28:20Z INFO [755/900] 9754aca8-383c-48cc-bf70-f8cab2681880: 202 groups; 1.2 s; peak memory 1164 MiB.
2026-10-10T16:28:20Z INFO [756/900] 97557087-dda8-4619-80cc-73633834ea63: 32 groups; 0.9 s; peak memory 1164 MiB.
2026-10-10T16:28:21Z INFO [757/900] 97564b83-b4e2-49f4-8b72-013b2d85a4a8: 16 groups; 0.7 s; peak memory 1164 MiB.
2026-10-10T16:28:30Z INFO [758/900] 9757dd51-d83f-4a90-8546-0f6a43bf020e: 243 groups; 8.6 s; peak memory 1164 MiB.
2026-10-10T16:28:31Z INFO [759/900] 9758c816-53e3-4694-ac4e-438eb6446f45: 36 groups; 1.1 s; peak memory 1164 MiB.
2026-10-10T16:28:31Z INFO [760/900] 975a82af-b40f-45f3-8914-e63625f1ef86: 31 groups; 0.6 s; peak memory 1164 MiB.
2026-10-10T16:28:32Z INFO [761/900] 975b7d19-7186-4488-b3c7-1a779090ad09: 32 groups; 0.8 s; peak memory 1164 MiB.
2026-10-10T16:28:33Z INFO [762/900] 975bfb10-3a85-4563-b9c9-0de1c4c41fbb: 18 groups; 0.7 s; peak memory 1164 MiB.
2026-10-10T16:28:33Z INFO [763/900] 975c5a57-1125-4332-a641-bd6b02cca541: 16 groups; 0.6 s; peak memory 1164 MiB.
2026-10-10T16:28:35Z INFO [764/900] 975d702a-25ed-4fdf-ba57-d90bb947f5ce: 35 groups; 1.1 s; peak memory 1164 MiB.
2026-10-10T16:28:35Z INFO [765/900] 975dcb93-1374-45ce-922e-7231d6bd9fdb: 35 groups; 0.9 s; peak memory 1164 MiB.
2026-10-10T16:28:36Z INFO [766/900] 975ddcd5-acd9-438b-bf30-4cd3963377ad: 22 groups; 0.7 s; peak memory 1164 MiB.
2026-10-10T16:28:37Z INFO [767/900] 975e0c0a-26f5-482c-ac68-03904776a46f: 22 groups; 0.7 s; peak memory 1164 MiB.
2026-10-10T16:28:38Z INFO [768/900] 975e66df-94d0-49d9-8787-9c651192b6e7: 32 groups; 1.2 s; peak memory 1164 MiB.
2026-10-10T16:28:39Z INFO [769/900] 975f6f88-c18a-4b1f-a387-9dd8bdde6f98: 22 groups; 0.9 s; peak memory 1164 MiB.
2026-10-10T16:28:40Z INFO [770/900] 97600699-075f-44c1-956a-811f904be400: 32 groups; 0.9 s; peak memory 1164 MiB.
2026-10-10T16:28:50Z INFO [771/900] 97605ce2-5188-4e82-95b1-841a92cfd889: 157 groups; 9.9 s; peak memory 1164 MiB.
2026-10-10T16:29:01Z INFO [772/900] 97607909-9058-4247-b70c-15aae7de2448: 156 groups; 11.2 s; peak memory 1164 MiB.
2026-10-10T16:29:02Z INFO [773/900] 976080de-70b4-424b-a3a7-c614f8b910a7: 31 groups; 0.9 s; peak memory 1164 MiB.
2026-10-10T16:29:03Z INFO [774/900] 9761f283-0448-47df-abda-6e43f2b2dd32: 22 groups; 0.9 s; peak memory 1164 MiB.
2026-10-10T16:29:10Z INFO [775/900] 97629fa2-3847-4423-8062-21bf375b1dad: 56 groups; 7.4 s; peak memory 1164 MiB.
2026-10-10T16:29:11Z INFO [776/900] 97631fef-2e63-4e75-96c8-1addf308f86d: 25 groups; 0.9 s; peak memory 1164 MiB.
2026-10-10T16:29:12Z INFO [777/900] 9763b7f5-f0f4-4da5-864a-e5536b4170e4: 22 groups; 0.9 s; peak memory 1164 MiB.
2026-10-10T16:29:13Z INFO [778/900] 976425d2-bb97-4a14-8207-986034004ca7: 32 groups; 1.1 s; peak memory 1164 MiB.
2026-10-10T16:29:14Z INFO [779/900] 97645857-a1a7-4632-8eac-ec7abe38f59e: 338 groups; 1.4 s; peak memory 1164 MiB.
2026-10-10T16:29:31Z INFO [780/900] 9764728e-ad50-4e9d-983f-a27fda0b452a: 3300 groups; 16.6 s; peak memory 1164 MiB.
2026-10-10T16:29:32Z INFO [781/900] 97650206-a2f9-4e3f-a482-5799485134ea: 25 groups; 0.7 s; peak memory 1164 MiB.
2026-10-10T16:29:32Z INFO [782/900] 97653bc3-7e59-4cb5-a0c2-2a948d787d40: 16 groups; 0.6 s; peak memory 1164 MiB.
2026-10-10T16:29:33Z INFO [783/900] 976590e1-db05-4db8-9dad-923a865ce6bc: 26 groups; 0.6 s; peak memory 1164 MiB.
2026-10-10T16:29:34Z INFO [784/900] 97668336-b000-46ab-8be6-a62662554e64: 25 groups; 0.6 s; peak memory 1164 MiB.
2026-10-10T16:29:35Z INFO [785/900] 97682a13-aaae-4d7d-b58a-eb4d8430113d: 341 groups; 1.4 s; peak memory 1164 MiB.
2026-10-10T16:29:36Z INFO [786/900] 976833ed-a04d-46e8-b3f4-271ec90246f9: 33 groups; 1.1 s; peak memory 1164 MiB.
2026-10-10T16:29:37Z INFO [787/900] 976898cf-a25c-4a78-84d9-1bd31bb84992: 35 groups; 0.9 s; peak memory 1164 MiB.
2026-10-10T16:29:38Z INFO [788/900] 9769286a-333c-43d9-8c5b-a27cf26891cd: 30 groups; 0.7 s; peak memory 1164 MiB.
2026-10-10T16:29:39Z INFO [789/900] 976afd48-9e02-423e-9473-fb81b79c4055: 341 groups; 1.2 s; peak memory 1164 MiB.
2026-10-10T16:29:46Z INFO [790/900] 976bc4e5-1867-4737-ab13-349bf21d233e: 1664 groups; 6.8 s; peak memory 1164 MiB.
2026-10-10T16:29:47Z INFO [791/900] 976c0677-e8b1-43b9-b44e-f7dc4221e05f: 341 groups; 1.5 s; peak memory 1164 MiB.
2026-10-10T16:29:48Z INFO [792/900] 976c22f4-07cb-49b4-868a-3cf1834314bb: 25 groups; 0.7 s; peak memory 1164 MiB.
2026-10-10T16:29:49Z INFO [793/900] 976c52dc-b8a0-4759-97e9-f002ac518bc3: 26 groups; 0.8 s; peak memory 1164 MiB.
2026-10-10T16:29:50Z INFO [794/900] 976c873e-215b-4725-8054-65e33b8e95bc: 35 groups; 1.1 s; peak memory 1164 MiB.
2026-10-10T16:29:50Z INFO [795/900] 976d1d38-3cd1-4f0c-85b2-86401796456b: 22 groups; 0.5 s; peak memory 1164 MiB.
2026-10-10T16:29:51Z INFO [796/900] 976d6aa7-c1f1-4caf-b38f-523b5b6f7ffb: 30 groups; 0.6 s; peak memory 1164 MiB.
2026-10-10T16:29:57Z INFO [797/900] 976d77c6-8c6d-4e68-9519-f7e6bf6bdbfb: 120 groups; 6.2 s; peak memory 1164 MiB.
2026-10-10T16:29:58Z INFO [798/900] 976de7d8-520f-4f93-8aec-24111f93973a: 35 groups; 0.8 s; peak memory 1164 MiB.
2026-10-10T16:29:59Z INFO [799/900] 976f2f5e-35b9-4c0a-ae9a-c2ba440395c6: 22 groups; 0.8 s; peak memory 1164 MiB.
2026-10-10T16:30:00Z INFO [800/900] 976fc3f2-bc71-4276-950a-3216fc5eb8ee: 204 groups; 1.3 s; peak memory 1164 MiB.
2026-10-10T16:30:00Z INFO [800/900] 976fc3f2-bc71-4276-950a-3216fc5eb8ee: checkpointed 120036 new records.
2026-10-10T16:30:02Z INFO [801/900] 97702256-13ab-4b96-aad6-fcad5517a426: 194 groups; 1.5 s; peak memory 1164 MiB.
2026-10-10T16:30:04Z INFO [802/900] 97706954-c697-4da0-9bf8-7fb868f04122: 48 groups; 2.0 s; peak memory 1164 MiB.
2026-10-10T16:30:05Z INFO [803/900] 97709feb-76c6-43cb-8cb0-9ac1e3cecdfc: 32 groups; 0.9 s; peak memory 1164 MiB.
2026-10-10T16:30:08Z INFO [804/900] 9770e49b-7dbc-4322-a151-05795a47a6e7: 123 groups; 3.1 s; peak memory 1164 MiB.
2026-10-10T16:30:09Z INFO [805/900] 977126f2-188d-4212-a8e3-1e8724f7039e: 33 groups; 1.0 s; peak memory 1164 MiB.
2026-10-10T16:30:09Z INFO [806/900] 97719772-56bf-463f-b468-b9cdcbc7db13: 22 groups; 0.7 s; peak memory 1164 MiB.
2026-10-10T16:30:18Z INFO [807/900] 97746829-371a-4719-a0b6-90f032d4e3ad: 33 groups; 8.7 s; peak memory 1164 MiB.
2026-10-10T16:30:19Z INFO [808/900] 97747df3-7a88-435a-870a-321ccdd41e27: 22 groups; 0.9 s; peak memory 1164 MiB.
2026-10-10T16:30:31Z INFO [809/900] 977524f3-6a23-4787-bd59-752ffe2ffbe0: 157 groups; 12.4 s; peak memory 1164 MiB.
2026-10-10T16:30:32Z INFO [810/900] 97755a10-5a3c-472f-94a7-3658856027a9: 16 groups; 0.6 s; peak memory 1164 MiB.
2026-10-10T16:30:33Z INFO [811/900] 977591b8-3059-4b34-afdf-1cd3ac56230f: 18 groups; 0.5 s; peak memory 1164 MiB.
2026-10-10T16:30:34Z INFO [812/900] 9775a69d-0b42-438f-867d-815f1d3a91b9: 32 groups; 1.1 s; peak memory 1164 MiB.
2026-10-10T16:30:40Z INFO [813/900] 9776163a-1a9d-462c-8cee-38bc7a881b83: 189 groups; 6.8 s; peak memory 1164 MiB.
2026-10-10T16:30:42Z INFO [814/900] 977672df-0cce-417d-8194-2430efc2beb0: 35 groups; 1.3 s; peak memory 1164 MiB.
2026-10-10T16:30:43Z INFO [815/900] 97767c26-3043-47d5-9848-de5235880d1a: 22 groups; 0.9 s; peak memory 1164 MiB.
2026-10-10T16:30:44Z INFO [816/900] 9776bd0f-4441-445b-aed6-f2638664fc8a: 35 groups; 1.7 s; peak memory 1164 MiB.
2026-10-10T16:30:45Z INFO [817/900] 97773987-0d15-4039-b7d4-9857ff8906b1: 22 groups; 0.7 s; peak memory 1164 MiB.
2026-10-10T16:30:46Z INFO [818/900] 9777c49e-3d83-42e7-adc0-af4928df26d1: 99 groups; 1.0 s; peak memory 1164 MiB.
2026-10-10T16:30:47Z INFO [819/900] 977888d0-7096-4226-adbb-a781ce394d03: 34 groups; 1.0 s; peak memory 1164 MiB.
2026-10-10T16:30:48Z INFO [820/900] 97790733-5fc8-45e2-b746-5c1a6f41b96c: 32 groups; 1.0 s; peak memory 1164 MiB.
2026-10-10T16:30:50Z INFO [821/900] 9779336e-9d1e-4ce0-8069-62c86d7ada41: 207 groups; 1.6 s; peak memory 1164 MiB.
2026-10-10T16:30:50Z INFO [822/900] 9779cff4-fe4d-4b86-b3f5-e1a8362f5b75: 27 groups; 0.7 s; peak memory 1164 MiB.
2026-10-10T16:30:52Z INFO [823/900] 977ac0ab-c914-4d3a-84b8-94df5692e81c: 207 groups; 1.8 s; peak memory 1164 MiB.
2026-10-10T16:31:00Z INFO [824/900] 977af328-c7f5-4436-9150-9664d20a65ff: 353 groups; 7.6 s; peak memory 1164 MiB.
2026-10-10T16:31:01Z INFO [825/900] 977b07d6-bc3d-4414-96c0-6031234bba08: 33 groups; 1.1 s; peak memory 1164 MiB.
2026-10-10T16:31:02Z INFO [826/900] 977bd707-9519-4ca3-9b58-bc9562520e1f: 35 groups; 1.2 s; peak memory 1164 MiB.
2026-10-10T16:31:30Z INFO [827/900] 977be1c0-0ca3-42c8-9a29-3bc10a7a1d07: 1718 groups; 28.2 s; peak memory 1164 MiB.
2026-10-10T16:31:31Z INFO [828/900] 977bf510-d39f-45aa-879c-5faf4f7eb78c: 22 groups; 1.0 s; peak memory 1164 MiB.
2026-10-10T16:31:32Z INFO [829/900] 977c70db-74d2-4e85-b83c-ca6e86ac2a67: 16 groups; 0.6 s; peak memory 1164 MiB.
2026-10-10T16:31:32Z INFO [830/900] 977c8918-837d-413d-8937-6dd7778de244: 22 groups; 0.7 s; peak memory 1164 MiB.
2026-10-10T16:31:44Z INFO [831/900] 977d3e26-12f4-444a-a10c-53f40ef79872: 2243 groups; 11.2 s; peak memory 1164 MiB.
2026-10-10T16:31:44Z INFO [832/900] 977de934-84a8-48c2-8dcb-db7b2bfd56e4: 22 groups; 0.8 s; peak memory 1164 MiB.
2026-10-10T16:31:45Z INFO [833/900] 977e4180-cff5-4cea-8f21-c336cdceaa96: 25 groups; 1.0 s; peak memory 1164 MiB.
2026-10-10T16:31:46Z INFO [834/900] 9780b19e-253a-4e76-9559-91920662fac7: 22 groups; 0.7 s; peak memory 1164 MiB.
2026-10-10T16:31:47Z INFO [835/900] 97819483-4e77-4938-a623-4edccb15c1a4: 25 groups; 0.7 s; peak memory 1164 MiB.
2026-10-10T16:31:51Z INFO [836/900] 9782bae6-9a91-462e-a179-18028cbd3598: 181 groups; 3.8 s; peak memory 1164 MiB.
2026-10-10T16:31:54Z INFO [837/900] 9782cc06-28f4-4b3d-b6bb-e7f08850ace1: 17 groups; 3.4 s; peak memory 1164 MiB.
2026-10-10T16:31:55Z INFO [838/900] 9783ee14-da75-4361-9527-3cee68e57433: 256 groups; 0.9 s; peak memory 1164 MiB.
2026-10-10T16:31:56Z INFO [839/900] 97866ad4-7001-4e8d-a7f8-18ca7dd3cbc8: 32 groups; 0.9 s; peak memory 1164 MiB.
2026-10-10T16:31:58Z INFO [840/900] 9787009a-2961-4730-811e-a7e9bd04e9e6: 45 groups; 2.4 s; peak memory 1164 MiB.
2026-10-10T16:31:59Z INFO [841/900] 97874b50-f921-4355-8413-051696814815: 26 groups; 0.6 s; peak memory 1164 MiB.
2026-10-10T16:32:00Z INFO [842/900] 9787921d-5f3f-43f1-80ff-e299362ab167: 35 groups; 0.8 s; peak memory 1164 MiB.
2026-10-10T16:32:07Z INFO [843/900] 9787a77b-4ff8-49c3-89da-24cc25f1be0b: 50 groups; 6.8 s; peak memory 1164 MiB.
2026-10-10T16:32:08Z INFO [844/900] 9787c0d8-1682-4853-a665-7c6f1c2ef123: 256 groups; 1.2 s; peak memory 1164 MiB.
2026-10-10T16:32:09Z INFO [845/900] 9787c831-0995-4eab-aa5c-cf85213e5e57: 254 groups; 0.9 s; peak memory 1164 MiB.
2026-10-10T16:32:10Z INFO [846/900] 97883fbd-c5fb-4ad6-b34a-64be33a534a8: 203 groups; 1.0 s; peak memory 1164 MiB.
2026-10-10T16:32:11Z INFO [847/900] 97887cb8-d5b3-463f-9fe4-72104a462f2b: 195 groups; 1.0 s; peak memory 1164 MiB.
2026-10-10T16:32:12Z INFO [848/900] 97894114-b5c2-4e2d-ac6f-2b884a67ac57: 31 groups; 1.3 s; peak memory 1164 MiB.
2026-10-10T16:32:19Z INFO [849/900] 9789416c-a10c-42d8-b4f1-6974c3e2194b: 199 groups; 6.6 s; peak memory 1164 MiB.
2026-10-10T16:32:20Z INFO [850/900] 97896e85-1084-428d-92fe-273390538af8: 35 groups; 1.2 s; peak memory 1164 MiB.
2026-10-10T16:32:20Z INFO [850/900] 97896e85-1084-428d-92fe-273390538af8: checkpointed 120086 new records.
2026-10-10T16:32:21Z INFO [851/900] 978a56ed-05d4-446e-8f3d-9760beeb1313: 32 groups; 1.0 s; peak memory 1164 MiB.
2026-10-10T16:32:22Z INFO [852/900] 978ab9ec-c543-4b9c-be62-cff184e94f0d: 202 groups; 1.1 s; peak memory 1164 MiB.
2026-10-10T16:32:23Z INFO [853/900] 978aefca-7be9-4410-b1d7-8c9e527ec0f1: 32 groups; 0.7 s; peak memory 1164 MiB.
2026-10-10T16:32:24Z INFO [854/900] 978b4708-42ef-41ac-849f-301faad26f6e: 22 groups; 0.8 s; peak memory 1164 MiB.
2026-10-10T16:32:26Z INFO [855/900] 978b9359-49fe-4938-a59c-287f113b6eba: 48 groups; 1.9 s; peak memory 1164 MiB.
2026-10-10T16:32:27Z INFO [856/900] 978b9d70-6519-4e11-b858-9d46a0d9ee4f: 35 groups; 1.2 s; peak memory 1164 MiB.
2026-10-10T16:32:29Z INFO [857/900] 978eaded-bcc1-4ae3-8198-a7c3dd795082: 48 groups; 1.8 s; peak memory 1164 MiB.
2026-10-10T16:32:30Z INFO [858/900] 9790db46-ec5a-4241-9957-80f257219dc7: 32 groups; 1.0 s; peak memory 1164 MiB.
2026-10-10T16:32:31Z INFO [859/900] 97918deb-6a50-44ba-b190-9c24d9cb67e7: 22 groups; 0.7 s; peak memory 1164 MiB.
2026-10-10T16:34:02Z INFO [860/900] 97919174-a1f8-4696-a1b1-ff0d67483928: 60 groups; 91.3 s; peak memory 1164 MiB.
2026-10-10T16:34:03Z INFO [861/900] 9791c789-75fe-4a38-b3d9-ffd8aab4f979: 22 groups; 0.9 s; peak memory 1164 MiB.
2026-10-10T16:34:03Z INFO [862/900] 97949112-a4a0-4893-9e11-938b47b85533: 22 groups; 0.8 s; peak memory 1164 MiB.
2026-10-10T16:34:08Z INFO [863/900] 97954c77-72ed-4a45-9efe-dd123d52abdf: 161 groups; 5.0 s; peak memory 1164 MiB.
2026-10-10T16:34:12Z INFO [864/900] 97955a33-9cf4-448f-9ead-31fd85712116: 101 groups; 3.8 s; peak memory 1164 MiB.
2026-10-10T16:34:14Z INFO [865/900] 979592f7-3f50-463e-8a5b-255a1156e57f: 40 groups; 1.3 s; peak memory 1164 MiB.
2026-10-10T16:34:14Z INFO [866/900] 97965055-db55-4b74-9b6e-8374e9c9ff34: 16 groups; 0.6 s; peak memory 1164 MiB.
2026-10-10T16:34:15Z INFO [867/900] 97967b6a-3fd1-4904-a084-70c980621c8a: 22 groups; 0.7 s; peak memory 1164 MiB.
2026-10-10T16:34:16Z INFO [868/900] 9796b41c-01f0-40bd-86a9-c38a87090fe5: 35 groups; 1.5 s; peak memory 1164 MiB.
2026-10-10T16:34:17Z INFO [869/900] 9799be67-9331-4182-bdef-06cc699a2a64: 207 groups; 1.0 s; peak memory 1164 MiB.
2026-10-10T16:34:18Z INFO [870/900] 9799fe6d-4947-4355-9eee-56c4575187db: 22 groups; 0.9 s; peak memory 1164 MiB.
2026-10-10T16:34:19Z INFO [871/900] 979a2d74-c784-4d1e-8551-0c28bc1902fa: 32 groups; 1.0 s; peak memory 1164 MiB.
2026-10-10T16:34:20Z INFO [872/900] 979ba543-b22a-49de-865c-4dd503b4e712: 23 groups; 0.6 s; peak memory 1164 MiB.
2026-10-10T16:34:23Z INFO [873/900] 979bf291-fb49-49b6-8568-4ff0c9e4f468: 91 groups; 3.0 s; peak memory 1164 MiB.
2026-10-10T16:34:26Z INFO [874/900] 979c3c3c-497b-47dd-b857-79bb99628b0d: 17 groups; 2.7 s; peak memory 1164 MiB.
2026-10-10T16:34:27Z INFO [875/900] 979c950f-3c0f-402c-a4b2-8eb683276777: 22 groups; 1.0 s; peak memory 1164 MiB.
2026-10-10T16:34:27Z INFO [876/900] 979cb986-5a01-48e7-9e1f-8ef9543a5679: 32 groups; 0.9 s; peak memory 1164 MiB.
2026-10-10T16:34:28Z INFO [877/900] 979e4590-fbf4-4725-bdc7-0399694f057c: 22 groups; 0.7 s; peak memory 1164 MiB.
2026-10-10T16:34:29Z INFO [878/900] 979f55f2-8cfb-4fc8-8163-6dd614ac66f8: 32 groups; 0.9 s; peak memory 1164 MiB.
2026-10-10T16:34:35Z INFO [879/900] 979f74d0-0656-49c7-80fb-266954f818cf: 202 groups; 6.0 s; peak memory 1164 MiB.
2026-10-10T16:34:36Z INFO [880/900] 979f96ef-6be2-4da1-a06d-eb2e704bcaab: 195 groups; 0.9 s; peak memory 1164 MiB.
2026-10-10T16:34:37Z INFO [881/900] 979faab0-94f3-4f20-a032-acdb67ff0eb5: 22 groups; 0.8 s; peak memory 1164 MiB.
2026-10-10T16:34:44Z INFO [882/900] 97a05d42-a45a-44c7-997f-9b96d229182f: 63 groups; 7.7 s; peak memory 1164 MiB.
2026-10-10T16:34:46Z INFO [883/900] 97a1dd3a-16d7-4e96-9f64-e5ae1166d1a5: 36 groups; 1.6 s; peak memory 1164 MiB.
2026-10-10T16:34:47Z INFO [884/900] 97a28457-536c-4b58-a44d-0c4b05e06b4a: 22 groups; 1.1 s; peak memory 1164 MiB.
2026-10-10T16:38:09Z INFO [885/900] 97a29e81-2835-488f-b6d5-64e8c5161929: 81 groups; 202.1 s; peak memory 1164 MiB.
2026-10-10T16:38:10Z INFO [886/900] 97a46c20-63dd-4d0e-af58-d8b4fa3ad73c: 22 groups; 1.0 s; peak memory 1164 MiB.
2026-10-10T16:38:21Z INFO [887/900] 97a4f8cd-439d-411e-b5e8-11d15874a14b: 248 groups; 11.1 s; peak memory 1164 MiB.
2026-10-10T16:38:26Z INFO [888/900] 97a629b6-d3cc-44c8-9fc2-1c78a6408d04: 154 groups; 4.5 s; peak memory 1164 MiB.
2026-10-10T16:38:27Z INFO [889/900] 97a69257-482b-4bb5-a902-bf4e47308373: 206 groups; 1.3 s; peak memory 1164 MiB.
2026-10-10T16:38:29Z INFO [890/900] 97a6eea9-8f54-401d-aa79-036ef1cf5688: 578 groups; 2.0 s; peak memory 1164 MiB.
2026-10-10T16:39:04Z INFO [891/900] 97a7460d-c0d9-4c78-80fe-a10427e39dd2: 27 groups; 35.3 s; peak memory 1164 MiB.
2026-10-10T16:39:05Z INFO [892/900] 97a86d28-caf2-41eb-be87-d8e11f72d54e: 22 groups; 1.0 s; peak memory 1164 MiB.
2026-10-10T16:39:06Z INFO [893/900] 97a888ed-28c7-49cc-ac24-3949f43127da: 22 groups; 0.9 s; peak memory 1164 MiB.
2026-10-10T16:39:08Z INFO [894/900] 97a8ef3d-777e-4953-ab0a-74a44fdd12ba: 199 groups; 1.5 s; peak memory 1164 MiB.
2026-10-10T16:39:08Z INFO [895/900] 97a90e04-38b7-4919-983b-44842af0f5c9: 32 groups; 0.9 s; peak memory 1164 MiB.
2026-10-10T16:39:25Z INFO [896/900] 97a9c0fc-4c3c-48a9-a83d-36a2241261b1: 23 groups; 16.5 s; peak memory 1164 MiB.
2026-10-10T16:39:26Z INFO [897/900] 97a9cb38-53bf-4fae-a733-65a17a876115: 22 groups; 0.8 s; peak memory 1164 MiB.
2026-10-10T16:39:27Z INFO [898/900] 97aafd97-216a-49ac-9caa-e961d90096af: 203 groups; 1.3 s; peak memory 1164 MiB.
2026-10-10T16:39:28Z INFO [899/900] 97ab4f08-00cf-4694-a51b-fe1faf8148b5: 22 groups; 0.7 s; peak memory 1164 MiB.
2026-10-10T16:39:29Z INFO [900/900] 97acd7f8-9dd5-4fca-bdb4-479f995084c3: 22 groups; 0.9 s; peak memory 1164 MiB.
2026-10-10T16:39:29Z INFO [900/900] 97acd7f8-9dd5-4fca-bdb4-479f995084c3: checkpointed 120136 new records.
2026-10-10T16:39:29Z INFO Wrote 120136 records to /tmp/derivatives/valid_nwb_file_to_number_of_groups.jsonl (900 new, 0 failed) in 84.3 min (peak memory 1164 MiB).
