2026-10-05T03:11:55Z INFO Logging to /tmp/logs/update_2026-10-05T03-11-55Z.log.
2026-10-05T03:11:55Z INFO Update valid-nwb-file-to-number-of-groups (base directory /tmp).
2026-10-05T03:11:55Z INFO Processing 900 items (76036 already recorded).
2026-10-05T03:11:58Z INFO [1/900] 3c49b95f-3214-464b-996f-1095c0519740: 33 groups; 2.3 s; peak memory 108 MiB.
2026-10-05T03:12:04Z INFO [2/900] 3c4ae524-4f29-4f0e-96ab-24a77194a98d: 68 groups; 6.3 s; peak memory 112 MiB.
2026-10-05T03:12:06Z INFO [3/900] 3c4aeb27-b11e-41a2-a7bb-98d946f3aa44: 35 groups; 2.0 s; peak memory 113 MiB.
2026-10-05T03:12:07Z INFO [4/900] 3c4bc077-9cac-45cb-aba0-167533a8f2b7: 22 groups; 1.4 s; peak memory 113 MiB.
2026-10-05T03:12:09Z INFO [5/900] 3c4cf0d5-bfcd-4565-abd9-75d4a40c914f: 17 groups; 1.4 s; peak memory 113 MiB.
2026-10-05T03:12:12Z INFO [6/900] 3c4dd309-c5ea-4da3-8d5c-28e8f2aa9d61: 48 groups; 3.3 s; peak memory 113 MiB.
2026-10-05T03:12:14Z INFO [7/900] 3c4e2152-649b-4ce4-b992-62a09df3c982: 29 groups; 1.7 s; peak memory 113 MiB.
2026-10-05T03:12:15Z INFO [8/900] 3c4e2da2-88d5-4eb8-abba-ce63c6c63066: 25 groups; 1.6 s; peak memory 114 MiB.
2026-10-05T03:12:17Z INFO [9/900] 3c4eb7e1-2fc7-4a99-9707-20d67d278a61: 33 groups; 1.8 s; peak memory 114 MiB.
2026-10-05T03:12:19Z INFO [10/900] 3c4ee6e4-c0c5-4fc7-a1c6-c6e8e43bce1b: 36 groups; 1.9 s; peak memory 114 MiB.
2026-10-05T03:12:21Z INFO [11/900] 3c4f3d27-b442-44b2-8a23-2081d063b358: 32 groups; 2.0 s; peak memory 114 MiB.
2026-10-05T03:12:22Z INFO [12/900] 3c4fec10-7a5d-4cdc-881f-3298457e0d63: 22 groups; 1.4 s; peak memory 114 MiB.
2026-10-05T03:12:24Z INFO [13/900] 3c5016fd-5275-4b0e-8f17-da8cb6aa7555: 41 groups; 1.5 s; peak memory 114 MiB.
2026-10-05T03:12:26Z INFO [14/900] 3c503696-dade-4fb5-833c-1f5758322127: 35 groups; 2.0 s; peak memory 114 MiB.
2026-10-05T03:12:30Z INFO [15/900] 3c50b029-db9d-406c-b01e-dbced248dad0: 50 groups; 4.2 s; peak memory 114 MiB.
2026-10-05T03:12:31Z INFO [16/900] 3c50fe86-d7a2-4bd9-93ee-8a3727b1d96f: 22 groups; 1.5 s; peak memory 115 MiB.
2026-10-05T03:12:33Z INFO [17/900] 3c51722a-3e4b-4ee0-bfa5-0a287af990ab: 22 groups; 1.2 s; peak memory 115 MiB.
2026-10-05T03:12:34Z INFO [18/900] 3c51f492-0b9b-4db6-8782-280967191e18: 32 groups; 1.6 s; peak memory 115 MiB.
2026-10-05T03:12:36Z INFO [19/900] 3c5246f1-9709-4ce4-835e-f94515b4b4bb: 103 groups; 1.6 s; peak memory 115 MiB.
2026-10-05T03:12:37Z INFO [20/900] 3c529d2e-5f80-445d-9409-6d5eb68b07b7: 22 groups; 1.4 s; peak memory 116 MiB.
2026-10-05T03:12:38Z INFO [21/900] 3c5380be-2b16-44e6-a839-fc453313c1a0: 18 groups; 1.1 s; peak memory 116 MiB.
2026-10-05T03:12:44Z INFO [22/900] 3c53f70e-1789-41d7-8c01-15188995e301: 57 groups; 5.1 s; peak memory 117 MiB.
2026-10-05T03:12:45Z INFO [23/900] 3c545d00-178b-4eaa-b84b-69f4a2230db0: 29 groups; 1.5 s; peak memory 117 MiB.
2026-10-05T03:12:46Z INFO [24/900] 3c571f09-674a-41a5-8fc7-3673d728d2a9: 22 groups; 1.4 s; peak memory 117 MiB.
2026-10-05T03:12:48Z INFO [25/900] 3c57678f-564d-4856-a56b-d3c53561d06a: 32 groups; 1.8 s; peak memory 117 MiB.
2026-10-05T03:12:50Z INFO [26/900] 3c57ac3f-b30e-4e5b-859a-09e25b16d1b8: 32 groups; 1.9 s; peak memory 117 MiB.
2026-10-05T03:13:01Z INFO [27/900] 3c57ce19-f241-49f5-a8a6-c2dda6e64fd6: 123 groups; 10.7 s; peak memory 125 MiB.
2026-10-05T03:13:09Z INFO [28/900] 3c57ee64-c587-4587-b11c-c255236e1e19: 150 groups; 7.9 s; peak memory 129 MiB.
2026-10-05T03:13:26Z INFO [29/900] 3c57f49c-1e6b-407b-baff-07ccaad8e554: 251 groups; 17.4 s; peak memory 146 MiB.
2026-10-05T03:13:28Z INFO [30/900] 3c587d4e-f378-45b5-8c42-1afa5e5485ab: 32 groups; 1.6 s; peak memory 146 MiB.
2026-10-05T03:13:29Z INFO [31/900] 3c58887a-301d-4f85-83cb-4ceb0a19a4b8: 32 groups; 1.7 s; peak memory 146 MiB.
2026-10-05T03:13:31Z INFO [32/900] 3c5a730f-41f5-40d9-91d8-ba99adf8837b: 27 groups; 1.7 s; peak memory 146 MiB.
2026-10-05T03:13:33Z INFO [33/900] 3c5a8f82-8084-4b0d-a0fa-cbdc0f4ce8ce: 35 groups; 1.9 s; peak memory 146 MiB.
2026-10-05T03:13:35Z INFO [34/900] 3c5acfb5-8979-4110-92b7-25e35c1ed6da: 195 groups; 1.7 s; peak memory 146 MiB.
2026-10-05T03:13:37Z INFO [35/900] 3c5aeee9-431d-4d2c-9156-8540e9567c82: 27 groups; 2.3 s; peak memory 146 MiB.
2026-10-05T03:13:46Z INFO [36/900] 3c5bce48-2427-4920-b107-1d0ff6cccc98: 140 groups; 8.6 s; peak memory 147 MiB.
2026-10-05T03:13:48Z INFO [37/900] 3c5d280a-6926-4fc5-97d2-24a787503eaa: 32 groups; 1.9 s; peak memory 147 MiB.
2026-10-05T03:13:55Z INFO [38/900] 3c5e9cb4-c7e8-4ee8-8c14-3e8cae35979a: 181 groups; 7.9 s; peak memory 147 MiB.
2026-10-05T03:13:58Z INFO [39/900] 3c5ee405-3aa3-4586-9d97-0aac4e03c271: 48 groups; 2.8 s; peak memory 147 MiB.
2026-10-05T03:14:00Z INFO [40/900] 3c5f0e8d-9f81-4748-aac5-b4fd5d0eb9cb: 32 groups; 2.1 s; peak memory 147 MiB.
2026-10-05T03:14:02Z INFO [41/900] 3c5fd317-b06f-4f2f-b02d-9925232179bf: 32 groups; 1.6 s; peak memory 147 MiB.
2026-10-05T03:14:04Z INFO [42/900] 3c5ffe62-722e-4f13-8118-d1f3850c4a2f: 25 groups; 1.7 s; peak memory 147 MiB.
2026-10-05T03:14:05Z INFO [43/900] 3c6041aa-72f0-4ca7-9896-e01c016a30c5: 22 groups; 1.5 s; peak memory 147 MiB.
2026-10-05T03:14:07Z INFO [44/900] 3c607761-32a7-42e1-b3a4-1f9d9b0989c0: 35 groups; 2.1 s; peak memory 147 MiB.
2026-10-05T03:14:09Z INFO [45/900] 3c60c73d-ae6e-4811-9234-35e36a69af2e: 22 groups; 1.4 s; peak memory 147 MiB.
2026-10-05T03:22:32Z INFO [46/900] 3c626b0e-6db5-42a2-9213-7c89d6883f81: 663 groups; 503.4 s; peak memory 916 MiB.
2026-10-05T03:22:39Z INFO [47/900] 3c627317-5ba4-400b-a184-147130a2c48a: 181 groups; 7.0 s; peak memory 916 MiB.
2026-10-05T03:22:41Z INFO [48/900] 3c62c84e-d27e-44cf-86f2-e01cba210eda: 22 groups; 1.5 s; peak memory 916 MiB.
2026-10-05T03:22:49Z INFO [49/900] 3c63c708-427a-4dab-9589-2928940e356c: 34 groups; 8.1 s; peak memory 916 MiB.
2026-10-05T03:22:50Z INFO [50/900] 3c659196-ca3f-45ce-a015-aaa2dcdb88a8: 32 groups; 1.6 s; peak memory 916 MiB.
2026-10-05T03:22:50Z INFO [50/900] 3c659196-ca3f-45ce-a015-aaa2dcdb88a8: checkpointed 76086 records.
2026-10-05T03:22:52Z INFO [51/900] 3c66d099-eae7-4c73-a7fe-b97d37daf258: 67 groups; 1.8 s; peak memory 916 MiB.
2026-10-05T03:23:00Z INFO [52/900] 3c675607-75f7-48c2-bd50-347b95c4182b: 142 groups; 8.1 s; peak memory 916 MiB.
2026-10-05T03:23:04Z INFO [53/900] 3c67f2dc-19ca-4372-8c39-f804b0b0a8ab: 48 groups; 3.6 s; peak memory 916 MiB.
2026-10-05T03:23:06Z INFO [54/900] 3c68852a-9e39-4a16-9744-97835e966925: 31 groups; 2.1 s; peak memory 916 MiB.
2026-10-05T03:23:07Z INFO [55/900] 3c698627-42ff-470e-9fe6-08e37a251d72: 26 groups; 1.2 s; peak memory 916 MiB.
2026-10-05T03:23:10Z INFO [56/900] 3c69d4bf-7339-415d-86d2-9af70f2d52ad: 338 groups; 3.0 s; peak memory 916 MiB.
2026-10-05T03:23:12Z INFO [57/900] 3c6a0f88-a547-4432-8c89-cd3236d98cbe: 32 groups; 2.0 s; peak memory 916 MiB.
2026-10-05T03:23:14Z INFO [58/900] 3c6b8266-4161-48d1-9750-52c36770a781: 42 groups; 2.1 s; peak memory 916 MiB.
2026-10-05T03:23:16Z INFO [59/900] 3c6bbbd8-46a8-41de-b012-33f8dcb08286: 32 groups; 1.6 s; peak memory 916 MiB.
2026-10-05T03:23:26Z INFO [60/900] 3c6bc4a4-68cb-4cc9-acfd-94517036c26e: 34 groups; 9.6 s; peak memory 916 MiB.
2026-10-05T03:23:27Z INFO [61/900] 3c6bcdb7-6da1-4d4d-ab16-4b4f35fa84e0: 21 groups; 1.4 s; peak memory 916 MiB.
2026-10-05T03:23:29Z INFO [62/900] 3c6d881e-b667-48f3-8c9e-50203ac06e90: 103 groups; 1.7 s; peak memory 916 MiB.
2026-10-05T03:23:31Z INFO [63/900] 3c6e0528-2347-41d0-a53e-b7d2281de59e: 34 groups; 2.3 s; peak memory 916 MiB.
2026-10-05T03:23:33Z INFO [64/900] 3c6e8a6f-d5df-416c-b361-8caa0a23275f: 29 groups; 1.8 s; peak memory 916 MiB.
2026-10-05T03:23:37Z INFO [65/900] 3c7009c5-0c3f-458a-9ffd-6e75a07e1ca8: 60 groups; 3.7 s; peak memory 916 MiB.
2026-10-05T03:23:38Z INFO [66/900] 3c700af3-0167-42dc-8229-6a3f2f964bfa: 27 groups; 1.2 s; peak memory 916 MiB.
2026-10-05T03:23:39Z INFO [67/900] 3c70ea24-06d4-4a6f-a50b-6f029dc4e36b: 22 groups; 1.3 s; peak memory 916 MiB.
2026-10-05T03:23:45Z INFO [68/900] 3c70f765-612d-46e3-8e58-219e7dbf5856: 32 groups; 6.1 s; peak memory 917 MiB.
2026-10-05T03:23:48Z INFO [69/900] 3c7118fc-2512-4d17-b1a3-57d64f98fdb1: 17 groups; 3.0 s; peak memory 917 MiB.
2026-10-05T03:23:49Z INFO [70/900] 3c7131cd-b4e8-41d9-9070-300c53763718: 31 groups; 1.1 s; peak memory 917 MiB.
2026-10-05T03:23:55Z INFO [71/900] 3c713728-c2c3-46f3-a7c8-b957397265af: 78 groups; 5.6 s; peak memory 917 MiB.
2026-10-05T03:23:58Z INFO [72/900] 3c7172c8-f532-443b-bb2f-051484099c44: 65 groups; 3.0 s; peak memory 917 MiB.
2026-10-05T03:23:59Z INFO [73/900] 3c71e924-3284-4388-a508-5c40a20c140f: 32 groups; 1.4 s; peak memory 917 MiB.
2026-10-05T03:24:42Z INFO [74/900] 3c724502-fa7f-4376-9ad3-e92bf43b56d7: 3463 groups; 43.0 s; peak memory 917 MiB.
2026-10-05T03:24:44Z INFO [75/900] 3c7307c4-2c0f-4265-96e3-b565e06546c5: 25 groups; 1.5 s; peak memory 917 MiB.
2026-10-05T03:24:45Z INFO [76/900] 3c73b364-ca8e-407a-998a-55f1e85e948e: 32 groups; 1.5 s; peak memory 917 MiB.
2026-10-05T03:24:47Z INFO [77/900] 3c748f77-2136-480a-9e96-d55b57c50dfd: 22 groups; 1.4 s; peak memory 917 MiB.
2026-10-05T03:25:05Z INFO [78/900] 3c749b96-2ca5-4aeb-8c52-267f5fb23baf: 157 groups; 18.1 s; peak memory 917 MiB.
2026-10-05T03:25:07Z INFO [79/900] 3c74a822-9c26-4066-b716-b779ebceca8e: 33 groups; 2.0 s; peak memory 917 MiB.
2026-10-05T03:25:09Z INFO [80/900] 3c74caff-9262-4382-a10b-9e75b126518d: 195 groups; 2.2 s; peak memory 917 MiB.
2026-10-05T03:25:11Z INFO [81/900] 3c74cdda-7072-4f82-b95e-6d97e7c0fca5: 22 groups; 1.4 s; peak memory 917 MiB.
2026-10-05T03:26:37Z INFO [82/900] 3c762672-5f5c-4dff-93d4-a918386f6aa9: 53 groups; 86.6 s; peak memory 917 MiB.
2026-10-05T03:26:38Z INFO [83/900] 3c767816-678c-4344-a4c9-c32a104084e9: 16 groups; 1.1 s; peak memory 917 MiB.
2026-10-05T03:26:40Z INFO [84/900] 3c76cc62-182e-4c5d-8e37-b749d48a201d: 31 groups; 1.4 s; peak memory 917 MiB.
2026-10-05T03:26:42Z INFO [85/900] 3c7701b3-10ec-4677-be94-a28bae1aa94d: 35 groups; 2.0 s; peak memory 917 MiB.
2026-10-05T03:26:43Z INFO [86/900] 3c772a1d-30d1-40f3-89ef-fe36c9c9e2e2: 22 groups; 1.5 s; peak memory 917 MiB.
2026-10-05T03:26:46Z INFO [87/900] 3c777061-be23-4da6-8def-a8c097fcb354: 200 groups; 2.6 s; peak memory 917 MiB.
2026-10-05T03:26:48Z INFO [88/900] 3c77a379-f16f-4b27-838a-264abf47cc45: 203 groups; 2.0 s; peak memory 917 MiB.
2026-10-05T03:26:50Z INFO [89/900] 3c78d453-2de4-425a-ae60-bb1aacc4fb8b: 33 groups; 2.2 s; peak memory 917 MiB.
2026-10-05T03:26:52Z INFO [90/900] 3c78fe0c-9fb9-4347-9c22-6146581ef744: 32 groups; 1.8 s; peak memory 917 MiB.
2026-10-05T03:26:53Z INFO [91/900] 3c794018-6983-427f-ae56-c689085f9c62: 32 groups; 1.7 s; peak memory 917 MiB.
2026-10-05T03:26:57Z INFO [92/900] 3c7a7658-919a-46b9-98f0-f6667a12a4aa: 48 groups; 3.3 s; peak memory 917 MiB.
2026-10-05T03:26:58Z INFO [93/900] 3c7ae0fb-fcb2-4b32-9f28-68ae361d8f54: 22 groups; 1.0 s; peak memory 917 MiB.
2026-10-05T03:27:00Z INFO [94/900] 3c7b8c78-1a84-4e0e-b27a-cb17c6e165a4: 35 groups; 2.4 s; peak memory 917 MiB.
2026-10-05T03:27:01Z INFO [95/900] 3c7c41fe-7538-4ad6-838d-bd8dc1d11fe2: 16 groups; 1.3 s; peak memory 917 MiB.
2026-10-05T03:27:06Z INFO [96/900] 3c7cd0c2-d292-4c32-8197-da44f5dc69ed: 36 groups; 4.3 s; peak memory 917 MiB.
2026-10-05T03:27:07Z INFO [97/900] 3c7d25f1-a833-4761-ae90-728f3df97219: 22 groups; 1.3 s; peak memory 917 MiB.
2026-10-05T03:27:09Z INFO [98/900] 3c7d453e-ff66-4edb-b671-fe2d07d75e15: 22 groups; 1.5 s; peak memory 917 MiB.
2026-10-05T03:27:10Z INFO [99/900] 3c7d5fcf-fb2a-4a6a-bc3d-c323903c494e: 32 groups; 1.6 s; peak memory 917 MiB.
2026-10-05T03:27:21Z INFO [100/900] 3c8141d8-5589-484e-a382-6c565745c18a: 169 groups; 10.5 s; peak memory 917 MiB.
2026-10-05T03:27:21Z INFO [100/900] 3c8141d8-5589-484e-a382-6c565745c18a: checkpointed 76136 records.
2026-10-05T03:27:23Z INFO [101/900] 3c8153c0-4910-4407-a404-364181a02ebf: 35 groups; 1.8 s; peak memory 917 MiB.
2026-10-05T03:27:30Z INFO [102/900] 3c82a29c-27c7-4ca8-a4b1-ff8083b74cc8: 181 groups; 7.4 s; peak memory 917 MiB.
2026-10-05T03:27:34Z INFO [103/900] 3c83a530-8a6c-45b8-90f2-3147ce6ee1ce: 48 groups; 3.4 s; peak memory 917 MiB.
2026-10-05T03:27:35Z INFO [104/900] 3c84b25b-0737-4a75-81d6-89c2b9f3bb0e: 16 groups; 1.1 s; peak memory 917 MiB.
2026-10-05T03:27:36Z INFO [105/900] 3c85211f-90c3-465a-8d18-4eb261da4ed8: 16 groups; 1.1 s; peak memory 917 MiB.
2026-10-05T03:27:37Z INFO [106/900] 3c855715-a171-4afe-98bd-a0ac85390266: 251 groups; 1.4 s; peak memory 917 MiB.
2026-10-05T03:27:39Z INFO [107/900] 3c859628-9465-414b-bfbb-3e0f95d002af: 22 groups; 1.5 s; peak memory 917 MiB.
2026-10-05T03:27:47Z INFO [108/900] 3c85a696-defc-41ac-a573-8efcbdca50e3: 181 groups; 8.4 s; peak memory 917 MiB.
2026-10-05T03:27:50Z INFO [109/900] 3c85d2e9-4d90-41bd-8612-8ddca7e910eb: 45 groups; 3.3 s; peak memory 917 MiB.
2026-10-05T03:27:52Z INFO [110/900] 3c866661-ce84-48de-9913-b07085b1e29b: 22 groups; 1.4 s; peak memory 917 MiB.
2026-10-05T03:30:15Z INFO [111/900] 3c86ce95-35ec-43f9-b607-fd1efff360f8: 63 groups; 143.2 s; peak memory 918 MiB.
2026-10-05T03:30:17Z INFO [112/900] 3c86d59b-802f-471a-8a06-5fdfd19f6544: 32 groups; 1.8 s; peak memory 918 MiB.
2026-10-05T03:30:18Z INFO [113/900] 3c870a41-b6b9-4a09-9124-97d1048f973f: 16 groups; 1.1 s; peak memory 918 MiB.
2026-10-05T03:30:26Z INFO [114/900] 3c87b851-4011-4cfa-a670-38f72fbb5fe9: 85 groups; 8.0 s; peak memory 918 MiB.
2026-10-05T03:30:28Z INFO [115/900] 3c87c23e-bbd5-4141-907d-33d2859e721c: 35 groups; 2.2 s; peak memory 918 MiB.
2026-10-05T03:30:29Z INFO [116/900] 3c87c29f-a907-456c-ac2c-17ea6c3a8dc6: 22 groups; 1.3 s; peak memory 918 MiB.
2026-10-05T03:30:31Z INFO [117/900] 3c88140b-2ac4-4b6e-bc3b-df3a287edc64: 22 groups; 1.4 s; peak memory 918 MiB.
2026-10-05T03:33:08Z INFO [118/900] 3c886963-8ef1-45b1-87cb-0305e17e6e6b: 89 groups; 157.7 s; peak memory 918 MiB.
2026-10-05T03:33:09Z INFO [119/900] 3c89d596-fe20-4aa8-af99-f590b38bec9b: 30 groups; 1.2 s; peak memory 918 MiB.
2026-10-05T03:33:37Z INFO [120/900] 3c8a22a8-16d3-4bd8-bb40-02a9dc48badc: 23 groups; 27.4 s; peak memory 918 MiB.
2026-10-05T03:34:31Z INFO [121/900] 3c8a3f7b-97b6-401e-b9a9-9a44013098bf: 26 groups; 53.7 s; peak memory 918 MiB.
2026-10-05T03:34:41Z INFO [122/900] 3c8be292-6c50-4124-b877-0ac539f6541d: 136 groups; 10.2 s; peak memory 918 MiB.
2026-10-05T03:34:42Z INFO [123/900] 3c8be7a3-9f39-4fa5-8737-711d3a62b135: 26 groups; 1.3 s; peak memory 918 MiB.
2026-10-05T03:34:43Z INFO [124/900] 3c8c368c-2ad7-4ad9-b686-0d639211f38c: 22 groups; 1.4 s; peak memory 918 MiB.
2026-10-05T03:34:45Z INFO [125/900] 3c8ce03d-b3b2-48a4-9157-d2e2cf614af4: 201 groups; 1.9 s; peak memory 918 MiB.
2026-10-05T03:34:47Z INFO [126/900] 3c8d0a37-ca63-4b5b-a209-0f5e80411bbf: 22 groups; 1.4 s; peak memory 918 MiB.
2026-10-05T03:34:51Z INFO [127/900] 3c8d4f04-b6eb-44f1-8729-2a3d58ab4224: 57 groups; 4.0 s; peak memory 918 MiB.
2026-10-05T03:34:52Z INFO [128/900] 3c8d75a7-551e-47ce-ae84-34e07529a94e: 203 groups; 1.7 s; peak memory 918 MiB.
2026-10-05T03:34:54Z INFO [129/900] 3c8dcfed-b34a-4f38-9831-ab25be6f8755: 22 groups; 1.5 s; peak memory 918 MiB.
2026-10-05T03:34:55Z INFO [130/900] 3c8e522c-37b6-4e64-b79d-32a932f5a5d4: 22 groups; 1.4 s; peak memory 918 MiB.
2026-10-05T03:34:57Z INFO [131/900] 3c8ec189-e76d-4219-a620-c61e930322f5: 22 groups; 1.3 s; peak memory 918 MiB.
2026-10-05T03:34:59Z INFO [132/900] 3c8ed390-5fff-4eda-8179-e1fd33706d41: 32 groups; 2.4 s; peak memory 918 MiB.
2026-10-05T03:35:06Z INFO [133/900] 3c8f6aff-519e-403d-b4ac-02a2c0fd2703: 78 groups; 7.4 s; peak memory 918 MiB.
2026-10-05T03:35:08Z INFO [134/900] 3c8f9aff-ab7d-414d-a7ca-abeda52a4d62: 32 groups; 1.7 s; peak memory 918 MiB.
2026-10-05T03:35:11Z INFO [135/900] 3c8fc748-da70-4a53-a792-ca5467cd48d6: 48 groups; 3.2 s; peak memory 918 MiB.
2026-10-05T03:35:13Z INFO [136/900] 3c902cb3-a51d-4cfd-9616-56455d338094: 22 groups; 1.4 s; peak memory 918 MiB.
2026-10-05T03:35:16Z INFO [137/900] 3c90e3f4-11a1-48a9-b56f-d479864379ec: 53 groups; 3.0 s; peak memory 918 MiB.
2026-10-05T03:35:19Z INFO [138/900] 3c912e9c-7fdd-4bbb-a073-227c1378de26: 35 groups; 2.8 s; peak memory 918 MiB.
2026-10-05T03:35:25Z INFO [139/900] 3c91818a-7a75-4e98-9f0a-6bd4eb5c256d: 78 groups; 6.7 s; peak memory 918 MiB.
2026-10-05T03:35:27Z INFO [140/900] 3c924987-09d4-4c00-86c3-4b629761a3a3: 22 groups; 1.4 s; peak memory 918 MiB.
2026-10-05T03:35:28Z INFO [141/900] 3c92c5b5-a0ca-488e-8770-cbff6e2b5d1b: 35 groups; 1.7 s; peak memory 918 MiB.
2026-10-05T03:35:30Z INFO [142/900] 3c9334f2-ec92-4461-9b21-c7caaf5e19fb: 22 groups; 1.4 s; peak memory 918 MiB.
2026-10-05T03:35:31Z INFO [143/900] 3c93e19b-bf4e-4905-a81b-faeb04e6089e: 30 groups; 1.1 s; peak memory 918 MiB.
2026-10-05T03:35:36Z INFO [144/900] 3c948e82-bffb-4d30-bcd5-df24cc9f3f84: 17 groups; 5.3 s; peak memory 918 MiB.
2026-10-05T03:35:38Z INFO [145/900] 3c95ee03-4b9f-4fea-981c-cf9073f1b8df: 22 groups; 1.4 s; peak memory 918 MiB.
2026-10-05T03:35:39Z INFO [146/900] 3c961021-1c59-468d-bbe0-6e848b238d1e: 18 groups; 1.1 s; peak memory 918 MiB.
2026-10-05T03:35:40Z INFO [147/900] 3c9621a4-bb9d-4dd0-80ff-38f054f0365b: 22 groups; 1.2 s; peak memory 918 MiB.
2026-10-05T03:35:42Z INFO [148/900] 3c962847-486f-4a4a-b6aa-d0de988a2030: 32 groups; 1.7 s; peak memory 918 MiB.
2026-10-05T03:36:08Z INFO [149/900] 3c971245-0bd5-4499-a917-3453c8538f4a: 337 groups; 26.5 s; peak memory 918 MiB.
2026-10-05T03:36:10Z INFO [150/900] 3c9aefe3-c86c-4d15-a195-de75836eed76: 22 groups; 1.4 s; peak memory 918 MiB.
2026-10-05T03:36:10Z INFO [150/900] 3c9aefe3-c86c-4d15-a195-de75836eed76: checkpointed 76186 records.
2026-10-05T03:36:16Z INFO [151/900] 3c9b7676-e926-4b7d-b9dc-70182a96e973: 78 groups; 6.1 s; peak memory 918 MiB.
2026-10-05T03:36:17Z INFO [152/900] 3c9b9469-05eb-4ab8-9838-5c68cc43cf90: 22 groups; 1.3 s; peak memory 918 MiB.
2026-10-05T03:36:19Z INFO [153/900] 3c9cc5c9-5d0e-49db-99cf-95b0987c9886: 22 groups; 1.5 s; peak memory 918 MiB.
2026-10-05T03:36:21Z INFO [154/900] 3c9d28d0-b33b-4e5d-80bb-aea51823e4ad: 196 groups; 2.0 s; peak memory 918 MiB.
2026-10-05T03:36:22Z INFO [155/900] 3c9e51a0-858a-4ecd-89c6-a5b75904413c: 252 groups; 1.7 s; peak memory 918 MiB.
2026-10-05T03:36:24Z INFO [156/900] 3c9e6da6-c1da-4fda-8d93-090ea24091ad: 25 groups; 1.4 s; peak memory 918 MiB.
2026-10-05T03:36:25Z INFO [157/900] 3c9f1757-b92e-4eb0-9bf6-fd9e799c4ba4: 22 groups; 1.5 s; peak memory 918 MiB.
2026-10-05T03:36:27Z INFO [158/900] 3c9f8fa5-772f-407f-965b-4baf8b529767: 22 groups; 1.4 s; peak memory 918 MiB.
2026-10-05T03:36:42Z INFO [159/900] 3c9fdeeb-b1a9-4e8b-bed1-de66cacd2825: 365 groups; 15.0 s; peak memory 918 MiB.
2026-10-05T03:36:43Z INFO [160/900] 3c9fe07c-51a1-49fd-a915-2289842e1c34: 22 groups; 1.5 s; peak memory 918 MiB.
2026-10-05T03:36:46Z INFO [161/900] 3ca0f654-1f2c-450b-b306-9c51ea85e183: 336 groups; 2.4 s; peak memory 918 MiB.
2026-10-05T03:36:48Z INFO [162/900] 3ca22601-f995-47f1-adcd-0873e06328c8: 206 groups; 2.2 s; peak memory 918 MiB.
2026-10-05T03:37:03Z INFO [163/900] 3ca24a96-e0b8-4b2c-9350-4560f4ea1b25: 22 groups; 15.2 s; peak memory 918 MiB.
2026-10-05T03:37:05Z INFO [164/900] 3ca27734-18ad-47ef-ad1f-3fb127a55676: 32 groups; 1.6 s; peak memory 918 MiB.
2026-10-05T03:37:07Z INFO [165/900] 3ca2edb8-1045-4f91-80b9-67e8ebbd28e8: 43 groups; 2.1 s; peak memory 918 MiB.
2026-10-05T03:37:09Z INFO [166/900] 3ca433e1-341b-4356-9a42-95298c964eb8: 29 groups; 1.8 s; peak memory 918 MiB.
2026-10-05T03:37:10Z INFO [167/900] 3ca43bc0-2aab-4d96-aa8e-98f6f65c0e75: 32 groups; 1.7 s; peak memory 918 MiB.
2026-10-05T03:37:12Z INFO [168/900] 3ca4673c-0460-4864-992d-808bba676156: 17 groups; 1.2 s; peak memory 918 MiB.
2026-10-05T03:37:24Z INFO [169/900] 3ca66059-647e-4957-977b-f29055d26bc0: 123 groups; 12.3 s; peak memory 918 MiB.
2026-10-05T03:37:26Z INFO [170/900] 3ca6aa15-8117-444e-85de-715ef32347a3: 32 groups; 1.9 s; peak memory 918 MiB.
2026-10-05T03:37:27Z INFO [171/900] 3ca6c9f6-61cf-417b-b1b4-bc4b1a034bca: 22 groups; 1.3 s; peak memory 918 MiB.
2026-10-05T03:37:29Z INFO [172/900] 3ca6fd9a-c40a-4f63-a9fd-8592e8d51f91: 207 groups; 2.4 s; peak memory 918 MiB.
2026-10-05T03:37:31Z INFO [173/900] 3ca747cc-2ece-48cc-b9b5-7f56f5a1d7cf: 32 groups; 1.7 s; peak memory 918 MiB.
2026-10-05T03:37:33Z INFO [174/900] 3ca778d9-f6f6-4011-b2dc-bd17bc9bc755: 202 groups; 2.0 s; peak memory 918 MiB.
2026-10-05T03:38:31Z INFO [175/900] 3ca7f126-22a1-4d8a-ad29-87d8e904aca6: 27 groups; 57.5 s; peak memory 918 MiB.
2026-10-05T03:38:47Z INFO [176/900] 3ca856c6-329c-41b3-b563-1aec1dd634b1: 1022 groups; 16.8 s; peak memory 918 MiB.
2026-10-05T03:38:48Z INFO [177/900] 3ca8c514-4d2c-4083-88b9-e5c3649f341f: 17 groups; 1.1 s; peak memory 918 MiB.
2026-10-05T03:39:40Z INFO [178/900] 3ca9413e-64c3-48a5-ba74-89afc06d123f: 1192 groups; 51.5 s; peak memory 918 MiB.
2026-10-05T03:39:53Z INFO [179/900] 3ca9e94a-6cb1-49dc-b33d-47577bdc6e1a: 196 groups; 12.7 s; peak memory 918 MiB.
2026-10-05T03:39:54Z INFO [180/900] 3caa65e6-fa82-413f-bf6c-2e6740316d8f: 32 groups; 1.7 s; peak memory 918 MiB.
2026-10-05T03:39:56Z INFO [181/900] 3caa67b3-7567-47bf-ad72-1509f86e528b: 103 groups; 1.9 s; peak memory 918 MiB.
2026-10-05T03:39:58Z INFO [182/900] 3cabc1d9-e3dd-4e54-a35b-938926488e02: 36 groups; 2.1 s; peak memory 918 MiB.
2026-10-05T03:40:01Z INFO [183/900] 3cabe9ec-33b9-46f3-aea3-61f280b9c4b2: 44 groups; 2.7 s; peak memory 918 MiB.
2026-10-05T03:40:02Z INFO [184/900] 3cac6532-b8fe-4401-ac37-dc39ecc73a27: 22 groups; 1.5 s; peak memory 918 MiB.
2026-10-05T03:40:05Z INFO [185/900] 3cac9a86-e6ea-4acb-b3bf-5779ad179e9e: 571 groups; 2.8 s; peak memory 918 MiB.
2026-10-05T03:40:07Z INFO [186/900] 3cad3ddd-395c-447b-b87f-bb75756082a2: 32 groups; 1.7 s; peak memory 918 MiB.
2026-10-05T03:40:09Z INFO [187/900] 3cadba3a-a4f1-4c9f-a051-38ca0c8b6476: 32 groups; 1.6 s; peak memory 918 MiB.
2026-10-05T03:40:10Z INFO [188/900] 3cadc499-609c-4caf-aef6-0a481a3dc34a: 22 groups; 1.4 s; peak memory 918 MiB.
2026-10-05T03:40:12Z INFO [189/900] 3cae0440-7970-4c52-a1c2-1b80f7d87ee6: 201 groups; 1.9 s; peak memory 919 MiB.
2026-10-05T03:40:13Z INFO [190/900] 3cae0630-8296-47fa-83fc-731cf6bb4a71: 32 groups; 1.6 s; peak memory 919 MiB.
2026-10-05T03:40:21Z INFO [191/900] 3caf1287-c86a-4822-a233-33f3cb8525b8: 85 groups; 7.8 s; peak memory 919 MiB.
2026-10-05T03:40:23Z INFO [192/900] 3cafe8b5-9d7a-4088-8c77-91cae4532692: 22 groups; 1.5 s; peak memory 919 MiB.
2026-10-05T03:40:29Z INFO [193/900] 3cb161da-1c4f-4a05-b0d0-14f05389bd2c: 106 groups; 5.8 s; peak memory 919 MiB.
2026-10-05T03:40:30Z INFO [194/900] 3cb16c4d-48e4-4eeb-bee1-32e3c585abc0: 35 groups; 1.8 s; peak memory 919 MiB.
2026-10-05T03:40:32Z INFO [195/900] 3cb28c86-652d-4fab-b1f5-e886a8154480: 195 groups; 2.1 s; peak memory 919 MiB.
2026-10-05T03:40:34Z INFO [196/900] 3cb32e21-769b-4938-95cf-4b5c5532bb53: 33 groups; 1.7 s; peak memory 919 MiB.
2026-10-05T03:40:36Z INFO [197/900] 3cb4a906-91a0-47d7-8ec7-9873f96342db: 32 groups; 1.6 s; peak memory 919 MiB.
2026-10-05T03:40:37Z INFO [198/900] 3cb52e87-af6d-4540-ac76-c683eeb2db00: 22 groups; 1.4 s; peak memory 919 MiB.
2026-10-05T03:40:39Z INFO [199/900] 3cb64760-d3b6-4359-b4fe-edcad92814fd: 17 groups; 1.3 s; peak memory 919 MiB.
2026-10-05T03:40:41Z INFO [200/900] 3cb64bf6-db9d-4a6d-a778-3a20fffc53ae: 35 groups; 2.4 s; peak memory 919 MiB.
2026-10-05T03:40:41Z INFO [200/900] 3cb64bf6-db9d-4a6d-a778-3a20fffc53ae: checkpointed 76236 records.
2026-10-05T03:40:43Z INFO [201/900] 3cb766b0-5701-4789-a801-d31914f1ef8e: 336 groups; 2.1 s; peak memory 919 MiB.
2026-10-05T03:40:45Z INFO [202/900] 3cb7e0e4-bc4d-4326-baa1-86d5f1dc8c90: 67 groups; 1.8 s; peak memory 919 MiB.
2026-10-05T03:40:47Z INFO [203/900] 3cb8464f-ecdf-4c65-beaf-3b05421f512e: 194 groups; 2.0 s; peak memory 919 MiB.
2026-10-05T03:40:49Z INFO [204/900] 3cb879f9-66df-4b27-8348-5b44d87f2434: 22 groups; 1.6 s; peak memory 919 MiB.
2026-10-05T03:40:50Z INFO [205/900] 3cb8f700-e0ac-4f3b-9462-a4181be67fd5: 32 groups; 1.8 s; peak memory 919 MiB.
2026-10-05T03:41:38Z INFO [206/900] 3cb97a76-a8cb-4287-9b25-77f6c9c9ecb6: 2909 groups; 47.6 s; peak memory 919 MiB.
2026-10-05T03:41:41Z INFO [207/900] 3cba042b-62e5-49c4-8b42-912b35859f49: 48 groups; 3.4 s; peak memory 919 MiB.
2026-10-05T03:41:44Z INFO [208/900] 3cba3906-55e0-4edc-8883-1e6bb8a73565: 206 groups; 2.4 s; peak memory 919 MiB.
2026-10-05T03:41:47Z INFO [209/900] 3cba6bd2-8eae-43b6-8783-b7d35956cceb: 48 groups; 3.3 s; peak memory 919 MiB.
2026-10-05T03:41:48Z INFO [210/900] 3cbbec98-b042-4142-9381-42667eb84721: 22 groups; 1.4 s; peak memory 919 MiB.
2026-10-05T03:42:04Z INFO [211/900] 3cbcddf1-93bc-4d63-a00f-022e6c055cc7: 63 groups; 15.5 s; peak memory 919 MiB.
2026-10-05T03:42:05Z INFO [212/900] 3cbd49d7-ee42-4e6e-b238-fc1b5640eb54: 22 groups; 1.5 s; peak memory 919 MiB.
2026-10-05T03:42:26Z INFO [213/900] 3cbd6149-748d-41ff-9520-fe9b9187e656: 237 groups; 20.6 s; peak memory 919 MiB.
2026-10-05T03:42:32Z INFO [214/900] 3cbe6086-0e07-48f2-8bb3-29397fdbb925: 110 groups; 5.7 s; peak memory 919 MiB.
2026-10-05T03:42:33Z INFO [215/900] 3cc04885-91b9-4ed5-a0d3-86e17a27d3cf: 22 groups; 1.5 s; peak memory 919 MiB.
2026-10-05T03:42:35Z INFO [216/900] 3cc0cb97-4abc-4207-940f-e6ac30a9be82: 31 groups; 1.4 s; peak memory 919 MiB.
2026-10-05T03:42:36Z INFO [217/900] 3cc15290-7a29-4336-bb20-a8abc3b7c935: 32 groups; 1.8 s; peak memory 919 MiB.
2026-10-05T03:42:42Z INFO [218/900] 3cc1a6cb-cd4b-4c55-871d-8cb800057433: 107 groups; 5.3 s; peak memory 919 MiB.
2026-10-05T03:42:44Z INFO [219/900] 3cc30870-6874-4b8e-bfcb-f3c49d40008b: 35 groups; 2.1 s; peak memory 919 MiB.
2026-10-05T03:42:45Z INFO [220/900] 3cc443fc-9cb6-4af8-98b6-d24c5a5ef64d: 22 groups; 1.2 s; peak memory 919 MiB.
2026-10-05T03:42:47Z INFO [221/900] 3cc46a22-7d19-485b-a838-a7375136e4da: 32 groups; 2.1 s; peak memory 919 MiB.
2026-10-05T03:42:49Z INFO [222/900] 3cc4b70f-e480-4d9f-ab1c-a1f2729f0554: 22 groups; 1.5 s; peak memory 919 MiB.
2026-10-05T03:42:51Z INFO [223/900] 3cc6b902-319f-4608-8e76-9f1810e53325: 336 groups; 2.3 s; peak memory 919 MiB.
2026-10-05T03:42:53Z INFO [224/900] 3cc72bfc-8865-4d96-911e-e95bd04b4b33: 253 groups; 1.7 s; peak memory 919 MiB.
2026-10-05T03:42:54Z INFO [225/900] 3cc76243-5776-4c46-b6d2-0371776d58b4: 16 groups; 1.0 s; peak memory 919 MiB.
2026-10-05T03:43:13Z INFO [226/900] 3cc76b68-ef02-41ac-8023-554d67f5c212: 39 groups; 19.8 s; peak memory 919 MiB.
2026-10-05T03:43:17Z INFO [227/900] 3cc76bb6-102b-4da0-b663-fd1074df7b93: 50 groups; 3.6 s; peak memory 919 MiB.
2026-10-05T03:43:19Z INFO [228/900] 3cc79a81-8c57-4043-b3f0-7addeb88e5fe: 25 groups; 1.6 s; peak memory 919 MiB.
2026-10-05T03:43:21Z INFO [229/900] 3cc7b7ef-b770-4331-b5d3-273c4363f375: 32 groups; 1.8 s; peak memory 919 MiB.
2026-10-05T03:43:22Z INFO [230/900] 3cc7d9bf-5993-43bd-bb51-0058c50e1ec8: 16 groups; 1.0 s; peak memory 919 MiB.
2026-10-05T03:43:23Z INFO [231/900] 3cc81b13-77f7-473c-8725-b60692ae026e: 254 groups; 1.8 s; peak memory 919 MiB.
2026-10-05T03:43:24Z INFO [232/900] 3cc82c6f-6914-48e9-be52-07307db311f2: 16 groups; 1.1 s; peak memory 919 MiB.
2026-10-05T03:43:27Z INFO [233/900] 3cc98c89-1d52-4671-8c7c-ed47dd1848f7: 195 groups; 2.8 s; peak memory 919 MiB.
2026-10-05T03:43:35Z INFO [234/900] 3ccc2b73-6d6e-497c-8a6a-122fa69dedd3: 47 groups; 7.3 s; peak memory 919 MiB.
2026-10-05T03:43:43Z INFO [235/900] 3ccc4ce9-d242-4496-bf98-eadfb98c0b01: 181 groups; 8.9 s; peak memory 919 MiB.
2026-10-05T04:11:03Z INFO [236/900] 3ccc9ebb-bdb5-4d6c-9b15-bf11b90d38b1: 53 groups; 1639.5 s; peak memory 1115 MiB.
2026-10-05T04:11:06Z INFO [237/900] 3ccc9f49-ce48-44f1-8e53-41b73e9bf078: 34 groups; 2.7 s; peak memory 1115 MiB.
2026-10-05T04:11:36Z INFO [238/900] 3ccd0068-8ed9-4e53-8f9e-8c7e559f1746: 23 groups; 30.8 s; peak memory 1115 MiB.
2026-10-05T04:11:38Z INFO [239/900] 3ccd15f1-4f34-4747-b43f-c61ac47b879e: 32 groups; 1.8 s; peak memory 1115 MiB.
2026-10-05T04:11:40Z INFO [240/900] 3cce418a-f8fb-4018-b150-3d69d51a0b7e: 22 groups; 1.5 s; peak memory 1115 MiB.
2026-10-05T04:11:41Z INFO [241/900] 3cced9e5-cbcb-479c-af9a-14126d3054b7: 28 groups; 1.4 s; peak memory 1115 MiB.
2026-10-05T04:11:43Z INFO [242/900] 3ccf7093-88bf-460b-997c-7e086a51b94c: 202 groups; 2.2 s; peak memory 1115 MiB.
2026-10-05T04:11:45Z INFO [243/900] 3ccfa468-e478-46f3-9e40-f8ede400c0bf: 32 groups; 1.8 s; peak memory 1115 MiB.
2026-10-05T04:11:47Z INFO [244/900] 3ccfad2a-ab6b-4a00-9731-8225fcff96fd: 31 groups; 1.9 s; peak memory 1115 MiB.
2026-10-05T04:11:50Z INFO [245/900] 3ccffa04-5a4b-4508-acb3-a2dd647874fa: 48 groups; 3.1 s; peak memory 1115 MiB.
2026-10-05T04:11:52Z INFO [246/900] 3cd2c01d-ecf3-4231-9639-da88f6642852: 254 groups; 1.8 s; peak memory 1115 MiB.
2026-10-05T04:11:53Z INFO [247/900] 3cd4e013-5ccb-4628-9312-85c686654474: 22 groups; 1.4 s; peak memory 1115 MiB.
2026-10-05T04:11:57Z INFO [248/900] 3cd50129-05d7-4aa4-83d4-2827c1c0a34d: 202 groups; 3.4 s; peak memory 1115 MiB.
2026-10-05T04:12:03Z INFO [249/900] 3cd5116e-bb98-46c1-9c6e-c597d1020150: 75 groups; 5.7 s; peak memory 1115 MiB.
2026-10-05T04:12:04Z INFO [250/900] 3cd51268-07ec-4dfb-b2cd-13c54386641d: 32 groups; 1.7 s; peak memory 1115 MiB.
2026-10-05T04:12:04Z INFO [250/900] 3cd51268-07ec-4dfb-b2cd-13c54386641d: checkpointed 76286 records.
2026-10-05T04:12:05Z INFO [251/900] 3cd579a3-1dcf-4071-b221-66f906cb78f6: 16 groups; 1.0 s; peak memory 1115 MiB.
2026-10-05T04:12:07Z INFO [252/900] 3cd6b318-14cc-45e9-86d7-5f07de88bc51: 22 groups; 1.5 s; peak memory 1115 MiB.
2026-10-05T04:12:24Z INFO [253/900] 3cd841cd-6ded-4a02-bda7-9fddb88d2bb6: 283 groups; 16.9 s; peak memory 1115 MiB.
2026-10-05T04:12:26Z INFO [254/900] 3cd8f104-1476-4023-a631-7eda24f8e70d: 31 groups; 2.5 s; peak memory 1115 MiB.
2026-10-05T04:12:35Z INFO [255/900] 3cd92492-ac70-4fc0-95b5-1ee98b8120ec: 181 groups; 8.5 s; peak memory 1115 MiB.
2026-10-05T04:12:36Z INFO [256/900] 3cd959ff-b4b3-424c-a8f1-524c13510c3c: 35 groups; 1.6 s; peak memory 1115 MiB.
2026-10-05T04:12:39Z INFO [257/900] 3cd9d4df-c2a9-4684-86f6-db2c32ffccc6: 200 groups; 2.5 s; peak memory 1115 MiB.
2026-10-05T04:12:41Z INFO [258/900] 3cda6a26-c00b-4662-9dbc-43dfd858ee6b: 32 groups; 1.9 s; peak memory 1115 MiB.
2026-10-05T04:12:57Z INFO [259/900] 3cda7912-45b0-4633-8124-fa8bfde907b1: 289 groups; 15.8 s; peak memory 1115 MiB.
2026-10-05T04:13:14Z INFO [260/900] 3cdac30a-97f9-4234-bfe6-afab4377dc2c: 203 groups; 17.2 s; peak memory 1115 MiB.
2026-10-05T04:13:15Z INFO [261/900] 3cdadc11-7220-4831-8dfd-f074cbd8f9fb: 30 groups; 1.1 s; peak memory 1115 MiB.
2026-10-05T04:13:17Z INFO [262/900] 3cdb474b-a425-453c-9b34-465ba13dc347: 29 groups; 1.7 s; peak memory 1115 MiB.
2026-10-05T04:13:48Z INFO [263/900] 3cdbaea5-879b-4e1a-a274-e4d538331365: 2179 groups; 31.3 s; peak memory 1115 MiB.
2026-10-05T04:13:49Z INFO [264/900] 3cdc14c8-8a48-4c72-8046-545bec8a592d: 16 groups; 1.3 s; peak memory 1115 MiB.
2026-10-05T04:13:50Z INFO [265/900] 3cdc4a63-5b23-47a7-80cc-5ce49e478fbb: 31 groups; 1.4 s; peak memory 1115 MiB.
2026-10-05T04:16:23Z INFO [266/900] 3cdc4efa-c800-4a85-9e4a-672b3f5fcbed: 71 groups; 152.4 s; peak memory 1115 MiB.
2026-10-05T04:16:24Z INFO [267/900] 3cdc72f3-2eef-4605-ab44-384ccbd370f3: 16 groups; 1.1 s; peak memory 1115 MiB.
2026-10-05T04:16:41Z INFO [268/900] 3cdd02a7-7bd9-44f2-9ed4-92d7effb737c: 231 groups; 16.7 s; peak memory 1115 MiB.
2026-10-05T04:16:42Z INFO [269/900] 3cdd6153-2a95-489c-8db9-838fb9d24ba7: 32 groups; 1.7 s; peak memory 1115 MiB.
2026-10-05T04:16:45Z INFO [270/900] 3cdd7b5a-37e4-416e-87c8-73fc9c83f560: 33 groups; 2.6 s; peak memory 1115 MiB.
2026-10-05T04:16:47Z INFO [271/900] 3cdd8c1e-9b78-46f6-b229-5ae4628d33d9: 36 groups; 1.9 s; peak memory 1115 MiB.
2026-10-05T04:16:49Z INFO [272/900] 3cddf2fa-f998-4906-9260-d72880bef277: 29 groups; 1.9 s; peak memory 1115 MiB.
2026-10-05T04:16:53Z INFO [273/900] 3cde0684-a04b-46a9-9568-a0082d4f04b0: 54 groups; 3.7 s; peak memory 1115 MiB.
2026-10-05T04:16:55Z INFO [274/900] 3cdea0b5-b38e-466a-8226-b871f95be74f: 33 groups; 2.6 s; peak memory 1115 MiB.
2026-10-05T04:16:56Z INFO [275/900] 3cdeceed-3352-4bf1-a0ab-94909fb3cce1: 31 groups; 1.2 s; peak memory 1115 MiB.
2026-10-05T04:16:58Z INFO [276/900] 3cdeda6f-d724-4ee6-a7a7-9668c4c83fc9: 22 groups; 1.6 s; peak memory 1115 MiB.
2026-10-05T04:16:59Z INFO [277/900] 3cdf3657-8ca2-457a-a2da-17a1ee872ef0: 22 groups; 1.6 s; peak memory 1115 MiB.
2026-10-05T04:17:03Z INFO [278/900] 3cdf7f86-4c3a-47c1-89c8-5f6e5b76ceb7: 59 groups; 3.8 s; peak memory 1115 MiB.
2026-10-05T04:17:09Z INFO [279/900] 3cdfb147-8809-4309-8fb1-df15f3d2e442: 65 groups; 5.5 s; peak memory 1115 MiB.
2026-10-05T04:17:40Z INFO [280/900] 3ce01b75-d8b0-44ac-be50-e31f8e1735b3: 23 groups; 31.0 s; peak memory 1115 MiB.
2026-10-05T04:17:41Z INFO [281/900] 3ce02783-6ba2-4775-9c21-a54b719b87bc: 22 groups; 1.3 s; peak memory 1115 MiB.
2026-10-05T04:17:43Z INFO [282/900] 3ce13126-39da-4682-a1de-8dd4460acb9b: 22 groups; 1.4 s; peak memory 1115 MiB.
2026-10-05T04:17:44Z INFO [283/900] 3ce16f1c-ea47-491e-9583-86e9043366c9: 22 groups; 1.5 s; peak memory 1115 MiB.
2026-10-05T04:17:52Z INFO [284/900] 3ce1ce0c-ae34-4d6e-a2b2-ca6eb7295a63: 66 groups; 7.7 s; peak memory 1115 MiB.
2026-10-05T04:18:02Z INFO [285/900] 3ce25b6c-ee51-4ca8-81a1-adbd532b7f1f: 141 groups; 10.1 s; peak memory 1115 MiB.
2026-10-05T04:18:03Z INFO [286/900] 3ce28da5-e089-49c5-a4c5-54b9e4cabec0: 22 groups; 1.5 s; peak memory 1115 MiB.
2026-10-05T04:18:05Z INFO [287/900] 3ce3387d-d6c3-45a1-9866-b9ec0d19fdfa: 22 groups; 1.3 s; peak memory 1115 MiB.
2026-10-05T04:18:06Z INFO [288/900] 3ce34dd0-fa57-487a-9f96-69461f012ad2: 16 groups; 1.1 s; peak memory 1115 MiB.
2026-10-05T04:18:07Z INFO [289/900] 3ce3ffd9-51c4-4f3a-85c6-2f4a47a93428: 22 groups; 1.3 s; peak memory 1115 MiB.
2026-10-05T04:18:08Z INFO [290/900] 3ce459c7-0c46-47d1-ad9c-64a86eb87d70: 16 groups; 1.3 s; peak memory 1115 MiB.
2026-10-05T04:18:10Z INFO [291/900] 3ce54a53-5545-4baa-81db-bb1eb7c5768c: 22 groups; 1.5 s; peak memory 1115 MiB.
2026-10-05T04:18:12Z INFO [292/900] 3ce83ca5-be9e-48d1-9112-7f90c835399a: 256 groups; 1.9 s; peak memory 1115 MiB.
2026-10-05T04:18:29Z INFO [293/900] 3ce846a0-b051-4433-8a3d-90668959336a: 207 groups; 17.7 s; peak memory 1115 MiB.
2026-10-05T04:19:33Z INFO [294/900] 3cea9385-345e-4c4f-a727-cfa8973e0846: 27 groups; 63.4 s; peak memory 1115 MiB.
2026-10-05T04:19:35Z INFO [295/900] 3ceae1e6-047c-425d-bc98-b0fec1939324: 261 groups; 2.3 s; peak memory 1115 MiB.
2026-10-05T04:19:37Z INFO [296/900] 3ceafba5-6bdb-4ef8-a729-217e4d8d1814: 29 groups; 2.3 s; peak memory 1115 MiB.
2026-10-05T04:20:37Z INFO [297/900] 3ceb7112-7789-4821-babf-9085d2352da9: 27 groups; 60.1 s; peak memory 1115 MiB.
2026-10-05T04:23:44Z INFO [298/900] 3ceb822e-ddf2-494d-a392-5786dc7e5513: 77 groups; 186.7 s; peak memory 1115 MiB.
2026-10-05T04:23:46Z INFO [299/900] 3cec266c-d618-45c4-af90-9a82de2cc1bc: 32 groups; 1.9 s; peak memory 1115 MiB.
2026-10-05T04:23:48Z INFO [300/900] 3ceca974-8a1d-4427-95fb-41c3117a29f9: 336 groups; 2.3 s; peak memory 1115 MiB.
2026-10-05T04:23:48Z INFO [300/900] 3ceca974-8a1d-4427-95fb-41c3117a29f9: checkpointed 76336 records.
2026-10-05T04:23:50Z INFO [301/900] 3cecf618-4a92-47e3-9284-f8cb1c2475cd: 22 groups; 1.4 s; peak memory 1115 MiB.
2026-10-05T04:24:17Z INFO [302/900] 3cecfc2c-fd45-4005-b13d-6613c466476e: 23 groups; 27.2 s; peak memory 1115 MiB.
2026-10-05T04:24:19Z INFO [303/900] 3cedafef-4260-4e46-881a-642c80fba230: 32 groups; 1.7 s; peak memory 1115 MiB.
2026-10-05T04:24:20Z INFO [304/900] 3cee939b-1dc7-48bc-b368-149b423092ba: 32 groups; 1.8 s; peak memory 1115 MiB.
2026-10-05T04:24:22Z INFO [305/900] 3ceed02d-008c-4dd5-abb6-4ffdb005a94a: 22 groups; 1.5 s; peak memory 1115 MiB.
2026-10-05T04:24:25Z INFO [306/900] 3cef3723-dbb3-4eff-a8bd-f0428c47c120: 48 groups; 3.1 s; peak memory 1115 MiB.
2026-10-05T04:24:27Z INFO [307/900] 3cef65b4-9fe0-47ad-847b-85d59fd0aa42: 21 groups; 1.6 s; peak memory 1115 MiB.
2026-10-05T04:24:28Z INFO [308/900] 3cefc88c-f55f-4e75-84aa-89106b93fc94: 32 groups; 1.6 s; peak memory 1115 MiB.
2026-10-05T04:24:30Z INFO [309/900] 3cf00018-9ec6-4b88-90f8-aa0376e59710: 25 groups; 1.6 s; peak memory 1115 MiB.
2026-10-05T04:24:31Z INFO [310/900] 3cf00f97-efbd-47b1-8ff4-77d71bc23266: 22 groups; 1.4 s; peak memory 1115 MiB.
2026-10-05T04:24:35Z INFO [311/900] 3cf03764-6314-4580-b225-c322c6a76578: 60 groups; 3.9 s; peak memory 1115 MiB.
2026-10-05T04:24:37Z INFO [312/900] 3cf0ea9b-bbb9-4556-8f62-ebc382d80e3a: 33 groups; 1.8 s; peak memory 1115 MiB.
2026-10-05T04:24:39Z INFO [313/900] 3cf15853-fae0-4c27-9cbc-a052235f97b8: 35 groups; 2.4 s; peak memory 1115 MiB.
2026-10-05T04:24:55Z INFO [314/900] 3cf175a6-2575-43ff-80cc-025115e57c20: 174 groups; 16.0 s; peak memory 1115 MiB.
2026-10-05T04:24:57Z INFO [315/900] 3cf284ae-c582-414c-b7fb-a9683771957a: 35 groups; 1.8 s; peak memory 1115 MiB.
2026-10-05T04:24:59Z INFO [316/900] 3cf370d7-2d4d-427e-9bbc-b85a0f853930: 42 groups; 2.1 s; peak memory 1115 MiB.
2026-10-05T04:25:01Z INFO [317/900] 3cf3f504-ab55-4148-8a53-86c5454cd611: 199 groups; 1.9 s; peak memory 1115 MiB.
2026-10-05T04:25:03Z INFO [318/900] 3cf43061-a0eb-4a53-8e89-13d39b946e65: 32 groups; 1.5 s; peak memory 1115 MiB.
2026-10-05T04:25:10Z INFO [319/900] 3cf453c8-e92d-432f-bdc2-129b4981a114: 32 groups; 7.2 s; peak memory 1115 MiB.
2026-10-05T04:25:12Z INFO [320/900] 3cf48d06-a6e6-492e-8142-19d259b3466d: 34 groups; 2.3 s; peak memory 1115 MiB.
2026-10-05T04:25:14Z INFO [321/900] 3cf4aa94-d215-4465-ae46-4036fef08436: 20 groups; 1.7 s; peak memory 1115 MiB.
2026-10-05T04:25:15Z INFO [322/900] 3cf4c0ae-ec88-49c4-880c-c2648cdc818c: 32 groups; 1.7 s; peak memory 1115 MiB.
2026-10-05T04:25:17Z INFO [323/900] 3cf4ca12-0e69-4377-a3df-f20cf3181a50: 22 groups; 1.4 s; peak memory 1115 MiB.
2026-10-05T04:25:18Z INFO [324/900] 3cf5c781-2ccc-4cce-b609-d2e9c57164d7: 22 groups; 1.5 s; peak memory 1115 MiB.
2026-10-05T04:25:20Z INFO [325/900] 3cf5c981-d47b-4741-8a47-e5f988192753: 32 groups; 1.7 s; peak memory 1115 MiB.
2026-10-05T04:25:21Z INFO [326/900] 3cf5ce7b-0a19-436f-9f46-9541f9b3abec: 26 groups; 1.1 s; peak memory 1115 MiB.
2026-10-05T04:25:42Z INFO [327/900] 3cf74b7d-92c2-4cce-ac49-e6218e0da2e0: 92 groups; 21.1 s; peak memory 1115 MiB.
2026-10-05T04:25:44Z INFO [328/900] 3cf7fc12-c953-423f-8a27-8a51fe582e5d: 22 groups; 1.4 s; peak memory 1115 MiB.
2026-10-05T04:25:46Z INFO [329/900] 3cf8de80-211f-4767-a9f7-13e82dc3afdd: 35 groups; 2.4 s; peak memory 1115 MiB.
2026-10-05T04:25:48Z INFO [330/900] 3cf9bdf6-7f0d-449d-a8b7-ae2132ee5fcd: 30 groups; 1.6 s; peak memory 1115 MiB.
2026-10-05T04:25:49Z INFO [331/900] 3cfa8a77-1901-4c04-80fa-829fe68a0c37: 22 groups; 1.4 s; peak memory 1115 MiB.
2026-10-05T04:25:51Z INFO [332/900] 3cfaa0bc-3067-480d-bf66-87fcd45226c1: 35 groups; 2.0 s; peak memory 1115 MiB.
2026-10-05T04:25:53Z INFO [333/900] 3cfb1a4c-4d01-4dd9-9180-6582cd257b3d: 32 groups; 2.0 s; peak memory 1115 MiB.
2026-10-05T04:25:55Z INFO [334/900] 3cfbf3bd-0d4a-410a-abb8-538f6e09ef98: 17 groups; 2.2 s; peak memory 1115 MiB.
2026-10-05T04:25:59Z INFO [335/900] 3cfc79c4-2d33-4ac0-b356-bddc9529c462: 68 groups; 4.3 s; peak memory 1115 MiB.
2026-10-05T04:26:01Z INFO [336/900] 3cfd3113-8bb2-4bd9-8b85-0765a5c44800: 22 groups; 1.4 s; peak memory 1115 MiB.
2026-10-05T04:26:02Z INFO [337/900] 3cfd4081-5a34-4419-bc80-14c6b077fb3a: 31 groups; 1.6 s; peak memory 1115 MiB.
2026-10-05T04:26:04Z INFO [338/900] 3cfdaa3c-5bff-4879-97b7-04de0ea4762d: 32 groups; 2.0 s; peak memory 1115 MiB.
2026-10-05T04:26:06Z INFO [339/900] 3cfdb1d8-3751-4484-88ca-75a4e33e8623: 22 groups; 1.3 s; peak memory 1115 MiB.
2026-10-05T04:26:08Z INFO [340/900] 3cfe225b-f59a-41f3-9174-f1c5616cab56: 27 groups; 2.2 s; peak memory 1115 MiB.
2026-10-05T04:26:10Z INFO [341/900] 3cffedda-ad27-4e41-b2a7-e2b301e46f92: 196 groups; 2.0 s; peak memory 1115 MiB.
2026-10-05T04:26:38Z INFO [342/900] 3d0015fc-9e68-40d4-b47e-38d4e884d709: 23 groups; 28.5 s; peak memory 1115 MiB.
2026-10-05T04:26:39Z INFO [343/900] 3d00cb13-50f1-41e7-9499-d1e3e2e9c236: 16 groups; 1.1 s; peak memory 1115 MiB.
2026-10-05T04:26:40Z INFO [344/900] 3d01a3f6-0cea-4a01-8ccb-856ded51af5d: 30 groups; 1.2 s; peak memory 1115 MiB.
2026-10-05T04:26:42Z INFO [345/900] 3d02a1d7-6a54-4f31-a722-7d19ab6140cc: 22 groups; 1.5 s; peak memory 1115 MiB.
2026-10-05T04:26:43Z INFO [346/900] 3d02a1fd-4288-4c89-a5d1-ebd52adab03f: 22 groups; 1.0 s; peak memory 1115 MiB.
2026-10-05T04:26:44Z INFO [347/900] 3d031091-cf1f-4cf5-ad7a-ead634232659: 22 groups; 1.4 s; peak memory 1115 MiB.
2026-10-05T04:26:46Z INFO [348/900] 3d03c0d8-21fa-4764-bb95-bc33ff90e001: 32 groups; 1.7 s; peak memory 1115 MiB.
2026-10-05T04:26:53Z INFO [349/900] 3d040460-d76a-46c4-ac0a-830194d48ac1: 78 groups; 6.5 s; peak memory 1115 MiB.
2026-10-05T04:26:54Z INFO [350/900] 3d04320b-70bd-4ecc-b0fc-4527d6c08105: 31 groups; 1.1 s; peak memory 1115 MiB.
2026-10-05T04:26:54Z INFO [350/900] 3d04320b-70bd-4ecc-b0fc-4527d6c08105: checkpointed 76386 records.
2026-10-05T04:26:55Z INFO [351/900] 3d0490e5-c7d7-4761-ba01-4840084fd9e3: 25 groups; 1.4 s; peak memory 1115 MiB.
2026-10-05T04:26:56Z INFO [352/900] 3d04c0e9-8222-478b-bf37-dbabe418f998: 16 groups; 0.9 s; peak memory 1115 MiB.
2026-10-05T04:26:58Z INFO [353/900] 3d04cab2-a08b-478e-86bc-686c6841442b: 207 groups; 2.2 s; peak memory 1115 MiB.
2026-10-05T04:27:00Z INFO [354/900] 3d066815-e131-4226-97aa-80b79dded38f: 32 groups; 1.6 s; peak memory 1115 MiB.
2026-10-05T04:27:01Z INFO [355/900] 3d071dbe-861f-4967-8814-ddc662d42f52: 16 groups; 1.1 s; peak memory 1115 MiB.
2026-10-05T04:27:14Z INFO [356/900] 3d0743a8-84a7-4e23-a1fb-dfb8cc48d842: 177 groups; 12.9 s; peak memory 1115 MiB.
2026-10-05T04:27:30Z INFO [357/900] 3d07543d-906e-4d4d-b7d0-9fc195f0dc91: 230 groups; 16.1 s; peak memory 1115 MiB.
2026-10-05T04:27:32Z INFO [358/900] 3d0784fe-36e2-4218-b457-1201a4068038: 29 groups; 2.2 s; peak memory 1115 MiB.
2026-10-05T04:27:35Z INFO [359/900] 3d08cbf1-ca67-4ccc-823e-8b8396374fdb: 338 groups; 3.0 s; peak memory 1115 MiB.
2026-10-05T04:27:37Z INFO [360/900] 3d08dc16-5879-4c78-a535-5899aed86ec9: 32 groups; 1.8 s; peak memory 1115 MiB.
2026-10-05T04:27:39Z INFO [361/900] 3d099b0b-2967-4dc4-a9f5-9a4f6c2f4f30: 32 groups; 1.8 s; peak memory 1115 MiB.
2026-10-05T04:27:40Z INFO [362/900] 3d0a6067-d07d-4204-93df-480c5245a0aa: 31 groups; 1.1 s; peak memory 1115 MiB.
2026-10-05T04:27:42Z INFO [363/900] 3d0a74c9-8898-427a-853f-740bb0139ed6: 35 groups; 2.0 s; peak memory 1115 MiB.
2026-10-05T04:27:46Z INFO [364/900] 3d0b44f4-542a-45fb-82f2-e231e81dbefa: 50 groups; 4.1 s; peak memory 1115 MiB.
2026-10-05T04:27:54Z INFO [365/900] 3d0b52bc-f82f-44f0-ad11-b8ef91f9029d: 65 groups; 8.0 s; peak memory 1115 MiB.
2026-10-05T04:27:56Z INFO [366/900] 3d0b906c-3b66-4748-a3d8-cd362d00d14b: 195 groups; 2.1 s; peak memory 1115 MiB.
2026-10-05T04:27:58Z INFO [367/900] 3d0c6c95-ea1c-4d72-b903-58d9a961ac36: 32 groups; 1.6 s; peak memory 1115 MiB.
2026-10-05T04:27:59Z INFO [368/900] 3d0ccb88-3833-4efb-91d4-09b812444a73: 32 groups; 1.7 s; peak memory 1115 MiB.
2026-10-05T04:28:03Z INFO [369/900] 3d0d91c0-75fe-495b-9c11-9f4e5ff4f070: 48 groups; 3.4 s; peak memory 1115 MiB.
2026-10-05T04:28:04Z INFO [370/900] 3d0daabd-bf68-45f9-9c05-ab773783c5d3: 32 groups; 1.6 s; peak memory 1115 MiB.
2026-10-05T04:28:06Z INFO [371/900] 3d0ec221-a42f-44bc-b360-b62f066eed5b: 20 groups; 1.5 s; peak memory 1115 MiB.
2026-10-05T04:28:13Z INFO [372/900] 3d101020-3a2d-47ce-b1af-4850d3aabc0c: 105 groups; 7.0 s; peak memory 1115 MiB.
2026-10-05T04:28:21Z INFO [373/900] 3d107a75-0b5d-4baf-b2ac-0e3a6bfb32af: 117 groups; 8.0 s; peak memory 1115 MiB.
2026-10-05T04:28:22Z INFO [374/900] 3d119383-66e9-4f0a-9d56-c54d15714e4d: 34 groups; 1.6 s; peak memory 1115 MiB.
2026-10-05T04:28:25Z INFO [375/900] 3d11b3f3-56ef-41a9-815b-d39d819094f5: 336 groups; 2.4 s; peak memory 1115 MiB.
2026-10-05T04:28:27Z INFO [376/900] 3d1237bc-7fe4-4e2c-be75-586b95fe9ec7: 32 groups; 1.7 s; peak memory 1115 MiB.
2026-10-05T04:28:28Z INFO [377/900] 3d124b1a-8631-43e4-86ad-49caf2461bfa: 30 groups; 1.5 s; peak memory 1115 MiB.
2026-10-05T04:28:30Z INFO [378/900] 3d12a67d-6833-4cd3-89e9-3f20a1452353: 22 groups; 1.4 s; peak memory 1115 MiB.
2026-10-05T04:28:31Z INFO [379/900] 3d12b70c-9237-4d1b-b985-4daadf205be9: 22 groups; 1.5 s; peak memory 1115 MiB.
2026-10-05T04:28:34Z INFO [380/900] 3d13584b-bdb8-41b4-9ac7-158baef465d7: 206 groups; 2.7 s; peak memory 1115 MiB.
2026-10-05T04:28:36Z INFO [381/900] 3d139753-0079-461f-b559-f1ac420aa982: 36 groups; 1.8 s; peak memory 1115 MiB.
2026-10-05T04:28:37Z INFO [382/900] 3d1420eb-2acd-4db1-a8e3-9b34f751339d: 30 groups; 1.4 s; peak memory 1115 MiB.
2026-10-05T04:28:38Z INFO [383/900] 3d154a4d-9208-4420-ab45-795a62dc1851: 30 groups; 1.2 s; peak memory 1115 MiB.
2026-10-05T04:28:40Z INFO [384/900] 3d15d089-6481-4ad0-ac20-6b203626be9c: 22 groups; 1.3 s; peak memory 1115 MiB.
2026-10-05T04:28:44Z INFO [385/900] 3d179ef2-192e-439f-8f0e-0e6385d46564: 60 groups; 4.0 s; peak memory 1115 MiB.
2026-10-05T04:28:45Z INFO [386/900] 3d17df19-26f3-49c8-9867-cdff89a20fc1: 18 groups; 1.3 s; peak memory 1115 MiB.
2026-10-05T04:28:48Z INFO [387/900] 3d17e1f9-0884-4d96-824b-03cacca8380c: 48 groups; 3.4 s; peak memory 1115 MiB.
2026-10-05T04:28:50Z INFO [388/900] 3d17ed8d-2367-449e-b356-6d6aab3d0d77: 22 groups; 1.5 s; peak memory 1115 MiB.
2026-10-05T04:28:51Z INFO [389/900] 3d17fa68-da41-4249-9672-edc2f184f478: 27 groups; 1.2 s; peak memory 1115 MiB.
2026-10-05T04:28:52Z INFO [390/900] 3d183b7b-5275-42f5-8635-c77058ea2806: 32 groups; 1.6 s; peak memory 1115 MiB.
2026-10-05T04:29:28Z INFO [391/900] 3d18fc38-ff0a-4b23-83aa-474ee82dbaf4: 596 groups; 35.4 s; peak memory 1115 MiB.
2026-10-05T04:29:30Z INFO [392/900] 3d193f83-86b8-44bd-b7b9-270da14b7b24: 31 groups; 2.3 s; peak memory 1115 MiB.
2026-10-05T04:29:32Z INFO [393/900] 3d19dac6-45a8-4b90-a0a4-4fe4c6fc5db1: 22 groups; 1.5 s; peak memory 1115 MiB.
2026-10-05T04:29:33Z INFO [394/900] 3d1a544a-e658-4017-95ad-99ef56e889d1: 22 groups; 1.4 s; peak memory 1115 MiB.
2026-10-05T04:29:35Z INFO [395/900] 3d1a69dc-adb4-47da-8c76-592bb92ed15f: 22 groups; 1.4 s; peak memory 1115 MiB.
2026-10-05T04:29:36Z INFO [396/900] 3d1af90a-fc9b-43e5-952d-8e6f777a171f: 32 groups; 1.7 s; peak memory 1115 MiB.
2026-10-05T04:29:37Z INFO [397/900] 3d1aff15-5b3a-4ee5-b7fe-5084f0649233: 24 groups; 1.1 s; peak memory 1115 MiB.
2026-10-05T04:29:39Z INFO [398/900] 3d1b366e-656c-4703-845e-6bd253d5c87a: 22 groups; 1.4 s; peak memory 1115 MiB.
2026-10-05T04:29:42Z INFO [399/900] 3d1bac64-d1ef-4dcc-9cff-c857f7052b8a: 48 groups; 3.6 s; peak memory 1115 MiB.
2026-10-05T04:29:44Z INFO [400/900] 3d1c057d-65db-4db5-9599-69f23938239f: 27 groups; 1.8 s; peak memory 1115 MiB.
2026-10-05T04:29:44Z INFO [400/900] 3d1c057d-65db-4db5-9599-69f23938239f: checkpointed 76436 records.
2026-10-05T04:29:46Z INFO [401/900] 3d1c1602-b249-4a73-ab06-2d54d3185b65: 22 groups; 1.4 s; peak memory 1115 MiB.
2026-10-05T04:29:47Z INFO [402/900] 3d1c1ad4-8529-4d63-9de1-4c335d329e75: 32 groups; 1.8 s; peak memory 1115 MiB.
2026-10-05T04:29:49Z INFO [403/900] 3d1c1cd8-082d-4e4e-b46c-83ecb457eaab: 22 groups; 1.4 s; peak memory 1115 MiB.
2026-10-05T04:30:02Z INFO [404/900] 3d1c85a8-584b-4dbc-adc6-1496be7ae44e: 56 groups; 12.7 s; peak memory 1115 MiB.
2026-10-05T04:30:24Z INFO [405/900] 3d1cd7db-79fc-4879-969a-ac55d665bf70: 228 groups; 22.8 s; peak memory 1115 MiB.
2026-10-05T04:30:26Z INFO [406/900] 3d1d109c-a685-4dd4-a74a-c4b15d5b424e: 35 groups; 1.7 s; peak memory 1115 MiB.
2026-10-05T04:30:28Z INFO [407/900] 3d1e0165-7cd2-4cae-9c8c-5ccbd83faed7: 32 groups; 1.7 s; peak memory 1115 MiB.
2026-10-05T04:30:29Z INFO [408/900] 3d1e0e5c-7c59-42d0-bf30-b3bd0567bdc9: 32 groups; 1.7 s; peak memory 1115 MiB.
2026-10-05T04:30:31Z INFO [409/900] 3d1e5549-3c05-4a54-9c5a-6fcff6b3ec07: 22 groups; 1.2 s; peak memory 1115 MiB.
2026-10-05T04:30:32Z INFO [410/900] 3d1e6c58-faf8-42d0-809a-2a93a04fc8c4: 25 groups; 1.3 s; peak memory 1115 MiB.
2026-10-05T04:30:34Z INFO [411/900] 3d1ec59e-2078-4c5e-af8b-a56be70f38ec: 32 groups; 1.6 s; peak memory 1115 MiB.
2026-10-05T04:30:38Z INFO [412/900] 3d1eebad-69ab-4adc-bc97-ea69464e2bc3: 50 groups; 4.0 s; peak memory 1115 MiB.
2026-10-05T04:30:39Z INFO [413/900] 3d1eec0d-d9c2-4e8a-af6f-09012e716b89: 17 groups; 1.1 s; peak memory 1115 MiB.
2026-10-05T04:30:42Z INFO [414/900] 3d1f5cb4-8ee0-4f54-91e5-bc7c52de8023: 48 groups; 3.3 s; peak memory 1115 MiB.
2026-10-05T04:30:44Z INFO [415/900] 3d1f67b5-8706-4df7-86de-def2b468050f: 35 groups; 2.3 s; peak memory 1115 MiB.
2026-10-05T04:30:46Z INFO [416/900] 3d1fd8bc-a087-4d55-9ddf-084c44da36a9: 22 groups; 1.5 s; peak memory 1115 MiB.
2026-10-05T04:30:48Z INFO [417/900] 3d208aba-0e92-4e57-8884-6844e30147e4: 31 groups; 2.1 s; peak memory 1115 MiB.
2026-10-05T04:31:01Z INFO [418/900] 3d209f8e-c91b-4901-8868-3286e93cca0d: 63 groups; 12.7 s; peak memory 1115 MiB.
2026-10-05T04:31:02Z INFO [419/900] 3d20abb3-c629-4f23-acbc-5a4e3120d87d: 28 groups; 1.5 s; peak memory 1115 MiB.
2026-10-05T04:31:03Z INFO [420/900] 3d20f3dc-b5bc-4a15-844e-e473344a8cd0: 22 groups; 1.4 s; peak memory 1115 MiB.
2026-10-05T04:31:06Z INFO [421/900] 3d2152cd-d4b6-4ca5-acbf-1358204313f8: 35 groups; 2.2 s; peak memory 1115 MiB.
2026-10-05T04:31:08Z INFO [422/900] 3d215676-930d-467d-9ce4-7e67df3990c4: 33 groups; 2.0 s; peak memory 1115 MiB.
2026-10-05T04:31:09Z INFO [423/900] 3d2373b5-2a07-4740-a0c0-36cc78209d48: 32 groups; 1.7 s; peak memory 1115 MiB.
2026-10-05T04:31:11Z INFO [424/900] 3d2462d8-cc28-4dc3-82f1-69dc8bbfcc02: 16 groups; 1.1 s; peak memory 1115 MiB.
2026-10-05T04:31:13Z INFO [425/900] 3d247eff-e4d8-4a55-8552-8e6ffb40c416: 35 groups; 2.3 s; peak memory 1115 MiB.
2026-10-05T04:31:15Z INFO [426/900] 3d25453e-64a1-40fd-9e5d-1327d46d4fc5: 68 groups; 2.6 s; peak memory 1115 MiB.
2026-10-05T04:31:17Z INFO [427/900] 3d262e33-bf6a-4da7-8745-6bc570dd72e6: 22 groups; 1.2 s; peak memory 1115 MiB.
2026-10-05T04:31:20Z INFO [428/900] 3d2644c3-4b82-46c8-95f8-9cbe5d79ab7a: 52 groups; 2.9 s; peak memory 1115 MiB.
2026-10-05T04:31:22Z INFO [429/900] 3d265b4f-1da9-450b-bd61-e0ba26128b1d: 28 groups; 2.3 s; peak memory 1115 MiB.
2026-10-05T04:31:24Z INFO [430/900] 3d2782c9-3ae8-4736-9a29-629c942019ef: 42 groups; 2.6 s; peak memory 1115 MiB.
2026-10-05T04:31:26Z INFO [431/900] 3d27d39d-003a-405a-b07a-b5640b02e1ab: 32 groups; 1.4 s; peak memory 1115 MiB.
2026-10-05T04:31:27Z INFO [432/900] 3d288a7f-1670-4792-875e-419c171b6b2f: 32 groups; 1.5 s; peak memory 1115 MiB.
2026-10-05T04:31:29Z INFO [433/900] 3d28e2cf-767f-45f1-bbce-95d3c718bc95: 31 groups; 1.5 s; peak memory 1115 MiB.
2026-10-05T04:31:30Z INFO [434/900] 3d2976da-464a-480d-803a-13a790d00495: 22 groups; 1.5 s; peak memory 1115 MiB.
2026-10-05T04:31:35Z INFO [435/900] 3d29d845-3f4c-4543-9bf3-83be0e4a4e97: 85 groups; 4.6 s; peak memory 1115 MiB.
2026-10-05T04:31:55Z INFO [436/900] 3d2a0e8e-f180-4a67-8d9f-32793dd243da: 17 groups; 19.8 s; peak memory 1115 MiB.
2026-10-05T04:31:56Z INFO [437/900] 3d2a3049-bc29-4f61-b2c7-def7ee6ea771: 16 groups; 1.1 s; peak memory 1115 MiB.
2026-10-05T04:34:24Z INFO [438/900] 3d2a9dfa-0ac2-47cb-83b0-8e3ab7b6cda9: 60 groups; 147.9 s; peak memory 1115 MiB.
2026-10-05T04:34:25Z INFO [439/900] 3d2afadb-1d6e-49ea-a812-7475cc5bf42a: 22 groups; 1.1 s; peak memory 1115 MiB.
2026-10-05T04:34:28Z INFO [440/900] 3d2b2350-0e12-4be4-a7a8-d233ac01ea10: 48 groups; 2.7 s; peak memory 1115 MiB.
2026-10-05T04:34:31Z INFO [441/900] 3d2bafbe-3339-474f-ac36-28ca64e50b0f: 194 groups; 3.1 s; peak memory 1115 MiB.
2026-10-05T04:34:32Z INFO [442/900] 3d2d0f40-0479-42f8-9560-b0f1787a53a6: 32 groups; 1.7 s; peak memory 1115 MiB.
2026-10-05T04:34:34Z INFO [443/900] 3d2dc405-ee63-442b-a65c-97e3ac2161d7: 22 groups; 1.4 s; peak memory 1115 MiB.
2026-10-05T04:34:35Z INFO [444/900] 3d2dcab6-345c-4923-9acf-2eea7888589d: 32 groups; 1.6 s; peak memory 1115 MiB.
2026-10-05T04:34:36Z INFO [445/900] 3d2dde38-0f24-480d-b081-d1a8bdda180d: 16 groups; 1.1 s; peak memory 1115 MiB.
2026-10-05T04:34:38Z INFO [446/900] 3d2e70a7-40e2-4ef8-9a16-482a15c33ae7: 32 groups; 1.6 s; peak memory 1115 MiB.
2026-10-05T04:34:39Z INFO [447/900] 3d2ea040-690c-4875-895a-d1286f73b1f5: 22 groups; 1.5 s; peak memory 1115 MiB.
2026-10-05T04:34:42Z INFO [448/900] 3d2f2a15-98a1-495a-b7bc-93c1387dcb4e: 35 groups; 2.1 s; peak memory 1115 MiB.
2026-10-05T04:34:43Z INFO [449/900] 3d2f35bf-e2c9-4df7-b968-6d2895068a00: 22 groups; 1.4 s; peak memory 1115 MiB.
2026-10-05T04:34:44Z INFO [450/900] 3d2f5a32-d488-48c9-8ecd-fcafb17ac61d: 30 groups; 1.2 s; peak memory 1115 MiB.
2026-10-05T04:34:44Z INFO [450/900] 3d2f5a32-d488-48c9-8ecd-fcafb17ac61d: checkpointed 76486 records.
2026-10-05T04:35:51Z INFO [451/900] 3d2f6102-ee72-42d8-97e5-b4d48d1a2ef1: 110 groups; 66.7 s; peak memory 1115 MiB.
2026-10-05T04:35:54Z INFO [452/900] 3d2f975c-886e-4a8a-86fe-d9fc60e66cc5: 17 groups; 2.9 s; peak memory 1115 MiB.
2026-10-05T04:35:55Z INFO [453/900] 3d30951d-ff89-4dc1-9779-b45d5c906142: 22 groups; 1.4 s; peak memory 1115 MiB.
2026-10-05T04:36:10Z INFO [454/900] 3d30fc4f-56a4-42a5-8214-24e30446ce94: 211 groups; 14.2 s; peak memory 1115 MiB.
2026-10-05T04:36:12Z INFO [455/900] 3d318882-a4cc-483a-97b0-e31e3540d884: 38 groups; 2.4 s; peak memory 1115 MiB.
2026-10-05T04:37:09Z INFO [456/900] 3d31ca30-3c09-4409-b23e-678e258ca6e3: 41 groups; 57.5 s; peak memory 1115 MiB.
2026-10-05T04:37:16Z INFO [457/900] 3d325479-2bc2-40f5-83e4-6c3de66d55bc: 133 groups; 6.3 s; peak memory 1115 MiB.
2026-10-05T04:37:19Z INFO [458/900] 3d334ad7-a31d-4aaf-8282-25c41c683866: 48 groups; 3.7 s; peak memory 1115 MiB.
2026-10-05T04:37:27Z INFO [459/900] 3d3376d7-1083-4b39-9c11-36c46e4db05e: 66 groups; 7.8 s; peak memory 1115 MiB.
2026-10-05T04:37:29Z INFO [460/900] 3d33e8ec-fe65-44fb-9c45-59298fd90e02: 22 groups; 1.5 s; peak memory 1115 MiB.
2026-10-05T04:37:30Z INFO [461/900] 3d341159-dab4-45fd-99d0-9c8728f0ab49: 35 groups; 1.6 s; peak memory 1115 MiB.
2026-10-05T04:37:32Z INFO [462/900] 3d34a319-6055-460b-b21e-ea636e5d3b74: 33 groups; 2.0 s; peak memory 1115 MiB.
2026-10-05T04:37:38Z INFO [463/900] 3d352c39-1497-4100-ba30-52b914a3e3b0: 78 groups; 6.1 s; peak memory 1115 MiB.
2026-10-05T04:37:40Z INFO [464/900] 3d353a83-676b-4e76-8db4-cfbbfae424ae: 35 groups; 1.9 s; peak memory 1115 MiB.
2026-10-05T04:37:42Z INFO [465/900] 3d35b59f-39ea-4f25-9cfc-6128b1d95a6a: 22 groups; 1.5 s; peak memory 1115 MiB.
2026-10-05T04:37:43Z INFO [466/900] 3d3607cf-814c-4106-9995-2fdf0347dfd9: 16 groups; 1.2 s; peak memory 1115 MiB.
2026-10-05T04:37:45Z INFO [467/900] 3d37a25b-b436-4756-85bb-2595d25c413b: 32 groups; 1.8 s; peak memory 1115 MiB.
2026-10-05T04:37:46Z INFO [468/900] 3d37e851-d5c2-4a12-8e72-5c24ba3abbaa: 17 groups; 1.1 s; peak memory 1115 MiB.
2026-10-05T04:37:47Z INFO [469/900] 3d385fab-127e-4c06-a3a2-6841d71874be: 18 groups; 1.0 s; peak memory 1115 MiB.
2026-10-05T04:38:00Z INFO [470/900] 3d387f00-01a6-44fb-8e2a-dafbe6352ca2: 270 groups; 13.4 s; peak memory 1115 MiB.
2026-10-05T04:38:02Z INFO [471/900] 3d38afb6-a510-437f-a408-cfb8a879b4ed: 41 groups; 2.2 s; peak memory 1115 MiB.
2026-10-05T04:38:59Z INFO [472/900] 3d391e89-b2e5-4a1a-a61b-259eba30eacf: 26 groups; 56.9 s; peak memory 1115 MiB.
2026-10-05T04:39:02Z INFO [473/900] 3d392b7a-1fc3-49f2-80e5-8709c5e1178b: 17 groups; 3.1 s; peak memory 1115 MiB.
2026-10-05T04:43:40Z INFO [474/900] 3d3b0471-61ef-46c8-b633-917a6add58e5: 73 groups; 277.5 s; peak memory 1115 MiB.
2026-10-05T04:43:41Z INFO [475/900] 3d3b46cf-6c01-4c0d-af25-5a74712bd6cc: 22 groups; 1.5 s; peak memory 1115 MiB.
2026-10-05T04:43:43Z INFO [476/900] 3d3ceb74-dbce-40ac-a97c-3fed2de71968: 36 groups; 1.8 s; peak memory 1115 MiB.
2026-10-05T04:43:45Z INFO [477/900] 3d3dd51a-1dac-49c5-b477-c5def0e503ac: 22 groups; 1.4 s; peak memory 1115 MiB.
2026-10-05T04:43:47Z INFO [478/900] 3d3e543e-511d-4c36-9124-7368aaba261a: 35 groups; 2.1 s; peak memory 1115 MiB.
2026-10-05T04:43:49Z INFO [479/900] 3d3f4ce7-0e7e-45a7-bf0a-bf9b32fcaf27: 35 groups; 2.2 s; peak memory 1115 MiB.
2026-10-05T04:43:51Z INFO [480/900] 3d3fcbb8-df58-4054-82a6-4fe5196a1268: 32 groups; 1.7 s; peak memory 1115 MiB.
2026-10-05T04:43:52Z INFO [481/900] 3d3ffd27-c575-4848-87b9-d847d36af937: 32 groups; 1.8 s; peak memory 1115 MiB.
2026-10-05T04:43:54Z INFO [482/900] 3d402486-ea19-43a2-b7a7-6eba407d5b7c: 22 groups; 1.3 s; peak memory 1115 MiB.
2026-10-05T04:43:55Z INFO [483/900] 3d407b15-1737-4dc2-a424-51b6878b43a2: 22 groups; 1.4 s; peak memory 1115 MiB.
2026-10-05T04:43:56Z INFO [484/900] 3d414252-9689-4496-ab85-31753e89bddb: 16 groups; 1.2 s; peak memory 1115 MiB.
2026-10-05T04:43:58Z INFO [485/900] 3d41a8e8-28c4-4a80-b685-a7580fa46596: 202 groups; 1.8 s; peak memory 1115 MiB.
2026-10-05T04:44:00Z INFO [486/900] 3d41e296-cbe6-4f1e-a111-8f2902f19622: 32 groups; 1.9 s; peak memory 1115 MiB.
2026-10-05T04:44:02Z INFO [487/900] 3d42f4a4-99d2-464b-9eef-665299b0f7b6: 35 groups; 2.0 s; peak memory 1115 MiB.
2026-10-05T04:44:03Z INFO [488/900] 3d430edc-c8b1-4bf0-98b2-1f429e2afc86: 22 groups; 1.5 s; peak memory 1115 MiB.
2026-10-05T04:44:31Z INFO [489/900] 3d43d97f-9d01-47f4-a254-251a85346e01: 23 groups; 27.6 s; peak memory 1115 MiB.
2026-10-05T04:44:51Z INFO [490/900] 3d445e29-5afb-4bf6-ad16-6e7167e770c6: 418 groups; 19.5 s; peak memory 1115 MiB.
2026-10-05T04:44:52Z INFO [491/900] 3d446a6d-451c-42e3-8d00-3941f37cfc1e: 32 groups; 1.8 s; peak memory 1115 MiB.
2026-10-05T04:44:55Z INFO [492/900] 3d449375-a6e5-4f45-9121-043675336883: 35 groups; 2.2 s; peak memory 1115 MiB.
2026-10-05T04:44:56Z INFO [493/900] 3d44e029-34eb-48c6-9fa8-fc1bbf6472e0: 22 groups; 1.4 s; peak memory 1115 MiB.
2026-10-05T04:44:58Z INFO [494/900] 3d451b68-e124-4253-a5ca-1d62daa868b5: 32 groups; 2.0 s; peak memory 1115 MiB.
2026-10-05T04:44:59Z INFO [495/900] 3d45b11d-05b9-42bd-a557-234a9d1e2f06: 30 groups; 1.3 s; peak memory 1115 MiB.
2026-10-05T04:45:26Z INFO [496/900] 3d46a63e-1d9f-4867-b701-8b37b62fab27: 23 groups; 27.0 s; peak memory 1115 MiB.
2026-10-05T04:45:28Z INFO [497/900] 3d46fe7b-ef6b-4b93-86ba-cafa0ef58edf: 32 groups; 1.8 s; peak memory 1115 MiB.
2026-10-05T04:45:32Z INFO [498/900] 3d488456-1f21-4a37-b341-71d46427a181: 60 groups; 3.6 s; peak memory 1115 MiB.
2026-10-05T04:45:35Z INFO [499/900] 3d48b7dd-6322-498b-add2-497342eac523: 48 groups; 3.3 s; peak memory 1115 MiB.
2026-10-05T04:45:37Z INFO [500/900] 3d490a42-2641-44a9-9420-3ca6d0a3cb6f: 32 groups; 1.8 s; peak memory 1115 MiB.
2026-10-05T04:45:37Z INFO [500/900] 3d490a42-2641-44a9-9420-3ca6d0a3cb6f: checkpointed 76536 records.
2026-10-05T04:45:38Z INFO [501/900] 3d4a1b76-79e8-4e88-a78a-48d65db74eb0: 22 groups; 1.4 s; peak memory 1115 MiB.
2026-10-05T04:45:41Z INFO [502/900] 3d4b3a64-0a8b-4ac6-809e-b36fbbedffad: 29 groups; 2.2 s; peak memory 1115 MiB.
2026-10-05T04:45:42Z INFO [503/900] 3d4b6081-8d3e-49fd-aae5-eb4c3e92c32e: 16 groups; 1.1 s; peak memory 1115 MiB.
2026-10-05T04:46:03Z INFO [504/900] 3d4bac48-dbbd-4f79-b0f3-ac1b7b14d7a6: 201 groups; 21.1 s; peak memory 1115 MiB.
2026-10-05T04:46:17Z INFO [505/900] 3d4c7ea2-536e-4e3a-a485-8bf38972b6c7: 76 groups; 14.1 s; peak memory 1115 MiB.
2026-10-05T04:46:18Z INFO [506/900] 3d4cd907-66f0-4f09-8134-6019649529a2: 22 groups; 1.3 s; peak memory 1115 MiB.
2026-10-05T04:46:19Z INFO [507/900] 3d4ce580-9249-4ab1-8ede-dbb05fe7c062: 31 groups; 1.2 s; peak memory 1115 MiB.
2026-10-05T04:46:21Z INFO [508/900] 3d4ceaca-f3f9-4708-8448-5e848432444d: 22 groups; 1.5 s; peak memory 1115 MiB.
2026-10-05T04:46:23Z INFO [509/900] 3d4d2f47-4b06-4957-92de-5fdff40464b8: 195 groups; 2.2 s; peak memory 1115 MiB.
2026-10-05T04:46:26Z INFO [510/900] 3d4d9bf1-04c0-410a-9a1c-a454c13393b1: 341 groups; 2.6 s; peak memory 1115 MiB.
2026-10-05T04:46:32Z INFO [511/900] 3d4dded9-46b2-4299-8c2b-38f155cfeff7: 114 groups; 6.5 s; peak memory 1115 MiB.
2026-10-05T04:46:51Z INFO [512/900] 3d4de49a-320e-4e5e-8cda-d6606dac9f4a: 159 groups; 18.3 s; peak memory 1115 MiB.
2026-10-05T04:46:53Z INFO [513/900] 3d4ee96b-b190-4649-a9bb-29c983f93cf2: 196 groups; 1.9 s; peak memory 1115 MiB.
2026-10-05T04:46:54Z INFO [514/900] 3d4f0e5c-3663-458c-8275-78471b11502c: 32 groups; 2.0 s; peak memory 1115 MiB.
2026-10-05T04:46:56Z INFO [515/900] 3d4f84f8-8169-4183-83f5-13760e0977d3: 33 groups; 1.8 s; peak memory 1115 MiB.
2026-10-05T04:46:58Z INFO [516/900] 3d4fcab5-4a4e-47a7-9cec-ffa65f66d207: 22 groups; 1.4 s; peak memory 1115 MiB.
2026-10-05T04:47:00Z INFO [517/900] 3d4fff25-c2ab-4285-9561-333a620225ca: 195 groups; 2.0 s; peak memory 1115 MiB.
2026-10-05T04:47:01Z INFO [518/900] 3d5048b8-7ea1-4ffb-b294-683d7141fbf7: 35 groups; 1.4 s; peak memory 1115 MiB.
2026-10-05T04:47:02Z INFO [519/900] 3d50bb7d-e615-49fc-81ff-c990d6c6963e: 16 groups; 1.0 s; peak memory 1115 MiB.
2026-10-05T04:47:04Z INFO [520/900] 3d514ae0-68d7-49e9-8c89-25a6f4f3578d: 32 groups; 1.6 s; peak memory 1115 MiB.
2026-10-05T04:47:06Z INFO [521/900] 3d51d5b2-8a46-482e-8d6c-3d020ca230e6: 32 groups; 1.9 s; peak memory 1115 MiB.
2026-10-05T04:47:07Z INFO [522/900] 3d51f678-0e41-4754-9dbb-900375d809bc: 32 groups; 1.7 s; peak memory 1115 MiB.
2026-10-05T04:47:09Z INFO [523/900] 3d523380-6d81-4f19-92ac-b839277a8749: 21 groups; 1.5 s; peak memory 1115 MiB.
2026-10-05T04:47:11Z INFO [524/900] 3d5264c7-77bd-4c6c-8d99-0bfbf63ee3d1: 34 groups; 1.9 s; peak memory 1115 MiB.
2026-10-05T04:47:13Z INFO [525/900] 3d546587-8860-49a1-94eb-533c869544af: 35 groups; 2.2 s; peak memory 1115 MiB.
2026-10-05T04:47:14Z INFO [526/900] 3d54bf68-cb78-49fb-8786-bad7c894c405: 35 groups; 1.7 s; peak memory 1115 MiB.
2026-10-05T04:47:16Z INFO [527/900] 3d5504bf-aff0-43aa-8630-45e20f433a1c: 22 groups; 1.4 s; peak memory 1115 MiB.
2026-10-05T04:47:17Z INFO [528/900] 3d554b3a-a54f-4caa-8671-77d1bc92749d: 30 groups; 1.4 s; peak memory 1115 MiB.
2026-10-05T04:47:19Z INFO [529/900] 3d561526-d2dc-40f7-8143-2ee7a8f20eaf: 31 groups; 1.4 s; peak memory 1115 MiB.
2026-10-05T04:47:20Z INFO [530/900] 3d581393-e5f0-4cb7-9582-113a13c1a92e: 22 groups; 1.4 s; peak memory 1115 MiB.
2026-10-05T04:47:21Z INFO [531/900] 3d582720-8163-4f2d-afef-429c0a9574d7: 22 groups; 1.4 s; peak memory 1115 MiB.
2026-10-05T04:47:23Z INFO [532/900] 3d59fe1d-097c-48f8-93c0-27be92a9be0a: 25 groups; 1.6 s; peak memory 1115 MiB.
2026-10-05T04:47:24Z INFO [533/900] 3d5a63f9-2065-4992-90e0-fa426e00d1da: 16 groups; 1.1 s; peak memory 1115 MiB.
2026-10-05T04:47:26Z INFO [534/900] 3d5b4224-077d-42aa-8704-83e1292bab39: 32 groups; 1.6 s; peak memory 1115 MiB.
2026-10-05T04:47:27Z INFO [535/900] 3d5c1077-3ca3-4ba2-87d2-77b366dfcb73: 22 groups; 1.1 s; peak memory 1115 MiB.
2026-10-05T04:47:29Z INFO [536/900] 3d5c3408-940f-4114-92c3-e00d0aafc6af: 32 groups; 1.8 s; peak memory 1115 MiB.
2026-10-05T04:47:37Z INFO [537/900] 3d5cd8f0-2bbf-4f9f-a227-39e9002d483b: 123 groups; 7.8 s; peak memory 1115 MiB.
2026-10-05T04:47:41Z INFO [538/900] 3d5d262c-d724-482f-a01b-01fa3484d202: 50 groups; 4.1 s; peak memory 1115 MiB.
2026-10-05T04:47:43Z INFO [539/900] 3d5e2ff8-021d-4636-ab99-5a21155b685c: 32 groups; 1.9 s; peak memory 1115 MiB.
2026-10-05T04:47:44Z INFO [540/900] 3d5e818c-bdea-4e01-b72b-417dce0abac0: 26 groups; 1.5 s; peak memory 1115 MiB.
2026-10-05T05:12:08Z INFO [541/900] 3d5e9b88-649c-41df-bbec-36fd5cd48b9f: 535 groups; 1463.4 s; peak memory 1205 MiB.
2026-10-05T05:12:09Z INFO [542/900] 3d5ec2a0-cb00-4385-8e25-579f3fa3f8c0: 22 groups; 1.4 s; peak memory 1205 MiB.
2026-10-05T05:12:11Z INFO [543/900] 3d5f377a-c258-4f38-9404-0bed040a1df8: 206 groups; 2.2 s; peak memory 1205 MiB.
2026-10-05T05:12:12Z INFO [544/900] 3d5f9d3e-c544-432e-89ef-736fb93cf055: 16 groups; 1.1 s; peak memory 1205 MiB.
2026-10-05T05:12:14Z INFO [545/900] 3d601955-dc86-4e0a-92e6-a7303aa372f5: 33 groups; 1.9 s; peak memory 1205 MiB.
2026-10-05T05:12:31Z INFO [546/900] 3d605005-fb30-4eae-a972-d2e130927072: 233 groups; 16.7 s; peak memory 1205 MiB.
2026-10-05T05:12:33Z INFO [547/900] 3d62d707-351e-4546-8d1a-fbf65a62d6db: 35 groups; 2.0 s; peak memory 1205 MiB.
2026-10-05T05:12:35Z INFO [548/900] 3d6314f1-4f69-47aa-8bcf-3e04208ae95a: 32 groups; 2.1 s; peak memory 1205 MiB.
2026-10-05T05:12:37Z INFO [549/900] 3d631fef-c5c8-4094-8234-53173dce92f3: 35 groups; 2.1 s; peak memory 1205 MiB.
2026-10-05T05:12:42Z INFO [550/900] 3d636be8-4ab9-4a6d-bbfb-b6e0b9c013d8: 106 groups; 5.3 s; peak memory 1205 MiB.
2026-10-05T05:12:42Z INFO [550/900] 3d636be8-4ab9-4a6d-bbfb-b6e0b9c013d8: checkpointed 76586 records.
2026-10-05T05:12:47Z INFO [551/900] 3d6424fa-c4e4-4efe-a8dc-98b1cd682187: 30 groups; 4.2 s; peak memory 1205 MiB.
2026-10-05T05:12:48Z INFO [552/900] 3d653511-883d-4c55-8778-bf059efa8e81: 16 groups; 1.1 s; peak memory 1205 MiB.
2026-10-05T05:12:49Z INFO [553/900] 3d66065c-43d0-4ccd-9abd-c4b1711c248d: 22 groups; 1.4 s; peak memory 1205 MiB.
2026-10-05T05:12:50Z INFO [554/900] 3d66663a-b10a-45b7-8ce6-3b3bbbfc7940: 22 groups; 1.4 s; peak memory 1205 MiB.
2026-10-05T05:12:53Z INFO [555/900] 3d672bdc-7247-49a4-bafc-d32c9b096115: 337 groups; 2.2 s; peak memory 1205 MiB.
2026-10-05T05:12:54Z INFO [556/900] 3d675d21-140d-4f07-8dcd-4c747c9d9d4d: 33 groups; 1.4 s; peak memory 1205 MiB.
2026-10-05T05:12:56Z INFO [557/900] 3d67b677-eff4-445c-b4fb-5d022c365034: 35 groups; 1.7 s; peak memory 1205 MiB.
2026-10-05T05:12:57Z INFO [558/900] 3d67c177-22de-4e19-8232-e7380e01b49f: 22 groups; 1.3 s; peak memory 1205 MiB.
2026-10-05T05:13:04Z INFO [559/900] 3d686dc3-ac45-4f10-8b0f-1115c6cc35cf: 47 groups; 6.6 s; peak memory 1205 MiB.
2026-10-05T05:13:19Z INFO [560/900] 3d686f17-34cd-441c-bcfe-c7f472de5411: 33 groups; 15.4 s; peak memory 1205 MiB.
2026-10-05T05:13:21Z INFO [561/900] 3d69d55f-783a-4630-9776-0db19f7c3174: 32 groups; 1.7 s; peak memory 1205 MiB.
2026-10-05T05:13:23Z INFO [562/900] 3d6a5fab-7005-41b3-9620-c13e4b498f17: 33 groups; 2.1 s; peak memory 1205 MiB.
2026-10-05T05:13:25Z INFO [563/900] 3d6ab418-4f1e-423f-9c93-21d84a378e05: 336 groups; 2.2 s; peak memory 1205 MiB.
2026-10-05T05:13:26Z INFO [564/900] 3d6b2831-d325-4e41-a32d-de305d5113c3: 16 groups; 1.2 s; peak memory 1205 MiB.
2026-10-05T05:13:30Z INFO [565/900] 3d6bdecb-d1df-437c-8f60-bd4cdc6747d7: 50 groups; 3.9 s; peak memory 1205 MiB.
2026-10-05T05:13:32Z INFO [566/900] 3d6e6f22-4873-4f5b-bb02-8ee24aeeb560: 32 groups; 1.5 s; peak memory 1205 MiB.
2026-10-05T05:14:40Z INFO [567/900] 3d6eee96-ae31-40f2-9f0e-0238126d4f03: 26 groups; 68.0 s; peak memory 1205 MiB.
2026-10-05T05:14:42Z INFO [568/900] 3d6f1a4e-4878-44c1-add9-a6a5567db373: 32 groups; 1.8 s; peak memory 1205 MiB.
2026-10-05T05:14:44Z INFO [569/900] 3d6f9204-821e-4318-8118-59353a774b13: 32 groups; 2.0 s; peak memory 1205 MiB.
2026-10-05T05:14:45Z INFO [570/900] 3d6ff87f-505f-4857-a2c1-e860341d897d: 22 groups; 1.4 s; peak memory 1205 MiB.
2026-10-05T05:14:48Z INFO [571/900] 3d70d971-8fa9-4cd3-8457-3dacae8b0320: 338 groups; 3.2 s; peak memory 1205 MiB.
2026-10-05T05:15:00Z INFO [572/900] 3d717d38-c83f-4dd6-b9aa-2a382f1470d0: 174 groups; 12.1 s; peak memory 1205 MiB.
2026-10-05T05:15:24Z INFO [573/900] 3d71e8ec-93ea-41fa-ac2c-4f8d7f825249: 173 groups; 23.6 s; peak memory 1205 MiB.
2026-10-05T05:15:25Z INFO [574/900] 3d726a8c-60a4-45a0-bf3b-cab412244109: 16 groups; 1.1 s; peak memory 1205 MiB.
2026-10-05T05:15:26Z INFO [575/900] 3d72bdc1-f122-4357-992f-b6fad337cc9e: 22 groups; 1.3 s; peak memory 1205 MiB.
2026-10-05T05:15:30Z INFO [576/900] 3d72d221-e8b0-474f-8e45-bcfce56de2de: 59 groups; 3.6 s; peak memory 1205 MiB.
2026-10-05T05:15:39Z INFO [577/900] 3d73486b-579f-4efd-a9fe-0ae7ac1fdd5e: 34 groups; 9.5 s; peak memory 1205 MiB.
2026-10-05T05:15:41Z INFO [578/900] 3d738645-5c3d-4578-bf1e-e92bdb6a28f3: 25 groups; 1.2 s; peak memory 1205 MiB.
2026-10-05T05:15:50Z INFO [579/900] 3d7462aa-dbed-4f89-85a0-b6c1d703295c: 157 groups; 9.7 s; peak memory 1205 MiB.
2026-10-05T05:15:52Z INFO [580/900] 3d74d0b9-1460-4586-9762-29a85c44f9f2: 195 groups; 2.0 s; peak memory 1205 MiB.
2026-10-05T05:15:54Z INFO [581/900] 3d753673-9c78-4c42-9b5c-d98f73b2744f: 33 groups; 2.2 s; peak memory 1205 MiB.
2026-10-05T05:15:56Z INFO [582/900] 3d76b513-eb4b-4dbc-979c-8def86af7558: 22 groups; 1.4 s; peak memory 1205 MiB.
2026-10-05T05:15:57Z INFO [583/900] 3d76d8f1-2a79-48ef-a3a9-2129047121dd: 22 groups; 1.3 s; peak memory 1205 MiB.
2026-10-05T05:15:59Z INFO [584/900] 3d76e250-562e-4390-9598-928ef5b0c5fd: 24 groups; 1.4 s; peak memory 1205 MiB.
2026-10-05T05:16:00Z INFO [585/900] 3d770189-c116-43f0-ac13-d60b918a9382: 32 groups; 1.8 s; peak memory 1205 MiB.
2026-10-05T05:16:02Z INFO [586/900] 3d770639-6791-4db6-87c2-2950a9b30bd8: 22 groups; 1.3 s; peak memory 1205 MiB.
2026-10-05T05:16:03Z INFO [587/900] 3d7775d0-fd04-4d2a-9576-307d4dd43531: 32 groups; 1.7 s; peak memory 1205 MiB.
2026-10-05T05:16:05Z INFO [588/900] 3d7aab5f-7ba1-4771-a079-4db4a7020cfe: 32 groups; 1.6 s; peak memory 1205 MiB.
2026-10-05T05:16:06Z INFO [589/900] 3d7b8e43-ee05-4be5-8e29-38a52216b2cd: 30 groups; 1.3 s; peak memory 1205 MiB.
2026-10-05T05:16:08Z INFO [590/900] 3d7bdfb4-acba-4cf6-aecc-90293685e658: 251 groups; 1.6 s; peak memory 1205 MiB.
2026-10-05T05:16:10Z INFO [591/900] 3d7c4f35-c33f-4ce2-98a4-681592bdb41e: 27 groups; 2.4 s; peak memory 1205 MiB.
2026-10-05T05:16:14Z INFO [592/900] 3d7dabaf-a30d-42d5-83cb-bf6143bcc91d: 192 groups; 4.1 s; peak memory 1205 MiB.
2026-10-05T05:16:18Z INFO [593/900] 3d7dd5f1-ed42-4fb3-948d-b12b69ae2bfb: 48 groups; 3.6 s; peak memory 1205 MiB.
2026-10-05T05:16:19Z INFO [594/900] 3d7e30e5-ed1c-444f-90ff-34602f7097b9: 22 groups; 1.5 s; peak memory 1205 MiB.
2026-10-05T05:16:41Z INFO [595/900] 3d7e43c6-3f43-405f-8905-0aaae4c097b4: 287 groups; 22.0 s; peak memory 1205 MiB.
2026-10-05T05:16:48Z INFO [596/900] 3d7e8ffd-7dac-417d-8641-a47651bc5ace: 71 groups; 6.6 s; peak memory 1205 MiB.
2026-10-05T05:16:50Z INFO [597/900] 3d7eaaef-bc0a-499b-ba00-450613b79e87: 195 groups; 2.0 s; peak memory 1205 MiB.
2026-10-05T05:16:52Z INFO [598/900] 3d804247-d048-4751-b0b6-61604895fac5: 203 groups; 2.3 s; peak memory 1205 MiB.
2026-10-05T05:17:04Z INFO [599/900] 3d807751-7056-464b-918c-207b09ca58ea: 183 groups; 11.6 s; peak memory 1205 MiB.
2026-10-05T05:17:06Z INFO [600/900] 3d80b520-5f6b-4b90-ac1a-3e54a43a6825: 34 groups; 2.3 s; peak memory 1205 MiB.
2026-10-05T05:17:06Z INFO [600/900] 3d80b520-5f6b-4b90-ac1a-3e54a43a6825: checkpointed 76636 records.
2026-10-05T05:17:13Z INFO [601/900] 3d80c4d3-d136-4a61-a8f1-93a485484bc6: 128 groups; 6.4 s; peak memory 1205 MiB.
2026-10-05T05:17:15Z INFO [602/900] 3d82da97-0a26-488a-9cf7-5630ba4909bd: 32 groups; 1.8 s; peak memory 1205 MiB.
2026-10-05T05:22:06Z INFO [603/900] 3d842962-6de1-43e1-8ff6-01f266a1030a: 64 groups; 291.8 s; peak memory 1205 MiB.
2026-10-05T05:22:08Z INFO [604/900] 3d84be50-eae5-4d46-bab0-fd6f767aaeed: 28 groups; 1.5 s; peak memory 1205 MiB.
2026-10-05T05:22:10Z INFO [605/900] 3d84c6b0-47b3-4796-a109-0213537dbe1b: 32 groups; 1.6 s; peak memory 1205 MiB.
2026-10-05T05:23:55Z INFO [606/900] 3d859d6a-1f5f-4354-a4f6-f7e85502026f: 33 groups; 105.3 s; peak memory 1205 MiB.
2026-10-05T05:23:56Z INFO [607/900] 3d860371-7331-4080-a5e0-d6ce068207cc: 22 groups; 1.5 s; peak memory 1205 MiB.
2026-10-05T05:23:58Z INFO [608/900] 3d862389-7656-40d5-b715-acd253db0ca5: 22 groups; 1.5 s; peak memory 1205 MiB.
2026-10-05T05:26:59Z INFO [609/900] 3d87af76-2e90-4ce0-8d3e-bdc70cec5b11: 60 groups; 181.0 s; peak memory 1205 MiB.
2026-10-05T05:27:00Z INFO [610/900] 3d88a110-a94e-4af2-a6bc-ded427b16ccd: 22 groups; 1.5 s; peak memory 1205 MiB.
2026-10-05T05:27:02Z INFO [611/900] 3d88f7eb-d1d8-41f5-b6dd-179429c50975: 22 groups; 1.4 s; peak memory 1205 MiB.
2026-10-05T05:27:03Z INFO [612/900] 3d891e19-6ab5-4e89-afff-7b7e6b03eeab: 32 groups; 1.6 s; peak memory 1205 MiB.
2026-10-05T05:27:05Z INFO [613/900] 3d8955b2-c545-4ac9-86fb-352887e2b2be: 35 groups; 2.0 s; peak memory 1205 MiB.
2026-10-05T05:27:13Z INFO [614/900] 3d8986a8-dae8-4044-9094-516e91c0109b: 47 groups; 7.3 s; peak memory 1205 MiB.
2026-10-05T05:27:14Z INFO [615/900] 3d89a924-4ac2-46a8-b372-e1cb3851e423: 16 groups; 1.0 s; peak memory 1205 MiB.
2026-10-05T05:27:16Z INFO [616/900] 3d8aebe2-60b3-4de5-b459-83471c37b9ad: 204 groups; 2.6 s; peak memory 1205 MiB.
2026-10-05T05:27:18Z INFO [617/900] 3d8b6ba7-6a97-48ba-9cb2-fafd0b07806f: 194 groups; 1.9 s; peak memory 1205 MiB.
2026-10-05T05:27:19Z INFO [618/900] 3d8bbdf9-08da-4a62-be78-63f5452c364b: 16 groups; 1.0 s; peak memory 1205 MiB.
2026-10-05T05:27:21Z INFO [619/900] 3d8bd148-5598-4858-b374-a63e0a759291: 32 groups; 1.7 s; peak memory 1205 MiB.
2026-10-05T05:27:22Z INFO [620/900] 3d8c09c2-701c-4473-acf4-17b463ecfa62: 22 groups; 1.4 s; peak memory 1205 MiB.
2026-10-05T05:27:30Z INFO [621/900] 3d8c91a5-703c-4d84-88c5-cb08a0f1838c: 105 groups; 7.5 s; peak memory 1205 MiB.
2026-10-05T05:27:33Z INFO [622/900] 3d8d07b8-81c2-4f59-9884-29138339cc01: 48 groups; 3.1 s; peak memory 1205 MiB.
2026-10-05T05:27:34Z INFO [623/900] 3d8d1d87-620d-4647-b3d5-920ad2d510e0: 25 groups; 1.6 s; peak memory 1205 MiB.
2026-10-05T05:27:36Z INFO [624/900] 3d8d3bc3-e096-46aa-8ed1-21fd87c05e62: 28 groups; 1.3 s; peak memory 1205 MiB.
2026-10-05T05:27:37Z INFO [625/900] 3d8dd4f4-ff3a-4f09-859c-5d0fcecc70f7: 16 groups; 1.1 s; peak memory 1205 MiB.
2026-10-05T05:27:38Z INFO [626/900] 3d8e1b22-8764-448c-bc28-22d27c9434f0: 29 groups; 1.4 s; peak memory 1205 MiB.
2026-10-05T05:27:40Z INFO [627/900] 3d8e1d31-06de-451e-8183-14e46993e474: 33 groups; 1.8 s; peak memory 1205 MiB.
2026-10-05T05:27:41Z INFO [628/900] 3d8f9bd2-33f7-4149-a428-1957e2475d02: 22 groups; 1.5 s; peak memory 1205 MiB.
2026-10-05T05:27:43Z INFO [629/900] 3d901c8a-df6a-4fd5-b6ed-8921bcce9e6d: 99 groups; 1.7 s; peak memory 1205 MiB.
2026-10-05T05:27:46Z INFO [630/900] 3d903aee-9332-4293-95e0-e2c320673574: 573 groups; 2.9 s; peak memory 1205 MiB.
2026-10-05T05:27:48Z INFO [631/900] 3d90d29a-0b5d-4f37-999f-67142b210c28: 32 groups; 1.8 s; peak memory 1205 MiB.
2026-10-05T05:27:51Z INFO [632/900] 3d90df6f-48f8-44ef-a5e3-5117195e1af2: 64 groups; 3.5 s; peak memory 1205 MiB.
2026-10-05T05:27:53Z INFO [633/900] 3d90f07c-da88-4244-a9db-a1a777358ead: 32 groups; 1.8 s; peak memory 1205 MiB.
2026-10-05T05:27:55Z INFO [634/900] 3d91d61f-a26d-4313-949d-b9e578f60f4d: 22 groups; 1.5 s; peak memory 1205 MiB.
2026-10-05T05:27:56Z INFO [635/900] 3d92cd39-6b01-471b-9aae-3db6e6dea804: 22 groups; 1.5 s; peak memory 1205 MiB.
2026-10-05T05:27:58Z INFO [636/900] 3d93ec0c-40c1-44e2-b8c1-cfbcb432e78f: 32 groups; 1.8 s; peak memory 1205 MiB.
2026-10-05T05:27:59Z INFO [637/900] 3d959b3b-f148-482c-9abb-68f7ea4b6299: 24 groups; 0.9 s; peak memory 1205 MiB.
2026-10-05T05:28:01Z INFO [638/900] 3d96051f-f309-47fa-a603-bc067f4f41b2: 196 groups; 1.8 s; peak memory 1205 MiB.
2026-10-05T05:28:02Z INFO [639/900] 3d96332c-257f-48ab-9221-a3a408db5509: 31 groups; 1.3 s; peak memory 1205 MiB.
2026-10-05T05:28:03Z INFO [640/900] 3d96380b-2216-4c12-b045-b3fb3c9a4b32: 32 groups; 1.6 s; peak memory 1205 MiB.
2026-10-05T05:28:05Z INFO [641/900] 3d96c021-046f-4088-94c7-51eed04b0d87: 22 groups; 1.5 s; peak memory 1205 MiB.
2026-10-05T05:28:41Z INFO [642/900] 3d97c766-3db7-498a-aa67-79f486f4d41a: 24 groups; 35.9 s; peak memory 1205 MiB.
2026-10-05T05:28:42Z INFO [643/900] 3d987811-4b23-41af-a996-d8e1556560f6: 17 groups; 1.3 s; peak memory 1205 MiB.
2026-10-05T05:28:44Z INFO [644/900] 3d989dcb-f5e1-4cf5-8b8f-51eb90175a1d: 203 groups; 2.0 s; peak memory 1205 MiB.
2026-10-05T05:28:46Z INFO [645/900] 3d99e9f3-aaf8-404e-aab3-8a3eb016a5c4: 32 groups; 1.9 s; peak memory 1205 MiB.
2026-10-05T05:28:47Z INFO [646/900] 3d9b0a83-d4e9-46aa-aad9-24234a8dcfa0: 22 groups; 1.4 s; peak memory 1205 MiB.
2026-10-05T05:28:48Z INFO [647/900] 3d9b5699-bc2d-4615-a3d5-5de0e8a64e69: 31 groups; 1.1 s; peak memory 1205 MiB.
2026-10-05T05:28:55Z INFO [648/900] 3d9b9c88-ee05-44fd-948b-f49750aaa667: 105 groups; 6.9 s; peak memory 1205 MiB.
2026-10-05T05:28:56Z INFO [649/900] 3d9c41c2-b1a6-4c97-a1ec-0bc9539743e3: 16 groups; 1.1 s; peak memory 1205 MiB.
2026-10-05T05:29:10Z INFO [650/900] 3d9d6b87-3426-428c-9f84-9b5a87478815: 39 groups; 13.1 s; peak memory 1205 MiB.
2026-10-05T05:29:10Z INFO [650/900] 3d9d6b87-3426-428c-9f84-9b5a87478815: checkpointed 76686 records.
2026-10-05T05:29:12Z INFO [651/900] 3d9e047d-0fce-4674-8532-96402e42c46f: 36 groups; 2.1 s; peak memory 1205 MiB.
2026-10-05T05:29:14Z INFO [652/900] 3d9e11fd-afe6-4ec6-a1df-2a83ccdb595c: 32 groups; 1.7 s; peak memory 1205 MiB.
2026-10-05T05:29:36Z INFO [653/900] 3d9eba63-75fd-47fd-ad94-250801ac4cab: 1251 groups; 22.2 s; peak memory 1205 MiB.
2026-10-05T05:29:37Z INFO [654/900] 3d9ec76e-c5fe-4a13-9c2a-768891cc3bf9: 28 groups; 1.5 s; peak memory 1205 MiB.
2026-10-05T05:29:40Z INFO [655/900] 3d9fb82c-bea6-4d13-8816-23c8358b77df: 35 groups; 2.3 s; peak memory 1205 MiB.
2026-10-05T05:30:05Z INFO [656/900] 3d9fd4bc-c5ca-4653-b7d5-af63e389dad5: 276 groups; 25.8 s; peak memory 1205 MiB.
2026-10-05T05:30:07Z INFO [657/900] 3da13f5a-2e20-437a-9e6e-add89868813d: 35 groups; 1.4 s; peak memory 1205 MiB.
2026-10-05T05:30:09Z INFO [658/900] 3da1d728-7c3d-4222-9237-17fc68f47ebe: 29 groups; 1.7 s; peak memory 1205 MiB.
2026-10-05T05:30:10Z INFO [659/900] 3da227c0-7170-4cd0-ac0b-3e936fb4c7a4: 22 groups; 1.6 s; peak memory 1205 MiB.
2026-10-05T05:30:11Z INFO [660/900] 3da24acf-55f5-4af4-9619-ccf64b2e85f3: 39 groups; 1.4 s; peak memory 1205 MiB.
2026-10-05T05:30:14Z INFO [661/900] 3da26930-a7c7-46b5-95cb-78dd1fc26187: 195 groups; 2.0 s; peak memory 1205 MiB.
2026-10-05T05:30:47Z INFO [662/900] 3da32bca-020a-44d6-b59d-cda08f4ee96c: 218 groups; 33.1 s; peak memory 1205 MiB.
2026-10-05T05:30:50Z INFO [663/900] 3da38ce2-51b6-4ee1-b9f8-389b8f18449a: 44 groups; 3.1 s; peak memory 1205 MiB.
2026-10-05T05:30:51Z INFO [664/900] 3da452ea-e87f-4a25-ba1d-527fc0882950: 33 groups; 1.4 s; peak memory 1205 MiB.
2026-10-05T05:31:11Z INFO [665/900] 3da4e9cc-48c0-4fae-8ee3-572edd9c928e: 232 groups; 20.0 s; peak memory 1205 MiB.
2026-10-05T05:31:13Z INFO [666/900] 3da53cec-6011-4d2f-9e73-3e61a3f3e4d1: 32 groups; 1.7 s; peak memory 1205 MiB.
2026-10-05T05:31:15Z INFO [667/900] 3da5955e-8346-4a18-a985-4bfb8a0110b4: 32 groups; 1.6 s; peak memory 1205 MiB.
2026-10-05T05:31:16Z INFO [668/900] 3da6f2ac-ea83-4852-929d-f8c3ba2443d9: 32 groups; 1.7 s; peak memory 1205 MiB.
2026-10-05T05:31:18Z INFO [669/900] 3da70996-7234-470e-8388-3b596e5112fb: 32 groups; 1.4 s; peak memory 1205 MiB.
2026-10-05T05:31:20Z INFO [670/900] 3da729ca-01ea-4808-8661-d37623afab6f: 52 groups; 2.0 s; peak memory 1205 MiB.
2026-10-05T05:31:21Z INFO [671/900] 3da738ce-8f2a-4f27-8413-ed810f02ae81: 25 groups; 1.6 s; peak memory 1205 MiB.
2026-10-05T05:31:23Z INFO [672/900] 3da74127-918b-442b-9166-c571e949d79e: 22 groups; 1.4 s; peak memory 1205 MiB.
2026-10-05T05:31:24Z INFO [673/900] 3da8bb06-2f4a-4dc2-b42e-b61bdf2c733d: 22 groups; 1.4 s; peak memory 1205 MiB.
2026-10-05T05:31:30Z INFO [674/900] 3daa9b5e-3ec2-4ca8-8329-4fc850186693: 135 groups; 5.3 s; peak memory 1205 MiB.
2026-10-05T05:31:32Z INFO [675/900] 3daabe22-37f6-4109-95d4-d6888512354d: 29 groups; 2.2 s; peak memory 1205 MiB.
2026-10-05T05:31:33Z INFO [676/900] 3daadcae-6a13-477c-bffb-46b600951ab4: 22 groups; 1.4 s; peak memory 1205 MiB.
2026-10-05T05:31:35Z INFO [677/900] 3dab236c-b5f9-4097-b89e-cd494f48426b: 336 groups; 2.3 s; peak memory 1205 MiB.
2026-10-05T05:32:00Z INFO [678/900] 3dad3f2f-5808-4cf4-9057-5bd1705fd05d: 1620 groups; 24.7 s; peak memory 1205 MiB.
2026-10-05T05:32:02Z INFO [679/900] 3dadb32f-291e-466a-be60-51fff645de63: 22 groups; 1.4 s; peak memory 1205 MiB.
2026-10-05T05:32:03Z INFO [680/900] 3dadc8f8-71ef-4487-b76d-8383583da034: 32 groups; 1.7 s; peak memory 1205 MiB.
2026-10-05T05:32:05Z INFO [681/900] 3dae4164-9e04-4343-9816-0d4a88f46132: 22 groups; 1.5 s; peak memory 1205 MiB.
2026-10-05T05:32:06Z INFO [682/900] 3daea243-d13f-4a0f-91a9-0fe66fe53662: 22 groups; 1.4 s; peak memory 1205 MiB.
2026-10-05T05:32:07Z INFO [683/900] 3daf69d0-db50-4b8d-8767-21cf4987a920: 22 groups; 1.4 s; peak memory 1205 MiB.
2026-10-05T05:32:11Z INFO [684/900] 3dafb48e-8996-4546-b3d7-013a874a044d: 62 groups; 3.9 s; peak memory 1205 MiB.
2026-10-05T05:32:13Z INFO [685/900] 3dafde6b-e846-483e-8638-df3dd6d8024a: 22 groups; 1.5 s; peak memory 1205 MiB.
2026-10-05T05:32:14Z INFO [686/900] 3dafe5f4-704d-441b-90f5-8e1e3df03d5c: 22 groups; 1.4 s; peak memory 1205 MiB.
2026-10-05T05:32:15Z INFO [687/900] 3db0c6f0-a6d6-405b-98d4-add750609a63: 22 groups; 1.2 s; peak memory 1205 MiB.
2026-10-05T05:32:17Z INFO [688/900] 3db105c6-05b2-4302-966b-dade5b431d6f: 32 groups; 1.8 s; peak memory 1205 MiB.
2026-10-05T05:32:37Z INFO [689/900] 3db10eac-efe0-4475-abff-e61655590218: 27 groups; 19.3 s; peak memory 1205 MiB.
2026-10-05T05:32:38Z INFO [690/900] 3db13df8-46ae-4beb-9903-898433782a51: 22 groups; 1.1 s; peak memory 1205 MiB.
2026-10-05T05:32:39Z INFO [691/900] 3db1451f-ee1a-4b1c-ab3a-3f6a79a79f9f: 35 groups; 1.7 s; peak memory 1205 MiB.
2026-10-05T05:32:41Z INFO [692/900] 3db1c451-f5c3-4502-a12b-6896b2a3e05c: 32 groups; 2.0 s; peak memory 1205 MiB.
2026-10-05T05:32:44Z INFO [693/900] 3db1ecfd-ef96-4d05-bf9e-4a87c3cb29f2: 341 groups; 2.8 s; peak memory 1205 MiB.
2026-10-05T05:32:46Z INFO [694/900] 3db2220e-95bf-473b-b80e-d66b2a8e57f7: 32 groups; 1.7 s; peak memory 1205 MiB.
2026-10-05T05:32:48Z INFO [695/900] 3db23708-671b-40d9-bd42-f0bb92cb2c4b: 26 groups; 2.3 s; peak memory 1205 MiB.
2026-10-05T05:32:49Z INFO [696/900] 3db25db0-aed6-42c4-a2f7-c554a646c958: 22 groups; 1.3 s; peak memory 1205 MiB.
2026-10-05T05:32:52Z INFO [697/900] 3db3394e-7aaf-4c1c-8ee4-84c83145e250: 35 groups; 2.3 s; peak memory 1205 MiB.
2026-10-05T05:32:53Z INFO [698/900] 3db38561-156c-4c84-9f96-03f62d685e69: 32 groups; 1.8 s; peak memory 1205 MiB.
2026-10-05T05:33:34Z INFO [699/900] 3db608bf-ed78-45b4-8bae-a29a4c993f4a: 17 groups; 40.6 s; peak memory 1205 MiB.
2026-10-05T05:33:36Z INFO [700/900] 3db62732-94d5-4c74-b219-b4d73485f56c: 36 groups; 1.7 s; peak memory 1205 MiB.
2026-10-05T05:33:36Z INFO [700/900] 3db62732-94d5-4c74-b219-b4d73485f56c: checkpointed 76736 records.
2026-10-05T05:33:38Z INFO [701/900] 3db68b7a-6ae4-4389-afdc-0e411c8f4c1d: 203 groups; 2.1 s; peak memory 1205 MiB.
2026-10-05T05:33:40Z INFO [702/900] 3db71d43-1110-4641-bf6e-bda38a69099f: 32 groups; 1.5 s; peak memory 1205 MiB.
2026-10-05T05:33:42Z INFO [703/900] 3db72de9-2504-43c7-aa16-93f36ae8704c: 31 groups; 2.2 s; peak memory 1205 MiB.
2026-10-05T05:33:50Z INFO [704/900] 3db7afb2-54bc-454f-bf0c-bc05872bc9dd: 269 groups; 8.0 s; peak memory 1205 MiB.
2026-10-05T05:33:52Z INFO [705/900] 3db84200-756f-4729-ac33-a93484acba4b: 336 groups; 2.1 s; peak memory 1205 MiB.
2026-10-05T05:33:55Z INFO [706/900] 3db89c7a-7084-41fa-b098-8def679c627b: 33 groups; 2.8 s; peak memory 1205 MiB.
2026-10-05T05:34:32Z INFO [707/900] 3db8ad01-386b-4d99-9614-c449ad2aa650: 488 groups; 37.4 s; peak memory 1205 MiB.
2026-10-05T05:34:34Z INFO [708/900] 3db8ea70-f4b1-4d97-8617-2b90070c1d14: 34 groups; 1.8 s; peak memory 1205 MiB.
2026-10-05T05:34:35Z INFO [709/900] 3db98532-32d4-412b-8bf5-5be01c896872: 32 groups; 1.5 s; peak memory 1205 MiB.
2026-10-05T05:34:37Z INFO [710/900] 3db9f663-9180-4e93-9c21-a1b343fedc9b: 256 groups; 1.8 s; peak memory 1205 MiB.
2026-10-05T05:34:39Z INFO [711/900] 3dba252b-bcbc-4d0b-b0bd-750cb9689d17: 22 groups; 1.4 s; peak memory 1205 MiB.
2026-10-05T05:34:40Z INFO [712/900] 3dba4f96-51de-4ff7-b884-588702d77473: 16 groups; 1.1 s; peak memory 1205 MiB.
2026-10-05T05:34:42Z INFO [713/900] 3dbaa1aa-748b-434b-ae22-fa5bb3dce330: 35 groups; 2.1 s; peak memory 1205 MiB.
2026-10-05T05:34:46Z INFO [714/900] 3dbc6369-b269-4c73-94fa-64ae34864abb: 50 groups; 4.3 s; peak memory 1205 MiB.
2026-10-05T05:34:50Z INFO [715/900] 3dbcfffb-3492-40fa-a422-fe3206af076b: 54 groups; 3.3 s; peak memory 1205 MiB.
2026-10-05T05:34:52Z INFO [716/900] 3dbd1649-3c8d-4a35-bc2f-5b8b41969bcf: 32 groups; 2.0 s; peak memory 1205 MiB.
2026-10-05T05:34:53Z INFO [717/900] 3dbd74b8-9c1d-4804-b548-bd4ce5bdf200: 25 groups; 1.9 s; peak memory 1205 MiB.
2026-10-05T05:34:55Z INFO [718/900] 3dbe7c4d-cc5c-496d-a959-6e7200c3aa8f: 32 groups; 1.7 s; peak memory 1205 MiB.
2026-10-05T05:34:57Z INFO [719/900] 3dbf1d3d-9917-4d28-a139-c9b4dbe25f8e: 22 groups; 1.4 s; peak memory 1205 MiB.
2026-10-05T05:35:03Z INFO [720/900] 3dbf7a9b-8094-4d13-8000-6aa9a69b7437: 75 groups; 6.4 s; peak memory 1205 MiB.
2026-10-05T05:35:04Z INFO [721/900] 3dbf807b-7260-449c-b8a8-878226a76a71: 28 groups; 1.3 s; peak memory 1205 MiB.
2026-10-05T05:35:06Z INFO [722/900] 3dbfd83c-c8cf-4730-a551-c45a0e38f880: 99 groups; 1.7 s; peak memory 1205 MiB.
2026-10-05T05:35:08Z INFO [723/900] 3dc060fb-dddf-47c9-bb7b-baea996f4e95: 34 groups; 1.8 s; peak memory 1205 MiB.
2026-10-05T05:35:09Z INFO [724/900] 3dc16a26-de6d-49df-ab0e-519175c4a81e: 22 groups; 1.3 s; peak memory 1205 MiB.
2026-10-05T05:35:11Z INFO [725/900] 3dc1fe0a-a378-409b-aba6-95897f0a4997: 21 groups; 1.7 s; peak memory 1205 MiB.
2026-10-05T05:35:37Z INFO [726/900] 3dc21d6e-e087-4b18-93ea-7f061d4db593: 23 groups; 26.5 s; peak memory 1205 MiB.
2026-10-05T05:35:39Z INFO [727/900] 3dc22ff0-65d2-4088-a4cb-8651112f4580: 25 groups; 1.3 s; peak memory 1205 MiB.
2026-10-05T05:35:40Z INFO [728/900] 3dc29fc7-aafd-458b-8ffb-c81fcf8827fc: 35 groups; 2.0 s; peak memory 1205 MiB.
2026-10-05T05:35:42Z INFO [729/900] 3dc2dacc-52bc-4eb7-b74f-392837c7036c: 25 groups; 1.8 s; peak memory 1205 MiB.
2026-10-05T05:35:56Z INFO [730/900] 3dc344f1-6ddb-431b-b947-7990ab613fe0: 80 groups; 14.1 s; peak memory 1205 MiB.
2026-10-05T05:36:24Z INFO [731/900] 3dc354af-6b83-4b4a-b91e-dae50e00dca0: 232 groups; 27.8 s; peak memory 1205 MiB.
2026-10-05T05:36:26Z INFO [732/900] 3dc44ec7-4dd4-4c11-a841-45096fb19d3f: 35 groups; 1.6 s; peak memory 1205 MiB.
2026-10-05T05:36:28Z INFO [733/900] 3dc4929b-026e-46cd-9bdc-e8ed186ad1ea: 48 groups; 2.7 s; peak memory 1205 MiB.
2026-10-05T05:36:30Z INFO [734/900] 3dc589af-d5f0-4eb2-89f7-3a2b5a5a623d: 35 groups; 1.9 s; peak memory 1205 MiB.
2026-10-05T05:36:32Z INFO [735/900] 3dc5addf-e0e4-456b-8305-9992b4b197ef: 35 groups; 2.1 s; peak memory 1205 MiB.
2026-10-05T05:36:35Z INFO [736/900] 3dc5d2df-1bc0-4ef7-98fa-6dfc034ca186: 207 groups; 2.5 s; peak memory 1205 MiB.
2026-10-05T05:36:36Z INFO [737/900] 3dc63f0b-cbfe-4b67-82f5-26e9d9152c6f: 22 groups; 1.5 s; peak memory 1205 MiB.
2026-10-05T05:36:38Z INFO [738/900] 3dc6ad9c-4e9b-4037-bb86-cd6a821891aa: 22 groups; 1.3 s; peak memory 1205 MiB.
2026-10-05T05:36:40Z INFO [739/900] 3dc817e0-9b86-45f6-858d-0c66db586686: 32 groups; 1.9 s; peak memory 1205 MiB.
2026-10-05T05:36:44Z INFO [740/900] 3dc842fc-0241-4dc1-9d6a-7c63ee005fbb: 50 groups; 4.0 s; peak memory 1205 MiB.
2026-10-05T05:36:45Z INFO [741/900] 3dc861f0-0784-46b8-9906-f3b4cd55bf84: 22 groups; 1.4 s; peak memory 1205 MiB.
2026-10-05T05:36:47Z INFO [742/900] 3dc8b760-50a9-4357-9408-0fa70cff7dbb: 39 groups; 1.9 s; peak memory 1205 MiB.
2026-10-05T05:36:49Z INFO [743/900] 3dc90878-f8a6-4b72-b3ad-f8202616af0c: 33 groups; 2.0 s; peak memory 1205 MiB.
2026-10-05T05:36:55Z INFO [744/900] 3dc90e5f-b810-43b5-8ba2-765d5401332a: 73 groups; 6.5 s; peak memory 1205 MiB.
2026-10-05T05:36:57Z INFO [745/900] 3dc92fdf-21f4-4930-a086-06cd8abe3862: 25 groups; 1.6 s; peak memory 1205 MiB.
2026-10-05T05:36:58Z INFO [746/900] 3dc95275-8af3-4310-8ef0-9e4ab7fde44b: 31 groups; 1.3 s; peak memory 1205 MiB.
2026-10-05T05:37:00Z INFO [747/900] 3dc99ea0-3176-4179-8b05-0e5336d4b9cd: 32 groups; 1.7 s; peak memory 1205 MiB.
2026-10-05T05:37:04Z INFO [748/900] 3dca6386-794b-49cb-b96d-35dc068d66a6: 50 groups; 4.4 s; peak memory 1205 MiB.
2026-10-05T05:37:06Z INFO [749/900] 3dcb5386-21f6-4383-ac5a-5b4391e0d0fc: 32 groups; 1.7 s; peak memory 1205 MiB.
2026-10-05T05:37:09Z INFO [750/900] 3dcba052-7ed7-4d34-8f99-0f15103ef28b: 206 groups; 2.5 s; peak memory 1205 MiB.
2026-10-05T05:37:09Z INFO [750/900] 3dcba052-7ed7-4d34-8f99-0f15103ef28b: checkpointed 76786 records.
2026-10-05T05:37:11Z INFO [751/900] 3dcbe673-e558-416e-808e-f4cf36dce2ab: 32 groups; 2.0 s; peak memory 1205 MiB.
2026-10-05T05:37:13Z INFO [752/900] 3dcd078a-98a6-4457-8ec8-88c04b848e99: 32 groups; 1.8 s; peak memory 1205 MiB.
2026-10-05T05:37:14Z INFO [753/900] 3dcdbac3-bc62-42a6-b1ce-5ec08a4e74df: 256 groups; 1.8 s; peak memory 1205 MiB.
2026-10-05T05:37:18Z INFO [754/900] 3dce9d07-b250-454f-b8cd-85ee5cb46f8b: 79 groups; 4.0 s; peak memory 1205 MiB.
2026-10-05T05:37:20Z INFO [755/900] 3dcf6506-b0dd-4433-be65-e832498bafe0: 30 groups; 1.7 s; peak memory 1205 MiB.
2026-10-05T05:37:21Z INFO [756/900] 3dcf703f-0a5d-4dcc-ad69-1be03d0fb425: 18 groups; 1.3 s; peak memory 1205 MiB.
2026-10-05T05:37:24Z INFO [757/900] 3dcf9a48-9248-4e8c-b21e-894c44d7946b: 30 groups; 2.9 s; peak memory 1205 MiB.
2026-10-05T05:37:27Z INFO [758/900] 3dcfa5d3-b6cc-4049-b317-9d7771939b9c: 17 groups; 3.1 s; peak memory 1205 MiB.
2026-10-05T05:37:58Z INFO [759/900] 3dd020b1-0e39-444a-813e-e075d6c498ee: 23 groups; 30.9 s; peak memory 1205 MiB.
2026-10-05T05:38:12Z INFO [760/900] 3dd0c9ef-660b-45f3-a5ca-91c1d05cb32c: 196 groups; 13.4 s; peak memory 1205 MiB.
2026-10-05T05:38:13Z INFO [761/900] 3dd0dd4a-fce6-4f48-a8d7-6680857db164: 26 groups; 1.5 s; peak memory 1205 MiB.
2026-10-05T05:38:15Z INFO [762/900] 3dd127d6-0b77-4154-a183-bb4b8f0aff15: 35 groups; 2.2 s; peak memory 1205 MiB.
2026-10-05T05:38:17Z INFO [763/900] 3dd1b993-563b-4e12-b5fd-4c3d0565511b: 202 groups; 2.1 s; peak memory 1205 MiB.
2026-10-05T05:40:47Z INFO [764/900] 3dd20f7e-7277-4529-b339-53ac66cea64f: 60 groups; 149.8 s; peak memory 1205 MiB.
2026-10-05T05:40:49Z INFO [765/900] 3dd236a8-11f3-427f-b216-b2da86d6fd4d: 29 groups; 2.2 s; peak memory 1205 MiB.
2026-10-05T05:40:51Z INFO [766/900] 3dd236cc-e806-4bbf-935c-2feffbcb21e6: 32 groups; 1.9 s; peak memory 1205 MiB.
2026-10-05T05:40:54Z INFO [767/900] 3dd3c46e-75e7-4c84-ac90-81429c1a0d9d: 35 groups; 2.9 s; peak memory 1205 MiB.
2026-10-05T05:40:56Z INFO [768/900] 3dd43b89-db20-4c0a-b1fb-8724e9d0601e: 22 groups; 1.4 s; peak memory 1205 MiB.
2026-10-05T05:40:57Z INFO [769/900] 3dd475e1-f8d5-497d-8fe3-d569be0cf7d7: 22 groups; 1.5 s; peak memory 1205 MiB.
2026-10-05T05:40:58Z INFO [770/900] 3dd505a9-006a-4c9b-aaa7-8694a88967cd: 16 groups; 1.1 s; peak memory 1205 MiB.
2026-10-05T05:41:00Z INFO [771/900] 3dd50f21-2e95-41ea-b7d6-dc961ab3983f: 34 groups; 1.8 s; peak memory 1205 MiB.
2026-10-05T05:41:16Z INFO [772/900] 3dd58fa6-0326-4372-8e8b-c07b8eeb7c22: 211 groups; 16.2 s; peak memory 1205 MiB.
2026-10-05T05:41:18Z INFO [773/900] 3dd66d6b-3978-42b1-bc26-24341238adb5: 32 groups; 1.6 s; peak memory 1205 MiB.
2026-10-05T05:41:28Z INFO [774/900] 3dd783ff-e18d-41f0-bbf5-b3bfd5edaf02: 188 groups; 9.9 s; peak memory 1205 MiB.
2026-10-05T05:41:40Z INFO [775/900] 3dd7c947-eb09-4ded-9073-a59ef5d908c6: 29 groups; 12.6 s; peak memory 1205 MiB.
2026-10-05T05:41:42Z INFO [776/900] 3dd816fd-9209-42b3-88d9-e9802ef72ff3: 22 groups; 1.5 s; peak memory 1205 MiB.
2026-10-05T05:41:45Z INFO [777/900] 3dd86643-8ee3-4d19-889e-c258102e0b10: 42 groups; 3.1 s; peak memory 1205 MiB.
2026-10-05T05:41:46Z INFO [778/900] 3dd8a2a0-067d-40b5-becc-cbfbb0ef1119: 17 groups; 1.2 s; peak memory 1205 MiB.
2026-10-05T05:41:48Z INFO [779/900] 3dd95987-4e55-409e-925f-ec495c18e231: 32 groups; 2.0 s; peak memory 1205 MiB.
2026-10-05T05:41:50Z INFO [780/900] 3dd9a2e6-0334-4f0d-a7da-72aecbfaf488: 32 groups; 1.7 s; peak memory 1205 MiB.
2026-10-05T05:41:52Z INFO [781/900] 3ddb1ded-65b6-48a3-bad5-54370a985928: 202 groups; 1.9 s; peak memory 1205 MiB.
2026-10-05T05:41:53Z INFO [782/900] 3ddb471d-f71c-4c52-806a-7ef456a6b44c: 22 groups; 1.4 s; peak memory 1205 MiB.
2026-10-05T05:41:57Z INFO [783/900] 3ddbb40d-284e-4e6f-a650-e4593326771c: 91 groups; 4.2 s; peak memory 1205 MiB.
2026-10-05T05:42:05Z INFO [784/900] 3ddbbd06-3057-40b1-9ded-9d3ecbba636c: 53 groups; 7.8 s; peak memory 1205 MiB.
2026-10-05T05:42:07Z INFO [785/900] 3ddc0b96-6bc9-43d0-9aef-bfa070221cb4: 33 groups; 2.0 s; peak memory 1205 MiB.
2026-10-05T05:42:14Z INFO [786/900] 3ddc3c61-4c26-4135-8de0-9695a0df023f: 131 groups; 7.0 s; peak memory 1205 MiB.
2026-10-05T05:42:16Z INFO [787/900] 3ddc6153-446a-4c68-88f7-a5142d4e2e73: 32 groups; 1.7 s; peak memory 1205 MiB.
2026-10-05T05:44:45Z INFO [788/900] 3ddc7902-054c-4f6d-8303-3373de21d124: 80 groups; 149.4 s; peak memory 1205 MiB.
2026-10-05T05:45:10Z INFO [789/900] 3ddd1522-9d72-40dc-a8c9-258ece6f6dec: 23 groups; 24.8 s; peak memory 1205 MiB.
2026-10-05T05:45:12Z INFO [790/900] 3dddcbb6-99c7-4286-be15-74321af3d21d: 201 groups; 1.9 s; peak memory 1205 MiB.
2026-10-05T05:45:17Z INFO [791/900] 3dddd8eb-0a07-4958-bf7d-a32ab98e18aa: 22 groups; 4.6 s; peak memory 1205 MiB.
2026-10-05T05:45:18Z INFO [792/900] 3dde4702-a0f5-4a5e-a908-d5ed52baed34: 31 groups; 1.4 s; peak memory 1205 MiB.
2026-10-05T05:45:55Z INFO [793/900] 3dde7bb2-9215-403d-a8ca-9104888072ae: 17 groups; 36.9 s; peak memory 1205 MiB.
2026-10-05T05:45:56Z INFO [794/900] 3ddedfc8-2999-4ab5-8944-382e94680f32: 32 groups; 1.5 s; peak memory 1205 MiB.
2026-10-05T05:45:59Z INFO [795/900] 3ddfc33a-ab72-4ddb-8701-ccfd35ef742c: 200 groups; 2.4 s; peak memory 1205 MiB.
2026-10-05T05:46:01Z INFO [796/900] 3ddfd359-589d-49a8-9a4f-31145e1cc1a3: 32 groups; 1.7 s; peak memory 1205 MiB.
2026-10-05T05:46:03Z INFO [797/900] 3de19d0e-1d9c-4d34-8b3e-42d18d210d23: 194 groups; 2.1 s; peak memory 1205 MiB.
2026-10-05T05:48:54Z INFO [798/900] 3de356e8-ed14-4a82-8623-565985f11bc2: 37 groups; 171.3 s; peak memory 1205 MiB.
2026-10-05T05:48:55Z INFO [799/900] 3de49fcb-2fba-4ae7-9870-c13cceeb1394: 16 groups; 1.1 s; peak memory 1205 MiB.
2026-10-05T05:51:51Z INFO [800/900] 3de60c22-77dc-45dd-98a1-fb266effa0e2: 77 groups; 176.4 s; peak memory 1205 MiB.
2026-10-05T05:51:52Z INFO [800/900] 3de60c22-77dc-45dd-98a1-fb266effa0e2: checkpointed 76836 records.
2026-10-05T05:51:56Z INFO [801/900] 3de7014f-de51-400d-aca9-9841fbc05dbb: 62 groups; 4.6 s; peak memory 1205 MiB.
2026-10-05T05:51:58Z INFO [802/900] 3de90aae-176e-47b2-b5be-e840ad9a02e6: 28 groups; 1.8 s; peak memory 1205 MiB.
2026-10-05T05:51:59Z INFO [803/900] 3de92147-c01b-422f-8a56-8fcb4003c06f: 22 groups; 1.3 s; peak memory 1205 MiB.
2026-10-05T05:52:01Z INFO [804/900] 3de97799-3185-4d6d-8614-61f4ae1c40a9: 22 groups; 1.4 s; peak memory 1205 MiB.
2026-10-05T05:52:02Z INFO [805/900] 3de9dd0e-f284-487d-b57b-43a0d6c9d3dc: 32 groups; 1.8 s; peak memory 1205 MiB.
2026-10-05T05:52:04Z INFO [806/900] 3de9e8c4-8c0f-47d4-964d-4589ba0a56b7: 32 groups; 1.8 s; peak memory 1205 MiB.
2026-10-05T05:52:05Z INFO [807/900] 3de9f0ba-7b0c-4023-a980-a8d9cb9d796b: 16 groups; 1.0 s; peak memory 1205 MiB.
2026-10-05T05:52:07Z INFO [808/900] 3dea60fc-db73-42a1-acd3-746f30c33fb8: 22 groups; 1.3 s; peak memory 1205 MiB.
2026-10-05T05:52:08Z INFO [809/900] 3deb9e26-5dfd-4f31-a1c0-60df3854ee12: 32 groups; 1.9 s; peak memory 1205 MiB.
2026-10-05T05:52:10Z INFO [810/900] 3debc8e3-7a18-46f5-aa42-67690a9b2594: 22 groups; 1.4 s; peak memory 1205 MiB.
2026-10-05T05:52:14Z INFO [811/900] 3debf5da-502b-4b29-a1d8-4fcd6b77438a: 50 groups; 4.1 s; peak memory 1205 MiB.
2026-10-05T05:52:18Z INFO [812/900] 3dec1e5e-7a4c-4aaa-95eb-7a953aa18d59: 579 groups; 4.1 s; peak memory 1205 MiB.
2026-10-05T05:52:20Z INFO [813/900] 3ded477f-812e-40b7-ae58-4d5b828775d7: 32 groups; 1.9 s; peak memory 1205 MiB.
2026-10-05T05:52:23Z INFO [814/900] 3dee5964-e391-4308-a896-62613b6bc88f: 48 groups; 3.4 s; peak memory 1205 MiB.
2026-10-05T05:52:26Z INFO [815/900] 3df0b899-83ce-4531-8285-70903c333495: 206 groups; 2.9 s; peak memory 1205 MiB.
2026-10-05T05:52:28Z INFO [816/900] 3df0c1a2-c654-4c23-8041-22e6c73b2041: 35 groups; 1.8 s; peak memory 1205 MiB.
2026-10-05T05:52:36Z INFO [817/900] 3df1100b-8874-4189-88d3-988548ca4845: 181 groups; 7.6 s; peak memory 1205 MiB.
2026-10-05T05:52:37Z INFO [818/900] 3df11c5b-54e4-4149-aa57-e93c233399f7: 22 groups; 1.4 s; peak memory 1205 MiB.
2026-10-05T05:52:39Z INFO [819/900] 3df182f0-d589-48f4-9f20-852bf4a14a62: 22 groups; 1.5 s; peak memory 1205 MiB.
2026-10-05T05:52:40Z INFO [820/900] 3df192d7-c4dc-4ab6-8276-73ae30f093a3: 32 groups; 1.7 s; peak memory 1205 MiB.
2026-10-05T05:52:42Z INFO [821/900] 3df1b717-1aac-43b1-b690-5ff51f8ef391: 24 groups; 1.2 s; peak memory 1205 MiB.
2026-10-05T05:52:44Z INFO [822/900] 3df1f40f-e85e-4279-a553-003e77d6e2cf: 202 groups; 2.0 s; peak memory 1205 MiB.
2026-10-05T05:53:00Z INFO [823/900] 3df2bcf0-8ab4-4fac-9834-ae4569e85224: 45 groups; 16.2 s; peak memory 1205 MiB.
2026-10-05T05:53:06Z INFO [824/900] 3df3f514-4b87-4765-b40d-98fc9c6d7673: 181 groups; 6.7 s; peak memory 1205 MiB.
2026-10-05T05:55:08Z INFO [825/900] 3df46705-d58a-49e9-8c1a-7d8fe59e5ce8: 28 groups; 122.0 s; peak memory 1205 MiB.
2026-10-05T05:55:10Z INFO [826/900] 3df4736d-2606-41af-9078-8e8e5a4ca454: 32 groups; 1.7 s; peak memory 1205 MiB.
2026-10-05T05:55:12Z INFO [827/900] 3df541ff-f7f5-42cb-bae3-a75a93223ca5: 33 groups; 2.1 s; peak memory 1205 MiB.
2026-10-05T05:55:14Z INFO [828/900] 3df5a04c-dee7-4ac9-94a8-685005a15e20: 32 groups; 1.7 s; peak memory 1205 MiB.
2026-10-05T05:55:16Z INFO [829/900] 3df5bfd5-0c2c-4050-afaf-9ba7bd8ea878: 33 groups; 1.8 s; peak memory 1205 MiB.
2026-10-05T05:55:17Z INFO [830/900] 3df6cf93-42d7-4ddf-a1fe-7357a0e34711: 33 groups; 1.5 s; peak memory 1205 MiB.
2026-10-05T05:55:19Z INFO [831/900] 3df70bc3-b09b-4328-bfdc-369a5f03041f: 20 groups; 1.4 s; peak memory 1205 MiB.
2026-10-05T05:55:21Z INFO [832/900] 3df7a877-05a9-4494-bdf9-17fc83df5e59: 195 groups; 2.0 s; peak memory 1205 MiB.
2026-10-05T05:55:35Z INFO [833/900] 3df95a3a-8a99-4681-aa0b-73b74a5e3432: 197 groups; 14.1 s; peak memory 1205 MiB.
2026-10-05T05:55:36Z INFO [834/900] 3df989a9-3842-453a-8426-20a10d91d942: 22 groups; 1.5 s; peak memory 1205 MiB.
2026-10-05T05:55:38Z INFO [835/900] 3dfacdf1-98f9-4a3c-bda6-7473079a543b: 22 groups; 1.6 s; peak memory 1205 MiB.
2026-10-05T05:55:39Z INFO [836/900] 3dfaf95d-4bcb-44f4-bf93-dd2e6a18ceb1: 22 groups; 1.4 s; peak memory 1205 MiB.
2026-10-05T05:55:53Z INFO [837/900] 3dfc3272-8b6a-41ef-aca2-4f5f49d52201: 114 groups; 13.5 s; peak memory 1205 MiB.
2026-10-05T05:56:57Z INFO [838/900] 3dfc47f9-2178-42a3-b73b-5da54762c838: 158 groups; 64.7 s; peak memory 1205 MiB.
2026-10-05T05:56:59Z INFO [839/900] 3dfcc53e-67d7-4863-b00d-75ea21db043e: 22 groups; 1.3 s; peak memory 1205 MiB.
2026-10-05T05:57:01Z INFO [840/900] 3e004aca-171f-4e50-9876-fab4f549d745: 337 groups; 2.1 s; peak memory 1205 MiB.
2026-10-05T05:57:03Z INFO [841/900] 3e01abf5-ac30-423a-8b5c-465d183d5af0: 36 groups; 1.9 s; peak memory 1205 MiB.
2026-10-05T05:57:04Z INFO [842/900] 3e01e4cd-d07d-41d4-bf9b-cc240b76d02e: 33 groups; 1.5 s; peak memory 1205 MiB.
2026-10-05T05:57:06Z INFO [843/900] 3e02616a-6384-4e36-a957-6c7a1416edf8: 22 groups; 1.4 s; peak memory 1205 MiB.
2026-10-05T05:57:07Z INFO [844/900] 3e02861d-f51c-45a5-be3d-b7646088c930: 256 groups; 1.7 s; peak memory 1205 MiB.
2026-10-05T05:57:09Z INFO [845/900] 3e02b479-17d2-4104-9a16-e36f10c1ccf2: 16 groups; 1.3 s; peak memory 1205 MiB.
2026-10-05T05:57:10Z INFO [846/900] 3e030676-5a87-4c22-8a5e-e8b43f17fdb7: 30 groups; 1.8 s; peak memory 1205 MiB.
2026-10-05T05:57:33Z INFO [847/900] 3e030ebf-3f28-4a7c-87e4-e32fe58e66c7: 199 groups; 22.4 s; peak memory 1205 MiB.
2026-10-05T05:57:34Z INFO [848/900] 3e033976-3579-4a6c-b638-f4e4f46cec1b: 22 groups; 1.3 s; peak memory 1205 MiB.
2026-10-05T05:57:36Z INFO [849/900] 3e044813-685c-4231-ad16-ba4b3fcee108: 32 groups; 1.7 s; peak memory 1205 MiB.
2026-10-05T05:57:38Z INFO [850/900] 3e047fda-b2fa-4a34-b4c9-969e38a9341e: 32 groups; 1.8 s; peak memory 1205 MiB.
2026-10-05T05:57:38Z INFO [850/900] 3e047fda-b2fa-4a34-b4c9-969e38a9341e: checkpointed 76886 records.
2026-10-05T05:57:40Z INFO [851/900] 3e051770-f7a8-4c5e-a9e6-7f1e6ba72a02: 32 groups; 1.7 s; peak memory 1205 MiB.
2026-10-05T05:57:43Z INFO [852/900] 3e0773d5-ea84-48a5-8bcb-faaab4640844: 48 groups; 3.3 s; peak memory 1205 MiB.
2026-10-05T05:57:44Z INFO [853/900] 3e07a218-8726-4e5a-8090-b8c1dcc28438: 16 groups; 1.0 s; peak memory 1205 MiB.
2026-10-05T05:57:45Z INFO [854/900] 3e07b4b9-f440-4400-a513-a5d6ac358f8e: 22 groups; 1.6 s; peak memory 1205 MiB.
2026-10-05T05:57:47Z INFO [855/900] 3e07f0b6-2139-4287-8e31-3aa0251c3177: 35 groups; 1.7 s; peak memory 1205 MiB.
2026-10-05T05:57:49Z INFO [856/900] 3e080834-18da-4b12-99d1-6b424924879f: 35 groups; 2.0 s; peak memory 1205 MiB.
2026-10-05T05:57:52Z INFO [857/900] 3e0835f8-d423-49f5-a857-4d8f52c72432: 48 groups; 3.2 s; peak memory 1205 MiB.
2026-10-05T05:57:54Z INFO [858/900] 3e0981f7-173d-47f0-94db-ef6a12faabad: 24 groups; 1.7 s; peak memory 1205 MiB.
2026-10-05T05:57:57Z INFO [859/900] 3e09dfe0-cdbf-4f92-bc14-48c985bff82d: 48 groups; 3.4 s; peak memory 1205 MiB.
2026-10-05T05:58:00Z INFO [860/900] 3e0ac1ee-98fc-4de9-9825-a87dd6af67ed: 206 groups; 2.5 s; peak memory 1205 MiB.
2026-10-05T05:58:04Z INFO [861/900] 3e0b4208-3820-4b4f-9f03-c9333d89baa1: 46 groups; 4.3 s; peak memory 1205 MiB.
2026-10-05T05:58:18Z INFO [862/900] 3e0b8760-86ce-41ae-84d6-1b750df0da81: 144 groups; 13.8 s; peak memory 1205 MiB.
2026-10-05T05:58:20Z INFO [863/900] 3e0c78c0-b19a-4e80-b098-5dde7e441cd9: 25 groups; 1.5 s; peak memory 1205 MiB.
2026-10-05T05:58:21Z INFO [864/900] 3e0cac55-3602-4b66-811f-e0743228c435: 17 groups; 1.8 s; peak memory 1205 MiB.
2026-10-05T05:58:23Z INFO [865/900] 3e0e0fa4-0fe2-44ee-9446-4ed89844f344: 22 groups; 1.4 s; peak memory 1205 MiB.
2026-10-05T05:58:24Z INFO [866/900] 3e0f407d-3aac-42a8-a617-476178a950c5: 32 groups; 1.7 s; peak memory 1205 MiB.
2026-10-05T05:58:26Z INFO [867/900] 3e0f6dbf-084a-488a-8d8d-7c2a2d644837: 22 groups; 1.4 s; peak memory 1205 MiB.
2026-10-05T05:58:28Z INFO [868/900] 3e0fc76a-f085-40cf-babc-164c2bb02218: 103 groups; 1.8 s; peak memory 1205 MiB.
2026-10-05T05:58:29Z INFO [869/900] 3e0fe0e8-0cd7-45c3-9800-d6dfe74e3e76: 18 groups; 1.4 s; peak memory 1205 MiB.
2026-10-05T05:58:31Z INFO [870/900] 3e0fe285-53ac-4283-a514-be69eee0bd85: 206 groups; 2.3 s; peak memory 1205 MiB.
2026-10-05T05:58:33Z INFO [871/900] 3e105d44-c851-4934-963a-ff5cd18d95d6: 22 groups; 1.4 s; peak memory 1205 MiB.
2026-10-05T05:58:35Z INFO [872/900] 3e10ccdc-fd73-40b7-8a72-ab066a14692c: 35 groups; 2.1 s; peak memory 1205 MiB.
2026-10-05T05:58:36Z INFO [873/900] 3e10e496-047c-46b2-a509-21506c5f4e0d: 22 groups; 1.2 s; peak memory 1205 MiB.
2026-10-05T05:58:37Z INFO [874/900] 3e115338-4360-4f40-841c-2b22f147d436: 22 groups; 1.1 s; peak memory 1205 MiB.
2026-10-05T05:59:36Z INFO [875/900] 3e117a6f-79f3-4d27-931f-e0184999a7a8: 27 groups; 59.2 s; peak memory 1205 MiB.
2026-10-05T05:59:38Z INFO [876/900] 3e11ab4e-7fd9-4680-a6dc-1617e66b6cc5: 22 groups; 1.6 s; peak memory 1205 MiB.
2026-10-05T05:59:40Z INFO [877/900] 3e11f0fe-202d-40b6-8e19-0923f240226e: 25 groups; 1.5 s; peak memory 1205 MiB.
2026-10-05T05:59:41Z INFO [878/900] 3e123d07-4f79-46d9-9791-a2874900ccb5: 24 groups; 1.2 s; peak memory 1205 MiB.
2026-10-05T06:13:02Z INFO [879/900] 3e13289d-f28a-4e8b-8905-6838bc4a771f: 42 groups; 801.4 s; peak memory 1267 MiB.
2026-10-05T06:13:03Z INFO [880/900] 3e1353c1-129f-4b96-9c40-9f89f57648c9: 22 groups; 1.1 s; peak memory 1267 MiB.
2026-10-05T06:13:05Z INFO [881/900] 3e136e27-51b9-4fcd-a882-4dfddd35783b: 35 groups; 2.2 s; peak memory 1267 MiB.
2026-10-05T06:13:07Z INFO [882/900] 3e13b6c1-0257-43fb-8ba2-d07339632042: 28 groups; 1.8 s; peak memory 1267 MiB.
2026-10-05T06:13:09Z INFO [883/900] 3e140e62-e646-44c0-b527-b2d289a63308: 31 groups; 2.2 s; peak memory 1267 MiB.
2026-10-05T06:13:12Z INFO [884/900] 3e141024-5b20-4c42-be81-10ddbfed311b: 33 groups; 2.2 s; peak memory 1267 MiB.
2026-10-05T06:13:13Z INFO [885/900] 3e144f01-35a9-4e6e-ab8d-16a8432a29b2: 25 groups; 1.5 s; peak memory 1267 MiB.
2026-10-05T06:13:14Z INFO [886/900] 3e145813-ff3d-4d97-b175-e544c5fa8e6b: 22 groups; 1.2 s; peak memory 1267 MiB.
2026-10-05T06:13:16Z INFO [887/900] 3e156652-2e0a-4ff3-8ade-3d54e2a4d34f: 70 groups; 1.4 s; peak memory 1267 MiB.
2026-10-05T06:13:41Z INFO [888/900] 3e1657a6-21bb-4cd1-95cc-f3b27fc30387: 157 groups; 25.4 s; peak memory 1267 MiB.
2026-10-05T06:13:47Z INFO [889/900] 3e17efb2-9619-41ac-8af3-5d316312aed3: 122 groups; 5.8 s; peak memory 1267 MiB.
2026-10-05T06:13:48Z INFO [890/900] 3e18ab6e-c9cd-4e80-b1ee-39c37765709c: 17 groups; 1.1 s; peak memory 1267 MiB.
2026-10-05T06:13:51Z INFO [891/900] 3e18b2e1-aeb7-4f35-8e84-a3ecd8d2ed70: 24 groups; 3.3 s; peak memory 1267 MiB.
2026-10-05T06:13:57Z INFO [892/900] 3e19b073-584a-4ef2-92c2-0d011b6e30d0: 97 groups; 5.1 s; peak memory 1267 MiB.
2026-10-05T06:14:00Z INFO [893/900] 3e1a207e-2312-487c-88e8-4c456991bca7: 50 groups; 3.9 s; peak memory 1267 MiB.
2026-10-05T06:14:02Z INFO [894/900] 3e1a255e-f41e-4902-bb71-055ae9f8be46: 33 groups; 1.7 s; peak memory 1267 MiB.
2026-10-05T06:14:04Z INFO [895/900] 3e1a8810-31fc-47d8-bb71-51d20d8bc63e: 35 groups; 1.8 s; peak memory 1267 MiB.
2026-10-05T06:14:19Z INFO [896/900] 3e1aaacc-0730-45fb-8a3e-4114c70117e7: 135 groups; 15.4 s; peak memory 1267 MiB.
2026-10-05T06:14:20Z INFO [897/900] 3e1af031-5355-4b80-a05f-ca3a52b2ce13: 16 groups; 1.1 s; peak memory 1267 MiB.
2026-10-05T06:14:22Z INFO [898/900] 3e1b9ce6-1f51-436b-8055-a75c42538df1: 22 groups; 1.2 s; peak memory 1267 MiB.
2026-10-05T06:14:41Z INFO [899/900] 3e1bf3bc-6e0b-48c1-8fe0-7b0f391237da: 27 groups; 19.0 s; peak memory 1267 MiB.
2026-10-05T06:14:42Z INFO [900/900] 3e1bf9d8-4614-426c-afd2-6b25d6472842: 22 groups; 1.5 s; peak memory 1267 MiB.
2026-10-05T06:14:42Z INFO [900/900] 3e1bf9d8-4614-426c-afd2-6b25d6472842: checkpointed 76936 records.
2026-10-05T06:14:42Z INFO Wrote 76936 records to /tmp/derivatives/valid_nwb_file_to_number_of_groups.jsonl (900 new, 0 failed) in 182.8 min (peak memory 1267 MiB).
