2026-10-04T13:17:50Z INFO Logging to /tmp/logs/update_2026-10-04T13-17-50Z.log.
2026-10-04T13:17:50Z INFO Update valid-nwb-file-to-number-of-groups (base directory /tmp).
2026-10-04T13:17:51Z INFO Processing 900 items (72436 already recorded).
2026-10-04T13:17:53Z INFO [1/900] 34a2bc7f-6f85-4f44-a21d-698207602497: 32 groups; 2.1 s; peak memory 108 MiB.
2026-10-04T13:17:54Z INFO [2/900] 34a32e77-76fb-4011-9181-1387e39a3660: 21 groups; 1.7 s; peak memory 109 MiB.
2026-10-04T13:17:57Z INFO [3/900] 34a3b864-6000-43c9-910b-472ed53d8f57: 35 groups; 2.2 s; peak memory 110 MiB.
2026-10-04T13:17:58Z INFO [4/900] 34a4a0fb-6e9f-4254-9d08-48c3764d73d5: 32 groups; 1.6 s; peak memory 110 MiB.
2026-10-04T13:18:00Z INFO [5/900] 34a504b2-3d8c-4282-97dd-20e859a5ce9b: 52 groups; 1.7 s; peak memory 111 MiB.
2026-10-04T13:18:01Z INFO [6/900] 34a539c8-7667-46a2-8e80-5155ebe37f1b: 18 groups; 1.2 s; peak memory 112 MiB.
2026-10-04T13:18:03Z INFO [7/900] 34a56674-a450-447e-b779-921e21e6dcea: 35 groups; 2.1 s; peak memory 112 MiB.
2026-10-04T13:18:05Z INFO [8/900] 34a5d1e2-2223-48ce-a303-a0faac7d1e4b: 32 groups; 1.4 s; peak memory 112 MiB.
2026-10-04T13:18:06Z INFO [9/900] 34a76820-ada8-48ef-ae94-64b2e9f52c1a: 22 groups; 1.3 s; peak memory 112 MiB.
2026-10-04T13:18:08Z INFO [10/900] 34a9697d-1d5a-41e2-96ae-047cfec84ab3: 337 groups; 1.9 s; peak memory 112 MiB.
2026-10-04T13:18:10Z INFO [11/900] 34a9ba5d-e358-472b-8030-77b76ad9b32d: 108 groups; 1.9 s; peak memory 112 MiB.
2026-10-04T13:18:12Z INFO [12/900] 34a9c04d-b4ab-43df-a4b1-540fba4c41fd: 252 groups; 1.7 s; peak memory 112 MiB.
2026-10-04T13:18:13Z INFO [13/900] 34a9c47f-bdbd-4158-be50-d3844dcc912a: 31 groups; 1.1 s; peak memory 112 MiB.
2026-10-04T13:18:14Z INFO [14/900] 34aa2af2-ae5a-4c10-bad5-6a1e7c53b3c9: 22 groups; 1.4 s; peak memory 112 MiB.
2026-10-04T13:18:16Z INFO [15/900] 34aa4c4a-6558-4598-b4d1-482b06df66d6: 25 groups; 1.5 s; peak memory 112 MiB.
2026-10-04T13:18:20Z INFO [16/900] 34aa6e21-b7c5-4587-b3ca-6b02f195998b: 50 groups; 4.0 s; peak memory 115 MiB.
2026-10-04T13:20:51Z INFO [17/900] 34aab6d8-2a4e-4378-a341-ade0a9114ce3: 89 groups; 151.9 s; peak memory 268 MiB.
2026-10-04T13:20:53Z INFO [18/900] 34aabe1e-0091-4a03-9c73-c59f0e51a79f: 22 groups; 1.5 s; peak memory 268 MiB.
2026-10-04T13:20:54Z INFO [19/900] 34ab48d0-5e3f-4118-8b9b-db762f45b78f: 22 groups; 1.3 s; peak memory 268 MiB.
2026-10-04T13:20:56Z INFO [20/900] 34ab4edc-0168-4628-9022-d738e8f3271f: 22 groups; 1.3 s; peak memory 268 MiB.
2026-10-04T13:20:57Z INFO [21/900] 34ac4dee-7d1c-489c-ac37-c058ed111ff5: 22 groups; 1.5 s; peak memory 268 MiB.
2026-10-04T13:20:59Z INFO [22/900] 34ac6085-c260-466d-9685-6d9d970a7eaa: 37 groups; 1.8 s; peak memory 268 MiB.
2026-10-04T13:21:01Z INFO [23/900] 34acbd94-ce50-4aef-92a0-98e5faceb39b: 33 groups; 1.6 s; peak memory 268 MiB.
2026-10-04T13:21:04Z INFO [24/900] 34accc61-f116-4e1c-8535-d001e3c5a13c: 50 groups; 3.9 s; peak memory 268 MiB.
2026-10-04T13:21:18Z INFO [25/900] 34ad7265-ca76-4ba7-8ba6-b9313214b8a1: 45 groups; 13.3 s; peak memory 268 MiB.
2026-10-04T13:21:20Z INFO [26/900] 34ae1177-71c0-43b9-9ca5-778090d1e5d5: 261 groups; 2.2 s; peak memory 268 MiB.
2026-10-04T13:21:22Z INFO [27/900] 34aed60f-1833-4bcd-a53f-970ce1027728: 25 groups; 1.5 s; peak memory 268 MiB.
2026-10-04T13:21:23Z INFO [28/900] 34af22d0-e604-4f2e-bd52-c6f2598a46fb: 33 groups; 1.3 s; peak memory 268 MiB.
2026-10-04T13:21:25Z INFO [29/900] 34af4e0c-e99c-41f3-8c04-1bf4bfea10ec: 254 groups; 1.8 s; peak memory 268 MiB.
2026-10-04T13:21:26Z INFO [30/900] 34b04611-6e75-4b1a-bc6e-8592a77504c1: 35 groups; 1.5 s; peak memory 268 MiB.
2026-10-04T13:21:30Z INFO [31/900] 34b28660-4e84-4491-9f8d-0bdfb76ba438: 56 groups; 3.9 s; peak memory 268 MiB.
2026-10-04T13:21:32Z INFO [32/900] 34b2ff2c-1fa2-47d3-83d0-ee6671805487: 32 groups; 1.5 s; peak memory 268 MiB.
2026-10-04T13:21:34Z INFO [33/900] 34b30d9d-e578-45ac-b36c-53015414ad06: 32 groups; 2.2 s; peak memory 268 MiB.
2026-10-04T13:21:36Z INFO [34/900] 34b4398c-53d2-4f16-b84d-a91c339f6bb8: 35 groups; 1.9 s; peak memory 268 MiB.
2026-10-04T13:21:38Z INFO [35/900] 34b4dddd-3400-47a2-bec2-5256df0b6ed6: 202 groups; 2.6 s; peak memory 268 MiB.
2026-10-04T13:21:40Z INFO [36/900] 34b5988b-e28f-4e57-b3c4-b5e9af801300: 22 groups; 1.5 s; peak memory 268 MiB.
2026-10-04T13:21:41Z INFO [37/900] 34b66baa-8bec-4a34-8248-43d354313801: 22 groups; 1.3 s; peak memory 268 MiB.
2026-10-04T13:21:44Z INFO [38/900] 34b6a3f4-bc95-4817-b4a2-acca028c71f0: 48 groups; 3.3 s; peak memory 268 MiB.
2026-10-04T13:21:46Z INFO [39/900] 34b7433b-5a90-4a3f-8cc6-25170de5c115: 22 groups; 1.4 s; peak memory 268 MiB.
2026-10-04T13:21:47Z INFO [40/900] 34b7c6fa-d9db-406b-ae22-8caed0f25d5e: 22 groups; 1.3 s; peak memory 268 MiB.
2026-10-04T13:21:49Z INFO [41/900] 34b7dc78-4672-4026-ac48-34a9744948c2: 25 groups; 1.7 s; peak memory 268 MiB.
2026-10-04T13:22:08Z INFO [42/900] 34b7e2c0-f214-44c3-86df-f9cc0b1ad9e6: 27 groups; 19.0 s; peak memory 268 MiB.
2026-10-04T13:22:10Z INFO [43/900] 34b8bde8-11d9-47b4-8ae3-3ca8d9682631: 255 groups; 2.1 s; peak memory 268 MiB.
2026-10-04T13:22:11Z INFO [44/900] 34ba690f-6629-4517-a611-e6f154054373: 22 groups; 1.4 s; peak memory 268 MiB.
2026-10-04T13:22:13Z INFO [45/900] 34baac3f-1717-4411-9581-3c69d7d83668: 22 groups; 1.4 s; peak memory 268 MiB.
2026-10-04T13:22:14Z INFO [46/900] 34bb6c03-d6b2-46f1-a501-c928a54a7950: 16 groups; 1.0 s; peak memory 268 MiB.
2026-10-04T13:22:16Z INFO [47/900] 34bb865e-f9f7-449b-92f2-c0ff89752370: 31 groups; 2.2 s; peak memory 268 MiB.
2026-10-04T13:22:29Z INFO [48/900] 34bbfa87-200e-46e9-a07f-f60bfcd2f763: 221 groups; 13.6 s; peak memory 268 MiB.
2026-10-04T13:22:31Z INFO [49/900] 34bd37a3-947f-48a6-a463-7bb3e0af93b5: 30 groups; 1.2 s; peak memory 268 MiB.
2026-10-04T13:22:48Z INFO [50/900] 34bd3e51-fbf0-40d7-af45-32ce14ce79a2: 18 groups; 17.6 s; peak memory 268 MiB.
2026-10-04T13:22:48Z INFO [50/900] 34bd3e51-fbf0-40d7-af45-32ce14ce79a2: checkpointed 72486 records.
2026-10-04T13:22:50Z INFO [51/900] 34bd4d45-43cc-46b5-a2f7-78d9339e86f2: 24 groups; 1.6 s; peak memory 268 MiB.
2026-10-04T13:22:51Z INFO [52/900] 34bdcd45-aa0c-4b04-97a5-bd9a9518fb05: 16 groups; 1.1 s; peak memory 268 MiB.
2026-10-04T13:22:53Z INFO [53/900] 34be9c2f-8c54-4c1b-afc0-a4cc381cb922: 200 groups; 2.5 s; peak memory 268 MiB.
2026-10-04T13:22:55Z INFO [54/900] 34bec7e6-136d-40c2-bbec-48607ad10668: 32 groups; 1.6 s; peak memory 268 MiB.
2026-10-04T13:22:56Z INFO [55/900] 34bf5273-a753-4b6a-9b15-b3eef2f9561f: 16 groups; 1.1 s; peak memory 268 MiB.
2026-10-04T13:22:58Z INFO [56/900] 34c057b2-964c-4452-b2be-5de0033d9ff9: 25 groups; 1.6 s; peak memory 268 MiB.
2026-10-04T13:22:59Z INFO [57/900] 34c1aa5d-921b-4ce0-a894-025ac55e18ac: 22 groups; 1.2 s; peak memory 268 MiB.
2026-10-04T13:23:00Z INFO [58/900] 34c1afac-0d02-4615-aa1e-7a504f05a822: 28 groups; 1.4 s; peak memory 268 MiB.
2026-10-04T13:23:01Z INFO [59/900] 34c28da0-7b2b-4efb-8864-11d8cda7a8d5: 30 groups; 1.2 s; peak memory 268 MiB.
2026-10-04T13:23:03Z INFO [60/900] 34c296b9-237f-4de1-b4ab-c41267816847: 32 groups; 1.7 s; peak memory 268 MiB.
2026-10-04T13:23:05Z INFO [61/900] 34c2e878-e0e9-4e71-96cd-3178fbda1058: 29 groups; 1.8 s; peak memory 268 MiB.
2026-10-04T13:23:06Z INFO [62/900] 34c34665-5998-49a0-a57d-933516376905: 24 groups; 1.5 s; peak memory 268 MiB.
2026-10-04T13:23:14Z INFO [63/900] 34c3ed8b-2a68-4fe5-91fd-99d6dd37c54a: 71 groups; 7.1 s; peak memory 268 MiB.
2026-10-04T13:23:17Z INFO [64/900] 34c436b6-af98-45e4-8a77-703657e83365: 48 groups; 3.5 s; peak memory 268 MiB.
2026-10-04T13:23:31Z INFO [65/900] 34c49327-8f5d-4280-9692-5a2f10bf61f9: 411 groups; 13.9 s; peak memory 268 MiB.
2026-10-04T13:23:42Z INFO [66/900] 34c4e93b-0253-479d-a4ab-b1a97aba279c: 63 groups; 11.3 s; peak memory 268 MiB.
2026-10-04T13:23:47Z INFO [67/900] 34c5423a-f501-4f27-a09a-eef5ec6bf0e0: 63 groups; 5.1 s; peak memory 268 MiB.
2026-10-04T13:23:49Z INFO [68/900] 34c57e5b-a903-40d0-9f5d-4799f2f7a9e1: 32 groups; 1.7 s; peak memory 268 MiB.
2026-10-04T13:23:50Z INFO [69/900] 34c640e3-5070-425a-9b05-86f421fd9b82: 32 groups; 1.5 s; peak memory 268 MiB.
2026-10-04T13:23:53Z INFO [70/900] 34c68339-b22d-4b29-b50c-12b9ee89a968: 48 groups; 2.5 s; peak memory 268 MiB.
2026-10-04T13:24:00Z INFO [71/900] 34c69351-9d30-4af6-862a-d5e2e62101d1: 66 groups; 7.4 s; peak memory 268 MiB.
2026-10-04T13:24:02Z INFO [72/900] 34c6a46b-0cf7-4710-a54a-a273c0c55a7a: 22 groups; 1.3 s; peak memory 268 MiB.
2026-10-04T13:24:04Z INFO [73/900] 34c78e8d-b9dc-4db1-bb1b-9dc95499e84e: 43 groups; 2.2 s; peak memory 268 MiB.
2026-10-04T13:24:10Z INFO [74/900] 34c8d99c-9bb2-43ec-9a41-54e37d5e38aa: 47 groups; 6.2 s; peak memory 268 MiB.
2026-10-04T13:24:12Z INFO [75/900] 34c8e131-fd42-4c00-b6eb-9a3ca4134966: 32 groups; 1.6 s; peak memory 268 MiB.
2026-10-04T13:24:13Z INFO [76/900] 34c9160a-494b-49f4-b505-a5f6b35f2dc1: 18 groups; 1.1 s; peak memory 268 MiB.
2026-10-04T13:24:14Z INFO [77/900] 34c9d0ac-e605-4fcc-81a4-a27bbc9b5df1: 32 groups; 1.7 s; peak memory 268 MiB.
2026-10-04T13:24:16Z INFO [78/900] 34cb2a12-1d1d-4d84-bf2a-7193a834c9e7: 22 groups; 1.4 s; peak memory 268 MiB.
2026-10-04T13:24:17Z INFO [79/900] 34cb49ca-b7d2-45dd-83a4-63d7daf5634b: 22 groups; 1.2 s; peak memory 268 MiB.
2026-10-04T13:24:19Z INFO [80/900] 34cb553c-5583-4352-956f-dd35b2baf50b: 32 groups; 1.6 s; peak memory 268 MiB.
2026-10-04T13:24:20Z INFO [81/900] 34cc2305-3274-4511-bd8f-4cdb4121cfb6: 252 groups; 1.8 s; peak memory 268 MiB.
2026-10-04T13:24:22Z INFO [82/900] 34cc32c9-8cee-42ec-ad8f-957752222384: 32 groups; 1.7 s; peak memory 268 MiB.
2026-10-04T13:26:43Z INFO [83/900] 34cc51a2-008c-4607-91ab-de3a3226b3dd: 77 groups; 140.5 s; peak memory 274 MiB.
2026-10-04T13:26:45Z INFO [84/900] 34cd8325-3209-46c3-a396-ea9272e92331: 49 groups; 2.4 s; peak memory 274 MiB.
2026-10-04T13:26:47Z INFO [85/900] 34cd9893-21e0-45af-b67f-e7164bae0988: 35 groups; 2.1 s; peak memory 274 MiB.
2026-10-04T13:26:50Z INFO [86/900] 34cda13e-bd2f-4166-9ab5-63aabef8ff5a: 17 groups; 2.6 s; peak memory 274 MiB.
2026-10-04T13:26:58Z INFO [87/900] 34ce0fa1-2f3a-448f-be2f-3e2e01009499: 125 groups; 8.2 s; peak memory 274 MiB.
2026-10-04T13:27:03Z INFO [88/900] 34ce7050-3e8f-48f4-b611-a06fd1e7a94e: 57 groups; 5.2 s; peak memory 274 MiB.
2026-10-04T13:27:06Z INFO [89/900] 34cec5f1-3f7b-4d99-8066-91a7a6ee4aec: 46 groups; 3.1 s; peak memory 274 MiB.
2026-10-04T13:27:09Z INFO [90/900] 34ceceaa-f23f-4996-ac68-319ae94774b7: 49 groups; 2.3 s; peak memory 274 MiB.
2026-10-04T13:27:28Z INFO [91/900] 34cfa7f9-f8fa-46d1-8e37-827d8a2b2abb: 26 groups; 19.2 s; peak memory 274 MiB.
2026-10-04T13:27:29Z INFO [92/900] 34cfadc7-b30b-495c-ad82-066c5b288499: 22 groups; 1.3 s; peak memory 274 MiB.
2026-10-04T13:27:31Z INFO [93/900] 34cfb9ba-9723-4c96-9325-f4246b72c550: 32 groups; 1.5 s; peak memory 274 MiB.
2026-10-04T13:27:33Z INFO [94/900] 34cfd554-bd80-4f63-bc49-1641a82c9a69: 201 groups; 2.2 s; peak memory 274 MiB.
2026-10-04T13:27:35Z INFO [95/900] 34cfd57a-9b7d-4362-900a-5ba1de92603c: 43 groups; 2.4 s; peak memory 274 MiB.
2026-10-04T13:27:37Z INFO [96/900] 34d1e5a0-18b3-4953-8dca-cf16a16e306b: 32 groups; 1.7 s; peak memory 274 MiB.
2026-10-04T13:27:38Z INFO [97/900] 34d5d0b3-6cee-4d17-a995-187ccb64ccc9: 251 groups; 1.6 s; peak memory 274 MiB.
2026-10-04T13:27:40Z INFO [98/900] 34d71d8a-19f5-4c9b-bb65-5747cb4b5c7b: 26 groups; 1.5 s; peak memory 274 MiB.
2026-10-04T13:27:41Z INFO [99/900] 34d7f5fe-fdfc-4be4-9b3c-d5bf75c1bb14: 25 groups; 1.0 s; peak memory 274 MiB.
2026-10-04T13:27:42Z INFO [100/900] 34d8bb71-b669-4a6e-ad73-c1b2c6a309f3: 22 groups; 1.5 s; peak memory 274 MiB.
2026-10-04T13:27:43Z INFO [100/900] 34d8bb71-b669-4a6e-ad73-c1b2c6a309f3: checkpointed 72536 records.
2026-10-04T13:27:44Z INFO [101/900] 34d8d56e-1c59-4b35-a4c5-3cf69f4dae9c: 22 groups; 1.3 s; peak memory 274 MiB.
2026-10-04T13:27:47Z INFO [102/900] 34d919de-bc7a-482a-96fe-2c6fc400f7f1: 71 groups; 3.2 s; peak memory 274 MiB.
2026-10-04T13:27:54Z INFO [103/900] 34d9a12f-50c9-46e1-b83a-4811f6309e3e: 123 groups; 7.2 s; peak memory 274 MiB.
2026-10-04T13:27:56Z INFO [104/900] 34da3881-d3c3-4be6-8f66-235e3d9660f7: 49 groups; 2.3 s; peak memory 274 MiB.
2026-10-04T13:27:58Z INFO [105/900] 34da698f-2fd0-4cba-b6f5-ca6c51d600e2: 22 groups; 1.5 s; peak memory 274 MiB.
2026-10-04T13:28:00Z INFO [106/900] 34da71e3-57b7-411d-aa2a-a6caddc04a53: 32 groups; 1.7 s; peak memory 274 MiB.
2026-10-04T13:28:01Z INFO [107/900] 34da98aa-b5b0-4352-82cf-498c0344e970: 22 groups; 1.4 s; peak memory 274 MiB.
2026-10-04T13:28:02Z INFO [108/900] 34db2858-8483-4c11-9d77-9dd335e3a4f3: 18 groups; 1.4 s; peak memory 274 MiB.
2026-10-04T13:28:03Z INFO [109/900] 34dc3030-33fd-4745-8836-212a475b9498: 31 groups; 1.0 s; peak memory 274 MiB.
2026-10-04T13:28:07Z INFO [110/900] 34dca9a5-c348-4262-9a0e-49340916f18d: 50 groups; 4.0 s; peak memory 274 MiB.
2026-10-04T13:28:09Z INFO [111/900] 34dd4dd6-b860-44e9-93d4-689cfd3b4d3b: 16 groups; 1.5 s; peak memory 274 MiB.
2026-10-04T13:28:11Z INFO [112/900] 34dd6889-0bfb-45e5-9609-6411cf488c1c: 32 groups; 1.7 s; peak memory 274 MiB.
2026-10-04T13:28:14Z INFO [113/900] 34dd6b3f-9479-478c-a6b4-34d422f7300d: 48 groups; 2.9 s; peak memory 274 MiB.
2026-10-04T13:28:27Z INFO [114/900] 34ddf539-a89f-49a4-847e-633d33d01efb: 63 groups; 13.4 s; peak memory 274 MiB.
2026-10-04T13:28:29Z INFO [115/900] 34ddf563-0197-4e0b-9bc1-eeaaeea82daa: 32 groups; 1.6 s; peak memory 274 MiB.
2026-10-04T13:28:30Z INFO [116/900] 34de595c-0b57-43bf-a216-9f755be1ef14: 32 groups; 1.7 s; peak memory 274 MiB.
2026-10-04T13:28:32Z INFO [117/900] 34de90c1-71f9-48c2-bdb9-0ebc8fa5bb07: 22 groups; 1.3 s; peak memory 274 MiB.
2026-10-04T13:28:33Z INFO [118/900] 34deeb61-3d53-48c9-a633-734a49f2ea40: 67 groups; 1.6 s; peak memory 274 MiB.
2026-10-04T13:28:35Z INFO [119/900] 34df913e-f70a-459e-a124-705995309760: 22 groups; 1.4 s; peak memory 274 MiB.
2026-10-04T13:28:36Z INFO [120/900] 34df94a9-42c6-46b6-9472-29b40e6bfa8c: 26 groups; 1.1 s; peak memory 274 MiB.
2026-10-04T13:28:37Z INFO [121/900] 34dfc66b-2907-429e-97ff-1b59fba0f80c: 32 groups; 1.5 s; peak memory 274 MiB.
2026-10-04T13:28:39Z INFO [122/900] 34dff9cf-2f58-4fc8-b1a1-c921939b4397: 32 groups; 1.6 s; peak memory 274 MiB.
2026-10-04T13:28:40Z INFO [123/900] 34e01e74-ce96-44d2-b08d-1bdb76525c6b: 29 groups; 1.5 s; peak memory 274 MiB.
2026-10-04T13:28:42Z INFO [124/900] 34e06770-4af1-4e5b-ac22-c239e81d3160: 22 groups; 1.3 s; peak memory 274 MiB.
2026-10-04T13:28:43Z INFO [125/900] 34e104dd-2f95-4f23-91ea-0ca6908db335: 29 groups; 1.6 s; peak memory 274 MiB.
2026-10-04T13:28:45Z INFO [126/900] 34e1bc5d-b6ff-4481-83f0-ef075b5318a2: 32 groups; 1.5 s; peak memory 274 MiB.
2026-10-04T13:28:46Z INFO [127/900] 34e20a02-c3a4-40a5-8fe2-487b027bc7b5: 28 groups; 1.3 s; peak memory 274 MiB.
2026-10-04T13:28:48Z INFO [128/900] 34e25c11-7235-472c-abf5-0210dcd2e1e5: 32 groups; 1.7 s; peak memory 274 MiB.
2026-10-04T13:28:51Z INFO [129/900] 34e29572-27ce-49a5-babb-a64196303e9f: 59 groups; 3.4 s; peak memory 274 MiB.
2026-10-04T13:28:53Z INFO [130/900] 34e38f82-c942-4e81-8e7b-e16fddcee695: 202 groups; 2.0 s; peak memory 274 MiB.
2026-10-04T13:28:55Z INFO [131/900] 34e3ad85-6295-4c51-b8ab-0fd757b4a25c: 35 groups; 2.0 s; peak memory 274 MiB.
2026-10-04T13:28:59Z INFO [132/900] 34e3c46f-f129-4126-806b-228028268568: 50 groups; 3.4 s; peak memory 274 MiB.
2026-10-04T13:29:01Z INFO [133/900] 34e4d118-bb03-478b-b34e-6b9b5150c26f: 207 groups; 2.5 s; peak memory 274 MiB.
2026-10-04T13:29:02Z INFO [134/900] 34e4f244-8c4a-4bb1-a385-99cb83da5d9c: 22 groups; 1.3 s; peak memory 274 MiB.
2026-10-04T13:29:10Z INFO [135/900] 34e5633d-6c2d-4208-85c6-a9212d8d849e: 66 groups; 7.2 s; peak memory 274 MiB.
2026-10-04T13:29:11Z INFO [136/900] 34e573b2-fdb7-4796-b99a-a733b1407a4e: 22 groups; 1.3 s; peak memory 274 MiB.
2026-10-04T13:29:13Z INFO [137/900] 34e57509-261b-41a9-9193-713c8efd858d: 21 groups; 1.7 s; peak memory 274 MiB.
2026-10-04T13:29:14Z INFO [138/900] 34e5f18b-3f4e-4805-b387-cc3782adb925: 35 groups; 1.6 s; peak memory 274 MiB.
2026-10-04T13:29:18Z INFO [139/900] 34e61def-3978-497a-9803-635afd3cac61: 48 groups; 3.6 s; peak memory 274 MiB.
2026-10-04T13:29:19Z INFO [140/900] 34e689dd-8ca6-434a-a8b2-3a6ce8478648: 26 groups; 1.6 s; peak memory 274 MiB.
2026-10-04T13:29:21Z INFO [141/900] 34e7146f-e2db-4264-9946-4ead91b3dcc9: 22 groups; 1.4 s; peak memory 274 MiB.
2026-10-04T13:29:23Z INFO [142/900] 34e75d2c-0f9d-4a76-8cb1-d365c6d1286b: 336 groups; 2.4 s; peak memory 274 MiB.
2026-10-04T13:29:24Z INFO [143/900] 34e7a249-9229-4555-b8d2-1e485b72f936: 22 groups; 1.0 s; peak memory 274 MiB.
2026-10-04T13:29:25Z INFO [144/900] 34e864b2-3f8f-408a-aa5c-7bc28ceaadcb: 22 groups; 1.2 s; peak memory 274 MiB.
2026-10-04T13:29:27Z INFO [145/900] 34e8e0ff-6c8a-474f-a4f5-2c95bbba07c2: 22 groups; 1.3 s; peak memory 274 MiB.
2026-10-04T13:29:28Z INFO [146/900] 34e91960-fab7-4780-ad49-2d59d3a4f2b5: 252 groups; 1.7 s; peak memory 274 MiB.
2026-10-04T13:29:31Z INFO [147/900] 34e95744-a4fa-43c2-a39d-051d0aa70138: 24 groups; 3.1 s; peak memory 274 MiB.
2026-10-04T13:29:49Z INFO [148/900] 34ea17cc-a12e-423f-b63d-2fc409a0340c: 176 groups; 17.1 s; peak memory 274 MiB.
2026-10-04T13:29:52Z INFO [149/900] 34eb2694-bb15-4f6c-9d09-b174e1568f83: 50 groups; 3.8 s; peak memory 274 MiB.
2026-10-04T13:29:54Z INFO [150/900] 34eb3b87-ead0-4a15-b342-ce70f30b7e8e: 32 groups; 1.6 s; peak memory 274 MiB.
2026-10-04T13:29:54Z INFO [150/900] 34eb3b87-ead0-4a15-b342-ce70f30b7e8e: checkpointed 72586 records.
2026-10-04T13:30:20Z INFO [151/900] 34ec8309-0dd7-4ff0-a414-6956d3c2081a: 307 groups; 26.0 s; peak memory 274 MiB.
2026-10-04T13:30:21Z INFO [152/900] 34ecc670-a175-405e-8ddd-9d727ab5540a: 22 groups; 1.2 s; peak memory 274 MiB.
2026-10-04T13:30:23Z INFO [153/900] 34eda381-f22d-404c-8b01-67344a7d7439: 22 groups; 1.3 s; peak memory 274 MiB.
2026-10-04T13:30:26Z INFO [154/900] 34eddcfa-22de-4f2b-aac1-684f96f1a24b: 48 groups; 2.9 s; peak memory 274 MiB.
2026-10-04T13:30:27Z INFO [155/900] 34ee5268-cf59-4660-abe3-585a38e70397: 32 groups; 1.6 s; peak memory 274 MiB.
2026-10-04T13:30:29Z INFO [156/900] 34ef8de4-d761-44c4-977e-57d818973ee6: 22 groups; 1.4 s; peak memory 274 MiB.
2026-10-04T13:31:52Z INFO [157/900] 34f00c2c-054f-448c-a043-353e15800328: 33 groups; 83.8 s; peak memory 274 MiB.
2026-10-04T13:31:54Z INFO [158/900] 34f02486-8169-4a85-8cb6-ab890d6bbbb7: 22 groups; 1.6 s; peak memory 274 MiB.
2026-10-04T13:31:56Z INFO [159/900] 34f0dbf6-43c9-49f6-b71c-abb66a2ac9c8: 201 groups; 2.1 s; peak memory 274 MiB.
2026-10-04T13:31:58Z INFO [160/900] 34f10ce5-9753-48f1-96c9-64b3b694aa22: 27 groups; 1.4 s; peak memory 274 MiB.
2026-10-04T13:31:59Z INFO [161/900] 34f117d0-415d-4d46-93c7-0fc5d1f2eb90: 337 groups; 2.0 s; peak memory 274 MiB.
2026-10-04T13:32:06Z INFO [162/900] 34f1508d-a309-43ca-9c57-10f4dcdfde84: 78 groups; 6.1 s; peak memory 274 MiB.
2026-10-04T13:32:07Z INFO [163/900] 34f2d651-01b5-4e40-bb4b-a7858a12434c: 32 groups; 1.8 s; peak memory 274 MiB.
2026-10-04T13:32:24Z INFO [164/900] 34f339a7-b9ec-4a0c-92ce-1c112891c041: 89 groups; 16.4 s; peak memory 274 MiB.
2026-10-04T13:32:25Z INFO [165/900] 34f38f0f-3407-47c4-ad76-e697c8d60850: 32 groups; 1.7 s; peak memory 274 MiB.
2026-10-04T13:32:27Z INFO [166/900] 34f437d8-5607-49a7-a01a-be5d10db165e: 32 groups; 1.4 s; peak memory 274 MiB.
2026-10-04T13:32:28Z INFO [167/900] 34f51781-0801-49a3-bbed-895a94733792: 25 groups; 1.3 s; peak memory 274 MiB.
2026-10-04T13:32:30Z INFO [168/900] 34f5ac58-3f35-4176-b944-b1b352169230: 253 groups; 1.5 s; peak memory 274 MiB.
2026-10-04T13:32:44Z INFO [169/900] 34f754a2-3d02-48f2-87ff-d71372319529: 227 groups; 14.3 s; peak memory 274 MiB.
2026-10-04T13:32:46Z INFO [170/900] 34f88510-fbf4-47ed-8d1e-8063b2bdc776: 32 groups; 1.8 s; peak memory 274 MiB.
2026-10-04T13:32:47Z INFO [171/900] 34f88b3b-67e3-4703-8419-e28786997090: 35 groups; 1.6 s; peak memory 274 MiB.
2026-10-04T13:32:49Z INFO [172/900] 34f90e8c-5e50-4db6-897e-0befbb33c8f7: 32 groups; 1.7 s; peak memory 274 MiB.
2026-10-04T13:32:51Z INFO [173/900] 34f93e75-4869-45b8-8449-11de8a92e506: 35 groups; 1.7 s; peak memory 274 MiB.
2026-10-04T13:32:52Z INFO [174/900] 34f94112-7365-48cd-9336-d8c8f3323180: 22 groups; 1.3 s; peak memory 274 MiB.
2026-10-04T13:32:53Z INFO [175/900] 34f9e207-5c72-4206-9b1b-6b8f26524f1f: 26 groups; 1.3 s; peak memory 274 MiB.
2026-10-04T13:33:20Z INFO [176/900] 34fa65be-59be-44fc-a2f2-83e0cc46ca65: 23 groups; 26.8 s; peak memory 274 MiB.
2026-10-04T13:33:22Z INFO [177/900] 34fb7cb2-8c70-4196-a081-1079653ea700: 32 groups; 1.7 s; peak memory 274 MiB.
2026-10-04T13:34:27Z INFO [178/900] 34fd6741-3de5-4efc-9d7b-36dcf2c5615c: 43 groups; 65.0 s; peak memory 274 MiB.
2026-10-04T13:34:28Z INFO [179/900] 34fd6966-25dc-43c8-ae46-f36f5face7b2: 33 groups; 1.4 s; peak memory 274 MiB.
2026-10-04T13:34:29Z INFO [180/900] 34fd87a7-359a-485e-80e8-1f49c9747d54: 16 groups; 1.2 s; peak memory 274 MiB.
2026-10-04T13:34:32Z INFO [181/900] 34fd94c3-249e-4c90-9cfb-22e6173433bb: 195 groups; 2.1 s; peak memory 274 MiB.
2026-10-04T13:34:33Z INFO [182/900] 34fdd31c-c180-4199-a4a0-3468eecc13f1: 32 groups; 1.5 s; peak memory 274 MiB.
2026-10-04T13:34:35Z INFO [183/900] 34ff8ab1-b539-4be3-8628-a748ba272420: 255 groups; 1.7 s; peak memory 274 MiB.
2026-10-04T13:34:36Z INFO [184/900] 35000cd5-680b-4125-b554-d3ea8b3af2ed: 22 groups; 1.4 s; peak memory 274 MiB.
2026-10-04T13:34:38Z INFO [185/900] 3500d75f-388a-47fe-9527-4d0338a0f675: 32 groups; 1.6 s; peak memory 274 MiB.
2026-10-04T13:34:46Z INFO [186/900] 35011a15-ec77-4fb7-ab23-ab7af118a5ee: 92 groups; 8.0 s; peak memory 274 MiB.
2026-10-04T13:34:47Z INFO [187/900] 35015f87-71e7-45f1-b9ce-88d811837706: 253 groups; 1.5 s; peak memory 274 MiB.
2026-10-04T13:34:49Z INFO [188/900] 35016c30-67be-4afc-9c23-891790d25649: 29 groups; 2.0 s; peak memory 274 MiB.
2026-10-04T13:34:51Z INFO [189/900] 35019853-9608-4a9c-96cc-7f42b175e2d1: 33 groups; 2.0 s; peak memory 274 MiB.
2026-10-04T13:34:53Z INFO [190/900] 35021487-977a-4bc4-9b93-5b52f4a4d774: 32 groups; 1.5 s; peak memory 274 MiB.
2026-10-04T13:34:54Z INFO [191/900] 3502a7a8-bc28-4d66-b78a-89cfa27da937: 35 groups; 1.8 s; peak memory 274 MiB.
2026-10-04T13:34:56Z INFO [192/900] 35037891-11a3-4259-9ef2-708c3b61a128: 32 groups; 1.7 s; peak memory 274 MiB.
2026-10-04T13:34:58Z INFO [193/900] 35042d58-955c-4920-b2ef-81c2fb0bd48e: 22 groups; 1.5 s; peak memory 274 MiB.
2026-10-04T13:34:59Z INFO [194/900] 350442d8-5099-4dbc-9834-c5706982f9dc: 41 groups; 1.9 s; peak memory 274 MiB.
2026-10-04T13:35:01Z INFO [195/900] 35045018-82de-4c6b-a03f-189838764fab: 16 groups; 1.2 s; peak memory 274 MiB.
2026-10-04T13:35:02Z INFO [196/900] 35049562-7a0f-4fc9-bfad-3486f6d5cdea: 32 groups; 1.7 s; peak memory 274 MiB.
2026-10-04T13:35:04Z INFO [197/900] 35051366-6f44-4892-b898-eb8a290fbbb5: 195 groups; 1.9 s; peak memory 274 MiB.
2026-10-04T13:35:06Z INFO [198/900] 35053c9b-6568-402e-808a-d5b6772f749c: 32 groups; 1.8 s; peak memory 274 MiB.
2026-10-04T13:35:08Z INFO [199/900] 35058d70-c4b9-473e-9694-62c37ce7d7fb: 22 groups; 1.4 s; peak memory 274 MiB.
2026-10-04T13:35:10Z INFO [200/900] 35068c55-dd42-4e01-b5cc-10b9f7c18511: 35 groups; 2.1 s; peak memory 274 MiB.
2026-10-04T13:35:10Z INFO [200/900] 35068c55-dd42-4e01-b5cc-10b9f7c18511: checkpointed 72636 records.
2026-10-04T13:35:11Z INFO [201/900] 35068cd9-4348-4b88-88ce-3770723e003e: 22 groups; 1.3 s; peak memory 274 MiB.
2026-10-04T13:35:13Z INFO [202/900] 3506ab87-9e7d-4ca9-b66b-adafc1436477: 31 groups; 2.3 s; peak memory 274 MiB.
2026-10-04T13:35:16Z INFO [203/900] 3507d1b9-906c-4b4b-99d6-ee0a2fa1566d: 48 groups; 3.2 s; peak memory 274 MiB.
2026-10-04T13:35:18Z INFO [204/900] 350a324a-7edb-4dd1-91f8-6c77e3a25582: 32 groups; 1.6 s; peak memory 274 MiB.
2026-10-04T13:35:20Z INFO [205/900] 350a7360-2547-49c2-9a30-bdb4703fab48: 32 groups; 1.8 s; peak memory 274 MiB.
2026-10-04T13:35:28Z INFO [206/900] 350c3d2f-facf-4f78-99a5-5b2a5fa6ab32: 125 groups; 7.7 s; peak memory 274 MiB.
2026-10-04T13:35:30Z INFO [207/900] 350c52bc-361e-47ad-967f-d4e4156ffe04: 35 groups; 1.9 s; peak memory 274 MiB.
2026-10-04T13:35:32Z INFO [208/900] 350cbd50-b69e-4a44-9a65-7dd151d53e1d: 31 groups; 2.0 s; peak memory 274 MiB.
2026-10-04T13:35:33Z INFO [209/900] 350d89dd-1628-4965-9642-fbc334f1e447: 22 groups; 1.5 s; peak memory 274 MiB.
2026-10-04T13:35:35Z INFO [210/900] 350e157a-0a56-47b4-ad5f-31bec9b7dfb1: 32 groups; 1.7 s; peak memory 274 MiB.
2026-10-04T13:35:37Z INFO [211/900] 350f78b5-5065-4554-b2a4-1c58037f7bff: 36 groups; 2.0 s; peak memory 274 MiB.
2026-10-04T13:35:38Z INFO [212/900] 351005cf-9988-4b23-b851-600bbe82f8fe: 22 groups; 1.4 s; peak memory 274 MiB.
2026-10-04T13:35:40Z INFO [213/900] 35107280-c993-4ae4-81c0-800b740b1b6d: 32 groups; 2.0 s; peak memory 274 MiB.
2026-10-04T13:35:42Z INFO [214/900] 3510aa1b-e54a-44aa-88d3-ec90ed7be5b8: 35 groups; 1.9 s; peak memory 274 MiB.
2026-10-04T13:35:44Z INFO [215/900] 3510acd5-de6f-4a00-bee8-d4b2ac5831d4: 25 groups; 1.5 s; peak memory 274 MiB.
2026-10-04T13:35:46Z INFO [216/900] 3511380c-c293-41ad-8bef-cb66e467ac61: 49 groups; 2.3 s; peak memory 274 MiB.
2026-10-04T13:35:47Z INFO [217/900] 35119d14-81a1-471a-85f4-7af20b44aede: 32 groups; 1.5 s; peak memory 274 MiB.
2026-10-04T13:35:48Z INFO [218/900] 351317b6-f0b4-42a0-891f-3694f0d21dcf: 25 groups; 1.2 s; peak memory 274 MiB.
2026-10-04T13:35:51Z INFO [219/900] 35138a25-d766-419c-846d-b0748e05acdb: 48 groups; 2.9 s; peak memory 274 MiB.
2026-10-04T13:35:53Z INFO [220/900] 35138e7a-9e23-4084-ae89-5eaa4c1424d7: 22 groups; 1.4 s; peak memory 274 MiB.
2026-10-04T13:35:57Z INFO [221/900] 3513ede9-ce62-422a-a027-51a6237b8d25: 100 groups; 4.5 s; peak memory 274 MiB.
2026-10-04T13:35:58Z INFO [222/900] 35143e75-a02b-4ddd-b642-1b1554c010f8: 22 groups; 1.3 s; peak memory 274 MiB.
2026-10-04T13:36:00Z INFO [223/900] 35146485-9bc3-4930-9a8c-8acd9dc6ba45: 22 groups; 1.4 s; peak memory 274 MiB.
2026-10-04T13:36:13Z INFO [224/900] 351494c3-a4e2-4002-8d95-5f41f0c90545: 143 groups; 13.0 s; peak memory 274 MiB.
2026-10-04T13:36:16Z INFO [225/900] 3514c634-067c-4d2f-bb23-e9924711d925: 48 groups; 3.1 s; peak memory 274 MiB.
2026-10-04T13:36:27Z INFO [226/900] 3514cbf4-37c3-4a71-be79-9edb70bbfed5: 144 groups; 10.8 s; peak memory 274 MiB.
2026-10-04T13:36:28Z INFO [227/900] 351503e8-45b2-4831-84a9-149ba9eaf157: 22 groups; 1.3 s; peak memory 274 MiB.
2026-10-04T13:36:31Z INFO [228/900] 3515e8d4-0228-46f6-af2b-9899ef0d3d6e: 43 groups; 3.2 s; peak memory 274 MiB.
2026-10-04T13:36:35Z INFO [229/900] 35162154-815e-4702-b17b-2684aa77aa20: 48 groups; 3.6 s; peak memory 274 MiB.
2026-10-04T13:36:47Z INFO [230/900] 35169d46-0c24-454b-9595-032c388286dc: 68 groups; 12.6 s; peak memory 274 MiB.
2026-10-04T13:37:07Z INFO [231/900] 35175f17-fcbe-4932-8dcb-dde59f4e1ecb: 140 groups; 19.5 s; peak memory 274 MiB.
2026-10-04T13:37:10Z INFO [232/900] 3517a82a-a2fd-4736-b6fc-18053a14773c: 17 groups; 2.8 s; peak memory 274 MiB.
2026-10-04T13:37:13Z INFO [233/900] 35185469-b1a8-40c5-9149-88c608b71292: 61 groups; 3.7 s; peak memory 274 MiB.
2026-10-04T13:37:25Z INFO [234/900] 35187c61-766c-443c-a117-9e454e64be08: 179 groups; 12.0 s; peak memory 274 MiB.
2026-10-04T13:37:29Z INFO [235/900] 35188b8b-bf00-4cce-ab7e-e0ed5811923a: 48 groups; 3.6 s; peak memory 274 MiB.
2026-10-04T13:37:40Z INFO [236/900] 35192b99-bbaa-4024-9a5a-0a83918ec7cf: 120 groups; 11.3 s; peak memory 274 MiB.
2026-10-04T13:37:44Z INFO [237/900] 3519d9d6-b21e-454a-9596-dad05e964ae5: 48 groups; 3.6 s; peak memory 274 MiB.
2026-10-04T13:37:51Z INFO [238/900] 3519e3bf-6480-41fd-97fa-ed619dd7ec84: 45 groups; 7.0 s; peak memory 274 MiB.
2026-10-04T13:37:53Z INFO [239/900] 351bc888-e8a6-46f0-afb1-8f851453991f: 32 groups; 1.9 s; peak memory 274 MiB.
2026-10-04T13:37:54Z INFO [240/900] 351befd2-f046-4281-81c5-5f7946f5bb86: 17 groups; 1.3 s; peak memory 274 MiB.
2026-10-04T13:38:03Z INFO [241/900] 351c8145-1bee-4d71-a46c-639aca108ded: 50 groups; 9.4 s; peak memory 274 MiB.
2026-10-04T13:38:17Z INFO [242/900] 351cf066-a304-4d31-8606-75d7f7142562: 187 groups; 13.6 s; peak memory 274 MiB.
2026-10-04T13:39:13Z INFO [243/900] 351e4838-523d-4338-8582-8fdece60a297: 26 groups; 56.2 s; peak memory 316 MiB.
2026-10-04T13:39:15Z INFO [244/900] 351e94c7-c21f-4d86-84eb-53eb60601e96: 32 groups; 1.4 s; peak memory 316 MiB.
2026-10-04T13:39:16Z INFO [245/900] 351e9cd9-fded-4d87-979d-00faa08ebb17: 51 groups; 2.0 s; peak memory 316 MiB.
2026-10-04T13:39:18Z INFO [246/900] 351ea919-3992-4ad3-83c6-b1ada9603adf: 32 groups; 1.9 s; peak memory 316 MiB.
2026-10-04T13:39:39Z INFO [247/900] 351ecf6e-49f4-4136-be37-ca7dd25a89cd: 191 groups; 20.2 s; peak memory 316 MiB.
2026-10-04T13:39:55Z INFO [248/900] 351f822b-5642-4c38-b155-a08a20d7b2fd: 205 groups; 16.5 s; peak memory 316 MiB.
2026-10-04T13:39:57Z INFO [249/900] 351f9412-e0d9-4ce7-a01f-77348dfd6904: 27 groups; 2.1 s; peak memory 316 MiB.
2026-10-04T13:39:58Z INFO [250/900] 35203812-b99a-408f-9b79-6faa3daef7e2: 28 groups; 1.2 s; peak memory 316 MiB.
2026-10-04T13:39:59Z INFO [250/900] 35203812-b99a-408f-9b79-6faa3daef7e2: checkpointed 72686 records.
2026-10-04T13:40:01Z INFO [251/900] 35210ec3-88ba-4992-b982-dd4d91d7fba8: 33 groups; 2.0 s; peak memory 316 MiB.
2026-10-04T13:40:03Z INFO [252/900] 35217f8c-fe3c-4a0d-be12-cf446c7ca7f0: 36 groups; 2.5 s; peak memory 316 MiB.
2026-10-04T13:40:23Z INFO [253/900] 35221bba-4c02-4c6d-8db7-f64e9fa66b73: 183 groups; 19.5 s; peak memory 316 MiB.
2026-10-04T13:40:24Z INFO [254/900] 35235074-9e7c-437d-92e9-9b5add375767: 22 groups; 1.4 s; peak memory 316 MiB.
2026-10-04T13:40:26Z INFO [255/900] 3523f696-eaa5-4de5-ad0d-cb28dd562941: 32 groups; 1.6 s; peak memory 316 MiB.
2026-10-04T13:40:27Z INFO [256/900] 35247042-12ef-44f6-a0ec-0d23372b5f7f: 22 groups; 1.5 s; peak memory 316 MiB.
2026-10-04T13:40:29Z INFO [257/900] 3525377d-09da-4ed4-9422-75b3bf85093d: 36 groups; 1.9 s; peak memory 316 MiB.
2026-10-04T13:40:30Z INFO [258/900] 3525a354-1ec9-480a-a0fb-dbb10880faa7: 16 groups; 1.2 s; peak memory 316 MiB.
2026-10-04T13:40:35Z INFO [259/900] 3525b9ba-884c-4adc-9457-734f046ac051: 95 groups; 5.0 s; peak memory 316 MiB.
2026-10-04T13:40:37Z INFO [260/900] 3527b59e-c48e-4145-ae7f-1188785c6bee: 35 groups; 2.0 s; peak memory 316 MiB.
2026-10-04T13:40:39Z INFO [261/900] 3528a933-1102-4b9b-a3e8-64a36b6639f0: 32 groups; 1.7 s; peak memory 316 MiB.
2026-10-04T13:40:41Z INFO [262/900] 3529213e-0bd6-40e7-a755-8a5c5646b7b9: 255 groups; 1.7 s; peak memory 316 MiB.
2026-10-04T13:40:42Z INFO [263/900] 35293a70-6a87-49d3-8c6d-5e10cf380d13: 31 groups; 1.1 s; peak memory 316 MiB.
2026-10-04T13:40:45Z INFO [264/900] 3529a0a7-e630-4c94-b5a0-8863210065f7: 54 groups; 3.8 s; peak memory 316 MiB.
2026-10-04T13:40:47Z INFO [265/900] 3529b96c-8b46-49d3-a33a-e643c67ced7a: 33 groups; 1.8 s; peak memory 316 MiB.
2026-10-04T13:40:49Z INFO [266/900] 352a0c7d-0cd3-4939-910e-e4d7931e33ae: 32 groups; 1.5 s; peak memory 316 MiB.
2026-10-04T13:40:50Z INFO [267/900] 352a1359-5093-48c3-b66c-37963cd41ac7: 203 groups; 1.7 s; peak memory 316 MiB.
2026-10-04T13:40:52Z INFO [268/900] 352a2a36-e0c8-4715-bef7-c4da54a6f70a: 22 groups; 1.3 s; peak memory 316 MiB.
2026-10-04T13:40:54Z INFO [269/900] 352a2e13-79f4-48df-9d06-96be86a3f106: 202 groups; 2.2 s; peak memory 316 MiB.
2026-10-04T13:41:02Z INFO [270/900] 352a76e6-7cfa-405d-8d8c-7e4e204a1b9e: 34 groups; 8.2 s; peak memory 316 MiB.
2026-10-04T13:41:03Z INFO [271/900] 352b29e7-e350-4479-af6b-803a236824e4: 22 groups; 1.3 s; peak memory 316 MiB.
2026-10-04T13:41:08Z INFO [272/900] 352b7d67-c455-4839-8e28-d0098baa5edd: 50 groups; 4.1 s; peak memory 316 MiB.
2026-10-04T13:41:15Z INFO [273/900] 352bf565-cfbb-47a9-90f2-ec09f5a30e3c: 138 groups; 7.7 s; peak memory 316 MiB.
2026-10-04T13:41:22Z INFO [274/900] 352c20f1-6dd9-41e2-85c0-71cad488cd5c: 127 groups; 6.9 s; peak memory 316 MiB.
2026-10-04T13:41:24Z INFO [275/900] 352c34bb-8d60-46a6-a643-2c5c29df5fb0: 49 groups; 2.2 s; peak memory 316 MiB.
2026-10-04T13:41:26Z INFO [276/900] 352c83e4-16a5-4efc-9e53-685cba0d252c: 32 groups; 1.7 s; peak memory 316 MiB.
2026-10-04T13:41:38Z INFO [277/900] 352d24e5-a1ff-4653-b8d1-3261e44b3c02: 152 groups; 11.5 s; peak memory 316 MiB.
2026-10-04T13:41:39Z INFO [278/900] 352d43da-f6ec-4cdc-af2d-1d34ae627741: 16 groups; 1.1 s; peak memory 316 MiB.
2026-10-04T13:41:40Z INFO [279/900] 352f2da1-bb71-4eaf-b4da-a72a72f8c30d: 29 groups; 1.2 s; peak memory 316 MiB.
2026-10-04T13:44:17Z INFO [280/900] 353071d0-b936-40a1-a262-621009d457ca: 69 groups; 156.8 s; peak memory 392 MiB.
2026-10-04T13:44:18Z INFO [281/900] 353105e8-3d2e-4362-97e8-6277c8ee89ed: 28 groups; 1.2 s; peak memory 392 MiB.
2026-10-04T13:44:37Z INFO [282/900] 353253e2-3346-4aed-8990-99e784766f46: 433 groups; 19.1 s; peak memory 392 MiB.
2026-10-04T13:44:38Z INFO [283/900] 3532e2e6-0000-4e15-88e0-1f2a5a219c97: 22 groups; 1.4 s; peak memory 392 MiB.
2026-10-04T13:44:40Z INFO [284/900] 35336d0a-0300-4101-b4fa-6273939cd2e1: 22 groups; 1.3 s; peak memory 392 MiB.
2026-10-04T13:44:41Z INFO [285/900] 3534dd68-da26-4c43-a85e-5d26dbe00831: 16 groups; 1.2 s; peak memory 392 MiB.
2026-10-04T13:45:08Z INFO [286/900] 3534fb08-57d3-47c3-99df-ddf3385b299f: 232 groups; 27.1 s; peak memory 392 MiB.
2026-10-04T13:45:15Z INFO [287/900] 3535d0f6-c4b3-4849-8e0a-fdabf6cc554b: 78 groups; 6.4 s; peak memory 392 MiB.
2026-10-04T13:45:17Z INFO [288/900] 35383b5a-38dc-4e61-8955-5a0d3b7c21f6: 35 groups; 2.1 s; peak memory 392 MiB.
2026-10-04T13:45:19Z INFO [289/900] 3538bf96-a08f-4456-b297-f961d966ff82: 41 groups; 2.3 s; peak memory 392 MiB.
2026-10-04T13:45:35Z INFO [290/900] 35392022-64c9-466d-a3c2-101ee49fcb5f: 232 groups; 16.3 s; peak memory 392 MiB.
2026-10-04T13:45:37Z INFO [291/900] 3539d5f1-fb21-4577-bf42-bd97cbdb96ab: 36 groups; 2.0 s; peak memory 392 MiB.
2026-10-04T13:45:39Z INFO [292/900] 353afcc6-b73c-41ef-aa61-6375c484e0a6: 196 groups; 2.0 s; peak memory 392 MiB.
2026-10-04T13:47:36Z INFO [293/900] 353b910a-a000-4b3c-8de7-d0a51f124824: 27 groups; 116.3 s; peak memory 392 MiB.
2026-10-04T13:47:39Z INFO [294/900] 353c0d95-6895-440a-add6-cc7d90dc5e57: 42 groups; 3.3 s; peak memory 392 MiB.
2026-10-04T13:47:41Z INFO [295/900] 353da15e-e983-4075-81f2-e0cf8abc4dce: 35 groups; 1.9 s; peak memory 392 MiB.
2026-10-04T13:47:43Z INFO [296/900] 353dc27e-4e71-46ce-ad93-27d9a0f6a97a: 32 groups; 2.0 s; peak memory 392 MiB.
2026-10-04T13:47:45Z INFO [297/900] 353dc604-d197-4f9d-ba5f-9b25547d7857: 48 groups; 2.5 s; peak memory 392 MiB.
2026-10-04T13:47:50Z INFO [298/900] 353e824f-9e90-4f56-98de-96376da20fc3: 58 groups; 4.0 s; peak memory 392 MiB.
2026-10-04T13:47:51Z INFO [299/900] 353e87b8-5190-49ea-a6da-2c56ff9385c0: 24 groups; 1.2 s; peak memory 392 MiB.
2026-10-04T13:47:53Z INFO [300/900] 353ecfad-532f-48b5-9e0d-dc76b07324d4: 48 groups; 2.2 s; peak memory 392 MiB.
2026-10-04T13:47:53Z INFO [300/900] 353ecfad-532f-48b5-9e0d-dc76b07324d4: checkpointed 72736 records.
2026-10-04T13:48:04Z INFO [301/900] 353f1bef-93e7-47e7-b934-9b1bb9ec158b: 76 groups; 10.5 s; peak memory 392 MiB.
2026-10-04T13:48:05Z INFO [302/900] 353fc679-ebe3-4bd6-aa87-569ae060a839: 32 groups; 1.6 s; peak memory 392 MiB.
2026-10-04T13:48:07Z INFO [303/900] 353fc7e0-e6ac-4a1f-908b-6e75f9cf8dd5: 35 groups; 1.6 s; peak memory 392 MiB.
2026-10-04T13:48:08Z INFO [304/900] 353fd1b7-3e7d-42a1-85b2-535d2166e531: 17 groups; 1.5 s; peak memory 392 MiB.
2026-10-04T13:48:10Z INFO [305/900] 35400028-8cda-41a1-833d-98287a8084bf: 22 groups; 1.3 s; peak memory 392 MiB.
2026-10-04T13:48:18Z INFO [306/900] 3540157f-5228-4393-a07d-6e81adc2f484: 34 groups; 8.8 s; peak memory 392 MiB.
2026-10-04T13:48:33Z INFO [307/900] 354065a1-a6ec-4454-8dc7-058e098d81d9: 182 groups; 15.1 s; peak memory 392 MiB.
2026-10-04T13:48:35Z INFO [308/900] 35449ef0-8176-4fc1-89bf-0e2b9414b274: 28 groups; 1.2 s; peak memory 392 MiB.
2026-10-04T13:48:38Z INFO [309/900] 3544d156-0c15-4c9a-9e1c-c0d7faa7286f: 60 groups; 3.6 s; peak memory 392 MiB.
2026-10-04T13:48:42Z INFO [310/900] 3544fe70-c6dd-4b02-a4d1-f1ea4c2a9ad8: 48 groups; 3.5 s; peak memory 392 MiB.
2026-10-04T13:48:44Z INFO [311/900] 354525d1-95a0-445f-a15d-5878c33b5994: 32 groups; 1.9 s; peak memory 392 MiB.
2026-10-04T13:48:45Z INFO [312/900] 35466f67-2d1f-4e31-8e21-49299dfa789c: 30 groups; 1.2 s; peak memory 392 MiB.
2026-10-04T13:48:46Z INFO [313/900] 35469043-6aed-49b3-b9ee-ce240657eb70: 32 groups; 1.5 s; peak memory 392 MiB.
2026-10-04T13:48:53Z INFO [314/900] 3547bb9c-311a-4699-acf2-2c59f76d71da: 66 groups; 7.1 s; peak memory 392 MiB.
2026-10-04T13:48:56Z INFO [315/900] 35480cd9-0d50-460d-a811-6fa4af5bd01c: 206 groups; 2.4 s; peak memory 392 MiB.
2026-10-04T13:48:57Z INFO [316/900] 3548373c-13dd-4ee0-b7b8-4db81dea6bb8: 22 groups; 1.5 s; peak memory 392 MiB.
2026-10-04T13:49:01Z INFO [317/900] 3548934b-6111-415e-a7ba-74bfe3a2505c: 50 groups; 3.9 s; peak memory 392 MiB.
2026-10-04T13:49:10Z INFO [318/900] 35492b1f-3332-4cf1-befc-19b8b5336e0f: 131 groups; 9.0 s; peak memory 392 MiB.
2026-10-04T13:49:12Z INFO [319/900] 3549b731-91b4-4c97-a852-f07b436541f1: 254 groups; 1.6 s; peak memory 392 MiB.
2026-10-04T13:49:14Z INFO [320/900] 3549cf79-5534-45e1-9318-fb5b68a3e364: 108 groups; 2.4 s; peak memory 392 MiB.
2026-10-04T13:49:15Z INFO [321/900] 354a030c-becd-4c12-bf70-5f970ac24253: 25 groups; 1.2 s; peak memory 392 MiB.
2026-10-04T13:49:17Z INFO [322/900] 354a11bf-2545-43cc-a3a7-497d87a2025e: 17 groups; 1.4 s; peak memory 392 MiB.
2026-10-04T13:49:18Z INFO [323/900] 354a387e-67bb-4b03-ba6e-703ce8ecbf5f: 25 groups; 1.7 s; peak memory 392 MiB.
2026-10-04T13:49:20Z INFO [324/900] 354aace1-bb25-48b3-8cf2-7282158ad597: 36 groups; 2.0 s; peak memory 392 MiB.
2026-10-04T13:49:24Z INFO [325/900] 354aae15-0c83-4423-b734-8ff6a28bcf02: 36 groups; 4.1 s; peak memory 392 MiB.
2026-10-04T13:49:26Z INFO [326/900] 354b2886-53c8-4863-8a0f-02c7cb03f931: 16 groups; 1.2 s; peak memory 392 MiB.
2026-10-04T13:49:28Z INFO [327/900] 354b3658-e834-446d-9db6-2b810172cfc1: 203 groups; 2.0 s; peak memory 392 MiB.
2026-10-04T13:49:31Z INFO [328/900] 354b850b-b2aa-4c32-9ec5-a2f328e02b89: 48 groups; 3.3 s; peak memory 392 MiB.
2026-10-04T13:49:33Z INFO [329/900] 354bc985-901e-448e-a247-4b6d8bb668a1: 26 groups; 1.9 s; peak memory 392 MiB.
2026-10-04T13:49:34Z INFO [330/900] 354c15fa-f942-45df-8572-abad0a23caed: 32 groups; 1.7 s; peak memory 392 MiB.
2026-10-04T13:49:36Z INFO [331/900] 354c41ca-b825-46fd-bd60-c8a2f175be0c: 32 groups; 1.9 s; peak memory 392 MiB.
2026-10-04T13:49:38Z INFO [332/900] 354c95d2-ee41-4730-a0ca-145220a12af7: 22 groups; 1.3 s; peak memory 392 MiB.
2026-10-04T13:49:39Z INFO [333/900] 354d2229-4947-40ee-9c43-0286a4692111: 22 groups; 1.3 s; peak memory 392 MiB.
2026-10-04T13:49:46Z INFO [334/900] 354d25e3-4d36-4024-b7d3-d09903b42e8d: 53 groups; 7.2 s; peak memory 392 MiB.
2026-10-04T13:49:48Z INFO [335/900] 354d8681-32c9-4841-8797-ae16307c6136: 29 groups; 1.6 s; peak memory 392 MiB.
2026-10-04T13:49:49Z INFO [336/900] 354dbf26-1da7-4816-8503-922616538c2a: 253 groups; 1.6 s; peak memory 392 MiB.
2026-10-04T13:49:51Z INFO [337/900] 354eb9aa-4c50-47e0-a3ee-a227a473f273: 35 groups; 1.7 s; peak memory 392 MiB.
2026-10-04T13:49:52Z INFO [338/900] 354ef80b-7eac-483e-86bf-a17291699831: 22 groups; 1.4 s; peak memory 392 MiB.
2026-10-04T13:49:56Z INFO [339/900] 354f7972-0910-4507-a5af-64f94bbc80f9: 48 groups; 3.3 s; peak memory 392 MiB.
2026-10-04T13:49:57Z INFO [340/900] 354fdc8e-6a33-4a8c-82ac-5a51aabf62ba: 22 groups; 1.4 s; peak memory 392 MiB.
2026-10-04T13:50:05Z INFO [341/900] 3550504f-c3e9-41cc-b0bb-9101a876a9dd: 378 groups; 7.5 s; peak memory 392 MiB.
2026-10-04T13:50:06Z INFO [342/900] 3550a686-378b-4bb3-8fcc-5e4bf14d2313: 32 groups; 1.8 s; peak memory 392 MiB.
2026-10-04T13:50:13Z INFO [343/900] 35517c26-f7cb-4821-85ef-71e5b651815b: 181 groups; 6.4 s; peak memory 392 MiB.
2026-10-04T13:50:14Z INFO [344/900] 3551e6d5-017b-4401-8fb9-d4f41e2566da: 22 groups; 1.4 s; peak memory 392 MiB.
2026-10-04T13:50:18Z INFO [345/900] 35524646-3cc0-43fa-846d-8ebcba8f365b: 64 groups; 4.2 s; peak memory 392 MiB.
2026-10-04T13:50:20Z INFO [346/900] 355324f1-f1d8-4beb-bd39-067bf50e91e1: 33 groups; 1.6 s; peak memory 392 MiB.
2026-10-04T13:50:21Z INFO [347/900] 355348c5-0a4e-4bdf-8d1c-ee34225ca79e: 30 groups; 1.2 s; peak memory 392 MiB.
2026-10-04T13:50:23Z INFO [348/900] 35536a02-7ffd-4ec3-85ce-60bd2b234acb: 22 groups; 1.3 s; peak memory 392 MiB.
2026-10-04T13:50:29Z INFO [349/900] 3553f650-9c01-4da4-b7ce-d1d3cbf07e35: 155 groups; 6.3 s; peak memory 392 MiB.
2026-10-04T13:50:30Z INFO [350/900] 35550037-113e-41b8-af67-985279933270: 22 groups; 1.5 s; peak memory 392 MiB.
2026-10-04T13:50:31Z INFO [350/900] 35550037-113e-41b8-af67-985279933270: checkpointed 72786 records.
2026-10-04T13:50:32Z INFO [351/900] 355507e9-9299-4060-836f-1f1d388f23e7: 31 groups; 1.2 s; peak memory 392 MiB.
2026-10-04T13:50:34Z INFO [352/900] 3555416f-f7e3-4083-940f-1495581a32c0: 207 groups; 2.4 s; peak memory 392 MiB.
2026-10-04T13:50:37Z INFO [353/900] 355557c3-5344-40bb-9aad-1656c05c6817: 35 groups; 2.3 s; peak memory 392 MiB.
2026-10-04T13:50:38Z INFO [354/900] 35559e6d-cd39-4122-9b5f-65d5a3278474: 22 groups; 1.4 s; peak memory 392 MiB.
2026-10-04T13:50:40Z INFO [355/900] 355600d2-4396-4bb4-a283-8d80cf7a468b: 35 groups; 2.2 s; peak memory 392 MiB.
2026-10-04T13:50:42Z INFO [356/900] 3556253b-a85e-49d6-a12f-b9d6244a655f: 32 groups; 1.8 s; peak memory 392 MiB.
2026-10-04T13:50:54Z INFO [357/900] 3557eed6-bb36-4391-8a69-f21d6028ab1a: 173 groups; 11.6 s; peak memory 392 MiB.
2026-10-04T13:50:55Z INFO [358/900] 35584511-786c-4c7c-90bf-3993c2d8a458: 203 groups; 1.8 s; peak memory 392 MiB.
2026-10-04T13:50:57Z INFO [359/900] 3559519d-f1fa-40fe-9e0a-3320eddac3ca: 22 groups; 1.5 s; peak memory 392 MiB.
2026-10-04T13:50:58Z INFO [360/900] 3559823d-d51b-4daa-b58f-bb31aa484ab2: 22 groups; 1.6 s; peak memory 392 MiB.
2026-10-04T13:51:01Z INFO [361/900] 355984e1-1db3-43e9-acce-17009e96975d: 41 groups; 2.2 s; peak memory 392 MiB.
2026-10-04T13:51:02Z INFO [362/900] 355a17ee-bcbb-4416-b151-d81b06684105: 22 groups; 1.4 s; peak memory 392 MiB.
2026-10-04T13:51:16Z INFO [363/900] 355af168-287b-4d12-b463-c36d4bbd3d84: 110 groups; 14.2 s; peak memory 392 MiB.
2026-10-04T13:51:18Z INFO [364/900] 355b0fe9-3eb5-41d4-8caf-6a881a3ff661: 52 groups; 2.0 s; peak memory 392 MiB.
2026-10-04T13:51:21Z INFO [365/900] 355b8b7d-7b38-49cd-b44a-dc8a2fd5ce92: 199 groups; 2.5 s; peak memory 392 MiB.
2026-10-04T13:51:22Z INFO [366/900] 355c0248-7e9a-4d15-8d51-bbba8fcd541a: 253 groups; 1.5 s; peak memory 392 MiB.
2026-10-04T13:51:29Z INFO [367/900] 355c4149-0b38-4c8e-a5a5-09d2b0012575: 83 groups; 7.2 s; peak memory 392 MiB.
2026-10-04T13:51:58Z INFO [368/900] 355d0edb-cc25-4e7e-83c1-554c0ae6c7aa: 23 groups; 28.4 s; peak memory 392 MiB.
2026-10-04T13:52:01Z INFO [369/900] 355d6779-7bcf-4ae4-a228-e3323d7a3ba6: 50 groups; 3.7 s; peak memory 392 MiB.
2026-10-04T13:52:03Z INFO [370/900] 355d73eb-f55d-4e20-9099-611a32e8a746: 25 groups; 1.2 s; peak memory 392 MiB.
2026-10-04T13:52:05Z INFO [371/900] 355e0bb4-7069-4a62-921c-cb4e301118bd: 35 groups; 2.2 s; peak memory 392 MiB.
2026-10-04T13:52:07Z INFO [372/900] 355ed259-1c5e-43e9-9c70-f007dd54a3cd: 35 groups; 2.2 s; peak memory 392 MiB.
2026-10-04T13:52:09Z INFO [373/900] 355f2dae-d064-4ac3-8983-6452f44de53b: 108 groups; 2.1 s; peak memory 392 MiB.
2026-10-04T13:52:10Z INFO [374/900] 355f930c-a859-43d4-b73b-a80aefe88b86: 31 groups; 1.3 s; peak memory 392 MiB.
2026-10-04T13:52:12Z INFO [375/900] 355ff9a9-0629-45b6-9289-524cf20bddce: 22 groups; 1.3 s; peak memory 392 MiB.
2026-10-04T13:52:14Z INFO [376/900] 35609529-66e7-41e8-8ff7-dedbe129afff: 27 groups; 1.9 s; peak memory 392 MiB.
2026-10-04T13:52:15Z INFO [377/900] 3560af70-71b6-48eb-b839-2876b4319404: 22 groups; 1.3 s; peak memory 392 MiB.
2026-10-04T13:52:16Z INFO [378/900] 3560d6a7-4cfa-4989-9729-2e5b7ef495db: 18 groups; 1.1 s; peak memory 392 MiB.
2026-10-04T13:52:17Z INFO [379/900] 3560e432-099e-4a51-a5a2-a85c94f214d6: 22 groups; 1.4 s; peak memory 392 MiB.
2026-10-04T13:52:19Z INFO [380/900] 3561400e-b342-47a8-9f75-0bcf9340636d: 257 groups; 2.0 s; peak memory 392 MiB.
2026-10-04T13:52:27Z INFO [381/900] 3561ac5a-2647-4afd-b98f-1472f85cc8d8: 66 groups; 7.5 s; peak memory 392 MiB.
2026-10-04T13:52:30Z INFO [382/900] 3562fe79-a7e8-4b24-a2c0-059135329485: 48 groups; 3.2 s; peak memory 392 MiB.
2026-10-04T13:52:31Z INFO [383/900] 3563245d-d59a-4e4b-9031-bc16718eb6ad: 20 groups; 1.3 s; peak memory 392 MiB.
2026-10-04T13:52:37Z INFO [384/900] 3564116f-5865-4d67-a7e9-79b29bba4658: 120 groups; 5.5 s; peak memory 392 MiB.
2026-10-04T13:52:45Z INFO [385/900] 35644386-788d-4d56-8024-c73b711423e7: 70 groups; 7.9 s; peak memory 392 MiB.
2026-10-04T13:52:46Z INFO [386/900] 356529f1-caaf-4757-84cd-3af4d0c0664c: 17 groups; 1.2 s; peak memory 392 MiB.
2026-10-04T13:52:48Z INFO [387/900] 3565d0fc-bfb6-499e-88c0-fd05c48411df: 35 groups; 1.7 s; peak memory 392 MiB.
2026-10-04T13:52:52Z INFO [388/900] 35674b98-e81e-4fe8-abbe-db5e51cc73f5: 42 groups; 3.9 s; peak memory 392 MiB.
2026-10-04T13:52:53Z INFO [389/900] 35677348-8137-4dca-ad2c-f2ef9b0765ea: 29 groups; 1.7 s; peak memory 392 MiB.
2026-10-04T13:52:55Z INFO [390/900] 356786c0-2a58-4b16-baee-06aa99ec74f8: 32 groups; 1.6 s; peak memory 392 MiB.
2026-10-04T13:57:20Z INFO [391/900] 3567c8c3-b21d-443e-8515-9f2982cbb02e: 72 groups; 265.3 s; peak memory 499 MiB.
2026-10-04T13:57:32Z INFO [392/900] 35682e98-4230-4a8c-a63e-400e98635124: 220 groups; 11.7 s; peak memory 499 MiB.
2026-10-04T13:57:34Z INFO [393/900] 35686bde-de83-4c57-89ef-672ed62cd065: 34 groups; 2.3 s; peak memory 499 MiB.
2026-10-04T13:57:36Z INFO [394/900] 35693c76-bc1c-4fe7-abc8-1cf90064ef9a: 67 groups; 1.6 s; peak memory 499 MiB.
2026-10-04T13:57:39Z INFO [395/900] 3569bf3c-92c7-4d87-9e2f-be2c3c1aff7e: 48 groups; 3.1 s; peak memory 499 MiB.
2026-10-04T13:57:40Z INFO [396/900] 356ae564-0da3-4207-8ba4-8e6e52982970: 24 groups; 1.1 s; peak memory 499 MiB.
2026-10-04T13:57:42Z INFO [397/900] 356b34af-a95f-4f9a-9125-140934646a94: 21 groups; 1.6 s; peak memory 499 MiB.
2026-10-04T13:57:44Z INFO [398/900] 356b4cf8-9c19-4aa8-8f17-5f91a6c51f28: 199 groups; 2.3 s; peak memory 499 MiB.
2026-10-04T13:57:46Z INFO [399/900] 356b82b7-948b-4cdd-8cd5-e451b845dd0b: 35 groups; 1.9 s; peak memory 499 MiB.
2026-10-04T14:00:27Z INFO [400/900] 356c7067-2ca6-4085-ba3a-822932efaf60: 66 groups; 161.1 s; peak memory 499 MiB.
2026-10-04T14:00:27Z INFO [400/900] 356c7067-2ca6-4085-ba3a-822932efaf60: checkpointed 72836 records.
2026-10-04T14:00:28Z INFO [401/900] 356e0a2c-a1ce-42fb-983f-6a1cc8624e57: 22 groups; 1.3 s; peak memory 499 MiB.
2026-10-04T14:00:30Z INFO [402/900] 356f937c-3ebb-4d6d-bdb2-04b733842eb1: 22 groups; 1.3 s; peak memory 499 MiB.
2026-10-04T14:00:31Z INFO [403/900] 35706617-602d-49fc-8dff-def6c0a1a684: 25 groups; 1.4 s; peak memory 499 MiB.
2026-10-04T14:00:46Z INFO [404/900] 35710c0c-6f9a-490c-acb9-897a711a0039: 88 groups; 15.3 s; peak memory 499 MiB.
2026-10-04T14:00:47Z INFO [405/900] 3571384d-60e7-43e8-84c9-70e8619201d6: 16 groups; 1.1 s; peak memory 499 MiB.
2026-10-04T14:00:49Z INFO [406/900] 35722863-3408-4f06-a14b-2c67526d51f8: 35 groups; 1.4 s; peak memory 499 MiB.
2026-10-04T14:00:50Z INFO [407/900] 357278ce-cfcd-4bc5-b1e3-98114a8f560c: 16 groups; 1.0 s; peak memory 499 MiB.
2026-10-04T14:01:10Z INFO [408/900] 3572b728-82a9-4a10-acb4-3e34189e12e9: 294 groups; 20.4 s; peak memory 499 MiB.
2026-10-04T14:01:13Z INFO [409/900] 3572bd2c-fbfa-420a-8dec-3fbf984a544c: 44 groups; 2.7 s; peak memory 499 MiB.
2026-10-04T14:01:14Z INFO [410/900] 35739452-1c08-442f-bb76-c121ca29750b: 22 groups; 1.5 s; peak memory 499 MiB.
2026-10-04T14:01:16Z INFO [411/900] 357444be-9e37-4bc0-b291-8b01a2ca87ec: 30 groups; 1.1 s; peak memory 499 MiB.
2026-10-04T14:01:17Z INFO [412/900] 3574b6c0-671d-48cd-bccc-086edd677e5d: 16 groups; 1.3 s; peak memory 499 MiB.
2026-10-04T14:01:18Z INFO [413/900] 3574ce5f-de19-4dce-8bfb-eb60298b22dd: 16 groups; 1.1 s; peak memory 499 MiB.
2026-10-04T14:01:20Z INFO [414/900] 35756725-aca9-4298-8391-65eeb1067e8c: 32 groups; 1.8 s; peak memory 499 MiB.
2026-10-04T14:01:21Z INFO [415/900] 357634d0-ee60-4351-af1c-1f8ee7e52cdc: 32 groups; 1.6 s; peak memory 499 MiB.
2026-10-04T14:01:24Z INFO [416/900] 35763d1b-ab80-4504-baa4-f1e8ca9fdd6c: 27 groups; 2.2 s; peak memory 499 MiB.
2026-10-04T14:01:26Z INFO [417/900] 3576645d-ec2a-4b10-b6b2-7547c1f99678: 35 groups; 2.6 s; peak memory 499 MiB.
2026-10-04T14:01:28Z INFO [418/900] 3576c7ab-4306-4763-9d99-430e42fbeb38: 22 groups; 1.4 s; peak memory 499 MiB.
2026-10-04T14:01:32Z INFO [419/900] 357739f1-21fd-47c8-b323-83a23aca5aef: 36 groups; 4.6 s; peak memory 499 MiB.
2026-10-04T14:01:35Z INFO [420/900] 357755c7-b56b-4080-835a-c04b2ea0028c: 48 groups; 2.5 s; peak memory 499 MiB.
2026-10-04T14:01:36Z INFO [421/900] 35781736-2740-4a54-95a3-ac1a6ac45e55: 22 groups; 1.5 s; peak memory 499 MiB.
2026-10-04T14:01:38Z INFO [422/900] 35781dff-6b3f-4ade-be01-a85ac38b8a6c: 32 groups; 1.7 s; peak memory 499 MiB.
2026-10-04T14:01:39Z INFO [423/900] 357824dc-a4cb-4ae9-86a1-e132c331582f: 22 groups; 1.3 s; peak memory 499 MiB.
2026-10-04T14:01:41Z INFO [424/900] 357b143b-8e55-4b8e-acb0-f0fb69f99e59: 35 groups; 1.7 s; peak memory 499 MiB.
2026-10-04T14:01:42Z INFO [425/900] 357b7e8d-43a3-4e55-9fb4-7b9d6d14dd4e: 33 groups; 1.3 s; peak memory 499 MiB.
2026-10-04T14:01:44Z INFO [426/900] 357c7d7d-45e4-405a-b79a-3b8e11aef319: 22 groups; 1.3 s; peak memory 499 MiB.
2026-10-04T14:01:45Z INFO [427/900] 357ed06e-3a6e-4f68-97f5-d3bf9249f13c: 22 groups; 1.5 s; peak memory 499 MiB.
2026-10-04T14:01:47Z INFO [428/900] 357ed94e-d42d-480a-bd51-0a49381c70b0: 32 groups; 1.6 s; peak memory 499 MiB.
2026-10-04T14:02:16Z INFO [429/900] 357eeffe-7367-4e1b-82db-1af36c66ce59: 61 groups; 29.0 s; peak memory 499 MiB.
2026-10-04T14:02:27Z INFO [430/900] 35808086-b118-4de4-bdf6-e05b5b2a0e7f: 22 groups; 11.5 s; peak memory 499 MiB.
2026-10-04T14:02:28Z INFO [431/900] 35810ffa-f023-4063-ad99-4d547adaa520: 31 groups; 1.2 s; peak memory 499 MiB.
2026-10-04T14:02:36Z INFO [432/900] 35829c8a-98c6-411b-aa33-ad12daa272b0: 47 groups; 7.2 s; peak memory 499 MiB.
2026-10-04T14:02:37Z INFO [433/900] 3585ff1c-2d0f-45de-ba58-55c17cfd0fb5: 32 groups; 1.7 s; peak memory 499 MiB.
2026-10-04T14:02:41Z INFO [434/900] 35861cd7-9607-418b-a106-94705e9c1681: 48 groups; 3.4 s; peak memory 499 MiB.
2026-10-04T14:02:42Z INFO [435/900] 3586d2e9-6bd1-49eb-9d76-6ae85019e474: 22 groups; 1.3 s; peak memory 499 MiB.
2026-10-04T14:02:44Z INFO [436/900] 3586fbfb-8f85-427f-ac32-a80477815f51: 35 groups; 2.2 s; peak memory 499 MiB.
2026-10-04T14:02:46Z INFO [437/900] 3587207c-5f66-481c-b109-51bd136846dd: 27 groups; 1.6 s; peak memory 499 MiB.
2026-10-04T14:02:48Z INFO [438/900] 3588ab2b-b008-4736-908b-d3b37be9bdc5: 103 groups; 1.8 s; peak memory 499 MiB.
2026-10-04T14:02:49Z INFO [439/900] 3588ab66-72b9-4c23-8a15-c028c2a2033e: 22 groups; 1.5 s; peak memory 499 MiB.
2026-10-04T14:02:59Z INFO [440/900] 35890ddd-33d9-4ed2-a55e-24cc5b2a85da: 110 groups; 9.7 s; peak memory 499 MiB.
2026-10-04T14:03:00Z INFO [441/900] 35899ed1-092c-4d64-9bab-430370536148: 22 groups; 1.4 s; peak memory 499 MiB.
2026-10-04T14:03:02Z INFO [442/900] 3589e630-7b93-4a39-8bf8-7bb1903cf738: 29 groups; 1.5 s; peak memory 499 MiB.
2026-10-04T14:03:03Z INFO [443/900] 358a88e5-2524-4ed2-9db9-ad6b021c002f: 22 groups; 1.3 s; peak memory 499 MiB.
2026-10-04T14:03:04Z INFO [444/900] 358ab55a-afc5-4389-a78a-b22fe98ee9e8: 25 groups; 1.4 s; peak memory 499 MiB.
2026-10-04T14:03:06Z INFO [445/900] 358b95ab-595c-4f2a-a131-514bcf0eee0b: 22 groups; 1.4 s; peak memory 499 MiB.
2026-10-04T14:03:07Z INFO [446/900] 358bbfee-f64e-490f-8ce9-cfa158a6c2fd: 22 groups; 1.4 s; peak memory 499 MiB.
2026-10-04T14:03:23Z INFO [447/900] 358c9e70-5385-4a07-8a60-9ce7b6967987: 111 groups; 15.3 s; peak memory 499 MiB.
2026-10-04T14:03:24Z INFO [448/900] 358cce49-8fb9-4f13-9a47-5bdf62adde2d: 22 groups; 1.1 s; peak memory 499 MiB.
2026-10-04T14:03:25Z INFO [449/900] 358cf52e-b0b0-4261-bada-a949d9cd8303: 22 groups; 1.4 s; peak memory 499 MiB.
2026-10-04T14:03:26Z INFO [450/900] 358dfde0-79bf-47bd-9de4-b85852d2a653: 22 groups; 1.1 s; peak memory 499 MiB.
2026-10-04T14:03:26Z INFO [450/900] 358dfde0-79bf-47bd-9de4-b85852d2a653: checkpointed 72886 records.
2026-10-04T14:03:28Z INFO [451/900] 358ee411-3ec6-4c70-84ec-62aa3420894a: 17 groups; 1.4 s; peak memory 499 MiB.
2026-10-04T14:03:30Z INFO [452/900] 358f8160-06ac-49fd-9df8-c3697fef4882: 35 groups; 1.9 s; peak memory 499 MiB.
2026-10-04T14:03:31Z INFO [453/900] 359034f3-13b1-459c-9f15-4de4a05eba7b: 32 groups; 1.9 s; peak memory 499 MiB.
2026-10-04T14:03:33Z INFO [454/900] 359088e3-9e67-4f10-9bcb-39f05d0140f3: 22 groups; 1.5 s; peak memory 499 MiB.
2026-10-04T14:03:34Z INFO [455/900] 3590eee2-300d-4d5a-a31a-d7f3331fd9f6: 22 groups; 1.4 s; peak memory 499 MiB.
2026-10-04T14:03:35Z INFO [456/900] 35913947-69b7-46a0-a728-26d8be7afb68: 18 groups; 1.1 s; peak memory 499 MiB.
2026-10-04T14:03:37Z INFO [457/900] 3591a65d-25d8-42d6-818a-bf3189a6d845: 32 groups; 1.7 s; peak memory 499 MiB.
2026-10-04T14:03:47Z INFO [458/900] 3591dc6b-3dbc-415f-b190-362f57dc6217: 34 groups; 9.8 s; peak memory 499 MiB.
2026-10-04T14:03:48Z INFO [459/900] 3591f4e4-a5a7-4e1c-8832-8c2de61826a9: 22 groups; 1.3 s; peak memory 499 MiB.
2026-10-04T14:04:05Z INFO [460/900] 35921d97-36f9-450c-9f22-cacd917c7fa5: 204 groups; 17.2 s; peak memory 499 MiB.
2026-10-04T14:04:08Z INFO [461/900] 359233db-f2bf-4a1d-9dfa-4c15af1df854: 337 groups; 2.2 s; peak memory 499 MiB.
2026-10-04T14:04:20Z INFO [462/900] 3592aa54-3412-4c66-8431-33152360e79e: 209 groups; 12.4 s; peak memory 499 MiB.
2026-10-04T14:05:02Z INFO [463/900] 359328b2-1060-40ee-af34-e365ffc61a1e: 2909 groups; 42.0 s; peak memory 499 MiB.
2026-10-04T14:05:04Z INFO [464/900] 359330f9-165f-4ea4-a16b-83df726da343: 336 groups; 2.5 s; peak memory 499 MiB.
2026-10-04T14:05:06Z INFO [465/900] 35937fb7-1622-48b8-a133-d1e8093fdacb: 22 groups; 1.4 s; peak memory 499 MiB.
2026-10-04T14:05:07Z INFO [466/900] 3593e131-bcbe-4aed-b9c4-5c3dce26f424: 18 groups; 1.2 s; peak memory 499 MiB.
2026-10-04T14:05:09Z INFO [467/900] 359438cf-6846-48b8-8490-72a22b4e507f: 29 groups; 1.8 s; peak memory 499 MiB.
2026-10-04T14:05:10Z INFO [468/900] 359481fb-49f3-49a1-968c-972cc9ef8ddc: 33 groups; 1.3 s; peak memory 499 MiB.
2026-10-04T14:05:11Z INFO [469/900] 3594dfbf-80c0-4b94-ade3-31e2c3795f7e: 22 groups; 1.4 s; peak memory 499 MiB.
2026-10-04T14:05:14Z INFO [470/900] 3595279e-57dc-4a44-9cc7-2e5392d0f505: 35 groups; 2.1 s; peak memory 499 MiB.
2026-10-04T14:05:17Z INFO [471/900] 35958852-208c-4923-99a5-cbe02337bca6: 54 groups; 3.3 s; peak memory 499 MiB.
2026-10-04T14:05:19Z INFO [472/900] 3595de77-7bf4-4fa5-b512-8c495b8cf750: 36 groups; 1.8 s; peak memory 499 MiB.
2026-10-04T14:05:20Z INFO [473/900] 3597d1ee-c05c-4b3b-b78c-7cc756d8f5a9: 22 groups; 1.5 s; peak memory 499 MiB.
2026-10-04T14:05:22Z INFO [474/900] 3597fd7c-d16b-4295-85d5-e408f9557c4b: 194 groups; 1.7 s; peak memory 499 MiB.
2026-10-04T14:05:24Z INFO [475/900] 3598111d-6664-4c36-afd7-bd13064cccaa: 253 groups; 1.7 s; peak memory 499 MiB.
2026-10-04T14:05:26Z INFO [476/900] 35984572-6171-4233-a138-fbe054363394: 35 groups; 2.0 s; peak memory 499 MiB.
2026-10-04T14:05:29Z INFO [477/900] 3598b6d6-b6ad-49c6-9515-f145a4481422: 48 groups; 3.4 s; peak memory 499 MiB.
2026-10-04T14:05:38Z INFO [478/900] 3598e1a2-7e89-484e-8223-7e4dc1203765: 17 groups; 8.6 s; peak memory 499 MiB.
2026-10-04T14:05:39Z INFO [479/900] 3599de83-0ba3-4784-8c8b-c687552a1f69: 22 groups; 1.5 s; peak memory 499 MiB.
2026-10-04T14:06:12Z INFO [480/900] 359acf99-e7fd-44a3-ab99-3991ab605e12: 308 groups; 32.7 s; peak memory 499 MiB.
2026-10-04T14:06:14Z INFO [481/900] 359ad6c9-f797-416a-a63f-fab29ea02924: 48 groups; 2.4 s; peak memory 499 MiB.
2026-10-04T14:06:16Z INFO [482/900] 359be98b-10b2-4cb2-acef-f878c6377b41: 25 groups; 1.5 s; peak memory 499 MiB.
2026-10-04T14:06:23Z INFO [483/900] 359c839b-ae13-48e6-8ab3-04daa2d7c98c: 153 groups; 7.6 s; peak memory 499 MiB.
2026-10-04T14:06:25Z INFO [484/900] 359d48c0-3aa2-441a-a8f0-bf1b73ddffde: 22 groups; 1.4 s; peak memory 499 MiB.
2026-10-04T14:06:26Z INFO [485/900] 359e5f85-f72f-48e1-8483-8b02d1898885: 31 groups; 1.5 s; peak memory 499 MiB.
2026-10-04T14:06:28Z INFO [486/900] 359e78e7-a6cb-4f0f-a844-095fb449b045: 34 groups; 2.3 s; peak memory 499 MiB.
2026-10-04T14:06:30Z INFO [487/900] 359f006d-2e42-4b4f-8aa2-22ddcf0230e9: 35 groups; 1.8 s; peak memory 499 MiB.
2026-10-04T14:06:31Z INFO [488/900] 359f38e2-0654-4a16-b9b3-11b9461af2eb: 22 groups; 1.3 s; peak memory 499 MiB.
2026-10-04T14:06:33Z INFO [489/900] 359f3eb1-63bc-4672-8b0d-083b00aa6922: 22 groups; 1.3 s; peak memory 499 MiB.
2026-10-04T14:06:34Z INFO [490/900] 359f6560-f4aa-4cc5-add5-0aca035a6e03: 22 groups; 1.4 s; peak memory 499 MiB.
2026-10-04T14:06:36Z INFO [491/900] 35a0460e-6d12-4965-b6f7-bec7597974b9: 26 groups; 1.6 s; peak memory 499 MiB.
2026-10-04T14:06:37Z INFO [492/900] 35a19437-6526-4c96-99c8-d91df5257a61: 17 groups; 1.2 s; peak memory 499 MiB.
2026-10-04T14:06:39Z INFO [493/900] 35a19896-c769-48a1-9f15-9896856d6bd2: 35 groups; 1.7 s; peak memory 499 MiB.
2026-10-04T14:06:40Z INFO [494/900] 35a1a949-510b-45b3-a13b-87c372978712: 32 groups; 1.8 s; peak memory 499 MiB.
2026-10-04T14:06:42Z INFO [495/900] 35a21e5f-824d-4bbf-b125-228fb37cb7e7: 28 groups; 1.7 s; peak memory 499 MiB.
2026-10-04T14:06:43Z INFO [496/900] 35a23c5c-f386-45e1-8c9c-79ed9d12001a: 16 groups; 1.1 s; peak memory 499 MiB.
2026-10-04T14:06:45Z INFO [497/900] 35a25052-49a8-469e-8d54-c0c17c9afbd4: 22 groups; 1.4 s; peak memory 499 MiB.
2026-10-04T14:06:46Z INFO [498/900] 35a2b73a-e8a0-4dd5-8448-2c553590556f: 32 groups; 1.8 s; peak memory 499 MiB.
2026-10-04T14:06:59Z INFO [499/900] 35a33b51-a14a-4bec-8029-aaf3c57334e1: 164 groups; 12.4 s; peak memory 499 MiB.
2026-10-04T14:07:01Z INFO [500/900] 35a33ddc-1986-448b-ac8a-21215ae8614b: 252 groups; 1.8 s; peak memory 499 MiB.
2026-10-04T14:07:01Z INFO [500/900] 35a33ddc-1986-448b-ac8a-21215ae8614b: checkpointed 72936 records.
2026-10-04T14:07:02Z INFO [501/900] 35a3cbf2-8932-4df8-80f9-262a6ff0605e: 16 groups; 1.1 s; peak memory 499 MiB.
2026-10-04T14:07:03Z INFO [502/900] 35a47a23-2d21-401f-95c9-ca9f13f6ef8b: 22 groups; 1.4 s; peak memory 499 MiB.
2026-10-04T14:07:05Z INFO [503/900] 35a4a78d-aba2-4b2c-a713-4614f5b370b2: 32 groups; 1.8 s; peak memory 499 MiB.
2026-10-04T14:07:10Z INFO [504/900] 35a4e589-8844-4b82-9b21-1cadbabd1542: 52 groups; 4.9 s; peak memory 499 MiB.
2026-10-04T14:07:11Z INFO [505/900] 35a4f01f-d728-4950-aa05-cb786319d78f: 16 groups; 1.3 s; peak memory 499 MiB.
2026-10-04T14:07:13Z INFO [506/900] 35a5eebf-47ab-4aad-86a0-9f2256dd8514: 35 groups; 1.8 s; peak memory 499 MiB.
2026-10-04T14:07:15Z INFO [507/900] 35a65664-b9bf-4d6b-be55-2aff354120d4: 32 groups; 1.8 s; peak memory 499 MiB.
2026-10-04T14:07:17Z INFO [508/900] 35a86b3b-19dd-47a8-a10d-06dcd8534c54: 32 groups; 1.8 s; peak memory 499 MiB.
2026-10-04T14:07:19Z INFO [509/900] 35a88d27-d449-49b7-b8d9-df0f75fbd122: 35 groups; 2.2 s; peak memory 499 MiB.
2026-10-04T14:07:32Z INFO [510/900] 35a91348-10ef-435c-91db-8f975d4bf1b9: 1790 groups; 13.7 s; peak memory 499 MiB.
2026-10-04T14:07:36Z INFO [511/900] 35aa894a-158f-4bd8-bef0-8acf6c7fb50c: 48 groups; 3.5 s; peak memory 499 MiB.
2026-10-04T14:09:37Z INFO [512/900] 35ab8cd0-0dad-4f5a-9d3c-20edf98214ae: 69 groups; 120.9 s; peak memory 499 MiB.
2026-10-04T14:09:41Z INFO [513/900] 35abcbad-93f6-40cd-81bc-66b81d5415bb: 56 groups; 4.3 s; peak memory 499 MiB.
2026-10-04T14:09:42Z INFO [514/900] 35ac1633-25dd-4b12-9eaa-cd7ec3bd048c: 32 groups; 1.2 s; peak memory 499 MiB.
2026-10-04T14:09:44Z INFO [515/900] 35ac6206-116b-433c-b393-d50ba02b0ac8: 36 groups; 1.8 s; peak memory 499 MiB.
2026-10-04T14:09:47Z INFO [516/900] 35ad2a2c-21ae-4618-95fe-bf28fbaba90d: 17 groups; 3.1 s; peak memory 499 MiB.
2026-10-04T14:09:49Z INFO [517/900] 35ad8018-7235-4b17-8b67-f726c3dead58: 26 groups; 1.8 s; peak memory 499 MiB.
2026-10-04T14:09:51Z INFO [518/900] 35adbe6e-f66f-4634-a488-6c08a0dcc0a6: 36 groups; 2.2 s; peak memory 499 MiB.
2026-10-04T14:09:53Z INFO [519/900] 35af3c57-83ed-492f-afeb-d8bab84865cc: 24 groups; 1.2 s; peak memory 499 MiB.
2026-10-04T14:10:12Z INFO [520/900] 35af63c7-83e1-4c2c-872a-2301f03d7ba6: 27 groups; 19.8 s; peak memory 499 MiB.
2026-10-04T14:10:14Z INFO [521/900] 35af69d8-0d92-40a5-89a3-08742a43846b: 29 groups; 1.6 s; peak memory 499 MiB.
2026-10-04T14:10:15Z INFO [522/900] 35b01326-6854-4ec8-b298-c8f1a8078531: 22 groups; 1.5 s; peak memory 499 MiB.
2026-10-04T14:10:17Z INFO [523/900] 35b11bdc-5829-416d-b285-952fcc4de642: 22 groups; 1.3 s; peak memory 499 MiB.
2026-10-04T14:10:19Z INFO [524/900] 35b14269-fcca-4e41-b171-fb206862b6ed: 31 groups; 2.0 s; peak memory 499 MiB.
2026-10-04T14:10:44Z INFO [525/900] 35b1ab23-7b2f-4f3d-bebd-3ca75883ef6c: 23 groups; 25.3 s; peak memory 499 MiB.
2026-10-04T14:10:58Z INFO [526/900] 35b1b2fc-a81a-4984-be56-6372167d644b: 231 groups; 13.4 s; peak memory 499 MiB.
2026-10-04T14:11:00Z INFO [527/900] 35b1f571-78ce-4ccb-a04c-29c45ca2614c: 35 groups; 2.0 s; peak memory 499 MiB.
2026-10-04T14:11:01Z INFO [528/900] 35b257e7-b02c-42f1-b407-613e6125bbd5: 32 groups; 1.6 s; peak memory 499 MiB.
2026-10-04T14:11:02Z INFO [529/900] 35b37db9-2155-4fc4-a3a3-94b4246387ff: 24 groups; 1.2 s; peak memory 499 MiB.
2026-10-04T14:11:04Z INFO [530/900] 35b3dec5-68f2-452c-8806-833fe461ad23: 22 groups; 1.4 s; peak memory 499 MiB.
2026-10-04T14:11:07Z INFO [531/900] 35b43112-3069-41f1-9e74-73e9d944bb5b: 50 groups; 3.5 s; peak memory 499 MiB.
2026-10-04T14:11:09Z INFO [532/900] 35b43c72-24af-4966-a787-b164de1f61c7: 22 groups; 1.3 s; peak memory 499 MiB.
2026-10-04T14:11:24Z INFO [533/900] 35b45056-4aaf-4db8-b3b1-ef5914197f15: 88 groups; 15.3 s; peak memory 499 MiB.
2026-10-04T14:11:43Z INFO [534/900] 35b48ebb-d79f-4ba6-b225-5fc7b0be1aad: 92 groups; 19.1 s; peak memory 499 MiB.
2026-10-04T14:11:44Z INFO [535/900] 35b4c415-99d2-40d5-b383-bf14118ef522: 41 groups; 1.2 s; peak memory 499 MiB.
2026-10-04T14:11:46Z INFO [536/900] 35b4e856-e61b-494d-9b26-7d35964269bd: 32 groups; 1.7 s; peak memory 499 MiB.
2026-10-04T14:11:50Z INFO [537/900] 35b56aed-f63d-416c-a7b3-492fcd7c32df: 71 groups; 3.7 s; peak memory 499 MiB.
2026-10-04T14:11:51Z INFO [538/900] 35b59e3a-c8b5-4b1f-b0d9-ba0fb244adf1: 25 groups; 1.5 s; peak memory 499 MiB.
2026-10-04T14:11:54Z INFO [539/900] 35b5ebd5-914f-471b-8843-2b470e8b9e2e: 48 groups; 3.2 s; peak memory 499 MiB.
2026-10-04T14:11:58Z INFO [540/900] 35b68ebc-7e06-48c4-8c1e-f11d45df3c74: 336 groups; 3.1 s; peak memory 499 MiB.
2026-10-04T14:11:59Z INFO [541/900] 35b7128d-eb79-49af-8e3c-1440adb9af87: 22 groups; 1.4 s; peak memory 499 MiB.
2026-10-04T14:12:00Z INFO [542/900] 35b74610-5e2e-412f-9f90-144fe3bcdbe6: 32 groups; 1.5 s; peak memory 499 MiB.
2026-10-04T14:12:02Z INFO [543/900] 35b84ad3-aa8d-4f14-a6be-9040167df0b3: 29 groups; 1.8 s; peak memory 499 MiB.
2026-10-04T14:12:11Z INFO [544/900] 35b9024c-911d-4dd9-89dc-977c3b242862: 34 groups; 9.3 s; peak memory 499 MiB.
2026-10-04T14:20:09Z INFO [545/900] 35b960de-3b72-46b5-870b-0f5c9d4ba924: 387 groups; 477.8 s; peak memory 1170 MiB.
2026-10-04T14:20:11Z INFO [546/900] 35b9a73f-8c55-42a9-8afd-ab6fe678ed60: 22 groups; 1.6 s; peak memory 1170 MiB.
2026-10-04T14:20:15Z INFO [547/900] 35ba2b4f-ebd9-4540-8179-658efd8f70c1: 62 groups; 4.3 s; peak memory 1170 MiB.
2026-10-04T14:20:18Z INFO [548/900] 35bba058-6c4a-4736-90c2-3d46b362dd01: 33 groups; 2.7 s; peak memory 1170 MiB.
2026-10-04T14:20:20Z INFO [549/900] 35bbd90d-735f-4827-83b6-5b72b4aed3f8: 253 groups; 1.7 s; peak memory 1170 MiB.
2026-10-04T14:20:21Z INFO [550/900] 35bc3721-3513-4dda-828d-ea91aa0ca802: 22 groups; 1.4 s; peak memory 1170 MiB.
2026-10-04T14:20:21Z INFO [550/900] 35bc3721-3513-4dda-828d-ea91aa0ca802: checkpointed 72986 records.
2026-10-04T14:20:23Z INFO [551/900] 35bc54dd-2140-4e07-a6cd-fcc42f170c67: 22 groups; 1.4 s; peak memory 1170 MiB.
2026-10-04T14:20:24Z INFO [552/900] 35bcec93-b7c7-436c-97b5-39b2d37e5666: 33 groups; 1.9 s; peak memory 1170 MiB.
2026-10-04T14:20:29Z INFO [553/900] 35bd0d54-89d2-4069-b76f-f5eed5454578: 102 groups; 5.0 s; peak memory 1170 MiB.
2026-10-04T14:20:31Z INFO [554/900] 35bd5b41-6656-4b32-967e-fd1844724a24: 22 groups; 1.4 s; peak memory 1170 MiB.
2026-10-04T14:20:33Z INFO [555/900] 35be502b-866d-4644-b7f3-6a37e821c834: 29 groups; 2.2 s; peak memory 1170 MiB.
2026-10-04T14:20:35Z INFO [556/900] 35c003e5-473d-4614-b107-f0982d77ab3c: 32 groups; 1.6 s; peak memory 1170 MiB.
2026-10-04T14:20:36Z INFO [557/900] 35c02ada-7baf-428b-bde5-b9c6726faa64: 22 groups; 1.1 s; peak memory 1170 MiB.
2026-10-04T14:20:37Z INFO [558/900] 35c1231a-8f3a-4e50-9d18-2ec63e7233b8: 32 groups; 1.5 s; peak memory 1170 MiB.
2026-10-04T14:20:42Z INFO [559/900] 35c16b78-deb7-4db3-b607-4f5ce6414052: 116 groups; 5.1 s; peak memory 1170 MiB.
2026-10-04T14:20:43Z INFO [560/900] 35c3b3ae-9594-48e9-9d78-6cad5d1810c6: 30 groups; 1.3 s; peak memory 1170 MiB.
2026-10-04T14:20:45Z INFO [561/900] 35c3d5bd-9b02-423d-9af9-2bf966d146fd: 16 groups; 1.2 s; peak memory 1170 MiB.
2026-10-04T14:20:46Z INFO [562/900] 35c41a0d-5c48-47e2-82d3-0d92e4344659: 32 groups; 1.7 s; peak memory 1170 MiB.
2026-10-04T14:20:48Z INFO [563/900] 35c4380e-6def-4c17-ac31-3ea67cabe01f: 32 groups; 1.6 s; peak memory 1170 MiB.
2026-10-04T14:20:50Z INFO [564/900] 35c458c4-e7e0-4926-8665-eaf108657266: 37 groups; 2.0 s; peak memory 1170 MiB.
2026-10-04T14:30:28Z INFO [565/900] 35c4a4ca-36dd-42c7-8d39-f059e35c1c3b: 35 groups; 578.1 s; peak memory 1200 MiB.
2026-10-04T14:30:30Z INFO [566/900] 35c52f74-c9e5-44e3-880a-124dd34adffe: 72 groups; 1.8 s; peak memory 1200 MiB.
2026-10-04T14:30:34Z INFO [567/900] 35c6119f-bd4f-49f8-8952-9178a18a15bb: 29 groups; 3.9 s; peak memory 1200 MiB.
2026-10-04T14:30:36Z INFO [568/900] 35c70ad9-0489-4655-ac4b-46d6836b8ac4: 35 groups; 1.7 s; peak memory 1200 MiB.
2026-10-04T14:30:37Z INFO [569/900] 35c755cd-d627-4811-b069-6ff5a27ec7e6: 18 groups; 1.4 s; peak memory 1200 MiB.
2026-10-04T14:30:39Z INFO [570/900] 35c76c90-53d5-4d59-9c3a-77cd211c5a32: 32 groups; 1.8 s; peak memory 1200 MiB.
2026-10-04T14:30:41Z INFO [571/900] 35c873ae-b187-44c6-a4e8-083f7fe57d2e: 336 groups; 2.0 s; peak memory 1200 MiB.
2026-10-04T14:30:43Z INFO [572/900] 35c8fb2c-6b10-4b8f-ad2e-00c6f6bb8d10: 32 groups; 1.8 s; peak memory 1200 MiB.
2026-10-04T14:30:44Z INFO [573/900] 35c97111-8c36-4fcc-9058-435e2dd735c0: 16 groups; 1.4 s; peak memory 1200 MiB.
2026-10-04T14:30:46Z INFO [574/900] 35c97a63-84ae-43b5-835d-49e73dbb4575: 32 groups; 1.7 s; peak memory 1200 MiB.
2026-10-04T14:30:47Z INFO [575/900] 35c99425-8e18-4313-a8d4-07096fafd4f5: 33 groups; 1.8 s; peak memory 1200 MiB.
2026-10-04T14:30:49Z INFO [576/900] 35c9d838-40b9-49c8-8df7-14b8ff829684: 22 groups; 1.3 s; peak memory 1200 MiB.
2026-10-04T14:31:01Z INFO [577/900] 35c9f2ce-8a34-420d-9a48-ee986cc307c0: 54 groups; 12.1 s; peak memory 1200 MiB.
2026-10-04T14:31:03Z INFO [578/900] 35ca8170-255a-47e9-9906-1394c75ca3c8: 32 groups; 1.7 s; peak memory 1200 MiB.
2026-10-04T14:31:04Z INFO [579/900] 35cb6f56-e7f8-4d3f-8b9a-895fba53336b: 22 groups; 1.3 s; peak memory 1200 MiB.
2026-10-04T14:31:05Z INFO [580/900] 35cc3479-9e07-470e-a9a9-0867f5674542: 22 groups; 1.5 s; peak memory 1200 MiB.
2026-10-04T14:31:07Z INFO [581/900] 35cc76d1-32e5-4a38-a900-b5160828e4e2: 202 groups; 2.0 s; peak memory 1200 MiB.
2026-10-04T14:31:11Z INFO [582/900] 35cedc79-0b52-4ecd-9a5d-0116242bcb05: 17 groups; 3.2 s; peak memory 1200 MiB.
2026-10-04T14:31:13Z INFO [583/900] 35cf3431-390e-473d-af1c-955a21e061ac: 573 groups; 2.6 s; peak memory 1200 MiB.
2026-10-04T14:31:15Z INFO [584/900] 35cf8ebc-0abb-4f2c-a8c5-3efff018db6c: 22 groups; 1.4 s; peak memory 1200 MiB.
2026-10-04T14:31:16Z INFO [585/900] 35d0cc43-c366-49e4-b178-05787009569e: 32 groups; 1.6 s; peak memory 1200 MiB.
2026-10-04T14:31:18Z INFO [586/900] 35d1b204-d95e-44a7-bb82-2490bd8aeae8: 32 groups; 1.6 s; peak memory 1200 MiB.
2026-10-04T14:31:20Z INFO [587/900] 35d1c57a-1ab8-4095-988d-a047be83cba7: 261 groups; 2.3 s; peak memory 1200 MiB.
2026-10-04T14:31:22Z INFO [588/900] 35d20f64-f75c-4efe-a969-5052bb085761: 32 groups; 1.8 s; peak memory 1200 MiB.
2026-10-04T14:31:23Z INFO [589/900] 35d345ae-af4d-45f1-9331-d59c2d7cc99c: 30 groups; 1.2 s; peak memory 1200 MiB.
2026-10-04T14:31:25Z INFO [590/900] 35d3bd0a-e106-4071-88c7-e50424b2f9ef: 22 groups; 1.4 s; peak memory 1200 MiB.
2026-10-04T14:31:26Z INFO [591/900] 35d42cb2-e4dd-4bf3-a2e9-1a92f7a3af0a: 24 groups; 1.2 s; peak memory 1200 MiB.
2026-10-04T14:31:27Z INFO [592/900] 35d4d468-546e-4e38-a371-ed36f0138d58: 25 groups; 1.6 s; peak memory 1200 MiB.
2026-10-04T14:31:29Z INFO [593/900] 35d547e1-199f-412c-b3cf-e8c04e23baca: 17 groups; 1.2 s; peak memory 1200 MiB.
2026-10-04T14:31:31Z INFO [594/900] 35d57ca4-39cc-4d8e-b397-4711b920d42b: 33 groups; 2.2 s; peak memory 1200 MiB.
2026-10-04T14:31:33Z INFO [595/900] 35d6593a-1ddf-4a50-88b4-a295a5b127da: 32 groups; 1.7 s; peak memory 1200 MiB.
2026-10-04T14:31:34Z INFO [596/900] 35d69d11-6786-4b56-a97b-41f0be1cd8e6: 29 groups; 1.7 s; peak memory 1200 MiB.
2026-10-04T14:31:36Z INFO [597/900] 35d700be-3745-4279-9135-abae4d0d6b93: 22 groups; 1.4 s; peak memory 1200 MiB.
2026-10-04T14:31:48Z INFO [598/900] 35d703c7-eae1-45a4-b43a-45370a3cce21: 141 groups; 12.5 s; peak memory 1200 MiB.
2026-10-04T14:39:34Z INFO [599/900] 35d76edd-cd7b-431b-a5f8-3e3267f84d57: 387 groups; 465.6 s; peak memory 1250 MiB.
2026-10-04T14:39:35Z INFO [600/900] 35d79ef8-1d99-41af-b84d-39542784463e: 26 groups; 1.2 s; peak memory 1250 MiB.
2026-10-04T14:39:35Z INFO [600/900] 35d79ef8-1d99-41af-b84d-39542784463e: checkpointed 73036 records.
2026-10-04T14:39:37Z INFO [601/900] 35d8a148-df8f-449e-81b2-71f18cbe31ce: 22 groups; 1.4 s; peak memory 1250 MiB.
2026-10-04T14:39:49Z INFO [602/900] 35d9b7c3-9722-4585-90c0-f31f8d06bfcb: 163 groups; 12.0 s; peak memory 1250 MiB.
2026-10-04T14:40:06Z INFO [603/900] 35daec4d-6e28-4a79-a22e-2afd5193de44: 18 groups; 17.1 s; peak memory 1250 MiB.
2026-10-04T14:40:07Z INFO [604/900] 35dafe53-5348-42af-92d6-2f37f5978397: 32 groups; 1.5 s; peak memory 1250 MiB.
2026-10-04T14:40:10Z INFO [605/900] 35db438f-0fc0-4ef7-8049-dd445efd0d83: 26 groups; 2.4 s; peak memory 1250 MiB.
2026-10-04T14:40:13Z INFO [606/900] 35db87fb-1827-4702-b2fe-9690d4f7b609: 59 groups; 3.3 s; peak memory 1250 MiB.
2026-10-04T14:40:14Z INFO [607/900] 35dbac17-9d63-4179-86b3-c00d92d3b526: 16 groups; 1.0 s; peak memory 1250 MiB.
2026-10-04T14:40:15Z INFO [608/900] 35dc5141-eb38-4634-842e-4b0738d71aa2: 22 groups; 1.4 s; peak memory 1250 MiB.
2026-10-04T14:40:17Z INFO [609/900] 35dce0a3-9d72-4b89-87b9-9141d98f068d: 30 groups; 1.6 s; peak memory 1250 MiB.
2026-10-04T14:40:19Z INFO [610/900] 35dd29ed-16f5-4516-b018-cde063abad8f: 108 groups; 1.9 s; peak memory 1250 MiB.
2026-10-04T14:40:20Z INFO [611/900] 35ddce2f-9e72-47b7-977f-da3f070cb82d: 22 groups; 1.3 s; peak memory 1250 MiB.
2026-10-04T14:40:22Z INFO [612/900] 35de05dd-82a2-4e99-9df9-526857452e5f: 32 groups; 1.7 s; peak memory 1250 MiB.
2026-10-04T14:40:23Z INFO [613/900] 35de396c-43cb-41ec-ba02-87a7fef0a3ff: 22 groups; 1.4 s; peak memory 1250 MiB.
2026-10-04T14:40:27Z INFO [614/900] 35dec510-0bef-4c78-af34-01022b250c69: 50 groups; 3.6 s; peak memory 1250 MiB.
2026-10-04T14:40:28Z INFO [615/900] 35dee1ab-c84d-4041-a829-4e067f2f729e: 22 groups; 1.1 s; peak memory 1250 MiB.
2026-10-04T14:40:30Z INFO [616/900] 35df3818-b6fe-4b6f-a0df-26a95f7bfca9: 36 groups; 1.8 s; peak memory 1250 MiB.
2026-10-04T14:40:31Z INFO [617/900] 35df94b1-5ec9-45e7-aa0d-6f8d93bdb775: 22 groups; 1.4 s; peak memory 1250 MiB.
2026-10-04T14:40:33Z INFO [618/900] 35e0dd42-c3fb-4dd7-ae35-4c6491ed3ade: 207 groups; 2.3 s; peak memory 1250 MiB.
2026-10-04T14:40:35Z INFO [619/900] 35e1ca2c-8932-42e8-bbcd-361c6a09821d: 22 groups; 1.3 s; peak memory 1250 MiB.
2026-10-04T14:40:46Z INFO [620/900] 35e21ee7-cebf-4a46-99f0-71e2e6733ec6: 50 groups; 11.9 s; peak memory 1250 MiB.
2026-10-04T14:40:58Z INFO [621/900] 35e30918-a59e-4b61-82e8-8f79ba2aea6f: 56 groups; 11.3 s; peak memory 1250 MiB.
2026-10-04T14:41:07Z INFO [622/900] 35e3e403-92f5-486c-858b-c332cfad2c90: 70 groups; 9.4 s; peak memory 1250 MiB.
2026-10-04T14:41:10Z INFO [623/900] 35e6ed12-ade7-4fd9-a945-69a7a3d14386: 48 groups; 3.2 s; peak memory 1250 MiB.
2026-10-04T14:41:12Z INFO [624/900] 35e719c7-87d7-40dd-8186-64fe01818672: 32 groups; 1.9 s; peak memory 1250 MiB.
2026-10-04T14:41:21Z INFO [625/900] 35e756b0-99b3-4b76-a615-79ffc2f33810: 181 groups; 8.5 s; peak memory 1250 MiB.
2026-10-04T14:41:24Z INFO [626/900] 35e7d3b4-036d-4863-8fcf-16705a2fb8c7: 60 groups; 3.3 s; peak memory 1250 MiB.
2026-10-04T14:41:26Z INFO [627/900] 35e85c73-dad0-4a36-b679-4b2f9a537640: 194 groups; 1.9 s; peak memory 1250 MiB.
2026-10-04T14:41:27Z INFO [628/900] 35e94995-f58a-4808-b23e-981ec49453cb: 254 groups; 1.6 s; peak memory 1250 MiB.
2026-10-04T14:41:30Z INFO [629/900] 35ea0b67-0630-4e64-bf72-0bd139527a57: 43 groups; 2.2 s; peak memory 1250 MiB.
2026-10-04T14:41:31Z INFO [630/900] 35ea3e43-91b6-40c1-b2b9-37d3f47e625e: 32 groups; 1.8 s; peak memory 1250 MiB.
2026-10-04T14:41:40Z INFO [631/900] 35eaaa30-15b5-49f0-ba7a-d8234e70a800: 52 groups; 8.2 s; peak memory 1250 MiB.
2026-10-04T14:41:41Z INFO [632/900] 35ec3bd9-d614-49ff-9db0-c88c8ce8ea0d: 29 groups; 1.6 s; peak memory 1250 MiB.
2026-10-04T14:41:46Z INFO [633/900] 35ee896d-398a-46e0-b622-eda3f8fe780d: 50 groups; 4.2 s; peak memory 1250 MiB.
2026-10-04T14:41:47Z INFO [634/900] 35ee9ab6-84a8-44c8-8bc8-bd037f9b008b: 29 groups; 1.1 s; peak memory 1250 MiB.
2026-10-04T14:41:49Z INFO [635/900] 35ef1116-a447-4962-ad09-a23fb1aa9868: 35 groups; 1.9 s; peak memory 1250 MiB.
2026-10-04T14:41:50Z INFO [636/900] 35ef4a14-5876-4ec9-9ba9-2826a4b68ef5: 33 groups; 1.5 s; peak memory 1250 MiB.
2026-10-04T14:41:53Z INFO [637/900] 35f03f01-dda6-443d-b537-ba909e38d14c: 48 groups; 2.8 s; peak memory 1250 MiB.
2026-10-04T14:41:54Z INFO [638/900] 35f04119-d31c-435a-a686-2e31f8364ec7: 32 groups; 1.5 s; peak memory 1250 MiB.
2026-10-04T14:41:55Z INFO [639/900] 35f066b6-f95c-4458-a738-9df300728011: 22 groups; 1.1 s; peak memory 1250 MiB.
2026-10-04T14:41:59Z INFO [640/900] 35f08bfd-edaa-4627-be33-71fb92c248d0: 55 groups; 3.7 s; peak memory 1250 MiB.
2026-10-04T14:42:05Z INFO [641/900] 35f09566-f8a6-420e-9bcc-45d00fb0b5af: 122 groups; 6.4 s; peak memory 1250 MiB.
2026-10-04T14:42:07Z INFO [642/900] 35f1aeda-f7a7-43db-ba66-dbcc5098c2d7: 22 groups; 1.5 s; peak memory 1250 MiB.
2026-10-04T14:42:09Z INFO [643/900] 35f32821-11f4-4dc4-8875-4902ec18235b: 38 groups; 2.1 s; peak memory 1250 MiB.
2026-10-04T14:42:12Z INFO [644/900] 35f3aa16-53ad-42ae-afd8-e94fdb0e7ef2: 48 groups; 3.0 s; peak memory 1250 MiB.
2026-10-04T14:42:15Z INFO [645/900] 35f3ebad-0e26-47c4-a22a-f1cc79c6838c: 207 groups; 2.5 s; peak memory 1250 MiB.
2026-10-04T14:42:16Z INFO [646/900] 35f456e5-ca8d-4db5-af8e-b97722dadc58: 35 groups; 1.8 s; peak memory 1250 MiB.
2026-10-04T14:42:18Z INFO [647/900] 35f54c73-9b32-4b10-bed1-5845eb46a903: 32 groups; 1.7 s; peak memory 1250 MiB.
2026-10-04T14:42:20Z INFO [648/900] 35f6bf47-b1d0-4c37-b305-61ebefe5726a: 35 groups; 1.9 s; peak memory 1250 MiB.
2026-10-04T14:42:24Z INFO [649/900] 35f7db73-f0e4-414b-85b0-5b469f173ef1: 54 groups; 3.8 s; peak memory 1250 MiB.
2026-10-04T14:42:31Z INFO [650/900] 35f80e78-11fe-4640-b61c-272c0cce8938: 181 groups; 7.6 s; peak memory 1250 MiB.
2026-10-04T14:42:31Z INFO [650/900] 35f80e78-11fe-4640-b61c-272c0cce8938: checkpointed 73086 records.
2026-10-04T14:42:33Z INFO [651/900] 35f81d02-4d19-4ee8-91df-7aefcd703672: 22 groups; 1.3 s; peak memory 1250 MiB.
2026-10-04T14:42:34Z INFO [652/900] 35f89e09-b93f-4b6a-9f68-14549a8762d7: 22 groups; 1.3 s; peak memory 1250 MiB.
2026-10-04T14:42:35Z INFO [653/900] 35f8f90d-eabd-4560-b909-4b7888aa5d24: 26 groups; 1.4 s; peak memory 1250 MiB.
2026-10-04T14:42:39Z INFO [654/900] 35f92b55-92bc-45b6-a658-8c1ede4af11d: 47 groups; 4.0 s; peak memory 1250 MiB.
2026-10-04T14:42:41Z INFO [655/900] 35fa448f-bf4a-406c-8da3-555942143072: 22 groups; 1.3 s; peak memory 1250 MiB.
2026-10-04T14:42:42Z INFO [656/900] 35fa8ba7-fb62-4274-a955-5fdd5cad3cda: 28 groups; 1.2 s; peak memory 1250 MiB.
2026-10-04T14:42:47Z INFO [657/900] 35fae112-0981-4a26-9d44-8272cee8d94d: 105 groups; 5.1 s; peak memory 1250 MiB.
2026-10-04T14:43:02Z INFO [658/900] 35fc1aba-f542-4e61-89ee-8a7e181ab91d: 33 groups; 15.0 s; peak memory 1250 MiB.
2026-10-04T14:43:03Z INFO [659/900] 35fc40bb-ac52-48ed-b555-462b29532b74: 28 groups; 1.3 s; peak memory 1250 MiB.
2026-10-04T14:43:05Z INFO [660/900] 35fc7689-c48c-498a-914f-6bf504b452e4: 32 groups; 1.6 s; peak memory 1250 MiB.
2026-10-04T14:43:18Z INFO [661/900] 35fcd2c8-ca7a-4502-8802-a24ef6344ab3: 221 groups; 13.3 s; peak memory 1250 MiB.
2026-10-04T14:43:21Z INFO [662/900] 35fd4c69-bee5-4c54-8b93-b2402e95a1da: 17 groups; 2.8 s; peak memory 1250 MiB.
2026-10-04T14:43:40Z INFO [663/900] 35fd58bb-a2b0-4e3d-bd12-3517b0e569e1: 26 groups; 18.8 s; peak memory 1250 MiB.
2026-10-04T14:43:42Z INFO [664/900] 35feb966-dd92-4350-bc8a-6bb59c84781a: 41 groups; 1.9 s; peak memory 1250 MiB.
2026-10-04T14:43:44Z INFO [665/900] 3600dc2a-5650-464f-bb8b-202830b55fb1: 33 groups; 2.1 s; peak memory 1250 MiB.
2026-10-04T14:43:45Z INFO [666/900] 3600fb1e-3fa1-4df2-a7ca-4d1519011c43: 35 groups; 1.7 s; peak memory 1250 MiB.
2026-10-04T14:43:50Z INFO [667/900] 36012d50-a702-40a2-be50-1d4164292572: 20 groups; 4.9 s; peak memory 1250 MiB.
2026-10-04T14:43:52Z INFO [668/900] 36013794-dd9c-4a48-9c0d-642129b50135: 22 groups; 1.3 s; peak memory 1250 MiB.
2026-10-04T14:43:53Z INFO [669/900] 36021e12-a049-4e6b-85b6-04b5c21eea59: 22 groups; 1.4 s; peak memory 1250 MiB.
2026-10-04T14:43:55Z INFO [670/900] 3602b2d3-e884-41e0-ab6e-fa27e402e511: 67 groups; 1.6 s; peak memory 1250 MiB.
2026-10-04T14:43:56Z INFO [671/900] 36037898-167d-4eb2-99bc-d273e59b8cfa: 32 groups; 1.7 s; peak memory 1250 MiB.
2026-10-04T14:44:00Z INFO [672/900] 36043d1a-b70f-4f06-a600-3a6bca6d07f2: 48 groups; 3.3 s; peak memory 1250 MiB.
2026-10-04T14:44:02Z INFO [673/900] 36069c4d-9e21-4e59-ab8a-26d369d2e94d: 108 groups; 2.0 s; peak memory 1250 MiB.
2026-10-04T14:44:04Z INFO [674/900] 3606eb0f-d58d-4d5b-9333-8561f1b34c7e: 35 groups; 2.1 s; peak memory 1250 MiB.
2026-10-04T14:44:05Z INFO [675/900] 36073b3e-3a30-4ced-bf25-67311a26a338: 71 groups; 1.5 s; peak memory 1250 MiB.
2026-10-04T14:44:06Z INFO [676/900] 36073d0d-5080-4f56-8f9e-1442b67ba657: 16 groups; 1.2 s; peak memory 1250 MiB.
2026-10-04T14:44:08Z INFO [677/900] 3609f56c-43b1-438b-9d36-a58ae33b08da: 22 groups; 1.2 s; peak memory 1250 MiB.
2026-10-04T14:44:20Z INFO [678/900] 360a4050-bf99-49d2-9a37-7e4131b44e46: 50 groups; 12.0 s; peak memory 1250 MiB.
2026-10-04T14:44:27Z INFO [679/900] 360cf8fe-1dc3-4c2b-909d-396289367703: 66 groups; 7.5 s; peak memory 1250 MiB.
2026-10-04T14:44:31Z INFO [680/900] 360d1b74-9546-4386-879a-d45e9e4e999c: 50 groups; 4.0 s; peak memory 1250 MiB.
2026-10-04T14:44:35Z INFO [681/900] 360e0b84-6036-470f-b929-b6c73f3b44f3: 71 groups; 3.8 s; peak memory 1250 MiB.
2026-10-04T14:44:40Z INFO [682/900] 360e642c-f2d1-4fa1-b61d-1cadddba37dd: 58 groups; 4.9 s; peak memory 1250 MiB.
2026-10-04T14:44:41Z INFO [683/900] 360f2a33-f3f9-48ac-9509-0b0c79dbd0b4: 22 groups; 1.4 s; peak memory 1250 MiB.
2026-10-04T14:44:43Z INFO [684/900] 360f49f9-5db5-4e5d-9886-400a67f19209: 28 groups; 1.5 s; peak memory 1250 MiB.
2026-10-04T14:44:44Z INFO [685/900] 360fa2d8-d03c-4540-98df-2d73a0d761c7: 22 groups; 1.4 s; peak memory 1250 MiB.
2026-10-04T14:44:57Z INFO [686/900] 360fc32a-cfe2-4e40-997b-52392d1fdb10: 165 groups; 13.0 s; peak memory 1250 MiB.
2026-10-04T14:44:59Z INFO [687/900] 36105f4f-532a-4a24-ba1f-3f4eeef09456: 31 groups; 1.4 s; peak memory 1250 MiB.
2026-10-04T14:45:01Z INFO [688/900] 36108daa-4265-408a-a9a1-7ab30a80931b: 199 groups; 2.0 s; peak memory 1250 MiB.
2026-10-04T14:45:02Z INFO [689/900] 3610d358-bacd-4f2e-9f2b-c59035cb06a9: 22 groups; 1.3 s; peak memory 1250 MiB.
2026-10-04T14:45:04Z INFO [690/900] 361165c8-358f-4f90-8836-fecc19f3d1d5: 48 groups; 2.3 s; peak memory 1250 MiB.
2026-10-04T14:45:06Z INFO [691/900] 3611b5bd-1875-47e2-adf5-f27bd817c19b: 32 groups; 1.5 s; peak memory 1250 MiB.
2026-10-04T14:45:30Z INFO [692/900] 3611bc86-f46f-4e6b-8ff8-04231b56fe97: 23 groups; 24.1 s; peak memory 1250 MiB.
2026-10-04T14:45:36Z INFO [693/900] 3612ac31-5f02-4c01-b3a7-1ebc9b889e89: 71 groups; 6.1 s; peak memory 1250 MiB.
2026-10-04T14:45:38Z INFO [694/900] 3612d4b8-1d7a-4217-bf49-05e157ef4f93: 202 groups; 2.1 s; peak memory 1250 MiB.
2026-10-04T14:45:46Z INFO [695/900] 3612de2d-398c-41ac-a9b9-f58abbd60775: 67 groups; 7.6 s; peak memory 1250 MiB.
2026-10-04T14:45:47Z INFO [696/900] 3613afef-7c63-43fa-a859-418987a50d08: 32 groups; 1.5 s; peak memory 1250 MiB.
2026-10-04T14:48:03Z INFO [697/900] 3613b912-f547-4338-9c17-a51fdf4f1a54: 69 groups; 136.0 s; peak memory 1250 MiB.
2026-10-04T14:48:05Z INFO [698/900] 3614a814-ac2b-4048-8269-6385e7ceb0b9: 24 groups; 1.6 s; peak memory 1250 MiB.
2026-10-04T14:48:09Z INFO [699/900] 3615f0ab-5de6-43ef-a38b-5124872bcd86: 50 groups; 3.9 s; peak memory 1250 MiB.
2026-10-04T14:48:16Z INFO [700/900] 36161080-6c9e-4335-80dc-6930158c1ce8: 173 groups; 6.9 s; peak memory 1250 MiB.
2026-10-04T14:48:16Z INFO [700/900] 36161080-6c9e-4335-80dc-6930158c1ce8: checkpointed 73136 records.
2026-10-04T14:48:31Z INFO [701/900] 36181caf-14f7-418d-9db7-ea5de5ef6487: 199 groups; 15.3 s; peak memory 1250 MiB.
2026-10-04T14:48:33Z INFO [702/900] 361838c6-f731-422a-8b58-563665e560e3: 52 groups; 2.0 s; peak memory 1250 MiB.
2026-10-04T14:48:34Z INFO [703/900] 3618f385-c6c4-430b-aeeb-bc43e9c98283: 22 groups; 1.2 s; peak memory 1250 MiB.
2026-10-04T14:48:35Z INFO [704/900] 3618f4cd-f1ab-42bf-8a4a-e324542d8c77: 23 groups; 1.2 s; peak memory 1250 MiB.
2026-10-04T14:48:37Z INFO [705/900] 3619072b-3339-4bed-8e1c-315f67fd5b11: 22 groups; 1.3 s; peak memory 1250 MiB.
2026-10-04T14:48:50Z INFO [706/900] 36192ea5-1bc0-4a86-8c9d-dee614e69f8a: 178 groups; 13.0 s; peak memory 1250 MiB.
2026-10-04T14:48:51Z INFO [707/900] 361988e3-eb82-4716-ab2c-924922dfbef6: 32 groups; 1.4 s; peak memory 1250 MiB.
2026-10-04T14:48:53Z INFO [708/900] 3619b963-98ae-4c9a-b064-f3050b312043: 35 groups; 2.0 s; peak memory 1250 MiB.
2026-10-04T14:48:57Z INFO [709/900] 3619d44f-5f2e-4fad-b75c-94ed227b50ca: 81 groups; 3.8 s; peak memory 1250 MiB.
2026-10-04T14:49:00Z INFO [710/900] 361a4e1a-1823-4aee-b196-f14bfbb277dc: 54 groups; 3.0 s; peak memory 1250 MiB.
2026-10-04T14:49:19Z INFO [711/900] 361aac4f-2da5-49ac-8600-705d3a24cf08: 29 groups; 18.8 s; peak memory 1250 MiB.
2026-10-04T14:49:20Z INFO [712/900] 361b7753-efd4-42b6-85ab-5f9df2a25538: 22 groups; 1.4 s; peak memory 1250 MiB.
2026-10-04T14:49:26Z INFO [713/900] 361b78d1-5a11-448e-ad63-55b3a600f700: 46 groups; 5.5 s; peak memory 1250 MiB.
2026-10-04T14:49:29Z INFO [714/900] 361b9d25-ca18-421e-b48d-3aa0bf705486: 195 groups; 3.0 s; peak memory 1250 MiB.
2026-10-04T14:49:31Z INFO [715/900] 361bba05-8485-4b94-9b56-6d439fb63e5b: 35 groups; 2.1 s; peak memory 1250 MiB.
2026-10-04T14:49:37Z INFO [716/900] 361bdf5f-f7f5-4f7d-b102-281bc766a405: 22 groups; 5.6 s; peak memory 1250 MiB.
2026-10-04T14:49:40Z INFO [717/900] 361c326c-d660-4816-bda9-6a1d94280254: 50 groups; 3.9 s; peak memory 1250 MiB.
2026-10-04T14:49:42Z INFO [718/900] 361c6ffd-255c-4b53-92ed-cb6bb14c6913: 31 groups; 1.2 s; peak memory 1250 MiB.
2026-10-04T14:49:43Z INFO [719/900] 361d6479-644b-43ad-882d-82a98ab33d51: 16 groups; 1.2 s; peak memory 1250 MiB.
2026-10-04T14:49:44Z INFO [720/900] 361d8f42-6003-4c0a-b05b-ba3634cc1064: 33 groups; 1.7 s; peak memory 1250 MiB.
2026-10-04T14:49:48Z INFO [721/900] 361dcf3b-4951-455d-9b56-893a660f3c89: 50 groups; 4.0 s; peak memory 1250 MiB.
2026-10-04T14:49:52Z INFO [722/900] 361dd3a2-5361-4576-8245-733fa655cc0a: 67 groups; 3.3 s; peak memory 1250 MiB.
2026-10-04T14:49:53Z INFO [723/900] 361df05c-6a68-40ab-bbb9-d3e804065218: 29 groups; 1.5 s; peak memory 1250 MiB.
2026-10-04T14:52:17Z INFO [724/900] 361e3ca6-827d-41cc-95da-8147451b6ecd: 60 groups; 144.2 s; peak memory 1250 MiB.
2026-10-04T14:52:20Z INFO [725/900] 361ee1e6-5040-4792-bda1-c5026e2d99b6: 35 groups; 2.5 s; peak memory 1250 MiB.
2026-10-04T14:52:22Z INFO [726/900] 361ef17b-c9ce-41c1-b254-35418e447c26: 199 groups; 2.4 s; peak memory 1250 MiB.
2026-10-04T14:52:25Z INFO [727/900] 361f0076-c68c-4f63-8b81-0c9b564bfb81: 22 groups; 2.8 s; peak memory 1250 MiB.
2026-10-04T14:52:27Z INFO [728/900] 361fefc8-9505-461e-91ac-13bc0f211e42: 22 groups; 1.4 s; peak memory 1250 MiB.
2026-10-04T14:52:55Z INFO [729/900] 36212a12-7856-433f-b0fb-358b37bdeb34: 23 groups; 28.4 s; peak memory 1250 MiB.
2026-10-04T14:52:57Z INFO [730/900] 36246a42-e56e-4517-b70c-00526602d97a: 35 groups; 1.9 s; peak memory 1250 MiB.
2026-10-04T14:52:58Z INFO [731/900] 362540d4-77fc-4564-b475-d7cd4177168b: 22 groups; 1.3 s; peak memory 1250 MiB.
2026-10-04T14:55:20Z INFO [732/900] 36263df5-0c18-41b7-8321-ae220445b02e: 72 groups; 141.9 s; peak memory 1250 MiB.
2026-10-04T14:55:34Z INFO [733/900] 3626c558-ecd3-4a4e-96b9-f0903eb7c3ee: 590 groups; 14.2 s; peak memory 1250 MiB.
2026-10-04T14:55:36Z INFO [734/900] 362721e4-ca05-4e97-9b5e-4a895b319128: 32 groups; 1.4 s; peak memory 1250 MiB.
2026-10-04T14:55:37Z INFO [735/900] 36272452-b8ae-4356-8427-680666169281: 22 groups; 1.3 s; peak memory 1250 MiB.
2026-10-04T14:55:38Z INFO [736/900] 3627525d-dfad-464c-9294-8c84a99ef575: 18 groups; 1.1 s; peak memory 1250 MiB.
2026-10-04T14:55:45Z INFO [737/900] 362803eb-06ce-46c6-850c-0a13278d5782: 116 groups; 6.5 s; peak memory 1250 MiB.
2026-10-04T14:58:00Z INFO [738/900] 3628ec9a-1890-4f99-a57c-2c981ca1a312: 66 groups; 134.9 s; peak memory 1250 MiB.
2026-10-04T14:58:02Z INFO [739/900] 3629275a-eba1-4a95-8b4c-0ab1685e6f92: 35 groups; 2.1 s; peak memory 1250 MiB.
2026-10-04T14:58:08Z INFO [740/900] 362938ce-1306-4171-841b-90321b71e028: 161 groups; 6.2 s; peak memory 1250 MiB.
2026-10-04T14:58:09Z INFO [741/900] 3629fd57-8c53-4c7c-95b4-173bc1213f2b: 28 groups; 1.4 s; peak memory 1250 MiB.
2026-10-04T14:58:11Z INFO [742/900] 362af1e1-cb32-4615-9f7f-a428d214f28a: 33 groups; 2.0 s; peak memory 1250 MiB.
2026-10-04T14:58:21Z INFO [743/900] 362b7028-3cbb-41b6-b21a-ee8a105611e7: 151 groups; 9.9 s; peak memory 1250 MiB.
2026-10-04T14:58:22Z INFO [744/900] 362c4d9b-682c-4c82-ba54-8e0b35ab07f5: 28 groups; 1.1 s; peak memory 1250 MiB.
2026-10-04T14:58:24Z INFO [745/900] 362c629b-497f-486b-b7ce-3364c670354a: 103 groups; 1.9 s; peak memory 1250 MiB.
2026-10-04T14:58:26Z INFO [746/900] 362c8296-943a-4c00-96a9-2d47a75f698d: 27 groups; 1.1 s; peak memory 1250 MiB.
2026-10-04T14:58:27Z INFO [747/900] 362cfc7c-e0a1-4565-98fa-fb26805cf8fc: 29 groups; 1.9 s; peak memory 1250 MiB.
2026-10-04T14:58:36Z INFO [748/900] 362d8fe3-f14f-4b9a-829c-c86a99721a78: 181 groups; 8.6 s; peak memory 1250 MiB.
2026-10-04T14:58:38Z INFO [749/900] 362df45a-d1b6-42c0-97c8-8c67bbe97999: 32 groups; 1.7 s; peak memory 1250 MiB.
2026-10-04T14:58:41Z INFO [750/900] 362e6338-e5f2-45a6-82f8-821caafc966a: 50 groups; 3.6 s; peak memory 1250 MiB.
2026-10-04T14:58:41Z INFO [750/900] 362e6338-e5f2-45a6-82f8-821caafc966a: checkpointed 73186 records.
2026-10-04T14:58:43Z INFO [751/900] 362e8dc2-2652-4279-838f-b7551199e1e7: 202 groups; 1.8 s; peak memory 1250 MiB.
2026-10-04T14:58:53Z INFO [752/900] 362ed974-5911-4d55-a2a3-9b5bea93c739: 29 groups; 9.7 s; peak memory 1250 MiB.
2026-10-04T14:58:55Z INFO [753/900] 362fd6bb-48fd-4987-a4d9-06e3490b880e: 32 groups; 1.8 s; peak memory 1250 MiB.
2026-10-04T14:58:57Z INFO [754/900] 36316e53-3ad7-41e7-93db-429d46b33927: 207 groups; 2.5 s; peak memory 1250 MiB.
2026-10-04T14:59:00Z INFO [755/900] 3631ef80-278d-45ae-90ac-50990768a69b: 51 groups; 2.8 s; peak memory 1250 MiB.
2026-10-04T14:59:01Z INFO [756/900] 3631f765-2ef2-48bf-b187-40233714bc0e: 17 groups; 1.2 s; peak memory 1250 MiB.
2026-10-04T14:59:03Z INFO [757/900] 3633e8f9-ff17-4df2-ad37-a612373834e8: 25 groups; 1.8 s; peak memory 1250 MiB.
2026-10-04T14:59:05Z INFO [758/900] 36340956-86a6-49f5-a39b-28aeb7060bc5: 32 groups; 1.8 s; peak memory 1250 MiB.
2026-10-04T14:59:06Z INFO [759/900] 36358653-edac-4286-a853-4aa5f80a4b30: 25 groups; 1.5 s; peak memory 1250 MiB.
2026-10-04T14:59:07Z INFO [760/900] 36362634-a061-4a43-b09d-5beba5330fbe: 16 groups; 1.1 s; peak memory 1250 MiB.
2026-10-04T14:59:26Z INFO [761/900] 3636f854-b3f2-45ac-8e07-03ee7bd67f90: 126 groups; 18.7 s; peak memory 1250 MiB.
2026-10-04T14:59:27Z INFO [762/900] 3637157c-516d-45a6-95fd-ff7fce031253: 24 groups; 1.6 s; peak memory 1250 MiB.
2026-10-04T14:59:29Z INFO [763/900] 3637bd3d-6fcb-418d-9b23-67c2f1f383e6: 255 groups; 1.6 s; peak memory 1250 MiB.
2026-10-04T14:59:31Z INFO [764/900] 36382eb4-43fd-4031-9ddb-59cab215bf49: 35 groups; 1.9 s; peak memory 1250 MiB.
2026-10-04T14:59:40Z INFO [765/900] 363855da-bdc2-4e7c-a77f-5f15ad114647: 181 groups; 8.8 s; peak memory 1250 MiB.
2026-10-04T14:59:41Z INFO [766/900] 3638573c-c750-4f62-8e99-f2094aa596cd: 16 groups; 1.0 s; peak memory 1250 MiB.
2026-10-04T14:59:43Z INFO [767/900] 36387c9c-2a25-412d-86d7-f9ecdd75ebe3: 103 groups; 1.8 s; peak memory 1250 MiB.
2026-10-04T14:59:44Z INFO [768/900] 3639c9c6-01dd-4e4a-bb45-d4371c79f88b: 28 groups; 1.3 s; peak memory 1250 MiB.
2026-10-04T14:59:46Z INFO [769/900] 3639d26c-af90-486a-9678-539e07eaea59: 32 groups; 1.8 s; peak memory 1250 MiB.
2026-10-04T14:59:47Z INFO [770/900] 363a9233-fca8-446c-b616-c588ecff6c53: 24 groups; 1.5 s; peak memory 1250 MiB.
2026-10-04T14:59:49Z INFO [771/900] 363b7c63-03fc-451b-9a3b-85a3b6746264: 33 groups; 1.5 s; peak memory 1250 MiB.
2026-10-04T14:59:50Z INFO [772/900] 363c16a3-b567-4f44-941a-2750205f3035: 22 groups; 1.3 s; peak memory 1250 MiB.
2026-10-04T14:59:51Z INFO [773/900] 363c1c45-3468-4f17-a0ac-f3b5b23a4cd8: 22 groups; 1.4 s; peak memory 1250 MiB.
2026-10-04T14:59:53Z INFO [774/900] 363cd667-dfc5-4353-bacc-7a8122b9d048: 22 groups; 1.5 s; peak memory 1250 MiB.
2026-10-04T14:59:54Z INFO [775/900] 363d0b12-7a5c-482c-b039-e8036974f4f8: 22 groups; 1.4 s; peak memory 1250 MiB.
2026-10-04T14:59:57Z INFO [776/900] 363dc8dc-7f52-4d40-a51f-f24a3213d91b: 17 groups; 3.1 s; peak memory 1250 MiB.
2026-10-04T14:59:59Z INFO [777/900] 363ec17c-4477-43c9-bbc2-146e2bd3cf3e: 18 groups; 1.1 s; peak memory 1250 MiB.
2026-10-04T15:00:05Z INFO [778/900] 363ee22c-ac17-461c-a0f1-465e16506caf: 44 groups; 6.4 s; peak memory 1250 MiB.
2026-10-04T15:00:06Z INFO [779/900] 363f3bf4-d3bc-4ee5-8d70-4e6da8ee41ea: 22 groups; 1.4 s; peak memory 1250 MiB.
2026-10-04T15:00:13Z INFO [780/900] 363fd4cb-d808-4f60-9245-585e2f6be24a: 78 groups; 6.8 s; peak memory 1250 MiB.
2026-10-04T15:00:15Z INFO [781/900] 36402a2a-48d5-4080-96f5-f7d012240ad6: 35 groups; 1.5 s; peak memory 1250 MiB.
2026-10-04T15:00:16Z INFO [782/900] 36404ed2-11fb-49b5-b541-375e2249e94b: 42 groups; 1.9 s; peak memory 1250 MiB.
2026-10-04T15:00:18Z INFO [783/900] 3640ed1c-4571-4905-ba29-144810d61d8d: 29 groups; 1.9 s; peak memory 1250 MiB.
2026-10-04T15:00:20Z INFO [784/900] 364315fd-eb4e-4594-a0f1-62cbcb038291: 35 groups; 1.9 s; peak memory 1250 MiB.
2026-10-04T15:00:21Z INFO [785/900] 3643397d-9115-498d-88a6-e6f79dae6a1e: 27 groups; 1.0 s; peak memory 1250 MiB.
2026-10-04T15:00:23Z INFO [786/900] 36437eef-a74e-4364-a871-e51df692400a: 253 groups; 1.6 s; peak memory 1250 MiB.
2026-10-04T15:00:24Z INFO [787/900] 3643e030-d36b-4442-9515-ec58ad9bc5e8: 28 groups; 1.3 s; peak memory 1250 MiB.
2026-10-04T15:00:49Z INFO [788/900] 364423ee-02e7-4ec4-bd39-0510516c375b: 23 groups; 25.1 s; peak memory 1250 MiB.
2026-10-04T15:00:51Z INFO [789/900] 36445fcb-e75d-483d-a2b4-6ead435b4d84: 22 groups; 1.5 s; peak memory 1250 MiB.
2026-10-04T15:00:52Z INFO [790/900] 364501d6-8f0f-4bb8-9338-ef4af8fc00bc: 36 groups; 1.7 s; peak memory 1250 MiB.
2026-10-04T15:00:54Z INFO [791/900] 36452584-0a47-4231-b7a1-bacc1565b43b: 29 groups; 1.6 s; peak memory 1250 MiB.
2026-10-04T15:00:56Z INFO [792/900] 36454ab0-bca4-425d-a545-d92911a43a52: 33 groups; 1.4 s; peak memory 1250 MiB.
2026-10-04T15:00:58Z INFO [793/900] 3645a096-7929-471d-9c1f-4cc42487051f: 199 groups; 2.0 s; peak memory 1250 MiB.
2026-10-04T15:00:59Z INFO [794/900] 3645cc69-804f-4081-aa85-aad49e5c5870: 28 groups; 1.3 s; peak memory 1250 MiB.
2026-10-04T15:01:00Z INFO [795/900] 36462979-0478-43fd-8a09-7fb219212d41: 28 groups; 1.3 s; peak memory 1250 MiB.
2026-10-04T15:01:02Z INFO [796/900] 3646b7ff-7a9c-4b0f-8684-08e8225291c2: 22 groups; 1.3 s; peak memory 1250 MiB.
2026-10-04T15:01:04Z INFO [797/900] 3648febc-a8f9-4135-b51a-11c88a877b9f: 35 groups; 2.1 s; peak memory 1250 MiB.
2026-10-04T15:01:05Z INFO [798/900] 36490451-6286-4f3a-bfa4-0b65a8574cf6: 32 groups; 1.5 s; peak memory 1250 MiB.
2026-10-04T15:01:07Z INFO [799/900] 36490cf7-2ad9-4fbe-98d7-874a384dd717: 22 groups; 1.4 s; peak memory 1250 MiB.
2026-10-04T15:01:08Z INFO [800/900] 364a8840-bf07-4251-95a6-d404d43ffb08: 22 groups; 1.5 s; peak memory 1250 MiB.
2026-10-04T15:01:08Z INFO [800/900] 364a8840-bf07-4251-95a6-d404d43ffb08: checkpointed 73236 records.
2026-10-04T15:01:10Z INFO [801/900] 364ad183-260b-4547-bda4-d5bf76e450be: 35 groups; 1.4 s; peak memory 1250 MiB.
2026-10-04T15:01:11Z INFO [802/900] 364b185f-2e92-45ec-870a-d41b466aef05: 22 groups; 1.4 s; peak memory 1250 MiB.
2026-10-04T15:01:19Z INFO [803/900] 364b5c6d-f77b-47f5-919f-b20a2a920d92: 66 groups; 8.0 s; peak memory 1250 MiB.
2026-10-04T15:01:21Z INFO [804/900] 364bbf5e-1772-44ea-bc66-0fafd795a0b4: 254 groups; 1.7 s; peak memory 1250 MiB.
2026-10-04T15:01:22Z INFO [805/900] 364c6c0d-2677-4ab3-be13-71af8d3c1819: 34 groups; 1.7 s; peak memory 1250 MiB.
2026-10-04T15:01:24Z INFO [806/900] 364c8deb-52e5-4304-99f6-da1367fdbcf5: 32 groups; 1.7 s; peak memory 1250 MiB.
2026-10-04T15:01:34Z INFO [807/900] 364c8e39-9f6b-40d3-957c-87399145a4d7: 189 groups; 9.7 s; peak memory 1250 MiB.
2026-10-04T15:01:41Z INFO [808/900] 364deaa3-46dd-4c50-82b2-20f9073ba090: 34 groups; 7.2 s; peak memory 1250 MiB.
2026-10-04T15:01:43Z INFO [809/900] 364f4c7c-baa7-418e-a89b-06dd1cf1a941: 31 groups; 1.4 s; peak memory 1250 MiB.
2026-10-04T15:01:45Z INFO [810/900] 364f7bcd-2c4c-45e4-bb53-5c755ea77d61: 35 groups; 2.1 s; peak memory 1250 MiB.
2026-10-04T15:01:49Z INFO [811/900] 364f884c-024c-491c-8844-2946fb4ffd2d: 50 groups; 3.9 s; peak memory 1250 MiB.
2026-10-04T15:01:50Z INFO [812/900] 36542975-7822-4ea6-bf8d-18a8eaeeb293: 22 groups; 1.3 s; peak memory 1250 MiB.
2026-10-04T15:01:53Z INFO [813/900] 36555cc9-4f54-4d33-ba66-6c1191589659: 48 groups; 3.5 s; peak memory 1250 MiB.
2026-10-04T15:01:55Z INFO [814/900] 3657402e-2d74-40e8-b149-3d1cf2439bf3: 108 groups; 1.9 s; peak memory 1250 MiB.
2026-10-04T15:01:57Z INFO [815/900] 365830c3-2107-4e2a-bbe5-a0521106d99f: 29 groups; 2.1 s; peak memory 1250 MiB.
2026-10-04T15:01:59Z INFO [816/900] 3658ee44-8c9c-4a6f-a3ef-25b50ed51970: 16 groups; 1.1 s; peak memory 1250 MiB.
2026-10-04T15:02:00Z INFO [817/900] 3659128b-12c5-4dd9-9732-050bd4dfca07: 16 groups; 1.1 s; peak memory 1250 MiB.
2026-10-04T15:02:10Z INFO [818/900] 36593683-3087-4504-b7e0-68b420bcb747: 50 groups; 10.8 s; peak memory 1250 MiB.
2026-10-04T15:02:12Z INFO [819/900] 365ac68f-b82a-41a5-9fbb-ca17f54b814a: 103 groups; 2.0 s; peak memory 1250 MiB.
2026-10-04T15:02:14Z INFO [820/900] 365ac8c1-730f-4741-b5e1-21b57b4f140e: 28 groups; 1.5 s; peak memory 1250 MiB.
2026-10-04T15:02:20Z INFO [821/900] 365b4bb5-b41c-46e4-b1f7-177eb1367c7d: 75 groups; 6.0 s; peak memory 1250 MiB.
2026-10-04T15:02:34Z INFO [822/900] 365c3573-6f92-4aa3-8432-c965f73c94a1: 89 groups; 14.1 s; peak memory 1250 MiB.
2026-10-04T15:02:36Z INFO [823/900] 365cd301-b795-4e92-a263-c042656997e8: 32 groups; 1.8 s; peak memory 1250 MiB.
2026-10-04T15:02:38Z INFO [824/900] 365d0127-f218-479c-a0f0-ad4b4c104b6f: 33 groups; 1.7 s; peak memory 1250 MiB.
2026-10-04T15:02:39Z INFO [825/900] 365ec6f0-2fd8-4829-87b9-04bbdeecb54a: 28 groups; 1.3 s; peak memory 1250 MiB.
2026-10-04T15:02:50Z INFO [826/900] 365f4df6-7033-4814-aed4-a5b9188b8c63: 215 groups; 11.5 s; peak memory 1250 MiB.
2026-10-04T15:02:53Z INFO [827/900] 3660209f-f776-4d00-b9f4-edd454add12e: 17 groups; 2.9 s; peak memory 1250 MiB.
2026-10-04T15:02:55Z INFO [828/900] 3660b260-9303-47a6-abbb-6c0e41ec15c8: 41 groups; 1.9 s; peak memory 1250 MiB.
2026-10-04T15:02:57Z INFO [829/900] 3660ccb2-34a7-4324-a10e-6cf384ca3e63: 35 groups; 2.2 s; peak memory 1250 MiB.
2026-10-04T15:02:59Z INFO [830/900] 36612202-c5cb-462c-9fd2-7013e5fcb3b0: 35 groups; 2.0 s; peak memory 1250 MiB.
2026-10-04T15:03:07Z INFO [831/900] 36616823-6cdb-492f-bef9-193d92db04e3: 157 groups; 8.0 s; peak memory 1250 MiB.
2026-10-04T15:03:11Z INFO [832/900] 36617678-3c6d-48ca-8e5d-d93013779817: 50 groups; 3.3 s; peak memory 1250 MiB.
2026-10-04T15:03:12Z INFO [833/900] 3662162d-45f5-4cf5-b94c-76259286d209: 59 groups; 1.9 s; peak memory 1250 MiB.
2026-10-04T15:03:14Z INFO [834/900] 36632e2b-735e-4b56-ae34-a37d346e67df: 35 groups; 1.8 s; peak memory 1250 MiB.
2026-10-04T15:03:16Z INFO [835/900] 3663d6ef-d244-4d6c-b4f7-a7317de90dc0: 22 groups; 1.3 s; peak memory 1250 MiB.
2026-10-04T15:03:42Z INFO [836/900] 36640aca-8494-4c38-b8b6-984710dd8fa7: 23 groups; 26.8 s; peak memory 1250 MiB.
2026-10-04T15:03:44Z INFO [837/900] 3664bf9d-ac44-4a00-a853-e7105f67537b: 22 groups; 1.2 s; peak memory 1250 MiB.
2026-10-04T15:03:45Z INFO [838/900] 3665330a-9cfa-4b60-8f83-78f74b921aab: 18 groups; 1.5 s; peak memory 1250 MiB.
2026-10-04T15:03:46Z INFO [839/900] 36657011-7985-4f1e-b6dc-96818619fa67: 22 groups; 1.3 s; peak memory 1250 MiB.
2026-10-04T15:03:48Z INFO [840/900] 36660978-9b08-45a3-af9d-a15162c58666: 22 groups; 1.3 s; peak memory 1250 MiB.
2026-10-04T15:03:50Z INFO [841/900] 36661dff-2936-4001-a5e7-9a047efbd9e6: 22 groups; 1.8 s; peak memory 1250 MiB.
2026-10-04T15:03:53Z INFO [842/900] 3666a9db-92e4-404c-a014-a7f1f9a39dfc: 48 groups; 3.2 s; peak memory 1250 MiB.
2026-10-04T15:03:55Z INFO [843/900] 3667c66d-c1ff-4f81-b6e4-5023a75b505f: 337 groups; 2.4 s; peak memory 1250 MiB.
2026-10-04T15:03:58Z INFO [844/900] 3667d208-a3e6-46db-98a1-2b763032ba45: 207 groups; 2.7 s; peak memory 1250 MiB.
2026-10-04T15:04:06Z INFO [845/900] 366938ca-c62f-41aa-ba7d-13673751f641: 148 groups; 7.7 s; peak memory 1250 MiB.
2026-10-04T15:04:07Z INFO [846/900] 366ac83d-ff02-43cf-a597-2639174a2b26: 32 groups; 1.8 s; peak memory 1250 MiB.
2026-10-04T15:04:18Z INFO [847/900] 366bcf1a-1aa6-44e6-9e6a-defc18a7d527: 228 groups; 10.8 s; peak memory 1250 MiB.
2026-10-04T15:04:20Z INFO [848/900] 366c1c78-263a-4be5-9896-bd3c88a1b1f4: 22 groups; 1.5 s; peak memory 1250 MiB.
2026-10-04T15:04:21Z INFO [849/900] 366c6697-c6e7-43e7-bb29-217c144e30fc: 32 groups; 1.8 s; peak memory 1250 MiB.
2026-10-04T15:04:25Z INFO [850/900] 366cafe4-c7a2-4074-8099-f607c43b4dcc: 48 groups; 3.2 s; peak memory 1250 MiB.
2026-10-04T15:04:25Z INFO [850/900] 366cafe4-c7a2-4074-8099-f607c43b4dcc: checkpointed 73286 records.
2026-10-04T15:04:27Z INFO [851/900] 366de712-75a2-41d9-899e-0042bd32cdd6: 202 groups; 2.1 s; peak memory 1250 MiB.
2026-10-04T15:04:29Z INFO [852/900] 366fd953-33ea-436b-bc51-3ce72d1aa58a: 35 groups; 1.7 s; peak memory 1250 MiB.
2026-10-04T15:04:30Z INFO [853/900] 3670eb5f-0c47-452d-8808-7cca817e1bc3: 35 groups; 1.8 s; peak memory 1250 MiB.
2026-10-04T15:04:32Z INFO [854/900] 36715fd2-3b26-45bb-a9d7-2f2611327ae5: 27 groups; 1.3 s; peak memory 1250 MiB.
2026-10-04T15:04:33Z INFO [855/900] 3671660b-bde2-41be-b046-5f0d158c922d: 30 groups; 1.2 s; peak memory 1250 MiB.
2026-10-04T15:04:35Z INFO [856/900] 36717a1b-0f21-41aa-bb7b-35a53e5bb7e4: 33 groups; 2.0 s; peak memory 1250 MiB.
2026-10-04T15:04:36Z INFO [857/900] 3671c206-887e-4fb0-94f8-5d15f7693c44: 22 groups; 1.4 s; peak memory 1250 MiB.
2026-10-04T15:04:39Z INFO [858/900] 367237df-4852-4e0a-b0d6-259edc921a2e: 48 groups; 2.7 s; peak memory 1250 MiB.
2026-10-04T15:04:41Z INFO [859/900] 36724469-ab61-4421-8621-18d549235e52: 26 groups; 1.8 s; peak memory 1250 MiB.
2026-10-04T15:04:42Z INFO [860/900] 3672951b-14ff-4bf3-8078-d9b501684ae4: 34 groups; 1.6 s; peak memory 1250 MiB.
2026-10-04T15:04:57Z INFO [861/900] 3672dec7-048d-4c90-bc16-a1002d990f06: 33 groups; 14.3 s; peak memory 1250 MiB.
2026-10-04T15:04:58Z INFO [862/900] 3672e67f-e734-41eb-acc6-8ab6f5844b66: 35 groups; 1.7 s; peak memory 1250 MiB.
2026-10-04T15:05:00Z INFO [863/900] 36734717-032d-4abc-99ae-7e0cdf817603: 32 groups; 1.7 s; peak memory 1250 MiB.
2026-10-04T15:05:01Z INFO [864/900] 3674743a-c5b5-4778-8329-975518e40cf3: 22 groups; 1.3 s; peak memory 1250 MiB.
2026-10-04T15:05:03Z INFO [865/900] 3674ee49-b525-4533-9cba-7a53f4459f0a: 22 groups; 1.4 s; peak memory 1250 MiB.
2026-10-04T15:05:09Z INFO [866/900] 3675292f-def6-4d4e-87b3-aad48c42721e: 241 groups; 5.9 s; peak memory 1250 MiB.
2026-10-04T15:05:10Z INFO [867/900] 367615ca-9b88-4e60-9445-5477bca4127e: 22 groups; 1.4 s; peak memory 1250 MiB.
2026-10-04T15:05:12Z INFO [868/900] 3676c5d9-4108-4126-9bcb-89127194284b: 35 groups; 2.1 s; peak memory 1250 MiB.
2026-10-04T15:05:13Z INFO [869/900] 36778939-73b9-4d56-ad6e-a409b59756ee: 22 groups; 1.3 s; peak memory 1250 MiB.
2026-10-04T15:05:15Z INFO [870/900] 3678070f-e2af-48dd-995f-93f3622606ac: 24 groups; 1.4 s; peak memory 1250 MiB.
2026-10-04T15:05:16Z INFO [871/900] 36785b6e-d02e-4da9-aeb7-6ea393aa096a: 22 groups; 1.3 s; peak memory 1250 MiB.
2026-10-04T15:05:18Z INFO [872/900] 3678ddaf-dd43-4e14-90cd-aed26ee54b4a: 337 groups; 2.4 s; peak memory 1250 MiB.
2026-10-04T15:05:20Z INFO [873/900] 36790070-f45f-4b33-959f-ae0661ee554a: 32 groups; 1.9 s; peak memory 1250 MiB.
2026-10-04T15:05:22Z INFO [874/900] 36792a8b-21e2-4ca7-87bf-36198ee960ed: 32 groups; 1.6 s; peak memory 1250 MiB.
2026-10-04T15:05:26Z INFO [875/900] 36793216-8e90-4ce1-aac8-3a2b918800a9: 34 groups; 3.7 s; peak memory 1250 MiB.
2026-10-04T15:05:27Z INFO [876/900] 3679cd96-66a4-4b51-8a1a-fac8d1211e38: 22 groups; 1.3 s; peak memory 1250 MiB.
2026-10-04T15:05:29Z INFO [877/900] 3679ec39-7bb6-4ff5-9232-325725dea9ed: 32 groups; 1.8 s; peak memory 1250 MiB.
2026-10-04T15:05:31Z INFO [878/900] 367a1a29-a608-4be9-a90b-74e15a23849e: 259 groups; 1.9 s; peak memory 1250 MiB.
2026-10-04T15:05:40Z INFO [879/900] 367c7c38-c935-4838-9f37-d4cbb56c47db: 34 groups; 9.0 s; peak memory 1250 MiB.
2026-10-04T15:05:41Z INFO [880/900] 367d06b4-f0bc-45c9-b8f8-590fedaacf1d: 22 groups; 1.4 s; peak memory 1250 MiB.
2026-10-04T15:05:42Z INFO [881/900] 367df14c-0c5f-4df6-8bbd-c48290c1ec26: 28 groups; 1.4 s; peak memory 1250 MiB.
2026-10-04T15:05:44Z INFO [882/900] 367e2587-9a64-44b3-94ed-0d0120b7d712: 32 groups; 1.8 s; peak memory 1250 MiB.
2026-10-04T15:05:45Z INFO [883/900] 367f1601-5981-499c-a670-9e0e64d0dfe4: 22 groups; 1.4 s; peak memory 1250 MiB.
2026-10-04T15:05:47Z INFO [884/900] 3680990e-9350-42cc-8ebc-28ca678f050e: 16 groups; 1.1 s; peak memory 1250 MiB.
2026-10-04T15:05:51Z INFO [885/900] 3680ac6e-ff57-4380-8f94-07e61ecb1a87: 47 groups; 4.2 s; peak memory 1250 MiB.
2026-10-04T15:05:52Z INFO [886/900] 36829b1f-6505-4744-81de-e9e7b6b2e8e2: 32 groups; 1.7 s; peak memory 1250 MiB.
2026-10-04T15:05:54Z INFO [887/900] 3682f07b-028f-479b-9e5e-74b4275d96b5: 32 groups; 1.8 s; peak memory 1250 MiB.
2026-10-04T15:05:56Z INFO [888/900] 3684bed5-b93e-4def-b305-c13868ed6813: 32 groups; 1.4 s; peak memory 1250 MiB.
2026-10-04T15:05:57Z INFO [889/900] 3684ee94-3347-45e4-ba42-afbd16900f4e: 32 groups; 1.7 s; peak memory 1250 MiB.
2026-10-04T15:05:59Z INFO [890/900] 3684f09c-26e5-4055-86ea-e98a64ba0c1e: 35 groups; 2.0 s; peak memory 1250 MiB.
2026-10-04T15:06:01Z INFO [891/900] 368768db-528b-4f20-92a6-cfa59ba47b77: 22 groups; 1.4 s; peak memory 1250 MiB.
2026-10-04T15:06:04Z INFO [892/900] 36884255-ba31-4ae9-aba6-d935978fcacb: 27 groups; 3.1 s; peak memory 1250 MiB.
2026-10-04T15:06:05Z INFO [893/900] 368864ce-7edb-49d5-88d5-d0cad78236cc: 22 groups; 1.5 s; peak memory 1250 MiB.
2026-10-04T15:06:13Z INFO [894/900] 36889981-dfa5-4447-ab6c-6cf153f06e69: 181 groups; 7.5 s; peak memory 1250 MiB.
2026-10-04T15:06:14Z INFO [895/900] 3688a64c-4d52-4e33-9eba-11b041b9180d: 22 groups; 1.3 s; peak memory 1250 MiB.
2026-10-04T15:06:16Z INFO [896/900] 3688f947-878e-4353-a386-6545c1b28654: 32 groups; 1.7 s; peak memory 1250 MiB.
2026-10-04T15:06:18Z INFO [897/900] 3688ff38-fa1d-41da-8aca-f80558c621e8: 336 groups; 2.1 s; peak memory 1250 MiB.
2026-10-04T15:06:21Z INFO [898/900] 36894033-04c8-4f06-8510-122e28021dd0: 57 groups; 3.5 s; peak memory 1250 MiB.
2026-10-04T15:06:24Z INFO [899/900] 36897f93-768e-432b-b6a7-4a3a91d361ee: 202 groups; 2.2 s; peak memory 1250 MiB.
2026-10-04T15:06:27Z INFO [900/900] 368ac443-34e0-43cf-9ad3-88789f1a144c: 52 groups; 3.6 s; peak memory 1250 MiB.
2026-10-04T15:06:27Z INFO [900/900] 368ac443-34e0-43cf-9ad3-88789f1a144c: checkpointed 73336 records.
2026-10-04T15:06:27Z INFO Wrote 73336 records to /tmp/derivatives/valid_nwb_file_to_number_of_groups.jsonl (900 new, 0 failed) in 108.6 min (peak memory 1250 MiB).
